bucket,model,measure,level,stratum,value,refits,spearman_vs_all,leader,leader_all
baseline,ridge,bsd,column,year,2018,13,0.9690,har_ma_1,har_ma_1
baseline,ridge,bsd,column,year,2019,26,0.9897,har_ma_1,har_ma_1
baseline,ridge,bsd,column,year,2020,25,0.9814,har_ma_1,har_ma_1
baseline,ridge,bsd,column,year,2021,25,0.9649,har_ma_1,har_ma_1
baseline,ridge,bsd,column,year,2022,25,0.9649,har_ma_1,har_ma_1
baseline,ridge,bsd,column,year,2023,25,0.9546,har_ma_1,har_ma_1
baseline,ridge,bsd,column,year,2024,8,0.9670,har_ma_1,har_ma_1
baseline,ridge,bsd,column,vix_tercile,high,81,0.9856,har_ma_1,har_ma_1
baseline,ridge,bsd,column,vix_tercile,low,28,0.9794,har_ma_1,har_ma_1
baseline,ridge,bsd,column,vix_tercile,mid,38,0.9938,har_ma_1,har_ma_1
baseline,ridge,perm_p1_qlike,column,year,2018,13,0.5046,har_ma_1,har_ma_1
baseline,ridge,perm_p1_qlike,column,year,2019,26,0.8204,har_ma_1,har_ma_1
baseline,ridge,perm_p1_qlike,column,year,2020,25,0.8493,har_ma_1,har_ma_1
baseline,ridge,perm_p1_qlike,column,year,2021,25,0.7977,har_ma_1,har_ma_1
baseline,ridge,perm_p1_qlike,column,year,2022,25,0.7110,har_ma_1,har_ma_1
baseline,ridge,perm_p1_qlike,column,year,2023,25,0.5521,har_ma_1,har_ma_1
baseline,ridge,perm_p1_qlike,column,year,2024,8,0.4881,har_ma_1,har_ma_1
baseline,ridge,perm_p1_qlike,column,vix_tercile,high,81,0.8204,har_ma_1,har_ma_1
baseline,ridge,perm_p1_qlike,column,vix_tercile,low,28,0.5067,har_ma_1,har_ma_1
baseline,ridge,perm_p1_qlike,column,vix_tercile,mid,38,0.6656,har_ma_1,har_ma_1
baseline,ridge,perm_p2_qlike,column,year,2018,13,0.7503,har_ma_1,har_ma_1
baseline,ridge,perm_p2_qlike,column,year,2019,26,0.7792,har_ma_1,har_ma_1
baseline,ridge,perm_p2_qlike,column,year,2020,25,0.7915,har_ma_1,har_ma_1
baseline,ridge,perm_p2_qlike,column,year,2021,25,0.9154,har_ma_1,har_ma_1
baseline,ridge,perm_p2_qlike,column,year,2022,25,0.8555,har_ma_1,har_ma_1
baseline,ridge,perm_p2_qlike,column,year,2023,25,0.6161,har_ma_1,har_ma_1
baseline,ridge,perm_p2_qlike,column,year,2024,8,0.5253,har_ma_1,har_ma_1
baseline,ridge,perm_p2_qlike,column,vix_tercile,high,81,0.8039,har_ma_1,har_ma_1
baseline,ridge,perm_p2_qlike,column,vix_tercile,low,28,0.3127,har_ma_1,har_ma_1
baseline,ridge,perm_p2_qlike,column,vix_tercile,mid,38,0.9505,har_ma_1,har_ma_1
baseline,ridge,perm_p1_mse,column,year,2018,13,0.8741,har_ma_1,har_ma_1
baseline,ridge,perm_p1_mse,column,year,2019,26,0.8039,har_ma_1,har_ma_1
baseline,ridge,perm_p1_mse,column,year,2020,25,0.8452,har_ma_1,har_ma_1
baseline,ridge,perm_p1_mse,column,year,2021,25,0.8266,har_ma_1,har_ma_1
baseline,ridge,perm_p1_mse,column,year,2022,25,0.7606,har_ma_1,har_ma_1
baseline,ridge,perm_p1_mse,column,year,2023,25,0.1847,har_ma_1,har_ma_1
baseline,ridge,perm_p1_mse,column,year,2024,8,0.4819,har_ma_1,har_ma_1
baseline,ridge,perm_p1_mse,column,vix_tercile,high,81,0.8349,har_ma_1,har_ma_1
baseline,ridge,perm_p1_mse,column,vix_tercile,low,28,0.8308,har_ma_1,har_ma_1
baseline,ridge,perm_p1_mse,column,vix_tercile,mid,38,0.8968,har_ma_1,har_ma_1
baseline,ridge,perm_p2_mse,column,year,2018,13,0.8452,har_ma_1,har_ma_1
baseline,ridge,perm_p2_mse,column,year,2019,26,0.7771,har_ma_1,har_ma_1
baseline,ridge,perm_p2_mse,column,year,2020,25,0.6883,har_ma_1,har_ma_1
baseline,ridge,perm_p2_mse,column,year,2021,25,0.7853,har_ma_1,har_ma_1
baseline,ridge,perm_p2_mse,column,year,2022,25,0.7214,har_ma_1,har_ma_1
baseline,ridge,perm_p2_mse,column,year,2023,25,0.7276,har_ma_1,har_ma_1
baseline,ridge,perm_p2_mse,column,year,2024,8,0.3519,har_ma_1,har_ma_1
baseline,ridge,perm_p2_mse,column,vix_tercile,high,81,0.9773,har_ma_1,har_ma_1
baseline,ridge,perm_p2_mse,column,vix_tercile,low,28,0.5748,har_ma_1,har_ma_1
baseline,ridge,perm_p2_mse,column,vix_tercile,mid,38,0.9546,har_ma_1,har_ma_1
baseline,ridge,drop_qlike,column,year,2018,13,0.6656,har_ma_1,har_ma_1
baseline,ridge,drop_qlike,column,year,2019,26,0.5377,har_ma_5,har_ma_1
baseline,ridge,drop_qlike,column,year,2020,25,0.7503,har_ma_1,har_ma_1
baseline,ridge,drop_qlike,column,year,2021,25,0.5005,har_ma_1,har_ma_1
baseline,ridge,drop_qlike,column,year,2022,25,0.1001,har_ma_1,har_ma_1
baseline,ridge,drop_qlike,column,year,2023,25,0.6078,har_ma_1,har_ma_1
baseline,ridge,drop_qlike,column,year,2024,8,0.2239,is_month_end,har_ma_1
baseline,ridge,drop_qlike,column,vix_tercile,high,81,0.8596,har_ma_1,har_ma_1
baseline,ridge,drop_qlike,column,vix_tercile,low,28,0.5253,har_ma_1,har_ma_1
baseline,ridge,drop_qlike,column,vix_tercile,mid,38,0.6099,har_ma_1,har_ma_1
baseline,ridge,drop_mse,column,year,2018,13,0.6017,har_ma_1,har_ma_1
baseline,ridge,drop_mse,column,year,2019,26,0.7049,har_ma_1,har_ma_1
baseline,ridge,drop_mse,column,year,2020,25,0.7957,har_ma_1,har_ma_1
baseline,ridge,drop_mse,column,year,2021,25,0.6429,har_ma_1,har_ma_1
baseline,ridge,drop_mse,column,year,2022,25,0.1414,har_ma_1,har_ma_1
baseline,ridge,drop_mse,column,year,2023,25,0.5707,har_ma_1,har_ma_1
baseline,ridge,drop_mse,column,year,2024,8,0.2405,har_ma_5,har_ma_1
baseline,ridge,drop_mse,column,vix_tercile,high,81,0.8906,har_ma_1,har_ma_1
baseline,ridge,drop_mse,column,vix_tercile,low,28,0.7812,har_ma_1,har_ma_1
baseline,ridge,drop_mse,column,vix_tercile,mid,38,0.6987,har_ma_1,har_ma_1
baseline,ridge,shap,column,year,2018,13,0.8927,har_ma_1,har_ma_1
baseline,ridge,shap,column,year,2019,26,0.9422,har_ma_1,har_ma_1
baseline,ridge,shap,column,year,2020,25,0.9422,har_ma_1,har_ma_1
baseline,ridge,shap,column,year,2021,25,0.9856,har_ma_1,har_ma_1
baseline,ridge,shap,column,year,2022,25,0.9628,har_ma_1,har_ma_1
baseline,ridge,shap,column,year,2023,25,0.8617,har_ma_1,har_ma_1
baseline,ridge,shap,column,year,2024,8,0.9278,har_ma_1,har_ma_1
baseline,ridge,shap,column,vix_tercile,high,81,0.9917,har_ma_1,har_ma_1
baseline,ridge,shap,column,vix_tercile,low,28,0.9422,har_ma_1,har_ma_1
baseline,ridge,shap,column,vix_tercile,mid,38,0.9814,har_ma_1,har_ma_1
baseline,lasso,bsd,column,year,2018,13,0.9484,har_ma_1,har_ma_1
baseline,lasso,bsd,column,year,2019,26,0.9401,har_ma_1,har_ma_1
baseline,lasso,bsd,column,year,2020,25,0.9201,har_ma_1,har_ma_1
baseline,lasso,bsd,column,year,2021,25,0.9788,har_ma_1,har_ma_1
baseline,lasso,bsd,column,year,2022,25,0.9871,har_ma_1,har_ma_1
baseline,lasso,bsd,column,year,2023,25,0.8962,har_ma_1,har_ma_1
baseline,lasso,bsd,column,year,2024,8,0.8619,har_ma_1,har_ma_1
baseline,lasso,bsd,column,vix_tercile,high,81,0.9938,har_ma_1,har_ma_1
baseline,lasso,bsd,column,vix_tercile,low,28,0.9587,har_ma_1,har_ma_1
baseline,lasso,bsd,column,vix_tercile,mid,38,0.9938,har_ma_1,har_ma_1
baseline,lasso,perm_p1_qlike,column,year,2018,13,0.4448,har_ma_1,har_ma_1
baseline,lasso,perm_p1_qlike,column,year,2019,26,0.9567,har_ma_1,har_ma_1
baseline,lasso,perm_p1_qlike,column,year,2020,25,0.8242,har_ma_1,har_ma_1
baseline,lasso,perm_p1_qlike,column,year,2021,25,0.9334,har_ma_1,har_ma_1
baseline,lasso,perm_p1_qlike,column,year,2022,25,0.8343,har_ma_1,har_ma_1
baseline,lasso,perm_p1_qlike,column,year,2023,25,0.5297,har_ma_1,har_ma_1
baseline,lasso,perm_p1_qlike,column,year,2024,8,0.5077,har_ma_1,har_ma_1
baseline,lasso,perm_p1_qlike,column,vix_tercile,high,81,0.9711,har_ma_1,har_ma_1
baseline,lasso,perm_p1_qlike,column,vix_tercile,low,28,0.4303,har_ma_1,har_ma_1
baseline,lasso,perm_p1_qlike,column,vix_tercile,mid,38,0.6760,har_ma_1,har_ma_1
baseline,lasso,perm_p2_qlike,column,year,2018,13,0.7503,har_ma_1,har_ma_1
baseline,lasso,perm_p2_qlike,column,year,2019,26,0.8535,har_ma_1,har_ma_1
baseline,lasso,perm_p2_qlike,column,year,2020,25,0.8738,har_ma_1,har_ma_1
baseline,lasso,perm_p2_qlike,column,year,2021,25,0.9004,har_ma_1,har_ma_1
baseline,lasso,perm_p2_qlike,column,year,2022,25,0.8756,har_ma_1,har_ma_1
baseline,lasso,perm_p2_qlike,column,year,2023,25,0.7269,har_ma_1,har_ma_1
baseline,lasso,perm_p2_qlike,column,year,2024,8,0.4646,har_ma_1,har_ma_1
baseline,lasso,perm_p2_qlike,column,vix_tercile,high,81,0.9670,har_ma_1,har_ma_1
baseline,lasso,perm_p2_qlike,column,vix_tercile,low,28,0.3148,har_ma_1,har_ma_1
baseline,lasso,perm_p2_qlike,column,vix_tercile,mid,38,0.9112,har_ma_1,har_ma_1
baseline,lasso,perm_p1_mse,column,year,2018,13,0.6925,har_ma_1,har_ma_1
baseline,lasso,perm_p1_mse,column,year,2019,26,0.6533,har_ma_1,har_ma_1
baseline,lasso,perm_p1_mse,column,year,2020,25,0.7952,har_ma_1,har_ma_1
baseline,lasso,perm_p1_mse,column,year,2021,25,0.8033,har_ma_1,har_ma_1
baseline,lasso,perm_p1_mse,column,year,2022,25,0.7228,har_ma_1,har_ma_1
baseline,lasso,perm_p1_mse,column,year,2023,25,0.3025,har_ma_1,har_ma_1
baseline,lasso,perm_p1_mse,column,year,2024,8,0.5455,har_ma_1,har_ma_1
baseline,lasso,perm_p1_mse,column,vix_tercile,high,81,0.9546,har_ma_1,har_ma_1
baseline,lasso,perm_p1_mse,column,vix_tercile,low,28,0.7007,har_ma_1,har_ma_1
baseline,lasso,perm_p1_mse,column,vix_tercile,mid,38,0.8019,har_ma_1,har_ma_1
baseline,lasso,perm_p2_mse,column,year,2018,13,0.6925,har_ma_1,har_ma_1
baseline,lasso,perm_p2_mse,column,year,2019,26,0.5996,har_ma_1,har_ma_1
baseline,lasso,perm_p2_mse,column,year,2020,25,0.8532,har_ma_1,har_ma_1
baseline,lasso,perm_p2_mse,column,year,2021,25,0.7124,har_ma_1,har_ma_1
baseline,lasso,perm_p2_mse,column,year,2022,25,0.6133,har_ma_1,har_ma_1
baseline,lasso,perm_p2_mse,column,year,2023,25,0.7858,har_ma_1,har_ma_1
baseline,lasso,perm_p2_mse,column,year,2024,8,0.4068,har_ma_1,har_ma_1
baseline,lasso,perm_p2_mse,column,vix_tercile,high,81,0.9794,har_ma_1,har_ma_1
baseline,lasso,perm_p2_mse,column,vix_tercile,low,28,0.4262,har_ma_1,har_ma_1
baseline,lasso,perm_p2_mse,column,vix_tercile,mid,38,0.8865,har_ma_1,har_ma_1
baseline,lasso,drop_qlike,column,year,2018,13,0.7131,har_ma_1,har_ma_1
baseline,lasso,drop_qlike,column,year,2019,26,0.2301,har_ma_5,har_ma_1
baseline,lasso,drop_qlike,column,year,2020,25,0.7728,har_ma_1,har_ma_1
baseline,lasso,drop_qlike,column,year,2021,25,0.6174,har_ma_1,har_ma_1
baseline,lasso,drop_qlike,column,year,2022,25,0.1074,har_ma_1,har_ma_1
baseline,lasso,drop_qlike,column,year,2023,25,0.6567,har_ma_1,har_ma_1
baseline,lasso,drop_qlike,column,year,2024,8,0.6076,is_month_end,har_ma_1
baseline,lasso,drop_qlike,column,vix_tercile,high,81,0.8927,har_ma_1,har_ma_1
baseline,lasso,drop_qlike,column,vix_tercile,low,28,0.6223,har_ma_1,har_ma_1
baseline,lasso,drop_qlike,column,vix_tercile,mid,38,0.6656,har_ma_1,har_ma_1
baseline,lasso,drop_mse,column,year,2018,13,0.5418,har_ma_1,har_ma_1
baseline,lasso,drop_mse,column,year,2019,26,0.5129,har_ma_1,har_ma_1
baseline,lasso,drop_mse,column,year,2020,25,0.7842,har_ma_1,har_ma_1
baseline,lasso,drop_mse,column,year,2021,25,0.6092,har_ma_1,har_ma_1
baseline,lasso,drop_mse,column,year,2022,25,0.2581,har_ma_1,har_ma_1
baseline,lasso,drop_mse,column,year,2023,25,0.5338,har_ma_1,har_ma_1
baseline,lasso,drop_mse,column,year,2024,8,0.5455,har_ma_5,har_ma_1
baseline,lasso,drop_mse,column,vix_tercile,high,81,0.9401,har_ma_1,har_ma_1
baseline,lasso,drop_mse,column,vix_tercile,low,28,0.6202,har_ma_1,har_ma_1
baseline,lasso,drop_mse,column,vix_tercile,mid,38,0.8349,har_ma_1,har_ma_1
baseline,lasso,shap,column,year,2018,13,0.9092,har_ma_1,har_ma_1
baseline,lasso,shap,column,year,2019,26,0.9195,har_ma_1,har_ma_1
baseline,lasso,shap,column,year,2020,25,0.9400,har_ma_1,har_ma_1
baseline,lasso,shap,column,year,2021,25,0.9726,har_ma_1,har_ma_1
baseline,lasso,shap,column,year,2022,25,0.9768,har_ma_1,har_ma_1
baseline,lasso,shap,column,year,2023,25,0.9458,har_ma_1,har_ma_1
baseline,lasso,shap,column,year,2024,8,0.8924,har_ma_1,har_ma_1
baseline,lasso,shap,column,vix_tercile,high,81,0.9835,har_ma_1,har_ma_1
baseline,lasso,shap,column,vix_tercile,low,28,0.9340,har_ma_1,har_ma_1
baseline,lasso,shap,column,vix_tercile,mid,38,0.9959,har_ma_1,har_ma_1
baseline,lgbm,mdi,column,year,2018,13,0.9773,har_ma_1,har_ma_1
baseline,lgbm,mdi,column,year,2019,26,0.9959,har_ma_1,har_ma_1
baseline,lgbm,mdi,column,year,2020,25,0.9979,har_ma_1,har_ma_1
baseline,lgbm,mdi,column,year,2021,25,0.9979,har_ma_1,har_ma_1
baseline,lgbm,mdi,column,year,2022,25,0.9917,har_ma_1,har_ma_1
baseline,lgbm,mdi,column,year,2023,25,0.9959,har_ma_1,har_ma_1
baseline,lgbm,mdi,column,year,2024,8,0.9897,har_ma_1,har_ma_1
baseline,lgbm,mdi,column,vix_tercile,high,81,1.0000,har_ma_1,har_ma_1
baseline,lgbm,mdi,column,vix_tercile,low,28,0.9959,har_ma_1,har_ma_1
baseline,lgbm,mdi,column,vix_tercile,mid,38,1.0000,har_ma_1,har_ma_1
baseline,lgbm,split,column,year,2018,13,0.9690,har_ma_1,har_ma_1
baseline,lgbm,split,column,year,2019,26,0.9959,har_ma_1,har_ma_1
baseline,lgbm,split,column,year,2020,25,0.9938,har_ma_1,har_ma_1
baseline,lgbm,split,column,year,2021,25,0.9876,har_ma_1,har_ma_1
baseline,lgbm,split,column,year,2022,25,0.9876,har_ma_1,har_ma_1
baseline,lgbm,split,column,year,2023,25,0.9959,har_ma_1,har_ma_1
baseline,lgbm,split,column,year,2024,8,0.9835,har_ma_1,har_ma_1
baseline,lgbm,split,column,vix_tercile,high,81,0.9979,har_ma_1,har_ma_1
baseline,lgbm,split,column,vix_tercile,low,28,0.9959,har_ma_1,har_ma_1
baseline,lgbm,split,column,vix_tercile,mid,38,0.9979,har_ma_1,har_ma_1
baseline,lgbm,perm_p1_qlike,column,year,2018,13,0.7441,har_ma_1,har_ma_1
baseline,lgbm,perm_p1_qlike,column,year,2019,26,0.8019,har_ma_1,har_ma_1
baseline,lgbm,perm_p1_qlike,column,year,2020,25,0.7895,har_ma_1,har_ma_1
baseline,lgbm,perm_p1_qlike,column,year,2021,25,0.8762,har_ma_1,har_ma_1
baseline,lgbm,perm_p1_qlike,column,year,2022,25,0.7606,har_ma_1,har_ma_1
baseline,lgbm,perm_p1_qlike,column,year,2023,25,0.5273,har_ma_1,har_ma_1
baseline,lgbm,perm_p1_qlike,column,year,2024,8,0.6367,har_ma_1,har_ma_1
baseline,lgbm,perm_p1_qlike,column,vix_tercile,high,81,0.9608,har_ma_1,har_ma_1
baseline,lgbm,perm_p1_qlike,column,vix_tercile,low,28,0.4407,har_ma_1,har_ma_1
baseline,lgbm,perm_p1_qlike,column,vix_tercile,mid,38,0.7998,har_ma_1,har_ma_1
baseline,lgbm,perm_p2_qlike,column,year,2018,13,0.5562,har_ma_1,har_ma_1
baseline,lgbm,perm_p2_qlike,column,year,2019,26,0.7585,har_ma_1,har_ma_1
baseline,lgbm,perm_p2_qlike,column,year,2020,25,0.7833,har_ma_1,har_ma_1
baseline,lgbm,perm_p2_qlike,column,year,2021,25,0.8493,har_ma_1,har_ma_1
baseline,lgbm,perm_p2_qlike,column,year,2022,25,0.6037,har_ma_1,har_ma_1
baseline,lgbm,perm_p2_qlike,column,year,2023,25,0.7358,har_ma_1,har_ma_1
baseline,lgbm,perm_p2_qlike,column,year,2024,8,0.5005,har_ma_1,har_ma_1
baseline,lgbm,perm_p2_qlike,column,vix_tercile,high,81,0.8617,har_ma_1,har_ma_1
baseline,lgbm,perm_p2_qlike,column,vix_tercile,low,28,0.4551,har_ma_1,har_ma_1
baseline,lgbm,perm_p2_qlike,column,vix_tercile,mid,38,0.7399,har_ma_1,har_ma_1
baseline,lgbm,perm_p1_mse,column,year,2018,13,0.5335,har_ma_1,har_ma_1
baseline,lgbm,perm_p1_mse,column,year,2019,26,0.5872,har_ma_1,har_ma_1
baseline,lgbm,perm_p1_mse,column,year,2020,25,0.6037,har_ma_1,har_ma_1
baseline,lgbm,perm_p1_mse,column,year,2021,25,0.9443,har_ma_1,har_ma_1
baseline,lgbm,perm_p1_mse,column,year,2022,25,0.7606,har_ma_1,har_ma_1
baseline,lgbm,perm_p1_mse,column,year,2023,25,0.4262,har_ma_1,har_ma_1
baseline,lgbm,perm_p1_mse,column,year,2024,8,0.6842,har_ma_1,har_ma_1
baseline,lgbm,perm_p1_mse,column,vix_tercile,high,81,0.9174,har_ma_1,har_ma_1
baseline,lgbm,perm_p1_mse,column,vix_tercile,low,28,0.5562,har_ma_1,har_ma_1
baseline,lgbm,perm_p1_mse,column,vix_tercile,mid,38,0.9174,har_ma_1,har_ma_1
baseline,lgbm,perm_p2_mse,column,year,2018,13,0.7420,har_ma_1,har_ma_1
baseline,lgbm,perm_p2_mse,column,year,2019,26,0.7523,har_ma_1,har_ma_1
baseline,lgbm,perm_p2_mse,column,year,2020,25,0.6966,har_ma_1,har_ma_1
baseline,lgbm,perm_p2_mse,column,year,2021,25,0.9463,har_ma_1,har_ma_1
baseline,lgbm,perm_p2_mse,column,year,2022,25,0.7172,har_ma_1,har_ma_1
baseline,lgbm,perm_p2_mse,column,year,2023,25,0.6698,har_ma_1,har_ma_1
baseline,lgbm,perm_p2_mse,column,year,2024,8,0.5108,har_ma_1,har_ma_1
baseline,lgbm,perm_p2_mse,column,vix_tercile,high,81,0.9278,har_ma_1,har_ma_1
baseline,lgbm,perm_p2_mse,column,vix_tercile,low,28,0.7482,har_ma_1,har_ma_1
baseline,lgbm,perm_p2_mse,column,vix_tercile,mid,38,0.7358,har_ma_1,har_ma_1
baseline,lgbm,shap,column,year,2018,13,0.9876,har_ma_1,har_ma_1
baseline,lgbm,shap,column,year,2019,26,0.9979,har_ma_1,har_ma_1
baseline,lgbm,shap,column,year,2020,25,0.9917,har_ma_1,har_ma_1
baseline,lgbm,shap,column,year,2021,25,0.9917,har_ma_1,har_ma_1
baseline,lgbm,shap,column,year,2022,25,0.9917,har_ma_1,har_ma_1
baseline,lgbm,shap,column,year,2023,25,0.9856,har_ma_1,har_ma_1
baseline,lgbm,shap,column,year,2024,8,0.9649,har_ma_1,har_ma_1
baseline,lgbm,shap,column,vix_tercile,high,81,1.0000,har_ma_1,har_ma_1
baseline,lgbm,shap,column,vix_tercile,low,28,0.9979,har_ma_1,har_ma_1
baseline,lgbm,shap,column,vix_tercile,mid,38,0.9979,har_ma_1,har_ma_1
baseline,xgb,mdi,column,year,2018,13,0.9670,har_ma_1,har_ma_1
baseline,xgb,mdi,column,year,2019,26,0.9897,har_ma_1,har_ma_1
baseline,xgb,mdi,column,year,2020,25,0.9814,har_ma_1,har_ma_1
baseline,xgb,mdi,column,year,2021,25,0.9814,har_ma_1,har_ma_1
baseline,xgb,mdi,column,year,2022,25,0.9897,har_ma_1,har_ma_1
baseline,xgb,mdi,column,year,2023,25,0.9959,har_ma_1,har_ma_1
baseline,xgb,mdi,column,year,2024,8,0.9938,har_ma_1,har_ma_1
baseline,xgb,mdi,column,vix_tercile,high,81,1.0000,har_ma_1,har_ma_1
baseline,xgb,mdi,column,vix_tercile,low,28,0.9959,har_ma_1,har_ma_1
baseline,xgb,mdi,column,vix_tercile,mid,38,1.0000,har_ma_1,har_ma_1
baseline,xgb,split,column,year,2018,13,0.9690,har_ma_1,har_ma_1
baseline,xgb,split,column,year,2019,26,0.9773,har_ma_1,har_ma_1
baseline,xgb,split,column,year,2020,25,0.9835,har_ma_1,har_ma_1
baseline,xgb,split,column,year,2021,25,0.9917,har_ma_1,har_ma_1
baseline,xgb,split,column,year,2022,25,0.9917,har_ma_1,har_ma_1
baseline,xgb,split,column,year,2023,25,0.9959,har_ma_1,har_ma_1
baseline,xgb,split,column,year,2024,8,0.9959,har_ma_1,har_ma_1
baseline,xgb,split,column,vix_tercile,high,81,0.9979,har_ma_1,har_ma_1
baseline,xgb,split,column,vix_tercile,low,28,0.9959,har_ma_1,har_ma_1
baseline,xgb,split,column,vix_tercile,mid,38,1.0000,har_ma_1,har_ma_1
baseline,xgb,perm_p1_qlike,column,year,2018,13,0.8308,har_ma_1,har_ma_1
baseline,xgb,perm_p1_qlike,column,year,2019,26,0.6636,har_ma_1,har_ma_1
baseline,xgb,perm_p1_qlike,column,year,2020,25,0.8638,har_ma_1,har_ma_1
baseline,xgb,perm_p1_qlike,column,year,2021,25,0.8493,har_ma_1,har_ma_1
baseline,xgb,perm_p1_qlike,column,year,2022,25,0.6760,har_ma_1,har_ma_1
baseline,xgb,perm_p1_qlike,column,year,2023,25,0.4881,har_ma_1,har_ma_1
baseline,xgb,perm_p1_qlike,column,year,2024,8,0.7358,har_ma_1,har_ma_1
baseline,xgb,perm_p1_qlike,column,vix_tercile,high,81,0.9422,har_ma_1,har_ma_1
baseline,xgb,perm_p1_qlike,column,vix_tercile,low,28,0.6615,har_ma_1,har_ma_1
baseline,xgb,perm_p1_qlike,column,vix_tercile,mid,38,0.6904,har_ma_1,har_ma_1
baseline,xgb,perm_p2_qlike,column,year,2018,13,0.7503,har_ma_1,har_ma_1
baseline,xgb,perm_p2_qlike,column,year,2019,26,0.6801,har_ma_1,har_ma_1
baseline,xgb,perm_p2_qlike,column,year,2020,25,0.7957,har_ma_1,har_ma_1
baseline,xgb,perm_p2_qlike,column,year,2021,25,0.8617,har_ma_1,har_ma_1
baseline,xgb,perm_p2_qlike,column,year,2022,25,0.6863,har_ma_1,har_ma_1
baseline,xgb,perm_p2_qlike,column,year,2023,25,0.7647,har_ma_1,har_ma_1
baseline,xgb,perm_p2_qlike,column,year,2024,8,0.6367,har_ma_1,har_ma_1
baseline,xgb,perm_p2_qlike,column,vix_tercile,high,81,0.9670,har_ma_1,har_ma_1
baseline,xgb,perm_p2_qlike,column,vix_tercile,low,28,0.6780,har_ma_1,har_ma_1
baseline,xgb,perm_p2_qlike,column,vix_tercile,mid,38,0.7544,har_ma_1,har_ma_1
baseline,xgb,perm_p1_mse,column,year,2018,13,0.8720,har_ma_1,har_ma_1
baseline,xgb,perm_p1_mse,column,year,2019,26,0.7214,har_ma_1,har_ma_1
baseline,xgb,perm_p1_mse,column,year,2020,25,0.6904,har_ma_1,har_ma_1
baseline,xgb,perm_p1_mse,column,year,2021,25,0.8906,har_ma_1,har_ma_1
baseline,xgb,perm_p1_mse,column,year,2022,25,0.5851,har_ma_1,har_ma_1
baseline,xgb,perm_p1_mse,column,year,2023,25,0.1393,har_ma_1,har_ma_1
baseline,xgb,perm_p1_mse,column,year,2024,8,0.5975,har_ma_1,har_ma_1
baseline,xgb,perm_p1_mse,column,vix_tercile,high,81,0.9443,har_ma_1,har_ma_1
baseline,xgb,perm_p1_mse,column,vix_tercile,low,28,0.7482,har_ma_1,har_ma_1
baseline,xgb,perm_p1_mse,column,vix_tercile,mid,38,0.5851,har_ma_1,har_ma_1
baseline,xgb,perm_p2_mse,column,year,2018,13,0.5975,har_ma_1,har_ma_1
baseline,xgb,perm_p2_mse,column,year,2019,26,0.7957,har_ma_1,har_ma_1
baseline,xgb,perm_p2_mse,column,year,2020,25,0.7668,har_ma_1,har_ma_1
baseline,xgb,perm_p2_mse,column,year,2021,25,0.7771,har_ma_1,har_ma_1
baseline,xgb,perm_p2_mse,column,year,2022,25,0.6821,har_ma_1,har_ma_1
baseline,xgb,perm_p2_mse,column,year,2023,25,0.6780,har_ma_1,har_ma_1
baseline,xgb,perm_p2_mse,column,year,2024,8,0.6223,har_ma_1,har_ma_1
baseline,xgb,perm_p2_mse,column,vix_tercile,high,81,0.9195,har_ma_1,har_ma_1
baseline,xgb,perm_p2_mse,column,vix_tercile,low,28,0.8885,har_ma_1,har_ma_1
baseline,xgb,perm_p2_mse,column,vix_tercile,mid,38,0.7337,har_ma_1,har_ma_1
baseline,xgb,shap,column,year,2018,13,0.9897,har_ma_1,har_ma_1
baseline,xgb,shap,column,year,2019,26,0.9938,har_ma_1,har_ma_1
baseline,xgb,shap,column,year,2020,25,0.9835,har_ma_1,har_ma_1
baseline,xgb,shap,column,year,2021,25,0.9628,har_ma_1,har_ma_1
baseline,xgb,shap,column,year,2022,25,0.9732,har_ma_1,har_ma_1
baseline,xgb,shap,column,year,2023,25,0.9917,har_ma_1,har_ma_1
baseline,xgb,shap,column,year,2024,8,0.9752,har_ma_1,har_ma_1
baseline,xgb,shap,column,vix_tercile,high,81,0.9835,har_ma_1,har_ma_1
baseline,xgb,shap,column,vix_tercile,low,28,0.9979,har_ma_1,har_ma_1
baseline,xgb,shap,column,vix_tercile,mid,38,0.9959,har_ma_1,har_ma_1
baseline,rf,mdi,column,year,2018,13,0.9917,har_ma_1,har_ma_1
baseline,rf,mdi,column,year,2019,26,0.9938,har_ma_1,har_ma_1
baseline,rf,mdi,column,year,2020,25,0.9979,har_ma_1,har_ma_1
baseline,rf,mdi,column,year,2021,25,0.9959,har_ma_1,har_ma_1
baseline,rf,mdi,column,year,2022,25,0.9938,har_ma_1,har_ma_1
baseline,rf,mdi,column,year,2023,25,0.9959,har_ma_1,har_ma_1
baseline,rf,mdi,column,year,2024,8,0.9876,har_ma_1,har_ma_1
baseline,rf,mdi,column,vix_tercile,high,81,0.9979,har_ma_1,har_ma_1
baseline,rf,mdi,column,vix_tercile,low,28,1.0000,har_ma_1,har_ma_1
baseline,rf,mdi,column,vix_tercile,mid,38,1.0000,har_ma_1,har_ma_1
baseline,rf,split,column,year,2018,13,0.9959,har_ma_1,har_ma_1
baseline,rf,split,column,year,2019,26,0.9979,har_ma_1,har_ma_1
baseline,rf,split,column,year,2020,25,0.9979,har_ma_1,har_ma_1
baseline,rf,split,column,year,2021,25,0.9938,har_ma_1,har_ma_1
baseline,rf,split,column,year,2022,25,0.9938,har_ma_1,har_ma_1
baseline,rf,split,column,year,2023,25,0.9959,har_ma_1,har_ma_1
baseline,rf,split,column,year,2024,8,0.9897,har_ma_1,har_ma_1
baseline,rf,split,column,vix_tercile,high,81,0.9959,har_ma_1,har_ma_1
baseline,rf,split,column,vix_tercile,low,28,0.9959,har_ma_1,har_ma_1
baseline,rf,split,column,vix_tercile,mid,38,0.9959,har_ma_1,har_ma_1
baseline,rf,perm_p1_qlike,column,year,2018,13,0.1207,har_ma_1,har_ma_1
baseline,rf,perm_p1_qlike,column,year,2019,26,0.6409,har_ma_1,har_ma_1
baseline,rf,perm_p1_qlike,column,year,2020,25,0.7131,har_ma_1,har_ma_1
baseline,rf,perm_p1_qlike,column,year,2021,25,0.7792,har_ma_1,har_ma_1
baseline,rf,perm_p1_qlike,column,year,2022,25,0.3271,har_ma_1,har_ma_1
baseline,rf,perm_p1_qlike,column,year,2023,25,0.5645,har_ma_1,har_ma_1
baseline,rf,perm_p1_qlike,column,year,2024,8,0.7853,har_ma_1,har_ma_1
baseline,rf,perm_p1_qlike,column,vix_tercile,high,81,0.9649,har_ma_1,har_ma_1
baseline,rf,perm_p1_qlike,column,vix_tercile,low,28,0.3148,har_ma_1,har_ma_1
baseline,rf,perm_p1_qlike,column,vix_tercile,mid,38,0.7977,har_ma_1,har_ma_1
baseline,rf,perm_p2_qlike,column,year,2018,13,0.2446,har_ma_1,har_ma_1
baseline,rf,perm_p2_qlike,column,year,2019,26,0.7647,har_ma_1,har_ma_1
baseline,rf,perm_p2_qlike,column,year,2020,25,0.7214,har_ma_1,har_ma_1
baseline,rf,perm_p2_qlike,column,year,2021,25,0.7317,har_ma_1,har_ma_1
baseline,rf,perm_p2_qlike,column,year,2022,25,0.6244,har_ma_1,har_ma_1
baseline,rf,perm_p2_qlike,column,year,2023,25,0.7317,har_ma_1,har_ma_1
baseline,rf,perm_p2_qlike,column,year,2024,8,0.7585,har_ma_1,har_ma_1
baseline,rf,perm_p2_qlike,column,vix_tercile,high,81,0.9959,har_ma_1,har_ma_1
baseline,rf,perm_p2_qlike,column,vix_tercile,low,28,0.5480,har_ma_1,har_ma_1
baseline,rf,perm_p2_qlike,column,vix_tercile,mid,38,0.7152,har_ma_1,har_ma_1
baseline,rf,perm_p1_mse,column,year,2018,13,0.2879,har_ma_1,har_ma_1
baseline,rf,perm_p1_mse,column,year,2019,26,0.5913,har_ma_1,har_ma_1
baseline,rf,perm_p1_mse,column,year,2020,25,0.8638,har_ma_1,har_ma_1
baseline,rf,perm_p1_mse,column,year,2021,25,0.7420,har_ma_1,har_ma_1
baseline,rf,perm_p1_mse,column,year,2022,25,0.6512,har_ma_1,har_ma_1
baseline,rf,perm_p1_mse,column,year,2023,25,0.6223,har_ma_1,har_ma_1
baseline,rf,perm_p1_mse,column,year,2024,8,0.5315,har_ma_1,har_ma_1
baseline,rf,perm_p1_mse,column,vix_tercile,high,81,0.9463,har_ma_1,har_ma_1
baseline,rf,perm_p1_mse,column,vix_tercile,low,28,0.3705,har_ma_1,har_ma_1
baseline,rf,perm_p1_mse,column,vix_tercile,mid,38,0.7833,har_ma_1,har_ma_1
baseline,rf,perm_p2_mse,column,year,2018,13,0.1868,har_ma_1,har_ma_1
baseline,rf,perm_p2_mse,column,year,2019,26,0.6388,har_ma_1,har_ma_1
baseline,rf,perm_p2_mse,column,year,2020,25,0.9360,har_ma_1,har_ma_1
baseline,rf,perm_p2_mse,column,year,2021,25,0.5686,har_ma_1,har_ma_1
baseline,rf,perm_p2_mse,column,year,2022,25,0.5397,har_ma_1,har_ma_1
baseline,rf,perm_p2_mse,column,year,2023,25,0.7523,har_ma_1,har_ma_1
baseline,rf,perm_p2_mse,column,year,2024,8,0.7730,har_ma_1,har_ma_1
baseline,rf,perm_p2_mse,column,vix_tercile,high,81,0.8824,har_ma_1,har_ma_1
baseline,rf,perm_p2_mse,column,vix_tercile,low,28,0.6182,har_ma_1,har_ma_1
baseline,rf,perm_p2_mse,column,vix_tercile,mid,38,0.7049,har_ma_1,har_ma_1
baseline,rf,shap,column,year,2018,13,0.9711,har_ma_1,har_ma_1
baseline,rf,shap,column,year,2019,26,0.9814,har_ma_1,har_ma_1
baseline,rf,shap,column,year,2020,25,0.9917,har_ma_1,har_ma_1
baseline,rf,shap,column,year,2021,25,0.9443,har_ma_1,har_ma_1
baseline,rf,shap,column,year,2022,25,0.9938,har_ma_1,har_ma_1
baseline,rf,shap,column,year,2023,25,0.9917,har_ma_1,har_ma_1
baseline,rf,shap,column,year,2024,8,0.9422,har_ma_1,har_ma_1
baseline,rf,shap,column,vix_tercile,high,81,0.9917,har_ma_1,har_ma_1
baseline,rf,shap,column,vix_tercile,low,28,0.9917,har_ma_1,har_ma_1
baseline,rf,shap,column,vix_tercile,mid,38,0.9938,har_ma_1,har_ma_1
baseline,ridge,bsd,series,year,2018,13,1.0000,har_ma_*,har_ma_*
baseline,ridge,bsd,series,year,2019,26,1.0000,har_ma_*,har_ma_*
baseline,ridge,bsd,series,year,2020,25,1.0000,har_ma_*,har_ma_*
baseline,ridge,bsd,series,year,2021,25,1.0000,har_ma_*,har_ma_*
baseline,ridge,bsd,series,year,2022,25,1.0000,har_ma_*,har_ma_*
baseline,ridge,bsd,series,year,2023,25,1.0000,har_ma_*,har_ma_*
baseline,ridge,bsd,series,year,2024,8,1.0000,har_ma_*,har_ma_*
baseline,ridge,bsd,series,vix_tercile,high,81,1.0000,har_ma_*,har_ma_*
baseline,ridge,bsd,series,vix_tercile,low,28,1.0000,har_ma_*,har_ma_*
baseline,ridge,bsd,series,vix_tercile,mid,38,1.0000,har_ma_*,har_ma_*
baseline,ridge,perm_p1_qlike,series,year,2018,13,1.0000,har_ma_*,har_ma_*
baseline,ridge,perm_p1_qlike,series,year,2019,26,1.0000,har_ma_*,har_ma_*
baseline,ridge,perm_p1_qlike,series,year,2020,25,1.0000,har_ma_*,har_ma_*
baseline,ridge,perm_p1_qlike,series,year,2021,25,1.0000,har_ma_*,har_ma_*
baseline,ridge,perm_p1_qlike,series,year,2022,25,1.0000,har_ma_*,har_ma_*
baseline,ridge,perm_p1_qlike,series,year,2023,25,1.0000,har_ma_*,har_ma_*
baseline,ridge,perm_p1_qlike,series,year,2024,8,1.0000,har_ma_*,har_ma_*
baseline,ridge,perm_p1_qlike,series,vix_tercile,high,81,1.0000,har_ma_*,har_ma_*
baseline,ridge,perm_p1_qlike,series,vix_tercile,low,28,1.0000,har_ma_*,har_ma_*
baseline,ridge,perm_p1_qlike,series,vix_tercile,mid,38,1.0000,har_ma_*,har_ma_*
baseline,ridge,perm_p2_qlike,series,year,2018,13,1.0000,har_ma_*,har_ma_*
baseline,ridge,perm_p2_qlike,series,year,2019,26,1.0000,har_ma_*,har_ma_*
baseline,ridge,perm_p2_qlike,series,year,2020,25,1.0000,har_ma_*,har_ma_*
baseline,ridge,perm_p2_qlike,series,year,2021,25,1.0000,har_ma_*,har_ma_*
baseline,ridge,perm_p2_qlike,series,year,2022,25,1.0000,har_ma_*,har_ma_*
baseline,ridge,perm_p2_qlike,series,year,2023,25,1.0000,har_ma_*,har_ma_*
baseline,ridge,perm_p2_qlike,series,year,2024,8,1.0000,har_ma_*,har_ma_*
baseline,ridge,perm_p2_qlike,series,vix_tercile,high,81,1.0000,har_ma_*,har_ma_*
baseline,ridge,perm_p2_qlike,series,vix_tercile,low,28,1.0000,har_ma_*,har_ma_*
baseline,ridge,perm_p2_qlike,series,vix_tercile,mid,38,1.0000,har_ma_*,har_ma_*
baseline,ridge,perm_p1_mse,series,year,2018,13,1.0000,har_ma_*,har_ma_*
baseline,ridge,perm_p1_mse,series,year,2019,26,1.0000,har_ma_*,har_ma_*
baseline,ridge,perm_p1_mse,series,year,2020,25,1.0000,har_ma_*,har_ma_*
baseline,ridge,perm_p1_mse,series,year,2021,25,1.0000,har_ma_*,har_ma_*
baseline,ridge,perm_p1_mse,series,year,2022,25,1.0000,har_ma_*,har_ma_*
baseline,ridge,perm_p1_mse,series,year,2023,25,1.0000,har_ma_*,har_ma_*
baseline,ridge,perm_p1_mse,series,year,2024,8,1.0000,har_ma_*,har_ma_*
baseline,ridge,perm_p1_mse,series,vix_tercile,high,81,1.0000,har_ma_*,har_ma_*
baseline,ridge,perm_p1_mse,series,vix_tercile,low,28,1.0000,har_ma_*,har_ma_*
baseline,ridge,perm_p1_mse,series,vix_tercile,mid,38,1.0000,har_ma_*,har_ma_*
baseline,ridge,perm_p2_mse,series,year,2018,13,1.0000,har_ma_*,har_ma_*
baseline,ridge,perm_p2_mse,series,year,2019,26,1.0000,har_ma_*,har_ma_*
baseline,ridge,perm_p2_mse,series,year,2020,25,1.0000,har_ma_*,har_ma_*
baseline,ridge,perm_p2_mse,series,year,2021,25,1.0000,har_ma_*,har_ma_*
baseline,ridge,perm_p2_mse,series,year,2022,25,1.0000,har_ma_*,har_ma_*
baseline,ridge,perm_p2_mse,series,year,2023,25,1.0000,har_ma_*,har_ma_*
baseline,ridge,perm_p2_mse,series,year,2024,8,1.0000,har_ma_*,har_ma_*
baseline,ridge,perm_p2_mse,series,vix_tercile,high,81,1.0000,har_ma_*,har_ma_*
baseline,ridge,perm_p2_mse,series,vix_tercile,low,28,1.0000,har_ma_*,har_ma_*
baseline,ridge,perm_p2_mse,series,vix_tercile,mid,38,1.0000,har_ma_*,har_ma_*
baseline,ridge,drop_qlike,series,year,2018,13,1.0000,har_ma_*,har_ma_*
baseline,ridge,drop_qlike,series,year,2019,26,1.0000,har_ma_*,har_ma_*
baseline,ridge,drop_qlike,series,year,2020,25,1.0000,har_ma_*,har_ma_*
baseline,ridge,drop_qlike,series,year,2021,25,1.0000,har_ma_*,har_ma_*
baseline,ridge,drop_qlike,series,year,2022,25,1.0000,har_ma_*,har_ma_*
baseline,ridge,drop_qlike,series,year,2023,25,1.0000,har_ma_*,har_ma_*
baseline,ridge,drop_qlike,series,year,2024,8,1.0000,har_ma_*,har_ma_*
baseline,ridge,drop_qlike,series,vix_tercile,high,81,1.0000,har_ma_*,har_ma_*
baseline,ridge,drop_qlike,series,vix_tercile,low,28,1.0000,har_ma_*,har_ma_*
baseline,ridge,drop_qlike,series,vix_tercile,mid,38,1.0000,har_ma_*,har_ma_*
baseline,ridge,drop_mse,series,year,2018,13,1.0000,har_ma_*,har_ma_*
baseline,ridge,drop_mse,series,year,2019,26,1.0000,har_ma_*,har_ma_*
baseline,ridge,drop_mse,series,year,2020,25,1.0000,har_ma_*,har_ma_*
baseline,ridge,drop_mse,series,year,2021,25,1.0000,har_ma_*,har_ma_*
baseline,ridge,drop_mse,series,year,2022,25,1.0000,har_ma_*,har_ma_*
baseline,ridge,drop_mse,series,year,2023,25,1.0000,har_ma_*,har_ma_*
baseline,ridge,drop_mse,series,year,2024,8,1.0000,har_ma_*,har_ma_*
baseline,ridge,drop_mse,series,vix_tercile,high,81,1.0000,har_ma_*,har_ma_*
baseline,ridge,drop_mse,series,vix_tercile,low,28,1.0000,har_ma_*,har_ma_*
baseline,ridge,drop_mse,series,vix_tercile,mid,38,1.0000,har_ma_*,har_ma_*
baseline,ridge,shap,series,year,2018,13,1.0000,har_ma_*,har_ma_*
baseline,ridge,shap,series,year,2019,26,1.0000,har_ma_*,har_ma_*
baseline,ridge,shap,series,year,2020,25,1.0000,har_ma_*,har_ma_*
baseline,ridge,shap,series,year,2021,25,1.0000,har_ma_*,har_ma_*
baseline,ridge,shap,series,year,2022,25,1.0000,har_ma_*,har_ma_*
baseline,ridge,shap,series,year,2023,25,1.0000,har_ma_*,har_ma_*
baseline,ridge,shap,series,year,2024,8,1.0000,har_ma_*,har_ma_*
baseline,ridge,shap,series,vix_tercile,high,81,1.0000,har_ma_*,har_ma_*
baseline,ridge,shap,series,vix_tercile,low,28,1.0000,har_ma_*,har_ma_*
baseline,ridge,shap,series,vix_tercile,mid,38,1.0000,har_ma_*,har_ma_*
baseline,lasso,bsd,series,year,2018,13,1.0000,har_ma_*,har_ma_*
baseline,lasso,bsd,series,year,2019,26,1.0000,har_ma_*,har_ma_*
baseline,lasso,bsd,series,year,2020,25,1.0000,har_ma_*,har_ma_*
baseline,lasso,bsd,series,year,2021,25,1.0000,har_ma_*,har_ma_*
baseline,lasso,bsd,series,year,2022,25,1.0000,har_ma_*,har_ma_*
baseline,lasso,bsd,series,year,2023,25,1.0000,har_ma_*,har_ma_*
baseline,lasso,bsd,series,year,2024,8,1.0000,har_ma_*,har_ma_*
baseline,lasso,bsd,series,vix_tercile,high,81,1.0000,har_ma_*,har_ma_*
baseline,lasso,bsd,series,vix_tercile,low,28,1.0000,har_ma_*,har_ma_*
baseline,lasso,bsd,series,vix_tercile,mid,38,1.0000,har_ma_*,har_ma_*
baseline,lasso,perm_p1_qlike,series,year,2018,13,1.0000,har_ma_*,har_ma_*
baseline,lasso,perm_p1_qlike,series,year,2019,26,1.0000,har_ma_*,har_ma_*
baseline,lasso,perm_p1_qlike,series,year,2020,25,1.0000,har_ma_*,har_ma_*
baseline,lasso,perm_p1_qlike,series,year,2021,25,1.0000,har_ma_*,har_ma_*
baseline,lasso,perm_p1_qlike,series,year,2022,25,1.0000,har_ma_*,har_ma_*
baseline,lasso,perm_p1_qlike,series,year,2023,25,1.0000,har_ma_*,har_ma_*
baseline,lasso,perm_p1_qlike,series,year,2024,8,1.0000,har_ma_*,har_ma_*
baseline,lasso,perm_p1_qlike,series,vix_tercile,high,81,1.0000,har_ma_*,har_ma_*
baseline,lasso,perm_p1_qlike,series,vix_tercile,low,28,1.0000,har_ma_*,har_ma_*
baseline,lasso,perm_p1_qlike,series,vix_tercile,mid,38,1.0000,har_ma_*,har_ma_*
baseline,lasso,perm_p2_qlike,series,year,2018,13,1.0000,har_ma_*,har_ma_*
baseline,lasso,perm_p2_qlike,series,year,2019,26,1.0000,har_ma_*,har_ma_*
baseline,lasso,perm_p2_qlike,series,year,2020,25,1.0000,har_ma_*,har_ma_*
baseline,lasso,perm_p2_qlike,series,year,2021,25,1.0000,har_ma_*,har_ma_*
baseline,lasso,perm_p2_qlike,series,year,2022,25,1.0000,har_ma_*,har_ma_*
baseline,lasso,perm_p2_qlike,series,year,2023,25,1.0000,har_ma_*,har_ma_*
baseline,lasso,perm_p2_qlike,series,year,2024,8,1.0000,har_ma_*,har_ma_*
baseline,lasso,perm_p2_qlike,series,vix_tercile,high,81,1.0000,har_ma_*,har_ma_*
baseline,lasso,perm_p2_qlike,series,vix_tercile,low,28,1.0000,har_ma_*,har_ma_*
baseline,lasso,perm_p2_qlike,series,vix_tercile,mid,38,1.0000,har_ma_*,har_ma_*
baseline,lasso,perm_p1_mse,series,year,2018,13,1.0000,har_ma_*,har_ma_*
baseline,lasso,perm_p1_mse,series,year,2019,26,1.0000,har_ma_*,har_ma_*
baseline,lasso,perm_p1_mse,series,year,2020,25,1.0000,har_ma_*,har_ma_*
baseline,lasso,perm_p1_mse,series,year,2021,25,1.0000,har_ma_*,har_ma_*
baseline,lasso,perm_p1_mse,series,year,2022,25,1.0000,har_ma_*,har_ma_*
baseline,lasso,perm_p1_mse,series,year,2023,25,1.0000,har_ma_*,har_ma_*
baseline,lasso,perm_p1_mse,series,year,2024,8,1.0000,har_ma_*,har_ma_*
baseline,lasso,perm_p1_mse,series,vix_tercile,high,81,1.0000,har_ma_*,har_ma_*
baseline,lasso,perm_p1_mse,series,vix_tercile,low,28,1.0000,har_ma_*,har_ma_*
baseline,lasso,perm_p1_mse,series,vix_tercile,mid,38,1.0000,har_ma_*,har_ma_*
baseline,lasso,perm_p2_mse,series,year,2018,13,1.0000,har_ma_*,har_ma_*
baseline,lasso,perm_p2_mse,series,year,2019,26,1.0000,har_ma_*,har_ma_*
baseline,lasso,perm_p2_mse,series,year,2020,25,1.0000,har_ma_*,har_ma_*
baseline,lasso,perm_p2_mse,series,year,2021,25,1.0000,har_ma_*,har_ma_*
baseline,lasso,perm_p2_mse,series,year,2022,25,1.0000,har_ma_*,har_ma_*
baseline,lasso,perm_p2_mse,series,year,2023,25,1.0000,har_ma_*,har_ma_*
baseline,lasso,perm_p2_mse,series,year,2024,8,1.0000,har_ma_*,har_ma_*
baseline,lasso,perm_p2_mse,series,vix_tercile,high,81,1.0000,har_ma_*,har_ma_*
baseline,lasso,perm_p2_mse,series,vix_tercile,low,28,1.0000,har_ma_*,har_ma_*
baseline,lasso,perm_p2_mse,series,vix_tercile,mid,38,1.0000,har_ma_*,har_ma_*
baseline,lasso,drop_qlike,series,year,2018,13,1.0000,har_ma_*,har_ma_*
baseline,lasso,drop_qlike,series,year,2019,26,1.0000,har_ma_*,har_ma_*
baseline,lasso,drop_qlike,series,year,2020,25,1.0000,har_ma_*,har_ma_*
baseline,lasso,drop_qlike,series,year,2021,25,1.0000,har_ma_*,har_ma_*
baseline,lasso,drop_qlike,series,year,2022,25,1.0000,har_ma_*,har_ma_*
baseline,lasso,drop_qlike,series,year,2023,25,1.0000,har_ma_*,har_ma_*
baseline,lasso,drop_qlike,series,year,2024,8,1.0000,har_ma_*,har_ma_*
baseline,lasso,drop_qlike,series,vix_tercile,high,81,1.0000,har_ma_*,har_ma_*
baseline,lasso,drop_qlike,series,vix_tercile,low,28,1.0000,har_ma_*,har_ma_*
baseline,lasso,drop_qlike,series,vix_tercile,mid,38,1.0000,har_ma_*,har_ma_*
baseline,lasso,drop_mse,series,year,2018,13,1.0000,har_ma_*,har_ma_*
baseline,lasso,drop_mse,series,year,2019,26,1.0000,har_ma_*,har_ma_*
baseline,lasso,drop_mse,series,year,2020,25,1.0000,har_ma_*,har_ma_*
baseline,lasso,drop_mse,series,year,2021,25,1.0000,har_ma_*,har_ma_*
baseline,lasso,drop_mse,series,year,2022,25,1.0000,har_ma_*,har_ma_*
baseline,lasso,drop_mse,series,year,2023,25,1.0000,har_ma_*,har_ma_*
baseline,lasso,drop_mse,series,year,2024,8,1.0000,har_ma_*,har_ma_*
baseline,lasso,drop_mse,series,vix_tercile,high,81,1.0000,har_ma_*,har_ma_*
baseline,lasso,drop_mse,series,vix_tercile,low,28,1.0000,har_ma_*,har_ma_*
baseline,lasso,drop_mse,series,vix_tercile,mid,38,1.0000,har_ma_*,har_ma_*
baseline,lasso,shap,series,year,2018,13,1.0000,har_ma_*,har_ma_*
baseline,lasso,shap,series,year,2019,26,1.0000,har_ma_*,har_ma_*
baseline,lasso,shap,series,year,2020,25,1.0000,har_ma_*,har_ma_*
baseline,lasso,shap,series,year,2021,25,1.0000,har_ma_*,har_ma_*
baseline,lasso,shap,series,year,2022,25,1.0000,har_ma_*,har_ma_*
baseline,lasso,shap,series,year,2023,25,1.0000,har_ma_*,har_ma_*
baseline,lasso,shap,series,year,2024,8,1.0000,har_ma_*,har_ma_*
baseline,lasso,shap,series,vix_tercile,high,81,1.0000,har_ma_*,har_ma_*
baseline,lasso,shap,series,vix_tercile,low,28,1.0000,har_ma_*,har_ma_*
baseline,lasso,shap,series,vix_tercile,mid,38,1.0000,har_ma_*,har_ma_*
baseline,lgbm,mdi,series,year,2018,13,1.0000,har_ma_*,har_ma_*
baseline,lgbm,mdi,series,year,2019,26,1.0000,har_ma_*,har_ma_*
baseline,lgbm,mdi,series,year,2020,25,1.0000,har_ma_*,har_ma_*
baseline,lgbm,mdi,series,year,2021,25,1.0000,har_ma_*,har_ma_*
baseline,lgbm,mdi,series,year,2022,25,1.0000,har_ma_*,har_ma_*
baseline,lgbm,mdi,series,year,2023,25,1.0000,har_ma_*,har_ma_*
baseline,lgbm,mdi,series,year,2024,8,1.0000,har_ma_*,har_ma_*
baseline,lgbm,mdi,series,vix_tercile,high,81,1.0000,har_ma_*,har_ma_*
baseline,lgbm,mdi,series,vix_tercile,low,28,1.0000,har_ma_*,har_ma_*
baseline,lgbm,mdi,series,vix_tercile,mid,38,1.0000,har_ma_*,har_ma_*
baseline,lgbm,split,series,year,2018,13,1.0000,har_ma_*,har_ma_*
baseline,lgbm,split,series,year,2019,26,1.0000,har_ma_*,har_ma_*
baseline,lgbm,split,series,year,2020,25,1.0000,har_ma_*,har_ma_*
baseline,lgbm,split,series,year,2021,25,1.0000,har_ma_*,har_ma_*
baseline,lgbm,split,series,year,2022,25,1.0000,har_ma_*,har_ma_*
baseline,lgbm,split,series,year,2023,25,1.0000,har_ma_*,har_ma_*
baseline,lgbm,split,series,year,2024,8,1.0000,har_ma_*,har_ma_*
baseline,lgbm,split,series,vix_tercile,high,81,1.0000,har_ma_*,har_ma_*
baseline,lgbm,split,series,vix_tercile,low,28,1.0000,har_ma_*,har_ma_*
baseline,lgbm,split,series,vix_tercile,mid,38,1.0000,har_ma_*,har_ma_*
baseline,lgbm,perm_p1_qlike,series,year,2018,13,1.0000,har_ma_*,har_ma_*
baseline,lgbm,perm_p1_qlike,series,year,2019,26,1.0000,har_ma_*,har_ma_*
baseline,lgbm,perm_p1_qlike,series,year,2020,25,1.0000,har_ma_*,har_ma_*
baseline,lgbm,perm_p1_qlike,series,year,2021,25,1.0000,har_ma_*,har_ma_*
baseline,lgbm,perm_p1_qlike,series,year,2022,25,1.0000,har_ma_*,har_ma_*
baseline,lgbm,perm_p1_qlike,series,year,2023,25,1.0000,har_ma_*,har_ma_*
baseline,lgbm,perm_p1_qlike,series,year,2024,8,1.0000,har_ma_*,har_ma_*
baseline,lgbm,perm_p1_qlike,series,vix_tercile,high,81,1.0000,har_ma_*,har_ma_*
baseline,lgbm,perm_p1_qlike,series,vix_tercile,low,28,1.0000,har_ma_*,har_ma_*
baseline,lgbm,perm_p1_qlike,series,vix_tercile,mid,38,1.0000,har_ma_*,har_ma_*
baseline,lgbm,perm_p2_qlike,series,year,2018,13,1.0000,har_ma_*,har_ma_*
baseline,lgbm,perm_p2_qlike,series,year,2019,26,1.0000,har_ma_*,har_ma_*
baseline,lgbm,perm_p2_qlike,series,year,2020,25,1.0000,har_ma_*,har_ma_*
baseline,lgbm,perm_p2_qlike,series,year,2021,25,1.0000,har_ma_*,har_ma_*
baseline,lgbm,perm_p2_qlike,series,year,2022,25,1.0000,har_ma_*,har_ma_*
baseline,lgbm,perm_p2_qlike,series,year,2023,25,1.0000,har_ma_*,har_ma_*
baseline,lgbm,perm_p2_qlike,series,year,2024,8,1.0000,har_ma_*,har_ma_*
baseline,lgbm,perm_p2_qlike,series,vix_tercile,high,81,1.0000,har_ma_*,har_ma_*
baseline,lgbm,perm_p2_qlike,series,vix_tercile,low,28,1.0000,har_ma_*,har_ma_*
baseline,lgbm,perm_p2_qlike,series,vix_tercile,mid,38,1.0000,har_ma_*,har_ma_*
baseline,lgbm,perm_p1_mse,series,year,2018,13,1.0000,har_ma_*,har_ma_*
baseline,lgbm,perm_p1_mse,series,year,2019,26,1.0000,har_ma_*,har_ma_*
baseline,lgbm,perm_p1_mse,series,year,2020,25,1.0000,har_ma_*,har_ma_*
baseline,lgbm,perm_p1_mse,series,year,2021,25,1.0000,har_ma_*,har_ma_*
baseline,lgbm,perm_p1_mse,series,year,2022,25,1.0000,har_ma_*,har_ma_*
baseline,lgbm,perm_p1_mse,series,year,2023,25,1.0000,har_ma_*,har_ma_*
baseline,lgbm,perm_p1_mse,series,year,2024,8,1.0000,har_ma_*,har_ma_*
baseline,lgbm,perm_p1_mse,series,vix_tercile,high,81,1.0000,har_ma_*,har_ma_*
baseline,lgbm,perm_p1_mse,series,vix_tercile,low,28,1.0000,har_ma_*,har_ma_*
baseline,lgbm,perm_p1_mse,series,vix_tercile,mid,38,1.0000,har_ma_*,har_ma_*
baseline,lgbm,perm_p2_mse,series,year,2018,13,1.0000,har_ma_*,har_ma_*
baseline,lgbm,perm_p2_mse,series,year,2019,26,1.0000,har_ma_*,har_ma_*
baseline,lgbm,perm_p2_mse,series,year,2020,25,1.0000,har_ma_*,har_ma_*
baseline,lgbm,perm_p2_mse,series,year,2021,25,1.0000,har_ma_*,har_ma_*
baseline,lgbm,perm_p2_mse,series,year,2022,25,1.0000,har_ma_*,har_ma_*
baseline,lgbm,perm_p2_mse,series,year,2023,25,1.0000,har_ma_*,har_ma_*
baseline,lgbm,perm_p2_mse,series,year,2024,8,1.0000,har_ma_*,har_ma_*
baseline,lgbm,perm_p2_mse,series,vix_tercile,high,81,1.0000,har_ma_*,har_ma_*
baseline,lgbm,perm_p2_mse,series,vix_tercile,low,28,1.0000,har_ma_*,har_ma_*
baseline,lgbm,perm_p2_mse,series,vix_tercile,mid,38,1.0000,har_ma_*,har_ma_*
baseline,lgbm,shap,series,year,2018,13,1.0000,har_ma_*,har_ma_*
baseline,lgbm,shap,series,year,2019,26,1.0000,har_ma_*,har_ma_*
baseline,lgbm,shap,series,year,2020,25,1.0000,har_ma_*,har_ma_*
baseline,lgbm,shap,series,year,2021,25,1.0000,har_ma_*,har_ma_*
baseline,lgbm,shap,series,year,2022,25,1.0000,har_ma_*,har_ma_*
baseline,lgbm,shap,series,year,2023,25,1.0000,har_ma_*,har_ma_*
baseline,lgbm,shap,series,year,2024,8,1.0000,har_ma_*,har_ma_*
baseline,lgbm,shap,series,vix_tercile,high,81,1.0000,har_ma_*,har_ma_*
baseline,lgbm,shap,series,vix_tercile,low,28,1.0000,har_ma_*,har_ma_*
baseline,lgbm,shap,series,vix_tercile,mid,38,1.0000,har_ma_*,har_ma_*
baseline,xgb,mdi,series,year,2018,13,1.0000,har_ma_*,har_ma_*
baseline,xgb,mdi,series,year,2019,26,1.0000,har_ma_*,har_ma_*
baseline,xgb,mdi,series,year,2020,25,1.0000,har_ma_*,har_ma_*
baseline,xgb,mdi,series,year,2021,25,1.0000,har_ma_*,har_ma_*
baseline,xgb,mdi,series,year,2022,25,1.0000,har_ma_*,har_ma_*
baseline,xgb,mdi,series,year,2023,25,1.0000,har_ma_*,har_ma_*
baseline,xgb,mdi,series,year,2024,8,1.0000,har_ma_*,har_ma_*
baseline,xgb,mdi,series,vix_tercile,high,81,1.0000,har_ma_*,har_ma_*
baseline,xgb,mdi,series,vix_tercile,low,28,1.0000,har_ma_*,har_ma_*
baseline,xgb,mdi,series,vix_tercile,mid,38,1.0000,har_ma_*,har_ma_*
baseline,xgb,split,series,year,2018,13,1.0000,har_ma_*,har_ma_*
baseline,xgb,split,series,year,2019,26,1.0000,har_ma_*,har_ma_*
baseline,xgb,split,series,year,2020,25,1.0000,har_ma_*,har_ma_*
baseline,xgb,split,series,year,2021,25,1.0000,har_ma_*,har_ma_*
baseline,xgb,split,series,year,2022,25,1.0000,har_ma_*,har_ma_*
baseline,xgb,split,series,year,2023,25,1.0000,har_ma_*,har_ma_*
baseline,xgb,split,series,year,2024,8,1.0000,har_ma_*,har_ma_*
baseline,xgb,split,series,vix_tercile,high,81,1.0000,har_ma_*,har_ma_*
baseline,xgb,split,series,vix_tercile,low,28,1.0000,har_ma_*,har_ma_*
baseline,xgb,split,series,vix_tercile,mid,38,1.0000,har_ma_*,har_ma_*
baseline,xgb,perm_p1_qlike,series,year,2018,13,1.0000,har_ma_*,har_ma_*
baseline,xgb,perm_p1_qlike,series,year,2019,26,1.0000,har_ma_*,har_ma_*
baseline,xgb,perm_p1_qlike,series,year,2020,25,1.0000,har_ma_*,har_ma_*
baseline,xgb,perm_p1_qlike,series,year,2021,25,1.0000,har_ma_*,har_ma_*
baseline,xgb,perm_p1_qlike,series,year,2022,25,1.0000,har_ma_*,har_ma_*
baseline,xgb,perm_p1_qlike,series,year,2023,25,1.0000,har_ma_*,har_ma_*
baseline,xgb,perm_p1_qlike,series,year,2024,8,1.0000,har_ma_*,har_ma_*
baseline,xgb,perm_p1_qlike,series,vix_tercile,high,81,1.0000,har_ma_*,har_ma_*
baseline,xgb,perm_p1_qlike,series,vix_tercile,low,28,1.0000,har_ma_*,har_ma_*
baseline,xgb,perm_p1_qlike,series,vix_tercile,mid,38,1.0000,har_ma_*,har_ma_*
baseline,xgb,perm_p2_qlike,series,year,2018,13,1.0000,har_ma_*,har_ma_*
baseline,xgb,perm_p2_qlike,series,year,2019,26,1.0000,har_ma_*,har_ma_*
baseline,xgb,perm_p2_qlike,series,year,2020,25,1.0000,har_ma_*,har_ma_*
baseline,xgb,perm_p2_qlike,series,year,2021,25,1.0000,har_ma_*,har_ma_*
baseline,xgb,perm_p2_qlike,series,year,2022,25,1.0000,har_ma_*,har_ma_*
baseline,xgb,perm_p2_qlike,series,year,2023,25,1.0000,har_ma_*,har_ma_*
baseline,xgb,perm_p2_qlike,series,year,2024,8,1.0000,har_ma_*,har_ma_*
baseline,xgb,perm_p2_qlike,series,vix_tercile,high,81,1.0000,har_ma_*,har_ma_*
baseline,xgb,perm_p2_qlike,series,vix_tercile,low,28,1.0000,har_ma_*,har_ma_*
baseline,xgb,perm_p2_qlike,series,vix_tercile,mid,38,1.0000,har_ma_*,har_ma_*
baseline,xgb,perm_p1_mse,series,year,2018,13,1.0000,har_ma_*,har_ma_*
baseline,xgb,perm_p1_mse,series,year,2019,26,1.0000,har_ma_*,har_ma_*
baseline,xgb,perm_p1_mse,series,year,2020,25,1.0000,har_ma_*,har_ma_*
baseline,xgb,perm_p1_mse,series,year,2021,25,1.0000,har_ma_*,har_ma_*
baseline,xgb,perm_p1_mse,series,year,2022,25,1.0000,har_ma_*,har_ma_*
baseline,xgb,perm_p1_mse,series,year,2023,25,1.0000,har_ma_*,har_ma_*
baseline,xgb,perm_p1_mse,series,year,2024,8,1.0000,har_ma_*,har_ma_*
baseline,xgb,perm_p1_mse,series,vix_tercile,high,81,1.0000,har_ma_*,har_ma_*
baseline,xgb,perm_p1_mse,series,vix_tercile,low,28,1.0000,har_ma_*,har_ma_*
baseline,xgb,perm_p1_mse,series,vix_tercile,mid,38,1.0000,har_ma_*,har_ma_*
baseline,xgb,perm_p2_mse,series,year,2018,13,1.0000,har_ma_*,har_ma_*
baseline,xgb,perm_p2_mse,series,year,2019,26,1.0000,har_ma_*,har_ma_*
baseline,xgb,perm_p2_mse,series,year,2020,25,1.0000,har_ma_*,har_ma_*
baseline,xgb,perm_p2_mse,series,year,2021,25,1.0000,har_ma_*,har_ma_*
baseline,xgb,perm_p2_mse,series,year,2022,25,1.0000,har_ma_*,har_ma_*
baseline,xgb,perm_p2_mse,series,year,2023,25,1.0000,har_ma_*,har_ma_*
baseline,xgb,perm_p2_mse,series,year,2024,8,1.0000,har_ma_*,har_ma_*
baseline,xgb,perm_p2_mse,series,vix_tercile,high,81,1.0000,har_ma_*,har_ma_*
baseline,xgb,perm_p2_mse,series,vix_tercile,low,28,1.0000,har_ma_*,har_ma_*
baseline,xgb,perm_p2_mse,series,vix_tercile,mid,38,1.0000,har_ma_*,har_ma_*
baseline,xgb,shap,series,year,2018,13,1.0000,har_ma_*,har_ma_*
baseline,xgb,shap,series,year,2019,26,1.0000,har_ma_*,har_ma_*
baseline,xgb,shap,series,year,2020,25,1.0000,har_ma_*,har_ma_*
baseline,xgb,shap,series,year,2021,25,1.0000,har_ma_*,har_ma_*
baseline,xgb,shap,series,year,2022,25,1.0000,har_ma_*,har_ma_*
baseline,xgb,shap,series,year,2023,25,1.0000,har_ma_*,har_ma_*
baseline,xgb,shap,series,year,2024,8,1.0000,har_ma_*,har_ma_*
baseline,xgb,shap,series,vix_tercile,high,81,1.0000,har_ma_*,har_ma_*
baseline,xgb,shap,series,vix_tercile,low,28,1.0000,har_ma_*,har_ma_*
baseline,xgb,shap,series,vix_tercile,mid,38,1.0000,har_ma_*,har_ma_*
baseline,rf,mdi,series,year,2018,13,1.0000,har_ma_*,har_ma_*
baseline,rf,mdi,series,year,2019,26,1.0000,har_ma_*,har_ma_*
baseline,rf,mdi,series,year,2020,25,1.0000,har_ma_*,har_ma_*
baseline,rf,mdi,series,year,2021,25,1.0000,har_ma_*,har_ma_*
baseline,rf,mdi,series,year,2022,25,1.0000,har_ma_*,har_ma_*
baseline,rf,mdi,series,year,2023,25,1.0000,har_ma_*,har_ma_*
baseline,rf,mdi,series,year,2024,8,1.0000,har_ma_*,har_ma_*
baseline,rf,mdi,series,vix_tercile,high,81,1.0000,har_ma_*,har_ma_*
baseline,rf,mdi,series,vix_tercile,low,28,1.0000,har_ma_*,har_ma_*
baseline,rf,mdi,series,vix_tercile,mid,38,1.0000,har_ma_*,har_ma_*
baseline,rf,split,series,year,2018,13,1.0000,har_ma_*,har_ma_*
baseline,rf,split,series,year,2019,26,1.0000,har_ma_*,har_ma_*
baseline,rf,split,series,year,2020,25,1.0000,har_ma_*,har_ma_*
baseline,rf,split,series,year,2021,25,1.0000,har_ma_*,har_ma_*
baseline,rf,split,series,year,2022,25,1.0000,har_ma_*,har_ma_*
baseline,rf,split,series,year,2023,25,1.0000,har_ma_*,har_ma_*
baseline,rf,split,series,year,2024,8,1.0000,har_ma_*,har_ma_*
baseline,rf,split,series,vix_tercile,high,81,1.0000,har_ma_*,har_ma_*
baseline,rf,split,series,vix_tercile,low,28,1.0000,har_ma_*,har_ma_*
baseline,rf,split,series,vix_tercile,mid,38,1.0000,har_ma_*,har_ma_*
baseline,rf,perm_p1_qlike,series,year,2018,13,1.0000,har_ma_*,har_ma_*
baseline,rf,perm_p1_qlike,series,year,2019,26,1.0000,har_ma_*,har_ma_*
baseline,rf,perm_p1_qlike,series,year,2020,25,1.0000,har_ma_*,har_ma_*
baseline,rf,perm_p1_qlike,series,year,2021,25,1.0000,har_ma_*,har_ma_*
baseline,rf,perm_p1_qlike,series,year,2022,25,1.0000,har_ma_*,har_ma_*
baseline,rf,perm_p1_qlike,series,year,2023,25,1.0000,har_ma_*,har_ma_*
baseline,rf,perm_p1_qlike,series,year,2024,8,1.0000,har_ma_*,har_ma_*
baseline,rf,perm_p1_qlike,series,vix_tercile,high,81,1.0000,har_ma_*,har_ma_*
baseline,rf,perm_p1_qlike,series,vix_tercile,low,28,1.0000,har_ma_*,har_ma_*
baseline,rf,perm_p1_qlike,series,vix_tercile,mid,38,1.0000,har_ma_*,har_ma_*
baseline,rf,perm_p2_qlike,series,year,2018,13,1.0000,har_ma_*,har_ma_*
baseline,rf,perm_p2_qlike,series,year,2019,26,1.0000,har_ma_*,har_ma_*
baseline,rf,perm_p2_qlike,series,year,2020,25,1.0000,har_ma_*,har_ma_*
baseline,rf,perm_p2_qlike,series,year,2021,25,1.0000,har_ma_*,har_ma_*
baseline,rf,perm_p2_qlike,series,year,2022,25,1.0000,har_ma_*,har_ma_*
baseline,rf,perm_p2_qlike,series,year,2023,25,1.0000,har_ma_*,har_ma_*
baseline,rf,perm_p2_qlike,series,year,2024,8,1.0000,har_ma_*,har_ma_*
baseline,rf,perm_p2_qlike,series,vix_tercile,high,81,1.0000,har_ma_*,har_ma_*
baseline,rf,perm_p2_qlike,series,vix_tercile,low,28,1.0000,har_ma_*,har_ma_*
baseline,rf,perm_p2_qlike,series,vix_tercile,mid,38,1.0000,har_ma_*,har_ma_*
baseline,rf,perm_p1_mse,series,year,2018,13,1.0000,har_ma_*,har_ma_*
baseline,rf,perm_p1_mse,series,year,2019,26,1.0000,har_ma_*,har_ma_*
baseline,rf,perm_p1_mse,series,year,2020,25,1.0000,har_ma_*,har_ma_*
baseline,rf,perm_p1_mse,series,year,2021,25,1.0000,har_ma_*,har_ma_*
baseline,rf,perm_p1_mse,series,year,2022,25,1.0000,har_ma_*,har_ma_*
baseline,rf,perm_p1_mse,series,year,2023,25,1.0000,har_ma_*,har_ma_*
baseline,rf,perm_p1_mse,series,year,2024,8,1.0000,har_ma_*,har_ma_*
baseline,rf,perm_p1_mse,series,vix_tercile,high,81,1.0000,har_ma_*,har_ma_*
baseline,rf,perm_p1_mse,series,vix_tercile,low,28,1.0000,har_ma_*,har_ma_*
baseline,rf,perm_p1_mse,series,vix_tercile,mid,38,1.0000,har_ma_*,har_ma_*
baseline,rf,perm_p2_mse,series,year,2018,13,1.0000,har_ma_*,har_ma_*
baseline,rf,perm_p2_mse,series,year,2019,26,1.0000,har_ma_*,har_ma_*
baseline,rf,perm_p2_mse,series,year,2020,25,1.0000,har_ma_*,har_ma_*
baseline,rf,perm_p2_mse,series,year,2021,25,1.0000,har_ma_*,har_ma_*
baseline,rf,perm_p2_mse,series,year,2022,25,1.0000,har_ma_*,har_ma_*
baseline,rf,perm_p2_mse,series,year,2023,25,1.0000,har_ma_*,har_ma_*
baseline,rf,perm_p2_mse,series,year,2024,8,1.0000,har_ma_*,har_ma_*
baseline,rf,perm_p2_mse,series,vix_tercile,high,81,1.0000,har_ma_*,har_ma_*
baseline,rf,perm_p2_mse,series,vix_tercile,low,28,1.0000,har_ma_*,har_ma_*
baseline,rf,perm_p2_mse,series,vix_tercile,mid,38,1.0000,har_ma_*,har_ma_*
baseline,rf,shap,series,year,2018,13,1.0000,har_ma_*,har_ma_*
baseline,rf,shap,series,year,2019,26,1.0000,har_ma_*,har_ma_*
baseline,rf,shap,series,year,2020,25,1.0000,har_ma_*,har_ma_*
baseline,rf,shap,series,year,2021,25,1.0000,har_ma_*,har_ma_*
baseline,rf,shap,series,year,2022,25,1.0000,har_ma_*,har_ma_*
baseline,rf,shap,series,year,2023,25,1.0000,har_ma_*,har_ma_*
baseline,rf,shap,series,year,2024,8,1.0000,har_ma_*,har_ma_*
baseline,rf,shap,series,vix_tercile,high,81,1.0000,har_ma_*,har_ma_*
baseline,rf,shap,series,vix_tercile,low,28,1.0000,har_ma_*,har_ma_*
baseline,rf,shap,series,vix_tercile,mid,38,1.0000,har_ma_*,har_ma_*
baseline,ridge,bsd,cluster,year,2018,13,0.9464,C02: har_ma_1 +1,C02: har_ma_1 +1
baseline,ridge,bsd,cluster,year,2019,26,0.9821,C02: har_ma_1 +1,C02: har_ma_1 +1
baseline,ridge,bsd,cluster,year,2020,25,0.9679,C02: har_ma_1 +1,C02: har_ma_1 +1
baseline,ridge,bsd,cluster,year,2021,25,0.9393,C02: har_ma_1 +1,C02: har_ma_1 +1
baseline,ridge,bsd,cluster,year,2022,25,0.9393,C02: har_ma_1 +1,C02: har_ma_1 +1
baseline,ridge,bsd,cluster,year,2023,25,0.9214,C02: har_ma_1 +1,C02: har_ma_1 +1
baseline,ridge,bsd,cluster,year,2024,8,0.9464,C02: har_ma_1 +1,C02: har_ma_1 +1
baseline,ridge,bsd,cluster,vix_tercile,high,81,0.9750,C02: har_ma_1 +1,C02: har_ma_1 +1
baseline,ridge,bsd,cluster,vix_tercile,low,28,0.9643,C02: har_ma_1 +1,C02: har_ma_1 +1
baseline,ridge,bsd,cluster,vix_tercile,mid,38,0.9893,C02: har_ma_1 +1,C02: har_ma_1 +1
baseline,ridge,perm_p1_qlike,cluster,year,2018,13,0.4893,C02: har_ma_1 +1,C02: har_ma_1 +1
baseline,ridge,perm_p1_qlike,cluster,year,2019,26,0.7607,C02: har_ma_1 +1,C02: har_ma_1 +1
baseline,ridge,perm_p1_qlike,cluster,year,2020,25,0.7964,C02: har_ma_1 +1,C02: har_ma_1 +1
baseline,ridge,perm_p1_qlike,cluster,year,2021,25,0.7643,C02: har_ma_1 +1,C02: har_ma_1 +1
baseline,ridge,perm_p1_qlike,cluster,year,2022,25,0.6143,C02: har_ma_1 +1,C02: har_ma_1 +1
baseline,ridge,perm_p1_qlike,cluster,year,2023,25,0.6214,C02: har_ma_1 +1,C02: har_ma_1 +1
baseline,ridge,perm_p1_qlike,cluster,year,2024,8,0.6464,C02: har_ma_1 +1,C02: har_ma_1 +1
baseline,ridge,perm_p1_qlike,cluster,vix_tercile,high,81,0.7750,C02: har_ma_1 +1,C02: har_ma_1 +1
baseline,ridge,perm_p1_qlike,cluster,vix_tercile,low,28,0.7786,C02: har_ma_1 +1,C02: har_ma_1 +1
baseline,ridge,perm_p1_qlike,cluster,vix_tercile,mid,38,0.7929,C02: har_ma_1 +1,C02: har_ma_1 +1
baseline,ridge,perm_p2_qlike,cluster,year,2018,13,0.7750,C02: har_ma_1 +1,C02: har_ma_1 +1
baseline,ridge,perm_p2_qlike,cluster,year,2019,26,0.6393,C02: har_ma_1 +1,C02: har_ma_1 +1
baseline,ridge,perm_p2_qlike,cluster,year,2020,25,0.7393,C02: har_ma_1 +1,C02: har_ma_1 +1
baseline,ridge,perm_p2_qlike,cluster,year,2021,25,0.9000,C02: har_ma_1 +1,C02: har_ma_1 +1
baseline,ridge,perm_p2_qlike,cluster,year,2022,25,0.8071,C02: har_ma_1 +1,C02: har_ma_1 +1
baseline,ridge,perm_p2_qlike,cluster,year,2023,25,0.4821,C02: har_ma_1 +1,C02: har_ma_1 +1
baseline,ridge,perm_p2_qlike,cluster,year,2024,8,0.7214,C02: har_ma_1 +1,C02: har_ma_1 +1
baseline,ridge,perm_p2_qlike,cluster,vix_tercile,high,81,0.7393,C02: har_ma_1 +1,C02: har_ma_1 +1
baseline,ridge,perm_p2_qlike,cluster,vix_tercile,low,28,0.6714,C02: har_ma_1 +1,C02: har_ma_1 +1
baseline,ridge,perm_p2_qlike,cluster,vix_tercile,mid,38,0.9750,C02: har_ma_1 +1,C02: har_ma_1 +1
baseline,ridge,perm_p1_mse,cluster,year,2018,13,0.8429,C02: har_ma_1 +1,C02: har_ma_1 +1
baseline,ridge,perm_p1_mse,cluster,year,2019,26,0.7393,C02: har_ma_1 +1,C02: har_ma_1 +1
baseline,ridge,perm_p1_mse,cluster,year,2020,25,0.7750,C02: har_ma_1 +1,C02: har_ma_1 +1
baseline,ridge,perm_p1_mse,cluster,year,2021,25,0.7643,C02: har_ma_1 +1,C02: har_ma_1 +1
baseline,ridge,perm_p1_mse,cluster,year,2022,25,0.7107,C02: har_ma_1 +1,C02: har_ma_1 +1
baseline,ridge,perm_p1_mse,cluster,year,2023,25,0.1464,C02: har_ma_1 +1,C02: har_ma_1 +1
baseline,ridge,perm_p1_mse,cluster,year,2024,8,0.6464,C02: har_ma_1 +1,C02: har_ma_1 +1
baseline,ridge,perm_p1_mse,cluster,vix_tercile,high,81,0.8000,C02: har_ma_1 +1,C02: har_ma_1 +1
baseline,ridge,perm_p1_mse,cluster,vix_tercile,low,28,0.7821,C02: har_ma_1 +1,C02: har_ma_1 +1
baseline,ridge,perm_p1_mse,cluster,vix_tercile,mid,38,0.8964,C02: har_ma_1 +1,C02: har_ma_1 +1
baseline,ridge,perm_p2_mse,cluster,year,2018,13,0.8179,C02: har_ma_1 +1,C02: har_ma_1 +1
baseline,ridge,perm_p2_mse,cluster,year,2019,26,0.7107,C02: har_ma_1 +1,C02: har_ma_1 +1
baseline,ridge,perm_p2_mse,cluster,year,2020,25,0.6000,C02: har_ma_1 +1,C02: har_ma_1 +1
baseline,ridge,perm_p2_mse,cluster,year,2021,25,0.7107,C02: har_ma_1 +1,C02: har_ma_1 +1
baseline,ridge,perm_p2_mse,cluster,year,2022,25,0.6214,C02: har_ma_1 +1,C02: har_ma_1 +1
baseline,ridge,perm_p2_mse,cluster,year,2023,25,0.6286,C02: har_ma_1 +1,C02: har_ma_1 +1
baseline,ridge,perm_p2_mse,cluster,year,2024,8,0.7357,C02: har_ma_1 +1,C02: har_ma_1 +1
baseline,ridge,perm_p2_mse,cluster,vix_tercile,high,81,0.9643,C02: har_ma_1 +1,C02: har_ma_1 +1
baseline,ridge,perm_p2_mse,cluster,vix_tercile,low,28,0.6643,C02: har_ma_1 +1,C02: har_ma_1 +1
baseline,ridge,perm_p2_mse,cluster,vix_tercile,mid,38,0.9250,C02: har_ma_1 +1,C02: har_ma_1 +1
baseline,ridge,drop_qlike,cluster,year,2018,13,0.7500,C02: har_ma_1 +1,C02: har_ma_1 +1
baseline,ridge,drop_qlike,cluster,year,2019,26,0.8321,C02: har_ma_1 +1,C02: har_ma_1 +1
baseline,ridge,drop_qlike,cluster,year,2020,25,0.6893,C02: har_ma_1 +1,C02: har_ma_1 +1
baseline,ridge,drop_qlike,cluster,year,2021,25,0.5500,C02: har_ma_1 +1,C02: har_ma_1 +1
baseline,ridge,drop_qlike,cluster,year,2022,25,0.1571,C02: har_ma_1 +1,C02: har_ma_1 +1
baseline,ridge,drop_qlike,cluster,year,2023,25,0.5000,C02: har_ma_1 +1,C02: har_ma_1 +1
baseline,ridge,drop_qlike,cluster,year,2024,8,0.2786,C02: har_ma_1 +1,C02: har_ma_1 +1
baseline,ridge,drop_qlike,cluster,vix_tercile,high,81,0.8357,C02: har_ma_1 +1,C02: har_ma_1 +1
baseline,ridge,drop_qlike,cluster,vix_tercile,low,28,0.4607,C02: har_ma_1 +1,C02: har_ma_1 +1
baseline,ridge,drop_qlike,cluster,vix_tercile,mid,38,0.4964,C02: har_ma_1 +1,C02: har_ma_1 +1
baseline,ridge,drop_mse,cluster,year,2018,13,0.8321,C02: har_ma_1 +1,C02: har_ma_1 +1
baseline,ridge,drop_mse,cluster,year,2019,26,0.8071,C02: har_ma_1 +1,C02: har_ma_1 +1
baseline,ridge,drop_mse,cluster,year,2020,25,0.7321,C02: har_ma_1 +1,C02: har_ma_1 +1
baseline,ridge,drop_mse,cluster,year,2021,25,0.5214,C02: har_ma_1 +1,C02: har_ma_1 +1
baseline,ridge,drop_mse,cluster,year,2022,25,0.1571,C02: har_ma_1 +1,C02: har_ma_1 +1
baseline,ridge,drop_mse,cluster,year,2023,25,0.6929,C02: har_ma_1 +1,C02: har_ma_1 +1
baseline,ridge,drop_mse,cluster,year,2024,8,0.2464,C02: har_ma_1 +1,C02: har_ma_1 +1
baseline,ridge,drop_mse,cluster,vix_tercile,high,81,0.8714,C02: har_ma_1 +1,C02: har_ma_1 +1
baseline,ridge,drop_mse,cluster,vix_tercile,low,28,0.9429,C02: har_ma_1 +1,C02: har_ma_1 +1
baseline,ridge,drop_mse,cluster,vix_tercile,mid,38,0.6393,C02: har_ma_1 +1,C02: har_ma_1 +1
baseline,ridge,shap,cluster,year,2018,13,0.8143,C02: har_ma_1 +1,C02: har_ma_1 +1
baseline,ridge,shap,cluster,year,2019,26,0.9000,C02: har_ma_1 +1,C02: har_ma_1 +1
baseline,ridge,shap,cluster,year,2020,25,0.9000,C02: har_ma_1 +1,C02: har_ma_1 +1
baseline,ridge,shap,cluster,year,2021,25,0.9750,C02: har_ma_1 +1,C02: har_ma_1 +1
baseline,ridge,shap,cluster,year,2022,25,0.9357,C02: har_ma_1 +1,C02: har_ma_1 +1
baseline,ridge,shap,cluster,year,2023,25,0.7607,C02: har_ma_1 +1,C02: har_ma_1 +1
baseline,ridge,shap,cluster,year,2024,8,0.8786,C02: har_ma_1 +1,C02: har_ma_1 +1
baseline,ridge,shap,cluster,vix_tercile,high,81,0.9857,C02: har_ma_1 +1,C02: har_ma_1 +1
baseline,ridge,shap,cluster,vix_tercile,low,28,0.9000,C02: har_ma_1 +1,C02: har_ma_1 +1
baseline,ridge,shap,cluster,vix_tercile,mid,38,0.9679,C02: har_ma_1 +1,C02: har_ma_1 +1
baseline,lasso,bsd,cluster,year,2018,13,0.9107,C02: har_ma_1 +1,C02: har_ma_1 +1
baseline,lasso,bsd,cluster,year,2019,26,0.8964,C02: har_ma_1 +1,C02: har_ma_1 +1
baseline,lasso,bsd,cluster,year,2020,25,0.8781,C02: har_ma_1 +1,C02: har_ma_1 +1
baseline,lasso,bsd,cluster,year,2021,25,0.9643,C02: har_ma_1 +1,C02: har_ma_1 +1
baseline,lasso,bsd,cluster,year,2022,25,0.9786,C02: har_ma_1 +1,C02: har_ma_1 +1
baseline,lasso,bsd,cluster,year,2023,25,0.8321,C02: har_ma_1 +1,C02: har_ma_1 +1
baseline,lasso,bsd,cluster,year,2024,8,0.8074,C02: har_ma_1 +1,C02: har_ma_1 +1
baseline,lasso,bsd,cluster,vix_tercile,high,81,0.9893,C02: har_ma_1 +1,C02: har_ma_1 +1
baseline,lasso,bsd,cluster,vix_tercile,low,28,0.9286,C02: har_ma_1 +1,C02: har_ma_1 +1
baseline,lasso,bsd,cluster,vix_tercile,mid,38,0.9893,C02: har_ma_1 +1,C02: har_ma_1 +1
baseline,lasso,perm_p1_qlike,cluster,year,2018,13,0.4071,C02: har_ma_1 +1,C02: har_ma_1 +1
baseline,lasso,perm_p1_qlike,cluster,year,2019,26,0.9643,C02: har_ma_1 +1,C02: har_ma_1 +1
baseline,lasso,perm_p1_qlike,cluster,year,2020,25,0.7828,C02: har_ma_1 +1,C02: har_ma_1 +1
baseline,lasso,perm_p1_qlike,cluster,year,2021,25,0.9321,C02: har_ma_1 +1,C02: har_ma_1 +1
baseline,lasso,perm_p1_qlike,cluster,year,2022,25,0.7857,C02: har_ma_1 +1,C02: har_ma_1 +1
baseline,lasso,perm_p1_qlike,cluster,year,2023,25,0.6143,C02: har_ma_1 +1,C02: har_ma_1 +1
baseline,lasso,perm_p1_qlike,cluster,year,2024,8,0.7128,C02: har_ma_1 +1,C02: har_ma_1 +1
baseline,lasso,perm_p1_qlike,cluster,vix_tercile,high,81,0.9643,C02: har_ma_1 +1,C02: har_ma_1 +1
baseline,lasso,perm_p1_qlike,cluster,vix_tercile,low,28,0.5786,C02: har_ma_1 +1,C02: har_ma_1 +1
baseline,lasso,perm_p1_qlike,cluster,vix_tercile,mid,38,0.8286,C02: har_ma_1 +1,C02: har_ma_1 +1
baseline,lasso,perm_p2_qlike,cluster,year,2018,13,0.7643,C02: har_ma_1 +1,C02: har_ma_1 +1
baseline,lasso,perm_p2_qlike,cluster,year,2019,26,0.8214,C02: har_ma_1 +1,C02: har_ma_1 +1
baseline,lasso,perm_p2_qlike,cluster,year,2020,25,0.8668,C02: har_ma_1 +1,C02: har_ma_1 +1
baseline,lasso,perm_p2_qlike,cluster,year,2021,25,0.8750,C02: har_ma_1 +1,C02: har_ma_1 +1
baseline,lasso,perm_p2_qlike,cluster,year,2022,25,0.8464,C02: har_ma_1 +1,C02: har_ma_1 +1
baseline,lasso,perm_p2_qlike,cluster,year,2023,25,0.6429,C02: har_ma_1 +1,C02: har_ma_1 +1
baseline,lasso,perm_p2_qlike,cluster,year,2024,8,0.5637,C02: har_ma_1 +1,C02: har_ma_1 +1
baseline,lasso,perm_p2_qlike,cluster,vix_tercile,high,81,0.9607,C02: har_ma_1 +1,C02: har_ma_1 +1
baseline,lasso,perm_p2_qlike,cluster,vix_tercile,low,28,0.6464,C02: har_ma_1 +1,C02: har_ma_1 +1
baseline,lasso,perm_p2_qlike,cluster,vix_tercile,mid,38,0.9000,C02: har_ma_1 +1,C02: har_ma_1 +1
baseline,lasso,perm_p1_mse,cluster,year,2018,13,0.5821,C02: har_ma_1 +1,C02: har_ma_1 +1
baseline,lasso,perm_p1_mse,cluster,year,2019,26,0.5500,C02: har_ma_1 +1,C02: har_ma_1 +1
baseline,lasso,perm_p1_mse,cluster,year,2020,25,0.7113,C02: har_ma_1 +1,C02: har_ma_1 +1
baseline,lasso,perm_p1_mse,cluster,year,2021,25,0.7321,C02: har_ma_1 +1,C02: har_ma_1 +1
baseline,lasso,perm_p1_mse,cluster,year,2022,25,0.6464,C02: har_ma_1 +1,C02: har_ma_1 +1
baseline,lasso,perm_p1_mse,cluster,year,2023,25,0.3179,C02: har_ma_1 +1,C02: har_ma_1 +1
baseline,lasso,perm_p1_mse,cluster,year,2024,8,0.8292,C02: har_ma_1 +1,C02: har_ma_1 +1
baseline,lasso,perm_p1_mse,cluster,vix_tercile,high,81,0.9429,C02: har_ma_1 +1,C02: har_ma_1 +1
baseline,lasso,perm_p1_mse,cluster,vix_tercile,low,28,0.6250,C02: har_ma_1 +1,C02: har_ma_1 +1
baseline,lasso,perm_p1_mse,cluster,vix_tercile,mid,38,0.7714,C02: har_ma_1 +1,C02: har_ma_1 +1
baseline,lasso,perm_p2_mse,cluster,year,2018,13,0.6036,C02: har_ma_1 +1,C02: har_ma_1 +1
baseline,lasso,perm_p2_mse,cluster,year,2019,26,0.4429,C02: har_ma_1 +1,C02: har_ma_1 +1
baseline,lasso,perm_p2_mse,cluster,year,2020,25,0.8007,C02: har_ma_1 +1,C02: har_ma_1 +1
baseline,lasso,perm_p2_mse,cluster,year,2021,25,0.6071,C02: har_ma_1 +1,C02: har_ma_1 +1
baseline,lasso,perm_p2_mse,cluster,year,2022,25,0.4750,C02: har_ma_1 +1,C02: har_ma_1 +1
baseline,lasso,perm_p2_mse,cluster,year,2023,25,0.7143,C02: har_ma_1 +1,C02: har_ma_1 +1
baseline,lasso,perm_p2_mse,cluster,year,2024,8,0.8547,C02: har_ma_1 +1,C02: har_ma_1 +1
baseline,lasso,perm_p2_mse,cluster,vix_tercile,high,81,0.9786,C02: har_ma_1 +1,C02: har_ma_1 +1
baseline,lasso,perm_p2_mse,cluster,vix_tercile,low,28,0.5179,C02: har_ma_1 +1,C02: har_ma_1 +1
baseline,lasso,perm_p2_mse,cluster,vix_tercile,mid,38,0.8607,C02: har_ma_1 +1,C02: har_ma_1 +1
baseline,lasso,drop_qlike,cluster,year,2018,13,0.8286,C02: har_ma_1 +1,C02: har_ma_1 +1
baseline,lasso,drop_qlike,cluster,year,2019,26,0.5071,C02: har_ma_1 +1,C02: har_ma_1 +1
baseline,lasso,drop_qlike,cluster,year,2020,25,0.6989,C02: har_ma_1 +1,C02: har_ma_1 +1
baseline,lasso,drop_qlike,cluster,year,2021,25,0.7214,C02: har_ma_1 +1,C02: har_ma_1 +1
baseline,lasso,drop_qlike,cluster,year,2022,25,0.2143,C02: har_ma_1 +1,C02: har_ma_1 +1
baseline,lasso,drop_qlike,cluster,year,2023,25,0.5429,C02: har_ma_1 +1,C02: har_ma_1 +1
baseline,lasso,drop_qlike,cluster,year,2024,8,0.7783,C02: har_ma_1 +1,C02: har_ma_1 +1
baseline,lasso,drop_qlike,cluster,vix_tercile,high,81,0.8857,C02: har_ma_1 +1,C02: har_ma_1 +1
baseline,lasso,drop_qlike,cluster,vix_tercile,low,28,0.6036,C02: har_ma_1 +1,C02: har_ma_1 +1
baseline,lasso,drop_qlike,cluster,vix_tercile,mid,38,0.7929,C02: har_ma_1 +1,C02: har_ma_1 +1
baseline,lasso,drop_mse,cluster,year,2018,13,0.7643,C02: har_ma_1 +1,C02: har_ma_1 +1
baseline,lasso,drop_mse,cluster,year,2019,26,0.4179,C02: har_ma_1 +1,C02: har_ma_1 +1
baseline,lasso,drop_mse,cluster,year,2020,25,0.7240,C02: har_ma_1 +1,C02: har_ma_1 +1
baseline,lasso,drop_mse,cluster,year,2021,25,0.4893,C02: har_ma_1 +1,C02: har_ma_1 +1
baseline,lasso,drop_mse,cluster,year,2022,25,0.2679,C02: har_ma_1 +1,C02: har_ma_1 +1
baseline,lasso,drop_mse,cluster,year,2023,25,0.6357,C02: har_ma_1 +1,C02: har_ma_1 +1
baseline,lasso,drop_mse,cluster,year,2024,8,0.6510,C02: har_ma_1 +1,C02: har_ma_1 +1
baseline,lasso,drop_mse,cluster,vix_tercile,high,81,0.9464,C02: har_ma_1 +1,C02: har_ma_1 +1
baseline,lasso,drop_mse,cluster,vix_tercile,low,28,0.7571,C02: har_ma_1 +1,C02: har_ma_1 +1
baseline,lasso,drop_mse,cluster,vix_tercile,mid,38,0.7964,C02: har_ma_1 +1,C02: har_ma_1 +1
baseline,lasso,shap,cluster,year,2018,13,0.8429,C02: har_ma_1 +1,C02: har_ma_1 +1
baseline,lasso,shap,cluster,year,2019,26,0.8607,C02: har_ma_1 +1,C02: har_ma_1 +1
baseline,lasso,shap,cluster,year,2020,25,0.9044,C02: har_ma_1 +1,C02: har_ma_1 +1
baseline,lasso,shap,cluster,year,2021,25,0.9536,C02: har_ma_1 +1,C02: har_ma_1 +1
baseline,lasso,shap,cluster,year,2022,25,0.9607,C02: har_ma_1 +1,C02: har_ma_1 +1
baseline,lasso,shap,cluster,year,2023,25,0.9143,C02: har_ma_1 +1,C02: har_ma_1 +1
baseline,lasso,shap,cluster,year,2024,8,0.8474,C02: har_ma_1 +1,C02: har_ma_1 +1
baseline,lasso,shap,cluster,vix_tercile,high,81,0.9714,C02: har_ma_1 +1,C02: har_ma_1 +1
baseline,lasso,shap,cluster,vix_tercile,low,28,0.8821,C02: har_ma_1 +1,C02: har_ma_1 +1
baseline,lasso,shap,cluster,vix_tercile,mid,38,0.9893,C02: har_ma_1 +1,C02: har_ma_1 +1
baseline,lgbm,mdi,cluster,year,2018,13,0.9607,C02: har_ma_1 +1,C02: har_ma_1 +1
baseline,lgbm,mdi,cluster,year,2019,26,0.9929,C02: har_ma_1 +1,C02: har_ma_1 +1
baseline,lgbm,mdi,cluster,year,2020,25,0.9964,C02: har_ma_1 +1,C02: har_ma_1 +1
baseline,lgbm,mdi,cluster,year,2021,25,0.9964,C02: har_ma_1 +1,C02: har_ma_1 +1
baseline,lgbm,mdi,cluster,year,2022,25,0.9857,C02: har_ma_1 +1,C02: har_ma_1 +1
baseline,lgbm,mdi,cluster,year,2023,25,0.9929,C02: har_ma_1 +1,C02: har_ma_1 +1
baseline,lgbm,mdi,cluster,year,2024,8,0.9821,C02: har_ma_1 +1,C02: har_ma_1 +1
baseline,lgbm,mdi,cluster,vix_tercile,high,81,1.0000,C02: har_ma_1 +1,C02: har_ma_1 +1
baseline,lgbm,mdi,cluster,vix_tercile,low,28,0.9929,C02: har_ma_1 +1,C02: har_ma_1 +1
baseline,lgbm,mdi,cluster,vix_tercile,mid,38,1.0000,C02: har_ma_1 +1,C02: har_ma_1 +1
baseline,lgbm,split,cluster,year,2018,13,0.9500,C02: har_ma_1 +1,C02: har_ma_1 +1
baseline,lgbm,split,cluster,year,2019,26,0.9929,C02: har_ma_1 +1,C02: har_ma_1 +1
baseline,lgbm,split,cluster,year,2020,25,0.9893,C02: har_ma_1 +1,C02: har_ma_1 +1
baseline,lgbm,split,cluster,year,2021,25,0.9786,C02: har_ma_1 +1,C02: har_ma_1 +1
baseline,lgbm,split,cluster,year,2022,25,0.9786,C02: har_ma_1 +1,C02: har_ma_1 +1
baseline,lgbm,split,cluster,year,2023,25,0.9929,C02: har_ma_1 +1,C02: har_ma_1 +1
baseline,lgbm,split,cluster,year,2024,8,0.9750,C02: har_ma_1 +1,C02: har_ma_1 +1
baseline,lgbm,split,cluster,vix_tercile,high,81,0.9964,C02: har_ma_1 +1,C02: har_ma_1 +1
baseline,lgbm,split,cluster,vix_tercile,low,28,0.9929,C02: har_ma_1 +1,C02: har_ma_1 +1
baseline,lgbm,split,cluster,vix_tercile,mid,38,0.9964,C02: har_ma_1 +1,C02: har_ma_1 +1
baseline,lgbm,perm_p1_qlike,cluster,year,2018,13,0.9536,C02: har_ma_1 +1,C02: har_ma_1 +1
baseline,lgbm,perm_p1_qlike,cluster,year,2019,26,0.8464,C02: har_ma_1 +1,C02: har_ma_1 +1
baseline,lgbm,perm_p1_qlike,cluster,year,2020,25,0.7464,C02: har_ma_1 +1,C02: har_ma_1 +1
baseline,lgbm,perm_p1_qlike,cluster,year,2021,25,0.8464,C02: har_ma_1 +1,C02: har_ma_1 +1
baseline,lgbm,perm_p1_qlike,cluster,year,2022,25,0.7250,C02: har_ma_1 +1,C02: har_ma_1 +1
baseline,lgbm,perm_p1_qlike,cluster,year,2023,25,0.5929,C02: har_ma_1 +1,C02: har_ma_1 +1
baseline,lgbm,perm_p1_qlike,cluster,year,2024,8,0.5107,C02: har_ma_1 +1,C02: har_ma_1 +1
baseline,lgbm,perm_p1_qlike,cluster,vix_tercile,high,81,0.9393,C02: har_ma_1 +1,C02: har_ma_1 +1
baseline,lgbm,perm_p1_qlike,cluster,vix_tercile,low,28,0.7500,C02: har_ma_1 +1,C02: har_ma_1 +1
baseline,lgbm,perm_p1_qlike,cluster,vix_tercile,mid,38,0.7571,C02: har_ma_1 +1,C02: har_ma_1 +1
baseline,lgbm,perm_p2_qlike,cluster,year,2018,13,0.6750,C02: har_ma_1 +1,C02: har_ma_1 +1
baseline,lgbm,perm_p2_qlike,cluster,year,2019,26,0.6857,C02: har_ma_1 +1,C02: har_ma_1 +1
baseline,lgbm,perm_p2_qlike,cluster,year,2020,25,0.7143,C02: har_ma_1 +1,C02: har_ma_1 +1
baseline,lgbm,perm_p2_qlike,cluster,year,2021,25,0.7964,C02: har_ma_1 +1,C02: har_ma_1 +1
baseline,lgbm,perm_p2_qlike,cluster,year,2022,25,0.4429,C02: har_ma_1 +1,C02: har_ma_1 +1
baseline,lgbm,perm_p2_qlike,cluster,year,2023,25,0.6357,C02: har_ma_1 +1,C02: har_ma_1 +1
baseline,lgbm,perm_p2_qlike,cluster,year,2024,8,0.5607,C02: har_ma_1 +1,C02: har_ma_1 +1
baseline,lgbm,perm_p2_qlike,cluster,vix_tercile,high,81,0.8036,C02: har_ma_1 +1,C02: har_ma_1 +1
baseline,lgbm,perm_p2_qlike,cluster,vix_tercile,low,28,0.6214,C02: har_ma_1 +1,C02: har_ma_1 +1
baseline,lgbm,perm_p2_qlike,cluster,vix_tercile,mid,38,0.7071,C02: har_ma_1 +1,C02: har_ma_1 +1
baseline,lgbm,perm_p1_mse,cluster,year,2018,13,0.6571,C02: har_ma_1 +1,C02: har_ma_1 +1
baseline,lgbm,perm_p1_mse,cluster,year,2019,26,0.4929,C02: har_ma_1 +1,C02: har_ma_1 +1
baseline,lgbm,perm_p1_mse,cluster,year,2020,25,0.8107,C02: har_ma_1 +1,C02: har_ma_1 +1
baseline,lgbm,perm_p1_mse,cluster,year,2021,25,0.9214,C02: har_ma_1 +1,C02: har_ma_1 +1
baseline,lgbm,perm_p1_mse,cluster,year,2022,25,0.6750,C02: har_ma_1 +1,C02: har_ma_1 +1
baseline,lgbm,perm_p1_mse,cluster,year,2023,25,0.7214,C02: har_ma_1 +1,C02: har_ma_1 +1
baseline,lgbm,perm_p1_mse,cluster,year,2024,8,0.5679,C02: har_ma_1 +1,C02: har_ma_1 +1
baseline,lgbm,perm_p1_mse,cluster,vix_tercile,high,81,0.8893,C02: har_ma_1 +1,C02: har_ma_1 +1
baseline,lgbm,perm_p1_mse,cluster,vix_tercile,low,28,0.4571,C02: har_ma_1 +1,C02: har_ma_1 +1
baseline,lgbm,perm_p1_mse,cluster,vix_tercile,mid,38,0.8964,C02: har_ma_1 +1,C02: har_ma_1 +1
baseline,lgbm,perm_p2_mse,cluster,year,2018,13,0.6643,C02: har_ma_1 +1,C02: har_ma_1 +1
baseline,lgbm,perm_p2_mse,cluster,year,2019,26,0.6429,C02: har_ma_1 +1,C02: har_ma_1 +1
baseline,lgbm,perm_p2_mse,cluster,year,2020,25,0.6143,C02: har_ma_1 +1,C02: har_ma_1 +1
baseline,lgbm,perm_p2_mse,cluster,year,2021,25,0.9286,C02: har_ma_1 +1,C02: har_ma_1 +1
baseline,lgbm,perm_p2_mse,cluster,year,2022,25,0.6143,C02: har_ma_1 +1,C02: har_ma_1 +1
baseline,lgbm,perm_p2_mse,cluster,year,2023,25,0.5000,C02: har_ma_1 +1,C02: har_ma_1 +1
baseline,lgbm,perm_p2_mse,cluster,year,2024,8,0.4429,C02: har_ma_1 +1,C02: har_ma_1 +1
baseline,lgbm,perm_p2_mse,cluster,vix_tercile,high,81,0.9143,C02: har_ma_1 +1,C02: har_ma_1 +1
baseline,lgbm,perm_p2_mse,cluster,vix_tercile,low,28,0.6464,C02: har_ma_1 +1,C02: har_ma_1 +1
baseline,lgbm,perm_p2_mse,cluster,vix_tercile,mid,38,0.6393,C02: har_ma_1 +1,C02: har_ma_1 +1
baseline,lgbm,shap,cluster,year,2018,13,0.9786,C02: har_ma_1 +1,C02: har_ma_1 +1
baseline,lgbm,shap,cluster,year,2019,26,0.9964,C02: har_ma_1 +1,C02: har_ma_1 +1
baseline,lgbm,shap,cluster,year,2020,25,0.9857,C02: har_ma_1 +1,C02: har_ma_1 +1
baseline,lgbm,shap,cluster,year,2021,25,0.9857,C02: har_ma_1 +1,C02: har_ma_1 +1
baseline,lgbm,shap,cluster,year,2022,25,0.9857,C02: har_ma_1 +1,C02: har_ma_1 +1
baseline,lgbm,shap,cluster,year,2023,25,0.9750,C02: har_ma_1 +1,C02: har_ma_1 +1
baseline,lgbm,shap,cluster,year,2024,8,0.9429,C02: har_ma_1 +1,C02: har_ma_1 +1
baseline,lgbm,shap,cluster,vix_tercile,high,81,1.0000,C02: har_ma_1 +1,C02: har_ma_1 +1
baseline,lgbm,shap,cluster,vix_tercile,low,28,0.9964,C02: har_ma_1 +1,C02: har_ma_1 +1
baseline,lgbm,shap,cluster,vix_tercile,mid,38,0.9964,C02: har_ma_1 +1,C02: har_ma_1 +1
baseline,xgb,mdi,cluster,year,2018,13,0.9429,C02: har_ma_1 +1,C02: har_ma_1 +1
baseline,xgb,mdi,cluster,year,2019,26,0.9821,C02: har_ma_1 +1,C02: har_ma_1 +1
baseline,xgb,mdi,cluster,year,2020,25,0.9679,C02: har_ma_1 +1,C02: har_ma_1 +1
baseline,xgb,mdi,cluster,year,2021,25,0.9679,C02: har_ma_1 +1,C02: har_ma_1 +1
baseline,xgb,mdi,cluster,year,2022,25,0.9821,C02: har_ma_1 +1,C02: har_ma_1 +1
baseline,xgb,mdi,cluster,year,2023,25,0.9929,C02: har_ma_1 +1,C02: har_ma_1 +1
baseline,xgb,mdi,cluster,year,2024,8,0.9893,C02: har_ma_1 +1,C02: har_ma_1 +1
baseline,xgb,mdi,cluster,vix_tercile,high,81,1.0000,C02: har_ma_1 +1,C02: har_ma_1 +1
baseline,xgb,mdi,cluster,vix_tercile,low,28,0.9929,C02: har_ma_1 +1,C02: har_ma_1 +1
baseline,xgb,mdi,cluster,vix_tercile,mid,38,1.0000,C02: har_ma_1 +1,C02: har_ma_1 +1
baseline,xgb,split,cluster,year,2018,13,0.9500,C02: har_ma_1 +1,C02: har_ma_1 +1
baseline,xgb,split,cluster,year,2019,26,0.9607,C02: har_ma_1 +1,C02: har_ma_1 +1
baseline,xgb,split,cluster,year,2020,25,0.9714,C02: har_ma_1 +1,C02: har_ma_1 +1
baseline,xgb,split,cluster,year,2021,25,0.9857,C02: har_ma_1 +1,C02: har_ma_1 +1
baseline,xgb,split,cluster,year,2022,25,0.9857,C02: har_ma_1 +1,C02: har_ma_1 +1
baseline,xgb,split,cluster,year,2023,25,0.9929,C02: har_ma_1 +1,C02: har_ma_1 +1
baseline,xgb,split,cluster,year,2024,8,0.9929,C02: har_ma_1 +1,C02: har_ma_1 +1
baseline,xgb,split,cluster,vix_tercile,high,81,0.9964,C02: har_ma_1 +1,C02: har_ma_1 +1
baseline,xgb,split,cluster,vix_tercile,low,28,0.9929,C02: har_ma_1 +1,C02: har_ma_1 +1
baseline,xgb,split,cluster,vix_tercile,mid,38,1.0000,C02: har_ma_1 +1,C02: har_ma_1 +1
baseline,xgb,perm_p1_qlike,cluster,year,2018,13,0.7893,C02: har_ma_1 +1,C02: har_ma_1 +1
baseline,xgb,perm_p1_qlike,cluster,year,2019,26,0.6821,C02: har_ma_1 +1,C02: har_ma_1 +1
baseline,xgb,perm_p1_qlike,cluster,year,2020,25,0.8607,C02: har_ma_1 +1,C02: har_ma_1 +1
baseline,xgb,perm_p1_qlike,cluster,year,2021,25,0.8036,C02: har_ma_1 +1,C02: har_ma_1 +1
baseline,xgb,perm_p1_qlike,cluster,year,2022,25,0.5964,C02: har_ma_1 +1,C02: har_ma_1 +1
baseline,xgb,perm_p1_qlike,cluster,year,2023,25,0.5571,C02: har_ma_1 +1,C02: har_ma_1 +1
baseline,xgb,perm_p1_qlike,cluster,year,2024,8,0.6286,C02: har_ma_1 +1,C02: har_ma_1 +1
baseline,xgb,perm_p1_qlike,cluster,vix_tercile,high,81,0.9000,C02: har_ma_1 +1,C02: har_ma_1 +1
baseline,xgb,perm_p1_qlike,cluster,vix_tercile,low,28,0.7179,C02: har_ma_1 +1,C02: har_ma_1 +1
baseline,xgb,perm_p1_qlike,cluster,vix_tercile,mid,38,0.5821,C02: har_ma_1 +1,C02: har_ma_1 +1
baseline,xgb,perm_p2_qlike,cluster,year,2018,13,0.6821,C02: har_ma_1 +1,C02: har_ma_1 +1
baseline,xgb,perm_p2_qlike,cluster,year,2019,26,0.5821,C02: har_ma_1 +1,C02: har_ma_1 +1
baseline,xgb,perm_p2_qlike,cluster,year,2020,25,0.7643,C02: har_ma_1 +1,C02: har_ma_1 +1
baseline,xgb,perm_p2_qlike,cluster,year,2021,25,0.8179,C02: har_ma_1 +1,C02: har_ma_1 +1
baseline,xgb,perm_p2_qlike,cluster,year,2022,25,0.5536,C02: har_ma_1 +1,C02: har_ma_1 +1
baseline,xgb,perm_p2_qlike,cluster,year,2023,25,0.6571,C02: har_ma_1 +1,C02: har_ma_1 +1
baseline,xgb,perm_p2_qlike,cluster,year,2024,8,0.7071,C02: har_ma_1 +1,C02: har_ma_1 +1
baseline,xgb,perm_p2_qlike,cluster,vix_tercile,high,81,0.9607,C02: har_ma_1 +1,C02: har_ma_1 +1
baseline,xgb,perm_p2_qlike,cluster,vix_tercile,low,28,0.6679,C02: har_ma_1 +1,C02: har_ma_1 +1
baseline,xgb,perm_p2_qlike,cluster,vix_tercile,mid,38,0.7179,C02: har_ma_1 +1,C02: har_ma_1 +1
baseline,xgb,perm_p1_mse,cluster,year,2018,13,0.8464,C02: har_ma_1 +1,C02: har_ma_1 +1
baseline,xgb,perm_p1_mse,cluster,year,2019,26,0.6286,C02: har_ma_1 +1,C02: har_ma_1 +1
baseline,xgb,perm_p1_mse,cluster,year,2020,25,0.6107,C02: har_ma_1 +1,C02: har_ma_1 +1
baseline,xgb,perm_p1_mse,cluster,year,2021,25,0.8286,C02: har_ma_1 +1,C02: har_ma_1 +1
baseline,xgb,perm_p1_mse,cluster,year,2022,25,0.9071,C02: har_ma_1 +1,C02: har_ma_1 +1
baseline,xgb,perm_p1_mse,cluster,year,2023,25,0.4429,C02: har_ma_1 +1,C02: har_ma_1 +1
baseline,xgb,perm_p1_mse,cluster,year,2024,8,0.5071,C02: har_ma_1 +1,C02: har_ma_1 +1
baseline,xgb,perm_p1_mse,cluster,vix_tercile,high,81,0.9214,C02: har_ma_1 +1,C02: har_ma_1 +1
baseline,xgb,perm_p1_mse,cluster,vix_tercile,low,28,0.7107,C02: har_ma_1 +1,C02: har_ma_1 +1
baseline,xgb,perm_p1_mse,cluster,vix_tercile,mid,38,0.4393,C02: har_ma_1 +1,C02: har_ma_1 +1
baseline,xgb,perm_p2_mse,cluster,year,2018,13,0.4286,C02: har_ma_1 +1,C02: har_ma_1 +1
baseline,xgb,perm_p2_mse,cluster,year,2019,26,0.7143,C02: har_ma_1 +1,C02: har_ma_1 +1
baseline,xgb,perm_p2_mse,cluster,year,2020,25,0.6893,C02: har_ma_1 +1,C02: har_ma_1 +1
baseline,xgb,perm_p2_mse,cluster,year,2021,25,0.7000,C02: har_ma_1 +1,C02: har_ma_1 +1
baseline,xgb,perm_p2_mse,cluster,year,2022,25,0.5429,C02: har_ma_1 +1,C02: har_ma_1 +1
baseline,xgb,perm_p2_mse,cluster,year,2023,25,0.6000,C02: har_ma_1 +1,C02: har_ma_1 +1
baseline,xgb,perm_p2_mse,cluster,year,2024,8,0.6464,C02: har_ma_1 +1,C02: har_ma_1 +1
baseline,xgb,perm_p2_mse,cluster,vix_tercile,high,81,0.8964,C02: har_ma_1 +1,C02: har_ma_1 +1
baseline,xgb,perm_p2_mse,cluster,vix_tercile,low,28,0.8464,C02: har_ma_1 +1,C02: har_ma_1 +1
baseline,xgb,perm_p2_mse,cluster,vix_tercile,mid,38,0.6571,C02: har_ma_1 +1,C02: har_ma_1 +1
baseline,xgb,shap,cluster,year,2018,13,0.9821,C02: har_ma_1 +1,C02: har_ma_1 +1
baseline,xgb,shap,cluster,year,2019,26,0.9893,C02: har_ma_1 +1,C02: har_ma_1 +1
baseline,xgb,shap,cluster,year,2020,25,0.9714,C02: har_ma_1 +1,C02: har_ma_1 +1
baseline,xgb,shap,cluster,year,2021,25,0.9357,C02: har_ma_1 +1,C02: har_ma_1 +1
baseline,xgb,shap,cluster,year,2022,25,0.9536,C02: har_ma_1 +1,C02: har_ma_1 +1
baseline,xgb,shap,cluster,year,2023,25,0.9857,C02: har_ma_1 +1,C02: har_ma_1 +1
baseline,xgb,shap,cluster,year,2024,8,0.9571,C02: har_ma_1 +1,C02: har_ma_1 +1
baseline,xgb,shap,cluster,vix_tercile,high,81,0.9714,C02: har_ma_1 +1,C02: har_ma_1 +1
baseline,xgb,shap,cluster,vix_tercile,low,28,0.9964,C02: har_ma_1 +1,C02: har_ma_1 +1
baseline,xgb,shap,cluster,vix_tercile,mid,38,0.9929,C02: har_ma_1 +1,C02: har_ma_1 +1
baseline,rf,mdi,cluster,year,2018,13,0.9857,C02: har_ma_1 +1,C02: har_ma_1 +1
baseline,rf,mdi,cluster,year,2019,26,0.9893,C02: har_ma_1 +1,C02: har_ma_1 +1
baseline,rf,mdi,cluster,year,2020,25,0.9964,C02: har_ma_1 +1,C02: har_ma_1 +1
baseline,rf,mdi,cluster,year,2021,25,0.9929,C02: har_ma_1 +1,C02: har_ma_1 +1
baseline,rf,mdi,cluster,year,2022,25,0.9893,C02: har_ma_1 +1,C02: har_ma_1 +1
baseline,rf,mdi,cluster,year,2023,25,0.9929,C02: har_ma_1 +1,C02: har_ma_1 +1
baseline,rf,mdi,cluster,year,2024,8,0.9786,C02: har_ma_1 +1,C02: har_ma_1 +1
baseline,rf,mdi,cluster,vix_tercile,high,81,0.9964,C02: har_ma_1 +1,C02: har_ma_1 +1
baseline,rf,mdi,cluster,vix_tercile,low,28,1.0000,C02: har_ma_1 +1,C02: har_ma_1 +1
baseline,rf,mdi,cluster,vix_tercile,mid,38,1.0000,C02: har_ma_1 +1,C02: har_ma_1 +1
baseline,rf,split,cluster,year,2018,13,0.9964,C02: har_ma_1 +1,C02: har_ma_1 +1
baseline,rf,split,cluster,year,2019,26,0.9964,C02: har_ma_1 +1,C02: har_ma_1 +1
baseline,rf,split,cluster,year,2020,25,0.9964,C02: har_ma_1 +1,C02: har_ma_1 +1
baseline,rf,split,cluster,year,2021,25,0.9929,C02: har_ma_1 +1,C02: har_ma_1 +1
baseline,rf,split,cluster,year,2022,25,0.9929,C02: har_ma_1 +1,C02: har_ma_1 +1
baseline,rf,split,cluster,year,2023,25,0.9929,C02: har_ma_1 +1,C02: har_ma_1 +1
baseline,rf,split,cluster,year,2024,8,0.9857,C02: har_ma_1 +1,C02: har_ma_1 +1
baseline,rf,split,cluster,vix_tercile,high,81,0.9964,C02: har_ma_1 +1,C02: har_ma_1 +1
baseline,rf,split,cluster,vix_tercile,low,28,0.9929,C02: har_ma_1 +1,C02: har_ma_1 +1
baseline,rf,split,cluster,vix_tercile,mid,38,0.9929,C02: har_ma_1 +1,C02: har_ma_1 +1
baseline,rf,perm_p1_qlike,cluster,year,2018,13,0.3321,C02: har_ma_1 +1,C02: har_ma_1 +1
baseline,rf,perm_p1_qlike,cluster,year,2019,26,0.4857,C02: har_ma_1 +1,C02: har_ma_1 +1
baseline,rf,perm_p1_qlike,cluster,year,2020,25,0.7143,C02: har_ma_1 +1,C02: har_ma_1 +1
baseline,rf,perm_p1_qlike,cluster,year,2021,25,0.6964,C02: har_ma_1 +1,C02: har_ma_1 +1
baseline,rf,perm_p1_qlike,cluster,year,2022,25,0.3179,C02: har_ma_1 +1,C02: har_ma_1 +1
baseline,rf,perm_p1_qlike,cluster,year,2023,25,0.4714,C02: har_ma_1 +1,C02: har_ma_1 +1
baseline,rf,perm_p1_qlike,cluster,year,2024,8,0.7679,C02: har_ma_1 +1,C02: har_ma_1 +1
baseline,rf,perm_p1_qlike,cluster,vix_tercile,high,81,0.9714,C02: har_ma_1 +1,C02: har_ma_1 +1
baseline,rf,perm_p1_qlike,cluster,vix_tercile,low,28,0.3357,C02: har_ma_1 +1,C02: har_ma_1 +1
baseline,rf,perm_p1_qlike,cluster,vix_tercile,mid,38,0.7536,C02: har_ma_1 +1,C02: har_ma_1 +1
baseline,rf,perm_p2_qlike,cluster,year,2018,13,0.3857,C02: har_ma_1 +1,C02: har_ma_1 +1
baseline,rf,perm_p2_qlike,cluster,year,2019,26,0.7464,C02: har_ma_1 +1,C02: har_ma_1 +1
baseline,rf,perm_p2_qlike,cluster,year,2020,25,0.6429,C02: har_ma_1 +1,C02: har_ma_1 +1
baseline,rf,perm_p2_qlike,cluster,year,2021,25,0.6429,C02: har_ma_1 +1,C02: har_ma_1 +1
baseline,rf,perm_p2_qlike,cluster,year,2022,25,0.4679,C02: har_ma_1 +1,C02: har_ma_1 +1
baseline,rf,perm_p2_qlike,cluster,year,2023,25,0.5714,C02: har_ma_1 +1,C02: har_ma_1 +1
baseline,rf,perm_p2_qlike,cluster,year,2024,8,0.7286,C02: har_ma_1 +1,C02: har_ma_1 +1
baseline,rf,perm_p2_qlike,cluster,vix_tercile,high,81,0.9929,C02: har_ma_1 +1,C02: har_ma_1 +1
baseline,rf,perm_p2_qlike,cluster,vix_tercile,low,28,0.6500,C02: har_ma_1 +1,C02: har_ma_1 +1
baseline,rf,perm_p2_qlike,cluster,vix_tercile,mid,38,0.7286,C02: har_ma_1 +1,C02: har_ma_1 +1
baseline,rf,perm_p1_mse,cluster,year,2018,13,0.3036,C02: har_ma_1 +1,C02: har_ma_1 +1
baseline,rf,perm_p1_mse,cluster,year,2019,26,0.4429,C02: har_ma_1 +1,C02: har_ma_1 +1
baseline,rf,perm_p1_mse,cluster,year,2020,25,0.8500,C02: har_ma_1 +1,C02: har_ma_1 +1
baseline,rf,perm_p1_mse,cluster,year,2021,25,0.6571,C02: har_ma_1 +1,C02: har_ma_1 +1
baseline,rf,perm_p1_mse,cluster,year,2022,25,0.5929,C02: har_ma_1 +1,C02: har_ma_1 +1
baseline,rf,perm_p1_mse,cluster,year,2023,25,0.7214,C02: har_ma_1 +1,C02: har_ma_1 +1
baseline,rf,perm_p1_mse,cluster,year,2024,8,0.3821,C02: har_ma_1 +1,C02: har_ma_1 +1
baseline,rf,perm_p1_mse,cluster,vix_tercile,high,81,0.9357,C02: har_ma_1 +1,C02: har_ma_1 +1
baseline,rf,perm_p1_mse,cluster,vix_tercile,low,28,0.6357,C02: har_ma_1 +1,C02: har_ma_1 +1
baseline,rf,perm_p1_mse,cluster,vix_tercile,mid,38,0.7036,C02: har_ma_1 +1,C02: har_ma_1 +1
baseline,rf,perm_p2_mse,cluster,year,2018,13,0.2750,C02: har_ma_1 +1,C02: har_ma_1 +1
baseline,rf,perm_p2_mse,cluster,year,2019,26,0.5214,C02: har_ma_1 +1,C02: har_ma_1 +1
baseline,rf,perm_p2_mse,cluster,year,2020,25,0.8929,C02: har_ma_1 +1,C02: har_ma_1 +1
baseline,rf,perm_p2_mse,cluster,year,2021,25,0.4107,C02: har_ma_1 +1,C02: har_ma_1 +1
baseline,rf,perm_p2_mse,cluster,year,2022,25,0.3286,C02: har_ma_1 +1,C02: har_ma_1 +1
baseline,rf,perm_p2_mse,cluster,year,2023,25,0.6536,C02: har_ma_1 +1,C02: har_ma_1 +1
baseline,rf,perm_p2_mse,cluster,year,2024,8,0.6964,C02: har_ma_1 +1,C02: har_ma_1 +1
baseline,rf,perm_p2_mse,cluster,vix_tercile,high,81,0.8500,C02: har_ma_1 +1,C02: har_ma_1 +1
baseline,rf,perm_p2_mse,cluster,vix_tercile,low,28,0.8679,C02: har_ma_1 +1,C02: har_ma_1 +1
baseline,rf,perm_p2_mse,cluster,vix_tercile,mid,38,0.5429,C02: har_ma_1 +1,C02: har_ma_1 +1
baseline,rf,shap,cluster,year,2018,13,0.9536,C02: har_ma_1 +1,C02: har_ma_1 +1
baseline,rf,shap,cluster,year,2019,26,0.9714,C02: har_ma_1 +1,C02: har_ma_1 +1
baseline,rf,shap,cluster,year,2020,25,0.9857,C02: har_ma_1 +1,C02: har_ma_1 +1
baseline,rf,shap,cluster,year,2021,25,0.8821,C02: har_ma_1 +1,C02: har_ma_1 +1
baseline,rf,shap,cluster,year,2022,25,0.9893,C02: har_ma_1 +1,C02: har_ma_1 +1
baseline,rf,shap,cluster,year,2023,25,0.9857,C02: har_ma_1 +1,C02: har_ma_1 +1
baseline,rf,shap,cluster,year,2024,8,0.9214,C02: har_ma_1 +1,C02: har_ma_1 +1
baseline,rf,shap,cluster,vix_tercile,high,81,0.9857,C02: har_ma_1 +1,C02: har_ma_1 +1
baseline,rf,shap,cluster,vix_tercile,low,28,0.9821,C02: har_ma_1 +1,C02: har_ma_1 +1
baseline,rf,shap,cluster,vix_tercile,mid,38,0.9893,C02: har_ma_1 +1,C02: har_ma_1 +1
live_feasible,ridge,bsd,column,year,2018,13,0.9493,har_ma_1,har_ma_1
live_feasible,ridge,bsd,column,year,2019,26,0.9871,har_ma_1,har_ma_1
live_feasible,ridge,bsd,column,year,2020,25,0.9900,har_ma_1,har_ma_1
live_feasible,ridge,bsd,column,year,2021,25,0.9926,har_ma_1,har_ma_1
live_feasible,ridge,bsd,column,year,2022,25,0.9859,har_ma_1,har_ma_1
live_feasible,ridge,bsd,column,year,2023,25,0.9761,har_ma_1,har_ma_1
live_feasible,ridge,bsd,column,year,2024,8,0.9506,har_ma_1,har_ma_1
live_feasible,ridge,bsd,column,vix_tercile,high,81,0.9982,har_ma_1,har_ma_1
live_feasible,ridge,bsd,column,vix_tercile,low,28,0.9961,har_ma_1,har_ma_1
live_feasible,ridge,bsd,column,vix_tercile,mid,38,0.9987,har_ma_1,har_ma_1
live_feasible,ridge,perm_p1_qlike,column,year,2018,13,0.3175,har_ma_1,adj_sumvolume_ma_25
live_feasible,ridge,perm_p1_qlike,column,year,2019,26,0.1919,har_ma_5,adj_sumvolume_ma_25
live_feasible,ridge,perm_p1_qlike,column,year,2020,25,0.9378,adj_sumvolume_ma_25,adj_sumvolume_ma_25
live_feasible,ridge,perm_p1_qlike,column,year,2021,25,0.0041,har_ma_1,adj_sumvolume_ma_25
live_feasible,ridge,perm_p1_qlike,column,year,2022,25,-0.1448,har_ma_1,adj_sumvolume_ma_25
live_feasible,ridge,perm_p1_qlike,column,year,2023,25,0.2566,adj_sumret_ma_25,adj_sumvolume_ma_25
live_feasible,ridge,perm_p1_qlike,column,year,2024,8,0.0088,har_ma_25,adj_sumvolume_ma_25
live_feasible,ridge,perm_p1_qlike,column,vix_tercile,high,81,0.4108,adj_sumret4_ma_625,adj_sumvolume_ma_25
live_feasible,ridge,perm_p1_qlike,column,vix_tercile,low,28,0.3095,adj_sumret_ma_25,adj_sumvolume_ma_25
live_feasible,ridge,perm_p1_qlike,column,vix_tercile,mid,38,0.7323,adj_sumvolume_ma_25,adj_sumvolume_ma_25
live_feasible,ridge,perm_p2_qlike,column,year,2018,13,0.3448,har_ma_1,adj_sumvolume_ma_25
live_feasible,ridge,perm_p2_qlike,column,year,2019,26,0.3167,adj_sumret_ma_5,adj_sumvolume_ma_25
live_feasible,ridge,perm_p2_qlike,column,year,2020,25,0.8797,adj_sumvolume_ma_25,adj_sumvolume_ma_25
live_feasible,ridge,perm_p2_qlike,column,year,2021,25,0.1701,har_ma_1,adj_sumvolume_ma_25
live_feasible,ridge,perm_p2_qlike,column,year,2022,25,0.1868,har_ma_1,adj_sumvolume_ma_25
live_feasible,ridge,perm_p2_qlike,column,year,2023,25,-0.1651,adj_sumret4_ma_625,adj_sumvolume_ma_25
live_feasible,ridge,perm_p2_qlike,column,year,2024,8,-0.0734,har_ma_25,adj_sumvolume_ma_25
live_feasible,ridge,perm_p2_qlike,column,vix_tercile,high,81,0.4471,adj_sumabsret_ma_25,adj_sumvolume_ma_25
live_feasible,ridge,perm_p2_qlike,column,vix_tercile,low,28,-0.1674,adj_sumret4_ma_625,adj_sumvolume_ma_25
live_feasible,ridge,perm_p2_qlike,column,vix_tercile,mid,38,0.6125,adj_sumvolume_ma_25,adj_sumvolume_ma_25
live_feasible,ridge,perm_p1_mse,column,year,2018,13,0.4592,har_ma_1,har_ma_1
live_feasible,ridge,perm_p1_mse,column,year,2019,26,0.3714,har_ma_1,har_ma_1
live_feasible,ridge,perm_p1_mse,column,year,2020,25,0.5302,har_ma_1,har_ma_1
live_feasible,ridge,perm_p1_mse,column,year,2021,25,0.2822,har_ma_1,har_ma_1
live_feasible,ridge,perm_p1_mse,column,year,2022,25,0.4895,har_ma_1,har_ma_1
live_feasible,ridge,perm_p1_mse,column,year,2023,25,0.2998,har_ma_1,har_ma_1
live_feasible,ridge,perm_p1_mse,column,year,2024,8,0.3006,har_ma_1,har_ma_1
live_feasible,ridge,perm_p1_mse,column,vix_tercile,high,81,0.7407,har_ma_1,har_ma_1
live_feasible,ridge,perm_p1_mse,column,vix_tercile,low,28,0.3811,har_ma_1,har_ma_1
live_feasible,ridge,perm_p1_mse,column,vix_tercile,mid,38,0.4040,har_ma_1,har_ma_1
live_feasible,ridge,perm_p2_mse,column,year,2018,13,0.4219,har_ma_1,har_ma_1
live_feasible,ridge,perm_p2_mse,column,year,2019,26,0.4040,har_ma_1,har_ma_1
live_feasible,ridge,perm_p2_mse,column,year,2020,25,0.5715,har_ma_1,har_ma_1
live_feasible,ridge,perm_p2_mse,column,year,2021,25,0.5171,har_ma_1,har_ma_1
live_feasible,ridge,perm_p2_mse,column,year,2022,25,0.5235,har_ma_1,har_ma_1
live_feasible,ridge,perm_p2_mse,column,year,2023,25,0.4158,har_ma_1,har_ma_1
live_feasible,ridge,perm_p2_mse,column,year,2024,8,0.2321,adj_sumret_ma_5,har_ma_1
live_feasible,ridge,perm_p2_mse,column,vix_tercile,high,81,0.8023,har_ma_1,har_ma_1
live_feasible,ridge,perm_p2_mse,column,vix_tercile,low,28,0.2969,har_ma_1,har_ma_1
live_feasible,ridge,perm_p2_mse,column,vix_tercile,mid,38,0.6728,har_ma_1,har_ma_1
live_feasible,ridge,drop_qlike,column,year,2018,13,-0.0808,is_month_end,har_ma_1
live_feasible,ridge,drop_qlike,column,year,2019,26,-0.0117,har_ma_5,har_ma_1
live_feasible,ridge,drop_qlike,column,year,2020,25,0.9868,har_ma_1,har_ma_1
live_feasible,ridge,drop_qlike,column,year,2021,25,0.0654,har_ma_1,har_ma_1
live_feasible,ridge,drop_qlike,column,year,2022,25,0.1414,adj_sumvolume_ma_1,har_ma_1
live_feasible,ridge,drop_qlike,column,year,2023,25,0.0789,har_ma_1,har_ma_1
live_feasible,ridge,drop_qlike,column,year,2024,8,0.0040,is_month_end,har_ma_1
live_feasible,ridge,drop_qlike,column,vix_tercile,high,81,0.9263,har_ma_1,har_ma_1
live_feasible,ridge,drop_qlike,column,vix_tercile,low,28,0.1179,har_ma_1,har_ma_1
live_feasible,ridge,drop_qlike,column,vix_tercile,mid,38,0.1635,har_ma_1,har_ma_1
live_feasible,ridge,drop_mse,column,year,2018,13,0.3031,har_ma_1,har_ma_1
live_feasible,ridge,drop_mse,column,year,2019,26,0.1534,adj_sumret_ma_5,har_ma_1
live_feasible,ridge,drop_mse,column,year,2020,25,0.7434,har_ma_25,har_ma_1
live_feasible,ridge,drop_mse,column,year,2021,25,0.1706,har_ma_1,har_ma_1
live_feasible,ridge,drop_mse,column,year,2022,25,0.0810,har_ma_1,har_ma_1
live_feasible,ridge,drop_mse,column,year,2023,25,0.1862,har_ma_1,har_ma_1
live_feasible,ridge,drop_mse,column,year,2024,8,0.0425,adj_sumret_ma_5,har_ma_1
live_feasible,ridge,drop_mse,column,vix_tercile,high,81,0.7962,har_ma_1,har_ma_1
live_feasible,ridge,drop_mse,column,vix_tercile,low,28,0.1817,adj_sumret_ma_5,har_ma_1
live_feasible,ridge,drop_mse,column,vix_tercile,mid,38,0.2460,har_ma_1,har_ma_1
live_feasible,ridge,shap,column,year,2018,13,0.9440,har_ma_1,har_ma_1
live_feasible,ridge,shap,column,year,2019,26,0.9678,har_ma_1,har_ma_1
live_feasible,ridge,shap,column,year,2020,25,0.9740,har_ma_1,har_ma_1
live_feasible,ridge,shap,column,year,2021,25,0.9838,har_ma_1,har_ma_1
live_feasible,ridge,shap,column,year,2022,25,0.9777,har_ma_1,har_ma_1
live_feasible,ridge,shap,column,year,2023,25,0.9756,har_ma_1,har_ma_1
live_feasible,ridge,shap,column,year,2024,8,0.9039,har_ma_1,har_ma_1
live_feasible,ridge,shap,column,vix_tercile,high,81,0.9882,har_ma_1,har_ma_1
live_feasible,ridge,shap,column,vix_tercile,low,28,0.9900,har_ma_1,har_ma_1
live_feasible,ridge,shap,column,vix_tercile,mid,38,0.9901,har_ma_1,har_ma_1
live_feasible,lasso,bsd,column,year,2018,13,0.4836,har_ma_1,har_ma_1
live_feasible,lasso,bsd,column,year,2019,26,0.5146,har_ma_1,har_ma_1
live_feasible,lasso,bsd,column,year,2020,25,0.5199,har_ma_1,har_ma_1
live_feasible,lasso,bsd,column,year,2021,25,0.8763,har_ma_1,har_ma_1
live_feasible,lasso,bsd,column,year,2022,25,0.9266,har_ma_1,har_ma_1
live_feasible,lasso,bsd,column,year,2023,25,0.9486,har_ma_1,har_ma_1
live_feasible,lasso,bsd,column,year,2024,8,0.8302,har_ma_1,har_ma_1
live_feasible,lasso,bsd,column,vix_tercile,high,81,0.9709,har_ma_1,har_ma_1
live_feasible,lasso,bsd,column,vix_tercile,low,28,0.9249,har_ma_1,har_ma_1
live_feasible,lasso,bsd,column,vix_tercile,mid,38,0.9753,har_ma_1,har_ma_1
live_feasible,lasso,perm_p1_qlike,column,year,2018,13,0.0541,har_ma_1,har_ma_1
live_feasible,lasso,perm_p1_qlike,column,year,2019,26,0.3692,har_ma_1,har_ma_1
live_feasible,lasso,perm_p1_qlike,column,year,2020,25,0.4193,har_ma_1,har_ma_1
live_feasible,lasso,perm_p1_qlike,column,year,2021,25,0.2709,har_ma_1,har_ma_1
live_feasible,lasso,perm_p1_qlike,column,year,2022,25,0.4428,har_ma_1,har_ma_1
live_feasible,lasso,perm_p1_qlike,column,year,2023,25,0.4584,har_ma_1,har_ma_1
live_feasible,lasso,perm_p1_qlike,column,year,2024,8,0.4296,is_month_end,har_ma_1
live_feasible,lasso,perm_p1_qlike,column,vix_tercile,high,81,0.4407,har_ma_1,har_ma_1
live_feasible,lasso,perm_p1_qlike,column,vix_tercile,low,28,0.3250,har_ma_1,har_ma_1
live_feasible,lasso,perm_p1_qlike,column,vix_tercile,mid,38,0.5453,har_ma_1,har_ma_1
live_feasible,lasso,perm_p2_qlike,column,year,2018,13,0.2544,har_ma_1,har_ma_1
live_feasible,lasso,perm_p2_qlike,column,year,2019,26,0.3718,har_ma_1,har_ma_1
live_feasible,lasso,perm_p2_qlike,column,year,2020,25,0.4642,har_ma_1,har_ma_1
live_feasible,lasso,perm_p2_qlike,column,year,2021,25,0.4478,har_ma_1,har_ma_1
live_feasible,lasso,perm_p2_qlike,column,year,2022,25,0.6587,adj_vix_ma_1,har_ma_1
live_feasible,lasso,perm_p2_qlike,column,year,2023,25,0.6353,adj_vix3m_ma_625,har_ma_1
live_feasible,lasso,perm_p2_qlike,column,year,2024,8,0.4724,adj_vix_ma_1,har_ma_1
live_feasible,lasso,perm_p2_qlike,column,vix_tercile,high,81,0.7561,har_ma_1,har_ma_1
live_feasible,lasso,perm_p2_qlike,column,vix_tercile,low,28,0.5014,adj_vix3m_ma_625,har_ma_1
live_feasible,lasso,perm_p2_qlike,column,vix_tercile,mid,38,0.4183,har_ma_1,har_ma_1
live_feasible,lasso,perm_p1_mse,column,year,2018,13,0.1257,har_ma_1,har_ma_1
live_feasible,lasso,perm_p1_mse,column,year,2019,26,0.4353,har_ma_1,har_ma_1
live_feasible,lasso,perm_p1_mse,column,year,2020,25,0.4743,har_ma_1,har_ma_1
live_feasible,lasso,perm_p1_mse,column,year,2021,25,0.2064,har_ma_1,har_ma_1
live_feasible,lasso,perm_p1_mse,column,year,2022,25,0.6376,har_ma_1,har_ma_1
live_feasible,lasso,perm_p1_mse,column,year,2023,25,0.3693,har_ma_1,har_ma_1
live_feasible,lasso,perm_p1_mse,column,year,2024,8,0.3766,har_ma_1,har_ma_1
live_feasible,lasso,perm_p1_mse,column,vix_tercile,high,81,0.6397,har_ma_1,har_ma_1
live_feasible,lasso,perm_p1_mse,column,vix_tercile,low,28,0.3891,har_ma_1,har_ma_1
live_feasible,lasso,perm_p1_mse,column,vix_tercile,mid,38,0.5123,har_ma_1,har_ma_1
live_feasible,lasso,perm_p2_mse,column,year,2018,13,0.2199,har_ma_1,har_ma_1
live_feasible,lasso,perm_p2_mse,column,year,2019,26,0.3313,har_ma_1,har_ma_1
live_feasible,lasso,perm_p2_mse,column,year,2020,25,0.4061,har_ma_1,har_ma_1
live_feasible,lasso,perm_p2_mse,column,year,2021,25,0.5065,har_ma_1,har_ma_1
live_feasible,lasso,perm_p2_mse,column,year,2022,25,0.5902,har_ma_1,har_ma_1
live_feasible,lasso,perm_p2_mse,column,year,2023,25,0.5683,har_ma_1,har_ma_1
live_feasible,lasso,perm_p2_mse,column,year,2024,8,0.3981,adj_vix_ma_1,har_ma_1
live_feasible,lasso,perm_p2_mse,column,vix_tercile,high,81,0.6625,har_ma_1,har_ma_1
live_feasible,lasso,perm_p2_mse,column,vix_tercile,low,28,0.5300,har_ma_1,har_ma_1
live_feasible,lasso,perm_p2_mse,column,vix_tercile,mid,38,0.5031,har_ma_1,har_ma_1
live_feasible,lasso,drop_qlike,column,year,2018,13,0.3014,adj_sumret_ma_5,har_ma_1
live_feasible,lasso,drop_qlike,column,year,2019,26,0.1540,adj_sumret_ma_5,har_ma_1
live_feasible,lasso,drop_qlike,column,year,2020,25,0.2779,har_ma_1,har_ma_1
live_feasible,lasso,drop_qlike,column,year,2021,25,0.4188,har_ma_5,har_ma_1
live_feasible,lasso,drop_qlike,column,year,2022,25,0.4190,har_ma_1,har_ma_1
live_feasible,lasso,drop_qlike,column,year,2023,25,0.2887,is_month_end,har_ma_1
live_feasible,lasso,drop_qlike,column,year,2024,8,-0.0634,is_month_end,har_ma_1
live_feasible,lasso,drop_qlike,column,vix_tercile,high,81,0.7436,har_ma_1,har_ma_1
live_feasible,lasso,drop_qlike,column,vix_tercile,low,28,0.3788,har_ma_1,har_ma_1
live_feasible,lasso,drop_qlike,column,vix_tercile,mid,38,0.3170,is_month_end,har_ma_1
live_feasible,lasso,drop_mse,column,year,2018,13,0.2210,adj_sumret_ma_5,har_ma_1
live_feasible,lasso,drop_mse,column,year,2019,26,0.0498,adj_sumret_ma_5,har_ma_1
live_feasible,lasso,drop_mse,column,year,2020,25,0.4132,har_ma_1,har_ma_1
live_feasible,lasso,drop_mse,column,year,2021,25,0.3820,har_ma_5,har_ma_1
live_feasible,lasso,drop_mse,column,year,2022,25,0.5084,har_ma_1,har_ma_1
live_feasible,lasso,drop_mse,column,year,2023,25,0.4344,is_month_end,har_ma_1
live_feasible,lasso,drop_mse,column,year,2024,8,0.3943,is_month_end,har_ma_1
live_feasible,lasso,drop_mse,column,vix_tercile,high,81,0.7188,har_ma_1,har_ma_1
live_feasible,lasso,drop_mse,column,vix_tercile,low,28,0.4658,har_ma_1,har_ma_1
live_feasible,lasso,drop_mse,column,vix_tercile,mid,38,0.5169,is_month_end,har_ma_1
live_feasible,lasso,shap,column,year,2018,13,0.4915,har_ma_1,har_ma_1
live_feasible,lasso,shap,column,year,2019,26,0.5036,har_ma_1,har_ma_1
live_feasible,lasso,shap,column,year,2020,25,0.4944,har_ma_1,har_ma_1
live_feasible,lasso,shap,column,year,2021,25,0.8615,har_ma_1,har_ma_1
live_feasible,lasso,shap,column,year,2022,25,0.9132,har_ma_1,har_ma_1
live_feasible,lasso,shap,column,year,2023,25,0.9382,har_ma_1,har_ma_1
live_feasible,lasso,shap,column,year,2024,8,0.8354,har_ma_1,har_ma_1
live_feasible,lasso,shap,column,vix_tercile,high,81,0.9583,har_ma_1,har_ma_1
live_feasible,lasso,shap,column,vix_tercile,low,28,0.9162,har_ma_1,har_ma_1
live_feasible,lasso,shap,column,vix_tercile,mid,38,0.9612,har_ma_1,har_ma_1
live_feasible,lgbm,mdi,column,year,2018,13,0.9897,har_ma_1,har_ma_1
live_feasible,lgbm,mdi,column,year,2019,26,0.9920,har_ma_1,har_ma_1
live_feasible,lgbm,mdi,column,year,2020,25,0.9953,har_ma_1,har_ma_1
live_feasible,lgbm,mdi,column,year,2021,25,0.9947,har_ma_1,har_ma_1
live_feasible,lgbm,mdi,column,year,2022,25,0.9918,har_ma_1,har_ma_1
live_feasible,lgbm,mdi,column,year,2023,25,0.9903,har_ma_1,har_ma_1
live_feasible,lgbm,mdi,column,year,2024,8,0.9823,har_ma_1,har_ma_1
live_feasible,lgbm,mdi,column,vix_tercile,high,81,0.9985,har_ma_1,har_ma_1
live_feasible,lgbm,mdi,column,vix_tercile,low,28,0.9968,har_ma_1,har_ma_1
live_feasible,lgbm,mdi,column,vix_tercile,mid,38,0.9991,har_ma_1,har_ma_1
live_feasible,lgbm,split,column,year,2018,13,0.9926,har_ma_1,har_ma_1
live_feasible,lgbm,split,column,year,2019,26,0.9941,har_ma_1,har_ma_1
live_feasible,lgbm,split,column,year,2020,25,0.9954,har_ma_1,har_ma_1
live_feasible,lgbm,split,column,year,2021,25,0.9959,har_ma_1,har_ma_1
live_feasible,lgbm,split,column,year,2022,25,0.9933,har_ma_1,har_ma_1
live_feasible,lgbm,split,column,year,2023,25,0.9907,har_ma_1,har_ma_1
live_feasible,lgbm,split,column,year,2024,8,0.9827,har_ma_1,har_ma_1
live_feasible,lgbm,split,column,vix_tercile,high,81,0.9986,har_ma_1,har_ma_1
live_feasible,lgbm,split,column,vix_tercile,low,28,0.9979,har_ma_1,har_ma_1
live_feasible,lgbm,split,column,vix_tercile,mid,38,0.9990,har_ma_1,har_ma_1
live_feasible,lgbm,perm_p1_qlike,column,year,2018,13,0.4064,har_ma_1,har_ma_1
live_feasible,lgbm,perm_p1_qlike,column,year,2019,26,0.5700,har_ma_5,har_ma_1
live_feasible,lgbm,perm_p1_qlike,column,year,2020,25,0.5590,har_ma_1,har_ma_1
live_feasible,lgbm,perm_p1_qlike,column,year,2021,25,0.4464,har_ma_1,har_ma_1
live_feasible,lgbm,perm_p1_qlike,column,year,2022,25,0.3380,har_ma_1,har_ma_1
live_feasible,lgbm,perm_p1_qlike,column,year,2023,25,0.4356,har_ma_1,har_ma_1
live_feasible,lgbm,perm_p1_qlike,column,year,2024,8,0.2353,is_month_end,har_ma_1
live_feasible,lgbm,perm_p1_qlike,column,vix_tercile,high,81,0.7682,har_ma_1,har_ma_1
live_feasible,lgbm,perm_p1_qlike,column,vix_tercile,low,28,0.2873,har_ma_1,har_ma_1
live_feasible,lgbm,perm_p1_qlike,column,vix_tercile,mid,38,0.5136,har_ma_1,har_ma_1
live_feasible,lgbm,perm_p2_qlike,column,year,2018,13,0.4816,har_ma_1,har_ma_1
live_feasible,lgbm,perm_p2_qlike,column,year,2019,26,0.5180,har_ma_5,har_ma_1
live_feasible,lgbm,perm_p2_qlike,column,year,2020,25,0.5151,har_ma_1,har_ma_1
live_feasible,lgbm,perm_p2_qlike,column,year,2021,25,0.3065,har_ma_1,har_ma_1
live_feasible,lgbm,perm_p2_qlike,column,year,2022,25,0.3089,har_ma_5,har_ma_1
live_feasible,lgbm,perm_p2_qlike,column,year,2023,25,0.4302,har_ma_5,har_ma_1
live_feasible,lgbm,perm_p2_qlike,column,year,2024,8,0.2910,is_month_end,har_ma_1
live_feasible,lgbm,perm_p2_qlike,column,vix_tercile,high,81,0.8201,har_ma_1,har_ma_1
live_feasible,lgbm,perm_p2_qlike,column,vix_tercile,low,28,0.4172,har_ma_1,har_ma_1
live_feasible,lgbm,perm_p2_qlike,column,vix_tercile,mid,38,0.4214,har_ma_1,har_ma_1
live_feasible,lgbm,perm_p1_mse,column,year,2018,13,0.1793,har_ma_1,har_ma_1
live_feasible,lgbm,perm_p1_mse,column,year,2019,26,0.3697,har_ma_1,har_ma_1
live_feasible,lgbm,perm_p1_mse,column,year,2020,25,0.6995,har_ma_1,har_ma_1
live_feasible,lgbm,perm_p1_mse,column,year,2021,25,0.4477,har_ma_1,har_ma_1
live_feasible,lgbm,perm_p1_mse,column,year,2022,25,0.4389,har_ma_1,har_ma_1
live_feasible,lgbm,perm_p1_mse,column,year,2023,25,0.2777,har_ma_1,har_ma_1
live_feasible,lgbm,perm_p1_mse,column,year,2024,8,0.2673,har_ma_1,har_ma_1
live_feasible,lgbm,perm_p1_mse,column,vix_tercile,high,81,0.7002,har_ma_1,har_ma_1
live_feasible,lgbm,perm_p1_mse,column,vix_tercile,low,28,0.3480,har_ma_1,har_ma_1
live_feasible,lgbm,perm_p1_mse,column,vix_tercile,mid,38,0.4810,har_ma_1,har_ma_1
live_feasible,lgbm,perm_p2_mse,column,year,2018,13,0.0994,har_ma_1,har_ma_1
live_feasible,lgbm,perm_p2_mse,column,year,2019,26,0.2169,har_ma_1,har_ma_1
live_feasible,lgbm,perm_p2_mse,column,year,2020,25,0.6196,har_ma_1,har_ma_1
live_feasible,lgbm,perm_p2_mse,column,year,2021,25,0.2543,har_ma_1,har_ma_1
live_feasible,lgbm,perm_p2_mse,column,year,2022,25,0.3577,har_ma_1,har_ma_1
live_feasible,lgbm,perm_p2_mse,column,year,2023,25,0.2619,har_ma_1,har_ma_1
live_feasible,lgbm,perm_p2_mse,column,year,2024,8,0.0953,har_ma_5,har_ma_1
live_feasible,lgbm,perm_p2_mse,column,vix_tercile,high,81,0.8742,har_ma_1,har_ma_1
live_feasible,lgbm,perm_p2_mse,column,vix_tercile,low,28,0.2787,har_ma_1,har_ma_1
live_feasible,lgbm,perm_p2_mse,column,vix_tercile,mid,38,0.4139,har_ma_1,har_ma_1
live_feasible,lgbm,shap,column,year,2018,13,0.9688,har_ma_1,har_ma_1
live_feasible,lgbm,shap,column,year,2019,26,0.9685,har_ma_1,har_ma_1
live_feasible,lgbm,shap,column,year,2020,25,0.9727,har_ma_1,har_ma_1
live_feasible,lgbm,shap,column,year,2021,25,0.9801,har_ma_1,har_ma_1
live_feasible,lgbm,shap,column,year,2022,25,0.9657,har_ma_1,har_ma_1
live_feasible,lgbm,shap,column,year,2023,25,0.9672,har_ma_1,har_ma_1
live_feasible,lgbm,shap,column,year,2024,8,0.9159,har_ma_1,har_ma_1
live_feasible,lgbm,shap,column,vix_tercile,high,81,0.9931,har_ma_1,har_ma_1
live_feasible,lgbm,shap,column,vix_tercile,low,28,0.9827,har_ma_1,har_ma_1
live_feasible,lgbm,shap,column,vix_tercile,mid,38,0.9896,har_ma_1,har_ma_1
live_feasible,xgb,mdi,column,year,2018,13,0.9775,har_ma_1,har_ma_1
live_feasible,xgb,mdi,column,year,2019,26,0.9865,har_ma_1,har_ma_1
live_feasible,xgb,mdi,column,year,2020,25,0.9916,har_ma_1,har_ma_1
live_feasible,xgb,mdi,column,year,2021,25,0.9903,har_ma_1,har_ma_1
live_feasible,xgb,mdi,column,year,2022,25,0.9867,har_ma_1,har_ma_1
live_feasible,xgb,mdi,column,year,2023,25,0.9821,har_ma_1,har_ma_1
live_feasible,xgb,mdi,column,year,2024,8,0.9776,har_ma_1,har_ma_1
live_feasible,xgb,mdi,column,vix_tercile,high,81,0.9971,har_ma_1,har_ma_1
live_feasible,xgb,mdi,column,vix_tercile,low,28,0.9945,har_ma_1,har_ma_1
live_feasible,xgb,mdi,column,vix_tercile,mid,38,0.9972,har_ma_1,har_ma_1
live_feasible,xgb,split,column,year,2018,13,0.9817,har_ma_1,har_ma_1
live_feasible,xgb,split,column,year,2019,26,0.9888,har_ma_1,har_ma_1
live_feasible,xgb,split,column,year,2020,25,0.9919,har_ma_1,har_ma_1
live_feasible,xgb,split,column,year,2021,25,0.9929,har_ma_1,har_ma_1
live_feasible,xgb,split,column,year,2022,25,0.9898,har_ma_1,har_ma_1
live_feasible,xgb,split,column,year,2023,25,0.9856,har_ma_1,har_ma_1
live_feasible,xgb,split,column,year,2024,8,0.9817,har_ma_1,har_ma_1
live_feasible,xgb,split,column,vix_tercile,high,81,0.9975,har_ma_1,har_ma_1
live_feasible,xgb,split,column,vix_tercile,low,28,0.9959,har_ma_1,har_ma_1
live_feasible,xgb,split,column,vix_tercile,mid,38,0.9972,har_ma_1,har_ma_1
live_feasible,xgb,perm_p1_qlike,column,year,2018,13,0.4553,har_ma_1,har_ma_1
live_feasible,xgb,perm_p1_qlike,column,year,2019,26,0.5502,har_ma_5,har_ma_1
live_feasible,xgb,perm_p1_qlike,column,year,2020,25,0.5875,har_ma_1,har_ma_1
live_feasible,xgb,perm_p1_qlike,column,year,2021,25,0.4662,har_ma_1,har_ma_1
live_feasible,xgb,perm_p1_qlike,column,year,2022,25,0.3728,har_ma_1,har_ma_1
live_feasible,xgb,perm_p1_qlike,column,year,2023,25,0.2258,har_ma_1,har_ma_1
live_feasible,xgb,perm_p1_qlike,column,year,2024,8,0.1399,is_month_end,har_ma_1
live_feasible,xgb,perm_p1_qlike,column,vix_tercile,high,81,0.7663,har_ma_1,har_ma_1
live_feasible,xgb,perm_p1_qlike,column,vix_tercile,low,28,0.3581,har_ma_1,har_ma_1
live_feasible,xgb,perm_p1_qlike,column,vix_tercile,mid,38,0.3868,har_ma_1,har_ma_1
live_feasible,xgb,perm_p2_qlike,column,year,2018,13,0.5708,har_ma_1,har_ma_1
live_feasible,xgb,perm_p2_qlike,column,year,2019,26,0.6472,har_ma_5,har_ma_1
live_feasible,xgb,perm_p2_qlike,column,year,2020,25,0.4858,har_ma_1,har_ma_1
live_feasible,xgb,perm_p2_qlike,column,year,2021,25,0.4954,har_ma_1,har_ma_1
live_feasible,xgb,perm_p2_qlike,column,year,2022,25,0.3965,har_ma_1,har_ma_1
live_feasible,xgb,perm_p2_qlike,column,year,2023,25,0.4165,har_ma_1,har_ma_1
live_feasible,xgb,perm_p2_qlike,column,year,2024,8,-0.0048,is_month_end,har_ma_1
live_feasible,xgb,perm_p2_qlike,column,vix_tercile,high,81,0.8561,har_ma_1,har_ma_1
live_feasible,xgb,perm_p2_qlike,column,vix_tercile,low,28,0.3394,har_ma_1,har_ma_1
live_feasible,xgb,perm_p2_qlike,column,vix_tercile,mid,38,0.4186,har_ma_1,har_ma_1
live_feasible,xgb,perm_p1_mse,column,year,2018,13,0.1923,har_ma_1,har_ma_1
live_feasible,xgb,perm_p1_mse,column,year,2019,26,0.4731,har_ma_5,har_ma_1
live_feasible,xgb,perm_p1_mse,column,year,2020,25,0.6427,har_ma_1,har_ma_1
live_feasible,xgb,perm_p1_mse,column,year,2021,25,0.3866,har_ma_1,har_ma_1
live_feasible,xgb,perm_p1_mse,column,year,2022,25,0.3675,har_ma_1,har_ma_1
live_feasible,xgb,perm_p1_mse,column,year,2023,25,0.2820,har_ma_1,har_ma_1
live_feasible,xgb,perm_p1_mse,column,year,2024,8,0.2856,har_ma_1,har_ma_1
live_feasible,xgb,perm_p1_mse,column,vix_tercile,high,81,0.7282,har_ma_1,har_ma_1
live_feasible,xgb,perm_p1_mse,column,vix_tercile,low,28,0.2882,har_ma_1,har_ma_1
live_feasible,xgb,perm_p1_mse,column,vix_tercile,mid,38,0.3398,har_ma_1,har_ma_1
live_feasible,xgb,perm_p2_mse,column,year,2018,13,0.3703,har_ma_1,har_ma_1
live_feasible,xgb,perm_p2_mse,column,year,2019,26,0.3211,har_ma_5,har_ma_1
live_feasible,xgb,perm_p2_mse,column,year,2020,25,0.5956,har_ma_1,har_ma_1
live_feasible,xgb,perm_p2_mse,column,year,2021,25,0.2767,har_ma_1,har_ma_1
live_feasible,xgb,perm_p2_mse,column,year,2022,25,0.4690,har_ma_1,har_ma_1
live_feasible,xgb,perm_p2_mse,column,year,2023,25,0.2847,har_ma_1,har_ma_1
live_feasible,xgb,perm_p2_mse,column,year,2024,8,0.0682,har_ma_5,har_ma_1
live_feasible,xgb,perm_p2_mse,column,vix_tercile,high,81,0.8467,har_ma_1,har_ma_1
live_feasible,xgb,perm_p2_mse,column,vix_tercile,low,28,0.2210,har_ma_1,har_ma_1
live_feasible,xgb,perm_p2_mse,column,vix_tercile,mid,38,0.3554,har_ma_1,har_ma_1
live_feasible,xgb,shap,column,year,2018,13,0.9653,har_ma_1,har_ma_1
live_feasible,xgb,shap,column,year,2019,26,0.9746,har_ma_1,har_ma_1
live_feasible,xgb,shap,column,year,2020,25,0.9829,har_ma_5,har_ma_1
live_feasible,xgb,shap,column,year,2021,25,0.9849,har_ma_1,har_ma_1
live_feasible,xgb,shap,column,year,2022,25,0.9736,har_ma_1,har_ma_1
live_feasible,xgb,shap,column,year,2023,25,0.9734,har_ma_1,har_ma_1
live_feasible,xgb,shap,column,year,2024,8,0.9417,har_ma_1,har_ma_1
live_feasible,xgb,shap,column,vix_tercile,high,81,0.9948,har_ma_1,har_ma_1
live_feasible,xgb,shap,column,vix_tercile,low,28,0.9862,har_ma_1,har_ma_1
live_feasible,xgb,shap,column,vix_tercile,mid,38,0.9943,har_ma_1,har_ma_1
live_feasible,rf,mdi,column,year,2018,13,0.9884,har_ma_1,har_ma_1
live_feasible,rf,mdi,column,year,2019,26,0.9925,har_ma_1,har_ma_1
live_feasible,rf,mdi,column,year,2020,25,0.9954,har_ma_1,har_ma_1
live_feasible,rf,mdi,column,year,2021,25,0.9937,har_ma_1,har_ma_1
live_feasible,rf,mdi,column,year,2022,25,0.9922,har_ma_1,har_ma_1
live_feasible,rf,mdi,column,year,2023,25,0.9919,har_ma_1,har_ma_1
live_feasible,rf,mdi,column,year,2024,8,0.9896,har_ma_1,har_ma_1
live_feasible,rf,mdi,column,vix_tercile,high,81,0.9971,har_ma_1,har_ma_1
live_feasible,rf,mdi,column,vix_tercile,low,28,0.9981,har_ma_1,har_ma_1
live_feasible,rf,mdi,column,vix_tercile,mid,38,0.9995,har_ma_1,har_ma_1
live_feasible,rf,split,column,year,2018,13,0.9924,har_ma_1,har_ma_1
live_feasible,rf,split,column,year,2019,26,0.9953,har_ma_1,har_ma_1
live_feasible,rf,split,column,year,2020,25,0.9968,har_ma_1,har_ma_1
live_feasible,rf,split,column,year,2021,25,0.9975,har_ma_1,har_ma_1
live_feasible,rf,split,column,year,2022,25,0.9962,har_ma_1,har_ma_1
live_feasible,rf,split,column,year,2023,25,0.9952,har_ma_1,har_ma_1
live_feasible,rf,split,column,year,2024,8,0.9916,har_ma_1,har_ma_1
live_feasible,rf,split,column,vix_tercile,high,81,0.9979,har_ma_1,har_ma_1
live_feasible,rf,split,column,vix_tercile,low,28,0.9993,har_ma_1,har_ma_1
live_feasible,rf,split,column,vix_tercile,mid,38,0.9996,har_ma_1,har_ma_1
live_feasible,rf,perm_p1_qlike,column,year,2018,13,0.4444,har_ma_1,har_ma_1
live_feasible,rf,perm_p1_qlike,column,year,2019,26,0.5692,har_ma_5,har_ma_1
live_feasible,rf,perm_p1_qlike,column,year,2020,25,0.6536,har_ma_1,har_ma_1
live_feasible,rf,perm_p1_qlike,column,year,2021,25,0.3491,har_ma_1,har_ma_1
live_feasible,rf,perm_p1_qlike,column,year,2022,25,0.5188,har_ma_1,har_ma_1
live_feasible,rf,perm_p1_qlike,column,year,2023,25,0.4257,har_ma_1,har_ma_1
live_feasible,rf,perm_p1_qlike,column,year,2024,8,0.1880,is_month_end,har_ma_1
live_feasible,rf,perm_p1_qlike,column,vix_tercile,high,81,0.7715,har_ma_1,har_ma_1
live_feasible,rf,perm_p1_qlike,column,vix_tercile,low,28,0.5082,har_ma_1,har_ma_1
live_feasible,rf,perm_p1_qlike,column,vix_tercile,mid,38,0.5303,har_ma_1,har_ma_1
live_feasible,rf,perm_p2_qlike,column,year,2018,13,0.3019,har_ma_1,har_ma_1
live_feasible,rf,perm_p2_qlike,column,year,2019,26,0.5271,har_ma_5,har_ma_1
live_feasible,rf,perm_p2_qlike,column,year,2020,25,0.6197,har_ma_1,har_ma_1
live_feasible,rf,perm_p2_qlike,column,year,2021,25,0.2453,har_ma_1,har_ma_1
live_feasible,rf,perm_p2_qlike,column,year,2022,25,0.5809,har_ma_1,har_ma_1
live_feasible,rf,perm_p2_qlike,column,year,2023,25,0.3319,har_ma_1,har_ma_1
live_feasible,rf,perm_p2_qlike,column,year,2024,8,0.1763,is_month_end,har_ma_1
live_feasible,rf,perm_p2_qlike,column,vix_tercile,high,81,0.7529,har_ma_1,har_ma_1
live_feasible,rf,perm_p2_qlike,column,vix_tercile,low,28,0.4233,har_ma_1,har_ma_1
live_feasible,rf,perm_p2_qlike,column,vix_tercile,mid,38,0.5259,har_ma_1,har_ma_1
live_feasible,rf,perm_p1_mse,column,year,2018,13,0.4247,har_ma_1,har_ma_1
live_feasible,rf,perm_p1_mse,column,year,2019,26,0.4103,har_ma_1,har_ma_1
live_feasible,rf,perm_p1_mse,column,year,2020,25,0.5347,har_ma_1,har_ma_1
live_feasible,rf,perm_p1_mse,column,year,2021,25,0.3452,har_ma_1,har_ma_1
live_feasible,rf,perm_p1_mse,column,year,2022,25,0.4528,har_ma_1,har_ma_1
live_feasible,rf,perm_p1_mse,column,year,2023,25,0.2333,har_ma_1,har_ma_1
live_feasible,rf,perm_p1_mse,column,year,2024,8,0.3124,har_ma_1,har_ma_1
live_feasible,rf,perm_p1_mse,column,vix_tercile,high,81,0.7462,har_ma_1,har_ma_1
live_feasible,rf,perm_p1_mse,column,vix_tercile,low,28,0.4277,har_ma_1,har_ma_1
live_feasible,rf,perm_p1_mse,column,vix_tercile,mid,38,0.4292,har_ma_1,har_ma_1
live_feasible,rf,perm_p2_mse,column,year,2018,13,0.3362,har_ma_1,har_ma_1
live_feasible,rf,perm_p2_mse,column,year,2019,26,0.3755,har_ma_1,har_ma_1
live_feasible,rf,perm_p2_mse,column,year,2020,25,0.4204,har_ma_1,har_ma_1
live_feasible,rf,perm_p2_mse,column,year,2021,25,0.4344,har_ma_1,har_ma_1
live_feasible,rf,perm_p2_mse,column,year,2022,25,0.5176,har_ma_1,har_ma_1
live_feasible,rf,perm_p2_mse,column,year,2023,25,0.3582,har_ma_1,har_ma_1
live_feasible,rf,perm_p2_mse,column,year,2024,8,0.2338,har_ma_1,har_ma_1
live_feasible,rf,perm_p2_mse,column,vix_tercile,high,81,0.7119,har_ma_1,har_ma_1
live_feasible,rf,perm_p2_mse,column,vix_tercile,low,28,0.4218,har_ma_1,har_ma_1
live_feasible,rf,perm_p2_mse,column,vix_tercile,mid,38,0.4754,har_ma_1,har_ma_1
live_feasible,rf,shap,column,year,2018,13,0.9779,har_ma_1,har_ma_1
live_feasible,rf,shap,column,year,2019,26,0.9813,har_ma_1,har_ma_1
live_feasible,rf,shap,column,year,2020,25,0.9825,har_ma_1,har_ma_1
live_feasible,rf,shap,column,year,2021,25,0.9860,har_ma_1,har_ma_1
live_feasible,rf,shap,column,year,2022,25,0.9834,har_ma_1,har_ma_1
live_feasible,rf,shap,column,year,2023,25,0.9860,har_ma_1,har_ma_1
live_feasible,rf,shap,column,year,2024,8,0.9359,har_ma_1,har_ma_1
live_feasible,rf,shap,column,vix_tercile,high,81,0.9953,har_ma_1,har_ma_1
live_feasible,rf,shap,column,vix_tercile,low,28,0.9896,har_ma_1,har_ma_1
live_feasible,rf,shap,column,vix_tercile,mid,38,0.9940,har_ma_1,har_ma_1
live_feasible,ridge,bsd,series,year,2018,13,0.9071,har_ma_*,har_ma_*
live_feasible,ridge,bsd,series,year,2019,26,0.9835,har_ma_*,har_ma_*
live_feasible,ridge,bsd,series,year,2020,25,0.9690,har_ma_*,har_ma_*
live_feasible,ridge,bsd,series,year,2021,25,0.9670,har_ma_*,har_ma_*
live_feasible,ridge,bsd,series,year,2022,25,0.9835,har_ma_*,har_ma_*
live_feasible,ridge,bsd,series,year,2023,25,0.9856,har_ma_*,har_ma_*
live_feasible,ridge,bsd,series,year,2024,8,0.9876,har_ma_*,har_ma_*
live_feasible,ridge,bsd,series,vix_tercile,high,81,0.9959,har_ma_*,har_ma_*
live_feasible,ridge,bsd,series,vix_tercile,low,28,0.9938,har_ma_*,har_ma_*
live_feasible,ridge,bsd,series,vix_tercile,mid,38,0.9979,har_ma_*,har_ma_*
live_feasible,ridge,perm_p1_qlike,series,year,2018,13,0.7503,har_ma_*,adj_sumabsret_ma_*
live_feasible,ridge,perm_p1_qlike,series,year,2019,26,0.7110,har_ma_*,adj_sumabsret_ma_*
live_feasible,ridge,perm_p1_qlike,series,year,2020,25,0.9216,adj_sumabsret_ma_*,adj_sumabsret_ma_*
live_feasible,ridge,perm_p1_qlike,series,year,2021,25,0.8658,har_ma_*,adj_sumabsret_ma_*
live_feasible,ridge,perm_p1_qlike,series,year,2022,25,0.5645,har_ma_*,adj_sumabsret_ma_*
live_feasible,ridge,perm_p1_qlike,series,year,2023,25,0.0010,"calendar (DOW_*, is_*, ...)",adj_sumabsret_ma_*
live_feasible,ridge,perm_p1_qlike,series,year,2024,8,0.3209,adj_sumret_ma_*,adj_sumabsret_ma_*
live_feasible,ridge,perm_p1_qlike,series,vix_tercile,high,81,0.8679,adj_sumabsret_ma_*,adj_sumabsret_ma_*
live_feasible,ridge,perm_p1_qlike,series,vix_tercile,low,28,0.0279,har_ma_*,adj_sumabsret_ma_*
live_feasible,ridge,perm_p1_qlike,series,vix_tercile,mid,38,0.7358,"calendar (DOW_*, is_*, ...)",adj_sumabsret_ma_*
live_feasible,ridge,perm_p2_qlike,series,year,2018,13,0.7234,har_ma_*,adj_sumabsret_ma_*
live_feasible,ridge,perm_p2_qlike,series,year,2019,26,0.5645,har_ma_*,adj_sumabsret_ma_*
live_feasible,ridge,perm_p2_qlike,series,year,2020,25,0.9773,adj_sumabsret_ma_*,adj_sumabsret_ma_*
live_feasible,ridge,perm_p2_qlike,series,year,2021,25,0.7998,adj_sumret4_ma_*,adj_sumabsret_ma_*
live_feasible,ridge,perm_p2_qlike,series,year,2022,25,0.5521,har_ma_*,adj_sumabsret_ma_*
live_feasible,ridge,perm_p2_qlike,series,year,2023,25,0.6780,adj_sumret_ma_*,adj_sumabsret_ma_*
live_feasible,ridge,perm_p2_qlike,series,year,2024,8,0.6429,har_ma_*,adj_sumabsret_ma_*
live_feasible,ridge,perm_p2_qlike,series,vix_tercile,high,81,0.7482,adj_sumabsret_ma_*,adj_sumabsret_ma_*
live_feasible,ridge,perm_p2_qlike,series,vix_tercile,low,28,0.4035,adj_sumret_ma_*,adj_sumabsret_ma_*
live_feasible,ridge,perm_p2_qlike,series,vix_tercile,mid,38,0.6429,adj_vix_ma_*,adj_sumabsret_ma_*
live_feasible,ridge,perm_p1_mse,series,year,2018,13,0.8204,har_ma_*,har_ma_*
live_feasible,ridge,perm_p1_mse,series,year,2019,26,0.8266,har_ma_*,har_ma_*
live_feasible,ridge,perm_p1_mse,series,year,2020,25,0.8349,har_ma_*,har_ma_*
live_feasible,ridge,perm_p1_mse,series,year,2021,25,0.7977,har_ma_*,har_ma_*
live_feasible,ridge,perm_p1_mse,series,year,2022,25,0.8947,har_ma_*,har_ma_*
live_feasible,ridge,perm_p1_mse,series,year,2023,25,0.8411,har_ma_*,har_ma_*
live_feasible,ridge,perm_p1_mse,series,year,2024,8,0.5026,har_ma_*,har_ma_*
live_feasible,ridge,perm_p1_mse,series,vix_tercile,high,81,0.9773,har_ma_*,har_ma_*
live_feasible,ridge,perm_p1_mse,series,vix_tercile,low,28,0.8782,har_ma_*,har_ma_*
live_feasible,ridge,perm_p1_mse,series,vix_tercile,mid,38,0.9401,har_ma_*,har_ma_*
live_feasible,ridge,perm_p2_mse,series,year,2018,13,0.7420,har_ma_*,har_ma_*
live_feasible,ridge,perm_p2_mse,series,year,2019,26,0.8431,har_ma_*,har_ma_*
live_feasible,ridge,perm_p2_mse,series,year,2020,25,0.7874,har_ma_*,har_ma_*
live_feasible,ridge,perm_p2_mse,series,year,2021,25,0.9030,har_ma_*,har_ma_*
live_feasible,ridge,perm_p2_mse,series,year,2022,25,0.8865,har_ma_*,har_ma_*
live_feasible,ridge,perm_p2_mse,series,year,2023,25,0.8369,har_ma_*,har_ma_*
live_feasible,ridge,perm_p2_mse,series,year,2024,8,0.7523,har_ma_*,har_ma_*
live_feasible,ridge,perm_p2_mse,series,vix_tercile,high,81,0.9670,har_ma_*,har_ma_*
live_feasible,ridge,perm_p2_mse,series,vix_tercile,low,28,0.8122,har_ma_*,har_ma_*
live_feasible,ridge,perm_p2_mse,series,vix_tercile,mid,38,0.9319,har_ma_*,har_ma_*
live_feasible,ridge,drop_qlike,series,year,2018,13,0.2095,har_ma_*,adj_sumabsret_ma_*
live_feasible,ridge,drop_qlike,series,year,2019,26,0.0980,har_ma_*,adj_sumabsret_ma_*
live_feasible,ridge,drop_qlike,series,year,2020,25,0.9959,adj_sumabsret_ma_*,adj_sumabsret_ma_*
live_feasible,ridge,drop_qlike,series,year,2021,25,0.4902,har_ma_*,adj_sumabsret_ma_*
live_feasible,ridge,drop_qlike,series,year,2022,25,0.6656,har_ma_*,adj_sumabsret_ma_*
live_feasible,ridge,drop_qlike,series,year,2023,25,0.4613,har_ma_*,adj_sumabsret_ma_*
live_feasible,ridge,drop_qlike,series,year,2024,8,0.0382,adj_sumvolume_ma_*,adj_sumabsret_ma_*
live_feasible,ridge,drop_qlike,series,vix_tercile,high,81,0.9319,adj_sumabsret_ma_*,adj_sumabsret_ma_*
live_feasible,ridge,drop_qlike,series,vix_tercile,low,28,0.4675,har_ma_*,adj_sumabsret_ma_*
live_feasible,ridge,drop_qlike,series,vix_tercile,mid,38,0.5418,"calendar (DOW_*, is_*, ...)",adj_sumabsret_ma_*
live_feasible,ridge,drop_mse,series,year,2018,13,0.6594,har_ma_*,har_ma_*
live_feasible,ridge,drop_mse,series,year,2019,26,0.3911,har_ma_*,har_ma_*
live_feasible,ridge,drop_mse,series,year,2020,25,0.8844,har_ma_*,har_ma_*
live_feasible,ridge,drop_mse,series,year,2021,25,0.6615,har_ma_*,har_ma_*
live_feasible,ridge,drop_mse,series,year,2022,25,0.5707,har_ma_*,har_ma_*
live_feasible,ridge,drop_mse,series,year,2023,25,0.3395,adj_sumvolume_ma_*,har_ma_*
live_feasible,ridge,drop_mse,series,year,2024,8,0.3787,adj_sumret_ma_*,har_ma_*
live_feasible,ridge,drop_mse,series,vix_tercile,high,81,0.7771,har_ma_*,har_ma_*
live_feasible,ridge,drop_mse,series,vix_tercile,low,28,0.6987,adj_sumautocov_ma_*,har_ma_*
live_feasible,ridge,drop_mse,series,vix_tercile,mid,38,0.8019,har_ma_*,har_ma_*
live_feasible,ridge,shap,series,year,2018,13,0.8803,har_ma_*,har_ma_*
live_feasible,ridge,shap,series,year,2019,26,0.9298,har_ma_*,har_ma_*
live_feasible,ridge,shap,series,year,2020,25,0.9112,har_ma_*,har_ma_*
live_feasible,ridge,shap,series,year,2021,25,0.9814,har_ma_*,har_ma_*
live_feasible,ridge,shap,series,year,2022,25,0.9608,har_ma_*,har_ma_*
live_feasible,ridge,shap,series,year,2023,25,0.9340,har_ma_*,har_ma_*
live_feasible,ridge,shap,series,year,2024,8,0.8060,har_ma_*,har_ma_*
live_feasible,ridge,shap,series,vix_tercile,high,81,0.9794,har_ma_*,har_ma_*
live_feasible,ridge,shap,series,vix_tercile,low,28,0.9340,har_ma_*,har_ma_*
live_feasible,ridge,shap,series,vix_tercile,mid,38,0.9752,har_ma_*,har_ma_*
live_feasible,lasso,bsd,series,year,2018,13,0.6333,har_ma_*,har_ma_*
live_feasible,lasso,bsd,series,year,2019,26,0.6144,har_ma_*,har_ma_*
live_feasible,lasso,bsd,series,year,2020,25,0.7432,har_ma_*,har_ma_*
live_feasible,lasso,bsd,series,year,2021,25,0.9835,har_ma_*,har_ma_*
live_feasible,lasso,bsd,series,year,2022,25,0.9525,har_ma_*,har_ma_*
live_feasible,lasso,bsd,series,year,2023,25,0.9154,har_ma_*,har_ma_*
live_feasible,lasso,bsd,series,year,2024,8,0.8101,har_ma_*,har_ma_*
live_feasible,lasso,bsd,series,vix_tercile,high,81,0.9938,har_ma_*,har_ma_*
live_feasible,lasso,bsd,series,vix_tercile,low,28,0.9897,har_ma_*,har_ma_*
live_feasible,lasso,bsd,series,vix_tercile,mid,38,0.9959,har_ma_*,har_ma_*
live_feasible,lasso,perm_p1_qlike,series,year,2018,13,0.2988,har_ma_*,har_ma_*
live_feasible,lasso,perm_p1_qlike,series,year,2019,26,0.3823,har_ma_*,har_ma_*
live_feasible,lasso,perm_p1_qlike,series,year,2020,25,0.6602,har_ma_*,har_ma_*
live_feasible,lasso,perm_p1_qlike,series,year,2021,25,0.6078,har_ma_*,har_ma_*
live_feasible,lasso,perm_p1_qlike,series,year,2022,25,0.9649,har_ma_*,har_ma_*
live_feasible,lasso,perm_p1_qlike,series,year,2023,25,0.8617,har_ma_*,har_ma_*
live_feasible,lasso,perm_p1_qlike,series,year,2024,8,0.7730,har_ma_*,har_ma_*
live_feasible,lasso,perm_p1_qlike,series,vix_tercile,high,81,0.9463,har_ma_*,har_ma_*
live_feasible,lasso,perm_p1_qlike,series,vix_tercile,low,28,0.7585,har_ma_*,har_ma_*
live_feasible,lasso,perm_p1_qlike,series,vix_tercile,mid,38,0.7606,har_ma_*,har_ma_*
live_feasible,lasso,perm_p2_qlike,series,year,2018,13,0.2679,har_ma_*,adj_vix3m_ma_*
live_feasible,lasso,perm_p2_qlike,series,year,2019,26,0.4514,har_ma_*,adj_vix3m_ma_*
live_feasible,lasso,perm_p2_qlike,series,year,2020,25,0.4731,har_ma_*,adj_vix3m_ma_*
live_feasible,lasso,perm_p2_qlike,series,year,2021,25,0.9298,har_ma_*,adj_vix3m_ma_*
live_feasible,lasso,perm_p2_qlike,series,year,2022,25,0.9711,adj_sumret4_ma_*,adj_vix3m_ma_*
live_feasible,lasso,perm_p2_qlike,series,year,2023,25,0.9319,adj_vix3m_ma_*,adj_vix3m_ma_*
live_feasible,lasso,perm_p2_qlike,series,year,2024,8,0.7730,har_ma_*,adj_vix3m_ma_*
live_feasible,lasso,perm_p2_qlike,series,vix_tercile,high,81,0.9649,adj_sumret4_ma_*,adj_vix3m_ma_*
live_feasible,lasso,perm_p2_qlike,series,vix_tercile,low,28,0.6698,har_ma_*,adj_vix3m_ma_*
live_feasible,lasso,perm_p2_qlike,series,vix_tercile,mid,38,0.9773,adj_vix3m_ma_*,adj_vix3m_ma_*
live_feasible,lasso,perm_p1_mse,series,year,2018,13,0.3407,har_ma_*,har_ma_*
live_feasible,lasso,perm_p1_mse,series,year,2019,26,0.6490,har_ma_*,har_ma_*
live_feasible,lasso,perm_p1_mse,series,year,2020,25,0.6836,har_ma_*,har_ma_*
live_feasible,lasso,perm_p1_mse,series,year,2021,25,0.6388,har_ma_*,har_ma_*
live_feasible,lasso,perm_p1_mse,series,year,2022,25,0.9401,har_ma_*,har_ma_*
live_feasible,lasso,perm_p1_mse,series,year,2023,25,0.5707,har_ma_*,har_ma_*
live_feasible,lasso,perm_p1_mse,series,year,2024,8,0.6099,har_ma_*,har_ma_*
live_feasible,lasso,perm_p1_mse,series,vix_tercile,high,81,0.9133,har_ma_*,har_ma_*
live_feasible,lasso,perm_p1_mse,series,vix_tercile,low,28,0.8762,har_ma_*,har_ma_*
live_feasible,lasso,perm_p1_mse,series,vix_tercile,mid,38,0.7977,har_ma_*,har_ma_*
live_feasible,lasso,perm_p2_mse,series,year,2018,13,0.3230,har_ma_*,har_ma_*
live_feasible,lasso,perm_p2_mse,series,year,2019,26,0.4676,har_ma_*,har_ma_*
live_feasible,lasso,perm_p2_mse,series,year,2020,25,0.6815,har_ma_*,har_ma_*
live_feasible,lasso,perm_p2_mse,series,year,2021,25,0.8576,har_ma_*,har_ma_*
live_feasible,lasso,perm_p2_mse,series,year,2022,25,0.9794,har_ma_*,har_ma_*
live_feasible,lasso,perm_p2_mse,series,year,2023,25,0.9154,har_ma_*,har_ma_*
live_feasible,lasso,perm_p2_mse,series,year,2024,8,0.8019,har_ma_*,har_ma_*
live_feasible,lasso,perm_p2_mse,series,vix_tercile,high,81,0.9711,har_ma_*,har_ma_*
live_feasible,lasso,perm_p2_mse,series,vix_tercile,low,28,0.7255,har_ma_*,har_ma_*
live_feasible,lasso,perm_p2_mse,series,vix_tercile,mid,38,0.8927,har_ma_*,har_ma_*
live_feasible,lasso,drop_qlike,series,year,2018,13,0.7342,adj_sumret_ma_*,har_ma_*
live_feasible,lasso,drop_qlike,series,year,2019,26,0.3402,adj_sumabsret_ma_*,har_ma_*
live_feasible,lasso,drop_qlike,series,year,2020,25,0.7495,har_ma_*,har_ma_*
live_feasible,lasso,drop_qlike,series,year,2021,25,0.5645,har_ma_*,har_ma_*
live_feasible,lasso,drop_qlike,series,year,2022,25,0.4840,har_ma_*,har_ma_*
live_feasible,lasso,drop_qlike,series,year,2023,25,0.6574,har_ma_*,har_ma_*
live_feasible,lasso,drop_qlike,series,year,2024,8,0.2466,"calendar (DOW_*, is_*, ...)",har_ma_*
live_feasible,lasso,drop_qlike,series,vix_tercile,high,81,0.9360,har_ma_*,har_ma_*
live_feasible,lasso,drop_qlike,series,vix_tercile,low,28,0.5005,har_ma_*,har_ma_*
live_feasible,lasso,drop_qlike,series,vix_tercile,mid,38,0.5996,"calendar (DOW_*, is_*, ...)",har_ma_*
live_feasible,lasso,drop_mse,series,year,2018,13,0.4736,har_ma_*,har_ma_*
live_feasible,lasso,drop_mse,series,year,2019,26,0.3078,har_ma_*,har_ma_*
live_feasible,lasso,drop_mse,series,year,2020,25,0.6538,har_ma_*,har_ma_*
live_feasible,lasso,drop_mse,series,year,2021,25,0.5666,har_ma_*,har_ma_*
live_feasible,lasso,drop_mse,series,year,2022,25,0.3684,har_ma_*,har_ma_*
live_feasible,lasso,drop_mse,series,year,2023,25,0.5212,"calendar (DOW_*, is_*, ...)",har_ma_*
live_feasible,lasso,drop_mse,series,year,2024,8,0.1166,"calendar (DOW_*, is_*, ...)",har_ma_*
live_feasible,lasso,drop_mse,series,vix_tercile,high,81,0.9463,har_ma_*,har_ma_*
live_feasible,lasso,drop_mse,series,vix_tercile,low,28,0.6450,adj_sumret_ma_*,har_ma_*
live_feasible,lasso,drop_mse,series,vix_tercile,mid,38,0.6883,har_ma_*,har_ma_*
live_feasible,lasso,shap,series,year,2018,13,0.6384,har_ma_*,har_ma_*
live_feasible,lasso,shap,series,year,2019,26,0.6468,har_ma_*,har_ma_*
live_feasible,lasso,shap,series,year,2020,25,0.7687,har_ma_*,har_ma_*
live_feasible,lasso,shap,series,year,2021,25,0.9794,har_ma_*,har_ma_*
live_feasible,lasso,shap,series,year,2022,25,0.9628,har_ma_*,har_ma_*
live_feasible,lasso,shap,series,year,2023,25,0.9505,har_ma_*,har_ma_*
live_feasible,lasso,shap,series,year,2024,8,0.8287,har_ma_*,har_ma_*
live_feasible,lasso,shap,series,vix_tercile,high,81,0.9938,har_ma_*,har_ma_*
live_feasible,lasso,shap,series,vix_tercile,low,28,0.9835,har_ma_*,har_ma_*
live_feasible,lasso,shap,series,vix_tercile,mid,38,0.9835,har_ma_*,har_ma_*
live_feasible,lgbm,mdi,series,year,2018,13,0.9711,har_ma_*,har_ma_*
live_feasible,lgbm,mdi,series,year,2019,26,0.9835,har_ma_*,har_ma_*
live_feasible,lgbm,mdi,series,year,2020,25,0.9856,har_ma_*,har_ma_*
live_feasible,lgbm,mdi,series,year,2021,25,0.9856,har_ma_*,har_ma_*
live_feasible,lgbm,mdi,series,year,2022,25,0.9938,har_ma_*,har_ma_*
live_feasible,lgbm,mdi,series,year,2023,25,0.9917,har_ma_*,har_ma_*
live_feasible,lgbm,mdi,series,year,2024,8,0.9649,har_ma_*,har_ma_*
live_feasible,lgbm,mdi,series,vix_tercile,high,81,0.9856,har_ma_*,har_ma_*
live_feasible,lgbm,mdi,series,vix_tercile,low,28,0.9897,har_ma_*,har_ma_*
live_feasible,lgbm,mdi,series,vix_tercile,mid,38,0.9979,har_ma_*,har_ma_*
live_feasible,lgbm,split,series,year,2018,13,0.9711,har_ma_*,har_ma_*
live_feasible,lgbm,split,series,year,2019,26,0.9856,har_ma_*,har_ma_*
live_feasible,lgbm,split,series,year,2020,25,0.9979,har_ma_*,har_ma_*
live_feasible,lgbm,split,series,year,2021,25,0.9979,har_ma_*,har_ma_*
live_feasible,lgbm,split,series,year,2022,25,0.9897,har_ma_*,har_ma_*
live_feasible,lgbm,split,series,year,2023,25,0.9897,har_ma_*,har_ma_*
live_feasible,lgbm,split,series,year,2024,8,0.9959,har_ma_*,har_ma_*
live_feasible,lgbm,split,series,vix_tercile,high,81,1.0000,har_ma_*,har_ma_*
live_feasible,lgbm,split,series,vix_tercile,low,28,1.0000,har_ma_*,har_ma_*
live_feasible,lgbm,split,series,vix_tercile,mid,38,1.0000,har_ma_*,har_ma_*
live_feasible,lgbm,perm_p1_qlike,series,year,2018,13,0.6842,har_ma_*,har_ma_*
live_feasible,lgbm,perm_p1_qlike,series,year,2019,26,0.8803,har_ma_*,har_ma_*
live_feasible,lgbm,perm_p1_qlike,series,year,2020,25,0.8493,har_ma_*,har_ma_*
live_feasible,lgbm,perm_p1_qlike,series,year,2021,25,0.6471,har_ma_*,har_ma_*
live_feasible,lgbm,perm_p1_qlike,series,year,2022,25,0.6656,har_ma_*,har_ma_*
live_feasible,lgbm,perm_p1_qlike,series,year,2023,25,0.6099,har_ma_*,har_ma_*
live_feasible,lgbm,perm_p1_qlike,series,year,2024,8,0.2720,har_ma_*,har_ma_*
live_feasible,lgbm,perm_p1_qlike,series,vix_tercile,high,81,0.9051,har_ma_*,har_ma_*
live_feasible,lgbm,perm_p1_qlike,series,vix_tercile,low,28,0.7214,har_ma_*,har_ma_*
live_feasible,lgbm,perm_p1_qlike,series,vix_tercile,mid,38,0.8638,har_ma_*,har_ma_*
live_feasible,lgbm,perm_p2_qlike,series,year,2018,13,0.7276,har_ma_*,har_ma_*
live_feasible,lgbm,perm_p2_qlike,series,year,2019,26,0.8700,har_ma_*,har_ma_*
live_feasible,lgbm,perm_p2_qlike,series,year,2020,25,0.8596,har_ma_*,har_ma_*
live_feasible,lgbm,perm_p2_qlike,series,year,2021,25,0.6987,har_ma_*,har_ma_*
live_feasible,lgbm,perm_p2_qlike,series,year,2022,25,0.6140,har_ma_*,har_ma_*
live_feasible,lgbm,perm_p2_qlike,series,year,2023,25,0.8039,har_ma_*,har_ma_*
live_feasible,lgbm,perm_p2_qlike,series,year,2024,8,0.3932,har_ma_*,har_ma_*
live_feasible,lgbm,perm_p2_qlike,series,vix_tercile,high,81,0.9505,har_ma_*,har_ma_*
live_feasible,lgbm,perm_p2_qlike,series,vix_tercile,low,28,0.7441,har_ma_*,har_ma_*
live_feasible,lgbm,perm_p2_qlike,series,vix_tercile,mid,38,0.8431,har_ma_*,har_ma_*
live_feasible,lgbm,perm_p1_mse,series,year,2018,13,0.4241,har_ma_*,har_ma_*
live_feasible,lgbm,perm_p1_mse,series,year,2019,26,0.3705,har_ma_*,har_ma_*
live_feasible,lgbm,perm_p1_mse,series,year,2020,25,0.7936,har_ma_*,har_ma_*
live_feasible,lgbm,perm_p1_mse,series,year,2021,25,0.6017,har_ma_*,har_ma_*
live_feasible,lgbm,perm_p1_mse,series,year,2022,25,0.8080,har_ma_*,har_ma_*
live_feasible,lgbm,perm_p1_mse,series,year,2023,25,0.7420,har_ma_*,har_ma_*
live_feasible,lgbm,perm_p1_mse,series,year,2024,8,0.6649,har_ma_*,har_ma_*
live_feasible,lgbm,perm_p1_mse,series,vix_tercile,high,81,0.8576,har_ma_*,har_ma_*
live_feasible,lgbm,perm_p1_mse,series,vix_tercile,low,28,0.4303,har_ma_*,har_ma_*
live_feasible,lgbm,perm_p1_mse,series,vix_tercile,mid,38,0.7193,har_ma_*,har_ma_*
live_feasible,lgbm,perm_p2_mse,series,year,2018,13,0.4799,har_ma_*,har_ma_*
live_feasible,lgbm,perm_p2_mse,series,year,2019,26,0.7358,har_ma_*,har_ma_*
live_feasible,lgbm,perm_p2_mse,series,year,2020,25,0.4180,har_ma_*,har_ma_*
live_feasible,lgbm,perm_p2_mse,series,year,2021,25,0.6718,har_ma_*,har_ma_*
live_feasible,lgbm,perm_p2_mse,series,year,2022,25,0.7998,har_ma_*,har_ma_*
live_feasible,lgbm,perm_p2_mse,series,year,2023,25,0.7895,har_ma_*,har_ma_*
live_feasible,lgbm,perm_p2_mse,series,year,2024,8,0.5913,har_ma_*,har_ma_*
live_feasible,lgbm,perm_p2_mse,series,vix_tercile,high,81,0.9670,har_ma_*,har_ma_*
live_feasible,lgbm,perm_p2_mse,series,vix_tercile,low,28,0.5191,har_ma_*,har_ma_*
live_feasible,lgbm,perm_p2_mse,series,vix_tercile,mid,38,0.6594,har_ma_*,har_ma_*
live_feasible,lgbm,shap,series,year,2018,13,0.9773,har_ma_*,har_ma_*
live_feasible,lgbm,shap,series,year,2019,26,0.9525,har_ma_*,har_ma_*
live_feasible,lgbm,shap,series,year,2020,25,0.9732,har_ma_*,har_ma_*
live_feasible,lgbm,shap,series,year,2021,25,0.9587,har_ma_*,har_ma_*
live_feasible,lgbm,shap,series,year,2022,25,0.9649,har_ma_*,har_ma_*
live_feasible,lgbm,shap,series,year,2023,25,0.9484,har_ma_*,har_ma_*
live_feasible,lgbm,shap,series,year,2024,8,0.9154,har_ma_*,har_ma_*
live_feasible,lgbm,shap,series,vix_tercile,high,81,0.9979,har_ma_*,har_ma_*
live_feasible,lgbm,shap,series,vix_tercile,low,28,0.9711,har_ma_*,har_ma_*
live_feasible,lgbm,shap,series,vix_tercile,mid,38,0.9732,har_ma_*,har_ma_*
live_feasible,xgb,mdi,series,year,2018,13,0.9773,har_ma_*,har_ma_*
live_feasible,xgb,mdi,series,year,2019,26,0.9752,har_ma_*,har_ma_*
live_feasible,xgb,mdi,series,year,2020,25,0.9856,har_ma_*,har_ma_*
live_feasible,xgb,mdi,series,year,2021,25,0.9732,har_ma_*,har_ma_*
live_feasible,xgb,mdi,series,year,2022,25,0.9752,har_ma_*,har_ma_*
live_feasible,xgb,mdi,series,year,2023,25,0.9628,har_ma_*,har_ma_*
live_feasible,xgb,mdi,series,year,2024,8,0.9505,har_ma_*,har_ma_*
live_feasible,xgb,mdi,series,vix_tercile,high,81,0.9917,har_ma_*,har_ma_*
live_feasible,xgb,mdi,series,vix_tercile,low,28,0.9917,har_ma_*,har_ma_*
live_feasible,xgb,mdi,series,vix_tercile,mid,38,0.9835,har_ma_*,har_ma_*
live_feasible,xgb,split,series,year,2018,13,0.9773,har_ma_*,har_ma_*
live_feasible,xgb,split,series,year,2019,26,0.9897,har_ma_*,har_ma_*
live_feasible,xgb,split,series,year,2020,25,0.9959,har_ma_*,har_ma_*
live_feasible,xgb,split,series,year,2021,25,0.9979,har_ma_*,har_ma_*
live_feasible,xgb,split,series,year,2022,25,0.9979,har_ma_*,har_ma_*
live_feasible,xgb,split,series,year,2023,25,0.9979,har_ma_*,har_ma_*
live_feasible,xgb,split,series,year,2024,8,0.9814,har_ma_*,har_ma_*
live_feasible,xgb,split,series,vix_tercile,high,81,1.0000,har_ma_*,har_ma_*
live_feasible,xgb,split,series,vix_tercile,low,28,1.0000,har_ma_*,har_ma_*
live_feasible,xgb,split,series,vix_tercile,mid,38,0.9979,har_ma_*,har_ma_*
live_feasible,xgb,perm_p1_qlike,series,year,2018,13,0.9071,har_ma_*,har_ma_*
live_feasible,xgb,perm_p1_qlike,series,year,2019,26,0.8473,har_ma_*,har_ma_*
live_feasible,xgb,perm_p1_qlike,series,year,2020,25,0.8700,har_ma_*,har_ma_*
live_feasible,xgb,perm_p1_qlike,series,year,2021,25,0.7833,har_ma_*,har_ma_*
live_feasible,xgb,perm_p1_qlike,series,year,2022,25,0.6780,har_ma_*,har_ma_*
live_feasible,xgb,perm_p1_qlike,series,year,2023,25,0.7874,har_ma_*,har_ma_*
live_feasible,xgb,perm_p1_qlike,series,year,2024,8,0.4933,har_ma_*,har_ma_*
live_feasible,xgb,perm_p1_qlike,series,vix_tercile,high,81,0.8927,har_ma_*,har_ma_*
live_feasible,xgb,perm_p1_qlike,series,vix_tercile,low,28,0.8328,har_ma_*,har_ma_*
live_feasible,xgb,perm_p1_qlike,series,vix_tercile,mid,38,0.7131,har_ma_*,har_ma_*
live_feasible,xgb,perm_p2_qlike,series,year,2018,13,0.9401,har_ma_*,har_ma_*
live_feasible,xgb,perm_p2_qlike,series,year,2019,26,0.9649,har_ma_*,har_ma_*
live_feasible,xgb,perm_p2_qlike,series,year,2020,25,0.8741,har_ma_*,har_ma_*
live_feasible,xgb,perm_p2_qlike,series,year,2021,25,0.5955,har_ma_*,har_ma_*
live_feasible,xgb,perm_p2_qlike,series,year,2022,25,0.7007,har_ma_*,har_ma_*
live_feasible,xgb,perm_p2_qlike,series,year,2023,25,0.7771,har_ma_*,har_ma_*
live_feasible,xgb,perm_p2_qlike,series,year,2024,8,0.4386,har_ma_*,har_ma_*
live_feasible,xgb,perm_p2_qlike,series,vix_tercile,high,81,0.9670,har_ma_*,har_ma_*
live_feasible,xgb,perm_p2_qlike,series,vix_tercile,low,28,0.8927,har_ma_*,har_ma_*
live_feasible,xgb,perm_p2_qlike,series,vix_tercile,mid,38,0.8122,har_ma_*,har_ma_*
live_feasible,xgb,perm_p1_mse,series,year,2018,13,0.5975,har_ma_*,har_ma_*
live_feasible,xgb,perm_p1_mse,series,year,2019,26,0.1352,har_ma_*,har_ma_*
live_feasible,xgb,perm_p1_mse,series,year,2020,25,0.7895,har_ma_*,har_ma_*
live_feasible,xgb,perm_p1_mse,series,year,2021,25,0.7503,har_ma_*,har_ma_*
live_feasible,xgb,perm_p1_mse,series,year,2022,25,0.8122,har_ma_*,har_ma_*
live_feasible,xgb,perm_p1_mse,series,year,2023,25,0.7688,har_ma_*,har_ma_*
live_feasible,xgb,perm_p1_mse,series,year,2024,8,0.6360,har_ma_*,har_ma_*
live_feasible,xgb,perm_p1_mse,series,vix_tercile,high,81,0.9484,har_ma_*,har_ma_*
live_feasible,xgb,perm_p1_mse,series,vix_tercile,low,28,0.5913,har_ma_*,har_ma_*
live_feasible,xgb,perm_p1_mse,series,vix_tercile,mid,38,0.5046,har_ma_*,har_ma_*
live_feasible,xgb,perm_p2_mse,series,year,2018,13,0.6821,har_ma_*,har_ma_*
live_feasible,xgb,perm_p2_mse,series,year,2019,26,0.4840,har_ma_*,har_ma_*
live_feasible,xgb,perm_p2_mse,series,year,2020,25,0.7585,har_ma_*,har_ma_*
live_feasible,xgb,perm_p2_mse,series,year,2021,25,0.6202,har_ma_*,har_ma_*
live_feasible,xgb,perm_p2_mse,series,year,2022,25,0.7234,har_ma_*,har_ma_*
live_feasible,xgb,perm_p2_mse,series,year,2023,25,0.7234,har_ma_*,har_ma_*
live_feasible,xgb,perm_p2_mse,series,year,2024,8,0.4283,har_ma_*,har_ma_*
live_feasible,xgb,perm_p2_mse,series,vix_tercile,high,81,0.9360,har_ma_*,har_ma_*
live_feasible,xgb,perm_p2_mse,series,vix_tercile,low,28,0.7358,har_ma_*,har_ma_*
live_feasible,xgb,perm_p2_mse,series,vix_tercile,mid,38,0.6512,har_ma_*,har_ma_*
live_feasible,xgb,shap,series,year,2018,13,0.9814,har_ma_*,har_ma_*
live_feasible,xgb,shap,series,year,2019,26,0.9628,har_ma_*,har_ma_*
live_feasible,xgb,shap,series,year,2020,25,0.9463,har_ma_*,har_ma_*
live_feasible,xgb,shap,series,year,2021,25,0.9216,har_ma_*,har_ma_*
live_feasible,xgb,shap,series,year,2022,25,0.9628,har_ma_*,har_ma_*
live_feasible,xgb,shap,series,year,2023,25,0.9711,har_ma_*,har_ma_*
live_feasible,xgb,shap,series,year,2024,8,0.8349,har_ma_*,har_ma_*
live_feasible,xgb,shap,series,vix_tercile,high,81,0.9773,har_ma_*,har_ma_*
live_feasible,xgb,shap,series,vix_tercile,low,28,0.9856,har_ma_*,har_ma_*
live_feasible,xgb,shap,series,vix_tercile,mid,38,0.9959,har_ma_*,har_ma_*
live_feasible,rf,mdi,series,year,2018,13,0.9484,har_ma_*,har_ma_*
live_feasible,rf,mdi,series,year,2019,26,0.9711,har_ma_*,har_ma_*
live_feasible,rf,mdi,series,year,2020,25,0.9628,har_ma_*,har_ma_*
live_feasible,rf,mdi,series,year,2021,25,0.9690,har_ma_*,har_ma_*
live_feasible,rf,mdi,series,year,2022,25,0.9216,har_ma_*,har_ma_*
live_feasible,rf,mdi,series,year,2023,25,0.9587,har_ma_*,har_ma_*
live_feasible,rf,mdi,series,year,2024,8,0.9628,har_ma_*,har_ma_*
live_feasible,rf,mdi,series,vix_tercile,high,81,0.9856,har_ma_*,har_ma_*
live_feasible,rf,mdi,series,vix_tercile,low,28,0.9856,har_ma_*,har_ma_*
live_feasible,rf,mdi,series,vix_tercile,mid,38,0.9917,har_ma_*,har_ma_*
live_feasible,rf,split,series,year,2018,13,0.9938,adj_numobs_ma_*,adj_numobs_ma_*
live_feasible,rf,split,series,year,2019,26,0.9897,adj_numobs_ma_*,adj_numobs_ma_*
live_feasible,rf,split,series,year,2020,25,0.9876,adj_numobs_ma_*,adj_numobs_ma_*
live_feasible,rf,split,series,year,2021,25,0.9959,adj_numobs_ma_*,adj_numobs_ma_*
live_feasible,rf,split,series,year,2022,25,0.9959,adj_numobs_ma_*,adj_numobs_ma_*
live_feasible,rf,split,series,year,2023,25,0.9897,adj_numobs_ma_*,adj_numobs_ma_*
live_feasible,rf,split,series,year,2024,8,0.9897,adj_sumret_ma_*,adj_numobs_ma_*
live_feasible,rf,split,series,vix_tercile,high,81,0.9979,adj_numobs_ma_*,adj_numobs_ma_*
live_feasible,rf,split,series,vix_tercile,low,28,0.9979,adj_numobs_ma_*,adj_numobs_ma_*
live_feasible,rf,split,series,vix_tercile,mid,38,1.0000,adj_numobs_ma_*,adj_numobs_ma_*
live_feasible,rf,perm_p1_qlike,series,year,2018,13,0.8349,har_ma_*,har_ma_*
live_feasible,rf,perm_p1_qlike,series,year,2019,26,0.6945,har_ma_*,har_ma_*
live_feasible,rf,perm_p1_qlike,series,year,2020,25,0.9711,har_ma_*,har_ma_*
live_feasible,rf,perm_p1_qlike,series,year,2021,25,0.6244,har_ma_*,har_ma_*
live_feasible,rf,perm_p1_qlike,series,year,2022,25,0.9092,har_ma_*,har_ma_*
live_feasible,rf,perm_p1_qlike,series,year,2023,25,0.5893,har_ma_*,har_ma_*
live_feasible,rf,perm_p1_qlike,series,year,2024,8,0.0981,har_ma_*,har_ma_*
live_feasible,rf,perm_p1_qlike,series,vix_tercile,high,81,0.9835,har_ma_*,har_ma_*
live_feasible,rf,perm_p1_qlike,series,vix_tercile,low,28,0.8885,har_ma_*,har_ma_*
live_feasible,rf,perm_p1_qlike,series,vix_tercile,mid,38,0.5893,har_ma_*,har_ma_*
live_feasible,rf,perm_p2_qlike,series,year,2018,13,0.7296,har_ma_*,har_ma_*
live_feasible,rf,perm_p2_qlike,series,year,2019,26,0.7276,har_ma_*,har_ma_*
live_feasible,rf,perm_p2_qlike,series,year,2020,25,0.8101,har_ma_*,har_ma_*
live_feasible,rf,perm_p2_qlike,series,year,2021,25,0.6285,har_ma_*,har_ma_*
live_feasible,rf,perm_p2_qlike,series,year,2022,25,0.8369,har_ma_*,har_ma_*
live_feasible,rf,perm_p2_qlike,series,year,2023,25,0.5666,har_ma_*,har_ma_*
live_feasible,rf,perm_p2_qlike,series,year,2024,8,0.2425,har_ma_*,har_ma_*
live_feasible,rf,perm_p2_qlike,series,vix_tercile,high,81,0.9649,har_ma_*,har_ma_*
live_feasible,rf,perm_p2_qlike,series,vix_tercile,low,28,0.8060,har_ma_*,har_ma_*
live_feasible,rf,perm_p2_qlike,series,vix_tercile,mid,38,0.6388,har_ma_*,har_ma_*
live_feasible,rf,perm_p1_mse,series,year,2018,13,0.7110,har_ma_*,har_ma_*
live_feasible,rf,perm_p1_mse,series,year,2019,26,0.6760,har_ma_*,har_ma_*
live_feasible,rf,perm_p1_mse,series,year,2020,25,0.7874,har_ma_*,har_ma_*
live_feasible,rf,perm_p1_mse,series,year,2021,25,0.4489,har_ma_*,har_ma_*
live_feasible,rf,perm_p1_mse,series,year,2022,25,0.7709,har_ma_*,har_ma_*
live_feasible,rf,perm_p1_mse,series,year,2023,25,0.5542,har_ma_*,har_ma_*
live_feasible,rf,perm_p1_mse,series,year,2024,8,0.1415,har_ma_*,har_ma_*
live_feasible,rf,perm_p1_mse,series,vix_tercile,high,81,0.9628,har_ma_*,har_ma_*
live_feasible,rf,perm_p1_mse,series,vix_tercile,low,28,0.8101,har_ma_*,har_ma_*
live_feasible,rf,perm_p1_mse,series,vix_tercile,mid,38,0.4737,har_ma_*,har_ma_*
live_feasible,rf,perm_p2_mse,series,year,2018,13,0.6615,har_ma_*,har_ma_*
live_feasible,rf,perm_p2_mse,series,year,2019,26,0.6161,har_ma_*,har_ma_*
live_feasible,rf,perm_p2_mse,series,year,2020,25,0.8266,har_ma_*,har_ma_*
live_feasible,rf,perm_p2_mse,series,year,2021,25,0.8287,har_ma_*,har_ma_*
live_feasible,rf,perm_p2_mse,series,year,2022,25,0.5996,har_ma_*,har_ma_*
live_feasible,rf,perm_p2_mse,series,year,2023,25,0.5604,har_ma_*,har_ma_*
live_feasible,rf,perm_p2_mse,series,year,2024,8,0.1207,har_ma_*,har_ma_*
live_feasible,rf,perm_p2_mse,series,vix_tercile,high,81,0.9525,har_ma_*,har_ma_*
live_feasible,rf,perm_p2_mse,series,vix_tercile,low,28,0.5212,har_ma_*,har_ma_*
live_feasible,rf,perm_p2_mse,series,vix_tercile,mid,38,0.6450,har_ma_*,har_ma_*
live_feasible,rf,shap,series,year,2018,13,0.9794,har_ma_*,har_ma_*
live_feasible,rf,shap,series,year,2019,26,0.9752,har_ma_*,har_ma_*
live_feasible,rf,shap,series,year,2020,25,0.9773,har_ma_*,har_ma_*
live_feasible,rf,shap,series,year,2021,25,0.9567,har_ma_*,har_ma_*
live_feasible,rf,shap,series,year,2022,25,0.8927,har_ma_*,har_ma_*
live_feasible,rf,shap,series,year,2023,25,0.9463,har_ma_*,har_ma_*
live_feasible,rf,shap,series,year,2024,8,0.7957,har_ma_*,har_ma_*
live_feasible,rf,shap,series,vix_tercile,high,81,0.9876,har_ma_*,har_ma_*
live_feasible,rf,shap,series,vix_tercile,low,28,0.9835,har_ma_*,har_ma_*
live_feasible,rf,shap,series,vix_tercile,mid,38,0.9794,har_ma_*,har_ma_*
live_feasible,ridge,bsd,cluster,year,2018,13,0.9012,C21: har_ma_1 +1,C23: adj_sumabsret_ma_1 +7
live_feasible,ridge,bsd,cluster,year,2019,26,0.9698,C23: adj_sumabsret_ma_1 +7,C23: adj_sumabsret_ma_1 +7
live_feasible,ridge,bsd,cluster,year,2020,25,0.9785,C23: adj_sumabsret_ma_1 +7,C23: adj_sumabsret_ma_1 +7
live_feasible,ridge,bsd,cluster,year,2021,25,0.9844,C23: adj_sumabsret_ma_1 +7,C23: adj_sumabsret_ma_1 +7
live_feasible,ridge,bsd,cluster,year,2022,25,0.9705,C23: adj_sumabsret_ma_1 +7,C23: adj_sumabsret_ma_1 +7
live_feasible,ridge,bsd,cluster,year,2023,25,0.9623,C23: adj_sumabsret_ma_1 +7,C23: adj_sumabsret_ma_1 +7
live_feasible,ridge,bsd,cluster,year,2024,8,0.9319,C23: adj_sumabsret_ma_1 +7,C23: adj_sumabsret_ma_1 +7
live_feasible,ridge,bsd,cluster,vix_tercile,high,81,0.9967,C23: adj_sumabsret_ma_1 +7,C23: adj_sumabsret_ma_1 +7
live_feasible,ridge,bsd,cluster,vix_tercile,low,28,0.9908,C23: adj_sumabsret_ma_1 +7,C23: adj_sumabsret_ma_1 +7
live_feasible,ridge,bsd,cluster,vix_tercile,mid,38,0.9970,C23: adj_sumabsret_ma_1 +7,C23: adj_sumabsret_ma_1 +7
live_feasible,ridge,perm_p1_qlike,cluster,year,2018,13,0.4380,C21: har_ma_1 +1,adj_sumvolume_ma_25
live_feasible,ridge,perm_p1_qlike,cluster,year,2019,26,0.2622,C21: har_ma_1 +1,adj_sumvolume_ma_25
live_feasible,ridge,perm_p1_qlike,cluster,year,2020,25,0.8290,adj_sumvolume_ma_25,adj_sumvolume_ma_25
live_feasible,ridge,perm_p1_qlike,cluster,year,2021,25,0.2021,C21: har_ma_1 +1,adj_sumvolume_ma_25
live_feasible,ridge,perm_p1_qlike,cluster,year,2022,25,0.2216,C21: har_ma_1 +1,adj_sumvolume_ma_25
live_feasible,ridge,perm_p1_qlike,cluster,year,2023,25,-0.1069,C16: adj_vix_ma_1 +9,adj_sumvolume_ma_25
live_feasible,ridge,perm_p1_qlike,cluster,year,2024,8,0.1079,C21: har_ma_1 +1,adj_sumvolume_ma_25
live_feasible,ridge,perm_p1_qlike,cluster,vix_tercile,high,81,0.5865,C07: adj_sumabsret_ma_625 +3,adj_sumvolume_ma_25
live_feasible,ridge,perm_p1_qlike,cluster,vix_tercile,low,28,-0.0603,C16: adj_vix_ma_1 +9,adj_sumvolume_ma_25
live_feasible,ridge,perm_p1_qlike,cluster,vix_tercile,mid,38,0.6732,adj_sumvolume_ma_25,adj_sumvolume_ma_25
live_feasible,ridge,perm_p2_qlike,cluster,year,2018,13,0.4561,C21: har_ma_1 +1,adj_sumvolume_ma_25
live_feasible,ridge,perm_p2_qlike,cluster,year,2019,26,0.5605,C21: har_ma_1 +1,adj_sumvolume_ma_25
live_feasible,ridge,perm_p2_qlike,cluster,year,2020,25,0.8129,adj_sumvolume_ma_25,adj_sumvolume_ma_25
live_feasible,ridge,perm_p2_qlike,cluster,year,2021,25,0.4280,C07: adj_sumabsret_ma_625 +3,adj_sumvolume_ma_25
live_feasible,ridge,perm_p2_qlike,cluster,year,2022,25,0.3559,C07: adj_sumabsret_ma_625 +3,adj_sumvolume_ma_25
live_feasible,ridge,perm_p2_qlike,cluster,year,2023,25,0.0289,C07: adj_sumabsret_ma_625 +3,adj_sumvolume_ma_25
live_feasible,ridge,perm_p2_qlike,cluster,year,2024,8,0.2092,C07: adj_sumabsret_ma_625 +3,adj_sumvolume_ma_25
live_feasible,ridge,perm_p2_qlike,cluster,vix_tercile,high,81,0.6323,C23: adj_sumabsret_ma_1 +7,adj_sumvolume_ma_25
live_feasible,ridge,perm_p2_qlike,cluster,vix_tercile,low,28,-0.0498,C07: adj_sumabsret_ma_625 +3,adj_sumvolume_ma_25
live_feasible,ridge,perm_p2_qlike,cluster,vix_tercile,mid,38,0.5305,adj_sumvolume_ma_25,adj_sumvolume_ma_25
live_feasible,ridge,perm_p1_mse,cluster,year,2018,13,0.5757,C21: har_ma_1 +1,C21: har_ma_1 +1
live_feasible,ridge,perm_p1_mse,cluster,year,2019,26,0.5374,C21: har_ma_1 +1,C21: har_ma_1 +1
live_feasible,ridge,perm_p1_mse,cluster,year,2020,25,0.6703,C21: har_ma_1 +1,C21: har_ma_1 +1
live_feasible,ridge,perm_p1_mse,cluster,year,2021,25,0.4358,C21: har_ma_1 +1,C21: har_ma_1 +1
live_feasible,ridge,perm_p1_mse,cluster,year,2022,25,0.6872,C23: adj_sumabsret_ma_1 +7,C21: har_ma_1 +1
live_feasible,ridge,perm_p1_mse,cluster,year,2023,25,0.4339,C23: adj_sumabsret_ma_1 +7,C21: har_ma_1 +1
live_feasible,ridge,perm_p1_mse,cluster,year,2024,8,0.2717,C21: har_ma_1 +1,C21: har_ma_1 +1
live_feasible,ridge,perm_p1_mse,cluster,vix_tercile,high,81,0.8515,C21: har_ma_1 +1,C21: har_ma_1 +1
live_feasible,ridge,perm_p1_mse,cluster,vix_tercile,low,28,0.4535,C21: har_ma_1 +1,C21: har_ma_1 +1
live_feasible,ridge,perm_p1_mse,cluster,vix_tercile,mid,38,0.5328,C21: har_ma_1 +1,C21: har_ma_1 +1
live_feasible,ridge,perm_p2_mse,cluster,year,2018,13,0.4004,C21: har_ma_1 +1,C21: har_ma_1 +1
live_feasible,ridge,perm_p2_mse,cluster,year,2019,26,0.6343,C21: har_ma_1 +1,C21: har_ma_1 +1
live_feasible,ridge,perm_p2_mse,cluster,year,2020,25,0.6034,C07: adj_sumabsret_ma_625 +3,C21: har_ma_1 +1
live_feasible,ridge,perm_p2_mse,cluster,year,2021,25,0.5494,C21: har_ma_1 +1,C21: har_ma_1 +1
live_feasible,ridge,perm_p2_mse,cluster,year,2022,25,0.5170,C23: adj_sumabsret_ma_1 +7,C21: har_ma_1 +1
live_feasible,ridge,perm_p2_mse,cluster,year,2023,25,0.5191,C23: adj_sumabsret_ma_1 +7,C21: har_ma_1 +1
live_feasible,ridge,perm_p2_mse,cluster,year,2024,8,0.3121,C23: adj_sumabsret_ma_1 +7,C21: har_ma_1 +1
live_feasible,ridge,perm_p2_mse,cluster,vix_tercile,high,81,0.8920,C21: har_ma_1 +1,C21: har_ma_1 +1
live_feasible,ridge,perm_p2_mse,cluster,vix_tercile,low,28,0.4424,C21: har_ma_1 +1,C21: har_ma_1 +1
live_feasible,ridge,perm_p2_mse,cluster,vix_tercile,mid,38,0.6411,C21: har_ma_1 +1,C21: har_ma_1 +1
live_feasible,ridge,drop_qlike,cluster,year,2018,13,-0.0322,C20: adj_sumvolume_ma_1 +1,C19: har_ma_25 +1
live_feasible,ridge,drop_qlike,cluster,year,2019,26,-0.0147,C23: adj_sumabsret_ma_1 +7,C19: har_ma_25 +1
live_feasible,ridge,drop_qlike,cluster,year,2020,25,0.9972,C19: har_ma_25 +1,C19: har_ma_25 +1
live_feasible,ridge,drop_qlike,cluster,year,2021,25,-0.0639,C21: har_ma_1 +1,C19: har_ma_25 +1
live_feasible,ridge,drop_qlike,cluster,year,2022,25,0.2187,C20: adj_sumvolume_ma_1 +1,C19: har_ma_25 +1
live_feasible,ridge,drop_qlike,cluster,year,2023,25,0.1944,C23: adj_sumabsret_ma_1 +7,C19: har_ma_25 +1
live_feasible,ridge,drop_qlike,cluster,year,2024,8,0.0014,C20: adj_sumvolume_ma_1 +1,C19: har_ma_25 +1
live_feasible,ridge,drop_qlike,cluster,vix_tercile,high,81,0.8790,C19: har_ma_25 +1,C19: har_ma_25 +1
live_feasible,ridge,drop_qlike,cluster,vix_tercile,low,28,0.2109,C23: adj_sumabsret_ma_1 +7,C19: har_ma_25 +1
live_feasible,ridge,drop_qlike,cluster,vix_tercile,mid,38,0.0644,C23: adj_sumabsret_ma_1 +7,C19: har_ma_25 +1
live_feasible,ridge,drop_mse,cluster,year,2018,13,0.5677,C21: har_ma_1 +1,C21: har_ma_1 +1
live_feasible,ridge,drop_mse,cluster,year,2019,26,0.4367,C19: har_ma_25 +1,C21: har_ma_1 +1
live_feasible,ridge,drop_mse,cluster,year,2020,25,0.7796,C19: har_ma_25 +1,C21: har_ma_1 +1
live_feasible,ridge,drop_mse,cluster,year,2021,25,0.0779,C21: har_ma_1 +1,C21: har_ma_1 +1
live_feasible,ridge,drop_mse,cluster,year,2022,25,-0.0673,C21: har_ma_1 +1,C21: har_ma_1 +1
live_feasible,ridge,drop_mse,cluster,year,2023,25,0.1863,C23: adj_sumabsret_ma_1 +7,C21: har_ma_1 +1
live_feasible,ridge,drop_mse,cluster,year,2024,8,0.2280,C20: adj_sumvolume_ma_1 +1,C21: har_ma_1 +1
live_feasible,ridge,drop_mse,cluster,vix_tercile,high,81,0.8179,C21: har_ma_1 +1,C21: har_ma_1 +1
live_feasible,ridge,drop_mse,cluster,vix_tercile,low,28,0.3632,adj_sumret_ma_5,C21: har_ma_1 +1
live_feasible,ridge,drop_mse,cluster,vix_tercile,mid,38,0.1578,C20: adj_sumvolume_ma_1 +1,C21: har_ma_1 +1
live_feasible,ridge,shap,cluster,year,2018,13,0.8957,C21: har_ma_1 +1,C21: har_ma_1 +1
live_feasible,ridge,shap,cluster,year,2019,26,0.9495,C21: har_ma_1 +1,C21: har_ma_1 +1
live_feasible,ridge,shap,cluster,year,2020,25,0.9662,C21: har_ma_1 +1,C21: har_ma_1 +1
live_feasible,ridge,shap,cluster,year,2021,25,0.9729,C21: har_ma_1 +1,C21: har_ma_1 +1
live_feasible,ridge,shap,cluster,year,2022,25,0.9541,C23: adj_sumabsret_ma_1 +7,C21: har_ma_1 +1
live_feasible,ridge,shap,cluster,year,2023,25,0.9605,C23: adj_sumabsret_ma_1 +7,C21: har_ma_1 +1
live_feasible,ridge,shap,cluster,year,2024,8,0.8400,C23: adj_sumabsret_ma_1 +7,C21: har_ma_1 +1
live_feasible,ridge,shap,cluster,vix_tercile,high,81,0.9868,C21: har_ma_1 +1,C21: har_ma_1 +1
live_feasible,ridge,shap,cluster,vix_tercile,low,28,0.9786,C21: har_ma_1 +1,C21: har_ma_1 +1
live_feasible,ridge,shap,cluster,vix_tercile,mid,38,0.9905,C21: har_ma_1 +1,C21: har_ma_1 +1
live_feasible,lasso,bsd,cluster,year,2018,13,0.6002,C21: har_ma_1 +1,C21: har_ma_1 +1
live_feasible,lasso,bsd,cluster,year,2019,26,0.6331,C21: har_ma_1 +1,C21: har_ma_1 +1
live_feasible,lasso,bsd,cluster,year,2020,25,0.6189,C21: har_ma_1 +1,C21: har_ma_1 +1
live_feasible,lasso,bsd,cluster,year,2021,25,0.9293,C21: har_ma_1 +1,C21: har_ma_1 +1
live_feasible,lasso,bsd,cluster,year,2022,25,0.9465,C16: adj_vix_ma_1 +9,C21: har_ma_1 +1
live_feasible,lasso,bsd,cluster,year,2023,25,0.9620,C16: adj_vix_ma_1 +9,C21: har_ma_1 +1
live_feasible,lasso,bsd,cluster,year,2024,8,0.8775,C16: adj_vix_ma_1 +9,C21: har_ma_1 +1
live_feasible,lasso,bsd,cluster,vix_tercile,high,81,0.9817,C21: har_ma_1 +1,C21: har_ma_1 +1
live_feasible,lasso,bsd,cluster,vix_tercile,low,28,0.9636,C21: har_ma_1 +1,C21: har_ma_1 +1
live_feasible,lasso,bsd,cluster,vix_tercile,mid,38,0.9903,C21: har_ma_1 +1,C21: har_ma_1 +1
live_feasible,lasso,perm_p1_qlike,cluster,year,2018,13,0.3445,C21: har_ma_1 +1,C21: har_ma_1 +1
live_feasible,lasso,perm_p1_qlike,cluster,year,2019,26,0.2395,C21: har_ma_1 +1,C21: har_ma_1 +1
live_feasible,lasso,perm_p1_qlike,cluster,year,2020,25,0.5134,C21: har_ma_1 +1,C21: har_ma_1 +1
live_feasible,lasso,perm_p1_qlike,cluster,year,2021,25,0.3550,C21: har_ma_1 +1,C21: har_ma_1 +1
live_feasible,lasso,perm_p1_qlike,cluster,year,2022,25,0.5136,C21: har_ma_1 +1,C21: har_ma_1 +1
live_feasible,lasso,perm_p1_qlike,cluster,year,2023,25,0.5619,C21: har_ma_1 +1,C21: har_ma_1 +1
live_feasible,lasso,perm_p1_qlike,cluster,year,2024,8,0.3670,C21: har_ma_1 +1,C21: har_ma_1 +1
live_feasible,lasso,perm_p1_qlike,cluster,vix_tercile,high,81,0.4566,C21: har_ma_1 +1,C21: har_ma_1 +1
live_feasible,lasso,perm_p1_qlike,cluster,vix_tercile,low,28,0.4203,C21: har_ma_1 +1,C21: har_ma_1 +1
live_feasible,lasso,perm_p1_qlike,cluster,vix_tercile,mid,38,0.5008,C21: har_ma_1 +1,C21: har_ma_1 +1
live_feasible,lasso,perm_p2_qlike,cluster,year,2018,13,0.2364,C21: har_ma_1 +1,C21: har_ma_1 +1
live_feasible,lasso,perm_p2_qlike,cluster,year,2019,26,0.3067,C21: har_ma_1 +1,C21: har_ma_1 +1
live_feasible,lasso,perm_p2_qlike,cluster,year,2020,25,0.5360,C21: har_ma_1 +1,C21: har_ma_1 +1
live_feasible,lasso,perm_p2_qlike,cluster,year,2021,25,0.5974,C21: har_ma_1 +1,C21: har_ma_1 +1
live_feasible,lasso,perm_p2_qlike,cluster,year,2022,25,0.7097,C21: har_ma_1 +1,C21: har_ma_1 +1
live_feasible,lasso,perm_p2_qlike,cluster,year,2023,25,0.5835,C21: har_ma_1 +1,C21: har_ma_1 +1
live_feasible,lasso,perm_p2_qlike,cluster,year,2024,8,0.3993,C21: har_ma_1 +1,C21: har_ma_1 +1
live_feasible,lasso,perm_p2_qlike,cluster,vix_tercile,high,81,0.7890,C21: har_ma_1 +1,C21: har_ma_1 +1
live_feasible,lasso,perm_p2_qlike,cluster,vix_tercile,low,28,0.5695,C21: har_ma_1 +1,C21: har_ma_1 +1
live_feasible,lasso,perm_p2_qlike,cluster,vix_tercile,mid,38,0.2979,C21: har_ma_1 +1,C21: har_ma_1 +1
live_feasible,lasso,perm_p1_mse,cluster,year,2018,13,0.0999,C21: har_ma_1 +1,C21: har_ma_1 +1
live_feasible,lasso,perm_p1_mse,cluster,year,2019,26,0.3924,C21: har_ma_1 +1,C21: har_ma_1 +1
live_feasible,lasso,perm_p1_mse,cluster,year,2020,25,0.5717,C21: har_ma_1 +1,C21: har_ma_1 +1
live_feasible,lasso,perm_p1_mse,cluster,year,2021,25,0.2737,C21: har_ma_1 +1,C21: har_ma_1 +1
live_feasible,lasso,perm_p1_mse,cluster,year,2022,25,0.5738,C21: har_ma_1 +1,C21: har_ma_1 +1
live_feasible,lasso,perm_p1_mse,cluster,year,2023,25,0.4312,C21: har_ma_1 +1,C21: har_ma_1 +1
live_feasible,lasso,perm_p1_mse,cluster,year,2024,8,0.3545,C21: har_ma_1 +1,C21: har_ma_1 +1
live_feasible,lasso,perm_p1_mse,cluster,vix_tercile,high,81,0.5447,C21: har_ma_1 +1,C21: har_ma_1 +1
live_feasible,lasso,perm_p1_mse,cluster,vix_tercile,low,28,0.3747,C21: har_ma_1 +1,C21: har_ma_1 +1
live_feasible,lasso,perm_p1_mse,cluster,vix_tercile,mid,38,0.5381,C21: har_ma_1 +1,C21: har_ma_1 +1
live_feasible,lasso,perm_p2_mse,cluster,year,2018,13,0.2567,C21: har_ma_1 +1,C21: har_ma_1 +1
live_feasible,lasso,perm_p2_mse,cluster,year,2019,26,0.2090,C21: har_ma_1 +1,C21: har_ma_1 +1
live_feasible,lasso,perm_p2_mse,cluster,year,2020,25,0.4961,C21: har_ma_1 +1,C21: har_ma_1 +1
live_feasible,lasso,perm_p2_mse,cluster,year,2021,25,0.6169,C21: har_ma_1 +1,C21: har_ma_1 +1
live_feasible,lasso,perm_p2_mse,cluster,year,2022,25,0.6457,C21: har_ma_1 +1,C21: har_ma_1 +1
live_feasible,lasso,perm_p2_mse,cluster,year,2023,25,0.4406,C21: har_ma_1 +1,C21: har_ma_1 +1
live_feasible,lasso,perm_p2_mse,cluster,year,2024,8,0.4884,C21: har_ma_1 +1,C21: har_ma_1 +1
live_feasible,lasso,perm_p2_mse,cluster,vix_tercile,high,81,0.6669,C21: har_ma_1 +1,C21: har_ma_1 +1
live_feasible,lasso,perm_p2_mse,cluster,vix_tercile,low,28,0.5314,C21: har_ma_1 +1,C21: har_ma_1 +1
live_feasible,lasso,perm_p2_mse,cluster,vix_tercile,mid,38,0.5071,C21: har_ma_1 +1,C21: har_ma_1 +1
live_feasible,lasso,drop_qlike,cluster,year,2018,13,0.4409,C20: adj_sumvolume_ma_1 +1,C21: har_ma_1 +1
live_feasible,lasso,drop_qlike,cluster,year,2019,26,0.2950,C21: har_ma_1 +1,C21: har_ma_1 +1
live_feasible,lasso,drop_qlike,cluster,year,2020,25,0.4146,C21: har_ma_1 +1,C21: har_ma_1 +1
live_feasible,lasso,drop_qlike,cluster,year,2021,25,0.5684,C21: har_ma_1 +1,C21: har_ma_1 +1
live_feasible,lasso,drop_qlike,cluster,year,2022,25,0.3804,C21: har_ma_1 +1,C21: har_ma_1 +1
live_feasible,lasso,drop_qlike,cluster,year,2023,25,0.2727,C21: har_ma_1 +1,C21: har_ma_1 +1
live_feasible,lasso,drop_qlike,cluster,year,2024,8,0.1666,is_month_end,C21: har_ma_1 +1
live_feasible,lasso,drop_qlike,cluster,vix_tercile,high,81,0.6739,C21: har_ma_1 +1,C21: har_ma_1 +1
live_feasible,lasso,drop_qlike,cluster,vix_tercile,low,28,0.3476,C21: har_ma_1 +1,C21: har_ma_1 +1
live_feasible,lasso,drop_qlike,cluster,vix_tercile,mid,38,0.5465,is_month_end,C21: har_ma_1 +1
live_feasible,lasso,drop_mse,cluster,year,2018,13,0.4061,adj_sumret_ma_5,C21: har_ma_1 +1
live_feasible,lasso,drop_mse,cluster,year,2019,26,0.0322,C19: har_ma_25 +1,C21: har_ma_1 +1
live_feasible,lasso,drop_mse,cluster,year,2020,25,0.5372,C21: har_ma_1 +1,C21: har_ma_1 +1
live_feasible,lasso,drop_mse,cluster,year,2021,25,0.4721,C21: har_ma_1 +1,C21: har_ma_1 +1
live_feasible,lasso,drop_mse,cluster,year,2022,25,0.4303,C21: har_ma_1 +1,C21: har_ma_1 +1
live_feasible,lasso,drop_mse,cluster,year,2023,25,0.4167,is_month_end,C21: har_ma_1 +1
live_feasible,lasso,drop_mse,cluster,year,2024,8,0.2786,is_month_end,C21: har_ma_1 +1
live_feasible,lasso,drop_mse,cluster,vix_tercile,high,81,0.7779,C21: har_ma_1 +1,C21: har_ma_1 +1
live_feasible,lasso,drop_mse,cluster,vix_tercile,low,28,0.5415,adj_sumret_ma_5,C21: har_ma_1 +1
live_feasible,lasso,drop_mse,cluster,vix_tercile,mid,38,0.4685,is_month_end,C21: har_ma_1 +1
live_feasible,lasso,shap,cluster,year,2018,13,0.6291,C21: har_ma_1 +1,C21: har_ma_1 +1
live_feasible,lasso,shap,cluster,year,2019,26,0.6421,C21: har_ma_1 +1,C21: har_ma_1 +1
live_feasible,lasso,shap,cluster,year,2020,25,0.6016,C21: har_ma_1 +1,C21: har_ma_1 +1
live_feasible,lasso,shap,cluster,year,2021,25,0.9307,C21: har_ma_1 +1,C21: har_ma_1 +1
live_feasible,lasso,shap,cluster,year,2022,25,0.9328,C21: har_ma_1 +1,C21: har_ma_1 +1
live_feasible,lasso,shap,cluster,year,2023,25,0.9618,C21: har_ma_1 +1,C21: har_ma_1 +1
live_feasible,lasso,shap,cluster,year,2024,8,0.8747,C21: har_ma_1 +1,C21: har_ma_1 +1
live_feasible,lasso,shap,cluster,vix_tercile,high,81,0.9680,C21: har_ma_1 +1,C21: har_ma_1 +1
live_feasible,lasso,shap,cluster,vix_tercile,low,28,0.9551,C21: har_ma_1 +1,C21: har_ma_1 +1
live_feasible,lasso,shap,cluster,vix_tercile,mid,38,0.9875,C21: har_ma_1 +1,C21: har_ma_1 +1
live_feasible,lgbm,mdi,cluster,year,2018,13,0.9844,C21: har_ma_1 +1,C21: har_ma_1 +1
live_feasible,lgbm,mdi,cluster,year,2019,26,0.9886,C21: har_ma_1 +1,C21: har_ma_1 +1
live_feasible,lgbm,mdi,cluster,year,2020,25,0.9930,C21: har_ma_1 +1,C21: har_ma_1 +1
live_feasible,lgbm,mdi,cluster,year,2021,25,0.9912,C21: har_ma_1 +1,C21: har_ma_1 +1
live_feasible,lgbm,mdi,cluster,year,2022,25,0.9916,C21: har_ma_1 +1,C21: har_ma_1 +1
live_feasible,lgbm,mdi,cluster,year,2023,25,0.9909,C21: har_ma_1 +1,C21: har_ma_1 +1
live_feasible,lgbm,mdi,cluster,year,2024,8,0.9774,C21: har_ma_1 +1,C21: har_ma_1 +1
live_feasible,lgbm,mdi,cluster,vix_tercile,high,81,0.9988,C21: har_ma_1 +1,C21: har_ma_1 +1
live_feasible,lgbm,mdi,cluster,vix_tercile,low,28,0.9968,C21: har_ma_1 +1,C21: har_ma_1 +1
live_feasible,lgbm,mdi,cluster,vix_tercile,mid,38,0.9989,C21: har_ma_1 +1,C21: har_ma_1 +1
live_feasible,lgbm,split,cluster,year,2018,13,0.9856,C21: har_ma_1 +1,C21: har_ma_1 +1
live_feasible,lgbm,split,cluster,year,2019,26,0.9917,C21: har_ma_1 +1,C21: har_ma_1 +1
live_feasible,lgbm,split,cluster,year,2020,25,0.9915,C21: har_ma_1 +1,C21: har_ma_1 +1
live_feasible,lgbm,split,cluster,year,2021,25,0.9898,C21: har_ma_1 +1,C21: har_ma_1 +1
live_feasible,lgbm,split,cluster,year,2022,25,0.9938,C21: har_ma_1 +1,C21: har_ma_1 +1
live_feasible,lgbm,split,cluster,year,2023,25,0.9888,C21: har_ma_1 +1,C21: har_ma_1 +1
live_feasible,lgbm,split,cluster,year,2024,8,0.9811,C21: har_ma_1 +1,C21: har_ma_1 +1
live_feasible,lgbm,split,cluster,vix_tercile,high,81,0.9976,C21: har_ma_1 +1,C21: har_ma_1 +1
live_feasible,lgbm,split,cluster,vix_tercile,low,28,0.9971,C21: har_ma_1 +1,C21: har_ma_1 +1
live_feasible,lgbm,split,cluster,vix_tercile,mid,38,0.9989,C21: har_ma_1 +1,C21: har_ma_1 +1
live_feasible,lgbm,perm_p1_qlike,cluster,year,2018,13,0.5081,C21: har_ma_1 +1,C21: har_ma_1 +1
live_feasible,lgbm,perm_p1_qlike,cluster,year,2019,26,0.6107,C21: har_ma_1 +1,C21: har_ma_1 +1
live_feasible,lgbm,perm_p1_qlike,cluster,year,2020,25,0.6969,C21: har_ma_1 +1,C21: har_ma_1 +1
live_feasible,lgbm,perm_p1_qlike,cluster,year,2021,25,0.4349,C21: har_ma_1 +1,C21: har_ma_1 +1
live_feasible,lgbm,perm_p1_qlike,cluster,year,2022,25,0.5343,C21: har_ma_1 +1,C21: har_ma_1 +1
live_feasible,lgbm,perm_p1_qlike,cluster,year,2023,25,0.4690,C21: har_ma_1 +1,C21: har_ma_1 +1
live_feasible,lgbm,perm_p1_qlike,cluster,year,2024,8,0.2078,C21: har_ma_1 +1,C21: har_ma_1 +1
live_feasible,lgbm,perm_p1_qlike,cluster,vix_tercile,high,81,0.8382,C21: har_ma_1 +1,C21: har_ma_1 +1
live_feasible,lgbm,perm_p1_qlike,cluster,vix_tercile,low,28,0.4100,C21: har_ma_1 +1,C21: har_ma_1 +1
live_feasible,lgbm,perm_p1_qlike,cluster,vix_tercile,mid,38,0.4874,C21: har_ma_1 +1,C21: har_ma_1 +1
live_feasible,lgbm,perm_p2_qlike,cluster,year,2018,13,0.5633,C21: har_ma_1 +1,C21: har_ma_1 +1
live_feasible,lgbm,perm_p2_qlike,cluster,year,2019,26,0.5138,C21: har_ma_1 +1,C21: har_ma_1 +1
live_feasible,lgbm,perm_p2_qlike,cluster,year,2020,25,0.6752,C21: har_ma_1 +1,C21: har_ma_1 +1
live_feasible,lgbm,perm_p2_qlike,cluster,year,2021,25,0.3780,C21: har_ma_1 +1,C21: har_ma_1 +1
live_feasible,lgbm,perm_p2_qlike,cluster,year,2022,25,0.4582,C21: har_ma_1 +1,C21: har_ma_1 +1
live_feasible,lgbm,perm_p2_qlike,cluster,year,2023,25,0.4848,C21: har_ma_1 +1,C21: har_ma_1 +1
live_feasible,lgbm,perm_p2_qlike,cluster,year,2024,8,0.3321,C21: har_ma_1 +1,C21: har_ma_1 +1
live_feasible,lgbm,perm_p2_qlike,cluster,vix_tercile,high,81,0.9033,C21: har_ma_1 +1,C21: har_ma_1 +1
live_feasible,lgbm,perm_p2_qlike,cluster,vix_tercile,low,28,0.4030,C21: har_ma_1 +1,C21: har_ma_1 +1
live_feasible,lgbm,perm_p2_qlike,cluster,vix_tercile,mid,38,0.4552,C21: har_ma_1 +1,C21: har_ma_1 +1
live_feasible,lgbm,perm_p1_mse,cluster,year,2018,13,0.2170,C21: har_ma_1 +1,C21: har_ma_1 +1
live_feasible,lgbm,perm_p1_mse,cluster,year,2019,26,0.2978,C21: har_ma_1 +1,C21: har_ma_1 +1
live_feasible,lgbm,perm_p1_mse,cluster,year,2020,25,0.7420,C21: har_ma_1 +1,C21: har_ma_1 +1
live_feasible,lgbm,perm_p1_mse,cluster,year,2021,25,0.6790,C21: har_ma_1 +1,C21: har_ma_1 +1
live_feasible,lgbm,perm_p1_mse,cluster,year,2022,25,0.5802,C21: har_ma_1 +1,C21: har_ma_1 +1
live_feasible,lgbm,perm_p1_mse,cluster,year,2023,25,0.3253,C21: har_ma_1 +1,C21: har_ma_1 +1
live_feasible,lgbm,perm_p1_mse,cluster,year,2024,8,0.1948,C21: har_ma_1 +1,C21: har_ma_1 +1
live_feasible,lgbm,perm_p1_mse,cluster,vix_tercile,high,81,0.8244,C21: har_ma_1 +1,C21: har_ma_1 +1
live_feasible,lgbm,perm_p1_mse,cluster,vix_tercile,low,28,0.2695,C21: har_ma_1 +1,C21: har_ma_1 +1
live_feasible,lgbm,perm_p1_mse,cluster,vix_tercile,mid,38,0.4803,C21: har_ma_1 +1,C21: har_ma_1 +1
live_feasible,lgbm,perm_p2_mse,cluster,year,2018,13,0.2270,C21: har_ma_1 +1,C21: har_ma_1 +1
live_feasible,lgbm,perm_p2_mse,cluster,year,2019,26,0.3506,C21: har_ma_1 +1,C21: har_ma_1 +1
live_feasible,lgbm,perm_p2_mse,cluster,year,2020,25,0.5615,C21: har_ma_1 +1,C21: har_ma_1 +1
live_feasible,lgbm,perm_p2_mse,cluster,year,2021,25,0.5329,C21: har_ma_1 +1,C21: har_ma_1 +1
live_feasible,lgbm,perm_p2_mse,cluster,year,2022,25,0.5359,C21: har_ma_1 +1,C21: har_ma_1 +1
live_feasible,lgbm,perm_p2_mse,cluster,year,2023,25,0.3067,C21: har_ma_1 +1,C21: har_ma_1 +1
live_feasible,lgbm,perm_p2_mse,cluster,year,2024,8,0.1215,C21: har_ma_1 +1,C21: har_ma_1 +1
live_feasible,lgbm,perm_p2_mse,cluster,vix_tercile,high,81,0.9601,C21: har_ma_1 +1,C21: har_ma_1 +1
live_feasible,lgbm,perm_p2_mse,cluster,vix_tercile,low,28,0.1698,C21: har_ma_1 +1,C21: har_ma_1 +1
live_feasible,lgbm,perm_p2_mse,cluster,vix_tercile,mid,38,0.3731,C21: har_ma_1 +1,C21: har_ma_1 +1
live_feasible,lgbm,shap,cluster,year,2018,13,0.9432,C21: har_ma_1 +1,C21: har_ma_1 +1
live_feasible,lgbm,shap,cluster,year,2019,26,0.9405,C21: har_ma_1 +1,C21: har_ma_1 +1
live_feasible,lgbm,shap,cluster,year,2020,25,0.9624,C21: har_ma_1 +1,C21: har_ma_1 +1
live_feasible,lgbm,shap,cluster,year,2021,25,0.9737,C21: har_ma_1 +1,C21: har_ma_1 +1
live_feasible,lgbm,shap,cluster,year,2022,25,0.9486,C21: har_ma_1 +1,C21: har_ma_1 +1
live_feasible,lgbm,shap,cluster,year,2023,25,0.9463,C21: har_ma_1 +1,C21: har_ma_1 +1
live_feasible,lgbm,shap,cluster,year,2024,8,0.8519,C21: har_ma_1 +1,C21: har_ma_1 +1
live_feasible,lgbm,shap,cluster,vix_tercile,high,81,0.9929,C21: har_ma_1 +1,C21: har_ma_1 +1
live_feasible,lgbm,shap,cluster,vix_tercile,low,28,0.9562,C21: har_ma_1 +1,C21: har_ma_1 +1
live_feasible,lgbm,shap,cluster,vix_tercile,mid,38,0.9858,C21: har_ma_1 +1,C21: har_ma_1 +1
live_feasible,xgb,mdi,cluster,year,2018,13,0.9545,C21: har_ma_1 +1,C21: har_ma_1 +1
live_feasible,xgb,mdi,cluster,year,2019,26,0.9806,C21: har_ma_1 +1,C21: har_ma_1 +1
live_feasible,xgb,mdi,cluster,year,2020,25,0.9883,C21: har_ma_1 +1,C21: har_ma_1 +1
live_feasible,xgb,mdi,cluster,year,2021,25,0.9886,C21: har_ma_1 +1,C21: har_ma_1 +1
live_feasible,xgb,mdi,cluster,year,2022,25,0.9892,C21: har_ma_1 +1,C21: har_ma_1 +1
live_feasible,xgb,mdi,cluster,year,2023,25,0.9821,C21: har_ma_1 +1,C21: har_ma_1 +1
live_feasible,xgb,mdi,cluster,year,2024,8,0.9574,C21: har_ma_1 +1,C21: har_ma_1 +1
live_feasible,xgb,mdi,cluster,vix_tercile,high,81,0.9981,C21: har_ma_1 +1,C21: har_ma_1 +1
live_feasible,xgb,mdi,cluster,vix_tercile,low,28,0.9936,C21: har_ma_1 +1,C21: har_ma_1 +1
live_feasible,xgb,mdi,cluster,vix_tercile,mid,38,0.9982,C21: har_ma_1 +1,C21: har_ma_1 +1
live_feasible,xgb,split,cluster,year,2018,13,0.9733,C21: har_ma_1 +1,C21: har_ma_1 +1
live_feasible,xgb,split,cluster,year,2019,26,0.9878,C21: har_ma_1 +1,C21: har_ma_1 +1
live_feasible,xgb,split,cluster,year,2020,25,0.9870,C21: har_ma_1 +1,C21: har_ma_1 +1
live_feasible,xgb,split,cluster,year,2021,25,0.9866,C21: har_ma_1 +1,C21: har_ma_1 +1
live_feasible,xgb,split,cluster,year,2022,25,0.9897,C21: har_ma_1 +1,C21: har_ma_1 +1
live_feasible,xgb,split,cluster,year,2023,25,0.9765,C21: har_ma_1 +1,C21: har_ma_1 +1
live_feasible,xgb,split,cluster,year,2024,8,0.9587,C21: har_ma_1 +1,C21: har_ma_1 +1
live_feasible,xgb,split,cluster,vix_tercile,high,81,0.9975,C21: har_ma_1 +1,C21: har_ma_1 +1
live_feasible,xgb,split,cluster,vix_tercile,low,28,0.9946,C21: har_ma_1 +1,C21: har_ma_1 +1
live_feasible,xgb,split,cluster,vix_tercile,mid,38,0.9967,C21: har_ma_1 +1,C21: har_ma_1 +1
live_feasible,xgb,perm_p1_qlike,cluster,year,2018,13,0.5181,C21: har_ma_1 +1,C21: har_ma_1 +1
live_feasible,xgb,perm_p1_qlike,cluster,year,2019,26,0.5694,C21: har_ma_1 +1,C21: har_ma_1 +1
live_feasible,xgb,perm_p1_qlike,cluster,year,2020,25,0.7399,C21: har_ma_1 +1,C21: har_ma_1 +1
live_feasible,xgb,perm_p1_qlike,cluster,year,2021,25,0.5349,C21: har_ma_1 +1,C21: har_ma_1 +1
live_feasible,xgb,perm_p1_qlike,cluster,year,2022,25,0.5170,C21: har_ma_1 +1,C21: har_ma_1 +1
live_feasible,xgb,perm_p1_qlike,cluster,year,2023,25,0.4214,C21: har_ma_1 +1,C21: har_ma_1 +1
live_feasible,xgb,perm_p1_qlike,cluster,year,2024,8,0.2237,C21: har_ma_1 +1,C21: har_ma_1 +1
live_feasible,xgb,perm_p1_qlike,cluster,vix_tercile,high,81,0.8208,C21: har_ma_1 +1,C21: har_ma_1 +1
live_feasible,xgb,perm_p1_qlike,cluster,vix_tercile,low,28,0.3836,C21: har_ma_1 +1,C21: har_ma_1 +1
live_feasible,xgb,perm_p1_qlike,cluster,vix_tercile,mid,38,0.3590,C21: har_ma_1 +1,C21: har_ma_1 +1
live_feasible,xgb,perm_p2_qlike,cluster,year,2018,13,0.7569,C21: har_ma_1 +1,C21: har_ma_1 +1
live_feasible,xgb,perm_p2_qlike,cluster,year,2019,26,0.7331,C21: har_ma_1 +1,C21: har_ma_1 +1
live_feasible,xgb,perm_p2_qlike,cluster,year,2020,25,0.6188,C21: har_ma_1 +1,C21: har_ma_1 +1
live_feasible,xgb,perm_p2_qlike,cluster,year,2021,25,0.5912,C21: har_ma_1 +1,C21: har_ma_1 +1
live_feasible,xgb,perm_p2_qlike,cluster,year,2022,25,0.5068,C21: har_ma_1 +1,C21: har_ma_1 +1
live_feasible,xgb,perm_p2_qlike,cluster,year,2023,25,0.5440,C21: har_ma_1 +1,C21: har_ma_1 +1
live_feasible,xgb,perm_p2_qlike,cluster,year,2024,8,0.1551,C21: har_ma_1 +1,C21: har_ma_1 +1
live_feasible,xgb,perm_p2_qlike,cluster,vix_tercile,high,81,0.9427,C21: har_ma_1 +1,C21: har_ma_1 +1
live_feasible,xgb,perm_p2_qlike,cluster,vix_tercile,low,28,0.3810,C21: har_ma_1 +1,C21: har_ma_1 +1
live_feasible,xgb,perm_p2_qlike,cluster,vix_tercile,mid,38,0.5176,C21: har_ma_1 +1,C21: har_ma_1 +1
live_feasible,xgb,perm_p1_mse,cluster,year,2018,13,0.3040,C21: har_ma_1 +1,C21: har_ma_1 +1
live_feasible,xgb,perm_p1_mse,cluster,year,2019,26,0.3818,C21: har_ma_1 +1,C21: har_ma_1 +1
live_feasible,xgb,perm_p1_mse,cluster,year,2020,25,0.8239,C21: har_ma_1 +1,C21: har_ma_1 +1
live_feasible,xgb,perm_p1_mse,cluster,year,2021,25,0.4148,C21: har_ma_1 +1,C21: har_ma_1 +1
live_feasible,xgb,perm_p1_mse,cluster,year,2022,25,0.5113,C21: har_ma_1 +1,C21: har_ma_1 +1
live_feasible,xgb,perm_p1_mse,cluster,year,2023,25,0.3914,C21: har_ma_1 +1,C21: har_ma_1 +1
live_feasible,xgb,perm_p1_mse,cluster,year,2024,8,0.3493,C21: har_ma_1 +1,C21: har_ma_1 +1
live_feasible,xgb,perm_p1_mse,cluster,vix_tercile,high,81,0.8444,C21: har_ma_1 +1,C21: har_ma_1 +1
live_feasible,xgb,perm_p1_mse,cluster,vix_tercile,low,28,0.4018,C21: har_ma_1 +1,C21: har_ma_1 +1
live_feasible,xgb,perm_p1_mse,cluster,vix_tercile,mid,38,0.5869,C21: har_ma_1 +1,C21: har_ma_1 +1
live_feasible,xgb,perm_p2_mse,cluster,year,2018,13,0.5146,C21: har_ma_1 +1,C21: har_ma_1 +1
live_feasible,xgb,perm_p2_mse,cluster,year,2019,26,0.3241,C21: har_ma_1 +1,C21: har_ma_1 +1
live_feasible,xgb,perm_p2_mse,cluster,year,2020,25,0.6813,C21: har_ma_1 +1,C21: har_ma_1 +1
live_feasible,xgb,perm_p2_mse,cluster,year,2021,25,0.3670,C21: har_ma_1 +1,C21: har_ma_1 +1
live_feasible,xgb,perm_p2_mse,cluster,year,2022,25,0.5187,C21: har_ma_1 +1,C21: har_ma_1 +1
live_feasible,xgb,perm_p2_mse,cluster,year,2023,25,0.1728,C21: har_ma_1 +1,C21: har_ma_1 +1
live_feasible,xgb,perm_p2_mse,cluster,year,2024,8,0.2382,C21: har_ma_1 +1,C21: har_ma_1 +1
live_feasible,xgb,perm_p2_mse,cluster,vix_tercile,high,81,0.8957,C21: har_ma_1 +1,C21: har_ma_1 +1
live_feasible,xgb,perm_p2_mse,cluster,vix_tercile,low,28,0.2471,C21: har_ma_1 +1,C21: har_ma_1 +1
live_feasible,xgb,perm_p2_mse,cluster,vix_tercile,mid,38,0.5119,C21: har_ma_1 +1,C21: har_ma_1 +1
live_feasible,xgb,shap,cluster,year,2018,13,0.9341,C21: har_ma_1 +1,C21: har_ma_1 +1
live_feasible,xgb,shap,cluster,year,2019,26,0.9488,C21: har_ma_1 +1,C21: har_ma_1 +1
live_feasible,xgb,shap,cluster,year,2020,25,0.9728,C21: har_ma_1 +1,C21: har_ma_1 +1
live_feasible,xgb,shap,cluster,year,2021,25,0.9845,C21: har_ma_1 +1,C21: har_ma_1 +1
live_feasible,xgb,shap,cluster,year,2022,25,0.9771,C21: har_ma_1 +1,C21: har_ma_1 +1
live_feasible,xgb,shap,cluster,year,2023,25,0.9709,C21: har_ma_1 +1,C21: har_ma_1 +1
live_feasible,xgb,shap,cluster,year,2024,8,0.9016,C21: har_ma_1 +1,C21: har_ma_1 +1
live_feasible,xgb,shap,cluster,vix_tercile,high,81,0.9949,C21: har_ma_1 +1,C21: har_ma_1 +1
live_feasible,xgb,shap,cluster,vix_tercile,low,28,0.9840,C21: har_ma_1 +1,C21: har_ma_1 +1
live_feasible,xgb,shap,cluster,vix_tercile,mid,38,0.9920,C21: har_ma_1 +1,C21: har_ma_1 +1
live_feasible,rf,mdi,cluster,year,2018,13,0.9803,C21: har_ma_1 +1,C21: har_ma_1 +1
live_feasible,rf,mdi,cluster,year,2019,26,0.9829,C21: har_ma_1 +1,C21: har_ma_1 +1
live_feasible,rf,mdi,cluster,year,2020,25,0.9907,C21: har_ma_1 +1,C21: har_ma_1 +1
live_feasible,rf,mdi,cluster,year,2021,25,0.9905,C21: har_ma_1 +1,C21: har_ma_1 +1
live_feasible,rf,mdi,cluster,year,2022,25,0.9883,C21: har_ma_1 +1,C21: har_ma_1 +1
live_feasible,rf,mdi,cluster,year,2023,25,0.9842,C21: har_ma_1 +1,C21: har_ma_1 +1
live_feasible,rf,mdi,cluster,year,2024,8,0.9823,C21: har_ma_1 +1,C21: har_ma_1 +1
live_feasible,rf,mdi,cluster,vix_tercile,high,81,0.9983,C21: har_ma_1 +1,C21: har_ma_1 +1
live_feasible,rf,mdi,cluster,vix_tercile,low,28,0.9974,C21: har_ma_1 +1,C21: har_ma_1 +1
live_feasible,rf,mdi,cluster,vix_tercile,mid,38,0.9986,C21: har_ma_1 +1,C21: har_ma_1 +1
live_feasible,rf,split,cluster,year,2018,13,0.9898,C23: adj_sumabsret_ma_1 +7,C23: adj_sumabsret_ma_1 +7
live_feasible,rf,split,cluster,year,2019,26,0.9929,C23: adj_sumabsret_ma_1 +7,C23: adj_sumabsret_ma_1 +7
live_feasible,rf,split,cluster,year,2020,25,0.9980,C23: adj_sumabsret_ma_1 +7,C23: adj_sumabsret_ma_1 +7
live_feasible,rf,split,cluster,year,2021,25,0.9982,C23: adj_sumabsret_ma_1 +7,C23: adj_sumabsret_ma_1 +7
live_feasible,rf,split,cluster,year,2022,25,0.9919,C23: adj_sumabsret_ma_1 +7,C23: adj_sumabsret_ma_1 +7
live_feasible,rf,split,cluster,year,2023,25,0.9895,C23: adj_sumabsret_ma_1 +7,C23: adj_sumabsret_ma_1 +7
live_feasible,rf,split,cluster,year,2024,8,0.9856,C23: adj_sumabsret_ma_1 +7,C23: adj_sumabsret_ma_1 +7
live_feasible,rf,split,cluster,vix_tercile,high,81,0.9994,C23: adj_sumabsret_ma_1 +7,C23: adj_sumabsret_ma_1 +7
live_feasible,rf,split,cluster,vix_tercile,low,28,0.9991,C23: adj_sumabsret_ma_1 +7,C23: adj_sumabsret_ma_1 +7
live_feasible,rf,split,cluster,vix_tercile,mid,38,0.9995,C23: adj_sumabsret_ma_1 +7,C23: adj_sumabsret_ma_1 +7
live_feasible,rf,perm_p1_qlike,cluster,year,2018,13,0.5465,C21: har_ma_1 +1,C21: har_ma_1 +1
live_feasible,rf,perm_p1_qlike,cluster,year,2019,26,0.5748,C21: har_ma_1 +1,C21: har_ma_1 +1
live_feasible,rf,perm_p1_qlike,cluster,year,2020,25,0.7252,C21: har_ma_1 +1,C21: har_ma_1 +1
live_feasible,rf,perm_p1_qlike,cluster,year,2021,25,0.5289,C21: har_ma_1 +1,C21: har_ma_1 +1
live_feasible,rf,perm_p1_qlike,cluster,year,2022,25,0.7111,C21: har_ma_1 +1,C21: har_ma_1 +1
live_feasible,rf,perm_p1_qlike,cluster,year,2023,25,0.5695,C21: har_ma_1 +1,C21: har_ma_1 +1
live_feasible,rf,perm_p1_qlike,cluster,year,2024,8,0.1222,C21: har_ma_1 +1,C21: har_ma_1 +1
live_feasible,rf,perm_p1_qlike,cluster,vix_tercile,high,81,0.7790,C21: har_ma_1 +1,C21: har_ma_1 +1
live_feasible,rf,perm_p1_qlike,cluster,vix_tercile,low,28,0.5716,C21: har_ma_1 +1,C21: har_ma_1 +1
live_feasible,rf,perm_p1_qlike,cluster,vix_tercile,mid,38,0.6291,C21: har_ma_1 +1,C21: har_ma_1 +1
live_feasible,rf,perm_p2_qlike,cluster,year,2018,13,0.6504,C21: har_ma_1 +1,C21: har_ma_1 +1
live_feasible,rf,perm_p2_qlike,cluster,year,2019,26,0.4750,C21: har_ma_1 +1,C21: har_ma_1 +1
live_feasible,rf,perm_p2_qlike,cluster,year,2020,25,0.6456,C21: har_ma_1 +1,C21: har_ma_1 +1
live_feasible,rf,perm_p2_qlike,cluster,year,2021,25,0.4454,C21: har_ma_1 +1,C21: har_ma_1 +1
live_feasible,rf,perm_p2_qlike,cluster,year,2022,25,0.6367,C21: har_ma_1 +1,C21: har_ma_1 +1
live_feasible,rf,perm_p2_qlike,cluster,year,2023,25,0.4575,C21: har_ma_1 +1,C21: har_ma_1 +1
live_feasible,rf,perm_p2_qlike,cluster,year,2024,8,0.2120,C21: har_ma_1 +1,C21: har_ma_1 +1
live_feasible,rf,perm_p2_qlike,cluster,vix_tercile,high,81,0.8044,C21: har_ma_1 +1,C21: har_ma_1 +1
live_feasible,rf,perm_p2_qlike,cluster,vix_tercile,low,28,0.5145,C21: har_ma_1 +1,C21: har_ma_1 +1
live_feasible,rf,perm_p2_qlike,cluster,vix_tercile,mid,38,0.5869,C21: har_ma_1 +1,C21: har_ma_1 +1
live_feasible,rf,perm_p1_mse,cluster,year,2018,13,0.4932,C21: har_ma_1 +1,C21: har_ma_1 +1
live_feasible,rf,perm_p1_mse,cluster,year,2019,26,0.5118,C21: har_ma_1 +1,C21: har_ma_1 +1
live_feasible,rf,perm_p1_mse,cluster,year,2020,25,0.7241,C21: har_ma_1 +1,C21: har_ma_1 +1
live_feasible,rf,perm_p1_mse,cluster,year,2021,25,0.4642,C21: har_ma_1 +1,C21: har_ma_1 +1
live_feasible,rf,perm_p1_mse,cluster,year,2022,25,0.5107,C21: har_ma_1 +1,C21: har_ma_1 +1
live_feasible,rf,perm_p1_mse,cluster,year,2023,25,0.4253,C21: har_ma_1 +1,C21: har_ma_1 +1
live_feasible,rf,perm_p1_mse,cluster,year,2024,8,0.1836,C21: har_ma_1 +1,C21: har_ma_1 +1
live_feasible,rf,perm_p1_mse,cluster,vix_tercile,high,81,0.8803,C21: har_ma_1 +1,C21: har_ma_1 +1
live_feasible,rf,perm_p1_mse,cluster,vix_tercile,low,28,0.5340,C21: har_ma_1 +1,C21: har_ma_1 +1
live_feasible,rf,perm_p1_mse,cluster,vix_tercile,mid,38,0.5399,C21: har_ma_1 +1,C21: har_ma_1 +1
live_feasible,rf,perm_p2_mse,cluster,year,2018,13,0.5355,C21: har_ma_1 +1,C21: har_ma_1 +1
live_feasible,rf,perm_p2_mse,cluster,year,2019,26,0.5296,C21: har_ma_1 +1,C21: har_ma_1 +1
live_feasible,rf,perm_p2_mse,cluster,year,2020,25,0.4499,C21: har_ma_1 +1,C21: har_ma_1 +1
live_feasible,rf,perm_p2_mse,cluster,year,2021,25,0.5562,C21: har_ma_1 +1,C21: har_ma_1 +1
live_feasible,rf,perm_p2_mse,cluster,year,2022,25,0.5256,C21: har_ma_1 +1,C21: har_ma_1 +1
live_feasible,rf,perm_p2_mse,cluster,year,2023,25,0.4251,C21: har_ma_1 +1,C21: har_ma_1 +1
live_feasible,rf,perm_p2_mse,cluster,year,2024,8,0.2474,C21: har_ma_1 +1,C21: har_ma_1 +1
live_feasible,rf,perm_p2_mse,cluster,vix_tercile,high,81,0.8295,C21: har_ma_1 +1,C21: har_ma_1 +1
live_feasible,rf,perm_p2_mse,cluster,vix_tercile,low,28,0.5415,C21: har_ma_1 +1,C21: har_ma_1 +1
live_feasible,rf,perm_p2_mse,cluster,vix_tercile,mid,38,0.6131,C21: har_ma_1 +1,C21: har_ma_1 +1
live_feasible,rf,shap,cluster,year,2018,13,0.9465,C21: har_ma_1 +1,C21: har_ma_1 +1
live_feasible,rf,shap,cluster,year,2019,26,0.9616,C21: har_ma_1 +1,C21: har_ma_1 +1
live_feasible,rf,shap,cluster,year,2020,25,0.9765,C21: har_ma_1 +1,C21: har_ma_1 +1
live_feasible,rf,shap,cluster,year,2021,25,0.9815,C21: har_ma_1 +1,C21: har_ma_1 +1
live_feasible,rf,shap,cluster,year,2022,25,0.9606,C21: har_ma_1 +1,C21: har_ma_1 +1
live_feasible,rf,shap,cluster,year,2023,25,0.9504,C21: har_ma_1 +1,C21: har_ma_1 +1
live_feasible,rf,shap,cluster,year,2024,8,0.8767,C21: har_ma_1 +1,C21: har_ma_1 +1
live_feasible,rf,shap,cluster,vix_tercile,high,81,0.9954,C21: har_ma_1 +1,C21: har_ma_1 +1
live_feasible,rf,shap,cluster,vix_tercile,low,28,0.9851,C21: har_ma_1 +1,C21: har_ma_1 +1
live_feasible,rf,shap,cluster,vix_tercile,mid,38,0.9873,C21: har_ma_1 +1,C21: har_ma_1 +1
all_features,ridge,bsd,column,year,2018,13,0.9623,har_ma_1,har_ma_1
all_features,ridge,bsd,column,year,2019,26,0.9786,har_ma_1,har_ma_1
all_features,ridge,bsd,column,year,2020,25,0.9893,har_ma_1,har_ma_1
all_features,ridge,bsd,column,year,2021,25,0.9835,har_ma_1,har_ma_1
all_features,ridge,bsd,column,year,2022,25,0.9786,har_ma_1,har_ma_1
all_features,ridge,bsd,column,year,2023,25,0.9748,har_ma_1,har_ma_1
all_features,ridge,bsd,column,year,2024,8,0.9464,har_ma_1,har_ma_1
all_features,ridge,bsd,column,vix_tercile,high,81,0.9972,har_ma_1,har_ma_1
all_features,ridge,bsd,column,vix_tercile,low,28,0.9894,har_ma_1,har_ma_1
all_features,ridge,bsd,column,vix_tercile,mid,38,0.9983,har_ma_1,har_ma_1
all_features,ridge,perm_p1_qlike,column,year,2018,13,0.0388,adj_sumpret2_vwstock_ma_5,adj_sumret4_ma_25
all_features,ridge,perm_p1_qlike,column,year,2019,26,0.1334,adj_effspread_ewstock_ma_1,adj_sumret4_ma_25
all_features,ridge,perm_p1_qlike,column,year,2020,25,0.1553,adj_sellturnover_vwstock_ma_5,adj_sumret4_ma_25
all_features,ridge,perm_p1_qlike,column,year,2021,25,-0.0760,har_ma_5,adj_sumret4_ma_25
all_features,ridge,perm_p1_qlike,column,year,2022,25,-0.1001,har_ma_1,adj_sumret4_ma_25
all_features,ridge,perm_p1_qlike,column,year,2023,25,0.9036,adj_sumret4_ma_25,adj_sumret4_ma_25
all_features,ridge,perm_p1_qlike,column,year,2024,8,0.0998,adj_sumret_ma_125,adj_sumret4_ma_25
all_features,ridge,perm_p1_qlike,column,vix_tercile,high,81,0.1005,adj_sumautocov_ma_5,adj_sumret4_ma_25
all_features,ridge,perm_p1_qlike,column,vix_tercile,low,28,0.9308,adj_sumret4_ma_25,adj_sumret4_ma_25
all_features,ridge,perm_p1_qlike,column,vix_tercile,mid,38,0.1118,adj_sellturnover_vwstock_ma_5,adj_sumret4_ma_25
all_features,ridge,perm_p2_qlike,column,year,2018,13,-0.0951,adj_effspread_vwstock_ma_5,adj_voldemand_spx_open_only_ma_125
all_features,ridge,perm_p2_qlike,column,year,2019,26,0.0645,adj_effspread_ewstock_ma_1,adj_voldemand_spx_open_only_ma_125
all_features,ridge,perm_p2_qlike,column,year,2020,25,0.0444,adj_effspread_ewstock_ma_25,adj_voldemand_spx_open_only_ma_125
all_features,ridge,perm_p2_qlike,column,year,2021,25,0.0445,adj_effspread_vwstock_ma_5,adj_voldemand_spx_open_only_ma_125
all_features,ridge,perm_p2_qlike,column,year,2022,25,0.0044,har_ma_1,adj_voldemand_spx_open_only_ma_125
all_features,ridge,perm_p2_qlike,column,year,2023,25,0.9427,adj_voldemand_spx_open_only_ma_125,adj_voldemand_spx_open_only_ma_125
all_features,ridge,perm_p2_qlike,column,year,2024,8,0.1755,adj_sellturnover_vwstock_ma_1,adj_voldemand_spx_open_only_ma_125
all_features,ridge,perm_p2_qlike,column,vix_tercile,high,81,-0.1915,adj_sumret4_ma_5,adj_voldemand_spx_open_only_ma_125
all_features,ridge,perm_p2_qlike,column,vix_tercile,low,28,0.9532,adj_voldemand_spx_open_only_ma_125,adj_voldemand_spx_open_only_ma_125
all_features,ridge,perm_p2_qlike,column,vix_tercile,mid,38,0.2297,adj_effspread_ewstock_ma_25,adj_voldemand_spx_open_only_ma_125
all_features,ridge,perm_p1_mse,column,year,2018,13,0.3714,har_ma_1,har_ma_1
all_features,ridge,perm_p1_mse,column,year,2019,26,0.2825,har_ma_1,har_ma_1
all_features,ridge,perm_p1_mse,column,year,2020,25,0.5336,har_ma_1,har_ma_1
all_features,ridge,perm_p1_mse,column,year,2021,25,0.0859,har_ma_1,har_ma_1
all_features,ridge,perm_p1_mse,column,year,2022,25,0.3589,har_ma_1,har_ma_1
all_features,ridge,perm_p1_mse,column,year,2023,25,0.2294,har_ma_1,har_ma_1
all_features,ridge,perm_p1_mse,column,year,2024,8,0.1252,adj_sumret_ma_5,har_ma_1
all_features,ridge,perm_p1_mse,column,vix_tercile,high,81,0.6589,har_ma_1,har_ma_1
all_features,ridge,perm_p1_mse,column,vix_tercile,low,28,0.3660,har_ma_1,har_ma_1
all_features,ridge,perm_p1_mse,column,vix_tercile,mid,38,0.3002,har_ma_1,har_ma_1
all_features,ridge,perm_p2_mse,column,year,2018,13,0.3106,har_ma_1,har_ma_1
all_features,ridge,perm_p2_mse,column,year,2019,26,0.2966,har_ma_1,har_ma_1
all_features,ridge,perm_p2_mse,column,year,2020,25,0.4014,adj_sumret4_ma_625,har_ma_1
all_features,ridge,perm_p2_mse,column,year,2021,25,0.4066,har_ma_1,har_ma_1
all_features,ridge,perm_p2_mse,column,year,2022,25,0.4885,har_ma_1,har_ma_1
all_features,ridge,perm_p2_mse,column,year,2023,25,0.2841,har_ma_1,har_ma_1
all_features,ridge,perm_p2_mse,column,year,2024,8,0.3309,adj_sellturnover_vwstock_ma_125,har_ma_1
all_features,ridge,perm_p2_mse,column,vix_tercile,high,81,0.7601,har_ma_1,har_ma_1
all_features,ridge,perm_p2_mse,column,vix_tercile,low,28,0.2616,har_ma_1,har_ma_1
all_features,ridge,perm_p2_mse,column,vix_tercile,mid,38,0.5190,har_ma_1,har_ma_1
all_features,ridge,drop_qlike,column,year,2018,13,-0.1037,is_month_end,adj_sumret_ma_5
all_features,ridge,drop_qlike,column,year,2019,26,0.1165,adj_ofi_ewstock_ma_5,adj_sumret_ma_5
all_features,ridge,drop_qlike,column,year,2020,25,0.1098,har_ma_5,adj_sumret_ma_5
all_features,ridge,drop_qlike,column,year,2021,25,-0.1044,har_ma_5,adj_sumret_ma_5
all_features,ridge,drop_qlike,column,year,2022,25,-0.0505,adj_sumret_ma_5,adj_sumret_ma_5
all_features,ridge,drop_qlike,column,year,2023,25,0.9538,adj_sumret_ma_5,adj_sumret_ma_5
all_features,ridge,drop_qlike,column,year,2024,8,0.1015,adj_sumabsret_vwstock_ma_1,adj_sumret_ma_5
all_features,ridge,drop_qlike,column,vix_tercile,high,81,0.0469,har_ma_25,adj_sumret_ma_5
all_features,ridge,drop_qlike,column,vix_tercile,low,28,0.9669,adj_sumret_ma_5,adj_sumret_ma_5
all_features,ridge,drop_qlike,column,vix_tercile,mid,38,0.1405,har_ma_5,adj_sumret_ma_5
all_features,ridge,drop_mse,column,year,2018,13,0.2934,har_ma_1,har_ma_25
all_features,ridge,drop_mse,column,year,2019,26,0.1374,adj_sumabsret_vwstock_ma_1,har_ma_25
all_features,ridge,drop_mse,column,year,2020,25,0.5303,har_ma_25,har_ma_25
all_features,ridge,drop_mse,column,year,2021,25,0.0994,har_ma_5,har_ma_25
all_features,ridge,drop_mse,column,year,2022,25,0.2493,har_ma_1,har_ma_25
all_features,ridge,drop_mse,column,year,2023,25,0.3592,har_ma_1,har_ma_25
all_features,ridge,drop_mse,column,year,2024,8,0.1842,adj_sumret_ma_5,har_ma_25
all_features,ridge,drop_mse,column,vix_tercile,high,81,0.6784,har_ma_25,har_ma_25
all_features,ridge,drop_mse,column,vix_tercile,low,28,0.3589,adj_sumabsret_vwstock_ma_1,har_ma_25
all_features,ridge,drop_mse,column,vix_tercile,mid,38,0.2357,har_ma_1,har_ma_25
all_features,ridge,shap,column,year,2018,13,0.9538,har_ma_1,har_ma_1
all_features,ridge,shap,column,year,2019,26,0.9648,har_ma_1,har_ma_1
all_features,ridge,shap,column,year,2020,25,0.9790,har_ma_1,har_ma_1
all_features,ridge,shap,column,year,2021,25,0.9811,har_ma_1,har_ma_1
all_features,ridge,shap,column,year,2022,25,0.9737,har_ma_1,har_ma_1
all_features,ridge,shap,column,year,2023,25,0.9719,har_ma_1,har_ma_1
all_features,ridge,shap,column,year,2024,8,0.9125,adj_sellturnover_vwstock_ma_1,har_ma_1
all_features,ridge,shap,column,vix_tercile,high,81,0.9932,har_ma_1,har_ma_1
all_features,ridge,shap,column,vix_tercile,low,28,0.9842,har_ma_1,har_ma_1
all_features,ridge,shap,column,vix_tercile,mid,38,0.9928,har_ma_1,har_ma_1
all_features,lasso,bsd,column,year,2018,13,0.3781,har_ma_1,har_ma_1
all_features,lasso,bsd,column,year,2019,26,0.3883,har_ma_1,har_ma_1
all_features,lasso,bsd,column,year,2020,25,0.4484,har_ma_1,har_ma_1
all_features,lasso,bsd,column,year,2021,25,0.8576,har_ma_1,har_ma_1
all_features,lasso,bsd,column,year,2022,25,0.9065,adj_vix_ma_1,har_ma_1
all_features,lasso,bsd,column,year,2023,25,0.8952,har_ma_1,har_ma_1
all_features,lasso,bsd,column,year,2024,8,0.3794,har_ma_1,har_ma_1
all_features,lasso,bsd,column,vix_tercile,high,81,0.9735,har_ma_1,har_ma_1
all_features,lasso,bsd,column,vix_tercile,low,28,0.8357,har_ma_1,har_ma_1
all_features,lasso,bsd,column,vix_tercile,mid,38,0.9718,har_ma_1,har_ma_1
all_features,lasso,perm_p1_qlike,column,year,2018,13,0.1590,har_ma_1,har_ma_1
all_features,lasso,perm_p1_qlike,column,year,2019,26,0.2093,har_ma_1,har_ma_1
all_features,lasso,perm_p1_qlike,column,year,2020,25,0.2964,har_ma_1,har_ma_1
all_features,lasso,perm_p1_qlike,column,year,2021,25,0.3629,har_ma_1,har_ma_1
all_features,lasso,perm_p1_qlike,column,year,2022,25,0.5859,har_ma_5,har_ma_1
all_features,lasso,perm_p1_qlike,column,year,2023,25,0.3369,har_ma_1,har_ma_1
all_features,lasso,perm_p1_qlike,column,year,2024,8,0.0989,har_ma_1,har_ma_1
all_features,lasso,perm_p1_qlike,column,vix_tercile,high,81,0.7969,har_ma_1,har_ma_1
all_features,lasso,perm_p1_qlike,column,vix_tercile,low,28,0.2009,har_ma_1,har_ma_1
all_features,lasso,perm_p1_qlike,column,vix_tercile,mid,38,0.3843,har_ma_1,har_ma_1
all_features,lasso,perm_p2_qlike,column,year,2018,13,0.2143,har_ma_1,adj_sumret4_ma_5
all_features,lasso,perm_p2_qlike,column,year,2019,26,0.2210,har_ma_1,adj_sumret4_ma_5
all_features,lasso,perm_p2_qlike,column,year,2020,25,0.0048,har_ma_1,adj_sumret4_ma_5
all_features,lasso,perm_p2_qlike,column,year,2021,25,0.5056,adj_sumret4_ma_5,adj_sumret4_ma_5
all_features,lasso,perm_p2_qlike,column,year,2022,25,0.6946,adj_sumret4_ma_5,adj_sumret4_ma_5
all_features,lasso,perm_p2_qlike,column,year,2023,25,0.4497,adj_sumret4_ma_5,adj_sumret4_ma_5
all_features,lasso,perm_p2_qlike,column,year,2024,8,0.1427,har_ma_1,adj_sumret4_ma_5
all_features,lasso,perm_p2_qlike,column,vix_tercile,high,81,0.7448,adj_sumret4_ma_5,adj_sumret4_ma_5
all_features,lasso,perm_p2_qlike,column,vix_tercile,low,28,0.2902,har_ma_1,adj_sumret4_ma_5
all_features,lasso,perm_p2_qlike,column,vix_tercile,mid,38,0.4163,adj_sumret4_ma_5,adj_sumret4_ma_5
all_features,lasso,perm_p1_mse,column,year,2018,13,0.2239,har_ma_1,har_ma_1
all_features,lasso,perm_p1_mse,column,year,2019,26,0.1263,har_ma_1,har_ma_1
all_features,lasso,perm_p1_mse,column,year,2020,25,0.2479,har_ma_1,har_ma_1
all_features,lasso,perm_p1_mse,column,year,2021,25,0.4484,har_ma_1,har_ma_1
all_features,lasso,perm_p1_mse,column,year,2022,25,0.5519,har_ma_1,har_ma_1
all_features,lasso,perm_p1_mse,column,year,2023,25,0.3444,har_ma_1,har_ma_1
all_features,lasso,perm_p1_mse,column,year,2024,8,0.0082,har_ma_1,har_ma_1
all_features,lasso,perm_p1_mse,column,vix_tercile,high,81,0.7361,har_ma_1,har_ma_1
all_features,lasso,perm_p1_mse,column,vix_tercile,low,28,0.2398,har_ma_1,har_ma_1
all_features,lasso,perm_p1_mse,column,vix_tercile,mid,38,0.2876,har_ma_1,har_ma_1
all_features,lasso,perm_p2_mse,column,year,2018,13,0.2375,har_ma_1,har_ma_1
all_features,lasso,perm_p2_mse,column,year,2019,26,0.1489,har_ma_1,har_ma_1
all_features,lasso,perm_p2_mse,column,year,2020,25,0.1964,har_ma_1,har_ma_1
all_features,lasso,perm_p2_mse,column,year,2021,25,0.3784,har_ma_1,har_ma_1
all_features,lasso,perm_p2_mse,column,year,2022,25,0.6350,adj_vix_ma_1,har_ma_1
all_features,lasso,perm_p2_mse,column,year,2023,25,0.3675,har_ma_1,har_ma_1
all_features,lasso,perm_p2_mse,column,year,2024,8,0.1980,har_ma_1,har_ma_1
all_features,lasso,perm_p2_mse,column,vix_tercile,high,81,0.7710,har_ma_1,har_ma_1
all_features,lasso,perm_p2_mse,column,vix_tercile,low,28,0.1621,har_ma_1,har_ma_1
all_features,lasso,perm_p2_mse,column,vix_tercile,mid,38,0.3894,har_ma_1,har_ma_1
all_features,lasso,drop_qlike,column,year,2018,13,0.1104,adj_sumabsret_vwstock_ma_5,har_ma_1
all_features,lasso,drop_qlike,column,year,2019,26,0.0940,adj_sumabsret_vwstock_ma_1,har_ma_1
all_features,lasso,drop_qlike,column,year,2020,25,0.0990,har_ma_1,har_ma_1
all_features,lasso,drop_qlike,column,year,2021,25,0.2433,har_ma_5,har_ma_1
all_features,lasso,drop_qlike,column,year,2022,25,0.6762,har_ma_5,har_ma_1
all_features,lasso,drop_qlike,column,year,2023,25,0.2934,har_ma_1,har_ma_1
all_features,lasso,drop_qlike,column,year,2024,8,0.1010,har_ma_25,har_ma_1
all_features,lasso,drop_qlike,column,vix_tercile,high,81,0.7258,har_ma_1,har_ma_1
all_features,lasso,drop_qlike,column,vix_tercile,low,28,0.1560,har_ma_1,har_ma_1
all_features,lasso,drop_qlike,column,vix_tercile,mid,38,0.2975,adj_sumret_ma_5,har_ma_1
all_features,lasso,drop_mse,column,year,2018,13,0.1763,adj_sumret_ma_5,har_ma_1
all_features,lasso,drop_mse,column,year,2019,26,0.0826,adj_sumabsret_vwstock_ma_1,har_ma_1
all_features,lasso,drop_mse,column,year,2020,25,0.1971,har_ma_1,har_ma_1
all_features,lasso,drop_mse,column,year,2021,25,0.3109,har_ma_5,har_ma_1
all_features,lasso,drop_mse,column,year,2022,25,0.4705,har_ma_1,har_ma_1
all_features,lasso,drop_mse,column,year,2023,25,0.4493,adj_sumabsret_vwstock_ma_1,har_ma_1
all_features,lasso,drop_mse,column,year,2024,8,0.2822,adj_sumabsret_vwstock_ma_1,har_ma_1
all_features,lasso,drop_mse,column,vix_tercile,high,81,0.6238,har_ma_1,har_ma_1
all_features,lasso,drop_mse,column,vix_tercile,low,28,0.3261,adj_sumabsret_vwstock_ma_1,har_ma_1
all_features,lasso,drop_mse,column,vix_tercile,mid,38,0.3853,har_ma_1,har_ma_1
all_features,lasso,shap,column,year,2018,13,0.3718,har_ma_1,har_ma_1
all_features,lasso,shap,column,year,2019,26,0.3817,har_ma_1,har_ma_1
all_features,lasso,shap,column,year,2020,25,0.4500,har_ma_1,har_ma_1
all_features,lasso,shap,column,year,2021,25,0.8521,har_ma_1,har_ma_1
all_features,lasso,shap,column,year,2022,25,0.9101,adj_vix_ma_1,har_ma_1
all_features,lasso,shap,column,year,2023,25,0.9009,har_ma_1,har_ma_1
all_features,lasso,shap,column,year,2024,8,0.3772,har_ma_1,har_ma_1
all_features,lasso,shap,column,vix_tercile,high,81,0.9755,har_ma_1,har_ma_1
all_features,lasso,shap,column,vix_tercile,low,28,0.8465,har_ma_1,har_ma_1
all_features,lasso,shap,column,vix_tercile,mid,38,0.9737,har_ma_1,har_ma_1
all_features,lgbm,mdi,column,year,2018,13,0.9773,har_ma_1,har_ma_1
all_features,lgbm,mdi,column,year,2019,26,0.9838,har_ma_1,har_ma_1
all_features,lgbm,mdi,column,year,2020,25,0.9890,har_ma_1,har_ma_1
all_features,lgbm,mdi,column,year,2021,25,0.9853,har_ma_1,har_ma_1
all_features,lgbm,mdi,column,year,2022,25,0.9835,har_ma_1,har_ma_1
all_features,lgbm,mdi,column,year,2023,25,0.9757,har_ma_1,har_ma_1
all_features,lgbm,mdi,column,year,2024,8,0.9679,har_ma_1,har_ma_1
all_features,lgbm,mdi,column,vix_tercile,high,81,0.9960,har_ma_1,har_ma_1
all_features,lgbm,mdi,column,vix_tercile,low,28,0.9950,har_ma_1,har_ma_1
all_features,lgbm,mdi,column,vix_tercile,mid,38,0.9965,har_ma_1,har_ma_1
all_features,lgbm,split,column,year,2018,13,0.9793,har_ma_1,har_ma_1
all_features,lgbm,split,column,year,2019,26,0.9850,har_ma_1,har_ma_1
all_features,lgbm,split,column,year,2020,25,0.9897,har_ma_1,har_ma_1
all_features,lgbm,split,column,year,2021,25,0.9860,har_ma_1,har_ma_1
all_features,lgbm,split,column,year,2022,25,0.9833,har_ma_1,har_ma_1
all_features,lgbm,split,column,year,2023,25,0.9761,har_ma_1,har_ma_1
all_features,lgbm,split,column,year,2024,8,0.9696,har_ma_1,har_ma_1
all_features,lgbm,split,column,vix_tercile,high,81,0.9962,har_ma_1,har_ma_1
all_features,lgbm,split,column,vix_tercile,low,28,0.9964,har_ma_1,har_ma_1
all_features,lgbm,split,column,vix_tercile,mid,38,0.9965,har_ma_1,har_ma_1
all_features,lgbm,perm_p1_qlike,column,year,2018,13,0.2502,har_ma_1,har_ma_1
all_features,lgbm,perm_p1_qlike,column,year,2019,26,0.3901,har_ma_5,har_ma_1
all_features,lgbm,perm_p1_qlike,column,year,2020,25,0.3709,har_ma_1,har_ma_1
all_features,lgbm,perm_p1_qlike,column,year,2021,25,0.2554,har_ma_1,har_ma_1
all_features,lgbm,perm_p1_qlike,column,year,2022,25,0.2417,har_ma_1,har_ma_1
all_features,lgbm,perm_p1_qlike,column,year,2023,25,0.2694,har_ma_1,har_ma_1
all_features,lgbm,perm_p1_qlike,column,year,2024,8,0.1903,is_month_end,har_ma_1
all_features,lgbm,perm_p1_qlike,column,vix_tercile,high,81,0.6778,har_ma_1,har_ma_1
all_features,lgbm,perm_p1_qlike,column,vix_tercile,low,28,0.3941,har_ma_1,har_ma_1
all_features,lgbm,perm_p1_qlike,column,vix_tercile,mid,38,0.3124,har_ma_1,har_ma_1
all_features,lgbm,perm_p2_qlike,column,year,2018,13,0.4015,har_ma_1,har_ma_1
all_features,lgbm,perm_p2_qlike,column,year,2019,26,0.4842,har_ma_5,har_ma_1
all_features,lgbm,perm_p2_qlike,column,year,2020,25,0.4601,har_ma_1,har_ma_1
all_features,lgbm,perm_p2_qlike,column,year,2021,25,0.3342,har_ma_1,har_ma_1
all_features,lgbm,perm_p2_qlike,column,year,2022,25,0.3873,har_ma_1,har_ma_1
all_features,lgbm,perm_p2_qlike,column,year,2023,25,0.2499,har_ma_1,har_ma_1
all_features,lgbm,perm_p2_qlike,column,year,2024,8,0.2517,har_ma_5,har_ma_1
all_features,lgbm,perm_p2_qlike,column,vix_tercile,high,81,0.7680,har_ma_1,har_ma_1
all_features,lgbm,perm_p2_qlike,column,vix_tercile,low,28,0.3696,har_ma_1,har_ma_1
all_features,lgbm,perm_p2_qlike,column,vix_tercile,mid,38,0.4019,har_ma_1,har_ma_1
all_features,lgbm,perm_p1_mse,column,year,2018,13,0.2298,har_ma_1,har_ma_1
all_features,lgbm,perm_p1_mse,column,year,2019,26,0.3110,har_ma_5,har_ma_1
all_features,lgbm,perm_p1_mse,column,year,2020,25,0.5031,har_ma_1,har_ma_1
all_features,lgbm,perm_p1_mse,column,year,2021,25,0.3137,har_ma_1,har_ma_1
all_features,lgbm,perm_p1_mse,column,year,2022,25,0.2717,har_ma_1,har_ma_1
all_features,lgbm,perm_p1_mse,column,year,2023,25,0.3287,har_ma_1,har_ma_1
all_features,lgbm,perm_p1_mse,column,year,2024,8,0.2142,is_month_end,har_ma_1
all_features,lgbm,perm_p1_mse,column,vix_tercile,high,81,0.6401,har_ma_1,har_ma_1
all_features,lgbm,perm_p1_mse,column,vix_tercile,low,28,0.3592,har_ma_1,har_ma_1
all_features,lgbm,perm_p1_mse,column,vix_tercile,mid,38,0.3992,har_ma_1,har_ma_1
all_features,lgbm,perm_p2_mse,column,year,2018,13,0.1925,har_ma_1,har_ma_1
all_features,lgbm,perm_p2_mse,column,year,2019,26,0.3227,har_ma_1,har_ma_1
all_features,lgbm,perm_p2_mse,column,year,2020,25,0.4838,har_ma_1,har_ma_1
all_features,lgbm,perm_p2_mse,column,year,2021,25,0.2796,har_ma_1,har_ma_1
all_features,lgbm,perm_p2_mse,column,year,2022,25,0.4005,har_ma_1,har_ma_1
all_features,lgbm,perm_p2_mse,column,year,2023,25,0.3318,har_ma_1,har_ma_1
all_features,lgbm,perm_p2_mse,column,year,2024,8,0.2562,har_ma_1,har_ma_1
all_features,lgbm,perm_p2_mse,column,vix_tercile,high,81,0.7514,har_ma_1,har_ma_1
all_features,lgbm,perm_p2_mse,column,vix_tercile,low,28,0.3142,har_ma_1,har_ma_1
all_features,lgbm,perm_p2_mse,column,vix_tercile,mid,38,0.4088,har_ma_1,har_ma_1
all_features,lgbm,shap,column,year,2018,13,0.9510,har_ma_1,har_ma_1
all_features,lgbm,shap,column,year,2019,26,0.9655,har_ma_1,har_ma_1
all_features,lgbm,shap,column,year,2020,25,0.9733,har_ma_1,har_ma_1
all_features,lgbm,shap,column,year,2021,25,0.9639,har_ma_1,har_ma_1
all_features,lgbm,shap,column,year,2022,25,0.9693,har_ma_1,har_ma_1
all_features,lgbm,shap,column,year,2023,25,0.9558,har_ma_1,har_ma_1
all_features,lgbm,shap,column,year,2024,8,0.9161,har_ma_1,har_ma_1
all_features,lgbm,shap,column,vix_tercile,high,81,0.9925,har_ma_1,har_ma_1
all_features,lgbm,shap,column,vix_tercile,low,28,0.9808,har_ma_1,har_ma_1
all_features,lgbm,shap,column,vix_tercile,mid,38,0.9874,har_ma_1,har_ma_1
all_features,xgb,mdi,column,year,2018,13,0.9679,har_ma_1,har_ma_1
all_features,xgb,mdi,column,year,2019,26,0.9814,har_ma_1,har_ma_1
all_features,xgb,mdi,column,year,2020,25,0.9886,har_ma_1,har_ma_1
all_features,xgb,mdi,column,year,2021,25,0.9800,har_ma_1,har_ma_1
all_features,xgb,mdi,column,year,2022,25,0.9780,har_ma_1,har_ma_1
all_features,xgb,mdi,column,year,2023,25,0.9745,har_ma_1,har_ma_1
all_features,xgb,mdi,column,year,2024,8,0.9647,har_ma_1,har_ma_1
all_features,xgb,mdi,column,vix_tercile,high,81,0.9966,har_ma_1,har_ma_1
all_features,xgb,mdi,column,vix_tercile,low,28,0.9931,har_ma_1,har_ma_1
all_features,xgb,mdi,column,vix_tercile,mid,38,0.9956,har_ma_1,har_ma_1
all_features,xgb,split,column,year,2018,13,0.9680,har_ma_1,har_ma_1
all_features,xgb,split,column,year,2019,26,0.9815,har_ma_1,har_ma_1
all_features,xgb,split,column,year,2020,25,0.9894,har_ma_1,har_ma_1
all_features,xgb,split,column,year,2021,25,0.9846,har_ma_1,har_ma_1
all_features,xgb,split,column,year,2022,25,0.9808,har_ma_1,har_ma_1
all_features,xgb,split,column,year,2023,25,0.9775,har_ma_1,har_ma_1
all_features,xgb,split,column,year,2024,8,0.9678,har_ma_1,har_ma_1
all_features,xgb,split,column,vix_tercile,high,81,0.9974,har_ma_1,har_ma_1
all_features,xgb,split,column,vix_tercile,low,28,0.9942,har_ma_1,har_ma_1
all_features,xgb,split,column,vix_tercile,mid,38,0.9959,har_ma_1,har_ma_1
all_features,xgb,perm_p1_qlike,column,year,2018,13,0.3727,har_ma_1,har_ma_1
all_features,xgb,perm_p1_qlike,column,year,2019,26,0.3472,har_ma_5,har_ma_1
all_features,xgb,perm_p1_qlike,column,year,2020,25,0.3653,har_ma_1,har_ma_1
all_features,xgb,perm_p1_qlike,column,year,2021,25,0.3642,har_ma_1,har_ma_1
all_features,xgb,perm_p1_qlike,column,year,2022,25,0.2738,har_ma_1,har_ma_1
all_features,xgb,perm_p1_qlike,column,year,2023,25,0.2700,har_ma_1,har_ma_1
all_features,xgb,perm_p1_qlike,column,year,2024,8,0.0707,is_month_end,har_ma_1
all_features,xgb,perm_p1_qlike,column,vix_tercile,high,81,0.6518,har_ma_1,har_ma_1
all_features,xgb,perm_p1_qlike,column,vix_tercile,low,28,0.3869,har_ma_1,har_ma_1
all_features,xgb,perm_p1_qlike,column,vix_tercile,mid,38,0.4174,har_ma_1,har_ma_1
all_features,xgb,perm_p2_qlike,column,year,2018,13,0.5078,har_ma_1,har_ma_1
all_features,xgb,perm_p2_qlike,column,year,2019,26,0.4933,har_ma_5,har_ma_1
all_features,xgb,perm_p2_qlike,column,year,2020,25,0.4266,har_ma_1,har_ma_1
all_features,xgb,perm_p2_qlike,column,year,2021,25,0.2910,har_ma_1,har_ma_1
all_features,xgb,perm_p2_qlike,column,year,2022,25,0.2046,har_ma_1,har_ma_1
all_features,xgb,perm_p2_qlike,column,year,2023,25,0.2916,har_ma_1,har_ma_1
all_features,xgb,perm_p2_qlike,column,year,2024,8,0.0796,har_ma_1,har_ma_1
all_features,xgb,perm_p2_qlike,column,vix_tercile,high,81,0.7552,har_ma_1,har_ma_1
all_features,xgb,perm_p2_qlike,column,vix_tercile,low,28,0.4111,har_ma_1,har_ma_1
all_features,xgb,perm_p2_qlike,column,vix_tercile,mid,38,0.3014,har_ma_1,har_ma_1
all_features,xgb,perm_p1_mse,column,year,2018,13,0.2813,har_ma_1,har_ma_1
all_features,xgb,perm_p1_mse,column,year,2019,26,0.3036,har_ma_1,har_ma_1
all_features,xgb,perm_p1_mse,column,year,2020,25,0.4614,har_ma_1,har_ma_1
all_features,xgb,perm_p1_mse,column,year,2021,25,0.2374,har_ma_1,har_ma_1
all_features,xgb,perm_p1_mse,column,year,2022,25,0.2791,har_ma_1,har_ma_1
all_features,xgb,perm_p1_mse,column,year,2023,25,0.2115,har_ma_1,har_ma_1
all_features,xgb,perm_p1_mse,column,year,2024,8,0.0857,har_ma_1,har_ma_1
all_features,xgb,perm_p1_mse,column,vix_tercile,high,81,0.6699,har_ma_1,har_ma_1
all_features,xgb,perm_p1_mse,column,vix_tercile,low,28,0.3218,har_ma_1,har_ma_1
all_features,xgb,perm_p1_mse,column,vix_tercile,mid,38,0.3565,har_ma_1,har_ma_1
all_features,xgb,perm_p2_mse,column,year,2018,13,0.1894,har_ma_1,har_ma_1
all_features,xgb,perm_p2_mse,column,year,2019,26,0.2887,har_ma_1,har_ma_1
all_features,xgb,perm_p2_mse,column,year,2020,25,0.6106,har_ma_1,har_ma_1
all_features,xgb,perm_p2_mse,column,year,2021,25,0.1226,har_ma_1,har_ma_1
all_features,xgb,perm_p2_mse,column,year,2022,25,0.3330,har_ma_1,har_ma_1
all_features,xgb,perm_p2_mse,column,year,2023,25,0.1613,har_ma_1,har_ma_1
all_features,xgb,perm_p2_mse,column,year,2024,8,0.1230,har_ma_1,har_ma_1
all_features,xgb,perm_p2_mse,column,vix_tercile,high,81,0.8048,har_ma_1,har_ma_1
all_features,xgb,perm_p2_mse,column,vix_tercile,low,28,0.2396,har_ma_1,har_ma_1
all_features,xgb,perm_p2_mse,column,vix_tercile,mid,38,0.3910,har_ma_1,har_ma_1
all_features,xgb,shap,column,year,2018,13,0.9543,har_ma_1,har_ma_1
all_features,xgb,shap,column,year,2019,26,0.9686,har_ma_1,har_ma_1
all_features,xgb,shap,column,year,2020,25,0.9783,har_ma_1,har_ma_1
all_features,xgb,shap,column,year,2021,25,0.9723,har_ma_1,har_ma_1
all_features,xgb,shap,column,year,2022,25,0.9702,har_ma_1,har_ma_1
all_features,xgb,shap,column,year,2023,25,0.9680,har_ma_1,har_ma_1
all_features,xgb,shap,column,year,2024,8,0.9293,har_ma_1,har_ma_1
all_features,xgb,shap,column,vix_tercile,high,81,0.9957,har_ma_1,har_ma_1
all_features,xgb,shap,column,vix_tercile,low,28,0.9859,har_ma_1,har_ma_1
all_features,xgb,shap,column,vix_tercile,mid,38,0.9917,har_ma_1,har_ma_1
all_features,rf,mdi,column,year,2018,13,0.9820,har_ma_1,har_ma_1
all_features,rf,mdi,column,year,2019,26,0.9878,har_ma_1,har_ma_1
all_features,rf,mdi,column,year,2020,25,0.9941,har_ma_1,har_ma_1
all_features,rf,mdi,column,year,2021,25,0.9881,har_ma_1,har_ma_1
all_features,rf,mdi,column,year,2022,25,0.9851,har_ma_1,har_ma_1
all_features,rf,mdi,column,year,2023,25,0.9817,har_ma_1,har_ma_1
all_features,rf,mdi,column,year,2024,8,0.9755,har_ma_1,har_ma_1
all_features,rf,mdi,column,vix_tercile,high,81,0.9966,har_ma_1,har_ma_1
all_features,rf,mdi,column,vix_tercile,low,28,0.9968,har_ma_1,har_ma_1
all_features,rf,mdi,column,vix_tercile,mid,38,0.9989,har_ma_1,har_ma_1
all_features,rf,split,column,year,2018,13,0.9909,har_ma_1,har_ma_1
all_features,rf,split,column,year,2019,26,0.9932,har_ma_1,har_ma_1
all_features,rf,split,column,year,2020,25,0.9955,har_ma_1,har_ma_1
all_features,rf,split,column,year,2021,25,0.9916,har_ma_1,har_ma_1
all_features,rf,split,column,year,2022,25,0.9885,har_ma_1,har_ma_1
all_features,rf,split,column,year,2023,25,0.9852,har_ma_1,har_ma_1
all_features,rf,split,column,year,2024,8,0.9812,har_ma_1,har_ma_1
all_features,rf,split,column,vix_tercile,high,81,0.9972,har_ma_1,har_ma_1
all_features,rf,split,column,vix_tercile,low,28,0.9992,har_ma_1,har_ma_1
all_features,rf,split,column,vix_tercile,mid,38,0.9993,har_ma_1,har_ma_1
all_features,rf,perm_p1_qlike,column,year,2018,13,0.4572,har_ma_1,har_ma_1
all_features,rf,perm_p1_qlike,column,year,2019,26,0.4158,har_ma_5,har_ma_1
all_features,rf,perm_p1_qlike,column,year,2020,25,0.3678,har_ma_1,har_ma_1
all_features,rf,perm_p1_qlike,column,year,2021,25,0.3725,har_ma_1,har_ma_1
all_features,rf,perm_p1_qlike,column,year,2022,25,0.3164,har_ma_1,har_ma_1
all_features,rf,perm_p1_qlike,column,year,2023,25,0.2227,har_ma_1,har_ma_1
all_features,rf,perm_p1_qlike,column,year,2024,8,0.0871,har_ma_1,har_ma_1
all_features,rf,perm_p1_qlike,column,vix_tercile,high,81,0.6560,har_ma_1,har_ma_1
all_features,rf,perm_p1_qlike,column,vix_tercile,low,28,0.3621,har_ma_1,har_ma_1
all_features,rf,perm_p1_qlike,column,vix_tercile,mid,38,0.3541,har_ma_1,har_ma_1
all_features,rf,perm_p2_qlike,column,year,2018,13,0.3366,har_ma_1,har_ma_1
all_features,rf,perm_p2_qlike,column,year,2019,26,0.4296,har_ma_5,har_ma_1
all_features,rf,perm_p2_qlike,column,year,2020,25,0.4670,har_ma_1,har_ma_1
all_features,rf,perm_p2_qlike,column,year,2021,25,0.3035,har_ma_1,har_ma_1
all_features,rf,perm_p2_qlike,column,year,2022,25,0.3349,har_ma_1,har_ma_1
all_features,rf,perm_p2_qlike,column,year,2023,25,0.2208,har_ma_1,har_ma_1
all_features,rf,perm_p2_qlike,column,year,2024,8,0.2527,har_ma_1,har_ma_1
all_features,rf,perm_p2_qlike,column,vix_tercile,high,81,0.6783,har_ma_1,har_ma_1
all_features,rf,perm_p2_qlike,column,vix_tercile,low,28,0.3187,har_ma_1,har_ma_1
all_features,rf,perm_p2_qlike,column,vix_tercile,mid,38,0.4281,har_ma_1,har_ma_1
all_features,rf,perm_p1_mse,column,year,2018,13,0.4376,har_ma_1,har_ma_1
all_features,rf,perm_p1_mse,column,year,2019,26,0.2745,har_ma_1,har_ma_1
all_features,rf,perm_p1_mse,column,year,2020,25,0.3828,har_ma_1,har_ma_1
all_features,rf,perm_p1_mse,column,year,2021,25,0.3334,har_ma_1,har_ma_1
all_features,rf,perm_p1_mse,column,year,2022,25,0.2340,har_ma_1,har_ma_1
all_features,rf,perm_p1_mse,column,year,2023,25,0.2680,har_ma_1,har_ma_1
all_features,rf,perm_p1_mse,column,year,2024,8,0.0425,har_ma_1,har_ma_1
all_features,rf,perm_p1_mse,column,vix_tercile,high,81,0.6888,har_ma_1,har_ma_1
all_features,rf,perm_p1_mse,column,vix_tercile,low,28,0.3718,har_ma_1,har_ma_1
all_features,rf,perm_p1_mse,column,vix_tercile,mid,38,0.2542,har_ma_1,har_ma_1
all_features,rf,perm_p2_mse,column,year,2018,13,0.2580,har_ma_1,har_ma_1
all_features,rf,perm_p2_mse,column,year,2019,26,0.2399,har_ma_1,har_ma_1
all_features,rf,perm_p2_mse,column,year,2020,25,0.5888,har_ma_1,har_ma_1
all_features,rf,perm_p2_mse,column,year,2021,25,0.2124,har_ma_1,har_ma_1
all_features,rf,perm_p2_mse,column,year,2022,25,0.3415,har_ma_1,har_ma_1
all_features,rf,perm_p2_mse,column,year,2023,25,0.1787,har_ma_1,har_ma_1
all_features,rf,perm_p2_mse,column,year,2024,8,0.1739,har_ma_1,har_ma_1
all_features,rf,perm_p2_mse,column,vix_tercile,high,81,0.8058,har_ma_1,har_ma_1
all_features,rf,perm_p2_mse,column,vix_tercile,low,28,0.1935,har_ma_1,har_ma_1
all_features,rf,perm_p2_mse,column,vix_tercile,mid,38,0.2755,har_ma_1,har_ma_1
all_features,rf,shap,column,year,2018,13,0.9649,har_ma_1,har_ma_1
all_features,rf,shap,column,year,2019,26,0.9735,har_ma_1,har_ma_1
all_features,rf,shap,column,year,2020,25,0.9769,har_ma_1,har_ma_1
all_features,rf,shap,column,year,2021,25,0.9726,har_ma_1,har_ma_1
all_features,rf,shap,column,year,2022,25,0.9718,har_ma_1,har_ma_1
all_features,rf,shap,column,year,2023,25,0.9687,har_ma_1,har_ma_1
all_features,rf,shap,column,year,2024,8,0.9359,har_ma_1,har_ma_1
all_features,rf,shap,column,vix_tercile,high,81,0.9926,har_ma_1,har_ma_1
all_features,rf,shap,column,vix_tercile,low,28,0.9863,har_ma_1,har_ma_1
all_features,rf,shap,column,vix_tercile,mid,38,0.9909,har_ma_1,har_ma_1
all_features,ridge,bsd,series,year,2018,13,0.8427,har_ma_*,har_ma_*
all_features,ridge,bsd,series,year,2019,26,0.8696,har_ma_*,har_ma_*
all_features,ridge,bsd,series,year,2020,25,0.9770,har_ma_*,har_ma_*
all_features,ridge,bsd,series,year,2021,25,0.9485,har_ma_*,har_ma_*
all_features,ridge,bsd,series,year,2022,25,0.9280,har_ma_*,har_ma_*
all_features,ridge,bsd,series,year,2023,25,0.9422,har_ma_*,har_ma_*
all_features,ridge,bsd,series,year,2024,8,0.8623,har_ma_*,har_ma_*
all_features,ridge,bsd,series,vix_tercile,high,81,0.9856,har_ma_*,har_ma_*
all_features,ridge,bsd,series,vix_tercile,low,28,0.9468,har_ma_*,har_ma_*
all_features,ridge,bsd,series,vix_tercile,mid,38,0.9942,har_ma_*,har_ma_*
all_features,ridge,perm_p1_qlike,series,year,2018,13,0.1243,har_ma_*,adj_sumautocov_ma_*
all_features,ridge,perm_p1_qlike,series,year,2019,26,0.0648,har_ma_*,adj_sumautocov_ma_*
all_features,ridge,perm_p1_qlike,series,year,2020,25,0.1974,adj_stocktwits_sentcount_ma_*,adj_sumautocov_ma_*
all_features,ridge,perm_p1_qlike,series,year,2021,25,-0.2454,har_ma_*,adj_sumautocov_ma_*
all_features,ridge,perm_p1_qlike,series,year,2022,25,-0.1680,har_ma_*,adj_sumautocov_ma_*
all_features,ridge,perm_p1_qlike,series,year,2023,25,0.9361,adj_sumautocov_ma_*,adj_sumautocov_ma_*
all_features,ridge,perm_p1_qlike,series,year,2024,8,0.1432,adj_sumret_ma_*,adj_sumautocov_ma_*
all_features,ridge,perm_p1_qlike,series,vix_tercile,high,81,-0.0117,adj_sumret4_ma_*,adj_sumautocov_ma_*
all_features,ridge,perm_p1_qlike,series,vix_tercile,low,28,0.9361,adj_sumautocov_ma_*,adj_sumautocov_ma_*
all_features,ridge,perm_p1_qlike,series,vix_tercile,mid,38,0.2097,adj_stocktwits_sentcount_ma_*,adj_sumautocov_ma_*
all_features,ridge,perm_p2_qlike,series,year,2018,13,-0.0091,har_ma_*,adj_voldemand_spx_open_only_ma_*
all_features,ridge,perm_p2_qlike,series,year,2019,26,0.1391,adj_sumpret2_vwstock_ma_*,adj_voldemand_spx_open_only_ma_*
all_features,ridge,perm_p2_qlike,series,year,2020,25,0.2172,adj_sumabsret_ma_*,adj_voldemand_spx_open_only_ma_*
all_features,ridge,perm_p2_qlike,series,year,2021,25,-0.0750,adj_sumret4_ma_*,adj_voldemand_spx_open_only_ma_*
all_features,ridge,perm_p2_qlike,series,year,2022,25,-0.1953,adj_sumret4_ma_*,adj_voldemand_spx_open_only_ma_*
all_features,ridge,perm_p2_qlike,series,year,2023,25,0.8964,adj_voldemand_spx_open_only_ma_*,adj_voldemand_spx_open_only_ma_*
all_features,ridge,perm_p2_qlike,series,year,2024,8,0.0910,har_ma_*,adj_voldemand_spx_open_only_ma_*
all_features,ridge,perm_p2_qlike,series,vix_tercile,high,81,-0.0495,adj_sumabsret_ma_*,adj_voldemand_spx_open_only_ma_*
all_features,ridge,perm_p2_qlike,series,vix_tercile,low,28,0.8974,adj_voldemand_spx_open_only_ma_*,adj_voldemand_spx_open_only_ma_*
all_features,ridge,perm_p2_qlike,series,vix_tercile,mid,38,0.2499,adj_spread_ewstock_ma_*,adj_voldemand_spx_open_only_ma_*
all_features,ridge,perm_p1_mse,series,year,2018,13,0.7016,har_ma_*,har_ma_*
all_features,ridge,perm_p1_mse,series,year,2019,26,0.6089,har_ma_*,har_ma_*
all_features,ridge,perm_p1_mse,series,year,2020,25,0.7950,har_ma_*,har_ma_*
all_features,ridge,perm_p1_mse,series,year,2021,25,0.2121,har_ma_*,har_ma_*
all_features,ridge,perm_p1_mse,series,year,2022,25,0.6942,har_ma_*,har_ma_*
all_features,ridge,perm_p1_mse,series,year,2023,25,0.5381,har_ma_*,har_ma_*
all_features,ridge,perm_p1_mse,series,year,2024,8,0.4443,har_ma_*,har_ma_*
all_features,ridge,perm_p1_mse,series,vix_tercile,high,81,0.9031,har_ma_*,har_ma_*
all_features,ridge,perm_p1_mse,series,vix_tercile,low,28,0.5236,har_ma_*,har_ma_*
all_features,ridge,perm_p1_mse,series,vix_tercile,mid,38,0.5488,har_ma_*,har_ma_*
all_features,ridge,perm_p2_mse,series,year,2018,13,0.4983,har_ma_*,har_ma_*
all_features,ridge,perm_p2_mse,series,year,2019,26,0.6087,har_ma_*,har_ma_*
all_features,ridge,perm_p2_mse,series,year,2020,25,0.6840,har_ma_*,har_ma_*
all_features,ridge,perm_p2_mse,series,year,2021,25,0.7371,har_ma_*,har_ma_*
all_features,ridge,perm_p2_mse,series,year,2022,25,0.7206,har_ma_*,har_ma_*
all_features,ridge,perm_p2_mse,series,year,2023,25,0.6660,har_ma_*,har_ma_*
all_features,ridge,perm_p2_mse,series,year,2024,8,0.5401,har_ma_*,har_ma_*
all_features,ridge,perm_p2_mse,series,vix_tercile,high,81,0.9265,har_ma_*,har_ma_*
all_features,ridge,perm_p2_mse,series,vix_tercile,low,28,0.6011,har_ma_*,har_ma_*
all_features,ridge,perm_p2_mse,series,vix_tercile,mid,38,0.7795,har_ma_*,har_ma_*
all_features,ridge,drop_qlike,series,year,2018,13,0.0150,har_ma_*,adj_sumabsret_ma_*
all_features,ridge,drop_qlike,series,year,2019,26,0.3985,har_ma_*,adj_sumabsret_ma_*
all_features,ridge,drop_qlike,series,year,2020,25,0.1687,har_ma_*,adj_sumabsret_ma_*
all_features,ridge,drop_qlike,series,year,2021,25,-0.5371,har_ma_*,adj_sumabsret_ma_*
all_features,ridge,drop_qlike,series,year,2022,25,-0.0021,har_ma_*,adj_sumabsret_ma_*
all_features,ridge,drop_qlike,series,year,2023,25,0.9109,adj_sumabsret_ma_*,adj_sumabsret_ma_*
all_features,ridge,drop_qlike,series,year,2024,8,0.2431,adj_sumvolume_ma_*,adj_sumabsret_ma_*
all_features,ridge,drop_qlike,series,vix_tercile,high,81,0.0261,har_ma_*,adj_sumabsret_ma_*
all_features,ridge,drop_qlike,series,vix_tercile,low,28,0.9109,adj_sumabsret_ma_*,adj_sumabsret_ma_*
all_features,ridge,drop_qlike,series,vix_tercile,mid,38,0.2932,har_ma_*,adj_sumabsret_ma_*
all_features,ridge,drop_mse,series,year,2018,13,0.3737,har_ma_*,har_ma_*
all_features,ridge,drop_mse,series,year,2019,26,0.1246,har_ma_*,har_ma_*
all_features,ridge,drop_mse,series,year,2020,25,0.7316,har_ma_*,har_ma_*
all_features,ridge,drop_mse,series,year,2021,25,0.3438,har_ma_*,har_ma_*
all_features,ridge,drop_mse,series,year,2022,25,0.2353,har_ma_*,har_ma_*
all_features,ridge,drop_mse,series,year,2023,25,0.3461,har_ma_*,har_ma_*
all_features,ridge,drop_mse,series,year,2024,8,0.2738,adj_sumret_ma_*,har_ma_*
all_features,ridge,drop_mse,series,vix_tercile,high,81,0.8580,har_ma_*,har_ma_*
all_features,ridge,drop_mse,series,vix_tercile,low,28,0.5265,har_ma_*,har_ma_*
all_features,ridge,drop_mse,series,vix_tercile,mid,38,0.4293,har_ma_*,har_ma_*
all_features,ridge,shap,series,year,2018,13,0.6989,har_ma_*,har_ma_*
all_features,ridge,shap,series,year,2019,26,0.7482,har_ma_*,har_ma_*
all_features,ridge,shap,series,year,2020,25,0.8785,har_ma_*,har_ma_*
all_features,ridge,shap,series,year,2021,25,0.9037,har_ma_*,har_ma_*
all_features,ridge,shap,series,year,2022,25,0.8454,har_ma_*,har_ma_*
all_features,ridge,shap,series,year,2023,25,0.7552,har_ma_*,har_ma_*
all_features,ridge,shap,series,year,2024,8,0.5400,har_ma_*,har_ma_*
all_features,ridge,shap,series,vix_tercile,high,81,0.9563,har_ma_*,har_ma_*
all_features,ridge,shap,series,vix_tercile,low,28,0.8257,har_ma_*,har_ma_*
all_features,ridge,shap,series,vix_tercile,mid,38,0.9157,har_ma_*,har_ma_*
all_features,lasso,bsd,series,year,2018,13,0.4686,har_ma_*,har_ma_*
all_features,lasso,bsd,series,year,2019,26,0.4745,har_ma_*,har_ma_*
all_features,lasso,bsd,series,year,2020,25,0.6044,har_ma_*,har_ma_*
all_features,lasso,bsd,series,year,2021,25,0.9712,har_ma_*,har_ma_*
all_features,lasso,bsd,series,year,2022,25,0.9295,har_ma_*,har_ma_*
all_features,lasso,bsd,series,year,2023,25,0.9569,har_ma_*,har_ma_*
all_features,lasso,bsd,series,year,2024,8,0.5837,har_ma_*,har_ma_*
all_features,lasso,bsd,series,vix_tercile,high,81,0.9873,har_ma_*,har_ma_*
all_features,lasso,bsd,series,vix_tercile,low,28,0.8415,har_ma_*,har_ma_*
all_features,lasso,bsd,series,vix_tercile,mid,38,0.9865,har_ma_*,har_ma_*
all_features,lasso,perm_p1_qlike,series,year,2018,13,0.2536,har_ma_*,har_ma_*
all_features,lasso,perm_p1_qlike,series,year,2019,26,0.1018,har_ma_*,har_ma_*
all_features,lasso,perm_p1_qlike,series,year,2020,25,0.3150,har_ma_*,har_ma_*
all_features,lasso,perm_p1_qlike,series,year,2021,25,0.5109,har_ma_*,har_ma_*
all_features,lasso,perm_p1_qlike,series,year,2022,25,0.8208,har_ma_*,har_ma_*
all_features,lasso,perm_p1_qlike,series,year,2023,25,0.6978,har_ma_*,har_ma_*
all_features,lasso,perm_p1_qlike,series,year,2024,8,0.2185,har_ma_*,har_ma_*
all_features,lasso,perm_p1_qlike,series,vix_tercile,high,81,0.8933,har_ma_*,har_ma_*
all_features,lasso,perm_p1_qlike,series,vix_tercile,low,28,0.1680,har_ma_*,har_ma_*
all_features,lasso,perm_p1_qlike,series,vix_tercile,mid,38,0.8017,har_ma_*,har_ma_*
all_features,lasso,perm_p2_qlike,series,year,2018,13,0.2790,har_ma_*,adj_effspread_vwstock_ma_*
all_features,lasso,perm_p2_qlike,series,year,2019,26,0.0424,har_ma_*,adj_effspread_vwstock_ma_*
all_features,lasso,perm_p2_qlike,series,year,2020,25,0.3557,har_ma_*,adj_effspread_vwstock_ma_*
all_features,lasso,perm_p2_qlike,series,year,2021,25,0.8128,adj_sumpret2_vwstock_ma_*,adj_effspread_vwstock_ma_*
all_features,lasso,perm_p2_qlike,series,year,2022,25,0.9489,adj_effspread_vwstock_ma_*,adj_effspread_vwstock_ma_*
all_features,lasso,perm_p2_qlike,series,year,2023,25,0.7361,har_ma_*,adj_effspread_vwstock_ma_*
all_features,lasso,perm_p2_qlike,series,year,2024,8,0.3979,har_ma_*,adj_effspread_vwstock_ma_*
all_features,lasso,perm_p2_qlike,series,vix_tercile,high,81,0.9703,adj_effspread_vwstock_ma_*,adj_effspread_vwstock_ma_*
all_features,lasso,perm_p2_qlike,series,vix_tercile,low,28,0.3341,har_ma_*,adj_effspread_vwstock_ma_*
all_features,lasso,perm_p2_qlike,series,vix_tercile,mid,38,0.7750,har_ma_*,adj_effspread_vwstock_ma_*
all_features,lasso,perm_p1_mse,series,year,2018,13,0.2738,har_ma_*,har_ma_*
all_features,lasso,perm_p1_mse,series,year,2019,26,0.2871,har_ma_*,har_ma_*
all_features,lasso,perm_p1_mse,series,year,2020,25,0.3492,har_ma_*,har_ma_*
all_features,lasso,perm_p1_mse,series,year,2021,25,0.5085,har_ma_*,har_ma_*
all_features,lasso,perm_p1_mse,series,year,2022,25,0.9182,har_ma_*,har_ma_*
all_features,lasso,perm_p1_mse,series,year,2023,25,0.6081,har_ma_*,har_ma_*
all_features,lasso,perm_p1_mse,series,year,2024,8,0.1275,har_ma_*,har_ma_*
all_features,lasso,perm_p1_mse,series,vix_tercile,high,81,0.9141,har_ma_*,har_ma_*
all_features,lasso,perm_p1_mse,series,vix_tercile,low,28,0.2816,har_ma_*,har_ma_*
all_features,lasso,perm_p1_mse,series,vix_tercile,mid,38,0.6681,har_ma_*,har_ma_*
all_features,lasso,perm_p2_mse,series,year,2018,13,0.1834,har_ma_*,har_ma_*
all_features,lasso,perm_p2_mse,series,year,2019,26,0.1666,har_ma_*,har_ma_*
all_features,lasso,perm_p2_mse,series,year,2020,25,0.3940,har_ma_*,har_ma_*
all_features,lasso,perm_p2_mse,series,year,2021,25,0.8256,har_ma_*,har_ma_*
all_features,lasso,perm_p2_mse,series,year,2022,25,0.9453,har_ma_*,har_ma_*
all_features,lasso,perm_p2_mse,series,year,2023,25,0.7540,har_ma_*,har_ma_*
all_features,lasso,perm_p2_mse,series,year,2024,8,0.1491,har_ma_*,har_ma_*
all_features,lasso,perm_p2_mse,series,vix_tercile,high,81,0.9594,har_ma_*,har_ma_*
all_features,lasso,perm_p2_mse,series,vix_tercile,low,28,0.3082,har_ma_*,har_ma_*
all_features,lasso,perm_p2_mse,series,vix_tercile,mid,38,0.7197,har_ma_*,har_ma_*
all_features,lasso,drop_qlike,series,year,2018,13,0.4174,adj_sumret_ma_*,har_ma_*
all_features,lasso,drop_qlike,series,year,2019,26,0.1510,har_ma_*,har_ma_*
all_features,lasso,drop_qlike,series,year,2020,25,0.0962,har_ma_*,har_ma_*
all_features,lasso,drop_qlike,series,year,2021,25,0.1659,har_ma_*,har_ma_*
all_features,lasso,drop_qlike,series,year,2022,25,0.6538,har_ma_*,har_ma_*
all_features,lasso,drop_qlike,series,year,2023,25,0.6055,har_ma_*,har_ma_*
all_features,lasso,drop_qlike,series,year,2024,8,0.2792,adj_sumret_ma_*,har_ma_*
all_features,lasso,drop_qlike,series,vix_tercile,high,81,0.6530,har_ma_*,har_ma_*
all_features,lasso,drop_qlike,series,vix_tercile,low,28,0.2107,har_ma_*,har_ma_*
all_features,lasso,drop_qlike,series,vix_tercile,mid,38,0.3987,har_ma_*,har_ma_*
all_features,lasso,drop_mse,series,year,2018,13,0.4792,adj_sumret_ma_*,har_ma_*
all_features,lasso,drop_mse,series,year,2019,26,0.0235,har_ma_*,har_ma_*
all_features,lasso,drop_mse,series,year,2020,25,0.2279,har_ma_*,har_ma_*
all_features,lasso,drop_mse,series,year,2021,25,0.5243,har_ma_*,har_ma_*
all_features,lasso,drop_mse,series,year,2022,25,0.5055,har_ma_*,har_ma_*
all_features,lasso,drop_mse,series,year,2023,25,0.5335,adj_sumabsret_vwstock_ma_*,har_ma_*
all_features,lasso,drop_mse,series,year,2024,8,0.0851,adj_sumret_ma_*,har_ma_*
all_features,lasso,drop_mse,series,vix_tercile,high,81,0.6122,har_ma_*,har_ma_*
all_features,lasso,drop_mse,series,vix_tercile,low,28,0.2241,adj_sumabsret_vwstock_ma_*,har_ma_*
all_features,lasso,drop_mse,series,vix_tercile,mid,38,0.5688,har_ma_*,har_ma_*
all_features,lasso,shap,series,year,2018,13,0.4315,har_ma_*,har_ma_*
all_features,lasso,shap,series,year,2019,26,0.4250,har_ma_*,har_ma_*
all_features,lasso,shap,series,year,2020,25,0.6361,har_ma_*,har_ma_*
all_features,lasso,shap,series,year,2021,25,0.9387,har_ma_*,har_ma_*
all_features,lasso,shap,series,year,2022,25,0.8992,har_ma_*,har_ma_*
all_features,lasso,shap,series,year,2023,25,0.9043,har_ma_*,har_ma_*
all_features,lasso,shap,series,year,2024,8,0.5426,har_ma_*,har_ma_*
all_features,lasso,shap,series,vix_tercile,high,81,0.9737,har_ma_*,har_ma_*
all_features,lasso,shap,series,vix_tercile,low,28,0.8268,har_ma_*,har_ma_*
all_features,lasso,shap,series,vix_tercile,mid,38,0.9704,har_ma_*,har_ma_*
all_features,lgbm,mdi,series,year,2018,13,0.8714,har_ma_*,har_ma_*
all_features,lgbm,mdi,series,year,2019,26,0.9364,har_ma_*,har_ma_*
all_features,lgbm,mdi,series,year,2020,25,0.9791,har_ma_*,har_ma_*
all_features,lgbm,mdi,series,year,2021,25,0.9800,har_ma_*,har_ma_*
all_features,lgbm,mdi,series,year,2022,25,0.9762,har_ma_*,har_ma_*
all_features,lgbm,mdi,series,year,2023,25,0.9422,har_ma_*,har_ma_*
all_features,lgbm,mdi,series,year,2024,8,0.9260,har_ma_*,har_ma_*
all_features,lgbm,mdi,series,vix_tercile,high,81,0.9960,har_ma_*,har_ma_*
all_features,lgbm,mdi,series,vix_tercile,low,28,0.9807,har_ma_*,har_ma_*
all_features,lgbm,mdi,series,vix_tercile,mid,38,0.9943,har_ma_*,har_ma_*
all_features,lgbm,split,series,year,2018,13,0.9196,har_ma_*,har_ma_*
all_features,lgbm,split,series,year,2019,26,0.9388,har_ma_*,har_ma_*
all_features,lgbm,split,series,year,2020,25,0.9769,har_ma_*,har_ma_*
all_features,lgbm,split,series,year,2021,25,0.9869,har_ma_*,har_ma_*
all_features,lgbm,split,series,year,2022,25,0.9737,har_ma_*,har_ma_*
all_features,lgbm,split,series,year,2023,25,0.9546,har_ma_*,har_ma_*
all_features,lgbm,split,series,year,2024,8,0.9621,har_ma_*,har_ma_*
all_features,lgbm,split,series,vix_tercile,high,81,0.9970,har_ma_*,har_ma_*
all_features,lgbm,split,series,vix_tercile,low,28,0.9913,har_ma_*,har_ma_*
all_features,lgbm,split,series,vix_tercile,mid,38,0.9946,har_ma_*,har_ma_*
all_features,lgbm,perm_p1_qlike,series,year,2018,13,0.6539,har_ma_*,har_ma_*
all_features,lgbm,perm_p1_qlike,series,year,2019,26,0.7244,har_ma_*,har_ma_*
all_features,lgbm,perm_p1_qlike,series,year,2020,25,0.5965,har_ma_*,har_ma_*
all_features,lgbm,perm_p1_qlike,series,year,2021,25,0.3978,har_ma_*,har_ma_*
all_features,lgbm,perm_p1_qlike,series,year,2022,25,0.5792,har_ma_*,har_ma_*
all_features,lgbm,perm_p1_qlike,series,year,2023,25,0.5919,har_ma_*,har_ma_*
all_features,lgbm,perm_p1_qlike,series,year,2024,8,0.0905,har_ma_*,har_ma_*
all_features,lgbm,perm_p1_qlike,series,vix_tercile,high,81,0.8461,har_ma_*,har_ma_*
all_features,lgbm,perm_p1_qlike,series,vix_tercile,low,28,0.6193,har_ma_*,har_ma_*
all_features,lgbm,perm_p1_qlike,series,vix_tercile,mid,38,0.4892,har_ma_*,har_ma_*
all_features,lgbm,perm_p2_qlike,series,year,2018,13,0.5942,har_ma_*,har_ma_*
all_features,lgbm,perm_p2_qlike,series,year,2019,26,0.5980,har_ma_*,har_ma_*
all_features,lgbm,perm_p2_qlike,series,year,2020,25,0.7311,har_ma_*,har_ma_*
all_features,lgbm,perm_p2_qlike,series,year,2021,25,0.6492,har_ma_*,har_ma_*
all_features,lgbm,perm_p2_qlike,series,year,2022,25,0.7165,har_ma_*,har_ma_*
all_features,lgbm,perm_p2_qlike,series,year,2023,25,0.5487,har_ma_*,har_ma_*
all_features,lgbm,perm_p2_qlike,series,year,2024,8,0.3064,har_ma_*,har_ma_*
all_features,lgbm,perm_p2_qlike,series,vix_tercile,high,81,0.8788,har_ma_*,har_ma_*
all_features,lgbm,perm_p2_qlike,series,vix_tercile,low,28,0.6109,har_ma_*,har_ma_*
all_features,lgbm,perm_p2_qlike,series,vix_tercile,mid,38,0.6569,har_ma_*,har_ma_*
all_features,lgbm,perm_p1_mse,series,year,2018,13,0.4117,har_ma_*,har_ma_*
all_features,lgbm,perm_p1_mse,series,year,2019,26,0.4134,har_ma_*,har_ma_*
all_features,lgbm,perm_p1_mse,series,year,2020,25,0.7138,har_ma_*,har_ma_*
all_features,lgbm,perm_p1_mse,series,year,2021,25,0.6537,har_ma_*,har_ma_*
all_features,lgbm,perm_p1_mse,series,year,2022,25,0.6187,har_ma_*,har_ma_*
all_features,lgbm,perm_p1_mse,series,year,2023,25,0.5064,har_ma_*,har_ma_*
all_features,lgbm,perm_p1_mse,series,year,2024,8,0.0545,har_ma_*,har_ma_*
all_features,lgbm,perm_p1_mse,series,vix_tercile,high,81,0.9356,har_ma_*,har_ma_*
all_features,lgbm,perm_p1_mse,series,vix_tercile,low,28,0.4941,har_ma_*,har_ma_*
all_features,lgbm,perm_p1_mse,series,vix_tercile,mid,38,0.3532,har_ma_*,har_ma_*
all_features,lgbm,perm_p2_mse,series,year,2018,13,0.4617,har_ma_*,har_ma_*
all_features,lgbm,perm_p2_mse,series,year,2019,26,0.3683,har_ma_*,har_ma_*
all_features,lgbm,perm_p2_mse,series,year,2020,25,0.6013,har_ma_*,har_ma_*
all_features,lgbm,perm_p2_mse,series,year,2021,25,0.5253,har_ma_*,har_ma_*
all_features,lgbm,perm_p2_mse,series,year,2022,25,0.7102,har_ma_*,har_ma_*
all_features,lgbm,perm_p2_mse,series,year,2023,25,0.5171,har_ma_*,har_ma_*
all_features,lgbm,perm_p2_mse,series,year,2024,8,0.1602,har_ma_*,har_ma_*
all_features,lgbm,perm_p2_mse,series,vix_tercile,high,81,0.9428,har_ma_*,har_ma_*
all_features,lgbm,perm_p2_mse,series,vix_tercile,low,28,0.4612,har_ma_*,har_ma_*
all_features,lgbm,perm_p2_mse,series,vix_tercile,mid,38,0.5333,har_ma_*,har_ma_*
all_features,lgbm,shap,series,year,2018,13,0.7551,har_ma_*,har_ma_*
all_features,lgbm,shap,series,year,2019,26,0.7459,har_ma_*,har_ma_*
all_features,lgbm,shap,series,year,2020,25,0.8815,har_ma_*,har_ma_*
all_features,lgbm,shap,series,year,2021,25,0.8902,har_ma_*,har_ma_*
all_features,lgbm,shap,series,year,2022,25,0.9329,har_ma_*,har_ma_*
all_features,lgbm,shap,series,year,2023,25,0.8345,har_ma_*,har_ma_*
all_features,lgbm,shap,series,year,2024,8,0.7320,har_ma_*,har_ma_*
all_features,lgbm,shap,series,vix_tercile,high,81,0.9841,har_ma_*,har_ma_*
all_features,lgbm,shap,series,vix_tercile,low,28,0.9329,har_ma_*,har_ma_*
all_features,lgbm,shap,series,vix_tercile,mid,38,0.9318,har_ma_*,har_ma_*
all_features,xgb,mdi,series,year,2018,13,0.8818,har_ma_*,har_ma_*
all_features,xgb,mdi,series,year,2019,26,0.9232,har_ma_*,har_ma_*
all_features,xgb,mdi,series,year,2020,25,0.9755,har_ma_*,har_ma_*
all_features,xgb,mdi,series,year,2021,25,0.9602,har_ma_*,har_ma_*
all_features,xgb,mdi,series,year,2022,25,0.9454,har_ma_*,har_ma_*
all_features,xgb,mdi,series,year,2023,25,0.9421,har_ma_*,har_ma_*
all_features,xgb,mdi,series,year,2024,8,0.9198,har_ma_*,har_ma_*
all_features,xgb,mdi,series,vix_tercile,high,81,0.9901,har_ma_*,har_ma_*
all_features,xgb,mdi,series,vix_tercile,low,28,0.9817,har_ma_*,har_ma_*
all_features,xgb,mdi,series,vix_tercile,mid,38,0.9946,har_ma_*,har_ma_*
all_features,xgb,split,series,year,2018,13,0.8299,har_ma_*,har_ma_*
all_features,xgb,split,series,year,2019,26,0.8761,har_ma_*,har_ma_*
all_features,xgb,split,series,year,2020,25,0.9753,har_ma_*,har_ma_*
all_features,xgb,split,series,year,2021,25,0.9732,har_ma_*,har_ma_*
all_features,xgb,split,series,year,2022,25,0.9744,har_ma_*,har_ma_*
all_features,xgb,split,series,year,2023,25,0.9737,har_ma_*,har_ma_*
all_features,xgb,split,series,year,2024,8,0.9538,har_ma_*,har_ma_*
all_features,xgb,split,series,vix_tercile,high,81,0.9959,har_ma_*,har_ma_*
all_features,xgb,split,series,vix_tercile,low,28,0.9823,har_ma_*,har_ma_*
all_features,xgb,split,series,vix_tercile,mid,38,0.9962,har_ma_*,har_ma_*
all_features,xgb,perm_p1_qlike,series,year,2018,13,0.5246,har_ma_*,har_ma_*
all_features,xgb,perm_p1_qlike,series,year,2019,26,0.5684,har_ma_*,har_ma_*
all_features,xgb,perm_p1_qlike,series,year,2020,25,0.7912,har_ma_*,har_ma_*
all_features,xgb,perm_p1_qlike,series,year,2021,25,0.5539,har_ma_*,har_ma_*
all_features,xgb,perm_p1_qlike,series,year,2022,25,0.6019,har_ma_*,har_ma_*
all_features,xgb,perm_p1_qlike,series,year,2023,25,0.5163,har_ma_*,har_ma_*
all_features,xgb,perm_p1_qlike,series,year,2024,8,0.2698,har_ma_*,har_ma_*
all_features,xgb,perm_p1_qlike,series,vix_tercile,high,81,0.8714,har_ma_*,har_ma_*
all_features,xgb,perm_p1_qlike,series,vix_tercile,low,28,0.3716,har_ma_*,har_ma_*
all_features,xgb,perm_p1_qlike,series,vix_tercile,mid,38,0.6642,har_ma_*,har_ma_*
all_features,xgb,perm_p2_qlike,series,year,2018,13,0.6378,har_ma_*,har_ma_*
all_features,xgb,perm_p2_qlike,series,year,2019,26,0.5735,har_ma_*,har_ma_*
all_features,xgb,perm_p2_qlike,series,year,2020,25,0.7340,har_ma_*,har_ma_*
all_features,xgb,perm_p2_qlike,series,year,2021,25,0.6610,har_ma_*,har_ma_*
all_features,xgb,perm_p2_qlike,series,year,2022,25,0.5245,har_ma_*,har_ma_*
all_features,xgb,perm_p2_qlike,series,year,2023,25,0.5624,har_ma_*,har_ma_*
all_features,xgb,perm_p2_qlike,series,year,2024,8,0.0964,har_ma_*,har_ma_*
all_features,xgb,perm_p2_qlike,series,vix_tercile,high,81,0.9364,har_ma_*,har_ma_*
all_features,xgb,perm_p2_qlike,series,vix_tercile,low,28,0.5137,har_ma_*,har_ma_*
all_features,xgb,perm_p2_qlike,series,vix_tercile,mid,38,0.6534,har_ma_*,har_ma_*
all_features,xgb,perm_p1_mse,series,year,2018,13,0.3919,har_ma_*,har_ma_*
all_features,xgb,perm_p1_mse,series,year,2019,26,0.0801,har_ma_*,har_ma_*
all_features,xgb,perm_p1_mse,series,year,2020,25,0.6101,har_ma_*,har_ma_*
all_features,xgb,perm_p1_mse,series,year,2021,25,0.4880,har_ma_*,har_ma_*
all_features,xgb,perm_p1_mse,series,year,2022,25,0.5522,har_ma_*,har_ma_*
all_features,xgb,perm_p1_mse,series,year,2023,25,0.4661,har_ma_*,har_ma_*
all_features,xgb,perm_p1_mse,series,year,2024,8,0.2057,har_ma_*,har_ma_*
all_features,xgb,perm_p1_mse,series,vix_tercile,high,81,0.9066,har_ma_*,har_ma_*
all_features,xgb,perm_p1_mse,series,vix_tercile,low,28,0.2350,har_ma_*,har_ma_*
all_features,xgb,perm_p1_mse,series,vix_tercile,mid,38,0.5942,har_ma_*,har_ma_*
all_features,xgb,perm_p2_mse,series,year,2018,13,0.3383,har_ma_*,har_ma_*
all_features,xgb,perm_p2_mse,series,year,2019,26,0.3469,har_ma_*,har_ma_*
all_features,xgb,perm_p2_mse,series,year,2020,25,0.6209,har_ma_*,har_ma_*
all_features,xgb,perm_p2_mse,series,year,2021,25,0.3157,har_ma_*,har_ma_*
all_features,xgb,perm_p2_mse,series,year,2022,25,0.5024,har_ma_*,har_ma_*
all_features,xgb,perm_p2_mse,series,year,2023,25,0.2660,har_ma_*,har_ma_*
all_features,xgb,perm_p2_mse,series,year,2024,8,0.2050,har_ma_*,har_ma_*
all_features,xgb,perm_p2_mse,series,vix_tercile,high,81,0.9110,har_ma_*,har_ma_*
all_features,xgb,perm_p2_mse,series,vix_tercile,low,28,0.3643,har_ma_*,har_ma_*
all_features,xgb,perm_p2_mse,series,vix_tercile,mid,38,0.6898,har_ma_*,har_ma_*
all_features,xgb,shap,series,year,2018,13,0.6564,har_ma_*,har_ma_*
all_features,xgb,shap,series,year,2019,26,0.7198,har_ma_*,har_ma_*
all_features,xgb,shap,series,year,2020,25,0.9023,har_ma_*,har_ma_*
all_features,xgb,shap,series,year,2021,25,0.8657,har_ma_*,har_ma_*
all_features,xgb,shap,series,year,2022,25,0.9379,har_ma_*,har_ma_*
all_features,xgb,shap,series,year,2023,25,0.8804,har_ma_*,har_ma_*
all_features,xgb,shap,series,year,2024,8,0.7063,har_ma_*,har_ma_*
all_features,xgb,shap,series,vix_tercile,high,81,0.9748,har_ma_*,har_ma_*
all_features,xgb,shap,series,vix_tercile,low,28,0.9283,har_ma_*,har_ma_*
all_features,xgb,shap,series,vix_tercile,mid,38,0.9234,har_ma_*,har_ma_*
all_features,rf,mdi,series,year,2018,13,0.9383,har_ma_*,har_ma_*
all_features,rf,mdi,series,year,2019,26,0.9458,har_ma_*,har_ma_*
all_features,rf,mdi,series,year,2020,25,0.9865,har_ma_*,har_ma_*
all_features,rf,mdi,series,year,2021,25,0.9803,har_ma_*,har_ma_*
all_features,rf,mdi,series,year,2022,25,0.9779,har_ma_*,har_ma_*
all_features,rf,mdi,series,year,2023,25,0.9832,har_ma_*,har_ma_*
all_features,rf,mdi,series,year,2024,8,0.9540,har_ma_*,har_ma_*
all_features,rf,mdi,series,vix_tercile,high,81,0.9948,har_ma_*,har_ma_*
all_features,rf,mdi,series,vix_tercile,low,28,0.9850,har_ma_*,har_ma_*
all_features,rf,mdi,series,vix_tercile,mid,38,0.9953,har_ma_*,har_ma_*
all_features,rf,split,series,year,2018,13,0.9829,adj_voldemand_spx_open_and_close_ma_*,adj_voldemand_spx_open_and_close_ma_*
all_features,rf,split,series,year,2019,26,0.9811,adj_voldemand_spx_open_and_close_ma_*,adj_voldemand_spx_open_and_close_ma_*
all_features,rf,split,series,year,2020,25,0.9922,adj_voldemand_spx_open_and_close_ma_*,adj_voldemand_spx_open_and_close_ma_*
all_features,rf,split,series,year,2021,25,0.9921,adj_voldemand_spx_open_and_close_ma_*,adj_voldemand_spx_open_and_close_ma_*
all_features,rf,split,series,year,2022,25,0.9873,adj_voldemand_spx_open_and_close_ma_*,adj_voldemand_spx_open_and_close_ma_*
all_features,rf,split,series,year,2023,25,0.9787,adj_voldemand_spx_open_and_close_ma_*,adj_voldemand_spx_open_and_close_ma_*
all_features,rf,split,series,year,2024,8,0.9736,adj_voldemand_spx_open_and_close_ma_*,adj_voldemand_spx_open_and_close_ma_*
all_features,rf,split,series,vix_tercile,high,81,0.9989,adj_voldemand_spx_open_and_close_ma_*,adj_voldemand_spx_open_and_close_ma_*
all_features,rf,split,series,vix_tercile,low,28,0.9979,adj_voldemand_spx_open_and_close_ma_*,adj_voldemand_spx_open_and_close_ma_*
all_features,rf,split,series,vix_tercile,mid,38,0.9981,adj_voldemand_spx_open_and_close_ma_*,adj_voldemand_spx_open_and_close_ma_*
all_features,rf,perm_p1_qlike,series,year,2018,13,0.7031,har_ma_*,har_ma_*
all_features,rf,perm_p1_qlike,series,year,2019,26,0.6994,har_ma_*,har_ma_*
all_features,rf,perm_p1_qlike,series,year,2020,25,0.6301,har_ma_*,har_ma_*
all_features,rf,perm_p1_qlike,series,year,2021,25,0.3783,har_ma_*,har_ma_*
all_features,rf,perm_p1_qlike,series,year,2022,25,0.6930,har_ma_*,har_ma_*
all_features,rf,perm_p1_qlike,series,year,2023,25,0.3856,har_ma_*,har_ma_*
all_features,rf,perm_p1_qlike,series,year,2024,8,0.1942,har_ma_*,har_ma_*
all_features,rf,perm_p1_qlike,series,vix_tercile,high,81,0.8645,har_ma_*,har_ma_*
all_features,rf,perm_p1_qlike,series,vix_tercile,low,28,0.6863,har_ma_*,har_ma_*
all_features,rf,perm_p1_qlike,series,vix_tercile,mid,38,0.2695,har_ma_*,har_ma_*
all_features,rf,perm_p2_qlike,series,year,2018,13,0.5235,har_ma_*,har_ma_*
all_features,rf,perm_p2_qlike,series,year,2019,26,0.4788,har_ma_*,har_ma_*
all_features,rf,perm_p2_qlike,series,year,2020,25,0.7769,har_ma_*,har_ma_*
all_features,rf,perm_p2_qlike,series,year,2021,25,0.6754,har_ma_*,har_ma_*
all_features,rf,perm_p2_qlike,series,year,2022,25,0.4896,har_ma_*,har_ma_*
all_features,rf,perm_p2_qlike,series,year,2023,25,0.3798,har_ma_*,har_ma_*
all_features,rf,perm_p2_qlike,series,year,2024,8,0.3243,har_ma_*,har_ma_*
all_features,rf,perm_p2_qlike,series,vix_tercile,high,81,0.8978,har_ma_*,har_ma_*
all_features,rf,perm_p2_qlike,series,vix_tercile,low,28,0.3134,har_ma_*,har_ma_*
all_features,rf,perm_p2_qlike,series,vix_tercile,mid,38,0.5951,har_ma_*,har_ma_*
all_features,rf,perm_p1_mse,series,year,2018,13,0.7535,har_ma_*,har_ma_*
all_features,rf,perm_p1_mse,series,year,2019,26,0.4567,har_ma_*,har_ma_*
all_features,rf,perm_p1_mse,series,year,2020,25,0.4250,har_ma_*,har_ma_*
all_features,rf,perm_p1_mse,series,year,2021,25,0.4135,har_ma_*,har_ma_*
all_features,rf,perm_p1_mse,series,year,2022,25,0.6262,har_ma_*,har_ma_*
all_features,rf,perm_p1_mse,series,year,2023,25,0.3334,har_ma_*,har_ma_*
all_features,rf,perm_p1_mse,series,year,2024,8,0.0986,har_ma_*,har_ma_*
all_features,rf,perm_p1_mse,series,vix_tercile,high,81,0.9217,har_ma_*,har_ma_*
all_features,rf,perm_p1_mse,series,vix_tercile,low,28,0.4858,har_ma_*,har_ma_*
all_features,rf,perm_p1_mse,series,vix_tercile,mid,38,0.2528,har_ma_*,har_ma_*
all_features,rf,perm_p2_mse,series,year,2018,13,0.5630,har_ma_*,har_ma_*
all_features,rf,perm_p2_mse,series,year,2019,26,0.0366,har_ma_*,har_ma_*
all_features,rf,perm_p2_mse,series,year,2020,25,0.5887,har_ma_*,har_ma_*
all_features,rf,perm_p2_mse,series,year,2021,25,0.4970,har_ma_*,har_ma_*
all_features,rf,perm_p2_mse,series,year,2022,25,0.4020,har_ma_*,har_ma_*
all_features,rf,perm_p2_mse,series,year,2023,25,0.2923,har_ma_*,har_ma_*
all_features,rf,perm_p2_mse,series,year,2024,8,0.1915,har_ma_*,har_ma_*
all_features,rf,perm_p2_mse,series,vix_tercile,high,81,0.8413,har_ma_*,har_ma_*
all_features,rf,perm_p2_mse,series,vix_tercile,low,28,0.3784,har_ma_*,har_ma_*
all_features,rf,perm_p2_mse,series,vix_tercile,mid,38,0.4473,har_ma_*,har_ma_*
all_features,rf,shap,series,year,2018,13,0.8400,har_ma_*,har_ma_*
all_features,rf,shap,series,year,2019,26,0.8450,har_ma_*,har_ma_*
all_features,rf,shap,series,year,2020,25,0.8973,har_ma_*,har_ma_*
all_features,rf,shap,series,year,2021,25,0.9187,har_ma_*,har_ma_*
all_features,rf,shap,series,year,2022,25,0.9517,har_ma_*,har_ma_*
all_features,rf,shap,series,year,2023,25,0.9031,har_ma_*,har_ma_*
all_features,rf,shap,series,year,2024,8,0.7683,har_ma_*,har_ma_*
all_features,rf,shap,series,vix_tercile,high,81,0.9852,har_ma_*,har_ma_*
all_features,rf,shap,series,vix_tercile,low,28,0.9552,har_ma_*,har_ma_*
all_features,rf,shap,series,vix_tercile,mid,38,0.9686,har_ma_*,har_ma_*
all_features,ridge,bsd,cluster,year,2018,13,0.9133,C49: har_ma_1 +1,C51: adj_sumabsret_ma_1 +7
all_features,ridge,bsd,cluster,year,2019,26,0.9481,C51: adj_sumabsret_ma_1 +7,C51: adj_sumabsret_ma_1 +7
all_features,ridge,bsd,cluster,year,2020,25,0.9746,C51: adj_sumabsret_ma_1 +7,C51: adj_sumabsret_ma_1 +7
all_features,ridge,bsd,cluster,year,2021,25,0.9726,C17: adj_vix_ma_1 +9,C51: adj_sumabsret_ma_1 +7
all_features,ridge,bsd,cluster,year,2022,25,0.9596,C17: adj_vix_ma_1 +9,C51: adj_sumabsret_ma_1 +7
all_features,ridge,bsd,cluster,year,2023,25,0.9581,C51: adj_sumabsret_ma_1 +7,C51: adj_sumabsret_ma_1 +7
all_features,ridge,bsd,cluster,year,2024,8,0.8897,C51: adj_sumabsret_ma_1 +7,C51: adj_sumabsret_ma_1 +7
all_features,ridge,bsd,cluster,vix_tercile,high,81,0.9949,C17: adj_vix_ma_1 +9,C51: adj_sumabsret_ma_1 +7
all_features,ridge,bsd,cluster,vix_tercile,low,28,0.9802,C51: adj_sumabsret_ma_1 +7,C51: adj_sumabsret_ma_1 +7
all_features,ridge,bsd,cluster,vix_tercile,mid,38,0.9963,C51: adj_sumabsret_ma_1 +7,C51: adj_sumabsret_ma_1 +7
all_features,ridge,perm_p1_qlike,cluster,year,2018,13,-0.0839,C49: har_ma_1 +1,C83: adj_sumret2_ewstock_ma_625 +7
all_features,ridge,perm_p1_qlike,cluster,year,2019,26,-0.0374,C49: har_ma_1 +1,C83: adj_sumret2_ewstock_ma_625 +7
all_features,ridge,perm_p1_qlike,cluster,year,2020,25,0.2296,C88: adj_effspread_ewstock_ma_25 +1,C83: adj_sumret2_ewstock_ma_625 +7
all_features,ridge,perm_p1_qlike,cluster,year,2021,25,-0.1877,C49: har_ma_1 +1,C83: adj_sumret2_ewstock_ma_625 +7
all_features,ridge,perm_p1_qlike,cluster,year,2022,25,-0.0892,C49: har_ma_1 +1,C83: adj_sumret2_ewstock_ma_625 +7
all_features,ridge,perm_p1_qlike,cluster,year,2023,25,0.9391,C83: adj_sumret2_ewstock_ma_625 +7,C83: adj_sumret2_ewstock_ma_625 +7
all_features,ridge,perm_p1_qlike,cluster,year,2024,8,0.1089,C62: adj_turnover_vwstock_ma_25 +5,C83: adj_sumret2_ewstock_ma_625 +7
all_features,ridge,perm_p1_qlike,cluster,vix_tercile,high,81,-0.0485,C82: adj_sumabsret_ma_625 +3,C83: adj_sumret2_ewstock_ma_625 +7
all_features,ridge,perm_p1_qlike,cluster,vix_tercile,low,28,0.9430,C83: adj_sumret2_ewstock_ma_625 +7,C83: adj_sumret2_ewstock_ma_625 +7
all_features,ridge,perm_p1_qlike,cluster,vix_tercile,mid,38,0.2191,C88: adj_effspread_ewstock_ma_25 +1,C83: adj_sumret2_ewstock_ma_625 +7
all_features,ridge,perm_p2_qlike,cluster,year,2018,13,-0.1362,C49: har_ma_1 +1,C33: adj_voldemand_spx_open_only_ma_25 +1
all_features,ridge,perm_p2_qlike,cluster,year,2019,26,-0.0379,C49: har_ma_1 +1,C33: adj_voldemand_spx_open_only_ma_25 +1
all_features,ridge,perm_p2_qlike,cluster,year,2020,25,0.2402,C50: adj_sumabsret_ewstock_ma_1 +3,C33: adj_voldemand_spx_open_only_ma_25 +1
all_features,ridge,perm_p2_qlike,cluster,year,2021,25,-0.0375,C42: adj_effspread_vwstock_ma_1 +1,C33: adj_voldemand_spx_open_only_ma_25 +1
all_features,ridge,perm_p2_qlike,cluster,year,2022,25,-0.0571,C49: har_ma_1 +1,C33: adj_voldemand_spx_open_only_ma_25 +1
all_features,ridge,perm_p2_qlike,cluster,year,2023,25,0.8988,C33: adj_voldemand_spx_open_only_ma_25 +1,C33: adj_voldemand_spx_open_only_ma_25 +1
all_features,ridge,perm_p2_qlike,cluster,year,2024,8,0.3835,C61: adj_turnover_vwstock_ma_1 +5,C33: adj_voldemand_spx_open_only_ma_25 +1
all_features,ridge,perm_p2_qlike,cluster,vix_tercile,high,81,-0.0624,C50: adj_sumabsret_ewstock_ma_1 +3,C33: adj_voldemand_spx_open_only_ma_25 +1
all_features,ridge,perm_p2_qlike,cluster,vix_tercile,low,28,0.9002,C33: adj_voldemand_spx_open_only_ma_25 +1,C33: adj_voldemand_spx_open_only_ma_25 +1
all_features,ridge,perm_p2_qlike,cluster,vix_tercile,mid,38,0.2334,C40: adj_spread_ewstock_ma_1 +1,C33: adj_voldemand_spx_open_only_ma_25 +1
all_features,ridge,perm_p1_mse,cluster,year,2018,13,0.4827,C49: har_ma_1 +1,C49: har_ma_1 +1
all_features,ridge,perm_p1_mse,cluster,year,2019,26,0.3767,C49: har_ma_1 +1,C49: har_ma_1 +1
all_features,ridge,perm_p1_mse,cluster,year,2020,25,0.5578,C49: har_ma_1 +1,C49: har_ma_1 +1
all_features,ridge,perm_p1_mse,cluster,year,2021,25,0.2407,C49: har_ma_1 +1,C49: har_ma_1 +1
all_features,ridge,perm_p1_mse,cluster,year,2022,25,0.5624,C49: har_ma_1 +1,C49: har_ma_1 +1
all_features,ridge,perm_p1_mse,cluster,year,2023,25,0.3111,C49: har_ma_1 +1,C49: har_ma_1 +1
all_features,ridge,perm_p1_mse,cluster,year,2024,8,0.2524,C50: adj_sumabsret_ewstock_ma_1 +3,C49: har_ma_1 +1
all_features,ridge,perm_p1_mse,cluster,vix_tercile,high,81,0.7646,C49: har_ma_1 +1,C49: har_ma_1 +1
all_features,ridge,perm_p1_mse,cluster,vix_tercile,low,28,0.4516,C49: har_ma_1 +1,C49: har_ma_1 +1
all_features,ridge,perm_p1_mse,cluster,vix_tercile,mid,38,0.4784,C49: har_ma_1 +1,C49: har_ma_1 +1
all_features,ridge,perm_p2_mse,cluster,year,2018,13,0.3342,C49: har_ma_1 +1,C49: har_ma_1 +1
all_features,ridge,perm_p2_mse,cluster,year,2019,26,0.4185,C49: har_ma_1 +1,C49: har_ma_1 +1
all_features,ridge,perm_p2_mse,cluster,year,2020,25,0.5033,C82: adj_sumabsret_ma_625 +3,C49: har_ma_1 +1
all_features,ridge,perm_p2_mse,cluster,year,2021,25,0.5698,C49: har_ma_1 +1,C49: har_ma_1 +1
all_features,ridge,perm_p2_mse,cluster,year,2022,25,0.5085,C49: har_ma_1 +1,C49: har_ma_1 +1
all_features,ridge,perm_p2_mse,cluster,year,2023,25,0.3807,C49: har_ma_1 +1,C49: har_ma_1 +1
all_features,ridge,perm_p2_mse,cluster,year,2024,8,0.2502,C61: adj_turnover_vwstock_ma_1 +5,C49: har_ma_1 +1
all_features,ridge,perm_p2_mse,cluster,vix_tercile,high,81,0.8049,C49: har_ma_1 +1,C49: har_ma_1 +1
all_features,ridge,perm_p2_mse,cluster,vix_tercile,low,28,0.3505,C49: har_ma_1 +1,C49: har_ma_1 +1
all_features,ridge,perm_p2_mse,cluster,vix_tercile,mid,38,0.6265,C49: har_ma_1 +1,C49: har_ma_1 +1
all_features,ridge,drop_qlike,cluster,year,2018,13,-0.1848,is_month_end,C41: adj_effspread_ewstock_ma_1 +1
all_features,ridge,drop_qlike,cluster,year,2019,26,0.0564,C51: adj_sumabsret_ma_1 +7,C41: adj_effspread_ewstock_ma_1 +1
all_features,ridge,drop_qlike,cluster,year,2020,25,-0.0167,C46: har_ma_25 +1,C41: adj_effspread_ewstock_ma_1 +1
all_features,ridge,drop_qlike,cluster,year,2021,25,-0.1128,C49: har_ma_1 +1,C41: adj_effspread_ewstock_ma_1 +1
all_features,ridge,drop_qlike,cluster,year,2022,25,0.0312,C49: har_ma_1 +1,C41: adj_effspread_ewstock_ma_1 +1
all_features,ridge,drop_qlike,cluster,year,2023,25,0.9579,C41: adj_effspread_ewstock_ma_1 +1,C41: adj_effspread_ewstock_ma_1 +1
all_features,ridge,drop_qlike,cluster,year,2024,8,0.1273,C50: adj_sumabsret_ewstock_ma_1 +3,C41: adj_effspread_ewstock_ma_1 +1
all_features,ridge,drop_qlike,cluster,vix_tercile,high,81,-0.0166,C46: har_ma_25 +1,C41: adj_effspread_ewstock_ma_1 +1
all_features,ridge,drop_qlike,cluster,vix_tercile,low,28,0.9581,C41: adj_effspread_ewstock_ma_1 +1,C41: adj_effspread_ewstock_ma_1 +1
all_features,ridge,drop_qlike,cluster,vix_tercile,mid,38,0.0094,C49: har_ma_1 +1,C41: adj_effspread_ewstock_ma_1 +1
all_features,ridge,drop_mse,cluster,year,2018,13,0.4781,C50: adj_sumabsret_ewstock_ma_1 +3,C46: har_ma_25 +1
all_features,ridge,drop_mse,cluster,year,2019,26,0.1495,C46: har_ma_25 +1,C46: har_ma_25 +1
all_features,ridge,drop_mse,cluster,year,2020,25,0.5956,C46: har_ma_25 +1,C46: har_ma_25 +1
all_features,ridge,drop_mse,cluster,year,2021,25,0.0987,C49: har_ma_1 +1,C46: har_ma_25 +1
all_features,ridge,drop_mse,cluster,year,2022,25,0.1912,C49: har_ma_1 +1,C46: har_ma_25 +1
all_features,ridge,drop_mse,cluster,year,2023,25,0.3196,C50: adj_sumabsret_ewstock_ma_1 +3,C46: har_ma_25 +1
all_features,ridge,drop_mse,cluster,year,2024,8,0.1936,C50: adj_sumabsret_ewstock_ma_1 +3,C46: har_ma_25 +1
all_features,ridge,drop_mse,cluster,vix_tercile,high,81,0.8277,C46: har_ma_25 +1,C46: har_ma_25 +1
all_features,ridge,drop_mse,cluster,vix_tercile,low,28,0.3991,C50: adj_sumabsret_ewstock_ma_1 +3,C46: har_ma_25 +1
all_features,ridge,drop_mse,cluster,vix_tercile,mid,38,0.2294,C49: har_ma_1 +1,C46: har_ma_25 +1
all_features,ridge,shap,cluster,year,2018,13,0.8430,C49: har_ma_1 +1,C49: har_ma_1 +1
all_features,ridge,shap,cluster,year,2019,26,0.8742,C49: har_ma_1 +1,C49: har_ma_1 +1
all_features,ridge,shap,cluster,year,2020,25,0.9367,C49: har_ma_1 +1,C49: har_ma_1 +1
all_features,ridge,shap,cluster,year,2021,25,0.9449,C49: har_ma_1 +1,C49: har_ma_1 +1
all_features,ridge,shap,cluster,year,2022,25,0.9241,C49: har_ma_1 +1,C49: har_ma_1 +1
all_features,ridge,shap,cluster,year,2023,25,0.9189,C49: har_ma_1 +1,C49: har_ma_1 +1
all_features,ridge,shap,cluster,year,2024,8,0.7732,C61: adj_turnover_vwstock_ma_1 +5,C49: har_ma_1 +1
all_features,ridge,shap,cluster,vix_tercile,high,81,0.9831,C49: har_ma_1 +1,C49: har_ma_1 +1
all_features,ridge,shap,cluster,vix_tercile,low,28,0.9341,C49: har_ma_1 +1,C49: har_ma_1 +1
all_features,ridge,shap,cluster,vix_tercile,mid,38,0.9786,C49: har_ma_1 +1,C49: har_ma_1 +1
all_features,lasso,bsd,cluster,year,2018,13,0.4718,C49: har_ma_1 +1,C49: har_ma_1 +1
all_features,lasso,bsd,cluster,year,2019,26,0.4914,C49: har_ma_1 +1,C49: har_ma_1 +1
all_features,lasso,bsd,cluster,year,2020,25,0.5788,C49: har_ma_1 +1,C49: har_ma_1 +1
all_features,lasso,bsd,cluster,year,2021,25,0.9411,C49: har_ma_1 +1,C49: har_ma_1 +1
all_features,lasso,bsd,cluster,year,2022,25,0.9631,C17: adj_vix_ma_1 +9,C49: har_ma_1 +1
all_features,lasso,bsd,cluster,year,2023,25,0.9265,C49: har_ma_1 +1,C49: har_ma_1 +1
all_features,lasso,bsd,cluster,year,2024,8,0.4807,C49: har_ma_1 +1,C49: har_ma_1 +1
all_features,lasso,bsd,cluster,vix_tercile,high,81,0.9920,C49: har_ma_1 +1,C49: har_ma_1 +1
all_features,lasso,bsd,cluster,vix_tercile,low,28,0.8758,C49: har_ma_1 +1,C49: har_ma_1 +1
all_features,lasso,bsd,cluster,vix_tercile,mid,38,0.9873,C49: har_ma_1 +1,C49: har_ma_1 +1
all_features,lasso,perm_p1_qlike,cluster,year,2018,13,0.3286,C49: har_ma_1 +1,C49: har_ma_1 +1
all_features,lasso,perm_p1_qlike,cluster,year,2019,26,0.2129,C49: har_ma_1 +1,C49: har_ma_1 +1
all_features,lasso,perm_p1_qlike,cluster,year,2020,25,0.3327,C49: har_ma_1 +1,C49: har_ma_1 +1
all_features,lasso,perm_p1_qlike,cluster,year,2021,25,0.3961,C49: har_ma_1 +1,C49: har_ma_1 +1
all_features,lasso,perm_p1_qlike,cluster,year,2022,25,0.6018,C49: har_ma_1 +1,C49: har_ma_1 +1
all_features,lasso,perm_p1_qlike,cluster,year,2023,25,0.3306,C49: har_ma_1 +1,C49: har_ma_1 +1
all_features,lasso,perm_p1_qlike,cluster,year,2024,8,0.1189,C49: har_ma_1 +1,C49: har_ma_1 +1
all_features,lasso,perm_p1_qlike,cluster,vix_tercile,high,81,0.8164,C49: har_ma_1 +1,C49: har_ma_1 +1
all_features,lasso,perm_p1_qlike,cluster,vix_tercile,low,28,0.1325,C49: har_ma_1 +1,C49: har_ma_1 +1
all_features,lasso,perm_p1_qlike,cluster,vix_tercile,mid,38,0.4711,C49: har_ma_1 +1,C49: har_ma_1 +1
all_features,lasso,perm_p2_qlike,cluster,year,2018,13,0.2253,C49: har_ma_1 +1,C42: adj_effspread_vwstock_ma_1 +1
all_features,lasso,perm_p2_qlike,cluster,year,2019,26,0.1661,C49: har_ma_1 +1,C42: adj_effspread_vwstock_ma_1 +1
all_features,lasso,perm_p2_qlike,cluster,year,2020,25,0.0398,C49: har_ma_1 +1,C42: adj_effspread_vwstock_ma_1 +1
all_features,lasso,perm_p2_qlike,cluster,year,2021,25,0.6408,C42: adj_effspread_vwstock_ma_1 +1,C42: adj_effspread_vwstock_ma_1 +1
all_features,lasso,perm_p2_qlike,cluster,year,2022,25,0.7104,C49: har_ma_1 +1,C42: adj_effspread_vwstock_ma_1 +1
all_features,lasso,perm_p2_qlike,cluster,year,2023,25,0.4791,C49: har_ma_1 +1,C42: adj_effspread_vwstock_ma_1 +1
all_features,lasso,perm_p2_qlike,cluster,year,2024,8,0.3062,C49: har_ma_1 +1,C42: adj_effspread_vwstock_ma_1 +1
all_features,lasso,perm_p2_qlike,cluster,vix_tercile,high,81,0.7994,C42: adj_effspread_vwstock_ma_1 +1,C42: adj_effspread_vwstock_ma_1 +1
all_features,lasso,perm_p2_qlike,cluster,vix_tercile,low,28,0.2960,C49: har_ma_1 +1,C42: adj_effspread_vwstock_ma_1 +1
all_features,lasso,perm_p2_qlike,cluster,vix_tercile,mid,38,0.4995,C49: har_ma_1 +1,C42: adj_effspread_vwstock_ma_1 +1
all_features,lasso,perm_p1_mse,cluster,year,2018,13,0.2155,C49: har_ma_1 +1,C49: har_ma_1 +1
all_features,lasso,perm_p1_mse,cluster,year,2019,26,0.1873,C49: har_ma_1 +1,C49: har_ma_1 +1
all_features,lasso,perm_p1_mse,cluster,year,2020,25,0.3891,C49: har_ma_1 +1,C49: har_ma_1 +1
all_features,lasso,perm_p1_mse,cluster,year,2021,25,0.4633,C49: har_ma_1 +1,C49: har_ma_1 +1
all_features,lasso,perm_p1_mse,cluster,year,2022,25,0.5853,C49: har_ma_1 +1,C49: har_ma_1 +1
all_features,lasso,perm_p1_mse,cluster,year,2023,25,0.3056,C49: har_ma_1 +1,C49: har_ma_1 +1
all_features,lasso,perm_p1_mse,cluster,year,2024,8,0.2205,C49: har_ma_1 +1,C49: har_ma_1 +1
all_features,lasso,perm_p1_mse,cluster,vix_tercile,high,81,0.7470,C49: har_ma_1 +1,C49: har_ma_1 +1
all_features,lasso,perm_p1_mse,cluster,vix_tercile,low,28,0.1973,C49: har_ma_1 +1,C49: har_ma_1 +1
all_features,lasso,perm_p1_mse,cluster,vix_tercile,mid,38,0.3670,C49: har_ma_1 +1,C49: har_ma_1 +1
all_features,lasso,perm_p2_mse,cluster,year,2018,13,0.3353,C49: har_ma_1 +1,C49: har_ma_1 +1
all_features,lasso,perm_p2_mse,cluster,year,2019,26,0.2108,C49: har_ma_1 +1,C49: har_ma_1 +1
all_features,lasso,perm_p2_mse,cluster,year,2020,25,0.3197,C49: har_ma_1 +1,C49: har_ma_1 +1
all_features,lasso,perm_p2_mse,cluster,year,2021,25,0.5345,C49: har_ma_1 +1,C49: har_ma_1 +1
all_features,lasso,perm_p2_mse,cluster,year,2022,25,0.6471,C49: har_ma_1 +1,C49: har_ma_1 +1
all_features,lasso,perm_p2_mse,cluster,year,2023,25,0.3390,C49: har_ma_1 +1,C49: har_ma_1 +1
all_features,lasso,perm_p2_mse,cluster,year,2024,8,0.2435,C49: har_ma_1 +1,C49: har_ma_1 +1
all_features,lasso,perm_p2_mse,cluster,vix_tercile,high,81,0.7856,C49: har_ma_1 +1,C49: har_ma_1 +1
all_features,lasso,perm_p2_mse,cluster,vix_tercile,low,28,0.1752,C49: har_ma_1 +1,C49: har_ma_1 +1
all_features,lasso,perm_p2_mse,cluster,vix_tercile,mid,38,0.4165,C49: har_ma_1 +1,C49: har_ma_1 +1
all_features,lasso,drop_qlike,cluster,year,2018,13,0.2402,C50: adj_sumabsret_ewstock_ma_1 +3,C49: har_ma_1 +1
all_features,lasso,drop_qlike,cluster,year,2019,26,0.1625,adj_sumret_ma_5,C49: har_ma_1 +1
all_features,lasso,drop_qlike,cluster,year,2020,25,-0.0152,C49: har_ma_1 +1,C49: har_ma_1 +1
all_features,lasso,drop_qlike,cluster,year,2021,25,0.3050,C49: har_ma_1 +1,C49: har_ma_1 +1
all_features,lasso,drop_qlike,cluster,year,2022,25,0.6180,C49: har_ma_1 +1,C49: har_ma_1 +1
all_features,lasso,drop_qlike,cluster,year,2023,25,0.3774,C49: har_ma_1 +1,C49: har_ma_1 +1
all_features,lasso,drop_qlike,cluster,year,2024,8,0.2378,C50: adj_sumabsret_ewstock_ma_1 +3,C49: har_ma_1 +1
all_features,lasso,drop_qlike,cluster,vix_tercile,high,81,0.6929,C49: har_ma_1 +1,C49: har_ma_1 +1
all_features,lasso,drop_qlike,cluster,vix_tercile,low,28,0.1952,C49: har_ma_1 +1,C49: har_ma_1 +1
all_features,lasso,drop_qlike,cluster,vix_tercile,mid,38,0.3392,C46: har_ma_25 +1,C49: har_ma_1 +1
all_features,lasso,drop_mse,cluster,year,2018,13,0.2715,adj_sumret_ma_5,C49: har_ma_1 +1
all_features,lasso,drop_mse,cluster,year,2019,26,0.1411,C46: har_ma_25 +1,C49: har_ma_1 +1
all_features,lasso,drop_mse,cluster,year,2020,25,0.1013,C49: har_ma_1 +1,C49: har_ma_1 +1
all_features,lasso,drop_mse,cluster,year,2021,25,0.3308,C49: har_ma_1 +1,C49: har_ma_1 +1
all_features,lasso,drop_mse,cluster,year,2022,25,0.4815,C49: har_ma_1 +1,C49: har_ma_1 +1
all_features,lasso,drop_mse,cluster,year,2023,25,0.6327,C50: adj_sumabsret_ewstock_ma_1 +3,C49: har_ma_1 +1
all_features,lasso,drop_mse,cluster,year,2024,8,0.2793,C50: adj_sumabsret_ewstock_ma_1 +3,C49: har_ma_1 +1
all_features,lasso,drop_mse,cluster,vix_tercile,high,81,0.6370,C49: har_ma_1 +1,C49: har_ma_1 +1
all_features,lasso,drop_mse,cluster,vix_tercile,low,28,0.2223,C50: adj_sumabsret_ewstock_ma_1 +3,C49: har_ma_1 +1
all_features,lasso,drop_mse,cluster,vix_tercile,mid,38,0.4820,C49: har_ma_1 +1,C49: har_ma_1 +1
all_features,lasso,shap,cluster,year,2018,13,0.4547,C49: har_ma_1 +1,C49: har_ma_1 +1
all_features,lasso,shap,cluster,year,2019,26,0.4623,C49: har_ma_1 +1,C49: har_ma_1 +1
all_features,lasso,shap,cluster,year,2020,25,0.5691,C49: har_ma_1 +1,C49: har_ma_1 +1
all_features,lasso,shap,cluster,year,2021,25,0.9284,C49: har_ma_1 +1,C49: har_ma_1 +1
all_features,lasso,shap,cluster,year,2022,25,0.9585,C49: har_ma_1 +1,C49: har_ma_1 +1
all_features,lasso,shap,cluster,year,2023,25,0.9265,C49: har_ma_1 +1,C49: har_ma_1 +1
all_features,lasso,shap,cluster,year,2024,8,0.4652,C49: har_ma_1 +1,C49: har_ma_1 +1
all_features,lasso,shap,cluster,vix_tercile,high,81,0.9901,C49: har_ma_1 +1,C49: har_ma_1 +1
all_features,lasso,shap,cluster,vix_tercile,low,28,0.8679,C49: har_ma_1 +1,C49: har_ma_1 +1
all_features,lasso,shap,cluster,vix_tercile,mid,38,0.9832,C49: har_ma_1 +1,C49: har_ma_1 +1
all_features,lgbm,mdi,cluster,year,2018,13,0.9676,C49: har_ma_1 +1,C49: har_ma_1 +1
all_features,lgbm,mdi,cluster,year,2019,26,0.9821,C49: har_ma_1 +1,C49: har_ma_1 +1
all_features,lgbm,mdi,cluster,year,2020,25,0.9865,C49: har_ma_1 +1,C49: har_ma_1 +1
all_features,lgbm,mdi,cluster,year,2021,25,0.9886,C49: har_ma_1 +1,C49: har_ma_1 +1
all_features,lgbm,mdi,cluster,year,2022,25,0.9844,C49: har_ma_1 +1,C49: har_ma_1 +1
all_features,lgbm,mdi,cluster,year,2023,25,0.9707,C49: har_ma_1 +1,C49: har_ma_1 +1
all_features,lgbm,mdi,cluster,year,2024,8,0.9560,C49: har_ma_1 +1,C49: har_ma_1 +1
all_features,lgbm,mdi,cluster,vix_tercile,high,81,0.9978,C49: har_ma_1 +1,C49: har_ma_1 +1
all_features,lgbm,mdi,cluster,vix_tercile,low,28,0.9939,C49: har_ma_1 +1,C49: har_ma_1 +1
all_features,lgbm,mdi,cluster,vix_tercile,mid,38,0.9974,C49: har_ma_1 +1,C49: har_ma_1 +1
all_features,lgbm,split,cluster,year,2018,13,0.9678,C49: har_ma_1 +1,C49: har_ma_1 +1
all_features,lgbm,split,cluster,year,2019,26,0.9819,C49: har_ma_1 +1,C49: har_ma_1 +1
all_features,lgbm,split,cluster,year,2020,25,0.9871,C49: har_ma_1 +1,C49: har_ma_1 +1
all_features,lgbm,split,cluster,year,2021,25,0.9910,C49: har_ma_1 +1,C49: har_ma_1 +1
all_features,lgbm,split,cluster,year,2022,25,0.9832,C49: har_ma_1 +1,C49: har_ma_1 +1
all_features,lgbm,split,cluster,year,2023,25,0.9716,C49: har_ma_1 +1,C49: har_ma_1 +1
all_features,lgbm,split,cluster,year,2024,8,0.9594,C49: har_ma_1 +1,C49: har_ma_1 +1
all_features,lgbm,split,cluster,vix_tercile,high,81,0.9984,C49: har_ma_1 +1,C49: har_ma_1 +1
all_features,lgbm,split,cluster,vix_tercile,low,28,0.9953,C49: har_ma_1 +1,C49: har_ma_1 +1
all_features,lgbm,split,cluster,vix_tercile,mid,38,0.9978,C49: har_ma_1 +1,C49: har_ma_1 +1
all_features,lgbm,perm_p1_qlike,cluster,year,2018,13,0.3564,C49: har_ma_1 +1,C49: har_ma_1 +1
all_features,lgbm,perm_p1_qlike,cluster,year,2019,26,0.5321,C49: har_ma_1 +1,C49: har_ma_1 +1
all_features,lgbm,perm_p1_qlike,cluster,year,2020,25,0.5726,C49: har_ma_1 +1,C49: har_ma_1 +1
all_features,lgbm,perm_p1_qlike,cluster,year,2021,25,0.2945,C49: har_ma_1 +1,C49: har_ma_1 +1
all_features,lgbm,perm_p1_qlike,cluster,year,2022,25,0.3635,C49: har_ma_1 +1,C49: har_ma_1 +1
all_features,lgbm,perm_p1_qlike,cluster,year,2023,25,0.3372,C49: har_ma_1 +1,C49: har_ma_1 +1
all_features,lgbm,perm_p1_qlike,cluster,year,2024,8,0.1723,C49: har_ma_1 +1,C49: har_ma_1 +1
all_features,lgbm,perm_p1_qlike,cluster,vix_tercile,high,81,0.7193,C49: har_ma_1 +1,C49: har_ma_1 +1
all_features,lgbm,perm_p1_qlike,cluster,vix_tercile,low,28,0.4190,C49: har_ma_1 +1,C49: har_ma_1 +1
all_features,lgbm,perm_p1_qlike,cluster,vix_tercile,mid,38,0.4410,C49: har_ma_1 +1,C49: har_ma_1 +1
all_features,lgbm,perm_p2_qlike,cluster,year,2018,13,0.3607,C49: har_ma_1 +1,C49: har_ma_1 +1
all_features,lgbm,perm_p2_qlike,cluster,year,2019,26,0.5404,C49: har_ma_1 +1,C49: har_ma_1 +1
all_features,lgbm,perm_p2_qlike,cluster,year,2020,25,0.5462,C49: har_ma_1 +1,C49: har_ma_1 +1
all_features,lgbm,perm_p2_qlike,cluster,year,2021,25,0.4564,C49: har_ma_1 +1,C49: har_ma_1 +1
all_features,lgbm,perm_p2_qlike,cluster,year,2022,25,0.4059,C49: har_ma_1 +1,C49: har_ma_1 +1
all_features,lgbm,perm_p2_qlike,cluster,year,2023,25,0.3277,C49: har_ma_1 +1,C49: har_ma_1 +1
all_features,lgbm,perm_p2_qlike,cluster,year,2024,8,0.2150,C49: har_ma_1 +1,C49: har_ma_1 +1
all_features,lgbm,perm_p2_qlike,cluster,vix_tercile,high,81,0.7812,C49: har_ma_1 +1,C49: har_ma_1 +1
all_features,lgbm,perm_p2_qlike,cluster,vix_tercile,low,28,0.2934,C49: har_ma_1 +1,C49: har_ma_1 +1
all_features,lgbm,perm_p2_qlike,cluster,vix_tercile,mid,38,0.5318,C49: har_ma_1 +1,C49: har_ma_1 +1
all_features,lgbm,perm_p1_mse,cluster,year,2018,13,0.3008,C49: har_ma_1 +1,C49: har_ma_1 +1
all_features,lgbm,perm_p1_mse,cluster,year,2019,26,0.3065,C49: har_ma_1 +1,C49: har_ma_1 +1
all_features,lgbm,perm_p1_mse,cluster,year,2020,25,0.6271,C49: har_ma_1 +1,C49: har_ma_1 +1
all_features,lgbm,perm_p1_mse,cluster,year,2021,25,0.4027,C49: har_ma_1 +1,C49: har_ma_1 +1
all_features,lgbm,perm_p1_mse,cluster,year,2022,25,0.3665,C49: har_ma_1 +1,C49: har_ma_1 +1
all_features,lgbm,perm_p1_mse,cluster,year,2023,25,0.2762,C49: har_ma_1 +1,C49: har_ma_1 +1
all_features,lgbm,perm_p1_mse,cluster,year,2024,8,0.2812,C49: har_ma_1 +1,C49: har_ma_1 +1
all_features,lgbm,perm_p1_mse,cluster,vix_tercile,high,81,0.7801,C49: har_ma_1 +1,C49: har_ma_1 +1
all_features,lgbm,perm_p1_mse,cluster,vix_tercile,low,28,0.2557,C49: har_ma_1 +1,C49: har_ma_1 +1
all_features,lgbm,perm_p1_mse,cluster,vix_tercile,mid,38,0.4953,C49: har_ma_1 +1,C49: har_ma_1 +1
all_features,lgbm,perm_p2_mse,cluster,year,2018,13,0.2497,C49: har_ma_1 +1,C49: har_ma_1 +1
all_features,lgbm,perm_p2_mse,cluster,year,2019,26,0.3107,C49: har_ma_1 +1,C49: har_ma_1 +1
all_features,lgbm,perm_p2_mse,cluster,year,2020,25,0.5258,C49: har_ma_1 +1,C49: har_ma_1 +1
all_features,lgbm,perm_p2_mse,cluster,year,2021,25,0.3285,C49: har_ma_1 +1,C49: har_ma_1 +1
all_features,lgbm,perm_p2_mse,cluster,year,2022,25,0.4446,C49: har_ma_1 +1,C49: har_ma_1 +1
all_features,lgbm,perm_p2_mse,cluster,year,2023,25,0.4584,C49: har_ma_1 +1,C49: har_ma_1 +1
all_features,lgbm,perm_p2_mse,cluster,year,2024,8,0.2718,C49: har_ma_1 +1,C49: har_ma_1 +1
all_features,lgbm,perm_p2_mse,cluster,vix_tercile,high,81,0.8265,C49: har_ma_1 +1,C49: har_ma_1 +1
all_features,lgbm,perm_p2_mse,cluster,vix_tercile,low,28,0.3276,C49: har_ma_1 +1,C49: har_ma_1 +1
all_features,lgbm,perm_p2_mse,cluster,vix_tercile,mid,38,0.4625,C49: har_ma_1 +1,C49: har_ma_1 +1
all_features,lgbm,shap,cluster,year,2018,13,0.9146,C49: har_ma_1 +1,C49: har_ma_1 +1
all_features,lgbm,shap,cluster,year,2019,26,0.9392,C49: har_ma_1 +1,C49: har_ma_1 +1
all_features,lgbm,shap,cluster,year,2020,25,0.9478,C49: har_ma_1 +1,C49: har_ma_1 +1
all_features,lgbm,shap,cluster,year,2021,25,0.9528,C49: har_ma_1 +1,C49: har_ma_1 +1
all_features,lgbm,shap,cluster,year,2022,25,0.9591,C49: har_ma_1 +1,C49: har_ma_1 +1
all_features,lgbm,shap,cluster,year,2023,25,0.9207,C49: har_ma_1 +1,C49: har_ma_1 +1
all_features,lgbm,shap,cluster,year,2024,8,0.8103,C49: har_ma_1 +1,C49: har_ma_1 +1
all_features,lgbm,shap,cluster,vix_tercile,high,81,0.9915,C49: har_ma_1 +1,C49: har_ma_1 +1
all_features,lgbm,shap,cluster,vix_tercile,low,28,0.9557,C49: har_ma_1 +1,C49: har_ma_1 +1
all_features,lgbm,shap,cluster,vix_tercile,mid,38,0.9865,C49: har_ma_1 +1,C49: har_ma_1 +1
all_features,xgb,mdi,cluster,year,2018,13,0.9375,C49: har_ma_1 +1,C49: har_ma_1 +1
all_features,xgb,mdi,cluster,year,2019,26,0.9676,C49: har_ma_1 +1,C49: har_ma_1 +1
all_features,xgb,mdi,cluster,year,2020,25,0.9838,C49: har_ma_1 +1,C49: har_ma_1 +1
all_features,xgb,mdi,cluster,year,2021,25,0.9756,C49: har_ma_1 +1,C49: har_ma_1 +1
all_features,xgb,mdi,cluster,year,2022,25,0.9742,C49: har_ma_1 +1,C49: har_ma_1 +1
all_features,xgb,mdi,cluster,year,2023,25,0.9583,C49: har_ma_1 +1,C49: har_ma_1 +1
all_features,xgb,mdi,cluster,year,2024,8,0.9293,C49: har_ma_1 +1,C49: har_ma_1 +1
all_features,xgb,mdi,cluster,vix_tercile,high,81,0.9967,C49: har_ma_1 +1,C49: har_ma_1 +1
all_features,xgb,mdi,cluster,vix_tercile,low,28,0.9857,C49: har_ma_1 +1,C49: har_ma_1 +1
all_features,xgb,mdi,cluster,vix_tercile,mid,38,0.9962,C49: har_ma_1 +1,C49: har_ma_1 +1
all_features,xgb,split,cluster,year,2018,13,0.9433,C49: har_ma_1 +1,C49: har_ma_1 +1
all_features,xgb,split,cluster,year,2019,26,0.9630,C49: har_ma_1 +1,C49: har_ma_1 +1
all_features,xgb,split,cluster,year,2020,25,0.9823,C49: har_ma_1 +1,C49: har_ma_1 +1
all_features,xgb,split,cluster,year,2021,25,0.9807,C49: har_ma_1 +1,C49: har_ma_1 +1
all_features,xgb,split,cluster,year,2022,25,0.9762,C49: har_ma_1 +1,C49: har_ma_1 +1
all_features,xgb,split,cluster,year,2023,25,0.9623,C49: har_ma_1 +1,C49: har_ma_1 +1
all_features,xgb,split,cluster,year,2024,8,0.9439,C49: har_ma_1 +1,C49: har_ma_1 +1
all_features,xgb,split,cluster,vix_tercile,high,81,0.9968,C49: har_ma_1 +1,C49: har_ma_1 +1
all_features,xgb,split,cluster,vix_tercile,low,28,0.9902,C49: har_ma_1 +1,C49: har_ma_1 +1
all_features,xgb,split,cluster,vix_tercile,mid,38,0.9968,C49: har_ma_1 +1,C49: har_ma_1 +1
all_features,xgb,perm_p1_qlike,cluster,year,2018,13,0.4341,C49: har_ma_1 +1,C49: har_ma_1 +1
all_features,xgb,perm_p1_qlike,cluster,year,2019,26,0.2946,C49: har_ma_1 +1,C49: har_ma_1 +1
all_features,xgb,perm_p1_qlike,cluster,year,2020,25,0.6164,C49: har_ma_1 +1,C49: har_ma_1 +1
all_features,xgb,perm_p1_qlike,cluster,year,2021,25,0.3455,C49: har_ma_1 +1,C49: har_ma_1 +1
all_features,xgb,perm_p1_qlike,cluster,year,2022,25,0.4038,C49: har_ma_1 +1,C49: har_ma_1 +1
all_features,xgb,perm_p1_qlike,cluster,year,2023,25,0.2734,C49: har_ma_1 +1,C49: har_ma_1 +1
all_features,xgb,perm_p1_qlike,cluster,year,2024,8,0.1477,C49: har_ma_1 +1,C49: har_ma_1 +1
all_features,xgb,perm_p1_qlike,cluster,vix_tercile,high,81,0.7214,C49: har_ma_1 +1,C49: har_ma_1 +1
all_features,xgb,perm_p1_qlike,cluster,vix_tercile,low,28,0.4411,C49: har_ma_1 +1,C49: har_ma_1 +1
all_features,xgb,perm_p1_qlike,cluster,vix_tercile,mid,38,0.4269,C49: har_ma_1 +1,C49: har_ma_1 +1
all_features,xgb,perm_p2_qlike,cluster,year,2018,13,0.5346,C49: har_ma_1 +1,C49: har_ma_1 +1
all_features,xgb,perm_p2_qlike,cluster,year,2019,26,0.5581,C49: har_ma_1 +1,C49: har_ma_1 +1
all_features,xgb,perm_p2_qlike,cluster,year,2020,25,0.5118,C49: har_ma_1 +1,C49: har_ma_1 +1
all_features,xgb,perm_p2_qlike,cluster,year,2021,25,0.3640,C49: har_ma_1 +1,C49: har_ma_1 +1
all_features,xgb,perm_p2_qlike,cluster,year,2022,25,0.3267,C49: har_ma_1 +1,C49: har_ma_1 +1
all_features,xgb,perm_p2_qlike,cluster,year,2023,25,0.3518,C49: har_ma_1 +1,C49: har_ma_1 +1
all_features,xgb,perm_p2_qlike,cluster,year,2024,8,-0.0195,C49: har_ma_1 +1,C49: har_ma_1 +1
all_features,xgb,perm_p2_qlike,cluster,vix_tercile,high,81,0.8118,C49: har_ma_1 +1,C49: har_ma_1 +1
all_features,xgb,perm_p2_qlike,cluster,vix_tercile,low,28,0.3925,C49: har_ma_1 +1,C49: har_ma_1 +1
all_features,xgb,perm_p2_qlike,cluster,vix_tercile,mid,38,0.3911,C49: har_ma_1 +1,C49: har_ma_1 +1
all_features,xgb,perm_p1_mse,cluster,year,2018,13,0.3429,C49: har_ma_1 +1,C49: har_ma_1 +1
all_features,xgb,perm_p1_mse,cluster,year,2019,26,0.4935,C49: har_ma_1 +1,C49: har_ma_1 +1
all_features,xgb,perm_p1_mse,cluster,year,2020,25,0.6659,C49: har_ma_1 +1,C49: har_ma_1 +1
all_features,xgb,perm_p1_mse,cluster,year,2021,25,0.3420,C49: har_ma_1 +1,C49: har_ma_1 +1
all_features,xgb,perm_p1_mse,cluster,year,2022,25,0.4343,C49: har_ma_1 +1,C49: har_ma_1 +1
all_features,xgb,perm_p1_mse,cluster,year,2023,25,0.1426,C49: har_ma_1 +1,C49: har_ma_1 +1
all_features,xgb,perm_p1_mse,cluster,year,2024,8,0.2324,C49: har_ma_1 +1,C49: har_ma_1 +1
all_features,xgb,perm_p1_mse,cluster,vix_tercile,high,81,0.8339,C49: har_ma_1 +1,C49: har_ma_1 +1
all_features,xgb,perm_p1_mse,cluster,vix_tercile,low,28,0.3426,C49: har_ma_1 +1,C49: har_ma_1 +1
all_features,xgb,perm_p1_mse,cluster,vix_tercile,mid,38,0.4048,C49: har_ma_1 +1,C49: har_ma_1 +1
all_features,xgb,perm_p2_mse,cluster,year,2018,13,0.2743,C49: har_ma_1 +1,C49: har_ma_1 +1
all_features,xgb,perm_p2_mse,cluster,year,2019,26,0.3822,C49: har_ma_1 +1,C49: har_ma_1 +1
all_features,xgb,perm_p2_mse,cluster,year,2020,25,0.6033,C49: har_ma_1 +1,C49: har_ma_1 +1
all_features,xgb,perm_p2_mse,cluster,year,2021,25,0.1985,C49: har_ma_1 +1,C49: har_ma_1 +1
all_features,xgb,perm_p2_mse,cluster,year,2022,25,0.4489,C49: har_ma_1 +1,C49: har_ma_1 +1
all_features,xgb,perm_p2_mse,cluster,year,2023,25,0.0903,C49: har_ma_1 +1,C49: har_ma_1 +1
all_features,xgb,perm_p2_mse,cluster,year,2024,8,0.0715,C49: har_ma_1 +1,C49: har_ma_1 +1
all_features,xgb,perm_p2_mse,cluster,vix_tercile,high,81,0.8658,C49: har_ma_1 +1,C49: har_ma_1 +1
all_features,xgb,perm_p2_mse,cluster,vix_tercile,low,28,0.2629,C49: har_ma_1 +1,C49: har_ma_1 +1
all_features,xgb,perm_p2_mse,cluster,vix_tercile,mid,38,0.4665,C49: har_ma_1 +1,C49: har_ma_1 +1
all_features,xgb,shap,cluster,year,2018,13,0.8947,C49: har_ma_1 +1,C49: har_ma_1 +1
all_features,xgb,shap,cluster,year,2019,26,0.9342,C49: har_ma_1 +1,C49: har_ma_1 +1
all_features,xgb,shap,cluster,year,2020,25,0.9587,C49: har_ma_1 +1,C49: har_ma_1 +1
all_features,xgb,shap,cluster,year,2021,25,0.9518,C49: har_ma_1 +1,C49: har_ma_1 +1
all_features,xgb,shap,cluster,year,2022,25,0.9621,C49: har_ma_1 +1,C49: har_ma_1 +1
all_features,xgb,shap,cluster,year,2023,25,0.9389,C49: har_ma_1 +1,C49: har_ma_1 +1
all_features,xgb,shap,cluster,year,2024,8,0.8487,C49: har_ma_1 +1,C49: har_ma_1 +1
all_features,xgb,shap,cluster,vix_tercile,high,81,0.9935,C49: har_ma_1 +1,C49: har_ma_1 +1
all_features,xgb,shap,cluster,vix_tercile,low,28,0.9769,C49: har_ma_1 +1,C49: har_ma_1 +1
all_features,xgb,shap,cluster,vix_tercile,mid,38,0.9887,C49: har_ma_1 +1,C49: har_ma_1 +1
all_features,rf,mdi,cluster,year,2018,13,0.9670,C49: har_ma_1 +1,C49: har_ma_1 +1
all_features,rf,mdi,cluster,year,2019,26,0.9806,C49: har_ma_1 +1,C49: har_ma_1 +1
all_features,rf,mdi,cluster,year,2020,25,0.9914,C49: har_ma_1 +1,C49: har_ma_1 +1
all_features,rf,mdi,cluster,year,2021,25,0.9909,C49: har_ma_1 +1,C49: har_ma_1 +1
all_features,rf,mdi,cluster,year,2022,25,0.9856,C49: har_ma_1 +1,C49: har_ma_1 +1
all_features,rf,mdi,cluster,year,2023,25,0.9779,C49: har_ma_1 +1,C49: har_ma_1 +1
all_features,rf,mdi,cluster,year,2024,8,0.9664,C49: har_ma_1 +1,C49: har_ma_1 +1
all_features,rf,mdi,cluster,vix_tercile,high,81,0.9990,C49: har_ma_1 +1,C49: har_ma_1 +1
all_features,rf,mdi,cluster,vix_tercile,low,28,0.9957,C49: har_ma_1 +1,C49: har_ma_1 +1
all_features,rf,mdi,cluster,vix_tercile,mid,38,0.9983,C49: har_ma_1 +1,C49: har_ma_1 +1
all_features,rf,split,cluster,year,2018,13,0.9769,C51: adj_sumabsret_ma_1 +7,C51: adj_sumabsret_ma_1 +7
all_features,rf,split,cluster,year,2019,26,0.9845,C51: adj_sumabsret_ma_1 +7,C51: adj_sumabsret_ma_1 +7
all_features,rf,split,cluster,year,2020,25,0.9938,C51: adj_sumabsret_ma_1 +7,C51: adj_sumabsret_ma_1 +7
all_features,rf,split,cluster,year,2021,25,0.9932,C51: adj_sumabsret_ma_1 +7,C51: adj_sumabsret_ma_1 +7
all_features,rf,split,cluster,year,2022,25,0.9906,C51: adj_sumabsret_ma_1 +7,C51: adj_sumabsret_ma_1 +7
all_features,rf,split,cluster,year,2023,25,0.9873,C66: voldemand_spx_open_and_close_active_ma_25 +15,C51: adj_sumabsret_ma_1 +7
all_features,rf,split,cluster,year,2024,8,0.9855,C66: voldemand_spx_open_and_close_active_ma_25 +15,C51: adj_sumabsret_ma_1 +7
all_features,rf,split,cluster,vix_tercile,high,81,0.9996,C51: adj_sumabsret_ma_1 +7,C51: adj_sumabsret_ma_1 +7
all_features,rf,split,cluster,vix_tercile,low,28,0.9986,C51: adj_sumabsret_ma_1 +7,C51: adj_sumabsret_ma_1 +7
all_features,rf,split,cluster,vix_tercile,mid,38,0.9995,C51: adj_sumabsret_ma_1 +7,C51: adj_sumabsret_ma_1 +7
all_features,rf,perm_p1_qlike,cluster,year,2018,13,0.5184,C49: har_ma_1 +1,C49: har_ma_1 +1
all_features,rf,perm_p1_qlike,cluster,year,2019,26,0.4585,C49: har_ma_1 +1,C49: har_ma_1 +1
all_features,rf,perm_p1_qlike,cluster,year,2020,25,0.5040,C49: har_ma_1 +1,C49: har_ma_1 +1
all_features,rf,perm_p1_qlike,cluster,year,2021,25,0.4538,C49: har_ma_1 +1,C49: har_ma_1 +1
all_features,rf,perm_p1_qlike,cluster,year,2022,25,0.3992,C49: har_ma_1 +1,C49: har_ma_1 +1
all_features,rf,perm_p1_qlike,cluster,year,2023,25,0.1990,C49: har_ma_1 +1,C49: har_ma_1 +1
all_features,rf,perm_p1_qlike,cluster,year,2024,8,0.1993,C49: har_ma_1 +1,C49: har_ma_1 +1
all_features,rf,perm_p1_qlike,cluster,vix_tercile,high,81,0.7402,C49: har_ma_1 +1,C49: har_ma_1 +1
all_features,rf,perm_p1_qlike,cluster,vix_tercile,low,28,0.5534,C49: har_ma_1 +1,C49: har_ma_1 +1
all_features,rf,perm_p1_qlike,cluster,vix_tercile,mid,38,0.3683,C49: har_ma_1 +1,C49: har_ma_1 +1
all_features,rf,perm_p2_qlike,cluster,year,2018,13,0.5292,C49: har_ma_1 +1,C49: har_ma_1 +1
all_features,rf,perm_p2_qlike,cluster,year,2019,26,0.4551,C49: har_ma_1 +1,C49: har_ma_1 +1
all_features,rf,perm_p2_qlike,cluster,year,2020,25,0.4922,C49: har_ma_1 +1,C49: har_ma_1 +1
all_features,rf,perm_p2_qlike,cluster,year,2021,25,0.3577,C49: har_ma_1 +1,C49: har_ma_1 +1
all_features,rf,perm_p2_qlike,cluster,year,2022,25,0.3957,C49: har_ma_1 +1,C49: har_ma_1 +1
all_features,rf,perm_p2_qlike,cluster,year,2023,25,0.3478,C49: har_ma_1 +1,C49: har_ma_1 +1
all_features,rf,perm_p2_qlike,cluster,year,2024,8,0.2829,C49: har_ma_1 +1,C49: har_ma_1 +1
all_features,rf,perm_p2_qlike,cluster,vix_tercile,high,81,0.7421,C49: har_ma_1 +1,C49: har_ma_1 +1
all_features,rf,perm_p2_qlike,cluster,vix_tercile,low,28,0.3799,C49: har_ma_1 +1,C49: har_ma_1 +1
all_features,rf,perm_p2_qlike,cluster,vix_tercile,mid,38,0.5469,C49: har_ma_1 +1,C49: har_ma_1 +1
all_features,rf,perm_p1_mse,cluster,year,2018,13,0.6062,C49: har_ma_1 +1,C49: har_ma_1 +1
all_features,rf,perm_p1_mse,cluster,year,2019,26,0.3624,C49: har_ma_1 +1,C49: har_ma_1 +1
all_features,rf,perm_p1_mse,cluster,year,2020,25,0.4625,C49: har_ma_1 +1,C49: har_ma_1 +1
all_features,rf,perm_p1_mse,cluster,year,2021,25,0.3409,C49: har_ma_1 +1,C49: har_ma_1 +1
all_features,rf,perm_p1_mse,cluster,year,2022,25,0.2345,C49: har_ma_1 +1,C49: har_ma_1 +1
all_features,rf,perm_p1_mse,cluster,year,2023,25,0.3165,C49: har_ma_1 +1,C49: har_ma_1 +1
all_features,rf,perm_p1_mse,cluster,year,2024,8,0.1565,C49: har_ma_1 +1,C49: har_ma_1 +1
all_features,rf,perm_p1_mse,cluster,vix_tercile,high,81,0.7795,C49: har_ma_1 +1,C49: har_ma_1 +1
all_features,rf,perm_p1_mse,cluster,vix_tercile,low,28,0.5858,C49: har_ma_1 +1,C49: har_ma_1 +1
all_features,rf,perm_p1_mse,cluster,vix_tercile,mid,38,0.2003,C49: har_ma_1 +1,C49: har_ma_1 +1
all_features,rf,perm_p2_mse,cluster,year,2018,13,0.5378,C49: har_ma_1 +1,C49: har_ma_1 +1
all_features,rf,perm_p2_mse,cluster,year,2019,26,0.2923,C49: har_ma_1 +1,C49: har_ma_1 +1
all_features,rf,perm_p2_mse,cluster,year,2020,25,0.5449,C49: har_ma_1 +1,C49: har_ma_1 +1
all_features,rf,perm_p2_mse,cluster,year,2021,25,0.2430,C49: har_ma_1 +1,C49: har_ma_1 +1
all_features,rf,perm_p2_mse,cluster,year,2022,25,0.3010,C49: har_ma_1 +1,C49: har_ma_1 +1
all_features,rf,perm_p2_mse,cluster,year,2023,25,0.2650,C49: har_ma_1 +1,C49: har_ma_1 +1
all_features,rf,perm_p2_mse,cluster,year,2024,8,0.1809,C49: har_ma_1 +1,C49: har_ma_1 +1
all_features,rf,perm_p2_mse,cluster,vix_tercile,high,81,0.8101,C49: har_ma_1 +1,C49: har_ma_1 +1
all_features,rf,perm_p2_mse,cluster,vix_tercile,low,28,0.2564,C49: har_ma_1 +1,C49: har_ma_1 +1
all_features,rf,perm_p2_mse,cluster,vix_tercile,mid,38,0.3541,C49: har_ma_1 +1,C49: har_ma_1 +1
all_features,rf,shap,cluster,year,2018,13,0.9226,C49: har_ma_1 +1,C49: har_ma_1 +1
all_features,rf,shap,cluster,year,2019,26,0.9445,C49: har_ma_1 +1,C49: har_ma_1 +1
all_features,rf,shap,cluster,year,2020,25,0.9501,C49: har_ma_1 +1,C49: har_ma_1 +1
all_features,rf,shap,cluster,year,2021,25,0.9521,C49: har_ma_1 +1,C49: har_ma_1 +1
all_features,rf,shap,cluster,year,2022,25,0.9416,C49: har_ma_1 +1,C49: har_ma_1 +1
all_features,rf,shap,cluster,year,2023,25,0.9376,C49: har_ma_1 +1,C49: har_ma_1 +1
all_features,rf,shap,cluster,year,2024,8,0.8382,C49: har_ma_1 +1,C49: har_ma_1 +1
all_features,rf,shap,cluster,vix_tercile,high,81,0.9901,C49: har_ma_1 +1,C49: har_ma_1 +1
all_features,rf,shap,cluster,vix_tercile,low,28,0.9632,C49: har_ma_1 +1,C49: har_ma_1 +1
all_features,rf,shap,cluster,vix_tercile,mid,38,0.9767,C49: har_ma_1 +1,C49: har_ma_1 +1
