bucket,model,measure,level,unit,label,n_columns,eligible,value,lo,hi,rank,top5_share,pct_of_loss,share_refits_positive,median_refit,max_refit_share,y2018,y2019,y2020,y2021,y2022,y2023,y2024,vix_low,vix_mid,vix_high
all_features,lgbm,perm_p2_qlike,column,har_ma_1,har_ma_1,1,True,0.0473647,0.0394436,0.055811,1,0.877551,37.9972,0.897959,0.0439893,0.027946,0.0677944,0.0442905,0.0603022,0.0535325,0.0400086,0.0382956,0.0153815,0.0312543,0.042923,0.0550119
all_features,lgbm,perm_p2_qlike,column,har_ma_5,har_ma_5,1,True,0.0409695,0.0338763,0.0483102,2,0.884354,32.8669,0.904762,0.0344438,0.0359654,0.0398652,0.0534208,0.0557956,0.0383624,0.0331867,0.0301122,0.0221274,0.0296251,0.0357537,0.0473314
all_features,lgbm,perm_p2_qlike,column,har_ma_25,har_ma_25,1,True,0.00771628,0.00462673,0.011034,3,0.585034,6.19022,0.721088,0.00561834,0.0840908,0.00520818,0.0106517,0.0128354,0.0109664,0.00375392,0.00426861,-0.000852749,0.000913167,0.00436612,0.0116355
all_features,lgbm,perm_p2_qlike,column,har_ma_125,har_ma_125,1,True,0.00420016,0.00189051,0.00684705,5,0.414966,3.36949,0.659864,0.00304838,0.157041,0.00109781,0.00824629,0.0037166,0.00722808,0.00162725,0.00286701,0.000298108,-0.000782676,0.00319317,0.00639379
all_features,lgbm,perm_p2_qlike,column,har_ma_625,har_ma_625,1,True,0.000108505,-7.83683e-05,0.000353344,44,0,0.0870459,0.489796,-5.12671e-07,0.664664,-0.000139659,0.000594032,0.000112068,-0.000136752,3.28108e-05,1.25106e-05,0.000227116,-1.29006e-05,0.000177834,0.000118033
all_features,lgbm,perm_p2_qlike,column,har_ma_3125,har_ma_3125,1,True,-2.24343e-05,-0.000271459,0.000207053,431,0.00680272,-0.0179974,0.496599,-1.27189e-05,,-0.000926994,0.000196159,0.000460758,0.000230562,-0.000594242,0.000120435,-0.000225647,0.00015005,0.000137239,-0.00015677
all_features,lgbm,perm_p2_qlike,column,adj_sumret_ma_1,adj_sumret_ma_1,1,True,0.000280787,-0.000621301,0.00119668,21,0.115646,0.225255,0.52381,0.000415376,0.472536,-0.000815622,3.55214e-05,0.00178944,0.00017583,0.000703622,-0.000176759,-0.00144002,-0.00185181,0.00013146,0.00108785
all_features,lgbm,perm_p2_qlike,column,adj_sumret_ma_5,adj_sumret_ma_5,1,True,0.00103121,-0.000523741,0.00251719,9,0.22449,0.827264,0.612245,0.000713081,0.294962,0.0036848,0.000605206,0.000239811,0.00139975,0.00261324,-0.000347885,-0.00123748,-0.000659196,0.00139327,0.00144614
all_features,lgbm,perm_p2_qlike,column,adj_sumret_ma_25,adj_sumret_ma_25,1,True,0.000182033,-0.000448157,0.000734118,30,0.108844,0.146032,0.517007,0.000100422,0.523738,-0.000686872,-0.00106445,0.000449126,0.000994658,0.000700671,0.000143577,0.000777813,-0.000395367,0.000915125,3.86128e-05
all_features,lgbm,perm_p2_qlike,column,adj_sumret_ma_125,adj_sumret_ma_125,1,True,7.01634e-06,-0.00144523,0.00100014,155,0.0272109,0.00562871,0.557823,0.000284994,14.8697,0.00289388,0.00173819,-0.00359785,0.000689127,-0.000165269,0.000136897,-0.00105763,0.00112594,-0.000152171,-0.000305287
all_features,lgbm,perm_p2_qlike,column,adj_sumret_ma_625,adj_sumret_ma_625,1,True,-6.56107e-05,-0.00018563,4.79461e-05,495,0,-0.0526347,0.496599,0,,-0.000164767,-0.000207266,-0.000149388,0.000155923,-1.50804e-05,5.58214e-05,-0.000416356,-8.80331e-05,-0.000185847,-1.60089e-06
all_features,lgbm,perm_p2_qlike,column,adj_sumret_ma_3125,adj_sumret_ma_3125,1,True,7.05993e-05,-3.62218e-06,0.000143849,64,0,0.0566368,0.517007,1.5481e-05,0.24979,-0.000159985,0.000141919,7.47758e-05,1.81008e-05,0.000186898,6.23456e-05,2.63246e-05,-5.52672e-05,5.50095e-05,0.000121403
all_features,lgbm,perm_p2_qlike,column,adj_sumabsret_ma_1,adj_sumabsret_ma_1,1,True,0.00102498,0.000264668,0.0016865,10,0.0884354,0.822267,0.646259,0.000839973,0.132312,0.00225874,-0.000845979,0.0014985,0.00127722,0.00136045,0.00160124,-2.9642e-05,0.000348932,0.000873839,0.00132939
all_features,lgbm,perm_p2_qlike,column,adj_sumabsret_ma_5,adj_sumabsret_ma_5,1,True,0.00148315,0.000684591,0.00240568,7,0.0680272,1.18982,0.62585,0.000989462,0.125673,0.00134293,0.00193352,0.00100754,0.00333207,0.0010119,0.000798175,-0.000455278,0.00010591,0.000776972,0.00228966
all_features,lgbm,perm_p2_qlike,column,adj_sumabsret_ma_25,adj_sumabsret_ma_25,1,True,0.000306223,-2.3594e-05,0.000681064,18,0,0.245661,0.557823,0.000107024,0.289001,0.000378707,0.00116949,-0.000430709,0.00043537,-0.000108782,0.000304029,0.000589419,0.000179036,0.00044677,0.000284427
all_features,lgbm,perm_p2_qlike,column,adj_sumabsret_ma_125,adj_sumabsret_ma_125,1,True,2.47625e-05,-0.00015027,0.000216064,115,0,0.0198651,0.578231,8.41598e-05,2.1998,2.34125e-05,0.000384474,-0.000178305,4.13611e-05,-0.000109618,-5.44162e-05,0.000109036,-4.43779e-05,-7.90152e-05,9.72206e-05
all_features,lgbm,perm_p2_qlike,column,adj_sumabsret_ma_625,adj_sumabsret_ma_625,1,True,2.46086e-05,-4.39058e-05,0.000106367,116,0,0.0197417,0.510204,1.90419e-06,1.11362,0.000244589,8.39198e-06,-1.86365e-06,-8.62707e-05,-5.32014e-05,0.000148297,5.45698e-06,0.000197299,1.38796e-05,-3.00666e-05
all_features,lgbm,perm_p2_qlike,column,adj_sumabsret_ma_3125,adj_sumabsret_ma_3125,1,True,-1.69209e-05,-0.000238723,0.000252195,422,0.00680272,-0.0135744,0.489796,-8.58622e-07,,-0.000332436,0.000227439,0.000101837,-0.000158055,-0.000139052,8.07597e-05,-0.000153758,3.85399e-05,-1.3432e-05,-3.7725e-05
all_features,lgbm,perm_p2_qlike,column,adj_sumret3_ma_1,adj_sumret3_ma_1,1,True,-0.000102636,-0.000307377,8.93101e-05,529,0.00680272,-0.0823377,0.435374,-5.51884e-05,,0.000220508,-5.48654e-06,-0.000204887,-0.000120671,-0.000182911,-0.000116012,-0.000277111,-1.50817e-05,-3.0508e-05,-0.000166651
all_features,lgbm,perm_p2_qlike,column,adj_sumret3_ma_5,adj_sumret3_ma_5,1,True,-5.19664e-05,-0.000171935,6.92826e-05,480,0,-0.0416889,0.510204,2.2719e-05,,1.09005e-05,-0.000203548,-4.58716e-05,0.000246319,2.26196e-05,-0.000208214,-0.000361348,-0.000260864,-0.000205302,9.19908e-05
all_features,lgbm,perm_p2_qlike,column,adj_sumret3_ma_25,adj_sumret3_ma_25,1,True,9.04779e-06,-0.000125054,0.000147115,149,0,0.00725839,0.510204,2.85281e-06,3.27162,-0.000279468,0.000125944,-7.57501e-05,0.000333572,-5.70703e-05,0.000106595,-0.000758986,0.00018426,-0.000170751,3.26088e-05
all_features,lgbm,perm_p2_qlike,column,adj_sumret3_ma_125,adj_sumret3_ma_125,1,True,-0.000120608,-0.00074184,0.000309588,537,0.0204082,-0.0967553,0.530612,0.00011702,,0.000473562,4.10822e-05,-0.00123557,0.000322693,0.000239442,-0.000145751,-0.000564819,-0.00010941,-0.000193037,-9.05898e-05
all_features,lgbm,perm_p2_qlike,column,adj_sumret3_ma_625,adj_sumret3_ma_625,1,True,-3.29583e-05,-0.000454065,0.000397082,451,0.0136054,-0.0264401,0.517007,4.36044e-05,,-0.000204162,-0.00060826,0.000412298,6.39405e-05,-0.000292175,0.000359332,5.36752e-06,0.000225421,0.000388124,-0.0003193
all_features,lgbm,perm_p2_qlike,column,adj_sumret3_ma_3125,adj_sumret3_ma_3125,1,True,-9.79926e-05,-0.000237005,2.44118e-05,524,0,-0.0786124,0.482993,-3.37225e-06,,-0.00027888,3.36399e-05,-0.000274909,0.000114555,-0.00016401,-0.000173026,0.000100057,-5.26481e-05,2.97592e-05,-0.000173442
all_features,lgbm,perm_p2_qlike,column,adj_sumret4_ma_1,adj_sumret4_ma_1,1,True,-0.000114635,-0.000250177,-1.26279e-06,535,0,-0.0919632,0.421769,-7.40133e-05,,-4.48119e-05,6.96626e-05,-0.000302669,-0.000128574,-0.000147242,-6.24222e-05,-0.000258965,-7.2935e-05,-6.88066e-05,-0.000150492
all_features,lgbm,perm_p2_qlike,column,adj_sumret4_ma_5,adj_sumret4_ma_5,1,True,6.05621e-05,-6.24561e-05,0.000233027,75,0,0.0485846,0.462585,-1.64057e-05,0.912489,8.57952e-05,7.68906e-05,0.000273104,2.62804e-05,-2.33542e-05,-2.82058e-05,-5.23447e-05,-2.6158e-05,8.42075e-05,7.94758e-05
all_features,lgbm,perm_p2_qlike,column,adj_sumret4_ma_25,adj_sumret4_ma_25,1,True,6.80436e-05,-5.87844e-05,0.000219701,68,0,0.0545865,0.52381,2.37856e-05,0.323151,-7.96615e-05,0.00020364,0.000261521,-3.46037e-05,-0.000129742,6.17345e-05,0.000223271,0.000218632,7.2094e-05,1.40933e-05
all_features,lgbm,perm_p2_qlike,column,adj_sumret4_ma_125,adj_sumret4_ma_125,1,True,6.13672e-06,-0.000127046,0.000144756,157,0,0.00492305,0.530612,1.5116e-05,4.24852,-0.000240155,-0.000134912,0.00025051,-3.53841e-05,9.70898e-05,-5.13267e-05,0.000127719,3.78441e-05,-1.57563e-05,5.41991e-06
all_features,lgbm,perm_p2_qlike,column,adj_sumret4_ma_625,adj_sumret4_ma_625,1,True,-8.43689e-05,-0.000611855,0.000400037,519,0.0204082,-0.0676831,0.517007,1.19126e-05,,-0.00152499,0.000108226,0.000225916,7.88476e-05,-0.000206481,-1.18217e-05,0.000310843,0.000252771,6.65164e-05,-0.00027151
all_features,lgbm,perm_p2_qlike,column,adj_sumret4_ma_3125,adj_sumret4_ma_3125,1,True,0.000193982,7.22597e-05,0.0003279,27,0.00680272,0.155618,0.612245,5.791e-05,0.18571,0.0002199,0.000680476,-3.3821e-05,0.000156882,0.000131957,5.67526e-05,1.90611e-05,0.000229837,-1.38765e-05,0.000278845
all_features,lgbm,perm_p2_qlike,column,adj_sumpret2_ma_1,adj_sumpret2_ma_1,1,True,1.76883e-05,-0.000175776,0.0001973,130,0.00680272,0.01419,0.530612,7.71998e-05,1.5258,0.000166951,-0.000290279,0.000286668,1.99882e-06,-1.37337e-06,-0.000100594,0.00041871,-0.000335176,0.000167711,6.94702e-05
all_features,lgbm,perm_p2_qlike,column,adj_sumpret2_ma_5,adj_sumpret2_ma_5,1,True,-6.47715e-05,-0.000153344,3.45132e-05,494,0,-0.0519615,0.401361,-5.6633e-05,,-0.000413434,-0.000104211,0.000141294,-1.85217e-05,-8.11279e-05,-6.38249e-05,-0.000110923,-0.000165778,-8.07576e-05,-2.2376e-05
all_features,lgbm,perm_p2_qlike,column,adj_sumpret2_ma_25,adj_sumpret2_ma_25,1,True,-1.8567e-05,-0.000185734,0.000140388,425,0,-0.0148949,0.489796,-1.26677e-06,,-0.000256388,-0.000156414,0.000358449,-2.60239e-05,-0.000100382,-2.19087e-05,-7.35498e-05,-0.000294028,-2.93708e-05,8.17092e-05
all_features,lgbm,perm_p2_qlike,column,adj_sumpret2_ma_125,adj_sumpret2_ma_125,1,True,5.37785e-05,-4.13228e-05,0.000141169,82,0,0.0431426,0.598639,4.76743e-05,0.24303,0.000167031,7.28374e-05,-5.41485e-06,7.10223e-05,3.77754e-05,7.15433e-05,-6.81345e-05,0.000133693,-0.0001038,9.9885e-05
all_features,lgbm,perm_p2_qlike,column,adj_sumpret2_ma_625,adj_sumpret2_ma_625,1,True,-6.94856e-05,-0.000294683,0.000141218,501,0,-0.0557433,0.442177,-3.08737e-05,,-0.000255615,-0.000557356,0.000131652,0.000114337,-6.3679e-05,6.15452e-05,0.000191195,6.33914e-05,3.00081e-05,-0.000161972
all_features,lgbm,perm_p2_qlike,column,adj_sumpret2_ma_3125,adj_sumpret2_ma_3125,1,True,-3.98691e-05,-0.000217846,0.00011638,464,0,-0.0319841,0.496599,0,,2.29796e-05,0.000173077,-0.000286198,2.95757e-05,-0.000179178,6.84883e-05,-0.000186417,-3.3055e-05,2.44513e-06,-6.20234e-05
all_features,lgbm,perm_p2_qlike,column,adj_sumbipow_ma_1,adj_sumbipow_ma_1,1,True,4.43677e-05,-0.000131654,0.000241195,89,0,0.035593,0.455782,-6.83757e-05,1.04858,0.00109585,-9.82796e-05,-0.000351111,6.35176e-05,-1.3005e-05,9.87403e-05,-1.60314e-05,8.03545e-05,-9.23005e-05,9.5875e-05
all_features,lgbm,perm_p2_qlike,column,adj_sumbipow_ma_5,adj_sumbipow_ma_5,1,True,-1.6405e-05,-0.000113368,8.05367e-05,420,0,-0.0131605,0.571429,2.93462e-05,,-0.000297511,-5.20656e-05,-0.000120169,0.000180146,-5.2e-05,0.000115694,-3.54828e-05,-0.000100146,1.49155e-05,-2.11238e-06
all_features,lgbm,perm_p2_qlike,column,adj_sumbipow_ma_25,adj_sumbipow_ma_25,1,True,-3.07681e-05,-0.000104188,4.03941e-05,447,0,-0.024683,0.442177,-2.70717e-05,,0.000144675,-0.000124338,-0.000105234,8.56401e-05,2.71885e-05,-6.62488e-05,-0.000215375,-0.000129378,-2.16798e-05,-9.33073e-07
all_features,lgbm,perm_p2_qlike,column,adj_sumbipow_ma_125,adj_sumbipow_ma_125,1,True,8.47541e-05,-3.69815e-05,0.000264423,55,0,0.0679921,0.455782,-8.56339e-06,0.760992,-3.88415e-05,8.2165e-05,0.000388506,2.67206e-05,3.61204e-05,3.78007e-05,-0.000178439,-1.47786e-05,8.03084e-05,0.000121241
all_features,lgbm,perm_p2_qlike,column,adj_sumbipow_ma_625,adj_sumbipow_ma_625,1,True,9.13234e-05,-0.000173456,0.000423756,49,0,0.0732622,0.47619,-1.29155e-05,1.15284,6.89996e-05,0.000111153,0.000450035,-2.1331e-05,-9.13781e-05,1.39588e-05,0.000107128,0.000174938,-3.89198e-05,0.000123361
all_features,lgbm,perm_p2_qlike,column,adj_sumbipow_ma_3125,adj_sumbipow_ma_3125,1,True,-0.000127498,-0.00030808,1.16075e-05,542,0,-0.102282,0.469388,-2.38496e-05,,-0.000145189,-0.000171273,-0.00027597,-1.35171e-05,-2.25523e-05,-0.000148281,-0.000111497,-0.000110528,-6.14021e-05,-0.00016429
all_features,lgbm,perm_p2_qlike,column,adj_sumautocov_ma_1,adj_sumautocov_ma_1,1,True,0.000258371,-3.7852e-05,0.000545693,23,0.0272109,0.207272,0.571429,0.000316922,0.157846,-0.000826906,0.000162367,0.000515978,0.000130469,0.000364612,0.00043912,0.00104158,-0.000154614,0.000297612,0.00038277
all_features,lgbm,perm_p2_qlike,column,adj_sumautocov_ma_5,adj_sumautocov_ma_5,1,True,0.000135696,-0.000303749,0.000634041,38,0.0272109,0.108859,0.52381,4.66554e-05,0.847909,-6.02951e-06,0.00111184,-0.000739261,-0.000186517,0.000465762,5.32045e-05,0.000161321,0.000278849,-3.17437e-05,0.000164556
all_features,lgbm,perm_p2_qlike,column,adj_sumautocov_ma_25,adj_sumautocov_ma_25,1,True,2.8784e-05,-0.000119638,0.000198094,109,0,0.0230914,0.544218,4.10694e-05,2.16491,0.000335034,0.000286789,-0.000172586,1.57175e-06,6.09146e-05,-0.000207649,4.55864e-05,-9.34814e-06,-2.92049e-05,6.90986e-05
all_features,lgbm,perm_p2_qlike,column,adj_sumautocov_ma_125,adj_sumautocov_ma_125,1,True,-0.000204413,-0.000504556,5.10616e-05,558,0.00680272,-0.163985,0.489796,-2.3354e-06,,-3.24312e-05,-0.000485255,-0.000241036,-0.000282381,-3.614e-05,-2.19446e-05,-0.000310434,-2.51021e-05,-0.000196222,-0.000270229
all_features,lgbm,perm_p2_qlike,column,adj_sumautocov_ma_625,adj_sumautocov_ma_625,1,True,-0.00017834,-0.000332083,-2.65512e-05,552,0.00680272,-0.14307,0.482993,-5.44859e-05,,-0.000866439,-6.96676e-05,-0.000237902,-0.000166126,-8.32587e-05,1.50117e-05,-0.000166616,-6.03273e-05,-0.000242197,-0.000189257
all_features,lgbm,perm_p2_qlike,column,adj_sumautocov_ma_3125,adj_sumautocov_ma_3125,1,True,-6.89346e-05,-0.000158614,1.694e-05,499,0,-0.0553012,0.455782,-1.45653e-05,,1.50281e-06,-0.000198158,-1.07383e-05,-0.000118606,-0.00011465,-6.79318e-06,0.000161488,-1.12317e-05,9.82701e-05,-0.000167117
all_features,lgbm,perm_p2_qlike,column,adj_sumvolume_ma_1,adj_sumvolume_ma_1,1,True,0.0012111,0.000528268,0.00191118,8,0.129252,0.971577,0.632653,0.000949949,0.0897842,0.00199926,-0.000664757,0.00110237,0.000986658,0.00179055,0.00264918,0.000757549,0.000965802,0.00135552,0.00122832
all_features,lgbm,perm_p2_qlike,column,adj_sumvolume_ma_5,adj_sumvolume_ma_5,1,True,0.000779905,0.000118626,0.00142326,11,0.0544218,0.625661,0.571429,0.000624887,0.0975946,0.00136716,0.000580677,0.00121672,0.00141458,0.00100597,0.000740999,-0.00351386,0.00038134,-0.000396774,0.00146825
all_features,lgbm,perm_p2_qlike,column,adj_sumvolume_ma_25,adj_sumvolume_ma_25,1,True,0.000327719,-5.39831e-05,0.000664302,15,0.0204082,0.262905,0.564626,0.000205973,0.176465,0.000841423,6.64249e-05,0.000274052,0.000735141,-0.000175746,0.000463956,0.000384966,-0.000345001,0.000170667,0.000633748
all_features,lgbm,perm_p2_qlike,column,adj_sumvolume_ma_125,adj_sumvolume_ma_125,1,True,0.00030946,-0.000160312,0.000842363,17,0.0136054,0.248258,0.544218,0.000180662,0.435437,-0.000593745,0.00113147,2.08707e-05,0.0012453,-0.000480111,0.000219702,-0.000175171,-0.000232628,0.000115973,0.000587382
all_features,lgbm,perm_p2_qlike,column,adj_sumvolume_ma_625,adj_sumvolume_ma_625,1,True,-4.392e-05,-0.000112313,2.26769e-05,470,0,-0.0352339,0.564626,2.67382e-05,,-0.000135421,7.25789e-05,-0.000200372,8.8791e-05,-0.000130254,-4.7068e-05,8.15369e-05,-9.73615e-05,-5.69695e-05,-1.93406e-05
all_features,lgbm,perm_p2_qlike,column,adj_sumvolume_ma_3125,adj_sumvolume_ma_3125,1,True,-0.000130293,-0.000300562,9.32816e-06,543,0.00680272,-0.104525,0.435374,-3.27928e-05,,-0.000310446,-0.000155186,-0.000112368,-5.43253e-05,-0.000125592,5.51136e-05,-0.000650649,-0.000102441,-4.61234e-06,-0.000198727
all_features,lgbm,perm_p2_qlike,column,adj_numobs_ma_1,adj_numobs_ma_1,1,True,5.03696e-05,6.86189e-06,0.00010579,84,0,0.0404079,0.319728,0,0.436975,0.000254468,0.000102965,5.13944e-05,1.08454e-06,-2.15531e-06,6.24843e-06,-2.32744e-08,5.38748e-05,6.48363e-05,4.23889e-05
all_features,lgbm,perm_p2_qlike,column,adj_numobs_ma_5,adj_numobs_ma_5,1,True,1.61425e-05,-9.87504e-06,4.55956e-05,135,0,0.01295,0.401361,0,0.642389,6.68059e-05,7.44402e-05,2.0163e-05,-2.31422e-05,-1.94415e-05,-1.25704e-06,2.01713e-05,6.36067e-05,3.35224e-05,-8.39693e-06
all_features,lgbm,perm_p2_qlike,column,adj_numobs_ma_25,adj_numobs_ma_25,1,True,0.000303943,-3.57269e-06,0.000597429,19,0.0136054,0.243831,0.557823,5.36957e-05,0.190374,0.00133785,0.00045078,0.000251346,5.34241e-05,0.000401722,-6.82692e-05,-5.30117e-05,-0.000401799,0.0004821,0.000464543
all_features,lgbm,perm_p2_qlike,column,adj_numobs_ma_125,adj_numobs_ma_125,1,True,-6.35796e-05,-0.000196139,6.09508e-05,493,0,-0.0510054,0.537415,4.72791e-05,,0.000143933,8.61409e-05,-6.48635e-05,-0.000211444,-0.000101764,-7.445e-05,-0.000270584,-0.000102386,-3.0073e-05,-6.58427e-05
all_features,lgbm,perm_p2_qlike,column,adj_numobs_ma_625,adj_numobs_ma_625,1,True,-9.51092e-05,-0.000166368,-2.45893e-05,523,0,-0.0762992,0.435374,-4.43917e-05,,-0.000152715,-0.000159769,-0.000171404,-6.97456e-05,-7.93891e-05,-1.17288e-05,6.00575e-05,-0.000207823,3.24061e-05,-0.000115811
all_features,lgbm,perm_p2_qlike,column,adj_numobs_ma_3125,adj_numobs_ma_3125,1,True,6.99757e-05,-9.50982e-06,0.000161106,66,0.00680272,0.0561365,0.639456,7.29685e-05,0.235715,1.75989e-05,0.000155364,-2.57025e-05,5.21874e-06,0.000104805,0.000139392,5.29572e-05,0.000275365,-4.32309e-05,5.19465e-05
all_features,lgbm,perm_p2_qlike,column,adj_sumret2_ewstock_ma_1,adj_sumret2_ewstock_ma_1,1,True,3.62856e-05,-5.90938e-05,0.000132172,99,0,0.0291093,0.469388,-9.7023e-06,0.680856,-0.000116658,0.000279659,6.99375e-05,4.20331e-05,-9.87892e-05,-2.80618e-05,-6.60986e-06,-5.05421e-05,-6.1168e-07,8.35643e-05
all_features,lgbm,perm_p2_qlike,column,adj_sumret2_ewstock_ma_5,adj_sumret2_ewstock_ma_5,1,True,-8.30898e-05,-0.000206145,2.32987e-05,518,0,-0.0666569,0.47619,-4.78398e-06,,-0.000523169,-0.000315102,5.49364e-05,7.90652e-05,0.000114001,-3.30443e-05,-0.000327343,-0.000164719,-9.5716e-05,-4.89644e-05
all_features,lgbm,perm_p2_qlike,column,adj_sumret2_ewstock_ma_25,adj_sumret2_ewstock_ma_25,1,True,4.64913e-06,-0.000113111,0.000121505,163,0,0.00372966,0.52381,1.22087e-05,4.43283,-0.000180549,4.36514e-05,0.000157863,-4.24172e-05,-5.08685e-06,4.68421e-05,-0.000257578,-5.76701e-06,2.53451e-05,-1.43389e-06
all_features,lgbm,perm_p2_qlike,column,adj_sumret2_ewstock_ma_125,adj_sumret2_ewstock_ma_125,1,True,-3.82412e-05,-0.000103597,2.77343e-05,460,0,-0.0306782,0.510204,1.2357e-06,,-0.00018556,2.3903e-05,-1.53078e-05,-4.74426e-05,4.71613e-05,-0.000120858,-5.26148e-05,-3.32283e-05,6.68408e-06,-6.09947e-05
all_features,lgbm,perm_p2_qlike,column,adj_sumret2_ewstock_ma_625,adj_sumret2_ewstock_ma_625,1,True,5.59702e-05,-3.29381e-05,0.000148193,77,0,0.0449008,0.489796,0,0.322304,4.48978e-06,0.000237625,0.000113311,-5.7724e-05,2.35142e-05,-4.18225e-05,0.000133346,0.000185983,1.45976e-05,3.03857e-05
all_features,lgbm,perm_p2_qlike,column,adj_sumret2_ewstock_ma_3125,adj_sumret2_ewstock_ma_3125,1,True,-3.64593e-05,-0.000139476,5.51567e-05,455,0,-0.0292486,0.442177,-1.47994e-05,,-0.000260792,3.42806e-05,7.32888e-05,-6.56873e-05,-0.000122694,3.74278e-05,-0.000115855,-2.71244e-05,0.00014798,-0.000125986
all_features,lgbm,perm_p2_qlike,column,adj_sumret3_ewstock_ma_1,adj_sumret3_ewstock_ma_1,1,True,0.000114595,-0.000151689,0.000368879,42,0,0.0919313,0.55102,2.44529e-05,0.709443,0.000568343,7.25269e-05,0.000196429,0.000111117,-9.72174e-05,9.23774e-05,-9.87191e-07,0.000141709,-0.000244928,0.000273443
all_features,lgbm,perm_p2_qlike,column,adj_sumret3_ewstock_ma_5,adj_sumret3_ewstock_ma_5,1,True,-3.79218e-05,-0.00021436,0.00018462,459,0.00680272,-0.0304219,0.414966,-7.61934e-05,,0.000792087,-0.000325711,7.44948e-05,-1.61314e-05,-0.000159016,-4.42745e-05,-0.000477996,0.000155295,-1.38574e-05,-0.000115972
all_features,lgbm,perm_p2_qlike,column,adj_sumret3_ewstock_ma_25,adj_sumret3_ewstock_ma_25,1,True,3.60682e-05,-0.000129383,0.000197577,100,0.00680272,0.0289349,0.510204,2.49255e-05,1.21016,5.56028e-05,8.94685e-05,-0.000294154,2.56406e-05,7.77102e-05,0.000141895,0.000439509,0.000609375,-3.999e-05,-0.000126524
all_features,lgbm,perm_p2_qlike,column,adj_sumret3_ewstock_ma_125,adj_sumret3_ewstock_ma_125,1,True,-1.37117e-05,-0.000164208,0.000121389,416,0,-0.0109999,0.55102,2.66814e-05,,3.02682e-05,5.43217e-05,-0.000338416,-3.32467e-05,7.65907e-05,0.000128906,4.22851e-05,-8.42299e-06,0.000198538,-0.000114852
all_features,lgbm,perm_p2_qlike,column,adj_sumret3_ewstock_ma_625,adj_sumret3_ewstock_ma_625,1,True,-7.92488e-05,-0.000277779,0.00012417,512,0,-0.0635756,0.496599,-6.54932e-06,,-0.000810915,0.000224491,-0.000192499,-1.17509e-05,-3.90516e-05,-2.16753e-05,-3.95044e-05,-0.000238269,-0.000200861,3.26236e-05
all_features,lgbm,perm_p2_qlike,column,adj_sumret3_ewstock_ma_3125,adj_sumret3_ewstock_ma_3125,1,True,1.57019e-05,-5.92851e-05,8.65582e-05,136,0,0.0125965,0.503401,9.67875e-06,1.07795,-0.000207056,0.000161752,6.57301e-05,2.88357e-05,-8.04651e-05,-4.69884e-05,0.000204426,4.84048e-05,-3.77642e-06,1.35112e-05
all_features,lgbm,perm_p2_qlike,column,adj_sumret4_ewstock_ma_1,adj_sumret4_ewstock_ma_1,1,True,4.74055e-05,-4.22126e-05,0.000140953,87,0,0.03803,0.442177,-1.00507e-05,0.683721,0.000273177,0.000184532,-0.000206723,5.31138e-05,7.92573e-05,2.6632e-05,-2.43369e-05,6.37692e-05,-5.47875e-06,6.64935e-05
all_features,lgbm,perm_p2_qlike,column,adj_sumret4_ewstock_ma_5,adj_sumret4_ewstock_ma_5,1,True,-3.97077e-05,-9.07212e-05,1.18534e-05,463,0,-0.0318546,0.47619,-2.24917e-06,,-0.000139135,-6.33124e-05,7.03711e-06,-6.06871e-05,-4.34763e-05,-1.43961e-05,5.18829e-05,-7.33607e-05,-1.6488e-05,-3.89391e-05
all_features,lgbm,perm_p2_qlike,column,adj_sumret4_ewstock_ma_25,adj_sumret4_ewstock_ma_25,1,True,-4.69062e-05,-0.000141559,4.00153e-05,474,0,-0.0376295,0.44898,-2.80948e-05,,5.31285e-05,7.43115e-05,-0.00010818,3.97423e-05,-0.000150828,-8.16015e-06,-0.000484511,-0.000132357,9.52579e-05,-8.38865e-05
all_features,lgbm,perm_p2_qlike,column,adj_sumret4_ewstock_ma_125,adj_sumret4_ewstock_ma_125,1,True,-7.94449e-05,-0.000145301,-2.00457e-05,514,0,-0.0637329,0.442177,-8.52762e-06,,0.000145145,-0.000277845,-9.44171e-05,-7.20831e-06,-0.000101656,-1.04425e-05,-0.000125351,9.00942e-05,-0.000136763,-0.000111232
all_features,lgbm,perm_p2_qlike,column,adj_sumret4_ewstock_ma_625,adj_sumret4_ewstock_ma_625,1,True,2.62165e-05,-5.6065e-05,0.000103148,112,0,0.0210316,0.544218,1.939e-05,0.608235,-5.72903e-05,0.000129876,0.000184563,-9.7848e-05,-5.54505e-05,3.67108e-05,-6.07832e-05,-4.75551e-06,3.61291e-05,3.22848e-05
all_features,lgbm,perm_p2_qlike,column,adj_sumret4_ewstock_ma_3125,adj_sumret4_ewstock_ma_3125,1,True,7.71691e-05,-2.5406e-05,0.000194735,60,0,0.0619072,0.489796,-2.11933e-06,0.521591,0.00010787,0.000255824,8.31292e-05,1.78261e-05,1.81282e-05,-4.44763e-05,0.000179395,0.000196477,1.59119e-05,6.45892e-05
all_features,lgbm,perm_p2_qlike,column,adj_sumabsret_ewstock_ma_1,adj_sumabsret_ewstock_ma_1,1,True,0.00186798,0.000451657,0.00336474,6,0.176871,1.49855,0.639456,0.000955905,0.151846,0.00639472,0.0013866,0.00214262,0.000697167,0.00175567,0.00120125,0.00130454,0.00143889,0.00178395,0.00205563
all_features,lgbm,perm_p2_qlike,column,adj_sumabsret_ewstock_ma_5,adj_sumabsret_ewstock_ma_5,1,True,0.000188308,-0.000422946,0.00083076,28,0.0204082,0.151066,0.52381,0.000134895,0.618502,0.000494138,0.000997861,3.84596e-05,3.09672e-05,2.71771e-05,7.06689e-05,-0.00112502,-0.000112223,0.000336279,0.000222959
all_features,lgbm,perm_p2_qlike,column,adj_sumabsret_ewstock_ma_25,adj_sumabsret_ewstock_ma_25,1,True,0.000270177,3.45427e-05,0.000621186,22,0.00680272,0.216744,0.564626,9.36312e-05,0.519709,9.50175e-05,0.000124701,0.00119845,0.000195663,6.17837e-05,0.00011801,-0.000523573,2.91532e-05,7.50546e-05,0.000444792
all_features,lgbm,perm_p2_qlike,column,adj_sumabsret_ewstock_ma_125,adj_sumabsret_ewstock_ma_125,1,True,-1.7523e-05,-0.000119638,9.36389e-05,423,0,-0.0140574,0.489796,-1.97842e-06,,-0.000185063,-9.09676e-05,0.000205435,-9.67142e-05,-2.60059e-05,-3.82858e-05,0.000137483,0.000143574,-0.000122544,-2.40713e-05
all_features,lgbm,perm_p2_qlike,column,adj_sumabsret_ewstock_ma_625,adj_sumabsret_ewstock_ma_625,1,True,4.02802e-05,-0.000171483,0.000258678,93,0.00680272,0.0323139,0.489796,-1.0367e-05,1.02516,-0.000119221,0.000187524,0.000421037,-0.000135389,-0.000239027,-0.000137191,0.000614641,-6.05255e-05,0.000376958,-8.24051e-05
all_features,lgbm,perm_p2_qlike,column,adj_sumabsret_ewstock_ma_3125,adj_sumabsret_ewstock_ma_3125,1,True,-7.89726e-05,-0.000191411,1.53551e-05,511,0,-0.063354,0.469388,-1.3186e-05,,-0.000359335,4.80887e-05,-0.000283747,4.79947e-05,-6.74429e-06,-0.000111151,8.36924e-05,-8.49843e-05,1.00307e-05,-0.000118539
all_features,lgbm,perm_p2_qlike,column,adj_sumbipow_ewstock_ma_1,adj_sumbipow_ewstock_ma_1,1,True,-7.81373e-05,-0.000233674,4.71087e-05,510,0.00680272,-0.0626839,0.517007,1.97676e-05,,-0.000259198,-0.00010362,-4.03629e-05,-3.1853e-05,7.80878e-06,-4.21741e-05,-0.000348119,-0.000291065,-7.94045e-06,-3.73779e-05
all_features,lgbm,perm_p2_qlike,column,adj_sumbipow_ewstock_ma_5,adj_sumbipow_ewstock_ma_5,1,True,-2.81578e-05,-0.000111119,5.05551e-05,443,0,-0.022589,0.408163,-4.75846e-05,,-0.000483513,6.87946e-05,9.11147e-05,-7.21588e-07,-6.3253e-05,-8.15014e-05,0.000217678,-8.03062e-05,-5.24925e-05,1.25502e-06
all_features,lgbm,perm_p2_qlike,column,adj_sumbipow_ewstock_ma_25,adj_sumbipow_ewstock_ma_25,1,True,-2.44817e-05,-0.000109353,5.15541e-05,437,0,-0.0196399,0.496599,-1.56172e-06,,-3.96786e-05,-0.000119493,-1.60909e-05,-8.015e-05,2.86581e-05,3.14218e-05,0.000117758,-2.34952e-05,-3.72383e-05,-1.88539e-05
all_features,lgbm,perm_p2_qlike,column,adj_sumbipow_ewstock_ma_125,adj_sumbipow_ewstock_ma_125,1,True,3.18092e-05,-5.37391e-05,0.000127864,107,0,0.0255182,0.503401,2.34184e-06,0.842473,-0.000100491,0.000257645,0.000100556,-9.22637e-05,2.23995e-05,-6.50867e-06,-0.000167617,0.000179857,-4.97151e-05,1.87775e-05
all_features,lgbm,perm_p2_qlike,column,adj_sumbipow_ewstock_ma_625,adj_sumbipow_ewstock_ma_625,1,True,1.77638e-05,-0.000135443,0.000162027,129,0,0.0142506,0.496599,0,1.35112,-0.000130556,9.89503e-05,1.14726e-05,-0.000100276,0.000103023,1.93561e-05,0.000113242,8.81721e-05,5.85336e-05,-2.56511e-05
all_features,lgbm,perm_p2_qlike,column,adj_sumbipow_ewstock_ma_3125,adj_sumbipow_ewstock_ma_3125,1,True,-2.86355e-05,-0.000109558,4.74225e-05,444,0,-0.0229722,0.510204,3.18654e-07,,-0.000157193,4.22567e-05,-0.000139634,0.000169298,2.02185e-05,-0.000159755,-6.51798e-05,-9.86214e-05,1.20122e-05,-2.3462e-05
all_features,lgbm,perm_p2_qlike,column,adj_sumpret2_ewstock_ma_1,adj_sumpret2_ewstock_ma_1,1,True,4.81253e-05,-5.7571e-05,0.000156806,85,0,0.0386075,0.557823,5.88902e-05,0.456296,0.000137588,0.000284034,-0.0001274,6.2561e-05,-4.74463e-05,-3.27052e-05,0.000192512,0.000135104,8.72399e-05,-2.43101e-07
all_features,lgbm,perm_p2_qlike,column,adj_sumpret2_ewstock_ma_5,adj_sumpret2_ewstock_ma_5,1,True,-6.93224e-05,-0.000149271,3.7979e-06,500,0.00680272,-0.0556124,0.408163,-4.99204e-05,,-0.000293159,-0.000219451,2.23259e-06,-7.85162e-05,7.02052e-05,1.38846e-05,-0.000109091,-3.74707e-05,-0.000100664,-6.56681e-05
all_features,lgbm,perm_p2_qlike,column,adj_sumpret2_ewstock_ma_25,adj_sumpret2_ewstock_ma_25,1,True,-5.87851e-05,-0.00046296,0.000315806,487,0.00680272,-0.0471591,0.510204,1.39497e-05,,0.000681144,-3.85393e-05,-6.50005e-05,-0.000162044,-0.000127911,-0.000248467,-0.000177572,0.000218224,-9.76307e-06,-0.000177479
all_features,lgbm,perm_p2_qlike,column,adj_sumpret2_ewstock_ma_125,adj_sumpret2_ewstock_ma_125,1,True,-0.000102313,-0.000178593,-2.01621e-05,528,0,-0.082078,0.428571,-2.32736e-05,,-0.000111397,1.63374e-05,-0.000247101,-0.000227024,-1.55434e-05,-6.97882e-05,-2.52141e-06,2.24586e-05,-6.23794e-05,-0.000164128
all_features,lgbm,perm_p2_qlike,column,adj_sumpret2_ewstock_ma_625,adj_sumpret2_ewstock_ma_625,1,True,8.87517e-05,-0.000252458,0.000530031,50,0.00680272,0.0711991,0.462585,-2.57654e-05,1.27506,-0.000120579,0.000513714,0.000305786,-0.00010168,-0.000168844,-2.16175e-06,5.33008e-05,0.000231843,5.78857e-05,5.37303e-05
all_features,lgbm,perm_p2_qlike,column,adj_sumpret2_ewstock_ma_3125,adj_sumpret2_ewstock_ma_3125,1,True,-0.000186401,-0.000488941,4.27303e-05,553,0,-0.149536,0.44898,-3.64133e-06,,-0.000607339,-0.000221613,-0.000579791,7.17135e-05,-5.35268e-05,-8.88127e-05,0.000320949,1.46146e-05,9.53744e-05,-0.000387731
all_features,lgbm,perm_p2_qlike,column,adj_turnover_ewstock_ma_1,adj_turnover_ewstock_ma_1,1,True,7.14174e-05,-9.11832e-05,0.00023713,63,0,0.057293,0.544218,7.47349e-05,0.484443,-0.000291612,-9.07412e-05,0.000487535,0.000284136,-6.95879e-05,-0.000113141,0.000242771,-0.000128795,0.000155689,0.000101196
all_features,lgbm,perm_p2_qlike,column,adj_turnover_ewstock_ma_5,adj_turnover_ewstock_ma_5,1,True,-4.0201e-05,-0.0001192,3.02767e-05,465,0,-0.0322504,0.44898,-3.34835e-05,,0.000102046,-0.000139695,0.000104392,-2.04057e-05,-6.73681e-05,-0.000126326,-0.000108529,-0.000145517,-2.56593e-05,-1.05996e-05
all_features,lgbm,perm_p2_qlike,column,adj_turnover_ewstock_ma_25,adj_turnover_ewstock_ma_25,1,True,-3.3028e-05,-0.000162975,9.93531e-05,452,0,-0.026496,0.510204,8.33398e-06,,-2.7197e-05,-0.00017222,7.84467e-05,6.2893e-06,-5.59926e-06,4.9101e-05,-0.000408416,-0.000168824,-1.20362e-05,4.0917e-06
all_features,lgbm,perm_p2_qlike,column,adj_turnover_ewstock_ma_125,adj_turnover_ewstock_ma_125,1,True,5.37824e-05,-8.00543e-05,0.000183428,81,0.00680272,0.0431458,0.517007,2.71682e-05,0.40661,-0.000264996,0.000336192,-2.64228e-05,0.00013332,4.20656e-05,-7.9501e-05,0.000109879,0.00012084,0.000118621,2.64295e-07
all_features,lgbm,perm_p2_qlike,column,adj_turnover_ewstock_ma_625,adj_turnover_ewstock_ma_625,1,True,-8.75543e-05,-0.000208402,2.72427e-05,520,0,-0.0702385,0.442177,-2.40358e-05,,-2.58303e-05,7.44723e-05,-4.10789e-05,-8.9697e-05,-0.000192029,-1.49711e-05,-0.000761749,-5.90964e-05,-6.78995e-05,-0.000106588
all_features,lgbm,perm_p2_qlike,column,adj_turnover_ewstock_ma_3125,adj_turnover_ewstock_ma_3125,1,True,2.69216e-05,-0.000197089,0.000296451,110,0.00680272,0.0215973,0.517007,9.57809e-06,2.74105,3.99832e-05,-2.46842e-05,-0.000444035,-7.65547e-05,0.000162528,0.000636937,-0.000366467,0.000384388,-8.10392e-05,-4.61318e-05
all_features,lgbm,perm_p2_qlike,column,adj_buyturnover_ewstock_ma_1,adj_buyturnover_ewstock_ma_1,1,True,-4.75645e-05,-0.000242617,0.000157189,476,0.00680272,-0.0381576,0.469388,-2.44199e-05,,3.65245e-05,-0.000304658,5.88259e-05,-0.000198425,-0.000219353,5.37109e-05,0.00102406,-0.000309829,0.000340646,-0.000138549
all_features,lgbm,perm_p2_qlike,column,adj_buyturnover_ewstock_ma_5,adj_buyturnover_ewstock_ma_5,1,True,3.50117e-05,-6.96804e-05,0.000163018,102,0,0.0280873,0.510204,3.23576e-06,1.22109,-9.67892e-05,0.000157917,-0.000104991,0.000141045,1.41167e-05,2.5406e-05,5.14186e-05,8.21683e-05,-0.000126497,9.42805e-05
all_features,lgbm,perm_p2_qlike,column,adj_buyturnover_ewstock_ma_25,adj_buyturnover_ewstock_ma_25,1,True,-0.000125233,-0.000352528,6.20956e-05,540,0,-0.100465,0.510204,2.54765e-05,,-0.000964152,-0.000169788,-0.000112638,-8.04457e-05,0.000127135,-4.78503e-05,0.000176809,-0.00040943,1.17743e-06,-8.61387e-05
all_features,lgbm,perm_p2_qlike,column,adj_buyturnover_ewstock_ma_125,adj_buyturnover_ewstock_ma_125,1,True,-0.000170364,-0.00036637,1.22082e-05,551,0.00680272,-0.13667,0.489796,-4.80347e-06,,3.99041e-05,-0.000235522,-0.000165293,-0.000147383,-1.17626e-05,-0.000258441,-0.000613871,6.72465e-05,-0.000324857,-0.000180213
all_features,lgbm,perm_p2_qlike,column,adj_buyturnover_ewstock_ma_625,adj_buyturnover_ewstock_ma_625,1,True,-3.93066e-05,-0.000242683,0.00018024,461,0,-0.0315329,0.530612,1.97646e-05,,-0.000250371,0.000251448,-4.98078e-05,9.1959e-05,4.70384e-05,-0.00024179,-0.000663538,-0.000264814,-0.000107924,7.07528e-05
all_features,lgbm,perm_p2_qlike,column,adj_buyturnover_ewstock_ma_3125,adj_buyturnover_ewstock_ma_3125,1,True,2.27381e-05,-0.000214366,0.00030311,119,0.00680272,0.0182411,0.482993,-1.15553e-05,2.9705,-0.000227093,-0.00017768,0.000158658,4.32399e-05,-0.000105939,0.000324832,4.96626e-05,0.000338466,2.85792e-05,-8.91357e-05
all_features,lgbm,perm_p2_qlike,column,adj_sellturnover_ewstock_ma_1,adj_sellturnover_ewstock_ma_1,1,True,4.86903e-06,-0.000242924,0.000224173,162,0.00680272,0.00390607,0.510204,1.46129e-05,5.69387,0.000162889,-9.33578e-05,0.000465475,0.000364684,-0.000100077,-0.000431453,-0.000815281,-0.000306934,-0.000138406,0.000179691
all_features,lgbm,perm_p2_qlike,column,adj_sellturnover_ewstock_ma_5,adj_sellturnover_ewstock_ma_5,1,True,1.37878e-05,-8.87807e-05,0.000124368,140,0,0.0110609,0.530612,1.63171e-05,1.0048,5.7058e-05,-4.52413e-06,4.44822e-05,-0.000130933,6.52081e-05,0.000136331,-0.000186823,-0.000105881,-2.79403e-06,6.29135e-05
all_features,lgbm,perm_p2_qlike,column,adj_sellturnover_ewstock_ma_25,adj_sellturnover_ewstock_ma_25,1,True,-6.6204e-05,-0.000189317,5.50026e-05,496,0,-0.0531107,0.517007,2.39737e-05,,-0.000205942,-0.00011609,-0.000115343,3.32592e-05,-6.33218e-05,-8.30125e-05,0.000212745,-0.000227637,3.47515e-05,-5.76373e-05
all_features,lgbm,perm_p2_qlike,column,adj_sellturnover_ewstock_ma_125,adj_sellturnover_ewstock_ma_125,1,True,-2.00215e-05,-0.000218843,0.000186266,426,0,-0.0160618,0.605442,0.000123715,,-0.000560484,0.000362234,-0.000234258,0.000233519,-0.000186399,-3.53266e-05,6.18553e-05,9.85099e-05,0.000126876,-0.000129729
all_features,lgbm,perm_p2_qlike,column,adj_sellturnover_ewstock_ma_625,adj_sellturnover_ewstock_ma_625,1,True,4.24866e-05,-5.11309e-05,0.000140047,91,0,0.0340839,0.557823,4.03874e-05,0.409145,5.20961e-05,0.000157832,0.000150336,-8.34274e-05,5.46908e-05,-1.48189e-05,-0.000153053,0.000166608,2.87787e-05,5.99434e-06
all_features,lgbm,perm_p2_qlike,column,adj_sellturnover_ewstock_ma_3125,adj_sellturnover_ewstock_ma_3125,1,True,1.62188e-05,-0.00014501,0.000200773,134,0,0.0130111,0.47619,-5.85856e-06,3.57771,-0.000506027,0.000170062,0.000220581,-0.000176639,4.16395e-05,0.000106641,-3.37113e-05,1.16973e-05,5.95238e-05,-2.48077e-06
all_features,lgbm,perm_p2_qlike,column,adj_effspread_ewstock_ma_1,adj_effspread_ewstock_ma_1,1,True,0.000318915,9.56249e-05,0.000562333,16,0,0.255842,0.517007,2.51155e-05,0.195738,0.00108346,0.000539599,0.0005285,8.91956e-05,0.0001385,9.65555e-05,-0.000327173,-5.1613e-05,0.000330583,0.000441539
all_features,lgbm,perm_p2_qlike,column,adj_effspread_ewstock_ma_5,adj_effspread_ewstock_ma_5,1,True,0.00060149,0.000182591,0.00116403,13,0.0204082,0.482532,0.52381,1.95217e-05,0.335012,0.00037901,0.000694167,0.00149634,9.17905e-05,0.000385147,0.000583901,0.000184038,0.000575227,0.00055508,0.000632283
all_features,lgbm,perm_p2_qlike,column,adj_effspread_ewstock_ma_25,adj_effspread_ewstock_ma_25,1,True,8.71827e-05,-0.000204026,0.000329088,52,0.0204082,0.0699404,0.564626,0.000117081,0.648115,0.000394164,-0.000325047,0.000315843,0.000314006,0.000113591,-0.000207866,0.000347448,-0.000368193,0.000151113,0.000214683
all_features,lgbm,perm_p2_qlike,column,adj_effspread_ewstock_ma_125,adj_effspread_ewstock_ma_125,1,True,-1.02753e-05,-0.00015256,0.000124275,409,0,-0.00824311,0.489796,-1.05006e-05,,-3.19143e-05,-1.25844e-05,-6.70864e-05,0.000207698,4.14466e-05,-0.000134934,-0.000246261,-4.73114e-05,-0.000212127,9.6974e-05
all_features,lgbm,perm_p2_qlike,column,adj_effspread_ewstock_ma_625,adj_effspread_ewstock_ma_625,1,True,-4.39438e-05,-0.000110543,2.9826e-05,471,0,-0.035253,0.455782,-1.8043e-05,,3.55767e-05,-0.00013569,-1.89555e-05,-0.000129979,2.40049e-05,1.35127e-05,-7.65153e-05,-0.000113305,1.83054e-05,-4.90937e-05
all_features,lgbm,perm_p2_qlike,column,adj_effspread_ewstock_ma_3125,adj_effspread_ewstock_ma_3125,1,True,2.51058e-05,-5.57863e-05,0.000103807,113,0,0.0201406,0.517007,7.49383e-06,0.646069,-0.000202446,4.30786e-05,5.28569e-05,1.36804e-05,2.47034e-05,2.02859e-05,0.00030527,6.09412e-05,3.42974e-05,8.41757e-06
all_features,lgbm,perm_p2_qlike,column,adj_spread_ewstock_ma_1,adj_spread_ewstock_ma_1,1,True,0.000157717,-2.16759e-05,0.000324728,33,0,0.126525,0.564626,5.03043e-05,0.171086,0.000269744,0.000260642,0.000427574,6.7454e-05,-9.42653e-05,9.98439e-05,4.68417e-05,0.000102233,0.000227471,0.000144258
all_features,lgbm,perm_p2_qlike,column,adj_spread_ewstock_ma_5,adj_spread_ewstock_ma_5,1,True,3.23612e-05,-4.9573e-05,0.000126667,105,0,0.0259611,0.557823,2.60353e-05,0.550264,0.000130884,-1.58938e-05,-6.52279e-05,-9.01811e-05,0.000122382,0.000228142,-0.00017877,6.96217e-05,4.758e-06,3.23967e-05
all_features,lgbm,perm_p2_qlike,column,adj_spread_ewstock_ma_25,adj_spread_ewstock_ma_25,1,True,3.47264e-05,-0.000122782,0.000201706,103,0,0.0278585,0.52381,2.13702e-05,0.453221,0.000348855,-0.000171005,8.13639e-05,0.000253874,-0.000262037,0.000124998,7.25773e-06,-7.77654e-05,0.000203302,-5.26429e-06
all_features,lgbm,perm_p2_qlike,column,adj_spread_ewstock_ma_125,adj_spread_ewstock_ma_125,1,True,2.58648e-06,-9.98313e-05,0.000105989,167,0,0.00207494,0.489796,-4.60275e-06,8.92793,-0.000396222,9.44962e-05,7.34726e-05,0.000155575,-8.92567e-05,-8.682e-05,0.000221478,-2.33237e-05,0.000170331,-6.69447e-05
all_features,lgbm,perm_p2_qlike,column,adj_spread_ewstock_ma_625,adj_spread_ewstock_ma_625,1,True,8.34909e-05,-1.16418e-05,0.000178353,57,0,0.0669787,0.496599,-1.20765e-06,0.276829,0.000195489,7.95995e-05,3.54002e-05,5.13744e-06,1.74258e-07,0.000272991,-2.3888e-05,0.000161556,0.000267663,-2.96689e-05
all_features,lgbm,perm_p2_qlike,column,adj_spread_ewstock_ma_3125,adj_spread_ewstock_ma_3125,1,True,-7.77892e-05,-0.000184889,1.85652e-05,509,0,-0.0624046,0.52381,1.81841e-05,,-0.000299237,-3.58961e-05,5.60635e-05,-1.61271e-05,5.79801e-05,-0.000302113,-0.00018974,-0.000287084,-8.23972e-05,-3.28411e-06
all_features,lgbm,perm_p2_qlike,column,adj_sumret2_vwstock_ma_1,adj_sumret2_vwstock_ma_1,1,True,4.75476e-05,-6.92081e-05,0.00014103,86,0,0.038144,0.612245,5.03777e-05,0.314126,-0.000495324,8.45337e-05,0.000266596,-1.04404e-05,0.000103844,8.79892e-05,3.33636e-06,5.65726e-05,-6.01041e-05,9.47982e-05
all_features,lgbm,perm_p2_qlike,column,adj_sumret2_vwstock_ma_5,adj_sumret2_vwstock_ma_5,1,True,-0.000327786,-0.001135,0.00011108,563,0,-0.262959,0.52381,1.9783e-05,,-0.0042045,6.78103e-05,-4.31582e-05,0.000144629,-2.05258e-06,3.98449e-05,0.000159756,-0.00212943,0.000128179,8.16594e-05
all_features,lgbm,perm_p2_qlike,column,adj_sumret2_vwstock_ma_25,adj_sumret2_vwstock_ma_25,1,True,-5.59748e-05,-0.000150324,3.88927e-05,483,0,-0.0449045,0.503401,9.06774e-07,,-0.000285317,-8.4605e-05,1.52484e-05,-6.15232e-05,-3.89905e-05,2.65375e-06,-3.14633e-05,-4.22591e-05,-0.000110157,-3.53639e-05
all_features,lgbm,perm_p2_qlike,column,adj_sumret2_vwstock_ma_125,adj_sumret2_vwstock_ma_125,1,True,-6.66433e-05,-0.000154369,7.27672e-06,497,0,-0.0534631,0.455782,-2.15436e-05,,-0.000368927,-0.000215743,2.1307e-05,-1.47793e-05,1.48028e-05,-8.46886e-07,1.30879e-05,-9.81511e-06,-6.10055e-05,-8.89255e-05
all_features,lgbm,perm_p2_qlike,column,adj_sumret2_vwstock_ma_625,adj_sumret2_vwstock_ma_625,1,True,-5.61119e-05,-0.000190167,6.67199e-05,484,0,-0.0450145,0.503401,5.25442e-06,,-4.2828e-05,0.000115404,-0.000215317,-7.34095e-05,-0.000128329,-1.26932e-05,7.23294e-06,0.000123061,0.000119687,-0.000200304
all_features,lgbm,perm_p2_qlike,column,adj_sumret2_vwstock_ma_3125,adj_sumret2_vwstock_ma_3125,1,True,2.27915e-05,-5.0698e-05,9.27867e-05,118,0,0.018284,0.52381,1.62997e-05,0.435055,3.99057e-05,0.000204256,-8.86687e-05,0.00011898,-0.000124168,-4.4421e-06,-3.02459e-06,6.9551e-05,9.77602e-05,-2.84502e-05
all_features,lgbm,perm_p2_qlike,column,adj_sumret3_vwstock_ma_1,adj_sumret3_vwstock_ma_1,1,True,-7.97572e-05,-0.000252839,7.44219e-05,515,0,-0.0639835,0.510204,3.57805e-06,,-0.000218728,-2.43084e-05,-0.000211083,-0.000118666,-6.76234e-05,6.96016e-06,0.000192335,-5.92695e-05,-8.9933e-05,-8.20782e-05
all_features,lgbm,perm_p2_qlike,column,adj_sumret3_vwstock_ma_5,adj_sumret3_vwstock_ma_5,1,True,4.04087e-05,-8.58464e-05,0.000170423,92,0,0.032417,0.489796,-1.553e-05,0.594921,-4.84312e-05,0.000185012,0.000293369,-1.22619e-05,-0.000113088,-0.000203948,0.000335891,4.27336e-05,5.81924e-05,3.12841e-05
all_features,lgbm,perm_p2_qlike,column,adj_sumret3_vwstock_ma_25,adj_sumret3_vwstock_ma_25,1,True,2.85559e-06,-0.000124045,0.000144807,166,0,0.00229084,0.489796,-1.51065e-05,8.46196,-0.000323099,0.000381135,-8.6906e-05,-0.00013581,2.76601e-06,-6.64189e-05,0.000236642,2.98569e-05,-3.28827e-05,1.02438e-05
all_features,lgbm,perm_p2_qlike,column,adj_sumret3_vwstock_ma_125,adj_sumret3_vwstock_ma_125,1,True,-0.000169043,-0.000318195,-3.95671e-05,550,0.00680272,-0.135611,0.482993,-2.55483e-05,,-0.000120507,-0.000405354,-0.000251795,-0.000144865,-6.21555e-05,-4.09266e-05,-2.94951e-05,9.82969e-05,-0.000237037,-0.000229642
all_features,lgbm,perm_p2_qlike,column,adj_sumret3_vwstock_ma_625,adj_sumret3_vwstock_ma_625,1,True,-5.67827e-05,-0.000173677,4.88386e-05,485,0,-0.0455527,0.52381,8.32516e-06,,-0.000146034,-0.000115159,-0.000339579,7.56408e-07,-1.28667e-05,0.000153385,0.00019099,-2.76629e-05,9.28412e-05,-0.000136858
all_features,lgbm,perm_p2_qlike,column,adj_sumret3_vwstock_ma_3125,adj_sumret3_vwstock_ma_3125,1,True,1.88624e-05,-0.000108087,0.000161657,125,0.00680272,0.0151319,0.530612,8.7547e-06,1.21108,-5.731e-05,-0.00027272,-2.7983e-05,5.52247e-05,-9.06726e-05,0.000150721,0.00106638,0.000284166,9.21578e-05,-0.000107142
all_features,lgbm,perm_p2_qlike,column,adj_sumret4_vwstock_ma_1,adj_sumret4_vwstock_ma_1,1,True,7.37434e-05,-1.60006e-05,0.00017431,61,0,0.059159,0.585034,4.08196e-05,0.606519,0.000205158,-3.87943e-05,0.000273915,9.97405e-05,6.5895e-05,-6.29996e-05,-3.02883e-05,0.000229156,1.28341e-06,5.39247e-05
all_features,lgbm,perm_p2_qlike,column,adj_sumret4_vwstock_ma_5,adj_sumret4_vwstock_ma_5,1,True,2.15466e-05,-5.65529e-05,0.000105166,122,0,0.0172853,0.52381,2.16451e-05,0.860831,7.32475e-05,9.06869e-05,3.53611e-05,2.22406e-06,2.59911e-05,-3.38595e-05,-0.000112379,0.000129329,-6.57058e-05,2.5114e-05
all_features,lgbm,perm_p2_qlike,column,adj_sumret4_vwstock_ma_25,adj_sumret4_vwstock_ma_25,1,True,-0.000105629,-0.000228711,2.33684e-05,531,0,-0.0847384,0.44898,-3.36191e-05,,2.67908e-05,-0.000109363,-0.000337418,5.2972e-05,-0.000109153,-9.79852e-05,-9.26702e-05,-0.000192373,1.99855e-06,-0.000126002
all_features,lgbm,perm_p2_qlike,column,adj_sumret4_vwstock_ma_125,adj_sumret4_vwstock_ma_125,1,True,-9.94749e-05,-0.000199472,-1.28366e-05,525,0,-0.0798015,0.421769,-1.23625e-05,,-2.79122e-05,-0.000122545,-0.000205915,-7.60176e-05,6.9369e-06,-0.000104143,-0.000200679,-0.00025086,-2.95034e-05,-7.9884e-05
all_features,lgbm,perm_p2_qlike,column,adj_sumret4_vwstock_ma_625,adj_sumret4_vwstock_ma_625,1,True,-2.35608e-05,-0.000107558,3.83105e-05,434,0,-0.0189012,0.537415,1.59363e-05,,0.0001025,3.41978e-05,-0.000136393,3.35274e-06,-8.27274e-05,-1.54018e-05,1.2218e-05,-1.93311e-05,9.41624e-06,-4.0453e-05
all_features,lgbm,perm_p2_qlike,column,adj_sumret4_vwstock_ma_3125,adj_sumret4_vwstock_ma_3125,1,True,-4.16417e-06,-7.31903e-05,7.38051e-05,393,0,-0.00334061,0.455782,-4.59439e-06,,-0.00014996,5.72787e-05,3.09195e-05,4.6623e-05,1.36479e-05,-6.07784e-05,-0.000115416,-6.13631e-05,-6.44853e-05,4.38327e-05
all_features,lgbm,perm_p2_qlike,column,adj_sumabsret_vwstock_ma_1,adj_sumabsret_vwstock_ma_1,1,True,0.00065715,-5.17527e-05,0.00141406,12,0.0816327,0.527184,0.585034,0.000398297,0.221225,-0.000185234,-9.53969e-05,0.000590015,0.000192609,0.000439948,0.00125265,0.00500545,0.0012148,0.0015413,5.06871e-05
all_features,lgbm,perm_p2_qlike,column,adj_sumabsret_vwstock_ma_5,adj_sumabsret_vwstock_ma_5,1,True,0.000146998,-0.000241557,0.000536784,36,0.00680272,0.117926,0.530612,0.000119937,0.365947,0.000997207,0.000174757,-0.000199634,0.000367389,0.000262464,-0.000145924,-0.000382378,0.000199247,1.53702e-05,0.000190525
all_features,lgbm,perm_p2_qlike,column,adj_sumabsret_vwstock_ma_25,adj_sumabsret_vwstock_ma_25,1,True,6.5416e-05,-7.81768e-05,0.000209723,69,0.0136054,0.0524785,0.462585,-4.06921e-05,0.62804,0.000537796,-0.000185955,9.30436e-05,0.000107853,-2.63135e-05,9.19463e-05,9.99799e-05,9.24182e-05,0.000169919,7.18458e-06
all_features,lgbm,perm_p2_qlike,column,adj_sumabsret_vwstock_ma_125,adj_sumabsret_vwstock_ma_125,1,True,-3.95014e-05,-0.000167688,5.74579e-05,462,0,-0.0316891,0.537415,3.75156e-05,,-0.000155558,-0.000186227,8.95269e-05,-3.15158e-05,-9.50686e-05,0.000114952,-0.000112145,-3.59335e-05,4.94367e-05,-8.2349e-05
all_features,lgbm,perm_p2_qlike,column,adj_sumabsret_vwstock_ma_625,adj_sumabsret_vwstock_ma_625,1,True,5.04634e-06,-7.87895e-05,9.3986e-05,161,0,0.00404831,0.489796,0,2.32008,-8.3977e-05,-5.94138e-05,7.03871e-05,6.9715e-05,1.74353e-05,2.21747e-05,-0.000141144,-0.000236292,1.44829e-05,8.40565e-05
all_features,lgbm,perm_p2_qlike,column,adj_sumabsret_vwstock_ma_3125,adj_sumabsret_vwstock_ma_3125,1,True,-0.000101187,-0.000257492,3.22055e-05,527,0,-0.0811751,0.469388,-1.91483e-05,,1.86527e-05,3.81652e-05,-0.000543619,6.03403e-05,-1.99368e-05,-7.3083e-05,-0.000214139,-0.000131788,-8.31398e-05,-9.90535e-05
all_features,lgbm,perm_p2_qlike,column,adj_sumbipow_vwstock_ma_1,adj_sumbipow_vwstock_ma_1,1,True,8.86028e-05,-4.55166e-05,0.000250847,51,0,0.0710796,0.462585,-5.7778e-05,0.378226,0.000596852,-6.91631e-06,0.00048854,-2.42472e-05,-4.07812e-05,-0.000184214,-6.91072e-05,3.7682e-05,-3.78087e-05,0.000165353
all_features,lgbm,perm_p2_qlike,column,adj_sumbipow_vwstock_ma_5,adj_sumbipow_vwstock_ma_5,1,True,0.000183324,-1.82013e-06,0.000373375,29,0,0.147068,0.510204,1.99987e-05,0.289249,0.00110691,2.74448e-05,8.29265e-05,0.000166613,0.00024116,4.0656e-05,-0.00018443,4.74326e-05,0.000112774,0.000263309
all_features,lgbm,perm_p2_qlike,column,adj_sumbipow_vwstock_ma_25,adj_sumbipow_vwstock_ma_25,1,True,4.5814e-05,-9.23025e-05,0.000187182,88,0.00680272,0.0367533,0.55102,5.3134e-05,0.700136,-8.06216e-05,0.000135247,-8.44063e-05,0.000223447,3.16744e-05,0.000114637,-0.000363553,-5.73997e-05,-6.02232e-06,0.000105747
all_features,lgbm,perm_p2_qlike,column,adj_sumbipow_vwstock_ma_125,adj_sumbipow_vwstock_ma_125,1,True,0.000141706,1.09017e-05,0.000294912,37,0,0.11368,0.55102,2.73494e-05,0.368496,0.000109046,0.000366825,0.000334985,2.43285e-05,6.60622e-05,-4.59124e-05,4.74621e-05,0.000401986,-1.8335e-05,0.000126615
all_features,lgbm,perm_p2_qlike,column,adj_sumbipow_vwstock_ma_625,adj_sumbipow_vwstock_ma_625,1,True,-7.77051e-05,-0.000171566,1.33711e-05,508,0,-0.0623372,0.408163,-3.3578e-05,,-0.000255637,-5.27977e-05,-0.00011354,-8.22674e-05,2.46824e-06,-3.86314e-05,-0.000116404,-0.000185948,-2.38938e-05,-6.54663e-05
all_features,lgbm,perm_p2_qlike,column,adj_sumbipow_vwstock_ma_3125,adj_sumbipow_vwstock_ma_3125,1,True,-1.40312e-05,-5.84723e-05,3.07518e-05,417,0,-0.0112562,0.462585,-6.56203e-08,,7.41565e-05,-3.09712e-05,-7.62848e-05,2.89689e-05,-7.57748e-07,-2.4838e-05,-5.02753e-05,7.70273e-07,-1.66951e-05,-1.79013e-05
all_features,lgbm,perm_p2_qlike,column,adj_sumpret2_vwstock_ma_1,adj_sumpret2_vwstock_ma_1,1,True,-2.67555e-05,-0.000202766,0.000122185,440,0,-0.021464,0.530612,7.76916e-06,,-0.000864479,3.78711e-05,0.000310125,-0.00012972,-1.81071e-05,-7.52584e-05,0.000524965,7.16284e-05,0.000101562,-0.000120805
all_features,lgbm,perm_p2_qlike,column,adj_sumpret2_vwstock_ma_5,adj_sumpret2_vwstock_ma_5,1,True,6.9876e-05,-4.11885e-05,0.000194976,67,0,0.0560564,0.571429,4.42032e-05,0.385792,7.83507e-05,3.97875e-06,0.000273334,6.30253e-05,7.4301e-05,2.01184e-05,-0.00020591,2.25808e-05,-3.93197e-05,0.000137318
all_features,lgbm,perm_p2_qlike,column,adj_sumpret2_vwstock_ma_25,adj_sumpret2_vwstock_ma_25,1,True,6.09401e-05,-0.000206993,0.000359443,74,0.00680272,0.0488879,0.591837,0.000134214,1.26109,0.000329259,0.00059289,-0.000429166,4.80172e-05,4.83236e-06,-7.26513e-05,6.0862e-05,0.000369924,-4.31323e-05,2.82659e-06
all_features,lgbm,perm_p2_qlike,column,adj_sumpret2_vwstock_ma_125,adj_sumpret2_vwstock_ma_125,1,True,-3.75769e-05,-0.000124513,4.42426e-05,457,0,-0.0301453,0.489796,0,,-0.000333316,-0.00010185,4.47889e-05,-0.0001388,8.89559e-05,6.28419e-05,2.08665e-06,-9.01227e-06,-7.73616e-06,-6.14137e-05
all_features,lgbm,perm_p2_qlike,column,adj_sumpret2_vwstock_ma_625,adj_sumpret2_vwstock_ma_625,1,True,0.00011091,-2.62897e-05,0.000284122,43,0,0.0889748,0.482993,-4.61617e-06,0.420383,6.99997e-05,0.000295206,0.00040859,-9.74269e-05,-1.52995e-05,-8.16561e-06,6.51682e-05,0.000110865,1.06535e-05,0.000157835
all_features,lgbm,perm_p2_qlike,column,adj_sumpret2_vwstock_ma_3125,adj_sumpret2_vwstock_ma_3125,1,True,3.66639e-05,-0.000236031,0.000349109,96,0,0.0294128,0.530612,3.18473e-05,2.47449,-0.000563728,0.000248761,0.000160251,-0.000124951,8.19463e-05,6.17356e-05,0.000224312,-6.25363e-05,0.000107963,3.75942e-05
all_features,lgbm,perm_p2_qlike,column,adj_turnover_vwstock_ma_1,adj_turnover_vwstock_ma_1,1,True,0.000151811,-0.000251958,0.000517263,34,0.0136054,0.121787,0.55102,7.62671e-05,0.746388,3.57205e-05,6.94765e-05,0.000626387,-0.00011237,0.000455486,-0.000154504,-4.36298e-05,-0.000645455,0.000478457,0.000274571
all_features,lgbm,perm_p2_qlike,column,adj_turnover_vwstock_ma_5,adj_turnover_vwstock_ma_5,1,True,1.0826e-05,-0.000131778,0.000172516,145,0.00680272,0.00868492,0.503401,2.35753e-06,3.14114,8.13625e-05,-0.000111434,4.43875e-05,-9.19626e-05,-4.71891e-05,-0.000156173,0.00122827,0.000106728,0.000171081,-9.73086e-05
all_features,lgbm,perm_p2_qlike,column,adj_turnover_vwstock_ma_25,adj_turnover_vwstock_ma_25,1,True,-0.000123892,-0.000350209,6.86867e-05,538,0,-0.0993898,0.517007,7.78662e-06,,-0.000112159,-0.000193985,0.000269173,4.33217e-05,-0.000493636,-0.000236701,-0.000158484,-0.000383891,-1.42602e-06,-9.13182e-05
all_features,lgbm,perm_p2_qlike,column,adj_turnover_vwstock_ma_125,adj_turnover_vwstock_ma_125,1,True,-3.78791e-05,-0.000114264,3.56878e-05,458,0,-0.0303876,0.52381,1.41363e-05,,-0.000157985,-2.76535e-05,-2.0954e-05,1.25104e-05,2.61001e-05,2.1192e-05,-0.000476311,-0.000194169,3.04577e-05,-1.58278e-05
all_features,lgbm,perm_p2_qlike,column,adj_turnover_vwstock_ma_625,adj_turnover_vwstock_ma_625,1,True,-4.87306e-06,-7.88196e-05,8.29962e-05,396,0.00680272,-0.0039093,0.489796,-9.61068e-06,,-0.000121934,-4.16801e-05,-7.52977e-06,0.000220546,7.16533e-06,-9.66365e-05,-0.000143754,-4.59835e-05,4.18387e-05,-1.25185e-05
all_features,lgbm,perm_p2_qlike,column,adj_turnover_vwstock_ma_3125,adj_turnover_vwstock_ma_3125,1,True,-6.52173e-06,-0.000191094,0.000190252,400,0,-0.00523191,0.578231,4.55535e-05,,-0.000114455,0.000246937,0.000202247,-0.000404592,-6.55026e-05,1.75512e-05,4.64465e-05,3.66647e-05,2.70273e-05,-3.7148e-05
all_features,lgbm,perm_p2_qlike,column,adj_buyturnover_vwstock_ma_1,adj_buyturnover_vwstock_ma_1,1,True,-2.04064e-05,-0.000379332,0.000300231,428,0.0136054,-0.0163706,0.55102,4.52005e-05,,-2.05429e-05,0.000105864,1.16249e-05,-1.30886e-05,-9.27822e-05,7.02707e-06,-0.000418056,-0.000691194,0.000362401,3.23547e-05
all_features,lgbm,perm_p2_qlike,column,adj_buyturnover_vwstock_ma_5,adj_buyturnover_vwstock_ma_5,1,True,-0.000125334,-0.000261843,-7.31687e-06,541,0,-0.100546,0.401361,-4.05738e-05,,-2.94173e-05,-0.000177512,-0.000311909,-3.55606e-05,-2.09805e-05,-0.00013037,-0.000119409,-0.000190167,-0.000192456,-7.15159e-05
all_features,lgbm,perm_p2_qlike,column,adj_buyturnover_vwstock_ma_25,adj_buyturnover_vwstock_ma_25,1,True,-0.000218687,-0.000484152,3.21801e-05,560,0,-0.175437,0.47619,-1.2424e-05,,-0.000302391,-0.000185347,0.000386915,9.69635e-05,-0.000598592,-0.000540329,-0.000885936,-0.000788743,-0.0001036,-7.54794e-05
all_features,lgbm,perm_p2_qlike,column,adj_buyturnover_vwstock_ma_125,adj_buyturnover_vwstock_ma_125,1,True,-3.63291e-05,-0.000136363,5.62005e-05,454,0.00680272,-0.0291442,0.537415,1.71429e-05,,-0.00027811,8.8046e-05,2.5966e-05,3.52437e-06,-1.11691e-05,5.59729e-05,-0.000742768,-4.95717e-05,-0.00010445,1.22232e-07
all_features,lgbm,perm_p2_qlike,column,adj_buyturnover_vwstock_ma_625,adj_buyturnover_vwstock_ma_625,1,True,-0.00014798,-0.000276457,-3.73548e-05,546,0,-0.118713,0.462585,-1.11523e-05,,-0.000269603,-3.09768e-05,-0.000163224,-8.00392e-05,-0.000198387,2.01649e-05,-0.00087226,6.41685e-07,-0.000286798,-0.000134402
all_features,lgbm,perm_p2_qlike,column,adj_buyturnover_vwstock_ma_3125,adj_buyturnover_vwstock_ma_3125,1,True,-4.75059e-05,-0.000238478,0.000131378,475,0,-0.0381106,0.510204,1.28411e-05,,0.000212306,0.000270186,-7.31928e-05,-0.000482519,-0.000175676,1.75324e-05,0.000137082,0.0002024,2.95848e-05,-0.000169964
all_features,lgbm,perm_p2_qlike,column,adj_sellturnover_vwstock_ma_1,adj_sellturnover_vwstock_ma_1,1,True,6.33948e-05,-0.00108395,0.000911043,72,0.0272109,0.0508571,0.578231,0.000279442,1.46691,0.000213001,-7.64797e-05,0.0012979,0.000264043,0.000684945,9.05943e-06,-0.00605905,-0.00235462,0.000497074,0.000696332
all_features,lgbm,perm_p2_qlike,column,adj_sellturnover_vwstock_ma_5,adj_sellturnover_vwstock_ma_5,1,True,-6.67941e-06,-0.000135911,0.000115668,402,0,-0.00535841,0.52381,3.85767e-05,,-8.0558e-05,0.000111631,-0.000204017,0.00016153,-0.000132047,-5.52877e-05,0.000368251,-6.45164e-05,4.14436e-05,-9.20317e-06
all_features,lgbm,perm_p2_qlike,column,adj_sellturnover_vwstock_ma_25,adj_sellturnover_vwstock_ma_25,1,True,-0.000186871,-0.000353947,-4.66258e-05,554,0,-0.149913,0.380952,-0.000119535,,0.000244983,-0.00059671,-0.000103679,-4.49429e-05,-0.00011078,-0.00031921,-8.30929e-05,-0.000211484,-0.000220999,-0.000162395
all_features,lgbm,perm_p2_qlike,column,adj_sellturnover_vwstock_ma_125,adj_sellturnover_vwstock_ma_125,1,True,9.15408e-05,-3.43388e-05,0.000245093,48,0,0.0734366,0.557823,3.90893e-05,0.337134,-0.000380165,0.000307623,9.68932e-05,5.23118e-05,0.000213613,-1.02148e-05,0.00019952,0.000125148,0.000152563,5.13712e-05
all_features,lgbm,perm_p2_qlike,column,adj_sellturnover_vwstock_ma_625,adj_sellturnover_vwstock_ma_625,1,True,-0.000110531,-0.000387856,7.50403e-05,533,0.00680272,-0.0886714,0.55102,3.21018e-05,,5.12554e-05,0.000129125,-0.000106038,2.74104e-05,-7.49411e-05,-5.03861e-05,-0.00191921,-0.000564791,0.00014551,-7.33056e-05
all_features,lgbm,perm_p2_qlike,column,adj_sellturnover_vwstock_ma_3125,adj_sellturnover_vwstock_ma_3125,1,True,0.000100611,-2.50168e-06,0.000224383,46,0,0.0807128,0.585034,3.16995e-05,0.304216,-0.000121315,0.000177356,0.000274635,-2.87776e-06,4.33994e-05,0.0001476,2.23592e-05,7.99101e-06,0.000105352,0.000130409
all_features,lgbm,perm_p2_qlike,column,adj_effspread_vwstock_ma_1,adj_effspread_vwstock_ma_1,1,True,7.94389e-05,6.00357e-06,0.000159733,58,0,0.0637281,0.578231,4.23251e-05,0.154564,0.00013096,0.00010035,0.000141623,0.00012484,-4.30809e-05,3.41486e-05,0.000116424,-8.19295e-05,0.000236857,6.15646e-05
all_features,lgbm,perm_p2_qlike,column,adj_effspread_vwstock_ma_5,adj_effspread_vwstock_ma_5,1,True,-2.13222e-05,-0.000266322,0.000244243,430,0,-0.0171053,0.44898,-2.77e-05,,-0.000768136,5.52047e-05,-0.000177765,-0.000133967,7.1941e-05,0.000522664,-0.000209316,-3.14188e-05,-1.38496e-05,-2.13284e-05
all_features,lgbm,perm_p2_qlike,column,adj_effspread_vwstock_ma_25,adj_effspread_vwstock_ma_25,1,True,-5.9408e-05,-0.000153861,3.44624e-05,489,0,-0.0476588,0.442177,-5.98824e-05,,-0.000174423,-3.78862e-05,-0.000156168,0.00014456,-1.50746e-05,-0.000101385,-0.000287698,-0.000100865,-0.000116111,-1.85457e-05
all_features,lgbm,perm_p2_qlike,column,adj_effspread_vwstock_ma_125,adj_effspread_vwstock_ma_125,1,True,6.38239e-05,-0.000137486,0.000271975,71,0,0.0512013,0.530612,5.14313e-05,0.459933,-8.71152e-05,0.000643776,-0.000157353,0.000274219,0.000171765,-0.000253202,-0.000900714,-0.000188659,-6.79432e-05,0.000212756
all_features,lgbm,perm_p2_qlike,column,adj_effspread_vwstock_ma_625,adj_effspread_vwstock_ma_625,1,True,-8.15858e-05,-0.000282686,0.000117714,517,0,-0.0654504,0.482993,-1.34998e-05,,-0.00061025,5.61482e-05,-0.000281796,7.22918e-05,-2.77591e-05,2.62509e-05,-2.9905e-05,-0.000612539,0.000161595,-1.18309e-05
all_features,lgbm,perm_p2_qlike,column,adj_effspread_vwstock_ma_3125,adj_effspread_vwstock_ma_3125,1,True,-5.1238e-05,-0.000136913,3.97213e-05,479,0,-0.0411045,0.442177,-2.98177e-05,,8.69292e-06,-0.000183554,9.9436e-05,-2.12369e-05,-4.48546e-05,-3.95455e-05,-0.000343346,-9.08272e-05,-4.67852e-05,-3.96363e-05
all_features,lgbm,perm_p2_qlike,column,adj_spread_vwstock_ma_1,adj_spread_vwstock_ma_1,1,True,1.82396e-05,-0.00041507,0.000351974,128,0,0.0146323,0.496599,-3.06469e-06,4.20324,-0.00139416,0.00049702,0.000319527,-0.000112763,1.04145e-05,3.5737e-05,0.000197227,-0.000712839,0.000418275,8.37812e-05
all_features,lgbm,perm_p2_qlike,column,adj_spread_vwstock_ma_5,adj_spread_vwstock_ma_5,1,True,0.000220952,2.46216e-05,0.000445052,25,0,0.177254,0.52381,2.50804e-05,0.289393,0.000943612,9.90219e-05,0.000166833,1.54109e-05,0.000297853,0.000172618,0.000164362,2.69888e-05,0.00040531,0.00020174
all_features,lgbm,perm_p2_qlike,column,adj_spread_vwstock_ma_25,adj_spread_vwstock_ma_25,1,True,1.55605e-05,-0.000117548,0.000142888,137,0,0.012483,0.496599,-1.0967e-06,1.80013,0.000338694,-0.000141356,0.000118883,-4.57845e-05,5.40347e-06,-1.06054e-05,-1.76415e-05,4.12398e-05,0.000149148,-5.58223e-05
all_features,lgbm,perm_p2_qlike,column,adj_spread_vwstock_ma_125,adj_spread_vwstock_ma_125,1,True,-2.26549e-05,-0.000101756,5.34059e-05,432,0,-0.0181744,0.44898,-8.75688e-06,,7.49455e-05,2.99582e-05,-2.98994e-05,-4.55591e-05,-9.97835e-05,-3.88026e-06,-7.63483e-05,-1.71092e-05,-2.68671e-06,-3.39151e-05
all_features,lgbm,perm_p2_qlike,column,adj_spread_vwstock_ma_625,adj_spread_vwstock_ma_625,1,True,3.19552e-05,-0.000128145,0.000203133,106,0,0.0256354,0.52381,1.37156e-05,1.23063,6.63693e-06,0.000247689,0.000258621,1.67389e-05,-0.000292996,-8.14669e-05,8.17226e-05,3.69653e-05,-4.93889e-05,6.82844e-05
all_features,lgbm,perm_p2_qlike,column,adj_spread_vwstock_ma_3125,adj_spread_vwstock_ma_3125,1,True,1.24465e-05,-8.10155e-05,0.000118879,141,0,0.00998492,0.47619,-1.15084e-05,1.6879,-0.000382221,-0.000113267,0.000231396,-0.000111668,1.81068e-05,7.17993e-05,0.00056979,-0.000131713,0.000192632,-2.20294e-05
all_features,lgbm,perm_p2_qlike,column,adj_stocktwits_attention_ma_1,adj_stocktwits_attention_ma_1,1,True,7.27937e-05,-0.000176604,0.000336077,62,0.00680272,0.0583971,0.496599,-1.89586e-06,0.833441,0.000303739,0.000362546,0.000399996,-7.90247e-05,-0.000113266,-0.000235978,-0.000249947,0.000298251,9.67656e-05,-1.63587e-05
all_features,lgbm,perm_p2_qlike,column,adj_stocktwits_attention_ma_5,adj_stocktwits_attention_ma_5,1,True,-5.69973e-05,-0.000199046,8.06737e-05,486,0,-0.0457248,0.47619,-2.38968e-05,,-1.08411e-05,0.000117679,-1.51228e-05,-0.000194394,7.46595e-06,-0.000207508,-0.000133246,5.36009e-05,1.92802e-05,-0.000130919
all_features,lgbm,perm_p2_qlike,column,adj_stocktwits_attention_ma_25,adj_stocktwits_attention_ma_25,1,True,-1.28487e-05,-0.000193507,0.000171138,412,0,-0.0103076,0.489796,-4.18638e-05,,-7.81202e-05,4.26045e-05,-0.000127735,8.10256e-06,0.000133229,-0.000167358,0.000235999,3.6168e-05,-0.000121819,2.11946e-05
all_features,lgbm,perm_p2_qlike,column,adj_stocktwits_attention_ma_125,adj_stocktwits_attention_ma_125,1,True,-7.59502e-05,-0.000177021,2.13764e-05,506,0,-0.0609293,0.455782,-3.0605e-05,,-0.000252418,-9.74077e-05,0.000115017,-0.00013628,-0.000157601,8.77993e-05,-0.000388156,-0.000120827,-5.87944e-05,-6.84643e-05
all_features,lgbm,perm_p2_qlike,column,adj_stocktwits_attention_ma_625,adj_stocktwits_attention_ma_625,1,True,0.00010173,-0.000102573,0.000307177,45,0.00680272,0.0816104,0.489796,-3.5316e-05,0.520398,-8.088e-05,0.000252204,0.000215458,-0.0001298,1.71985e-05,0.000415924,-0.000446996,0.000340499,4.55435e-05,4.54819e-05
all_features,lgbm,perm_p2_qlike,column,adj_stocktwits_attention_ma_3125,adj_stocktwits_attention_ma_3125,1,True,-2.2996e-05,-0.000159327,0.000123983,433,0,-0.018448,0.496599,-2.1624e-06,,0.000280674,0.000329252,-0.000240805,9.58157e-05,-0.000293227,-0.000143212,-0.000133129,7.42037e-05,-0.000156584,5.9101e-06
all_features,lgbm,perm_p2_qlike,column,adj_stocktwits_sentiment_ma_1,adj_stocktwits_sentiment_ma_1,1,True,2.12911e-05,-0.000549004,0.000593652,123,0.0272109,0.0170803,0.442177,-0.000262184,4.38069,0.00184869,7.01022e-06,-0.000545241,-0.000455885,6.65566e-05,7.83697e-05,4.0185e-05,0.000200022,0.000165824,-0.000108119
all_features,lgbm,perm_p2_qlike,column,adj_stocktwits_sentiment_ma_5,adj_stocktwits_sentiment_ma_5,1,True,-3.70916e-05,-0.000394987,0.000413352,456,0.0136054,-0.0297559,0.47619,-4.00274e-05,,0.000591367,0.000331973,-0.000672081,-0.00013442,2.49005e-05,-8.98088e-05,2.20506e-06,-6.20075e-05,-0.000177833,3.73742e-05
all_features,lgbm,perm_p2_qlike,column,adj_stocktwits_sentiment_ma_25,adj_stocktwits_sentiment_ma_25,1,True,5.27004e-05,-8.20141e-05,0.000231505,83,0,0.0422777,0.482993,-1.69212e-05,1.28934,0.00106839,-5.06291e-05,-4.72714e-05,-4.72241e-05,-5.26349e-05,-8.85992e-05,0.000134456,-0.000135287,3.90709e-05,0.000124061
all_features,lgbm,perm_p2_qlike,column,adj_stocktwits_sentiment_ma_125,adj_stocktwits_sentiment_ma_125,1,True,2.63358e-05,-0.000139127,0.000203822,111,0,0.0211273,0.503401,1.2394e-06,1.06484,-0.000681681,0.000165629,0.000433435,0.000125924,-0.000152345,-0.000112775,0.000135221,-0.000215453,7.13222e-06,0.000118902
all_features,lgbm,perm_p2_qlike,column,adj_stocktwits_sentiment_ma_625,adj_stocktwits_sentiment_ma_625,1,True,-0.00060526,-0.00235191,0.000482575,564,0.0204082,-0.485557,0.605442,0.00025129,,-0.000714048,0.000783508,-0.00411655,0.000315895,-0.000285062,9.28516e-06,0.000241728,9.81916e-06,0.000107825,-0.00115153
all_features,lgbm,perm_p2_qlike,column,adj_stocktwits_sentiment_ma_3125,adj_stocktwits_sentiment_ma_3125,1,True,-7.22521e-05,-0.000215648,9.02092e-05,503,0,-0.0579626,0.455782,-3.09678e-05,,-0.000132833,4.52312e-05,8.25641e-05,6.04662e-05,-0.000192926,-0.000310114,-0.000134528,2.27612e-05,-0.000133006,-7.66693e-05
all_features,lgbm,perm_p2_qlike,column,adj_stocktwits_sentcount_ma_1,adj_stocktwits_sentcount_ma_1,1,True,0.00020314,-4.11234e-05,0.000459682,26,0.00680272,0.162964,0.605442,0.000148546,0.179821,0.000594212,-0.000171007,0.000276139,0.000529958,0.000318139,-0.000157883,0.000304282,1.82411e-05,8.55377e-05,0.000322081
all_features,lgbm,perm_p2_qlike,column,adj_stocktwits_sentcount_ma_5,adj_stocktwits_sentcount_ma_5,1,True,0.00012282,-0.000107779,0.000336384,41,0.0136054,0.0985298,0.530612,6.50641e-05,0.299132,0.00063088,-0.000189795,0.000322966,0.000517305,-0.000115054,-8.35417e-05,-0.000160299,-0.000228638,8.2014e-05,0.000263405
all_features,lgbm,perm_p2_qlike,column,adj_stocktwits_sentcount_ma_25,adj_stocktwits_sentcount_ma_25,1,True,5.97378e-05,-0.000112823,0.000245018,76,0.00680272,0.0479233,0.489796,-1.40518e-05,0.831146,0.00022869,3.6982e-05,0.000119836,8.83628e-06,0.000182689,-9.56907e-05,-6.97205e-05,-0.000146008,-1.78512e-05,0.000167164
all_features,lgbm,perm_p2_qlike,column,adj_stocktwits_sentcount_ma_125,adj_stocktwits_sentcount_ma_125,1,True,-6.22156e-05,-0.000179829,6.31718e-05,492,0,-0.0499111,0.44898,-3.09327e-05,,-0.000174881,-0.000189524,-0.00017573,0.000107665,-1.364e-05,2.3584e-05,-6.14408e-05,-0.000152553,-6.34761e-06,-5.71285e-05
all_features,lgbm,perm_p2_qlike,column,adj_stocktwits_sentcount_ma_625,adj_stocktwits_sentcount_ma_625,1,True,7.91918e-05,-2.32561e-05,0.000194451,59,0,0.0635299,0.564626,5.8645e-05,0.34737,-7.09176e-06,4.1513e-05,7.6095e-05,0.000210813,-7.69392e-05,0.000204741,3.52405e-05,-1.93202e-05,4.06195e-05,0.000131293
all_features,lgbm,perm_p2_qlike,column,adj_stocktwits_sentcount_ma_3125,adj_stocktwits_sentcount_ma_3125,1,True,0.000151473,3.68457e-05,0.000274074,35,0,0.121516,0.598639,8.29087e-05,0.190147,0.000505079,-0.000203698,0.000222792,0.000465393,0.000118699,5.0283e-05,-5.66765e-05,-3.53031e-05,2.53866e-05,0.000275033
all_features,lgbm,perm_p2_qlike,column,adj_vix_ma_1,adj_vix_ma_1,1,True,0.000158959,1.13795e-05,0.000318423,31,0,0.127521,0.591837,0.000127275,0.179173,0.000400807,0.000126602,0.00062492,0.00018558,2.7449e-05,-0.000107812,-0.000430948,1.24062e-05,0.00011629,0.000229584
all_features,lgbm,perm_p2_qlike,column,adj_vix_ma_5,adj_vix_ma_5,1,True,-7.14229e-05,-0.000197115,5.55736e-05,502,0,-0.0572975,0.44898,-3.95814e-05,,-0.000475795,-7.904e-05,-1.78363e-05,5.93668e-05,-4.17316e-06,-0.00011841,-2.85239e-05,-0.000254522,-7.97361e-06,-3.78176e-05
all_features,lgbm,perm_p2_qlike,column,adj_vix_ma_25,adj_vix_ma_25,1,True,3.64004e-05,-0.000286395,0.000484693,98,0.00680272,0.0292014,0.564626,2.78269e-05,5.46577,0.00172696,-0.00043689,-0.000189596,1.59076e-05,-2.92121e-05,1.91078e-05,-0.000145485,-0.000153936,9.18927e-06,0.000114928
all_features,lgbm,perm_p2_qlike,column,adj_vix_ma_125,adj_vix_ma_125,1,True,1.447e-05,-0.000130456,0.000178616,139,0,0.0116082,0.469388,-2.70395e-06,2.74067,-0.000309789,9.80104e-05,8.03531e-05,-7.47366e-05,0.000146228,-1.02951e-05,8.34004e-06,-0.000169118,0.000114923,3.09303e-05
all_features,lgbm,perm_p2_qlike,column,adj_vix_ma_625,adj_vix_ma_625,1,True,-0.000281348,-0.00062123,-2.75848e-05,562,0.00680272,-0.225705,0.496599,-5.39897e-06,,-0.000539047,-5.33636e-05,-0.000912102,-8.06708e-05,-0.00037853,4.26024e-05,3.57613e-05,5.51983e-05,-5.7091e-05,-0.000502615
all_features,lgbm,perm_p2_qlike,column,adj_vix_ma_3125,adj_vix_ma_3125,1,True,-8.04256e-05,-0.000278109,5.99086e-05,516,0,-0.0645196,0.503401,2.10596e-06,,-0.000131625,-0.00049802,0.00014255,-4.59462e-06,5.32011e-05,-1.74192e-05,-0.00018966,-6.43321e-05,-2.93136e-05,-0.000109904
all_features,lgbm,perm_p2_qlike,column,adj_vvix_ma_1,adj_vvix_ma_1,1,True,-4.02457e-05,-0.000371307,0.000284371,466,0.00680272,-0.0322862,0.55102,9.76526e-05,,0.000118431,0.000230265,-0.000320626,9.8604e-05,-9.02812e-05,-0.00021052,-4.65826e-05,-0.000142184,-1.13602e-05,-1.85233e-05
all_features,lgbm,perm_p2_qlike,column,adj_vvix_ma_5,adj_vvix_ma_5,1,True,-0.000117997,-0.000278577,4.43104e-05,536,0.00680272,-0.0946606,0.47619,-2.55884e-05,,-0.000369093,-0.000181266,-3.10988e-06,-0.000154994,-6.19332e-05,-4.7207e-05,-0.0001445,-0.00030199,-0.000146517,-4.10503e-05
all_features,lgbm,perm_p2_qlike,column,adj_vvix_ma_25,adj_vvix_ma_25,1,True,-1.28152e-05,-0.000155271,0.000145866,411,0,-0.0102807,0.537415,2.29947e-05,,-0.00036321,0.000240426,-6.7171e-05,5.14053e-06,5.51308e-05,-9.06878e-05,-0.000123065,-1.69523e-05,3.05513e-06,-1.88109e-05
all_features,lgbm,perm_p2_qlike,column,adj_vvix_ma_125,adj_vvix_ma_125,1,True,-0.000186956,-0.000345813,-4.81017e-05,555,0,-0.149981,0.37415,-4.74726e-05,,-0.000544584,-0.000362084,-0.000154575,-0.000117568,-0.000106536,-6.83563e-06,-0.000168637,-3.56813e-05,-0.000131517,-0.000265189
all_features,lgbm,perm_p2_qlike,column,adj_vvix_ma_625,adj_vvix_ma_625,1,True,-9.19769e-05,-0.00025926,8.08795e-05,522,0.00680272,-0.0737865,0.482993,-2.38146e-05,,-0.000151599,-0.000343584,3.638e-05,-0.000179809,-0.000140212,0.000107865,0.000226199,5.27608e-05,-8.79255e-06,-0.000180932
all_features,lgbm,perm_p2_qlike,column,adj_vvix_ma_3125,adj_vvix_ma_3125,1,True,-0.000224412,-0.000434935,-7.05041e-05,561,0,-0.18003,0.469388,-2.87175e-05,,-0.000252016,-0.000560802,-0.000174548,-0.000140531,-0.000228579,-5.27962e-05,-2.50247e-05,-0.000121068,3.88817e-06,-0.000366958
all_features,lgbm,perm_p2_qlike,column,adj_vix3m_ma_1,adj_vix3m_ma_1,1,True,6.46956e-05,-0.000120555,0.000245508,70,0,0.0519006,0.537415,2.80874e-05,1.0167,7.91292e-05,0.000280577,7.07395e-06,8.84242e-05,-1.59166e-05,-2.03612e-05,-3.80248e-05,-0.000242418,-0.000150671,0.000271629
all_features,lgbm,perm_p2_qlike,column,adj_vix3m_ma_5,adj_vix3m_ma_5,1,True,1.71922e-05,-8.04705e-05,0.000117529,132,0,0.013792,0.510204,1.38778e-17,1.61593,9.34085e-05,0.000207893,-0.000193713,2.7951e-05,-9.55812e-06,-1.87298e-05,9.58518e-05,8.55474e-05,4.33264e-05,-1.86651e-05
all_features,lgbm,perm_p2_qlike,column,adj_vix3m_ma_25,adj_vix3m_ma_25,1,True,3.12026e-05,-3.47982e-05,0.000102563,108,0,0.0250316,0.510204,4.78374e-06,0.649607,-0.000185115,0.000213421,9.03378e-05,-1.64e-05,1.79218e-05,-2.05784e-05,-4.31409e-05,-3.62362e-05,-2.87231e-05,8.25542e-05
all_features,lgbm,perm_p2_qlike,column,adj_vix3m_ma_125,adj_vix3m_ma_125,1,True,-1.67591e-05,-9.86479e-05,5.48291e-05,421,0,-0.0134446,0.462585,0,,0.00033722,-0.000150427,-6.02114e-05,-3.60308e-05,2.23339e-06,8.2085e-06,-9.99584e-05,5.9765e-05,1.68682e-05,-5.89461e-05
all_features,lgbm,perm_p2_qlike,column,adj_vix3m_ma_625,adj_vix3m_ma_625,1,True,5.98453e-06,-0.000189038,0.000159644,158,0,0.00480095,0.598639,5.7864e-05,2.80442,7.86126e-05,-2.25658e-05,-0.000182581,-2.32626e-05,0.000147943,4.1753e-05,0.000107287,9.13105e-05,3.6885e-05,-3.79692e-05
all_features,lgbm,perm_p2_qlike,column,adj_vix3m_ma_3125,adj_vix3m_ma_3125,1,True,-0.000203488,-0.000498195,-2.50191e-05,557,0,-0.163244,0.435374,-2.13848e-06,,-0.000193712,-0.000898051,4.18246e-05,-8.28711e-05,-7.27428e-05,-2.74184e-05,-6.26123e-05,-1.69921e-06,-0.000169626,-0.000289086
all_features,lgbm,perm_p2_qlike,column,adj_voldemand_spx_open_and_close_ma_1,adj_voldemand_spx_open_and_close_ma_1,1,True,-0.000100111,-0.000199468,-1.20641e-05,526,0,-0.0803115,0.496599,-1.74391e-06,,-8.92413e-05,-6.11907e-05,-0.00014357,-0.000141778,4.39828e-05,-0.000102109,-0.000426367,-6.96608e-05,-0.00010599,-0.000107885
all_features,lgbm,perm_p2_qlike,column,adj_voldemand_spx_open_and_close_ma_5,adj_voldemand_spx_open_and_close_ma_5,1,True,-6.12812e-05,-0.000276714,0.000144121,491,0.00680272,-0.0491615,0.462585,-4.25354e-05,,-0.000749976,-8.55518e-05,-7.78411e-05,0.00016833,0.000118513,-2.18724e-05,-0.000216001,-0.000509385,-2.75081e-05,7.78163e-05
all_features,lgbm,perm_p2_qlike,column,adj_voldemand_spx_open_and_close_ma_25,adj_voldemand_spx_open_and_close_ma_25,1,True,-8.83866e-05,-0.000216566,1.99512e-05,521,0,-0.0709062,0.455782,-2.17284e-05,,-0.00037263,-0.000345774,-3.51373e-05,2.2314e-05,5.50583e-05,-4.03385e-05,0.000101635,-0.000179082,8.78009e-05,-0.000139474
all_features,lgbm,perm_p2_qlike,column,adj_voldemand_spx_open_and_close_ma_125,adj_voldemand_spx_open_and_close_ma_125,1,True,-0.000104519,-0.000245037,2.77326e-05,530,0,-0.0838479,0.47619,-4.25107e-05,,-1.27272e-05,-0.000380477,-0.000179361,3.00124e-05,-9.67064e-05,4.51841e-05,-3.47078e-05,-9.76293e-05,2.32009e-05,-0.00016666
all_features,lgbm,perm_p2_qlike,column,adj_voldemand_spx_open_and_close_ma_625,adj_voldemand_spx_open_and_close_ma_625,1,True,-6.0425e-05,-0.00019281,6.5267e-05,490,0,-0.0484746,0.496599,0,,-0.000158161,7.65601e-05,-0.000212768,9.27944e-05,-0.0002578,9.53804e-05,-0.000221654,-7.121e-05,2.29484e-05,-9.57073e-05
all_features,lgbm,perm_p2_qlike,column,adj_voldemand_spx_open_and_close_ma_3125,adj_voldemand_spx_open_and_close_ma_3125,1,True,-5.05397e-05,-0.000130388,2.07025e-05,478,0,-0.0405444,0.489796,0,,-3.42647e-06,-0.000124039,-4.27447e-05,-9.60958e-06,-0.000139659,7.6979e-05,-0.000161884,0.000158431,-4.15772e-05,-0.00012697
all_features,lgbm,perm_p2_qlike,column,adj_voldemand_spx_open_only_ma_1,adj_voldemand_spx_open_only_ma_1,1,True,0.000157773,-0.000131315,0.000450164,32,0.0136054,0.12657,0.537415,0.000114454,0.301422,0.000547641,0.000748846,-4.0321e-05,2.73942e-05,-0.000103324,2.3652e-05,-0.000138933,0.000445149,0.000142678,6.54952e-05
all_features,lgbm,perm_p2_qlike,column,adj_voldemand_spx_open_only_ma_5,adj_voldemand_spx_open_only_ma_5,1,True,-6.73272e-05,-0.000151588,1.32072e-05,498,0,-0.0540117,0.489796,-6.58061e-06,,3.14672e-05,-0.000140723,-0.000136129,-4.96485e-05,-0.000149964,4.37447e-05,8.34507e-05,0.000140293,-1.77034e-05,-0.000162316
all_features,lgbm,perm_p2_qlike,column,adj_voldemand_spx_open_only_ma_25,adj_voldemand_spx_open_only_ma_25,1,True,-7.93393e-05,-0.000270018,5.79301e-05,513,0,-0.0636482,0.537415,7.98751e-05,,-0.001037,-0.000101306,2.35726e-05,0.000195425,-2.33004e-06,-5.82704e-05,6.32952e-05,-0.000340674,3.64689e-05,-4.3188e-05
all_features,lgbm,perm_p2_qlike,column,adj_voldemand_spx_open_only_ma_125,adj_voldemand_spx_open_only_ma_125,1,True,-0.000124969,-0.000235222,-1.08236e-05,539,0,-0.100254,0.469388,-5.52365e-05,,-0.000123182,-0.00021753,5.16949e-05,-0.00033732,-1.70344e-05,-5.2757e-05,-0.00028043,-0.00016515,-0.000196156,-7.77708e-05
all_features,lgbm,perm_p2_qlike,column,adj_voldemand_spx_open_only_ma_625,adj_voldemand_spx_open_only_ma_625,1,True,-5.50604e-05,-0.000122398,1.42284e-05,482,0,-0.044171,0.489796,0,,-5.47066e-05,-8.71753e-05,-9.4606e-05,-0.000133089,-3.68244e-05,2.15993e-05,0.00012182,-0.000205919,0.000146286,-9.71218e-05
all_features,lgbm,perm_p2_qlike,column,adj_voldemand_spx_open_only_ma_3125,adj_voldemand_spx_open_only_ma_3125,1,True,-3.12471e-05,-7.28046e-05,9.35763e-06,448,0,-0.0250673,0.47619,-6.93889e-18,,-0.000107417,6.77146e-06,-4.8339e-05,-5.64359e-05,3.80301e-05,-5.45764e-05,-4.26322e-05,-5.2507e-05,-4.88776e-05,-1.56486e-05
all_features,lgbm,perm_p2_qlike,column,adj_voldemand_all_open_and_close_ma_1,adj_voldemand_all_open_and_close_ma_1,1,True,-4.14817e-05,-0.000134626,4.99287e-05,467,0,-0.0332778,0.489796,-6.70131e-06,,9.64775e-05,-2.93368e-05,-0.000108813,-7.25724e-05,3.14091e-06,-8.45247e-06,-0.000242746,-3.011e-05,-1.20792e-05,-5.91702e-05
all_features,lgbm,perm_p2_qlike,column,adj_voldemand_all_open_and_close_ma_5,adj_voldemand_all_open_and_close_ma_5,1,True,3.272e-05,-4.07133e-05,0.000118323,104,0,0.0262489,0.496599,-2.22855e-06,0.74539,-2.23586e-05,0.000182376,2.83813e-05,-5.43838e-06,-9.89112e-06,4.09777e-05,-0.000125985,0.000124636,-0.000117032,7.1016e-05
all_features,lgbm,perm_p2_qlike,column,adj_voldemand_all_open_and_close_ma_25,adj_voldemand_all_open_and_close_ma_25,1,True,-4.18064e-05,-0.000149522,6.15001e-05,468,0,-0.0335383,0.47619,-2.00779e-05,,-0.000118817,-0.000146658,-1.31031e-05,0.000109652,-1.0925e-05,-8.71983e-05,-9.42109e-05,-2.31705e-05,-3.53924e-05,-5.12496e-05
all_features,lgbm,perm_p2_qlike,column,adj_voldemand_all_open_and_close_ma_125,adj_voldemand_all_open_and_close_ma_125,1,True,-7.34932e-05,-0.000181798,1.96998e-05,504,0,-0.0589583,0.47619,-4.02318e-05,,-0.000725545,-4.63277e-05,-5.62988e-05,7.83486e-05,-0.000133651,9.92249e-05,1.89702e-05,-0.000144983,4.71348e-05,-0.000105223
all_features,lgbm,perm_p2_qlike,column,adj_voldemand_all_open_and_close_ma_625,adj_voldemand_all_open_and_close_ma_625,1,True,8.41184e-05,-0.000192488,0.000401758,56,0,0.0674822,0.47619,-3.119e-05,0.982764,-1.84362e-05,0.000418921,8.10502e-05,-4.85633e-05,7.35803e-06,1.15641e-05,5.31021e-05,-5.57654e-05,2.95709e-05,0.000157996
all_features,lgbm,perm_p2_qlike,column,adj_voldemand_all_open_and_close_ma_3125,adj_voldemand_all_open_and_close_ma_3125,1,True,1.75615e-05,-5.08339e-05,8.87831e-05,131,0.00680272,0.0140883,0.455782,-4.69673e-06,0.810824,1.86474e-05,-5.46328e-06,-2.11415e-05,4.5814e-05,0.000157314,-5.8489e-06,-0.000243549,-0.000123956,-5.02249e-05,9.81984e-05
all_features,lgbm,perm_p2_qlike,column,adj_voldemand_all_open_only_ma_1,adj_voldemand_all_open_only_ma_1,1,True,8.60986e-05,-0.000127838,0.000301786,54,0.00680272,0.0690707,0.55102,8.19613e-05,0.363965,-0.000469334,0.000536241,-3.41978e-05,0.000353934,-0.000217755,3.62118e-05,0.000171157,-8.57796e-05,9.44817e-05,0.000141591
all_features,lgbm,perm_p2_qlike,column,adj_voldemand_all_open_only_ma_5,adj_voldemand_all_open_only_ma_5,1,True,-2.43888e-05,-0.000113237,6.28945e-05,436,0,-0.0195653,0.482993,-6.41292e-06,,-0.000447416,-0.000116856,2.06777e-06,0.000168107,8.70976e-05,5.43799e-06,-0.000164025,-0.000162681,5.45546e-05,-1.35219e-05
all_features,lgbm,perm_p2_qlike,column,adj_voldemand_all_open_only_ma_25,adj_voldemand_all_open_only_ma_25,1,True,-0.000160205,-0.000271836,-7.5585e-05,548,0,-0.128521,0.380952,-6.09373e-05,,6.32373e-07,-0.000402482,-9.88561e-05,-0.000108227,-3.47003e-05,-0.000184623,-0.000306033,-0.00039478,-0.0001359,-9.04894e-05
all_features,lgbm,perm_p2_qlike,column,adj_voldemand_all_open_only_ma_125,adj_voldemand_all_open_only_ma_125,1,True,-2.12305e-05,-0.000132283,7.51759e-05,429,0,-0.0170317,0.496599,-5.72151e-06,,4.52259e-05,-0.000280213,-3.04353e-05,8.82505e-06,8.676e-05,-1.43597e-06,0.000251391,-0.000180098,-4.82471e-05,4.63278e-05
all_features,lgbm,perm_p2_qlike,column,adj_voldemand_all_open_only_ma_625,adj_voldemand_all_open_only_ma_625,1,True,3.65549e-05,-6.77903e-05,0.000164035,97,0,0.0293254,0.510204,1.65353e-06,0.663279,0.000424156,-0.000140873,0.000275685,4.56284e-05,-0.000149423,-3.33173e-05,6.8701e-06,4.89979e-05,2.32033e-05,3.85009e-05
all_features,lgbm,perm_p2_qlike,column,adj_voldemand_all_open_only_ma_3125,adj_voldemand_all_open_only_ma_3125,1,True,-4.46946e-05,-0.000122823,3.51909e-05,472,0,-0.0358553,0.469388,-3.13924e-05,,0.000211626,1.51748e-05,-4.50292e-06,-0.000233368,-2.98441e-05,-6.04621e-05,-0.000190747,0.000119901,-7.29998e-05,-8.83479e-05
all_features,lgbm,perm_p2_qlike,column,adj_ofi_ewstock_ma_1,adj_ofi_ewstock_ma_1,1,True,-0.000109546,-0.00037207,0.000136571,532,0.00680272,-0.0878809,0.503401,1.54106e-06,,-0.000159561,0.000182246,0.000229937,-0.000123916,-0.000142865,-0.000353598,-0.00113866,-0.000187445,-0.000338881,2.46881e-05
all_features,lgbm,perm_p2_qlike,column,adj_ofi_ewstock_ma_5,adj_ofi_ewstock_ma_5,1,True,7.05744e-05,-0.000182391,0.000323803,65,0.0136054,0.0566168,0.52381,5.08137e-05,0.63078,-0.000143916,0.000464552,0.000442478,-0.000173411,-0.000142501,-0.000100488,-6.2278e-05,-4.38503e-05,0.000328704,-1.06505e-05
all_features,lgbm,perm_p2_qlike,column,adj_ofi_ewstock_ma_25,adj_ofi_ewstock_ma_25,1,True,3.75967e-05,-0.000122618,0.000190351,95,0.0136054,0.0301611,0.544218,6.59527e-05,1.37162,0.000294643,5.65934e-06,0.000126333,-0.000233744,0.000316669,-0.000115802,-0.000100122,0.000194955,0.000115442,-5.32229e-05
all_features,lgbm,perm_p2_qlike,column,adj_ofi_ewstock_ma_125,adj_ofi_ewstock_ma_125,1,True,0.000221821,-0.000241457,0.000772793,24,0.0204082,0.177951,0.544218,4.01794e-05,1.09999,6.33924e-06,0.000279092,-0.000204264,0.00032956,0.00136936,-0.000389952,-0.000300119,-3.15198e-05,-0.000295096,0.000551261
all_features,lgbm,perm_p2_qlike,column,adj_ofi_ewstock_ma_625,adj_ofi_ewstock_ma_625,1,True,-0.000133767,-0.000330167,6.29534e-05,544,0.00680272,-0.107312,0.462585,-4.68983e-05,,-0.000728762,-0.000337033,0.000199132,-2.46966e-05,0.00011893,-0.000337555,-3.91028e-05,-0.000612065,-0.000104394,1.78261e-05
all_features,lgbm,perm_p2_qlike,column,adj_ofi_ewstock_ma_3125,adj_ofi_ewstock_ma_3125,1,True,0.000125033,-2.13396e-05,0.00028996,40,0.00680272,0.100305,0.557823,4.84936e-05,0.310786,1.00487e-05,-6.0564e-05,0.000298039,9.19005e-05,0.00011994,4.32641e-05,0.000757319,0.000156437,0.000140077,0.000107139
all_features,lgbm,perm_p2_qlike,column,adj_ofi_vwstock_ma_1,adj_ofi_vwstock_ma_1,1,True,-2.02241e-05,-0.000161373,0.000121725,427,0,-0.0162243,0.496599,-1.52174e-05,,0.000201463,0.000172551,6.85439e-05,-8.34343e-05,-0.000319739,-4.72911e-05,-6.68678e-05,0.000367488,-0.000110946,-0.0001118
all_features,lgbm,perm_p2_qlike,column,adj_ofi_vwstock_ma_5,adj_ofi_vwstock_ma_5,1,True,-2.6625e-05,-0.000135906,7.41112e-05,439,0,-0.0213593,0.47619,-2.35081e-05,,-0.000331155,-0.000162922,8.92109e-05,-3.11362e-05,0.000118601,-2.61781e-05,0.000109791,-0.00024429,1.69681e-05,2.82201e-05
all_features,lgbm,perm_p2_qlike,column,adj_ofi_vwstock_ma_25,adj_ofi_vwstock_ma_25,1,True,-9.48375e-06,-0.000123872,0.000101142,408,0,-0.00760813,0.530612,2.52731e-05,,-0.000198337,-0.000219681,-9.6296e-06,0.000172243,-7.95611e-05,4.51431e-05,0.000467348,-5.94824e-05,0.000136066,-6.03031e-05
all_features,lgbm,perm_p2_qlike,column,adj_ofi_vwstock_ma_125,adj_ofi_vwstock_ma_125,1,True,-3.14601e-05,-0.000240741,0.000188094,449,0.00680272,-0.0252381,0.503401,2.49556e-06,,-0.000169048,0.000101635,0.000208199,-7.96734e-05,-2.07469e-05,-0.000101321,-0.000661748,-9.42723e-05,-2.82754e-05,-1.12373e-05
all_features,lgbm,perm_p2_qlike,column,adj_ofi_vwstock_ma_625,adj_ofi_vwstock_ma_625,1,True,-0.000160179,-0.000370885,5.54587e-05,547,0.00680272,-0.1285,0.503401,4.22978e-06,,-0.00032144,-0.000537311,0.0003421,-0.000227895,-0.000278407,-4.16262e-05,-2.98426e-05,2.74289e-05,-0.000169119,-0.000220848
all_features,lgbm,perm_p2_qlike,column,adj_ofi_vwstock_ma_3125,adj_ofi_vwstock_ma_3125,1,True,4.39574e-05,-5.00804e-05,0.000146588,90,0,0.0352638,0.530612,2.01478e-05,0.844552,2.38615e-05,3.92975e-05,9.15166e-05,-5.46555e-05,3.36043e-05,-8.85855e-05,0.000706127,-9.11998e-05,-2.17171e-05,0.000121408
all_features,lgbm,perm_p2_qlike,column,adj_fomc_release_ma_1,adj_fomc_release_ma_1,1,False,0,0,0,0,0,0,0,0,,0,0,0,0,0,0,0,0,0,0
all_features,lgbm,perm_p2_qlike,column,adj_fomc_release_ma_5,adj_fomc_release_ma_5,1,False,0,0,0,0,0,0,0,0,,0,0,0,0,0,0,0,0,0,0
all_features,lgbm,perm_p2_qlike,column,adj_fomc_release_ma_25,adj_fomc_release_ma_25,1,False,0,0,0,0,0,0,0,0,,0,0,0,0,0,0,0,0,0,0
all_features,lgbm,perm_p2_qlike,column,adj_fomc_release_ma_125,adj_fomc_release_ma_125,1,False,0,0,0,0,0,0,0,0,,0,0,0,0,0,0,0,0,0,0
all_features,lgbm,perm_p2_qlike,column,adj_fomc_release_ma_625,adj_fomc_release_ma_625,1,False,0,0,0,0,0,0,0,0,,0,0,0,0,0,0,0,0,0,0
all_features,lgbm,perm_p2_qlike,column,adj_fomc_release_ma_3125,adj_fomc_release_ma_3125,1,False,0,0,0,0,0,0,0,0,,0,0,0,0,0,0,0,0,0,0
all_features,lgbm,perm_p2_qlike,column,adj_fomc_day_ma_1,adj_fomc_day_ma_1,1,True,-2.28564e-06,-6.04013e-06,7.1529e-07,387,0,-0.0018336,0.0748299,0,,5.25838e-06,-5.88699e-06,-3.31574e-06,1.05341e-06,5.55112e-19,0,-2.46202e-05,5.05377e-06,-8.51209e-06,-1.90935e-06
all_features,lgbm,perm_p2_qlike,column,adj_fomc_day_ma_5,adj_fomc_day_ma_5,1,True,0,0,0,177,0,0,0,0,,0,0,0,0,0,0,0,0,0,0
all_features,lgbm,perm_p2_qlike,column,adj_fomc_day_ma_25,adj_fomc_day_ma_25,1,True,0,0,0,177,0,0,0,0,,0,0,0,0,0,0,0,0,0,0
all_features,lgbm,perm_p2_qlike,column,adj_fomc_day_ma_125,adj_fomc_day_ma_125,1,True,1.51587e-05,-1.01461e-05,4.34906e-05,138,0,0.0121607,0.428571,0,0.572916,9.91648e-05,5.61069e-07,-6.4552e-06,1.8437e-06,5.23809e-05,-1.07546e-05,-2.89139e-07,3.4842e-05,2.85222e-06,1.41129e-05
all_features,lgbm,perm_p2_qlike,column,adj_fomc_day_ma_625,adj_fomc_day_ma_625,1,True,-3.23057e-05,-0.000195409,0.000107471,450,0,-0.0259165,0.503401,2.11017e-06,,7.0583e-05,-0.000222602,-6.90964e-05,1.95816e-05,0.000147745,-7.94423e-05,-4.37131e-05,0.000126032,-6.09755e-05,-7.3625e-05
all_features,lgbm,perm_p2_qlike,column,adj_fomc_day_ma_3125,adj_fomc_day_ma_3125,1,True,7.95277e-06,-1.42984e-05,2.84081e-05,151,0,0.00637993,0.503401,6.93889e-18,0.546432,3.15528e-05,2.25992e-05,-4.48843e-05,3.42658e-05,-1.67623e-05,2.71158e-05,2.24205e-05,6.30024e-05,-1.93672e-05,1.70631e-06
all_features,lgbm,perm_p2_qlike,column,adj_fomc_until_inv_ma_1,adj_fomc_until_inv_ma_1,1,True,5.57339e-05,-9.66061e-05,0.000214441,78,0,0.0447113,0.578231,4.35517e-05,0.882916,0.00015058,8.11005e-05,0.000127874,0.000133211,0.000116387,-0.000216206,1.13301e-05,-8.14434e-05,-4.48535e-05,0.000150218
all_features,lgbm,perm_p2_qlike,column,adj_fomc_until_inv_ma_5,adj_fomc_until_inv_ma_5,1,True,2.05713e-05,-8.46548e-05,0.000113761,124,0,0.0165029,0.537415,6.88719e-06,0.643392,6.02746e-05,-5.03526e-05,-0.000109726,0.000141077,0.000136549,-3.33111e-05,2.31372e-05,-6.16525e-05,8.8609e-05,1.71594e-05
all_features,lgbm,perm_p2_qlike,column,adj_fomc_until_inv_ma_25,adj_fomc_until_inv_ma_25,1,True,1.04262e-05,-6.45868e-05,8.29036e-05,147,0,0.0083642,0.55102,2.11643e-05,1.0672,2.60008e-05,-0.000139687,-4.61412e-05,8.75029e-05,0.000156921,4.27806e-05,-0.000152039,-1.50353e-05,-1.91099e-05,3.30477e-05
all_features,lgbm,perm_p2_qlike,column,adj_fomc_until_inv_ma_125,adj_fomc_until_inv_ma_125,1,True,-5.92737e-06,-0.000101969,0.000105003,399,0,-0.0047551,0.530612,2.58379e-05,,-0.000158719,8.56163e-05,-9.57071e-05,-4.22716e-05,-4.97107e-05,0.000120367,8.22333e-05,-2.22229e-05,0.000153305,-7.47995e-05
all_features,lgbm,perm_p2_qlike,column,adj_fomc_until_inv_ma_625,adj_fomc_until_inv_ma_625,1,True,1.07926e-05,-0.00013962,0.000146199,146,0,0.00865816,0.564626,9.10673e-05,1.77603,-0.000304878,3.60171e-05,-4.89054e-05,0.000111062,0.000193097,-0.000121613,0.000160938,-0.00039326,0.000146776,8.68381e-05
all_features,lgbm,perm_p2_qlike,column,adj_fomc_until_inv_ma_3125,adj_fomc_until_inv_ma_3125,1,True,-7.70628e-05,-0.000288569,0.000136104,507,0.00680272,-0.0618219,0.47619,-2.39215e-05,,-0.000509362,0.000246379,-0.00015914,-0.000200382,-4.37916e-05,0.000111469,-0.000482102,-1.13588e-05,0.00010628,-0.000185562
all_features,lgbm,perm_p2_qlike,column,adj_fomc_since_inv_ma_1,adj_fomc_since_inv_ma_1,1,True,9.6637e-05,-3.5622e-05,0.000244105,47,0,0.0775249,0.544218,1.28431e-05,0.276196,-0.000108789,7.05133e-05,0.000101635,-3.45983e-05,0.000528037,-3.13957e-05,-3.98855e-05,-9.45856e-06,-8.67328e-05,0.000219111
all_features,lgbm,perm_p2_qlike,column,adj_fomc_since_inv_ma_5,adj_fomc_since_inv_ma_5,1,True,3.8476e-05,-4.74525e-05,0.000117274,94,0,0.0308666,0.544218,2.71757e-05,0.454432,6.30119e-05,2.07899e-05,9.23748e-05,2.33175e-05,0.000144563,-0.000111719,7.32952e-05,-0.000164726,2.01107e-06,0.000125781
all_features,lgbm,perm_p2_qlike,column,adj_fomc_since_inv_ma_25,adj_fomc_since_inv_ma_25,1,True,6.10694e-05,-7.27167e-05,0.000193414,73,0,0.0489916,0.47619,-1.4833e-05,0.441449,-0.0002492,-6.03781e-05,0.000313625,6.50602e-05,0.00022209,-4.36895e-05,-1.85578e-05,-0.000225188,1.08043e-05,0.000183542
all_features,lgbm,perm_p2_qlike,column,adj_fomc_since_inv_ma_125,adj_fomc_since_inv_ma_125,1,True,-1.3544e-05,-0.000159042,0.000110875,413,0,-0.0108654,0.510204,3.39243e-06,,-0.00010251,-0.00020695,-9.84702e-05,0.000196399,0.000176856,-5.86015e-05,-8.61819e-05,-5.67659e-05,-0.000104289,4.38565e-05
all_features,lgbm,perm_p2_qlike,column,adj_fomc_since_inv_ma_625,adj_fomc_since_inv_ma_625,1,True,-2.79004e-05,-0.000140527,8.87481e-05,442,0.00680272,-0.0223825,0.47619,-6.07587e-06,,-5.42959e-05,8.06946e-05,3.73585e-05,0.000105787,-0.000202307,-9.64091e-05,-0.000202724,-9.09235e-06,-0.000136652,1.64832e-05
all_features,lgbm,perm_p2_qlike,column,adj_fomc_since_inv_ma_3125,adj_fomc_since_inv_ma_3125,1,True,2.2019e-05,-0.000176979,0.000230605,120,0,0.0176643,0.47619,-1.35171e-05,1.96269,-0.000308276,-0.000134129,0.000284218,0.000180014,-4.33125e-05,2.33966e-05,-4.78951e-05,-0.000246297,-0.000109646,0.000176376
all_features,lgbm,perm_p2_qlike,column,sumret_avail_ma_1,sumret_avail_ma_1,1,False,0,0,0,0,0,0,0,0,,0,0,0,0,0,0,0,0,0,0
all_features,lgbm,perm_p2_qlike,column,sumret_avail_ma_5,sumret_avail_ma_5,1,False,0,0,0,0,0,0,0,0,,0,0,0,0,0,0,0,0,0,0
all_features,lgbm,perm_p2_qlike,column,sumret_avail_ma_25,sumret_avail_ma_25,1,False,0,0,0,0,0,0,0,0,,0,0,0,0,0,0,0,0,0,0
all_features,lgbm,perm_p2_qlike,column,sumret_avail_ma_125,sumret_avail_ma_125,1,False,0,0,0,0,0,0,0,0,,0,0,0,0,0,0,0,0,0,0
all_features,lgbm,perm_p2_qlike,column,sumret_avail_ma_625,sumret_avail_ma_625,1,False,0,0,0,0,0,0,0,0,,0,0,0,0,0,0,0,0,0,0
all_features,lgbm,perm_p2_qlike,column,sumret_avail_ma_3125,sumret_avail_ma_3125,1,False,0,0,0,0,0,0,0,0,,0,0,0,0,0,0,0,0,0,0
all_features,lgbm,perm_p2_qlike,column,sumabsret_avail_ma_1,sumabsret_avail_ma_1,1,False,0,0,0,0,0,0,0,0,,0,0,0,0,0,0,0,0,0,0
all_features,lgbm,perm_p2_qlike,column,sumabsret_avail_ma_5,sumabsret_avail_ma_5,1,False,0,0,0,0,0,0,0,0,,0,0,0,0,0,0,0,0,0,0
all_features,lgbm,perm_p2_qlike,column,sumabsret_avail_ma_25,sumabsret_avail_ma_25,1,False,0,0,0,0,0,0,0,0,,0,0,0,0,0,0,0,0,0,0
all_features,lgbm,perm_p2_qlike,column,sumabsret_avail_ma_125,sumabsret_avail_ma_125,1,False,0,0,0,0,0,0,0,0,,0,0,0,0,0,0,0,0,0,0
all_features,lgbm,perm_p2_qlike,column,sumabsret_avail_ma_625,sumabsret_avail_ma_625,1,False,0,0,0,0,0,0,0,0,,0,0,0,0,0,0,0,0,0,0
all_features,lgbm,perm_p2_qlike,column,sumabsret_avail_ma_3125,sumabsret_avail_ma_3125,1,False,0,0,0,0,0,0,0,0,,0,0,0,0,0,0,0,0,0,0
all_features,lgbm,perm_p2_qlike,column,sumret3_avail_ma_1,sumret3_avail_ma_1,1,False,0,0,0,0,0,0,0,0,,0,0,0,0,0,0,0,0,0,0
all_features,lgbm,perm_p2_qlike,column,sumret3_avail_ma_5,sumret3_avail_ma_5,1,False,0,0,0,0,0,0,0,0,,0,0,0,0,0,0,0,0,0,0
all_features,lgbm,perm_p2_qlike,column,sumret3_avail_ma_25,sumret3_avail_ma_25,1,False,0,0,0,0,0,0,0,0,,0,0,0,0,0,0,0,0,0,0
all_features,lgbm,perm_p2_qlike,column,sumret3_avail_ma_125,sumret3_avail_ma_125,1,False,0,0,0,0,0,0,0,0,,0,0,0,0,0,0,0,0,0,0
all_features,lgbm,perm_p2_qlike,column,sumret3_avail_ma_625,sumret3_avail_ma_625,1,False,0,0,0,0,0,0,0,0,,0,0,0,0,0,0,0,0,0,0
all_features,lgbm,perm_p2_qlike,column,sumret3_avail_ma_3125,sumret3_avail_ma_3125,1,False,0,0,0,0,0,0,0,0,,0,0,0,0,0,0,0,0,0,0
all_features,lgbm,perm_p2_qlike,column,sumret4_avail_ma_1,sumret4_avail_ma_1,1,False,0,0,0,0,0,0,0,0,,0,0,0,0,0,0,0,0,0,0
all_features,lgbm,perm_p2_qlike,column,sumret4_avail_ma_5,sumret4_avail_ma_5,1,False,0,0,0,0,0,0,0,0,,0,0,0,0,0,0,0,0,0,0
all_features,lgbm,perm_p2_qlike,column,sumret4_avail_ma_25,sumret4_avail_ma_25,1,False,0,0,0,0,0,0,0,0,,0,0,0,0,0,0,0,0,0,0
all_features,lgbm,perm_p2_qlike,column,sumret4_avail_ma_125,sumret4_avail_ma_125,1,False,0,0,0,0,0,0,0,0,,0,0,0,0,0,0,0,0,0,0
all_features,lgbm,perm_p2_qlike,column,sumret4_avail_ma_625,sumret4_avail_ma_625,1,False,0,0,0,0,0,0,0,0,,0,0,0,0,0,0,0,0,0,0
all_features,lgbm,perm_p2_qlike,column,sumret4_avail_ma_3125,sumret4_avail_ma_3125,1,False,0,0,0,0,0,0,0,0,,0,0,0,0,0,0,0,0,0,0
all_features,lgbm,perm_p2_qlike,column,sumpret2_avail_ma_1,sumpret2_avail_ma_1,1,False,0,0,0,0,0,0,0,0,,0,0,0,0,0,0,0,0,0,0
all_features,lgbm,perm_p2_qlike,column,sumpret2_avail_ma_5,sumpret2_avail_ma_5,1,False,0,0,0,0,0,0,0,0,,0,0,0,0,0,0,0,0,0,0
all_features,lgbm,perm_p2_qlike,column,sumpret2_avail_ma_25,sumpret2_avail_ma_25,1,False,0,0,0,0,0,0,0,0,,0,0,0,0,0,0,0,0,0,0
all_features,lgbm,perm_p2_qlike,column,sumpret2_avail_ma_125,sumpret2_avail_ma_125,1,False,0,0,0,0,0,0,0,0,,0,0,0,0,0,0,0,0,0,0
all_features,lgbm,perm_p2_qlike,column,sumpret2_avail_ma_625,sumpret2_avail_ma_625,1,False,0,0,0,0,0,0,0,0,,0,0,0,0,0,0,0,0,0,0
all_features,lgbm,perm_p2_qlike,column,sumpret2_avail_ma_3125,sumpret2_avail_ma_3125,1,False,0,0,0,0,0,0,0,0,,0,0,0,0,0,0,0,0,0,0
all_features,lgbm,perm_p2_qlike,column,sumbipow_avail_ma_1,sumbipow_avail_ma_1,1,False,0,0,0,0,0,0,0,0,,0,0,0,0,0,0,0,0,0,0
all_features,lgbm,perm_p2_qlike,column,sumbipow_avail_ma_5,sumbipow_avail_ma_5,1,False,0,0,0,0,0,0,0,0,,0,0,0,0,0,0,0,0,0,0
all_features,lgbm,perm_p2_qlike,column,sumbipow_avail_ma_25,sumbipow_avail_ma_25,1,False,0,0,0,0,0,0,0,0,,0,0,0,0,0,0,0,0,0,0
all_features,lgbm,perm_p2_qlike,column,sumbipow_avail_ma_125,sumbipow_avail_ma_125,1,False,0,0,0,0,0,0,0,0,,0,0,0,0,0,0,0,0,0,0
all_features,lgbm,perm_p2_qlike,column,sumbipow_avail_ma_625,sumbipow_avail_ma_625,1,False,0,0,0,0,0,0,0,0,,0,0,0,0,0,0,0,0,0,0
all_features,lgbm,perm_p2_qlike,column,sumbipow_avail_ma_3125,sumbipow_avail_ma_3125,1,False,0,0,0,0,0,0,0,0,,0,0,0,0,0,0,0,0,0,0
all_features,lgbm,perm_p2_qlike,column,sumautocov_avail_ma_1,sumautocov_avail_ma_1,1,False,0,0,0,0,0,0,0,0,,0,0,0,0,0,0,0,0,0,0
all_features,lgbm,perm_p2_qlike,column,sumautocov_avail_ma_5,sumautocov_avail_ma_5,1,False,0,0,0,0,0,0,0,0,,0,0,0,0,0,0,0,0,0,0
all_features,lgbm,perm_p2_qlike,column,sumautocov_avail_ma_25,sumautocov_avail_ma_25,1,False,0,0,0,0,0,0,0,0,,0,0,0,0,0,0,0,0,0,0
all_features,lgbm,perm_p2_qlike,column,sumautocov_avail_ma_125,sumautocov_avail_ma_125,1,False,0,0,0,0,0,0,0,0,,0,0,0,0,0,0,0,0,0,0
all_features,lgbm,perm_p2_qlike,column,sumautocov_avail_ma_625,sumautocov_avail_ma_625,1,False,0,0,0,0,0,0,0,0,,0,0,0,0,0,0,0,0,0,0
all_features,lgbm,perm_p2_qlike,column,sumautocov_avail_ma_3125,sumautocov_avail_ma_3125,1,False,0,0,0,0,0,0,0,0,,0,0,0,0,0,0,0,0,0,0
all_features,lgbm,perm_p2_qlike,column,sumvolume_avail_ma_1,sumvolume_avail_ma_1,1,False,0,0,0,0,0,0,0,0,,0,0,0,0,0,0,0,0,0,0
all_features,lgbm,perm_p2_qlike,column,sumvolume_avail_ma_5,sumvolume_avail_ma_5,1,False,0,0,0,0,0,0,0,0,,0,0,0,0,0,0,0,0,0,0
all_features,lgbm,perm_p2_qlike,column,sumvolume_avail_ma_25,sumvolume_avail_ma_25,1,False,0,0,0,0,0,0,0,0,,0,0,0,0,0,0,0,0,0,0
all_features,lgbm,perm_p2_qlike,column,sumvolume_avail_ma_125,sumvolume_avail_ma_125,1,False,0,0,0,0,0,0,0,0,,0,0,0,0,0,0,0,0,0,0
all_features,lgbm,perm_p2_qlike,column,sumvolume_avail_ma_625,sumvolume_avail_ma_625,1,False,0,0,0,0,0,0,0,0,,0,0,0,0,0,0,0,0,0,0
all_features,lgbm,perm_p2_qlike,column,sumvolume_avail_ma_3125,sumvolume_avail_ma_3125,1,False,0,0,0,0,0,0,0,0,,0,0,0,0,0,0,0,0,0,0
all_features,lgbm,perm_p2_qlike,column,numobs_avail_ma_1,numobs_avail_ma_1,1,False,0,0,0,0,0,0,0,0,,0,0,0,0,0,0,0,0,0,0
all_features,lgbm,perm_p2_qlike,column,numobs_avail_ma_5,numobs_avail_ma_5,1,False,0,0,0,0,0,0,0,0,,0,0,0,0,0,0,0,0,0,0
all_features,lgbm,perm_p2_qlike,column,numobs_avail_ma_25,numobs_avail_ma_25,1,False,0,0,0,0,0,0,0,0,,0,0,0,0,0,0,0,0,0,0
all_features,lgbm,perm_p2_qlike,column,numobs_avail_ma_125,numobs_avail_ma_125,1,False,0,0,0,0,0,0,0,0,,0,0,0,0,0,0,0,0,0,0
all_features,lgbm,perm_p2_qlike,column,numobs_avail_ma_625,numobs_avail_ma_625,1,False,0,0,0,0,0,0,0,0,,0,0,0,0,0,0,0,0,0,0
all_features,lgbm,perm_p2_qlike,column,numobs_avail_ma_3125,numobs_avail_ma_3125,1,False,0,0,0,0,0,0,0,0,,0,0,0,0,0,0,0,0,0,0
all_features,lgbm,perm_p2_qlike,column,sumret2_ewstock_avail_ma_1,sumret2_ewstock_avail_ma_1,1,True,0,0,0,177,0,0,0,0,,0,0,0,0,0,0,0,0,0,0
all_features,lgbm,perm_p2_qlike,column,sumret2_ewstock_avail_ma_5,sumret2_ewstock_avail_ma_5,1,True,0,0,0,177,0,0,0,0,,0,0,0,0,0,0,0,0,0,0
all_features,lgbm,perm_p2_qlike,column,sumret2_ewstock_avail_ma_25,sumret2_ewstock_avail_ma_25,1,True,5.86396e-06,-1.85607e-08,1.40304e-05,159,0,0.00470423,0.0816327,0,0.432308,1.38214e-05,2.94216e-05,-3.329e-06,0,-2.77556e-19,0,0,3.47907e-06,7.44783e-06,5.94727e-06
all_features,lgbm,perm_p2_qlike,column,sumret2_ewstock_avail_ma_125,sumret2_ewstock_avail_ma_125,1,True,-3.33452e-06,-1.41719e-05,6.98502e-06,390,0,-0.00267505,0.163265,0,,-1.18972e-05,-2.31607e-05,1.09067e-05,-4.05063e-06,3.82397e-06,-5.55112e-19,0,-5.76937e-06,-1.30189e-05,2.03851e-06
all_features,lgbm,perm_p2_qlike,column,sumret2_ewstock_avail_ma_625,sumret2_ewstock_avail_ma_625,1,True,1.70496e-05,-6.20503e-05,9.3861e-05,133,0,0.0136777,0.530612,5.25811e-06,0.647368,9.48424e-05,-0.000154584,0.00011772,4.46296e-05,9.94867e-05,-4.68937e-05,-1.04747e-05,9.7078e-05,-3.90257e-05,1.56232e-05
all_features,lgbm,perm_p2_qlike,column,sumret2_ewstock_avail_ma_3125,sumret2_ewstock_avail_ma_3125,1,True,5.41157e-05,-7.16547e-05,0.000178023,80,0.00680272,0.0434132,0.55102,3.33403e-05,0.712911,-0.000177377,-1.77041e-05,8.25568e-05,0.000147442,-1.10943e-05,0.0002702,-0.000191368,0.000104557,-0.000109592,0.000113278
all_features,lgbm,perm_p2_qlike,column,sumret3_ewstock_avail_ma_1,sumret3_ewstock_avail_ma_1,1,True,0,0,0,177,0,0,0,0,,0,0,0,0,0,0,0,0,0,0
all_features,lgbm,perm_p2_qlike,column,sumret3_ewstock_avail_ma_5,sumret3_ewstock_avail_ma_5,1,True,0,0,0,177,0,0,0,0,,0,0,0,0,0,0,0,0,0,0
all_features,lgbm,perm_p2_qlike,column,sumret3_ewstock_avail_ma_25,sumret3_ewstock_avail_ma_25,1,True,-2.38923e-06,-9.95957e-06,4.25647e-06,389,0,-0.00191671,0.183673,0,,-2.92044e-05,-6.43237e-06,8.1438e-06,-3.06982e-07,5.55112e-19,0,0,-3.93167e-06,-2.1827e-06,-1.95268e-06
all_features,lgbm,perm_p2_qlike,column,sumret3_ewstock_avail_ma_125,sumret3_ewstock_avail_ma_125,1,True,1.82596e-05,-1.63909e-05,6.37847e-05,127,0,0.0146484,0.163265,0,0.971915,1.11258e-06,8.34367e-05,2.55805e-05,3.93782e-06,-9.57743e-06,0,0,-8.5053e-06,1.52822e-05,2.89049e-05
all_features,lgbm,perm_p2_qlike,column,sumret3_ewstock_avail_ma_625,sumret3_ewstock_avail_ma_625,1,True,-2.90314e-05,-7.77979e-05,1.80301e-05,445,0,-0.0232898,0.319728,0,,8.17864e-05,-5.26505e-05,-4.09949e-05,-0.000138877,2.15105e-05,0,0,3.42719e-05,2.49383e-05,-7.61666e-05
all_features,lgbm,perm_p2_qlike,column,sumret3_ewstock_avail_ma_3125,sumret3_ewstock_avail_ma_3125,1,True,0.000289145,-1.61888e-05,0.000683125,20,0.0272109,0.23196,0.353741,0,0.629573,-0.00023024,0.000883397,0.00018506,0.000426605,0.000306987,-1.8645e-05,0,-4.66077e-05,5.74062e-05,0.000513638
all_features,lgbm,perm_p2_qlike,column,sumret4_ewstock_avail_ma_1,sumret4_ewstock_avail_ma_1,1,True,0,0,0,177,0,0,0,0,,0,0,0,0,0,0,0,0,0,0
all_features,lgbm,perm_p2_qlike,column,sumret4_ewstock_avail_ma_5,sumret4_ewstock_avail_ma_5,1,True,0,0,0,177,0,0,0,0,,0,0,0,0,0,0,0,0,0,0
all_features,lgbm,perm_p2_qlike,column,sumret4_ewstock_avail_ma_25,sumret4_ewstock_avail_ma_25,1,True,0,0,0,177,0,0,0,0,,0,0,0,0,0,0,0,0,0,0
all_features,lgbm,perm_p2_qlike,column,sumret4_ewstock_avail_ma_125,sumret4_ewstock_avail_ma_125,1,True,0,0,0,177,0,0,0,0,,0,0,0,0,0,0,0,0,0,0
all_features,lgbm,perm_p2_qlike,column,sumret4_ewstock_avail_ma_625,sumret4_ewstock_avail_ma_625,1,True,0,0,0,177,0,0,0,0,,0,0,0,0,0,0,0,0,0,0
all_features,lgbm,perm_p2_qlike,column,sumret4_ewstock_avail_ma_3125,sumret4_ewstock_avail_ma_3125,1,True,0,0,0,177,0,0,0,0,,0,0,0,0,0,0,0,0,0,0
all_features,lgbm,perm_p2_qlike,column,sumabsret_ewstock_avail_ma_1,sumabsret_ewstock_avail_ma_1,1,True,0,0,0,177,0,0,0,0,,0,0,0,0,0,0,0,0,0,0
all_features,lgbm,perm_p2_qlike,column,sumabsret_ewstock_avail_ma_5,sumabsret_ewstock_avail_ma_5,1,True,0,0,0,177,0,0,0,0,,0,0,0,0,0,0,0,0,0,0
all_features,lgbm,perm_p2_qlike,column,sumabsret_ewstock_avail_ma_25,sumabsret_ewstock_avail_ma_25,1,True,0,0,0,177,0,0,0,0,,0,0,0,0,0,0,0,0,0,0
all_features,lgbm,perm_p2_qlike,column,sumabsret_ewstock_avail_ma_125,sumabsret_ewstock_avail_ma_125,1,True,0,0,0,177,0,0,0,0,,0,0,0,0,0,0,0,0,0,0
all_features,lgbm,perm_p2_qlike,column,sumabsret_ewstock_avail_ma_625,sumabsret_ewstock_avail_ma_625,1,True,0,0,0,177,0,0,0,0,,0,0,0,0,0,0,0,0,0,0
all_features,lgbm,perm_p2_qlike,column,sumabsret_ewstock_avail_ma_3125,sumabsret_ewstock_avail_ma_3125,1,True,0,0,0,177,0,0,0,0,,0,0,0,0,0,0,0,0,0,0
all_features,lgbm,perm_p2_qlike,column,sumbipow_ewstock_avail_ma_1,sumbipow_ewstock_avail_ma_1,1,True,0,0,0,177,0,0,0,0,,0,0,0,0,0,0,0,0,0,0
all_features,lgbm,perm_p2_qlike,column,sumbipow_ewstock_avail_ma_5,sumbipow_ewstock_avail_ma_5,1,True,0,0,0,177,0,0,0,0,,0,0,0,0,0,0,0,0,0,0
all_features,lgbm,perm_p2_qlike,column,sumbipow_ewstock_avail_ma_25,sumbipow_ewstock_avail_ma_25,1,True,0,0,0,177,0,0,0,0,,0,0,0,0,0,0,0,0,0,0
all_features,lgbm,perm_p2_qlike,column,sumbipow_ewstock_avail_ma_125,sumbipow_ewstock_avail_ma_125,1,True,0,0,0,177,0,0,0,0,,0,0,0,0,0,0,0,0,0,0
all_features,lgbm,perm_p2_qlike,column,sumbipow_ewstock_avail_ma_625,sumbipow_ewstock_avail_ma_625,1,True,0,0,0,177,0,0,0,0,,0,0,0,0,0,0,0,0,0,0
all_features,lgbm,perm_p2_qlike,column,sumbipow_ewstock_avail_ma_3125,sumbipow_ewstock_avail_ma_3125,1,True,0,0,0,177,0,0,0,0,,0,0,0,0,0,0,0,0,0,0
all_features,lgbm,perm_p2_qlike,column,sumpret2_ewstock_avail_ma_1,sumpret2_ewstock_avail_ma_1,1,True,0,0,0,177,0,0,0,0,,0,0,0,0,0,0,0,0,0,0
all_features,lgbm,perm_p2_qlike,column,sumpret2_ewstock_avail_ma_5,sumpret2_ewstock_avail_ma_5,1,True,0,0,0,177,0,0,0,0,,0,0,0,0,0,0,0,0,0,0
all_features,lgbm,perm_p2_qlike,column,sumpret2_ewstock_avail_ma_25,sumpret2_ewstock_avail_ma_25,1,True,0,0,0,177,0,0,0,0,,0,0,0,0,0,0,0,0,0,0
all_features,lgbm,perm_p2_qlike,column,sumpret2_ewstock_avail_ma_125,sumpret2_ewstock_avail_ma_125,1,True,0,0,0,177,0,0,0,0,,0,0,0,0,0,0,0,0,0,0
all_features,lgbm,perm_p2_qlike,column,sumpret2_ewstock_avail_ma_625,sumpret2_ewstock_avail_ma_625,1,True,0,0,0,177,0,0,0,0,,0,0,0,0,0,0,0,0,0,0
all_features,lgbm,perm_p2_qlike,column,sumpret2_ewstock_avail_ma_3125,sumpret2_ewstock_avail_ma_3125,1,True,0,0,0,177,0,0,0,0,,0,0,0,0,0,0,0,0,0,0
all_features,lgbm,perm_p2_qlike,column,turnover_ewstock_avail_ma_1,turnover_ewstock_avail_ma_1,1,True,0,0,0,177,0,0,0,0,,0,0,0,0,0,0,0,0,0,0
all_features,lgbm,perm_p2_qlike,column,turnover_ewstock_avail_ma_5,turnover_ewstock_avail_ma_5,1,True,0,0,0,177,0,0,0,0,,0,0,0,0,0,0,0,0,0,0
all_features,lgbm,perm_p2_qlike,column,turnover_ewstock_avail_ma_25,turnover_ewstock_avail_ma_25,1,True,0,0,0,177,0,0,0,0,,0,0,0,0,0,0,0,0,0,0
all_features,lgbm,perm_p2_qlike,column,turnover_ewstock_avail_ma_125,turnover_ewstock_avail_ma_125,1,True,0,0,0,177,0,0,0,0,,0,0,0,0,0,0,0,0,0,0
all_features,lgbm,perm_p2_qlike,column,turnover_ewstock_avail_ma_625,turnover_ewstock_avail_ma_625,1,True,0,0,0,177,0,0,0,0,,0,0,0,0,0,0,0,0,0,0
all_features,lgbm,perm_p2_qlike,column,turnover_ewstock_avail_ma_3125,turnover_ewstock_avail_ma_3125,1,True,0,0,0,177,0,0,0,0,,0,0,0,0,0,0,0,0,0,0
all_features,lgbm,perm_p2_qlike,column,buyturnover_ewstock_avail_ma_1,buyturnover_ewstock_avail_ma_1,1,True,0,0,0,177,0,0,0,0,,0,0,0,0,0,0,0,0,0,0
all_features,lgbm,perm_p2_qlike,column,buyturnover_ewstock_avail_ma_5,buyturnover_ewstock_avail_ma_5,1,True,0,0,0,177,0,0,0,0,,0,0,0,0,0,0,0,0,0,0
all_features,lgbm,perm_p2_qlike,column,buyturnover_ewstock_avail_ma_25,buyturnover_ewstock_avail_ma_25,1,True,0,0,0,177,0,0,0,0,,0,0,0,0,0,0,0,0,0,0
all_features,lgbm,perm_p2_qlike,column,buyturnover_ewstock_avail_ma_125,buyturnover_ewstock_avail_ma_125,1,True,0,0,0,177,0,0,0,0,,0,0,0,0,0,0,0,0,0,0
all_features,lgbm,perm_p2_qlike,column,buyturnover_ewstock_avail_ma_625,buyturnover_ewstock_avail_ma_625,1,True,0,0,0,177,0,0,0,0,,0,0,0,0,0,0,0,0,0,0
all_features,lgbm,perm_p2_qlike,column,buyturnover_ewstock_avail_ma_3125,buyturnover_ewstock_avail_ma_3125,1,True,0,0,0,177,0,0,0,0,,0,0,0,0,0,0,0,0,0,0
all_features,lgbm,perm_p2_qlike,column,sellturnover_ewstock_avail_ma_1,sellturnover_ewstock_avail_ma_1,1,True,0,0,0,177,0,0,0,0,,0,0,0,0,0,0,0,0,0,0
all_features,lgbm,perm_p2_qlike,column,sellturnover_ewstock_avail_ma_5,sellturnover_ewstock_avail_ma_5,1,True,0,0,0,177,0,0,0,0,,0,0,0,0,0,0,0,0,0,0
all_features,lgbm,perm_p2_qlike,column,sellturnover_ewstock_avail_ma_25,sellturnover_ewstock_avail_ma_25,1,True,0,0,0,177,0,0,0,0,,0,0,0,0,0,0,0,0,0,0
all_features,lgbm,perm_p2_qlike,column,sellturnover_ewstock_avail_ma_125,sellturnover_ewstock_avail_ma_125,1,True,0,0,0,177,0,0,0,0,,0,0,0,0,0,0,0,0,0,0
all_features,lgbm,perm_p2_qlike,column,sellturnover_ewstock_avail_ma_625,sellturnover_ewstock_avail_ma_625,1,True,0,0,0,177,0,0,0,0,,0,0,0,0,0,0,0,0,0,0
all_features,lgbm,perm_p2_qlike,column,sellturnover_ewstock_avail_ma_3125,sellturnover_ewstock_avail_ma_3125,1,True,0,0,0,177,0,0,0,0,,0,0,0,0,0,0,0,0,0,0
all_features,lgbm,perm_p2_qlike,column,effspread_ewstock_avail_ma_1,effspread_ewstock_avail_ma_1,1,True,0,0,0,177,0,0,0,0,,0,0,0,0,0,0,0,0,0,0
all_features,lgbm,perm_p2_qlike,column,effspread_ewstock_avail_ma_5,effspread_ewstock_avail_ma_5,1,True,0,0,0,177,0,0,0,0,,0,0,0,0,0,0,0,0,0,0
all_features,lgbm,perm_p2_qlike,column,effspread_ewstock_avail_ma_25,effspread_ewstock_avail_ma_25,1,True,0,0,0,177,0,0,0,0,,0,0,0,0,0,0,0,0,0,0
all_features,lgbm,perm_p2_qlike,column,effspread_ewstock_avail_ma_125,effspread_ewstock_avail_ma_125,1,True,0,0,0,177,0,0,0,0,,0,0,0,0,0,0,0,0,0,0
all_features,lgbm,perm_p2_qlike,column,effspread_ewstock_avail_ma_625,effspread_ewstock_avail_ma_625,1,True,0,0,0,177,0,0,0,0,,0,0,0,0,0,0,0,0,0,0
all_features,lgbm,perm_p2_qlike,column,effspread_ewstock_avail_ma_3125,effspread_ewstock_avail_ma_3125,1,True,0,0,0,177,0,0,0,0,,0,0,0,0,0,0,0,0,0,0
all_features,lgbm,perm_p2_qlike,column,spread_ewstock_avail_ma_1,spread_ewstock_avail_ma_1,1,True,0,0,0,177,0,0,0,0,,0,0,0,0,0,0,0,0,0,0
all_features,lgbm,perm_p2_qlike,column,spread_ewstock_avail_ma_5,spread_ewstock_avail_ma_5,1,True,0,0,0,177,0,0,0,0,,0,0,0,0,0,0,0,0,0,0
all_features,lgbm,perm_p2_qlike,column,spread_ewstock_avail_ma_25,spread_ewstock_avail_ma_25,1,True,0,0,0,177,0,0,0,0,,0,0,0,0,0,0,0,0,0,0
all_features,lgbm,perm_p2_qlike,column,spread_ewstock_avail_ma_125,spread_ewstock_avail_ma_125,1,True,-5.12127e-06,-1.51928e-05,1.1816e-06,397,0,-0.00410842,0.0340136,0,,-1.20159e-05,-2.41658e-05,1.28816e-06,0,0,0,0,5.65435e-06,-7.87489e-06,-7.55775e-06
all_features,lgbm,perm_p2_qlike,column,spread_ewstock_avail_ma_625,spread_ewstock_avail_ma_625,1,True,-5.37209e-06,-3.70023e-05,1.58042e-05,398,0,-0.00430964,0.136054,0,,1.63189e-05,-4.32045e-05,4.88043e-06,0,0,0,0,2.8705e-05,-7.96566e-06,-1.59383e-05
all_features,lgbm,perm_p2_qlike,column,spread_ewstock_avail_ma_3125,spread_ewstock_avail_ma_3125,1,True,-6.53313e-07,-3.26221e-05,2.99675e-05,380,0,-0.000524106,0.190476,0,,-0.000209734,7.99687e-05,2.20554e-05,0,0,0,0,8.09086e-06,4.8304e-06,-6.24183e-06
all_features,lgbm,perm_p2_qlike,column,sumret2_vwstock_avail_ma_1,sumret2_vwstock_avail_ma_1,1,True,0,0,0,177,0,0,0,0,,0,0,0,0,0,0,0,0,0,0
all_features,lgbm,perm_p2_qlike,column,sumret2_vwstock_avail_ma_5,sumret2_vwstock_avail_ma_5,1,True,0,0,0,177,0,0,0,0,,0,0,0,0,0,0,0,0,0,0
all_features,lgbm,perm_p2_qlike,column,sumret2_vwstock_avail_ma_25,sumret2_vwstock_avail_ma_25,1,True,0,0,0,177,0,0,0,0,,0,0,0,0,0,0,0,0,0,0
all_features,lgbm,perm_p2_qlike,column,sumret2_vwstock_avail_ma_125,sumret2_vwstock_avail_ma_125,1,True,0,0,0,177,0,0,0,0,,0,0,0,0,0,0,0,0,0,0
all_features,lgbm,perm_p2_qlike,column,sumret2_vwstock_avail_ma_625,sumret2_vwstock_avail_ma_625,1,True,0,0,0,177,0,0,0,0,,0,0,0,0,0,0,0,0,0,0
all_features,lgbm,perm_p2_qlike,column,sumret2_vwstock_avail_ma_3125,sumret2_vwstock_avail_ma_3125,1,True,0,0,0,177,0,0,0,0,,0,0,0,0,0,0,0,0,0,0
all_features,lgbm,perm_p2_qlike,column,sumret3_vwstock_avail_ma_1,sumret3_vwstock_avail_ma_1,1,True,0,0,0,177,0,0,0,0,,0,0,0,0,0,0,0,0,0,0
all_features,lgbm,perm_p2_qlike,column,sumret3_vwstock_avail_ma_5,sumret3_vwstock_avail_ma_5,1,True,0,0,0,177,0,0,0,0,,0,0,0,0,0,0,0,0,0,0
all_features,lgbm,perm_p2_qlike,column,sumret3_vwstock_avail_ma_25,sumret3_vwstock_avail_ma_25,1,True,0,0,0,177,0,0,0,0,,0,0,0,0,0,0,0,0,0,0
all_features,lgbm,perm_p2_qlike,column,sumret3_vwstock_avail_ma_125,sumret3_vwstock_avail_ma_125,1,True,0,0,0,177,0,0,0,0,,0,0,0,0,0,0,0,0,0,0
all_features,lgbm,perm_p2_qlike,column,sumret3_vwstock_avail_ma_625,sumret3_vwstock_avail_ma_625,1,True,0,0,0,177,0,0,0,0,,0,0,0,0,0,0,0,0,0,0
all_features,lgbm,perm_p2_qlike,column,sumret3_vwstock_avail_ma_3125,sumret3_vwstock_avail_ma_3125,1,True,0,0,0,177,0,0,0,0,,0,0,0,0,0,0,0,0,0,0
all_features,lgbm,perm_p2_qlike,column,sumret4_vwstock_avail_ma_1,sumret4_vwstock_avail_ma_1,1,True,0,0,0,177,0,0,0,0,,0,0,0,0,0,0,0,0,0,0
all_features,lgbm,perm_p2_qlike,column,sumret4_vwstock_avail_ma_5,sumret4_vwstock_avail_ma_5,1,True,0,0,0,177,0,0,0,0,,0,0,0,0,0,0,0,0,0,0
all_features,lgbm,perm_p2_qlike,column,sumret4_vwstock_avail_ma_25,sumret4_vwstock_avail_ma_25,1,True,0,0,0,177,0,0,0,0,,0,0,0,0,0,0,0,0,0,0
all_features,lgbm,perm_p2_qlike,column,sumret4_vwstock_avail_ma_125,sumret4_vwstock_avail_ma_125,1,True,0,0,0,177,0,0,0,0,,0,0,0,0,0,0,0,0,0,0
all_features,lgbm,perm_p2_qlike,column,sumret4_vwstock_avail_ma_625,sumret4_vwstock_avail_ma_625,1,True,0,0,0,177,0,0,0,0,,0,0,0,0,0,0,0,0,0,0
all_features,lgbm,perm_p2_qlike,column,sumret4_vwstock_avail_ma_3125,sumret4_vwstock_avail_ma_3125,1,True,0,0,0,177,0,0,0,0,,0,0,0,0,0,0,0,0,0,0
all_features,lgbm,perm_p2_qlike,column,sumabsret_vwstock_avail_ma_1,sumabsret_vwstock_avail_ma_1,1,True,0,0,0,177,0,0,0,0,,0,0,0,0,0,0,0,0,0,0
all_features,lgbm,perm_p2_qlike,column,sumabsret_vwstock_avail_ma_5,sumabsret_vwstock_avail_ma_5,1,True,0,0,0,177,0,0,0,0,,0,0,0,0,0,0,0,0,0,0
all_features,lgbm,perm_p2_qlike,column,sumabsret_vwstock_avail_ma_25,sumabsret_vwstock_avail_ma_25,1,True,0,0,0,177,0,0,0,0,,0,0,0,0,0,0,0,0,0,0
all_features,lgbm,perm_p2_qlike,column,sumabsret_vwstock_avail_ma_125,sumabsret_vwstock_avail_ma_125,1,True,0,0,0,177,0,0,0,0,,0,0,0,0,0,0,0,0,0,0
all_features,lgbm,perm_p2_qlike,column,sumabsret_vwstock_avail_ma_625,sumabsret_vwstock_avail_ma_625,1,True,0,0,0,177,0,0,0,0,,0,0,0,0,0,0,0,0,0,0
all_features,lgbm,perm_p2_qlike,column,sumabsret_vwstock_avail_ma_3125,sumabsret_vwstock_avail_ma_3125,1,True,0,0,0,177,0,0,0,0,,0,0,0,0,0,0,0,0,0,0
all_features,lgbm,perm_p2_qlike,column,sumbipow_vwstock_avail_ma_1,sumbipow_vwstock_avail_ma_1,1,True,0,0,0,177,0,0,0,0,,0,0,0,0,0,0,0,0,0,0
all_features,lgbm,perm_p2_qlike,column,sumbipow_vwstock_avail_ma_5,sumbipow_vwstock_avail_ma_5,1,True,0,0,0,177,0,0,0,0,,0,0,0,0,0,0,0,0,0,0
all_features,lgbm,perm_p2_qlike,column,sumbipow_vwstock_avail_ma_25,sumbipow_vwstock_avail_ma_25,1,True,0,0,0,177,0,0,0,0,,0,0,0,0,0,0,0,0,0,0
all_features,lgbm,perm_p2_qlike,column,sumbipow_vwstock_avail_ma_125,sumbipow_vwstock_avail_ma_125,1,True,0,0,0,177,0,0,0,0,,0,0,0,0,0,0,0,0,0,0
all_features,lgbm,perm_p2_qlike,column,sumbipow_vwstock_avail_ma_625,sumbipow_vwstock_avail_ma_625,1,True,0,0,0,177,0,0,0,0,,0,0,0,0,0,0,0,0,0,0
all_features,lgbm,perm_p2_qlike,column,sumbipow_vwstock_avail_ma_3125,sumbipow_vwstock_avail_ma_3125,1,True,0,0,0,177,0,0,0,0,,0,0,0,0,0,0,0,0,0,0
all_features,lgbm,perm_p2_qlike,column,sumpret2_vwstock_avail_ma_1,sumpret2_vwstock_avail_ma_1,1,True,0,0,0,177,0,0,0,0,,0,0,0,0,0,0,0,0,0,0
all_features,lgbm,perm_p2_qlike,column,sumpret2_vwstock_avail_ma_5,sumpret2_vwstock_avail_ma_5,1,True,0,0,0,177,0,0,0,0,,0,0,0,0,0,0,0,0,0,0
all_features,lgbm,perm_p2_qlike,column,sumpret2_vwstock_avail_ma_25,sumpret2_vwstock_avail_ma_25,1,True,0,0,0,177,0,0,0,0,,0,0,0,0,0,0,0,0,0,0
all_features,lgbm,perm_p2_qlike,column,sumpret2_vwstock_avail_ma_125,sumpret2_vwstock_avail_ma_125,1,True,0,0,0,177,0,0,0,0,,0,0,0,0,0,0,0,0,0,0
all_features,lgbm,perm_p2_qlike,column,sumpret2_vwstock_avail_ma_625,sumpret2_vwstock_avail_ma_625,1,True,0,0,0,177,0,0,0,0,,0,0,0,0,0,0,0,0,0,0
all_features,lgbm,perm_p2_qlike,column,sumpret2_vwstock_avail_ma_3125,sumpret2_vwstock_avail_ma_3125,1,True,0,0,0,177,0,0,0,0,,0,0,0,0,0,0,0,0,0,0
all_features,lgbm,perm_p2_qlike,column,turnover_vwstock_avail_ma_1,turnover_vwstock_avail_ma_1,1,True,0,0,0,177,0,0,0,0,,0,0,0,0,0,0,0,0,0,0
all_features,lgbm,perm_p2_qlike,column,turnover_vwstock_avail_ma_5,turnover_vwstock_avail_ma_5,1,True,0,0,0,177,0,0,0,0,,0,0,0,0,0,0,0,0,0,0
all_features,lgbm,perm_p2_qlike,column,turnover_vwstock_avail_ma_25,turnover_vwstock_avail_ma_25,1,True,0,0,0,177,0,0,0,0,,0,0,0,0,0,0,0,0,0,0
all_features,lgbm,perm_p2_qlike,column,turnover_vwstock_avail_ma_125,turnover_vwstock_avail_ma_125,1,True,0,0,0,177,0,0,0,0,,0,0,0,0,0,0,0,0,0,0
all_features,lgbm,perm_p2_qlike,column,turnover_vwstock_avail_ma_625,turnover_vwstock_avail_ma_625,1,True,0,0,0,177,0,0,0,0,,0,0,0,0,0,0,0,0,0,0
all_features,lgbm,perm_p2_qlike,column,turnover_vwstock_avail_ma_3125,turnover_vwstock_avail_ma_3125,1,True,0,0,0,177,0,0,0,0,,0,0,0,0,0,0,0,0,0,0
all_features,lgbm,perm_p2_qlike,column,buyturnover_vwstock_avail_ma_1,buyturnover_vwstock_avail_ma_1,1,True,0,0,0,177,0,0,0,0,,0,0,0,0,0,0,0,0,0,0
all_features,lgbm,perm_p2_qlike,column,buyturnover_vwstock_avail_ma_5,buyturnover_vwstock_avail_ma_5,1,True,0,0,0,177,0,0,0,0,,0,0,0,0,0,0,0,0,0,0
all_features,lgbm,perm_p2_qlike,column,buyturnover_vwstock_avail_ma_25,buyturnover_vwstock_avail_ma_25,1,True,0,0,0,177,0,0,0,0,,0,0,0,0,0,0,0,0,0,0
all_features,lgbm,perm_p2_qlike,column,buyturnover_vwstock_avail_ma_125,buyturnover_vwstock_avail_ma_125,1,True,0,0,0,177,0,0,0,0,,0,0,0,0,0,0,0,0,0,0
all_features,lgbm,perm_p2_qlike,column,buyturnover_vwstock_avail_ma_625,buyturnover_vwstock_avail_ma_625,1,True,0,0,0,177,0,0,0,0,,0,0,0,0,0,0,0,0,0,0
all_features,lgbm,perm_p2_qlike,column,buyturnover_vwstock_avail_ma_3125,buyturnover_vwstock_avail_ma_3125,1,True,0,0,0,177,0,0,0,0,,0,0,0,0,0,0,0,0,0,0
all_features,lgbm,perm_p2_qlike,column,sellturnover_vwstock_avail_ma_1,sellturnover_vwstock_avail_ma_1,1,True,0,0,0,177,0,0,0,0,,0,0,0,0,0,0,0,0,0,0
all_features,lgbm,perm_p2_qlike,column,sellturnover_vwstock_avail_ma_5,sellturnover_vwstock_avail_ma_5,1,True,0,0,0,177,0,0,0,0,,0,0,0,0,0,0,0,0,0,0
all_features,lgbm,perm_p2_qlike,column,sellturnover_vwstock_avail_ma_25,sellturnover_vwstock_avail_ma_25,1,True,0,0,0,177,0,0,0,0,,0,0,0,0,0,0,0,0,0,0
all_features,lgbm,perm_p2_qlike,column,sellturnover_vwstock_avail_ma_125,sellturnover_vwstock_avail_ma_125,1,True,0,0,0,177,0,0,0,0,,0,0,0,0,0,0,0,0,0,0
all_features,lgbm,perm_p2_qlike,column,sellturnover_vwstock_avail_ma_625,sellturnover_vwstock_avail_ma_625,1,True,0,0,0,177,0,0,0,0,,0,0,0,0,0,0,0,0,0,0
all_features,lgbm,perm_p2_qlike,column,sellturnover_vwstock_avail_ma_3125,sellturnover_vwstock_avail_ma_3125,1,True,0,0,0,177,0,0,0,0,,0,0,0,0,0,0,0,0,0,0
all_features,lgbm,perm_p2_qlike,column,effspread_vwstock_avail_ma_1,effspread_vwstock_avail_ma_1,1,True,0,0,0,177,0,0,0,0,,0,0,0,0,0,0,0,0,0,0
all_features,lgbm,perm_p2_qlike,column,effspread_vwstock_avail_ma_5,effspread_vwstock_avail_ma_5,1,True,0,0,0,177,0,0,0,0,,0,0,0,0,0,0,0,0,0,0
all_features,lgbm,perm_p2_qlike,column,effspread_vwstock_avail_ma_25,effspread_vwstock_avail_ma_25,1,True,0,0,0,177,0,0,0,0,,0,0,0,0,0,0,0,0,0,0
all_features,lgbm,perm_p2_qlike,column,effspread_vwstock_avail_ma_125,effspread_vwstock_avail_ma_125,1,True,0,0,0,177,0,0,0,0,,0,0,0,0,0,0,0,0,0,0
all_features,lgbm,perm_p2_qlike,column,effspread_vwstock_avail_ma_625,effspread_vwstock_avail_ma_625,1,True,0,0,0,177,0,0,0,0,,0,0,0,0,0,0,0,0,0,0
all_features,lgbm,perm_p2_qlike,column,effspread_vwstock_avail_ma_3125,effspread_vwstock_avail_ma_3125,1,True,0,0,0,177,0,0,0,0,,0,0,0,0,0,0,0,0,0,0
all_features,lgbm,perm_p2_qlike,column,spread_vwstock_avail_ma_1,spread_vwstock_avail_ma_1,1,True,0,0,0,177,0,0,0,0,,0,0,0,0,0,0,0,0,0,0
all_features,lgbm,perm_p2_qlike,column,spread_vwstock_avail_ma_5,spread_vwstock_avail_ma_5,1,True,0,0,0,177,0,0,0,0,,0,0,0,0,0,0,0,0,0,0
all_features,lgbm,perm_p2_qlike,column,spread_vwstock_avail_ma_25,spread_vwstock_avail_ma_25,1,True,0,0,0,177,0,0,0,0,,0,0,0,0,0,0,0,0,0,0
all_features,lgbm,perm_p2_qlike,column,spread_vwstock_avail_ma_125,spread_vwstock_avail_ma_125,1,True,0,0,0,177,0,0,0,0,,0,0,0,0,0,0,0,0,0,0
all_features,lgbm,perm_p2_qlike,column,spread_vwstock_avail_ma_625,spread_vwstock_avail_ma_625,1,True,0,0,0,177,0,0,0,0,,0,0,0,0,0,0,0,0,0,0
all_features,lgbm,perm_p2_qlike,column,spread_vwstock_avail_ma_3125,spread_vwstock_avail_ma_3125,1,True,0,0,0,177,0,0,0,0,,0,0,0,0,0,0,0,0,0,0
all_features,lgbm,perm_p2_qlike,column,stocktwits_attention_avail_ma_1,stocktwits_attention_avail_ma_1,1,True,0,0,0,177,0,0,0,0,,0,0,0,0,0,0,0,0,0,0
all_features,lgbm,perm_p2_qlike,column,stocktwits_attention_avail_ma_5,stocktwits_attention_avail_ma_5,1,True,0,0,0,177,0,0,0,0,,0,0,0,0,0,0,0,0,0,0
all_features,lgbm,perm_p2_qlike,column,stocktwits_attention_avail_ma_25,stocktwits_attention_avail_ma_25,1,True,1.63859e-06,0,4.91911e-06,171,0,0.00131452,0.0204082,0,0.744825,1.85161e-05,0,0,0,0,0,0,7.8872e-06,5.242e-07,0
all_features,lgbm,perm_p2_qlike,column,stocktwits_attention_avail_ma_125,stocktwits_attention_avail_ma_125,1,True,1.84536e-06,-2.10074e-06,6.7864e-06,169,0,0.0014804,0.0816327,0,0.735446,4.37198e-06,8.2403e-06,0,0,0,0,0,-1.11233e-07,-9.67647e-08,3.43044e-06
all_features,lgbm,perm_p2_qlike,column,stocktwits_attention_avail_ma_625,stocktwits_attention_avail_ma_625,1,True,-4.30862e-06,-2.52768e-05,1.50979e-05,395,0,-0.00345649,0.496599,0,,-4.10206e-05,-8.61759e-06,-1.59447e-05,1.96201e-05,8.25326e-06,7.80329e-06,-4.66974e-05,-1.58361e-05,4.03844e-06,-4.22942e-06
all_features,lgbm,perm_p2_qlike,column,stocktwits_attention_avail_ma_3125,stocktwits_attention_avail_ma_3125,1,True,9.10608e-06,-3.38041e-06,2.17805e-05,148,0,0.00730515,0.442177,0,0.226284,5.05984e-05,1.26795e-05,-1.73256e-05,7.67512e-06,7.51959e-06,7.9359e-06,2.59636e-05,-5.71896e-06,2.80117e-05,5.38484e-06
all_features,lgbm,perm_p2_qlike,column,stocktwits_sentiment_avail_ma_1,stocktwits_sentiment_avail_ma_1,1,True,0,0,0,177,0,0,0,0,,0,0,0,0,0,0,0,0,0,0
all_features,lgbm,perm_p2_qlike,column,stocktwits_sentiment_avail_ma_5,stocktwits_sentiment_avail_ma_5,1,True,1.80496e-06,2.21628e-07,3.76545e-06,170,0,0.00144799,0.0816327,0,0.349608,7.82016e-06,5.88127e-06,4.22958e-07,0,0,0,0,3.45951e-06,3.02842e-06,6.60567e-07
all_features,lgbm,perm_p2_qlike,column,stocktwits_sentiment_avail_ma_25,stocktwits_sentiment_avail_ma_25,1,True,-3.59732e-06,-1.58331e-05,7.26692e-06,391,0,-0.00288587,0.170068,0,,-2.60441e-05,-3.61365e-05,3.16564e-05,-1.66939e-06,0,0,0,-1.03975e-05,6.44027e-06,-5.94325e-06
all_features,lgbm,perm_p2_qlike,column,stocktwits_sentiment_avail_ma_125,stocktwits_sentiment_avail_ma_125,1,True,-8.67975e-06,-2.60008e-05,1.06748e-05,405,0,-0.00696314,0.190476,0,,1.23759e-05,-3.73156e-05,-1.5602e-05,-3.02742e-06,0,0,0,-1.11032e-05,-1.52653e-05,-4.76064e-06
all_features,lgbm,perm_p2_qlike,column,stocktwits_sentiment_avail_ma_625,stocktwits_sentiment_avail_ma_625,1,True,8.93481e-06,-1.35287e-05,3.73408e-05,150,0,0.00716775,0.442177,0,0.902165,-4.20921e-06,4.45216e-05,-7.94728e-06,-3.23718e-06,2.67687e-05,-1.16928e-05,1.42273e-05,1.95753e-05,1.68225e-05,1.56595e-06
all_features,lgbm,perm_p2_qlike,column,stocktwits_sentiment_avail_ma_3125,stocktwits_sentiment_avail_ma_3125,1,True,4.2374e-06,-6.2626e-06,1.52125e-05,164,0,0.00339936,0.442177,0,0.491456,-2.41718e-05,3.19711e-06,2.78168e-05,9.87959e-06,8.79767e-07,-7.12108e-06,8.50719e-06,5.54362e-06,-8.80559e-06,9.8887e-06
all_features,lgbm,perm_p2_qlike,column,stocktwits_sentcount_avail_ma_1,stocktwits_sentcount_avail_ma_1,1,True,0,0,0,177,0,0,0,0,,0,0,0,0,0,0,0,0,0,0
all_features,lgbm,perm_p2_qlike,column,stocktwits_sentcount_avail_ma_5,stocktwits_sentcount_avail_ma_5,1,True,0,0,0,177,0,0,0,0,,0,0,0,0,0,0,0,0,0,0
all_features,lgbm,perm_p2_qlike,column,stocktwits_sentcount_avail_ma_25,stocktwits_sentcount_avail_ma_25,1,True,0,0,0,177,0,0,0,0,,0,0,0,0,0,0,0,0,0,0
all_features,lgbm,perm_p2_qlike,column,stocktwits_sentcount_avail_ma_125,stocktwits_sentcount_avail_ma_125,1,True,0,0,0,177,0,0,0,0,,0,0,0,0,0,0,0,0,0,0
all_features,lgbm,perm_p2_qlike,column,stocktwits_sentcount_avail_ma_625,stocktwits_sentcount_avail_ma_625,1,True,0,0,0,177,0,0,0,0,,0,0,0,0,0,0,0,0,0,0
all_features,lgbm,perm_p2_qlike,column,stocktwits_sentcount_avail_ma_3125,stocktwits_sentcount_avail_ma_3125,1,True,0,0,0,177,0,0,0,0,,0,0,0,0,0,0,0,0,0,0
all_features,lgbm,perm_p2_qlike,column,vix_avail_ma_1,vix_avail_ma_1,1,True,8.19445e-08,-2.30512e-07,4.76021e-07,176,0,6.57382e-05,0.00680272,0,1.93767,-8.68261e-07,8.97117e-07,0,0,0,0,0,4.29916e-07,0,0
all_features,lgbm,perm_p2_qlike,column,vix_avail_ma_5,vix_avail_ma_5,1,True,0,0,0,177,0,0,0,0,,0,0,0,0,0,0,0,0,0,0
all_features,lgbm,perm_p2_qlike,column,vix_avail_ma_25,vix_avail_ma_25,1,True,-1.55074e-05,-4.41355e-05,7.94638e-07,418,0,-0.0124404,0.0340136,0,,-1.06752e-18,-5.81673e-06,0,1.1456e-06,-7.19677e-07,-1.02225e-05,-0.000238213,-1.05436e-05,-5.25979e-05,1.31458e-07
all_features,lgbm,perm_p2_qlike,column,vix_avail_ma_125,vix_avail_ma_125,1,True,-1.4349e-06,-1.4088e-05,1.08794e-05,382,0,-0.00115112,0.204082,0,,-3.74352e-05,-7.14922e-06,1.05366e-05,2.30947e-05,-1.59871e-05,-3.08155e-07,3.58842e-06,-1.05464e-05,3.19891e-06,-4.53418e-07
all_features,lgbm,perm_p2_qlike,column,vix_avail_ma_625,vix_avail_ma_625,1,True,-2.40861e-05,-8.16639e-05,1.99074e-05,435,0,-0.0193226,0.442177,0,,-0.000286459,-2.18333e-05,1.9697e-05,1.33906e-05,7.94662e-07,1.72768e-05,-6.6532e-05,-9.22481e-05,-1.34644e-05,-5.4939e-06
all_features,lgbm,perm_p2_qlike,column,vix_avail_ma_3125,vix_avail_ma_3125,1,True,5.45201e-05,1.36986e-06,0.000123711,79,0,0.0437375,0.510204,2.44502e-06,0.474681,6.83317e-05,9.4868e-05,-3.05897e-05,-1.81946e-05,1.06996e-05,6.81581e-05,0.00049396,0.000119174,0.00012776,-2.09855e-06
all_features,lgbm,perm_p2_qlike,column,vvix_avail_ma_1,vvix_avail_ma_1,1,True,1.88369e-05,-9.2256e-07,4.21507e-05,126,0,0.0151115,0.115646,0,0.410296,-1.89663e-05,6.77687e-05,4.25074e-05,2.17135e-06,5.39007e-06,0,0,2.0642e-05,5.67384e-05,4.78806e-07
all_features,lgbm,perm_p2_qlike,column,vvix_avail_ma_5,vvix_avail_ma_5,1,True,2.06696e-07,-9.5778e-07,1.49338e-06,175,0,0.000165817,0.0272109,0,1.74263,0,-2.32318e-08,1.81773e-07,1.05694e-06,0,0,0,-7.74677e-07,4.32345e-07,4.40355e-07
all_features,lgbm,perm_p2_qlike,column,vvix_avail_ma_25,vvix_avail_ma_25,1,True,7.75315e-06,-7.64091e-06,3.02657e-05,152,0,0.0062198,0.047619,0,1.22003,-8.3631e-06,3.762e-05,4.41907e-07,-1.65097e-07,0,0,3.32427e-05,-1.42339e-05,4.34322e-05,-1.34066e-06
all_features,lgbm,perm_p2_qlike,column,vvix_avail_ma_125,vvix_avail_ma_125,1,True,-8.21677e-08,-8.32225e-06,7.47543e-06,379,0,-6.59172e-05,0.0612245,0,,-6.55147e-06,-1.9729e-05,1.82544e-05,-2.1566e-06,8.321e-06,-1.10241e-06,3.97734e-07,-7.67625e-06,-1.33647e-06,3.12984e-06
all_features,lgbm,perm_p2_qlike,column,vvix_avail_ma_625,vvix_avail_ma_625,1,True,7.08701e-06,-9.13071e-06,2.49134e-05,154,0,0.0056854,0.244898,0,0.635026,5.84035e-05,3.57061e-05,-1.85885e-05,-1.2408e-05,-2.58382e-06,1.20455e-05,-1.36901e-05,5.21647e-05,1.02734e-05,-9.98632e-06
all_features,lgbm,perm_p2_qlike,column,vvix_avail_ma_3125,vvix_avail_ma_3125,1,True,-2.77029e-05,-7.62156e-05,1.63478e-05,441,0,-0.0222241,0.380952,0,,-0.000122923,1.05651e-05,-2.59021e-05,6.83635e-05,-5.771e-05,-1.12906e-05,-0.000263642,-5.02587e-05,4.5344e-06,-3.49898e-05
all_features,lgbm,perm_p2_qlike,column,vix3m_avail_ma_1,vix3m_avail_ma_1,1,True,0,0,0,177,0,0,0,0,,0,0,0,0,0,0,0,0,0,0
all_features,lgbm,perm_p2_qlike,column,vix3m_avail_ma_5,vix3m_avail_ma_5,1,True,0,0,0,177,0,0,0,0,,0,0,0,0,0,0,0,0,0,0
all_features,lgbm,perm_p2_qlike,column,vix3m_avail_ma_25,vix3m_avail_ma_25,1,True,0,0,0,177,0,0,0,0,,0,0,0,0,0,0,0,0,0,0
all_features,lgbm,perm_p2_qlike,column,vix3m_avail_ma_125,vix3m_avail_ma_125,1,True,-4.22593e-06,-1.86695e-05,7.72117e-06,394,0,-0.00339016,0.0544218,0,,-6.86334e-05,7.98362e-06,1.91996e-06,9.64784e-07,-3.29885e-07,0,0,-3.16717e-05,-1.04177e-05,8.15864e-06
all_features,lgbm,perm_p2_qlike,column,vix3m_avail_ma_625,vix3m_avail_ma_625,1,True,-4.14085e-06,-3.33424e-05,2.17331e-05,392,0,-0.00332191,0.278912,0,,-1.43858e-05,-5.47369e-05,4.69881e-06,-9.96194e-07,1.57924e-05,4.49452e-05,-7.71038e-05,-2.47213e-06,-1.35574e-06,-6.02085e-06
all_features,lgbm,perm_p2_qlike,column,vix3m_avail_ma_3125,vix3m_avail_ma_3125,1,True,5.70173e-06,-2.13135e-05,3.45164e-05,160,0,0.00457409,0.44898,0,1.09073,-4.13248e-05,-3.83099e-05,2.46857e-05,6.90254e-05,2.04472e-05,-1.51315e-06,-5.63627e-05,-3.08221e-05,-1.71408e-05,2.90153e-05
all_features,lgbm,perm_p2_qlike,column,voldemand_spx_open_and_close_avail_ma_1,voldemand_spx_open_and_close_avail_ma_1,1,True,-7.22612e-06,-1.99663e-05,1.07149e-06,403,0,-0.005797,0.0136054,0,,2.78191e-06,0,0,0,0,-3.26797e-05,-3.55304e-05,-3.50658e-05,-2.10222e-06,0
all_features,lgbm,perm_p2_qlike,column,voldemand_spx_open_and_close_avail_ma_5,voldemand_spx_open_and_close_avail_ma_5,1,True,-1.05825e-06,-6.40398e-06,3.22487e-06,381,0,-0.000848957,0.00680272,0,,0,0,0,0,0,-6.21827e-06,0,-1.40116e-05,6.24979e-06,0
all_features,lgbm,perm_p2_qlike,column,voldemand_spx_open_and_close_avail_ma_25,voldemand_spx_open_and_close_avail_ma_25,1,True,0,0,0,177,0,0,0,0,,0,0,0,0,0,0,0,0,0,0
all_features,lgbm,perm_p2_qlike,column,voldemand_spx_open_and_close_avail_ma_125,voldemand_spx_open_and_close_avail_ma_125,1,True,-1.4621e-06,-4.33712e-06,0,383,0,-0.00117294,0.0136054,0,,0,0,0,0,0,-1.13124e-06,-2.36078e-05,-7.67081e-06,0,0
all_features,lgbm,perm_p2_qlike,column,voldemand_spx_open_and_close_avail_ma_625,voldemand_spx_open_and_close_avail_ma_625,1,True,2.96897e-06,-3.03261e-05,4.03129e-05,165,0,0.00238179,0.312925,0,4.66758,2.57867e-05,6.77561e-05,1.47012e-05,-1.59012e-05,-6.30762e-05,-6.20239e-06,1.28129e-05,1.25869e-06,7.68668e-07,4.5897e-06
all_features,lgbm,perm_p2_qlike,column,voldemand_spx_open_and_close_avail_ma_3125,voldemand_spx_open_and_close_avail_ma_3125,1,True,2.17754e-05,-0.000127072,0.000224491,121,0,0.0174688,0.482993,0,3.84163,-1.41047e-07,0.000455341,3.94444e-05,2.45999e-05,-0.000216149,-0.000143596,-0.000157685,-8.89868e-05,-4.01018e-05,8.9016e-05
all_features,lgbm,perm_p2_qlike,column,voldemand_spx_open_only_avail_ma_1,voldemand_spx_open_only_avail_ma_1,1,True,0,0,0,177,0,0,0,0,,0,0,0,0,0,0,0,0,0,0
all_features,lgbm,perm_p2_qlike,column,voldemand_spx_open_only_avail_ma_5,voldemand_spx_open_only_avail_ma_5,1,True,0,0,0,177,0,0,0,0,,0,0,0,0,0,0,0,0,0,0
all_features,lgbm,perm_p2_qlike,column,voldemand_spx_open_only_avail_ma_25,voldemand_spx_open_only_avail_ma_25,1,True,0,0,0,177,0,0,0,0,,0,0,0,0,0,0,0,0,0,0
all_features,lgbm,perm_p2_qlike,column,voldemand_spx_open_only_avail_ma_125,voldemand_spx_open_only_avail_ma_125,1,True,0,0,0,177,0,0,0,0,,0,0,0,0,0,0,0,0,0,0
all_features,lgbm,perm_p2_qlike,column,voldemand_spx_open_only_avail_ma_625,voldemand_spx_open_only_avail_ma_625,1,True,0,0,0,177,0,0,0,0,,0,0,0,0,0,0,0,0,0,0
all_features,lgbm,perm_p2_qlike,column,voldemand_spx_open_only_avail_ma_3125,voldemand_spx_open_only_avail_ma_3125,1,True,0,0,0,177,0,0,0,0,,0,0,0,0,0,0,0,0,0,0
all_features,lgbm,perm_p2_qlike,column,voldemand_all_open_and_close_avail_ma_1,voldemand_all_open_and_close_avail_ma_1,1,True,0,0,0,177,0,0,0,0,,0,0,0,0,0,0,0,0,0,0
all_features,lgbm,perm_p2_qlike,column,voldemand_all_open_and_close_avail_ma_5,voldemand_all_open_and_close_avail_ma_5,1,True,0,0,0,177,0,0,0,0,,0,0,0,0,0,0,0,0,0,0
all_features,lgbm,perm_p2_qlike,column,voldemand_all_open_and_close_avail_ma_25,voldemand_all_open_and_close_avail_ma_25,1,True,0,0,0,177,0,0,0,0,,0,0,0,0,0,0,0,0,0,0
all_features,lgbm,perm_p2_qlike,column,voldemand_all_open_and_close_avail_ma_125,voldemand_all_open_and_close_avail_ma_125,1,True,0,0,0,177,0,0,0,0,,0,0,0,0,0,0,0,0,0,0
all_features,lgbm,perm_p2_qlike,column,voldemand_all_open_and_close_avail_ma_625,voldemand_all_open_and_close_avail_ma_625,1,True,0,0,0,177,0,0,0,0,,0,0,0,0,0,0,0,0,0,0
all_features,lgbm,perm_p2_qlike,column,voldemand_all_open_and_close_avail_ma_3125,voldemand_all_open_and_close_avail_ma_3125,1,True,0,0,0,177,0,0,0,0,,0,0,0,0,0,0,0,0,0,0
all_features,lgbm,perm_p2_qlike,column,voldemand_all_open_only_avail_ma_1,voldemand_all_open_only_avail_ma_1,1,True,0,0,0,177,0,0,0,0,,0,0,0,0,0,0,0,0,0,0
all_features,lgbm,perm_p2_qlike,column,voldemand_all_open_only_avail_ma_5,voldemand_all_open_only_avail_ma_5,1,True,0,0,0,177,0,0,0,0,,0,0,0,0,0,0,0,0,0,0
all_features,lgbm,perm_p2_qlike,column,voldemand_all_open_only_avail_ma_25,voldemand_all_open_only_avail_ma_25,1,True,0,0,0,177,0,0,0,0,,0,0,0,0,0,0,0,0,0,0
all_features,lgbm,perm_p2_qlike,column,voldemand_all_open_only_avail_ma_125,voldemand_all_open_only_avail_ma_125,1,True,0,0,0,177,0,0,0,0,,0,0,0,0,0,0,0,0,0,0
all_features,lgbm,perm_p2_qlike,column,voldemand_all_open_only_avail_ma_625,voldemand_all_open_only_avail_ma_625,1,True,0,0,0,177,0,0,0,0,,0,0,0,0,0,0,0,0,0,0
all_features,lgbm,perm_p2_qlike,column,voldemand_all_open_only_avail_ma_3125,voldemand_all_open_only_avail_ma_3125,1,True,0,0,0,177,0,0,0,0,,0,0,0,0,0,0,0,0,0,0
all_features,lgbm,perm_p2_qlike,column,ofi_ewstock_avail_ma_1,ofi_ewstock_avail_ma_1,1,True,0,0,0,177,0,0,0,0,,0,0,0,0,0,0,0,0,0,0
all_features,lgbm,perm_p2_qlike,column,ofi_ewstock_avail_ma_5,ofi_ewstock_avail_ma_5,1,True,0,0,0,177,0,0,0,0,,0,0,0,0,0,0,0,0,0,0
all_features,lgbm,perm_p2_qlike,column,ofi_ewstock_avail_ma_25,ofi_ewstock_avail_ma_25,1,True,-2.09896e-06,-5.55247e-06,2.39237e-07,385,0,-0.00168385,0.0340136,0,,-2.35003e-05,-1.08996e-07,-5.55112e-19,0,0,0,0,-6.58307e-06,-7.95288e-08,-1.4938e-06
all_features,lgbm,perm_p2_qlike,column,ofi_ewstock_avail_ma_125,ofi_ewstock_avail_ma_125,1,True,-8.55354e-06,-2.53353e-05,3.4573e-06,404,0,-0.00686189,0.0544218,0,,-7.35366e-05,-2.05459e-05,9.34619e-06,0,0,0,0,-1.93686e-05,2.1442e-07,-8.91755e-06
all_features,lgbm,perm_p2_qlike,column,ofi_ewstock_avail_ma_625,ofi_ewstock_avail_ma_625,1,True,-1.72132e-06,-4.7967e-06,1.15297e-06,384,0,-0.00138089,0.0408163,0,,-2.13504e-18,-3.60338e-06,-6.36694e-06,0,0,0,0,-1.37892e-06,1.57146e-06,-3.38037e-06
all_features,lgbm,perm_p2_qlike,column,ofi_ewstock_avail_ma_3125,ofi_ewstock_avail_ma_3125,1,True,3.52655e-05,-9.53786e-06,9.79354e-05,101,0,0.0282909,0.115646,0,0.628293,0.000159121,2.43615e-05,9.88548e-05,2.86412e-07,0,0,0,7.15519e-05,9.72847e-06,3.46708e-05
all_features,lgbm,perm_p2_qlike,column,ofi_vwstock_avail_ma_1,ofi_vwstock_avail_ma_1,1,True,0,0,0,177,0,0,0,0,,0,0,0,0,0,0,0,0,0,0
all_features,lgbm,perm_p2_qlike,column,ofi_vwstock_avail_ma_5,ofi_vwstock_avail_ma_5,1,True,0,0,0,177,0,0,0,0,,0,0,0,0,0,0,0,0,0,0
all_features,lgbm,perm_p2_qlike,column,ofi_vwstock_avail_ma_25,ofi_vwstock_avail_ma_25,1,True,0,0,0,177,0,0,0,0,,0,0,0,0,0,0,0,0,0,0
all_features,lgbm,perm_p2_qlike,column,ofi_vwstock_avail_ma_125,ofi_vwstock_avail_ma_125,1,True,0,0,0,177,0,0,0,0,,0,0,0,0,0,0,0,0,0,0
all_features,lgbm,perm_p2_qlike,column,ofi_vwstock_avail_ma_625,ofi_vwstock_avail_ma_625,1,True,0,0,0,177,0,0,0,0,,0,0,0,0,0,0,0,0,0,0
all_features,lgbm,perm_p2_qlike,column,ofi_vwstock_avail_ma_3125,ofi_vwstock_avail_ma_3125,1,True,0,0,0,177,0,0,0,0,,0,0,0,0,0,0,0,0,0,0
all_features,lgbm,perm_p2_qlike,column,fomc_release_avail_ma_1,fomc_release_avail_ma_1,1,True,0,0,0,177,0,0,0,0,,0,0,0,0,0,0,0,0,0,0
all_features,lgbm,perm_p2_qlike,column,fomc_release_avail_ma_5,fomc_release_avail_ma_5,1,True,0,0,0,177,0,0,0,0,,0,0,0,0,0,0,0,0,0,0
all_features,lgbm,perm_p2_qlike,column,fomc_release_avail_ma_25,fomc_release_avail_ma_25,1,True,0,0,0,177,0,0,0,0,,0,0,0,0,0,0,0,0,0,0
all_features,lgbm,perm_p2_qlike,column,fomc_release_avail_ma_125,fomc_release_avail_ma_125,1,True,0,0,0,177,0,0,0,0,,0,0,0,0,0,0,0,0,0,0
all_features,lgbm,perm_p2_qlike,column,fomc_release_avail_ma_625,fomc_release_avail_ma_625,1,True,0,0,0,177,0,0,0,0,,0,0,0,0,0,0,0,0,0,0
all_features,lgbm,perm_p2_qlike,column,fomc_release_avail_ma_3125,fomc_release_avail_ma_3125,1,True,0,0,0,177,0,0,0,0,,0,0,0,0,0,0,0,0,0,0
all_features,lgbm,perm_p2_qlike,column,fomc_day_avail_ma_1,fomc_day_avail_ma_1,1,True,0,0,0,177,0,0,0,0,,0,0,0,0,0,0,0,0,0,0
all_features,lgbm,perm_p2_qlike,column,fomc_day_avail_ma_5,fomc_day_avail_ma_5,1,True,0,0,0,177,0,0,0,0,,0,0,0,0,0,0,0,0,0,0
all_features,lgbm,perm_p2_qlike,column,fomc_day_avail_ma_25,fomc_day_avail_ma_25,1,True,0,0,0,177,0,0,0,0,,0,0,0,0,0,0,0,0,0,0
all_features,lgbm,perm_p2_qlike,column,fomc_day_avail_ma_125,fomc_day_avail_ma_125,1,True,0,0,0,177,0,0,0,0,,0,0,0,0,0,0,0,0,0,0
all_features,lgbm,perm_p2_qlike,column,fomc_day_avail_ma_625,fomc_day_avail_ma_625,1,True,0,0,0,177,0,0,0,0,,0,0,0,0,0,0,0,0,0,0
all_features,lgbm,perm_p2_qlike,column,fomc_day_avail_ma_3125,fomc_day_avail_ma_3125,1,True,0,0,0,177,0,0,0,0,,0,0,0,0,0,0,0,0,0,0
all_features,lgbm,perm_p2_qlike,column,fomc_until_inv_avail_ma_1,fomc_until_inv_avail_ma_1,1,True,0,0,0,177,0,0,0,0,,0,0,0,0,0,0,0,0,0,0
all_features,lgbm,perm_p2_qlike,column,fomc_until_inv_avail_ma_5,fomc_until_inv_avail_ma_5,1,True,0,0,0,177,0,0,0,0,,0,0,0,0,0,0,0,0,0,0
all_features,lgbm,perm_p2_qlike,column,fomc_until_inv_avail_ma_25,fomc_until_inv_avail_ma_25,1,True,0,0,0,177,0,0,0,0,,0,0,0,0,0,0,0,0,0,0
all_features,lgbm,perm_p2_qlike,column,fomc_until_inv_avail_ma_125,fomc_until_inv_avail_ma_125,1,True,0,0,0,177,0,0,0,0,,0,0,0,0,0,0,0,0,0,0
all_features,lgbm,perm_p2_qlike,column,fomc_until_inv_avail_ma_625,fomc_until_inv_avail_ma_625,1,True,0,0,0,177,0,0,0,0,,0,0,0,0,0,0,0,0,0,0
all_features,lgbm,perm_p2_qlike,column,fomc_until_inv_avail_ma_3125,fomc_until_inv_avail_ma_3125,1,True,0,0,0,177,0,0,0,0,,0,0,0,0,0,0,0,0,0,0
all_features,lgbm,perm_p2_qlike,column,fomc_since_inv_avail_ma_1,fomc_since_inv_avail_ma_1,1,True,0,0,0,177,0,0,0,0,,0,0,0,0,0,0,0,0,0,0
all_features,lgbm,perm_p2_qlike,column,fomc_since_inv_avail_ma_5,fomc_since_inv_avail_ma_5,1,True,0,0,0,177,0,0,0,0,,0,0,0,0,0,0,0,0,0,0
all_features,lgbm,perm_p2_qlike,column,fomc_since_inv_avail_ma_25,fomc_since_inv_avail_ma_25,1,True,0,0,0,177,0,0,0,0,,0,0,0,0,0,0,0,0,0,0
all_features,lgbm,perm_p2_qlike,column,fomc_since_inv_avail_ma_125,fomc_since_inv_avail_ma_125,1,True,0,0,0,177,0,0,0,0,,0,0,0,0,0,0,0,0,0,0
all_features,lgbm,perm_p2_qlike,column,fomc_since_inv_avail_ma_625,fomc_since_inv_avail_ma_625,1,True,0,0,0,177,0,0,0,0,,0,0,0,0,0,0,0,0,0,0
all_features,lgbm,perm_p2_qlike,column,fomc_since_inv_avail_ma_3125,fomc_since_inv_avail_ma_3125,1,True,0,0,0,177,0,0,0,0,,0,0,0,0,0,0,0,0,0,0
all_features,lgbm,perm_p2_qlike,column,numobs_active_ma_1,numobs_active_ma_1,1,True,0,0,0,177,0,0,0,0,,0,0,0,0,0,0,0,0,0,0
all_features,lgbm,perm_p2_qlike,column,numobs_active_ma_5,numobs_active_ma_5,1,True,0,0,0,177,0,0,0,0,,0,0,0,0,0,0,0,0,0,0
all_features,lgbm,perm_p2_qlike,column,numobs_active_ma_25,numobs_active_ma_25,1,True,2.50096e-05,-5.61207e-06,6.20414e-05,114,0,0.0200634,0.265306,0,0.55206,9.28976e-06,7.2349e-05,6.27845e-05,1.02848e-05,-6.41065e-06,2.16424e-07,2.43254e-08,-2.89706e-06,4.59529e-05,2.4857e-05
all_features,lgbm,perm_p2_qlike,column,numobs_active_ma_125,numobs_active_ma_125,1,True,-5.89506e-05,-0.000206238,6.69601e-05,488,0,-0.0472918,0.47619,-1.74271e-05,,-0.000399125,-5.77469e-05,-0.00024205,0.000124691,-2.39676e-05,4.95086e-05,4.12202e-05,3.76943e-05,-1.79615e-05,-0.000111538
all_features,lgbm,perm_p2_qlike,column,numobs_active_ma_625,numobs_active_ma_625,1,True,-0.000209049,-0.00044049,9.04124e-07,559,0,-0.167705,0.503401,3.05528e-07,,-0.000742117,-0.00034843,-0.000377246,-1.14656e-05,-8.44053e-05,-3.82127e-05,9.88179e-05,-0.000124119,7.74212e-06,-0.000339844
all_features,lgbm,perm_p2_qlike,column,numobs_active_ma_3125,numobs_active_ma_3125,1,True,-0.000114002,-0.000486478,0.000130098,534,0,-0.0914557,0.530612,2.63428e-05,,-0.000162025,-0.000741004,0.000271437,-4.44201e-05,-3.89024e-05,-3.21411e-05,9.19208e-05,-2.30294e-06,8.52294e-05,-0.000245835
all_features,lgbm,perm_p2_qlike,column,voldemand_spx_open_and_close_active_ma_1,voldemand_spx_open_and_close_active_ma_1,1,True,0,0,0,177,0,0,0,0,,0,0,0,0,0,0,0,0,0,0
all_features,lgbm,perm_p2_qlike,column,voldemand_spx_open_and_close_active_ma_5,voldemand_spx_open_and_close_active_ma_5,1,True,1.12153e-05,0,3.36687e-05,143,0,0.0089972,0.00680272,0,1,0,6.33663e-05,0,0,0,0,0,5.88401e-05,0,0
all_features,lgbm,perm_p2_qlike,column,voldemand_spx_open_and_close_active_ma_25,voldemand_spx_open_and_close_active_ma_25,1,True,-2.34899e-06,-1.79294e-05,1.19018e-05,388,0,-0.00188443,0.0680272,0,,0,0,0,-2.13601e-05,4.38881e-06,3.16861e-06,-7.02673e-18,2.9274e-06,-2.6364e-05,7.06373e-06
all_features,lgbm,perm_p2_qlike,column,voldemand_spx_open_and_close_active_ma_125,voldemand_spx_open_and_close_active_ma_125,1,True,-0.000136904,-0.00037881,6.42208e-05,545,0,-0.109828,0.333333,0,,-3.81991e-05,-0.000409378,-0.000585414,0.00029965,-4.78146e-05,-2.26387e-05,-8.27581e-06,-0.000105818,-0.000248455,-9.54549e-05
all_features,lgbm,perm_p2_qlike,column,voldemand_spx_open_and_close_active_ma_625,voldemand_spx_open_and_close_active_ma_625,1,True,-4.94352e-05,-0.000187518,6.36049e-05,477,0.00680272,-0.0396583,0.414966,-1.79032e-05,,0.000126337,-0.000242517,-2.48175e-05,7.17796e-06,-8.49275e-05,-1.57241e-05,4.53566e-05,-4.40607e-05,-5.35852e-05,-4.93512e-05
all_features,lgbm,perm_p2_qlike,column,voldemand_spx_open_and_close_active_ma_3125,voldemand_spx_open_and_close_active_ma_3125,1,True,-3.39902e-05,-0.0001064,4.07789e-05,453,0,-0.0272678,0.496599,0,,1.30541e-05,4.04495e-05,-0.000143484,-9.37469e-05,-1.76897e-05,3.11241e-05,-7.84357e-05,-3.58657e-05,-3.94701e-05,-3.07778e-05
all_features,lgbm,perm_p2_qlike,column,voldemand_spx_open_only_active_ma_1,voldemand_spx_open_only_active_ma_1,1,True,0,0,0,177,0,0,0,0,,0,0,0,0,0,0,0,0,0,0
all_features,lgbm,perm_p2_qlike,column,voldemand_spx_open_only_active_ma_5,voldemand_spx_open_only_active_ma_5,1,True,7.28613e-06,-1.28122e-06,2.36013e-05,153,0,0.00584513,0.0204082,0,1.09918,0,4.45745e-05,-3.5442e-06,-5.55112e-19,0,0,0,4.20442e-05,-1.75124e-06,-5.00413e-07
all_features,lgbm,perm_p2_qlike,column,voldemand_spx_open_only_active_ma_25,voldemand_spx_open_only_active_ma_25,1,True,1.16667e-05,-3.77884e-19,2.9435e-05,142,0,0.00935934,0.0204082,0,0.66929,0,0,0,0,4.58821e-05,2.26713e-05,-7.02673e-18,8.95694e-06,8.3374e-06,1.41612e-05
all_features,lgbm,perm_p2_qlike,column,voldemand_spx_open_only_active_ma_125,voldemand_spx_open_only_active_ma_125,1,True,-4.20916e-05,-0.000107276,1.73098e-05,469,0,-0.033767,0.394558,0,,1.92462e-05,-3.74352e-05,-0.000191361,9.92472e-05,-8.65795e-05,5.06743e-07,-0.000127276,-1.31373e-05,-4.77305e-05,-4.9462e-05
all_features,lgbm,perm_p2_qlike,column,voldemand_spx_open_only_active_ma_625,voldemand_spx_open_only_active_ma_625,1,True,-4.51197e-05,-0.000125141,3.28181e-05,473,0,-0.0361963,0.435374,0,,-0.000338189,-0.000127772,0.000102791,3.64687e-05,-3.32298e-05,-5.89258e-05,-1.10298e-05,-4.06072e-05,-7.40223e-05,-3.3156e-05
all_features,lgbm,perm_p2_qlike,column,voldemand_spx_open_only_active_ma_3125,voldemand_spx_open_only_active_ma_3125,1,True,-5.27124e-05,-0.000124262,2.56126e-05,481,0,-0.0422874,0.435374,0,,9.46074e-05,-8.57092e-05,-2.86577e-05,-0.000122372,1.65894e-05,-0.000136063,2.23976e-06,-0.000254808,-1.8258e-05,1.02647e-06
all_features,lgbm,perm_p2_qlike,column,voldemand_all_open_and_close_active_ma_1,voldemand_all_open_and_close_active_ma_1,1,True,0,0,0,177,0,0,0,0,,0,0,0,0,0,0,0,0,0,0
all_features,lgbm,perm_p2_qlike,column,voldemand_all_open_and_close_active_ma_5,voldemand_all_open_and_close_active_ma_5,1,True,0,0,0,177,0,0,0,0,,0,0,0,0,0,0,0,0,0,0
all_features,lgbm,perm_p2_qlike,column,voldemand_all_open_and_close_active_ma_25,voldemand_all_open_and_close_active_ma_25,1,True,4.59808e-07,0,1.33131e-06,174,0,0.000368871,0.0136054,0,0.888794,0,0,0,0,0,2.70183e-06,0,0,1.98192e-07,7.41164e-07
all_features,lgbm,perm_p2_qlike,column,voldemand_all_open_and_close_active_ma_125,voldemand_all_open_and_close_active_ma_125,1,True,-0.00019171,-0.000470414,-1.93696e-05,556,0,-0.153795,0.380952,0,,-2.81255e-05,-0.000662527,-0.000216612,-0.000166176,-1.73269e-05,1.17589e-05,-0.000109108,-0.000179255,-0.000404002,-9.66835e-05
all_features,lgbm,perm_p2_qlike,column,voldemand_all_open_and_close_active_ma_625,voldemand_all_open_and_close_active_ma_625,1,True,-1.36119e-05,-9.72505e-05,7.31963e-05,414,0,-0.0109198,0.462585,0,,4.08732e-05,-5.18796e-06,1.99537e-05,-6.65965e-05,-0.000131917,8.1576e-06,0.000235951,-2.40392e-05,4.62071e-05,-3.79968e-05
all_features,lgbm,perm_p2_qlike,column,voldemand_all_open_and_close_active_ma_3125,voldemand_all_open_and_close_active_ma_3125,1,True,-0.000165434,-0.000326589,-1.97947e-05,549,0,-0.132715,0.455782,-2.62669e-05,,0.000110677,-0.000188972,-0.000287879,-0.000613076,5.55709e-05,7.79482e-05,-0.000207824,-0.000113426,-0.000224604,-0.000155725
all_features,lgbm,perm_p2_qlike,column,voldemand_all_open_only_active_ma_1,voldemand_all_open_only_active_ma_1,1,True,0,0,0,177,0,0,0,0,,0,0,0,0,0,0,0,0,0,0
all_features,lgbm,perm_p2_qlike,column,voldemand_all_open_only_active_ma_5,voldemand_all_open_only_active_ma_5,1,True,0,0,0,177,0,0,0,0,,0,0,0,0,0,0,0,0,0,0
all_features,lgbm,perm_p2_qlike,column,voldemand_all_open_only_active_ma_25,voldemand_all_open_only_active_ma_25,1,True,0,0,0,177,0,0,0,0,,0,0,0,0,0,0,0,0,0,0
all_features,lgbm,perm_p2_qlike,column,voldemand_all_open_only_active_ma_125,voldemand_all_open_only_active_ma_125,1,True,6.85502e-06,-3.45205e-05,4.59978e-05,156,0,0.00549929,0.292517,0,1.49801,1.62871e-06,-6.72488e-07,-3.72818e-05,7.02175e-05,-1.82468e-05,-2.30802e-05,0.000153557,-3.41991e-06,1.95234e-05,4.47929e-06
all_features,lgbm,perm_p2_qlike,column,voldemand_all_open_only_active_ma_625,voldemand_all_open_only_active_ma_625,1,True,-2.9188e-05,-0.000107514,4.78264e-05,446,0,-0.0234154,0.455782,0,,8.4543e-06,-8.06084e-05,7.02281e-05,-0.000153158,-9.95576e-06,2.596e-05,-7.95779e-05,4.09367e-06,-6.50155e-05,-2.39291e-05
all_features,lgbm,perm_p2_qlike,column,voldemand_all_open_only_active_ma_3125,voldemand_all_open_only_active_ma_3125,1,True,-7.55779e-05,-0.000297237,9.14393e-05,505,0,-0.0606307,0.421769,0,,-4.68164e-05,-1.02807e-05,0.000151173,-0.000569931,3.13266e-05,-7.81852e-05,0.000178979,-4.69834e-05,5.41117e-05,-0.000146144
all_features,lgbm,perm_p2_qlike,column,fomc_release_active_ma_1,fomc_release_active_ma_1,1,True,0,0,0,177,0,0,0,0,,0,0,0,0,0,0,0,0,0,0
all_features,lgbm,perm_p2_qlike,column,fomc_release_active_ma_5,fomc_release_active_ma_5,1,True,-9.4486e-06,-2.74444e-05,-4.8536e-08,407,0,-0.00757993,0,0,,0,-8.87366e-07,-1.11022e-18,0,0,-2.88279e-06,-0.000163653,-3.14309e-06,-3.43006e-05,-3.42661e-19
all_features,lgbm,perm_p2_qlike,column,fomc_release_active_ma_25,fomc_release_active_ma_25,1,True,0,0,0,177,0,0,0,0,,0,0,0,0,0,0,0,0,0,0
all_features,lgbm,perm_p2_qlike,column,fomc_release_active_ma_125,fomc_release_active_ma_125,1,True,1.09144e-05,-1.11509e-06,2.82562e-05,144,0,0.00875581,0.0816327,0,0.874388,2.73906e-05,-1.06752e-18,2.55677e-06,-1.47162e-06,1.42125e-05,1.32282e-06,0.000105282,6.53151e-05,-1.60407e-05,4.7215e-06
all_features,lgbm,perm_p2_qlike,column,fomc_release_active_ma_625,fomc_release_active_ma_625,1,True,5.75824e-07,-1.34842e-05,1.41499e-05,173,0,0.000461942,0.136054,0,4.52015,-3.91547e-05,6.55415e-06,-6.08418e-06,2.09513e-05,-9.02612e-06,6.62818e-06,1.4109e-05,-1.35256e-05,1.86637e-05,-3.01292e-06
all_features,lgbm,perm_p2_qlike,column,fomc_release_active_ma_3125,fomc_release_active_ma_3125,1,True,-1.83943e-05,-4.22416e-05,5.47214e-07,424,0,-0.0147564,0.108844,0,,-1.44936e-05,3.87346e-07,-5.06833e-05,-7.26524e-06,-6.64053e-06,5.0725e-06,-0.000131122,-2.07162e-05,-4.13107e-05,-6.86912e-06
all_features,lgbm,perm_p2_qlike,column,fomc_day_active_ma_1,fomc_day_active_ma_1,1,True,0,0,0,177,0,0,0,0,,0,0,0,0,0,0,0,0,0,0
all_features,lgbm,perm_p2_qlike,column,fomc_day_active_ma_5,fomc_day_active_ma_5,1,True,0,0,0,177,0,0,0,0,,0,0,0,0,0,0,0,0,0,0
all_features,lgbm,perm_p2_qlike,column,fomc_day_active_ma_25,fomc_day_active_ma_25,1,True,0,0,0,177,0,0,0,0,,0,0,0,0,0,0,0,0,0,0
all_features,lgbm,perm_p2_qlike,column,fomc_day_active_ma_125,fomc_day_active_ma_125,1,True,-1.36686e-05,-4.76023e-05,1.21076e-05,415,0,-0.0109653,0.0544218,0,,-9.31983e-06,-1.9379e-06,-3.36186e-05,-7.02822e-06,-4.00146e-06,4.92995e-05,-0.000247171,-2.10491e-05,-7.42743e-06,-1.40375e-05
all_features,lgbm,perm_p2_qlike,column,fomc_day_active_ma_625,fomc_day_active_ma_625,1,True,-1.62228e-05,-7.93271e-05,2.91453e-05,419,0,-0.0130144,0.176871,0,,8.30136e-06,4.66765e-06,-0.000204833,3.10185e-05,-3.27792e-07,3.69651e-05,0.000103422,3.86265e-05,-3.52436e-05,-2.62831e-05
all_features,lgbm,perm_p2_qlike,column,fomc_day_active_ma_3125,fomc_day_active_ma_3125,1,True,-9.34385e-06,-3.4005e-05,8.54453e-06,406,0,-0.0074959,0.204082,0,,1.40403e-05,3.24475e-06,1.00157e-06,-7.85055e-06,2.78856e-08,-2.48933e-05,-0.00010717,-7.79447e-06,-3.27755e-05,1.08426e-06
all_features,lgbm,perm_p2_qlike,column,DOW_0,DOW_0,1,True,-1.05054e-05,-2.84073e-05,5.15265e-06,410,0,-0.00842773,0.204082,0,,4.55027e-06,-1.45147e-05,-4.45338e-05,7.41688e-06,-2.9419e-06,2.59812e-06,-3.6519e-05,-1.79415e-05,-6.77062e-06,-9.68241e-06
all_features,lgbm,perm_p2_qlike,column,DOW_1,DOW_1,1,True,1.98086e-06,-5.34755e-06,1.13045e-05,168,0,0.0015891,0.170068,0,1.26076,-1.58126e-05,2.5855e-05,-2.05127e-06,2.31766e-06,-5.265e-06,1.78285e-06,-1.20613e-05,-2.22319e-06,3.33792e-06,2.79913e-06
all_features,lgbm,perm_p2_qlike,column,DOW_2,DOW_2,1,True,2.39135e-05,-3.53008e-05,8.23972e-05,117,0,0.019184,0.421769,0,0.405384,4.26503e-05,6.16462e-06,6.75629e-05,2.71305e-05,-6.87985e-05,8.89457e-07,0.000269436,0.000143942,-4.5868e-05,1.50731e-05
all_features,lgbm,perm_p2_qlike,column,DOW_3,DOW_3,1,True,-2.25848e-06,-1.1799e-05,5.81002e-06,386,0,-0.00181182,0.108844,0,,4.08646e-07,-6.85754e-07,-1.44941e-06,1.26866e-05,-1.64295e-05,4.08367e-07,-2.52726e-05,-3.14128e-06,-1.19027e-06,-2.45313e-06
all_features,lgbm,perm_p2_qlike,column,DOW_4,DOW_4,1,True,-2.65805e-05,-0.000165989,0.000105255,438,0.00680272,-0.0213236,0.517007,5.92115e-06,,-0.000447951,-0.000190092,2.62388e-06,0.000211698,1.70974e-05,5.64379e-05,-4.24465e-05,-0.000161155,8.23851e-05,-3.10459e-05
all_features,lgbm,perm_p2_qlike,column,hour,hour,1,False,0,0,0,0,0,0,0,0,,0,0,0,0,0,0,0,0,0,0
all_features,lgbm,perm_p2_qlike,column,is_overnight,is_overnight,1,False,0,0,0,0,0,0,0,0,,0,0,0,0,0,0,0,0,0,0
all_features,lgbm,perm_p2_qlike,column,is_open,is_open,1,False,0,0,0,0,0,0,0,0,,0,0,0,0,0,0,0,0,0,0
all_features,lgbm,perm_p2_qlike,column,is_close,is_close,1,False,0,0,0,0,0,0,0,0,,0,0,0,0,0,0,0,0,0,0
all_features,lgbm,perm_p2_qlike,column,is_opex,is_opex,1,True,8.34284e-07,-9.09661e-06,1.21548e-05,172,0,0.000669286,0.170068,0,4.10109,-4.12792e-05,7.38798e-06,3.18426e-07,2.60311e-05,6.27332e-07,-6.19092e-07,-2.42845e-05,3.20439e-06,-2.46678e-06,1.55956e-06
all_features,lgbm,perm_p2_qlike,column,is_opex_week,is_opex_week,1,True,-6.56994e-06,-2.47117e-05,8.92028e-06,401,0,-0.00527059,0.204082,0,,-2.64453e-06,-4.46389e-05,-1.1595e-05,5.27719e-06,-5.92646e-06,2.14091e-05,9.43008e-08,2.38082e-06,-6.74069e-06,-9.58413e-06
all_features,lgbm,perm_p2_qlike,column,is_quad_witch,is_quad_witch,1,True,8.6474e-05,2.23675e-05,0.000156571,53,0.00680272,0.0693719,0.482993,0,0.255604,1.03366e-05,6.32131e-05,-6.18331e-05,0.000279377,5.67335e-05,0.000129774,0.000104283,8.87786e-05,9.4394e-06,0.000121722
all_features,lgbm,perm_p2_qlike,column,is_rebalance_close,is_rebalance_close,1,True,0,0,0,177,0,0,0,0,,0,0,0,0,0,0,0,0,0,0
all_features,lgbm,perm_p2_qlike,column,is_month_end,is_month_end,1,True,0.00616641,0.00363848,0.00901327,4,0.285714,4.94687,0.761905,0.00203886,0.145024,0.0129242,0.0046194,0.00757373,0.00362154,0.000463975,0.0075163,0.0175111,0.00595192,0.00815523,0.00530998
all_features,lgbm,perm_p2_qlike,column,is_quarter_end,is_quarter_end,1,True,0.000488818,0.000101674,0.00104514,14,0.0340136,0.392143,0.510204,1.38778e-17,0.433757,0.00268439,0.000348733,0.000535948,0.000260759,0.000192215,0.000106955,5.64883e-05,0.000257016,0.000213565,0.000697738
all_features,lgbm,perm_p2_qlike,column,days_to_opex,days_to_opex,1,True,0.000128375,-0.000302185,0.000581862,39,0.0204082,0.102986,0.537415,0.000164303,0.742204,-0.000807537,2.8326e-05,0.000360302,0.00119058,-0.000165334,-4.33414e-05,-0.000624727,-2.34997e-05,0.000251462,0.000123282
all_features,lgbm,perm_p2_qlike,series,har_ma,har_ma_*,6,True,0.248901,0.218673,0.279527,1,0.993197,199.675,0.993197,0.193323,0.0260554,0.308482,0.222276,0.298347,0.295427,0.25462,0.186213,0.11505,0.186552,0.196488,0.294977
all_features,lgbm,perm_p2_qlike,series,sumret,adj_sumret_ma_*,12,True,0.00432636,0.00143464,0.00723247,3,0.564626,3.47073,0.666667,0.00474362,0.0847312,0.0142699,0.00610663,0.000823443,0.0047612,0.00564313,0.000660384,-0.000752147,0.000102393,0.00448079,0.00571424
all_features,lgbm,perm_p2_qlike,series,sumabsret,adj_sumabsret_ma_*,12,True,0.00391223,0.00239438,0.00534431,5,0.421769,3.1385,0.687075,0.00324824,0.10249,0.00392368,0.00410895,0.00478511,0.00695734,0.00241303,0.0027787,-0.00082146,0.001083,0.00284026,0.0053918
all_features,lgbm,perm_p2_qlike,series,sumret3,adj_sumret3_ma_*,12,True,-0.000358651,-0.00123151,0.000378107,42,0.0612245,-0.28772,0.557823,0.000368262,,0.000306121,-0.0010631,-0.00125685,0.000760464,-0.000315899,2.42324e-05,-0.00118019,0.000291648,4.40715e-05,-0.000771881
all_features,lgbm,perm_p2_qlike,series,sumret4,adj_sumret4_ma_*,12,True,0.000304849,-0.00048297,0.0012131,13,0.0816327,0.244558,0.510204,8.48256e-05,0.745797,-0.00111397,0.00106886,0.00125888,3.5736e-05,-0.000118673,-1.96385e-05,0.000324815,0.000975747,0.000156426,0.000142381
all_features,lgbm,perm_p2_qlike,series,sumpret2,adj_sumpret2_ma_*,12,True,-0.000116784,-0.000570811,0.00042172,33,0.0340136,-0.0936877,0.462585,-9.52839e-05,,-0.000646007,-0.000377706,0.000747509,5.04193e-05,-0.000243757,-0.000158875,-0.0011164,-0.000466947,-0.000315811,9.73842e-05
all_features,lgbm,perm_p2_qlike,series,sumbipow,adj_sumbipow_ma_*,12,True,0.000108106,-0.000369346,0.000568053,20,0.0204082,0.0867254,0.489796,-2.30058e-05,1.8719,0.000981742,-0.000219234,0.000139466,0.000362802,5.10066e-05,-8.40004e-06,-0.000608062,-8.13934e-05,-0.00015233,0.00029547
all_features,lgbm,perm_p2_qlike,series,sumautocov,adj_sumautocov_ma_*,12,True,-0.000212649,-0.000945267,0.000496024,40,0.102041,-0.170593,0.55102,0.000313375,,-0.00276835,0.000795656,-0.000911257,-0.000649475,0.000542885,0.000235691,0.000457892,-0.0010511,8.19464e-05,-6.06541e-05
all_features,lgbm,perm_p2_qlike,series,sumvolume,adj_sumvolume_ma_*,12,True,0.00422959,0.00255259,0.00590059,4,0.442177,3.39309,0.659864,0.00382737,0.0520167,0.00402045,0.000852508,0.00302505,0.00581683,0.00571268,0.00728025,0.000129801,0.00320385,0.00288244,0.0052145
all_features,lgbm,perm_p2_qlike,series,numobs,adj_numobs_ma_*,18,True,-0.000135523,-0.000824057,0.000437039,35,0.0136054,-0.10872,0.557823,0.000156374,,-0.000748988,-0.000588491,-0.000338897,-0.000130435,0.000346404,9.4256e-05,0.000740015,-0.000760009,0.00055651,-0.000243454
all_features,lgbm,perm_p2_qlike,series,sumret2_ewstock,adj_sumret2_ewstock_ma_*,12,True,7.57159e-06,-0.00035741,0.0003763,26,0.0272109,0.00607414,0.510204,7.57286e-05,6.97142,-0.000758306,-0.000246136,0.000605311,0.000236204,6.89888e-05,8.55784e-05,-0.000953451,6.77542e-05,4.18092e-06,-1.16458e-05
all_features,lgbm,perm_p2_qlike,series,sumret3_ewstock,adj_sumret3_ewstock_ma_*,12,True,0.000357858,-0.000128987,0.000922126,12,0.0612245,0.287083,0.52381,0.000251852,0.532853,0.000205193,0.0011435,-0.000115135,0.000426608,-1.65973e-05,0.000356128,0.000493114,0.000660391,-1.51645e-05,0.000427816
all_features,lgbm,perm_p2_qlike,series,sumret4_ewstock,adj_sumret4_ewstock_ma_*,12,True,4.79786e-05,-0.000209397,0.000303467,22,0.0136054,0.0384898,0.503401,2.82191e-05,0.859648,0.00053808,0.000201576,5.51259e-05,8.19191e-05,-0.000298507,0.000114236,-0.000507254,0.000200577,9.65216e-05,-2.74847e-05
all_features,lgbm,perm_p2_qlike,series,sumabsret_ewstock,adj_sumabsret_ewstock_ma_*,12,True,0.00257643,0.000615719,0.00453689,6,0.265306,2.06688,0.639456,0.00151705,0.160596,0.00560174,0.00357157,0.00373101,0.000765967,0.00210748,0.00176687,0.000444361,0.000707696,0.0027123,0.00315883
all_features,lgbm,perm_p2_qlike,series,sumbipow_ewstock,adj_sumbipow_ewstock_ma_*,12,True,-0.000153054,-0.000461583,0.000127133,37,0.00680272,-0.122784,0.44898,-8.79919e-05,,-0.00142658,0.000319976,-8.47751e-05,-2.53951e-05,5.52153e-05,-0.000438726,1.07099e-05,-0.00047677,-0.000238138,-1.34106e-06
all_features,lgbm,perm_p2_qlike,series,sumpret2_ewstock,adj_sumpret2_ewstock_ma_*,12,True,-6.66693e-05,-0.00104618,0.000905619,31,0.0748299,-0.053484,0.469388,-0.000106533,,-2.42356e-05,0.000736997,-0.000427023,-0.00030464,-0.000369558,-0.000191789,0.000466413,0.00086423,0.000296842,-0.000558549
all_features,lgbm,perm_p2_qlike,series,turnover_ewstock,adj_turnover_ewstock_ma_*,12,True,-2.97609e-05,-0.000436726,0.000409025,30,0.0340136,-0.023875,0.537415,4.12908e-05,,-0.000603015,0.000261399,4.36079e-05,0.000308642,-0.000387244,0.000255834,-0.00112026,0.000154497,8.87455e-05,-0.000148904
all_features,lgbm,perm_p2_qlike,series,buyturnover_ewstock,adj_buyturnover_ewstock_ma_*,12,True,-0.000387411,-0.000917999,0.000170017,43,0.0272109,-0.310792,0.435374,-0.000137426,,-0.0011494,-0.000731975,-0.000345646,5.74576e-05,-0.000334872,2.3701e-05,-0.00100674,-0.000398319,-0.00031779,-0.000416217
all_features,lgbm,perm_p2_qlike,series,sellturnover_ewstock,adj_sellturnover_ewstock_ma_*,12,True,0.000134915,-0.000182774,0.000501007,19,0.0204082,0.108233,0.632653,0.000365381,0.474832,-0.000348525,0.000372363,0.000759649,0.000326465,-0.000227785,-7.80945e-05,-0.000612332,-0.000176796,0.000109147,0.000254724
all_features,lgbm,perm_p2_qlike,series,effspread_ewstock,adj_effspread_ewstock_ma_*,12,True,0.000936063,0.000296414,0.00169236,7,0.0816327,0.750936,0.537415,0.000185594,0.25995,0.00135774,0.000492667,0.0020217,0.000903075,0.000875952,0.000339447,0.000448523,0.000159219,0.000972576,0.00118752
all_features,lgbm,perm_p2_qlike,series,spread_ewstock,adj_spread_ewstock_ma_*,12,True,0.000155563,-0.000162948,0.000462027,17,0.0272109,0.124797,0.544218,9.25954e-05,0.593547,0.000949093,1.29871e-05,0.000406666,0.000167886,-0.000171044,0.000224291,-0.000698561,0.000313882,0.000575718,-9.57551e-05
all_features,lgbm,perm_p2_qlike,series,sumret2_vwstock,adj_sumret2_vwstock_ma_*,12,True,-0.00045701,-0.00132079,0.000110067,46,0,-0.366626,0.544218,8.05242e-05,,-0.00506928,0.000211288,-5.58464e-05,6.87095e-05,-0.000165456,-1.27649e-05,-0.000328305,-0.00209535,5.48657e-05,-0.000130177
all_features,lgbm,perm_p2_qlike,series,sumret3_vwstock,adj_sumret3_vwstock_ma_*,12,True,-0.000211438,-0.000604993,0.000158497,39,0.0136054,-0.169621,0.510204,4.83825e-05,,-0.000551819,-0.000790388,-0.000545596,-0.000160047,-0.000190064,0.000162916,0.00189662,0.000382953,0.000193006,-0.000606147
all_features,lgbm,perm_p2_qlike,series,sumret4_vwstock,adj_sumret4_vwstock_ma_*,12,True,-2.05549e-05,-0.000279006,0.000224749,29,0.0204082,-0.0164897,0.503401,6.83348e-06,,0.000156115,9.91377e-05,-5.07474e-05,3.86745e-05,-0.00016625,-0.000177446,0.000160459,0.000150758,1.68949e-05,-9.7297e-05
all_features,lgbm,perm_p2_qlike,series,sumabsret_vwstock,adj_sumabsret_vwstock_ma_*,12,True,0.000910746,-0.000199942,0.00204905,8,0.210884,0.730626,0.591837,0.0009981,0.164055,0.00169519,-0.000649181,-0.000511807,0.00183436,0.00111505,0.00112721,0.00500119,0.00196717,0.00112875,0.000443562
all_features,lgbm,perm_p2_qlike,series,sumbipow_vwstock,adj_sumbipow_vwstock_ma_*,12,True,0.000380913,9.31631e-06,0.000774737,11,0.0544218,0.305579,0.557823,6.97449e-05,0.247197,0.00140405,0.00087877,0.000614992,0.000248186,0.000228107,-0.000179583,-0.00100469,-4.05562e-06,7.22989e-05,0.00065839
all_features,lgbm,perm_p2_qlike,series,sumpret2_vwstock,adj_sumpret2_vwstock_ma_*,12,True,0.000185013,-0.000454117,0.000988135,15,0.0340136,0.148423,0.510204,9.93596e-05,0.971793,-0.00154207,0.00110978,0.00101365,-0.000548431,0.000307342,-1.45217e-05,-7.34136e-05,0.000348745,0.000252443,9.68644e-05
all_features,lgbm,perm_p2_qlike,series,turnover_vwstock,adj_turnover_vwstock_ma_*,12,True,0.000140875,-0.00044616,0.000700512,18,0.047619,0.113014,0.585034,0.000352697,0.702129,0.000193531,0.000202322,0.000839034,-9.3762e-05,-2.50749e-05,-0.000335192,0.000416848,-0.000867285,0.000895174,0.000136437
all_features,lgbm,perm_p2_qlike,series,buyturnover_vwstock,adj_buyturnover_vwstock_ma_*,12,True,-0.00051277,-0.00120167,7.1703e-05,47,0.0204082,-0.411358,0.47619,-5.91664e-05,,-0.00121795,5.77865e-05,0.000317427,-0.000693948,-0.000645424,-0.000648851,-0.00243355,-0.00183639,-7.97652e-05,-0.000257824
all_features,lgbm,perm_p2_qlike,series,sellturnover_vwstock,adj_sellturnover_vwstock_ma_*,12,True,-0.000151787,-0.00140959,0.000749192,36,0.047619,-0.121768,0.578231,0.000490822,,-6.77458e-05,-7.68892e-05,0.000729516,0.000486504,0.000187014,-5.26993e-05,-0.00673115,-0.00299051,0.000709831,0.000426348
all_features,lgbm,perm_p2_qlike,series,effspread_vwstock,adj_effspread_vwstock_ma_*,12,True,1.72583e-06,-0.000480533,0.000454965,27,0.0204082,0.00138451,0.510204,2.90082e-05,51.8135,-0.00134028,0.000438091,-0.000382093,0.000430562,3.00347e-05,0.000226119,-0.000168193,-0.000947372,0.000210637,0.000232059
all_features,lgbm,perm_p2_qlike,series,spread_vwstock,adj_spread_vwstock_ma_*,12,True,0.000289103,-0.000227975,0.000846194,14,0.0408163,0.231926,0.47619,-4.54411e-05,0.468393,-0.000349251,0.000897473,0.000772354,-0.000219684,-2.43987e-05,0.000199646,0.000693319,-0.000245309,0.00110027,9.42894e-05
all_features,lgbm,perm_p2_qlike,series,stocktwits_attention,adj_stocktwits_attention_ma_*,12,True,4.425e-05,-0.000457587,0.000481197,24,0.0612245,0.0354986,0.537415,0.00015175,1.68989,-0.000154264,0.00065297,0.000456166,-0.000384391,-0.000155944,-0.000104529,-0.000475188,0.000491561,0.000186549,-0.000176958
all_features,lgbm,perm_p2_qlike,series,stocktwits_sentiment,adj_stocktwits_sentiment_ma_*,12,True,-0.000855352,-0.00303788,0.000785108,49,0.115646,-0.686187,0.469388,-0.000160814,,0.00204566,0.000657378,-0.00533196,-0.000793761,-0.000380011,-0.000366668,0.000313117,-0.000585632,-0.000146273,-0.00128037
all_features,lgbm,perm_p2_qlike,series,stocktwits_sentcount,adj_stocktwits_sentcount_ma_*,12,True,0.000776951,0.000100742,0.00145602,9,0.14966,0.623292,0.571429,0.000431554,0.128602,0.00178712,-0.000506995,0.00111036,0.00221252,0.000518158,0.000189013,0.0004218,-0.000533,0.000493934,0.0013622
all_features,lgbm,perm_p2_qlike,series,vix,adj_vix_ma_*,12,True,-6.95753e-05,-0.000496668,0.000332348,32,0.0272109,-0.0558153,0.517007,4.04824e-05,,0.000723129,-0.000693388,-0.000379677,0.000177082,-7.88858e-05,7.06318e-05,0.000465574,-0.000273231,0.000389953,-0.00021419
all_features,lgbm,perm_p2_qlike,series,vvix,adj_vvix_ma_*,12,True,-0.000430333,-0.00089943,5.80106e-05,44,0.0340136,-0.345225,0.496599,-2.50886e-06,,-0.00168718,-0.000423796,-0.000453694,-0.000213461,-0.000294915,-0.000171154,-0.000244715,-0.00068066,8.85392e-05,-0.00058658
all_features,lgbm,perm_p2_qlike,series,vix3m,adj_vix3m_ma_*,12,True,2.25982e-05,-0.000305265,0.000360729,25,0.0136054,0.0181289,0.564626,0.000132948,4.14463,0.000843677,-6.78972e-05,-0.000317557,6.71573e-05,5.65409e-05,4.02895e-05,-0.000258681,6.37223e-05,-0.000277695,0.00014889
all_features,lgbm,perm_p2_qlike,series,voldemand_spx_open_and_close,adj_voldemand_spx_open_and_close_ma_*,18,True,-0.000552308,-0.00091648,-0.000171615,48,0.0408163,-0.443077,0.435374,-0.000361444,,-0.000607922,-0.000998523,-0.00110235,0.000351025,-0.000481807,-0.000281168,-0.00119137,-0.000833036,-0.000552349,-0.000455247
all_features,lgbm,perm_p2_qlike,series,voldemand_spx_open_only,adj_voldemand_spx_open_only_ma_*,18,True,-0.000235349,-0.000575899,9.75983e-05,41,0.00680272,-0.188803,0.517007,6.98708e-05,,-0.000118131,-0.000117715,-0.000228834,-0.000346584,-0.00024961,-0.000185794,-0.000595689,-0.000318868,-0.000259089,-0.00019537
all_features,lgbm,perm_p2_qlike,series,voldemand_all_open_and_close,adj_voldemand_all_open_and_close_ma_*,18,True,-0.000433032,-0.000844646,-3.53176e-05,45,0.0272109,-0.34739,0.455782,-8.92019e-05,,-0.00090214,-0.00067246,-0.000470039,-0.000934029,7.9675e-05,0.000176223,-0.000721058,-0.00065171,-0.000615333,-0.00027214
all_features,lgbm,perm_p2_qlike,series,voldemand_all_open_only,adj_voldemand_all_open_only_ma_*,18,True,-0.000187616,-0.000484335,0.00011519,38,0.0272109,-0.150511,0.421769,-0.000118112,,-0.000293784,-0.000176205,5.44951e-05,-0.000509188,-0.000161743,-0.000204613,0.000172908,-0.000822967,0.000156655,-0.000129073
all_features,lgbm,perm_p2_qlike,series,ofi_ewstock,adj_ofi_ewstock_ma_*,12,True,0.000660216,-0.000314378,0.00170507,10,0.122449,0.529644,0.557823,0.000488435,0.579585,5.26592e-05,0.000341799,0.00185484,0.000235632,0.0027925,-0.00113639,-0.000791187,-0.000235727,0.000110344,0.00122721
all_features,lgbm,perm_p2_qlike,series,ofi_vwstock,adj_ofi_vwstock_ma_*,12,True,-0.000123925,-0.00053989,0.000305409,34,0.0340136,-0.0994159,0.482993,-7.99398e-05,,-0.000426399,-0.000403047,0.000954739,-0.000165588,-0.000423459,-0.000564312,0.000352325,-1.32835e-05,-0.000162397,-0.00014417
all_features,lgbm,perm_p2_qlike,series,fomc_release,adj_fomc_release_ma_*,18,True,-1.42419e-05,-4.07239e-05,5.72221e-06,28,0,-0.0114253,0.258503,0,,-3.22875e-05,2.79691e-07,7.48344e-06,-3.05204e-06,-8.38487e-06,5.01882e-06,-0.000215988,1.53314e-05,-5.8054e-05,-3.96508e-06
all_features,lgbm,perm_p2_qlike,series,fomc_day,adj_fomc_day_ma_*,18,True,4.56477e-05,-0.000148956,0.000220938,23,0.00680272,0.0366199,0.564626,6.29713e-05,0.557808,0.000444089,3.71041e-05,-0.000356215,8.22341e-05,0.000144132,9.19877e-05,0.000115736,0.000261973,-2.62138e-05,4.49272e-06
all_features,lgbm,perm_p2_qlike,series,fomc_until_inv,adj_fomc_until_inv_ma_*,12,True,9.90322e-05,-0.000413176,0.000585166,21,0.0272109,0.0794464,0.530612,0.000220515,0.749769,-0.00158048,0.000530303,-0.000168884,0.000335308,0.000656724,0.000209734,-0.000571618,-0.000600102,0.000460899,0.00017139
all_features,lgbm,perm_p2_qlike,series,fomc_since_inv,adj_fomc_since_inv_ma_*,12,True,0.000171553,-0.000509735,0.000791797,16,0.0272109,0.137625,0.564626,0.000240079,0.643919,-0.00172846,-0.000132314,0.000648135,0.000736553,0.000767871,-5.29368e-05,-0.000174587,-0.00110064,-0.000241798,0.00080473
all_features,lgbm,perm_p2_qlike,series,calendar,"calendar (DOW_*, is_*, ...)",16,True,0.00790682,0.00484334,0.0114161,2,0.394558,6.34307,0.714286,0.00290569,0.113754,0.0176581,0.00620882,0.00923999,0.00732751,0.00115094,0.00791018,0.0164319,0.00661151,0.00823558,0.00820076
all_features,lgbm,perm_p2_qlike,cluster,C01,C01: sumret3_ewstock_avail_ma_625 +1,2,True,-2.07084e-05,-7.02797e-05,2.46179e-05,110,0,-0.0166129,0.367347,0,,9.67615e-05,-2.59346e-06,-4.93926e-05,-0.000147706,2.77975e-05,0,0,6.85406e-05,1.93233e-05,-7.02908e-05
all_features,lgbm,perm_p2_qlike,cluster,C02,C02: sumret2_ewstock_avail_ma_625 +21,22,True,2.53015e-05,-5.42174e-05,9.28205e-05,63,0,0.0202975,0.571429,2.4154e-05,0.501606,0.000100184,-0.000130492,0.000129238,9.50147e-05,5.55518e-06,3.67733e-05,-0.000108526,7.95299e-05,-1.21825e-05,2.40947e-05
all_features,lgbm,perm_p2_qlike,cluster,C03,C03: adj_fomc_since_inv_ma_1 +3,4,True,0.000159197,-0.000209991,0.000533966,30,0.0136054,0.127712,0.503401,1.39432e-05,0.543446,-0.000619036,-0.000176635,0.00043918,0.000382584,0.000973895,-0.000231091,-0.000390909,-0.000640248,-5.04376e-05,0.000533637
all_features,lgbm,perm_p2_qlike,cluster,C04,C04: adj_fomc_until_inv_ma_1 +2,3,True,7.95371e-05,-0.000189309,0.000353581,42,0.0204082,0.0638069,0.537415,9.64527e-05,0.590423,-0.000593158,0.000248281,3.37584e-05,0.000382399,0.000458292,-0.00033511,-6.88238e-05,-0.000691148,0.000112603,0.000330475
all_features,lgbm,perm_p2_qlike,cluster,C05,C05: fomc_day_active_ma_1 +2,3,True,0,0,0,86,0,0,0,0,,0,0,0,0,0,0,0,0,0,0
all_features,lgbm,perm_p2_qlike,cluster,C06,C06: adj_fomc_day_ma_1 +2,3,True,-2.23676e-07,-2.42324e-06,1.97015e-06,91,0,-0.000179439,0.0884354,0,,6.05534e-06,-4.91413e-06,-3.15926e-06,1.52557e-06,5.55112e-19,0,7.21928e-06,2.58702e-06,8.65643e-07,-1.70497e-06
all_features,lgbm,perm_p2_qlike,cluster,C07,C07: sumret3_ewstock_avail_ma_25 +1,2,True,-7.39016e-06,-1.89804e-05,1.40519e-06,100,0,-0.0059286,0.129252,0,,-2.25458e-05,-3.19547e-05,1.13488e-06,3.97232e-07,5.55112e-19,0,0,-3.0138e-05,5.73191e-06,-5.66656e-06
all_features,lgbm,perm_p2_qlike,cluster,C08,C08: sumret2_ewstock_avail_ma_1 +47,48,True,0,0,0,86,0,0,0,0,,0,0,0,0,0,0,0,0,0,0
all_features,lgbm,perm_p2_qlike,cluster,C09,C09: sumret2_ewstock_avail_ma_25 +21,22,True,3.31825e-06,-3.08726e-06,1.12914e-05,80,0,0.00266199,0.102041,0,0.990102,-2.59414e-05,3.41645e-05,-2.54356e-06,0,-2.77556e-19,0,0,-9.32774e-06,7.08382e-06,5.92778e-06
all_features,lgbm,perm_p2_qlike,cluster,C10,C10: is_quad_witch +1,2,True,7.37482e-05,-2.37704e-06,0.000147621,43,0.00680272,0.0591629,0.462585,0,0.30059,1.26785e-05,3.38784e-05,3.55597e-05,0.000161995,0.000153908,0.000129789,-0.000283966,6.00417e-05,1.29803e-05,0.00010692
all_features,lgbm,perm_p2_qlike,cluster,C11,C11: adj_sumabsret_ewstock_ma_3125 +1,2,True,-0.000171712,-0.000369484,-7.4878e-06,152,0,-0.137752,0.469388,-3.13647e-05,,-0.000418469,0.000120453,-0.000685778,1.16644e-05,-1.43357e-06,-0.000207539,-0.00010621,-0.000273057,-7.338e-05,-0.000182689
all_features,lgbm,perm_p2_qlike,cluster,C12,C12: adj_sumabsret_ma_3125 +3,4,True,3.47953e-05,-0.000501537,0.000585035,58,0.0136054,0.0279137,0.517007,6.98736e-05,5.0966,-9.31184e-05,0.00060739,-0.000207556,9.82816e-05,-0.000260462,0.000115893,-0.000395457,0.000149181,-5.18631e-05,3.5802e-05
all_features,lgbm,perm_p2_qlike,cluster,C13,C13: adj_sumret4_ewstock_ma_3125 +1,2,True,8.1879e-05,-3.61671e-05,0.00020299,41,0,0.0656856,0.489796,-4.98387e-06,0.487244,1.67531e-05,0.000273417,3.06657e-05,0.000102264,4.57641e-05,-4.56877e-05,0.000174209,0.000154349,4.43845e-05,7.43713e-05
all_features,lgbm,perm_p2_qlike,cluster,C14,C14: adj_sumret2_ewstock_ma_3125 +5,6,True,-0.000161995,-0.000701332,0.000322471,151,0.0204082,-0.129957,0.496599,-4.68052e-06,,-0.00124228,0.000129167,-0.000291376,0.000241059,-0.000339007,-0.000178482,0.000403712,5.53941e-05,0.000407392,-0.000503558
all_features,lgbm,perm_p2_qlike,cluster,C15,C15: adj_vvix_ma_1 +3,4,True,4.43244e-05,-0.000386323,0.000458922,55,0.0136054,0.0355583,0.52381,0.000120142,1.67675,-0.000537792,0.000238923,1.96851e-05,-2.22515e-06,0.000228944,6.86801e-05,-7.42455e-05,0.000130961,4.4143e-05,1.44609e-05
all_features,lgbm,perm_p2_qlike,cluster,C16,C16: adj_vix_ma_3125 +1,2,True,-0.000242837,-0.000728226,6.30809e-05,160,0,-0.19481,0.455782,-2.40074e-05,,-0.000120179,-0.00139111,0.000255363,-3.90967e-05,-2.7675e-05,-7.88213e-05,-8.68123e-05,-2.47287e-05,-0.000172264,-0.000351253
all_features,lgbm,perm_p2_qlike,cluster,C17,C17: adj_vix_ma_1 +9,10,True,0.000436323,-0.000275405,0.00116946,11,0.047619,0.35003,0.598639,0.000267665,0.381879,0.00212015,0.00144205,-0.000271345,0.000121812,7.57953e-05,0.000130627,-0.00030147,0.000165698,0.000435452,0.00053028
all_features,lgbm,perm_p2_qlike,cluster,C18,C18: adj_sumautocov_ma_625 +1,2,True,-0.000236407,-0.000446016,-2.62521e-05,159,0.00680272,-0.189652,0.510204,1.03757e-05,,-0.000919302,-0.000463571,-0.000113494,-0.000284402,-0.00017066,8.85978e-05,0.000161337,-3.63762e-05,-0.00015356,-0.000344317
all_features,lgbm,perm_p2_qlike,cluster,C19,C19: stocktwits_attention_avail_ma_1 +1,2,True,0,0,0,86,0,0,0,0,,0,0,0,0,0,0,0,0,0,0
all_features,lgbm,perm_p2_qlike,cluster,C20,C20: adj_voldemand_spx_open_only_ma_125 +1,2,True,-6.63306e-05,-0.00024786,0.000103758,132,0,-0.0532123,0.489796,-7.75322e-06,,0.000161922,-0.000369468,4.06128e-05,-0.000258501,0.000128226,1.39654e-05,-4.43495e-05,-0.000253124,-0.000127581,2.68991e-05
all_features,lgbm,perm_p2_qlike,cluster,C21,C21: adj_voldemand_spx_open_only_ma_625 +1,2,True,1.85603e-05,-0.000142166,0.00021458,71,0,0.0148896,0.530612,1.45022e-05,1.92563,0.000749332,-7.39166e-05,0.00022128,-0.0002844,-0.000184842,-3.65027e-05,0.000255526,6.26768e-05,0.000160178,-6.29529e-05
all_features,lgbm,perm_p2_qlike,cluster,C22,C22: adj_voldemand_spx_open_only_ma_3125 +1,2,True,-4.79747e-05,-0.00014396,4.11961e-05,124,0,-0.0384866,0.496599,-1.6804e-06,,8.52223e-05,6.6528e-05,-8.62502e-05,-0.000232743,-8.43086e-05,4.4011e-05,-0.000114281,0.000200605,-6.17725e-05,-0.000127447
all_features,lgbm,perm_p2_qlike,cluster,C23,C23: adj_stocktwits_sentiment_ma_25 +1,2,True,3.39506e-06,-0.000304062,0.000278877,79,0,0.00272361,0.489796,-5.11861e-05,14.7176,-0.000340864,-4.01542e-05,0.000413919,4.4263e-05,-0.000129781,-0.000240509,0.00047806,-0.000686855,6.61041e-05,0.000212658
all_features,lgbm,perm_p2_qlike,cluster,C24,C24: adj_ofi_ewstock_ma_625 +1,2,True,-0.000211081,-0.000501915,9.62149e-05,156,0.0136054,-0.169335,0.489796,-5.56387e-05,,-0.000471399,-0.00082723,0.000608087,-0.000160761,6.42181e-05,-0.000554676,-0.0002903,-0.000326436,-0.000354744,-0.000103985
all_features,lgbm,perm_p2_qlike,cluster,C25,C25: adj_ofi_ewstock_ma_125 +1,2,True,0.000203993,-0.000302436,0.000760172,24,0.0340136,0.163649,0.496599,-3.06132e-05,1.10141,-0.000615688,0.000345425,0.000265285,0.000246219,0.00143435,-0.0004159,-0.00117208,-0.000721766,-0.000150486,0.00068987
all_features,lgbm,perm_p2_qlike,cluster,C26,C26: adj_sumret3_ewstock_ma_625 +1,2,True,-9.71229e-05,-0.000335813,0.000162678,137,0,-0.0779147,0.496599,-5.9846e-06,,-0.000949462,0.000233885,-0.000548951,0.000148195,-3.70323e-05,8.80933e-05,9.3292e-05,-0.000364681,-7.3474e-05,-1.5699e-05
all_features,lgbm,perm_p2_qlike,cluster,C27,C27: adj_sumret3_ewstock_ma_125 +1,2,True,-0.000335499,-0.000866291,5.12677e-05,164,0.00680272,-0.269146,0.455782,-3.76117e-05,,0.000138071,-0.00155567,-0.000430047,-4.88253e-05,6.8107e-07,6.11176e-05,-2.5999e-05,6.01439e-05,-7.64585e-05,-0.000593469
all_features,lgbm,perm_p2_qlike,cluster,C28,C28: adj_sumret3_ewstock_ma_25 +1,2,True,7.2312e-05,-0.000164044,0.000301244,44,0.0136054,0.0580107,0.544218,8.00723e-05,0.629431,-0.000791991,0.000404771,-0.00018793,3.59667e-06,8.27875e-05,0.000283098,0.000741225,0.000415569,2.71889e-06,-1.37822e-05
all_features,lgbm,perm_p2_qlike,cluster,C29,C29: adj_stocktwits_sentcount_ma_5 +1,2,True,0.000209913,-0.000132935,0.000562094,22,0.0204082,0.168398,0.496599,-1.13044e-05,0.423411,0.000703966,-0.000106127,0.000454091,0.000624056,0.000367267,-0.000290027,-0.000562117,-0.000652257,3.82361e-05,0.000588275
all_features,lgbm,perm_p2_qlike,cluster,C30,C30: har_ma_625 +1,2,True,-8.62874e-06,-0.000205242,0.000218724,101,0,-0.00692221,0.482993,-2.843e-05,,-0.000403135,0.000440574,-0.000218553,-4.24524e-05,-0.000107499,-1.02862e-05,0.000251652,-0.00013792,8.97499e-05,-9.96699e-06
all_features,lgbm,perm_p2_qlike,cluster,C31,C31: adj_voldemand_spx_open_only_ma_1 +1,2,True,0.000275919,-9.69187e-05,0.000685429,17,0.0544218,0.22135,0.557823,0.000168889,0.252915,0.00053129,0.00141179,-0.000432186,0.000215867,-7.92577e-05,7.68515e-05,0.000302174,0.000514465,0.000384515,0.000142646
all_features,lgbm,perm_p2_qlike,cluster,C32,C32: adj_voldemand_spx_open_only_ma_5 +1,2,True,-4.56898e-05,-0.000160074,6.37118e-05,121,0,-0.0366536,0.44898,-8.73371e-05,,-0.000329406,-0.000220167,-9.89088e-05,0.000209135,-9.57028e-06,2.32183e-05,2.50568e-05,-5.44018e-05,8.66818e-05,-0.000104615
all_features,lgbm,perm_p2_qlike,cluster,C33,C33: adj_voldemand_spx_open_only_ma_25 +1,2,True,-0.000287524,-0.000564719,-9.1985e-05,163,0,-0.23066,0.408163,-0.000127308,,-0.00135771,-0.000449496,-0.000227186,0.000144472,-9.14663e-05,-0.000229685,-0.000354882,-0.0007822,-7.34139e-05,-0.000216707
all_features,lgbm,perm_p2_qlike,cluster,C34,C34: adj_voldemand_spx_open_and_close_ma_1 +1,2,True,-0.000112949,-0.000258463,2.83629e-05,145,0,-0.0906106,0.47619,-2.52023e-05,,-8.79417e-05,8.31292e-05,-0.000123084,-0.000274034,4.73707e-05,-8.95023e-05,-0.000839121,-9.46597e-05,-0.000149309,-0.000102258
all_features,lgbm,perm_p2_qlike,cluster,C35,C35: adj_voldemand_spx_open_and_close_ma_5 +1,2,True,-4.71343e-05,-0.000236479,0.000172046,122,0.00680272,-0.0378124,0.517007,2.2328e-05,,-0.000512322,-3.18808e-06,-9.49052e-05,7.82869e-05,0.000122868,-4.38777e-06,-0.000345253,-0.000376023,-0.000117309,9.93905e-05
all_features,lgbm,perm_p2_qlike,cluster,C36,C36: adj_voldemand_spx_open_and_close_ma_25 +1,2,True,-0.000104341,-0.000320561,8.51034e-05,142,0,-0.0837054,0.52381,4.72027e-05,,-0.000384692,-0.000267152,-0.000102442,-4.94609e-05,0.000105001,-9.12612e-05,9.27919e-06,-0.000162747,0.000114191,-0.000186403
all_features,lgbm,perm_p2_qlike,cluster,C37,C37: adj_voldemand_spx_open_and_close_ma_125 +1,2,True,-0.000133147,-0.000287698,8.7752e-07,148,0.00680272,-0.106815,0.428571,-0.000120126,,-0.00071686,-0.000335646,1.61612e-05,0.000117252,-0.000234453,6.96513e-05,-9.22369e-05,-0.000311004,7.03315e-05,-0.000166874
all_features,lgbm,perm_p2_qlike,cluster,C38,C38: adj_voldemand_spx_open_and_close_ma_625 +1,2,True,-4.5636e-06,-0.00037896,0.000410985,96,0,-0.00366105,0.482993,-2.12788e-05,,-0.000329312,0.000417463,-0.000188014,4.51415e-05,-0.000291983,0.000182988,-0.000119836,-0.000129518,7.71798e-05,3.82605e-07
all_features,lgbm,perm_p2_qlike,cluster,C39,C39: adj_voldemand_spx_open_and_close_ma_3125 +1,2,True,-3.4217e-05,-0.000123723,5.53127e-05,119,0.00680272,-0.0274499,0.455782,-3.90856e-05,,-1.52295e-05,-7.22487e-05,-6.15476e-05,2.11731e-05,-1.83639e-05,8.67118e-05,-0.000461945,-8.64717e-06,-9.40858e-05,-1.50433e-05
all_features,lgbm,perm_p2_qlike,cluster,C40,C40: adj_spread_ewstock_ma_1 +1,2,True,0.000167404,-5.57685e-05,0.000383158,27,0,0.134296,0.52381,5.3325e-05,0.225996,0.00014675,0.000104167,0.000542619,9.02882e-05,-7.40757e-05,0.000277308,-0.000117456,0.000315754,0.000158836,0.000120132
all_features,lgbm,perm_p2_qlike,cluster,C41,C41: adj_effspread_ewstock_ma_1 +1,2,True,0.00094179,0.000309903,0.0017354,8,0.0340136,0.75553,0.537415,7.12024e-05,0.247923,0.00126891,0.00107932,0.00223524,0.000274262,0.000573764,0.000604094,0.000203394,0.000459462,0.000985094,0.00108826
all_features,lgbm,perm_p2_qlike,cluster,C42,C42: adj_effspread_vwstock_ma_1 +1,2,True,7.1726e-05,-0.000194265,0.000362244,45,0,0.0575406,0.564626,9.95737e-05,1.47434,-0.000954522,0.000264968,-0.000121243,2.5297e-05,-2.96246e-05,0.000638307,0.000409841,-6.99265e-05,0.000334493,-2.25659e-06
all_features,lgbm,perm_p2_qlike,cluster,C43,C43: adj_spread_vwstock_ma_1 +1,2,True,0.000272417,-0.000129471,0.000687904,18,0.0136054,0.218541,0.55102,4.53109e-05,0.406292,-0.000602382,0.000653184,0.000463729,5.5743e-05,0.000309716,0.000317611,0.00027801,-0.000668281,0.000927192,0.000291227
all_features,lgbm,perm_p2_qlike,cluster,C44,C44: adj_numobs_ma_1 +3,4,True,6.73407e-05,1.12891e-05,0.000134704,49,0,0.0540226,0.47619,0,0.412788,0.000298371,0.000164213,5.30939e-05,-5.37304e-06,-2.821e-05,4.07504e-05,3.00553e-05,0.000128393,0.000101743,3.01394e-05
all_features,lgbm,perm_p2_qlike,cluster,C45,C45: adj_stocktwits_attention_ma_1 +1,2,True,-5.18384e-05,-0.000410822,0.000297592,126,0.00680272,-0.0415862,0.47619,-5.61985e-05,,-3.88201e-05,0.00010384,0.00044072,-0.000258833,-7.02785e-05,-0.000480564,-7.42237e-05,0.000217276,9.93203e-05,-0.000215593
all_features,lgbm,perm_p2_qlike,cluster,C46,C46: har_ma_25 +1,2,True,0.0166499,0.011151,0.0227572,2,0.734694,13.357,0.816327,0.0122777,0.0695934,0.007459,0.0230255,0.0257026,0.0239578,0.00942101,0.00937814,0.00490571,0.00242941,0.0134505,0.0230626
all_features,lgbm,perm_p2_qlike,cluster,C47,C47: adj_turnover_ewstock_ma_1 +5,6,True,0.000102559,-0.000335753,0.000537957,38,0.0340136,0.0822757,0.557823,0.000241626,0.799558,-0.000127873,-0.000653138,0.000328682,0.000998079,7.37864e-05,-2.9463e-05,-7.18031e-05,-0.000622154,5.2366e-05,0.000376562
all_features,lgbm,perm_p2_qlike,cluster,C48,C48: adj_sumvolume_ma_1 +1,2,True,0.00239056,0.00101674,0.00382332,6,0.306122,1.91777,0.632653,0.00148371,0.07718,0.00300983,-5.79479e-06,0.00187953,0.00282181,0.003934,0.00502589,-0.00371324,0.000580085,0.00235064,0.00303509
all_features,lgbm,perm_p2_qlike,cluster,C49,C49: har_ma_1 +1,2,True,0.152415,0.132871,0.172203,1,0.965986,122.271,0.965986,0.126806,0.0264084,0.202153,0.130254,0.182385,0.16825,0.149192,0.130728,0.0773754,0.115993,0.136654,0.172379
all_features,lgbm,perm_p2_qlike,cluster,C50,C50: adj_sumabsret_ewstock_ma_1 +3,4,True,0.00506183,0.00253822,0.00762427,4,0.462585,4.06074,0.707483,0.00365581,0.0945626,0.0095523,0.00598329,0.00299004,0.00406382,0.0057632,0.00421334,0.00481986,0.00378478,0.00441143,0.0058076
all_features,lgbm,perm_p2_qlike,cluster,C51,C51: adj_sumabsret_ma_1 +7,8,True,0.00478963,0.00248757,0.00804459,5,0.346939,3.84237,0.70068,0.00235756,0.271668,0.00451,0.00321321,0.0119585,0.00648372,0.00245123,0.00175475,-0.000605181,0.000378119,0.00274633,0.00727066
all_features,lgbm,perm_p2_qlike,cluster,C52,C52: sumret2_ewstock_avail_ma_125 +23,24,True,1.50271e-05,-3.63092e-05,7.16525e-05,73,0,0.0120551,0.278912,0,1.55327,-8.31284e-05,3.70272e-05,8.93512e-05,1.17177e-05,-8.05139e-06,-5.55112e-19,0,-8.81335e-06,-1.88199e-05,3.91052e-05
all_features,lgbm,perm_p2_qlike,cluster,C53,C53: adj_stocktwits_attention_ma_125 +1,2,True,-0.000102788,-0.000272548,4.82031e-05,141,0,-0.0824594,0.44898,-3.20879e-05,,-0.000394729,-0.000283232,-1.96723e-05,0.000105201,-0.000255433,0.000179736,-0.000360737,-0.000348139,1.55485e-05,-7.33451e-05
all_features,lgbm,perm_p2_qlike,cluster,C54,C54: adj_stocktwits_attention_ma_625 +1,2,True,0.000207145,-2.67223e-05,0.000446997,23,0.0136054,0.166177,0.537415,0.000133938,0.414437,-1.01791e-05,0.000476586,0.000195384,0.000237465,-1.77588e-05,0.000518755,-0.000655122,0.000372865,3.05744e-05,0.000232476
all_features,lgbm,perm_p2_qlike,cluster,C55,C55: vix3m_avail_ma_625 +1,2,True,-7.0675e-06,-4.88179e-05,3.20713e-05,99,0,-0.00566975,0.496599,0,,-0.000109651,-9.80512e-05,4.28846e-05,3.91447e-05,4.53597e-05,5.3429e-05,-0.00020049,-4.76817e-05,-2.34433e-06,4.762e-06
all_features,lgbm,perm_p2_qlike,cluster,C56,C56: vix_avail_ma_1 +4,5,True,-5.03228e-08,-1.51071e-07,0,89,0,-4.03703e-05,0,0,,0,-2.84324e-07,0,0,0,0,0,-2.64015e-07,0,0
all_features,lgbm,perm_p2_qlike,cluster,C57,C57: adj_numobs_ma_3125 +33,34,True,0.000119663,-8.89628e-05,0.000343716,37,0,0.0959968,0.564626,5.99746e-05,0.359677,-0.000141399,3.5897e-05,0.000184517,0.000358399,0.000115621,0.000174551,-0.000296694,0.000158773,-0.000316816,0.000310372
all_features,lgbm,perm_p2_qlike,cluster,C58,C58: adj_turnover_vwstock_ma_625 +2,3,True,-0.00020581,-0.00054901,4.2876e-05,155,0.0136054,-0.165107,0.496599,-7.60161e-06,,-0.00027472,4.7001e-06,-0.000250267,0.000259851,-0.000165688,-6.49753e-05,-0.00269081,-0.00055764,-0.000140417,-0.000114788
all_features,lgbm,perm_p2_qlike,cluster,C59,C59: adj_turnover_ewstock_ma_3125 +7,8,True,8.85333e-05,-0.000811903,0.00106358,39,0.0680272,0.0710239,0.517007,5.43465e-05,1.93785,-0.000928056,0.000597108,0.000330131,-0.00129754,-0.000167426,0.00138011,0.000432112,0.00114196,0.000255831,-0.000353892
all_features,lgbm,perm_p2_qlike,cluster,C60,C60: adj_turnover_ewstock_ma_625 +2,3,True,-4.92076e-05,-0.000392281,0.000310825,125,0.0136054,-0.0394757,0.510204,2.99679e-05,,0.000263067,0.000563084,-3.46325e-05,-7.23352e-05,-0.000224029,-0.000131579,-0.00173725,5.31599e-05,-0.00017323,-2.65635e-05
all_features,lgbm,perm_p2_qlike,cluster,C61,C61: adj_turnover_vwstock_ma_1 +5,6,True,0.00046627,-0.00128675,0.00188581,10,0.122449,0.374055,0.598639,0.000738376,0.41376,0.000169936,9.53642e-05,0.000458818,0.00098639,0.00149574,0.000883831,-0.00402696,-0.00314553,0.00173494,0.00112118
all_features,lgbm,perm_p2_qlike,cluster,C62,C62: adj_turnover_vwstock_ma_25 +5,6,True,-0.000134817,-0.000681805,0.000434101,149,0.0136054,-0.108154,0.544218,0.000241076,,-0.000678474,4.03749e-05,0.00125139,0.000397613,-0.000515968,-0.000811425,-0.00254108,-0.00146876,-0.000141897,0.00032961
all_features,lgbm,perm_p2_qlike,cluster,C63,C63: adj_turnover_ewstock_ma_125 +2,3,True,-0.00010109,-0.000490515,0.000266857,139,0.047619,-0.0810972,0.55102,0.000122891,,-0.000432504,0.000299869,-0.000250935,0.00028459,-6.03013e-05,-0.000424586,-0.000727004,0.000433843,-0.000179657,-0.000249244
all_features,lgbm,perm_p2_qlike,cluster,C64,C64: adj_turnover_ewstock_ma_25 +2,3,True,-0.000145991,-0.00044365,0.000131933,150,0.00680272,-0.117118,0.496599,-1.66836e-06,,-0.000858048,-0.000382728,-0.000170304,0.000270777,1.65409e-05,-0.000187382,0.000179579,-0.000738283,0.000118854,-6.51697e-05
all_features,lgbm,perm_p2_qlike,cluster,C65,C65: sumret2_ewstock_avail_ma_3125 +21,22,True,0.000143057,-1.23898e-05,0.000307102,33,0.00680272,0.114764,0.591837,8.25823e-05,0.243407,-9.88201e-05,5.91732e-05,0.000164255,0.000122868,3.85354e-05,0.0004603,0.000140788,0.000193789,5.85277e-05,0.000165071
all_features,lgbm,perm_p2_qlike,cluster,C66,C66: voldemand_spx_open_and_close_active_ma_25 +15,16,True,-0.000606365,-0.00117776,-0.000130681,166,0.0544218,-0.486443,0.462585,-0.000212781,,-8.42088e-05,-0.00167137,-0.000943701,-0.000637903,-0.00025183,-8.82965e-05,0.000445381,-0.000713165,-0.000890331,-0.000436578
all_features,lgbm,perm_p2_qlike,cluster,C67,C67: numobs_active_ma_625 +1,2,True,-0.000278293,-0.000754466,9.19569e-05,162,0,-0.223254,0.52381,5.46705e-05,,-0.00053572,-0.000975636,-0.000135431,-0.000214896,5.71744e-05,-8.88384e-05,0.000126517,-2.81124e-08,5.73474e-05,-0.000531529
all_features,lgbm,perm_p2_qlike,cluster,C68,C68: adj_effspread_ewstock_ma_3125 +1,2,True,-5.81232e-05,-0.000196603,8.04349e-05,128,0,-0.0466281,0.47619,-4.1633e-05,,-7.29652e-05,-0.000270541,6.07237e-05,3.21328e-06,-2.85154e-05,-3.24644e-05,-7.96987e-05,3.55494e-05,-1.0709e-05,-0.000112689
all_features,lgbm,perm_p2_qlike,cluster,C69,C69: adj_sumret3_ewstock_ma_3125 +1,2,True,5.84365e-05,-0.000114598,0.000251321,52,0.00680272,0.0468794,0.496599,-1.51853e-06,0.615562,-0.000125952,-0.000152489,2.63545e-05,5.5097e-05,-0.000103981,0.000104758,0.00153553,0.000419273,0.000163,-0.000115223
all_features,lgbm,perm_p2_qlike,cluster,C70,C70: adj_spread_vwstock_ma_25 +1,2,True,-4.78075e-05,-0.000210973,0.000100422,123,0,-0.0383525,0.489796,-7.68224e-06,,0.000290973,-0.000184241,0.000180622,-8.90533e-05,-0.000212015,-7.46559e-05,-0.000144018,4.71233e-05,5.63871e-05,-0.000129376
all_features,lgbm,perm_p2_qlike,cluster,C71,C71: vix_avail_ma_25 +3,4,True,3.30347e-05,-1.69461e-05,8.49148e-05,59,0,0.0265014,0.537415,5.59627e-06,0.438102,-6.14511e-05,6.23977e-05,9.27773e-06,3.3824e-05,4.44444e-06,4.2169e-05,0.000226132,5.3492e-05,5.23332e-05,1.69333e-05
all_features,lgbm,perm_p2_qlike,cluster,C72,C72: sumret3_ewstock_avail_ma_3125 +1,2,True,0.000268888,-1.38233e-05,0.000642033,20,0.0272109,0.21571,0.394558,0,0.623116,-0.000350672,0.000793419,0.000163934,0.000429527,0.00036517,-2.14488e-05,0,-0.000106494,-1.43883e-05,0.000531195
all_features,lgbm,perm_p2_qlike,cluster,C73,C73: stocktwits_sentiment_avail_ma_25 +7,8,True,-1.43192e-05,-7.3701e-05,3.79076e-05,108,0,-0.0114872,0.517007,1.40531e-06,,5.72154e-05,-0.000157743,6.60928e-05,-2.12138e-05,-7.49654e-06,4.55194e-07,3.89995e-05,3.84163e-05,1.52876e-05,-4.64017e-05
all_features,lgbm,perm_p2_qlike,cluster,C74,C74: vvix_avail_ma_1 +5,6,True,-1.19239e-05,-7.41539e-05,5.20256e-05,104,0,-0.0095657,0.428571,-1.14591e-05,,-0.000146199,0.000129097,1.62578e-05,-3.13707e-06,-5.36478e-05,-2.75576e-05,-0.000190563,-1.6668e-05,0.000109003,-6.68657e-05
all_features,lgbm,perm_p2_qlike,cluster,C75,C75: voldemand_spx_open_and_close_avail_ma_1 +23,24,True,5.19163e-05,-0.000115299,0.000306002,54,0,0.0416487,0.537415,8.19686e-06,2.08695,1.75508e-05,0.000583915,3.28756e-05,7.06387e-05,-0.000242525,-0.000109828,-0.00019778,-0.000156322,-1.03031e-05,0.000153012
all_features,lgbm,perm_p2_qlike,cluster,C76,C76: stocktwits_attention_avail_ma_3125 +8,9,True,2.38137e-05,-2.34045e-06,6.35669e-05,68,0,0.019104,0.462585,0,0.753127,-3.79484e-06,0.000106517,-6.19706e-06,3.79955e-05,-9.04705e-06,4.55031e-07,2.5059e-05,7.96872e-05,2.99421e-05,1.63197e-06
all_features,lgbm,perm_p2_qlike,cluster,C77,C77: stocktwits_sentiment_avail_ma_5 +1,2,True,1.60092e-06,2.27171e-07,3.32456e-06,84,0,0.0012843,0.0816327,0,0.242331,1.66237e-06,7.37258e-06,8.75067e-07,0,0,0,0,3.74962e-06,2.631e-06,3.76177e-07
all_features,lgbm,perm_p2_qlike,cluster,C78,C78: stocktwits_sentiment_avail_ma_1 +1,2,True,-5.88823e-08,-1.76888e-07,0,90,0,-4.7237e-05,0,0,,-6.6537e-07,0,0,0,0,0,0,-3.08922e-07,0,0
all_features,lgbm,perm_p2_qlike,cluster,C79,C79: adj_sumret4_ewstock_ma_625 +1,2,True,-1.31172e-05,-0.000145656,0.000107208,106,0,-0.010523,0.510204,6.65832e-06,,-8.15815e-05,0.000120073,7.40917e-05,-3.91816e-05,-0.000193692,2.13554e-05,-6.99489e-05,-1.6927e-05,3.35834e-05,-3.36515e-05
all_features,lgbm,perm_p2_qlike,cluster,C80,C80: adj_sumret4_ewstock_ma_25 +3,4,True,-0.000230661,-0.000474051,-1.13414e-05,158,0.00680272,-0.185043,0.455782,-0.000135527,,0.000436351,-0.000281794,-0.000538349,-0.000165381,-0.00039187,-4.95291e-06,-0.000596993,-0.00018847,1.20876e-05,-0.000358828
all_features,lgbm,perm_p2_qlike,cluster,C81,C81: adj_effspread_ewstock_ma_625 +2,3,True,-6.94823e-05,-0.000299295,0.000144887,133,0,-0.0557407,0.469388,-7.86802e-05,,-0.000208547,-0.000180215,-0.000199674,-4.56946e-05,-0.000106539,0.000190792,0.000154128,-0.000679874,0.000440473,-9.70918e-05
all_features,lgbm,perm_p2_qlike,cluster,C82,C82: adj_sumabsret_ma_625 +3,4,True,5.78636e-05,-0.00083095,0.00100952,53,0.0544218,0.0464198,0.503401,1.2153e-05,5.38393,-0.000762752,-0.000441087,0.000889673,0.000283215,-0.000414917,0.000199361,0.000753278,0.00103947,-7.42714e-05,-0.00021963
all_features,lgbm,perm_p2_qlike,cluster,C83,C83: adj_sumret2_ewstock_ma_625 +7,8,True,0.000419136,-0.000424847,0.00141239,12,0.0748299,0.336243,0.55102,0.000121196,0.523759,-0.000308657,0.00158416,0.00158411,-0.000209273,-0.000414166,-0.000153106,0.000532442,0.000667194,0.000806232,0.000152266
all_features,lgbm,perm_p2_qlike,cluster,C84,C84: adj_sumret4_ewstock_ma_1 +1,2,True,6.50002e-05,-7.01708e-05,0.000229514,51,0,0.0521449,0.47619,-1.74639e-05,0.852948,0.000387493,0.000219039,-9.78553e-05,9.0516e-05,1.32187e-06,-5.34849e-05,3.84368e-05,0.000258715,8.04497e-06,2.46862e-05
all_features,lgbm,perm_p2_qlike,cluster,C85,C85: adj_sumret4_ewstock_ma_5 +1,2,True,2.4106e-05,-9.75056e-05,0.000156217,66,0,0.0193385,0.564626,4.88415e-05,1.04596,4.71893e-05,0.000111686,3.36161e-05,-3.7014e-05,5.9832e-06,-1.57064e-06,-1.90336e-07,0.000164968,-7.2326e-05,2.05336e-05
all_features,lgbm,perm_p2_qlike,cluster,C86,C86: adj_spread_ewstock_ma_25 +1,2,True,2.50876e-05,-0.000143301,0.000199009,64,0.00680272,0.020126,0.52381,1.87467e-05,1.16695,0.000274995,-0.000132844,0.000128594,0.000370581,-0.000300619,-9.32767e-05,0.000118026,-0.000107931,0.000339531,-7.6059e-05
all_features,lgbm,perm_p2_qlike,cluster,C87,C87: adj_effspread_ewstock_ma_125 +1,2,True,8.31505e-05,-0.000196192,0.000378346,40,0.00680272,0.0667056,0.55102,0.000127587,0.671773,2.13294e-05,0.000719479,-0.00019314,0.000407108,0.000108184,-0.000356051,-0.000749555,-4.89322e-05,-0.000198971,0.000260813
all_features,lgbm,perm_p2_qlike,cluster,C88,C88: adj_effspread_ewstock_ma_25 +1,2,True,0.00027004,-3.1477e-05,0.000572026,19,0.0272109,0.216634,0.585034,0.00016787,0.406674,0.000395031,0.000365343,0.000736756,0.000368898,0.000161769,-0.000410027,0.000455657,-0.000340196,0.000121621,0.000550432
all_features,lgbm,perm_p2_qlike,cluster,C89,C89: adj_sumret2_ewstock_ma_5 +5,6,True,-0.000277547,-0.00129206,0.000363936,161,0.0136054,-0.222656,0.503401,9.0696e-06,,-0.00426144,-0.000704278,0.000584104,0.000230903,0.000591413,8.14188e-05,-0.000538938,-0.00227618,-6.18865e-05,0.000312431
all_features,lgbm,perm_p2_qlike,cluster,C90,C90: adj_sumpret2_ewstock_ma_1 +1,2,True,3.52904e-05,-0.00016175,0.000236845,57,0,0.0283109,0.510204,5.44658e-07,1.19052,-0.000303393,0.000371102,0.00011086,-3.28482e-05,-5.36226e-05,-0.00013539,0.000285396,0.000278358,0.000109345,-8.33833e-05
all_features,lgbm,perm_p2_qlike,cluster,C91,C91: adj_sumret2_ewstock_ma_1 +1,2,True,6.90398e-05,-8.15694e-05,0.000214407,48,0,0.0553857,0.537415,3.9049e-05,0.364434,-0.000597841,0.000268999,0.000204401,0.000111926,7.34481e-07,8.55805e-05,0.000108082,3.77527e-05,-6.14454e-05,0.000140909
all_features,lgbm,perm_p2_qlike,cluster,C92,C92: adj_sumbipow_ewstock_ma_1 +1,2,True,-3.21076e-06,-0.00027207,0.00025633,93,0.00680272,-0.00257576,0.482993,-4.36178e-05,,-9.93394e-05,1.69919e-05,0.000520591,9.07085e-05,-5.79318e-05,-0.000305175,-0.000737577,-0.000542405,4.6205e-06,0.000179513
all_features,lgbm,perm_p2_qlike,cluster,C93,C93: adj_sumabsret_ma_125 +3,4,True,0.000158584,-0.000117491,0.000486269,31,0,0.12722,0.530612,1.6144e-05,0.449304,0.000216877,0.000373308,0.000606248,0.000117455,-0.000115376,-4.80055e-05,-0.000409809,0.000192372,-0.000227485,0.000327546
all_features,lgbm,perm_p2_qlike,cluster,C94,C94: adj_sumabsret_ma_25 +3,4,True,0.000165021,-0.000194155,0.000565042,28,0.0204082,0.132385,0.557823,0.000194133,0.323927,-2.49962e-05,0.000743832,-6.36981e-05,0.000464486,-0.000424765,0.000214653,5.82325e-05,-0.000372668,0.000460114,0.000212815
all_features,lgbm,perm_p2_qlike,cluster,C95,C95: adj_sumret2_ewstock_ma_125 +3,4,True,-0.000108396,-0.000343211,0.000138409,143,0.00680272,-0.0869584,0.469388,-6.5211e-05,,-0.000677815,0.000182513,6.27148e-05,-0.000533473,4.82499e-05,-0.000211804,0.000506415,0.000293526,-0.000105627,-0.000248628
all_features,lgbm,perm_p2_qlike,cluster,C96,C96: adj_sumret2_vwstock_ma_125 +3,4,True,-3.04702e-05,-0.000271787,0.000236812,116,0.00680272,-0.0244441,0.52381,4.57857e-05,,-0.00101256,-9.39735e-07,0.000570178,-0.000282647,5.37767e-05,7.43733e-05,-0.000212706,0.000172427,-3.12562e-05,-0.00010024
all_features,lgbm,perm_p2_qlike,cluster,C97,C97: adj_sumret2_ewstock_ma_25 +3,4,True,0.000160104,-0.000335691,0.000781603,29,0.0136054,0.12844,0.503401,3.2158e-05,1.2304,0.000355182,0.000145685,0.00105337,-0.000324346,8.38813e-05,-0.000129697,-0.000248867,0.000314356,7.9656e-05,0.000144424
all_features,lgbm,perm_p2_qlike,cluster,C98,C98: adj_sumret2_vwstock_ma_25 +3,4,True,2.09358e-05,-0.000377257,0.000430577,70,0.0340136,0.0167952,0.517007,8.15507e-05,4.06546,-0.000572244,0.000465721,-0.000213863,0.000268036,-1.45888e-05,-0.000106222,9.09552e-06,9.43682e-05,6.78274e-05,-2.6389e-05
all_features,lgbm,perm_p2_qlike,cluster,C99,C99: adj_sumret3_ewstock_ma_1 +1,2,True,6.51722e-05,-0.000303089,0.000437895,50,0.00680272,0.0522829,0.55102,8.27145e-05,1.67955,0.00037765,4.72244e-05,0.000174184,-1.21926e-05,-0.000255736,0.000119789,0.000352582,1.00336e-05,-0.000160243,0.000189704
all_features,lgbm,perm_p2_qlike,cluster,C100,C100: adj_sumret3_ewstock_ma_5 +1,2,True,2.94177e-05,-0.000203943,0.000323079,61,0.00680272,0.0235997,0.47619,-8.59345e-05,3.63577,0.000821806,-4.46595e-05,0.000266077,-2.67839e-05,-0.000286357,-0.000133064,-8.831e-05,0.000402862,0.000110007,-0.000137382
all_features,lgbm,perm_p2_qlike,cluster,har_ma_3125,har_ma_3125,1,True,-2.24343e-05,-0.000271459,0.000207053,111,0,-0.0179974,0.496599,-1.27189e-05,,-0.000926994,0.000196159,0.000460758,0.000230562,-0.000594242,0.000120435,-0.000225647,0.00015005,0.000137239,-0.00015677
all_features,lgbm,perm_p2_qlike,cluster,adj_sumret_ma_1,adj_sumret_ma_1,1,True,0.000280787,-0.000621301,0.00119668,16,0.122449,0.225255,0.52381,0.000415376,0.472536,-0.000815622,3.55214e-05,0.00178944,0.00017583,0.000703622,-0.000176759,-0.00144002,-0.00185181,0.00013146,0.00108785
all_features,lgbm,perm_p2_qlike,cluster,adj_sumret_ma_5,adj_sumret_ma_5,1,True,0.00103121,-0.000523741,0.00251719,7,0.238095,0.827264,0.612245,0.000713081,0.294962,0.0036848,0.000605206,0.000239811,0.00139975,0.00261324,-0.000347885,-0.00123748,-0.000659196,0.00139327,0.00144614
all_features,lgbm,perm_p2_qlike,cluster,adj_sumret_ma_25,adj_sumret_ma_25,1,True,0.000182033,-0.000448157,0.000734118,26,0.102041,0.146032,0.517007,0.000100422,0.523738,-0.000686872,-0.00106445,0.000449126,0.000994658,0.000700671,0.000143577,0.000777813,-0.000395367,0.000915125,3.86128e-05
all_features,lgbm,perm_p2_qlike,cluster,adj_sumret_ma_125,adj_sumret_ma_125,1,True,7.01634e-06,-0.00144523,0.00100014,78,0.0340136,0.00562871,0.557823,0.000284994,14.8697,0.00289388,0.00173819,-0.00359785,0.000689127,-0.000165269,0.000136897,-0.00105763,0.00112594,-0.000152171,-0.000305287
all_features,lgbm,perm_p2_qlike,cluster,adj_sumret_ma_625,adj_sumret_ma_625,1,True,-6.56107e-05,-0.00018563,4.79461e-05,131,0,-0.0526347,0.496599,0,,-0.000164767,-0.000207266,-0.000149388,0.000155923,-1.50804e-05,5.58214e-05,-0.000416356,-8.80331e-05,-0.000185847,-1.60089e-06
all_features,lgbm,perm_p2_qlike,cluster,adj_sumret_ma_3125,adj_sumret_ma_3125,1,True,7.05993e-05,-3.62218e-06,0.000143849,46,0,0.0566368,0.517007,1.5481e-05,0.24979,-0.000159985,0.000141919,7.47758e-05,1.81008e-05,0.000186898,6.23456e-05,2.63246e-05,-5.52672e-05,5.50095e-05,0.000121403
all_features,lgbm,perm_p2_qlike,cluster,adj_sumret3_ma_1,adj_sumret3_ma_1,1,True,-0.000102636,-0.000307377,8.93101e-05,140,0.00680272,-0.0823377,0.435374,-5.51884e-05,,0.000220508,-5.48654e-06,-0.000204887,-0.000120671,-0.000182911,-0.000116012,-0.000277111,-1.50817e-05,-3.0508e-05,-0.000166651
all_features,lgbm,perm_p2_qlike,cluster,adj_sumret3_ma_5,adj_sumret3_ma_5,1,True,-5.19664e-05,-0.000171935,6.92826e-05,127,0,-0.0416889,0.510204,2.2719e-05,,1.09005e-05,-0.000203548,-4.58716e-05,0.000246319,2.26196e-05,-0.000208214,-0.000361348,-0.000260864,-0.000205302,9.19908e-05
all_features,lgbm,perm_p2_qlike,cluster,adj_sumret3_ma_25,adj_sumret3_ma_25,1,True,9.04779e-06,-0.000125054,0.000147115,76,0,0.00725839,0.510204,2.85281e-06,3.27162,-0.000279468,0.000125944,-7.57501e-05,0.000333572,-5.70703e-05,0.000106595,-0.000758986,0.00018426,-0.000170751,3.26088e-05
all_features,lgbm,perm_p2_qlike,cluster,adj_sumret3_ma_125,adj_sumret3_ma_125,1,True,-0.000120608,-0.00074184,0.000309588,146,0.0272109,-0.0967553,0.530612,0.00011702,,0.000473562,4.10822e-05,-0.00123557,0.000322693,0.000239442,-0.000145751,-0.000564819,-0.00010941,-0.000193037,-9.05898e-05
all_features,lgbm,perm_p2_qlike,cluster,adj_sumret3_ma_625,adj_sumret3_ma_625,1,True,-3.29583e-05,-0.000454065,0.000397082,118,0,-0.0264401,0.517007,4.36044e-05,,-0.000204162,-0.00060826,0.000412298,6.39405e-05,-0.000292175,0.000359332,5.36752e-06,0.000225421,0.000388124,-0.0003193
all_features,lgbm,perm_p2_qlike,cluster,adj_sumret3_ma_3125,adj_sumret3_ma_3125,1,True,-9.79926e-05,-0.000237005,2.44118e-05,138,0,-0.0786124,0.482993,-3.37225e-06,,-0.00027888,3.36399e-05,-0.000274909,0.000114555,-0.00016401,-0.000173026,0.000100057,-5.26481e-05,2.97592e-05,-0.000173442
all_features,lgbm,perm_p2_qlike,cluster,adj_sumautocov_ma_1,adj_sumautocov_ma_1,1,True,0.000258371,-3.7852e-05,0.000545693,21,0.0136054,0.207272,0.571429,0.000316922,0.157846,-0.000826906,0.000162367,0.000515978,0.000130469,0.000364612,0.00043912,0.00104158,-0.000154614,0.000297612,0.00038277
all_features,lgbm,perm_p2_qlike,cluster,adj_sumautocov_ma_5,adj_sumautocov_ma_5,1,True,0.000135696,-0.000303749,0.000634041,34,0.0340136,0.108859,0.52381,4.66554e-05,0.847909,-6.02951e-06,0.00111184,-0.000739261,-0.000186517,0.000465762,5.32045e-05,0.000161321,0.000278849,-3.17437e-05,0.000164556
all_features,lgbm,perm_p2_qlike,cluster,adj_sumautocov_ma_25,adj_sumautocov_ma_25,1,True,2.8784e-05,-0.000119638,0.000198094,62,0,0.0230914,0.544218,4.10694e-05,2.16491,0.000335034,0.000286789,-0.000172586,1.57175e-06,6.09146e-05,-0.000207649,4.55864e-05,-9.34814e-06,-2.92049e-05,6.90986e-05
all_features,lgbm,perm_p2_qlike,cluster,adj_sumautocov_ma_125,adj_sumautocov_ma_125,1,True,-0.000204413,-0.000504556,5.10616e-05,154,0.0136054,-0.163985,0.489796,-2.3354e-06,,-3.24312e-05,-0.000485255,-0.000241036,-0.000282381,-3.614e-05,-2.19446e-05,-0.000310434,-2.51021e-05,-0.000196222,-0.000270229
all_features,lgbm,perm_p2_qlike,cluster,adj_sumvolume_ma_25,adj_sumvolume_ma_25,1,True,0.000327719,-5.39831e-05,0.000664302,13,0.0136054,0.262905,0.564626,0.000205973,0.176465,0.000841423,6.64249e-05,0.000274052,0.000735141,-0.000175746,0.000463956,0.000384966,-0.000345001,0.000170667,0.000633748
all_features,lgbm,perm_p2_qlike,cluster,adj_sumvolume_ma_125,adj_sumvolume_ma_125,1,True,0.00030946,-0.000160312,0.000842363,14,0.0136054,0.248258,0.544218,0.000180662,0.435437,-0.000593745,0.00113147,2.08707e-05,0.0012453,-0.000480111,0.000219702,-0.000175171,-0.000232628,0.000115973,0.000587382
all_features,lgbm,perm_p2_qlike,cluster,adj_sumvolume_ma_3125,adj_sumvolume_ma_3125,1,True,-0.000130293,-0.000300562,9.32816e-06,147,0.00680272,-0.104525,0.435374,-3.27928e-05,,-0.000310446,-0.000155186,-0.000112368,-5.43253e-05,-0.000125592,5.51136e-05,-0.000650649,-0.000102441,-4.61234e-06,-0.000198727
all_features,lgbm,perm_p2_qlike,cluster,adj_numobs_ma_25,adj_numobs_ma_25,1,True,0.000303943,-3.57269e-06,0.000597429,15,0.00680272,0.243831,0.557823,5.36957e-05,0.190374,0.00133785,0.00045078,0.000251346,5.34241e-05,0.000401722,-6.82692e-05,-5.30117e-05,-0.000401799,0.0004821,0.000464543
all_features,lgbm,perm_p2_qlike,cluster,adj_numobs_ma_125,adj_numobs_ma_125,1,True,-6.35796e-05,-0.000196139,6.09508e-05,130,0,-0.0510054,0.537415,4.72791e-05,,0.000143933,8.61409e-05,-6.48635e-05,-0.000211444,-0.000101764,-7.445e-05,-0.000270584,-0.000102386,-3.0073e-05,-6.58427e-05
all_features,lgbm,perm_p2_qlike,cluster,adj_numobs_ma_625,adj_numobs_ma_625,1,True,-9.51092e-05,-0.000166368,-2.45893e-05,136,0,-0.0762992,0.435374,-4.43917e-05,,-0.000152715,-0.000159769,-0.000171404,-6.97456e-05,-7.93891e-05,-1.17288e-05,6.00575e-05,-0.000207823,3.24061e-05,-0.000115811
all_features,lgbm,perm_p2_qlike,cluster,adj_spread_ewstock_ma_3125,adj_spread_ewstock_ma_3125,1,True,-7.77892e-05,-0.000184889,1.85652e-05,135,0,-0.0624046,0.52381,1.81841e-05,,-0.000299237,-3.58961e-05,5.60635e-05,-1.61271e-05,5.79801e-05,-0.000302113,-0.00018974,-0.000287084,-8.23972e-05,-3.28411e-06
all_features,lgbm,perm_p2_qlike,cluster,adj_spread_vwstock_ma_625,adj_spread_vwstock_ma_625,1,True,3.19552e-05,-0.000128145,0.000203133,60,0,0.0256354,0.52381,1.37156e-05,1.23063,6.63693e-06,0.000247689,0.000258621,1.67389e-05,-0.000292996,-8.14669e-05,8.17226e-05,3.69653e-05,-4.93889e-05,6.82844e-05
all_features,lgbm,perm_p2_qlike,cluster,adj_spread_vwstock_ma_3125,adj_spread_vwstock_ma_3125,1,True,1.24465e-05,-8.10155e-05,0.000118879,74,0,0.00998492,0.47619,-1.15084e-05,1.6879,-0.000382221,-0.000113267,0.000231396,-0.000111668,1.81068e-05,7.17993e-05,0.00056979,-0.000131713,0.000192632,-2.20294e-05
all_features,lgbm,perm_p2_qlike,cluster,adj_stocktwits_attention_ma_25,adj_stocktwits_attention_ma_25,1,True,-1.28487e-05,-0.000193507,0.000171138,105,0,-0.0103076,0.489796,-4.18638e-05,,-7.81202e-05,4.26045e-05,-0.000127735,8.10256e-06,0.000133229,-0.000167358,0.000235999,3.6168e-05,-0.000121819,2.11946e-05
all_features,lgbm,perm_p2_qlike,cluster,adj_stocktwits_attention_ma_3125,adj_stocktwits_attention_ma_3125,1,True,-2.2996e-05,-0.000159327,0.000123983,112,0,-0.018448,0.496599,-2.1624e-06,,0.000280674,0.000329252,-0.000240805,9.58157e-05,-0.000293227,-0.000143212,-0.000133129,7.42037e-05,-0.000156584,5.9101e-06
all_features,lgbm,perm_p2_qlike,cluster,adj_stocktwits_sentiment_ma_1,adj_stocktwits_sentiment_ma_1,1,True,2.12911e-05,-0.000549004,0.000593652,69,0.0544218,0.0170803,0.442177,-0.000262184,4.38069,0.00184869,7.01022e-06,-0.000545241,-0.000455885,6.65566e-05,7.83697e-05,4.0185e-05,0.000200022,0.000165824,-0.000108119
all_features,lgbm,perm_p2_qlike,cluster,adj_stocktwits_sentiment_ma_5,adj_stocktwits_sentiment_ma_5,1,True,-3.70916e-05,-0.000394987,0.000413352,120,0.0204082,-0.0297559,0.47619,-4.00274e-05,,0.000591367,0.000331973,-0.000672081,-0.00013442,2.49005e-05,-8.98088e-05,2.20506e-06,-6.20075e-05,-0.000177833,3.73742e-05
all_features,lgbm,perm_p2_qlike,cluster,adj_stocktwits_sentiment_ma_625,adj_stocktwits_sentiment_ma_625,1,True,-0.00060526,-0.00235191,0.000482575,165,0,-0.485557,0.605442,0.00025129,,-0.000714048,0.000783508,-0.00411655,0.000315895,-0.000285062,9.28516e-06,0.000241728,9.81916e-06,0.000107825,-0.00115153
all_features,lgbm,perm_p2_qlike,cluster,adj_stocktwits_sentiment_ma_3125,adj_stocktwits_sentiment_ma_3125,1,True,-7.22521e-05,-0.000215648,9.02092e-05,134,0,-0.0579626,0.455782,-3.09678e-05,,-0.000132833,4.52312e-05,8.25641e-05,6.04662e-05,-0.000192926,-0.000310114,-0.000134528,2.27612e-05,-0.000133006,-7.66693e-05
all_features,lgbm,perm_p2_qlike,cluster,adj_stocktwits_sentcount_ma_1,adj_stocktwits_sentcount_ma_1,1,True,0.00020314,-4.11234e-05,0.000459682,25,0.0136054,0.162964,0.605442,0.000148546,0.179821,0.000594212,-0.000171007,0.000276139,0.000529958,0.000318139,-0.000157883,0.000304282,1.82411e-05,8.55377e-05,0.000322081
all_features,lgbm,perm_p2_qlike,cluster,adj_stocktwits_sentcount_ma_3125,adj_stocktwits_sentcount_ma_3125,1,True,0.000151473,3.68457e-05,0.000274074,32,0,0.121516,0.598639,8.29087e-05,0.190147,0.000505079,-0.000203698,0.000222792,0.000465393,0.000118699,5.0283e-05,-5.66765e-05,-3.53031e-05,2.53866e-05,0.000275033
all_features,lgbm,perm_p2_qlike,cluster,adj_vvix_ma_125,adj_vvix_ma_125,1,True,-0.000186956,-0.000345813,-4.81017e-05,153,0,-0.149981,0.37415,-4.74726e-05,,-0.000544584,-0.000362084,-0.000154575,-0.000117568,-0.000106536,-6.83563e-06,-0.000168637,-3.56813e-05,-0.000131517,-0.000265189
all_features,lgbm,perm_p2_qlike,cluster,adj_vvix_ma_3125,adj_vvix_ma_3125,1,True,-0.000224412,-0.000434935,-7.05041e-05,157,0.00680272,-0.18003,0.469388,-2.87175e-05,,-0.000252016,-0.000560802,-0.000174548,-0.000140531,-0.000228579,-5.27962e-05,-2.50247e-05,-0.000121068,3.88817e-06,-0.000366958
all_features,lgbm,perm_p2_qlike,cluster,adj_ofi_ewstock_ma_1,adj_ofi_ewstock_ma_1,1,True,-0.000109546,-0.00037207,0.000136571,144,0.00680272,-0.0878809,0.503401,1.54106e-06,,-0.000159561,0.000182246,0.000229937,-0.000123916,-0.000142865,-0.000353598,-0.00113866,-0.000187445,-0.000338881,2.46881e-05
all_features,lgbm,perm_p2_qlike,cluster,adj_ofi_ewstock_ma_5,adj_ofi_ewstock_ma_5,1,True,7.05744e-05,-0.000182391,0.000323803,47,0.00680272,0.0566168,0.52381,5.08137e-05,0.63078,-0.000143916,0.000464552,0.000442478,-0.000173411,-0.000142501,-0.000100488,-6.2278e-05,-4.38503e-05,0.000328704,-1.06505e-05
all_features,lgbm,perm_p2_qlike,cluster,adj_ofi_ewstock_ma_25,adj_ofi_ewstock_ma_25,1,True,3.75967e-05,-0.000122618,0.000190351,56,0.00680272,0.0301611,0.544218,6.59527e-05,1.37162,0.000294643,5.65934e-06,0.000126333,-0.000233744,0.000316669,-0.000115802,-0.000100122,0.000194955,0.000115442,-5.32229e-05
all_features,lgbm,perm_p2_qlike,cluster,adj_ofi_ewstock_ma_3125,adj_ofi_ewstock_ma_3125,1,True,0.000125033,-2.13396e-05,0.00028996,36,0.00680272,0.100305,0.557823,4.84936e-05,0.310786,1.00487e-05,-6.0564e-05,0.000298039,9.19005e-05,0.00011994,4.32641e-05,0.000757319,0.000156437,0.000140077,0.000107139
all_features,lgbm,perm_p2_qlike,cluster,adj_ofi_vwstock_ma_1,adj_ofi_vwstock_ma_1,1,True,-2.02241e-05,-0.000161373,0.000121725,109,0,-0.0162243,0.496599,-1.52174e-05,,0.000201463,0.000172551,6.85439e-05,-8.34343e-05,-0.000319739,-4.72911e-05,-6.68678e-05,0.000367488,-0.000110946,-0.0001118
all_features,lgbm,perm_p2_qlike,cluster,adj_ofi_vwstock_ma_5,adj_ofi_vwstock_ma_5,1,True,-2.6625e-05,-0.000135906,7.41112e-05,114,0,-0.0213593,0.47619,-2.35081e-05,,-0.000331155,-0.000162922,8.92109e-05,-3.11362e-05,0.000118601,-2.61781e-05,0.000109791,-0.00024429,1.69681e-05,2.82201e-05
all_features,lgbm,perm_p2_qlike,cluster,adj_ofi_vwstock_ma_25,adj_ofi_vwstock_ma_25,1,True,-9.48375e-06,-0.000123872,0.000101142,102,0,-0.00760813,0.530612,2.52731e-05,,-0.000198337,-0.000219681,-9.6296e-06,0.000172243,-7.95611e-05,4.51431e-05,0.000467348,-5.94824e-05,0.000136066,-6.03031e-05
all_features,lgbm,perm_p2_qlike,cluster,adj_fomc_release_ma_1,adj_fomc_release_ma_1,1,False,0,0,0,0,0,0,0,0,,0,0,0,0,0,0,0,0,0,0
all_features,lgbm,perm_p2_qlike,cluster,adj_fomc_release_ma_5,adj_fomc_release_ma_5,1,False,0,0,0,0,0,0,0,0,,0,0,0,0,0,0,0,0,0,0
all_features,lgbm,perm_p2_qlike,cluster,adj_fomc_release_ma_25,adj_fomc_release_ma_25,1,False,0,0,0,0,0,0,0,0,,0,0,0,0,0,0,0,0,0,0
all_features,lgbm,perm_p2_qlike,cluster,adj_fomc_release_ma_125,adj_fomc_release_ma_125,1,False,0,0,0,0,0,0,0,0,,0,0,0,0,0,0,0,0,0,0
all_features,lgbm,perm_p2_qlike,cluster,adj_fomc_release_ma_625,adj_fomc_release_ma_625,1,False,0,0,0,0,0,0,0,0,,0,0,0,0,0,0,0,0,0,0
all_features,lgbm,perm_p2_qlike,cluster,adj_fomc_release_ma_3125,adj_fomc_release_ma_3125,1,False,0,0,0,0,0,0,0,0,,0,0,0,0,0,0,0,0,0,0
all_features,lgbm,perm_p2_qlike,cluster,adj_fomc_day_ma_125,adj_fomc_day_ma_125,1,True,1.51587e-05,-1.01461e-05,4.34906e-05,72,0,0.0121607,0.428571,0,0.572916,9.91648e-05,5.61069e-07,-6.4552e-06,1.8437e-06,5.23809e-05,-1.07546e-05,-2.89139e-07,3.4842e-05,2.85222e-06,1.41129e-05
all_features,lgbm,perm_p2_qlike,cluster,adj_fomc_day_ma_625,adj_fomc_day_ma_625,1,True,-3.23057e-05,-0.000195409,0.000107471,117,0,-0.0259165,0.503401,2.11017e-06,,7.0583e-05,-0.000222602,-6.90964e-05,1.95816e-05,0.000147745,-7.94423e-05,-4.37131e-05,0.000126032,-6.09755e-05,-7.3625e-05
all_features,lgbm,perm_p2_qlike,cluster,adj_fomc_day_ma_3125,adj_fomc_day_ma_3125,1,True,7.95277e-06,-1.42984e-05,2.84081e-05,77,0,0.00637993,0.503401,6.93889e-18,0.546432,3.15528e-05,2.25992e-05,-4.48843e-05,3.42658e-05,-1.67623e-05,2.71158e-05,2.24205e-05,6.30024e-05,-1.93672e-05,1.70631e-06
all_features,lgbm,perm_p2_qlike,cluster,adj_fomc_until_inv_ma_125,adj_fomc_until_inv_ma_125,1,True,-5.92737e-06,-0.000101969,0.000105003,97,0,-0.0047551,0.530612,2.58379e-05,,-0.000158719,8.56163e-05,-9.57071e-05,-4.22716e-05,-4.97107e-05,0.000120367,8.22333e-05,-2.22229e-05,0.000153305,-7.47995e-05
all_features,lgbm,perm_p2_qlike,cluster,adj_fomc_until_inv_ma_625,adj_fomc_until_inv_ma_625,1,True,1.07926e-05,-0.00013962,0.000146199,75,0,0.00865816,0.564626,9.10673e-05,1.77603,-0.000304878,3.60171e-05,-4.89054e-05,0.000111062,0.000193097,-0.000121613,0.000160938,-0.00039326,0.000146776,8.68381e-05
all_features,lgbm,perm_p2_qlike,cluster,adj_fomc_since_inv_ma_625,adj_fomc_since_inv_ma_625,1,True,-2.79004e-05,-0.000140527,8.87481e-05,115,0,-0.0223825,0.47619,-6.07587e-06,,-5.42959e-05,8.06946e-05,3.73585e-05,0.000105787,-0.000202307,-9.64091e-05,-0.000202724,-9.09235e-06,-0.000136652,1.64832e-05
all_features,lgbm,perm_p2_qlike,cluster,sumret_avail_ma_1,sumret_avail_ma_1,1,False,0,0,0,0,0,0,0,0,,0,0,0,0,0,0,0,0,0,0
all_features,lgbm,perm_p2_qlike,cluster,sumret_avail_ma_5,sumret_avail_ma_5,1,False,0,0,0,0,0,0,0,0,,0,0,0,0,0,0,0,0,0,0
all_features,lgbm,perm_p2_qlike,cluster,sumret_avail_ma_25,sumret_avail_ma_25,1,False,0,0,0,0,0,0,0,0,,0,0,0,0,0,0,0,0,0,0
all_features,lgbm,perm_p2_qlike,cluster,sumret_avail_ma_125,sumret_avail_ma_125,1,False,0,0,0,0,0,0,0,0,,0,0,0,0,0,0,0,0,0,0
all_features,lgbm,perm_p2_qlike,cluster,sumret_avail_ma_625,sumret_avail_ma_625,1,False,0,0,0,0,0,0,0,0,,0,0,0,0,0,0,0,0,0,0
all_features,lgbm,perm_p2_qlike,cluster,sumret_avail_ma_3125,sumret_avail_ma_3125,1,False,0,0,0,0,0,0,0,0,,0,0,0,0,0,0,0,0,0,0
all_features,lgbm,perm_p2_qlike,cluster,sumabsret_avail_ma_1,sumabsret_avail_ma_1,1,False,0,0,0,0,0,0,0,0,,0,0,0,0,0,0,0,0,0,0
all_features,lgbm,perm_p2_qlike,cluster,sumabsret_avail_ma_5,sumabsret_avail_ma_5,1,False,0,0,0,0,0,0,0,0,,0,0,0,0,0,0,0,0,0,0
all_features,lgbm,perm_p2_qlike,cluster,sumabsret_avail_ma_25,sumabsret_avail_ma_25,1,False,0,0,0,0,0,0,0,0,,0,0,0,0,0,0,0,0,0,0
all_features,lgbm,perm_p2_qlike,cluster,sumabsret_avail_ma_125,sumabsret_avail_ma_125,1,False,0,0,0,0,0,0,0,0,,0,0,0,0,0,0,0,0,0,0
all_features,lgbm,perm_p2_qlike,cluster,sumabsret_avail_ma_625,sumabsret_avail_ma_625,1,False,0,0,0,0,0,0,0,0,,0,0,0,0,0,0,0,0,0,0
all_features,lgbm,perm_p2_qlike,cluster,sumabsret_avail_ma_3125,sumabsret_avail_ma_3125,1,False,0,0,0,0,0,0,0,0,,0,0,0,0,0,0,0,0,0,0
all_features,lgbm,perm_p2_qlike,cluster,sumret3_avail_ma_1,sumret3_avail_ma_1,1,False,0,0,0,0,0,0,0,0,,0,0,0,0,0,0,0,0,0,0
all_features,lgbm,perm_p2_qlike,cluster,sumret3_avail_ma_5,sumret3_avail_ma_5,1,False,0,0,0,0,0,0,0,0,,0,0,0,0,0,0,0,0,0,0
all_features,lgbm,perm_p2_qlike,cluster,sumret3_avail_ma_25,sumret3_avail_ma_25,1,False,0,0,0,0,0,0,0,0,,0,0,0,0,0,0,0,0,0,0
all_features,lgbm,perm_p2_qlike,cluster,sumret3_avail_ma_125,sumret3_avail_ma_125,1,False,0,0,0,0,0,0,0,0,,0,0,0,0,0,0,0,0,0,0
all_features,lgbm,perm_p2_qlike,cluster,sumret3_avail_ma_625,sumret3_avail_ma_625,1,False,0,0,0,0,0,0,0,0,,0,0,0,0,0,0,0,0,0,0
all_features,lgbm,perm_p2_qlike,cluster,sumret3_avail_ma_3125,sumret3_avail_ma_3125,1,False,0,0,0,0,0,0,0,0,,0,0,0,0,0,0,0,0,0,0
all_features,lgbm,perm_p2_qlike,cluster,sumret4_avail_ma_1,sumret4_avail_ma_1,1,False,0,0,0,0,0,0,0,0,,0,0,0,0,0,0,0,0,0,0
all_features,lgbm,perm_p2_qlike,cluster,sumret4_avail_ma_5,sumret4_avail_ma_5,1,False,0,0,0,0,0,0,0,0,,0,0,0,0,0,0,0,0,0,0
all_features,lgbm,perm_p2_qlike,cluster,sumret4_avail_ma_25,sumret4_avail_ma_25,1,False,0,0,0,0,0,0,0,0,,0,0,0,0,0,0,0,0,0,0
all_features,lgbm,perm_p2_qlike,cluster,sumret4_avail_ma_125,sumret4_avail_ma_125,1,False,0,0,0,0,0,0,0,0,,0,0,0,0,0,0,0,0,0,0
all_features,lgbm,perm_p2_qlike,cluster,sumret4_avail_ma_625,sumret4_avail_ma_625,1,False,0,0,0,0,0,0,0,0,,0,0,0,0,0,0,0,0,0,0
all_features,lgbm,perm_p2_qlike,cluster,sumret4_avail_ma_3125,sumret4_avail_ma_3125,1,False,0,0,0,0,0,0,0,0,,0,0,0,0,0,0,0,0,0,0
all_features,lgbm,perm_p2_qlike,cluster,sumpret2_avail_ma_1,sumpret2_avail_ma_1,1,False,0,0,0,0,0,0,0,0,,0,0,0,0,0,0,0,0,0,0
all_features,lgbm,perm_p2_qlike,cluster,sumpret2_avail_ma_5,sumpret2_avail_ma_5,1,False,0,0,0,0,0,0,0,0,,0,0,0,0,0,0,0,0,0,0
all_features,lgbm,perm_p2_qlike,cluster,sumpret2_avail_ma_25,sumpret2_avail_ma_25,1,False,0,0,0,0,0,0,0,0,,0,0,0,0,0,0,0,0,0,0
all_features,lgbm,perm_p2_qlike,cluster,sumpret2_avail_ma_125,sumpret2_avail_ma_125,1,False,0,0,0,0,0,0,0,0,,0,0,0,0,0,0,0,0,0,0
all_features,lgbm,perm_p2_qlike,cluster,sumpret2_avail_ma_625,sumpret2_avail_ma_625,1,False,0,0,0,0,0,0,0,0,,0,0,0,0,0,0,0,0,0,0
all_features,lgbm,perm_p2_qlike,cluster,sumpret2_avail_ma_3125,sumpret2_avail_ma_3125,1,False,0,0,0,0,0,0,0,0,,0,0,0,0,0,0,0,0,0,0
all_features,lgbm,perm_p2_qlike,cluster,sumbipow_avail_ma_1,sumbipow_avail_ma_1,1,False,0,0,0,0,0,0,0,0,,0,0,0,0,0,0,0,0,0,0
all_features,lgbm,perm_p2_qlike,cluster,sumbipow_avail_ma_5,sumbipow_avail_ma_5,1,False,0,0,0,0,0,0,0,0,,0,0,0,0,0,0,0,0,0,0
all_features,lgbm,perm_p2_qlike,cluster,sumbipow_avail_ma_25,sumbipow_avail_ma_25,1,False,0,0,0,0,0,0,0,0,,0,0,0,0,0,0,0,0,0,0
all_features,lgbm,perm_p2_qlike,cluster,sumbipow_avail_ma_125,sumbipow_avail_ma_125,1,False,0,0,0,0,0,0,0,0,,0,0,0,0,0,0,0,0,0,0
all_features,lgbm,perm_p2_qlike,cluster,sumbipow_avail_ma_625,sumbipow_avail_ma_625,1,False,0,0,0,0,0,0,0,0,,0,0,0,0,0,0,0,0,0,0
all_features,lgbm,perm_p2_qlike,cluster,sumbipow_avail_ma_3125,sumbipow_avail_ma_3125,1,False,0,0,0,0,0,0,0,0,,0,0,0,0,0,0,0,0,0,0
all_features,lgbm,perm_p2_qlike,cluster,sumautocov_avail_ma_1,sumautocov_avail_ma_1,1,False,0,0,0,0,0,0,0,0,,0,0,0,0,0,0,0,0,0,0
all_features,lgbm,perm_p2_qlike,cluster,sumautocov_avail_ma_5,sumautocov_avail_ma_5,1,False,0,0,0,0,0,0,0,0,,0,0,0,0,0,0,0,0,0,0
all_features,lgbm,perm_p2_qlike,cluster,sumautocov_avail_ma_25,sumautocov_avail_ma_25,1,False,0,0,0,0,0,0,0,0,,0,0,0,0,0,0,0,0,0,0
all_features,lgbm,perm_p2_qlike,cluster,sumautocov_avail_ma_125,sumautocov_avail_ma_125,1,False,0,0,0,0,0,0,0,0,,0,0,0,0,0,0,0,0,0,0
all_features,lgbm,perm_p2_qlike,cluster,sumautocov_avail_ma_625,sumautocov_avail_ma_625,1,False,0,0,0,0,0,0,0,0,,0,0,0,0,0,0,0,0,0,0
all_features,lgbm,perm_p2_qlike,cluster,sumautocov_avail_ma_3125,sumautocov_avail_ma_3125,1,False,0,0,0,0,0,0,0,0,,0,0,0,0,0,0,0,0,0,0
all_features,lgbm,perm_p2_qlike,cluster,sumvolume_avail_ma_1,sumvolume_avail_ma_1,1,False,0,0,0,0,0,0,0,0,,0,0,0,0,0,0,0,0,0,0
all_features,lgbm,perm_p2_qlike,cluster,sumvolume_avail_ma_5,sumvolume_avail_ma_5,1,False,0,0,0,0,0,0,0,0,,0,0,0,0,0,0,0,0,0,0
all_features,lgbm,perm_p2_qlike,cluster,sumvolume_avail_ma_25,sumvolume_avail_ma_25,1,False,0,0,0,0,0,0,0,0,,0,0,0,0,0,0,0,0,0,0
all_features,lgbm,perm_p2_qlike,cluster,sumvolume_avail_ma_125,sumvolume_avail_ma_125,1,False,0,0,0,0,0,0,0,0,,0,0,0,0,0,0,0,0,0,0
all_features,lgbm,perm_p2_qlike,cluster,sumvolume_avail_ma_625,sumvolume_avail_ma_625,1,False,0,0,0,0,0,0,0,0,,0,0,0,0,0,0,0,0,0,0
all_features,lgbm,perm_p2_qlike,cluster,sumvolume_avail_ma_3125,sumvolume_avail_ma_3125,1,False,0,0,0,0,0,0,0,0,,0,0,0,0,0,0,0,0,0,0
all_features,lgbm,perm_p2_qlike,cluster,numobs_avail_ma_1,numobs_avail_ma_1,1,False,0,0,0,0,0,0,0,0,,0,0,0,0,0,0,0,0,0,0
all_features,lgbm,perm_p2_qlike,cluster,numobs_avail_ma_5,numobs_avail_ma_5,1,False,0,0,0,0,0,0,0,0,,0,0,0,0,0,0,0,0,0,0
all_features,lgbm,perm_p2_qlike,cluster,numobs_avail_ma_25,numobs_avail_ma_25,1,False,0,0,0,0,0,0,0,0,,0,0,0,0,0,0,0,0,0,0
all_features,lgbm,perm_p2_qlike,cluster,numobs_avail_ma_125,numobs_avail_ma_125,1,False,0,0,0,0,0,0,0,0,,0,0,0,0,0,0,0,0,0,0
all_features,lgbm,perm_p2_qlike,cluster,numobs_avail_ma_625,numobs_avail_ma_625,1,False,0,0,0,0,0,0,0,0,,0,0,0,0,0,0,0,0,0,0
all_features,lgbm,perm_p2_qlike,cluster,numobs_avail_ma_3125,numobs_avail_ma_3125,1,False,0,0,0,0,0,0,0,0,,0,0,0,0,0,0,0,0,0,0
all_features,lgbm,perm_p2_qlike,cluster,stocktwits_attention_avail_ma_25,stocktwits_attention_avail_ma_25,1,True,1.63859e-06,0,4.91911e-06,83,0,0.00131452,0.0204082,0,0.744825,1.85161e-05,0,0,0,0,0,0,7.8872e-06,5.242e-07,0
all_features,lgbm,perm_p2_qlike,cluster,stocktwits_attention_avail_ma_125,stocktwits_attention_avail_ma_125,1,True,1.84536e-06,-2.10074e-06,6.7864e-06,82,0,0.0014804,0.0816327,0,0.735446,4.37198e-06,8.2403e-06,0,0,0,0,0,-1.11233e-07,-9.67647e-08,3.43044e-06
all_features,lgbm,perm_p2_qlike,cluster,stocktwits_attention_avail_ma_625,stocktwits_attention_avail_ma_625,1,True,-4.30862e-06,-2.52768e-05,1.50979e-05,95,0,-0.00345649,0.496599,0,,-4.10206e-05,-8.61759e-06,-1.59447e-05,1.96201e-05,8.25326e-06,7.80329e-06,-4.66974e-05,-1.58361e-05,4.03844e-06,-4.22942e-06
all_features,lgbm,perm_p2_qlike,cluster,vix3m_avail_ma_125,vix3m_avail_ma_125,1,True,-4.22593e-06,-1.86695e-05,7.72117e-06,94,0,-0.00339016,0.0544218,0,,-6.86334e-05,7.98362e-06,1.91996e-06,9.64784e-07,-3.29885e-07,0,0,-3.16717e-05,-1.04177e-05,8.15864e-06
all_features,lgbm,perm_p2_qlike,cluster,numobs_active_ma_25,numobs_active_ma_25,1,True,2.50096e-05,-5.61207e-06,6.20414e-05,65,0,0.0200634,0.265306,0,0.55206,9.28976e-06,7.2349e-05,6.27845e-05,1.02848e-05,-6.41065e-06,2.16424e-07,2.43254e-08,-2.89706e-06,4.59529e-05,2.4857e-05
all_features,lgbm,perm_p2_qlike,cluster,numobs_active_ma_125,numobs_active_ma_125,1,True,-5.89506e-05,-0.000206238,6.69601e-05,129,0,-0.0472918,0.47619,-1.74271e-05,,-0.000399125,-5.77469e-05,-0.00024205,0.000124691,-2.39676e-05,4.95086e-05,4.12202e-05,3.76943e-05,-1.79615e-05,-0.000111538
all_features,lgbm,perm_p2_qlike,cluster,fomc_day_active_ma_125,fomc_day_active_ma_125,1,True,-1.36686e-05,-4.76023e-05,1.21076e-05,107,0,-0.0109653,0.0544218,0,,-9.31983e-06,-1.9379e-06,-3.36186e-05,-7.02822e-06,-4.00146e-06,4.92995e-05,-0.000247171,-2.10491e-05,-7.42743e-06,-1.40375e-05
all_features,lgbm,perm_p2_qlike,cluster,DOW_0,DOW_0,1,True,-1.05054e-05,-2.84073e-05,5.15265e-06,103,0,-0.00842773,0.204082,0,,4.55027e-06,-1.45147e-05,-4.45338e-05,7.41688e-06,-2.9419e-06,2.59812e-06,-3.6519e-05,-1.79415e-05,-6.77062e-06,-9.68241e-06
all_features,lgbm,perm_p2_qlike,cluster,DOW_1,DOW_1,1,True,1.98086e-06,-5.34755e-06,1.13045e-05,81,0,0.0015891,0.170068,0,1.26076,-1.58126e-05,2.5855e-05,-2.05127e-06,2.31766e-06,-5.265e-06,1.78285e-06,-1.20613e-05,-2.22319e-06,3.33792e-06,2.79913e-06
all_features,lgbm,perm_p2_qlike,cluster,DOW_2,DOW_2,1,True,2.39135e-05,-3.53008e-05,8.23972e-05,67,0,0.019184,0.421769,0,0.405384,4.26503e-05,6.16462e-06,6.75629e-05,2.71305e-05,-6.87985e-05,8.89457e-07,0.000269436,0.000143942,-4.5868e-05,1.50731e-05
all_features,lgbm,perm_p2_qlike,cluster,DOW_3,DOW_3,1,True,-2.25848e-06,-1.1799e-05,5.81002e-06,92,0,-0.00181182,0.108844,0,,4.08646e-07,-6.85754e-07,-1.44941e-06,1.26866e-05,-1.64295e-05,4.08367e-07,-2.52726e-05,-3.14128e-06,-1.19027e-06,-2.45313e-06
all_features,lgbm,perm_p2_qlike,cluster,DOW_4,DOW_4,1,True,-2.65805e-05,-0.000165989,0.000105255,113,0,-0.0213236,0.517007,5.92115e-06,,-0.000447951,-0.000190092,2.62388e-06,0.000211698,1.70974e-05,5.64379e-05,-4.24465e-05,-0.000161155,8.23851e-05,-3.10459e-05
all_features,lgbm,perm_p2_qlike,cluster,hour,hour,1,False,0,0,0,0,0,0,0,0,,0,0,0,0,0,0,0,0,0,0
all_features,lgbm,perm_p2_qlike,cluster,is_overnight,is_overnight,1,False,0,0,0,0,0,0,0,0,,0,0,0,0,0,0,0,0,0,0
all_features,lgbm,perm_p2_qlike,cluster,is_open,is_open,1,False,0,0,0,0,0,0,0,0,,0,0,0,0,0,0,0,0,0,0
all_features,lgbm,perm_p2_qlike,cluster,is_close,is_close,1,False,0,0,0,0,0,0,0,0,,0,0,0,0,0,0,0,0,0,0
all_features,lgbm,perm_p2_qlike,cluster,is_opex,is_opex,1,True,8.34284e-07,-9.09661e-06,1.21548e-05,85,0,0.000669286,0.170068,0,4.10109,-4.12792e-05,7.38798e-06,3.18426e-07,2.60311e-05,6.27332e-07,-6.19092e-07,-2.42845e-05,3.20439e-06,-2.46678e-06,1.55956e-06
all_features,lgbm,perm_p2_qlike,cluster,is_opex_week,is_opex_week,1,True,-6.56994e-06,-2.47117e-05,8.92028e-06,98,0,-0.00527059,0.204082,0,,-2.64453e-06,-4.46389e-05,-1.1595e-05,5.27719e-06,-5.92646e-06,2.14091e-05,9.43008e-08,2.38082e-06,-6.74069e-06,-9.58413e-06
all_features,lgbm,perm_p2_qlike,cluster,is_month_end,is_month_end,1,True,0.00616641,0.00363848,0.00901327,3,0.292517,4.94687,0.761905,0.00203886,0.145024,0.0129242,0.0046194,0.00757373,0.00362154,0.000463975,0.0075163,0.0175111,0.00595192,0.00815523,0.00530998
all_features,lgbm,perm_p2_qlike,cluster,is_quarter_end,is_quarter_end,1,True,0.000488818,0.000101674,0.00104514,9,0.0340136,0.392143,0.510204,1.38778e-17,0.433757,0.00268439,0.000348733,0.000535948,0.000260759,0.000192215,0.000106955,5.64883e-05,0.000257016,0.000213565,0.000697738
all_features,lgbm,perm_p2_qlike,cluster,days_to_opex,days_to_opex,1,True,0.000128375,-0.000302185,0.000581862,35,0.0204082,0.102986,0.537415,0.000164303,0.742204,-0.000807537,2.8326e-05,0.000360302,0.00119058,-0.000165334,-4.33414e-05,-0.000624727,-2.34997e-05,0.000251462,0.000123282
