bucket,model,measure,level,unit,label,n_columns,eligible,value,lo,hi,rank,top5_share,mean_abs_phi,mean_signed_phi,y2018,y2019,y2020,y2021,y2022,y2023,y2024,vix_low,vix_mid,vix_high
all_features,lasso,shap,column,har_ma_1,har_ma_1,1,True,0.202342,0.161966,0.239498,1,0.993197,0.0949976,0.00312648,0.293059,0.294201,0.261729,0.163914,0.0531173,0.178065,0.233478,0.267121,0.207465,0.177553
all_features,lasso,shap,column,har_ma_5,har_ma_5,1,True,0.115149,0.0979511,0.131185,2,0.979592,0.0602911,0.00238288,0.135751,0.156101,0.124135,0.109189,0.055709,0.106647,0.151886,0.139898,0.125891,0.101567
all_features,lasso,shap,column,har_ma_25,har_ma_25,1,True,0.0861205,0.0670502,0.104346,3,0.653061,0.0411372,0.000616987,0.105872,0.124535,0.134261,0.0827284,0.0174209,0.0613593,0.0813439,0.103314,0.0871232,0.079708
all_features,lasso,shap,column,har_ma_125,har_ma_125,1,True,0.0571364,0.0442778,0.0691982,6,0.346939,0.0274247,0.000499734,0.0641499,0.088249,0.087677,0.0499076,0.0141918,0.0371286,0.0686451,0.067113,0.0586472,0.0529808
all_features,lasso,shap,column,har_ma_625,har_ma_625,1,True,0.00123433,0.000547484,0.00199992,79,0,0.00147364,1.98642e-05,0,0,0,0.00108622,0.00436858,0.00179813,0,5.05675e-05,0.00122978,0.00164566
all_features,lasso,shap,column,har_ma_3125,har_ma_3125,1,True,2.59305e-05,0,7.36263e-05,176,0,3.32247e-05,2.86789e-05,0,0,0,0,0.000152368,0,0,0,0,4.7027e-05
all_features,lasso,shap,column,adj_sumret_ma_1,adj_sumret_ma_1,1,True,0.012403,0.0111708,0.0136267,12,0,0.00799099,0.000140032,0.018401,0.0130777,0.0139653,0.01121,0.0116688,0.011231,0.00517645,0.0126113,0.0118556,0.0125872
all_features,lasso,shap,column,adj_sumret_ma_5,adj_sumret_ma_5,1,True,0.0656006,0.0539302,0.0764483,5,0.489796,0.0331921,0.000227535,0.0994792,0.090972,0.0896223,0.0513789,0.0279612,0.0511455,0.0601925,0.0806907,0.0680765,0.0592257
all_features,lasso,shap,column,adj_sumret_ma_25,adj_sumret_ma_25,1,True,0.0153195,0.00965535,0.0210997,11,0,0.0061228,0.000313405,0.0279534,0.0244587,0.00951488,0.00378094,0.00109689,0.0224417,0.0418036,0.0290017,0.0191375,0.00880335
all_features,lasso,shap,column,adj_sumret_ma_125,adj_sumret_ma_125,1,True,0.00404527,0.00276149,0.00548717,33,0,0.00246212,0.00013583,0.00288289,0.0032149,0.00695132,0.00740032,0.00344591,0.00112987,0,0.00155378,0.00273176,0.00552112
all_features,lasso,shap,column,adj_sumret_ma_625,adj_sumret_ma_625,1,True,0.000252797,3.18473e-05,0.000560543,134,0,0.000143697,-1.26742e-05,0,0,0,0,0.000433082,0.00105235,0,0.00017146,0.000469022,0.000179741
all_features,lasso,shap,column,adj_sumret_ma_3125,adj_sumret_ma_3125,1,True,0,0,0,205,0,0,0,0,0,0,0,0,0,0,0,0,0
all_features,lasso,shap,column,adj_sumabsret_ma_1,adj_sumabsret_ma_1,1,True,0,0,0,205,0,0,0,0,0,0,0,0,0,0,0,0,0
all_features,lasso,shap,column,adj_sumabsret_ma_5,adj_sumabsret_ma_5,1,True,0.00987155,0.00508751,0.0152808,16,0.0204082,0.00941807,0.000724856,0,0.00811653,0.0144891,0.0179706,0.0107724,0.0063319,0,0.00524086,0.0108423,0.0110181
all_features,lasso,shap,column,adj_sumabsret_ma_25,adj_sumabsret_ma_25,1,True,0.00115249,0.000190221,0.00230623,81,0,0.00142029,-0.000109751,0,0,0,0.000180024,0.00647545,0.000116541,0,1.49821e-05,8.84192e-05,0.00204358
all_features,lasso,shap,column,adj_sumabsret_ma_125,adj_sumabsret_ma_125,1,True,0,0,0,205,0,0,0,0,0,0,0,0,0,0,0,0,0
all_features,lasso,shap,column,adj_sumabsret_ma_625,adj_sumabsret_ma_625,1,True,6.48827e-05,0,0.000188439,156,0,7.44441e-05,5.53866e-05,0,0,0,0,0,0.000381251,0,6.18888e-05,0.000205762,0
all_features,lasso,shap,column,adj_sumabsret_ma_3125,adj_sumabsret_ma_3125,1,True,0,0,0,205,0,0,0,0,0,0,0,0,0,0,0,0,0
all_features,lasso,shap,column,adj_sumret3_ma_1,adj_sumret3_ma_1,1,True,0.00254058,0.00121934,0.00403755,48,0,0.00298237,-0.000302133,0,0,0,0.00391775,0.00858681,0.00242388,0,0.00021534,0.00175373,0.00371253
all_features,lasso,shap,column,adj_sumret3_ma_5,adj_sumret3_ma_5,1,True,0.00102751,0.000478183,0.00163595,86,0,0.00121157,-0.000121396,0,0,0,0.00165714,0.00325903,0.00112147,0,0.0001461,0.000759892,0.00145741
all_features,lasso,shap,column,adj_sumret3_ma_25,adj_sumret3_ma_25,1,True,0.00234443,0.00116307,0.00371059,53,0,0.00270482,0.000234749,0,0,0,0.00276426,0.00802167,0.00298992,0,0.000257157,0.0018678,0.00328897
all_features,lasso,shap,column,adj_sumret3_ma_125,adj_sumret3_ma_125,1,True,0.00216704,0.00105511,0.0034188,56,0,0.00249975,-0.000246626,0.00080302,0,0,0.00277333,0.00726702,0.0022756,0,0.000380983,0.00153879,0.0030784
all_features,lasso,shap,column,adj_sumret3_ma_625,adj_sumret3_ma_625,1,True,0.000995815,0.000457573,0.00163955,87,0,0.00116096,9.04485e-05,0,0,0,0.00198602,0.00264198,0.00122341,0,0.000201661,0.000817825,0.00135362
all_features,lasso,shap,column,adj_sumret3_ma_3125,adj_sumret3_ma_3125,1,True,0,0,0,205,0,0,0,0,0,0,0,0,0,0,0,0,0
all_features,lasso,shap,column,adj_sumret4_ma_1,adj_sumret4_ma_1,1,True,3.17844e-05,0,0.00010164,171,0,3.00298e-05,2.41246e-05,0,0,0,0,0,0.000186765,0,8.8207e-05,5.80298e-05,0
all_features,lasso,shap,column,adj_sumret4_ma_5,adj_sumret4_ma_5,1,True,0.0097677,0.0047301,0.0153402,17,0.0680272,0.011332,0.00193193,0,0,0,0.0206371,0.0245524,0.0122056,0,0.000938064,0.0089122,0.0132202
all_features,lasso,shap,column,adj_sumret4_ma_25,adj_sumret4_ma_25,1,True,8.53026e-06,0,2.51167e-05,188,0,1.00796e-05,-4.32092e-06,0,0,0,0,5.01238e-05,0,0,0,0,1.54703e-05
all_features,lasso,shap,column,adj_sumret4_ma_125,adj_sumret4_ma_125,1,True,0,0,0,205,0,0,0,0,0,0,0,0,0,0,0,0,0
all_features,lasso,shap,column,adj_sumret4_ma_625,adj_sumret4_ma_625,1,True,0.0122283,0.00803554,0.0172035,13,0.0136054,0.00542718,-0.00042323,0.0181874,0.0192848,0.0252238,0.00796496,0,0.00706756,0.00659391,0.0148875,0.0110469,0.0118619
all_features,lasso,shap,column,adj_sumret4_ma_3125,adj_sumret4_ma_3125,1,True,0.000689807,0.00022443,0.00127544,105,0,0.000746165,-0.000268517,0,0,0,0,0.00173293,0.00232038,0,0.000264304,0.00102593,0.00067962
all_features,lasso,shap,column,adj_sumpret2_ma_1,adj_sumpret2_ma_1,1,True,0,0,0,205,0,0,0,0,0,0,0,0,0,0,0,0,0
all_features,lasso,shap,column,adj_sumpret2_ma_5,adj_sumpret2_ma_5,1,True,4.92675e-06,0,1.48107e-05,194,0,6.44391e-06,3.29789e-06,0,0,0,0,2.89496e-05,0,0,0,0,8.93505e-06
all_features,lasso,shap,column,adj_sumpret2_ma_25,adj_sumpret2_ma_25,1,True,3.37606e-05,0,0.000103706,168,0,3.59574e-05,-3.44815e-05,0,0,0,0,0.000193368,5.00897e-06,0,0,3.30407e-06,5.96815e-05
all_features,lasso,shap,column,adj_sumpret2_ma_125,adj_sumpret2_ma_125,1,True,0,0,0,205,0,0,0,0,0,0,0,0,0,0,0,0,0
all_features,lasso,shap,column,adj_sumpret2_ma_625,adj_sumpret2_ma_625,1,True,0.000918338,0.000324915,0.00165374,90,0,0.000993441,0.000598063,0,0,0,0.000256723,0.00309826,0.00204117,0,0.000112621,0.000977031,0.00116939
all_features,lasso,shap,column,adj_sumpret2_ma_3125,adj_sumpret2_ma_3125,1,True,0,0,0,205,0,0,0,0,0,0,0,0,0,0,0,0,0
all_features,lasso,shap,column,adj_sumbipow_ma_1,adj_sumbipow_ma_1,1,True,0.000101648,3.92034e-06,0.000283966,152,0,0.000104952,-6.94798e-05,0,0,0,9.7398e-08,2.52981e-05,0.000571885,0,0.000163978,0.000237662,1.64598e-05
all_features,lasso,shap,column,adj_sumbipow_ma_5,adj_sumbipow_ma_5,1,True,5.02554e-05,0,0.000165424,162,0,4.84015e-05,-1.72282e-05,0,0,0,0,0,0.000295301,0,0,0.000138974,2.6116e-05
all_features,lasso,shap,column,adj_sumbipow_ma_25,adj_sumbipow_ma_25,1,True,5.97694e-05,0,0.000156256,158,0,7.48632e-05,-6.88225e-05,0,0,0,0,7.45961e-05,0.000276609,0,0,0.000154955,3.58928e-05
all_features,lasso,shap,column,adj_sumbipow_ma_125,adj_sumbipow_ma_125,1,True,0,0,0,205,0,0,0,0,0,0,0,0,0,0,0,0,0
all_features,lasso,shap,column,adj_sumbipow_ma_625,adj_sumbipow_ma_625,1,True,0.000654385,0.000162936,0.00124277,106,0,0.000762342,0.000140569,0,0,0,0.00228263,0.00156254,0,0,0,0.000608486,0.000902069
all_features,lasso,shap,column,adj_sumbipow_ma_3125,adj_sumbipow_ma_3125,1,True,0,0,0,205,0,0,0,0,0,0,0,0,0,0,0,0,0
all_features,lasso,shap,column,adj_sumautocov_ma_1,adj_sumautocov_ma_1,1,True,0.000325458,0.000141275,0.000552147,124,0,0.000324242,-8.79879e-06,0.000673775,0,0,0.000925674,0.000522299,0.000114054,0,0.000137018,0.000261161,0.000420682
all_features,lasso,shap,column,adj_sumautocov_ma_5,adj_sumautocov_ma_5,1,True,0.020417,0.0167677,0.0243404,8,0,0.0111214,0.00285361,0.0240497,0.0202013,0.0373495,0.0173025,0.0117966,0.0141751,0.0184541,0.0189765,0.0164754,0.0227593
all_features,lasso,shap,column,adj_sumautocov_ma_25,adj_sumautocov_ma_25,1,True,4.96482e-06,0,1.33066e-05,193,0,4.97268e-06,2.91473e-07,0,0,0,2.14979e-05,7.67534e-06,0,0,0,5.9915e-06,6.20067e-06
all_features,lasso,shap,column,adj_sumautocov_ma_125,adj_sumautocov_ma_125,1,True,0.000900213,0.000427172,0.00142856,93,0,0.00105644,-0.000427741,0,0,0,0.00165626,0.00275665,0.000876735,0,0.000103245,0.00065215,0.00129178
all_features,lasso,shap,column,adj_sumautocov_ma_625,adj_sumautocov_ma_625,1,True,0.00128382,0.000607867,0.00206748,74,0,0.00147255,-0.000810246,0,0,0,0.00295171,0.00315831,0.00143371,0,0.000190496,0.00104804,0.00177208
all_features,lasso,shap,column,adj_sumautocov_ma_3125,adj_sumautocov_ma_3125,1,True,0,0,0,205,0,0,0,0,0,0,0,0,0,0,0,0,0
all_features,lasso,shap,column,adj_sumvolume_ma_1,adj_sumvolume_ma_1,1,True,0.00558496,0.00290417,0.00847653,23,0,0.00234741,-9.61634e-05,0.00350116,0.014516,0.000827335,0.000583064,0.00196281,0.00361969,0.028187,0.0100528,0.00849951,0.0026768
all_features,lasso,shap,column,adj_sumvolume_ma_5,adj_sumvolume_ma_5,1,True,0.00408456,0.00203202,0.0063515,32,0,0.00472597,0.000791444,0,0,0,0.00721094,0.0118216,0.00496836,0,0.000434208,0.00377193,0.0054927
all_features,lasso,shap,column,adj_sumvolume_ma_25,adj_sumvolume_ma_25,1,True,0.00214929,0.00104059,0.00340674,57,0,0.00249188,-0.000419541,0,0,0,0.00469279,0.00564809,0.00228832,0,0.000114776,0.00211608,0.00286811
all_features,lasso,shap,column,adj_sumvolume_ma_125,adj_sumvolume_ma_125,1,True,1.98721e-05,0,5.96051e-05,182,0,1.94382e-05,2.32975e-06,0,0,0,0,9.47154e-05,2.2053e-05,0,0,1.38421e-06,3.5392e-05
all_features,lasso,shap,column,adj_sumvolume_ma_625,adj_sumvolume_ma_625,1,True,8.29902e-07,0,2.48975e-06,200,0,1.30998e-06,-1.30998e-06,0,0,0,0,4.87651e-06,0,0,0,0,1.50509e-06
all_features,lasso,shap,column,adj_sumvolume_ma_3125,adj_sumvolume_ma_3125,1,True,0,0,0,205,0,0,0,0,0,0,0,0,0,0,0,0,0
all_features,lasso,shap,column,adj_numobs_ma_1,adj_numobs_ma_1,1,True,0,0,0,205,0,0,0,0,0,0,0,0,0,0,0,0,0
all_features,lasso,shap,column,adj_numobs_ma_5,adj_numobs_ma_5,1,True,0,0,0,205,0,0,0,0,0,0,0,0,0,0,0,0,0
all_features,lasso,shap,column,adj_numobs_ma_25,adj_numobs_ma_25,1,True,3.20278e-05,8.41927e-06,6.43517e-05,170,0,3.51814e-05,-1.94858e-06,0,1.65412e-08,8.41073e-05,7.21524e-06,2.02813e-05,7.65744e-05,0,9.03996e-07,4.61512e-05,3.61783e-05
all_features,lasso,shap,column,adj_numobs_ma_125,adj_numobs_ma_125,1,True,2.77731e-05,6.28356e-06,5.86263e-05,174,0,3.07487e-05,-2.09228e-05,0,0,0,5.02607e-05,1.26924e-05,0.000100242,0,6.26352e-06,6.8944e-05,1.59446e-05
all_features,lasso,shap,column,adj_numobs_ma_625,adj_numobs_ma_625,1,True,0.000293705,0.000116342,0.000498664,129,0,0.000330156,-4.95831e-05,0,0,0,0.00076855,0.00087362,8.3638e-05,0,0,0.000167179,0.000454433
all_features,lasso,shap,column,adj_numobs_ma_3125,adj_numobs_ma_3125,1,True,0,0,0,205,0,0,0,0,0,0,0,0,0,0,0,0,0
all_features,lasso,shap,column,adj_sumret2_ewstock_ma_1,adj_sumret2_ewstock_ma_1,1,True,0,0,0,205,0,0,0,0,0,0,0,0,0,0,0,0,0
all_features,lasso,shap,column,adj_sumret2_ewstock_ma_5,adj_sumret2_ewstock_ma_5,1,True,0.000206195,0,0.000466411,142,0,0.00026318,5.90135e-05,0,0,0,0,0.0012116,0,0,0,0,0.000373951
all_features,lasso,shap,column,adj_sumret2_ewstock_ma_25,adj_sumret2_ewstock_ma_25,1,True,9.85079e-07,0,2.9573e-06,199,0,1.08732e-06,-1.07839e-06,0,0,0,5.78832e-06,0,0,0,0,1.18711e-06,1.23107e-06
all_features,lasso,shap,column,adj_sumret2_ewstock_ma_125,adj_sumret2_ewstock_ma_125,1,True,0,0,0,205,0,0,0,0,0,0,0,0,0,0,0,0,0
all_features,lasso,shap,column,adj_sumret2_ewstock_ma_625,adj_sumret2_ewstock_ma_625,1,True,0,0,0,205,0,0,0,0,0,0,0,0,0,0,0,0,0
all_features,lasso,shap,column,adj_sumret2_ewstock_ma_3125,adj_sumret2_ewstock_ma_3125,1,True,0,0,0,205,0,0,0,0,0,0,0,0,0,0,0,0,0
all_features,lasso,shap,column,adj_sumret3_ewstock_ma_1,adj_sumret3_ewstock_ma_1,1,True,0.000781188,0.000341409,0.00131755,100,0,0.000877883,-2.06324e-05,0,0,0,0.000808253,0.00287129,0.000910719,0,0.000128654,0.000490866,0.0011426
all_features,lasso,shap,column,adj_sumret3_ewstock_ma_5,adj_sumret3_ewstock_ma_5,1,True,3.03953e-05,1.05423e-06,8.39292e-05,172,0,3.04824e-05,-3.92517e-06,0,0,0,3.00689e-05,6.1989e-06,0.000142335,0,4.05471e-05,7.02852e-05,8.22152e-06
all_features,lasso,shap,column,adj_sumret3_ewstock_ma_25,adj_sumret3_ewstock_ma_25,1,True,1.40597e-05,0,4.14891e-05,183,0,1.36399e-05,-5.56328e-06,0,0,0,8.26147e-05,0,0,0,0,7.42973e-06,2.2022e-05
all_features,lasso,shap,column,adj_sumret3_ewstock_ma_125,adj_sumret3_ewstock_ma_125,1,True,3.24185e-05,5.66124e-08,8.30766e-05,169,0,4.65809e-05,-3.11941e-05,0,0,0,0,5.73652e-05,0.000133126,0,0,6.63177e-05,2.77635e-05
all_features,lasso,shap,column,adj_sumret3_ewstock_ma_625,adj_sumret3_ewstock_ma_625,1,True,0.000247047,8.13307e-05,0.000458237,136,0,0.000297157,-6.66719e-05,0,0,0,0.000568489,0.000312979,0.000570183,0,5.86477e-05,0.000442532,0.000220706
all_features,lasso,shap,column,adj_sumret3_ewstock_ma_3125,adj_sumret3_ewstock_ma_3125,1,True,0,0,0,205,0,0,0,0,0,0,0,0,0,0,0,0,0
all_features,lasso,shap,column,adj_sumret4_ewstock_ma_1,adj_sumret4_ewstock_ma_1,1,True,0.000747621,0.000202721,0.0014322,103,0,0.000236394,7.34339e-05,0,0,0.000846046,0.00179265,0,0.00175432,0,0.00110396,0.000742963,0.000626619
all_features,lasso,shap,column,adj_sumret4_ewstock_ma_5,adj_sumret4_ewstock_ma_5,1,True,0.000345551,8.50365e-05,0.000679167,123,0,0.0003988,0.00010475,0,0,0,0.00149659,0.00034064,0.000193224,0,4.27214e-05,0.000426951,0.000412146
all_features,lasso,shap,column,adj_sumret4_ewstock_ma_25,adj_sumret4_ewstock_ma_25,1,True,0.000885433,5.01097e-05,0.00197369,95,0,0.000275786,-0.000141692,0,0,0,0,3.15899e-08,0.00189177,0.0104778,0.00248399,0.00137204,0.000105158
all_features,lasso,shap,column,adj_sumret4_ewstock_ma_125,adj_sumret4_ewstock_ma_125,1,True,2.52592e-05,0,7.99714e-05,177,0,2.42061e-05,-1.91506e-06,0,0,0,0,0,0.000148423,0,1.19501e-05,8.90756e-05,0
all_features,lasso,shap,column,adj_sumret4_ewstock_ma_625,adj_sumret4_ewstock_ma_625,1,True,7.67263e-05,1.36456e-06,0.000224145,155,0,0.000114066,9.81546e-05,0,0,0,0,2.50039e-05,0.00042584,0,0,0.000264587,1.53486e-05
all_features,lasso,shap,column,adj_sumret4_ewstock_ma_3125,adj_sumret4_ewstock_ma_3125,1,True,0,0,0,205,0,0,0,0,0,0,0,0,0,0,0,0,0
all_features,lasso,shap,column,adj_sumabsret_ewstock_ma_1,adj_sumabsret_ewstock_ma_1,1,True,0.00200782,0.000870664,0.00324601,60,0,0.00240224,0.000356046,0,0,0,0.00125468,0.00679807,0.00374522,0,0.000333367,0.00205418,0.00256496
all_features,lasso,shap,column,adj_sumabsret_ewstock_ma_5,adj_sumabsret_ewstock_ma_5,1,True,0.000232048,3.6182e-05,0.0004926,139,0,0.000209092,-5.12684e-06,0.000761218,5.66472e-05,5.52288e-05,0.000826086,0,2.74515e-05,0,5.33021e-05,0.000114091,0.000349029
all_features,lasso,shap,column,adj_sumabsret_ewstock_ma_25,adj_sumabsret_ewstock_ma_25,1,True,0.00148585,0.000636238,0.00246124,70,0,0.00180395,-3.96062e-05,0,0,0,0.00289407,0.00401657,0.00182023,0,0,0.00148898,0.00199802
all_features,lasso,shap,column,adj_sumabsret_ewstock_ma_125,adj_sumabsret_ewstock_ma_125,1,True,0.00107909,0.00049287,0.00173133,84,0,0.00126807,0.000235945,0,0,0,0.00187383,0.00344939,0.00101751,0,0,0.000935132,0.00151947
all_features,lasso,shap,column,adj_sumabsret_ewstock_ma_625,adj_sumabsret_ewstock_ma_625,1,True,0.00466972,0.00226845,0.0073916,27,0.00680272,0.00556443,0.00101992,0,0,0,0.00877665,0.0139842,0.00467841,0,0.00025591,0.00483327,0.00611896
all_features,lasso,shap,column,adj_sumabsret_ewstock_ma_3125,adj_sumabsret_ewstock_ma_3125,1,True,0,0,0,205,0,0,0,0,0,0,0,0,0,0,0,0,0
all_features,lasso,shap,column,adj_sumbipow_ewstock_ma_1,adj_sumbipow_ewstock_ma_1,1,True,0.00212326,0.00094847,0.00361232,58,0,0.00248995,0.000397846,0,0,0,0.00214263,0.00591263,0.00442102,0,0.000199685,0.00286375,0.00244173
all_features,lasso,shap,column,adj_sumbipow_ewstock_ma_5,adj_sumbipow_ewstock_ma_5,1,True,0.0024941,0.00125193,0.00387809,50,0,0.002915,0.00023297,0,0,0,0.00372964,0.00707133,0.00385435,0,0.000137901,0.00279718,0.00316678
all_features,lasso,shap,column,adj_sumbipow_ewstock_ma_25,adj_sumbipow_ewstock_ma_25,1,True,0.00149044,0.000324918,0.00321049,69,0.00680272,0.00139934,-0.000155294,0,0,0,0,0,0.00709503,0.00526203,0.00146385,0.00461324,3.84738e-05
all_features,lasso,shap,column,adj_sumbipow_ewstock_ma_125,adj_sumbipow_ewstock_ma_125,1,True,0,0,0,205,0,0,0,0,0,0,0,0,0,0,0,0,0
all_features,lasso,shap,column,adj_sumbipow_ewstock_ma_625,adj_sumbipow_ewstock_ma_625,1,True,5.94558e-06,0,1.78489e-05,191,0,8.90762e-06,8.90762e-06,0,0,0,0,0,3.49362e-05,0,0,2.3045e-05,0
all_features,lasso,shap,column,adj_sumbipow_ewstock_ma_3125,adj_sumbipow_ewstock_ma_3125,1,True,0,0,0,205,0,0,0,0,0,0,0,0,0,0,0,0,0
all_features,lasso,shap,column,adj_sumpret2_ewstock_ma_1,adj_sumpret2_ewstock_ma_1,1,True,0.000875389,0.000190916,0.0017304,96,0,0.000276486,7.35485e-05,0,0,0,0,9.0653e-06,0.00268637,0.00774794,0.00254475,0.0013968,5.43583e-05
all_features,lasso,shap,column,adj_sumpret2_ewstock_ma_5,adj_sumpret2_ewstock_ma_5,1,True,0.000178493,0,0.000517842,145,0,0.000220177,4.30658e-05,0,0,0,0,0,0.00104882,0,5.69568e-05,0.000646839,1.3654e-06
all_features,lasso,shap,column,adj_sumpret2_ewstock_ma_25,adj_sumpret2_ewstock_ma_25,1,True,0.00257271,0.000586756,0.00513589,47,0,0.000767999,0.000197082,0,0,0.00267502,0,0,0.0119192,0.00165497,0.00701655,0.00250923,0.00106627
all_features,lasso,shap,column,adj_sumpret2_ewstock_ma_125,adj_sumpret2_ewstock_ma_125,1,True,0.0077537,0.00346266,0.0129038,18,0.00680272,0.00469829,-0.000803514,0,0,0.0249209,0.0157704,0.0031391,0.00173032,0,0,0.00496703,0.0117379
all_features,lasso,shap,column,adj_sumpret2_ewstock_ma_625,adj_sumpret2_ewstock_ma_625,1,True,5.97989e-05,3.82334e-06,0.000137949,157,0,2.04633e-05,1.7053e-05,0,0,0,0.000263798,0,8.75804e-05,0,4.6971e-05,2.46884e-05,8.06616e-05
all_features,lasso,shap,column,adj_sumpret2_ewstock_ma_3125,adj_sumpret2_ewstock_ma_3125,1,True,0,0,0,205,0,0,0,0,0,0,0,0,0,0,0,0,0
all_features,lasso,shap,column,adj_turnover_ewstock_ma_1,adj_turnover_ewstock_ma_1,1,True,0,0,0,205,0,0,0,0,0,0,0,0,0,0,0,0,0
all_features,lasso,shap,column,adj_turnover_ewstock_ma_5,adj_turnover_ewstock_ma_5,1,True,0.00316476,0.00147866,0.00522097,44,0,0.00373942,-5.02697e-05,0,0,0,0.00415422,0.00824668,0.00619523,0,0.000449604,0.00432857,0.00355878
all_features,lasso,shap,column,adj_turnover_ewstock_ma_25,adj_turnover_ewstock_ma_25,1,True,0,0,0,205,0,0,0,0,0,0,0,0,0,0,0,0,0
all_features,lasso,shap,column,adj_turnover_ewstock_ma_125,adj_turnover_ewstock_ma_125,1,True,0,0,0,205,0,0,0,0,0,0,0,0,0,0,0,0,0
all_features,lasso,shap,column,adj_turnover_ewstock_ma_625,adj_turnover_ewstock_ma_625,1,True,0,0,0,205,0,0,0,0,0,0,0,0,0,0,0,0,0
all_features,lasso,shap,column,adj_turnover_ewstock_ma_3125,adj_turnover_ewstock_ma_3125,1,True,0,0,0,205,0,0,0,0,0,0,0,0,0,0,0,0,0
all_features,lasso,shap,column,adj_buyturnover_ewstock_ma_1,adj_buyturnover_ewstock_ma_1,1,True,0,0,0,205,0,0,0,0,0,0,0,0,0,0,0,0,0
all_features,lasso,shap,column,adj_buyturnover_ewstock_ma_5,adj_buyturnover_ewstock_ma_5,1,True,0,0,0,205,0,0,0,0,0,0,0,0,0,0,0,0,0
all_features,lasso,shap,column,adj_buyturnover_ewstock_ma_25,adj_buyturnover_ewstock_ma_25,1,True,0.000931195,0.000411971,0.00157073,89,0,0.00107538,9.03855e-07,0,0,0,0.0011862,0.00242374,0.00186176,0,4.97101e-05,0.00132501,0.00105164
all_features,lasso,shap,column,adj_buyturnover_ewstock_ma_125,adj_buyturnover_ewstock_ma_125,1,True,4.98441e-05,7.65516e-06,0.000113919,163,0,4.99517e-05,-9.74094e-07,0,0,1.75836e-07,0.000200486,4.15969e-05,5.06254e-05,0,0,6.62371e-05,5.9404e-05
all_features,lasso,shap,column,adj_buyturnover_ewstock_ma_625,adj_buyturnover_ewstock_ma_625,1,True,7.05418e-07,0,1.9789e-06,202,0,1.21201e-06,1.18841e-06,0,0,0,0,4.14504e-06,0,0,0,0,1.27933e-06
all_features,lasso,shap,column,adj_buyturnover_ewstock_ma_3125,adj_buyturnover_ewstock_ma_3125,1,True,0,0,0,205,0,0,0,0,0,0,0,0,0,0,0,0,0
all_features,lasso,shap,column,adj_sellturnover_ewstock_ma_1,adj_sellturnover_ewstock_ma_1,1,True,0.000639427,6.52003e-05,0.00147206,108,0,0.000753203,-2.6168e-05,0,0,0,0,0.000901754,0.00282458,9.79065e-05,0.000234758,0.00162605,0.00031767
all_features,lasso,shap,column,adj_sellturnover_ewstock_ma_5,adj_sellturnover_ewstock_ma_5,1,True,0,0,0,205,0,0,0,0,0,0,0,0,0,0,0,0,0
all_features,lasso,shap,column,adj_sellturnover_ewstock_ma_25,adj_sellturnover_ewstock_ma_25,1,True,0.00010327,0,0.000268839,150,0,0.000112704,-1.85057e-06,0,0,0,0,0.000555433,5.1384e-05,0,0,6.26812e-07,0.000186996
all_features,lasso,shap,column,adj_sellturnover_ewstock_ma_125,adj_sellturnover_ewstock_ma_125,1,True,3.32801e-06,0,1.06811e-05,196,0,3.0823e-06,-9.66343e-07,0,0,0,0,0,1.95554e-05,0,3.69432e-06,1.017e-05,0
all_features,lasso,shap,column,adj_sellturnover_ewstock_ma_625,adj_sellturnover_ewstock_ma_625,1,True,0.00142958,0.000428871,0.00292663,71,0.00680272,0.00180222,0.000572135,0,0,0,0.000542788,0.00258856,0.00526888,0,0.000107283,0.0033716,0.000978
all_features,lasso,shap,column,adj_sellturnover_ewstock_ma_3125,adj_sellturnover_ewstock_ma_3125,1,True,0,0,0,205,0,0,0,0,0,0,0,0,0,0,0,0,0
all_features,lasso,shap,column,adj_effspread_ewstock_ma_1,adj_effspread_ewstock_ma_1,1,True,0.00124977,0.000598816,0.00204723,77,0,0.000965356,-0.000139941,0,0,0,0.000325164,0.00165493,0.00510379,0.000822138,0.00176496,0.00196555,0.000736776
all_features,lasso,shap,column,adj_effspread_ewstock_ma_5,adj_effspread_ewstock_ma_5,1,True,0.00031289,6.662e-06,0.000703762,127,0,0.000364979,-3.95899e-05,0,0,0,0,0.000406456,0.00143208,0,0.000197947,0.000707367,0.000168046
all_features,lasso,shap,column,adj_effspread_ewstock_ma_25,adj_effspread_ewstock_ma_25,1,True,0.00369096,0.00168164,0.00616128,37,0,0.00432392,-0.000349607,0,0,0.000106849,0.00306926,0.0105158,0.00799612,0,0.000790087,0.00463383,0.00425255
all_features,lasso,shap,column,adj_effspread_ewstock_ma_125,adj_effspread_ewstock_ma_125,1,True,0,0,0,205,0,0,0,0,0,0,0,0,0,0,0,0,0
all_features,lasso,shap,column,adj_effspread_ewstock_ma_625,adj_effspread_ewstock_ma_625,1,True,0,0,0,205,0,0,0,0,0,0,0,0,0,0,0,0,0
all_features,lasso,shap,column,adj_effspread_ewstock_ma_3125,adj_effspread_ewstock_ma_3125,1,True,0,0,0,205,0,0,0,0,0,0,0,0,0,0,0,0,0
all_features,lasso,shap,column,adj_spread_ewstock_ma_1,adj_spread_ewstock_ma_1,1,True,0.000180594,4.48866e-05,0.000343148,144,0,0.000209414,1.17289e-05,0,0,0,3.40252e-05,0.00099286,4.87987e-06,9.30493e-05,1.30466e-05,2.80182e-05,0.000309901
all_features,lasso,shap,column,adj_spread_ewstock_ma_5,adj_spread_ewstock_ma_5,1,True,0.000769044,0.000328248,0.00128776,102,0,0.000919023,0.000330382,0,0,0,0.0016291,0.00130856,0.00158124,0,7.70724e-05,0.00116335,0.000823745
all_features,lasso,shap,column,adj_spread_ewstock_ma_25,adj_spread_ewstock_ma_25,1,True,0.000506628,0.000161094,0.000929138,112,0,0.000566588,-1.44633e-05,0,0,0,0.000265144,0.00230926,0.00040254,0,0,0.000199533,0.000825448
all_features,lasso,shap,column,adj_spread_ewstock_ma_125,adj_spread_ewstock_ma_125,1,True,0,0,0,205,0,0,0,0,0,0,0,0,0,0,0,0,0
all_features,lasso,shap,column,adj_spread_ewstock_ma_625,adj_spread_ewstock_ma_625,1,True,0.00172477,0.000738033,0.00285631,64,0,0.00203811,8.8425e-05,0,0,0,0.00126314,0.00582919,0.00304243,0,0.000124065,0.00199826,0.00215014
all_features,lasso,shap,column,adj_spread_ewstock_ma_3125,adj_spread_ewstock_ma_3125,1,True,0,0,0,205,0,0,0,0,0,0,0,0,0,0,0,0,0
all_features,lasso,shap,column,adj_sumret2_vwstock_ma_1,adj_sumret2_vwstock_ma_1,1,True,0,0,0,205,0,0,0,0,0,0,0,0,0,0,0,0,0
all_features,lasso,shap,column,adj_sumret2_vwstock_ma_5,adj_sumret2_vwstock_ma_5,1,True,0.00324041,0.00154488,0.0052386,42,0,0.00386297,0.000946332,0,0,0,0.00333558,0.00994355,0.00576155,0,0.000416251,0.00360632,0.00404546
all_features,lasso,shap,column,adj_sumret2_vwstock_ma_25,adj_sumret2_vwstock_ma_25,1,True,0.000775687,0.000105269,0.00161064,101,0,0.000904193,-4.02673e-05,0,0,0,0.00366836,0.000889578,0,0,0,0.000866132,0.00100151
all_features,lasso,shap,column,adj_sumret2_vwstock_ma_125,adj_sumret2_vwstock_ma_125,1,True,3.47751e-05,0,9.76938e-05,166,0,3.40423e-05,8.86659e-06,0,0,0,0.000204338,0,0,0,0,6.07427e-05,3.46458e-05
all_features,lasso,shap,column,adj_sumret2_vwstock_ma_625,adj_sumret2_vwstock_ma_625,1,True,1.04687e-05,0,3.1257e-05,186,0,1.22035e-05,-1.16749e-05,0,0,0,0,6.02348e-05,1.27918e-06,0,0,6.38075e-07,1.86872e-05
all_features,lasso,shap,column,adj_sumret2_vwstock_ma_3125,adj_sumret2_vwstock_ma_3125,1,True,0,0,0,205,0,0,0,0,0,0,0,0,0,0,0,0,0
all_features,lasso,shap,column,adj_sumret3_vwstock_ma_1,adj_sumret3_vwstock_ma_1,1,True,0.00134185,0.000463505,0.00241286,73,0,0.0014634,2.69671e-05,0,0,0,0.000422663,0.00495615,0.00250591,0,0.000322728,0.00113867,0.00178921
all_features,lasso,shap,column,adj_sumret3_vwstock_ma_5,adj_sumret3_vwstock_ma_5,1,True,0.0032205,0.00161287,0.00507668,43,0,0.00378042,0.000185225,0,0,0,0.00496925,0.00935046,0.00460394,0,0.000409684,0.00324028,0.00418288
all_features,lasso,shap,column,adj_sumret3_vwstock_ma_25,adj_sumret3_vwstock_ma_25,1,True,0.00123531,0.000504843,0.00207015,78,0,0.00141341,0.00010978,0,0,2.87133e-07,0.000533702,0.00431654,0.00240817,0,0.000168956,0.00129014,0.00157828
all_features,lasso,shap,column,adj_sumret3_vwstock_ma_125,adj_sumret3_vwstock_ma_125,1,True,2.33996e-05,0,6.45332e-05,181,0,2.53077e-05,-7.83378e-06,0,0,0,0,0.000137496,0,0,0,0,4.24371e-05
all_features,lasso,shap,column,adj_sumret3_vwstock_ma_625,adj_sumret3_vwstock_ma_625,1,True,0.000281047,7.00738e-07,0.000733257,132,0,0.000324223,-0.000165416,0,0,0,0,4.1148e-06,0.00164732,0,0.000136687,0.000872164,5.43654e-05
all_features,lasso,shap,column,adj_sumret3_vwstock_ma_3125,adj_sumret3_vwstock_ma_3125,1,True,0,0,0,205,0,0,0,0,0,0,0,0,0,0,0,0,0
all_features,lasso,shap,column,adj_sumret4_vwstock_ma_1,adj_sumret4_vwstock_ma_1,1,True,0.00453458,0.0034842,0.00556585,29,0,0.00314674,-0.00138224,0.00958709,0.00666057,0.00371576,0.00334064,0.0051938,0.00248273,0,0.00389628,0.00451053,0.00476648
all_features,lasso,shap,column,adj_sumret4_vwstock_ma_5,adj_sumret4_vwstock_ma_5,1,True,7.78115e-07,0,2.33594e-06,201,0,1.42544e-06,1.42544e-06,0,0,0,0,0,4.5722e-06,0,0,3.01597e-06,0
all_features,lasso,shap,column,adj_sumret4_vwstock_ma_25,adj_sumret4_vwstock_ma_25,1,True,0.00041347,0.000142702,0.000731978,116,0,0.000462852,-0.000126347,0,0,0,0.00143762,0.000959768,3.21631e-05,0,1.31037e-07,0.000333879,0.000593593
all_features,lasso,shap,column,adj_sumret4_vwstock_ma_125,adj_sumret4_vwstock_ma_125,1,True,3.79364e-07,0,1.13887e-06,204,0,5.68361e-07,-5.68361e-07,0,0,0,0,0,2.22914e-06,0,0,1.47041e-06,0
all_features,lasso,shap,column,adj_sumret4_vwstock_ma_625,adj_sumret4_vwstock_ma_625,1,True,0,0,0,205,0,0,0,0,0,0,0,0,0,0,0,0,0
all_features,lasso,shap,column,adj_sumret4_vwstock_ma_3125,adj_sumret4_vwstock_ma_3125,1,True,0,0,0,205,0,0,0,0,0,0,0,0,0,0,0,0,0
all_features,lasso,shap,column,adj_sumabsret_vwstock_ma_1,adj_sumabsret_vwstock_ma_1,1,True,0.0728184,0.0601621,0.0847862,4,0.591837,0.0388116,0.00280382,0.110476,0.0828294,0.102554,0.0465759,0.0308145,0.072183,0.101783,0.0970393,0.0673177,0.0670195
all_features,lasso,shap,column,adj_sumabsret_vwstock_ma_5,adj_sumabsret_vwstock_ma_5,1,True,0.0155019,0.00918223,0.0226837,10,0.00680272,0.00960335,0.00120838,0.055829,0.0342247,0.00673757,0.00689345,0.00968058,0.00315294,0,0.0233253,0.0155702,0.0127656
all_features,lasso,shap,column,adj_sumabsret_vwstock_ma_25,adj_sumabsret_vwstock_ma_25,1,True,0.000215717,3.81159e-05,0.000437619,141,0,0.000265007,-4.54051e-05,0,0,0,0,0.000732547,0.000535006,0,2.64095e-05,0.000333395,0.000226095
all_features,lasso,shap,column,adj_sumabsret_vwstock_ma_125,adj_sumabsret_vwstock_ma_125,1,True,0.000633568,0.000129957,0.0013352,110,0,0.000675544,-0.000216491,0,0,0,0.0028746,0.000839624,8.61471e-06,0,0,0.000565587,0.000884387
all_features,lasso,shap,column,adj_sumabsret_vwstock_ma_625,adj_sumabsret_vwstock_ma_625,1,True,0,0,0,205,0,0,0,0,0,0,0,0,0,0,0,0,0
all_features,lasso,shap,column,adj_sumabsret_vwstock_ma_3125,adj_sumabsret_vwstock_ma_3125,1,True,0,0,0,205,0,0,0,0,0,0,0,0,0,0,0,0,0
all_features,lasso,shap,column,adj_sumbipow_vwstock_ma_1,adj_sumbipow_vwstock_ma_1,1,True,0.00228846,0.00111673,0.00366091,54,0,0.00270212,0.000262507,0,0,0,0.00277646,0.00685742,0.00381313,0,0.000393491,0.00238501,0.00289834
all_features,lasso,shap,column,adj_sumbipow_vwstock_ma_5,adj_sumbipow_vwstock_ma_5,1,True,0,0,0,205,0,0,0,0,0,0,0,0,0,0,0,0,0
all_features,lasso,shap,column,adj_sumbipow_vwstock_ma_25,adj_sumbipow_vwstock_ma_25,1,True,5.20997e-06,0,1.57436e-05,192,0,6.40557e-06,-3.77931e-06,0,0,0,0,0,3.06138e-05,0,0,1.97126e-05,2.25178e-07
all_features,lasso,shap,column,adj_sumbipow_vwstock_ma_125,adj_sumbipow_vwstock_ma_125,1,True,0,0,0,205,0,0,0,0,0,0,0,0,0,0,0,0,0
all_features,lasso,shap,column,adj_sumbipow_vwstock_ma_625,adj_sumbipow_vwstock_ma_625,1,True,0.00010453,1.29396e-05,0.000204926,149,0,0.000122991,-5.41952e-05,0,0,0,0.000203959,0.000410258,0,0,0,3.48405e-05,0.000173271
all_features,lasso,shap,column,adj_sumbipow_vwstock_ma_3125,adj_sumbipow_vwstock_ma_3125,1,True,0,0,0,205,0,0,0,0,0,0,0,0,0,0,0,0,0
all_features,lasso,shap,column,adj_sumpret2_vwstock_ma_1,adj_sumpret2_vwstock_ma_1,1,True,0.00484988,0.00359478,0.00619651,25,0,0.00344631,-0.000678064,0.00267175,0.00594516,0.00936026,0.0039154,0.00524407,0.00240587,0,0.00196164,0.00423927,0.00613399
all_features,lasso,shap,column,adj_sumpret2_vwstock_ma_5,adj_sumpret2_vwstock_ma_5,1,True,0.00415091,0.00199689,0.00660913,31,0,0.00494029,-0.00107932,0,0,0,0.00727164,0.0127553,0.00436379,0,0.000215897,0.0035684,0.00578371
all_features,lasso,shap,column,adj_sumpret2_vwstock_ma_25,adj_sumpret2_vwstock_ma_25,1,True,0.000397378,8.53118e-05,0.000805896,119,0,0.000499806,2.68473e-05,0,0,0,1.47392e-05,0.00197914,0.000341116,0,7.99962e-06,0.00022728,0.000611568
all_features,lasso,shap,column,adj_sumpret2_vwstock_ma_125,adj_sumpret2_vwstock_ma_125,1,True,0.000242711,0,0.000595358,137,0,0.000206842,-1.34572e-05,0.00136548,0,0,0,0,0.000716118,0,3.60738e-05,0.000445723,0.000219151
all_features,lasso,shap,column,adj_sumpret2_vwstock_ma_625,adj_sumpret2_vwstock_ma_625,1,True,1.59129e-06,0,4.77285e-06,198,0,1.76216e-06,1.93823e-07,0,0,0,0,9.35039e-06,0,0,0,0,2.88592e-06
all_features,lasso,shap,column,adj_sumpret2_vwstock_ma_3125,adj_sumpret2_vwstock_ma_3125,1,True,0,0,0,205,0,0,0,0,0,0,0,0,0,0,0,0,0
all_features,lasso,shap,column,adj_turnover_vwstock_ma_1,adj_turnover_vwstock_ma_1,1,True,0,0,0,205,0,0,0,0,0,0,0,0,0,0,0,0,0
all_features,lasso,shap,column,adj_turnover_vwstock_ma_5,adj_turnover_vwstock_ma_5,1,True,0,0,0,205,0,0,0,0,0,0,0,0,0,0,0,0,0
all_features,lasso,shap,column,adj_turnover_vwstock_ma_25,adj_turnover_vwstock_ma_25,1,True,0,0,0,205,0,0,0,0,0,0,0,0,0,0,0,0,0
all_features,lasso,shap,column,adj_turnover_vwstock_ma_125,adj_turnover_vwstock_ma_125,1,True,0,0,0,205,0,0,0,0,0,0,0,0,0,0,0,0,0
all_features,lasso,shap,column,adj_turnover_vwstock_ma_625,adj_turnover_vwstock_ma_625,1,True,0.000313226,5.80038e-05,0.000639744,125,0,0.000376307,-9.17717e-05,0,0,0,0.000558063,0.00125857,2.3877e-05,0,0,0.000225067,0.000462751
all_features,lasso,shap,column,adj_turnover_vwstock_ma_3125,adj_turnover_vwstock_ma_3125,1,True,0.000401419,0,0.0012059,117,0,0.000130585,-0.000130585,0,0,0,0,0,0,0.00746437,0,0.0015559,0
all_features,lasso,shap,column,adj_buyturnover_vwstock_ma_1,adj_buyturnover_vwstock_ma_1,1,True,0.00296399,0.00136172,0.00466318,45,0,0.00347995,0.000184475,0,0,0,0.00383744,0.0106142,0.00296477,0,0.000151785,0.00236629,0.00421577
all_features,lasso,shap,column,adj_buyturnover_vwstock_ma_5,adj_buyturnover_vwstock_ma_5,1,True,0,0,0,205,0,0,0,0,0,0,0,0,0,0,0,0,0
all_features,lasso,shap,column,adj_buyturnover_vwstock_ma_25,adj_buyturnover_vwstock_ma_25,1,True,4.22224e-05,4.82523e-06,0.00010282,164,0,5.74733e-05,7.55482e-06,0,0,0,0.000136845,7.62794e-05,3.49739e-05,0,8.08433e-06,5.92511e-05,4.60555e-05
all_features,lasso,shap,column,adj_buyturnover_vwstock_ma_125,adj_buyturnover_vwstock_ma_125,1,True,0.000850368,0.000331411,0.00146138,98,0,0.000351796,-0.000126847,0.00306248,0.00248752,0.000817255,0,0,0,0,0.0019218,0.00113829,0.000345277
all_features,lasso,shap,column,adj_buyturnover_vwstock_ma_625,adj_buyturnover_vwstock_ma_625,1,True,0.00240443,0.000795627,0.0044997,52,0,0.0026103,0.000195611,0,0,0,0.00102232,0.00526819,0.00783792,0,0.000835683,0.00422274,0.00209593
all_features,lasso,shap,column,adj_buyturnover_vwstock_ma_3125,adj_buyturnover_vwstock_ma_3125,1,True,0,0,0,205,0,0,0,0,0,0,0,0,0,0,0,0,0
all_features,lasso,shap,column,adj_sellturnover_vwstock_ma_1,adj_sellturnover_vwstock_ma_1,1,True,0.034373,0.0208493,0.0523146,7,0.190476,0.0203336,0.00318459,0,0,0.0260127,0.0310475,0.0330257,0.0693156,0.134728,0.0575273,0.0351296,0.026015
all_features,lasso,shap,column,adj_sellturnover_vwstock_ma_5,adj_sellturnover_vwstock_ma_5,1,True,0.00462135,0.00204357,0.0075755,28,0,0.00550822,-0.000113573,0,0,0,0.00695367,0.0171257,0.00307571,0,0.000138894,0.00327698,0.00679987
all_features,lasso,shap,column,adj_sellturnover_vwstock_ma_25,adj_sellturnover_vwstock_ma_25,1,True,0,0,0,205,0,0,0,0,0,0,0,0,0,0,0,0,0
all_features,lasso,shap,column,adj_sellturnover_vwstock_ma_125,adj_sellturnover_vwstock_ma_125,1,True,0.00344911,0.0016699,0.00543401,39,0.00680272,0.00391034,-0.000128674,0,0,0,0.00696272,0.0090879,0.00421633,0,0.00020731,0.00399677,0.00431348
all_features,lasso,shap,column,adj_sellturnover_vwstock_ma_625,adj_sellturnover_vwstock_ma_625,1,True,0,0,0,205,0,0,0,0,0,0,0,0,0,0,0,0,0
all_features,lasso,shap,column,adj_sellturnover_vwstock_ma_3125,adj_sellturnover_vwstock_ma_3125,1,True,0,0,0,205,0,0,0,0,0,0,0,0,0,0,0,0,0
all_features,lasso,shap,column,adj_effspread_vwstock_ma_1,adj_effspread_vwstock_ma_1,1,True,9.88641e-05,1.99827e-05,0.000196584,153,0,0.000114523,-1.71507e-05,0,0,0,0.00043254,0.000148385,0,0,0,8.74605e-05,0.000138375
all_features,lasso,shap,column,adj_effspread_vwstock_ma_5,adj_effspread_vwstock_ma_5,1,True,0.00586635,0.00426021,0.00770934,22,0,0.00498213,0.00082773,0.00904857,0.00605109,0.00272858,0.00463415,0.00977261,0.00633692,0,0.00376436,0.00612732,0.00647085
all_features,lasso,shap,column,adj_effspread_vwstock_ma_25,adj_effspread_vwstock_ma_25,1,True,0,0,0,205,0,0,0,0,0,0,0,0,0,0,0,0,0
all_features,lasso,shap,column,adj_effspread_vwstock_ma_125,adj_effspread_vwstock_ma_125,1,True,0.00047436,0.000136393,0.000881769,114,0,0.000586893,-1.25682e-05,0,0,0,0.00164114,0.00114619,0,0,0,0.000337628,0.000702313
all_features,lasso,shap,column,adj_effspread_vwstock_ma_625,adj_effspread_vwstock_ma_625,1,True,0.00476924,0.00233733,0.00758231,26,0.00680272,0.00562978,-0.00126161,0,0,0,0.00605837,0.0147007,0.00726499,0,0.00043049,0.00547973,0.00593661
all_features,lasso,shap,column,adj_effspread_vwstock_ma_3125,adj_effspread_vwstock_ma_3125,1,True,0,0,0,205,0,0,0,0,0,0,0,0,0,0,0,0,0
all_features,lasso,shap,column,adj_spread_vwstock_ma_1,adj_spread_vwstock_ma_1,1,True,0.000459066,7.80794e-05,0.000965543,115,0,0.000162518,6.00273e-05,0.00427884,0.000431606,0,1.46062e-05,8.99989e-06,0,0,0.00111976,0.000364625,0.000274867
all_features,lasso,shap,column,adj_spread_vwstock_ma_5,adj_spread_vwstock_ma_5,1,True,0,0,0,205,0,0,0,0,0,0,0,0,0,0,0,0,0
all_features,lasso,shap,column,adj_spread_vwstock_ma_25,adj_spread_vwstock_ma_25,1,True,0,0,0,205,0,0,0,0,0,0,0,0,0,0,0,0,0
all_features,lasso,shap,column,adj_spread_vwstock_ma_125,adj_spread_vwstock_ma_125,1,True,0.000198434,5.99432e-05,0.000365683,143,0,0.000225333,-9.86482e-05,0,0,0,0.000135271,0.000907473,0.000123254,0,0,7.91477e-05,0.000322843
all_features,lasso,shap,column,adj_spread_vwstock_ma_625,adj_spread_vwstock_ma_625,1,True,0.000298136,7.42695e-05,0.000578441,128,0,0.000342686,-0.000160305,0,0,0,0.00124267,0.000459684,4.94976e-05,0,0,0.000157407,0.000467042
all_features,lasso,shap,column,adj_spread_vwstock_ma_3125,adj_spread_vwstock_ma_3125,1,True,3.3535e-06,0,1.0159e-05,195,0,3.26495e-06,-3.26495e-06,0,0,0,0,0,1.97052e-05,0,0,1.29981e-05,0
all_features,lasso,shap,column,adj_stocktwits_attention_ma_1,adj_stocktwits_attention_ma_1,1,True,0.00081181,0.000207298,0.00153614,99,0,0.000920799,0.000144445,0,0,0,0,0.00425487,0.000515321,0,1.73121e-07,0.000218366,0.00137005
all_features,lasso,shap,column,adj_stocktwits_attention_ma_5,adj_stocktwits_attention_ma_5,1,True,0.00107252,0.000375941,0.00183347,85,0,0.000951478,0.000230769,0,0,0.000589958,0.00460648,0.00110567,0,0,0,0.00110963,0.0014259
all_features,lasso,shap,column,adj_stocktwits_attention_ma_25,adj_stocktwits_attention_ma_25,1,True,0.000293547,3.3842e-05,0.000654942,130,0,0.000347509,0.000130954,0,0,0,0.000118827,0.00160605,0,0,0,1.54585e-05,0.000525138
all_features,lasso,shap,column,adj_stocktwits_attention_ma_125,adj_stocktwits_attention_ma_125,1,True,0.000239026,7.10995e-05,0.000448902,138,0,0.000249487,-3.89643e-05,0,0,0,3.74959e-05,0.000556517,0.000810507,0,7.61449e-05,0.000403645,0.000218306
all_features,lasso,shap,column,adj_stocktwits_attention_ma_625,adj_stocktwits_attention_ma_625,1,True,0.000248271,5.56267e-05,0.000494604,135,0,0.000266656,-6.21556e-05,0,0,0,0,0.000546696,0.000912142,0,0.000107805,0.000408316,0.000221941
all_features,lasso,shap,column,adj_stocktwits_attention_ma_3125,adj_stocktwits_attention_ma_3125,1,True,5.35512e-05,1.45404e-05,0.000104343,160,0,6.16975e-05,5.97494e-05,0,0,0,0.000131262,0.000171499,1.19058e-05,0,0,1.15972e-05,9.16931e-05
all_features,lasso,shap,column,adj_stocktwits_sentiment_ma_1,adj_stocktwits_sentiment_ma_1,1,True,0,0,0,205,0,0,0,0,0,0,0,0,0,0,0,0,0
all_features,lasso,shap,column,adj_stocktwits_sentiment_ma_5,adj_stocktwits_sentiment_ma_5,1,True,0.000869528,0.000257468,0.00165443,97,0,0.000982619,-0.000826823,0,0,0,6.29881e-08,0.00365241,0.00145687,0,0.000293206,0.000695964,0.00114996
all_features,lasso,shap,column,adj_stocktwits_sentiment_ma_25,adj_stocktwits_sentiment_ma_25,1,True,0.000168754,9.1073e-06,0.000407848,147,0,0.000186229,-0.000160814,0,0,0,0,0.000297219,0.000694382,0,1.15914e-06,0.000328774,0.000151815
all_features,lasso,shap,column,adj_stocktwits_sentiment_ma_125,adj_stocktwits_sentiment_ma_125,1,True,0.000355726,7.00115e-05,0.00071159,122,0,0.000406277,-0.000206608,0,0,0,0.00156403,0.000526211,0,0,0,0.000367642,0.000473117
all_features,lasso,shap,column,adj_stocktwits_sentiment_ma_625,adj_stocktwits_sentiment_ma_625,1,True,0.00381741,0.00147584,0.00672944,36,0.00680272,0.00412797,-0.000527763,0,0,0,0.0128669,0.00774103,0.00182321,0,0.00018412,0.00338036,0.00527786
all_features,lasso,shap,column,adj_stocktwits_sentiment_ma_3125,adj_stocktwits_sentiment_ma_3125,1,True,5.75731e-05,0,0.000177855,159,0,5.75593e-05,5.75593e-05,0,0,0,0,0,0.0003383,0,3.50404e-05,0.000197266,0
all_features,lasso,shap,column,adj_stocktwits_sentcount_ma_1,adj_stocktwits_sentcount_ma_1,1,True,0.00139955,0.000442637,0.00264069,72,0,0.00152123,0.000342281,0,0,0,0.0010682,0.0031407,0.00401486,0,0.000287108,0.0019911,0.00150731
all_features,lasso,shap,column,adj_stocktwits_sentcount_ma_5,adj_stocktwits_sentcount_ma_5,1,True,0.000108601,3.8719e-06,0.000274279,148,0,8.55236e-05,-2.94756e-05,0,0,0.000166948,2.27668e-05,0,0.000448424,0,0,0.000217814,9.50409e-05
all_features,lasso,shap,column,adj_stocktwits_sentcount_ma_25,adj_stocktwits_sentcount_ma_25,1,True,0.000643445,0.00040187,0.000914345,107,0,0.000417489,0.000106404,0.000168059,0.00127598,0.000984159,0.000182406,0.000518018,0.000681885,0,0.000524405,0.000839967,0.000592641
all_features,lasso,shap,column,adj_stocktwits_sentcount_ma_125,adj_stocktwits_sentcount_ma_125,1,True,4.06196e-07,0,1.08454e-06,203,0,6.83186e-07,-3.58976e-07,0,0,0,0,2.38681e-06,0,0,0,0,7.3667e-07
all_features,lasso,shap,column,adj_stocktwits_sentcount_ma_625,adj_stocktwits_sentcount_ma_625,1,True,0.000102533,5.56091e-06,0.000273226,151,0,0.00012883,-0.000110149,0,0,0,0,0.000602484,0,0,0,0,0.000185952
all_features,lasso,shap,column,adj_stocktwits_sentcount_ma_3125,adj_stocktwits_sentcount_ma_3125,1,True,5.15724e-05,5.25486e-06,0.000108531,161,0,6.31471e-05,6.31471e-05,0,0,0,0.000145856,0.000157183,0,0,0,3.62003e-05,7.65925e-05
all_features,lasso,shap,column,adj_vix_ma_1,adj_vix_ma_1,1,True,0.0201237,0.009191,0.032477,9,0.217687,0.0245065,0.0189782,0,0,0,0.0253073,0.0771585,0.015781,0,0.00374985,0.00985102,0.0305904
all_features,lasso,shap,column,adj_vix_ma_5,adj_vix_ma_5,1,True,0,0,0,205,0,0,0,0,0,0,0,0,0,0,0,0,0
all_features,lasso,shap,column,adj_vix_ma_25,adj_vix_ma_25,1,True,0,0,0,205,0,0,0,0,0,0,0,0,0,0,0,0,0
all_features,lasso,shap,column,adj_vix_ma_125,adj_vix_ma_125,1,True,0.00385269,0.00177757,0.00629712,35,0,0.00456969,-0.00428886,0,0,0,0.00561582,0.0143605,0.00266207,0,0.000434852,0.00154954,0.00611181
all_features,lasso,shap,column,adj_vix_ma_625,adj_vix_ma_625,1,True,1.67891e-06,0,5.04017e-06,197,0,5.58516e-07,5.58516e-07,0,0,0,0,0,9.86529e-06,0,8.80829e-06,0,0
all_features,lasso,shap,column,adj_vix_ma_3125,adj_vix_ma_3125,1,True,0.000888587,0.000293202,0.00170081,94,0,0.000289045,-7.96637e-05,0,0,1.02461e-05,0.00306013,0,0.00150774,0.00203549,0.00108431,0.000979577,0.000778355
all_features,lasso,shap,column,adj_vvix_ma_1,adj_vvix_ma_1,1,True,0.00543211,0.00220094,0.00945131,24,0.0408163,0.00588254,-0.00306775,0.000206404,1.14679e-05,0.000698385,0.00194858,0.0201116,0.00904124,0,0.000931529,0.0036105,0.0078402
all_features,lasso,shap,column,adj_vvix_ma_5,adj_vvix_ma_5,1,True,0,0,0,205,0,0,0,0,0,0,0,0,0,0,0,0,0
all_features,lasso,shap,column,adj_vvix_ma_25,adj_vvix_ma_25,1,True,0,0,0,205,0,0,0,0,0,0,0,0,0,0,0,0,0
all_features,lasso,shap,column,adj_vvix_ma_125,adj_vvix_ma_125,1,True,0.00117,0.000204474,0.0024199,80,0,0.0013944,0.00133819,0,0,0,0.00523204,0.0016429,0,0,0,0.000733367,0.00177875
all_features,lasso,shap,column,adj_vvix_ma_625,adj_vvix_ma_625,1,True,0.000940481,0.000246486,0.00190317,88,0,0.000997626,0.00074124,0,0,0,0,0.00409252,0.00143375,0,0.000177378,0.000501814,0.00140952
all_features,lasso,shap,column,adj_vvix_ma_3125,adj_vvix_ma_3125,1,True,0.00332742,0.000554843,0.00673774,41,0,0.00372019,0.00369874,0,0,0,0.0156169,0.00393503,0,0,0,0.00290211,0.00467664
all_features,lasso,shap,column,adj_vix3m_ma_1,adj_vix3m_ma_1,1,True,0,0,0,205,0,0,0,0,0,0,0,0,0,0,0,0,0
all_features,lasso,shap,column,adj_vix3m_ma_5,adj_vix3m_ma_5,1,True,0,0,0,205,0,0,0,0,0,0,0,0,0,0,0,0,0
all_features,lasso,shap,column,adj_vix3m_ma_25,adj_vix3m_ma_25,1,True,0,0,0,205,0,0,0,0,0,0,0,0,0,0,0,0,0
all_features,lasso,shap,column,adj_vix3m_ma_125,adj_vix3m_ma_125,1,True,0.00597583,0.00255536,0.00968017,19,0.00680272,0.00715236,-0.00539028,0,0,0,0.00824333,0.0217692,0.00510139,0,0.00112095,0.00330049,0.00890585
all_features,lasso,shap,column,adj_vix3m_ma_625,adj_vix3m_ma_625,1,True,0.0117954,0.00537593,0.0191913,14,0.163265,0.0135978,-0.0108759,0,0,0,0.0288706,0.0324419,0.00799748,0,0.00136597,0.00784181,0.0172506
all_features,lasso,shap,column,adj_vix3m_ma_3125,adj_vix3m_ma_3125,1,True,0,0,0,205,0,0,0,0,0,0,0,0,0,0,0,0,0
all_features,lasso,shap,column,adj_voldemand_spx_open_and_close_ma_1,adj_voldemand_spx_open_and_close_ma_1,1,True,0,0,0,205,0,0,0,0,0,0,0,0,0,0,0,0,0
all_features,lasso,shap,column,adj_voldemand_spx_open_and_close_ma_5,adj_voldemand_spx_open_and_close_ma_5,1,True,0.0004786,0.000177256,0.000819568,113,0,0.000573617,0.000410671,0,0,0,0.000901201,0.00156848,0.000342566,0,4.8138e-05,0.000388149,0.000669723
all_features,lasso,shap,column,adj_voldemand_spx_open_and_close_ma_25,adj_voldemand_spx_open_and_close_ma_25,1,True,0.000269362,4.96896e-05,0.000571236,133,0,0.000280124,-0.000231677,0,0,0,2.8151e-05,0.000463267,0.00109136,0,8.22876e-05,0.000500756,0.000225761
all_features,lasso,shap,column,adj_voldemand_spx_open_and_close_ma_125,adj_voldemand_spx_open_and_close_ma_125,1,True,1.05846e-05,0,3.29487e-05,185,0,1.34458e-05,-1.34458e-05,0,0,0,0,1.41392e-07,6.20536e-05,0,5.37506e-06,3.69614e-05,4.36394e-08
all_features,lasso,shap,column,adj_voldemand_spx_open_and_close_ma_625,adj_voldemand_spx_open_and_close_ma_625,1,True,7.30665e-06,0,2.45816e-05,189,0,1.01222e-05,1.01222e-05,0,0,0,0,0,4.29339e-05,0,0,2.7875e-05,2.08434e-07
all_features,lasso,shap,column,adj_voldemand_spx_open_and_close_ma_3125,adj_voldemand_spx_open_and_close_ma_3125,1,True,1.00577e-05,0,2.86795e-05,187,0,1.0173e-05,-1.0173e-05,0,0,0,5.72899e-05,1.80915e-06,0,0,0,9.85589e-06,1.36289e-05
all_features,lasso,shap,column,adj_voldemand_spx_open_only_ma_1,adj_voldemand_spx_open_only_ma_1,1,True,0.000220206,2.93848e-05,0.000477312,140,0,0.000229675,-0.000220002,0,0,0,0,0.000391934,0.000901997,0,6.16933e-05,0.000398863,0.000191407
all_features,lasso,shap,column,adj_voldemand_spx_open_only_ma_5,adj_voldemand_spx_open_only_ma_5,1,True,2.34848e-05,0,6.43384e-05,180,0,3.09547e-05,-2.04812e-05,0,0,0,9.1678e-05,4.63188e-05,0,0,0,3.3065e-05,2.71205e-05
all_features,lasso,shap,column,adj_voldemand_spx_open_only_ma_25,adj_voldemand_spx_open_only_ma_25,1,True,2.83691e-05,0,8.83192e-05,173,0,2.81811e-05,-2.79998e-05,0,0,0,0.000166697,0,0,0,0,5.6316e-05,2.50994e-05
all_features,lasso,shap,column,adj_voldemand_spx_open_only_ma_125,adj_voldemand_spx_open_only_ma_125,1,True,0.00250712,0.00108264,0.00425972,49,0,0.00274337,0.000247307,0,0,0,0.00631727,0.00324748,0.00516708,0,0.000424784,0.00415846,0.00245427
all_features,lasso,shap,column,adj_voldemand_spx_open_only_ma_625,adj_voldemand_spx_open_only_ma_625,1,True,0.0015352,0.00042378,0.00296142,66,0,0.0016137,0.00138805,0,0,0,0.000511829,0.00550568,0.00300332,0,0.000206571,0.00129174,0.0021084
all_features,lasso,shap,column,adj_voldemand_spx_open_only_ma_3125,adj_voldemand_spx_open_only_ma_3125,1,True,0,0,0,205,0,0,0,0,0,0,0,0,0,0,0,0,0
all_features,lasso,shap,column,adj_voldemand_all_open_and_close_ma_1,adj_voldemand_all_open_and_close_ma_1,1,True,0.00112634,0.000496636,0.00186756,82,0,0.00128212,-0.000817957,0,0,0,0.0028849,0.00289828,0.00083522,0,4.39302e-05,0.000979512,0.00156921
all_features,lasso,shap,column,adj_voldemand_all_open_and_close_ma_5,adj_voldemand_all_open_and_close_ma_5,1,True,6.47051e-06,0,1.98821e-05,190,0,6.91275e-06,4.50425e-06,0,0,0,0,3.80207e-05,0,0,0,0,1.17348e-05
all_features,lasso,shap,column,adj_voldemand_all_open_and_close_ma_25,adj_voldemand_all_open_and_close_ma_25,1,True,0.00187128,0.000876325,0.00302442,61,0,0.00216532,-0.00193298,0,0,0,0.00334558,0.00603524,0.00161483,0,0.000119219,0.00125068,0.00276731
all_features,lasso,shap,column,adj_voldemand_all_open_and_close_ma_125,adj_voldemand_all_open_and_close_ma_125,1,True,0.00151656,0.000496879,0.00266521,67,0,0.00175924,-0.00173649,0,0,0,0.00452146,0.00438982,0,0,0,0.000640203,0.00245084
all_features,lasso,shap,column,adj_voldemand_all_open_and_close_ma_625,adj_voldemand_all_open_and_close_ma_625,1,True,0,0,0,205,0,0,0,0,0,0,0,0,0,0,0,0,0
all_features,lasso,shap,column,adj_voldemand_all_open_and_close_ma_3125,adj_voldemand_all_open_and_close_ma_3125,1,True,4.03468e-05,3.7081e-09,0.000104227,165,0,4.22368e-05,-4.22368e-05,0,0,0,0.000226191,1.08944e-08,1.08761e-05,0,9.71079e-06,2.00164e-05,6.04497e-05
all_features,lasso,shap,column,adj_voldemand_all_open_only_ma_1,adj_voldemand_all_open_only_ma_1,1,True,0.00127465,0.00062345,0.00201047,75,0,0.00141951,-0.000349602,0,0,0,0.00259154,0.00360773,0.00129059,0,4.37725e-05,0.00109357,0.00178487
all_features,lasso,shap,column,adj_voldemand_all_open_only_ma_5,adj_voldemand_all_open_only_ma_5,1,True,0.0011244,0.000526628,0.00179802,83,0,0.00121844,8.61868e-05,0,0,0,0.00259227,0.00258979,0.00142494,0,5.87865e-05,0.00123838,0.00143944
all_features,lasso,shap,column,adj_voldemand_all_open_only_ma_25,adj_voldemand_all_open_only_ma_25,1,True,2.6488e-05,0,7.67284e-05,175,0,3.03502e-05,3.03502e-05,0,0,0,0,0,0.000155643,0,1.61798e-05,9.07138e-05,0
all_features,lasso,shap,column,adj_voldemand_all_open_only_ma_125,adj_voldemand_all_open_only_ma_125,1,True,0,0,0,205,0,0,0,0,0,0,0,0,0,0,0,0,0
all_features,lasso,shap,column,adj_voldemand_all_open_only_ma_625,adj_voldemand_all_open_only_ma_625,1,True,0,0,0,205,0,0,0,0,0,0,0,0,0,0,0,0,0
all_features,lasso,shap,column,adj_voldemand_all_open_only_ma_3125,adj_voldemand_all_open_only_ma_3125,1,True,0.00155677,0.000623998,0.00270581,65,0,0.00168417,0.000745925,0,0,0,0.00231545,0.00261184,0.00422031,0,0.000256948,0.00238585,0.00161817
all_features,lasso,shap,column,adj_ofi_ewstock_ma_1,adj_ofi_ewstock_ma_1,1,True,0.00125576,0.000614478,0.00196675,76,0,0.00140786,0.000496797,0,0,0,0.00196306,0.00376492,0.00165086,0,5.7304e-05,0.00119559,0.00169819
all_features,lasso,shap,column,adj_ofi_ewstock_ma_5,adj_ofi_ewstock_ma_5,1,True,0.00590424,0.00418092,0.00764336,21,0,0.00389857,0.00110573,0,0,0.00774308,0.00879305,0.00782277,0.00698386,0.0106029,0.00421575,0.00515784,0.00683714
all_features,lasso,shap,column,adj_ofi_ewstock_ma_25,adj_ofi_ewstock_ma_25,1,True,0.00204537,0.000873614,0.00345564,59,0,0.00229773,0.00128036,0,0,0,0.00185958,0.00647211,0.00368693,0,0.000122069,0.00197461,0.00274333
all_features,lasso,shap,column,adj_ofi_ewstock_ma_125,adj_ofi_ewstock_ma_125,1,True,0.00596607,0.00332287,0.00879,20,0.00680272,0.00508935,0.0029966,0,0,0.000146657,0.00486571,0.0144548,0.0131232,0.00780466,0.00642751,0.00506909,0.00622625
all_features,lasso,shap,column,adj_ofi_ewstock_ma_625,adj_ofi_ewstock_ma_625,1,True,0.00434607,0.00192459,0.00724241,30,0.00680272,0.00500179,0.00397089,0,0,0,0.00370993,0.014111,0.00725818,0.00145065,0.000568886,0.00376089,0.00592557
all_features,lasso,shap,column,adj_ofi_ewstock_ma_3125,adj_ofi_ewstock_ma_3125,1,True,0,0,0,205,0,0,0,0,0,0,0,0,0,0,0,0,0
all_features,lasso,shap,column,adj_ofi_vwstock_ma_1,adj_ofi_vwstock_ma_1,1,True,0.000373339,1.70453e-05,0.00104667,121,0,0.000158267,-9.07929e-05,0,0,0,0,0.000176991,5.09601e-05,0.00622085,6.67265e-05,0.0012724,5.86553e-05
all_features,lasso,shap,column,adj_ofi_vwstock_ma_5,adj_ofi_vwstock_ma_5,1,True,0.000727778,0.000248182,0.00126693,104,0,0.000864876,-0.000289422,0,0,0,0.00148174,0.00276692,2.77673e-05,0,0,0.000285604,0.00118625
all_features,lasso,shap,column,adj_ofi_vwstock_ma_25,adj_ofi_vwstock_ma_25,1,True,0.00387582,0.00182694,0.00627535,34,0.00680272,0.00430956,-0.00211578,0,0,0,0.00431392,0.0107224,0.00773794,0,0.000387759,0.00444573,0.0048149
all_features,lasso,shap,column,adj_ofi_vwstock_ma_125,adj_ofi_vwstock_ma_125,1,True,0.00220934,0.000679625,0.00400572,55,0,0.00267025,-0.00176987,0,0,0,0.00202929,0.0103483,0.000604494,0,0,0.000636165,0.00370916
all_features,lasso,shap,column,adj_ofi_vwstock_ma_625,adj_ofi_vwstock_ma_625,1,True,0.0111731,0.00475183,0.0184829,15,0.14966,0.013043,-0.0102262,0,0,0,0.00910915,0.0395609,0.016983,0,0.000107827,0.0110307,0.0150647
all_features,lasso,shap,column,adj_ofi_vwstock_ma_3125,adj_ofi_vwstock_ma_3125,1,True,0,0,0,205,0,0,0,0,0,0,0,0,0,0,0,0,0
all_features,lasso,shap,column,adj_fomc_release_ma_1,adj_fomc_release_ma_1,1,False,0,0,0,0,0,0,0,0,0,0,0,0,0,0,0,0,0
all_features,lasso,shap,column,adj_fomc_release_ma_5,adj_fomc_release_ma_5,1,False,0,0,0,0,0,0,0,0,0,0,0,0,0,0,0,0,0
all_features,lasso,shap,column,adj_fomc_release_ma_25,adj_fomc_release_ma_25,1,False,0,0,0,0,0,0,0,0,0,0,0,0,0,0,0,0,0
all_features,lasso,shap,column,adj_fomc_release_ma_125,adj_fomc_release_ma_125,1,False,0,0,0,0,0,0,0,0,0,0,0,0,0,0,0,0,0
all_features,lasso,shap,column,adj_fomc_release_ma_625,adj_fomc_release_ma_625,1,False,0,0,0,0,0,0,0,0,0,0,0,0,0,0,0,0,0
all_features,lasso,shap,column,adj_fomc_release_ma_3125,adj_fomc_release_ma_3125,1,False,0,0,0,0,0,0,0,0,0,0,0,0,0,0,0,0,0
all_features,lasso,shap,column,adj_fomc_day_ma_1,adj_fomc_day_ma_1,1,True,0.000637646,0.000358199,0.000961334,109,0,0.000646494,-9.92722e-07,0.000196659,0.000197408,0.000174031,0.0014613,0.00139963,0.000403696,1.85738e-06,0.000348573,0.000482286,0.000810265
all_features,lasso,shap,column,adj_fomc_day_ma_5,adj_fomc_day_ma_5,1,True,0,0,0,205,0,0,0,0,0,0,0,0,0,0,0,0,0
all_features,lasso,shap,column,adj_fomc_day_ma_25,adj_fomc_day_ma_25,1,True,0,0,0,205,0,0,0,0,0,0,0,0,0,0,0,0,0
all_features,lasso,shap,column,adj_fomc_day_ma_125,adj_fomc_day_ma_125,1,True,0.000910612,0.000334833,0.00161564,91,0,0.0010239,3.36467e-05,0,0,0,0.000183537,0.00274978,0.00241743,0,0.000238635,0.00124776,0.00098515
all_features,lasso,shap,column,adj_fomc_day_ma_625,adj_fomc_day_ma_625,1,True,2.37355e-05,0,6.22928e-05,179,0,2.69195e-05,-1.49065e-05,0,0,0,0,9.12108e-05,4.82588e-05,0,0,9.05578e-06,3.8809e-05
all_features,lasso,shap,column,adj_fomc_day_ma_3125,adj_fomc_day_ma_3125,1,True,0,0,0,205,0,0,0,0,0,0,0,0,0,0,0,0,0
all_features,lasso,shap,column,adj_fomc_until_inv_ma_1,adj_fomc_until_inv_ma_1,1,True,0.000289616,1.4208e-05,0.00068167,131,0,0.000122471,3.43322e-05,0,0.00104646,0.000613469,0,0,0,0,0.000495546,0.00047321,0.000132527
all_features,lasso,shap,column,adj_fomc_until_inv_ma_5,adj_fomc_until_inv_ma_5,1,True,1.2583e-05,0,3.43381e-05,184,0,4.60945e-06,1.3347e-07,0,7.10939e-05,0,0,0,0,0,6.6817e-06,2.28922e-05,9.79924e-06
all_features,lasso,shap,column,adj_fomc_until_inv_ma_25,adj_fomc_until_inv_ma_25,1,True,3.43178e-05,0,9.21516e-05,167,0,1.3694e-05,-7.84804e-06,0,0.000193896,0,0,0,0,0,9.97393e-05,5.93294e-05,0
all_features,lasso,shap,column,adj_fomc_until_inv_ma_125,adj_fomc_until_inv_ma_125,1,True,0,0,0,205,0,0,0,0,0,0,0,0,0,0,0,0,0
all_features,lasso,shap,column,adj_fomc_until_inv_ma_625,adj_fomc_until_inv_ma_625,1,True,0.000312949,9.55752e-05,0.000588101,126,0,0.000318668,5.09067e-05,0,0,0,0.000144427,0.000717351,0.000977108,0,0.000111323,0.000438695,0.00032381
all_features,lasso,shap,column,adj_fomc_until_inv_ma_3125,adj_fomc_until_inv_ma_3125,1,True,0,0,0,205,0,0,0,0,0,0,0,0,0,0,0,0,0
all_features,lasso,shap,column,adj_fomc_since_inv_ma_1,adj_fomc_since_inv_ma_1,1,True,0.000175743,4.43287e-06,0.000477455,146,0,7.72819e-05,-1.51551e-05,0,2.63111e-05,0.0010053,0,0,0,0,1.82e-05,0,0.000312432
all_features,lasso,shap,column,adj_fomc_since_inv_ma_5,adj_fomc_since_inv_ma_5,1,True,0.000904933,0.000150475,0.00191859,92,0,0.000291429,-3.36805e-05,0.00758398,0.00132088,0,0,0,0,0,0.00270496,0.000777302,0.000342418
all_features,lasso,shap,column,adj_fomc_since_inv_ma_25,adj_fomc_since_inv_ma_25,1,True,0.000564259,0.000211084,0.000983308,111,0,0.000489561,5.03519e-05,0,0,0,0,0.00182769,0.00148789,0,0.000670911,0.000367936,0.000619251
all_features,lasso,shap,column,adj_fomc_since_inv_ma_125,adj_fomc_since_inv_ma_125,1,True,0.00246859,0.00115343,0.00395345,51,0,0.00284137,6.39013e-05,0,0,0,0.00539519,0.0068082,0.00230204,0,2.92395e-05,0.00211794,0.00347589
all_features,lasso,shap,column,adj_fomc_since_inv_ma_625,adj_fomc_since_inv_ma_625,1,True,0.000374483,0.000148494,0.000625576,120,0,0.000423383,1.67838e-05,0,0,0,0.000545705,0.00112201,0.00053275,0,2.97954e-05,0.000421869,0.000471462
all_features,lasso,shap,column,adj_fomc_since_inv_ma_3125,adj_fomc_since_inv_ma_3125,1,True,0,0,0,205,0,0,0,0,0,0,0,0,0,0,0,0,0
all_features,lasso,shap,column,sumret_avail_ma_1,sumret_avail_ma_1,1,False,0,0,0,0,0,0,0,0,0,0,0,0,0,0,0,0,0
all_features,lasso,shap,column,sumret_avail_ma_5,sumret_avail_ma_5,1,False,0,0,0,0,0,0,0,0,0,0,0,0,0,0,0,0,0
all_features,lasso,shap,column,sumret_avail_ma_25,sumret_avail_ma_25,1,False,0,0,0,0,0,0,0,0,0,0,0,0,0,0,0,0,0
all_features,lasso,shap,column,sumret_avail_ma_125,sumret_avail_ma_125,1,False,0,0,0,0,0,0,0,0,0,0,0,0,0,0,0,0,0
all_features,lasso,shap,column,sumret_avail_ma_625,sumret_avail_ma_625,1,False,0,0,0,0,0,0,0,0,0,0,0,0,0,0,0,0,0
all_features,lasso,shap,column,sumret_avail_ma_3125,sumret_avail_ma_3125,1,False,0,0,0,0,0,0,0,0,0,0,0,0,0,0,0,0,0
all_features,lasso,shap,column,sumabsret_avail_ma_1,sumabsret_avail_ma_1,1,False,0,0,0,0,0,0,0,0,0,0,0,0,0,0,0,0,0
all_features,lasso,shap,column,sumabsret_avail_ma_5,sumabsret_avail_ma_5,1,False,0,0,0,0,0,0,0,0,0,0,0,0,0,0,0,0,0
all_features,lasso,shap,column,sumabsret_avail_ma_25,sumabsret_avail_ma_25,1,False,0,0,0,0,0,0,0,0,0,0,0,0,0,0,0,0,0
all_features,lasso,shap,column,sumabsret_avail_ma_125,sumabsret_avail_ma_125,1,False,0,0,0,0,0,0,0,0,0,0,0,0,0,0,0,0,0
all_features,lasso,shap,column,sumabsret_avail_ma_625,sumabsret_avail_ma_625,1,False,0,0,0,0,0,0,0,0,0,0,0,0,0,0,0,0,0
all_features,lasso,shap,column,sumabsret_avail_ma_3125,sumabsret_avail_ma_3125,1,False,0,0,0,0,0,0,0,0,0,0,0,0,0,0,0,0,0
all_features,lasso,shap,column,sumret3_avail_ma_1,sumret3_avail_ma_1,1,False,0,0,0,0,0,0,0,0,0,0,0,0,0,0,0,0,0
all_features,lasso,shap,column,sumret3_avail_ma_5,sumret3_avail_ma_5,1,False,0,0,0,0,0,0,0,0,0,0,0,0,0,0,0,0,0
all_features,lasso,shap,column,sumret3_avail_ma_25,sumret3_avail_ma_25,1,False,0,0,0,0,0,0,0,0,0,0,0,0,0,0,0,0,0
all_features,lasso,shap,column,sumret3_avail_ma_125,sumret3_avail_ma_125,1,False,0,0,0,0,0,0,0,0,0,0,0,0,0,0,0,0,0
all_features,lasso,shap,column,sumret3_avail_ma_625,sumret3_avail_ma_625,1,False,0,0,0,0,0,0,0,0,0,0,0,0,0,0,0,0,0
all_features,lasso,shap,column,sumret3_avail_ma_3125,sumret3_avail_ma_3125,1,False,0,0,0,0,0,0,0,0,0,0,0,0,0,0,0,0,0
all_features,lasso,shap,column,sumret4_avail_ma_1,sumret4_avail_ma_1,1,False,0,0,0,0,0,0,0,0,0,0,0,0,0,0,0,0,0
all_features,lasso,shap,column,sumret4_avail_ma_5,sumret4_avail_ma_5,1,False,0,0,0,0,0,0,0,0,0,0,0,0,0,0,0,0,0
all_features,lasso,shap,column,sumret4_avail_ma_25,sumret4_avail_ma_25,1,False,0,0,0,0,0,0,0,0,0,0,0,0,0,0,0,0,0
all_features,lasso,shap,column,sumret4_avail_ma_125,sumret4_avail_ma_125,1,False,0,0,0,0,0,0,0,0,0,0,0,0,0,0,0,0,0
all_features,lasso,shap,column,sumret4_avail_ma_625,sumret4_avail_ma_625,1,False,0,0,0,0,0,0,0,0,0,0,0,0,0,0,0,0,0
all_features,lasso,shap,column,sumret4_avail_ma_3125,sumret4_avail_ma_3125,1,False,0,0,0,0,0,0,0,0,0,0,0,0,0,0,0,0,0
all_features,lasso,shap,column,sumpret2_avail_ma_1,sumpret2_avail_ma_1,1,False,0,0,0,0,0,0,0,0,0,0,0,0,0,0,0,0,0
all_features,lasso,shap,column,sumpret2_avail_ma_5,sumpret2_avail_ma_5,1,False,0,0,0,0,0,0,0,0,0,0,0,0,0,0,0,0,0
all_features,lasso,shap,column,sumpret2_avail_ma_25,sumpret2_avail_ma_25,1,False,0,0,0,0,0,0,0,0,0,0,0,0,0,0,0,0,0
all_features,lasso,shap,column,sumpret2_avail_ma_125,sumpret2_avail_ma_125,1,False,0,0,0,0,0,0,0,0,0,0,0,0,0,0,0,0,0
all_features,lasso,shap,column,sumpret2_avail_ma_625,sumpret2_avail_ma_625,1,False,0,0,0,0,0,0,0,0,0,0,0,0,0,0,0,0,0
all_features,lasso,shap,column,sumpret2_avail_ma_3125,sumpret2_avail_ma_3125,1,False,0,0,0,0,0,0,0,0,0,0,0,0,0,0,0,0,0
all_features,lasso,shap,column,sumbipow_avail_ma_1,sumbipow_avail_ma_1,1,False,0,0,0,0,0,0,0,0,0,0,0,0,0,0,0,0,0
all_features,lasso,shap,column,sumbipow_avail_ma_5,sumbipow_avail_ma_5,1,False,0,0,0,0,0,0,0,0,0,0,0,0,0,0,0,0,0
all_features,lasso,shap,column,sumbipow_avail_ma_25,sumbipow_avail_ma_25,1,False,0,0,0,0,0,0,0,0,0,0,0,0,0,0,0,0,0
all_features,lasso,shap,column,sumbipow_avail_ma_125,sumbipow_avail_ma_125,1,False,0,0,0,0,0,0,0,0,0,0,0,0,0,0,0,0,0
all_features,lasso,shap,column,sumbipow_avail_ma_625,sumbipow_avail_ma_625,1,False,0,0,0,0,0,0,0,0,0,0,0,0,0,0,0,0,0
all_features,lasso,shap,column,sumbipow_avail_ma_3125,sumbipow_avail_ma_3125,1,False,0,0,0,0,0,0,0,0,0,0,0,0,0,0,0,0,0
all_features,lasso,shap,column,sumautocov_avail_ma_1,sumautocov_avail_ma_1,1,False,0,0,0,0,0,0,0,0,0,0,0,0,0,0,0,0,0
all_features,lasso,shap,column,sumautocov_avail_ma_5,sumautocov_avail_ma_5,1,False,0,0,0,0,0,0,0,0,0,0,0,0,0,0,0,0,0
all_features,lasso,shap,column,sumautocov_avail_ma_25,sumautocov_avail_ma_25,1,False,0,0,0,0,0,0,0,0,0,0,0,0,0,0,0,0,0
all_features,lasso,shap,column,sumautocov_avail_ma_125,sumautocov_avail_ma_125,1,False,0,0,0,0,0,0,0,0,0,0,0,0,0,0,0,0,0
all_features,lasso,shap,column,sumautocov_avail_ma_625,sumautocov_avail_ma_625,1,False,0,0,0,0,0,0,0,0,0,0,0,0,0,0,0,0,0
all_features,lasso,shap,column,sumautocov_avail_ma_3125,sumautocov_avail_ma_3125,1,False,0,0,0,0,0,0,0,0,0,0,0,0,0,0,0,0,0
all_features,lasso,shap,column,sumvolume_avail_ma_1,sumvolume_avail_ma_1,1,False,0,0,0,0,0,0,0,0,0,0,0,0,0,0,0,0,0
all_features,lasso,shap,column,sumvolume_avail_ma_5,sumvolume_avail_ma_5,1,False,0,0,0,0,0,0,0,0,0,0,0,0,0,0,0,0,0
all_features,lasso,shap,column,sumvolume_avail_ma_25,sumvolume_avail_ma_25,1,False,0,0,0,0,0,0,0,0,0,0,0,0,0,0,0,0,0
all_features,lasso,shap,column,sumvolume_avail_ma_125,sumvolume_avail_ma_125,1,False,0,0,0,0,0,0,0,0,0,0,0,0,0,0,0,0,0
all_features,lasso,shap,column,sumvolume_avail_ma_625,sumvolume_avail_ma_625,1,False,0,0,0,0,0,0,0,0,0,0,0,0,0,0,0,0,0
all_features,lasso,shap,column,sumvolume_avail_ma_3125,sumvolume_avail_ma_3125,1,False,0,0,0,0,0,0,0,0,0,0,0,0,0,0,0,0,0
all_features,lasso,shap,column,numobs_avail_ma_1,numobs_avail_ma_1,1,False,0,0,0,0,0,0,0,0,0,0,0,0,0,0,0,0,0
all_features,lasso,shap,column,numobs_avail_ma_5,numobs_avail_ma_5,1,False,0,0,0,0,0,0,0,0,0,0,0,0,0,0,0,0,0
all_features,lasso,shap,column,numobs_avail_ma_25,numobs_avail_ma_25,1,False,0,0,0,0,0,0,0,0,0,0,0,0,0,0,0,0,0
all_features,lasso,shap,column,numobs_avail_ma_125,numobs_avail_ma_125,1,False,0,0,0,0,0,0,0,0,0,0,0,0,0,0,0,0,0
all_features,lasso,shap,column,numobs_avail_ma_625,numobs_avail_ma_625,1,False,0,0,0,0,0,0,0,0,0,0,0,0,0,0,0,0,0
all_features,lasso,shap,column,numobs_avail_ma_3125,numobs_avail_ma_3125,1,False,0,0,0,0,0,0,0,0,0,0,0,0,0,0,0,0,0
all_features,lasso,shap,column,sumret2_ewstock_avail_ma_1,sumret2_ewstock_avail_ma_1,1,True,0,0,0,205,0,0,0,0,0,0,0,0,0,0,0,0,0
all_features,lasso,shap,column,sumret2_ewstock_avail_ma_5,sumret2_ewstock_avail_ma_5,1,True,0,0,0,205,0,0,0,0,0,0,0,0,0,0,0,0,0
all_features,lasso,shap,column,sumret2_ewstock_avail_ma_25,sumret2_ewstock_avail_ma_25,1,True,0,0,0,205,0,0,0,0,0,0,0,0,0,0,0,0,0
all_features,lasso,shap,column,sumret2_ewstock_avail_ma_125,sumret2_ewstock_avail_ma_125,1,True,0,0,0,205,0,0,0,0,0,0,0,0,0,0,0,0,0
all_features,lasso,shap,column,sumret2_ewstock_avail_ma_625,sumret2_ewstock_avail_ma_625,1,True,0,0,0,205,0,0,0,0,0,0,0,0,0,0,0,0,0
all_features,lasso,shap,column,sumret2_ewstock_avail_ma_3125,sumret2_ewstock_avail_ma_3125,1,True,0,0,0,205,0,0,0,0,0,0,0,0,0,0,0,0,0
all_features,lasso,shap,column,sumret3_ewstock_avail_ma_1,sumret3_ewstock_avail_ma_1,1,True,0,0,0,205,0,0,0,0,0,0,0,0,0,0,0,0,0
all_features,lasso,shap,column,sumret3_ewstock_avail_ma_5,sumret3_ewstock_avail_ma_5,1,True,0,0,0,205,0,0,0,0,0,0,0,0,0,0,0,0,0
all_features,lasso,shap,column,sumret3_ewstock_avail_ma_25,sumret3_ewstock_avail_ma_25,1,True,0,0,0,205,0,0,0,0,0,0,0,0,0,0,0,0,0
all_features,lasso,shap,column,sumret3_ewstock_avail_ma_125,sumret3_ewstock_avail_ma_125,1,True,0,0,0,205,0,0,0,0,0,0,0,0,0,0,0,0,0
all_features,lasso,shap,column,sumret3_ewstock_avail_ma_625,sumret3_ewstock_avail_ma_625,1,True,0,0,0,205,0,0,0,0,0,0,0,0,0,0,0,0,0
all_features,lasso,shap,column,sumret3_ewstock_avail_ma_3125,sumret3_ewstock_avail_ma_3125,1,True,0,0,0,205,0,0,0,0,0,0,0,0,0,0,0,0,0
all_features,lasso,shap,column,sumret4_ewstock_avail_ma_1,sumret4_ewstock_avail_ma_1,1,True,0,0,0,205,0,0,0,0,0,0,0,0,0,0,0,0,0
all_features,lasso,shap,column,sumret4_ewstock_avail_ma_5,sumret4_ewstock_avail_ma_5,1,True,0,0,0,205,0,0,0,0,0,0,0,0,0,0,0,0,0
all_features,lasso,shap,column,sumret4_ewstock_avail_ma_25,sumret4_ewstock_avail_ma_25,1,True,0,0,0,205,0,0,0,0,0,0,0,0,0,0,0,0,0
all_features,lasso,shap,column,sumret4_ewstock_avail_ma_125,sumret4_ewstock_avail_ma_125,1,True,0,0,0,205,0,0,0,0,0,0,0,0,0,0,0,0,0
all_features,lasso,shap,column,sumret4_ewstock_avail_ma_625,sumret4_ewstock_avail_ma_625,1,True,0,0,0,205,0,0,0,0,0,0,0,0,0,0,0,0,0
all_features,lasso,shap,column,sumret4_ewstock_avail_ma_3125,sumret4_ewstock_avail_ma_3125,1,True,0,0,0,205,0,0,0,0,0,0,0,0,0,0,0,0,0
all_features,lasso,shap,column,sumabsret_ewstock_avail_ma_1,sumabsret_ewstock_avail_ma_1,1,True,0,0,0,205,0,0,0,0,0,0,0,0,0,0,0,0,0
all_features,lasso,shap,column,sumabsret_ewstock_avail_ma_5,sumabsret_ewstock_avail_ma_5,1,True,0,0,0,205,0,0,0,0,0,0,0,0,0,0,0,0,0
all_features,lasso,shap,column,sumabsret_ewstock_avail_ma_25,sumabsret_ewstock_avail_ma_25,1,True,0,0,0,205,0,0,0,0,0,0,0,0,0,0,0,0,0
all_features,lasso,shap,column,sumabsret_ewstock_avail_ma_125,sumabsret_ewstock_avail_ma_125,1,True,0,0,0,205,0,0,0,0,0,0,0,0,0,0,0,0,0
all_features,lasso,shap,column,sumabsret_ewstock_avail_ma_625,sumabsret_ewstock_avail_ma_625,1,True,0,0,0,205,0,0,0,0,0,0,0,0,0,0,0,0,0
all_features,lasso,shap,column,sumabsret_ewstock_avail_ma_3125,sumabsret_ewstock_avail_ma_3125,1,True,0,0,0,205,0,0,0,0,0,0,0,0,0,0,0,0,0
all_features,lasso,shap,column,sumbipow_ewstock_avail_ma_1,sumbipow_ewstock_avail_ma_1,1,True,0,0,0,205,0,0,0,0,0,0,0,0,0,0,0,0,0
all_features,lasso,shap,column,sumbipow_ewstock_avail_ma_5,sumbipow_ewstock_avail_ma_5,1,True,0,0,0,205,0,0,0,0,0,0,0,0,0,0,0,0,0
all_features,lasso,shap,column,sumbipow_ewstock_avail_ma_25,sumbipow_ewstock_avail_ma_25,1,True,0,0,0,205,0,0,0,0,0,0,0,0,0,0,0,0,0
all_features,lasso,shap,column,sumbipow_ewstock_avail_ma_125,sumbipow_ewstock_avail_ma_125,1,True,0,0,0,205,0,0,0,0,0,0,0,0,0,0,0,0,0
all_features,lasso,shap,column,sumbipow_ewstock_avail_ma_625,sumbipow_ewstock_avail_ma_625,1,True,0,0,0,205,0,0,0,0,0,0,0,0,0,0,0,0,0
all_features,lasso,shap,column,sumbipow_ewstock_avail_ma_3125,sumbipow_ewstock_avail_ma_3125,1,True,0,0,0,205,0,0,0,0,0,0,0,0,0,0,0,0,0
all_features,lasso,shap,column,sumpret2_ewstock_avail_ma_1,sumpret2_ewstock_avail_ma_1,1,True,0,0,0,205,0,0,0,0,0,0,0,0,0,0,0,0,0
all_features,lasso,shap,column,sumpret2_ewstock_avail_ma_5,sumpret2_ewstock_avail_ma_5,1,True,0,0,0,205,0,0,0,0,0,0,0,0,0,0,0,0,0
all_features,lasso,shap,column,sumpret2_ewstock_avail_ma_25,sumpret2_ewstock_avail_ma_25,1,True,0,0,0,205,0,0,0,0,0,0,0,0,0,0,0,0,0
all_features,lasso,shap,column,sumpret2_ewstock_avail_ma_125,sumpret2_ewstock_avail_ma_125,1,True,0,0,0,205,0,0,0,0,0,0,0,0,0,0,0,0,0
all_features,lasso,shap,column,sumpret2_ewstock_avail_ma_625,sumpret2_ewstock_avail_ma_625,1,True,0,0,0,205,0,0,0,0,0,0,0,0,0,0,0,0,0
all_features,lasso,shap,column,sumpret2_ewstock_avail_ma_3125,sumpret2_ewstock_avail_ma_3125,1,True,0,0,0,205,0,0,0,0,0,0,0,0,0,0,0,0,0
all_features,lasso,shap,column,turnover_ewstock_avail_ma_1,turnover_ewstock_avail_ma_1,1,True,0,0,0,205,0,0,0,0,0,0,0,0,0,0,0,0,0
all_features,lasso,shap,column,turnover_ewstock_avail_ma_5,turnover_ewstock_avail_ma_5,1,True,0,0,0,205,0,0,0,0,0,0,0,0,0,0,0,0,0
all_features,lasso,shap,column,turnover_ewstock_avail_ma_25,turnover_ewstock_avail_ma_25,1,True,0,0,0,205,0,0,0,0,0,0,0,0,0,0,0,0,0
all_features,lasso,shap,column,turnover_ewstock_avail_ma_125,turnover_ewstock_avail_ma_125,1,True,0,0,0,205,0,0,0,0,0,0,0,0,0,0,0,0,0
all_features,lasso,shap,column,turnover_ewstock_avail_ma_625,turnover_ewstock_avail_ma_625,1,True,0,0,0,205,0,0,0,0,0,0,0,0,0,0,0,0,0
all_features,lasso,shap,column,turnover_ewstock_avail_ma_3125,turnover_ewstock_avail_ma_3125,1,True,0,0,0,205,0,0,0,0,0,0,0,0,0,0,0,0,0
all_features,lasso,shap,column,buyturnover_ewstock_avail_ma_1,buyturnover_ewstock_avail_ma_1,1,True,0,0,0,205,0,0,0,0,0,0,0,0,0,0,0,0,0
all_features,lasso,shap,column,buyturnover_ewstock_avail_ma_5,buyturnover_ewstock_avail_ma_5,1,True,0,0,0,205,0,0,0,0,0,0,0,0,0,0,0,0,0
all_features,lasso,shap,column,buyturnover_ewstock_avail_ma_25,buyturnover_ewstock_avail_ma_25,1,True,0,0,0,205,0,0,0,0,0,0,0,0,0,0,0,0,0
all_features,lasso,shap,column,buyturnover_ewstock_avail_ma_125,buyturnover_ewstock_avail_ma_125,1,True,0,0,0,205,0,0,0,0,0,0,0,0,0,0,0,0,0
all_features,lasso,shap,column,buyturnover_ewstock_avail_ma_625,buyturnover_ewstock_avail_ma_625,1,True,0,0,0,205,0,0,0,0,0,0,0,0,0,0,0,0,0
all_features,lasso,shap,column,buyturnover_ewstock_avail_ma_3125,buyturnover_ewstock_avail_ma_3125,1,True,0,0,0,205,0,0,0,0,0,0,0,0,0,0,0,0,0
all_features,lasso,shap,column,sellturnover_ewstock_avail_ma_1,sellturnover_ewstock_avail_ma_1,1,True,0,0,0,205,0,0,0,0,0,0,0,0,0,0,0,0,0
all_features,lasso,shap,column,sellturnover_ewstock_avail_ma_5,sellturnover_ewstock_avail_ma_5,1,True,0,0,0,205,0,0,0,0,0,0,0,0,0,0,0,0,0
all_features,lasso,shap,column,sellturnover_ewstock_avail_ma_25,sellturnover_ewstock_avail_ma_25,1,True,0,0,0,205,0,0,0,0,0,0,0,0,0,0,0,0,0
all_features,lasso,shap,column,sellturnover_ewstock_avail_ma_125,sellturnover_ewstock_avail_ma_125,1,True,0,0,0,205,0,0,0,0,0,0,0,0,0,0,0,0,0
all_features,lasso,shap,column,sellturnover_ewstock_avail_ma_625,sellturnover_ewstock_avail_ma_625,1,True,0,0,0,205,0,0,0,0,0,0,0,0,0,0,0,0,0
all_features,lasso,shap,column,sellturnover_ewstock_avail_ma_3125,sellturnover_ewstock_avail_ma_3125,1,True,0,0,0,205,0,0,0,0,0,0,0,0,0,0,0,0,0
all_features,lasso,shap,column,effspread_ewstock_avail_ma_1,effspread_ewstock_avail_ma_1,1,True,0,0,0,205,0,0,0,0,0,0,0,0,0,0,0,0,0
all_features,lasso,shap,column,effspread_ewstock_avail_ma_5,effspread_ewstock_avail_ma_5,1,True,0,0,0,205,0,0,0,0,0,0,0,0,0,0,0,0,0
all_features,lasso,shap,column,effspread_ewstock_avail_ma_25,effspread_ewstock_avail_ma_25,1,True,0,0,0,205,0,0,0,0,0,0,0,0,0,0,0,0,0
all_features,lasso,shap,column,effspread_ewstock_avail_ma_125,effspread_ewstock_avail_ma_125,1,True,0,0,0,205,0,0,0,0,0,0,0,0,0,0,0,0,0
all_features,lasso,shap,column,effspread_ewstock_avail_ma_625,effspread_ewstock_avail_ma_625,1,True,0,0,0,205,0,0,0,0,0,0,0,0,0,0,0,0,0
all_features,lasso,shap,column,effspread_ewstock_avail_ma_3125,effspread_ewstock_avail_ma_3125,1,True,0,0,0,205,0,0,0,0,0,0,0,0,0,0,0,0,0
all_features,lasso,shap,column,spread_ewstock_avail_ma_1,spread_ewstock_avail_ma_1,1,True,0,0,0,205,0,0,0,0,0,0,0,0,0,0,0,0,0
all_features,lasso,shap,column,spread_ewstock_avail_ma_5,spread_ewstock_avail_ma_5,1,True,0,0,0,205,0,0,0,0,0,0,0,0,0,0,0,0,0
all_features,lasso,shap,column,spread_ewstock_avail_ma_25,spread_ewstock_avail_ma_25,1,True,0,0,0,205,0,0,0,0,0,0,0,0,0,0,0,0,0
all_features,lasso,shap,column,spread_ewstock_avail_ma_125,spread_ewstock_avail_ma_125,1,True,0,0,0,205,0,0,0,0,0,0,0,0,0,0,0,0,0
all_features,lasso,shap,column,spread_ewstock_avail_ma_625,spread_ewstock_avail_ma_625,1,True,0,0,0,205,0,0,0,0,0,0,0,0,0,0,0,0,0
all_features,lasso,shap,column,spread_ewstock_avail_ma_3125,spread_ewstock_avail_ma_3125,1,True,0,0,0,205,0,0,0,0,0,0,0,0,0,0,0,0,0
all_features,lasso,shap,column,sumret2_vwstock_avail_ma_1,sumret2_vwstock_avail_ma_1,1,True,0,0,0,205,0,0,0,0,0,0,0,0,0,0,0,0,0
all_features,lasso,shap,column,sumret2_vwstock_avail_ma_5,sumret2_vwstock_avail_ma_5,1,True,0,0,0,205,0,0,0,0,0,0,0,0,0,0,0,0,0
all_features,lasso,shap,column,sumret2_vwstock_avail_ma_25,sumret2_vwstock_avail_ma_25,1,True,0,0,0,205,0,0,0,0,0,0,0,0,0,0,0,0,0
all_features,lasso,shap,column,sumret2_vwstock_avail_ma_125,sumret2_vwstock_avail_ma_125,1,True,0,0,0,205,0,0,0,0,0,0,0,0,0,0,0,0,0
all_features,lasso,shap,column,sumret2_vwstock_avail_ma_625,sumret2_vwstock_avail_ma_625,1,True,0,0,0,205,0,0,0,0,0,0,0,0,0,0,0,0,0
all_features,lasso,shap,column,sumret2_vwstock_avail_ma_3125,sumret2_vwstock_avail_ma_3125,1,True,0,0,0,205,0,0,0,0,0,0,0,0,0,0,0,0,0
all_features,lasso,shap,column,sumret3_vwstock_avail_ma_1,sumret3_vwstock_avail_ma_1,1,True,0,0,0,205,0,0,0,0,0,0,0,0,0,0,0,0,0
all_features,lasso,shap,column,sumret3_vwstock_avail_ma_5,sumret3_vwstock_avail_ma_5,1,True,0,0,0,205,0,0,0,0,0,0,0,0,0,0,0,0,0
all_features,lasso,shap,column,sumret3_vwstock_avail_ma_25,sumret3_vwstock_avail_ma_25,1,True,0,0,0,205,0,0,0,0,0,0,0,0,0,0,0,0,0
all_features,lasso,shap,column,sumret3_vwstock_avail_ma_125,sumret3_vwstock_avail_ma_125,1,True,0,0,0,205,0,0,0,0,0,0,0,0,0,0,0,0,0
all_features,lasso,shap,column,sumret3_vwstock_avail_ma_625,sumret3_vwstock_avail_ma_625,1,True,0,0,0,205,0,0,0,0,0,0,0,0,0,0,0,0,0
all_features,lasso,shap,column,sumret3_vwstock_avail_ma_3125,sumret3_vwstock_avail_ma_3125,1,True,0,0,0,205,0,0,0,0,0,0,0,0,0,0,0,0,0
all_features,lasso,shap,column,sumret4_vwstock_avail_ma_1,sumret4_vwstock_avail_ma_1,1,True,0,0,0,205,0,0,0,0,0,0,0,0,0,0,0,0,0
all_features,lasso,shap,column,sumret4_vwstock_avail_ma_5,sumret4_vwstock_avail_ma_5,1,True,0,0,0,205,0,0,0,0,0,0,0,0,0,0,0,0,0
all_features,lasso,shap,column,sumret4_vwstock_avail_ma_25,sumret4_vwstock_avail_ma_25,1,True,0,0,0,205,0,0,0,0,0,0,0,0,0,0,0,0,0
all_features,lasso,shap,column,sumret4_vwstock_avail_ma_125,sumret4_vwstock_avail_ma_125,1,True,0,0,0,205,0,0,0,0,0,0,0,0,0,0,0,0,0
all_features,lasso,shap,column,sumret4_vwstock_avail_ma_625,sumret4_vwstock_avail_ma_625,1,True,0,0,0,205,0,0,0,0,0,0,0,0,0,0,0,0,0
all_features,lasso,shap,column,sumret4_vwstock_avail_ma_3125,sumret4_vwstock_avail_ma_3125,1,True,0,0,0,205,0,0,0,0,0,0,0,0,0,0,0,0,0
all_features,lasso,shap,column,sumabsret_vwstock_avail_ma_1,sumabsret_vwstock_avail_ma_1,1,True,0,0,0,205,0,0,0,0,0,0,0,0,0,0,0,0,0
all_features,lasso,shap,column,sumabsret_vwstock_avail_ma_5,sumabsret_vwstock_avail_ma_5,1,True,0,0,0,205,0,0,0,0,0,0,0,0,0,0,0,0,0
all_features,lasso,shap,column,sumabsret_vwstock_avail_ma_25,sumabsret_vwstock_avail_ma_25,1,True,0,0,0,205,0,0,0,0,0,0,0,0,0,0,0,0,0
all_features,lasso,shap,column,sumabsret_vwstock_avail_ma_125,sumabsret_vwstock_avail_ma_125,1,True,0,0,0,205,0,0,0,0,0,0,0,0,0,0,0,0,0
all_features,lasso,shap,column,sumabsret_vwstock_avail_ma_625,sumabsret_vwstock_avail_ma_625,1,True,0,0,0,205,0,0,0,0,0,0,0,0,0,0,0,0,0
all_features,lasso,shap,column,sumabsret_vwstock_avail_ma_3125,sumabsret_vwstock_avail_ma_3125,1,True,0,0,0,205,0,0,0,0,0,0,0,0,0,0,0,0,0
all_features,lasso,shap,column,sumbipow_vwstock_avail_ma_1,sumbipow_vwstock_avail_ma_1,1,True,0,0,0,205,0,0,0,0,0,0,0,0,0,0,0,0,0
all_features,lasso,shap,column,sumbipow_vwstock_avail_ma_5,sumbipow_vwstock_avail_ma_5,1,True,0,0,0,205,0,0,0,0,0,0,0,0,0,0,0,0,0
all_features,lasso,shap,column,sumbipow_vwstock_avail_ma_25,sumbipow_vwstock_avail_ma_25,1,True,0,0,0,205,0,0,0,0,0,0,0,0,0,0,0,0,0
all_features,lasso,shap,column,sumbipow_vwstock_avail_ma_125,sumbipow_vwstock_avail_ma_125,1,True,0,0,0,205,0,0,0,0,0,0,0,0,0,0,0,0,0
all_features,lasso,shap,column,sumbipow_vwstock_avail_ma_625,sumbipow_vwstock_avail_ma_625,1,True,0,0,0,205,0,0,0,0,0,0,0,0,0,0,0,0,0
all_features,lasso,shap,column,sumbipow_vwstock_avail_ma_3125,sumbipow_vwstock_avail_ma_3125,1,True,0,0,0,205,0,0,0,0,0,0,0,0,0,0,0,0,0
all_features,lasso,shap,column,sumpret2_vwstock_avail_ma_1,sumpret2_vwstock_avail_ma_1,1,True,0,0,0,205,0,0,0,0,0,0,0,0,0,0,0,0,0
all_features,lasso,shap,column,sumpret2_vwstock_avail_ma_5,sumpret2_vwstock_avail_ma_5,1,True,0,0,0,205,0,0,0,0,0,0,0,0,0,0,0,0,0
all_features,lasso,shap,column,sumpret2_vwstock_avail_ma_25,sumpret2_vwstock_avail_ma_25,1,True,0,0,0,205,0,0,0,0,0,0,0,0,0,0,0,0,0
all_features,lasso,shap,column,sumpret2_vwstock_avail_ma_125,sumpret2_vwstock_avail_ma_125,1,True,0,0,0,205,0,0,0,0,0,0,0,0,0,0,0,0,0
all_features,lasso,shap,column,sumpret2_vwstock_avail_ma_625,sumpret2_vwstock_avail_ma_625,1,True,0,0,0,205,0,0,0,0,0,0,0,0,0,0,0,0,0
all_features,lasso,shap,column,sumpret2_vwstock_avail_ma_3125,sumpret2_vwstock_avail_ma_3125,1,True,0,0,0,205,0,0,0,0,0,0,0,0,0,0,0,0,0
all_features,lasso,shap,column,turnover_vwstock_avail_ma_1,turnover_vwstock_avail_ma_1,1,True,0,0,0,205,0,0,0,0,0,0,0,0,0,0,0,0,0
all_features,lasso,shap,column,turnover_vwstock_avail_ma_5,turnover_vwstock_avail_ma_5,1,True,0,0,0,205,0,0,0,0,0,0,0,0,0,0,0,0,0
all_features,lasso,shap,column,turnover_vwstock_avail_ma_25,turnover_vwstock_avail_ma_25,1,True,0,0,0,205,0,0,0,0,0,0,0,0,0,0,0,0,0
all_features,lasso,shap,column,turnover_vwstock_avail_ma_125,turnover_vwstock_avail_ma_125,1,True,0,0,0,205,0,0,0,0,0,0,0,0,0,0,0,0,0
all_features,lasso,shap,column,turnover_vwstock_avail_ma_625,turnover_vwstock_avail_ma_625,1,True,0,0,0,205,0,0,0,0,0,0,0,0,0,0,0,0,0
all_features,lasso,shap,column,turnover_vwstock_avail_ma_3125,turnover_vwstock_avail_ma_3125,1,True,0,0,0,205,0,0,0,0,0,0,0,0,0,0,0,0,0
all_features,lasso,shap,column,buyturnover_vwstock_avail_ma_1,buyturnover_vwstock_avail_ma_1,1,True,0,0,0,205,0,0,0,0,0,0,0,0,0,0,0,0,0
all_features,lasso,shap,column,buyturnover_vwstock_avail_ma_5,buyturnover_vwstock_avail_ma_5,1,True,0,0,0,205,0,0,0,0,0,0,0,0,0,0,0,0,0
all_features,lasso,shap,column,buyturnover_vwstock_avail_ma_25,buyturnover_vwstock_avail_ma_25,1,True,0,0,0,205,0,0,0,0,0,0,0,0,0,0,0,0,0
all_features,lasso,shap,column,buyturnover_vwstock_avail_ma_125,buyturnover_vwstock_avail_ma_125,1,True,0,0,0,205,0,0,0,0,0,0,0,0,0,0,0,0,0
all_features,lasso,shap,column,buyturnover_vwstock_avail_ma_625,buyturnover_vwstock_avail_ma_625,1,True,0,0,0,205,0,0,0,0,0,0,0,0,0,0,0,0,0
all_features,lasso,shap,column,buyturnover_vwstock_avail_ma_3125,buyturnover_vwstock_avail_ma_3125,1,True,0,0,0,205,0,0,0,0,0,0,0,0,0,0,0,0,0
all_features,lasso,shap,column,sellturnover_vwstock_avail_ma_1,sellturnover_vwstock_avail_ma_1,1,True,0,0,0,205,0,0,0,0,0,0,0,0,0,0,0,0,0
all_features,lasso,shap,column,sellturnover_vwstock_avail_ma_5,sellturnover_vwstock_avail_ma_5,1,True,0,0,0,205,0,0,0,0,0,0,0,0,0,0,0,0,0
all_features,lasso,shap,column,sellturnover_vwstock_avail_ma_25,sellturnover_vwstock_avail_ma_25,1,True,0,0,0,205,0,0,0,0,0,0,0,0,0,0,0,0,0
all_features,lasso,shap,column,sellturnover_vwstock_avail_ma_125,sellturnover_vwstock_avail_ma_125,1,True,0,0,0,205,0,0,0,0,0,0,0,0,0,0,0,0,0
all_features,lasso,shap,column,sellturnover_vwstock_avail_ma_625,sellturnover_vwstock_avail_ma_625,1,True,0,0,0,205,0,0,0,0,0,0,0,0,0,0,0,0,0
all_features,lasso,shap,column,sellturnover_vwstock_avail_ma_3125,sellturnover_vwstock_avail_ma_3125,1,True,0,0,0,205,0,0,0,0,0,0,0,0,0,0,0,0,0
all_features,lasso,shap,column,effspread_vwstock_avail_ma_1,effspread_vwstock_avail_ma_1,1,True,0,0,0,205,0,0,0,0,0,0,0,0,0,0,0,0,0
all_features,lasso,shap,column,effspread_vwstock_avail_ma_5,effspread_vwstock_avail_ma_5,1,True,0,0,0,205,0,0,0,0,0,0,0,0,0,0,0,0,0
all_features,lasso,shap,column,effspread_vwstock_avail_ma_25,effspread_vwstock_avail_ma_25,1,True,0,0,0,205,0,0,0,0,0,0,0,0,0,0,0,0,0
all_features,lasso,shap,column,effspread_vwstock_avail_ma_125,effspread_vwstock_avail_ma_125,1,True,0,0,0,205,0,0,0,0,0,0,0,0,0,0,0,0,0
all_features,lasso,shap,column,effspread_vwstock_avail_ma_625,effspread_vwstock_avail_ma_625,1,True,0,0,0,205,0,0,0,0,0,0,0,0,0,0,0,0,0
all_features,lasso,shap,column,effspread_vwstock_avail_ma_3125,effspread_vwstock_avail_ma_3125,1,True,0,0,0,205,0,0,0,0,0,0,0,0,0,0,0,0,0
all_features,lasso,shap,column,spread_vwstock_avail_ma_1,spread_vwstock_avail_ma_1,1,True,0,0,0,205,0,0,0,0,0,0,0,0,0,0,0,0,0
all_features,lasso,shap,column,spread_vwstock_avail_ma_5,spread_vwstock_avail_ma_5,1,True,0,0,0,205,0,0,0,0,0,0,0,0,0,0,0,0,0
all_features,lasso,shap,column,spread_vwstock_avail_ma_25,spread_vwstock_avail_ma_25,1,True,0,0,0,205,0,0,0,0,0,0,0,0,0,0,0,0,0
all_features,lasso,shap,column,spread_vwstock_avail_ma_125,spread_vwstock_avail_ma_125,1,True,0,0,0,205,0,0,0,0,0,0,0,0,0,0,0,0,0
all_features,lasso,shap,column,spread_vwstock_avail_ma_625,spread_vwstock_avail_ma_625,1,True,0,0,0,205,0,0,0,0,0,0,0,0,0,0,0,0,0
all_features,lasso,shap,column,spread_vwstock_avail_ma_3125,spread_vwstock_avail_ma_3125,1,True,0,0,0,205,0,0,0,0,0,0,0,0,0,0,0,0,0
all_features,lasso,shap,column,stocktwits_attention_avail_ma_1,stocktwits_attention_avail_ma_1,1,True,0,0,0,205,0,0,0,0,0,0,0,0,0,0,0,0,0
all_features,lasso,shap,column,stocktwits_attention_avail_ma_5,stocktwits_attention_avail_ma_5,1,True,0,0,0,205,0,0,0,0,0,0,0,0,0,0,0,0,0
all_features,lasso,shap,column,stocktwits_attention_avail_ma_25,stocktwits_attention_avail_ma_25,1,True,0,0,0,205,0,0,0,0,0,0,0,0,0,0,0,0,0
all_features,lasso,shap,column,stocktwits_attention_avail_ma_125,stocktwits_attention_avail_ma_125,1,True,0,0,0,205,0,0,0,0,0,0,0,0,0,0,0,0,0
all_features,lasso,shap,column,stocktwits_attention_avail_ma_625,stocktwits_attention_avail_ma_625,1,True,0,0,0,205,0,0,0,0,0,0,0,0,0,0,0,0,0
all_features,lasso,shap,column,stocktwits_attention_avail_ma_3125,stocktwits_attention_avail_ma_3125,1,True,0,0,0,205,0,0,0,0,0,0,0,0,0,0,0,0,0
all_features,lasso,shap,column,stocktwits_sentiment_avail_ma_1,stocktwits_sentiment_avail_ma_1,1,True,0,0,0,205,0,0,0,0,0,0,0,0,0,0,0,0,0
all_features,lasso,shap,column,stocktwits_sentiment_avail_ma_5,stocktwits_sentiment_avail_ma_5,1,True,0,0,0,205,0,0,0,0,0,0,0,0,0,0,0,0,0
all_features,lasso,shap,column,stocktwits_sentiment_avail_ma_25,stocktwits_sentiment_avail_ma_25,1,True,0,0,0,205,0,0,0,0,0,0,0,0,0,0,0,0,0
all_features,lasso,shap,column,stocktwits_sentiment_avail_ma_125,stocktwits_sentiment_avail_ma_125,1,True,0,0,0,205,0,0,0,0,0,0,0,0,0,0,0,0,0
all_features,lasso,shap,column,stocktwits_sentiment_avail_ma_625,stocktwits_sentiment_avail_ma_625,1,True,0,0,0,205,0,0,0,0,0,0,0,0,0,0,0,0,0
all_features,lasso,shap,column,stocktwits_sentiment_avail_ma_3125,stocktwits_sentiment_avail_ma_3125,1,True,0,0,0,205,0,0,0,0,0,0,0,0,0,0,0,0,0
all_features,lasso,shap,column,stocktwits_sentcount_avail_ma_1,stocktwits_sentcount_avail_ma_1,1,True,0,0,0,205,0,0,0,0,0,0,0,0,0,0,0,0,0
all_features,lasso,shap,column,stocktwits_sentcount_avail_ma_5,stocktwits_sentcount_avail_ma_5,1,True,0,0,0,205,0,0,0,0,0,0,0,0,0,0,0,0,0
all_features,lasso,shap,column,stocktwits_sentcount_avail_ma_25,stocktwits_sentcount_avail_ma_25,1,True,0,0,0,205,0,0,0,0,0,0,0,0,0,0,0,0,0
all_features,lasso,shap,column,stocktwits_sentcount_avail_ma_125,stocktwits_sentcount_avail_ma_125,1,True,0,0,0,205,0,0,0,0,0,0,0,0,0,0,0,0,0
all_features,lasso,shap,column,stocktwits_sentcount_avail_ma_625,stocktwits_sentcount_avail_ma_625,1,True,0,0,0,205,0,0,0,0,0,0,0,0,0,0,0,0,0
all_features,lasso,shap,column,stocktwits_sentcount_avail_ma_3125,stocktwits_sentcount_avail_ma_3125,1,True,0,0,0,205,0,0,0,0,0,0,0,0,0,0,0,0,0
all_features,lasso,shap,column,vix_avail_ma_1,vix_avail_ma_1,1,True,0,0,0,205,0,0,0,0,0,0,0,0,0,0,0,0,0
all_features,lasso,shap,column,vix_avail_ma_5,vix_avail_ma_5,1,True,0,0,0,205,0,0,0,0,0,0,0,0,0,0,0,0,0
all_features,lasso,shap,column,vix_avail_ma_25,vix_avail_ma_25,1,True,0,0,0,205,0,0,0,0,0,0,0,0,0,0,0,0,0
all_features,lasso,shap,column,vix_avail_ma_125,vix_avail_ma_125,1,True,0,0,0,205,0,0,0,0,0,0,0,0,0,0,0,0,0
all_features,lasso,shap,column,vix_avail_ma_625,vix_avail_ma_625,1,True,0,0,0,205,0,0,0,0,0,0,0,0,0,0,0,0,0
all_features,lasso,shap,column,vix_avail_ma_3125,vix_avail_ma_3125,1,True,0,0,0,205,0,0,0,0,0,0,0,0,0,0,0,0,0
all_features,lasso,shap,column,vvix_avail_ma_1,vvix_avail_ma_1,1,True,0,0,0,205,0,0,0,0,0,0,0,0,0,0,0,0,0
all_features,lasso,shap,column,vvix_avail_ma_5,vvix_avail_ma_5,1,True,0,0,0,205,0,0,0,0,0,0,0,0,0,0,0,0,0
all_features,lasso,shap,column,vvix_avail_ma_25,vvix_avail_ma_25,1,True,0,0,0,205,0,0,0,0,0,0,0,0,0,0,0,0,0
all_features,lasso,shap,column,vvix_avail_ma_125,vvix_avail_ma_125,1,True,0,0,0,205,0,0,0,0,0,0,0,0,0,0,0,0,0
all_features,lasso,shap,column,vvix_avail_ma_625,vvix_avail_ma_625,1,True,0,0,0,205,0,0,0,0,0,0,0,0,0,0,0,0,0
all_features,lasso,shap,column,vvix_avail_ma_3125,vvix_avail_ma_3125,1,True,0,0,0,205,0,0,0,0,0,0,0,0,0,0,0,0,0
all_features,lasso,shap,column,vix3m_avail_ma_1,vix3m_avail_ma_1,1,True,0,0,0,205,0,0,0,0,0,0,0,0,0,0,0,0,0
all_features,lasso,shap,column,vix3m_avail_ma_5,vix3m_avail_ma_5,1,True,0,0,0,205,0,0,0,0,0,0,0,0,0,0,0,0,0
all_features,lasso,shap,column,vix3m_avail_ma_25,vix3m_avail_ma_25,1,True,0,0,0,205,0,0,0,0,0,0,0,0,0,0,0,0,0
all_features,lasso,shap,column,vix3m_avail_ma_125,vix3m_avail_ma_125,1,True,0,0,0,205,0,0,0,0,0,0,0,0,0,0,0,0,0
all_features,lasso,shap,column,vix3m_avail_ma_625,vix3m_avail_ma_625,1,True,0,0,0,205,0,0,0,0,0,0,0,0,0,0,0,0,0
all_features,lasso,shap,column,vix3m_avail_ma_3125,vix3m_avail_ma_3125,1,True,0,0,0,205,0,0,0,0,0,0,0,0,0,0,0,0,0
all_features,lasso,shap,column,voldemand_spx_open_and_close_avail_ma_1,voldemand_spx_open_and_close_avail_ma_1,1,True,0,0,0,205,0,0,0,0,0,0,0,0,0,0,0,0,0
all_features,lasso,shap,column,voldemand_spx_open_and_close_avail_ma_5,voldemand_spx_open_and_close_avail_ma_5,1,True,0,0,0,205,0,0,0,0,0,0,0,0,0,0,0,0,0
all_features,lasso,shap,column,voldemand_spx_open_and_close_avail_ma_25,voldemand_spx_open_and_close_avail_ma_25,1,True,0,0,0,205,0,0,0,0,0,0,0,0,0,0,0,0,0
all_features,lasso,shap,column,voldemand_spx_open_and_close_avail_ma_125,voldemand_spx_open_and_close_avail_ma_125,1,True,0,0,0,205,0,0,0,0,0,0,0,0,0,0,0,0,0
all_features,lasso,shap,column,voldemand_spx_open_and_close_avail_ma_625,voldemand_spx_open_and_close_avail_ma_625,1,True,0,0,0,205,0,0,0,0,0,0,0,0,0,0,0,0,0
all_features,lasso,shap,column,voldemand_spx_open_and_close_avail_ma_3125,voldemand_spx_open_and_close_avail_ma_3125,1,True,0,0,0,205,0,0,0,0,0,0,0,0,0,0,0,0,0
all_features,lasso,shap,column,voldemand_spx_open_only_avail_ma_1,voldemand_spx_open_only_avail_ma_1,1,True,0,0,0,205,0,0,0,0,0,0,0,0,0,0,0,0,0
all_features,lasso,shap,column,voldemand_spx_open_only_avail_ma_5,voldemand_spx_open_only_avail_ma_5,1,True,0,0,0,205,0,0,0,0,0,0,0,0,0,0,0,0,0
all_features,lasso,shap,column,voldemand_spx_open_only_avail_ma_25,voldemand_spx_open_only_avail_ma_25,1,True,0,0,0,205,0,0,0,0,0,0,0,0,0,0,0,0,0
all_features,lasso,shap,column,voldemand_spx_open_only_avail_ma_125,voldemand_spx_open_only_avail_ma_125,1,True,0,0,0,205,0,0,0,0,0,0,0,0,0,0,0,0,0
all_features,lasso,shap,column,voldemand_spx_open_only_avail_ma_625,voldemand_spx_open_only_avail_ma_625,1,True,0,0,0,205,0,0,0,0,0,0,0,0,0,0,0,0,0
all_features,lasso,shap,column,voldemand_spx_open_only_avail_ma_3125,voldemand_spx_open_only_avail_ma_3125,1,True,0,0,0,205,0,0,0,0,0,0,0,0,0,0,0,0,0
all_features,lasso,shap,column,voldemand_all_open_and_close_avail_ma_1,voldemand_all_open_and_close_avail_ma_1,1,True,0,0,0,205,0,0,0,0,0,0,0,0,0,0,0,0,0
all_features,lasso,shap,column,voldemand_all_open_and_close_avail_ma_5,voldemand_all_open_and_close_avail_ma_5,1,True,0,0,0,205,0,0,0,0,0,0,0,0,0,0,0,0,0
all_features,lasso,shap,column,voldemand_all_open_and_close_avail_ma_25,voldemand_all_open_and_close_avail_ma_25,1,True,0,0,0,205,0,0,0,0,0,0,0,0,0,0,0,0,0
all_features,lasso,shap,column,voldemand_all_open_and_close_avail_ma_125,voldemand_all_open_and_close_avail_ma_125,1,True,0,0,0,205,0,0,0,0,0,0,0,0,0,0,0,0,0
all_features,lasso,shap,column,voldemand_all_open_and_close_avail_ma_625,voldemand_all_open_and_close_avail_ma_625,1,True,0,0,0,205,0,0,0,0,0,0,0,0,0,0,0,0,0
all_features,lasso,shap,column,voldemand_all_open_and_close_avail_ma_3125,voldemand_all_open_and_close_avail_ma_3125,1,True,0,0,0,205,0,0,0,0,0,0,0,0,0,0,0,0,0
all_features,lasso,shap,column,voldemand_all_open_only_avail_ma_1,voldemand_all_open_only_avail_ma_1,1,True,0,0,0,205,0,0,0,0,0,0,0,0,0,0,0,0,0
all_features,lasso,shap,column,voldemand_all_open_only_avail_ma_5,voldemand_all_open_only_avail_ma_5,1,True,0,0,0,205,0,0,0,0,0,0,0,0,0,0,0,0,0
all_features,lasso,shap,column,voldemand_all_open_only_avail_ma_25,voldemand_all_open_only_avail_ma_25,1,True,0,0,0,205,0,0,0,0,0,0,0,0,0,0,0,0,0
all_features,lasso,shap,column,voldemand_all_open_only_avail_ma_125,voldemand_all_open_only_avail_ma_125,1,True,0,0,0,205,0,0,0,0,0,0,0,0,0,0,0,0,0
all_features,lasso,shap,column,voldemand_all_open_only_avail_ma_625,voldemand_all_open_only_avail_ma_625,1,True,0,0,0,205,0,0,0,0,0,0,0,0,0,0,0,0,0
all_features,lasso,shap,column,voldemand_all_open_only_avail_ma_3125,voldemand_all_open_only_avail_ma_3125,1,True,0,0,0,205,0,0,0,0,0,0,0,0,0,0,0,0,0
all_features,lasso,shap,column,ofi_ewstock_avail_ma_1,ofi_ewstock_avail_ma_1,1,True,0,0,0,205,0,0,0,0,0,0,0,0,0,0,0,0,0
all_features,lasso,shap,column,ofi_ewstock_avail_ma_5,ofi_ewstock_avail_ma_5,1,True,0,0,0,205,0,0,0,0,0,0,0,0,0,0,0,0,0
all_features,lasso,shap,column,ofi_ewstock_avail_ma_25,ofi_ewstock_avail_ma_25,1,True,0,0,0,205,0,0,0,0,0,0,0,0,0,0,0,0,0
all_features,lasso,shap,column,ofi_ewstock_avail_ma_125,ofi_ewstock_avail_ma_125,1,True,0,0,0,205,0,0,0,0,0,0,0,0,0,0,0,0,0
all_features,lasso,shap,column,ofi_ewstock_avail_ma_625,ofi_ewstock_avail_ma_625,1,True,0,0,0,205,0,0,0,0,0,0,0,0,0,0,0,0,0
all_features,lasso,shap,column,ofi_ewstock_avail_ma_3125,ofi_ewstock_avail_ma_3125,1,True,0,0,0,205,0,0,0,0,0,0,0,0,0,0,0,0,0
all_features,lasso,shap,column,ofi_vwstock_avail_ma_1,ofi_vwstock_avail_ma_1,1,True,0,0,0,205,0,0,0,0,0,0,0,0,0,0,0,0,0
all_features,lasso,shap,column,ofi_vwstock_avail_ma_5,ofi_vwstock_avail_ma_5,1,True,0,0,0,205,0,0,0,0,0,0,0,0,0,0,0,0,0
all_features,lasso,shap,column,ofi_vwstock_avail_ma_25,ofi_vwstock_avail_ma_25,1,True,0,0,0,205,0,0,0,0,0,0,0,0,0,0,0,0,0
all_features,lasso,shap,column,ofi_vwstock_avail_ma_125,ofi_vwstock_avail_ma_125,1,True,0,0,0,205,0,0,0,0,0,0,0,0,0,0,0,0,0
all_features,lasso,shap,column,ofi_vwstock_avail_ma_625,ofi_vwstock_avail_ma_625,1,True,0,0,0,205,0,0,0,0,0,0,0,0,0,0,0,0,0
all_features,lasso,shap,column,ofi_vwstock_avail_ma_3125,ofi_vwstock_avail_ma_3125,1,True,0,0,0,205,0,0,0,0,0,0,0,0,0,0,0,0,0
all_features,lasso,shap,column,fomc_release_avail_ma_1,fomc_release_avail_ma_1,1,True,0,0,0,205,0,0,0,0,0,0,0,0,0,0,0,0,0
all_features,lasso,shap,column,fomc_release_avail_ma_5,fomc_release_avail_ma_5,1,True,0,0,0,205,0,0,0,0,0,0,0,0,0,0,0,0,0
all_features,lasso,shap,column,fomc_release_avail_ma_25,fomc_release_avail_ma_25,1,True,0,0,0,205,0,0,0,0,0,0,0,0,0,0,0,0,0
all_features,lasso,shap,column,fomc_release_avail_ma_125,fomc_release_avail_ma_125,1,True,0,0,0,205,0,0,0,0,0,0,0,0,0,0,0,0,0
all_features,lasso,shap,column,fomc_release_avail_ma_625,fomc_release_avail_ma_625,1,True,0,0,0,205,0,0,0,0,0,0,0,0,0,0,0,0,0
all_features,lasso,shap,column,fomc_release_avail_ma_3125,fomc_release_avail_ma_3125,1,True,0,0,0,205,0,0,0,0,0,0,0,0,0,0,0,0,0
all_features,lasso,shap,column,fomc_day_avail_ma_1,fomc_day_avail_ma_1,1,True,0,0,0,205,0,0,0,0,0,0,0,0,0,0,0,0,0
all_features,lasso,shap,column,fomc_day_avail_ma_5,fomc_day_avail_ma_5,1,True,0,0,0,205,0,0,0,0,0,0,0,0,0,0,0,0,0
all_features,lasso,shap,column,fomc_day_avail_ma_25,fomc_day_avail_ma_25,1,True,0,0,0,205,0,0,0,0,0,0,0,0,0,0,0,0,0
all_features,lasso,shap,column,fomc_day_avail_ma_125,fomc_day_avail_ma_125,1,True,0,0,0,205,0,0,0,0,0,0,0,0,0,0,0,0,0
all_features,lasso,shap,column,fomc_day_avail_ma_625,fomc_day_avail_ma_625,1,True,0,0,0,205,0,0,0,0,0,0,0,0,0,0,0,0,0
all_features,lasso,shap,column,fomc_day_avail_ma_3125,fomc_day_avail_ma_3125,1,True,0,0,0,205,0,0,0,0,0,0,0,0,0,0,0,0,0
all_features,lasso,shap,column,fomc_until_inv_avail_ma_1,fomc_until_inv_avail_ma_1,1,True,0,0,0,205,0,0,0,0,0,0,0,0,0,0,0,0,0
all_features,lasso,shap,column,fomc_until_inv_avail_ma_5,fomc_until_inv_avail_ma_5,1,True,0,0,0,205,0,0,0,0,0,0,0,0,0,0,0,0,0
all_features,lasso,shap,column,fomc_until_inv_avail_ma_25,fomc_until_inv_avail_ma_25,1,True,0,0,0,205,0,0,0,0,0,0,0,0,0,0,0,0,0
all_features,lasso,shap,column,fomc_until_inv_avail_ma_125,fomc_until_inv_avail_ma_125,1,True,0,0,0,205,0,0,0,0,0,0,0,0,0,0,0,0,0
all_features,lasso,shap,column,fomc_until_inv_avail_ma_625,fomc_until_inv_avail_ma_625,1,True,0,0,0,205,0,0,0,0,0,0,0,0,0,0,0,0,0
all_features,lasso,shap,column,fomc_until_inv_avail_ma_3125,fomc_until_inv_avail_ma_3125,1,True,0,0,0,205,0,0,0,0,0,0,0,0,0,0,0,0,0
all_features,lasso,shap,column,fomc_since_inv_avail_ma_1,fomc_since_inv_avail_ma_1,1,True,0,0,0,205,0,0,0,0,0,0,0,0,0,0,0,0,0
all_features,lasso,shap,column,fomc_since_inv_avail_ma_5,fomc_since_inv_avail_ma_5,1,True,0,0,0,205,0,0,0,0,0,0,0,0,0,0,0,0,0
all_features,lasso,shap,column,fomc_since_inv_avail_ma_25,fomc_since_inv_avail_ma_25,1,True,0,0,0,205,0,0,0,0,0,0,0,0,0,0,0,0,0
all_features,lasso,shap,column,fomc_since_inv_avail_ma_125,fomc_since_inv_avail_ma_125,1,True,0,0,0,205,0,0,0,0,0,0,0,0,0,0,0,0,0
all_features,lasso,shap,column,fomc_since_inv_avail_ma_625,fomc_since_inv_avail_ma_625,1,True,0,0,0,205,0,0,0,0,0,0,0,0,0,0,0,0,0
all_features,lasso,shap,column,fomc_since_inv_avail_ma_3125,fomc_since_inv_avail_ma_3125,1,True,0,0,0,205,0,0,0,0,0,0,0,0,0,0,0,0,0
all_features,lasso,shap,column,numobs_active_ma_1,numobs_active_ma_1,1,True,0,0,0,205,0,0,0,0,0,0,0,0,0,0,0,0,0
all_features,lasso,shap,column,numobs_active_ma_5,numobs_active_ma_5,1,True,0,0,0,205,0,0,0,0,0,0,0,0,0,0,0,0,0
all_features,lasso,shap,column,numobs_active_ma_25,numobs_active_ma_25,1,True,0,0,0,205,0,0,0,0,0,0,0,0,0,0,0,0,0
all_features,lasso,shap,column,numobs_active_ma_125,numobs_active_ma_125,1,True,0,0,0,205,0,0,0,0,0,0,0,0,0,0,0,0,0
all_features,lasso,shap,column,numobs_active_ma_625,numobs_active_ma_625,1,True,0,0,0,205,0,0,0,0,0,0,0,0,0,0,0,0,0
all_features,lasso,shap,column,numobs_active_ma_3125,numobs_active_ma_3125,1,True,0,0,0,205,0,0,0,0,0,0,0,0,0,0,0,0,0
all_features,lasso,shap,column,voldemand_spx_open_and_close_active_ma_1,voldemand_spx_open_and_close_active_ma_1,1,True,0,0,0,205,0,0,0,0,0,0,0,0,0,0,0,0,0
all_features,lasso,shap,column,voldemand_spx_open_and_close_active_ma_5,voldemand_spx_open_and_close_active_ma_5,1,True,0,0,0,205,0,0,0,0,0,0,0,0,0,0,0,0,0
all_features,lasso,shap,column,voldemand_spx_open_and_close_active_ma_25,voldemand_spx_open_and_close_active_ma_25,1,True,0.00149383,0.000375884,0.00299233,68,0,0.00160267,0.00147623,0,0,0,0,0.00374767,0.00503008,0,0.000438606,0.00230847,0.00147743
all_features,lasso,shap,column,voldemand_spx_open_and_close_active_ma_125,voldemand_spx_open_and_close_active_ma_125,1,True,0,0,0,205,0,0,0,0,0,0,0,0,0,0,0,0,0
all_features,lasso,shap,column,voldemand_spx_open_and_close_active_ma_625,voldemand_spx_open_and_close_active_ma_625,1,True,0,0,0,205,0,0,0,0,0,0,0,0,0,0,0,0,0
all_features,lasso,shap,column,voldemand_spx_open_and_close_active_ma_3125,voldemand_spx_open_and_close_active_ma_3125,1,True,0,0,0,205,0,0,0,0,0,0,0,0,0,0,0,0,0
all_features,lasso,shap,column,voldemand_spx_open_only_active_ma_1,voldemand_spx_open_only_active_ma_1,1,True,0,0,0,205,0,0,0,0,0,0,0,0,0,0,0,0,0
all_features,lasso,shap,column,voldemand_spx_open_only_active_ma_5,voldemand_spx_open_only_active_ma_5,1,True,0,0,0,205,0,0,0,0,0,0,0,0,0,0,0,0,0
all_features,lasso,shap,column,voldemand_spx_open_only_active_ma_25,voldemand_spx_open_only_active_ma_25,1,True,0,0,0,205,0,0,0,0,0,0,0,0,0,0,0,0,0
all_features,lasso,shap,column,voldemand_spx_open_only_active_ma_125,voldemand_spx_open_only_active_ma_125,1,True,0,0,0,205,0,0,0,0,0,0,0,0,0,0,0,0,0
all_features,lasso,shap,column,voldemand_spx_open_only_active_ma_625,voldemand_spx_open_only_active_ma_625,1,True,0,0,0,205,0,0,0,0,0,0,0,0,0,0,0,0,0
all_features,lasso,shap,column,voldemand_spx_open_only_active_ma_3125,voldemand_spx_open_only_active_ma_3125,1,True,0,0,0,205,0,0,0,0,0,0,0,0,0,0,0,0,0
all_features,lasso,shap,column,voldemand_all_open_and_close_active_ma_1,voldemand_all_open_and_close_active_ma_1,1,True,0,0,0,205,0,0,0,0,0,0,0,0,0,0,0,0,0
all_features,lasso,shap,column,voldemand_all_open_and_close_active_ma_5,voldemand_all_open_and_close_active_ma_5,1,True,0,0,0,205,0,0,0,0,0,0,0,0,0,0,0,0,0
all_features,lasso,shap,column,voldemand_all_open_and_close_active_ma_25,voldemand_all_open_and_close_active_ma_25,1,True,0,0,0,205,0,0,0,0,0,0,0,0,0,0,0,0,0
all_features,lasso,shap,column,voldemand_all_open_and_close_active_ma_125,voldemand_all_open_and_close_active_ma_125,1,True,0,0,0,205,0,0,0,0,0,0,0,0,0,0,0,0,0
all_features,lasso,shap,column,voldemand_all_open_and_close_active_ma_625,voldemand_all_open_and_close_active_ma_625,1,True,0,0,0,205,0,0,0,0,0,0,0,0,0,0,0,0,0
all_features,lasso,shap,column,voldemand_all_open_and_close_active_ma_3125,voldemand_all_open_and_close_active_ma_3125,1,True,0,0,0,205,0,0,0,0,0,0,0,0,0,0,0,0,0
all_features,lasso,shap,column,voldemand_all_open_only_active_ma_1,voldemand_all_open_only_active_ma_1,1,True,0,0,0,205,0,0,0,0,0,0,0,0,0,0,0,0,0
all_features,lasso,shap,column,voldemand_all_open_only_active_ma_5,voldemand_all_open_only_active_ma_5,1,True,0,0,0,205,0,0,0,0,0,0,0,0,0,0,0,0,0
all_features,lasso,shap,column,voldemand_all_open_only_active_ma_25,voldemand_all_open_only_active_ma_25,1,True,0,0,0,205,0,0,0,0,0,0,0,0,0,0,0,0,0
all_features,lasso,shap,column,voldemand_all_open_only_active_ma_125,voldemand_all_open_only_active_ma_125,1,True,0,0,0,205,0,0,0,0,0,0,0,0,0,0,0,0,0
all_features,lasso,shap,column,voldemand_all_open_only_active_ma_625,voldemand_all_open_only_active_ma_625,1,True,0,0,0,205,0,0,0,0,0,0,0,0,0,0,0,0,0
all_features,lasso,shap,column,voldemand_all_open_only_active_ma_3125,voldemand_all_open_only_active_ma_3125,1,True,0,0,0,205,0,0,0,0,0,0,0,0,0,0,0,0,0
all_features,lasso,shap,column,fomc_release_active_ma_1,fomc_release_active_ma_1,1,True,0,0,0,205,0,0,0,0,0,0,0,0,0,0,0,0,0
all_features,lasso,shap,column,fomc_release_active_ma_5,fomc_release_active_ma_5,1,True,0,0,0,205,0,0,0,0,0,0,0,0,0,0,0,0,0
all_features,lasso,shap,column,fomc_release_active_ma_25,fomc_release_active_ma_25,1,True,0,0,0,205,0,0,0,0,0,0,0,0,0,0,0,0,0
all_features,lasso,shap,column,fomc_release_active_ma_125,fomc_release_active_ma_125,1,True,0,0,0,205,0,0,0,0,0,0,0,0,0,0,0,0,0
all_features,lasso,shap,column,fomc_release_active_ma_625,fomc_release_active_ma_625,1,True,0,0,0,205,0,0,0,0,0,0,0,0,0,0,0,0,0
all_features,lasso,shap,column,fomc_release_active_ma_3125,fomc_release_active_ma_3125,1,True,0,0,0,205,0,0,0,0,0,0,0,0,0,0,0,0,0
all_features,lasso,shap,column,fomc_day_active_ma_1,fomc_day_active_ma_1,1,True,0,0,0,205,0,0,0,0,0,0,0,0,0,0,0,0,0
all_features,lasso,shap,column,fomc_day_active_ma_5,fomc_day_active_ma_5,1,True,0,0,0,205,0,0,0,0,0,0,0,0,0,0,0,0,0
all_features,lasso,shap,column,fomc_day_active_ma_25,fomc_day_active_ma_25,1,True,0,0,0,205,0,0,0,0,0,0,0,0,0,0,0,0,0
all_features,lasso,shap,column,fomc_day_active_ma_125,fomc_day_active_ma_125,1,True,0,0,0,205,0,0,0,0,0,0,0,0,0,0,0,0,0
all_features,lasso,shap,column,fomc_day_active_ma_625,fomc_day_active_ma_625,1,True,0,0,0,205,0,0,0,0,0,0,0,0,0,0,0,0,0
all_features,lasso,shap,column,fomc_day_active_ma_3125,fomc_day_active_ma_3125,1,True,0,0,0,205,0,0,0,0,0,0,0,0,0,0,0,0,0
all_features,lasso,shap,column,DOW_0,DOW_0,1,True,0,0,0,205,0,0,0,0,0,0,0,0,0,0,0,0,0
all_features,lasso,shap,column,DOW_1,DOW_1,1,True,2.48549e-05,4.86388e-07,6.73761e-05,178,0,2.61647e-05,8.69003e-07,0,0,0,0,0.000126275,1.97729e-05,0,8.05494e-06,5.42791e-06,3.97522e-05
all_features,lasso,shap,column,DOW_2,DOW_2,1,True,0.00178136,0.00081894,0.00290065,62,0,0.00197364,-1.85596e-05,0,0,0,0.00150881,0.0052194,0.00373907,0,0.000307126,0.0020127,0.00218273
all_features,lasso,shap,column,DOW_3,DOW_3,1,True,0,0,0,205,0,0,0,0,0,0,0,0,0,0,0,0,0
all_features,lasso,shap,column,DOW_4,DOW_4,1,True,0.00355935,0.00177464,0.00556079,38,0,0.00393124,-1.18273e-06,0,0,9.12261e-05,0.00691419,0.00959161,0.00431771,0,0.000309593,0.00323462,0.00483466
all_features,lasso,shap,column,hour,hour,1,False,0,0,0,0,0,0,0,0,0,0,0,0,0,0,0,0,0
all_features,lasso,shap,column,is_overnight,is_overnight,1,False,0,0,0,0,0,0,0,0,0,0,0,0,0,0,0,0,0
all_features,lasso,shap,column,is_open,is_open,1,False,0,0,0,0,0,0,0,0,0,0,0,0,0,0,0,0,0
all_features,lasso,shap,column,is_close,is_close,1,False,0,0,0,0,0,0,0,0,0,0,0,0,0,0,0,0,0
all_features,lasso,shap,column,is_opex,is_opex,1,True,0,0,0,205,0,0,0,0,0,0,0,0,0,0,0,0,0
all_features,lasso,shap,column,is_opex_week,is_opex_week,1,True,0.00174997,0.000865619,0.00272421,63,0,0.00194013,3.07142e-05,0,0,0,0.00322411,0.00517972,0.00187901,0,0.000153878,0.0014291,0.00245185
all_features,lasso,shap,column,is_quad_witch,is_quad_witch,1,True,9.15523e-05,3.3381e-05,0.00016328,154,0,0.000110136,-1.92653e-05,0,0,0,0.00023065,0.000261585,4.57271e-05,0,1.54265e-06,5.15636e-05,0.000141378
all_features,lasso,shap,column,is_rebalance_close,is_rebalance_close,1,True,0,0,0,205,0,0,0,0,0,0,0,0,0,0,0,0,0
all_features,lasso,shap,column,is_month_end,is_month_end,1,True,0.00336117,0.00173074,0.00522732,40,0,0.00380836,5.36806e-05,0,0,0,0.00625662,0.00898875,0.00450488,0,0.000225527,0.00338536,0.00443378
all_features,lasso,shap,column,is_quarter_end,is_quarter_end,1,True,0.000401383,0.000171368,0.000654159,118,0,0.000434983,2.23297e-05,0,0,0,0.000730007,0.00145899,0.000169534,0,7.40839e-07,0.000199802,0.000634197
all_features,lasso,shap,column,days_to_opex,days_to_opex,1,True,0.00295966,0.00194666,0.00403943,46,0,0.0022848,2.32725e-05,0,0.00024121,0.00141603,0.00683108,0.0044138,0.00258573,0.00599195,0.00131759,0.00334013,0.00334927
all_features,lasso,shap,column,har_ma_1_x_open,har_ma_1_x_open,1,False,0,0,0,0,0,0,0,0,0,0,0,0,0,0,0,0,0
all_features,lasso,shap,column,har_ma_1_x_close,har_ma_1_x_close,1,True,0,0,0,205,0,0,0,0,0,0,0,0,0,0,0,0,0
all_features,lasso,shap,column,har_ma_5_x_open,har_ma_5_x_open,1,False,0,0,0,0,0,0,0,0,0,0,0,0,0,0,0,0,0
all_features,lasso,shap,column,har_ma_5_x_close,har_ma_5_x_close,1,True,0,0,0,205,0,0,0,0,0,0,0,0,0,0,0,0,0
all_features,lasso,shap,column,har_ma_25_x_open,har_ma_25_x_open,1,False,0,0,0,0,0,0,0,0,0,0,0,0,0,0,0,0,0
all_features,lasso,shap,column,har_ma_25_x_close,har_ma_25_x_close,1,True,0,0,0,205,0,0,0,0,0,0,0,0,0,0,0,0,0
all_features,lasso,shap,column,har_ma_125_x_open,har_ma_125_x_open,1,False,0,0,0,0,0,0,0,0,0,0,0,0,0,0,0,0,0
all_features,lasso,shap,column,har_ma_125_x_close,har_ma_125_x_close,1,True,0,0,0,205,0,0,0,0,0,0,0,0,0,0,0,0,0
all_features,lasso,shap,column,har_ma_625_x_open,har_ma_625_x_open,1,False,0,0,0,0,0,0,0,0,0,0,0,0,0,0,0,0,0
all_features,lasso,shap,column,har_ma_625_x_close,har_ma_625_x_close,1,True,0,0,0,205,0,0,0,0,0,0,0,0,0,0,0,0,0
all_features,lasso,shap,column,har_ma_3125_x_open,har_ma_3125_x_open,1,False,0,0,0,0,0,0,0,0,0,0,0,0,0,0,0,0,0
all_features,lasso,shap,column,har_ma_3125_x_close,har_ma_3125_x_close,1,True,0,0,0,205,0,0,0,0,0,0,0,0,0,0,0,0,0
all_features,lasso,shap,series,har_ma,har_ma_*,18,True,0.463409,0.383411,0.539928,1,1,0.207053,0.00667462,0.594608,0.660326,0.594835,0.41924,0.169858,0.386339,0.496155,0.565425,0.480403,0.420193
all_features,lasso,shap,series,sumret,adj_sumret_ma_*,12,True,0.0921687,0.0775101,0.105541,3,0.782313,0.0416426,0.000804128,0.135648,0.11997,0.115208,0.0660921,0.0469927,0.08419,0.106945,0.114978,0.0972251,0.081918
all_features,lasso,shap,series,sumabsret,adj_sumabsret_ma_*,12,True,0.0130401,0.0070931,0.0194438,11,0.0884354,0.010678,0.000670491,0,0.00885795,0.0153887,0.0223375,0.0217412,0.00794423,0,0.00569344,0.0127006,0.0157386
all_features,lasso,shap,series,sumret3,adj_sumret3_ma_*,12,True,0.004556,0.00229185,0.00713136,29,0,0.00408389,-0.000344958,0.000877989,0,0,0.00660069,0.0150863,0.0046275,0,0.000626113,0.00345855,0.00642797
all_features,lasso,shap,series,sumret4,adj_sumret4_ma_*,12,True,0.0251877,0.0207058,0.0300948,5,0.29932,0.0164038,0.00125999,0.0198647,0.0208942,0.0266295,0.0340845,0.0315695,0.0212838,0.00751952,0.0173517,0.0224555,0.0291749
all_features,lasso,shap,series,sumpret2,adj_sumpret2_ma_*,12,True,0.00116396,0.000403622,0.00210225,42,0,0.000974134,0.00056688,0,0,0,0.000305962,0.00393049,0.002603,0,0.000148031,0.00124358,0.0014779
all_features,lasso,shap,series,sumbipow,adj_sumbipow_ma_*,12,True,0.00109571,0.000436107,0.00187888,44,0,0.000987034,-1.49616e-05,0,0,0,0.0028305,0.0021582,0.00144966,0,0.000215537,0.00143234,0.00124245
all_features,lasso,shap,series,sumautocov,adj_sumautocov_ma_*,12,True,0.0229482,0.0194648,0.0269054,6,0.380952,0.0111371,0.00160711,0.0269312,0.0219973,0.0401265,0.0209339,0.0137666,0.0166536,0.020512,0.021063,0.0187801,0.0255502
all_features,lasso,shap,series,sumvolume,adj_sumvolume_ma_*,12,True,0.00877021,0.00598266,0.0116987,16,0.122449,0.00460237,0.00027676,0.00380462,0.015812,0.00090236,0.00449343,0.00964413,0.00824171,0.0311053,0.01146,0.0121625,0.00625316
all_features,lasso,shap,series,numobs,adj_numobs_ma_*,18,True,0.00040641,0.000194125,0.000661487,47,0,0.00035796,-7.24545e-05,0,1.69398e-08,8.71369e-05,0.000917376,0.00114835,0.000235188,0,8.96698e-06,0.000271923,0.000606724
all_features,lasso,shap,series,sumret2_ewstock,adj_sumret2_ewstock_ma_*,12,True,0.000267484,2.78313e-06,0.000602685,48,0,0.000264268,5.79351e-05,0,0,0,7.07788e-06,0.00156466,0,0,0,1.45718e-06,0.000484423
all_features,lasso,shap,series,sumret3_ewstock,adj_sumret3_ewstock_ma_*,12,True,0.00116439,0.000534377,0.00191262,41,0,0.00102429,-0.000127987,0,0,0,0.00136438,0.00386319,0.00161439,0,0.000197675,0.00100714,0.00157214
all_features,lasso,shap,series,sumret4_ewstock,adj_sumret4_ewstock_ma_*,12,True,0.00232378,0.001266,0.00355631,35,0,0.00103847,0.000132732,0,0,0.000925846,0.00378176,0.000467463,0.00476721,0.0117476,0.00390564,0.00330084,0.00131979
all_features,lasso,shap,series,sumabsret_ewstock,adj_sumabsret_ewstock_ma_*,12,True,0.00755891,0.00375386,0.0119209,18,0.0204082,0.00699351,0.00156717,0.000836065,6.01439e-05,5.66202e-05,0.0114202,0.0231565,0.00928542,0,0.000630624,0.00762934,0.00992091
all_features,lasso,shap,series,sumbipow_ewstock,adj_sumbipow_ewstock_ma_*,12,True,0.00754014,0.00375678,0.0123181,19,0.0272109,0.0066144,0.00048443,0,0,0,0.00714208,0.0165489,0.0187675,0.00584596,0.00204901,0.0125827,0.00707889
all_features,lasso,shap,series,sumpret2_ewstock,adj_sumpret2_ewstock_ma_*,12,True,0.01234,0.00729839,0.0179122,12,0.14966,0.00589094,-0.000472765,0,0,0.0289886,0.0178399,0.00410063,0.0185729,0.00951838,0.00981867,0.010658,0.0139985
all_features,lasso,shap,series,turnover_ewstock,adj_turnover_ewstock_ma_*,12,True,0.00408394,0.00192447,0.00674955,30,0,0.00373942,-5.02697e-05,0,0,0,0.0052067,0.0108706,0.00791999,0,0.000590969,0.0055266,0.00461637
all_features,lasso,shap,series,buyturnover_ewstock,adj_buyturnover_ewstock_ma_*,12,True,0.00125605,0.000561369,0.00211322,40,0,0.00111836,1.11817e-06,0,0,1.80266e-07,0.00167514,0.00326115,0.00244411,0,6.534e-05,0.00176089,0.00143145
all_features,lasso,shap,series,sellturnover_ewstock,adj_sellturnover_ewstock_ma_*,12,True,0.00225498,0.000629737,0.00466466,38,0.00680272,0.00217842,0.00054315,0,0,0,0.000691394,0.00397182,0.00855383,0.000105067,0.000338745,0.00531212,0.00148694
all_features,lasso,shap,series,effspread_ewstock,adj_effspread_ewstock_ma_*,12,True,0.0063977,0.0030744,0.010468,20,0.0204082,0.00542908,-0.000529138,0,0,0.000123273,0.00403681,0.0160442,0.017098,0.000919453,0.00315568,0.00867604,0.00645235
all_features,lasso,shap,series,spread_ewstock,adj_spread_ewstock_ma_*,12,True,0.00230662,0.00107837,0.00363918,37,0,0.00204338,0.000416073,0,0,0,0.00259306,0.00708126,0.0038472,0.000101827,0.000160277,0.00268665,0.00287075
all_features,lasso,shap,series,sumret2_vwstock,adj_sumret2_vwstock_ma_*,12,True,0.00510918,0.00253824,0.0080646,25,0,0.00472164,0.000903257,0,0,0,0.00862317,0.0140384,0.00735999,0,0.000547129,0.00571025,0.00640494
all_features,lasso,shap,series,sumret3_vwstock,adj_sumret3_vwstock_ma_*,12,True,0.00497233,0.00247292,0.00779675,27,0,0.00441311,0.000148722,0,0,2.93432e-07,0.0061151,0.0152318,0.00787024,0,0.000733565,0.00492013,0.00646201
all_features,lasso,shap,series,sumret4_vwstock,adj_sumret4_vwstock_ma_*,12,True,0.00575355,0.00445753,0.00698604,22,0,0.00356017,-0.00150773,0.0105537,0.00724297,0.00399396,0.00565891,0.00793149,0.00320289,0,0.00432697,0.00562076,0.00630882
all_features,lasso,shap,series,sumabsret_vwstock,adj_sumabsret_vwstock_ma_*,12,True,0.0974997,0.0823101,0.113358,2,0.85034,0.0482342,0.0037503,0.175485,0.123923,0.116117,0.062191,0.0527476,0.086062,0.112843,0.128918,0.0917249,0.0893412
all_features,lasso,shap,series,sumbipow_vwstock,adj_sumbipow_vwstock_ma_*,12,True,0.00301132,0.00145577,0.00481409,31,0,0.00276128,0.000204533,0,0,0,0.00362698,0.00921312,0.00485444,0,0.000517213,0.00305193,0.00385448
all_features,lasso,shap,series,sumpret2_vwstock,adj_sumpret2_vwstock_ma_*,12,True,0.0104887,0.00752383,0.0136862,15,0.00680272,0.00794028,-0.0017438,0.00428056,0.00646633,0.0100153,0.0134104,0.0207864,0.00846858,0,0.00234961,0.00945816,0.0137844
all_features,lasso,shap,series,turnover_vwstock,adj_turnover_vwstock_ma_*,12,True,0.000849327,0.000178539,0.00176906,45,0.00680272,0.000506893,-0.000222357,0,0,0,0.000723528,0.00167195,3.17574e-05,0.00811207,0,0.00199,0.000609201
all_features,lasso,shap,series,buyturnover_vwstock,adj_buyturnover_vwstock_ma_*,12,True,0.00593823,0.00350181,0.00873941,21,0.00680272,0.00479092,0.000260793,0.00342998,0.00268056,0.000883001,0.00519165,0.0148952,0.00935181,0,0.00305738,0.00726615,0.00631275
all_features,lasso,shap,series,sellturnover_vwstock,adj_sellturnover_vwstock_ma_*,12,True,0.0343424,0.0197018,0.0545646,4,0.333333,0.0152846,0.00294235,0,0,0.0281843,0.0286851,0.0247922,0.0717757,0.153033,0.0638752,0.0351157,0.0237717
all_features,lasso,shap,series,effspread_vwstock,adj_effspread_vwstock_ma_*,12,True,0.0081518,0.0057367,0.0107264,17,0.00680272,0.00599867,-0.000463601,0.00990623,0.00656138,0.0029038,0.00869525,0.0159865,0.00833939,0,0.00401113,0.00846959,0.00943445
all_features,lasso,shap,series,spread_vwstock,adj_spread_vwstock_ma_*,12,True,0.00113073,0.000596034,0.00174869,43,0,0.000722855,-0.000202191,0.00472415,0.000467879,0,0.00169692,0.00176379,0.000240281,0,0.00124279,0.00071667,0.00128572
all_features,lasso,shap,series,stocktwits_attention,adj_stocktwits_attention_ma_*,12,True,0.00273776,0.0014008,0.00417584,32,0,0.00220355,0.000464797,0,0,0.000622329,0.00564706,0.00799188,0.00182582,0,0.000146138,0.00215682,0.00390546
all_features,lasso,shap,series,stocktwits_sentiment,adj_stocktwits_sentiment_ma_*,12,True,0.00461534,0.00158443,0.00848826,28,0.00680272,0.00391953,-0.00166445,0,0,0,0.0178068,0.00740162,0.00191132,0,0.000231691,0.00446333,0.00620181
all_features,lasso,shap,series,stocktwits_sentcount,adj_stocktwits_sentcount_ma_*,12,True,0.00244984,0.00120324,0.00400098,34,0,0.00182672,0.000371848,0.000183099,0.00137191,0.00124531,0.00164797,0.00464013,0.00533987,0,0.000924919,0.00323557,0.00260934
all_features,lasso,shap,series,vix,adj_vix_ma_*,12,True,0.02281,0.010965,0.0360828,7,0.190476,0.0208723,0.0146102,0,0,1.09522e-05,0.0291004,0.0825716,0.0216295,0.00227488,0.0055629,0.0130297,0.0333481
all_features,lasso,shap,series,vvix,adj_vvix_ma_*,12,True,0.0113938,0.00534192,0.0181775,13,0.0816327,0.00995651,0.00271042,0.000225981,1.22367e-05,0.000730107,0.0282663,0.0280109,0.0098126,0,0.000975433,0.00855503,0.0163235
all_features,lasso,shap,series,vix3m,adj_vix3m_ma_*,12,True,0.0227293,0.0105915,0.0370134,8,0.238095,0.0206707,-0.0162662,0,0,0,0.0461082,0.0707767,0.0166725,0,0.00326887,0.014096,0.0334959
all_features,lasso,shap,series,voldemand_spx_open_and_close,adj_voldemand_spx_open_and_close_ma_*,18,True,0.0023142,0.000945133,0.00407613,36,0,0.0019717,0.00164172,0,0,0,0.00108386,0.0066071,0.00590728,0,0.000540704,0.00301033,0.00260154
all_features,lasso,shap,series,voldemand_spx_open_only,adj_voldemand_spx_open_only_ma_*,18,True,0.00497962,0.00234306,0.00816282,26,0,0.00417304,0.00136688,0,0,0,0.0087727,0.0111116,0.00937588,0,0.000778325,0.00655893,0.00569295
all_features,lasso,shap,series,voldemand_all_open_and_close,adj_voldemand_all_open_and_close_ma_*,18,True,0.00527713,0.00227977,0.0087344,24,0,0.00477615,-0.00452516,0,0,0,0.0122631,0.0158046,0.00294069,0,0.000185897,0.00329442,0.00796478
all_features,lasso,shap,series,voldemand_all_open_only,adj_voldemand_all_open_only_ma_*,18,True,0.00245247,0.00112924,0.00408046,33,0,0.00208709,0.00051286,0,0,0,0.00395383,0.00471322,0.00574363,0,0.000383581,0.00354005,0.00265875
all_features,lasso,shap,series,ofi_ewstock,adj_ofi_ewstock_ma_*,12,True,0.0206,0.0130755,0.0288221,10,0.142857,0.01491,0.00985038,0,0,0.00848353,0.0211054,0.0530312,0.0321377,0.0198985,0.0113192,0.0164116,0.025768
all_features,lasso,shap,series,ofi_vwstock,adj_ofi_vwstock_ma_*,12,True,0.0210958,0.0090889,0.0343954,9,0.217687,0.0189715,-0.014492,0,0,0,0.0165762,0.0758474,0.0294134,0.00671432,0.000627412,0.0198277,0.0287646
all_features,lasso,shap,series,fomc_release,adj_fomc_release_ma_*,18,True,0,0,0,49,0,0,0,0,0,0,0,0,0,0,0,0,0
all_features,lasso,shap,series,fomc_day,adj_fomc_day_ma_*,18,True,0.001968,0.00104059,0.0030348,39,0,0.00165525,1.77474e-05,0.000221339,0.000214471,0.000183903,0.00197778,0.00541685,0.00364659,2.32301e-06,0.000701233,0.00220228,0.00229628
all_features,lasso,shap,series,fomc_until_inv,adj_fomc_until_inv_ma_*,12,True,0.000776942,0.00037948,0.00127867,46,0,0.000459443,7.75243e-05,0,0.0014301,0.00067222,0.000175534,0.000960177,0.00127008,0,0.00079259,0.00117734,0.000584187
all_features,lasso,shap,series,fomc_since_inv,adj_fomc_since_inv_ma_*,12,True,0.00539775,0.00340548,0.00757617,23,0.0136054,0.0040098,8.22016e-05,0.00841963,0.00144872,0.00105517,0.00724407,0.012313,0.00522011,0,0.00384942,0.00446143,0.00637109
all_features,lasso,shap,series,calendar,"calendar (DOW_*, is_*, ...)",16,True,0.0109145,0.00641059,0.0157808,14,0,0.0086817,9.18584e-05,0,0.00026275,0.00162663,0.020058,0.0269173,0.0131578,0.0066465,0.00225039,0.0106602,0.0140284
all_features,lasso,shap,cluster,C01,C01: sumret3_ewstock_avail_ma_625 +1,2,True,0,0,0,120,0,0,0,0,0,0,0,0,0,0,0,0,0
all_features,lasso,shap,cluster,C02,C02: sumret2_ewstock_avail_ma_625 +21,22,True,0,0,0,120,0,0,0,0,0,0,0,0,0,0,0,0,0
all_features,lasso,shap,cluster,C03,C03: adj_fomc_since_inv_ma_1 +3,4,True,0.00515986,0.00323995,0.0072221,25,0,0.00369936,6.54177e-05,0.00787764,0.00137314,0.00101436,0.00673213,0.012433,0.00461539,0,0.00361933,0.00385731,0.00630185
all_features,lasso,shap,cluster,C04,C04: adj_fomc_until_inv_ma_1 +2,3,True,0.000343086,5.65668e-05,0.000736416,98,0,0.000140774,2.66176e-05,0,0.001337,0.000625492,0,0,0,0,0.000612759,0.000567082,0.000145058
all_features,lasso,shap,cluster,C05,C05: fomc_day_active_ma_1 +2,3,True,0,0,0,120,0,0,0,0,0,0,0,0,0,0,0,0,0
all_features,lasso,shap,cluster,C06,C06: adj_fomc_day_ma_1 +2,3,True,0.000820127,0.000441108,0.00125254,79,0,0.000646494,-9.92722e-07,0.000201721,0.000201279,0.00017589,0.00182112,0.00202617,0.000481038,1.95311e-06,0.000376422,0.000568951,0.00109103
all_features,lasso,shap,cluster,C07,C07: sumret3_ewstock_avail_ma_25 +1,2,True,0,0,0,120,0,0,0,0,0,0,0,0,0,0,0,0,0
all_features,lasso,shap,cluster,C08,C08: sumret2_ewstock_avail_ma_1 +47,48,True,0,0,0,120,0,0,0,0,0,0,0,0,0,0,0,0,0
all_features,lasso,shap,cluster,C09,C09: sumret2_ewstock_avail_ma_25 +21,22,True,0,0,0,120,0,0,0,0,0,0,0,0,0,0,0,0,0
all_features,lasso,shap,cluster,C10,C10: is_quad_witch +1,2,True,0.000127098,4.54731e-05,0.000224845,102,0,0.000110136,-1.92653e-05,0,0,0,0.000295216,0.000391794,5.98152e-05,0,2.19186e-06,6.48598e-05,0.000199396
all_features,lasso,shap,cluster,C11,C11: adj_sumabsret_ewstock_ma_3125 +1,2,True,0,0,0,120,0,0,0,0,0,0,0,0,0,0,0,0,0
all_features,lasso,shap,cluster,C12,C12: adj_sumabsret_ma_3125 +3,4,True,0.000943797,0.000318499,0.00171999,77,0,0.000746165,-0.000268517,0,0,0,0,0.00251751,0.00302824,0,0.000375534,0.00132541,0.000961676
all_features,lasso,shap,cluster,C13,C13: adj_sumret4_ewstock_ma_3125 +1,2,True,0,0,0,120,0,0,0,0,0,0,0,0,0,0,0,0,0
all_features,lasso,shap,cluster,C14,C14: adj_sumret2_ewstock_ma_3125 +5,6,True,0,0,0,120,0,0,0,0,0,0,0,0,0,0,0,0,0
all_features,lasso,shap,cluster,C15,C15: adj_vvix_ma_1 +3,4,True,0.00619672,0.00257073,0.0104286,18,0.047619,0.00494142,-0.00232651,0.000212847,1.16743e-05,0.000704546,0.00246727,0.0232173,0.00989997,0,0.00104366,0.00399249,0.00900939
all_features,lasso,shap,cluster,C16,C16: adj_vix_ma_3125 +1,2,True,0.000910816,0.000301508,0.00174395,78,0,0.000289045,-7.96637e-05,0,0,1.0299e-05,0.00313134,0,0.00154138,0.00211689,0.0011142,0.00100047,0.000798561
all_features,lasso,shap,cluster,C17,C17: adj_vix_ma_1 +9,10,True,0.0120818,0.0054522,0.0200071,10,0.142857,0.0105028,-0.00157626,0,0,0,0.0327668,0.0296707,0.0085553,0,0.00118557,0.00892785,0.0173242
all_features,lasso,shap,cluster,C18,C18: adj_sumautocov_ma_625 +1,2,True,0.00173194,0.000802465,0.00278364,58,0,0.00147255,-0.000810246,0,0,0,0.00368331,0.00461558,0.00187801,0,0.000270664,0.00131951,0.00243005
all_features,lasso,shap,cluster,C19,C19: stocktwits_attention_avail_ma_1 +1,2,True,0,0,0,120,0,0,0,0,0,0,0,0,0,0,0,0,0
all_features,lasso,shap,cluster,C20,C20: adj_voldemand_spx_open_only_ma_125 +1,2,True,0.00326833,0.0014447,0.00543698,39,0,0.00274337,0.000247307,0,0,0,0.00777258,0.00468778,0.00674436,0,0.000603549,0.00522827,0.00327243
all_features,lasso,shap,cluster,C21,C21: adj_voldemand_spx_open_only_ma_625 +1,2,True,0.00211198,0.000577534,0.00414915,48,0,0.0016137,0.00138805,0,0,0,0.000646443,0.00788417,0.00387941,0,0.000293504,0.001651,0.00295629
all_features,lasso,shap,cluster,C22,C22: adj_voldemand_spx_open_only_ma_3125 +1,2,True,0.00204561,0.000837155,0.0035396,50,0,0.00168417,0.000745925,0,0,0,0.00286893,0.0036782,0.00547287,0,0.000365082,0.00303528,0.00216346
all_features,lasso,shap,cluster,C23,C23: adj_stocktwits_sentiment_ma_25 +1,2,True,0.000681101,0.000265262,0.00116872,83,0,0.000592506,-0.000367422,0,0,0,0.00193763,0.00117098,0.000893535,0,1.64695e-06,0.000865915,0.000829499
all_features,lasso,shap,cluster,C24,C24: adj_ofi_ewstock_ma_625 +1,2,True,0.0111177,0.00504949,0.0180237,12,0.108844,0.00931033,-0.00625528,0,0,0,0.0101311,0.0378953,0.0168187,0.0015267,0.000860457,0.0114271,0.0145187
all_features,lasso,shap,cluster,C25,C25: adj_ofi_ewstock_ma_125 +1,2,True,0.00540446,0.00308546,0.00799629,23,0,0.00333297,0.00122673,0,0,0.000149188,0.00525385,0.010019,0.013769,0.00811889,0.00664491,0.00545557,0.00495175
all_features,lasso,shap,cluster,C26,C26: adj_sumret3_ewstock_ma_625 +1,2,True,0.000689777,0.00014746,0.00146725,82,0,0.000618848,-0.000232088,0,0,0,0.000715543,0.00045266,0.00288492,0,0.000277539,0.00168207,0.000367984
all_features,lasso,shap,cluster,C27,C27: adj_sumret3_ewstock_ma_125 +1,2,True,7.6755e-05,1.47636e-05,0.000157145,104,0,7.18886e-05,-3.90279e-05,0,0,0,0,0.000277111,0.000173901,0,0,8.78399e-05,9.81009e-05
all_features,lasso,shap,cluster,C28,C28: adj_sumret3_ewstock_ma_25 +1,2,True,0.00171988,0.000705868,0.00284241,59,0,0.00142529,0.000104217,0,0,2.87484e-07,0.000761014,0.00622684,0.00311788,0,0.00024006,0.00165804,0.00226036
all_features,lasso,shap,cluster,C29,C29: adj_stocktwits_sentcount_ma_5 +1,2,True,0.00072185,0.000470108,0.000989355,80,0,0.000395561,7.6928e-05,0.000172213,0.00129828,0.00117336,0.000249112,0.000752897,0.000626458,0,0.000541949,0.000822262,0.000737054
all_features,lasso,shap,cluster,C30,C30: har_ma_625 +2,3,True,0.0016974,0.00073043,0.00276951,61,0,0.00147233,1.85542e-05,0,0,0,0.00136867,0.0062548,0.00235047,0,7.18483e-05,0.00158607,0.00231141
all_features,lasso,shap,cluster,C31,C31: adj_voldemand_spx_open_only_ma_1 +1,2,True,0.00200481,0.000996809,0.00313693,52,0,0.00164638,-0.000569604,0,0,0,0.00319302,0.00576142,0.00282583,0,0.000148117,0.0018768,0.00270653
all_features,lasso,shap,cluster,C32,C32: adj_voldemand_spx_open_only_ma_5 +1,2,True,0.00151934,0.000736623,0.00240181,63,0,0.00124746,6.57056e-05,0,0,0,0.00329375,0.00379404,0.00183986,0,8.35262e-05,0.00158006,0.00198726
all_features,lasso,shap,cluster,C33,C33: adj_voldemand_spx_open_only_ma_25 +1,2,True,6.79968e-05,2.70808e-06,0.000160566,108,0,5.85313e-05,2.35035e-06,0,0,0,0.000195647,0,0.000203902,0,2.29888e-05,0.000182621,2.99224e-05
all_features,lasso,shap,cluster,C34,C34: adj_voldemand_spx_open_and_close_ma_1 +1,2,True,0.00149782,0.000662596,0.00247521,64,0,0.00128212,-0.000817957,0,0,0,0.0035757,0.0041526,0.00107289,0,6.24177e-05,0.00120632,0.0021304
all_features,lasso,shap,cluster,C35,C35: adj_voldemand_spx_open_and_close_ma_5 +1,2,True,0.000667114,0.000244637,0.0011553,84,0,0.000580489,0.000415175,0,0,0,0.0011166,0.00235209,0.000451268,0,6.83963e-05,0.000484197,0.000959666
all_features,lasso,shap,cluster,C36,C36: adj_voldemand_spx_open_and_close_ma_25 +1,2,True,0.00289989,0.00141222,0.00460814,42,0,0.00243445,-0.00216466,0,0,0,0.0041833,0.00939316,0.00346327,0,0.000278142,0.00218651,0.00413996
all_features,lasso,shap,cluster,C37,C37: adj_voldemand_spx_open_and_close_ma_125 +1,2,True,0.00205594,0.000671402,0.00361412,49,0,0.00177269,-0.00174993,0,0,0,0.00564359,0.00635394,8.31785e-05,0,7.6371e-06,0.000820719,0.00334196
all_features,lasso,shap,cluster,C38,C38: adj_voldemand_spx_open_and_close_ma_625 +1,2,True,9.50066e-06,0,3.19994e-05,117,0,1.01222e-05,1.01222e-05,0,0,0,0,0,5.58259e-05,0,0,3.62406e-05,2.73172e-07
all_features,lasso,shap,cluster,C39,C39: adj_voldemand_spx_open_and_close_ma_3125 +1,2,True,6.29567e-05,2.63452e-06,0.000145353,110,0,5.24098e-05,-5.24098e-05,0,0,0,0.000352093,2.38765e-06,1.54532e-05,0,1.37975e-05,3.54733e-05,9.28095e-05
all_features,lasso,shap,cluster,C40,C40: adj_spread_ewstock_ma_1 +1,2,True,0.00125845,0.000627931,0.00201866,69,0,0.001118,0.000342111,0,0,0,0.0020773,0.00322191,0.00206491,9.65557e-05,0.00012314,0.0015135,0.00153156
all_features,lasso,shap,cluster,C41,C41: adj_effspread_ewstock_ma_1 +1,2,True,0.00190146,0.000812967,0.00325519,53,0,0.00131417,-0.000179531,0,0,0,0.000405802,0.00288011,0.00761737,0.000853565,0.00216484,0.00316025,0.00122143
all_features,lasso,shap,cluster,C42,C42: adj_effspread_vwstock_ma_1 +1,2,True,0.00703115,0.00494029,0.00951662,15,0.00680272,0.00489725,0.000810579,0.00935053,0.00617576,0.00277116,0.00532481,0.0136694,0.00826457,0,0.00407729,0.00716276,0.00799066
all_features,lasso,shap,cluster,C43,C43: adj_spread_vwstock_ma_1 +1,2,True,0.000475237,8.29365e-05,0.00100434,89,0,0.000162518,6.00273e-05,0.00442513,0.000441768,0,1.91959e-05,1.27921e-05,0,0,0.00116131,0.000377001,0.00028404
all_features,lasso,shap,cluster,C44,C44: adj_numobs_ma_1 +3,4,True,0,0,0,120,0,0,0,0,0,0,0,0,0,0,0,0,0
all_features,lasso,shap,cluster,C45,C45: adj_stocktwits_attention_ma_1 +1,2,True,0.0024195,0.00113015,0.00379493,46,0,0.00185777,0.000375214,0,0,0.00059867,0.00540452,0.00755426,0.000659506,0,2.45977e-07,0.00151854,0.00367734
all_features,lasso,shap,cluster,C46,C46: har_ma_25 +3,4,True,0.144418,0.115819,0.172828,2,0.897959,0.0662202,0.00111672,0.167397,0.209384,0.217028,0.137289,0.0433259,0.10091,0.143179,0.167653,0.146294,0.135509
all_features,lasso,shap,cluster,C47,C47: adj_turnover_ewstock_ma_1 +5,6,True,0.00350024,0.0017353,0.00557212,37,0,0.00305181,-7.64377e-05,0,0,0,0.00520318,0.0105362,0.0047965,9.97073e-05,0.000367626,0.00367965,0.00449918
all_features,lasso,shap,cluster,C48,C48: adj_sumvolume_ma_1 +1,2,True,0.0102081,0.00738802,0.0131098,13,0.0204082,0.00605787,0.00069528,0.00360546,0.0147846,0.000843557,0.00838841,0.0145526,0.00969752,0.0292724,0.0109465,0.0130369,0.00862934
all_features,lasso,shap,cluster,C49,C49: har_ma_1 +3,4,True,0.327547,0.278124,0.373986,1,1,0.151492,0.00550936,0.424839,0.450055,0.384799,0.288846,0.151197,0.292838,0.373453,0.40303,0.33817,0.296483
all_features,lasso,shap,cluster,C50,C50: adj_sumabsret_ewstock_ma_1 +3,4,True,0.0909001,0.0759847,0.106472,3,0.918367,0.045543,0.00436312,0.165944,0.116327,0.110606,0.0581899,0.0470295,0.0775701,0.105893,0.121009,0.084446,0.0835119
all_features,lasso,shap,cluster,C51,C51: adj_sumabsret_ma_1 +7,8,True,0.0120476,0.00692245,0.01784,11,0.0952381,0.00948996,0.0025975,0,0.00826073,0.0146876,0.0143007,0.0246507,0.00856161,0,0.00590427,0.0123876,0.0140122
all_features,lasso,shap,cluster,C52,C52: sumret2_ewstock_avail_ma_125 +23,24,True,0,0,0,120,0,0,0,0,0,0,0,0,0,0,0,0,0
all_features,lasso,shap,cluster,C53,C53: adj_stocktwits_attention_ma_125 +1,2,True,0.000322828,9.76715e-05,0.000599163,99,0,0.00025017,-3.93232e-05,0,0,0,4.55638e-05,0.000788192,0.00106318,0,0.00010819,0.000523874,0.000302954
all_features,lasso,shap,cluster,C54,C54: adj_stocktwits_attention_ma_625 +1,2,True,0.000479059,0.000123731,0.00093551,88,0,0.000395485,-0.000172305,0,0,0,0,0.00161772,0.00119723,0,0.000153174,0.000528861,0.000568408
all_features,lasso,shap,cluster,C55,C55: vix3m_avail_ma_625 +1,2,True,0,0,0,120,0,0,0,0,0,0,0,0,0,0,0,0,0
all_features,lasso,shap,cluster,C56,C56: vix_avail_ma_1 +4,5,True,0,0,0,120,0,0,0,0,0,0,0,0,0,0,0,0,0
all_features,lasso,shap,cluster,C57,C57: adj_numobs_ma_3125 +33,34,True,0,0,0,120,0,0,0,0,0,0,0,0,0,0,0,0,0
all_features,lasso,shap,cluster,C58,C58: adj_turnover_vwstock_ma_625 +2,3,True,0.00364105,0.00138991,0.0066285,35,0.0204082,0.00298581,0.000103839,0,0,0,0.00195308,0.00915941,0.0102823,0,0.00118737,0.00571232,0.00352009
all_features,lasso,shap,cluster,C59,C59: adj_turnover_ewstock_ma_3125 +7,8,True,0.000417416,0,0.00125396,92,0.00680272,0.000130585,-0.000130585,0,0,0,0,0,0,0.00776183,0,0.0016179,0
all_features,lasso,shap,cluster,C60,C60: adj_turnover_ewstock_ma_625 +2,3,True,0.00189034,0.000600547,0.00378965,54,0.00680272,0.00180343,0.000573324,0,0,0,0.000687415,0.00365394,0.0067663,0,0.000152432,0.00430973,0.00135907
all_features,lasso,shap,cluster,C61,C61: adj_turnover_vwstock_ma_1 +5,6,True,0.0374754,0.0231441,0.0561816,5,0.367347,0.0190561,0.0032555,0,0,0.0265285,0.032696,0.0414344,0.0751902,0.140368,0.0598991,0.0380609,0.02945
all_features,lasso,shap,cluster,C62,C62: adj_turnover_vwstock_ma_25 +5,6,True,0.00545573,0.00328034,0.00783141,22,0.00680272,0.00422201,-0.000247966,0.00320188,0.00253721,0.00083006,0.00856905,0.0129299,0.00542513,0,0.00227493,0.0061333,0.00623822
all_features,lasso,shap,cluster,C63,C63: adj_turnover_ewstock_ma_125 +2,3,True,6.77663e-05,1.1156e-05,0.00014767,109,0,5.3034e-05,-1.94044e-06,0,0,1.76894e-07,0.000243007,6.30808e-05,9.19301e-05,0,5.24903e-06,9.54104e-05,7.64425e-05
all_features,lasso,shap,cluster,C64,C64: adj_turnover_ewstock_ma_25 +2,3,True,0.00112884,0.000506362,0.00188518,75,0,0.000980326,-9.46715e-07,0,0,0,0.00146548,0.00278915,0.00237842,0,7.06301e-05,0.00170443,0.00122532
all_features,lasso,shap,cluster,C65,C65: sumret2_ewstock_avail_ma_3125 +21,22,True,0,0,0,120,0,0,0,0,0,0,0,0,0,0,0,0,0
all_features,lasso,shap,cluster,C66,C66: voldemand_spx_open_and_close_active_ma_25 +15,16,True,0.00202595,0.000529812,0.00400906,51,0,0.00160267,0.00147623,0,0,0,0,0.00536275,0.00654171,0,0.000623189,0.0029762,0.00206623
all_features,lasso,shap,cluster,C67,C67: numobs_active_ma_625 +1,2,True,0,0,0,120,0,0,0,0,0,0,0,0,0,0,0,0,0
all_features,lasso,shap,cluster,C68,C68: adj_effspread_ewstock_ma_3125 +1,2,True,0,0,0,120,0,0,0,0,0,0,0,0,0,0,0,0,0
all_features,lasso,shap,cluster,C69,C69: adj_sumret3_ewstock_ma_3125 +1,2,True,0,0,0,120,0,0,0,0,0,0,0,0,0,0,0,0,0
all_features,lasso,shap,cluster,C70,C70: adj_spread_vwstock_ma_25 +1,2,True,0.000277964,7.93755e-05,0.00051964,101,0,0.000225333,-9.86482e-05,0,0,0,0.000170663,0.00130495,0.000157703,0,0,9.78057e-05,0.000458346
all_features,lasso,shap,cluster,C71,C71: vix_avail_ma_25 +3,4,True,0,0,0,120,0,0,0,0,0,0,0,0,0,0,0,0,0
all_features,lasso,shap,cluster,C72,C72: sumret3_ewstock_avail_ma_3125 +1,2,True,0,0,0,120,0,0,0,0,0,0,0,0,0,0,0,0,0
all_features,lasso,shap,cluster,C73,C73: stocktwits_sentiment_avail_ma_25 +7,8,True,0,0,0,120,0,0,0,0,0,0,0,0,0,0,0,0,0
all_features,lasso,shap,cluster,C74,C74: vvix_avail_ma_1 +5,6,True,0,0,0,120,0,0,0,0,0,0,0,0,0,0,0,0,0
all_features,lasso,shap,cluster,C75,C75: voldemand_spx_open_and_close_avail_ma_1 +23,24,True,0,0,0,120,0,0,0,0,0,0,0,0,0,0,0,0,0
all_features,lasso,shap,cluster,C76,C76: stocktwits_attention_avail_ma_3125 +8,9,True,0,0,0,120,0,0,0,0,0,0,0,0,0,0,0,0,0
all_features,lasso,shap,cluster,C77,C77: stocktwits_sentiment_avail_ma_5 +1,2,True,0,0,0,120,0,0,0,0,0,0,0,0,0,0,0,0,0
all_features,lasso,shap,cluster,C78,C78: stocktwits_sentiment_avail_ma_1 +1,2,True,0,0,0,120,0,0,0,0,0,0,0,0,0,0,0,0,0
all_features,lasso,shap,cluster,C79,C79: har_ma_3125 +1,2,True,3.83164e-05,0,0.000108922,111,0,3.32247e-05,2.86789e-05,0,0,0,0,0.000225147,0,0,0,0,6.94898e-05
all_features,lasso,shap,cluster,C80,C80: adj_sumret4_ewstock_ma_625 +1,2,True,9.83386e-05,2.01681e-06,0.000287102,103,0,0.000114066,9.81546e-05,0,0,0,0,3.59849e-05,0.000541853,0,0,0.000336685,2.08096e-05
all_features,lasso,shap,cluster,C81,C81: adj_sumret4_ewstock_ma_25 +3,4,True,0.00149503,0.000611843,0.00259352,65,0,0.000762368,-0.000270522,0,0,0,0.00177033,0.00139248,0.00216269,0.0109472,0.00259412,0.00193649,0.000908542
all_features,lasso,shap,cluster,C82,C82: adj_effspread_ewstock_ma_625 +2,3,True,0.00445556,0.00220612,0.00708282,32,0,0.00385737,-0.00117319,0,0,0,0.00626898,0.0136086,0.00630332,0,0.00043538,0.00464495,0.00575663
all_features,lasso,shap,cluster,C83,C83: adj_sumabsret_ma_625 +3,4,True,0.014689,0.0111419,0.0191448,8,0.0544218,0.00725677,0.000370789,0.0187402,0.0196742,0.025546,0.0112406,0.00672077,0.0104137,0.00691587,0.0155242,0.0135633,0.014927
all_features,lasso,shap,cluster,C84,C84: adj_sumret2_ewstock_ma_625 +7,8,True,0.00615115,0.00300403,0.00971613,19,0.0204082,0.00544948,0.0009802,0,0,0,0.0108964,0.0191209,0.00612678,0,0.000411685,0.00599389,0.00820874
all_features,lasso,shap,cluster,C85,C85: adj_sumret4_ewstock_ma_1 +1,2,True,0.00600073,0.00496256,0.00691921,21,0,0.00338258,-0.00130881,0.00992043,0.00679265,0.00465185,0.00582465,0.00752292,0.00503788,0,0.00526322,0.00578707,0.00635564
all_features,lasso,shap,cluster,C86,C86: adj_sumret4_ewstock_ma_5 +1,2,True,0.000441784,0.00011974,0.000854553,90,0,0.000400225,0.000106176,0,0,0,0.00184402,0.000490474,0.000261425,0,6.07002e-05,0.000522499,0.000535749
all_features,lasso,shap,cluster,C87,C87: adj_spread_ewstock_ma_25 +1,2,True,0.000710596,0.000221828,0.00130871,81,0,0.000566588,-1.44633e-05,0,0,0,0.000330759,0.00333441,0.000510291,0,0,0.000250402,0.00117156
all_features,lasso,shap,cluster,C88,C88: adj_effspread_ewstock_ma_125 +1,2,True,0.000632871,0.000186571,0.00115698,85,0,0.000586893,-1.25682e-05,0,0,0,0.00206642,0.00165233,0,0,0,0.000406813,0.000957414
all_features,lasso,shap,cluster,C89,C89: adj_effspread_ewstock_ma_25 +1,2,True,0.00500892,0.0022533,0.00833149,27,0,0.00432392,-0.000349607,0,0,0.000112512,0.00383472,0.0150753,0.0104098,0,0.00108779,0.0059381,0.0059296
all_features,lasso,shap,cluster,C90,C90: adj_sumret2_ewstock_ma_5 +5,6,True,0.0048446,0.00238556,0.00764166,28,0,0.00420655,0.000202059,0,0,0,0.00933534,0.0135683,0.0055632,0,0.000313556,0.0047118,0.00647302
all_features,lasso,shap,cluster,C91,C91: adj_sumpret2_ewstock_ma_1 +1,2,True,0.00640614,0.0053662,0.00750359,17,0,0.00372243,-0.000604516,0.00274879,0.00605267,0.00951721,0.00441425,0.00754102,0.00589567,0.00807023,0.00471016,0.00614335,0.00711537
all_features,lasso,shap,cluster,C92,C92: adj_sumret2_ewstock_ma_1 +1,2,True,0,0,0,120,0,0,0,0,0,0,0,0,0,0,0,0,0
all_features,lasso,shap,cluster,C93,C93: adj_sumbipow_ewstock_ma_1 +1,2,True,0.00142484,0.000661285,0.00234465,66,0,0.00121126,0.000660353,0,0,0,0.00146879,0.0035626,0.00334099,0,0.000294356,0.00208957,0.0015046
all_features,lasso,shap,cluster,C94,C94: adj_sumabsret_ma_125 +3,4,True,0,0,0,120,0,0,0,0,0,0,0,0,0,0,0,0,0
all_features,lasso,shap,cluster,C95,C95: adj_sumabsret_ma_25 +3,4,True,0.00177665,0.000404118,0.0034502,57,0,0.00152189,-0.000217376,0,0,0,0.000237847,0.00968383,0.000517924,0,2.12872e-05,0.000319045,0.00306546
all_features,lasso,shap,cluster,C96,C96: adj_sumret2_ewstock_ma_125 +3,4,True,0.00971089,0.0053793,0.0146371,14,0.047619,0.00590535,-0.00056757,0,0,0.0252164,0.0191627,0.00912158,0.00356049,0,0,0.00664186,0.0145037
all_features,lasso,shap,cluster,C97,C97: adj_sumret2_vwstock_ma_125 +3,4,True,0.00113184,0.000410507,0.00205066,74,0,0.000915021,-0.000221081,0.00138882,0,0,0.00378484,0.00119488,0.000948789,0,5.12551e-05,0.001335,0.00141032
all_features,lasso,shap,cluster,C98,C98: adj_sumret2_ewstock_ma_25 +3,4,True,0.00612686,0.00341148,0.00952076,20,0.00680272,0.00358482,1.10314e-06,0,0,0.00271126,0.00362353,0.00573667,0.0216765,0.00713127,0.00868328,0.00909268,0.00385545
all_features,lasso,shap,cluster,C99,C99: adj_sumret2_vwstock_ma_25 +3,4,True,0.00184369,0.000769203,0.00308674,56,0,0.00166099,-6.26044e-05,0,0,0,0.00456277,0.00509625,0.00117452,0,4.79067e-05,0.00179324,0.00248807
all_features,lasso,shap,cluster,C100,C100: adj_sumret3_ewstock_ma_1 +1,2,True,0.00121765,0.000467704,0.00212825,73,0,0.000956756,6.33471e-06,0,0,0,0.000663647,0.00402131,0.00246993,0,0.000391872,0.00113044,0.0015439
all_features,lasso,shap,cluster,C101,C101: adj_sumret3_ewstock_ma_5 +1,2,True,0.00434842,0.00218797,0.00680301,33,0,0.00375345,0.0001813,0,0,0,0.00620082,0.0135228,0.00582774,0,0.000542196,0.00400485,0.00582491
all_features,lasso,shap,cluster,adj_sumret_ma_1,adj_sumret_ma_1,1,True,0.0139835,0.012529,0.0153086,9,0,0.00799099,0.000140032,0.0189894,0.0133387,0.0141997,0.0130564,0.0167678,0.0126897,0.00540172,0.0130535,0.0129312,0.0147974
all_features,lasso,shap,cluster,adj_sumret_ma_5,adj_sumret_ma_5,1,True,0.070244,0.0598028,0.0801615,4,0.843537,0.0331921,0.000227535,0.102717,0.0929059,0.0912311,0.0560899,0.0401863,0.0554477,0.0625433,0.0832974,0.0715052,0.0651416
all_features,lasso,shap,cluster,adj_sumret_ma_25,adj_sumret_ma_25,1,True,0.0158831,0.0101498,0.0217399,7,0.183673,0.0061228,0.000313405,0.0288949,0.0249307,0.00967876,0.00439357,0.00160482,0.0229728,0.0434358,0.029837,0.0197074,0.00927006
all_features,lasso,shap,cluster,adj_sumret_ma_125,adj_sumret_ma_125,1,True,0.00448462,0.00308599,0.00597694,31,0.00680272,0.00246212,0.00013583,0.00297724,0.00328007,0.00706379,0.00804035,0.00500507,0.00128299,0,0.00163662,0.00288084,0.00621953
all_features,lasso,shap,cluster,adj_sumret_ma_625,adj_sumret_ma_625,1,True,0.000294615,4.26091e-05,0.000633321,100,0,0.000143697,-1.26742e-05,0,0,0,0,0.000638206,0.00109295,0,0.000173624,0.000482661,0.000248452
all_features,lasso,shap,cluster,adj_sumret_ma_3125,adj_sumret_ma_3125,1,True,0,0,0,120,0,0,0,0,0,0,0,0,0,0,0,0,0
all_features,lasso,shap,cluster,adj_sumret3_ma_1,adj_sumret3_ma_1,1,True,0.00349196,0.00166744,0.00559964,38,0,0.00298237,-0.000302133,0,0,0,0.00494578,0.0124365,0.00313654,0,0.000305963,0.00219271,0.00520122
all_features,lasso,shap,cluster,adj_sumret3_ma_5,adj_sumret3_ma_5,1,True,0.00140832,0.00065192,0.00228169,67,0,0.00121157,-0.000121396,0,0,0,0.00209302,0.00471764,0.00146462,0,0.000207584,0.000954266,0.00203584
all_features,lasso,shap,cluster,adj_sumret3_ma_25,adj_sumret3_ma_25,1,True,0.00324288,0.00155801,0.00517492,40,0,0.00270482,0.000234749,0,0,0,0.00346452,0.011708,0.00388268,0,0.000365379,0.00236965,0.00464616
all_features,lasso,shap,cluster,adj_sumret3_ma_125,adj_sumret3_ma_125,1,True,0.00297887,0.00141417,0.00478937,41,0,0.00249975,-0.000246626,0.000827844,0,0,0.00351523,0.0106138,0.00294427,0,0.00045761,0.00194216,0.00433549
all_features,lasso,shap,cluster,adj_sumret3_ma_625,adj_sumret3_ma_625,1,True,0.00135331,0.000622062,0.00222523,68,0,0.00116096,9.04485e-05,0,0,0,0.00250563,0.00384038,0.00160603,0,0.000286528,0.00103501,0.00187101
all_features,lasso,shap,cluster,adj_sumret3_ma_3125,adj_sumret3_ma_3125,1,True,0,0,0,120,0,0,0,0,0,0,0,0,0,0,0,0,0
all_features,lasso,shap,cluster,adj_sumautocov_ma_1,adj_sumautocov_ma_1,1,True,0.000411555,0.000177732,0.000696396,94,0,0.000324242,-8.79879e-06,0.000687466,0,0,0.00115686,0.000760477,0.000143482,0,0.000139244,0.00031032,0.000553056
all_features,lasso,shap,cluster,adj_sumautocov_ma_5,adj_sumautocov_ma_5,1,True,0.0221874,0.0189321,0.0259126,6,0.122449,0.0111214,0.00285361,0.0248804,0.02059,0.0379882,0.019453,0.0171207,0.0153946,0.0191938,0.0196056,0.0174162,0.0253123
all_features,lasso,shap,cluster,adj_sumautocov_ma_25,adj_sumautocov_ma_25,1,True,6.20766e-06,0,1.63119e-05,118,0,4.97268e-06,2.91473e-07,0,0,0,2.52351e-05,1.12411e-05,0,0,0,6.92387e-06,8.0184e-06
all_features,lasso,shap,cluster,adj_sumautocov_ma_125,adj_sumautocov_ma_125,1,True,0.00123376,0.000573237,0.00195931,71,0,0.00105644,-0.000427741,0,0,0,0.00209089,0.00401289,0.00114581,0,0.000146694,0.000821687,0.00180235
all_features,lasso,shap,cluster,adj_sumvolume_ma_25,adj_sumvolume_ma_25,1,True,0.00287589,0.00140129,0.00454874,43,0,0.00249188,-0.000419541,0,0,0,0.00586264,0.00807278,0.00296329,0,0.000163078,0.00264979,0.00391944
all_features,lasso,shap,cluster,adj_sumvolume_ma_125,adj_sumvolume_ma_125,1,True,2.67816e-05,0,8.03162e-05,116,0,1.94382e-05,2.32975e-06,0,0,0,0,0.000129783,2.75854e-05,0,0,1.74282e-06,4.77551e-05
all_features,lasso,shap,cluster,adj_sumvolume_ma_3125,adj_sumvolume_ma_3125,1,True,0,0,0,120,0,0,0,0,0,0,0,0,0,0,0,0,0
all_features,lasso,shap,cluster,adj_numobs_ma_25,adj_numobs_ma_25,1,True,3.77012e-05,1.04565e-05,7.45985e-05,112,0,3.51814e-05,-1.94858e-06,0,1.65978e-08,8.47874e-05,8.3447e-06,2.90147e-05,9.93682e-05,0,1.27802e-06,5.98218e-05,3.99416e-05
all_features,lasso,shap,cluster,adj_numobs_ma_125,adj_numobs_ma_125,1,True,3.59278e-05,8.04765e-06,7.61143e-05,113,0,3.07487e-05,-2.09228e-05,0,0,0,6.32901e-05,1.69645e-05,0.000130857,0,8.89945e-06,8.85116e-05,2.06669e-05
all_features,lasso,shap,cluster,adj_numobs_ma_625,adj_numobs_ma_625,1,True,0.000392663,0.000158679,0.00066666,96,0,0.000330156,-4.95831e-05,0,0,0,0.000948267,0.00125435,0.000104669,0,0,0.000202466,0.000617391
all_features,lasso,shap,cluster,adj_spread_ewstock_ma_3125,adj_spread_ewstock_ma_3125,1,True,0,0,0,120,0,0,0,0,0,0,0,0,0,0,0,0,0
all_features,lasso,shap,cluster,adj_spread_vwstock_ma_625,adj_spread_vwstock_ma_625,1,True,0.000384191,0.000102739,0.00073417,97,0,0.000342686,-0.000160305,0,0,0,0.00153809,0.000654803,6.46093e-05,0,0,0.000191295,0.000607253
all_features,lasso,shap,cluster,adj_spread_vwstock_ma_3125,adj_spread_vwstock_ma_3125,1,True,4.34835e-06,0,1.3164e-05,119,0,3.26495e-06,-3.26495e-06,0,0,0,0,0,2.55509e-05,0,0,1.68542e-05,0
all_features,lasso,shap,cluster,adj_stocktwits_attention_ma_25,adj_stocktwits_attention_ma_25,1,True,0.000412269,4.3864e-05,0.000915425,93,0,0.000347509,0.000130954,0,0,0,0.000145317,0.00227717,0,0,0,1.87691e-05,0.0007389
all_features,lasso,shap,cluster,adj_stocktwits_attention_ma_3125,adj_stocktwits_attention_ma_3125,1,True,7.23617e-05,1.9626e-05,0.000140191,106,0,6.16975e-05,5.97494e-05,0,0,0,0.000171686,0.000238521,1.49902e-05,0,0,1.42578e-05,0.000124563
all_features,lasso,shap,cluster,adj_stocktwits_sentiment_ma_1,adj_stocktwits_sentiment_ma_1,1,True,0,0,0,120,0,0,0,0,0,0,0,0,0,0,0,0,0
all_features,lasso,shap,cluster,adj_stocktwits_sentiment_ma_5,adj_stocktwits_sentiment_ma_5,1,True,0.00122397,0.000363079,0.00234784,72,0,0.000982619,-0.000826823,0,0,0,7.78339e-08,0.0052664,0.00192558,0,0.000416599,0.000900439,0.00165445
all_features,lasso,shap,cluster,adj_stocktwits_sentiment_ma_625,adj_stocktwits_sentiment_ma_625,1,True,0.00502034,0.00200927,0.00869403,26,0.00680272,0.00412797,-0.000527763,0,0,0,0.01583,0.0112919,0.00237758,0,0.000261604,0.00410115,0.00709542
all_features,lasso,shap,cluster,adj_stocktwits_sentiment_ma_3125,adj_stocktwits_sentiment_ma_3125,1,True,7.58874e-05,0,0.000234133,105,0,5.75593e-05,5.75593e-05,0,0,0,0,0,0.000445914,0,4.97867e-05,0.000257357,0
all_features,lasso,shap,cluster,adj_stocktwits_sentcount_ma_1,adj_stocktwits_sentcount_ma_1,1,True,0.00187317,0.000600835,0.0035207,55,0,0.00152123,0.000342281,0,0,0,0.00136684,0.00446511,0.00517477,0,0.000407934,0.00253238,0.00207122
all_features,lasso,shap,cluster,adj_stocktwits_sentcount_ma_3125,adj_stocktwits_sentcount_ma_3125,1,True,7.04201e-05,7.50104e-06,0.000146852,107,0,6.31471e-05,6.31471e-05,0,0,0,0.000183718,0.00023007,0,0,0,4.47133e-05,0.000106791
all_features,lasso,shap,cluster,adj_vvix_ma_125,adj_vvix_ma_125,1,True,0.00152527,0.000275824,0.00310237,62,0,0.0013944,0.00133819,0,0,0,0.00658984,0.00237266,0,0,0,0.000876979,0.00235586
all_features,lasso,shap,cluster,adj_vvix_ma_3125,adj_vvix_ma_3125,1,True,0.0042795,0.000760293,0.00859179,34,0.0340136,0.00372019,0.00369874,0,0,0,0.0194112,0.00573515,0,0,0,0.00347676,0.00613443
all_features,lasso,shap,cluster,adj_ofi_ewstock_ma_1,adj_ofi_ewstock_ma_1,1,True,0.00170062,0.000835419,0.00266329,60,0,0.00140786,0.000496797,0,0,0,0.00244325,0.00541617,0.00213342,0,8.14198e-05,0.00150886,0.00235007
all_features,lasso,shap,cluster,adj_ofi_ewstock_ma_5,adj_ofi_ewstock_ma_5,1,True,0.0068516,0.0048188,0.00882096,16,0,0.00389857,0.00110573,0,0,0.00791858,0.0100223,0.0112735,0.00757379,0.0109868,0.00437318,0.00562252,0.00828344
all_features,lasso,shap,cluster,adj_ofi_ewstock_ma_25,adj_ofi_ewstock_ma_25,1,True,0.00277416,0.00116552,0.00468483,44,0,0.00229773,0.00128036,0,0,0,0.00232119,0.0091922,0.00478757,0,0.000173441,0.00252495,0.00378978
all_features,lasso,shap,cluster,adj_ofi_ewstock_ma_3125,adj_ofi_ewstock_ma_3125,1,True,0,0,0,120,0,0,0,0,0,0,0,0,0,0,0,0,0
all_features,lasso,shap,cluster,adj_ofi_vwstock_ma_1,adj_ofi_vwstock_ma_1,1,True,0.00039764,2.23901e-05,0.00109117,95,0,0.000158267,-9.07929e-05,0,0,0,0,0.00024451,6.56459e-05,0.00641258,6.93621e-05,0.00131795,8.05018e-05
all_features,lasso,shap,cluster,adj_ofi_vwstock_ma_5,adj_ofi_vwstock_ma_5,1,True,0.00100255,0.000332759,0.00176339,76,0,0.000864876,-0.000289422,0,0,0,0.0018573,0.00399854,3.5135e-05,0,0,0.000345339,0.00165662
all_features,lasso,shap,cluster,adj_ofi_vwstock_ma_25,adj_ofi_vwstock_ma_25,1,True,0.00524848,0.00244165,0.00848826,24,0.0204082,0.00430956,-0.00211578,0,0,0,0.00538053,0.0154184,0.0100411,0,0.000550944,0.00565454,0.00668232
all_features,lasso,shap,cluster,adj_fomc_release_ma_1,adj_fomc_release_ma_1,1,False,0,0,0,0,0,0,0,0,0,0,0,0,0,0,0,0,0
all_features,lasso,shap,cluster,adj_fomc_release_ma_5,adj_fomc_release_ma_5,1,False,0,0,0,0,0,0,0,0,0,0,0,0,0,0,0,0,0
all_features,lasso,shap,cluster,adj_fomc_release_ma_25,adj_fomc_release_ma_25,1,False,0,0,0,0,0,0,0,0,0,0,0,0,0,0,0,0,0
all_features,lasso,shap,cluster,adj_fomc_release_ma_125,adj_fomc_release_ma_125,1,False,0,0,0,0,0,0,0,0,0,0,0,0,0,0,0,0,0
all_features,lasso,shap,cluster,adj_fomc_release_ma_625,adj_fomc_release_ma_625,1,False,0,0,0,0,0,0,0,0,0,0,0,0,0,0,0,0,0
all_features,lasso,shap,cluster,adj_fomc_release_ma_3125,adj_fomc_release_ma_3125,1,False,0,0,0,0,0,0,0,0,0,0,0,0,0,0,0,0,0
all_features,lasso,shap,cluster,adj_fomc_day_ma_125,adj_fomc_day_ma_125,1,True,0.00124574,0.000461014,0.00220214,70,0,0.0010239,3.36467e-05,0,0,0,0.000234608,0.00395711,0.00312827,0,0.000339063,0.00159361,0.0013964
all_features,lasso,shap,cluster,adj_fomc_day_ma_625,adj_fomc_day_ma_625,1,True,3.18474e-05,0,8.3849e-05,115,0,2.69195e-05,-1.49065e-05,0,0,0,0,0.000124061,6.30741e-05,0,0,1.1754e-05,5.22581e-05
all_features,lasso,shap,cluster,adj_fomc_day_ma_3125,adj_fomc_day_ma_3125,1,True,0,0,0,120,0,0,0,0,0,0,0,0,0,0,0,0,0
all_features,lasso,shap,cluster,adj_fomc_until_inv_ma_125,adj_fomc_until_inv_ma_125,1,True,0,0,0,120,0,0,0,0,0,0,0,0,0,0,0,0,0
all_features,lasso,shap,cluster,adj_fomc_until_inv_ma_625,adj_fomc_until_inv_ma_625,1,True,0.000420166,0.000131954,0.000785834,91,0,0.000318668,5.09067e-05,0,0,0,0.000173722,0.00102637,0.0012688,0,0.000158172,0.000559478,0.000445548
all_features,lasso,shap,cluster,adj_fomc_since_inv_ma_625,adj_fomc_since_inv_ma_625,1,True,0.000508158,0.000198508,0.0008564,87,0,0.000423383,1.67838e-05,0,0,0,0.000689673,0.00161074,0.000685517,0,4.23345e-05,0.000531045,0.000658474
all_features,lasso,shap,cluster,sumret_avail_ma_1,sumret_avail_ma_1,1,False,0,0,0,0,0,0,0,0,0,0,0,0,0,0,0,0,0
all_features,lasso,shap,cluster,sumret_avail_ma_5,sumret_avail_ma_5,1,False,0,0,0,0,0,0,0,0,0,0,0,0,0,0,0,0,0
all_features,lasso,shap,cluster,sumret_avail_ma_25,sumret_avail_ma_25,1,False,0,0,0,0,0,0,0,0,0,0,0,0,0,0,0,0,0
all_features,lasso,shap,cluster,sumret_avail_ma_125,sumret_avail_ma_125,1,False,0,0,0,0,0,0,0,0,0,0,0,0,0,0,0,0,0
all_features,lasso,shap,cluster,sumret_avail_ma_625,sumret_avail_ma_625,1,False,0,0,0,0,0,0,0,0,0,0,0,0,0,0,0,0,0
all_features,lasso,shap,cluster,sumret_avail_ma_3125,sumret_avail_ma_3125,1,False,0,0,0,0,0,0,0,0,0,0,0,0,0,0,0,0,0
all_features,lasso,shap,cluster,sumabsret_avail_ma_1,sumabsret_avail_ma_1,1,False,0,0,0,0,0,0,0,0,0,0,0,0,0,0,0,0,0
all_features,lasso,shap,cluster,sumabsret_avail_ma_5,sumabsret_avail_ma_5,1,False,0,0,0,0,0,0,0,0,0,0,0,0,0,0,0,0,0
all_features,lasso,shap,cluster,sumabsret_avail_ma_25,sumabsret_avail_ma_25,1,False,0,0,0,0,0,0,0,0,0,0,0,0,0,0,0,0,0
all_features,lasso,shap,cluster,sumabsret_avail_ma_125,sumabsret_avail_ma_125,1,False,0,0,0,0,0,0,0,0,0,0,0,0,0,0,0,0,0
all_features,lasso,shap,cluster,sumabsret_avail_ma_625,sumabsret_avail_ma_625,1,False,0,0,0,0,0,0,0,0,0,0,0,0,0,0,0,0,0
all_features,lasso,shap,cluster,sumabsret_avail_ma_3125,sumabsret_avail_ma_3125,1,False,0,0,0,0,0,0,0,0,0,0,0,0,0,0,0,0,0
all_features,lasso,shap,cluster,sumret3_avail_ma_1,sumret3_avail_ma_1,1,False,0,0,0,0,0,0,0,0,0,0,0,0,0,0,0,0,0
all_features,lasso,shap,cluster,sumret3_avail_ma_5,sumret3_avail_ma_5,1,False,0,0,0,0,0,0,0,0,0,0,0,0,0,0,0,0,0
all_features,lasso,shap,cluster,sumret3_avail_ma_25,sumret3_avail_ma_25,1,False,0,0,0,0,0,0,0,0,0,0,0,0,0,0,0,0,0
all_features,lasso,shap,cluster,sumret3_avail_ma_125,sumret3_avail_ma_125,1,False,0,0,0,0,0,0,0,0,0,0,0,0,0,0,0,0,0
all_features,lasso,shap,cluster,sumret3_avail_ma_625,sumret3_avail_ma_625,1,False,0,0,0,0,0,0,0,0,0,0,0,0,0,0,0,0,0
all_features,lasso,shap,cluster,sumret3_avail_ma_3125,sumret3_avail_ma_3125,1,False,0,0,0,0,0,0,0,0,0,0,0,0,0,0,0,0,0
all_features,lasso,shap,cluster,sumret4_avail_ma_1,sumret4_avail_ma_1,1,False,0,0,0,0,0,0,0,0,0,0,0,0,0,0,0,0,0
all_features,lasso,shap,cluster,sumret4_avail_ma_5,sumret4_avail_ma_5,1,False,0,0,0,0,0,0,0,0,0,0,0,0,0,0,0,0,0
all_features,lasso,shap,cluster,sumret4_avail_ma_25,sumret4_avail_ma_25,1,False,0,0,0,0,0,0,0,0,0,0,0,0,0,0,0,0,0
all_features,lasso,shap,cluster,sumret4_avail_ma_125,sumret4_avail_ma_125,1,False,0,0,0,0,0,0,0,0,0,0,0,0,0,0,0,0,0
all_features,lasso,shap,cluster,sumret4_avail_ma_625,sumret4_avail_ma_625,1,False,0,0,0,0,0,0,0,0,0,0,0,0,0,0,0,0,0
all_features,lasso,shap,cluster,sumret4_avail_ma_3125,sumret4_avail_ma_3125,1,False,0,0,0,0,0,0,0,0,0,0,0,0,0,0,0,0,0
all_features,lasso,shap,cluster,sumpret2_avail_ma_1,sumpret2_avail_ma_1,1,False,0,0,0,0,0,0,0,0,0,0,0,0,0,0,0,0,0
all_features,lasso,shap,cluster,sumpret2_avail_ma_5,sumpret2_avail_ma_5,1,False,0,0,0,0,0,0,0,0,0,0,0,0,0,0,0,0,0
all_features,lasso,shap,cluster,sumpret2_avail_ma_25,sumpret2_avail_ma_25,1,False,0,0,0,0,0,0,0,0,0,0,0,0,0,0,0,0,0
all_features,lasso,shap,cluster,sumpret2_avail_ma_125,sumpret2_avail_ma_125,1,False,0,0,0,0,0,0,0,0,0,0,0,0,0,0,0,0,0
all_features,lasso,shap,cluster,sumpret2_avail_ma_625,sumpret2_avail_ma_625,1,False,0,0,0,0,0,0,0,0,0,0,0,0,0,0,0,0,0
all_features,lasso,shap,cluster,sumpret2_avail_ma_3125,sumpret2_avail_ma_3125,1,False,0,0,0,0,0,0,0,0,0,0,0,0,0,0,0,0,0
all_features,lasso,shap,cluster,sumbipow_avail_ma_1,sumbipow_avail_ma_1,1,False,0,0,0,0,0,0,0,0,0,0,0,0,0,0,0,0,0
all_features,lasso,shap,cluster,sumbipow_avail_ma_5,sumbipow_avail_ma_5,1,False,0,0,0,0,0,0,0,0,0,0,0,0,0,0,0,0,0
all_features,lasso,shap,cluster,sumbipow_avail_ma_25,sumbipow_avail_ma_25,1,False,0,0,0,0,0,0,0,0,0,0,0,0,0,0,0,0,0
all_features,lasso,shap,cluster,sumbipow_avail_ma_125,sumbipow_avail_ma_125,1,False,0,0,0,0,0,0,0,0,0,0,0,0,0,0,0,0,0
all_features,lasso,shap,cluster,sumbipow_avail_ma_625,sumbipow_avail_ma_625,1,False,0,0,0,0,0,0,0,0,0,0,0,0,0,0,0,0,0
all_features,lasso,shap,cluster,sumbipow_avail_ma_3125,sumbipow_avail_ma_3125,1,False,0,0,0,0,0,0,0,0,0,0,0,0,0,0,0,0,0
all_features,lasso,shap,cluster,sumautocov_avail_ma_1,sumautocov_avail_ma_1,1,False,0,0,0,0,0,0,0,0,0,0,0,0,0,0,0,0,0
all_features,lasso,shap,cluster,sumautocov_avail_ma_5,sumautocov_avail_ma_5,1,False,0,0,0,0,0,0,0,0,0,0,0,0,0,0,0,0,0
all_features,lasso,shap,cluster,sumautocov_avail_ma_25,sumautocov_avail_ma_25,1,False,0,0,0,0,0,0,0,0,0,0,0,0,0,0,0,0,0
all_features,lasso,shap,cluster,sumautocov_avail_ma_125,sumautocov_avail_ma_125,1,False,0,0,0,0,0,0,0,0,0,0,0,0,0,0,0,0,0
all_features,lasso,shap,cluster,sumautocov_avail_ma_625,sumautocov_avail_ma_625,1,False,0,0,0,0,0,0,0,0,0,0,0,0,0,0,0,0,0
all_features,lasso,shap,cluster,sumautocov_avail_ma_3125,sumautocov_avail_ma_3125,1,False,0,0,0,0,0,0,0,0,0,0,0,0,0,0,0,0,0
all_features,lasso,shap,cluster,sumvolume_avail_ma_1,sumvolume_avail_ma_1,1,False,0,0,0,0,0,0,0,0,0,0,0,0,0,0,0,0,0
all_features,lasso,shap,cluster,sumvolume_avail_ma_5,sumvolume_avail_ma_5,1,False,0,0,0,0,0,0,0,0,0,0,0,0,0,0,0,0,0
all_features,lasso,shap,cluster,sumvolume_avail_ma_25,sumvolume_avail_ma_25,1,False,0,0,0,0,0,0,0,0,0,0,0,0,0,0,0,0,0
all_features,lasso,shap,cluster,sumvolume_avail_ma_125,sumvolume_avail_ma_125,1,False,0,0,0,0,0,0,0,0,0,0,0,0,0,0,0,0,0
all_features,lasso,shap,cluster,sumvolume_avail_ma_625,sumvolume_avail_ma_625,1,False,0,0,0,0,0,0,0,0,0,0,0,0,0,0,0,0,0
all_features,lasso,shap,cluster,sumvolume_avail_ma_3125,sumvolume_avail_ma_3125,1,False,0,0,0,0,0,0,0,0,0,0,0,0,0,0,0,0,0
all_features,lasso,shap,cluster,numobs_avail_ma_1,numobs_avail_ma_1,1,False,0,0,0,0,0,0,0,0,0,0,0,0,0,0,0,0,0
all_features,lasso,shap,cluster,numobs_avail_ma_5,numobs_avail_ma_5,1,False,0,0,0,0,0,0,0,0,0,0,0,0,0,0,0,0,0
all_features,lasso,shap,cluster,numobs_avail_ma_25,numobs_avail_ma_25,1,False,0,0,0,0,0,0,0,0,0,0,0,0,0,0,0,0,0
all_features,lasso,shap,cluster,numobs_avail_ma_125,numobs_avail_ma_125,1,False,0,0,0,0,0,0,0,0,0,0,0,0,0,0,0,0,0
all_features,lasso,shap,cluster,numobs_avail_ma_625,numobs_avail_ma_625,1,False,0,0,0,0,0,0,0,0,0,0,0,0,0,0,0,0,0
all_features,lasso,shap,cluster,numobs_avail_ma_3125,numobs_avail_ma_3125,1,False,0,0,0,0,0,0,0,0,0,0,0,0,0,0,0,0,0
all_features,lasso,shap,cluster,stocktwits_attention_avail_ma_25,stocktwits_attention_avail_ma_25,1,True,0,0,0,120,0,0,0,0,0,0,0,0,0,0,0,0,0
all_features,lasso,shap,cluster,stocktwits_attention_avail_ma_125,stocktwits_attention_avail_ma_125,1,True,0,0,0,120,0,0,0,0,0,0,0,0,0,0,0,0,0
all_features,lasso,shap,cluster,stocktwits_attention_avail_ma_625,stocktwits_attention_avail_ma_625,1,True,0,0,0,120,0,0,0,0,0,0,0,0,0,0,0,0,0
all_features,lasso,shap,cluster,vix3m_avail_ma_125,vix3m_avail_ma_125,1,True,0,0,0,120,0,0,0,0,0,0,0,0,0,0,0,0,0
all_features,lasso,shap,cluster,numobs_active_ma_25,numobs_active_ma_25,1,True,0,0,0,120,0,0,0,0,0,0,0,0,0,0,0,0,0
all_features,lasso,shap,cluster,numobs_active_ma_125,numobs_active_ma_125,1,True,0,0,0,120,0,0,0,0,0,0,0,0,0,0,0,0,0
all_features,lasso,shap,cluster,fomc_day_active_ma_125,fomc_day_active_ma_125,1,True,0,0,0,120,0,0,0,0,0,0,0,0,0,0,0,0,0
all_features,lasso,shap,cluster,DOW_0,DOW_0,1,True,0,0,0,120,0,0,0,0,0,0,0,0,0,0,0,0,0
all_features,lasso,shap,cluster,DOW_1,DOW_1,1,True,3.4511e-05,6.47698e-07,9.31517e-05,114,0,2.61647e-05,8.69003e-07,0,0,0,0,0.000176014,2.67727e-05,0,1.14448e-05,7.1248e-06,5.52985e-05
all_features,lasso,shap,cluster,DOW_2,DOW_2,1,True,0.0024247,0.00109156,0.00392431,45,0,0.00197364,-1.85596e-05,0,0,0,0.00187863,0.00750552,0.0048634,0,0.000436376,0.00257312,0.00304258
all_features,lasso,shap,cluster,DOW_3,DOW_3,1,True,0,0,0,120,0,0,0,0,0,0,0,0,0,0,0,0,0
all_features,lasso,shap,cluster,DOW_4,DOW_4,1,True,0.00477736,0.00236582,0.00745468,29,0,0.00393124,-1.18273e-06,0,0,9.21911e-05,0.00858633,0.0138061,0.0055871,0,0.000439882,0.00404337,0.00662016
all_features,lasso,shap,cluster,hour,hour,1,False,0,0,0,0,0,0,0,0,0,0,0,0,0,0,0,0,0
all_features,lasso,shap,cluster,is_overnight,is_overnight,1,False,0,0,0,0,0,0,0,0,0,0,0,0,0,0,0,0,0
all_features,lasso,shap,cluster,is_open,is_open,1,False,0,0,0,0,0,0,0,0,0,0,0,0,0,0,0,0,0
all_features,lasso,shap,cluster,is_close,is_close,1,False,0,0,0,0,0,0,0,0,0,0,0,0,0,0,0,0,0
all_features,lasso,shap,cluster,is_opex,is_opex,1,True,0,0,0,120,0,0,0,0,0,0,0,0,0,0,0,0,0
all_features,lasso,shap,cluster,is_opex_week,is_opex_week,1,True,0.0023716,0.0011757,0.00371393,47,0,0.00194013,3.07142e-05,0,0,0,0.00399273,0.00750812,0.00243466,0,0.000218636,0.00178062,0.00339235
all_features,lasso,shap,cluster,is_month_end,is_month_end,1,True,0.00452411,0.00231895,0.00701766,30,0.00680272,0.00380836,5.36806e-05,0,0,0,0.00785019,0.0129006,0.00583291,0,0.000320438,0.00425534,0.00610298
all_features,lasso,shap,cluster,is_quarter_end,is_quarter_end,1,True,0.000550226,0.000228572,0.000903169,86,0,0.000434983,2.23297e-05,0,0,0,0.000921776,0.00209647,0.000214879,0,1.05261e-06,0.000247174,0.000881862
all_features,lasso,shap,cluster,days_to_opex,days_to_opex,1,True,0.00354303,0.00231088,0.00481875,36,0,0.0022848,2.32725e-05,0,0.000247935,0.00144091,0.00773256,0.00634337,0.00307884,0.00621945,0.00143118,0.00375236,0.00417511
all_features,lasso,shap,cluster,har_ma_1_x_open,har_ma_1_x_open,1,False,0,0,0,0,0,0,0,0,0,0,0,0,0,0,0,0,0
all_features,lasso,shap,cluster,har_ma_5_x_open,har_ma_5_x_open,1,False,0,0,0,0,0,0,0,0,0,0,0,0,0,0,0,0,0
all_features,lasso,shap,cluster,har_ma_25_x_open,har_ma_25_x_open,1,False,0,0,0,0,0,0,0,0,0,0,0,0,0,0,0,0,0
all_features,lasso,shap,cluster,har_ma_125_x_open,har_ma_125_x_open,1,False,0,0,0,0,0,0,0,0,0,0,0,0,0,0,0,0,0
all_features,lasso,shap,cluster,har_ma_625_x_open,har_ma_625_x_open,1,False,0,0,0,0,0,0,0,0,0,0,0,0,0,0,0,0,0
all_features,lasso,shap,cluster,har_ma_3125_x_open,har_ma_3125_x_open,1,False,0,0,0,0,0,0,0,0,0,0,0,0,0,0,0,0,0
