bucket,model,measure,level,unit,label,n_columns,eligible,value,lo,hi,rank,top5_share,pct_of_loss,share_refits_positive,median_refit,max_refit_share,y2018,y2019,y2020,y2021,y2022,y2023,y2024,vix_low,vix_mid,vix_high
all_features,lgbm,perm_p1_mse,column,har_ma_1,har_ma_1,1,True,0.0120943,0.00818237,0.0164864,1,0.714286,19.3932,0.748299,0.00392572,0.0919068,0.0271675,0.00352357,0.0190647,0.0131825,0.0119408,0.00948522,-0.00126211,0.00775613,0.00808644,0.0154692
all_features,lgbm,perm_p1_mse,column,har_ma_5,har_ma_5,1,True,0.00647093,0.00447939,0.00848332,2,0.666667,10.3761,0.721088,0.00325376,0.0966573,0.0127369,0.00514185,0.00884082,0.0102673,0.00514003,0.00254962,-0.00235863,0.00489827,0.00433492,0.008014
all_features,lgbm,perm_p1_mse,column,har_ma_25,har_ma_25,1,True,0.000827066,0.000303899,0.001353,4,0.29932,1.3262,0.557823,0.000181622,0.159439,0.001343,0.00112681,0.00123397,0.00194141,0.000190304,-0.000364135,-3.78455e-05,0.000703752,-0.000255915,0.00137642
all_features,lgbm,perm_p1_mse,column,har_ma_125,har_ma_125,1,True,0.000403804,-5.12853e-05,0.000909538,6,0.136054,0.6475,0.544218,4.18817e-05,0.279702,0.00210957,0.000367375,0.000475597,0.000985534,-0.000636754,-0.000177123,0.000779906,3.74708e-05,0.000116718,0.000664765
all_features,lgbm,perm_p1_mse,column,har_ma_625,har_ma_625,1,True,6.30271e-06,-1.86184e-05,3.43703e-05,109,0,0.0101064,0.326531,0,0.850003,-5.82148e-05,7.33942e-05,-1.87581e-05,-3.80369e-05,2.5669e-05,-2.55326e-06,7.80247e-05,1.37858e-05,2.2749e-05,-3.97927e-06
all_features,lgbm,perm_p1_mse,column,har_ma_3125,har_ma_3125,1,True,1.2422e-05,-1.76819e-05,5.05776e-05,76,0,0.0199188,0.380952,0,1.2557,-1.01939e-05,-2.04775e-05,0.000125098,1.66207e-06,-2.25447e-05,-2.03225e-05,4.96717e-05,-6.03094e-07,-6.8766e-06,2.59544e-05
all_features,lgbm,perm_p1_mse,column,adj_sumret_ma_1,adj_sumret_ma_1,1,True,0.00012989,-0.000199933,0.000459092,13,0.142857,0.208278,0.537415,3.97207e-05,0.489471,0.00045061,-0.000255446,0.000749963,0.000234678,0.000177739,-0.000312045,-0.000176447,-0.000420482,-5.97322e-05,0.000408866
all_features,lgbm,perm_p1_mse,column,adj_sumret_ma_5,adj_sumret_ma_5,1,True,0.000722604,-0.00013461,0.0019037,5,0.265306,1.1587,0.591837,0.000375513,0.443984,0.00473263,0.000456112,0.000882441,0.000298419,0.000295631,-0.000237501,0.000226914,0.00199041,0.000150652,0.000551968
all_features,lgbm,perm_p1_mse,column,adj_sumret_ma_25,adj_sumret_ma_25,1,True,0.0001301,-0.000159553,0.000413557,12,0.122449,0.208615,0.530612,2.47685e-05,0.462138,0.000341778,-0.000486857,0.000229563,0.000660927,0.000109525,4.04704e-05,0.000166416,-0.000193177,0.000202235,0.000208097
all_features,lgbm,perm_p1_mse,column,adj_sumret_ma_125,adj_sumret_ma_125,1,True,-0.000186823,-0.00119031,0.000769972,568,0.0748299,-0.299572,0.47619,-3.46945e-18,,0.00385253,-0.000817946,-0.00187488,0.000253205,-0.000544499,-1.95084e-05,-0.000204862,0.000207063,-6.76972e-05,-0.000378721
all_features,lgbm,perm_p1_mse,column,adj_sumret_ma_625,adj_sumret_ma_625,1,True,-4.63069e-05,-0.000110309,1.439e-05,541,0,-0.0742532,0.462585,0,,3.00125e-05,-5.23544e-05,-0.000135923,-5.1818e-05,-5.42862e-05,9.604e-05,-0.000276169,-2.21803e-05,-0.000117513,-2.13296e-05
all_features,lgbm,perm_p1_mse,column,adj_sumret_ma_3125,adj_sumret_ma_3125,1,True,-2.94125e-06,-2.85016e-05,2.33637e-05,426,0,-0.00471629,0.319728,0,,3.69857e-06,3.96391e-07,-5.81574e-06,1.55777e-05,9.67982e-07,-3.89804e-05,2.73173e-05,-5.85033e-05,-7.02842e-06,1.81778e-05
all_features,lgbm,perm_p1_mse,column,adj_sumabsret_ma_1,adj_sumabsret_ma_1,1,True,-0.00024018,-0.000739108,0.000255176,570,0.0204082,-0.38513,0.455782,-2.60132e-05,,0.00136076,-0.00100396,-0.000381625,-6.76421e-05,0.000167927,-0.000319164,-0.00150088,-0.000602932,-0.000567331,3.82891e-05
all_features,lgbm,perm_p1_mse,column,adj_sumabsret_ma_5,adj_sumabsret_ma_5,1,True,6.29666e-05,-0.000370642,0.000437432,24,0.0340136,0.100967,0.52381,1.82586e-05,1.26871,0.000391462,-8.03402e-05,-0.000897882,0.00104268,0.000131888,-4.90339e-06,-6.89696e-05,-0.000145932,-0.000632333,0.00046051
all_features,lgbm,perm_p1_mse,column,adj_sumabsret_ma_25,adj_sumabsret_ma_25,1,True,-4.63591e-05,-0.000179495,5.34601e-05,542,0,-0.0743369,0.517007,3.99896e-06,,0.000228953,-2.4981e-05,-0.000268561,4.93513e-05,-8.80719e-06,-7.91642e-05,-0.000184493,-4.70355e-05,-0.000287273,6.65984e-05
all_features,lgbm,perm_p1_mse,column,adj_sumabsret_ma_125,adj_sumabsret_ma_125,1,True,1.16368e-05,-4.63496e-05,7.22171e-05,82,0,0.0186596,0.401361,0,1.47518,-6.98143e-06,0.000136633,-4.74193e-05,-1.18323e-06,-5.88695e-05,7.36922e-06,9.49765e-05,-4.34219e-05,7.26631e-05,2.11506e-06
all_features,lgbm,perm_p1_mse,column,adj_sumabsret_ma_625,adj_sumabsret_ma_625,1,True,7.6174e-06,-8.42933e-06,2.39875e-05,105,0,0.0122145,0.37415,0,0.385128,7.8206e-06,1.87823e-05,2.16345e-05,-3.10109e-05,9.26331e-06,1.51123e-05,1.94947e-05,1.84027e-05,-5.27041e-07,7.69994e-06
all_features,lgbm,perm_p1_mse,column,adj_sumabsret_ma_3125,adj_sumabsret_ma_3125,1,True,-8.7371e-06,-2.4587e-05,6.11944e-06,462,0,-0.01401,0.251701,0,,4.59686e-06,1.42074e-05,-2.34798e-05,-1.6683e-05,-2.25734e-05,1.18363e-06,-2.20021e-05,1.93881e-05,-1.12563e-05,-1.72807e-05
all_features,lgbm,perm_p1_mse,column,adj_sumret3_ma_1,adj_sumret3_ma_1,1,True,-2.68553e-05,-0.000186255,0.000136668,518,0.00680272,-0.0430625,0.394558,-2.78828e-05,,0.000399808,2.32424e-05,-0.000117745,6.54219e-05,-2.13939e-05,-0.000236832,-0.000251027,0.000119816,-9.72408e-05,-4.46231e-05
all_features,lgbm,perm_p1_mse,column,adj_sumret3_ma_5,adj_sumret3_ma_5,1,True,-4.16674e-09,-0.00012772,0.000135968,381,0.00680272,-6.68138e-06,0.482993,-1.86319e-05,,0.000616421,-0.000203231,-0.000157443,-2.91619e-05,8.79125e-05,8.79878e-06,-6.11066e-05,-0.000204267,2.87999e-06,6.92558e-05
all_features,lgbm,perm_p1_mse,column,adj_sumret3_ma_25,adj_sumret3_ma_25,1,True,1.82864e-05,-8.9141e-05,0.000111828,61,0.0136054,0.0293223,0.496599,0,0.901141,0.000219687,-8.3319e-05,-9.68652e-05,0.000180938,-3.70943e-05,0.000144987,-0.000354746,4.92339e-05,9.41241e-05,-2.7896e-05
all_features,lgbm,perm_p1_mse,column,adj_sumret3_ma_125,adj_sumret3_ma_125,1,True,-0.000161851,-0.000563021,9.0465e-05,566,0.0272109,-0.259529,0.462585,-3.24522e-06,,-0.00025227,-1.29354e-05,-0.000897307,4.21982e-05,4.38069e-05,-1.84126e-05,7.37611e-05,-0.000123712,1.56059e-05,-0.000258068
all_features,lgbm,perm_p1_mse,column,adj_sumret3_ma_625,adj_sumret3_ma_625,1,True,-8.18065e-06,-0.000100451,8.84882e-05,459,0.00680272,-0.0131177,0.428571,-3.46945e-18,,3.51671e-05,-0.000100602,-1.95911e-05,1.48779e-05,-2.35403e-05,8.99092e-05,-7.40057e-05,-1.63299e-06,1.77971e-06,-1.51045e-05
all_features,lgbm,perm_p1_mse,column,adj_sumret3_ma_3125,adj_sumret3_ma_3125,1,True,-1.99171e-06,-2.13564e-05,1.30054e-05,417,0,-0.00319371,0.333333,0,,-2.71466e-05,3.21063e-06,-1.45242e-05,7.90723e-06,2.62587e-06,-1.81941e-06,1.5457e-05,4.91988e-06,-1.41492e-08,-5.3062e-06
all_features,lgbm,perm_p1_mse,column,adj_sumret4_ma_1,adj_sumret4_ma_1,1,True,3.66205e-05,-2.3726e-05,9.79317e-05,42,0,0.0587211,0.496599,0,0.627108,0.000103951,-8.72864e-05,0.000121586,8.71303e-05,1.56371e-05,1.26603e-05,4.71266e-05,-4.13366e-05,-3.06862e-05,9.50615e-05
all_features,lgbm,perm_p1_mse,column,adj_sumret4_ma_5,adj_sumret4_ma_5,1,True,-2.76233e-06,-5.27826e-05,5.01593e-05,425,0.00680272,-0.0044294,0.462585,0,,0.000174952,-5.61741e-05,-8.13331e-05,1.28745e-05,3.04184e-05,-8.57777e-07,-3.12895e-05,-3.99082e-05,-3.15462e-05,2.35462e-05
all_features,lgbm,perm_p1_mse,column,adj_sumret4_ma_25,adj_sumret4_ma_25,1,True,-2.2815e-05,-5.09899e-05,3.86584e-06,507,0,-0.0365839,0.455782,0,,-0.000130513,-5.10766e-05,2.58415e-05,4.40662e-05,-4.66545e-05,-1.31936e-06,-0.000110785,-4.50092e-05,4.32105e-05,-4.60363e-05
all_features,lgbm,perm_p1_mse,column,adj_sumret4_ma_125,adj_sumret4_ma_125,1,True,-3.21451e-05,-7.07578e-05,5.39627e-06,528,0,-0.0515448,0.353741,0,,-0.000184327,-4.29298e-05,-3.17695e-05,-4.52618e-05,4.84554e-05,-2.68307e-05,2.22113e-05,-6.76437e-05,-6.51892e-05,-4.41262e-06
all_features,lgbm,perm_p1_mse,column,adj_sumret4_ma_625,adj_sumret4_ma_625,1,True,1.07153e-05,-1.65008e-05,3.96165e-05,85,0,0.017182,0.428571,0,0.646838,7.67723e-05,-2.71752e-06,5.05632e-06,4.39382e-05,-3.45194e-05,1.64614e-05,-1.60408e-05,6.05076e-06,-1.25006e-05,2.31905e-05
all_features,lgbm,perm_p1_mse,column,adj_sumret4_ma_3125,adj_sumret4_ma_3125,1,True,6.42502e-06,-7.70043e-06,2.15073e-05,108,0,0.0103025,0.258503,0,0.716753,-2.03291e-05,2.74078e-05,3.61288e-05,1.58801e-05,-3.02937e-05,-1.11515e-06,-2.46693e-06,3.69596e-06,1.34211e-05,4.09491e-06
all_features,lgbm,perm_p1_mse,column,adj_sumpret2_ma_1,adj_sumpret2_ma_1,1,True,-1.97625e-05,-0.000129374,6.73992e-05,499,0.0544218,-0.0316893,0.557823,3.1003e-05,,9.41735e-05,2.83708e-05,-0.000259771,1.54997e-05,3.82037e-05,-1.60598e-05,8.71095e-05,-7.05469e-05,5.34694e-05,-3.64728e-05
all_features,lgbm,perm_p1_mse,column,adj_sumpret2_ma_5,adj_sumpret2_ma_5,1,True,-1.75022e-05,-6.29514e-05,2.9393e-05,492,0,-0.0280648,0.47619,0,,6.2671e-05,-6.24388e-05,-2.0021e-05,-2.60704e-05,3.76288e-06,-2.90686e-05,2.85368e-06,-2.52039e-05,-4.55982e-07,-2.28158e-05
all_features,lgbm,perm_p1_mse,column,adj_sumpret2_ma_25,adj_sumpret2_ma_25,1,True,4.41462e-06,-2.50734e-05,3.11083e-05,122,0,0.00707885,0.47619,0,0.787841,-8.78119e-06,-3.76032e-05,-1.6777e-05,2.75974e-05,4.16155e-05,8.0005e-06,2.90426e-05,1.7724e-05,1.08009e-05,-3.17429e-06
all_features,lgbm,perm_p1_mse,column,adj_sumpret2_ma_125,adj_sumpret2_ma_125,1,True,-5.17245e-06,-5.17659e-05,3.29983e-05,449,0.00680272,-0.00829404,0.408163,0,,-0.000243923,-1.34728e-05,1.35748e-05,3.62681e-05,1.51074e-05,3.42819e-05,3.55265e-05,1.60043e-05,1.49738e-05,-2.19193e-05
all_features,lgbm,perm_p1_mse,column,adj_sumpret2_ma_625,adj_sumpret2_ma_625,1,True,1.5414e-05,-5.43011e-07,3.22453e-05,66,0,0.0247164,0.401361,0,0.323283,-8.22967e-06,-2.32766e-05,3.24181e-05,6.04754e-05,-4.08107e-06,2.36925e-05,2.0743e-05,-1.4646e-06,9.86712e-06,2.3844e-05
all_features,lgbm,perm_p1_mse,column,adj_sumpret2_ma_3125,adj_sumpret2_ma_3125,1,True,3.13928e-06,-7.19691e-06,1.32158e-05,132,0,0.00503384,0.265306,0,1.00374,8.61074e-06,8.43108e-06,-4.29653e-06,6.98282e-06,5.07078e-06,-3.63589e-06,3.41557e-06,-4.71433e-08,-8.56771e-06,9.71847e-06
all_features,lgbm,perm_p1_mse,column,adj_sumbipow_ma_1,adj_sumbipow_ma_1,1,True,-6.07605e-05,-0.000183598,5.35818e-05,549,0.00680272,-0.0974295,0.482993,0,,0.000342451,-2.81982e-05,-0.00026276,-5.65773e-05,-3.3018e-05,-0.000140573,-4.06597e-05,-0.00016275,-3.25352e-05,-3.87114e-05
all_features,lgbm,perm_p1_mse,column,adj_sumbipow_ma_5,adj_sumbipow_ma_5,1,True,-4.2829e-05,-0.000104453,1.78904e-05,538,0,-0.0686764,0.387755,-1.00992e-06,,0.000119296,-0.000116445,-0.000127346,-5.93312e-06,-2.66023e-05,-4.30065e-05,3.25748e-05,-0.000107123,-7.08426e-05,-7.49639e-06
all_features,lgbm,perm_p1_mse,column,adj_sumbipow_ma_25,adj_sumbipow_ma_25,1,True,-3.56962e-06,-3.63356e-05,2.88753e-05,429,0,-0.0057239,0.435374,0,,-5.04046e-05,-1.96921e-05,-1.50822e-05,6.5375e-05,6.09411e-05,-6.48338e-05,-6.54591e-05,-1.68715e-05,-2.6938e-05,1.19626e-05
all_features,lgbm,perm_p1_mse,column,adj_sumbipow_ma_125,adj_sumbipow_ma_125,1,True,-1.76547e-05,-4.1623e-05,5.13147e-06,493,0,-0.0283094,0.360544,0,,-7.99509e-05,6.63373e-06,2.13901e-05,-7.25169e-05,-1.28139e-05,4.87414e-06,-3.16363e-05,2.11116e-05,-1.94278e-05,-3.02258e-05
all_features,lgbm,perm_p1_mse,column,adj_sumbipow_ma_625,adj_sumbipow_ma_625,1,True,2.13662e-05,8.80628e-07,4.47869e-05,57,0,0.0342607,0.367347,0,0.33323,4.48554e-05,-1.23755e-05,6.42876e-05,5.0659e-05,3.12378e-06,-5.83591e-06,9.04737e-06,-1.7418e-06,-1.10765e-05,4.45341e-05
all_features,lgbm,perm_p1_mse,column,adj_sumbipow_ma_3125,adj_sumbipow_ma_3125,1,True,2.19172e-06,-8.56078e-06,1.42852e-05,140,0,0.00351442,0.244898,0,2.29538,1.4974e-05,-1.96767e-06,3.13963e-06,-4.19033e-06,1.16925e-05,-2.35229e-06,-3.64271e-06,-9.17129e-06,1.35062e-06,6.51322e-06
all_features,lgbm,perm_p1_mse,column,adj_sumautocov_ma_1,adj_sumautocov_ma_1,1,True,0.000118453,-5.76386e-06,0.000237095,14,0.0680272,0.18994,0.564626,7.19835e-05,0.284872,-0.000257299,0.000105441,8.26905e-05,0.000226828,0.000180601,0.000205623,7.72914e-05,0.000230047,6.35591e-05,0.000105562
all_features,lgbm,perm_p1_mse,column,adj_sumautocov_ma_5,adj_sumautocov_ma_5,1,True,5.06394e-05,-0.000110326,0.000249432,31,0.0680272,0.0812004,0.469388,-5.74309e-05,0.860949,7.13423e-05,0.00051845,-0.000123867,-0.000134876,-0.000101332,8.01908e-05,3.65611e-06,0.000265434,-0.000119396,5.59491e-05
all_features,lgbm,perm_p1_mse,column,adj_sumautocov_ma_25,adj_sumautocov_ma_25,1,True,-3.76071e-05,-0.000123361,3.52401e-05,532,0,-0.0603031,0.489796,-2.96835e-08,,0.00023063,-1.96294e-05,-0.000230248,5.62809e-05,-4.80843e-05,-3.29611e-05,-0.000207217,-6.7146e-05,-6.89333e-05,-1.27386e-05
all_features,lgbm,perm_p1_mse,column,adj_sumautocov_ma_125,adj_sumautocov_ma_125,1,True,3.0923e-05,-1.15707e-05,7.51313e-05,47,0.0136054,0.049585,0.455782,0,0.26575,9.68757e-05,8.86576e-05,6.68924e-05,-1.3343e-05,1.05191e-05,9.42959e-06,-0.000108779,-6.22444e-05,2.45057e-05,6.61316e-05
all_features,lgbm,perm_p1_mse,column,adj_sumautocov_ma_625,adj_sumautocov_ma_625,1,True,-3.90736e-06,-1.87357e-05,9.02457e-06,431,0,-0.00626546,0.285714,0,,-4.59498e-06,8.95675e-07,-2.75198e-05,1.98336e-05,-6.81619e-06,-8.13708e-06,3.60042e-06,3.49815e-06,4.22087e-07,-8.49304e-06
all_features,lgbm,perm_p1_mse,column,adj_sumautocov_ma_3125,adj_sumautocov_ma_3125,1,True,-3.00471e-06,-1.45222e-05,5.14827e-06,428,0,-0.00481806,0.176871,0,,-5.54663e-06,7.6566e-06,-2.38703e-05,-2.15857e-07,4.59441e-06,3.33347e-06,-2.08103e-05,-8.4972e-06,5.6926e-06,-5.17556e-06
all_features,lgbm,perm_p1_mse,column,adj_sumvolume_ma_1,adj_sumvolume_ma_1,1,True,0.000172232,-0.000193861,0.00057576,9,0.170068,0.276175,0.537415,0.000105792,0.464282,0.000894055,-0.000906284,0.000251914,-6.53647e-05,0.000344479,0.00119307,-0.000741883,-0.000617202,0.000702187,0.000197157
all_features,lgbm,perm_p1_mse,column,adj_sumvolume_ma_5,adj_sumvolume_ma_5,1,True,0.000132852,-0.000127221,0.00040411,11,0.047619,0.213028,0.503401,4.3161e-06,0.441962,0.0002529,-3.22257e-05,5.60583e-05,0.000490669,0.000134743,0.000192508,-0.000605486,8.37618e-05,-0.000300021,0.000352363
all_features,lgbm,perm_p1_mse,column,adj_sumvolume_ma_25,adj_sumvolume_ma_25,1,True,8.40338e-05,-2.89267e-05,0.000208534,21,0.00680272,0.134748,0.510204,5.07797e-06,0.448837,0.000434503,-8.47337e-06,0.000152984,5.40998e-05,5.93554e-05,3.90829e-07,3.10883e-05,0.000171605,-0.000129714,0.000153775
all_features,lgbm,perm_p1_mse,column,adj_sumvolume_ma_125,adj_sumvolume_ma_125,1,True,9.65041e-05,-6.58786e-05,0.000261352,18,0,0.154744,0.537415,3.08456e-06,0.47427,1.85866e-05,0.000161458,0.000229848,0.000449192,-0.000161148,-0.000117669,-3.40071e-05,8.35132e-05,-0.000176236,0.00022861
all_features,lgbm,perm_p1_mse,column,adj_sumvolume_ma_625,adj_sumvolume_ma_625,1,True,3.10281e-06,-1.83614e-05,2.31557e-05,133,0,0.00497536,0.401361,0,1.57788,4.9813e-05,2.63892e-05,-8.95163e-06,-3.58637e-05,2.08987e-05,-2.24918e-05,3.57377e-05,3.30674e-05,8.78869e-06,-9.91574e-06
all_features,lgbm,perm_p1_mse,column,adj_sumvolume_ma_3125,adj_sumvolume_ma_3125,1,True,1.2182e-05,-1.39555e-05,4.3146e-05,78,0.00680272,0.0195339,0.421769,0,0.85748,-1.02336e-05,5.37442e-06,6.19812e-05,-2.72656e-07,5.81023e-06,3.01601e-05,-8.34346e-05,4.59034e-05,-2.89055e-05,1.97501e-05
all_features,lgbm,perm_p1_mse,column,adj_numobs_ma_1,adj_numobs_ma_1,1,True,2.17796e-06,1.07171e-07,4.80228e-06,141,0,0.00349237,0.115646,0,0.484501,1.19241e-05,2.89621e-06,3.24395e-06,-4.16334e-19,3.41192e-07,-1.52656e-18,-1.05401e-18,5.62649e-07,3.71098e-06,2.01904e-06
all_features,lgbm,perm_p1_mse,column,adj_numobs_ma_5,adj_numobs_ma_5,1,True,7.83364e-07,-3.79671e-07,2.27373e-06,153,0,0.00125613,0.14966,0,0.812099,7.12662e-06,1.936e-06,-1.11623e-06,-2.77556e-19,1.59595e-18,-2.08167e-18,-1.75668e-19,-1.40913e-06,1.32813e-06,1.28637e-06
all_features,lgbm,perm_p1_mse,column,adj_numobs_ma_25,adj_numobs_ma_25,1,True,9.45773e-06,-3.26631e-05,4.71086e-05,93,0,0.0151655,0.278912,0,0.672184,0.000126266,-6.57724e-06,3.05109e-05,-6.2447e-06,1.27144e-06,-2.8782e-05,-1.75668e-19,-5.30477e-05,1.08227e-05,3.04259e-05
all_features,lgbm,perm_p1_mse,column,adj_numobs_ma_125,adj_numobs_ma_125,1,True,1.72616e-05,-4.41882e-06,4.11422e-05,63,0,0.027679,0.408163,0,0.217246,8.22608e-05,4.63535e-05,1.76137e-05,-1.52132e-05,-7.09936e-06,2.37923e-05,-2.73661e-05,2.76746e-05,-8.0552e-06,2.55078e-05
all_features,lgbm,perm_p1_mse,column,adj_numobs_ma_625,adj_numobs_ma_625,1,True,-2.24784e-06,-3.72551e-05,3.28356e-05,419,0.00680272,-0.00360442,0.394558,0,,8.57639e-06,1.3021e-05,5.00414e-07,-5.55352e-05,-4.121e-05,2.71501e-05,0.000119888,4.45749e-05,6.52113e-05,-4.99977e-05
all_features,lgbm,perm_p1_mse,column,adj_numobs_ma_3125,adj_numobs_ma_3125,1,True,-6.04726e-06,-1.71632e-05,2.69523e-06,452,0,-0.00969679,0.22449,0,,1.38869e-05,3.43205e-08,-3.31524e-06,-2.35862e-05,-1.66702e-06,-1.42221e-05,-1.75668e-19,-8.11587e-06,-9.4347e-07,-7.72025e-06
all_features,lgbm,perm_p1_mse,column,adj_sumret2_ewstock_ma_1,adj_sumret2_ewstock_ma_1,1,True,6.04661e-06,-3.37617e-05,4.41879e-05,111,0,0.00969576,0.517007,3.51285e-07,1.17871,-8.50574e-05,-2.53592e-05,8.50681e-05,4.49567e-06,1.20707e-05,-4.3166e-05,0.000150838,-7.04236e-05,1.62933e-05,2.76863e-05
all_features,lgbm,perm_p1_mse,column,adj_sumret2_ewstock_ma_5,adj_sumret2_ewstock_ma_5,1,True,-3.27049e-05,-8.03571e-05,1.39653e-05,529,0,-0.0524424,0.394558,-5.61558e-06,,-6.64255e-05,-9.73407e-05,-0.000128551,4.45268e-05,2.89034e-05,-1.89916e-05,5.60573e-05,-5.80022e-05,-2.04275e-05,-2.97048e-05
all_features,lgbm,perm_p1_mse,column,adj_sumret2_ewstock_ma_25,adj_sumret2_ewstock_ma_25,1,True,-1.77566e-05,-7.09978e-05,3.47138e-05,494,0,-0.0284727,0.489796,0,,-0.00012332,1.99834e-05,7.9808e-06,-6.28769e-05,-5.41732e-05,2.88542e-05,6.08262e-05,-7.22527e-05,3.32685e-05,-2.27931e-05
all_features,lgbm,perm_p1_mse,column,adj_sumret2_ewstock_ma_125,adj_sumret2_ewstock_ma_125,1,True,9.35132e-06,-1.75508e-05,3.60965e-05,94,0,0.0149949,0.47619,0,0.403257,0.000132373,-1.23341e-05,-5.15078e-06,-1.41063e-05,1.26037e-06,-2.2145e-05,0.000123682,2.8145e-05,9.35854e-06,2.85135e-06
all_features,lgbm,perm_p1_mse,column,adj_sumret2_ewstock_ma_625,adj_sumret2_ewstock_ma_625,1,True,2.07555e-05,-1.54104e-06,4.28964e-05,59,0,0.0332815,0.380952,0,0.214691,-1.94854e-05,1.76549e-05,1.06481e-05,4.07394e-05,2.44881e-05,3.45089e-05,1.05896e-05,2.71325e-05,-5.09806e-06,3.06481e-05
all_features,lgbm,perm_p1_mse,column,adj_sumret2_ewstock_ma_3125,adj_sumret2_ewstock_ma_3125,1,True,-1.37304e-05,-3.14644e-05,-6.05984e-07,485,0,-0.0220168,0.272109,0,,-8.99289e-05,-1.88354e-05,9.90725e-06,4.92336e-06,1.28731e-06,-2.31978e-05,-2.29372e-05,-4.27735e-05,-7.84412e-06,-6.44503e-06
all_features,lgbm,perm_p1_mse,column,adj_sumret3_ewstock_ma_1,adj_sumret3_ewstock_ma_1,1,True,3.32752e-05,-2.1777e-05,8.8936e-05,45,0.0136054,0.0533568,0.510204,1.17612e-06,0.473821,0.000121713,2.649e-05,3.78754e-05,6.83267e-05,-1.50527e-05,-2.24816e-05,0.000113978,-2.30049e-05,-2.24044e-05,7.87826e-05
all_features,lgbm,perm_p1_mse,column,adj_sumret3_ewstock_ma_5,adj_sumret3_ewstock_ma_5,1,True,-4.07738e-06,-7.6438e-05,6.56277e-05,433,0.00680272,-0.00653808,0.517007,1.23207e-05,,-0.000195504,-9.20764e-05,-4.75279e-06,-1.22635e-05,0.000134801,6.36649e-05,-2.52752e-05,1.12985e-05,-4.36482e-05,9.12271e-06
all_features,lgbm,perm_p1_mse,column,adj_sumret3_ewstock_ma_25,adj_sumret3_ewstock_ma_25,1,True,-6.4524e-05,-0.00016198,2.4308e-05,552,0.00680272,-0.103464,0.47619,-2.19188e-05,,-0.000347367,-4.99588e-05,-0.000175719,-6.61465e-06,-3.23626e-05,7.37355e-05,-1.77037e-05,-2.31027e-05,-5.07836e-05,-8.52716e-05
all_features,lgbm,perm_p1_mse,column,adj_sumret3_ewstock_ma_125,adj_sumret3_ewstock_ma_125,1,True,-0.000219845,-0.000635023,1.07171e-05,569,0.00680272,-0.352521,0.455782,-9.03467e-06,,0.000178585,-8.50669e-05,-0.00116751,2.19251e-05,-9.31865e-05,-1.89591e-05,-0.000121735,-3.49196e-05,-3.82966e-05,-0.000368716
all_features,lgbm,perm_p1_mse,column,adj_sumret3_ewstock_ma_625,adj_sumret3_ewstock_ma_625,1,True,1.68203e-05,-3.14116e-05,6.97963e-05,64,0.0136054,0.0269714,0.496599,0,0.434146,0.000171502,-3.18382e-06,-1.91282e-06,-5.23471e-05,8.40016e-06,4.00607e-05,5.9385e-05,4.14833e-05,-6.96048e-05,4.87333e-05
all_features,lgbm,perm_p1_mse,column,adj_sumret3_ewstock_ma_3125,adj_sumret3_ewstock_ma_3125,1,True,-1.9816e-07,-1.97043e-05,1.81701e-05,386,0,-0.000317751,0.312925,0,,1.61755e-06,4.16671e-06,-3.45707e-05,-3.97332e-06,2.47821e-05,1.97662e-05,-3.90607e-05,-3.81205e-06,-6.92385e-07,1.28234e-06
all_features,lgbm,perm_p1_mse,column,adj_sumret4_ewstock_ma_1,adj_sumret4_ewstock_ma_1,1,True,2.19434e-05,-7.02744e-06,5.7333e-05,55,0,0.0351863,0.414966,0,0.523369,2.66856e-05,4.30377e-05,2.0588e-05,-9.25085e-06,6.09902e-05,-1.97706e-05,5.61617e-05,5.22314e-05,-5.40242e-08,2.17661e-05
all_features,lgbm,perm_p1_mse,column,adj_sumret4_ewstock_ma_5,adj_sumret4_ewstock_ma_5,1,True,-4.95003e-06,-2.73076e-05,1.59239e-05,443,0,-0.00793739,0.37415,0,,5.95155e-06,1.01273e-05,-4.78104e-06,-3.52183e-05,9.89754e-06,-1.85422e-05,1.87669e-05,2.00264e-05,-5.77025e-05,1.10991e-05
all_features,lgbm,perm_p1_mse,column,adj_sumret4_ewstock_ma_25,adj_sumret4_ewstock_ma_25,1,True,2.61946e-05,-4.57524e-06,5.69084e-05,49,0,0.0420031,0.482993,0,0.231885,0.000129583,-3.81312e-05,7.9405e-05,3.03573e-05,-1.68103e-06,2.05496e-05,-7.71496e-06,3.53073e-05,1.19418e-05,2.97134e-05
all_features,lgbm,perm_p1_mse,column,adj_sumret4_ewstock_ma_125,adj_sumret4_ewstock_ma_125,1,True,1.11143e-05,-1.10605e-05,3.1008e-05,84,0,0.0178217,0.442177,0,0.352693,6.31917e-05,3.19371e-05,-1.51683e-05,8.39984e-06,1.45916e-05,-1.5505e-05,2.18827e-05,3.45739e-05,-7.16175e-06,1.15561e-05
all_features,lgbm,perm_p1_mse,column,adj_sumret4_ewstock_ma_625,adj_sumret4_ewstock_ma_625,1,True,-2.62852e-06,-2.04974e-05,1.2392e-05,424,0,-0.00421483,0.285714,0,,-7.45742e-05,2.09789e-05,2.08384e-05,7.71811e-06,-1.05056e-05,-1.94327e-05,9.16798e-06,-3.29172e-05,-2.64362e-06,7.84872e-06
all_features,lgbm,perm_p1_mse,column,adj_sumret4_ewstock_ma_3125,adj_sumret4_ewstock_ma_3125,1,True,3.3353e-06,-4.20754e-07,8.10624e-06,130,0,0.00534816,0.217687,0,0.577118,-4.27626e-06,5.73813e-06,-2.27548e-06,-9.24913e-07,2.0183e-07,9.04536e-06,3.10362e-05,1.6598e-05,5.53345e-06,-2.27785e-06
all_features,lgbm,perm_p1_mse,column,adj_sumabsret_ewstock_ma_1,adj_sumabsret_ewstock_ma_1,1,True,0.000158992,-0.000105165,0.000398726,10,0.142857,0.254944,0.55102,0.000145614,0.247557,-0.000392031,-7.48861e-05,0.000393036,7.07805e-05,0.000617373,2.53778e-05,0.000346226,-0.000170158,-3.72029e-05,0.000364572
all_features,lgbm,perm_p1_mse,column,adj_sumabsret_ewstock_ma_5,adj_sumabsret_ewstock_ma_5,1,True,-6.79944e-05,-0.000226877,8.11457e-05,554,0.00680272,-0.109029,0.47619,0,,-3.49864e-05,1.87729e-05,-0.00024071,-0.000137309,7.90276e-05,2.01046e-05,-0.000386009,0.000211403,-0.000246144,-8.12199e-05
all_features,lgbm,perm_p1_mse,column,adj_sumabsret_ewstock_ma_25,adj_sumabsret_ewstock_ma_25,1,True,-5.06159e-05,-0.000110464,7.62012e-06,544,0,-0.0811627,0.47619,-3.06355e-06,,-0.000137644,-0.000117924,-6.85948e-05,-2.57105e-05,8.40801e-06,1.43229e-05,-0.000100091,-8.61492e-05,-4.52214e-05,-4.08569e-05
all_features,lgbm,perm_p1_mse,column,adj_sumabsret_ewstock_ma_125,adj_sumabsret_ewstock_ma_125,1,True,5.05694e-06,-2.92619e-05,4.16435e-05,115,0,0.00810881,0.496599,0,1.49734,-8.32387e-05,-1.01534e-05,2.55874e-05,-1.36508e-05,1.50663e-05,5.02615e-05,1.99169e-05,-1.3549e-06,9.24475e-06,5.3139e-06
all_features,lgbm,perm_p1_mse,column,adj_sumabsret_ewstock_ma_625,adj_sumabsret_ewstock_ma_625,1,True,2.43532e-05,-5.36732e-06,5.626e-05,52,0.00680272,0.0390504,0.421769,0,0.231157,1.59003e-05,5.77086e-05,4.76398e-05,5.4225e-05,-4.66356e-05,3.25629e-05,-4.10691e-05,1.85264e-05,6.45039e-05,7.58082e-06
all_features,lgbm,perm_p1_mse,column,adj_sumabsret_ewstock_ma_3125,adj_sumabsret_ewstock_ma_3125,1,True,-6.17477e-06,-2.28685e-05,8.58254e-06,453,0,-0.00990126,0.258503,0,,-1.68402e-05,-8.25527e-06,-2.77137e-05,-1.26872e-05,-5.64028e-06,2.00996e-05,2.21552e-05,1.1343e-05,-1.96147e-05,-5.94173e-06
all_features,lgbm,perm_p1_mse,column,adj_sumbipow_ewstock_ma_1,adj_sumbipow_ewstock_ma_1,1,True,-8.66234e-05,-0.000230491,7.51717e-06,558,0,-0.138901,0.482993,0,,-0.000710084,-0.000131996,-3.48668e-06,5.37049e-05,4.73876e-06,-0.000100708,0.000136935,4.0901e-05,-0.000140701,-0.000105403
all_features,lgbm,perm_p1_mse,column,adj_sumbipow_ewstock_ma_5,adj_sumbipow_ewstock_ma_5,1,True,-1.10372e-05,-7.27123e-05,4.39458e-05,478,0,-0.0176982,0.442177,0,,-8.2993e-05,-4.15646e-05,-0.000126668,9.22675e-05,1.54669e-05,-1.89963e-05,0.00018816,-9.19659e-05,-3.50521e-05,2.81747e-05
all_features,lgbm,perm_p1_mse,column,adj_sumbipow_ewstock_ma_25,adj_sumbipow_ewstock_ma_25,1,True,-2.12944e-05,-5.70878e-05,1.37669e-05,504,0,-0.0341456,0.496599,0,,-7.89572e-05,7.16642e-05,-4.82986e-05,-4.87578e-05,-2.6955e-05,-2.99341e-05,-1.4726e-05,3.98556e-05,-4.53668e-05,-3.11691e-05
all_features,lgbm,perm_p1_mse,column,adj_sumbipow_ewstock_ma_125,adj_sumbipow_ewstock_ma_125,1,True,-5.45053e-06,-3.21938e-05,1.94162e-05,451,0,-0.00873993,0.401361,0,,9.70461e-05,9.26618e-06,1.57952e-05,-6.51932e-05,-1.33972e-05,-2.25998e-05,-2.13071e-05,4.11189e-06,1.19518e-05,-1.68986e-05
all_features,lgbm,perm_p1_mse,column,adj_sumbipow_ewstock_ma_625,adj_sumbipow_ewstock_ma_625,1,True,-5.00465e-06,-3.0002e-05,1.93548e-05,446,0,-0.00802497,0.408163,0,,-7.47295e-06,2.22514e-05,1.32548e-05,-2.88913e-05,-7.82551e-06,-2.33924e-06,-7.23465e-05,-3.86487e-06,1.45665e-05,-1.4556e-05
all_features,lgbm,perm_p1_mse,column,adj_sumbipow_ewstock_ma_3125,adj_sumbipow_ewstock_ma_3125,1,True,2.24453e-07,-7.19709e-06,6.26148e-06,169,0,0.000359911,0.238095,0,4.23203,1.8391e-05,7.81216e-06,1.09689e-07,3.22389e-06,-1.58212e-05,-3.14969e-06,-2.31581e-06,1.00793e-05,3.3392e-06,-4.63955e-06
all_features,lgbm,perm_p1_mse,column,adj_sumpret2_ewstock_ma_1,adj_sumpret2_ewstock_ma_1,1,True,1.47648e-05,-3.42654e-05,6.00883e-05,67,0,0.0236754,0.503401,1.38778e-17,1.02155,-0.000176414,2.17071e-06,8.5828e-05,2.67367e-05,9.95092e-05,-4.2806e-05,2.20508e-05,-2.46866e-05,2.34097e-05,2.43574e-05
all_features,lgbm,perm_p1_mse,column,adj_sumpret2_ewstock_ma_5,adj_sumpret2_ewstock_ma_5,1,True,1.0632e-05,-3.4239e-05,5.4734e-05,86,0.00680272,0.0170485,0.496599,0,0.71671,-0.00014056,8.79627e-06,-2.00166e-05,-6.26541e-05,7.60753e-05,7.01584e-05,0.000198905,4.93681e-05,3.91428e-05,-1.60985e-05
all_features,lgbm,perm_p1_mse,column,adj_sumpret2_ewstock_ma_25,adj_sumpret2_ewstock_ma_25,1,True,4.85725e-05,-1.84963e-05,0.000118223,32,0.047619,0.0778862,0.496599,0,0.296172,0.000294512,0.000103594,-7.36982e-05,-1.51331e-05,4.51085e-05,4.45755e-05,7.49236e-05,0.000139484,9.81583e-05,-6.05472e-06
all_features,lgbm,perm_p1_mse,column,adj_sumpret2_ewstock_ma_125,adj_sumpret2_ewstock_ma_125,1,True,-2.50289e-05,-5.97769e-05,3.84674e-06,515,0,-0.0401339,0.37415,0,,-9.05246e-06,-3.781e-05,-8.97243e-05,-6.4876e-05,7.59066e-06,4.3563e-05,1.28628e-06,2.6902e-05,-3.55319e-05,-3.80659e-05
all_features,lgbm,perm_p1_mse,column,adj_sumpret2_ewstock_ma_625,adj_sumpret2_ewstock_ma_625,1,True,-6.85597e-06,-3.04843e-05,1.67015e-05,456,0,-0.0109936,0.435374,0,,1.63253e-05,2.41823e-05,-3.33309e-05,8.22495e-06,-3.95293e-05,-3.01357e-06,-1.98596e-05,2.57418e-05,-2.43238e-05,-9.95113e-06
all_features,lgbm,perm_p1_mse,column,adj_sumpret2_ewstock_ma_3125,adj_sumpret2_ewstock_ma_3125,1,True,-4.38626e-06,-1.55418e-05,6.89183e-06,438,0,-0.00703338,0.217687,0,,-3.12262e-05,-1.80676e-05,5.55124e-06,1.40679e-05,-1.04212e-05,7.4883e-07,-2.19139e-06,-1.77409e-05,-3.29247e-06,-2.8163e-07
all_features,lgbm,perm_p1_mse,column,adj_turnover_ewstock_ma_1,adj_turnover_ewstock_ma_1,1,True,-9.35785e-06,-8.12661e-05,6.74407e-05,466,0.00680272,-0.0150053,0.489796,0,,-0.000173395,-1.54169e-05,0.000125901,9.62198e-05,-4.42203e-05,-9.823e-05,-9.00595e-05,-7.24574e-05,-3.98243e-05,2.67096e-05
all_features,lgbm,perm_p1_mse,column,adj_turnover_ewstock_ma_5,adj_turnover_ewstock_ma_5,1,True,-8.13711e-05,-0.000192285,-7.6351e-06,556,0.00680272,-0.130479,0.387755,-9.2919e-06,,3.33124e-05,-0.000100306,-0.000265737,-4.96093e-06,-8.04397e-05,-4.89924e-05,2.84471e-05,-0.000104009,7.01828e-05,-0.000144458
all_features,lgbm,perm_p1_mse,column,adj_turnover_ewstock_ma_25,adj_turnover_ewstock_ma_25,1,True,7.6416e-07,-5.09292e-05,5.46002e-05,154,0,0.00122533,0.517007,8.4636e-06,20.1335,-4.241e-05,4.49008e-05,2.85648e-05,3.29654e-05,-5.20973e-05,1.44574e-05,-0.000139379,-5.49444e-05,5.5085e-05,-5.39532e-06
all_features,lgbm,perm_p1_mse,column,adj_turnover_ewstock_ma_125,adj_turnover_ewstock_ma_125,1,True,-6.23768e-06,-4.59446e-05,2.87473e-05,454,0.00680272,-0.0100021,0.47619,0,,-4.00101e-05,-6.98518e-05,5.0769e-05,5.30669e-05,-3.47524e-05,-1.0146e-05,-6.76909e-06,-2.92402e-05,2.55889e-05,-1.31779e-05
all_features,lgbm,perm_p1_mse,column,adj_turnover_ewstock_ma_625,adj_turnover_ewstock_ma_625,1,True,9.19429e-06,-1.7213e-05,4.21227e-05,95,0.00680272,0.0147431,0.435374,0,0.726525,2.73637e-05,6.71352e-06,9.00207e-06,-3.98028e-05,-2.19377e-05,7.70487e-05,2.69117e-05,1.45384e-05,5.27165e-05,-1.30171e-05
all_features,lgbm,perm_p1_mse,column,adj_turnover_ewstock_ma_3125,adj_turnover_ewstock_ma_3125,1,True,2.23673e-05,-3.41077e-06,5.45455e-05,54,0.00680272,0.035866,0.326531,0,0.391891,2.18199e-05,3.39053e-06,-1.07297e-05,3.12459e-05,1.98939e-05,7.61477e-05,-1.75668e-19,2.25577e-05,4.79119e-05,1.03492e-05
all_features,lgbm,perm_p1_mse,column,adj_buyturnover_ewstock_ma_1,adj_buyturnover_ewstock_ma_1,1,True,-5.42956e-05,-0.000159455,2.83351e-05,546,0.00680272,-0.0870631,0.442177,0,,-0.000120159,-4.31299e-05,5.62107e-05,-3.99271e-05,-2.09627e-05,-0.000233896,8.50366e-05,-0.000174486,-3.49126e-06,-3.65197e-05
all_features,lgbm,perm_p1_mse,column,adj_buyturnover_ewstock_ma_5,adj_buyturnover_ewstock_ma_5,1,True,-3.95162e-05,-0.000142794,4.09504e-05,534,0,-0.0633642,0.537415,1.30635e-06,,0.000144031,-5.44861e-05,-0.000268094,-9.88886e-05,1.8806e-05,0.000125895,-8.90699e-05,9.297e-05,7.97603e-05,-0.000141123
all_features,lgbm,perm_p1_mse,column,adj_buyturnover_ewstock_ma_25,adj_buyturnover_ewstock_ma_25,1,True,4.58503e-05,-1.43698e-05,0.000115192,34,0.0136054,0.0735211,0.530612,9.74372e-07,0.217245,0.000202155,0.000119432,0.000156139,-3.38408e-05,-4.81082e-05,-1.58847e-05,-5.76545e-05,5.36216e-05,1.96661e-05,5.54156e-05
all_features,lgbm,perm_p1_mse,column,adj_buyturnover_ewstock_ma_125,adj_buyturnover_ewstock_ma_125,1,True,3.78309e-05,-6.39225e-06,9.07666e-05,41,0.0204082,0.0606619,0.496599,0,0.416831,0.000105897,6.31902e-05,-1.14863e-05,8.36364e-05,-3.60652e-05,5.54028e-05,3.1717e-05,0.000147145,3.24959e-05,2.53954e-06
all_features,lgbm,perm_p1_mse,column,adj_buyturnover_ewstock_ma_625,adj_buyturnover_ewstock_ma_625,1,True,3.09138e-05,-1.04352e-05,9.10118e-05,48,0.00680272,0.0495704,0.442177,0,0.747435,4.95468e-05,-8.9424e-06,6.07653e-05,0.000130073,-1.74242e-05,-4.74685e-06,-1.10189e-05,-5.85512e-07,-7.12959e-06,5.9603e-05
all_features,lgbm,perm_p1_mse,column,adj_buyturnover_ewstock_ma_3125,adj_buyturnover_ewstock_ma_3125,1,True,-1.86674e-06,-1.61461e-05,1.41422e-05,414,0,-0.00299333,0.292517,0,,-2.275e-05,-1.33448e-05,1.80957e-05,7.76217e-06,-1.89011e-05,7.78278e-06,-1.75668e-19,-2.29417e-06,7.36511e-06,-6.03859e-06
all_features,lgbm,perm_p1_mse,column,adj_sellturnover_ewstock_ma_1,adj_sellturnover_ewstock_ma_1,1,True,-5.14558e-05,-0.000161678,5.50329e-05,545,0.00680272,-0.0825095,0.510204,1.27222e-08,,-0.000229685,-6.01538e-05,0.000199996,7.50374e-05,2.87199e-05,-0.000260682,-0.000517183,-0.000210587,-0.000211116,7.82577e-05
all_features,lgbm,perm_p1_mse,column,adj_sellturnover_ewstock_ma_5,adj_sellturnover_ewstock_ma_5,1,True,-6.3612e-05,-0.00014591,1.90683e-05,551,0,-0.102002,0.462585,0,,3.06113e-05,-3.58277e-05,-9.66059e-05,-7.98304e-05,-7.61403e-05,-9.72958e-05,-8.12978e-06,-0.000119478,7.46804e-05,-0.000109008
all_features,lgbm,perm_p1_mse,column,adj_sellturnover_ewstock_ma_25,adj_sellturnover_ewstock_ma_25,1,True,-1.59988e-05,-5.82219e-05,2.64845e-05,488,0.00680272,-0.0256541,0.52381,5.52082e-06,,-3.20801e-05,7.36147e-05,3.44653e-05,-0.000169173,-2.59085e-05,-1.1949e-05,5.91087e-05,-4.01149e-05,5.15832e-05,-3.9284e-05
all_features,lgbm,perm_p1_mse,column,adj_sellturnover_ewstock_ma_125,adj_sellturnover_ewstock_ma_125,1,True,-2.77997e-05,-6.55201e-05,7.46068e-06,520,0,-0.0445769,0.435374,-7.67254e-06,,1.87865e-05,-3.08659e-05,-6.93685e-05,-5.68282e-05,-3.38934e-07,-2.52122e-05,3.39499e-05,1.21085e-06,-5.6682e-05,-2.4314e-05
all_features,lgbm,perm_p1_mse,column,adj_sellturnover_ewstock_ma_625,adj_sellturnover_ewstock_ma_625,1,True,-2.8288e-05,-7.41718e-05,1.22724e-05,521,0.0136054,-0.0453598,0.44898,0,,-0.000154288,1.43928e-05,-5.73821e-05,-1.84361e-05,-3.84503e-05,2.69155e-05,-4.30561e-05,-8.8807e-06,-1.64764e-05,-4.05233e-05
all_features,lgbm,perm_p1_mse,column,adj_sellturnover_ewstock_ma_3125,adj_sellturnover_ewstock_ma_3125,1,True,-1.63557e-05,-3.69681e-05,2.33276e-06,490,0,-0.0262264,0.272109,0,,3.04707e-05,-5.42503e-05,5.73215e-06,-3.55366e-05,-2.37171e-05,-2.0089e-06,-1.75668e-19,-9.26459e-06,-8.22454e-06,-2.26115e-05
all_features,lgbm,perm_p1_mse,column,adj_effspread_ewstock_ma_1,adj_effspread_ewstock_ma_1,1,True,4.38875e-05,-7.49437e-06,9.65395e-05,36,0,0.0703737,0.55102,1.16049e-05,0.238066,0.000249469,1.11464e-05,9.46011e-05,2.53194e-06,-4.78472e-05,4.5248e-05,6.97241e-05,6.70881e-06,5.93081e-05,4.9524e-05
all_features,lgbm,perm_p1_mse,column,adj_effspread_ewstock_ma_5,adj_effspread_ewstock_ma_5,1,True,5.72994e-05,2.83482e-06,0.000111644,27,0,0.0918797,0.52381,6.28857e-06,0.228613,0.000200547,6.84245e-06,0.000167282,3.22083e-05,3.00452e-06,2.24968e-06,6.50197e-05,5.98319e-05,-8.63402e-06,8.72743e-05
all_features,lgbm,perm_p1_mse,column,adj_effspread_ewstock_ma_25,adj_effspread_ewstock_ma_25,1,True,4.77109e-05,-2.49557e-05,0.000128877,33,0.0136054,0.0765046,0.52381,3.03172e-06,0.74271,4.47016e-05,7.89089e-05,0.000209062,2.19868e-05,-2.91981e-05,-6.90754e-05,0.000133746,-9.30881e-05,0.00015956,4.40478e-05
all_features,lgbm,perm_p1_mse,column,adj_effspread_ewstock_ma_125,adj_effspread_ewstock_ma_125,1,True,-2.75564e-05,-7.78383e-05,2.23288e-05,519,0.00680272,-0.0441867,0.421769,0,,0.000129894,1.96623e-05,-0.000139077,-1.47895e-05,-2.99077e-05,-5.02514e-05,-5.02818e-05,1.21861e-05,-7.12629e-05,-2.08442e-05
all_features,lgbm,perm_p1_mse,column,adj_effspread_ewstock_ma_625,adj_effspread_ewstock_ma_625,1,True,1.41327e-05,-1.97374e-05,5.50618e-05,71,0,0.0226618,0.333333,0,0.856405,0.000181116,-2.28889e-06,3.29077e-05,-9.82591e-06,-3.10556e-05,4.21147e-06,-1.58043e-05,5.27489e-06,5.40604e-06,2.12778e-05
all_features,lgbm,perm_p1_mse,column,adj_effspread_ewstock_ma_3125,adj_effspread_ewstock_ma_3125,1,True,-7.91255e-07,-1.60067e-05,1.51049e-05,403,0,-0.00126878,0.231293,0,,-2.5567e-06,3.78309e-05,-6.04906e-06,5.75101e-06,-4.11431e-05,3.49614e-06,-1.4934e-05,1.7008e-06,1.25683e-05,-7.90366e-06
all_features,lgbm,perm_p1_mse,column,adj_spread_ewstock_ma_1,adj_spread_ewstock_ma_1,1,True,2.73682e-07,-7.30779e-05,5.98877e-05,167,0,0.00043885,0.489796,0,39.9171,6.92588e-07,0.000117824,4.12052e-05,-3.78971e-05,-0.00017616,4.381e-05,2.4535e-05,7.07423e-05,6.91085e-05,-5.62937e-05
all_features,lgbm,perm_p1_mse,column,adj_spread_ewstock_ma_5,adj_spread_ewstock_ma_5,1,True,1.8959e-05,-2.13405e-05,5.87383e-05,60,0,0.0304009,0.462585,0,0.396281,-7.45704e-05,0.000101087,3.23268e-05,3.13386e-05,-2.87943e-05,5.94205e-05,-0.000155828,0.000132566,-4.7739e-05,1.08957e-05
all_features,lgbm,perm_p1_mse,column,adj_spread_ewstock_ma_25,adj_spread_ewstock_ma_25,1,True,-3.71995e-05,-0.000137988,3.8412e-05,531,0.0204082,-0.0596494,0.428571,-2.77556e-17,,7.44328e-05,-2.48368e-05,-0.000245171,0.000103896,-3.7837e-06,-9.51387e-05,2.76525e-05,-6.46901e-05,2.28953e-05,-5.5815e-05
all_features,lgbm,perm_p1_mse,column,adj_spread_ewstock_ma_125,adj_spread_ewstock_ma_125,1,True,-4.15587e-05,-7.88046e-05,-7.06266e-06,536,0.00680272,-0.0666395,0.435374,0,,-5.87446e-05,-5.80569e-05,-7.24531e-05,-7.97213e-05,2.72714e-05,-3.5811e-05,2.3549e-05,-2.50995e-05,-0.000100613,-1.96166e-05
all_features,lgbm,perm_p1_mse,column,adj_spread_ewstock_ma_625,adj_spread_ewstock_ma_625,1,True,-9.58726e-06,-4.41814e-05,2.42383e-05,471,0,-0.0153732,0.394558,0,,7.44022e-06,-2.80025e-06,7.07147e-06,-3.49223e-05,6.37904e-06,1.01657e-05,-0.000145523,-8.42986e-05,1.60561e-05,4.24032e-06
all_features,lgbm,perm_p1_mse,column,adj_spread_ewstock_ma_3125,adj_spread_ewstock_ma_3125,1,True,-1.96098e-05,-4.86945e-05,1.73018e-06,498,0,-0.0314444,0.244898,0,,2.78841e-07,-1.95712e-05,-6.39832e-05,1.05272e-05,1.50932e-06,-4.53661e-05,7.26138e-06,-3.5765e-05,-6.76094e-06,-2.00373e-05
all_features,lgbm,perm_p1_mse,column,adj_sumret2_vwstock_ma_1,adj_sumret2_vwstock_ma_1,1,True,7.14287e-05,7.84822e-06,0.000148411,22,0,0.114536,0.47619,0,0.400326,0.000614627,-1.74823e-05,0.000141668,-2.55733e-05,-3.80397e-05,1.63173e-05,7.56914e-05,0.000122715,8.99877e-06,8.2911e-05
all_features,lgbm,perm_p1_mse,column,adj_sumret2_vwstock_ma_5,adj_sumret2_vwstock_ma_5,1,True,-4.4908e-05,-0.000109231,7.95145e-06,540,0,-0.07201,0.442177,0,,-0.000281551,-3.85428e-05,-0.000103412,-2.37892e-05,6.56857e-05,-3.90118e-06,-3.78836e-05,-0.000129429,-4.30674e-05,-1.65521e-05
all_features,lgbm,perm_p1_mse,column,adj_sumret2_vwstock_ma_25,adj_sumret2_vwstock_ma_25,1,True,-9.72607e-06,-5.13236e-05,3.03559e-05,473,0,-0.0155958,0.510204,6.93889e-18,,-7.0244e-05,8.24955e-06,-6.87497e-06,-4.96264e-05,-6.83513e-06,3.63686e-05,-7.07337e-06,0.000118096,-3.21288e-05,-4.34293e-05
all_features,lgbm,perm_p1_mse,column,adj_sumret2_vwstock_ma_125,adj_sumret2_vwstock_ma_125,1,True,1.06182e-05,-2.17694e-06,2.36993e-05,87,0,0.0170263,0.44898,0,0.261707,3.8619e-05,2.1183e-05,2.14389e-05,-3.99983e-06,3.29206e-06,1.0359e-05,-3.42084e-05,4.03086e-05,3.4599e-06,3.70425e-06
all_features,lgbm,perm_p1_mse,column,adj_sumret2_vwstock_ma_625,adj_sumret2_vwstock_ma_625,1,True,1.03252e-05,-1.03065e-05,3.31419e-05,88,0,0.0165564,0.401361,0,0.56565,-2.73114e-05,-2.72333e-05,2.13767e-05,4.15367e-05,9.86147e-06,2.34226e-05,2.21444e-05,1.7126e-05,-1.44973e-05,1.95887e-05
all_features,lgbm,perm_p1_mse,column,adj_sumret2_vwstock_ma_3125,adj_sumret2_vwstock_ma_3125,1,True,-1.13154e-05,-2.32391e-05,-2.08832e-06,480,0,-0.0181443,0.204082,0,,9.60695e-06,-8.34991e-06,-3.83055e-06,-2.82107e-05,-1.89114e-06,-2.74687e-05,-4.43042e-06,-1.2909e-05,-5.85365e-06,-1.33201e-05
all_features,lgbm,perm_p1_mse,column,adj_sumret3_vwstock_ma_1,adj_sumret3_vwstock_ma_1,1,True,5.80288e-06,-4.99338e-05,6.55413e-05,113,0.00680272,0.00930494,0.537415,1.51789e-05,1.28897,3.18698e-05,-2.4595e-07,8.28422e-05,-3.25211e-05,-1.31328e-05,1.1716e-06,-6.51222e-05,1.5953e-05,3.09142e-05,-9.45541e-06
all_features,lgbm,perm_p1_mse,column,adj_sumret3_vwstock_ma_5,adj_sumret3_vwstock_ma_5,1,True,-6.34715e-05,-0.000134586,2.66559e-06,550,0,-0.101777,0.435374,-1.93059e-05,,-5.32246e-05,-4.17489e-05,-4.96717e-05,-9.47773e-05,-8.23899e-05,-4.33137e-05,-0.000100349,3.24487e-05,-4.15016e-05,-0.000106909
all_features,lgbm,perm_p1_mse,column,adj_sumret3_vwstock_ma_25,adj_sumret3_vwstock_ma_25,1,True,-0.000109725,-0.000282256,3.30695e-06,561,0.00680272,-0.175944,0.462585,-1.22613e-05,,-0.000286094,-1.3854e-05,-0.0004334,-0.000134239,3.7071e-05,-8.01883e-06,0.000180439,-8.24735e-05,2.30795e-05,-0.000181285
all_features,lgbm,perm_p1_mse,column,adj_sumret3_vwstock_ma_125,adj_sumret3_vwstock_ma_125,1,True,-5.64324e-05,-0.000252336,9.48177e-05,547,0.0136054,-0.0904894,0.496599,-4.56724e-07,,0.000311342,-1.1647e-05,-0.000323077,-0.000150714,0.000138631,-0.000119704,-8.39152e-05,2.34656e-05,-0.00014461,-4.27929e-05
all_features,lgbm,perm_p1_mse,column,adj_sumret3_vwstock_ma_625,adj_sumret3_vwstock_ma_625,1,True,-3.9036e-05,-0.000115758,1.23586e-05,533,0,-0.0625943,0.421769,0,,5.29062e-05,-7.38576e-05,-0.000140913,2.87033e-05,1.48957e-05,-5.89602e-05,-7.53173e-05,-2.95874e-05,-9.00949e-05,-1.84116e-05
all_features,lgbm,perm_p1_mse,column,adj_sumret3_vwstock_ma_3125,adj_sumret3_vwstock_ma_3125,1,True,-1.91154e-05,-4.66987e-05,1.83295e-06,497,0,-0.0306516,0.258503,0,,-2.47999e-06,-5.57558e-05,-5.99453e-05,-9.35811e-06,1.98816e-06,7.15218e-06,2.25202e-05,4.53759e-06,-4.7517e-05,-1.40027e-05
all_features,lgbm,perm_p1_mse,column,adj_sumret4_vwstock_ma_1,adj_sumret4_vwstock_ma_1,1,True,6.07045e-05,1.49568e-05,0.000110314,26,0.00680272,0.0973399,0.408163,0,0.227708,0.000126463,5.26214e-06,0.000151452,1.15976e-07,4.78935e-05,-6.24544e-06,0.000291933,8.22997e-05,3.76098e-05,6.40456e-05
all_features,lgbm,perm_p1_mse,column,adj_sumret4_vwstock_ma_5,adj_sumret4_vwstock_ma_5,1,True,-9.52033e-06,-2.58615e-05,6.47667e-06,469,0,-0.0152659,0.319728,0,,-7.95165e-05,-2.72235e-05,6.50409e-06,7.62733e-06,-6.50805e-06,-4.78118e-06,3.4422e-05,-4.83996e-05,1.02986e-05,-5.35387e-06
all_features,lgbm,perm_p1_mse,column,adj_sumret4_vwstock_ma_25,adj_sumret4_vwstock_ma_25,1,True,3.57373e-05,7.20807e-06,6.66934e-05,43,0.0136054,0.0573049,0.442177,0,0.235282,-2.47292e-05,3.80277e-05,0.000106769,1.40972e-05,2.2941e-05,1.74157e-05,6.98746e-05,3.07595e-05,5.47732e-05,2.85512e-05
all_features,lgbm,perm_p1_mse,column,adj_sumret4_vwstock_ma_125,adj_sumret4_vwstock_ma_125,1,True,3.68914e-06,-1.23714e-05,1.74944e-05,126,0,0.00591554,0.408163,0,0.525479,5.69233e-05,8.93111e-06,-3.96453e-06,4.27267e-07,-3.85874e-06,-1.35785e-05,1.19094e-05,3.45636e-05,-8.93692e-06,-1.07576e-06
all_features,lgbm,perm_p1_mse,column,adj_sumret4_vwstock_ma_625,adj_sumret4_vwstock_ma_625,1,True,2.07973e-05,-3.09746e-06,5.75773e-05,58,0,0.0333486,0.29932,0,0.764811,1.28303e-05,-2.2277e-07,0.00011296,-4.69796e-06,-1.82136e-07,5.19547e-06,7.8794e-06,2.70826e-05,-1.95439e-06,2.92702e-05
all_features,lgbm,perm_p1_mse,column,adj_sumret4_vwstock_ma_3125,adj_sumret4_vwstock_ma_3125,1,True,-8.08558e-07,-8.48186e-06,7.10122e-06,405,0,-0.00129652,0.204082,0,,2.91653e-05,5.03498e-06,3.96417e-06,-1.41812e-05,3.35573e-07,-1.00719e-05,-1.64562e-05,-1.33522e-05,3.55489e-06,1.48586e-06
all_features,lgbm,perm_p1_mse,column,adj_sumabsret_vwstock_ma_1,adj_sumabsret_vwstock_ma_1,1,True,0.000226697,6.2386e-05,0.000410501,8,0.0952381,0.363509,0.55102,5.83365e-05,0.160044,0.000278798,0.000183438,0.000394344,-1.68786e-06,0.000263685,0.000144302,0.000619235,0.000507157,1.27291e-05,0.000229864
all_features,lgbm,perm_p1_mse,column,adj_sumabsret_vwstock_ma_5,adj_sumabsret_vwstock_ma_5,1,True,-0.000103597,-0.00034386,9.85049e-05,560,0.0272109,-0.166118,0.537415,1.44876e-05,,-0.00068445,-0.00017139,-0.000219591,0.000281932,8.39054e-05,-0.000142275,-0.000248567,-0.00012563,-0.000211511,-4.54874e-05
all_features,lgbm,perm_p1_mse,column,adj_sumabsret_vwstock_ma_25,adj_sumabsret_vwstock_ma_25,1,True,7.33094e-06,-8.50117e-05,0.000135121,107,0.0136054,0.0117552,0.482993,0,6.69486,-0.00022254,-1.75053e-06,-8.7678e-05,-1.75385e-05,3.03298e-06,0.00026294,-4.37187e-07,-4.44186e-05,0.000160657,-4.65218e-05
all_features,lgbm,perm_p1_mse,column,adj_sumabsret_vwstock_ma_125,adj_sumabsret_vwstock_ma_125,1,True,-3.39517e-05,-8.56374e-05,1.39203e-05,530,0,-0.0544416,0.489796,0,,7.14353e-05,5.92354e-05,-0.00010065,-0.000110309,-9.40072e-05,1.08157e-05,-1.29763e-05,7.00511e-05,-6.08378e-05,-5.73232e-05
all_features,lgbm,perm_p1_mse,column,adj_sumabsret_vwstock_ma_625,adj_sumabsret_vwstock_ma_625,1,True,8.3331e-06,-1.38197e-05,2.77171e-05,99,0,0.0133621,0.380952,0,0.514453,3.76046e-05,3.01411e-05,3.41557e-05,2.03686e-06,-5.51404e-05,1.19462e-05,1.60307e-05,-3.91018e-07,1.77798e-05,6.9287e-06
all_features,lgbm,perm_p1_mse,column,adj_sumabsret_vwstock_ma_3125,adj_sumabsret_vwstock_ma_3125,1,True,3.53996e-07,-1.28585e-05,1.17373e-05,163,0,0.000567633,0.278912,0,7.48652,8.72104e-06,1.02349e-05,1.13001e-06,1.39292e-06,4.18972e-06,-1.34537e-05,-2.01205e-05,-1.05035e-06,3.80323e-06,-7.74454e-07
all_features,lgbm,perm_p1_mse,column,adj_sumbipow_vwstock_ma_1,adj_sumbipow_vwstock_ma_1,1,True,-4.40163e-06,-0.000107235,9.71727e-05,439,0.0136054,-0.00705802,0.442177,-5.50035e-06,,0.000200543,9.40647e-06,-8.19807e-05,6.65829e-05,-5.66683e-05,-8.94737e-05,6.83885e-05,0.000206807,-1.64047e-05,-7.17958e-05
all_features,lgbm,perm_p1_mse,column,adj_sumbipow_vwstock_ma_5,adj_sumbipow_vwstock_ma_5,1,True,0.000118027,7.18266e-06,0.00025783,15,0.0136054,0.189257,0.482993,0,0.282705,0.000754343,8.45449e-05,0.000109914,0.000102196,5.68148e-05,-2.71854e-05,-8.98672e-05,-1.11824e-05,0.000118911,0.000162278
all_features,lgbm,perm_p1_mse,column,adj_sumbipow_vwstock_ma_25,adj_sumbipow_vwstock_ma_25,1,True,-8.65623e-06,-6.64155e-05,4.30937e-05,461,0,-0.0138803,0.496599,0,,-0.000114286,1.59336e-05,-3.97137e-05,3.46284e-05,-6.14568e-06,2.70452e-05,-7.53813e-05,-4.83828e-05,3.34642e-05,-1.46318e-05
all_features,lgbm,perm_p1_mse,column,adj_sumbipow_vwstock_ma_125,adj_sumbipow_vwstock_ma_125,1,True,2.15608e-05,7.96456e-07,4.29718e-05,56,0,0.0345728,0.503401,6.93889e-18,0.261886,3.2958e-05,1.45457e-05,1.14717e-05,3.76208e-05,1.19919e-05,4.08237e-05,-2.36794e-05,1.71358e-05,5.57966e-05,7.07143e-06
all_features,lgbm,perm_p1_mse,column,adj_sumbipow_vwstock_ma_625,adj_sumbipow_vwstock_ma_625,1,True,1.25626e-05,-9.4336e-06,3.63433e-05,74,0,0.0201441,0.442177,0,0.398969,5.81745e-05,7.67273e-06,2.48042e-05,-9.49462e-06,3.80872e-05,-2.7612e-05,3.10209e-05,-1.21605e-05,1.17803e-05,2.14748e-05
all_features,lgbm,perm_p1_mse,column,adj_sumbipow_vwstock_ma_3125,adj_sumbipow_vwstock_ma_3125,1,True,4.67975e-06,-7.55333e-06,1.78497e-05,119,0,0.00750399,0.231293,0,0.89057,2.84452e-05,-1.81208e-05,1.21487e-06,3.97125e-05,3.99834e-06,-1.36488e-05,8.71678e-07,-1.53438e-05,-5.11137e-06,1.61828e-05
all_features,lgbm,perm_p1_mse,column,adj_sumpret2_vwstock_ma_1,adj_sumpret2_vwstock_ma_1,1,True,-2.5342e-05,-0.000101677,3.58127e-05,516,0,-0.0406359,0.530612,1.48588e-06,,-0.000327021,6.9976e-05,-4.83511e-05,3.83673e-05,-4.62667e-05,-1.98092e-05,7.72981e-05,2.06609e-05,-3.36509e-05,-3.73564e-05
all_features,lgbm,perm_p1_mse,column,adj_sumpret2_vwstock_ma_5,adj_sumpret2_vwstock_ma_5,1,True,4.02692e-05,-2.40085e-05,0.000112497,37,0,0.0645718,0.517007,8.53719e-07,0.447731,-0.000143452,7.42568e-05,7.74326e-05,2.45249e-05,0.000176292,-4.50691e-05,2.56285e-06,-7.60936e-06,2.11613e-05,6.57605e-05
all_features,lgbm,perm_p1_mse,column,adj_sumpret2_vwstock_ma_25,adj_sumpret2_vwstock_ma_25,1,True,3.96405e-05,-1.1106e-05,9.52277e-05,38,0.0272109,0.0635637,0.544218,1.00116e-05,0.218426,2.20527e-05,0.000190886,-8.2488e-05,-3.66815e-06,7.67679e-05,3.22141e-05,3.59294e-07,6.10078e-05,2.65542e-05,3.83774e-05
all_features,lgbm,perm_p1_mse,column,adj_sumpret2_vwstock_ma_125,adj_sumpret2_vwstock_ma_125,1,True,1.02978e-06,-2.59362e-05,2.99823e-05,148,0,0.00165126,0.387755,0,8.7982,-6.37191e-06,9.13877e-06,4.8251e-05,-4.20027e-05,-4.3131e-05,3.20063e-05,1.49889e-05,4.90372e-05,4.62629e-05,-3.673e-05
all_features,lgbm,perm_p1_mse,column,adj_sumpret2_vwstock_ma_625,adj_sumpret2_vwstock_ma_625,1,True,-4.1879e-06,-2.17022e-05,1.233e-05,434,0,-0.00671531,0.408163,0,,2.56563e-05,-8.3332e-07,-5.95591e-06,-2.93736e-05,-1.04216e-05,-1.149e-05,6.37921e-05,2.20026e-05,-6.54936e-06,-1.21365e-05
all_features,lgbm,perm_p1_mse,column,adj_sumpret2_vwstock_ma_3125,adj_sumpret2_vwstock_ma_3125,1,True,-4.97211e-06,-1.74699e-05,8.17154e-06,445,0,-0.00797279,0.238095,0,,-2.45686e-05,-4.41958e-06,-1.84437e-05,1.98093e-05,-1.75637e-06,-7.39781e-06,-1.28339e-05,2.97823e-06,-6.8463e-06,-6.84344e-06
all_features,lgbm,perm_p1_mse,column,adj_turnover_vwstock_ma_1,adj_turnover_vwstock_ma_1,1,True,-0.000115899,-0.000486136,0.000207205,562,0.0136054,-0.185844,0.469388,0,,-1.02321e-05,-0.000378791,-0.000128001,-0.000108991,0.000368176,-0.000412942,-1.75668e-19,-0.00106633,0.000221519,5.47654e-05
all_features,lgbm,perm_p1_mse,column,adj_turnover_vwstock_ma_5,adj_turnover_vwstock_ma_5,1,True,-8.42477e-05,-0.0002231,1.36753e-05,557,0,-0.135091,0.462585,0,,8.64119e-05,4.0596e-05,-0.000360304,-8.91171e-05,-9.16843e-05,-4.05959e-05,-1.55622e-06,4.95222e-05,2.89062e-05,-0.000183434
all_features,lgbm,perm_p1_mse,column,adj_turnover_vwstock_ma_25,adj_turnover_vwstock_ma_25,1,True,-3.11191e-05,-0.0002065,0.000186339,525,0,-0.0498996,0.47619,0,,0.000205852,1.75461e-05,0.000299972,-4.38308e-05,-0.000219441,-0.000333929,-3.4551e-05,-9.3736e-05,-0.000166521,5.3881e-05
all_features,lgbm,perm_p1_mse,column,adj_turnover_vwstock_ma_125,adj_turnover_vwstock_ma_125,1,True,-2.89709e-05,-5.57613e-05,-2.58917e-06,524,0,-0.0464549,0.408163,-3.46945e-18,,-6.84711e-05,1.94957e-06,-7.21574e-05,6.03692e-06,-1.73715e-05,-5.31634e-05,-1.75668e-19,-2.14445e-05,-3.33788e-05,-2.95101e-05
all_features,lgbm,perm_p1_mse,column,adj_turnover_vwstock_ma_625,adj_turnover_vwstock_ma_625,1,True,-1.82394e-05,-5.38901e-05,9.61416e-06,495,0.00680272,-0.029247,0.346939,0,,2.23286e-05,8.37239e-06,-8.18444e-05,2.85211e-05,-5.94362e-05,-1.47336e-05,-1.75668e-19,-6.89929e-06,1.93771e-05,-3.97603e-05
all_features,lgbm,perm_p1_mse,column,adj_turnover_vwstock_ma_3125,adj_turnover_vwstock_ma_3125,1,True,1.44581e-05,-4.45931e-06,3.48879e-05,69,0,0.0231836,0.272109,0,0.487728,6.42821e-05,-1.77762e-05,3.59499e-05,-5.55688e-06,1.43936e-05,2.52296e-05,-1.75668e-19,3.58559e-06,3.3276e-05,9.41155e-06
all_features,lgbm,perm_p1_mse,column,adj_buyturnover_vwstock_ma_1,adj_buyturnover_vwstock_ma_1,1,True,-0.000182249,-0.000504317,0.000121349,567,0.00680272,-0.292237,0.530612,1.0257e-06,,-0.000224789,-0.000156246,-0.000514546,0.000113713,-9.48855e-05,-0.000283365,-3.93265e-05,-0.000644367,0.00022146,-0.000211401
all_features,lgbm,perm_p1_mse,column,adj_buyturnover_vwstock_ma_5,adj_buyturnover_vwstock_ma_5,1,True,4.97925e-06,-6.12048e-05,7.01096e-05,116,0,0.00798423,0.442177,0,2.20833,-9.48629e-05,3.11908e-05,0.000100653,-4.39788e-05,6.21214e-05,-7.26477e-05,-1.75668e-19,-0.000118942,1.91885e-05,4.11678e-05
all_features,lgbm,perm_p1_mse,column,adj_buyturnover_vwstock_ma_25,adj_buyturnover_vwstock_ma_25,1,True,-4.32123e-05,-0.000258523,0.000200804,539,0.00680272,-0.069291,0.401361,-2.46769e-06,,0.000142981,-2.72703e-05,0.000545127,-7.53042e-05,-0.000372445,-0.000393956,-1.05291e-05,-4.40682e-05,-0.000201112,3.09649e-05
all_features,lgbm,perm_p1_mse,column,adj_buyturnover_vwstock_ma_125,adj_buyturnover_vwstock_ma_125,1,True,-2.98888e-06,-3.64305e-05,3.03056e-05,427,0,-0.00479267,0.435374,-3.46945e-18,,-0.000113052,4.63246e-05,-4.27604e-05,-3.05119e-06,-6.17959e-05,9.26062e-05,2.54688e-05,3.07545e-05,4.09723e-05,-3.52227e-05
all_features,lgbm,perm_p1_mse,column,adj_buyturnover_vwstock_ma_625,adj_buyturnover_vwstock_ma_625,1,True,8.19874e-06,-8.55141e-06,2.57151e-05,101,0,0.0131467,0.394558,0,0.444829,-5.87578e-05,-9.98797e-06,-7.66744e-07,3.23962e-05,-1.80242e-06,5.92903e-05,-1.75668e-19,3.38101e-05,2.75213e-05,-9.69561e-06
all_features,lgbm,perm_p1_mse,column,adj_buyturnover_vwstock_ma_3125,adj_buyturnover_vwstock_ma_3125,1,True,-2.10607e-06,-1.67064e-05,1.19845e-05,418,0,-0.00337709,0.29932,0,,5.13452e-05,-1.19816e-05,1.21899e-05,-8.9741e-07,-2.9374e-05,-8.53253e-06,-1.75668e-19,-2.51637e-05,6.62656e-06,1.77847e-06
all_features,lgbm,perm_p1_mse,column,adj_sellturnover_vwstock_ma_1,adj_sellturnover_vwstock_ma_1,1,True,-0.000153237,-0.000502312,0.000169035,565,0.0204082,-0.245715,0.510204,5.74371e-06,,-0.000570674,-9.14382e-05,-0.000123153,-3.35272e-06,0.000283183,-0.000645058,-6.38968e-05,-0.000766618,7.82799e-05,-4.95304e-05
all_features,lgbm,perm_p1_mse,column,adj_sellturnover_vwstock_ma_5,adj_sellturnover_vwstock_ma_5,1,True,-1.1196e-05,-0.000102716,7.05518e-05,479,0,-0.0179528,0.455782,0,,6.11638e-05,-2.76587e-05,-8.15093e-05,0.000100814,7.93218e-05,-0.000167454,-1.75668e-19,-0.000138763,5.17397e-05,3.45343e-06
all_features,lgbm,perm_p1_mse,column,adj_sellturnover_vwstock_ma_25,adj_sellturnover_vwstock_ma_25,1,True,-1.60519e-05,-7.0631e-05,5.35417e-05,489,0,-0.0257392,0.44898,-1.38778e-17,,0.000227197,1.74153e-05,-0.000104205,-5.58654e-05,-3.48803e-05,-3.57541e-05,4.09405e-07,-4.51947e-05,1.12474e-06,-1.40148e-05
all_features,lgbm,perm_p1_mse,column,adj_sellturnover_vwstock_ma_125,adj_sellturnover_vwstock_ma_125,1,True,1.2321e-05,-1.59569e-05,3.97285e-05,77,0.00680272,0.0197568,0.510204,6.93889e-18,0.669468,2.60109e-05,8.36804e-08,0.000100414,-2.44824e-05,1.59916e-05,-3.31379e-05,-1.75668e-19,5.55434e-05,-1.83198e-05,1.17168e-05
all_features,lgbm,perm_p1_mse,column,adj_sellturnover_vwstock_ma_625,adj_sellturnover_vwstock_ma_625,1,True,-4.20098e-05,-9.38722e-05,-4.80558e-06,537,0.00680272,-0.0673629,0.292517,0,,-1.93427e-05,-1.77396e-05,-0.000114076,-5.03616e-05,-5.37345e-05,-1.70263e-07,-1.75668e-19,-1.69756e-05,1.8014e-05,-7.87489e-05
all_features,lgbm,perm_p1_mse,column,adj_sellturnover_vwstock_ma_3125,adj_sellturnover_vwstock_ma_3125,1,True,6.24227e-06,-3.97651e-06,1.80465e-05,110,0,0.0100095,0.285714,0,0.681596,-1.92987e-05,-4.08207e-06,4.056e-05,1.56595e-05,-7.2775e-06,2.01821e-06,-1.75668e-19,1.1623e-06,1.7227e-05,2.85854e-06
all_features,lgbm,perm_p1_mse,column,adj_effspread_vwstock_ma_1,adj_effspread_vwstock_ma_1,1,True,-1.71291e-05,-4.86306e-05,1.98448e-05,491,0,-0.0274666,0.462585,-6.93889e-18,,-0.000105581,3.73385e-05,-3.81331e-06,-1.20646e-05,-2.89402e-05,-1.49796e-05,-7.84268e-05,2.05278e-05,-4.31198e-06,-3.61434e-05
all_features,lgbm,perm_p1_mse,column,adj_effspread_vwstock_ma_5,adj_effspread_vwstock_ma_5,1,True,5.63219e-05,3.53613e-06,0.000114838,28,0.0136054,0.0903123,0.503401,1.86009e-07,0.267066,0.000202416,9.13943e-06,9.14948e-05,4.56734e-05,-3.60238e-05,0.000116197,-3.65421e-06,8.82385e-05,8.13837e-05,3.35626e-05
all_features,lgbm,perm_p1_mse,column,adj_effspread_vwstock_ma_25,adj_effspread_vwstock_ma_25,1,True,-1.37804e-05,-4.60854e-05,2.02993e-05,486,0,-0.022097,0.455782,-4.32428e-06,,5.31252e-05,-3.28419e-05,-2.1383e-05,2.80369e-05,-6.7654e-05,-1.38218e-05,1.19765e-06,-3.65579e-05,-1.45103e-05,-5.56523e-06
all_features,lgbm,perm_p1_mse,column,adj_effspread_vwstock_ma_125,adj_effspread_vwstock_ma_125,1,True,-9.24957e-06,-6.27547e-05,3.81654e-05,463,0,-0.0148317,0.496599,0,,-1.41575e-05,5.74589e-05,9.11851e-05,3.09524e-05,-1.99354e-05,-0.000135901,-0.000231161,-0.000114315,-1.14655e-05,2.8106e-05
all_features,lgbm,perm_p1_mse,column,adj_effspread_vwstock_ma_625,adj_effspread_vwstock_ma_625,1,True,-1.02673e-05,-3.47365e-05,1.51958e-05,476,0,-0.0164636,0.44898,0,,-2.83447e-05,4.99852e-05,-3.68459e-05,7.02696e-07,-1.38062e-05,-4.09022e-05,-2.12789e-05,3.96596e-06,-2.21445e-05,-9.63003e-06
all_features,lgbm,perm_p1_mse,column,adj_effspread_vwstock_ma_3125,adj_effspread_vwstock_ma_3125,1,True,-7.2546e-06,-2.72825e-05,9.22796e-06,457,0,-0.0116328,0.258503,0,,-9.57486e-06,-2.95215e-05,2.49095e-05,-2.34078e-05,-3.40558e-06,-5.10948e-07,-1.43414e-05,-2.03618e-05,4.05443e-06,-8.01522e-06
all_features,lgbm,perm_p1_mse,column,adj_spread_vwstock_ma_1,adj_spread_vwstock_ma_1,1,True,9.86119e-06,-2.83766e-05,4.91868e-05,92,0,0.0158124,0.435374,0,1.15662,-0.000103891,-1.747e-05,2.36263e-05,1.05779e-06,5.03085e-05,6.53209e-05,-3.22051e-05,-2.05091e-05,1.60078e-05,1.74835e-05
all_features,lgbm,perm_p1_mse,column,adj_spread_vwstock_ma_5,adj_spread_vwstock_ma_5,1,True,-2.30212e-05,-9.01712e-05,3.6615e-05,508,0,-0.0369145,0.414966,0,,5.30128e-05,-5.15657e-05,2.10695e-05,-0.000153103,-3.6659e-05,3.72054e-05,7.0494e-05,2.81278e-05,-2.93647e-05,-3.77342e-05
all_features,lgbm,perm_p1_mse,column,adj_spread_vwstock_ma_25,adj_spread_vwstock_ma_25,1,True,1.02691e-05,-3.17452e-05,5.54167e-05,89,0.0136054,0.0164666,0.462585,0,0.781975,0.00010622,-2.85429e-05,1.31565e-05,-2.71429e-05,-5.92816e-06,6.8868e-05,-4.48147e-05,1.47964e-05,-1.90191e-05,2.24082e-05
all_features,lgbm,perm_p1_mse,column,adj_spread_vwstock_ma_125,adj_spread_vwstock_ma_125,1,True,-2.22565e-05,-4.35278e-05,-3.3892e-06,506,0,-0.0356883,0.319728,0,,-2.18656e-05,-1.79639e-05,3.09937e-05,-7.17657e-05,-4.61197e-05,-2.2747e-05,2.82031e-05,-3.07313e-05,-7.96078e-06,-2.60159e-05
all_features,lgbm,perm_p1_mse,column,adj_spread_vwstock_ma_625,adj_spread_vwstock_ma_625,1,True,-4.11158e-07,-1.95065e-05,1.92044e-05,389,0,-0.000659292,0.312925,0,,4.83691e-05,-1.19337e-06,1.63571e-05,-1.82629e-05,-2.24675e-06,-1.62861e-05,-1.86335e-05,-3.70691e-06,-1.02075e-05,5.31183e-06
all_features,lgbm,perm_p1_mse,column,adj_spread_vwstock_ma_3125,adj_spread_vwstock_ma_3125,1,True,-8.40653e-06,-1.86837e-05,-4.68781e-07,460,0,-0.0134799,0.163265,0,,-3.41501e-06,-4.57183e-06,-1.74844e-05,4.35954e-06,-1.70476e-05,-1.15796e-05,-3.52612e-06,-3.84177e-06,-7.85665e-06,-1.02418e-05
all_features,lgbm,perm_p1_mse,column,adj_stocktwits_attention_ma_1,adj_stocktwits_attention_ma_1,1,True,2.46111e-05,-5.89611e-05,0.00011033,50,0.0204082,0.0394639,0.578231,4.02051e-05,0.722489,0.000223525,-0.00011094,1.43067e-05,3.83861e-05,5.47904e-05,2.4601e-05,3.69449e-05,0.00011864,4.11878e-05,-1.5649e-05
all_features,lgbm,perm_p1_mse,column,adj_stocktwits_attention_ma_5,adj_stocktwits_attention_ma_5,1,True,-4.85578e-06,-9.23679e-05,9.04434e-05,442,0.0272109,-0.00778625,0.428571,-1.59881e-05,,6.9944e-05,-9.43428e-05,1.71031e-05,9.89624e-05,-4.11109e-05,-3.89347e-05,-8.88235e-06,-8.46035e-05,0.000103353,-2.79199e-05
all_features,lgbm,perm_p1_mse,column,adj_stocktwits_attention_ma_25,adj_stocktwits_attention_ma_25,1,True,3.81137e-05,-3.81842e-05,0.000121328,40,0.0136054,0.0611154,0.489796,-5.54336e-07,0.544554,-4.62863e-05,-3.79899e-05,0.000186359,5.28961e-05,5.30598e-05,-2.18561e-05,5.40355e-05,-5.13219e-05,8.64904e-05,4.63941e-05
all_features,lgbm,perm_p1_mse,column,adj_stocktwits_attention_ma_125,adj_stocktwits_attention_ma_125,1,True,-6.89632e-05,-0.000121235,-2.12057e-05,555,0,-0.110583,0.435374,-1.3835e-05,,-0.000240803,-0.000122398,-5.31622e-05,-1.75827e-05,2.32497e-06,-6.14843e-05,-7.21908e-05,-0.000133481,-4.43065e-05,-5.81977e-05
all_features,lgbm,perm_p1_mse,column,adj_stocktwits_attention_ma_625,adj_stocktwits_attention_ma_625,1,True,-2.34314e-05,-6.24747e-05,1.28378e-05,509,0.0136054,-0.0375723,0.435374,0,,4.70465e-05,5.32877e-05,-0.000147407,-2.00727e-05,-8.33279e-06,-2.33856e-05,-5.81275e-05,1.24544e-05,-8.21479e-06,-4.29563e-05
all_features,lgbm,perm_p1_mse,column,adj_stocktwits_attention_ma_3125,adj_stocktwits_attention_ma_3125,1,True,2.36533e-05,-6.19019e-06,5.84141e-05,53,0,0.0379281,0.353741,0,0.357386,-9.44674e-06,4.86707e-05,2.32647e-05,4.56744e-05,-5.19065e-05,9.06943e-05,-4.57129e-05,6.31723e-05,3.02857e-06,1.96427e-05
all_features,lgbm,perm_p1_mse,column,adj_stocktwits_sentiment_ma_1,adj_stocktwits_sentiment_ma_1,1,True,-8.68812e-05,-0.000289082,0.000112097,559,0.0204082,-0.139314,0.482993,-6.93071e-06,,0.000196957,-0.000365986,0.000292164,-0.0003154,-8.2108e-05,-0.000209172,0.000260157,-0.000192588,-5.78494e-05,-6.39245e-05
all_features,lgbm,perm_p1_mse,column,adj_stocktwits_sentiment_ma_5,adj_stocktwits_sentiment_ma_5,1,True,-6.50569e-05,-0.000164087,1.91742e-05,553,0.00680272,-0.104319,0.455782,-6.93889e-18,,-0.00027662,-0.000259589,-3.74513e-05,-7.05645e-05,7.96979e-05,4.35924e-05,5.14743e-05,-0.000145101,-8.64545e-05,-2.73754e-05
all_features,lgbm,perm_p1_mse,column,adj_stocktwits_sentiment_ma_25,adj_stocktwits_sentiment_ma_25,1,True,3.21624e-05,-3.73868e-05,9.94682e-05,46,0.00680272,0.0515724,0.482993,0,0.46447,2.76227e-05,2.89912e-05,4.72728e-05,-9.37301e-06,3.34389e-05,4.55755e-05,8.72066e-05,0.000126225,3.27301e-05,-6.18757e-07
all_features,lgbm,perm_p1_mse,column,adj_stocktwits_sentiment_ma_125,adj_stocktwits_sentiment_ma_125,1,True,-3.16199e-05,-8.01824e-05,1.42567e-05,526,0,-0.0507025,0.428571,0,,1.65613e-05,-1.68999e-05,-0.000128072,-1.26843e-05,-4.69372e-05,2.62502e-05,-4.87046e-05,1.29518e-05,-6.11247e-06,-5.89623e-05
all_features,lgbm,perm_p1_mse,column,adj_stocktwits_sentiment_ma_625,adj_stocktwits_sentiment_ma_625,1,True,-0.000127184,-0.000439011,4.40267e-05,564,0.00680272,-0.20394,0.360544,0,,0.00010896,4.25852e-05,-0.000870517,-2.6559e-05,4.51867e-05,1.20254e-06,7.61429e-06,4.96993e-05,-1.05357e-06,-0.000247345
all_features,lgbm,perm_p1_mse,column,adj_stocktwits_sentiment_ma_3125,adj_stocktwits_sentiment_ma_3125,1,True,5.66765e-06,-6.74982e-06,1.9257e-05,114,0,0.00908809,0.251701,0,0.80983,-1.46851e-05,-3.62743e-06,3.61187e-05,-4.16334e-19,1.96318e-05,-1.09464e-05,-2.91742e-07,-1.36462e-05,-1.01509e-05,1.97456e-05
all_features,lgbm,perm_p1_mse,column,adj_stocktwits_sentcount_ma_1,adj_stocktwits_sentcount_ma_1,1,True,3.44672e-05,-6.73174e-05,0.000124923,44,0.0204082,0.0552682,0.571429,3.74858e-05,0.413201,0.000193916,-0.000154824,0.000169501,0.000192025,-0.000108552,-1.72884e-05,8.55204e-05,-0.000101781,0.000120085,4.15047e-05
all_features,lgbm,perm_p1_mse,column,adj_stocktwits_sentcount_ma_5,adj_stocktwits_sentcount_ma_5,1,True,-1.31264e-05,-0.000240479,0.000190586,484,0.0136054,-0.0210483,0.510204,1.65764e-06,,0.000476653,-0.000536971,0.00054611,-0.000103829,-6.10974e-05,-0.000193848,0.000145962,-0.000377825,-2.36364e-05,0.00011786
all_features,lgbm,perm_p1_mse,column,adj_stocktwits_sentcount_ma_25,adj_stocktwits_sentcount_ma_25,1,True,-9.43588e-06,-0.000162725,0.000122747,468,0.0272109,-0.0151305,0.564626,1.42632e-05,,0.000154454,-0.000172455,6.5175e-05,-0.000189219,0.00018345,-2.21512e-05,2.00537e-05,-0.000191278,7.82616e-05,1.23893e-05
all_features,lgbm,perm_p1_mse,column,adj_stocktwits_sentcount_ma_125,adj_stocktwits_sentcount_ma_125,1,True,-4.72509e-05,-0.000109058,1.33321e-05,543,0,-0.0757669,0.517007,6.93889e-18,,-0.000240461,-0.00010837,-3.32775e-05,1.88e-05,-4.9074e-06,-1.01652e-05,-3.27575e-05,-9.4044e-05,-4.40981e-05,-3.25507e-05
all_features,lgbm,perm_p1_mse,column,adj_stocktwits_sentcount_ma_625,adj_stocktwits_sentcount_ma_625,1,True,-1.84433e-05,-5.78638e-05,1.79854e-05,496,0,-0.0295739,0.469388,0,,-9.06398e-05,-5.52365e-05,-9.48959e-05,6.03096e-05,-2.24725e-05,3.47874e-05,5.84714e-05,-4.52672e-07,-3.57516e-05,-1.65638e-05
all_features,lgbm,perm_p1_mse,column,adj_stocktwits_sentcount_ma_3125,adj_stocktwits_sentcount_ma_3125,1,True,1.44762e-05,-1.54246e-05,5.42659e-05,68,0,0.0232126,0.340136,0,0.892846,3.1972e-05,-1.20384e-06,-7.05635e-06,0.000128088,-2.58036e-05,-1.89787e-05,-2.0762e-05,2.28797e-05,-1.49091e-05,2.53207e-05
all_features,lgbm,perm_p1_mse,column,adj_vix_ma_1,adj_vix_ma_1,1,True,-5.77932e-07,-3.26148e-05,2.8844e-05,397,0,-0.000926715,0.312925,0,,4.64649e-05,4.77203e-05,-7.70038e-05,-1.11357e-06,-9.54704e-07,1.8853e-06,-1.75668e-19,-3.91805e-05,1.94293e-05,3.40473e-06
all_features,lgbm,perm_p1_mse,column,adj_vix_ma_5,adj_vix_ma_5,1,True,4.93021e-06,-2.18747e-05,3.32101e-05,117,0,0.0079056,0.333333,0,0.905948,-4.35073e-05,4.95693e-05,-3.81973e-05,2.35808e-05,1.81173e-05,-2.82554e-07,-1.00522e-05,-3.47766e-05,-4.59156e-06,2.31113e-05
all_features,lgbm,perm_p1_mse,column,adj_vix_ma_25,adj_vix_ma_25,1,True,-1.43364e-07,-1.92224e-05,1.74295e-05,384,0,-0.000229885,0.292517,0,,4.6011e-05,-1.07251e-05,-3.3893e-06,1.60076e-07,-1.89866e-06,-9.37962e-06,2.82757e-06,1.05707e-05,1.34831e-05,-1.02228e-05
all_features,lgbm,perm_p1_mse,column,adj_vix_ma_125,adj_vix_ma_125,1,True,-9.97364e-06,-3.02846e-05,7.5981e-06,475,0,-0.0159928,0.285714,0,,-7.18502e-05,-2.837e-05,2.0585e-05,-6.15721e-06,8.92863e-06,-1.45312e-05,-1.78291e-06,-7.11908e-06,2.4348e-05,-2.70195e-05
all_features,lgbm,perm_p1_mse,column,adj_vix_ma_625,adj_vix_ma_625,1,True,-2.28521e-06,-1.40336e-05,1.17543e-05,421,0,-0.00366435,0.176871,0,,-2.87182e-05,1.39614e-05,4.26648e-08,2.74573e-06,-1.40241e-05,-1.77861e-06,-1.75668e-19,-2.8306e-05,-5.57853e-06,8.25056e-06
all_features,lgbm,perm_p1_mse,column,adj_vix_ma_3125,adj_vix_ma_3125,1,True,-4.96011e-06,-1.17809e-05,3.88628e-07,444,0,-0.00795355,0.156463,0,,-1.64372e-05,-4.78794e-06,-4.17384e-06,-1.50189e-05,1.59595e-18,5.20575e-06,-5.16407e-06,-4.83626e-08,-8.91419e-07,-8.56175e-06
all_features,lgbm,perm_p1_mse,column,adj_vvix_ma_1,adj_vvix_ma_1,1,True,5.0966e-05,-0.000142643,0.000302143,30,0,0.0817241,0.442177,0,1.92054,0.00101043,-4.55331e-05,-0.000234159,0.000234099,-0.000167361,-1.65315e-05,1.69623e-05,0.000439514,-4.00451e-05,-4.07628e-05
all_features,lgbm,perm_p1_mse,column,adj_vvix_ma_5,adj_vvix_ma_5,1,True,-1.09722e-06,-7.03095e-05,6.22215e-05,407,0,-0.0017594,0.387755,0,,0.000132221,1.36479e-05,-0.00012671,5.97503e-05,-2.6066e-05,3.35133e-06,8.79491e-07,3.05219e-05,-1.58504e-05,-5.12425e-06
all_features,lgbm,perm_p1_mse,column,adj_vvix_ma_25,adj_vvix_ma_25,1,True,-0.000120044,-0.000373569,2.67275e-05,563,0,-0.19249,0.37415,0,,0.000189959,1.71944e-05,-0.000735676,-6.28402e-05,-9.87365e-06,-1.36477e-05,-1.75668e-19,-3.0551e-05,-4.70762e-05,-0.000185121
all_features,lgbm,perm_p1_mse,column,adj_vvix_ma_125,adj_vvix_ma_125,1,True,-5.19734e-06,-1.99219e-05,9.77838e-06,450,0,-0.00833394,0.394558,0,,-4.72732e-05,-3.20794e-06,-1.56072e-05,-4.30464e-06,-3.55692e-06,1.68788e-05,1.25592e-05,-2.94793e-09,-1.80307e-05,-9.88165e-07
all_features,lgbm,perm_p1_mse,column,adj_vvix_ma_625,adj_vvix_ma_625,1,True,2.97425e-06,-7.94091e-06,1.39187e-05,136,0,0.00476921,0.265306,0,0.761557,-2.70445e-05,-9.19021e-06,1.15363e-05,3.09656e-05,-1.22408e-05,2.95932e-07,3.33563e-05,7.98046e-06,-1.71307e-06,3.43691e-06
all_features,lgbm,perm_p1_mse,column,adj_vvix_ma_3125,adj_vvix_ma_3125,1,True,1.19488e-06,-5.79218e-06,9.45476e-06,147,0,0.001916,0.210884,0,2.88385,-1.37184e-05,2.49043e-06,9.46927e-06,-4.35473e-06,4.76049e-06,-9.33787e-06,3.48973e-05,1.10383e-05,-9.50046e-06,2.79658e-06
all_features,lgbm,perm_p1_mse,column,adj_vix3m_ma_1,adj_vix3m_ma_1,1,True,-2.14285e-05,-0.000147299,7.33633e-05,505,0.00680272,-0.0343606,0.306122,0,,0.000345141,-4.34022e-06,-0.000307934,4.81688e-07,-7.68797e-06,5.2407e-06,2.85648e-05,8.07604e-05,-0.000189307,2.17974e-05
all_features,lgbm,perm_p1_mse,column,adj_vix3m_ma_5,adj_vix3m_ma_5,1,True,4.92534e-06,-1.11587e-05,2.4336e-05,118,0,0.0078978,0.272109,0,0.984525,6.36961e-05,-5.67336e-06,2.55959e-05,-9.19822e-06,-1.18337e-05,-2.08687e-05,5.70393e-05,1.38447e-05,-2.5471e-06,5.33848e-06
all_features,lgbm,perm_p1_mse,column,adj_vix3m_ma_25,adj_vix3m_ma_25,1,True,-5.0467e-06,-1.6445e-05,6.80334e-06,447,0,-0.00809239,0.22449,0,,-1.58948e-05,2.48457e-05,-2.2763e-05,-2.39508e-06,-3.68726e-06,-1.71727e-05,-3.83078e-06,-5.54825e-06,6.2594e-07,-7.52756e-06
all_features,lgbm,perm_p1_mse,column,adj_vix3m_ma_125,adj_vix3m_ma_125,1,True,-8.47811e-07,-5.98362e-06,4.42197e-06,406,0,-0.00135947,0.190476,0,,-3.50661e-06,8.51129e-07,3.1982e-06,-1.69274e-06,-5.98656e-06,4.37626e-07,-1.75668e-19,1.21027e-06,4.13486e-06,-3.89064e-06
all_features,lgbm,perm_p1_mse,column,adj_vix3m_ma_625,adj_vix3m_ma_625,1,True,9.11825e-06,-8.36533e-07,2.55323e-05,96,0,0.0146211,0.244898,0,0.531676,3.38434e-06,3.05918e-06,3.96985e-05,-4.39914e-07,2.66195e-06,-1.18861e-06,2.50175e-05,-4.54973e-06,1.46892e-05,1.12363e-05
all_features,lgbm,perm_p1_mse,column,adj_vix3m_ma_3125,adj_vix3m_ma_3125,1,True,1.16872e-05,-4.48327e-06,4.00285e-05,80,0,0.0187404,0.183673,0,1.06503,1.23719e-06,-1.97718e-06,7.91468e-05,-4.16334e-19,1.59595e-18,-2.08167e-18,-2.86707e-05,-7.93427e-06,4.90371e-05,9.93833e-07
all_features,lgbm,perm_p1_mse,column,adj_voldemand_spx_open_and_close_ma_1,adj_voldemand_spx_open_and_close_ma_1,1,True,-2.12185e-05,-6.79526e-05,2.11131e-05,503,0,-0.0340239,0.428571,0,,3.34802e-05,-8.40053e-05,-2.50775e-05,-9.85563e-05,4.69056e-05,2.2004e-05,-1.75668e-19,-6.22805e-05,-1.05549e-05,-1.20138e-05
all_features,lgbm,perm_p1_mse,column,adj_voldemand_spx_open_and_close_ma_5,adj_voldemand_spx_open_and_close_ma_5,1,True,1.35581e-05,-2.80355e-05,5.93563e-05,72,0.00680272,0.0217405,0.455782,0,0.847934,-3.51833e-05,-2.27799e-05,4.52235e-05,2.30381e-05,5.8623e-05,-5.23057e-06,-1.75668e-19,-9.81088e-05,-1.39466e-05,6.50285e-05
all_features,lgbm,perm_p1_mse,column,adj_voldemand_spx_open_and_close_ma_25,adj_voldemand_spx_open_and_close_ma_25,1,True,8.88375e-06,-3.08869e-05,5.65001e-05,97,0.00680272,0.0142451,0.455782,0,1.60932,7.96431e-05,-7.39976e-05,6.89538e-06,-2.01788e-05,9.71895e-05,3.83795e-06,-1.75668e-19,-5.65737e-05,-1.21414e-05,4.13487e-05
all_features,lgbm,perm_p1_mse,column,adj_voldemand_spx_open_and_close_ma_125,adj_voldemand_spx_open_and_close_ma_125,1,True,1.55577e-05,-8.37947e-05,0.00010696,65,0.0204082,0.0249468,0.442177,0,1.71175,0.000232263,0.000162048,-0.000228295,6.78149e-05,-1.76279e-05,-1.97821e-05,-1.75668e-19,2.42362e-05,0.000180441,-6.45913e-05
all_features,lgbm,perm_p1_mse,column,adj_voldemand_spx_open_and_close_ma_625,adj_voldemand_spx_open_and_close_ma_625,1,True,3.89856e-05,-2.82541e-06,0.000110545,39,0,0.0625134,0.22449,0,0.82975,-7.70523e-06,1.97798e-05,0.0001977,5.71542e-06,8.04511e-06,1.05477e-06,-1.75668e-19,3.03291e-05,-3.38537e-06,6.18033e-05
all_features,lgbm,perm_p1_mse,column,adj_voldemand_spx_open_and_close_ma_3125,adj_voldemand_spx_open_and_close_ma_3125,1,True,8.50694e-07,-2.87229e-06,4.62939e-06,151,0,0.00136409,0.183673,0,1.56167,1.00904e-05,-4.60627e-07,-1.82402e-06,-4.16334e-19,6.58068e-06,-4.52596e-06,-1.75668e-19,4.33998e-06,-6.38699e-06,3.03104e-06
all_features,lgbm,perm_p1_mse,column,adj_voldemand_spx_open_only_ma_1,adj_voldemand_spx_open_only_ma_1,1,True,9.30071e-05,-1.15133e-05,0.000192839,19,0.0136054,0.149137,0.47619,0,0.17854,0.000556824,0.000253891,-0.000208146,7.75565e-05,0.000124286,-7.82091e-07,-1.75668e-19,0.000164697,7.13639e-05,7.83522e-05
all_features,lgbm,perm_p1_mse,column,adj_voldemand_spx_open_only_ma_5,adj_voldemand_spx_open_only_ma_5,1,True,-6.44187e-07,-3.37456e-05,2.98558e-05,400,0,-0.00103295,0.394558,0,,5.67985e-05,-1.77952e-05,-3.86611e-06,-7.75359e-06,2.16076e-05,-2.48014e-05,-1.75668e-19,1.51119e-05,-4.46575e-05,1.45032e-05
all_features,lgbm,perm_p1_mse,column,adj_voldemand_spx_open_only_ma_25,adj_voldemand_spx_open_only_ma_25,1,True,5.89468e-06,-2.3134e-05,3.59625e-05,112,0,0.00945214,0.428571,0,1.35478,9.01834e-05,-2.91475e-05,-1.14703e-05,6.47114e-07,5.63282e-06,2.32455e-05,-1.75668e-19,4.43833e-06,-5.16376e-06,1.15724e-05
all_features,lgbm,perm_p1_mse,column,adj_voldemand_spx_open_only_ma_125,adj_voldemand_spx_open_only_ma_125,1,True,2.91484e-06,-1.04425e-05,1.66363e-05,137,0,0.00467395,0.333333,0,2.02628,-1.38005e-05,2.63147e-05,-1.35815e-05,-1.05151e-06,1.40034e-05,-2.43386e-06,-1.75668e-19,-2.97362e-05,1.87509e-05,6.79192e-06
all_features,lgbm,perm_p1_mse,column,adj_voldemand_spx_open_only_ma_625,adj_voldemand_spx_open_only_ma_625,1,True,8.213e-06,-1.14979e-06,1.91275e-05,100,0,0.0131696,0.22449,0,0.299213,-5.94563e-06,-1.22115e-05,4.06473e-05,9.09952e-06,1.43045e-05,-2.08167e-18,-1.75668e-19,-8.05839e-06,1.29419e-07,1.762e-05
all_features,lgbm,perm_p1_mse,column,adj_voldemand_spx_open_only_ma_3125,adj_voldemand_spx_open_only_ma_3125,1,True,2.04698e-07,-3.44163e-06,3.7316e-06,170,0,0.000328234,0.170068,0,4.3407,1.00404e-05,-7.45615e-07,-7.9637e-06,4.77931e-06,3.03554e-06,-3.09393e-06,-1.75668e-19,-2.2876e-06,7.10234e-07,8.29693e-07
all_features,lgbm,perm_p1_mse,column,adj_voldemand_all_open_and_close_ma_1,adj_voldemand_all_open_and_close_ma_1,1,True,-2.27152e-06,-4.25872e-05,3.54402e-05,420,0,-0.00364239,0.44898,0,,3.54204e-05,-7.11506e-05,6.27831e-06,2.13115e-05,1.36375e-06,1.32769e-05,-1.75668e-19,-1.06644e-05,-5.25948e-06,2.02777e-06
all_features,lgbm,perm_p1_mse,column,adj_voldemand_all_open_and_close_ma_5,adj_voldemand_all_open_and_close_ma_5,1,True,-3.20032e-05,-7.8569e-05,4.95137e-06,527,0,-0.0513172,0.489796,0,,3.24132e-05,-5.38602e-05,-0.000152393,-1.21458e-06,3.30688e-05,-2.83521e-05,-1.75668e-19,-7.08639e-06,-2.72416e-05,-4.28443e-05
all_features,lgbm,perm_p1_mse,column,adj_voldemand_all_open_and_close_ma_25,adj_voldemand_all_open_and_close_ma_25,1,True,-4.90825e-07,-3.02744e-05,2.72615e-05,394,0,-0.000787038,0.428571,0,,-1.74498e-06,-6.89515e-05,9.27257e-07,3.16682e-05,1.33043e-05,2.38331e-05,-1.75668e-19,-6.16481e-05,4.05723e-05,1.43647e-06
all_features,lgbm,perm_p1_mse,column,adj_voldemand_all_open_and_close_ma_125,adj_voldemand_all_open_and_close_ma_125,1,True,-9.93505e-06,-4.3935e-05,2.93315e-05,474,0,-0.0159309,0.394558,0,,3.0004e-05,-3.29991e-05,-4.97192e-05,1.71922e-06,2.89195e-05,-2.24693e-06,-5.80188e-05,-4.53775e-05,1.80378e-05,-1.07719e-05
all_features,lgbm,perm_p1_mse,column,adj_voldemand_all_open_and_close_ma_625,adj_voldemand_all_open_and_close_ma_625,1,True,1.21349e-05,1.2969e-06,2.38628e-05,79,0,0.0194583,0.312925,0,0.257265,-1.01558e-05,9.23441e-06,8.09497e-06,3.60607e-05,1.11371e-05,1.16889e-05,-1.75668e-19,4.96212e-06,1.38126e-05,1.38293e-05
all_features,lgbm,perm_p1_mse,column,adj_voldemand_all_open_and_close_ma_3125,adj_voldemand_all_open_and_close_ma_3125,1,True,5.77961e-07,-8.87525e-06,8.89745e-06,158,0,0.000926761,0.183673,0,3.86323,-1.92527e-06,-1.98503e-06,-1.3908e-05,7.16119e-06,1.28511e-05,3.57407e-07,-1.75668e-19,9.54227e-07,-2.10826e-06,1.70478e-06
all_features,lgbm,perm_p1_mse,column,adj_voldemand_all_open_only_ma_1,adj_voldemand_all_open_only_ma_1,1,True,6.09211e-05,-7.73025e-07,0.000129301,25,0.0136054,0.0976871,0.469388,0,0.224805,6.91543e-05,0.00013357,9.28334e-06,0.00014887,6.04695e-06,1.67127e-05,6.91846e-06,0.00010882,5.9777e-05,4.48988e-05
all_features,lgbm,perm_p1_mse,column,adj_voldemand_all_open_only_ma_5,adj_voldemand_all_open_only_ma_5,1,True,-9.31268e-06,-5.76348e-05,3.82796e-05,464,0,-0.0149329,0.421769,0,,-8.00875e-05,2.41138e-05,-9.16046e-05,5.91094e-05,3.49677e-05,-4.06266e-05,-1.75668e-19,3.45959e-05,-4.34095e-05,-8.53699e-06
all_features,lgbm,perm_p1_mse,column,adj_voldemand_all_open_only_ma_25,adj_voldemand_all_open_only_ma_25,1,True,-1.27047e-05,-4.82022e-05,1.55858e-05,482,0,-0.020372,0.44898,0,,4.4542e-05,-6.03352e-05,-5.0327e-05,-6.5199e-06,2.6939e-06,1.90869e-05,-1.75668e-19,-2.10596e-06,1.60042e-05,-2.98014e-05
all_features,lgbm,perm_p1_mse,column,adj_voldemand_all_open_only_ma_125,adj_voldemand_all_open_only_ma_125,1,True,1.28008e-05,-2.70046e-05,5.7171e-05,73,0,0.0205261,0.414966,0,0.662593,-4.72403e-05,-2.61551e-05,5.36061e-05,8.31414e-05,2.06508e-05,-3.04145e-05,-1.75668e-19,-0.00010635,1.55551e-05,5.26999e-05
all_features,lgbm,perm_p1_mse,column,adj_voldemand_all_open_only_ma_625,adj_voldemand_all_open_only_ma_625,1,True,-4.30534e-06,-2.1918e-05,1.06496e-05,435,0,-0.00690361,0.231293,0,,-6.42523e-05,6.42926e-06,1.24438e-05,-4.18497e-06,-7.30744e-06,4.75263e-07,-1.75668e-19,1.56625e-06,8.62833e-06,-1.23867e-05
all_features,lgbm,perm_p1_mse,column,adj_voldemand_all_open_only_ma_3125,adj_voldemand_all_open_only_ma_3125,1,True,4.29709e-06,1.07082e-07,9.69024e-06,123,0,0.00689039,0.190476,0,0.422677,-1.2519e-06,6.3825e-07,2.05332e-05,3.33983e-06,1.26304e-06,1.00802e-07,-1.75668e-19,-1.98254e-18,-2.66527e-07,7.91782e-06
all_features,lgbm,perm_p1_mse,column,adj_ofi_ewstock_ma_1,adj_ofi_ewstock_ma_1,1,True,2.97547e-06,-0.0001602,0.000171064,135,0.0680272,0.00477117,0.52381,1.65142e-05,6.41579,-0.000331377,4.68855e-05,0.000270902,-3.40214e-05,0.000209174,-0.000175068,-0.000411224,1.09975e-05,-0.000264761,0.000125476
all_features,lgbm,perm_p1_mse,column,adj_ofi_ewstock_ma_5,adj_ofi_ewstock_ma_5,1,True,-2.45216e-05,-0.000118189,6.50378e-05,513,0.0340136,-0.0393205,0.537415,1.33318e-05,,5.12843e-05,-0.000154502,0.000287134,-0.000177503,-5.34559e-05,-3.54656e-05,-9.74191e-05,2.68936e-07,2.06818e-05,-5.4242e-05
all_features,lgbm,perm_p1_mse,column,adj_ofi_ewstock_ma_25,adj_ofi_ewstock_ma_25,1,True,-5.94649e-07,-0.000117689,0.000100931,398,0.0340136,-0.000953522,0.55102,2.08131e-05,,-6.92494e-06,-0.000142063,6.01563e-05,-6.90139e-05,4.91338e-05,6.03591e-05,0.000149421,-0.000155967,7.61331e-05,1.72131e-05
all_features,lgbm,perm_p1_mse,column,adj_ofi_ewstock_ma_125,adj_ofi_ewstock_ma_125,1,True,-6.56986e-06,-9.8986e-05,8.1592e-05,455,0.0136054,-0.0105348,0.442177,-1.93901e-05,,-8.49099e-05,3.77042e-05,2.5638e-05,-1.59175e-05,-0.000161287,0.000136028,-5.73594e-05,-7.48837e-05,6.95423e-05,-1.85682e-05
all_features,lgbm,perm_p1_mse,column,adj_ofi_ewstock_ma_625,adj_ofi_ewstock_ma_625,1,True,4.44197e-06,-2.66153e-05,3.35398e-05,121,0,0.00712272,0.380952,0,2.37985,4.52594e-05,-7.56128e-05,8.89666e-05,-1.7883e-05,9.99744e-06,4.53612e-06,-1.39673e-05,-1.30093e-05,-3.30984e-05,2.80397e-05
all_features,lgbm,perm_p1_mse,column,adj_ofi_ewstock_ma_3125,adj_ofi_ewstock_ma_3125,1,True,4.13129e-06,-2.23796e-06,1.05853e-05,125,0,0.00662453,0.272109,0,0.252136,3.13025e-06,8.08696e-06,3.93939e-06,6.40543e-06,4.7268e-06,-4.48833e-06,1.15633e-05,-1.07964e-05,6.76428e-06,8.05951e-06
all_features,lgbm,perm_p1_mse,column,adj_ofi_vwstock_ma_1,adj_ofi_vwstock_ma_1,1,True,-3.96389e-05,-0.000111536,3.27786e-05,535,0.00680272,-0.0635611,0.44898,-3.0633e-05,,-0.000130486,-1.9948e-05,-2.20566e-05,-5.79227e-05,-4.15565e-05,1.45209e-05,-0.000118052,0.000140486,-7.57507e-05,-8.50076e-05
all_features,lgbm,perm_p1_mse,column,adj_ofi_vwstock_ma_5,adj_ofi_vwstock_ma_5,1,True,-6.04246e-05,-0.000108386,-1.44028e-05,548,0.0136054,-0.0968909,0.414966,-4.24592e-05,,-7.50431e-06,-5.25251e-05,-0.000103772,-0.000115604,-5.58172e-05,-1.55309e-05,-1.83589e-05,-3.00046e-05,-6.79631e-05,-6.74128e-05
all_features,lgbm,perm_p1_mse,column,adj_ofi_vwstock_ma_25,adj_ofi_vwstock_ma_25,1,True,-2.35971e-05,-8.62415e-05,3.90833e-05,510,0.0136054,-0.037838,0.455782,-1.79361e-05,,-3.45968e-05,-5.95531e-05,4.30076e-05,-6.12409e-05,-4.7747e-05,-7.92596e-06,4.80233e-05,-9.82087e-05,-4.6091e-05,1.27195e-05
all_features,lgbm,perm_p1_mse,column,adj_ofi_vwstock_ma_125,adj_ofi_vwstock_ma_125,1,True,-2.05637e-05,-0.000160693,9.38372e-05,501,0.00680272,-0.032974,0.55102,1.5648e-05,,-8.13024e-06,-4.5706e-05,-6.54088e-05,9.29371e-05,-2.95877e-06,-5.01507e-05,-0.000137624,-0.000406965,7.66737e-05,6.75096e-05
all_features,lgbm,perm_p1_mse,column,adj_ofi_vwstock_ma_625,adj_ofi_vwstock_ma_625,1,True,-2.39645e-05,-6.76143e-05,1.60321e-05,511,0,-0.0384271,0.442177,0,,9.88497e-05,-8.48168e-05,-2.80695e-05,-3.8989e-05,1.70291e-05,-4.6269e-05,-2.43962e-05,-8.3413e-05,-7.99252e-06,-1.08876e-05
all_features,lgbm,perm_p1_mse,column,adj_ofi_vwstock_ma_3125,adj_ofi_vwstock_ma_3125,1,True,-5.04532e-07,-6.54655e-06,6.27423e-06,396,0,-0.000809019,0.217687,0,,-5.34158e-06,-1.12054e-06,1.62864e-06,8.50119e-06,-6.45882e-06,-2.69266e-06,-1.75668e-19,-1.97535e-05,9.20317e-06,1.60719e-06
all_features,lgbm,perm_p1_mse,column,adj_fomc_release_ma_1,adj_fomc_release_ma_1,1,False,0,0,0,0,0,0,0,0,,0,0,0,0,0,0,0,0,0,0
all_features,lgbm,perm_p1_mse,column,adj_fomc_release_ma_5,adj_fomc_release_ma_5,1,False,0,0,0,0,0,0,0,0,,0,0,0,0,0,0,0,0,0,0
all_features,lgbm,perm_p1_mse,column,adj_fomc_release_ma_25,adj_fomc_release_ma_25,1,False,0,0,0,0,0,0,0,0,,0,0,0,0,0,0,0,0,0,0
all_features,lgbm,perm_p1_mse,column,adj_fomc_release_ma_125,adj_fomc_release_ma_125,1,False,0,0,0,0,0,0,0,0,,0,0,0,0,0,0,0,0,0,0
all_features,lgbm,perm_p1_mse,column,adj_fomc_release_ma_625,adj_fomc_release_ma_625,1,False,0,0,0,0,0,0,0,0,,0,0,0,0,0,0,0,0,0,0
all_features,lgbm,perm_p1_mse,column,adj_fomc_release_ma_3125,adj_fomc_release_ma_3125,1,False,0,0,0,0,0,0,0,0,,0,0,0,0,0,0,0,0,0,0
all_features,lgbm,perm_p1_mse,column,adj_fomc_day_ma_1,adj_fomc_day_ma_1,1,True,3.13515e-07,-1.97973e-06,2.70714e-06,165,0,0.000502722,0.0408163,0,2.92912,6.38571e-06,1.25004e-06,-1.38778e-19,0,1.37985e-06,-4.15825e-06,0,-3.45904e-07,-6.40795e-19,6.88156e-07
all_features,lgbm,perm_p1_mse,column,adj_fomc_day_ma_5,adj_fomc_day_ma_5,1,True,1.72748e-07,-3.30424e-19,5.18598e-07,171,0,0.000277002,0.0204082,0,1,0,0,1.01507e-06,0,0,-5.55112e-19,0,-4.95635e-19,3.66169e-19,3.13293e-07
all_features,lgbm,perm_p1_mse,column,adj_fomc_day_ma_25,adj_fomc_day_ma_25,1,True,-1.66566e-07,-5.00378e-07,0,385,0,-0.000267088,0,0,,-1.88219e-06,0,0,0,0,0,0,-8.73874e-07,0,0
all_features,lgbm,perm_p1_mse,column,adj_fomc_day_ma_125,adj_fomc_day_ma_125,1,True,1.14486e-05,-1.06742e-05,4.21894e-05,83,0,0.0183579,0.238095,0,0.968505,-1.95547e-05,-8.34674e-07,-8.57993e-06,4.77989e-06,7.12312e-05,1.08774e-05,-1.75668e-19,7.54652e-06,-2.64476e-06,1.93918e-05
all_features,lgbm,perm_p1_mse,column,adj_fomc_day_ma_625,adj_fomc_day_ma_625,1,True,-9.41247e-06,-2.83119e-05,7.52465e-06,467,0,-0.0150929,0.319728,0,,-3.71713e-05,-1.38391e-05,-5.52154e-05,3.13371e-05,1.0193e-06,1.27313e-06,-1.75668e-19,-1.9405e-05,-1.18477e-05,-4.81881e-06
all_features,lgbm,perm_p1_mse,column,adj_fomc_day_ma_3125,adj_fomc_day_ma_3125,1,True,8.09565e-06,4.83665e-07,1.64558e-05,102,0,0.0129814,0.285714,0,0.274502,-1.18235e-06,2.49002e-05,1.88466e-05,4.95976e-06,-1.50516e-06,-1.25456e-08,-1.75668e-19,1.47333e-05,8.5683e-06,5.58e-06
all_features,lgbm,perm_p1_mse,column,adj_fomc_until_inv_ma_1,adj_fomc_until_inv_ma_1,1,True,-2.45139e-05,-6.06197e-05,5.5502e-06,512,0,-0.0393081,0.414966,0,,-0.000110282,-3.54074e-05,-2.34533e-05,6.39442e-05,-4.37802e-05,-4.65842e-05,-1.75668e-19,-4.83057e-05,-2.16391e-05,-1.76348e-05
all_features,lgbm,perm_p1_mse,column,adj_fomc_until_inv_ma_5,adj_fomc_until_inv_ma_5,1,True,1.42567e-05,-9.3891e-06,3.8024e-05,70,0,0.0228606,0.333333,0,0.516388,-5.37554e-06,-3.72882e-06,-1.13231e-05,4.81588e-05,7.25533e-05,-1.72552e-05,-5.34229e-06,-5.21188e-05,-2.7625e-07,4.40013e-05
all_features,lgbm,perm_p1_mse,column,adj_fomc_until_inv_ma_25,adj_fomc_until_inv_ma_25,1,True,-2.4931e-05,-5.54233e-05,1.46827e-06,514,0,-0.0399769,0.37415,0,,-7.25195e-05,-6.37756e-05,1.09579e-05,-5.44083e-06,-1.67917e-05,-3.11833e-05,-1.75668e-19,-7.44867e-05,-2.20992e-05,-9.12569e-06
all_features,lgbm,perm_p1_mse,column,adj_fomc_until_inv_ma_125,adj_fomc_until_inv_ma_125,1,True,-4.6604e-06,-3.14876e-05,2.24817e-05,441,0,-0.00747296,0.421769,0,,-2.1079e-05,-2.88386e-05,-9.44726e-06,-3.39195e-05,7.47207e-05,-1.77852e-05,-1.75668e-19,6.36422e-06,-2.10412e-05,-8.06804e-07
all_features,lgbm,perm_p1_mse,column,adj_fomc_until_inv_ma_625,adj_fomc_until_inv_ma_625,1,True,-2.09296e-05,-6.79632e-05,2.68767e-05,502,0.00680272,-0.0335606,0.401361,-1.38778e-17,,-0.000126139,6.13722e-06,3.73215e-05,-0.00011671,-7.00668e-05,8.58959e-05,-6.74165e-07,-5.71371e-05,3.53078e-05,-3.47269e-05
all_features,lgbm,perm_p1_mse,column,adj_fomc_until_inv_ma_3125,adj_fomc_until_inv_ma_3125,1,True,2.51766e-06,-2.01599e-05,2.73319e-05,139,0,0.00403708,0.469388,0,2.22962,-4.46861e-05,2.56773e-05,-7.39987e-06,-9.2371e-06,1.28608e-05,1.51023e-05,-1.75668e-19,8.76065e-06,2.67498e-05,-1.09787e-05
all_features,lgbm,perm_p1_mse,column,adj_fomc_since_inv_ma_1,adj_fomc_since_inv_ma_1,1,True,-3.96231e-06,-2.7332e-05,1.88589e-05,432,0,-0.00635358,0.380952,0,,-6.64482e-06,-3.33997e-05,-1.08101e-05,3.03631e-05,5.29258e-06,-9.93716e-06,-1.75668e-19,-6.45293e-05,2.24334e-05,4.62386e-06
all_features,lgbm,perm_p1_mse,column,adj_fomc_since_inv_ma_5,adj_fomc_since_inv_ma_5,1,True,-1.2616e-05,-2.92478e-05,2.56892e-06,481,0,-0.0202298,0.326531,0,,-5.79292e-05,-1.83952e-05,-3.66203e-05,4.20063e-06,-5.74871e-06,1.32906e-05,-1.75668e-19,-4.65333e-05,1.67027e-06,-7.57613e-06
all_features,lgbm,perm_p1_mse,column,adj_fomc_since_inv_ma_25,adj_fomc_since_inv_ma_25,1,True,1.24661e-05,-1.40715e-05,4.27492e-05,75,0.00680272,0.0199894,0.312925,0,0.910972,-7.66811e-06,-1.03567e-05,1.53002e-05,-9.57951e-06,8.29766e-05,-6.88209e-07,-1.75668e-19,1.69472e-05,-3.52619e-05,3.3249e-05
all_features,lgbm,perm_p1_mse,column,adj_fomc_since_inv_ma_125,adj_fomc_since_inv_ma_125,1,True,-1.9808e-05,-4.6729e-05,4.05945e-06,500,0,-0.0317622,0.360544,0,,-3.19852e-05,-3.84542e-05,-2.68447e-05,8.21924e-06,-3.71503e-07,-4.07703e-05,-1.75668e-19,7.91437e-06,-1.05262e-05,-3.37341e-05
all_features,lgbm,perm_p1_mse,column,adj_fomc_since_inv_ma_625,adj_fomc_since_inv_ma_625,1,True,9.38804e-07,-4.17597e-05,4.3126e-05,150,0,0.00150537,0.462585,0,6.76286,-6.60145e-06,9.82873e-05,-7.54035e-05,-1.55152e-05,1.93346e-05,-2.29997e-05,4.15868e-06,-5.57573e-06,4.76052e-05,-1.86445e-05
all_features,lgbm,perm_p1_mse,column,adj_fomc_since_inv_ma_3125,adj_fomc_since_inv_ma_3125,1,True,1.78561e-05,-1.14684e-05,5.20122e-05,62,0,0.0286323,0.333333,0,0.717316,-3.21228e-05,-1.28255e-05,9.25163e-05,3.75753e-05,2.20953e-05,-1.7222e-05,-1.75668e-19,-1.97829e-06,4.04043e-05,1.41621e-05
all_features,lgbm,perm_p1_mse,column,sumret_avail_ma_1,sumret_avail_ma_1,1,False,0,0,0,0,0,0,0,0,,0,0,0,0,0,0,0,0,0,0
all_features,lgbm,perm_p1_mse,column,sumret_avail_ma_5,sumret_avail_ma_5,1,False,0,0,0,0,0,0,0,0,,0,0,0,0,0,0,0,0,0,0
all_features,lgbm,perm_p1_mse,column,sumret_avail_ma_25,sumret_avail_ma_25,1,False,0,0,0,0,0,0,0,0,,0,0,0,0,0,0,0,0,0,0
all_features,lgbm,perm_p1_mse,column,sumret_avail_ma_125,sumret_avail_ma_125,1,False,0,0,0,0,0,0,0,0,,0,0,0,0,0,0,0,0,0,0
all_features,lgbm,perm_p1_mse,column,sumret_avail_ma_625,sumret_avail_ma_625,1,False,0,0,0,0,0,0,0,0,,0,0,0,0,0,0,0,0,0,0
all_features,lgbm,perm_p1_mse,column,sumret_avail_ma_3125,sumret_avail_ma_3125,1,False,0,0,0,0,0,0,0,0,,0,0,0,0,0,0,0,0,0,0
all_features,lgbm,perm_p1_mse,column,sumabsret_avail_ma_1,sumabsret_avail_ma_1,1,False,0,0,0,0,0,0,0,0,,0,0,0,0,0,0,0,0,0,0
all_features,lgbm,perm_p1_mse,column,sumabsret_avail_ma_5,sumabsret_avail_ma_5,1,False,0,0,0,0,0,0,0,0,,0,0,0,0,0,0,0,0,0,0
all_features,lgbm,perm_p1_mse,column,sumabsret_avail_ma_25,sumabsret_avail_ma_25,1,False,0,0,0,0,0,0,0,0,,0,0,0,0,0,0,0,0,0,0
all_features,lgbm,perm_p1_mse,column,sumabsret_avail_ma_125,sumabsret_avail_ma_125,1,False,0,0,0,0,0,0,0,0,,0,0,0,0,0,0,0,0,0,0
all_features,lgbm,perm_p1_mse,column,sumabsret_avail_ma_625,sumabsret_avail_ma_625,1,False,0,0,0,0,0,0,0,0,,0,0,0,0,0,0,0,0,0,0
all_features,lgbm,perm_p1_mse,column,sumabsret_avail_ma_3125,sumabsret_avail_ma_3125,1,False,0,0,0,0,0,0,0,0,,0,0,0,0,0,0,0,0,0,0
all_features,lgbm,perm_p1_mse,column,sumret3_avail_ma_1,sumret3_avail_ma_1,1,False,0,0,0,0,0,0,0,0,,0,0,0,0,0,0,0,0,0,0
all_features,lgbm,perm_p1_mse,column,sumret3_avail_ma_5,sumret3_avail_ma_5,1,False,0,0,0,0,0,0,0,0,,0,0,0,0,0,0,0,0,0,0
all_features,lgbm,perm_p1_mse,column,sumret3_avail_ma_25,sumret3_avail_ma_25,1,False,0,0,0,0,0,0,0,0,,0,0,0,0,0,0,0,0,0,0
all_features,lgbm,perm_p1_mse,column,sumret3_avail_ma_125,sumret3_avail_ma_125,1,False,0,0,0,0,0,0,0,0,,0,0,0,0,0,0,0,0,0,0
all_features,lgbm,perm_p1_mse,column,sumret3_avail_ma_625,sumret3_avail_ma_625,1,False,0,0,0,0,0,0,0,0,,0,0,0,0,0,0,0,0,0,0
all_features,lgbm,perm_p1_mse,column,sumret3_avail_ma_3125,sumret3_avail_ma_3125,1,False,0,0,0,0,0,0,0,0,,0,0,0,0,0,0,0,0,0,0
all_features,lgbm,perm_p1_mse,column,sumret4_avail_ma_1,sumret4_avail_ma_1,1,False,0,0,0,0,0,0,0,0,,0,0,0,0,0,0,0,0,0,0
all_features,lgbm,perm_p1_mse,column,sumret4_avail_ma_5,sumret4_avail_ma_5,1,False,0,0,0,0,0,0,0,0,,0,0,0,0,0,0,0,0,0,0
all_features,lgbm,perm_p1_mse,column,sumret4_avail_ma_25,sumret4_avail_ma_25,1,False,0,0,0,0,0,0,0,0,,0,0,0,0,0,0,0,0,0,0
all_features,lgbm,perm_p1_mse,column,sumret4_avail_ma_125,sumret4_avail_ma_125,1,False,0,0,0,0,0,0,0,0,,0,0,0,0,0,0,0,0,0,0
all_features,lgbm,perm_p1_mse,column,sumret4_avail_ma_625,sumret4_avail_ma_625,1,False,0,0,0,0,0,0,0,0,,0,0,0,0,0,0,0,0,0,0
all_features,lgbm,perm_p1_mse,column,sumret4_avail_ma_3125,sumret4_avail_ma_3125,1,False,0,0,0,0,0,0,0,0,,0,0,0,0,0,0,0,0,0,0
all_features,lgbm,perm_p1_mse,column,sumpret2_avail_ma_1,sumpret2_avail_ma_1,1,False,0,0,0,0,0,0,0,0,,0,0,0,0,0,0,0,0,0,0
all_features,lgbm,perm_p1_mse,column,sumpret2_avail_ma_5,sumpret2_avail_ma_5,1,False,0,0,0,0,0,0,0,0,,0,0,0,0,0,0,0,0,0,0
all_features,lgbm,perm_p1_mse,column,sumpret2_avail_ma_25,sumpret2_avail_ma_25,1,False,0,0,0,0,0,0,0,0,,0,0,0,0,0,0,0,0,0,0
all_features,lgbm,perm_p1_mse,column,sumpret2_avail_ma_125,sumpret2_avail_ma_125,1,False,0,0,0,0,0,0,0,0,,0,0,0,0,0,0,0,0,0,0
all_features,lgbm,perm_p1_mse,column,sumpret2_avail_ma_625,sumpret2_avail_ma_625,1,False,0,0,0,0,0,0,0,0,,0,0,0,0,0,0,0,0,0,0
all_features,lgbm,perm_p1_mse,column,sumpret2_avail_ma_3125,sumpret2_avail_ma_3125,1,False,0,0,0,0,0,0,0,0,,0,0,0,0,0,0,0,0,0,0
all_features,lgbm,perm_p1_mse,column,sumbipow_avail_ma_1,sumbipow_avail_ma_1,1,False,0,0,0,0,0,0,0,0,,0,0,0,0,0,0,0,0,0,0
all_features,lgbm,perm_p1_mse,column,sumbipow_avail_ma_5,sumbipow_avail_ma_5,1,False,0,0,0,0,0,0,0,0,,0,0,0,0,0,0,0,0,0,0
all_features,lgbm,perm_p1_mse,column,sumbipow_avail_ma_25,sumbipow_avail_ma_25,1,False,0,0,0,0,0,0,0,0,,0,0,0,0,0,0,0,0,0,0
all_features,lgbm,perm_p1_mse,column,sumbipow_avail_ma_125,sumbipow_avail_ma_125,1,False,0,0,0,0,0,0,0,0,,0,0,0,0,0,0,0,0,0,0
all_features,lgbm,perm_p1_mse,column,sumbipow_avail_ma_625,sumbipow_avail_ma_625,1,False,0,0,0,0,0,0,0,0,,0,0,0,0,0,0,0,0,0,0
all_features,lgbm,perm_p1_mse,column,sumbipow_avail_ma_3125,sumbipow_avail_ma_3125,1,False,0,0,0,0,0,0,0,0,,0,0,0,0,0,0,0,0,0,0
all_features,lgbm,perm_p1_mse,column,sumautocov_avail_ma_1,sumautocov_avail_ma_1,1,False,0,0,0,0,0,0,0,0,,0,0,0,0,0,0,0,0,0,0
all_features,lgbm,perm_p1_mse,column,sumautocov_avail_ma_5,sumautocov_avail_ma_5,1,False,0,0,0,0,0,0,0,0,,0,0,0,0,0,0,0,0,0,0
all_features,lgbm,perm_p1_mse,column,sumautocov_avail_ma_25,sumautocov_avail_ma_25,1,False,0,0,0,0,0,0,0,0,,0,0,0,0,0,0,0,0,0,0
all_features,lgbm,perm_p1_mse,column,sumautocov_avail_ma_125,sumautocov_avail_ma_125,1,False,0,0,0,0,0,0,0,0,,0,0,0,0,0,0,0,0,0,0
all_features,lgbm,perm_p1_mse,column,sumautocov_avail_ma_625,sumautocov_avail_ma_625,1,False,0,0,0,0,0,0,0,0,,0,0,0,0,0,0,0,0,0,0
all_features,lgbm,perm_p1_mse,column,sumautocov_avail_ma_3125,sumautocov_avail_ma_3125,1,False,0,0,0,0,0,0,0,0,,0,0,0,0,0,0,0,0,0,0
all_features,lgbm,perm_p1_mse,column,sumvolume_avail_ma_1,sumvolume_avail_ma_1,1,False,0,0,0,0,0,0,0,0,,0,0,0,0,0,0,0,0,0,0
all_features,lgbm,perm_p1_mse,column,sumvolume_avail_ma_5,sumvolume_avail_ma_5,1,False,0,0,0,0,0,0,0,0,,0,0,0,0,0,0,0,0,0,0
all_features,lgbm,perm_p1_mse,column,sumvolume_avail_ma_25,sumvolume_avail_ma_25,1,False,0,0,0,0,0,0,0,0,,0,0,0,0,0,0,0,0,0,0
all_features,lgbm,perm_p1_mse,column,sumvolume_avail_ma_125,sumvolume_avail_ma_125,1,False,0,0,0,0,0,0,0,0,,0,0,0,0,0,0,0,0,0,0
all_features,lgbm,perm_p1_mse,column,sumvolume_avail_ma_625,sumvolume_avail_ma_625,1,False,0,0,0,0,0,0,0,0,,0,0,0,0,0,0,0,0,0,0
all_features,lgbm,perm_p1_mse,column,sumvolume_avail_ma_3125,sumvolume_avail_ma_3125,1,False,0,0,0,0,0,0,0,0,,0,0,0,0,0,0,0,0,0,0
all_features,lgbm,perm_p1_mse,column,numobs_avail_ma_1,numobs_avail_ma_1,1,False,0,0,0,0,0,0,0,0,,0,0,0,0,0,0,0,0,0,0
all_features,lgbm,perm_p1_mse,column,numobs_avail_ma_5,numobs_avail_ma_5,1,False,0,0,0,0,0,0,0,0,,0,0,0,0,0,0,0,0,0,0
all_features,lgbm,perm_p1_mse,column,numobs_avail_ma_25,numobs_avail_ma_25,1,False,0,0,0,0,0,0,0,0,,0,0,0,0,0,0,0,0,0,0
all_features,lgbm,perm_p1_mse,column,numobs_avail_ma_125,numobs_avail_ma_125,1,False,0,0,0,0,0,0,0,0,,0,0,0,0,0,0,0,0,0,0
all_features,lgbm,perm_p1_mse,column,numobs_avail_ma_625,numobs_avail_ma_625,1,False,0,0,0,0,0,0,0,0,,0,0,0,0,0,0,0,0,0,0
all_features,lgbm,perm_p1_mse,column,numobs_avail_ma_3125,numobs_avail_ma_3125,1,False,0,0,0,0,0,0,0,0,,0,0,0,0,0,0,0,0,0,0
all_features,lgbm,perm_p1_mse,column,sumret2_ewstock_avail_ma_1,sumret2_ewstock_avail_ma_1,1,True,0,0,0,188,0,0,0,0,,0,0,0,0,0,0,0,0,0,0
all_features,lgbm,perm_p1_mse,column,sumret2_ewstock_avail_ma_5,sumret2_ewstock_avail_ma_5,1,True,0,0,0,188,0,0,0,0,,0,0,0,0,0,0,0,0,0,0
all_features,lgbm,perm_p1_mse,column,sumret2_ewstock_avail_ma_25,sumret2_ewstock_avail_ma_25,1,True,-1.18089e-19,-6.60847e-19,3.06822e-19,368,0,-1.89356e-16,0.0340136,0,,0,0,-1.249e-18,2.77556e-19,2.77556e-19,0,0,-1.23909e-19,3.66169e-19,-3.42661e-19
all_features,lgbm,perm_p1_mse,column,sumret2_ewstock_avail_ma_125,sumret2_ewstock_avail_ma_125,1,True,1.05697e-07,2.30273e-20,2.46627e-07,175,0,0.000169486,0.0748299,0,0.553535,0,-1.3344e-18,1.38778e-19,6.83915e-08,5.52685e-07,-1.38778e-19,0,-2.47818e-19,-7.32337e-19,1.9169e-07
all_features,lgbm,perm_p1_mse,column,sumret2_ewstock_avail_ma_625,sumret2_ewstock_avail_ma_625,1,True,-1.27407e-05,-4.50816e-05,2.18707e-05,483,0,-0.0204298,0.278912,0,,2.08803e-05,-8.59012e-06,-2.97086e-05,-4.44286e-06,-2.17537e-05,4.01132e-05,-0.000193026,2.70873e-05,-2.96542e-05,-1.85946e-05
all_features,lgbm,perm_p1_mse,column,sumret2_ewstock_avail_ma_3125,sumret2_ewstock_avail_ma_3125,1,True,9.93869e-06,-4.8467e-05,7.04279e-05,91,0.00680272,0.0159367,0.333333,0,1.3723,2.40075e-05,2.78832e-06,6.24792e-06,-6.44651e-06,6.99736e-05,-3.02957e-05,1.11922e-05,0.000104483,-9.89616e-05,2.82114e-05
all_features,lgbm,perm_p1_mse,column,sumret3_ewstock_avail_ma_1,sumret3_ewstock_avail_ma_1,1,True,0,0,0,188,0,0,0,0,,0,0,0,0,0,0,0,0,0,0
all_features,lgbm,perm_p1_mse,column,sumret3_ewstock_avail_ma_5,sumret3_ewstock_avail_ma_5,1,True,0,0,0,188,0,0,0,0,,0,0,0,0,0,0,0,0,0,0
all_features,lgbm,perm_p1_mse,column,sumret3_ewstock_avail_ma_25,sumret3_ewstock_avail_ma_25,1,True,-2.1256e-19,-9.21735e-19,4.72685e-19,376,0,-3.4084e-16,0.0612245,0,,0,-9.34082e-19,2.77556e-19,-5.55112e-19,0,0,0,-1.23909e-19,-6.40795e-19,-4.28327e-20
all_features,lgbm,perm_p1_mse,column,sumret3_ewstock_avail_ma_125,sumret3_ewstock_avail_ma_125,1,True,2.6131e-06,-1.71401e-06,7.66098e-06,138,0,0.00419011,0.163265,0,0.488821,1.24429e-06,5.23333e-06,2.91157e-06,1.6684e-06,4.68492e-06,-2.77556e-19,0,-2.82734e-06,1.24569e-06,5.13356e-06
all_features,lgbm,perm_p1_mse,column,sumret3_ewstock_avail_ma_625,sumret3_ewstock_avail_ma_625,1,True,-4.31513e-06,-2.35081e-05,1.71335e-05,437,0,-0.00691931,0.346939,0,,-3.0413e-06,1.11909e-05,-3.69167e-05,-4.38158e-05,1.59642e-05,2.96485e-05,-9.27122e-07,2.16049e-05,5.42896e-06,-1.78344e-05
all_features,lgbm,perm_p1_mse,column,sumret3_ewstock_avail_ma_3125,sumret3_ewstock_avail_ma_3125,1,True,4.28312e-06,-5.41899e-05,5.88076e-05,124,0.00680272,0.00686799,0.340136,0,1.71121,3.97957e-06,-1.27555e-05,5.27092e-05,-8.42361e-05,6.921e-05,-1.31921e-06,-1.75668e-19,2.28722e-05,1.95083e-05,-9.26661e-06
all_features,lgbm,perm_p1_mse,column,sumret4_ewstock_avail_ma_1,sumret4_ewstock_avail_ma_1,1,True,0,0,0,188,0,0,0,0,,0,0,0,0,0,0,0,0,0,0
all_features,lgbm,perm_p1_mse,column,sumret4_ewstock_avail_ma_5,sumret4_ewstock_avail_ma_5,1,True,0,0,0,188,0,0,0,0,,0,0,0,0,0,0,0,0,0,0
all_features,lgbm,perm_p1_mse,column,sumret4_ewstock_avail_ma_25,sumret4_ewstock_avail_ma_25,1,True,-1.88942e-19,-5.66826e-19,4.72355e-20,375,0,-3.02969e-16,0.0136054,0,,0,-1.3344e-18,2.77556e-19,0,0,0,0,1.23909e-19,-7.32337e-19,-4.28327e-20
all_features,lgbm,perm_p1_mse,column,sumret4_ewstock_avail_ma_125,sumret4_ewstock_avail_ma_125,1,True,-5.00544e-07,-2.71291e-06,1.21045e-06,395,0,-0.000802623,0.0408163,0,,0,-1.06752e-18,-5.31368e-06,2.37249e-06,1.94289e-18,0,0,1.23909e-19,1.56496e-06,-1.64003e-06
all_features,lgbm,perm_p1_mse,column,sumret4_ewstock_avail_ma_625,sumret4_ewstock_avail_ma_625,1,True,1.65591e-06,-3.97983e-06,6.93652e-06,144,0,0.00265525,0.231293,0,0.781055,-6.98928e-06,6.54394e-06,7.81331e-06,2.7862e-06,-9.04088e-06,6.54426e-06,-4.88621e-06,-2.49131e-06,6.37239e-06,8.82668e-07
all_features,lgbm,perm_p1_mse,column,sumret4_ewstock_avail_ma_3125,sumret4_ewstock_avail_ma_3125,1,True,-4.3107e-06,-1.87744e-05,6.26769e-06,436,0,-0.00691221,0.156463,0,,7.64249e-06,-9.34082e-19,1.07582e-05,-3.4904e-05,-1.17185e-06,-6.47516e-06,7.87711e-06,6.70833e-08,-1.27311e-06,-7.24529e-06
all_features,lgbm,perm_p1_mse,column,sumabsret_ewstock_avail_ma_1,sumabsret_ewstock_avail_ma_1,1,True,0,0,0,188,0,0,0,0,,0,0,0,0,0,0,0,0,0,0
all_features,lgbm,perm_p1_mse,column,sumabsret_ewstock_avail_ma_5,sumabsret_ewstock_avail_ma_5,1,True,0,0,0,188,0,0,0,0,,0,0,0,0,0,0,0,0,0,0
all_features,lgbm,perm_p1_mse,column,sumabsret_ewstock_avail_ma_25,sumabsret_ewstock_avail_ma_25,1,True,0,0,0,188,0,0,0,0,,0,0,0,0,0,0,0,0,0,0
all_features,lgbm,perm_p1_mse,column,sumabsret_ewstock_avail_ma_125,sumabsret_ewstock_avail_ma_125,1,True,1.51287e-07,0,4.54171e-07,173,0,0.00024259,0.00680272,0,1,0,0,0,8.88965e-07,0,0,0,0,0,2.74372e-07
all_features,lgbm,perm_p1_mse,column,sumabsret_ewstock_avail_ma_625,sumabsret_ewstock_avail_ma_625,1,True,3.2547e-06,-1.02124e-08,7.26305e-06,131,0,0.00521892,0.108844,0,0.398871,0,-8.8877e-08,2.77556e-19,4.4066e-06,1.5889e-05,-1.07854e-06,0,-9.92564e-07,-3.91161e-08,6.26407e-06
all_features,lgbm,perm_p1_mse,column,sumabsret_ewstock_avail_ma_3125,sumabsret_ewstock_avail_ma_3125,1,True,-2.56639e-06,-8.16703e-06,2.30477e-06,423,0,-0.00411521,0.0952381,0,,-5.55692e-08,1.29467e-06,-2.21137e-06,-5.72687e-06,9.15058e-06,-1.761e-05,-1.75668e-18,-9.82487e-07,-1.06489e-05,6.67909e-07
all_features,lgbm,perm_p1_mse,column,sumbipow_ewstock_avail_ma_1,sumbipow_ewstock_avail_ma_1,1,True,0,0,0,188,0,0,0,0,,0,0,0,0,0,0,0,0,0,0
all_features,lgbm,perm_p1_mse,column,sumbipow_ewstock_avail_ma_5,sumbipow_ewstock_avail_ma_5,1,True,0,0,0,188,0,0,0,0,,0,0,0,0,0,0,0,0,0,0
all_features,lgbm,perm_p1_mse,column,sumbipow_ewstock_avail_ma_25,sumbipow_ewstock_avail_ma_25,1,True,0,0,0,188,0,0,0,0,,0,0,0,0,0,0,0,0,0,0
all_features,lgbm,perm_p1_mse,column,sumbipow_ewstock_avail_ma_125,sumbipow_ewstock_avail_ma_125,1,True,0,0,0,188,0,0,0,0,,0,0,0,0,0,0,0,0,0,0
all_features,lgbm,perm_p1_mse,column,sumbipow_ewstock_avail_ma_625,sumbipow_ewstock_avail_ma_625,1,True,4.39648e-07,-2.0359e-06,3.52475e-06,161,0,0.000704977,0.0408163,0,3.50488,0,0,1.11022e-18,2.77556e-19,-2.39287e-06,4.97624e-06,1.58101e-18,-1.23909e-19,3.28248e-06,-7.38539e-07
all_features,lgbm,perm_p1_mse,column,sumbipow_ewstock_avail_ma_3125,sumbipow_ewstock_avail_ma_3125,1,True,-4.3553e-07,-1.35193e-06,2.60561e-09,391,0,-0.000698373,0.047619,0,,0,4.00321e-19,-1.04943e-08,-4.16334e-19,-2.54868e-06,-1.38778e-19,0,-1.23909e-19,2.74626e-19,-7.89868e-07
all_features,lgbm,perm_p1_mse,column,sumpret2_ewstock_avail_ma_1,sumpret2_ewstock_avail_ma_1,1,True,0,0,0,188,0,0,0,0,,0,0,0,0,0,0,0,0,0,0
all_features,lgbm,perm_p1_mse,column,sumpret2_ewstock_avail_ma_5,sumpret2_ewstock_avail_ma_5,1,True,0,0,0,188,0,0,0,0,,0,0,0,0,0,0,0,0,0,0
all_features,lgbm,perm_p1_mse,column,sumpret2_ewstock_avail_ma_25,sumpret2_ewstock_avail_ma_25,1,True,0,0,0,188,0,0,0,0,,0,0,0,0,0,0,0,0,0,0
all_features,lgbm,perm_p1_mse,column,sumpret2_ewstock_avail_ma_125,sumpret2_ewstock_avail_ma_125,1,True,0,0,0,188,0,0,0,0,,0,0,0,0,0,0,0,0,0,0
all_features,lgbm,perm_p1_mse,column,sumpret2_ewstock_avail_ma_625,sumpret2_ewstock_avail_ma_625,1,True,-8.42748e-08,-3.43258e-07,1.27099e-07,382,0,-0.000135135,0.0204082,0,,0,2.66881e-19,-1.11022e-18,-1.6807e-07,-3.27128e-07,-1.38778e-19,0,-1.23909e-19,-1.10864e-07,-1.00965e-07
all_features,lgbm,perm_p1_mse,column,sumpret2_ewstock_avail_ma_3125,sumpret2_ewstock_avail_ma_3125,1,True,1.29898e-19,-2.48607e-19,5.90729e-19,180,0,2.08291e-16,0.0204082,0,1.45455,0,0,1.11022e-18,0,2.08167e-19,0,-1.75668e-18,-4.95635e-19,0,4.0691e-19
all_features,lgbm,perm_p1_mse,column,turnover_ewstock_avail_ma_1,turnover_ewstock_avail_ma_1,1,True,0,0,0,188,0,0,0,0,,0,0,0,0,0,0,0,0,0,0
all_features,lgbm,perm_p1_mse,column,turnover_ewstock_avail_ma_5,turnover_ewstock_avail_ma_5,1,True,0,0,0,188,0,0,0,0,,0,0,0,0,0,0,0,0,0,0
all_features,lgbm,perm_p1_mse,column,turnover_ewstock_avail_ma_25,turnover_ewstock_avail_ma_25,1,True,0,0,0,188,0,0,0,0,,0,0,0,0,0,0,0,0,0,0
all_features,lgbm,perm_p1_mse,column,turnover_ewstock_avail_ma_125,turnover_ewstock_avail_ma_125,1,True,0,0,0,188,0,0,0,0,,0,0,0,0,0,0,0,0,0,0
all_features,lgbm,perm_p1_mse,column,turnover_ewstock_avail_ma_625,turnover_ewstock_avail_ma_625,1,True,0,0,0,188,0,0,0,0,,0,0,0,0,0,0,0,0,0,0
all_features,lgbm,perm_p1_mse,column,turnover_ewstock_avail_ma_3125,turnover_ewstock_avail_ma_3125,1,True,-4.72355e-20,-1.41803e-19,0,363,0,-7.57422e-17,0,0,,0,0,0,0,0,-2.77556e-19,0,0,-1.83084e-19,0
all_features,lgbm,perm_p1_mse,column,buyturnover_ewstock_avail_ma_1,buyturnover_ewstock_avail_ma_1,1,True,0,0,0,188,0,0,0,0,,0,0,0,0,0,0,0,0,0,0
all_features,lgbm,perm_p1_mse,column,buyturnover_ewstock_avail_ma_5,buyturnover_ewstock_avail_ma_5,1,True,0,0,0,188,0,0,0,0,,0,0,0,0,0,0,0,0,0,0
all_features,lgbm,perm_p1_mse,column,buyturnover_ewstock_avail_ma_25,buyturnover_ewstock_avail_ma_25,1,True,0,0,0,188,0,0,0,0,,0,0,0,0,0,0,0,0,0,0
all_features,lgbm,perm_p1_mse,column,buyturnover_ewstock_avail_ma_125,buyturnover_ewstock_avail_ma_125,1,True,0,0,0,188,0,0,0,0,,0,0,0,0,0,0,0,0,0,0
all_features,lgbm,perm_p1_mse,column,buyturnover_ewstock_avail_ma_625,buyturnover_ewstock_avail_ma_625,1,True,0,0,0,188,0,0,0,0,,0,0,0,0,0,0,0,0,0,0
all_features,lgbm,perm_p1_mse,column,buyturnover_ewstock_avail_ma_3125,buyturnover_ewstock_avail_ma_3125,1,True,0,0,0,188,0,0,0,0,,0,0,0,0,0,0,0,0,0,0
all_features,lgbm,perm_p1_mse,column,sellturnover_ewstock_avail_ma_1,sellturnover_ewstock_avail_ma_1,1,True,0,0,0,188,0,0,0,0,,0,0,0,0,0,0,0,0,0,0
all_features,lgbm,perm_p1_mse,column,sellturnover_ewstock_avail_ma_5,sellturnover_ewstock_avail_ma_5,1,True,0,0,0,188,0,0,0,0,,0,0,0,0,0,0,0,0,0,0
all_features,lgbm,perm_p1_mse,column,sellturnover_ewstock_avail_ma_25,sellturnover_ewstock_avail_ma_25,1,True,0,0,0,188,0,0,0,0,,0,0,0,0,0,0,0,0,0,0
all_features,lgbm,perm_p1_mse,column,sellturnover_ewstock_avail_ma_125,sellturnover_ewstock_avail_ma_125,1,True,0,0,0,188,0,0,0,0,,0,0,0,0,0,0,0,0,0,0
all_features,lgbm,perm_p1_mse,column,sellturnover_ewstock_avail_ma_625,sellturnover_ewstock_avail_ma_625,1,True,0,0,0,188,0,0,0,0,,0,0,0,0,0,0,0,0,0,0
all_features,lgbm,perm_p1_mse,column,sellturnover_ewstock_avail_ma_3125,sellturnover_ewstock_avail_ma_3125,1,True,0,0,0,188,0,0,0,0,,0,0,0,0,0,0,0,0,0,0
all_features,lgbm,perm_p1_mse,column,effspread_ewstock_avail_ma_1,effspread_ewstock_avail_ma_1,1,True,0,0,0,188,0,0,0,0,,0,0,0,0,0,0,0,0,0,0
all_features,lgbm,perm_p1_mse,column,effspread_ewstock_avail_ma_5,effspread_ewstock_avail_ma_5,1,True,0,0,0,188,0,0,0,0,,0,0,0,0,0,0,0,0,0,0
all_features,lgbm,perm_p1_mse,column,effspread_ewstock_avail_ma_25,effspread_ewstock_avail_ma_25,1,True,0,0,0,188,0,0,0,0,,0,0,0,0,0,0,0,0,0,0
all_features,lgbm,perm_p1_mse,column,effspread_ewstock_avail_ma_125,effspread_ewstock_avail_ma_125,1,True,0,0,0,188,0,0,0,0,,0,0,0,0,0,0,0,0,0,0
all_features,lgbm,perm_p1_mse,column,effspread_ewstock_avail_ma_625,effspread_ewstock_avail_ma_625,1,True,0,0,0,188,0,0,0,0,,0,0,0,0,0,0,0,0,0,0
all_features,lgbm,perm_p1_mse,column,effspread_ewstock_avail_ma_3125,effspread_ewstock_avail_ma_3125,1,True,0,0,0,188,0,0,0,0,,0,0,0,0,0,0,0,0,0,0
all_features,lgbm,perm_p1_mse,column,spread_ewstock_avail_ma_1,spread_ewstock_avail_ma_1,1,True,0,0,0,188,0,0,0,0,,0,0,0,0,0,0,0,0,0,0
all_features,lgbm,perm_p1_mse,column,spread_ewstock_avail_ma_5,spread_ewstock_avail_ma_5,1,True,0,0,0,188,0,0,0,0,,0,0,0,0,0,0,0,0,0,0
all_features,lgbm,perm_p1_mse,column,spread_ewstock_avail_ma_25,spread_ewstock_avail_ma_25,1,True,0,0,0,188,0,0,0,0,,0,0,0,0,0,0,0,0,0,0
all_features,lgbm,perm_p1_mse,column,spread_ewstock_avail_ma_125,spread_ewstock_avail_ma_125,1,True,0,0,0,188,0,0,0,0,,0,0,0,0,0,0,0,0,0,0
all_features,lgbm,perm_p1_mse,column,spread_ewstock_avail_ma_625,spread_ewstock_avail_ma_625,1,True,1.62255e-07,4.72034e-20,3.97733e-07,172,0,0.000260177,0.0340136,0,0.449608,1.12629e-06,3.53598e-07,2.77556e-19,0,0,0,0,1.40186e-07,2.42574e-07,1.32303e-07
all_features,lgbm,perm_p1_mse,column,spread_ewstock_avail_ma_3125,spread_ewstock_avail_ma_3125,1,True,6.03408e-07,-1.43884e-06,3.43461e-06,157,0,0.000967566,0.0408163,0,1.82177,1.37799e-07,5.39635e-06,-2.13823e-06,0,0,0,0,6.13871e-06,-3.66169e-19,-1.0277e-06
all_features,lgbm,perm_p1_mse,column,sumret2_vwstock_avail_ma_1,sumret2_vwstock_avail_ma_1,1,True,0,0,0,188,0,0,0,0,,0,0,0,0,0,0,0,0,0,0
all_features,lgbm,perm_p1_mse,column,sumret2_vwstock_avail_ma_5,sumret2_vwstock_avail_ma_5,1,True,0,0,0,188,0,0,0,0,,0,0,0,0,0,0,0,0,0,0
all_features,lgbm,perm_p1_mse,column,sumret2_vwstock_avail_ma_25,sumret2_vwstock_avail_ma_25,1,True,0,0,0,188,0,0,0,0,,0,0,0,0,0,0,0,0,0,0
all_features,lgbm,perm_p1_mse,column,sumret2_vwstock_avail_ma_125,sumret2_vwstock_avail_ma_125,1,True,0,0,0,188,0,0,0,0,,0,0,0,0,0,0,0,0,0,0
all_features,lgbm,perm_p1_mse,column,sumret2_vwstock_avail_ma_625,sumret2_vwstock_avail_ma_625,1,True,0,0,0,188,0,0,0,0,,0,0,0,0,0,0,0,0,0,0
all_features,lgbm,perm_p1_mse,column,sumret2_vwstock_avail_ma_3125,sumret2_vwstock_avail_ma_3125,1,True,0,0,0,188,0,0,0,0,,0,0,0,0,0,0,0,0,0,0
all_features,lgbm,perm_p1_mse,column,sumret3_vwstock_avail_ma_1,sumret3_vwstock_avail_ma_1,1,True,0,0,0,188,0,0,0,0,,0,0,0,0,0,0,0,0,0,0
all_features,lgbm,perm_p1_mse,column,sumret3_vwstock_avail_ma_5,sumret3_vwstock_avail_ma_5,1,True,0,0,0,188,0,0,0,0,,0,0,0,0,0,0,0,0,0,0
all_features,lgbm,perm_p1_mse,column,sumret3_vwstock_avail_ma_25,sumret3_vwstock_avail_ma_25,1,True,1.88942e-19,-3.78141e-19,7.79962e-19,179,0,3.02969e-16,0.0544218,0,1,0,0,5.55112e-19,5.55112e-19,0,0,0,-1.23909e-19,3.66169e-19,2.14163e-19
all_features,lgbm,perm_p1_mse,column,sumret3_vwstock_avail_ma_125,sumret3_vwstock_avail_ma_125,1,True,-2.44755e-07,-1.4253e-06,1.04256e-06,387,0,-0.000392466,0.0408163,0,,-3.68165e-06,-9.55383e-07,-1.61947e-06,5.41769e-08,3.03517e-06,0,0,-1.44595e-06,3.57367e-08,3.92312e-08
all_features,lgbm,perm_p1_mse,column,sumret3_vwstock_avail_ma_625,sumret3_vwstock_avail_ma_625,1,True,2.11562e-06,-5.5172e-06,1.01213e-05,142,0,0.0033924,0.244898,0,0.625232,-4.80056e-06,1.11343e-05,-4.37629e-06,1.67391e-06,6.05035e-06,0,0,4.494e-06,9.79848e-06,-2.30135e-06
all_features,lgbm,perm_p1_mse,column,sumret3_vwstock_avail_ma_3125,sumret3_vwstock_avail_ma_3125,1,True,-1.59109e-05,-4.09343e-05,3.9652e-06,487,0,-0.0255132,0.190476,0,,-2.18821e-05,6.03596e-06,-2.58293e-05,-4.96088e-05,-1.3101e-05,1.48055e-07,0,4.10448e-06,3.45717e-06,-3.18921e-05
all_features,lgbm,perm_p1_mse,column,sumret4_vwstock_avail_ma_1,sumret4_vwstock_avail_ma_1,1,True,0,0,0,188,0,0,0,0,,0,0,0,0,0,0,0,0,0,0
all_features,lgbm,perm_p1_mse,column,sumret4_vwstock_avail_ma_5,sumret4_vwstock_avail_ma_5,1,True,0,0,0,188,0,0,0,0,,0,0,0,0,0,0,0,0,0,0
all_features,lgbm,perm_p1_mse,column,sumret4_vwstock_avail_ma_25,sumret4_vwstock_avail_ma_25,1,True,0,0,0,188,0,0,0,0,,0,0,0,0,0,0,0,0,0,0
all_features,lgbm,perm_p1_mse,column,sumret4_vwstock_avail_ma_125,sumret4_vwstock_avail_ma_125,1,True,0,0,0,188,0,0,0,0,,0,0,0,0,0,0,0,0,0,0
all_features,lgbm,perm_p1_mse,column,sumret4_vwstock_avail_ma_625,sumret4_vwstock_avail_ma_625,1,True,0,0,0,188,0,0,0,0,,0,0,0,0,0,0,0,0,0,0
all_features,lgbm,perm_p1_mse,column,sumret4_vwstock_avail_ma_3125,sumret4_vwstock_avail_ma_3125,1,True,0,0,0,188,0,0,0,0,,0,0,0,0,0,0,0,0,0,0
all_features,lgbm,perm_p1_mse,column,sumabsret_vwstock_avail_ma_1,sumabsret_vwstock_avail_ma_1,1,True,0,0,0,188,0,0,0,0,,0,0,0,0,0,0,0,0,0,0
all_features,lgbm,perm_p1_mse,column,sumabsret_vwstock_avail_ma_5,sumabsret_vwstock_avail_ma_5,1,True,0,0,0,188,0,0,0,0,,0,0,0,0,0,0,0,0,0,0
all_features,lgbm,perm_p1_mse,column,sumabsret_vwstock_avail_ma_25,sumabsret_vwstock_avail_ma_25,1,True,0,0,0,188,0,0,0,0,,0,0,0,0,0,0,0,0,0,0
all_features,lgbm,perm_p1_mse,column,sumabsret_vwstock_avail_ma_125,sumabsret_vwstock_avail_ma_125,1,True,0,0,0,188,0,0,0,0,,0,0,0,0,0,0,0,0,0,0
all_features,lgbm,perm_p1_mse,column,sumabsret_vwstock_avail_ma_625,sumabsret_vwstock_avail_ma_625,1,True,0,0,0,188,0,0,0,0,,0,0,0,0,0,0,0,0,0,0
all_features,lgbm,perm_p1_mse,column,sumabsret_vwstock_avail_ma_3125,sumabsret_vwstock_avail_ma_3125,1,True,0,0,0,188,0,0,0,0,,0,0,0,0,0,0,0,0,0,0
all_features,lgbm,perm_p1_mse,column,sumbipow_vwstock_avail_ma_1,sumbipow_vwstock_avail_ma_1,1,True,0,0,0,188,0,0,0,0,,0,0,0,0,0,0,0,0,0,0
all_features,lgbm,perm_p1_mse,column,sumbipow_vwstock_avail_ma_5,sumbipow_vwstock_avail_ma_5,1,True,0,0,0,188,0,0,0,0,,0,0,0,0,0,0,0,0,0,0
all_features,lgbm,perm_p1_mse,column,sumbipow_vwstock_avail_ma_25,sumbipow_vwstock_avail_ma_25,1,True,0,0,0,188,0,0,0,0,,0,0,0,0,0,0,0,0,0,0
all_features,lgbm,perm_p1_mse,column,sumbipow_vwstock_avail_ma_125,sumbipow_vwstock_avail_ma_125,1,True,0,0,0,188,0,0,0,0,,0,0,0,0,0,0,0,0,0,0
all_features,lgbm,perm_p1_mse,column,sumbipow_vwstock_avail_ma_625,sumbipow_vwstock_avail_ma_625,1,True,0,0,0,188,0,0,0,0,,0,0,0,0,0,0,0,0,0,0
all_features,lgbm,perm_p1_mse,column,sumbipow_vwstock_avail_ma_3125,sumbipow_vwstock_avail_ma_3125,1,True,0,0,0,188,0,0,0,0,,0,0,0,0,0,0,0,0,0,0
all_features,lgbm,perm_p1_mse,column,sumpret2_vwstock_avail_ma_1,sumpret2_vwstock_avail_ma_1,1,True,0,0,0,188,0,0,0,0,,0,0,0,0,0,0,0,0,0,0
all_features,lgbm,perm_p1_mse,column,sumpret2_vwstock_avail_ma_5,sumpret2_vwstock_avail_ma_5,1,True,0,0,0,188,0,0,0,0,,0,0,0,0,0,0,0,0,0,0
all_features,lgbm,perm_p1_mse,column,sumpret2_vwstock_avail_ma_25,sumpret2_vwstock_avail_ma_25,1,True,0,0,0,188,0,0,0,0,,0,0,0,0,0,0,0,0,0,0
all_features,lgbm,perm_p1_mse,column,sumpret2_vwstock_avail_ma_125,sumpret2_vwstock_avail_ma_125,1,True,0,0,0,188,0,0,0,0,,0,0,0,0,0,0,0,0,0,0
all_features,lgbm,perm_p1_mse,column,sumpret2_vwstock_avail_ma_625,sumpret2_vwstock_avail_ma_625,1,True,0,0,0,188,0,0,0,0,,0,0,0,0,0,0,0,0,0,0
all_features,lgbm,perm_p1_mse,column,sumpret2_vwstock_avail_ma_3125,sumpret2_vwstock_avail_ma_3125,1,True,0,0,0,188,0,0,0,0,,0,0,0,0,0,0,0,0,0,0
all_features,lgbm,perm_p1_mse,column,turnover_vwstock_avail_ma_1,turnover_vwstock_avail_ma_1,1,True,0,0,0,188,0,0,0,0,,0,0,0,0,0,0,0,0,0,0
all_features,lgbm,perm_p1_mse,column,turnover_vwstock_avail_ma_5,turnover_vwstock_avail_ma_5,1,True,0,0,0,188,0,0,0,0,,0,0,0,0,0,0,0,0,0,0
all_features,lgbm,perm_p1_mse,column,turnover_vwstock_avail_ma_25,turnover_vwstock_avail_ma_25,1,True,0,0,0,188,0,0,0,0,,0,0,0,0,0,0,0,0,0,0
all_features,lgbm,perm_p1_mse,column,turnover_vwstock_avail_ma_125,turnover_vwstock_avail_ma_125,1,True,0,0,0,188,0,0,0,0,,0,0,0,0,0,0,0,0,0,0
all_features,lgbm,perm_p1_mse,column,turnover_vwstock_avail_ma_625,turnover_vwstock_avail_ma_625,1,True,0,0,0,188,0,0,0,0,,0,0,0,0,0,0,0,0,0,0
all_features,lgbm,perm_p1_mse,column,turnover_vwstock_avail_ma_3125,turnover_vwstock_avail_ma_3125,1,True,0,0,0,188,0,0,0,0,,0,0,0,0,0,0,0,0,0,0
all_features,lgbm,perm_p1_mse,column,buyturnover_vwstock_avail_ma_1,buyturnover_vwstock_avail_ma_1,1,True,0,0,0,188,0,0,0,0,,0,0,0,0,0,0,0,0,0,0
all_features,lgbm,perm_p1_mse,column,buyturnover_vwstock_avail_ma_5,buyturnover_vwstock_avail_ma_5,1,True,0,0,0,188,0,0,0,0,,0,0,0,0,0,0,0,0,0,0
all_features,lgbm,perm_p1_mse,column,buyturnover_vwstock_avail_ma_25,buyturnover_vwstock_avail_ma_25,1,True,0,0,0,188,0,0,0,0,,0,0,0,0,0,0,0,0,0,0
all_features,lgbm,perm_p1_mse,column,buyturnover_vwstock_avail_ma_125,buyturnover_vwstock_avail_ma_125,1,True,0,0,0,188,0,0,0,0,,0,0,0,0,0,0,0,0,0,0
all_features,lgbm,perm_p1_mse,column,buyturnover_vwstock_avail_ma_625,buyturnover_vwstock_avail_ma_625,1,True,0,0,0,188,0,0,0,0,,0,0,0,0,0,0,0,0,0,0
all_features,lgbm,perm_p1_mse,column,buyturnover_vwstock_avail_ma_3125,buyturnover_vwstock_avail_ma_3125,1,True,0,0,0,188,0,0,0,0,,0,0,0,0,0,0,0,0,0,0
all_features,lgbm,perm_p1_mse,column,sellturnover_vwstock_avail_ma_1,sellturnover_vwstock_avail_ma_1,1,True,0,0,0,188,0,0,0,0,,0,0,0,0,0,0,0,0,0,0
all_features,lgbm,perm_p1_mse,column,sellturnover_vwstock_avail_ma_5,sellturnover_vwstock_avail_ma_5,1,True,0,0,0,188,0,0,0,0,,0,0,0,0,0,0,0,0,0,0
all_features,lgbm,perm_p1_mse,column,sellturnover_vwstock_avail_ma_25,sellturnover_vwstock_avail_ma_25,1,True,0,0,0,188,0,0,0,0,,0,0,0,0,0,0,0,0,0,0
all_features,lgbm,perm_p1_mse,column,sellturnover_vwstock_avail_ma_125,sellturnover_vwstock_avail_ma_125,1,True,0,0,0,188,0,0,0,0,,0,0,0,0,0,0,0,0,0,0
all_features,lgbm,perm_p1_mse,column,sellturnover_vwstock_avail_ma_625,sellturnover_vwstock_avail_ma_625,1,True,0,0,0,188,0,0,0,0,,0,0,0,0,0,0,0,0,0,0
all_features,lgbm,perm_p1_mse,column,sellturnover_vwstock_avail_ma_3125,sellturnover_vwstock_avail_ma_3125,1,True,0,0,0,188,0,0,0,0,,0,0,0,0,0,0,0,0,0,0
all_features,lgbm,perm_p1_mse,column,effspread_vwstock_avail_ma_1,effspread_vwstock_avail_ma_1,1,True,0,0,0,188,0,0,0,0,,0,0,0,0,0,0,0,0,0,0
all_features,lgbm,perm_p1_mse,column,effspread_vwstock_avail_ma_5,effspread_vwstock_avail_ma_5,1,True,0,0,0,188,0,0,0,0,,0,0,0,0,0,0,0,0,0,0
all_features,lgbm,perm_p1_mse,column,effspread_vwstock_avail_ma_25,effspread_vwstock_avail_ma_25,1,True,0,0,0,188,0,0,0,0,,0,0,0,0,0,0,0,0,0,0
all_features,lgbm,perm_p1_mse,column,effspread_vwstock_avail_ma_125,effspread_vwstock_avail_ma_125,1,True,0,0,0,188,0,0,0,0,,0,0,0,0,0,0,0,0,0,0
all_features,lgbm,perm_p1_mse,column,effspread_vwstock_avail_ma_625,effspread_vwstock_avail_ma_625,1,True,0,0,0,188,0,0,0,0,,0,0,0,0,0,0,0,0,0,0
all_features,lgbm,perm_p1_mse,column,effspread_vwstock_avail_ma_3125,effspread_vwstock_avail_ma_3125,1,True,0,0,0,188,0,0,0,0,,0,0,0,0,0,0,0,0,0,0
all_features,lgbm,perm_p1_mse,column,spread_vwstock_avail_ma_1,spread_vwstock_avail_ma_1,1,True,0,0,0,188,0,0,0,0,,0,0,0,0,0,0,0,0,0,0
all_features,lgbm,perm_p1_mse,column,spread_vwstock_avail_ma_5,spread_vwstock_avail_ma_5,1,True,0,0,0,188,0,0,0,0,,0,0,0,0,0,0,0,0,0,0
all_features,lgbm,perm_p1_mse,column,spread_vwstock_avail_ma_25,spread_vwstock_avail_ma_25,1,True,0,0,0,188,0,0,0,0,,0,0,0,0,0,0,0,0,0,0
all_features,lgbm,perm_p1_mse,column,spread_vwstock_avail_ma_125,spread_vwstock_avail_ma_125,1,True,0,0,0,188,0,0,0,0,,0,0,0,0,0,0,0,0,0,0
all_features,lgbm,perm_p1_mse,column,spread_vwstock_avail_ma_625,spread_vwstock_avail_ma_625,1,True,0,0,0,188,0,0,0,0,,0,0,0,0,0,0,0,0,0,0
all_features,lgbm,perm_p1_mse,column,spread_vwstock_avail_ma_3125,spread_vwstock_avail_ma_3125,1,True,7.08532e-20,0,1.88813e-19,182,0,1.13613e-16,0.0136054,0,0.666667,0,2.66881e-19,1.38778e-19,0,0,0,0,1.23909e-19,1.83084e-19,0
all_features,lgbm,perm_p1_mse,column,stocktwits_attention_avail_ma_1,stocktwits_attention_avail_ma_1,1,True,0,0,0,188,0,0,0,0,,0,0,0,0,0,0,0,0,0,0
all_features,lgbm,perm_p1_mse,column,stocktwits_attention_avail_ma_5,stocktwits_attention_avail_ma_5,1,True,0,0,0,188,0,0,0,0,,0,0,0,0,0,0,0,0,0,0
all_features,lgbm,perm_p1_mse,column,stocktwits_attention_avail_ma_25,stocktwits_attention_avail_ma_25,1,True,0,0,0,188,0,0,0,0,,0,0,0,0,0,0,0,0,0,0
all_features,lgbm,perm_p1_mse,column,stocktwits_attention_avail_ma_125,stocktwits_attention_avail_ma_125,1,True,-7.08532e-20,-2.59618e-19,2.36338e-20,366,0,-1.13613e-16,0.00680272,0,,0,-4.00321e-19,0,0,0,0,0,-2.47818e-19,9.15421e-20,-8.56654e-20
all_features,lgbm,perm_p1_mse,column,stocktwits_attention_avail_ma_625,stocktwits_attention_avail_ma_625,1,True,-4.11179e-07,-1.23438e-06,6.87347e-19,390,0,-0.000659327,0.136054,0,,0,-9.34082e-19,2.77556e-19,-4.16334e-19,-2.41609e-06,-1.52656e-18,-1.75668e-19,-1.98254e-18,5.49253e-20,-7.45707e-07
all_features,lgbm,perm_p1_mse,column,stocktwits_attention_avail_ma_3125,stocktwits_attention_avail_ma_3125,1,True,-4.13311e-19,-1.47613e-18,7.08532e-19,380,0,-6.62744e-16,0.129252,0,,0,-9.34082e-19,2.77556e-19,-4.16334e-19,1.31839e-18,-2.08167e-18,-1.75668e-18,-1.98254e-18,-6.40795e-19,2.3558e-19
all_features,lgbm,perm_p1_mse,column,stocktwits_sentiment_avail_ma_1,stocktwits_sentiment_avail_ma_1,1,True,0,0,0,188,0,0,0,0,,0,0,0,0,0,0,0,0,0,0
all_features,lgbm,perm_p1_mse,column,stocktwits_sentiment_avail_ma_5,stocktwits_sentiment_avail_ma_5,1,True,-1.41706e-19,-5.42839e-19,1.18008e-19,373,0,-2.27227e-16,0.0204082,0,,0,-9.34082e-19,1.38778e-19,0,0,0,0,-1.23909e-19,-4.57711e-19,0
all_features,lgbm,perm_p1_mse,column,stocktwits_sentiment_avail_ma_25,stocktwits_sentiment_avail_ma_25,1,True,-4.01502e-19,-9.93177e-19,9.44067e-20,379,0,-6.43809e-16,0.047619,0,,0,-9.34082e-19,-8.32667e-19,-5.55112e-19,0,0,0,-1.23909e-19,-2.74626e-19,-5.56825e-19
all_features,lgbm,perm_p1_mse,column,stocktwits_sentiment_avail_ma_125,stocktwits_sentiment_avail_ma_125,1,True,0,-5.43217e-19,5.6644e-19,188,0,0,0.0544218,0,,0,-9.34082e-19,1.38778e-18,-4.16334e-19,0,0,0,-1.23909e-19,-4.57711e-19,2.56996e-19
all_features,lgbm,perm_p1_mse,column,stocktwits_sentiment_avail_ma_625,stocktwits_sentiment_avail_ma_625,1,True,-3.42457e-19,-1.32169e-18,7.31665e-19,378,0,-5.49131e-16,0.115646,0,,0,1.3344e-19,-6.93889e-19,-4.16334e-19,1.59595e-18,-2.08167e-18,-1.75668e-18,-1.98254e-18,2.74626e-19,-6.4249e-20
all_features,lgbm,perm_p1_mse,column,stocktwits_sentiment_avail_ma_3125,stocktwits_sentiment_avail_ma_3125,1,True,4.72355e-20,-8.74452e-19,1.01489e-18,183,0,7.57422e-17,0.122449,0,8,0,-9.34082e-19,5.55112e-19,-4.16334e-19,1.94289e-18,-2.77556e-19,-1.75668e-18,-1.11518e-18,-9.15421e-20,5.13992e-19
all_features,lgbm,perm_p1_mse,column,stocktwits_sentcount_avail_ma_1,stocktwits_sentcount_avail_ma_1,1,True,0,0,0,188,0,0,0,0,,0,0,0,0,0,0,0,0,0,0
all_features,lgbm,perm_p1_mse,column,stocktwits_sentcount_avail_ma_5,stocktwits_sentcount_avail_ma_5,1,True,-4.72355e-20,-1.41803e-19,0,363,0,-7.57422e-17,0,0,,0,-2.66881e-19,0,0,0,0,0,-2.47818e-19,0,0
all_features,lgbm,perm_p1_mse,column,stocktwits_sentcount_avail_ma_25,stocktwits_sentcount_avail_ma_25,1,True,-2.36177e-19,-6.8446e-19,7.08532e-20,377,0,-3.78711e-16,0.0204082,0,,0,-1.20096e-18,-1.38778e-19,0,0,0,0,-2.47818e-19,-4.57711e-19,-1.28498e-19
all_features,lgbm,perm_p1_mse,column,stocktwits_sentcount_avail_ma_125,stocktwits_sentcount_avail_ma_125,1,True,-1.18089e-19,-3.7897e-19,9.45998e-20,368,0,-1.89356e-16,0.0272109,0,,0,-1.3344e-19,1.38778e-19,-6.93889e-19,0,0,0,1.23909e-19,9.15421e-20,-2.99829e-19
all_features,lgbm,perm_p1_mse,column,stocktwits_sentcount_avail_ma_625,stocktwits_sentcount_avail_ma_625,1,True,-1.27536e-19,-1.19059e-18,1.03863e-18,371,0,-2.04504e-16,0.115646,0,,0,-9.34082e-19,4.16334e-19,1.38778e-19,1.249e-18,-1.52656e-18,-1.75668e-19,-1.85863e-18,5.49253e-20,3.85494e-19
all_features,lgbm,perm_p1_mse,column,stocktwits_sentcount_avail_ma_3125,stocktwits_sentcount_avail_ma_3125,1,True,1.29898e-19,-6.01853e-19,1.11005e-18,180,0,2.08291e-16,0.047619,0,2.90909,0,-1.06752e-18,0,2.77556e-19,2.15106e-18,0,-1.75668e-18,-6.19544e-19,-5.49253e-19,7.06739e-19
all_features,lgbm,perm_p1_mse,column,vix_avail_ma_1,vix_avail_ma_1,1,True,4.72355e-20,0,1.419e-19,183,0,7.57422e-17,0.00680272,0,1,0,0,0,0,0,0,8.78341e-19,0,1.83084e-19,0
all_features,lgbm,perm_p1_mse,column,vix_avail_ma_5,vix_avail_ma_5,1,True,0,0,0,188,0,0,0,0,,0,0,0,0,0,0,0,0,0,0
all_features,lgbm,perm_p1_mse,column,vix_avail_ma_25,vix_avail_ma_25,1,True,-3.44003e-07,-1.03271e-06,6.99085e-19,388,0,-0.000551609,0.0612245,0,,0,2.66881e-19,1.249e-18,8.32667e-19,-2.02136e-06,-5.55112e-19,1.58101e-18,-4.95635e-19,8.78805e-19,-6.23877e-07
all_features,lgbm,perm_p1_mse,column,vix_avail_ma_125,vix_avail_ma_125,1,True,7.37289e-07,-4.65524e-07,2.58768e-06,155,0,0.00118224,0.0952381,0,0.878327,0,-6.67201e-19,-1.36771e-06,2.77556e-19,8.32667e-19,3.80518e-06,5.99631e-06,1.69182e-06,1.60783e-06,5.56825e-19
all_features,lgbm,perm_p1_mse,column,vix_avail_ma_625,vix_avail_ma_625,1,True,4.55612e-06,-3.23987e-06,1.41726e-05,120,0,0.00730574,0.238095,0,0.689058,-1.0398e-05,5.33248e-06,-3.83545e-06,8.45574e-07,2.83585e-05,2.27466e-06,-3.19736e-06,-6.8278e-07,5.56549e-06,5.89481e-06
all_features,lgbm,perm_p1_mse,column,vix_avail_ma_3125,vix_avail_ma_3125,1,True,7.7076e-06,-4.0946e-06,2.35765e-05,104,0,0.0123592,0.258503,0,0.845044,-9.2583e-06,6.89206e-06,3.82719e-05,-8.9393e-07,2.39812e-06,5.19765e-06,-6.44721e-06,6.1462e-06,-2.15658e-07,1.19546e-05
all_features,lgbm,perm_p1_mse,column,vvix_avail_ma_1,vvix_avail_ma_1,1,True,3.49524e-07,-5.43208e-19,1.04929e-06,164,0,0.000560462,0.047619,0,1,0,-1.06752e-18,2.0538e-06,0,2.77556e-19,0,0,1.23909e-19,1.35475e-06,0
all_features,lgbm,perm_p1_mse,column,vvix_avail_ma_5,vvix_avail_ma_5,1,True,-2.36177e-20,-2.36017e-19,1.89071e-19,360,0,-3.78711e-17,0.00680272,0,,0,0,0,2.77556e-19,-4.16334e-19,0,0,0,1.83084e-19,-1.28498e-19
all_features,lgbm,perm_p1_mse,column,vvix_avail_ma_25,vvix_avail_ma_25,1,True,2.73945e-07,-3.78141e-19,8.22395e-07,166,0,0.000439271,0.0272109,0,1,0,-5.33761e-19,1.6097e-06,-5.55112e-19,-1.38778e-19,0,0,-2.47818e-19,1.06181e-06,-2.14163e-19
all_features,lgbm,perm_p1_mse,column,vvix_avail_ma_125,vvix_avail_ma_125,1,True,-1.70306e-06,-4.19929e-06,-3.46491e-09,412,0,-0.00273086,0.0272109,0,,0,-8.65363e-06,-3.25092e-08,-9.74909e-07,0,0,-1.75668e-18,-4.95635e-19,-3.75634e-06,-1.33104e-06
all_features,lgbm,perm_p1_mse,column,vvix_avail_ma_625,vvix_avail_ma_625,1,True,3.50205e-06,-5.88768e-06,1.52863e-05,128,0,0.00561555,0.197279,0,1.2819,7.89166e-06,6.42337e-06,1.1156e-05,1.51817e-06,-5.03067e-06,2.1506e-06,7.02673e-19,2.43798e-06,5.36883e-06,2.99641e-06
all_features,lgbm,perm_p1_mse,column,vvix_avail_ma_3125,vvix_avail_ma_3125,1,True,-7.86314e-07,-9.03609e-06,6.88162e-06,402,0,-0.00126086,0.183673,0,,-2.70028e-05,-1.39977e-07,9.70733e-06,-9.74119e-07,7.80054e-07,2.13853e-06,-6.59851e-06,3.91751e-06,6.06142e-06,-5.61639e-06
all_features,lgbm,perm_p1_mse,column,vix3m_avail_ma_1,vix3m_avail_ma_1,1,True,4.72355e-20,0,1.419e-19,183,0,7.57422e-17,0.00680272,0,1,0,0,0,0,0,0,8.78341e-19,0,1.83084e-19,0
all_features,lgbm,perm_p1_mse,column,vix3m_avail_ma_5,vix3m_avail_ma_5,1,True,4.72355e-20,0,1.419e-19,183,0,7.57422e-17,0.00680272,0,1,0,0,0,0,0,0,8.78341e-19,0,1.83084e-19,0
all_features,lgbm,perm_p1_mse,column,vix3m_avail_ma_25,vix3m_avail_ma_25,1,True,0,-4.72999e-20,4.72677e-20,188,0,0,0.00680272,0,,0,0,0,0,0,0,0,0,0,0
all_features,lgbm,perm_p1_mse,column,vix3m_avail_ma_125,vix3m_avail_ma_125,1,True,-1.24034e-06,-2.87756e-06,7.88057e-08,409,0,-0.00198889,0.0204082,0,,0,1.13069e-08,-8.23251e-07,-3.7542e-06,-2.31446e-06,-4.08101e-07,0,-2.47818e-19,3.44513e-07,-2.41066e-06
all_features,lgbm,perm_p1_mse,column,vix3m_avail_ma_625,vix3m_avail_ma_625,1,True,-7.55586e-07,-9.96666e-06,1.10367e-05,401,0,-0.00121158,0.142857,0,,2.46121e-05,2.86705e-07,-7.85861e-06,-1.29938e-06,3.37383e-07,-8.71568e-06,7.02673e-19,-7.04899e-06,-1.09644e-05,6.19661e-06
all_features,lgbm,perm_p1_mse,column,vix3m_avail_ma_3125,vix3m_avail_ma_3125,1,True,-2.46767e-06,-7.32729e-06,1.36235e-06,422,0,-0.00395692,0.176871,0,,0,1.92206e-06,1.0994e-06,-1.23427e-06,-1.31456e-05,-1.87388e-06,-4.25504e-06,-5.19015e-06,2.72406e-06,-3.95579e-06
all_features,lgbm,perm_p1_mse,column,voldemand_spx_open_and_close_avail_ma_1,voldemand_spx_open_and_close_avail_ma_1,1,True,2.36177e-20,-7.0805e-20,1.41803e-19,187,0,3.78711e-17,0.00680272,0,2,0,0,0,0,0,-1.38778e-19,8.78341e-19,-1.23909e-19,1.83084e-19,0
all_features,lgbm,perm_p1_mse,column,voldemand_spx_open_and_close_avail_ma_5,voldemand_spx_open_and_close_avail_ma_5,1,True,0,0,0,188,0,0,0,0,,0,0,0,0,0,0,0,0,0,0
all_features,lgbm,perm_p1_mse,column,voldemand_spx_open_and_close_avail_ma_25,voldemand_spx_open_and_close_avail_ma_25,1,True,-2.36177e-20,-7.09498e-20,0,360,0,-3.78711e-17,0,0,,0,0,0,0,0,-1.38778e-19,0,-1.23909e-19,0,0
all_features,lgbm,perm_p1_mse,column,voldemand_spx_open_and_close_avail_ma_125,voldemand_spx_open_and_close_avail_ma_125,1,True,-1.27536e-19,-4.91584e-19,1.22896e-19,371,0,-2.04504e-16,0.00680272,0,,0,0,0,0,0,-9.71445e-19,7.02673e-19,-8.67362e-19,1.46467e-19,0
all_features,lgbm,perm_p1_mse,column,voldemand_spx_open_and_close_avail_ma_625,voldemand_spx_open_and_close_avail_ma_625,1,True,-9.34943e-06,-1.91434e-05,-1.96263e-06,465,0,-0.0149918,0.170068,0,,-9.36965e-06,-7.58787e-06,-3.15799e-05,-5.44977e-06,-4.19925e-08,-5.10201e-06,7.02673e-19,-2.56074e-06,-1.71943e-06,-1.52662e-05
all_features,lgbm,perm_p1_mse,column,voldemand_spx_open_and_close_avail_ma_3125,voldemand_spx_open_and_close_avail_ma_3125,1,True,-3.57345e-06,-1.43173e-05,6.94858e-06,430,0,-0.00573003,0.217687,0,,5.4758e-06,-7.20912e-06,-1.24401e-05,-2.94118e-06,1.7656e-05,-1.86222e-05,-1.75668e-19,-5.29076e-06,-1.79341e-05,3.73957e-06
all_features,lgbm,perm_p1_mse,column,voldemand_spx_open_only_avail_ma_1,voldemand_spx_open_only_avail_ma_1,1,True,0,0,0,188,0,0,0,0,,0,0,0,0,0,0,0,0,0,0
all_features,lgbm,perm_p1_mse,column,voldemand_spx_open_only_avail_ma_5,voldemand_spx_open_only_avail_ma_5,1,True,0,0,0,188,0,0,0,0,,0,0,0,0,0,0,0,0,0,0
all_features,lgbm,perm_p1_mse,column,voldemand_spx_open_only_avail_ma_25,voldemand_spx_open_only_avail_ma_25,1,True,0,0,0,188,0,0,0,0,,0,0,0,0,0,0,0,0,0,0
all_features,lgbm,perm_p1_mse,column,voldemand_spx_open_only_avail_ma_125,voldemand_spx_open_only_avail_ma_125,1,True,-4.72355e-20,-1.41803e-19,0,363,0,-7.57422e-17,0,0,,0,0,0,0,0,-2.77556e-19,0,-2.47818e-19,0,0
all_features,lgbm,perm_p1_mse,column,voldemand_spx_open_only_avail_ma_625,voldemand_spx_open_only_avail_ma_625,1,True,5.08638e-07,-7.3277e-07,2.1291e-06,160,0,0.000815603,0.0680272,0,1.11403,0,2.87297e-06,-1.38778e-19,8.68083e-10,-4.85723e-19,-5.55112e-19,-8.78341e-19,2.97283e-06,-1.49934e-06,5.96356e-07
all_features,lgbm,perm_p1_mse,column,voldemand_spx_open_only_avail_ma_3125,voldemand_spx_open_only_avail_ma_3125,1,True,3.53619e-06,-2.50834e-06,1.01589e-05,127,0,0.00567029,0.183673,0,0.555045,-6.48005e-06,4.79199e-07,-5.91479e-06,9.27882e-06,2.01469e-05,1.38964e-07,-1.75668e-19,3.24811e-06,6.94087e-06,2.04272e-06
all_features,lgbm,perm_p1_mse,column,voldemand_all_open_and_close_avail_ma_1,voldemand_all_open_and_close_avail_ma_1,1,True,0,0,0,188,0,0,0,0,,0,0,0,0,0,0,0,0,0,0
all_features,lgbm,perm_p1_mse,column,voldemand_all_open_and_close_avail_ma_5,voldemand_all_open_and_close_avail_ma_5,1,True,0,0,0,188,0,0,0,0,,0,0,0,0,0,0,0,0,0,0
all_features,lgbm,perm_p1_mse,column,voldemand_all_open_and_close_avail_ma_25,voldemand_all_open_and_close_avail_ma_25,1,True,0,0,0,188,0,0,0,0,,0,0,0,0,0,0,0,0,0,0
all_features,lgbm,perm_p1_mse,column,voldemand_all_open_and_close_avail_ma_125,voldemand_all_open_and_close_avail_ma_125,1,True,0,0,0,188,0,0,0,0,,0,0,0,0,0,0,0,0,0,0
all_features,lgbm,perm_p1_mse,column,voldemand_all_open_and_close_avail_ma_625,voldemand_all_open_and_close_avail_ma_625,1,True,-4.44978e-07,-1.33584e-06,2.1256e-19,392,0,-0.000713524,0.0408163,0,,0,0,-2.61469e-06,-2.77556e-19,-5.55112e-19,2.77556e-19,0,-1.23909e-19,3.66169e-19,-8.07004e-07
all_features,lgbm,perm_p1_mse,column,voldemand_all_open_and_close_avail_ma_3125,voldemand_all_open_and_close_avail_ma_3125,1,True,3.37524e-06,-1.27491e-06,9.16841e-06,129,0,0.0054122,0.129252,0,0.628371,0,-5.03092e-06,2.77556e-19,1.14709e-05,1.33457e-05,2.48444e-07,0,-4.67156e-06,6.36126e-06,4.75969e-06
all_features,lgbm,perm_p1_mse,column,voldemand_all_open_only_avail_ma_1,voldemand_all_open_only_avail_ma_1,1,True,0,0,0,188,0,0,0,0,,0,0,0,0,0,0,0,0,0,0
all_features,lgbm,perm_p1_mse,column,voldemand_all_open_only_avail_ma_5,voldemand_all_open_only_avail_ma_5,1,True,0,0,0,188,0,0,0,0,,0,0,0,0,0,0,0,0,0,0
all_features,lgbm,perm_p1_mse,column,voldemand_all_open_only_avail_ma_25,voldemand_all_open_only_avail_ma_25,1,True,0,0,0,188,0,0,0,0,,0,0,0,0,0,0,0,0,0,0
all_features,lgbm,perm_p1_mse,column,voldemand_all_open_only_avail_ma_125,voldemand_all_open_only_avail_ma_125,1,True,0,0,0,188,0,0,0,0,,0,0,0,0,0,0,0,0,0,0
all_features,lgbm,perm_p1_mse,column,voldemand_all_open_only_avail_ma_625,voldemand_all_open_only_avail_ma_625,1,True,-7.08532e-20,-2.83413e-19,7.08062e-20,366,0,-1.13613e-16,0.00680272,0,,0,0,1.38778e-19,0,-5.55112e-19,0,0,0,0,-1.28498e-19
all_features,lgbm,perm_p1_mse,column,voldemand_all_open_only_avail_ma_3125,voldemand_all_open_only_avail_ma_3125,1,True,-4.59626e-07,-1.10367e-06,-3.07025e-19,393,0,-0.000737011,0.0204082,0,,-1.70248e-06,0,0,1.38778e-19,-1.56976e-06,-2.45706e-07,-2.63502e-18,-1.00982e-06,-9.15421e-20,-4.84495e-07
all_features,lgbm,perm_p1_mse,column,ofi_ewstock_avail_ma_1,ofi_ewstock_avail_ma_1,1,True,0,0,0,188,0,0,0,0,,0,0,0,0,0,0,0,0,0,0
all_features,lgbm,perm_p1_mse,column,ofi_ewstock_avail_ma_5,ofi_ewstock_avail_ma_5,1,True,0,0,0,188,0,0,0,0,,0,0,0,0,0,0,0,0,0,0
all_features,lgbm,perm_p1_mse,column,ofi_ewstock_avail_ma_25,ofi_ewstock_avail_ma_25,1,True,-2.36177e-20,-1.18008e-19,2.36499e-20,360,0,-3.78711e-17,0.00680272,0,,0,-1.3344e-19,0,0,0,0,0,-2.47818e-19,9.15421e-20,0
all_features,lgbm,perm_p1_mse,column,ofi_ewstock_avail_ma_125,ofi_ewstock_avail_ma_125,1,True,0,0,0,188,0,0,0,0,,0,0,0,0,0,0,0,0,0,0
all_features,lgbm,perm_p1_mse,column,ofi_ewstock_avail_ma_625,ofi_ewstock_avail_ma_625,1,True,-1.08039e-07,-3.24338e-07,0,383,0,-0.000173241,0,0,,0,0,-6.34837e-07,0,0,0,0,0,0,-1.95937e-07
all_features,lgbm,perm_p1_mse,column,ofi_ewstock_avail_ma_3125,ofi_ewstock_avail_ma_3125,1,True,-1.65324e-19,-5.6644e-19,7.0805e-20,374,0,-2.65098e-16,0.00680272,0,,0,1.3344e-19,-1.11022e-18,0,0,0,0,0,9.15421e-20,-3.42661e-19
all_features,lgbm,perm_p1_mse,column,ofi_vwstock_avail_ma_1,ofi_vwstock_avail_ma_1,1,True,0,0,0,188,0,0,0,0,,0,0,0,0,0,0,0,0,0,0
all_features,lgbm,perm_p1_mse,column,ofi_vwstock_avail_ma_5,ofi_vwstock_avail_ma_5,1,True,0,0,0,188,0,0,0,0,,0,0,0,0,0,0,0,0,0,0
all_features,lgbm,perm_p1_mse,column,ofi_vwstock_avail_ma_25,ofi_vwstock_avail_ma_25,1,True,0,0,0,188,0,0,0,0,,0,0,0,0,0,0,0,0,0,0
all_features,lgbm,perm_p1_mse,column,ofi_vwstock_avail_ma_125,ofi_vwstock_avail_ma_125,1,True,0,0,0,188,0,0,0,0,,0,0,0,0,0,0,0,0,0,0
all_features,lgbm,perm_p1_mse,column,ofi_vwstock_avail_ma_625,ofi_vwstock_avail_ma_625,1,True,0,0,0,188,0,0,0,0,,0,0,0,0,0,0,0,0,0,0
all_features,lgbm,perm_p1_mse,column,ofi_vwstock_avail_ma_3125,ofi_vwstock_avail_ma_3125,1,True,7.64523e-08,0,2.29513e-07,177,0,0.000122591,0.00680272,0,1,8.63911e-07,0,0,0,0,0,0,0,0,1.38652e-07
all_features,lgbm,perm_p1_mse,column,fomc_release_avail_ma_1,fomc_release_avail_ma_1,1,True,0,0,0,188,0,0,0,0,,0,0,0,0,0,0,0,0,0,0
all_features,lgbm,perm_p1_mse,column,fomc_release_avail_ma_5,fomc_release_avail_ma_5,1,True,0,0,0,188,0,0,0,0,,0,0,0,0,0,0,0,0,0,0
all_features,lgbm,perm_p1_mse,column,fomc_release_avail_ma_25,fomc_release_avail_ma_25,1,True,0,0,0,188,0,0,0,0,,0,0,0,0,0,0,0,0,0,0
all_features,lgbm,perm_p1_mse,column,fomc_release_avail_ma_125,fomc_release_avail_ma_125,1,True,0,0,0,188,0,0,0,0,,0,0,0,0,0,0,0,0,0,0
all_features,lgbm,perm_p1_mse,column,fomc_release_avail_ma_625,fomc_release_avail_ma_625,1,True,0,0,0,188,0,0,0,0,,0,0,0,0,0,0,0,0,0,0
all_features,lgbm,perm_p1_mse,column,fomc_release_avail_ma_3125,fomc_release_avail_ma_3125,1,True,0,0,0,188,0,0,0,0,,0,0,0,0,0,0,0,0,0,0
all_features,lgbm,perm_p1_mse,column,fomc_day_avail_ma_1,fomc_day_avail_ma_1,1,True,0,0,0,188,0,0,0,0,,0,0,0,0,0,0,0,0,0,0
all_features,lgbm,perm_p1_mse,column,fomc_day_avail_ma_5,fomc_day_avail_ma_5,1,True,0,0,0,188,0,0,0,0,,0,0,0,0,0,0,0,0,0,0
all_features,lgbm,perm_p1_mse,column,fomc_day_avail_ma_25,fomc_day_avail_ma_25,1,True,0,0,0,188,0,0,0,0,,0,0,0,0,0,0,0,0,0,0
all_features,lgbm,perm_p1_mse,column,fomc_day_avail_ma_125,fomc_day_avail_ma_125,1,True,0,0,0,188,0,0,0,0,,0,0,0,0,0,0,0,0,0,0
all_features,lgbm,perm_p1_mse,column,fomc_day_avail_ma_625,fomc_day_avail_ma_625,1,True,0,0,0,188,0,0,0,0,,0,0,0,0,0,0,0,0,0,0
all_features,lgbm,perm_p1_mse,column,fomc_day_avail_ma_3125,fomc_day_avail_ma_3125,1,True,0,0,0,188,0,0,0,0,,0,0,0,0,0,0,0,0,0,0
all_features,lgbm,perm_p1_mse,column,fomc_until_inv_avail_ma_1,fomc_until_inv_avail_ma_1,1,True,0,0,0,188,0,0,0,0,,0,0,0,0,0,0,0,0,0,0
all_features,lgbm,perm_p1_mse,column,fomc_until_inv_avail_ma_5,fomc_until_inv_avail_ma_5,1,True,0,0,0,188,0,0,0,0,,0,0,0,0,0,0,0,0,0,0
all_features,lgbm,perm_p1_mse,column,fomc_until_inv_avail_ma_25,fomc_until_inv_avail_ma_25,1,True,0,0,0,188,0,0,0,0,,0,0,0,0,0,0,0,0,0,0
all_features,lgbm,perm_p1_mse,column,fomc_until_inv_avail_ma_125,fomc_until_inv_avail_ma_125,1,True,0,0,0,188,0,0,0,0,,0,0,0,0,0,0,0,0,0,0
all_features,lgbm,perm_p1_mse,column,fomc_until_inv_avail_ma_625,fomc_until_inv_avail_ma_625,1,True,0,0,0,188,0,0,0,0,,0,0,0,0,0,0,0,0,0,0
all_features,lgbm,perm_p1_mse,column,fomc_until_inv_avail_ma_3125,fomc_until_inv_avail_ma_3125,1,True,0,0,0,188,0,0,0,0,,0,0,0,0,0,0,0,0,0,0
all_features,lgbm,perm_p1_mse,column,fomc_since_inv_avail_ma_1,fomc_since_inv_avail_ma_1,1,True,0,0,0,188,0,0,0,0,,0,0,0,0,0,0,0,0,0,0
all_features,lgbm,perm_p1_mse,column,fomc_since_inv_avail_ma_5,fomc_since_inv_avail_ma_5,1,True,0,0,0,188,0,0,0,0,,0,0,0,0,0,0,0,0,0,0
all_features,lgbm,perm_p1_mse,column,fomc_since_inv_avail_ma_25,fomc_since_inv_avail_ma_25,1,True,0,0,0,188,0,0,0,0,,0,0,0,0,0,0,0,0,0,0
all_features,lgbm,perm_p1_mse,column,fomc_since_inv_avail_ma_125,fomc_since_inv_avail_ma_125,1,True,0,0,0,188,0,0,0,0,,0,0,0,0,0,0,0,0,0,0
all_features,lgbm,perm_p1_mse,column,fomc_since_inv_avail_ma_625,fomc_since_inv_avail_ma_625,1,True,0,0,0,188,0,0,0,0,,0,0,0,0,0,0,0,0,0,0
all_features,lgbm,perm_p1_mse,column,fomc_since_inv_avail_ma_3125,fomc_since_inv_avail_ma_3125,1,True,0,0,0,188,0,0,0,0,,0,0,0,0,0,0,0,0,0,0
all_features,lgbm,perm_p1_mse,column,numobs_active_ma_1,numobs_active_ma_1,1,True,0,0,0,188,0,0,0,0,,0,0,0,0,0,0,0,0,0,0
all_features,lgbm,perm_p1_mse,column,numobs_active_ma_5,numobs_active_ma_5,1,True,0,0,0,188,0,0,0,0,,0,0,0,0,0,0,0,0,0,0
all_features,lgbm,perm_p1_mse,column,numobs_active_ma_25,numobs_active_ma_25,1,True,1.30305e-06,-6.8435e-07,3.34795e-06,145,0,0.00208944,0.136054,0,0.544065,9.45812e-06,2.10226e-06,5.52142e-07,2.77556e-19,-8.32667e-19,-5.55112e-19,0,-6.38085e-06,7.40937e-06,1.10206e-06
all_features,lgbm,perm_p1_mse,column,numobs_active_ma_125,numobs_active_ma_125,1,True,-7.40432e-06,-3.79398e-05,2.07041e-05,458,0,-0.0118728,0.394558,0,,-1.25138e-05,-7.39582e-05,1.9042e-05,-3.73244e-05,1.60429e-05,5.55611e-05,-4.24235e-05,-2.60024e-05,-2.21895e-06,-3.40161e-06
all_features,lgbm,perm_p1_mse,column,numobs_active_ma_625,numobs_active_ma_625,1,True,-1.94059e-06,-2.31606e-05,1.37582e-05,416,0,-0.00311175,0.29932,0,,-4.47383e-06,1.62864e-05,1.42749e-05,-3.77832e-07,-4.1654e-05,2.90962e-06,-3.69346e-06,1.04959e-05,9.13295e-06,-1.1421e-05
all_features,lgbm,perm_p1_mse,column,numobs_active_ma_3125,numobs_active_ma_3125,1,True,2.50962e-07,-3.92836e-06,4.35688e-06,168,0,0.000402417,0.210884,0,5.03596,6.11862e-07,-5.08406e-06,2.89205e-06,-3.53961e-06,1.38248e-06,-2.06909e-06,2.46142e-05,1.77205e-06,-6.17131e-07,1.31334e-07
all_features,lgbm,perm_p1_mse,column,voldemand_spx_open_and_close_active_ma_1,voldemand_spx_open_and_close_active_ma_1,1,True,0,0,0,188,0,0,0,0,,0,0,0,0,0,0,0,0,0,0
all_features,lgbm,perm_p1_mse,column,voldemand_spx_open_and_close_active_ma_5,voldemand_spx_open_and_close_active_ma_5,1,True,0,0,0,188,0,0,0,0,,0,0,0,0,0,0,0,0,0,0
all_features,lgbm,perm_p1_mse,column,voldemand_spx_open_and_close_active_ma_25,voldemand_spx_open_and_close_active_ma_25,1,True,3.04911e-06,-2.04886e-07,8.93266e-06,134,0,0.00488926,0.0340136,0,0.862303,0,2.95136e-06,1.38778e-19,0,-6.02366e-07,1.54495e-05,-8.78341e-19,1.65348e-05,-1.83084e-19,-1.85915e-07
all_features,lgbm,perm_p1_mse,column,voldemand_spx_open_and_close_active_ma_125,voldemand_spx_open_and_close_active_ma_125,1,True,-2.64409e-05,-8.68872e-05,3.22714e-05,517,0.00680272,-0.042398,0.312925,0,,-5.79216e-05,-3.55928e-05,-7.70863e-05,1.20557e-05,-1.59486e-05,-7.25161e-06,7.02673e-19,-1.15383e-05,-2.06083e-05,-3.43215e-05
all_features,lgbm,perm_p1_mse,column,voldemand_spx_open_and_close_active_ma_625,voldemand_spx_open_and_close_active_ma_625,1,True,1.73864e-06,-7.86638e-06,1.06968e-05,143,0,0.00278791,0.272109,0,0.659216,4.62294e-06,-2.39105e-05,7.20306e-06,8.79761e-06,1.80912e-05,-1.41258e-06,-1.75668e-19,1.02088e-05,-1.66761e-05,7.42695e-06
all_features,lgbm,perm_p1_mse,column,voldemand_spx_open_and_close_active_ma_3125,voldemand_spx_open_and_close_active_ma_3125,1,True,6.1498e-07,-4.10438e-06,5.16085e-06,156,0,0.000986122,0.210884,0,3.18563,-9.81703e-06,-4.23728e-07,5.74063e-06,3.63915e-06,1.59595e-18,-2.20617e-07,-1.75668e-19,-1.53787e-06,-3.66636e-06,3.36242e-06
all_features,lgbm,perm_p1_mse,column,voldemand_spx_open_only_active_ma_1,voldemand_spx_open_only_active_ma_1,1,True,0,0,0,188,0,0,0,0,,0,0,0,0,0,0,0,0,0,0
all_features,lgbm,perm_p1_mse,column,voldemand_spx_open_only_active_ma_5,voldemand_spx_open_only_active_ma_5,1,True,8.36176e-07,-5.19237e-19,2.51024e-06,152,0,0.00134081,0.0204082,0,1,0,4.7244e-06,-8.32667e-19,0,0,0,0,4.38694e-06,0,-2.99829e-19
all_features,lgbm,perm_p1_mse,column,voldemand_spx_open_only_active_ma_25,voldemand_spx_open_only_active_ma_25,1,True,3.74251e-07,0,1.12352e-06,162,0,0.000600113,0.0204082,0,1,0,0,1.38778e-19,0,2.1991e-06,0,1.58101e-18,1.23909e-19,3.29552e-19,6.78735e-07
all_features,lgbm,perm_p1_mse,column,voldemand_spx_open_only_active_ma_125,voldemand_spx_open_only_active_ma_125,1,True,-5.16475e-06,-3.15956e-05,1.97684e-05,448,0,-0.00828169,0.251701,0,,0,-4.1963e-05,1.35647e-05,1.90479e-05,-6.13132e-06,-1.31878e-05,-8.78341e-19,5.69487e-06,-1.69117e-05,-3.42227e-06
all_features,lgbm,perm_p1_mse,column,voldemand_spx_open_only_active_ma_625,voldemand_spx_open_only_active_ma_625,1,True,-9.52958e-06,-4.14365e-05,1.55071e-05,470,0,-0.0152807,0.238095,0,,0,-5.89715e-05,3.28472e-05,-2.90457e-05,6.99355e-07,8.33657e-07,-1.75668e-19,-4.7652e-06,2.77161e-05,-2.86038e-05
all_features,lgbm,perm_p1_mse,column,voldemand_spx_open_only_active_ma_3125,voldemand_spx_open_only_active_ma_3125,1,True,-1.10418e-06,-4.40594e-06,2.26073e-06,408,0,-0.00177055,0.183673,0,,-7.29321e-06,-2.68408e-06,5.25565e-06,-8.41094e-06,3.25106e-06,-2.08167e-18,-1.75668e-19,-5.31465e-06,-6.17534e-07,1.23594e-07
all_features,lgbm,perm_p1_mse,column,voldemand_all_open_and_close_active_ma_1,voldemand_all_open_and_close_active_ma_1,1,True,0,0,0,188,0,0,0,0,,0,0,0,0,0,0,0,0,0,0
all_features,lgbm,perm_p1_mse,column,voldemand_all_open_and_close_active_ma_5,voldemand_all_open_and_close_active_ma_5,1,True,0,0,0,188,0,0,0,0,,0,0,0,0,0,0,0,0,0,0
all_features,lgbm,perm_p1_mse,column,voldemand_all_open_and_close_active_ma_25,voldemand_all_open_and_close_active_ma_25,1,True,9.77004e-08,0,2.93301e-07,176,0,0.000156663,0.00680272,0,1,0,0,0,0,0,5.74088e-07,0,0,3.78686e-07,0
all_features,lgbm,perm_p1_mse,column,voldemand_all_open_and_close_active_ma_125,voldemand_all_open_and_close_active_ma_125,1,True,2.45474e-05,-1.71675e-05,8.70326e-05,51,0,0.0393619,0.333333,0,0.49931,-1.18078e-07,-1.15079e-06,0.000155639,-1.41591e-05,-1.01907e-05,1.42097e-05,1.58101e-18,-6.91629e-06,3.72467e-05,2.94818e-05
all_features,lgbm,perm_p1_mse,column,voldemand_all_open_and_close_active_ma_625,voldemand_all_open_and_close_active_ma_625,1,True,-1.06136e-05,-3.936e-05,9.09431e-06,477,0,-0.0170189,0.258503,0,,-1.80742e-05,2.28854e-05,8.45143e-06,-5.94413e-05,-9.97932e-07,-2.47799e-05,-1.75668e-19,-5.83727e-06,-2.32191e-06,-1.61444e-05
all_features,lgbm,perm_p1_mse,column,voldemand_all_open_and_close_active_ma_3125,voldemand_all_open_and_close_active_ma_3125,1,True,1.61838e-08,-1.12875e-05,1.27507e-05,178,0,2.59508e-05,0.197279,0,173.319,-2.83019e-06,2.58628e-05,1.41128e-06,-2.67418e-05,1.59595e-18,-2.08167e-18,-1.75668e-19,-3.19187e-06,1.50837e-05,-5.92498e-06
all_features,lgbm,perm_p1_mse,column,voldemand_all_open_only_active_ma_1,voldemand_all_open_only_active_ma_1,1,True,0,0,0,188,0,0,0,0,,0,0,0,0,0,0,0,0,0,0
all_features,lgbm,perm_p1_mse,column,voldemand_all_open_only_active_ma_5,voldemand_all_open_only_active_ma_5,1,True,0,0,0,188,0,0,0,0,,0,0,0,0,0,0,0,0,0,0
all_features,lgbm,perm_p1_mse,column,voldemand_all_open_only_active_ma_25,voldemand_all_open_only_active_ma_25,1,True,-1.18089e-19,-3.77627e-19,0,368,0,-1.89356e-16,0,0,,0,0,0,0,0,-6.93889e-19,0,-6.19544e-19,0,0
all_features,lgbm,perm_p1_mse,column,voldemand_all_open_only_active_ma_125,voldemand_all_open_only_active_ma_125,1,True,8.47289e-06,-8.90456e-06,2.72865e-05,98,0,0.0135863,0.197279,0,1.16627,0,2.66881e-19,4.70555e-05,-2.30576e-06,5.44443e-07,4.49251e-06,-8.78341e-19,-8.05205e-08,-1.07139e-05,2.04072e-05
all_features,lgbm,perm_p1_mse,column,voldemand_all_open_only_active_ma_625,voldemand_all_open_only_active_ma_625,1,True,-2.84012e-05,-9.43003e-05,7.785e-06,522,0,-0.0455414,0.278912,0,,2.96271e-06,8.81027e-07,4.91689e-06,-0.000175944,3.50003e-06,-1.81587e-06,-1.75668e-19,5.99071e-06,3.33653e-06,-5.51399e-05
all_features,lgbm,perm_p1_mse,column,voldemand_all_open_only_active_ma_3125,voldemand_all_open_only_active_ma_3125,1,True,1.26297e-06,-6.7061e-06,1.31382e-05,146,0,0.00202518,0.136054,0,3.70143,-1.92068e-05,1.8763e-07,-4.73699e-07,1.76873e-05,1.45717e-18,-2.08167e-18,-1.75668e-19,-2.2985e-06,-3.74213e-06,4.836e-06
all_features,lgbm,perm_p1_mse,column,fomc_release_active_ma_1,fomc_release_active_ma_1,1,True,0,0,0,188,0,0,0,0,,0,0,0,0,0,0,0,0,0,0
all_features,lgbm,perm_p1_mse,column,fomc_release_active_ma_5,fomc_release_active_ma_5,1,True,0,-4.72999e-20,4.72677e-20,188,0,0,0.00680272,0,,0,0,0,0,0,0,0,0,0,0
all_features,lgbm,perm_p1_mse,column,fomc_release_active_ma_25,fomc_release_active_ma_25,1,True,0,0,0,188,0,0,0,0,,0,0,0,0,0,0,0,0,0,0
all_features,lgbm,perm_p1_mse,column,fomc_release_active_ma_125,fomc_release_active_ma_125,1,True,9.56325e-07,-2.2937e-07,2.99359e-06,149,0,0.00153347,0.0408163,0,0.865123,1.01694e-06,-4.21782e-07,-3.59091e-07,5.97852e-06,-9.02133e-08,-5.55112e-19,1.58101e-18,-4.95635e-19,2.91741e-06,3.69314e-07
all_features,lgbm,perm_p1_mse,column,fomc_release_active_ma_625,fomc_release_active_ma_625,1,True,-1.36168e-06,-3.72185e-06,5.0115e-07,410,0,-0.00218346,0.0612245,0,,-5.02913e-06,-3.10352e-06,-2.63967e-06,5.10635e-07,-2.94028e-08,-8.32667e-19,-2.63502e-18,-3.60927e-07,-2.06248e-06,-1.37972e-06
all_features,lgbm,perm_p1_mse,column,fomc_release_active_ma_3125,fomc_release_active_ma_3125,1,True,-1.67361e-06,-4.5686e-06,7.63118e-07,411,0,-0.00268364,0.0816327,0,,0,-1.29938e-06,-8.32667e-19,-4.88955e-09,-8.47791e-06,2.77556e-19,7.02673e-19,2.55768e-06,5.89429e-08,-3.94695e-06
all_features,lgbm,perm_p1_mse,column,fomc_day_active_ma_1,fomc_day_active_ma_1,1,True,0,0,0,188,0,0,0,0,,0,0,0,0,0,0,0,0,0,0
all_features,lgbm,perm_p1_mse,column,fomc_day_active_ma_5,fomc_day_active_ma_5,1,True,0,0,0,188,0,0,0,0,,0,0,0,0,0,0,0,0,0,0
all_features,lgbm,perm_p1_mse,column,fomc_day_active_ma_25,fomc_day_active_ma_25,1,True,0,0,0,188,0,0,0,0,,0,0,0,0,0,0,0,0,0,0
all_features,lgbm,perm_p1_mse,column,fomc_day_active_ma_125,fomc_day_active_ma_125,1,True,1.31413e-07,-2.39506e-06,2.46346e-06,174,0,0.00021072,0.0612245,0,5.85338,3.36185e-06,-1.3404e-06,2.77556e-19,0,-8.39745e-07,1.25777e-06,-1.75668e-18,5.80918e-07,6.34101e-07,-2.5918e-07
all_features,lgbm,perm_p1_mse,column,fomc_day_active_ma_625,fomc_day_active_ma_625,1,True,-4.48687e-06,-1.22743e-05,1.56554e-06,440,0,-0.00719471,0.183673,0,,-3.68669e-05,6.48014e-06,3.53198e-06,-8.13924e-06,-6.08843e-06,-3.23775e-06,-1.75668e-19,-1.65117e-05,5.3264e-06,-4.92177e-06
all_features,lgbm,perm_p1_mse,column,fomc_day_active_ma_3125,fomc_day_active_ma_3125,1,True,5.43151e-07,-3.34901e-06,4.20288e-06,159,0,0.000870944,0.0748299,0,2.06672,0,-3.54207e-07,5.86101e-06,5.55112e-19,-8.11486e-06,5.81378e-06,-1.75668e-19,5.56689e-06,-5.20788e-07,-6.95633e-07
all_features,lgbm,perm_p1_mse,column,DOW_0,DOW_0,1,True,-1.8897e-06,-2.45821e-05,1.5729e-05,415,0,-0.00303013,0.292517,0,,6.99416e-05,-5.75745e-05,4.24702e-06,6.42095e-06,3.45046e-07,-1.18364e-06,8.14755e-06,-4.39491e-05,5.43386e-06,9.22266e-06
all_features,lgbm,perm_p1_mse,column,DOW_1,DOW_1,1,True,-7.98235e-07,-4.42621e-06,3.07201e-06,404,0,-0.00127997,0.115646,0,,1.05909e-05,-1.66974e-06,-4.50305e-06,-1.11358e-06,-5.22054e-06,1.81737e-06,1.7678e-06,-2.88679e-06,1.91843e-06,-1.3474e-06
all_features,lgbm,perm_p1_mse,column,DOW_2,DOW_2,1,True,1.1646e-05,-1.9214e-05,4.40069e-05,81,0,0.0186744,0.394558,0,0.787182,2.6927e-05,-1.59126e-05,1.96751e-05,8.76863e-06,-4.50718e-08,2.57212e-06,0.000126608,4.17836e-05,-3.33265e-05,2.22707e-05
all_features,lgbm,perm_p1_mse,column,DOW_3,DOW_3,1,True,-6.42967e-07,-4.13609e-06,2.67909e-06,399,0,-0.001031,0.108844,0,,-1.99354e-06,-1.92215e-06,-1.9952e-06,1.44538e-06,-6.13514e-06,3.25271e-06,8.51219e-06,-1.2145e-07,4.48099e-06,-3.22075e-06
all_features,lgbm,perm_p1_mse,column,DOW_4,DOW_4,1,True,5.34566e-05,-4.55815e-05,0.00015291,29,0,0.0857177,0.517007,2.02194e-06,0.30239,0.000273257,0.00011354,4.25166e-05,8.93781e-05,-1.98094e-05,-1.84114e-05,-0.000125754,9.24687e-05,6.57514e-05,3.42181e-05
all_features,lgbm,perm_p1_mse,column,hour,hour,1,False,0,0,0,0,0,0,0,0,,0,0,0,0,0,0,0,0,0,0
all_features,lgbm,perm_p1_mse,column,is_overnight,is_overnight,1,False,0,0,0,0,0,0,0,0,,0,0,0,0,0,0,0,0,0,0
all_features,lgbm,perm_p1_mse,column,is_open,is_open,1,False,0,0,0,0,0,0,0,0,,0,0,0,0,0,0,0,0,0,0
all_features,lgbm,perm_p1_mse,column,is_close,is_close,1,False,0,0,0,0,0,0,0,0,,0,0,0,0,0,0,0,0,0,0
all_features,lgbm,perm_p1_mse,column,is_opex,is_opex,1,True,-1.83972e-06,-4.1255e-06,1.50949e-07,413,0,-0.00295,0.0816327,0,,-2.48414e-06,1.44866e-06,-3.21987e-06,-5.70598e-06,-3.67939e-07,-9.95193e-07,-2.3294e-06,-1.14096e-06,5.69888e-08,-2.96875e-06
all_features,lgbm,perm_p1_mse,column,is_opex_week,is_opex_week,1,True,7.36188e-06,-1.71177e-06,2.07954e-05,106,0,0.0118048,0.210884,0,0.605332,6.18642e-05,-7.14218e-07,3.84719e-06,2.61788e-06,-9.06585e-06,1.44326e-05,1.58101e-18,4.97917e-06,7.78107e-06,7.98939e-06
all_features,lgbm,perm_p1_mse,column,is_quad_witch,is_quad_witch,1,True,4.49385e-05,1.71202e-05,7.5824e-05,35,0.00680272,0.072059,0.190476,0,0.203096,-3.36248e-07,1.26679e-05,3.49507e-05,0.00013579,1.97374e-05,4.66959e-05,4.39396e-05,4.61374e-05,4.0064e-05,4.68049e-05
all_features,lgbm,perm_p1_mse,column,is_rebalance_close,is_rebalance_close,1,True,8.08523e-06,-2.28777e-07,1.995e-05,103,0,0.0129647,0.170068,0,0.562052,0,-1.36419e-06,-5.31005e-07,2.39241e-05,5.5395e-06,1.90391e-05,3.02479e-06,1.39269e-05,1.95782e-05,6.88324e-07
all_features,lgbm,perm_p1_mse,column,is_month_end,is_month_end,1,True,0.00169584,0.00101764,0.00251971,3,0.238095,2.71928,0.408163,0,0.147955,0.00302572,0.00104914,0.00294664,0.00130061,0.000135646,0.00226341,0.0020694,0.00128499,0.00169759,0.00183703
all_features,lgbm,perm_p1_mse,column,is_quarter_end,is_quarter_end,1,True,9.98699e-05,8.38756e-06,0.000201323,17,0.0272109,0.160142,0.204082,0,0.292049,0.000403041,0.000115749,0.000120485,3.84134e-05,0.000100214,-2.23738e-06,-1.75668e-19,-4.02481e-06,8.33649e-05,0.000143507
all_features,lgbm,perm_p1_mse,column,days_to_opex,days_to_opex,1,True,9.21875e-05,8.64934e-06,0.000181652,20,0.0544218,0.147823,0.52381,3.63069e-06,0.125524,-0.00011223,7.34168e-05,0.000325676,0.000206389,-3.42938e-05,6.64472e-05,-0.000128225,-3.8017e-05,8.09664e-05,0.000142447
all_features,lgbm,perm_p1_mse,column,har_ma_1_x_open,har_ma_1_x_open,1,False,0,0,0,0,0,0,0,0,,0,0,0,0,0,0,0,0,0,0
all_features,lgbm,perm_p1_mse,column,har_ma_1_x_close,har_ma_1_x_close,1,True,0.000296265,-0.000676086,0.00122976,7,0.251701,0.475062,0.591837,0.000315855,0.469912,-0.000169793,-0.000915092,0.00207994,0.00148985,0.000226796,3.49371e-05,-0.00332493,-0.000997764,-0.000173491,0.000963384
all_features,lgbm,perm_p1_mse,column,har_ma_5_x_open,har_ma_5_x_open,1,False,0,0,0,0,0,0,0,0,,0,0,0,0,0,0,0,0,0,0
all_features,lgbm,perm_p1_mse,column,har_ma_5_x_close,har_ma_5_x_close,1,True,-2.85019e-05,-0.00059555,0.000499614,523,0.176871,-0.0457029,0.517007,1.79489e-05,,0.000795766,-0.00036033,-0.000198363,0.000220289,0.000130816,8.06536e-05,-0.00139218,-0.000181203,-0.000552483,0.000269455
all_features,lgbm,perm_p1_mse,column,har_ma_25_x_open,har_ma_25_x_open,1,False,0,0,0,0,0,0,0,0,,0,0,0,0,0,0,0,0,0,0
all_features,lgbm,perm_p1_mse,column,har_ma_25_x_close,har_ma_25_x_close,1,True,6.98666e-05,-0.000116037,0.000231931,23,0.0136054,0.112031,0.571429,4.15438e-05,0.420417,0.000531405,8.93056e-05,0.000174006,0.000126333,-2.88805e-05,-0.0002137,-5.19931e-05,-1.44879e-05,-0.000310589,0.000277042
all_features,lgbm,perm_p1_mse,column,har_ma_125_x_open,har_ma_125_x_open,1,False,0,0,0,0,0,0,0,0,,0,0,0,0,0,0,0,0,0,0
all_features,lgbm,perm_p1_mse,column,har_ma_125_x_close,har_ma_125_x_close,1,True,0.000106045,-5.76434e-06,0.000218268,16,0.0136054,0.170043,0.537415,3.10244e-05,0.294381,0.000405814,-3.93989e-06,0.000250215,0.000195703,-0.00020108,4.9002e-05,0.000387195,2.29854e-05,1.6678e-05,0.000176571
all_features,lgbm,perm_p1_mse,column,har_ma_625_x_open,har_ma_625_x_open,1,False,0,0,0,0,0,0,0,0,,0,0,0,0,0,0,0,0,0,0
all_features,lgbm,perm_p1_mse,column,har_ma_625_x_close,har_ma_625_x_close,1,True,-9.64565e-06,-2.31854e-05,2.55077e-06,472,0,-0.0154668,0.278912,0,,-6.70639e-05,-1.74406e-06,-2.60971e-05,-1.04996e-06,5.63506e-06,-3.18118e-06,1.4881e-05,-2.48166e-05,-3.22527e-06,-7.40546e-06
all_features,lgbm,perm_p1_mse,column,har_ma_3125_x_open,har_ma_3125_x_open,1,False,0,0,0,0,0,0,0,0,,0,0,0,0,0,0,0,0,0,0
all_features,lgbm,perm_p1_mse,column,har_ma_3125_x_close,har_ma_3125_x_close,1,True,1.00539e-05,-3.44102e-06,2.87994e-05,90,0,0.0161214,0.258503,0,0.743519,-2.3472e-05,2.36269e-07,4.56499e-05,3.25157e-06,7.5705e-06,1.66427e-05,-6.57684e-06,-1.04682e-05,1.33378e-05,1.56114e-05
all_features,lgbm,perm_p1_mse,series,har_ma,har_ma_*,18,True,0.0740148,0.0576319,0.091458,1,0.959184,118.683,0.959184,0.0408555,0.0571042,0.109156,0.051889,0.101776,0.101119,0.0669442,0.0469669,0.0233504,0.0625697,0.0604281,0.0843283
all_features,lgbm,perm_p1_mse,series,sumret,adj_sumret_ma_*,12,True,0.00231366,0.000185214,0.00520421,2,0.489796,3.70996,0.605442,0.000588012,0.395361,0.0142909,-0.0009452,0.00435576,0.0020637,0.000667501,1.73463e-05,0.000134483,0.00262683,0.00166839,0.00250733
all_features,lgbm,perm_p1_mse,series,sumabsret,adj_sumabsret_ma_*,12,True,-0.000145919,-0.000797481,0.000472545,41,0.217687,-0.233981,0.503401,7.45719e-06,,0.00186363,-0.000714776,-0.00129279,0.00120254,6.21639e-05,-0.000380569,-0.00213443,-0.00103248,-0.000736009,0.000436651
all_features,lgbm,perm_p1_mse,series,sumret3,adj_sumret3_ma_*,12,True,-0.000119168,-0.000955096,0.000469218,37,0.122449,-0.191086,0.510204,1.72033e-05,,0.00138364,-0.000284023,-0.00174608,0.000404909,0.000224537,0.000194315,-0.000639288,0.00024814,0.000151944,-0.000372992
all_features,lgbm,perm_p1_mse,series,sumret4,adj_sumret4_ma_*,12,True,5.2243e-05,-7.91397e-05,0.000196544,14,0.0340136,0.0837718,0.557823,2.30828e-05,1.16204,0.000194274,-0.00019439,0.000294538,0.000120389,-3.65634e-06,-7.32692e-07,-7.64017e-06,-0.000131919,-6.43347e-05,0.000170451
all_features,lgbm,perm_p1_mse,series,sumpret2,adj_sumpret2_ma_*,12,True,4.91835e-05,-4.66763e-05,0.000151881,15,0.108844,0.0788659,0.585034,5.88426e-05,0.780619,-0.000106411,-4.05529e-05,0.000107571,4.82866e-05,6.85989e-05,9.90931e-05,0.000199245,4.37688e-05,0.000102119,2.62869e-05
all_features,lgbm,perm_p1_mse,series,sumbipow,adj_sumbipow_ma_*,12,True,-0.000154246,-0.000439448,6.88451e-05,42,0.0204082,-0.247335,0.421769,-5.86e-05,,0.000561434,-0.000203235,-0.000714533,1.59839e-05,9.27637e-06,-0.000264165,-0.000106002,-0.000229687,-0.00030532,-5.74811e-05
all_features,lgbm,perm_p1_mse,series,sumautocov,adj_sumautocov_ma_*,12,True,0.000115626,-0.000139703,0.000373106,9,0.204082,0.185406,0.517007,5.13811e-05,0.372954,-7.19334e-05,0.000622714,-0.000416437,0.000185622,0.00019245,0.000198828,-0.000288805,0.000149115,-4.2371e-05,0.000177976
all_features,lgbm,perm_p1_mse,series,sumvolume,adj_sumvolume_ma_*,12,True,0.000821226,0.000197477,0.0014568,4,0.360544,1.31684,0.591837,0.000413216,0.155423,0.0017452,-0.000342552,0.000656285,0.00127833,0.00100359,0.00163317,-0.00094018,0.0006663,6.89484e-05,0.00122677
all_features,lgbm,perm_p1_mse,series,numobs,adj_numobs_ma_*,18,True,1.04094e-05,-6.19719e-05,8.22932e-05,23,0.0340136,0.0166915,0.517007,6.81032e-07,0.967466,0.000204445,-2.85238e-05,0.000140504,-0.000149968,-7.97811e-05,4.76727e-05,8.25679e-05,-7.12155e-05,8.79244e-05,2.35605e-06
all_features,lgbm,perm_p1_mse,series,sumret2_ewstock,adj_sumret2_ewstock_ma_*,12,True,-9.62428e-06,-0.000123199,9.64182e-05,28,0.0340136,-0.0154326,0.530612,2.94736e-05,,-0.000118847,-0.000121799,-3.89115e-05,7.13737e-06,0.000141913,-1.95888e-05,0.000130915,-6.13171e-05,-0.00010233,5.16221e-05
all_features,lgbm,perm_p1_mse,series,sumret3_ewstock,adj_sumret3_ewstock_ma_*,12,True,-0.000227025,-0.000727997,9.80269e-05,45,0.0884354,-0.364035,0.482993,-4.34135e-06,,-0.00017868,-0.000102596,-0.00121004,-0.000117866,0.000127666,0.000152072,-0.000272822,-0.000133073,-0.000144146,-0.000298281
all_features,lgbm,perm_p1_mse,series,sumret4_ewstock,adj_sumret4_ewstock_ma_*,12,True,4.29601e-05,-2.10137e-05,0.000107563,17,0.0136054,0.0688866,0.591837,1.39137e-05,0.263176,0.000123592,7.13145e-05,8.45663e-05,-2.76999e-05,4.10948e-05,-5.20233e-05,0.000215381,0.000110717,-5.84251e-05,6.69762e-05
all_features,lgbm,perm_p1_mse,series,sumabsret_ewstock,adj_sumabsret_ewstock_ma_*,12,True,0.000178665,-0.000170983,0.000507081,5,0.251701,0.28649,0.517007,0.000168661,0.272656,-0.000537911,6.27403e-05,0.000424522,0.000130658,0.000629262,0.000243873,-0.000519033,0.000102766,-0.000264614,0.000412313
all_features,lgbm,perm_p1_mse,series,sumbipow_ewstock,adj_sumbipow_ewstock_ma_*,12,True,-0.000134206,-0.000311198,1.25962e-05,39,0.0408163,-0.2152,0.421769,-2.77886e-05,,-0.000403404,-9.57141e-05,-0.00039223,1.78645e-05,-2.54266e-05,-0.000135061,0.00017585,9.05881e-05,-0.000115395,-0.000220715
all_features,lgbm,perm_p1_mse,series,sumpret2_ewstock,adj_sumpret2_ewstock_ma_*,12,True,0.000104877,-1.8458e-06,0.000212643,12,0.0884354,0.16817,0.537415,1.96308e-05,0.15934,0.000130148,0.000175548,-2.24524e-05,-4.46622e-05,0.000152885,0.000183282,0.000306823,0.000332218,0.000134699,1.2336e-05
all_features,lgbm,perm_p1_mse,series,turnover_ewstock,adj_turnover_ewstock_ma_*,12,True,-2.2641e-05,-0.000126069,9.51633e-05,32,0.047619,-0.0363049,0.455782,-6.35733e-05,,-0.000201172,-8.61068e-05,9.73563e-05,0.000207139,-0.000252509,4.16989e-05,-0.000103048,-0.000175259,0.000205033,-7.64134e-05
all_features,lgbm,perm_p1_mse,series,buyturnover_ewstock,adj_buyturnover_ewstock_ma_*,12,True,2.06141e-05,-0.000102925,0.000146435,20,0.0680272,0.0330547,0.530612,2.9478e-05,1.32339,0.000372409,7.58043e-05,0.0001375,0.000118235,-0.000235,-0.000175748,1.15569e-05,0.000122685,1.47705e-05,-1.19354e-05
all_features,lgbm,perm_p1_mse,series,sellturnover_ewstock,adj_sellturnover_ewstock_ma_*,12,True,-0.000163857,-0.00029528,-4.34991e-05,44,0.0408163,-0.262745,0.435374,-6.53299e-05,,-0.000322642,-1.61e-05,-6.83089e-05,-0.000236192,-0.000213125,-0.000228007,-0.000103389,-0.000262622,-4.25334e-05,-0.000186483
all_features,lgbm,perm_p1_mse,series,effspread_ewstock,adj_effspread_ewstock_ma_*,12,True,0.000123295,-2.72759e-05,0.000286108,8,0.0612245,0.197704,0.591837,7.10334e-05,0.199414,0.000535051,9.32479e-05,0.000563629,-1.38852e-05,-0.00014822,-0.000122974,0.000223826,-5.52817e-05,0.000128971,0.00018237
all_features,lgbm,perm_p1_mse,series,spread_ewstock,adj_spread_ewstock_ma_*,12,True,-0.000125539,-0.000266708,-1.24048e-05,38,0.0340136,-0.201302,0.482993,-1.2253e-05,,-4.92671e-05,3.53168e-05,-0.00036078,-2.57345e-05,-0.000110454,-0.000149927,-0.000322413,-8.61469e-05,-0.000110875,-0.000146018
all_features,lgbm,perm_p1_mse,series,sumret2_vwstock,adj_sumret2_vwstock_ma_*,12,True,1.99683e-05,-6.22897e-05,9.83392e-05,21,0,0.0320191,0.544218,2.15485e-05,1.33953,0.000127841,-5.05334e-05,0.00013004,-0.000112996,-1.57952e-05,5.32822e-05,0.000154684,0.000150375,-8.2441e-05,2.28067e-05
all_features,lgbm,perm_p1_mse,series,sumret3_vwstock,adj_sumret3_vwstock_ma_*,12,True,-0.000263522,-0.000624401,-6.7252e-06,46,0.0612245,-0.422558,0.496599,-6.79158e-06,,-0.000216176,-7.75705e-05,-0.000721401,-0.000428186,-3.88161e-05,-0.000169346,7.52452e-06,-9.57749e-06,-0.000257827,-0.00035397
all_features,lgbm,perm_p1_mse,series,sumret4_vwstock,adj_sumret4_vwstock_ma_*,12,True,0.00010513,2.11565e-05,0.000194182,11,0,0.168576,0.544218,1.54866e-05,0.199294,0.000172196,4.6124e-06,0.000381468,1.5207e-05,4.46889e-05,-3.47379e-05,0.000369549,0.000162489,4.43069e-05,0.000113761
all_features,lgbm,perm_p1_mse,series,sumabsret_vwstock,adj_sumabsret_vwstock_ma_*,12,True,0.000152349,-0.000177168,0.000459943,6,0.183673,0.244291,0.482993,-3.94153e-05,0.380112,-0.000266931,-6.12557e-05,0.000253109,1.45558e-05,0.000299016,0.000378422,0.000482937,0.000493393,-0.0001068,0.000155712
all_features,lgbm,perm_p1_mse,series,sumbipow_vwstock,adj_sumbipow_vwstock_ma_*,12,True,0.00012859,-3.89214e-05,0.000308082,7,0.0612245,0.206195,0.530612,3.08674e-05,0.192683,0.00110805,8.70102e-05,2.41457e-05,0.000206792,-1.3976e-05,-0.000118489,-3.02301e-05,0.000207121,0.000181573,7.6653e-05
all_features,lgbm,perm_p1_mse,series,sumpret2_vwstock,adj_sumpret2_vwstock_ma_*,12,True,5.31398e-05,-6.94009e-05,0.000167331,13,0.0204082,0.0852099,0.571429,4.66317e-05,0.342488,-0.000469037,0.000270025,6.56956e-06,9.07692e-07,0.00021228,-6.23902e-06,0.000195583,6.08486e-05,7.92774e-05,3.82453e-05
all_features,lgbm,perm_p1_mse,series,turnover_vwstock,adj_turnover_vwstock_ma_*,12,True,-0.000304314,-0.000690646,4.11256e-05,47,0.0408163,-0.487968,0.428571,-4.72487e-05,,0.000247515,-0.000398173,-0.000417734,-0.000164434,-5.89224e-05,-0.000852054,-3.04219e-05,-0.00113605,6.98932e-05,-0.000191893
all_features,lgbm,perm_p1_mse,series,buyturnover_vwstock,adj_buyturnover_vwstock_ma_*,12,True,-0.000158858,-0.000549801,0.000162972,43,0.0340136,-0.254729,0.564626,3.632e-05,,-0.000202294,-0.000108323,0.000351965,3.68369e-05,-0.000427814,-0.000681585,1.58165e-05,-0.000939764,0.000190428,-5.23459e-05
all_features,lgbm,perm_p1_mse,series,sellturnover_vwstock,adj_sellturnover_vwstock_ma_*,12,True,-0.000383169,-0.00103,0.00012915,49,0.0408163,-0.614412,0.482993,-1.38778e-17,,-0.000195187,-6.70966e-05,-0.000967777,-0.000121998,0.000175509,-0.00113107,-0.000110397,-0.000980078,7.99134e-05,-0.000393507
all_features,lgbm,perm_p1_mse,series,effspread_vwstock,adj_effspread_vwstock_ma_*,12,True,3.89358e-05,-4.69936e-05,0.000123783,18,0.0272109,0.0624337,0.482993,-3.32051e-06,0.657265,7.54058e-05,0.000135325,0.000141616,0.000112757,-0.000124107,-5.10501e-05,-9.61335e-05,-5.54206e-05,9.75114e-05,4.41453e-05
all_features,lgbm,perm_p1_mse,series,spread_vwstock,adj_spread_vwstock_ma_*,12,True,-1.8561e-05,-0.000104202,6.5237e-05,30,0.0136054,-0.0297625,0.47619,-6.93889e-18,,0.000205322,-0.000134114,8.41242e-05,-0.000245671,-3.39738e-05,0.000110417,2.76913e-05,1.25865e-07,-5.58387e-05,-7.57832e-06
all_features,lgbm,perm_p1_mse,series,stocktwits_attention,adj_stocktwits_attention_ma_*,12,True,-3.56274e-05,-0.000205649,0.000132502,33,0.115646,-0.0571286,0.489796,-1.26513e-05,,2.36639e-05,-0.00017304,1.95365e-05,0.000108112,-7.1882e-05,-7.63718e-05,-6.67238e-05,-2.65785e-05,9.44366e-05,-9.96124e-05
all_features,lgbm,perm_p1_mse,series,stocktwits_sentiment,adj_stocktwits_sentiment_ma_*,12,True,-0.000341425,-0.000748243,8.80001e-06,48,0.102041,-0.547475,0.47619,-2.63827e-05,,0.000167629,-0.000864638,-0.000748771,-0.000386593,5.09948e-05,-0.000183206,0.000232346,-0.000255838,-0.000179662,-0.000446699
all_features,lgbm,perm_p1_mse,series,stocktwits_sentcount,adj_stocktwits_sentcount_ma_*,12,True,8.266e-07,-0.000433573,0.000389499,25,0.190476,0.00132546,0.537415,4.28621e-05,52.512,0.00099114,-0.000924318,0.000547065,-0.000100484,8.49607e-05,-0.000170537,0.000284022,-0.000544145,6.27468e-05,0.000160239
all_features,lgbm,perm_p1_mse,series,vix,adj_vix_ma_*,12,True,1.62998e-05,-5.12557e-05,8.56128e-05,22,0.0204082,0.0261368,0.44898,0,1.20042,-0.000179997,0.000213462,-2.24958e-05,6.88029e-08,1.68339e-05,-1.85077e-05,-2.69723e-05,-0.000133321,6.81288e-05,4.37696e-05
all_features,lgbm,perm_p1_mse,series,vvix,adj_vvix_ma_*,12,True,-9.63327e-05,-0.000538439,0.000252433,36,0.0204082,-0.15447,0.503401,3.46945e-18,,0.00107897,-0.000110348,-0.000985977,0.000209752,-0.000262608,8.11779e-06,5.81135e-05,0.000331307,-0.000151728,-0.000218239
all_features,lgbm,perm_p1_mse,series,vix3m,adj_vix3m_ma_*,12,True,-2.145e-05,-9.70428e-05,4.89175e-05,31,0,-0.0343952,0.428571,0,,0.000290784,-3.15588e-05,-0.000157667,-1.83133e-05,-3.59311e-05,-5.51206e-05,7.15364e-05,2.66492e-05,-0.000118585,7.37273e-06
all_features,lgbm,perm_p1_mse,series,voldemand_spx_open_and_close,adj_voldemand_spx_open_and_close_ma_*,18,True,2.46703e-05,-9.47867e-05,0.000147752,19,0.0340136,0.039559,0.47619,0,1.18558,0.000331072,-5.45364e-05,-0.000122658,-3.77366e-06,0.000201857,-4.59016e-05,-1.75668e-19,-9.63777e-05,8.88578e-05,3.64808e-05
all_features,lgbm,perm_p1_mse,series,voldemand_spx_open_only,adj_voldemand_spx_open_only_ma_*,18,True,0.000110114,6.28472e-06,0.00022185,10,0.0340136,0.176568,0.489796,0,0.149422,0.000499471,0.000132615,-8.37569e-05,0.00014556,0.000205855,-1.82726e-05,-1.75668e-19,0.000156019,5.95372e-05,0.000117911
all_features,lgbm,perm_p1_mse,series,voldemand_all_open_and_close,adj_voldemand_all_open_and_close_ma_*,18,True,-1.11004e-05,-0.000101553,7.8889e-05,29,0.0272109,-0.0177995,0.47619,0,,-9.48586e-06,-0.000112471,6.91197e-06,-3.52986e-05,0.000104323,-6.66543e-06,-3.9857e-05,-7.53395e-05,3.20068e-05,-9.06424e-06
all_features,lgbm,perm_p1_mse,series,voldemand_all_open_only,adj_voldemand_all_open_only_ma_*,18,True,4.39279e-05,-7.60382e-05,0.000162974,16,0.047619,0.0704384,0.517007,2.65432e-06,0.529799,6.67568e-06,-2.05156e-05,0.000164915,7.68637e-05,6.42333e-05,-3.20895e-05,6.52665e-06,2.07529e-05,3.38012e-05,5.66772e-05
all_features,lgbm,perm_p1_mse,series,ofi_ewstock,adj_ofi_ewstock_ma_*,12,True,-4.01922e-05,-0.000257872,0.000176838,34,0.142857,-0.0644484,0.55102,0.000176508,,-0.000183713,-0.000148525,0.000447816,-0.000227409,4.66788e-05,-0.000195775,-0.000181908,-0.000179372,-6.76044e-05,2.07453e-05
all_features,lgbm,perm_p1_mse,series,ofi_vwstock,adj_ofi_vwstock_ma_*,12,True,-0.000137505,-0.000254958,-3.21176e-05,40,0.0680272,-0.220489,0.469388,-8.16391e-05,,9.01605e-05,-0.000244044,-0.000228716,-0.000154688,-0.000113408,-4.62639e-05,-0.000183477,-0.000401944,-6.83298e-05,-7.84603e-05
all_features,lgbm,perm_p1_mse,series,fomc_release,adj_fomc_release_ma_*,18,True,-3.2783e-06,-7.58243e-06,6.67729e-07,26,0,-0.00525677,0.122449,0,,-8.33994e-06,-8.69783e-06,-4.2534e-06,7.24025e-06,-8.86765e-06,-5.55112e-19,-1.75668e-19,-2.08504e-06,1.01205e-06,-5.69825e-06
all_features,lgbm,perm_p1_mse,series,fomc_day,adj_fomc_day_ma_*,18,True,3.21601e-06,-3.77897e-05,4.56493e-05,24,0.0136054,0.00515689,0.394558,0,3.66602,-0.000132819,-2.90879e-05,-2.57317e-05,3.66646e-05,7.15253e-05,3.57566e-05,-1.75668e-19,-1.9426e-05,2.03547e-05,3.0237e-06
all_features,lgbm,perm_p1_mse,series,fomc_until_inv,adj_fomc_until_inv_ma_*,12,True,-4.16293e-05,-0.000144215,5.24152e-05,35,0.0340136,-0.0667526,0.414966,-1.88689e-05,,-0.000306959,-0.000151846,-1.16472e-06,-0.000126414,0.000170328,3.20288e-05,-5.86412e-06,-0.00019733,-8.04593e-06,-3.52053e-06
all_features,lgbm,perm_p1_mse,series,fomc_since_inv,adj_fomc_since_inv_ma_*,12,True,-3.78511e-06,-8.90151e-05,7.50392e-05,27,0.0272109,-0.00606944,0.47619,0,,-0.000197689,-5.72824e-05,-1.88319e-05,0.000104471,0.000157101,-0.000106442,1.21293e-05,-0.000166013,3.0734e-05,3.61421e-05
all_features,lgbm,perm_p1_mse,series,calendar,"calendar (DOW_*, is_*, ...)",16,True,0.00206958,0.00137502,0.00280546,3,0.319728,3.31858,0.646259,0.0002225,0.0952384,0.00411808,0.00114555,0.00299238,0.00171281,0.000540277,0.00276086,0.00260057,0.00172009,0.00212199,0.00216588
all_features,lgbm,perm_p1_mse,cluster,C01,C01: sumret3_ewstock_avail_ma_625 +1,2,True,-2.26775e-06,-2.39872e-05,2.08889e-05,107,0,-0.00363634,0.394558,0,,-4.24124e-06,1.29214e-05,-4.07984e-05,-3.27631e-05,2.79484e-05,2.7767e-05,-2.12406e-05,2.13723e-05,1.00391e-05,-1.6198e-05
all_features,lgbm,perm_p1_mse,cluster,C02,C02: sumret2_ewstock_avail_ma_625 +21,22,True,9.7715e-06,-2.53e-05,5.26081e-05,53,0,0.0156686,0.367347,0,0.753257,2.26201e-05,-2.8327e-06,-2.67292e-05,3.50731e-06,2.46591e-05,7.76716e-05,-9.65442e-05,6.56235e-05,-2.16172e-05,5.15142e-06
all_features,lgbm,perm_p1_mse,cluster,C03,C03: adj_fomc_since_inv_ma_1 +3,4,True,-2.61615e-05,-8.21241e-05,2.60178e-05,141,0.0136054,-0.04195,0.442177,0,,-0.000134742,-8.71221e-05,-1.31316e-05,1.14781e-05,5.96124e-05,-5.1011e-05,-1.75668e-19,-0.000132392,-2.69332e-05,1.09212e-05
all_features,lgbm,perm_p1_mse,cluster,C04,C04: adj_fomc_until_inv_ma_1 +2,3,True,-5.06692e-05,-0.000133625,1.70709e-05,151,0.00680272,-0.0812481,0.44898,0,,-0.000275865,-0.000151469,-5.34372e-05,0.000119994,1.46433e-05,-7.69032e-05,-3.32826e-06,-0.000188877,-5.8317e-05,6.84733e-07
all_features,lgbm,perm_p1_mse,cluster,C05,C05: fomc_day_active_ma_1 +2,3,True,0,0,0,81,0,0,0,0,,0,0,0,0,0,0,0,0,0,0
all_features,lgbm,perm_p1_mse,cluster,C06,C06: adj_fomc_day_ma_1 +2,3,True,-1.20108e-06,-6.37725e-06,2.55445e-06,100,0,-0.00192593,0.0544218,0,,-1.3711e-05,2.56023e-06,1.10023e-06,0,1.57951e-06,-5.2702e-06,0,-1.10714e-05,-2.74626e-19,1.64888e-06
all_features,lgbm,perm_p1_mse,cluster,C07,C07: sumret3_ewstock_avail_ma_25 +1,2,True,-2.1256e-19,-9.21735e-19,4.72685e-19,89,0,-3.4084e-16,0.0612245,0,,0,-9.34082e-19,2.77556e-19,-5.55112e-19,0,0,0,-1.23909e-19,-6.40795e-19,-4.28327e-20
all_features,lgbm,perm_p1_mse,cluster,C08,C08: sumret2_ewstock_avail_ma_1 +47,48,True,0,0,0,81,0,0,0,0,,0,0,0,0,0,0,0,0,0,0
all_features,lgbm,perm_p1_mse,cluster,C09,C09: sumret2_ewstock_avail_ma_25 +21,22,True,-2.59795e-19,-8.75012e-19,2.36017e-19,90,0,-4.16582e-16,0.047619,0,,0,-9.34082e-19,-1.11022e-18,2.77556e-19,2.77556e-19,0,0,-1.23909e-19,-2.74626e-19,-2.99829e-19
all_features,lgbm,perm_p1_mse,cluster,C10,C10: is_quad_witch +1,2,True,6.01349e-05,2.51085e-05,9.76007e-05,21,0.0204082,0.0964265,0.217687,0,0.209502,-5.64792e-07,-4.00301e-06,3.50845e-05,0.000218968,3.36791e-05,5.37255e-05,5.17485e-05,4.32834e-05,6.10346e-05,6.55392e-05
all_features,lgbm,perm_p1_mse,cluster,C11,C11: adj_sumabsret_ewstock_ma_3125 +1,2,True,-4.27172e-06,-2.253e-05,1.05414e-05,110,0,-0.00684971,0.360544,0,,-4.27564e-06,-1.44641e-05,-2.41405e-05,2.35746e-07,2.74125e-06,1.86472e-05,-1.68299e-05,4.27024e-06,-1.21688e-05,-3.52946e-06
all_features,lgbm,perm_p1_mse,cluster,C12,C12: adj_sumabsret_ma_3125 +3,4,True,9.45886e-06,-1.18636e-05,3.20579e-05,54,0,0.0151673,0.442177,0,0.802699,1.7538e-05,3.88557e-05,2.72865e-05,2.1014e-05,-3.09234e-05,-5.70855e-06,-1.77783e-05,3.25218e-05,-5.81919e-06,8.63512e-06
all_features,lgbm,perm_p1_mse,cluster,C13,C13: adj_sumret4_ewstock_ma_3125 +1,2,True,5.53772e-06,-2.79211e-06,1.4924e-05,63,0,0.00887974,0.265306,0,0.591685,5.53668e-05,1.14188e-05,4.46566e-06,-2.12297e-05,-3.67104e-07,2.78209e-06,1.9691e-05,6.81676e-06,1.07324e-05,2.665e-06
all_features,lgbm,perm_p1_mse,cluster,C14,C14: adj_sumret2_ewstock_ma_3125 +5,6,True,-2.53203e-05,-7.77178e-05,1.85323e-05,139,0,-0.0406012,0.408163,0,,-8.27235e-05,-4.3645e-05,1.21286e-05,6.90995e-05,-3.17213e-05,-9.57272e-05,-4.47939e-05,-7.65774e-05,-1.94361e-05,-1.03551e-05
all_features,lgbm,perm_p1_mse,cluster,C15,C15: adj_vvix_ma_1 +3,4,True,1.3589e-05,-0.000253176,0.000287076,45,0.00680272,0.02179,0.44898,0,7.13678,0.00108194,-2.03279e-05,-0.000527397,0.000201813,-0.000133726,-1.97706e-05,5.52598e-05,0.000374816,-0.000126456,-4.57524e-05
all_features,lgbm,perm_p1_mse,cluster,C16,C16: adj_vix_ma_3125 +1,2,True,2.6522e-06,-1.05622e-05,2.16048e-05,68,0,0.00425281,0.197279,0,2.60481,-1.43008e-05,-1.24517e-05,4.55664e-05,-3.71802e-06,1.59595e-18,4.43995e-06,-3.26513e-05,-6.1719e-06,2.70109e-05,-5.69498e-06
all_features,lgbm,perm_p1_mse,cluster,C17,C17: adj_vix_ma_1 +9,10,True,-1.39901e-05,-0.000157294,9.07272e-05,128,0.00680272,-0.0224332,0.414966,0,,0.000272221,0.00015453,-0.000313726,-1.42383e-05,-3.3679e-05,-4.63895e-05,7.45567e-05,3.95645e-05,-0.000175937,4.32723e-05
all_features,lgbm,perm_p1_mse,cluster,C18,C18: adj_sumautocov_ma_625 +1,2,True,-6.92517e-06,-3.47713e-05,1.24231e-05,116,0,-0.0111045,0.346939,0,,-3.23337e-06,1.53027e-05,-6.42439e-05,2.11508e-05,5.15547e-06,-1.21176e-05,-1.5413e-05,-7.58683e-06,4.7086e-06,-1.21399e-05
all_features,lgbm,perm_p1_mse,cluster,C19,C19: stocktwits_attention_avail_ma_1 +1,2,True,0,0,0,81,0,0,0,0,,0,0,0,0,0,0,0,0,0,0
all_features,lgbm,perm_p1_mse,cluster,C20,C20: adj_voldemand_spx_open_only_ma_125 +1,2,True,1.27737e-05,-3.54199e-05,5.80908e-05,46,0.00680272,0.0204826,0.401361,0,0.603258,-1.41622e-05,-9.04627e-06,9.42265e-06,7.57797e-05,4.05381e-05,-3.39099e-05,-1.75668e-19,-0.000104003,1.33185e-05,5.2886e-05
all_features,lgbm,perm_p1_mse,cluster,C21,C21: adj_voldemand_spx_open_only_ma_625 +1,2,True,-5.37313e-06,-3.77486e-05,1.78847e-05,113,0,-0.00861583,0.29932,0,,-0.000139043,-1.42395e-05,3.58395e-05,6.81313e-06,1.19855e-05,9.00876e-07,-1.75668e-19,-8.35896e-06,5.43168e-06,-9.39658e-06
all_features,lgbm,perm_p1_mse,cluster,C22,C22: adj_voldemand_spx_open_only_ma_3125 +1,2,True,5.48892e-06,-4.78585e-07,1.28718e-05,64,0,0.0088015,0.204082,0,0.3309,1.17947e-05,-2.61606e-06,2.00566e-05,7.7143e-06,3.54081e-06,-2.4714e-06,-1.75668e-19,-1.31814e-06,-5.385e-07,1.06622e-05
all_features,lgbm,perm_p1_mse,cluster,C23,C23: adj_stocktwits_sentiment_ma_25 +1,2,True,1.77531e-06,-6.32991e-05,7.43967e-05,71,0,0.00284671,0.44898,-1.38778e-17,8.61278,3.42606e-05,-2.12531e-06,-7.28016e-05,-1.24711e-05,4.01389e-05,2.25369e-05,5.51375e-05,9.34681e-05,7.21444e-06,-3.24659e-05
all_features,lgbm,perm_p1_mse,cluster,C24,C24: adj_ofi_ewstock_ma_625 +1,2,True,-1.88494e-05,-7.52946e-05,3.38481e-05,131,0.00680272,-0.0302251,0.455782,0,,0.000130419,-0.000117371,5.49254e-05,-7.43338e-05,3.16656e-05,-5.78615e-05,-3.45147e-05,-6.74796e-05,-5.09984e-05,1.30035e-05
all_features,lgbm,perm_p1_mse,cluster,C25,C25: adj_ofi_ewstock_ma_125 +1,2,True,4.86058e-05,-0.000131942,0.000230315,28,0.0748299,0.0779395,0.557823,2.56673e-05,0.72775,1.75564e-05,0.000123817,-4.74682e-05,0.000165147,4.50619e-05,4.61322e-05,-0.00019356,-0.000431578,0.000191977,0.000147512
all_features,lgbm,perm_p1_mse,cluster,C26,C26: adj_sumret3_ewstock_ma_625 +1,2,True,-1.86566e-05,-0.000106223,5.29439e-05,130,0.00680272,-0.029916,0.462585,-2.10803e-06,,0.000129165,-7.43794e-05,-0.000116449,2.15606e-05,2.11503e-05,-7.01701e-06,-5.9124e-05,1.7568e-05,-0.000152513,3.14528e-05
all_features,lgbm,perm_p1_mse,cluster,C27,C27: adj_sumret3_ewstock_ma_125 +1,2,True,-0.000212183,-0.000701983,9.21081e-05,166,0.0136054,-0.340235,0.503401,1.95572e-06,,0.000532917,-2.96461e-05,-0.00122468,-0.000140618,8.58449e-06,-0.000117521,-5.95951e-05,2.49639e-05,-0.000115698,-0.000339304
all_features,lgbm,perm_p1_mse,cluster,C28,C28: adj_sumret3_ewstock_ma_25 +1,2,True,-0.00016738,-0.000401744,-2.63995e-06,163,0.0272109,-0.268395,0.428571,-6.65618e-05,,-0.000485005,-0.000100134,-0.000596413,-0.000117925,-7.09525e-06,9.02121e-05,1.27742e-05,-0.000105376,-4.33368e-05,-0.000246854
all_features,lgbm,perm_p1_mse,cluster,C29,C29: adj_stocktwits_sentcount_ma_5 +1,2,True,-2.61106e-05,-0.000373667,0.000273697,140,0.0340136,-0.0418683,0.564626,5.03786e-05,,0.000531919,-0.000538052,0.000649537,-0.000550538,0.000211234,-0.000231872,0.000161994,-0.000352228,-4.9046e-05,9.73531e-05
all_features,lgbm,perm_p1_mse,cluster,C30,C30: har_ma_625 +2,3,True,2.20956e-06,-4.05887e-05,4.93101e-05,69,0.00680272,0.00354303,0.428571,0,4.85348,2.19672e-05,9.435e-05,-8.50409e-05,-6.9534e-05,5.47383e-05,-2.24025e-05,8.12516e-05,5.25008e-05,2.02823e-05,-2.36314e-05
all_features,lgbm,perm_p1_mse,cluster,C31,C31: adj_voldemand_spx_open_only_ma_1 +1,2,True,0.000158006,2.66717e-05,0.000287685,7,0.0748299,0.253363,0.462585,0,0.163176,0.000569317,0.000263145,-3.97929e-05,0.000293442,7.98872e-05,2.2758e-05,7.69985e-06,0.000344799,5.45265e-05,0.000141853
all_features,lgbm,perm_p1_mse,cluster,C32,C32: adj_voldemand_spx_open_only_ma_5 +1,2,True,-1.19312e-05,-6.92923e-05,4.94302e-05,124,0,-0.0191318,0.408163,-6.93889e-18,,-5.456e-05,2.43209e-05,-8.63371e-05,6.93744e-05,2.31691e-05,-7.32369e-05,-1.75668e-19,6.89299e-05,-6.13347e-05,-1.67673e-05
all_features,lgbm,perm_p1_mse,cluster,C33,C33: adj_voldemand_spx_open_only_ma_25 +1,2,True,-2.38066e-05,-8.32688e-05,2.66084e-05,137,0,-0.038174,0.442177,0,,8.90564e-05,-0.000119223,-7.56116e-05,-1.2527e-05,-1.03099e-06,2.69643e-05,-1.75668e-19,5.79971e-07,-1.67437e-05,-3.55413e-05
all_features,lgbm,perm_p1_mse,cluster,C34,C34: adj_voldemand_spx_open_and_close_ma_1 +1,2,True,-2.65903e-05,-8.21356e-05,3.2929e-05,142,0,-0.0426376,0.408163,-1.38778e-17,,9.4097e-05,-0.000175096,-2.26114e-05,-0.000100502,7.89485e-05,2.10896e-05,-1.75668e-19,-8.38641e-05,-9.14116e-06,-1.49565e-05
all_features,lgbm,perm_p1_mse,cluster,C35,C35: adj_voldemand_spx_open_and_close_ma_5 +1,2,True,-1.09225e-06,-5.78507e-05,6.53635e-05,99,0.00680272,-0.00175143,0.482993,0,,5.51388e-05,-6.47471e-05,-6.85117e-05,3.39554e-05,0.000123533,-5.67299e-05,-1.75668e-19,-5.56595e-05,-4.68277e-05,3.91702e-05
all_features,lgbm,perm_p1_mse,cluster,C36,C36: adj_voldemand_spx_open_and_close_ma_25 +1,2,True,9.18025e-06,-5.19722e-05,7.25993e-05,56,0.00680272,0.0147206,0.435374,-3.46945e-18,1.97219,0.000123536,-0.000201892,1.9676e-05,1.58218e-05,0.000129675,3.44993e-05,-1.75668e-19,-9.3726e-05,2.55415e-05,3.70973e-05
all_features,lgbm,perm_p1_mse,cluster,C37,C37: adj_voldemand_spx_open_and_close_ma_125 +1,2,True,1.0019e-05,-9.31123e-05,0.000117688,52,0.0136054,0.0160655,0.428571,-6.93889e-18,4.43002,0.00024708,9.81091e-05,-0.00021313,2.61536e-05,4.35177e-05,-2.27263e-05,-1.72714e-05,-3.23186e-05,0.000191655,-6.03335e-05
all_features,lgbm,perm_p1_mse,cluster,C38,C38: adj_voldemand_spx_open_and_close_ma_625 +1,2,True,5.3199e-05,4.91589e-06,0.000135451,25,0,0.0853047,0.340136,0,0.667166,-1.39394e-05,3.87078e-05,0.000222809,3.68257e-05,1.15304e-05,8.42444e-06,-1.75668e-19,3.42587e-05,5.47757e-06,8.20752e-05
all_features,lgbm,perm_p1_mse,cluster,C39,C39: adj_voldemand_spx_open_and_close_ma_3125 +1,2,True,1.68436e-06,-6.5081e-06,1.00146e-05,72,0,0.00270087,0.210884,0,1.5352,1.34539e-05,-1.14476e-06,-1.64854e-05,6.22758e-06,1.97518e-05,-5.40214e-06,-1.75668e-19,7.51132e-06,-1.05659e-05,5.40199e-06
all_features,lgbm,perm_p1_mse,cluster,C40,C40: adj_spread_ewstock_ma_1 +1,2,True,1.19996e-05,-7.60148e-05,9.29711e-05,48,0,0.0192414,0.564626,3.33681e-05,1.17683,-7.67896e-05,0.000179491,7.36558e-05,-1.4778e-05,-0.000186539,0.000104362,-0.000167503,0.000130999,1.7455e-05,-3.16887e-05
all_features,lgbm,perm_p1_mse,cluster,C41,C41: adj_effspread_ewstock_ma_1 +1,2,True,8.70817e-05,1.32013e-05,0.000164766,15,0.0204082,0.139636,0.52381,1.79787e-05,0.186356,0.000372989,-2.41971e-05,0.000280153,5.49718e-06,-3.68568e-05,4.31867e-05,0.000161147,3.68362e-05,3.83827e-05,0.000127237
all_features,lgbm,perm_p1_mse,cluster,C42,C42: adj_effspread_vwstock_ma_1 +1,2,True,3.15009e-05,-3.02554e-05,9.45062e-05,35,0.0204082,0.0505118,0.55102,1.69067e-05,0.456496,0.000112102,-5.87989e-05,0.000132224,6.82412e-05,-4.33528e-05,5.92303e-05,-8.98284e-05,1.08698e-05,6.14467e-05,2.4621e-05
all_features,lgbm,perm_p1_mse,cluster,C43,C43: adj_spread_vwstock_ma_1 +1,2,True,-1.2391e-05,-8.17652e-05,5.17121e-05,125,0,-0.0198691,0.360544,0,,2.51914e-05,-7.17883e-05,6.16844e-05,-0.000136383,-1.75337e-05,7.47009e-05,1.98807e-05,1.21751e-05,-2.84221e-05,-1.33821e-05
all_features,lgbm,perm_p1_mse,cluster,C44,C44: adj_numobs_ma_1 +3,4,True,3.2865e-06,-3.75776e-11,7.70906e-06,66,0,0.00526992,0.170068,0,0.585507,1.98465e-05,5.82333e-06,2.42324e-06,-4.16334e-19,5.11788e-07,-2.08167e-18,-1.75668e-19,6.68437e-07,4.79476e-06,3.4858e-06
all_features,lgbm,perm_p1_mse,cluster,C45,C45: adj_stocktwits_attention_ma_1 +1,2,True,2.35521e-05,-0.000147826,0.000205687,40,0.0408163,0.0377658,0.517007,1.55404e-05,1.62972,0.000453402,-0.000282169,9.07736e-05,0.000115629,3.66165e-06,-2.83478e-05,4.54494e-05,-5.46543e-05,0.000139349,-3.595e-06
all_features,lgbm,perm_p1_mse,cluster,C46,C46: har_ma_25 +3,4,True,0.00245445,0.0014031,0.00353541,2,0.503401,3.93572,0.632653,0.00098413,0.095151,0.00507493,0.00236315,0.00337916,0.0049502,0.000661062,-0.000194276,0.00167587,0.00155212,0.000708013,0.00358353
all_features,lgbm,perm_p1_mse,cluster,C47,C47: adj_turnover_ewstock_ma_1 +5,6,True,-0.000205722,-0.000442704,1.12353e-05,165,0.0544218,-0.329876,0.503401,1.36162e-06,,-0.000264082,-0.000188057,-6.88822e-05,-4.56845e-05,-0.000195803,-0.000530702,-0.000110288,-0.000454018,9.97713e-05,-0.000262833
all_features,lgbm,perm_p1_mse,cluster,C48,C48: adj_sumvolume_ma_1 +1,2,True,0.000562743,8.16082e-05,0.00106723,6,0.278912,0.90236,0.544218,0.000113338,0.164722,0.00163926,-0.000560551,0.000475812,0.000739843,0.000670192,0.00151597,-0.00115373,0.000222446,0.000321661,0.000793179
all_features,lgbm,perm_p1_mse,cluster,C49,C49: har_ma_1 +3,4,True,0.0583059,0.0468166,0.0706026,1,0.938776,93.4937,0.945578,0.034702,0.0607186,0.0836735,0.0405209,0.0751137,0.0769583,0.0506155,0.0469598,0.0231211,0.053098,0.0495594,0.0641987
all_features,lgbm,perm_p1_mse,cluster,C50,C50: adj_sumabsret_ewstock_ma_1 +3,4,True,0.000695853,8.59822e-05,0.001267,5,0.428571,1.1158,0.571429,0.000375625,0.168466,0.000400017,-0.000179808,0.000913942,0.000820235,0.0011774,0.000855617,0.000951373,0.00102379,2.38524e-05,0.000896921
all_features,lgbm,perm_p1_mse,cluster,C51,C51: adj_sumabsret_ma_1 +7,8,True,-0.000163566,-0.00085051,0.000512532,162,0.163265,-0.262279,0.517007,4.62163e-05,,0.00261456,-0.00129689,-0.00107386,0.000987146,0.000221187,-0.000539796,-0.00179304,-0.00141579,-0.000901867,0.000614752
all_features,lgbm,perm_p1_mse,cluster,C52,C52: sumret2_ewstock_avail_ma_125 +23,24,True,4.1228e-07,-5.85682e-06,7.16919e-06,79,0,0.000661092,0.176871,0,3.70986,-1.777e-05,4.62634e-06,9.53059e-07,2.49893e-06,3.39958e-06,-4.16334e-19,0,-6.13491e-06,5.01531e-06,5.21745e-07
all_features,lgbm,perm_p1_mse,cluster,C53,C53: adj_stocktwits_attention_ma_125 +1,2,True,-9.09688e-05,-0.000169402,-2.36468e-05,158,0.00680272,-0.145869,0.496599,-5.53609e-09,,-0.000415526,-0.000163706,-8.71029e-05,4.54729e-06,2.14753e-05,-4.93013e-05,-0.000119693,-0.000168103,-6.51521e-05,-7.63847e-05
all_features,lgbm,perm_p1_mse,cluster,C54,C54: adj_stocktwits_attention_ma_625 +1,2,True,-4.26398e-05,-0.000100583,8.71363e-06,148,0.0136054,-0.068373,0.394558,-1.2921e-05,,-5.87844e-05,-2.79165e-05,-0.000249329,7.49643e-05,-1.42081e-05,5.10843e-06,-2.36906e-05,-3.98762e-05,-3.23914e-05,-4.83903e-05
all_features,lgbm,perm_p1_mse,cluster,C55,C55: vix3m_avail_ma_625 +1,2,True,-2.5556e-06,-1.21239e-05,8.55974e-06,108,0,-0.00409791,0.231293,0,,3.28108e-05,8.34176e-07,-3.62741e-06,1.35364e-07,-1.48031e-05,-1.3252e-05,-4.42627e-06,-1.23624e-05,5.16909e-07,-6.03221e-07
all_features,lgbm,perm_p1_mse,cluster,C56,C56: vix_avail_ma_1 +4,5,True,0,-4.72999e-20,4.72677e-20,81,0,0,0.00680272,0,,0,0,0,0,0,0,0,0,0,0
all_features,lgbm,perm_p1_mse,cluster,C57,C57: adj_numobs_ma_3125 +33,34,True,8.0536e-06,-2.28806e-05,4.35404e-05,59,0,0.012914,0.380952,0,1.2081,-6.0802e-05,-1.77685e-05,9.08183e-05,3.71843e-05,-1.97804e-07,-3.03856e-05,-1.75668e-19,-3.23483e-05,3.57399e-05,9.06523e-06
all_features,lgbm,perm_p1_mse,cluster,C58,C58: adj_turnover_vwstock_ma_625 +2,3,True,-3.53591e-05,-0.00013578,3.2495e-05,145,0.00680272,-0.0566984,0.462585,0,,-7.12004e-05,3.16761e-06,-0.000225609,3.99235e-05,-2.13323e-05,3.29777e-05,-1.75668e-19,9.16863e-06,7.42776e-05,-0.000102051
all_features,lgbm,perm_p1_mse,cluster,C59,C59: adj_turnover_ewstock_ma_3125 +7,8,True,4.51317e-05,-1.03966e-05,0.000107471,30,0.00680272,0.0723687,0.462585,0,0.324271,0.00010427,-5.59835e-05,0.000164258,1.34129e-05,-3.15707e-05,0.000123096,-1.75668e-19,1.14806e-05,0.000147065,9.06932e-06
all_features,lgbm,perm_p1_mse,cluster,C60,C60: adj_turnover_ewstock_ma_625 +2,3,True,-1.39416e-05,-8.36285e-05,6.07314e-05,127,0.0204082,-0.0223554,0.469388,0,,-0.000178316,1.39358e-05,2.12734e-05,-4.38051e-06,-0.000113751,8.52319e-05,2.51172e-05,-2.48766e-05,2.24472e-05,-2.71879e-05
all_features,lgbm,perm_p1_mse,cluster,C61,C61: adj_turnover_vwstock_ma_1 +5,6,True,4.24442e-05,-0.000702861,0.000845792,31,0.115646,0.0680593,0.530612,1.74125e-05,7.40485,-0.000361415,-0.000378445,-0.000634315,-1.50031e-05,0.00132947,0.000178362,-8.73315e-05,-0.00098176,0.000698553,8.94956e-05
all_features,lgbm,perm_p1_mse,cluster,C62,C62: adj_turnover_vwstock_ma_25 +5,6,True,-5.94559e-06,-0.000529909,0.000590891,114,0.0612245,-0.00953376,0.564626,3.31053e-05,,0.000524937,2.31724e-05,0.00110031,-0.000112594,-0.000723032,-0.000589814,-2.17624e-05,-6.83359e-05,-0.000266494,0.000137532
all_features,lgbm,perm_p1_mse,cluster,C63,C63: adj_turnover_ewstock_ma_125 +2,3,True,2.41306e-05,-5.86415e-05,0.000107332,38,0.0408163,0.0386935,0.489796,-5.35897e-06,1.02528,0.00017865,-6.82939e-06,1.62679e-05,0.000101484,-0.000140631,5.75433e-05,6.75047e-05,0.000150941,5.87355e-05,-3.58965e-05
all_features,lgbm,perm_p1_mse,cluster,C64,C64: adj_turnover_ewstock_ma_25 +2,3,True,4.7017e-05,-6.84631e-05,0.000166519,29,0.0408163,0.0753918,0.55102,3.61058e-05,0.363352,4.25983e-05,0.000236125,0.000262041,-0.000149602,-0.000104778,-7.74876e-06,2.73383e-05,3.39349e-07,0.000126052,2.61719e-05
all_features,lgbm,perm_p1_mse,cluster,C65,C65: sumret2_ewstock_avail_ma_3125 +21,22,True,1.03701e-05,-3.4982e-05,5.75067e-05,51,0.00680272,0.0166285,0.326531,0,0.567211,2.66153e-05,1.27574e-05,-2.80501e-06,-1.9975e-05,8.21811e-05,-3.79148e-05,3.90537e-05,6.84996e-05,-6.12073e-05,2.37672e-05
all_features,lgbm,perm_p1_mse,cluster,C66,C66: voldemand_spx_open_and_close_active_ma_25 +15,16,True,-4.92106e-05,-0.000202266,9.76601e-05,150,0.047619,-0.0789092,0.47619,0,,-8.72908e-05,-0.000156899,0.000110541,-0.000190112,5.78583e-06,-6.80968e-06,-1.75668e-19,-1.18783e-05,-1.87109e-05,-7.63863e-05
all_features,lgbm,perm_p1_mse,cluster,C67,C67: numobs_active_ma_625 +1,2,True,-1.38312e-07,-1.82923e-05,1.49129e-05,93,0,-0.000221784,0.346939,0,,-5.67332e-06,5.85067e-06,1.54429e-05,7.66437e-07,-2.95059e-05,-1.22098e-07,2.99725e-05,1.63938e-05,7.11878e-06,-9.24872e-06
all_features,lgbm,perm_p1_mse,cluster,C68,C68: adj_effspread_ewstock_ma_3125 +1,2,True,8.85545e-07,-2.34745e-05,2.30981e-05,76,0,0.00141997,0.333333,0,5.11076,-2.38201e-05,1.45393e-05,1.80034e-05,-1.88935e-05,-5.27559e-06,1.44371e-05,-1.8362e-05,-3.89455e-06,2.05852e-05,-6.67955e-06
all_features,lgbm,perm_p1_mse,cluster,C69,C69: adj_sumret3_ewstock_ma_3125 +1,2,True,-1.34406e-05,-3.97446e-05,1.09139e-05,126,0,-0.021552,0.353741,0,,-8.40652e-07,-2.57368e-05,-7.14322e-05,-1.80242e-05,2.49096e-05,2.50538e-05,-3.88631e-05,3.9843e-06,-3.99357e-05,-7.06694e-06
all_features,lgbm,perm_p1_mse,cluster,C70,C70: adj_spread_vwstock_ma_25 +1,2,True,6.91655e-06,-3.29832e-05,4.84973e-05,61,0.0136054,0.0110907,0.462585,0,1.10838,0.000122421,-4.04831e-05,3.81107e-05,-7.56831e-05,-5.49205e-06,6.00956e-05,6.49956e-06,4.43646e-06,-1.92172e-05,2.00019e-05
all_features,lgbm,perm_p1_mse,cluster,C71,C71: vix_avail_ma_25 +3,4,True,8.47259e-06,-8.61056e-06,2.59925e-05,57,0,0.0135858,0.346939,0,0.62973,-4.27845e-05,1.15637e-05,2.66566e-05,1.32291e-05,1.15249e-05,4.76862e-06,1.21125e-05,4.58471e-06,4.88186e-06,1.14967e-05
all_features,lgbm,perm_p1_mse,cluster,C72,C72: sumret3_ewstock_avail_ma_3125 +1,2,True,1.92565e-06,-7.39384e-05,6.86958e-05,70,0.0136054,0.00308778,0.333333,0,4.02281,1.57225e-05,-5.55835e-06,4.21697e-05,-0.000118137,0.000101582,-1.66941e-05,-1.75668e-19,1.79455e-05,2.99318e-05,-1.67162e-05
all_features,lgbm,perm_p1_mse,cluster,C73,C73: stocktwits_sentiment_avail_ma_25 +7,8,True,-2.81051e-19,-1.36916e-18,8.88101e-19,91,0,-4.50666e-16,0.142857,0,,0,-9.34082e-19,2.77556e-19,-4.16334e-19,1.59595e-18,-2.08167e-18,-1.75668e-19,-1.98254e-18,-3.11243e-19,3.21245e-19
all_features,lgbm,perm_p1_mse,cluster,C74,C74: vvix_avail_ma_1 +5,6,True,-2.02067e-06,-1.60058e-05,1.31292e-05,105,0,-0.00324014,0.285714,0,,-4.3575e-05,-3.71384e-06,2.20808e-05,-2.88163e-06,-8.37868e-06,8.23849e-06,-1.3959e-05,8.39364e-07,1.34561e-05,-1.02509e-05
all_features,lgbm,perm_p1_mse,cluster,C75,C75: voldemand_spx_open_and_close_avail_ma_1 +23,24,True,-6.05006e-06,-2.89224e-05,1.86452e-05,115,0,-0.00970129,0.272109,0,,-7.39719e-06,-1.52925e-05,-6.11575e-05,2.44572e-05,5.26951e-05,-3.17943e-05,-1.75668e-19,-7.17852e-06,-8.61763e-06,-4.45861e-06
all_features,lgbm,perm_p1_mse,cluster,C76,C76: stocktwits_attention_avail_ma_3125 +8,9,True,7.94211e-07,-1.11003e-18,2.38426e-06,77,0,0.00127352,0.136054,0,1,0,4.48729e-06,2.77556e-19,-4.16334e-19,1.31839e-18,-2.08167e-18,-1.75668e-18,4.16677e-06,-6.40795e-19,2.3558e-19
all_features,lgbm,perm_p1_mse,cluster,C77,C77: stocktwits_sentiment_avail_ma_5 +1,2,True,-1.41706e-19,-5.42839e-19,1.18008e-19,88,0,-2.27227e-16,0.0204082,0,,0,-9.34082e-19,1.38778e-19,0,0,0,0,-1.23909e-19,-4.57711e-19,0
all_features,lgbm,perm_p1_mse,cluster,C78,C78: stocktwits_sentiment_avail_ma_1 +1,2,True,0,0,0,81,0,0,0,0,,0,0,0,0,0,0,0,0,0,0
all_features,lgbm,perm_p1_mse,cluster,C79,C79: har_ma_3125 +1,2,True,1.7348e-05,-2.04183e-05,7.23472e-05,42,0,0.0278176,0.37415,0,1.36553,-4.68068e-05,-1.88073e-05,0.000148641,-4.59591e-06,-1.83787e-05,3.45764e-06,5.28857e-05,2.91513e-06,5.83373e-06,2.77247e-05
all_features,lgbm,perm_p1_mse,cluster,C80,C80: adj_sumret4_ewstock_ma_625 +1,2,True,3.47417e-05,-4.06574e-06,9.54272e-05,33,0.00680272,0.0557085,0.394558,0,0.775023,-1.41518e-05,4.10579e-05,0.000173814,5.06047e-06,-8.61745e-06,-9.34139e-06,2.4955e-05,3.44451e-05,-4.26672e-06,5.30964e-05
all_features,lgbm,perm_p1_mse,cluster,C81,C81: adj_sumret4_ewstock_ma_25 +3,4,True,5.43512e-05,7.06918e-06,0.000102116,23,0.00680272,0.0871522,0.591837,1.75468e-05,0.149789,0.000167099,5.42327e-05,9.58813e-05,3.67103e-05,1.32494e-05,6.39416e-06,7.54399e-05,0.000184568,1.76895e-06,3.39414e-05
all_features,lgbm,perm_p1_mse,cluster,C82,C82: adj_effspread_ewstock_ma_625 +2,3,True,-8.99179e-06,-7.41584e-05,5.25439e-05,121,0,-0.0144184,0.414966,-1.03978e-05,,0.000219079,-7.0459e-07,1.60079e-05,-2.18175e-05,-4.8586e-05,-5.11304e-05,-0.00019145,-6.33844e-05,-1.49648e-05,1.26054e-05
all_features,lgbm,perm_p1_mse,cluster,C83,C83: adj_sumabsret_ma_625 +3,4,True,5.85541e-05,6.54914e-06,0.000113555,22,0.00680272,0.0938916,0.55102,5.45543e-06,0.245661,9.64497e-05,-8.24157e-06,0.000134795,0.000108544,-4.7723e-06,3.59019e-05,8.86466e-05,2.05269e-05,-9.53889e-06,0.00010356
all_features,lgbm,perm_p1_mse,cluster,C84,C84: adj_sumret2_ewstock_ma_625 +7,8,True,7.44389e-05,-1.2445e-05,0.00017133,17,0.0272109,0.119363,0.482993,0,0.325847,0.000100155,0.00014374,9.56217e-05,7.66835e-05,-4.72902e-05,9.8872e-05,3.78031e-05,9.27684e-05,6.90221e-05,7.06373e-05
all_features,lgbm,perm_p1_mse,cluster,C85,C85: adj_sumret4_ewstock_ma_1 +1,2,True,6.93056e-05,7.01066e-06,0.000138718,19,0.0136054,0.111132,0.489796,0,0.226597,4.47154e-05,3.77794e-05,0.000185341,-6.8474e-06,0.0001063,-8.42844e-05,0.00045629,3.27379e-05,5.20606e-05,9.00151e-05
all_features,lgbm,perm_p1_mse,cluster,C86,C86: adj_sumret4_ewstock_ma_5 +1,2,True,-9.1883e-06,-3.70409e-05,1.75117e-05,122,0,-0.0147335,0.435374,0,,-1.52019e-05,-2.10406e-05,-2.65792e-06,-1.98236e-05,-1.24615e-05,2.37546e-06,2.64694e-05,-2.92039e-06,-6.04096e-05,1.26115e-05
all_features,lgbm,perm_p1_mse,cluster,C87,C87: adj_spread_ewstock_ma_25 +1,2,True,-7.98168e-05,-0.000183768,3.75092e-06,155,0.00680272,-0.127986,0.496599,0,,-2.69926e-05,-9.14902e-05,-0.000280495,-1.12223e-05,3.87621e-05,-0.000127831,6.63534e-05,-0.0001296,-7.39771e-05,-6.53401e-05
all_features,lgbm,perm_p1_mse,cluster,C88,C88: adj_effspread_ewstock_ma_125 +1,2,True,-1.70402e-05,-7.94576e-05,4.28101e-05,129,0,-0.0273241,0.537415,5.56387e-06,,0.000155353,1.83967e-05,6.28058e-06,-1.88569e-05,-6.17132e-05,-0.000134346,2.71855e-05,-0.000100098,-5.12505e-06,6.09583e-06
all_features,lgbm,perm_p1_mse,cluster,C89,C89: adj_effspread_ewstock_ma_25 +1,2,True,5.14417e-05,-4.62682e-05,0.000167246,26,0.0204082,0.0824869,0.510204,4.19502e-06,0.646153,7.66744e-05,9.13962e-05,0.000240515,7.06169e-05,-0.000119879,-6.89349e-05,0.000142506,-0.000122778,0.00013665,7.17967e-05
all_features,lgbm,perm_p1_mse,cluster,C90,C90: adj_sumret2_ewstock_ma_5 +5,6,True,0.000116372,-3.85524e-05,0.000273298,11,0.0408163,0.186603,0.469388,-1.10037e-05,0.322928,0.000291203,6.83367e-05,-0.000239452,0.000184997,0.00037754,2.21563e-05,0.000367297,-2.76043e-05,0.000113364,0.000167549
all_features,lgbm,perm_p1_mse,cluster,C91,C91: adj_sumpret2_ewstock_ma_1 +1,2,True,-8.74356e-06,-0.000103719,7.15186e-05,120,0.00680272,-0.0140203,0.517007,4.92213e-06,,-0.000402253,3.8099e-05,3.92293e-05,4.94634e-05,5.83805e-05,-7.612e-05,0.000149425,-3.72745e-05,-1.05882e-06,-2.47671e-06
all_features,lgbm,perm_p1_mse,cluster,C92,C92: adj_sumret2_ewstock_ma_1 +1,2,True,6.61802e-05,-2.29491e-05,0.000161948,20,0.00680272,0.10612,0.517007,6.19539e-06,0.54683,0.00035938,-2.60499e-05,0.000261149,-4.46325e-05,-1.34178e-05,-4.12631e-05,0.000212826,1.95428e-05,1.55347e-06,0.000112541
all_features,lgbm,perm_p1_mse,cluster,C93,C93: adj_sumbipow_ewstock_ma_1 +1,2,True,-9.34214e-05,-0.000339087,9.98239e-05,159,0.0204082,-0.149801,0.489796,-3.35833e-06,,7.3419e-05,-0.00017868,-0.000401418,0.000169291,-5.88254e-05,-0.000169817,0.00018821,0.000159943,-0.000115705,-0.000170578
all_features,lgbm,perm_p1_mse,cluster,C94,C94: adj_sumabsret_ma_125 +3,4,True,-2.07917e-05,-0.000108374,6.25989e-05,134,0.0136054,-0.0333395,0.482993,0,,-0.000438494,9.65828e-05,-6.66043e-06,-7.87789e-05,1.81496e-05,1.57373e-05,0.000180225,-5.22971e-05,1.50865e-05,-2.66884e-05
all_features,lgbm,perm_p1_mse,cluster,C95,C95: adj_sumabsret_ma_25 +3,4,True,-2.82551e-05,-0.000184601,9.83172e-05,144,0.0272109,-0.045307,0.544218,2.11318e-05,,6.78684e-05,-8.22585e-05,-0.000259097,0.000249408,0.000126918,-0.000126166,-0.000338079,2.0864e-05,-0.000269832,6.77996e-05
all_features,lgbm,perm_p1_mse,cluster,C96,C96: adj_sumret2_ewstock_ma_125 +3,4,True,-1.92059e-05,-8.61307e-05,4.83137e-05,132,0.00680272,-0.0307967,0.469388,0,,3.55812e-05,-5.7875e-05,-4.90045e-05,-0.000154151,3.02359e-05,5.82782e-05,0.00013758,5.72136e-05,-1.20609e-05,-4.89656e-05
all_features,lgbm,perm_p1_mse,cluster,C97,C97: adj_sumret2_vwstock_ma_125 +3,4,True,4.57824e-07,-6.23903e-05,6.45424e-05,78,0,0.000734122,0.482993,0,15.5581,4.29287e-05,9.01328e-05,-1.81613e-05,-8.92707e-05,-0.000116764,0.000101689,2.89102e-05,0.000125196,4.30484e-05,-6.25897e-05
all_features,lgbm,perm_p1_mse,cluster,C98,C98: adj_sumret2_ewstock_ma_25 +3,4,True,-5.21953e-05,-0.000153758,5.03628e-05,152,0.047619,-0.0836953,0.455782,-3.55851e-05,,0.000145662,2.30859e-05,-0.000216992,-0.000130412,-0.00013268,6.37075e-05,3.13991e-05,0.0001657,-6.57654e-05,-0.000121168
all_features,lgbm,perm_p1_mse,cluster,C99,C99: adj_sumret2_vwstock_ma_25 +3,4,True,2.82059e-05,-9.09148e-05,0.00015991,37,0.0408163,0.0452282,0.52381,1.0749e-05,1.3495,-0.000373474,0.000162731,-0.000133803,-5.78528e-05,6.80526e-05,0.000304865,2.98803e-05,0.000171638,0.00011063,-5.9942e-05
all_features,lgbm,perm_p1_mse,cluster,C100,C100: adj_sumret3_ewstock_ma_1 +1,2,True,7.34709e-05,-2.83987e-05,0.000172024,18,0.0340136,0.117811,0.557823,1.09753e-05,0.24926,0.000146143,7.80979e-05,0.000331986,1.8491e-05,-7.52901e-05,5.44283e-06,-1.94006e-05,2.78497e-06,3.82228e-05,0.000114398
all_features,lgbm,perm_p1_mse,cluster,C101,C101: adj_sumret3_ewstock_ma_5 +1,2,True,-9.03959e-05,-0.000179112,-7.53377e-06,157,0.00680272,-0.14495,0.462585,-1.82665e-05,,-0.000164484,-0.000161984,6.28326e-06,-0.000117936,-0.000102292,2.46186e-05,-0.00027799,2.61776e-06,-8.37074e-05,-0.000125678
all_features,lgbm,perm_p1_mse,cluster,adj_sumret_ma_1,adj_sumret_ma_1,1,True,0.00012989,-0.000199933,0.000459092,9,0.142857,0.208278,0.537415,3.97207e-05,0.489471,0.00045061,-0.000255446,0.000749963,0.000234678,0.000177739,-0.000312045,-0.000176447,-0.000420482,-5.97322e-05,0.000408866
all_features,lgbm,perm_p1_mse,cluster,adj_sumret_ma_5,adj_sumret_ma_5,1,True,0.000722604,-0.00013461,0.0019037,4,0.29932,1.1587,0.591837,0.000375513,0.443984,0.00473263,0.000456112,0.000882441,0.000298419,0.000295631,-0.000237501,0.000226914,0.00199041,0.000150652,0.000551968
all_features,lgbm,perm_p1_mse,cluster,adj_sumret_ma_25,adj_sumret_ma_25,1,True,0.0001301,-0.000159553,0.000413557,8,0.136054,0.208615,0.530612,2.47685e-05,0.462138,0.000341778,-0.000486857,0.000229563,0.000660927,0.000109525,4.04704e-05,0.000166416,-0.000193177,0.000202235,0.000208097
all_features,lgbm,perm_p1_mse,cluster,adj_sumret_ma_125,adj_sumret_ma_125,1,True,-0.000186823,-0.00119031,0.000769972,164,0.0748299,-0.299572,0.47619,-3.46945e-18,,0.00385253,-0.000817946,-0.00187488,0.000253205,-0.000544499,-1.95084e-05,-0.000204862,0.000207063,-6.76972e-05,-0.000378721
all_features,lgbm,perm_p1_mse,cluster,adj_sumret_ma_625,adj_sumret_ma_625,1,True,-4.63069e-05,-0.000110309,1.439e-05,149,0,-0.0742532,0.462585,0,,3.00125e-05,-5.23544e-05,-0.000135923,-5.1818e-05,-5.42862e-05,9.604e-05,-0.000276169,-2.21803e-05,-0.000117513,-2.13296e-05
all_features,lgbm,perm_p1_mse,cluster,adj_sumret_ma_3125,adj_sumret_ma_3125,1,True,-2.94125e-06,-2.85016e-05,2.33637e-05,109,0,-0.00471629,0.319728,0,,3.69857e-06,3.96391e-07,-5.81574e-06,1.55777e-05,9.67982e-07,-3.89804e-05,2.73173e-05,-5.85033e-05,-7.02842e-06,1.81778e-05
all_features,lgbm,perm_p1_mse,cluster,adj_sumret3_ma_1,adj_sumret3_ma_1,1,True,-2.68553e-05,-0.000186255,0.000136668,143,0.00680272,-0.0430625,0.394558,-2.78828e-05,,0.000399808,2.32424e-05,-0.000117745,6.54219e-05,-2.13939e-05,-0.000236832,-0.000251027,0.000119816,-9.72408e-05,-4.46231e-05
all_features,lgbm,perm_p1_mse,cluster,adj_sumret3_ma_5,adj_sumret3_ma_5,1,True,-4.16674e-09,-0.00012772,0.000135968,92,0,-6.68138e-06,0.482993,-1.86319e-05,,0.000616421,-0.000203231,-0.000157443,-2.91619e-05,8.79125e-05,8.79878e-06,-6.11066e-05,-0.000204267,2.87999e-06,6.92558e-05
all_features,lgbm,perm_p1_mse,cluster,adj_sumret3_ma_25,adj_sumret3_ma_25,1,True,1.82864e-05,-8.9141e-05,0.000111828,41,0.0136054,0.0293223,0.496599,0,0.901141,0.000219687,-8.3319e-05,-9.68652e-05,0.000180938,-3.70943e-05,0.000144987,-0.000354746,4.92339e-05,9.41241e-05,-2.7896e-05
all_features,lgbm,perm_p1_mse,cluster,adj_sumret3_ma_125,adj_sumret3_ma_125,1,True,-0.000161851,-0.000563021,9.0465e-05,161,0.0204082,-0.259529,0.462585,-3.24522e-06,,-0.00025227,-1.29354e-05,-0.000897307,4.21982e-05,4.38069e-05,-1.84126e-05,7.37611e-05,-0.000123712,1.56059e-05,-0.000258068
all_features,lgbm,perm_p1_mse,cluster,adj_sumret3_ma_625,adj_sumret3_ma_625,1,True,-8.18065e-06,-0.000100451,8.84882e-05,118,0.0136054,-0.0131177,0.428571,-3.46945e-18,,3.51671e-05,-0.000100602,-1.95911e-05,1.48779e-05,-2.35403e-05,8.99092e-05,-7.40057e-05,-1.63299e-06,1.77971e-06,-1.51045e-05
all_features,lgbm,perm_p1_mse,cluster,adj_sumret3_ma_3125,adj_sumret3_ma_3125,1,True,-1.99171e-06,-2.13564e-05,1.30054e-05,104,0,-0.00319371,0.333333,0,,-2.71466e-05,3.21063e-06,-1.45242e-05,7.90723e-06,2.62587e-06,-1.81941e-06,1.5457e-05,4.91988e-06,-1.41492e-08,-5.3062e-06
all_features,lgbm,perm_p1_mse,cluster,adj_sumautocov_ma_1,adj_sumautocov_ma_1,1,True,0.000118453,-5.76386e-06,0.000237095,10,0.0544218,0.18994,0.564626,7.19835e-05,0.284872,-0.000257299,0.000105441,8.26905e-05,0.000226828,0.000180601,0.000205623,7.72914e-05,0.000230047,6.35591e-05,0.000105562
all_features,lgbm,perm_p1_mse,cluster,adj_sumautocov_ma_5,adj_sumautocov_ma_5,1,True,5.06394e-05,-0.000110326,0.000249432,27,0.0680272,0.0812004,0.469388,-5.74309e-05,0.860949,7.13423e-05,0.00051845,-0.000123867,-0.000134876,-0.000101332,8.01908e-05,3.65611e-06,0.000265434,-0.000119396,5.59491e-05
all_features,lgbm,perm_p1_mse,cluster,adj_sumautocov_ma_25,adj_sumautocov_ma_25,1,True,-3.76071e-05,-0.000123361,3.52401e-05,146,0,-0.0603031,0.489796,-2.96835e-08,,0.00023063,-1.96294e-05,-0.000230248,5.62809e-05,-4.80843e-05,-3.29611e-05,-0.000207217,-6.7146e-05,-6.89333e-05,-1.27386e-05
all_features,lgbm,perm_p1_mse,cluster,adj_sumautocov_ma_125,adj_sumautocov_ma_125,1,True,3.0923e-05,-1.15707e-05,7.51313e-05,36,0.00680272,0.049585,0.455782,0,0.26575,9.68757e-05,8.86576e-05,6.68924e-05,-1.3343e-05,1.05191e-05,9.42959e-06,-0.000108779,-6.22444e-05,2.45057e-05,6.61316e-05
all_features,lgbm,perm_p1_mse,cluster,adj_sumvolume_ma_25,adj_sumvolume_ma_25,1,True,8.40338e-05,-2.89267e-05,0.000208534,16,0.0272109,0.134748,0.510204,5.07797e-06,0.448837,0.000434503,-8.47337e-06,0.000152984,5.40998e-05,5.93554e-05,3.90829e-07,3.10883e-05,0.000171605,-0.000129714,0.000153775
all_features,lgbm,perm_p1_mse,cluster,adj_sumvolume_ma_125,adj_sumvolume_ma_125,1,True,9.65041e-05,-6.58786e-05,0.000261352,13,0.0204082,0.154744,0.537415,3.08456e-06,0.47427,1.85866e-05,0.000161458,0.000229848,0.000449192,-0.000161148,-0.000117669,-3.40071e-05,8.35132e-05,-0.000176236,0.00022861
all_features,lgbm,perm_p1_mse,cluster,adj_sumvolume_ma_3125,adj_sumvolume_ma_3125,1,True,1.2182e-05,-1.39555e-05,4.3146e-05,47,0.00680272,0.0195339,0.421769,0,0.85748,-1.02336e-05,5.37442e-06,6.19812e-05,-2.72656e-07,5.81023e-06,3.01601e-05,-8.34346e-05,4.59034e-05,-2.89055e-05,1.97501e-05
all_features,lgbm,perm_p1_mse,cluster,adj_numobs_ma_25,adj_numobs_ma_25,1,True,9.45773e-06,-3.26631e-05,4.71086e-05,55,0,0.0151655,0.278912,0,0.672184,0.000126266,-6.57724e-06,3.05109e-05,-6.2447e-06,1.27144e-06,-2.8782e-05,-1.75668e-19,-5.30477e-05,1.08227e-05,3.04259e-05
all_features,lgbm,perm_p1_mse,cluster,adj_numobs_ma_125,adj_numobs_ma_125,1,True,1.72616e-05,-4.41882e-06,4.11422e-05,43,0,0.027679,0.408163,0,0.217246,8.22608e-05,4.63535e-05,1.76137e-05,-1.52132e-05,-7.09936e-06,2.37923e-05,-2.73661e-05,2.76746e-05,-8.0552e-06,2.55078e-05
all_features,lgbm,perm_p1_mse,cluster,adj_numobs_ma_625,adj_numobs_ma_625,1,True,-2.24784e-06,-3.72551e-05,3.28356e-05,106,0,-0.00360442,0.394558,0,,8.57639e-06,1.3021e-05,5.00414e-07,-5.55352e-05,-4.121e-05,2.71501e-05,0.000119888,4.45749e-05,6.52113e-05,-4.99977e-05
all_features,lgbm,perm_p1_mse,cluster,adj_spread_ewstock_ma_3125,adj_spread_ewstock_ma_3125,1,True,-1.96098e-05,-4.86945e-05,1.73018e-06,133,0,-0.0314444,0.244898,0,,2.78841e-07,-1.95712e-05,-6.39832e-05,1.05272e-05,1.50932e-06,-4.53661e-05,7.26138e-06,-3.5765e-05,-6.76094e-06,-2.00373e-05
all_features,lgbm,perm_p1_mse,cluster,adj_spread_vwstock_ma_625,adj_spread_vwstock_ma_625,1,True,-4.11158e-07,-1.95065e-05,1.92044e-05,94,0,-0.000659292,0.312925,0,,4.83691e-05,-1.19337e-06,1.63571e-05,-1.82629e-05,-2.24675e-06,-1.62861e-05,-1.86335e-05,-3.70691e-06,-1.02075e-05,5.31183e-06
all_features,lgbm,perm_p1_mse,cluster,adj_spread_vwstock_ma_3125,adj_spread_vwstock_ma_3125,1,True,-8.40653e-06,-1.86837e-05,-4.68781e-07,119,0,-0.0134799,0.163265,0,,-3.41501e-06,-4.57183e-06,-1.74844e-05,4.35954e-06,-1.70476e-05,-1.15796e-05,-3.52612e-06,-3.84177e-06,-7.85665e-06,-1.02418e-05
all_features,lgbm,perm_p1_mse,cluster,adj_stocktwits_attention_ma_25,adj_stocktwits_attention_ma_25,1,True,3.81137e-05,-3.81842e-05,0.000121328,32,0.0136054,0.0611154,0.489796,-5.54336e-07,0.544554,-4.62863e-05,-3.79899e-05,0.000186359,5.28961e-05,5.30598e-05,-2.18561e-05,5.40355e-05,-5.13219e-05,8.64904e-05,4.63941e-05
all_features,lgbm,perm_p1_mse,cluster,adj_stocktwits_attention_ma_3125,adj_stocktwits_attention_ma_3125,1,True,2.36533e-05,-6.19019e-06,5.84141e-05,39,0,0.0379281,0.353741,0,0.357386,-9.44674e-06,4.86707e-05,2.32647e-05,4.56744e-05,-5.19065e-05,9.06943e-05,-4.57129e-05,6.31723e-05,3.02857e-06,1.96427e-05
all_features,lgbm,perm_p1_mse,cluster,adj_stocktwits_sentiment_ma_1,adj_stocktwits_sentiment_ma_1,1,True,-8.68812e-05,-0.000289082,0.000112097,156,0.0340136,-0.139314,0.482993,-6.93071e-06,,0.000196957,-0.000365986,0.000292164,-0.0003154,-8.2108e-05,-0.000209172,0.000260157,-0.000192588,-5.78494e-05,-6.39245e-05
all_features,lgbm,perm_p1_mse,cluster,adj_stocktwits_sentiment_ma_5,adj_stocktwits_sentiment_ma_5,1,True,-6.50569e-05,-0.000164087,1.91742e-05,154,0.00680272,-0.104319,0.455782,-6.93889e-18,,-0.00027662,-0.000259589,-3.74513e-05,-7.05645e-05,7.96979e-05,4.35924e-05,5.14743e-05,-0.000145101,-8.64545e-05,-2.73754e-05
all_features,lgbm,perm_p1_mse,cluster,adj_stocktwits_sentiment_ma_625,adj_stocktwits_sentiment_ma_625,1,True,-0.000127184,-0.000439011,4.40267e-05,160,0,-0.20394,0.360544,0,,0.00010896,4.25852e-05,-0.000870517,-2.6559e-05,4.51867e-05,1.20254e-06,7.61429e-06,4.96993e-05,-1.05357e-06,-0.000247345
all_features,lgbm,perm_p1_mse,cluster,adj_stocktwits_sentiment_ma_3125,adj_stocktwits_sentiment_ma_3125,1,True,5.66765e-06,-6.74982e-06,1.9257e-05,62,0,0.00908809,0.251701,0,0.80983,-1.46851e-05,-3.62743e-06,3.61187e-05,-4.16334e-19,1.96318e-05,-1.09464e-05,-2.91742e-07,-1.36462e-05,-1.01509e-05,1.97456e-05
all_features,lgbm,perm_p1_mse,cluster,adj_stocktwits_sentcount_ma_1,adj_stocktwits_sentcount_ma_1,1,True,3.44672e-05,-6.73174e-05,0.000124923,34,0.0204082,0.0552682,0.571429,3.74858e-05,0.413201,0.000193916,-0.000154824,0.000169501,0.000192025,-0.000108552,-1.72884e-05,8.55204e-05,-0.000101781,0.000120085,4.15047e-05
all_features,lgbm,perm_p1_mse,cluster,adj_stocktwits_sentcount_ma_3125,adj_stocktwits_sentcount_ma_3125,1,True,1.44762e-05,-1.54246e-05,5.42659e-05,44,0,0.0232126,0.340136,0,0.892846,3.1972e-05,-1.20384e-06,-7.05635e-06,0.000128088,-2.58036e-05,-1.89787e-05,-2.0762e-05,2.28797e-05,-1.49091e-05,2.53207e-05
all_features,lgbm,perm_p1_mse,cluster,adj_vvix_ma_125,adj_vvix_ma_125,1,True,-5.19734e-06,-1.99219e-05,9.77838e-06,112,0,-0.00833394,0.394558,0,,-4.72732e-05,-3.20794e-06,-1.56072e-05,-4.30464e-06,-3.55692e-06,1.68788e-05,1.25592e-05,-2.94793e-09,-1.80307e-05,-9.88165e-07
all_features,lgbm,perm_p1_mse,cluster,adj_vvix_ma_3125,adj_vvix_ma_3125,1,True,1.19488e-06,-5.79218e-06,9.45476e-06,74,0,0.001916,0.210884,0,2.88385,-1.37184e-05,2.49043e-06,9.46927e-06,-4.35473e-06,4.76049e-06,-9.33787e-06,3.48973e-05,1.10383e-05,-9.50046e-06,2.79658e-06
all_features,lgbm,perm_p1_mse,cluster,adj_ofi_ewstock_ma_1,adj_ofi_ewstock_ma_1,1,True,2.97547e-06,-0.0001602,0.000171064,67,0.0612245,0.00477117,0.52381,1.65142e-05,6.41579,-0.000331377,4.68855e-05,0.000270902,-3.40214e-05,0.000209174,-0.000175068,-0.000411224,1.09975e-05,-0.000264761,0.000125476
all_features,lgbm,perm_p1_mse,cluster,adj_ofi_ewstock_ma_5,adj_ofi_ewstock_ma_5,1,True,-2.45216e-05,-0.000118189,6.50378e-05,138,0.0340136,-0.0393205,0.537415,1.33318e-05,,5.12843e-05,-0.000154502,0.000287134,-0.000177503,-5.34559e-05,-3.54656e-05,-9.74191e-05,2.68936e-07,2.06818e-05,-5.4242e-05
all_features,lgbm,perm_p1_mse,cluster,adj_ofi_ewstock_ma_25,adj_ofi_ewstock_ma_25,1,True,-5.94649e-07,-0.000117689,0.000100931,96,0.047619,-0.000953522,0.55102,2.08131e-05,,-6.92494e-06,-0.000142063,6.01563e-05,-6.90139e-05,4.91338e-05,6.03591e-05,0.000149421,-0.000155967,7.61331e-05,1.72131e-05
all_features,lgbm,perm_p1_mse,cluster,adj_ofi_ewstock_ma_3125,adj_ofi_ewstock_ma_3125,1,True,4.13129e-06,-2.23796e-06,1.05853e-05,65,0,0.00662453,0.272109,0,0.252136,3.13025e-06,8.08696e-06,3.93939e-06,6.40543e-06,4.7268e-06,-4.48833e-06,1.15633e-05,-1.07964e-05,6.76428e-06,8.05951e-06
all_features,lgbm,perm_p1_mse,cluster,adj_ofi_vwstock_ma_1,adj_ofi_vwstock_ma_1,1,True,-3.96389e-05,-0.000111536,3.27786e-05,147,0,-0.0635611,0.44898,-3.0633e-05,,-0.000130486,-1.9948e-05,-2.20566e-05,-5.79227e-05,-4.15565e-05,1.45209e-05,-0.000118052,0.000140486,-7.57507e-05,-8.50076e-05
all_features,lgbm,perm_p1_mse,cluster,adj_ofi_vwstock_ma_5,adj_ofi_vwstock_ma_5,1,True,-6.04246e-05,-0.000108386,-1.44028e-05,153,0,-0.0968909,0.414966,-4.24592e-05,,-7.50431e-06,-5.25251e-05,-0.000103772,-0.000115604,-5.58172e-05,-1.55309e-05,-1.83589e-05,-3.00046e-05,-6.79631e-05,-6.74128e-05
all_features,lgbm,perm_p1_mse,cluster,adj_ofi_vwstock_ma_25,adj_ofi_vwstock_ma_25,1,True,-2.35971e-05,-8.62415e-05,3.90833e-05,136,0,-0.037838,0.455782,-1.79361e-05,,-3.45968e-05,-5.95531e-05,4.30076e-05,-6.12409e-05,-4.7747e-05,-7.92596e-06,4.80233e-05,-9.82087e-05,-4.6091e-05,1.27195e-05
all_features,lgbm,perm_p1_mse,cluster,adj_fomc_release_ma_1,adj_fomc_release_ma_1,1,False,0,0,0,0,0,0,0,0,,0,0,0,0,0,0,0,0,0,0
all_features,lgbm,perm_p1_mse,cluster,adj_fomc_release_ma_5,adj_fomc_release_ma_5,1,False,0,0,0,0,0,0,0,0,,0,0,0,0,0,0,0,0,0,0
all_features,lgbm,perm_p1_mse,cluster,adj_fomc_release_ma_25,adj_fomc_release_ma_25,1,False,0,0,0,0,0,0,0,0,,0,0,0,0,0,0,0,0,0,0
all_features,lgbm,perm_p1_mse,cluster,adj_fomc_release_ma_125,adj_fomc_release_ma_125,1,False,0,0,0,0,0,0,0,0,,0,0,0,0,0,0,0,0,0,0
all_features,lgbm,perm_p1_mse,cluster,adj_fomc_release_ma_625,adj_fomc_release_ma_625,1,False,0,0,0,0,0,0,0,0,,0,0,0,0,0,0,0,0,0,0
all_features,lgbm,perm_p1_mse,cluster,adj_fomc_release_ma_3125,adj_fomc_release_ma_3125,1,False,0,0,0,0,0,0,0,0,,0,0,0,0,0,0,0,0,0,0
all_features,lgbm,perm_p1_mse,cluster,adj_fomc_day_ma_125,adj_fomc_day_ma_125,1,True,1.14486e-05,-1.06742e-05,4.21894e-05,50,0,0.0183579,0.238095,0,0.968505,-1.95547e-05,-8.34674e-07,-8.57993e-06,4.77989e-06,7.12312e-05,1.08774e-05,-1.75668e-19,7.54652e-06,-2.64476e-06,1.93918e-05
all_features,lgbm,perm_p1_mse,cluster,adj_fomc_day_ma_625,adj_fomc_day_ma_625,1,True,-9.41247e-06,-2.83119e-05,7.52465e-06,123,0,-0.0150929,0.319728,0,,-3.71713e-05,-1.38391e-05,-5.52154e-05,3.13371e-05,1.0193e-06,1.27313e-06,-1.75668e-19,-1.9405e-05,-1.18477e-05,-4.81881e-06
all_features,lgbm,perm_p1_mse,cluster,adj_fomc_day_ma_3125,adj_fomc_day_ma_3125,1,True,8.09565e-06,4.83665e-07,1.64558e-05,58,0,0.0129814,0.285714,0,0.274502,-1.18235e-06,2.49002e-05,1.88466e-05,4.95976e-06,-1.50516e-06,-1.25456e-08,-1.75668e-19,1.47333e-05,8.5683e-06,5.58e-06
all_features,lgbm,perm_p1_mse,cluster,adj_fomc_until_inv_ma_125,adj_fomc_until_inv_ma_125,1,True,-4.6604e-06,-3.14876e-05,2.24817e-05,111,0,-0.00747296,0.421769,0,,-2.1079e-05,-2.88386e-05,-9.44726e-06,-3.39195e-05,7.47207e-05,-1.77852e-05,-1.75668e-19,6.36422e-06,-2.10412e-05,-8.06804e-07
all_features,lgbm,perm_p1_mse,cluster,adj_fomc_until_inv_ma_625,adj_fomc_until_inv_ma_625,1,True,-2.09296e-05,-6.79632e-05,2.68767e-05,135,0.0136054,-0.0335606,0.401361,-1.38778e-17,,-0.000126139,6.13722e-06,3.73215e-05,-0.00011671,-7.00668e-05,8.58959e-05,-6.74165e-07,-5.71371e-05,3.53078e-05,-3.47269e-05
all_features,lgbm,perm_p1_mse,cluster,adj_fomc_since_inv_ma_625,adj_fomc_since_inv_ma_625,1,True,9.38804e-07,-4.17597e-05,4.3126e-05,75,0,0.00150537,0.462585,0,6.76286,-6.60145e-06,9.82873e-05,-7.54035e-05,-1.55152e-05,1.93346e-05,-2.29997e-05,4.15868e-06,-5.57573e-06,4.76052e-05,-1.86445e-05
all_features,lgbm,perm_p1_mse,cluster,sumret_avail_ma_1,sumret_avail_ma_1,1,False,0,0,0,0,0,0,0,0,,0,0,0,0,0,0,0,0,0,0
all_features,lgbm,perm_p1_mse,cluster,sumret_avail_ma_5,sumret_avail_ma_5,1,False,0,0,0,0,0,0,0,0,,0,0,0,0,0,0,0,0,0,0
all_features,lgbm,perm_p1_mse,cluster,sumret_avail_ma_25,sumret_avail_ma_25,1,False,0,0,0,0,0,0,0,0,,0,0,0,0,0,0,0,0,0,0
all_features,lgbm,perm_p1_mse,cluster,sumret_avail_ma_125,sumret_avail_ma_125,1,False,0,0,0,0,0,0,0,0,,0,0,0,0,0,0,0,0,0,0
all_features,lgbm,perm_p1_mse,cluster,sumret_avail_ma_625,sumret_avail_ma_625,1,False,0,0,0,0,0,0,0,0,,0,0,0,0,0,0,0,0,0,0
all_features,lgbm,perm_p1_mse,cluster,sumret_avail_ma_3125,sumret_avail_ma_3125,1,False,0,0,0,0,0,0,0,0,,0,0,0,0,0,0,0,0,0,0
all_features,lgbm,perm_p1_mse,cluster,sumabsret_avail_ma_1,sumabsret_avail_ma_1,1,False,0,0,0,0,0,0,0,0,,0,0,0,0,0,0,0,0,0,0
all_features,lgbm,perm_p1_mse,cluster,sumabsret_avail_ma_5,sumabsret_avail_ma_5,1,False,0,0,0,0,0,0,0,0,,0,0,0,0,0,0,0,0,0,0
all_features,lgbm,perm_p1_mse,cluster,sumabsret_avail_ma_25,sumabsret_avail_ma_25,1,False,0,0,0,0,0,0,0,0,,0,0,0,0,0,0,0,0,0,0
all_features,lgbm,perm_p1_mse,cluster,sumabsret_avail_ma_125,sumabsret_avail_ma_125,1,False,0,0,0,0,0,0,0,0,,0,0,0,0,0,0,0,0,0,0
all_features,lgbm,perm_p1_mse,cluster,sumabsret_avail_ma_625,sumabsret_avail_ma_625,1,False,0,0,0,0,0,0,0,0,,0,0,0,0,0,0,0,0,0,0
all_features,lgbm,perm_p1_mse,cluster,sumabsret_avail_ma_3125,sumabsret_avail_ma_3125,1,False,0,0,0,0,0,0,0,0,,0,0,0,0,0,0,0,0,0,0
all_features,lgbm,perm_p1_mse,cluster,sumret3_avail_ma_1,sumret3_avail_ma_1,1,False,0,0,0,0,0,0,0,0,,0,0,0,0,0,0,0,0,0,0
all_features,lgbm,perm_p1_mse,cluster,sumret3_avail_ma_5,sumret3_avail_ma_5,1,False,0,0,0,0,0,0,0,0,,0,0,0,0,0,0,0,0,0,0
all_features,lgbm,perm_p1_mse,cluster,sumret3_avail_ma_25,sumret3_avail_ma_25,1,False,0,0,0,0,0,0,0,0,,0,0,0,0,0,0,0,0,0,0
all_features,lgbm,perm_p1_mse,cluster,sumret3_avail_ma_125,sumret3_avail_ma_125,1,False,0,0,0,0,0,0,0,0,,0,0,0,0,0,0,0,0,0,0
all_features,lgbm,perm_p1_mse,cluster,sumret3_avail_ma_625,sumret3_avail_ma_625,1,False,0,0,0,0,0,0,0,0,,0,0,0,0,0,0,0,0,0,0
all_features,lgbm,perm_p1_mse,cluster,sumret3_avail_ma_3125,sumret3_avail_ma_3125,1,False,0,0,0,0,0,0,0,0,,0,0,0,0,0,0,0,0,0,0
all_features,lgbm,perm_p1_mse,cluster,sumret4_avail_ma_1,sumret4_avail_ma_1,1,False,0,0,0,0,0,0,0,0,,0,0,0,0,0,0,0,0,0,0
all_features,lgbm,perm_p1_mse,cluster,sumret4_avail_ma_5,sumret4_avail_ma_5,1,False,0,0,0,0,0,0,0,0,,0,0,0,0,0,0,0,0,0,0
all_features,lgbm,perm_p1_mse,cluster,sumret4_avail_ma_25,sumret4_avail_ma_25,1,False,0,0,0,0,0,0,0,0,,0,0,0,0,0,0,0,0,0,0
all_features,lgbm,perm_p1_mse,cluster,sumret4_avail_ma_125,sumret4_avail_ma_125,1,False,0,0,0,0,0,0,0,0,,0,0,0,0,0,0,0,0,0,0
all_features,lgbm,perm_p1_mse,cluster,sumret4_avail_ma_625,sumret4_avail_ma_625,1,False,0,0,0,0,0,0,0,0,,0,0,0,0,0,0,0,0,0,0
all_features,lgbm,perm_p1_mse,cluster,sumret4_avail_ma_3125,sumret4_avail_ma_3125,1,False,0,0,0,0,0,0,0,0,,0,0,0,0,0,0,0,0,0,0
all_features,lgbm,perm_p1_mse,cluster,sumpret2_avail_ma_1,sumpret2_avail_ma_1,1,False,0,0,0,0,0,0,0,0,,0,0,0,0,0,0,0,0,0,0
all_features,lgbm,perm_p1_mse,cluster,sumpret2_avail_ma_5,sumpret2_avail_ma_5,1,False,0,0,0,0,0,0,0,0,,0,0,0,0,0,0,0,0,0,0
all_features,lgbm,perm_p1_mse,cluster,sumpret2_avail_ma_25,sumpret2_avail_ma_25,1,False,0,0,0,0,0,0,0,0,,0,0,0,0,0,0,0,0,0,0
all_features,lgbm,perm_p1_mse,cluster,sumpret2_avail_ma_125,sumpret2_avail_ma_125,1,False,0,0,0,0,0,0,0,0,,0,0,0,0,0,0,0,0,0,0
all_features,lgbm,perm_p1_mse,cluster,sumpret2_avail_ma_625,sumpret2_avail_ma_625,1,False,0,0,0,0,0,0,0,0,,0,0,0,0,0,0,0,0,0,0
all_features,lgbm,perm_p1_mse,cluster,sumpret2_avail_ma_3125,sumpret2_avail_ma_3125,1,False,0,0,0,0,0,0,0,0,,0,0,0,0,0,0,0,0,0,0
all_features,lgbm,perm_p1_mse,cluster,sumbipow_avail_ma_1,sumbipow_avail_ma_1,1,False,0,0,0,0,0,0,0,0,,0,0,0,0,0,0,0,0,0,0
all_features,lgbm,perm_p1_mse,cluster,sumbipow_avail_ma_5,sumbipow_avail_ma_5,1,False,0,0,0,0,0,0,0,0,,0,0,0,0,0,0,0,0,0,0
all_features,lgbm,perm_p1_mse,cluster,sumbipow_avail_ma_25,sumbipow_avail_ma_25,1,False,0,0,0,0,0,0,0,0,,0,0,0,0,0,0,0,0,0,0
all_features,lgbm,perm_p1_mse,cluster,sumbipow_avail_ma_125,sumbipow_avail_ma_125,1,False,0,0,0,0,0,0,0,0,,0,0,0,0,0,0,0,0,0,0
all_features,lgbm,perm_p1_mse,cluster,sumbipow_avail_ma_625,sumbipow_avail_ma_625,1,False,0,0,0,0,0,0,0,0,,0,0,0,0,0,0,0,0,0,0
all_features,lgbm,perm_p1_mse,cluster,sumbipow_avail_ma_3125,sumbipow_avail_ma_3125,1,False,0,0,0,0,0,0,0,0,,0,0,0,0,0,0,0,0,0,0
all_features,lgbm,perm_p1_mse,cluster,sumautocov_avail_ma_1,sumautocov_avail_ma_1,1,False,0,0,0,0,0,0,0,0,,0,0,0,0,0,0,0,0,0,0
all_features,lgbm,perm_p1_mse,cluster,sumautocov_avail_ma_5,sumautocov_avail_ma_5,1,False,0,0,0,0,0,0,0,0,,0,0,0,0,0,0,0,0,0,0
all_features,lgbm,perm_p1_mse,cluster,sumautocov_avail_ma_25,sumautocov_avail_ma_25,1,False,0,0,0,0,0,0,0,0,,0,0,0,0,0,0,0,0,0,0
all_features,lgbm,perm_p1_mse,cluster,sumautocov_avail_ma_125,sumautocov_avail_ma_125,1,False,0,0,0,0,0,0,0,0,,0,0,0,0,0,0,0,0,0,0
all_features,lgbm,perm_p1_mse,cluster,sumautocov_avail_ma_625,sumautocov_avail_ma_625,1,False,0,0,0,0,0,0,0,0,,0,0,0,0,0,0,0,0,0,0
all_features,lgbm,perm_p1_mse,cluster,sumautocov_avail_ma_3125,sumautocov_avail_ma_3125,1,False,0,0,0,0,0,0,0,0,,0,0,0,0,0,0,0,0,0,0
all_features,lgbm,perm_p1_mse,cluster,sumvolume_avail_ma_1,sumvolume_avail_ma_1,1,False,0,0,0,0,0,0,0,0,,0,0,0,0,0,0,0,0,0,0
all_features,lgbm,perm_p1_mse,cluster,sumvolume_avail_ma_5,sumvolume_avail_ma_5,1,False,0,0,0,0,0,0,0,0,,0,0,0,0,0,0,0,0,0,0
all_features,lgbm,perm_p1_mse,cluster,sumvolume_avail_ma_25,sumvolume_avail_ma_25,1,False,0,0,0,0,0,0,0,0,,0,0,0,0,0,0,0,0,0,0
all_features,lgbm,perm_p1_mse,cluster,sumvolume_avail_ma_125,sumvolume_avail_ma_125,1,False,0,0,0,0,0,0,0,0,,0,0,0,0,0,0,0,0,0,0
all_features,lgbm,perm_p1_mse,cluster,sumvolume_avail_ma_625,sumvolume_avail_ma_625,1,False,0,0,0,0,0,0,0,0,,0,0,0,0,0,0,0,0,0,0
all_features,lgbm,perm_p1_mse,cluster,sumvolume_avail_ma_3125,sumvolume_avail_ma_3125,1,False,0,0,0,0,0,0,0,0,,0,0,0,0,0,0,0,0,0,0
all_features,lgbm,perm_p1_mse,cluster,numobs_avail_ma_1,numobs_avail_ma_1,1,False,0,0,0,0,0,0,0,0,,0,0,0,0,0,0,0,0,0,0
all_features,lgbm,perm_p1_mse,cluster,numobs_avail_ma_5,numobs_avail_ma_5,1,False,0,0,0,0,0,0,0,0,,0,0,0,0,0,0,0,0,0,0
all_features,lgbm,perm_p1_mse,cluster,numobs_avail_ma_25,numobs_avail_ma_25,1,False,0,0,0,0,0,0,0,0,,0,0,0,0,0,0,0,0,0,0
all_features,lgbm,perm_p1_mse,cluster,numobs_avail_ma_125,numobs_avail_ma_125,1,False,0,0,0,0,0,0,0,0,,0,0,0,0,0,0,0,0,0,0
all_features,lgbm,perm_p1_mse,cluster,numobs_avail_ma_625,numobs_avail_ma_625,1,False,0,0,0,0,0,0,0,0,,0,0,0,0,0,0,0,0,0,0
all_features,lgbm,perm_p1_mse,cluster,numobs_avail_ma_3125,numobs_avail_ma_3125,1,False,0,0,0,0,0,0,0,0,,0,0,0,0,0,0,0,0,0,0
all_features,lgbm,perm_p1_mse,cluster,stocktwits_attention_avail_ma_25,stocktwits_attention_avail_ma_25,1,True,0,0,0,81,0,0,0,0,,0,0,0,0,0,0,0,0,0,0
all_features,lgbm,perm_p1_mse,cluster,stocktwits_attention_avail_ma_125,stocktwits_attention_avail_ma_125,1,True,-7.08532e-20,-2.59618e-19,2.36338e-20,87,0,-1.13613e-16,0.00680272,0,,0,-4.00321e-19,0,0,0,0,0,-2.47818e-19,9.15421e-20,-8.56654e-20
all_features,lgbm,perm_p1_mse,cluster,stocktwits_attention_avail_ma_625,stocktwits_attention_avail_ma_625,1,True,-4.11179e-07,-1.23438e-06,6.87347e-19,95,0,-0.000659327,0.136054,0,,0,-9.34082e-19,2.77556e-19,-4.16334e-19,-2.41609e-06,-1.52656e-18,-1.75668e-19,-1.98254e-18,5.49253e-20,-7.45707e-07
all_features,lgbm,perm_p1_mse,cluster,vix3m_avail_ma_125,vix3m_avail_ma_125,1,True,-1.24034e-06,-2.87756e-06,7.88057e-08,101,0,-0.00198889,0.0204082,0,,0,1.13069e-08,-8.23251e-07,-3.7542e-06,-2.31446e-06,-4.08101e-07,0,-2.47818e-19,3.44513e-07,-2.41066e-06
all_features,lgbm,perm_p1_mse,cluster,numobs_active_ma_25,numobs_active_ma_25,1,True,1.30305e-06,-6.8435e-07,3.34795e-06,73,0,0.00208944,0.136054,0,0.544065,9.45812e-06,2.10226e-06,5.52142e-07,2.77556e-19,-8.32667e-19,-5.55112e-19,0,-6.38085e-06,7.40937e-06,1.10206e-06
all_features,lgbm,perm_p1_mse,cluster,numobs_active_ma_125,numobs_active_ma_125,1,True,-7.40432e-06,-3.79398e-05,2.07041e-05,117,0,-0.0118728,0.394558,0,,-1.25138e-05,-7.39582e-05,1.9042e-05,-3.73244e-05,1.60429e-05,5.55611e-05,-4.24235e-05,-2.60024e-05,-2.21895e-06,-3.40161e-06
all_features,lgbm,perm_p1_mse,cluster,fomc_day_active_ma_125,fomc_day_active_ma_125,1,True,1.31413e-07,-2.39506e-06,2.46346e-06,80,0,0.00021072,0.0612245,0,5.85338,3.36185e-06,-1.3404e-06,2.77556e-19,0,-8.39745e-07,1.25777e-06,-1.75668e-18,5.80918e-07,6.34101e-07,-2.5918e-07
all_features,lgbm,perm_p1_mse,cluster,DOW_0,DOW_0,1,True,-1.8897e-06,-2.45821e-05,1.5729e-05,103,0,-0.00303013,0.292517,0,,6.99416e-05,-5.75745e-05,4.24702e-06,6.42095e-06,3.45046e-07,-1.18364e-06,8.14755e-06,-4.39491e-05,5.43386e-06,9.22266e-06
all_features,lgbm,perm_p1_mse,cluster,DOW_1,DOW_1,1,True,-7.98235e-07,-4.42621e-06,3.07201e-06,98,0,-0.00127997,0.115646,0,,1.05909e-05,-1.66974e-06,-4.50305e-06,-1.11358e-06,-5.22054e-06,1.81737e-06,1.7678e-06,-2.88679e-06,1.91843e-06,-1.3474e-06
all_features,lgbm,perm_p1_mse,cluster,DOW_2,DOW_2,1,True,1.1646e-05,-1.9214e-05,4.40069e-05,49,0,0.0186744,0.394558,0,0.787182,2.6927e-05,-1.59126e-05,1.96751e-05,8.76863e-06,-4.50718e-08,2.57212e-06,0.000126608,4.17836e-05,-3.33265e-05,2.22707e-05
all_features,lgbm,perm_p1_mse,cluster,DOW_3,DOW_3,1,True,-6.42967e-07,-4.13609e-06,2.67909e-06,97,0,-0.001031,0.108844,0,,-1.99354e-06,-1.92215e-06,-1.9952e-06,1.44538e-06,-6.13514e-06,3.25271e-06,8.51219e-06,-1.2145e-07,4.48099e-06,-3.22075e-06
all_features,lgbm,perm_p1_mse,cluster,DOW_4,DOW_4,1,True,5.34566e-05,-4.55815e-05,0.00015291,24,0.0136054,0.0857177,0.517007,2.02194e-06,0.30239,0.000273257,0.00011354,4.25166e-05,8.93781e-05,-1.98094e-05,-1.84114e-05,-0.000125754,9.24687e-05,6.57514e-05,3.42181e-05
all_features,lgbm,perm_p1_mse,cluster,hour,hour,1,False,0,0,0,0,0,0,0,0,,0,0,0,0,0,0,0,0,0,0
all_features,lgbm,perm_p1_mse,cluster,is_overnight,is_overnight,1,False,0,0,0,0,0,0,0,0,,0,0,0,0,0,0,0,0,0,0
all_features,lgbm,perm_p1_mse,cluster,is_open,is_open,1,False,0,0,0,0,0,0,0,0,,0,0,0,0,0,0,0,0,0,0
all_features,lgbm,perm_p1_mse,cluster,is_close,is_close,1,False,0,0,0,0,0,0,0,0,,0,0,0,0,0,0,0,0,0,0
all_features,lgbm,perm_p1_mse,cluster,is_opex,is_opex,1,True,-1.83972e-06,-4.1255e-06,1.50949e-07,102,0,-0.00295,0.0816327,0,,-2.48414e-06,1.44866e-06,-3.21987e-06,-5.70598e-06,-3.67939e-07,-9.95193e-07,-2.3294e-06,-1.14096e-06,5.69888e-08,-2.96875e-06
all_features,lgbm,perm_p1_mse,cluster,is_opex_week,is_opex_week,1,True,7.36188e-06,-1.71177e-06,2.07954e-05,60,0,0.0118048,0.210884,0,0.605332,6.18642e-05,-7.14218e-07,3.84719e-06,2.61788e-06,-9.06585e-06,1.44326e-05,1.58101e-18,4.97917e-06,7.78107e-06,7.98939e-06
all_features,lgbm,perm_p1_mse,cluster,is_month_end,is_month_end,1,True,0.00169584,0.00101764,0.00251971,3,0.238095,2.71928,0.408163,0,0.147955,0.00302572,0.00104914,0.00294664,0.00130061,0.000135646,0.00226341,0.0020694,0.00128499,0.00169759,0.00183703
all_features,lgbm,perm_p1_mse,cluster,is_quarter_end,is_quarter_end,1,True,9.98699e-05,8.38756e-06,0.000201323,12,0.047619,0.160142,0.204082,0,0.292049,0.000403041,0.000115749,0.000120485,3.84134e-05,0.000100214,-2.23738e-06,-1.75668e-19,-4.02481e-06,8.33649e-05,0.000143507
all_features,lgbm,perm_p1_mse,cluster,days_to_opex,days_to_opex,1,True,9.21875e-05,8.64934e-06,0.000181652,14,0.0612245,0.147823,0.52381,3.63069e-06,0.125524,-0.00011223,7.34168e-05,0.000325676,0.000206389,-3.42938e-05,6.64472e-05,-0.000128225,-3.8017e-05,8.09664e-05,0.000142447
all_features,lgbm,perm_p1_mse,cluster,har_ma_1_x_open,har_ma_1_x_open,1,False,0,0,0,0,0,0,0,0,,0,0,0,0,0,0,0,0,0,0
all_features,lgbm,perm_p1_mse,cluster,har_ma_5_x_open,har_ma_5_x_open,1,False,0,0,0,0,0,0,0,0,,0,0,0,0,0,0,0,0,0,0
all_features,lgbm,perm_p1_mse,cluster,har_ma_25_x_open,har_ma_25_x_open,1,False,0,0,0,0,0,0,0,0,,0,0,0,0,0,0,0,0,0,0
all_features,lgbm,perm_p1_mse,cluster,har_ma_125_x_open,har_ma_125_x_open,1,False,0,0,0,0,0,0,0,0,,0,0,0,0,0,0,0,0,0,0
all_features,lgbm,perm_p1_mse,cluster,har_ma_625_x_open,har_ma_625_x_open,1,False,0,0,0,0,0,0,0,0,,0,0,0,0,0,0,0,0,0,0
all_features,lgbm,perm_p1_mse,cluster,har_ma_3125_x_open,har_ma_3125_x_open,1,False,0,0,0,0,0,0,0,0,,0,0,0,0,0,0,0,0,0,0
