bucket,model,measure,level,unit,label,n_columns,eligible,value,lo,hi,rank,top5_share,pct_of_loss,share_refits_positive,median_refit,max_refit_share,y2018,y2019,y2020,y2021,y2022,y2023,y2024,vix_low,vix_mid,vix_high
all_features,xgb,perm_p1_mse,column,har_ma_1,har_ma_1,1,True,0.0133804,0.00946793,0.0178611,1,0.741497,22.3345,0.768707,0.00498532,0.102336,0.027177,0.00529274,0.0200689,0.0173781,0.0107154,0.0105794,0.000774475,0.0106362,0.0104296,0.0157096
all_features,xgb,perm_p1_mse,column,har_ma_5,har_ma_5,1,True,0.00613468,0.00437764,0.00808753,2,0.680272,10.24,0.727891,0.00363592,0.0550682,0.00701423,0.00533082,0.00996766,0.0095351,0.00389437,0.00406894,-0.0019309,0.00371529,0.00547291,0.00728065
all_features,xgb,perm_p1_mse,column,har_ma_25,har_ma_25,1,True,0.00106094,0.000471611,0.00163792,4,0.319728,1.77091,0.591837,0.000294289,0.13408,0.001292,0.00134427,0.000815752,0.00289794,0.000346818,4.16261e-05,0.000196345,0.000450881,-5.39443e-05,0.00179347
all_features,xgb,perm_p1_mse,column,har_ma_125,har_ma_125,1,True,0.000325012,-1.86451e-05,0.00067778,9,0.122449,0.542509,0.496599,0,0.233845,0.00128547,0.000188627,0.000144135,0.000980814,-0.000317329,-3.10498e-05,0.000849953,-0.00025584,0.00022401,0.00057306
all_features,xgb,perm_p1_mse,column,har_ma_625,har_ma_625,1,True,-1.46777e-05,-5.4891e-05,2.1105e-05,525,0.00680272,-0.0245,0.265306,0,,1.44463e-05,-0.000128156,-1.00765e-05,-1.34832e-06,4.21248e-05,9.31806e-06,-1.56364e-06,-8.5454e-05,-4.96114e-06,5.24172e-06
all_features,xgb,perm_p1_mse,column,har_ma_3125,har_ma_3125,1,True,-1.6869e-05,-5.94314e-05,1.55935e-05,533,0.00680272,-0.0281577,0.306122,0,,9.98381e-06,-2.59195e-05,2.49652e-05,-1.6893e-05,-8.81392e-05,5.12189e-06,-7.63384e-06,-4.80041e-05,-8.23278e-07,-1.36141e-05
all_features,xgb,perm_p1_mse,column,adj_sumret_ma_1,adj_sumret_ma_1,1,True,0.000230786,-0.000115717,0.000586745,11,0.197279,0.385227,0.537415,2.26449e-05,0.309922,0.000718005,-0.000137112,0.000688655,0.000232116,0.000404321,-0.000145539,-0.00017159,-0.000340426,0.000358166,0.00036864
all_features,xgb,perm_p1_mse,column,adj_sumret_ma_5,adj_sumret_ma_5,1,True,0.00068329,2.56229e-05,0.00139118,7,0.326531,1.14055,0.639456,0.000347809,0.197768,0.00129741,0.000226308,0.00189682,0.000605905,0.000789303,-0.000240739,0.000169953,0.000358332,0.000809139,0.000736736
all_features,xgb,perm_p1_mse,column,adj_sumret_ma_25,adj_sumret_ma_25,1,True,0.000118115,-0.000186424,0.000421305,16,0.115646,0.197157,0.537415,1.79116e-05,0.563318,0.000255519,-0.000858251,0.000275257,0.000357544,0.000475898,8.54547e-05,0.000821524,-0.000522822,0.000171229,0.000314821
all_features,xgb,perm_p1_mse,column,adj_sumret_ma_125,adj_sumret_ma_125,1,True,0.000163005,-0.000785398,0.00134392,14,0.0544218,0.272088,0.44898,0,2.79864,0.00524084,-0.00103736,-0.000427728,0.000509427,-0.000897061,0.000111416,4.8688e-05,0.00153226,0.000204399,-0.000329685
all_features,xgb,perm_p1_mse,column,adj_sumret_ma_625,adj_sumret_ma_625,1,True,-7.15781e-06,-8.04678e-05,6.11422e-05,499,0.0136054,-0.0119478,0.44898,0,,0.00017863,-0.000139653,-9.0009e-06,-2.12078e-05,-9.56022e-06,5.48559e-05,-1.51728e-05,-0.000104635,-2.96538e-05,3.70638e-05
all_features,xgb,perm_p1_mse,column,adj_sumret_ma_3125,adj_sumret_ma_3125,1,True,-1.74937e-05,-4.23185e-05,4.33381e-06,535,0,-0.0292004,0.231293,0,,2.62124e-05,-2.80541e-05,-5.22747e-05,-1.27141e-05,-1.21007e-05,-1.41369e-05,1.25931e-05,-3.81848e-05,-1.29146e-05,-1.24837e-05
all_features,xgb,perm_p1_mse,column,adj_sumabsret_ma_1,adj_sumabsret_ma_1,1,True,0.000106065,-0.000498986,0.000709023,17,0.0612245,0.177044,0.503401,8.07239e-06,1.21484,0.00202236,-0.000679872,0.000108843,0.000453685,-0.000575707,0.00069744,-0.00128349,-0.00029381,0.000184708,0.000207497
all_features,xgb,perm_p1_mse,column,adj_sumabsret_ma_5,adj_sumabsret_ma_5,1,True,8.16716e-05,-0.00031548,0.000427272,21,0.0204082,0.136326,0.537415,7.32401e-05,0.662875,0.000691487,-0.00016814,-0.000237021,0.000919456,-0.000346304,1.2127e-05,-0.000167921,-0.000119829,-0.000156445,0.000262741
all_features,xgb,perm_p1_mse,column,adj_sumabsret_ma_25,adj_sumabsret_ma_25,1,True,4.46238e-05,-3.86678e-05,0.000133872,32,0.00680272,0.0744859,0.442177,0,0.663623,1.28066e-05,5.28393e-05,-3.02092e-05,0.00030549,4.31045e-05,-9.18401e-05,-8.21152e-05,4.55283e-05,-0.000131675,0.000126802
all_features,xgb,perm_p1_mse,column,adj_sumabsret_ma_125,adj_sumabsret_ma_125,1,True,-4.44546e-05,-9.59847e-05,-5.68587e-06,561,0,-0.0742036,0.312925,0,,6.3094e-06,-0.00012922,-5.00134e-05,7.46661e-06,-5.2343e-05,-5.21179e-05,5.3481e-05,-0.000196104,2.02685e-06,-1.37813e-05
all_features,xgb,perm_p1_mse,column,adj_sumabsret_ma_625,adj_sumabsret_ma_625,1,True,-2.83168e-06,-1.20986e-05,6.12457e-06,457,0,-0.00472664,0.22449,0,,-2.37488e-05,2.31658e-06,-2.33134e-06,-1.65562e-05,2.69311e-06,1.3468e-05,-1.25709e-05,3.87139e-07,4.95741e-06,-7.58889e-06
all_features,xgb,perm_p1_mse,column,adj_sumabsret_ma_3125,adj_sumabsret_ma_3125,1,True,-6.2194e-06,-2.09811e-05,5.31853e-06,484,0,-0.0103814,0.14966,0,,2.81428e-05,-5.75118e-06,-3.39743e-05,-1.69831e-06,-2.45556e-06,-5.21052e-06,-5.88461e-06,1.67845e-05,-3.17578e-05,-2.22192e-06
all_features,xgb,perm_p1_mse,column,adj_sumret3_ma_1,adj_sumret3_ma_1,1,True,-1.49701e-05,-0.000124151,8.49742e-05,527,0.00680272,-0.024988,0.55102,1.2798e-05,,0.000245861,0.000136051,-0.00014188,-8.87419e-05,-3.63881e-05,-4.82376e-05,-0.000133091,8.43805e-05,-1.92359e-05,-4.73175e-05
all_features,xgb,perm_p1_mse,column,adj_sumret3_ma_5,adj_sumret3_ma_5,1,True,-6.64478e-06,-8.88363e-05,8.36375e-05,492,0.0136054,-0.0110914,0.482993,-1.38709e-06,,0.000317132,-6.61539e-05,-8.29188e-05,1.87583e-05,1.15323e-05,-5.70251e-05,-8.06968e-05,-0.000176538,1.01097e-05,4.42442e-05
all_features,xgb,perm_p1_mse,column,adj_sumret3_ma_25,adj_sumret3_ma_25,1,True,1.16439e-05,-8.00329e-05,8.39406e-05,73,0.0204082,0.0194359,0.510204,5.72714e-08,0.833747,8.42041e-05,-5.05915e-05,-0.000102002,6.58058e-05,-4.49081e-05,9.40884e-05,0.000203367,0.000148463,5.76399e-05,-5.71732e-05
all_features,xgb,perm_p1_mse,column,adj_sumret3_ma_125,adj_sumret3_ma_125,1,True,-0.000157399,-0.0005778,0.000107678,569,0,-0.262729,0.435374,0,,-6.27119e-05,-2.70983e-05,-0.000939584,3.0389e-05,4.17414e-05,7.61403e-06,-1.34226e-05,-3.60908e-05,6.62502e-06,-0.000276079
all_features,xgb,perm_p1_mse,column,adj_sumret3_ma_625,adj_sumret3_ma_625,1,True,-3.48879e-05,-8.4625e-05,2.59605e-06,557,0,-0.0582348,0.319728,0,,-2.18158e-05,-1.01207e-05,-0.000133848,9.27452e-06,-6.48109e-05,2.08924e-06,1.31767e-05,1.58783e-06,-2.91436e-06,-6.24573e-05
all_features,xgb,perm_p1_mse,column,adj_sumret3_ma_3125,adj_sumret3_ma_3125,1,True,-1.44495e-05,-4.08866e-05,9.2381e-06,523,0,-0.0241191,0.197279,0,,-1.69085e-05,2.7519e-05,-5.33849e-05,-1.10432e-09,-1.04681e-05,-1.04382e-05,-9.63302e-05,-2.29969e-05,-6.63498e-06,-1.51513e-05
all_features,xgb,perm_p1_mse,column,adj_sumret4_ma_1,adj_sumret4_ma_1,1,True,-7.87669e-05,-0.000224808,2.59377e-05,566,0,-0.131478,0.367347,0,,0.000170686,-6.29859e-05,-0.000320889,-2.48246e-05,-0.000124949,-2.04782e-05,1.59969e-05,-1.02651e-05,-4.8786e-05,-0.000116475
all_features,xgb,perm_p1_mse,column,adj_sumret4_ma_5,adj_sumret4_ma_5,1,True,-1.68352e-05,-8.40614e-05,3.7771e-05,532,0,-0.0281013,0.401361,0,,0.000193405,-3.25836e-05,-8.78302e-05,6.10238e-05,-4.83368e-05,5.56393e-05,-0.000462352,4.91578e-05,-7.26835e-05,-1.35162e-05
all_features,xgb,perm_p1_mse,column,adj_sumret4_ma_25,adj_sumret4_ma_25,1,True,-5.99938e-06,-2.62086e-05,1.06864e-05,481,0,-0.0100142,0.29932,0,,1.03977e-05,-4.74697e-06,-1.88276e-05,-6.78985e-06,-1.97214e-06,-9.09119e-06,3.03314e-06,7.29364e-06,-1.60851e-05,-5.87538e-06
all_features,xgb,perm_p1_mse,column,adj_sumret4_ma_125,adj_sumret4_ma_125,1,True,-3.62053e-06,-1.37005e-05,7.403e-06,465,0,-0.00604337,0.278912,0,,-8.81504e-06,-5.46305e-06,-2.7069e-06,-2.29257e-05,-2.5462e-06,1.36244e-05,1.12203e-05,-1.74629e-05,2.09324e-05,-1.03238e-05
all_features,xgb,perm_p1_mse,column,adj_sumret4_ma_625,adj_sumret4_ma_625,1,True,8.45828e-06,-8.07122e-06,2.57381e-05,89,0,0.0141185,0.319728,0,0.450558,6.79261e-05,1.26936e-05,-5.41281e-06,1.83512e-05,-7.68054e-06,4.50372e-06,-2.71633e-05,8.17268e-06,-4.40422e-06,1.45754e-05
all_features,xgb,perm_p1_mse,column,adj_sumret4_ma_3125,adj_sumret4_ma_3125,1,True,-1.01286e-05,-3.46302e-05,3.45155e-06,511,0,-0.0169066,0.156463,0,,6.00602e-07,5.72452e-06,-6.81036e-05,3.43268e-06,1.38414e-06,-2.23584e-07,-7.18638e-06,5.17702e-06,5.28745e-07,-2.0406e-05
all_features,xgb,perm_p1_mse,column,adj_sumpret2_ma_1,adj_sumpret2_ma_1,1,True,-9.54632e-06,-4.66241e-05,2.74395e-05,510,0,-0.0159347,0.442177,0,,9.3072e-05,-2.58832e-05,-4.91688e-05,2.74541e-06,-1.41902e-05,-2.26776e-06,-4.64928e-05,-4.42539e-05,1.33336e-05,-8.25419e-06
all_features,xgb,perm_p1_mse,column,adj_sumpret2_ma_5,adj_sumpret2_ma_5,1,True,-7.02758e-06,-3.47298e-05,1.35306e-05,496,0,-0.0117304,0.380952,0,,-8.32366e-06,3.2225e-06,1.27278e-05,3.64917e-06,1.06333e-05,4.0334e-06,-0.000225825,-3.42756e-05,-1.85233e-05,7.77032e-06
all_features,xgb,perm_p1_mse,column,adj_sumpret2_ma_25,adj_sumpret2_ma_25,1,True,-1.91939e-05,-7.65633e-05,1.5478e-05,539,0,-0.0320385,0.340136,0,,-8.69235e-06,4.49874e-06,-0.000141171,3.28876e-06,2.09972e-05,-3.20501e-06,2.26199e-05,3.47735e-06,-1.42891e-05,-2.93259e-05
all_features,xgb,perm_p1_mse,column,adj_sumpret2_ma_125,adj_sumpret2_ma_125,1,True,-1.95507e-05,-5.25005e-05,4.68506e-06,542,0,-0.0326339,0.22449,0,,4.01942e-05,-1.47281e-05,-8.97939e-05,6.40717e-06,6.09549e-07,-4.45707e-05,2.17863e-05,-1.5458e-05,-5.16814e-05,-5.93136e-06
all_features,xgb,perm_p1_mse,column,adj_sumpret2_ma_625,adj_sumpret2_ma_625,1,True,-6.40964e-06,-1.96325e-05,3.90283e-06,488,0.00680272,-0.010699,0.217687,0,,-2.35515e-06,-4.10548e-05,1.46024e-05,1.26382e-06,-2.61952e-06,-1.05813e-05,1.13707e-05,-3.9406e-05,-1.43711e-07,2.06467e-06
all_features,xgb,perm_p1_mse,column,adj_sumpret2_ma_3125,adj_sumpret2_ma_3125,1,True,3.68737e-07,-8.29309e-06,1.06633e-05,177,0,0.000615494,0.163265,0,9.93629,-5.18718e-06,-5.83105e-06,-1.00928e-06,-1.24116e-05,2.83153e-05,-4.09053e-06,3.93989e-07,-1.58712e-05,5.1824e-06,3.73024e-06
all_features,xgb,perm_p1_mse,column,adj_sumbipow_ma_1,adj_sumbipow_ma_1,1,True,1.00347e-05,-0.000119872,0.000142805,82,0,0.0167499,0.455782,0,2.51649,0.000553317,-0.000224852,-7.14293e-05,0.000160517,-0.000117708,8.95219e-05,-0.000176634,-0.000239122,0.000104896,5.17771e-05
all_features,xgb,perm_p1_mse,column,adj_sumbipow_ma_5,adj_sumbipow_ma_5,1,True,1.19745e-05,-5.83897e-05,7.18016e-05,71,0,0.0199879,0.387755,0,0.704335,0.000112252,-4.42742e-05,-0.000136466,4.21109e-05,8.57361e-05,0.000121641,-0.000174004,2.76487e-05,1.26784e-05,6.22702e-06
all_features,xgb,perm_p1_mse,column,adj_sumbipow_ma_25,adj_sumbipow_ma_25,1,True,2.72228e-05,4.98845e-06,5.54208e-05,43,0,0.0454403,0.401361,0,0.302871,-2.26171e-05,3.03076e-05,3.12545e-05,8.04122e-05,3.35495e-05,-1.20075e-05,2.21321e-05,4.47206e-08,5.52657e-06,4.67694e-05
all_features,xgb,perm_p1_mse,column,adj_sumbipow_ma_125,adj_sumbipow_ma_125,1,True,-6.23518e-06,-1.59548e-05,2.03234e-06,485,0,-0.0104077,0.231293,0,,-1.96462e-05,1.32988e-05,-4.64958e-06,-2.53752e-05,-2.03703e-06,-3.21269e-06,-1.57535e-05,4.5996e-06,-7.4133e-06,-9.42929e-06
all_features,xgb,perm_p1_mse,column,adj_sumbipow_ma_625,adj_sumbipow_ma_625,1,True,1.45096e-05,1.06327e-06,3.03076e-05,65,0,0.0242194,0.306122,0,0.332397,5.53673e-05,-9.27293e-06,6.43823e-05,6.66174e-06,-2.80739e-06,9.65418e-06,-3.72766e-05,3.88801e-06,7.38429e-06,2.15153e-05
all_features,xgb,perm_p1_mse,column,adj_sumbipow_ma_3125,adj_sumbipow_ma_3125,1,True,1.6029e-06,-5.14142e-06,9.63917e-06,145,0,0.00267555,0.197279,0,1.4855,-1.42158e-05,-7.41084e-07,2.01372e-05,2.36889e-06,-1.91536e-06,-3.84666e-06,2.65053e-06,-7.59957e-06,1.14721e-06,4.99721e-06
all_features,xgb,perm_p1_mse,column,adj_sumautocov_ma_1,adj_sumautocov_ma_1,1,True,0.000101854,3.08878e-05,0.00016766,18,0.0136054,0.170015,0.571429,6.55604e-05,0.122303,-5.92169e-05,7.81787e-05,0.000227585,5.87785e-05,6.17157e-05,0.000148002,0.000164242,0.000160602,4.9187e-05,0.000106189
all_features,xgb,perm_p1_mse,column,adj_sumautocov_ma_5,adj_sumautocov_ma_5,1,True,6.22835e-05,-1.75121e-05,0.000152925,24,0.0544218,0.103963,0.564626,2.84453e-05,0.309962,0.000106655,0.000176416,0.00012294,-5.37319e-05,5.93125e-05,2.37453e-05,-7.98134e-05,0.000147701,-4.02439e-05,8.07293e-05
all_features,xgb,perm_p1_mse,column,adj_sumautocov_ma_25,adj_sumautocov_ma_25,1,True,3.67871e-05,-8.95439e-06,0.000104313,36,0.00680272,0.061405,0.394558,0,0.622004,-1.76167e-05,-2.92308e-05,0.000263263,2.16479e-06,-1.23429e-05,1.76077e-05,-4.73756e-05,-4.98033e-06,6.07911e-06,6.55936e-05
all_features,xgb,perm_p1_mse,column,adj_sumautocov_ma_125,adj_sumautocov_ma_125,1,True,1.12849e-05,-1.28824e-05,3.75082e-05,75,0.0136054,0.0188367,0.421769,0,0.370234,-8.51042e-05,2.77676e-06,6.4376e-05,-9.41811e-06,5.29196e-05,1.948e-06,-6.80049e-06,-1.06418e-05,5.15643e-07,2.39035e-05
all_features,xgb,perm_p1_mse,column,adj_sumautocov_ma_625,adj_sumautocov_ma_625,1,True,4.79863e-08,-2.84503e-05,2.59866e-05,191,0.00680272,8.00985e-05,0.238095,0,144.474,9.1614e-05,1.24053e-06,-5.00473e-05,3.39206e-06,-1.80565e-06,5.82088e-07,-2.43242e-06,2.34025e-05,7.55822e-07,-8.35637e-06
all_features,xgb,perm_p1_mse,column,adj_sumautocov_ma_3125,adj_sumautocov_ma_3125,1,True,2.35801e-08,-1.68936e-07,2.18386e-07,193,0,3.93598e-05,0.0952381,0,2.76836,-8.42136e-07,3.3838e-08,0,1.38778e-18,3.46945e-19,4.85723e-19,1.7129e-06,1.72226e-07,2.53017e-07,-1.35158e-07
all_features,xgb,perm_p1_mse,column,adj_sumvolume_ma_1,adj_sumvolume_ma_1,1,True,0.000409802,-0.000498412,0.00108914,8,0.217687,0.684041,0.619048,0.000356103,0.163424,0.00117266,-0.00192089,0.000421693,0.000974766,0.000726628,0.00151692,0.000493461,-0.00103009,0.000960108,0.000650053
all_features,xgb,perm_p1_mse,column,adj_sumvolume_ma_5,adj_sumvolume_ma_5,1,True,0.000231287,-4.21209e-05,0.0005041,10,0.047619,0.386063,0.571429,5.46299e-05,0.22149,0.000125796,-4.41e-05,0.000338247,0.000860785,-0.000148526,0.000355491,-0.00021047,0.000294764,-5.5621e-05,0.000343588
all_features,xgb,perm_p1_mse,column,adj_sumvolume_ma_25,adj_sumvolume_ma_25,1,True,0.00015143,4.73709e-05,0.000265055,15,0.0272109,0.252767,0.612245,4.92005e-05,0.147218,0.000122241,-1.10821e-05,0.000210224,0.000252514,0.000220947,0.000110372,0.000138312,3.19565e-05,2.37191e-05,0.000252486
all_features,xgb,perm_p1_mse,column,adj_sumvolume_ma_125,adj_sumvolume_ma_125,1,True,7.18987e-05,-2.67324e-05,0.000174833,22,0.0136054,0.120013,0.496599,0,0.358983,0.000111108,0.000108873,7.07226e-05,0.000225028,-4.87912e-05,1.61202e-05,-3.67306e-05,7.9077e-05,-0.000137445,0.000167369
all_features,xgb,perm_p1_mse,column,adj_sumvolume_ma_625,adj_sumvolume_ma_625,1,True,-3.54796e-05,-9.86778e-05,3.82729e-06,558,0,-0.0592225,0.285714,0,,-4.67375e-05,5.76258e-06,-0.000166486,-2.34651e-05,-7.18149e-06,-1.10305e-05,5.69465e-05,-2.06567e-05,1.40145e-05,-6.3762e-05
all_features,xgb,perm_p1_mse,column,adj_sumvolume_ma_3125,adj_sumvolume_ma_3125,1,True,-2.48598e-06,-1.16449e-05,5.93969e-06,455,0,-0.0041496,0.22449,0,,-1.80793e-05,-5.20707e-06,-6.41337e-06,-7.17452e-06,1.47024e-05,1.38257e-06,-7.24087e-06,-1.27563e-05,5.67223e-07,-3.64364e-07
all_features,xgb,perm_p1_mse,column,adj_numobs_ma_1,adj_numobs_ma_1,1,True,-8.26621e-20,-4.95981e-19,3.06827e-19,401,0,-1.37979e-16,0.047619,0,,0,-8.00642e-19,0,0,3.46945e-19,5.55112e-19,-1.75668e-18,-1.23909e-19,0,-1.07082e-19
all_features,xgb,perm_p1_mse,column,adj_numobs_ma_5,adj_numobs_ma_5,1,True,-2.23864e-07,-6.7205e-07,4.24837e-19,424,0,-0.000373674,0.0612245,0,,-2.52967e-06,-7.33921e-19,-1.38778e-19,1.11022e-18,3.46945e-19,4.85723e-19,-2.63502e-18,-1.17449e-06,0,0
all_features,xgb,perm_p1_mse,column,adj_numobs_ma_25,adj_numobs_ma_25,1,True,4.60508e-07,-2.4544e-05,2.22563e-05,175,0.00680272,0.000768679,0.197279,0,8.09863,7.77952e-05,1.39424e-05,-3.80323e-05,-6.08496e-06,9.53647e-07,-9.05976e-06,-7.68581e-08,1.57171e-05,1.08402e-06,-5.10512e-06
all_features,xgb,perm_p1_mse,column,adj_numobs_ma_125,adj_numobs_ma_125,1,True,2.9752e-06,-1.69433e-05,2.32003e-05,127,0,0.0049662,0.326531,0,1.46943,6.50915e-06,-1.48045e-06,2.04276e-05,-4.64508e-06,-1.12456e-05,6.42559e-06,1.47931e-05,-1.80269e-06,-2.95218e-05,1.98322e-05
all_features,xgb,perm_p1_mse,column,adj_numobs_ma_625,adj_numobs_ma_625,1,True,9.23188e-06,8.40095e-07,1.9057e-05,85,0,0.0154098,0.333333,0,0.284621,2.01533e-05,1.1907e-05,-2.1815e-06,3.56365e-06,1.52288e-05,9.40661e-06,1.69811e-05,3.55896e-05,3.13741e-06,2.97219e-06
all_features,xgb,perm_p1_mse,column,adj_numobs_ma_3125,adj_numobs_ma_3125,1,True,4.06669e-06,-1.78417e-05,2.99193e-05,120,0,0.0067881,0.156463,0,2.40573,-7.08892e-06,-5.88312e-06,7.3902e-05,-3.95126e-05,3.46945e-19,-6.8885e-07,-2.63502e-18,5.85065e-07,9.86561e-07,6.71141e-06
all_features,xgb,perm_p1_mse,column,adj_sumret2_ewstock_ma_1,adj_sumret2_ewstock_ma_1,1,True,6.73284e-06,-3.7284e-05,5.36622e-05,98,0,0.0112384,0.387755,0,2.03679,0.000290458,-7.49361e-05,-1.81475e-05,9.00429e-06,-4.41659e-05,2.564e-05,-1.8586e-05,-4.4225e-05,-1.83662e-05,3.60917e-05
all_features,xgb,perm_p1_mse,column,adj_sumret2_ewstock_ma_5,adj_sumret2_ewstock_ma_5,1,True,-1.35574e-05,-4.44717e-05,6.89986e-06,521,0,-0.02263,0.258503,0,,-0.000162739,-1.73724e-05,3.09323e-06,3.27172e-06,4.02624e-06,8.54329e-06,1.29537e-05,-4.24848e-06,-7.24353e-06,-1.97296e-05
all_features,xgb,perm_p1_mse,column,adj_sumret2_ewstock_ma_25,adj_sumret2_ewstock_ma_25,1,True,3.52302e-06,-1.93013e-05,2.38725e-05,124,0,0.00588061,0.37415,0,1.60112,-1.24745e-05,1.49854e-05,1.86829e-05,9.72588e-06,-1.32133e-05,-6.55357e-06,9.37089e-06,-1.37814e-05,-2.60864e-06,1.23738e-05
all_features,xgb,perm_p1_mse,column,adj_sumret2_ewstock_ma_125,adj_sumret2_ewstock_ma_125,1,True,2.91236e-07,-1.31972e-05,1.32083e-05,182,0,0.00048613,0.319728,0,12.9958,-4.24608e-05,6.99289e-06,5.2639e-06,-5.60445e-06,2.30731e-07,5.56926e-06,3.49964e-05,-1.35816e-05,1.48976e-05,-1.74755e-06
all_features,xgb,perm_p1_mse,column,adj_sumret2_ewstock_ma_625,adj_sumret2_ewstock_ma_625,1,True,4.9434e-06,-1.38234e-06,1.24189e-05,111,0.00680272,0.00825151,0.265306,0,0.548447,-7.36784e-06,2.07248e-05,-1.8928e-06,1.26276e-05,-5.88526e-08,6.4352e-07,1.71979e-08,1.62281e-05,2.01798e-06,2.41132e-06
all_features,xgb,perm_p1_mse,column,adj_sumret2_ewstock_ma_3125,adj_sumret2_ewstock_ma_3125,1,True,1.50538e-05,-1.76327e-06,4.47288e-05,63,0,0.0251278,0.163265,0,0.928616,1.50124e-06,-6.71891e-06,8.68397e-05,-7.92626e-07,7.17748e-06,1.99056e-06,-1.74652e-06,-4.2231e-06,2.71666e-07,2.8634e-05
all_features,xgb,perm_p1_mse,column,adj_sumret3_ewstock_ma_1,adj_sumret3_ewstock_ma_1,1,True,1.66985e-05,-2.76768e-05,7.04007e-05,58,0.0136054,0.0278731,0.421769,0,0.927504,-4.71503e-05,-1.12207e-05,5.39927e-05,-6.52301e-05,0.000137239,-3.03351e-05,0.000122284,3.21329e-05,-2.5112e-05,3.09263e-05
all_features,xgb,perm_p1_mse,column,adj_sumret3_ewstock_ma_5,adj_sumret3_ewstock_ma_5,1,True,-1.99731e-05,-6.23898e-05,1.95031e-05,543,0,-0.033339,0.503401,6.93889e-18,,-1.93625e-05,-8.83253e-05,6.0209e-05,-6.09028e-05,3.44284e-05,-1.75178e-05,-0.000100164,-1.71481e-05,-1.06424e-05,-2.53154e-05
all_features,xgb,perm_p1_mse,column,adj_sumret3_ewstock_ma_25,adj_sumret3_ewstock_ma_25,1,True,-8.47459e-05,-0.000282608,3.41921e-05,567,0,-0.141458,0.496599,0,,-4.84607e-05,-1.64327e-05,-0.000510737,2.18605e-05,-6.35186e-06,5.71164e-05,-5.5588e-05,-5.15234e-06,1.65687e-05,-0.000159665
all_features,xgb,perm_p1_mse,column,adj_sumret3_ewstock_ma_125,adj_sumret3_ewstock_ma_125,1,True,-6.65809e-05,-0.000204382,1.69518e-05,565,0.0136054,-0.111137,0.394558,0,,6.19879e-05,1.25058e-06,-0.000374062,2.24722e-05,-5.79864e-05,4.36235e-05,-0.000186111,-2.31606e-05,1.71232e-05,-0.000120756
all_features,xgb,perm_p1_mse,column,adj_sumret3_ewstock_ma_625,adj_sumret3_ewstock_ma_625,1,True,1.64349e-06,-3.03691e-05,3.56456e-05,144,0,0.00274331,0.346939,0,3.54144,7.87428e-05,-1.36417e-05,-6.05519e-05,2.34564e-05,3.11632e-05,-7.82765e-06,-1.05755e-05,-5.35433e-07,-6.06665e-05,3.15516e-05
all_features,xgb,perm_p1_mse,column,adj_sumret3_ewstock_ma_3125,adj_sumret3_ewstock_ma_3125,1,True,-1.75697e-11,-2.20739e-05,1.80662e-05,413,0,-2.93273e-08,0.251701,0,,-3.38743e-05,-3.18299e-05,2.12283e-05,5.54842e-06,1.11143e-05,1.00184e-05,8.88669e-06,-3.06748e-05,1.75872e-05,2.37454e-06
all_features,xgb,perm_p1_mse,column,adj_sumret4_ewstock_ma_1,adj_sumret4_ewstock_ma_1,1,True,-1.46351e-05,-4.33143e-05,9.13313e-06,524,0,-0.0244288,0.258503,0,,-2.12983e-05,4.00201e-06,3.21934e-05,-1.82122e-06,-6.29618e-05,-1.10302e-05,-0.000112224,-2.07218e-05,3.56705e-07,-1.95457e-05
all_features,xgb,perm_p1_mse,column,adj_sumret4_ewstock_ma_5,adj_sumret4_ewstock_ma_5,1,True,7.39717e-06,-7.86671e-07,1.63191e-05,95,0,0.0123473,0.265306,0,0.28891,-1.45643e-05,-1.19843e-06,2.69238e-05,1.87874e-06,1.59481e-05,-2.7682e-06,3.26049e-05,-3.59748e-07,8.54906e-06,9.53961e-06
all_features,xgb,perm_p1_mse,column,adj_sumret4_ewstock_ma_25,adj_sumret4_ewstock_ma_25,1,True,1.0858e-05,-1.16379e-05,3.23151e-05,80,0.00680272,0.0181242,0.367347,0,0.441537,4.97182e-05,9.98161e-06,4.81096e-05,-5.11405e-05,1.06078e-05,2.5015e-05,-1.59006e-05,3.76973e-05,5.26307e-06,4.1981e-06
all_features,xgb,perm_p1_mse,column,adj_sumret4_ewstock_ma_125,adj_sumret4_ewstock_ma_125,1,True,5.71689e-06,-8.87314e-06,2.16315e-05,106,0,0.00954262,0.319728,0,0.669412,3.83477e-05,-2.39595e-06,-7.3021e-06,-4.2569e-05,3.27083e-05,2.9132e-05,1.32096e-05,2.35749e-05,5.50833e-06,-3.58678e-07
all_features,xgb,perm_p1_mse,column,adj_sumret4_ewstock_ma_625,adj_sumret4_ewstock_ma_625,1,True,7.42452e-06,-4.10228e-06,2.0063e-05,94,0,0.012393,0.231293,0,0.531057,4.1705e-06,1.28028e-05,4.38522e-05,2.1464e-06,-6.32827e-06,-1.5506e-06,-3.15723e-05,1.26308e-05,-4.14979e-06,1.10404e-05
all_features,xgb,perm_p1_mse,column,adj_sumret4_ewstock_ma_3125,adj_sumret4_ewstock_ma_3125,1,True,-5.77262e-06,-2.03347e-05,6.89358e-06,480,0,-0.00963564,0.136054,0,,-1.56098e-05,8.05659e-08,9.23276e-06,7.86431e-06,6.88114e-07,-4.19428e-05,-5.47138e-06,-7.67934e-06,-2.31339e-05,3.00985e-06
all_features,xgb,perm_p1_mse,column,adj_sumabsret_ewstock_ma_1,adj_sumabsret_ewstock_ma_1,1,True,8.56676e-05,-0.000517015,0.000566069,20,0.170068,0.142996,0.591837,0.000194913,0.724813,0.00026708,0.000506409,-0.000625102,0.000282634,-0.000176069,0.000107075,0.000788921,9.90794e-05,0.000259854,-4.70601e-07
all_features,xgb,perm_p1_mse,column,adj_sumabsret_ewstock_ma_5,adj_sumabsret_ewstock_ma_5,1,True,3.79782e-05,-6.44256e-05,0.000149019,35,0.0272109,0.0633931,0.55102,1.4887e-05,0.465801,-8.15572e-05,5.84571e-05,8.88043e-05,5.65344e-05,-4.59199e-05,0.000195411,-0.000284985,2.30506e-05,-3.35348e-05,7.65994e-05
all_features,xgb,perm_p1_mse,column,adj_sumabsret_ewstock_ma_25,adj_sumabsret_ewstock_ma_25,1,True,-1.29785e-05,-2.99671e-05,1.81779e-06,519,0,-0.0216637,0.340136,0,,1.04144e-06,3.47182e-06,6.99088e-06,-3.38033e-05,-6.48259e-06,-4.43504e-05,-8.76118e-06,1.63918e-05,-2.90892e-05,-1.5593e-05
all_features,xgb,perm_p1_mse,column,adj_sumabsret_ewstock_ma_125,adj_sumabsret_ewstock_ma_125,1,True,-1.93553e-05,-4.08514e-05,3.30264e-07,540,0,-0.0323077,0.312925,0,,-4.12781e-05,-6.15851e-05,-1.22636e-05,1.2989e-05,1.49711e-06,-3.28862e-05,7.73847e-06,-2.75037e-05,-2.58705e-05,-1.349e-05
all_features,xgb,perm_p1_mse,column,adj_sumabsret_ewstock_ma_625,adj_sumabsret_ewstock_ma_625,1,True,-5.52522e-06,-2.28483e-05,1.29146e-05,476,0,-0.00922269,0.292517,0,,1.92246e-05,-1.50742e-05,2.99686e-05,-3.37402e-06,-4.7169e-05,-6.10887e-06,-3.24644e-07,1.33537e-05,-1.21908e-05,-8.93241e-06
all_features,xgb,perm_p1_mse,column,adj_sumabsret_ewstock_ma_3125,adj_sumabsret_ewstock_ma_3125,1,True,-2.06447e-06,-8.1256e-06,2.9814e-06,450,0,-0.003446,0.163265,0,,-2.43824e-06,1.33024e-06,9.28674e-06,-1.93081e-05,6.44506e-07,-5.98911e-06,9.87214e-06,-2.35869e-06,1.79066e-06,-3.76658e-06
all_features,xgb,perm_p1_mse,column,adj_sumbipow_ewstock_ma_1,adj_sumbipow_ewstock_ma_1,1,True,-1.75211e-05,-9.14635e-05,4.7419e-05,536,0,-0.0292462,0.37415,0,,-0.000196478,-7.3262e-05,0.000135619,-7.66453e-07,1.26705e-05,3.21792e-06,-0.000238398,-3.39038e-05,-5.72969e-05,6.75315e-06
all_features,xgb,perm_p1_mse,column,adj_sumbipow_ewstock_ma_5,adj_sumbipow_ewstock_ma_5,1,True,2.11269e-05,-3.69095e-06,4.90347e-05,48,0,0.035265,0.394558,0,0.365812,4.37581e-05,8.51206e-05,2.05368e-06,3.12321e-05,-4.96794e-06,-8.04065e-07,-4.63665e-05,6.40341e-05,-1.08842e-05,2.12728e-05
all_features,xgb,perm_p1_mse,column,adj_sumbipow_ewstock_ma_25,adj_sumbipow_ewstock_ma_25,1,True,-1.33073e-05,-2.65748e-05,-8.44367e-07,520,0,-0.0222125,0.285714,0,,-2.58467e-05,-2.18685e-05,-4.14775e-05,1.96341e-05,-1.07028e-05,-2.60973e-06,-2.16902e-05,-2.50729e-05,-1.58913e-05,-8.03105e-06
all_features,xgb,perm_p1_mse,column,adj_sumbipow_ewstock_ma_125,adj_sumbipow_ewstock_ma_125,1,True,-5.26061e-06,-1.74574e-05,5.45088e-06,475,0,-0.00878099,0.306122,0,,7.11478e-06,-2.2865e-05,-2.67794e-06,2.40126e-05,-4.70044e-06,-1.95522e-05,-2.50425e-05,-1.14392e-05,-1.04381e-05,-7.0222e-07
all_features,xgb,perm_p1_mse,column,adj_sumbipow_ewstock_ma_625,adj_sumbipow_ewstock_ma_625,1,True,-3.74236e-06,-1.10409e-05,3.60036e-06,467,0,-0.00624674,0.258503,0,,-1.97589e-05,5.8566e-06,-1.86172e-05,-1.5622e-06,-5.94791e-07,1.74637e-06,3.86564e-06,-1.21836e-06,-1.44738e-06,-5.68868e-06
all_features,xgb,perm_p1_mse,column,adj_sumbipow_ewstock_ma_3125,adj_sumbipow_ewstock_ma_3125,1,True,4.76088e-07,-1.3354e-06,2.61069e-06,173,0,0.000794684,0.0816327,0,1.41101,-4.97027e-08,1.73616e-07,-1.38778e-19,1.11022e-18,1.28968e-06,2.29707e-06,-2.98728e-06,6.02839e-06,-2.1525e-06,-2.13305e-07
all_features,xgb,perm_p1_mse,column,adj_sumpret2_ewstock_ma_1,adj_sumpret2_ewstock_ma_1,1,True,7.69344e-06,-1.43119e-05,3.41971e-05,93,0,0.0128419,0.408163,0,1.03065,-1.42876e-05,4.89073e-05,5.77237e-05,-3.40278e-05,1.15617e-05,-3.3929e-05,1.40513e-06,2.51301e-05,-1.21271e-05,1.094e-05
all_features,xgb,perm_p1_mse,column,adj_sumpret2_ewstock_ma_5,adj_sumpret2_ewstock_ma_5,1,True,3.92363e-07,-1.4133e-05,1.30721e-05,176,0,0.000654931,0.319728,0,6.42868,-2.50815e-05,-1.55305e-05,5.30779e-06,-1.96985e-05,2.65767e-05,1.25553e-05,2.13872e-05,-3.07029e-06,1.01086e-05,-2.95693e-06
all_features,xgb,perm_p1_mse,column,adj_sumpret2_ewstock_ma_25,adj_sumpret2_ewstock_ma_25,1,True,-2.06468e-05,-5.68901e-05,1.21741e-05,544,0.0204082,-0.0344636,0.455782,0,,9.05938e-05,-5.10297e-05,-9.80399e-05,-2.67649e-05,4.47034e-06,1.148e-05,-2.05822e-05,-2.21277e-05,-2.89559e-05,-1.6247e-05
all_features,xgb,perm_p1_mse,column,adj_sumpret2_ewstock_ma_125,adj_sumpret2_ewstock_ma_125,1,True,-2.83905e-06,-1.56478e-05,1.08331e-05,458,0.00680272,-0.00473894,0.29932,0,,7.43877e-05,-1.53611e-05,1.69362e-06,-1.88007e-05,-6.92731e-06,-3.57334e-06,-3.72805e-05,8.17641e-06,-1.32077e-05,-1.79535e-06
all_features,xgb,perm_p1_mse,column,adj_sumpret2_ewstock_ma_625,adj_sumpret2_ewstock_ma_625,1,True,-6.07948e-06,-2.14968e-05,7.09704e-06,482,0,-0.0101479,0.251701,0,,1.88422e-05,1.92011e-05,-2.80118e-05,-2.09045e-05,-1.41473e-05,-4.59156e-06,6.85148e-06,1.90482e-05,-2.5695e-06,-1.64079e-05
all_features,xgb,perm_p1_mse,column,adj_sumpret2_ewstock_ma_3125,adj_sumpret2_ewstock_ma_3125,1,True,-5.06119e-06,-1.10844e-05,2.78456e-07,473,0,-0.00844812,0.0884354,0,,-5.82581e-06,-6.9081e-06,-8.87329e-07,6.7521e-06,-1.36527e-05,-1.19511e-05,6.75077e-07,-1.11026e-05,-4.89033e-06,-3.05273e-06
all_features,xgb,perm_p1_mse,column,adj_turnover_ewstock_ma_1,adj_turnover_ewstock_ma_1,1,True,-0.00011271,-0.000376016,2.91988e-05,568,0,-0.188136,0.442177,0,,1.45319e-05,-6.13116e-07,-0.000713788,5.8823e-05,-2.51358e-05,1.16535e-05,-2.39548e-06,-2.56643e-06,1.97163e-05,-0.000212747
all_features,xgb,perm_p1_mse,column,adj_turnover_ewstock_ma_5,adj_turnover_ewstock_ma_5,1,True,-6.43935e-06,-3.61707e-05,1.79871e-05,489,0,-0.0107486,0.333333,0,,2.88664e-05,-6.05385e-05,1.40016e-05,3.7694e-05,-2.85566e-05,-2.61837e-06,-3.29394e-05,-4.84087e-05,-1.97688e-05,1.43054e-05
all_features,xgb,perm_p1_mse,column,adj_turnover_ewstock_ma_25,adj_turnover_ewstock_ma_25,1,True,1.54471e-05,-1.95314e-05,6.69392e-05,60,0,0.0257843,0.428571,0,1.30163,-3.44676e-05,1.09054e-05,8.11708e-05,3.98363e-05,-3.16491e-05,1.00969e-06,2.20921e-05,-3.78328e-06,2.6195e-05,1.70657e-05
all_features,xgb,perm_p1_mse,column,adj_turnover_ewstock_ma_125,adj_turnover_ewstock_ma_125,1,True,1.20965e-05,-5.47438e-06,3.19796e-05,70,0.00680272,0.0201914,0.394558,0,0.571016,8.81579e-05,1.49607e-05,-1.4396e-05,1.30197e-05,-1.34697e-05,3.59688e-05,-3.62191e-05,8.65422e-05,4.85386e-07,-8.20501e-06
all_features,xgb,perm_p1_mse,column,adj_turnover_ewstock_ma_625,adj_turnover_ewstock_ma_625,1,True,-2.86889e-06,-2.97932e-05,2.7056e-05,460,0.00680272,-0.00478874,0.326531,0,,-1.51973e-05,1.55634e-06,1.16004e-05,-6.2804e-06,-4.9522e-05,4.5262e-05,-3.68152e-05,7.29935e-06,3.48044e-05,-2.40112e-05
all_features,xgb,perm_p1_mse,column,adj_turnover_ewstock_ma_3125,adj_turnover_ewstock_ma_3125,1,True,-1.27363e-05,-2.67457e-05,-1.18386e-06,517,0,-0.0212594,0.163265,0,,-1.24567e-05,-7.88574e-06,-2.16885e-05,-4.96657e-06,-1.05464e-05,-2.29582e-05,-2.63502e-18,-2.72647e-05,-1.75101e-05,-5.48043e-06
all_features,xgb,perm_p1_mse,column,adj_buyturnover_ewstock_ma_1,adj_buyturnover_ewstock_ma_1,1,True,-3.93441e-05,-9.95223e-05,7.06365e-06,559,0.00680272,-0.065673,0.394558,0,,-0.000168924,-4.00832e-06,-8.28129e-06,-2.23978e-05,-7.64317e-05,-3.19078e-05,-5.00248e-07,5.52747e-06,-4.3696e-05,-5.2819e-05
all_features,xgb,perm_p1_mse,column,adj_buyturnover_ewstock_ma_5,adj_buyturnover_ewstock_ma_5,1,True,-1.11068e-05,-2.58047e-05,3.32385e-06,513,0,-0.0185395,0.319728,0,,-1.32608e-05,-3.99014e-06,-8.61831e-06,-6.94319e-06,-1.09435e-05,-1.70082e-05,-3.3877e-05,-2.67039e-05,-1.36767e-05,-4.51277e-06
all_features,xgb,perm_p1_mse,column,adj_buyturnover_ewstock_ma_25,adj_buyturnover_ewstock_ma_25,1,True,-1.18465e-06,-6.08619e-05,4.48646e-05,438,0,-0.00197741,0.469388,0,,4.64647e-05,4.22608e-05,-0.000125223,1.13441e-05,4.27105e-05,4.30944e-06,-2.59966e-05,3.05201e-05,2.68234e-05,-2.52493e-05
all_features,xgb,perm_p1_mse,column,adj_buyturnover_ewstock_ma_125,adj_buyturnover_ewstock_ma_125,1,True,-3.08905e-06,-4.25103e-05,2.82747e-05,463,0,-0.00515623,0.442177,0,,1.73269e-05,3.22021e-05,-2.9125e-05,1.51183e-05,7.80794e-06,-5.53441e-05,2.8213e-06,2.2258e-05,-2.33075e-05,-2.39073e-06
all_features,xgb,perm_p1_mse,column,adj_buyturnover_ewstock_ma_625,adj_buyturnover_ewstock_ma_625,1,True,-3.87842e-06,-1.48043e-05,6.27997e-06,469,0,-0.00647385,0.258503,0,,1.39538e-06,-1.44966e-05,2.31407e-05,1.00599e-06,-6.28795e-06,-2.08802e-05,-1.71434e-05,-2.10853e-05,1.82527e-06,-5.99135e-07
all_features,xgb,perm_p1_mse,column,adj_buyturnover_ewstock_ma_3125,adj_buyturnover_ewstock_ma_3125,1,True,-2.47138e-06,-8.65529e-06,3.7578e-06,454,0,-0.00412523,0.183673,0,,-9.55442e-06,-1.26e-06,5.79859e-06,-1.71934e-05,-4.20356e-06,7.35522e-06,-2.63502e-18,-3.77531e-06,-5.59837e-08,-3.15082e-06
all_features,xgb,perm_p1_mse,column,adj_sellturnover_ewstock_ma_1,adj_sellturnover_ewstock_ma_1,1,True,-4.13616e-05,-0.000125125,3.15776e-05,560,0.00680272,-0.0690407,0.469388,0,,-0.000211047,-2.2988e-05,-0.000140745,1.1464e-05,4.84257e-05,-7.33809e-06,-6.70733e-05,4.69802e-05,-5.44103e-05,-6.5794e-05
all_features,xgb,perm_p1_mse,column,adj_sellturnover_ewstock_ma_5,adj_sellturnover_ewstock_ma_5,1,True,-2.63678e-05,-6.15571e-05,5.21522e-06,551,0,-0.044013,0.387755,0,,-2.58619e-05,1.25756e-06,-4.43568e-05,1.61438e-05,-5.83768e-05,-4.69454e-05,-2.93087e-05,-1.59545e-05,2.83267e-05,-5.55591e-05
all_features,xgb,perm_p1_mse,column,adj_sellturnover_ewstock_ma_25,adj_sellturnover_ewstock_ma_25,1,True,1.10487e-05,-5.20455e-06,3.05753e-05,77,0,0.0184424,0.44898,0,0.48777,3.96107e-05,2.00442e-06,1.23019e-05,8.22063e-06,-2.63601e-05,3.0831e-05,5.45772e-05,3.75553e-05,2.43694e-05,-4.34693e-06
all_features,xgb,perm_p1_mse,column,adj_sellturnover_ewstock_ma_125,adj_sellturnover_ewstock_ma_125,1,True,1.89455e-05,-1.36999e-06,4.37808e-05,50,0.00680272,0.0316239,0.482993,0,0.397197,-9.55905e-07,1.77013e-05,7.83763e-06,2.14625e-05,2.7311e-05,4.36102e-05,-2.15495e-05,4.48421e-05,-3.67146e-06,2.05762e-05
all_features,xgb,perm_p1_mse,column,adj_sellturnover_ewstock_ma_625,adj_sellturnover_ewstock_ma_625,1,True,4.36731e-06,-1.0019e-05,1.80951e-05,117,0,0.0072899,0.265306,0,0.567716,7.94403e-06,1.47232e-05,2.32135e-05,-1.85483e-05,1.21573e-05,-8.18711e-06,-7.64637e-06,-3.47052e-06,-7.29216e-06,1.25322e-05
all_features,xgb,perm_p1_mse,column,adj_sellturnover_ewstock_ma_3125,adj_sellturnover_ewstock_ma_3125,1,True,-5.60407e-06,-1.89441e-05,3.99318e-06,477,0,-0.00935431,0.163265,0,,-2.69818e-05,-3.22224e-05,6.68223e-06,-3.91111e-06,8.19394e-06,3.6472e-06,-2.63502e-18,-2.11624e-05,-4.70828e-06,-6.45013e-07
all_features,xgb,perm_p1_mse,column,adj_effspread_ewstock_ma_1,adj_effspread_ewstock_ma_1,1,True,1.52464e-05,-8.57668e-06,4.24502e-05,62,0,0.0254493,0.421769,0,0.569868,4.88521e-06,9.40178e-06,6.45566e-05,-8.54001e-07,7.4714e-07,5.37445e-06,2.35624e-05,1.73516e-05,7.17834e-06,1.82938e-05
all_features,xgb,perm_p1_mse,column,adj_effspread_ewstock_ma_5,adj_effspread_ewstock_ma_5,1,True,-1.16623e-05,-9.83238e-05,4.98771e-05,515,0.00680272,-0.0194666,0.394558,0,,-2.69411e-05,-0.000185086,0.000109165,1.23736e-05,-1.76202e-05,-9.90383e-06,0.000139106,-0.000175013,4.05483e-05,2.03752e-05
all_features,xgb,perm_p1_mse,column,adj_effspread_ewstock_ma_25,adj_effspread_ewstock_ma_25,1,True,1.45465e-05,-6.63726e-06,3.5147e-05,64,0,0.0242809,0.469388,0,0.440691,-1.89565e-05,9.06463e-06,4.03769e-05,3.76045e-05,1.06691e-05,-2.93201e-05,8.4097e-05,5.5315e-06,9.55704e-06,1.99973e-05
all_features,xgb,perm_p1_mse,column,adj_effspread_ewstock_ma_125,adj_effspread_ewstock_ma_125,1,True,-1.69669e-05,-4.72292e-05,4.48355e-06,534,0,-0.0283211,0.312925,0,,-4.70553e-06,-8.33146e-06,-6.2292e-05,3.35533e-06,-1.00457e-05,-1.55998e-05,-1.26698e-05,1.19214e-06,-6.38551e-05,-1.30503e-06
all_features,xgb,perm_p1_mse,column,adj_effspread_ewstock_ma_625,adj_effspread_ewstock_ma_625,1,True,6.17511e-06,-1.28628e-06,1.41955e-05,102,0,0.0103075,0.22449,0,0.438544,4.35411e-05,1.55518e-05,1.54382e-06,-8.55795e-06,4.67847e-06,2.11989e-06,-7.3245e-06,1.58143e-05,-4.03456e-06,7.62016e-06
all_features,xgb,perm_p1_mse,column,adj_effspread_ewstock_ma_3125,adj_effspread_ewstock_ma_3125,1,True,-2.25017e-06,-1.7509e-05,9.65409e-06,451,0,-0.00375597,0.142857,0,,-9.66389e-06,-3.49185e-05,2.00638e-05,1.22079e-05,-3.20698e-06,1.53033e-06,-7.83735e-06,-3.97181e-05,2.37555e-06,8.53732e-06
all_features,xgb,perm_p1_mse,column,adj_spread_ewstock_ma_1,adj_spread_ewstock_ma_1,1,True,-1.14384e-05,-5.4227e-05,2.08514e-05,514,0,-0.0190929,0.421769,0,,9.02084e-05,1.56748e-05,-6.84655e-05,-2.33763e-05,-3.37195e-05,-3.85957e-06,-3.16812e-06,4.86222e-05,1.28525e-05,-4.35657e-05
all_features,xgb,perm_p1_mse,column,adj_spread_ewstock_ma_5,adj_spread_ewstock_ma_5,1,True,-8.63801e-06,-1.80209e-05,5.53397e-07,505,0,-0.0144185,0.306122,0,,-7.92541e-06,-1.90896e-05,4.58857e-06,-1.63477e-06,-6.8929e-06,-2.34251e-05,1.84099e-06,-1.34585e-05,-8.27039e-06,-7.14369e-06
all_features,xgb,perm_p1_mse,column,adj_spread_ewstock_ma_25,adj_spread_ewstock_ma_25,1,True,-2.71195e-06,-2.62531e-05,2.14796e-05,456,0,-0.00452678,0.37415,0,,-1.48384e-05,9.89585e-06,3.46938e-06,2.84197e-05,-3.56989e-06,-4.57262e-05,-3.49417e-06,-2.04891e-05,-4.12136e-05,2.14482e-05
all_features,xgb,perm_p1_mse,column,adj_spread_ewstock_ma_125,adj_spread_ewstock_ma_125,1,True,-9.03253e-07,-2.03256e-05,1.23616e-05,432,0,-0.00150771,0.244898,0,,-9.40842e-06,1.37545e-05,1.94989e-05,7.87178e-06,1.78638e-06,-5.0175e-05,1.9931e-05,1.61613e-05,-2.3896e-05,3.95623e-06
all_features,xgb,perm_p1_mse,column,adj_spread_ewstock_ma_625,adj_spread_ewstock_ma_625,1,True,1.09051e-06,-2.46543e-05,2.01618e-05,161,0,0.00182027,0.312925,0,4.04743,4.47117e-05,3.20584e-06,-4.47136e-05,1.09596e-06,2.56292e-06,1.50979e-05,1.82929e-05,1.62743e-05,-2.9394e-05,1.01055e-05
all_features,xgb,perm_p1_mse,column,adj_spread_ewstock_ma_3125,adj_spread_ewstock_ma_3125,1,True,-1.2802e-07,-1.11973e-05,1.42353e-05,419,0,-0.00021369,0.14966,0,,-1.38729e-05,1.30497e-06,2.6527e-05,-8.47397e-06,-6.61119e-06,-8.6546e-06,7.3331e-06,-6.04143e-07,-6.497e-06,3.01662e-06
all_features,xgb,perm_p1_mse,column,adj_sumret2_vwstock_ma_1,adj_sumret2_vwstock_ma_1,1,True,7.78941e-06,-5.36814e-05,6.45666e-05,92,0,0.0130021,0.353741,0,1.83809,0.000216717,-2.80386e-05,-6.73542e-05,1.40825e-05,-4.27148e-07,-2.61718e-06,5.87154e-05,0.000107373,-4.22985e-06,-2.10106e-05
all_features,xgb,perm_p1_mse,column,adj_sumret2_vwstock_ma_5,adj_sumret2_vwstock_ma_5,1,True,-8.08712e-06,-2.60428e-05,6.08951e-06,504,0,-0.013499,0.319728,0,,-8.01569e-05,-1.77771e-05,-2.35969e-06,4.53877e-06,5.5604e-06,8.41356e-06,-1.10859e-05,-2.91484e-05,2.54794e-06,-5.78282e-06
all_features,xgb,perm_p1_mse,column,adj_sumret2_vwstock_ma_25,adj_sumret2_vwstock_ma_25,1,True,-3.09835e-05,-9.07644e-05,8.92e-06,554,0,-0.0517175,0.353741,0,,-1.44449e-05,6.39406e-06,-0.000126552,1.44355e-05,-7.93311e-05,2.5952e-06,2.42257e-05,8.65723e-06,3.38914e-06,-6.07694e-05
all_features,xgb,perm_p1_mse,column,adj_sumret2_vwstock_ma_125,adj_sumret2_vwstock_ma_125,1,True,-1.67584e-07,-1.59365e-05,1.34151e-05,420,0,-0.000279731,0.306122,0,,-7.08024e-05,1.16074e-05,-9.98396e-06,2.24938e-05,1.44189e-05,-6.1487e-06,9.43311e-06,-1.44313e-05,-7.35902e-06,8.12798e-06
all_features,xgb,perm_p1_mse,column,adj_sumret2_vwstock_ma_625,adj_sumret2_vwstock_ma_625,1,True,-1.39198e-06,-1.24617e-05,8.9484e-06,440,0,-0.00232349,0.197279,0,,-7.83413e-06,-4.98036e-06,-5.49294e-07,-8.36361e-06,9.61927e-06,2.53396e-06,-6.85535e-06,-8.60618e-06,6.32207e-08,4.20926e-07
all_features,xgb,perm_p1_mse,column,adj_sumret2_vwstock_ma_3125,adj_sumret2_vwstock_ma_3125,1,True,-3.75543e-06,-8.81189e-06,-1.01788e-07,468,0,-0.00626855,0.136054,0,,-6.3893e-06,-4.99001e-07,-1.26686e-05,-1.79325e-06,1.39e-06,-6.31654e-06,3.68008e-06,1.03288e-06,-5.66617e-06,-4.51661e-06
all_features,xgb,perm_p1_mse,column,adj_sumret3_vwstock_ma_1,adj_sumret3_vwstock_ma_1,1,True,2.37741e-06,-4.42711e-05,4.61903e-05,134,0,0.00396837,0.435374,0,2.80124,6.83551e-05,-2.93239e-06,-0.000109259,1.78527e-05,3.98359e-05,2.59596e-05,2.2421e-05,2.50294e-05,-3.12785e-05,1.02947e-05
all_features,xgb,perm_p1_mse,column,adj_sumret3_vwstock_ma_5,adj_sumret3_vwstock_ma_5,1,True,1.27085e-06,-4.95475e-05,4.38779e-05,156,0,0.0021213,0.496599,0,5.91404,6.89728e-06,-4.67385e-05,4.90053e-05,2.15811e-05,-2.02949e-05,1.29972e-05,-3.41762e-05,3.96001e-05,-1.62213e-05,-3.79413e-06
all_features,xgb,perm_p1_mse,column,adj_sumret3_vwstock_ma_25,adj_sumret3_vwstock_ma_25,1,True,-0.000214651,-0.000596061,2.52281e-05,570,0.0136054,-0.358294,0.482993,0,,-0.00020652,9.92806e-06,-0.000944399,2.45682e-05,1.10282e-05,-0.000313003,0.000182224,-7.88861e-05,-0.000121048,-0.000305378
all_features,xgb,perm_p1_mse,column,adj_sumret3_vwstock_ma_125,adj_sumret3_vwstock_ma_125,1,True,2.86379e-05,-0.000148684,0.000243355,41,0.0136054,0.0478022,0.421769,0,2.73951,0.000818917,6.04017e-05,-0.000281995,-3.74668e-05,5.17268e-05,-7.27449e-05,6.3611e-05,1.50028e-05,2.50212e-05,3.50435e-05
all_features,xgb,perm_p1_mse,column,adj_sumret3_vwstock_ma_625,adj_sumret3_vwstock_ma_625,1,True,-1.03028e-05,-2.70967e-05,3.96078e-06,512,0,-0.0171975,0.238095,0,,-4.56306e-06,1.025e-06,-1.15118e-05,-8.11044e-06,-2.45992e-05,-9.4629e-06,-1.75581e-05,-4.21152e-06,-1.28391e-05,-1.12217e-05
all_features,xgb,perm_p1_mse,column,adj_sumret3_vwstock_ma_3125,adj_sumret3_vwstock_ma_3125,1,True,-2.4619e-05,-7.47761e-05,5.65121e-06,549,0.00680272,-0.0410939,0.176871,0,,-1.11172e-05,-5.78646e-06,-2.37292e-05,-1.64971e-05,-0.000100502,1.4806e-05,-2.19621e-05,7.17572e-06,-3.28303e-06,-4.55928e-05
all_features,xgb,perm_p1_mse,column,adj_sumret4_vwstock_ma_1,adj_sumret4_vwstock_ma_1,1,True,1.08675e-05,-2.15281e-06,2.47933e-05,79,0,0.01814,0.244898,0,0.381392,6.28986e-06,3.23017e-06,2.27437e-05,-9.7854e-07,2.51754e-05,1.22525e-05,-6.22107e-06,-4.98983e-06,1.38329e-05,1.49615e-05
all_features,xgb,perm_p1_mse,column,adj_sumret4_vwstock_ma_5,adj_sumret4_vwstock_ma_5,1,True,-9.14595e-06,-3.3533e-05,6.39665e-06,507,0,-0.0152664,0.238095,0,,-0.000142014,3.67771e-06,8.97633e-06,8.0309e-06,2.3218e-06,-3.26106e-06,6.73644e-07,-1.37051e-05,3.68101e-06,-1.35717e-05
all_features,xgb,perm_p1_mse,column,adj_sumret4_vwstock_ma_25,adj_sumret4_vwstock_ma_25,1,True,-6.77059e-06,-5.64797e-05,3.07855e-05,494,0,-0.0113014,0.387755,0,,1.28438e-05,-2.75031e-06,-0.000106617,-8.58301e-06,6.06496e-05,1.22709e-05,-4.18698e-06,2.0624e-05,3.4722e-05,-3.56548e-05
all_features,xgb,perm_p1_mse,column,adj_sumret4_vwstock_ma_125,adj_sumret4_vwstock_ma_125,1,True,6.3258e-06,-2.70522e-06,1.62907e-05,101,0,0.010559,0.319728,0,0.330155,7.93373e-06,9.78152e-07,1.69229e-05,-3.21994e-06,4.08958e-07,2.11658e-05,-1.0285e-05,5.01165e-06,1.29563e-05,3.67767e-06
all_features,xgb,perm_p1_mse,column,adj_sumret4_vwstock_ma_625,adj_sumret4_vwstock_ma_625,1,True,8.00012e-06,-4.02214e-06,2.04595e-05,91,0,0.0133538,0.251701,0,0.462824,-4.8267e-05,1.48916e-05,4.23151e-05,4.32796e-06,8.16525e-07,5.61553e-06,1.1219e-05,5.98452e-07,1.27455e-05,8.33834e-06
all_features,xgb,perm_p1_mse,column,adj_sumret4_vwstock_ma_3125,adj_sumret4_vwstock_ma_3125,1,True,5.51815e-07,-4.57211e-06,6.03313e-06,170,0,0.000921088,0.129252,0,2.45795,3.77493e-06,2.09534e-06,2.62456e-07,-5.58407e-06,1.13301e-05,-5.80175e-06,-3.50133e-06,-5.73209e-06,-2.4128e-06,4.11118e-06
all_features,xgb,perm_p1_mse,column,adj_sumabsret_vwstock_ma_1,adj_sumabsret_vwstock_ma_1,1,True,4.31982e-05,-0.000371227,0.000357472,33,0.0952381,0.0721064,0.564626,6.12368e-05,0.726339,-0.000450462,2.7352e-05,-0.000868867,0.000321106,0.000158089,0.0005653,0.000898729,0.000174259,0.000266437,-0.00010656
all_features,xgb,perm_p1_mse,column,adj_sumabsret_vwstock_ma_5,adj_sumabsret_vwstock_ma_5,1,True,-3.42887e-06,-0.000122646,0.000106364,464,0.00680272,-0.00572346,0.537415,2.07806e-05,,-0.000188342,-0.000165233,-6.07815e-05,0.000271806,8.50527e-05,-3.42415e-05,-3.86164e-05,-0.000207476,-3.10268e-05,8.00192e-05
all_features,xgb,perm_p1_mse,column,adj_sumabsret_vwstock_ma_25,adj_sumabsret_vwstock_ma_25,1,True,-1.28848e-05,-9.89015e-05,5.05241e-05,518,0,-0.0215073,0.394558,0,,0.000154015,-1.07546e-05,-0.000226552,2.78654e-05,9.85208e-06,3.75797e-05,2.10154e-05,7.31447e-05,-2.77552e-05,-3.56655e-05
all_features,xgb,perm_p1_mse,column,adj_sumabsret_vwstock_ma_125,adj_sumabsret_vwstock_ma_125,1,True,1.23685e-05,-3.0329e-06,3.1004e-05,67,0,0.0206455,0.387755,0,0.409709,1.06748e-05,1.92095e-05,-8.91437e-06,2.53846e-05,1.71916e-05,2.14819e-05,-2.53014e-05,2.91346e-05,-1.54428e-05,1.95858e-05
all_features,xgb,perm_p1_mse,column,adj_sumabsret_vwstock_ma_625,adj_sumabsret_vwstock_ma_625,1,True,5.13567e-06,-4.74866e-06,1.86144e-05,110,0,0.00857245,0.265306,0,0.939747,3.72086e-05,-6.4987e-06,3.0512e-05,-5.94149e-06,-2.07541e-06,-7.83275e-06,9.25638e-06,3.66125e-06,-7.16724e-06,1.14019e-05
all_features,xgb,perm_p1_mse,column,adj_sumabsret_vwstock_ma_3125,adj_sumabsret_vwstock_ma_3125,1,True,-2.32595e-06,-6.64896e-06,1.77971e-06,452,0,-0.00388247,0.108844,0,,-1.46264e-05,5.05946e-06,-2.02352e-06,-1.3475e-06,-9.05127e-07,-6.61226e-06,-1.37653e-06,-5.22969e-06,1.26475e-06,-3.00228e-06
all_features,xgb,perm_p1_mse,column,adj_sumbipow_vwstock_ma_1,adj_sumbipow_vwstock_ma_1,1,True,5.20385e-05,-3.69567e-05,0.000164832,30,0.0136054,0.0868625,0.442177,0,0.795719,0.000619495,-4.11743e-05,7.17887e-05,4.93317e-05,-5.21294e-05,-2.83508e-05,-4.4868e-05,0.000293649,-8.32416e-06,-3.23735e-06
all_features,xgb,perm_p1_mse,column,adj_sumbipow_vwstock_ma_5,adj_sumbipow_vwstock_ma_5,1,True,6.072e-05,-9.21208e-06,0.00013716,25,0,0.101354,0.496599,0,0.371151,-3.21307e-05,-2.36839e-05,4.11644e-05,0.000320576,3.05567e-05,5.52328e-05,-0.000156328,-9.11097e-05,-3.86889e-06,0.000143426
all_features,xgb,perm_p1_mse,column,adj_sumbipow_vwstock_ma_25,adj_sumbipow_vwstock_ma_25,1,True,-2.21825e-05,-6.30704e-05,8.08367e-06,547,0,-0.037027,0.37415,0,,-3.19813e-05,-3.32326e-05,-0.00011775,3.9318e-05,-9.553e-07,7.71663e-06,-2.36757e-05,-3.53208e-05,-5.75362e-06,-2.53279e-05
all_features,xgb,perm_p1_mse,column,adj_sumbipow_vwstock_ma_125,adj_sumbipow_vwstock_ma_125,1,True,-5.57536e-07,-8.9172e-06,8.08917e-06,431,0,-0.000930638,0.306122,0,,-7.51497e-06,1.02309e-05,1.91389e-07,-1.37216e-05,-2.32917e-06,-8.49012e-06,4.5383e-05,-8.40751e-07,1.31244e-05,-6.86143e-06
all_features,xgb,perm_p1_mse,column,adj_sumbipow_vwstock_ma_625,adj_sumbipow_vwstock_ma_625,1,True,-6.61673e-06,-2.11087e-05,3.28877e-06,491,0,-0.0110446,0.251701,0,,-6.57558e-05,-7.21571e-06,5.38542e-06,-4.82097e-06,-2.32289e-06,3.37881e-06,3.78816e-06,-2.77507e-06,-5.19983e-07,-1.07974e-05
all_features,xgb,perm_p1_mse,column,adj_sumbipow_vwstock_ma_3125,adj_sumbipow_vwstock_ma_3125,1,True,-2.97893e-06,-7.93985e-06,9.53273e-07,461,0,-0.00497242,0.115646,0,,-1.09237e-05,4.50353e-06,-8.21486e-07,-2.49989e-07,-6.61878e-06,-9.86608e-06,3.31904e-06,-1.03605e-05,6.70585e-07,-2.13487e-06
all_features,xgb,perm_p1_mse,column,adj_sumpret2_vwstock_ma_1,adj_sumpret2_vwstock_ma_1,1,True,1.54409e-06,-1.17932e-05,1.40795e-05,147,0,0.00257739,0.37415,0,1.65735,-2.70639e-05,-1.55335e-05,7.66215e-06,1.82245e-05,4.66754e-06,1.42282e-05,-1.73459e-05,-3.85422e-06,-9.7374e-06,8.6888e-06
all_features,xgb,perm_p1_mse,column,adj_sumpret2_vwstock_ma_5,adj_sumpret2_vwstock_ma_5,1,True,3.97984e-06,-5.12154e-06,1.30137e-05,121,0,0.00664313,0.37415,0,0.454297,-2.19625e-06,7.09317e-06,-7.00772e-06,9.94796e-06,1.61943e-05,-3.72629e-06,5.51411e-06,-5.77131e-06,7.51665e-06,5.69572e-06
all_features,xgb,perm_p1_mse,column,adj_sumpret2_vwstock_ma_25,adj_sumpret2_vwstock_ma_25,1,True,2.75288e-06,-1.55321e-05,1.95641e-05,130,0,0.0045951,0.489796,0,1.29233,-1.29592e-06,2.40665e-05,-4.70908e-06,8.50119e-06,-4.37062e-06,-4.64439e-06,-9.35592e-06,-2.0686e-05,4.21531e-06,1.01709e-05
all_features,xgb,perm_p1_mse,column,adj_sumpret2_vwstock_ma_125,adj_sumpret2_vwstock_ma_125,1,True,-1.94522e-07,-1.14476e-05,9.70239e-06,422,0,-0.000324695,0.326531,0,,2.03209e-05,1.37613e-05,3.59028e-06,-2.57779e-05,-6.39862e-06,1.43972e-06,3.55967e-06,2.13578e-05,2.9478e-06,-9.115e-06
all_features,xgb,perm_p1_mse,column,adj_sumpret2_vwstock_ma_625,adj_sumpret2_vwstock_ma_625,1,True,1.10189e-05,2.9206e-06,1.95668e-05,78,0,0.0183927,0.231293,0,0.234342,-1.69927e-06,4.23296e-06,1.20025e-05,2.34744e-05,1.49173e-05,1.09138e-05,-2.52372e-07,3.8185e-06,5.45992e-06,1.61089e-05
all_features,xgb,perm_p1_mse,column,adj_sumpret2_vwstock_ma_3125,adj_sumpret2_vwstock_ma_3125,1,True,2.22746e-07,-6.22131e-06,4.90109e-06,186,0,0.000371807,0.204082,0,4.33739,5.01425e-06,6.48343e-06,7.13721e-07,-1.14331e-05,-8.74176e-07,3.55227e-06,-2.63502e-18,8.83869e-06,1.83807e-06,-3.51142e-06
all_features,xgb,perm_p1_mse,column,adj_turnover_vwstock_ma_1,adj_turnover_vwstock_ma_1,1,True,-1.38038e-05,-0.000188535,0.000116561,522,0.00680272,-0.0230412,0.462585,0,,0.00012051,-5.36292e-05,9.77505e-05,0.000192753,-0.000352522,-2.59835e-05,-2.63502e-18,9.53647e-06,5.43728e-05,-5.37719e-05
all_features,xgb,perm_p1_mse,column,adj_turnover_vwstock_ma_5,adj_turnover_vwstock_ma_5,1,True,-2.29425e-05,-8.94732e-05,3.76845e-05,548,0,-0.0382955,0.380952,0,,9.63268e-05,-0.000119855,0.000111791,-2.39379e-05,-6.83207e-05,-7.97825e-05,-2.63502e-18,-0.00011862,4.98328e-05,-2.39206e-05
all_features,xgb,perm_p1_mse,column,adj_turnover_vwstock_ma_25,adj_turnover_vwstock_ma_25,1,True,-1.59888e-05,-6.2318e-05,1.81497e-05,531,0,-0.0266885,0.326531,0,,4.2699e-05,2.04346e-05,-0.00011969,-1.36337e-05,2.34425e-05,-2.71873e-05,-1.06748e-06,1.90936e-05,-1.71402e-05,-2.75773e-05
all_features,xgb,perm_p1_mse,column,adj_turnover_vwstock_ma_125,adj_turnover_vwstock_ma_125,1,True,4.58206e-06,-4.15052e-06,1.32571e-05,116,0,0.00764836,0.340136,0,0.444086,1.1161e-05,1.22583e-05,-1.20531e-05,2.0937e-05,-9.75815e-06,9.24604e-06,-2.63502e-18,4.76438e-06,1.55478e-05,-6.11842e-07
all_features,xgb,perm_p1_mse,column,adj_turnover_vwstock_ma_625,adj_turnover_vwstock_ma_625,1,True,1.41452e-06,-9.57396e-06,1.41737e-05,153,0,0.00236112,0.217687,0,2.72714,-3.9755e-06,1.66069e-05,-1.4794e-05,1.0968e-06,-1.48884e-05,2.16933e-05,-2.63502e-18,3.65703e-06,-5.76316e-06,3.99778e-06
all_features,xgb,perm_p1_mse,column,adj_turnover_vwstock_ma_3125,adj_turnover_vwstock_ma_3125,1,True,1.4363e-06,-4.27162e-06,6.81891e-06,150,0,0.00239746,0.22449,0,0.946792,-9.18098e-06,1.24559e-06,-5.46789e-07,-7.92548e-07,3.26027e-06,9.99745e-06,-2.63502e-18,-3.30743e-06,7.15914e-06,3.98383e-07
all_features,xgb,perm_p1_mse,column,adj_buyturnover_vwstock_ma_1,adj_buyturnover_vwstock_ma_1,1,True,-5.81231e-05,-0.000277866,0.000101219,564,0,-0.097019,0.414966,0,,-4.17858e-05,3.10417e-05,-0.000493344,0.000242729,-0.000189037,8.80484e-05,-1.52782e-06,3.87679e-05,-5.46045e-05,-9.32627e-05
all_features,xgb,perm_p1_mse,column,adj_buyturnover_vwstock_ma_5,adj_buyturnover_vwstock_ma_5,1,True,2.16162e-05,-3.50928e-05,6.9775e-05,47,0,0.0360817,0.428571,0,0.428023,2.30438e-05,-3.11557e-05,0.000111724,0.00011441,-7.7531e-05,-1.16711e-06,-2.63502e-18,-3.24114e-05,4.98539e-06,4.8074e-05
all_features,xgb,perm_p1_mse,column,adj_buyturnover_vwstock_ma_25,adj_buyturnover_vwstock_ma_25,1,True,-1.92058e-06,-5.18888e-05,3.83862e-05,449,0,-0.00320583,0.340136,0,,-3.85766e-06,3.60202e-06,2.19381e-05,8.53629e-05,-0.000115707,-4.61807e-06,-3.67562e-09,-4.1619e-06,-1.493e-05,4.94132e-06
all_features,xgb,perm_p1_mse,column,adj_buyturnover_vwstock_ma_125,adj_buyturnover_vwstock_ma_125,1,True,1.81199e-06,-1.11888e-05,1.56497e-05,141,0.0136054,0.00302457,0.387755,0,1.90131,-4.09165e-06,3.2463e-05,-1.06295e-05,-8.45391e-06,-1.62621e-06,-2.76975e-07,-2.63502e-18,2.5841e-05,4.83441e-07,-5.87272e-06
all_features,xgb,perm_p1_mse,column,adj_buyturnover_vwstock_ma_625,adj_buyturnover_vwstock_ma_625,1,True,2.00172e-06,-6.09756e-06,1.14661e-05,139,0,0.00334126,0.265306,0,1.80178,5.30942e-06,2.07496e-05,-1.18281e-05,1.31537e-06,2.3415e-06,-4.4072e-06,-2.63502e-18,-5.84896e-06,-7.18719e-06,9.01503e-06
all_features,xgb,perm_p1_mse,column,adj_buyturnover_vwstock_ma_3125,adj_buyturnover_vwstock_ma_3125,1,True,2.18598e-06,-4.18657e-06,8.81634e-06,137,0,0.00364883,0.190476,0,0.846923,3.38058e-05,-3.60271e-07,2.61863e-06,-1.28853e-05,-3.80414e-07,6.28756e-06,-2.63502e-18,9.88742e-06,6.21521e-06,-2.36154e-06
all_features,xgb,perm_p1_mse,column,adj_sellturnover_vwstock_ma_1,adj_sellturnover_vwstock_ma_1,1,True,0.000206133,-0.000580225,0.00101734,13,0.0340136,0.344077,0.510204,6.74178e-08,1.30701,-0.000305836,-0.00072693,0.00188009,0.00049602,-0.000388394,0.000126278,3.88942e-05,-0.000840079,0.000371403,0.000490457
all_features,xgb,perm_p1_mse,column,adj_sellturnover_vwstock_ma_5,adj_sellturnover_vwstock_ma_5,1,True,-1.81849e-05,-0.000103088,4.25636e-05,538,0,-0.0303541,0.462585,0,,4.51579e-05,-3.97134e-06,-0.00013372,-4.57226e-05,1.27929e-05,4.35917e-05,-9.96173e-06,7.46194e-06,8.23291e-05,-7.4081e-05
all_features,xgb,perm_p1_mse,column,adj_sellturnover_vwstock_ma_25,adj_sellturnover_vwstock_ma_25,1,True,5.58812e-06,-1.48013e-05,2.99344e-05,107,0,0.00932768,0.387755,0,1.17808,0.000101207,2.15046e-05,1.79598e-07,-1.92367e-06,-3.03933e-05,-9.10494e-06,-2.89352e-06,5.36721e-05,-3.91665e-06,-6.58622e-06
all_features,xgb,perm_p1_mse,column,adj_sellturnover_vwstock_ma_125,adj_sellturnover_vwstock_ma_125,1,True,-1.01747e-06,-9.08369e-06,7.27741e-06,436,0,-0.00169836,0.319728,0,,-1.73523e-05,-9.35872e-07,1.41436e-06,-1.21956e-06,-1.1937e-05,1.57601e-05,-2.63502e-18,9.55827e-07,4.6441e-06,-4.34865e-06
all_features,xgb,perm_p1_mse,column,adj_sellturnover_vwstock_ma_625,adj_sellturnover_vwstock_ma_625,1,True,-9.89625e-07,-7.44354e-06,5.26945e-06,433,0,-0.00165188,0.238095,0,,4.22261e-06,-3.26639e-06,1.24185e-05,2.6596e-06,-6.8863e-06,-1.28055e-05,-2.63502e-18,7.811e-07,-7.3614e-06,1.37963e-06
all_features,xgb,perm_p1_mse,column,adj_sellturnover_vwstock_ma_3125,adj_sellturnover_vwstock_ma_3125,1,True,4.20047e-06,-8.4961e-07,1.30102e-05,118,0,0.00701141,0.183673,0,0.88712,-2.32653e-06,6.46164e-07,6.60356e-07,-1.92837e-06,-1.10873e-06,2.75965e-05,-2.63502e-18,2.52444e-07,1.92885e-05,-1.49449e-06
all_features,xgb,perm_p1_mse,column,adj_effspread_vwstock_ma_1,adj_effspread_vwstock_ma_1,1,True,6.56359e-06,-3.73729e-05,5.44876e-05,99,0,0.0109559,0.380952,0,2.71911,5.81081e-05,-9.09305e-06,0.000106052,8.2116e-07,-3.57885e-05,9.02585e-06,-0.000197158,-3.4527e-05,1.25785e-05,1.79534e-05
all_features,xgb,perm_p1_mse,column,adj_effspread_vwstock_ma_5,adj_effspread_vwstock_ma_5,1,True,-7.32883e-06,-2.42651e-05,8.16517e-06,501,0,-0.0122333,0.387755,0,,7.04118e-06,-2.95046e-06,8.80697e-06,-1.77047e-05,-2.74618e-05,-9.42431e-06,6.73003e-06,1.03855e-06,-2.15574e-06,-1.26418e-05
all_features,xgb,perm_p1_mse,column,adj_effspread_vwstock_ma_25,adj_effspread_vwstock_ma_25,1,True,6.12871e-06,-1.73051e-05,3.432e-05,103,0,0.01023,0.380952,0,0.860213,-2.23693e-05,-1.12243e-05,5.42112e-05,1.23545e-05,3.06858e-06,-1.53608e-05,1.59625e-05,-3.00925e-05,-1.09643e-08,2.15224e-05
all_features,xgb,perm_p1_mse,column,adj_effspread_vwstock_ma_125,adj_effspread_vwstock_ma_125,1,True,-3.72786e-06,-2.64811e-05,1.71173e-05,466,0,-0.00622253,0.394558,0,,-7.56445e-06,1.47138e-05,-1.55157e-05,5.28915e-05,-1.11982e-05,-4.29334e-05,-5.2272e-05,-6.38257e-05,4.1067e-07,1.51103e-05
all_features,xgb,perm_p1_mse,column,adj_effspread_vwstock_ma_625,adj_effspread_vwstock_ma_625,1,True,-2.35906e-06,-1.98394e-05,1.39877e-05,453,0,-0.00393774,0.312925,0,,-4.05012e-06,3.3971e-05,-4.79947e-06,-1.18697e-05,1.61797e-06,-2.55728e-05,-2.04484e-05,1.13263e-06,-2.11185e-05,5.21149e-06
all_features,xgb,perm_p1_mse,column,adj_effspread_vwstock_ma_3125,adj_effspread_vwstock_ma_3125,1,True,-6.25536e-06,-1.72843e-05,3.37849e-06,486,0,-0.0104414,0.204082,0,,-6.20819e-07,5.79779e-06,-2.54587e-05,-5.54699e-06,-5.91855e-06,-4.4133e-06,-3.5628e-06,4.02784e-06,4.27279e-06,-1.47362e-05
all_features,xgb,perm_p1_mse,column,adj_spread_vwstock_ma_1,adj_spread_vwstock_ma_1,1,True,9.55409e-06,-6.59825e-06,2.4187e-05,84,0,0.0159477,0.353741,0,0.2991,-4.121e-05,1.24562e-05,2.4304e-05,1.05694e-05,-5.56935e-06,3.21723e-05,9.93114e-06,-2.69937e-05,3.90357e-05,8.39344e-06
all_features,xgb,perm_p1_mse,column,adj_spread_vwstock_ma_5,adj_spread_vwstock_ma_5,1,True,-1.18324e-05,-3.71639e-05,8.10989e-06,516,0,-0.0197506,0.265306,0,,3.98604e-06,2.63019e-07,6.78564e-06,-4.08072e-05,-4.95251e-05,1.29044e-05,-3.89629e-06,-1.14837e-05,1.84014e-05,-2.60994e-05
all_features,xgb,perm_p1_mse,column,adj_spread_vwstock_ma_25,adj_spread_vwstock_ma_25,1,True,2.20971e-05,-2.7463e-06,5.5507e-05,45,0,0.0368844,0.285714,0,0.459962,1.47434e-05,-1.48995e-06,7.62246e-05,-8.95935e-06,5.59348e-05,9.34104e-07,-1.29335e-06,2.68751e-06,1.52085e-05,3.20297e-05
all_features,xgb,perm_p1_mse,column,adj_spread_vwstock_ma_125,adj_spread_vwstock_ma_125,1,True,-6.84553e-06,-1.69506e-05,1.02934e-06,495,0,-0.0114265,0.231293,0,,-1.83641e-05,-2.09874e-07,6.15116e-06,-2.03756e-05,-1.86849e-05,5.47443e-06,-9.56289e-06,-1.13417e-05,1.63445e-07,-8.5708e-06
all_features,xgb,perm_p1_mse,column,adj_spread_vwstock_ma_625,adj_spread_vwstock_ma_625,1,True,8.29694e-07,-6.3147e-06,7.97136e-06,164,0,0.00138492,0.217687,0,2.00726,-1.42931e-05,1.05497e-06,-7.52762e-06,2.23825e-05,-7.22209e-06,4.64083e-06,-3.36412e-06,-5.97804e-07,1.47993e-05,-5.21325e-06
all_features,xgb,perm_p1_mse,column,adj_spread_vwstock_ma_3125,adj_spread_vwstock_ma_3125,1,True,1.14348e-07,-3.90724e-06,4.59034e-06,188,0,0.000190869,0.129252,0,17.7673,-1.06752e-18,-4.67041e-19,1.06441e-06,5.46653e-06,4.05856e-07,-6.26489e-06,-2.63502e-18,-2.30134e-06,-4.92431e-06,3.30699e-06
all_features,xgb,perm_p1_mse,column,adj_stocktwits_attention_ma_1,adj_stocktwits_attention_ma_1,1,True,4.20766e-05,1.02543e-05,7.63654e-05,34,0.0136054,0.0702341,0.530612,4.81359e-06,0.165985,9.92898e-05,4.16836e-07,0.000103945,5.72715e-05,4.60719e-06,9.68568e-06,6.22409e-05,6.42934e-05,3.39862e-05,3.81822e-05
all_features,xgb,perm_p1_mse,column,adj_stocktwits_attention_ma_5,adj_stocktwits_attention_ma_5,1,True,1.26042e-06,-3.73748e-05,4.01037e-05,157,0.00680272,0.00210389,0.421769,-3.46945e-18,8.05963,-3.97354e-06,-2.17777e-05,6.05091e-05,2.47102e-05,1.79782e-05,-4.98283e-05,-6.72405e-05,-3.53879e-05,-2.42301e-05,2.5856e-05
all_features,xgb,perm_p1_mse,column,adj_stocktwits_attention_ma_25,adj_stocktwits_attention_ma_25,1,True,6.51511e-05,7.91458e-06,0.000137501,23,0.00680272,0.10875,0.44898,0,0.328177,5.56565e-05,0.00011301,0.000164817,-1.88705e-05,7.56762e-05,1.21632e-05,8.13223e-06,3.61405e-05,0.000114986,5.18616e-05
all_features,xgb,perm_p1_mse,column,adj_stocktwits_attention_ma_125,adj_stocktwits_attention_ma_125,1,True,-2.12085e-05,-4.76627e-05,2.67063e-06,545,0,-0.0354013,0.408163,0,,-2.79733e-06,-9.77944e-05,-2.5839e-05,-2.0051e-05,2.91115e-05,-1.28681e-05,2.5905e-05,-5.30511e-05,-2.94558e-05,-6.34235e-06
all_features,xgb,perm_p1_mse,column,adj_stocktwits_attention_ma_625,adj_stocktwits_attention_ma_625,1,True,1.13451e-05,-1.1178e-05,3.63686e-05,74,0,0.0189373,0.367347,0,0.576111,1.51156e-05,2.52997e-05,1.0262e-05,2.51313e-05,4.0565e-05,-2.88941e-05,-4.61135e-05,-1.37792e-05,-1.63244e-05,3.29767e-05
all_features,xgb,perm_p1_mse,column,adj_stocktwits_attention_ma_3125,adj_stocktwits_attention_ma_3125,1,True,-9.0146e-06,-2.21755e-05,1.11575e-06,506,0,-0.0150471,0.197279,0,,-7.82936e-05,9.52167e-06,-9.39394e-06,-6.96431e-07,-1.5661e-05,4.0711e-06,-1.51705e-06,-2.36438e-05,-6.14158e-06,-5.30189e-06
all_features,xgb,perm_p1_mse,column,adj_stocktwits_sentiment_ma_1,adj_stocktwits_sentiment_ma_1,1,True,-2.76633e-05,-0.000221639,0.000167548,553,0.0612245,-0.0461754,0.469388,0,,0.000227088,-0.000271198,0.000441497,-0.000331532,-1.27325e-05,-0.000133038,0.000117776,-0.000120957,-8.87917e-05,3.31886e-05
all_features,xgb,perm_p1_mse,column,adj_stocktwits_sentiment_ma_5,adj_stocktwits_sentiment_ma_5,1,True,-4.59155e-05,-0.0001198,1.5344e-05,562,0,-0.0766421,0.401361,0,,-6.96804e-05,-0.000224938,6.40743e-05,-6.57228e-05,4.37562e-05,-5.08632e-05,2.88767e-05,-0.000178987,-6.42221e-05,8.65007e-06
all_features,xgb,perm_p1_mse,column,adj_stocktwits_sentiment_ma_25,adj_stocktwits_sentiment_ma_25,1,True,5.52385e-05,7.33299e-06,0.000113923,28,0.00680272,0.0922039,0.428571,0,0.339289,0.000305345,-1.7066e-05,0.000138706,-9.13886e-06,1.83117e-05,1.86023e-05,5.40171e-05,9.59608e-05,-6.39838e-06,7.00016e-05
all_features,xgb,perm_p1_mse,column,adj_stocktwits_sentiment_ma_125,adj_stocktwits_sentiment_ma_125,1,True,-1.4972e-05,-4.75771e-05,1.0742e-05,528,0.00680272,-0.0249912,0.319728,0,,-4.26022e-05,-1.99931e-05,-8.10056e-05,1.99566e-05,5.09442e-06,-1.15111e-05,7.10006e-05,-3.29289e-05,-8.19971e-06,-1.19334e-05
all_features,xgb,perm_p1_mse,column,adj_stocktwits_sentiment_ma_625,adj_stocktwits_sentiment_ma_625,1,True,-2.18517e-05,-7.41379e-05,1.02693e-05,546,0,-0.0364748,0.238095,0,,6.12928e-06,1.40229e-05,-0.000140126,-6.59415e-06,-4.88695e-06,3.42795e-06,6.35226e-06,3.02968e-05,-6.73095e-06,-4.69533e-05
all_features,xgb,perm_p1_mse,column,adj_stocktwits_sentiment_ma_3125,adj_stocktwits_sentiment_ma_3125,1,True,2.04383e-06,-2.8063e-06,8.42171e-06,138,0,0.00341156,0.14966,0,1.24627,1.64372e-06,2.69103e-06,1.05499e-05,1.11022e-18,-1.30647e-07,1.27893e-06,-1.05762e-05,-8.24109e-08,1.2143e-06,3.16697e-06
all_features,xgb,perm_p1_mse,column,adj_stocktwits_sentcount_ma_1,adj_stocktwits_sentcount_ma_1,1,True,5.9039e-05,9.8782e-06,0.000107316,27,0.0272109,0.0985477,0.571429,1.23505e-05,0.193346,0.000194284,-2.04115e-05,8.1741e-05,7.61791e-05,7.75075e-05,2.59707e-05,1.8086e-05,8.61052e-06,6.56354e-05,7.33846e-05
all_features,xgb,perm_p1_mse,column,adj_stocktwits_sentcount_ma_5,adj_stocktwits_sentcount_ma_5,1,True,-4.82431e-05,-0.000244366,0.000108207,563,0.0204082,-0.0805273,0.537415,6.88753e-06,,0.000288033,-0.000574907,-7.16026e-06,0.000169238,6.68058e-05,-7.80811e-05,4.38203e-05,-0.00049351,7.20985e-05,4.93684e-05
all_features,xgb,perm_p1_mse,column,adj_stocktwits_sentcount_ma_25,adj_stocktwits_sentcount_ma_25,1,True,-7.06248e-06,-0.000109751,8.70908e-05,497,0.047619,-0.0117887,0.489796,0,,0.000153539,-0.000136916,2.21714e-05,5.63723e-06,9.09107e-05,-0.000103068,1.70967e-05,-0.000128629,5.43354e-05,6.23251e-06
all_features,xgb,perm_p1_mse,column,adj_stocktwits_sentcount_ma_125,adj_stocktwits_sentcount_ma_125,1,True,-2.57348e-05,-7.13835e-05,1.14108e-05,550,0,-0.0429565,0.401361,0,,4.01393e-05,-0.000132192,8.07056e-06,3.43426e-06,-1.73295e-05,-2.09032e-05,-2.4944e-05,-0.00014743,-2.9801e-05,1.82353e-05
all_features,xgb,perm_p1_mse,column,adj_stocktwits_sentcount_ma_625,adj_stocktwits_sentcount_ma_625,1,True,1.01309e-05,-7.45751e-06,3.06583e-05,81,0,0.0169104,0.360544,0,0.489666,-4.45703e-05,2.36264e-05,6.55787e-05,-1.27872e-05,-3.30849e-06,7.73086e-06,2.9116e-06,6.85743e-07,1.52618e-05,1.0995e-05
all_features,xgb,perm_p1_mse,column,adj_stocktwits_sentcount_ma_3125,adj_stocktwits_sentcount_ma_3125,1,True,6.91273e-06,3.17e-07,1.47791e-05,97,0,0.0115387,0.265306,0,0.3789,8.54306e-06,1.31421e-05,1.75862e-05,5.60887e-08,-3.29902e-06,8.36238e-06,-6.22274e-07,3.24552e-06,2.01467e-05,1.9882e-06
all_features,xgb,perm_p1_mse,column,adj_vix_ma_1,adj_vix_ma_1,1,True,1.72189e-05,3.97123e-07,3.82285e-05,55,0,0.0287418,0.231293,0,0.331371,0.000163057,5.68259e-06,-5.95464e-06,9.36293e-06,5.38707e-06,1.68364e-06,-2.63502e-18,1.61914e-05,1.54631e-05,1.83957e-05
all_features,xgb,perm_p1_mse,column,adj_vix_ma_5,adj_vix_ma_5,1,True,1.27619e-05,-5.57238e-06,3.54373e-05,66,0,0.0213021,0.183673,0,0.698214,0.000123633,3.17945e-05,-2.39887e-05,-1.01455e-07,-1.06447e-06,1.29291e-06,4.73139e-06,4.8933e-05,-1.44878e-05,1.30085e-05
all_features,xgb,perm_p1_mse,column,adj_vix_ma_25,adj_vix_ma_25,1,True,6.01041e-06,-1.64597e-05,2.80522e-05,104,0,0.0100326,0.197279,0,0.764575,7.75942e-05,3.27384e-05,-4.46785e-05,2.38813e-06,5.35811e-06,-2.14749e-06,-2.63502e-18,1.9959e-05,-2.87044e-05,1.74318e-05
all_features,xgb,perm_p1_mse,column,adj_vix_ma_125,adj_vix_ma_125,1,True,6.4613e-06,3.26538e-07,1.33749e-05,100,0.00680272,0.0107852,0.142857,0,0.432555,1.22021e-05,4.05702e-07,3.00874e-06,1.8761e-05,7.935e-06,1.49485e-06,-2.63502e-18,-5.0815e-07,1.37988e-05,5.43725e-06
all_features,xgb,perm_p1_mse,column,adj_vix_ma_625,adj_vix_ma_625,1,True,1.86752e-06,-1.23316e-05,1.69743e-05,140,0,0.00311726,0.142857,0,4.34473,-1.63174e-05,-1.45209e-05,2.11089e-05,-2.39088e-06,1.75595e-05,-1.71715e-06,-2.63502e-18,-6.00398e-06,1.25023e-05,-3.87506e-07
all_features,xgb,perm_p1_mse,column,adj_vix_ma_3125,adj_vix_ma_3125,1,True,5.33587e-06,-1.51033e-07,1.40912e-05,109,0,0.00890662,0.108844,0,0.749774,2.05692e-05,-4.4598e-07,2.08277e-05,1.11022e-18,3.46945e-19,2.93662e-07,-2.63502e-18,-4.14124e-07,-8.0098e-08,9.85766e-06
all_features,xgb,perm_p1_mse,column,adj_vvix_ma_1,adj_vvix_ma_1,1,True,7.19494e-07,-0.00012918,0.000137871,168,0,0.00120098,0.272109,0,68.0267,0.000587276,2.34764e-05,-0.000273702,4.15015e-05,-0.000107649,1.4037e-05,7.6402e-07,0.000285183,-4.34502e-05,-7.69464e-05
all_features,xgb,perm_p1_mse,column,adj_vvix_ma_5,adj_vvix_ma_5,1,True,5.94259e-06,-7.24471e-06,1.84956e-05,105,0,0.00991935,0.292517,0,0.354646,1.31602e-05,-6.10919e-06,1.06511e-05,2.77314e-05,-1.75116e-05,1.3558e-05,-2.63502e-18,-1.14529e-05,2.41924e-06,1.36044e-05
all_features,xgb,perm_p1_mse,column,adj_vvix_ma_25,adj_vvix_ma_25,1,True,2.53866e-06,-3.71374e-06,1.08286e-05,133,0,0.00423753,0.156463,0,1.32482,-9.23002e-06,-5.72858e-06,4.95218e-06,-1.24621e-06,2.15027e-05,-4.3021e-07,2.83574e-06,4.19433e-06,-8.13019e-06,6.9583e-06
all_features,xgb,perm_p1_mse,column,adj_vvix_ma_125,adj_vvix_ma_125,1,True,-5.61105e-06,-1.40522e-05,1.3062e-06,478,0,-0.00936594,0.136054,0,,-4.81241e-05,-6.63284e-06,3.18538e-06,-7.43276e-06,3.80438e-06,-6.04849e-07,-2.63502e-18,-1.73007e-05,-2.25368e-06,-3.1411e-06
all_features,xgb,perm_p1_mse,column,adj_vvix_ma_625,adj_vvix_ma_625,1,True,4.85258e-06,7.14441e-07,9.84106e-06,115,0,0.00809992,0.183673,0,0.387956,2.33681e-05,7.8655e-06,4.1006e-06,3.50292e-06,6.30179e-07,-1.36756e-06,4.16489e-06,1.26729e-05,2.41642e-06,3.28914e-06
all_features,xgb,perm_p1_mse,column,adj_vvix_ma_3125,adj_vvix_ma_3125,1,True,3.38525e-07,-1.41143e-06,2.31294e-06,179,0,0.000565066,0.129252,0,1.89005,-4.60838e-06,2.35284e-06,-2.01417e-06,1.11022e-18,1.13569e-06,-1.29125e-06,1.3001e-05,3.02336e-07,5.7859e-07,2.38709e-07
all_features,xgb,perm_p1_mse,column,adj_vix3m_ma_1,adj_vix3m_ma_1,1,True,-5.10463e-06,-4.53713e-05,2.3854e-05,474,0,-0.00852063,0.163265,0,,7.82395e-05,-0.000102043,3.48823e-05,1.16492e-07,-4.2156e-07,3.83516e-07,1.53423e-06,-5.06234e-05,1.08305e-05,3.17421e-06
all_features,xgb,perm_p1_mse,column,adj_vix3m_ma_5,adj_vix3m_ma_5,1,True,2.57677e-06,-4.6733e-06,1.20341e-05,132,0,0.00430113,0.108844,0,1.43227,-1.99919e-06,1.93053e-05,1.20024e-06,3.38251e-06,-2.08167e-19,-9.1526e-06,2.12988e-06,8.79653e-06,2.37351e-06,5.21833e-07
all_features,xgb,perm_p1_mse,column,adj_vix3m_ma_25,adj_vix3m_ma_25,1,True,2.66032e-06,-1.6531e-06,8.25763e-06,131,0,0.0044406,0.136054,0,0.769359,-1.0253e-05,7.75677e-06,1.16677e-05,0,-4.39959e-07,1.05704e-06,1.93611e-06,5.16232e-06,7.29724e-06,-3.74186e-07
all_features,xgb,perm_p1_mse,column,adj_vix3m_ma_125,adj_vix3m_ma_125,1,True,-1.83408e-07,-3.30359e-06,3.02454e-06,421,0,-0.000306144,0.108844,0,,-8.98397e-06,-1.21226e-06,1.38778e-19,6.01359e-06,2.31261e-06,-4.21576e-06,2.35528e-06,-9.31181e-06,4.89101e-07,2.65742e-06
all_features,xgb,perm_p1_mse,column,adj_vix3m_ma_625,adj_vix3m_ma_625,1,True,1.1081e-05,-7.92855e-06,3.83354e-05,76,0,0.0184964,0.14966,0,0.999419,-3.11902e-05,7.6358e-06,7.3292e-05,-1.9849e-07,4.83688e-07,2.49735e-06,-8.4961e-06,-5.14055e-07,4.31107e-05,1.02461e-07
all_features,xgb,perm_p1_mse,column,adj_vix3m_ma_3125,adj_vix3m_ma_3125,1,True,9.6332e-06,-6.51773e-07,2.76904e-05,83,0,0.0160797,0.0884354,0,0.844558,1.69207e-05,-4.67041e-19,4.78059e-05,1.38778e-18,3.46945e-19,4.85723e-19,-2.63502e-18,-6.19544e-20,-5.92267e-07,1.77477e-05
all_features,xgb,perm_p1_mse,column,adj_voldemand_spx_open_and_close_ma_1,adj_voldemand_spx_open_and_close_ma_1,1,True,4.86034e-06,-1.71929e-05,3.26038e-05,114,0,0.00811287,0.319728,0,2.06122,2.35616e-05,1.99574e-05,-4.90267e-05,-1.11821e-05,6.7009e-05,-9.92783e-06,-4.17955e-06,6.15966e-06,-7.61673e-06,1.02492e-05
all_features,xgb,perm_p1_mse,column,adj_voldemand_spx_open_and_close_ma_5,adj_voldemand_spx_open_and_close_ma_5,1,True,-4.48482e-06,-2.26764e-05,1.32724e-05,471,0,-0.00748604,0.333333,0,,6.76373e-05,-1.86553e-05,-2.28795e-05,-1.75393e-05,-1.59629e-05,1.01302e-05,1.30658e-05,-2.52365e-05,-7.29298e-07,9.31412e-07
all_features,xgb,perm_p1_mse,column,adj_voldemand_spx_open_and_close_ma_25,adj_voldemand_spx_open_and_close_ma_25,1,True,-3.32319e-05,-6.57021e-05,-5.19751e-06,556,0,-0.0554706,0.292517,0,,-0.000180716,-4.27958e-05,-7.5898e-05,1.19506e-05,1.45123e-05,-7.35587e-06,-2.63502e-18,-3.75288e-05,-1.74888e-05,-3.91128e-05
all_features,xgb,perm_p1_mse,column,adj_voldemand_spx_open_and_close_ma_125,adj_voldemand_spx_open_and_close_ma_125,1,True,4.91355e-05,6.54862e-06,0.000102462,31,0.0136054,0.0820169,0.414966,0,0.311758,0.000292307,9.38743e-05,-6.79571e-06,4.36959e-05,-1.19912e-05,1.41823e-05,-2.63502e-18,6.49642e-05,1.51171e-05,5.95811e-05
all_features,xgb,perm_p1_mse,column,adj_voldemand_spx_open_and_close_ma_625,adj_voldemand_spx_open_and_close_ma_625,1,True,3.93361e-06,-7.66455e-06,1.69529e-05,122,0,0.00656596,0.129252,0,1.09619,-2.13114e-05,-3.47538e-06,1.2719e-05,3.78477e-05,-1.49984e-05,2.24186e-06,-2.63502e-18,4.7057e-07,-3.03251e-06,8.39016e-06
all_features,xgb,perm_p1_mse,column,adj_voldemand_spx_open_and_close_ma_3125,adj_voldemand_spx_open_and_close_ma_3125,1,True,8.83453e-08,-6.81836e-07,9.1986e-07,189,0,0.000147466,0.0952381,0,3.36744,-1.06752e-18,-4.67041e-19,1.74809e-06,5.3799e-08,-1.28278e-06,4.85723e-19,-2.63502e-18,-6.19544e-20,0,1.60221e-07
all_features,xgb,perm_p1_mse,column,adj_voldemand_spx_open_only_ma_1,adj_voldemand_spx_open_only_ma_1,1,True,2.82858e-05,-1.23285e-05,6.86899e-05,42,0,0.0472146,0.496599,0,0.277037,0.000101377,0.000132952,-0.000104746,3.07848e-05,4.25053e-05,6.67616e-06,-2.63502e-18,5.7321e-05,-4.26786e-06,3.34809e-05
all_features,xgb,perm_p1_mse,column,adj_voldemand_spx_open_only_ma_5,adj_voldemand_spx_open_only_ma_5,1,True,1.8178e-05,-2.79763e-05,6.89131e-05,52,0.00680272,0.0303426,0.367347,0,0.622466,-0.000112669,4.9174e-05,4.43616e-05,-2.74182e-05,9.14071e-05,5.91002e-06,-2.63502e-18,3.21163e-05,1.20368e-05,1.62332e-05
all_features,xgb,perm_p1_mse,column,adj_voldemand_spx_open_only_ma_25,adj_voldemand_spx_open_only_ma_25,1,True,-1.57078e-05,-4.00659e-05,5.39847e-06,530,0,-0.0262194,0.272109,0,,-0.0001022,2.32156e-05,-3.27555e-05,3.57005e-07,-1.77694e-05,-1.31311e-05,-2.63502e-18,2.41206e-05,-7.09818e-06,-3.35041e-05
all_features,xgb,perm_p1_mse,column,adj_voldemand_spx_open_only_ma_125,adj_voldemand_spx_open_only_ma_125,1,True,2.75325e-06,-2.96705e-05,3.05672e-05,129,0,0.00459571,0.292517,0,1.84965,4.03237e-05,2.14864e-05,1.00101e-05,-7.08234e-05,2.23886e-05,1.12887e-05,-2.63502e-18,3.17666e-05,1.64204e-05,-1.36709e-05
all_features,xgb,perm_p1_mse,column,adj_voldemand_spx_open_only_ma_625,adj_voldemand_spx_open_only_ma_625,1,True,-1.29006e-06,-3.89649e-06,1.35338e-06,439,0,-0.00215336,0.102041,0,,-9.38897e-06,-2.37632e-06,1.30695e-08,-5.59811e-06,5.3583e-06,4.85723e-19,-2.63502e-18,-5.41428e-06,-8.50684e-07,-6.9981e-08
all_features,xgb,perm_p1_mse,column,adj_voldemand_spx_open_only_ma_3125,adj_voldemand_spx_open_only_ma_3125,1,True,9.78458e-07,-5.95276e-08,3.02654e-06,162,0,0.00163324,0.0816327,0,1.03036,-1.06752e-18,-4.67041e-19,-1.74535e-07,5.92396e-06,3.46945e-19,4.85723e-19,-2.63502e-18,-6.19544e-20,3.90762e-06,-5.38688e-08
all_features,xgb,perm_p1_mse,column,adj_voldemand_all_open_and_close_ma_1,adj_voldemand_all_open_and_close_ma_1,1,True,-1.47108e-05,-5.29043e-05,1.72717e-05,526,0,-0.0245553,0.414966,0,,9.4043e-06,-3.30964e-05,3.08801e-05,-1.35344e-06,-0.000117311,3.08734e-05,-2.63502e-18,6.53502e-06,3.19358e-05,-4.38811e-05
all_features,xgb,perm_p1_mse,column,adj_voldemand_all_open_and_close_ma_5,adj_voldemand_all_open_and_close_ma_5,1,True,-3.1453e-05,-8.66654e-05,6.36252e-06,555,0,-0.0525012,0.346939,0,,7.42855e-05,-7.4447e-06,-0.000198101,-1.44097e-05,2.30832e-06,-5.50092e-06,-2.63502e-18,2.21507e-06,-1.65175e-06,-5.70353e-05
all_features,xgb,perm_p1_mse,column,adj_voldemand_all_open_and_close_ma_25,adj_voldemand_all_open_and_close_ma_25,1,True,8.69322e-06,-6.8994e-06,2.59868e-05,88,0,0.0145107,0.394558,0,0.729753,-9.77806e-06,8.49078e-06,1.16177e-05,-1.00504e-06,3.57076e-05,1.06417e-06,-1.54646e-07,1.30287e-05,3.51127e-06,9.61919e-06
all_features,xgb,perm_p1_mse,column,adj_voldemand_all_open_and_close_ma_125,adj_voldemand_all_open_and_close_ma_125,1,True,1.88069e-05,-1.08831e-05,6.11249e-05,51,0,0.0313925,0.29932,0,0.772578,2.67995e-05,6.06861e-06,0.000106571,-8.0682e-06,-2.38039e-05,1.5564e-05,-2.63502e-18,4.54229e-06,7.25184e-05,-1.39376e-06
all_features,xgb,perm_p1_mse,column,adj_voldemand_all_open_and_close_ma_625,adj_voldemand_all_open_and_close_ma_625,1,True,8.91721e-06,-1.14866e-05,3.90409e-05,87,0,0.0148846,0.142857,0,1.36629,-2.69348e-06,-1.76518e-05,7.20126e-05,1.61569e-05,-1.54118e-05,-6.01767e-07,-2.63502e-18,-1.49466e-06,-3.43037e-06,1.82938e-05
all_features,xgb,perm_p1_mse,column,adj_voldemand_all_open_and_close_ma_3125,adj_voldemand_all_open_and_close_ma_3125,1,True,1.42598e-06,-5.10487e-07,4.81541e-06,152,0,0.00238025,0.0884354,0,1.13186,-1.06752e-18,-9.11938e-07,0,1.11022e-18,9.48392e-06,4.85723e-19,-4.94991e-07,-1.02477e-06,2.83079e-08,2.92714e-06
all_features,xgb,perm_p1_mse,column,adj_voldemand_all_open_only_ma_1,adj_voldemand_all_open_only_ma_1,1,True,2.58872e-05,-7.68208e-06,6.26128e-05,44,0.0136054,0.0432109,0.482993,0,0.52945,-3.32952e-05,0.000114834,6.07807e-05,-3.67386e-05,2.10112e-05,4.8077e-06,4.38861e-07,5.9141e-05,4.09624e-05,7.33838e-06
all_features,xgb,perm_p1_mse,column,adj_voldemand_all_open_only_ma_5,adj_voldemand_all_open_only_ma_5,1,True,1.71966e-05,-2.34111e-06,4.71411e-05,56,0.00680272,0.0287045,0.292517,0,0.761935,-1.05056e-05,2.36578e-05,-5.93907e-06,2.45099e-05,5.91966e-05,4.1384e-06,-2.63502e-18,3.26341e-05,4.6226e-06,1.77435e-05
all_features,xgb,perm_p1_mse,column,adj_voldemand_all_open_only_ma_25,adj_voldemand_all_open_only_ma_25,1,True,-9.33855e-06,-2.1265e-05,1.77103e-06,509,0,-0.0155879,0.22449,0,,-2.45311e-05,-4.47104e-06,-2.0797e-05,-2.11795e-05,1.30006e-06,3.20913e-06,-2.63502e-18,-9.73695e-06,6.8123e-07,-1.38891e-05
all_features,xgb,perm_p1_mse,column,adj_voldemand_all_open_only_ma_125,adj_voldemand_all_open_only_ma_125,1,True,-6.28799e-06,-1.49808e-05,1.2738e-06,487,0,-0.0104959,0.22449,0,,-6.86641e-06,-1.87991e-05,1.95643e-06,1.66931e-06,-1.23273e-05,-5.12502e-06,-2.63502e-18,-3.62426e-05,-1.50298e-06,1.8278e-06
all_features,xgb,perm_p1_mse,column,adj_voldemand_all_open_only_ma_625,adj_voldemand_all_open_only_ma_625,1,True,1.63463e-05,-7.42015e-06,5.38794e-05,59,0,0.0272852,0.170068,0,0.994753,3.93082e-06,-5.75167e-06,8.24127e-05,1.56788e-05,1.89699e-06,4.85723e-19,-2.63502e-18,-1.46585e-06,1.26105e-05,2.42516e-05
all_features,xgb,perm_p1_mse,column,adj_voldemand_all_open_only_ma_3125,adj_voldemand_all_open_only_ma_3125,1,True,1.74816e-06,-9.54977e-07,6.15205e-06,142,0,0.00291803,0.0952381,0,1.14054,-1.06752e-18,-7.55803e-07,1.14411e-05,-2.58566e-06,1.40438e-06,7.9841e-07,-2.63502e-18,7.12866e-07,-1.32698e-06,3.54491e-06
all_features,xgb,perm_p1_mse,column,adj_ofi_ewstock_ma_1,adj_ofi_ewstock_ma_1,1,True,-1.80991e-05,-0.000113137,9.04607e-05,537,0.047619,-0.030211,0.469388,-6.93889e-18,,-0.000132143,-8.93762e-06,0.000137679,-4.60778e-05,2.15686e-05,-0.000178292,0.000116395,1.98356e-05,-0.000125462,1.90228e-05
all_features,xgb,perm_p1_mse,column,adj_ofi_ewstock_ma_5,adj_ofi_ewstock_ma_5,1,True,2.87726e-05,-3.74838e-05,9.56692e-05,40,0.0272109,0.0480272,0.530612,4.01172e-06,0.578812,6.06258e-05,-3.35505e-05,0.000207354,-5.05693e-05,5.53997e-05,-2.80122e-05,-3.71424e-05,-4.95279e-06,5.86472e-06,5.11494e-05
all_features,xgb,perm_p1_mse,column,adj_ofi_ewstock_ma_25,adj_ofi_ewstock_ma_25,1,True,1.75192e-05,-2.18601e-05,5.93125e-05,54,0.0136054,0.0292431,0.469388,0,0.651982,0.000137965,-2.8106e-05,8.15957e-05,1.8056e-05,6.94851e-07,-1.39456e-05,-8.21813e-05,-2.41899e-05,1.18573e-05,3.45865e-05
all_features,xgb,perm_p1_mse,column,adj_ofi_ewstock_ma_125,adj_ofi_ewstock_ma_125,1,True,1.77863e-05,-2.10299e-05,5.50468e-05,53,0.0136054,0.0296888,0.435374,0,0.427774,4.10044e-05,1.22759e-05,1.24383e-05,2.38071e-05,8.10027e-05,-2.6835e-05,-6.32605e-05,-2.70994e-05,-3.6066e-05,5.84998e-05
all_features,xgb,perm_p1_mse,column,adj_ofi_ewstock_ma_625,adj_ofi_ewstock_ma_625,1,True,3.67437e-07,-1.52002e-05,1.52776e-05,178,0,0.000613325,0.292517,0,7.66395,7.41005e-06,5.21515e-06,1.65375e-05,1.30756e-05,-3.21192e-05,3.73981e-06,-2.6429e-05,2.16665e-05,-1.67667e-05,1.02188e-06
all_features,xgb,perm_p1_mse,column,adj_ofi_ewstock_ma_3125,adj_ofi_ewstock_ma_3125,1,True,1.95961e-05,5.80273e-07,5.05912e-05,49,0,0.0327097,0.108844,0,0.683625,0.000151379,-1.76446e-08,1.38086e-06,2.43436e-06,1.23403e-06,2.44804e-05,2.18931e-05,6.17697e-06,1.54166e-05,2.61904e-05
all_features,xgb,perm_p1_mse,column,adj_ofi_vwstock_ma_1,adj_ofi_vwstock_ma_1,1,True,7.49519e-07,-3.75675e-05,4.19111e-05,167,0.0136054,0.00125109,0.47619,0,7.50122,-1.49265e-05,2.42454e-05,-3.7593e-05,1.08739e-05,6.83152e-06,-2.91408e-07,2.25623e-05,7.20499e-05,-6.31882e-05,6.01901e-06
all_features,xgb,perm_p1_mse,column,adj_ofi_vwstock_ma_5,adj_ofi_vwstock_ma_5,1,True,2.94686e-05,-2.1162e-05,8.57825e-05,38,0.0136054,0.0491889,0.455782,-1.33249e-06,0.631042,6.62031e-05,-4.57616e-05,0.000122985,4.78868e-05,2.31131e-05,1.67104e-05,-7.71241e-05,6.04726e-05,-6.22762e-05,6.16787e-05
all_features,xgb,perm_p1_mse,column,adj_ofi_vwstock_ma_25,adj_ofi_vwstock_ma_25,1,True,-9.99554e-07,-3.97684e-05,3.57342e-05,434,0.00680272,-0.00166845,0.408163,-1.73472e-18,,-1.1656e-05,-2.95105e-05,-8.37607e-06,1.02975e-05,9.50975e-06,4.01447e-05,-6.5498e-05,8.41739e-06,-6.1291e-06,-1.85467e-06
all_features,xgb,perm_p1_mse,column,adj_ofi_vwstock_ma_125,adj_ofi_vwstock_ma_125,1,True,5.93508e-05,-2.65271e-05,0.000182693,26,0.00680272,0.0990682,0.408163,0,0.795761,1.95544e-05,0.00031304,5.76758e-05,3.9728e-05,9.54306e-06,-9.01974e-05,-1.18168e-05,0.000203161,1.91208e-06,3.65141e-05
all_features,xgb,perm_p1_mse,column,adj_ofi_vwstock_ma_625,adj_ofi_vwstock_ma_625,1,True,-1.95288e-05,-5.00555e-05,2.96082e-06,541,0,-0.0325973,0.326531,0,,3.7043e-05,-2.94684e-05,-8.02967e-05,-1.69623e-05,5.24062e-06,-6.27478e-06,-1.60539e-05,-7.59776e-06,-2.06952e-06,-3.18222e-05
all_features,xgb,perm_p1_mse,column,adj_ofi_vwstock_ma_3125,adj_ofi_vwstock_ma_3125,1,True,1.71391e-05,-2.77829e-06,5.26052e-05,57,0.00680272,0.0286085,0.122449,0,1.02386,1.6482e-06,1.33718e-07,8.19274e-06,-5.79933e-06,0.000102562,-5.24218e-06,-2.63502e-18,4.56432e-07,-3.10441e-06,3.23778e-05
all_features,xgb,perm_p1_mse,column,adj_fomc_release_ma_1,adj_fomc_release_ma_1,1,False,0,0,0,0,0,0,0,0,,0,0,0,0,0,0,0,0,0,0
all_features,xgb,perm_p1_mse,column,adj_fomc_release_ma_5,adj_fomc_release_ma_5,1,False,0,0,0,0,0,0,0,0,,0,0,0,0,0,0,0,0,0,0
all_features,xgb,perm_p1_mse,column,adj_fomc_release_ma_25,adj_fomc_release_ma_25,1,False,0,0,0,0,0,0,0,0,,0,0,0,0,0,0,0,0,0,0
all_features,xgb,perm_p1_mse,column,adj_fomc_release_ma_125,adj_fomc_release_ma_125,1,False,0,0,0,0,0,0,0,0,,0,0,0,0,0,0,0,0,0,0
all_features,xgb,perm_p1_mse,column,adj_fomc_release_ma_625,adj_fomc_release_ma_625,1,False,0,0,0,0,0,0,0,0,,0,0,0,0,0,0,0,0,0,0
all_features,xgb,perm_p1_mse,column,adj_fomc_release_ma_3125,adj_fomc_release_ma_3125,1,False,0,0,0,0,0,0,0,0,,0,0,0,0,0,0,0,0,0,0
all_features,xgb,perm_p1_mse,column,adj_fomc_day_ma_1,adj_fomc_day_ma_1,1,True,1.5328e-06,-5.60601e-07,4.45196e-06,148,0,0.00255855,0.0204082,0,0.759785,-2.94516e-06,0,3.69504e-06,0,6.84319e-06,0,0,-1.57176e-06,0,3.32318e-06
all_features,xgb,perm_p1_mse,column,adj_fomc_day_ma_5,adj_fomc_day_ma_5,1,True,0,0,0,202,0,0,0,0,,0,0,0,0,0,0,0,0,0,0
all_features,xgb,perm_p1_mse,column,adj_fomc_day_ma_25,adj_fomc_day_ma_25,1,True,4.72355e-20,0,1.41803e-19,200,0,7.88454e-17,0.00680272,0,1,0,0,0,0,0,2.77556e-19,0,2.47818e-19,0,0
all_features,xgb,perm_p1_mse,column,adj_fomc_day_ma_125,adj_fomc_day_ma_125,1,True,-4.26846e-06,-1.0767e-05,9.33731e-07,470,0,-0.00712491,0.136054,0,,-4.25457e-05,2.25323e-06,-4.63252e-06,-3.21604e-06,-2.01399e-06,4.56144e-06,-1.75668e-18,-3.456e-06,-2.69132e-06,-5.28727e-06
all_features,xgb,perm_p1_mse,column,adj_fomc_day_ma_625,adj_fomc_day_ma_625,1,True,-6.52628e-06,-2.29489e-05,5.71242e-06,490,0,-0.0108936,0.278912,0,,-4.43968e-05,-1.51071e-05,-6.45993e-06,9.96613e-07,3.20806e-06,2.70454e-06,-1.75668e-18,-4.88032e-05,-1.09266e-05,1.01468e-05
all_features,xgb,perm_p1_mse,column,adj_fomc_day_ma_3125,adj_fomc_day_ma_3125,1,True,-1.13136e-06,-7.2118e-06,3.02866e-06,437,0,-0.00188846,0.0816327,0,,8.30672e-06,-1.40452e-05,-1.80056e-08,9.11576e-07,1.18109e-06,1.56504e-06,0,-1.39237e-05,2.03509e-06,1.80911e-06
all_features,xgb,perm_p1_mse,column,adj_fomc_until_inv_ma_1,adj_fomc_until_inv_ma_1,1,True,-1.5036e-06,-1.92349e-05,1.61802e-05,444,0,-0.0025098,0.387755,0,,-4.61548e-05,2.45215e-06,-1.49554e-05,2.65405e-05,1.80167e-05,-1.71228e-05,4.30511e-07,-5.63118e-06,-1.72061e-05,7.27045e-06
all_features,xgb,perm_p1_mse,column,adj_fomc_until_inv_ma_5,adj_fomc_until_inv_ma_5,1,True,4.91059e-06,-3.43826e-06,1.42718e-05,113,0,0.00819674,0.285714,0,0.529591,-1.3899e-05,8.88524e-06,-3.73821e-06,3.77307e-06,2.86889e-05,-1.88236e-06,-2.63502e-18,-4.32146e-06,-4.97527e-06,1.27275e-05
all_features,xgb,perm_p1_mse,column,adj_fomc_until_inv_ma_25,adj_fomc_until_inv_ma_25,1,True,1.12365e-06,-7.33492e-06,1.02741e-05,160,0,0.0018756,0.306122,0,2.43973,-2.28495e-06,-1.59314e-06,-1.56401e-05,2.98117e-06,3.16391e-05,-9.53249e-06,-2.63502e-18,-9.93292e-07,-1.07687e-05,7.41991e-06
all_features,xgb,perm_p1_mse,column,adj_fomc_until_inv_ma_125,adj_fomc_until_inv_ma_125,1,True,8.04878e-07,-9.31102e-06,9.56606e-06,165,0,0.0013435,0.319728,0,1.35763,5.77777e-07,-1.22941e-05,1.25642e-05,-1.64776e-06,1.14416e-05,-5.14317e-06,-2.63502e-18,9.26475e-07,-1.16514e-05,6.59117e-06
all_features,xgb,perm_p1_mse,column,adj_fomc_until_inv_ma_625,adj_fomc_until_inv_ma_625,1,True,-1.54614e-05,-4.59142e-05,8.97461e-06,529,0.00680272,-0.0258081,0.380952,0,,-0.000121236,-1.05673e-05,1.89233e-05,-7.61653e-05,3.34625e-06,3.70772e-05,-2.63502e-18,-8.99522e-06,-1.64009e-06,-2.41636e-05
all_features,xgb,perm_p1_mse,column,adj_fomc_until_inv_ma_3125,adj_fomc_until_inv_ma_3125,1,True,-7.13139e-06,-2.18048e-05,6.30588e-06,498,0,-0.0119037,0.272109,0,,1.58697e-06,-2.43031e-06,-1.34778e-05,-4.16227e-05,2.88428e-05,-1.39441e-05,-2.63502e-18,-1.16715e-05,-1.42566e-05,-2.22807e-06
all_features,xgb,perm_p1_mse,column,adj_fomc_since_inv_ma_1,adj_fomc_since_inv_ma_1,1,True,-7.86672e-06,-2.96525e-05,1.07026e-05,503,0,-0.0131311,0.367347,0,,-1.7281e-05,1.19844e-05,-1.49536e-05,1.21257e-05,-2.75808e-05,-1.92938e-05,-2.63502e-18,-7.6022e-06,-1.1687e-05,-6.17062e-06
all_features,xgb,perm_p1_mse,column,adj_fomc_since_inv_ma_5,adj_fomc_since_inv_ma_5,1,True,1.21289e-05,-8.98613e-06,4.18072e-05,69,0,0.0202456,0.421769,0,0.955952,3.67208e-05,-1.14611e-05,7.19477e-05,-1.50703e-06,-1.27869e-06,-5.06759e-06,-2.63502e-18,-4.02724e-06,-7.75061e-06,2.70155e-05
all_features,xgb,perm_p1_mse,column,adj_fomc_since_inv_ma_25,adj_fomc_since_inv_ma_25,1,True,3.56411e-06,-1.32527e-05,1.83106e-05,123,0,0.0059492,0.428571,0,0.804925,-3.0305e-07,-1.26775e-05,2.1371e-05,9.90335e-06,3.21542e-05,-2.91436e-05,-2.63502e-18,-1.13963e-05,-2.12211e-05,2.03326e-05
all_features,xgb,perm_p1_mse,column,adj_fomc_since_inv_ma_125,adj_fomc_since_inv_ma_125,1,True,-9.29008e-06,-1.90295e-05,-6.54022e-07,508,0,-0.015507,0.265306,0,,-3.50392e-05,-5.39012e-06,-1.68526e-05,1.07047e-06,-8.87449e-06,-6.1058e-06,-2.63502e-18,-2.83766e-06,-5.27672e-06,-1.33984e-05
all_features,xgb,perm_p1_mse,column,adj_fomc_since_inv_ma_625,adj_fomc_since_inv_ma_625,1,True,1.17679e-05,-6.30933e-06,3.52443e-05,72,0.00680272,0.0196429,0.421769,0,0.904591,5.30008e-07,-3.81786e-06,4.9692e-05,-6.23969e-06,2.18642e-05,7.52635e-06,-2.63502e-18,-9.86651e-06,4.50169e-07,2.4542e-05
all_features,xgb,perm_p1_mse,column,adj_fomc_since_inv_ma_3125,adj_fomc_since_inv_ma_3125,1,True,1.52891e-05,-1.44427e-05,4.47516e-05,61,0,0.0255205,0.319728,0,0.549594,-8.33322e-06,-1.8985e-06,8.35504e-05,3.19118e-07,1.15502e-05,7.26528e-07,-2.63502e-18,1.31259e-05,1.78282e-05,1.48488e-05
all_features,xgb,perm_p1_mse,column,sumret_avail_ma_1,sumret_avail_ma_1,1,False,0,0,0,0,0,0,0,0,,0,0,0,0,0,0,0,0,0,0
all_features,xgb,perm_p1_mse,column,sumret_avail_ma_5,sumret_avail_ma_5,1,False,0,0,0,0,0,0,0,0,,0,0,0,0,0,0,0,0,0,0
all_features,xgb,perm_p1_mse,column,sumret_avail_ma_25,sumret_avail_ma_25,1,False,0,0,0,0,0,0,0,0,,0,0,0,0,0,0,0,0,0,0
all_features,xgb,perm_p1_mse,column,sumret_avail_ma_125,sumret_avail_ma_125,1,False,0,0,0,0,0,0,0,0,,0,0,0,0,0,0,0,0,0,0
all_features,xgb,perm_p1_mse,column,sumret_avail_ma_625,sumret_avail_ma_625,1,False,0,0,0,0,0,0,0,0,,0,0,0,0,0,0,0,0,0,0
all_features,xgb,perm_p1_mse,column,sumret_avail_ma_3125,sumret_avail_ma_3125,1,False,0,0,0,0,0,0,0,0,,0,0,0,0,0,0,0,0,0,0
all_features,xgb,perm_p1_mse,column,sumabsret_avail_ma_1,sumabsret_avail_ma_1,1,False,0,0,0,0,0,0,0,0,,0,0,0,0,0,0,0,0,0,0
all_features,xgb,perm_p1_mse,column,sumabsret_avail_ma_5,sumabsret_avail_ma_5,1,False,0,0,0,0,0,0,0,0,,0,0,0,0,0,0,0,0,0,0
all_features,xgb,perm_p1_mse,column,sumabsret_avail_ma_25,sumabsret_avail_ma_25,1,False,0,0,0,0,0,0,0,0,,0,0,0,0,0,0,0,0,0,0
all_features,xgb,perm_p1_mse,column,sumabsret_avail_ma_125,sumabsret_avail_ma_125,1,False,0,0,0,0,0,0,0,0,,0,0,0,0,0,0,0,0,0,0
all_features,xgb,perm_p1_mse,column,sumabsret_avail_ma_625,sumabsret_avail_ma_625,1,False,0,0,0,0,0,0,0,0,,0,0,0,0,0,0,0,0,0,0
all_features,xgb,perm_p1_mse,column,sumabsret_avail_ma_3125,sumabsret_avail_ma_3125,1,False,0,0,0,0,0,0,0,0,,0,0,0,0,0,0,0,0,0,0
all_features,xgb,perm_p1_mse,column,sumret3_avail_ma_1,sumret3_avail_ma_1,1,False,0,0,0,0,0,0,0,0,,0,0,0,0,0,0,0,0,0,0
all_features,xgb,perm_p1_mse,column,sumret3_avail_ma_5,sumret3_avail_ma_5,1,False,0,0,0,0,0,0,0,0,,0,0,0,0,0,0,0,0,0,0
all_features,xgb,perm_p1_mse,column,sumret3_avail_ma_25,sumret3_avail_ma_25,1,False,0,0,0,0,0,0,0,0,,0,0,0,0,0,0,0,0,0,0
all_features,xgb,perm_p1_mse,column,sumret3_avail_ma_125,sumret3_avail_ma_125,1,False,0,0,0,0,0,0,0,0,,0,0,0,0,0,0,0,0,0,0
all_features,xgb,perm_p1_mse,column,sumret3_avail_ma_625,sumret3_avail_ma_625,1,False,0,0,0,0,0,0,0,0,,0,0,0,0,0,0,0,0,0,0
all_features,xgb,perm_p1_mse,column,sumret3_avail_ma_3125,sumret3_avail_ma_3125,1,False,0,0,0,0,0,0,0,0,,0,0,0,0,0,0,0,0,0,0
all_features,xgb,perm_p1_mse,column,sumret4_avail_ma_1,sumret4_avail_ma_1,1,False,0,0,0,0,0,0,0,0,,0,0,0,0,0,0,0,0,0,0
all_features,xgb,perm_p1_mse,column,sumret4_avail_ma_5,sumret4_avail_ma_5,1,False,0,0,0,0,0,0,0,0,,0,0,0,0,0,0,0,0,0,0
all_features,xgb,perm_p1_mse,column,sumret4_avail_ma_25,sumret4_avail_ma_25,1,False,0,0,0,0,0,0,0,0,,0,0,0,0,0,0,0,0,0,0
all_features,xgb,perm_p1_mse,column,sumret4_avail_ma_125,sumret4_avail_ma_125,1,False,0,0,0,0,0,0,0,0,,0,0,0,0,0,0,0,0,0,0
all_features,xgb,perm_p1_mse,column,sumret4_avail_ma_625,sumret4_avail_ma_625,1,False,0,0,0,0,0,0,0,0,,0,0,0,0,0,0,0,0,0,0
all_features,xgb,perm_p1_mse,column,sumret4_avail_ma_3125,sumret4_avail_ma_3125,1,False,0,0,0,0,0,0,0,0,,0,0,0,0,0,0,0,0,0,0
all_features,xgb,perm_p1_mse,column,sumpret2_avail_ma_1,sumpret2_avail_ma_1,1,False,0,0,0,0,0,0,0,0,,0,0,0,0,0,0,0,0,0,0
all_features,xgb,perm_p1_mse,column,sumpret2_avail_ma_5,sumpret2_avail_ma_5,1,False,0,0,0,0,0,0,0,0,,0,0,0,0,0,0,0,0,0,0
all_features,xgb,perm_p1_mse,column,sumpret2_avail_ma_25,sumpret2_avail_ma_25,1,False,0,0,0,0,0,0,0,0,,0,0,0,0,0,0,0,0,0,0
all_features,xgb,perm_p1_mse,column,sumpret2_avail_ma_125,sumpret2_avail_ma_125,1,False,0,0,0,0,0,0,0,0,,0,0,0,0,0,0,0,0,0,0
all_features,xgb,perm_p1_mse,column,sumpret2_avail_ma_625,sumpret2_avail_ma_625,1,False,0,0,0,0,0,0,0,0,,0,0,0,0,0,0,0,0,0,0
all_features,xgb,perm_p1_mse,column,sumpret2_avail_ma_3125,sumpret2_avail_ma_3125,1,False,0,0,0,0,0,0,0,0,,0,0,0,0,0,0,0,0,0,0
all_features,xgb,perm_p1_mse,column,sumbipow_avail_ma_1,sumbipow_avail_ma_1,1,False,0,0,0,0,0,0,0,0,,0,0,0,0,0,0,0,0,0,0
all_features,xgb,perm_p1_mse,column,sumbipow_avail_ma_5,sumbipow_avail_ma_5,1,False,0,0,0,0,0,0,0,0,,0,0,0,0,0,0,0,0,0,0
all_features,xgb,perm_p1_mse,column,sumbipow_avail_ma_25,sumbipow_avail_ma_25,1,False,0,0,0,0,0,0,0,0,,0,0,0,0,0,0,0,0,0,0
all_features,xgb,perm_p1_mse,column,sumbipow_avail_ma_125,sumbipow_avail_ma_125,1,False,0,0,0,0,0,0,0,0,,0,0,0,0,0,0,0,0,0,0
all_features,xgb,perm_p1_mse,column,sumbipow_avail_ma_625,sumbipow_avail_ma_625,1,False,0,0,0,0,0,0,0,0,,0,0,0,0,0,0,0,0,0,0
all_features,xgb,perm_p1_mse,column,sumbipow_avail_ma_3125,sumbipow_avail_ma_3125,1,False,0,0,0,0,0,0,0,0,,0,0,0,0,0,0,0,0,0,0
all_features,xgb,perm_p1_mse,column,sumautocov_avail_ma_1,sumautocov_avail_ma_1,1,False,0,0,0,0,0,0,0,0,,0,0,0,0,0,0,0,0,0,0
all_features,xgb,perm_p1_mse,column,sumautocov_avail_ma_5,sumautocov_avail_ma_5,1,False,0,0,0,0,0,0,0,0,,0,0,0,0,0,0,0,0,0,0
all_features,xgb,perm_p1_mse,column,sumautocov_avail_ma_25,sumautocov_avail_ma_25,1,False,0,0,0,0,0,0,0,0,,0,0,0,0,0,0,0,0,0,0
all_features,xgb,perm_p1_mse,column,sumautocov_avail_ma_125,sumautocov_avail_ma_125,1,False,0,0,0,0,0,0,0,0,,0,0,0,0,0,0,0,0,0,0
all_features,xgb,perm_p1_mse,column,sumautocov_avail_ma_625,sumautocov_avail_ma_625,1,False,0,0,0,0,0,0,0,0,,0,0,0,0,0,0,0,0,0,0
all_features,xgb,perm_p1_mse,column,sumautocov_avail_ma_3125,sumautocov_avail_ma_3125,1,False,0,0,0,0,0,0,0,0,,0,0,0,0,0,0,0,0,0,0
all_features,xgb,perm_p1_mse,column,sumvolume_avail_ma_1,sumvolume_avail_ma_1,1,False,0,0,0,0,0,0,0,0,,0,0,0,0,0,0,0,0,0,0
all_features,xgb,perm_p1_mse,column,sumvolume_avail_ma_5,sumvolume_avail_ma_5,1,False,0,0,0,0,0,0,0,0,,0,0,0,0,0,0,0,0,0,0
all_features,xgb,perm_p1_mse,column,sumvolume_avail_ma_25,sumvolume_avail_ma_25,1,False,0,0,0,0,0,0,0,0,,0,0,0,0,0,0,0,0,0,0
all_features,xgb,perm_p1_mse,column,sumvolume_avail_ma_125,sumvolume_avail_ma_125,1,False,0,0,0,0,0,0,0,0,,0,0,0,0,0,0,0,0,0,0
all_features,xgb,perm_p1_mse,column,sumvolume_avail_ma_625,sumvolume_avail_ma_625,1,False,0,0,0,0,0,0,0,0,,0,0,0,0,0,0,0,0,0,0
all_features,xgb,perm_p1_mse,column,sumvolume_avail_ma_3125,sumvolume_avail_ma_3125,1,False,0,0,0,0,0,0,0,0,,0,0,0,0,0,0,0,0,0,0
all_features,xgb,perm_p1_mse,column,numobs_avail_ma_1,numobs_avail_ma_1,1,False,0,0,0,0,0,0,0,0,,0,0,0,0,0,0,0,0,0,0
all_features,xgb,perm_p1_mse,column,numobs_avail_ma_5,numobs_avail_ma_5,1,False,0,0,0,0,0,0,0,0,,0,0,0,0,0,0,0,0,0,0
all_features,xgb,perm_p1_mse,column,numobs_avail_ma_25,numobs_avail_ma_25,1,False,0,0,0,0,0,0,0,0,,0,0,0,0,0,0,0,0,0,0
all_features,xgb,perm_p1_mse,column,numobs_avail_ma_125,numobs_avail_ma_125,1,False,0,0,0,0,0,0,0,0,,0,0,0,0,0,0,0,0,0,0
all_features,xgb,perm_p1_mse,column,numobs_avail_ma_625,numobs_avail_ma_625,1,False,0,0,0,0,0,0,0,0,,0,0,0,0,0,0,0,0,0,0
all_features,xgb,perm_p1_mse,column,numobs_avail_ma_3125,numobs_avail_ma_3125,1,False,0,0,0,0,0,0,0,0,,0,0,0,0,0,0,0,0,0,0
all_features,xgb,perm_p1_mse,column,sumret2_ewstock_avail_ma_1,sumret2_ewstock_avail_ma_1,1,True,0,0,0,202,0,0,0,0,,0,0,0,0,0,0,0,0,0,0
all_features,xgb,perm_p1_mse,column,sumret2_ewstock_avail_ma_5,sumret2_ewstock_avail_ma_5,1,True,0,0,0,202,0,0,0,0,,0,0,0,0,0,0,0,0,0,0
all_features,xgb,perm_p1_mse,column,sumret2_ewstock_avail_ma_25,sumret2_ewstock_avail_ma_25,1,True,-4.72355e-20,-1.41803e-19,0,396,0,-7.88454e-17,0,0,,0,-2.66881e-19,0,0,0,0,0,0,-1.83084e-19,0
all_features,xgb,perm_p1_mse,column,sumret2_ewstock_avail_ma_125,sumret2_ewstock_avail_ma_125,1,True,-1.18089e-19,-3.30874e-19,0,406,0,-1.97113e-16,0,0,,-1.06752e-18,0,-1.38778e-19,0,0,0,0,0,0,-2.14163e-19
all_features,xgb,perm_p1_mse,column,sumret2_ewstock_avail_ma_625,sumret2_ewstock_avail_ma_625,1,True,-7.34742e-06,-2.71724e-05,1.16424e-05,502,0,-0.0122643,0.319728,0,,7.312e-06,1.80475e-06,-5.06041e-06,3.3628e-07,2.24272e-05,-2.28572e-05,-0.000138287,1.52677e-05,-5.61432e-05,7.66663e-06
all_features,xgb,perm_p1_mse,column,sumret2_ewstock_avail_ma_3125,sumret2_ewstock_avail_ma_3125,1,True,-2.86114e-06,-3.20382e-05,3.03005e-05,459,0,-0.0047758,0.238095,0,,1.82588e-06,-1.50749e-06,-1.14765e-05,-3.01156e-05,3.16929e-05,-7.4732e-06,3.73019e-06,6.17419e-05,-5.43639e-05,-1.09485e-06
all_features,xgb,perm_p1_mse,column,sumret3_ewstock_avail_ma_1,sumret3_ewstock_avail_ma_1,1,True,0,0,0,202,0,0,0,0,,0,0,0,0,0,0,0,0,0,0
all_features,xgb,perm_p1_mse,column,sumret3_ewstock_avail_ma_5,sumret3_ewstock_avail_ma_5,1,True,0,0,0,202,0,0,0,0,,0,0,0,0,0,0,0,0,0,0
all_features,xgb,perm_p1_mse,column,sumret3_ewstock_avail_ma_25,sumret3_ewstock_avail_ma_25,1,True,1.18089e-20,0,3.54508e-20,201,0,1.97113e-17,0.00680272,0,1,0,6.67201e-20,0,0,0,0,0,6.19544e-20,0,0
all_features,xgb,perm_p1_mse,column,sumret3_ewstock_avail_ma_125,sumret3_ewstock_avail_ma_125,1,True,-1.4824e-06,-5.33309e-06,8.94046e-07,443,0,-0.00247441,0.0272109,0,,-3.56471e-06,-9.52804e-06,3.05225e-06,2.77556e-19,0,0,0,0,1.17194e-06,-3.2368e-06
all_features,xgb,perm_p1_mse,column,sumret3_ewstock_avail_ma_625,sumret3_ewstock_avail_ma_625,1,True,8.06787e-06,-2.61946e-06,1.90524e-05,90,0,0.0134669,0.340136,0,0.264197,-5.6162e-06,-4.07211e-07,7.97376e-06,3.53003e-06,3.4035e-05,4.2554e-06,3.02713e-06,9.22172e-06,-4.30659e-06,1.3459e-05
all_features,xgb,perm_p1_mse,column,sumret3_ewstock_avail_ma_3125,sumret3_ewstock_avail_ma_3125,1,True,8.98845e-06,-9.87339e-06,3.1585e-05,86,0,0.0150035,0.29932,0,0.613804,-6.71635e-06,2.28021e-06,8.09717e-06,-1.94804e-05,2.68279e-05,3.24434e-05,1.91431e-05,3.35874e-05,9.85593e-06,7.9196e-08
all_features,xgb,perm_p1_mse,column,sumret4_ewstock_avail_ma_1,sumret4_ewstock_avail_ma_1,1,True,0,0,0,202,0,0,0,0,,0,0,0,0,0,0,0,0,0,0
all_features,xgb,perm_p1_mse,column,sumret4_ewstock_avail_ma_5,sumret4_ewstock_avail_ma_5,1,True,0,0,0,202,0,0,0,0,,0,0,0,0,0,0,0,0,0,0
all_features,xgb,perm_p1_mse,column,sumret4_ewstock_avail_ma_25,sumret4_ewstock_avail_ma_25,1,True,0,0,0,202,0,0,0,0,,0,0,0,0,0,0,0,0,0,0
all_features,xgb,perm_p1_mse,column,sumret4_ewstock_avail_ma_125,sumret4_ewstock_avail_ma_125,1,True,-9.4471e-20,-2.83606e-19,0,403,0,-1.57691e-16,0,0,,0,-5.33761e-19,0,0,0,0,0,0,0,-1.71331e-19
all_features,xgb,perm_p1_mse,column,sumret4_ewstock_avail_ma_625,sumret4_ewstock_avail_ma_625,1,True,1.12828e-06,-5.85612e-06,7.44787e-06,159,0,0.00188332,0.136054,0,1.82114,2.0494e-05,1.9921e-06,-1.38778e-19,2.16873e-06,-1.10494e-05,4.37304e-06,-5.03558e-06,8.6777e-06,-4.23787e-06,1.02943e-06
all_features,xgb,perm_p1_mse,column,sumret4_ewstock_avail_ma_3125,sumret4_ewstock_avail_ma_3125,1,True,-5.06868e-07,-3.57996e-06,2.74397e-06,428,0,-0.000846062,0.0816327,0,,-1.06752e-18,6.9377e-07,-4.41097e-07,1.47995e-06,6.44705e-07,-5.38343e-06,-1.75668e-18,8.76497e-07,-3.72268e-06,5.19616e-07
all_features,xgb,perm_p1_mse,column,sumabsret_ewstock_avail_ma_1,sumabsret_ewstock_avail_ma_1,1,True,0,0,0,202,0,0,0,0,,0,0,0,0,0,0,0,0,0,0
all_features,xgb,perm_p1_mse,column,sumabsret_ewstock_avail_ma_5,sumabsret_ewstock_avail_ma_5,1,True,0,0,0,202,0,0,0,0,,0,0,0,0,0,0,0,0,0,0
all_features,xgb,perm_p1_mse,column,sumabsret_ewstock_avail_ma_25,sumabsret_ewstock_avail_ma_25,1,True,0,0,0,202,0,0,0,0,,0,0,0,0,0,0,0,0,0,0
all_features,xgb,perm_p1_mse,column,sumabsret_ewstock_avail_ma_125,sumabsret_ewstock_avail_ma_125,1,True,0,0,0,202,0,0,0,0,,0,0,0,0,0,0,0,0,0,0
all_features,xgb,perm_p1_mse,column,sumabsret_ewstock_avail_ma_625,sumabsret_ewstock_avail_ma_625,1,True,3.07212e-06,-1.8222e-07,7.97964e-06,126,0,0.00512798,0.0544218,0,0.599268,0,0,7.26153e-06,-1.77039e-07,-8.28936e-07,1.15278e-05,8.49389e-07,9.65881e-06,6.45362e-07,1.93073e-06
all_features,xgb,perm_p1_mse,column,sumabsret_ewstock_avail_ma_3125,sumabsret_ewstock_avail_ma_3125,1,True,-6.6883e-06,-1.74481e-05,-5.68996e-07,493,0,-0.0111641,0.0272109,0,,-1.03844e-06,0,-4.69717e-07,-3.20213e-05,-3.14373e-06,-3.12576e-06,-1.75668e-18,-4.95635e-19,-2.08233e-06,-1.11555e-05
all_features,xgb,perm_p1_mse,column,sumbipow_ewstock_avail_ma_1,sumbipow_ewstock_avail_ma_1,1,True,0,0,0,202,0,0,0,0,,0,0,0,0,0,0,0,0,0,0
all_features,xgb,perm_p1_mse,column,sumbipow_ewstock_avail_ma_5,sumbipow_ewstock_avail_ma_5,1,True,0,0,0,202,0,0,0,0,,0,0,0,0,0,0,0,0,0,0
all_features,xgb,perm_p1_mse,column,sumbipow_ewstock_avail_ma_25,sumbipow_ewstock_avail_ma_25,1,True,0,0,0,202,0,0,0,0,,0,0,0,0,0,0,0,0,0,0
all_features,xgb,perm_p1_mse,column,sumbipow_ewstock_avail_ma_125,sumbipow_ewstock_avail_ma_125,1,True,0,0,0,202,0,0,0,0,,0,0,0,0,0,0,0,0,0,0
all_features,xgb,perm_p1_mse,column,sumbipow_ewstock_avail_ma_625,sumbipow_ewstock_avail_ma_625,1,True,1.83373e-08,0,5.50128e-08,196,0,3.06086e-05,0.0136054,0,1,0,0,1.38778e-19,0,1.0775e-07,0,0,0,0,3.32562e-08
all_features,xgb,perm_p1_mse,column,sumbipow_ewstock_avail_ma_3125,sumbipow_ewstock_avail_ma_3125,1,True,-1.2403e-07,-3.72344e-07,0,418,0,-0.000207031,0,0,,0,0,0,-7.28801e-07,0,0,0,0,0,-2.24938e-07
all_features,xgb,perm_p1_mse,column,sumpret2_ewstock_avail_ma_1,sumpret2_ewstock_avail_ma_1,1,True,0,0,0,202,0,0,0,0,,0,0,0,0,0,0,0,0,0,0
all_features,xgb,perm_p1_mse,column,sumpret2_ewstock_avail_ma_5,sumpret2_ewstock_avail_ma_5,1,True,0,0,0,202,0,0,0,0,,0,0,0,0,0,0,0,0,0,0
all_features,xgb,perm_p1_mse,column,sumpret2_ewstock_avail_ma_25,sumpret2_ewstock_avail_ma_25,1,True,0,0,0,202,0,0,0,0,,0,0,0,0,0,0,0,0,0,0
all_features,xgb,perm_p1_mse,column,sumpret2_ewstock_avail_ma_125,sumpret2_ewstock_avail_ma_125,1,True,0,0,0,202,0,0,0,0,,0,0,0,0,0,0,0,0,0,0
all_features,xgb,perm_p1_mse,column,sumpret2_ewstock_avail_ma_625,sumpret2_ewstock_avail_ma_625,1,True,0,0,0,202,0,0,0,0,,0,0,0,0,0,0,0,0,0,0
all_features,xgb,perm_p1_mse,column,sumpret2_ewstock_avail_ma_3125,sumpret2_ewstock_avail_ma_3125,1,True,0,0,0,202,0,0,0,0,,0,0,0,0,0,0,0,0,0,0
all_features,xgb,perm_p1_mse,column,turnover_ewstock_avail_ma_1,turnover_ewstock_avail_ma_1,1,True,0,0,0,202,0,0,0,0,,0,0,0,0,0,0,0,0,0,0
all_features,xgb,perm_p1_mse,column,turnover_ewstock_avail_ma_5,turnover_ewstock_avail_ma_5,1,True,0,0,0,202,0,0,0,0,,0,0,0,0,0,0,0,0,0,0
all_features,xgb,perm_p1_mse,column,turnover_ewstock_avail_ma_25,turnover_ewstock_avail_ma_25,1,True,0,0,0,202,0,0,0,0,,0,0,0,0,0,0,0,0,0,0
all_features,xgb,perm_p1_mse,column,turnover_ewstock_avail_ma_125,turnover_ewstock_avail_ma_125,1,True,0,0,0,202,0,0,0,0,,0,0,0,0,0,0,0,0,0,0
all_features,xgb,perm_p1_mse,column,turnover_ewstock_avail_ma_625,turnover_ewstock_avail_ma_625,1,True,0,0,0,202,0,0,0,0,,0,0,0,0,0,0,0,0,0,0
all_features,xgb,perm_p1_mse,column,turnover_ewstock_avail_ma_3125,turnover_ewstock_avail_ma_3125,1,True,0,0,0,202,0,0,0,0,,0,0,0,0,0,0,0,0,0,0
all_features,xgb,perm_p1_mse,column,buyturnover_ewstock_avail_ma_1,buyturnover_ewstock_avail_ma_1,1,True,0,0,0,202,0,0,0,0,,0,0,0,0,0,0,0,0,0,0
all_features,xgb,perm_p1_mse,column,buyturnover_ewstock_avail_ma_5,buyturnover_ewstock_avail_ma_5,1,True,0,0,0,202,0,0,0,0,,0,0,0,0,0,0,0,0,0,0
all_features,xgb,perm_p1_mse,column,buyturnover_ewstock_avail_ma_25,buyturnover_ewstock_avail_ma_25,1,True,0,0,0,202,0,0,0,0,,0,0,0,0,0,0,0,0,0,0
all_features,xgb,perm_p1_mse,column,buyturnover_ewstock_avail_ma_125,buyturnover_ewstock_avail_ma_125,1,True,0,0,0,202,0,0,0,0,,0,0,0,0,0,0,0,0,0,0
all_features,xgb,perm_p1_mse,column,buyturnover_ewstock_avail_ma_625,buyturnover_ewstock_avail_ma_625,1,True,0,0,0,202,0,0,0,0,,0,0,0,0,0,0,0,0,0,0
all_features,xgb,perm_p1_mse,column,buyturnover_ewstock_avail_ma_3125,buyturnover_ewstock_avail_ma_3125,1,True,0,0,0,202,0,0,0,0,,0,0,0,0,0,0,0,0,0,0
all_features,xgb,perm_p1_mse,column,sellturnover_ewstock_avail_ma_1,sellturnover_ewstock_avail_ma_1,1,True,0,0,0,202,0,0,0,0,,0,0,0,0,0,0,0,0,0,0
all_features,xgb,perm_p1_mse,column,sellturnover_ewstock_avail_ma_5,sellturnover_ewstock_avail_ma_5,1,True,0,0,0,202,0,0,0,0,,0,0,0,0,0,0,0,0,0,0
all_features,xgb,perm_p1_mse,column,sellturnover_ewstock_avail_ma_25,sellturnover_ewstock_avail_ma_25,1,True,0,0,0,202,0,0,0,0,,0,0,0,0,0,0,0,0,0,0
all_features,xgb,perm_p1_mse,column,sellturnover_ewstock_avail_ma_125,sellturnover_ewstock_avail_ma_125,1,True,0,0,0,202,0,0,0,0,,0,0,0,0,0,0,0,0,0,0
all_features,xgb,perm_p1_mse,column,sellturnover_ewstock_avail_ma_625,sellturnover_ewstock_avail_ma_625,1,True,0,0,0,202,0,0,0,0,,0,0,0,0,0,0,0,0,0,0
all_features,xgb,perm_p1_mse,column,sellturnover_ewstock_avail_ma_3125,sellturnover_ewstock_avail_ma_3125,1,True,0,0,0,202,0,0,0,0,,0,0,0,0,0,0,0,0,0,0
all_features,xgb,perm_p1_mse,column,effspread_ewstock_avail_ma_1,effspread_ewstock_avail_ma_1,1,True,0,0,0,202,0,0,0,0,,0,0,0,0,0,0,0,0,0,0
all_features,xgb,perm_p1_mse,column,effspread_ewstock_avail_ma_5,effspread_ewstock_avail_ma_5,1,True,0,0,0,202,0,0,0,0,,0,0,0,0,0,0,0,0,0,0
all_features,xgb,perm_p1_mse,column,effspread_ewstock_avail_ma_25,effspread_ewstock_avail_ma_25,1,True,0,0,0,202,0,0,0,0,,0,0,0,0,0,0,0,0,0,0
all_features,xgb,perm_p1_mse,column,effspread_ewstock_avail_ma_125,effspread_ewstock_avail_ma_125,1,True,0,0,0,202,0,0,0,0,,0,0,0,0,0,0,0,0,0,0
all_features,xgb,perm_p1_mse,column,effspread_ewstock_avail_ma_625,effspread_ewstock_avail_ma_625,1,True,0,0,0,202,0,0,0,0,,0,0,0,0,0,0,0,0,0,0
all_features,xgb,perm_p1_mse,column,effspread_ewstock_avail_ma_3125,effspread_ewstock_avail_ma_3125,1,True,0,0,0,202,0,0,0,0,,0,0,0,0,0,0,0,0,0,0
all_features,xgb,perm_p1_mse,column,spread_ewstock_avail_ma_1,spread_ewstock_avail_ma_1,1,True,0,0,0,202,0,0,0,0,,0,0,0,0,0,0,0,0,0,0
all_features,xgb,perm_p1_mse,column,spread_ewstock_avail_ma_5,spread_ewstock_avail_ma_5,1,True,0,0,0,202,0,0,0,0,,0,0,0,0,0,0,0,0,0,0
all_features,xgb,perm_p1_mse,column,spread_ewstock_avail_ma_25,spread_ewstock_avail_ma_25,1,True,0,0,0,202,0,0,0,0,,0,0,0,0,0,0,0,0,0,0
all_features,xgb,perm_p1_mse,column,spread_ewstock_avail_ma_125,spread_ewstock_avail_ma_125,1,True,0,0,0,202,0,0,0,0,,0,0,0,0,0,0,0,0,0,0
all_features,xgb,perm_p1_mse,column,spread_ewstock_avail_ma_625,spread_ewstock_avail_ma_625,1,True,-3.49277e-07,-1.04926e-06,0,426,0,-0.000583013,0,0,,-3.94683e-06,0,0,0,0,0,0,-1.83246e-06,0,0
all_features,xgb,perm_p1_mse,column,spread_ewstock_avail_ma_3125,spread_ewstock_avail_ma_3125,1,True,-2.23805e-07,-5.8905e-07,2.60977e-08,423,0,-0.000373575,0.0136054,0,,-2.04834e-06,-3.87777e-07,1.53347e-07,0,0,0,0,-1.7418e-07,-1.83084e-19,-3.45678e-07
all_features,xgb,perm_p1_mse,column,sumret2_vwstock_avail_ma_1,sumret2_vwstock_avail_ma_1,1,True,0,0,0,202,0,0,0,0,,0,0,0,0,0,0,0,0,0,0
all_features,xgb,perm_p1_mse,column,sumret2_vwstock_avail_ma_5,sumret2_vwstock_avail_ma_5,1,True,0,0,0,202,0,0,0,0,,0,0,0,0,0,0,0,0,0,0
all_features,xgb,perm_p1_mse,column,sumret2_vwstock_avail_ma_25,sumret2_vwstock_avail_ma_25,1,True,0,0,0,202,0,0,0,0,,0,0,0,0,0,0,0,0,0,0
all_features,xgb,perm_p1_mse,column,sumret2_vwstock_avail_ma_125,sumret2_vwstock_avail_ma_125,1,True,0,0,0,202,0,0,0,0,,0,0,0,0,0,0,0,0,0,0
all_features,xgb,perm_p1_mse,column,sumret2_vwstock_avail_ma_625,sumret2_vwstock_avail_ma_625,1,True,0,0,0,202,0,0,0,0,,0,0,0,0,0,0,0,0,0,0
all_features,xgb,perm_p1_mse,column,sumret2_vwstock_avail_ma_3125,sumret2_vwstock_avail_ma_3125,1,True,0,0,0,202,0,0,0,0,,0,0,0,0,0,0,0,0,0,0
all_features,xgb,perm_p1_mse,column,sumret3_vwstock_avail_ma_1,sumret3_vwstock_avail_ma_1,1,True,0,0,0,202,0,0,0,0,,0,0,0,0,0,0,0,0,0,0
all_features,xgb,perm_p1_mse,column,sumret3_vwstock_avail_ma_5,sumret3_vwstock_avail_ma_5,1,True,0,0,0,202,0,0,0,0,,0,0,0,0,0,0,0,0,0,0
all_features,xgb,perm_p1_mse,column,sumret3_vwstock_avail_ma_25,sumret3_vwstock_avail_ma_25,1,True,-1.41706e-19,-3.77884e-19,0,407,0,-2.36536e-16,0,0,,-1.06752e-18,-2.66881e-19,0,0,0,0,0,0,-1.83084e-19,-1.71331e-19
all_features,xgb,perm_p1_mse,column,sumret3_vwstock_avail_ma_125,sumret3_vwstock_avail_ma_125,1,True,2.22825e-07,-3.19472e-07,1.15682e-06,185,0,0.00037194,0.00680272,0,1.82343,-7.39423e-07,1.97511e-06,-3.60295e-07,-2.77556e-19,0,0,0,0,1.35496e-06,-2.29875e-07
all_features,xgb,perm_p1_mse,column,sumret3_vwstock_avail_ma_625,sumret3_vwstock_avail_ma_625,1,True,2.36419e-06,-1.87915e-06,7.2886e-06,135,0,0.0039463,0.129252,0,0.410353,-3.73886e-06,-2.28259e-06,2.10264e-06,7.42994e-06,8.67749e-06,0,0,-6.27065e-06,8.31112e-08,6.41639e-06
all_features,xgb,perm_p1_mse,column,sumret3_vwstock_avail_ma_3125,sumret3_vwstock_avail_ma_3125,1,True,4.0892e-06,-1.49051e-06,1.0994e-05,119,0,0.00682569,0.14966,0,0.412745,-4.102e-07,4.95165e-06,2.23078e-06,-8.52977e-06,2.53247e-05,6.60687e-08,0,1.3657e-06,1.0825e-06,6.4375e-06
all_features,xgb,perm_p1_mse,column,sumret4_vwstock_avail_ma_1,sumret4_vwstock_avail_ma_1,1,True,0,0,0,202,0,0,0,0,,0,0,0,0,0,0,0,0,0,0
all_features,xgb,perm_p1_mse,column,sumret4_vwstock_avail_ma_5,sumret4_vwstock_avail_ma_5,1,True,0,0,0,202,0,0,0,0,,0,0,0,0,0,0,0,0,0,0
all_features,xgb,perm_p1_mse,column,sumret4_vwstock_avail_ma_25,sumret4_vwstock_avail_ma_25,1,True,0,0,0,202,0,0,0,0,,0,0,0,0,0,0,0,0,0,0
all_features,xgb,perm_p1_mse,column,sumret4_vwstock_avail_ma_125,sumret4_vwstock_avail_ma_125,1,True,0,0,0,202,0,0,0,0,,0,0,0,0,0,0,0,0,0,0
all_features,xgb,perm_p1_mse,column,sumret4_vwstock_avail_ma_625,sumret4_vwstock_avail_ma_625,1,True,0,0,0,202,0,0,0,0,,0,0,0,0,0,0,0,0,0,0
all_features,xgb,perm_p1_mse,column,sumret4_vwstock_avail_ma_3125,sumret4_vwstock_avail_ma_3125,1,True,0,0,0,202,0,0,0,0,,0,0,0,0,0,0,0,0,0,0
all_features,xgb,perm_p1_mse,column,sumabsret_vwstock_avail_ma_1,sumabsret_vwstock_avail_ma_1,1,True,0,0,0,202,0,0,0,0,,0,0,0,0,0,0,0,0,0,0
all_features,xgb,perm_p1_mse,column,sumabsret_vwstock_avail_ma_5,sumabsret_vwstock_avail_ma_5,1,True,0,0,0,202,0,0,0,0,,0,0,0,0,0,0,0,0,0,0
all_features,xgb,perm_p1_mse,column,sumabsret_vwstock_avail_ma_25,sumabsret_vwstock_avail_ma_25,1,True,0,0,0,202,0,0,0,0,,0,0,0,0,0,0,0,0,0,0
all_features,xgb,perm_p1_mse,column,sumabsret_vwstock_avail_ma_125,sumabsret_vwstock_avail_ma_125,1,True,0,0,0,202,0,0,0,0,,0,0,0,0,0,0,0,0,0,0
all_features,xgb,perm_p1_mse,column,sumabsret_vwstock_avail_ma_625,sumabsret_vwstock_avail_ma_625,1,True,0,0,0,202,0,0,0,0,,0,0,0,0,0,0,0,0,0,0
all_features,xgb,perm_p1_mse,column,sumabsret_vwstock_avail_ma_3125,sumabsret_vwstock_avail_ma_3125,1,True,0,0,0,202,0,0,0,0,,0,0,0,0,0,0,0,0,0,0
all_features,xgb,perm_p1_mse,column,sumbipow_vwstock_avail_ma_1,sumbipow_vwstock_avail_ma_1,1,True,0,0,0,202,0,0,0,0,,0,0,0,0,0,0,0,0,0,0
all_features,xgb,perm_p1_mse,column,sumbipow_vwstock_avail_ma_5,sumbipow_vwstock_avail_ma_5,1,True,0,0,0,202,0,0,0,0,,0,0,0,0,0,0,0,0,0,0
all_features,xgb,perm_p1_mse,column,sumbipow_vwstock_avail_ma_25,sumbipow_vwstock_avail_ma_25,1,True,0,0,0,202,0,0,0,0,,0,0,0,0,0,0,0,0,0,0
all_features,xgb,perm_p1_mse,column,sumbipow_vwstock_avail_ma_125,sumbipow_vwstock_avail_ma_125,1,True,0,0,0,202,0,0,0,0,,0,0,0,0,0,0,0,0,0,0
all_features,xgb,perm_p1_mse,column,sumbipow_vwstock_avail_ma_625,sumbipow_vwstock_avail_ma_625,1,True,0,0,0,202,0,0,0,0,,0,0,0,0,0,0,0,0,0,0
all_features,xgb,perm_p1_mse,column,sumbipow_vwstock_avail_ma_3125,sumbipow_vwstock_avail_ma_3125,1,True,0,0,0,202,0,0,0,0,,0,0,0,0,0,0,0,0,0,0
all_features,xgb,perm_p1_mse,column,sumpret2_vwstock_avail_ma_1,sumpret2_vwstock_avail_ma_1,1,True,0,0,0,202,0,0,0,0,,0,0,0,0,0,0,0,0,0,0
all_features,xgb,perm_p1_mse,column,sumpret2_vwstock_avail_ma_5,sumpret2_vwstock_avail_ma_5,1,True,0,0,0,202,0,0,0,0,,0,0,0,0,0,0,0,0,0,0
all_features,xgb,perm_p1_mse,column,sumpret2_vwstock_avail_ma_25,sumpret2_vwstock_avail_ma_25,1,True,0,0,0,202,0,0,0,0,,0,0,0,0,0,0,0,0,0,0
all_features,xgb,perm_p1_mse,column,sumpret2_vwstock_avail_ma_125,sumpret2_vwstock_avail_ma_125,1,True,0,0,0,202,0,0,0,0,,0,0,0,0,0,0,0,0,0,0
all_features,xgb,perm_p1_mse,column,sumpret2_vwstock_avail_ma_625,sumpret2_vwstock_avail_ma_625,1,True,0,0,0,202,0,0,0,0,,0,0,0,0,0,0,0,0,0,0
all_features,xgb,perm_p1_mse,column,sumpret2_vwstock_avail_ma_3125,sumpret2_vwstock_avail_ma_3125,1,True,0,0,0,202,0,0,0,0,,0,0,0,0,0,0,0,0,0,0
all_features,xgb,perm_p1_mse,column,turnover_vwstock_avail_ma_1,turnover_vwstock_avail_ma_1,1,True,0,0,0,202,0,0,0,0,,0,0,0,0,0,0,0,0,0,0
all_features,xgb,perm_p1_mse,column,turnover_vwstock_avail_ma_5,turnover_vwstock_avail_ma_5,1,True,0,0,0,202,0,0,0,0,,0,0,0,0,0,0,0,0,0,0
all_features,xgb,perm_p1_mse,column,turnover_vwstock_avail_ma_25,turnover_vwstock_avail_ma_25,1,True,0,0,0,202,0,0,0,0,,0,0,0,0,0,0,0,0,0,0
all_features,xgb,perm_p1_mse,column,turnover_vwstock_avail_ma_125,turnover_vwstock_avail_ma_125,1,True,0,0,0,202,0,0,0,0,,0,0,0,0,0,0,0,0,0,0
all_features,xgb,perm_p1_mse,column,turnover_vwstock_avail_ma_625,turnover_vwstock_avail_ma_625,1,True,0,0,0,202,0,0,0,0,,0,0,0,0,0,0,0,0,0,0
all_features,xgb,perm_p1_mse,column,turnover_vwstock_avail_ma_3125,turnover_vwstock_avail_ma_3125,1,True,0,0,0,202,0,0,0,0,,0,0,0,0,0,0,0,0,0,0
all_features,xgb,perm_p1_mse,column,buyturnover_vwstock_avail_ma_1,buyturnover_vwstock_avail_ma_1,1,True,0,0,0,202,0,0,0,0,,0,0,0,0,0,0,0,0,0,0
all_features,xgb,perm_p1_mse,column,buyturnover_vwstock_avail_ma_5,buyturnover_vwstock_avail_ma_5,1,True,0,0,0,202,0,0,0,0,,0,0,0,0,0,0,0,0,0,0
all_features,xgb,perm_p1_mse,column,buyturnover_vwstock_avail_ma_25,buyturnover_vwstock_avail_ma_25,1,True,0,0,0,202,0,0,0,0,,0,0,0,0,0,0,0,0,0,0
all_features,xgb,perm_p1_mse,column,buyturnover_vwstock_avail_ma_125,buyturnover_vwstock_avail_ma_125,1,True,0,0,0,202,0,0,0,0,,0,0,0,0,0,0,0,0,0,0
all_features,xgb,perm_p1_mse,column,buyturnover_vwstock_avail_ma_625,buyturnover_vwstock_avail_ma_625,1,True,0,0,0,202,0,0,0,0,,0,0,0,0,0,0,0,0,0,0
all_features,xgb,perm_p1_mse,column,buyturnover_vwstock_avail_ma_3125,buyturnover_vwstock_avail_ma_3125,1,True,0,0,0,202,0,0,0,0,,0,0,0,0,0,0,0,0,0,0
all_features,xgb,perm_p1_mse,column,sellturnover_vwstock_avail_ma_1,sellturnover_vwstock_avail_ma_1,1,True,0,0,0,202,0,0,0,0,,0,0,0,0,0,0,0,0,0,0
all_features,xgb,perm_p1_mse,column,sellturnover_vwstock_avail_ma_5,sellturnover_vwstock_avail_ma_5,1,True,0,0,0,202,0,0,0,0,,0,0,0,0,0,0,0,0,0,0
all_features,xgb,perm_p1_mse,column,sellturnover_vwstock_avail_ma_25,sellturnover_vwstock_avail_ma_25,1,True,0,0,0,202,0,0,0,0,,0,0,0,0,0,0,0,0,0,0
all_features,xgb,perm_p1_mse,column,sellturnover_vwstock_avail_ma_125,sellturnover_vwstock_avail_ma_125,1,True,0,0,0,202,0,0,0,0,,0,0,0,0,0,0,0,0,0,0
all_features,xgb,perm_p1_mse,column,sellturnover_vwstock_avail_ma_625,sellturnover_vwstock_avail_ma_625,1,True,0,0,0,202,0,0,0,0,,0,0,0,0,0,0,0,0,0,0
all_features,xgb,perm_p1_mse,column,sellturnover_vwstock_avail_ma_3125,sellturnover_vwstock_avail_ma_3125,1,True,0,0,0,202,0,0,0,0,,0,0,0,0,0,0,0,0,0,0
all_features,xgb,perm_p1_mse,column,effspread_vwstock_avail_ma_1,effspread_vwstock_avail_ma_1,1,True,0,0,0,202,0,0,0,0,,0,0,0,0,0,0,0,0,0,0
all_features,xgb,perm_p1_mse,column,effspread_vwstock_avail_ma_5,effspread_vwstock_avail_ma_5,1,True,0,0,0,202,0,0,0,0,,0,0,0,0,0,0,0,0,0,0
all_features,xgb,perm_p1_mse,column,effspread_vwstock_avail_ma_25,effspread_vwstock_avail_ma_25,1,True,0,0,0,202,0,0,0,0,,0,0,0,0,0,0,0,0,0,0
all_features,xgb,perm_p1_mse,column,effspread_vwstock_avail_ma_125,effspread_vwstock_avail_ma_125,1,True,0,0,0,202,0,0,0,0,,0,0,0,0,0,0,0,0,0,0
all_features,xgb,perm_p1_mse,column,effspread_vwstock_avail_ma_625,effspread_vwstock_avail_ma_625,1,True,0,0,0,202,0,0,0,0,,0,0,0,0,0,0,0,0,0,0
all_features,xgb,perm_p1_mse,column,effspread_vwstock_avail_ma_3125,effspread_vwstock_avail_ma_3125,1,True,0,0,0,202,0,0,0,0,,0,0,0,0,0,0,0,0,0,0
all_features,xgb,perm_p1_mse,column,spread_vwstock_avail_ma_1,spread_vwstock_avail_ma_1,1,True,0,0,0,202,0,0,0,0,,0,0,0,0,0,0,0,0,0,0
all_features,xgb,perm_p1_mse,column,spread_vwstock_avail_ma_5,spread_vwstock_avail_ma_5,1,True,0,0,0,202,0,0,0,0,,0,0,0,0,0,0,0,0,0,0
all_features,xgb,perm_p1_mse,column,spread_vwstock_avail_ma_25,spread_vwstock_avail_ma_25,1,True,0,0,0,202,0,0,0,0,,0,0,0,0,0,0,0,0,0,0
all_features,xgb,perm_p1_mse,column,spread_vwstock_avail_ma_125,spread_vwstock_avail_ma_125,1,True,0,0,0,202,0,0,0,0,,0,0,0,0,0,0,0,0,0,0
all_features,xgb,perm_p1_mse,column,spread_vwstock_avail_ma_625,spread_vwstock_avail_ma_625,1,True,0,0,0,202,0,0,0,0,,0,0,0,0,0,0,0,0,0,0
all_features,xgb,perm_p1_mse,column,spread_vwstock_avail_ma_3125,spread_vwstock_avail_ma_3125,1,True,-8.06209e-08,-3.5702e-07,1.15157e-07,416,0,-0.000134572,0.00680272,0,,0,2.16879e-07,-6.99282e-07,0,0,0,0,2.01388e-07,0,-2.15828e-07
all_features,xgb,perm_p1_mse,column,stocktwits_attention_avail_ma_1,stocktwits_attention_avail_ma_1,1,True,0,0,0,202,0,0,0,0,,0,0,0,0,0,0,0,0,0,0
all_features,xgb,perm_p1_mse,column,stocktwits_attention_avail_ma_5,stocktwits_attention_avail_ma_5,1,True,0,0,0,202,0,0,0,0,,0,0,0,0,0,0,0,0,0,0
all_features,xgb,perm_p1_mse,column,stocktwits_attention_avail_ma_25,stocktwits_attention_avail_ma_25,1,True,0,0,0,202,0,0,0,0,,0,0,0,0,0,0,0,0,0,0
all_features,xgb,perm_p1_mse,column,stocktwits_attention_avail_ma_125,stocktwits_attention_avail_ma_125,1,True,1.18089e-19,0,2.59972e-19,199,0,1.97113e-16,0.0204082,0,0.4,0,0,0,0,0,6.93889e-19,0,3.71726e-19,1.83084e-19,0
all_features,xgb,perm_p1_mse,column,stocktwits_attention_avail_ma_625,stocktwits_attention_avail_ma_625,1,True,-2.00751e-19,-5.90846e-19,1.3019e-19,410,0,-3.35093e-16,0.0272109,0,,-1.06752e-18,-4.67041e-19,0,0,0,4.16334e-19,-1.75668e-18,-6.19544e-20,0,-3.42661e-19
all_features,xgb,perm_p1_mse,column,stocktwits_attention_avail_ma_3125,stocktwits_attention_avail_ma_3125,1,True,2.22669e-08,-2.36338e-19,6.69373e-08,194,0,3.71678e-05,0.0612245,0,1,0,-5.33761e-19,-1.38778e-19,1.11022e-18,-6.93889e-20,1.3084e-07,-8.78341e-19,3.71726e-19,8.63061e-08,4.28327e-20
all_features,xgb,perm_p1_mse,column,stocktwits_sentiment_avail_ma_1,stocktwits_sentiment_avail_ma_1,1,True,0,0,0,202,0,0,0,0,,0,0,0,0,0,0,0,0,0,0
all_features,xgb,perm_p1_mse,column,stocktwits_sentiment_avail_ma_5,stocktwits_sentiment_avail_ma_5,1,True,0,0,0,202,0,0,0,0,,0,0,0,0,0,0,0,0,0,0
all_features,xgb,perm_p1_mse,column,stocktwits_sentiment_avail_ma_25,stocktwits_sentiment_avail_ma_25,1,True,-1.77133e-19,-4.95973e-19,9.4471e-20,408,0,-2.9567e-16,0.0204082,0,,-1.06752e-18,-4.67041e-19,0,0,0,0,0,3.09772e-19,-1.83084e-19,-3.42661e-19
all_features,xgb,perm_p1_mse,column,stocktwits_sentiment_avail_ma_125,stocktwits_sentiment_avail_ma_125,1,True,-8.26621e-20,-3.66075e-19,9.46643e-20,401,0,-1.37979e-16,0.0136054,0,,0,-4.67041e-19,0,0,0,0,0,3.09772e-19,-1.83084e-19,-1.71331e-19
all_features,xgb,perm_p1_mse,column,stocktwits_sentiment_avail_ma_625,stocktwits_sentiment_avail_ma_625,1,True,-2.24369e-19,-5.55395e-19,9.489e-20,412,0,-3.74515e-16,0.0272109,0,,-1.06752e-18,-4.67041e-19,0,2.77556e-19,-4.85723e-19,-6.93889e-20,0,5.5759e-19,-1.83084e-19,-5.13992e-19
all_features,xgb,perm_p1_mse,column,stocktwits_sentiment_avail_ma_3125,stocktwits_sentiment_avail_ma_3125,1,True,-1.0628e-19,-4.48737e-19,1.77257e-19,405,0,-1.77402e-16,0.0272109,0,,-1.06752e-18,-4.67041e-19,0,0,0,4.16334e-19,0,4.33681e-19,0,-3.42661e-19
all_features,xgb,perm_p1_mse,column,stocktwits_sentcount_avail_ma_1,stocktwits_sentcount_avail_ma_1,1,True,0,0,0,202,0,0,0,0,,0,0,0,0,0,0,0,0,0,0
all_features,xgb,perm_p1_mse,column,stocktwits_sentcount_avail_ma_5,stocktwits_sentcount_avail_ma_5,1,True,0,0,0,202,0,0,0,0,,0,0,0,0,0,0,0,0,0,0
all_features,xgb,perm_p1_mse,column,stocktwits_sentcount_avail_ma_25,stocktwits_sentcount_avail_ma_25,1,True,-1.88942e-19,-5.1959e-19,9.44067e-20,409,0,-3.15381e-16,0.00680272,0,,-1.06752e-18,-5.33761e-19,0,0,0,0,0,2.47818e-19,-1.83084e-19,-3.42661e-19
all_features,xgb,perm_p1_mse,column,stocktwits_sentcount_avail_ma_125,stocktwits_sentcount_avail_ma_125,1,True,-5.90444e-20,-2.59795e-19,7.0805e-20,400,0,-9.85567e-17,0.0136054,0,,0,-4.67041e-19,1.38778e-19,0,0,0,0,6.19544e-20,0,-1.28498e-19
all_features,xgb,perm_p1_mse,column,stocktwits_sentcount_avail_ma_625,stocktwits_sentcount_avail_ma_625,1,True,-5.0691e-07,-1.52177e-06,5.90042e-20,429,0,-0.000846133,0.0136054,0,,-1.06752e-18,-2.0016e-19,0,0,-2.97861e-06,0,0,3.09772e-19,0,-9.19323e-07
all_features,xgb,perm_p1_mse,column,stocktwits_sentcount_avail_ma_3125,stocktwits_sentcount_avail_ma_3125,1,True,-2.00751e-19,-5.08136e-19,2.36177e-20,410,0,-3.35093e-16,0.0136054,0,,-1.06752e-18,-2.0016e-19,1.38778e-19,0,0,0,-1.75668e-18,-4.33681e-19,-1.83084e-19,-1.28498e-19
all_features,xgb,perm_p1_mse,column,vix_avail_ma_1,vix_avail_ma_1,1,True,0,0,0,202,0,0,0,0,,0,0,0,0,0,0,0,0,0,0
all_features,xgb,perm_p1_mse,column,vix_avail_ma_5,vix_avail_ma_5,1,True,0,0,0,202,0,0,0,0,,0,0,0,0,0,0,0,0,0,0
all_features,xgb,perm_p1_mse,column,vix_avail_ma_25,vix_avail_ma_25,1,True,2.59795e-19,0,6.61297e-19,197,0,4.3365e-16,0.0204082,0,0.727273,0,0,1.38778e-19,1.11022e-18,0,2.77556e-19,0,2.47818e-19,0,3.85494e-19
all_features,xgb,perm_p1_mse,column,vix_avail_ma_125,vix_avail_ma_125,1,True,7.6827e-07,-4.88916e-07,2.81922e-06,166,0,0.00128239,0.0408163,0,1.23294,0,-5.33761e-19,-1.38778e-19,2.77556e-19,5.56591e-06,-1.05155e-06,-2.63502e-18,-9.41883e-07,2.21436e-09,1.71787e-06
all_features,xgb,perm_p1_mse,column,vix_avail_ma_625,vix_avail_ma_625,1,True,3.22498e-08,-9.03329e-06,1.01891e-05,192,0,5.38312e-05,0.136054,0,112.962,0,-4.23365e-07,0,-1.91353e-05,2.62619e-05,-3.2768e-06,-1.01898e-05,-6.43061e-06,1.7494e-07,2.19956e-06
all_features,xgb,perm_p1_mse,column,vix_avail_ma_3125,vix_avail_ma_3125,1,True,-1.00344e-06,-5.98118e-06,2.31857e-06,435,0,-0.00167494,0.102041,0,,-2.01835e-05,-7.33921e-19,0,2.65285e-06,3.46945e-19,1.74607e-06,6.33769e-07,-4.4649e-08,1.09206e-06,-2.31537e-06
all_features,xgb,perm_p1_mse,column,vvix_avail_ma_1,vvix_avail_ma_1,1,True,0,0,0,202,0,0,0,0,,0,0,0,0,0,0,0,0,0,0
all_features,xgb,perm_p1_mse,column,vvix_avail_ma_5,vvix_avail_ma_5,1,True,-9.4471e-20,-2.83606e-19,0,403,0,-1.57691e-16,0,0,,0,-5.33761e-19,0,0,0,0,0,0,0,-1.71331e-19
all_features,xgb,perm_p1_mse,column,vvix_avail_ma_25,vvix_avail_ma_25,1,True,5.17255e-07,0,1.55282e-06,171,0,0.000863401,0.00680272,0,1,0,2.92249e-06,0,0,0,0,0,0,2.00488e-06,0
all_features,xgb,perm_p1_mse,column,vvix_avail_ma_125,vvix_avail_ma_125,1,True,1.84959e-08,-6.55706e-08,1.21103e-07,195,0,3.08734e-05,0.0136054,0,2.18252,-1.06752e-18,-1.23575e-07,2.37201e-07,-2.77556e-19,0,0,0,6.19544e-20,0,3.35439e-08
all_features,xgb,perm_p1_mse,column,vvix_avail_ma_625,vvix_avail_ma_625,1,True,-8.40968e-08,-2.57434e-06,2.54863e-06,417,0,-0.000140374,0.0544218,0,,-1.14561e-06,4.04759e-06,-1.78903e-06,-2.10691e-06,2.78915e-06,-3.00114e-06,0,-2.67407e-06,2.22401e-06,-2.68763e-07
all_features,xgb,perm_p1_mse,column,vvix_avail_ma_3125,vvix_avail_ma_3125,1,True,5.3612e-06,-1.01677e-06,1.43617e-05,108,0,0.0089489,0.142857,0,0.727627,-8.08865e-06,9.22184e-07,2.43015e-05,2.1453e-06,9.7313e-08,8.20526e-06,-2.63502e-18,1.30937e-06,5.35991e-06,6.76243e-06
all_features,xgb,perm_p1_mse,column,vix3m_avail_ma_1,vix3m_avail_ma_1,1,True,0,0,0,202,0,0,0,0,,0,0,0,0,0,0,0,0,0,0
all_features,xgb,perm_p1_mse,column,vix3m_avail_ma_5,vix3m_avail_ma_5,1,True,0,0,0,202,0,0,0,0,,0,0,0,0,0,0,0,0,0,0
all_features,xgb,perm_p1_mse,column,vix3m_avail_ma_25,vix3m_avail_ma_25,1,True,0,0,0,202,0,0,0,0,,0,0,0,0,0,0,0,0,0,0
all_features,xgb,perm_p1_mse,column,vix3m_avail_ma_125,vix3m_avail_ma_125,1,True,-5.55016e-07,-1.71855e-06,5.34634e-08,430,0,-0.000926431,0.00680272,0,,2.01516e-07,-3.2366e-06,0,0,0,0,0,-3.00541e-06,0,3.23421e-08
all_features,xgb,perm_p1_mse,column,vix3m_avail_ma_625,vix3m_avail_ma_625,1,True,2.96627e-07,-3.45084e-06,3.68488e-06,180,0,0.000495129,0.0952381,0,3.59186,2.61806e-06,-3.17127e-06,-7.76026e-06,1.14114e-06,4.03828e-06,6.93889e-20,1.98118e-05,4.57969e-06,1.29691e-07,-1.10583e-06
all_features,xgb,perm_p1_mse,column,vix3m_avail_ma_3125,vix3m_avail_ma_3125,1,True,-3.65507e-07,-3.25185e-06,2.05456e-06,427,0,-0.000610103,0.0748299,0,,-1.23286e-05,-4.67041e-19,-1.38778e-19,2.85261e-06,2.39986e-06,1.38717e-06,-7.52061e-06,-1.96387e-06,1.28359e-06,-5.84598e-07
all_features,xgb,perm_p1_mse,column,voldemand_spx_open_and_close_avail_ma_1,voldemand_spx_open_and_close_avail_ma_1,1,True,0,0,0,202,0,0,0,0,,0,0,0,0,0,0,0,0,0,0
all_features,xgb,perm_p1_mse,column,voldemand_spx_open_and_close_avail_ma_5,voldemand_spx_open_and_close_avail_ma_5,1,True,0,0,0,202,0,0,0,0,,0,0,0,0,0,0,0,0,0,0
all_features,xgb,perm_p1_mse,column,voldemand_spx_open_and_close_avail_ma_25,voldemand_spx_open_and_close_avail_ma_25,1,True,0,0,0,202,0,0,0,0,,0,0,0,0,0,0,0,0,0,0
all_features,xgb,perm_p1_mse,column,voldemand_spx_open_and_close_avail_ma_125,voldemand_spx_open_and_close_avail_ma_125,1,True,-4.72355e-20,-1.41803e-19,0,396,0,-7.88454e-17,0,0,,0,0,0,0,0,-2.77556e-19,0,0,-1.83084e-19,0
all_features,xgb,perm_p1_mse,column,voldemand_spx_open_and_close_avail_ma_625,voldemand_spx_open_and_close_avail_ma_625,1,True,-1.47647e-06,-3.72364e-06,1.06587e-07,442,0,-0.00246453,0.0340136,0,,-2.14244e-06,1.01046e-06,-7.16366e-07,-8.36082e-07,-1.38778e-19,-7.06012e-06,-8.78341e-19,-1.63418e-06,-4.75904e-06,1.13957e-07
all_features,xgb,perm_p1_mse,column,voldemand_spx_open_and_close_avail_ma_3125,voldemand_spx_open_and_close_avail_ma_3125,1,True,-1.41289e-06,-7.29566e-06,2.75721e-06,441,0,-0.0023584,0.156463,0,,5.02847e-06,2.02137e-06,-1.32325e-05,1.36115e-08,4.75765e-07,-2.76094e-07,-2.63502e-18,8.28681e-07,4.72375e-06,-5.0591e-06
all_features,xgb,perm_p1_mse,column,voldemand_spx_open_only_avail_ma_1,voldemand_spx_open_only_avail_ma_1,1,True,0,0,0,202,0,0,0,0,,0,0,0,0,0,0,0,0,0,0
all_features,xgb,perm_p1_mse,column,voldemand_spx_open_only_avail_ma_5,voldemand_spx_open_only_avail_ma_5,1,True,0,0,0,202,0,0,0,0,,0,0,0,0,0,0,0,0,0,0
all_features,xgb,perm_p1_mse,column,voldemand_spx_open_only_avail_ma_25,voldemand_spx_open_only_avail_ma_25,1,True,0,0,0,202,0,0,0,0,,0,0,0,0,0,0,0,0,0,0
all_features,xgb,perm_p1_mse,column,voldemand_spx_open_only_avail_ma_125,voldemand_spx_open_only_avail_ma_125,1,True,0,0,0,202,0,0,0,0,,0,0,0,0,0,0,0,0,0,0
all_features,xgb,perm_p1_mse,column,voldemand_spx_open_only_avail_ma_625,voldemand_spx_open_only_avail_ma_625,1,True,4.91893e-07,-1.89649e-06,3.2494e-06,172,0,0.000821067,0.0340136,0,2.1148,-2.96952e-07,1.87044e-06,-4.72196e-07,1.57172e-06,0,5.55112e-19,-2.63502e-18,-1.3787e-07,-3.20312e-06,2.43849e-06
all_features,xgb,perm_p1_mse,column,voldemand_spx_open_only_avail_ma_3125,voldemand_spx_open_only_avail_ma_3125,1,True,1.5955e-06,3.87306e-07,2.97507e-06,146,0,0.00266321,0.0884354,0,0.221688,3.80756e-06,1.99843e-06,-8.99608e-07,2.50595e-06,3.71053e-06,-4.16334e-19,-1.75668e-18,3.62348e-06,1.34332e-06,1.01247e-06
all_features,xgb,perm_p1_mse,column,voldemand_all_open_and_close_avail_ma_1,voldemand_all_open_and_close_avail_ma_1,1,True,0,0,0,202,0,0,0,0,,0,0,0,0,0,0,0,0,0,0
all_features,xgb,perm_p1_mse,column,voldemand_all_open_and_close_avail_ma_5,voldemand_all_open_and_close_avail_ma_5,1,True,0,0,0,202,0,0,0,0,,0,0,0,0,0,0,0,0,0,0
all_features,xgb,perm_p1_mse,column,voldemand_all_open_and_close_avail_ma_25,voldemand_all_open_and_close_avail_ma_25,1,True,0,0,0,202,0,0,0,0,,0,0,0,0,0,0,0,0,0,0
all_features,xgb,perm_p1_mse,column,voldemand_all_open_and_close_avail_ma_125,voldemand_all_open_and_close_avail_ma_125,1,True,0,0,0,202,0,0,0,0,,0,0,0,0,0,0,0,0,0,0
all_features,xgb,perm_p1_mse,column,voldemand_all_open_and_close_avail_ma_625,voldemand_all_open_and_close_avail_ma_625,1,True,4.66602e-07,-9.4471e-20,1.20162e-06,174,0,0.00077885,0.0136054,0,0.575255,0,1.11975e-06,0,1.57721e-06,0,0,0,0,1.04037e-06,3.59427e-07
all_features,xgb,perm_p1_mse,column,voldemand_all_open_and_close_avail_ma_3125,voldemand_all_open_and_close_avail_ma_3125,1,True,1.41225e-07,-7.89153e-07,1.09137e-06,187,0,0.000235732,0.0272109,0,2.29144,0,0,1.38778e-19,2.77556e-19,9.383e-07,-1.08463e-07,0,0,-7.15454e-08,2.89599e-07
all_features,xgb,perm_p1_mse,column,voldemand_all_open_only_avail_ma_1,voldemand_all_open_only_avail_ma_1,1,True,0,0,0,202,0,0,0,0,,0,0,0,0,0,0,0,0,0,0
all_features,xgb,perm_p1_mse,column,voldemand_all_open_only_avail_ma_5,voldemand_all_open_only_avail_ma_5,1,True,0,0,0,202,0,0,0,0,,0,0,0,0,0,0,0,0,0,0
all_features,xgb,perm_p1_mse,column,voldemand_all_open_only_avail_ma_25,voldemand_all_open_only_avail_ma_25,1,True,0,0,0,202,0,0,0,0,,0,0,0,0,0,0,0,0,0,0
all_features,xgb,perm_p1_mse,column,voldemand_all_open_only_avail_ma_125,voldemand_all_open_only_avail_ma_125,1,True,0,0,0,202,0,0,0,0,,0,0,0,0,0,0,0,0,0,0
all_features,xgb,perm_p1_mse,column,voldemand_all_open_only_avail_ma_625,voldemand_all_open_only_avail_ma_625,1,True,0,0,0,202,0,0,0,0,,0,0,0,0,0,0,0,0,0,0
all_features,xgb,perm_p1_mse,column,voldemand_all_open_only_avail_ma_3125,voldemand_all_open_only_avail_ma_3125,1,True,2.93216e-07,-1.57393e-07,8.21755e-07,181,0,0.000489435,0.0204082,0,0.766109,0,0,0,4.0298e-07,1.31996e-06,1.38778e-19,0,1.23909e-19,0,5.3177e-07
all_features,xgb,perm_p1_mse,column,ofi_ewstock_avail_ma_1,ofi_ewstock_avail_ma_1,1,True,0,0,0,202,0,0,0,0,,0,0,0,0,0,0,0,0,0,0
all_features,xgb,perm_p1_mse,column,ofi_ewstock_avail_ma_5,ofi_ewstock_avail_ma_5,1,True,0,0,0,202,0,0,0,0,,0,0,0,0,0,0,0,0,0,0
all_features,xgb,perm_p1_mse,column,ofi_ewstock_avail_ma_25,ofi_ewstock_avail_ma_25,1,True,-4.72355e-20,-1.41803e-19,0,396,0,-7.88454e-17,0,0,,0,-2.66881e-19,0,0,0,0,0,0,-1.83084e-19,0
all_features,xgb,perm_p1_mse,column,ofi_ewstock_avail_ma_125,ofi_ewstock_avail_ma_125,1,True,0,0,0,202,0,0,0,0,,0,0,0,0,0,0,0,0,0,0
all_features,xgb,perm_p1_mse,column,ofi_ewstock_avail_ma_625,ofi_ewstock_avail_ma_625,1,True,0,0,0,202,0,0,0,0,,0,0,0,0,0,0,0,0,0,0
all_features,xgb,perm_p1_mse,column,ofi_ewstock_avail_ma_3125,ofi_ewstock_avail_ma_3125,1,True,0,0,0,202,0,0,0,0,,0,0,0,0,0,0,0,0,0,0
all_features,xgb,perm_p1_mse,column,ofi_vwstock_avail_ma_1,ofi_vwstock_avail_ma_1,1,True,0,0,0,202,0,0,0,0,,0,0,0,0,0,0,0,0,0,0
all_features,xgb,perm_p1_mse,column,ofi_vwstock_avail_ma_5,ofi_vwstock_avail_ma_5,1,True,0,0,0,202,0,0,0,0,,0,0,0,0,0,0,0,0,0,0
all_features,xgb,perm_p1_mse,column,ofi_vwstock_avail_ma_25,ofi_vwstock_avail_ma_25,1,True,0,0,0,202,0,0,0,0,,0,0,0,0,0,0,0,0,0,0
all_features,xgb,perm_p1_mse,column,ofi_vwstock_avail_ma_125,ofi_vwstock_avail_ma_125,1,True,0,0,0,202,0,0,0,0,,0,0,0,0,0,0,0,0,0,0
all_features,xgb,perm_p1_mse,column,ofi_vwstock_avail_ma_625,ofi_vwstock_avail_ma_625,1,True,0,0,0,202,0,0,0,0,,0,0,0,0,0,0,0,0,0,0
all_features,xgb,perm_p1_mse,column,ofi_vwstock_avail_ma_3125,ofi_vwstock_avail_ma_3125,1,True,0,0,0,202,0,0,0,0,,0,0,0,0,0,0,0,0,0,0
all_features,xgb,perm_p1_mse,column,fomc_release_avail_ma_1,fomc_release_avail_ma_1,1,True,0,0,0,202,0,0,0,0,,0,0,0,0,0,0,0,0,0,0
all_features,xgb,perm_p1_mse,column,fomc_release_avail_ma_5,fomc_release_avail_ma_5,1,True,0,0,0,202,0,0,0,0,,0,0,0,0,0,0,0,0,0,0
all_features,xgb,perm_p1_mse,column,fomc_release_avail_ma_25,fomc_release_avail_ma_25,1,True,0,0,0,202,0,0,0,0,,0,0,0,0,0,0,0,0,0,0
all_features,xgb,perm_p1_mse,column,fomc_release_avail_ma_125,fomc_release_avail_ma_125,1,True,0,0,0,202,0,0,0,0,,0,0,0,0,0,0,0,0,0,0
all_features,xgb,perm_p1_mse,column,fomc_release_avail_ma_625,fomc_release_avail_ma_625,1,True,0,0,0,202,0,0,0,0,,0,0,0,0,0,0,0,0,0,0
all_features,xgb,perm_p1_mse,column,fomc_release_avail_ma_3125,fomc_release_avail_ma_3125,1,True,0,0,0,202,0,0,0,0,,0,0,0,0,0,0,0,0,0,0
all_features,xgb,perm_p1_mse,column,fomc_day_avail_ma_1,fomc_day_avail_ma_1,1,True,0,0,0,202,0,0,0,0,,0,0,0,0,0,0,0,0,0,0
all_features,xgb,perm_p1_mse,column,fomc_day_avail_ma_5,fomc_day_avail_ma_5,1,True,0,0,0,202,0,0,0,0,,0,0,0,0,0,0,0,0,0,0
all_features,xgb,perm_p1_mse,column,fomc_day_avail_ma_25,fomc_day_avail_ma_25,1,True,0,0,0,202,0,0,0,0,,0,0,0,0,0,0,0,0,0,0
all_features,xgb,perm_p1_mse,column,fomc_day_avail_ma_125,fomc_day_avail_ma_125,1,True,0,0,0,202,0,0,0,0,,0,0,0,0,0,0,0,0,0,0
all_features,xgb,perm_p1_mse,column,fomc_day_avail_ma_625,fomc_day_avail_ma_625,1,True,0,0,0,202,0,0,0,0,,0,0,0,0,0,0,0,0,0,0
all_features,xgb,perm_p1_mse,column,fomc_day_avail_ma_3125,fomc_day_avail_ma_3125,1,True,0,0,0,202,0,0,0,0,,0,0,0,0,0,0,0,0,0,0
all_features,xgb,perm_p1_mse,column,fomc_until_inv_avail_ma_1,fomc_until_inv_avail_ma_1,1,True,0,0,0,202,0,0,0,0,,0,0,0,0,0,0,0,0,0,0
all_features,xgb,perm_p1_mse,column,fomc_until_inv_avail_ma_5,fomc_until_inv_avail_ma_5,1,True,0,0,0,202,0,0,0,0,,0,0,0,0,0,0,0,0,0,0
all_features,xgb,perm_p1_mse,column,fomc_until_inv_avail_ma_25,fomc_until_inv_avail_ma_25,1,True,0,0,0,202,0,0,0,0,,0,0,0,0,0,0,0,0,0,0
all_features,xgb,perm_p1_mse,column,fomc_until_inv_avail_ma_125,fomc_until_inv_avail_ma_125,1,True,0,0,0,202,0,0,0,0,,0,0,0,0,0,0,0,0,0,0
all_features,xgb,perm_p1_mse,column,fomc_until_inv_avail_ma_625,fomc_until_inv_avail_ma_625,1,True,0,0,0,202,0,0,0,0,,0,0,0,0,0,0,0,0,0,0
all_features,xgb,perm_p1_mse,column,fomc_until_inv_avail_ma_3125,fomc_until_inv_avail_ma_3125,1,True,0,0,0,202,0,0,0,0,,0,0,0,0,0,0,0,0,0,0
all_features,xgb,perm_p1_mse,column,fomc_since_inv_avail_ma_1,fomc_since_inv_avail_ma_1,1,True,0,0,0,202,0,0,0,0,,0,0,0,0,0,0,0,0,0,0
all_features,xgb,perm_p1_mse,column,fomc_since_inv_avail_ma_5,fomc_since_inv_avail_ma_5,1,True,0,0,0,202,0,0,0,0,,0,0,0,0,0,0,0,0,0,0
all_features,xgb,perm_p1_mse,column,fomc_since_inv_avail_ma_25,fomc_since_inv_avail_ma_25,1,True,0,0,0,202,0,0,0,0,,0,0,0,0,0,0,0,0,0,0
all_features,xgb,perm_p1_mse,column,fomc_since_inv_avail_ma_125,fomc_since_inv_avail_ma_125,1,True,0,0,0,202,0,0,0,0,,0,0,0,0,0,0,0,0,0,0
all_features,xgb,perm_p1_mse,column,fomc_since_inv_avail_ma_625,fomc_since_inv_avail_ma_625,1,True,0,0,0,202,0,0,0,0,,0,0,0,0,0,0,0,0,0,0
all_features,xgb,perm_p1_mse,column,fomc_since_inv_avail_ma_3125,fomc_since_inv_avail_ma_3125,1,True,0,0,0,202,0,0,0,0,,0,0,0,0,0,0,0,0,0,0
all_features,xgb,perm_p1_mse,column,numobs_active_ma_1,numobs_active_ma_1,1,True,0,0,0,202,0,0,0,0,,0,0,0,0,0,0,0,0,0,0
all_features,xgb,perm_p1_mse,column,numobs_active_ma_5,numobs_active_ma_5,1,True,0,0,0,202,0,0,0,0,,0,0,0,0,0,0,0,0,0,0
all_features,xgb,perm_p1_mse,column,numobs_active_ma_25,numobs_active_ma_25,1,True,-2.61639e-08,-1.33805e-06,1.18793e-06,414,0,-4.36727e-05,0.0340136,0,,3.25294e-06,-2.81008e-07,-1.55302e-06,0,0,0,0,6.19544e-20,-1.92776e-07,4.27498e-08
all_features,xgb,perm_p1_mse,column,numobs_active_ma_125,numobs_active_ma_125,1,True,-5.70999e-06,-3.12896e-05,1.8835e-05,479,0,-0.00953111,0.258503,0,,6.39491e-05,-2.6553e-06,-5.99197e-05,2.08358e-06,-6.29399e-06,2.09276e-06,-6.35003e-06,-5.15354e-06,8.46329e-06,-1.2534e-05
all_features,xgb,perm_p1_mse,column,numobs_active_ma_625,numobs_active_ma_625,1,True,7.04545e-06,8.67774e-07,1.51895e-05,96,0,0.0117602,0.163265,0,0.336939,-3.00691e-06,3.05301e-05,1.14454e-06,4.08088e-06,-1.97723e-06,-3.37588e-08,2.53066e-05,1.99789e-05,4.46444e-06,3.78229e-06
all_features,xgb,perm_p1_mse,column,numobs_active_ma_3125,numobs_active_ma_3125,1,True,2.88119e-07,-1.97692e-06,2.39116e-06,183,0,0.000480927,0.115646,0,1.64683,-5.39871e-06,-4.67041e-19,0,5.71686e-06,5.65526e-07,7.16081e-07,-7.90556e-06,-4.36224e-06,2.04725e-06,1.07255e-06
all_features,xgb,perm_p1_mse,column,voldemand_spx_open_and_close_active_ma_1,voldemand_spx_open_and_close_active_ma_1,1,True,0,0,0,202,0,0,0,0,,0,0,0,0,0,0,0,0,0,0
all_features,xgb,perm_p1_mse,column,voldemand_spx_open_and_close_active_ma_5,voldemand_spx_open_and_close_active_ma_5,1,True,0,0,0,202,0,0,0,0,,0,0,0,0,0,0,0,0,0,0
all_features,xgb,perm_p1_mse,column,voldemand_spx_open_and_close_active_ma_25,voldemand_spx_open_and_close_active_ma_25,1,True,2.35135e-07,0,7.05418e-07,184,0,0.000392487,0.0204082,0,0.659346,0,0,1.38778e-19,0,1.38166e-06,0,0,0,0,4.26437e-07
all_features,xgb,perm_p1_mse,column,voldemand_spx_open_and_close_active_ma_125,voldemand_spx_open_and_close_active_ma_125,1,True,-2.73296e-05,-7.70509e-05,8.912e-06,552,0,-0.0456186,0.170068,0,,-1.90432e-06,-7.4922e-05,-8.93961e-05,1.08756e-05,-3.64237e-06,4.82973e-07,-2.63502e-18,-3.21557e-06,-6.36489e-05,-1.86716e-05
all_features,xgb,perm_p1_mse,column,voldemand_spx_open_and_close_active_ma_625,voldemand_spx_open_and_close_active_ma_625,1,True,9.13586e-07,-5.08029e-06,7.04408e-06,163,0,0.00152495,0.136054,0,2.495,-4.39812e-06,-9.97193e-06,-2.78254e-06,1.65623e-05,3.28998e-06,9.56298e-07,-2.63502e-18,-1.0481e-05,4.30056e-07,5.07869e-06
all_features,xgb,perm_p1_mse,column,voldemand_spx_open_and_close_active_ma_3125,voldemand_spx_open_and_close_active_ma_3125,1,True,3.50819e-06,2.44569e-07,8.44048e-06,125,0,0.00585586,0.129252,0,0.595053,6.76026e-06,2.0742e-07,-8.74037e-08,3.89191e-06,1.45833e-05,-1.50475e-06,-2.63502e-18,8.53117e-07,2.36633e-06,4.96027e-06
all_features,xgb,perm_p1_mse,column,voldemand_spx_open_only_active_ma_1,voldemand_spx_open_only_active_ma_1,1,True,0,0,0,202,0,0,0,0,,0,0,0,0,0,0,0,0,0,0
all_features,xgb,perm_p1_mse,column,voldemand_spx_open_only_active_ma_5,voldemand_spx_open_only_active_ma_5,1,True,0,0,0,202,0,0,0,0,,0,0,0,0,0,0,0,0,0,0
all_features,xgb,perm_p1_mse,column,voldemand_spx_open_only_active_ma_25,voldemand_spx_open_only_active_ma_25,1,True,0,0,0,202,0,0,0,0,,0,0,0,0,0,0,0,0,0,0
all_features,xgb,perm_p1_mse,column,voldemand_spx_open_only_active_ma_125,voldemand_spx_open_only_active_ma_125,1,True,-1.77388e-06,-8.04468e-06,2.70277e-06,448,0,-0.00296095,0.0748299,0,,0,-1.41347e-05,8.0527e-06,-2.77556e-19,-5.05714e-07,-3.27021e-06,-2.63502e-18,-3.39998e-06,1.09955e-06,-2.55625e-06
all_features,xgb,perm_p1_mse,column,voldemand_spx_open_only_active_ma_625,voldemand_spx_open_only_active_ma_625,1,True,-4.68543e-06,-1.36346e-05,1.46686e-06,472,0,-0.0078209,0.0952381,0,,-1.06752e-18,-2.21021e-05,-9.99136e-06,5.39794e-06,-2.1357e-07,2.61621e-07,-2.63502e-18,-1.96844e-06,-2.97681e-07,-7.67766e-06
all_features,xgb,perm_p1_mse,column,voldemand_spx_open_only_active_ma_3125,voldemand_spx_open_only_active_ma_3125,1,True,2.20046e-05,-1.41735e-06,6.69972e-05,46,0,0.0367301,0.115646,0,1.0484,-6.93015e-06,-4.67041e-19,0.000129127,5.26108e-07,2.45763e-06,7.91811e-07,-2.63502e-18,-5.26929e-07,-5.15386e-06,4.25008e-05
all_features,xgb,perm_p1_mse,column,voldemand_all_open_and_close_active_ma_1,voldemand_all_open_and_close_active_ma_1,1,True,0,0,0,202,0,0,0,0,,0,0,0,0,0,0,0,0,0,0
all_features,xgb,perm_p1_mse,column,voldemand_all_open_and_close_active_ma_5,voldemand_all_open_and_close_active_ma_5,1,True,0,0,0,202,0,0,0,0,,0,0,0,0,0,0,0,0,0,0
all_features,xgb,perm_p1_mse,column,voldemand_all_open_and_close_active_ma_25,voldemand_all_open_and_close_active_ma_25,1,True,-2.36177e-20,-7.09015e-20,0,395,0,-3.94227e-17,0,0,,0,0,0,0,0,-1.38778e-19,0,0,0,-4.28327e-20
all_features,xgb,perm_p1_mse,column,voldemand_all_open_and_close_active_ma_125,voldemand_all_open_and_close_active_ma_125,1,True,2.79192e-06,-4.15488e-06,1.00653e-05,128,0,0.00466027,0.115646,0,0.556303,0,2.02862e-05,-3.23594e-06,-6.7985e-07,4.42091e-08,-8.20731e-07,-2.63502e-18,1.14749e-05,8.78576e-06,-3.01412e-06
all_features,xgb,perm_p1_mse,column,voldemand_all_open_and_close_active_ma_625,voldemand_all_open_and_close_active_ma_625,1,True,-1.63841e-06,-7.30113e-06,2.74565e-06,445,0,-0.00273483,0.142857,0,,-2.04793e-05,-1.76772e-06,2.49612e-07,4.90327e-07,3.46945e-19,2.12045e-06,-2.63502e-18,2.5548e-07,-2.71633e-06,-1.78873e-06
all_features,xgb,perm_p1_mse,column,voldemand_all_open_and_close_active_ma_3125,voldemand_all_open_and_close_active_ma_3125,1,True,1.30704e-06,-1.16994e-06,4.71545e-06,155,0,0.00218172,0.129252,0,0.663895,-8.00074e-06,4.41265e-06,-8.46942e-08,7.33612e-06,3.46945e-19,4.85723e-19,-2.63502e-18,-8.41158e-07,6.52439e-06,-3.91571e-07
all_features,xgb,perm_p1_mse,column,voldemand_all_open_only_active_ma_1,voldemand_all_open_only_active_ma_1,1,True,0,0,0,202,0,0,0,0,,0,0,0,0,0,0,0,0,0,0
all_features,xgb,perm_p1_mse,column,voldemand_all_open_only_active_ma_5,voldemand_all_open_only_active_ma_5,1,True,0,0,0,202,0,0,0,0,,0,0,0,0,0,0,0,0,0,0
all_features,xgb,perm_p1_mse,column,voldemand_all_open_only_active_ma_25,voldemand_all_open_only_active_ma_25,1,True,0,0,0,202,0,0,0,0,,0,0,0,0,0,0,0,0,0,0
all_features,xgb,perm_p1_mse,column,voldemand_all_open_only_active_ma_125,voldemand_all_open_only_active_ma_125,1,True,2.3191e-06,-1.21204e-07,6.57482e-06,136,0,0.00387103,0.047619,0,0.832817,-1.06752e-18,9.98976e-07,3.46578e-06,1.00512e-05,0,-9.28952e-07,-1.75668e-18,9.8199e-08,-3.66169e-19,4.17192e-06
all_features,xgb,perm_p1_mse,column,voldemand_all_open_only_active_ma_625,voldemand_all_open_only_active_ma_625,1,True,-7.27221e-06,-2.48398e-05,3.97404e-06,500,0,-0.0121388,0.102041,0,,-1.06752e-18,-3.67298e-05,6.16755e-06,-1.60591e-05,-2.30885e-07,5.58988e-06,-1.75668e-18,1.62753e-06,7.34696e-06,-1.7189e-05
all_features,xgb,perm_p1_mse,column,voldemand_all_open_only_active_ma_3125,voldemand_all_open_only_active_ma_3125,1,True,1.3788e-06,-5.72082e-07,4.28873e-06,154,0,0.00230149,0.0748299,0,0.856518,-2.99359e-06,2.4046e-06,6.93935e-06,2.18343e-07,-2.08167e-19,3.46945e-19,-2.63502e-18,2.65141e-06,4.72143e-06,-6.25142e-07
all_features,xgb,perm_p1_mse,column,fomc_release_active_ma_1,fomc_release_active_ma_1,1,True,0,0,0,202,0,0,0,0,,0,0,0,0,0,0,0,0,0,0
all_features,xgb,perm_p1_mse,column,fomc_release_active_ma_5,fomc_release_active_ma_5,1,True,0,0,0,202,0,0,0,0,,0,0,0,0,0,0,0,0,0,0
all_features,xgb,perm_p1_mse,column,fomc_release_active_ma_25,fomc_release_active_ma_25,1,True,0,0,0,202,0,0,0,0,,0,0,0,0,0,0,0,0,0,0
all_features,xgb,perm_p1_mse,column,fomc_release_active_ma_125,fomc_release_active_ma_125,1,True,1.68379e-06,-3.688e-07,4.77453e-06,143,0,0.00281058,0.0340136,0,0.761263,-1.04257e-07,6.79904e-06,-1.14999e-06,2.16039e-06,2.53563e-08,1.84141e-06,0,7.95751e-06,1.65935e-06,-4.73465e-07
all_features,xgb,perm_p1_mse,column,fomc_release_active_ma_625,fomc_release_active_ma_625,1,True,-1.75648e-06,-3.9005e-06,8.58918e-08,447,0,-0.00293192,0.0816327,0,,1.80905e-06,-1.20085e-06,-4.3539e-06,-4.37149e-06,-1.28753e-06,-6.93889e-20,-2.63502e-18,3.46125e-09,-2.04611e-06,-2.22934e-06
all_features,xgb,perm_p1_mse,column,fomc_release_active_ma_3125,fomc_release_active_ma_3125,1,True,-4.72355e-20,-1.41803e-19,0,396,0,-7.88454e-17,0,0,,0,-2.66881e-19,0,0,0,0,0,0,-1.83084e-19,0
all_features,xgb,perm_p1_mse,column,fomc_day_active_ma_1,fomc_day_active_ma_1,1,True,0,0,0,202,0,0,0,0,,0,0,0,0,0,0,0,0,0,0
all_features,xgb,perm_p1_mse,column,fomc_day_active_ma_5,fomc_day_active_ma_5,1,True,0,0,0,202,0,0,0,0,,0,0,0,0,0,0,0,0,0,0
all_features,xgb,perm_p1_mse,column,fomc_day_active_ma_25,fomc_day_active_ma_25,1,True,0,0,0,202,0,0,0,0,,0,0,0,0,0,0,0,0,0,0
all_features,xgb,perm_p1_mse,column,fomc_day_active_ma_125,fomc_day_active_ma_125,1,True,-6.15575e-08,-5.47985e-07,3.63313e-07,415,0,-0.000102752,0.0204082,0,,1.36848e-06,6.67201e-20,-1.38778e-19,1.11022e-18,-1.07332e-06,-1.38778e-19,-8.78341e-19,-1.85863e-19,0,-1.11639e-07
all_features,xgb,perm_p1_mse,column,fomc_day_active_ma_625,fomc_day_active_ma_625,1,True,1.42826e-06,-1.7762e-06,4.8062e-06,151,0,0.00238405,0.183673,0,1.11406,5.29242e-06,5.01826e-06,3.77174e-06,-3.28863e-06,1.14014e-07,-1.75709e-07,-1.75668e-18,-2.55244e-06,7.52416e-07,3.12053e-06
all_features,xgb,perm_p1_mse,column,fomc_day_active_ma_3125,fomc_day_active_ma_3125,1,True,1.13824e-06,-1.65324e-19,2.66204e-06,158,0,0.00189995,0.0340136,0,0.425727,0,4.7401e-06,1.75859e-06,1.11022e-18,0,0,-2.63502e-18,1.72244e-06,1.26106e-06,8.78824e-07
all_features,xgb,perm_p1_mse,column,DOW_0,DOW_0,1,True,1.23374e-05,-7.43308e-05,0.000114735,68,0,0.0205936,0.163265,0,3.13442,0.000399114,-9.62512e-05,-7.4496e-05,4.74112e-06,1.20515e-05,1.49691e-05,2.46553e-05,-7.10629e-05,2.38648e-05,3.57736e-05
all_features,xgb,perm_p1_mse,column,DOW_1,DOW_1,1,True,-1.71335e-06,-5.39587e-06,9.56836e-07,446,0,-0.00285991,0.0408163,0,,-1.40689e-07,9.08206e-07,-8.78451e-06,-4.57808e-08,-4.63582e-07,2.05168e-06,-1.16987e-05,-3.49227e-07,-1.31022e-06,-2.37351e-06
all_features,xgb,perm_p1_mse,column,DOW_2,DOW_2,1,True,-6.08742e-06,-2.71002e-05,1.35234e-05,483,0,-0.0101611,0.326531,0,,-1.1096e-05,-1.40437e-05,8.0124e-06,-9.02246e-06,4.80631e-05,-5.99002e-05,-8.06076e-06,-3.78763e-05,-3.08883e-05,1.65057e-05
all_features,xgb,perm_p1_mse,column,DOW_3,DOW_3,1,True,-3.47609e-07,-4.82556e-06,5.27428e-06,425,0,-0.000580229,0.0408163,0,,2.49559e-05,-3.03613e-06,-6.79731e-07,0,-1.94094e-06,-7.69284e-06,-4.90035e-06,1.01485e-05,-5.61021e-06,-1.51352e-06
all_features,xgb,perm_p1_mse,column,DOW_4,DOW_4,1,True,2.89221e-05,-1.34381e-05,7.05192e-05,39,0,0.0482767,0.591837,1.66996e-05,0.211411,-2.62192e-05,0.000117109,-4.69026e-06,5.27509e-05,1.93151e-05,5.72244e-06,-3.57956e-05,6.22227e-05,3.7418e-05,1.34356e-05
all_features,xgb,perm_p1_mse,column,hour,hour,1,False,0,0,0,0,0,0,0,0,,0,0,0,0,0,0,0,0,0,0
all_features,xgb,perm_p1_mse,column,is_overnight,is_overnight,1,False,0,0,0,0,0,0,0,0,,0,0,0,0,0,0,0,0,0,0
all_features,xgb,perm_p1_mse,column,is_open,is_open,1,False,0,0,0,0,0,0,0,0,,0,0,0,0,0,0,0,0,0,0
all_features,xgb,perm_p1_mse,column,is_close,is_close,1,False,0,0,0,0,0,0,0,0,,0,0,0,0,0,0,0,0,0,0
all_features,xgb,perm_p1_mse,column,is_opex,is_opex,1,True,2.1256e-19,0,6.13644e-19,198,0,3.54804e-16,0.0136054,0,0.888889,0,0,1.38778e-19,1.11022e-18,0,0,0,0,0,3.85494e-19
all_features,xgb,perm_p1_mse,column,is_opex_week,is_opex_week,1,True,4.91912e-06,9.62918e-07,9.41671e-06,112,0,0.00821099,0.163265,0,0.258387,1.02461e-05,-5.06044e-06,6.75172e-06,5.14161e-06,7.46861e-06,9.26531e-06,6.72215e-07,-8.48767e-07,4.50067e-06,7.10876e-06
all_features,xgb,perm_p1_mse,column,is_quad_witch,is_quad_witch,1,True,1.4837e-06,-3.39078e-08,3.21107e-06,149,0,0.00247659,0.108844,0,0.391763,0,1.22385e-06,-2.14728e-07,2.66085e-06,3.41547e-06,-4.66324e-07,6.4878e-06,7.8741e-07,2.36377e-06,1.31261e-06
all_features,xgb,perm_p1_mse,column,is_rebalance_close,is_rebalance_close,1,True,6.72427e-07,-8.23728e-08,1.60563e-06,169,0,0.00112241,0.0544218,0,0.531398,0,-3.05561e-07,5.84632e-07,3.35867e-07,2.09965e-06,1.24881e-06,0,-2.83735e-07,8.23756e-07,9.32144e-07
all_features,xgb,perm_p1_mse,column,is_month_end,is_month_end,1,True,0.00134606,0.000805095,0.00198543,3,0.204082,2.24683,0.353741,0,0.156213,0.00208982,0.0010145,0.00212065,0.00103267,0.000477613,0.00176709,0.0011697,0.000941816,0.0014166,0.00145279
all_features,xgb,perm_p1_mse,column,is_quarter_end,is_quarter_end,1,True,3.55965e-05,2.00233e-06,8.57485e-05,37,0.0136054,0.0594176,0.176871,0,0.54766,0.000234018,3.24048e-05,1.30214e-05,2.65642e-05,5.70482e-06,8.48445e-06,-2.63502e-18,5.03034e-06,2.76976e-05,4.98585e-05
all_features,xgb,perm_p1_mse,column,days_to_opex,days_to_opex,1,True,5.45615e-05,-1.02255e-05,0.000116377,29,0.00680272,0.0910739,0.52381,5.10082e-06,0.20529,1.09196e-05,-1.79533e-05,0.000217576,6.76588e-05,3.67357e-06,4.91388e-05,-1.40843e-05,-9.36978e-05,6.02298e-05,0.000103159
all_features,xgb,perm_p1_mse,column,har_ma_1_x_open,har_ma_1_x_open,1,False,0,0,0,0,0,0,0,0,,0,0,0,0,0,0,0,0,0,0
all_features,xgb,perm_p1_mse,column,har_ma_1_x_close,har_ma_1_x_close,1,True,0.000930445,-0.000212709,0.00204719,5,0.306122,1.5531,0.564626,0.000389391,0.271655,0.00264368,-0.00105868,0.00281261,0.00229971,-0.000276617,0.000942733,-0.00185071,3.89134e-06,0.0007558,0.00133245
all_features,xgb,perm_p1_mse,column,har_ma_5_x_open,har_ma_5_x_open,1,False,0,0,0,0,0,0,0,0,,0,0,0,0,0,0,0,0,0,0
all_features,xgb,perm_p1_mse,column,har_ma_5_x_close,har_ma_5_x_close,1,True,0.000811073,0.000205389,0.00139353,6,0.346939,1.35384,0.619048,0.000736423,0.109592,0.00166984,0.00041379,0.000714723,0.00190849,0.000499687,0.00064996,-0.000967255,0.000230891,0.000454668,0.00117839
all_features,xgb,perm_p1_mse,column,har_ma_25_x_open,har_ma_25_x_open,1,False,0,0,0,0,0,0,0,0,,0,0,0,0,0,0,0,0,0,0
all_features,xgb,perm_p1_mse,column,har_ma_25_x_close,har_ma_25_x_close,1,True,0.000229216,-5.4202e-05,0.000505175,12,0.0544218,0.382607,0.605442,7.72264e-05,0.403102,0.000437744,0.000420499,0.000242646,0.000934148,-0.000186493,-0.000256509,-0.000164121,1.43061e-05,-0.000174138,0.000492236
all_features,xgb,perm_p1_mse,column,har_ma_125_x_open,har_ma_125_x_open,1,False,0,0,0,0,0,0,0,0,,0,0,0,0,0,0,0,0,0,0
all_features,xgb,perm_p1_mse,column,har_ma_125_x_close,har_ma_125_x_close,1,True,8.64711e-05,-3.49776e-05,0.000209405,19,0.0204082,0.144337,0.455782,0,0.318226,0.000488426,6.61412e-05,-1.09238e-05,0.000297128,-6.33709e-05,-0.000113052,0.000239096,-0.000113115,1.35962e-05,0.000189562
all_features,xgb,perm_p1_mse,column,har_ma_625_x_open,har_ma_625_x_open,1,False,0,0,0,0,0,0,0,0,,0,0,0,0,0,0,0,0,0,0
all_features,xgb,perm_p1_mse,column,har_ma_625_x_close,har_ma_625_x_close,1,True,6.34757e-08,-8.67679e-06,8.31191e-06,190,0,0.000105953,0.204082,0,23.3024,-3.23061e-06,-1.9633e-06,-1.05384e-05,3.23153e-06,3.41492e-06,2.91596e-06,1.60466e-05,-1.96537e-07,-2.67827e-06,1.43622e-06
all_features,xgb,perm_p1_mse,column,har_ma_3125_x_open,har_ma_3125_x_open,1,False,0,0,0,0,0,0,0,0,,0,0,0,0,0,0,0,0,0,0
all_features,xgb,perm_p1_mse,column,har_ma_3125_x_close,har_ma_3125_x_close,1,True,-3.07094e-06,-1.23356e-05,5.31875e-06,462,0,-0.00512601,0.156463,0,,-1.10867e-05,2.29604e-06,-1.05207e-05,-1.43934e-05,-2.27349e-06,2.18773e-06,3.26968e-05,5.96294e-07,9.9059e-06,-1.04105e-05
all_features,xgb,perm_p1_mse,series,har_ma,har_ma_*,18,True,0.0702186,0.0555398,0.0867339,1,0.959184,117.209,0.959184,0.0395428,0.052069,0.104794,0.0494966,0.0987099,0.0942082,0.062432,0.0444155,0.0217385,0.0570356,0.061682,0.0787699
all_features,xgb,perm_p1_mse,series,sumret,adj_sumret_ma_*,12,True,0.00259536,0.000563898,0.00509303,2,0.557823,4.33218,0.62585,0.00105058,0.313757,0.0101746,-0.0011287,0.00643106,0.00232456,0.00181054,0.000287689,0.000884803,0.00201146,0.00255728,0.00281503
all_features,xgb,perm_p1_mse,series,sumabsret,adj_sumabsret_ma_*,12,True,0.000204768,-0.000761106,0.00109553,7,0.346939,0.341797,0.55102,9.26179e-05,0.765258,0.00277461,-0.000746193,-0.000670551,0.00227368,-0.000732572,0.000333638,-0.00211309,-0.000973639,0.000112065,0.000655494
all_features,xgb,perm_p1_mse,series,sumret3,adj_sumret3_ma_*,12,True,-0.000117153,-0.000737982,0.000298093,47,0.108844,-0.195551,0.52381,3.09194e-05,,0.000834003,3.60401e-05,-0.00130017,0.000121383,-3.77795e-05,5.61155e-05,2.83231e-06,0.000181988,0.000204322,-0.000370978
all_features,xgb,perm_p1_mse,series,sumret4,adj_sumret4_ma_*,12,True,-1.53132e-05,-0.000131847,0.000117899,34,0.0204082,-0.0255608,0.496599,0,,0.000632054,-0.000161117,-5.0228e-05,3.23804e-05,-0.000189,9.27857e-05,-0.000433624,0.000153567,-0.000118015,-2.56372e-05
all_features,xgb,perm_p1_mse,series,sumpret2,adj_sumpret2_ma_*,12,True,-3.96323e-05,-0.000122685,3.10667e-05,42,0.0136054,-0.0661542,0.52381,4.45964e-06,,5.81548e-05,-1.67981e-05,-0.000174097,-1.47988e-05,3.11231e-05,-2.31524e-05,-0.000204826,-0.000124173,-2.56722e-05,-1.69405e-05
all_features,xgb,perm_p1_mse,series,sumbipow,adj_sumbipow_ma_*,12,True,3.41246e-05,-0.000177137,0.000233402,16,0.0340136,0.0569606,0.544218,9.0765e-06,0.89199,0.00066993,-0.00029035,-0.000226807,0.000267431,1.22702e-06,0.000224935,-0.000356551,-0.000188835,5.61179e-05,0.000100906
all_features,xgb,perm_p1_mse,series,sumautocov,adj_sumautocov_ma_*,12,True,0.000169878,4.54633e-05,0.000288537,8,0.156463,0.283559,0.605442,6.21607e-05,0.192512,-4.31804e-05,0.000187181,0.000471322,5.64803e-05,0.000186409,0.000158353,-0.000147396,0.000219742,1.65634e-05,0.000224376
all_features,xgb,perm_p1_mse,series,sumvolume,adj_sumvolume_ma_*,12,True,0.00123993,0.000505125,0.00207629,4,0.47619,2.06969,0.639456,0.000524355,0.120161,0.00138119,-0.000792569,0.000849544,0.00267429,0.00110381,0.00258684,0.000561419,0.000838015,0.0010011,0.00149062
all_features,xgb,perm_p1_mse,series,numobs,adj_numobs_ma_*,18,True,5.24142e-06,-4.62819e-05,5.89748e-05,26,0.0204082,0.00874896,0.503401,3.46945e-18,1.3269,0.000102324,9.74106e-05,-6.98025e-05,-5.13842e-05,-1.78137e-05,9.63831e-06,1.78636e-05,4.17786e-05,-8.5971e-06,-9.13668e-07
all_features,xgb,perm_p1_mse,series,sumret2_ewstock,adj_sumret2_ewstock_ma_*,12,True,2.31126e-05,-5.09698e-05,9.46651e-05,18,0.0340136,0.0385795,0.489796,0,0.688611,9.17083e-05,-8.09952e-05,0.000106967,2.46168e-05,3.71361e-05,4.22195e-05,-0.000122099,-4.84993e-05,-6.86874e-05,9.08207e-05
all_features,xgb,perm_p1_mse,series,sumret3_ewstock,adj_sumret3_ewstock_ma_*,12,True,-0.000161934,-0.000524447,6.71752e-05,49,0.0544218,-0.270299,0.52381,1.1477e-05,,-0.000115916,-0.000158899,-0.000844948,-0.000142137,0.000247944,0.000105534,-0.00029235,-2.88135e-05,-3.11945e-05,-0.000269123
all_features,xgb,perm_p1_mse,series,sumret4_ewstock,adj_sumret4_ewstock_ma_*,12,True,-4.54594e-07,-5.62662e-05,5.41388e-05,29,0.00680272,-0.000758807,0.482993,0,,2.42341e-05,2.75305e-05,0.000137004,-7.17555e-05,-5.80384e-05,-1.95394e-07,-0.000161138,3.7214e-05,-3.65831e-06,-1.19768e-05
all_features,xgb,perm_p1_mse,series,sumabsret_ewstock,adj_sumabsret_ewstock_ma_*,12,True,0.000206535,-0.000345434,0.000677244,6,0.346939,0.344747,0.585034,0.00032464,0.257812,0.000279039,0.000667036,9.25815e-05,0.000337958,-0.000328716,0.000253211,6.24856e-05,0.000233839,0.000174139,0.000212254
all_features,xgb,perm_p1_mse,series,sumbipow_ewstock,adj_sumbipow_ewstock_ma_*,12,True,-4.84507e-05,-0.000142778,2.85719e-05,43,0.0136054,-0.0808737,0.44898,-1.76199e-06,,-0.000100323,-5.01576e-05,-0.000205135,8.60966e-05,1.3522e-05,-1.31627e-06,-0.000232694,2.58919e-05,-6.74092e-05,-6.52786e-05
all_features,xgb,perm_p1_mse,series,sumpret2_ewstock,adj_sumpret2_ewstock_ma_*,12,True,-3.39807e-05,-8.61043e-05,1.34331e-05,40,0.0272109,-0.0567204,0.455782,-2.49946e-06,,0.000133538,-1.26092e-05,-6.63456e-05,-0.000112769,-1.83148e-05,-4.70104e-05,-3.65713e-05,-1.24588e-05,-9.03546e-05,-1.50429e-05
all_features,xgb,perm_p1_mse,series,turnover_ewstock,adj_turnover_ewstock_ma_*,12,True,-2.48092e-05,-0.000128008,6.62285e-05,36,0.0272109,-0.0414114,0.517007,6.42148e-06,,5.31418e-05,4.9668e-06,-0.000228032,0.000147151,-0.000145223,7.37517e-05,-8.29895e-05,8.07851e-05,4.47906e-05,-9.38767e-05
all_features,xgb,perm_p1_mse,series,buyturnover_ewstock,adj_buyturnover_ewstock_ma_*,12,True,-6.09398e-05,-0.000145301,1.49858e-05,45,0.0408163,-0.101721,0.435374,-1.84911e-05,,-0.000153228,2.97636e-05,-0.000102115,1.32225e-05,-9.38402e-05,-0.000119021,-2.40625e-05,-1.16178e-06,-5.73087e-05,-8.33029e-05
all_features,xgb,perm_p1_mse,series,sellturnover_ewstock,adj_sellturnover_ewstock_ma_*,12,True,-3.7834e-05,-0.000146852,5.22234e-05,41,0.0272109,-0.0631524,0.55102,1.42659e-05,,-0.000384916,-2.20306e-05,-0.000109096,8.79852e-05,6.00924e-05,3.52514e-06,-0.000132124,7.19802e-05,-4.05207e-05,-7.45374e-05
all_features,xgb,perm_p1_mse,series,effspread_ewstock,adj_effspread_ewstock_ma_*,12,True,9.56288e-06,-7.68169e-05,8.18283e-05,23,0.0204082,0.0159623,0.503401,4.01955e-07,1.53875,-4.29823e-06,-0.00017366,0.000173765,6.18858e-05,-6.07973e-06,-6.11208e-05,0.000223362,-0.000151515,1.08796e-05,6.46281e-05
all_features,xgb,perm_p1_mse,series,spread_ewstock,adj_spread_ewstock_ma_*,12,True,-6.05522e-05,-0.000169126,2.16014e-05,44,0.0204082,-0.101074,0.44898,-2.7389e-06,,9.48723e-05,9.94372e-06,-0.00021499,-2.93136e-05,-4.04653e-05,-0.000133604,9.15604e-06,5.24042e-05,-0.000143498,-6.07883e-05
all_features,xgb,perm_p1_mse,series,sumret2_vwstock,adj_sumret2_vwstock_ma_*,12,True,-2.67491e-05,-0.000120009,4.7988e-05,37,0.0136054,-0.0446495,0.462585,0,,-0.000109443,1.22422e-06,-0.000129835,4.39186e-05,-2.8325e-05,-2.91292e-06,4.94122e-05,8.08378e-05,-1.88531e-05,-6.76341e-05
all_features,xgb,perm_p1_mse,series,sumret3_vwstock,adj_sumret3_vwstock_ma_*,12,True,-0.000161666,-0.000576578,0.000175377,48,0.0340136,-0.269853,0.544218,7.8165e-06,,0.000368139,5.33192e-05,-0.000869588,7.70382e-06,-7.56723e-05,-0.000312603,0.000168747,-6.38812e-05,-0.000108677,-0.000220262
all_features,xgb,perm_p1_mse,series,sumret4_vwstock,adj_sumret4_vwstock_ma_*,12,True,1.77908e-05,-3.16503e-05,5.62888e-05,19,0.0136054,0.0296963,0.537415,4.26142e-06,0.355934,-0.000151755,2.2704e-05,4.43394e-05,-3.65249e-06,8.87808e-05,3.55687e-05,-1.6448e-05,3.73452e-05,5.53032e-05,-6.52092e-06
all_features,xgb,perm_p1_mse,series,sumabsret_vwstock,adj_sumabsret_vwstock_ma_*,12,True,7.5836e-05,-0.000388839,0.000461353,10,0.272109,0.126585,0.578231,0.000154987,0.954056,-0.000592453,-0.000312091,-0.000675719,0.000625398,0.000239527,0.000624371,0.000837618,-0.000104003,0.000209303,7.55535e-05
all_features,xgb,perm_p1_mse,series,sumbipow_vwstock,adj_sumbipow_vwstock_ma_*,12,True,3.88647e-05,-7.63249e-05,0.00015855,15,0.0204082,0.0648728,0.462585,-4.16506e-06,0.774204,0.000332154,-9.2261e-05,-0.000113057,0.000311877,-3.63368e-05,3.54833e-05,-0.000146727,0.000123788,-5.81955e-06,3.04163e-05
all_features,xgb,perm_p1_mse,series,sumpret2_vwstock,adj_sumpret2_vwstock_ma_*,12,True,1.59341e-05,-5.86184e-06,3.81415e-05,20,0,0.0265972,0.530612,1.00579e-05,0.289633,-3.04052e-07,4.1852e-05,2.5327e-05,7.42586e-06,2.74034e-05,-1.63841e-06,-2.613e-05,1.20664e-05,1.12182e-06,2.42018e-05
all_features,xgb,perm_p1_mse,series,turnover_vwstock,adj_turnover_vwstock_ma_*,12,True,-3.04894e-05,-0.000256846,0.000142777,39,0.0204082,-0.0508929,0.52381,1.61446e-06,,0.000282491,-0.000169403,0.00021439,0.000198568,-0.000480642,-8.18507e-05,-1.06748e-06,-0.00011386,8.47448e-05,-5.55883e-05
all_features,xgb,perm_p1_mse,series,buyturnover_vwstock,adj_buyturnover_vwstock_ma_*,12,True,-2.98469e-05,-0.000269237,0.000166375,38,0.0204082,-0.0498203,0.564626,1.01682e-05,,1.71847e-05,8.77794e-05,-0.000380849,0.000414944,-0.000398874,9.01192e-05,-2.99553e-06,-1.74691e-05,-9.00033e-06,-4.38797e-05
all_features,xgb,perm_p1_mse,series,sellturnover_vwstock,adj_sellturnover_vwstock_ma_*,12,True,0.000310482,-0.000498354,0.00116158,5,0.102041,0.518255,0.544218,2.06404e-05,0.988,0.000188826,-0.000371308,0.00203898,0.000263915,-0.000300321,9.77037e-05,3.82503e-05,-0.000491568,0.000431748,0.000530993
all_features,xgb,perm_p1_mse,series,effspread_vwstock,adj_effspread_vwstock_ma_*,12,True,-1.03049e-05,-7.29383e-05,5.1664e-05,33,0.0340136,-0.017201,0.435374,-1.7148e-05,,-3.10546e-05,4.88724e-05,7.51167e-05,3.65687e-05,-8.05901e-05,-5.09976e-05,-0.000238381,-0.00013106,1.55343e-05,1.93474e-05
all_features,xgb,perm_p1_mse,series,spread_vwstock,adj_spread_vwstock_ma_*,12,True,6.32584e-06,-2.6008e-05,3.9592e-05,24,0,0.0105591,0.496599,0,2.15508,-8.14363e-05,5.22611e-06,7.09709e-05,-3.44612e-05,8.16052e-06,2.90083e-05,1.27823e-06,-5.03934e-05,5.09313e-05,5.06155e-06
all_features,xgb,perm_p1_mse,series,stocktwits_attention,adj_stocktwits_attention_ma_*,12,True,7.59155e-05,-2.50713e-05,0.000192046,9,0.0680272,0.126718,0.489796,-6.63302e-06,0.451364,5.58158e-05,5.29881e-05,0.000266269,4.12989e-05,0.000152644,-9.82774e-05,4.09664e-08,-2.12504e-05,1.42898e-05,0.000138338
all_features,xgb,perm_p1_mse,series,stocktwits_sentiment,adj_stocktwits_sentiment_ma_*,12,True,-9.56962e-05,-0.000351704,0.000156213,46,0.163265,-0.159736,0.510204,3.21579e-06,,0.000525399,-0.000713009,0.000249171,-0.000345162,8.91049e-05,-0.000149746,0.000198238,-0.00030401,-0.000222876,3.58214e-05
all_features,xgb,perm_p1_mse,series,stocktwits_sentcount,adj_stocktwits_sentcount_ma_*,12,True,5.27355e-06,-0.000326523,0.000283984,25,0.176871,0.0088026,0.537415,1.50764e-05,8.24091,0.000992496,-0.000743572,0.000183163,6.93658e-05,0.000225209,-0.000193424,1.23117e-05,-0.000588696,0.000158412,0.000138943
all_features,xgb,perm_p1_mse,series,vix,adj_vix_ma_*,12,True,5.8705e-05,4.33926e-06,0.000125344,11,0.0272109,0.0979902,0.37415,0,0.243463,0.000370948,0.000101163,-1.61426e-05,-9.70118e-06,7.60853e-05,-4.1545e-06,2.40739e-06,5.81899e-05,7.3081e-06,8.29316e-05
all_features,xgb,perm_p1_mse,series,vvix,adj_vvix_ma_*,12,True,-9.19394e-06,-0.000143528,0.000121518,32,0,-0.0153465,0.442177,0,,0.000496892,-2.80275e-05,-0.000235381,7.31096e-05,-0.000140569,1.24129e-05,2.26848e-05,0.000220897,-4.08839e-05,-7.39039e-05
all_features,xgb,perm_p1_mse,series,vix3m,adj_vix3m_ma_*,12,True,1.40202e-05,-2.7827e-05,6.50872e-05,21,0,0.0234024,0.29932,0,1.06638,-8.68201e-07,-6.58594e-05,0.000129998,1.34031e-05,1.09384e-05,-9.6056e-06,2.0865e-05,-3.75128e-05,4.67404e-05,1.65242e-05
all_features,xgb,perm_p1_mse,series,voldemand_spx_open_and_close,adj_voldemand_spx_open_and_close_ma_*,18,True,-2.09392e-05,-9.50477e-05,4.796e-05,35,0.0204082,-0.0349517,0.482993,0,,0.000104938,-6.73172e-05,-0.000250715,0.000101047,4.01901e-05,-1.88342e-06,1.19151e-05,-4.06988e-05,-3.30314e-05,-8.45079e-06
all_features,xgb,perm_p1_mse,series,voldemand_spx_open_only,adj_voldemand_spx_open_only_ma_*,18,True,2.6435e-05,-7.25064e-05,0.000133716,17,0.0612245,0.0441252,0.462585,0,0.628262,-0.000243032,0.000208564,-5.04713e-05,-0.000112689,0.000215163,1.27997e-05,-2.63502e-18,0.000147014,1.98699e-05,-1.2175e-05
all_features,xgb,perm_p1_mse,series,voldemand_all_open_and_close,adj_voldemand_all_open_and_close_ma_*,18,True,-3.08374e-06,-5.56466e-05,5.55093e-05,30,0.0136054,-0.00514737,0.421769,-6.93889e-18,,2.71885e-05,-3.0054e-05,3.1425e-05,4.01555e-05,-9.60469e-05,2.50629e-05,-5.05849e-06,3.85424e-05,0.000102845,-6.70372e-05
all_features,xgb,perm_p1_mse,series,voldemand_all_open_only,adj_voldemand_all_open_only_ma_*,18,True,5.27551e-05,-8.01839e-07,0.000111305,13,0.0408163,0.0880587,0.510204,6.93889e-18,0.328744,-1.08789e-05,0.0001202,0.000127041,-2.86529e-05,7.89422e-05,1.32307e-05,2.43117e-07,5.25195e-05,7.37474e-05,4.30142e-05
all_features,xgb,perm_p1_mse,series,ofi_ewstock,adj_ofi_ewstock_ma_*,12,True,4.97438e-05,-8.48185e-05,0.000175449,14,0.163265,0.0830323,0.55102,6.55665e-05,0.50894,0.000153837,-1.98032e-05,0.0003816,-4.32467e-05,9.00886e-05,-0.000229585,0.000107716,-1.9323e-05,-6.97505e-05,0.00012953
all_features,xgb,perm_p1_mse,series,ofi_vwstock,adj_ofi_vwstock_ma_*,12,True,5.59148e-05,-4.9872e-05,0.000167519,12,0.0544218,0.0933328,0.44898,-2.62164e-05,0.630555,0.000233937,0.000242889,-3.56171e-05,6.54429e-06,8.68069e-05,-1.5864e-05,-0.000277109,0.000299955,-0.000107193,4.78735e-05
all_features,xgb,perm_p1_mse,series,fomc_release,adj_fomc_release_ma_*,18,True,3.25645e-07,-3.06908e-06,4.0967e-06,27,0,0.000543565,0.0884354,0,4.58485,6.07378e-07,7.41241e-06,-5.40795e-06,-9.68627e-07,-9.29825e-07,1.19515e-06,-2.63502e-18,7.98249e-06,1.57785e-06,-2.90707e-06
all_features,xgb,perm_p1_mse,series,fomc_day,adj_fomc_day_ma_*,18,True,-7.11726e-06,-3.11943e-05,1.09176e-05,31,0,-0.0118801,0.360544,0,,-8.9125e-05,-2.6637e-05,6.04177e-06,-1.8219e-06,1.57301e-05,1.22764e-05,-2.63502e-18,-7.1083e-05,-2.80253e-06,1.29755e-05
all_features,xgb,perm_p1_mse,series,fomc_until_inv,adj_fomc_until_inv_ma_*,12,True,4.41617e-08,-5.0772e-05,5.3092e-05,28,0.0408163,7.37146e-05,0.455782,0,201.161,-0.00013294,-3.45356e-05,-1.26648e-06,-5.55502e-05,0.000168746,-6.49132e-06,-4.19639e-07,-3.30623e-05,-4.45674e-05,3.23622e-05
all_features,xgb,perm_p1_mse,series,fomc_since_inv,adj_fomc_since_inv_ma_*,12,True,1.32423e-05,-4.10289e-05,6.69162e-05,22,0.0408163,0.0221039,0.44898,0,0.990458,-7.89066e-05,-7.22529e-05,0.00015001,2.92861e-05,4.77046e-05,-3.30145e-05,-2.63502e-18,-5.95806e-05,-5.62372e-05,7.09251e-05
all_features,xgb,perm_p1_mse,series,calendar,"calendar (DOW_*, is_*, ...)",16,True,0.00140661,0.000894889,0.0019629,3,0.285714,2.34791,0.585034,5.97072e-05,0.0956116,0.00279243,0.000974431,0.00191895,0.000917219,0.000614555,0.00185464,0.00156458,0.000959475,0.00153473,0.00150123
all_features,xgb,perm_p1_mse,cluster,C01,C01: sumret3_ewstock_avail_ma_625 +1,2,True,9.8229e-06,-1.88023e-06,2.16935e-05,55,0,0.0163964,0.360544,0,0.285863,-5.27154e-06,-1.58161e-06,1.42014e-06,1.77113e-05,3.58881e-05,8.27762e-06,-3.7715e-06,2.4791e-06,-5.31082e-07,1.72061e-05
all_features,xgb,perm_p1_mse,cluster,C02,C02: sumret2_ewstock_avail_ma_625 +21,22,True,1.00671e-05,-1.24933e-05,3.76102e-05,54,0,0.016804,0.360544,0,0.815454,2.8333e-05,3.46443e-06,2.89816e-06,6.57079e-06,2.45079e-05,2.85886e-05,-6.88198e-05,5.45417e-05,-3.83083e-05,1.73281e-05
all_features,xgb,perm_p1_mse,cluster,C03,C03: adj_fomc_since_inv_ma_1 +3,4,True,-4.97291e-06,-4.3967e-05,3.19373e-05,120,0.0204082,-0.00830078,0.414966,0,,-3.5637e-05,-2.73184e-05,6.86918e-05,3.73211e-06,1.02103e-05,-6.49126e-05,-2.63502e-18,-5.06408e-05,-6.3976e-05,3.84211e-05
all_features,xgb,perm_p1_mse,cluster,C04,C04: adj_fomc_until_inv_ma_1 +2,3,True,-5.41837e-07,-2.95268e-05,2.65099e-05,101,0.00680272,-0.000904432,0.455782,0,,-6.23402e-05,-1.20655e-05,-3.39834e-05,4.08292e-05,6.27143e-05,-2.74673e-05,-9.85989e-07,-7.59914e-06,-4.15508e-05,2.10859e-05
all_features,xgb,perm_p1_mse,cluster,C05,C05: fomc_day_active_ma_1 +2,3,True,0,0,0,83,0,0,0,0,,0,0,0,0,0,0,0,0,0,0
all_features,xgb,perm_p1_mse,cluster,C06,C06: adj_fomc_day_ma_1 +2,3,True,1.84766e-06,-2.94121e-06,7.25444e-06,70,0,0.00308411,0.0204082,0,1.05052,-1.05473e-06,0,0,0,1.14053e-05,2.77556e-19,0,-7.46531e-06,0,5.93149e-06
all_features,xgb,perm_p1_mse,cluster,C07,C07: sumret3_ewstock_avail_ma_25 +1,2,True,-1.29898e-19,-3.65832e-19,0,91,0,-2.16825e-16,0.00680272,0,,-1.06752e-18,-2.0016e-19,0,0,0,0,0,6.19544e-20,-1.83084e-19,-1.71331e-19
all_features,xgb,perm_p1_mse,cluster,C08,C08: sumret2_ewstock_avail_ma_1 +47,48,True,0,0,0,83,0,0,0,0,,0,0,0,0,0,0,0,0,0,0
all_features,xgb,perm_p1_mse,cluster,C09,C09: sumret2_ewstock_avail_ma_25 +21,22,True,-4.72355e-20,-1.41803e-19,0,90,0,-7.88454e-17,0,0,,0,-2.66881e-19,0,0,0,0,0,0,-1.83084e-19,0
all_features,xgb,perm_p1_mse,cluster,C10,C10: is_quad_witch +1,2,True,2.44687e-06,2.67736e-07,5.32225e-06,67,0,0.00408431,0.115646,0,0.478188,0,-1.79135e-06,5.45746e-07,4.28136e-06,6.87531e-06,2.51607e-06,6.39982e-06,-4.58054e-07,3.07396e-06,3.15763e-06
all_features,xgb,perm_p1_mse,cluster,C11,C11: adj_sumabsret_ewstock_ma_3125 +1,2,True,-4.34469e-06,-1.10266e-05,1.65855e-06,119,0,-0.00725214,0.217687,0,,-1.23032e-05,1.33317e-06,1.12107e-05,-1.75318e-05,-3.40607e-06,-1.13008e-05,1.61293e-06,-6.50128e-06,1.82398e-06,-6.48553e-06
all_features,xgb,perm_p1_mse,cluster,C12,C12: adj_sumabsret_ma_3125 +3,4,True,-2.22712e-05,-7.1653e-05,1.02822e-05,151,0,-0.0371751,0.292517,0,,1.63123e-05,-1.03373e-05,-0.00010523,-9.45421e-06,6.67971e-06,-2.00513e-05,-1.71307e-06,-1.50547e-05,-1.93775e-05,-2.61198e-05
all_features,xgb,perm_p1_mse,cluster,C13,C13: adj_sumret4_ewstock_ma_3125 +1,2,True,-8.66924e-07,-1.1865e-05,9.88512e-06,104,0,-0.00144707,0.156463,0,,-1.29168e-05,2.18448e-06,8.72145e-06,7.43539e-06,1.4877e-05,-2.892e-05,-8.74365e-06,-8.86051e-06,-1.64852e-05,9.20412e-06
all_features,xgb,perm_p1_mse,cluster,C14,C14: adj_sumret2_ewstock_ma_3125 +5,6,True,-5.07219e-06,-2.82109e-05,2.40269e-05,121,0,-0.00846648,0.258503,0,,-3.92289e-05,-1.0675e-05,4.84677e-05,-8.74793e-06,-2.18785e-05,-1.67372e-05,1.87585e-06,-1.10641e-05,-4.56072e-06,-3.24022e-06
all_features,xgb,perm_p1_mse,cluster,C15,C15: adj_vvix_ma_1 +3,4,True,-1.99254e-06,-0.000147497,0.000129546,112,0,-0.00332595,0.380952,0,,0.000500226,2.61978e-05,-0.000312503,7.17352e-05,-8.79328e-05,2.8228e-05,4.43372e-06,0.00024585,-2.68439e-05,-7.60384e-05
all_features,xgb,perm_p1_mse,cluster,C16,C16: adj_vix_ma_3125 +1,2,True,1.40627e-05,-3.49811e-07,3.90938e-05,46,0,0.0234735,0.115646,0,0.801014,3.53847e-05,-8.9196e-07,6.50567e-05,1.11022e-18,3.46945e-19,1.03399e-07,-2.63502e-18,-8.28248e-07,1.42731e-07,2.57234e-05
all_features,xgb,perm_p1_mse,cluster,C17,C17: adj_vix_ma_1 +9,10,True,3.7173e-05,-2.86123e-05,0.000107698,26,0,0.0620491,0.408163,0,0.532482,0.000380349,1.42543e-05,-5.52621e-05,2.71578e-05,5.74645e-05,-2.22848e-05,-3.96414e-06,5.95467e-05,-5.29224e-05,7.15947e-05
all_features,xgb,perm_p1_mse,cluster,C18,C18: adj_sumautocov_ma_625 +1,2,True,9.47866e-07,-2.96011e-05,2.78132e-05,72,0,0.00158218,0.217687,0,8.42091,9.03846e-05,-2.76907e-07,-5.95486e-05,9.36166e-06,9.99883e-06,-1.05532e-06,3.19943e-07,1.35048e-05,1.8371e-06,-3.80888e-06
all_features,xgb,perm_p1_mse,cluster,C19,C19: stocktwits_attention_avail_ma_1 +1,2,True,0,0,0,83,0,0,0,0,,0,0,0,0,0,0,0,0,0,0
all_features,xgb,perm_p1_mse,cluster,C20,C20: adj_voldemand_spx_open_only_ma_125 +1,2,True,-7.59467e-06,-4.51372e-05,2.24713e-05,129,0,-0.012677,0.346939,0,,6.26655e-05,-8.67775e-07,4.30199e-06,-8.81073e-05,-1.10327e-06,8.59875e-06,-2.63502e-18,-2.17778e-06,1.81973e-05,-2.15353e-05
all_features,xgb,perm_p1_mse,cluster,C21,C21: adj_voldemand_spx_open_only_ma_625 +1,2,True,1.03876e-05,-1.39209e-05,4.11829e-05,53,0.00680272,0.017339,0.190476,0,1.21995,-5.38275e-05,-4.2144e-06,6.73444e-05,1.20773e-05,1.39893e-05,4.85723e-19,-2.63502e-18,-2.69402e-06,1.52136e-05,1.26516e-05
all_features,xgb,perm_p1_mse,cluster,C22,C22: adj_voldemand_spx_open_only_ma_3125 +1,2,True,2.34154e-06,-6.72073e-07,6.7669e-06,68,0,0.0039085,0.108844,0,0.841349,-1.06752e-18,-1.4774e-06,1.10955e-05,2.33477e-06,1.23681e-06,6.28322e-07,-2.63502e-18,5.61002e-07,1.33532e-06,3.42785e-06
all_features,xgb,perm_p1_mse,cluster,C23,C23: adj_stocktwits_sentiment_ma_25 +1,2,True,2.69624e-05,-1.18713e-05,6.93806e-05,35,0,0.0450055,0.469388,0,0.671158,0.000201883,-3.08531e-05,4.40173e-05,7.7849e-06,1.77972e-05,2.05621e-06,4.3934e-05,4.55361e-05,-1.73522e-05,4.12767e-05
all_features,xgb,perm_p1_mse,cluster,C24,C24: adj_ofi_ewstock_ma_625 +1,2,True,-1.92336e-05,-5.69396e-05,1.05449e-05,146,0,-0.0321047,0.414966,0,,4.52075e-05,-2.55593e-05,-6.37173e-05,-8.61478e-06,-4.03621e-05,1.30024e-05,-3.24408e-05,2.35493e-05,-9.93861e-06,-3.83719e-05
all_features,xgb,perm_p1_mse,cluster,C25,C25: adj_ofi_ewstock_ma_125 +1,2,True,7.62539e-05,-1.42595e-05,0.000178324,16,0.0612245,0.127283,0.414966,0,0.434191,5.59537e-05,0.000315578,6.63461e-05,4.76677e-05,0.000101597,-9.93586e-05,-8.06361e-05,0.00011629,1.0512e-05,9.31749e-05
all_features,xgb,perm_p1_mse,cluster,C26,C26: adj_sumret3_ewstock_ma_625 +1,2,True,-1.27405e-05,-4.7292e-05,2.06883e-05,135,0,-0.0212664,0.353741,0,,9.35627e-05,-2.18055e-05,-7.48607e-05,2.85404e-05,-2.96927e-05,-2.30265e-05,-5.6918e-06,-1.70824e-06,-7.10046e-05,1.07077e-05
all_features,xgb,perm_p1_mse,cluster,C27,C27: adj_sumret3_ewstock_ma_125 +1,2,True,-1.27965e-05,-0.000289461,0.000223356,136,0.0204082,-0.0213599,0.435374,0,,0.000721021,7.031e-05,-0.000611848,1.3975e-05,6.6872e-05,5.41142e-05,-0.000146705,-1.92918e-05,7.79379e-05,-5.3006e-05
all_features,xgb,perm_p1_mse,cluster,C28,C28: adj_sumret3_ewstock_ma_25 +1,2,True,-0.000322881,-0.000894624,1.06375e-05,166,0.0136054,-0.538952,0.503401,4.23443e-07,,-0.000328462,-3.85489e-06,-0.001486,-2.08105e-05,-8.62765e-06,-0.000221461,4.57606e-05,-0.000117461,-0.000106437,-0.000495164
all_features,xgb,perm_p1_mse,cluster,C29,C29: adj_stocktwits_sentcount_ma_5 +1,2,True,-5.75717e-05,-0.000309792,0.000160029,161,0.0748299,-0.0960985,0.52381,9.31524e-06,,0.000457762,-0.000631033,0.00011263,2.45365e-05,0.000127184,-0.000200377,5.05494e-05,-0.000448746,4.04821e-05,3.17696e-05
all_features,xgb,perm_p1_mse,cluster,C30,C30: har_ma_625 +2,3,True,-2.62856e-05,-0.000109798,4.70871e-05,153,0.00680272,-0.0438759,0.455782,0,,5.62266e-05,-0.000106895,-0.0002069,-1.92181e-05,0.00012633,-2.31811e-07,8.70213e-05,-5.6646e-05,1.51013e-05,-3.51557e-05
all_features,xgb,perm_p1_mse,cluster,C31,C31: adj_voldemand_spx_open_only_ma_1 +1,2,True,5.13709e-05,-1.6071e-06,0.000112193,22,0.0272109,0.0857481,0.482993,0,0.40926,0.000131648,0.000224169,-5.41767e-05,-7.04598e-06,5.0537e-05,1.1354e-05,-1.28439e-06,0.000161687,3.55546e-05,2.06372e-05
all_features,xgb,perm_p1_mse,cluster,C32,C32: adj_voldemand_spx_open_only_ma_5 +1,2,True,3.61805e-05,-3.75825e-05,0.00012304,29,0.0204082,0.0603924,0.421769,0,0.660639,-0.000204977,8.59878e-05,2.09943e-06,3.73568e-05,0.000172471,1.78301e-05,-2.63502e-18,8.57401e-05,2.26539e-05,2.53779e-05
all_features,xgb,perm_p1_mse,cluster,C33,C33: adj_voldemand_spx_open_only_ma_25 +1,2,True,-1.51989e-05,-3.61656e-05,5.91699e-06,141,0,-0.02537,0.367347,0,,-7.63257e-05,8.24379e-06,-4.26253e-05,-1.82217e-05,8.62658e-06,-5.97248e-06,-2.63502e-18,-2.89338e-06,-1.27183e-06,-2.59691e-05
all_features,xgb,perm_p1_mse,cluster,C34,C34: adj_voldemand_spx_open_and_close_ma_1 +1,2,True,-2.04451e-06,-3.49222e-05,2.9583e-05,113,0,-0.00341269,0.44898,0,,4.77509e-05,-1.36165e-05,-3.15384e-06,-2.08651e-05,-2.2016e-05,2.46256e-05,-4.03013e-06,2.12088e-05,2.69963e-05,-2.36709e-05
all_features,xgb,perm_p1_mse,cluster,C35,C35: adj_voldemand_spx_open_and_close_ma_5 +1,2,True,-2.57093e-05,-7.73109e-05,1.86811e-05,152,0,-0.0429139,0.421769,0,,0.000157405,-3.04558e-06,-0.000193955,-4.10425e-05,-8.4402e-06,8.12987e-06,1.75869e-05,-4.99513e-06,1.20526e-05,-5.05386e-05
all_features,xgb,perm_p1_mse,cluster,C36,C36: adj_voldemand_spx_open_and_close_ma_25 +1,2,True,-2.11813e-05,-5.11017e-05,7.40758e-06,149,0,-0.0353558,0.37415,-3.46945e-18,,-0.00012059,-4.64436e-05,-5.17239e-05,-5.52585e-06,4.87104e-05,-4.64536e-06,-8.4912e-07,-1.18953e-05,-1.95352e-05,-2.51615e-05
all_features,xgb,perm_p1_mse,cluster,C37,C37: adj_voldemand_spx_open_and_close_ma_125 +1,2,True,4.78266e-05,2.66005e-06,9.56041e-05,23,0,0.079832,0.455782,0,0.292973,0.000173269,7.23063e-05,8.50846e-05,1.24352e-05,-1.80739e-05,3.62846e-05,-2.63502e-18,3.29533e-05,5.79791e-05,4.82176e-05
all_features,xgb,perm_p1_mse,cluster,C38,C38: adj_voldemand_spx_open_and_close_ma_625 +1,2,True,1.59385e-05,-1.27103e-05,5.20664e-05,43,0,0.0266046,0.231293,0,0.866096,-3.49921e-05,-1.92664e-05,8.11603e-05,6.99645e-05,-2.14757e-05,2.23886e-06,-2.63502e-18,6.22866e-07,-6.4103e-06,3.16899e-05
all_features,xgb,perm_p1_mse,cluster,C39,C39: adj_voldemand_spx_open_and_close_ma_3125 +1,2,True,1.17486e-06,-8.02082e-07,4.04638e-06,71,0,0.00196108,0.115646,0,1.09564,-1.06752e-18,-2.07831e-06,8.70792e-07,2.29581e-07,7.0393e-06,4.85723e-19,2.92808e-06,-2.04955e-06,6.98764e-07,2.51224e-06
all_features,xgb,perm_p1_mse,cluster,C40,C40: adj_spread_ewstock_ma_1 +1,2,True,-7.88726e-05,-0.000214662,9.27809e-07,163,0,-0.131654,0.414966,0,,1.9219e-05,-4.47479e-06,-0.000335365,-4.40046e-05,-4.24643e-05,-4.25233e-05,-1.40446e-05,1.45329e-06,-1.22282e-05,-0.000137823
all_features,xgb,perm_p1_mse,cluster,C41,C41: adj_effspread_ewstock_ma_1 +1,2,True,-8.63515e-06,-8.59478e-05,4.59402e-05,130,0.00680272,-0.0144138,0.442177,0,,-2.4314e-05,-0.00016184,7.72061e-05,1.29684e-05,-2.15242e-05,-7.19517e-06,0.000217601,-0.000142467,4.07697e-05,1.45111e-05
all_features,xgb,perm_p1_mse,cluster,C42,C42: adj_effspread_vwstock_ma_1 +1,2,True,-9.12874e-07,-4.94004e-05,5.11268e-05,105,0.00680272,-0.00152377,0.401361,0,,6.01828e-05,-3.40976e-05,0.000121839,-1.05428e-05,-2.76649e-05,-2.8374e-06,-0.000259467,-6.14873e-05,-6.76918e-06,2.27666e-05
all_features,xgb,perm_p1_mse,cluster,C43,C43: adj_spread_vwstock_ma_1 +1,2,True,-6.44325e-06,-3.80122e-05,2.0402e-05,125,0,-0.0107551,0.367347,0,,-2.60171e-05,3.18798e-06,2.67708e-05,-2.36393e-05,-7.18118e-05,3.8387e-05,8.37405e-06,-3.94254e-05,4.67941e-05,-1.99518e-05
all_features,xgb,perm_p1_mse,cluster,C44,C44: adj_numobs_ma_1 +3,4,True,-1.19469e-07,-3.5865e-07,4.24837e-19,95,0,-0.000199417,0.0612245,0,,-1.35e-06,-7.33921e-19,-1.38778e-19,1.11022e-18,3.46945e-19,4.85723e-19,-2.63502e-18,-6.26784e-07,0,0
all_features,xgb,perm_p1_mse,cluster,C45,C45: adj_stocktwits_attention_ma_1 +1,2,True,4.44431e-05,-4.8228e-06,9.37204e-05,24,0.0272109,0.0741843,0.496599,0,0.302833,0.000109261,-6.7826e-06,0.000139631,5.94343e-05,3.99906e-05,-3.43335e-05,2.10865e-05,4.65634e-05,1.90628e-05,5.55857e-05
all_features,xgb,perm_p1_mse,cluster,C46,C46: har_ma_25 +3,4,True,0.00275889,0.00159768,0.0038624,2,0.557823,4.60514,0.673469,0.00121862,0.104511,0.00383937,0.00246328,0.00263699,0.00678414,0.00115946,0.000403271,0.00211744,0.000520264,0.00114694,0.00428697
all_features,xgb,perm_p1_mse,cluster,C47,C47: adj_turnover_ewstock_ma_1 +5,6,True,-0.000166462,-0.000384247,1.55484e-05,165,0.00680272,-0.277858,0.557823,3.46401e-05,,-0.000541517,-8.33929e-05,-0.000401263,8.34907e-05,-9.78601e-05,-0.000132771,-0.000194341,-7.79911e-05,-0.0001104,-0.000223276
all_features,xgb,perm_p1_mse,cluster,C48,C48: adj_sumvolume_ma_1 +1,2,True,0.000990691,0.000314249,0.00174011,4,0.394558,1.65366,0.619048,0.000359343,0.162994,0.00167457,-0.000875664,0.000910916,0.00216209,0.000535599,0.00206696,0.00058751,0.000676358,0.000841815,0.00116901
all_features,xgb,perm_p1_mse,cluster,C49,C49: har_ma_1 +3,4,True,0.0554927,0.0448825,0.0674146,1,0.945578,92.6283,0.945578,0.0316814,0.0620218,0.0853946,0.0401213,0.073584,0.0702081,0.0445646,0.045238,0.0200926,0.0512056,0.0509344,0.0591075
all_features,xgb,perm_p1_mse,cluster,C50,C50: adj_sumabsret_ewstock_ma_1 +3,4,True,0.000588532,-0.000250337,0.00132651,7,0.421769,0.982376,0.666667,0.000807797,0.164768,-9.31056e-05,0.000182854,-0.000208352,0.00145849,7.34697e-05,0.00138101,0.00193623,0.000472775,0.00074703,0.000554385
all_features,xgb,perm_p1_mse,cluster,C51,C51: adj_sumabsret_ma_1 +7,8,True,0.000643111,-0.000301952,0.00161109,6,0.238095,1.07348,0.578231,0.000127244,0.322045,0.00415672,-0.000845818,0.000546505,0.00216253,-0.000572225,0.00115487,-0.00251458,-0.000356238,0.00044339,0.00108201
all_features,xgb,perm_p1_mse,cluster,C52,C52: sumret2_ewstock_avail_ma_125 +23,24,True,-9.70553e-07,-5.75199e-06,2.1994e-06,106,0,-0.00162004,0.0408163,0,,-3.39613e-06,-8.68423e-06,5.09462e-06,0,0,0,0,0,4.03481e-06,-3.64807e-06
all_features,xgb,perm_p1_mse,cluster,C53,C53: adj_stocktwits_attention_ma_125 +1,2,True,-3.08988e-05,-8.34591e-05,9.11736e-06,155,0,-0.0515762,0.428571,-3.46945e-18,,6.05794e-05,-0.000184022,1.50265e-05,-1.77144e-05,9.94801e-06,-3.40433e-05,1.61505e-05,-0.000163756,-4.83634e-05,2.3199e-05
all_features,xgb,perm_p1_mse,cluster,C54,C54: adj_stocktwits_attention_ma_625 +1,2,True,1.11283e-05,-1.70454e-05,4.30335e-05,52,0.00680272,0.0185753,0.408163,0,0.824131,-4.70066e-05,4.40514e-05,4.54826e-05,6.3612e-07,4.09145e-05,-3.22044e-05,-3.42056e-05,-2.12767e-05,-1.64083e-05,3.52144e-05
all_features,xgb,perm_p1_mse,cluster,C55,C55: vix3m_avail_ma_625 +1,2,True,-4.31821e-07,-5.68114e-06,4.35541e-06,99,0,-0.000720795,0.122449,0,,-1.58058e-05,-1.45658e-06,-8.20005e-06,1.83523e-06,5.75965e-06,1.38717e-06,2.02989e-05,6.13889e-06,1.753e-06,-3.72546e-06
all_features,xgb,perm_p1_mse,cluster,C56,C56: vix_avail_ma_1 +4,5,True,0,0,0,83,0,0,0,0,,0,0,0,0,0,0,0,0,0,0
all_features,xgb,perm_p1_mse,cluster,C57,C57: adj_numobs_ma_3125 +33,34,True,2.18111e-05,-1.79683e-05,6.1089e-05,38,0,0.0364071,0.414966,0,0.482942,1.41114e-05,1.47337e-05,0.000125615,-5.52515e-05,3.31639e-05,1.97394e-06,-2.63502e-18,2.35947e-05,2.19244e-05,2.11415e-05
all_features,xgb,perm_p1_mse,cluster,C58,C58: adj_turnover_vwstock_ma_625 +2,3,True,8.64584e-06,-8.94185e-06,3.02301e-05,58,0.00680272,0.0144316,0.380952,0,1.01808,1.02024e-05,5.05589e-05,1.71819e-06,-1.49941e-05,1.19389e-05,-5.74658e-06,-2.63502e-18,-7.61718e-06,-2.43523e-05,2.97075e-05
all_features,xgb,perm_p1_mse,cluster,C59,C59: adj_turnover_ewstock_ma_3125 +7,8,True,-1.25818e-05,-5.03095e-05,3.63384e-05,134,0.00680272,-0.0210015,0.408163,0,,-9.90013e-05,-5.14771e-05,1.18725e-05,-8.22643e-05,0.000115424,-1.39462e-05,-2.63502e-18,-8.20714e-05,-1.80085e-05,1.39784e-05
all_features,xgb,perm_p1_mse,cluster,C60,C60: adj_turnover_ewstock_ma_625 +2,3,True,-3.51735e-06,-4.42451e-05,3.55086e-05,116,0.00680272,-0.00587115,0.394558,0,,-9.10024e-06,6.92505e-06,6.27814e-05,-2.23027e-05,-8.01431e-05,3.60741e-05,-6.18595e-05,2.60822e-06,1.85553e-05,-1.59626e-05
all_features,xgb,perm_p1_mse,cluster,C61,C61: adj_turnover_vwstock_ma_1 +5,6,True,0.000513061,-0.000263847,0.00129235,8,0.156463,0.856399,0.544218,1.80008e-05,0.712912,0.00018057,-0.000737875,0.00179841,0.00101399,0.000214261,0.000641459,6.36564e-05,-0.000393556,0.000579191,0.000795516
all_features,xgb,perm_p1_mse,cluster,C62,C62: adj_turnover_vwstock_ma_25 +5,6,True,6.18546e-06,-8.96021e-05,8.07356e-05,60,0.0272109,0.0103248,0.537415,9.97485e-06,1.95071,0.000152755,8.74108e-05,-4.46291e-06,7.59337e-05,-0.000217911,1.28027e-05,-1.12805e-06,0.000116811,-1.09002e-05,-2.40609e-05
all_features,xgb,perm_p1_mse,cluster,C63,C63: adj_turnover_ewstock_ma_125 +2,3,True,2.67086e-05,-2.08272e-05,7.53321e-05,36,0.0340136,0.044582,0.503401,2.20527e-06,0.320104,5.6917e-05,1.9892e-05,-2.97904e-05,8.13715e-05,1.53908e-05,4.52022e-05,-1.74645e-05,9.72861e-05,-8.6621e-06,1.88614e-05
all_features,xgb,perm_p1_mse,cluster,C64,C64: adj_turnover_ewstock_ma_25 +2,3,True,2.89734e-05,-1.53392e-05,7.46732e-05,32,0.00680272,0.0483623,0.52381,4.44407e-06,0.754586,2.5609e-05,6.18054e-05,-2.64708e-05,7.22297e-05,-5.24371e-06,3.44724e-05,5.5904e-05,7.58068e-05,7.40369e-05,-8.3012e-06
all_features,xgb,perm_p1_mse,cluster,C65,C65: sumret2_ewstock_avail_ma_3125 +21,22,True,-1.0399e-05,-3.95226e-05,1.39652e-05,132,0,-0.017358,0.244898,0,,-1.92046e-06,-6.48077e-07,-1.45241e-05,-5.74146e-05,2.60309e-05,-1.36186e-05,2.99311e-07,3.31456e-05,-3.71453e-05,-1.29368e-05
all_features,xgb,perm_p1_mse,cluster,C66,C66: voldemand_spx_open_and_close_active_ma_25 +15,16,True,-1.32203e-05,-7.18692e-05,4.2442e-05,137,0,-0.0220674,0.360544,0,,-3.85718e-05,-0.000109048,-6.09695e-06,3.62822e-05,1.65575e-05,9.04135e-06,-2.63502e-18,-6.50259e-06,-4.25194e-05,-1.83349e-06
all_features,xgb,perm_p1_mse,cluster,C67,C67: numobs_active_ma_625 +1,2,True,4.86656e-06,-2.06823e-06,1.23874e-05,65,0,0.00812325,0.204082,0,0.33291,-6.60089e-06,9.3208e-06,1.06818e-06,1.30845e-05,7.25847e-08,1.81181e-06,1.99293e-05,-5.85181e-06,7.02968e-06,7.55955e-06
all_features,xgb,perm_p1_mse,cluster,C68,C68: adj_effspread_ewstock_ma_3125 +1,2,True,5.31752e-06,-9.54334e-06,2.23177e-05,62,0,0.008876,0.251701,0,0.842348,3.02328e-05,5.88432e-06,2.25659e-06,1.88917e-05,-2.48046e-06,2.67425e-07,-3.01589e-05,6.18372e-06,1.21842e-05,1.80518e-06
all_features,xgb,perm_p1_mse,cluster,C69,C69: adj_sumret3_ewstock_ma_3125 +1,2,True,-4.4097e-05,-0.000116297,9.14707e-06,159,0.00680272,-0.0736066,0.29932,0,,-8.36826e-05,-8.34667e-05,-2.15524e-05,-4.75759e-06,-0.00012649,2.79477e-05,-1.24743e-05,-7.73217e-05,2.74115e-05,-6.60708e-05
all_features,xgb,perm_p1_mse,cluster,C70,C70: adj_spread_vwstock_ma_25 +1,2,True,1.43188e-05,-8.42216e-06,4.43657e-05,45,0,0.0239009,0.346939,0,0.354413,-6.16512e-06,4.19568e-06,7.51912e-05,-2.90501e-05,3.65123e-05,2.67631e-06,-7.43754e-06,-2.87704e-06,1.16961e-05,2.14901e-05
all_features,xgb,perm_p1_mse,cluster,C71,C71: vix_avail_ma_25 +3,4,True,-1.05646e-06,-1.42314e-05,1.33349e-05,108,0,-0.00176344,0.163265,0,,-5.2913e-05,-2.14467e-07,0,-6.79712e-06,3.3905e-05,-2.33831e-06,-1.02517e-05,-1.05328e-05,2.12888e-06,7.28897e-07
all_features,xgb,perm_p1_mse,cluster,C72,C72: sumret3_ewstock_avail_ma_3125 +1,2,True,1.43715e-05,-7.81682e-06,3.77065e-05,44,0,0.0239889,0.326531,0,0.401492,1.60415e-06,6.26277e-06,7.503e-06,-3.00904e-05,8.53588e-05,6.46641e-06,2.48785e-05,1.76905e-05,1.07154e-05,1.49349e-05
all_features,xgb,perm_p1_mse,cluster,C73,C73: stocktwits_sentiment_avail_ma_25 +7,8,True,-5.09182e-07,-1.52859e-06,3.57446e-20,100,0,-0.000849926,0.047619,0,,-1.06752e-18,-4.67041e-19,0,2.77556e-19,-2.99195e-06,3.46945e-19,-1.75668e-18,1.85863e-19,0,-9.23443e-07
all_features,xgb,perm_p1_mse,cluster,C74,C74: vvix_avail_ma_1 +5,6,True,6.16762e-06,-2.62442e-06,1.85959e-05,61,0,0.010295,0.183673,0,0.876659,-1.72179e-05,1.11027e-05,2.72376e-05,-2.66752e-07,1.9126e-06,4.764e-06,-2.63502e-18,1.59754e-07,1.01062e-05,6.40155e-06
all_features,xgb,perm_p1_mse,cluster,C75,C75: voldemand_spx_open_and_close_avail_ma_1 +23,24,True,-5.84544e-07,-9.37635e-06,6.38238e-06,103,0,-0.000975719,0.244898,0,,9.88882e-06,6.31947e-06,-1.85295e-05,9.55939e-06,9.72197e-06,-1.59011e-05,-2.63502e-18,2.79149e-06,-3.84873e-06,-2.24251e-07
all_features,xgb,perm_p1_mse,cluster,C76,C76: stocktwits_attention_avail_ma_3125 +8,9,True,1.09428e-08,-2.36338e-19,3.28957e-08,80,0,1.82657e-05,0.0612245,0,1,0,-5.33761e-19,-1.38778e-19,1.11022e-18,-6.93889e-20,6.43e-08,-8.78341e-19,3.71726e-19,4.24143e-08,4.28327e-20
all_features,xgb,perm_p1_mse,cluster,C77,C77: stocktwits_sentiment_avail_ma_5 +1,2,True,0,0,0,83,0,0,0,0,,0,0,0,0,0,0,0,0,0,0
all_features,xgb,perm_p1_mse,cluster,C78,C78: stocktwits_sentiment_avail_ma_1 +1,2,True,0,0,0,83,0,0,0,0,,0,0,0,0,0,0,0,0,0,0
all_features,xgb,perm_p1_mse,cluster,C79,C79: har_ma_3125 +1,2,True,-1.88601e-05,-6.05739e-05,1.34251e-05,145,0.00680272,-0.0314812,0.29932,0,,-2.03907e-05,-2.62916e-05,3.23913e-06,-3.14606e-05,-6.9172e-05,1.10151e-05,4.27305e-05,-3.23568e-05,9.86464e-06,-2.76349e-05
all_features,xgb,perm_p1_mse,cluster,C80,C80: adj_sumret4_ewstock_ma_625 +1,2,True,1.74708e-05,-5.50255e-06,4.43879e-05,42,0,0.0291623,0.278912,0,0.571495,-5.27897e-05,3.04294e-05,8.91247e-05,3.68654e-06,-3.94661e-06,1.08057e-05,-3.82197e-06,1.76778e-05,1.44191e-05,1.88272e-05
all_features,xgb,perm_p1_mse,cluster,C81,C81: adj_sumret4_ewstock_ma_25 +3,4,True,2.07966e-05,-1.87763e-05,6.22465e-05,39,0.0136054,0.0347137,0.537415,3.37167e-06,0.439299,8.24835e-05,5.99594e-06,8.7446e-07,-0.000111947,9.98958e-05,9.27792e-05,-2.69897e-05,0.000110945,4.16527e-05,-2.01245e-05
all_features,xgb,perm_p1_mse,cluster,C82,C82: adj_effspread_ewstock_ma_625 +2,3,True,3.74402e-07,-3.69885e-05,3.23324e-05,77,0,0.000624951,0.394558,0,10.9882,9.1689e-05,3.76022e-05,-5.43696e-05,-1.73911e-05,8.52887e-06,-1.51282e-05,-1.9698e-05,1.72643e-05,-6.6873e-05,2.60011e-05
all_features,xgb,perm_p1_mse,cluster,C83,C83: adj_sumabsret_ma_625 +3,4,True,2.50669e-05,-2.75948e-06,5.42442e-05,37,0.0204082,0.0418417,0.428571,0,0.288752,0.000101134,5.68212e-06,9.77557e-05,1.10902e-06,-2.14841e-05,1.5864e-05,-1.40841e-05,-1.33186e-05,2.55645e-05,3.81032e-05
all_features,xgb,perm_p1_mse,cluster,C84,C84: adj_sumret2_ewstock_ma_625 +7,8,True,-1.6467e-07,-4.13669e-05,3.95157e-05,97,0.0136054,-0.000274867,0.510204,1.05216e-06,,-6.87914e-05,3.71534e-06,3.86348e-05,-1.59308e-05,-8.68254e-06,2.61918e-07,5.27108e-05,4.63916e-05,-1.18582e-05,-1.07868e-05
all_features,xgb,perm_p1_mse,cluster,C85,C85: adj_sumret4_ewstock_ma_1 +1,2,True,-1.19575e-05,-4.40858e-05,1.71533e-05,133,0,-0.0199595,0.340136,0,,-3.88851e-05,-2.77045e-06,4.61245e-05,-5.18249e-06,-2.33079e-05,-6.48429e-06,-0.000184528,-5.82362e-05,1.03095e-05,-6.37881e-06
all_features,xgb,perm_p1_mse,cluster,C86,C86: adj_sumret4_ewstock_ma_5 +1,2,True,-1.55615e-06,-3.31172e-05,1.83932e-05,110,0,-0.00259752,0.340136,0,,-0.000160873,4.44191e-06,3.2936e-05,1.04143e-05,1.3035e-05,9.6859e-07,3.9673e-05,-4.11676e-06,1.88155e-05,-1.02029e-05
all_features,xgb,perm_p1_mse,cluster,C87,C87: adj_spread_ewstock_ma_25 +1,2,True,-2.0802e-06,-2.94248e-05,2.47145e-05,114,0.00680272,-0.00347227,0.408163,0,,-3.52083e-05,2.38426e-05,3.23095e-05,2.60816e-05,1.23874e-06,-8.41405e-05,1.83525e-05,-6.95004e-07,-6.08948e-05,2.49604e-05
all_features,xgb,perm_p1_mse,cluster,C88,C88: adj_effspread_ewstock_ma_125 +1,2,True,-2.00744e-05,-4.4451e-05,3.14386e-06,148,0,-0.0335082,0.401361,-5.85379e-07,,-3.4467e-05,-1.6954e-05,-4.27266e-05,3.89342e-05,-2.41776e-05,-4.88082e-05,-1.77978e-05,-6.50498e-05,-4.40593e-05,6.69518e-06
all_features,xgb,perm_p1_mse,cluster,C89,C89: adj_effspread_ewstock_ma_25 +1,2,True,5.26005e-06,-2.98749e-05,4.26176e-05,63,0,0.00878005,0.462585,-8.60607e-06,1.11552,-6.23278e-05,-3.32163e-06,5.2873e-05,5.57564e-05,1.15788e-05,-6.79269e-05,4.58595e-05,-6.48696e-05,-4.50048e-06,3.40694e-05
all_features,xgb,perm_p1_mse,cluster,C90,C90: adj_sumret2_ewstock_ma_5 +5,6,True,8.03883e-05,-1.89575e-05,0.000177255,15,0.00680272,0.134184,0.469388,0,0.326554,-0.000232552,7.48582e-05,4.66672e-05,0.000330829,9.30444e-05,8.68516e-05,-0.000132772,2.19924e-05,-1.09718e-05,0.000143322
all_features,xgb,perm_p1_mse,cluster,C91,C91: adj_sumpret2_ewstock_ma_1 +1,2,True,9.75138e-06,-1.30085e-05,3.56564e-05,56,0,0.016277,0.44898,0,0.887887,-4.09995e-05,2.34539e-05,6.88349e-05,-2.11848e-05,2.1319e-05,-1.08492e-05,-1.232e-05,1.67594e-05,-1.56851e-05,1.92306e-05
all_features,xgb,perm_p1_mse,cluster,C92,C92: adj_sumret2_ewstock_ma_1 +1,2,True,-1.42096e-05,-0.000104623,7.53614e-05,138,0.00680272,-0.0237186,0.469388,0,,0.000209279,-0.000105605,-0.000109949,2.15341e-05,-2.02419e-05,1.71526e-05,2.85233e-05,-1.55779e-05,-5.32926e-05,4.55044e-06
all_features,xgb,perm_p1_mse,cluster,C93,C93: adj_sumbipow_ewstock_ma_1 +1,2,True,-3.51836e-06,-0.000152999,0.000175092,117,0.0136054,-0.00587284,0.401361,-5.55489e-06,,0.000628562,-0.000163282,-0.000197834,0.000100807,-2.92204e-05,1.67503e-05,-0.000215871,0.000234975,-2.85232e-05,-7.42607e-05
all_features,xgb,perm_p1_mse,cluster,C94,C94: adj_sumabsret_ma_125 +3,4,True,-6.78104e-05,-0.000126883,-1.45363e-05,162,0,-0.113189,0.360544,-1.15865e-06,,-2.76893e-05,-0.000137032,-0.000123033,-2.4664e-05,-4.95662e-05,-6.38761e-05,6.20175e-05,-0.000267043,-6.41681e-06,-2.7666e-05
all_features,xgb,perm_p1_mse,cluster,C95,C95: adj_sumabsret_ma_25 +3,4,True,8.41611e-05,-1.31641e-05,0.000176652,14,0.0272109,0.140482,0.55102,8.07767e-06,0.271727,-6.35521e-05,0.000110302,-4.02338e-06,0.000327379,0.000199227,-0.000113779,1.28526e-05,4.57126e-05,-0.000140775,0.0002027
all_features,xgb,perm_p1_mse,cluster,C96,C96: adj_sumret2_ewstock_ma_125 +3,4,True,-1.96771e-05,-4.80824e-05,7.2777e-06,147,0.00680272,-0.0328449,0.455782,0,,4.23177e-05,-7.10679e-05,-5.99763e-06,7.93956e-06,-1.64646e-05,-5.3847e-05,1.47234e-05,-3.40311e-05,-1.73189e-05,-1.58186e-05
all_features,xgb,perm_p1_mse,cluster,C97,C97: adj_sumret2_vwstock_ma_125 +3,4,True,1.36593e-05,-1.63199e-05,4.48189e-05,47,0,0.0228001,0.496599,0,0.610367,-5.16289e-05,4.28863e-05,-2.56007e-05,2.47304e-05,2.3362e-05,3.08225e-05,2.90927e-05,3.52795e-05,-6.02177e-06,1.53945e-05
all_features,xgb,perm_p1_mse,cluster,C98,C98: adj_sumret2_ewstock_ma_25 +3,4,True,-4.10225e-05,-7.77712e-05,-2.85639e-06,158,0.0204082,-0.0684747,0.482993,0,,0.000101931,-3.38146e-05,-0.000114391,-4.91192e-05,-1.98614e-05,-6.31101e-05,-3.92521e-05,-1.29851e-05,-6.95306e-05,-3.73755e-05
all_features,xgb,perm_p1_mse,cluster,C99,C99: adj_sumret2_vwstock_ma_25 +3,4,True,3.69658e-05,-2.2359e-05,0.000103515,27,0,0.0617031,0.55102,8.23731e-06,0.838073,5.72558e-05,9.19184e-06,0.000120424,0.000110962,-8.68594e-05,2.5994e-05,2.32842e-05,2.75525e-05,-4.29239e-05,7.76002e-05
all_features,xgb,perm_p1_mse,cluster,C100,C100: adj_sumret3_ewstock_ma_1 +1,2,True,3.83339e-05,-2.41569e-05,0.000121621,25,0.0136054,0.0639869,0.530612,6.61061e-06,0.634699,4.4896e-05,7.85032e-06,2.12988e-05,-5.18123e-05,0.00016874,-1.74136e-06,0.000181187,7.27682e-05,-8.0599e-06,4.81385e-05
all_features,xgb,perm_p1_mse,cluster,C101,C101: adj_sumret3_ewstock_ma_5 +1,2,True,-3.45825e-05,-0.0001122,2.4672e-05,156,0.00680272,-0.057725,0.530612,7.07644e-06,,-7.47415e-05,-0.000127618,4.71233e-05,-2.71575e-05,1.29232e-05,-9.02284e-06,-0.000175583,2.49814e-06,-5.83844e-05,-3.62636e-05
all_features,xgb,perm_p1_mse,cluster,adj_sumret_ma_1,adj_sumret_ma_1,1,True,0.000230786,-0.000115717,0.000586745,9,0.231293,0.385227,0.537415,2.26449e-05,0.309922,0.000718005,-0.000137112,0.000688655,0.000232116,0.000404321,-0.000145539,-0.00017159,-0.000340426,0.000358166,0.00036864
all_features,xgb,perm_p1_mse,cluster,adj_sumret_ma_5,adj_sumret_ma_5,1,True,0.00068329,2.56229e-05,0.00139118,5,0.367347,1.14055,0.639456,0.000347809,0.197768,0.00129741,0.000226308,0.00189682,0.000605905,0.000789303,-0.000240739,0.000169953,0.000358332,0.000809139,0.000736736
all_features,xgb,perm_p1_mse,cluster,adj_sumret_ma_25,adj_sumret_ma_25,1,True,0.000118115,-0.000186424,0.000421305,12,0.14966,0.197157,0.537415,1.79116e-05,0.563318,0.000255519,-0.000858251,0.000275257,0.000357544,0.000475898,8.54547e-05,0.000821524,-0.000522822,0.000171229,0.000314821
all_features,xgb,perm_p1_mse,cluster,adj_sumret_ma_125,adj_sumret_ma_125,1,True,0.000163005,-0.000785398,0.00134392,10,0.0544218,0.272088,0.44898,0,2.79864,0.00524084,-0.00103736,-0.000427728,0.000509427,-0.000897061,0.000111416,4.8688e-05,0.00153226,0.000204399,-0.000329685
all_features,xgb,perm_p1_mse,cluster,adj_sumret_ma_625,adj_sumret_ma_625,1,True,-7.15781e-06,-8.04678e-05,6.11422e-05,128,0.0204082,-0.0119478,0.44898,0,,0.00017863,-0.000139653,-9.0009e-06,-2.12078e-05,-9.56022e-06,5.48559e-05,-1.51728e-05,-0.000104635,-2.96538e-05,3.70638e-05
all_features,xgb,perm_p1_mse,cluster,adj_sumret_ma_3125,adj_sumret_ma_3125,1,True,-1.74937e-05,-4.23185e-05,4.33381e-06,143,0,-0.0292004,0.231293,0,,2.62124e-05,-2.80541e-05,-5.22747e-05,-1.27141e-05,-1.21007e-05,-1.41369e-05,1.25931e-05,-3.81848e-05,-1.29146e-05,-1.24837e-05
all_features,xgb,perm_p1_mse,cluster,adj_sumret3_ma_1,adj_sumret3_ma_1,1,True,-1.49701e-05,-0.000124151,8.49742e-05,140,0.00680272,-0.024988,0.55102,1.2798e-05,,0.000245861,0.000136051,-0.00014188,-8.87419e-05,-3.63881e-05,-4.82376e-05,-0.000133091,8.43805e-05,-1.92359e-05,-4.73175e-05
all_features,xgb,perm_p1_mse,cluster,adj_sumret3_ma_5,adj_sumret3_ma_5,1,True,-6.64478e-06,-8.88363e-05,8.36375e-05,127,0.0204082,-0.0110914,0.482993,-1.38709e-06,,0.000317132,-6.61539e-05,-8.29188e-05,1.87583e-05,1.15323e-05,-5.70251e-05,-8.06968e-05,-0.000176538,1.01097e-05,4.42442e-05
all_features,xgb,perm_p1_mse,cluster,adj_sumret3_ma_25,adj_sumret3_ma_25,1,True,1.16439e-05,-8.00329e-05,8.39406e-05,50,0.0272109,0.0194359,0.510204,5.72714e-08,0.833747,8.42041e-05,-5.05915e-05,-0.000102002,6.58058e-05,-4.49081e-05,9.40884e-05,0.000203367,0.000148463,5.76399e-05,-5.71732e-05
all_features,xgb,perm_p1_mse,cluster,adj_sumret3_ma_125,adj_sumret3_ma_125,1,True,-0.000157399,-0.0005778,0.000107678,164,0.0204082,-0.262729,0.435374,0,,-6.27119e-05,-2.70983e-05,-0.000939584,3.0389e-05,4.17414e-05,7.61403e-06,-1.34226e-05,-3.60908e-05,6.62502e-06,-0.000276079
all_features,xgb,perm_p1_mse,cluster,adj_sumret3_ma_625,adj_sumret3_ma_625,1,True,-3.48879e-05,-8.4625e-05,2.59605e-06,157,0.00680272,-0.0582348,0.319728,0,,-2.18158e-05,-1.01207e-05,-0.000133848,9.27452e-06,-6.48109e-05,2.08924e-06,1.31767e-05,1.58783e-06,-2.91436e-06,-6.24573e-05
all_features,xgb,perm_p1_mse,cluster,adj_sumret3_ma_3125,adj_sumret3_ma_3125,1,True,-1.44495e-05,-4.08866e-05,9.2381e-06,139,0,-0.0241191,0.197279,0,,-1.69085e-05,2.7519e-05,-5.33849e-05,-1.10432e-09,-1.04681e-05,-1.04382e-05,-9.63302e-05,-2.29969e-05,-6.63498e-06,-1.51513e-05
all_features,xgb,perm_p1_mse,cluster,adj_sumautocov_ma_1,adj_sumautocov_ma_1,1,True,0.000101854,3.08878e-05,0.00016766,13,0.0544218,0.170015,0.571429,6.55604e-05,0.122303,-5.92169e-05,7.81787e-05,0.000227585,5.87785e-05,6.17157e-05,0.000148002,0.000164242,0.000160602,4.9187e-05,0.000106189
all_features,xgb,perm_p1_mse,cluster,adj_sumautocov_ma_5,adj_sumautocov_ma_5,1,True,6.22835e-05,-1.75121e-05,0.000152925,19,0.0748299,0.103963,0.564626,2.84453e-05,0.309962,0.000106655,0.000176416,0.00012294,-5.37319e-05,5.93125e-05,2.37453e-05,-7.98134e-05,0.000147701,-4.02439e-05,8.07293e-05
all_features,xgb,perm_p1_mse,cluster,adj_sumautocov_ma_25,adj_sumautocov_ma_25,1,True,3.67871e-05,-8.95439e-06,0.000104313,28,0.00680272,0.061405,0.394558,0,0.622004,-1.76167e-05,-2.92308e-05,0.000263263,2.16479e-06,-1.23429e-05,1.76077e-05,-4.73756e-05,-4.98033e-06,6.07911e-06,6.55936e-05
all_features,xgb,perm_p1_mse,cluster,adj_sumautocov_ma_125,adj_sumautocov_ma_125,1,True,1.12849e-05,-1.28824e-05,3.75082e-05,51,0.0136054,0.0188367,0.421769,0,0.370234,-8.51042e-05,2.77676e-06,6.4376e-05,-9.41811e-06,5.29196e-05,1.948e-06,-6.80049e-06,-1.06418e-05,5.15643e-07,2.39035e-05
all_features,xgb,perm_p1_mse,cluster,adj_sumvolume_ma_25,adj_sumvolume_ma_25,1,True,0.00015143,4.73709e-05,0.000265055,11,0.0408163,0.252767,0.612245,4.92005e-05,0.147218,0.000122241,-1.10821e-05,0.000210224,0.000252514,0.000220947,0.000110372,0.000138312,3.19565e-05,2.37191e-05,0.000252486
all_features,xgb,perm_p1_mse,cluster,adj_sumvolume_ma_125,adj_sumvolume_ma_125,1,True,7.18987e-05,-2.67324e-05,0.000174833,17,0.0408163,0.120013,0.496599,0,0.358983,0.000111108,0.000108873,7.07226e-05,0.000225028,-4.87912e-05,1.61202e-05,-3.67306e-05,7.9077e-05,-0.000137445,0.000167369
all_features,xgb,perm_p1_mse,cluster,adj_sumvolume_ma_3125,adj_sumvolume_ma_3125,1,True,-2.48598e-06,-1.16449e-05,5.93969e-06,115,0,-0.0041496,0.22449,0,,-1.80793e-05,-5.20707e-06,-6.41337e-06,-7.17452e-06,1.47024e-05,1.38257e-06,-7.24087e-06,-1.27563e-05,5.67223e-07,-3.64364e-07
all_features,xgb,perm_p1_mse,cluster,adj_numobs_ma_25,adj_numobs_ma_25,1,True,4.60508e-07,-2.4544e-05,2.22563e-05,76,0,0.000768679,0.197279,0,8.09863,7.77952e-05,1.39424e-05,-3.80323e-05,-6.08496e-06,9.53647e-07,-9.05976e-06,-7.68581e-08,1.57171e-05,1.08402e-06,-5.10512e-06
all_features,xgb,perm_p1_mse,cluster,adj_numobs_ma_125,adj_numobs_ma_125,1,True,2.9752e-06,-1.69433e-05,2.32003e-05,66,0,0.0049662,0.326531,0,1.46943,6.50915e-06,-1.48045e-06,2.04276e-05,-4.64508e-06,-1.12456e-05,6.42559e-06,1.47931e-05,-1.80269e-06,-2.95218e-05,1.98322e-05
all_features,xgb,perm_p1_mse,cluster,adj_numobs_ma_625,adj_numobs_ma_625,1,True,9.23188e-06,8.40095e-07,1.9057e-05,57,0,0.0154098,0.333333,0,0.284621,2.01533e-05,1.1907e-05,-2.1815e-06,3.56365e-06,1.52288e-05,9.40661e-06,1.69811e-05,3.55896e-05,3.13741e-06,2.97219e-06
all_features,xgb,perm_p1_mse,cluster,adj_spread_ewstock_ma_3125,adj_spread_ewstock_ma_3125,1,True,-1.2802e-07,-1.11973e-05,1.42353e-05,96,0,-0.00021369,0.14966,0,,-1.38729e-05,1.30497e-06,2.6527e-05,-8.47397e-06,-6.61119e-06,-8.6546e-06,7.3331e-06,-6.04143e-07,-6.497e-06,3.01662e-06
all_features,xgb,perm_p1_mse,cluster,adj_spread_vwstock_ma_625,adj_spread_vwstock_ma_625,1,True,8.29694e-07,-6.3147e-06,7.97136e-06,73,0,0.00138492,0.217687,0,2.00726,-1.42931e-05,1.05497e-06,-7.52762e-06,2.23825e-05,-7.22209e-06,4.64083e-06,-3.36412e-06,-5.97804e-07,1.47993e-05,-5.21325e-06
all_features,xgb,perm_p1_mse,cluster,adj_spread_vwstock_ma_3125,adj_spread_vwstock_ma_3125,1,True,1.14348e-07,-3.90724e-06,4.59034e-06,79,0,0.000190869,0.129252,0,17.7673,-1.06752e-18,-4.67041e-19,1.06441e-06,5.46653e-06,4.05856e-07,-6.26489e-06,-2.63502e-18,-2.30134e-06,-4.92431e-06,3.30699e-06
all_features,xgb,perm_p1_mse,cluster,adj_stocktwits_attention_ma_25,adj_stocktwits_attention_ma_25,1,True,6.51511e-05,7.91458e-06,0.000137501,18,0.00680272,0.10875,0.44898,0,0.328177,5.56565e-05,0.00011301,0.000164817,-1.88705e-05,7.56762e-05,1.21632e-05,8.13223e-06,3.61405e-05,0.000114986,5.18616e-05
all_features,xgb,perm_p1_mse,cluster,adj_stocktwits_attention_ma_3125,adj_stocktwits_attention_ma_3125,1,True,-9.0146e-06,-2.21755e-05,1.11575e-06,131,0,-0.0150471,0.197279,0,,-7.82936e-05,9.52167e-06,-9.39394e-06,-6.96431e-07,-1.5661e-05,4.0711e-06,-1.51705e-06,-2.36438e-05,-6.14158e-06,-5.30189e-06
all_features,xgb,perm_p1_mse,cluster,adj_stocktwits_sentiment_ma_1,adj_stocktwits_sentiment_ma_1,1,True,-2.76633e-05,-0.000221639,0.000167548,154,0.0952381,-0.0461754,0.469388,0,,0.000227088,-0.000271198,0.000441497,-0.000331532,-1.27325e-05,-0.000133038,0.000117776,-0.000120957,-8.87917e-05,3.31886e-05
all_features,xgb,perm_p1_mse,cluster,adj_stocktwits_sentiment_ma_5,adj_stocktwits_sentiment_ma_5,1,True,-4.59155e-05,-0.0001198,1.5344e-05,160,0.00680272,-0.0766421,0.401361,0,,-6.96804e-05,-0.000224938,6.40743e-05,-6.57228e-05,4.37562e-05,-5.08632e-05,2.88767e-05,-0.000178987,-6.42221e-05,8.65007e-06
all_features,xgb,perm_p1_mse,cluster,adj_stocktwits_sentiment_ma_625,adj_stocktwits_sentiment_ma_625,1,True,-2.18517e-05,-7.41379e-05,1.02693e-05,150,0,-0.0364748,0.238095,0,,6.12928e-06,1.40229e-05,-0.000140126,-6.59415e-06,-4.88695e-06,3.42795e-06,6.35226e-06,3.02968e-05,-6.73095e-06,-4.69533e-05
all_features,xgb,perm_p1_mse,cluster,adj_stocktwits_sentiment_ma_3125,adj_stocktwits_sentiment_ma_3125,1,True,2.04383e-06,-2.8063e-06,8.42171e-06,69,0,0.00341156,0.14966,0,1.24627,1.64372e-06,2.69103e-06,1.05499e-05,1.11022e-18,-1.30647e-07,1.27893e-06,-1.05762e-05,-8.24109e-08,1.2143e-06,3.16697e-06
all_features,xgb,perm_p1_mse,cluster,adj_stocktwits_sentcount_ma_1,adj_stocktwits_sentcount_ma_1,1,True,5.9039e-05,9.8782e-06,0.000107316,20,0.0340136,0.0985477,0.571429,1.23505e-05,0.193346,0.000194284,-2.04115e-05,8.1741e-05,7.61791e-05,7.75075e-05,2.59707e-05,1.8086e-05,8.61052e-06,6.56354e-05,7.33846e-05
all_features,xgb,perm_p1_mse,cluster,adj_stocktwits_sentcount_ma_3125,adj_stocktwits_sentcount_ma_3125,1,True,6.91273e-06,3.17e-07,1.47791e-05,59,0,0.0115387,0.265306,0,0.3789,8.54306e-06,1.31421e-05,1.75862e-05,5.60887e-08,-3.29902e-06,8.36238e-06,-6.22274e-07,3.24552e-06,2.01467e-05,1.9882e-06
all_features,xgb,perm_p1_mse,cluster,adj_vvix_ma_125,adj_vvix_ma_125,1,True,-5.61105e-06,-1.40522e-05,1.3062e-06,122,0,-0.00936594,0.136054,0,,-4.81241e-05,-6.63284e-06,3.18538e-06,-7.43276e-06,3.80438e-06,-6.04849e-07,-2.63502e-18,-1.73007e-05,-2.25368e-06,-3.1411e-06
all_features,xgb,perm_p1_mse,cluster,adj_vvix_ma_3125,adj_vvix_ma_3125,1,True,3.38525e-07,-1.41143e-06,2.31294e-06,78,0,0.000565066,0.129252,0,1.89005,-4.60838e-06,2.35284e-06,-2.01417e-06,1.11022e-18,1.13569e-06,-1.29125e-06,1.3001e-05,3.02336e-07,5.7859e-07,2.38709e-07
all_features,xgb,perm_p1_mse,cluster,adj_ofi_ewstock_ma_1,adj_ofi_ewstock_ma_1,1,True,-1.80991e-05,-0.000113137,9.04607e-05,144,0.0544218,-0.030211,0.469388,-6.93889e-18,,-0.000132143,-8.93762e-06,0.000137679,-4.60778e-05,2.15686e-05,-0.000178292,0.000116395,1.98356e-05,-0.000125462,1.90228e-05
all_features,xgb,perm_p1_mse,cluster,adj_ofi_ewstock_ma_5,adj_ofi_ewstock_ma_5,1,True,2.87726e-05,-3.74838e-05,9.56692e-05,34,0.0272109,0.0480272,0.530612,4.01172e-06,0.578812,6.06258e-05,-3.35505e-05,0.000207354,-5.05693e-05,5.53997e-05,-2.80122e-05,-3.71424e-05,-4.95279e-06,5.86472e-06,5.11494e-05
all_features,xgb,perm_p1_mse,cluster,adj_ofi_ewstock_ma_25,adj_ofi_ewstock_ma_25,1,True,1.75192e-05,-2.18601e-05,5.93125e-05,41,0.0136054,0.0292431,0.469388,0,0.651982,0.000137965,-2.8106e-05,8.15957e-05,1.8056e-05,6.94851e-07,-1.39456e-05,-8.21813e-05,-2.41899e-05,1.18573e-05,3.45865e-05
all_features,xgb,perm_p1_mse,cluster,adj_ofi_ewstock_ma_3125,adj_ofi_ewstock_ma_3125,1,True,1.95961e-05,5.80273e-07,5.05912e-05,40,0,0.0327097,0.108844,0,0.683625,0.000151379,-1.76446e-08,1.38086e-06,2.43436e-06,1.23403e-06,2.44804e-05,2.18931e-05,6.17697e-06,1.54166e-05,2.61904e-05
all_features,xgb,perm_p1_mse,cluster,adj_ofi_vwstock_ma_1,adj_ofi_vwstock_ma_1,1,True,7.49519e-07,-3.75675e-05,4.19111e-05,75,0.0136054,0.00125109,0.47619,0,7.50122,-1.49265e-05,2.42454e-05,-3.7593e-05,1.08739e-05,6.83152e-06,-2.91408e-07,2.25623e-05,7.20499e-05,-6.31882e-05,6.01901e-06
all_features,xgb,perm_p1_mse,cluster,adj_ofi_vwstock_ma_5,adj_ofi_vwstock_ma_5,1,True,2.94686e-05,-2.1162e-05,8.57825e-05,31,0.0136054,0.0491889,0.455782,-1.33249e-06,0.631042,6.62031e-05,-4.57616e-05,0.000122985,4.78868e-05,2.31131e-05,1.67104e-05,-7.71241e-05,6.04726e-05,-6.22762e-05,6.16787e-05
all_features,xgb,perm_p1_mse,cluster,adj_ofi_vwstock_ma_25,adj_ofi_vwstock_ma_25,1,True,-9.99554e-07,-3.97684e-05,3.57342e-05,107,0.00680272,-0.00166845,0.408163,-1.73472e-18,,-1.1656e-05,-2.95105e-05,-8.37607e-06,1.02975e-05,9.50975e-06,4.01447e-05,-6.5498e-05,8.41739e-06,-6.1291e-06,-1.85467e-06
all_features,xgb,perm_p1_mse,cluster,adj_fomc_release_ma_1,adj_fomc_release_ma_1,1,False,0,0,0,0,0,0,0,0,,0,0,0,0,0,0,0,0,0,0
all_features,xgb,perm_p1_mse,cluster,adj_fomc_release_ma_5,adj_fomc_release_ma_5,1,False,0,0,0,0,0,0,0,0,,0,0,0,0,0,0,0,0,0,0
all_features,xgb,perm_p1_mse,cluster,adj_fomc_release_ma_25,adj_fomc_release_ma_25,1,False,0,0,0,0,0,0,0,0,,0,0,0,0,0,0,0,0,0,0
all_features,xgb,perm_p1_mse,cluster,adj_fomc_release_ma_125,adj_fomc_release_ma_125,1,False,0,0,0,0,0,0,0,0,,0,0,0,0,0,0,0,0,0,0
all_features,xgb,perm_p1_mse,cluster,adj_fomc_release_ma_625,adj_fomc_release_ma_625,1,False,0,0,0,0,0,0,0,0,,0,0,0,0,0,0,0,0,0,0
all_features,xgb,perm_p1_mse,cluster,adj_fomc_release_ma_3125,adj_fomc_release_ma_3125,1,False,0,0,0,0,0,0,0,0,,0,0,0,0,0,0,0,0,0,0
all_features,xgb,perm_p1_mse,cluster,adj_fomc_day_ma_125,adj_fomc_day_ma_125,1,True,-4.26846e-06,-1.0767e-05,9.33731e-07,118,0,-0.00712491,0.136054,0,,-4.25457e-05,2.25323e-06,-4.63252e-06,-3.21604e-06,-2.01399e-06,4.56144e-06,-1.75668e-18,-3.456e-06,-2.69132e-06,-5.28727e-06
all_features,xgb,perm_p1_mse,cluster,adj_fomc_day_ma_625,adj_fomc_day_ma_625,1,True,-6.52628e-06,-2.29489e-05,5.71242e-06,126,0,-0.0108936,0.278912,0,,-4.43968e-05,-1.51071e-05,-6.45993e-06,9.96613e-07,3.20806e-06,2.70454e-06,-1.75668e-18,-4.88032e-05,-1.09266e-05,1.01468e-05
all_features,xgb,perm_p1_mse,cluster,adj_fomc_day_ma_3125,adj_fomc_day_ma_3125,1,True,-1.13136e-06,-7.2118e-06,3.02866e-06,109,0,-0.00188846,0.0816327,0,,8.30672e-06,-1.40452e-05,-1.80056e-08,9.11576e-07,1.18109e-06,1.56504e-06,0,-1.39237e-05,2.03509e-06,1.80911e-06
all_features,xgb,perm_p1_mse,cluster,adj_fomc_until_inv_ma_125,adj_fomc_until_inv_ma_125,1,True,8.04878e-07,-9.31102e-06,9.56606e-06,74,0,0.0013435,0.319728,0,1.35763,5.77777e-07,-1.22941e-05,1.25642e-05,-1.64776e-06,1.14416e-05,-5.14317e-06,-2.63502e-18,9.26475e-07,-1.16514e-05,6.59117e-06
all_features,xgb,perm_p1_mse,cluster,adj_fomc_until_inv_ma_625,adj_fomc_until_inv_ma_625,1,True,-1.54614e-05,-4.59142e-05,8.97461e-06,142,0.00680272,-0.0258081,0.380952,0,,-0.000121236,-1.05673e-05,1.89233e-05,-7.61653e-05,3.34625e-06,3.70772e-05,-2.63502e-18,-8.99522e-06,-1.64009e-06,-2.41636e-05
all_features,xgb,perm_p1_mse,cluster,adj_fomc_since_inv_ma_625,adj_fomc_since_inv_ma_625,1,True,1.17679e-05,-6.30933e-06,3.52443e-05,49,0.00680272,0.0196429,0.421769,0,0.904591,5.30008e-07,-3.81786e-06,4.9692e-05,-6.23969e-06,2.18642e-05,7.52635e-06,-2.63502e-18,-9.86651e-06,4.50169e-07,2.4542e-05
all_features,xgb,perm_p1_mse,cluster,sumret_avail_ma_1,sumret_avail_ma_1,1,False,0,0,0,0,0,0,0,0,,0,0,0,0,0,0,0,0,0,0
all_features,xgb,perm_p1_mse,cluster,sumret_avail_ma_5,sumret_avail_ma_5,1,False,0,0,0,0,0,0,0,0,,0,0,0,0,0,0,0,0,0,0
all_features,xgb,perm_p1_mse,cluster,sumret_avail_ma_25,sumret_avail_ma_25,1,False,0,0,0,0,0,0,0,0,,0,0,0,0,0,0,0,0,0,0
all_features,xgb,perm_p1_mse,cluster,sumret_avail_ma_125,sumret_avail_ma_125,1,False,0,0,0,0,0,0,0,0,,0,0,0,0,0,0,0,0,0,0
all_features,xgb,perm_p1_mse,cluster,sumret_avail_ma_625,sumret_avail_ma_625,1,False,0,0,0,0,0,0,0,0,,0,0,0,0,0,0,0,0,0,0
all_features,xgb,perm_p1_mse,cluster,sumret_avail_ma_3125,sumret_avail_ma_3125,1,False,0,0,0,0,0,0,0,0,,0,0,0,0,0,0,0,0,0,0
all_features,xgb,perm_p1_mse,cluster,sumabsret_avail_ma_1,sumabsret_avail_ma_1,1,False,0,0,0,0,0,0,0,0,,0,0,0,0,0,0,0,0,0,0
all_features,xgb,perm_p1_mse,cluster,sumabsret_avail_ma_5,sumabsret_avail_ma_5,1,False,0,0,0,0,0,0,0,0,,0,0,0,0,0,0,0,0,0,0
all_features,xgb,perm_p1_mse,cluster,sumabsret_avail_ma_25,sumabsret_avail_ma_25,1,False,0,0,0,0,0,0,0,0,,0,0,0,0,0,0,0,0,0,0
all_features,xgb,perm_p1_mse,cluster,sumabsret_avail_ma_125,sumabsret_avail_ma_125,1,False,0,0,0,0,0,0,0,0,,0,0,0,0,0,0,0,0,0,0
all_features,xgb,perm_p1_mse,cluster,sumabsret_avail_ma_625,sumabsret_avail_ma_625,1,False,0,0,0,0,0,0,0,0,,0,0,0,0,0,0,0,0,0,0
all_features,xgb,perm_p1_mse,cluster,sumabsret_avail_ma_3125,sumabsret_avail_ma_3125,1,False,0,0,0,0,0,0,0,0,,0,0,0,0,0,0,0,0,0,0
all_features,xgb,perm_p1_mse,cluster,sumret3_avail_ma_1,sumret3_avail_ma_1,1,False,0,0,0,0,0,0,0,0,,0,0,0,0,0,0,0,0,0,0
all_features,xgb,perm_p1_mse,cluster,sumret3_avail_ma_5,sumret3_avail_ma_5,1,False,0,0,0,0,0,0,0,0,,0,0,0,0,0,0,0,0,0,0
all_features,xgb,perm_p1_mse,cluster,sumret3_avail_ma_25,sumret3_avail_ma_25,1,False,0,0,0,0,0,0,0,0,,0,0,0,0,0,0,0,0,0,0
all_features,xgb,perm_p1_mse,cluster,sumret3_avail_ma_125,sumret3_avail_ma_125,1,False,0,0,0,0,0,0,0,0,,0,0,0,0,0,0,0,0,0,0
all_features,xgb,perm_p1_mse,cluster,sumret3_avail_ma_625,sumret3_avail_ma_625,1,False,0,0,0,0,0,0,0,0,,0,0,0,0,0,0,0,0,0,0
all_features,xgb,perm_p1_mse,cluster,sumret3_avail_ma_3125,sumret3_avail_ma_3125,1,False,0,0,0,0,0,0,0,0,,0,0,0,0,0,0,0,0,0,0
all_features,xgb,perm_p1_mse,cluster,sumret4_avail_ma_1,sumret4_avail_ma_1,1,False,0,0,0,0,0,0,0,0,,0,0,0,0,0,0,0,0,0,0
all_features,xgb,perm_p1_mse,cluster,sumret4_avail_ma_5,sumret4_avail_ma_5,1,False,0,0,0,0,0,0,0,0,,0,0,0,0,0,0,0,0,0,0
all_features,xgb,perm_p1_mse,cluster,sumret4_avail_ma_25,sumret4_avail_ma_25,1,False,0,0,0,0,0,0,0,0,,0,0,0,0,0,0,0,0,0,0
all_features,xgb,perm_p1_mse,cluster,sumret4_avail_ma_125,sumret4_avail_ma_125,1,False,0,0,0,0,0,0,0,0,,0,0,0,0,0,0,0,0,0,0
all_features,xgb,perm_p1_mse,cluster,sumret4_avail_ma_625,sumret4_avail_ma_625,1,False,0,0,0,0,0,0,0,0,,0,0,0,0,0,0,0,0,0,0
all_features,xgb,perm_p1_mse,cluster,sumret4_avail_ma_3125,sumret4_avail_ma_3125,1,False,0,0,0,0,0,0,0,0,,0,0,0,0,0,0,0,0,0,0
all_features,xgb,perm_p1_mse,cluster,sumpret2_avail_ma_1,sumpret2_avail_ma_1,1,False,0,0,0,0,0,0,0,0,,0,0,0,0,0,0,0,0,0,0
all_features,xgb,perm_p1_mse,cluster,sumpret2_avail_ma_5,sumpret2_avail_ma_5,1,False,0,0,0,0,0,0,0,0,,0,0,0,0,0,0,0,0,0,0
all_features,xgb,perm_p1_mse,cluster,sumpret2_avail_ma_25,sumpret2_avail_ma_25,1,False,0,0,0,0,0,0,0,0,,0,0,0,0,0,0,0,0,0,0
all_features,xgb,perm_p1_mse,cluster,sumpret2_avail_ma_125,sumpret2_avail_ma_125,1,False,0,0,0,0,0,0,0,0,,0,0,0,0,0,0,0,0,0,0
all_features,xgb,perm_p1_mse,cluster,sumpret2_avail_ma_625,sumpret2_avail_ma_625,1,False,0,0,0,0,0,0,0,0,,0,0,0,0,0,0,0,0,0,0
all_features,xgb,perm_p1_mse,cluster,sumpret2_avail_ma_3125,sumpret2_avail_ma_3125,1,False,0,0,0,0,0,0,0,0,,0,0,0,0,0,0,0,0,0,0
all_features,xgb,perm_p1_mse,cluster,sumbipow_avail_ma_1,sumbipow_avail_ma_1,1,False,0,0,0,0,0,0,0,0,,0,0,0,0,0,0,0,0,0,0
all_features,xgb,perm_p1_mse,cluster,sumbipow_avail_ma_5,sumbipow_avail_ma_5,1,False,0,0,0,0,0,0,0,0,,0,0,0,0,0,0,0,0,0,0
all_features,xgb,perm_p1_mse,cluster,sumbipow_avail_ma_25,sumbipow_avail_ma_25,1,False,0,0,0,0,0,0,0,0,,0,0,0,0,0,0,0,0,0,0
all_features,xgb,perm_p1_mse,cluster,sumbipow_avail_ma_125,sumbipow_avail_ma_125,1,False,0,0,0,0,0,0,0,0,,0,0,0,0,0,0,0,0,0,0
all_features,xgb,perm_p1_mse,cluster,sumbipow_avail_ma_625,sumbipow_avail_ma_625,1,False,0,0,0,0,0,0,0,0,,0,0,0,0,0,0,0,0,0,0
all_features,xgb,perm_p1_mse,cluster,sumbipow_avail_ma_3125,sumbipow_avail_ma_3125,1,False,0,0,0,0,0,0,0,0,,0,0,0,0,0,0,0,0,0,0
all_features,xgb,perm_p1_mse,cluster,sumautocov_avail_ma_1,sumautocov_avail_ma_1,1,False,0,0,0,0,0,0,0,0,,0,0,0,0,0,0,0,0,0,0
all_features,xgb,perm_p1_mse,cluster,sumautocov_avail_ma_5,sumautocov_avail_ma_5,1,False,0,0,0,0,0,0,0,0,,0,0,0,0,0,0,0,0,0,0
all_features,xgb,perm_p1_mse,cluster,sumautocov_avail_ma_25,sumautocov_avail_ma_25,1,False,0,0,0,0,0,0,0,0,,0,0,0,0,0,0,0,0,0,0
all_features,xgb,perm_p1_mse,cluster,sumautocov_avail_ma_125,sumautocov_avail_ma_125,1,False,0,0,0,0,0,0,0,0,,0,0,0,0,0,0,0,0,0,0
all_features,xgb,perm_p1_mse,cluster,sumautocov_avail_ma_625,sumautocov_avail_ma_625,1,False,0,0,0,0,0,0,0,0,,0,0,0,0,0,0,0,0,0,0
all_features,xgb,perm_p1_mse,cluster,sumautocov_avail_ma_3125,sumautocov_avail_ma_3125,1,False,0,0,0,0,0,0,0,0,,0,0,0,0,0,0,0,0,0,0
all_features,xgb,perm_p1_mse,cluster,sumvolume_avail_ma_1,sumvolume_avail_ma_1,1,False,0,0,0,0,0,0,0,0,,0,0,0,0,0,0,0,0,0,0
all_features,xgb,perm_p1_mse,cluster,sumvolume_avail_ma_5,sumvolume_avail_ma_5,1,False,0,0,0,0,0,0,0,0,,0,0,0,0,0,0,0,0,0,0
all_features,xgb,perm_p1_mse,cluster,sumvolume_avail_ma_25,sumvolume_avail_ma_25,1,False,0,0,0,0,0,0,0,0,,0,0,0,0,0,0,0,0,0,0
all_features,xgb,perm_p1_mse,cluster,sumvolume_avail_ma_125,sumvolume_avail_ma_125,1,False,0,0,0,0,0,0,0,0,,0,0,0,0,0,0,0,0,0,0
all_features,xgb,perm_p1_mse,cluster,sumvolume_avail_ma_625,sumvolume_avail_ma_625,1,False,0,0,0,0,0,0,0,0,,0,0,0,0,0,0,0,0,0,0
all_features,xgb,perm_p1_mse,cluster,sumvolume_avail_ma_3125,sumvolume_avail_ma_3125,1,False,0,0,0,0,0,0,0,0,,0,0,0,0,0,0,0,0,0,0
all_features,xgb,perm_p1_mse,cluster,numobs_avail_ma_1,numobs_avail_ma_1,1,False,0,0,0,0,0,0,0,0,,0,0,0,0,0,0,0,0,0,0
all_features,xgb,perm_p1_mse,cluster,numobs_avail_ma_5,numobs_avail_ma_5,1,False,0,0,0,0,0,0,0,0,,0,0,0,0,0,0,0,0,0,0
all_features,xgb,perm_p1_mse,cluster,numobs_avail_ma_25,numobs_avail_ma_25,1,False,0,0,0,0,0,0,0,0,,0,0,0,0,0,0,0,0,0,0
all_features,xgb,perm_p1_mse,cluster,numobs_avail_ma_125,numobs_avail_ma_125,1,False,0,0,0,0,0,0,0,0,,0,0,0,0,0,0,0,0,0,0
all_features,xgb,perm_p1_mse,cluster,numobs_avail_ma_625,numobs_avail_ma_625,1,False,0,0,0,0,0,0,0,0,,0,0,0,0,0,0,0,0,0,0
all_features,xgb,perm_p1_mse,cluster,numobs_avail_ma_3125,numobs_avail_ma_3125,1,False,0,0,0,0,0,0,0,0,,0,0,0,0,0,0,0,0,0,0
all_features,xgb,perm_p1_mse,cluster,stocktwits_attention_avail_ma_25,stocktwits_attention_avail_ma_25,1,True,0,0,0,83,0,0,0,0,,0,0,0,0,0,0,0,0,0,0
all_features,xgb,perm_p1_mse,cluster,stocktwits_attention_avail_ma_125,stocktwits_attention_avail_ma_125,1,True,1.18089e-19,0,2.59972e-19,82,0,1.97113e-16,0.0204082,0,0.4,0,0,0,0,0,6.93889e-19,0,3.71726e-19,1.83084e-19,0
all_features,xgb,perm_p1_mse,cluster,stocktwits_attention_avail_ma_625,stocktwits_attention_avail_ma_625,1,True,-2.00751e-19,-5.90846e-19,1.3019e-19,92,0,-3.35093e-16,0.0272109,0,,-1.06752e-18,-4.67041e-19,0,0,0,4.16334e-19,-1.75668e-18,-6.19544e-20,0,-3.42661e-19
all_features,xgb,perm_p1_mse,cluster,vix3m_avail_ma_125,vix3m_avail_ma_125,1,True,-5.55016e-07,-1.71855e-06,5.34634e-08,102,0,-0.000926431,0.00680272,0,,2.01516e-07,-3.2366e-06,0,0,0,0,0,-3.00541e-06,0,3.23421e-08
all_features,xgb,perm_p1_mse,cluster,numobs_active_ma_25,numobs_active_ma_25,1,True,-2.61639e-08,-1.33805e-06,1.18793e-06,93,0,-4.36727e-05,0.0340136,0,,3.25294e-06,-2.81008e-07,-1.55302e-06,0,0,0,0,6.19544e-20,-1.92776e-07,4.27498e-08
all_features,xgb,perm_p1_mse,cluster,numobs_active_ma_125,numobs_active_ma_125,1,True,-5.70999e-06,-3.12896e-05,1.8835e-05,123,0,-0.00953111,0.258503,0,,6.39491e-05,-2.6553e-06,-5.99197e-05,2.08358e-06,-6.29399e-06,2.09276e-06,-6.35003e-06,-5.15354e-06,8.46329e-06,-1.2534e-05
all_features,xgb,perm_p1_mse,cluster,fomc_day_active_ma_125,fomc_day_active_ma_125,1,True,-6.15575e-08,-5.47985e-07,3.63313e-07,94,0,-0.000102752,0.0204082,0,,1.36848e-06,6.67201e-20,-1.38778e-19,1.11022e-18,-1.07332e-06,-1.38778e-19,-8.78341e-19,-1.85863e-19,0,-1.11639e-07
all_features,xgb,perm_p1_mse,cluster,DOW_0,DOW_0,1,True,1.23374e-05,-7.43308e-05,0.000114735,48,0,0.0205936,0.163265,0,3.13442,0.000399114,-9.62512e-05,-7.4496e-05,4.74112e-06,1.20515e-05,1.49691e-05,2.46553e-05,-7.10629e-05,2.38648e-05,3.57736e-05
all_features,xgb,perm_p1_mse,cluster,DOW_1,DOW_1,1,True,-1.71335e-06,-5.39587e-06,9.56836e-07,111,0,-0.00285991,0.0408163,0,,-1.40689e-07,9.08206e-07,-8.78451e-06,-4.57808e-08,-4.63582e-07,2.05168e-06,-1.16987e-05,-3.49227e-07,-1.31022e-06,-2.37351e-06
all_features,xgb,perm_p1_mse,cluster,DOW_2,DOW_2,1,True,-6.08742e-06,-2.71002e-05,1.35234e-05,124,0,-0.0101611,0.326531,0,,-1.1096e-05,-1.40437e-05,8.0124e-06,-9.02246e-06,4.80631e-05,-5.99002e-05,-8.06076e-06,-3.78763e-05,-3.08883e-05,1.65057e-05
all_features,xgb,perm_p1_mse,cluster,DOW_3,DOW_3,1,True,-3.47609e-07,-4.82556e-06,5.27428e-06,98,0,-0.000580229,0.0408163,0,,2.49559e-05,-3.03613e-06,-6.79731e-07,0,-1.94094e-06,-7.69284e-06,-4.90035e-06,1.01485e-05,-5.61021e-06,-1.51352e-06
all_features,xgb,perm_p1_mse,cluster,DOW_4,DOW_4,1,True,2.89221e-05,-1.34381e-05,7.05192e-05,33,0.00680272,0.0482767,0.591837,1.66996e-05,0.211411,-2.62192e-05,0.000117109,-4.69026e-06,5.27509e-05,1.93151e-05,5.72244e-06,-3.57956e-05,6.22227e-05,3.7418e-05,1.34356e-05
all_features,xgb,perm_p1_mse,cluster,hour,hour,1,False,0,0,0,0,0,0,0,0,,0,0,0,0,0,0,0,0,0,0
all_features,xgb,perm_p1_mse,cluster,is_overnight,is_overnight,1,False,0,0,0,0,0,0,0,0,,0,0,0,0,0,0,0,0,0,0
all_features,xgb,perm_p1_mse,cluster,is_open,is_open,1,False,0,0,0,0,0,0,0,0,,0,0,0,0,0,0,0,0,0,0
all_features,xgb,perm_p1_mse,cluster,is_close,is_close,1,False,0,0,0,0,0,0,0,0,,0,0,0,0,0,0,0,0,0,0
all_features,xgb,perm_p1_mse,cluster,is_opex,is_opex,1,True,2.1256e-19,0,6.13644e-19,81,0,3.54804e-16,0.0136054,0,0.888889,0,0,1.38778e-19,1.11022e-18,0,0,0,0,0,3.85494e-19
all_features,xgb,perm_p1_mse,cluster,is_opex_week,is_opex_week,1,True,4.91912e-06,9.62918e-07,9.41671e-06,64,0,0.00821099,0.163265,0,0.258387,1.02461e-05,-5.06044e-06,6.75172e-06,5.14161e-06,7.46861e-06,9.26531e-06,6.72215e-07,-8.48767e-07,4.50067e-06,7.10876e-06
all_features,xgb,perm_p1_mse,cluster,is_month_end,is_month_end,1,True,0.00134606,0.000805095,0.00198543,3,0.244898,2.24683,0.353741,0,0.156213,0.00208982,0.0010145,0.00212065,0.00103267,0.000477613,0.00176709,0.0011697,0.000941816,0.0014166,0.00145279
all_features,xgb,perm_p1_mse,cluster,is_quarter_end,is_quarter_end,1,True,3.55965e-05,2.00233e-06,8.57485e-05,30,0.0204082,0.0594176,0.176871,0,0.54766,0.000234018,3.24048e-05,1.30214e-05,2.65642e-05,5.70482e-06,8.48445e-06,-2.63502e-18,5.03034e-06,2.76976e-05,4.98585e-05
all_features,xgb,perm_p1_mse,cluster,days_to_opex,days_to_opex,1,True,5.45615e-05,-1.02255e-05,0.000116377,21,0.0204082,0.0910739,0.52381,5.10082e-06,0.20529,1.09196e-05,-1.79533e-05,0.000217576,6.76588e-05,3.67357e-06,4.91388e-05,-1.40843e-05,-9.36978e-05,6.02298e-05,0.000103159
all_features,xgb,perm_p1_mse,cluster,har_ma_1_x_open,har_ma_1_x_open,1,False,0,0,0,0,0,0,0,0,,0,0,0,0,0,0,0,0,0,0
all_features,xgb,perm_p1_mse,cluster,har_ma_5_x_open,har_ma_5_x_open,1,False,0,0,0,0,0,0,0,0,,0,0,0,0,0,0,0,0,0,0
all_features,xgb,perm_p1_mse,cluster,har_ma_25_x_open,har_ma_25_x_open,1,False,0,0,0,0,0,0,0,0,,0,0,0,0,0,0,0,0,0,0
all_features,xgb,perm_p1_mse,cluster,har_ma_125_x_open,har_ma_125_x_open,1,False,0,0,0,0,0,0,0,0,,0,0,0,0,0,0,0,0,0,0
all_features,xgb,perm_p1_mse,cluster,har_ma_625_x_open,har_ma_625_x_open,1,False,0,0,0,0,0,0,0,0,,0,0,0,0,0,0,0,0,0,0
all_features,xgb,perm_p1_mse,cluster,har_ma_3125_x_open,har_ma_3125_x_open,1,False,0,0,0,0,0,0,0,0,,0,0,0,0,0,0,0,0,0,0
