bucket,model,measure,level,unit,label,n_columns,eligible,value,lo,hi,rank,top5_share,mean_abs_phi,mean_signed_phi,y2018,y2019,y2020,y2021,y2022,y2023,y2024,vix_low,vix_mid,vix_high
all_features,xgb,shap,column,har_ma_1,har_ma_1,1,True,0.174658,0.167519,0.181533,1,1,0.0803584,0.00413893,0.192428,0.182459,0.160734,0.183697,0.175599,0.168653,0.151228,0.172802,0.176365,0.174501
all_features,xgb,shap,column,har_ma_5,har_ma_5,1,True,0.130878,0.123945,0.13774,2,1,0.0599605,0.00755188,0.123653,0.149124,0.138379,0.141619,0.12052,0.116372,0.103681,0.126099,0.133554,0.131279
all_features,xgb,shap,column,har_ma_25,har_ma_25,1,True,0.0416955,0.038183,0.0453795,5,0.564626,0.0187764,0.00142895,0.034788,0.0391001,0.0506847,0.0531019,0.0387504,0.0320867,0.0367891,0.0362646,0.0385728,0.045034
all_features,xgb,shap,column,har_ma_125,har_ma_125,1,True,0.0281184,0.0265619,0.029633,6,0.102041,0.0125706,0.0013612,0.023337,0.0289698,0.0280502,0.0317199,0.0295913,0.0262278,0.0233261,0.0259925,0.0268993,0.0294238
all_features,xgb,shap,column,har_ma_625,har_ma_625,1,True,0.00104629,0.000868301,0.00125478,103,0,0.000468542,-0.000126911,0.00137993,0.0012484,0.00126639,0.000647948,0.00120085,0.00084108,0.000556395,0.00108029,0.00100936,0.00105181
all_features,xgb,shap,column,har_ma_3125,har_ma_3125,1,True,0.00270631,0.00210983,0.00334901,38,0,0.00112751,0.000103404,0.00126323,0.000743861,0.00308004,0.0040052,0.00403306,0.00268845,0.00210463,0.00132418,0.00206956,0.00348203
all_features,xgb,shap,column,adj_sumret_ma_1,adj_sumret_ma_1,1,True,0.0198399,0.0180574,0.0217143,10,0.0544218,0.00869702,0.000155921,0.0271145,0.0226254,0.0224303,0.0157884,0.0182685,0.0187532,0.0117371,0.0220862,0.0197385,0.0191109
all_features,xgb,shap,column,adj_sumret_ma_5,adj_sumret_ma_5,1,True,0.0280503,0.0255142,0.0303382,7,0.163265,0.0126278,0.00102641,0.0293002,0.0285147,0.0317251,0.0329946,0.0298695,0.0201419,0.0164588,0.0235166,0.0279028,0.0296865
all_features,xgb,shap,column,adj_sumret_ma_25,adj_sumret_ma_25,1,True,0.0133503,0.0105704,0.0161822,14,0.00680272,0.00566454,-0.000175358,0.0101355,0.00890977,0.00655915,0.00711225,0.0171265,0.0240585,0.0286495,0.0162879,0.0159944,0.0110976
all_features,xgb,shap,column,adj_sumret_ma_125,adj_sumret_ma_125,1,True,0.00765595,0.00547334,0.0104538,21,0.0272109,0.0049051,0.00142222,0.00830161,0.00870407,0.0138258,0.00826179,0.00541951,0.00343549,0.00213513,0.00843192,0.00708818,0.00765337
all_features,xgb,shap,column,adj_sumret_ma_625,adj_sumret_ma_625,1,True,0.00170628,0.0014499,0.00198337,59,0,0.000817205,-1.51003e-05,0.00070015,0.000958077,0.00172236,0.00194694,0.00186152,0.00256934,0.00178946,0.00170932,0.00159286,0.0017583
all_features,xgb,shap,column,adj_sumret_ma_3125,adj_sumret_ma_3125,1,True,0.000826528,0.000626171,0.00109813,144,0,0.000378877,-1.86282e-05,0.000382119,0.000555645,0.000637562,0.000711994,0.00103511,0.000647878,0.00331506,0.000723033,0.00108347,0.000742081
all_features,xgb,shap,column,adj_sumabsret_ma_1,adj_sumabsret_ma_1,1,True,0.0126588,0.0111842,0.0144705,16,0.0136054,0.00634681,-0.00134832,0.00686226,0.0109922,0.0179508,0.0124584,0.0106296,0.0133513,0.0158002,0.0124952,0.0117933,0.0131203
all_features,xgb,shap,column,adj_sumabsret_ma_5,adj_sumabsret_ma_5,1,True,0.0124079,0.0111495,0.0137692,17,0.00680272,0.00580882,-0.00129025,0.00760229,0.0109357,0.0124403,0.0130734,0.0144003,0.0125611,0.0161621,0.0123886,0.0121285,0.0125453
all_features,xgb,shap,column,adj_sumabsret_ma_25,adj_sumabsret_ma_25,1,True,0.00318977,0.00287304,0.00355528,35,0,0.00145102,-0.000201923,0.00478974,0.00315554,0.00357139,0.00281224,0.0028964,0.00293079,0.00240466,0.00360179,0.00294163,0.00316346
all_features,xgb,shap,column,adj_sumabsret_ma_125,adj_sumabsret_ma_125,1,True,0.00104344,0.000893855,0.00120081,104,0,0.000486678,2.11669e-05,0.00174432,0.00139058,0.00125348,0.000825177,0.000730634,0.000658257,0.000982484,0.00123705,0.000834704,0.00107418
all_features,xgb,shap,column,adj_sumabsret_ma_625,adj_sumabsret_ma_625,1,True,0.000339688,0.000282208,0.000397927,287,0,0.000163108,-5.02853e-06,0.00048207,0.000304624,0.000281123,0.000306895,0.000379433,0.000292828,0.000532407,0.000241115,0.000359974,0.000364271
all_features,xgb,shap,column,adj_sumabsret_ma_3125,adj_sumabsret_ma_3125,1,True,0.000755591,0.000544451,0.00104336,157,0,0.000332153,2.16737e-05,0.00059153,0.000558083,0.00102276,0.000477714,0.000348342,0.000802339,0.0028503,0.00118116,0.000778099,0.000597949
all_features,xgb,shap,column,adj_sumret3_ma_1,adj_sumret3_ma_1,1,True,0.00318518,0.00274956,0.00362748,36,0,0.00145863,-4.78988e-05,0.00145973,0.00226749,0.00366374,0.00301563,0.00298705,0.00451063,0.00449931,0.00312363,0.00357953,0.00302193
all_features,xgb,shap,column,adj_sumret3_ma_5,adj_sumret3_ma_5,1,True,0.00169019,0.00138038,0.00200646,60,0,0.000799985,-2.77346e-05,0.00307175,0.00172745,0.00117748,0.000909888,0.00206739,0.00190441,0.0015143,0.00188346,0.00162844,0.00165227
all_features,xgb,shap,column,adj_sumret3_ma_25,adj_sumret3_ma_25,1,True,0.00212624,0.00176561,0.00250613,50,0,0.000951346,-2.1143e-05,0.00382808,0.00280258,0.00184039,0.00160943,0.00124286,0.00157026,0.0041948,0.00261507,0.00240204,0.00182822
all_features,xgb,shap,column,adj_sumret3_ma_125,adj_sumret3_ma_125,1,True,0.00226513,0.0017295,0.00287255,44,0,0.0011354,-0.000123195,0.00447147,0.00272964,0.00312244,0.00145373,0.00200815,0.0012564,0.00096579,0.0023354,0.00220182,0.00227046
all_features,xgb,shap,column,adj_sumret3_ma_625,adj_sumret3_ma_625,1,True,0.00180023,0.00143972,0.00220454,56,0,0.000799823,7.59104e-05,0.00312132,0.00123519,0.00164247,0.00152386,0.00239008,0.00188368,0.000729045,0.00128981,0.001473,0.00212978
all_features,xgb,shap,column,adj_sumret3_ma_3125,adj_sumret3_ma_3125,1,True,0.000460635,0.000411738,0.00051405,231,0,0.00020711,-2.82537e-05,0.000492809,0.000489261,0.000470307,0.000448855,0.000493,0.000408045,0.00038415,0.000368778,0.000457533,0.000493839
all_features,xgb,shap,column,adj_sumret4_ma_1,adj_sumret4_ma_1,1,True,0.00158979,0.00104015,0.00226154,66,0,0.00104599,0.000142402,0.00289368,0.00289791,0.00280226,0.000880468,0.000441539,0.000573305,0.000397087,0.00197519,0.00157042,0.00146562
all_features,xgb,shap,column,adj_sumret4_ma_5,adj_sumret4_ma_5,1,True,0.00078303,0.000579516,0.00102328,151,0,0.00045784,-4.34577e-05,0.000920464,0.00105192,0.000915842,0.000319174,0.000503837,0.000832466,0.00144662,0.00100747,0.000952127,0.000626327
all_features,xgb,shap,column,adj_sumret4_ma_25,adj_sumret4_ma_25,1,True,0.000379311,0.000309304,0.00046357,267,0,0.000207568,4.33821e-05,0.000298197,0.000307136,0.000508275,0.00033131,0.000458229,0.000359993,0.000305514,0.000353701,0.000313253,0.000419073
all_features,xgb,shap,column,adj_sumret4_ma_125,adj_sumret4_ma_125,1,True,0.000395241,0.000327038,0.00047225,263,0,0.000168197,2.01689e-05,0.000817959,0.000486306,0.000271273,0.00034112,0.000306792,0.000373352,0.000312664,0.000529413,0.000415382,0.000339436
all_features,xgb,shap,column,adj_sumret4_ma_625,adj_sumret4_ma_625,1,True,0.00320741,0.00238046,0.00429496,34,0,0.00138529,-7.14268e-05,0.00353467,0.00312956,0.00574121,0.00131211,0.00406365,0.00234773,0.000915322,0.00213155,0.00206619,0.00411328
all_features,xgb,shap,column,adj_sumret4_ma_3125,adj_sumret4_ma_3125,1,True,0.00107689,0.000829553,0.00135171,98,0,0.000452834,0.000150001,0.00111876,0.00221728,0.00112094,0.000797045,0.000549146,0.000736474,0.00074835,0.00109179,0.00125573,0.000988063
all_features,xgb,shap,column,adj_sumpret2_ma_1,adj_sumpret2_ma_1,1,True,0.000946386,0.000830151,0.0010689,121,0,0.000412177,7.55222e-07,0.000933085,0.00134949,0.0010542,0.000655835,0.00101618,0.000779812,0.000526129,0.000979487,0.00095528,0.000930781
all_features,xgb,shap,column,adj_sumpret2_ma_5,adj_sumpret2_ma_5,1,True,0.000522559,0.000412414,0.000642482,214,0,0.000227736,-5.93485e-05,0.000933027,0.000554991,0.000418325,0.000283192,0.000278064,0.00063851,0.0012345,0.000802084,0.000637528,0.000372139
all_features,xgb,shap,column,adj_sumpret2_ma_25,adj_sumpret2_ma_25,1,True,0.000423406,0.000292271,0.000634274,250,0,0.000298959,0.000115109,0.00016225,0.000294658,0.000912814,0.000302634,0.00040158,0.000326155,0.00048714,0.000283067,0.000389187,0.000487929
all_features,xgb,shap,column,adj_sumpret2_ma_125,adj_sumpret2_ma_125,1,True,0.000387955,0.000331536,0.000449259,266,0,0.000175718,8.56993e-07,0.000636627,0.000288565,0.000426371,0.000366233,0.000378394,0.000346945,0.000413056,0.000442944,0.000344765,0.000389154
all_features,xgb,shap,column,adj_sumpret2_ma_625,adj_sumpret2_ma_625,1,True,0.000757058,0.000595313,0.000933503,156,0,0.000329887,-4.08755e-05,0.000953633,0.000830633,0.000876048,0.000616779,0.000920006,0.000592625,0.000263512,0.000557846,0.000557685,0.000919209
all_features,xgb,shap,column,adj_sumpret2_ma_3125,adj_sumpret2_ma_3125,1,True,0.000988844,0.000763151,0.00123193,114,0,0.000411671,2.49991e-05,0.00144487,0.00185688,0.0012304,0.000693086,0.000390051,0.000515056,0.000947361,0.0012212,0.000926424,0.000937729
all_features,xgb,shap,column,adj_sumbipow_ma_1,adj_sumbipow_ma_1,1,True,0.00291202,0.00244052,0.00345318,37,0,0.0012926,-0.00073469,0.00253597,0.00264633,0.00187295,0.00250067,0.00220332,0.00493473,0.00483696,0.00435091,0.00310869,0.0023226
all_features,xgb,shap,column,adj_sumbipow_ma_5,adj_sumbipow_ma_5,1,True,0.00100094,0.000856089,0.00116647,110,0,0.000474873,-0.000194071,0.000924084,0.00085847,0.000744253,0.000980479,0.00103137,0.00122173,0.00167827,0.00117551,0.0010737,0.000906542
all_features,xgb,shap,column,adj_sumbipow_ma_25,adj_sumbipow_ma_25,1,True,0.000664976,0.00054447,0.0008078,180,0,0.000281735,-9.62892e-05,0.000479122,0.000668233,0.000703341,0.00111895,0.000367791,0.000504628,0.000849944,0.000635478,0.000714863,0.000651831
all_features,xgb,shap,column,adj_sumbipow_ma_125,adj_sumbipow_ma_125,1,True,0.000337804,0.000287914,0.000387149,288,0,0.000141828,7.36675e-06,0.000510041,0.000201563,0.000330887,0.000333038,0.000425755,0.000339523,0.000255969,0.00033102,0.00029171,0.000361717
all_features,xgb,shap,column,adj_sumbipow_ma_625,adj_sumbipow_ma_625,1,True,0.00146134,0.00114675,0.00185189,74,0,0.000622929,-5.04974e-05,0.00117975,0.00113829,0.00232704,0.00130693,0.00185924,0.00110287,0.000612323,0.000864524,0.00105314,0.00185865
all_features,xgb,shap,column,adj_sumbipow_ma_3125,adj_sumbipow_ma_3125,1,True,0.00086932,0.000676195,0.00107742,133,0,0.00035942,3.28603e-05,0.00121269,0.00164893,0.00111055,0.000460532,0.000512312,0.000478264,0.000636026,0.00109729,0.000900135,0.000776096
all_features,xgb,shap,column,adj_sumautocov_ma_1,adj_sumautocov_ma_1,1,True,0.00611895,0.00544786,0.0068241,26,0,0.00251857,0.000133798,0.00742453,0.0069004,0.00418579,0.0050804,0.00574969,0.00731604,0.00818304,0.00756691,0.00701223,0.00520044
all_features,xgb,shap,column,adj_sumautocov_ma_5,adj_sumautocov_ma_5,1,True,0.00613373,0.00484708,0.00749866,25,0,0.00264341,0.000830658,0.0119966,0.00956555,0.00881128,0.00416978,0.0036628,0.00247974,0.0023157,0.00652558,0.00521114,0.00642995
all_features,xgb,shap,column,adj_sumautocov_ma_25,adj_sumautocov_ma_25,1,True,0.000578381,0.000503914,0.000661986,197,0,0.000271748,-4.47247e-06,0.000436191,0.000765811,0.00074333,0.000480994,0.000529814,0.000429173,0.000607578,0.000555604,0.00055808,0.000595753
all_features,xgb,shap,column,adj_sumautocov_ma_125,adj_sumautocov_ma_125,1,True,0.00168505,0.00138736,0.00199003,61,0,0.000683797,-0.000105031,0.00085183,0.000751683,0.00167275,0.00150653,0.00232057,0.00249624,0.00215373,0.00156831,0.00161519,0.0017581
all_features,xgb,shap,column,adj_sumautocov_ma_625,adj_sumautocov_ma_625,1,True,0.00223335,0.00183317,0.0026706,45,0,0.000955198,-0.000631386,0.00393901,0.00307529,0.00263792,0.00158071,0.00138845,0.00182791,0.00139749,0.00304375,0.00185591,0.00212982
all_features,xgb,shap,column,adj_sumautocov_ma_3125,adj_sumautocov_ma_3125,1,True,0.00043888,0.000354616,0.000531981,244,0,0.000196365,-8.02047e-05,0.000984678,0.00055635,0.000339649,0.000321717,0.000310943,0.000392759,0.000389726,0.000609987,0.000388715,0.000403204
all_features,xgb,shap,column,adj_sumvolume_ma_1,adj_sumvolume_ma_1,1,True,0.0225536,0.0182079,0.027418,9,0.176871,0.00929556,-0.000447464,0.0151823,0.016239,0.0134592,0.0150918,0.0231879,0.0435231,0.039493,0.0312883,0.0255938,0.0181118
all_features,xgb,shap,column,adj_sumvolume_ma_5,adj_sumvolume_ma_5,1,True,0.0130536,0.0110862,0.0150776,15,0,0.00565833,-0.000371122,0.00430879,0.0070802,0.0126433,0.016103,0.0137948,0.0186322,0.0187524,0.0117863,0.0143849,0.0128688
all_features,xgb,shap,column,adj_sumvolume_ma_25,adj_sumvolume_ma_25,1,True,0.00721482,0.00524084,0.00926779,22,0,0.00289162,0.000112394,0.00276423,0.00213378,0.0023735,0.00613192,0.0115963,0.0143113,0.0136857,0.0082356,0.0077357,0.00661823
all_features,xgb,shap,column,adj_sumvolume_ma_125,adj_sumvolume_ma_125,1,True,0.00579043,0.0048906,0.00671763,27,0,0.00252178,0.000514771,0.00349153,0.00293062,0.00423333,0.0082964,0.00817151,0.0061331,0.00736332,0.00432752,0.00572127,0.0063285
all_features,xgb,shap,column,adj_sumvolume_ma_625,adj_sumvolume_ma_625,1,True,0.00042323,0.000359953,0.00048615,251,0,0.000196323,1.4257e-05,0.000242469,0.000363475,0.000376395,0.000548293,0.000453114,0.000338917,0.000842032,0.000456299,0.000471013,0.00038944
all_features,xgb,shap,column,adj_sumvolume_ma_3125,adj_sumvolume_ma_3125,1,True,0.000543867,0.000384855,0.000757136,206,0,0.000238795,-1.56096e-05,0.00109348,0.000534396,0.000380609,0.000384389,0.000285756,0.000308414,0.00225383,0.000849389,0.000483998,0.000466266
all_features,xgb,shap,column,adj_numobs_ma_1,adj_numobs_ma_1,1,True,2.83947e-05,1.86607e-05,3.9784e-05,340,0,1.11079e-05,-5.59784e-06,1.07291e-05,5.34847e-06,8.71713e-06,3.1344e-05,3.36068e-05,7.45922e-05,2.35613e-05,2.64339e-05,3.66507e-05,2.52094e-05
all_features,xgb,shap,column,adj_numobs_ma_5,adj_numobs_ma_5,1,True,9.02457e-05,5.69009e-05,0.000145799,320,0,3.79364e-05,2.74931e-06,6.29635e-05,6.19487e-05,0.00010048,0.000214273,4.41505e-05,6.04505e-05,4.35493e-05,6.14656e-05,6.90767e-05,0.000110099
all_features,xgb,shap,column,adj_numobs_ma_25,adj_numobs_ma_25,1,True,0.0025554,0.00210434,0.00305507,40,0,0.00108829,0.000560914,0.00506494,0.00396092,0.00138072,0.00235002,0.00223618,0.00189989,0.00125197,0.00303061,0.00249871,0.00241766
all_features,xgb,shap,column,adj_numobs_ma_125,adj_numobs_ma_125,1,True,0.00118344,0.000955315,0.00144917,91,0,0.000516347,-0.000138233,0.00162853,0.00210801,0.00122466,0.000713354,0.000949414,0.000775934,0.00079539,0.00136059,0.00111233,0.00115547
all_features,xgb,shap,column,adj_numobs_ma_625,adj_numobs_ma_625,1,True,0.000536155,0.000438449,0.000652003,209,0,0.00023389,-2.3646e-05,0.000877718,0.000388892,0.000347636,0.000390482,0.000428519,0.000751554,0.00117529,0.000817661,0.000579672,0.000418482
all_features,xgb,shap,column,adj_numobs_ma_3125,adj_numobs_ma_3125,1,True,0.000867796,0.000759517,0.000975337,134,0,0.000406686,1.60922e-05,0.000736635,0.000756648,0.000794037,0.000777824,0.00120032,0.000855735,0.000953429,0.000941115,0.000744681,0.000900056
all_features,xgb,shap,column,adj_sumret2_ewstock_ma_1,adj_sumret2_ewstock_ma_1,1,True,0.000573238,0.000468931,0.00068743,199,0,0.000254071,9.8424e-06,0.00124135,0.000729339,0.000204026,0.000441949,0.000639256,0.00055286,0.000399501,0.000804417,0.000526929,0.000514992
all_features,xgb,shap,column,adj_sumret2_ewstock_ma_5,adj_sumret2_ewstock_ma_5,1,True,0.000453527,0.000312948,0.000629078,237,0,0.000201329,-4.78387e-05,0.0013885,0.00078973,0.000238134,0.00020344,0.000254328,0.00033454,0.000288425,0.000645544,0.000570228,0.000332545
all_features,xgb,shap,column,adj_sumret2_ewstock_ma_25,adj_sumret2_ewstock_ma_25,1,True,0.000393459,0.000304306,0.00051064,264,0,0.000173507,6.47101e-05,0.000879242,0.000400817,0.000578409,0.000196299,0.000322961,0.000267794,0.000229264,0.000598966,0.000281406,0.00037485
all_features,xgb,shap,column,adj_sumret2_ewstock_ma_125,adj_sumret2_ewstock_ma_125,1,True,0.000416038,0.000357486,0.000478332,255,0,0.00017769,-9.15307e-06,0.000311145,0.000442543,0.000381179,0.000529394,0.000367482,0.00036785,0.000559151,0.00036185,0.000429095,0.000428659
all_features,xgb,shap,column,adj_sumret2_ewstock_ma_625,adj_sumret2_ewstock_ma_625,1,True,0.000487597,0.00039267,0.000600116,222,0,0.000221678,-4.79205e-06,0.000499851,0.000364445,0.000546481,0.000668979,0.000467169,0.000510284,0.000105255,0.000503757,0.000466465,0.000491898
all_features,xgb,shap,column,adj_sumret2_ewstock_ma_3125,adj_sumret2_ewstock_ma_3125,1,True,0.000832302,0.00066202,0.00105539,142,0,0.000364623,-4.20686e-05,0.000726052,0.00139564,0.000846077,0.000750271,0.000372103,0.000792562,0.000951224,0.000750545,0.00102068,0.000772421
all_features,xgb,shap,column,adj_sumret3_ewstock_ma_1,adj_sumret3_ewstock_ma_1,1,True,0.00106447,0.000825804,0.00130965,99,0,0.000477473,-2.47088e-05,0.000543425,0.00061474,0.00189665,0.00124594,0.00137907,0.000647928,0.000516926,0.000529399,0.00082351,0.00136219
all_features,xgb,shap,column,adj_sumret3_ewstock_ma_5,adj_sumret3_ewstock_ma_5,1,True,0.00113197,0.000996849,0.00126668,94,0,0.000510501,-7.00106e-06,0.0017645,0.00112567,0.00111083,0.000870631,0.00123876,0.00097804,0.00115495,0.00121825,0.00105767,0.00113691
all_features,xgb,shap,column,adj_sumret3_ewstock_ma_25,adj_sumret3_ewstock_ma_25,1,True,0.000986368,0.000801222,0.00119971,115,0,0.000466519,-2.59252e-05,0.000561662,0.000537168,0.000921528,0.000797235,0.00120156,0.00124699,0.00246162,0.00106501,0.00100751,0.000949291
all_features,xgb,shap,column,adj_sumret3_ewstock_ma_125,adj_sumret3_ewstock_ma_125,1,True,0.000571941,0.000446935,0.000711905,200,0,0.000285773,1.62542e-05,0.000402495,0.000261945,0.000739474,0.000353614,0.000567079,0.000852431,0.00115951,0.000671215,0.000595878,0.000526423
all_features,xgb,shap,column,adj_sumret3_ewstock_ma_625,adj_sumret3_ewstock_ma_625,1,True,0.00120226,0.000963575,0.00145543,88,0,0.000523697,4.1436e-06,0.0011621,0.00163269,0.00104448,0.00135188,0.00166215,0.000583672,0.000379758,0.00102911,0.00115793,0.00128286
all_features,xgb,shap,column,adj_sumret3_ewstock_ma_3125,adj_sumret3_ewstock_ma_3125,1,True,0.000870023,0.000659415,0.00114186,132,0,0.000406422,-2.17315e-05,0.00131033,0.000452062,0.000770683,0.000438253,0.000630448,0.00158774,0.00168863,0.000933376,0.00114909,0.000717545
all_features,xgb,shap,column,adj_sumret4_ewstock_ma_1,adj_sumret4_ewstock_ma_1,1,True,0.000373588,0.00032863,0.000421848,273,0,0.000166486,-4.49599e-06,0.000461834,0.000266918,0.000352564,0.000363958,0.000313147,0.00051926,0.000406722,0.000448064,0.000402364,0.000334378
all_features,xgb,shap,column,adj_sumret4_ewstock_ma_5,adj_sumret4_ewstock_ma_5,1,True,0.000287969,0.000226972,0.000361304,298,0,0.000129438,-1.92325e-05,0.000713563,0.000293449,0.000197261,0.00018608,0.000233818,0.000254942,0.000454947,0.000314405,0.000285552,0.000279961
all_features,xgb,shap,column,adj_sumret4_ewstock_ma_25,adj_sumret4_ewstock_ma_25,1,True,0.000593015,0.000501445,0.000701746,194,0,0.000271852,-2.45962e-05,0.000636307,0.000831223,0.000689118,0.000465769,0.000420229,0.000525976,0.000595295,0.000680413,0.000628018,0.000546425
all_features,xgb,shap,column,adj_sumret4_ewstock_ma_125,adj_sumret4_ewstock_ma_125,1,True,0.000688635,0.000568364,0.000817223,171,0,0.000283905,-0.000100736,0.000355415,0.000453704,0.000758551,0.000843924,0.000868572,0.000605848,0.000990051,0.000521019,0.000652755,0.000763364
all_features,xgb,shap,column,adj_sumret4_ewstock_ma_625,adj_sumret4_ewstock_ma_625,1,True,0.000835472,0.000671811,0.00103912,140,0,0.000366766,3.79188e-06,0.000711316,0.000884984,0.000754624,0.00160195,0.000602656,0.000462739,0.000623414,0.000709924,0.000978965,0.000811732
all_features,xgb,shap,column,adj_sumret4_ewstock_ma_3125,adj_sumret4_ewstock_ma_3125,1,True,0.00065002,0.000488853,0.000840602,184,0,0.000288256,-4.04469e-05,0.000138959,0.000340311,0.000445177,0.00102332,0.000783386,0.000941377,0.000633161,0.000555988,0.000694385,0.000661766
all_features,xgb,shap,column,adj_sumabsret_ewstock_ma_1,adj_sumabsret_ewstock_ma_1,1,True,0.0231419,0.020135,0.0264824,8,0.129252,0.0097048,0.000139746,0.0321774,0.0371734,0.022602,0.0174231,0.0197085,0.0164061,0.0140809,0.0238234,0.0232591,0.0228515
all_features,xgb,shap,column,adj_sumabsret_ewstock_ma_5,adj_sumabsret_ewstock_ma_5,1,True,0.00613551,0.00395136,0.00871217,24,0,0.002678,6.77971e-05,0.0167781,0.0142076,0.00316884,0.00149294,0.00207173,0.00441441,0.00444235,0.00975367,0.00736506,0.00430948
all_features,xgb,shap,column,adj_sumabsret_ewstock_ma_25,adj_sumabsret_ewstock_ma_25,1,True,0.000421705,0.000350201,0.000502159,253,0,0.000180279,-7.44741e-06,0.000726914,0.000457477,0.000391694,0.000269711,0.000304822,0.000452038,0.00065158,0.000452328,0.000471404,0.000387864
all_features,xgb,shap,column,adj_sumabsret_ewstock_ma_125,adj_sumabsret_ewstock_ma_125,1,True,0.000462424,0.000406615,0.000525249,230,0,0.000205484,-3.2422e-05,0.000386961,0.000500013,0.000374351,0.000443971,0.000451127,0.000473698,0.000800063,0.000522665,0.000504052,0.000422121
all_features,xgb,shap,column,adj_sumabsret_ewstock_ma_625,adj_sumabsret_ewstock_ma_625,1,True,0.00112684,0.000887707,0.00140903,95,0,0.000458325,5.59892e-05,0.000441535,0.000857559,0.00135506,0.00166467,0.0012534,0.00102917,0.000625189,0.000661946,0.00137151,0.00117306
all_features,xgb,shap,column,adj_sumabsret_ewstock_ma_3125,adj_sumabsret_ewstock_ma_3125,1,True,0.000820356,0.000649424,0.000999265,145,0,0.000366273,-7.6961e-05,0.000332007,0.000343843,0.00127871,0.00102114,0.000615584,0.0010987,0.000873509,0.000743136,0.000815237,0.000849444
all_features,xgb,shap,column,adj_sumbipow_ewstock_ma_1,adj_sumbipow_ewstock_ma_1,1,True,0.00118565,0.000949863,0.00148978,89,0,0.000571317,-9.31195e-05,0.00150268,0.00137052,0.000883338,0.000745042,0.0010221,0.000880215,0.00389074,0.00142064,0.00142303,0.000993356
all_features,xgb,shap,column,adj_sumbipow_ewstock_ma_5,adj_sumbipow_ewstock_ma_5,1,True,0.000723201,0.000503257,0.00096819,163,0,0.000320277,-9.92309e-05,0.00158698,0.00169091,0.00037793,0.000344709,0.000341076,0.000342535,0.000821214,0.00102441,0.00090692,0.000533117
all_features,xgb,shap,column,adj_sumbipow_ewstock_ma_25,adj_sumbipow_ewstock_ma_25,1,True,0.000280737,0.000236521,0.000322898,301,0,0.000124775,-1.22196e-05,0.00042323,0.000193121,0.00025387,0.000199972,0.000354906,0.000316456,0.000327469,0.000361956,0.000251221,0.000266471
all_features,xgb,shap,column,adj_sumbipow_ewstock_ma_125,adj_sumbipow_ewstock_ma_125,1,True,0.000418708,0.000350623,0.000499011,254,0,0.000181025,-8.58513e-06,0.000725208,0.000459858,0.000426352,0.000400579,0.000274315,0.000424619,0.000250334,0.000559474,0.000474407,0.000343987
all_features,xgb,shap,column,adj_sumbipow_ewstock_ma_625,adj_sumbipow_ewstock_ma_625,1,True,0.000775639,0.000641579,0.000924011,152,0,0.000332147,-6.93978e-05,0.000626313,0.000578474,0.00110138,0.000826406,0.00105927,0.000564603,0.00024904,0.000628257,0.000617695,0.000900488
all_features,xgb,shap,column,adj_sumbipow_ewstock_ma_3125,adj_sumbipow_ewstock_ma_3125,1,True,0.00040763,0.000324175,0.000499526,258,0,0.000182293,-4.54501e-05,0.000465436,0.000447657,0.000219644,0.000471054,0.000177921,0.000569707,0.00078898,0.000443551,0.000565928,0.000321145
all_features,xgb,shap,column,adj_sumpret2_ewstock_ma_1,adj_sumpret2_ewstock_ma_1,1,True,0.000531254,0.000432193,0.000640806,211,0,0.000224982,-4.01738e-05,0.000215063,0.000364828,0.00076583,0.0003786,0.000672877,0.000698057,0.000364017,0.000470768,0.000495067,0.000569095
all_features,xgb,shap,column,adj_sumpret2_ewstock_ma_5,adj_sumpret2_ewstock_ma_5,1,True,0.000296244,0.000256129,0.0003397,296,0,0.000137715,-4.55436e-06,0.000341907,0.000266677,0.0002761,0.000201513,0.000408776,0.000320161,0.000250134,0.000344999,0.000247937,0.000301993
all_features,xgb,shap,column,adj_sumpret2_ewstock_ma_25,adj_sumpret2_ewstock_ma_25,1,True,0.00189971,0.00142808,0.00250896,53,0,0.000852599,-0.000188366,0.00196463,0.0024596,0.00404025,0.00166474,0.00105629,0.000627652,0.000614436,0.00185707,0.00155501,0.00207573
all_features,xgb,shap,column,adj_sumpret2_ewstock_ma_125,adj_sumpret2_ewstock_ma_125,1,True,0.000402391,0.000335451,0.000474151,259,0,0.000178108,-2.02461e-05,0.000427638,0.000453941,0.000518432,0.000463009,0.000250838,0.00031141,0.000399644,0.000422951,0.00044167,0.000376904
all_features,xgb,shap,column,adj_sumpret2_ewstock_ma_625,adj_sumpret2_ewstock_ma_625,1,True,0.00101236,0.000749472,0.00134714,106,0,0.000453012,-8.55699e-05,0.000414699,0.000802166,0.0021022,0.00107409,0.00113547,0.000469194,0.000372629,0.000432397,0.000783314,0.00132
all_features,xgb,shap,column,adj_sumpret2_ewstock_ma_3125,adj_sumpret2_ewstock_ma_3125,1,True,0.000854652,0.000584217,0.00121956,136,0,0.000362318,-0.000122034,0.00125105,0.000862659,0.0017816,0.000587541,0.000288791,0.000570418,0.000778079,0.00071407,0.00073331,0.000960025
all_features,xgb,shap,column,adj_turnover_ewstock_ma_1,adj_turnover_ewstock_ma_1,1,True,0.000902134,0.000780733,0.00103371,127,0,0.000453568,9.94034e-06,0.000749263,0.000548016,0.00131454,0.000908683,0.00112211,0.000721596,0.000868554,0.000669573,0.000715091,0.00107004
all_features,xgb,shap,column,adj_turnover_ewstock_ma_5,adj_turnover_ewstock_ma_5,1,True,0.000399383,0.00034244,0.00045298,261,0,0.000188338,-8.89996e-07,0.000399573,0.000391916,0.00042081,0.000462089,0.000382797,0.000354393,0.000352271,0.000507645,0.000323212,0.0003976
all_features,xgb,shap,column,adj_turnover_ewstock_ma_25,adj_turnover_ewstock_ma_25,1,True,0.000628342,0.000547313,0.000728906,188,0,0.000279554,-5.95825e-05,0.000450998,0.00065258,0.000511554,0.000508877,0.000586193,0.000852019,0.00101358,0.000746611,0.000785038,0.00051414
all_features,xgb,shap,column,adj_turnover_ewstock_ma_125,adj_turnover_ewstock_ma_125,1,True,0.00113768,0.000887568,0.00140754,93,0,0.00045677,-0.000113287,0.000436665,0.000484083,0.0006779,0.00105894,0.0019121,0.0020434,0.00082968,0.00114951,0.00107219,0.00116424
all_features,xgb,shap,column,adj_turnover_ewstock_ma_625,adj_turnover_ewstock_ma_625,1,True,0.00122927,0.00101351,0.00146436,84,0,0.000523827,-0.000165564,0.00075579,0.000653017,0.00138645,0.00105505,0.00150942,0.00168879,0.00161812,0.00107572,0.00126945,0.00126355
all_features,xgb,shap,column,adj_turnover_ewstock_ma_3125,adj_turnover_ewstock_ma_3125,1,True,0.000834531,0.000590997,0.00114814,141,0,0.000365481,-0.000147882,0.00062452,0.000436594,0.00126919,0.000534041,0.000522006,0.00155848,0.000763222,0.000916566,0.000872555,0.000788382
all_features,xgb,shap,column,adj_buyturnover_ewstock_ma_1,adj_buyturnover_ewstock_ma_1,1,True,0.000770046,0.000692345,0.000857356,155,0,0.00034821,-2.6252e-05,0.000847385,0.000691277,0.000590102,0.000820555,0.000866322,0.00072189,0.00115935,0.000738776,0.000734399,0.000797534
all_features,xgb,shap,column,adj_buyturnover_ewstock_ma_5,adj_buyturnover_ewstock_ma_5,1,True,0.000354741,0.000318456,0.000391402,280,0,0.000157269,-1.04551e-05,0.000274956,0.000344671,0.000330078,0.00038609,0.000366835,0.000373615,0.000400019,0.000388348,0.00034001,0.000350016
all_features,xgb,shap,column,adj_buyturnover_ewstock_ma_25,adj_buyturnover_ewstock_ma_25,1,True,0.000887818,0.000777431,0.00100497,130,0,0.000388165,-8.69671e-05,0.000755968,0.00125889,0.00109429,0.000759257,0.000791968,0.000680304,0.000596975,0.000819317,0.000999237,0.000859365
all_features,xgb,shap,column,adj_buyturnover_ewstock_ma_125,adj_buyturnover_ewstock_ma_125,1,True,0.00180459,0.00131993,0.00232354,55,0,0.000705294,-9.37689e-05,0.00066741,0.000727878,0.000864257,0.0014879,0.00337674,0.00322229,0.00173598,0.00156699,0.00192613,0.00182986
all_features,xgb,shap,column,adj_buyturnover_ewstock_ma_625,adj_buyturnover_ewstock_ma_625,1,True,0.000951038,0.000732927,0.00121381,119,0,0.000391024,-8.06921e-05,0.000455821,0.000560727,0.000887938,0.000864417,0.00137701,0.00127458,0.00115242,0.000813666,0.00101188,0.000970054
all_features,xgb,shap,column,adj_buyturnover_ewstock_ma_3125,adj_buyturnover_ewstock_ma_3125,1,True,0.000952082,0.000643403,0.00137731,118,0,0.000382775,-0.000127426,0.000673761,0.000440393,0.00123865,0.000458455,0.000617491,0.00211715,0.00112126,0.00143743,0.000882668,0.000816787
all_features,xgb,shap,column,adj_sellturnover_ewstock_ma_1,adj_sellturnover_ewstock_ma_1,1,True,0.00216152,0.00172251,0.0026172,48,0,0.000961895,1.34313e-05,0.000730071,0.000709013,0.00185212,0.00203152,0.00304944,0.00381149,0.00265671,0.00212481,0.00218955,0.0021611
all_features,xgb,shap,column,adj_sellturnover_ewstock_ma_5,adj_sellturnover_ewstock_ma_5,1,True,0.000607461,0.000504558,0.000719659,190,0,0.000304835,7.38004e-05,0.000353118,0.000352035,0.000810821,0.000554309,0.000796024,0.000592979,0.000840415,0.000461091,0.000600899,0.000661129
all_features,xgb,shap,column,adj_sellturnover_ewstock_ma_25,adj_sellturnover_ewstock_ma_25,1,True,0.000599415,0.000530169,0.000679929,191,0,0.000253994,-1.94301e-05,0.000457787,0.000499365,0.000484269,0.000552599,0.000578271,0.000832151,0.0010047,0.000566975,0.000678453,0.000573647
all_features,xgb,shap,column,adj_sellturnover_ewstock_ma_125,adj_sellturnover_ewstock_ma_125,1,True,0.00120889,0.00100454,0.00143852,87,0,0.000491512,-7.05718e-05,0.000578767,0.000783742,0.000789004,0.00114906,0.00146363,0.00222406,0.00114439,0.00140795,0.00127839,0.00110756
all_features,xgb,shap,column,adj_sellturnover_ewstock_ma_625,adj_sellturnover_ewstock_ma_625,1,True,0.000680323,0.000585023,0.000778886,175,0,0.000304965,-8.87118e-05,0.000485974,0.00044538,0.00087407,0.000942952,0.000717427,0.000589169,0.000500185,0.000505526,0.000675038,0.000743219
all_features,xgb,shap,column,adj_sellturnover_ewstock_ma_3125,adj_sellturnover_ewstock_ma_3125,1,True,0.000515494,0.000403112,0.000654422,218,0,0.000223873,-6.40152e-05,0.000832105,0.000430708,0.00054307,0.000382438,0.00035652,0.000747248,0.000377013,0.000545921,0.000461612,0.000530187
all_features,xgb,shap,column,adj_effspread_ewstock_ma_1,adj_effspread_ewstock_ma_1,1,True,0.000672075,0.000588717,0.000748429,177,0,0.000319543,-6.33139e-05,0.000575996,0.000675679,0.000489133,0.000813605,0.000690155,0.000707956,0.000778612,0.000735627,0.000620414,0.000674279
all_features,xgb,shap,column,adj_effspread_ewstock_ma_5,adj_effspread_ewstock_ma_5,1,True,0.000678848,0.000567667,0.000833346,176,0,0.000306994,4.7859e-05,0.000418501,0.000726637,0.000550097,0.000577247,0.000558699,0.000726612,0.00190801,0.000700127,0.000932446,0.000552833
all_features,xgb,shap,column,adj_effspread_ewstock_ma_25,adj_effspread_ewstock_ma_25,1,True,0.00147288,0.00125528,0.00169743,73,0,0.000633366,-3.23703e-05,0.00157846,0.00097571,0.000825051,0.00140922,0.00227502,0.00185578,0.00143682,0.00140794,0.00134045,0.00155729
all_features,xgb,shap,column,adj_effspread_ewstock_ma_125,adj_effspread_ewstock_ma_125,1,True,0.000953365,0.00073124,0.00119082,117,0,0.0004319,-2.20402e-05,0.000617577,0.000728072,0.00140162,0.000409038,0.000576981,0.00176467,0.0011751,0.00115286,0.0011662,0.000784817
all_features,xgb,shap,column,adj_effspread_ewstock_ma_625,adj_effspread_ewstock_ma_625,1,True,0.000479917,0.000355565,0.000611445,226,0,0.00020802,-7.42858e-05,0.00105773,0.000475816,0.000259617,0.000159915,0.00049324,0.000654463,0.000657888,0.000594516,0.000606734,0.000380965
all_features,xgb,shap,column,adj_effspread_ewstock_ma_3125,adj_effspread_ewstock_ma_3125,1,True,0.000354371,0.000302889,0.000408368,282,0,0.000159632,-2.24816e-05,0.000392945,0.000262,0.000382254,0.000355653,0.00033684,0.000415484,0.000364682,0.0004239,0.000295516,0.000357874
all_features,xgb,shap,column,adj_spread_ewstock_ma_1,adj_spread_ewstock_ma_1,1,True,0.000630452,0.000548993,0.000722834,187,0,0.000322784,3.09753e-05,0.000692879,0.000447963,0.000605081,0.000669126,0.000735447,0.000706285,0.000513984,0.000651672,0.000597407,0.000638579
all_features,xgb,shap,column,adj_spread_ewstock_ma_5,adj_spread_ewstock_ma_5,1,True,0.000340398,0.000297759,0.000387758,286,0,0.000149735,-1.38105e-05,0.000367086,0.000246216,0.00029048,0.000415539,0.000304744,0.000450289,0.000291699,0.000309615,0.000434332,0.000307087
all_features,xgb,shap,column,adj_spread_ewstock_ma_25,adj_spread_ewstock_ma_25,1,True,0.0012168,0.000916249,0.00154203,85,0,0.000504709,-2.63267e-05,0.000614125,0.000358024,0.000675557,0.00236498,0.00146597,0.0018369,0.000363321,0.000870563,0.00124961,0.00132113
all_features,xgb,shap,column,adj_spread_ewstock_ma_125,adj_spread_ewstock_ma_125,1,True,0.00026118,0.000223226,0.000304776,304,0,0.000110201,-1.52985e-05,0.000276086,0.000255266,0.000189265,0.000186675,0.000251499,0.000389238,0.000344847,0.000342397,0.000306801,0.000211758
all_features,xgb,shap,column,adj_spread_ewstock_ma_625,adj_spread_ewstock_ma_625,1,True,0.000712349,0.000596638,0.000836074,165,0,0.00032079,6.20184e-05,0.000752319,0.000993178,0.000706236,0.000514694,0.000453176,0.000615747,0.00149304,0.000781215,0.000798631,0.000648173
all_features,xgb,shap,column,adj_spread_ewstock_ma_3125,adj_spread_ewstock_ma_3125,1,True,0.000669616,0.000508239,0.000876727,178,0,0.000282116,5.78618e-05,0.000483126,0.00038768,0.000502718,0.000403622,0.000566671,0.00133819,0.00148433,0.000977153,0.00069869,0.000549703
all_features,xgb,shap,column,adj_sumret2_vwstock_ma_1,adj_sumret2_vwstock_ma_1,1,True,0.00081707,0.000571282,0.0011379,146,0,0.00037547,-2.92824e-05,0.00311431,0.000870667,0.000531762,0.000436369,0.000472009,0.000552304,0.000897861,0.00130848,0.000856428,0.000628784
all_features,xgb,shap,column,adj_sumret2_vwstock_ma_5,adj_sumret2_vwstock_ma_5,1,True,0.000429243,0.000327588,0.000553946,249,0,0.000193969,4.957e-06,0.000979713,0.000639361,0.000390537,0.000321569,0.000208775,0.000328511,0.00031157,0.000639895,0.0004682,0.000338198
all_features,xgb,shap,column,adj_sumret2_vwstock_ma_25,adj_sumret2_vwstock_ma_25,1,True,0.000377876,0.000294385,0.000484648,270,0,0.000222042,6.28056e-05,0.000397875,0.000366032,0.000599026,0.000270268,0.000301504,0.000280273,0.00057519,0.000387396,0.000354692,0.000385433
all_features,xgb,shap,column,adj_sumret2_vwstock_ma_125,adj_sumret2_vwstock_ma_125,1,True,0.000282885,0.000238076,0.000332251,300,0,0.000119302,-4.50046e-06,0.000444631,0.000244738,0.000239535,0.000284307,0.000246882,0.000325186,0.000255025,0.000381887,0.000257714,0.00026044
all_features,xgb,shap,column,adj_sumret2_vwstock_ma_625,adj_sumret2_vwstock_ma_625,1,True,0.000476103,0.000406808,0.000565141,228,0,0.000215508,-3.27775e-05,0.000290807,0.000451696,0.000712512,0.000444763,0.000422288,0.000481713,0.00036494,0.000484073,0.000444252,0.000488251
all_features,xgb,shap,column,adj_sumret2_vwstock_ma_3125,adj_sumret2_vwstock_ma_3125,1,True,0.000733378,0.000564697,0.000931881,162,0,0.000310355,-8.9837e-05,0.00102684,0.000390612,0.00111942,0.000895806,0.000507307,0.000632807,0.000676582,0.000561231,0.000553974,0.000876829
all_features,xgb,shap,column,adj_sumret3_vwstock_ma_1,adj_sumret3_vwstock_ma_1,1,True,0.00085311,0.000712181,0.00100039,138,0,0.000379068,-2.91652e-05,0.000869224,0.000837689,0.00148484,0.00065051,0.00079094,0.000524686,0.000755413,0.000709828,0.000754278,0.000948884
all_features,xgb,shap,column,adj_sumret3_vwstock_ma_5,adj_sumret3_vwstock_ma_5,1,True,0.000946289,0.00084941,0.00104157,122,0,0.00043114,8.93848e-06,0.00127973,0.000974218,0.000828696,0.000949047,0.0010594,0.000711298,0.00105476,0.00102826,0.000861307,0.000957718
all_features,xgb,shap,column,adj_sumret3_vwstock_ma_25,adj_sumret3_vwstock_ma_25,1,True,0.00106153,0.000794671,0.00140058,100,0,0.000569012,0.000114207,0.00126053,0.000533819,0.0011817,0.000575859,0.00105156,0.00145793,0.00240462,0.00118958,0.00130152,0.000904979
all_features,xgb,shap,column,adj_sumret3_vwstock_ma_125,adj_sumret3_vwstock_ma_125,1,True,0.000993789,0.000724594,0.00131814,113,0,0.000509922,7.55899e-05,0.00260042,0.000570281,0.000913009,0.00063711,0.00120029,0.00092812,0.000682469,0.00117893,0.00086731,0.000988969
all_features,xgb,shap,column,adj_sumret3_vwstock_ma_625,adj_sumret3_vwstock_ma_625,1,True,0.00044507,0.000377713,0.00051675,242,0,0.000208334,-2.96423e-05,0.000369117,0.000329719,0.000341197,0.000482835,0.000715626,0.000378404,0.000513682,0.000343938,0.000452045,0.000476766
all_features,xgb,shap,column,adj_sumret3_vwstock_ma_3125,adj_sumret3_vwstock_ma_3125,1,True,0.00059771,0.000486994,0.000732783,192,0,0.000275012,-9.9707e-06,0.000599104,0.000421148,0.000532531,0.000398181,0.00051938,0.00101999,0.000925725,0.000536987,0.000722695,0.00056022
all_features,xgb,shap,column,adj_sumret4_vwstock_ma_1,adj_sumret4_vwstock_ma_1,1,True,0.000327539,0.000263744,0.000396282,289,0,0.000159149,-1.5092e-05,0.000749572,0.000283124,0.000358333,0.00021135,0.000239249,0.000238123,0.00061182,0.000376821,0.000286603,0.000329657
all_features,xgb,shap,column,adj_sumret4_vwstock_ma_5,adj_sumret4_vwstock_ma_5,1,True,0.000271402,0.000212248,0.000343832,302,0,0.000123645,2.37762e-06,0.000709565,0.000258243,0.000259284,0.000207391,0.00018868,0.00019325,0.000343683,0.000306385,0.000238596,0.000274658
all_features,xgb,shap,column,adj_sumret4_vwstock_ma_25,adj_sumret4_vwstock_ma_25,1,True,0.000856066,0.000716117,0.00100063,135,0,0.000405403,3.97467e-05,0.000387888,0.000667075,0.000778018,0.000848812,0.00130075,0.000951564,0.000808971,0.000551648,0.000974749,0.000905764
all_features,xgb,shap,column,adj_sumret4_vwstock_ma_125,adj_sumret4_vwstock_ma_125,1,True,0.000574335,0.000494033,0.000670581,198,0,0.00023769,-3.15195e-06,0.000571472,0.00044762,0.000504649,0.000869252,0.000552,0.00050604,0.00057013,0.000491726,0.000511328,0.000632372
all_features,xgb,shap,column,adj_sumret4_vwstock_ma_625,adj_sumret4_vwstock_ma_625,1,True,0.00115827,0.00087225,0.00149873,92,0,0.000485213,-3.91358e-05,0.000677116,0.001803,0.00110556,0.00174476,0.000776757,0.000697684,0.000803777,0.000783423,0.00154686,0.00110602
all_features,xgb,shap,column,adj_sumret4_vwstock_ma_3125,adj_sumret4_vwstock_ma_3125,1,True,0.000589109,0.000466893,0.000736452,195,0,0.000256365,-4.33107e-05,0.000459064,0.000333076,0.000457067,0.000981758,0.000598158,0.00050911,0.00104557,0.000380182,0.000719927,0.000600121
all_features,xgb,shap,column,adj_sumabsret_vwstock_ma_1,adj_sumabsret_vwstock_ma_1,1,True,0.0133653,0.0109207,0.0159103,13,0.0204082,0.00550789,-6.46427e-05,0.00532456,0.00712383,0.00992125,0.0111569,0.0168081,0.0237782,0.021178,0.0150333,0.0142047,0.0123959
all_features,xgb,shap,column,adj_sumabsret_vwstock_ma_5,adj_sumabsret_vwstock_ma_5,1,True,0.00433458,0.00365467,0.0051034,28,0,0.00214284,0.000323722,0.00625884,0.00578515,0.00460053,0.00349303,0.00355858,0.0032474,0.00411175,0.00468251,0.00433089,0.00421604
all_features,xgb,shap,column,adj_sumabsret_vwstock_ma_25,adj_sumabsret_vwstock_ma_25,1,True,0.000688979,0.000473045,0.00104516,170,0,0.000532885,0.000231613,0.00109706,0.000505685,0.00137648,0.00050974,0.000430441,0.000499732,0.000429321,0.000746897,0.000501255,0.000756795
all_features,xgb,shap,column,adj_sumabsret_vwstock_ma_125,adj_sumabsret_vwstock_ma_125,1,True,0.000505723,0.000458035,0.000561532,220,0,0.000219246,-2.84487e-05,0.000612175,0.000469096,0.000578008,0.000463325,0.000373682,0.000575072,0.000554913,0.000573471,0.000558175,0.000457762
all_features,xgb,shap,column,adj_sumabsret_vwstock_ma_625,adj_sumabsret_vwstock_ma_625,1,True,0.000422553,0.00035396,0.000493483,252,0,0.000179236,1.80234e-05,0.000220871,0.000192919,0.000340254,0.000460229,0.000586236,0.000618696,0.000512714,0.000384102,0.000457953,0.000419281
all_features,xgb,shap,column,adj_sumabsret_vwstock_ma_3125,adj_sumabsret_vwstock_ma_3125,1,True,0.000446375,0.00035698,0.000548956,241,0,0.000194302,-3.68406e-05,0.000394065,0.000428051,0.00038135,0.000520722,0.00050701,0.000494642,0.000218636,0.000386434,0.000414497,0.000482011
all_features,xgb,shap,column,adj_sumbipow_vwstock_ma_1,adj_sumbipow_vwstock_ma_1,1,True,0.00150046,0.0010839,0.00202959,70,0,0.000728136,-0.000122277,0.00493785,0.00201793,0.00140665,0.000770292,0.00061099,0.000953811,0.00129314,0.00254943,0.0014117,0.00117938
all_features,xgb,shap,column,adj_sumbipow_vwstock_ma_5,adj_sumbipow_vwstock_ma_5,1,True,0.00204462,0.001754,0.00236368,52,0,0.00086773,2.143e-05,0.00222488,0.00160837,0.00110029,0.00222017,0.00189936,0.00292292,0.00329692,0.00266984,0.00234163,0.00168953
all_features,xgb,shap,column,adj_sumbipow_vwstock_ma_25,adj_sumbipow_vwstock_ma_25,1,True,0.000455373,0.000349479,0.000599161,234,0,0.000262524,2.67489e-05,0.000662987,0.000538336,0.000706873,0.000455541,0.000276087,0.000251789,0.000255883,0.000467147,0.000450594,0.000453539
all_features,xgb,shap,column,adj_sumbipow_vwstock_ma_125,adj_sumbipow_vwstock_ma_125,1,True,0.000343209,0.00030117,0.000387857,284,0,0.000144857,-8.44096e-06,0.000450184,0.000435182,0.000342173,0.000345698,0.000224471,0.000331189,0.000273678,0.000385916,0.000362828,0.000319267
all_features,xgb,shap,column,adj_sumbipow_vwstock_ma_625,adj_sumbipow_vwstock_ma_625,1,True,0.000482865,0.000400007,0.000574574,224,0,0.000214778,-2.35645e-05,0.000440956,0.00029815,0.000623877,0.000640553,0.000617428,0.000307926,0.000342266,0.000388531,0.000405482,0.000551682
all_features,xgb,shap,column,adj_sumbipow_vwstock_ma_3125,adj_sumbipow_vwstock_ma_3125,1,True,0.0003727,0.00028505,0.000475751,275,0,0.000157418,-3.19044e-05,0.000744977,0.000181103,0.000453075,0.000218969,0.000315006,0.00042788,0.000630765,0.000352965,0.000333516,0.000397856
all_features,xgb,shap,column,adj_sumpret2_vwstock_ma_1,adj_sumpret2_vwstock_ma_1,1,True,0.000400588,0.000345025,0.000461407,260,0,0.000170331,-5.20403e-05,0.000502126,0.000351348,0.000336954,0.000263273,0.000387459,0.000595685,0.000455618,0.000474424,0.000394493,0.000377916
all_features,xgb,shap,column,adj_sumpret2_vwstock_ma_5,adj_sumpret2_vwstock_ma_5,1,True,0.000437152,0.000378497,0.000494457,245,0,0.000188214,1.51585e-05,0.000550754,0.000454203,0.000268317,0.000455525,0.000565676,0.00043223,0.000279099,0.000447501,0.000487174,0.00041017
all_features,xgb,shap,column,adj_sumpret2_vwstock_ma_25,adj_sumpret2_vwstock_ma_25,1,True,0.000734158,0.000634954,0.000845732,161,0,0.000313801,-6.82119e-05,0.000788793,0.000757566,0.000985336,0.000546801,0.000768314,0.000687251,0.000405596,0.000585382,0.000782976,0.000762745
all_features,xgb,shap,column,adj_sumpret2_vwstock_ma_125,adj_sumpret2_vwstock_ma_125,1,True,0.000364772,0.00030473,0.00043117,278,0,0.000160724,-1.83568e-05,0.000618767,0.000390232,0.000320831,0.000421489,0.000325369,0.000285997,0.000196568,0.000383146,0.000357953,0.000361612
all_features,xgb,shap,column,adj_sumpret2_vwstock_ma_625,adj_sumpret2_vwstock_ma_625,1,True,0.000610426,0.000488624,0.000746001,189,0,0.000270668,-3.01537e-05,0.00047241,0.000320086,0.000959205,0.000637079,0.00064472,0.000670876,0.000305195,0.000386443,0.000548293,0.000716925
all_features,xgb,shap,column,adj_sumpret2_vwstock_ma_3125,adj_sumpret2_vwstock_ma_3125,1,True,0.00171913,0.00117708,0.00236446,58,0,0.00075924,-0.000281135,0.00225043,0.0010823,0.00392064,0.00187682,0.0010457,0.000669286,0.000928249,0.00072615,0.0010154,0.00239165
all_features,xgb,shap,column,adj_turnover_vwstock_ma_1,adj_turnover_vwstock_ma_1,1,True,0.00348337,0.00255043,0.00452389,33,0,0.00148854,4.98736e-05,0.00166483,0.000993392,0.00185099,0.0029331,0.00517421,0.00507929,0.0111768,0.00427584,0.00361077,0.00314982
all_features,xgb,shap,column,adj_turnover_vwstock_ma_5,adj_turnover_vwstock_ma_5,1,True,0.00120922,0.000855015,0.00164692,86,0,0.000561525,0.000161117,0.000543414,0.000699394,0.00124808,0.000958052,0.000733719,0.0016246,0.00484491,0.0018308,0.00164403,0.00079091
all_features,xgb,shap,column,adj_turnover_vwstock_ma_25,adj_turnover_vwstock_ma_25,1,True,0.000481452,0.000407998,0.000567363,225,0,0.000222712,-1.70827e-05,0.000295083,0.000378447,0.000522984,0.000416946,0.000437953,0.000690411,0.000676229,0.000452088,0.000540036,0.000464191
all_features,xgb,shap,column,adj_turnover_vwstock_ma_125,adj_turnover_vwstock_ma_125,1,True,0.000364972,0.000299391,0.000452819,277,0,0.000152684,-4.37564e-06,0.000358086,0.000267597,0.000343848,0.000299951,0.000338438,0.000371921,0.00103137,0.000566163,0.000326351,0.000313495
all_features,xgb,shap,column,adj_turnover_vwstock_ma_625,adj_turnover_vwstock_ma_625,1,True,0.000451472,0.000384149,0.00052237,240,0,0.000200601,-3.02922e-05,0.00035584,0.00040444,0.000421812,0.000580453,0.000409473,0.000406552,0.000724386,0.000331322,0.00059296,0.000426803
all_features,xgb,shap,column,adj_turnover_vwstock_ma_3125,adj_turnover_vwstock_ma_3125,1,True,0.000972764,0.000761438,0.00120501,116,0,0.000422286,-0.000170217,0.000804845,0.000348414,0.00132874,0.00117777,0.00106402,0.000996733,0.00116402,0.000615043,0.000877397,0.00114104
all_features,xgb,shap,column,adj_buyturnover_vwstock_ma_1,adj_buyturnover_vwstock_ma_1,1,True,0.00226635,0.0017269,0.00288897,43,0,0.00103271,4.71991e-05,0.000969503,0.000512688,0.00169395,0.0026236,0.00267274,0.00325212,0.00644727,0.00291332,0.00226528,0.00204321
all_features,xgb,shap,column,adj_buyturnover_vwstock_ma_5,adj_buyturnover_vwstock_ma_5,1,True,0.000948777,0.000675735,0.00128317,120,0,0.000431033,7.50114e-05,0.000255248,0.000269892,0.000803472,0.00109589,0.000926181,0.00122647,0.00351137,0.00104195,0.00118544,0.000805833
all_features,xgb,shap,column,adj_buyturnover_vwstock_ma_25,adj_buyturnover_vwstock_ma_25,1,True,0.000657562,0.000525239,0.000803296,181,0,0.000287361,-5.72966e-05,0.000342513,0.000268691,0.000785104,0.00067161,0.00100399,0.00065353,0.000924204,0.000452061,0.000609975,0.000750865
all_features,xgb,shap,column,adj_buyturnover_vwstock_ma_125,adj_buyturnover_vwstock_ma_125,1,True,0.000638711,0.00055667,0.000733189,185,0,0.000260496,-5.30927e-05,0.00048046,0.000606155,0.000524196,0.000486023,0.00078524,0.000904379,0.000547428,0.000751222,0.000670691,0.000584855
all_features,xgb,shap,column,adj_buyturnover_vwstock_ma_625,adj_buyturnover_vwstock_ma_625,1,True,0.000532702,0.000421555,0.0006749,210,0,0.000224095,-1.97218e-05,0.000292531,0.000402345,0.000291241,0.000574551,0.000582543,0.000560142,0.00174406,0.000576663,0.00063769,0.000468381
all_features,xgb,shap,column,adj_buyturnover_vwstock_ma_3125,adj_buyturnover_vwstock_ma_3125,1,True,0.00104659,0.000822979,0.00129128,102,0,0.000439616,-0.000153298,0.00105628,0.000620308,0.00134793,0.00174919,0.000703965,0.000934831,0.000694492,0.000549142,0.000939825,0.00126851
all_features,xgb,shap,column,adj_sellturnover_vwstock_ma_1,adj_sellturnover_vwstock_ma_1,1,True,0.0122812,0.00806371,0.0173838,18,0.0612245,0.00525944,0.000717789,0.00262249,0.00222058,0.00483868,0.0086233,0.0168306,0.0227848,0.0487777,0.0177271,0.0137886,0.00969335
all_features,xgb,shap,column,adj_sellturnover_vwstock_ma_5,adj_sellturnover_vwstock_ma_5,1,True,0.00118486,0.000925075,0.00145525,90,0,0.000583241,0.000108922,0.00047335,0.000328705,0.00136286,0.00127704,0.00128686,0.00141954,0.00325289,0.00117484,0.00128037,0.00114363
all_features,xgb,shap,column,adj_sellturnover_vwstock_ma_25,adj_sellturnover_vwstock_ma_25,1,True,0.000513504,0.000442376,0.000590483,219,0,0.00023132,-1.02977e-05,0.000468383,0.000684161,0.000555714,0.000389412,0.000545223,0.000358762,0.000674541,0.000605955,0.000481896,0.000496336
all_features,xgb,shap,column,adj_sellturnover_vwstock_ma_125,adj_sellturnover_vwstock_ma_125,1,True,0.000467676,0.000341248,0.000636098,229,0,0.000194282,-2.49338e-05,0.00128015,0.000507276,0.000208291,0.000273472,0.000306228,0.000479872,0.000908088,0.000803439,0.000508218,0.000332641
all_features,xgb,shap,column,adj_sellturnover_vwstock_ma_625,adj_sellturnover_vwstock_ma_625,1,True,0.000319026,0.000250883,0.000396834,291,0,0.00013951,-1.21515e-05,0.00019194,0.000239138,0.000154888,0.00034634,0.000405906,0.000322503,0.000938129,0.000320633,0.000412003,0.000274967
all_features,xgb,shap,column,adj_sellturnover_vwstock_ma_3125,adj_sellturnover_vwstock_ma_3125,1,True,0.000434448,0.000335666,0.000552529,246,0,0.000173884,-6.50574e-05,0.0003456,0.000175146,0.000325207,0.000383831,0.000321449,0.0008523,0.000975208,0.000517062,0.000542582,0.000355294
all_features,xgb,shap,column,adj_effspread_vwstock_ma_1,adj_effspread_vwstock_ma_1,1,True,0.000453924,0.000387925,0.000530016,236,0,0.000202445,-2.90651e-05,0.000484532,0.00053193,0.00035066,0.000303568,0.000367471,0.00051542,0.00102839,0.000619154,0.000480486,0.000384379
all_features,xgb,shap,column,adj_effspread_vwstock_ma_5,adj_effspread_vwstock_ma_5,1,True,0.000554844,0.000479634,0.00063851,203,0,0.000252041,1.97462e-05,0.00105219,0.00067536,0.000489753,0.000420014,0.000459996,0.000483798,0.000497432,0.000560331,0.00059938,0.000532109
all_features,xgb,shap,column,adj_effspread_vwstock_ma_25,adj_effspread_vwstock_ma_25,1,True,0.000890494,0.00078236,0.0010229,129,0,0.000390264,-6.9896e-05,0.000958247,0.000727346,0.000948505,0.000804261,0.000750165,0.000981313,0.00156193,0.00117119,0.000948036,0.000766538
all_features,xgb,shap,column,adj_effspread_vwstock_ma_125,adj_effspread_vwstock_ma_125,1,True,0.00157725,0.0012557,0.00195529,67,0,0.000665315,-7.49719e-05,0.000829001,0.00144368,0.00165171,0.000945873,0.000951792,0.00222419,0.00494262,0.00204584,0.00205121,0.00119351
all_features,xgb,shap,column,adj_effspread_vwstock_ma_625,adj_effspread_vwstock_ma_625,1,True,0.000938375,0.000773922,0.00113109,123,0,0.000388834,-1.08494e-05,0.00161428,0.00128441,0.000764686,0.000651874,0.000949681,0.000767635,0.000648103,0.00133246,0.000808565,0.000862887
all_features,xgb,shap,column,adj_effspread_vwstock_ma_3125,adj_effspread_vwstock_ma_3125,1,True,0.000741683,0.000648774,0.000844948,160,0,0.000319862,6.72286e-05,0.00105319,0.000676878,0.000847738,0.000596462,0.000540539,0.000951186,0.000539838,0.000854382,0.000656409,0.000742625
all_features,xgb,shap,column,adj_spread_vwstock_ma_1,adj_spread_vwstock_ma_1,1,True,0.000560132,0.000476337,0.000640584,202,0,0.000242185,7.01285e-05,0.000730866,0.000509607,0.00072501,0.000642003,0.000395082,0.000489752,0.000409647,0.000541075,0.000617806,0.000539734
all_features,xgb,shap,column,adj_spread_vwstock_ma_5,adj_spread_vwstock_ma_5,1,True,0.000388488,0.00033502,0.000443548,265,0,0.000177441,-4.66559e-06,0.000295881,0.000299347,0.000398725,0.000419875,0.000485656,0.000410502,0.000325371,0.000312674,0.000356565,0.000429632
all_features,xgb,shap,column,adj_spread_vwstock_ma_25,adj_spread_vwstock_ma_25,1,True,0.000363893,0.000319556,0.000413429,279,0,0.000172806,-3.65037e-06,0.000470744,0.000331233,0.000306182,0.000340244,0.000447799,0.000388971,0.000208129,0.000329084,0.000348467,0.000383144
all_features,xgb,shap,column,adj_spread_vwstock_ma_125,adj_spread_vwstock_ma_125,1,True,0.000253475,0.000204805,0.000304243,306,0,0.000109608,4.27496e-08,0.000186831,0.000109925,0.000227228,0.000236561,0.000296331,0.000364162,0.00048628,0.000308704,0.000187707,0.000265156
all_features,xgb,shap,column,adj_spread_vwstock_ma_625,adj_spread_vwstock_ma_625,1,True,0.000921392,0.000706825,0.00116229,125,0,0.000406321,-2.32396e-06,0.000505432,0.000375772,0.000692275,0.000680051,0.00186168,0.00112287,0.00127719,0.000787064,0.000755988,0.00104522
all_features,xgb,shap,column,adj_spread_vwstock_ma_3125,adj_spread_vwstock_ma_3125,1,True,0.000444886,0.000368303,0.000523874,243,0,0.000201596,-5.08661e-05,0.000273756,0.000281872,0.000345477,0.000520221,0.000687771,0.000429614,0.000618883,0.000393318,0.000342914,0.000510425
all_features,xgb,shap,column,adj_stocktwits_attention_ma_1,adj_stocktwits_attention_ma_1,1,True,0.00108209,0.000905851,0.00125514,97,0,0.000491001,5.53342e-05,0.00178669,0.00101491,0.00102923,0.00106962,0.00151814,0.000575898,0.000572412,0.00104389,0.000910455,0.0011756
all_features,xgb,shap,column,adj_stocktwits_attention_ma_5,adj_stocktwits_attention_ma_5,1,True,0.00101663,0.000829877,0.00121996,105,0,0.000455614,6.61913e-05,0.000716296,0.00049042,0.00100631,0.00150223,0.00160694,0.000784493,0.000605104,0.000691362,0.000853019,0.00120562
all_features,xgb,shap,column,adj_stocktwits_attention_ma_25,adj_stocktwits_attention_ma_25,1,True,0.001721,0.00147938,0.00198371,57,0,0.000799518,6.47417e-05,0.0015629,0.00152261,0.00166495,0.00214473,0.00230739,0.00134835,0.000794097,0.00144114,0.00156804,0.0018893
all_features,xgb,shap,column,adj_stocktwits_attention_ma_125,adj_stocktwits_attention_ma_125,1,True,0.000518815,0.000446588,0.000599249,217,0,0.000244037,-1.32214e-07,0.000905916,0.000601171,0.000495562,0.000486828,0.000338748,0.000446592,0.000583971,0.000711383,0.000537293,0.000443603
all_features,xgb,shap,column,adj_stocktwits_attention_ma_625,adj_stocktwits_attention_ma_625,1,True,0.00136742,0.0010951,0.00170929,79,0,0.000570685,6.93155e-05,0.00130797,0.00139143,0.00135177,0.00143081,0.00174236,0.00110496,0.000879136,0.00137159,0.0011551,0.00146532
all_features,xgb,shap,column,adj_stocktwits_attention_ma_3125,adj_stocktwits_attention_ma_3125,1,True,0.000836328,0.000731656,0.000938445,139,0,0.000380123,-4.92189e-05,0.000951551,0.000790987,0.00100403,0.000676398,0.00112745,0.000674495,0.000362199,0.000752626,0.000646911,0.00095389
all_features,xgb,shap,column,adj_stocktwits_sentiment_ma_1,adj_stocktwits_sentiment_ma_1,1,True,0.00981231,0.00797018,0.0115826,20,0,0.00439429,-0.000802205,0.0150127,0.0129922,0.0130234,0.0124696,0.00673811,0.00352126,0.00185536,0.00802981,0.00883068,0.0108878
all_features,xgb,shap,column,adj_stocktwits_sentiment_ma_5,adj_stocktwits_sentiment_ma_5,1,True,0.00354717,0.00279447,0.004323,32,0,0.0015843,-0.000169207,0.00612567,0.00626659,0.00438945,0.00298237,0.00238203,0.00115963,0.000718621,0.00334238,0.00298169,0.00388255
all_features,xgb,shap,column,adj_stocktwits_sentiment_ma_25,adj_stocktwits_sentiment_ma_25,1,True,0.00100705,0.000826074,0.00119715,107,0,0.000452278,-3.19825e-05,0.00159656,0.00168078,0.000984322,0.000483135,0.000808638,0.000715347,0.00110061,0.00123754,0.000990776,0.000934996
all_features,xgb,shap,column,adj_stocktwits_sentiment_ma_125,adj_stocktwits_sentiment_ma_125,1,True,0.000784859,0.00067487,0.000896462,150,0,0.000345021,-3.67122e-05,0.000526383,0.000660502,0.00109858,0.000639079,0.000793355,0.000736056,0.00121557,0.000581947,0.000782299,0.000856199
all_features,xgb,shap,column,adj_stocktwits_sentiment_ma_625,adj_stocktwits_sentiment_ma_625,1,True,0.00219417,0.00150859,0.00311589,47,0,0.00101719,0.000214376,0.00170089,0.0013976,0.00528786,0.000792744,0.00225731,0.001825,0.00124074,0.00162811,0.00136047,0.00277994
all_features,xgb,shap,column,adj_stocktwits_sentiment_ma_3125,adj_stocktwits_sentiment_ma_3125,1,True,0.000567516,0.000436123,0.000714039,201,0,0.00023962,-3.29008e-05,0.00024712,0.000404395,0.000828058,0.000408628,0.000433784,0.000956346,0.00050264,0.000634116,0.000553867,0.00055088
all_features,xgb,shap,column,adj_stocktwits_sentcount_ma_1,adj_stocktwits_sentcount_ma_1,1,True,0.00228414,0.00165678,0.00295814,42,0,0.000963967,0.000124934,0.00110232,0.000814966,0.000996991,0.00299958,0.00506119,0.00257406,0.00116781,0.00140143,0.00189174,0.00277288
all_features,xgb,shap,column,adj_stocktwits_sentcount_ma_5,adj_stocktwits_sentcount_ma_5,1,True,0.00263922,0.00221943,0.00309245,39,0,0.00121916,0.000169922,0.00181522,0.00200147,0.00268305,0.00399247,0.00350331,0.00191637,0.00122588,0.00216866,0.00213545,0.00303759
all_features,xgb,shap,column,adj_stocktwits_sentcount_ma_25,adj_stocktwits_sentcount_ma_25,1,True,0.00374561,0.0032765,0.00424166,31,0,0.00167672,8.51468e-05,0.00324953,0.00281121,0.0025504,0.0045539,0.00548142,0.00414009,0.00212023,0.00348356,0.00349898,0.0039516
all_features,xgb,shap,column,adj_stocktwits_sentcount_ma_125,adj_stocktwits_sentcount_ma_125,1,True,0.000681891,0.000535945,0.000850917,174,0,0.000319401,-1.74688e-05,0.00134177,0.0011701,0.000551253,0.000617004,0.000377338,0.000368649,0.000563037,0.000931711,0.000647108,0.000611808
all_features,xgb,shap,column,adj_stocktwits_sentcount_ma_625,adj_stocktwits_sentcount_ma_625,1,True,0.000476368,0.000409916,0.000543289,227,0,0.000227043,-1.96877e-05,0.000529754,0.000661414,0.000503135,0.000391896,0.000290586,0.00048647,0.000518072,0.000559688,0.000540422,0.000417596
all_features,xgb,shap,column,adj_stocktwits_sentcount_ma_3125,adj_stocktwits_sentcount_ma_3125,1,True,0.000797967,0.000598077,0.00105233,148,0,0.000370195,0.000159665,0.000382001,0.00102209,0.000431814,0.000915703,0.00100765,0.000825166,0.000781362,0.000650639,0.000675764,0.000906074
all_features,xgb,shap,column,adj_vix_ma_1,adj_vix_ma_1,1,True,0.00151871,0.00109081,0.00205241,68,0,0.000882699,0.000463742,0.0022917,0.00170079,0.00343466,0.00088888,0.000463789,0.000853323,0.00102138,0.00148771,0.00111296,0.00171927
all_features,xgb,shap,column,adj_vix_ma_5,adj_vix_ma_5,1,True,0.000999683,0.000739541,0.00129233,111,0,0.000456946,0.000161391,0.00156853,0.00165232,0.00194276,0.000567197,0.00022716,0.000476052,0.000401655,0.00112872,0.000821643,0.00103838
all_features,xgb,shap,column,adj_vix_ma_25,adj_vix_ma_25,1,True,0.000910009,0.000700384,0.00116789,126,0,0.000405154,9.67026e-05,0.00147446,0.00125182,0.00159219,0.000545454,0.000562197,0.000402604,0.000557471,0.000759678,0.000670859,0.00107387
all_features,xgb,shap,column,adj_vix_ma_125,adj_vix_ma_125,1,True,0.000431034,0.000357525,0.000514225,247,0,0.000182487,-2.25714e-05,0.000404916,0.00044244,0.000662461,0.00029505,0.000433854,0.000382357,0.000279553,0.000384466,0.000414157,0.000455028
all_features,xgb,shap,column,adj_vix_ma_625,adj_vix_ma_625,1,True,0.0021386,0.00169066,0.00261578,49,0,0.000898357,-0.000512704,0.00254264,0.00134896,0.0032044,0.00226313,0.00246347,0.00163667,0.000865977,0.00125921,0.00129904,0.00283542
all_features,xgb,shap,column,adj_vix_ma_3125,adj_vix_ma_3125,1,True,0.000703693,0.000595085,0.000822936,167,0,0.000306419,-0.000138718,0.000480002,0.00047395,0.000827818,0.000713976,0.00109749,0.000553229,0.000632538,0.000577479,0.000516808,0.000834766
all_features,xgb,shap,column,adj_vvix_ma_1,adj_vvix_ma_1,1,True,0.001603,0.00137487,0.00181993,65,0,0.000769853,7.13266e-05,0.00183854,0.00108248,0.00214324,0.00107929,0.00143199,0.00192993,0.00238284,0.00197247,0.00153087,0.00150904
all_features,xgb,shap,column,adj_vvix_ma_5,adj_vvix_ma_5,1,True,0.000774524,0.000682261,0.000862684,153,0,0.000341411,5.12514e-05,0.000887443,0.000536089,0.00082674,0.000826593,0.000777738,0.000831497,0.000852958,0.000738942,0.000736477,0.000804627
all_features,xgb,shap,column,adj_vvix_ma_25,adj_vvix_ma_25,1,True,0.000456042,0.000380059,0.000536338,233,0,0.000194529,-2.06288e-05,0.000296864,0.000268293,0.000464647,0.000555078,0.000364616,0.000676119,0.000588122,0.000476794,0.00049219,0.000431954
all_features,xgb,shap,column,adj_vvix_ma_125,adj_vvix_ma_125,1,True,0.0004524,0.000356293,0.000560965,239,0,0.000208318,7.32984e-05,0.000543109,0.000537451,0.000711483,0.000329153,0.000407057,0.000302502,0.000211203,0.000518754,0.000329677,0.000486884
all_features,xgb,shap,column,adj_vvix_ma_625,adj_vvix_ma_625,1,True,0.000826741,0.000667672,0.000996127,143,0,0.000374273,-0.000206426,0.000697921,0.000907234,0.00108592,0.0011321,0.000683678,0.000523166,0.000400695,0.000435763,0.000555734,0.0010887
all_features,xgb,shap,column,adj_vvix_ma_3125,adj_vvix_ma_3125,1,True,0.00141046,0.00103292,0.00184906,77,0,0.000593927,-5.00358e-05,0.000720218,0.000342313,0.00140252,0.00166336,0.0016068,0.00196285,0.00291711,0.00102982,0.00135856,0.00156633
all_features,xgb,shap,column,adj_vix3m_ma_1,adj_vix3m_ma_1,1,True,0.00065151,0.000461044,0.000932423,183,0,0.000440748,0.000211602,0.000496098,0.000635811,0.00145695,0.000690699,0.000232932,0.000370108,0.00050116,0.000573304,0.000606708,0.000699508
all_features,xgb,shap,column,adj_vix3m_ma_5,adj_vix3m_ma_5,1,True,0.000290062,0.000232214,0.000357304,297,0,0.000126557,1.67974e-05,0.000310703,0.000202066,0.000406181,0.000354914,0.000166398,0.000294834,0.000349247,0.000378399,0.000223629,0.00029061
all_features,xgb,shap,column,adj_vix3m_ma_25,adj_vix3m_ma_25,1,True,0.000259996,0.00021592,0.000304136,305,0,0.000113843,5.13469e-06,0.000280547,0.00027407,0.000315749,0.000240913,0.00016264,0.000257545,0.000379656,0.000367773,0.00030156,0.000203292
all_features,xgb,shap,column,adj_vix3m_ma_125,adj_vix3m_ma_125,1,True,0.000227777,0.00019075,0.00026418,308,0,9.60923e-05,-3.87334e-05,0.000212269,0.00021151,0.00012856,0.000228469,0.000269191,0.000285662,0.000304378,0.000290061,0.000160327,0.000237806
all_features,xgb,shap,column,adj_vix3m_ma_625,adj_vix3m_ma_625,1,True,0.00142251,0.00117293,0.00168298,76,0,0.00061151,-0.000421573,0.00183684,0.000938835,0.00180193,0.00171008,0.00165502,0.000944542,0.00099866,0.00095972,0.00103201,0.00176521
all_features,xgb,shap,column,adj_vix3m_ma_3125,adj_vix3m_ma_3125,1,True,0.000430207,0.000303905,0.000605717,248,0,0.000190276,-8.63054e-05,0.00054842,0.000666108,0.000556676,0.000394604,0.000285793,0.000210184,0.000325032,0.000260676,0.00033438,0.000533648
all_features,xgb,shap,column,adj_voldemand_spx_open_and_close_ma_1,adj_voldemand_spx_open_and_close_ma_1,1,True,0.000408391,0.000370001,0.000449154,257,0,0.0001753,-5.96806e-05,0.000469201,0.000461412,0.000330789,0.000439658,0.000375759,0.000354605,0.000553937,0.000463415,0.000440579,0.00037431
all_features,xgb,shap,column,adj_voldemand_spx_open_and_close_ma_5,adj_voldemand_spx_open_and_close_ma_5,1,True,0.000652287,0.000559533,0.000750904,182,0,0.000276496,2.25507e-05,0.000957772,0.000809834,0.000558877,0.000574243,0.000809166,0.000442171,0.000342123,0.000562399,0.000606219,0.000704915
all_features,xgb,shap,column,adj_voldemand_spx_open_and_close_ma_25,adj_voldemand_spx_open_and_close_ma_25,1,True,0.000459064,0.000375845,0.0005621,232,0,0.000203526,-3.89634e-05,0.00074941,0.000646093,0.000429799,0.00036313,0.000448057,0.000318682,0.000241013,0.000581223,0.000431043,0.000429946
all_features,xgb,shap,column,adj_voldemand_spx_open_and_close_ma_125,adj_voldemand_spx_open_and_close_ma_125,1,True,0.000885727,0.000751803,0.00101582,131,0,0.00042244,3.84719e-05,0.00095214,0.00113935,0.000906006,0.00121506,0.000839839,0.000450724,0.000357153,0.000732799,0.000724053,0.00101424
all_features,xgb,shap,column,adj_voldemand_spx_open_and_close_ma_625,adj_voldemand_spx_open_and_close_ma_625,1,True,0.00100307,0.000749413,0.00127131,109,0,0.000420808,-0.000273333,0.000545986,0.000444126,0.000575404,0.000513737,0.00212201,0.00155641,0.00120461,0.0008957,0.000912884,0.00108238
all_features,xgb,shap,column,adj_voldemand_spx_open_and_close_ma_3125,adj_voldemand_spx_open_and_close_ma_3125,1,True,0.000376743,0.00029976,0.000454474,271,0,0.000156374,-5.64728e-05,0.000370293,0.000106676,0.00028811,0.00042079,0.000563065,0.000487055,0.00047856,0.00029476,0.000304829,0.000438731
all_features,xgb,shap,column,adj_voldemand_spx_open_only_ma_1,adj_voldemand_spx_open_only_ma_1,1,True,0.00230357,0.00180557,0.00286848,41,0,0.000972205,4.92065e-05,0.00458413,0.00412057,0.00177615,0.00178397,0.00192596,0.00103546,0.00109209,0.00295398,0.00235189,0.00205613
all_features,xgb,shap,column,adj_voldemand_spx_open_only_ma_5,adj_voldemand_spx_open_only_ma_5,1,True,0.000595311,0.000491303,0.000707998,193,0,0.00027863,-1.65924e-05,0.000610564,0.000384129,0.000350259,0.000862104,0.000688005,0.000607676,0.000863971,0.000675775,0.000514261,0.000605419
all_features,xgb,shap,column,adj_voldemand_spx_open_only_ma_25,adj_voldemand_spx_open_only_ma_25,1,True,0.000484538,0.000389843,0.000585379,223,0,0.000205886,-8.61605e-05,0.000338198,0.000698025,0.000260552,0.000691559,0.000227792,0.000569206,0.000620976,0.000546186,0.000698043,0.000363329
all_features,xgb,shap,column,adj_voldemand_spx_open_only_ma_125,adj_voldemand_spx_open_only_ma_125,1,True,0.00111281,0.000932178,0.00131283,96,0,0.000508964,-4.64029e-05,0.000963933,0.00112145,0.00123524,0.00181153,0.00100981,0.000619744,0.000617049,0.00107696,0.000984384,0.00118529
all_features,xgb,shap,column,adj_voldemand_spx_open_only_ma_625,adj_voldemand_spx_open_only_ma_625,1,True,0.000354704,0.000271605,0.00046032,281,0,0.00015488,2.24575e-05,0.000574017,0.000195403,0.000346688,0.000549811,0.000180922,0.000361192,0.000455438,0.000461612,0.000346698,0.000321494
all_features,xgb,shap,column,adj_voldemand_spx_open_only_ma_3125,adj_voldemand_spx_open_only_ma_3125,1,True,0.000310897,0.000249068,0.000382665,292,0,0.00013818,-2.74575e-05,0.000278762,0.000180531,0.000215134,0.00029254,0.000297355,0.000502337,0.000591005,0.000286527,0.000438975,0.000259394
all_features,xgb,shap,column,adj_voldemand_all_open_and_close_ma_1,adj_voldemand_all_open_and_close_ma_1,1,True,0.000714643,0.000557385,0.000906572,164,0,0.000295634,-0.000129916,0.000497266,0.000513277,0.000347574,0.00108628,0.00108873,0.000747961,0.000431353,0.000467029,0.00077732,0.000770911
all_features,xgb,shap,column,adj_voldemand_all_open_and_close_ma_5,adj_voldemand_all_open_and_close_ma_5,1,True,0.000522606,0.000475497,0.000569506,213,0,0.000238591,5.69673e-05,0.000562555,0.000543436,0.00062536,0.000483626,0.000500225,0.000449775,0.00048779,0.000481737,0.00045778,0.000567065
all_features,xgb,shap,column,adj_voldemand_all_open_and_close_ma_25,adj_voldemand_all_open_and_close_ma_25,1,True,0.000495039,0.000428441,0.000562415,221,0,0.000219471,-9.8056e-06,0.000869932,0.000438806,0.000441554,0.000470064,0.000627764,0.000351996,0.000344136,0.000495421,0.000391202,0.000543492
all_features,xgb,shap,column,adj_voldemand_all_open_and_close_ma_125,adj_voldemand_all_open_and_close_ma_125,1,True,0.000686959,0.000563104,0.00085236,172,0,0.000308962,5.08157e-05,0.00156811,0.000704278,0.000498467,0.000566638,0.000759642,0.000466806,0.000623891,0.000869123,0.000723198,0.000607032
all_features,xgb,shap,column,adj_voldemand_all_open_and_close_ma_625,adj_voldemand_all_open_and_close_ma_625,1,True,0.00131486,0.00102079,0.0016917,81,0,0.000587885,-0.000248364,0.00128558,0.00120819,0.00247903,0.00111838,0.00129177,0.000788474,0.000390677,0.00103322,0.000989407,0.00156449
all_features,xgb,shap,column,adj_voldemand_all_open_and_close_ma_3125,adj_voldemand_all_open_and_close_ma_3125,1,True,0.000453038,0.000370197,0.000542988,238,0,0.000206665,-4.05055e-05,0.000440051,0.000244961,0.000565005,0.000604162,0.000489018,0.000456066,0.000203212,0.000350318,0.000409453,0.00050894
all_features,xgb,shap,column,adj_voldemand_all_open_only_ma_1,adj_voldemand_all_open_only_ma_1,1,True,0.00148063,0.00116707,0.00182942,72,0,0.000635072,-3.33405e-05,0.00347128,0.00234709,0.00119422,0.00132778,0.00105603,0.000692554,0.000580805,0.0019877,0.00148341,0.00130404
all_features,xgb,shap,column,adj_voldemand_all_open_only_ma_5,adj_voldemand_all_open_only_ma_5,1,True,0.000319029,0.000282133,0.000354924,290,0,0.000140192,1.33507e-05,0.000344412,0.000279664,0.000216056,0.000295275,0.000379616,0.000382414,0.00041553,0.000350472,0.000374491,0.000282209
all_features,xgb,shap,column,adj_voldemand_all_open_only_ma_25,adj_voldemand_all_open_only_ma_25,1,True,0.000287607,0.000245948,0.00033207,299,0,0.000125707,-1.41781e-05,0.000250348,0.000179044,0.000217189,0.000320075,0.000334772,0.000352719,0.000471001,0.000301621,0.000294751,0.000279419
all_features,xgb,shap,column,adj_voldemand_all_open_only_ma_125,adj_voldemand_all_open_only_ma_125,1,True,0.000373046,0.00030104,0.0004553,274,0,0.000164869,-7.14503e-06,0.000557711,0.000481096,0.000277321,0.000306549,0.000274126,0.000399354,0.000456696,0.000625488,0.00039483,0.000275588
all_features,xgb,shap,column,adj_voldemand_all_open_only_ma_625,adj_voldemand_all_open_only_ma_625,1,True,0.00150231,0.00128607,0.00174756,69,0,0.000677493,0.000144756,0.00208533,0.00183004,0.00166814,0.00137486,0.00107492,0.00124509,0.00150934,0.00206775,0.00153309,0.00129244
all_features,xgb,shap,column,adj_voldemand_all_open_only_ma_3125,adj_voldemand_all_open_only_ma_3125,1,True,0.000553199,0.000466361,0.000654703,204,0,0.000250625,4.46485e-07,0.000357876,0.00050637,0.000509962,0.000437722,0.000750688,0.00070947,0.000411507,0.000647618,0.000545562,0.000524134
all_features,xgb,shap,column,adj_ofi_ewstock_ma_1,adj_ofi_ewstock_ma_1,1,True,0.00618035,0.00448082,0.00781269,23,0,0.00247117,0.000183393,0.000981239,0.00101801,0.00309164,0.00641024,0.0102117,0.0114803,0.0112435,0.00626272,0.00643232,0.00603399
all_features,xgb,shap,column,adj_ofi_ewstock_ma_5,adj_ofi_ewstock_ma_5,1,True,0.00419946,0.00351798,0.00485224,29,0,0.00175305,0.000259671,0.00173895,0.00218629,0.00394234,0.00531444,0.00623845,0.00470061,0.00412093,0.00300399,0.00370353,0.00484477
all_features,xgb,shap,column,adj_ofi_ewstock_ma_25,adj_ofi_ewstock_ma_25,1,True,0.00182214,0.00137224,0.00229529,54,0,0.000744011,0.000154178,0.000570539,0.00100886,0.000976623,0.00125763,0.00315573,0.00293127,0.00329026,0.00158232,0.00191784,0.00186026
all_features,xgb,shap,column,adj_ofi_ewstock_ma_125,adj_ofi_ewstock_ma_125,1,True,0.00220888,0.00129589,0.00331904,46,0.00680272,0.000936222,0.000447335,0.000281408,0.000894673,0.00052297,0.000870875,0.00569714,0.00422571,0.001854,0.00161767,0.00178636,0.00261094
all_features,xgb,shap,column,adj_ofi_ewstock_ma_625,adj_ofi_ewstock_ma_625,1,True,0.00142609,0.000940473,0.00203603,75,0,0.000599106,3.47036e-05,0.00215426,0.00125,0.000417606,0.000375565,0.00287974,0.00195472,0.00105008,0.00142186,0.00127096,0.00150013
all_features,xgb,shap,column,adj_ofi_ewstock_ma_3125,adj_ofi_ewstock_ma_3125,1,True,0.000580354,0.000357485,0.000893882,196,0,0.000265018,6.66497e-05,0.00156456,0.000264382,0.000337133,0.000201409,0.00085306,0.000489126,0.00139527,0.000416889,0.000521015,0.000664626
all_features,xgb,shap,column,adj_ofi_vwstock_ma_1,adj_ofi_vwstock_ma_1,1,True,0.00124715,0.000946511,0.00159743,83,0,0.000521863,9.24901e-06,0.00107,0.000820592,0.000653817,0.000755901,0.00122291,0.00208042,0.00381461,0.00176933,0.00150099,0.000947879
all_features,xgb,shap,column,adj_ofi_vwstock_ma_5,adj_ofi_vwstock_ma_5,1,True,0.00168237,0.00134683,0.00207685,62,0,0.000722787,-3.81085e-05,0.00137131,0.0011793,0.00128731,0.00134521,0.00137083,0.00240572,0.00486382,0.00211529,0.00187512,0.00144253
all_features,xgb,shap,column,adj_ofi_vwstock_ma_25,adj_ofi_vwstock_ma_25,1,True,0.000749254,0.000639956,0.00089771,158,0,0.00034204,-1.64642e-06,0.000578639,0.000799784,0.000689723,0.000567129,0.000605421,0.000786034,0.00196722,0.000699961,0.000927197,0.000683034
all_features,xgb,shap,column,adj_ofi_vwstock_ma_125,adj_ofi_vwstock_ma_125,1,True,0.000922084,0.000710783,0.00120926,124,0,0.0004256,-2.71596e-05,0.000703879,0.00164901,0.000799387,0.000464375,0.00090481,0.000937497,0.000731356,0.00102243,0.00120568,0.000754701
all_features,xgb,shap,column,adj_ofi_vwstock_ma_625,adj_ofi_vwstock_ma_625,1,True,0.00127993,0.000993494,0.00160849,82,0,0.000585768,-0.00013702,0.00255037,0.00148815,0.000640501,0.00102523,0.00167151,0.000914871,0.00124963,0.00120112,0.00101186,0.0014326
all_features,xgb,shap,column,adj_ofi_vwstock_ma_3125,adj_ofi_vwstock_ma_3125,1,True,0.00052222,0.000389312,0.000680864,215,0,0.000230626,5.27801e-05,0.00024657,0.000378758,0.000298933,0.000614688,0.00106035,0.000416506,0.000493554,0.000291008,0.000473611,0.00062489
all_features,xgb,shap,column,adj_fomc_release_ma_1,adj_fomc_release_ma_1,1,False,0,0,0,0,0,0,0,0,0,0,0,0,0,0,0,0,0
all_features,xgb,shap,column,adj_fomc_release_ma_5,adj_fomc_release_ma_5,1,False,0,0,0,0,0,0,0,0,0,0,0,0,0,0,0,0,0
all_features,xgb,shap,column,adj_fomc_release_ma_25,adj_fomc_release_ma_25,1,False,0,0,0,0,0,0,0,0,0,0,0,0,0,0,0,0,0
all_features,xgb,shap,column,adj_fomc_release_ma_125,adj_fomc_release_ma_125,1,False,0,0,0,0,0,0,0,0,0,0,0,0,0,0,0,0,0
all_features,xgb,shap,column,adj_fomc_release_ma_625,adj_fomc_release_ma_625,1,False,0,0,0,0,0,0,0,0,0,0,0,0,0,0,0,0,0
all_features,xgb,shap,column,adj_fomc_release_ma_3125,adj_fomc_release_ma_3125,1,False,0,0,0,0,0,0,0,0,0,0,0,0,0,0,0,0,0
all_features,xgb,shap,column,adj_fomc_day_ma_1,adj_fomc_day_ma_1,1,True,7.91888e-06,1.81472e-06,1.64746e-05,360,0,3.47989e-06,6.05729e-08,2.72498e-05,6.50095e-07,4.83685e-06,0,2.68485e-05,0,0,7.623e-06,0,1.17264e-05
all_features,xgb,shap,column,adj_fomc_day_ma_5,adj_fomc_day_ma_5,1,True,0,0,0,393,0,0,0,0,0,0,0,0,0,0,0,0,0
all_features,xgb,shap,column,adj_fomc_day_ma_25,adj_fomc_day_ma_25,1,True,1.96924e-07,0,5.91173e-07,388,0,6.1449e-08,6.1449e-08,0,0,0,0,0,1.15712e-06,0,1.03315e-06,0,0
all_features,xgb,shap,column,adj_fomc_day_ma_125,adj_fomc_day_ma_125,1,True,0.000139059,0.000103811,0.000180755,313,0,5.89648e-05,-1.89966e-06,0.000257862,0.000178279,0.000145377,6.87578e-05,0.000107118,0.000165197,3.53296e-05,0.00023363,0.000136915,0.000107371
all_features,xgb,shap,column,adj_fomc_day_ma_625,adj_fomc_day_ma_625,1,True,0.000999516,0.000676987,0.00134233,112,0,0.000422398,-3.48542e-05,0.00251797,0.00183591,0.00155671,0.000364126,0.000385835,0.000309797,0.00012023,0.00129964,0.000970641,0.000909281
all_features,xgb,shap,column,adj_fomc_day_ma_3125,adj_fomc_day_ma_3125,1,True,8.26092e-05,5.13039e-05,0.000122767,323,0,3.47517e-05,-2.84748e-06,6.2574e-05,0.000135671,6.1812e-05,4.39041e-05,6.41877e-05,0.000134522,2.32603e-05,6.7485e-05,9.7806e-05,8.07268e-05
all_features,xgb,shap,column,adj_fomc_until_inv_ma_1,adj_fomc_until_inv_ma_1,1,True,0.00166027,0.00132206,0.00203123,63,0,0.000690994,-2.46409e-05,0.00132016,0.00151965,0.00151463,0.00097511,0.00232389,0.00244519,0.000727877,0.00170696,0.0016889,0.00163074
all_features,xgb,shap,column,adj_fomc_until_inv_ma_5,adj_fomc_until_inv_ma_5,1,True,0.000666438,0.000522853,0.000850142,179,0,0.000266809,1.15316e-05,0.000407758,0.000490063,0.000535543,0.000372979,0.00132183,0.000806344,0.000498719,0.000663301,0.000557752,0.000718376
all_features,xgb,shap,column,adj_fomc_until_inv_ma_25,adj_fomc_until_inv_ma_25,1,True,0.000634315,0.00049173,0.000796393,186,0,0.000267986,-3.78931e-06,0.000260682,0.000540396,0.000684566,0.00029184,0.00103113,0.000919854,0.000323684,0.000502373,0.00060262,0.000694755
all_features,xgb,shap,column,adj_fomc_until_inv_ma_125,adj_fomc_until_inv_ma_125,1,True,0.000412835,0.000357527,0.000474414,256,0,0.000173344,-3.39867e-06,0.000403487,0.00052829,0.000287717,0.000460008,0.000339755,0.000482751,0.000304915,0.000389422,0.000469499,0.000394415
all_features,xgb,shap,column,adj_fomc_until_inv_ma_625,adj_fomc_until_inv_ma_625,1,True,0.00139616,0.00119715,0.00162181,78,0,0.000576553,1.3973e-05,0.00261134,0.00141214,0.000991196,0.00155838,0.00127499,0.00128133,0.000858876,0.00153284,0.00135021,0.00137041
all_features,xgb,shap,column,adj_fomc_until_inv_ma_3125,adj_fomc_until_inv_ma_3125,1,True,0.00105233,0.000870644,0.00123842,101,0,0.000480371,-6.83586e-06,0.00146043,0.000616492,0.00151836,0.00115235,0.000801246,0.00104827,0.000831332,0.00108638,0.000687289,0.00121136
all_features,xgb,shap,column,adj_fomc_since_inv_ma_1,adj_fomc_since_inv_ma_1,1,True,0.00149612,0.00125846,0.00176633,71,0,0.000599987,-5.57652e-05,0.00125435,0.0015278,0.00133623,0.000923034,0.00201229,0.00210863,0.000537561,0.0014795,0.00137961,0.00155638
all_features,xgb,shap,column,adj_fomc_since_inv_ma_5,adj_fomc_since_inv_ma_5,1,True,0.000709759,0.000588596,0.000833319,166,0,0.000291103,-4.02015e-05,0.000828832,0.000905699,0.000967997,0.000518297,0.000653904,0.000610127,0.00014968,0.000791977,0.000598688,0.000733308
all_features,xgb,shap,column,adj_fomc_since_inv_ma_25,adj_fomc_since_inv_ma_25,1,True,0.00100697,0.000829273,0.00118783,108,0,0.000419192,-4.65829e-06,0.00146678,0.00142153,0.00112211,0.000559339,0.00103773,0.000895637,0.000193172,0.00103116,0.000974787,0.00101367
all_features,xgb,shap,column,adj_fomc_since_inv_ma_125,adj_fomc_since_inv_ma_125,1,True,0.000690761,0.000565169,0.000818369,169,0,0.000289343,-3.41258e-05,0.00098078,0.000813985,0.000996485,0.000469044,0.000723886,0.000434802,0.00024729,0.000652185,0.000532295,0.000778243
all_features,xgb,shap,column,adj_fomc_since_inv_ma_625,adj_fomc_since_inv_ma_625,1,True,0.000685906,0.000597494,0.000774851,173,0,0.000290802,-8.62786e-06,0.000418024,0.00050916,0.000827473,0.00053792,0.00075224,0.000891338,0.00086872,0.000665738,0.000633362,0.000717463
all_features,xgb,shap,column,adj_fomc_since_inv_ma_3125,adj_fomc_since_inv_ma_3125,1,True,0.00132807,0.000945557,0.0017466,80,0,0.000622376,-0.000164305,0.000479947,0.000669744,0.00288594,0.00140043,0.00116115,0.000960771,0.00142197,0.0010049,0.000723957,0.00172245
all_features,xgb,shap,column,sumret_avail_ma_1,sumret_avail_ma_1,1,False,0,0,0,0,0,0,0,0,0,0,0,0,0,0,0,0,0
all_features,xgb,shap,column,sumret_avail_ma_5,sumret_avail_ma_5,1,False,0,0,0,0,0,0,0,0,0,0,0,0,0,0,0,0,0
all_features,xgb,shap,column,sumret_avail_ma_25,sumret_avail_ma_25,1,False,0,0,0,0,0,0,0,0,0,0,0,0,0,0,0,0,0
all_features,xgb,shap,column,sumret_avail_ma_125,sumret_avail_ma_125,1,False,0,0,0,0,0,0,0,0,0,0,0,0,0,0,0,0,0
all_features,xgb,shap,column,sumret_avail_ma_625,sumret_avail_ma_625,1,False,0,0,0,0,0,0,0,0,0,0,0,0,0,0,0,0,0
all_features,xgb,shap,column,sumret_avail_ma_3125,sumret_avail_ma_3125,1,False,0,0,0,0,0,0,0,0,0,0,0,0,0,0,0,0,0
all_features,xgb,shap,column,sumabsret_avail_ma_1,sumabsret_avail_ma_1,1,False,0,0,0,0,0,0,0,0,0,0,0,0,0,0,0,0,0
all_features,xgb,shap,column,sumabsret_avail_ma_5,sumabsret_avail_ma_5,1,False,0,0,0,0,0,0,0,0,0,0,0,0,0,0,0,0,0
all_features,xgb,shap,column,sumabsret_avail_ma_25,sumabsret_avail_ma_25,1,False,0,0,0,0,0,0,0,0,0,0,0,0,0,0,0,0,0
all_features,xgb,shap,column,sumabsret_avail_ma_125,sumabsret_avail_ma_125,1,False,0,0,0,0,0,0,0,0,0,0,0,0,0,0,0,0,0
all_features,xgb,shap,column,sumabsret_avail_ma_625,sumabsret_avail_ma_625,1,False,0,0,0,0,0,0,0,0,0,0,0,0,0,0,0,0,0
all_features,xgb,shap,column,sumabsret_avail_ma_3125,sumabsret_avail_ma_3125,1,False,0,0,0,0,0,0,0,0,0,0,0,0,0,0,0,0,0
all_features,xgb,shap,column,sumret3_avail_ma_1,sumret3_avail_ma_1,1,False,0,0,0,0,0,0,0,0,0,0,0,0,0,0,0,0,0
all_features,xgb,shap,column,sumret3_avail_ma_5,sumret3_avail_ma_5,1,False,0,0,0,0,0,0,0,0,0,0,0,0,0,0,0,0,0
all_features,xgb,shap,column,sumret3_avail_ma_25,sumret3_avail_ma_25,1,False,0,0,0,0,0,0,0,0,0,0,0,0,0,0,0,0,0
all_features,xgb,shap,column,sumret3_avail_ma_125,sumret3_avail_ma_125,1,False,0,0,0,0,0,0,0,0,0,0,0,0,0,0,0,0,0
all_features,xgb,shap,column,sumret3_avail_ma_625,sumret3_avail_ma_625,1,False,0,0,0,0,0,0,0,0,0,0,0,0,0,0,0,0,0
all_features,xgb,shap,column,sumret3_avail_ma_3125,sumret3_avail_ma_3125,1,False,0,0,0,0,0,0,0,0,0,0,0,0,0,0,0,0,0
all_features,xgb,shap,column,sumret4_avail_ma_1,sumret4_avail_ma_1,1,False,0,0,0,0,0,0,0,0,0,0,0,0,0,0,0,0,0
all_features,xgb,shap,column,sumret4_avail_ma_5,sumret4_avail_ma_5,1,False,0,0,0,0,0,0,0,0,0,0,0,0,0,0,0,0,0
all_features,xgb,shap,column,sumret4_avail_ma_25,sumret4_avail_ma_25,1,False,0,0,0,0,0,0,0,0,0,0,0,0,0,0,0,0,0
all_features,xgb,shap,column,sumret4_avail_ma_125,sumret4_avail_ma_125,1,False,0,0,0,0,0,0,0,0,0,0,0,0,0,0,0,0,0
all_features,xgb,shap,column,sumret4_avail_ma_625,sumret4_avail_ma_625,1,False,0,0,0,0,0,0,0,0,0,0,0,0,0,0,0,0,0
all_features,xgb,shap,column,sumret4_avail_ma_3125,sumret4_avail_ma_3125,1,False,0,0,0,0,0,0,0,0,0,0,0,0,0,0,0,0,0
all_features,xgb,shap,column,sumpret2_avail_ma_1,sumpret2_avail_ma_1,1,False,0,0,0,0,0,0,0,0,0,0,0,0,0,0,0,0,0
all_features,xgb,shap,column,sumpret2_avail_ma_5,sumpret2_avail_ma_5,1,False,0,0,0,0,0,0,0,0,0,0,0,0,0,0,0,0,0
all_features,xgb,shap,column,sumpret2_avail_ma_25,sumpret2_avail_ma_25,1,False,0,0,0,0,0,0,0,0,0,0,0,0,0,0,0,0,0
all_features,xgb,shap,column,sumpret2_avail_ma_125,sumpret2_avail_ma_125,1,False,0,0,0,0,0,0,0,0,0,0,0,0,0,0,0,0,0
all_features,xgb,shap,column,sumpret2_avail_ma_625,sumpret2_avail_ma_625,1,False,0,0,0,0,0,0,0,0,0,0,0,0,0,0,0,0,0
all_features,xgb,shap,column,sumpret2_avail_ma_3125,sumpret2_avail_ma_3125,1,False,0,0,0,0,0,0,0,0,0,0,0,0,0,0,0,0,0
all_features,xgb,shap,column,sumbipow_avail_ma_1,sumbipow_avail_ma_1,1,False,0,0,0,0,0,0,0,0,0,0,0,0,0,0,0,0,0
all_features,xgb,shap,column,sumbipow_avail_ma_5,sumbipow_avail_ma_5,1,False,0,0,0,0,0,0,0,0,0,0,0,0,0,0,0,0,0
all_features,xgb,shap,column,sumbipow_avail_ma_25,sumbipow_avail_ma_25,1,False,0,0,0,0,0,0,0,0,0,0,0,0,0,0,0,0,0
all_features,xgb,shap,column,sumbipow_avail_ma_125,sumbipow_avail_ma_125,1,False,0,0,0,0,0,0,0,0,0,0,0,0,0,0,0,0,0
all_features,xgb,shap,column,sumbipow_avail_ma_625,sumbipow_avail_ma_625,1,False,0,0,0,0,0,0,0,0,0,0,0,0,0,0,0,0,0
all_features,xgb,shap,column,sumbipow_avail_ma_3125,sumbipow_avail_ma_3125,1,False,0,0,0,0,0,0,0,0,0,0,0,0,0,0,0,0,0
all_features,xgb,shap,column,sumautocov_avail_ma_1,sumautocov_avail_ma_1,1,False,0,0,0,0,0,0,0,0,0,0,0,0,0,0,0,0,0
all_features,xgb,shap,column,sumautocov_avail_ma_5,sumautocov_avail_ma_5,1,False,0,0,0,0,0,0,0,0,0,0,0,0,0,0,0,0,0
all_features,xgb,shap,column,sumautocov_avail_ma_25,sumautocov_avail_ma_25,1,False,0,0,0,0,0,0,0,0,0,0,0,0,0,0,0,0,0
all_features,xgb,shap,column,sumautocov_avail_ma_125,sumautocov_avail_ma_125,1,False,0,0,0,0,0,0,0,0,0,0,0,0,0,0,0,0,0
all_features,xgb,shap,column,sumautocov_avail_ma_625,sumautocov_avail_ma_625,1,False,0,0,0,0,0,0,0,0,0,0,0,0,0,0,0,0,0
all_features,xgb,shap,column,sumautocov_avail_ma_3125,sumautocov_avail_ma_3125,1,False,0,0,0,0,0,0,0,0,0,0,0,0,0,0,0,0,0
all_features,xgb,shap,column,sumvolume_avail_ma_1,sumvolume_avail_ma_1,1,False,0,0,0,0,0,0,0,0,0,0,0,0,0,0,0,0,0
all_features,xgb,shap,column,sumvolume_avail_ma_5,sumvolume_avail_ma_5,1,False,0,0,0,0,0,0,0,0,0,0,0,0,0,0,0,0,0
all_features,xgb,shap,column,sumvolume_avail_ma_25,sumvolume_avail_ma_25,1,False,0,0,0,0,0,0,0,0,0,0,0,0,0,0,0,0,0
all_features,xgb,shap,column,sumvolume_avail_ma_125,sumvolume_avail_ma_125,1,False,0,0,0,0,0,0,0,0,0,0,0,0,0,0,0,0,0
all_features,xgb,shap,column,sumvolume_avail_ma_625,sumvolume_avail_ma_625,1,False,0,0,0,0,0,0,0,0,0,0,0,0,0,0,0,0,0
all_features,xgb,shap,column,sumvolume_avail_ma_3125,sumvolume_avail_ma_3125,1,False,0,0,0,0,0,0,0,0,0,0,0,0,0,0,0,0,0
all_features,xgb,shap,column,numobs_avail_ma_1,numobs_avail_ma_1,1,False,0,0,0,0,0,0,0,0,0,0,0,0,0,0,0,0,0
all_features,xgb,shap,column,numobs_avail_ma_5,numobs_avail_ma_5,1,False,0,0,0,0,0,0,0,0,0,0,0,0,0,0,0,0,0
all_features,xgb,shap,column,numobs_avail_ma_25,numobs_avail_ma_25,1,False,0,0,0,0,0,0,0,0,0,0,0,0,0,0,0,0,0
all_features,xgb,shap,column,numobs_avail_ma_125,numobs_avail_ma_125,1,False,0,0,0,0,0,0,0,0,0,0,0,0,0,0,0,0,0
all_features,xgb,shap,column,numobs_avail_ma_625,numobs_avail_ma_625,1,False,0,0,0,0,0,0,0,0,0,0,0,0,0,0,0,0,0
all_features,xgb,shap,column,numobs_avail_ma_3125,numobs_avail_ma_3125,1,False,0,0,0,0,0,0,0,0,0,0,0,0,0,0,0,0,0
all_features,xgb,shap,column,sumret2_ewstock_avail_ma_1,sumret2_ewstock_avail_ma_1,1,True,0,0,0,393,0,0,0,0,0,0,0,0,0,0,0,0,0
all_features,xgb,shap,column,sumret2_ewstock_avail_ma_5,sumret2_ewstock_avail_ma_5,1,True,0,0,0,393,0,0,0,0,0,0,0,0,0,0,0,0,0
all_features,xgb,shap,column,sumret2_ewstock_avail_ma_25,sumret2_ewstock_avail_ma_25,1,True,4.85172e-06,1.00946e-06,9.88406e-06,365,0,2.17257e-06,-2.07812e-06,3.81436e-05,8.34043e-06,0,0,0,0,0,1.21949e-05,4.33104e-06,2.55697e-06
all_features,xgb,shap,column,sumret2_ewstock_avail_ma_125,sumret2_ewstock_avail_ma_125,1,True,1.10148e-05,4.40763e-06,1.91717e-05,355,0,5.00795e-06,-3.23808e-06,4.37954e-05,3.49223e-06,3.38946e-05,3.16996e-06,1.25263e-06,0,0,8.0667e-06,1.3527e-05,1.08583e-05
all_features,xgb,shap,column,sumret2_ewstock_avail_ma_625,sumret2_ewstock_avail_ma_625,1,True,0.000804678,0.00047962,0.00117218,147,0,0.000319412,1.25992e-05,0.000183762,0.000141552,0.000149995,0.000285408,0.00100146,0.00191501,0.00358751,0.000948584,0.00132826,0.000509951
all_features,xgb,shap,column,sumret2_ewstock_avail_ma_3125,sumret2_ewstock_avail_ma_3125,1,True,0.000787722,0.000494875,0.00114321,149,0,0.000315426,-6.06428e-05,0.000126117,0.000179516,0.000318452,0.00045913,0.000924992,0.00221552,0.00145027,0.000833777,0.00117542,0.0005904
all_features,xgb,shap,column,sumret3_ewstock_avail_ma_1,sumret3_ewstock_avail_ma_1,1,True,0,0,0,393,0,0,0,0,0,0,0,0,0,0,0,0,0
all_features,xgb,shap,column,sumret3_ewstock_avail_ma_5,sumret3_ewstock_avail_ma_5,1,True,0,0,0,393,0,0,0,0,0,0,0,0,0,0,0,0,0
all_features,xgb,shap,column,sumret3_ewstock_avail_ma_25,sumret3_ewstock_avail_ma_25,1,True,7.08628e-06,2.40159e-06,1.37805e-05,362,0,4.2547e-06,1.88732e-06,4.41992e-05,1.21436e-05,1.90437e-06,4.12167e-06,0,0,0,2.13042e-05,4.05291e-06,3.59075e-06
all_features,xgb,shap,column,sumret3_ewstock_avail_ma_125,sumret3_ewstock_avail_ma_125,1,True,1.97965e-05,1.13243e-05,2.99822e-05,351,0,1.02441e-05,-1.57e-06,4.76672e-05,3.6587e-05,3.90313e-05,1.16967e-05,2.75848e-06,0,0,1.03916e-05,2.23878e-05,2.18351e-05
all_features,xgb,shap,column,sumret3_ewstock_avail_ma_625,sumret3_ewstock_avail_ma_625,1,True,0.000544816,0.000407381,0.000699377,205,0,0.0002134,1.73114e-05,0.000243398,0.000318723,0.000219414,0.000532635,0.00107082,0.000610844,0.000979712,0.000538189,0.000494029,0.00057087
all_features,xgb,shap,column,sumret3_ewstock_avail_ma_3125,sumret3_ewstock_avail_ma_3125,1,True,0.000901505,0.000652891,0.00117157,128,0,0.000373086,7.86701e-05,0.000297637,0.000458362,0.00130234,0.00151987,0.00118419,0.000567665,0.000290241,0.00042322,0.000693487,0.00116417
all_features,xgb,shap,column,sumret4_ewstock_avail_ma_1,sumret4_ewstock_avail_ma_1,1,True,0,0,0,393,0,0,0,0,0,0,0,0,0,0,0,0,0
all_features,xgb,shap,column,sumret4_ewstock_avail_ma_5,sumret4_ewstock_avail_ma_5,1,True,0,0,0,393,0,0,0,0,0,0,0,0,0,0,0,0,0
all_features,xgb,shap,column,sumret4_ewstock_avail_ma_25,sumret4_ewstock_avail_ma_25,1,True,3.73484e-07,0,1.0584e-06,386,0,1.53693e-07,-1.53693e-07,0,1.7596e-06,3.64607e-07,0,0,0,0,0,0,6.77344e-07
all_features,xgb,shap,column,sumret4_ewstock_avail_ma_125,sumret4_ewstock_avail_ma_125,1,True,5.34423e-06,1.10566e-06,1.08365e-05,364,0,2.64605e-06,-2.35715e-06,8.11067e-07,1.95771e-05,9.13279e-06,1.48795e-06,0,0,0,0,5.70699e-06,7.02189e-06
all_features,xgb,shap,column,sumret4_ewstock_avail_ma_625,sumret4_ewstock_avail_ma_625,1,True,0.000121619,8.28879e-05,0.000162866,317,0,5.03245e-05,-5.01065e-06,7.56796e-05,8.07209e-05,5.1826e-05,8.73545e-05,0.000246782,0.000128004,0.000244825,0.000123413,8.35855e-05,0.000138795
all_features,xgb,shap,column,sumret4_ewstock_avail_ma_3125,sumret4_ewstock_avail_ma_3125,1,True,0.000123631,8.46517e-05,0.000163406,316,0,5.26524e-05,-2.27618e-05,9.78804e-06,4.034e-05,6.99103e-05,0.000148593,0.000276139,0.000163005,6.88783e-05,6.2142e-05,0.00011262,0.000150039
all_features,xgb,shap,column,sumabsret_ewstock_avail_ma_1,sumabsret_ewstock_avail_ma_1,1,True,0,0,0,393,0,0,0,0,0,0,0,0,0,0,0,0,0
all_features,xgb,shap,column,sumabsret_ewstock_avail_ma_5,sumabsret_ewstock_avail_ma_5,1,True,0,0,0,393,0,0,0,0,0,0,0,0,0,0,0,0,0
all_features,xgb,shap,column,sumabsret_ewstock_avail_ma_25,sumabsret_ewstock_avail_ma_25,1,True,5.97882e-07,0,1.79487e-06,383,0,2.62688e-07,-2.62688e-07,0,3.37804e-06,0,0,0,0,0,0,0,1.08431e-06
all_features,xgb,shap,column,sumabsret_ewstock_avail_ma_125,sumabsret_ewstock_avail_ma_125,1,True,0,0,0,393,0,0,0,0,0,0,0,0,0,0,0,0,0
all_features,xgb,shap,column,sumabsret_ewstock_avail_ma_625,sumabsret_ewstock_avail_ma_625,1,True,4.61237e-05,2.49635e-05,6.99116e-05,332,0,1.92058e-05,9.51652e-07,3.89317e-05,6.55719e-07,2.71581e-05,3.05163e-05,0.000115705,6.32246e-05,4.26973e-05,2.10745e-05,4.02235e-05,5.75435e-05
all_features,xgb,shap,column,sumabsret_ewstock_avail_ma_3125,sumabsret_ewstock_avail_ma_3125,1,True,8.35282e-05,5.55306e-05,0.000117835,322,0,3.29163e-05,-9.03177e-06,1.87015e-05,2.35601e-05,4.04741e-05,0.000122095,0.00015802,0.000125424,3.34528e-05,5.6563e-05,0.000103713,8.3405e-05
all_features,xgb,shap,column,sumbipow_ewstock_avail_ma_1,sumbipow_ewstock_avail_ma_1,1,True,0,0,0,393,0,0,0,0,0,0,0,0,0,0,0,0,0
all_features,xgb,shap,column,sumbipow_ewstock_avail_ma_5,sumbipow_ewstock_avail_ma_5,1,True,0,0,0,393,0,0,0,0,0,0,0,0,0,0,0,0,0
all_features,xgb,shap,column,sumbipow_ewstock_avail_ma_25,sumbipow_ewstock_avail_ma_25,1,True,1.5591e-07,0,4.68049e-07,390,0,5.52952e-08,-5.52952e-08,1.76178e-06,0,0,0,0,0,0,8.17971e-07,0,0
all_features,xgb,shap,column,sumbipow_ewstock_avail_ma_125,sumbipow_ewstock_avail_ma_125,1,True,0,0,0,393,0,0,0,0,0,0,0,0,0,0,0,0,0
all_features,xgb,shap,column,sumbipow_ewstock_avail_ma_625,sumbipow_ewstock_avail_ma_625,1,True,6.95643e-06,6.89009e-07,1.62335e-05,363,0,2.8698e-06,-2.18682e-06,4.50853e-05,1.36086e-06,1.11558e-05,8.27142e-07,4.0333e-06,0,0,2.09325e-05,0,5.38012e-06
all_features,xgb,shap,column,sumbipow_ewstock_avail_ma_3125,sumbipow_ewstock_avail_ma_3125,1,True,9.2244e-06,3.07696e-06,1.69296e-05,358,0,3.56754e-06,-1.35873e-06,1.03715e-05,1.14665e-06,0,2.1595e-05,1.91308e-05,0,2.18073e-05,1.20328e-05,2.68924e-06,1.13114e-05
all_features,xgb,shap,column,sumpret2_ewstock_avail_ma_1,sumpret2_ewstock_avail_ma_1,1,True,0,0,0,393,0,0,0,0,0,0,0,0,0,0,0,0,0
all_features,xgb,shap,column,sumpret2_ewstock_avail_ma_5,sumpret2_ewstock_avail_ma_5,1,True,0,0,0,393,0,0,0,0,0,0,0,0,0,0,0,0,0
all_features,xgb,shap,column,sumpret2_ewstock_avail_ma_25,sumpret2_ewstock_avail_ma_25,1,True,0,0,0,393,0,0,0,0,0,0,0,0,0,0,0,0,0
all_features,xgb,shap,column,sumpret2_ewstock_avail_ma_125,sumpret2_ewstock_avail_ma_125,1,True,0,0,0,393,0,0,0,0,0,0,0,0,0,0,0,0,0
all_features,xgb,shap,column,sumpret2_ewstock_avail_ma_625,sumpret2_ewstock_avail_ma_625,1,True,3.59603e-07,0,1.07954e-06,387,0,1.25775e-07,-1.25775e-07,0,0,0,0,2.11303e-06,0,0,0,0,6.52169e-07
all_features,xgb,shap,column,sumpret2_ewstock_avail_ma_3125,sumpret2_ewstock_avail_ma_3125,1,True,0,0,0,393,0,0,0,0,0,0,0,0,0,0,0,0,0
all_features,xgb,shap,column,turnover_ewstock_avail_ma_1,turnover_ewstock_avail_ma_1,1,True,0,0,0,393,0,0,0,0,0,0,0,0,0,0,0,0,0
all_features,xgb,shap,column,turnover_ewstock_avail_ma_5,turnover_ewstock_avail_ma_5,1,True,0,0,0,393,0,0,0,0,0,0,0,0,0,0,0,0,0
all_features,xgb,shap,column,turnover_ewstock_avail_ma_25,turnover_ewstock_avail_ma_25,1,True,0,0,0,393,0,0,0,0,0,0,0,0,0,0,0,0,0
all_features,xgb,shap,column,turnover_ewstock_avail_ma_125,turnover_ewstock_avail_ma_125,1,True,0,0,0,393,0,0,0,0,0,0,0,0,0,0,0,0,0
all_features,xgb,shap,column,turnover_ewstock_avail_ma_625,turnover_ewstock_avail_ma_625,1,True,0,0,0,393,0,0,0,0,0,0,0,0,0,0,0,0,0
all_features,xgb,shap,column,turnover_ewstock_avail_ma_3125,turnover_ewstock_avail_ma_3125,1,True,0,0,0,393,0,0,0,0,0,0,0,0,0,0,0,0,0
all_features,xgb,shap,column,buyturnover_ewstock_avail_ma_1,buyturnover_ewstock_avail_ma_1,1,True,0,0,0,393,0,0,0,0,0,0,0,0,0,0,0,0,0
all_features,xgb,shap,column,buyturnover_ewstock_avail_ma_5,buyturnover_ewstock_avail_ma_5,1,True,0,0,0,393,0,0,0,0,0,0,0,0,0,0,0,0,0
all_features,xgb,shap,column,buyturnover_ewstock_avail_ma_25,buyturnover_ewstock_avail_ma_25,1,True,0,0,0,393,0,0,0,0,0,0,0,0,0,0,0,0,0
all_features,xgb,shap,column,buyturnover_ewstock_avail_ma_125,buyturnover_ewstock_avail_ma_125,1,True,0,0,0,393,0,0,0,0,0,0,0,0,0,0,0,0,0
all_features,xgb,shap,column,buyturnover_ewstock_avail_ma_625,buyturnover_ewstock_avail_ma_625,1,True,0,0,0,393,0,0,0,0,0,0,0,0,0,0,0,0,0
all_features,xgb,shap,column,buyturnover_ewstock_avail_ma_3125,buyturnover_ewstock_avail_ma_3125,1,True,0,0,0,393,0,0,0,0,0,0,0,0,0,0,0,0,0
all_features,xgb,shap,column,sellturnover_ewstock_avail_ma_1,sellturnover_ewstock_avail_ma_1,1,True,0,0,0,393,0,0,0,0,0,0,0,0,0,0,0,0,0
all_features,xgb,shap,column,sellturnover_ewstock_avail_ma_5,sellturnover_ewstock_avail_ma_5,1,True,0,0,0,393,0,0,0,0,0,0,0,0,0,0,0,0,0
all_features,xgb,shap,column,sellturnover_ewstock_avail_ma_25,sellturnover_ewstock_avail_ma_25,1,True,0,0,0,393,0,0,0,0,0,0,0,0,0,0,0,0,0
all_features,xgb,shap,column,sellturnover_ewstock_avail_ma_125,sellturnover_ewstock_avail_ma_125,1,True,0,0,0,393,0,0,0,0,0,0,0,0,0,0,0,0,0
all_features,xgb,shap,column,sellturnover_ewstock_avail_ma_625,sellturnover_ewstock_avail_ma_625,1,True,0,0,0,393,0,0,0,0,0,0,0,0,0,0,0,0,0
all_features,xgb,shap,column,sellturnover_ewstock_avail_ma_3125,sellturnover_ewstock_avail_ma_3125,1,True,0,0,0,393,0,0,0,0,0,0,0,0,0,0,0,0,0
all_features,xgb,shap,column,effspread_ewstock_avail_ma_1,effspread_ewstock_avail_ma_1,1,True,0,0,0,393,0,0,0,0,0,0,0,0,0,0,0,0,0
all_features,xgb,shap,column,effspread_ewstock_avail_ma_5,effspread_ewstock_avail_ma_5,1,True,0,0,0,393,0,0,0,0,0,0,0,0,0,0,0,0,0
all_features,xgb,shap,column,effspread_ewstock_avail_ma_25,effspread_ewstock_avail_ma_25,1,True,0,0,0,393,0,0,0,0,0,0,0,0,0,0,0,0,0
all_features,xgb,shap,column,effspread_ewstock_avail_ma_125,effspread_ewstock_avail_ma_125,1,True,0,0,0,393,0,0,0,0,0,0,0,0,0,0,0,0,0
all_features,xgb,shap,column,effspread_ewstock_avail_ma_625,effspread_ewstock_avail_ma_625,1,True,0,0,0,393,0,0,0,0,0,0,0,0,0,0,0,0,0
all_features,xgb,shap,column,effspread_ewstock_avail_ma_3125,effspread_ewstock_avail_ma_3125,1,True,0,0,0,393,0,0,0,0,0,0,0,0,0,0,0,0,0
all_features,xgb,shap,column,spread_ewstock_avail_ma_1,spread_ewstock_avail_ma_1,1,True,0,0,0,393,0,0,0,0,0,0,0,0,0,0,0,0,0
all_features,xgb,shap,column,spread_ewstock_avail_ma_5,spread_ewstock_avail_ma_5,1,True,0,0,0,393,0,0,0,0,0,0,0,0,0,0,0,0,0
all_features,xgb,shap,column,spread_ewstock_avail_ma_25,spread_ewstock_avail_ma_25,1,True,0,0,0,393,0,0,0,0,0,0,0,0,0,0,0,0,0
all_features,xgb,shap,column,spread_ewstock_avail_ma_125,spread_ewstock_avail_ma_125,1,True,0,0,0,393,0,0,0,0,0,0,0,0,0,0,0,0,0
all_features,xgb,shap,column,spread_ewstock_avail_ma_625,spread_ewstock_avail_ma_625,1,True,4.36083e-06,3.95906e-07,1.14382e-05,366,0,1.76952e-06,-6.17184e-07,3.89568e-05,5.16028e-06,0,0,0,0,0,1.5778e-05,4.19148e-06,4.93396e-07
all_features,xgb,shap,column,spread_ewstock_avail_ma_3125,spread_ewstock_avail_ma_3125,1,True,2.90956e-05,9.28946e-06,5.65189e-05,339,0,1.11093e-05,-6.80287e-06,0.000188482,3.5672e-05,3.58562e-05,0,0,0,0,4.76626e-05,2.51865e-05,2.45065e-05
all_features,xgb,shap,column,sumret2_vwstock_avail_ma_1,sumret2_vwstock_avail_ma_1,1,True,0,0,0,393,0,0,0,0,0,0,0,0,0,0,0,0,0
all_features,xgb,shap,column,sumret2_vwstock_avail_ma_5,sumret2_vwstock_avail_ma_5,1,True,0,0,0,393,0,0,0,0,0,0,0,0,0,0,0,0,0
all_features,xgb,shap,column,sumret2_vwstock_avail_ma_25,sumret2_vwstock_avail_ma_25,1,True,0,0,0,393,0,0,0,0,0,0,0,0,0,0,0,0,0
all_features,xgb,shap,column,sumret2_vwstock_avail_ma_125,sumret2_vwstock_avail_ma_125,1,True,0,0,0,393,0,0,0,0,0,0,0,0,0,0,0,0,0
all_features,xgb,shap,column,sumret2_vwstock_avail_ma_625,sumret2_vwstock_avail_ma_625,1,True,0,0,0,393,0,0,0,0,0,0,0,0,0,0,0,0,0
all_features,xgb,shap,column,sumret2_vwstock_avail_ma_3125,sumret2_vwstock_avail_ma_3125,1,True,0,0,0,393,0,0,0,0,0,0,0,0,0,0,0,0,0
all_features,xgb,shap,column,sumret3_vwstock_avail_ma_1,sumret3_vwstock_avail_ma_1,1,True,0,0,0,393,0,0,0,0,0,0,0,0,0,0,0,0,0
all_features,xgb,shap,column,sumret3_vwstock_avail_ma_5,sumret3_vwstock_avail_ma_5,1,True,0,0,0,393,0,0,0,0,0,0,0,0,0,0,0,0,0
all_features,xgb,shap,column,sumret3_vwstock_avail_ma_25,sumret3_vwstock_avail_ma_25,1,True,1.98682e-06,3.62303e-07,4.34159e-06,376,0,8.16146e-07,-1.49181e-07,5.04414e-06,7.27819e-06,8.07389e-07,6.74908e-07,0,0,0,9.1339e-07,4.17677e-06,1.33321e-06
all_features,xgb,shap,column,sumret3_vwstock_avail_ma_125,sumret3_vwstock_avail_ma_125,1,True,1.11447e-05,4.32053e-06,2.01135e-05,354,0,5.12801e-06,-2.19288e-07,2.24869e-05,3.61482e-05,1.15192e-05,1.95254e-06,2.72692e-06,0,0,2.69665e-06,2.07866e-05,9.55349e-06
all_features,xgb,shap,column,sumret3_vwstock_avail_ma_625,sumret3_vwstock_avail_ma_625,1,True,0.000126973,8.06386e-05,0.00017556,315,0,5.00208e-05,9.9705e-06,0.000156789,8.49033e-05,0.000104838,0.000142311,0.000329116,0,0,7.43075e-05,4.03332e-05,0.000185718
all_features,xgb,shap,column,sumret3_vwstock_avail_ma_3125,sumret3_vwstock_avail_ma_3125,1,True,0.000269087,0.000175869,0.000367419,303,0,0.000114972,2.66196e-05,0.000103675,0.000219794,0.000310126,0.000586579,0.000371072,3.08819e-05,0,5.61183e-05,0.000185209,0.000381952
all_features,xgb,shap,column,sumret4_vwstock_avail_ma_1,sumret4_vwstock_avail_ma_1,1,True,0,0,0,393,0,0,0,0,0,0,0,0,0,0,0,0,0
all_features,xgb,shap,column,sumret4_vwstock_avail_ma_5,sumret4_vwstock_avail_ma_5,1,True,0,0,0,393,0,0,0,0,0,0,0,0,0,0,0,0,0
all_features,xgb,shap,column,sumret4_vwstock_avail_ma_25,sumret4_vwstock_avail_ma_25,1,True,0,0,0,393,0,0,0,0,0,0,0,0,0,0,0,0,0
all_features,xgb,shap,column,sumret4_vwstock_avail_ma_125,sumret4_vwstock_avail_ma_125,1,True,0,0,0,393,0,0,0,0,0,0,0,0,0,0,0,0,0
all_features,xgb,shap,column,sumret4_vwstock_avail_ma_625,sumret4_vwstock_avail_ma_625,1,True,0,0,0,393,0,0,0,0,0,0,0,0,0,0,0,0,0
all_features,xgb,shap,column,sumret4_vwstock_avail_ma_3125,sumret4_vwstock_avail_ma_3125,1,True,0,0,0,393,0,0,0,0,0,0,0,0,0,0,0,0,0
all_features,xgb,shap,column,sumabsret_vwstock_avail_ma_1,sumabsret_vwstock_avail_ma_1,1,True,0,0,0,393,0,0,0,0,0,0,0,0,0,0,0,0,0
all_features,xgb,shap,column,sumabsret_vwstock_avail_ma_5,sumabsret_vwstock_avail_ma_5,1,True,0,0,0,393,0,0,0,0,0,0,0,0,0,0,0,0,0
all_features,xgb,shap,column,sumabsret_vwstock_avail_ma_25,sumabsret_vwstock_avail_ma_25,1,True,0,0,0,393,0,0,0,0,0,0,0,0,0,0,0,0,0
all_features,xgb,shap,column,sumabsret_vwstock_avail_ma_125,sumabsret_vwstock_avail_ma_125,1,True,0,0,0,393,0,0,0,0,0,0,0,0,0,0,0,0,0
all_features,xgb,shap,column,sumabsret_vwstock_avail_ma_625,sumabsret_vwstock_avail_ma_625,1,True,0,0,0,393,0,0,0,0,0,0,0,0,0,0,0,0,0
all_features,xgb,shap,column,sumabsret_vwstock_avail_ma_3125,sumabsret_vwstock_avail_ma_3125,1,True,0,0,0,393,0,0,0,0,0,0,0,0,0,0,0,0,0
all_features,xgb,shap,column,sumbipow_vwstock_avail_ma_1,sumbipow_vwstock_avail_ma_1,1,True,0,0,0,393,0,0,0,0,0,0,0,0,0,0,0,0,0
all_features,xgb,shap,column,sumbipow_vwstock_avail_ma_5,sumbipow_vwstock_avail_ma_5,1,True,0,0,0,393,0,0,0,0,0,0,0,0,0,0,0,0,0
all_features,xgb,shap,column,sumbipow_vwstock_avail_ma_25,sumbipow_vwstock_avail_ma_25,1,True,0,0,0,393,0,0,0,0,0,0,0,0,0,0,0,0,0
all_features,xgb,shap,column,sumbipow_vwstock_avail_ma_125,sumbipow_vwstock_avail_ma_125,1,True,0,0,0,393,0,0,0,0,0,0,0,0,0,0,0,0,0
all_features,xgb,shap,column,sumbipow_vwstock_avail_ma_625,sumbipow_vwstock_avail_ma_625,1,True,0,0,0,393,0,0,0,0,0,0,0,0,0,0,0,0,0
all_features,xgb,shap,column,sumbipow_vwstock_avail_ma_3125,sumbipow_vwstock_avail_ma_3125,1,True,0,0,0,393,0,0,0,0,0,0,0,0,0,0,0,0,0
all_features,xgb,shap,column,sumpret2_vwstock_avail_ma_1,sumpret2_vwstock_avail_ma_1,1,True,0,0,0,393,0,0,0,0,0,0,0,0,0,0,0,0,0
all_features,xgb,shap,column,sumpret2_vwstock_avail_ma_5,sumpret2_vwstock_avail_ma_5,1,True,0,0,0,393,0,0,0,0,0,0,0,0,0,0,0,0,0
all_features,xgb,shap,column,sumpret2_vwstock_avail_ma_25,sumpret2_vwstock_avail_ma_25,1,True,0,0,0,393,0,0,0,0,0,0,0,0,0,0,0,0,0
all_features,xgb,shap,column,sumpret2_vwstock_avail_ma_125,sumpret2_vwstock_avail_ma_125,1,True,0,0,0,393,0,0,0,0,0,0,0,0,0,0,0,0,0
all_features,xgb,shap,column,sumpret2_vwstock_avail_ma_625,sumpret2_vwstock_avail_ma_625,1,True,0,0,0,393,0,0,0,0,0,0,0,0,0,0,0,0,0
all_features,xgb,shap,column,sumpret2_vwstock_avail_ma_3125,sumpret2_vwstock_avail_ma_3125,1,True,0,0,0,393,0,0,0,0,0,0,0,0,0,0,0,0,0
all_features,xgb,shap,column,turnover_vwstock_avail_ma_1,turnover_vwstock_avail_ma_1,1,True,0,0,0,393,0,0,0,0,0,0,0,0,0,0,0,0,0
all_features,xgb,shap,column,turnover_vwstock_avail_ma_5,turnover_vwstock_avail_ma_5,1,True,0,0,0,393,0,0,0,0,0,0,0,0,0,0,0,0,0
all_features,xgb,shap,column,turnover_vwstock_avail_ma_25,turnover_vwstock_avail_ma_25,1,True,0,0,0,393,0,0,0,0,0,0,0,0,0,0,0,0,0
all_features,xgb,shap,column,turnover_vwstock_avail_ma_125,turnover_vwstock_avail_ma_125,1,True,0,0,0,393,0,0,0,0,0,0,0,0,0,0,0,0,0
all_features,xgb,shap,column,turnover_vwstock_avail_ma_625,turnover_vwstock_avail_ma_625,1,True,0,0,0,393,0,0,0,0,0,0,0,0,0,0,0,0,0
all_features,xgb,shap,column,turnover_vwstock_avail_ma_3125,turnover_vwstock_avail_ma_3125,1,True,0,0,0,393,0,0,0,0,0,0,0,0,0,0,0,0,0
all_features,xgb,shap,column,buyturnover_vwstock_avail_ma_1,buyturnover_vwstock_avail_ma_1,1,True,0,0,0,393,0,0,0,0,0,0,0,0,0,0,0,0,0
all_features,xgb,shap,column,buyturnover_vwstock_avail_ma_5,buyturnover_vwstock_avail_ma_5,1,True,0,0,0,393,0,0,0,0,0,0,0,0,0,0,0,0,0
all_features,xgb,shap,column,buyturnover_vwstock_avail_ma_25,buyturnover_vwstock_avail_ma_25,1,True,0,0,0,393,0,0,0,0,0,0,0,0,0,0,0,0,0
all_features,xgb,shap,column,buyturnover_vwstock_avail_ma_125,buyturnover_vwstock_avail_ma_125,1,True,0,0,0,393,0,0,0,0,0,0,0,0,0,0,0,0,0
all_features,xgb,shap,column,buyturnover_vwstock_avail_ma_625,buyturnover_vwstock_avail_ma_625,1,True,0,0,0,393,0,0,0,0,0,0,0,0,0,0,0,0,0
all_features,xgb,shap,column,buyturnover_vwstock_avail_ma_3125,buyturnover_vwstock_avail_ma_3125,1,True,0,0,0,393,0,0,0,0,0,0,0,0,0,0,0,0,0
all_features,xgb,shap,column,sellturnover_vwstock_avail_ma_1,sellturnover_vwstock_avail_ma_1,1,True,0,0,0,393,0,0,0,0,0,0,0,0,0,0,0,0,0
all_features,xgb,shap,column,sellturnover_vwstock_avail_ma_5,sellturnover_vwstock_avail_ma_5,1,True,0,0,0,393,0,0,0,0,0,0,0,0,0,0,0,0,0
all_features,xgb,shap,column,sellturnover_vwstock_avail_ma_25,sellturnover_vwstock_avail_ma_25,1,True,0,0,0,393,0,0,0,0,0,0,0,0,0,0,0,0,0
all_features,xgb,shap,column,sellturnover_vwstock_avail_ma_125,sellturnover_vwstock_avail_ma_125,1,True,0,0,0,393,0,0,0,0,0,0,0,0,0,0,0,0,0
all_features,xgb,shap,column,sellturnover_vwstock_avail_ma_625,sellturnover_vwstock_avail_ma_625,1,True,0,0,0,393,0,0,0,0,0,0,0,0,0,0,0,0,0
all_features,xgb,shap,column,sellturnover_vwstock_avail_ma_3125,sellturnover_vwstock_avail_ma_3125,1,True,0,0,0,393,0,0,0,0,0,0,0,0,0,0,0,0,0
all_features,xgb,shap,column,effspread_vwstock_avail_ma_1,effspread_vwstock_avail_ma_1,1,True,0,0,0,393,0,0,0,0,0,0,0,0,0,0,0,0,0
all_features,xgb,shap,column,effspread_vwstock_avail_ma_5,effspread_vwstock_avail_ma_5,1,True,0,0,0,393,0,0,0,0,0,0,0,0,0,0,0,0,0
all_features,xgb,shap,column,effspread_vwstock_avail_ma_25,effspread_vwstock_avail_ma_25,1,True,0,0,0,393,0,0,0,0,0,0,0,0,0,0,0,0,0
all_features,xgb,shap,column,effspread_vwstock_avail_ma_125,effspread_vwstock_avail_ma_125,1,True,0,0,0,393,0,0,0,0,0,0,0,0,0,0,0,0,0
all_features,xgb,shap,column,effspread_vwstock_avail_ma_625,effspread_vwstock_avail_ma_625,1,True,0,0,0,393,0,0,0,0,0,0,0,0,0,0,0,0,0
all_features,xgb,shap,column,effspread_vwstock_avail_ma_3125,effspread_vwstock_avail_ma_3125,1,True,0,0,0,393,0,0,0,0,0,0,0,0,0,0,0,0,0
all_features,xgb,shap,column,spread_vwstock_avail_ma_1,spread_vwstock_avail_ma_1,1,True,0,0,0,393,0,0,0,0,0,0,0,0,0,0,0,0,0
all_features,xgb,shap,column,spread_vwstock_avail_ma_5,spread_vwstock_avail_ma_5,1,True,0,0,0,393,0,0,0,0,0,0,0,0,0,0,0,0,0
all_features,xgb,shap,column,spread_vwstock_avail_ma_25,spread_vwstock_avail_ma_25,1,True,0,0,0,393,0,0,0,0,0,0,0,0,0,0,0,0,0
all_features,xgb,shap,column,spread_vwstock_avail_ma_125,spread_vwstock_avail_ma_125,1,True,0,0,0,393,0,0,0,0,0,0,0,0,0,0,0,0,0
all_features,xgb,shap,column,spread_vwstock_avail_ma_625,spread_vwstock_avail_ma_625,1,True,1.07823e-07,0,2.9781e-07,391,0,5.79947e-08,-4.96981e-08,1.47296e-07,0,5.56975e-07,0,0,0,0,6.83873e-08,0,1.71906e-07
all_features,xgb,shap,column,spread_vwstock_avail_ma_3125,spread_vwstock_avail_ma_3125,1,True,1.08941e-05,2.04449e-06,2.16553e-05,356,0,4.12587e-06,-1.74531e-06,2.12897e-05,3.21032e-05,1.95558e-05,0,0,0,0,3.28338e-05,2.88271e-06,7.05854e-06
all_features,xgb,shap,column,stocktwits_attention_avail_ma_1,stocktwits_attention_avail_ma_1,1,True,0,0,0,393,0,0,0,0,0,0,0,0,0,0,0,0,0
all_features,xgb,shap,column,stocktwits_attention_avail_ma_5,stocktwits_attention_avail_ma_5,1,True,0,0,0,393,0,0,0,0,0,0,0,0,0,0,0,0,0
all_features,xgb,shap,column,stocktwits_attention_avail_ma_25,stocktwits_attention_avail_ma_25,1,True,0,0,0,393,0,0,0,0,0,0,0,0,0,0,0,0,0
all_features,xgb,shap,column,stocktwits_attention_avail_ma_125,stocktwits_attention_avail_ma_125,1,True,1.87418e-06,7.53306e-07,3.28924e-06,377,0,8.71934e-07,8.71934e-07,9.73749e-07,0,1.27062e-06,1.24449e-06,0,7.9912e-06,0,3.61486e-06,2.93463e-06,7.76268e-07
all_features,xgb,shap,column,stocktwits_attention_avail_ma_625,stocktwits_attention_avail_ma_625,1,True,2.80115e-05,1.9139e-05,3.77005e-05,341,0,1.24881e-05,-2.89604e-06,6.28901e-05,4.84305e-05,1.61885e-05,2.5936e-05,2.07804e-05,1.31418e-05,1.73365e-05,3.64886e-05,2.72662e-05,2.54299e-05
all_features,xgb,shap,column,stocktwits_attention_avail_ma_3125,stocktwits_attention_avail_ma_3125,1,True,7.68203e-05,5.34158e-05,0.000105578,324,0,3.33588e-05,-8.60086e-06,8.5256e-05,8.63567e-05,3.37139e-05,6.36491e-05,0.000102795,0.000111216,1.86012e-05,5.66983e-05,9.00433e-05,7.7589e-05
all_features,xgb,shap,column,stocktwits_sentiment_avail_ma_1,stocktwits_sentiment_avail_ma_1,1,True,0,0,0,393,0,0,0,0,0,0,0,0,0,0,0,0,0
all_features,xgb,shap,column,stocktwits_sentiment_avail_ma_5,stocktwits_sentiment_avail_ma_5,1,True,8.86045e-07,0,2.4833e-06,380,0,3.70989e-07,-3.70989e-07,8.0367e-06,9.87804e-07,0,0,0,0,0,9.17247e-07,0,1.28984e-06
all_features,xgb,shap,column,stocktwits_sentiment_avail_ma_25,stocktwits_sentiment_avail_ma_25,1,True,2.0421e-05,9.37985e-06,3.26972e-05,349,0,9.27023e-06,-7.56623e-06,3.58906e-05,5.64107e-05,4.26638e-05,0,0,0,0,1.50449e-05,1.61794e-05,2.42642e-05
all_features,xgb,shap,column,stocktwits_sentiment_avail_ma_125,stocktwits_sentiment_avail_ma_125,1,True,2.3271e-05,9.40426e-06,4.11464e-05,346,0,9.48912e-06,-7.31842e-06,0.000144309,4.42801e-05,1.3313e-05,1.92568e-06,0,4.10082e-07,0,4.83041e-05,2.13305e-05,1.55256e-05
all_features,xgb,shap,column,stocktwits_sentiment_avail_ma_625,stocktwits_sentiment_avail_ma_625,1,True,5.02224e-05,2.39093e-05,8.23669e-05,330,0,2.07022e-05,-1.58265e-05,9.31163e-05,0.000188236,8.49013e-06,9.88981e-06,2.11095e-05,1.14311e-05,0,6.27069e-05,7.26307e-05,3.54218e-05
all_features,xgb,shap,column,stocktwits_sentiment_avail_ma_3125,stocktwits_sentiment_avail_ma_3125,1,True,3.25764e-05,1.8977e-05,4.81205e-05,336,0,1.38988e-05,-1.65264e-07,0.00011283,4.01791e-05,3.85473e-05,2.38507e-05,2.47896e-06,2.60842e-05,0,4.34753e-05,3.56157e-05,2.73868e-05
all_features,xgb,shap,column,stocktwits_sentcount_avail_ma_1,stocktwits_sentcount_avail_ma_1,1,True,0,0,0,393,0,0,0,0,0,0,0,0,0,0,0,0,0
all_features,xgb,shap,column,stocktwits_sentcount_avail_ma_5,stocktwits_sentcount_avail_ma_5,1,True,0,0,0,393,0,0,0,0,0,0,0,0,0,0,0,0,0
all_features,xgb,shap,column,stocktwits_sentcount_avail_ma_25,stocktwits_sentcount_avail_ma_25,1,True,8.84739e-06,3.96039e-06,1.46911e-05,359,0,3.58915e-06,-3.43781e-06,3.65862e-05,2.51667e-05,6.78901e-06,0,0,0,0,1.62548e-05,1.04498e-05,5.53704e-06
all_features,xgb,shap,column,stocktwits_sentcount_avail_ma_125,stocktwits_sentcount_avail_ma_125,1,True,4.26754e-06,1.79142e-06,7.37564e-06,367,0,1.64783e-06,-6.30433e-07,1.53462e-05,5.41635e-06,9.11961e-06,0,0,2.34341e-06,0,3.66578e-06,6.7431e-06,3.31724e-06
all_features,xgb,shap,column,stocktwits_sentcount_avail_ma_625,stocktwits_sentcount_avail_ma_625,1,True,2.6823e-05,1.3119e-05,4.33512e-05,343,0,1.02333e-05,-8.86377e-06,7.43595e-05,7.37312e-05,1.29891e-06,7.55672e-06,3.07835e-05,2.62564e-06,0,3.36562e-05,3.37272e-05,2.12305e-05
all_features,xgb,shap,column,stocktwits_sentcount_avail_ma_3125,stocktwits_sentcount_avail_ma_3125,1,True,2.13463e-05,1.24422e-05,3.15735e-05,348,0,8.57611e-06,-3.41643e-06,7.02465e-05,3.24255e-05,2.49013e-05,1.27613e-05,1.09279e-05,5.89685e-06,2.19333e-06,3.72313e-05,2.08235e-05,1.60998e-05
all_features,xgb,shap,column,vix_avail_ma_1,vix_avail_ma_1,1,True,0,0,0,393,0,0,0,0,0,0,0,0,0,0,0,0,0
all_features,xgb,shap,column,vix_avail_ma_5,vix_avail_ma_5,1,True,0,0,0,393,0,0,0,0,0,0,0,0,0,0,0,0,0
all_features,xgb,shap,column,vix_avail_ma_25,vix_avail_ma_25,1,True,7.58576e-06,3.92712e-06,1.16026e-05,361,0,3.30539e-06,1.11219e-06,2.14059e-06,8.73798e-06,1.64543e-05,4.72259e-06,6.81489e-06,6.38153e-06,0,1.44294e-05,2.7218e-06,7.49591e-06
all_features,xgb,shap,column,vix_avail_ma_125,vix_avail_ma_125,1,True,3.12224e-05,1.98411e-05,4.55528e-05,337,0,1.32156e-05,5.69813e-06,4.06126e-06,1.40022e-05,5.06615e-05,2.57187e-05,2.31754e-05,5.96123e-05,2.41156e-05,2.92116e-05,2.89904e-05,3.29618e-05
all_features,xgb,shap,column,vix_avail_ma_625,vix_avail_ma_625,1,True,0.000300409,0.000221081,0.00038585,295,0,0.00013007,3.82063e-05,5.06628e-05,0.000144517,0.000139044,0.000220092,0.000497303,0.000525854,0.00065276,0.000353234,0.000351335,0.000258321
all_features,xgb,shap,column,vix_avail_ma_3125,vix_avail_ma_3125,1,True,0.00022865,0.000163566,0.000302053,307,0,9.48683e-05,2.71851e-05,0.000265471,8.71204e-05,7.06072e-05,0.000140001,0.000295296,0.000438933,0.000538156,0.000228267,0.000303027,0.00019398
all_features,xgb,shap,column,vvix_avail_ma_1,vvix_avail_ma_1,1,True,7.30597e-07,5.24786e-08,1.61913e-06,382,0,3.06842e-07,3.06842e-07,0,2.12047e-06,0,2.0877e-06,0,0,0,1.88906e-07,1.04448e-06,7.70981e-07
all_features,xgb,shap,column,vvix_avail_ma_5,vvix_avail_ma_5,1,True,1.0575e-06,0,2.96834e-06,379,0,4.36541e-07,4.36541e-07,0,4.8214e-06,0,1.1996e-06,0,0,0,0,7.91293e-07,1.54761e-06
all_features,xgb,shap,column,vvix_avail_ma_25,vvix_avail_ma_25,1,True,4.10378e-06,0,1.02791e-05,368,0,1.41549e-06,3.05021e-07,1.62764e-06,1.5258e-05,7.39915e-06,0,0,0,0,0,1.10255e-05,2.28369e-06
all_features,xgb,shap,column,vvix_avail_ma_125,vvix_avail_ma_125,1,True,9.91064e-06,4.10778e-06,1.70279e-05,357,0,4.25035e-06,3.30269e-06,4.75061e-05,2.68601e-05,1.75128e-06,3.84597e-06,0,0,0,1.61176e-05,7.67748e-06,8.80993e-06
all_features,xgb,shap,column,vvix_avail_ma_625,vvix_avail_ma_625,1,True,5.99941e-05,3.79742e-05,8.55016e-05,328,0,2.57273e-05,-3.64569e-07,0.000131451,0.000139569,4.15787e-05,3.32202e-05,2.38269e-05,3.70066e-05,1.07187e-05,8.69403e-05,5.77569e-05,5.17262e-05
all_features,xgb,shap,column,vvix_avail_ma_3125,vvix_avail_ma_3125,1,True,0.000217096,0.000171321,0.000269036,310,0,0.000101496,-3.94782e-06,0.000184572,0.0001778,0.000304759,0.000254569,0.000274255,0.000100776,0.00019116,0.00019779,0.000165994,0.00024768
all_features,xgb,shap,column,vix3m_avail_ma_1,vix3m_avail_ma_1,1,True,0,0,0,393,0,0,0,0,0,0,0,0,0,0,0,0,0
all_features,xgb,shap,column,vix3m_avail_ma_5,vix3m_avail_ma_5,1,True,0,0,0,393,0,0,0,0,0,0,0,0,0,0,0,0,0
all_features,xgb,shap,column,vix3m_avail_ma_25,vix3m_avail_ma_25,1,True,4.55531e-07,0,1.36846e-06,384,0,1.64991e-07,1.64991e-07,5.1475e-06,0,0,0,0,0,0,2.38991e-06,0,0
all_features,xgb,shap,column,vix3m_avail_ma_125,vix3m_avail_ma_125,1,True,3.30754e-06,3.60969e-07,7.26704e-06,372,0,1.52362e-06,-2.13431e-07,1.28383e-05,1.17585e-05,0,5.30273e-07,0,0,0,1.18308e-05,0,1.90883e-06
all_features,xgb,shap,column,vix3m_avail_ma_625,vix3m_avail_ma_625,1,True,7.33906e-05,4.4394e-05,0.000108296,325,0,3.01633e-05,3.06981e-07,0.00023503,0.000129099,2.48311e-05,4.33707e-05,3.14421e-05,3.18366e-05,0.000136976,0.000124013,7.71746e-05,5.4121e-05
all_features,xgb,shap,column,vix3m_avail_ma_3125,vix3m_avail_ma_3125,1,True,0.000156858,0.000111312,0.000213378,312,0,6.46384e-05,-1.58697e-05,0.000115524,0.00011391,8.37676e-05,0.000281663,0.000127992,0.00010387,0.000461613,0.000103163,0.000249143,0.000132239
all_features,xgb,shap,column,voldemand_spx_open_and_close_avail_ma_1,voldemand_spx_open_and_close_avail_ma_1,1,True,0,0,0,393,0,0,0,0,0,0,0,0,0,0,0,0,0
all_features,xgb,shap,column,voldemand_spx_open_and_close_avail_ma_5,voldemand_spx_open_and_close_avail_ma_5,1,True,0,0,0,393,0,0,0,0,0,0,0,0,0,0,0,0,0
all_features,xgb,shap,column,voldemand_spx_open_and_close_avail_ma_25,voldemand_spx_open_and_close_avail_ma_25,1,True,0,0,0,393,0,0,0,0,0,0,0,0,0,0,0,0,0
all_features,xgb,shap,column,voldemand_spx_open_and_close_avail_ma_125,voldemand_spx_open_and_close_avail_ma_125,1,True,2.4036e-05,3.9295e-07,6.96112e-05,345,0,8.64741e-06,-8.28183e-06,5.11445e-06,0,0,7.89922e-07,0,0.000128874,2.82022e-05,1.24258e-06,9.0888e-05,6.35108e-07
all_features,xgb,shap,column,voldemand_spx_open_and_close_avail_ma_625,voldemand_spx_open_and_close_avail_ma_625,1,True,4.91106e-05,3.25827e-05,6.83256e-05,331,0,2.03671e-05,-4.66044e-06,6.23605e-05,3.75261e-05,3.73485e-05,5.40497e-05,1.69946e-05,5.75289e-05,0.000162016,4.37165e-05,9.534e-05,2.93443e-05
all_features,xgb,shap,column,voldemand_spx_open_and_close_avail_ma_3125,voldemand_spx_open_and_close_avail_ma_3125,1,True,0.000520611,0.000395319,0.000649776,216,0,0.000208169,-7.44975e-05,0.00021277,0.000190719,0.000286895,0.000646081,0.00068566,0.000987798,0.000454715,0.000547573,0.000510937,0.000515817
all_features,xgb,shap,column,voldemand_spx_open_only_avail_ma_1,voldemand_spx_open_only_avail_ma_1,1,True,0,0,0,393,0,0,0,0,0,0,0,0,0,0,0,0,0
all_features,xgb,shap,column,voldemand_spx_open_only_avail_ma_5,voldemand_spx_open_only_avail_ma_5,1,True,0,0,0,393,0,0,0,0,0,0,0,0,0,0,0,0,0
all_features,xgb,shap,column,voldemand_spx_open_only_avail_ma_25,voldemand_spx_open_only_avail_ma_25,1,True,0,0,0,393,0,0,0,0,0,0,0,0,0,0,0,0,0
all_features,xgb,shap,column,voldemand_spx_open_only_avail_ma_125,voldemand_spx_open_only_avail_ma_125,1,True,0,0,0,393,0,0,0,0,0,0,0,0,0,0,0,0,0
all_features,xgb,shap,column,voldemand_spx_open_only_avail_ma_625,voldemand_spx_open_only_avail_ma_625,1,True,3.65648e-05,1.4459e-05,6.52643e-05,334,0,1.36934e-05,-1.10251e-05,7.45562e-05,2.60189e-05,4.90395e-05,1.79838e-05,0,1.21628e-05,0.000221012,0.000100227,2.40977e-05,2.03913e-05
all_features,xgb,shap,column,voldemand_spx_open_only_avail_ma_3125,voldemand_spx_open_only_avail_ma_3125,1,True,0.000224802,0.000166982,0.000286775,309,0,8.99613e-05,-2.1454e-05,0.000103976,0.000116771,0.000116029,0.00027829,0.000380894,0.000254504,0.000366175,0.000179581,0.000227719,0.000239069
all_features,xgb,shap,column,voldemand_all_open_and_close_avail_ma_1,voldemand_all_open_and_close_avail_ma_1,1,True,0,0,0,393,0,0,0,0,0,0,0,0,0,0,0,0,0
all_features,xgb,shap,column,voldemand_all_open_and_close_avail_ma_5,voldemand_all_open_and_close_avail_ma_5,1,True,0,0,0,393,0,0,0,0,0,0,0,0,0,0,0,0,0
all_features,xgb,shap,column,voldemand_all_open_and_close_avail_ma_25,voldemand_all_open_and_close_avail_ma_25,1,True,0,0,0,393,0,0,0,0,0,0,0,0,0,0,0,0,0
all_features,xgb,shap,column,voldemand_all_open_and_close_avail_ma_125,voldemand_all_open_and_close_avail_ma_125,1,True,3.29296e-06,0,9.89236e-06,373,0,1.32458e-06,-1.32458e-06,0,0,0,0,0,0,6.12324e-05,0,1.27635e-05,0
all_features,xgb,shap,column,voldemand_all_open_and_close_avail_ma_625,voldemand_all_open_and_close_avail_ma_625,1,True,3.81553e-06,1.96525e-07,9.26275e-06,369,0,1.65773e-06,-1.16132e-06,0,1.35163e-05,0,7.20759e-06,1.15557e-06,0,0,0,5.4125e-06,4.38726e-06
all_features,xgb,shap,column,voldemand_all_open_and_close_avail_ma_3125,voldemand_all_open_and_close_avail_ma_3125,1,True,3.62596e-05,1.93156e-05,5.72383e-05,335,0,1.41223e-05,-7.29189e-06,4.64133e-05,3.81193e-06,7.82591e-06,5.21412e-05,4.77835e-05,6.82719e-05,2.82905e-05,1.33826e-05,6.02747e-05,3.29311e-05
all_features,xgb,shap,column,voldemand_all_open_only_avail_ma_1,voldemand_all_open_only_avail_ma_1,1,True,0,0,0,393,0,0,0,0,0,0,0,0,0,0,0,0,0
all_features,xgb,shap,column,voldemand_all_open_only_avail_ma_5,voldemand_all_open_only_avail_ma_5,1,True,0,0,0,393,0,0,0,0,0,0,0,0,0,0,0,0,0
all_features,xgb,shap,column,voldemand_all_open_only_avail_ma_25,voldemand_all_open_only_avail_ma_25,1,True,0,0,0,393,0,0,0,0,0,0,0,0,0,0,0,0,0
all_features,xgb,shap,column,voldemand_all_open_only_avail_ma_125,voldemand_all_open_only_avail_ma_125,1,True,0,0,0,393,0,0,0,0,0,0,0,0,0,0,0,0,0
all_features,xgb,shap,column,voldemand_all_open_only_avail_ma_625,voldemand_all_open_only_avail_ma_625,1,True,7.10211e-08,0,2.13208e-07,392,0,2.74377e-08,2.74377e-08,8.02538e-07,0,0,0,0,0,0,0,0,1.28802e-07
all_features,xgb,shap,column,voldemand_all_open_only_avail_ma_3125,voldemand_all_open_only_avail_ma_3125,1,True,2.64264e-05,1.08301e-05,4.51024e-05,344,0,1.1818e-05,-3.22957e-06,6.67317e-06,2.6215e-06,2.81153e-05,2.83786e-05,4.60428e-05,4.65482e-05,0,2.57233e-05,2.19517e-05,2.87631e-05
all_features,xgb,shap,column,ofi_ewstock_avail_ma_1,ofi_ewstock_avail_ma_1,1,True,0,0,0,393,0,0,0,0,0,0,0,0,0,0,0,0,0
all_features,xgb,shap,column,ofi_ewstock_avail_ma_5,ofi_ewstock_avail_ma_5,1,True,0,0,0,393,0,0,0,0,0,0,0,0,0,0,0,0,0
all_features,xgb,shap,column,ofi_ewstock_avail_ma_25,ofi_ewstock_avail_ma_25,1,True,3.63351e-06,0,8.31772e-06,370,0,2.61682e-06,-2.61682e-06,2.08511e-05,1.01037e-05,0,0,0,0,0,9.68089e-06,6.93132e-06,0
all_features,xgb,shap,column,ofi_ewstock_avail_ma_125,ofi_ewstock_avail_ma_125,1,True,1.78121e-07,0,5.35093e-07,389,0,6.45147e-08,6.45147e-08,2.01277e-06,0,0,0,0,0,0,9.34501e-07,0,0
all_features,xgb,shap,column,ofi_ewstock_avail_ma_625,ofi_ewstock_avail_ma_625,1,True,4.08879e-07,0,1.22747e-06,385,0,1.71196e-07,-1.71196e-07,0,0,2.40257e-06,0,0,0,0,0,0,7.41535e-07
all_features,xgb,shap,column,ofi_ewstock_avail_ma_3125,ofi_ewstock_avail_ma_3125,1,True,0,0,0,393,0,0,0,0,0,0,0,0,0,0,0,0,0
all_features,xgb,shap,column,ofi_vwstock_avail_ma_1,ofi_vwstock_avail_ma_1,1,True,0,0,0,393,0,0,0,0,0,0,0,0,0,0,0,0,0
all_features,xgb,shap,column,ofi_vwstock_avail_ma_5,ofi_vwstock_avail_ma_5,1,True,0,0,0,393,0,0,0,0,0,0,0,0,0,0,0,0,0
all_features,xgb,shap,column,ofi_vwstock_avail_ma_25,ofi_vwstock_avail_ma_25,1,True,1.39662e-06,0,4.19271e-06,378,0,5.96152e-07,-5.96152e-07,1.57818e-05,0,0,0,0,0,0,0,0,2.53288e-06
all_features,xgb,shap,column,ofi_vwstock_avail_ma_125,ofi_vwstock_avail_ma_125,1,True,0,0,0,393,0,0,0,0,0,0,0,0,0,0,0,0,0
all_features,xgb,shap,column,ofi_vwstock_avail_ma_625,ofi_vwstock_avail_ma_625,1,True,0,0,0,393,0,0,0,0,0,0,0,0,0,0,0,0,0
all_features,xgb,shap,column,ofi_vwstock_avail_ma_3125,ofi_vwstock_avail_ma_3125,1,True,3.17725e-06,0,8.67649e-06,374,0,1.23726e-06,-1.23726e-06,3.59029e-05,0,0,0,0,0,0,0,9e-06,1.55109e-06
all_features,xgb,shap,column,fomc_release_avail_ma_1,fomc_release_avail_ma_1,1,True,0,0,0,393,0,0,0,0,0,0,0,0,0,0,0,0,0
all_features,xgb,shap,column,fomc_release_avail_ma_5,fomc_release_avail_ma_5,1,True,0,0,0,393,0,0,0,0,0,0,0,0,0,0,0,0,0
all_features,xgb,shap,column,fomc_release_avail_ma_25,fomc_release_avail_ma_25,1,True,0,0,0,393,0,0,0,0,0,0,0,0,0,0,0,0,0
all_features,xgb,shap,column,fomc_release_avail_ma_125,fomc_release_avail_ma_125,1,True,0,0,0,393,0,0,0,0,0,0,0,0,0,0,0,0,0
all_features,xgb,shap,column,fomc_release_avail_ma_625,fomc_release_avail_ma_625,1,True,0,0,0,393,0,0,0,0,0,0,0,0,0,0,0,0,0
all_features,xgb,shap,column,fomc_release_avail_ma_3125,fomc_release_avail_ma_3125,1,True,0,0,0,393,0,0,0,0,0,0,0,0,0,0,0,0,0
all_features,xgb,shap,column,fomc_day_avail_ma_1,fomc_day_avail_ma_1,1,True,0,0,0,393,0,0,0,0,0,0,0,0,0,0,0,0,0
all_features,xgb,shap,column,fomc_day_avail_ma_5,fomc_day_avail_ma_5,1,True,0,0,0,393,0,0,0,0,0,0,0,0,0,0,0,0,0
all_features,xgb,shap,column,fomc_day_avail_ma_25,fomc_day_avail_ma_25,1,True,0,0,0,393,0,0,0,0,0,0,0,0,0,0,0,0,0
all_features,xgb,shap,column,fomc_day_avail_ma_125,fomc_day_avail_ma_125,1,True,0,0,0,393,0,0,0,0,0,0,0,0,0,0,0,0,0
all_features,xgb,shap,column,fomc_day_avail_ma_625,fomc_day_avail_ma_625,1,True,0,0,0,393,0,0,0,0,0,0,0,0,0,0,0,0,0
all_features,xgb,shap,column,fomc_day_avail_ma_3125,fomc_day_avail_ma_3125,1,True,0,0,0,393,0,0,0,0,0,0,0,0,0,0,0,0,0
all_features,xgb,shap,column,fomc_until_inv_avail_ma_1,fomc_until_inv_avail_ma_1,1,True,0,0,0,393,0,0,0,0,0,0,0,0,0,0,0,0,0
all_features,xgb,shap,column,fomc_until_inv_avail_ma_5,fomc_until_inv_avail_ma_5,1,True,0,0,0,393,0,0,0,0,0,0,0,0,0,0,0,0,0
all_features,xgb,shap,column,fomc_until_inv_avail_ma_25,fomc_until_inv_avail_ma_25,1,True,0,0,0,393,0,0,0,0,0,0,0,0,0,0,0,0,0
all_features,xgb,shap,column,fomc_until_inv_avail_ma_125,fomc_until_inv_avail_ma_125,1,True,0,0,0,393,0,0,0,0,0,0,0,0,0,0,0,0,0
all_features,xgb,shap,column,fomc_until_inv_avail_ma_625,fomc_until_inv_avail_ma_625,1,True,0,0,0,393,0,0,0,0,0,0,0,0,0,0,0,0,0
all_features,xgb,shap,column,fomc_until_inv_avail_ma_3125,fomc_until_inv_avail_ma_3125,1,True,0,0,0,393,0,0,0,0,0,0,0,0,0,0,0,0,0
all_features,xgb,shap,column,fomc_since_inv_avail_ma_1,fomc_since_inv_avail_ma_1,1,True,0,0,0,393,0,0,0,0,0,0,0,0,0,0,0,0,0
all_features,xgb,shap,column,fomc_since_inv_avail_ma_5,fomc_since_inv_avail_ma_5,1,True,0,0,0,393,0,0,0,0,0,0,0,0,0,0,0,0,0
all_features,xgb,shap,column,fomc_since_inv_avail_ma_25,fomc_since_inv_avail_ma_25,1,True,0,0,0,393,0,0,0,0,0,0,0,0,0,0,0,0,0
all_features,xgb,shap,column,fomc_since_inv_avail_ma_125,fomc_since_inv_avail_ma_125,1,True,0,0,0,393,0,0,0,0,0,0,0,0,0,0,0,0,0
all_features,xgb,shap,column,fomc_since_inv_avail_ma_625,fomc_since_inv_avail_ma_625,1,True,0,0,0,393,0,0,0,0,0,0,0,0,0,0,0,0,0
all_features,xgb,shap,column,fomc_since_inv_avail_ma_3125,fomc_since_inv_avail_ma_3125,1,True,0,0,0,393,0,0,0,0,0,0,0,0,0,0,0,0,0
all_features,xgb,shap,column,numobs_active_ma_1,numobs_active_ma_1,1,True,0,0,0,393,0,0,0,0,0,0,0,0,0,0,0,0,0
all_features,xgb,shap,column,numobs_active_ma_5,numobs_active_ma_5,1,True,0,0,0,393,0,0,0,0,0,0,0,0,0,0,0,0,0
all_features,xgb,shap,column,numobs_active_ma_25,numobs_active_ma_25,1,True,2.28652e-05,1.03054e-05,3.7782e-05,347,0,9.68389e-06,6.3924e-06,0.000106448,5.92887e-05,1.62193e-05,1.12343e-06,0,0,0,4.4775e-05,2.29602e-05,1.5247e-05
all_features,xgb,shap,column,numobs_active_ma_125,numobs_active_ma_125,1,True,0.000538471,0.000431057,0.00066117,207,0,0.000240727,-0.000126638,0.000259541,0.000321569,0.000859997,0.000773906,0.000545243,0.000421477,0.0002976,0.000289788,0.000461066,0.000660654
all_features,xgb,shap,column,numobs_active_ma_625,numobs_active_ma_625,1,True,0.0020586,0.00169823,0.00247353,51,0,0.000847782,-0.0008018,0.0015094,0.00260877,0.00189842,0.00234015,0.00147228,0.00260267,0.00090126,0.00158931,0.00219715,0.00215599
all_features,xgb,shap,column,numobs_active_ma_3125,numobs_active_ma_3125,1,True,0.000537206,0.000443262,0.00064427,208,0,0.000240196,6.84658e-05,0.000411174,0.000442018,0.000724401,0.000560036,0.000747481,0.000332817,0.000374609,0.000305892,0.000403383,0.000679782
all_features,xgb,shap,column,voldemand_spx_open_and_close_active_ma_1,voldemand_spx_open_and_close_active_ma_1,1,True,0,0,0,393,0,0,0,0,0,0,0,0,0,0,0,0,0
all_features,xgb,shap,column,voldemand_spx_open_and_close_active_ma_5,voldemand_spx_open_and_close_active_ma_5,1,True,0,0,0,393,0,0,0,0,0,0,0,0,0,0,0,0,0
all_features,xgb,shap,column,voldemand_spx_open_and_close_active_ma_25,voldemand_spx_open_and_close_active_ma_25,1,True,1.46763e-05,1.70734e-06,3.67837e-05,353,0,4.99093e-06,4.57702e-06,0,0,8.18248e-07,0,6.72354e-05,1.1797e-05,2.02128e-05,1.47245e-06,1.09071e-05,2.10042e-05
all_features,xgb,shap,column,voldemand_spx_open_and_close_active_ma_125,voldemand_spx_open_and_close_active_ma_125,1,True,0.000853991,0.000311988,0.0017402,137,0,0.000382651,0.00034222,0.000128872,0.00258317,0.00107727,0.000298795,0.000532761,0.000256852,0.00031287,0.00066643,0.00168331,0.000530786
all_features,xgb,shap,column,voldemand_spx_open_and_close_active_ma_625,voldemand_spx_open_and_close_active_ma_625,1,True,0.000523586,0.000367712,0.000697634,212,0,0.000219988,0.00014035,4.7284e-05,0.000408306,0.000544582,0.000331955,0.000497464,0.000824947,0.00135576,0.00069209,0.000622581,0.000419018
all_features,xgb,shap,column,voldemand_spx_open_and_close_active_ma_3125,voldemand_spx_open_and_close_active_ma_3125,1,True,0.000398976,0.000290719,0.000519186,262,0,0.000177138,-4.2577e-05,0.000335518,0.000287685,0.000287383,0.000476142,0.000265018,0.000608323,0.000740046,0.000471109,0.00045936,0.000345787
all_features,xgb,shap,column,voldemand_spx_open_only_active_ma_1,voldemand_spx_open_only_active_ma_1,1,True,0,0,0,393,0,0,0,0,0,0,0,0,0,0,0,0,0
all_features,xgb,shap,column,voldemand_spx_open_only_active_ma_5,voldemand_spx_open_only_active_ma_5,1,True,0,0,0,393,0,0,0,0,0,0,0,0,0,0,0,0,0
all_features,xgb,shap,column,voldemand_spx_open_only_active_ma_25,voldemand_spx_open_only_active_ma_25,1,True,0,0,0,393,0,0,0,0,0,0,0,0,0,0,0,0,0
all_features,xgb,shap,column,voldemand_spx_open_only_active_ma_125,voldemand_spx_open_only_active_ma_125,1,True,0.000137403,8.4463e-05,0.000196366,314,0,5.93736e-05,2.32512e-05,1.93633e-05,4.96773e-05,0.000106335,8.43492e-05,0.000255109,0.000163642,0.000431044,0.0001841,7.12158e-05,0.00015223
all_features,xgb,shap,column,voldemand_spx_open_only_active_ma_625,voldemand_spx_open_only_active_ma_625,1,True,0.000365883,0.000289915,0.000446626,276,0,0.000157962,-1.60955e-05,0.000700649,0.000454169,0.000326997,0.000333426,0.000344915,0.000213148,0.000299903,0.000510349,0.00022065,0.000383899
all_features,xgb,shap,column,voldemand_spx_open_only_active_ma_3125,voldemand_spx_open_only_active_ma_3125,1,True,0.000454954,0.000352787,0.000555268,235,0,0.00021323,-0.000168298,0.000326457,0.000238196,0.000449944,0.000532802,0.000483118,0.000474149,0.000999413,0.000364195,0.000493549,0.000468269
all_features,xgb,shap,column,voldemand_all_open_and_close_active_ma_1,voldemand_all_open_and_close_active_ma_1,1,True,0,0,0,393,0,0,0,0,0,0,0,0,0,0,0,0,0
all_features,xgb,shap,column,voldemand_all_open_and_close_active_ma_5,voldemand_all_open_and_close_active_ma_5,1,True,0,0,0,393,0,0,0,0,0,0,0,0,0,0,0,0,0
all_features,xgb,shap,column,voldemand_all_open_and_close_active_ma_25,voldemand_all_open_and_close_active_ma_25,1,True,3.4989e-06,0,1.00872e-05,371,0,1.30109e-06,1.20963e-06,0,0,0,0,0,2.05595e-05,0,0,1.34004e-05,7.54551e-08
all_features,xgb,shap,column,voldemand_all_open_and_close_active_ma_125,voldemand_all_open_and_close_active_ma_125,1,True,0.000310672,0.000104314,0.000667035,293,0,0.000132795,9.51706e-05,7.72158e-06,0.00101081,0.000314618,7.06473e-05,0.000193502,0.000133117,0.000184705,0.000474449,0.000527058,0.00015281
all_features,xgb,shap,column,voldemand_all_open_and_close_active_ma_625,voldemand_all_open_and_close_active_ma_625,1,True,0.000342021,0.00026517,0.000436485,285,0,0.000141525,3.35799e-05,0.00021645,0.000291722,0.000265149,0.000325902,0.000345657,0.000473287,0.000581572,0.000572663,0.000357627,0.000254992
all_features,xgb,shap,column,voldemand_all_open_and_close_active_ma_3125,voldemand_all_open_and_close_active_ma_3125,1,True,0.00074328,0.000513113,0.00103393,159,0,0.000320501,-0.000213578,0.000327493,0.00109763,0.00100133,0.00099274,0.000456969,0.000324157,0.000887624,0.000931049,0.000766998,0.000667275
all_features,xgb,shap,column,voldemand_all_open_only_active_ma_1,voldemand_all_open_only_active_ma_1,1,True,0,0,0,393,0,0,0,0,0,0,0,0,0,0,0,0,0
all_features,xgb,shap,column,voldemand_all_open_only_active_ma_5,voldemand_all_open_only_active_ma_5,1,True,0,0,0,393,0,0,0,0,0,0,0,0,0,0,0,0,0
all_features,xgb,shap,column,voldemand_all_open_only_active_ma_25,voldemand_all_open_only_active_ma_25,1,True,7.79861e-07,0,2.34277e-06,381,0,2.76563e-07,-2.76563e-07,0,0,0,0,0,0,1.45015e-05,0,3.02273e-06,0
all_features,xgb,shap,column,voldemand_all_open_only_active_ma_125,voldemand_all_open_only_active_ma_125,1,True,0.000116606,5.26429e-05,0.000196457,319,0,5.50575e-05,3.63302e-05,0.000102356,1.45678e-05,2.21605e-05,0.00026192,0.000221421,9.66833e-05,4.62601e-05,8.94031e-05,6.54252e-05,0.000149958
all_features,xgb,shap,column,voldemand_all_open_only_active_ma_625,voldemand_all_open_only_active_ma_625,1,True,0.00037829,0.000270107,0.000501872,268,0,0.000158113,7.08342e-05,0.00036723,0.000230677,0.000610984,0.00026589,0.000346543,0.000397914,0.000540002,0.000427237,0.000291654,0.000401908
all_features,xgb,shap,column,voldemand_all_open_only_active_ma_3125,voldemand_all_open_only_active_ma_3125,1,True,0.000306737,0.00021641,0.000413993,294,0,0.000132269,-7.27961e-05,9.69294e-05,0.000209139,0.000228332,0.000482943,0.00018068,0.000445566,0.000623289,0.000274735,0.000450341,0.000250607
all_features,xgb,shap,column,fomc_release_active_ma_1,fomc_release_active_ma_1,1,True,0,0,0,393,0,0,0,0,0,0,0,0,0,0,0,0,0
all_features,xgb,shap,column,fomc_release_active_ma_5,fomc_release_active_ma_5,1,True,0,0,0,393,0,0,0,0,0,0,0,0,0,0,0,0,0
all_features,xgb,shap,column,fomc_release_active_ma_25,fomc_release_active_ma_25,1,True,0,0,0,393,0,0,0,0,0,0,0,0,0,0,0,0,0
all_features,xgb,shap,column,fomc_release_active_ma_125,fomc_release_active_ma_125,1,True,5.94907e-05,2.46552e-05,0.000108442,329,0,2.28635e-05,1.40757e-05,3.92972e-05,1.29033e-05,6.1141e-05,4.85045e-05,7.81935e-06,0.000135667,0.000198043,0.000155482,5.52351e-05,2.82997e-05
all_features,xgb,shap,column,fomc_release_active_ma_625,fomc_release_active_ma_625,1,True,0.000116852,7.68051e-05,0.000161877,318,0,4.94871e-05,1.74602e-06,0.000179804,0.000136704,0.000151469,8.90305e-05,7.02554e-05,9.58925e-06,0.00041331,9.54704e-05,0.000136737,0.000114938
all_features,xgb,shap,column,fomc_release_active_ma_3125,fomc_release_active_ma_3125,1,True,2.01307e-05,3.07043e-06,5.01129e-05,350,0,1.007e-05,5.94537e-06,1.18102e-05,7.92975e-06,1.52514e-05,4.36428e-06,0,0,0.000266721,3.87206e-06,5.82143e-05,7.93156e-06
all_features,xgb,shap,column,fomc_day_active_ma_1,fomc_day_active_ma_1,1,True,0,0,0,393,0,0,0,0,0,0,0,0,0,0,0,0,0
all_features,xgb,shap,column,fomc_day_active_ma_5,fomc_day_active_ma_5,1,True,0,0,0,393,0,0,0,0,0,0,0,0,0,0,0,0,0
all_features,xgb,shap,column,fomc_day_active_ma_25,fomc_day_active_ma_25,1,True,0,0,0,393,0,0,0,0,0,0,0,0,0,0,0,0,0
all_features,xgb,shap,column,fomc_day_active_ma_125,fomc_day_active_ma_125,1,True,6.59623e-05,9.24426e-06,0.00014551,326,0,2.84555e-05,1.70352e-05,2.42946e-05,3.40341e-06,9.12365e-06,2.23096e-06,2.97758e-05,0.000143457,0.00059125,0.000175248,9.39513e-05,1.50884e-05
all_features,xgb,shap,column,fomc_day_active_ma_625,fomc_day_active_ma_625,1,True,0.000352248,0.000233438,0.000481152,283,0,0.000144699,2.41187e-05,0.000833998,0.000536965,0.000356023,0.000106259,9.60694e-05,0.000245114,0.000867789,0.000464047,0.000394228,0.000293959
all_features,xgb,shap,column,fomc_day_active_ma_3125,fomc_day_active_ma_3125,1,True,3.8608e-05,8.81747e-06,8.5804e-05,333,0,1.56881e-05,1.12538e-05,1.26097e-06,3.88882e-05,2.46e-05,9.21446e-06,0,4.31671e-05,0.000344239,0.000134798,3.09322e-05,8.94868e-06
all_features,xgb,shap,column,DOW_0,DOW_0,1,True,0.000179617,0.000106237,0.000264884,311,0,0.000102149,7.12952e-06,0.000738895,0.000170602,0.000214896,5.3587e-05,4.59656e-05,7.51708e-05,0.00032961,0.000266662,0.00013153,0.000172027
all_features,xgb,shap,column,DOW_1,DOW_1,1,True,1.65703e-05,9.08514e-06,2.54439e-05,352,0,7.9052e-06,-1.57173e-07,2.42437e-05,1.54389e-05,1.36295e-05,5.78789e-06,1.12131e-05,2.30427e-05,4.75652e-05,9.78792e-06,1.81407e-05,1.818e-05
all_features,xgb,shap,column,DOW_2,DOW_2,1,True,0.000378041,0.000284744,0.000489531,269,0,0.000162858,1.4109e-06,0.000344934,0.000254071,0.000212172,0.000167435,0.000442008,0.000837349,0.000375958,0.00045603,0.000496017,0.00029588
all_features,xgb,shap,column,DOW_3,DOW_3,1,True,2.70951e-05,1.71009e-05,3.86286e-05,342,0,1.28181e-05,-3.73201e-06,2.89363e-05,2.08409e-05,1.34255e-05,8.40709e-06,2.62043e-05,6.12569e-05,4.17585e-05,3.68493e-05,3.94731e-05,1.79316e-05
all_features,xgb,shap,column,DOW_4,DOW_4,1,True,0.00160526,0.00124233,0.00206244,64,0,0.000686943,1.10479e-06,0.00166318,0.00231134,0.00280416,0.00131258,0.000836125,0.000946217,0.000837904,0.00152159,0.00167256,0.00160269
all_features,xgb,shap,column,hour,hour,1,False,0,0,0,0,0,0,0,0,0,0,0,0,0,0,0,0,0
all_features,xgb,shap,column,is_overnight,is_overnight,1,False,0,0,0,0,0,0,0,0,0,0,0,0,0,0,0,0,0
all_features,xgb,shap,column,is_open,is_open,1,False,0,0,0,0,0,0,0,0,0,0,0,0,0,0,0,0,0
all_features,xgb,shap,column,is_close,is_close,1,False,0,0,0,0,0,0,0,0,0,0,0,0,0,0,0,0,0
all_features,xgb,shap,column,is_opex,is_opex,1,True,2.81307e-06,9.56322e-07,5.20953e-06,375,0,1.30014e-06,3.77652e-07,6.48153e-07,2.81327e-06,8.09986e-06,3.17305e-06,4.22878e-07,1.22922e-06,1.0815e-06,3.00928e-07,2.96621e-06,3.60981e-06
all_features,xgb,shap,column,is_opex_week,is_opex_week,1,True,8.88447e-05,6.08962e-05,0.000119773,321,0,4.01307e-05,-3.05673e-06,3.44496e-05,4.94683e-05,0.000179793,0.00012376,2.59333e-05,0.000108505,4.65158e-05,0.000104306,8.95599e-05,8.31652e-05
all_features,xgb,shap,column,is_quad_witch,is_quad_witch,1,True,6.55104e-05,4.49822e-05,8.81843e-05,327,0,2.66977e-05,-3.5101e-06,1.64153e-05,0.000102839,3.61469e-05,0.000106897,7.2993e-05,2.98744e-05,7.44882e-05,5.02655e-05,8.56004e-05,6.138e-05
all_features,xgb,shap,column,is_rebalance_close,is_rebalance_close,1,True,3.01408e-05,1.70914e-05,4.68476e-05,338,0,1.2516e-05,-9.80054e-07,1.11417e-05,3.30223e-05,2.50538e-05,4.1858e-05,5.38368e-05,1.38071e-05,7.64179e-06,2.42492e-05,2.36921e-05,3.51948e-05
all_features,xgb,shap,column,is_month_end,is_month_end,1,True,0.0169124,0.0155607,0.0183505,11,0.0816327,0.00682102,-0.00033146,0.017563,0.0197502,0.0169655,0.0154657,0.0155527,0.0181424,0.0113227,0.0173933,0.0163579,0.0170056
all_features,xgb,shap,column,is_quarter_end,is_quarter_end,1,True,0.000696522,0.000594709,0.000807368,168,0,0.000278051,-3.64852e-05,0.000619361,0.00069546,0.000477811,0.000948534,0.000988987,0.000508142,0.000392216,0.000484442,0.000626316,0.000802683
all_features,xgb,shap,column,days_to_opex,days_to_opex,1,True,0.00412011,0.00344974,0.00485604,30,0,0.00172096,-1.86414e-05,0.0041872,0.00477914,0.0058603,0.00543488,0.00264511,0.00231533,0.00255221,0.00343091,0.00409102,0.00437196
all_features,xgb,shap,column,har_ma_1_x_open,har_ma_1_x_open,1,False,0,0,0,0,0,0,0,0,0,0,0,0,0,0,0,0,0
all_features,xgb,shap,column,har_ma_1_x_close,har_ma_1_x_close,1,True,0.0452294,0.042828,0.0475777,4,0.782313,0.0207362,0.00102795,0.0535905,0.0475578,0.0408249,0.0485755,0.0453003,0.0420403,0.0370249,0.0438431,0.0451246,0.0457577
all_features,xgb,shap,column,har_ma_5_x_open,har_ma_5_x_open,1,False,0,0,0,0,0,0,0,0,0,0,0,0,0,0,0,0,0
all_features,xgb,shap,column,har_ma_5_x_close,har_ma_5_x_close,1,True,0.0459669,0.0433208,0.048601,3,0.802721,0.0209074,0.0026319,0.0430017,0.0523117,0.0494962,0.049901,0.039543,0.0419581,0.0393608,0.0450288,0.0469346,0.0458383
all_features,xgb,shap,column,har_ma_25_x_open,har_ma_25_x_open,1,False,0,0,0,0,0,0,0,0,0,0,0,0,0,0,0,0,0
all_features,xgb,shap,column,har_ma_25_x_close,har_ma_25_x_close,1,True,0.0145773,0.0132348,0.0158482,12,0,0.00654755,0.000379369,0.0130448,0.0147678,0.0174327,0.0186058,0.013447,0.00995013,0.0129072,0.0121304,0.0140852,0.0156534
all_features,xgb,shap,column,har_ma_125_x_open,har_ma_125_x_open,1,False,0,0,0,0,0,0,0,0,0,0,0,0,0,0,0,0,0
all_features,xgb,shap,column,har_ma_125_x_close,har_ma_125_x_close,1,True,0.0109836,0.0103134,0.0116565,19,0,0.00494778,0.000530695,0.00979285,0.0110744,0.0112894,0.0120917,0.012172,0.00958851,0.00882274,0.00930326,0.0104383,0.0118195
all_features,xgb,shap,column,har_ma_625_x_open,har_ma_625_x_open,1,False,0,0,0,0,0,0,0,0,0,0,0,0,0,0,0,0,0
all_features,xgb,shap,column,har_ma_625_x_close,har_ma_625_x_close,1,True,0.000374095,0.000294438,0.00046869,272,0,0.000156529,9.15649e-06,0.00064993,0.000580837,0.000270199,0.000152154,0.000335274,0.00040378,0.000299812,0.000443071,0.000460417,0.000309861
all_features,xgb,shap,column,har_ma_3125_x_open,har_ma_3125_x_open,1,False,0,0,0,0,0,0,0,0,0,0,0,0,0,0,0,0,0
all_features,xgb,shap,column,har_ma_3125_x_close,har_ma_3125_x_close,1,True,0.000772186,0.000587415,0.000962053,154,0,0.000319858,3.0722e-06,0.000507561,0.000160698,0.000910945,0.000977159,0.000920261,0.000937345,0.00114113,0.000439321,0.000666537,0.000936684
all_features,xgb,shap,series,har_ma,har_ma_*,18,True,0.551559,0.530089,0.57154,1,1,0.2028,0.0190396,0.555448,0.594767,0.560283,0.606853,0.531304,0.495283,0.442554,0.520606,0.552905,0.561629
all_features,xgb,shap,series,sumret,adj_sumret_ma_*,12,True,0.068037,0.0647605,0.0716962,2,1,0.0250425,0.00239547,0.0699751,0.0634188,0.0771143,0.0638825,0.0687387,0.0680907,0.0620776,0.0683,0.0711014,0.0665122
all_features,xgb,shap,series,sumabsret,adj_sumabsret_ma_*,12,True,0.032182,0.0292269,0.0353686,5,0.612245,0.0122582,-0.00280269,0.0219769,0.0270217,0.0384282,0.0309465,0.0340761,0.0342172,0.0376665,0.0311223,0.0297237,0.0336985
all_features,xgb,shap,series,sumret3,adj_sumret3_ma_*,12,True,0.00853749,0.00769189,0.00944139,13,0.00680272,0.00318906,-0.000172314,0.0135746,0.00807087,0.00912965,0.00636774,0.00759131,0.00837623,0.0102812,0.00866648,0.00890548,0.00832071
all_features,xgb,shap,series,sumret4,adj_sumret4_ma_*,12,True,0.0053057,0.00388851,0.0070655,16,0.0204082,0.00232295,0.00024107,0.00742129,0.00434354,0.00987895,0.00240317,0.00588618,0.00373392,0.00284091,0.00431576,0.00321753,0.00662496
all_features,xgb,shap,series,sumpret2,adj_sumpret2_ma_*,12,True,0.00291158,0.00249688,0.00336063,43,0,0.00111869,4.14966e-05,0.0041768,0.00356238,0.00388086,0.001872,0.00235635,0.00207621,0.00331087,0.00335107,0.00244863,0.00297627
all_features,xgb,shap,series,sumbipow,adj_sumbipow_ma_*,12,True,0.00529324,0.00464972,0.00595045,17,0,0.00187202,-0.00103532,0.00487658,0.0046975,0.00514242,0.00400496,0.00474746,0.00700727,0.0087967,0.00614877,0.00509444,0.00509053
all_features,xgb,shap,series,sumautocov,adj_sumautocov_ma_*,12,True,0.0131717,0.0116196,0.0148093,11,0.0340136,0.00438204,0.000143361,0.0214224,0.0175638,0.0134929,0.010449,0.0105274,0.00973396,0.0119868,0.0149865,0.0130665,0.0125936
all_features,xgb,shap,series,sumvolume,adj_sumvolume_ma_*,12,True,0.048953,0.0402808,0.0583616,3,0.816327,0.0160806,-0.000192775,0.0270131,0.0273278,0.0318621,0.0440348,0.0568262,0.0868142,0.0811478,0.0600183,0.0529105,0.0432762
all_features,xgb,shap,series,numobs,adj_numobs_ma_*,18,True,0.00453435,0.00385423,0.00541591,21,0,0.00156077,-0.000441301,0.0072488,0.00636781,0.00487302,0.00395981,0.00263212,0.00390808,0.0027813,0.00501516,0.00464492,0.0043164
all_features,xgb,shap,series,sumret2_ewstock,adj_sumret2_ewstock_ma_*,12,True,0.00334907,0.00275696,0.00400841,38,0,0.00111537,-8.26597e-05,0.0042207,0.00285714,0.00206577,0.00234282,0.0028982,0.00511073,0.00663113,0.00371129,0.00443349,0.00271646
all_features,xgb,shap,series,sumret3_ewstock,adj_sumret3_ewstock_ma_*,12,True,0.0044257,0.00393807,0.00491668,23,0,0.00155212,3.733e-05,0.00343482,0.00318317,0.00512849,0.00420165,0.0055345,0.00452716,0.00480077,0.00378781,0.00461469,0.00455778
all_features,xgb,shap,series,sumret4_ewstock,adj_sumret4_ewstock_ma_*,12,True,0.00308667,0.00268229,0.0035903,41,0,0.00107405,-0.000215999,0.00225598,0.00240905,0.00297138,0.0044585,0.00326625,0.00260639,0.00365901,0.00252602,0.00328947,0.00318559
all_features,xgb,shap,series,sumabsret_ewstock,adj_sumabsret_ewstock_ma_*,12,True,0.0344759,0.0290238,0.0406017,4,0.489796,0.0115543,0.000138359,0.0594828,0.0574496,0.0309045,0.0220836,0.0271959,0.024683,0.0222623,0.040566,0.0346665,0.0322815
all_features,xgb,shap,series,sumbipow_ewstock,adj_sumbipow_ewstock_ma_*,12,True,0.00296327,0.00248351,0.0034871,42,0,0.00105829,-0.000331604,0.00461084,0.00429009,0.00246898,0.00182955,0.00225269,0.00207622,0.00609306,0.00369203,0.00338884,0.00251223
all_features,xgb,shap,series,sumpret2_ewstock,adj_sumpret2_ewstock_ma_*,12,True,0.00435208,0.00333847,0.0058431,25,0.0204082,0.00155561,-0.000461071,0.00391132,0.0041015,0.00919544,0.00408086,0.00295993,0.00227501,0.00241186,0.00346388,0.00353292,0.0050424
all_features,xgb,shap,series,turnover_ewstock,adj_turnover_ewstock_ma_*,12,True,0.00415035,0.0035265,0.00483274,29,0,0.0014324,-0.000477265,0.00237054,0.0019618,0.00495056,0.00332979,0.00531555,0.00563656,0.00595577,0.00390334,0.00373998,0.00442774
all_features,xgb,shap,series,buyturnover_ewstock,adj_buyturnover_ewstock_ma_*,12,True,0.00483422,0.00401771,0.00579675,19,0,0.0015283,-0.000425561,0.00278068,0.00269214,0.00434818,0.0036638,0.00706161,0.0072485,0.00581643,0.00445286,0.00482908,0.00496845
all_features,xgb,shap,series,sellturnover_ewstock,adj_sellturnover_ewstock_ma_*,12,True,0.00422233,0.00362083,0.00483023,28,0,0.00146912,-0.000155497,0.0023991,0.0020598,0.00416917,0.0039319,0.0053996,0.00639761,0.00481778,0.00411447,0.00405378,0.00433848
all_features,xgb,shap,series,effspread_ewstock,adj_effspread_ewstock_ma_*,12,True,0.00398091,0.003336,0.00463935,30,0,0.0013409,-0.000166633,0.00313997,0.00298081,0.00283938,0.00259418,0.00477422,0.00629645,0.00681895,0.00482329,0.00426264,0.0035579
all_features,xgb,shap,series,spread_ewstock,adj_spread_ewstock_ma_*,12,True,0.00275562,0.0023706,0.00318437,44,0,0.000955339,8.79997e-05,0.00212718,0.00179392,0.00189386,0.00341273,0.00273342,0.00388217,0.00410766,0.00294913,0.00309672,0.00252912
all_features,xgb,shap,series,sumret2_vwstock,adj_sumret2_vwstock_ma_*,12,True,0.00235732,0.00191376,0.00290979,46,0,0.000850475,-8.86347e-05,0.00574358,0.00220719,0.00263146,0.0018287,0.00152022,0.00190453,0.00216641,0.0029651,0.00202489,0.00230277
all_features,xgb,shap,series,sumret3_vwstock,adj_sumret3_vwstock_ma_*,12,True,0.00371192,0.00312903,0.00442436,35,0.0136054,0.00145101,0.000166178,0.00630208,0.00235372,0.0040561,0.00270307,0.00392659,0.00390317,0.00473845,0.00411555,0.00374126,0.00355866
all_features,xgb,shap,series,sumret4_vwstock,adj_sumret4_vwstock_ma_*,12,True,0.00319697,0.00268383,0.00381153,40,0,0.0011226,-5.85661e-05,0.00237119,0.00335208,0.00286463,0.00505611,0.00261347,0.00242735,0.00349573,0.0022403,0.00385174,0.0032213
all_features,xgb,shap,series,sumabsret_vwstock,adj_sumabsret_vwstock_ma_*,12,True,0.0212694,0.0181406,0.0246237,7,0.190476,0.00740607,0.000443427,0.0138454,0.014285,0.0178302,0.0162118,0.0251862,0.0338161,0.0312609,0.0244342,0.0217948,0.0199295
all_features,xgb,shap,series,sumbipow_vwstock,adj_sumbipow_vwstock_ma_*,12,True,0.00432711,0.00361064,0.00520002,26,0,0.0015903,-0.000138008,0.00952682,0.00423901,0.00357315,0.00299282,0.00313688,0.00475793,0.00507217,0.0061771,0.00432049,0.0036907
all_features,xgb,shap,series,sumpret2_vwstock,adj_sumpret2_vwstock_ma_*,12,True,0.00331149,0.0024761,0.00438617,39,0,0.0011803,-0.00043474,0.00341197,0.00231986,0.00695031,0.00351964,0.00233967,0.00193413,0.00166992,0.00182176,0.00236473,0.00426946
all_features,xgb,shap,series,turnover_vwstock,adj_turnover_vwstock_ma_*,12,True,0.00636326,0.00478579,0.00828325,14,0.00680272,0.00213566,-1.0976e-05,0.00332684,0.00205908,0.00507276,0.00496032,0.00747343,0.00927261,0.0213292,0.00857856,0.00652373,0.0055224
all_features,xgb,shap,series,buyturnover_vwstock,adj_buyturnover_vwstock_ma_*,12,True,0.00481945,0.00392042,0.00586415,20,0,0.00167819,-0.000161199,0.00231709,0.00169137,0.00502087,0.0052188,0.00522375,0.00617975,0.0117469,0.00520065,0.00447782,0.00484752
all_features,xgb,shap,series,sellturnover_vwstock,adj_sellturnover_vwstock_ma_*,12,True,0.0174898,0.0115734,0.0246494,8,0.136054,0.0058014,0.000714271,0.00434245,0.00313928,0.00813687,0.012271,0.0227646,0.0315445,0.0712985,0.0264265,0.0189806,0.0137031
all_features,xgb,shap,series,effspread_vwstock,adj_effspread_vwstock_ma_*,12,True,0.00367647,0.00306978,0.00439043,36,0,0.00123085,-9.78076e-05,0.00364872,0.00350547,0.00346102,0.00215531,0.00292675,0.00450328,0.00953658,0.00502525,0.00424411,0.00294463
all_features,xgb,shap,series,spread_vwstock,adj_spread_vwstock_ma_*,12,True,0.00206616,0.00180028,0.00235745,47,0,0.000756043,6.87019e-06,0.00204004,0.00132304,0.00224709,0.00177617,0.00272671,0.00213924,0.00257835,0.00167052,0.00199826,0.00223469
all_features,xgb,shap,series,stocktwits_attention,adj_stocktwits_attention_ma_*,12,True,0.00428236,0.00372201,0.00490215,27,0,0.00153493,0.000195607,0.00466678,0.00401553,0.00450566,0.00492688,0.0053659,0.00307469,0.00217452,0.00380243,0.00376133,0.00469206
all_features,xgb,shap,series,stocktwits_sentiment,adj_stocktwits_sentiment_ma_*,12,True,0.0167453,0.013586,0.0197952,9,0.197279,0.00603114,-0.000889879,0.0265992,0.02453,0.0212713,0.0193339,0.0120386,0.00486808,0.00487514,0.0141772,0.0150224,0.0184391
all_features,xgb,shap,series,stocktwits_sentcount,adj_stocktwits_sentcount_ma_*,12,True,0.0101617,0.00868842,0.0117887,12,0.0408163,0.00356986,0.000486163,0.00797405,0.00744257,0.0074822,0.0133543,0.0159492,0.00948333,0.00491953,0.00834556,0.00839897,0.0116144
all_features,xgb,shap,series,vix,adj_vix_ma_*,12,True,0.00443336,0.0037975,0.00511559,22,0,0.00173485,0.000120043,0.00428799,0.00559208,0.00588834,0.00402356,0.00456261,0.00250887,0.00323261,0.00386054,0.00377829,0.00493787
all_features,xgb,shap,series,vvix,adj_vvix_ma_*,12,True,0.00358037,0.00321953,0.00393915,37,0,0.00127934,-8.11759e-05,0.00405738,0.0024054,0.00408132,0.00373509,0.00365554,0.00391494,0.00329084,0.00388156,0.00312241,0.00369053
all_features,xgb,shap,series,vix3m,adj_vix3m_ma_*,12,True,0.00260887,0.00225628,0.00298626,45,0,0.00103207,-0.000328689,0.00276713,0.00208869,0.00348177,0.00285532,0.00261017,0.00173942,0.00326557,0.00204827,0.00208978,0.00304555
all_features,xgb,shap,series,voldemand_spx_open_and_close,adj_voldemand_spx_open_and_close_ma_*,18,True,0.00388584,0.00311158,0.0050409,31,0.00680272,0.00131113,-1.02974e-05,0.00263106,0.0062041,0.00345498,0.00336938,0.00347975,0.00373841,0.00307044,0.00350021,0.00491252,0.00353876
all_features,xgb,shap,series,voldemand_spx_open_only,adj_voldemand_spx_open_only_ma_*,18,True,0.0037799,0.00318425,0.00439601,34,0,0.00128173,-0.000298571,0.00660787,0.00524978,0.00238544,0.00361148,0.00290484,0.00283325,0.00499945,0.0051227,0.00372531,0.00334127
all_features,xgb,shap,series,voldemand_all_open_and_close,adj_voldemand_all_open_and_close_ma_*,18,True,0.00378915,0.00321592,0.0044424,33,0,0.00130286,-0.000414204,0.00437302,0.00384034,0.00490853,0.00407261,0.00360175,0.00274734,0.00211038,0.00358573,0.00370557,0.00389857
all_features,xgb,shap,series,voldemand_all_open_only,adj_voldemand_all_open_only_ma_*,18,True,0.00386204,0.00337151,0.00439604,32,0,0.00134482,0.000134779,0.00570905,0.00486057,0.00351621,0.00305872,0.00323864,0.00339974,0.00460859,0.00539669,0.00410408,0.00321829
all_features,xgb,shap,series,ofi_ewstock,adj_ofi_ewstock_ma_*,12,True,0.0156519,0.0118089,0.0196299,10,0.0816327,0.0049963,0.00114321,0.00463397,0.00536713,0.00907738,0.0144568,0.028068,0.0246545,0.0244378,0.0132999,0.0148836,0.0168244
all_features,xgb,shap,series,ofi_vwstock,adj_ofi_vwstock_ma_*,12,True,0.00440856,0.00362461,0.00533125,24,0,0.00154576,-0.000143739,0.00383008,0.00417378,0.00294671,0.00301193,0.00440017,0.00547768,0.0118222,0.00526034,0.00501851,0.00382872
all_features,xgb,shap,series,fomc_release,adj_fomc_release_ma_*,18,True,0.000249647,0.000156831,0.000360911,49,0,8.04055e-05,2.1767e-05,0.000287279,0.000184178,0.000269541,0.000180881,0.000102778,0.000192959,0.00120202,0.00034222,0.000318349,0.000185501
all_features,xgb,shap,series,fomc_day,adj_fomc_day_ma_*,18,True,0.00192671,0.00140019,0.00251223,48,0,0.000640147,1.29284e-05,0.00457667,0.00316177,0.00250882,0.000651458,0.000780564,0.00103365,0.00214786,0.00268747,0.00197408,0.00164156
all_features,xgb,shap,series,fomc_until_inv,adj_fomc_until_inv_ma_*,12,True,0.00508755,0.00446652,0.00577502,18,0,0.0016683,-1.31602e-05,0.0051948,0.00456322,0.00467027,0.00371082,0.0065654,0.00651725,0.00311279,0.00520575,0.0048006,0.00518095
all_features,xgb,shap,series,fomc_since_inv,adj_fomc_since_inv_ma_*,12,True,0.00568899,0.00496661,0.00646227,15,0,0.00188337,-0.000307683,0.0054753,0.00589094,0.00741487,0.00397317,0.00637643,0.00598635,0.00222769,0.00575475,0.00451591,0.00621514
all_features,xgb,shap,series,calendar,"calendar (DOW_*, is_*, ...)",16,True,0.0241873,0.0222197,0.0262913,6,0.326531,0.00764847,-0.000388,0.0255845,0.0270351,0.0252713,0.0222769,0.0223833,0.0254666,0.0167906,0.0245529,0.0236193,0.0243266
all_features,xgb,shap,cluster,C01,C01: sumret3_ewstock_avail_ma_625 +1,2,True,0.000709149,0.000533641,0.000911694,121,0,0.000252966,2.72819e-05,0.000393079,0.00039681,0.000333224,0.000684661,0.0015004,0.000680881,0.00110984,0.00066755,0.000557195,0.000794629
all_features,xgb,shap,cluster,C02,C02: sumret2_ewstock_avail_ma_625 +21,22,True,0.00105768,0.000662641,0.00150507,98,0,0.000383875,5.38952e-06,0.000373803,0.000223548,0.000244058,0.000413053,0.00143096,0.00232415,0.00435392,0.00125225,0.00158814,0.000742221
all_features,xgb,shap,cluster,C03,C03: adj_fomc_since_inv_ma_1 +3,4,True,0.00394638,0.00338681,0.00452813,29,0,0.00149553,-0.000134751,0.00466752,0.00469536,0.00448366,0.00243718,0.00451633,0.00413332,0.000975199,0.00407205,0.00348598,0.00411836
all_features,xgb,shap,cluster,C04,C04: adj_fomc_until_inv_ma_1 +2,3,True,0.00299999,0.00237812,0.00366806,38,0,0.00114971,-1.68986e-05,0.00207992,0.00263731,0.00271965,0.00155994,0.00478549,0.00430593,0.00136897,0.00297371,0.00292532,0.00304402
all_features,xgb,shap,cluster,C05,C05: fomc_day_active_ma_1 +2,3,True,0,0,0,162,0,0,0,0,0,0,0,0,0,0,0,0,0
all_features,xgb,shap,cluster,C06,C06: adj_fomc_day_ma_1 +2,3,True,8.74849e-06,2.23395e-06,1.78823e-05,156,0,3.54134e-06,1.22022e-07,3.04895e-05,7.06779e-07,5.32622e-06,0,2.81703e-05,1.32002e-06,0,9.88694e-06,0,1.24484e-05
all_features,xgb,shap,cluster,C07,C07: sumret3_ewstock_avail_ma_25 +1,2,True,9.65822e-06,3.46991e-06,1.79237e-05,155,0,5.07085e-06,1.73814e-06,5.25646e-05,2.05123e-05,2.96484e-06,5.1205e-06,0,0,0,2.34398e-05,8.74722e-06,5.32047e-06
all_features,xgb,shap,cluster,C08,C08: sumret2_ewstock_avail_ma_1 +47,48,True,0,0,0,162,0,0,0,0,0,0,0,0,0,0,0,0,0
all_features,xgb,shap,cluster,C09,C09: sumret2_ewstock_avail_ma_25 +21,22,True,1.16414e-05,3.15753e-06,2.27883e-05,154,0,5.85722e-06,-5.76277e-06,8.14343e-05,2.46834e-05,3.88177e-07,0,0,0,0,2.41261e-05,1.17854e-05,7.25827e-06
all_features,xgb,shap,cluster,C10,C10: is_quad_witch +1,2,True,0.00010207,6.91794e-05,0.000139613,144,0,3.92137e-05,-4.49015e-06,3.00101e-05,0.000142878,6.64529e-05,0.000158979,0.000134508,4.67658e-05,9.13232e-05,7.92742e-05,0.000116201,0.000103338
all_features,xgb,shap,cluster,C11,C11: adj_sumabsret_ewstock_ma_3125 +1,2,True,0.00118324,0.000970962,0.00140068,94,0,0.000490695,-0.000113802,0.00069073,0.000651468,0.00170777,0.00147192,0.00112954,0.00125239,0.00112144,0.000945426,0.00106021,0.00132301
all_features,xgb,shap,cluster,C12,C12: adj_sumabsret_ma_3125 +3,4,True,0.00309457,0.00239962,0.0038335,36,0,0.00119688,0.000229534,0.00404917,0.00549745,0.00409973,0.00190188,0.00140226,0.00170479,0.00396236,0.0040947,0.00303121,0.00277849
all_features,xgb,shap,cluster,C13,C13: adj_sumret4_ewstock_ma_3125 +1,2,True,0.00118466,0.000919623,0.00150797,92,0,0.000484567,-8.37576e-05,0.000543901,0.000552047,0.000863234,0.00197488,0.00132488,0.00146191,0.00151653,0.000879864,0.00132878,0.0012226
all_features,xgb,shap,cluster,C14,C14: adj_sumret2_ewstock_ma_3125 +5,6,True,0.00447073,0.00334073,0.00584658,24,0,0.00182118,-0.00061243,0.0063559,0.00345631,0.00838297,0.00458148,0.00219226,0.00291199,0.00411916,0.00280395,0.00351575,0.00549373
all_features,xgb,shap,cluster,C15,C15: adj_vvix_ma_1 +3,4,True,0.00266369,0.00232435,0.0030003,42,0,0.00112833,-0.000104477,0.00283634,0.00163068,0.00302942,0.00207807,0.00260004,0.00354584,0.00388507,0.00332096,0.00260181,0.00246545
all_features,xgb,shap,cluster,C16,C16: adj_vix_ma_3125 +1,2,True,0.0011062,0.000919341,0.00130381,95,0,0.000448532,-0.000225024,0.000844456,0.00107673,0.00134973,0.00117218,0.00140777,0.000702639,0.000977214,0.000722807,0.000812523,0.00137614
all_features,xgb,shap,cluster,C17,C17: adj_vix_ma_1 +9,10,True,0.0044552,0.00378241,0.00528126,25,0,0.00214652,-4.02128e-05,0.00402758,0.00519019,0.00595038,0.004652,0.00481349,0.00234088,0.00294268,0.00392179,0.0037124,0.00498715
all_features,xgb,shap,cluster,C18,C18: adj_sumautocov_ma_625 +1,2,True,0.00275768,0.00226123,0.00329366,40,0,0.00109279,-0.000711591,0.0052619,0.00378462,0.00310451,0.00189011,0.0017152,0.00222284,0.00189649,0.00378269,0.00231867,0.00260877
all_features,xgb,shap,cluster,C19,C19: stocktwits_attention_avail_ma_1 +1,2,True,0,0,0,162,0,0,0,0,0,0,0,0,0,0,0,0,0
all_features,xgb,shap,cluster,C20,C20: adj_voldemand_spx_open_only_ma_125 +1,2,True,0.0013441,0.00113771,0.0015704,87,0,0.000554916,-5.35479e-05,0.00147761,0.00142579,0.00128233,0.00204436,0.0011577,0.000887797,0.000868845,0.00152036,0.00119767,0.00135168
all_features,xgb,shap,cluster,C21,C21: adj_voldemand_spx_open_only_ma_625 +1,2,True,0.00186058,0.00157758,0.00217366,64,0,0.000770918,0.000167214,0.00276428,0.002073,0.00195831,0.00187589,0.00125158,0.00161245,0.00202902,0.00264049,0.00186505,0.00158888
all_features,xgb,shap,cluster,C22,C22: adj_voldemand_spx_open_only_ma_3125 +1,2,True,0.000765535,0.000646393,0.00089644,116,0,0.000321533,-2.7011e-05,0.0005712,0.000641699,0.000646696,0.0005575,0.000980115,0.00105698,0.000925952,0.000871311,0.000835883,0.000696054
all_features,xgb,shap,cluster,C23,C23: adj_stocktwits_sentiment_ma_25 +1,2,True,0.00155971,0.00135119,0.00177081,77,0,0.000646389,-6.86947e-05,0.00195874,0.00213525,0.00175236,0.000940312,0.00142872,0.00119694,0.00192193,0.00172919,0.00158121,0.00149107
all_features,xgb,shap,cluster,C24,C24: adj_ofi_ewstock_ma_625 +1,2,True,0.00243686,0.00177889,0.00323527,47,0.00680272,0.00099811,-0.000102317,0.00485146,0.00258737,0.0009651,0.0013584,0.00399794,0.00221732,0.00179315,0.00223429,0.00189726,0.00275937
all_features,xgb,shap,cluster,C25,C25: adj_ofi_ewstock_ma_125 +1,2,True,0.00303422,0.0020255,0.00423275,37,0.00680272,0.00122388,0.000420175,0.000802201,0.00253255,0.00130892,0.00114673,0.00657833,0.00506402,0.00215212,0.00250029,0.0028557,0.00330232
all_features,xgb,shap,cluster,C26,C26: adj_sumret3_ewstock_ma_625 +1,2,True,0.00158267,0.00128202,0.00189518,75,0,0.000644705,-2.54987e-05,0.00144123,0.00186757,0.0013542,0.00176577,0.00240329,0.000817885,0.000844659,0.0012559,0.00153595,0.00171749
all_features,xgb,shap,cluster,C27,C27: adj_sumret3_ewstock_ma_125 +1,2,True,0.00148882,0.0011749,0.00186438,80,0,0.00071042,9.18441e-05,0.0030894,0.00073588,0.00155173,0.000914963,0.00176731,0.00162173,0.00164802,0.0017796,0.00134654,0.00145488
all_features,xgb,shap,cluster,C28,C28: adj_sumret3_ewstock_ma_25 +1,2,True,0.00197389,0.00153994,0.00248496,60,0,0.000940021,8.82814e-05,0.00189024,0.000946518,0.00205305,0.00124058,0.00218814,0.00263421,0.00479517,0.00214946,0.0022565,0.00178096
all_features,xgb,shap,cluster,C29,C29: adj_stocktwits_sentcount_ma_5 +1,2,True,0.00617753,0.00541079,0.00697414,18,0,0.00257988,0.000255069,0.00487465,0.00475062,0.00509414,0.00810287,0.00861121,0.0060502,0.0030546,0.00569012,0.00534454,0.00673577
all_features,xgb,shap,cluster,C30,C30: har_ma_625 +2,3,True,0.00173481,0.00149615,0.00201752,72,0,0.00071083,-0.000103497,0.00222414,0.00208413,0.00187203,0.00127864,0.00193795,0.0013876,0.00124515,0.00179224,0.0018186,0.00167575
all_features,xgb,shap,cluster,C31,C31: adj_voldemand_spx_open_only_ma_1 +1,2,True,0.0037944,0.00297343,0.00470096,31,0,0.00148292,1.58659e-05,0.00825859,0.00658605,0.00287414,0.00299521,0.00296331,0.00181081,0.0016092,0.00512985,0.00379694,0.00333158
all_features,xgb,shap,cluster,C32,C32: adj_voldemand_spx_open_only_ma_5 +1,2,True,0.000806285,0.000688089,0.000928753,115,0,0.00033949,-3.24165e-06,0.000898532,0.000515642,0.000472082,0.00103585,0.000968166,0.000899563,0.00113469,0.000921791,0.000774824,0.000781078
all_features,xgb,shap,cluster,C33,C33: adj_voldemand_spx_open_only_ma_25 +1,2,True,0.00068851,0.000591985,0.000795796,122,0,0.000270083,-0.000100339,0.000538715,0.000828236,0.000418317,0.0008648,0.000489974,0.000807583,0.00102378,0.000807992,0.000897292,0.000549519
all_features,xgb,shap,cluster,C34,C34: adj_voldemand_spx_open_and_close_ma_1 +1,2,True,0.00101524,0.00085379,0.00120692,103,0,0.00038887,-0.000189596,0.000798307,0.000869115,0.000635177,0.00144578,0.00127551,0.000980782,0.00097882,0.000789716,0.00111324,0.00104735
all_features,xgb,shap,cluster,C35,C35: adj_voldemand_spx_open_and_close_ma_5 +1,2,True,0.0010264,0.000913049,0.00114432,101,0,0.000415768,7.9518e-05,0.00127997,0.00124174,0.000994406,0.000898471,0.00117725,0.000785916,0.000690249,0.000912107,0.000925032,0.00111335
all_features,xgb,shap,cluster,C36,C36: adj_voldemand_spx_open_and_close_ma_25 +1,2,True,0.000836674,0.000723997,0.000966177,112,0,0.000343888,-4.87689e-05,0.00139919,0.000937411,0.000773614,0.000742042,0.000927598,0.000587741,0.000578522,0.000948193,0.00071681,0.000854208
all_features,xgb,shap,cluster,C37,C37: adj_voldemand_spx_open_and_close_ma_125 +1,2,True,0.00135318,0.00117509,0.00154616,86,0,0.000575716,8.92877e-05,0.00237929,0.00169368,0.0011898,0.00149578,0.00123915,0.000768426,0.000821071,0.0013982,0.00127828,0.00137266
all_features,xgb,shap,cluster,C38,C38: adj_voldemand_spx_open_and_close_ma_625 +1,2,True,0.00235013,0.00193106,0.00281357,50,0,0.000944401,-0.000521697,0.00189102,0.00162413,0.00322198,0.00153153,0.00366722,0.00228401,0.00136766,0.00175226,0.00186102,0.00278565
all_features,xgb,shap,cluster,C39,C39: adj_voldemand_spx_open_and_close_ma_3125 +1,2,True,0.000765534,0.000640086,0.00088705,117,0,0.000311333,-9.69784e-05,0.00070515,0.00029081,0.00081681,0.00105192,0.00087062,0.000890293,0.000631382,0.000625099,0.000648871,0.000868666
all_features,xgb,shap,cluster,C40,C40: adj_spread_ewstock_ma_1 +1,2,True,0.000828888,0.0007287,0.000930645,113,0,0.00037971,1.71648e-05,0.000963377,0.000584806,0.000771898,0.000906057,0.000848477,0.00104977,0.000586025,0.000902469,0.000836268,0.000799999
all_features,xgb,shap,cluster,C41,C41: adj_effspread_ewstock_ma_1 +1,2,True,0.00122787,0.00106411,0.00142237,90,0,0.000523932,-1.54549e-05,0.00086302,0.00127931,0.000888139,0.00116651,0.00113344,0.00139344,0.00270312,0.00137946,0.00143926,0.00107656
all_features,xgb,shap,cluster,C42,C42: adj_effspread_vwstock_ma_1 +1,2,True,0.000852335,0.000748957,0.000959152,110,0,0.000352875,-9.31892e-06,0.00127868,0.00098039,0.000714122,0.000650741,0.000687809,0.00084151,0.00135955,0.00102514,0.000856542,0.000790631
all_features,xgb,shap,cluster,C43,C43: adj_spread_vwstock_ma_1 +1,2,True,0.000867569,0.000765212,0.000974501,108,0,0.000356779,6.54629e-05,0.000978402,0.000693391,0.00104456,0.000955445,0.000760802,0.000895288,0.000670392,0.000797329,0.000907792,0.000873028
all_features,xgb,shap,cluster,C44,C44: adj_numobs_ma_1 +3,4,True,0.000117867,8.03251e-05,0.000178447,143,0,4.5029e-05,-2.84853e-06,7.24644e-05,7.03889e-05,0.000108413,0.000253447,7.37489e-05,0.000122781,7.37741e-05,8.55428e-05,9.73884e-05,0.000138623
all_features,xgb,shap,cluster,C45,C45: adj_stocktwits_attention_ma_1 +1,2,True,0.00195229,0.0016352,0.00227425,61,0,0.000812172,0.000121526,0.00245666,0.00136743,0.00186483,0.00231602,0.00300586,0.00125347,0.0010502,0.00160771,0.00158322,0.00224409
all_features,xgb,shap,cluster,C46,C46: har_ma_25 +3,4,True,0.0963466,0.089643,0.103194,2,1,0.0402994,0.00370021,0.0831443,0.0940013,0.109008,0.11759,0.0950299,0.076673,0.0849205,0.0843478,0.0906646,0.103153
all_features,xgb,shap,cluster,C47,C47: adj_turnover_ewstock_ma_1 +5,6,True,0.00451559,0.00401539,0.00500978,22,0,0.00196616,5.9575e-05,0.00308541,0.00265865,0.00484214,0.00441311,0.00568487,0.00566117,0.00494597,0.00421566,0.00412792,0.00480067
all_features,xgb,shap,cluster,C48,C48: adj_sumvolume_ma_1 +1,2,True,0.0357177,0.0297588,0.0421414,4,0.557823,0.0138198,-0.000818587,0.0203651,0.0229787,0.0254411,0.0308634,0.0371005,0.0636577,0.0579969,0.0440186,0.0399832,0.0308525
all_features,xgb,shap,cluster,C49,C49: har_ma_1 +3,4,True,0.406066,0.390333,0.421795,1,1,0.173732,0.0153507,0.423247,0.451159,0.40327,0.434178,0.383928,0.371566,0.328508,0.392061,0.413683,0.407344
all_features,xgb,shap,cluster,C50,C50: adj_sumabsret_ewstock_ma_1 +3,4,True,0.0459437,0.0413361,0.0506431,3,0.755102,0.0182246,0.000466622,0.0604282,0.0613509,0.0405183,0.0315226,0.0427609,0.0474958,0.0393676,0.0530991,0.0463354,0.043287
all_features,xgb,shap,cluster,C51,C51: adj_sumabsret_ma_1 +7,8,True,0.0294586,0.0264497,0.0329753,6,0.394558,0.0134963,-0.00352699,0.0178529,0.0247691,0.0350728,0.0287081,0.0289745,0.033261,0.0380974,0.0304008,0.0275278,0.0300363
all_features,xgb,shap,cluster,C52,C52: sumret2_ewstock_avail_ma_125 +23,24,True,4.56724e-05,2.86959e-05,6.44588e-05,149,0,2.05521e-05,-7.32e-06,0.000112079,9.5294e-05,8.42116e-05,1.96774e-05,7.09509e-06,0,0,2.23554e-05,5.94554e-05,4.72835e-05
all_features,xgb,shap,cluster,C53,C53: adj_stocktwits_attention_ma_125 +1,2,True,0.00104724,0.000841833,0.00127424,99,0,0.000466322,-1.76011e-05,0.00201383,0.00167328,0.000906926,0.000888941,0.000563727,0.000703785,0.0009583,0.00155279,0.00103151,0.000879848
all_features,xgb,shap,cluster,C54,C54: adj_stocktwits_attention_ma_625 +1,2,True,0.00168165,0.00139097,0.00204873,74,0,0.000653453,4.96278e-05,0.00165047,0.00189143,0.00162622,0.00167099,0.00194427,0.00141286,0.00127113,0.00178607,0.00148746,0.00173641
all_features,xgb,shap,cluster,C55,C55: vix3m_avail_ma_625 +1,2,True,0.000228987,0.000164711,0.000304204,139,0,8.63675e-05,-1.55627e-05,0.000339155,0.000213158,0.000102287,0.000331569,0.000163692,0.0001423,0.000657066,0.000220612,0.00032343,0.000187691
all_features,xgb,shap,cluster,C56,C56: vix_avail_ma_1 +4,5,True,4.79806e-07,0,1.44138e-06,161,0,1.64991e-07,1.64991e-07,5.42181e-06,0,0,0,0,0,0,2.51727e-06,0,0
all_features,xgb,shap,cluster,C57,C57: adj_numobs_ma_3125 +33,34,True,0.00205336,0.00168835,0.00244803,56,0,0.000882421,-9.1073e-05,0.00168385,0.00155052,0.00343289,0.00190148,0.00205769,0.00139037,0.00251583,0.00187249,0.00136636,0.00243734
all_features,xgb,shap,cluster,C58,C58: adj_turnover_vwstock_ma_625 +2,3,True,0.00118453,0.000962858,0.00145854,93,0,0.000469026,-6.21655e-05,0.000664439,0.000876076,0.00071087,0.0013833,0.00121464,0.00121703,0.00372733,0.0011944,0.00155344,0.0010085
all_features,xgb,shap,cluster,C59,C59: adj_turnover_ewstock_ma_3125 +7,8,True,0.00459932,0.00356268,0.00579332,20,0,0.00180997,-0.000681951,0.00466731,0.0021662,0.00632542,0.00466044,0.003309,0.00617446,0.00593805,0.00422703,0.00415888,0.00493409
all_features,xgb,shap,cluster,C60,C60: adj_turnover_ewstock_ma_625 +2,3,True,0.00268508,0.00220182,0.00325168,41,0,0.00105699,-0.000334968,0.00139938,0.00139205,0.00311554,0.00264907,0.00337337,0.00339107,0.00339571,0.00218286,0.00275276,0.00282701
all_features,xgb,shap,cluster,C61,C61: adj_turnover_vwstock_ma_1 +5,6,True,0.0220039,0.0149491,0.0306481,7,0.190476,0.00878589,0.00115991,0.00589619,0.00450303,0.0113717,0.0169619,0.0283418,0.0370901,0.0879114,0.0315337,0.0244875,0.0175475
all_features,xgb,shap,cluster,C62,C62: adj_turnover_vwstock_ma_25 +5,6,True,0.00234119,0.00209128,0.0026144,51,0,0.00093541,-0.000167079,0.00246052,0.00192585,0.00239032,0.00182204,0.00246391,0.00272513,0.0033958,0.00280733,0.00229958,0.00219952
all_features,xgb,shap,cluster,C63,C63: adj_turnover_ewstock_ma_125 +2,3,True,0.004127,0.0031567,0.00515949,28,0,0.00149508,-0.000277627,0.00156404,0.00180191,0.00209088,0.00369897,0.00686581,0.00773655,0.00370492,0.00420356,0.00421123,0.00406112
all_features,xgb,shap,cluster,C64,C64: adj_turnover_ewstock_ma_25 +2,3,True,0.00185835,0.00168565,0.00205399,65,0,0.000735824,-0.00016598,0.00126828,0.00215444,0.0019536,0.00159038,0.00163551,0.00215687,0.00216205,0.00195763,0.00222061,0.00165454
all_features,xgb,shap,cluster,C65,C65: sumret2_ewstock_avail_ma_3125 +21,22,True,0.00107868,0.000726591,0.00149285,97,0,0.000393022,-0.00010358,0.000386882,0.000270864,0.000473945,0.000710142,0.00137566,0.00273619,0.00177052,0.00111185,0.00153845,0.000852079
all_features,xgb,shap,cluster,C66,C66: voldemand_spx_open_and_close_active_ma_25 +15,16,True,0.00314872,0.00226602,0.00445956,35,0.00680272,0.00125198,0.000233901,0.00184715,0.00506945,0.00345562,0.0027614,0.00269263,0.00233843,0.00323113,0.00354598,0.00405498,0.00258735
all_features,xgb,shap,cluster,C67,C67: numobs_active_ma_625 +1,2,True,0.00226717,0.00186874,0.00271103,54,0,0.000869124,-0.000733334,0.0018381,0.00295678,0.00224984,0.00264274,0.00126995,0.00276228,0.00115902,0.0018145,0.0024681,0.00232964
all_features,xgb,shap,cluster,C68,C68: adj_effspread_ewstock_ma_3125 +1,2,True,0.00101558,0.000896161,0.00114953,102,0,0.000408324,4.4747e-05,0.00134794,0.00088207,0.00118183,0.000794705,0.000838685,0.00126506,0.000851172,0.00122314,0.000841268,0.00102539
all_features,xgb,shap,cluster,C69,C69: adj_sumret3_ewstock_ma_3125 +1,2,True,0.00139851,0.00108594,0.00180339,83,0,0.000599031,-3.17022e-05,0.00184741,0.000740277,0.00120547,0.000721929,0.00109122,0.00259291,0.0027707,0.0013572,0.00190493,0.00117583
all_features,xgb,shap,cluster,C70,C70: adj_spread_vwstock_ma_25 +1,2,True,0.000557963,0.000490761,0.000628477,130,0,0.000236415,-3.60762e-06,0.00060977,0.00035324,0.000496808,0.000533942,0.000671171,0.000688682,0.000644097,0.000563862,0.000506434,0.000580034
all_features,xgb,shap,cluster,C71,C71: vix_avail_ma_25 +3,4,True,0.000527009,0.000394617,0.000665865,131,0,0.000206006,7.22017e-05,0.000322237,0.000233722,0.000252893,0.000342724,0.000778314,0.00094804,0.00115221,0.000559724,0.000650887,0.000457737
all_features,xgb,shap,cluster,C72,C72: sumret3_ewstock_avail_ma_3125 +1,2,True,0.00122761,0.000871108,0.00161312,91,0,0.000470404,0.00010529,0.00040064,0.000663952,0.00169751,0.00220981,0.00164194,0.000663146,0.00032341,0.000511631,0.000925368,0.00161653
all_features,xgb,shap,cluster,C73,C73: stocktwits_sentiment_avail_ma_25 +7,8,True,0.000167828,0.000101881,0.000243084,141,0,6.3869e-05,-4.72248e-05,0.000492941,0.000414066,0.000140229,5.37359e-05,5.20727e-05,5.23446e-05,2.57999e-06,0.000223336,0.000200701,0.000133258
all_features,xgb,shap,cluster,C74,C74: vvix_avail_ma_1 +5,6,True,0.000280426,0.000227524,0.000334686,138,0,0.000117572,3.86975e-08,0.000246959,0.000339027,0.000346467,0.000299215,0.000316044,0.000136466,0.000217039,0.000266583,0.000235994,0.000306001
all_features,xgb,shap,cluster,C75,C75: voldemand_spx_open_and_close_avail_ma_1 +23,24,True,0.000914138,0.00069127,0.00114235,105,0,0.000332488,-0.000132899,0.00044665,0.000314748,0.000497026,0.00103409,0.00124969,0.00158562,0.00140967,0.000919439,0.00100954,0.00086767
all_features,xgb,shap,cluster,C76,C76: stocktwits_attention_avail_ma_3125 +8,9,True,8.31686e-05,5.81722e-05,0.00011414,147,0,3.33588e-05,-8.60086e-06,9.30886e-05,9.33002e-05,3.68513e-05,6.81433e-05,0.000109636,0.000122121,2.05998e-05,6.26386e-05,9.82714e-05,8.31988e-05
all_features,xgb,shap,cluster,C77,C77: stocktwits_sentiment_avail_ma_5 +1,2,True,9.42802e-07,0,2.64645e-06,160,0,3.70989e-07,-3.70989e-07,8.5976e-06,1.02803e-06,0,0,0,0,0,9.54597e-07,0,1.37986e-06
all_features,xgb,shap,cluster,C78,C78: stocktwits_sentiment_avail_ma_1 +1,2,True,0,0,0,162,0,0,0,0,0,0,0,0,0,0,0,0,0
all_features,xgb,shap,cluster,C79,C79: har_ma_3125 +1,2,True,0.00369749,0.00286365,0.00457765,32,0,0.00141051,0.000106476,0.00177499,0.000867417,0.00426741,0.0053692,0.00522532,0.00395094,0.00344447,0.00190213,0.00285639,0.00471165
all_features,xgb,shap,cluster,C80,C80: adj_sumret4_ewstock_ma_625 +1,2,True,0.0020312,0.00158654,0.00254124,57,0,0.000802488,-3.53439e-05,0.00125385,0.0028182,0.00186337,0.00347997,0.00138555,0.00113008,0.00156146,0.00151797,0.00256473,0.00195897
all_features,xgb,shap,cluster,C81,C81: adj_sumret4_ewstock_ma_25 +3,4,True,0.00223861,0.00199248,0.00251947,55,0,0.000917617,-8.87379e-05,0.00171133,0.00206878,0.00232113,0.00279519,0.00220063,0.00194418,0.00269469,0.00165691,0.00238382,0.00237175
all_features,xgb,shap,cluster,C82,C82: adj_effspread_ewstock_ma_625 +2,3,True,0.00140845,0.00120505,0.00162221,82,0,0.000559659,-2.31168e-05,0.00230513,0.00176324,0.00105052,0.000880502,0.00135263,0.00133564,0.00197574,0.00174305,0.00151052,0.00124503
all_features,xgb,shap,cluster,C83,C83: adj_sumabsret_ma_625 +3,4,True,0.00564158,0.00430128,0.0073119,19,0.0204082,0.00224999,-0.000167828,0.0057438,0.00507952,0.00916653,0.00345393,0.007399,0.00420637,0.00207153,0.00353526,0.00387112,0.00719808
all_features,xgb,shap,cluster,C84,C84: adj_sumret2_ewstock_ma_625 +7,8,True,0.00432976,0.00346944,0.005241,26,0,0.00176659,-0.000172243,0.00230007,0.00222729,0.0070117,0.00539476,0.00512259,0.00377027,0.00199351,0.00261542,0.00406501,0.00504625
all_features,xgb,shap,cluster,C85,C85: adj_sumret4_ewstock_ma_1 +1,2,True,0.000634882,0.000555635,0.000725786,123,0,0.000273872,-1.95879e-05,0.00111778,0.000492477,0.000654868,0.000502108,0.000506762,0.0006715,0.000955396,0.000760412,0.000611819,0.000602279
all_features,xgb,shap,cluster,C86,C86: adj_sumret4_ewstock_ma_5 +1,2,True,0.000515854,0.000403544,0.000655068,132,0,0.000215966,-1.68548e-05,0.00143474,0.00050851,0.000399132,0.000371249,0.000364069,0.000402111,0.000695189,0.000572804,0.000494251,0.000506275
all_features,xgb,shap,cluster,C87,C87: adj_spread_ewstock_ma_25 +1,2,True,0.0014597,0.00111953,0.00183321,81,0,0.000557552,-4.16253e-05,0.000761327,0.000462489,0.000810607,0.00263556,0.00173436,0.00233397,0.000588,0.00111477,0.00156908,0.00152775
all_features,xgb,shap,cluster,C88,C88: adj_effspread_ewstock_ma_125 +1,2,True,0.00262629,0.00206307,0.00322827,43,0,0.00104084,-9.70121e-05,0.00144572,0.00221861,0.00312949,0.00133499,0.00146743,0.0043042,0.00676212,0.0034519,0.00340728,0.00197546
all_features,xgb,shap,cluster,C89,C89: adj_effspread_ewstock_ma_25 +1,2,True,0.00238084,0.00209236,0.00268866,48,0,0.000938039,-0.000102266,0.0025358,0.00156816,0.00170759,0.00220024,0.00315592,0.003002,0.00308409,0.00264067,0.00224162,0.00235617
all_features,xgb,shap,cluster,C90,C90: adj_sumret2_ewstock_ma_5 +5,6,True,0.00350751,0.00295924,0.00411453,33,0,0.00139854,-0.000110078,0.00599404,0.0046588,0.00184155,0.00295441,0.00286285,0.00368851,0.00411638,0.00474966,0.00412963,0.00278703
all_features,xgb,shap,cluster,C91,C91: adj_sumpret2_ewstock_ma_1 +1,2,True,0.000848734,0.000732913,0.000975769,111,0,0.000329609,-9.22141e-05,0.000564689,0.000620214,0.00104359,0.000545462,0.000994749,0.00121554,0.000788506,0.000893844,0.000791875,0.000859746
all_features,xgb,shap,cluster,C92,C92: adj_sumret2_ewstock_ma_1 +1,2,True,0.00137503,0.00103796,0.00180962,84,0,0.000575433,-1.944e-05,0.00449709,0.00159537,0.000689768,0.000817435,0.0011291,0.00103328,0.00130514,0.00210593,0.00137373,0.00112298
all_features,xgb,shap,cluster,C93,C93: adj_sumbipow_ewstock_ma_1 +1,2,True,0.00260782,0.00196916,0.00336897,44,0,0.0011734,-0.000215396,0.00661806,0.00345791,0.0021449,0.00133905,0.00136195,0.00175852,0.00532125,0.0040232,0.00282091,0.00201885
all_features,xgb,shap,cluster,C94,C94: adj_sumabsret_ma_125 +3,4,True,0.00172638,0.00149467,0.00197507,73,0,0.000735408,4.95595e-05,0.00312044,0.00194981,0.00197049,0.00155077,0.00135694,0.0011879,0.00135343,0.00202898,0.00145712,0.00174776
all_features,xgb,shap,cluster,C95,C95: adj_sumabsret_ma_25 +3,4,True,0.00425297,0.00375173,0.00481901,27,0,0.00191878,-0.000139721,0.00575496,0.00416791,0.00514454,0.00424298,0.00336546,0.0037892,0.00354773,0.00451217,0.00411525,0.00422781
all_features,xgb,shap,cluster,C96,C96: adj_sumret2_ewstock_ma_125 +3,4,True,0.00129839,0.00117824,0.00142781,88,0,0.000526166,-7.04063e-05,0.0014191,0.00125261,0.00138515,0.00144292,0.00105722,0.00119292,0.00161544,0.00139167,0.00143102,0.00120408
all_features,xgb,shap,cluster,C97,C97: adj_sumret2_vwstock_ma_125 +3,4,True,0.00103581,0.000931194,0.00116567,100,0,0.000410856,-5.97469e-05,0.00170035,0.00114608,0.00096622,0.000907788,0.00078603,0.00104471,0.000966932,0.00129457,0.00106825,0.000931179
all_features,xgb,shap,cluster,C98,C98: adj_sumret2_ewstock_ma_25 +3,4,True,0.00228877,0.0018586,0.00283353,53,0,0.000938533,-0.000143323,0.0025663,0.00266763,0.00425069,0.00196432,0.00142514,0.00128631,0.00130859,0.00228915,0.00202302,0.00241298
all_features,xgb,shap,cluster,C99,C99: adj_sumret2_vwstock_ma_25 +3,4,True,0.00157783,0.00117156,0.00224735,76,0.00680272,0.000998337,0.000252956,0.00188246,0.00128126,0.00328171,0.0010971,0.00099662,0.00119032,0.00124741,0.00148428,0.00137106,0.00170691
all_features,xgb,shap,cluster,C100,C100: adj_sumret3_ewstock_ma_1 +1,2,True,0.00185122,0.00150616,0.00222403,66,0,0.000762923,-5.3874e-05,0.0012967,0.00136561,0.00335663,0.00185194,0.00208654,0.00110539,0.00121126,0.00113992,0.0015034,0.00225985
all_features,xgb,shap,cluster,C101,C101: adj_sumret3_ewstock_ma_5 +1,2,True,0.00202005,0.0018125,0.00222257,58,0,0.000831229,1.93742e-06,0.00300936,0.00205257,0.00187439,0.00176637,0.00225913,0.00155988,0.0022485,0.00222913,0.00184313,0.00203056
all_features,xgb,shap,cluster,adj_sumret_ma_1,adj_sumret_ma_1,1,True,0.0215799,0.0196636,0.0236061,8,0.190476,0.00869702,0.000155921,0.0294942,0.0245074,0.024199,0.0171341,0.0198397,0.0206583,0.0131262,0.0242548,0.0215112,0.0206874
all_features,xgb,shap,cluster,adj_sumret_ma_5,adj_sumret_ma_5,1,True,0.0304051,0.0277575,0.0328246,5,0.557823,0.0126278,0.00102641,0.0317709,0.0307481,0.0341907,0.0356279,0.0323939,0.0221353,0.0183969,0.025728,0.0302341,0.0321018
all_features,xgb,shap,cluster,adj_sumret_ma_25,adj_sumret_ma_25,1,True,0.0145938,0.0114856,0.0177773,10,0.0408163,0.00566454,-0.000175358,0.0110156,0.00958971,0.00708384,0.00768624,0.0186233,0.0265357,0.0320345,0.0180861,0.0174821,0.0120352
all_features,xgb,shap,cluster,adj_sumret_ma_125,adj_sumret_ma_125,1,True,0.0082076,0.00591366,0.0111178,12,0.0544218,0.0049051,0.00142222,0.00887232,0.00927111,0.0146899,0.00889532,0.00582772,0.00380066,0.00240105,0.00901344,0.00765108,0.00818944
all_features,xgb,shap,cluster,adj_sumret_ma_625,adj_sumret_ma_625,1,True,0.00185115,0.00156901,0.00215586,67,0,0.000817205,-1.51003e-05,0.000751195,0.0010298,0.00184134,0.00209168,0.0020131,0.00283454,0.00200981,0.0018882,0.00173788,0.00189135
all_features,xgb,shap,cluster,adj_sumret_ma_3125,adj_sumret_ma_3125,1,True,0.000900099,0.000677514,0.00119858,107,0,0.000378877,-1.86282e-05,0.00041251,0.000599595,0.000685763,0.0007643,0.00112072,0.000714705,0.00368799,0.000805411,0.00118316,0.000800384
all_features,xgb,shap,cluster,adj_sumret3_ma_1,adj_sumret3_ma_1,1,True,0.00347472,0.00299294,0.00397232,34,0,0.00145863,-4.78988e-05,0.00159319,0.00246011,0.0039448,0.00326366,0.00323964,0.00498132,0.00506669,0.00346941,0.00391354,0.00327123
all_features,xgb,shap,cluster,adj_sumret3_ma_5,adj_sumret3_ma_5,1,True,0.00183175,0.00149203,0.00217636,70,0,0.000799985,-2.77346e-05,0.00333413,0.00185665,0.00126143,0.000979943,0.00223676,0.00208529,0.0016939,0.00205802,0.00176599,0.0017843
all_features,xgb,shap,cluster,adj_sumret3_ma_25,adj_sumret3_ma_25,1,True,0.00231297,0.00191608,0.00273034,52,0,0.000951346,-2.1143e-05,0.00414683,0.00302309,0.00198949,0.00173934,0.00134182,0.00173692,0.00469328,0.0028742,0.0026187,0.00197591
all_features,xgb,shap,cluster,adj_sumret3_ma_125,adj_sumret3_ma_125,1,True,0.00244634,0.00187644,0.00309654,46,0,0.0011354,-0.000123195,0.0048521,0.00293618,0.00331886,0.00156312,0.00219575,0.00137709,0.00108591,0.0025447,0.00238,0.00244338
all_features,xgb,shap,cluster,adj_sumret3_ma_625,adj_sumret3_ma_625,1,True,0.00195196,0.00156449,0.00238863,62,0,0.000799823,7.59104e-05,0.00339978,0.00131972,0.00175879,0.00164812,0.00259071,0.00207319,0.000817993,0.00141938,0.00159584,0.00230269
all_features,xgb,shap,cluster,adj_sumret3_ma_3125,adj_sumret3_ma_3125,1,True,0.000500812,0.000447206,0.000558641,133,0,0.00020711,-2.82537e-05,0.000539674,0.000528951,0.000506283,0.000484059,0.000535642,0.00044972,0.00043142,0.000405722,0.000499818,0.000534148
all_features,xgb,shap,cluster,adj_sumautocov_ma_1,adj_sumautocov_ma_1,1,True,0.00666216,0.0059075,0.00744513,15,0,0.00251857,0.000133798,0.00805478,0.0074295,0.00451177,0.00549622,0.00625048,0.00808574,0.00913757,0.00834463,0.00763792,0.005624
all_features,xgb,shap,cluster,adj_sumautocov_ma_5,adj_sumautocov_ma_5,1,True,0.00663632,0.00524496,0.00810234,16,0,0.00264341,0.000830658,0.0130085,0.0102771,0.00948771,0.00451899,0.00398874,0.00272974,0.00258617,0.00710978,0.00563786,0.00693983
all_features,xgb,shap,cluster,adj_sumautocov_ma_25,adj_sumautocov_ma_25,1,True,0.000625208,0.000546974,0.000713045,125,0,0.000271748,-4.47247e-06,0.000469592,0.000822648,0.000794242,0.000519345,0.000574944,0.000472519,0.000673833,0.000604135,0.000607024,0.000641001
all_features,xgb,shap,cluster,adj_sumautocov_ma_125,adj_sumautocov_ma_125,1,True,0.00183188,0.00150639,0.00216683,69,0,0.000683797,-0.000105031,0.000932625,0.000807202,0.00180043,0.00162021,0.00251722,0.00274905,0.00238221,0.00173758,0.00175549,0.00190023
all_features,xgb,shap,cluster,adj_sumvolume_ma_25,adj_sumvolume_ma_25,1,True,0.00788425,0.00569625,0.0101501,13,0,0.00289162,0.000112394,0.00298717,0.00227612,0.00256136,0.0066053,0.0126026,0.0157953,0.0153251,0.00918843,0.00844602,0.00717056
all_features,xgb,shap,cluster,adj_sumvolume_ma_125,adj_sumvolume_ma_125,1,True,0.00629228,0.00529726,0.00728777,17,0,0.00252178,0.000514771,0.0037816,0.00314253,0.00458778,0.00893904,0.00884765,0.00675461,0.00825864,0.00480447,0.00621656,0.00684202
all_features,xgb,shap,cluster,adj_sumvolume_ma_3125,adj_sumvolume_ma_3125,1,True,0.000595972,0.000417137,0.000843079,127,0,0.000238795,-1.56096e-05,0.00118379,0.000577037,0.000411705,0.00041534,0.000308019,0.000338359,0.00257222,0.000959587,0.000525621,0.000503196
all_features,xgb,shap,cluster,adj_numobs_ma_25,adj_numobs_ma_25,1,True,0.00276529,0.00228508,0.00329665,39,0,0.00108829,0.000560914,0.00547183,0.00425308,0.00149272,0.00252749,0.00242221,0.00209403,0.00140445,0.00330728,0.00270572,0.0026058
all_features,xgb,shap,cluster,adj_numobs_ma_125,adj_numobs_ma_125,1,True,0.00128366,0.00103465,0.00156949,89,0,0.000516347,-0.000138233,0.00177265,0.00227394,0.0013138,0.000775037,0.00103574,0.00085313,0.00088105,0.0014901,0.00120839,0.00124752
all_features,xgb,shap,cluster,adj_numobs_ma_625,adj_numobs_ma_625,1,True,0.000585544,0.000475896,0.000714422,128,0,0.00023389,-2.3646e-05,0.000947719,0.000419764,0.000374855,0.000419763,0.000468794,0.000830589,0.00132054,0.00090625,0.000632492,0.000452716
all_features,xgb,shap,cluster,adj_spread_ewstock_ma_3125,adj_spread_ewstock_ma_3125,1,True,0.000732729,0.000550962,0.000967452,120,0,0.000282116,5.78618e-05,0.000520483,0.000418578,0.00053672,0.000438291,0.000613115,0.00147908,0.00168461,0.00109647,0.000762357,0.000593129
all_features,xgb,shap,cluster,adj_spread_vwstock_ma_625,adj_spread_vwstock_ma_625,1,True,0.00100147,0.000768667,0.00126406,104,0,0.000406321,-2.32396e-06,0.000550043,0.000403569,0.000741671,0.00073212,0.0020152,0.00124008,0.00142358,0.000868935,0.000827863,0.00112852
all_features,xgb,shap,cluster,adj_spread_vwstock_ma_3125,adj_spread_vwstock_ma_3125,1,True,0.000482517,0.000398756,0.000567883,135,0,0.000201596,-5.08661e-05,0.000295273,0.000303156,0.000371826,0.000561378,0.000741008,0.000472992,0.000693808,0.000434165,0.000373513,0.000550235
all_features,xgb,shap,cluster,adj_stocktwits_attention_ma_25,adj_stocktwits_attention_ma_25,1,True,0.00186675,0.00160539,0.00215509,63,0,0.000799518,6.47417e-05,0.00169397,0.00165762,0.00179166,0.00231057,0.00250159,0.00148015,0.000886928,0.00158087,0.00170881,0.00203948
all_features,xgb,shap,cluster,adj_stocktwits_attention_ma_3125,adj_stocktwits_attention_ma_3125,1,True,0.000909271,0.000797443,0.00102027,106,0,0.000380123,-4.92189e-05,0.0010346,0.000853903,0.00108728,0.000730543,0.0012247,0.000746813,0.000403436,0.000824236,0.000706463,0.00103356
all_features,xgb,shap,cluster,adj_stocktwits_sentiment_ma_1,adj_stocktwits_sentiment_ma_1,1,True,0.0106325,0.00861462,0.0125353,11,0.0136054,0.00439429,-0.000802205,0.016349,0.0140128,0.0140969,0.0134902,0.00729477,0.00386401,0.00207583,0.00875366,0.00956794,0.0117801
all_features,xgb,shap,cluster,adj_stocktwits_sentiment_ma_5,adj_stocktwits_sentiment_ma_5,1,True,0.0038433,0.00302713,0.0046713,30,0,0.0015843,-0.000169207,0.00670548,0.00676256,0.00471854,0.00320891,0.00260498,0.00127553,0.000808081,0.00365136,0.00323252,0.00419543
all_features,xgb,shap,cluster,adj_stocktwits_sentiment_ma_625,adj_stocktwits_sentiment_ma_625,1,True,0.00237268,0.00164822,0.00334642,49,0.00680272,0.00101719,0.000214376,0.0018591,0.00150716,0.00563551,0.000863607,0.00246209,0.00200512,0.00139675,0.00179253,0.00147946,0.00299117
all_features,xgb,shap,cluster,adj_stocktwits_sentiment_ma_3125,adj_stocktwits_sentiment_ma_3125,1,True,0.000619807,0.000474749,0.000783788,126,0,0.00023962,-3.29008e-05,0.000268409,0.000435943,0.000904041,0.000442502,0.000469038,0.00105362,0.000569114,0.000700891,0.000604105,0.000599126
all_features,xgb,shap,cluster,adj_stocktwits_sentcount_ma_1,adj_stocktwits_sentcount_ma_1,1,True,0.00248543,0.00179843,0.00321948,45,0,0.000963967,0.000124934,0.00119727,0.00087659,0.00107365,0.00324071,0.0055117,0.00282912,0.00131328,0.00154478,0.00205829,0.00301046
all_features,xgb,shap,cluster,adj_stocktwits_sentcount_ma_3125,adj_stocktwits_sentcount_ma_3125,1,True,0.000862162,0.000651597,0.00112879,109,0,0.000370195,0.000159665,0.000412387,0.00107683,0.000463326,0.000989919,0.00108977,0.000913611,0.00087054,0.000717471,0.000736091,0.000971168
all_features,xgb,shap,cluster,adj_vvix_ma_125,adj_vvix_ma_125,1,True,0.000489277,0.000385439,0.000605808,134,0,0.000208318,7.32984e-05,0.000588689,0.000570138,0.000766349,0.000361851,0.000443164,0.000330606,0.000234062,0.000558765,0.000356028,0.000527605
all_features,xgb,shap,cluster,adj_vvix_ma_3125,adj_vvix_ma_3125,1,True,0.00153507,0.00112056,0.00201199,78,0,0.000593927,-5.00358e-05,0.000783239,0.000372437,0.00150563,0.00179231,0.00174555,0.00214305,0.00328764,0.00115895,0.00147239,0.00169441
all_features,xgb,shap,cluster,adj_ofi_ewstock_ma_1,adj_ofi_ewstock_ma_1,1,True,0.00677311,0.00489032,0.00856934,14,0,0.00247117,0.000183393,0.00106309,0.00109866,0.00335756,0.00694815,0.0111204,0.0126915,0.0126132,0.00701753,0.0070408,0.00656336
all_features,xgb,shap,cluster,adj_ofi_ewstock_ma_5,adj_ofi_ewstock_ma_5,1,True,0.00457197,0.0038223,0.00528399,21,0,0.00175305,0.000259671,0.00188519,0.00235475,0.00427625,0.00573812,0.00678059,0.00519044,0.00458941,0.0033257,0.00403756,0.00525283
all_features,xgb,shap,cluster,adj_ofi_ewstock_ma_25,adj_ofi_ewstock_ma_25,1,True,0.00198756,0.00149507,0.00251057,59,0,0.000744011,0.000154178,0.000617162,0.00108467,0.00106326,0.00135362,0.00342913,0.00321273,0.00370624,0.00175835,0.00208943,0.00201912
all_features,xgb,shap,cluster,adj_ofi_ewstock_ma_3125,adj_ofi_ewstock_ma_3125,1,True,0.000629055,0.00038967,0.000964,124,0,0.000265018,6.66497e-05,0.0016591,0.000284968,0.000361565,0.000217996,0.000930461,0.000539092,0.00154466,0.000463254,0.000567869,0.000714998
all_features,xgb,shap,cluster,adj_ofi_vwstock_ma_1,adj_ofi_vwstock_ma_1,1,True,0.00136334,0.00102567,0.00176103,85,0,0.000521863,9.24901e-06,0.00115616,0.000879483,0.000708828,0.00081369,0.00132496,0.00229713,0.00427371,0.00196559,0.001641,0.00102524
all_features,xgb,shap,cluster,adj_ofi_vwstock_ma_5,adj_ofi_vwstock_ma_5,1,True,0.00183582,0.00146084,0.00227338,68,0,0.000722787,-3.81085e-05,0.00149179,0.00127224,0.00138841,0.00145066,0.00148141,0.00265893,0.00540814,0.00235324,0.0020486,0.00155739
all_features,xgb,shap,cluster,adj_ofi_vwstock_ma_25,adj_ofi_vwstock_ma_25,1,True,0.000813037,0.000691241,0.000978072,114,0,0.00034204,-1.64642e-06,0.000629229,0.000856508,0.000740452,0.000607927,0.000655414,0.000865886,0.00218278,0.000774893,0.00100593,0.000735969
all_features,xgb,shap,cluster,adj_fomc_release_ma_1,adj_fomc_release_ma_1,1,False,0,0,0,0,0,0,0,0,0,0,0,0,0,0,0,0,0
all_features,xgb,shap,cluster,adj_fomc_release_ma_5,adj_fomc_release_ma_5,1,False,0,0,0,0,0,0,0,0,0,0,0,0,0,0,0,0,0
all_features,xgb,shap,cluster,adj_fomc_release_ma_25,adj_fomc_release_ma_25,1,False,0,0,0,0,0,0,0,0,0,0,0,0,0,0,0,0,0
all_features,xgb,shap,cluster,adj_fomc_release_ma_125,adj_fomc_release_ma_125,1,False,0,0,0,0,0,0,0,0,0,0,0,0,0,0,0,0,0
all_features,xgb,shap,cluster,adj_fomc_release_ma_625,adj_fomc_release_ma_625,1,False,0,0,0,0,0,0,0,0,0,0,0,0,0,0,0,0,0
all_features,xgb,shap,cluster,adj_fomc_release_ma_3125,adj_fomc_release_ma_3125,1,False,0,0,0,0,0,0,0,0,0,0,0,0,0,0,0,0,0
all_features,xgb,shap,cluster,adj_fomc_day_ma_125,adj_fomc_day_ma_125,1,True,0.000150651,0.000112535,0.00019682,142,0,5.89648e-05,-1.89966e-06,0.000284752,0.000189829,0.000155147,7.42298e-05,0.00011466,0.000182896,4.05087e-05,0.000257007,0.000148083,0.000115088
all_features,xgb,shap,cluster,adj_fomc_day_ma_625,adj_fomc_day_ma_625,1,True,0.00108143,0.000732225,0.00145442,96,0,0.000422398,-3.48542e-05,0.00274161,0.00197226,0.00167995,0.000391056,0.000423301,0.000340597,0.000135394,0.00141584,0.00104984,0.00098061
all_features,xgb,shap,cluster,adj_fomc_day_ma_3125,adj_fomc_day_ma_3125,1,True,8.91885e-05,5.54662e-05,0.000133186,146,0,3.47517e-05,-2.84748e-06,6.7615e-05,0.00014466,6.63219e-05,4.70372e-05,6.91141e-05,0.00014791,2.55791e-05,7.22048e-05,0.000106384,8.70135e-05
all_features,xgb,shap,cluster,adj_fomc_until_inv_ma_125,adj_fomc_until_inv_ma_125,1,True,0.00044726,0.000386978,0.000514167,136,0,0.000173344,-3.39867e-06,0.000438781,0.000570077,0.000310715,0.000493584,0.000364701,0.000529437,0.00034372,0.000427931,0.000510353,0.00042442
all_features,xgb,shap,cluster,adj_fomc_until_inv_ma_625,adj_fomc_until_inv_ma_625,1,True,0.00151691,0.00129961,0.00176055,79,0,0.000576553,1.3973e-05,0.00284155,0.00151938,0.00107626,0.00167611,0.00138107,0.00141291,0.00097864,0.00169052,0.00146862,0.00147949
all_features,xgb,shap,cluster,adj_fomc_since_inv_ma_625,adj_fomc_since_inv_ma_625,1,True,0.000746615,0.000648621,0.000845825,119,0,0.000290802,-8.62786e-06,0.000452279,0.000546686,0.000893437,0.000582186,0.000816289,0.000983097,0.000975837,0.000737168,0.000689637,0.000776541
all_features,xgb,shap,cluster,sumret_avail_ma_1,sumret_avail_ma_1,1,False,0,0,0,0,0,0,0,0,0,0,0,0,0,0,0,0,0
all_features,xgb,shap,cluster,sumret_avail_ma_5,sumret_avail_ma_5,1,False,0,0,0,0,0,0,0,0,0,0,0,0,0,0,0,0,0
all_features,xgb,shap,cluster,sumret_avail_ma_25,sumret_avail_ma_25,1,False,0,0,0,0,0,0,0,0,0,0,0,0,0,0,0,0,0
all_features,xgb,shap,cluster,sumret_avail_ma_125,sumret_avail_ma_125,1,False,0,0,0,0,0,0,0,0,0,0,0,0,0,0,0,0,0
all_features,xgb,shap,cluster,sumret_avail_ma_625,sumret_avail_ma_625,1,False,0,0,0,0,0,0,0,0,0,0,0,0,0,0,0,0,0
all_features,xgb,shap,cluster,sumret_avail_ma_3125,sumret_avail_ma_3125,1,False,0,0,0,0,0,0,0,0,0,0,0,0,0,0,0,0,0
all_features,xgb,shap,cluster,sumabsret_avail_ma_1,sumabsret_avail_ma_1,1,False,0,0,0,0,0,0,0,0,0,0,0,0,0,0,0,0,0
all_features,xgb,shap,cluster,sumabsret_avail_ma_5,sumabsret_avail_ma_5,1,False,0,0,0,0,0,0,0,0,0,0,0,0,0,0,0,0,0
all_features,xgb,shap,cluster,sumabsret_avail_ma_25,sumabsret_avail_ma_25,1,False,0,0,0,0,0,0,0,0,0,0,0,0,0,0,0,0,0
all_features,xgb,shap,cluster,sumabsret_avail_ma_125,sumabsret_avail_ma_125,1,False,0,0,0,0,0,0,0,0,0,0,0,0,0,0,0,0,0
all_features,xgb,shap,cluster,sumabsret_avail_ma_625,sumabsret_avail_ma_625,1,False,0,0,0,0,0,0,0,0,0,0,0,0,0,0,0,0,0
all_features,xgb,shap,cluster,sumabsret_avail_ma_3125,sumabsret_avail_ma_3125,1,False,0,0,0,0,0,0,0,0,0,0,0,0,0,0,0,0,0
all_features,xgb,shap,cluster,sumret3_avail_ma_1,sumret3_avail_ma_1,1,False,0,0,0,0,0,0,0,0,0,0,0,0,0,0,0,0,0
all_features,xgb,shap,cluster,sumret3_avail_ma_5,sumret3_avail_ma_5,1,False,0,0,0,0,0,0,0,0,0,0,0,0,0,0,0,0,0
all_features,xgb,shap,cluster,sumret3_avail_ma_25,sumret3_avail_ma_25,1,False,0,0,0,0,0,0,0,0,0,0,0,0,0,0,0,0,0
all_features,xgb,shap,cluster,sumret3_avail_ma_125,sumret3_avail_ma_125,1,False,0,0,0,0,0,0,0,0,0,0,0,0,0,0,0,0,0
all_features,xgb,shap,cluster,sumret3_avail_ma_625,sumret3_avail_ma_625,1,False,0,0,0,0,0,0,0,0,0,0,0,0,0,0,0,0,0
all_features,xgb,shap,cluster,sumret3_avail_ma_3125,sumret3_avail_ma_3125,1,False,0,0,0,0,0,0,0,0,0,0,0,0,0,0,0,0,0
all_features,xgb,shap,cluster,sumret4_avail_ma_1,sumret4_avail_ma_1,1,False,0,0,0,0,0,0,0,0,0,0,0,0,0,0,0,0,0
all_features,xgb,shap,cluster,sumret4_avail_ma_5,sumret4_avail_ma_5,1,False,0,0,0,0,0,0,0,0,0,0,0,0,0,0,0,0,0
all_features,xgb,shap,cluster,sumret4_avail_ma_25,sumret4_avail_ma_25,1,False,0,0,0,0,0,0,0,0,0,0,0,0,0,0,0,0,0
all_features,xgb,shap,cluster,sumret4_avail_ma_125,sumret4_avail_ma_125,1,False,0,0,0,0,0,0,0,0,0,0,0,0,0,0,0,0,0
all_features,xgb,shap,cluster,sumret4_avail_ma_625,sumret4_avail_ma_625,1,False,0,0,0,0,0,0,0,0,0,0,0,0,0,0,0,0,0
all_features,xgb,shap,cluster,sumret4_avail_ma_3125,sumret4_avail_ma_3125,1,False,0,0,0,0,0,0,0,0,0,0,0,0,0,0,0,0,0
all_features,xgb,shap,cluster,sumpret2_avail_ma_1,sumpret2_avail_ma_1,1,False,0,0,0,0,0,0,0,0,0,0,0,0,0,0,0,0,0
all_features,xgb,shap,cluster,sumpret2_avail_ma_5,sumpret2_avail_ma_5,1,False,0,0,0,0,0,0,0,0,0,0,0,0,0,0,0,0,0
all_features,xgb,shap,cluster,sumpret2_avail_ma_25,sumpret2_avail_ma_25,1,False,0,0,0,0,0,0,0,0,0,0,0,0,0,0,0,0,0
all_features,xgb,shap,cluster,sumpret2_avail_ma_125,sumpret2_avail_ma_125,1,False,0,0,0,0,0,0,0,0,0,0,0,0,0,0,0,0,0
all_features,xgb,shap,cluster,sumpret2_avail_ma_625,sumpret2_avail_ma_625,1,False,0,0,0,0,0,0,0,0,0,0,0,0,0,0,0,0,0
all_features,xgb,shap,cluster,sumpret2_avail_ma_3125,sumpret2_avail_ma_3125,1,False,0,0,0,0,0,0,0,0,0,0,0,0,0,0,0,0,0
all_features,xgb,shap,cluster,sumbipow_avail_ma_1,sumbipow_avail_ma_1,1,False,0,0,0,0,0,0,0,0,0,0,0,0,0,0,0,0,0
all_features,xgb,shap,cluster,sumbipow_avail_ma_5,sumbipow_avail_ma_5,1,False,0,0,0,0,0,0,0,0,0,0,0,0,0,0,0,0,0
all_features,xgb,shap,cluster,sumbipow_avail_ma_25,sumbipow_avail_ma_25,1,False,0,0,0,0,0,0,0,0,0,0,0,0,0,0,0,0,0
all_features,xgb,shap,cluster,sumbipow_avail_ma_125,sumbipow_avail_ma_125,1,False,0,0,0,0,0,0,0,0,0,0,0,0,0,0,0,0,0
all_features,xgb,shap,cluster,sumbipow_avail_ma_625,sumbipow_avail_ma_625,1,False,0,0,0,0,0,0,0,0,0,0,0,0,0,0,0,0,0
all_features,xgb,shap,cluster,sumbipow_avail_ma_3125,sumbipow_avail_ma_3125,1,False,0,0,0,0,0,0,0,0,0,0,0,0,0,0,0,0,0
all_features,xgb,shap,cluster,sumautocov_avail_ma_1,sumautocov_avail_ma_1,1,False,0,0,0,0,0,0,0,0,0,0,0,0,0,0,0,0,0
all_features,xgb,shap,cluster,sumautocov_avail_ma_5,sumautocov_avail_ma_5,1,False,0,0,0,0,0,0,0,0,0,0,0,0,0,0,0,0,0
all_features,xgb,shap,cluster,sumautocov_avail_ma_25,sumautocov_avail_ma_25,1,False,0,0,0,0,0,0,0,0,0,0,0,0,0,0,0,0,0
all_features,xgb,shap,cluster,sumautocov_avail_ma_125,sumautocov_avail_ma_125,1,False,0,0,0,0,0,0,0,0,0,0,0,0,0,0,0,0,0
all_features,xgb,shap,cluster,sumautocov_avail_ma_625,sumautocov_avail_ma_625,1,False,0,0,0,0,0,0,0,0,0,0,0,0,0,0,0,0,0
all_features,xgb,shap,cluster,sumautocov_avail_ma_3125,sumautocov_avail_ma_3125,1,False,0,0,0,0,0,0,0,0,0,0,0,0,0,0,0,0,0
all_features,xgb,shap,cluster,sumvolume_avail_ma_1,sumvolume_avail_ma_1,1,False,0,0,0,0,0,0,0,0,0,0,0,0,0,0,0,0,0
all_features,xgb,shap,cluster,sumvolume_avail_ma_5,sumvolume_avail_ma_5,1,False,0,0,0,0,0,0,0,0,0,0,0,0,0,0,0,0,0
all_features,xgb,shap,cluster,sumvolume_avail_ma_25,sumvolume_avail_ma_25,1,False,0,0,0,0,0,0,0,0,0,0,0,0,0,0,0,0,0
all_features,xgb,shap,cluster,sumvolume_avail_ma_125,sumvolume_avail_ma_125,1,False,0,0,0,0,0,0,0,0,0,0,0,0,0,0,0,0,0
all_features,xgb,shap,cluster,sumvolume_avail_ma_625,sumvolume_avail_ma_625,1,False,0,0,0,0,0,0,0,0,0,0,0,0,0,0,0,0,0
all_features,xgb,shap,cluster,sumvolume_avail_ma_3125,sumvolume_avail_ma_3125,1,False,0,0,0,0,0,0,0,0,0,0,0,0,0,0,0,0,0
all_features,xgb,shap,cluster,numobs_avail_ma_1,numobs_avail_ma_1,1,False,0,0,0,0,0,0,0,0,0,0,0,0,0,0,0,0,0
all_features,xgb,shap,cluster,numobs_avail_ma_5,numobs_avail_ma_5,1,False,0,0,0,0,0,0,0,0,0,0,0,0,0,0,0,0,0
all_features,xgb,shap,cluster,numobs_avail_ma_25,numobs_avail_ma_25,1,False,0,0,0,0,0,0,0,0,0,0,0,0,0,0,0,0,0
all_features,xgb,shap,cluster,numobs_avail_ma_125,numobs_avail_ma_125,1,False,0,0,0,0,0,0,0,0,0,0,0,0,0,0,0,0,0
all_features,xgb,shap,cluster,numobs_avail_ma_625,numobs_avail_ma_625,1,False,0,0,0,0,0,0,0,0,0,0,0,0,0,0,0,0,0
all_features,xgb,shap,cluster,numobs_avail_ma_3125,numobs_avail_ma_3125,1,False,0,0,0,0,0,0,0,0,0,0,0,0,0,0,0,0,0
all_features,xgb,shap,cluster,stocktwits_attention_avail_ma_25,stocktwits_attention_avail_ma_25,1,True,0,0,0,162,0,0,0,0,0,0,0,0,0,0,0,0,0
all_features,xgb,shap,cluster,stocktwits_attention_avail_ma_125,stocktwits_attention_avail_ma_125,1,True,2.04882e-06,8.14147e-07,3.62691e-06,159,0,8.71934e-07,8.71934e-07,1.02564e-06,0,1.33664e-06,1.30907e-06,0,8.85984e-06,0,4.04589e-06,3.20698e-06,8.16578e-07
all_features,xgb,shap,cluster,stocktwits_attention_avail_ma_625,stocktwits_attention_avail_ma_625,1,True,3.03264e-05,2.08108e-05,4.08001e-05,150,0,1.24881e-05,-2.89604e-06,6.87679e-05,5.21359e-05,1.74331e-05,2.77163e-05,2.23617e-05,1.43089e-05,2.02442e-05,4.00183e-05,2.94628e-05,2.73801e-05
all_features,xgb,shap,cluster,vix3m_avail_ma_125,vix3m_avail_ma_125,1,True,3.57613e-06,4.01246e-07,7.79895e-06,157,0,1.52362e-06,-2.13431e-07,1.39757e-05,1.26505e-05,0,5.8944e-07,0,0,0,1.27456e-05,0,2.07969e-06
all_features,xgb,shap,cluster,numobs_active_ma_25,numobs_active_ma_25,1,True,2.48649e-05,1.11013e-05,4.12493e-05,152,0,9.68389e-06,6.3924e-06,0.000117028,6.39574e-05,1.75229e-05,1.21312e-06,0,0,0,4.96487e-05,2.46093e-05,1.64173e-05
all_features,xgb,shap,cluster,numobs_active_ma_125,numobs_active_ma_125,1,True,0.000583298,0.000467854,0.000714255,129,0,0.000240727,-0.000126638,0.000281944,0.000345665,0.000921331,0.000834979,0.00059548,0.00046421,0.000333409,0.000320349,0.000501254,0.000712583
all_features,xgb,shap,cluster,fomc_day_active_ma_125,fomc_day_active_ma_125,1,True,7.35908e-05,9.97381e-06,0.000162347,148,0,2.84555e-05,1.70352e-05,2.66708e-05,3.57337e-06,9.71243e-06,2.36998e-06,3.30879e-05,0.000162382,0.000655956,0.000199054,0.000102911,1.65018e-05
all_features,xgb,shap,cluster,DOW_0,DOW_0,1,True,0.000193315,0.000114438,0.00028439,140,0,0.000102149,7.12952e-06,0.000794841,0.000180815,0.000228826,5.76918e-05,4.9242e-05,8.23073e-05,0.000368636,0.000288267,0.000142086,0.000184463
all_features,xgb,shap,cluster,DOW_1,DOW_1,1,True,1.78366e-05,9.80486e-06,2.73982e-05,153,0,7.9052e-06,-1.57173e-07,2.62864e-05,1.63783e-05,1.46043e-05,6.19542e-06,1.18278e-05,2.51526e-05,5.1662e-05,1.06775e-05,1.94244e-05,1.95684e-05
all_features,xgb,shap,cluster,DOW_2,DOW_2,1,True,0.000411525,0.000309448,0.000533695,137,0,0.000162858,1.4109e-06,0.000374174,0.000273001,0.000227812,0.000181692,0.000478075,0.000918592,0.000422331,0.000501845,0.000540603,0.000319907
all_features,xgb,shap,cluster,DOW_3,DOW_3,1,True,2.94092e-05,1.84819e-05,4.22114e-05,151,0,1.28181e-05,-3.73201e-06,3.01268e-05,2.24138e-05,1.43833e-05,9.08985e-06,2.7735e-05,6.80002e-05,4.62777e-05,4.00344e-05,4.35354e-05,1.91266e-05
all_features,xgb,shap,cluster,DOW_4,DOW_4,1,True,0.00173833,0.00134938,0.00222949,71,0,0.000686943,1.10479e-06,0.00181729,0.00248944,0.00302234,0.00141662,0.000902063,0.00104253,0.000939368,0.00166334,0.00181449,0.00172861
all_features,xgb,shap,cluster,hour,hour,1,False,0,0,0,0,0,0,0,0,0,0,0,0,0,0,0,0,0
all_features,xgb,shap,cluster,is_overnight,is_overnight,1,False,0,0,0,0,0,0,0,0,0,0,0,0,0,0,0,0,0
all_features,xgb,shap,cluster,is_open,is_open,1,False,0,0,0,0,0,0,0,0,0,0,0,0,0,0,0,0,0
all_features,xgb,shap,cluster,is_close,is_close,1,False,0,0,0,0,0,0,0,0,0,0,0,0,0,0,0,0,0
all_features,xgb,shap,cluster,is_opex,is_opex,1,True,3.02826e-06,1.0308e-06,5.5691e-06,158,0,1.30014e-06,3.77652e-07,7.40436e-07,3.13249e-06,8.59649e-06,3.37078e-06,4.48634e-07,1.36246e-06,1.18006e-06,3.43774e-07,3.29364e-06,3.83207e-06
all_features,xgb,shap,cluster,is_opex_week,is_opex_week,1,True,9.66375e-05,6.5987e-05,0.000130324,145,0,4.01307e-05,-3.05673e-06,3.67286e-05,5.36178e-05,0.000195137,0.000135333,2.75484e-05,0.000118292,5.27514e-05,0.000115473,9.58014e-05,9.05177e-05
all_features,xgb,shap,cluster,is_month_end,is_month_end,1,True,0.0183744,0.016903,0.0199457,9,0.190476,0.00682102,-0.00033146,0.0192169,0.0212834,0.0182973,0.0167079,0.0168557,0.0199964,0.0126041,0.0191618,0.0177639,0.0183878
all_features,xgb,shap,cluster,is_quarter_end,is_quarter_end,1,True,0.000755676,0.000644935,0.000876105,118,0,0.000278051,-3.64852e-05,0.000668026,0.000755408,0.000512963,0.00102415,0.0010717,0.000560391,0.000437189,0.000536136,0.000681032,0.000866493
all_features,xgb,shap,cluster,days_to_opex,days_to_opex,1,True,0.00447322,0.00375298,0.00526439,23,0,0.00172096,-1.86414e-05,0.00457651,0.00516106,0.00633243,0.00587587,0.00286697,0.00256035,0.00285358,0.00377264,0.00444242,0.0047298
all_features,xgb,shap,cluster,har_ma_1_x_open,har_ma_1_x_open,1,False,0,0,0,0,0,0,0,0,0,0,0,0,0,0,0,0,0
all_features,xgb,shap,cluster,har_ma_5_x_open,har_ma_5_x_open,1,False,0,0,0,0,0,0,0,0,0,0,0,0,0,0,0,0,0
all_features,xgb,shap,cluster,har_ma_25_x_open,har_ma_25_x_open,1,False,0,0,0,0,0,0,0,0,0,0,0,0,0,0,0,0,0
all_features,xgb,shap,cluster,har_ma_125_x_open,har_ma_125_x_open,1,False,0,0,0,0,0,0,0,0,0,0,0,0,0,0,0,0,0
all_features,xgb,shap,cluster,har_ma_625_x_open,har_ma_625_x_open,1,False,0,0,0,0,0,0,0,0,0,0,0,0,0,0,0,0,0
all_features,xgb,shap,cluster,har_ma_3125_x_open,har_ma_3125_x_open,1,False,0,0,0,0,0,0,0,0,0,0,0,0,0,0,0,0,0
