/u/home/j/jamesdc1/.conda/envs/hpc-pi/lib/python3.11/site-packages/pandas/core/arraylike.py:399: RuntimeWarning: divide by zero encountered in log
  result = getattr(ufunc, method)(*inputs, **kwargs)
/u/home/j/jamesdc1/.conda/envs/hpc-pi/lib/python3.11/site-packages/pandas/core/arraylike.py:399: RuntimeWarning: divide by zero encountered in log
  result = getattr(ufunc, method)(*inputs, **kwargs)
/u/home/j/jamesdc1/.conda/envs/hpc-pi/lib/python3.11/site-packages/pandas/core/arraylike.py:399: RuntimeWarning: divide by zero encountered in log
  result = getattr(ufunc, method)(*inputs, **kwargs)
/u/home/j/jamesdc1/.conda/envs/hpc-pi/lib/python3.11/site-packages/pandas/core/arraylike.py:399: RuntimeWarning: divide by zero encountered in log
  result = getattr(ufunc, method)(*inputs, **kwargs)
/u/home/j/jamesdc1/.conda/envs/hpc-pi/lib/python3.11/site-packages/pandas/core/arraylike.py:399: RuntimeWarning: divide by zero encountered in log
  result = getattr(ufunc, method)(*inputs, **kwargs)
/u/home/j/jamesdc1/.conda/envs/hpc-pi/lib/python3.11/site-packages/pandas/core/arraylike.py:399: RuntimeWarning: divide by zero encountered in log
  result = getattr(ufunc, method)(*inputs, **kwargs)
/u/home/j/jamesdc1/.conda/envs/hpc-pi/lib/python3.11/site-packages/pandas/core/arraylike.py:399: RuntimeWarning: divide by zero encountered in log
  result = getattr(ufunc, method)(*inputs, **kwargs)
/u/home/j/jamesdc1/.conda/envs/hpc-pi/lib/python3.11/site-packages/pandas/core/arraylike.py:399: RuntimeWarning: divide by zero encountered in log
  result = getattr(ufunc, method)(*inputs, **kwargs)
/u/home/j/jamesdc1/.conda/envs/hpc-pi/lib/python3.11/site-packages/pandas/core/arraylike.py:399: RuntimeWarning: divide by zero encountered in log
  result = getattr(ufunc, method)(*inputs, **kwargs)
/u/home/j/jamesdc1/.conda/envs/hpc-pi/lib/python3.11/site-packages/pandas/core/arraylike.py:399: RuntimeWarning: divide by zero encountered in log
  result = getattr(ufunc, method)(*inputs, **kwargs)
/u/home/j/jamesdc1/.conda/envs/hpc-pi/lib/python3.11/site-packages/pandas/core/arraylike.py:399: RuntimeWarning: divide by zero encountered in log
  result = getattr(ufunc, method)(*inputs, **kwargs)
/u/home/j/jamesdc1/.conda/envs/hpc-pi/lib/python3.11/site-packages/pandas/core/arraylike.py:399: RuntimeWarning: divide by zero encountered in log
  result = getattr(ufunc, method)(*inputs, **kwargs)
/u/home/j/jamesdc1/.conda/envs/hpc-pi/lib/python3.11/site-packages/pandas/core/arraylike.py:399: RuntimeWarning: divide by zero encountered in log
  result = getattr(ufunc, method)(*inputs, **kwargs)
/u/home/j/jamesdc1/.conda/envs/hpc-pi/lib/python3.11/site-packages/pandas/core/arraylike.py:399: RuntimeWarning: divide by zero encountered in log
  result = getattr(ufunc, method)(*inputs, **kwargs)
/u/home/j/jamesdc1/.conda/envs/hpc-pi/lib/python3.11/site-packages/pandas/core/arraylike.py:399: RuntimeWarning: divide by zero encountered in log
  result = getattr(ufunc, method)(*inputs, **kwargs)
/u/home/j/jamesdc1/.conda/envs/hpc-pi/lib/python3.11/site-packages/pandas/core/arraylike.py:399: RuntimeWarning: divide by zero encountered in log
  result = getattr(ufunc, method)(*inputs, **kwargs)
/u/home/j/jamesdc1/.conda/envs/hpc-pi/lib/python3.11/site-packages/pandas/core/arraylike.py:399: RuntimeWarning: divide by zero encountered in log
  result = getattr(ufunc, method)(*inputs, **kwargs)
/u/home/j/jamesdc1/.conda/envs/hpc-pi/lib/python3.11/site-packages/pandas/core/arraylike.py:399: RuntimeWarning: divide by zero encountered in log
  result = getattr(ufunc, method)(*inputs, **kwargs)
/u/home/j/jamesdc1/.conda/envs/hpc-pi/lib/python3.11/site-packages/pandas/core/arraylike.py:399: RuntimeWarning: divide by zero encountered in log
  result = getattr(ufunc, method)(*inputs, **kwargs)
/u/home/j/jamesdc1/.conda/envs/hpc-pi/lib/python3.11/site-packages/pandas/core/arraylike.py:399: RuntimeWarning: divide by zero encountered in log
  result = getattr(ufunc, method)(*inputs, **kwargs)
/u/home/j/jamesdc1/.conda/envs/hpc-pi/lib/python3.11/site-packages/pandas/core/arraylike.py:399: RuntimeWarning: divide by zero encountered in log
  result = getattr(ufunc, method)(*inputs, **kwargs)
/u/home/j/jamesdc1/.conda/envs/hpc-pi/lib/python3.11/site-packages/pandas/core/arraylike.py:399: RuntimeWarning: divide by zero encountered in log
  result = getattr(ufunc, method)(*inputs, **kwargs)
/u/home/j/jamesdc1/.conda/envs/hpc-pi/lib/python3.11/site-packages/pandas/core/arraylike.py:399: RuntimeWarning: divide by zero encountered in log
  result = getattr(ufunc, method)(*inputs, **kwargs)
/u/home/j/jamesdc1/.conda/envs/hpc-pi/lib/python3.11/site-packages/pandas/core/arraylike.py:399: RuntimeWarning: divide by zero encountered in log
  result = getattr(ufunc, method)(*inputs, **kwargs)
/u/home/j/jamesdc1/.conda/envs/hpc-pi/lib/python3.11/site-packages/pandas/core/arraylike.py:399: RuntimeWarning: divide by zero encountered in log
  result = getattr(ufunc, method)(*inputs, **kwargs)
/u/home/j/jamesdc1/.conda/envs/hpc-pi/lib/python3.11/site-packages/pandas/core/arraylike.py:399: RuntimeWarning: divide by zero encountered in log
  result = getattr(ufunc, method)(*inputs, **kwargs)
/u/home/j/jamesdc1/.conda/envs/hpc-pi/lib/python3.11/site-packages/pandas/core/arraylike.py:399: RuntimeWarning: divide by zero encountered in log
  result = getattr(ufunc, method)(*inputs, **kwargs)
/u/home/j/jamesdc1/.conda/envs/hpc-pi/lib/python3.11/site-packages/pandas/core/arraylike.py:399: RuntimeWarning: divide by zero encountered in log
  result = getattr(ufunc, method)(*inputs, **kwargs)
/u/home/j/jamesdc1/.conda/envs/hpc-pi/lib/python3.11/site-packages/pandas/core/arraylike.py:399: RuntimeWarning: divide by zero encountered in log
  result = getattr(ufunc, method)(*inputs, **kwargs)
/u/home/j/jamesdc1/.conda/envs/hpc-pi/lib/python3.11/site-packages/pandas/core/arraylike.py:399: RuntimeWarning: divide by zero encountered in log
  result = getattr(ufunc, method)(*inputs, **kwargs)
/u/home/j/jamesdc1/.conda/envs/hpc-pi/lib/python3.11/site-packages/pandas/core/arraylike.py:399: RuntimeWarning: divide by zero encountered in log
  result = getattr(ufunc, method)(*inputs, **kwargs)
/u/home/j/jamesdc1/.conda/envs/hpc-pi/lib/python3.11/site-packages/pandas/core/arraylike.py:399: RuntimeWarning: divide by zero encountered in log
  result = getattr(ufunc, method)(*inputs, **kwargs)
/u/home/j/jamesdc1/.conda/envs/hpc-pi/lib/python3.11/site-packages/pandas/core/arraylike.py:399: RuntimeWarning: divide by zero encountered in log
  result = getattr(ufunc, method)(*inputs, **kwargs)
/u/home/j/jamesdc1/.conda/envs/hpc-pi/lib/python3.11/site-packages/pandas/core/arraylike.py:399: RuntimeWarning: divide by zero encountered in log
  result = getattr(ufunc, method)(*inputs, **kwargs)
/u/home/j/jamesdc1/.conda/envs/hpc-pi/lib/python3.11/site-packages/pandas/core/arraylike.py:399: RuntimeWarning: divide by zero encountered in log
  result = getattr(ufunc, method)(*inputs, **kwargs)
/u/home/j/jamesdc1/.conda/envs/hpc-pi/lib/python3.11/site-packages/pandas/core/arraylike.py:399: RuntimeWarning: divide by zero encountered in log
  result = getattr(ufunc, method)(*inputs, **kwargs)
/u/home/j/jamesdc1/.conda/envs/hpc-pi/lib/python3.11/site-packages/pandas/core/arraylike.py:399: RuntimeWarning: divide by zero encountered in log
  result = getattr(ufunc, method)(*inputs, **kwargs)
/u/home/j/jamesdc1/.conda/envs/hpc-pi/lib/python3.11/site-packages/pandas/core/arraylike.py:399: RuntimeWarning: divide by zero encountered in log
  result = getattr(ufunc, method)(*inputs, **kwargs)
/u/home/j/jamesdc1/.conda/envs/hpc-pi/lib/python3.11/site-packages/pandas/core/arraylike.py:399: RuntimeWarning: divide by zero encountered in log
  result = getattr(ufunc, method)(*inputs, **kwargs)
/u/home/j/jamesdc1/.conda/envs/hpc-pi/lib/python3.11/site-packages/pandas/core/arraylike.py:399: RuntimeWarning: divide by zero encountered in log
  result = getattr(ufunc, method)(*inputs, **kwargs)
/u/home/j/jamesdc1/.conda/envs/hpc-pi/lib/python3.11/site-packages/pandas/core/arraylike.py:399: RuntimeWarning: divide by zero encountered in log
  result = getattr(ufunc, method)(*inputs, **kwargs)
/u/home/j/jamesdc1/.conda/envs/hpc-pi/lib/python3.11/site-packages/pandas/core/arraylike.py:399: RuntimeWarning: divide by zero encountered in log
  result = getattr(ufunc, method)(*inputs, **kwargs)
/u/home/j/jamesdc1/.conda/envs/hpc-pi/lib/python3.11/site-packages/pandas/core/arraylike.py:399: RuntimeWarning: divide by zero encountered in log
  result = getattr(ufunc, method)(*inputs, **kwargs)
/u/home/j/jamesdc1/.conda/envs/hpc-pi/lib/python3.11/site-packages/pandas/core/arraylike.py:399: RuntimeWarning: divide by zero encountered in log
  result = getattr(ufunc, method)(*inputs, **kwargs)
/u/home/j/jamesdc1/.conda/envs/hpc-pi/lib/python3.11/site-packages/pandas/core/arraylike.py:399: RuntimeWarning: divide by zero encountered in log
  result = getattr(ufunc, method)(*inputs, **kwargs)
/u/home/j/jamesdc1/.conda/envs/hpc-pi/lib/python3.11/site-packages/pandas/core/arraylike.py:399: RuntimeWarning: divide by zero encountered in log
  result = getattr(ufunc, method)(*inputs, **kwargs)
/u/home/j/jamesdc1/.conda/envs/hpc-pi/lib/python3.11/site-packages/pandas/core/arraylike.py:399: RuntimeWarning: divide by zero encountered in log
  result = getattr(ufunc, method)(*inputs, **kwargs)
/u/home/j/jamesdc1/.conda/envs/hpc-pi/lib/python3.11/site-packages/pandas/core/arraylike.py:399: RuntimeWarning: divide by zero encountered in log
  result = getattr(ufunc, method)(*inputs, **kwargs)
/u/home/j/jamesdc1/.conda/envs/hpc-pi/lib/python3.11/site-packages/pandas/core/arraylike.py:399: RuntimeWarning: divide by zero encountered in log
  result = getattr(ufunc, method)(*inputs, **kwargs)
/u/home/j/jamesdc1/.conda/envs/hpc-pi/lib/python3.11/site-packages/pandas/core/arraylike.py:399: RuntimeWarning: divide by zero encountered in log
  result = getattr(ufunc, method)(*inputs, **kwargs)
/u/home/j/jamesdc1/.conda/envs/hpc-pi/lib/python3.11/site-packages/pandas/core/arraylike.py:399: RuntimeWarning: divide by zero encountered in log
  result = getattr(ufunc, method)(*inputs, **kwargs)
/u/home/j/jamesdc1/.conda/envs/hpc-pi/lib/python3.11/site-packages/pandas/core/arraylike.py:399: RuntimeWarning: divide by zero encountered in log
  result = getattr(ufunc, method)(*inputs, **kwargs)
/u/home/j/jamesdc1/.conda/envs/hpc-pi/lib/python3.11/site-packages/pandas/core/arraylike.py:399: RuntimeWarning: divide by zero encountered in log
  result = getattr(ufunc, method)(*inputs, **kwargs)
/u/home/j/jamesdc1/.conda/envs/hpc-pi/lib/python3.11/site-packages/pandas/core/arraylike.py:399: RuntimeWarning: divide by zero encountered in log
  result = getattr(ufunc, method)(*inputs, **kwargs)
/u/home/j/jamesdc1/.conda/envs/hpc-pi/lib/python3.11/site-packages/pandas/core/arraylike.py:399: RuntimeWarning: divide by zero encountered in log
  result = getattr(ufunc, method)(*inputs, **kwargs)
/u/home/j/jamesdc1/.conda/envs/hpc-pi/lib/python3.11/site-packages/pandas/core/arraylike.py:399: RuntimeWarning: divide by zero encountered in log
  result = getattr(ufunc, method)(*inputs, **kwargs)
/u/home/j/jamesdc1/.conda/envs/hpc-pi/lib/python3.11/site-packages/pandas/core/arraylike.py:399: RuntimeWarning: divide by zero encountered in log
  result = getattr(ufunc, method)(*inputs, **kwargs)
/u/home/j/jamesdc1/.conda/envs/hpc-pi/lib/python3.11/site-packages/pandas/core/arraylike.py:399: RuntimeWarning: divide by zero encountered in log
  result = getattr(ufunc, method)(*inputs, **kwargs)
/u/home/j/jamesdc1/.conda/envs/hpc-pi/lib/python3.11/site-packages/pandas/core/arraylike.py:399: RuntimeWarning: divide by zero encountered in log
  result = getattr(ufunc, method)(*inputs, **kwargs)
/u/home/j/jamesdc1/.conda/envs/hpc-pi/lib/python3.11/site-packages/pandas/core/arraylike.py:399: RuntimeWarning: divide by zero encountered in log
  result = getattr(ufunc, method)(*inputs, **kwargs)
/u/home/j/jamesdc1/.conda/envs/hpc-pi/lib/python3.11/site-packages/pandas/core/arraylike.py:399: RuntimeWarning: divide by zero encountered in log
  result = getattr(ufunc, method)(*inputs, **kwargs)
/u/home/j/jamesdc1/.conda/envs/hpc-pi/lib/python3.11/site-packages/pandas/core/arraylike.py:399: RuntimeWarning: divide by zero encountered in log
  result = getattr(ufunc, method)(*inputs, **kwargs)
/u/home/j/jamesdc1/.conda/envs/hpc-pi/lib/python3.11/site-packages/pandas/core/arraylike.py:399: RuntimeWarning: divide by zero encountered in log
  result = getattr(ufunc, method)(*inputs, **kwargs)
/u/home/j/jamesdc1/.conda/envs/hpc-pi/lib/python3.11/site-packages/pandas/core/arraylike.py:399: RuntimeWarning: divide by zero encountered in log
  result = getattr(ufunc, method)(*inputs, **kwargs)
/u/home/j/jamesdc1/.conda/envs/hpc-pi/lib/python3.11/site-packages/pandas/core/arraylike.py:399: RuntimeWarning: divide by zero encountered in log
  result = getattr(ufunc, method)(*inputs, **kwargs)
/u/home/j/jamesdc1/.conda/envs/hpc-pi/lib/python3.11/site-packages/pandas/core/arraylike.py:399: RuntimeWarning: divide by zero encountered in log
  result = getattr(ufunc, method)(*inputs, **kwargs)
/u/home/j/jamesdc1/.conda/envs/hpc-pi/lib/python3.11/site-packages/pandas/core/arraylike.py:399: RuntimeWarning: divide by zero encountered in log
  result = getattr(ufunc, method)(*inputs, **kwargs)
/u/home/j/jamesdc1/.conda/envs/hpc-pi/lib/python3.11/site-packages/pandas/core/arraylike.py:399: RuntimeWarning: divide by zero encountered in log
  result = getattr(ufunc, method)(*inputs, **kwargs)
/u/home/j/jamesdc1/.conda/envs/hpc-pi/lib/python3.11/site-packages/pandas/core/arraylike.py:399: RuntimeWarning: divide by zero encountered in log
  result = getattr(ufunc, method)(*inputs, **kwargs)
/u/home/j/jamesdc1/.conda/envs/hpc-pi/lib/python3.11/site-packages/pandas/core/arraylike.py:399: RuntimeWarning: divide by zero encountered in log
  result = getattr(ufunc, method)(*inputs, **kwargs)
/u/home/j/jamesdc1/.conda/envs/hpc-pi/lib/python3.11/site-packages/pandas/core/arraylike.py:399: RuntimeWarning: divide by zero encountered in log
  result = getattr(ufunc, method)(*inputs, **kwargs)
/u/home/j/jamesdc1/.conda/envs/hpc-pi/lib/python3.11/site-packages/pandas/core/arraylike.py:399: RuntimeWarning: divide by zero encountered in log
  result = getattr(ufunc, method)(*inputs, **kwargs)
/u/home/j/jamesdc1/.conda/envs/hpc-pi/lib/python3.11/site-packages/pandas/core/arraylike.py:399: RuntimeWarning: divide by zero encountered in log
  result = getattr(ufunc, method)(*inputs, **kwargs)
/u/home/j/jamesdc1/.conda/envs/hpc-pi/lib/python3.11/site-packages/pandas/core/arraylike.py:399: RuntimeWarning: divide by zero encountered in log
  result = getattr(ufunc, method)(*inputs, **kwargs)
/u/home/j/jamesdc1/.conda/envs/hpc-pi/lib/python3.11/site-packages/pandas/core/arraylike.py:399: RuntimeWarning: divide by zero encountered in log
  result = getattr(ufunc, method)(*inputs, **kwargs)
/u/home/j/jamesdc1/.conda/envs/hpc-pi/lib/python3.11/site-packages/pandas/core/arraylike.py:399: RuntimeWarning: divide by zero encountered in log
  result = getattr(ufunc, method)(*inputs, **kwargs)
/u/home/j/jamesdc1/.conda/envs/hpc-pi/lib/python3.11/site-packages/pandas/core/arraylike.py:399: RuntimeWarning: divide by zero encountered in log
  result = getattr(ufunc, method)(*inputs, **kwargs)
/u/home/j/jamesdc1/.conda/envs/hpc-pi/lib/python3.11/site-packages/pandas/core/arraylike.py:399: RuntimeWarning: divide by zero encountered in log
  result = getattr(ufunc, method)(*inputs, **kwargs)
/u/home/j/jamesdc1/.conda/envs/hpc-pi/lib/python3.11/site-packages/pandas/core/arraylike.py:399: RuntimeWarning: divide by zero encountered in log
  result = getattr(ufunc, method)(*inputs, **kwargs)
/u/home/j/jamesdc1/.conda/envs/hpc-pi/lib/python3.11/site-packages/pandas/core/arraylike.py:399: RuntimeWarning: divide by zero encountered in log
  result = getattr(ufunc, method)(*inputs, **kwargs)
/u/home/j/jamesdc1/.conda/envs/hpc-pi/lib/python3.11/site-packages/pandas/core/arraylike.py:399: RuntimeWarning: divide by zero encountered in log
  result = getattr(ufunc, method)(*inputs, **kwargs)
/u/home/j/jamesdc1/.conda/envs/hpc-pi/lib/python3.11/site-packages/pandas/core/arraylike.py:399: RuntimeWarning: divide by zero encountered in log
  result = getattr(ufunc, method)(*inputs, **kwargs)
/u/home/j/jamesdc1/.conda/envs/hpc-pi/lib/python3.11/site-packages/pandas/core/arraylike.py:399: RuntimeWarning: divide by zero encountered in log
  result = getattr(ufunc, method)(*inputs, **kwargs)
/u/home/j/jamesdc1/.conda/envs/hpc-pi/lib/python3.11/site-packages/pandas/core/arraylike.py:399: RuntimeWarning: divide by zero encountered in log
  result = getattr(ufunc, method)(*inputs, **kwargs)
/u/home/j/jamesdc1/.conda/envs/hpc-pi/lib/python3.11/site-packages/pandas/core/arraylike.py:399: RuntimeWarning: divide by zero encountered in log
  result = getattr(ufunc, method)(*inputs, **kwargs)
/u/home/j/jamesdc1/.conda/envs/hpc-pi/lib/python3.11/site-packages/pandas/core/arraylike.py:399: RuntimeWarning: divide by zero encountered in log
  result = getattr(ufunc, method)(*inputs, **kwargs)
/u/home/j/jamesdc1/.conda/envs/hpc-pi/lib/python3.11/site-packages/pandas/core/arraylike.py:399: RuntimeWarning: divide by zero encountered in log
  result = getattr(ufunc, method)(*inputs, **kwargs)
/u/home/j/jamesdc1/.conda/envs/hpc-pi/lib/python3.11/site-packages/pandas/core/arraylike.py:399: RuntimeWarning: divide by zero encountered in log
  result = getattr(ufunc, method)(*inputs, **kwargs)
/u/home/j/jamesdc1/.conda/envs/hpc-pi/lib/python3.11/site-packages/pandas/core/arraylike.py:399: RuntimeWarning: divide by zero encountered in log
  result = getattr(ufunc, method)(*inputs, **kwargs)
/u/home/j/jamesdc1/.conda/envs/hpc-pi/lib/python3.11/site-packages/pandas/core/arraylike.py:399: RuntimeWarning: divide by zero encountered in log
  result = getattr(ufunc, method)(*inputs, **kwargs)
/u/home/j/jamesdc1/.conda/envs/hpc-pi/lib/python3.11/site-packages/pandas/core/arraylike.py:399: RuntimeWarning: divide by zero encountered in log
  result = getattr(ufunc, method)(*inputs, **kwargs)
/u/home/j/jamesdc1/.conda/envs/hpc-pi/lib/python3.11/site-packages/pandas/core/arraylike.py:399: RuntimeWarning: divide by zero encountered in log
  result = getattr(ufunc, method)(*inputs, **kwargs)
/u/home/j/jamesdc1/.conda/envs/hpc-pi/lib/python3.11/site-packages/pandas/core/arraylike.py:399: RuntimeWarning: divide by zero encountered in log
  result = getattr(ufunc, method)(*inputs, **kwargs)
/u/home/j/jamesdc1/.conda/envs/hpc-pi/lib/python3.11/site-packages/pandas/core/arraylike.py:399: RuntimeWarning: divide by zero encountered in log
  result = getattr(ufunc, method)(*inputs, **kwargs)
/u/home/j/jamesdc1/.conda/envs/hpc-pi/lib/python3.11/site-packages/pandas/core/arraylike.py:399: RuntimeWarning: divide by zero encountered in log
  result = getattr(ufunc, method)(*inputs, **kwargs)
/u/home/j/jamesdc1/.conda/envs/hpc-pi/lib/python3.11/site-packages/pandas/core/arraylike.py:399: RuntimeWarning: divide by zero encountered in log
  result = getattr(ufunc, method)(*inputs, **kwargs)
/u/home/j/jamesdc1/.conda/envs/hpc-pi/lib/python3.11/site-packages/pandas/core/arraylike.py:399: RuntimeWarning: divide by zero encountered in log
  result = getattr(ufunc, method)(*inputs, **kwargs)
/u/home/j/jamesdc1/.conda/envs/hpc-pi/lib/python3.11/site-packages/pandas/core/arraylike.py:399: RuntimeWarning: divide by zero encountered in log
  result = getattr(ufunc, method)(*inputs, **kwargs)
/u/home/j/jamesdc1/.conda/envs/hpc-pi/lib/python3.11/site-packages/pandas/core/arraylike.py:399: RuntimeWarning: divide by zero encountered in log
  result = getattr(ufunc, method)(*inputs, **kwargs)
/u/home/j/jamesdc1/.conda/envs/hpc-pi/lib/python3.11/site-packages/pandas/core/arraylike.py:399: RuntimeWarning: divide by zero encountered in log
  result = getattr(ufunc, method)(*inputs, **kwargs)
/u/home/j/jamesdc1/.conda/envs/hpc-pi/lib/python3.11/site-packages/pandas/core/arraylike.py:399: RuntimeWarning: divide by zero encountered in log
  result = getattr(ufunc, method)(*inputs, **kwargs)
/u/home/j/jamesdc1/.conda/envs/hpc-pi/lib/python3.11/site-packages/pandas/core/arraylike.py:399: RuntimeWarning: divide by zero encountered in log
  result = getattr(ufunc, method)(*inputs, **kwargs)
/u/home/j/jamesdc1/.conda/envs/hpc-pi/lib/python3.11/site-packages/pandas/core/arraylike.py:399: RuntimeWarning: divide by zero encountered in log
  result = getattr(ufunc, method)(*inputs, **kwargs)
/u/home/j/jamesdc1/.conda/envs/hpc-pi/lib/python3.11/site-packages/pandas/core/arraylike.py:399: RuntimeWarning: divide by zero encountered in log
  result = getattr(ufunc, method)(*inputs, **kwargs)
/u/home/j/jamesdc1/.conda/envs/hpc-pi/lib/python3.11/site-packages/pandas/core/arraylike.py:399: RuntimeWarning: divide by zero encountered in log
  result = getattr(ufunc, method)(*inputs, **kwargs)
/u/home/j/jamesdc1/.conda/envs/hpc-pi/lib/python3.11/site-packages/pandas/core/arraylike.py:399: RuntimeWarning: divide by zero encountered in log
  result = getattr(ufunc, method)(*inputs, **kwargs)
/u/home/j/jamesdc1/.conda/envs/hpc-pi/lib/python3.11/site-packages/pandas/core/arraylike.py:399: RuntimeWarning: divide by zero encountered in log
  result = getattr(ufunc, method)(*inputs, **kwargs)
/u/home/j/jamesdc1/.conda/envs/hpc-pi/lib/python3.11/site-packages/pandas/core/arraylike.py:399: RuntimeWarning: divide by zero encountered in log
  result = getattr(ufunc, method)(*inputs, **kwargs)
/u/home/j/jamesdc1/.conda/envs/hpc-pi/lib/python3.11/site-packages/pandas/core/arraylike.py:399: RuntimeWarning: divide by zero encountered in log
  result = getattr(ufunc, method)(*inputs, **kwargs)
/u/home/j/jamesdc1/.conda/envs/hpc-pi/lib/python3.11/site-packages/pandas/core/arraylike.py:399: RuntimeWarning: divide by zero encountered in log
  result = getattr(ufunc, method)(*inputs, **kwargs)
/u/home/j/jamesdc1/.conda/envs/hpc-pi/lib/python3.11/site-packages/pandas/core/arraylike.py:399: RuntimeWarning: divide by zero encountered in log
  result = getattr(ufunc, method)(*inputs, **kwargs)
/u/home/j/jamesdc1/.conda/envs/hpc-pi/lib/python3.11/site-packages/pandas/core/arraylike.py:399: RuntimeWarning: divide by zero encountered in log
  result = getattr(ufunc, method)(*inputs, **kwargs)
/u/home/j/jamesdc1/.conda/envs/hpc-pi/lib/python3.11/site-packages/pandas/core/arraylike.py:399: RuntimeWarning: divide by zero encountered in log
  result = getattr(ufunc, method)(*inputs, **kwargs)
/u/home/j/jamesdc1/.conda/envs/hpc-pi/lib/python3.11/site-packages/pandas/core/arraylike.py:399: RuntimeWarning: divide by zero encountered in log
  result = getattr(ufunc, method)(*inputs, **kwargs)
/u/home/j/jamesdc1/.conda/envs/hpc-pi/lib/python3.11/site-packages/pandas/core/arraylike.py:399: RuntimeWarning: divide by zero encountered in log
  result = getattr(ufunc, method)(*inputs, **kwargs)
/u/home/j/jamesdc1/.conda/envs/hpc-pi/lib/python3.11/site-packages/pandas/core/arraylike.py:399: RuntimeWarning: divide by zero encountered in log
  result = getattr(ufunc, method)(*inputs, **kwargs)
/u/home/j/jamesdc1/.conda/envs/hpc-pi/lib/python3.11/site-packages/pandas/core/arraylike.py:399: RuntimeWarning: divide by zero encountered in log
  result = getattr(ufunc, method)(*inputs, **kwargs)
/u/home/j/jamesdc1/.conda/envs/hpc-pi/lib/python3.11/site-packages/pandas/core/arraylike.py:399: RuntimeWarning: divide by zero encountered in log
  result = getattr(ufunc, method)(*inputs, **kwargs)
/u/home/j/jamesdc1/.conda/envs/hpc-pi/lib/python3.11/site-packages/pandas/core/arraylike.py:399: RuntimeWarning: divide by zero encountered in log
  result = getattr(ufunc, method)(*inputs, **kwargs)
/u/home/j/jamesdc1/.conda/envs/hpc-pi/lib/python3.11/site-packages/pandas/core/arraylike.py:399: RuntimeWarning: divide by zero encountered in log
  result = getattr(ufunc, method)(*inputs, **kwargs)
/u/home/j/jamesdc1/.conda/envs/hpc-pi/lib/python3.11/site-packages/pandas/core/arraylike.py:399: RuntimeWarning: divide by zero encountered in log
  result = getattr(ufunc, method)(*inputs, **kwargs)
/u/home/j/jamesdc1/.conda/envs/hpc-pi/lib/python3.11/site-packages/pandas/core/arraylike.py:399: RuntimeWarning: divide by zero encountered in log
  result = getattr(ufunc, method)(*inputs, **kwargs)
/u/home/j/jamesdc1/.conda/envs/hpc-pi/lib/python3.11/site-packages/pandas/core/arraylike.py:399: RuntimeWarning: divide by zero encountered in log
  result = getattr(ufunc, method)(*inputs, **kwargs)
/u/home/j/jamesdc1/.conda/envs/hpc-pi/lib/python3.11/site-packages/pandas/core/arraylike.py:399: RuntimeWarning: divide by zero encountered in log
  result = getattr(ufunc, method)(*inputs, **kwargs)
/u/home/j/jamesdc1/.conda/envs/hpc-pi/lib/python3.11/site-packages/pandas/core/arraylike.py:399: RuntimeWarning: divide by zero encountered in log
  result = getattr(ufunc, method)(*inputs, **kwargs)
/u/home/j/jamesdc1/.conda/envs/hpc-pi/lib/python3.11/site-packages/pandas/core/arraylike.py:399: RuntimeWarning: divide by zero encountered in log
  result = getattr(ufunc, method)(*inputs, **kwargs)
/u/home/j/jamesdc1/.conda/envs/hpc-pi/lib/python3.11/site-packages/pandas/core/arraylike.py:399: RuntimeWarning: divide by zero encountered in log
  result = getattr(ufunc, method)(*inputs, **kwargs)
/u/home/j/jamesdc1/.conda/envs/hpc-pi/lib/python3.11/site-packages/pandas/core/arraylike.py:399: RuntimeWarning: divide by zero encountered in log
  result = getattr(ufunc, method)(*inputs, **kwargs)
/u/home/j/jamesdc1/.conda/envs/hpc-pi/lib/python3.11/site-packages/pandas/core/arraylike.py:399: RuntimeWarning: divide by zero encountered in log
  result = getattr(ufunc, method)(*inputs, **kwargs)
/u/home/j/jamesdc1/.conda/envs/hpc-pi/lib/python3.11/site-packages/pandas/core/arraylike.py:399: RuntimeWarning: divide by zero encountered in log
  result = getattr(ufunc, method)(*inputs, **kwargs)
/u/home/j/jamesdc1/.conda/envs/hpc-pi/lib/python3.11/site-packages/pandas/core/arraylike.py:399: RuntimeWarning: divide by zero encountered in log
  result = getattr(ufunc, method)(*inputs, **kwargs)
/u/home/j/jamesdc1/.conda/envs/hpc-pi/lib/python3.11/site-packages/pandas/core/arraylike.py:399: RuntimeWarning: divide by zero encountered in log
  result = getattr(ufunc, method)(*inputs, **kwargs)
/u/home/j/jamesdc1/.conda/envs/hpc-pi/lib/python3.11/site-packages/pandas/core/arraylike.py:399: RuntimeWarning: divide by zero encountered in log
  result = getattr(ufunc, method)(*inputs, **kwargs)
/u/home/j/jamesdc1/.conda/envs/hpc-pi/lib/python3.11/site-packages/pandas/core/arraylike.py:399: RuntimeWarning: divide by zero encountered in log
  result = getattr(ufunc, method)(*inputs, **kwargs)
/u/home/j/jamesdc1/.conda/envs/hpc-pi/lib/python3.11/site-packages/pandas/core/arraylike.py:399: RuntimeWarning: divide by zero encountered in log
  result = getattr(ufunc, method)(*inputs, **kwargs)
/u/home/j/jamesdc1/.conda/envs/hpc-pi/lib/python3.11/site-packages/pandas/core/arraylike.py:399: RuntimeWarning: divide by zero encountered in log
  result = getattr(ufunc, method)(*inputs, **kwargs)
/u/home/j/jamesdc1/.conda/envs/hpc-pi/lib/python3.11/site-packages/pandas/core/arraylike.py:399: RuntimeWarning: divide by zero encountered in log
  result = getattr(ufunc, method)(*inputs, **kwargs)
/u/home/j/jamesdc1/.conda/envs/hpc-pi/lib/python3.11/site-packages/pandas/core/arraylike.py:399: RuntimeWarning: divide by zero encountered in log
  result = getattr(ufunc, method)(*inputs, **kwargs)
/u/home/j/jamesdc1/.conda/envs/hpc-pi/lib/python3.11/site-packages/pandas/core/arraylike.py:399: RuntimeWarning: divide by zero encountered in log
  result = getattr(ufunc, method)(*inputs, **kwargs)
/u/home/j/jamesdc1/.conda/envs/hpc-pi/lib/python3.11/site-packages/pandas/core/arraylike.py:399: RuntimeWarning: divide by zero encountered in log
  result = getattr(ufunc, method)(*inputs, **kwargs)
/u/home/j/jamesdc1/.conda/envs/hpc-pi/lib/python3.11/site-packages/pandas/core/arraylike.py:399: RuntimeWarning: divide by zero encountered in log
  result = getattr(ufunc, method)(*inputs, **kwargs)
/u/home/j/jamesdc1/.conda/envs/hpc-pi/lib/python3.11/site-packages/pandas/core/arraylike.py:399: RuntimeWarning: divide by zero encountered in log
  result = getattr(ufunc, method)(*inputs, **kwargs)
/u/home/j/jamesdc1/.conda/envs/hpc-pi/lib/python3.11/site-packages/pandas/core/arraylike.py:399: RuntimeWarning: divide by zero encountered in log
  result = getattr(ufunc, method)(*inputs, **kwargs)
/u/home/j/jamesdc1/.conda/envs/hpc-pi/lib/python3.11/site-packages/pandas/core/arraylike.py:399: RuntimeWarning: divide by zero encountered in log
  result = getattr(ufunc, method)(*inputs, **kwargs)
/u/home/j/jamesdc1/.conda/envs/hpc-pi/lib/python3.11/site-packages/pandas/core/arraylike.py:399: RuntimeWarning: divide by zero encountered in log
  result = getattr(ufunc, method)(*inputs, **kwargs)
/u/home/j/jamesdc1/.conda/envs/hpc-pi/lib/python3.11/site-packages/pandas/core/arraylike.py:399: RuntimeWarning: divide by zero encountered in log
  result = getattr(ufunc, method)(*inputs, **kwargs)
/u/home/j/jamesdc1/.conda/envs/hpc-pi/lib/python3.11/site-packages/pandas/core/arraylike.py:399: RuntimeWarning: divide by zero encountered in log
  result = getattr(ufunc, method)(*inputs, **kwargs)
/u/home/j/jamesdc1/.conda/envs/hpc-pi/lib/python3.11/site-packages/pandas/core/arraylike.py:399: RuntimeWarning: divide by zero encountered in log
  result = getattr(ufunc, method)(*inputs, **kwargs)
/u/home/j/jamesdc1/.conda/envs/hpc-pi/lib/python3.11/site-packages/pandas/core/arraylike.py:399: RuntimeWarning: divide by zero encountered in log
  result = getattr(ufunc, method)(*inputs, **kwargs)
/u/home/j/jamesdc1/.conda/envs/hpc-pi/lib/python3.11/site-packages/pandas/core/arraylike.py:399: RuntimeWarning: divide by zero encountered in log
  result = getattr(ufunc, method)(*inputs, **kwargs)
/u/home/j/jamesdc1/.conda/envs/hpc-pi/lib/python3.11/site-packages/pandas/core/arraylike.py:399: RuntimeWarning: divide by zero encountered in log
  result = getattr(ufunc, method)(*inputs, **kwargs)
/u/home/j/jamesdc1/.conda/envs/hpc-pi/lib/python3.11/site-packages/pandas/core/arraylike.py:399: RuntimeWarning: divide by zero encountered in log
  result = getattr(ufunc, method)(*inputs, **kwargs)
/u/home/j/jamesdc1/.conda/envs/hpc-pi/lib/python3.11/site-packages/pandas/core/arraylike.py:399: RuntimeWarning: divide by zero encountered in log
  result = getattr(ufunc, method)(*inputs, **kwargs)
/u/home/j/jamesdc1/.conda/envs/hpc-pi/lib/python3.11/site-packages/pandas/core/arraylike.py:399: RuntimeWarning: divide by zero encountered in log
  result = getattr(ufunc, method)(*inputs, **kwargs)
/u/home/j/jamesdc1/.conda/envs/hpc-pi/lib/python3.11/site-packages/pandas/core/arraylike.py:399: RuntimeWarning: divide by zero encountered in log
  result = getattr(ufunc, method)(*inputs, **kwargs)
/u/home/j/jamesdc1/.conda/envs/hpc-pi/lib/python3.11/site-packages/pandas/core/arraylike.py:399: RuntimeWarning: divide by zero encountered in log
  result = getattr(ufunc, method)(*inputs, **kwargs)
/u/home/j/jamesdc1/.conda/envs/hpc-pi/lib/python3.11/site-packages/pandas/core/arraylike.py:399: RuntimeWarning: divide by zero encountered in log
  result = getattr(ufunc, method)(*inputs, **kwargs)
/u/home/j/jamesdc1/.conda/envs/hpc-pi/lib/python3.11/site-packages/pandas/core/arraylike.py:399: RuntimeWarning: divide by zero encountered in log
  result = getattr(ufunc, method)(*inputs, **kwargs)
/u/home/j/jamesdc1/.conda/envs/hpc-pi/lib/python3.11/site-packages/pandas/core/arraylike.py:399: RuntimeWarning: divide by zero encountered in log
  result = getattr(ufunc, method)(*inputs, **kwargs)
    segment    estimator  train_win  pooled_train_win  bar_end      sample     n      first  QLIKE_subsection  QLIKE_pooled      diff         pct     ci_lo     ci_hi       dm_stat  improves
    bar1000     reclasso        500               500 all bars      common  3119 2012-03-23           0.10827      20.38551 -20.27724   -99.46887 -20.32897 -20.22097 -7.999312e+02      True
    bar1000     reclasso        500               500 all bars deck period  1116 2020-01-03           0.10731      20.40770 -20.30039   -99.47419 -20.40686 -20.20200 -4.529320e+02      True
    bar1000     reclasso        500               500    10:00      common  3119 2012-03-23           0.10827      20.38551 -20.27724   -99.46887 -20.32897 -20.22097 -7.999312e+02      True
    bar1000     reclasso        500               500    10:00 deck period  1116 2020-01-03           0.10731      20.40770 -20.30039   -99.47419 -20.40686 -20.20200 -4.529320e+02      True
    bar1000     reclasso       2000               500 all bars      common  1619 2018-01-19           0.11063      20.41463 -20.30400   -99.45808 -20.38625 -20.22006 -5.293230e+02      True
    bar1000     reclasso       2000               500 all bars deck period  1116 2020-01-03           0.10780      20.40770 -20.29990   -99.47177 -20.40427 -20.20297 -4.643850e+02      True
    bar1000     reclasso       2000               500    10:00      common  1619 2018-01-19           0.11063      20.41463 -20.30400   -99.45808 -20.38625 -20.22006 -5.293230e+02      True
    bar1000     reclasso       2000               500    10:00 deck period  1116 2020-01-03           0.10780      20.40770 -20.29990   -99.47177 -20.40427 -20.20297 -4.643850e+02      True
    bar1000     reclasso       2000              2000 all bars      common  1619 2018-01-19           0.11063       0.12112  -0.01049    -8.65978  -0.01479  -0.00616 -4.828640e+00      True
    bar1000     reclasso       2000              2000 all bars deck period  1116 2020-01-03           0.10780       0.11616  -0.00836    -7.19941  -0.01349  -0.00339 -3.212370e+00      True
    bar1000     reclasso       2000              2000    10:00      common  1619 2018-01-19           0.11063       0.12112  -0.01049    -8.65978  -0.01479  -0.00616 -4.828640e+00      True
    bar1000     reclasso       2000              2000    10:00 deck period  1116 2020-01-03           0.10780       0.11616  -0.00836    -7.19941  -0.01349  -0.00339 -3.212370e+00      True
    bar1000 reclasticnet        500               500 all bars      common  3119 2012-03-23           0.10779       0.11554  -0.00775    -6.70528  -0.01145  -0.00370 -3.895540e+00      True
    bar1000 reclasticnet        500               500 all bars deck period  1116 2020-01-03           0.10654       0.11274  -0.00621    -5.50440  -0.01345   0.00123 -1.745600e+00     False
    bar1000 reclasticnet        500               500    10:00      common  3119 2012-03-23           0.10779       0.11554  -0.00775    -6.70528  -0.01145  -0.00370 -3.895540e+00      True
    bar1000 reclasticnet        500               500    10:00 deck period  1116 2020-01-03           0.10654       0.11274  -0.00621    -5.50440  -0.01345   0.00123 -1.745600e+00     False
    bar1000 reclasticnet       2000               500 all bars      common  1619 2018-01-19           0.11071       0.12184  -0.01113    -9.13264  -0.01747  -0.00502 -3.763720e+00      True
    bar1000 reclasticnet       2000               500 all bars deck period  1116 2020-01-03           0.10841       0.11274  -0.00433    -3.84452  -0.01121   0.00280 -1.309060e+00     False
    bar1000 reclasticnet       2000               500    10:00      common  1619 2018-01-19           0.11071       0.12184  -0.01113    -9.13264  -0.01747  -0.00502 -3.763720e+00      True
    bar1000 reclasticnet       2000               500    10:00 deck period  1116 2020-01-03           0.10841       0.11274  -0.00433    -3.84452  -0.01121   0.00280 -1.309060e+00     False
    bar1000 reclasticnet       2000              2000 all bars      common  1619 2018-01-19           0.11071       0.12036  -0.00965    -8.01789  -0.01392  -0.00533 -4.487900e+00      True
    bar1000 reclasticnet       2000              2000 all bars deck period  1116 2020-01-03           0.10841       0.11536  -0.00695    -6.02725  -0.01200  -0.00187 -2.687680e+00      True
    bar1000 reclasticnet       2000              2000    10:00      common  1619 2018-01-19           0.11071       0.12036  -0.00965    -8.01789  -0.01392  -0.00533 -4.487900e+00      True
    bar1000 reclasticnet       2000              2000    10:00 deck period  1116 2020-01-03           0.10841       0.11536  -0.00695    -6.02725  -0.01200  -0.00187 -2.687680e+00      True
    bar1000        ridge        500               500 all bars      common  3119 2012-03-23           0.10677       0.11547  -0.00870    -7.53814  -0.01276  -0.00471 -4.221650e+00      True
    bar1000        ridge        500               500 all bars deck period  1116 2020-01-03           0.10456       0.11225  -0.00769    -6.85124  -0.01428  -0.00117 -2.295690e+00      True
    bar1000        ridge        500               500    10:00      common  3119 2012-03-23           0.10677       0.11547  -0.00870    -7.53814  -0.01276  -0.00471 -4.221650e+00      True
    bar1000        ridge        500               500    10:00 deck period  1116 2020-01-03           0.10456       0.11225  -0.00769    -6.85124  -0.01428  -0.00117 -2.295690e+00      True
    bar1000        ridge       2000               500 all bars      common  1619 2018-01-19           0.11151       0.12146  -0.00995    -8.19520  -0.01661  -0.00361 -3.203720e+00      True
    bar1000        ridge       2000               500 all bars deck period  1116 2020-01-03           0.10865       0.11225  -0.00361    -3.21182  -0.01076   0.00382 -1.048370e+00     False
    bar1000        ridge       2000               500    10:00      common  1619 2018-01-19           0.11151       0.12146  -0.00995    -8.19520  -0.01661  -0.00361 -3.203720e+00      True
    bar1000        ridge       2000               500    10:00 deck period  1116 2020-01-03           0.10865       0.11225  -0.00361    -3.21182  -0.01076   0.00382 -1.048370e+00     False
    bar1000        ridge       2000              2000 all bars      common  1619 2018-01-19           0.11151       0.12002  -0.00851    -7.09287  -0.01350  -0.00348 -3.457340e+00      True
    bar1000        ridge       2000              2000 all bars deck period  1116 2020-01-03           0.10865       0.11465  -0.00600    -5.23364  -0.01170  -0.00040 -2.132980e+00      True
    bar1000        ridge       2000              2000    10:00      common  1619 2018-01-19           0.11151       0.12002  -0.00851    -7.09287  -0.01350  -0.00348 -3.457340e+00      True
    bar1000        ridge       2000              2000    10:00 deck period  1116 2020-01-03           0.10865       0.11465  -0.00600    -5.23364  -0.01170  -0.00040 -2.132980e+00      True
    bar1030     reclasso        500               500 all bars      common  3119 2012-03-23           0.14341      20.43458 -20.29117   -99.29822 -20.34444 -20.23835 -7.745161e+02      True
    bar1030     reclasso        500               500 all bars deck period  1116 2020-01-03           0.15107      20.44950 -20.29844   -99.26127 -20.39687 -20.20484 -4.501314e+02      True
    bar1030     reclasso        500               500    10:30      common  3119 2012-03-23           0.14341      20.43458 -20.29117   -99.29822 -20.34444 -20.23835 -7.745161e+02      True
    bar1030     reclasso        500               500    10:30 deck period  1116 2020-01-03           0.15107      20.44950 -20.29844   -99.26127 -20.39687 -20.20484 -4.501314e+02      True
    bar1030     reclasso       2000               500 all bars      common  1619 2018-01-19           0.15363      20.46313 -20.30950   -99.24923 -20.38925 -20.22744 -5.264193e+02      True
    bar1030     reclasso       2000               500 all bars deck period  1116 2020-01-03           0.15104      20.44950 -20.29846   -99.26140 -20.39505 -20.20676 -4.603941e+02      True
    bar1030     reclasso       2000               500    10:30      common  1619 2018-01-19           0.15363      20.46313 -20.30950   -99.24923 -20.38925 -20.22744 -5.264193e+02      True
    bar1030     reclasso       2000               500    10:30 deck period  1116 2020-01-03           0.15104      20.44950 -20.29846   -99.26140 -20.39505 -20.20676 -4.603941e+02      True
    bar1030     reclasso       2000              2000 all bars      common  1619 2018-01-19           0.15363       0.15883  -0.00520    -3.27394  -0.00864  -0.00172 -2.891760e+00      True
    bar1030     reclasso       2000              2000 all bars deck period  1116 2020-01-03           0.15104       0.15511  -0.00407    -2.62120  -0.00799  -0.00013 -1.887960e+00      True
    bar1030     reclasso       2000              2000    10:30      common  1619 2018-01-19           0.15363       0.15883  -0.00520    -3.27394  -0.00864  -0.00172 -2.891760e+00      True
    bar1030     reclasso       2000              2000    10:30 deck period  1116 2020-01-03           0.15104       0.15511  -0.00407    -2.62120  -0.00799  -0.00013 -1.887960e+00      True
    bar1030 reclasticnet        500               500 all bars      common  3119 2012-03-23           0.14210       0.14576  -0.00366    -2.51349  -0.00673  -0.00069 -2.405000e+00      True
    bar1030 reclasticnet        500               500 all bars deck period  1116 2020-01-03           0.15248       0.15173   0.00074     0.48998  -0.00520   0.00762  2.429100e-01     False
    bar1030 reclasticnet        500               500    10:30      common  3119 2012-03-23           0.14210       0.14576  -0.00366    -2.51349  -0.00673  -0.00069 -2.405000e+00      True
    bar1030 reclasticnet        500               500    10:30 deck period  1116 2020-01-03           0.15248       0.15173   0.00074     0.48998  -0.00520   0.00762  2.429100e-01     False
    bar1030 reclasticnet       2000               500 all bars      common  1619 2018-01-19           0.15352       0.15770  -0.00417    -2.64631  -0.00935   0.00065 -1.584320e+00     False
    bar1030 reclasticnet       2000               500 all bars deck period  1116 2020-01-03           0.15105       0.15173  -0.00069    -0.45268  -0.00775   0.00545 -2.043800e-01     False
    bar1030 reclasticnet       2000               500    10:30      common  1619 2018-01-19           0.15352       0.15770  -0.00417    -2.64631  -0.00935   0.00065 -1.584320e+00     False
    bar1030 reclasticnet       2000               500    10:30 deck period  1116 2020-01-03           0.15105       0.15173  -0.00069    -0.45268  -0.00775   0.00545 -2.043800e-01     False
    bar1030 reclasticnet       2000              2000 all bars      common  1619 2018-01-19           0.15352       0.15825  -0.00473    -2.98856  -0.00814  -0.00113 -2.633820e+00      True
    bar1030 reclasticnet       2000              2000 all bars deck period  1116 2020-01-03           0.15105       0.15454  -0.00349    -2.26150  -0.00761   0.00044 -1.641610e+00     False
    bar1030 reclasticnet       2000              2000    10:30      common  1619 2018-01-19           0.15352       0.15825  -0.00473    -2.98856  -0.00814  -0.00113 -2.633820e+00      True
    bar1030 reclasticnet       2000              2000    10:30 deck period  1116 2020-01-03           0.15105       0.15454  -0.00349    -2.26150  -0.00761   0.00044 -1.641610e+00     False
    bar1030        ridge        500               500 all bars      common  3119 2012-03-23           0.14556       0.14557  -0.00001    -0.00783  -0.00353   0.00340 -6.540000e-03     False
    bar1030        ridge        500               500 all bars deck period  1116 2020-01-03           0.15071       0.15164  -0.00094    -0.61770  -0.00681   0.00497 -3.204400e-01     False
    bar1030        ridge        500               500    10:30      common  3119 2012-03-23           0.14556       0.14557  -0.00001    -0.00783  -0.00353   0.00340 -6.540000e-03     False
    bar1030        ridge        500               500    10:30 deck period  1116 2020-01-03           0.15071       0.15164  -0.00094    -0.61770  -0.00681   0.00497 -3.204400e-01     False
    bar1030        ridge       2000               500 all bars      common  1619 2018-01-19           0.15383       0.15773  -0.00391    -2.47723  -0.00990   0.00130 -1.283800e+00     False
    bar1030        ridge       2000               500 all bars deck period  1116 2020-01-03           0.15102       0.15164  -0.00063    -0.41318  -0.00944   0.00651 -1.530200e-01     False
    bar1030        ridge       2000               500    10:30      common  1619 2018-01-19           0.15383       0.15773  -0.00391    -2.47723  -0.00990   0.00130 -1.283800e+00     False
    bar1030        ridge       2000               500    10:30 deck period  1116 2020-01-03           0.15102       0.15164  -0.00063    -0.41318  -0.00944   0.00651 -1.530200e-01     False
    bar1030        ridge       2000              2000 all bars      common  1619 2018-01-19           0.15383       0.15831  -0.00448    -2.83033  -0.00805  -0.00100 -2.403340e+00      True
    bar1030        ridge       2000              2000 all bars deck period  1116 2020-01-03           0.15102       0.15454  -0.00352    -2.27871  -0.00823   0.00080 -1.515460e+00     False
    bar1030        ridge       2000              2000    10:30      common  1619 2018-01-19           0.15383       0.15831  -0.00448    -2.83033  -0.00805  -0.00100 -2.403340e+00      True
    bar1030        ridge       2000              2000    10:30 deck period  1116 2020-01-03           0.15102       0.15454  -0.00352    -2.27871  -0.00823   0.00080 -1.515460e+00     False
    bar1100     reclasso        500               500 all bars      common  3119 2012-03-23           0.12415      20.44283 -20.31868   -99.39268 -20.36988 -20.26472 -7.810833e+02      True
    bar1100     reclasso        500               500 all bars deck period  1116 2020-01-03           0.13862      20.47271 -20.33409   -99.32290 -20.43834 -20.23937 -4.481803e+02      True
    bar1100     reclasso        500               500    11:00      common  3119 2012-03-23           0.12415      20.44283 -20.31868   -99.39268 -20.36988 -20.26472 -7.810833e+02      True
    bar1100     reclasso        500               500    11:00 deck period  1116 2020-01-03           0.13862      20.47271 -20.33409   -99.32290 -20.43834 -20.23937 -4.481803e+02      True
    bar1100     reclasso       2000               500 all bars      common  1619 2018-01-19           0.13534      20.47269 -20.33734   -99.33891 -20.41962 -20.25772 -5.278786e+02      True
    bar1100     reclasso       2000               500 all bars deck period  1116 2020-01-03           0.14360      20.47271 -20.32912   -99.29860 -20.43234 -20.23297 -4.502113e+02      True
    bar1100     reclasso       2000               500    11:00      common  1619 2018-01-19           0.13534      20.47269 -20.33734   -99.33891 -20.41962 -20.25772 -5.278786e+02      True
    bar1100     reclasso       2000               500    11:00 deck period  1116 2020-01-03           0.14360      20.47271 -20.32912   -99.29860 -20.43234 -20.23297 -4.502113e+02      True
    bar1100     reclasso       2000              2000 all bars      common  1619 2018-01-19           0.13534       0.14036  -0.00502    -3.57770  -0.00885  -0.00126 -2.479700e+00      True
    bar1100     reclasso       2000              2000 all bars deck period  1116 2020-01-03           0.14360       0.15016  -0.00656    -4.36970  -0.01130  -0.00180 -2.447040e+00      True
    bar1100     reclasso       2000              2000    11:00      common  1619 2018-01-19           0.13534       0.14036  -0.00502    -3.57770  -0.00885  -0.00126 -2.479700e+00      True
    bar1100     reclasso       2000              2000    11:00 deck period  1116 2020-01-03           0.14360       0.15016  -0.00656    -4.36970  -0.01130  -0.00180 -2.447040e+00      True
    bar1100 reclasticnet        500               500 all bars      common  3119 2012-03-23           0.12336       0.12824  -0.00488    -3.80638  -0.00745  -0.00228 -3.524510e+00      True
    bar1100 reclasticnet        500               500 all bars deck period  1116 2020-01-03           0.13912       0.14185  -0.00273    -1.92743  -0.00814   0.00270 -1.015120e+00     False
    bar1100 reclasticnet        500               500    11:00      common  3119 2012-03-23           0.12336       0.12824  -0.00488    -3.80638  -0.00745  -0.00228 -3.524510e+00      True
    bar1100 reclasticnet        500               500    11:00 deck period  1116 2020-01-03           0.13912       0.14185  -0.00273    -1.92743  -0.00814   0.00270 -1.015120e+00     False
    bar1100 reclasticnet       2000               500 all bars      common  1619 2018-01-19           0.13559       0.13530   0.00028     0.20952  -0.00423   0.00503  1.322500e-01     False
    bar1100 reclasticnet       2000               500 all bars deck period  1116 2020-01-03           0.14360       0.14185   0.00174     1.22682  -0.00317   0.00698  7.789100e-01     False
    bar1100 reclasticnet       2000               500    11:00      common  1619 2018-01-19           0.13559       0.13530   0.00028     0.20952  -0.00423   0.00503  1.322500e-01     False
    bar1100 reclasticnet       2000               500    11:00 deck period  1116 2020-01-03           0.14360       0.14185   0.00174     1.22682  -0.00317   0.00698  7.789100e-01     False
    bar1100 reclasticnet       2000              2000 all bars      common  1619 2018-01-19           0.13559       0.13970  -0.00412    -2.94699  -0.00749  -0.00066 -2.621150e+00      True
    bar1100 reclasticnet       2000              2000 all bars deck period  1116 2020-01-03           0.14360       0.14949  -0.00589    -3.94272  -0.00953  -0.00238 -3.355010e+00      True
    bar1100 reclasticnet       2000              2000    11:00      common  1619 2018-01-19           0.13559       0.13970  -0.00412    -2.94699  -0.00749  -0.00066 -2.621150e+00      True
    bar1100 reclasticnet       2000              2000    11:00 deck period  1116 2020-01-03           0.14360       0.14949  -0.00589    -3.94272  -0.00953  -0.00238 -3.355010e+00      True
    bar1100        ridge        500               500 all bars      common  3119 2012-03-23           0.12514       0.12811  -0.00296    -2.31280  -0.00563  -0.00034 -2.122330e+00      True
    bar1100        ridge        500               500 all bars deck period  1116 2020-01-03           0.14172       0.14147   0.00025     0.17527  -0.00470   0.00491  9.962000e-02     False
    bar1100        ridge        500               500    11:00      common  3119 2012-03-23           0.12514       0.12811  -0.00296    -2.31280  -0.00563  -0.00034 -2.122330e+00      True
    bar1100        ridge        500               500    11:00 deck period  1116 2020-01-03           0.14172       0.14147   0.00025     0.17527  -0.00470   0.00491  9.962000e-02     False
    bar1100        ridge       2000               500 all bars      common  1619 2018-01-19           0.13569       0.13492   0.00077     0.56891  -0.00358   0.00536  3.594100e-01     False
    bar1100        ridge       2000               500 all bars deck period  1116 2020-01-03           0.14380       0.14147   0.00233     1.64363  -0.00310   0.00796  9.386200e-01     False
    bar1100        ridge       2000               500    11:00      common  1619 2018-01-19           0.13569       0.13492   0.00077     0.56891  -0.00358   0.00536  3.594100e-01     False
    bar1100        ridge       2000               500    11:00 deck period  1116 2020-01-03           0.14380       0.14147   0.00233     1.64363  -0.00310   0.00796  9.386200e-01     False
    bar1100        ridge       2000              2000 all bars      common  1619 2018-01-19           0.13569       0.13915  -0.00346    -2.48479  -0.00693  -0.00019 -2.167130e+00      True
    bar1100        ridge       2000              2000 all bars deck period  1116 2020-01-03           0.14380       0.14878  -0.00499    -3.35058  -0.00922  -0.00093 -2.502380e+00      True
    bar1100        ridge       2000              2000    11:00      common  1619 2018-01-19           0.13569       0.13915  -0.00346    -2.48479  -0.00693  -0.00019 -2.167130e+00      True
    bar1100        ridge       2000              2000    11:00 deck period  1116 2020-01-03           0.14380       0.14878  -0.00499    -3.35058  -0.00922  -0.00093 -2.502380e+00      True
    bar1130     reclasso        500               500 all bars      common  3121 2012-03-21           0.13229      20.45891 -20.32662   -99.35336 -20.38028 -20.27156 -7.456029e+02      True
    bar1130     reclasso        500               500 all bars deck period  1116 2020-01-03           0.13507      20.49679 -20.36171   -99.34101 -20.46492 -20.26641 -4.419994e+02      True
    bar1130     reclasso        500               500    11:30      common  3121 2012-03-21           0.13229      20.45891 -20.32662   -99.35336 -20.38028 -20.27156 -7.456029e+02      True
    bar1130     reclasso        500               500    11:30 deck period  1116 2020-01-03           0.13507      20.49679 -20.36171   -99.34101 -20.46492 -20.26641 -4.419994e+02      True
    bar1130     reclasso       2000               500 all bars      common  1621 2018-01-17           0.12936      20.48756 -20.35820   -99.36858 -20.44340 -20.27369 -5.137785e+02      True
    bar1130     reclasso       2000               500 all bars deck period  1116 2020-01-03           0.13506      20.49679 -20.36173   -99.34108 -20.46586 -20.26660 -4.457630e+02      True
    bar1130     reclasso       2000               500    11:30      common  1621 2018-01-17           0.12936      20.48756 -20.35820   -99.36858 -20.44340 -20.27369 -5.137785e+02      True
    bar1130     reclasso       2000               500    11:30 deck period  1116 2020-01-03           0.13506      20.49679 -20.36173   -99.34108 -20.46586 -20.26660 -4.457630e+02      True
    bar1130     reclasso       2000              2000 all bars      common  1621 2018-01-17           0.12936       0.13910  -0.00974    -6.99925  -0.01431  -0.00526 -4.751920e+00      True
    bar1130     reclasso       2000              2000 all bars deck period  1116 2020-01-03           0.13506       0.14825  -0.01319    -8.89987  -0.01835  -0.00799 -5.293480e+00      True
    bar1130     reclasso       2000              2000    11:30      common  1621 2018-01-17           0.12936       0.13910  -0.00974    -6.99925  -0.01431  -0.00526 -4.751920e+00      True
    bar1130     reclasso       2000              2000    11:30 deck period  1116 2020-01-03           0.13506       0.14825  -0.01319    -8.89987  -0.01835  -0.00799 -5.293480e+00      True
    bar1130 reclasticnet        500               500 all bars      common  3121 2012-03-21           0.13060       0.13142  -0.00082    -0.62152  -0.00594   0.00524 -3.078900e-01     False
    bar1130 reclasticnet        500               500 all bars deck period  1116 2020-01-03           0.13377       0.13684  -0.00307    -2.24616  -0.00812   0.00201 -1.219490e+00     False
    bar1130 reclasticnet        500               500    11:30      common  3121 2012-03-21           0.13060       0.13142  -0.00082    -0.62152  -0.00594   0.00524 -3.078900e-01     False
    bar1130 reclasticnet        500               500    11:30 deck period  1116 2020-01-03           0.13377       0.13684  -0.00307    -2.24616  -0.00812   0.00201 -1.219490e+00     False
    bar1130 reclasticnet       2000               500 all bars      common  1621 2018-01-17           0.12950       0.13277  -0.00328    -2.46936  -0.00864   0.00186 -1.409130e+00     False
    bar1130 reclasticnet       2000               500 all bars deck period  1116 2020-01-03           0.13586       0.13684  -0.00098    -0.71384  -0.00770   0.00588 -3.371900e-01     False
    bar1130 reclasticnet       2000               500    11:30      common  1621 2018-01-17           0.12950       0.13277  -0.00328    -2.46936  -0.00864   0.00186 -1.409130e+00     False
    bar1130 reclasticnet       2000               500    11:30 deck period  1116 2020-01-03           0.13586       0.13684  -0.00098    -0.71384  -0.00770   0.00588 -3.371900e-01     False
    bar1130 reclasticnet       2000              2000 all bars      common  1621 2018-01-17           0.12950       0.13854  -0.00904    -6.52604  -0.01355  -0.00462 -4.552410e+00      True
    bar1130 reclasticnet       2000              2000 all bars deck period  1116 2020-01-03           0.13586       0.14753  -0.01167    -7.90887  -0.01714  -0.00630 -4.663730e+00      True
    bar1130 reclasticnet       2000              2000    11:30      common  1621 2018-01-17           0.12950       0.13854  -0.00904    -6.52604  -0.01355  -0.00462 -4.552410e+00      True
    bar1130 reclasticnet       2000              2000    11:30 deck period  1116 2020-01-03           0.13586       0.14753  -0.01167    -7.90887  -0.01714  -0.00630 -4.663730e+00      True
    bar1130        ridge        500               500 all bars      common  3121 2012-03-21           0.13211       0.13125   0.00085     0.64937  -0.00471   0.00688  3.147600e-01     False
    bar1130        ridge        500               500 all bars deck period  1116 2020-01-03           0.13519       0.13679  -0.00161    -1.17440  -0.00581   0.00272 -6.970300e-01     False
    bar1130        ridge        500               500    11:30      common  3121 2012-03-21           0.13211       0.13125   0.00085     0.64937  -0.00471   0.00688  3.147600e-01     False
    bar1130        ridge        500               500    11:30 deck period  1116 2020-01-03           0.13519       0.13679  -0.00161    -1.17440  -0.00581   0.00272 -6.970300e-01     False
    bar1130        ridge       2000               500 all bars      common  1621 2018-01-17           0.13109       0.13270  -0.00161    -1.21206  -0.00665   0.00353 -7.022700e-01     False
    bar1130        ridge       2000               500 all bars deck period  1116 2020-01-03           0.13725       0.13679   0.00045     0.33247  -0.00579   0.00683  1.654100e-01     False
    bar1130        ridge       2000               500    11:30      common  1621 2018-01-17           0.13109       0.13270  -0.00161    -1.21206  -0.00665   0.00353 -7.022700e-01     False
    bar1130        ridge       2000               500    11:30 deck period  1116 2020-01-03           0.13725       0.13679   0.00045     0.33247  -0.00579   0.00683  1.654100e-01     False
    bar1130        ridge       2000              2000 all bars      common  1621 2018-01-17           0.13109       0.13784  -0.00676    -4.90148  -0.01114  -0.00236 -3.382710e+00      True
    bar1130        ridge       2000              2000 all bars deck period  1116 2020-01-03           0.13725       0.14670  -0.00946    -6.44573  -0.01477  -0.00431 -3.999140e+00      True
    bar1130        ridge       2000              2000    11:30      common  1621 2018-01-17           0.13109       0.13784  -0.00676    -4.90148  -0.01114  -0.00236 -3.382710e+00      True
    bar1130        ridge       2000              2000    11:30 deck period  1116 2020-01-03           0.13725       0.14670  -0.00946    -6.44573  -0.01477  -0.00431 -3.999140e+00      True
    bar1200     reclasso        500               500 all bars      common  3060 2012-05-31           0.13397      20.48096 -20.34699   -99.34588 -20.40107 -20.29182 -7.419711e+02      True
    bar1200     reclasso        500               500 all bars deck period  1116 2020-01-03           0.12805      20.49485 -20.36680   -99.37521 -20.46565 -20.27027 -4.468894e+02      True
    bar1200     reclasso        500               500    12:00      common  3060 2012-05-31           0.13397      20.48096 -20.34699   -99.34588 -20.40107 -20.29182 -7.419711e+02      True
    bar1200     reclasso        500               500    12:00 deck period  1116 2020-01-03           0.12805      20.49485 -20.36680   -99.37521 -20.46565 -20.27027 -4.468894e+02      True
    bar1200     reclasso       2000               500 all bars      common  1560 2018-04-13           0.14851      20.51986 -20.37136   -99.27628 -20.44918 -20.29288 -5.113006e+02      True
    bar1200     reclasso       2000               500 all bars deck period  1116 2020-01-03           0.13162      20.49485 -20.36323   -99.35780 -20.46029 -20.26832 -4.536218e+02      True
    bar1200     reclasso       2000               500    12:00      common  1560 2018-04-13           0.14851      20.51986 -20.37136   -99.27628 -20.44918 -20.29288 -5.113006e+02      True
    bar1200     reclasso       2000               500    12:00 deck period  1116 2020-01-03           0.13162      20.49485 -20.36323   -99.35780 -20.46029 -20.26832 -4.536218e+02      True
    bar1200     reclasso       2000              2000 all bars      common  1560 2018-04-13           0.14851       0.15917  -0.01066    -6.69971  -0.01392  -0.00749 -6.008140e+00      True
    bar1200     reclasso       2000              2000 all bars deck period  1116 2020-01-03           0.13162       0.14360  -0.01198    -8.34388  -0.01530  -0.00843 -6.412410e+00      True
    bar1200     reclasso       2000              2000    12:00      common  1560 2018-04-13           0.14851       0.15917  -0.01066    -6.69971  -0.01392  -0.00749 -6.008140e+00      True
    bar1200     reclasso       2000              2000    12:00 deck period  1116 2020-01-03           0.13162       0.14360  -0.01198    -8.34388  -0.01530  -0.00843 -6.412410e+00      True
    bar1200 reclasticnet        500               500 all bars      common  3060 2012-05-31           0.13389       0.13845  -0.00456    -3.29455  -0.00765  -0.00178 -3.039740e+00      True
    bar1200 reclasticnet        500               500 all bars deck period  1116 2020-01-03           0.12699       0.13232  -0.00534    -4.03381  -0.01022  -0.00039 -2.079980e+00      True
    bar1200 reclasticnet        500               500    12:00      common  3060 2012-05-31           0.13389       0.13845  -0.00456    -3.29455  -0.00765  -0.00178 -3.039740e+00      True
    bar1200 reclasticnet        500               500    12:00 deck period  1116 2020-01-03           0.12699       0.13232  -0.00534    -4.03381  -0.01022  -0.00039 -2.079980e+00      True
    bar1200 reclasticnet       2000               500 all bars      common  1560 2018-04-13           0.14791       0.15156  -0.00365    -2.41077  -0.00752   0.00024 -1.780630e+00     False
    bar1200 reclasticnet       2000               500 all bars deck period  1116 2020-01-03           0.13073       0.13232  -0.00160    -1.20872  -0.00588   0.00286 -8.030300e-01     False
    bar1200 reclasticnet       2000               500    12:00      common  1560 2018-04-13           0.14791       0.15156  -0.00365    -2.41077  -0.00752   0.00024 -1.780630e+00     False
    bar1200 reclasticnet       2000               500    12:00 deck period  1116 2020-01-03           0.13073       0.13232  -0.00160    -1.20872  -0.00588   0.00286 -8.030300e-01     False
    bar1200 reclasticnet       2000              2000 all bars      common  1560 2018-04-13           0.14791       0.15873  -0.01082    -6.81785  -0.01410  -0.00748 -6.011920e+00      True
    bar1200 reclasticnet       2000              2000 all bars deck period  1116 2020-01-03           0.13073       0.14295  -0.01222    -8.55139  -0.01558  -0.00858 -6.550420e+00      True
    bar1200 reclasticnet       2000              2000    12:00      common  1560 2018-04-13           0.14791       0.15873  -0.01082    -6.81785  -0.01410  -0.00748 -6.011920e+00      True
    bar1200 reclasticnet       2000              2000    12:00 deck period  1116 2020-01-03           0.13073       0.14295  -0.01222    -8.55139  -0.01558  -0.00858 -6.550420e+00      True
    bar1200        ridge        500               500 all bars      common  3060 2012-05-31           0.13783       0.13828  -0.00045    -0.32291  -0.00318   0.00208 -3.338600e-01     False
    bar1200        ridge        500               500 all bars deck period  1116 2020-01-03           0.13244       0.13289  -0.00045    -0.33665  -0.00498   0.00435 -2.004300e-01     False
    bar1200        ridge        500               500    12:00      common  3060 2012-05-31           0.13783       0.13828  -0.00045    -0.32291  -0.00318   0.00208 -3.338600e-01     False
    bar1200        ridge        500               500    12:00 deck period  1116 2020-01-03           0.13244       0.13289  -0.00045    -0.33665  -0.00498   0.00435 -2.004300e-01     False
    bar1200        ridge       2000               500 all bars      common  1560 2018-04-13           0.15421       0.15151   0.00269     1.77676  -0.00159   0.00711  1.231680e+00     False
    bar1200        ridge       2000               500 all bars deck period  1116 2020-01-03           0.13934       0.13289   0.00645     4.85461   0.00173   0.01167  2.916610e+00     False
    bar1200        ridge       2000               500    12:00      common  1560 2018-04-13           0.15421       0.15151   0.00269     1.77676  -0.00159   0.00711  1.231680e+00     False
    bar1200        ridge       2000               500    12:00 deck period  1116 2020-01-03           0.13934       0.13289   0.00645     4.85461   0.00173   0.01167  2.916610e+00     False
    bar1200        ridge       2000              2000 all bars      common  1560 2018-04-13           0.15421       0.15802  -0.00381    -2.41388  -0.00760   0.00027 -2.035490e+00     False
    bar1200        ridge       2000              2000 all bars deck period  1116 2020-01-03           0.13934       0.14227  -0.00293    -2.05826  -0.00763   0.00224 -1.361130e+00     False
    bar1200        ridge       2000              2000    12:00      common  1560 2018-04-13           0.15421       0.15802  -0.00381    -2.41388  -0.00760   0.00027 -2.035490e+00     False
    bar1200        ridge       2000              2000    12:00 deck period  1116 2020-01-03           0.13934       0.14227  -0.00293    -2.05826  -0.00763   0.00224 -1.361130e+00     False
    bar1230     reclasso        500               500 all bars      common  3060 2012-05-31           0.13807      20.49395 -20.35588   -99.32627 -20.41266 -20.29728 -7.101178e+02      True
    bar1230     reclasso        500               500 all bars deck period  1116 2020-01-03           0.14057      20.51231 -20.37174   -99.31472 -20.48391 -20.26542 -4.219958e+02      True
    bar1230     reclasso        500               500    12:30      common  3060 2012-05-31           0.13807      20.49395 -20.35588   -99.32627 -20.41266 -20.29728 -7.101178e+02      True
    bar1230     reclasso        500               500    12:30 deck period  1116 2020-01-03           0.14057      20.51231 -20.37174   -99.31472 -20.48391 -20.26542 -4.219958e+02      True
    bar1230     reclasso       2000               500 all bars      common  1560 2018-04-13           0.15180      20.53410 -20.38230   -99.26072 -20.46520 -20.29697 -4.905092e+02      True
    bar1230     reclasso       2000               500 all bars deck period  1116 2020-01-03           0.14966      20.51231 -20.36264   -99.27037 -20.47413 -20.25809 -4.299269e+02      True
    bar1230     reclasso       2000               500    12:30      common  1560 2018-04-13           0.15180      20.53410 -20.38230   -99.26072 -20.46520 -20.29697 -4.905092e+02      True
    bar1230     reclasso       2000               500    12:30 deck period  1116 2020-01-03           0.14966      20.51231 -20.36264   -99.27037 -20.47413 -20.25809 -4.299269e+02      True
    bar1230     reclasso       2000              2000 all bars      common  1560 2018-04-13           0.15180       0.16426  -0.01245    -7.58178  -0.01727  -0.00802 -5.273920e+00      True
    bar1230     reclasso       2000              2000 all bars deck period  1116 2020-01-03           0.14966       0.15933  -0.00967    -6.06684  -0.01371  -0.00573 -4.886620e+00      True
    bar1230     reclasso       2000              2000    12:30      common  1560 2018-04-13           0.15180       0.16426  -0.01245    -7.58178  -0.01727  -0.00802 -5.273920e+00      True
    bar1230     reclasso       2000              2000    12:30 deck period  1116 2020-01-03           0.14966       0.15933  -0.00967    -6.06684  -0.01371  -0.00573 -4.886620e+00      True
    bar1230 reclasticnet        500               500 all bars      common  3060 2012-05-31           0.13630       0.14433  -0.00804    -5.56776  -0.01095  -0.00519 -5.526800e+00      True
    bar1230 reclasticnet        500               500 all bars deck period  1116 2020-01-03           0.14027       0.14661  -0.00634    -4.32568  -0.01089  -0.00213 -2.725040e+00      True
    bar1230 reclasticnet        500               500    12:30      common  3060 2012-05-31           0.13630       0.14433  -0.00804    -5.56776  -0.01095  -0.00519 -5.526800e+00      True
    bar1230 reclasticnet        500               500    12:30 deck period  1116 2020-01-03           0.14027       0.14661  -0.00634    -4.32568  -0.01089  -0.00213 -2.725040e+00      True
    bar1230 reclasticnet       2000               500 all bars      common  1560 2018-04-13           0.15333       0.15496  -0.00163    -1.04880  -0.00669   0.00384 -7.179400e-01     False
    bar1230 reclasticnet       2000               500 all bars deck period  1116 2020-01-03           0.15032       0.14661   0.00371     2.53054  -0.00188   0.00985  1.534300e+00     False
    bar1230 reclasticnet       2000               500    12:30      common  1560 2018-04-13           0.15333       0.15496  -0.00163    -1.04880  -0.00669   0.00384 -7.179400e-01     False
    bar1230 reclasticnet       2000               500    12:30 deck period  1116 2020-01-03           0.15032       0.14661   0.00371     2.53054  -0.00188   0.00985  1.534300e+00     False
    bar1230 reclasticnet       2000              2000 all bars      common  1560 2018-04-13           0.15333       0.16363  -0.01030    -6.29446  -0.01432  -0.00689 -5.051100e+00      True
    bar1230 reclasticnet       2000              2000 all bars deck period  1116 2020-01-03           0.15032       0.15868  -0.00836    -5.26771  -0.01166  -0.00527 -4.829140e+00      True
    bar1230 reclasticnet       2000              2000    12:30      common  1560 2018-04-13           0.15333       0.16363  -0.01030    -6.29446  -0.01432  -0.00689 -5.051100e+00      True
    bar1230 reclasticnet       2000              2000    12:30 deck period  1116 2020-01-03           0.15032       0.15868  -0.00836    -5.26771  -0.01166  -0.00527 -4.829140e+00      True
    bar1230        ridge        500               500 all bars      common  3060 2012-05-31           0.14189       0.14386  -0.00197    -1.36923  -0.00531   0.00133 -1.247730e+00     False
    bar1230        ridge        500               500 all bars deck period  1116 2020-01-03           0.14606       0.14628  -0.00022    -0.14764  -0.00452   0.00401 -9.789000e-02     False
    bar1230        ridge        500               500    12:30      common  3060 2012-05-31           0.14189       0.14386  -0.00197    -1.36923  -0.00531   0.00133 -1.247730e+00     False
    bar1230        ridge        500               500    12:30 deck period  1116 2020-01-03           0.14606       0.14628  -0.00022    -0.14764  -0.00452   0.00401 -9.789000e-02     False
    bar1230        ridge       2000               500 all bars      common  1560 2018-04-13           0.15568       0.15466   0.00102     0.66148  -0.00519   0.00784  3.895600e-01     False
    bar1230        ridge       2000               500 all bars deck period  1116 2020-01-03           0.15509       0.14628   0.00882     6.02647   0.00258   0.01603  3.124700e+00     False
    bar1230        ridge       2000               500    12:30      common  1560 2018-04-13           0.15568       0.15466   0.00102     0.66148  -0.00519   0.00784  3.895600e-01     False
    bar1230        ridge       2000               500    12:30 deck period  1116 2020-01-03           0.15509       0.14628   0.00882     6.02647   0.00258   0.01603  3.124700e+00     False
    bar1230        ridge       2000              2000 all bars      common  1560 2018-04-13           0.15568       0.16260  -0.00692    -4.25583  -0.01174  -0.00215 -3.045790e+00      True
    bar1230        ridge       2000              2000 all bars deck period  1116 2020-01-03           0.15509       0.15721  -0.00212    -1.34867  -0.00637   0.00209 -1.027330e+00     False
    bar1230        ridge       2000              2000    12:30      common  1560 2018-04-13           0.15568       0.16260  -0.00692    -4.25583  -0.01174  -0.00215 -3.045790e+00      True
    bar1230        ridge       2000              2000    12:30 deck period  1116 2020-01-03           0.15509       0.15721  -0.00212    -1.34867  -0.00637   0.00209 -1.027330e+00     False
    bar1300     reclasso        500               500 all bars      common  3060 2012-05-31           0.15974      20.50940 -20.34965   -99.22113 -20.40496 -20.29089 -7.008995e+02      True
    bar1300     reclasso        500               500 all bars deck period  1116 2020-01-03           0.16131      20.52744 -20.36612   -99.21416 -20.47815 -20.26270 -3.976200e+02      True
    bar1300     reclasso        500               500    13:00      common  3060 2012-05-31           0.15974      20.50940 -20.34965   -99.22113 -20.40496 -20.29089 -7.008995e+02      True
    bar1300     reclasso        500               500    13:00 deck period  1116 2020-01-03           0.16131      20.52744 -20.36612   -99.21416 -20.47815 -20.26270 -3.976200e+02      True
    bar1300     reclasso       2000               500 all bars      common  1560 2018-04-13           0.17678      20.55843 -20.38165   -99.14012 -20.46888 -20.28967 -4.674322e+02      True
    bar1300     reclasso       2000               500 all bars deck period  1116 2020-01-03           0.16728      20.52744 -20.36015   -99.18507 -20.46725 -20.25982 -4.099329e+02      True
    bar1300     reclasso       2000               500    13:00      common  1560 2018-04-13           0.17678      20.55843 -20.38165   -99.14012 -20.46888 -20.28967 -4.674322e+02      True
    bar1300     reclasso       2000               500    13:00 deck period  1116 2020-01-03           0.16728      20.52744 -20.36015   -99.18507 -20.46725 -20.25982 -4.099329e+02      True
    bar1300     reclasso       2000              2000 all bars      common  1560 2018-04-13           0.17678       0.18521  -0.00843    -4.55285  -0.01209  -0.00446 -3.858420e+00      True
    bar1300     reclasso       2000              2000 all bars deck period  1116 2020-01-03           0.16728       0.17537  -0.00808    -4.61000  -0.01211  -0.00375 -3.507800e+00      True
    bar1300     reclasso       2000              2000    13:00      common  1560 2018-04-13           0.17678       0.18521  -0.00843    -4.55285  -0.01209  -0.00446 -3.858420e+00      True
    bar1300     reclasso       2000              2000    13:00 deck period  1116 2020-01-03           0.16728       0.17537  -0.00808    -4.61000  -0.01211  -0.00375 -3.507800e+00      True
    bar1300 reclasticnet        500               500 all bars      common  3060 2012-05-31           0.15955       0.16219  -0.00263    -1.62462  -0.00627   0.00110 -1.444880e+00     False
    bar1300 reclasticnet        500               500 all bars deck period  1116 2020-01-03           0.16267       0.16816  -0.00549    -3.26340  -0.01260   0.00175 -1.775710e+00     False
    bar1300 reclasticnet        500               500    13:00      common  3060 2012-05-31           0.15955       0.16219  -0.00263    -1.62462  -0.00627   0.00110 -1.444880e+00     False
    bar1300 reclasticnet        500               500    13:00 deck period  1116 2020-01-03           0.16267       0.16816  -0.00549    -3.26340  -0.01260   0.00175 -1.775710e+00     False
    bar1300 reclasticnet       2000               500 all bars      common  1560 2018-04-13           0.17713       0.18058  -0.00345    -1.91007  -0.00849   0.00138 -1.376200e+00     False
    bar1300 reclasticnet       2000               500 all bars deck period  1116 2020-01-03           0.16748       0.16816  -0.00068    -0.40422  -0.00639   0.00484 -2.603800e-01     False
    bar1300 reclasticnet       2000               500    13:00      common  1560 2018-04-13           0.17713       0.18058  -0.00345    -1.91007  -0.00849   0.00138 -1.376200e+00     False
    bar1300 reclasticnet       2000               500    13:00 deck period  1116 2020-01-03           0.16748       0.16816  -0.00068    -0.40422  -0.00639   0.00484 -2.603800e-01     False
    bar1300 reclasticnet       2000              2000 all bars      common  1560 2018-04-13           0.17713       0.18465  -0.00752    -4.07080  -0.01102  -0.00358 -3.473040e+00      True
    bar1300 reclasticnet       2000              2000 all bars deck period  1116 2020-01-03           0.16748       0.17485  -0.00738    -4.21810  -0.01164  -0.00275 -3.194960e+00      True
    bar1300 reclasticnet       2000              2000    13:00      common  1560 2018-04-13           0.17713       0.18465  -0.00752    -4.07080  -0.01102  -0.00358 -3.473040e+00      True
    bar1300 reclasticnet       2000              2000    13:00 deck period  1116 2020-01-03           0.16748       0.17485  -0.00738    -4.21810  -0.01164  -0.00275 -3.194960e+00      True
    bar1300        ridge        500               500 all bars      common  3060 2012-05-31           0.16378       0.16142   0.00236     1.46343  -0.00164   0.00650  1.059670e+00     False
    bar1300        ridge        500               500 all bars deck period  1116 2020-01-03           0.16843       0.16694   0.00149     0.89162  -0.00517   0.00807  4.377500e-01     False
    bar1300        ridge        500               500    13:00      common  3060 2012-05-31           0.16378       0.16142   0.00236     1.46343  -0.00164   0.00650  1.059670e+00     False
    bar1300        ridge        500               500    13:00 deck period  1116 2020-01-03           0.16843       0.16694   0.00149     0.89162  -0.00517   0.00807  4.377500e-01     False
    bar1300        ridge       2000               500 all bars      common  1560 2018-04-13           0.17999       0.17973   0.00026     0.14342  -0.00542   0.00601  9.710000e-02     False
    bar1300        ridge       2000               500 all bars deck period  1116 2020-01-03           0.17150       0.16694   0.00456     2.73209  -0.00183   0.01114  1.698440e+00     False
    bar1300        ridge       2000               500    13:00      common  1560 2018-04-13           0.17999       0.17973   0.00026     0.14342  -0.00542   0.00601  9.710000e-02     False
    bar1300        ridge       2000               500    13:00 deck period  1116 2020-01-03           0.17150       0.16694   0.00456     2.73209  -0.00183   0.01114  1.698440e+00     False
    bar1300        ridge       2000              2000 all bars      common  1560 2018-04-13           0.17999       0.18292  -0.00293    -1.60123  -0.00730   0.00176 -1.201670e+00     False
    bar1300        ridge       2000              2000 all bars deck period  1116 2020-01-03           0.17150       0.17267  -0.00117    -0.67726  -0.00661   0.00476 -4.280900e-01     False
    bar1300        ridge       2000              2000    13:00      common  1560 2018-04-13           0.17999       0.18292  -0.00293    -1.60123  -0.00730   0.00176 -1.201670e+00     False
    bar1300        ridge       2000              2000    13:00 deck period  1116 2020-01-03           0.17150       0.17267  -0.00117    -0.67726  -0.00661   0.00476 -4.280900e-01     False
    bar1330     reclasso        500               500 all bars      common  2999 2012-05-31           0.16409      20.52288 -20.35879   -99.20045 -20.42564 -20.29377 -6.574272e+02      True
    bar1330     reclasso        500               500 all bars deck period  1088 2020-01-03           0.17235      20.50684 -20.33449   -99.15955 -20.45224 -20.21314 -3.886299e+02      True
    bar1330     reclasso        500               500    13:30      common  2999 2012-05-31           0.16409      20.52288 -20.35879   -99.20045 -20.42564 -20.29377 -6.574272e+02      True
    bar1330     reclasso        500               500    13:30 deck period  1088 2020-01-03           0.17235      20.50684 -20.33449   -99.15955 -20.45224 -20.21314 -3.886299e+02      True
    bar1330     reclasso       2000               500 all bars      common  1499 2018-05-17           0.17347      20.55719 -20.38373   -99.15618 -20.48780 -20.28210 -4.473895e+02      True
    bar1330     reclasso       2000               500 all bars deck period  1088 2020-01-03           0.17109      20.50684 -20.33574   -99.16568 -20.44998 -20.21587 -3.983124e+02      True
    bar1330     reclasso       2000               500    13:30      common  1499 2018-05-17           0.17347      20.55719 -20.38373   -99.15618 -20.48780 -20.28210 -4.473895e+02      True
    bar1330     reclasso       2000               500    13:30 deck period  1088 2020-01-03           0.17109      20.50684 -20.33574   -99.16568 -20.44998 -20.21587 -3.983124e+02      True
    bar1330     reclasso       2000              2000 all bars      common  1499 2018-05-17           0.17347       0.18578  -0.01231    -6.62715  -0.01951  -0.00591 -4.310230e+00      True
    bar1330     reclasso       2000              2000 all bars deck period  1088 2020-01-03           0.17109       0.17809  -0.00700    -3.93008  -0.01517   0.00020 -2.256220e+00     False
    bar1330     reclasso       2000              2000    13:30      common  1499 2018-05-17           0.17347       0.18578  -0.01231    -6.62715  -0.01951  -0.00591 -4.310230e+00      True
    bar1330     reclasso       2000              2000    13:30 deck period  1088 2020-01-03           0.17109       0.17809  -0.00700    -3.93008  -0.01517   0.00020 -2.256220e+00     False
    bar1330 reclasticnet        500               500 all bars      common  2999 2012-05-31           0.16535       0.16922  -0.00387    -2.28717  -0.00828   0.00065 -1.742390e+00     False
    bar1330 reclasticnet        500               500 all bars deck period  1088 2020-01-03           0.17128       0.17211  -0.00083    -0.48335  -0.00841   0.00621 -2.296900e-01     False
    bar1330 reclasticnet        500               500    13:30      common  2999 2012-05-31           0.16535       0.16922  -0.00387    -2.28717  -0.00828   0.00065 -1.742390e+00     False
    bar1330 reclasticnet        500               500    13:30 deck period  1088 2020-01-03           0.17128       0.17211  -0.00083    -0.48335  -0.00841   0.00621 -2.296900e-01     False
    bar1330 reclasticnet       2000               500 all bars      common  1499 2018-05-17           0.17484       0.18137  -0.00653    -3.60249  -0.01282  -0.00037 -2.324760e+00      True
    bar1330 reclasticnet       2000               500 all bars deck period  1088 2020-01-03           0.17086       0.17211  -0.00125    -0.72456  -0.00686   0.00468 -4.810100e-01     False
    bar1330 reclasticnet       2000               500    13:30      common  1499 2018-05-17           0.17484       0.18137  -0.00653    -3.60249  -0.01282  -0.00037 -2.324760e+00      True
    bar1330 reclasticnet       2000               500    13:30 deck period  1088 2020-01-03           0.17086       0.17211  -0.00125    -0.72456  -0.00686   0.00468 -4.810100e-01     False
    bar1330 reclasticnet       2000              2000 all bars      common  1499 2018-05-17           0.17484       0.18526  -0.01042    -5.62655  -0.01641  -0.00481 -4.052360e+00      True
    bar1330 reclasticnet       2000              2000 all bars deck period  1088 2020-01-03           0.17086       0.17775  -0.00689    -3.87799  -0.01403  -0.00029 -2.395120e+00      True
    bar1330 reclasticnet       2000              2000    13:30      common  1499 2018-05-17           0.17484       0.18526  -0.01042    -5.62655  -0.01641  -0.00481 -4.052360e+00      True
    bar1330 reclasticnet       2000              2000    13:30 deck period  1088 2020-01-03           0.17086       0.17775  -0.00689    -3.87799  -0.01403  -0.00029 -2.395120e+00      True
    bar1330        ridge        500               500 all bars      common  2999 2012-05-31           0.16545       0.16912  -0.00367    -2.16889  -0.00778   0.00030 -1.811420e+00     False
    bar1330        ridge        500               500 all bars deck period  1088 2020-01-03           0.16934       0.17171  -0.00237    -1.37842  -0.00941   0.00441 -7.171700e-01     False
    bar1330        ridge        500               500    13:30      common  2999 2012-05-31           0.16545       0.16912  -0.00367    -2.16889  -0.00778   0.00030 -1.811420e+00     False
    bar1330        ridge        500               500    13:30 deck period  1088 2020-01-03           0.16934       0.17171  -0.00237    -1.37842  -0.00941   0.00441 -7.171700e-01     False
    bar1330        ridge       2000               500 all bars      common  1499 2018-05-17           0.17214       0.18114  -0.00900    -4.96849  -0.01597  -0.00281 -3.084110e+00      True
    bar1330        ridge       2000               500 all bars deck period  1088 2020-01-03           0.16876       0.17171  -0.00295    -1.71875  -0.00929   0.00361 -1.037780e+00     False
    bar1330        ridge       2000               500    13:30      common  1499 2018-05-17           0.17214       0.18114  -0.00900    -4.96849  -0.01597  -0.00281 -3.084110e+00      True
    bar1330        ridge       2000               500    13:30 deck period  1088 2020-01-03           0.16876       0.17171  -0.00295    -1.71875  -0.00929   0.00361 -1.037780e+00     False
    bar1330        ridge       2000              2000 all bars      common  1499 2018-05-17           0.17214       0.18436  -0.01222    -6.62592  -0.01891  -0.00603 -4.360410e+00      True
    bar1330        ridge       2000              2000 all bars deck period  1088 2020-01-03           0.16876       0.17693  -0.00817    -4.61797  -0.01580  -0.00085 -2.565720e+00      True
    bar1330        ridge       2000              2000    13:30      common  1499 2018-05-17           0.17214       0.18436  -0.01222    -6.62592  -0.01891  -0.00603 -4.360410e+00      True
    bar1330        ridge       2000              2000    13:30 deck period  1088 2020-01-03           0.16876       0.17693  -0.00817    -4.61797  -0.01580  -0.00085 -2.565720e+00      True
    bar1400     reclasso        500               500 all bars      common  2987 2012-06-13           0.15742      20.52245 -20.36503   -99.23292 -20.43098 -20.29944 -6.385709e+02      True
    bar1400     reclasso        500               500 all bars deck period  1088 2020-01-03           0.17885      20.53511 -20.35626   -99.12905 -20.47171 -20.22412 -3.693899e+02      True
    bar1400     reclasso        500               500    14:00      common  2987 2012-06-13           0.15742      20.52245 -20.36503   -99.23292 -20.43098 -20.29944 -6.385709e+02      True
    bar1400     reclasso        500               500    14:00 deck period  1088 2020-01-03           0.17885      20.53511 -20.35626   -99.12905 -20.47171 -20.22412 -3.693899e+02      True
    bar1400     reclasso       2000               500 all bars      common  1487 2018-06-01           0.18042      20.55941 -20.37899   -99.12244 -20.48013 -20.27694 -4.313668e+02      True
    bar1400     reclasso       2000               500 all bars deck period  1088 2020-01-03           0.17819      20.53511 -20.35692   -99.13227 -20.47144 -20.22866 -3.805091e+02      True
    bar1400     reclasso       2000               500    14:00      common  1487 2018-06-01           0.18042      20.55941 -20.37899   -99.12244 -20.48013 -20.27694 -4.313668e+02      True
    bar1400     reclasso       2000               500    14:00 deck period  1088 2020-01-03           0.17819      20.53511 -20.35692   -99.13227 -20.47144 -20.22866 -3.805091e+02      True
    bar1400     reclasso       2000              2000 all bars      common  1487 2018-06-01           0.18042       0.18936  -0.00894    -4.71910  -0.01380  -0.00401 -3.678470e+00      True
    bar1400     reclasso       2000              2000 all bars deck period  1088 2020-01-03           0.17819       0.18609  -0.00789    -4.24267  -0.01369  -0.00138 -2.697370e+00      True
    bar1400     reclasso       2000              2000    14:00      common  1487 2018-06-01           0.18042       0.18936  -0.00894    -4.71910  -0.01380  -0.00401 -3.678470e+00      True
    bar1400     reclasso       2000              2000    14:00 deck period  1088 2020-01-03           0.17819       0.18609  -0.00789    -4.24267  -0.01369  -0.00138 -2.697370e+00      True
    bar1400 reclasticnet        500               500 all bars      common  2987 2012-06-13           0.15633       0.15913  -0.00281    -1.76379  -0.00729   0.00252 -1.242670e+00     False
    bar1400 reclasticnet        500               500 all bars deck period  1088 2020-01-03           0.17813       0.17549   0.00264     1.50645  -0.00713   0.01572  5.292700e-01     False
    bar1400 reclasticnet        500               500    14:00      common  2987 2012-06-13           0.15633       0.15913  -0.00281    -1.76379  -0.00729   0.00252 -1.242670e+00     False
    bar1400 reclasticnet        500               500    14:00 deck period  1088 2020-01-03           0.17813       0.17549   0.00264     1.50645  -0.00713   0.01572  5.292700e-01     False
    bar1400 reclasticnet       2000               500 all bars      common  1487 2018-06-01           0.18017       0.18174  -0.00158    -0.86845  -0.00703   0.00419 -5.546500e-01     False
    bar1400 reclasticnet       2000               500 all bars deck period  1088 2020-01-03           0.17719       0.17549   0.00170     0.96869  -0.00505   0.00892  4.996100e-01     False
    bar1400 reclasticnet       2000               500    14:00      common  1487 2018-06-01           0.18017       0.18174  -0.00158    -0.86845  -0.00703   0.00419 -5.546500e-01     False
    bar1400 reclasticnet       2000               500    14:00 deck period  1088 2020-01-03           0.17719       0.17549   0.00170     0.96869  -0.00505   0.00892  4.996100e-01     False
    bar1400 reclasticnet       2000              2000 all bars      common  1487 2018-06-01           0.18017       0.18940  -0.00924    -4.87820  -0.01398  -0.00434 -3.911330e+00      True
    bar1400 reclasticnet       2000              2000 all bars deck period  1088 2020-01-03           0.17719       0.18629  -0.00911    -4.88811  -0.01497  -0.00266 -3.112970e+00      True
    bar1400 reclasticnet       2000              2000    14:00      common  1487 2018-06-01           0.18017       0.18940  -0.00924    -4.87820  -0.01398  -0.00434 -3.911330e+00      True
    bar1400 reclasticnet       2000              2000    14:00 deck period  1088 2020-01-03           0.17719       0.18629  -0.00911    -4.88811  -0.01497  -0.00266 -3.112970e+00      True
    bar1400        ridge        500               500 all bars      common  2987 2012-06-13           0.16034       0.15963   0.00071     0.44392  -0.00338   0.00522  3.528400e-01     False
    bar1400        ridge        500               500 all bars deck period  1088 2020-01-03           0.18155       0.17677   0.00478     2.70284  -0.00445   0.01651  1.100120e+00     False
    bar1400        ridge        500               500    14:00      common  2987 2012-06-13           0.16034       0.15963   0.00071     0.44392  -0.00338   0.00522  3.528400e-01     False
    bar1400        ridge        500               500    14:00 deck period  1088 2020-01-03           0.18155       0.17677   0.00478     2.70284  -0.00445   0.01651  1.100120e+00     False
    bar1400        ridge       2000               500 all bars      common  1487 2018-06-01           0.18190       0.18287  -0.00097    -0.52931  -0.00617   0.00451 -3.843700e-01     False
    bar1400        ridge       2000               500 all bars deck period  1088 2020-01-03           0.18043       0.17677   0.00367     2.07361  -0.00189   0.00946  1.365720e+00     False
    bar1400        ridge       2000               500    14:00      common  1487 2018-06-01           0.18190       0.18287  -0.00097    -0.52931  -0.00617   0.00451 -3.843700e-01     False
    bar1400        ridge       2000               500    14:00 deck period  1088 2020-01-03           0.18043       0.17677   0.00367     2.07361  -0.00189   0.00946  1.365720e+00     False
    bar1400        ridge       2000              2000 all bars      common  1487 2018-06-01           0.18190       0.18818  -0.00628    -3.33863  -0.01061  -0.00154 -2.800030e+00      True
    bar1400        ridge       2000              2000 all bars deck period  1088 2020-01-03           0.18043       0.18522  -0.00478    -2.58177  -0.01017   0.00112 -1.855880e+00     False
    bar1400        ridge       2000              2000    14:00      common  1487 2018-06-01           0.18190       0.18818  -0.00628    -3.33863  -0.01061  -0.00154 -2.800030e+00      True
    bar1400        ridge       2000              2000    14:00 deck period  1088 2020-01-03           0.18043       0.18522  -0.00478    -2.58177  -0.01017   0.00112 -1.855880e+00     False
    bar1430     reclasso        500               500 all bars      common  2979 2012-06-20           0.25781      20.67900 -20.42119   -98.75328 -20.48249 -20.35133 -6.562986e+02      True
    bar1430     reclasso        500               500 all bars deck period  1087 2020-01-03           0.27594      20.66898 -20.39304   -98.66496 -20.50851 -20.27923 -3.794954e+02      True
    bar1430     reclasso        500               500    14:30      common  2979 2012-06-20           0.25781      20.67900 -20.42119   -98.75328 -20.48249 -20.35133 -6.562986e+02      True
    bar1430     reclasso        500               500    14:30 deck period  1087 2020-01-03           0.27594      20.66898 -20.39304   -98.66496 -20.50851 -20.27923 -3.794954e+02      True
    bar1430     reclasso       2000               500 all bars      common  1479 2018-06-11           0.26345      20.68267 -20.41922   -98.72624 -20.52184 -20.31316 -4.430394e+02      True
    bar1430     reclasso       2000               500 all bars deck period  1087 2020-01-03           0.27400      20.66898 -20.39498   -98.67436 -20.50975 -20.28055 -3.881661e+02      True
    bar1430     reclasso       2000               500    14:30      common  1479 2018-06-11           0.26345      20.68267 -20.41922   -98.72624 -20.52184 -20.31316 -4.430394e+02      True
    bar1430     reclasso       2000               500    14:30 deck period  1087 2020-01-03           0.27400      20.66898 -20.39498   -98.67436 -20.50975 -20.28055 -3.881661e+02      True
    bar1430     reclasso       2000              2000 all bars      common  1479 2018-06-11           0.26345       0.32141  -0.05797   -18.03484  -0.07540  -0.04132 -6.668070e+00      True
    bar1430     reclasso       2000              2000 all bars deck period  1087 2020-01-03           0.27400       0.33803  -0.06403   -18.94220  -0.08628  -0.04476 -5.976500e+00      True
    bar1430     reclasso       2000              2000    14:30      common  1479 2018-06-11           0.26345       0.32141  -0.05797   -18.03484  -0.07540  -0.04132 -6.668070e+00      True
    bar1430     reclasso       2000              2000    14:30 deck period  1087 2020-01-03           0.27400       0.33803  -0.06403   -18.94220  -0.08628  -0.04476 -5.976500e+00      True
    bar1430 reclasticnet        500               500 all bars      common  2979 2012-06-20           0.25145       0.30632  -0.05487   -17.91129  -0.06744  -0.04325 -8.750430e+00      True
    bar1430 reclasticnet        500               500 all bars deck period  1087 2020-01-03           0.26972       0.33877  -0.06905   -20.38297  -0.09936  -0.04508 -4.964060e+00      True
    bar1430 reclasticnet        500               500    14:30      common  2979 2012-06-20           0.25145       0.30632  -0.05487   -17.91129  -0.06744  -0.04325 -8.750430e+00      True
    bar1430 reclasticnet        500               500    14:30 deck period  1087 2020-01-03           0.26972       0.33877  -0.06905   -20.38297  -0.09936  -0.04508 -4.964060e+00      True
    bar1430 reclasticnet       2000               500 all bars      common  1479 2018-06-11           0.26557       0.32380  -0.05823   -17.98239  -0.07977  -0.03870 -5.137860e+00      True
    bar1430 reclasticnet       2000               500 all bars deck period  1087 2020-01-03           0.27700       0.33877  -0.06177   -18.23313  -0.08968  -0.03893 -4.223830e+00      True
    bar1430 reclasticnet       2000               500    14:30      common  1479 2018-06-11           0.26557       0.32380  -0.05823   -17.98239  -0.07977  -0.03870 -5.137860e+00      True
    bar1430 reclasticnet       2000               500    14:30 deck period  1087 2020-01-03           0.27700       0.33877  -0.06177   -18.23313  -0.08968  -0.03893 -4.223830e+00      True
    bar1430 reclasticnet       2000              2000 all bars      common  1479 2018-06-11           0.26557       0.32116  -0.05559   -17.30821  -0.07179  -0.03961 -6.556740e+00      True
    bar1430 reclasticnet       2000              2000 all bars deck period  1087 2020-01-03           0.27700       0.33782  -0.06082   -18.00320  -0.08161  -0.04225 -5.881260e+00      True
    bar1430 reclasticnet       2000              2000    14:30      common  1479 2018-06-11           0.26557       0.32116  -0.05559   -17.30821  -0.07179  -0.03961 -6.556740e+00      True
    bar1430 reclasticnet       2000              2000    14:30 deck period  1087 2020-01-03           0.27700       0.33782  -0.06082   -18.00320  -0.08161  -0.04225 -5.881260e+00      True
    bar1430        ridge        500               500 all bars      common  2979 2012-06-20           0.26652       0.30514  -0.03861   -12.65393  -0.05185  -0.02541 -6.091890e+00      True
    bar1430        ridge        500               500 all bars deck period  1087 2020-01-03           0.27995       0.33721  -0.05726   -16.97983  -0.08601  -0.03321 -4.371920e+00      True
    bar1430        ridge        500               500    14:30      common  2979 2012-06-20           0.26652       0.30514  -0.03861   -12.65393  -0.05185  -0.02541 -6.091890e+00      True
    bar1430        ridge        500               500    14:30 deck period  1087 2020-01-03           0.27995       0.33721  -0.05726   -16.97983  -0.08601  -0.03321 -4.371920e+00      True
    bar1430        ridge       2000               500 all bars      common  1479 2018-06-11           0.26334       0.32252  -0.05917   -18.34675  -0.08155  -0.03904 -5.172000e+00      True
    bar1430        ridge       2000               500 all bars deck period  1087 2020-01-03           0.27404       0.33721  -0.06317   -18.73344  -0.09280  -0.03895 -4.278170e+00      True
    bar1430        ridge       2000               500    14:30      common  1479 2018-06-11           0.26334       0.32252  -0.05917   -18.34675  -0.08155  -0.03904 -5.172000e+00      True
    bar1430        ridge       2000               500    14:30 deck period  1087 2020-01-03           0.27404       0.33721  -0.06317   -18.73344  -0.09280  -0.03895 -4.278170e+00      True
    bar1430        ridge       2000              2000 all bars      common  1479 2018-06-11           0.26334       0.32000  -0.05665   -17.70425  -0.07459  -0.03879 -6.396890e+00      True
    bar1430        ridge       2000              2000 all bars deck period  1087 2020-01-03           0.27404       0.33634  -0.06230   -18.52323  -0.08483  -0.04175 -5.724510e+00      True
    bar1430        ridge       2000              2000    14:30      common  1479 2018-06-11           0.26334       0.32000  -0.05665   -17.70425  -0.07459  -0.03879 -6.396890e+00      True
    bar1430        ridge       2000              2000    14:30 deck period  1087 2020-01-03           0.27404       0.33634  -0.06230   -18.52323  -0.08483  -0.04175 -5.724510e+00      True
    bar1500     reclasso        500               500 all bars      common  2977 2012-06-21           0.16729      20.59546 -20.42817   -99.18772 -20.48976 -20.36505 -6.603398e+02      True
    bar1500     reclasso        500               500 all bars deck period  1087 2020-01-03           0.19195      20.67444 -20.48249   -99.07157 -20.59829 -20.36687 -3.767010e+02      True
    bar1500     reclasso        500               500    15:00      common  2977 2012-06-21           0.16729      20.59546 -20.42817   -99.18772 -20.48976 -20.36505 -6.603398e+02      True
    bar1500     reclasso        500               500    15:00 deck period  1087 2020-01-03           0.19195      20.67444 -20.48249   -99.07157 -20.59829 -20.36687 -3.767010e+02      True
    bar1500     reclasso       2000               500 all bars      common  1477 2018-06-13          24.97959      20.68580   4.29379    20.75718   4.28885   4.30367  8.710182e+02     False
    bar1500     reclasso       2000               500 all bars deck period  1087 2020-01-03          24.97000      20.67444   4.29556    20.77716   4.28885   4.30899  6.415464e+02     False
    bar1500     reclasso       2000               500    15:00      common  1477 2018-06-13          24.97959      20.68580   4.29379    20.75718   4.28885   4.30367  8.710182e+02     False
    bar1500     reclasso       2000               500    15:00 deck period  1087 2020-01-03          24.97000      20.67444   4.29556    20.77716   4.28885   4.30899  6.415464e+02     False
    bar1500     reclasso       2000              2000 all bars      common  1477 2018-06-13          24.97959       0.23557  24.74402 10503.85972  24.64969  24.82837  5.395159e+02     False
    bar1500     reclasso       2000              2000 all bars deck period  1087 2020-01-03          24.97000       0.22312  24.74688 11091.38121  24.63938  24.85573  4.812942e+02     False
    bar1500     reclasso       2000              2000    15:00      common  1477 2018-06-13          24.97959       0.23557  24.74402 10503.85972  24.64969  24.82837  5.395159e+02     False
    bar1500     reclasso       2000              2000    15:00 deck period  1087 2020-01-03          24.97000       0.22312  24.74688 11091.38121  24.63938  24.85573  4.812942e+02     False
    bar1500 reclasticnet        500               500 all bars      common  2977 2012-06-21           0.16411       0.17760  -0.01349    -7.59647  -0.01941  -0.00728 -4.468800e+00      True
    bar1500 reclasticnet        500               500 all bars deck period  1087 2020-01-03           0.18985       0.20506  -0.01521    -7.41694  -0.02804  -0.00029 -2.096110e+00      True
    bar1500 reclasticnet        500               500    15:00      common  2977 2012-06-21           0.16411       0.17760  -0.01349    -7.59647  -0.01941  -0.00728 -4.468800e+00      True
    bar1500 reclasticnet        500               500    15:00 deck period  1087 2020-01-03           0.18985       0.20506  -0.01521    -7.41694  -0.02804  -0.00029 -2.096110e+00      True
    bar1500 reclasticnet       2000               500 all bars      common  1477 2018-06-13           0.21458       0.22310  -0.00852    -3.81976  -0.01548  -0.00010 -2.215280e+00      True
    bar1500 reclasticnet       2000               500 all bars deck period  1087 2020-01-03           0.20032       0.20506  -0.00474    -2.31212  -0.01287   0.00464 -9.828100e-01     False
    bar1500 reclasticnet       2000               500    15:00      common  1477 2018-06-13           0.21458       0.22310  -0.00852    -3.81976  -0.01548  -0.00010 -2.215280e+00      True
    bar1500 reclasticnet       2000               500    15:00 deck period  1087 2020-01-03           0.20032       0.20506  -0.00474    -2.31212  -0.01287   0.00464 -9.828100e-01     False
    bar1500 reclasticnet       2000              2000 all bars      common  1477 2018-06-13           0.21458       0.23528  -0.02070    -8.79868  -0.02815  -0.01198 -5.377120e+00      True
    bar1500 reclasticnet       2000              2000 all bars deck period  1087 2020-01-03           0.20032       0.22289  -0.02257   -10.12784  -0.03192  -0.01178 -4.569360e+00      True
    bar1500 reclasticnet       2000              2000    15:00      common  1477 2018-06-13           0.21458       0.23528  -0.02070    -8.79868  -0.02815  -0.01198 -5.377120e+00      True
    bar1500 reclasticnet       2000              2000    15:00 deck period  1087 2020-01-03           0.20032       0.22289  -0.02257   -10.12784  -0.03192  -0.01178 -4.569360e+00      True
    bar1500        ridge        500               500 all bars      common  2977 2012-06-21           0.16522       0.17721  -0.01199    -6.76651  -0.01703  -0.00644 -4.747960e+00      True
    bar1500        ridge        500               500 all bars deck period  1087 2020-01-03           0.18751       0.20522  -0.01771    -8.63197  -0.02906  -0.00596 -3.079920e+00      True
    bar1500        ridge        500               500    15:00      common  2977 2012-06-21           0.16522       0.17721  -0.01199    -6.76651  -0.01703  -0.00644 -4.747960e+00      True
    bar1500        ridge        500               500    15:00 deck period  1087 2020-01-03           0.18751       0.20522  -0.01771    -8.63197  -0.02906  -0.00596 -3.079920e+00      True
    bar1500        ridge       2000               500 all bars      common  1477 2018-06-13           0.21405       0.22278  -0.00873    -3.91900  -0.01534  -0.00145 -2.492650e+00      True
    bar1500        ridge       2000               500 all bars deck period  1087 2020-01-03           0.20024       0.20522  -0.00498    -2.42617  -0.01207   0.00318 -1.174790e+00     False
    bar1500        ridge       2000               500    15:00      common  1477 2018-06-13           0.21405       0.22278  -0.00873    -3.91900  -0.01534  -0.00145 -2.492650e+00      True
    bar1500        ridge       2000               500    15:00 deck period  1087 2020-01-03           0.20024       0.20522  -0.00498    -2.42617  -0.01207   0.00318 -1.174790e+00     False
    bar1500        ridge       2000              2000 all bars      common  1477 2018-06-13           0.21405       0.23311  -0.01906    -8.17473  -0.02578  -0.01160 -5.522020e+00      True
    bar1500        ridge       2000              2000 all bars deck period  1087 2020-01-03           0.20024       0.22080  -0.02055    -9.30791  -0.02914  -0.01119 -4.711820e+00      True
    bar1500        ridge       2000              2000    15:00      common  1477 2018-06-13           0.21405       0.23311  -0.01906    -8.17473  -0.02578  -0.01160 -5.522020e+00      True
    bar1500        ridge       2000              2000    15:00 deck period  1087 2020-01-03           0.20024       0.22080  -0.02055    -9.30791  -0.02914  -0.01119 -4.711820e+00      True
    bar1530     reclasso        500               500 all bars      common  2975 2012-06-25           0.12976      20.51507 -20.38531   -99.36749 -20.44706 -20.32485 -6.815195e+02      True
    bar1530     reclasso        500               500 all bars deck period  1087 2020-01-03           0.13488      20.51342 -20.37854   -99.34246 -20.48549 -20.27252 -4.142360e+02      True
    bar1530     reclasso        500               500    15:30      common  2975 2012-06-25           0.12976      20.51507 -20.38531   -99.36749 -20.44706 -20.32485 -6.815195e+02      True
    bar1530     reclasso        500               500    15:30 deck period  1087 2020-01-03           0.13488      20.51342 -20.37854   -99.34246 -20.48549 -20.27252 -4.142360e+02      True
    bar1530     reclasso       2000               500 all bars      common  1475 2018-06-15           0.13327      20.53287 -20.39960   -99.35095 -20.49334 -20.30172 -4.578860e+02      True
    bar1530     reclasso       2000               500 all bars deck period  1087 2020-01-03           0.12727      20.51342 -20.38615   -99.37959 -20.49444 -20.27793 -4.181645e+02      True
    bar1530     reclasso       2000               500    15:30      common  1475 2018-06-15           0.13327      20.53287 -20.39960   -99.35095 -20.49334 -20.30172 -4.578860e+02      True
    bar1530     reclasso       2000               500    15:30 deck period  1087 2020-01-03           0.12727      20.51342 -20.38615   -99.37959 -20.49444 -20.27793 -4.181645e+02      True
    bar1530     reclasso       2000              2000 all bars      common  1475 2018-06-15           0.13327       0.14358  -0.01031    -7.18095  -0.01549  -0.00540 -4.247410e+00      True
    bar1530     reclasso       2000              2000 all bars deck period  1087 2020-01-03           0.12727       0.13856  -0.01129    -8.15122  -0.01644  -0.00604 -4.316890e+00      True
    bar1530     reclasso       2000              2000    15:30      common  1475 2018-06-15           0.13327       0.14358  -0.01031    -7.18095  -0.01549  -0.00540 -4.247410e+00      True
    bar1530     reclasso       2000              2000    15:30 deck period  1087 2020-01-03           0.12727       0.13856  -0.01129    -8.15122  -0.01644  -0.00604 -4.316890e+00      True
    bar1530 reclasticnet        500               500 all bars      common  2975 2012-06-25           0.12980       0.13132  -0.00152    -1.15529  -0.00582   0.00304 -7.063700e-01     False
    bar1530 reclasticnet        500               500 all bars deck period  1087 2020-01-03           0.13531       0.12980   0.00551     4.24131  -0.00166   0.01335  1.511360e+00     False
    bar1530 reclasticnet        500               500    15:30      common  2975 2012-06-25           0.12980       0.13132  -0.00152    -1.15529  -0.00582   0.00304 -7.063700e-01     False
    bar1530 reclasticnet        500               500    15:30 deck period  1087 2020-01-03           0.13531       0.12980   0.00551     4.24131  -0.00166   0.01335  1.511360e+00     False
    bar1530 reclasticnet       2000               500 all bars      common  1475 2018-06-15           0.13301       0.13785  -0.00484    -3.51434  -0.01064   0.00071 -1.742180e+00     False
    bar1530 reclasticnet       2000               500 all bars deck period  1087 2020-01-03           0.12706       0.12980  -0.00274    -2.11107  -0.00897   0.00394 -8.590600e-01     False
    bar1530 reclasticnet       2000               500    15:30      common  1475 2018-06-15           0.13301       0.13785  -0.00484    -3.51434  -0.01064   0.00071 -1.742180e+00     False
    bar1530 reclasticnet       2000               500    15:30 deck period  1087 2020-01-03           0.12706       0.12980  -0.00274    -2.11107  -0.00897   0.00394 -8.590600e-01     False
    bar1530 reclasticnet       2000              2000 all bars      common  1475 2018-06-15           0.13301       0.14337  -0.01036    -7.22711  -0.01539  -0.00561 -4.394630e+00      True
    bar1530 reclasticnet       2000              2000 all bars deck period  1087 2020-01-03           0.12706       0.13838  -0.01132    -8.18010  -0.01673  -0.00600 -4.191820e+00      True
    bar1530 reclasticnet       2000              2000    15:30      common  1475 2018-06-15           0.13301       0.14337  -0.01036    -7.22711  -0.01539  -0.00561 -4.394630e+00      True
    bar1530 reclasticnet       2000              2000    15:30 deck period  1087 2020-01-03           0.12706       0.13838  -0.01132    -8.18010  -0.01673  -0.00600 -4.191820e+00      True
    bar1530        ridge        500               500 all bars      common  2975 2012-06-25           0.13179       0.13126   0.00053     0.40396  -0.00372   0.00481  2.557600e-01     False
    bar1530        ridge        500               500 all bars deck period  1087 2020-01-03           0.13865       0.13008   0.00857     6.58619   0.00071   0.01703  2.104340e+00     False
    bar1530        ridge        500               500    15:30      common  2975 2012-06-25           0.13179       0.13126   0.00053     0.40396  -0.00372   0.00481  2.557600e-01     False
    bar1530        ridge        500               500    15:30 deck period  1087 2020-01-03           0.13865       0.13008   0.00857     6.58619   0.00071   0.01703  2.104340e+00     False
    bar1530        ridge       2000               500 all bars      common  1475 2018-06-15           0.13121       0.13800  -0.00678    -4.91526  -0.01277  -0.00081 -2.112250e+00      True
    bar1530        ridge       2000               500 all bars deck period  1087 2020-01-03           0.12590       0.13008  -0.00418    -3.21708  -0.00979   0.00214 -1.400980e+00     False
    bar1530        ridge       2000               500    15:30      common  1475 2018-06-15           0.13121       0.13800  -0.00678    -4.91526  -0.01277  -0.00081 -2.112250e+00      True
    bar1530        ridge       2000               500    15:30 deck period  1087 2020-01-03           0.12590       0.13008  -0.00418    -3.21708  -0.00979   0.00214 -1.400980e+00     False
    bar1530        ridge       2000              2000 all bars      common  1475 2018-06-15           0.13121       0.14243  -0.01122    -7.87423  -0.01683  -0.00586 -3.857000e+00      True
    bar1530        ridge       2000              2000 all bars deck period  1087 2020-01-03           0.12590       0.13701  -0.01112    -8.11280  -0.01603  -0.00617 -4.539930e+00      True
    bar1530        ridge       2000              2000    15:30      common  1475 2018-06-15           0.13121       0.14243  -0.01122    -7.87423  -0.01683  -0.00586 -3.857000e+00      True
    bar1530        ridge       2000              2000    15:30 deck period  1087 2020-01-03           0.12590       0.13701  -0.01112    -8.11280  -0.01603  -0.00617 -4.539930e+00      True
    bar1600     reclasso        500               500 all bars      common  2969 2012-07-03           0.12235      20.43847 -20.31612   -99.40139 -20.37106 -20.25606 -7.268299e+02      True
    bar1600     reclasso        500               500 all bars deck period  1087 2020-01-03           0.11056      20.42075 -20.31018   -99.45857 -20.41015 -20.20858 -4.606941e+02      True
    bar1600     reclasso        500               500    16:00      common  2969 2012-07-03           0.12235      20.43847 -20.31612   -99.40139 -20.37106 -20.25606 -7.268299e+02      True
    bar1600     reclasso        500               500    16:00 deck period  1087 2020-01-03           0.11056      20.42075 -20.31018   -99.45857 -20.41015 -20.20858 -4.606941e+02      True
    bar1600     reclasso       2000               500 all bars      common  1469 2018-06-25           0.11572      20.43987 -20.32415   -99.43385 -20.41161 -20.23960 -4.982008e+02      True
    bar1600     reclasso       2000               500 all bars deck period  1087 2020-01-03           0.10219      20.42075 -20.31856   -99.49959 -20.41832 -20.21755 -4.631642e+02      True
    bar1600     reclasso       2000               500    16:00      common  1469 2018-06-25           0.11572      20.43987 -20.32415   -99.43385 -20.41161 -20.23960 -4.982008e+02      True
    bar1600     reclasso       2000               500    16:00 deck period  1087 2020-01-03           0.10219      20.42075 -20.31856   -99.49959 -20.41832 -20.21755 -4.631642e+02      True
    bar1600     reclasso       2000              2000 all bars      common  1469 2018-06-25           0.11572       0.12957  -0.01385   -10.68885  -0.01937  -0.00878 -5.527340e+00      True
    bar1600     reclasso       2000              2000 all bars deck period  1087 2020-01-03           0.10219       0.11540  -0.01321   -11.45074  -0.01808  -0.00864 -5.103540e+00      True
    bar1600     reclasso       2000              2000    16:00      common  1469 2018-06-25           0.11572       0.12957  -0.01385   -10.68885  -0.01937  -0.00878 -5.527340e+00      True
    bar1600     reclasso       2000              2000    16:00 deck period  1087 2020-01-03           0.10219       0.11540  -0.01321   -11.45074  -0.01808  -0.00864 -5.103540e+00      True
    bar1600 reclasticnet        500               500 all bars      common  2969 2012-07-03           0.12061       0.12712  -0.00651    -5.12447  -0.00988  -0.00322 -4.036420e+00      True
    bar1600 reclasticnet        500               500 all bars deck period  1087 2020-01-03           0.10885       0.11322  -0.00436    -3.85428  -0.00892   0.00011 -1.959400e+00     False
    bar1600 reclasticnet        500               500    16:00      common  2969 2012-07-03           0.12061       0.12712  -0.00651    -5.12447  -0.00988  -0.00322 -4.036420e+00      True
    bar1600 reclasticnet        500               500    16:00 deck period  1087 2020-01-03           0.10885       0.11322  -0.00436    -3.85428  -0.00892   0.00011 -1.959400e+00     False
    bar1600 reclasticnet       2000               500 all bars      common  1469 2018-06-25           0.11561       0.12854  -0.01292   -10.05344  -0.01975  -0.00682 -4.458510e+00      True
    bar1600 reclasticnet       2000               500 all bars deck period  1087 2020-01-03           0.10312       0.11322  -0.01010    -8.92003  -0.01611  -0.00415 -3.396960e+00      True
    bar1600 reclasticnet       2000               500    16:00      common  1469 2018-06-25           0.11561       0.12854  -0.01292   -10.05344  -0.01975  -0.00682 -4.458510e+00      True
    bar1600 reclasticnet       2000               500    16:00 deck period  1087 2020-01-03           0.10312       0.11322  -0.01010    -8.92003  -0.01611  -0.00415 -3.396960e+00      True
    bar1600 reclasticnet       2000              2000 all bars      common  1469 2018-06-25           0.11561       0.13001  -0.01440   -11.07502  -0.02020  -0.00911 -5.545230e+00      True
    bar1600 reclasticnet       2000              2000 all bars deck period  1087 2020-01-03           0.10312       0.11570  -0.01258   -10.87478  -0.01731  -0.00773 -5.040300e+00      True
    bar1600 reclasticnet       2000              2000    16:00      common  1469 2018-06-25           0.11561       0.13001  -0.01440   -11.07502  -0.02020  -0.00911 -5.545230e+00      True
    bar1600 reclasticnet       2000              2000    16:00 deck period  1087 2020-01-03           0.10312       0.11570  -0.01258   -10.87478  -0.01731  -0.00773 -5.040300e+00      True
    bar1600        ridge        500               500 all bars      common  2969 2012-07-03           0.12002       0.12694  -0.00692    -5.45144  -0.01060  -0.00339 -3.848340e+00      True
    bar1600        ridge        500               500 all bars deck period  1087 2020-01-03           0.11060       0.11273  -0.00213    -1.89376  -0.00756   0.00296 -8.242500e-01     False
    bar1600        ridge        500               500    16:00      common  2969 2012-07-03           0.12002       0.12694  -0.00692    -5.45144  -0.01060  -0.00339 -3.848340e+00      True
    bar1600        ridge        500               500    16:00 deck period  1087 2020-01-03           0.11060       0.11273  -0.00213    -1.89376  -0.00756   0.00296 -8.242500e-01     False
    bar1600        ridge       2000               500 all bars      common  1469 2018-06-25           0.11626       0.12836  -0.01210    -9.42877  -0.01998  -0.00556 -3.786130e+00      True
    bar1600        ridge       2000               500 all bars deck period  1087 2020-01-03           0.10584       0.11273  -0.00690    -6.11718  -0.01279  -0.00113 -2.369340e+00      True
    bar1600        ridge       2000               500    16:00      common  1469 2018-06-25           0.11626       0.12836  -0.01210    -9.42877  -0.01998  -0.00556 -3.786130e+00      True
    bar1600        ridge       2000               500    16:00 deck period  1087 2020-01-03           0.10584       0.11273  -0.00690    -6.11718  -0.01279  -0.00113 -2.369340e+00      True
    bar1600        ridge       2000              2000 all bars      common  1469 2018-06-25           0.11626       0.12992  -0.01367   -10.51819  -0.01975  -0.00839 -5.101080e+00      True
    bar1600        ridge       2000              2000 all bars deck period  1087 2020-01-03           0.10584       0.11625  -0.01042    -8.96139  -0.01481  -0.00612 -4.493220e+00      True
    bar1600        ridge       2000              2000    16:00      common  1469 2018-06-25           0.11626       0.12992  -0.01367   -10.51819  -0.01975  -0.00839 -5.101080e+00      True
    bar1600        ridge       2000              2000    16:00 deck period  1087 2020-01-03           0.10584       0.11625  -0.01042    -8.96139  -0.01481  -0.00612 -4.493220e+00      True
  blk_close     reclasso        500               500 all bars      common  9069 2006-04-10          30.00244      20.45023   9.55221    46.70957   9.55121   9.55422  9.511628e+03     False
  blk_close     reclasso        500               500 all bars deck period  2174 2020-01-03          30.01829      20.46709   9.55121    46.66619   9.55121   9.55121  1.519524e+11     False
  blk_close     reclasso        500               500    15:30      common  4535 2006-04-10          30.03652      20.48531   9.55121    46.62467   9.55121   9.55121  2.610357e+11     False
  blk_close     reclasso        500               500    15:30 deck period  1087 2020-01-03          30.06463      20.51342   9.55121    46.56078   9.55121   9.55121  1.241759e+11     False
  blk_close     reclasso        500               500    16:00      common  4534 2006-04-10          29.96836      20.41514   9.55322    46.79478   9.55121   9.55724  4.757898e+03     False
  blk_close     reclasso        500               500    16:00 deck period  1087 2020-01-03          29.97196      20.42075   9.55121    46.77208   9.55121   9.55121  1.342117e+11     False
  blk_close     reclasso       2000               500 all bars      common  6069 2012-03-29           0.11916      20.47106 -20.35190   -99.41790 -20.41278 -20.29272 -8.512104e+02      True
  blk_close     reclasso       2000               500 all bars deck period  2174 2020-01-03           0.11500      20.46709 -20.35209   -99.43814 -20.45264 -20.25324 -5.324732e+02      True
  blk_close     reclasso       2000               500    15:30      common  3034 2012-03-30           0.12385      20.51021 -20.38636   -99.39613 -20.44891 -20.32737 -6.917197e+02      True
  blk_close     reclasso       2000               500    15:30 deck period  1087 2020-01-03           0.12571      20.51342 -20.38771   -99.38719 -20.49597 -20.28078 -4.169391e+02      True
  blk_close     reclasso       2000               500    16:00      common  3035 2012-03-29           0.11447      20.43192 -20.31745   -99.43974 -20.37656 -20.25813 -7.374860e+02      True
  blk_close     reclasso       2000               500    16:00 deck period  1087 2020-01-03           0.10429      20.42075 -20.31646   -99.48931 -20.41517 -20.21647 -4.660219e+02      True
  blk_close     reclasso       2000              2000 all bars      common  6069 2012-03-29           0.11916       0.13043  -0.01127    -8.64150  -0.01352  -0.00913 -1.056166e+01      True
  blk_close     reclasso       2000              2000 all bars deck period  2174 2020-01-03           0.11500       0.12698  -0.01198    -9.43831  -0.01592  -0.00801 -6.125890e+00      True
  blk_close     reclasso       2000              2000    15:30      common  3034 2012-03-30           0.12385       0.13462  -0.01077    -7.99711  -0.01346  -0.00807 -7.821640e+00      True
  blk_close     reclasso       2000              2000    15:30 deck period  1087 2020-01-03           0.12571       0.13856  -0.01285    -9.27661  -0.01799  -0.00755 -4.980160e+00      True
  blk_close     reclasso       2000              2000    16:00      common  3035 2012-03-29           0.11447       0.12625  -0.01178    -9.32839  -0.01481  -0.00877 -7.961550e+00      True
  blk_close     reclasso       2000              2000    16:00 deck period  1087 2020-01-03           0.10429       0.11540  -0.01112    -9.63246  -0.01644  -0.00569 -4.113030e+00      True
  blk_close reclasticnet        500               500 all bars      common  9069 2006-04-10           0.12156       0.12599  -0.00443    -3.51715  -0.00656  -0.00222 -4.367860e+00      True
  blk_close reclasticnet        500               500 all bars deck period  2174 2020-01-03           0.12223       0.12151   0.00072     0.59016  -0.00323   0.00538  3.266000e-01     False
  blk_close reclasticnet        500               500    15:30      common  4535 2006-04-10           0.12732       0.12913  -0.00181    -1.39784  -0.00452   0.00112 -1.375610e+00     False
  blk_close reclasticnet        500               500    15:30 deck period  1087 2020-01-03           0.13684       0.12980   0.00703     5.41806   0.00014   0.01530  2.001490e+00     False
  blk_close reclasticnet        500               500    16:00      common  4534 2006-04-10           0.11580       0.12285  -0.00706    -5.74517  -0.01000  -0.00436 -5.074780e+00      True
  blk_close reclasticnet        500               500    16:00 deck period  1087 2020-01-03           0.10762       0.11322  -0.00560    -4.94502  -0.01015  -0.00089 -2.306210e+00      True
  blk_close reclasticnet       2000               500 all bars      common  6069 2012-03-29           0.11855       0.12919  -0.01064    -8.23706  -0.01339  -0.00774 -8.504990e+00      True
  blk_close reclasticnet       2000               500 all bars deck period  2174 2020-01-03           0.11476       0.12151  -0.00675    -5.55315  -0.01118  -0.00223 -3.226970e+00      True
  blk_close reclasticnet       2000               500    15:30      common  3034 2012-03-30           0.12286       0.13193  -0.00906    -6.87009  -0.01261  -0.00577 -5.501400e+00      True
  blk_close reclasticnet       2000               500    15:30 deck period  1087 2020-01-03           0.12539       0.12980  -0.00441    -3.39741  -0.00947   0.00108 -1.640960e+00     False
  blk_close reclasticnet       2000               500    16:00      common  3035 2012-03-29           0.11424       0.12646  -0.01222    -9.66260  -0.01585  -0.00868 -6.913010e+00      True
  blk_close reclasticnet       2000               500    16:00 deck period  1087 2020-01-03           0.10413       0.11322  -0.00909    -8.02470  -0.01608  -0.00243 -2.767720e+00      True
  blk_close reclasticnet       2000              2000 all bars      common  6069 2012-03-29           0.11855       0.13054  -0.01199    -9.18481  -0.01433  -0.00975 -1.091121e+01      True
  blk_close reclasticnet       2000              2000 all bars deck period  2174 2020-01-03           0.11476       0.12704  -0.01228    -9.66536  -0.01610  -0.00834 -6.296130e+00      True
  blk_close reclasticnet       2000              2000    15:30      common  3034 2012-03-30           0.12286       0.13446  -0.01160    -8.62479  -0.01447  -0.00886 -8.173380e+00      True
  blk_close reclasticnet       2000              2000    15:30 deck period  1087 2020-01-03           0.12539       0.13838  -0.01299    -9.38669  -0.01816  -0.00775 -5.066900e+00      True
  blk_close reclasticnet       2000              2000    16:00      common  3035 2012-03-29           0.11424       0.12663  -0.01238    -9.77927  -0.01547  -0.00941 -8.185930e+00      True
  blk_close reclasticnet       2000              2000    16:00 deck period  1087 2020-01-03           0.10413       0.11570  -0.01157    -9.99866  -0.01680  -0.00618 -4.252870e+00      True
  blk_close        ridge        500               500 all bars      common  9069 2006-04-10           0.12051       0.12590  -0.00539    -4.27740  -0.00741  -0.00339 -5.700930e+00      True
  blk_close        ridge        500               500 all bars deck period  2174 2020-01-03           0.11801       0.12141  -0.00340    -2.80104  -0.00656  -0.00003 -2.023130e+00      True
  blk_close        ridge        500               500    15:30      common  4535 2006-04-10           0.12639       0.12885  -0.00246    -1.90651  -0.00488  -0.00008 -2.069730e+00      True
  blk_close        ridge        500               500    15:30 deck period  1087 2020-01-03           0.12805       0.13008  -0.00204    -1.56487  -0.00686   0.00302 -8.672900e-01     False
  blk_close        ridge        500               500    16:00      common  4534 2006-04-10           0.11463       0.12295  -0.00831    -6.76261  -0.01093  -0.00589 -6.559210e+00      True
  blk_close        ridge        500               500    16:00 deck period  1087 2020-01-03           0.10797       0.11273  -0.00477    -4.22750  -0.00851  -0.00094 -2.155920e+00      True
  blk_close        ridge       2000               500 all bars      common  6069 2012-03-29           0.11902       0.12908  -0.01006    -7.79359  -0.01279  -0.00725 -8.185230e+00      True
  blk_close        ridge       2000               500 all bars deck period  2174 2020-01-03           0.11470       0.12141  -0.00671    -5.52652  -0.01096  -0.00246 -3.213270e+00      True
  blk_close        ridge       2000               500    15:30      common  3034 2012-03-30           0.12371       0.13185  -0.00814    -6.17397  -0.01166  -0.00488 -5.004470e+00      True
  blk_close        ridge       2000               500    15:30 deck period  1087 2020-01-03           0.12542       0.13008  -0.00466    -3.58381  -0.00962   0.00078 -1.755970e+00     False
  blk_close        ridge       2000               500    16:00      common  3035 2012-03-29           0.11434       0.12632  -0.01198    -9.48346  -0.01570  -0.00835 -6.911210e+00      True
  blk_close        ridge       2000               500    16:00 deck period  1087 2020-01-03           0.10397       0.11273  -0.00876    -7.76827  -0.01564  -0.00222 -2.681210e+00      True
  blk_close        ridge       2000              2000 all bars      common  6069 2012-03-29           0.11902       0.13005  -0.01103    -8.47957  -0.01336  -0.00885 -1.021750e+01      True
  blk_close        ridge       2000              2000 all bars deck period  2174 2020-01-03           0.11470       0.12663  -0.01194    -9.42559  -0.01567  -0.00803 -6.195260e+00      True
  blk_close        ridge       2000              2000    15:30      common  3034 2012-03-30           0.12371       0.13329  -0.00958    -7.18723  -0.01236  -0.00681 -7.018240e+00      True
  blk_close        ridge       2000              2000    15:30 deck period  1087 2020-01-03           0.12542       0.13701  -0.01159    -8.46098  -0.01673  -0.00665 -4.745390e+00      True
  blk_close        ridge       2000              2000    16:00      common  3035 2012-03-29           0.11434       0.12682  -0.01248    -9.83735  -0.01551  -0.00947 -8.296190e+00      True
  blk_close        ridge       2000              2000    16:00 deck period  1087 2020-01-03           0.10397       0.11625  -0.01228   -10.56246  -0.01768  -0.00693 -4.481740e+00      True
   blk_core     reclasso        500               500 all bars      common 40156 2001-10-11           0.12916      20.43542 -20.30626   -99.36795 -20.35784 -20.28262 -1.772045e+03      True
   blk_core     reclasso        500               500 all bars deck period  7756 2020-01-03           0.14757      20.50647 -20.35890   -99.28036 -20.47742 -20.27558 -7.326809e+02      True
   blk_core     reclasso        500               500    11:00      common  5797 2001-10-11           0.11203      20.39944 -20.28741   -99.45080 -20.32405 -20.25286 -1.151997e+03      True
   blk_core     reclasso        500               500    11:00 deck period  1116 2020-01-03           0.13673      20.47271 -20.33598   -99.33212 -20.44131 -20.24004 -4.439664e+02      True
   blk_core     reclasso        500               500    11:30      common  5799 2001-10-11           0.11682      20.41412 -20.29730   -99.42777 -20.33721 -20.25979 -1.092679e+03      True
   blk_core     reclasso        500               500    11:30 deck period  1116 2020-01-03           0.12935      20.49679 -20.36744   -99.36893 -20.47240 -20.27208 -4.374503e+02      True
   blk_core     reclasso        500               500    12:00      common  5738 2001-10-11           0.12123      20.42700 -20.30577   -99.40650 -20.34551 -20.26816 -1.093109e+03      True
   blk_core     reclasso        500               500    12:00 deck period  1116 2020-01-03           0.12335      20.49485 -20.37150   -99.39816 -20.46986 -20.27423 -4.456387e+02      True
   blk_core     reclasso        500               500    12:30      common  5738 2001-10-11           0.13552      20.44304 -20.30752   -99.33709 -20.34942 -20.26737 -1.047597e+03      True
   blk_core     reclasso        500               500    12:30 deck period  1116 2020-01-03           0.13633      20.51231 -20.37597   -99.33536 -20.48886 -20.27021 -4.224917e+02      True
   blk_core     reclasso        500               500    13:00      common  5738 2001-10-11           0.13995      20.45024 -20.31029   -99.31567 -20.35199 -20.27046 -1.035146e+03      True
   blk_core     reclasso        500               500    13:00 deck period  1116 2020-01-03           0.16659      20.52744 -20.36085   -99.18846 -20.47027 -20.25864 -3.930303e+02      True
   blk_core     reclasso        500               500    13:30      common  5677 2001-10-11           0.14331      20.45915 -20.31584   -99.29952 -20.35850 -20.27351 -9.944748e+02      True
   blk_core     reclasso        500               500    13:30 deck period  1088 2020-01-03           0.17199      20.50684 -20.33485   -99.16132 -20.45008 -20.21387 -3.905233e+02      True
   blk_core     reclasso        500               500    14:00      common  5669 2001-10-11           0.13581      20.45606 -20.32024   -99.33607 -20.36348 -20.27764 -9.875824e+02      True
   blk_core     reclasso        500               500    14:00 deck period  1088 2020-01-03           0.16985      20.53511 -20.36526   -99.17289 -20.48156 -20.23405 -3.693807e+02      True
   blk_core     reclasso       2000               500 all bars      common 29656 2007-09-19           0.13540      20.46278 -20.32738   -99.33831 -20.38216 -20.29130 -1.455592e+03      True
   blk_core     reclasso       2000               500 all bars deck period  7756 2020-01-03           0.15324      20.50647 -20.35323   -99.25271 -20.46891 -20.26957 -7.432132e+02      True
   blk_core     reclasso       2000               500    11:00      common  4282 2007-09-20           0.11734      20.42135 -20.30401   -99.42539 -20.34997 -20.26025 -9.218760e+02      True
   blk_core     reclasso       2000               500    11:00 deck period  1116 2020-01-03           0.14024      20.47271 -20.33248   -99.31500 -20.43485 -20.23771 -4.523558e+02      True
   blk_core     reclasso       2000               500    11:30      common  4282 2007-09-20           0.12377      20.43925 -20.31547   -99.39443 -20.36253 -20.27094 -8.783806e+02      True
   blk_core     reclasso       2000               500    11:30 deck period  1116 2020-01-03           0.13781      20.49679 -20.35898   -99.32765 -20.46165 -20.26360 -4.468121e+02      True
   blk_core     reclasso       2000               500    12:00      common  4243 2007-09-20           0.12706      20.45291 -20.32585   -99.37875 -20.37240 -20.28097 -8.870035e+02      True
   blk_core     reclasso       2000               500    12:00 deck period  1116 2020-01-03           0.13217      20.49485 -20.36267   -99.35509 -20.46015 -20.26769 -4.533527e+02      True
   blk_core     reclasso       2000               500    12:30      common  4244 2007-09-19           0.13475      20.46462 -20.32987   -99.34154 -20.37907 -20.28205 -8.487382e+02      True
   blk_core     reclasso       2000               500    12:30 deck period  1116 2020-01-03           0.14624      20.51231 -20.36607   -99.28706 -20.47732 -20.26246 -4.297402e+02      True
   blk_core     reclasso       2000               500    13:00      common  4244 2007-09-19           0.14986      20.48446 -20.33460   -99.26843 -20.38154 -20.28838 -8.393957e+02      True
   blk_core     reclasso       2000               500    13:00 deck period  1116 2020-01-03           0.16679      20.52744 -20.36065   -99.18750 -20.46731 -20.26009 -4.042052e+02      True
   blk_core     reclasso       2000               500    13:30      common  4183 2007-09-19           0.15146      20.48988 -20.33842   -99.26080 -20.39066 -20.28824 -8.006593e+02      True
   blk_core     reclasso       2000               500    13:30 deck period  1088 2020-01-03           0.17212      20.50684 -20.33472   -99.16068 -20.44881 -20.21585 -3.996371e+02      True
   blk_core     reclasso       2000               500    14:00      common  4178 2007-09-19           0.14418      20.48836 -20.34418   -99.29630 -20.39712 -20.28865 -7.782063e+02      True
   blk_core     reclasso       2000               500    14:00 deck period  1088 2020-01-03           0.17844      20.53511 -20.35667   -99.13106 -20.47275 -20.22424 -3.655217e+02      True
   blk_core     reclasso       2000              2000 all bars      common 29195 2007-12-21           0.13577       0.14292  -0.00716    -5.00841  -0.00889  -0.00625 -1.425617e+01      True
   blk_core     reclasso       2000              2000 all bars deck period  7756 2020-01-03           0.15324       0.16285  -0.00960    -5.89710  -0.01321  -0.00672 -7.151740e+00      True
   blk_core     reclasso       2000              2000    11:00      common  4216 2007-12-21           0.11770       0.12340  -0.00570    -4.62035  -0.00716  -0.00428 -7.702160e+00      True
   blk_core     reclasso       2000              2000    11:00 deck period  1116 2020-01-03           0.14024       0.15016  -0.00992    -6.60624  -0.01317  -0.00666 -6.190000e+00      True
   blk_core     reclasso       2000              2000    11:30      common  4216 2007-12-21           0.12380       0.13022  -0.00642    -4.92679  -0.00811  -0.00480 -7.780270e+00      True
   blk_core     reclasso       2000              2000    11:30 deck period  1116 2020-01-03           0.13781       0.14825  -0.01044    -7.04335  -0.01360  -0.00739 -6.740200e+00      True
   blk_core     reclasso       2000              2000    12:00      common  4178 2007-12-21           0.12742       0.13454  -0.00712    -5.29287  -0.00882  -0.00554 -8.656060e+00      True
   blk_core     reclasso       2000              2000    12:00 deck period  1116 2020-01-03           0.13217       0.14360  -0.01143    -7.95669  -0.01452  -0.00813 -6.441680e+00      True
   blk_core     reclasso       2000              2000    12:30      common  4178 2007-12-21           0.13540       0.14431  -0.00891    -6.17415  -0.01081  -0.00720 -1.004666e+01      True
   blk_core     reclasso       2000              2000    12:30 deck period  1116 2020-01-03           0.14624       0.15933  -0.01309    -8.21589  -0.01611  -0.01000 -7.740400e+00      True
   blk_core     reclasso       2000              2000    13:00      common  4178 2007-12-21           0.14982       0.15680  -0.00698    -4.45338  -0.00954  -0.00416 -5.238130e+00      True
   blk_core     reclasso       2000              2000    13:00 deck period  1116 2020-01-03           0.16679       0.17537  -0.00858    -4.89441  -0.01483  -0.00090 -2.200310e+00      True
   blk_core     reclasso       2000              2000    13:30      common  4117 2007-12-21           0.15167       0.15939  -0.00772    -4.84375  -0.00991  -0.00544 -6.957160e+00      True
   blk_core     reclasso       2000              2000    13:30 deck period  1088 2020-01-03           0.17212       0.17809  -0.00597    -3.35377  -0.01153  -0.00071 -2.362130e+00      True
   blk_core     reclasso       2000              2000    14:00      common  4112 2007-12-21           0.14520       0.15249  -0.00729    -4.77812  -0.01082  -0.00288 -3.848020e+00      True
   blk_core     reclasso       2000              2000    14:00 deck period  1088 2020-01-03           0.17844       0.18609  -0.00765    -4.11002  -0.01648   0.00637 -1.365910e+00     False
   blk_core reclasticnet        500               500 all bars      common 40156 2001-10-11           0.12908       0.13563  -0.00655    -4.82611  -0.00834  -0.00606 -1.456237e+01      True
   blk_core reclasticnet        500               500 all bars deck period  7756 2020-01-03           0.14735       0.15319  -0.00584    -3.81172  -0.01041  -0.00326 -4.131600e+00      True
   blk_core reclasticnet        500               500    11:00      common  5797 2001-10-11           0.11186       0.11754  -0.00567    -4.82811  -0.00722  -0.00416 -7.320020e+00      True
   blk_core reclasticnet        500               500    11:00 deck period  1116 2020-01-03           0.13562       0.14185  -0.00624    -4.39802  -0.01087  -0.00155 -2.616300e+00      True
   blk_core reclasticnet        500               500    11:30      common  5799 2001-10-11           0.11666       0.12305  -0.00639    -5.19258  -0.00825  -0.00464 -7.636320e+00      True
   blk_core reclasticnet        500               500    11:30 deck period  1116 2020-01-03           0.12925       0.13684  -0.00759    -5.54696  -0.01230  -0.00264 -3.293750e+00      True
   blk_core reclasticnet        500               500    12:00      common  5738 2001-10-11           0.12140       0.12836  -0.00697    -5.42684  -0.00882  -0.00509 -7.464090e+00      True
   blk_core reclasticnet        500               500    12:00 deck period  1116 2020-01-03           0.12326       0.13232  -0.00906    -6.84722  -0.01305  -0.00468 -4.013120e+00      True
   blk_core reclasticnet        500               500    12:30      common  5738 2001-10-11           0.13522       0.14349  -0.00827    -5.76331  -0.01014  -0.00656 -9.472230e+00      True
   blk_core reclasticnet        500               500    12:30 deck period  1116 2020-01-03           0.13522       0.14661  -0.01140    -7.77227  -0.01529  -0.00734 -5.429620e+00      True
   blk_core reclasticnet        500               500    13:00      common  5738 2001-10-11           0.13991       0.14497  -0.00506    -3.49093  -0.00742  -0.00245 -4.156510e+00      True
   blk_core reclasticnet        500               500    13:00 deck period  1116 2020-01-03           0.16737       0.16816  -0.00079    -0.46971  -0.00912   0.00864 -1.791500e-01     False
   blk_core reclasticnet        500               500    13:30      common  5677 2001-10-11           0.14278       0.15019  -0.00741    -4.93449  -0.00942  -0.00534 -7.330740e+00      True
   blk_core reclasticnet        500               500    13:30 deck period  1088 2020-01-03           0.17114       0.17211  -0.00097    -0.56345  -0.00733   0.00546 -3.217400e-01     False
   blk_core reclasticnet        500               500    14:00      common  5669 2001-10-11           0.13629       0.14235  -0.00606    -4.25767  -0.00860  -0.00307 -4.790670e+00      True
   blk_core reclasticnet        500               500    14:00 deck period  1088 2020-01-03           0.17081       0.17549  -0.00468    -2.66644  -0.01254   0.00618 -1.053560e+00     False
   blk_core reclasticnet       2000               500 all bars      common 29656 2007-09-19           0.13528       0.14010  -0.00482    -3.43719  -0.00667  -0.00325 -8.548570e+00      True
   blk_core reclasticnet       2000               500 all bars deck period  7756 2020-01-03           0.15257       0.15319  -0.00062    -0.40721  -0.00489   0.00385 -4.466200e-01     False
   blk_core reclasticnet       2000               500    11:00      common  4282 2007-09-20           0.11714       0.12193  -0.00479    -3.92550  -0.00660  -0.00301 -5.390140e+00      True
   blk_core reclasticnet       2000               500    11:00 deck period  1116 2020-01-03           0.13954       0.14185  -0.00231    -1.63176  -0.00621   0.00155 -1.378260e+00     False
   blk_core reclasticnet       2000               500    11:30      common  4282 2007-09-20           0.12352       0.12759  -0.00407    -3.18674  -0.00609  -0.00200 -4.128060e+00      True
   blk_core reclasticnet       2000               500    11:30 deck period  1116 2020-01-03           0.13655       0.13684  -0.00029    -0.20958  -0.00474   0.00411 -1.429800e-01     False
   blk_core reclasticnet       2000               500    12:00      common  4243 2007-09-20           0.12700       0.13096  -0.00395    -3.01826  -0.00595  -0.00196 -4.056510e+00      True
   blk_core reclasticnet       2000               500    12:00 deck period  1116 2020-01-03           0.13130       0.13232  -0.00103    -0.77576  -0.00567   0.00368 -4.909700e-01     False
   blk_core reclasticnet       2000               500    12:30      common  4244 2007-09-19           0.13470       0.13990  -0.00520    -3.71643  -0.00740  -0.00293 -5.037390e+00      True
   blk_core reclasticnet       2000               500    12:30 deck period  1116 2020-01-03           0.14582       0.14661  -0.00079    -0.53948  -0.00570   0.00463 -3.696000e-01     False
   blk_core reclasticnet       2000               500    13:00      common  4244 2007-09-19           0.15008       0.15492  -0.00484    -3.12219  -0.00762  -0.00185 -3.523200e+00      True
   blk_core reclasticnet       2000               500    13:00 deck period  1116 2020-01-03           0.16643       0.16816  -0.00172    -1.02545  -0.00903   0.00653 -4.650000e-01     False
   blk_core reclasticnet       2000               500    13:30      common  4183 2007-09-19           0.15164       0.15742  -0.00578    -3.67138  -0.00815  -0.00348 -5.013940e+00      True
   blk_core reclasticnet       2000               500    13:30 deck period  1088 2020-01-03           0.17168       0.17211  -0.00043    -0.25169  -0.00535   0.00482 -1.669800e-01     False
   blk_core reclasticnet       2000               500    14:00      common  4178 2007-09-19           0.14352       0.14864  -0.00511    -3.44004  -0.00846  -0.00089 -2.611510e+00      True
   blk_core reclasticnet       2000               500    14:00 deck period  1088 2020-01-03           0.17777       0.17549   0.00229     1.30363  -0.00759   0.01719  3.654100e-01     False
   blk_core reclasticnet       2000              2000 all bars      common 29195 2007-12-21           0.13565       0.14264  -0.00700    -4.90555  -0.00858  -0.00612 -1.443831e+01      True
   blk_core reclasticnet       2000              2000 all bars deck period  7756 2020-01-03           0.15257       0.16237  -0.00980    -6.03410  -0.01327  -0.00686 -7.435160e+00      True
   blk_core reclasticnet       2000              2000    11:00      common  4216 2007-12-21           0.11750       0.12303  -0.00553    -4.49730  -0.00691  -0.00418 -7.958070e+00      True
   blk_core reclasticnet       2000              2000    11:00 deck period  1116 2020-01-03           0.13954       0.14949  -0.00995    -6.65532  -0.01311  -0.00686 -6.611720e+00      True
   blk_core reclasticnet       2000              2000    11:30      common  4216 2007-12-21           0.12355       0.12986  -0.00631    -4.86076  -0.00792  -0.00476 -8.176530e+00      True
   blk_core reclasticnet       2000              2000    11:30 deck period  1116 2020-01-03           0.13655       0.14753  -0.01098    -7.44115  -0.01413  -0.00796 -7.196670e+00      True
   blk_core reclasticnet       2000              2000    12:00      common  4178 2007-12-21           0.12736       0.13424  -0.00688    -5.12781  -0.00851  -0.00537 -8.856800e+00      True
   blk_core reclasticnet       2000              2000    12:00 deck period  1116 2020-01-03           0.13130       0.14295  -0.01165    -8.15061  -0.01467  -0.00855 -6.840330e+00      True
   blk_core reclasticnet       2000              2000    12:30      common  4178 2007-12-21           0.13535       0.14400  -0.00865    -6.00807  -0.01044  -0.00697 -9.745090e+00      True
   blk_core reclasticnet       2000              2000    12:30 deck period  1116 2020-01-03           0.14582       0.15868  -0.01286    -8.10422  -0.01583  -0.00990 -7.786150e+00      True
   blk_core reclasticnet       2000              2000    13:00      common  4178 2007-12-21           0.15004       0.15668  -0.00664    -4.23805  -0.00911  -0.00388 -5.138010e+00      True
   blk_core reclasticnet       2000              2000    13:00 deck period  1116 2020-01-03           0.16643       0.17485  -0.00842    -4.81554  -0.01455  -0.00055 -2.181900e+00      True
   blk_core reclasticnet       2000              2000    13:30      common  4117 2007-12-21           0.15185       0.15907  -0.00722    -4.54198  -0.00928  -0.00509 -6.810970e+00      True
   blk_core reclasticnet       2000              2000    13:30 deck period  1088 2020-01-03           0.17168       0.17775  -0.00608    -3.42014  -0.01140  -0.00103 -2.429420e+00      True
   blk_core reclasticnet       2000              2000    14:00      common  4112 2007-12-21           0.14454       0.15231  -0.00777    -5.10253  -0.01115  -0.00352 -4.256210e+00      True
   blk_core reclasticnet       2000              2000    14:00 deck period  1088 2020-01-03           0.17777       0.18629  -0.00852    -4.57259  -0.01742   0.00563 -1.500410e+00     False
   blk_core        ridge        500               500 all bars      common 40156 2001-10-11           0.12958       0.13547  -0.00590    -4.35137  -0.00758  -0.00531 -1.285601e+01      True
   blk_core        ridge        500               500 all bars deck period  7756 2020-01-03           0.14773       0.15311  -0.00538    -3.51385  -0.00956  -0.00216 -3.581630e+00      True
   blk_core        ridge        500               500    11:00      common  5797 2001-10-11           0.11260       0.11741  -0.00481    -4.09345  -0.00614  -0.00345 -6.579580e+00      True
   blk_core        ridge        500               500    11:00 deck period  1116 2020-01-03           0.13573       0.14147  -0.00575    -4.06157  -0.00966  -0.00214 -2.973080e+00      True
   blk_core        ridge        500               500    11:30      common  5799 2001-10-11           0.11834       0.12301  -0.00467    -3.79359  -0.00637  -0.00304 -5.950490e+00      True
   blk_core        ridge        500               500    11:30 deck period  1116 2020-01-03           0.13127       0.13679  -0.00553    -4.03978  -0.00947  -0.00121 -2.940420e+00      True
   blk_core        ridge        500               500    12:00      common  5738 2001-10-11           0.12197       0.12827  -0.00630    -4.91393  -0.00799  -0.00455 -7.149760e+00      True
   blk_core        ridge        500               500    12:00 deck period  1116 2020-01-03           0.12410       0.13289  -0.00879    -6.61163  -0.01180  -0.00560 -5.008490e+00      True
   blk_core        ridge        500               500    12:30      common  5738 2001-10-11           0.13549       0.14309  -0.00760    -5.31398  -0.00952  -0.00582 -8.412560e+00      True
   blk_core        ridge        500               500    12:30 deck period  1116 2020-01-03           0.13548       0.14628  -0.01080    -7.38051  -0.01433  -0.00720 -5.445740e+00      True
   blk_core        ridge        500               500    13:00      common  5738 2001-10-11           0.13964       0.14451  -0.00487    -3.36829  -0.00710  -0.00264 -4.431010e+00      True
   blk_core        ridge        500               500    13:00 deck period  1116 2020-01-03           0.16476       0.16694  -0.00218    -1.30640  -0.00925   0.00581 -5.920500e-01     False
   blk_core        ridge        500               500    13:30      common  5677 2001-10-11           0.14267       0.15012  -0.00745    -4.96258  -0.00932  -0.00565 -7.868990e+00      True
   blk_core        ridge        500               500    13:30 deck period  1088 2020-01-03           0.16810       0.17171  -0.00361    -2.10326  -0.00843   0.00102 -1.511070e+00     False
   blk_core        ridge        500               500    14:00      common  5669 2001-10-11           0.13688       0.14248  -0.00561    -3.93453  -0.00870  -0.00153 -3.335250e+00      True
   blk_core        ridge        500               500    14:00 deck period  1088 2020-01-03           0.17591       0.17677  -0.00086    -0.48459  -0.01197   0.01761 -1.204900e-01     False
   blk_core        ridge       2000               500 all bars      common 29656 2007-09-19           0.13483       0.13983  -0.00500    -3.57890  -0.00686  -0.00341 -9.089150e+00      True
   blk_core        ridge       2000               500 all bars deck period  7756 2020-01-03           0.15269       0.15311  -0.00043    -0.27799  -0.00450   0.00367 -3.310300e-01     False
   blk_core        ridge       2000               500    11:00      common  4282 2007-09-20           0.11717       0.12166  -0.00449    -3.69094  -0.00637  -0.00260 -4.896230e+00      True
   blk_core        ridge       2000               500    11:00 deck period  1116 2020-01-03           0.14093       0.14147  -0.00055    -0.38528  -0.00455   0.00339 -3.120400e-01     False
   blk_core        ridge       2000               500    11:30      common  4282 2007-09-20           0.12351       0.12738  -0.00386    -3.03220  -0.00593  -0.00182 -3.985630e+00      True
   blk_core        ridge       2000               500    11:30 deck period  1116 2020-01-03           0.13742       0.13679   0.00063     0.45738  -0.00365   0.00507  3.270800e-01     False
   blk_core        ridge       2000               500    12:00      common  4243 2007-09-20           0.12632       0.13068  -0.00436    -3.33931  -0.00640  -0.00227 -4.413730e+00      True
   blk_core        ridge       2000               500    12:00 deck period  1116 2020-01-03           0.13124       0.13289  -0.00165    -1.24086  -0.00612   0.00290 -8.384400e-01     False
   blk_core        ridge       2000               500    12:30      common  4244 2007-09-19           0.13426       0.13950  -0.00525    -3.76056  -0.00746  -0.00297 -4.930550e+00      True
   blk_core        ridge       2000               500    12:30 deck period  1116 2020-01-03           0.14625       0.14628  -0.00002    -0.01604  -0.00494   0.00538 -1.109000e-02     False
   blk_core        ridge       2000               500    13:00      common  4244 2007-09-19           0.14983       0.15433  -0.00450    -2.91368  -0.00735  -0.00151 -3.242280e+00      True
   blk_core        ridge       2000               500    13:00 deck period  1116 2020-01-03           0.16683       0.16694  -0.00011    -0.06476  -0.00705   0.00814 -2.998000e-02     False
   blk_core        ridge       2000               500    13:30      common  4183 2007-09-19           0.15069       0.15722  -0.00654    -4.15684  -0.00895  -0.00421 -5.535530e+00      True
   blk_core        ridge       2000               500    13:30 deck period  1088 2020-01-03           0.17058       0.17171  -0.00113    -0.66039  -0.00631   0.00391 -4.232700e-01     False
   blk_core        ridge       2000               500    14:00      common  4178 2007-09-19           0.14262       0.14871  -0.00609    -4.09507  -0.00914  -0.00250 -3.537560e+00      True
   blk_core        ridge       2000               500    14:00 deck period  1088 2020-01-03           0.17661       0.17677  -0.00016    -0.08860  -0.00873   0.01237 -3.033000e-02     False
   blk_core        ridge       2000              2000 all bars      common 29195 2007-12-21           0.13518       0.14158  -0.00640    -4.52131  -0.00795  -0.00554 -1.338280e+01      True
   blk_core        ridge       2000              2000 all bars deck period  7756 2020-01-03           0.15269       0.16126  -0.00857    -5.31354  -0.01201  -0.00547 -6.662910e+00      True
   blk_core        ridge       2000              2000    11:00      common  4216 2007-12-21           0.11752       0.12218  -0.00466    -3.81556  -0.00597  -0.00340 -6.799190e+00      True
   blk_core        ridge       2000              2000    11:00 deck period  1116 2020-01-03           0.14093       0.14878  -0.00786    -5.27980  -0.01097  -0.00471 -5.156430e+00      True
   blk_core        ridge       2000              2000    11:30      common  4216 2007-12-21           0.12354       0.12896  -0.00542    -4.20427  -0.00692  -0.00395 -7.323280e+00      True
   blk_core        ridge       2000              2000    11:30 deck period  1116 2020-01-03           0.13742       0.14670  -0.00929    -6.32926  -0.01230  -0.00620 -6.271650e+00      True
   blk_core        ridge       2000              2000    12:00      common  4178 2007-12-21           0.12666       0.13341  -0.00674    -5.05546  -0.00839  -0.00523 -8.571850e+00      True
   blk_core        ridge       2000              2000    12:00 deck period  1116 2020-01-03           0.13124       0.14227  -0.01103    -7.75187  -0.01399  -0.00808 -7.053660e+00      True
   blk_core        ridge       2000              2000    12:30      common  4178 2007-12-21           0.13490       0.14291  -0.00801    -5.60738  -0.00974  -0.00633 -8.999000e+00      True
   blk_core        ridge       2000              2000    12:30 deck period  1116 2020-01-03           0.14625       0.15721  -0.01096    -6.97087  -0.01392  -0.00796 -6.814410e+00      True
   blk_core        ridge       2000              2000    13:00      common  4178 2007-12-21           0.14979       0.15526  -0.00547    -3.52191  -0.00811  -0.00267 -4.154090e+00      True
   blk_core        ridge       2000              2000    13:00 deck period  1116 2020-01-03           0.16683       0.17267  -0.00584    -3.38129  -0.01241   0.00239 -1.484270e+00     False
   blk_core        ridge       2000              2000    13:30      common  4117 2007-12-21           0.15088       0.15781  -0.00693    -4.38915  -0.00884  -0.00496 -6.794030e+00      True
   blk_core        ridge       2000              2000    13:30 deck period  1088 2020-01-03           0.17058       0.17693  -0.00635    -3.59084  -0.01134  -0.00152 -2.683950e+00      True
   blk_core        ridge       2000              2000    14:00      common  4112 2007-12-21           0.14362       0.15125  -0.00763    -5.04203  -0.01084  -0.00347 -4.183940e+00      True
   blk_core        ridge       2000              2000    14:00 deck period  1088 2020-01-03           0.17661       0.18522  -0.00860    -4.64537  -0.01749   0.00577 -1.497430e+00     False
   blk_open     reclasso        500               500 all bars      common  9363 2006-03-02           0.12389      20.39122 -20.26732   -99.39243 -20.30930 -20.22841 -1.184206e+03      True
   blk_open     reclasso        500               500 all bars deck period  2232 2020-01-03           0.12507      20.42860 -20.30353   -99.38777 -20.40578 -20.20769 -5.547033e+02      True
   blk_open     reclasso        500               500    10:00      common  4681 2006-03-03           0.10289      20.36637 -20.26347   -99.49478 -20.30760 -20.22189 -1.003637e+03      True
   blk_open     reclasso        500               500    10:00 deck period  1116 2020-01-03           0.10184      20.40770 -20.30586   -99.50099 -20.41372 -20.20578 -4.495933e+02      True
   blk_open     reclasso        500               500    10:30      common  4682 2006-03-02           0.14488      20.41606 -20.27117   -99.29034 -20.31272 -20.23064 -9.787001e+02      True
   blk_open     reclasso        500               500    10:30 deck period  1116 2020-01-03           0.14830      20.44950 -20.30120   -99.27478 -20.40082 -20.20844 -4.503999e+02      True
   blk_open     reclasso       2000               500 all bars      common  6363 2011-12-23           0.12343      20.41090 -20.28747   -99.39529 -20.33722 -20.23639 -9.371702e+02      True
   blk_open     reclasso       2000               500 all bars deck period  2232 2020-01-03           0.12829      20.42860 -20.30031   -99.37200 -20.40109 -20.20617 -5.645266e+02      True
   blk_open     reclasso       2000               500    10:00      common  3181 2011-12-27           0.10395      20.38655 -20.28260   -99.49010 -20.33615 -20.23241 -8.120218e+02      True
   blk_open     reclasso       2000               500    10:00 deck period  1116 2020-01-03           0.10634      20.40770 -20.30135   -99.47892 -20.40688 -20.20358 -4.592057e+02      True
   blk_open     reclasso       2000               500    10:30      common  3182 2011-12-23           0.14289      20.43524 -20.29235   -99.30074 -20.34279 -20.24029 -7.941536e+02      True
   blk_open     reclasso       2000               500    10:30 deck period  1116 2020-01-03           0.15024      20.44950 -20.29926   -99.26529 -20.39768 -20.20699 -4.588218e+02      True
   blk_open     reclasso       2000              2000 all bars      common  6363 2011-12-23           0.12343       0.12911  -0.00569    -4.40349  -0.00771  -0.00357 -5.419220e+00      True
   blk_open     reclasso       2000              2000 all bars deck period  2232 2020-01-03           0.12829       0.13563  -0.00734    -5.41288  -0.01098  -0.00367 -3.930500e+00      True
   blk_open     reclasso       2000              2000    10:00      common  3181 2011-12-27           0.10395       0.11305  -0.00910    -8.05168  -0.01153  -0.00674 -7.520510e+00      True
   blk_open     reclasso       2000              2000    10:00 deck period  1116 2020-01-03           0.10634       0.11616  -0.00982    -8.45545  -0.01437  -0.00543 -4.306180e+00      True
   blk_open     reclasso       2000              2000    10:30      common  3182 2011-12-23           0.14289       0.14516  -0.00227    -1.56316  -0.00467   0.00041 -1.697650e+00     False
   blk_open     reclasso       2000              2000    10:30 deck period  1116 2020-01-03           0.15024       0.15511  -0.00486    -3.13422  -0.00858  -0.00108 -2.427480e+00      True
   blk_open reclasticnet        500               500 all bars      common  9363 2006-03-02           0.12314       0.12826  -0.00512    -3.99422  -0.00689  -0.00326 -5.618020e+00      True
   blk_open reclasticnet        500               500 all bars deck period  2232 2020-01-03           0.12439       0.13224  -0.00784    -5.93196  -0.01156  -0.00426 -4.186820e+00      True
   blk_open reclasticnet        500               500    10:00      common  4681 2006-03-03           0.10171       0.11129  -0.00958    -8.61077  -0.01180  -0.00732 -8.088350e+00      True
   blk_open reclasticnet        500               500    10:00 deck period  1116 2020-01-03           0.10031       0.11274  -0.01243   -11.02639  -0.01716  -0.00785 -5.164010e+00      True
   blk_open reclasticnet        500               500    10:30      common  4682 2006-03-02           0.14456       0.14522  -0.00066    -0.45701  -0.00290   0.00176 -5.471700e-01     False
   blk_open reclasticnet        500               500    10:30 deck period  1116 2020-01-03           0.14848       0.15173  -0.00326    -2.14658  -0.00802   0.00124 -1.392540e+00     False
   blk_open reclasticnet       2000               500 all bars      common  6363 2011-12-23           0.12283       0.12989  -0.00706    -5.43880  -0.00960  -0.00450 -5.655170e+00      True
   blk_open reclasticnet       2000               500 all bars deck period  2232 2020-01-03           0.12768       0.13224  -0.00456    -3.45024  -0.00951   0.00051 -1.920880e+00     False
   blk_open reclasticnet       2000               500    10:00      common  3181 2011-12-27           0.10334       0.11442  -0.01108    -9.68032  -0.01426  -0.00795 -7.319860e+00      True
   blk_open reclasticnet       2000               500    10:00 deck period  1116 2020-01-03           0.10512       0.11274  -0.00762    -6.76162  -0.01273  -0.00219 -2.863330e+00      True
   blk_open reclasticnet       2000               500    10:30      common  3182 2011-12-23           0.14231       0.14537  -0.00305    -2.10141  -0.00626   0.00023 -1.841180e+00     False
   blk_open reclasticnet       2000               500    10:30 deck period  1116 2020-01-03           0.15023       0.15173  -0.00150    -0.98974  -0.00883   0.00490 -4.317400e-01     False
   blk_open reclasticnet       2000              2000 all bars      common  6363 2011-12-23           0.12283       0.12870  -0.00587    -4.56051  -0.00786  -0.00389 -5.866260e+00      True
   blk_open reclasticnet       2000              2000 all bars deck period  2232 2020-01-03           0.12768       0.13495  -0.00728    -5.39152  -0.01099  -0.00375 -4.002760e+00      True
   blk_open reclasticnet       2000              2000    10:00      common  3181 2011-12-27           0.10334       0.11268  -0.00934    -8.28740  -0.01173  -0.00701 -7.841060e+00      True
   blk_open reclasticnet       2000              2000    10:00 deck period  1116 2020-01-03           0.10512       0.11536  -0.01024    -8.87814  -0.01482  -0.00602 -4.601740e+00      True
   blk_open reclasticnet       2000              2000    10:30      common  3182 2011-12-23           0.14231       0.14471  -0.00240    -1.65956  -0.00461  -0.00003 -2.006210e+00      True
   blk_open reclasticnet       2000              2000    10:30 deck period  1116 2020-01-03           0.15023       0.15454  -0.00431    -2.78880  -0.00802  -0.00063 -2.203100e+00      True
   blk_open        ridge        500               500 all bars      common  9363 2006-03-02           0.12426       0.12812  -0.00386    -3.00947  -0.00577  -0.00192 -3.994870e+00      True
   blk_open        ridge        500               500 all bars deck period  2232 2020-01-03           0.12753       0.13195  -0.00442    -3.34728  -0.00841  -0.00011 -2.134930e+00      True
   blk_open        ridge        500               500    10:00      common  4681 2006-03-03           0.10305       0.11115  -0.00810    -7.28873  -0.01066  -0.00559 -6.406390e+00      True
   blk_open        ridge        500               500    10:00 deck period  1116 2020-01-03           0.10307       0.11225  -0.00918    -8.18095  -0.01470  -0.00332 -3.275520e+00      True
   blk_open        ridge        500               500    10:30      common  4682 2006-03-02           0.14547       0.14508   0.00039     0.26835  -0.00192   0.00283  3.102000e-01     False
   blk_open        ridge        500               500    10:30 deck period  1116 2020-01-03           0.15199       0.15164   0.00035     0.23083  -0.00401   0.00483  1.514500e-01     False
   blk_open        ridge       2000               500 all bars      common  6363 2011-12-23           0.12293       0.12976  -0.00683    -5.26595  -0.00944  -0.00406 -5.293560e+00      True
   blk_open        ridge       2000               500 all bars deck period  2232 2020-01-03           0.12790       0.13195  -0.00405    -3.07051  -0.00906   0.00117 -1.640540e+00     False
   blk_open        ridge       2000               500    10:00      common  3181 2011-12-27           0.10290       0.11433  -0.01143   -10.00076  -0.01477  -0.00825 -7.250450e+00      True
   blk_open        ridge       2000               500    10:00 deck period  1116 2020-01-03           0.10488       0.11225  -0.00737    -6.56961  -0.01275  -0.00165 -2.581450e+00      True
   blk_open        ridge       2000               500    10:30      common  3182 2011-12-23           0.14295       0.14518  -0.00223    -1.53847  -0.00547   0.00126 -1.303290e+00     False
   blk_open        ridge       2000               500    10:30 deck period  1116 2020-01-03           0.15092       0.15164  -0.00073    -0.48032  -0.00805   0.00578 -2.077700e-01     False
   blk_open        ridge       2000              2000 all bars      common  6363 2011-12-23           0.12293       0.12831  -0.00538    -4.19278  -0.00759  -0.00320 -4.972650e+00      True
   blk_open        ridge       2000              2000 all bars deck period  2232 2020-01-03           0.12790       0.13459  -0.00670    -4.97528  -0.01035  -0.00289 -3.462710e+00      True
   blk_open        ridge       2000              2000    10:00      common  3181 2011-12-27           0.10290       0.11219  -0.00929    -8.28121  -0.01183  -0.00691 -7.275020e+00      True
   blk_open        ridge       2000              2000    10:00 deck period  1116 2020-01-03           0.10488       0.11465  -0.00977    -8.52129  -0.01435  -0.00539 -4.168770e+00      True
   blk_open        ridge       2000              2000    10:30      common  3182 2011-12-23           0.14295       0.14442  -0.00147    -1.01781  -0.00397   0.00123 -1.098510e+00     False
   blk_open        ridge       2000              2000    10:30 deck period  1116 2020-01-03           0.15092       0.15454  -0.00362    -2.34459  -0.00750   0.00037 -1.766860e+00     False
blk_release     reclasso        500               500 all bars      common  9081 2006-04-04           0.21018      20.58925 -20.37907   -98.97917 -20.42638 -20.33125 -9.737662e+02      True
blk_release     reclasso        500               500 all bars deck period  2174 2020-01-03           0.24174      20.67171 -20.42997   -98.83060 -20.54348 -20.31972 -4.473209e+02      True
blk_release     reclasso        500               500    14:30      common  4541 2006-04-05           0.25377      20.62560 -20.37183   -98.76962 -20.42424 -20.31899 -7.939258e+02      True
blk_release     reclasso        500               500    14:30 deck period  1087 2020-01-03           0.28616      20.66898 -20.38281   -98.61550 -20.50189 -20.26656 -3.606133e+02      True
blk_release     reclasso        500               500    15:00      common  4540 2006-04-04           0.16658      20.55288 -20.38630   -99.18951 -20.43225 -20.33821 -8.557641e+02      True
blk_release     reclasso        500               500    15:00 deck period  1087 2020-01-03           0.19731      20.67444 -20.47712   -99.04563 -20.58829 -20.36640 -3.856927e+02      True
blk_release     reclasso       2000               500 all bars      common  6081 2012-03-22           0.22181      20.62930 -20.40749   -98.92478 -20.46818 -20.34664 -7.975157e+02      True
blk_release     reclasso       2000               500 all bars deck period  2174 2020-01-03           0.25108      20.67171 -20.42063   -98.78541 -20.53111 -20.31362 -4.594923e+02      True
blk_release     reclasso       2000               500    14:30      common  3041 2012-03-22           0.25963      20.67150 -20.41187   -98.74402 -20.47694 -20.34332 -6.491492e+02      True
blk_release     reclasso       2000               500    14:30 deck period  1087 2020-01-03           0.28217      20.66898 -20.38680   -98.63480 -20.50668 -20.26957 -3.666427e+02      True
blk_release     reclasso       2000               500    15:00      common  3040 2012-03-22           0.18398      20.58710 -20.40312   -99.10633 -20.46115 -20.34073 -6.946117e+02      True
blk_release     reclasso       2000               500    15:00 deck period  1087 2020-01-03           0.21998      20.67444 -20.45445   -98.93598 -20.56113 -20.34779 -4.031168e+02      True
blk_release     reclasso       2000              2000 all bars      common  6081 2012-03-22           0.22181       0.24234  -0.02052    -8.46927  -0.02535  -0.01585 -9.826000e+00      True
blk_release     reclasso       2000              2000 all bars deck period  2174 2020-01-03           0.25108       0.28057  -0.02950   -10.51268  -0.03864  -0.01961 -7.215450e+00      True
blk_release     reclasso       2000              2000    14:30      common  3041 2012-03-22           0.25963       0.30286  -0.04323   -14.27306  -0.05016  -0.03653 -1.344941e+01      True
blk_release     reclasso       2000              2000    14:30 deck period  1087 2020-01-03           0.28217       0.33803  -0.05585   -16.52364  -0.06831  -0.04415 -9.527680e+00      True
blk_release     reclasso       2000              2000    15:00      common  3040 2012-03-22           0.18398       0.18179   0.00219     1.20265  -0.00222   0.00679  1.005370e+00     False
blk_release     reclasso       2000              2000    15:00 deck period  1087 2020-01-03           0.21998       0.22312  -0.00314    -1.40602  -0.01256   0.00842 -6.937700e-01     False
blk_release reclasticnet        500               500 all bars      common  9081 2006-04-04           0.20953       0.22709  -0.01756    -7.73145  -0.02212  -0.01334 -8.558610e+00      True
blk_release reclasticnet        500               500 all bars deck period  2174 2020-01-03           0.24087       0.27191  -0.03104   -11.41606  -0.04384  -0.01931 -5.320810e+00      True
blk_release reclasticnet        500               500    14:30      common  4541 2006-04-05           0.25233       0.28676  -0.03443   -12.00680  -0.04168  -0.02782 -1.029321e+01      True
blk_release reclasticnet        500               500    14:30 deck period  1087 2020-01-03           0.28501       0.33877  -0.05376   -15.86991  -0.07327  -0.03642 -5.980960e+00      True
blk_release reclasticnet        500               500    15:00      common  4540 2006-04-04           0.16672       0.16740  -0.00068    -0.40584  -0.00498   0.00320 -3.491400e-01     False
blk_release reclasticnet        500               500    15:00 deck period  1087 2020-01-03           0.19674       0.20506  -0.00832    -4.05784  -0.01756   0.00155 -1.687840e+00     False
blk_release reclasticnet       2000               500 all bars      common  6081 2012-03-22           0.22245       0.24003  -0.01758    -7.32450  -0.02246  -0.01260 -6.583230e+00      True
blk_release reclasticnet       2000               500 all bars deck period  2174 2020-01-03           0.25220       0.27191  -0.01971    -7.24973  -0.03040  -0.00907 -3.321350e+00      True
blk_release reclasticnet       2000               500    14:30      common  3041 2012-03-22           0.26069       0.30378  -0.04310   -14.18655  -0.05156  -0.03526 -1.010884e+01      True
blk_release reclasticnet       2000               500    14:30 deck period  1087 2020-01-03           0.28557       0.33877  -0.05321   -15.70606  -0.07134  -0.03789 -5.565420e+00      True
blk_release reclasticnet       2000               500    15:00      common  3040 2012-03-22           0.18419       0.17625   0.00794     4.50682   0.00360   0.01253  3.511100e+00     False
blk_release reclasticnet       2000               500    15:00 deck period  1087 2020-01-03           0.21884       0.20506   0.01378     6.72097   0.00419   0.02357  2.930710e+00     False
blk_release reclasticnet       2000              2000 all bars      common  6081 2012-03-22           0.22245       0.24202  -0.01958    -8.08865  -0.02426  -0.01508 -9.581700e+00      True
blk_release reclasticnet       2000              2000 all bars deck period  2174 2020-01-03           0.25220       0.28036  -0.02815   -10.04239  -0.03719  -0.01865 -7.210700e+00      True
blk_release reclasticnet       2000              2000    14:30      common  3041 2012-03-22           0.26069       0.30252  -0.04183   -13.82779  -0.04875  -0.03540 -1.319429e+01      True
blk_release reclasticnet       2000              2000    14:30 deck period  1087 2020-01-03           0.28557       0.33782  -0.05226   -15.46902  -0.06494  -0.04041 -8.919760e+00      True
blk_release reclasticnet       2000              2000    15:00      common  3040 2012-03-22           0.18419       0.18151   0.00269     1.47999  -0.00161   0.00693  1.313670e+00     False
blk_release reclasticnet       2000              2000    15:00 deck period  1087 2020-01-03           0.21884       0.22289  -0.00405    -1.81746  -0.01259   0.00599 -1.012850e+00     False
blk_release        ridge        500               500 all bars      common  9081 2006-04-04           0.20928       0.22627  -0.01699    -7.50734  -0.02165  -0.01281 -8.225790e+00      True
blk_release        ridge        500               500 all bars deck period  2174 2020-01-03           0.23899       0.27121  -0.03223   -11.88329  -0.04538  -0.02004 -5.604380e+00      True
blk_release        ridge        500               500    14:30      common  4541 2006-04-05           0.25158       0.28555  -0.03397   -11.89690  -0.04071  -0.02741 -1.031410e+01      True
blk_release        ridge        500               500    14:30 deck period  1087 2020-01-03           0.28331       0.33721  -0.05390   -15.98347  -0.07285  -0.03678 -6.221430e+00      True
blk_release        ridge        500               500    15:00      common  4540 2006-04-04           0.16697       0.16697   0.00000     0.00124  -0.00452   0.00415  1.000000e-03     False
blk_release        ridge        500               500    15:00 deck period  1087 2020-01-03           0.19466       0.20522  -0.01056    -5.14622  -0.02133   0.00079 -1.990090e+00     False
blk_release        ridge       2000               500 all bars      common  6081 2012-03-22           0.22302       0.23924  -0.01623    -6.78263  -0.02120  -0.01109 -6.087530e+00      True
blk_release        ridge       2000               500 all bars deck period  2174 2020-01-03           0.25122       0.27121  -0.01999    -7.37094  -0.03092  -0.00949 -3.371140e+00      True
blk_release        ridge       2000               500    14:30      common  3041 2012-03-22           0.25997       0.30262  -0.04265   -14.09352  -0.05117  -0.03449 -1.000454e+01      True
blk_release        ridge       2000               500    14:30 deck period  1087 2020-01-03           0.28117       0.33721  -0.05603   -16.61647  -0.07396  -0.04084 -5.997430e+00      True
blk_release        ridge       2000               500    15:00      common  3040 2012-03-22           0.18605       0.17585   0.01020     5.80329   0.00583   0.01495  4.344230e+00     False
blk_release        ridge       2000               500    15:00 deck period  1087 2020-01-03           0.22127       0.20522   0.01605     7.82051   0.00630   0.02663  3.118450e+00     False
blk_release        ridge       2000              2000 all bars      common  6081 2012-03-22           0.22302       0.24047  -0.01745    -7.25788  -0.02248  -0.01263 -8.199940e+00      True
blk_release        ridge       2000              2000 all bars deck period  2174 2020-01-03           0.25122       0.27857  -0.02734    -9.81537  -0.03664  -0.01728 -6.566990e+00      True
blk_release        ridge       2000              2000    14:30      common  3041 2012-03-22           0.25997       0.30136  -0.04138   -13.73231  -0.04887  -0.03457 -1.248922e+01      True
blk_release        ridge       2000              2000    14:30 deck period  1087 2020-01-03           0.28117       0.33634  -0.05516   -16.40077  -0.06840  -0.04282 -9.117510e+00      True
blk_release        ridge       2000              2000    15:00      common  3040 2012-03-22           0.18605       0.17957   0.00648     3.61144   0.00200   0.01109  2.963570e+00     False
blk_release        ridge       2000              2000    15:00 deck period  1087 2020-01-03           0.22127       0.22080   0.00048     0.21609  -0.00904   0.01205  1.029200e-01     False

wrote /u/scratch/j/jamesdc1/harxhar-subsection/results/linear_subsection/sentiment/subsection_vs_pooled.csv

15:30 sign(s) trade with each arm's forecast (deck ridge: 1.338 mid / 0.870 crossed)
  segment    estimator  train_win  deck_days  pct_buy  Sharpe_mid  Sharpe_crossed  ridge_Sharpe_mid_same_days
  bar1600     reclasso        500        866  34.6420      1.0259          0.5510                      1.3383
  bar1600     reclasso       2000        866  38.3372      1.5084          1.0345                      1.3383
  bar1600 reclasticnet        500        866  34.0647      0.8862          0.4097                      1.3383
  bar1600 reclasticnet       2000        866  37.8753      1.4361          0.9605                      1.3383
  bar1600        ridge        500        866  37.0670      0.5521          0.0795                      1.3383
  bar1600        ridge       2000        866  40.0693      0.9883          0.5138                      1.3383
blk_close     reclasso        500        866 100.0000     -0.2038         -0.6756                      1.3383
blk_close     reclasso       2000        866  39.9538      1.5585          1.0917                      1.3383
blk_close reclasticnet        500        866  34.8730      0.9823          0.5065                      1.3383
blk_close reclasticnet       2000        866  40.0693      1.7014          1.2365                      1.3383
blk_close        ridge        500        866  34.7575      0.6915          0.2159                      1.3383
blk_close        ridge       2000        866  39.8383      1.3916          0.9216                      1.3383
     none     reclasso        500        866 100.0000     -0.2038         -0.6756                      1.3383
     none     reclasso       2000        866  40.5312      1.1856          0.7146                      1.3383
     none reclasticnet        500        866  30.7159      1.0258          0.5492                      1.3383
     none reclasticnet       2000        866  40.6467      1.2751          0.8045                      1.3383
     none        ridge        500        866  30.3695      0.8596          0.3832                      1.3383
     none        ridge       2000        866  39.7229      1.4125          0.9420                      1.3383
