segment,bar_end,estimator,train_win,sample,comparison,n,QLIKE_a,QLIKE_b,diff,pct,ci_lo,ci_hi,improves,worse,blown
bar1000,10:00,reclasso,500,common,coefficients,3056,0.10926823974543261,1.9017408948104748,-1.792472655065042,-94.25430456674685,-2.8272630197407906,-0.8995788388190611,True,False,True
bar1000,10:00,reclasso,500,common,package,3056,0.10926823974543261,1.7178159400691881,-1.6085477003237552,-93.63911830152001,-2.647357513604004,-0.7643303646892018,True,False,True
bar1000,10:00,reclasso,500,common,calibration,3056,1.9017408948104748,1.7178159400691881,0.18392495474128692,10.706906977116478,-0.1378410685704336,0.6108791988397974,False,False,True
bar1000,10:00,reclasso,500,common,as scored,3056,0.10863628924467719,20.391507777459626,-20.282871488214948,-99.46724739322728,-20.334415930069596,-20.227978734783044,True,False,True
bar1000,10:00,reclasso,500,deck period,coefficients,1116,0.10834886931031974,0.11460657047859718,-0.006257701168277437,-5.4601591707571995,-0.013677064782390697,0.0016247232958821686,False,False,False
bar1000,10:00,reclasso,500,deck period,package,1116,0.10834886931031974,0.1165931629317533,-0.008244293621433566,-7.070992341342764,-0.014463634302688292,-0.0015949162745900567,True,False,False
bar1000,10:00,reclasso,500,deck period,calibration,1116,0.11460657047859718,0.1165931629317533,-0.001986592453156129,-1.7038670220473924,-0.00634122758548953,0.0015283279520959356,False,False,False
bar1000,10:00,reclasso,500,deck period,as scored,1116,0.10730571130600737,20.407695348917425,-20.30038963761142,-99.47418995887892,-20.406862096154516,-20.202001949954884,True,False,True
bar1000,10:00,reclasso,2000,common,coefficients,1556,0.11219335344438316,0.12113438232635133,-0.008941028881968176,-7.381082654039473,-0.014186334159081868,-0.003842603874098814,True,False,False
bar1000,10:00,reclasso,2000,common,package,1556,0.11219335344438316,0.12537316249503794,-0.013179809050654762,-10.512464381024445,-0.017322525440138185,-0.009420301314321823,True,False,False
bar1000,10:00,reclasso,2000,common,calibration,1556,0.12113438232635133,0.12537316249503794,-0.004238780168686586,-3.3809310416448572,-0.007124672885644225,-0.0015104499472746336,True,False,False
bar1000,10:00,reclasso,2000,common,as scored,1556,0.11156454972093463,0.12215976204412687,-0.01059521232319223,-8.673242437526195,-0.015204249618788024,-0.006198460420364696,True,False,False
bar1000,10:00,reclasso,2000,deck period,coefficients,1116,0.10855476860268885,0.11455564666352004,-0.006000878060831192,-5.23839569293109,-0.011901785915698923,0.000233012598621217,False,False,False
bar1000,10:00,reclasso,2000,deck period,package,1116,0.10855476860268885,0.12024707205126894,-0.011692303448580115,-9.723566028780263,-0.016286648319279517,-0.007173132611280277,True,False,False
bar1000,10:00,reclasso,2000,deck period,calibration,1116,0.11455564666352004,0.12024707205126894,-0.0056914253877489215,-4.733109331196278,-0.00957942556039486,-0.002517400642710538,True,False,False
bar1000,10:00,reclasso,2000,deck period,as scored,1116,0.10780009190144242,0.11616315071670372,-0.00836305881526129,-7.1994076982785575,-0.013489537825828148,-0.0033892894730210353,True,False,False
bar1000,10:00,reclasticnet,500,common,coefficients,3056,0.1088746625116395,0.11778778602621877,-0.008913123514579274,-7.567103360441185,-0.013311492664644072,-0.004632978308436957,True,False,False
bar1000,10:00,reclasticnet,500,common,package,3056,0.1088746625116395,0.11785628388378293,-0.008981621372143431,-7.62082519163775,-0.012661833949824147,-0.005274656213493055,True,False,False
bar1000,10:00,reclasticnet,500,common,calibration,3056,0.11778778602621877,0.11785628388378293,-6.849785756415665e-05,-0.05811981788913504,-0.001962144133478171,0.0016183919435241595,False,False,False
bar1000,10:00,reclasticnet,500,common,as scored,3056,0.10841193380171427,0.11620958061806644,-0.007797646816352177,-6.709986194666571,-0.011698372578992578,-0.003876129689173112,True,False,False
bar1000,10:00,reclasticnet,500,deck period,coefficients,1116,0.10756947980299118,0.11437028716004286,-0.006800807357051661,-5.946306095686393,-0.01493946704375373,0.0013030306684293663,False,False,False
bar1000,10:00,reclasticnet,500,deck period,package,1116,0.10756947980299118,0.11613439003922184,-0.00856491023623064,-7.374999113818077,-0.015384013602940776,-0.0012139982606016672,True,False,False
bar1000,10:00,reclasticnet,500,deck period,calibration,1116,0.11437028716004286,0.11613439003922184,-0.0017641028791789786,-1.5190185082844037,-0.00607717313541129,0.0017387376882002062,False,False,False
bar1000,10:00,reclasticnet,500,deck period,as scored,1116,0.10653815830001914,0.11274404453978436,-0.006205886239765221,-5.504402707120668,-0.013450509698733773,0.001232257698280073,False,False,False
bar1000,10:00,reclasticnet,2000,common,coefficients,1556,0.11221841569267266,0.12030576416612351,-0.008087348473450866,-6.722328335227145,-0.013469545463753244,-0.002982944755853607,True,False,False
bar1000,10:00,reclasticnet,2000,common,package,1556,0.11221841569267266,0.124587943882166,-0.012369528189493372,-9.928350853267428,-0.016518729723405918,-0.008665177156005293,True,False,False
bar1000,10:00,reclasticnet,2000,common,calibration,1556,0.12030576416612351,0.124587943882166,-0.004282179716042509,-3.437073911495442,-0.0072045112759821575,-0.0015514221122801953,True,False,False
bar1000,10:00,reclasticnet,2000,common,as scored,1556,0.1116355311308195,0.12138036204306926,-0.009744830912249768,-8.028342269066572,-0.014276529631246293,-0.005484500107094678,True,False,False
bar1000,10:00,reclasticnet,2000,deck period,coefficients,1116,0.10911928079757648,0.11368997967118903,-0.00457069887361257,-4.020318137826937,-0.010579909048383268,0.001692897402395869,False,False,False
bar1000,10:00,reclasticnet,2000,deck period,package,1116,0.10911928079757648,0.11944116161837165,-0.010321880820795179,-8.641812153313433,-0.01505402981373144,-0.005803751129409445,True,False,False
bar1000,10:00,reclasticnet,2000,deck period,calibration,1116,0.11368997967118903,0.11944116161837165,-0.0057511819471826086,-4.8150753636826655,-0.009695296844340683,-0.0025954067359750845,True,False,False
bar1000,10:00,reclasticnet,2000,deck period,as scored,1116,0.10840958111521462,0.11536278390470099,-0.0069532027894863655,-6.02724947694594,-0.011998645032290929,-0.0018666860318307045,True,False,False
bar1000,10:00,ridge,500,common,coefficients,3056,0.10793619345749088,0.11775373010029701,-0.00981753664280612,-8.337346625405422,-0.01438974706027584,-0.005376081117456416,True,False,False
bar1000,10:00,ridge,500,common,package,3056,0.10793619345749088,0.11778748051462293,-0.009851287057132015,-8.363611322774673,-0.01372597111441224,-0.006049028243916224,True,False,False
bar1000,10:00,ridge,500,common,calibration,3056,0.11775373010029701,0.11778748051462293,-3.375041432589508e-05,-0.028653651626163342,-0.0019363649466943786,0.0016919134319090274,False,False,False
bar1000,10:00,ridge,500,common,as scored,3056,0.10737253723858216,0.11617104770873872,-0.008798510470156545,-7.573754944705294,-0.012806864548038562,-0.004757771717701616,True,False,False
bar1000,10:00,ridge,500,deck period,coefficients,1116,0.10584935619942976,0.11378739651771327,-0.00793804031828352,-6.9762034822967465,-0.01549805419193705,-0.00011446803684896243,True,False,False
bar1000,10:00,ridge,500,deck period,package,1116,0.10584935619942976,0.11564594670639797,-0.009796590506968204,-8.471192277788859,-0.016050211549851603,-0.0034024326469885157,True,False,False
bar1000,10:00,ridge,500,deck period,calibration,1116,0.11378739651771327,0.11564594670639797,-0.0018585501886846845,-1.6071036137593073,-0.006200123369305898,0.0016770543129746725,False,False,False
bar1000,10:00,ridge,500,deck period,as scored,1116,0.1045628094334854,0.11225356862606217,-0.007690759192576767,-6.851238037871329,-0.014276574957189625,-0.0011728771357989584,True,False,False
bar1000,10:00,ridge,2000,common,coefficients,1556,0.11249930793845125,0.12000436042215139,-0.007505052483700162,-6.2539831530278445,-0.013539340852867678,-0.0017001615644233908,True,False,False
bar1000,10:00,ridge,2000,common,package,1556,0.11249930793845125,0.12418923881814026,-0.011689930879689015,-9.412998252455246,-0.016345175698641048,-0.007363105328579472,True,False,False
bar1000,10:00,ridge,2000,common,calibration,1556,0.12000436042215139,0.12418923881814026,-0.0041848783959888515,-3.3697592769024753,-0.007102105091627841,-0.0014198193649349888,True,False,False
bar1000,10:00,ridge,2000,common,as scored,1556,0.11196642708160535,0.12104411416382525,-0.009077687082219892,-7.499486567297142,-0.014139780003119308,-0.004157469270909474,True,False,False
bar1000,10:00,ridge,2000,deck period,coefficients,1116,0.10931642396086763,0.11297337270253396,-0.0036569487416663244,-3.237000590657147,-0.010216329021697576,0.0031645978700871476,False,False,False
bar1000,10:00,ridge,2000,deck period,package,1116,0.10931642396086763,0.11867481992034454,-0.009358395959476906,-7.885746922353313,-0.014363269832866832,-0.004472170946515297,True,False,False
bar1000,10:00,ridge,2000,deck period,calibration,1116,0.11297337270253396,0.11867481992034454,-0.005701447217810583,-4.804260264845937,-0.009595250109464241,-0.002580704919019671,True,False,False
bar1000,10:00,ridge,2000,deck period,as scored,1116,0.1086481869231885,0.11464847994799175,-0.00600029302480323,-5.233643767039177,-0.011703135101940825,-0.0003951416200699501,True,False,False
bar1030,10:30,reclasso,500,common,coefficients,3056,0.14310370056703983,1.9751028938410389,-1.831999193273999,-92.75462048011372,-2.8897420078065523,-0.9175997773983005,True,False,True
bar1030,10:30,reclasso,500,common,package,3056,0.14310370056703983,1.7508013100036144,-1.6076976094365751,-91.8263883086343,-2.6468499769686105,-0.7688901306594503,True,False,True
bar1030,10:30,reclasso,500,common,calibration,3056,1.9751028938410389,1.7508013100036144,0.2243015838374238,12.811367146907193,-0.09631227522736532,0.6651759550639662,False,False,True
bar1030,10:30,reclasso,500,common,as scored,3056,0.14270261771175266,20.439670408082904,-20.296967790371152,-99.30183503519059,-20.350222849268246,-20.243161941945285,True,False,True
bar1030,10:30,reclasso,500,deck period,coefficients,1116,0.15321886674660465,0.15559707280065385,-0.0023782060540491904,-1.5284388139461174,-0.008616684108629535,0.0036328764667170727,False,False,False
bar1030,10:30,reclasso,500,deck period,package,1116,0.15321886674660465,0.15655378448937843,-0.003334917742773746,-2.130205765163095,-0.00901814927284796,0.0022865118850356487,False,False,False
bar1030,10:30,reclasso,500,deck period,calibration,1116,0.15559707280065385,0.15655378448937843,-0.0009567116887245552,-0.6111073531981365,-0.003071754294758831,0.0011424388335282494,False,False,False
bar1030,10:30,reclasso,500,deck period,as scored,1116,0.1510668111681695,20.449504166061192,-20.298437354893018,-99.26126907556569,-20.396865656501515,-20.204844210869318,True,False,True
bar1030,10:30,reclasso,2000,common,coefficients,1556,0.15575431301322334,0.1614651627956012,-0.005710849782377885,-3.5368928402266264,-0.009503044015095488,-0.0020888508917764914,True,False,False
bar1030,10:30,reclasso,2000,common,package,1556,0.15575431301322334,0.16572838895371772,-0.009974075940494369,-6.018326735366858,-0.013951770471346792,-0.005960683130800388,True,False,False
bar1030,10:30,reclasso,2000,common,calibration,1556,0.1614651627956012,0.16572838895371772,-0.004263226158116482,-2.5724175471874378,-0.006152423504810152,-0.002446638567641152,True,False,False
bar1030,10:30,reclasso,2000,common,as scored,1556,0.1552424983289584,0.16096948327502317,-0.005726984946064744,-3.557807871122968,-0.009009771669618338,-0.0024921530676911764,True,False,False
bar1030,10:30,reclasso,2000,deck period,coefficients,1116,0.15266700642425388,0.1569847179793691,-0.0043177115551152005,-2.750402466361492,-0.009258229337100845,0.0005022180324738146,False,False,False
bar1030,10:30,reclasso,2000,deck period,package,1116,0.15266700642425388,0.15991138766998494,-0.007244381245731036,-4.5302472521103585,-0.012215597504823305,-0.002482449016548217,True,False,False
bar1030,10:30,reclasso,2000,deck period,calibration,1116,0.1569847179793691,0.15991138766998494,-0.0029266696906158343,-1.83018216104516,-0.0047835378582109615,-0.0012225999714935833,True,False,False
bar1030,10:30,reclasso,2000,deck period,as scored,1116,0.15103989909794335,0.15510552998611982,-0.00406563088817648,-2.6212030535212434,-0.007991924022646023,-0.0001296006029629753,True,False,False
bar1030,10:30,reclasticnet,500,common,coefficients,3056,0.14234083494232488,0.14586256548085083,-0.0035217305385259186,-2.414416973207741,-0.006521355245978596,-0.0006298905035529817,True,False,False
bar1030,10:30,reclasticnet,500,common,package,3056,0.14234083494232488,0.14794636999399344,-0.005605535051668524,-3.788896646734966,-0.00863926100555911,-0.0025900425406536033,True,False,False
bar1030,10:30,reclasticnet,500,common,calibration,3056,0.14586256548085083,0.14794636999399344,-0.0020838045131426055,-1.4084864084378732,-0.003342319411090392,-0.000879997877802787,True,False,False
bar1030,10:30,reclasticnet,500,common,as scored,3056,0.14199576819275692,0.1457629127420076,-0.0037671445492506814,-2.5844328151690563,-0.0066283089744872915,-0.0007310015448631048,True,False,False
bar1030,10:30,reclasticnet,500,deck period,coefficients,1116,0.15428103915039582,0.15481313287599463,-0.0005320937255987938,-0.34370063812674156,-0.006826498317254091,0.005444618017053409,False,False,False
bar1030,10:30,reclasticnet,500,deck period,package,1116,0.15428103915039582,0.155733103522866,-0.001452064372470172,-0.9324057246807311,-0.007415427209236351,0.004436264758213506,False,False,False
bar1030,10:30,reclasticnet,500,deck period,calibration,1116,0.15481313287599463,0.155733103522866,-0.0009199706468713772,-0.5907354480586072,-0.003014194344781076,0.001163130839304139,False,False,False
bar1030,10:30,reclasticnet,500,deck period,as scored,1116,0.1524763157080211,0.151732848217243,0.0007434674907780397,0.48998453499902833,-0.0051982065684756254,0.007623128339928536,False,False,False
bar1030,10:30,reclasticnet,2000,common,coefficients,1556,0.15568925635460024,0.1608169081135257,-0.005127651758925482,-3.188502887585497,-0.00891834902144468,-0.0014817615110644905,True,False,False
bar1030,10:30,reclasticnet,2000,common,package,1556,0.15568925635460024,0.16513138868767568,-0.009442132333075485,-5.717951267844079,-0.01346170160331782,-0.005321901103973741,True,False,False
bar1030,10:30,reclasticnet,2000,common,calibration,1556,0.1608169081135257,0.16513138868767568,-0.0043144805741500035,-2.6127561867176423,-0.0062008591490323225,-0.0024856594636081834,True,False,False
bar1030,10:30,reclasticnet,2000,common,as scored,1556,0.15519714039192076,0.160383961063766,-0.005186820671845227,-3.2340021018579486,-0.008521730834836514,-0.0018058542257977969,True,False,False
bar1030,10:30,reclasticnet,2000,deck period,coefficients,1116,0.152622296448933,0.15634490906593673,-0.0037226126170037716,-2.38102579690254,-0.008700642000911701,0.0009009542657189569,False,False,False
bar1030,10:30,reclasticnet,2000,deck period,package,1116,0.152622296448933,0.1593384245233728,-0.006716128074439801,-4.21500846047002,-0.011715709786468624,-0.002093343423690655,True,False,False
bar1030,10:30,reclasticnet,2000,deck period,calibration,1116,0.15634490906593673,0.1593384245233728,-0.0029935154574360283,-1.8787153609623648,-0.004871303718359655,-0.0012878466708433427,True,False,False
bar1030,10:30,reclasticnet,2000,deck period,as scored,1116,0.1510459782196173,0.15454092342082426,-0.0034949452012069957,-2.261501435247704,-0.007608381065399995,0.00044204026903676616,False,False,False
bar1030,10:30,ridge,500,common,coefficients,3056,0.1458398058733293,0.14565363018600494,0.0001861756873243381,0.12782083569533081,-0.0036667650329023113,0.0037095007848367647,False,False,False
bar1030,10:30,ridge,500,common,package,3056,0.1458398058733293,0.14776606341663343,-0.0019262575433041473,-1.30358588350085,-0.005699003702495066,0.0016009265154943262,False,False,False
bar1030,10:30,ridge,500,common,calibration,3056,0.14565363018600494,0.14776606341663343,-0.0021124332306284854,-1.4295794188360962,-0.003362263870059163,-0.0009210730668067286,True,False,False
bar1030,10:30,ridge,500,common,as scored,3056,0.14513165173986176,0.14560635607738656,-0.00047470433752481165,-0.3260189666943638,-0.0040406041701912775,0.0028524531104599364,False,False,False
bar1030,10:30,ridge,500,deck period,coefficients,1116,0.15325894490492467,0.1546601912279279,-0.001401246323003237,-0.906016158313275,-0.008471373023771551,0.005532436040251755,False,False,False
bar1030,10:30,ridge,500,deck period,package,1116,0.15325894490492467,0.1556564233650064,-0.0023974784600817164,-1.5402374076524625,-0.008798460993416697,0.0036882679477866775,False,False,False
bar1030,10:30,ridge,500,deck period,calibration,1116,0.1546601912279279,0.1556564233650064,-0.0009962321370784795,-0.6400199333517806,-0.0031041576063919082,0.0010736517916709995,False,False,False
bar1030,10:30,ridge,500,deck period,as scored,1116,0.15070690238422038,0.15164359748657052,-0.0009366951023501427,-0.6176951205823878,-0.00680752308995235,0.004969542970943348,False,False,False
bar1030,10:30,ridge,2000,common,coefficients,1556,0.15596638496217677,0.16086521515797308,-0.004898830195796316,-3.0453011180730147,-0.008792327311009986,-0.0011105608996921292,True,False,False
bar1030,10:30,ridge,2000,common,package,1556,0.15596638496217677,0.16509462836953515,-0.009128243407358403,-5.529097765026275,-0.013075927539285099,-0.005269714355630408,True,False,False
bar1030,10:30,ridge,2000,common,calibration,1556,0.16086521515797308,0.16509462836953515,-0.004229413211562089,-2.561811521871744,-0.006100603098465452,-0.0024162797714393724,True,False,False
bar1030,10:30,ridge,2000,common,as scored,1556,0.15558603204914676,0.16046080286662007,-0.004874770817473294,-3.037982317417016,-0.00841665541400539,-0.0013915824274381373,True,False,False
bar1030,10:30,ridge,2000,deck period,coefficients,1116,0.15250766413156444,0.15628693381330055,-0.0037792696817361307,-2.4181610001069083,-0.009231244196694077,0.0012186831080075984,False,False,False
bar1030,10:30,ridge,2000,deck period,package,1116,0.15250766413156444,0.15918561551596627,-0.006677951384401837,-4.195072125553983,-0.011904809111825511,-0.0016527320779292983,True,False,False
bar1030,10:30,ridge,2000,deck period,calibration,1116,0.15628693381330055,0.15918561551596627,-0.002898681702665706,-1.8209444950602145,-0.0047415530752537675,-0.001231362734649258,True,False,False
bar1030,10:30,ridge,2000,deck period,as scored,1116,0.15101703133873068,0.15453852233488527,-0.0035214909961545932,-2.27871403385333,-0.008230653148949493,0.0007953508628315731,False,False,False
bar1100,11:00,reclasso,500,common,coefficients,3056,0.12635887458211154,1.7292374253161087,-1.6028785507339967,-92.69279783491771,-2.5364368887086295,-0.8023069733771379,True,False,True
bar1100,11:00,reclasso,500,common,package,3056,0.12635887458211154,1.7349491184650674,-1.6085902438829565,-92.71685415801113,-2.646493655036076,-0.7665631423346135,True,False,True
bar1100,11:00,reclasso,500,common,calibration,3056,1.7292374253161087,1.7349491184650674,-0.005711693148959537,-0.32921387077983866,-0.3398289796564805,0.407296964355396,False,False,True
bar1100,11:00,reclasso,500,common,as scored,3056,0.12502082826586672,20.448374171741122,-20.323353343475254,-99.38860259883819,-20.378332568213697,-20.267921189052633,True,False,True
bar1100,11:00,reclasso,500,deck period,coefficients,1116,0.1433555015808001,0.14313856967467942,0.00021693190612062305,0.1515537752079392,-0.004700675393052707,0.005262221075299987,False,False,False
bar1100,11:00,reclasso,500,deck period,package,1116,0.1433555015808001,0.1476900112949611,-0.004334509714161005,-2.9348699185243343,-0.009383110414898397,0.0006285382933216463,False,False,False
bar1100,11:00,reclasso,500,deck period,calibration,1116,0.14313856967467942,0.1476900112949611,-0.004551441620281628,-3.0817531804447187,-0.007909983136326121,-0.0018267385516321985,True,False,False
bar1100,11:00,reclasso,500,deck period,as scored,1116,0.13862049836894053,20.472714949001922,-20.334094450632985,-99.32290124336589,-20.438341145091503,-20.2393713140893,True,False,True
bar1100,11:00,reclasso,2000,common,coefficients,1556,0.1382260833771738,0.14014255866612535,-0.0019164752889515718,-1.3675184092488057,-0.0053864475182728525,0.001833776717097615,False,False,False
bar1100,11:00,reclasso,2000,common,package,1556,0.1382260833771738,0.14770482412993252,-0.009478740752758745,-6.417353535061601,-0.014054096341852488,-0.004906623121790522,True,False,False
bar1100,11:00,reclasso,2000,common,calibration,1556,0.14014255866612535,0.14770482412993252,-0.007562265463807173,-5.119850017325652,-0.010298207576026425,-0.004987645677510413,True,False,False
bar1100,11:00,reclasso,2000,common,as scored,1556,0.1366211546213747,0.1423339937263333,-0.005712839104958605,-4.013685666645964,-0.00935658794483377,-0.001889229942274172,True,False,False
bar1100,11:00,reclasso,2000,deck period,coefficients,1116,0.14645325754475247,0.14903534625546522,-0.002582088710712795,-1.7325344460815169,-0.00703193399810602,0.0020908305515465147,False,False,False
bar1100,11:00,reclasso,2000,deck period,package,1116,0.14645325754475247,0.15588792776292054,-0.009434670218168113,-6.052213505921169,-0.015283001607168303,-0.0037507032082294703,True,False,False
bar1100,11:00,reclasso,2000,deck period,calibration,1116,0.14903534625546522,0.15588792776292054,-0.006852581507455318,-4.395838475623942,-0.010148415232894335,-0.0042221457402122995,True,False,False
bar1100,11:00,reclasso,2000,deck period,as scored,1116,0.1435964065765418,0.15015785692338035,-0.00656145034683857,-4.369701646838647,-0.011300848084588961,-0.001803597757034442,True,False,False
bar1100,11:00,reclasticnet,500,common,coefficients,3056,0.1256156811024241,0.12708518711764283,-0.0014695060152187319,-1.1563157347822208,-0.004092319411649672,0.0010986842183454408,False,False,False
bar1100,11:00,reclasticnet,500,common,package,3056,0.1256156811024241,0.13169432741592768,-0.006078646313503572,-4.6157237238514455,-0.008769309687555744,-0.0033794647633519906,True,False,False
bar1100,11:00,reclasticnet,500,common,calibration,3056,0.12708518711764283,0.13169432741592768,-0.0046091402982848416,-3.4998776247422425,-0.006246509143971002,-0.0031541923668474783,True,False,False
bar1100,11:00,reclasticnet,500,common,as scored,3056,0.12423384121758874,0.1292030348411793,-0.004969193623590555,-3.84603475429107,-0.007604793028569781,-0.0023872417931220095,True,False,False
bar1100,11:00,reclasticnet,500,deck period,coefficients,1116,0.14396407300094602,0.14243672971257498,0.0015273432883710367,1.072295953054443,-0.003706784322588865,0.00667510810695861,False,False,False
bar1100,11:00,reclasticnet,500,deck period,package,1116,0.14396407300094602,0.14685002480103326,-0.002885951800087222,-1.9652375299203326,-0.00832912669476642,0.0023710220178130128,False,False,False
bar1100,11:00,reclasticnet,500,deck period,calibration,1116,0.14243672971257498,0.14685002480103326,-0.004413295088458258,-3.0053076902355453,-0.007772642575156589,-0.0016585425935136218,True,False,False
bar1100,11:00,reclasticnet,500,deck period,as scored,1116,0.13912062697720587,0.14185478272939922,-0.002734155752193356,-1.9274328997486145,-0.008137741386265756,0.0027043137733062383,False,False,False
bar1100,11:00,reclasticnet,2000,common,coefficients,1556,0.1381766882592834,0.1393499429568611,-0.0011732546975777062,-0.8419484591686655,-0.004171389404894614,0.0019414650959209522,False,False,False
bar1100,11:00,reclasticnet,2000,common,package,1556,0.1381766882592834,0.14700063054120677,-0.008823942281923382,-6.002656076668924,-0.012497819067348427,-0.004997269511349544,True,False,False
bar1100,11:00,reclasticnet,2000,common,calibration,1556,0.1393499429568611,0.14700063054120677,-0.007650687584345676,-5.204527052828565,-0.010386286068052359,-0.005038502649599562,True,False,False
bar1100,11:00,reclasticnet,2000,common,as scored,1556,0.13686338965498304,0.1416189248894691,-0.004755535234486057,-3.3579800427080375,-0.007911516087834265,-0.0014658653873778303,True,False,False
bar1100,11:00,reclasticnet,2000,deck period,coefficients,1116,0.14596189792453979,0.14825295333593522,-0.002291055411395472,-1.5453691544370336,-0.0057135351398739835,0.0011621031624815873,False,False,False
bar1100,11:00,reclasticnet,2000,deck period,package,1116,0.14596189792453979,0.1552433686038785,-0.00928147067933876,-5.978658388315131,-0.013084208827338847,-0.005777632594592134,True,False,False
bar1100,11:00,reclasticnet,2000,deck period,calibration,1116,0.14825295333593522,0.1552433686038785,-0.006990415267943287,-4.502875279510421,-0.010327399196129653,-0.00433493411902811,True,False,False
bar1100,11:00,reclasticnet,2000,deck period,as scored,1116,0.14359508921653644,0.14948901717474378,-0.005893927958207311,-3.9427163744863343,-0.009534276827551948,-0.0023822353176964853,True,False,False
bar1100,11:00,ridge,500,common,coefficients,3056,0.12748046771456073,0.12688386226099035,0.0005966054535703462,0.47019805587504465,-0.002172865065922233,0.0033301186941927887,False,False,False
bar1100,11:00,ridge,500,common,package,3056,0.12748046771456073,0.1315579780039082,-0.004077510289347474,-3.099401762792632,-0.006762145418322726,-0.001414490220277669,True,False,False
bar1100,11:00,ridge,500,common,calibration,3056,0.12688386226099035,0.1315579780039082,-0.004674115742917819,-3.552894179309266,-0.006312344214072224,-0.0032162806660301743,True,False,False
bar1100,11:00,ridge,500,common,as scored,3056,0.1261156081481234,0.12906994513762138,-0.0029543369894980053,-2.2889426243638136,-0.005541685895630028,-0.000325603668680923,True,False,False
bar1100,11:00,ridge,500,deck period,coefficients,1116,0.1465234698052835,0.14190782851787076,0.004615641287412708,3.252562832945788,-0.0005592879494129379,0.009677392236245252,False,False,False
bar1100,11:00,ridge,500,deck period,package,1116,0.1465234698052835,0.14651725312671268,6.216678570848603e-06,0.004242966912212192,-0.0050728434688490694,0.00459532865201979,False,False,False
bar1100,11:00,ridge,500,deck period,calibration,1116,0.14190782851787076,0.14651725312671268,-0.004609424608841859,-3.1459944207768387,-0.008008679164476956,-0.001877985020562432,True,False,False
bar1100,11:00,ridge,500,deck period,as scored,1116,0.14172144792528743,0.14147348843992125,0.0002479594853661707,0.17526922400833445,-0.00470008592298589,0.004911606183400698,False,False,False
bar1100,11:00,ridge,2000,common,coefficients,1556,0.1381187588015553,0.13877818197036892,-0.0006594231688136252,-0.4751634294751183,-0.0038432461044736917,0.002358652699708692,False,False,False
bar1100,11:00,ridge,2000,common,package,1556,0.1381187588015553,0.14638323581213078,-0.008264477010575495,-5.645781065519128,-0.012327308235269141,-0.004199678085944314,True,False,False
bar1100,11:00,ridge,2000,common,calibration,1556,0.13877818197036892,0.14638323581213078,-0.007605053841761867,-5.195303819846041,-0.010330556035329726,-0.004990043801989762,True,False,False
bar1100,11:00,ridge,2000,common,as scored,1556,0.1369866035222722,0.1410647734928018,-0.0040781699705296,-2.8909910458529176,-0.007382228804535037,-0.0008552732221973162,True,False,False
bar1100,11:00,ridge,2000,deck period,coefficients,1116,0.14608421145272746,0.1475312283238381,-0.0014470168711106359,-0.9808207303299642,-0.005442401520995168,0.0023128293549313636,False,False,False
bar1100,11:00,ridge,2000,deck period,package,1116,0.14608421145272746,0.15443330019455023,-0.008349088741822773,-5.40627489751553,-0.013027125693758404,-0.003795140418225389,True,False,False
bar1100,11:00,ridge,2000,deck period,calibration,1116,0.1475312283238381,0.15443330019455023,-0.006902071870712138,-4.469289888914583,-0.010163728423894824,-0.004297681152567471,True,False,False
bar1100,11:00,ridge,2000,deck period,as scored,1116,0.14379878943172594,0.14878391056078036,-0.004985121129054436,-3.350578103684096,-0.009217465947993197,-0.0009297285247380089,True,False,False
bar1130,11:30,reclasso,500,common,coefficients,3058,0.13253694795367588,1.752750030208414,-1.6202130822547383,-92.43834285155219,-2.5959747842305876,-0.8143579980021058,True,False,True
bar1130,11:30,reclasso,500,common,package,3058,0.13253694795367588,1.7383648989422493,-1.6058279509885738,-92.37576943515595,-2.6901948302840477,-0.7411524746495654,True,False,True
bar1130,11:30,reclasso,500,common,calibration,3058,1.752750030208414,1.7383648989422493,0.014385131266164334,0.8275093034216994,-0.3103213043653831,0.4292035405092387,False,False,True
bar1130,11:30,reclasso,500,common,as scored,3058,0.13298358713546962,20.464341148521243,-20.331357561385772,-99.35016922279425,-20.388989999103416,-20.276279124134074,True,False,True
bar1130,11:30,reclasso,500,deck period,coefficients,1116,0.13638614951682018,0.1349658131833607,0.001420336333459469,1.0523674847421107,-0.0037451315911383115,0.006659949316853503,False,False,False
bar1130,11:30,reclasso,500,deck period,package,1116,0.13638614951682018,0.1440055361964946,-0.0076193866796744,-5.29103733156328,-0.014206931572733894,-0.0010938544450886391,True,False,False
bar1130,11:30,reclasso,500,deck period,calibration,1116,0.1349658131833607,0.1440055361964946,-0.00903972301313387,-6.277344088215629,-0.014012987084748114,-0.004479839288166694,True,False,False
bar1130,11:30,reclasso,500,deck period,as scored,1116,0.13507255676940988,20.496785429389018,-20.36171287261961,-99.34100614345245,-20.46492054692855,-20.266407455885794,True,False,True
bar1130,11:30,reclasso,2000,common,coefficients,1558,0.13115203023103766,0.13639813737373233,-0.005246107142694665,-3.846172127937698,-0.009342931689855923,-0.0012479577587626712,True,False,False
bar1130,11:30,reclasso,2000,common,package,1558,0.13115203023103766,0.14721667813483,-0.01606464790379232,-10.912247244893909,-0.021779542636838116,-0.010894006357908369,True,False,False
bar1130,11:30,reclasso,2000,common,calibration,1558,0.13639813737373233,0.14721667813483,-0.010818540761097657,-7.34871951885056,-0.014205334148795396,-0.007791747462945381,True,False,False
bar1130,11:30,reclasso,2000,common,as scored,1558,0.13077154352906784,0.1413106987116455,-0.010539155182577649,-7.458143848034848,-0.015175020866236344,-0.006181594014897621,True,False,False
bar1130,11:30,reclasso,2000,deck period,coefficients,1116,0.1355634706498239,0.1431270630491951,-0.007563592399371176,-5.2845298703372725,-0.012460914486382086,-0.0026912338861732796,True,False,False
bar1130,11:30,reclasso,2000,deck period,package,1116,0.1355634706498239,0.15453850108290682,-0.018975030433082907,-12.278513315528524,-0.026383111754235827,-0.012604045607089522,True,False,False
bar1130,11:30,reclasso,2000,deck period,calibration,1116,0.1431270630491951,0.15453850108290682,-0.011411438033711727,-7.384203906306635,-0.016059586201696133,-0.007451831518664798,True,False,False
bar1130,11:30,reclasso,2000,deck period,as scored,1116,0.1350571654307484,0.14825134660183353,-0.013194181171085149,-8.899872732030865,-0.018354955306745656,-0.007994317146381892,True,False,False
bar1130,11:30,reclasticnet,500,common,coefficients,3058,0.1308085729352436,0.1289577203044927,0.0018508526307508943,1.4352398804667867,-0.0023942637423993484,0.006634942274913182,False,False,False
bar1130,11:30,reclasticnet,500,common,package,3058,0.1308085729352436,0.13463205707305487,-0.0038234841378112423,-2.839950767250418,-0.008658279526513074,0.0013601020686777913,False,False,False
bar1130,11:30,reclasticnet,500,common,calibration,3058,0.1289577203044927,0.13463205707305487,-0.005674336768562136,-4.214699598241371,-0.007708583644368744,-0.0037445279627061983,True,False,False
bar1130,11:30,reclasticnet,500,common,as scored,3058,0.13124588506723067,0.13206361160852717,-0.0008177265412964792,-0.6191914118784252,-0.006070843852752073,0.00570682698015376,False,False,False
bar1130,11:30,reclasticnet,500,deck period,coefficients,1116,0.13499525996811865,0.13336552497108367,0.001629734997034981,1.2220062099169484,-0.003388912706956911,0.00678369789953539,False,False,False
bar1130,11:30,reclasticnet,500,deck period,package,1116,0.13499525996811865,0.14238177930174004,-0.007386519333621373,-5.187826258279596,-0.014425775564525851,-0.0006845828322020751,True,False,False
bar1130,11:30,reclasticnet,500,deck period,calibration,1116,0.13336552497108367,0.14238177930174004,-0.009016254330656354,-6.332449541558839,-0.013913831811789365,-0.004514689994068967,True,False,False
bar1130,11:30,reclasticnet,500,deck period,as scored,1116,0.13376663151075818,0.13684028201234152,-0.003073650501583298,-2.2461591399717284,-0.00812189199912122,0.002008424777659191,False,False,False
bar1130,11:30,reclasticnet,2000,common,coefficients,1558,0.13181143530618977,0.1357288313166181,-0.003917396010428301,-2.8861929867281417,-0.008365834269065174,9.82145769012139e-05,False,False,False
bar1130,11:30,reclasticnet,2000,common,package,1558,0.13181143530618977,0.14659747294262954,-0.014786037636439747,-10.086147693846138,-0.020782081190529194,-0.009512419140945756,True,False,False
bar1130,11:30,reclasticnet,2000,common,calibration,1558,0.1357288313166181,0.14659747294262954,-0.010868641626011448,-7.413935184452229,-0.014302243360879166,-0.007854009553909328,True,False,False
bar1130,11:30,reclasticnet,2000,common,as scored,1558,0.13144882022085413,0.1406991465387329,-0.00925032631787874,-6.574543304235489,-0.014029518865593572,-0.004830571256002772,True,False,False
bar1130,11:30,reclasticnet,2000,deck period,coefficients,1116,0.13635517376648568,0.1422973096453156,-0.005942135878829877,-4.175859609462048,-0.01104027620418718,-0.0008291735995997758,True,False,False
bar1130,11:30,reclasticnet,2000,deck period,package,1116,0.13635517376648568,0.15384604422157663,-0.017490870455090932,-11.369073896953582,-0.025115987546517903,-0.010983039078188596,True,False,False
bar1130,11:30,reclasticnet,2000,deck period,calibration,1116,0.1422973096453156,0.15384604422157663,-0.011548734576261056,-7.506682823529736,-0.016255936449083862,-0.007553748440026572,True,False,False
bar1130,11:30,reclasticnet,2000,deck period,as scored,1116,0.13586346408560465,0.14753154560440196,-0.011668081518797273,-7.9088722828706866,-0.017141067462801658,-0.00629730688711667,True,False,False
bar1130,11:30,ridge,500,common,coefficients,3058,0.13239369222402317,0.1287281289142764,0.0036655633097467657,2.8475231797921685,-0.001177280841411311,0.008732222162567395,False,False,False
bar1130,11:30,ridge,500,common,package,3058,0.13239369222402317,0.13451797001704371,-0.0021242777930205793,-1.579177705961091,-0.007166236604170213,0.0029900012483487035,False,False,False
bar1130,11:30,ridge,500,common,calibration,3058,0.1287281289142764,0.13451797001704371,-0.0057898411027673445,-4.304139515362713,-0.007815413119716529,-0.00384360757943278,True,False,False
bar1130,11:30,ridge,500,common,as scored,3058,0.1327531498879732,0.1319389838398692,0.0008141660481039885,0.617077700925846,-0.004875705055417039,0.006969972254516485,False,False,False
bar1130,11:30,ridge,500,deck period,coefficients,1116,0.13628049026672476,0.1331751160105896,0.003105374256135164,2.3317976729888756,-0.0015652224663814213,0.00798000644631885,False,False,False
bar1130,11:30,ridge,500,deck period,package,1116,0.13628049026672476,0.1424246015323774,-0.006144111265652691,-4.313939585961172,-0.011789931777786707,-0.0007966368933955366,True,False,False
bar1130,11:30,ridge,500,deck period,calibration,1116,0.1331751160105896,0.1424246015323774,-0.009249485521787854,-6.49430324696058,-0.01413507536778241,-0.004788403536947578,True,False,False
bar1130,11:30,ridge,500,deck period,as scored,1116,0.13518612158293722,0.1367926148258009,-0.0016064932428637023,-1.1744005660755132,-0.005807716303069425,0.0027155162589357815,False,False,False
bar1130,11:30,ridge,2000,common,coefficients,1558,0.13269845699409552,0.13504249516141525,-0.002344038167319737,-1.735778181910758,-0.006581701783990594,0.0016345573486613218,False,False,False
bar1130,11:30,ridge,2000,common,package,1558,0.13269845699409552,0.1458764075052739,-0.013177950511178387,-9.033640693888051,-0.018840191250870882,-0.007993021888421324,True,False,False
bar1130,11:30,ridge,2000,common,calibration,1558,0.13504249516141525,0.1458764075052739,-0.01083391234385865,-7.426774849433394,-0.014221317112721132,-0.007868012978670442,True,False,False
bar1130,11:30,ridge,2000,common,as scored,1558,0.13232120271144915,0.14004539080248113,-0.007724188091031976,-5.515488975946454,-0.012300458370661054,-0.0034416617844610625,True,False,False
bar1130,11:30,ridge,2000,deck period,coefficients,1116,0.1378063494195395,0.14142862914921464,-0.003622279729675142,-2.561206844374802,-0.008275663744339964,0.0012956376761075435,False,False,False
bar1130,11:30,ridge,2000,deck period,package,1116,0.1378063494195395,0.15291247194135432,-0.015106122521814843,-9.878934222977188,-0.02229687782478151,-0.00892368764926199,True,False,False
bar1130,11:30,ridge,2000,deck period,calibration,1116,0.14142862914921464,0.15291247194135432,-0.011483842792139699,-7.51007595805791,-0.016101418818835936,-0.0075644254813613905,True,False,False
bar1130,11:30,ridge,2000,deck period,as scored,1116,0.13724741193581805,0.14670352658085814,-0.009456114645040103,-6.445730968729102,-0.014771745989674899,-0.004314367025805254,True,False,False
bar1200,12:00,reclasso,500,common,coefficients,2997,0.13563530946243688,1.696281434052012,-1.5606461245895753,-92.00396191695405,-2.4492981108719194,-0.7858396481706179,True,False,True
bar1200,12:00,reclasso,500,common,package,2997,0.13563530946243688,1.7606114507723718,-1.6249761413099355,-92.2961247694411,-2.7077032732181188,-0.7270134631958326,True,False,True
bar1200,12:00,reclasso,500,common,calibration,2997,1.696281434052012,1.7606114507723718,-0.06433001672035994,-3.653845184986084,-0.42251192991369513,0.3492144325801082,False,False,True
bar1200,12:00,reclasso,500,common,as scored,2997,0.13439826352467377,20.47921219600683,-20.344813932482154,-99.34373323427509,-20.40139028744484,-20.290473206170024,True,False,True
bar1200,12:00,reclasso,500,deck period,coefficients,1116,0.13110781946195005,0.13095303785721338,0.00015478160473666127,0.11819626888337613,-0.00455506370490237,0.0045292935819287285,False,False,False
bar1200,12:00,reclasso,500,deck period,package,1116,0.13110781946195005,0.13942157918058473,-0.008313759718634696,-5.963036545344506,-0.013947396757922765,-0.0030418336208417615,True,False,False
bar1200,12:00,reclasso,500,deck period,calibration,1116,0.13095303785721338,0.13942157918058473,-0.008468541323371357,-6.074053509609545,-0.011719396452302857,-0.005642650049758671,True,False,False
bar1200,12:00,reclasso,500,deck period,as scored,1116,0.1280500258848265,20.494847950544262,-20.366797924659434,-99.37520870516423,-20.46565345666153,-20.27027127857717,True,False,True
bar1200,12:00,reclasso,2000,common,coefficients,1497,0.15106105630549765,0.15697386105179734,-0.005912804746299647,-3.766744798580557,-0.009041652283394958,-0.002736164379911599,True,False,False
bar1200,12:00,reclasso,2000,common,package,1497,0.15106105630549765,0.16580020096255674,-0.014739144657059068,-8.889702528399022,-0.018576397132335453,-0.01050421849901568,True,False,False
bar1200,12:00,reclasso,2000,common,calibration,1497,0.15697386105179734,0.16580020096255674,-0.00882633991075942,-5.323479621567349,-0.011562563876481918,-0.0057404941596114,True,False,False
bar1200,12:00,reclasso,2000,common,as scored,1497,0.15021203036859895,0.16035713762009104,-0.010145107251492098,-6.326570430265041,-0.013511566941740862,-0.006648962818851604,True,False,False
bar1200,12:00,reclasso,2000,deck period,coefficients,1116,0.13280759472894402,0.13946897007349074,-0.0066613753445467425,-4.776241870171298,-0.009807077732426147,-0.003276149251949251,True,False,False
bar1200,12:00,reclasso,2000,deck period,package,1116,0.13280759472894402,0.1501626676260711,-0.01735507289712711,-11.557515041184535,-0.02111432763851641,-0.013462832511766163,True,False,False
bar1200,12:00,reclasso,2000,deck period,calibration,1116,0.13946897007349074,0.1501626676260711,-0.010693697552580367,-7.121408883870772,-0.013699811902286238,-0.008169514950167255,True,False,False
bar1200,12:00,reclasso,2000,deck period,as scored,1116,0.13161823353733984,0.14360005073257034,-0.011981817195230489,-8.343880892872733,-0.015295549578558566,-0.008426139291737161,True,False,False
bar1200,12:00,reclasticnet,500,common,coefficients,2997,0.1356176674152027,0.1358426007830251,-0.00022493336782240447,-0.16558382019030968,-0.0034682852032001314,0.0026941253710894863,False,False,False
bar1200,12:00,reclasticnet,500,common,package,2997,0.1356176674152027,0.14151495660929703,-0.005897289194094315,-4.167255062923069,-0.008948798895348753,-0.002809175947274155,True,False,False
bar1200,12:00,reclasticnet,500,common,calibration,2997,0.1358426007830251,0.14151495660929703,-0.005672355826271912,-4.008308352828381,-0.007434895798292679,-0.00393877039739079,True,False,False
bar1200,12:00,reclasticnet,500,common,as scored,2997,0.13432902353227877,0.13884280388115924,-0.004513780348880465,-3.2510005723767854,-0.007662745432353616,-0.001564859691409485,True,False,False
bar1200,12:00,reclasticnet,500,deck period,coefficients,1116,0.13032280165542887,0.12971359298017698,0.0006092086752518876,0.4696567732457983,-0.003804699829567442,0.005220156913196765,False,False,False
bar1200,12:00,reclasticnet,500,deck period,package,1116,0.13032280165542887,0.1380852443187352,-0.007762442663306342,-5.62148598976201,-0.013203689384901933,-0.0022159830268973055,True,False,False
bar1200,12:00,reclasticnet,500,deck period,calibration,1116,0.12971359298017698,0.1380852443187352,-0.00837165133855823,-6.062669027281705,-0.011528081742260159,-0.005588197620470724,True,False,False
bar1200,12:00,reclasticnet,500,deck period,as scored,1116,0.1269868049280076,0.1323245260709981,-0.005337721142990503,-4.0338108901494,-0.010222665351203407,-0.00038890077581801456,True,False,False
bar1200,12:00,reclasticnet,2000,common,coefficients,1497,0.15030379168895247,0.15657005858469633,-0.006266266895743879,-4.0022127809029024,-0.009579144365694457,-0.0029764895067654023,True,False,False
bar1200,12:00,reclasticnet,2000,common,package,1497,0.15030379168895247,0.16536324239373046,-0.015059450704777991,-9.10689128175256,-0.019118229450114453,-0.010832139335696978,True,False,False
bar1200,12:00,reclasticnet,2000,common,calibration,1497,0.15657005858469633,0.16536324239373046,-0.008793183809034115,-5.317496005610191,-0.011575264395638035,-0.005609044072850651,True,False,False
bar1200,12:00,reclasticnet,2000,common,as scored,1497,0.14956145534455487,0.15995400283487063,-0.010392547490315743,-6.497210014209237,-0.013879518187427681,-0.006713144569253643,True,False,False
bar1200,12:00,reclasticnet,2000,deck period,coefficients,1116,0.13178599904957025,0.13877746578036568,-0.006991466730795423,-5.037897681357272,-0.01002611583287241,-0.0036818254338055233,True,False,False
bar1200,12:00,reclasticnet,2000,deck period,package,1116,0.13178599904957025,0.14953341274713552,-0.017747413697565273,-11.868527154915244,-0.021952392548808222,-0.013338800486558106,True,False,False
bar1200,12:00,reclasticnet,2000,deck period,calibration,1116,0.13877746578036568,0.14953341274713552,-0.01075594696676985,-7.1930057431100085,-0.01379027776374402,-0.008226329830988394,True,False,False
bar1200,12:00,reclasticnet,2000,deck period,as scored,1116,0.13072509408042085,0.14294924369415693,-0.01222414961373608,-8.551391597349,-0.015580906021482823,-0.008584171468252416,True,False,False
bar1200,12:00,ridge,500,common,coefficients,2997,0.13962565034113394,0.1355870278050088,0.004038622536125141,2.9786201537902195,0.0012944208195670307,0.006752459763406555,False,True,False
bar1200,12:00,ridge,500,common,package,2997,0.13962565034113394,0.1413525749463181,-0.0017269246051841488,-1.221714288430889,-0.0045857460918695475,0.0009904533290516608,False,False,False
bar1200,12:00,ridge,500,common,calibration,2997,0.1355870278050088,0.1413525749463181,-0.005765547141309289,-4.078841254571337,-0.007531395735780054,-0.004047792922741071,True,False,False
bar1200,12:00,ridge,500,common,as scored,2997,0.1382262886083103,0.13866423767802838,-0.00043794906971807596,-0.31583418843362654,-0.0032918254562956067,0.002208871766230733,False,False,False
bar1200,12:00,ridge,500,deck period,coefficients,1116,0.13562251699732003,0.13024427330128102,0.005378243696039018,4.129351379310218,0.0010978064881392998,0.010057569084266605,False,True,False
bar1200,12:00,ridge,500,deck period,package,1116,0.13562251699732003,0.1386925342933845,-0.003070017296064444,-2.2135418547982226,-0.007808041907481245,0.001759185670567615,False,False,False
bar1200,12:00,ridge,500,deck period,calibration,1116,0.13024427330128102,0.1386925342933845,-0.008448260992103463,-6.091359592746613,-0.011618632998288633,-0.005646305024388526,True,False,False
bar1200,12:00,ridge,500,deck period,as scored,1116,0.13243848269096262,0.13288584144237792,-0.0004473587514152839,-0.3366489210284062,-0.004979386412346758,0.004353320383041978,False,False,False
bar1200,12:00,ridge,2000,common,coefficients,1497,0.15740881279091365,0.1557613414040284,0.0016474713868852488,1.057689521697096,-0.002313814002221006,0.00583141600608813,False,False,False
bar1200,12:00,ridge,2000,common,package,1497,0.15740881279091365,0.1645530467150035,-0.007144233924089887,-4.341599299867897,-0.011412074701405275,-0.0026517089297578324,True,False,False
bar1200,12:00,ridge,2000,common,calibration,1497,0.1557613414040284,0.1645530467150035,-0.008791705310975137,-5.342778809924965,-0.011500402769835548,-0.005711068738454057,True,False,False
bar1200,12:00,ridge,2000,common,as scored,1497,0.15606427593961433,0.15919345531894627,-0.0031291793793319406,-1.9656457440807393,-0.00699172702912897,0.0010875554909759281,False,False,False
bar1200,12:00,ridge,2000,deck period,coefficients,1116,0.14120239406290797,0.13807496446239353,0.0031274296005144326,2.2650229262714947,-0.0018194993735594247,0.008575042895483661,False,False,False
bar1200,12:00,ridge,2000,deck period,package,1116,0.14120239406290797,0.148741292702194,-0.007538898639286023,-5.068463842371071,-0.012091796622069847,-0.0024679597195197043,True,False,False
bar1200,12:00,ridge,2000,deck period,calibration,1116,0.13807496446239353,0.148741292702194,-0.010666328239800456,-7.171060601951541,-0.013649327030644866,-0.00815524160793652,True,False,False
bar1200,12:00,ridge,2000,deck period,as scored,1116,0.13933692820806062,0.1422651205745145,-0.002928192366453854,-2.0582644253411004,-0.007633325843368908,0.002241292864786121,False,False,False
bar1230,12:30,reclasso,500,common,coefficients,2997,0.14032698171756178,1.7912137788021238,-1.6508867970845622,-92.16581608637438,-2.5953524798187533,-0.8311192478641098,True,False,True
bar1230,12:30,reclasso,500,common,package,2997,0.14032698171756178,1.770557101124699,-1.6302301194071374,-92.07441648572515,-2.714731596093643,-0.7277395404456504,True,False,True
bar1230,12:30,reclasso,500,common,calibration,2997,1.7912137788021238,1.770557101124699,0.020656677677424958,1.1666767292793525,-0.3224633855374346,0.4412009294529102,False,False,True
bar1230,12:30,reclasso,500,common,as scored,2997,0.13865289047212168,20.492388709834586,-20.353735819362463,-99.32339322450201,-20.41578268824169,-20.293364375793022,True,False,True
bar1230,12:30,reclasso,500,deck period,coefficients,1116,0.14439429427928002,0.14648343347378293,-0.0020891391945029127,-1.4261948569609542,-0.00631641121881899,0.0019866072815571557,False,False,False
bar1230,12:30,reclasso,500,deck period,package,1116,0.14439429427928002,0.15323035281343575,-0.008836058534155722,-5.766519734451037,-0.015259655406489018,-0.0032671077319758875,True,False,False
bar1230,12:30,reclasso,500,deck period,calibration,1116,0.14648343347378293,0.15323035281343575,-0.006746919339652809,-4.403121976667025,-0.010246653529916043,-0.003943712965153125,True,False,False
bar1230,12:30,reclasso,500,deck period,as scored,1116,0.14056638358051518,20.51230555414886,-20.371739170568347,-99.31472167665676,-20.48390803349035,-20.265422293375767,True,False,True
bar1230,12:30,reclasso,2000,common,coefficients,1497,0.15423517710354107,0.16373530571658296,-0.009500128613041945,-5.802125919919897,-0.014395650776737531,-0.005231817353679001,True,False,False
bar1230,12:30,reclasso,2000,common,package,1497,0.15423517710354107,0.1715179189301823,-0.017282741826641277,-10.0763476693513,-0.02310825643767621,-0.01215665641413331,True,False,False
bar1230,12:30,reclasso,2000,common,calibration,1497,0.16373530571658296,0.1715179189301823,-0.007782613213599331,-4.537492795004878,-0.010364141883216188,-0.005544637252572726,True,False,False
bar1230,12:30,reclasso,2000,common,as scored,1497,0.15347504852216343,0.16571183097934525,-0.01223678245718181,-7.384374661038556,-0.0170806984248829,-0.007949645864018551,True,False,False
bar1230,12:30,reclasso,2000,deck period,coefficients,1116,0.15077590848955602,0.15717282441916341,-0.006396915929607398,-4.06998853220802,-0.010446985035051218,-0.0026861342457713275,True,False,False
bar1230,12:30,reclasso,2000,deck period,package,1116,0.15077590848955602,0.16535229152721756,-0.014576383037661551,-8.815349882987396,-0.02055607094466102,-0.009447870368643694,True,False,False
bar1230,12:30,reclasso,2000,deck period,calibration,1116,0.15717282441916341,0.16535229152721756,-0.008179467108054152,-4.94669111175141,-0.011474383163493586,-0.005354995667278198,True,False,False
bar1230,12:30,reclasso,2000,deck period,as scored,1116,0.14966365193220793,0.1593299418000996,-0.009666289867891706,-6.066838259452414,-0.013710012662547273,-0.005732001644612762,True,False,False
bar1230,12:30,reclasticnet,500,common,coefficients,2997,0.13840817796369426,0.14257484469265821,-0.004166666728963947,-2.9224417097881688,-0.0069990913048123314,-0.0015092984528347593,True,False,False
bar1230,12:30,reclasticnet,500,common,package,2997,0.13840817796369426,0.14775055331313108,-0.009342375349436808,-6.323073003752007,-0.01288412930985781,-0.006155908525894605,True,False,False
bar1230,12:30,reclasticnet,500,common,calibration,2997,0.14257484469265821,0.14775055331313108,-0.0051757086204728625,-3.5030045603307265,-0.0068096030475889415,-0.0037226071631147454,True,False,False
bar1230,12:30,reclasticnet,500,common,as scored,2997,0.13683076955488074,0.1449708130359822,-0.008140043481101443,-5.614953321039222,-0.01114486721523844,-0.005233270637924818,True,False,False
bar1230,12:30,reclasticnet,500,deck period,coefficients,1116,0.14404768513931604,0.14515427884589535,-0.0011065937065793223,-0.7623569317954104,-0.005231525391410417,0.0027707837781187875,False,False,False
bar1230,12:30,reclasticnet,500,deck period,package,1116,0.14404768513931604,0.15188889528807203,-0.007841210148756002,-5.162464401287787,-0.013754758992480841,-0.002693555190496843,True,False,False
bar1230,12:30,reclasticnet,500,deck period,calibration,1116,0.14515427884589535,0.15188889528807203,-0.00673461644217668,-4.433909687343388,-0.010258627258305005,-0.003935429119059737,True,False,False
bar1230,12:30,reclasticnet,500,deck period,as scored,1116,0.14027046540747537,0.1466124533937248,-0.006341987986249424,-4.325681645349827,-0.010887315261274335,-0.0021259132252552044,True,False,False
bar1230,12:30,reclasticnet,2000,common,coefficients,1497,0.1556996243083041,0.16309323682065757,-0.007393612512353437,-4.533365488652166,-0.011613527603505393,-0.003978169304365819,True,False,False
bar1230,12:30,reclasticnet,2000,common,package,1497,0.1556996243083041,0.17093248487760757,-0.01523286056930346,-8.911624130551084,-0.01967531104061575,-0.011255875289348237,True,False,False
bar1230,12:30,reclasticnet,2000,common,calibration,1497,0.16309323682065757,0.17093248487760757,-0.007839248056950023,-4.58616632324929,-0.010397492078927033,-0.005579355171866631,True,False,False
bar1230,12:30,reclasticnet,2000,common,as scored,1497,0.15498332646528776,0.1651431279890558,-0.010159801523768035,-6.15211886045984,-0.014209152446731058,-0.006787942090165404,True,False,False
bar1230,12:30,reclasticnet,2000,deck period,coefficients,1116,0.15142300549025467,0.156423193523186,-0.00500018803293137,-3.1965771317603306,-0.00820492688327364,-0.0018335373964044103,True,False,False
bar1230,12:30,reclasticnet,2000,deck period,package,1116,0.15142300549025467,0.16470436224780427,-0.0132813567575496,-8.06375531060147,-0.017874612982370218,-0.009392004673488033,True,False,False
bar1230,12:30,reclasticnet,2000,deck period,calibration,1116,0.156423193523186,0.16470436224780427,-0.00828116872461823,-5.02789884347986,-0.011649298693307235,-0.005484779411793749,True,False,False
bar1230,12:30,reclasticnet,2000,deck period,as scored,1116,0.1503225330071851,0.15868141212143141,-0.008358879114246305,-5.267711575347999,-0.011662364519213679,-0.005267791516958946,True,False,False
bar1230,12:30,ridge,500,common,coefficients,2997,0.14407989525551523,0.1419920750273465,0.002087820228168722,1.4703779966358157,-0.0013314544277662343,0.005318079914744224,False,False,False
bar1230,12:30,ridge,500,common,package,2997,0.14407989525551523,0.1472534828316146,-0.0031735875760993642,-2.1551867671125877,-0.006868253858455536,0.0005038739261025268,False,False,False
bar1230,12:30,ridge,500,common,calibration,2997,0.1419920750273465,0.1472534828316146,-0.005261407804268085,-3.573027749900179,-0.0068975035082694215,-0.0038084254091282797,True,False,False
bar1230,12:30,ridge,500,common,as scored,2997,0.14248274425201274,0.144504504353421,-0.0020217601014082477,-1.3990983260034169,-0.00533986508855796,0.0011852097475704788,False,False,False
bar1230,12:30,ridge,500,deck period,coefficients,1116,0.14963368130900434,0.14466736347959488,0.004966317829409459,3.4329220564733323,0.0007058996217941448,0.009251245280881637,False,True,False
bar1230,12:30,ridge,500,deck period,package,1116,0.14963368130900434,0.15155271736249468,-0.0019190360534903294,-1.2662498481635542,-0.007043032670222355,0.003077439373890601,False,False,False
bar1230,12:30,ridge,500,deck period,calibration,1116,0.14466736347959488,0.15155271736249468,-0.006885353882899789,-4.543207144502006,-0.010394228908911647,-0.004106286996279499,True,False,False
bar1230,12:30,ridge,500,deck period,as scored,1116,0.14606242057006266,0.1462783913880652,-0.00021597081800255697,-0.14764369224542756,-0.004520959556209065,0.0040065945782221364,False,False,False
bar1230,12:30,ridge,2000,common,coefficients,1497,0.15845616818613634,0.16189444757967156,-0.003438279393535202,-2.12377845252732,-0.008525976686553314,0.001350293856264597,False,False,False
bar1230,12:30,ridge,2000,common,package,1497,0.15845616818613634,0.16974864046687943,-0.011292472280743095,-6.652466994542104,-0.01721523631847841,-0.006084948340914589,True,False,False
bar1230,12:30,ridge,2000,common,calibration,1497,0.16189444757967156,0.16974864046687943,-0.007854192887207893,-4.626954811305465,-0.010414451071702583,-0.005601777554355332,True,False,False
bar1230,12:30,ridge,2000,common,as scored,1497,0.15754919087054906,0.1640290853026601,-0.006479894432111056,-3.9504545307648375,-0.011386807442198079,-0.0018655465171889037,True,False,False
bar1230,12:30,ridge,2000,deck period,coefficients,1116,0.15638428512383623,0.15483749283049425,0.0015467922933419928,0.9989778735537379,-0.0025998869626101713,0.005859279263243728,False,False,False
bar1230,12:30,ridge,2000,deck period,package,1116,0.15638428512383623,0.16315072111447695,-0.006766435990640723,-4.147352794041873,-0.012267196613252901,-0.0017336769086095263,True,False,False
bar1230,12:30,ridge,2000,deck period,calibration,1116,0.15483749283049425,0.16315072111447695,-0.008313228283982716,-5.095428464670791,-0.011695904781990448,-0.005534144386328154,True,False,False
bar1230,12:30,ridge,2000,deck period,as scored,1116,0.15509381568387276,0.1572141086601001,-0.0021202929762273556,-1.3486658381350936,-0.006371047735209851,0.0020917614371229773,False,False,False
bar1300,13:00,reclasso,500,common,coefficients,2997,0.15925476362455704,1.5311920331622586,-1.3719372695377015,-89.59929517817174,-2.148337913400167,-0.6881906723787549,True,False,True
bar1300,13:00,reclasso,500,common,package,2997,0.15925476362455704,1.7822261838439792,-1.6229714202194219,-91.064278761685,-2.702429456508602,-0.7256831974061673,True,False,True
bar1300,13:00,reclasso,500,common,calibration,2997,1.5311920331622586,1.7822261838439792,-0.2510341506817206,-14.085426022654415,-0.6673224909781954,0.1564760455789405,False,False,True
bar1300,13:00,reclasso,500,common,as scored,2997,0.1583268702945241,20.507422250925117,-20.34909538063059,-99.2279533314462,-20.40903673239365,-20.286992299323977,True,False,True
bar1300,13:00,reclasso,500,deck period,coefficients,1116,0.16317983523636476,0.17032409297671197,-0.007144257740347222,-4.194508020262313,-0.014118949799411591,-0.000274268426520934,True,False,False
bar1300,13:00,reclasso,500,deck period,package,1116,0.16317983523636476,0.17316240942202907,-0.009982574185664323,-5.76486214241506,-0.018142419804539556,-0.001842397952143027,True,False,False
bar1300,13:00,reclasso,500,deck period,calibration,1116,0.17032409297671197,0.17316240942202907,-0.002838316445317099,-1.6391065790725934,-0.005462227341952153,1.645075184250176e-05,False,False,False
bar1300,13:00,reclasso,500,deck period,as scored,1116,0.1613133823817759,20.527435756893535,-20.366122374511757,-99.2141571685221,-20.478150154441977,-20.262695198916912,True,False,True
bar1300,13:00,reclasso,2000,common,coefficients,1497,0.1787578102866701,0.18727166200343817,-0.0085138517167681,-4.546257359862483,-0.012307332116654076,-0.004537727991244987,True,False,False
bar1300,13:00,reclasso,2000,common,package,1497,0.1787578102866701,0.19157517542854482,-0.012817365141874724,-6.690514631242211,-0.017578007417596436,-0.007692022067550855,True,False,False
bar1300,13:00,reclasso,2000,common,calibration,1497,0.18727166200343817,0.19157517542854482,-0.004303513425106625,-2.24638365356047,-0.00604876390185778,-0.002410366289387911,True,False,False
bar1300,13:00,reclasso,2000,common,as scored,1497,0.177815395345208,0.18602089381040787,-0.008205498465199874,-4.41106280973088,-0.012101993656579933,-0.004248111073977075,True,False,False
bar1300,13:00,reclasso,2000,deck period,coefficients,1116,0.16776163346847048,0.1760680102249816,-0.00830637675651112,-4.7177092226447845,-0.012207224509763349,-0.004044101388824099,True,False,False
bar1300,13:00,reclasso,2000,deck period,package,1116,0.16776163346847048,0.18057679234767687,-0.012815158879206392,-7.096791737518788,-0.018527348306608158,-0.006676205399207778,True,False,False
bar1300,13:00,reclasso,2000,deck period,calibration,1116,0.1760680102249816,0.18057679234767687,-0.004508782122695273,-2.4968779565062853,-0.006859081799474112,-0.0020286209394198866,True,False,False
bar1300,13:00,reclasso,2000,deck period,as scored,1116,0.16728411318754285,0.17536860346566494,-0.008084490278122096,-4.609998664729598,-0.012111084907523714,-0.0037476008783517757,True,False,False
bar1300,13:00,reclasticnet,500,common,coefficients,2997,0.1591112938958102,0.16100274162546432,-0.0018914477296541289,-1.1747922492240193,-0.005616254915257889,0.0017127769895662448,False,False,False
bar1300,13:00,reclasticnet,500,common,package,2997,0.1591112938958102,0.16360122847003886,-0.004489934574228675,-2.744438178256675,-0.0085144374496447,-0.0005166965829973634,True,False,False
bar1300,13:00,reclasticnet,500,common,calibration,2997,0.16100274162546432,0.16360122847003886,-0.002598486844574546,-1.5883052155995394,-0.004028089417224714,-0.0011904002756600127,True,False,False
bar1300,13:00,reclasticnet,500,common,as scored,2997,0.1581397860611182,0.16082781507400745,-0.0026880290128892467,-1.6713707213222464,-0.006432073801390741,0.0009523519291366747,False,False,False
bar1300,13:00,reclasticnet,500,deck period,coefficients,1116,0.16406295010718538,0.169671747698771,-0.005608797591585634,-3.3056756163927115,-0.012323393561303247,0.0010827482793882611,False,False,False
bar1300,13:00,reclasticnet,500,deck period,package,1116,0.16406295010718538,0.17225919741627255,-0.008196247309087176,-4.758089804215537,-0.016312672208351586,-0.000307877479373491,True,False,False
bar1300,13:00,reclasticnet,500,deck period,calibration,1116,0.169671747698771,0.17225919741627255,-0.0025874497175015416,-1.5020676726182847,-0.00517136152190824,0.00020210428174512792,False,False,False
bar1300,13:00,reclasticnet,500,deck period,as scored,1116,0.16267139714282763,0.16815909743158491,-0.005487700288757258,-3.2633978015907905,-0.012595914194919133,0.001745773330295374,False,False,False
bar1300,13:00,reclasticnet,2000,common,coefficients,1497,0.17893350116367784,0.18677971150748607,-0.0078462103438082,-4.200782986804071,-0.011698846890387402,-0.004060495353158029,True,False,False
bar1300,13:00,reclasticnet,2000,common,package,1497,0.17893350116367784,0.19104184027029866,-0.012108339106620833,-6.3380561501549355,-0.01683256912952096,-0.007027228973494317,True,False,False
bar1300,13:00,reclasticnet,2000,common,calibration,1497,0.18677971150748607,0.19104184027029866,-0.004262128762812632,-2.230992308691274,-0.005995328109166443,-0.0023672744156870897,True,False,False
bar1300,13:00,reclasticnet,2000,common,as scored,1497,0.17806923645059874,0.18551482554374232,-0.007445589093143544,-4.013473894240305,-0.011293543569610785,-0.0036274038161660856,True,False,False
bar1300,13:00,reclasticnet,2000,deck period,coefficients,1116,0.16793527454060178,0.17553829872066384,-0.00760302418006207,-4.331262314533908,-0.011795297379994208,-0.0031468652891529425,True,False,False
bar1300,13:00,reclasticnet,2000,deck period,package,1116,0.16793527454060178,0.18004594197910515,-0.012110667438503343,-6.726431768125505,-0.0178587480980765,-0.006050097133754637,True,False,False
bar1300,13:00,reclasticnet,2000,deck period,calibration,1116,0.17553829872066384,0.18004594197910515,-0.004507643258441274,-2.5036072509562026,-0.0068301708162045675,-0.002077332605922043,True,False,False
bar1300,13:00,reclasticnet,2000,deck period,as scored,1116,0.1674793682150446,0.17485492801997285,-0.007375559804928236,-4.218102336861653,-0.011637016605459287,-0.0027492280370363126,True,False,False
bar1300,13:00,ridge,500,common,coefficients,2997,0.16387789025268948,0.16004104803797467,0.0038368422147147924,2.397411327751605,-0.000295594215263585,0.00833158874207993,False,False,False
bar1300,13:00,ridge,500,common,package,2997,0.16387789025268948,0.1627892233074896,0.001088666945199865,0.6687586088813152,-0.003435348737688712,0.00605199842849784,False,False,False
bar1300,13:00,ridge,500,common,calibration,2997,0.16004104803797467,0.1627892233074896,-0.002748175269514927,-1.688180097968739,-0.0041147397379831235,-0.0014176758192379145,True,False,False
bar1300,13:00,ridge,500,common,as scored,2997,0.16243517290498136,0.16002268746577797,0.0024124854392033926,1.5075896283264962,-0.0017751630323624332,0.006860531315743274,False,False,False
bar1300,13:00,ridge,500,deck period,coefficients,1116,0.17101312185848705,0.16820436812772507,0.002808753730761993,1.6698458916531707,-0.0030789953865922206,0.00866712676232435,False,False,False
bar1300,13:00,ridge,500,deck period,package,1116,0.17101312185848705,0.17109526773100664,-8.214587251957911e-05,-0.0480117735627426,-0.007693783215089388,0.007662923776990236,False,False,False
bar1300,13:00,ridge,500,deck period,calibration,1116,0.16820436812772507,0.17109526773100664,-0.002890899603281571,-1.6896432272028699,-0.005397814976665816,-0.00022041383388175174,True,False,False
bar1300,13:00,ridge,500,deck period,as scored,1116,0.16842717817826075,0.16693871281585185,0.0014884653624089089,0.8916238404514463,-0.005170668345765092,0.008070399680860992,False,False,False
bar1300,13:00,ridge,2000,common,coefficients,1497,0.18190636990991504,0.18473390026169836,-0.0028275303517833763,-1.530596359291841,-0.007554487124144344,0.002066966911531696,False,False,False
bar1300,13:00,ridge,2000,common,package,1497,0.18190636990991504,0.18912963781526398,-0.0072232679053489575,-3.8192152159697064,-0.013053348440529012,-0.0010461065159882458,True,False,False
bar1300,13:00,ridge,2000,common,calibration,1497,0.18473390026169836,0.18912963781526398,-0.0043957375535655825,-2.324192868099924,-0.006122558005514304,-0.0025729270254418943,True,False,False
bar1300,13:00,ridge,2000,common,as scored,1497,0.1810394105870602,0.18363191464216866,-0.0025925040551084363,-1.411793837776117,-0.007306389346248459,0.002223395380937276,False,False,False
bar1300,13:00,ridge,2000,deck period,coefficients,1116,0.171945337601188,0.17315966522341483,-0.0012143276222268116,-0.7012762589140239,-0.006719190120565333,0.0047052936265493455,False,False,False
bar1300,13:00,ridge,2000,deck period,package,1116,0.171945337601188,0.17780432158382892,-0.005858983982640928,-3.2951864895356935,-0.012640518850631258,0.0016811615485096633,False,False,False
bar1300,13:00,ridge,2000,deck period,calibration,1116,0.17315966522341483,0.17780432158382892,-0.0046446563604141166,-2.6122291736448675,-0.006909781595389449,-0.0023088905263303717,True,False,False
bar1300,13:00,ridge,2000,deck period,as scored,1116,0.17149962275145392,0.17266903784874751,-0.0011694150972935864,-0.6772581302722936,-0.006614020443097916,0.004758374570023935,False,False,False
bar1330,13:30,reclasso,500,common,coefficients,2936,0.1644395026904663,1.558795214990832,-1.3943557123003656,-89.45085915654204,-2.165227654285795,-0.6795486647616302,True,False,True
bar1330,13:30,reclasso,500,common,package,2936,0.1644395026904663,1.802553140559385,-1.6381136378689187,-90.87741165625575,-2.618360950141797,-0.7163092127127036,True,False,True
bar1330,13:30,reclasso,500,common,calibration,2936,1.558795214990832,1.802553140559385,-0.24375792556855322,-13.522925903472006,-0.659297023987609,0.19847638241354457,False,False,True
bar1330,13:30,reclasso,500,common,as scored,2936,0.16361638080699964,20.521294059819922,-20.35767767901292,-99.20269949677609,-20.426140808853884,-20.289959223605994,True,False,True
bar1330,13:30,reclasso,500,deck period,coefficients,1088,0.17448726959573493,0.17353708647267463,0.0009501831230603282,0.5475389395856575,-0.00746625304162579,0.00865886984505505,False,False,False
bar1330,13:30,reclasso,500,deck period,package,1088,0.17448726959573493,0.17827700651550277,-0.003789736919767821,-2.125757546550609,-0.014359949875854632,0.005958478956460137,False,False,False
bar1330,13:30,reclasso,500,deck period,calibration,1088,0.17353708647267463,0.17827700651550277,-0.0047399200428281515,-2.658738855599964,-0.007655343241954825,-0.0019843863103810215,True,False,False
bar1330,13:30,reclasso,500,deck period,as scored,1088,0.17235051011159244,20.506836294307075,-20.334485784195483,-99.15954607703462,-20.452235730299748,-20.213144710273163,True,False,True
bar1330,13:30,reclasso,2000,common,coefficients,1436,0.17510030322225295,0.18633986513236853,-0.011239561910115593,-6.031753807555591,-0.018682372914675494,-0.004537122658192763,True,False,False
bar1330,13:30,reclasso,2000,common,package,1436,0.17510030322225295,0.1936307085564337,-0.018530405334180735,-9.569972383166716,-0.027624375939487706,-0.010266481168241647,True,False,False
bar1330,13:30,reclasso,2000,common,calibration,1436,0.18633986513236853,0.1936307085564337,-0.007290843424065144,-3.7653342687326,-0.009637642111638386,-0.0051327321265529574,True,False,False
bar1330,13:30,reclasso,2000,common,as scored,1436,0.17430213235262612,0.18654069780168425,-0.012238565449058195,-6.560801794613901,-0.019421262196555808,-0.0056939567186187505,True,False,False
bar1330,13:30,reclasso,2000,deck period,coefficients,1088,0.17218304995908357,0.1783220544220388,-0.006139004462955263,-3.4426501437819597,-0.014458711331631248,0.0013081378897657073,False,False,False
bar1330,13:30,reclasso,2000,deck period,package,1088,0.17218304995908357,0.18458441127255365,-0.012401361313470092,-6.718531228056138,-0.02312479308841915,-0.0031204873271392067,True,False,False
bar1330,13:30,reclasso,2000,deck period,calibration,1088,0.1783220544220388,0.18458441127255365,-0.006262356850514829,-3.392679158191727,-0.009079200616029846,-0.0037689479161673424,True,False,False
bar1330,13:30,reclasso,2000,deck period,as scored,1088,0.171092213356386,0.178091346043137,-0.006999132686750974,-3.9300801764144424,-0.015169512175665386,0.00019957730797029322,False,False,False
bar1330,13:30,reclasticnet,500,common,coefficients,2936,0.165856694782992,0.16818930158323853,-0.0023326068002465054,-1.3868936836580392,-0.006502713246572505,0.0016879365649030182,False,False,False
bar1330,13:30,reclasticnet,500,common,package,2936,0.165856694782992,0.17262214938369339,-0.006765454600701399,-3.919227413663807,-0.011863743771665556,-0.0020426127280680196,True,False,False
bar1330,13:30,reclasticnet,500,common,calibration,2936,0.16818930158323853,0.17262214938369339,-0.004432847800454893,-2.5679484447861,-0.005937992389502218,-0.0030208642871334336,True,False,False
bar1330,13:30,reclasticnet,500,common,as scored,2936,0.16485033871151977,0.1690604143796584,-0.004210075668138603,-2.490278805707911,-0.008534639481472232,-0.00011672291934574416,True,False,False
bar1330,13:30,reclasticnet,500,deck period,coefficients,1088,0.17356986165230898,0.17349450495368401,7.535669862499556e-05,0.04343463134184724,-0.007402692606726647,0.007165693303384331,False,False,False
bar1330,13:30,reclasticnet,500,deck period,package,1088,0.17356986165230898,0.17804452298953075,-0.004474661337221754,-2.513226052724391,-0.014440691625818763,0.004043453716302854,False,False,False
bar1330,13:30,reclasticnet,500,deck period,calibration,1088,0.17349450495368401,0.17804452298953075,-0.004550018035846751,-2.555550690045264,-0.007427355279517408,-0.0018763329981856124,True,False,False
bar1330,13:30,reclasticnet,500,deck period,as scored,1088,0.17127644911292075,0.17210833391497987,-0.0008318848020590785,-0.48334951779268454,-0.008407873248213068,0.0062125441670313995,False,False,False
bar1330,13:30,reclasticnet,2000,common,coefficients,1436,0.17673713588057774,0.18579257031557478,-0.00905543443499705,-4.87394862970898,-0.015018997731592564,-0.0032054446631017536,True,False,False
bar1330,13:30,reclasticnet,2000,common,package,1436,0.17673713588057774,0.19312857195262778,-0.016391436072050056,-8.48731801116962,-0.0243168627531873,-0.008889838481995456,True,False,False
bar1330,13:30,reclasticnet,2000,common,calibration,1436,0.18579257031557478,0.19312857195262778,-0.007336001637053006,-3.7985066439845276,-0.009683545096333988,-0.005167669735177142,True,False,False
bar1330,13:30,reclasticnet,2000,common,as scored,1436,0.17573373933751824,0.18603788598781812,-0.010304146650299882,-5.538735615913526,-0.01619301300104666,-0.004372717463588681,True,False,False
bar1330,13:30,reclasticnet,2000,deck period,coefficients,1088,0.1721430293728592,0.17793167317321817,-0.005788643800359018,-3.253295884383506,-0.01295631868221834,0.0009741855901132827,False,False,False
bar1330,13:30,reclasticnet,2000,deck period,package,1088,0.1721430293728592,0.1842664708710192,-0.012123441498160015,-6.579298686762199,-0.021438089334803446,-0.003983649175392071,True,False,False
bar1330,13:30,reclasticnet,2000,deck period,calibration,1088,0.17793167317321817,0.1842664708710192,-0.0063347976978009955,-3.4378461083325123,-0.009145080709636292,-0.0038332553495930973,True,False,False
bar1330,13:30,reclasticnet,2000,deck period,as scored,1088,0.17086130392736787,0.17775460840640778,-0.00689330447903991,-3.877989178924386,-0.014028839036033467,-0.00028921124445268606,True,False,False
bar1330,13:30,ridge,500,common,coefficients,2936,0.16599708770486254,0.16802791802615072,-0.0020308303212881926,-1.2086267241448103,-0.0062450309812112845,0.0018279881779007137,False,False,False
bar1330,13:30,ridge,500,common,package,2936,0.16599708770486254,0.1724774273247533,-0.006480339619890763,-3.7572102740662396,-0.0114184036544652,-0.0020542115527848724,True,False,False
bar1330,13:30,ridge,500,common,calibration,2936,0.16802791802615072,0.1724774273247533,-0.0044495092986025706,-2.5797632580782324,-0.005946415267330482,-0.0030419354554376246,True,False,False
bar1330,13:30,ridge,500,common,as scored,2936,0.16518838229516206,0.16893027896067642,-0.0037418966655143695,-2.2150538604067584,-0.008016101877532777,0.00027353296342578077,False,False,False
bar1330,13:30,ridge,500,deck period,coefficients,1088,0.17143940053876913,0.17302415298052304,-0.0015847524417539397,-0.9159140007073647,-0.008911946314155874,0.005322852825002614,False,False,False
bar1330,13:30,ridge,500,deck period,package,1088,0.17143940053876913,0.1776627474369573,-0.006223346898188173,-3.5028991659585222,-0.015513866671144247,0.0018368564625264774,False,False,False
bar1330,13:30,ridge,500,deck period,calibration,1088,0.17302415298052304,0.1776627474369573,-0.0046385944564342335,-2.6108987524693177,-0.007504507610227526,-0.0019674131295481256,True,False,False
bar1330,13:30,ridge,500,deck period,as scored,1088,0.16934247950251002,0.1717093511863863,-0.0023668716838763228,-1.378417463884737,-0.009408607057204659,0.004408246579192531,False,False,False
bar1330,13:30,ridge,2000,common,coefficients,1436,0.17376780718346696,0.18483813773232205,-0.011070330548855114,-5.989202598917594,-0.01766605418444102,-0.004496735734587783,True,False,False
bar1330,13:30,ridge,2000,common,package,1436,0.17376780718346696,0.19215503530927266,-0.018387228125805656,-9.568954618447284,-0.02661493346313807,-0.01014096303593892,True,False,False
bar1330,13:30,ridge,2000,common,calibration,1436,0.18483813773232205,0.19215503530927266,-0.00731689757695054,-3.8078094415657784,-0.009674088536324545,-0.0051615196035795325,True,False,False
bar1330,13:30,ridge,2000,common,as scored,1436,0.17292571127248724,0.18511367062348816,-0.012187959351000928,-6.584040665365348,-0.01868048277539206,-0.005692806841450218,True,False,False
bar1330,13:30,ridge,2000,deck period,coefficients,1088,0.16988224305921934,0.17708846425729724,-0.007206221198077911,-4.06927759428066,-0.015117139168638357,0.00030084650609458476,False,False,False
bar1330,13:30,ridge,2000,deck period,package,1088,0.16988224305921934,0.18334999849984793,-0.013467755440628606,-7.34538072038205,-0.02334730664241107,-0.004496714135768368,True,False,False
bar1330,13:30,ridge,2000,deck period,calibration,1088,0.17708846425729724,0.18334999849984793,-0.006261534242550695,-3.4150718809828016,-0.009085939349756093,-0.0037659796840977724,True,False,False
bar1330,13:30,ridge,2000,deck period,as scored,1088,0.16875809816544085,0.17692861247012137,-0.008170514304680536,-4.617972294368342,-0.01580348196637972,-0.000849893559802618,True,False,False
bar1400,14:00,reclasso,500,common,coefficients,2924,0.16031611560748596,2.2716860044144833,-2.111369888806997,-92.94285762662842,-3.282241805923435,-1.0600217779947596,True,False,True
bar1400,14:00,reclasso,500,common,package,2924,0.16031611560748596,1.802111360596414,-1.6417952449889281,-91.10398396498489,-2.680451033936202,-0.7227732917318666,True,False,True
bar1400,14:00,reclasso,500,common,calibration,2924,2.2716860044144833,1.802111360596414,0.4695746438180693,26.05691602003231,0.07408518449292131,1.0446804961698928,False,True,True
bar1400,14:00,reclasso,500,common,as scored,2924,0.15735155676103035,20.520355567845996,-20.363004011084964,-99.23319283508131,-20.42870480971281,-20.29535477688858,True,False,True
bar1400,14:00,reclasso,500,deck period,coefficients,1088,0.18906898294731878,0.18479460390986827,0.004274379037450481,2.313043209603278,-0.0056568808344851906,0.016941753234431284,False,False,False
bar1400,14:00,reclasso,500,deck period,package,1088,0.18906898294731878,0.18129210972757856,0.007776873219740196,4.2896920508158,-0.003481815327548255,0.021490530170027285,False,False,False
bar1400,14:00,reclasso,500,deck period,calibration,1088,0.18479460390986827,0.18129210972757856,0.003502494182289715,1.9319617315683473,-0.0008029199711700591,0.00852933202342829,False,False,False
bar1400,14:00,reclasso,500,deck period,as scored,1088,0.17885042283801986,20.535106571241386,-20.356256148403368,-99.12905042777577,-20.471713267177044,-20.224123659707338,True,False,True
bar1400,14:00,reclasso,2000,common,coefficients,1424,0.1849997536933864,0.19575127041381515,-0.010751516720428764,-5.49243777458007,-0.0162554703605068,-0.005112799776410865,True,False,False
bar1400,14:00,reclasso,2000,common,package,1424,0.1849997536933864,0.19659762041962325,-0.011597866726236849,-5.899291507945035,-0.01871508479648307,-0.003943463893162301,True,False,False
bar1400,14:00,reclasso,2000,common,calibration,1424,0.19575127041381515,0.19659762041962325,-0.0008463500058080832,-0.43049860115377336,-0.004669624305435779,0.0036515014640339898,False,False,False
bar1400,14:00,reclasso,2000,common,as scored,1424,0.1815057450660262,0.19029708848756763,-0.008791343421541444,-4.61979922625868,-0.013729577278383379,-0.0035121416453088904,True,False,False
bar1400,14:00,reclasso,2000,deck period,coefficients,1088,0.18356879701842763,0.1940841836903267,-0.010515386671899088,-5.4179513610841346,-0.016765199828156677,-0.003489997582259551,True,False,False
bar1400,14:00,reclasso,2000,deck period,package,1088,0.18356879701842763,0.1924625354700056,-0.008893738451577994,-4.621023218809274,-0.017081212326758737,-0.00044657267299206204,True,False,False
bar1400,14:00,reclasso,2000,deck period,calibration,1088,0.1940841836903267,0.1924625354700056,0.0016216482203210963,0.842578643350473,-0.002731414959990279,0.006946113875560162,False,False,False
bar1400,14:00,reclasso,2000,deck period,as scored,1088,0.17819022095675977,0.18608520269293277,-0.007894981736173041,-4.242670358481374,-0.01369211971225635,-0.00138107783533697,True,False,False
bar1400,14:00,reclasticnet,500,common,coefficients,2924,0.159516222227598,0.1611679341127133,-0.0016517118851152816,-1.0248390253362383,-0.005663332639873828,0.003328486358677238,False,False,False
bar1400,14:00,reclasticnet,500,common,package,2924,0.159516222227598,0.16237143823675335,-0.0028552160091553265,-1.7584471999269624,-0.008043428364781292,0.0029688382914180703,False,False,False
bar1400,14:00,reclasticnet,500,common,calibration,2924,0.1611679341127133,0.16237143823675335,-0.0012035041240400452,-0.7412043257787857,-0.003296998486680322,0.0010183850473332316,False,False,False
bar1400,14:00,reclasticnet,500,common,as scored,2924,0.156217849859938,0.1591911451295649,-0.0029732952696269045,-1.8677516687294096,-0.007197880252212591,0.002538056977045866,False,False,False
bar1400,14:00,reclasticnet,500,deck period,coefficients,1088,0.18843565316714636,0.18495759332942452,0.0034780598377218744,1.8804633943993676,-0.006059665286561231,0.015577973277043319,False,False,False
bar1400,14:00,reclasticnet,500,deck period,package,1088,0.18843565316714636,0.18120857685490022,0.007227076312246142,3.9882639319181368,-0.003866404938947659,0.020424939267731965,False,False,False
bar1400,14:00,reclasticnet,500,deck period,calibration,1088,0.18495759332942452,0.18120857685490022,0.0037490164745242684,2.0688957110050215,-0.0005562678213176099,0.008848808443600347,False,False,False
bar1400,14:00,reclasticnet,500,deck period,as scored,1088,0.17812889098111698,0.1754852865302503,0.002643604450866679,1.5064536196377765,-0.007133547625047219,0.01571863205230486,False,False,False
bar1400,14:00,reclasticnet,2000,common,coefficients,1424,0.184477600967643,0.19586896088718475,-0.011391359919541683,-5.815806582086683,-0.016882625295066928,-0.006003472529338036,True,False,False
bar1400,14:00,reclasticnet,2000,common,package,1424,0.184477600967643,0.196628316235771,-0.012150715268127967,-6.179534820182468,-0.01913406284466519,-0.004527017416906254,True,False,False
bar1400,14:00,reclasticnet,2000,common,calibration,1424,0.19586896088718475,0.196628316235771,-0.0007593553485862843,-0.3861881966561543,-0.004578906509381967,0.0037492400609965776,False,False,False
bar1400,14:00,reclasticnet,2000,common,as scored,1424,0.1810970966199047,0.190345185454329,-0.009248088834424314,-4.858588260244323,-0.014308570682320304,-0.004043867295095757,True,False,False
bar1400,14:00,reclasticnet,2000,deck period,coefficients,1088,0.18258674954404974,0.19437039640082385,-0.01178364685677409,-6.062469941396972,-0.01805312010749316,-0.005041434881964997,True,False,False
bar1400,14:00,reclasticnet,2000,deck period,package,1088,0.18258674954404974,0.19267465577113135,-0.010087906227081648,-5.235720384036688,-0.018467405970859923,-0.0011684240677118439,True,False,False
bar1400,14:00,reclasticnet,2000,deck period,calibration,1088,0.19437039640082385,0.19267465577113135,0.001695740629692441,0.8801057009317962,-0.0026803011073238724,0.007013389740414349,False,False,False
bar1400,14:00,reclasticnet,2000,deck period,as scored,1088,0.1771851882055147,0.18629130999002722,-0.00910612178451252,-4.8881087287431715,-0.014965677313568633,-0.0026599281333354726,True,False,False
bar1400,14:00,ridge,500,common,coefficients,2924,0.16310752363864756,0.16146175494451587,0.001645768694131706,1.0192932033330444,-0.002253676225672868,0.0058723551739769285,False,False,False
bar1400,14:00,ridge,500,common,package,2924,0.16310752363864756,0.16271044960743403,0.00039707403121354545,0.2440372036163335,-0.004293716671508412,0.005640078443004975,False,False,False
bar1400,14:00,ridge,500,common,calibration,2924,0.16146175494451587,0.16271044960743403,-0.0012486946629181605,-0.7674336011797913,-0.0033561667569154013,0.0010334536026717297,False,False,False
bar1400,14:00,ridge,500,common,as scored,2924,0.1601227801354259,0.15959385155697545,0.0005289285784504578,0.33142165145480484,-0.0034260827042504427,0.005186134857288976,False,False,False
bar1400,14:00,ridge,500,deck period,coefficients,1088,0.1917108353218691,0.18597427064969807,0.005736564672170996,3.084601247328677,-0.002837123301707866,0.016743340336029176,False,False,False
bar1400,14:00,ridge,500,deck period,package,1088,0.1917108353218691,0.18237132324351046,0.009339512078358606,5.121151676839053,-0.0012626619490036133,0.02178692895266313,False,False,False
bar1400,14:00,ridge,500,deck period,calibration,1088,0.18597427064969807,0.18237132324351046,0.0036029474061876105,1.975610716700669,-0.0007710482192580361,0.008825652877773073,False,False,False
bar1400,14:00,ridge,500,deck period,as scored,1088,0.181545828548358,0.1767680725400498,0.004777756008308191,2.70283877606105,-0.004445645610638922,0.01651171202253239,False,False,False
bar1400,14:00,ridge,2000,common,coefficients,1424,0.1864459972852607,0.19464817819908103,-0.008202180913820328,-4.213849309923339,-0.013138715880044515,-0.003021310570454554,True,False,False
bar1400,14:00,ridge,2000,common,package,1424,0.1864459972852607,0.1953668819227445,-0.008920884637483818,-4.566221536468742,-0.01568633784870806,-0.0017731553650299691,True,False,False
bar1400,14:00,ridge,2000,common,calibration,1424,0.19464817819908103,0.1953668819227445,-0.0007187037236634899,-0.3678738773891538,-0.004578722586044412,0.00380592220353332,False,False,False
bar1400,14:00,ridge,2000,common,as scored,1424,0.18309508371716557,0.18919023787638328,-0.006095154159217709,-3.221706483185605,-0.010529415534917508,-0.001301794945424613,True,False,False
bar1400,14:00,ridge,2000,deck period,coefficients,1088,0.1854872192894015,0.19322902930603517,-0.007741810016633632,-4.006546037330754,-0.013297819235109415,-0.0012886351055485298,True,False,False
bar1400,14:00,ridge,2000,deck period,package,1088,0.1854872192894015,0.19144651038096205,-0.005959291091560558,-3.1127708098215434,-0.013809183116265798,0.002518046506670089,False,False,False
bar1400,14:00,ridge,2000,deck period,calibration,1088,0.19322902930603517,0.19144651038096205,0.0017825189250730723,0.9310793503240217,-0.0025733870820039634,0.007107060398346163,False,False,False
bar1400,14:00,ridge,2000,deck period,as scored,1088,0.18043355694499918,0.18521539032888926,-0.004781833383890055,-2.581768920713821,-0.010166690768239192,0.0011226647927982452,False,False,False
bar1430,14:30,reclasso,500,common,coefficients,2916,0.25675009987723924,1.9132897743021433,-1.6565396744249041,-86.58069972851412,-2.54206822148282,-0.8577908991970147,True,False,True
bar1430,14:30,reclasso,500,common,package,2916,0.25675009987723924,1.9545503376333282,-1.6978002377560895,-86.86398119640525,-2.740499852986297,-0.8016861346300098,True,False,True
bar1430,14:30,reclasso,500,common,calibration,2916,1.9132897743021433,1.9545503376333282,-0.04126056333118502,-2.111000291818806,-0.42702194083568096,0.39651845650432116,False,False,True
bar1430,14:30,reclasso,500,common,as scored,2916,0.2566772239523102,20.677331211528426,-20.420653987576113,-98.75865399975213,-20.483895701238836,-20.35485175629108,True,False,True
bar1430,14:30,reclasso,500,deck period,coefficients,1087,0.27786771392513027,0.34230944756346493,-0.06444173363833466,-18.82557846329585,-0.08598472785343145,-0.04632459533617294,True,False,False
bar1430,14:30,reclasso,500,deck period,package,1087,0.27786771392513027,0.34214428314076667,-0.06427656921563636,-18.7863928707502,-0.08915125890071557,-0.04341794480616212,True,False,False
bar1430,14:30,reclasso,500,deck period,calibration,1087,0.34230944756346493,0.34214428314076667,0.0001651644226983105,0.04827332527147845,-0.007429723585612011,0.00676682363937179,False,False,False
bar1430,14:30,reclasso,500,deck period,as scored,1087,0.27593892006235515,20.668975904421213,-20.393036984358858,-98.66496085080185,-20.508507599798996,-20.279230082643814,True,False,True
bar1430,14:30,reclasso,2000,common,coefficients,1416,0.2639870274349676,0.33133785951598765,-0.06735083208102004,-20.326935225393473,-0.08381171050443115,-0.05008727580408469,True,False,False
bar1430,14:30,reclasso,2000,common,package,1416,0.2639870274349676,0.3275863597488199,-0.06359933231385227,-19.414523963274203,-0.07995781114532859,-0.046933736267307714,True,False,False
bar1430,14:30,reclasso,2000,common,calibration,1416,0.33133785951598765,0.3275863597488199,0.0037514997671677704,1.14519413141752,-0.00037731368026248105,0.00810128165606828,False,False,False
bar1430,14:30,reclasso,2000,common,as scored,1416,0.26281346827634355,0.32345205343143646,-0.06063858515509283,-18.747318037338307,-0.07795632628115363,-0.04309272487857077,True,False,False
bar1430,14:30,reclasso,2000,deck period,coefficients,1087,0.27619545674819523,0.34699497942182045,-0.07079952267362523,-20.403615865449915,-0.09004445781149799,-0.05245655382765893,True,False,False
bar1430,14:30,reclasso,2000,deck period,package,1087,0.27619545674819523,0.34176329738106836,-0.06556784063287315,-19.18516152416582,-0.085357429489937,-0.046636474659929476,True,False,False
bar1430,14:30,reclasso,2000,deck period,calibration,1087,0.34699497942182045,0.34176329738106836,0.0052316820407520715,1.5307910711426427,-0.0006585093583380753,0.01089782302447888,False,False,False
bar1430,14:30,reclasso,2000,deck period,as scored,1087,0.2739969570019089,0.338026659730317,-0.0640297027284081,-18.942204966759725,-0.08628057556879444,-0.04476094715291941,True,False,False
bar1430,14:30,reclasticnet,500,common,coefficients,2916,0.25037670352265534,0.31090901501629276,-0.06053231149363741,-19.469461665646875,-0.07216256631164848,-0.04959863948845724,True,False,False
bar1430,14:30,reclasticnet,500,common,package,2916,0.25037670352265534,0.3077506879425148,-0.05737398441985942,-18.643007690230213,-0.06951310245497158,-0.045966727490575975,True,False,False
bar1430,14:30,reclasticnet,500,common,calibration,2916,0.31090901501629276,0.3077506879425148,0.0031583270737779944,1.0262615804023623,0.00014239920702454882,0.006165703516709125,False,True,False
bar1430,14:30,reclasticnet,500,common,as scored,2916,0.25038079360440496,0.3059546663063224,-0.05557387270191742,-18.164087305103152,-0.06853758710836924,-0.043634740430884264,True,False,False
bar1430,14:30,reclasticnet,500,deck period,coefficients,1087,0.27156675885648446,0.3421180496690593,-0.07055129081257477,-20.62191424299919,-0.0941963219604835,-0.05033056332910318,True,False,False
bar1430,14:30,reclasticnet,500,deck period,package,1087,0.27156675885648446,0.3418418882001244,-0.07027512934364,-20.557787611592772,-0.09721133642205275,-0.047643577300301554,True,False,False
bar1430,14:30,reclasticnet,500,deck period,calibration,1087,0.3421180496690593,0.3418418882001244,0.00027616146893477645,0.0807863162670993,-0.007369808693732987,0.006920058371189503,False,False,False
bar1430,14:30,reclasticnet,500,deck period,as scored,1087,0.26972139142753937,0.33877350078059476,-0.06905210935305542,-20.382972456212485,-0.0993558057416567,-0.0450835023675232,True,False,False
bar1430,14:30,reclasticnet,2000,common,coefficients,1416,0.26612857245022886,0.3311062027445052,-0.06497763029427639,-19.624407442591988,-0.0809026303913878,-0.04828829832629071,True,False,False
bar1430,14:30,reclasticnet,2000,common,package,1416,0.26612857245022886,0.3273760779388853,-0.06124750548865645,-18.70860750555212,-0.07694236431016449,-0.045064774723768894,True,False,False
bar1430,14:30,reclasticnet,2000,common,calibration,1416,0.3311062027445052,0.3273760779388853,0.0037301248056199245,1.139400541757442,-0.00039177747335424924,0.008117274556396487,False,False,False
bar1430,14:30,reclasticnet,2000,common,as scored,1416,0.26505536550980113,0.3232240355565162,-0.0581686700467151,-17.996393723184063,-0.07493737898472645,-0.04107013789058701,True,False,False
bar1430,14:30,reclasticnet,2000,deck period,coefficients,1087,0.27899211605442087,0.3467931210707639,-0.06780100501634301,-19.550850607128414,-0.08512476829889029,-0.05006664300099599,True,False,False
bar1430,14:30,reclasticnet,2000,deck period,package,1087,0.27899211605442087,0.3416113731928445,-0.06261925713842369,-18.33055397223974,-0.08147276542196577,-0.04463188517487499,True,False,False
bar1430,14:30,reclasticnet,2000,deck period,calibration,1087,0.3467931210707639,0.3416113731928445,0.005181747877919315,1.5168546144961468,-0.0008115721712489571,0.010882029612604253,False,False,False
bar1430,14:30,reclasticnet,2000,deck period,as scored,1087,0.2770044712007459,0.3378235186694978,-0.06081904746875191,-18.00320111171801,-0.08161453935913152,-0.04224794538963281,True,False,False
bar1430,14:30,ridge,500,common,coefficients,2916,0.26561844990270606,0.3100095680699567,-0.044391118167250644,-14.319273577141125,-0.056791773108671915,-0.033306525362111386,True,False,False
bar1430,14:30,ridge,500,common,package,2916,0.26561844990270606,0.30655634749868815,-0.04093789759598213,-13.354118396180759,-0.054071946380207375,-0.029676546325847798,True,False,False
bar1430,14:30,ridge,500,common,calibration,2916,0.3100095680699567,0.30655634749868815,0.0034532205712685107,1.126455413317869,0.0005317457599545675,0.00636130222139569,False,True,False
bar1430,14:30,ridge,500,common,as scored,2916,0.2656451981247413,0.30481229218184736,-0.03916709405710604,-12.849578268890621,-0.052767652998335586,-0.027248286589016162,True,False,False
bar1430,14:30,ridge,500,deck period,coefficients,1087,0.28098947790926104,0.34111960933292623,-0.06013013142366524,-17.627286669696957,-0.08389851826503163,-0.039129183554856915,True,False,False
bar1430,14:30,ridge,500,deck period,package,1087,0.28098947790926104,0.3402438383730238,-0.05925436046376282,-17.415263343813958,-0.08580663570331208,-0.03621103933262228,True,False,False
bar1430,14:30,ridge,500,deck period,calibration,1087,0.34111960933292623,0.3402438383730238,0.0008757709599024278,0.2573950976129898,-0.006486058145960504,0.007226635073599107,False,False,False
bar1430,14:30,ridge,500,deck period,as scored,1087,0.27994883935939113,0.33720582219447554,-0.057256982835084444,-16.9798322171504,-0.08600613974940653,-0.033213508213793666,True,False,False
bar1430,14:30,ridge,2000,common,coefficients,1416,0.26353417177188904,0.32997416453761796,-0.06643999276572887,-20.13490748853901,-0.0833434098545868,-0.04845251053551308,True,False,False
bar1430,14:30,ridge,2000,common,package,1416,0.26353417177188904,0.3259922367351885,-0.062458064963299406,-19.15937188836666,-0.07936743373528277,-0.04537747719877831,True,False,False
bar1430,14:30,ridge,2000,common,calibration,1416,0.32997416453761796,0.3259922367351885,0.003981927802429463,1.2214793340812224,-9.130670353611638e-05,0.008317588100679587,False,False,False
bar1430,14:30,ridge,2000,common,as scored,1416,0.26269297849229223,0.32194906758876046,-0.05925608909646821,-18.405423423110697,-0.07705706919227197,-0.041066629035460156,True,False,False
bar1430,14:30,ridge,2000,deck period,coefficients,1087,0.27565670590033176,0.34547090432007455,-0.06981419841974273,-20.208416265081684,-0.08981407944176888,-0.050444441976676045,True,False,False
bar1430,14:30,ridge,2000,deck period,package,1087,0.27565670590033176,0.3399806740334681,-0.06432396813313629,-18.919889583725034,-0.08493700792588166,-0.044847445336473606,True,False,False
bar1430,14:30,ridge,2000,deck period,calibration,1087,0.34547090432007455,0.3399806740334681,0.005490230286606449,1.6148654043982464,-0.00035337340425271613,0.011113784157211768,False,False,False
bar1430,14:30,ridge,2000,deck period,as scored,1087,0.2740355590483923,0.33633581009008073,-0.06230025104168849,-18.523228622311322,-0.08483000350143324,-0.041751573099665186,True,False,False
bar1500,15:00,reclasso,500,common,coefficients,2914,0.17113982069484565,1.4324460170219395,-1.261306196327094,-88.05261638755184,-1.9845974786199037,-0.6340938262353051,True,False,True
bar1500,15:00,reclasso,500,common,package,2914,0.17113982069484565,1.8278466269299052,-1.6567068062350596,-90.63707981985907,-2.692081634921504,-0.7007203964803801,True,False,True
bar1500,15:00,reclasso,500,common,calibration,2914,1.4324460170219395,1.8278466269299052,-0.3954006099079658,-21.632045275707302,-0.8587143247060308,0.08459896135665451,False,False,True
bar1500,15:00,reclasso,500,common,as scored,2914,0.16892726304812503,20.59567671197435,-20.426749448926227,-99.17979260691197,-20.49115198426862,-20.36231360706293,True,False,True
bar1500,15:00,reclasso,500,deck period,coefficients,1087,0.19667547690814793,0.21131132462898528,-0.014635847720837373,-6.926201303472306,-0.026055994323394324,-0.0022350170874713407,True,False,False
bar1500,15:00,reclasso,500,deck period,package,1087,0.19667547690814793,0.21168749349911223,-0.015012016590964274,-7.091593529131768,-0.026052770232034186,-0.0020320959532798,True,False,False
bar1500,15:00,reclasso,500,deck period,calibration,1087,0.21131132462898528,0.21168749349911223,-0.00037616887012689764,-0.17770009172907286,-0.002120277593692651,0.0013105606243288945,False,False,False
bar1500,15:00,reclasso,500,deck period,as scored,1087,0.19194763832605333,20.674435075975538,-20.48248743764949,-99.07157009310934,-20.598288090134552,-20.366871329660654,True,False,True
bar1500,15:00,reclasso,2000,common,coefficients,1414,4.961947532069466,0.24839014453490563,4.7135573875345615,1897.6426767496716,2.475512500136244,7.165525982370823,False,True,True
bar1500,15:00,reclasso,2000,common,package,1414,4.961947532069466,0.24661603203584492,4.715331500033621,1912.0133679501666,2.477258061103646,7.167883894182098,False,True,True
bar1500,15:00,reclasso,2000,common,calibration,1414,0.24839014453490563,0.24661603203584492,0.0017741124990606682,0.719382468534246,0.00020573314572480873,0.003468901623570259,False,True,False
bar1500,15:00,reclasso,2000,common,as scored,1414,24.987910437834238,0.23959700414494253,24.748313433689294,10329.141435640813,24.653678277452798,24.851214274163873,False,True,True
bar1500,15:00,reclasso,2000,deck period,coefficients,1087,6.368823341914228,0.2316509586612335,6.137172383252995,2649.3187935509472,3.2700119677027852,9.397840052127785,False,True,True
bar1500,15:00,reclasso,2000,deck period,package,1087,6.368823341914228,0.23006767767415953,6.138755664240069,2668.239070476589,3.2717933535973702,9.398954571195565,False,True,True
bar1500,15:00,reclasso,2000,deck period,calibration,1087,0.2316509586612335,0.23006767767415953,0.0015832809870739673,0.688180540213188,-0.0003788402541418964,0.0035458359165361406,False,False,False
bar1500,15:00,reclasso,2000,deck period,as scored,1087,24.96999594082911,0.22311808937503308,24.74687785145408,11091.381214661502,24.639376722327086,24.85573285395242,False,True,True
bar1500,15:00,reclasticnet,500,common,coefficients,2914,0.16778715527944427,0.1812090941685819,-0.01342193888913768,-7.406879301902486,-0.019011600576449617,-0.0071583636758821585,True,False,False
bar1500,15:00,reclasticnet,500,common,package,2914,0.16778715527944427,0.18281059750778872,-0.015023442228344452,-8.218036827818132,-0.02083074962491714,-0.008372764429556805,True,False,False
bar1500,15:00,reclasticnet,500,common,calibration,2914,0.1812090941685819,0.18281059750778872,-0.001601503339206773,-0.8760451314309282,-0.002870958381976154,-0.00039524524650836994,True,False,False
bar1500,15:00,reclasticnet,500,common,as scored,2914,0.1657996882728439,0.17901032723828003,-0.01321063896543615,-7.3798194602770115,-0.01902405937081312,-0.006279157052709396,True,False,False
bar1500,15:00,reclasticnet,500,deck period,coefficients,1087,0.1942900022279191,0.2115240806386962,-0.01723407841077709,-8.147572776933412,-0.029717466693915284,-0.003527823748893838,True,False,False
bar1500,15:00,reclasticnet,500,deck period,package,1087,0.1942900022279191,0.2116886438220105,-0.01739864159409139,-8.218977305518717,-0.029453017336054283,-0.0034524609139903917,True,False,False
bar1500,15:00,reclasticnet,500,deck period,calibration,1087,0.2115240806386962,0.2116886438220105,-0.00016456318331429978,-0.07773831432009448,-0.0019011278316703151,0.0015291289200723048,False,False,False
bar1500,15:00,reclasticnet,500,deck period,as scored,1087,0.1898474210621392,0.205056323337945,-0.015208902275805802,-7.416938930842249,-0.02803667872687865,-0.0002914273990774667,True,False,False
bar1500,15:00,reclasticnet,2000,common,coefficients,1414,0.21978603763539487,0.24808835225838494,-0.02830231462299009,-11.408159377637013,-0.03734786907335078,-0.019098462908363364,True,False,False
bar1500,15:00,reclasticnet,2000,common,package,1414,0.21978603763539487,0.24631235255709616,-0.02652631492170128,-10.769380685263188,-0.03554490497600739,-0.016821144207374992,True,False,False
bar1500,15:00,reclasticnet,2000,common,calibration,1414,0.24808835225838494,0.24631235255709616,0.001775999701288801,0.7210355805753256,0.00020367062527211065,0.003467803253169019,False,True,False
bar1500,15:00,reclasticnet,2000,common,as scored,1414,0.21776154499926514,0.2393091917429849,-0.021547646743719825,-9.004103263556098,-0.029235975165318374,-0.012990062248139539,True,False,False
bar1500,15:00,reclasticnet,2000,deck period,coefficients,1087,0.20049882546054104,0.231427837429564,-0.030929011969022948,-13.36443027448516,-0.041832558262592766,-0.018944417216465108,True,False,False
bar1500,15:00,reclasticnet,2000,deck period,package,1087,0.20049882546054104,0.229842118887446,-0.02934329342690496,-12.766717244403065,-0.04016146595248559,-0.017271835976542516,True,False,False
bar1500,15:00,reclasticnet,2000,deck period,calibration,1087,0.231427837429564,0.229842118887446,0.0015857185421179966,0.6899164303712869,-0.00037236060904195496,0.003533019096774973,False,False,False
bar1500,15:00,reclasticnet,2000,deck period,as scored,1087,0.20031517205984956,0.22288901704327957,-0.02257384498343,-10.127840879233055,-0.0319241385802782,-0.011777341471476839,True,False,False
bar1500,15:00,ridge,500,common,coefficients,2914,0.16950512439735418,0.18067761925694895,-0.011172494859594758,-6.18366287177268,-0.016392294355367435,-0.005665538647525306,True,False,False
bar1500,15:00,ridge,500,common,package,2914,0.16950512439735418,0.18235485868750423,-0.01284973429015004,-7.046554384476382,-0.018078627905700848,-0.00701482774427423,True,False,False
bar1500,15:00,ridge,500,common,calibration,2914,0.18067761925694895,0.18235485868750423,-0.0016772394305552857,-0.9197667902172643,-0.0029475339730548077,-0.0004540948887839517,True,False,False
bar1500,15:00,ridge,500,common,as scored,2914,0.16673651828730804,0.1785635643736589,-0.011827046086350825,-6.6234375012820434,-0.0169635327986337,-0.006223619699236341,True,False,False
bar1500,15:00,ridge,500,deck period,coefficients,1087,0.19336276478190678,0.21166282365158673,-0.018300058869679937,-8.645854077711464,-0.029854763443566065,-0.007130780786281899,True,False,False
bar1500,15:00,ridge,500,deck period,package,1087,0.19336276478190678,0.2118398798869597,-0.01847711510505293,-8.722208072867366,-0.029978244024150103,-0.007162389194001093,True,False,False
bar1500,15:00,ridge,500,deck period,calibration,1087,0.21166282365158673,0.2118398798869597,-0.00017705623537299383,-0.0835802189217031,-0.0019050476584064444,0.0015277050511604655,False,False,False
bar1500,15:00,ridge,500,deck period,as scored,1087,0.1875087079793879,0.20522353895659567,-0.017714830977207805,-8.631968373254908,-0.029056215144030534,-0.005963632860307054,True,False,False
bar1500,15:00,ridge,2000,common,coefficients,1414,0.2193599231933102,0.24580541100386893,-0.026445487810558742,-10.758708566485746,-0.03475073379424023,-0.018049553952406937,True,False,False
bar1500,15:00,ridge,2000,common,package,1414,0.2193599231933102,0.2440813498274959,-0.024721426634185695,-10.128355423983653,-0.03305282422098852,-0.016261682641235647,True,False,False
bar1500,15:00,ridge,2000,common,calibration,1414,0.24580541100386893,0.2440813498274959,0.0017240611763730482,0.7063469526006496,0.00017649118202797874,0.003375110661041913,False,True,False
bar1500,15:00,ridge,2000,common,as scored,1414,0.21738573872730843,0.23712034346773886,-0.01973460474043041,-8.322611401377031,-0.02669237367981877,-0.012558256923391926,True,False,False
bar1500,15:00,ridge,2000,deck period,coefficients,1087,0.2005434330808783,0.22918236115736448,-0.0286389280764862,-12.496130998851926,-0.03875977443939147,-0.017865449385781447,True,False,False
bar1500,15:00,ridge,2000,deck period,package,1087,0.2005434330808783,0.22764331529338863,-0.027099882212510334,-11.904536787115306,-0.037166012999883376,-0.016181807105897512,True,False,False
bar1500,15:00,ridge,2000,deck period,calibration,1087,0.22918236115736448,0.22764331529338863,0.0015390458639758624,0.676077776319646,-0.0003977750600249993,0.003477400212851319,False,False,False
bar1500,15:00,ridge,2000,deck period,as scored,1087,0.2002444569210549,0.22079594427909516,-0.020551487358040237,-9.307909810183066,-0.029136384725255173,-0.011188134059382708,True,False,False
bar1530,15:30,reclasso,500,common,coefficients,2912,0.13142503410991477,0.12973266810951234,0.001692366000402423,1.304502578312682,-0.0022968883992986514,0.005789685463374178,False,False,False
bar1530,15:30,reclasso,500,common,package,2912,0.13142503410991477,1.7840357683726358,-1.6526107342627214,-92.63327359014792,-2.6776399308159826,-0.7587044276214855,True,False,True
bar1530,15:30,reclasso,500,common,calibration,2912,0.12973266810951234,1.7840357683726358,-1.6543031002631234,-92.72813525326053,-2.679573968320447,-0.7606851415234729,True,False,True
bar1530,15:30,reclasso,500,common,as scored,2912,0.13030965374006162,20.512741945785116,-20.38243229204505,-99.3647380048729,-20.44344022490101,-20.32096705295732,True,False,True
bar1530,15:30,reclasso,500,deck period,coefficients,1087,0.1346134927123218,0.12814155878698621,0.006471933925335564,5.050612764976635,-0.0005720440291825055,0.014423897313784519,False,False,False
bar1530,15:30,reclasso,500,deck period,package,1087,0.1346134927123218,0.13535362331946438,-0.0007401306071425811,-0.5468125558749984,-0.007924793672425056,0.006801712111556335,False,False,False
bar1530,15:30,reclasso,500,deck period,calibration,1087,0.12814155878698621,0.13535362331946438,-0.007212064532478145,-5.328312870839138,-0.011177928910939917,-0.0034239226595224707,True,False,False
bar1530,15:30,reclasso,500,deck period,as scored,1087,0.13488382699372556,20.513420971877753,-20.378537144884028,-99.3424605911484,-20.48548923609191,-20.27252130592819,True,False,True
bar1530,15:30,reclasso,2000,common,coefficients,1412,0.13346551649119387,0.14056749032980462,-0.0071019738386107565,-5.052358708224672,-0.012040170234588423,-0.002306617938099595,True,False,False
bar1530,15:30,reclasso,2000,common,package,1412,0.13346551649119387,0.14884729120978954,-0.015381774718595666,-10.333929891217275,-0.02182742541671635,-0.008989898045564292,True,False,False
bar1530,15:30,reclasso,2000,common,calibration,1412,0.14056749032980462,0.14884729120978954,-0.00827980087998491,-5.5626144168892715,-0.011471682337047763,-0.005048036376072888,True,False,False
bar1530,15:30,reclasso,2000,common,as scored,1412,0.13356765814822594,0.1437517115227281,-0.010184053374502147,-7.084474519729096,-0.015449531826570587,-0.005058594032843582,True,False,False
bar1530,15:30,reclasso,2000,deck period,coefficients,1087,0.12661381374292088,0.13378268068554935,-0.007168866942628458,-5.3585911912458855,-0.011782864536454081,-0.0022780816355226774,True,False,False
bar1530,15:30,reclasso,2000,deck period,package,1087,0.12661381374292088,0.1438812246034443,-0.01726741086052342,-12.001156445613171,-0.02429714786627761,-0.010655661220767429,True,False,False
bar1530,15:30,reclasso,2000,deck period,calibration,1087,0.13378268068554935,0.1438812246034443,-0.010098543917894961,-7.018666921780716,-0.014028405246500624,-0.006566369702221848,True,False,False
bar1530,15:30,reclasso,2000,deck period,as scored,1087,0.12726664688194997,0.13856107027620704,-0.011294423394257088,-8.151224129362479,-0.016437625632984794,-0.006038770969495409,True,False,False
bar1530,15:30,reclasticnet,500,common,coefficients,2912,0.13135498752281213,0.129140989445435,0.002213998077377127,1.7144038363687706,-0.002100447458329053,0.006584958271823116,False,False,False
bar1530,15:30,reclasticnet,500,common,package,2912,0.13135498752281213,0.13455735689255915,-0.003202369369747004,-2.3799288598571535,-0.008079337939102017,0.0015090489335279347,False,False,False
bar1530,15:30,reclasticnet,500,common,calibration,2912,0.129140989445435,0.13455735689255915,-0.00541636744712413,-4.025322414328465,-0.007349208653970089,-0.0035917712725329377,True,False,False
bar1530,15:30,reclasticnet,500,common,as scored,2912,0.13034869612773387,0.13179053363844734,-0.0014418375107134692,-1.0940372353821632,-0.005837772530010008,0.0031273424058718842,False,False,False
bar1530,15:30,reclasticnet,500,deck period,coefficients,1087,0.13503723926496922,0.12735914570778448,0.007678093557184783,6.028694299506031,0.0007355361587230711,0.015458431535976693,False,True,False
bar1530,15:30,reclasticnet,500,deck period,package,1087,0.13503723926496922,0.13440471271861973,0.0006325265463494992,0.4706133687988399,-0.006905961181914953,0.008618540965390732,False,False,False
bar1530,15:30,reclasticnet,500,deck period,calibration,1087,0.12735914570778448,0.13440471271861973,-0.007045567010835285,-5.242053547322697,-0.010997189934937817,-0.0032545894769844225,True,False,False
bar1530,15:30,reclasticnet,500,deck period,as scored,1087,0.13531007523780447,0.1298046609305093,0.005505414307295131,4.241307105484021,-0.0016565037243571775,0.01334962313876988,False,False,False
bar1530,15:30,reclasticnet,2000,common,coefficients,1412,0.13339413114798404,0.140314427068921,-0.006920295920936997,-4.931991717101064,-0.011604657757496712,-0.0021293553053262303,True,False,False
bar1530,15:30,reclasticnet,2000,common,package,1412,0.13339413114798404,0.1486279871756709,-0.015233856027686886,-10.249655073160094,-0.02154009925616321,-0.008831362204044861,True,False,False
bar1530,15:30,reclasticnet,2000,common,calibration,1412,0.140314427068921,0.1486279871756709,-0.008313560106749891,-5.593536092851527,-0.011509625686363835,-0.005057110946340906,True,False,False
bar1530,15:30,reclasticnet,2000,common,as scored,1412,0.13332382487219835,0.14355372837084976,-0.010229903498651384,-7.12618447096264,-0.015394731775225611,-0.005015224604796787,True,False,False
bar1530,15:30,reclasticnet,2000,deck period,coefficients,1087,0.12664564542191062,0.13358105964521141,-0.006935414223300792,-5.191914363998243,-0.011877000244129396,-0.0016699819827888987,True,False,False
bar1530,15:30,reclasticnet,2000,deck period,package,1087,0.12664564542191062,0.14372085970196227,-0.017075214280051675,-11.880818355429403,-0.02424064266297944,-0.010252656974591486,True,False,False
bar1530,15:30,reclasticnet,2000,deck period,calibration,1087,0.13358105964521141,0.14372085970196227,-0.010139800056750883,-7.055204149055365,-0.014091000078499461,-0.0065621211675445995,True,False,False
bar1530,15:30,reclasticnet,2000,deck period,as scored,1087,0.12706439420156113,0.13838437150346186,-0.011319977301900722,-8.180098069540705,-0.016728531170211027,-0.005998786845214783,True,False,False
bar1530,15:30,ridge,500,common,coefficients,2912,0.13346372507571855,0.1289527490199236,0.004510976055794968,3.4981619935050854,-9.33180383074723e-05,0.009062669411232719,False,False,False
bar1530,15:30,ridge,500,common,package,2912,0.13346372507571855,0.13438818141805658,-0.0009244563423380178,-0.687900031523015,-0.005680202806350832,0.003649206059374734,False,False,False
bar1530,15:30,ridge,500,common,calibration,2912,0.1289527490199236,0.13438818141805658,-0.005435432398132987,-4.044576197682421,-0.00733859749165004,-0.003613611506954417,True,False,False
bar1530,15:30,ridge,500,common,as scored,2912,0.1324089774059105,0.13166685545970644,0.0007421219462040612,0.5636361129860583,-0.003675111049809707,0.005166990874261589,False,False,False
bar1530,15:30,ridge,500,deck period,coefficients,1087,0.13823492401837256,0.1273933925049551,0.010841531513417454,8.51027773123772,0.003127033378429692,0.01923882496392988,False,True,False
bar1530,15:30,ridge,500,deck period,package,1087,0.13823492401837256,0.13467030391569546,0.003564620102677104,2.6469236342620723,-0.004512176240749234,0.012011253662612754,False,False,False
bar1530,15:30,ridge,500,deck period,calibration,1087,0.1273933925049551,0.13467030391569546,-0.007276911410740353,-5.4035011425352915,-0.011254209012147078,-0.0035432979285341067,True,False,False
bar1530,15:30,ridge,500,deck period,as scored,1087,0.1386515431374028,0.13008396966305052,0.008567573474352308,6.586186981028047,0.0007075293922059544,0.017034714786003935,False,True,False
bar1530,15:30,ridge,2000,common,coefficients,1412,0.13168816899363095,0.13945128629941073,-0.007763117305779779,-5.5669026165250814,-0.013068709517466876,-0.0025048837865394554,True,False,False
bar1530,15:30,ridge,2000,common,package,1412,0.13168816899363095,0.1474616882797839,-0.015773519286152952,-10.696689743728783,-0.02248114732965694,-0.008842670767950941,True,False,False
bar1530,15:30,ridge,2000,common,calibration,1412,0.13945128629941073,0.1474616882797839,-0.008010401980373174,-5.432191963769448,-0.011209018732729111,-0.004779711681605192,True,False,False
bar1530,15:30,ridge,2000,common,as scored,1412,0.13189892449620838,0.14259941698677836,-0.010700492490569992,-7.503882355677602,-0.01621184002358066,-0.004982688692262783,True,False,False
bar1530,15:30,ridge,2000,deck period,coefficients,1087,0.12528913942385234,0.13222586050086207,-0.006936721077009781,-5.246115283904358,-0.011238179827070241,-0.002338373595820323,True,False,False
bar1530,15:30,ridge,2000,deck period,package,1087,0.12528913942385234,0.1421756465750586,-0.016886507151206293,-11.877214950657125,-0.02342326579266652,-0.01077065801874876,True,False,False
bar1530,15:30,ridge,2000,deck period,calibration,1087,0.13222586050086207,0.1421756465750586,-0.00994978607419651,-6.998235150591514,-0.013858768622939138,-0.0064038597094994,True,False,False
bar1530,15:30,ridge,2000,deck period,as scored,1087,0.1258990701448859,0.1370148109341019,-0.011115740789215983,-8.112802341173294,-0.016032973803669873,-0.0061746195859084755,True,False,False
bar1600,16:00,reclasso,500,common,coefficients,2906,0.1245121036045684,0.12844112091007445,-0.003929017305506072,-3.0590026602593237,-0.007953560101239448,-0.00030762686156378584,True,False,False
bar1600,16:00,reclasso,500,common,package,2906,0.1245121036045684,1.7751053797133918,-1.6505932761088231,-92.98565003365196,-2.6650876894882387,-0.7377519784907494,True,False,True
bar1600,16:00,reclasso,500,common,calibration,2906,0.12844112091007445,1.7751053797133918,-1.6466642588033171,-92.76431008671649,-2.66159010342158,-0.7336864159085708,True,False,True
bar1600,16:00,reclasso,500,common,as scored,2906,0.12298140780716497,20.438204675039074,-20.31522326723191,-99.39827685570955,-20.373098175968018,-20.2541654326215,True,False,True
bar1600,16:00,reclasso,500,deck period,coefficients,1087,0.11238659285441699,0.11545337510603547,-0.0030667822516184874,-2.656295018488522,-0.009774686540127484,0.0028681728365858167,False,False,False
bar1600,16:00,reclasso,500,deck period,package,1087,0.11238659285441699,0.11712511038521531,-0.004738517530798338,-4.045688849482169,-0.01093730757460217,0.00041315961171172464,False,False,False
bar1600,16:00,reclasso,500,deck period,calibration,1087,0.11545337510603547,0.11712511038521531,-0.0016717352791798506,-1.4273073243488474,-0.0059796246966024895,0.0022305577139646047,False,False,False
bar1600,16:00,reclasso,500,deck period,as scored,1087,0.11056438421407414,20.42074929392347,-20.310184909709395,-99.45856842654165,-20.410153990426668,-20.208582679853915,True,False,True
bar1600,16:00,reclasso,2000,common,coefficients,1406,0.11547044970482775,0.12681515090776468,-0.011344701202936916,-8.945856328466741,-0.017207002596353195,-0.006471589996275334,True,False,False
bar1600,16:00,reclasso,2000,common,package,1406,0.11547044970482775,0.13250970104204093,-0.01703925133721317,-12.858870862448915,-0.023237141716685644,-0.011238556122234145,True,False,False
bar1600,16:00,reclasso,2000,common,calibration,1406,0.12681515090776468,0.13250970104204093,-0.005694550134276255,-4.2974590460132145,-0.008974190047425877,-0.002715313174318173,True,False,False
bar1600,16:00,reclasso,2000,common,as scored,1406,0.1145887808720804,0.1280179025306459,-0.013429121658565493,-10.490034122649938,-0.019227722649298465,-0.008351431632417371,True,False,False
bar1600,16:00,reclasso,2000,deck period,coefficients,1087,0.10306305420881848,0.11368825861045317,-0.010625204401634681,-9.345911821942302,-0.015883603059555097,-0.005991511160426102,True,False,False
bar1600,16:00,reclasso,2000,deck period,package,1087,0.10306305420881848,0.12070936835451977,-0.0176463141457013,-14.618843911000022,-0.02337312163800249,-0.01206872347315322,True,False,False
bar1600,16:00,reclasso,2000,deck period,calibration,1087,0.11368825861045317,0.12070936835451977,-0.007021109744066618,-5.816540869840218,-0.011069698165696001,-0.003712012209333703,True,False,False
bar1600,16:00,reclasso,2000,deck period,as scored,1087,0.10218818900425074,0.11540265035413906,-0.01321446134988832,-11.450743383567678,-0.018076749229598555,-0.008636603746415549,True,False,False
bar1600,16:00,reclasticnet,500,common,coefficients,2906,0.12261384343712486,0.12895557375685565,-0.006341730319730805,-4.917763641366964,-0.009853453926827543,-0.0027459377820413153,True,False,False
bar1600,16:00,reclasticnet,500,common,package,2906,0.12261384343712486,0.1299884908632366,-0.007374647426111759,-5.6733079806817415,-0.010791182635158318,-0.0039535091196170125,True,False,False
bar1600,16:00,reclasticnet,500,common,calibration,2906,0.12895557375685565,0.1299884908632366,-0.001032917106380954,-0.794621969623223,-0.002765226392197752,0.0006538140374464188,False,False,False
bar1600,16:00,reclasticnet,500,common,as scored,2906,0.12129164853906807,0.1277296735472739,-0.0064380250082058405,-5.040351884891548,-0.009905443377670197,-0.003018408880678922,True,False,False
bar1600,16:00,reclasticnet,500,deck period,coefficients,1087,0.11030800150686233,0.11645597927133722,-0.00614797776447488,-5.2792289437971816,-0.011599983322661704,-0.0008046621302147824,True,False,False
bar1600,16:00,reclasticnet,500,deck period,package,1087,0.11030800150686233,0.11787086873978848,-0.007562867232926175,-6.416231010922594,-0.012661903415403722,-0.0026219058473849308,True,False,False
bar1600,16:00,reclasticnet,500,deck period,calibration,1087,0.11645597927133722,0.11787086873978848,-0.0014148894684512952,-1.2003724784406253,-0.005708599920795939,0.0024084751314306942,False,False,False
bar1600,16:00,reclasticnet,500,deck period,as scored,1087,0.10885484196211112,0.1132186030055087,-0.00436376104339759,-3.85427917988466,-0.008920436665899223,0.00011079406488925376,False,False,False
bar1600,16:00,reclasticnet,2000,common,coefficients,1406,0.11520232265210424,0.12726809122504296,-0.012065768572938689,-9.480592076770668,-0.018014219728997374,-0.006851458801686275,True,False,False
bar1600,16:00,reclasticnet,2000,common,package,1406,0.11520232265210424,0.13293894931854888,-0.01773662666644465,-13.341933840581264,-0.024350053267085003,-0.011606455484534376,True,False,False
bar1600,16:00,reclasticnet,2000,common,calibration,1406,0.12726809122504296,0.13293894931854888,-0.005670858093505962,-4.265761180282407,-0.008915552745969587,-0.002701705684521654,True,False,False
bar1600,16:00,reclasticnet,2000,common,as scored,1406,0.11449439311695755,0.12846419139527634,-0.013969798278318776,-10.874468695587375,-0.02009923625598439,-0.008474742517905972,True,False,False
bar1600,16:00,reclasticnet,2000,deck period,coefficients,1087,0.1038252486746286,0.11399588078946918,-0.010170632114840575,-8.921929498157908,-0.014868123674033125,-0.0057257987654264555,True,False,False
bar1600,16:00,reclasticnet,2000,deck period,package,1087,0.1038252486746286,0.12098361954221704,-0.01715837086758844,-14.18239174238051,-0.023166143806117045,-0.011356499324817023,True,False,False
bar1600,16:00,reclasticnet,2000,deck period,calibration,1087,0.11399588078946918,0.12098361954221704,-0.006987738752747863,-5.775772603918089,-0.011020962055787065,-0.003692873935172291,True,False,False
bar1600,16:00,reclasticnet,2000,deck period,as scored,1087,0.10311946732984878,0.11570178044506006,-0.012582313115211278,-10.874779166588429,-0.01730960888182098,-0.007734893432541385,True,False,False
bar1600,16:00,ridge,500,common,coefficients,2906,0.1216962247494587,0.12885769187251417,-0.007161467123055471,-5.557655906285125,-0.011130340601695257,-0.003176748771144331,True,False,False
bar1600,16:00,ridge,500,common,package,2906,0.1216962247494587,0.12994163728513863,-0.008245412535679954,-6.345473789580285,-0.011814391947239409,-0.0046453296986385005,True,False,False
bar1600,16:00,ridge,500,common,calibration,2906,0.12885769187251417,0.12994163728513863,-0.0010839454126244838,-0.8341786630300172,-0.0028108649591206,0.0006163825045872245,False,False,False
bar1600,16:00,ridge,500,common,as scored,2906,0.1205184016812667,0.12764714517272485,-0.007128743491458159,-5.584726146293321,-0.010899294985463203,-0.00347486225285067,True,False,False
bar1600,16:00,ridge,500,deck period,coefficients,1087,0.11182456108929652,0.11594985930673746,-0.004125298217440955,-3.557829429122255,-0.01073794011235546,0.0020093807182676796,False,False,False
bar1600,16:00,ridge,500,deck period,package,1087,0.11182456108929652,0.11748137326406174,-0.005656812174765236,-4.8150715450443995,-0.011673695107751627,-0.00021301497954962585,True,False,False
bar1600,16:00,ridge,500,deck period,calibration,1087,0.11594985930673746,0.11748137326406174,-0.0015315139573242806,-1.303622791233391,-0.00583393868860287,0.0023597343475714977,False,False,False
bar1600,16:00,ridge,500,deck period,as scored,1087,0.11059644488986796,0.1127313091069311,-0.0021348642170631225,-1.8937633510829723,-0.007560156445824037,0.002955796223311211,False,False,False
bar1600,16:00,ridge,2000,common,coefficients,1406,0.11605046607101296,0.12722378879140248,-0.011173322720389503,-8.782416265490571,-0.01784879339728957,-0.005706668948137032,True,False,False
bar1600,16:00,ridge,2000,common,package,1406,0.11605046607101296,0.132997196465029,-0.01694673039401607,-12.742171146797169,-0.023185866175519036,-0.011220132968482408,True,False,False
bar1600,16:00,ridge,2000,common,calibration,1406,0.12722378879140248,0.132997196465029,-0.00577340767362657,-4.3409995301251785,-0.00901725823562175,-0.002823034409406889,True,False,False
bar1600,16:00,ridge,2000,common,as scored,1406,0.11511829008439464,0.128521757139919,-0.013403467055524379,-10.428947871396046,-0.019947789603339275,-0.007982164933831718,True,False,False
bar1600,16:00,ridge,2000,deck period,coefficients,1087,0.10675871948187224,0.11446529609864664,-0.00770657661677441,-6.7326752119986235,-0.01258160559505471,-0.0032394739694988784,True,False,False
bar1600,16:00,ridge,2000,deck period,package,1087,0.10675871948187224,0.1214959301603316,-0.014737210678459352,-12.129797812166592,-0.019856010257628613,-0.009977184458053238,True,False,False
bar1600,16:00,ridge,2000,deck period,calibration,1087,0.11446529609864664,0.1214959301603316,-0.007030634061684943,-5.786723927630329,-0.010964960950723163,-0.0038259136145714864,True,False,False
bar1600,16:00,ridge,2000,deck period,as scored,1087,0.1058353347590367,0.11625324142903329,-0.010417906669996597,-8.961390273454182,-0.014806733194512646,-0.006122758200813446,True,False,False
