/u/home/j/jamesdc1/.conda/envs/hpc-pi/lib/python3.11/site-packages/pandas/core/arraylike.py:399: RuntimeWarning: divide by zero encountered in log
  result = getattr(ufunc, method)(*inputs, **kwargs)
/u/home/j/jamesdc1/.conda/envs/hpc-pi/lib/python3.11/site-packages/pandas/core/arraylike.py:399: RuntimeWarning: divide by zero encountered in log
  result = getattr(ufunc, method)(*inputs, **kwargs)
/u/home/j/jamesdc1/.conda/envs/hpc-pi/lib/python3.11/site-packages/pandas/core/arraylike.py:399: RuntimeWarning: divide by zero encountered in log
  result = getattr(ufunc, method)(*inputs, **kwargs)
/u/home/j/jamesdc1/.conda/envs/hpc-pi/lib/python3.11/site-packages/pandas/core/arraylike.py:399: RuntimeWarning: divide by zero encountered in log
  result = getattr(ufunc, method)(*inputs, **kwargs)
/u/home/j/jamesdc1/.conda/envs/hpc-pi/lib/python3.11/site-packages/pandas/core/arraylike.py:399: RuntimeWarning: divide by zero encountered in log
  result = getattr(ufunc, method)(*inputs, **kwargs)
/u/home/j/jamesdc1/.conda/envs/hpc-pi/lib/python3.11/site-packages/pandas/core/arraylike.py:399: RuntimeWarning: divide by zero encountered in log
  result = getattr(ufunc, method)(*inputs, **kwargs)
/u/home/j/jamesdc1/.conda/envs/hpc-pi/lib/python3.11/site-packages/pandas/core/arraylike.py:399: RuntimeWarning: divide by zero encountered in log
  result = getattr(ufunc, method)(*inputs, **kwargs)
/u/home/j/jamesdc1/.conda/envs/hpc-pi/lib/python3.11/site-packages/pandas/core/arraylike.py:399: RuntimeWarning: divide by zero encountered in log
  result = getattr(ufunc, method)(*inputs, **kwargs)
/u/home/j/jamesdc1/.conda/envs/hpc-pi/lib/python3.11/site-packages/pandas/core/arraylike.py:399: RuntimeWarning: divide by zero encountered in log
  result = getattr(ufunc, method)(*inputs, **kwargs)
/u/home/j/jamesdc1/.conda/envs/hpc-pi/lib/python3.11/site-packages/pandas/core/arraylike.py:399: RuntimeWarning: divide by zero encountered in log
  result = getattr(ufunc, method)(*inputs, **kwargs)
/u/home/j/jamesdc1/.conda/envs/hpc-pi/lib/python3.11/site-packages/pandas/core/arraylike.py:399: RuntimeWarning: divide by zero encountered in log
  result = getattr(ufunc, method)(*inputs, **kwargs)
/u/home/j/jamesdc1/.conda/envs/hpc-pi/lib/python3.11/site-packages/pandas/core/arraylike.py:399: RuntimeWarning: divide by zero encountered in log
  result = getattr(ufunc, method)(*inputs, **kwargs)
/u/home/j/jamesdc1/.conda/envs/hpc-pi/lib/python3.11/site-packages/pandas/core/arraylike.py:399: RuntimeWarning: divide by zero encountered in log
  result = getattr(ufunc, method)(*inputs, **kwargs)
/u/home/j/jamesdc1/.conda/envs/hpc-pi/lib/python3.11/site-packages/pandas/core/arraylike.py:399: RuntimeWarning: divide by zero encountered in log
  result = getattr(ufunc, method)(*inputs, **kwargs)
/u/home/j/jamesdc1/.conda/envs/hpc-pi/lib/python3.11/site-packages/pandas/core/arraylike.py:399: RuntimeWarning: divide by zero encountered in log
  result = getattr(ufunc, method)(*inputs, **kwargs)
/u/home/j/jamesdc1/.conda/envs/hpc-pi/lib/python3.11/site-packages/pandas/core/arraylike.py:399: RuntimeWarning: divide by zero encountered in log
  result = getattr(ufunc, method)(*inputs, **kwargs)
/u/home/j/jamesdc1/.conda/envs/hpc-pi/lib/python3.11/site-packages/pandas/core/arraylike.py:399: RuntimeWarning: divide by zero encountered in log
  result = getattr(ufunc, method)(*inputs, **kwargs)
/u/home/j/jamesdc1/.conda/envs/hpc-pi/lib/python3.11/site-packages/pandas/core/arraylike.py:399: RuntimeWarning: divide by zero encountered in log
  result = getattr(ufunc, method)(*inputs, **kwargs)
/u/home/j/jamesdc1/.conda/envs/hpc-pi/lib/python3.11/site-packages/pandas/core/arraylike.py:399: RuntimeWarning: divide by zero encountered in log
  result = getattr(ufunc, method)(*inputs, **kwargs)
/u/home/j/jamesdc1/.conda/envs/hpc-pi/lib/python3.11/site-packages/pandas/core/arraylike.py:399: RuntimeWarning: divide by zero encountered in log
  result = getattr(ufunc, method)(*inputs, **kwargs)
/u/home/j/jamesdc1/.conda/envs/hpc-pi/lib/python3.11/site-packages/pandas/core/arraylike.py:399: RuntimeWarning: divide by zero encountered in log
  result = getattr(ufunc, method)(*inputs, **kwargs)
/u/home/j/jamesdc1/.conda/envs/hpc-pi/lib/python3.11/site-packages/pandas/core/arraylike.py:399: RuntimeWarning: divide by zero encountered in log
  result = getattr(ufunc, method)(*inputs, **kwargs)
/u/home/j/jamesdc1/.conda/envs/hpc-pi/lib/python3.11/site-packages/pandas/core/arraylike.py:399: RuntimeWarning: divide by zero encountered in log
  result = getattr(ufunc, method)(*inputs, **kwargs)
/u/home/j/jamesdc1/.conda/envs/hpc-pi/lib/python3.11/site-packages/pandas/core/arraylike.py:399: RuntimeWarning: divide by zero encountered in log
  result = getattr(ufunc, method)(*inputs, **kwargs)
/u/home/j/jamesdc1/.conda/envs/hpc-pi/lib/python3.11/site-packages/pandas/core/arraylike.py:399: RuntimeWarning: divide by zero encountered in log
  result = getattr(ufunc, method)(*inputs, **kwargs)
/u/home/j/jamesdc1/.conda/envs/hpc-pi/lib/python3.11/site-packages/pandas/core/arraylike.py:399: RuntimeWarning: divide by zero encountered in log
  result = getattr(ufunc, method)(*inputs, **kwargs)
/u/home/j/jamesdc1/.conda/envs/hpc-pi/lib/python3.11/site-packages/pandas/core/arraylike.py:399: RuntimeWarning: divide by zero encountered in log
  result = getattr(ufunc, method)(*inputs, **kwargs)
/u/home/j/jamesdc1/.conda/envs/hpc-pi/lib/python3.11/site-packages/pandas/core/arraylike.py:399: RuntimeWarning: divide by zero encountered in log
  result = getattr(ufunc, method)(*inputs, **kwargs)
/u/home/j/jamesdc1/.conda/envs/hpc-pi/lib/python3.11/site-packages/pandas/core/arraylike.py:399: RuntimeWarning: divide by zero encountered in log
  result = getattr(ufunc, method)(*inputs, **kwargs)
/u/home/j/jamesdc1/.conda/envs/hpc-pi/lib/python3.11/site-packages/pandas/core/arraylike.py:399: RuntimeWarning: divide by zero encountered in log
  result = getattr(ufunc, method)(*inputs, **kwargs)
/u/home/j/jamesdc1/.conda/envs/hpc-pi/lib/python3.11/site-packages/pandas/core/arraylike.py:399: RuntimeWarning: divide by zero encountered in log
  result = getattr(ufunc, method)(*inputs, **kwargs)
/u/home/j/jamesdc1/.conda/envs/hpc-pi/lib/python3.11/site-packages/pandas/core/arraylike.py:399: RuntimeWarning: divide by zero encountered in log
  result = getattr(ufunc, method)(*inputs, **kwargs)
/u/home/j/jamesdc1/.conda/envs/hpc-pi/lib/python3.11/site-packages/pandas/core/arraylike.py:399: RuntimeWarning: divide by zero encountered in log
  result = getattr(ufunc, method)(*inputs, **kwargs)
/u/home/j/jamesdc1/.conda/envs/hpc-pi/lib/python3.11/site-packages/pandas/core/arraylike.py:399: RuntimeWarning: divide by zero encountered in log
  result = getattr(ufunc, method)(*inputs, **kwargs)
/u/home/j/jamesdc1/.conda/envs/hpc-pi/lib/python3.11/site-packages/pandas/core/arraylike.py:399: RuntimeWarning: divide by zero encountered in log
  result = getattr(ufunc, method)(*inputs, **kwargs)
/u/home/j/jamesdc1/.conda/envs/hpc-pi/lib/python3.11/site-packages/pandas/core/arraylike.py:399: RuntimeWarning: divide by zero encountered in log
  result = getattr(ufunc, method)(*inputs, **kwargs)
/u/home/j/jamesdc1/.conda/envs/hpc-pi/lib/python3.11/site-packages/pandas/core/arraylike.py:399: RuntimeWarning: divide by zero encountered in log
  result = getattr(ufunc, method)(*inputs, **kwargs)
/u/home/j/jamesdc1/.conda/envs/hpc-pi/lib/python3.11/site-packages/pandas/core/arraylike.py:399: RuntimeWarning: divide by zero encountered in log
  result = getattr(ufunc, method)(*inputs, **kwargs)
/u/home/j/jamesdc1/.conda/envs/hpc-pi/lib/python3.11/site-packages/pandas/core/arraylike.py:399: RuntimeWarning: divide by zero encountered in log
  result = getattr(ufunc, method)(*inputs, **kwargs)
/u/home/j/jamesdc1/.conda/envs/hpc-pi/lib/python3.11/site-packages/pandas/core/arraylike.py:399: RuntimeWarning: divide by zero encountered in log
  result = getattr(ufunc, method)(*inputs, **kwargs)
/u/home/j/jamesdc1/.conda/envs/hpc-pi/lib/python3.11/site-packages/pandas/core/arraylike.py:399: RuntimeWarning: divide by zero encountered in log
  result = getattr(ufunc, method)(*inputs, **kwargs)
/u/home/j/jamesdc1/.conda/envs/hpc-pi/lib/python3.11/site-packages/pandas/core/arraylike.py:399: RuntimeWarning: divide by zero encountered in log
  result = getattr(ufunc, method)(*inputs, **kwargs)
/u/home/j/jamesdc1/.conda/envs/hpc-pi/lib/python3.11/site-packages/pandas/core/arraylike.py:399: RuntimeWarning: divide by zero encountered in log
  result = getattr(ufunc, method)(*inputs, **kwargs)
/u/home/j/jamesdc1/.conda/envs/hpc-pi/lib/python3.11/site-packages/pandas/core/arraylike.py:399: RuntimeWarning: divide by zero encountered in log
  result = getattr(ufunc, method)(*inputs, **kwargs)
/u/home/j/jamesdc1/.conda/envs/hpc-pi/lib/python3.11/site-packages/pandas/core/arraylike.py:399: RuntimeWarning: divide by zero encountered in log
  result = getattr(ufunc, method)(*inputs, **kwargs)
/u/home/j/jamesdc1/.conda/envs/hpc-pi/lib/python3.11/site-packages/pandas/core/arraylike.py:399: RuntimeWarning: divide by zero encountered in log
  result = getattr(ufunc, method)(*inputs, **kwargs)
/u/home/j/jamesdc1/.conda/envs/hpc-pi/lib/python3.11/site-packages/pandas/core/arraylike.py:399: RuntimeWarning: divide by zero encountered in log
  result = getattr(ufunc, method)(*inputs, **kwargs)
/u/home/j/jamesdc1/.conda/envs/hpc-pi/lib/python3.11/site-packages/pandas/core/arraylike.py:399: RuntimeWarning: divide by zero encountered in log
  result = getattr(ufunc, method)(*inputs, **kwargs)
/u/home/j/jamesdc1/.conda/envs/hpc-pi/lib/python3.11/site-packages/pandas/core/arraylike.py:399: RuntimeWarning: divide by zero encountered in log
  result = getattr(ufunc, method)(*inputs, **kwargs)
/u/home/j/jamesdc1/.conda/envs/hpc-pi/lib/python3.11/site-packages/pandas/core/arraylike.py:399: RuntimeWarning: divide by zero encountered in log
  result = getattr(ufunc, method)(*inputs, **kwargs)
/u/home/j/jamesdc1/.conda/envs/hpc-pi/lib/python3.11/site-packages/pandas/core/arraylike.py:399: RuntimeWarning: divide by zero encountered in log
  result = getattr(ufunc, method)(*inputs, **kwargs)
/u/home/j/jamesdc1/.conda/envs/hpc-pi/lib/python3.11/site-packages/pandas/core/arraylike.py:399: RuntimeWarning: divide by zero encountered in log
  result = getattr(ufunc, method)(*inputs, **kwargs)
/u/home/j/jamesdc1/.conda/envs/hpc-pi/lib/python3.11/site-packages/pandas/core/arraylike.py:399: RuntimeWarning: divide by zero encountered in log
  result = getattr(ufunc, method)(*inputs, **kwargs)
/u/home/j/jamesdc1/.conda/envs/hpc-pi/lib/python3.11/site-packages/pandas/core/arraylike.py:399: RuntimeWarning: divide by zero encountered in log
  result = getattr(ufunc, method)(*inputs, **kwargs)
/u/home/j/jamesdc1/.conda/envs/hpc-pi/lib/python3.11/site-packages/pandas/core/arraylike.py:399: RuntimeWarning: divide by zero encountered in log
  result = getattr(ufunc, method)(*inputs, **kwargs)
/u/home/j/jamesdc1/.conda/envs/hpc-pi/lib/python3.11/site-packages/pandas/core/arraylike.py:399: RuntimeWarning: divide by zero encountered in log
  result = getattr(ufunc, method)(*inputs, **kwargs)
/u/home/j/jamesdc1/.conda/envs/hpc-pi/lib/python3.11/site-packages/pandas/core/arraylike.py:399: RuntimeWarning: divide by zero encountered in log
  result = getattr(ufunc, method)(*inputs, **kwargs)
/u/home/j/jamesdc1/.conda/envs/hpc-pi/lib/python3.11/site-packages/pandas/core/arraylike.py:399: RuntimeWarning: divide by zero encountered in log
  result = getattr(ufunc, method)(*inputs, **kwargs)
/u/home/j/jamesdc1/.conda/envs/hpc-pi/lib/python3.11/site-packages/pandas/core/arraylike.py:399: RuntimeWarning: divide by zero encountered in log
  result = getattr(ufunc, method)(*inputs, **kwargs)
/u/home/j/jamesdc1/.conda/envs/hpc-pi/lib/python3.11/site-packages/pandas/core/arraylike.py:399: RuntimeWarning: divide by zero encountered in log
  result = getattr(ufunc, method)(*inputs, **kwargs)
/u/home/j/jamesdc1/.conda/envs/hpc-pi/lib/python3.11/site-packages/pandas/core/arraylike.py:399: RuntimeWarning: divide by zero encountered in log
  result = getattr(ufunc, method)(*inputs, **kwargs)
/u/home/j/jamesdc1/.conda/envs/hpc-pi/lib/python3.11/site-packages/pandas/core/arraylike.py:399: RuntimeWarning: divide by zero encountered in log
  result = getattr(ufunc, method)(*inputs, **kwargs)
/u/home/j/jamesdc1/.conda/envs/hpc-pi/lib/python3.11/site-packages/pandas/core/arraylike.py:399: RuntimeWarning: divide by zero encountered in log
  result = getattr(ufunc, method)(*inputs, **kwargs)
/u/home/j/jamesdc1/.conda/envs/hpc-pi/lib/python3.11/site-packages/pandas/core/arraylike.py:399: RuntimeWarning: divide by zero encountered in log
  result = getattr(ufunc, method)(*inputs, **kwargs)
/u/home/j/jamesdc1/.conda/envs/hpc-pi/lib/python3.11/site-packages/pandas/core/arraylike.py:399: RuntimeWarning: divide by zero encountered in log
  result = getattr(ufunc, method)(*inputs, **kwargs)
/u/home/j/jamesdc1/.conda/envs/hpc-pi/lib/python3.11/site-packages/pandas/core/arraylike.py:399: RuntimeWarning: divide by zero encountered in log
  result = getattr(ufunc, method)(*inputs, **kwargs)
/u/home/j/jamesdc1/.conda/envs/hpc-pi/lib/python3.11/site-packages/pandas/core/arraylike.py:399: RuntimeWarning: divide by zero encountered in log
  result = getattr(ufunc, method)(*inputs, **kwargs)
/u/home/j/jamesdc1/.conda/envs/hpc-pi/lib/python3.11/site-packages/pandas/core/arraylike.py:399: RuntimeWarning: divide by zero encountered in log
  result = getattr(ufunc, method)(*inputs, **kwargs)
/u/home/j/jamesdc1/.conda/envs/hpc-pi/lib/python3.11/site-packages/pandas/core/arraylike.py:399: RuntimeWarning: divide by zero encountered in log
  result = getattr(ufunc, method)(*inputs, **kwargs)
/u/home/j/jamesdc1/.conda/envs/hpc-pi/lib/python3.11/site-packages/pandas/core/arraylike.py:399: RuntimeWarning: divide by zero encountered in log
  result = getattr(ufunc, method)(*inputs, **kwargs)
/u/home/j/jamesdc1/.conda/envs/hpc-pi/lib/python3.11/site-packages/pandas/core/arraylike.py:399: RuntimeWarning: divide by zero encountered in log
  result = getattr(ufunc, method)(*inputs, **kwargs)
/u/home/j/jamesdc1/.conda/envs/hpc-pi/lib/python3.11/site-packages/pandas/core/arraylike.py:399: RuntimeWarning: divide by zero encountered in log
  result = getattr(ufunc, method)(*inputs, **kwargs)
/u/home/j/jamesdc1/.conda/envs/hpc-pi/lib/python3.11/site-packages/pandas/core/arraylike.py:399: RuntimeWarning: divide by zero encountered in log
  result = getattr(ufunc, method)(*inputs, **kwargs)
/u/home/j/jamesdc1/.conda/envs/hpc-pi/lib/python3.11/site-packages/pandas/core/arraylike.py:399: RuntimeWarning: divide by zero encountered in log
  result = getattr(ufunc, method)(*inputs, **kwargs)
/u/home/j/jamesdc1/.conda/envs/hpc-pi/lib/python3.11/site-packages/pandas/core/arraylike.py:399: RuntimeWarning: divide by zero encountered in log
  result = getattr(ufunc, method)(*inputs, **kwargs)
/u/home/j/jamesdc1/.conda/envs/hpc-pi/lib/python3.11/site-packages/pandas/core/arraylike.py:399: RuntimeWarning: divide by zero encountered in log
  result = getattr(ufunc, method)(*inputs, **kwargs)
/u/home/j/jamesdc1/.conda/envs/hpc-pi/lib/python3.11/site-packages/pandas/core/arraylike.py:399: RuntimeWarning: divide by zero encountered in log
  result = getattr(ufunc, method)(*inputs, **kwargs)
/u/home/j/jamesdc1/.conda/envs/hpc-pi/lib/python3.11/site-packages/pandas/core/arraylike.py:399: RuntimeWarning: divide by zero encountered in log
  result = getattr(ufunc, method)(*inputs, **kwargs)
/u/home/j/jamesdc1/.conda/envs/hpc-pi/lib/python3.11/site-packages/pandas/core/arraylike.py:399: RuntimeWarning: divide by zero encountered in log
  result = getattr(ufunc, method)(*inputs, **kwargs)
/u/home/j/jamesdc1/.conda/envs/hpc-pi/lib/python3.11/site-packages/pandas/core/arraylike.py:399: RuntimeWarning: divide by zero encountered in log
  result = getattr(ufunc, method)(*inputs, **kwargs)
/u/home/j/jamesdc1/.conda/envs/hpc-pi/lib/python3.11/site-packages/pandas/core/arraylike.py:399: RuntimeWarning: divide by zero encountered in log
  result = getattr(ufunc, method)(*inputs, **kwargs)
/u/home/j/jamesdc1/.conda/envs/hpc-pi/lib/python3.11/site-packages/pandas/core/arraylike.py:399: RuntimeWarning: divide by zero encountered in log
  result = getattr(ufunc, method)(*inputs, **kwargs)
/u/home/j/jamesdc1/.conda/envs/hpc-pi/lib/python3.11/site-packages/pandas/core/arraylike.py:399: RuntimeWarning: divide by zero encountered in log
  result = getattr(ufunc, method)(*inputs, **kwargs)
/u/home/j/jamesdc1/.conda/envs/hpc-pi/lib/python3.11/site-packages/pandas/core/arraylike.py:399: RuntimeWarning: divide by zero encountered in log
  result = getattr(ufunc, method)(*inputs, **kwargs)
/u/home/j/jamesdc1/.conda/envs/hpc-pi/lib/python3.11/site-packages/pandas/core/arraylike.py:399: RuntimeWarning: divide by zero encountered in log
  result = getattr(ufunc, method)(*inputs, **kwargs)
/u/home/j/jamesdc1/.conda/envs/hpc-pi/lib/python3.11/site-packages/pandas/core/arraylike.py:399: RuntimeWarning: divide by zero encountered in log
  result = getattr(ufunc, method)(*inputs, **kwargs)
/u/home/j/jamesdc1/.conda/envs/hpc-pi/lib/python3.11/site-packages/pandas/core/arraylike.py:399: RuntimeWarning: divide by zero encountered in log
  result = getattr(ufunc, method)(*inputs, **kwargs)
/u/home/j/jamesdc1/.conda/envs/hpc-pi/lib/python3.11/site-packages/pandas/core/arraylike.py:399: RuntimeWarning: divide by zero encountered in log
  result = getattr(ufunc, method)(*inputs, **kwargs)
/u/home/j/jamesdc1/.conda/envs/hpc-pi/lib/python3.11/site-packages/pandas/core/arraylike.py:399: RuntimeWarning: divide by zero encountered in log
  result = getattr(ufunc, method)(*inputs, **kwargs)
/u/home/j/jamesdc1/.conda/envs/hpc-pi/lib/python3.11/site-packages/pandas/core/arraylike.py:399: RuntimeWarning: divide by zero encountered in log
  result = getattr(ufunc, method)(*inputs, **kwargs)
/u/home/j/jamesdc1/.conda/envs/hpc-pi/lib/python3.11/site-packages/pandas/core/arraylike.py:399: RuntimeWarning: divide by zero encountered in log
  result = getattr(ufunc, method)(*inputs, **kwargs)
/u/home/j/jamesdc1/.conda/envs/hpc-pi/lib/python3.11/site-packages/pandas/core/arraylike.py:399: RuntimeWarning: divide by zero encountered in log
  result = getattr(ufunc, method)(*inputs, **kwargs)
/u/home/j/jamesdc1/.conda/envs/hpc-pi/lib/python3.11/site-packages/pandas/core/arraylike.py:399: RuntimeWarning: divide by zero encountered in log
  result = getattr(ufunc, method)(*inputs, **kwargs)
/u/home/j/jamesdc1/.conda/envs/hpc-pi/lib/python3.11/site-packages/pandas/core/arraylike.py:399: RuntimeWarning: divide by zero encountered in log
  result = getattr(ufunc, method)(*inputs, **kwargs)
/u/home/j/jamesdc1/.conda/envs/hpc-pi/lib/python3.11/site-packages/pandas/core/arraylike.py:399: RuntimeWarning: divide by zero encountered in log
  result = getattr(ufunc, method)(*inputs, **kwargs)
/u/home/j/jamesdc1/.conda/envs/hpc-pi/lib/python3.11/site-packages/pandas/core/arraylike.py:399: RuntimeWarning: divide by zero encountered in log
  result = getattr(ufunc, method)(*inputs, **kwargs)
/u/home/j/jamesdc1/.conda/envs/hpc-pi/lib/python3.11/site-packages/pandas/core/arraylike.py:399: RuntimeWarning: divide by zero encountered in log
  result = getattr(ufunc, method)(*inputs, **kwargs)
/u/home/j/jamesdc1/.conda/envs/hpc-pi/lib/python3.11/site-packages/pandas/core/arraylike.py:399: RuntimeWarning: divide by zero encountered in log
  result = getattr(ufunc, method)(*inputs, **kwargs)
/u/home/j/jamesdc1/.conda/envs/hpc-pi/lib/python3.11/site-packages/pandas/core/arraylike.py:399: RuntimeWarning: divide by zero encountered in log
  result = getattr(ufunc, method)(*inputs, **kwargs)
/u/home/j/jamesdc1/.conda/envs/hpc-pi/lib/python3.11/site-packages/pandas/core/arraylike.py:399: RuntimeWarning: divide by zero encountered in log
  result = getattr(ufunc, method)(*inputs, **kwargs)
/u/home/j/jamesdc1/.conda/envs/hpc-pi/lib/python3.11/site-packages/pandas/core/arraylike.py:399: RuntimeWarning: divide by zero encountered in log
  result = getattr(ufunc, method)(*inputs, **kwargs)
/u/home/j/jamesdc1/.conda/envs/hpc-pi/lib/python3.11/site-packages/pandas/core/arraylike.py:399: RuntimeWarning: divide by zero encountered in log
  result = getattr(ufunc, method)(*inputs, **kwargs)
/u/home/j/jamesdc1/.conda/envs/hpc-pi/lib/python3.11/site-packages/pandas/core/arraylike.py:399: RuntimeWarning: divide by zero encountered in log
  result = getattr(ufunc, method)(*inputs, **kwargs)
/u/home/j/jamesdc1/.conda/envs/hpc-pi/lib/python3.11/site-packages/pandas/core/arraylike.py:399: RuntimeWarning: divide by zero encountered in log
  result = getattr(ufunc, method)(*inputs, **kwargs)
/u/home/j/jamesdc1/.conda/envs/hpc-pi/lib/python3.11/site-packages/pandas/core/arraylike.py:399: RuntimeWarning: divide by zero encountered in log
  result = getattr(ufunc, method)(*inputs, **kwargs)
/u/home/j/jamesdc1/.conda/envs/hpc-pi/lib/python3.11/site-packages/pandas/core/arraylike.py:399: RuntimeWarning: divide by zero encountered in log
  result = getattr(ufunc, method)(*inputs, **kwargs)
/u/home/j/jamesdc1/.conda/envs/hpc-pi/lib/python3.11/site-packages/pandas/core/arraylike.py:399: RuntimeWarning: divide by zero encountered in log
  result = getattr(ufunc, method)(*inputs, **kwargs)
/u/home/j/jamesdc1/.conda/envs/hpc-pi/lib/python3.11/site-packages/pandas/core/arraylike.py:399: RuntimeWarning: divide by zero encountered in log
  result = getattr(ufunc, method)(*inputs, **kwargs)
/u/home/j/jamesdc1/.conda/envs/hpc-pi/lib/python3.11/site-packages/pandas/core/arraylike.py:399: RuntimeWarning: divide by zero encountered in log
  result = getattr(ufunc, method)(*inputs, **kwargs)
/u/home/j/jamesdc1/.conda/envs/hpc-pi/lib/python3.11/site-packages/pandas/core/arraylike.py:399: RuntimeWarning: divide by zero encountered in log
  result = getattr(ufunc, method)(*inputs, **kwargs)
/u/home/j/jamesdc1/.conda/envs/hpc-pi/lib/python3.11/site-packages/pandas/core/arraylike.py:399: RuntimeWarning: divide by zero encountered in log
  result = getattr(ufunc, method)(*inputs, **kwargs)
/u/home/j/jamesdc1/.conda/envs/hpc-pi/lib/python3.11/site-packages/pandas/core/arraylike.py:399: RuntimeWarning: divide by zero encountered in log
  result = getattr(ufunc, method)(*inputs, **kwargs)
/u/home/j/jamesdc1/.conda/envs/hpc-pi/lib/python3.11/site-packages/pandas/core/arraylike.py:399: RuntimeWarning: divide by zero encountered in log
  result = getattr(ufunc, method)(*inputs, **kwargs)
/u/home/j/jamesdc1/.conda/envs/hpc-pi/lib/python3.11/site-packages/pandas/core/arraylike.py:399: RuntimeWarning: divide by zero encountered in log
  result = getattr(ufunc, method)(*inputs, **kwargs)
/u/home/j/jamesdc1/.conda/envs/hpc-pi/lib/python3.11/site-packages/pandas/core/arraylike.py:399: RuntimeWarning: divide by zero encountered in log
  result = getattr(ufunc, method)(*inputs, **kwargs)
/u/home/j/jamesdc1/.conda/envs/hpc-pi/lib/python3.11/site-packages/pandas/core/arraylike.py:399: RuntimeWarning: divide by zero encountered in log
  result = getattr(ufunc, method)(*inputs, **kwargs)
/u/home/j/jamesdc1/.conda/envs/hpc-pi/lib/python3.11/site-packages/pandas/core/arraylike.py:399: RuntimeWarning: divide by zero encountered in log
  result = getattr(ufunc, method)(*inputs, **kwargs)
/u/home/j/jamesdc1/.conda/envs/hpc-pi/lib/python3.11/site-packages/pandas/core/arraylike.py:399: RuntimeWarning: divide by zero encountered in log
  result = getattr(ufunc, method)(*inputs, **kwargs)
/u/home/j/jamesdc1/.conda/envs/hpc-pi/lib/python3.11/site-packages/pandas/core/arraylike.py:399: RuntimeWarning: divide by zero encountered in log
  result = getattr(ufunc, method)(*inputs, **kwargs)
/u/home/j/jamesdc1/.conda/envs/hpc-pi/lib/python3.11/site-packages/pandas/core/arraylike.py:399: RuntimeWarning: divide by zero encountered in log
  result = getattr(ufunc, method)(*inputs, **kwargs)
/u/home/j/jamesdc1/.conda/envs/hpc-pi/lib/python3.11/site-packages/pandas/core/arraylike.py:399: RuntimeWarning: divide by zero encountered in log
  result = getattr(ufunc, method)(*inputs, **kwargs)
/u/home/j/jamesdc1/.conda/envs/hpc-pi/lib/python3.11/site-packages/pandas/core/arraylike.py:399: RuntimeWarning: divide by zero encountered in log
  result = getattr(ufunc, method)(*inputs, **kwargs)
/u/home/j/jamesdc1/.conda/envs/hpc-pi/lib/python3.11/site-packages/pandas/core/arraylike.py:399: RuntimeWarning: divide by zero encountered in log
  result = getattr(ufunc, method)(*inputs, **kwargs)
/u/home/j/jamesdc1/.conda/envs/hpc-pi/lib/python3.11/site-packages/pandas/core/arraylike.py:399: RuntimeWarning: divide by zero encountered in log
  result = getattr(ufunc, method)(*inputs, **kwargs)
/u/home/j/jamesdc1/.conda/envs/hpc-pi/lib/python3.11/site-packages/pandas/core/arraylike.py:399: RuntimeWarning: divide by zero encountered in log
  result = getattr(ufunc, method)(*inputs, **kwargs)
/u/home/j/jamesdc1/.conda/envs/hpc-pi/lib/python3.11/site-packages/pandas/core/arraylike.py:399: RuntimeWarning: divide by zero encountered in log
  result = getattr(ufunc, method)(*inputs, **kwargs)
/u/home/j/jamesdc1/.conda/envs/hpc-pi/lib/python3.11/site-packages/pandas/core/arraylike.py:399: RuntimeWarning: divide by zero encountered in log
  result = getattr(ufunc, method)(*inputs, **kwargs)
/u/home/j/jamesdc1/.conda/envs/hpc-pi/lib/python3.11/site-packages/pandas/core/arraylike.py:399: RuntimeWarning: divide by zero encountered in log
  result = getattr(ufunc, method)(*inputs, **kwargs)
/u/home/j/jamesdc1/.conda/envs/hpc-pi/lib/python3.11/site-packages/pandas/core/arraylike.py:399: RuntimeWarning: divide by zero encountered in log
  result = getattr(ufunc, method)(*inputs, **kwargs)
/u/home/j/jamesdc1/.conda/envs/hpc-pi/lib/python3.11/site-packages/pandas/core/arraylike.py:399: RuntimeWarning: divide by zero encountered in log
  result = getattr(ufunc, method)(*inputs, **kwargs)
/u/home/j/jamesdc1/.conda/envs/hpc-pi/lib/python3.11/site-packages/pandas/core/arraylike.py:399: RuntimeWarning: divide by zero encountered in log
  result = getattr(ufunc, method)(*inputs, **kwargs)
/u/home/j/jamesdc1/.conda/envs/hpc-pi/lib/python3.11/site-packages/pandas/core/arraylike.py:399: RuntimeWarning: divide by zero encountered in log
  result = getattr(ufunc, method)(*inputs, **kwargs)
/u/home/j/jamesdc1/.conda/envs/hpc-pi/lib/python3.11/site-packages/pandas/core/arraylike.py:399: RuntimeWarning: divide by zero encountered in log
  result = getattr(ufunc, method)(*inputs, **kwargs)
/u/home/j/jamesdc1/.conda/envs/hpc-pi/lib/python3.11/site-packages/pandas/core/arraylike.py:399: RuntimeWarning: divide by zero encountered in log
  result = getattr(ufunc, method)(*inputs, **kwargs)
/u/home/j/jamesdc1/.conda/envs/hpc-pi/lib/python3.11/site-packages/pandas/core/arraylike.py:399: RuntimeWarning: divide by zero encountered in log
  result = getattr(ufunc, method)(*inputs, **kwargs)
/u/home/j/jamesdc1/.conda/envs/hpc-pi/lib/python3.11/site-packages/pandas/core/arraylike.py:399: RuntimeWarning: divide by zero encountered in log
  result = getattr(ufunc, method)(*inputs, **kwargs)
/u/home/j/jamesdc1/.conda/envs/hpc-pi/lib/python3.11/site-packages/pandas/core/arraylike.py:399: RuntimeWarning: divide by zero encountered in log
  result = getattr(ufunc, method)(*inputs, **kwargs)
/u/home/j/jamesdc1/.conda/envs/hpc-pi/lib/python3.11/site-packages/pandas/core/arraylike.py:399: RuntimeWarning: divide by zero encountered in log
  result = getattr(ufunc, method)(*inputs, **kwargs)
/u/home/j/jamesdc1/.conda/envs/hpc-pi/lib/python3.11/site-packages/pandas/core/arraylike.py:399: RuntimeWarning: divide by zero encountered in log
  result = getattr(ufunc, method)(*inputs, **kwargs)
/u/home/j/jamesdc1/.conda/envs/hpc-pi/lib/python3.11/site-packages/pandas/core/arraylike.py:399: RuntimeWarning: divide by zero encountered in log
  result = getattr(ufunc, method)(*inputs, **kwargs)
/u/home/j/jamesdc1/.conda/envs/hpc-pi/lib/python3.11/site-packages/pandas/core/arraylike.py:399: RuntimeWarning: divide by zero encountered in log
  result = getattr(ufunc, method)(*inputs, **kwargs)
/u/home/j/jamesdc1/.conda/envs/hpc-pi/lib/python3.11/site-packages/pandas/core/arraylike.py:399: RuntimeWarning: divide by zero encountered in log
  result = getattr(ufunc, method)(*inputs, **kwargs)
/u/home/j/jamesdc1/.conda/envs/hpc-pi/lib/python3.11/site-packages/pandas/core/arraylike.py:399: RuntimeWarning: divide by zero encountered in log
  result = getattr(ufunc, method)(*inputs, **kwargs)
/u/home/j/jamesdc1/.conda/envs/hpc-pi/lib/python3.11/site-packages/pandas/core/arraylike.py:399: RuntimeWarning: divide by zero encountered in log
  result = getattr(ufunc, method)(*inputs, **kwargs)
/u/home/j/jamesdc1/.conda/envs/hpc-pi/lib/python3.11/site-packages/pandas/core/arraylike.py:399: RuntimeWarning: divide by zero encountered in log
  result = getattr(ufunc, method)(*inputs, **kwargs)
/u/home/j/jamesdc1/.conda/envs/hpc-pi/lib/python3.11/site-packages/pandas/core/arraylike.py:399: RuntimeWarning: divide by zero encountered in log
  result = getattr(ufunc, method)(*inputs, **kwargs)
/u/home/j/jamesdc1/.conda/envs/hpc-pi/lib/python3.11/site-packages/pandas/core/arraylike.py:399: RuntimeWarning: divide by zero encountered in log
  result = getattr(ufunc, method)(*inputs, **kwargs)
/u/home/j/jamesdc1/.conda/envs/hpc-pi/lib/python3.11/site-packages/pandas/core/arraylike.py:399: RuntimeWarning: divide by zero encountered in log
  result = getattr(ufunc, method)(*inputs, **kwargs)
/u/home/j/jamesdc1/.conda/envs/hpc-pi/lib/python3.11/site-packages/pandas/core/arraylike.py:399: RuntimeWarning: divide by zero encountered in log
  result = getattr(ufunc, method)(*inputs, **kwargs)
/u/home/j/jamesdc1/.conda/envs/hpc-pi/lib/python3.11/site-packages/pandas/core/arraylike.py:399: RuntimeWarning: divide by zero encountered in log
  result = getattr(ufunc, method)(*inputs, **kwargs)
/u/home/j/jamesdc1/.conda/envs/hpc-pi/lib/python3.11/site-packages/pandas/core/arraylike.py:399: RuntimeWarning: divide by zero encountered in log
  result = getattr(ufunc, method)(*inputs, **kwargs)
/u/home/j/jamesdc1/.conda/envs/hpc-pi/lib/python3.11/site-packages/pandas/core/arraylike.py:399: RuntimeWarning: divide by zero encountered in log
  result = getattr(ufunc, method)(*inputs, **kwargs)
/u/home/j/jamesdc1/.conda/envs/hpc-pi/lib/python3.11/site-packages/pandas/core/arraylike.py:399: RuntimeWarning: divide by zero encountered in log
  result = getattr(ufunc, method)(*inputs, **kwargs)
/u/home/j/jamesdc1/.conda/envs/hpc-pi/lib/python3.11/site-packages/pandas/core/arraylike.py:399: RuntimeWarning: divide by zero encountered in log
  result = getattr(ufunc, method)(*inputs, **kwargs)
/u/home/j/jamesdc1/.conda/envs/hpc-pi/lib/python3.11/site-packages/pandas/core/arraylike.py:399: RuntimeWarning: divide by zero encountered in log
  result = getattr(ufunc, method)(*inputs, **kwargs)
/u/home/j/jamesdc1/.conda/envs/hpc-pi/lib/python3.11/site-packages/pandas/core/arraylike.py:399: RuntimeWarning: divide by zero encountered in log
  result = getattr(ufunc, method)(*inputs, **kwargs)
/u/home/j/jamesdc1/.conda/envs/hpc-pi/lib/python3.11/site-packages/pandas/core/arraylike.py:399: RuntimeWarning: divide by zero encountered in log
  result = getattr(ufunc, method)(*inputs, **kwargs)
/u/home/j/jamesdc1/.conda/envs/hpc-pi/lib/python3.11/site-packages/pandas/core/arraylike.py:399: RuntimeWarning: divide by zero encountered in log
  result = getattr(ufunc, method)(*inputs, **kwargs)
/u/home/j/jamesdc1/.conda/envs/hpc-pi/lib/python3.11/site-packages/pandas/core/arraylike.py:399: RuntimeWarning: divide by zero encountered in log
  result = getattr(ufunc, method)(*inputs, **kwargs)
    segment    estimator  train_win  pooled_train_win  bar_end      sample     n      first  QLIKE_subsection  QLIKE_pooled     diff       pct    ci_lo    ci_hi   dm_stat  improves
    bar1000     reclasso        500               500 all bars      common  3119 2012-03-23           0.11891       0.11890  0.00001   0.00744 -0.00343  0.00350   0.00500     False
    bar1000     reclasso        500               500 all bars deck period  1116 2020-01-03           0.12127       0.11850  0.00277   2.33571 -0.00282  0.00915   1.01507     False
    bar1000     reclasso        500               500    10:00      common  3119 2012-03-23           0.11891       0.11890  0.00001   0.00744 -0.00343  0.00350   0.00500     False
    bar1000     reclasso        500               500    10:00 deck period  1116 2020-01-03           0.12127       0.11850  0.00277   2.33571 -0.00282  0.00915   1.01507     False
    bar1000     reclasso       2000               500 all bars      common  1619 2018-01-19           0.12386       0.12660 -0.00274  -2.16445 -0.00881  0.00270  -1.00969     False
    bar1000     reclasso       2000               500 all bars deck period  1116 2020-01-03           0.12218       0.11850  0.00368   3.10507 -0.00244  0.01002   1.27212     False
    bar1000     reclasso       2000               500    10:00      common  1619 2018-01-19           0.12386       0.12660 -0.00274  -2.16445 -0.00881  0.00270  -1.00969     False
    bar1000     reclasso       2000               500    10:00 deck period  1116 2020-01-03           0.12218       0.11850  0.00368   3.10507 -0.00244  0.01002   1.27212     False
    bar1000     reclasso       2000              2000 all bars      common  1619 2018-01-19           0.12386       0.12472 -0.00086  -0.68688 -0.00462  0.00283  -0.47792     False
    bar1000     reclasso       2000              2000 all bars deck period  1116 2020-01-03           0.12218       0.12008  0.00210   1.74998 -0.00171  0.00613   1.12529     False
    bar1000     reclasso       2000              2000    10:00      common  1619 2018-01-19           0.12386       0.12472 -0.00086  -0.68688 -0.00462  0.00283  -0.47792     False
    bar1000     reclasso       2000              2000    10:00 deck period  1116 2020-01-03           0.12218       0.12008  0.00210   1.74998 -0.00171  0.00613   1.12529     False
    bar1000 reclasticnet        500               500 all bars      common  3119 2012-03-23           0.11819       0.11907 -0.00088  -0.74310 -0.00429  0.00244  -0.50862     False
    bar1000 reclasticnet        500               500 all bars deck period  1116 2020-01-03           0.12017       0.11920  0.00098   0.81925 -0.00440  0.00678   0.37701     False
    bar1000 reclasticnet        500               500    10:00      common  3119 2012-03-23           0.11819       0.11907 -0.00088  -0.74310 -0.00429  0.00244  -0.50862     False
    bar1000 reclasticnet        500               500    10:00 deck period  1116 2020-01-03           0.12017       0.11920  0.00098   0.81925 -0.00440  0.00678   0.37701     False
    bar1000 reclasticnet       2000               500 all bars      common  1619 2018-01-19           0.12346       0.12697 -0.00352  -2.77107 -0.00951  0.00171  -1.30340     False
    bar1000 reclasticnet       2000               500 all bars deck period  1116 2020-01-03           0.12140       0.11920  0.00220   1.84697 -0.00406  0.00852   0.75799     False
    bar1000 reclasticnet       2000               500    10:00      common  1619 2018-01-19           0.12346       0.12697 -0.00352  -2.77107 -0.00951  0.00171  -1.30340     False
    bar1000 reclasticnet       2000               500    10:00 deck period  1116 2020-01-03           0.12140       0.11920  0.00220   1.84697 -0.00406  0.00852   0.75799     False
    bar1000 reclasticnet       2000              2000 all bars      common  1619 2018-01-19           0.12346       0.12494 -0.00148  -1.18814 -0.00547  0.00208  -0.83142     False
    bar1000 reclasticnet       2000              2000 all bars deck period  1116 2020-01-03           0.12140       0.12004  0.00136   1.13572 -0.00226  0.00533   0.75369     False
    bar1000 reclasticnet       2000              2000    10:00      common  1619 2018-01-19           0.12346       0.12494 -0.00148  -1.18814 -0.00547  0.00208  -0.83142     False
    bar1000 reclasticnet       2000              2000    10:00 deck period  1116 2020-01-03           0.12140       0.12004  0.00136   1.13572 -0.00226  0.00533   0.75369     False
    bar1000        ridge        500               500 all bars      common  3119 2012-03-23           0.11944       0.11892  0.00053   0.44212 -0.00321  0.00407   0.27455     False
    bar1000        ridge        500               500 all bars deck period  1116 2020-01-03           0.12231       0.11830  0.00401   3.38843 -0.00196  0.01057   1.40483     False
    bar1000        ridge        500               500    10:00      common  3119 2012-03-23           0.11944       0.11892  0.00053   0.44212 -0.00321  0.00407   0.27455     False
    bar1000        ridge        500               500    10:00 deck period  1116 2020-01-03           0.12231       0.11830  0.00401   3.38843 -0.00196  0.01057   1.40483     False
    bar1000        ridge       2000               500 all bars      common  1619 2018-01-19           0.12664       0.12641  0.00023   0.18103 -0.00625  0.00626   0.07487     False
    bar1000        ridge       2000               500 all bars deck period  1116 2020-01-03           0.12295       0.11830  0.00465   3.92875 -0.00172  0.01136   1.46902     False
    bar1000        ridge       2000               500    10:00      common  1619 2018-01-19           0.12664       0.12641  0.00023   0.18103 -0.00625  0.00626   0.07487     False
    bar1000        ridge       2000               500    10:00 deck period  1116 2020-01-03           0.12295       0.11830  0.00465   3.92875 -0.00172  0.01136   1.46902     False
    bar1000        ridge       2000              2000 all bars      common  1619 2018-01-19           0.12664       0.12424  0.00240   1.93269 -0.00195  0.00709   1.07859     False
    bar1000        ridge       2000              2000 all bars deck period  1116 2020-01-03           0.12295       0.11947  0.00347   2.90760 -0.00096  0.00829   1.60565     False
    bar1000        ridge       2000              2000    10:00      common  1619 2018-01-19           0.12664       0.12424  0.00240   1.93269 -0.00195  0.00709   1.07859     False
    bar1000        ridge       2000              2000    10:00 deck period  1116 2020-01-03           0.12295       0.11947  0.00347   2.90760 -0.00096  0.00829   1.60565     False
    bar1030     reclasso        500               500 all bars      common  3119 2012-03-23           0.14767       0.14965 -0.00198  -1.32006 -0.00458  0.00049  -1.49800     False
    bar1030     reclasso        500               500 all bars deck period  1116 2020-01-03           0.15754       0.15665  0.00089   0.56914 -0.00291  0.00465   0.40468     False
    bar1030     reclasso        500               500    10:30      common  3119 2012-03-23           0.14767       0.14965 -0.00198  -1.32006 -0.00458  0.00049  -1.49800     False
    bar1030     reclasso        500               500    10:30 deck period  1116 2020-01-03           0.15754       0.15665  0.00089   0.56914 -0.00291  0.00465   0.40468     False
    bar1030     reclasso       2000               500 all bars      common  1619 2018-01-19           0.16429       0.16217  0.00212   1.30575 -0.00428  0.01009   0.58268     False
    bar1030     reclasso       2000               500 all bars deck period  1116 2020-01-03           0.16337       0.15665  0.00672   4.28945 -0.00309  0.01738   1.35250     False
    bar1030     reclasso       2000               500    10:30      common  1619 2018-01-19           0.16429       0.16217  0.00212   1.30575 -0.00428  0.01009   0.58268     False
    bar1030     reclasso       2000               500    10:30 deck period  1116 2020-01-03           0.16337       0.15665  0.00672   4.28945 -0.00309  0.01738   1.35250     False
    bar1030     reclasso       2000              2000 all bars      common  1619 2018-01-19           0.16429       0.16396  0.00033   0.19974 -0.00494  0.00737   0.10965     False
    bar1030     reclasso       2000              2000 all bars deck period  1116 2020-01-03           0.16337       0.16031  0.00306   1.90589 -0.00410  0.01265   0.74759     False
    bar1030     reclasso       2000              2000    10:30      common  1619 2018-01-19           0.16429       0.16396  0.00033   0.19974 -0.00494  0.00737   0.10965     False
    bar1030     reclasso       2000              2000    10:30 deck period  1116 2020-01-03           0.16337       0.16031  0.00306   1.90589 -0.00410  0.01265   0.74759     False
    bar1030 reclasticnet        500               500 all bars      common  3119 2012-03-23           0.14729       0.14977 -0.00248  -1.65881 -0.00491 -0.00019  -2.01001      True
    bar1030 reclasticnet        500               500 all bars deck period  1116 2020-01-03           0.15706       0.15740 -0.00034  -0.21357 -0.00441  0.00373  -0.15080     False
    bar1030 reclasticnet        500               500    10:30      common  3119 2012-03-23           0.14729       0.14977 -0.00248  -1.65881 -0.00491 -0.00019  -2.01001      True
    bar1030 reclasticnet        500               500    10:30 deck period  1116 2020-01-03           0.15706       0.15740 -0.00034  -0.21357 -0.00441  0.00373  -0.15080     False
    bar1030 reclasticnet       2000               500 all bars      common  1619 2018-01-19           0.16147       0.16267 -0.00119  -0.73420 -0.00609  0.00356  -0.46009     False
    bar1030 reclasticnet       2000               500 all bars deck period  1116 2020-01-03           0.15964       0.15740  0.00224   1.42608 -0.00425  0.00834   0.67252     False
    bar1030 reclasticnet       2000               500    10:30      common  1619 2018-01-19           0.16147       0.16267 -0.00119  -0.73420 -0.00609  0.00356  -0.46009     False
    bar1030 reclasticnet       2000               500    10:30 deck period  1116 2020-01-03           0.15964       0.15740  0.00224   1.42608 -0.00425  0.00834   0.67252     False
    bar1030 reclasticnet       2000              2000 all bars      common  1619 2018-01-19           0.16147       0.16351 -0.00204  -1.24943 -0.00545  0.00145  -1.19338     False
    bar1030 reclasticnet       2000              2000 all bars deck period  1116 2020-01-03           0.15964       0.15987 -0.00023  -0.14485 -0.00422  0.00418  -0.11486     False
    bar1030 reclasticnet       2000              2000    10:30      common  1619 2018-01-19           0.16147       0.16351 -0.00204  -1.24943 -0.00545  0.00145  -1.19338     False
    bar1030 reclasticnet       2000              2000    10:30 deck period  1116 2020-01-03           0.15964       0.15987 -0.00023  -0.14485 -0.00422  0.00418  -0.11486     False
    bar1030        ridge        500               500 all bars      common  3119 2012-03-23           0.15015       0.14985  0.00030   0.20156 -0.00307  0.00356   0.18340     False
    bar1030        ridge        500               500 all bars deck period  1116 2020-01-03           0.15813       0.15727  0.00085   0.54119 -0.00435  0.00603   0.30581     False
    bar1030        ridge        500               500    10:30      common  3119 2012-03-23           0.15015       0.14985  0.00030   0.20156 -0.00307  0.00356   0.18340     False
    bar1030        ridge        500               500    10:30 deck period  1116 2020-01-03           0.15813       0.15727  0.00085   0.54119 -0.00435  0.00603   0.30581     False
    bar1030        ridge       2000               500 all bars      common  1619 2018-01-19           0.16166       0.16278 -0.00112  -0.69009 -0.00611  0.00354  -0.43378     False
    bar1030        ridge       2000               500 all bars deck period  1116 2020-01-03           0.15933       0.15727  0.00206   1.30769 -0.00480  0.00804   0.61680     False
    bar1030        ridge       2000               500    10:30      common  1619 2018-01-19           0.16166       0.16278 -0.00112  -0.69009 -0.00611  0.00354  -0.43378     False
    bar1030        ridge       2000               500    10:30 deck period  1116 2020-01-03           0.15933       0.15727  0.00206   1.30769 -0.00480  0.00804   0.61680     False
    bar1030        ridge       2000              2000 all bars      common  1619 2018-01-19           0.16166       0.16336 -0.00170  -1.04075 -0.00488  0.00162  -1.05967     False
    bar1030        ridge       2000              2000 all bars deck period  1116 2020-01-03           0.15933       0.15960 -0.00027  -0.16655 -0.00386  0.00349  -0.14936     False
    bar1030        ridge       2000              2000    10:30      common  1619 2018-01-19           0.16166       0.16336 -0.00170  -1.04075 -0.00488  0.00162  -1.05967     False
    bar1030        ridge       2000              2000    10:30 deck period  1116 2020-01-03           0.15933       0.15960 -0.00027  -0.16655 -0.00386  0.00349  -0.14936     False
    bar1100     reclasso        500               500 all bars      common  3119 2012-03-23           0.13146       0.13188 -0.00042  -0.31889 -0.00265  0.00187  -0.38250     False
    bar1100     reclasso        500               500 all bars deck period  1116 2020-01-03           0.15097       0.14635  0.00462   3.15850 -0.00003  0.00922   2.08535     False
    bar1100     reclasso        500               500    11:00      common  3119 2012-03-23           0.13146       0.13188 -0.00042  -0.31889 -0.00265  0.00187  -0.38250     False
    bar1100     reclasso        500               500    11:00 deck period  1116 2020-01-03           0.15097       0.14635  0.00462   3.15850 -0.00003  0.00922   2.08535     False
    bar1100     reclasso       2000               500 all bars      common  1619 2018-01-19           0.14497       0.13966  0.00531   3.80124  0.00127  0.00949   2.61161     False
    bar1100     reclasso       2000               500 all bars deck period  1116 2020-01-03           0.15418       0.14635  0.00784   5.35413  0.00387  0.01187   3.99564     False
    bar1100     reclasso       2000               500    11:00      common  1619 2018-01-19           0.14497       0.13966  0.00531   3.80124  0.00127  0.00949   2.61161     False
    bar1100     reclasso       2000               500    11:00 deck period  1116 2020-01-03           0.15418       0.14635  0.00784   5.35413  0.00387  0.01187   3.99564     False
    bar1100     reclasso       2000              2000 all bars      common  1619 2018-01-19           0.14497       0.14487  0.00010   0.06704 -0.00251  0.00305   0.06747     False
    bar1100     reclasso       2000              2000 all bars deck period  1116 2020-01-03           0.15418       0.15473 -0.00054  -0.34943 -0.00316  0.00219  -0.37280     False
    bar1100     reclasso       2000              2000    11:00      common  1619 2018-01-19           0.14497       0.14487  0.00010   0.06704 -0.00251  0.00305   0.06747     False
    bar1100     reclasso       2000              2000    11:00 deck period  1116 2020-01-03           0.15418       0.15473 -0.00054  -0.34943 -0.00316  0.00219  -0.37280     False
    bar1100 reclasticnet        500               500 all bars      common  3119 2012-03-23           0.13102       0.13207 -0.00105  -0.79655 -0.00351  0.00134  -0.86657     False
    bar1100 reclasticnet        500               500 all bars deck period  1116 2020-01-03           0.15161       0.14718  0.00444   3.01470 -0.00014  0.00905   1.94544     False
    bar1100 reclasticnet        500               500    11:00      common  3119 2012-03-23           0.13102       0.13207 -0.00105  -0.79655 -0.00351  0.00134  -0.86657     False
    bar1100 reclasticnet        500               500    11:00 deck period  1116 2020-01-03           0.15161       0.14718  0.00444   3.01470 -0.00014  0.00905   1.94544     False
    bar1100 reclasticnet       2000               500 all bars      common  1619 2018-01-19           0.14883       0.14023  0.00860   6.13136  0.00104  0.01938   1.80468     False
    bar1100 reclasticnet       2000               500 all bars deck period  1116 2020-01-03           0.16011       0.14718  0.01294   8.79003  0.00334  0.02769   1.98355     False
    bar1100 reclasticnet       2000               500    11:00      common  1619 2018-01-19           0.14883       0.14023  0.00860   6.13136  0.00104  0.01938   1.80468     False
    bar1100 reclasticnet       2000               500    11:00 deck period  1116 2020-01-03           0.16011       0.14718  0.01294   8.79003  0.00334  0.02769   1.98355     False
    bar1100 reclasticnet       2000              2000 all bars      common  1619 2018-01-19           0.14883       0.14477  0.00405   2.80024 -0.00242  0.01409   0.92146     False
    bar1100 reclasticnet       2000              2000 all bars deck period  1116 2020-01-03           0.16011       0.15478  0.00533   3.44619 -0.00325  0.01907   0.86724     False
    bar1100 reclasticnet       2000              2000    11:00      common  1619 2018-01-19           0.14883       0.14477  0.00405   2.80024 -0.00242  0.01409   0.92146     False
    bar1100 reclasticnet       2000              2000    11:00 deck period  1116 2020-01-03           0.16011       0.15478  0.00533   3.44619 -0.00325  0.01907   0.86724     False
    bar1100        ridge        500               500 all bars      common  3119 2012-03-23           0.13329       0.13200  0.00128   0.97278 -0.00119  0.00363   1.05465     False
    bar1100        ridge        500               500 all bars deck period  1116 2020-01-03           0.15367       0.14644  0.00723   4.93477  0.00298  0.01179   3.39821     False
    bar1100        ridge        500               500    11:00      common  3119 2012-03-23           0.13329       0.13200  0.00128   0.97278 -0.00119  0.00363   1.05465     False
    bar1100        ridge        500               500    11:00 deck period  1116 2020-01-03           0.15367       0.14644  0.00723   4.93477  0.00298  0.01179   3.39821     False
    bar1100        ridge       2000               500 all bars      common  1619 2018-01-19           0.14532       0.13989  0.00543   3.87954  0.00146  0.00947   2.60915     False
    bar1100        ridge       2000               500 all bars deck period  1116 2020-01-03           0.15424       0.14644  0.00780   5.32338  0.00362  0.01211   3.57194     False
    bar1100        ridge       2000               500    11:00      common  1619 2018-01-19           0.14532       0.13989  0.00543   3.87954  0.00146  0.00947   2.60915     False
    bar1100        ridge       2000               500    11:00 deck period  1116 2020-01-03           0.15424       0.14644  0.00780   5.32338  0.00362  0.01211   3.57194     False
    bar1100        ridge       2000              2000 all bars      common  1619 2018-01-19           0.14532       0.14413  0.00119   0.82498 -0.00172  0.00425   0.76323     False
    bar1100        ridge       2000              2000 all bars deck period  1116 2020-01-03           0.15424       0.15368  0.00055   0.35999 -0.00236  0.00368   0.32273     False
    bar1100        ridge       2000              2000    11:00      common  1619 2018-01-19           0.14532       0.14413  0.00119   0.82498 -0.00172  0.00425   0.76323     False
    bar1100        ridge       2000              2000    11:00 deck period  1116 2020-01-03           0.15424       0.15368  0.00055   0.35999 -0.00236  0.00368   0.32273     False
    bar1130     reclasso        500               500 all bars      common  3121 2012-03-21           0.13116       0.13585 -0.00469  -3.45042 -0.00773 -0.00152  -3.18099      True
    bar1130     reclasso        500               500 all bars deck period  1116 2020-01-03           0.13896       0.14374 -0.00478  -3.32423 -0.00983  0.00038  -2.02633     False
    bar1130     reclasso        500               500    11:30      common  3121 2012-03-21           0.13116       0.13585 -0.00469  -3.45042 -0.00773 -0.00152  -3.18099      True
    bar1130     reclasso        500               500    11:30 deck period  1116 2020-01-03           0.13896       0.14374 -0.00478  -3.32423 -0.00983  0.00038  -2.02633     False
    bar1130     reclasso       2000               500 all bars      common  1621 2018-01-17           0.13383       0.13833 -0.00450  -3.25175 -0.00885 -0.00050  -2.21517      True
    bar1130     reclasso       2000               500 all bars deck period  1116 2020-01-03           0.14102       0.14374 -0.00272  -1.89331 -0.00767  0.00230  -1.22118     False
    bar1130     reclasso       2000               500    11:30      common  1621 2018-01-17           0.13383       0.13833 -0.00450  -3.25175 -0.00885 -0.00050  -2.21517      True
    bar1130     reclasso       2000               500    11:30 deck period  1116 2020-01-03           0.14102       0.14374 -0.00272  -1.89331 -0.00767  0.00230  -1.22118     False
    bar1130     reclasso       2000              2000 all bars      common  1621 2018-01-17           0.13383       0.14395 -0.01012  -7.02726 -0.01369 -0.00665  -5.97012      True
    bar1130     reclasso       2000              2000 all bars deck period  1116 2020-01-03           0.14102       0.15397 -0.01296  -8.41530 -0.01667 -0.00927  -7.17981      True
    bar1130     reclasso       2000              2000    11:30      common  1621 2018-01-17           0.13383       0.14395 -0.01012  -7.02726 -0.01369 -0.00665  -5.97012      True
    bar1130     reclasso       2000              2000    11:30 deck period  1116 2020-01-03           0.14102       0.15397 -0.01296  -8.41530 -0.01667 -0.00927  -7.17981      True
    bar1130 reclasticnet        500               500 all bars      common  3121 2012-03-21           0.13063       0.13580 -0.00517  -3.80444 -0.00859 -0.00157  -3.11391      True
    bar1130 reclasticnet        500               500 all bars deck period  1116 2020-01-03           0.13860       0.14438 -0.00577  -3.99977 -0.01156  0.00022  -2.20483     False
    bar1130 reclasticnet        500               500    11:30      common  3121 2012-03-21           0.13063       0.13580 -0.00517  -3.80444 -0.00859 -0.00157  -3.11391      True
    bar1130 reclasticnet        500               500    11:30 deck period  1116 2020-01-03           0.13860       0.14438 -0.00577  -3.99977 -0.01156  0.00022  -2.20483     False
    bar1130 reclasticnet       2000               500 all bars      common  1621 2018-01-17           0.13437       0.13875 -0.00438  -3.15673 -0.00878 -0.00029  -2.14284      True
    bar1130 reclasticnet       2000               500 all bars deck period  1116 2020-01-03           0.14147       0.14438 -0.00290  -2.01152 -0.00808  0.00224  -1.25757     False
    bar1130 reclasticnet       2000               500    11:30      common  1621 2018-01-17           0.13437       0.13875 -0.00438  -3.15673 -0.00878 -0.00029  -2.14284      True
    bar1130 reclasticnet       2000               500    11:30 deck period  1116 2020-01-03           0.14147       0.14438 -0.00290  -2.01152 -0.00808  0.00224  -1.25757     False
    bar1130 reclasticnet       2000              2000 all bars      common  1621 2018-01-17           0.13437       0.14403 -0.00966  -6.70982 -0.01336 -0.00603  -5.52269      True
    bar1130 reclasticnet       2000              2000 all bars deck period  1116 2020-01-03           0.14147       0.15410 -0.01263  -8.19639 -0.01654 -0.00876  -6.59442      True
    bar1130 reclasticnet       2000              2000    11:30      common  1621 2018-01-17           0.13437       0.14403 -0.00966  -6.70982 -0.01336 -0.00603  -5.52269      True
    bar1130 reclasticnet       2000              2000    11:30 deck period  1116 2020-01-03           0.14147       0.15410 -0.01263  -8.19639 -0.01654 -0.00876  -6.59442      True
    bar1130        ridge        500               500 all bars      common  3121 2012-03-21           0.13493       0.13603 -0.00111  -0.81345 -0.00499  0.00301  -0.58921     False
    bar1130        ridge        500               500 all bars deck period  1116 2020-01-03           0.14361       0.14421 -0.00060  -0.41762 -0.00587  0.00496  -0.23564     False
    bar1130        ridge        500               500    11:30      common  3121 2012-03-21           0.13493       0.13603 -0.00111  -0.81345 -0.00499  0.00301  -0.58921     False
    bar1130        ridge        500               500    11:30 deck period  1116 2020-01-03           0.14361       0.14421 -0.00060  -0.41762 -0.00587  0.00496  -0.23564     False
    bar1130        ridge       2000               500 all bars      common  1621 2018-01-17           0.13516       0.13905 -0.00389  -2.79575 -0.00788 -0.00025  -2.04461      True
    bar1130        ridge       2000               500 all bars deck period  1116 2020-01-03           0.14293       0.14421 -0.00128  -0.88895 -0.00562  0.00324  -0.59704     False
    bar1130        ridge       2000               500    11:30      common  1621 2018-01-17           0.13516       0.13905 -0.00389  -2.79575 -0.00788 -0.00025  -2.04461      True
    bar1130        ridge       2000               500    11:30 deck period  1116 2020-01-03           0.14293       0.14421 -0.00128  -0.88895 -0.00562  0.00324  -0.59704     False
    bar1130        ridge       2000              2000 all bars      common  1621 2018-01-17           0.13516       0.14324 -0.00808  -5.64114 -0.01144 -0.00475  -4.88750      True
    bar1130        ridge       2000              2000 all bars deck period  1116 2020-01-03           0.14293       0.15305 -0.01012  -6.61065 -0.01395 -0.00626  -5.25082      True
    bar1130        ridge       2000              2000    11:30      common  1621 2018-01-17           0.13516       0.14324 -0.00808  -5.64114 -0.01144 -0.00475  -4.88750      True
    bar1130        ridge       2000              2000    11:30 deck period  1116 2020-01-03           0.14293       0.15305 -0.01012  -6.61065 -0.01395 -0.00626  -5.25082      True
    bar1200     reclasso        500               500 all bars      common  3060 2012-05-31           0.13623       0.14078 -0.00455  -3.23358 -0.00756 -0.00141  -3.05882      True
    bar1200     reclasso        500               500 all bars deck period  1116 2020-01-03           0.13266       0.13872 -0.00606  -4.36500 -0.01019 -0.00188  -2.64759      True
    bar1200     reclasso        500               500    12:00      common  3060 2012-05-31           0.13623       0.14078 -0.00455  -3.23358 -0.00756 -0.00141  -3.05882      True
    bar1200     reclasso        500               500    12:00 deck period  1116 2020-01-03           0.13266       0.13872 -0.00606  -4.36500 -0.01019 -0.00188  -2.64759      True
    bar1200     reclasso       2000               500 all bars      common  1560 2018-04-13           0.15545       0.15438  0.00107   0.69435 -0.00416  0.00765   0.35534     False
    bar1200     reclasso       2000               500 all bars deck period  1116 2020-01-03           0.14110       0.13872  0.00239   1.72042 -0.00436  0.01072   0.64464     False
    bar1200     reclasso       2000               500    12:00      common  1560 2018-04-13           0.15545       0.15438  0.00107   0.69435 -0.00416  0.00765   0.35534     False
    bar1200     reclasso       2000               500    12:00 deck period  1116 2020-01-03           0.14110       0.13872  0.00239   1.72042 -0.00436  0.01072   0.64464     False
    bar1200     reclasso       2000              2000 all bars      common  1560 2018-04-13           0.15545       0.16283 -0.00738  -4.53025 -0.01208 -0.00120  -2.64493      True
    bar1200     reclasso       2000              2000 all bars deck period  1116 2020-01-03           0.14110       0.14941 -0.00831  -5.56067 -0.01448 -0.00014  -2.25311      True
    bar1200     reclasso       2000              2000    12:00      common  1560 2018-04-13           0.15545       0.16283 -0.00738  -4.53025 -0.01208 -0.00120  -2.64493      True
    bar1200     reclasso       2000              2000    12:00 deck period  1116 2020-01-03           0.14110       0.14941 -0.00831  -5.56067 -0.01448 -0.00014  -2.25311      True
    bar1200 reclasticnet        500               500 all bars      common  3060 2012-05-31           0.13556       0.14099 -0.00543  -3.85075 -0.00862 -0.00227  -3.50155      True
    bar1200 reclasticnet        500               500 all bars deck period  1116 2020-01-03           0.13215       0.13963 -0.00747  -5.35250 -0.01151 -0.00323  -3.13703      True
    bar1200 reclasticnet        500               500    12:00      common  3060 2012-05-31           0.13556       0.14099 -0.00543  -3.85075 -0.00862 -0.00227  -3.50155      True
    bar1200 reclasticnet        500               500    12:00 deck period  1116 2020-01-03           0.13215       0.13963 -0.00747  -5.35250 -0.01151 -0.00323  -3.13703      True
    bar1200 reclasticnet       2000               500 all bars      common  1560 2018-04-13           0.15134       0.15515 -0.00381  -2.45592 -0.00759 -0.00000  -1.89380      True
    bar1200 reclasticnet       2000               500 all bars deck period  1116 2020-01-03           0.13613       0.13963 -0.00350  -2.50390 -0.00813  0.00064  -1.93188     False
    bar1200 reclasticnet       2000               500    12:00      common  1560 2018-04-13           0.15134       0.15515 -0.00381  -2.45592 -0.00759 -0.00000  -1.89380      True
    bar1200 reclasticnet       2000               500    12:00 deck period  1116 2020-01-03           0.13613       0.13963 -0.00350  -2.50390 -0.00813  0.00064  -1.93188     False
    bar1200 reclasticnet       2000              2000 all bars      common  1560 2018-04-13           0.15134       0.16244 -0.01110  -6.83348 -0.01410 -0.00807  -6.98460      True
    bar1200 reclasticnet       2000              2000 all bars deck period  1116 2020-01-03           0.13613       0.14921 -0.01308  -8.76392 -0.01622 -0.01006  -8.28665      True
    bar1200 reclasticnet       2000              2000    12:00      common  1560 2018-04-13           0.15134       0.16244 -0.01110  -6.83348 -0.01410 -0.00807  -6.98460      True
    bar1200 reclasticnet       2000              2000    12:00 deck period  1116 2020-01-03           0.13613       0.14921 -0.01308  -8.76392 -0.01622 -0.01006  -8.28665      True
    bar1200        ridge        500               500 all bars      common  3060 2012-05-31           0.13903       0.14098 -0.00196  -1.38729 -0.00514  0.00122  -1.25523     False
    bar1200        ridge        500               500 all bars deck period  1116 2020-01-03           0.13879       0.13911 -0.00033  -0.23366 -0.00480  0.00443  -0.13105     False
    bar1200        ridge        500               500    12:00      common  3060 2012-05-31           0.13903       0.14098 -0.00196  -1.38729 -0.00514  0.00122  -1.25523     False
    bar1200        ridge        500               500    12:00 deck period  1116 2020-01-03           0.13879       0.13911 -0.00033  -0.23366 -0.00480  0.00443  -0.13105     False
    bar1200        ridge       2000               500 all bars      common  1560 2018-04-13           0.16101       0.15488  0.00613   3.95838 -0.00028  0.01384   1.76342     False
    bar1200        ridge       2000               500 all bars deck period  1116 2020-01-03           0.14992       0.13911  0.01081   7.76855  0.00331  0.02018   2.60391     False
    bar1200        ridge       2000               500    12:00      common  1560 2018-04-13           0.16101       0.15488  0.00613   3.95838 -0.00028  0.01384   1.76342     False
    bar1200        ridge       2000               500    12:00 deck period  1116 2020-01-03           0.14992       0.13911  0.01081   7.76855  0.00331  0.02018   2.60391     False
    bar1200        ridge       2000              2000 all bars      common  1560 2018-04-13           0.16101       0.16210 -0.00109  -0.67210 -0.00743  0.00665  -0.32927     False
    bar1200        ridge       2000              2000 all bars deck period  1116 2020-01-03           0.14992       0.14843  0.00149   1.00599 -0.00660  0.01151   0.35525     False
    bar1200        ridge       2000              2000    12:00      common  1560 2018-04-13           0.16101       0.16210 -0.00109  -0.67210 -0.00743  0.00665  -0.32927     False
    bar1200        ridge       2000              2000    12:00 deck period  1116 2020-01-03           0.14992       0.14843  0.00149   1.00599 -0.00660  0.01151   0.35525     False
    bar1230     reclasso        500               500 all bars      common  3060 2012-05-31           0.14313       0.14908 -0.00595  -3.98966 -0.00872 -0.00322  -4.36371      True
    bar1230     reclasso        500               500 all bars deck period  1116 2020-01-03           0.14829       0.15234 -0.00406  -2.66268 -0.00949  0.00114  -1.47986     False
    bar1230     reclasso        500               500    12:30      common  3060 2012-05-31           0.14313       0.14908 -0.00595  -3.98966 -0.00872 -0.00322  -4.36371      True
    bar1230     reclasso        500               500    12:30 deck period  1116 2020-01-03           0.14829       0.15234 -0.00406  -2.66268 -0.00949  0.00114  -1.47986     False
    bar1230     reclasso       2000               500 all bars      common  1560 2018-04-13           0.16365       0.16114  0.00252   1.56154 -0.00166  0.00716   1.04616     False
    bar1230     reclasso       2000               500 all bars deck period  1116 2020-01-03           0.15965       0.15234  0.00731   4.79835  0.00230  0.01315   2.39623     False
    bar1230     reclasso       2000               500    12:30      common  1560 2018-04-13           0.16365       0.16114  0.00252   1.56154 -0.00166  0.00716   1.04616     False
    bar1230     reclasso       2000               500    12:30 deck period  1116 2020-01-03           0.15965       0.15234  0.00731   4.79835  0.00230  0.01315   2.39623     False
    bar1230     reclasso       2000              2000 all bars      common  1560 2018-04-13           0.16365       0.16977 -0.00612  -3.60337 -0.01031 -0.00127  -2.51661      True
    bar1230     reclasso       2000              2000 all bars deck period  1116 2020-01-03           0.15965       0.16413 -0.00447  -2.72392 -0.00955  0.00151  -1.45621     False
    bar1230     reclasso       2000              2000    12:30      common  1560 2018-04-13           0.16365       0.16977 -0.00612  -3.60337 -0.01031 -0.00127  -2.51661      True
    bar1230     reclasso       2000              2000    12:30 deck period  1116 2020-01-03           0.15965       0.16413 -0.00447  -2.72392 -0.00955  0.00151  -1.45621     False
    bar1230 reclasticnet        500               500 all bars      common  3060 2012-05-31           0.14346       0.14890 -0.00544  -3.65018 -0.00857 -0.00217  -3.27012      True
    bar1230 reclasticnet        500               500 all bars deck period  1116 2020-01-03           0.14969       0.15272 -0.00303  -1.98279 -0.00980  0.00403  -0.82343     False
    bar1230 reclasticnet        500               500    12:30      common  3060 2012-05-31           0.14346       0.14890 -0.00544  -3.65018 -0.00857 -0.00217  -3.27012      True
    bar1230 reclasticnet        500               500    12:30 deck period  1116 2020-01-03           0.14969       0.15272 -0.00303  -1.98279 -0.00980  0.00403  -0.82343     False
    bar1230 reclasticnet       2000               500 all bars      common  1560 2018-04-13           0.16424       0.16144  0.00279   1.72895 -0.00218  0.00842   0.95552     False
    bar1230 reclasticnet       2000               500 all bars deck period  1116 2020-01-03           0.16062       0.15272  0.00790   5.17536  0.00189  0.01522   2.08389     False
    bar1230 reclasticnet       2000               500    12:30      common  1560 2018-04-13           0.16424       0.16144  0.00279   1.72895 -0.00218  0.00842   0.95552     False
    bar1230 reclasticnet       2000               500    12:30 deck period  1116 2020-01-03           0.16062       0.15272  0.00790   5.17536  0.00189  0.01522   2.08389     False
    bar1230 reclasticnet       2000              2000 all bars      common  1560 2018-04-13           0.16424       0.17004 -0.00581  -3.41444 -0.01032 -0.00051  -2.10077      True
    bar1230 reclasticnet       2000              2000 all bars deck period  1116 2020-01-03           0.16062       0.16443 -0.00380  -2.31368 -0.00942  0.00311  -1.06763     False
    bar1230 reclasticnet       2000              2000    12:30      common  1560 2018-04-13           0.16424       0.17004 -0.00581  -3.41444 -0.01032 -0.00051  -2.10077      True
    bar1230 reclasticnet       2000              2000    12:30 deck period  1116 2020-01-03           0.16062       0.16443 -0.00380  -2.31368 -0.00942  0.00311  -1.06763     False
    bar1230        ridge        500               500 all bars      common  3060 2012-05-31           0.14687       0.14882 -0.00195  -1.31272 -0.00508  0.00126  -1.32111     False
    bar1230        ridge        500               500 all bars deck period  1116 2020-01-03           0.15129       0.15232 -0.00103  -0.67529 -0.00659  0.00435  -0.39474     False
    bar1230        ridge        500               500    12:30      common  3060 2012-05-31           0.14687       0.14882 -0.00195  -1.31272 -0.00508  0.00126  -1.32111     False
    bar1230        ridge        500               500    12:30 deck period  1116 2020-01-03           0.15129       0.15232 -0.00103  -0.67529 -0.00659  0.00435  -0.39474     False
    bar1230        ridge       2000               500 all bars      common  1560 2018-04-13           0.16191       0.16128  0.00063   0.39279 -0.00340  0.00456   0.33289     False
    bar1230        ridge       2000               500 all bars deck period  1116 2020-01-03           0.15734       0.15232  0.00503   3.29913  0.00068  0.00973   2.23388     False
    bar1230        ridge       2000               500    12:30      common  1560 2018-04-13           0.16191       0.16128  0.00063   0.39279 -0.00340  0.00456   0.33289     False
    bar1230        ridge       2000               500    12:30 deck period  1116 2020-01-03           0.15734       0.15232  0.00503   3.29913  0.00068  0.00973   2.23388     False
    bar1230        ridge       2000              2000 all bars      common  1560 2018-04-13           0.16191       0.16899 -0.00708  -4.18698 -0.01080 -0.00322  -3.76688      True
    bar1230        ridge       2000              2000 all bars deck period  1116 2020-01-03           0.15734       0.16306 -0.00572  -3.50508 -0.00985 -0.00103  -2.64767      True
    bar1230        ridge       2000              2000    12:30      common  1560 2018-04-13           0.16191       0.16899 -0.00708  -4.18698 -0.01080 -0.00322  -3.76688      True
    bar1230        ridge       2000              2000    12:30 deck period  1116 2020-01-03           0.15734       0.16306 -0.00572  -3.50508 -0.00985 -0.00103  -2.64767      True
    bar1300     reclasso        500               500 all bars      common  3060 2012-05-31           0.15792       0.16475 -0.00683  -4.14431 -0.01036 -0.00298  -3.70231      True
    bar1300     reclasso        500               500 all bars deck period  1116 2020-01-03           0.16234       0.17077 -0.00843  -4.93516 -0.01588 -0.00128  -2.72981      True
    bar1300     reclasso        500               500    13:00      common  3060 2012-05-31           0.15792       0.16475 -0.00683  -4.14431 -0.01036 -0.00298  -3.70231      True
    bar1300     reclasso        500               500    13:00 deck period  1116 2020-01-03           0.16234       0.17077 -0.00843  -4.93516 -0.01588 -0.00128  -2.72981      True
    bar1300     reclasso       2000               500 all bars      common  1560 2018-04-13           0.17858       0.18350 -0.00492  -2.67867 -0.00911 -0.00046  -2.18608      True
    bar1300     reclasso       2000               500 all bars deck period  1116 2020-01-03           0.16880       0.17077 -0.00197  -1.15199 -0.00711  0.00285  -0.76359     False
    bar1300     reclasso       2000               500    13:00      common  1560 2018-04-13           0.17858       0.18350 -0.00492  -2.67867 -0.00911 -0.00046  -2.18608      True
    bar1300     reclasso       2000               500    13:00 deck period  1116 2020-01-03           0.16880       0.17077 -0.00197  -1.15199 -0.00711  0.00285  -0.76359     False
    bar1300     reclasso       2000              2000 all bars      common  1560 2018-04-13           0.17858       0.18825 -0.00967  -5.13785 -0.01346 -0.00567  -4.69401      True
    bar1300     reclasso       2000              2000 all bars deck period  1116 2020-01-03           0.16880       0.17757 -0.00877  -4.93877 -0.01330 -0.00392  -3.65713      True
    bar1300     reclasso       2000              2000    13:00      common  1560 2018-04-13           0.17858       0.18825 -0.00967  -5.13785 -0.01346 -0.00567  -4.69401      True
    bar1300     reclasso       2000              2000    13:00 deck period  1116 2020-01-03           0.16880       0.17757 -0.00877  -4.93877 -0.01330 -0.00392  -3.65713      True
    bar1300 reclasticnet        500               500 all bars      common  3060 2012-05-31           0.15760       0.16467 -0.00707  -4.29266 -0.01073 -0.00317  -3.74128      True
    bar1300 reclasticnet        500               500 all bars deck period  1116 2020-01-03           0.16139       0.17122 -0.00983  -5.74306 -0.01722 -0.00295  -3.16090      True
    bar1300 reclasticnet        500               500    13:00      common  3060 2012-05-31           0.15760       0.16467 -0.00707  -4.29266 -0.01073 -0.00317  -3.74128      True
    bar1300 reclasticnet        500               500    13:00 deck period  1116 2020-01-03           0.16139       0.17122 -0.00983  -5.74306 -0.01722 -0.00295  -3.16090      True
    bar1300 reclasticnet       2000               500 all bars      common  1560 2018-04-13           0.17775       0.18382 -0.00608  -3.30569 -0.01098 -0.00126  -2.40678      True
    bar1300 reclasticnet       2000               500 all bars deck period  1116 2020-01-03           0.16784       0.17122 -0.00338  -1.97638 -0.00931  0.00226  -1.15567     False
    bar1300 reclasticnet       2000               500    13:00      common  1560 2018-04-13           0.17775       0.18382 -0.00608  -3.30569 -0.01098 -0.00126  -2.40678      True
    bar1300 reclasticnet       2000               500    13:00 deck period  1116 2020-01-03           0.16784       0.17122 -0.00338  -1.97638 -0.00931  0.00226  -1.15567     False
    bar1300 reclasticnet       2000              2000 all bars      common  1560 2018-04-13           0.17775       0.18829 -0.01054  -5.59775 -0.01401 -0.00683  -5.49879      True
    bar1300 reclasticnet       2000              2000 all bars deck period  1116 2020-01-03           0.16784       0.17747 -0.00963  -5.42722 -0.01367 -0.00568  -4.82825      True
    bar1300 reclasticnet       2000              2000    13:00      common  1560 2018-04-13           0.17775       0.18829 -0.01054  -5.59775 -0.01401 -0.00683  -5.49879      True
    bar1300 reclasticnet       2000              2000    13:00 deck period  1116 2020-01-03           0.16784       0.17747 -0.00963  -5.42722 -0.01367 -0.00568  -4.82825      True
    bar1300        ridge        500               500 all bars      common  3060 2012-05-31           0.16232       0.16426 -0.00194  -1.18177 -0.00535  0.00156  -1.12787     False
    bar1300        ridge        500               500 all bars deck period  1116 2020-01-03           0.16699       0.17001 -0.00302  -1.77726 -0.00861  0.00222  -1.18381     False
    bar1300        ridge        500               500    13:00      common  3060 2012-05-31           0.16232       0.16426 -0.00194  -1.18177 -0.00535  0.00156  -1.12787     False
    bar1300        ridge        500               500    13:00 deck period  1116 2020-01-03           0.16699       0.17001 -0.00302  -1.77726 -0.00861  0.00222  -1.18381     False
    bar1300        ridge       2000               500 all bars      common  1560 2018-04-13           0.18200       0.18315 -0.00115  -0.62597 -0.00578  0.00374  -0.45309     False
    bar1300        ridge       2000               500 all bars deck period  1116 2020-01-03           0.17328       0.17001  0.00327   1.92398 -0.00206  0.00863   1.15361     False
    bar1300        ridge       2000               500    13:00      common  1560 2018-04-13           0.18200       0.18315 -0.00115  -0.62597 -0.00578  0.00374  -0.45309     False
    bar1300        ridge       2000               500    13:00 deck period  1116 2020-01-03           0.17328       0.17001  0.00327   1.92398 -0.00206  0.00863   1.15361     False
    bar1300        ridge       2000              2000 all bars      common  1560 2018-04-13           0.18200       0.18742 -0.00542  -2.88953 -0.00927 -0.00104  -2.54190      True
    bar1300        ridge       2000              2000 all bars deck period  1116 2020-01-03           0.17328       0.17629 -0.00300  -1.70240 -0.00769  0.00214  -1.26323     False
    bar1300        ridge       2000              2000    13:00      common  1560 2018-04-13           0.18200       0.18742 -0.00542  -2.88953 -0.00927 -0.00104  -2.54190      True
    bar1300        ridge       2000              2000    13:00 deck period  1116 2020-01-03           0.17328       0.17629 -0.00300  -1.70240 -0.00769  0.00214  -1.26323     False
    bar1330     reclasso        500               500 all bars      common  2999 2012-05-31           0.16612       0.17437 -0.00825  -4.73402 -0.01205 -0.00435  -4.33531      True
    bar1330     reclasso        500               500 all bars deck period  1088 2020-01-03           0.17363       0.17833 -0.00470  -2.63352 -0.01250  0.00342  -1.19864     False
    bar1330     reclasso        500               500    13:30      common  2999 2012-05-31           0.16612       0.17437 -0.00825  -4.73402 -0.01205 -0.00435  -4.33531      True
    bar1330     reclasso        500               500    13:30 deck period  1088 2020-01-03           0.17363       0.17833 -0.00470  -2.63352 -0.01250  0.00342  -1.19864     False
    bar1330     reclasso       2000               500 all bars      common  1499 2018-05-17           0.17479       0.18786 -0.01307  -6.95787 -0.01907 -0.00744  -4.87310      True
    bar1330     reclasso       2000               500 all bars deck period  1088 2020-01-03           0.16721       0.17833 -0.01111  -6.23150 -0.01810 -0.00544  -4.29967      True
    bar1330     reclasso       2000               500    13:30      common  1499 2018-05-17           0.17479       0.18786 -0.01307  -6.95787 -0.01907 -0.00744  -4.87310      True
    bar1330     reclasso       2000               500    13:30 deck period  1088 2020-01-03           0.16721       0.17833 -0.01111  -6.23150 -0.01810 -0.00544  -4.29967      True
    bar1330     reclasso       2000              2000 all bars      common  1499 2018-05-17           0.17479       0.18995 -0.01515  -7.97804 -0.02152 -0.00947  -5.55226      True
    bar1330     reclasso       2000              2000 all bars deck period  1088 2020-01-03           0.16721       0.18079 -0.01357  -7.50740 -0.02165 -0.00627  -4.21398      True
    bar1330     reclasso       2000              2000    13:30      common  1499 2018-05-17           0.17479       0.18995 -0.01515  -7.97804 -0.02152 -0.00947  -5.55226      True
    bar1330     reclasso       2000              2000    13:30 deck period  1088 2020-01-03           0.16721       0.18079 -0.01357  -7.50740 -0.02165 -0.00627  -4.21398      True
    bar1330 reclasticnet        500               500 all bars      common  2999 2012-05-31           0.16515       0.17413 -0.00898  -5.15681 -0.01277 -0.00528  -4.70959      True
    bar1330 reclasticnet        500               500 all bars deck period  1088 2020-01-03           0.17138       0.17832 -0.00694  -3.89230 -0.01440  0.00021  -1.97460     False
    bar1330 reclasticnet        500               500    13:30      common  2999 2012-05-31           0.16515       0.17413 -0.00898  -5.15681 -0.01277 -0.00528  -4.70959      True
    bar1330 reclasticnet        500               500    13:30 deck period  1088 2020-01-03           0.17138       0.17832 -0.00694  -3.89230 -0.01440  0.00021  -1.97460     False
    bar1330 reclasticnet       2000               500 all bars      common  1499 2018-05-17           0.17556       0.18785 -0.01228  -6.53814 -0.01848 -0.00648  -4.52301      True
    bar1330 reclasticnet       2000               500 all bars deck period  1088 2020-01-03           0.16830       0.17832 -0.01002  -5.61750 -0.01735 -0.00415  -3.75371      True
    bar1330 reclasticnet       2000               500    13:30      common  1499 2018-05-17           0.17556       0.18785 -0.01228  -6.53814 -0.01848 -0.00648  -4.52301      True
    bar1330 reclasticnet       2000               500    13:30 deck period  1088 2020-01-03           0.16830       0.17832 -0.01002  -5.61750 -0.01735 -0.00415  -3.75371      True
    bar1330 reclasticnet       2000              2000 all bars      common  1499 2018-05-17           0.17556       0.18999 -0.01443  -7.59344 -0.02057 -0.00859  -5.18579      True
    bar1330 reclasticnet       2000              2000 all bars deck period  1088 2020-01-03           0.16830       0.18073 -0.01243  -6.87968 -0.02070 -0.00519  -3.76870      True
    bar1330 reclasticnet       2000              2000    13:30      common  1499 2018-05-17           0.17556       0.18999 -0.01443  -7.59344 -0.02057 -0.00859  -5.18579      True
    bar1330 reclasticnet       2000              2000    13:30 deck period  1088 2020-01-03           0.16830       0.18073 -0.01243  -6.87968 -0.02070 -0.00519  -3.76870      True
    bar1330        ridge        500               500 all bars      common  2999 2012-05-31           0.16713       0.17306 -0.00593  -3.42806 -0.00995 -0.00218  -2.96723      True
    bar1330        ridge        500               500 all bars deck period  1088 2020-01-03           0.16968       0.17624 -0.00656  -3.72292 -0.01430  0.00014  -1.82821     False
    bar1330        ridge        500               500    13:30      common  2999 2012-05-31           0.16713       0.17306 -0.00593  -3.42806 -0.00995 -0.00218  -2.96723      True
    bar1330        ridge        500               500    13:30 deck period  1088 2020-01-03           0.16968       0.17624 -0.00656  -3.72292 -0.01430  0.00014  -1.82821     False
    bar1330        ridge       2000               500 all bars      common  1499 2018-05-17           0.17488       0.18625 -0.01137  -6.10206 -0.01707 -0.00590  -4.46390      True
    bar1330        ridge       2000               500 all bars deck period  1088 2020-01-03           0.16729       0.17624 -0.00895  -5.07597 -0.01504 -0.00352  -3.74560      True
    bar1330        ridge       2000               500    13:30      common  1499 2018-05-17           0.17488       0.18625 -0.01137  -6.10206 -0.01707 -0.00590  -4.46390      True
    bar1330        ridge       2000               500    13:30 deck period  1088 2020-01-03           0.16729       0.17624 -0.00895  -5.07597 -0.01504 -0.00352  -3.74560      True
    bar1330        ridge       2000              2000 all bars      common  1499 2018-05-17           0.17488       0.19018 -0.01530  -8.04491 -0.02086 -0.01035  -6.53761      True
    bar1330        ridge       2000              2000 all bars deck period  1088 2020-01-03           0.16729       0.18158 -0.01429  -7.86794 -0.02105 -0.00842  -5.35970      True
    bar1330        ridge       2000              2000    13:30      common  1499 2018-05-17           0.17488       0.19018 -0.01530  -8.04491 -0.02086 -0.01035  -6.53761      True
    bar1330        ridge       2000              2000    13:30 deck period  1088 2020-01-03           0.16729       0.18158 -0.01429  -7.86794 -0.02105 -0.00842  -5.35970      True
    bar1400     reclasso        500               500 all bars      common  2987 2012-06-13           0.15910       0.16116 -0.00206  -1.27695 -0.00608  0.00238  -1.03172     False
    bar1400     reclasso        500               500 all bars deck period  1088 2020-01-03           0.18059       0.17876  0.00183   1.02486 -0.00659  0.01160   0.40657     False
    bar1400     reclasso        500               500    14:00      common  2987 2012-06-13           0.15910       0.16116 -0.00206  -1.27695 -0.00608  0.00238  -1.03172     False
    bar1400     reclasso        500               500    14:00 deck period  1088 2020-01-03           0.18059       0.17876  0.00183   1.02486 -0.00659  0.01160   0.40657     False
    bar1400     reclasso       2000               500 all bars      common  1487 2018-06-01           0.18668       0.18473  0.00195   1.05413 -0.00336  0.00742   0.73849     False
    bar1400     reclasso       2000               500 all bars deck period  1088 2020-01-03           0.18537       0.17876  0.00661   3.69645  0.00055  0.01320   2.07166     False
    bar1400     reclasso       2000               500    14:00      common  1487 2018-06-01           0.18668       0.18473  0.00195   1.05413 -0.00336  0.00742   0.73849     False
    bar1400     reclasso       2000               500    14:00 deck period  1088 2020-01-03           0.18537       0.17876  0.00661   3.69645  0.00055  0.01320   2.07166     False
    bar1400     reclasso       2000              2000 all bars      common  1487 2018-06-01           0.18668       0.19307 -0.00639  -3.31003 -0.01017 -0.00263  -3.38971      True
    bar1400     reclasso       2000              2000 all bars deck period  1088 2020-01-03           0.18537       0.19033 -0.00496  -2.60780 -0.00936 -0.00029  -2.26258      True
    bar1400     reclasso       2000              2000    14:00      common  1487 2018-06-01           0.18668       0.19307 -0.00639  -3.31003 -0.01017 -0.00263  -3.38971      True
    bar1400     reclasso       2000              2000    14:00 deck period  1088 2020-01-03           0.18537       0.19033 -0.00496  -2.60780 -0.00936 -0.00029  -2.26258      True
    bar1400 reclasticnet        500               500 all bars      common  2987 2012-06-13           0.15885       0.16128 -0.00243  -1.50543 -0.00655  0.00216  -1.20128     False
    bar1400 reclasticnet        500               500 all bars deck period  1088 2020-01-03           0.18100       0.17915  0.00185   1.03003 -0.00671  0.01159   0.41420     False
    bar1400 reclasticnet        500               500    14:00      common  2987 2012-06-13           0.15885       0.16128 -0.00243  -1.50543 -0.00655  0.00216  -1.20128     False
    bar1400 reclasticnet        500               500    14:00 deck period  1088 2020-01-03           0.18100       0.17915  0.00185   1.03003 -0.00671  0.01159   0.41420     False
    bar1400 reclasticnet       2000               500 all bars      common  1487 2018-06-01           0.18737       0.18491  0.00246   1.33203 -0.00268  0.00786   0.98383     False
    bar1400 reclasticnet       2000               500 all bars deck period  1088 2020-01-03           0.18623       0.17915  0.00708   3.95088  0.00134  0.01361   2.39991     False
    bar1400 reclasticnet       2000               500    14:00      common  1487 2018-06-01           0.18737       0.18491  0.00246   1.33203 -0.00268  0.00786   0.98383     False
    bar1400 reclasticnet       2000               500    14:00 deck period  1088 2020-01-03           0.18623       0.17915  0.00708   3.95088  0.00134  0.01361   2.39991     False
    bar1400 reclasticnet       2000              2000 all bars      common  1487 2018-06-01           0.18737       0.19292 -0.00555  -2.87537 -0.00945 -0.00161  -2.97158      True
    bar1400 reclasticnet       2000              2000 all bars deck period  1088 2020-01-03           0.18623       0.18995 -0.00372  -1.95810 -0.00802  0.00098  -1.74480     False
    bar1400 reclasticnet       2000              2000    14:00      common  1487 2018-06-01           0.18737       0.19292 -0.00555  -2.87537 -0.00945 -0.00161  -2.97158      True
    bar1400 reclasticnet       2000              2000    14:00 deck period  1088 2020-01-03           0.18623       0.18995 -0.00372  -1.95810 -0.00802  0.00098  -1.74480     False
    bar1400        ridge        500               500 all bars      common  2987 2012-06-13           0.16280       0.16073  0.00206   1.28447 -0.00222  0.00650   0.99684     False
    bar1400        ridge        500               500 all bars deck period  1088 2020-01-03           0.18484       0.17755  0.00729   4.10634 -0.00167  0.01804   1.63341     False
    bar1400        ridge        500               500    14:00      common  2987 2012-06-13           0.16280       0.16073  0.00206   1.28447 -0.00222  0.00650   0.99684     False
    bar1400        ridge        500               500    14:00 deck period  1088 2020-01-03           0.18484       0.17755  0.00729   4.10634 -0.00167  0.01804   1.63341     False
    bar1400        ridge       2000               500 all bars      common  1487 2018-06-01           0.18731       0.18383  0.00348   1.89229 -0.00192  0.00885   1.42987     False
    bar1400        ridge       2000               500 all bars deck period  1088 2020-01-03           0.18605       0.17755  0.00850   4.79009  0.00284  0.01492   3.13492     False
    bar1400        ridge       2000               500    14:00      common  1487 2018-06-01           0.18731       0.18383  0.00348   1.89229 -0.00192  0.00885   1.42987     False
    bar1400        ridge       2000               500    14:00 deck period  1088 2020-01-03           0.18605       0.17755  0.00850   4.79009  0.00284  0.01492   3.13492     False
    bar1400        ridge       2000              2000 all bars      common  1487 2018-06-01           0.18731       0.19193 -0.00462  -2.40503 -0.00889 -0.00039  -2.20578      True
    bar1400        ridge       2000              2000 all bars deck period  1088 2020-01-03           0.18605       0.18899 -0.00294  -1.55494 -0.00783  0.00222  -1.26518     False
    bar1400        ridge       2000              2000    14:00      common  1487 2018-06-01           0.18731       0.19193 -0.00462  -2.40503 -0.00889 -0.00039  -2.20578      True
    bar1400        ridge       2000              2000    14:00 deck period  1088 2020-01-03           0.18605       0.18899 -0.00294  -1.55494 -0.00783  0.00222  -1.26518     False
    bar1430     reclasso        500               500 all bars      common  2979 2012-06-20           0.20326       0.28698 -0.08372 -29.17262 -0.10510 -0.06551  -8.35366      True
    bar1430     reclasso        500               500 all bars deck period  1087 2020-01-03           0.22529       0.32014 -0.09485 -29.62827 -0.14731 -0.05533  -4.19747      True
    bar1430     reclasso        500               500    14:30      common  2979 2012-06-20           0.20326       0.28698 -0.08372 -29.17262 -0.10510 -0.06551  -8.35366      True
    bar1430     reclasso        500               500    14:30 deck period  1087 2020-01-03           0.22529       0.32014 -0.09485 -29.62827 -0.14731 -0.05533  -4.19747      True
    bar1430     reclasso       2000               500 all bars      common  1479 2018-06-11           0.22849       0.30538 -0.07689 -25.17822 -0.11142 -0.04570  -4.36691      True
    bar1430     reclasso       2000               500 all bars deck period  1087 2020-01-03           0.24172       0.32014 -0.07842 -24.49681 -0.12679 -0.03782  -3.36738      True
    bar1430     reclasso       2000               500    14:30      common  1479 2018-06-11           0.22849       0.30538 -0.07689 -25.17822 -0.11142 -0.04570  -4.36691      True
    bar1430     reclasso       2000               500    14:30 deck period  1087 2020-01-03           0.24172       0.32014 -0.07842 -24.49681 -0.12679 -0.03782  -3.36738      True
    bar1430     reclasso       2000              2000 all bars      common  1479 2018-06-11           0.22849       0.30011 -0.07162 -23.86363 -0.09948 -0.04462  -5.20404      True
    bar1430     reclasso       2000              2000 all bars deck period  1087 2020-01-03           0.24172       0.31881 -0.07709 -24.18094 -0.11509 -0.04236  -4.29702      True
    bar1430     reclasso       2000              2000    14:30      common  1479 2018-06-11           0.22849       0.30011 -0.07162 -23.86363 -0.09948 -0.04462  -5.20404      True
    bar1430     reclasso       2000              2000    14:30 deck period  1087 2020-01-03           0.24172       0.31881 -0.07709 -24.18094 -0.11509 -0.04236  -4.29702      True
    bar1430 reclasticnet        500               500 all bars      common  2979 2012-06-20           0.20258       0.28630 -0.08372 -29.24069 -0.10443 -0.06588  -8.58950      True
    bar1430 reclasticnet        500               500 all bars deck period  1087 2020-01-03           0.22347       0.32040 -0.09692 -30.25141 -0.14607 -0.05810  -4.44553      True
    bar1430 reclasticnet        500               500    14:30      common  2979 2012-06-20           0.20258       0.28630 -0.08372 -29.24069 -0.10443 -0.06588  -8.58950      True
    bar1430 reclasticnet        500               500    14:30 deck period  1087 2020-01-03           0.22347       0.32040 -0.09692 -30.25141 -0.14607 -0.05810  -4.44553      True
    bar1430 reclasticnet       2000               500 all bars      common  1479 2018-06-11           0.22587       0.30513 -0.07926 -25.97454 -0.11170 -0.04945  -4.68827      True
    bar1430 reclasticnet       2000               500 all bars deck period  1087 2020-01-03           0.23858       0.32040 -0.08181 -25.53424 -0.12794 -0.04322  -3.66546      True
    bar1430 reclasticnet       2000               500    14:30      common  1479 2018-06-11           0.22587       0.30513 -0.07926 -25.97454 -0.11170 -0.04945  -4.68827      True
    bar1430 reclasticnet       2000               500    14:30 deck period  1087 2020-01-03           0.23858       0.32040 -0.08181 -25.53424 -0.12794 -0.04322  -3.66546      True
    bar1430 reclasticnet       2000              2000 all bars      common  1479 2018-06-11           0.22587       0.29918 -0.07331 -24.50214 -0.09982 -0.04706  -5.47226      True
    bar1430 reclasticnet       2000              2000 all bars deck period  1087 2020-01-03           0.23858       0.31750 -0.07892 -24.85526 -0.11528 -0.04501  -4.53063      True
    bar1430 reclasticnet       2000              2000    14:30      common  1479 2018-06-11           0.22587       0.29918 -0.07331 -24.50214 -0.09982 -0.04706  -5.47226      True
    bar1430 reclasticnet       2000              2000    14:30 deck period  1087 2020-01-03           0.23858       0.31750 -0.07892 -24.85526 -0.11528 -0.04501  -4.53063      True
    bar1430        ridge        500               500 all bars      common  2979 2012-06-20           0.20532       0.28172 -0.07640 -27.12005 -0.09411 -0.06064  -8.98595      True
    bar1430        ridge        500               500 all bars deck period  1087 2020-01-03           0.22675       0.31402 -0.08728 -27.79272 -0.12566 -0.05469  -4.79847      True
    bar1430        ridge        500               500    14:30      common  2979 2012-06-20           0.20532       0.28172 -0.07640 -27.12005 -0.09411 -0.06064  -8.98595      True
    bar1430        ridge        500               500    14:30 deck period  1087 2020-01-03           0.22675       0.31402 -0.08728 -27.79272 -0.12566 -0.05469  -4.79847      True
    bar1430        ridge       2000               500 all bars      common  1479 2018-06-11           0.22201       0.29867 -0.07665 -25.66521 -0.10389 -0.05209  -5.43191      True
    bar1430        ridge       2000               500 all bars deck period  1087 2020-01-03           0.23317       0.31402 -0.08085 -25.74782 -0.11797 -0.04932  -4.37312      True
    bar1430        ridge       2000               500    14:30      common  1479 2018-06-11           0.22201       0.29867 -0.07665 -25.66521 -0.10389 -0.05209  -5.43191      True
    bar1430        ridge       2000               500    14:30 deck period  1087 2020-01-03           0.23317       0.31402 -0.08085 -25.74782 -0.11797 -0.04932  -4.37312      True
    bar1430        ridge       2000              2000 all bars      common  1479 2018-06-11           0.22201       0.29010 -0.06809 -23.46964 -0.09206 -0.04666  -5.89442      True
    bar1430        ridge       2000              2000 all bars deck period  1087 2020-01-03           0.23317       0.30685 -0.07369 -24.01328 -0.10525 -0.04602  -4.93513      True
    bar1430        ridge       2000              2000    14:30      common  1479 2018-06-11           0.22201       0.29010 -0.06809 -23.46964 -0.09206 -0.04666  -5.89442      True
    bar1430        ridge       2000              2000    14:30 deck period  1087 2020-01-03           0.23317       0.30685 -0.07369 -24.01328 -0.10525 -0.04602  -4.93513      True
    bar1500     reclasso        500               500 all bars      common  2977 2012-06-21           0.16194       0.17638 -0.01444  -8.18588 -0.01972 -0.00879  -5.44352      True
    bar1500     reclasso        500               500 all bars deck period  1087 2020-01-03           0.18245       0.20254 -0.02010  -9.92264 -0.03204 -0.00697  -3.12747      True
    bar1500     reclasso        500               500    15:00      common  2977 2012-06-21           0.16194       0.17638 -0.01444  -8.18588 -0.01972 -0.00879  -5.44352      True
    bar1500     reclasso        500               500    15:00 deck period  1087 2020-01-03           0.18245       0.20254 -0.02010  -9.92264 -0.03204 -0.00697  -3.12747      True
    bar1500     reclasso       2000               500 all bars      common  1477 2018-06-13           0.21696       0.22115 -0.00419  -1.89656 -0.01042  0.00175  -1.39533     False
    bar1500     reclasso       2000               500 all bars deck period  1087 2020-01-03           0.20266       0.20254  0.00012   0.05739 -0.00612  0.00617   0.03434     False
    bar1500     reclasso       2000               500    15:00      common  1477 2018-06-13           0.21696       0.22115 -0.00419  -1.89656 -0.01042  0.00175  -1.39533     False
    bar1500     reclasso       2000               500    15:00 deck period  1087 2020-01-03           0.20266       0.20254  0.00012   0.05739 -0.00612  0.00617   0.03434     False
    bar1500     reclasso       2000              2000 all bars      common  1477 2018-06-13           0.21696       0.23173 -0.01477  -6.37337 -0.02038 -0.00917  -5.47405      True
    bar1500     reclasso       2000              2000 all bars deck period  1087 2020-01-03           0.20266       0.21961 -0.01695  -7.71836 -0.02385 -0.00984  -5.07693      True
    bar1500     reclasso       2000              2000    15:00      common  1477 2018-06-13           0.21696       0.23173 -0.01477  -6.37337 -0.02038 -0.00917  -5.47405      True
    bar1500     reclasso       2000              2000    15:00 deck period  1087 2020-01-03           0.20266       0.21961 -0.01695  -7.71836 -0.02385 -0.00984  -5.07693      True
    bar1500 reclasticnet        500               500 all bars      common  2977 2012-06-21           0.16202       0.17646 -0.01444  -8.18460 -0.01992 -0.00877  -5.51539      True
    bar1500 reclasticnet        500               500 all bars deck period  1087 2020-01-03           0.18442       0.20300 -0.01858  -9.15381 -0.03102 -0.00570  -2.98125      True
    bar1500 reclasticnet        500               500    15:00      common  2977 2012-06-21           0.16202       0.17646 -0.01444  -8.18460 -0.01992 -0.00877  -5.51539      True
    bar1500 reclasticnet        500               500    15:00 deck period  1087 2020-01-03           0.18442       0.20300 -0.01858  -9.15381 -0.03102 -0.00570  -2.98125      True
    bar1500 reclasticnet       2000               500 all bars      common  1477 2018-06-13           0.21726       0.22150 -0.00424  -1.91535 -0.01051  0.00170  -1.41724     False
    bar1500 reclasticnet       2000               500 all bars deck period  1087 2020-01-03           0.20351       0.20300  0.00051   0.25275 -0.00554  0.00653   0.15494     False
    bar1500 reclasticnet       2000               500    15:00      common  1477 2018-06-13           0.21726       0.22150 -0.00424  -1.91535 -0.01051  0.00170  -1.41724     False
    bar1500 reclasticnet       2000               500    15:00 deck period  1087 2020-01-03           0.20351       0.20300  0.00051   0.25275 -0.00554  0.00653   0.15494     False
    bar1500 reclasticnet       2000              2000 all bars      common  1477 2018-06-13           0.21726       0.23181 -0.01455  -6.27479 -0.01980 -0.00933  -5.56103      True
    bar1500 reclasticnet       2000              2000 all bars deck period  1087 2020-01-03           0.20351       0.21925 -0.01573  -7.17522 -0.02192 -0.00913  -4.94069      True
    bar1500 reclasticnet       2000              2000    15:00      common  1477 2018-06-13           0.21726       0.23181 -0.01455  -6.27479 -0.01980 -0.00933  -5.56103      True
    bar1500 reclasticnet       2000              2000    15:00 deck period  1087 2020-01-03           0.20351       0.21925 -0.01573  -7.17522 -0.02192 -0.00913  -4.94069      True
    bar1500        ridge        500               500 all bars      common  2977 2012-06-21           0.16476       0.17491 -0.01015  -5.80482 -0.01529 -0.00476  -4.24007      True
    bar1500        ridge        500               500 all bars deck period  1087 2020-01-03           0.18656       0.20137 -0.01481  -7.35323 -0.02621 -0.00257  -2.80227      True
    bar1500        ridge        500               500    15:00      common  2977 2012-06-21           0.16476       0.17491 -0.01015  -5.80482 -0.01529 -0.00476  -4.24007      True
    bar1500        ridge        500               500    15:00 deck period  1087 2020-01-03           0.18656       0.20137 -0.01481  -7.35323 -0.02621 -0.00257  -2.80227      True
    bar1500        ridge       2000               500 all bars      common  1477 2018-06-13           0.22194       0.21984  0.00209   0.95244 -0.00298  0.00729   0.74011     False
    bar1500        ridge       2000               500 all bars deck period  1087 2020-01-03           0.20573       0.20137  0.00435   2.16239 -0.00149  0.01023   1.34305     False
    bar1500        ridge       2000               500    15:00      common  1477 2018-06-13           0.22194       0.21984  0.00209   0.95244 -0.00298  0.00729   0.74011     False
    bar1500        ridge       2000               500    15:00 deck period  1087 2020-01-03           0.20573       0.20137  0.00435   2.16239 -0.00149  0.01023   1.34305     False
    bar1500        ridge       2000              2000 all bars      common  1477 2018-06-13           0.22194       0.22834 -0.00640  -2.80322 -0.01150 -0.00143  -2.52906      True
    bar1500        ridge       2000              2000 all bars deck period  1087 2020-01-03           0.20573       0.21572 -0.01000  -4.63412 -0.01574 -0.00404  -3.56999      True
    bar1500        ridge       2000              2000    15:00      common  1477 2018-06-13           0.22194       0.22834 -0.00640  -2.80322 -0.01150 -0.00143  -2.52906      True
    bar1500        ridge       2000              2000    15:00 deck period  1087 2020-01-03           0.20573       0.21572 -0.01000  -4.63412 -0.01574 -0.00404  -3.56999      True
    bar1530     reclasso        500               500 all bars      common  2975 2012-06-25           0.12972       0.13256 -0.00284  -2.14438 -0.00669  0.00094  -1.67055     False
    bar1530     reclasso        500               500 all bars deck period  1087 2020-01-03           0.13699       0.13198  0.00501   3.79481 -0.00089  0.01147   1.70507     False
    bar1530     reclasso        500               500    15:30      common  2975 2012-06-25           0.12972       0.13256 -0.00284  -2.14438 -0.00669  0.00094  -1.67055     False
    bar1530     reclasso        500               500    15:30 deck period  1087 2020-01-03           0.13699       0.13198  0.00501   3.79481 -0.00089  0.01147   1.70507     False
    bar1530     reclasso       2000               500 all bars      common  1475 2018-06-15           0.14729       0.14009  0.00719   5.13548 -0.00060  0.01661   1.67555     False
    bar1530     reclasso       2000               500 all bars deck period  1087 2020-01-03           0.14425       0.13198  0.01227   9.29608  0.00242  0.02547   2.19255     False
    bar1530     reclasso       2000               500    15:30      common  1475 2018-06-15           0.14729       0.14009  0.00719   5.13548 -0.00060  0.01661   1.67555     False
    bar1530     reclasso       2000               500    15:30 deck period  1087 2020-01-03           0.14425       0.13198  0.01227   9.29608  0.00242  0.02547   2.19255     False
    bar1530     reclasso       2000              2000 all bars      common  1475 2018-06-15           0.14729       0.14620  0.00109   0.74560 -0.00539  0.00952   0.28861     False
    bar1530     reclasso       2000              2000 all bars deck period  1087 2020-01-03           0.14425       0.14153  0.00272   1.92079 -0.00578  0.01412   0.53956     False
    bar1530     reclasso       2000              2000    15:30      common  1475 2018-06-15           0.14729       0.14620  0.00109   0.74560 -0.00539  0.00952   0.28861     False
    bar1530     reclasso       2000              2000    15:30 deck period  1087 2020-01-03           0.14425       0.14153  0.00272   1.92079 -0.00578  0.01412   0.53956     False
    bar1530 reclasticnet        500               500 all bars      common  2975 2012-06-25           0.12965       0.13264 -0.00299  -2.25320 -0.00703  0.00113  -1.58384     False
    bar1530 reclasticnet        500               500 all bars deck period  1087 2020-01-03           0.13776       0.13281  0.00495   3.72821 -0.00165  0.01271   1.43185     False
    bar1530 reclasticnet        500               500    15:30      common  2975 2012-06-25           0.12965       0.13264 -0.00299  -2.25320 -0.00703  0.00113  -1.58384     False
    bar1530 reclasticnet        500               500    15:30 deck period  1087 2020-01-03           0.13776       0.13281  0.00495   3.72821 -0.00165  0.01271   1.43185     False
    bar1530 reclasticnet       2000               500 all bars      common  1475 2018-06-15           0.14685       0.14043  0.00641   4.56532 -0.00154  0.01658   1.43161     False
    bar1530 reclasticnet       2000               500 all bars deck period  1087 2020-01-03           0.14418       0.13281  0.01137   8.56450  0.00118  0.02639   1.96052     False
    bar1530 reclasticnet       2000               500    15:30      common  1475 2018-06-15           0.14685       0.14043  0.00641   4.56532 -0.00154  0.01658   1.43161     False
    bar1530 reclasticnet       2000               500    15:30 deck period  1087 2020-01-03           0.14418       0.13281  0.01137   8.56450  0.00118  0.02639   1.96052     False
    bar1530 reclasticnet       2000              2000 all bars      common  1475 2018-06-15           0.14685       0.14610  0.00074   0.50873 -0.00564  0.00984   0.19362     False
    bar1530 reclasticnet       2000              2000 all bars deck period  1087 2020-01-03           0.14418       0.14120  0.00298   2.11088 -0.00514  0.01571   0.58943     False
    bar1530 reclasticnet       2000              2000    15:30      common  1475 2018-06-15           0.14685       0.14610  0.00074   0.50873 -0.00564  0.00984   0.19362     False
    bar1530 reclasticnet       2000              2000    15:30 deck period  1087 2020-01-03           0.14418       0.14120  0.00298   2.11088 -0.00514  0.01571   0.58943     False
    bar1530        ridge        500               500 all bars      common  2975 2012-06-25           0.13011       0.13225 -0.00214  -1.61675 -0.00571  0.00132  -1.27426     False
    bar1530        ridge        500               500 all bars deck period  1087 2020-01-03           0.13605       0.13270  0.00335   2.52286 -0.00252  0.00919   1.21265     False
    bar1530        ridge        500               500    15:30      common  2975 2012-06-25           0.13011       0.13225 -0.00214  -1.61675 -0.00571  0.00132  -1.27426     False
    bar1530        ridge        500               500    15:30 deck period  1087 2020-01-03           0.13605       0.13270  0.00335   2.52286 -0.00252  0.00919   1.21265     False
    bar1530        ridge       2000               500 all bars      common  1475 2018-06-15           0.15365       0.14035  0.01329   9.47145  0.00444  0.02586   2.58307     False
    bar1530        ridge       2000               500 all bars deck period  1087 2020-01-03           0.15040       0.13270  0.01770  13.33484  0.00610  0.03449   2.63085     False
    bar1530        ridge       2000               500    15:30      common  1475 2018-06-15           0.15365       0.14035  0.01329   9.47145  0.00444  0.02586   2.58307     False
    bar1530        ridge       2000               500    15:30 deck period  1087 2020-01-03           0.15040       0.13270  0.01770  13.33484  0.00610  0.03449   2.63085     False
    bar1530        ridge       2000              2000 all bars      common  1475 2018-06-15           0.15365       0.14438  0.00927   6.41940  0.00098  0.02111   1.91237     False
    bar1530        ridge       2000              2000 all bars deck period  1087 2020-01-03           0.15040       0.13916  0.01124   8.07424  0.00069  0.02800   1.77518     False
    bar1530        ridge       2000              2000    15:30      common  1475 2018-06-15           0.15365       0.14438  0.00927   6.41940  0.00098  0.02111   1.91237     False
    bar1530        ridge       2000              2000    15:30 deck period  1087 2020-01-03           0.15040       0.13916  0.01124   8.07424  0.00069  0.02800   1.77518     False
    bar1600     reclasso        500               500 all bars      common  2969 2012-07-03           0.12328       0.12999 -0.00671  -5.16552 -0.01002 -0.00344  -4.20961      True
    bar1600     reclasso        500               500 all bars deck period  1087 2020-01-03           0.11356       0.11715 -0.00359  -3.06614 -0.00730 -0.00009  -1.85885      True
    bar1600     reclasso        500               500    16:00      common  2969 2012-07-03           0.12328       0.12999 -0.00671  -5.16552 -0.01002 -0.00344  -4.20961      True
    bar1600     reclasso        500               500    16:00 deck period  1087 2020-01-03           0.11356       0.11715 -0.00359  -3.06614 -0.00730 -0.00009  -1.85885      True
    bar1600     reclasso       2000               500 all bars      common  1469 2018-06-25           0.11785       0.13235 -0.01451 -10.96223 -0.02167 -0.00841  -4.81845      True
    bar1600     reclasso       2000               500 all bars deck period  1087 2020-01-03           0.10392       0.11715 -0.01324 -11.29894 -0.01937 -0.00748  -4.23964      True
    bar1600     reclasso       2000               500    16:00      common  1469 2018-06-25           0.11785       0.13235 -0.01451 -10.96223 -0.02167 -0.00841  -4.81845      True
    bar1600     reclasso       2000               500    16:00 deck period  1087 2020-01-03           0.10392       0.11715 -0.01324 -11.29894 -0.01937 -0.00748  -4.23964      True
    bar1600     reclasso       2000              2000 all bars      common  1469 2018-06-25           0.11785       0.13280 -0.01495 -11.26024 -0.02065 -0.00972  -5.77305      True
    bar1600     reclasso       2000              2000 all bars deck period  1087 2020-01-03           0.10392       0.11866 -0.01474 -12.42530 -0.01928 -0.01032  -5.91592      True
    bar1600     reclasso       2000              2000    16:00      common  1469 2018-06-25           0.11785       0.13280 -0.01495 -11.26024 -0.02065 -0.00972  -5.77305      True
    bar1600     reclasso       2000              2000    16:00 deck period  1087 2020-01-03           0.10392       0.11866 -0.01474 -12.42530 -0.01928 -0.01032  -5.91592      True
    bar1600 reclasticnet        500               500 all bars      common  2969 2012-07-03           0.12191       0.12956 -0.00764  -5.90020 -0.01131 -0.00403  -4.38672      True
    bar1600 reclasticnet        500               500 all bars deck period  1087 2020-01-03           0.11200       0.11686 -0.00486  -4.15536 -0.00912 -0.00082  -2.18525      True
    bar1600 reclasticnet        500               500    16:00      common  2969 2012-07-03           0.12191       0.12956 -0.00764  -5.90020 -0.01131 -0.00403  -4.38672      True
    bar1600 reclasticnet        500               500    16:00 deck period  1087 2020-01-03           0.11200       0.11686 -0.00486  -4.15536 -0.00912 -0.00082  -2.18525      True
    bar1600 reclasticnet       2000               500 all bars      common  1469 2018-06-25           0.11789       0.13241 -0.01452 -10.96591 -0.02129 -0.00845  -5.04200      True
    bar1600 reclasticnet       2000               500 all bars deck period  1087 2020-01-03           0.10497       0.11686 -0.01188 -10.16973 -0.01727 -0.00668  -4.41848      True
    bar1600 reclasticnet       2000               500    16:00      common  1469 2018-06-25           0.11789       0.13241 -0.01452 -10.96591 -0.02129 -0.00845  -5.04200      True
    bar1600 reclasticnet       2000               500    16:00 deck period  1087 2020-01-03           0.10497       0.11686 -0.01188 -10.16973 -0.01727 -0.00668  -4.41848      True
    bar1600 reclasticnet       2000              2000 all bars      common  1469 2018-06-25           0.11789       0.13264 -0.01475 -11.11786 -0.02052 -0.00955  -5.90438      True
    bar1600 reclasticnet       2000              2000 all bars deck period  1087 2020-01-03           0.10497       0.11852 -0.01355 -11.43213 -0.01793 -0.00937  -6.01228      True
    bar1600 reclasticnet       2000              2000    16:00      common  1469 2018-06-25           0.11789       0.13264 -0.01475 -11.11786 -0.02052 -0.00955  -5.90438      True
    bar1600 reclasticnet       2000              2000    16:00 deck period  1087 2020-01-03           0.10497       0.11852 -0.01355 -11.43213 -0.01793 -0.00937  -6.01228      True
    bar1600        ridge        500               500 all bars      common  2969 2012-07-03           0.12177       0.12993 -0.00817  -6.28577 -0.01220 -0.00419  -4.11375      True
    bar1600        ridge        500               500 all bars deck period  1087 2020-01-03           0.11230       0.11699 -0.00468  -4.00400 -0.01111  0.00121  -1.40525     False
    bar1600        ridge        500               500    16:00      common  2969 2012-07-03           0.12177       0.12993 -0.00817  -6.28577 -0.01220 -0.00419  -4.11375      True
    bar1600        ridge        500               500    16:00 deck period  1087 2020-01-03           0.11230       0.11699 -0.00468  -4.00400 -0.01111  0.00121  -1.40525     False
    bar1600        ridge       2000               500 all bars      common  1469 2018-06-25           0.11831       0.13260 -0.01429 -10.77809 -0.02206 -0.00808  -4.62036      True
    bar1600        ridge       2000               500 all bars deck period  1087 2020-01-03           0.10735       0.11699 -0.00963  -8.23512 -0.01509 -0.00449  -3.54695      True
    bar1600        ridge       2000               500    16:00      common  1469 2018-06-25           0.11831       0.13260 -0.01429 -10.77809 -0.02206 -0.00808  -4.62036      True
    bar1600        ridge       2000               500    16:00 deck period  1087 2020-01-03           0.10735       0.11699 -0.00963  -8.23512 -0.01509 -0.00449  -3.54695      True
    bar1600        ridge       2000              2000 all bars      common  1469 2018-06-25           0.11831       0.13329 -0.01498 -11.23705 -0.02087 -0.00962  -5.70334      True
    bar1600        ridge       2000              2000 all bars deck period  1087 2020-01-03           0.10735       0.11931 -0.01196 -10.02456 -0.01604 -0.00791  -5.45215      True
    bar1600        ridge       2000              2000    16:00      common  1469 2018-06-25           0.11831       0.13329 -0.01498 -11.23705 -0.02087 -0.00962  -5.70334      True
    bar1600        ridge       2000              2000    16:00 deck period  1087 2020-01-03           0.10735       0.11931 -0.01196 -10.02456 -0.01604 -0.00791  -5.45215      True
  blk_close     reclasso        500               500 all bars      common  9069 2006-04-10           0.12194       0.12764 -0.00570  -4.46379 -0.00782 -0.00363  -6.34501      True
  blk_close     reclasso        500               500 all bars deck period  2174 2020-01-03           0.12310       0.12457 -0.00146  -1.17490 -0.00473  0.00180  -1.02003     False
  blk_close     reclasso        500               500    15:30      common  4535 2006-04-10           0.12681       0.12998 -0.00317  -2.44025 -0.00568 -0.00064  -2.64680      True
  blk_close     reclasso        500               500    15:30 deck period  1087 2020-01-03           0.13372       0.13198  0.00174   1.31835 -0.00284  0.00645   0.78787     False
  blk_close     reclasso        500               500    16:00      common  4534 2006-04-10           0.11708       0.12530 -0.00822  -6.56335 -0.01111 -0.00564  -6.44531      True
  blk_close     reclasso        500               500    16:00 deck period  1087 2020-01-03           0.11249       0.11715 -0.00467  -3.98359 -0.00946 -0.00036  -2.20024      True
  blk_close     reclasso       2000               500 all bars      common  6069 2012-03-29           0.12323       0.13132 -0.00810  -6.16445 -0.01070 -0.00546  -7.32355      True
  blk_close     reclasso       2000               500 all bars deck period  2174 2020-01-03           0.12176       0.12457 -0.00280  -2.24869 -0.00639  0.00101  -1.47529     False
  blk_close     reclasso       2000               500    15:30      common  3034 2012-03-30           0.12899       0.13324 -0.00424  -3.18558 -0.00759 -0.00073  -2.64350      True
  blk_close     reclasso       2000               500    15:30 deck period  1087 2020-01-03           0.13596       0.13198  0.00398   3.01833 -0.00126  0.01036   1.38813     False
  blk_close     reclasso       2000               500    16:00      common  3035 2012-03-29           0.11746       0.12941 -0.01195  -9.23043 -0.01529 -0.00863  -7.62943      True
  blk_close     reclasso       2000               500    16:00 deck period  1087 2020-01-03           0.10757       0.11715 -0.00959  -8.18210 -0.01492 -0.00421  -3.47931      True
  blk_close     reclasso       2000              2000 all bars      common  6069 2012-03-29           0.12323       0.13262 -0.00939  -7.08030 -0.01160 -0.00720  -9.67241      True
  blk_close     reclasso       2000              2000 all bars deck period  2174 2020-01-03           0.12176       0.13009 -0.00833  -6.40276 -0.01231 -0.00412  -4.56689      True
  blk_close     reclasso       2000              2000    15:30      common  3034 2012-03-30           0.12899       0.13632 -0.00733  -5.37354 -0.01013 -0.00438  -5.38071      True
  blk_close     reclasso       2000              2000    15:30 deck period  1087 2020-01-03           0.13596       0.14153 -0.00557  -3.93334 -0.01156  0.00107  -1.97299     False
  blk_close     reclasso       2000              2000    16:00      common  3035 2012-03-29           0.11746       0.12892 -0.01145  -8.88444 -0.01418 -0.00891  -8.74915      True
  blk_close     reclasso       2000              2000    16:00 deck period  1087 2020-01-03           0.10757       0.11866 -0.01109  -9.34804 -0.01502 -0.00724  -5.13165      True
  blk_close reclasticnet        500               500 all bars      common  9069 2006-04-10           0.12205       0.12753 -0.00549  -4.30107 -0.00768 -0.00338  -5.98531      True
  blk_close reclasticnet        500               500 all bars deck period  2174 2020-01-03           0.12362       0.12483 -0.00122  -0.97546 -0.00519  0.00277  -0.72783     False
  blk_close reclasticnet        500               500    15:30      common  4535 2006-04-10           0.12756       0.13007 -0.00251  -1.93009 -0.00512  0.00017  -2.04156     False
  blk_close reclasticnet        500               500    15:30 deck period  1087 2020-01-03           0.13579       0.13281  0.00298   2.24307 -0.00255  0.00950   1.09473     False
  blk_close reclasticnet        500               500    16:00      common  4534 2006-04-10           0.11653       0.12499 -0.00846  -6.76907 -0.01156 -0.00570  -6.37201      True
  blk_close reclasticnet        500               500    16:00 deck period  1087 2020-01-03           0.11144       0.11686 -0.00541  -4.63330 -0.01046 -0.00111  -2.52299      True
  blk_close reclasticnet       2000               500 all bars      common  6069 2012-03-29           0.12311       0.13114 -0.00804  -6.12818 -0.01078 -0.00533  -7.19647      True
  blk_close reclasticnet       2000               500 all bars deck period  2174 2020-01-03           0.12144       0.12483 -0.00339  -2.71554 -0.00714  0.00077  -1.76239     False
  blk_close reclasticnet       2000               500    15:30      common  3034 2012-03-30           0.12849       0.13331 -0.00482  -3.61352 -0.00815 -0.00126  -3.03546      True
  blk_close reclasticnet       2000               500    15:30 deck period  1087 2020-01-03           0.13462       0.13281  0.00181   1.36018 -0.00370  0.00792   0.64920     False
  blk_close reclasticnet       2000               500    16:00      common  3035 2012-03-29           0.11772       0.12898 -0.01126  -8.72639 -0.01468 -0.00795  -7.15099      True
  blk_close reclasticnet       2000               500    16:00 deck period  1087 2020-01-03           0.10827       0.11686 -0.00859  -7.34758 -0.01393 -0.00315  -3.12703      True
  blk_close reclasticnet       2000              2000 all bars      common  6069 2012-03-29           0.12311       0.13243 -0.00932  -7.03983 -0.01147 -0.00715  -9.69351      True
  blk_close reclasticnet       2000              2000 all bars deck period  2174 2020-01-03           0.12144       0.12986 -0.00842  -6.48345 -0.01228 -0.00424  -4.75337      True
  blk_close reclasticnet       2000              2000    15:30      common  3034 2012-03-30           0.12849       0.13603 -0.00754  -5.54514 -0.01020 -0.00473  -5.78577      True
  blk_close reclasticnet       2000              2000    15:30 deck period  1087 2020-01-03           0.13462       0.14120 -0.00659  -4.66518 -0.01218 -0.00034  -2.55594      True
  blk_close reclasticnet       2000              2000    16:00      common  3035 2012-03-29           0.11772       0.12883 -0.01110  -8.61765 -0.01385 -0.00856  -8.38830      True
  blk_close reclasticnet       2000              2000    16:00 deck period  1087 2020-01-03           0.10827       0.11852 -0.01025  -8.64964 -0.01438 -0.00607  -4.62318      True
  blk_close        ridge        500               500 all bars      common  9069 2006-04-10           0.12241       0.12748 -0.00507  -3.97893 -0.00726 -0.00299  -5.43406      True
  blk_close        ridge        500               500 all bars deck period  2174 2020-01-03           0.12449       0.12484 -0.00036  -0.28497 -0.00461  0.00369  -0.17675     False
  blk_close        ridge        500               500    15:30      common  4535 2006-04-10           0.12876       0.12964 -0.00088  -0.67871 -0.00347  0.00168  -0.71005     False
  blk_close        ridge        500               500    15:30 deck period  1087 2020-01-03           0.13708       0.13270  0.00438   3.30179 -0.00153  0.01012   1.54511     False
  blk_close        ridge        500               500    16:00      common  4534 2006-04-10           0.11605       0.12531 -0.00927  -7.39390 -0.01207 -0.00681  -7.30471      True
  blk_close        ridge        500               500    16:00 deck period  1087 2020-01-03           0.11189       0.11699 -0.00509  -4.35354 -0.01132  0.00054  -1.76989     False
  blk_close        ridge       2000               500 all bars      common  6069 2012-03-29           0.12344       0.13112 -0.00768  -5.85994 -0.01032 -0.00499  -6.75823      True
  blk_close        ridge       2000               500 all bars deck period  2174 2020-01-03           0.12201       0.12484 -0.00283  -2.26608 -0.00657  0.00136  -1.43437     False
  blk_close        ridge       2000               500    15:30      common  3034 2012-03-30           0.12920       0.13293 -0.00373  -2.80286 -0.00709  0.00002  -2.21793     False
  blk_close        ridge       2000               500    15:30 deck period  1087 2020-01-03           0.13633       0.13270  0.00363   2.73181 -0.00205  0.01040   1.16354     False
  blk_close        ridge       2000               500    16:00      common  3035 2012-03-29           0.11768       0.12932 -0.01164  -9.00127 -0.01491 -0.00834  -7.44434      True
  blk_close        ridge       2000               500    16:00 deck period  1087 2020-01-03           0.10770       0.11699 -0.00928  -7.93533 -0.01437 -0.00390  -3.40701      True
  blk_close        ridge       2000              2000 all bars      common  6069 2012-03-29           0.12344       0.13220 -0.00876  -6.62776 -0.01096 -0.00647  -8.95368      True
  blk_close        ridge       2000              2000 all bars deck period  2174 2020-01-03           0.12201       0.12924 -0.00722  -5.58822 -0.01122 -0.00277  -3.95671      True
  blk_close        ridge       2000              2000    15:30      common  3034 2012-03-30           0.12920       0.13468 -0.00548  -4.06547 -0.00829 -0.00234  -3.89407      True
  blk_close        ridge       2000              2000    15:30 deck period  1087 2020-01-03           0.13633       0.13916 -0.00283  -2.03664 -0.00882  0.00457  -0.95990     False
  blk_close        ridge       2000              2000    16:00      common  3035 2012-03-29           0.11768       0.12973 -0.01205  -9.28695 -0.01471 -0.00949  -9.13790      True
  blk_close        ridge       2000              2000    16:00 deck period  1087 2020-01-03           0.10770       0.11931 -0.01161  -9.73061 -0.01546 -0.00765  -5.40290      True
   blk_core     reclasso        500               500 all bars      common 40156 2001-10-11           0.13068       0.13789 -0.00721  -5.22561 -0.00919 -0.00685 -16.43797      True
   blk_core     reclasso        500               500 all bars deck period  7756 2020-01-03           0.15098       0.15828 -0.00731  -4.61617 -0.01194 -0.00499  -5.95977      True
   blk_core     reclasso        500               500    11:00      common  5797 2001-10-11           0.11406       0.11952 -0.00546  -4.57148 -0.00691 -0.00406  -7.52065      True
   blk_core     reclasso        500               500    11:00 deck period  1116 2020-01-03           0.14150       0.14635 -0.00485  -3.31209 -0.00909 -0.00034  -2.28348      True
   blk_core     reclasso        500               500    11:30      common  5799 2001-10-11           0.11918       0.12572 -0.00655  -5.20764 -0.00819 -0.00487  -8.46855      True
   blk_core     reclasso        500               500    11:30 deck period  1116 2020-01-03           0.13644       0.14374 -0.00730  -5.08001 -0.01147 -0.00229  -3.42861      True
   blk_core     reclasso        500               500    12:00      common  5738 2001-10-11           0.12258       0.12983 -0.00725  -5.58125 -0.00878 -0.00569  -9.35407      True
   blk_core     reclasso        500               500    12:00 deck period  1116 2020-01-03           0.12862       0.13872 -0.01009  -7.27714 -0.01421 -0.00583  -4.93728      True
   blk_core     reclasso        500               500    12:30      common  5738 2001-10-11           0.13898       0.14629 -0.00731  -4.99652 -0.00915 -0.00548  -8.37271      True
   blk_core     reclasso        500               500    12:30 deck period  1116 2020-01-03           0.14099       0.15234 -0.01136  -7.45538 -0.01525 -0.00761  -5.70482      True
   blk_core     reclasso        500               500    13:00      common  5738 2001-10-11           0.13959       0.14655 -0.00697  -4.75356 -0.00901 -0.00494  -6.95817      True
   blk_core     reclasso        500               500    13:00 deck period  1116 2020-01-03           0.16396       0.17077 -0.00681  -3.98709 -0.01358 -0.00011  -2.26871      True
   blk_core     reclasso        500               500    13:30      common  5677 2001-10-11           0.14457       0.15364 -0.00907  -5.90605 -0.01130 -0.00687  -8.05856      True
   blk_core     reclasso        500               500    13:30 deck period  1088 2020-01-03           0.17332       0.17833 -0.00501  -2.80807 -0.01200  0.00235  -1.54263     False
   blk_core     reclasso        500               500    14:00      common  5669 2001-10-11           0.13632       0.14420 -0.00788  -5.46676 -0.01031 -0.00527  -6.50785      True
   blk_core     reclasso        500               500    14:00 deck period  1088 2020-01-03           0.17313       0.17876 -0.00563  -3.14888 -0.01279  0.00200  -1.47750     False
   blk_core     reclasso       2000               500 all bars      common 29656 2007-09-19           0.13844       0.14295 -0.00450  -3.15006 -0.00615 -0.00336  -9.70548      True
   blk_core     reclasso       2000               500 all bars deck period  7756 2020-01-03           0.15849       0.15828  0.00020   0.12727 -0.00246  0.00288   0.22183     False
   blk_core     reclasso       2000               500    11:00      common  4282 2007-09-20           0.12160       0.12455 -0.00295  -2.36709 -0.00456 -0.00133  -3.76459      True
   blk_core     reclasso       2000               500    11:00 deck period  1116 2020-01-03           0.14854       0.14635  0.00219   1.49417 -0.00087  0.00534   1.44250     False
   blk_core     reclasso       2000               500    11:30      common  4282 2007-09-20           0.12665       0.13113 -0.00448  -3.41690 -0.00618 -0.00265  -5.56433      True
   blk_core     reclasso       2000               500    11:30 deck period  1116 2020-01-03           0.14419       0.14374  0.00045   0.31516 -0.00283  0.00378   0.28659     False
   blk_core     reclasso       2000               500    12:00      common  4243 2007-09-20           0.12965       0.13280 -0.00314  -2.36823 -0.00497 -0.00147  -3.68903      True
   blk_core     reclasso       2000               500    12:00 deck period  1116 2020-01-03           0.13851       0.13872 -0.00021  -0.15123 -0.00351  0.00310  -0.13734     False
   blk_core     reclasso       2000               500    12:30      common  4244 2007-09-19           0.14006       0.14347 -0.00341  -2.37808 -0.00530 -0.00158  -4.02949      True
   blk_core     reclasso       2000               500    12:30 deck period  1116 2020-01-03           0.15491       0.15234  0.00257   1.68625 -0.00080  0.00597   1.64904     False
   blk_core     reclasso       2000               500    13:00      common  4244 2007-09-19           0.15262       0.15681 -0.00419  -2.67447 -0.00672 -0.00162  -3.43939      True
   blk_core     reclasso       2000               500    13:00 deck period  1116 2020-01-03           0.16929       0.17077 -0.00148  -0.86635 -0.00648  0.00261  -0.62358     False
   blk_core     reclasso       2000               500    13:30      common  4183 2007-09-19           0.15423       0.16180 -0.00757  -4.67985 -0.00976 -0.00545  -7.14461      True
   blk_core     reclasso       2000               500    13:30 deck period  1088 2020-01-03           0.17525       0.17833 -0.00308  -1.72594 -0.00659  0.00053  -1.65724     False
   blk_core     reclasso       2000               500    14:00      common  4178 2007-09-19           0.14489       0.15074 -0.00585  -3.87958 -0.00837 -0.00308  -4.34060      True
   blk_core     reclasso       2000               500    14:00 deck period  1088 2020-01-03           0.17966       0.17876  0.00090   0.50566 -0.00525  0.00887   0.25095     False
   blk_core     reclasso       2000              2000 all bars      common 29195 2007-12-21           0.13887       0.14538 -0.00650  -4.47385 -0.00799 -0.00604 -16.91489      True
   blk_core     reclasso       2000              2000 all bars deck period  7756 2020-01-03           0.15849       0.16714 -0.00866  -5.17982 -0.01171 -0.00701  -9.56915      True
   blk_core     reclasso       2000              2000    11:00      common  4216 2007-12-21           0.12204       0.12642 -0.00438  -3.46562 -0.00547 -0.00332  -7.54263      True
   blk_core     reclasso       2000              2000    11:00 deck period  1116 2020-01-03           0.14854       0.15473 -0.00619  -4.00043 -0.00878 -0.00356  -4.56508      True
   blk_core     reclasso       2000              2000    11:30      common  4216 2007-12-21           0.12678       0.13312 -0.00634  -4.76442 -0.00751 -0.00513 -10.60470      True
   blk_core     reclasso       2000              2000    11:30 deck period  1116 2020-01-03           0.14419       0.15397 -0.00978  -6.35365 -0.01252 -0.00681  -7.10551      True
   blk_core     reclasso       2000              2000    12:00      common  4178 2007-12-21           0.13007       0.13672 -0.00665  -4.86433 -0.00795 -0.00537 -10.77860      True
   blk_core     reclasso       2000              2000    12:00 deck period  1116 2020-01-03           0.13851       0.14941 -0.01090  -7.29835 -0.01380 -0.00799  -8.11837      True
   blk_core     reclasso       2000              2000    12:30      common  4178 2007-12-21           0.14081       0.14733 -0.00652  -4.42499 -0.00793 -0.00523  -9.62773      True
   blk_core     reclasso       2000              2000    12:30 deck period  1116 2020-01-03           0.15491       0.16413 -0.00921  -5.61264 -0.01183 -0.00644  -6.45872      True
   blk_core     reclasso       2000              2000    13:00      common  4178 2007-12-21           0.15267       0.15849 -0.00583  -3.67762 -0.00760 -0.00373  -6.26071      True
   blk_core     reclasso       2000              2000    13:00 deck period  1116 2020-01-03           0.16929       0.17757 -0.00828  -4.66408 -0.01155 -0.00465  -4.60756      True
   blk_core     reclasso       2000              2000    13:30      common  4117 2007-12-21           0.15451       0.16193 -0.00743  -4.58673 -0.00921 -0.00552  -8.23771      True
   blk_core     reclasso       2000              2000    13:30 deck period  1088 2020-01-03           0.17525       0.18079 -0.00554  -3.06315 -0.01031 -0.00103  -2.63018      True
   blk_core     reclasso       2000              2000    14:00      common  4112 2007-12-21           0.14585       0.15429 -0.00844  -5.47205 -0.01065 -0.00625  -7.69149      True
   blk_core     reclasso       2000              2000    14:00 deck period  1088 2020-01-03           0.17966       0.19033 -0.01067  -5.60461 -0.01551 -0.00462  -3.79767      True
   blk_core reclasticnet        500               500 all bars      common 40156 2001-10-11           0.13048       0.13778 -0.00729  -5.29323 -0.00922 -0.00692 -16.64477      True
   blk_core reclasticnet        500               500 all bars deck period  7756 2020-01-03           0.15082       0.15880 -0.00798  -5.02469 -0.01278 -0.00554  -6.33340      True
   blk_core reclasticnet        500               500    11:00      common  5797 2001-10-11           0.11408       0.11955 -0.00547  -4.57419 -0.00690 -0.00414  -7.65584      True
   blk_core reclasticnet        500               500    11:00 deck period  1116 2020-01-03           0.14161       0.14718 -0.00557  -3.78608 -0.00987 -0.00108  -2.70785      True
   blk_core reclasticnet        500               500    11:30      common  5799 2001-10-11           0.11880       0.12571 -0.00692  -5.50171 -0.00855 -0.00527  -9.03106      True
   blk_core reclasticnet        500               500    11:30 deck period  1116 2020-01-03           0.13600       0.14438 -0.00837  -5.80077 -0.01270 -0.00337  -3.93040      True
   blk_core reclasticnet        500               500    12:00      common  5738 2001-10-11           0.12250       0.12991 -0.00742  -5.70801 -0.00891 -0.00592  -9.82514      True
   blk_core reclasticnet        500               500    12:00 deck period  1116 2020-01-03           0.12900       0.13963 -0.01063  -7.61256 -0.01489 -0.00632  -4.97729      True
   blk_core reclasticnet        500               500    12:30      common  5738 2001-10-11           0.13882       0.14614 -0.00732  -5.01109 -0.00922 -0.00549  -8.25978      True
   blk_core reclasticnet        500               500    12:30 deck period  1116 2020-01-03           0.14067       0.15272 -0.01205  -7.89321 -0.01631 -0.00824  -5.84605      True
   blk_core reclasticnet        500               500    13:00      common  5738 2001-10-11           0.13941       0.14631 -0.00691  -4.72122 -0.00900 -0.00485  -6.85534      True
   blk_core reclasticnet        500               500    13:00 deck period  1116 2020-01-03           0.16367       0.17122 -0.00756  -4.41310 -0.01414 -0.00109  -2.52645      True
   blk_core reclasticnet        500               500    13:30      common  5677 2001-10-11           0.14411       0.15328 -0.00917  -5.98231 -0.01133 -0.00701  -8.25915      True
   blk_core reclasticnet        500               500    13:30 deck period  1088 2020-01-03           0.17298       0.17832 -0.00534  -2.99428 -0.01246  0.00195  -1.63978     False
   blk_core reclasticnet        500               500    14:00      common  5669 2001-10-11           0.13619       0.14409 -0.00790  -5.48219 -0.01031 -0.00517  -6.35833      True
   blk_core reclasticnet        500               500    14:00 deck period  1088 2020-01-03           0.17294       0.17915 -0.00622  -3.47035 -0.01375  0.00200  -1.57116     False
   blk_core reclasticnet       2000               500 all bars      common 29656 2007-09-19           0.13817       0.14290 -0.00473  -3.31078 -0.00641 -0.00356 -10.15464      True
   blk_core reclasticnet       2000               500 all bars deck period  7756 2020-01-03           0.15772       0.15880 -0.00108  -0.67986 -0.00389  0.00167  -1.18467     False
   blk_core reclasticnet       2000               500    11:00      common  4282 2007-09-20           0.12145       0.12466 -0.00321  -2.57609 -0.00487 -0.00157  -4.07576      True
   blk_core reclasticnet       2000               500    11:00 deck period  1116 2020-01-03           0.14799       0.14718  0.00081   0.55204 -0.00225  0.00414   0.53452     False
   blk_core reclasticnet       2000               500    11:30      common  4282 2007-09-20           0.12654       0.13115 -0.00461  -3.51518 -0.00636 -0.00275  -5.61420      True
   blk_core reclasticnet       2000               500    11:30 deck period  1116 2020-01-03           0.14390       0.14438 -0.00047  -0.32737 -0.00380  0.00292  -0.29622     False
   blk_core reclasticnet       2000               500    12:00      common  4243 2007-09-20           0.12940       0.13300 -0.00360  -2.70416 -0.00546 -0.00186  -4.15452      True
   blk_core reclasticnet       2000               500    12:00 deck period  1116 2020-01-03           0.13760       0.13963 -0.00203  -1.45263 -0.00558  0.00138  -1.29433     False
   blk_core reclasticnet       2000               500    12:30      common  4244 2007-09-19           0.13988       0.14332 -0.00343  -2.39571 -0.00532 -0.00148  -3.98205      True
   blk_core reclasticnet       2000               500    12:30 deck period  1116 2020-01-03           0.15429       0.15272  0.00157   1.03097 -0.00185  0.00484   1.04383     False
   blk_core reclasticnet       2000               500    13:00      common  4244 2007-09-19           0.15210       0.15669 -0.00459  -2.92963 -0.00722 -0.00184  -3.70825      True
   blk_core reclasticnet       2000               500    13:00 deck period  1116 2020-01-03           0.16786       0.17122 -0.00336  -1.96398 -0.00826  0.00073  -1.43795     False
   blk_core reclasticnet       2000               500    13:30      common  4183 2007-09-19           0.15372       0.16138 -0.00766  -4.74716 -0.00978 -0.00557  -7.27676      True
   blk_core reclasticnet       2000               500    13:30 deck period  1088 2020-01-03           0.17418       0.17832 -0.00414  -2.32148 -0.00746 -0.00028  -2.21892      True
   blk_core reclasticnet       2000               500    14:00      common  4178 2007-09-19           0.14466       0.15075 -0.00609  -4.04130 -0.00865 -0.00324  -4.55612      True
   blk_core reclasticnet       2000               500    14:00 deck period  1088 2020-01-03           0.17916       0.17915  0.00001   0.00535 -0.00636  0.00824   0.00267     False
   blk_core reclasticnet       2000              2000 all bars      common 29195 2007-12-21           0.13860       0.14525 -0.00665  -4.57971 -0.00817 -0.00616 -17.12049      True
   blk_core reclasticnet       2000              2000 all bars deck period  7756 2020-01-03           0.15772       0.16711 -0.00939  -5.61851 -0.01233 -0.00798 -10.30167      True
   blk_core reclasticnet       2000              2000    11:00      common  4216 2007-12-21           0.12189       0.12616 -0.00427  -3.38612 -0.00539 -0.00319  -7.23776      True
   blk_core reclasticnet       2000              2000    11:00 deck period  1116 2020-01-03           0.14799       0.15478 -0.00679  -4.38715 -0.00928 -0.00418  -5.11046      True
   blk_core reclasticnet       2000              2000    11:30      common  4216 2007-12-21           0.12668       0.13312 -0.00643  -4.83410 -0.00760 -0.00523 -10.85573      True
   blk_core reclasticnet       2000              2000    11:30 deck period  1116 2020-01-03           0.14390       0.15410 -0.01020  -6.61854 -0.01281 -0.00729  -7.69839      True
   blk_core reclasticnet       2000              2000    12:00      common  4178 2007-12-21           0.12982       0.13636 -0.00655  -4.80060 -0.00788 -0.00525 -10.26561      True
   blk_core reclasticnet       2000              2000    12:00 deck period  1116 2020-01-03           0.13760       0.14921 -0.01161  -7.78015 -0.01441 -0.00882  -8.67751      True
   blk_core reclasticnet       2000              2000    12:30      common  4178 2007-12-21           0.14064       0.14732 -0.00668  -4.53316 -0.00805 -0.00546 -10.03771      True
   blk_core reclasticnet       2000              2000    12:30 deck period  1116 2020-01-03           0.15429       0.16443 -0.01013  -6.16296 -0.01262 -0.00765  -7.25374      True
   blk_core reclasticnet       2000              2000    13:00      common  4178 2007-12-21           0.15214       0.15834 -0.00620  -3.91786 -0.00795 -0.00410  -6.71326      True
   blk_core reclasticnet       2000              2000    13:00 deck period  1116 2020-01-03           0.16786       0.17747 -0.00961  -5.41527 -0.01261 -0.00641  -5.44201      True
   blk_core reclasticnet       2000              2000    13:30      common  4117 2007-12-21           0.15399       0.16176 -0.00777  -4.80179 -0.00957 -0.00583  -8.57777      True
   blk_core reclasticnet       2000              2000    13:30 deck period  1088 2020-01-03           0.17418       0.18073 -0.00656  -3.62774 -0.01125 -0.00217  -3.10104      True
   blk_core reclasticnet       2000              2000    14:00      common  4112 2007-12-21           0.14562       0.15435 -0.00873  -5.65877 -0.01099 -0.00645  -7.77570      True
   blk_core reclasticnet       2000              2000    14:00 deck period  1088 2020-01-03           0.17916       0.18995 -0.01079  -5.67935 -0.01593 -0.00434  -3.68395      True
   blk_core        ridge        500               500 all bars      common 40156 2001-10-11           0.13125       0.13768 -0.00643  -4.66960 -0.00822 -0.00578 -14.51719      True
   blk_core        ridge        500               500 all bars deck period  7756 2020-01-03           0.15205       0.15785 -0.00580  -3.67403 -0.00990 -0.00267  -4.88421      True
   blk_core        ridge        500               500    11:00      common  5797 2001-10-11           0.11483       0.11951 -0.00469  -3.92070 -0.00598 -0.00339  -6.96443      True
   blk_core        ridge        500               500    11:00 deck period  1116 2020-01-03           0.14336       0.14644 -0.00308  -2.10279 -0.00684  0.00072  -1.70661     False
   blk_core        ridge        500               500    11:30      common  5799 2001-10-11           0.11990       0.12591 -0.00601  -4.77697 -0.00759 -0.00455  -8.27573      True
   blk_core        ridge        500               500    11:30 deck period  1116 2020-01-03           0.13887       0.14421 -0.00534  -3.70600 -0.00920 -0.00155  -3.14342      True
   blk_core        ridge        500               500    12:00      common  5738 2001-10-11           0.12396       0.13003 -0.00606  -4.66132 -0.00756 -0.00460  -8.23235      True
   blk_core        ridge        500               500    12:00 deck period  1116 2020-01-03           0.13297       0.13911 -0.00614  -4.41257 -0.00980 -0.00241  -3.33791      True
   blk_core        ridge        500               500    12:30      common  5738 2001-10-11           0.14003       0.14595 -0.00593  -4.05988 -0.00780 -0.00406  -6.54341      True
   blk_core        ridge        500               500    12:30 deck period  1116 2020-01-03           0.14413       0.15232 -0.00819  -5.37709 -0.01231 -0.00428  -4.26619      True
   blk_core        ridge        500               500    13:00      common  5738 2001-10-11           0.14034       0.14615 -0.00581  -3.97319 -0.00799 -0.00379  -5.65577      True
   blk_core        ridge        500               500    13:00 deck period  1116 2020-01-03           0.16242       0.17001 -0.00759  -4.46409 -0.01327 -0.00216  -3.30416      True
   blk_core        ridge        500               500    13:30      common  5677 2001-10-11           0.14327       0.15283 -0.00957  -6.25878 -0.01159 -0.00762  -9.30758      True
   blk_core        ridge        500               500    13:30 deck period  1088 2020-01-03           0.16816       0.17624 -0.00808  -4.58200 -0.01335 -0.00266  -3.24782      True
   blk_core        ridge        500               500    14:00      common  5669 2001-10-11           0.13694       0.14395 -0.00701  -4.86868 -0.00978 -0.00396  -5.05131      True
   blk_core        ridge        500               500    14:00 deck period  1088 2020-01-03           0.17541       0.17755 -0.00214  -1.20725 -0.01160  0.00959  -0.42533     False
   blk_core        ridge       2000               500 all bars      common 29656 2007-09-19           0.13795       0.14267 -0.00472  -3.30573 -0.00642 -0.00346  -9.83457      True
   blk_core        ridge       2000               500 all bars deck period  7756 2020-01-03           0.15727       0.15785 -0.00058  -0.36505 -0.00326  0.00233  -0.63057     False
   blk_core        ridge       2000               500    11:00      common  4282 2007-09-20           0.12130       0.12452 -0.00323  -2.58995 -0.00487 -0.00161  -4.13811      True
   blk_core        ridge       2000               500    11:00 deck period  1116 2020-01-03           0.14761       0.14644  0.00117   0.79669 -0.00188  0.00447   0.77525     False
   blk_core        ridge       2000               500    11:30      common  4282 2007-09-20           0.12676       0.13125 -0.00449  -3.41969 -0.00626 -0.00259  -5.36592      True
   blk_core        ridge       2000               500    11:30 deck period  1116 2020-01-03           0.14467       0.14421  0.00046   0.31590 -0.00280  0.00395   0.28351     False
   blk_core        ridge       2000               500    12:00      common  4243 2007-09-20           0.12915       0.13298 -0.00383  -2.87933 -0.00579 -0.00206  -4.48502      True
   blk_core        ridge       2000               500    12:00 deck period  1116 2020-01-03           0.13745       0.13911 -0.00166  -1.19374 -0.00526  0.00199  -1.01648     False
   blk_core        ridge       2000               500    12:30      common  4244 2007-09-19           0.13971       0.14319 -0.00347  -2.42536 -0.00536 -0.00150  -3.83571      True
   blk_core        ridge       2000               500    12:30 deck period  1116 2020-01-03           0.15401       0.15232  0.00169   1.10956 -0.00150  0.00499   0.99954     False
   blk_core        ridge       2000               500    13:00      common  4244 2007-09-19           0.15188       0.15638 -0.00449  -2.87289 -0.00727 -0.00151  -3.40558      True
   blk_core        ridge       2000               500    13:00 deck period  1116 2020-01-03           0.16614       0.17001 -0.00387  -2.27837 -0.00906  0.00046  -1.61609     False
   blk_core        ridge       2000               500    13:30      common  4183 2007-09-19           0.15323       0.16067 -0.00744  -4.63020 -0.00965 -0.00520  -6.93571      True
   blk_core        ridge       2000               500    13:30 deck period  1088 2020-01-03           0.17311       0.17624 -0.00313  -1.77620 -0.00661  0.00080  -1.76980     False
   blk_core        ridge       2000               500    14:00      common  4178 2007-09-19           0.14421       0.15035 -0.00614  -4.08627 -0.00870 -0.00344  -4.67113      True
   blk_core        ridge       2000               500    14:00 deck period  1088 2020-01-03           0.17885       0.17755  0.00130   0.73312 -0.00474  0.00900   0.38407     False
   blk_core        ridge       2000              2000 all bars      common 29195 2007-12-21           0.13838       0.14476 -0.00639  -4.41078 -0.00781 -0.00586 -16.87846      True
   blk_core        ridge       2000              2000 all bars deck period  7756 2020-01-03           0.15727       0.16630 -0.00903  -5.43117 -0.01170 -0.00751 -10.53540      True
   blk_core        ridge       2000              2000    11:00      common  4216 2007-12-21           0.12173       0.12558 -0.00385  -3.06520 -0.00483 -0.00286  -7.30082      True
   blk_core        ridge       2000              2000    11:00 deck period  1116 2020-01-03           0.14761       0.15368 -0.00608  -3.95338 -0.00833 -0.00386  -5.42758      True
   blk_core        ridge       2000              2000    11:30      common  4216 2007-12-21           0.12689       0.13260 -0.00571  -4.30571 -0.00683 -0.00452 -10.38862      True
   blk_core        ridge       2000              2000    11:30 deck period  1116 2020-01-03           0.14467       0.15305 -0.00838  -5.47535 -0.01089 -0.00568  -6.82664      True
   blk_core        ridge       2000              2000    12:00      common  4178 2007-12-21           0.12957       0.13606 -0.00650  -4.77656 -0.00771 -0.00532 -11.29941      True
   blk_core        ridge       2000              2000    12:00 deck period  1116 2020-01-03           0.13745       0.14843 -0.01097  -7.39391 -0.01332 -0.00858  -9.17014      True
   blk_core        ridge       2000              2000    12:30      common  4178 2007-12-21           0.14047       0.14674 -0.00627  -4.27416 -0.00773 -0.00497  -8.79177      True
   blk_core        ridge       2000              2000    12:30 deck period  1116 2020-01-03           0.15401       0.16306 -0.00905  -5.55043 -0.01167 -0.00610  -5.51050      True
   blk_core        ridge       2000              2000    13:00      common  4178 2007-12-21           0.15192       0.15782 -0.00590  -3.73969 -0.00778 -0.00378  -5.99470      True
   blk_core        ridge       2000              2000    13:00 deck period  1116 2020-01-03           0.16614       0.17629 -0.01015  -5.75523 -0.01348 -0.00681  -5.91240      True
   blk_core        ridge       2000              2000    13:30      common  4117 2007-12-21           0.15349       0.16144 -0.00795  -4.92244 -0.00955 -0.00625  -9.54436      True
   blk_core        ridge       2000              2000    13:30 deck period  1088 2020-01-03           0.17311       0.18158 -0.00847  -4.66523 -0.01226 -0.00485  -4.90883      True
   blk_core        ridge       2000              2000    14:00      common  4112 2007-12-21           0.14517       0.15378 -0.00861  -5.59592 -0.01083 -0.00622  -7.47985      True
   blk_core        ridge       2000              2000    14:00 deck period  1088 2020-01-03           0.17885       0.18899 -0.01014  -5.36626 -0.01559 -0.00345  -3.33571      True
   blk_open     reclasso        500               500 all bars      common  9363 2006-03-02           0.12933       0.13063 -0.00129  -0.99056 -0.00291  0.00027  -1.64108     False
   blk_open     reclasso        500               500 all bars deck period  2232 2020-01-03           0.13624       0.13757 -0.00133  -0.97011 -0.00484  0.00189  -0.85607     False
   blk_open     reclasso        500               500    10:00      common  4681 2006-03-03           0.10898       0.11345 -0.00447  -3.93931 -0.00657 -0.00235  -4.10986      True
   blk_open     reclasso        500               500    10:00 deck period  1116 2020-01-03           0.11373       0.11850 -0.00477  -4.02438 -0.00956 -0.00048  -2.40094      True
   blk_open     reclasso        500               500    10:30      common  4682 2006-03-02           0.14968       0.14780  0.00188   1.27246 -0.00025  0.00383   1.82391     False
   blk_open     reclasso        500               500    10:30 deck period  1116 2020-01-03           0.15875       0.15665  0.00210   1.34028 -0.00225  0.00584   0.95327     False
   blk_open     reclasso       2000               500 all bars      common  6363 2011-12-23           0.13266       0.13352 -0.00087  -0.64815 -0.00318  0.00136  -0.75461     False
   blk_open     reclasso       2000               500 all bars deck period  2232 2020-01-03           0.14092       0.13757  0.00334   2.43063 -0.00138  0.00791   1.40443     False
   blk_open     reclasso       2000               500    10:00      common  3181 2011-12-27           0.11275       0.11775 -0.00500  -4.24913 -0.00813 -0.00187  -3.38952      True
   blk_open     reclasso       2000               500    10:00 deck period  1116 2020-01-03           0.11804       0.11850 -0.00046  -0.38517 -0.00621  0.00497  -0.16799     False
   blk_open     reclasso       2000               500    10:30      common  3182 2011-12-23           0.15256       0.14929  0.00327   2.19121  0.00025  0.00607   2.12652     False
   blk_open     reclasso       2000               500    10:30 deck period  1116 2020-01-03           0.16380       0.15665  0.00714   4.56063 -0.00019  0.01324   2.01862     False
   blk_open     reclasso       2000              2000 all bars      common  6363 2011-12-23           0.13266       0.13237  0.00029   0.21755 -0.00118  0.00174   0.41017     False
   blk_open     reclasso       2000              2000 all bars deck period  2232 2020-01-03           0.14092       0.14020  0.00072   0.51559 -0.00185  0.00329   0.59958     False
   blk_open     reclasso       2000              2000    10:00      common  3181 2011-12-27           0.11275       0.11572 -0.00297  -2.56630 -0.00490 -0.00101  -3.18557      True
   blk_open     reclasso       2000              2000    10:00 deck period  1116 2020-01-03           0.11804       0.12008 -0.00203  -1.69439 -0.00547  0.00127  -1.28663     False
   blk_open     reclasso       2000              2000    10:30      common  3182 2011-12-23           0.15256       0.14901  0.00354   2.37865  0.00180  0.00530   3.91969     False
   blk_open     reclasso       2000              2000    10:30 deck period  1116 2020-01-03           0.16380       0.16031  0.00348   2.17087  0.00029  0.00656   2.16947     False
   blk_open reclasticnet        500               500 all bars      common  9363 2006-03-02           0.12901       0.13076 -0.00176  -1.34515 -0.00341 -0.00019  -2.23073      True
   blk_open reclasticnet        500               500 all bars deck period  2232 2020-01-03           0.13605       0.13830 -0.00225  -1.62495 -0.00628  0.00110  -1.43544     False
   blk_open reclasticnet        500               500    10:00      common  4681 2006-03-03           0.10850       0.11365 -0.00515  -4.53285 -0.00740 -0.00288  -4.59415      True
   blk_open reclasticnet        500               500    10:00 deck period  1116 2020-01-03           0.11274       0.11920 -0.00646  -5.41955 -0.01196 -0.00162  -2.98071      True
   blk_open reclasticnet        500               500    10:30      common  4682 2006-03-02           0.14951       0.14788  0.00163   1.10414 -0.00038  0.00357   1.63281     False
   blk_open reclasticnet        500               500    10:30 deck period  1116 2020-01-03           0.15936       0.15740  0.00197   1.24869 -0.00210  0.00561   0.94889     False
   blk_open reclasticnet       2000               500 all bars      common  6363 2011-12-23           0.13218       0.13367 -0.00148  -1.10994 -0.00387  0.00077  -1.28804     False
   blk_open reclasticnet       2000               500 all bars deck period  2232 2020-01-03           0.14039       0.13830  0.00209   1.51206 -0.00288  0.00688   0.87729     False
   blk_open reclasticnet       2000               500    10:00      common  3181 2011-12-27           0.11278       0.11792 -0.00515  -4.36533 -0.00832 -0.00198  -3.45146      True
   blk_open reclasticnet       2000               500    10:00 deck period  1116 2020-01-03           0.11798       0.11920 -0.00122  -1.02129 -0.00726  0.00432  -0.44364     False
   blk_open reclasticnet       2000               500    10:30      common  3182 2011-12-23           0.15158       0.14940  0.00218   1.45872 -0.00077  0.00490   1.41321     False
   blk_open reclasticnet       2000               500    10:30 deck period  1116 2020-01-03           0.16280       0.15740  0.00540   3.43055 -0.00187  0.01171   1.52659     False
   blk_open reclasticnet       2000              2000 all bars      common  6363 2011-12-23           0.13218       0.13226 -0.00008  -0.06041 -0.00162  0.00147  -0.11233     False
   blk_open reclasticnet       2000              2000 all bars deck period  2232 2020-01-03           0.14039       0.13996  0.00043   0.31004 -0.00222  0.00300   0.36316     False
   blk_open reclasticnet       2000              2000    10:00      common  3181 2011-12-27           0.11278       0.11578 -0.00300  -2.59376 -0.00501 -0.00099  -3.18250      True
   blk_open reclasticnet       2000              2000    10:00 deck period  1116 2020-01-03           0.11798       0.12004 -0.00206  -1.71251 -0.00541  0.00122  -1.33499     False
   blk_open reclasticnet       2000              2000    10:30      common  3182 2011-12-23           0.15158       0.14874  0.00284   1.91094  0.00110  0.00465   3.07713     False
   blk_open reclasticnet       2000              2000    10:30 deck period  1116 2020-01-03           0.16280       0.15987  0.00292   1.82859 -0.00017  0.00603   1.82980     False
   blk_open        ridge        500               500 all bars      common  9363 2006-03-02           0.13024       0.13077 -0.00054  -0.41033 -0.00239  0.00133  -0.57696     False
   blk_open        ridge        500               500 all bars deck period  2232 2020-01-03           0.13960       0.13779  0.00182   1.31956 -0.00229  0.00613   0.89555     False
   blk_open        ridge        500               500    10:00      common  4681 2006-03-03           0.10952       0.11346 -0.00395  -3.47794 -0.00633 -0.00153  -3.17782      True
   blk_open        ridge        500               500    10:00 deck period  1116 2020-01-03           0.11695       0.11830 -0.00134  -1.13666 -0.00673  0.00403  -0.53326     False
   blk_open        ridge        500               500    10:30      common  4682 2006-03-02           0.15095       0.14808  0.00287   1.93967  0.00059  0.00512   2.48995     False
   blk_open        ridge        500               500    10:30 deck period  1116 2020-01-03           0.16225       0.15727  0.00498   3.16707  0.00007  0.00973   1.90276     False
   blk_open        ridge       2000               500 all bars      common  6363 2011-12-23           0.13304       0.13362 -0.00058  -0.43196 -0.00292  0.00176  -0.47295     False
   blk_open        ridge       2000               500 all bars deck period  2232 2020-01-03           0.14146       0.13779  0.00367   2.66478 -0.00125  0.00867   1.46729     False
   blk_open        ridge       2000               500    10:00      common  3181 2011-12-27           0.11316       0.11777 -0.00461  -3.91237 -0.00785 -0.00135  -2.96577      True
   blk_open        ridge       2000               500    10:00 deck period  1116 2020-01-03           0.11901       0.11830  0.00071   0.59872 -0.00535  0.00644   0.24633     False
   blk_open        ridge       2000               500    10:30      common  3182 2011-12-23           0.15292       0.14946  0.00345   2.30947  0.00030  0.00634   2.15743     False
   blk_open        ridge       2000               500    10:30 deck period  1116 2020-01-03           0.16391       0.15727  0.00664   4.21882 -0.00054  0.01311   1.82732     False
   blk_open        ridge       2000              2000 all bars      common  6363 2011-12-23           0.13304       0.13192  0.00112   0.85110 -0.00053  0.00270   1.43756     False
   blk_open        ridge       2000              2000 all bars deck period  2232 2020-01-03           0.14146       0.13953  0.00192   1.37853 -0.00079  0.00472   1.46423     False
   blk_open        ridge       2000              2000    10:00      common  3181 2011-12-27           0.11316       0.11542 -0.00226  -1.95562 -0.00431 -0.00018  -2.25968      True
   blk_open        ridge       2000              2000    10:00 deck period  1116 2020-01-03           0.11901       0.11947 -0.00047  -0.38971 -0.00401  0.00308  -0.27835     False
   blk_open        ridge       2000              2000    10:30      common  3182 2011-12-23           0.15292       0.14841  0.00450   3.03310  0.00251  0.00646   4.51420     False
   blk_open        ridge       2000              2000    10:30 deck period  1116 2020-01-03           0.16391       0.15960  0.00431   2.70221  0.00111  0.00756   2.57174     False
blk_release     reclasso        500               500 all bars      common  9081 2006-04-04           0.17520       0.21709 -0.04189 -19.29557 -0.05015 -0.03440 -10.27652      True
blk_release     reclasso        500               500 all bars deck period  2174 2020-01-03           0.20875       0.26134 -0.05260 -20.12610 -0.07916 -0.03245  -4.43377      True
blk_release     reclasso        500               500    14:30      common  4541 2006-04-05           0.19332       0.26902 -0.07570 -28.13969 -0.09139 -0.06261 -10.07377      True
blk_release     reclasso        500               500    14:30 deck period  1087 2020-01-03           0.23651       0.32014 -0.08363 -26.12276 -0.13145 -0.04806  -3.84870      True
blk_release     reclasso        500               500    15:00      common  4540 2006-04-04           0.15709       0.16516 -0.00807  -4.88682 -0.01179 -0.00446  -4.49794      True
blk_release     reclasso        500               500    15:00 deck period  1087 2020-01-03           0.18098       0.20254 -0.02157 -10.64770 -0.03111 -0.01213  -4.52427      True
blk_release     reclasso       2000               500 all bars      common  6081 2012-03-22           0.19513       0.22994 -0.03480 -15.13632 -0.04468 -0.02573  -6.78514      True
blk_release     reclasso       2000               500 all bars deck period  2174 2020-01-03           0.22427       0.26134 -0.03708 -14.18758 -0.06186 -0.01788  -3.06605      True
blk_release     reclasso       2000               500    14:30      common  3041 2012-03-22           0.21196       0.28487 -0.07291 -25.59404 -0.09117 -0.05587  -7.69826      True
blk_release     reclasso       2000               500    14:30 deck period  1087 2020-01-03           0.23756       0.32014 -0.08259 -25.79728 -0.12950 -0.04476  -3.67621      True
blk_release     reclasso       2000               500    15:00      common  3040 2012-03-22           0.17829       0.17498  0.00332   1.89490 -0.00038  0.00724   1.75453     False
blk_release     reclasso       2000               500    15:00 deck period  1087 2020-01-03           0.21098       0.20254  0.00843   4.16290  0.00138  0.01607   2.31745     False
blk_release     reclasso       2000              2000 all bars      common  6081 2012-03-22           0.19513       0.23294 -0.03781 -16.23250 -0.04694 -0.02924  -8.61534      True
blk_release     reclasso       2000              2000 all bars deck period  2174 2020-01-03           0.22427       0.26921 -0.04494 -16.69504 -0.06526 -0.02608  -4.80200      True
blk_release     reclasso       2000              2000    14:30      common  3041 2012-03-22           0.21196       0.28639 -0.07443 -25.98910 -0.09058 -0.05858  -9.16087      True
blk_release     reclasso       2000              2000    14:30 deck period  1087 2020-01-03           0.23756       0.31881 -0.08125 -25.48684 -0.11756 -0.04786  -4.71440      True
blk_release     reclasso       2000              2000    15:00      common  3040 2012-03-22           0.17829       0.17948 -0.00118  -0.65864 -0.00511  0.00272  -0.64090     False
blk_release     reclasso       2000              2000    15:00 deck period  1087 2020-01-03           0.21098       0.21961 -0.00863  -3.93191 -0.01664 -0.00002  -2.16700      True
blk_release reclasticnet        500               500 all bars      common  9081 2006-04-04           0.17485       0.21701 -0.04216 -19.42804 -0.05020 -0.03493 -10.53239      True
blk_release reclasticnet        500               500 all bars deck period  2174 2020-01-03           0.20820       0.26170 -0.05349 -20.44122 -0.07881 -0.03354  -4.68644      True
blk_release reclasticnet        500               500    14:30      common  4541 2006-04-05           0.19234       0.26864 -0.07630 -28.40161 -0.09166 -0.06328 -10.34565      True
blk_release reclasticnet        500               500    14:30 deck period  1087 2020-01-03           0.23496       0.32040 -0.08543 -26.66532 -0.13228 -0.04938  -4.06938      True
blk_release reclasticnet        500               500    15:00      common  4540 2006-04-04           0.15735       0.16537 -0.00802  -4.84731 -0.01172 -0.00443  -4.48212      True
blk_release reclasticnet        500               500    15:00 deck period  1087 2020-01-03           0.18145       0.20300 -0.02155 -10.61777 -0.03073 -0.01257  -4.61857      True
blk_release reclasticnet       2000               500 all bars      common  6081 2012-03-22           0.19447       0.22963 -0.03516 -15.31088 -0.04466 -0.02655  -7.11377      True
blk_release reclasticnet       2000               500 all bars deck period  2174 2020-01-03           0.22247       0.26170 -0.03923 -14.99088 -0.06237 -0.02110  -3.39321      True
blk_release reclasticnet       2000               500    14:30      common  3041 2012-03-22           0.21088       0.28419 -0.07330 -25.79430 -0.09149 -0.05686  -7.99722      True
blk_release reclasticnet       2000               500    14:30 deck period  1087 2020-01-03           0.23553       0.32040 -0.08487 -26.48912 -0.13081 -0.04823  -3.91689      True
blk_release reclasticnet       2000               500    15:00      common  3040 2012-03-22           0.17805       0.17504  0.00300   1.71491 -0.00063  0.00678   1.64680     False
blk_release reclasticnet       2000               500    15:00 deck period  1087 2020-01-03           0.20941       0.20300  0.00641   3.15672 -0.00011  0.01337   1.93646     False
blk_release reclasticnet       2000              2000 all bars      common  6081 2012-03-22           0.19447       0.23239 -0.03792 -16.31762 -0.04663 -0.02982  -8.88583      True
blk_release reclasticnet       2000              2000 all bars deck period  2174 2020-01-03           0.22247       0.26837 -0.04591 -17.10515 -0.06559 -0.02847  -5.10094      True
blk_release reclasticnet       2000              2000    14:30      common  3041 2012-03-22           0.21088       0.28520 -0.07431 -26.05614 -0.08982 -0.05882  -9.31890      True
blk_release reclasticnet       2000              2000    14:30 deck period  1087 2020-01-03           0.23553       0.31750 -0.08197 -25.81885 -0.11839 -0.05024  -4.83655      True
blk_release reclasticnet       2000              2000    15:00      common  3040 2012-03-22           0.17805       0.17956 -0.00152  -0.84507 -0.00515  0.00215  -0.87888     False
blk_release reclasticnet       2000              2000    15:00 deck period  1087 2020-01-03           0.20941       0.21925 -0.00984  -4.48642 -0.01751 -0.00202  -2.81840      True
blk_release        ridge        500               500 all bars      common  9081 2006-04-04           0.17651       0.21435 -0.03784 -17.65376 -0.04523 -0.03103 -10.48316      True
blk_release        ridge        500               500 all bars deck period  2174 2020-01-03           0.21148       0.25770 -0.04622 -17.93429 -0.06765 -0.02866  -4.76236      True
blk_release        ridge        500               500    14:30      common  4541 2006-04-05           0.19347       0.26481 -0.07134 -26.94060 -0.08530 -0.05923 -10.70457      True
blk_release        ridge        500               500    14:30 deck period  1087 2020-01-03           0.23834       0.31402 -0.07568 -24.09998 -0.11511 -0.04429  -4.23695      True
blk_release        ridge        500               500    15:00      common  4540 2006-04-04           0.15955       0.16388 -0.00433  -2.64436 -0.00803 -0.00065  -2.42866      True
blk_release        ridge        500               500    15:00 deck period  1087 2020-01-03           0.18462       0.20137 -0.01675  -8.31939 -0.02573 -0.00724  -3.70868      True
blk_release        ridge       2000               500 all bars      common  6081 2012-03-22           0.19453       0.22663 -0.03210 -14.16527 -0.04020 -0.02470  -7.63424      True
blk_release        ridge       2000               500 all bars deck period  2174 2020-01-03           0.22165       0.25770 -0.03605 -13.98841 -0.05359 -0.02091  -3.82007      True
blk_release        ridge       2000               500    14:30      common  3041 2012-03-22           0.21091       0.27972 -0.06880 -24.59700 -0.08390 -0.05496  -8.92076      True
blk_release        ridge       2000               500    14:30 deck period  1087 2020-01-03           0.23407       0.31402 -0.07995 -25.46140 -0.11400 -0.05064  -4.57089      True
blk_release        ridge       2000               500    15:00      common  3040 2012-03-22           0.17814       0.17354  0.00461   2.65485  0.00073  0.00847   2.44258     False
blk_release        ridge       2000               500    15:00 deck period  1087 2020-01-03           0.20923       0.20137  0.00786   3.90279  0.00095  0.01578   2.31281     False
blk_release        ridge       2000              2000 all bars      common  6081 2012-03-22           0.19453       0.22682 -0.03228 -14.23367 -0.03993 -0.02550  -8.92963      True
blk_release        ridge       2000              2000 all bars deck period  2174 2020-01-03           0.22165       0.26129 -0.03964 -15.17069 -0.05622 -0.02471  -5.28807      True
blk_release        ridge       2000              2000    14:30      common  3041 2012-03-22           0.21091       0.27674 -0.06582 -23.78591 -0.07941 -0.05318  -9.72620      True
blk_release        ridge       2000              2000    14:30 deck period  1087 2020-01-03           0.23407       0.30685 -0.07279 -23.72016 -0.10307 -0.04616  -5.17687      True
blk_release        ridge       2000              2000    15:00      common  3040 2012-03-22           0.17814       0.17687  0.00127   0.71677 -0.00217  0.00475   0.80585     False
blk_release        ridge       2000              2000    15:00 deck period  1087 2020-01-03           0.20923       0.21572 -0.00649  -3.00951 -0.01327  0.00166  -2.13351     False

wrote /u/scratch/j/jamesdc1/harxhar-subsection/results/linear_subsection/fomc/subsection_vs_pooled.csv

15:30 sign(s) trade with each arm's forecast (deck ridge: 1.338 mid / 0.870 crossed)
  segment    estimator  train_win  deck_days  pct_buy  Sharpe_mid  Sharpe_crossed  ridge_Sharpe_mid_same_days
  bar1600     reclasso        500        866  36.9515      0.5925          0.1189                      1.3383
  bar1600     reclasso       2000        866  37.7598      1.5322          1.0592                      1.3383
  bar1600 reclasticnet        500        866  35.4503      0.7480          0.2735                      1.3383
  bar1600 reclasticnet       2000        866  38.6836      1.1174          0.6416                      1.3383
  bar1600        ridge        500        866  37.8753      0.8138          0.3421                      1.3383
  bar1600        ridge       2000        866  38.5681      1.5108          1.0382                      1.3383
blk_close     reclasso        500        866  34.4111      1.4210          0.9465                      1.3383
blk_close     reclasso       2000        866  38.6836      1.0090          0.5384                      1.3383
blk_close reclasticnet        500        866  34.7575      1.1575          0.6837                      1.3383
blk_close reclasticnet       2000        866  39.0300      1.0846          0.6145                      1.3383
blk_close        ridge        500        866  35.5658      1.1765          0.7031                      1.3383
blk_close        ridge       2000        866  38.6836      0.9992          0.5282                      1.3383
     none     reclasso        500        866  31.9861      0.9263          0.4508                      1.3383
     none     reclasso       2000        866  40.7621      1.0994          0.6295                      1.3383
     none reclasticnet        500        866  31.8707      0.9822          0.5065                      1.3383
     none reclasticnet       2000        866  40.7621      1.0876          0.6179                      1.3383
     none        ridge        500        866  32.1016      0.9924          0.5170                      1.3383
     none        ridge       2000        866  40.8776      1.1069          0.6376                      1.3383
