book,sample,day_set,block,selection,family,forecast,theta,rule,n_placebo,sharpe_rule,placebo_mean,placebo_sd,placebo_q05,placebo_q50,placebo_q95,pct_rank,p_value
exit_crossed_quoted,whole,full,fixed_cell,,margin,a0,0.0,"sell only when v >= 0.00, baseline (HAR + calendar OLS)",2000,2.5359611172466088,1.676259672922513,0.3899771340147169,1.060216954840869,1.6581535833390673,2.3461986470816814,0.9825,0.017991004497751123
exit_crossed_quoted,whole,full,fixed_cell,,margin,a0,0.05,"sell only when v >= 0.05, baseline (HAR + calendar OLS)",2000,2.155623740355962,1.4910222511155575,0.44597255675790254,0.7822148757509836,1.4760299054867954,2.2673816914877944,0.9265,0.07396301849075462
exit_crossed_quoted,whole,full,fixed_cell,,margin,a0,0.1,"sell only when v >= 0.10, baseline (HAR + calendar OLS)",2000,1.5552798024614372,1.3115434328872875,0.5006598787928732,0.5416732150867626,1.3003148862902938,2.1669346326428256,0.6945,0.3058470764617691
exit_crossed_quoted,whole,full,fixed_cell,,margin,a0,0.15,"sell only when v >= 0.15, baseline (HAR + calendar OLS)",2000,1.2707294734408503,1.1484049790422832,0.5226643874301667,0.2959934650551909,1.1296059626154082,2.048429763215389,0.5955,0.4047976011994003
exit_crossed_quoted,whole,full,fixed_cell,,margin,a0,0.2,"sell only when v >= 0.20, baseline (HAR + calendar OLS)",2000,0.6620758201433716,0.9500653163205954,0.5550951324534503,0.08675442476813587,0.948191439327918,1.9071608246338212,0.315,0.6851574212893553
exit_crossed_quoted,whole,full,fixed_cell,,margin,a0,0.3,"sell only when v >= 0.30, baseline (HAR + calendar OLS)",2000,0.442720401678419,0.679700419601242,0.5536679193151802,-0.20831052915248285,0.6536413932322673,1.6001114332571846,0.352,0.6481759120439781
exit_crossed_quoted,whole,full,fixed_cell,,margin,blk2,0.0,"sell only when v >= 0.00, block-diagonal ridge",2000,2.2276167658971744,1.6968316793389506,0.3812165639099359,1.089972429235832,1.685707814061149,2.3401825546054402,0.917,0.08345827086456771
exit_crossed_quoted,whole,full,fixed_cell,,margin,blk2,0.05,"sell only when v >= 0.05, block-diagonal ridge",2000,1.9478141500282706,1.5017970000374763,0.4435909810154817,0.7880693451778533,1.4891171766394034,2.2486310444985147,0.8445,0.15592203898050974
exit_crossed_quoted,whole,full,fixed_cell,,margin,blk2,0.1,"sell only when v >= 0.10, block-diagonal ridge",2000,1.64942209711271,1.2694991636905202,0.4860670082214689,0.5057612221028646,1.2561842309708964,2.0892051573663415,0.787,0.21339330334832585
exit_crossed_quoted,whole,full,fixed_cell,,margin,blk2,0.15,"sell only when v >= 0.15, block-diagonal ridge",2000,0.8476977107979468,1.137736405646769,0.5498746458478828,0.2686594492884609,1.1236233986194528,2.0589877083108723,0.3125,0.6876561719140429
exit_crossed_quoted,whole,full,fixed_cell,,margin,blk2,0.2,"sell only when v >= 0.20, block-diagonal ridge",2000,0.4884149810581625,0.9661625534142152,0.5529887994654799,0.09521007554615174,0.9446285407396586,1.9035085139989194,0.1975,0.8025987006496752
exit_crossed_quoted,whole,full,fixed_cell,,margin,blk2,0.3,"sell only when v >= 0.30, block-diagonal ridge",2000,0.5507099673166624,0.6602049795415653,0.5866372545236753,-0.2783478124549396,0.6504567649214403,1.673362354218288,0.4355,0.5647176411794103
exit_crossed_quoted,whole,full,fixed_cell,,margin,blk2_inc,0.0,"sell only when v >= 0.00, block-diagonal ridge, without the FOMC columns",2000,2.1471875414400126,1.6793722603961727,0.39049145819327064,1.0810096007065984,1.657067523879706,2.3117142622410274,0.875,0.12543728135932034
exit_crossed_quoted,whole,full,fixed_cell,,margin,blk2_inc,0.05,"sell only when v >= 0.05, block-diagonal ridge, without the FOMC columns",2000,1.8511295244072097,1.4690195427660975,0.45124544909390557,0.7425212990678899,1.4630590195431226,2.2135036716581014,0.805,0.19540229885057472
exit_crossed_quoted,whole,full,fixed_cell,,margin,blk2_inc,0.1,"sell only when v >= 0.10, block-diagonal ridge, without the FOMC columns",2000,1.2926826649194016,1.2221088640531488,0.4782459543007184,0.4561816131616902,1.1999739810492915,2.0189265723420067,0.575,0.42528735632183906
exit_crossed_quoted,whole,full,fixed_cell,,margin,blk2_inc,0.15,"sell only when v >= 0.15, block-diagonal ridge, without the FOMC columns",2000,0.8394390309063628,1.112846368698354,0.5327648172099664,0.26307062131730286,1.0841010097394235,2.0192038539822184,0.3225,0.6776611694152923
exit_crossed_quoted,whole,full,fixed_cell,,margin,blk2_inc,0.2,"sell only when v >= 0.20, block-diagonal ridge, without the FOMC columns",2000,0.7257688742625514,0.9334181660396678,0.5449402251380469,0.058029898952481625,0.9226120239343301,1.8589399437049994,0.3575,0.6426786606696652
exit_crossed_quoted,whole,full,fixed_cell,,margin,blk2_inc,0.3,"sell only when v >= 0.30, block-diagonal ridge, without the FOMC columns",2000,0.6670915851038903,0.6019149643236505,0.5940587563142903,-0.3284655171972937,0.5543261067483439,1.672054989985828,0.5645,0.4357821089455272
exit_crossed_quoted,whole,full,fixed_cell,,margin,lgbm,0.0,"sell only when v >= 0.00, LightGBM",2000,2.1601439112651155,1.7107464542254684,0.3895774451159553,1.078039406460249,1.7056987449251706,2.3512118668888906,0.8775,0.12293853073463268
exit_crossed_quoted,whole,full,fixed_cell,,margin,lgbm,0.05,"sell only when v >= 0.05, LightGBM",2000,1.8328216573630165,1.5082842024226775,0.4281987368162744,0.8223393924779034,1.500504226268972,2.219423685751613,0.775,0.22538730634682658
exit_crossed_quoted,whole,full,fixed_cell,,margin,lgbm,0.1,"sell only when v >= 0.10, LightGBM",2000,1.8106017946365196,1.264988186024787,0.4943459125804018,0.4618699880546167,1.2490737484199033,2.1010236337032984,0.861,0.13943028485757122
exit_crossed_quoted,whole,full,fixed_cell,,margin,lgbm,0.15,"sell only when v >= 0.15, LightGBM",2000,1.196931051885977,1.1130543669336128,0.5320378088176017,0.2886635764563286,1.1027439017744036,2.0394392278110116,0.5735,0.4267866066966517
exit_crossed_quoted,whole,full,fixed_cell,,margin,lgbm,0.2,"sell only when v >= 0.20, LightGBM",2000,0.6725279648911267,0.9245561763017165,0.5475078502673854,0.05823102795264092,0.9066715623404151,1.8643019173267301,0.333,0.6671664167916042
exit_crossed_quoted,whole,full,fixed_cell,,margin,lgbm,0.3,"sell only when v >= 0.30, LightGBM",2000,0.47911348980927443,0.6253087986338337,0.5711938601733918,-0.31512894882561104,0.6202987827671107,1.5819979373716766,0.397,0.6031984007996002
exit_crossed_quoted,whole,full,fixed_cell,,margin,xgb,0.0,"sell only when v >= 0.00, XGBoost",2000,2.3533681174148318,1.697261212326627,0.39189511577675434,1.0760204395091937,1.6920320441280552,2.3611788756620684,0.947,0.05347326336831584
exit_crossed_quoted,whole,full,fixed_cell,,margin,xgb,0.05,"sell only when v >= 0.05, XGBoost",2000,1.99904918739357,1.4845836783922322,0.44782518612147115,0.7962850754072827,1.4685244023699506,2.2550115986736445,0.874,0.12643678160919541
exit_crossed_quoted,whole,full,fixed_cell,,margin,xgb,0.1,"sell only when v >= 0.10, XGBoost",2000,1.624646667226002,1.2349033510937744,0.5000496242719192,0.445598942093232,1.2190313595484694,2.0763656663936874,0.7825,0.2178910544727636
exit_crossed_quoted,whole,full,fixed_cell,,margin,xgb,0.15,"sell only when v >= 0.15, XGBoost",2000,1.3142491411341979,1.119197807655053,0.5199775263468478,0.28682429173208945,1.0982994409246243,1.9762119193138377,0.6655,0.33483258370814595
exit_crossed_quoted,whole,full,fixed_cell,,margin,xgb,0.2,"sell only when v >= 0.20, XGBoost",2000,0.810512951410533,0.9594420310225756,0.550558594970879,0.04575734999673425,0.9440962241326136,1.8934498792642944,0.402,0.5982008995502249
exit_crossed_quoted,whole,full,fixed_cell,,margin,xgb,0.3,"sell only when v >= 0.30, XGBoost",2000,0.3997388288168993,0.6479751009514564,0.5966445206387019,-0.2970726105093377,0.6172533296238341,1.6269880101842824,0.3645,0.6356821589205397
exit_crossed_quoted,whole,full,fixed_cell,,margin,lasso_t,0.0,"sell only when v >= 0.00, lasso (causally tuned)",2000,2.199507291360411,1.6661425323937915,0.3994027698961578,1.0255010323995193,1.6488071022874102,2.34929047462952,0.9005,0.09995002498750624
exit_crossed_quoted,whole,full,fixed_cell,,margin,lasso_t,0.05,"sell only when v >= 0.05, lasso (causally tuned)",2000,1.9688284179151507,1.4445091409522182,0.4402646190305733,0.7740403976540476,1.4090790629206786,2.1944971641706577,0.8745,0.12593703148425786
exit_crossed_quoted,whole,full,fixed_cell,,margin,lasso_t,0.1,"sell only when v >= 0.10, lasso (causally tuned)",2000,1.7848038893309648,1.2920017721587385,0.5058253845571702,0.5159705222804585,1.2729892075190965,2.144387548774257,0.842,0.1584207896051974
exit_crossed_quoted,whole,full,fixed_cell,,margin,lasso_t,0.15,"sell only when v >= 0.15, lasso (causally tuned)",2000,1.005743950225533,1.1193919178696405,0.5373335353053184,0.2357062411876713,1.097069022972828,2.0640411568523627,0.436,0.5642178910544727
exit_crossed_quoted,whole,full,fixed_cell,,margin,lasso_t,0.2,"sell only when v >= 0.20, lasso (causally tuned)",2000,0.6225325043723295,0.9321894243019856,0.5452063468970177,0.04761618860822428,0.9246396543811077,1.8420716693367345,0.2895,0.7106446776611695
exit_crossed_quoted,whole,full,fixed_cell,,margin,lasso_t,0.3,"sell only when v >= 0.30, lasso (causally tuned)",2000,0.4201597166395375,0.6134133030292274,0.5858089001711647,-0.2799062322533901,0.5754205912430137,1.638027617983195,0.3925,0.607696151924038
exit_crossed_quoted,whole,full,fixed_cell,,margin,lasso_f,0.0,"sell only when v >= 0.00, lasso (fixed 1e-4)",2000,2.2917053720704597,1.7058751042408453,0.38754964574747175,1.0799817467969366,1.6877019526777202,2.3551706014212104,0.9335,0.06696651674162919
exit_crossed_quoted,whole,full,fixed_cell,,margin,lasso_f,0.05,"sell only when v >= 0.05, lasso (fixed 1e-4)",2000,2.160983864659288,1.4720585052080644,0.43484052255497785,0.7787567754296562,1.4635758038141558,2.2258644649612043,0.938,0.062468765617191405
exit_crossed_quoted,whole,full,fixed_cell,,margin,lasso_f,0.1,"sell only when v >= 0.10, lasso (fixed 1e-4)",2000,1.5220123917282595,1.2870194604159877,0.46591669210643233,0.549777998987764,1.2557892088491387,2.0769628813928502,0.7075,0.2928535732133933
exit_crossed_quoted,whole,full,fixed_cell,,margin,lasso_f,0.15,"sell only when v >= 0.15, lasso (fixed 1e-4)",2000,0.8271914023671154,1.1272546528586385,0.5201029936457906,0.2912373056659176,1.1067517140506777,2.0180216725487123,0.285,0.7151424287856072
exit_crossed_quoted,whole,full,fixed_cell,,margin,lasso_f,0.2,"sell only when v >= 0.20, lasso (fixed 1e-4)",2000,0.9785742988090278,0.9628351218329524,0.5414780305787744,0.08107228847222166,0.9597318140289584,1.8776639381033973,0.5145,0.48575712143928035
exit_crossed_quoted,whole,full,fixed_cell,,margin,lasso_f,0.3,"sell only when v >= 0.30, lasso (fixed 1e-4)",2000,0.3348410479819795,0.6204684332264153,0.5848571608215586,-0.30289385804953434,0.6006895059088034,1.6127686639093597,0.338,0.6621689155422289
exit_crossed_quoted,whole,full,fixed_cell,,margin,enet,0.0,"sell only when v >= 0.00, elastic net (causally tuned)",2000,2.237211803524461,1.6733397566821202,0.3883535054521517,1.0554298152843613,1.6570015995849863,2.338961683263504,0.9175,0.08295852073963018
exit_crossed_quoted,whole,full,fixed_cell,,margin,enet,0.05,"sell only when v >= 0.05, elastic net (causally tuned)",2000,2.0478403350458554,1.4630671510552933,0.439035030951569,0.7649788877549318,1.453264273336804,2.20773697910026,0.903,0.09745127436281859
exit_crossed_quoted,whole,full,fixed_cell,,margin,enet,0.1,"sell only when v >= 0.10, elastic net (causally tuned)",2000,1.3206403098632045,1.228233834072378,0.4823464227123446,0.4204275136600758,1.2341345065360527,2.022004429053877,0.573,0.4272863568215892
exit_crossed_quoted,whole,full,fixed_cell,,margin,enet,0.15,"sell only when v >= 0.15, elastic net (causally tuned)",2000,1.083328293279197,1.1153341381868531,0.5256439247428105,0.29340778974799603,1.0793675748934757,2.0472366448445696,0.5015,0.4987506246876562
exit_crossed_quoted,whole,full,fixed_cell,,margin,enet,0.2,"sell only when v >= 0.20, elastic net (causally tuned)",2000,0.5388909934634697,0.9169663497050335,0.5433275767719477,0.06492044141325617,0.8916158956251651,1.8498658174918277,0.245,0.7551224387806097
exit_crossed_quoted,whole,full,fixed_cell,,margin,enet,0.3,"sell only when v >= 0.30, elastic net (causally tuned)",2000,0.36848358583264723,0.6098108347667746,0.5745688967758931,-0.2914556628602539,0.594215281794173,1.6198925211296162,0.3535,0.6466766616691654
exit_crossed_quoted,whole,oos,fixed_cell,,margin,a0,0.0,"sell only when v >= 0.00, baseline (HAR + calendar OLS)",2000,2.548378045278643,1.6888480513464457,0.4139269130243618,1.0026808741653905,1.680896199249629,2.3892614580855245,0.9785,0.021989005497251374
exit_crossed_quoted,whole,oos,fixed_cell,,margin,a0,0.05,"sell only when v >= 0.05, baseline (HAR + calendar OLS)",2000,2.2055168472659066,1.4879197373239288,0.4565207476949662,0.7820369842969197,1.459955672257092,2.26151515794585,0.9355,0.06496751624187906
exit_crossed_quoted,whole,oos,fixed_cell,,margin,a0,0.1,"sell only when v >= 0.10, baseline (HAR + calendar OLS)",2000,1.7055511240714958,1.3552426391106065,0.5120080315215818,0.5382500693004906,1.3352453450380357,2.209727622317998,0.743,0.25737131434282856
exit_crossed_quoted,whole,oos,fixed_cell,,margin,a0,0.15,"sell only when v >= 0.15, baseline (HAR + calendar OLS)",2000,1.2130866399845601,1.1661533544519211,0.5537810246663742,0.31928686368148895,1.1314011278761407,2.1020401004417315,0.558,0.44227886056971516
exit_crossed_quoted,whole,oos,fixed_cell,,margin,a0,0.2,"sell only when v >= 0.20, baseline (HAR + calendar OLS)",2000,0.6721524898531177,0.9922864329166018,0.5730744402955787,0.08587535962863542,0.9649063863557705,2.0169892207889144,0.2955,0.704647676161919
exit_crossed_quoted,whole,oos,fixed_cell,,margin,a0,0.3,"sell only when v >= 0.30, baseline (HAR + calendar OLS)",2000,0.42269743965976697,0.7075780593718459,0.6072406824893612,-0.20703297062569287,0.6543213138074226,1.7620605278642143,0.343,0.6571714142928535
exit_crossed_quoted,whole,oos,fixed_cell,,margin,blk2,0.0,"sell only when v >= 0.00, block-diagonal ridge",2000,2.2044561656412025,1.7109692407242751,0.4028810939187785,1.0933898845216972,1.6995954304739236,2.40108469061313,0.895,0.1054472763618191
exit_crossed_quoted,whole,oos,fixed_cell,,margin,blk2,0.05,"sell only when v >= 0.05, block-diagonal ridge",2000,1.85955081287441,1.5145640116914847,0.4632879958306941,0.7861932290614859,1.4997511053745076,2.2945222930653264,0.7705,0.22988505747126436
exit_crossed_quoted,whole,oos,fixed_cell,,margin,blk2,0.1,"sell only when v >= 0.10, block-diagonal ridge",2000,1.5626528916475129,1.2969603325296548,0.50078390321777,0.49210540402680103,1.2756491148585858,2.14249743024446,0.7165,0.28385807096451776
exit_crossed_quoted,whole,oos,fixed_cell,,margin,blk2,0.15,"sell only when v >= 0.15, block-diagonal ridge",2000,0.704538162137284,1.1653105239767132,0.5415473075955448,0.31864875673239285,1.1413514702217809,2.066618643319225,0.207,0.7931034482758621
exit_crossed_quoted,whole,oos,fixed_cell,,margin,blk2,0.2,"sell only when v >= 0.20, block-diagonal ridge",2000,0.41418696380060693,0.9953563264085618,0.567027534741664,0.10390872069678038,0.9521214674420186,2.0085409891929245,0.148,0.8520739630184908
exit_crossed_quoted,whole,oos,fixed_cell,,margin,blk2,0.3,"sell only when v >= 0.30, block-diagonal ridge",2000,0.6866736116410643,0.6628412922361654,0.6083678365522649,-0.30938742404132696,0.6437102622662321,1.6926649042658692,0.5305,0.46976511744127936
exit_crossed_quoted,whole,oos,fixed_cell,,margin,blk2_inc,0.0,"sell only when v >= 0.00, block-diagonal ridge, without the FOMC columns",2000,2.1310547739099928,1.6806951870727558,0.4138191391717129,1.00842946102663,1.6651010405421518,2.385032958295729,0.86,0.14042978510744628
exit_crossed_quoted,whole,oos,fixed_cell,,margin,blk2_inc,0.05,"sell only when v >= 0.05, block-diagonal ridge, without the FOMC columns",2000,1.7719525439445032,1.487834486274837,0.46518712782032956,0.7450561263173981,1.4658235931206738,2.2777956540219453,0.749,0.2513743128435782
exit_crossed_quoted,whole,oos,fixed_cell,,margin,blk2_inc,0.1,"sell only when v >= 0.10, block-diagonal ridge, without the FOMC columns",2000,1.1982230472460025,1.2555748337928327,0.5231711663793064,0.42688865171402934,1.2327695440725148,2.1497143340459672,0.4685,0.5317341329335332
exit_crossed_quoted,whole,oos,fixed_cell,,margin,blk2_inc,0.15,"sell only when v >= 0.15, block-diagonal ridge, without the FOMC columns",2000,0.7149043564250489,1.1357178033248738,0.5509146696991896,0.22962658144255116,1.116072418922902,2.052423335987311,0.2175,0.782608695652174
exit_crossed_quoted,whole,oos,fixed_cell,,margin,blk2_inc,0.2,"sell only when v >= 0.20, block-diagonal ridge, without the FOMC columns",2000,0.6822496998879846,0.9713634853143935,0.5754241443084241,0.08127796336189427,0.9516334548186945,1.9779318064219022,0.3215,0.6786606696651675
exit_crossed_quoted,whole,oos,fixed_cell,,margin,blk2_inc,0.3,"sell only when v >= 0.30, block-diagonal ridge, without the FOMC columns",2000,0.6082478667180606,0.5807722763927415,0.5998514142463498,-0.3672172408507043,0.5588763820724714,1.6054931822202088,0.5325,0.46776611694152925
exit_crossed_quoted,whole,oos,fixed_cell,,margin,lgbm,0.0,"sell only when v >= 0.00, LightGBM",2000,2.152392427469267,1.692647763120713,0.40239946193885023,1.0529543921021445,1.6834398636850332,2.3700139551585684,0.8745,0.12593703148425786
exit_crossed_quoted,whole,oos,fixed_cell,,margin,lgbm,0.05,"sell only when v >= 0.05, LightGBM",2000,1.8656424146773563,1.50376546963365,0.445574790170496,0.8029431142366017,1.487268022332199,2.255779627367806,0.7905,0.2098950524737631
exit_crossed_quoted,whole,oos,fixed_cell,,margin,lgbm,0.1,"sell only when v >= 0.10, LightGBM",2000,1.6985200797469742,1.2799099772951466,0.5019343711881806,0.4695164350797442,1.274361456766353,2.108640748677367,0.802,0.1984007996001999
exit_crossed_quoted,whole,oos,fixed_cell,,margin,lgbm,0.15,"sell only when v >= 0.15, LightGBM",2000,1.1307920511977585,1.1411709944002357,0.5482675274660254,0.2831526215040809,1.1242004649867778,2.062165461346998,0.505,0.49525237381309345
exit_crossed_quoted,whole,oos,fixed_cell,,margin,lgbm,0.2,"sell only when v >= 0.20, LightGBM",2000,0.6454400050967273,0.9651867780786422,0.5878427720692981,0.06970138695056438,0.9283033684287553,1.9603406447454343,0.31,0.6901549225387307
exit_crossed_quoted,whole,oos,fixed_cell,,margin,lgbm,0.3,"sell only when v >= 0.30, LightGBM",2000,0.5066130434433703,0.6448080854003608,0.6052478477684737,-0.31904855116795733,0.6343795819956735,1.6443610640340396,0.424,0.5762118940529735
exit_crossed_quoted,whole,oos,fixed_cell,,margin,xgb,0.0,"sell only when v >= 0.00, XGBoost",2000,2.3443169571650717,1.6885267440604392,0.417702875715629,1.027766881230881,1.676180010097431,2.3838836744317997,0.941,0.059470264867566215
exit_crossed_quoted,whole,oos,fixed_cell,,margin,xgb,0.05,"sell only when v >= 0.05, XGBoost",2000,2.11104783632436,1.515429903836867,0.4634972254121618,0.7903846689971558,1.4951685215666677,2.284110954429719,0.8965,0.10394802598700649
exit_crossed_quoted,whole,oos,fixed_cell,,margin,xgb,0.1,"sell only when v >= 0.10, XGBoost",2000,1.5378296592909695,1.2661246369216566,0.5118234608575779,0.4571122554660831,1.253464615581374,2.143591646723921,0.705,0.29535232383808097
exit_crossed_quoted,whole,oos,fixed_cell,,margin,xgb,0.15,"sell only when v >= 0.15, XGBoost",2000,1.2225138096798227,1.135859523592905,0.5372010616717365,0.2747623751307266,1.121746209144573,2.055697912670453,0.576,0.424287856071964
exit_crossed_quoted,whole,oos,fixed_cell,,margin,xgb,0.2,"sell only when v >= 0.20, XGBoost",2000,0.7988679433154585,0.9707163045794339,0.5817990729722511,0.05620692031974714,0.9459091036075563,1.9778919442379719,0.407,0.5932033983008496
exit_crossed_quoted,whole,oos,fixed_cell,,margin,xgb,0.3,"sell only when v >= 0.30, XGBoost",2000,0.33067101112765246,0.6637912559227102,0.5996007448478057,-0.3019818683602369,0.6463479521829993,1.6800836188320478,0.306,0.6941529235382309
exit_crossed_quoted,whole,oos,fixed_cell,,margin,lasso_t,0.0,"sell only when v >= 0.00, lasso (causally tuned)",2000,2.3267223726771658,1.6793903354313056,0.4053247000411787,1.0394739653181115,1.6692162534538486,2.372978531836883,0.9375,0.06296851574212893
exit_crossed_quoted,whole,oos,fixed_cell,,margin,lasso_t,0.05,"sell only when v >= 0.05, lasso (causally tuned)",2000,1.9639755323479222,1.5048972732343284,0.4579288040244006,0.7855165928524527,1.4882672646329085,2.2798529984819256,0.838,0.16241879060469766
exit_crossed_quoted,whole,oos,fixed_cell,,margin,lasso_t,0.1,"sell only when v >= 0.10, lasso (causally tuned)",2000,1.7257297807530652,1.3144611319377721,0.5221869736129856,0.4848269243098853,1.2954579016004224,2.1830238613832083,0.7845,0.2158920539730135
exit_crossed_quoted,whole,oos,fixed_cell,,margin,lasso_t,0.15,"sell only when v >= 0.15, lasso (causally tuned)",2000,0.9754214193243432,1.1417614656565638,0.5338782520114187,0.2911526599609833,1.1239269877925797,2.025777622637537,0.395,0.6051974012993503
exit_crossed_quoted,whole,oos,fixed_cell,,margin,lasso_t,0.2,"sell only when v >= 0.20, lasso (causally tuned)",2000,0.5809699313485811,0.9614824887297223,0.5642382820428096,0.07291028061006628,0.9264945043884448,1.9317443070914797,0.257,0.743128435782109
exit_crossed_quoted,whole,oos,fixed_cell,,margin,lasso_t,0.3,"sell only when v >= 0.30, lasso (causally tuned)",2000,0.525515240649399,0.6100959030042209,0.6018606339088484,-0.32909742201745623,0.5845307729890035,1.6205882144381973,0.46,0.5402298850574713
exit_crossed_quoted,whole,oos,fixed_cell,,margin,lasso_f,0.0,"sell only when v >= 0.00, lasso (fixed 1e-4)",2000,2.2929258087966873,1.7026872681604346,0.4024442733837152,1.083044221383683,1.6847864824151184,2.366923803752622,0.9235,0.0769615192403798
exit_crossed_quoted,whole,oos,fixed_cell,,margin,lasso_f,0.05,"sell only when v >= 0.05, lasso (fixed 1e-4)",2000,2.0780816282419625,1.5068539923301167,0.44543430077552265,0.8267131104029918,1.4872044252823313,2.2832964651010696,0.895,0.1054472763618191
exit_crossed_quoted,whole,oos,fixed_cell,,margin,lasso_f,0.1,"sell only when v >= 0.10, lasso (fixed 1e-4)",2000,1.4258613583995023,1.2984401226849223,0.5098253959091362,0.49516432441743424,1.2821096515979686,2.1600656070645186,0.6095,0.39080459770114945
exit_crossed_quoted,whole,oos,fixed_cell,,margin,lasso_f,0.15,"sell only when v >= 0.15, lasso (fixed 1e-4)",2000,0.6768585173693796,1.1644398345410762,0.5409629345250236,0.3138436770987091,1.1404517352267065,2.0769704231108013,0.19,0.8100949525237381
exit_crossed_quoted,whole,oos,fixed_cell,,margin,lasso_f,0.2,"sell only when v >= 0.20, lasso (fixed 1e-4)",2000,0.8751463810287599,0.9942517218359258,0.5738735210341678,0.07337399122322318,0.979585553274384,1.9762912956463408,0.423,0.5772113943028486
exit_crossed_quoted,whole,oos,fixed_cell,,margin,lasso_f,0.3,"sell only when v >= 0.30, lasso (fixed 1e-4)",2000,0.46203823201166666,0.6415002279806604,0.5904093763185486,-0.2986505669261714,0.6164869298626605,1.622049257185229,0.404,0.5962018990504747
exit_crossed_quoted,whole,oos,fixed_cell,,margin,enet,0.0,"sell only when v >= 0.00, elastic net (causally tuned)",2000,2.360433199802604,1.6685840226473236,0.42104278535996026,1.0310970437885734,1.63686295389885,2.4120400898907057,0.9385,0.06196901549225387
exit_crossed_quoted,whole,oos,fixed_cell,,margin,enet,0.05,"sell only when v >= 0.05, elastic net (causally tuned)",2000,2.084168472847648,1.5080117241457462,0.4584077892624775,0.7943630612216265,1.4869680657847182,2.309589028549401,0.891,0.10944527736131934
exit_crossed_quoted,whole,oos,fixed_cell,,margin,enet,0.1,"sell only when v >= 0.10, elastic net (causally tuned)",2000,1.223596090951019,1.2630273481105436,0.5192624108149735,0.44614026592652645,1.2465789779186434,2.125602314425478,0.4855,0.5147426286856571
exit_crossed_quoted,whole,oos,fixed_cell,,margin,enet,0.15,"sell only when v >= 0.15, elastic net (causally tuned)",2000,1.0152311584137568,1.1519665265085088,0.5642230605966319,0.2794868341844403,1.1194484288424937,2.074079835375557,0.418,0.5822088955522239
exit_crossed_quoted,whole,oos,fixed_cell,,margin,enet,0.2,"sell only when v >= 0.20, elastic net (causally tuned)",2000,0.45740832786989893,0.9316442084690703,0.5712249161085303,0.01439912345339279,0.9081384038240753,1.904033259640983,0.2105,0.7896051974012993
exit_crossed_quoted,whole,oos,fixed_cell,,margin,enet,0.3,"sell only when v >= 0.30, elastic net (causally tuned)",2000,0.3984259920136532,0.6315853897418036,0.6096560095403553,-0.30225895907915973,0.5983519263481132,1.6871115035673148,0.374,0.6261869065467266
exit_crossed_quoted,whole,oos,walk_forward_selected,full_grid,margin,,,"full_grid: (forecast, theta) chosen on an expanding window, 5-day embargo",2000,1.9281889523146485,1.46016483614344,0.4744672037936291,0.7197448358777762,1.4415885996685258,2.296005383257521,0.8415,0.15892053973013492
exit_crossed_quoted,whole,oos,walk_forward_selected,theta_only_blk2,margin,,,"theta_only_blk2: (forecast, theta) chosen on an expanding window, 5-day embargo",2000,1.7119536905209076,1.6722399695470762,0.4172684325993754,1.0423129066469297,1.6446587028954216,2.388448976874663,0.5555,0.4447776111944028
exit_crossed_quoted,whole,oos,walk_forward_selected,theta_only_a0,margin,,,"theta_only_a0: (forecast, theta) chosen on an expanding window, 5-day embargo",2000,1.214772590045491,1.6545555675336503,0.45190170278632796,0.924447903206525,1.651196636071523,2.3815102601318805,0.163,0.8370814592703648
exit_crossed_quoted,daily_era,full,fixed_cell,,margin,a0,0.0,"sell only when v >= 0.00, baseline (HAR + calendar OLS)",2000,3.0852558446152614,1.8376470402921272,0.5379265695925111,0.9942308817773526,1.8210294505396512,2.7305370581592556,0.9825,0.017991004497751123
exit_crossed_quoted,daily_era,full,fixed_cell,,margin,a0,0.05,"sell only when v >= 0.05, baseline (HAR + calendar OLS)",2000,2.495817356515154,1.6581943522143303,0.5997912768799136,0.71105179165367,1.6283713627614493,2.6730268042706795,0.9115,0.08895552223888056
exit_crossed_quoted,daily_era,full,fixed_cell,,margin,a0,0.1,"sell only when v >= 0.10, baseline (HAR + calendar OLS)",2000,2.014411035975019,1.5282997185745861,0.6634737649757683,0.5057023406798287,1.4960944147788189,2.6782368732625743,0.771,0.22938530734632684
exit_crossed_quoted,daily_era,full,fixed_cell,,margin,a0,0.15,"sell only when v >= 0.15, baseline (HAR + calendar OLS)",2000,1.3611263302863732,1.330100271765462,0.7122938466459995,0.2315288664080954,1.3066622211567593,2.5508100079160045,0.5335,0.46676661669165415
exit_crossed_quoted,daily_era,full,fixed_cell,,margin,a0,0.2,"sell only when v >= 0.20, baseline (HAR + calendar OLS)",2000,0.6019307782906695,1.0690732712644777,0.7653232117908033,-0.1087619511703955,1.0204989048394668,2.4232935403134213,0.293,0.7071464267866067
exit_crossed_quoted,daily_era,full,fixed_cell,,margin,a0,0.3,"sell only when v >= 0.30, baseline (HAR + calendar OLS)",2000,0.05020797044661942,0.79903313168197,0.7426393425197425,-0.3434760123471638,0.7639609336811726,2.062326453762775,0.1665,0.8335832083958021
exit_crossed_quoted,daily_era,full,fixed_cell,,margin,blk2,0.0,"sell only when v >= 0.00, block-diagonal ridge",2000,2.4836067003663262,1.9069428704670173,0.5149449357512378,1.0729611135806572,1.8893961591422967,2.7727984563901193,0.8775,0.12293853073463268
exit_crossed_quoted,daily_era,full,fixed_cell,,margin,blk2,0.05,"sell only when v >= 0.05, block-diagonal ridge",2000,1.8061174968833287,1.6837551939341697,0.5909586126145471,0.7379558324663918,1.682711640035315,2.671399643649281,0.5825,0.4177911044477761
exit_crossed_quoted,daily_era,full,fixed_cell,,margin,blk2,0.1,"sell only when v >= 0.10, block-diagonal ridge",2000,1.6276273008757254,1.4200082585315217,0.6460986924970961,0.4174924692669344,1.3845604860242686,2.5331628472336,0.645,0.3553223388305847
exit_crossed_quoted,daily_era,full,fixed_cell,,margin,blk2,0.15,"sell only when v >= 0.15, block-diagonal ridge",2000,0.9580084224655223,1.2901621699742583,0.6885828288808841,0.2016091849569785,1.2685081118867587,2.4717497393310515,0.326,0.6741629185407296
exit_crossed_quoted,daily_era,full,fixed_cell,,margin,blk2,0.2,"sell only when v >= 0.20, block-diagonal ridge",2000,0.6950562175800268,1.1306213097264999,0.7453374438985501,-0.003031330590710646,1.0837601053501738,2.437354790035348,0.2925,0.7076461769115442
exit_crossed_quoted,daily_era,full,fixed_cell,,margin,blk2,0.3,"sell only when v >= 0.30, block-diagonal ridge",2000,0.7028103618501328,0.7282090685621324,0.7808579301967913,-0.4759733797898151,0.7089205612659546,2.0179163116341234,0.498,0.5022488755622189
exit_crossed_quoted,daily_era,full,fixed_cell,,margin,blk2_inc,0.0,"sell only when v >= 0.00, block-diagonal ridge, without the FOMC columns",2000,2.2869884161629837,1.859609318512029,0.5270224746693354,1.0182737114704004,1.8431076485003817,2.784725507483525,0.804,0.19640179910044978
exit_crossed_quoted,daily_era,full,fixed_cell,,margin,blk2_inc,0.05,"sell only when v >= 0.05, block-diagonal ridge, without the FOMC columns",2000,1.6342193029413248,1.6077700635880636,0.5893518585513059,0.6813682458644204,1.5796395571107047,2.6098128294623084,0.532,0.4682658670664668
exit_crossed_quoted,daily_era,full,fixed_cell,,margin,blk2_inc,0.1,"sell only when v >= 0.10, block-diagonal ridge, without the FOMC columns",2000,1.204011688556829,1.3712873292948906,0.6532901047014323,0.3655984507686445,1.3232169842660202,2.5104893682074887,0.422,0.5782108945527237
exit_crossed_quoted,daily_era,full,fixed_cell,,margin,blk2_inc,0.15,"sell only when v >= 0.15, block-diagonal ridge, without the FOMC columns",2000,1.208057828735238,1.241087534897456,0.7168658681189886,0.1444522107392709,1.1962304269246578,2.5046276006563053,0.507,0.49325337331334335
exit_crossed_quoted,daily_era,full,fixed_cell,,margin,blk2_inc,0.2,"sell only when v >= 0.20, block-diagonal ridge, without the FOMC columns",2000,0.7225907638193956,1.065128782291845,0.7311771835285468,-0.09500739399343228,1.022160313652563,2.2882774097988157,0.3435,0.656671664167916
exit_crossed_quoted,daily_era,full,fixed_cell,,margin,blk2_inc,0.3,"sell only when v >= 0.30, block-diagonal ridge, without the FOMC columns",2000,0.5036760038317317,0.7487828312846914,0.7726660653592541,-0.48584457328024566,0.7220848311646405,2.0206098324107984,0.398,0.6021989005497251
exit_crossed_quoted,daily_era,full,fixed_cell,,margin,lgbm,0.0,"sell only when v >= 0.00, LightGBM",2000,2.4506825631045976,1.8780490201867606,0.5140637389111655,1.0809201901773973,1.8562830461037148,2.7485522111504097,0.863,0.1374312843578211
exit_crossed_quoted,daily_era,full,fixed_cell,,margin,lgbm,0.05,"sell only when v >= 0.05, LightGBM",2000,1.973206176804096,1.6680528072536112,0.5805539924843071,0.7484222179836802,1.6571150047910148,2.6418229479633504,0.707,0.2933533233383308
exit_crossed_quoted,daily_era,full,fixed_cell,,margin,lgbm,0.1,"sell only when v >= 0.10, LightGBM",2000,1.9840252724581464,1.3742651016036453,0.6463755068913729,0.3776544903854591,1.3475464867109386,2.517398831580159,0.83,0.17041479260369816
exit_crossed_quoted,daily_era,full,fixed_cell,,margin,lgbm,0.15,"sell only when v >= 0.15, LightGBM",2000,1.1559291760529196,1.2900336249090674,0.7324937134872276,0.18713633391912343,1.236179202784929,2.5676073174655465,0.455,0.5452273863068465
exit_crossed_quoted,daily_era,full,fixed_cell,,margin,lgbm,0.2,"sell only when v >= 0.20, LightGBM",2000,0.6338046418707476,1.0291530235272046,0.7386830586692557,-0.12011315108360231,0.9874941788539817,2.322827900038774,0.31,0.6901549225387307
exit_crossed_quoted,daily_era,full,fixed_cell,,margin,lgbm,0.3,"sell only when v >= 0.30, LightGBM",2000,0.4105365184826899,0.7872248589562142,0.7719579461427989,-0.42427167898986695,0.7643870113495029,2.085273900489586,0.3365,0.6636681659170415
exit_crossed_quoted,daily_era,full,fixed_cell,,margin,xgb,0.0,"sell only when v >= 0.00, XGBoost",2000,2.8536586905652563,1.8978435951267876,0.5155212981137276,1.1162376944604226,1.8728410778580662,2.7882134580176183,0.956,0.04447776111944028
exit_crossed_quoted,daily_era,full,fixed_cell,,margin,xgb,0.05,"sell only when v >= 0.05, XGBoost",2000,2.37357541905853,1.6670242958975765,0.5820003343978416,0.7897418828339494,1.6301708509757238,2.666842426948711,0.8815,0.11894052973513243
exit_crossed_quoted,daily_era,full,fixed_cell,,margin,xgb,0.1,"sell only when v >= 0.10, XGBoost",2000,1.9552760278523347,1.3794843184913288,0.6711455130703552,0.3270750923740208,1.3263480379707193,2.508177672724323,0.8005,0.19990004997501248
exit_crossed_quoted,daily_era,full,fixed_cell,,margin,xgb,0.15,"sell only when v >= 0.15, XGBoost",2000,1.2243147806467487,1.2738904470838521,0.7083294293697288,0.16271190965153248,1.2367927151440945,2.5367025753779178,0.4925,0.5077461269365318
exit_crossed_quoted,daily_era,full,fixed_cell,,margin,xgb,0.2,"sell only when v >= 0.20, XGBoost",2000,0.9774001846372835,1.073015206212816,0.7446386626576842,-0.10681774081250095,1.02328561905611,2.3548568950009523,0.4705,0.5297351324337831
exit_crossed_quoted,daily_era,full,fixed_cell,,margin,xgb,0.3,"sell only when v >= 0.30, XGBoost",2000,0.38363687973006444,0.7732621627570363,0.7617802692615363,-0.4318456660087144,0.7366278597471624,2.0774234006697507,0.3265,0.6736631684157921
exit_crossed_quoted,daily_era,full,fixed_cell,,margin,lasso_t,0.0,"sell only when v >= 0.00, lasso (causally tuned)",2000,2.525908272119251,1.8518308835796193,0.5216350238044274,1.0535913435905053,1.8193177725857654,2.760328943997965,0.8905,0.10994502748625687
exit_crossed_quoted,daily_era,full,fixed_cell,,margin,lasso_t,0.05,"sell only when v >= 0.05, lasso (causally tuned)",2000,2.033140128639836,1.644831795039751,0.5774225825578976,0.7354607389623955,1.623352910269859,2.640297029488067,0.7625,0.23788105947026486
exit_crossed_quoted,daily_era,full,fixed_cell,,margin,lasso_t,0.1,"sell only when v >= 0.10, lasso (causally tuned)",2000,2.0289737868572475,1.4966298289235247,0.6721417414370056,0.4655185390618137,1.4447345964777334,2.671816068511561,0.783,0.21739130434782608
exit_crossed_quoted,daily_era,full,fixed_cell,,margin,lasso_t,0.15,"sell only when v >= 0.15, lasso (causally tuned)",2000,1.0728298415950421,1.2353806707364199,0.691298948152396,0.16000723883556642,1.1622702670939762,2.433205540156728,0.4465,0.5537231384307846
exit_crossed_quoted,daily_era,full,fixed_cell,,margin,lasso_t,0.2,"sell only when v >= 0.20, lasso (causally tuned)",2000,0.7031622116375122,1.058597754626507,0.7330367336081847,-0.05589823796368701,1.020595848808898,2.324938288556222,0.3325,0.6676661669165417
exit_crossed_quoted,daily_era,full,fixed_cell,,margin,lasso_t,0.3,"sell only when v >= 0.30, lasso (causally tuned)",2000,0.3911584702415281,0.7146454970134272,0.7744171224301043,-0.5343242005390966,0.6918960189100563,2.001458708609373,0.348,0.6521739130434783
exit_crossed_quoted,daily_era,full,fixed_cell,,margin,lasso_f,0.0,"sell only when v >= 0.00, lasso (fixed 1e-4)",2000,2.5901653698619658,1.9396497498457843,0.4953048240530899,1.1704975318120963,1.9223496332224828,2.795513974209148,0.903,0.09745127436281859
exit_crossed_quoted,daily_era,full,fixed_cell,,margin,lasso_f,0.05,"sell only when v >= 0.05, lasso (fixed 1e-4)",2000,2.0665742890682237,1.6634564177970128,0.6063812743064719,0.7407012325013023,1.6139339887948796,2.761552369175656,0.755,0.24537731134432783
exit_crossed_quoted,daily_era,full,fixed_cell,,margin,lasso_f,0.1,"sell only when v >= 0.10, lasso (fixed 1e-4)",2000,1.5426203287791604,1.4075075820964245,0.6322982095282337,0.4067969229939205,1.3813009183002627,2.489417902268741,0.5985,0.4017991004497751
exit_crossed_quoted,daily_era,full,fixed_cell,,margin,lasso_f,0.15,"sell only when v >= 0.15, lasso (fixed 1e-4)",2000,0.9793407706068945,1.2811536409551851,0.711306462320725,0.1654162195748273,1.2322922978649655,2.5188559515878786,0.36,0.6401799100449775
exit_crossed_quoted,daily_era,full,fixed_cell,,margin,lasso_f,0.2,"sell only when v >= 0.20, lasso (fixed 1e-4)",2000,1.6285778516012726,1.0879238526083042,0.7327995200974418,-0.05725707121814235,1.0541414404595018,2.357187649351562,0.782,0.21839080459770116
exit_crossed_quoted,daily_era,full,fixed_cell,,margin,lasso_f,0.3,"sell only when v >= 0.30, lasso (fixed 1e-4)",2000,0.5031875414183271,0.7608435493840545,0.7823203938713942,-0.46325091338632646,0.7314128750475173,2.0992247769748764,0.3985,0.6016991504247876
exit_crossed_quoted,daily_era,full,fixed_cell,,margin,enet,0.0,"sell only when v >= 0.00, elastic net (causally tuned)",2000,2.6083852935391296,1.884917680733014,0.5360674447488125,1.060918817221722,1.8530673792535304,2.8142799071038587,0.9035,0.09695152423788106
exit_crossed_quoted,daily_era,full,fixed_cell,,margin,enet,0.05,"sell only when v >= 0.05, elastic net (causally tuned)",2000,2.064204171575996,1.6308728548026696,0.5863125807596834,0.7230581542036298,1.5835578442072746,2.649215033354822,0.7775,0.22288855572213892
exit_crossed_quoted,daily_era,full,fixed_cell,,margin,enet,0.1,"sell only when v >= 0.10, elastic net (causally tuned)",2000,1.2550586608501488,1.339645811479349,0.6733663784974077,0.3187236528450605,1.2964976526786152,2.543012724825009,0.4755,0.5247376311844077
exit_crossed_quoted,daily_era,full,fixed_cell,,margin,enet,0.15,"sell only when v >= 0.15, elastic net (causally tuned)",2000,1.5369531614968297,1.2545879743314117,0.7225161065860022,0.1603219664243743,1.2123556866671448,2.5309305209281994,0.6735,0.3268365817091454
exit_crossed_quoted,daily_era,full,fixed_cell,,margin,enet,0.2,"sell only when v >= 0.20, elastic net (causally tuned)",2000,0.48193117235791894,1.0852194551649872,0.7325276950929055,-0.037349965010149644,1.0174860648562771,2.387248589573516,0.2085,0.7916041979010495
exit_crossed_quoted,daily_era,full,fixed_cell,,margin,enet,0.3,"sell only when v >= 0.30, elastic net (causally tuned)",2000,0.5879907014777103,0.6992438123770773,0.7696753369852105,-0.5203893119336941,0.6724388627495099,2.016647383427624,0.467,0.5332333833083458
exit_crossed_quoted,daily_era,oos,fixed_cell,,margin,a0,0.0,"sell only when v >= 0.00, baseline (HAR + calendar OLS)",2000,3.0852558446152614,1.831940556294455,0.5366214967346038,1.0038071557170543,1.8109587000591922,2.7838879275340496,0.987,0.013493253373313344
exit_crossed_quoted,daily_era,oos,fixed_cell,,margin,a0,0.05,"sell only when v >= 0.05, baseline (HAR + calendar OLS)",2000,2.495817356515154,1.6522953809761267,0.5945977845808971,0.7320418330240566,1.6259812524265547,2.6712351120201236,0.913,0.08745627186406797
exit_crossed_quoted,daily_era,oos,fixed_cell,,margin,a0,0.1,"sell only when v >= 0.10, baseline (HAR + calendar OLS)",2000,2.014411035975019,1.544701658979227,0.6623859660565167,0.5253339083087677,1.5110576833694747,2.7387875756295457,0.7695,0.23088455772113944
exit_crossed_quoted,daily_era,oos,fixed_cell,,margin,a0,0.15,"sell only when v >= 0.15, baseline (HAR + calendar OLS)",2000,1.3611263302863732,1.2999591215597344,0.7119604519321899,0.21431877216614872,1.253034615892382,2.5426799343770967,0.558,0.44227886056971516
exit_crossed_quoted,daily_era,oos,fixed_cell,,margin,a0,0.2,"sell only when v >= 0.20, baseline (HAR + calendar OLS)",2000,0.6019307782906695,1.0518954193738215,0.7298829730210801,-0.11851374306713634,1.034755840123747,2.300335684427557,0.2845,0.7156421789105447
exit_crossed_quoted,daily_era,oos,fixed_cell,,margin,a0,0.3,"sell only when v >= 0.30, baseline (HAR + calendar OLS)",2000,0.05020797044661942,0.8190783616269698,0.7597528794509553,-0.4505758066179733,0.8256894406375577,2.0569529051927584,0.1715,0.8285857071464268
exit_crossed_quoted,daily_era,oos,fixed_cell,,margin,blk2,0.0,"sell only when v >= 0.00, block-diagonal ridge",2000,2.4836067003663262,1.8903244902132323,0.5094518757742086,1.105576194826343,1.8665571825078349,2.771408586194134,0.873,0.12743628185907047
exit_crossed_quoted,daily_era,oos,fixed_cell,,margin,blk2,0.05,"sell only when v >= 0.05, block-diagonal ridge",2000,1.8061174968833287,1.6581026318519916,0.5811826669647819,0.739484592238444,1.6369341319549928,2.6570814903008357,0.6215,0.37881059470264866
exit_crossed_quoted,daily_era,oos,fixed_cell,,margin,blk2,0.1,"sell only when v >= 0.10, block-diagonal ridge",2000,1.6276273008757254,1.4207545869198028,0.6459670953907722,0.4054397817917223,1.3840164419462004,2.539441445023835,0.6575,0.3428285857071464
exit_crossed_quoted,daily_era,oos,fixed_cell,,margin,blk2,0.15,"sell only when v >= 0.15, block-diagonal ridge",2000,0.9580084224655223,1.3074991039034156,0.6986738339635555,0.21873966093082328,1.2724118278392882,2.5249596106657926,0.3295,0.670664667666167
exit_crossed_quoted,daily_era,oos,fixed_cell,,margin,blk2,0.2,"sell only when v >= 0.20, block-diagonal ridge",2000,0.6950562175800268,1.1766875782929374,0.7555836571420059,0.0022940500081138097,1.11975505128296,2.5297227993586806,0.2745,0.7256371814092953
exit_crossed_quoted,daily_era,oos,fixed_cell,,margin,blk2,0.3,"sell only when v >= 0.30, block-diagonal ridge",2000,0.7028103618501328,0.7537858064865234,0.7766950065287219,-0.4730007780474242,0.7243900839696731,2.117749409446594,0.4895,0.5107446276861569
exit_crossed_quoted,daily_era,oos,fixed_cell,,margin,blk2_inc,0.0,"sell only when v >= 0.00, block-diagonal ridge, without the FOMC columns",2000,2.2869884161629837,1.847805722122772,0.49480011437301497,1.0706972343001127,1.8325278923765698,2.698980484002674,0.8085,0.191904047976012
exit_crossed_quoted,daily_era,oos,fixed_cell,,margin,blk2_inc,0.05,"sell only when v >= 0.05, block-diagonal ridge, without the FOMC columns",2000,1.6342193029413248,1.6413187193868999,0.5838704156352892,0.7194934652688754,1.626006832189408,2.6133815991314657,0.5075,0.4927536231884058
exit_crossed_quoted,daily_era,oos,fixed_cell,,margin,blk2_inc,0.1,"sell only when v >= 0.10, block-diagonal ridge, without the FOMC columns",2000,1.204011688556829,1.3463201494637587,0.6457120927136447,0.31807070139330473,1.310336812262735,2.44397101079238,0.436,0.5642178910544727
exit_crossed_quoted,daily_era,oos,fixed_cell,,margin,blk2_inc,0.15,"sell only when v >= 0.15, block-diagonal ridge, without the FOMC columns",2000,1.208057828735238,1.2801251204151674,0.7060637902967466,0.2176849702599387,1.233995859477571,2.55372242622138,0.487,0.5132433783108445
exit_crossed_quoted,daily_era,oos,fixed_cell,,margin,blk2_inc,0.2,"sell only when v >= 0.20, block-diagonal ridge, without the FOMC columns",2000,0.7225907638193956,1.0994027987105588,0.7044780620467874,-0.0034104335206685175,1.0792016584932242,2.2716358677725736,0.31,0.6901549225387307
exit_crossed_quoted,daily_era,oos,fixed_cell,,margin,blk2_inc,0.3,"sell only when v >= 0.30, block-diagonal ridge, without the FOMC columns",2000,0.5036760038317317,0.7796700793039639,0.7695262804917372,-0.4452814509230963,0.7664400011306862,2.0880922508599458,0.379,0.6211894052973513
exit_crossed_quoted,daily_era,oos,fixed_cell,,margin,lgbm,0.0,"sell only when v >= 0.00, LightGBM",2000,2.4506825631045976,1.8920212986942788,0.540006408909001,1.0556767021294076,1.8501061141128843,2.844406499611591,0.847,0.15342328835582209
exit_crossed_quoted,daily_era,oos,fixed_cell,,margin,lgbm,0.05,"sell only when v >= 0.05, LightGBM",2000,1.973206176804096,1.6730191714651643,0.5830945354007488,0.8122256837464946,1.632388510321017,2.668774328158476,0.7105,0.2898550724637681
exit_crossed_quoted,daily_era,oos,fixed_cell,,margin,lgbm,0.1,"sell only when v >= 0.10, LightGBM",2000,1.9840252724581464,1.3780809962073943,0.6454951347294141,0.372482071952555,1.3450595724291508,2.5181359786565003,0.8325,0.1679160419790105
exit_crossed_quoted,daily_era,oos,fixed_cell,,margin,lgbm,0.15,"sell only when v >= 0.15, LightGBM",2000,1.1559291760529196,1.2840408574861581,0.705991104894881,0.15389780919372545,1.2667970016460597,2.4399541442294854,0.436,0.5642178910544727
exit_crossed_quoted,daily_era,oos,fixed_cell,,margin,lgbm,0.2,"sell only when v >= 0.20, LightGBM",2000,0.6338046418707476,1.055085910139765,0.7228869785483231,-0.07283126645093493,1.0100590738592155,2.28733385140967,0.288,0.712143928035982
exit_crossed_quoted,daily_era,oos,fixed_cell,,margin,lgbm,0.3,"sell only when v >= 0.30, LightGBM",2000,0.4105365184826899,0.7793628070619139,0.7709314702124757,-0.41578061074312744,0.7424564747298545,2.0525894677832195,0.348,0.6521739130434783
exit_crossed_quoted,daily_era,oos,fixed_cell,,margin,xgb,0.0,"sell only when v >= 0.00, XGBoost",2000,2.8536586905652563,1.881022091690772,0.5179168504590248,1.0886502324270557,1.8466816341372487,2.7744936534789435,0.9595,0.04097951024487756
exit_crossed_quoted,daily_era,oos,fixed_cell,,margin,xgb,0.05,"sell only when v >= 0.05, XGBoost",2000,2.37357541905853,1.6596620389999626,0.5902287327234907,0.7543835929344452,1.6182146582507069,2.695958826260642,0.884,0.11644177911044477
exit_crossed_quoted,daily_era,oos,fixed_cell,,margin,xgb,0.1,"sell only when v >= 0.10, XGBoost",2000,1.9552760278523347,1.3805396092940836,0.6306287171991853,0.39115961599469506,1.3420338127552833,2.461618871770076,0.8245,0.175912043978011
exit_crossed_quoted,daily_era,oos,fixed_cell,,margin,xgb,0.15,"sell only when v >= 0.15, XGBoost",2000,1.2243147806467487,1.2683624401407496,0.6928028616193684,0.23578694351791668,1.2236544627084749,2.43577522732888,0.5005,0.49975012493753124
exit_crossed_quoted,daily_era,oos,fixed_cell,,margin,xgb,0.2,"sell only when v >= 0.20, XGBoost",2000,0.9774001846372835,1.102696975862251,0.7388714025241788,-0.05196869099398457,1.0882325200976795,2.3967581169396115,0.4435,0.5567216391804098
exit_crossed_quoted,daily_era,oos,fixed_cell,,margin,xgb,0.3,"sell only when v >= 0.30, XGBoost",2000,0.38363687973006444,0.7770037318179234,0.7586097562525566,-0.45529934765507074,0.7418791594391498,2.035617387408985,0.315,0.6851574212893553
exit_crossed_quoted,daily_era,oos,fixed_cell,,margin,lasso_t,0.0,"sell only when v >= 0.00, lasso (causally tuned)",2000,2.525908272119251,1.8529929997334749,0.5196006709521258,1.0187779482870856,1.837866857676714,2.7536965510362466,0.898,0.1024487756121939
exit_crossed_quoted,daily_era,oos,fixed_cell,,margin,lasso_t,0.05,"sell only when v >= 0.05, lasso (causally tuned)",2000,2.033140128639836,1.6354442575513777,0.6114237681820248,0.6656484414447056,1.5915331963167303,2.686136451012339,0.752,0.248375812093953
exit_crossed_quoted,daily_era,oos,fixed_cell,,margin,lasso_t,0.1,"sell only when v >= 0.10, lasso (causally tuned)",2000,2.0289737868572475,1.4639691002749056,0.6798368013955904,0.4228757858523802,1.417931343779539,2.657344611900578,0.799,0.2013993003498251
exit_crossed_quoted,daily_era,oos,fixed_cell,,margin,lasso_t,0.15,"sell only when v >= 0.15, lasso (causally tuned)",2000,1.0728298415950421,1.2420792637152316,0.7003940042150271,0.17403798494751943,1.2233447622662739,2.474466262112946,0.4115,0.5887056471764118
exit_crossed_quoted,daily_era,oos,fixed_cell,,margin,lasso_t,0.2,"sell only when v >= 0.20, lasso (causally tuned)",2000,0.7031622116375122,1.0584460392795194,0.7174642395206506,-0.07603884646727577,1.046852866844041,2.30130080031685,0.3215,0.6786606696651675
exit_crossed_quoted,daily_era,oos,fixed_cell,,margin,lasso_t,0.3,"sell only when v >= 0.30, lasso (causally tuned)",2000,0.3911584702415281,0.7100012104820674,0.7664571158555528,-0.5084215921835468,0.689572930801186,2.0273417128289215,0.3605,0.63968015992004
exit_crossed_quoted,daily_era,oos,fixed_cell,,margin,lasso_f,0.0,"sell only when v >= 0.00, lasso (fixed 1e-4)",2000,2.5901653698619658,1.909833327275349,0.5015911659196244,1.1397802813776545,1.8738525864908013,2.7652349572044708,0.903,0.09745127436281859
exit_crossed_quoted,daily_era,oos,fixed_cell,,margin,lasso_f,0.05,"sell only when v >= 0.05, lasso (fixed 1e-4)",2000,2.0665742890682237,1.6694810495059864,0.5828453855306571,0.7564690073259055,1.646005713993193,2.6672546586805197,0.768,0.23238380809595202
exit_crossed_quoted,daily_era,oos,fixed_cell,,margin,lasso_f,0.1,"sell only when v >= 0.10, lasso (fixed 1e-4)",2000,1.5426203287791604,1.4084914497504277,0.6369687237771704,0.41359505869653357,1.3697740582165148,2.5321882510161533,0.6125,0.38780609695152424
exit_crossed_quoted,daily_era,oos,fixed_cell,,margin,lasso_f,0.15,"sell only when v >= 0.15, lasso (fixed 1e-4)",2000,0.9793407706068945,1.3176898249214049,0.704575936805597,0.24316014887198772,1.2795528641630372,2.584769323156269,0.331,0.6691654172913544
exit_crossed_quoted,daily_era,oos,fixed_cell,,margin,lasso_f,0.2,"sell only when v >= 0.20, lasso (fixed 1e-4)",2000,1.6285778516012726,1.1176758377091187,0.7308437315686763,0.011959155899291186,1.0609653232784928,2.394674261436699,0.765,0.2353823088455772
exit_crossed_quoted,daily_era,oos,fixed_cell,,margin,lasso_f,0.3,"sell only when v >= 0.30, lasso (fixed 1e-4)",2000,0.5031875414183271,0.7208003400584755,0.7844623789408669,-0.5499979710097054,0.6775264669167982,2.0008335048193953,0.42,0.5802098950524738
exit_crossed_quoted,daily_era,oos,fixed_cell,,margin,enet,0.0,"sell only when v >= 0.00, elastic net (causally tuned)",2000,2.6083852935391296,1.8722967289321537,0.5162979597529725,1.0662424465685492,1.839076026156016,2.784518115912724,0.9155,0.08495752123938032
exit_crossed_quoted,daily_era,oos,fixed_cell,,margin,enet,0.05,"sell only when v >= 0.05, elastic net (causally tuned)",2000,2.064204171575996,1.6341733782235883,0.5957285271976238,0.7138327738085273,1.59678021494756,2.6428665540158702,0.768,0.23238380809595202
exit_crossed_quoted,daily_era,oos,fixed_cell,,margin,enet,0.1,"sell only when v >= 0.10, elastic net (causally tuned)",2000,1.2550586608501488,1.3296900121574218,0.6620332416165411,0.2813640838540462,1.2913718454354584,2.537891876994858,0.4735,0.526736631684158
exit_crossed_quoted,daily_era,oos,fixed_cell,,margin,enet,0.15,"sell only when v >= 0.15, elastic net (causally tuned)",2000,1.5369531614968297,1.2519916844028556,0.7116258054024268,0.1693517113843572,1.2003082681686523,2.4885372376765007,0.669,0.3313343328335832
exit_crossed_quoted,daily_era,oos,fixed_cell,,margin,enet,0.2,"sell only when v >= 0.20, elastic net (causally tuned)",2000,0.48193117235791894,1.0975297481014004,0.7428171699960231,-0.022352091618523053,1.0571935793560154,2.434588589023399,0.206,0.7941029485257372
exit_crossed_quoted,daily_era,oos,fixed_cell,,margin,enet,0.3,"sell only when v >= 0.30, elastic net (causally tuned)",2000,0.5879907014777103,0.7201279759884062,0.7846122449136375,-0.5272367456538892,0.6916131481746188,2.019110040901878,0.4545,0.545727136431784
exit_crossed_quoted,daily_era,oos,walk_forward_selected,full_grid,margin,,,"full_grid: (forecast, theta) chosen on an expanding window, 5-day embargo",2000,2.605879886728929,1.724550595459258,0.5805970959947923,0.8088194959209307,1.7001852673212798,2.7294447228687813,0.925,0.07546226886556721
exit_crossed_quoted,daily_era,oos,walk_forward_selected,theta_only_blk2,margin,,,"theta_only_blk2: (forecast, theta) chosen on an expanding window, 5-day embargo",2000,1.7135210583762892,1.8264839369312937,0.5409675965433773,0.9974690851325432,1.7916980561898082,2.7353812380784026,0.439,0.5612193903048476
exit_crossed_quoted,daily_era,oos,walk_forward_selected,theta_only_a0,margin,,,"theta_only_a0: (forecast, theta) chosen on an expanding window, 5-day embargo",2000,2.4729918736041583,1.9629321460740123,0.5100799204689291,1.1698529775136903,1.935113542314436,2.8332780782823943,0.8505,0.14992503748125938
exit_mid_model,whole,full,fixed_cell,,margin,a0,0.0,"sell only when v >= 0.00, baseline (HAR + calendar OLS)",2000,4.466431301293432,3.4921440546249216,0.41918394374388246,2.8257629401699966,3.466779694978471,4.202504217158812,0.9835,0.01699150424787606
exit_mid_model,whole,full,fixed_cell,,margin,a0,0.05,"sell only when v >= 0.05, baseline (HAR + calendar OLS)",2000,3.742015607070471,3.081045293588989,0.4840772110204277,2.3186224308330807,3.062810694333591,3.8806664151774934,0.9075,0.09295352323838081
exit_mid_model,whole,full,fixed_cell,,margin,a0,0.1,"sell only when v >= 0.10, baseline (HAR + calendar OLS)",2000,2.949738757337151,2.677282570576975,0.5210988229712272,1.8568802750933078,2.6443345928799635,3.574248541647899,0.699,0.30134932533733133
exit_mid_model,whole,full,fixed_cell,,margin,a0,0.15,"sell only when v >= 0.15, baseline (HAR + calendar OLS)",2000,2.370203367337666,2.2357544238354303,0.5468756008494433,1.3492110477386587,2.2311654676920245,3.123942342217518,0.599,0.4012993503248376
exit_mid_model,whole,full,fixed_cell,,margin,a0,0.2,"sell only when v >= 0.20, baseline (HAR + calendar OLS)",2000,1.5804639091221708,1.9180126119499519,0.5680845053509398,1.0099328986465828,1.907410925307321,2.8409410022372668,0.287,0.7131434282858571
exit_mid_model,whole,full,fixed_cell,,margin,a0,0.3,"sell only when v >= 0.30, baseline (HAR + calendar OLS)",2000,0.9877737845777894,1.3395558451866856,0.5745483727288979,0.4019026324370233,1.3334554686670692,2.2866202952907746,0.2795,0.7206396801599201
exit_mid_model,whole,full,fixed_cell,,margin,blk2,0.0,"sell only when v >= 0.00, block-diagonal ridge",2000,4.038432017812388,3.4847610610271738,0.425621923397371,2.8275401837882845,3.476929319054392,4.223828965915855,0.901,0.09945027486256872
exit_mid_model,whole,full,fixed_cell,,margin,blk2,0.05,"sell only when v >= 0.05, block-diagonal ridge",2000,3.501075037041329,3.0910652369097855,0.475487349323396,2.3321677470279445,3.099089696065011,3.914802281648621,0.8065,0.19390304847576212
exit_mid_model,whole,full,fixed_cell,,margin,blk2,0.1,"sell only when v >= 0.10, block-diagonal ridge",2000,2.849071528595023,2.5878303028884826,0.5244620434188478,1.7294172427617964,2.573514620303936,3.4766809912158156,0.694,0.30634682658670664
exit_mid_model,whole,full,fixed_cell,,margin,blk2,0.15,"sell only when v >= 0.15, block-diagonal ridge",2000,1.8516719291002541,2.2529720501581,0.5594214571822257,1.3567939140226635,2.234178598711054,3.198084524832493,0.2505,0.7496251874062968
exit_mid_model,whole,full,fixed_cell,,margin,blk2,0.2,"sell only when v >= 0.20, block-diagonal ridge",2000,1.386779783401174,1.911824831956974,0.5742487159646376,0.9878667678473406,1.898664256584199,2.8414671825187985,0.1825,0.8175912043978011
exit_mid_model,whole,full,fixed_cell,,margin,blk2,0.3,"sell only when v >= 0.30, block-diagonal ridge",2000,1.1367882731292271,1.250970358633901,0.5877035565692167,0.29035279978360545,1.262215203252938,2.208978617666194,0.427,0.5732133933033483
exit_mid_model,whole,full,fixed_cell,,margin,blk2_inc,0.0,"sell only when v >= 0.00, block-diagonal ridge, without the FOMC columns",2000,3.94183144025704,3.441727748077888,0.43901631906084654,2.756256929475326,3.4224992314049967,4.199250424307091,0.8685,0.13193403298350825
exit_mid_model,whole,full,fixed_cell,,margin,blk2_inc,0.05,"sell only when v >= 0.05, block-diagonal ridge, without the FOMC columns",2000,3.3732308711214527,3.0325232742917776,0.47657757680039414,2.278295702870701,3.0156197507071654,3.855396968955275,0.7715,0.2288855572213893
exit_mid_model,whole,full,fixed_cell,,margin,blk2_inc,0.1,"sell only when v >= 0.10, block-diagonal ridge, without the FOMC columns",2000,2.456432763528499,2.495528289458198,0.5217541989523202,1.632067380821739,2.4960059994089097,3.3710403349231863,0.468,0.5322338830584707
exit_mid_model,whole,full,fixed_cell,,margin,blk2_inc,0.15,"sell only when v >= 0.15, block-diagonal ridge, without the FOMC columns",2000,1.90467870610388,2.203021670975132,0.5427362852846402,1.3617565367410334,2.187223531397673,3.1225132924544186,0.3015,0.6986506746626686
exit_mid_model,whole,full,fixed_cell,,margin,blk2_inc,0.2,"sell only when v >= 0.20, block-diagonal ridge, without the FOMC columns",2000,1.5689201794815002,1.86017987843346,0.5784348042210814,0.9369551129518406,1.8385444543978477,2.868755384528807,0.3215,0.6786606696651675
exit_mid_model,whole,full,fixed_cell,,margin,blk2_inc,0.3,"sell only when v >= 0.30, block-diagonal ridge, without the FOMC columns",2000,1.1823734901653389,1.1597961674890818,0.6052557138012719,0.15195764047621232,1.1541292933633238,2.168808136569979,0.519,0.48125937031484256
exit_mid_model,whole,full,fixed_cell,,margin,lgbm,0.0,"sell only when v >= 0.00, LightGBM",2000,4.028351380703456,3.5079618332361107,0.43769097277062485,2.8226390507552335,3.4905577800148997,4.233478044455504,0.8805,0.1199400299850075
exit_mid_model,whole,full,fixed_cell,,margin,lgbm,0.05,"sell only when v >= 0.05, LightGBM",2000,3.4354327973423326,3.093248398417112,0.47851012219390365,2.323950274857865,3.089249488561011,3.8742126976305666,0.7695,0.23088455772113944
exit_mid_model,whole,full,fixed_cell,,margin,lgbm,0.1,"sell only when v >= 0.10, LightGBM",2000,3.1301430713917373,2.586441444917714,0.5181932877120962,1.7722364006988243,2.568189118152909,3.466672710664113,0.85,0.1504247876061969
exit_mid_model,whole,full,fixed_cell,,margin,lgbm,0.15,"sell only when v >= 0.15, LightGBM",2000,2.2499281756725904,2.213469548074217,0.5492697246047303,1.3514350880624577,2.2027660447109243,3.155771790899797,0.535,0.46526736631684157
exit_mid_model,whole,full,fixed_cell,,margin,lgbm,0.2,"sell only when v >= 0.20, LightGBM",2000,1.5161798769334696,1.814655478103289,0.5708163610846904,0.8795603988789245,1.8150640116089487,2.7514973572959676,0.312,0.6881559220389805
exit_mid_model,whole,full,fixed_cell,,margin,lgbm,0.3,"sell only when v >= 0.30, LightGBM",2000,0.9815585303018125,1.2136168959145275,0.5700619648553285,0.29551451697242037,1.2032473951427698,2.143650210090437,0.35,0.6501749125437282
exit_mid_model,whole,full,fixed_cell,,margin,xgb,0.0,"sell only when v >= 0.00, XGBoost",2000,4.195417628479226,3.477189106751855,0.43313269444615116,2.780638643728075,3.4589880574826313,4.22739878930847,0.943,0.05747126436781609
exit_mid_model,whole,full,fixed_cell,,margin,xgb,0.05,"sell only when v >= 0.05, XGBoost",2000,3.6062229459397077,3.0590101680216106,0.4725779789995846,2.3107500638639786,3.035176407503382,3.8385519511750084,0.8745,0.12593703148425786
exit_mid_model,whole,full,fixed_cell,,margin,xgb,0.1,"sell only when v >= 0.10, XGBoost",2000,2.9358783470343317,2.5493459312957256,0.5213530389645129,1.7008062637657093,2.5421454937548047,3.4213251054307,0.761,0.23938030984507747
exit_mid_model,whole,full,fixed_cell,,margin,xgb,0.15,"sell only when v >= 0.15, XGBoost",2000,2.3488785454534797,2.2120962438129665,0.5432775069632272,1.317430331284803,2.195673973451603,3.1072459590304113,0.611,0.3893053473263368
exit_mid_model,whole,full,fixed_cell,,margin,xgb,0.2,"sell only when v >= 0.20, XGBoost",2000,1.6397128590927055,1.826153150267747,0.5788818343241181,0.902033929351036,1.8008678874052417,2.829638691917187,0.3845,0.6156921539230384
exit_mid_model,whole,full,fixed_cell,,margin,xgb,0.3,"sell only when v >= 0.30, XGBoost",2000,0.8581627810608194,1.1952587341991354,0.5740050513812158,0.2523944628505186,1.1919807009964343,2.13821900247708,0.28,0.7201399300349826
exit_mid_model,whole,full,fixed_cell,,margin,lasso_t,0.0,"sell only when v >= 0.00, lasso (causally tuned)",2000,3.9911560784416924,3.450933009302741,0.4332696439616804,2.7764261004643664,3.4436791920954546,4.178457799245852,0.893,0.10744627686156921
exit_mid_model,whole,full,fixed_cell,,margin,lasso_t,0.05,"sell only when v >= 0.05, lasso (causally tuned)",2000,3.5097616130994216,2.9998348186478085,0.48278467190280344,2.246760344680702,2.979754667430936,3.8250550266172088,0.848,0.15242378810594703
exit_mid_model,whole,full,fixed_cell,,margin,lasso_t,0.1,"sell only when v >= 0.10, lasso (causally tuned)",2000,3.0274589692392806,2.5771510830098197,0.5258618820267074,1.734052389355618,2.57078921580484,3.459014674847704,0.808,0.1924037981009495
exit_mid_model,whole,full,fixed_cell,,margin,lasso_t,0.15,"sell only when v >= 0.15, lasso (causally tuned)",2000,2.0538031139524078,2.208598963814303,0.5523496274101308,1.2920037471206798,2.202890278379769,3.141268041393346,0.393,0.6071964017991005
exit_mid_model,whole,full,fixed_cell,,margin,lasso_t,0.2,"sell only when v >= 0.20, lasso (causally tuned)",2000,1.421868149530447,1.845374760695554,0.5681269350800345,0.9131481256611229,1.8436779284170508,2.8176419483204036,0.226,0.7741129435282359
exit_mid_model,whole,full,fixed_cell,,margin,lasso_t,0.3,"sell only when v >= 0.30, lasso (causally tuned)",2000,0.9087599681243549,1.1550825651552032,0.5992824136651744,0.17511299941419226,1.1383920661119946,2.1462367335387924,0.3525,0.6476761619190404
exit_mid_model,whole,full,fixed_cell,,margin,lasso_f,0.0,"sell only when v >= 0.00, lasso (fixed 1e-4)",2000,4.102650426507562,3.529528777773281,0.42662371780299607,2.8446898813162744,3.503228906182711,4.27297304594198,0.899,0.10144927536231885
exit_mid_model,whole,full,fixed_cell,,margin,lasso_f,0.05,"sell only when v >= 0.05, lasso (fixed 1e-4)",2000,3.7107605397068295,3.0666686690024663,0.49214943247998566,2.287848288836803,3.056363364581677,3.9052710927314123,0.904,0.09645177411294353
exit_mid_model,whole,full,fixed_cell,,margin,lasso_f,0.1,"sell only when v >= 0.10, lasso (fixed 1e-4)",2000,2.748629064877775,2.6008435944163755,0.5087581714799745,1.7811043392456443,2.5851761290152995,3.475100007253511,0.6265,0.37381309345327335
exit_mid_model,whole,full,fixed_cell,,margin,lasso_f,0.15,"sell only when v >= 0.15, lasso (fixed 1e-4)",2000,1.8311551270311706,2.2460896269769055,0.557906448729189,1.3488224846694974,2.228321334603372,3.2009462876621986,0.2325,0.767616191904048
exit_mid_model,whole,full,fixed_cell,,margin,lasso_f,0.2,"sell only when v >= 0.20, lasso (fixed 1e-4)",2000,1.932409294954591,1.9031241186794643,0.5595335605725184,0.9972694037814909,1.8876806475604022,2.8042136175127466,0.5245,0.4757621189405297
exit_mid_model,whole,full,fixed_cell,,margin,lasso_f,0.3,"sell only when v >= 0.30, lasso (fixed 1e-4)",2000,0.9080906738495184,1.218035615049217,0.5909843350831291,0.2730354280348683,1.2134699539179385,2.1740750694242106,0.3065,0.6936531734132934
exit_mid_model,whole,full,fixed_cell,,margin,enet,0.0,"sell only when v >= 0.00, elastic net (causally tuned)",2000,4.033715716334524,3.4638071821018883,0.4396964484238274,2.771372339532109,3.4575207640495336,4.2198333615796635,0.9025,0.09795102448775612
exit_mid_model,whole,full,fixed_cell,,margin,enet,0.05,"sell only when v >= 0.05, elastic net (causally tuned)",2000,3.601623129867564,3.0412427060698475,0.4856117396797678,2.2656704461710135,3.0226088005571383,3.8781874490493884,0.8735,0.12693653173413294
exit_mid_model,whole,full,fixed_cell,,margin,enet,0.1,"sell only when v >= 0.10, elastic net (causally tuned)",2000,2.5545404851951665,2.5013894561057253,0.5166997344128244,1.6591952939509655,2.5073288438300056,3.3324728633587113,0.5385,0.4617691154422789
exit_mid_model,whole,full,fixed_cell,,margin,enet,0.15,"sell only when v >= 0.15, elastic net (causally tuned)",2000,2.1649907168097875,2.1970607785226486,0.5508020261999298,1.2973891026952875,2.191380337677415,3.118684594969261,0.4805,0.5197401299350325
exit_mid_model,whole,full,fixed_cell,,margin,enet,0.2,"sell only when v >= 0.20, elastic net (causally tuned)",2000,1.3137916238044485,1.7872126117086737,0.5657349250058299,0.8718253370723874,1.7635366030417066,2.7335477109984674,0.2045,0.7956021989005497
exit_mid_model,whole,full,fixed_cell,,margin,enet,0.3,"sell only when v >= 0.30, elastic net (causally tuned)",2000,0.8194914764985538,1.1776893550951,0.5834106463198722,0.212281445266133,1.1745998434450882,2.160546845091918,0.272,0.728135932033983
exit_mid_model,whole,oos,fixed_cell,,margin,a0,0.0,"sell only when v >= 0.00, baseline (HAR + calendar OLS)",2000,4.208327037617699,3.2903105610442727,0.42182202880782005,2.6637265963097496,3.2623022496760186,3.997468471094745,0.981,0.019490254872563718
exit_mid_model,whole,oos,fixed_cell,,margin,a0,0.05,"sell only when v >= 0.05, baseline (HAR + calendar OLS)",2000,3.6142329770043524,2.915089294189544,0.48618911224624906,2.1645844371768193,2.889129428963419,3.736818987107191,0.9205,0.079960019990005
exit_mid_model,whole,oos,fixed_cell,,margin,a0,0.1,"sell only when v >= 0.10, baseline (HAR + calendar OLS)",2000,2.9597168328081787,2.549714655686147,0.5318244674263802,1.7165733716010803,2.5137362354809563,3.444212656493426,0.7805,0.21989005497251374
exit_mid_model,whole,oos,fixed_cell,,margin,a0,0.15,"sell only when v >= 0.15, baseline (HAR + calendar OLS)",2000,2.2228748291259506,2.170363993637979,0.5653043200223412,1.2891763554235138,2.16135011169939,3.139984400835135,0.5565,0.44377811094452774
exit_mid_model,whole,oos,fixed_cell,,margin,a0,0.2,"sell only when v >= 0.20, baseline (HAR + calendar OLS)",2000,1.523047469880004,1.8387742776818548,0.5907157013014795,0.8984271898606243,1.8170728194822738,2.839958454997457,0.3115,0.688655672163918
exit_mid_model,whole,oos,fixed_cell,,margin,a0,0.3,"sell only when v >= 0.30, baseline (HAR + calendar OLS)",2000,0.9204241636559276,1.291031760600964,0.6063048329456832,0.3313958358881348,1.2903939108753515,2.3169117141178788,0.2985,0.7016491754122939
exit_mid_model,whole,oos,fixed_cell,,margin,blk2,0.0,"sell only when v >= 0.00, block-diagonal ridge",2000,3.7797361300593217,3.305846946037877,0.4455553005517541,2.609874458056095,3.2930201363879625,4.05010582358333,0.8555,0.14492753623188406
exit_mid_model,whole,oos,fixed_cell,,margin,blk2,0.05,"sell only when v >= 0.05, block-diagonal ridge",2000,3.2435002346331845,2.95657033196078,0.495194273743784,2.1760692825850736,2.933285632563357,3.79975883285834,0.721,0.27936031984008
exit_mid_model,whole,oos,fixed_cell,,margin,blk2,0.1,"sell only when v >= 0.10, block-diagonal ridge",2000,2.675635001417376,2.5079045796375357,0.5226375769736115,1.687722769012571,2.4954510787255524,3.3932851690352024,0.6355,0.36481759120439783
exit_mid_model,whole,oos,fixed_cell,,margin,blk2,0.15,"sell only when v >= 0.15, block-diagonal ridge",2000,1.6389372962521302,2.195403723628944,0.5735412487932213,1.257074843946485,2.1819836493485,3.1639587817927732,0.1655,0.8345827086456772
exit_mid_model,whole,oos,fixed_cell,,margin,blk2,0.2,"sell only when v >= 0.20, block-diagonal ridge",2000,1.2495454830086372,1.8657043145830299,0.5881974214644878,0.9438193982843537,1.8393577616413674,2.8542789623434572,0.1435,0.8565717141429285
exit_mid_model,whole,oos,fixed_cell,,margin,blk2,0.3,"sell only when v >= 0.30, block-diagonal ridge",2000,1.2164494233754273,1.1994844584832944,0.6103895668472582,0.21358474859946058,1.1722831383943437,2.2340337478549537,0.52,0.4802598700649675
exit_mid_model,whole,oos,fixed_cell,,margin,blk2_inc,0.0,"sell only when v >= 0.00, block-diagonal ridge, without the FOMC columns",2000,3.6958070543118176,3.2558842464102096,0.4528209016255798,2.548221401180345,3.2360687167216353,4.038710934241843,0.834,0.1664167916041979
exit_mid_model,whole,oos,fixed_cell,,margin,blk2_inc,0.05,"sell only when v >= 0.05, block-diagonal ridge, without the FOMC columns",2000,3.1192802902926924,2.8882864611292183,0.48762438877086,2.1037864443414325,2.887215499652095,3.705042295843281,0.6835,0.3168415792103948
exit_mid_model,whole,oos,fixed_cell,,margin,blk2_inc,0.1,"sell only when v >= 0.10, block-diagonal ridge, without the FOMC columns",2000,2.2735205153467244,2.39596236742792,0.5339456523749682,1.55639019132144,2.386016163005473,3.3170026801460226,0.4185,0.5817091454272864
exit_mid_model,whole,oos,fixed_cell,,margin,blk2_inc,0.15,"sell only when v >= 0.15, block-diagonal ridge, without the FOMC columns",2000,1.7175856919571055,2.119609909912209,0.5741734092662025,1.178291221978468,2.108802507972037,3.07092954626239,0.2475,0.7526236881559221
exit_mid_model,whole,oos,fixed_cell,,margin,blk2_inc,0.2,"sell only when v >= 0.20, block-diagonal ridge, without the FOMC columns",2000,1.4643797499575673,1.7732765852062917,0.5825237011664605,0.8358932922361852,1.7625134831644265,2.721027449406143,0.303,0.697151424287856
exit_mid_model,whole,oos,fixed_cell,,margin,blk2_inc,0.3,"sell only when v >= 0.30, block-diagonal ridge, without the FOMC columns",2000,1.1237027571484353,1.1244407868856785,0.606672546216944,0.13572031484329547,1.1062073543545834,2.1204099164782493,0.5095,0.49075462268865566
exit_mid_model,whole,oos,fixed_cell,,margin,lgbm,0.0,"sell only when v >= 0.00, LightGBM",2000,3.7598030469852657,3.2954893422716443,0.43111894172150006,2.592840841715202,3.2743030753740476,4.040719244466673,0.8575,0.14292853573213393
exit_mid_model,whole,oos,fixed_cell,,margin,lgbm,0.05,"sell only when v >= 0.05, LightGBM",2000,3.234436553662269,2.9038885646099026,0.49371648761714154,2.0920982838808904,2.899830550100914,3.7415243230170536,0.7585,0.24187906046976512
exit_mid_model,whole,oos,fixed_cell,,margin,lgbm,0.1,"sell only when v >= 0.10, LightGBM",2000,2.8715089859919813,2.4602848512976587,0.5480180028291329,1.5849335101700082,2.456802256614131,3.3759386703747314,0.7725,0.22788605697151423
exit_mid_model,whole,oos,fixed_cell,,margin,lgbm,0.15,"sell only when v >= 0.15, LightGBM",2000,2.0910379408905997,2.127816070370438,0.5636919251464306,1.2003939134477626,2.1095477237673226,3.074495752781041,0.4805,0.5197401299350325
exit_mid_model,whole,oos,fixed_cell,,margin,lgbm,0.2,"sell only when v >= 0.20, LightGBM",2000,1.4298117558014711,1.78470453582345,0.6013035807147087,0.808469367709258,1.7730512878173856,2.7975277196249984,0.2875,0.7126436781609196
exit_mid_model,whole,oos,fixed_cell,,margin,lgbm,0.3,"sell only when v >= 0.30, LightGBM",2000,1.00495007054302,1.1905125727205363,0.6013717338318867,0.23847989774941433,1.193852421384792,2.202537052528878,0.386,0.6141929035482259
exit_mid_model,whole,oos,fixed_cell,,margin,xgb,0.0,"sell only when v >= 0.00, XGBoost",2000,3.945689085293615,3.2849136176705214,0.44118174730928583,2.5851022277955953,3.266605760266663,4.053990928245363,0.9235,0.0769615192403798
exit_mid_model,whole,oos,fixed_cell,,margin,xgb,0.05,"sell only when v >= 0.05, XGBoost",2000,3.49918860873648,2.9077266991707087,0.5083009943587937,2.099388238421661,2.8963491904214083,3.7708653050966903,0.879,0.12143928035982009
exit_mid_model,whole,oos,fixed_cell,,margin,xgb,0.1,"sell only when v >= 0.10, XGBoost",2000,2.7243494251772353,2.4391710573493017,0.5331951518089059,1.5894110657313363,2.4241082109631944,3.3526245087713344,0.707,0.2933533233383308
exit_mid_model,whole,oos,fixed_cell,,margin,xgb,0.15,"sell only when v >= 0.15, XGBoost",2000,2.2008713083626965,2.1539427961530637,0.5704647712664781,1.2408142375267095,2.151335654986333,3.120185694855161,0.5385,0.4617691154422789
exit_mid_model,whole,oos,fixed_cell,,margin,xgb,0.2,"sell only when v >= 0.20, XGBoost",2000,1.585647592892871,1.8090580398903735,0.5929593685083141,0.8881874075141811,1.7904380202770895,2.8231936606505426,0.368,0.632183908045977
exit_mid_model,whole,oos,fixed_cell,,margin,xgb,0.3,"sell only when v >= 0.30, XGBoost",2000,0.7849181289148942,1.1603738924699856,0.6153472395215762,0.17276504348003507,1.1413284416481442,2.2011470297056306,0.2845,0.7156421789105447
exit_mid_model,whole,oos,fixed_cell,,margin,lasso_t,0.0,"sell only when v >= 0.00, lasso (causally tuned)",2000,3.866416752598592,3.241261374282388,0.45095154103794566,2.551506910796666,3.219057494636246,4.023057981684811,0.9135,0.08695652173913043
exit_mid_model,whole,oos,fixed_cell,,margin,lasso_t,0.05,"sell only when v >= 0.05, lasso (causally tuned)",2000,3.349436244256003,2.8910674568275136,0.5005749535341487,2.091254596935979,2.876450033363014,3.7523765159814637,0.83,0.17041479260369816
exit_mid_model,whole,oos,fixed_cell,,margin,lasso_t,0.1,"sell only when v >= 0.10, lasso (causally tuned)",2000,2.9280985307931875,2.4993625241218416,0.5450965264733433,1.6240654357752415,2.48947540560655,3.4304334641365233,0.7905,0.2098950524737631
exit_mid_model,whole,oos,fixed_cell,,margin,lasso_t,0.15,"sell only when v >= 0.15, lasso (causally tuned)",2000,1.97590253800533,2.1313099990424833,0.5746422695382064,1.222018241914361,2.1232318124628704,3.098040523354854,0.404,0.5962018990504747
exit_mid_model,whole,oos,fixed_cell,,margin,lasso_t,0.2,"sell only when v >= 0.20, lasso (causally tuned)",2000,1.3401805201051626,1.7649656053783922,0.5781959416266693,0.8164452731389892,1.7558476682092803,2.7065904086549337,0.233,0.7671164417791104
exit_mid_model,whole,oos,fixed_cell,,margin,lasso_t,0.3,"sell only when v >= 0.30, lasso (causally tuned)",2000,0.9368547228914151,1.104301558241245,0.6097642513658371,0.09255178246927044,1.1012656708263513,2.136425350502227,0.4065,0.5937031484257871
exit_mid_model,whole,oos,fixed_cell,,margin,lasso_f,0.0,"sell only when v >= 0.00, lasso (fixed 1e-4)",2000,3.8812000824738426,3.307343584550191,0.4477829490773734,2.616420194731469,3.297173723509256,4.082996388449602,0.896,0.10444777611194403
exit_mid_model,whole,oos,fixed_cell,,margin,lasso_f,0.05,"sell only when v >= 0.05, lasso (fixed 1e-4)",2000,3.448635889045916,2.914813661322328,0.49974061620703175,2.118814733809585,2.9076366878343167,3.76774792840759,0.8585,0.14192903548225888
exit_mid_model,whole,oos,fixed_cell,,margin,lasso_f,0.1,"sell only when v >= 0.10, lasso (fixed 1e-4)",2000,2.5652397913037612,2.4808713325320153,0.5331310686203988,1.628185455508671,2.472791281639215,3.3847630771173347,0.571,0.4292853573213393
exit_mid_model,whole,oos,fixed_cell,,margin,lasso_f,0.15,"sell only when v >= 0.15, lasso (fixed 1e-4)",2000,1.6065126507547758,2.184303226382785,0.5717235974393584,1.2695984589769425,2.1559796808288354,3.131417228282172,0.1575,0.8425787106446777
exit_mid_model,whole,oos,fixed_cell,,margin,lasso_f,0.2,"sell only when v >= 0.20, lasso (fixed 1e-4)",2000,1.7677584785299756,1.819087830874645,0.5845004613866125,0.8855055768437483,1.812232312056365,2.8021703507941687,0.4695,0.5307346326836582
exit_mid_model,whole,oos,fixed_cell,,margin,lasso_f,0.3,"sell only when v >= 0.30, lasso (fixed 1e-4)",2000,0.978406959017267,1.175441121876778,0.6174137247326369,0.14251254896364232,1.177825686484951,2.1882961876471865,0.3845,0.6156921539230384
exit_mid_model,whole,oos,fixed_cell,,margin,enet,0.0,"sell only when v >= 0.00, elastic net (causally tuned)",2000,3.9084233675028357,3.263072867136395,0.4572336348665657,2.519393173574367,3.2450013055358156,4.051689039443698,0.9155,0.08495752123938032
exit_mid_model,whole,oos,fixed_cell,,margin,enet,0.05,"sell only when v >= 0.05, elastic net (causally tuned)",2000,3.450814312399392,2.897708290207339,0.5067204728342262,2.086269513674735,2.873887077753687,3.7569378578885013,0.8605,0.13993003498250875
exit_mid_model,whole,oos,fixed_cell,,margin,enet,0.1,"sell only when v >= 0.10, elastic net (causally tuned)",2000,2.3576836441456748,2.413005630236265,0.5476902843441256,1.568852627545634,2.388602716061018,3.32219800746349,0.4785,0.5217391304347826
exit_mid_model,whole,oos,fixed_cell,,margin,enet,0.15,"sell only when v >= 0.15, elastic net (causally tuned)",2000,2.0278053482488247,2.1636419905932556,0.589880890667058,1.230176112423825,2.128476023970335,3.179454571884452,0.436,0.5642178910544727
exit_mid_model,whole,oos,fixed_cell,,margin,enet,0.2,"sell only when v >= 0.20, elastic net (causally tuned)",2000,1.187535593529892,1.743138115191865,0.5875541407261643,0.8187290549858176,1.7281234321695451,2.731581736680227,0.181,0.8190904547726137
exit_mid_model,whole,oos,fixed_cell,,margin,enet,0.3,"sell only when v >= 0.30, elastic net (causally tuned)",2000,0.7953814786977579,1.13559123857658,0.6036389134851371,0.1300534806155753,1.1243623940312388,2.1231741714287597,0.297,0.7031484257871065
exit_mid_model,whole,oos,walk_forward_selected,full_grid,margin,,,"full_grid: (forecast, theta) chosen on an expanding window, 5-day embargo",2000,4.397408009710484,4.405453561119503,0.032261652888336795,4.3440199354653055,4.4155795000564355,4.450236963397755,0.2505,0.7496251874062968
exit_mid_model,whole,oos,walk_forward_selected,theta_only_blk2,margin,,,"theta_only_blk2: (forecast, theta) chosen on an expanding window, 5-day embargo",2000,4.386095105509943,4.403243226092988,0.03250297481273765,4.35044441055356,4.404957955753569,4.459711827055083,0.341,0.6591704147926037
exit_mid_model,whole,oos,walk_forward_selected,theta_only_a0,margin,,,"theta_only_a0: (forecast, theta) chosen on an expanding window, 5-day embargo",2000,4.416295105403384,4.418780130236308,0.032740923900164844,4.3704930065359715,4.420066401135859,4.469180807254834,0.409,0.5912043978010995
exit_mid_model,daily_era,full,fixed_cell,,margin,a0,0.0,"sell only when v >= 0.00, baseline (HAR + calendar OLS)",2000,4.357751804859843,3.0636119643527118,0.5967847560880181,2.1643636856150366,3.0237909487565187,4.116328286977532,0.975,0.025487256371814093
exit_mid_model,daily_era,full,fixed_cell,,margin,a0,0.05,"sell only when v >= 0.05, baseline (HAR + calendar OLS)",2000,3.6077466456112393,2.764606390246023,0.650938957635553,1.743512219863999,2.7121986023233218,3.903219215953289,0.8955,0.10494752623688156
exit_mid_model,daily_era,full,fixed_cell,,margin,a0,0.1,"sell only when v >= 0.10, baseline (HAR + calendar OLS)",2000,3.0138097357796774,2.4892236415468108,0.7057038608512063,1.3852224568433407,2.4329832357517436,3.71423325081967,0.771,0.22938530734632684
exit_mid_model,daily_era,full,fixed_cell,,margin,a0,0.15,"sell only when v >= 0.15, baseline (HAR + calendar OLS)",2000,2.1326633531543164,2.081995304810964,0.7379443299210079,0.890069446040286,2.0429263522298546,3.3500105400601545,0.541,0.4592703648175912
exit_mid_model,daily_era,full,fixed_cell,,margin,a0,0.2,"sell only when v >= 0.20, baseline (HAR + calendar OLS)",2000,1.1708052230514527,1.678452642909992,0.7681859859403645,0.44025042593211483,1.6516735508404725,2.9808936269328745,0.261,0.7391304347826086
exit_mid_model,daily_era,full,fixed_cell,,margin,a0,0.3,"sell only when v >= 0.30, baseline (HAR + calendar OLS)",2000,0.4320710958295875,1.1716712777431675,0.7664167861323806,-0.0765351314305552,1.1783501270629495,2.3806013792047054,0.1785,0.8215892053973014
exit_mid_model,daily_era,full,fixed_cell,,margin,blk2,0.0,"sell only when v >= 0.00, block-diagonal ridge",2000,3.736554289528853,3.136452808699997,0.54651189282852,2.275634079910761,3.113414707834037,4.053349821376943,0.8625,0.13793103448275862
exit_mid_model,daily_era,full,fixed_cell,,margin,blk2,0.05,"sell only when v >= 0.05, block-diagonal ridge",2000,2.866520806718526,2.7745011670077355,0.6259000976334232,1.827926847466243,2.730960651825927,3.8447119603681816,0.5825,0.4177911044477761
exit_mid_model,daily_era,full,fixed_cell,,margin,blk2,0.1,"sell only when v >= 0.10, block-diagonal ridge",2000,2.47129090505547,2.386134105457323,0.6918206386029607,1.3308342777644957,2.3489759549167477,3.580564747590441,0.5675,0.43278360819590206
exit_mid_model,daily_era,full,fixed_cell,,margin,blk2,0.15,"sell only when v >= 0.15, block-diagonal ridge",2000,1.661997710241896,2.1242957374271656,0.7479107643744972,0.9365820917901502,2.1089873231932024,3.4673241644891055,0.275,0.7251374312843578
exit_mid_model,daily_era,full,fixed_cell,,margin,blk2,0.2,"sell only when v >= 0.20, block-diagonal ridge",2000,1.3666761156376597,1.8439124136307732,0.7563052898282429,0.6846799994099274,1.8107778954149159,3.1230012845211945,0.2835,0.7166416791604198
exit_mid_model,daily_era,full,fixed_cell,,margin,blk2,0.3,"sell only when v >= 0.30, block-diagonal ridge",2000,1.0874226798352444,1.1845676654960058,0.7864890225320692,-0.10134620942285805,1.1853143030241426,2.4552249211743975,0.461,0.5392303848075962
exit_mid_model,daily_era,full,fixed_cell,,margin,blk2_inc,0.0,"sell only when v >= 0.00, block-diagonal ridge, without the FOMC columns",2000,3.5168961906198253,3.1173528339790177,0.5768690734303041,2.2714372035583685,3.07871233723127,4.151009835963418,0.7645,0.23588205897051473
exit_mid_model,daily_era,full,fixed_cell,,margin,blk2_inc,0.05,"sell only when v >= 0.05, block-diagonal ridge, without the FOMC columns",2000,2.6309096976225668,2.6976205320309896,0.639637612775589,1.6839703560302706,2.6682451019144335,3.80447646056014,0.4735,0.526736631684158
exit_mid_model,daily_era,full,fixed_cell,,margin,blk2_inc,0.1,"sell only when v >= 0.10, block-diagonal ridge, without the FOMC columns",2000,1.9915579149409588,2.2779452136332274,0.7024268220562494,1.2099079550260377,2.230716428288323,3.4741567447122765,0.3695,0.6306846576711644
exit_mid_model,daily_era,full,fixed_cell,,margin,blk2_inc,0.15,"sell only when v >= 0.15, block-diagonal ridge, without the FOMC columns",2000,1.981474305702139,2.052804058058019,0.7636195734610255,0.849946128398213,2.0201933215178887,3.3703276705140457,0.4805,0.5197401299350325
exit_mid_model,daily_era,full,fixed_cell,,margin,blk2_inc,0.2,"sell only when v >= 0.20, block-diagonal ridge, without the FOMC columns",2000,1.3163068612899997,1.7604485155143694,0.7696499379337091,0.5481066763806264,1.728978311720039,3.0255885472267923,0.3025,0.6976511744127936
exit_mid_model,daily_era,full,fixed_cell,,margin,blk2_inc,0.3,"sell only when v >= 0.30, block-diagonal ridge, without the FOMC columns",2000,0.8531096415076722,1.1345072262859512,0.7790693588189045,-0.10274644115751204,1.1307033717921198,2.406805202126908,0.3795,0.6206896551724138
exit_mid_model,daily_era,full,fixed_cell,,margin,lgbm,0.0,"sell only when v >= 0.00, LightGBM",2000,3.700416765661944,3.1151912595407185,0.5677379227750246,2.2355108865061584,3.071530247101199,4.131380569602703,0.853,0.14742628685657172
exit_mid_model,daily_era,full,fixed_cell,,margin,lgbm,0.05,"sell only when v >= 0.05, LightGBM",2000,3.059575649743019,2.802182705052995,0.6261778733063204,1.8316610923869858,2.758582247374219,3.8961953355141414,0.6785,0.3218390804597701
exit_mid_model,daily_era,full,fixed_cell,,margin,lgbm,0.1,"sell only when v >= 0.10, LightGBM",2000,2.9035762642286023,2.326520656055652,0.6837028768549996,1.2537934718373476,2.3173350578541507,3.506343281958414,0.795,0.20539730134932535
exit_mid_model,daily_era,full,fixed_cell,,margin,lgbm,0.15,"sell only when v >= 0.15, LightGBM",2000,1.895764892607289,2.058068453938362,0.7744914885745633,0.856956578869202,2.016799814144902,3.4096194403346285,0.435,0.5652173913043478
exit_mid_model,daily_era,full,fixed_cell,,margin,lgbm,0.2,"sell only when v >= 0.20, LightGBM",2000,1.1819739799334277,1.6733640772564449,0.7777891507857532,0.41478066489298393,1.649610805244932,2.961200110731768,0.282,0.7181409295352323
exit_mid_model,daily_era,full,fixed_cell,,margin,lgbm,0.3,"sell only when v >= 0.30, LightGBM",2000,0.7703936941279227,1.1540568537714075,0.780905638774363,-0.1536718962509949,1.1611533014269098,2.452545717756168,0.33,0.6701649175412294
exit_mid_model,daily_era,full,fixed_cell,,margin,xgb,0.0,"sell only when v >= 0.00, XGBoost",2000,4.1161022104864715,3.161793300283555,0.5682715076601369,2.290158476971884,3.129244020992666,4.150209283092699,0.943,0.05747126436781609
exit_mid_model,daily_era,full,fixed_cell,,margin,xgb,0.05,"sell only when v >= 0.05, XGBoost",2000,3.481141739975144,2.820082212526162,0.6527042970316956,1.8267754226723856,2.774546338377811,3.927214072784089,0.8405,0.15992003998001
exit_mid_model,daily_era,full,fixed_cell,,margin,xgb,0.1,"sell only when v >= 0.10, XGBoost",2000,2.886447246710254,2.3136827637880004,0.7089932559227621,1.170554616741691,2.303863108028358,3.489144094036316,0.7945,0.20589705147426288
exit_mid_model,daily_era,full,fixed_cell,,margin,xgb,0.15,"sell only when v >= 0.15, XGBoost",2000,1.9472413902720853,2.050723214337882,0.7669925201254881,0.869225436374887,2.0210666000097115,3.364325453136992,0.463,0.5372313843078461
exit_mid_model,daily_era,full,fixed_cell,,margin,xgb,0.2,"sell only when v >= 0.20, XGBoost",2000,1.4960779406048341,1.6870400933155152,0.7553291230540445,0.5261639795038406,1.6563000831014687,2.988102298462977,0.4275,0.5727136431784108
exit_mid_model,daily_era,full,fixed_cell,,margin,xgb,0.3,"sell only when v >= 0.30, XGBoost",2000,0.7280098080477423,1.1827236652943438,0.7700571077205027,-0.08630688640117339,1.1883617144561565,2.426745644858199,0.291,0.7091454272863568
exit_mid_model,daily_era,full,fixed_cell,,margin,lasso_t,0.0,"sell only when v >= 0.00, lasso (causally tuned)",2000,3.7279337568827247,3.084955672216212,0.5725452727893463,2.1910640704096127,3.071903637026637,4.059196314945094,0.8665,0.13393303348325838
exit_mid_model,daily_era,full,fixed_cell,,margin,lasso_t,0.05,"sell only when v >= 0.05, lasso (causally tuned)",2000,3.110614278344296,2.7073259245113124,0.6150543361059453,1.7718334206435395,2.6870273030754044,3.7621131499018636,0.7585,0.24187906046976512
exit_mid_model,daily_era,full,fixed_cell,,margin,lasso_t,0.1,"sell only when v >= 0.10, lasso (causally tuned)",2000,2.954742460971008,2.388859658406167,0.7236403239782242,1.2145883976973533,2.363070597278717,3.6111649752133403,0.7925,0.20789605197401298
exit_mid_model,daily_era,full,fixed_cell,,margin,lasso_t,0.15,"sell only when v >= 0.15, lasso (causally tuned)",2000,1.7960707521054031,1.9857113459556122,0.7438748669509002,0.8456652505422037,1.9312830717215137,3.295769290471299,0.424,0.5762118940529735
exit_mid_model,daily_era,full,fixed_cell,,margin,lasso_t,0.2,"sell only when v >= 0.20, lasso (causally tuned)",2000,1.2859747306176859,1.6976987592102788,0.7793761759605007,0.43186620255664165,1.6768135686913306,3.0367662679974665,0.3055,0.6946526736631684
exit_mid_model,daily_era,full,fixed_cell,,margin,lasso_t,0.3,"sell only when v >= 0.30, lasso (causally tuned)",2000,0.6864061380916671,1.0510528549547404,0.7868658664405844,-0.2512435065326767,1.0645065339731463,2.3156246609863995,0.334,0.6661669165417291
exit_mid_model,daily_era,full,fixed_cell,,margin,lasso_f,0.0,"sell only when v >= 0.00, lasso (fixed 1e-4)",2000,3.857299156951149,3.1912858203366934,0.5536961826964191,2.3575775885612007,3.1476153272720673,4.133706048129039,0.8735,0.12693653173413294
exit_mid_model,daily_era,full,fixed_cell,,margin,lasso_f,0.05,"sell only when v >= 0.05, lasso (fixed 1e-4)",2000,3.1386071720844133,2.7703083376621898,0.6265395271784019,1.8208395199215408,2.716788087930282,3.9089939526309445,0.732,0.2683658170914543
exit_mid_model,daily_era,full,fixed_cell,,margin,lasso_f,0.1,"sell only when v >= 0.10, lasso (fixed 1e-4)",2000,2.406035854514698,2.343187827121723,0.6693591666576073,1.2878437600386545,2.3104438850480182,3.4956183656692197,0.5555,0.4447776111944028
exit_mid_model,daily_era,full,fixed_cell,,margin,lasso_f,0.15,"sell only when v >= 0.15, lasso (fixed 1e-4)",2000,1.6643684671424914,2.078785541796802,0.7530834370361842,0.8895554690021427,2.051091077736312,3.419346560433017,0.3025,0.6976511744127936
exit_mid_model,daily_era,full,fixed_cell,,margin,lasso_f,0.2,"sell only when v >= 0.20, lasso (fixed 1e-4)",2000,2.3694000068866243,1.7752957436051164,0.7575698025756421,0.6115911986673171,1.7351182259973728,3.103843355541261,0.781,0.2193903048475762
exit_mid_model,daily_era,full,fixed_cell,,margin,lasso_f,0.3,"sell only when v >= 0.30, lasso (fixed 1e-4)",2000,0.8634556371679459,1.13141730419975,0.7772014253224945,-0.1294597845004025,1.1113978456907148,2.4056630719287444,0.3855,0.6146926536731634
exit_mid_model,daily_era,full,fixed_cell,,margin,enet,0.0,"sell only when v >= 0.00, elastic net (causally tuned)",2000,3.817284599984738,3.1112749795873813,0.5657035248953682,2.235271660429606,3.076999541548811,4.094343233679744,0.8885,0.111944027986007
exit_mid_model,daily_era,full,fixed_cell,,margin,enet,0.05,"sell only when v >= 0.05, elastic net (causally tuned)",2000,3.151481629483487,2.7622992047367183,0.6474496522054767,1.7315626469994803,2.735447235019203,3.880088850003026,0.7335,0.26686656671664166
exit_mid_model,daily_era,full,fixed_cell,,margin,enet,0.1,"sell only when v >= 0.10, elastic net (causally tuned)",2000,2.0809211073625984,2.242832321884297,0.7238391727598209,1.1288015789393655,2.2040128520083675,3.505514779443207,0.434,0.5662168915542228
exit_mid_model,daily_era,full,fixed_cell,,margin,enet,0.15,"sell only when v >= 0.15, elastic net (causally tuned)",2000,2.2653317944626337,2.0427305488334495,0.7441931625786999,0.8877387796802388,2.0013655689793315,3.345441842452482,0.626,0.3743128435782109
exit_mid_model,daily_era,full,fixed_cell,,margin,enet,0.2,"sell only when v >= 0.20, elastic net (causally tuned)",2000,1.038762876952981,1.693032431967078,0.75070049107927,0.5071866475809571,1.671182360323745,2.9833302540029143,0.2015,0.7986006996501749
exit_mid_model,daily_era,full,fixed_cell,,margin,enet,0.3,"sell only when v >= 0.30, elastic net (causally tuned)",2000,0.8684420176293585,1.0772217988310955,0.767137641334283,-0.17432247292355116,1.1097210554966102,2.3364334739402333,0.4005,0.5997001499250375
exit_mid_model,daily_era,oos,fixed_cell,,margin,a0,0.0,"sell only when v >= 0.00, baseline (HAR + calendar OLS)",2000,4.357751804859843,3.09505872630367,0.5797344139696352,2.1720351161043685,3.080104198641084,4.084806558246603,0.9765,0.0239880059970015
exit_mid_model,daily_era,oos,fixed_cell,,margin,a0,0.05,"sell only when v >= 0.05, baseline (HAR + calendar OLS)",2000,3.6077466456112393,2.757203724351571,0.6304809830634492,1.7753966218663917,2.72475807266113,3.8247534535747114,0.9045,0.095952023988006
exit_mid_model,daily_era,oos,fixed_cell,,margin,a0,0.1,"sell only when v >= 0.10, baseline (HAR + calendar OLS)",2000,3.0138097357796774,2.487950743729505,0.7194086754648568,1.3581400207550767,2.4453914396867695,3.7353922849725922,0.7645,0.23588205897051473
exit_mid_model,daily_era,oos,fixed_cell,,margin,a0,0.15,"sell only when v >= 0.15, baseline (HAR + calendar OLS)",2000,2.1326633531543164,2.0885148534337223,0.7476659306385941,0.9308578398814605,2.0690257869767157,3.3482563495934756,0.5305,0.46976511744127936
exit_mid_model,daily_era,oos,fixed_cell,,margin,a0,0.2,"sell only when v >= 0.20, baseline (HAR + calendar OLS)",2000,1.1708052230514527,1.70630387088961,0.7725118873272309,0.45630817139046254,1.6934136958652668,2.9884356233043508,0.2485,0.751624187906047
exit_mid_model,daily_era,oos,fixed_cell,,margin,a0,0.3,"sell only when v >= 0.30, baseline (HAR + calendar OLS)",2000,0.4320710958295875,1.2051091946566508,0.7703193097289848,-0.058177334664533016,1.2246525166887268,2.390274815914462,0.179,0.8210894552723638
exit_mid_model,daily_era,oos,fixed_cell,,margin,blk2,0.0,"sell only when v >= 0.00, block-diagonal ridge",2000,3.736554289528853,3.1820743605419666,0.5555140362101813,2.319379278952548,3.1344377836819453,4.1556940266454365,0.8435,0.15692153923038482
exit_mid_model,daily_era,oos,fixed_cell,,margin,blk2,0.05,"sell only when v >= 0.05, block-diagonal ridge",2000,2.866520806718526,2.780715391806325,0.6290782152695109,1.81931444490151,2.7560000842006493,3.888061171704804,0.568,0.43228385807096453
exit_mid_model,daily_era,oos,fixed_cell,,margin,blk2,0.1,"sell only when v >= 0.10, block-diagonal ridge",2000,2.47129090505547,2.370299654421845,0.6813714585454422,1.3170318016728493,2.3318923720318443,3.5503610823216927,0.582,0.41829085457271364
exit_mid_model,daily_era,oos,fixed_cell,,margin,blk2,0.15,"sell only when v >= 0.15, block-diagonal ridge",2000,1.661997710241896,2.1038248683718375,0.7527655043063838,0.9350846123185853,2.0380699488067906,3.439091464850684,0.294,0.7061469265367316
exit_mid_model,daily_era,oos,fixed_cell,,margin,blk2,0.2,"sell only when v >= 0.20, block-diagonal ridge",2000,1.3666761156376597,1.8438058958900196,0.7708625946072115,0.6275884139547018,1.795984011696436,3.2005201725336154,0.2845,0.7156421789105447
exit_mid_model,daily_era,oos,fixed_cell,,margin,blk2,0.3,"sell only when v >= 0.30, block-diagonal ridge",2000,1.0874226798352444,1.1523906443321819,0.7812588646506751,-0.08110131467455879,1.1268748268315743,2.436400721643315,0.4795,0.5207396301849075
exit_mid_model,daily_era,oos,fixed_cell,,margin,blk2_inc,0.0,"sell only when v >= 0.00, block-diagonal ridge, without the FOMC columns",2000,3.5168961906198253,3.1113876701754344,0.5777879919531005,2.225489856387289,3.075305732478537,4.113387998898987,0.7745,0.22588705647176413
exit_mid_model,daily_era,oos,fixed_cell,,margin,blk2_inc,0.05,"sell only when v >= 0.05, block-diagonal ridge, without the FOMC columns",2000,2.6309096976225668,2.70152300794266,0.6460133520495699,1.698590912306752,2.69625871801306,3.8146731909926115,0.464,0.5362318840579711
exit_mid_model,daily_era,oos,fixed_cell,,margin,blk2_inc,0.1,"sell only when v >= 0.10, block-diagonal ridge, without the FOMC columns",2000,1.9915579149409588,2.235492650647927,0.6982528375598837,1.1478239224939901,2.202993012538469,3.4505244741717607,0.382,0.6181909045477262
exit_mid_model,daily_era,oos,fixed_cell,,margin,blk2_inc,0.15,"sell only when v >= 0.15, block-diagonal ridge, without the FOMC columns",2000,1.981474305702139,2.0546704252824037,0.7360928049022851,0.8983448187355587,2.0179197695293527,3.325831941796635,0.4815,0.5187406296851574
exit_mid_model,daily_era,oos,fixed_cell,,margin,blk2_inc,0.2,"sell only when v >= 0.20, block-diagonal ridge, without the FOMC columns",2000,1.3163068612899997,1.7377959565031693,0.7488095063870087,0.5572507783258953,1.7133479031007761,2.9982471458418263,0.304,0.696151924037981
exit_mid_model,daily_era,oos,fixed_cell,,margin,blk2_inc,0.3,"sell only when v >= 0.30, block-diagonal ridge, without the FOMC columns",2000,0.8531096415076722,1.117294772617275,0.8089884318745391,-0.2151171876782774,1.1250962846294619,2.426327982141953,0.384,0.616191904047976
exit_mid_model,daily_era,oos,fixed_cell,,margin,lgbm,0.0,"sell only when v >= 0.00, LightGBM",2000,3.700416765661944,3.1565811894736537,0.5714740200732352,2.274940045977263,3.1293463697712687,4.095225612643938,0.8285,0.17191404297851073
exit_mid_model,daily_era,oos,fixed_cell,,margin,lgbm,0.05,"sell only when v >= 0.05, LightGBM",2000,3.059575649743019,2.7816188582520427,0.6193111901228608,1.8025873811423803,2.7576884694294073,3.8299755847438073,0.685,0.3153423288355822
exit_mid_model,daily_era,oos,fixed_cell,,margin,lgbm,0.1,"sell only when v >= 0.10, LightGBM",2000,2.9035762642286023,2.3124904720396726,0.6942366545407873,1.2545635499263645,2.273039027358657,3.5140022069581676,0.8,0.20039980009995004
exit_mid_model,daily_era,oos,fixed_cell,,margin,lgbm,0.15,"sell only when v >= 0.15, LightGBM",2000,1.895764892607289,2.070758102473339,0.7669369054563702,0.8882636002287483,2.0275637405498186,3.3825144587366704,0.4295,0.5707146426786607
exit_mid_model,daily_era,oos,fixed_cell,,margin,lgbm,0.2,"sell only when v >= 0.20, LightGBM",2000,1.1819739799334277,1.6737309282361874,0.7600913796334275,0.4446426538002132,1.6538822614357624,2.9593519990405195,0.28,0.7201399300349826
exit_mid_model,daily_era,oos,fixed_cell,,margin,lgbm,0.3,"sell only when v >= 0.30, LightGBM",2000,0.7703936941279227,1.1773934740805014,0.7668562949652716,-0.09552270675768686,1.2094740697727904,2.3749906647151464,0.3055,0.6946526736631684
exit_mid_model,daily_era,oos,fixed_cell,,margin,xgb,0.0,"sell only when v >= 0.00, XGBoost",2000,4.1161022104864715,3.1579283223182677,0.577901391255759,2.287212254530947,3.1210158952166687,4.161085843311836,0.9425,0.057971014492753624
exit_mid_model,daily_era,oos,fixed_cell,,margin,xgb,0.05,"sell only when v >= 0.05, XGBoost",2000,3.481141739975144,2.78108454155446,0.618431272010949,1.8087236372420539,2.758796887185625,3.8644192028003177,0.8615,0.13893053473263367
exit_mid_model,daily_era,oos,fixed_cell,,margin,xgb,0.1,"sell only when v >= 0.10, XGBoost",2000,2.886447246710254,2.3112773772989565,0.6812609639804184,1.2479258668163595,2.2774263928540135,3.491690098446883,0.797,0.20339830084957522
exit_mid_model,daily_era,oos,fixed_cell,,margin,xgb,0.15,"sell only when v >= 0.15, XGBoost",2000,1.9472413902720853,2.0644274519237937,0.761846959043961,0.8560305794941823,2.0332983220285836,3.399489160694925,0.4545,0.545727136431784
exit_mid_model,daily_era,oos,fixed_cell,,margin,xgb,0.2,"sell only when v >= 0.20, XGBoost",2000,1.4960779406048341,1.7060291406472188,0.7672115660550279,0.4990457096165029,1.6774030559780058,3.003638840744027,0.3995,0.6006996501749126
exit_mid_model,daily_era,oos,fixed_cell,,margin,xgb,0.3,"sell only when v >= 0.30, XGBoost",2000,0.7280098080477423,1.1851922186442836,0.7690909016372541,-0.07611215252199727,1.181499462237545,2.4267926339207038,0.2935,0.7066466766616691
exit_mid_model,daily_era,oos,fixed_cell,,margin,lasso_t,0.0,"sell only when v >= 0.00, lasso (causally tuned)",2000,3.7279337568827247,3.095781762292697,0.5685478727900618,2.2547607210824383,3.058350472912028,4.078805085765987,0.8635,0.13693153423288357
exit_mid_model,daily_era,oos,fixed_cell,,margin,lasso_t,0.05,"sell only when v >= 0.05, lasso (causally tuned)",2000,3.110614278344296,2.720590558161338,0.6600713694702111,1.6861409085792987,2.675691365812538,3.8629148107980917,0.7355,0.26486756621689156
exit_mid_model,daily_era,oos,fixed_cell,,margin,lasso_t,0.1,"sell only when v >= 0.10, lasso (causally tuned)",2000,2.954742460971008,2.380227942283065,0.7194252628626082,1.2671142734745442,2.354367251818836,3.605543071065153,0.787,0.21339330334832585
exit_mid_model,daily_era,oos,fixed_cell,,margin,lasso_t,0.15,"sell only when v >= 0.15, lasso (causally tuned)",2000,1.7960707521054031,2.0073304142256525,0.7584336372241751,0.8185601845182896,1.9514438230031723,3.305566491009769,0.4065,0.5937031484257871
exit_mid_model,daily_era,oos,fixed_cell,,margin,lasso_t,0.2,"sell only when v >= 0.20, lasso (causally tuned)",2000,1.2859747306176859,1.721003225617154,0.7751412245282352,0.4730432538733497,1.7049019692790268,3.0430648769962207,0.303,0.697151424287856
exit_mid_model,daily_era,oos,fixed_cell,,margin,lasso_t,0.3,"sell only when v >= 0.30, lasso (causally tuned)",2000,0.6864061380916671,1.083116820008915,0.7747529695101933,-0.2192503761532584,1.0931425281370706,2.322796030304906,0.3205,0.6796601699150425
exit_mid_model,daily_era,oos,fixed_cell,,margin,lasso_f,0.0,"sell only when v >= 0.00, lasso (fixed 1e-4)",2000,3.857299156951149,3.1869533269117913,0.5474784208134609,2.3446403889847875,3.1480574356206033,4.137730628269126,0.8855,0.11494252873563218
exit_mid_model,daily_era,oos,fixed_cell,,margin,lasso_f,0.05,"sell only when v >= 0.05, lasso (fixed 1e-4)",2000,3.1386071720844133,2.7904904863879594,0.6321633735232334,1.802479535941591,2.7627616297866013,3.871495120666071,0.725,0.2753623188405797
exit_mid_model,daily_era,oos,fixed_cell,,margin,lasso_f,0.1,"sell only when v >= 0.10, lasso (fixed 1e-4)",2000,2.406035854514698,2.3484190096076065,0.6637204339508299,1.3458383603313129,2.3155901752806494,3.4982897495908634,0.5625,0.43778110944527737
exit_mid_model,daily_era,oos,fixed_cell,,margin,lasso_f,0.15,"sell only when v >= 0.15, lasso (fixed 1e-4)",2000,1.6643684671424914,2.1076487265860497,0.7486829014926434,0.9540196849969257,2.0742163955415527,3.3843132844496884,0.2965,0.703648175912044
exit_mid_model,daily_era,oos,fixed_cell,,margin,lasso_f,0.2,"sell only when v >= 0.20, lasso (fixed 1e-4)",2000,2.3694000068866243,1.8040336078649468,0.7766260016519534,0.5864789491910687,1.7822193495968235,3.149609710390298,0.7685,0.2318840579710145
exit_mid_model,daily_era,oos,fixed_cell,,margin,lasso_f,0.3,"sell only when v >= 0.30, lasso (fixed 1e-4)",2000,0.8634556371679459,1.1476772924038068,0.7903504449949291,-0.15603133595839516,1.189164758658574,2.4072204367074765,0.367,0.6331834082958521
exit_mid_model,daily_era,oos,fixed_cell,,margin,enet,0.0,"sell only when v >= 0.00, elastic net (causally tuned)",2000,3.817284599984738,3.1242086176906656,0.5613894111213671,2.2837793216004125,3.096382030372864,4.127574513694978,0.8925,0.10794602698650675
exit_mid_model,daily_era,oos,fixed_cell,,margin,enet,0.05,"sell only when v >= 0.05, elastic net (causally tuned)",2000,3.151481629483487,2.717100951386776,0.6403823105923018,1.7125626861854515,2.6805424528069595,3.7998979066462235,0.761,0.23938030984507747
exit_mid_model,daily_era,oos,fixed_cell,,margin,enet,0.1,"sell only when v >= 0.10, elastic net (causally tuned)",2000,2.0809211073625984,2.2237118717876236,0.6818293387076854,1.1727369597844763,2.1870952869546776,3.398525775355637,0.442,0.5582208895552224
exit_mid_model,daily_era,oos,fixed_cell,,margin,enet,0.15,"sell only when v >= 0.15, elastic net (causally tuned)",2000,2.2653317944626337,2.0152736992728664,0.7611454212016016,0.8188662491441806,1.9860576819535232,3.2891318811657353,0.645,0.3553223388305847
exit_mid_model,daily_era,oos,fixed_cell,,margin,enet,0.2,"sell only when v >= 0.20, elastic net (causally tuned)",2000,1.038762876952981,1.6742383431413992,0.7762377045704743,0.4521855012283708,1.640082848734038,3.029822267818985,0.2225,0.7776111944027986
exit_mid_model,daily_era,oos,fixed_cell,,margin,enet,0.3,"sell only when v >= 0.30, elastic net (causally tuned)",2000,0.8684420176293585,1.1115827308561708,0.7628509710646966,-0.13478074977520452,1.134949262872531,2.3744567279226647,0.391,0.6091954022988506
exit_mid_model,daily_era,oos,walk_forward_selected,full_grid,margin,,,"full_grid: (forecast, theta) chosen on an expanding window, 5-day embargo",0,4.227202939457479,,,,,,,
exit_mid_model,daily_era,oos,walk_forward_selected,theta_only_blk2,margin,,,"theta_only_blk2: (forecast, theta) chosen on an expanding window, 5-day embargo",0,4.227202939457479,,,,,,,
exit_mid_model,daily_era,oos,walk_forward_selected,theta_only_a0,margin,,,"theta_only_a0: (forecast, theta) chosen on an expanding window, 5-day embargo",0,4.227202939457479,,,,,,,
hold_settle,whole,full,fixed_cell,,margin,a0,0.0,"sell only when v >= 0.00, baseline (HAR + calendar OLS)",2000,4.105116703867747,3.141060118601337,0.4114395797317303,2.507926396228459,3.112533350520404,3.840058550944913,0.9825,0.017991004497751123
hold_settle,whole,full,fixed_cell,,margin,a0,0.05,"sell only when v >= 0.05, baseline (HAR + calendar OLS)",2000,3.3552815421076962,2.7839503260520355,0.4461334070072484,2.0696338973006725,2.7684519886167487,3.556176592261972,0.9015,0.09895052473763119
hold_settle,whole,full,fixed_cell,,margin,a0,0.1,"sell only when v >= 0.10, baseline (HAR + calendar OLS)",2000,2.7727446720238853,2.3893722841088167,0.5190256973003509,1.55048737015324,2.391342520648834,3.3086467754082394,0.784,0.21639180409795103
hold_settle,whole,full,fixed_cell,,margin,a0,0.15,"sell only when v >= 0.15, baseline (HAR + calendar OLS)",2000,2.16089850052353,2.002518548279773,0.5399624900592933,1.1315898126292907,1.9943649792326001,2.887444296895195,0.6145,0.38580709645177413
hold_settle,whole,full,fixed_cell,,margin,a0,0.2,"sell only when v >= 0.20, baseline (HAR + calendar OLS)",2000,1.7158968099123193,1.706221060205844,0.5532621953925544,0.8266782955112363,1.6958977766843852,2.649662136993711,0.5135,0.4867566216891554
hold_settle,whole,full,fixed_cell,,margin,a0,0.3,"sell only when v >= 0.30, baseline (HAR + calendar OLS)",2000,0.8835664478074199,1.1912194248406718,0.5702553214181039,0.2917918443347435,1.173750009357152,2.173377881557285,0.305,0.6951524237881059
hold_settle,whole,full,fixed_cell,,margin,blk2,0.0,"sell only when v >= 0.00, block-diagonal ridge",2000,3.7088924402963688,3.1405583282690914,0.41096749201474786,2.485668613673458,3.1219700054557316,3.8573332297026734,0.909,0.09145427286356822
hold_settle,whole,full,fixed_cell,,margin,blk2,0.05,"sell only when v >= 0.05, block-diagonal ridge",2000,3.2764474414742053,2.802001790979766,0.4630979033671185,2.041120358501413,2.791145336361324,3.5524495652547294,0.851,0.14942528735632185
hold_settle,whole,full,fixed_cell,,margin,blk2,0.1,"sell only when v >= 0.10, block-diagonal ridge",2000,2.4623382015774373,2.3354646849004768,0.5098729814558257,1.5113577862833802,2.3279280902567603,3.1894924466324097,0.6095,0.39080459770114945
hold_settle,whole,full,fixed_cell,,margin,blk2,0.15,"sell only when v >= 0.15, block-diagonal ridge",2000,2.011650080146542,2.0279008278054667,0.5461932255991605,1.178787680614265,1.9994193992373197,2.966948945196475,0.5125,0.4877561219390305
hold_settle,whole,full,fixed_cell,,margin,blk2,0.2,"sell only when v >= 0.20, block-diagonal ridge",2000,1.3196580534404512,1.731268726761016,0.5539898624637677,0.8540684036874822,1.725901249747234,2.664407624796213,0.244,0.7561219390304847
hold_settle,whole,full,fixed_cell,,margin,blk2,0.3,"sell only when v >= 0.30, block-diagonal ridge",2000,1.2564794982118517,1.123556285258646,0.5968739239632939,0.16803547030379362,1.105339493394301,2.1352035159776754,0.593,0.40729635182408797
hold_settle,whole,full,fixed_cell,,margin,blk2_inc,0.0,"sell only when v >= 0.00, block-diagonal ridge, without the FOMC columns",2000,3.630330892028038,3.112951423002049,0.42758772122141264,2.4304516139211305,3.092441428852049,3.8255381089783085,0.884,0.11644177911044477
hold_settle,whole,full,fixed_cell,,margin,blk2_inc,0.05,"sell only when v >= 0.05, block-diagonal ridge, without the FOMC columns",2000,3.1229731864111594,2.7459075353504705,0.4616209943745216,2.0361307609515076,2.7196913873652724,3.532408310847172,0.792,0.20839580209895053
hold_settle,whole,full,fixed_cell,,margin,blk2_inc,0.1,"sell only when v >= 0.10, block-diagonal ridge, without the FOMC columns",2000,2.3015384624120507,2.2513057107288676,0.5160204695456913,1.4172418507408595,2.2426326831762955,3.121264147423877,0.551,0.4492753623188406
hold_settle,whole,full,fixed_cell,,margin,blk2_inc,0.15,"sell only when v >= 0.15, block-diagonal ridge, without the FOMC columns",2000,2.0110344084696408,1.9746131651217702,0.5496298814838251,1.1052651084635017,1.9482602629700132,2.899042747334571,0.536,0.4642678660669665
hold_settle,whole,full,fixed_cell,,margin,blk2_inc,0.2,"sell only when v >= 0.20, block-diagonal ridge, without the FOMC columns",2000,1.469433996717355,1.6553081242150605,0.5541710286439376,0.7993588867668067,1.6327672084091138,2.5916461359741554,0.3825,0.6176911544227887
hold_settle,whole,full,fixed_cell,,margin,blk2_inc,0.3,"sell only when v >= 0.30, block-diagonal ridge, without the FOMC columns",2000,1.0924972800044506,1.066908852237053,0.5794803040113297,0.1393920170313988,1.0600123751899404,2.0486373299487304,0.521,0.47926036981509246
hold_settle,whole,full,fixed_cell,,margin,lgbm,0.0,"sell only when v >= 0.00, LightGBM",2000,3.644977274585218,3.1684650492538635,0.41014785473149035,2.5008813442747657,3.1599283549206683,3.8724994489677944,0.874,0.12643678160919541
hold_settle,whole,full,fixed_cell,,margin,lgbm,0.05,"sell only when v >= 0.05, LightGBM",2000,3.1129975492463684,2.7917498086171206,0.4727040439477141,2.061044890786938,2.78463266767135,3.595036500571411,0.7495,0.25087456271864067
hold_settle,whole,full,fixed_cell,,margin,lgbm,0.1,"sell only when v >= 0.10, LightGBM",2000,2.625548674567752,2.34217384249528,0.49496747374517325,1.555594388399669,2.3279231821794175,3.160115614297486,0.728,0.2723638180909545
hold_settle,whole,full,fixed_cell,,margin,lgbm,0.15,"sell only when v >= 0.15, LightGBM",2000,2.083389278364673,1.986881239207582,0.5455810186805543,1.1318494449628065,1.9712014636162603,2.9054446725610013,0.5765,0.4237881059470265
hold_settle,whole,full,fixed_cell,,margin,lgbm,0.2,"sell only when v >= 0.20, LightGBM",2000,1.6121713711543628,1.636095776888209,0.5682044177383991,0.7297374327071544,1.6181423051536679,2.6066493833764817,0.496,0.504247876061969
hold_settle,whole,full,fixed_cell,,margin,lgbm,0.3,"sell only when v >= 0.30, LightGBM",2000,1.163509164594598,1.1043096833567128,0.5777576158320624,0.15349008313248855,1.0930163500476824,2.0771187242007207,0.542,0.45827086456771615
hold_settle,whole,full,fixed_cell,,margin,xgb,0.0,"sell only when v >= 0.00, XGBoost",2000,3.9085310542840506,3.131161762369643,0.413530820319589,2.4733279700587514,3.1104224298368344,3.833483803079978,0.9655,0.03498250874562719
hold_settle,whole,full,fixed_cell,,margin,xgb,0.05,"sell only when v >= 0.05, XGBoost",2000,3.248390671951491,2.759760527098352,0.4719691706580482,2.010942480770821,2.7441245735730218,3.5620280105582953,0.85,0.1504247876061969
hold_settle,whole,full,fixed_cell,,margin,xgb,0.1,"sell only when v >= 0.10, XGBoost",2000,2.6215783283242784,2.294866222886213,0.5122499038256355,1.482636114262326,2.282033843513413,3.168609701359127,0.7375,0.26286856571714146
hold_settle,whole,full,fixed_cell,,margin,xgb,0.15,"sell only when v >= 0.15, XGBoost",2000,2.2118367107382038,1.965532732451044,0.5559670665613055,1.1126614992478936,1.9266910694655648,2.9391533261782627,0.683,0.3173413293353323
hold_settle,whole,full,fixed_cell,,margin,xgb,0.2,"sell only when v >= 0.20, XGBoost",2000,1.7167415185620953,1.6300618419763604,0.5663366425866178,0.743500834379686,1.6104102086612944,2.571855697534064,0.5755,0.42478760619690153
hold_settle,whole,full,fixed_cell,,margin,xgb,0.3,"sell only when v >= 0.30, XGBoost",2000,0.9789390470865382,1.076394177349419,0.5790539375788931,0.1571042063153646,1.071770928706866,2.0219711198768135,0.4365,0.5637181409295352
hold_settle,whole,full,fixed_cell,,margin,lasso_t,0.0,"sell only when v >= 0.00, lasso (causally tuned)",2000,3.7210947547948594,3.100608728653835,0.42693500591478095,2.419617191494768,3.0833905804215584,3.8370246810268047,0.9205,0.079960019990005
hold_settle,whole,full,fixed_cell,,margin,lasso_t,0.05,"sell only when v >= 0.05, lasso (causally tuned)",2000,3.1280236017354484,2.6964809509735566,0.46924772020452055,1.9491043310601002,2.6925913667993058,3.4837104825294656,0.832,0.16841579210394803
hold_settle,whole,full,fixed_cell,,margin,lasso_t,0.1,"sell only when v >= 0.10, lasso (causally tuned)",2000,2.59769928573144,2.312187028993206,0.5198209291994468,1.4865356988770337,2.298276184461868,3.2156210286964817,0.7185,0.2818590704647676
hold_settle,whole,full,fixed_cell,,margin,lasso_t,0.15,"sell only when v >= 0.15, lasso (causally tuned)",2000,2.123971004375456,1.985134124514754,0.5607693122111391,1.0632069756187306,1.9613025178025856,2.92486825280377,0.6165,0.383808095952024
hold_settle,whole,full,fixed_cell,,margin,lasso_t,0.2,"sell only when v >= 0.20, lasso (causally tuned)",2000,1.357792050339099,1.6592387085648372,0.5538110660938694,0.778909675421278,1.6412832229031102,2.5989546274677147,0.3,0.7001499250374813
hold_settle,whole,full,fixed_cell,,margin,lasso_t,0.3,"sell only when v >= 0.30, lasso (causally tuned)",2000,0.6992404780428702,1.0259342441649428,0.5813985723485381,0.07219395467659442,1.027563289128532,1.973018264655322,0.298,0.7021489255372314
hold_settle,whole,full,fixed_cell,,margin,lasso_f,0.0,"sell only when v >= 0.00, lasso (fixed 1e-4)",2000,3.7288142915514033,3.156838280448724,0.4157897355888597,2.5126251872237355,3.1368702465245932,3.8598548165691575,0.9185,0.08195902048975512
hold_settle,whole,full,fixed_cell,,margin,lasso_f,0.05,"sell only when v >= 0.05, lasso (fixed 1e-4)",2000,3.348853578806044,2.757273088986609,0.46407753677319546,2.0316891232112875,2.738920197508662,3.5353072996197468,0.898,0.1024487756121939
hold_settle,whole,full,fixed_cell,,margin,lasso_f,0.1,"sell only when v >= 0.10, lasso (fixed 1e-4)",2000,2.4289385702502737,2.3346699835931597,0.502888018729559,1.5415269486652898,2.3226306659084672,3.1744848583835994,0.5845,0.41579210394802596
hold_settle,whole,full,fixed_cell,,margin,lasso_f,0.15,"sell only when v >= 0.15, lasso (fixed 1e-4)",2000,1.9009315089404686,2.011373837999784,0.5362811664303287,1.1728343008327338,1.9773986263485281,2.947722162502381,0.442,0.5582208895552224
hold_settle,whole,full,fixed_cell,,margin,lasso_f,0.2,"sell only when v >= 0.20, lasso (fixed 1e-4)",2000,1.8928001311056142,1.7092228907177032,0.5638290475527561,0.8275989913294727,1.6912431869153381,2.672891493165384,0.6485,0.351824087956022
hold_settle,whole,full,fixed_cell,,margin,lasso_f,0.3,"sell only when v >= 0.30, lasso (fixed 1e-4)",2000,1.0414016988974613,1.0765141340628879,0.5864682551212828,0.12842882042590248,1.0671777202316313,2.072944655463611,0.4805,0.5197401299350325
hold_settle,whole,full,fixed_cell,,margin,enet,0.0,"sell only when v >= 0.00, elastic net (causally tuned)",2000,3.729391654470864,3.1149964311228415,0.4139812461541142,2.44016398750438,3.100170762625036,3.7929759480965863,0.9295,0.07096451774112944
hold_settle,whole,full,fixed_cell,,margin,enet,0.05,"sell only when v >= 0.05, elastic net (causally tuned)",2000,3.1581241110615808,2.73842996755012,0.4767945017145524,1.9681980804257309,2.7253553922472884,3.549101391645682,0.8155,0.18490754622688654
hold_settle,whole,full,fixed_cell,,margin,enet,0.1,"sell only when v >= 0.10, elastic net (causally tuned)",2000,2.2289829428304886,2.2578301919400072,0.501749690970806,1.4566313824672168,2.2482076829838302,3.1229016827160607,0.4825,0.5177411294352824
hold_settle,whole,full,fixed_cell,,margin,enet,0.15,"sell only when v >= 0.15, elastic net (causally tuned)",2000,2.108796796665179,1.9651533338843437,0.547844746761576,1.1016761406760975,1.9520714869346583,2.8715015868110316,0.6095,0.39080459770114945
hold_settle,whole,full,fixed_cell,,margin,enet,0.2,"sell only when v >= 0.20, elastic net (causally tuned)",2000,1.2416754605441838,1.6175123843344408,0.5594209837303519,0.7398403656809077,1.6033959912882447,2.5746585132281474,0.26,0.7401299350324838
hold_settle,whole,full,fixed_cell,,margin,enet,0.3,"sell only when v >= 0.30, elastic net (causally tuned)",2000,0.6634716064715921,1.0714202292015784,0.5908421930275531,0.13805233681440499,1.0686276513857003,2.0617918221761338,0.2645,0.735632183908046
hold_settle,whole,oos,fixed_cell,,margin,a0,0.0,"sell only when v >= 0.00, baseline (HAR + calendar OLS)",2000,3.8892951857150173,2.9525893340003786,0.4230915118838687,2.30706972267535,2.9368649024722515,3.677359732971559,0.98,0.02048975512243878
hold_settle,whole,oos,fixed_cell,,margin,a0,0.05,"sell only when v >= 0.05, baseline (HAR + calendar OLS)",2000,3.2728216165374997,2.6428728861783233,0.4934092131239782,1.8765330763895829,2.6137273187610104,3.490159340795993,0.8925,0.10794602698650675
hold_settle,whole,oos,fixed_cell,,margin,a0,0.1,"sell only when v >= 0.10, baseline (HAR + calendar OLS)",2000,2.7680454117375746,2.283069043421263,0.5360915955353714,1.4403803734645502,2.25005126004422,3.2084758208869286,0.8175,0.18290854572713644
hold_settle,whole,oos,fixed_cell,,margin,a0,0.15,"sell only when v >= 0.15, baseline (HAR + calendar OLS)",2000,2.0626142306491375,1.9521265199011353,0.5535502039748537,1.0657047213089101,1.956570166558289,2.8781247796829477,0.5925,0.4077961019490255
hold_settle,whole,oos,fixed_cell,,margin,a0,0.2,"sell only when v >= 0.20, baseline (HAR + calendar OLS)",2000,1.6863508821503397,1.6622262055039818,0.5816324585553475,0.7263336732268264,1.6475349762202975,2.6414462453267165,0.528,0.47226386806596704
hold_settle,whole,oos,fixed_cell,,margin,a0,0.3,"sell only when v >= 0.30, baseline (HAR + calendar OLS)",2000,0.9164054361542916,1.1387995809432048,0.5955301012374159,0.18137230363841353,1.12265358138429,2.145923389338789,0.3725,0.6276861569215393
hold_settle,whole,oos,fixed_cell,,margin,blk2,0.0,"sell only when v >= 0.00, block-diagonal ridge",2000,3.56446875421643,2.9436980235266255,0.41716504412448835,2.275194844882564,2.9311503456222363,3.6553876183481293,0.929,0.07146426786606697
hold_settle,whole,oos,fixed_cell,,margin,blk2,0.05,"sell only when v >= 0.05, block-diagonal ridge",2000,3.063025744932968,2.6363777890185047,0.46828366144966455,1.8792372512739743,2.6280209918428405,3.423372638492545,0.8235,0.17691154422788605
hold_settle,whole,oos,fixed_cell,,margin,blk2,0.1,"sell only when v >= 0.10, block-diagonal ridge",2000,2.3409092356166363,2.233461990107783,0.52504098770176,1.3754990643789298,2.221309317609753,3.1173814003182376,0.5905,0.4097951024487756
hold_settle,whole,oos,fixed_cell,,margin,blk2,0.15,"sell only when v >= 0.15, block-diagonal ridge",2000,1.9011696759189296,1.9403856705552986,0.5554439710767289,1.045634102894678,1.930904874331663,2.8785279470821252,0.4805,0.5197401299350325
hold_settle,whole,oos,fixed_cell,,margin,blk2,0.2,"sell only when v >= 0.20, block-diagonal ridge",2000,1.3186352983075138,1.6630202661527356,0.5749287002630237,0.783867333846708,1.6197986453065916,2.6688553730132862,0.2845,0.7156421789105447
hold_settle,whole,oos,fixed_cell,,margin,blk2,0.3,"sell only when v >= 0.30, block-diagonal ridge",2000,1.329834241042019,1.1132169546177857,0.6059038469280809,0.13196775713961187,1.1158800639578623,2.103616909993752,0.635,0.36531734132933535
hold_settle,whole,oos,fixed_cell,,margin,blk2_inc,0.0,"sell only when v >= 0.00, block-diagonal ridge, without the FOMC columns",2000,3.505316159739037,2.9111324974112476,0.4286960930997707,2.2512659562134902,2.8905511004463156,3.6519091509608517,0.909,0.09145427286356822
hold_settle,whole,oos,fixed_cell,,margin,blk2_inc,0.05,"sell only when v >= 0.05, block-diagonal ridge, without the FOMC columns",2000,2.9498914481713574,2.5936481514381886,0.4872907991194762,1.8129689601959786,2.5721332613079335,3.43720559272002,0.77,0.2303848075962019
hold_settle,whole,oos,fixed_cell,,margin,blk2_inc,0.1,"sell only when v >= 0.10, block-diagonal ridge, without the FOMC columns",2000,2.1784145697196413,2.1589999138109843,0.5305028220460892,1.3135166962716223,2.1459344362609696,3.0587883592419924,0.5225,0.4777611194402799
hold_settle,whole,oos,fixed_cell,,margin,blk2_inc,0.15,"sell only when v >= 0.15, block-diagonal ridge, without the FOMC columns",2000,1.9434905523544868,1.89859659329042,0.5798069030482086,0.9922858944687352,1.8636457483167872,2.8574758355825005,0.549,0.4512743628185907
hold_settle,whole,oos,fixed_cell,,margin,blk2_inc,0.2,"sell only when v >= 0.20, block-diagonal ridge, without the FOMC columns",2000,1.4998204488298383,1.5885111629931026,0.5886588510764376,0.6591196852734124,1.5636918501818764,2.570941564307787,0.452,0.5482258870564718
hold_settle,whole,oos,fixed_cell,,margin,blk2_inc,0.3,"sell only when v >= 0.30, block-diagonal ridge, without the FOMC columns",2000,1.0649210107266818,1.0359913113052115,0.6028571691714618,0.07493637751990957,1.0324284188176476,2.0341074127005196,0.517,0.4832583708145927
hold_settle,whole,oos,fixed_cell,,margin,lgbm,0.0,"sell only when v >= 0.00, LightGBM",2000,3.4724045023750176,2.956073985487839,0.4203050673797303,2.297820567546291,2.940054293961647,3.6656440487064423,0.8875,0.11294352823588207
hold_settle,whole,oos,fixed_cell,,margin,lgbm,0.05,"sell only when v >= 0.05, LightGBM",2000,3.0056283599857085,2.6011271838237966,0.4732448302750586,1.8678730548759326,2.575329853339317,3.4100982539914453,0.808,0.1924037981009495
hold_settle,whole,oos,fixed_cell,,margin,lgbm,0.1,"sell only when v >= 0.10, LightGBM",2000,2.485063904102108,2.2168431231943067,0.5525065221431757,1.3634310880430038,2.192120614295989,3.1644282553872034,0.6975,0.3028485757121439
hold_settle,whole,oos,fixed_cell,,margin,lgbm,0.15,"sell only when v >= 0.15, LightGBM",2000,1.9991310615065447,1.8888277626653047,0.5701201611571911,1.001604391128469,1.8797533453544106,2.8546831239665864,0.585,0.41529235382308843
hold_settle,whole,oos,fixed_cell,,margin,lgbm,0.2,"sell only when v >= 0.20, LightGBM",2000,1.5576991114300855,1.5763092162979,0.5947314368801425,0.6315204395898839,1.5479341802536135,2.5915353986198375,0.5085,0.4917541229385307
hold_settle,whole,oos,fixed_cell,,margin,lgbm,0.3,"sell only when v >= 0.30, LightGBM",2000,1.1979808375427763,1.0919134023997608,0.607125130574511,0.1429820458313414,1.0765894817702213,2.111656893512173,0.572,0.42828585707146427
hold_settle,whole,oos,fixed_cell,,margin,xgb,0.0,"sell only when v >= 0.00, XGBoost",2000,3.7126897165863477,2.9498735574946475,0.4198844620746777,2.2702538307177305,2.9243051087037033,3.690312212549874,0.952,0.04847576211894053
hold_settle,whole,oos,fixed_cell,,margin,xgb,0.05,"sell only when v >= 0.05, XGBoost",2000,3.2172111931619276,2.6029961345439077,0.4871002842712397,1.8374397418452724,2.594336484013761,3.402034882730423,0.896,0.10444777611194403
hold_settle,whole,oos,fixed_cell,,margin,xgb,0.1,"sell only when v >= 0.10, XGBoost",2000,2.5273875667705625,2.1987818951447906,0.5260210935672455,1.3480772526066882,2.1910767732692094,3.0578135803980766,0.735,0.2653673163418291
hold_settle,whole,oos,fixed_cell,,margin,xgb,0.15,"sell only when v >= 0.15, XGBoost",2000,2.110785512366053,1.9022402126526066,0.5733408504271564,0.9998922458089854,1.8919912705204958,2.8749440722301056,0.6545,0.3458270864567716
hold_settle,whole,oos,fixed_cell,,margin,xgb,0.2,"sell only when v >= 0.20, XGBoost",2000,1.6937329007860127,1.5914228691345997,0.6019883872201117,0.6608333474043948,1.5739279361677951,2.6280718274078576,0.589,0.4112943528235882
hold_settle,whole,oos,fixed_cell,,margin,xgb,0.3,"sell only when v >= 0.30, XGBoost",2000,0.9568506088241188,1.0651273206440257,0.597562992607211,0.12864597631143365,1.0442152319525693,2.0686393912288854,0.4405,0.559720139930035
hold_settle,whole,oos,fixed_cell,,margin,lasso_t,0.0,"sell only when v >= 0.00, lasso (causally tuned)",2000,3.6559244543555227,2.9053882957212744,0.43590553087244593,2.225369129618936,2.8916860410950274,3.6463214230078083,0.9515,0.04897551224387806
hold_settle,whole,oos,fixed_cell,,margin,lasso_t,0.05,"sell only when v >= 0.05, lasso (causally tuned)",2000,3.0522551793906505,2.591726289530282,0.4718715056903364,1.8464809999515601,2.563195539511364,3.3914228117673813,0.8355,0.16491754122938532
hold_settle,whole,oos,fixed_cell,,margin,lasso_t,0.1,"sell only when v >= 0.10, lasso (causally tuned)",2000,2.5677615598126886,2.215821602872283,0.5274804777469532,1.378783736239358,2.1959196737925435,3.1082128225128542,0.7575,0.24287856071964017
hold_settle,whole,oos,fixed_cell,,margin,lasso_t,0.15,"sell only when v >= 0.15, lasso (causally tuned)",2000,2.129760871703104,1.896288518810927,0.5724183611942458,1.0029773350295568,1.887549217838104,2.851337859386702,0.6605,0.33983008495752126
hold_settle,whole,oos,fixed_cell,,margin,lasso_t,0.2,"sell only when v >= 0.20, lasso (causally tuned)",2000,1.3339344706815874,1.604380835862114,0.567628612680191,0.6888759387198145,1.59496021314388,2.5894601023361954,0.3265,0.6736631684157921
hold_settle,whole,oos,fixed_cell,,margin,lasso_t,0.3,"sell only when v >= 0.30, lasso (causally tuned)",2000,0.7125414114012665,1.0129725376554963,0.6010748675679405,0.07533465802998011,0.9920580021230756,2.015417099552164,0.325,0.6751624187906047
hold_settle,whole,oos,fixed_cell,,margin,lasso_f,0.0,"sell only when v >= 0.00, lasso (fixed 1e-4)",2000,3.6396996378066633,2.9706308186157186,0.41781281852653684,2.304132741897122,2.967084288958502,3.6852137281939523,0.9415,0.05897051474262868
hold_settle,whole,oos,fixed_cell,,margin,lasso_f,0.05,"sell only when v >= 0.05, lasso (fixed 1e-4)",2000,3.212061918843426,2.6179098398119147,0.47615811325856755,1.8704991314264638,2.6073534075444504,3.4299758560030216,0.8935,0.10694652673663169
hold_settle,whole,oos,fixed_cell,,margin,lasso_f,0.1,"sell only when v >= 0.10, lasso (fixed 1e-4)",2000,2.301352252326956,2.2320995770674443,0.5212119653245018,1.4211275622396715,2.210631364761099,3.129023327134752,0.5625,0.43778110944527737
hold_settle,whole,oos,fixed_cell,,margin,lasso_f,0.15,"sell only when v >= 0.15, lasso (fixed 1e-4)",2000,1.7870302769199113,1.9545344057816814,0.5658335754852619,1.0583700521129131,1.9302490880118235,2.902859093627034,0.393,0.6071964017991005
hold_settle,whole,oos,fixed_cell,,margin,lasso_f,0.2,"sell only when v >= 0.20, lasso (fixed 1e-4)",2000,1.8306871249488488,1.6404751798863553,0.5747073173432942,0.7252753270322037,1.6216939237389956,2.6173932759456124,0.645,0.3553223388305847
hold_settle,whole,oos,fixed_cell,,margin,lasso_f,0.3,"sell only when v >= 0.30, lasso (fixed 1e-4)",2000,1.1058643011687002,1.0579863258577962,0.6095452511587698,0.061564058052282086,1.0461382683577516,2.0919611945743806,0.5415,0.4587706146926537
hold_settle,whole,oos,fixed_cell,,margin,enet,0.0,"sell only when v >= 0.00, elastic net (causally tuned)",2000,3.703915790710082,2.947035315633029,0.41859389058846114,2.2806117872214595,2.9216745334706484,3.649181712813606,0.957,0.043478260869565216
hold_settle,whole,oos,fixed_cell,,margin,enet,0.05,"sell only when v >= 0.05, elastic net (causally tuned)",2000,3.13695673251737,2.6029543909162705,0.4702601920069265,1.8484860102532321,2.588961882577838,3.40105065479349,0.865,0.13543228385807096
hold_settle,whole,oos,fixed_cell,,margin,enet,0.1,"sell only when v >= 0.10, elastic net (causally tuned)",2000,2.1529279353573267,2.151555595733253,0.5230359476598957,1.295162721647385,2.134835160232716,3.0410470805637635,0.5135,0.4867566216891554
hold_settle,whole,oos,fixed_cell,,margin,enet,0.15,"sell only when v >= 0.15, elastic net (causally tuned)",2000,2.053116729152147,1.9281580529145113,0.5662867588467213,1.0117230177279612,1.921416585244374,2.842821325652448,0.579,0.42128935532233885
hold_settle,whole,oos,fixed_cell,,margin,enet,0.2,"sell only when v >= 0.20, elastic net (causally tuned)",2000,1.1417997171082936,1.546760798688696,0.5688540834579139,0.6119842244774886,1.5306107948123602,2.490109353556152,0.2395,0.7606196901549226
hold_settle,whole,oos,fixed_cell,,margin,enet,0.3,"sell only when v >= 0.30, elastic net (causally tuned)",2000,0.6585480725485239,1.0236863957787772,0.6199109597722131,0.024389816529299967,1.0075228088336476,2.0677603751269547,0.291,0.7091454272863568
hold_settle,whole,oos,walk_forward_selected,full_grid,margin,,,"full_grid: (forecast, theta) chosen on an expanding window, 5-day embargo",0,3.9717911256867424,,,,,,,
hold_settle,whole,oos,walk_forward_selected,theta_only_blk2,margin,,,"theta_only_blk2: (forecast, theta) chosen on an expanding window, 5-day embargo",0,3.9717911256867424,,,,,,,
hold_settle,whole,oos,walk_forward_selected,theta_only_a0,margin,,,"theta_only_a0: (forecast, theta) chosen on an expanding window, 5-day embargo",0,3.9717911256867424,,,,,,,
hold_settle,daily_era,full,fixed_cell,,margin,a0,0.0,"sell only when v >= 0.00, baseline (HAR + calendar OLS)",2000,4.039728821580822,2.760272172066498,0.5617245451432729,1.9196426916211988,2.737235407056545,3.730215267708505,0.981,0.019490254872563718
hold_settle,daily_era,full,fixed_cell,,margin,a0,0.05,"sell only when v >= 0.05, baseline (HAR + calendar OLS)",2000,3.3476224828315386,2.478810498899684,0.6083071896773897,1.5549831694326797,2.441237669596296,3.5314245239507036,0.9165,0.08395802098950525
hold_settle,daily_era,full,fixed_cell,,margin,a0,0.1,"sell only when v >= 0.10, baseline (HAR + calendar OLS)",2000,2.581241983242869,2.1940291965363756,0.6840595165313434,1.1099360158214415,2.167056061772054,3.3444201548783115,0.7215,0.27886056971514245
hold_settle,daily_era,full,fixed_cell,,margin,a0,0.15,"sell only when v >= 0.15, baseline (HAR + calendar OLS)",2000,1.678157473907522,1.854481845865104,0.7315622596151495,0.6943794007680576,1.8299400347912447,3.121449451414641,0.4235,0.5767116441779111
hold_settle,daily_era,full,fixed_cell,,margin,a0,0.2,"sell only when v >= 0.20, baseline (HAR + calendar OLS)",2000,1.1096659845853643,1.4845191367050852,0.7614526852066862,0.2655427297330602,1.4501170293867478,2.788299503622886,0.316,0.6841579210394803
hold_settle,daily_era,full,fixed_cell,,margin,a0,0.3,"sell only when v >= 0.30, baseline (HAR + calendar OLS)",2000,0.5587323382138272,1.0866767882169543,0.7798130014933901,-0.14571564251733266,1.0560184509047115,2.3996407328589977,0.264,0.7361319340329835
hold_settle,daily_era,full,fixed_cell,,margin,blk2,0.0,"sell only when v >= 0.00, block-diagonal ridge",2000,3.5203334726278617,2.8365158808038924,0.5297603825292025,2.0191903705276317,2.8088336392021684,3.7184324490376057,0.9,0.10044977511244378
hold_settle,daily_era,full,fixed_cell,,margin,blk2,0.05,"sell only when v >= 0.05, block-diagonal ridge",2000,2.6673943861846254,2.4714636485058956,0.6094451514836184,1.5439586737894344,2.437298585880143,3.5222645018331966,0.636,0.36431784107946025
hold_settle,daily_era,full,fixed_cell,,margin,blk2,0.1,"sell only when v >= 0.10, block-diagonal ridge",2000,2.00583245254714,2.1074077186795472,0.679297137070334,1.0826530758716861,2.063151726672397,3.2898285598116765,0.4625,0.5377311344327836
hold_settle,daily_era,full,fixed_cell,,margin,blk2,0.15,"sell only when v >= 0.15, block-diagonal ridge",2000,1.7018785326366164,1.8560393946424123,0.7306100106055259,0.725433448025912,1.8434432862303067,3.121783127482957,0.4265,0.5737131434282858
hold_settle,daily_era,full,fixed_cell,,margin,blk2,0.2,"sell only when v >= 0.20, block-diagonal ridge",2000,1.1553953945861626,1.641033980501152,0.7759817632225026,0.43409012170021544,1.6222166075069584,2.9662751394846585,0.2835,0.7166416791604198
hold_settle,daily_era,full,fixed_cell,,margin,blk2,0.3,"sell only when v >= 0.30, block-diagonal ridge",2000,0.9759174677591407,1.0747400147696247,0.788488035188868,-0.18869240721954722,1.0393101133422942,2.40477691111317,0.468,0.5322338830584707
hold_settle,daily_era,full,fixed_cell,,margin,blk2_inc,0.0,"sell only when v >= 0.00, block-diagonal ridge, without the FOMC columns",2000,3.3694525600029297,2.7616027863005073,0.5446067161824379,1.910599940978133,2.725844364498186,3.6902588551140654,0.864,0.136431784107946
hold_settle,daily_era,full,fixed_cell,,margin,blk2_inc,0.05,"sell only when v >= 0.05, block-diagonal ridge, without the FOMC columns",2000,2.470650832959211,2.3999402521650985,0.6216068201706724,1.4411455133560094,2.3710926823487943,3.4456540893038703,0.5705,0.42978510744627685
hold_settle,daily_era,full,fixed_cell,,margin,blk2_inc,0.1,"sell only when v >= 0.10, block-diagonal ridge, without the FOMC columns",2000,1.6470183704137953,2.0004533103386577,0.6838920953189223,0.9096291061174002,1.9619420318273426,3.1835763510855535,0.3145,0.6856571714142928
hold_settle,daily_era,full,fixed_cell,,margin,blk2_inc,0.15,"sell only when v >= 0.15, block-diagonal ridge, without the FOMC columns",2000,1.9523605616248805,1.8138934472184578,0.7375170398813471,0.6875942131402438,1.7700272229032272,3.0826895072722964,0.5865,0.41379310344827586
hold_settle,daily_era,full,fixed_cell,,margin,blk2_inc,0.2,"sell only when v >= 0.20, block-diagonal ridge, without the FOMC columns",2000,1.0905490741806503,1.5666792410300259,0.761587134021782,0.3778475597835405,1.519733657012576,2.8725003068928925,0.281,0.7191404297851074
hold_settle,daily_era,full,fixed_cell,,margin,blk2_inc,0.3,"sell only when v >= 0.30, block-diagonal ridge, without the FOMC columns",2000,0.6320292277891121,1.0648053369155628,0.7783448800789919,-0.19932267287521543,1.0408940702143374,2.3682483991515197,0.306,0.6941529235382309
hold_settle,daily_era,full,fixed_cell,,margin,lgbm,0.0,"sell only when v >= 0.00, LightGBM",2000,3.478745416633863,2.7816938016657877,0.5477228512010922,1.9101856175758538,2.759928242132812,3.694928147930417,0.898,0.1024487756121939
hold_settle,daily_era,full,fixed_cell,,margin,lgbm,0.05,"sell only when v >= 0.05, LightGBM",2000,2.833731709056075,2.5083795207185084,0.6109886611743179,1.561873181596128,2.469214080063492,3.534012072354603,0.713,0.28735632183908044
hold_settle,daily_era,full,fixed_cell,,margin,lgbm,0.1,"sell only when v >= 0.10, LightGBM",2000,2.333554181532681,2.061389742189907,0.6866133963055114,0.9722080539376784,2.031538855411979,3.2134007847857307,0.6535,0.3468265867066467
hold_settle,daily_era,full,fixed_cell,,margin,lgbm,0.15,"sell only when v >= 0.15, LightGBM",2000,1.5727246585000045,1.858959341762206,0.7407899401172571,0.7152892586586987,1.8280135838220297,3.1498191655019974,0.366,0.6341829085457271
hold_settle,daily_era,full,fixed_cell,,margin,lgbm,0.2,"sell only when v >= 0.20, LightGBM",2000,1.1608842170343152,1.4700245668164647,0.7676507992972178,0.2765256068504386,1.4353480919514234,2.817522055155807,0.3675,0.6326836581709145
hold_settle,daily_era,full,fixed_cell,,margin,lgbm,0.3,"sell only when v >= 0.30, LightGBM",2000,0.9925771212327221,1.0911510990399096,0.7775262689139988,-0.15664224163849472,1.0684069661018891,2.3624330859445712,0.4645,0.5357321339330335
hold_settle,daily_era,full,fixed_cell,,margin,xgb,0.0,"sell only when v >= 0.00, XGBoost",2000,3.8930932953179185,2.819265250427935,0.5480831362530767,1.983809796592851,2.7874785250890786,3.8006280637341363,0.9625,0.03798100949525238
hold_settle,daily_era,full,fixed_cell,,margin,xgb,0.05,"sell only when v >= 0.05, XGBoost",2000,3.1947224548728994,2.4792356285852093,0.6147147882917435,1.5373807874408116,2.4440482979832563,3.560644828286007,0.875,0.12543728135932034
hold_settle,daily_era,full,fixed_cell,,margin,xgb,0.1,"sell only when v >= 0.10, XGBoost",2000,2.4196873802962764,2.076625768766074,0.6696541182695951,1.001631205364297,2.0431627777898083,3.238271716560215,0.7055,0.29485257371314344
hold_settle,daily_era,full,fixed_cell,,margin,xgb,0.15,"sell only when v >= 0.15, XGBoost",2000,1.705690620066811,1.797276291716484,0.7344929331918939,0.6198325018054991,1.765221908011108,3.076351390702976,0.4675,0.5327336331834083
hold_settle,daily_era,full,fixed_cell,,margin,xgb,0.2,"sell only when v >= 0.20, XGBoost",2000,1.4448678515345603,1.5257228640936877,0.7611252659515821,0.33406825250120753,1.4901075598544948,2.8214152673051824,0.478,0.5222388805597201
hold_settle,daily_era,full,fixed_cell,,margin,xgb,0.3,"sell only when v >= 0.30, XGBoost",2000,0.930559995763587,1.0550141143851266,0.7706485156909109,-0.17234055464310657,1.0594548365966463,2.3281163001018252,0.4485,0.5517241379310345
hold_settle,daily_era,full,fixed_cell,,margin,lasso_t,0.0,"sell only when v >= 0.00, lasso (causally tuned)",2000,3.504558748994829,2.771146632396956,0.5491333856675819,1.8978206623382734,2.750148437559771,3.6909871750624252,0.905,0.09545227386306847
hold_settle,daily_era,full,fixed_cell,,margin,lasso_t,0.05,"sell only when v >= 0.05, lasso (causally tuned)",2000,2.7526773468229404,2.4570487444707543,0.6216439868889934,1.4609208651055914,2.4449779955273705,3.4942371731440023,0.6915,0.30884557721139433
hold_settle,daily_era,full,fixed_cell,,margin,lasso_t,0.1,"sell only when v >= 0.10, lasso (causally tuned)",2000,2.2515835695772726,2.08055141564524,0.6834823285597592,1.0296810472578088,2.042386695297838,3.253621440549586,0.625,0.375312343828086
hold_settle,daily_era,full,fixed_cell,,margin,lasso_t,0.15,"sell only when v >= 0.15, lasso (causally tuned)",2000,1.7739802363716537,1.7947206823269983,0.7354185895987723,0.6405136510589263,1.7456440064609615,3.111415088622143,0.5185,0.4817591204397801
hold_settle,daily_era,full,fixed_cell,,margin,lasso_t,0.2,"sell only when v >= 0.20, lasso (causally tuned)",2000,1.0504802950004364,1.5301050317271696,0.759792315377148,0.34774236575412704,1.4909518297942965,2.838240578932193,0.275,0.7251374312843578
hold_settle,daily_era,full,fixed_cell,,margin,lasso_t,0.3,"sell only when v >= 0.30, lasso (causally tuned)",2000,0.5378460145422232,0.9911764900430713,0.8026549025482941,-0.2918581578622701,0.9493623910584008,2.319469990082736,0.3175,0.6826586706646677
hold_settle,daily_era,full,fixed_cell,,margin,lasso_f,0.0,"sell only when v >= 0.00, lasso (fixed 1e-4)",2000,3.6343224088347754,2.851925326511979,0.5339300068191412,2.028817340948981,2.8355059480846174,3.7708067653187856,0.926,0.07446276861569215
hold_settle,daily_era,full,fixed_cell,,margin,lasso_f,0.05,"sell only when v >= 0.05, lasso (fixed 1e-4)",2000,2.869737987291772,2.4877820123458423,0.6093246745807814,1.5712257550600293,2.4425089161153752,3.5605958739531522,0.753,0.24737631184407796
hold_settle,daily_era,full,fixed_cell,,margin,lasso_f,0.1,"sell only when v >= 0.10, lasso (fixed 1e-4)",2000,1.9924208357607942,2.068441024729545,0.6789686590617067,1.0361084931987294,2.0278684634630517,3.230099296561373,0.479,0.5212393803098451
hold_settle,daily_era,full,fixed_cell,,margin,lasso_f,0.15,"sell only when v >= 0.15, lasso (fixed 1e-4)",2000,1.5819766522580105,1.836829208038593,0.7375807347432237,0.6495068767513636,1.7912690864174523,3.111299258145012,0.3875,0.6126936531734133
hold_settle,daily_era,full,fixed_cell,,margin,lasso_f,0.2,"sell only when v >= 0.20, lasso (fixed 1e-4)",2000,2.0251856341954855,1.6154303096841254,0.7745151124825118,0.38999992090913327,1.5902592729200018,2.9358125924967515,0.704,0.296351824087956
hold_settle,daily_era,full,fixed_cell,,margin,lasso_f,0.3,"sell only when v >= 0.30, lasso (fixed 1e-4)",2000,0.7484484662367339,1.0346410230892213,0.7857683049966868,-0.21350241680464166,1.0087374728242673,2.3540459364829043,0.378,0.6221889055472264
hold_settle,daily_era,full,fixed_cell,,margin,enet,0.0,"sell only when v >= 0.00, elastic net (causally tuned)",2000,3.5779719940540717,2.7802844099220403,0.5422815932248256,1.949236342379003,2.7447650626721085,3.7123244796552304,0.921,0.07946026986506746
hold_settle,daily_era,full,fixed_cell,,margin,enet,0.05,"sell only when v >= 0.05, elastic net (causally tuned)",2000,2.815623231113495,2.4420406485902113,0.6099991165938896,1.4975345143181276,2.4223023563098307,3.4999734832439233,0.7385,0.26186906546726635
hold_settle,daily_era,full,fixed_cell,,margin,enet,0.1,"sell only when v >= 0.10, elastic net (causally tuned)",2000,1.694732778416755,1.96361021788482,0.6742127380464877,0.9192141404096992,1.9322037052921945,3.134280339388313,0.368,0.632183908045977
hold_settle,daily_era,full,fixed_cell,,margin,enet,0.15,"sell only when v >= 0.15, elastic net (causally tuned)",2000,2.112739725529911,1.7930322151435065,0.7686760459627983,0.5999301670272682,1.7474578799488438,3.1147342939741396,0.679,0.3213393303348326
hold_settle,daily_era,full,fixed_cell,,margin,enet,0.2,"sell only when v >= 0.20, elastic net (causally tuned)",2000,0.8926867157218915,1.5142780565949256,0.7745414287854069,0.2989643804800943,1.474071891974332,2.840171110054428,0.2175,0.782608695652174
hold_settle,daily_era,full,fixed_cell,,margin,enet,0.3,"sell only when v >= 0.30, elastic net (causally tuned)",2000,0.7022127770713111,0.9915282925529827,0.7904231375222096,-0.29037214537243045,0.9754490616522595,2.276556042955397,0.3735,0.6266866566716641
hold_settle,daily_era,oos,fixed_cell,,margin,a0,0.0,"sell only when v >= 0.00, baseline (HAR + calendar OLS)",2000,4.039728821580822,2.7331760293193783,0.5664257772883201,1.8612847296090866,2.6928459289246254,3.7155392770507505,0.9795,0.020989505247376312
hold_settle,daily_era,oos,fixed_cell,,margin,a0,0.05,"sell only when v >= 0.05, baseline (HAR + calendar OLS)",2000,3.3476224828315386,2.4546697498889234,0.6107647949482701,1.4932134937605137,2.438017980448084,3.5156139449534525,0.918,0.08245877061469266
hold_settle,daily_era,oos,fixed_cell,,margin,a0,0.1,"sell only when v >= 0.10, baseline (HAR + calendar OLS)",2000,2.581241983242869,2.1769663893081104,0.6866893098847832,1.1137168961194652,2.1104776727614807,3.4000738089273845,0.727,0.2733633183408296
hold_settle,daily_era,oos,fixed_cell,,margin,a0,0.15,"sell only when v >= 0.15, baseline (HAR + calendar OLS)",2000,1.678157473907522,1.8504520481743656,0.7216982525218627,0.7514536570220467,1.8134885222807426,3.097331918139412,0.415,0.585207396301849
hold_settle,daily_era,oos,fixed_cell,,margin,a0,0.2,"sell only when v >= 0.20, baseline (HAR + calendar OLS)",2000,1.1096659845853643,1.485756575651762,0.7779701537203857,0.264330588677789,1.455288532332599,2.807895229171186,0.341,0.6591704147926037
hold_settle,daily_era,oos,fixed_cell,,margin,a0,0.3,"sell only when v >= 0.30, baseline (HAR + calendar OLS)",2000,0.5587323382138272,1.089466101314567,0.7694886546020132,-0.13981335642096504,1.0893999377310661,2.3315585444792295,0.264,0.7361319340329835
hold_settle,daily_era,oos,fixed_cell,,margin,blk2,0.0,"sell only when v >= 0.00, block-diagonal ridge",2000,3.5203334726278617,2.8425258923678203,0.5562780350609439,2.004972347570954,2.797505980989132,3.8078649469801005,0.889,0.11144427786106946
hold_settle,daily_era,oos,fixed_cell,,margin,blk2,0.05,"sell only when v >= 0.05, block-diagonal ridge",2000,2.6673943861846254,2.459858352641533,0.6087345405496294,1.5232938879140707,2.433191302169545,3.4849570517539266,0.6405,0.3598200899550225
hold_settle,daily_era,oos,fixed_cell,,margin,blk2,0.1,"sell only when v >= 0.10, block-diagonal ridge",2000,2.00583245254714,2.0834599416575936,0.6732084826784933,1.037958339422891,2.04927185009797,3.2142183004266482,0.471,0.5292353823088456
hold_settle,daily_era,oos,fixed_cell,,margin,blk2,0.15,"sell only when v >= 0.15, block-diagonal ridge",2000,1.7018785326366164,1.8971239952243002,0.7214797750037539,0.7480046929469234,1.853614678782487,3.14169722220728,0.4135,0.5867066466766616
hold_settle,daily_era,oos,fixed_cell,,margin,blk2,0.2,"sell only when v >= 0.20, block-diagonal ridge",2000,1.1553953945861626,1.6107296605402008,0.7705489267508533,0.3965252662595542,1.550693778856572,2.9433905827333167,0.2865,0.7136431784107946
hold_settle,daily_era,oos,fixed_cell,,margin,blk2,0.3,"sell only when v >= 0.30, block-diagonal ridge",2000,0.9759174677591407,1.1107973000433524,0.7874063172572413,-0.1648933883803268,1.0982765816865683,2.3889274826084415,0.4405,0.559720139930035
hold_settle,daily_era,oos,fixed_cell,,margin,blk2_inc,0.0,"sell only when v >= 0.00, block-diagonal ridge, without the FOMC columns",2000,3.3694525600029297,2.77834748619302,0.550715071715604,1.9263092596041935,2.7532675352024167,3.7369687931926183,0.854,0.14642678660669664
hold_settle,daily_era,oos,fixed_cell,,margin,blk2_inc,0.05,"sell only when v >= 0.05, block-diagonal ridge, without the FOMC columns",2000,2.470650832959211,2.4242292204503237,0.6181822668826557,1.4511650100076896,2.3923514911608597,3.492655564390658,0.5545,0.44577711144427784
hold_settle,daily_era,oos,fixed_cell,,margin,blk2_inc,0.1,"sell only when v >= 0.10, block-diagonal ridge, without the FOMC columns",2000,1.6470183704137953,1.9879067899395844,0.6888666431564482,0.8996888205951189,1.964751672854702,3.183684416982339,0.3195,0.6806596701649176
hold_settle,daily_era,oos,fixed_cell,,margin,blk2_inc,0.15,"sell only when v >= 0.15, block-diagonal ridge, without the FOMC columns",2000,1.9523605616248805,1.8251292686389018,0.7289751087754738,0.7237893263876528,1.7807685563131517,3.053683559208021,0.586,0.4142928535732134
hold_settle,daily_era,oos,fixed_cell,,margin,blk2_inc,0.2,"sell only when v >= 0.20, block-diagonal ridge, without the FOMC columns",2000,1.0905490741806503,1.5648804248602954,0.7628986677400144,0.39424317334602543,1.5303710209838437,2.9023284512286214,0.276,0.7241379310344828
hold_settle,daily_era,oos,fixed_cell,,margin,blk2_inc,0.3,"sell only when v >= 0.30, block-diagonal ridge, without the FOMC columns",2000,0.6320292277891121,1.0361566524354202,0.7806612929398388,-0.17473870924425478,0.9799290969239968,2.3287415587782427,0.3295,0.670664667666167
hold_settle,daily_era,oos,fixed_cell,,margin,lgbm,0.0,"sell only when v >= 0.00, LightGBM",2000,3.478745416633863,2.809192184198881,0.5429438530009423,1.983948374800194,2.783745179164568,3.7557619221930696,0.8925,0.10794602698650675
hold_settle,daily_era,oos,fixed_cell,,margin,lgbm,0.05,"sell only when v >= 0.05, LightGBM",2000,2.833731709056075,2.494354703838855,0.6198275836772357,1.5021743783603454,2.476600832412954,3.5582579093892726,0.724,0.27636181909045476
hold_settle,daily_era,oos,fixed_cell,,margin,lgbm,0.1,"sell only when v >= 0.10, LightGBM",2000,2.333554181532681,2.056408502068842,0.6826062192946551,0.9787564311813434,2.013559182399365,3.2498659733606305,0.6735,0.3268365817091454
hold_settle,daily_era,oos,fixed_cell,,margin,lgbm,0.15,"sell only when v >= 0.15, LightGBM",2000,1.5727246585000045,1.8527275525601272,0.7338821377414235,0.6759127670174067,1.8259100662388872,3.142631712138221,0.365,0.6351824087956022
hold_settle,daily_era,oos,fixed_cell,,margin,lgbm,0.2,"sell only when v >= 0.20, LightGBM",2000,1.1608842170343152,1.486469558032592,0.7666880157293471,0.28175451371198307,1.4614828276755376,2.8089824696921246,0.352,0.6481759120439781
hold_settle,daily_era,oos,fixed_cell,,margin,lgbm,0.3,"sell only when v >= 0.30, LightGBM",2000,0.9925771212327221,1.0966350513600076,0.7731908751444331,-0.1649464995848097,1.0745156951400856,2.323212550288199,0.4645,0.5357321339330335
hold_settle,daily_era,oos,fixed_cell,,margin,xgb,0.0,"sell only when v >= 0.00, XGBoost",2000,3.8930932953179185,2.7856174244148444,0.5362960711394203,1.9590676132986615,2.7716544293435144,3.6855017696048455,0.974,0.026486756621689155
hold_settle,daily_era,oos,fixed_cell,,margin,xgb,0.05,"sell only when v >= 0.05, XGBoost",2000,3.1947224548728994,2.4935935670209273,0.6222098430985546,1.5401750683025401,2.44801543552577,3.56671189418489,0.871,0.1294352823588206
hold_settle,daily_era,oos,fixed_cell,,margin,xgb,0.1,"sell only when v >= 0.10, XGBoost",2000,2.4196873802962764,2.061523443976951,0.6709900836902347,0.9857904668245796,2.033620362045939,3.1468297349769156,0.703,0.29735132433783107
hold_settle,daily_era,oos,fixed_cell,,margin,xgb,0.15,"sell only when v >= 0.15, XGBoost",2000,1.705690620066811,1.8170304816403866,0.7362089478705256,0.6584483763055728,1.7889729252584448,3.0718551901909206,0.4525,0.5477261369315343
hold_settle,daily_era,oos,fixed_cell,,margin,xgb,0.2,"sell only when v >= 0.20, XGBoost",2000,1.4448678515345603,1.4855969894807635,0.7672895526052185,0.2698103670301231,1.4602262686231562,2.794833282933214,0.492,0.5082458770614693
hold_settle,daily_era,oos,fixed_cell,,margin,xgb,0.3,"sell only when v >= 0.30, XGBoost",2000,0.930559995763587,1.082348737022371,0.7991103515660872,-0.18696968273290346,1.0561353137958502,2.4182512331156474,0.4395,0.56071964017991
hold_settle,daily_era,oos,fixed_cell,,margin,lasso_t,0.0,"sell only when v >= 0.00, lasso (causally tuned)",2000,3.504558748994829,2.7599320890230987,0.5436445032243892,1.9165427893602511,2.7217758969947456,3.7111820621947293,0.907,0.09345327336331834
hold_settle,daily_era,oos,fixed_cell,,margin,lasso_t,0.05,"sell only when v >= 0.05, lasso (causally tuned)",2000,2.7526773468229404,2.4255716647421113,0.6225087221121958,1.4711982599147477,2.3898412323129143,3.5221377838336925,0.7165,0.28385807096451776
hold_settle,daily_era,oos,fixed_cell,,margin,lasso_t,0.1,"sell only when v >= 0.10, lasso (causally tuned)",2000,2.2515835695772726,2.098695685971598,0.696983537697137,1.0058223783365638,2.062145820057256,3.3177151640253215,0.6015,0.3988005997001499
hold_settle,daily_era,oos,fixed_cell,,margin,lasso_t,0.15,"sell only when v >= 0.15, lasso (causally tuned)",2000,1.7739802363716537,1.734915799696022,0.739875873035288,0.5550780164753777,1.676130865311305,3.0815294417839874,0.547,0.45327336331834084
hold_settle,daily_era,oos,fixed_cell,,margin,lasso_t,0.2,"sell only when v >= 0.20, lasso (causally tuned)",2000,1.0504802950004364,1.512681205275141,0.745486859461212,0.3552623454569554,1.4632594359120281,2.8018266180369342,0.277,0.7231384307846077
hold_settle,daily_era,oos,fixed_cell,,margin,lasso_t,0.3,"sell only when v >= 0.30, lasso (causally tuned)",2000,0.5378460145422232,0.9771795251096826,0.7938899167541545,-0.24811488191933173,0.9583715839194704,2.271610522313994,0.3205,0.6796601699150425
hold_settle,daily_era,oos,fixed_cell,,margin,lasso_f,0.0,"sell only when v >= 0.00, lasso (fixed 1e-4)",2000,3.6343224088347754,2.8545826059784973,0.5304978604324567,2.0354022633869584,2.8276565725647806,3.7678534370933843,0.9195,0.08095952023988005
hold_settle,daily_era,oos,fixed_cell,,margin,lasso_f,0.05,"sell only when v >= 0.05, lasso (fixed 1e-4)",2000,2.869737987291772,2.514283817819934,0.5991047231170994,1.5819149041992149,2.48978254014175,3.5627545592333605,0.7325,0.26786606696651677
hold_settle,daily_era,oos,fixed_cell,,margin,lasso_f,0.1,"sell only when v >= 0.10, lasso (fixed 1e-4)",2000,1.9924208357607942,2.089953814696578,0.6868125749209758,1.0560416021390944,2.05450186321376,3.3351891741247233,0.4665,0.5337331334332833
hold_settle,daily_era,oos,fixed_cell,,margin,lasso_f,0.15,"sell only when v >= 0.15, lasso (fixed 1e-4)",2000,1.5819766522580105,1.8746923910874385,0.7238921737649162,0.7713300761717428,1.8255488145252945,3.1332961669760735,0.369,0.631184407796102
hold_settle,daily_era,oos,fixed_cell,,margin,lasso_f,0.2,"sell only when v >= 0.20, lasso (fixed 1e-4)",2000,2.0251856341954855,1.6163424271820699,0.7845805567390898,0.35450126334478127,1.5937550358772783,2.964517920457867,0.6995,0.3008495752123938
hold_settle,daily_era,oos,fixed_cell,,margin,lasso_f,0.3,"sell only when v >= 0.30, lasso (fixed 1e-4)",2000,0.7484484662367339,1.0370123185607012,0.8062067973896486,-0.2568456204447717,0.986368124820763,2.400608413489038,0.382,0.6181909045477262
hold_settle,daily_era,oos,fixed_cell,,margin,enet,0.0,"sell only when v >= 0.00, elastic net (causally tuned)",2000,3.5779719940540717,2.8004242924935134,0.5400149223202259,1.9502327419562304,2.781201438862383,3.73372413504172,0.9185,0.08195902048975512
hold_settle,daily_era,oos,fixed_cell,,margin,enet,0.05,"sell only when v >= 0.05, elastic net (causally tuned)",2000,2.815623231113495,2.444061437609971,0.6231592986830837,1.4826287519415955,2.4048640541044772,3.5287366190145875,0.739,0.2613693153423288
hold_settle,daily_era,oos,fixed_cell,,margin,enet,0.1,"sell only when v >= 0.10, elastic net (causally tuned)",2000,1.694732778416755,2.008056449575613,0.6986026847301742,0.9309435071096728,1.9828420505452793,3.2814477715774637,0.3415,0.6586706646676662
hold_settle,daily_era,oos,fixed_cell,,margin,enet,0.15,"sell only when v >= 0.15, elastic net (causally tuned)",2000,2.112739725529911,1.7933664499198714,0.7356664918738351,0.701569912355216,1.7740282697756635,3.06961101343623,0.6735,0.3268365817091454
hold_settle,daily_era,oos,fixed_cell,,margin,enet,0.2,"sell only when v >= 0.20, elastic net (causally tuned)",2000,0.8926867157218915,1.5299735727862336,0.7875228397637802,0.284481515227049,1.4999039287079694,2.933070814343332,0.216,0.7841079460269865
hold_settle,daily_era,oos,fixed_cell,,margin,enet,0.3,"sell only when v >= 0.30, elastic net (causally tuned)",2000,0.7022127770713111,1.0482188717085188,0.7814543725386667,-0.24578904071283555,1.0257476888940846,2.327063340328055,0.344,0.6561719140429785
hold_settle,daily_era,oos,walk_forward_selected,full_grid,margin,,,"full_grid: (forecast, theta) chosen on an expanding window, 5-day embargo",0,3.744252447208741,,,,,,,
hold_settle,daily_era,oos,walk_forward_selected,theta_only_blk2,margin,,,"theta_only_blk2: (forecast, theta) chosen on an expanding window, 5-day embargo",0,3.744252447208741,,,,,,,
hold_settle,daily_era,oos,walk_forward_selected,theta_only_a0,margin,,,"theta_only_a0: (forecast, theta) chosen on an expanding window, 5-day embargo",0,3.744252447208741,,,,,,,
