model,bucket,row,trial,a_val_mse,b_val_mse,val_mse_bit_identical,val_mse_rel_diff,a_val_qlike,b_val_qlike,val_qlike_bit_identical,val_qlike_rel_diff,a_rounds,b_rounds,a_rounds_max,b_rounds_max,a_patience,b_patience,a_complete,b_complete,params_bit_identical,params_max_rel_diff,trial_bit_identical
lgbm,baseline,0,0,0.07246216115248016,0.07246216115248016,True,0.0,0.12062753417831819,0.12062753417831819,True,0.0,978,978,1568,1568,78,78,True,True,True,0.0,True
lgbm,baseline,0,1,0.1463066213837982,0.1463066213837982,True,0.0,0.1808467458430097,0.1808467458430097,True,0.0,1927,1927,1952,1952,97,97,True,True,True,0.0,True
lgbm,baseline,0,2,0.0919093879457201,0.0919093879457201,True,0.0,0.12991594326612663,0.12991594326612663,True,0.0,978,978,1325,1325,66,66,True,True,True,0.0,True
lgbm,baseline,0,3,0.16321767354855743,0.16321767354855743,True,0.0,0.19698662077542006,0.19698662077542006,True,0.0,3226,3226,3229,3229,159,159,True,True,True,0.0,True
lgbm,baseline,0,4,0.09838103415475222,0.09838103415475222,True,0.0,0.12783099442120663,0.12783099442120663,True,0.0,2520,2520,2789,2789,138,138,True,True,True,0.0,True
lgbm,baseline,0,5,0.14713317866869827,0.14713317866869827,True,0.0,0.17802271785316331,0.17802271785316331,True,0.0,145,145,282,282,14,14,True,True,True,0.0,True
lgbm,baseline,0,6,0.10211663709464798,0.10211663709464798,True,0.0,0.12872097306551297,0.12872097306551297,True,0.0,2689,2689,2690,2690,133,133,True,True,True,0.0,True
lgbm,baseline,0,7,0.12832833139064787,0.12832833139064787,True,0.0,0.15414938557522825,0.15414938557522825,True,0.0,2106,2106,2116,2116,105,105,True,True,True,0.0,True
lgbm,baseline,0,8,0.12423278363038799,0.12423278363038799,True,0.0,0.14996867514089193,0.14996867514089193,True,0.0,635,635,637,637,32,32,True,True,True,0.0,True
lgbm,baseline,0,9,0.09014904356322209,0.09014904356322209,True,0.0,0.12911105420592203,0.12911105420592203,True,0.0,2183,2183,2926,2926,144,144,True,True,True,0.0,True
lgbm,baseline,0,10,0.2039627610274265,0.2039627610274265,True,0.0,0.28291664395392513,0.28291664395392513,True,0.0,219,219,219,219,11,11,True,True,True,0.0,True
lgbm,baseline,0,11,0.08798379477370809,0.08798379477370809,True,0.0,0.13115087618246452,0.13115087618246452,True,0.0,452,452,1091,1091,54,54,True,True,True,0.0,True
lgbm,baseline,0,12,0.0767533894236042,0.0767533894236042,True,0.0,0.11973363737151757,0.11973363737151757,True,0.0,298,298,1059,1059,53,53,True,True,True,0.0,True
lgbm,baseline,0,13,0.08342284652407769,0.08342284652407769,True,0.0,0.12031999474444234,0.12031999474444234,True,0.0,153,153,806,806,40,40,True,True,True,0.0,True
lgbm,baseline,0,14,0.06621922597149657,0.06621922597149657,True,0.0,0.11175964077658428,0.11175964077658428,True,0.0,110,110,446,446,22,22,True,True,True,0.0,True
lgbm,baseline,0,15,0.07011833440930276,0.07011833440930276,True,0.0,0.11205484202678682,0.11205484202678682,True,0.0,150,150,453,453,23,23,True,True,True,0.0,True
lgbm,baseline,0,16,0.07192841401270612,0.07192841401270612,True,0.0,0.11390257421800612,0.11390257421800612,True,0.0,109,109,419,419,21,21,True,True,True,0.0,True
lgbm,baseline,0,17,0.06996207017355971,0.06996207017355971,True,0.0,0.11399565436426902,0.11399565436426902,True,0.0,111,111,446,446,22,22,True,True,True,0.0,True
lgbm,baseline,0,18,0.17997416818929837,0.17997416818929837,True,0.0,0.23228679041899575,0.23228679041899575,True,0.0,393,393,393,393,20,20,True,True,True,0.0,True
lgbm,baseline,0,19,0.08448459506833299,0.08448459506833299,True,0.0,0.12388619265308369,0.12388619265308369,True,0.0,297,297,613,613,31,31,True,True,True,0.0,True
lgbm,baseline,0,20,0.07101228424127363,0.07101228424127363,True,0.0,0.11706752817704742,0.11706752817704742,True,0.0,66,66,300,300,15,15,True,True,True,0.0,True
lgbm,baseline,0,21,0.08190856273370277,0.08190856273370277,True,0.0,0.11915694690408919,0.11915694690408919,True,0.0,116,116,505,505,25,25,True,True,True,0.0,True
lgbm,baseline,0,22,0.07395677656102279,0.07395677656102279,True,0.0,0.11651772878643868,0.11651772878643868,True,0.0,109,109,355,355,18,18,True,True,True,0.0,True
lgbm,baseline,0,23,0.07383354524908152,0.07383354524908152,True,0.0,0.11324815062366714,0.11324815062366714,True,0.0,291,291,710,710,35,35,True,True,True,0.0,True
lgbm,baseline,0,24,0.07314383517194593,0.07314383517194593,True,0.0,0.12115899033120933,0.12115899033120933,True,0.0,82,82,454,454,23,23,True,True,True,0.0,True
lgbm,baseline,0,25,0.12946645236043586,0.12946645236043586,True,0.0,0.1539022311018517,0.1539022311018517,True,0.0,205,205,205,205,11,11,True,True,True,0.0,True
lgbm,baseline,0,26,0.07539106048479076,0.07539106048479076,True,0.0,0.11842103590676516,0.11842103590676516,True,0.0,80,80,284,284,14,14,True,True,True,0.0,True
lgbm,baseline,0,27,0.0720945585064678,0.0720945585064678,True,0.0,0.12584942954209538,0.12584942954209538,True,0.0,301,301,539,539,27,27,True,True,True,0.0,True
lgbm,baseline,0,28,0.07144784649022969,0.07144784649022969,True,0.0,0.11531700286276936,0.11531700286276936,True,0.0,235,235,949,949,47,47,True,True,True,0.0,True
lgbm,baseline,0,29,0.07416892148489071,0.07416892148489071,True,0.0,0.11700777267308185,0.11700777267308185,True,0.0,76,76,351,351,18,18,True,True,True,0.0,True
lgbm,baseline,0,30,0.08010036240215529,0.08010036240215529,True,0.0,0.12285059829673384,0.12285059829673384,True,0.0,136,136,840,840,42,42,True,True,True,0.0,True
lgbm,baseline,0,31,0.06986452326692885,0.06986452326692885,True,0.0,0.1163773572328184,0.1163773572328184,True,0.0,80,80,289,289,15,15,True,True,True,0.0,True
lgbm,baseline,0,32,0.07760731134322273,0.07760731134322273,True,0.0,0.11702974429516971,0.11702974429516971,True,0.0,276,276,528,528,26,26,True,True,True,0.0,True
lgbm,baseline,0,33,0.07180665232429155,0.07180665232429155,True,0.0,0.11498368496945116,0.11498368496945116,True,0.0,71,71,252,252,13,13,True,True,True,0.0,True
lgbm,baseline,0,34,0.09486967087429542,0.09486967087429542,True,0.0,0.12770247601807716,0.12770247601807716,True,0.0,257,257,330,330,17,17,True,True,True,0.0,True
lgbm,baseline,0,35,0.08933365069302027,0.08933365069302027,True,0.0,0.12657880989504913,0.12657880989504913,True,0.0,4042,4042,4042,4042,199,199,True,True,True,0.0,True
lgbm,baseline,0,36,0.07507377660276894,0.07507377660276894,True,0.0,0.11701299041286051,0.11701299041286051,True,0.0,151,151,458,458,23,23,True,True,True,0.0,True
lgbm,baseline,0,37,0.08048656034896616,0.08048656034896616,True,0.0,0.1215587971601617,0.1215587971601617,True,0.0,55,55,246,246,13,13,True,True,True,0.0,True
lgbm,baseline,0,38,0.06880962771785151,0.06880962771785151,True,0.0,0.12232018654113566,0.12232018654113566,True,0.0,221,221,402,402,20,20,True,True,True,0.0,True
lgbm,baseline,0,39,0.08065521224564065,0.08065521224564065,True,0.0,0.11738165840147095,0.11738165840147095,True,0.0,71,71,380,380,19,19,True,True,True,0.0,True
lgbm,baseline,0,40,0.11522362860807951,0.11522362860807951,True,0.0,0.13723974923195167,0.13723974923195167,True,0.0,1456,1456,1464,1464,72,72,True,True,True,0.0,True
lgbm,baseline,0,41,0.07216956221777401,0.07216956221777401,True,0.0,0.11347752754900804,0.11347752754900804,True,0.0,207,207,600,600,30,30,True,True,True,0.0,True
lgbm,baseline,0,42,0.09330559927963768,0.09330559927963768,True,0.0,0.12782338361265408,0.12782338361265408,True,0.0,59,59,310,310,16,16,True,True,True,0.0,True
lgbm,baseline,0,43,0.07196879130517256,0.07196879130517256,True,0.0,0.11803674909823327,0.11803674909823327,True,0.0,170,170,445,445,22,22,True,True,True,0.0,True
lgbm,baseline,0,44,0.08102358332009009,0.08102358332009009,True,0.0,0.11889239389022552,0.11889239389022552,True,0.0,211,211,516,516,26,26,True,True,True,0.0,True
lgbm,baseline,0,45,0.0824075043779753,0.0824075043779753,True,0.0,0.11830820467282914,0.11830820467282914,True,0.0,191,191,244,244,12,12,True,True,True,0.0,True
lgbm,baseline,0,46,0.09545923036618223,0.09545923036618223,True,0.0,0.1251483116365245,0.1251483116365245,True,0.0,170,170,697,697,35,35,True,True,True,0.0,True
lgbm,baseline,0,47,0.19675865917797744,0.19675865917797744,True,0.0,0.26129746081597327,0.26129746081597327,True,0.0,160,160,394,394,20,20,True,True,True,0.0,True
lgbm,baseline,0,48,0.09164005792704363,0.09164005792704363,True,0.0,0.1284252100969009,0.1284252100969009,True,0.0,51,51,269,269,14,14,True,True,True,0.0,True
lgbm,baseline,0,49,0.06793862117598033,0.06793862117598033,True,0.0,0.11363765653320289,0.11363765653320289,True,0.0,79,79,330,330,17,17,True,True,True,0.0,True
lgbm,baseline,1,0,0.07544772173988225,0.07544772173988225,True,0.0,0.11578575348930562,0.11578575348930562,True,0.0,685,685,1568,1568,78,78,True,True,True,0.0,True
lgbm,baseline,1,1,0.1476927677929955,0.1476927677929955,True,0.0,0.17431182060467057,0.17431182060467057,True,0.0,363,363,363,363,18,18,True,True,True,0.0,True
lgbm,baseline,1,2,0.18512596468684947,0.18512596468684947,True,0.0,0.22720158021108955,0.22720158021108955,True,0.0,2625,2625,3527,3527,174,174,True,True,True,0.0,True
lgbm,baseline,1,3,0.1446921444909186,0.1446921444909186,True,0.0,0.17144877878486256,0.17144877878486256,True,0.0,483,483,483,483,24,24,True,True,True,0.0,True
lgbm,baseline,1,4,0.08105430916000694,0.08105430916000694,True,0.0,0.11802162398393531,0.11802162398393531,True,0.0,319,319,615,615,31,31,True,True,True,0.0,True
lgbm,baseline,1,5,0.11465437944120911,0.11465437944120911,True,0.0,0.14945316147004967,0.14945316147004967,True,0.0,587,587,1088,1088,54,54,True,True,True,0.0,True
lgbm,baseline,1,6,0.1484268191009732,0.1484268191009732,True,0.0,0.17262246858459918,0.17262246858459918,True,0.0,991,991,991,991,49,49,True,True,True,0.0,True
lgbm,baseline,1,7,0.09103314110296189,0.09103314110296189,True,0.0,0.13094141835862547,0.13094141835862547,True,0.0,253,253,817,817,41,41,True,True,True,0.0,True
lgbm,baseline,1,8,0.0821793119113148,0.0821793119113148,True,0.0,0.1287013897010188,0.1287013897010188,True,0.0,629,629,2526,2526,125,125,True,True,True,0.0,True
lgbm,baseline,1,9,0.1322038646793185,0.1322038646793185,True,0.0,0.15359770191348604,0.15359770191348604,True,0.0,243,243,647,647,32,32,True,True,True,0.0,True
lgbm,baseline,1,10,0.2787567601446748,0.2787567601446748,True,0.0,0.4301930170285168,0.4301930170285168,True,0.0,214,214,216,216,11,11,True,True,True,0.0,True
lgbm,baseline,1,11,0.07561221562524793,0.07561221562524793,True,0.0,0.11468644713966998,0.11468644713966998,True,0.0,391,391,1684,1684,83,83,True,True,True,0.0,True
lgbm,baseline,1,12,0.0753114973324317,0.0753114973324317,True,0.0,0.1121653305946029,0.1121653305946029,True,0.0,450,450,1725,1725,85,85,True,True,True,0.0,True
lgbm,baseline,1,13,0.0959132365290863,0.0959132365290863,True,0.0,0.12573313049643892,0.12573313049643892,True,0.0,643,643,1705,1705,84,84,True,True,True,0.0,True
lgbm,baseline,1,14,0.10050130138275117,0.10050130138275117,True,0.0,0.13076125088071042,0.13076125088071042,True,0.0,448,448,1577,1577,78,78,True,True,True,0.0,True
lgbm,baseline,1,15,0.07422500654656584,0.07422500654656584,True,0.0,0.11171350227608307,0.11171350227608307,True,0.0,1036,1036,2791,2791,138,138,True,True,True,0.0,True
lgbm,baseline,1,16,0.07242034969642609,0.07242034969642609,True,0.0,0.11087131520607511,0.11087131520607511,True,0.0,1935,1935,3740,3740,184,184,True,True,True,0.0,True
lgbm,baseline,1,17,0.07102378343157277,0.07102378343157277,True,0.0,0.1118507835904514,0.1118507835904514,True,0.0,1629,1629,3955,3955,195,195,True,True,True,0.0,True
lgbm,baseline,1,18,0.07015283621854002,0.07015283621854002,True,0.0,0.11063281661221916,0.11063281661221916,True,0.0,1923,1923,3731,3731,184,184,True,True,True,0.0,True
lgbm,baseline,1,19,0.07361466493841214,0.07361466493841214,True,0.0,0.11412996649633951,0.11412996649633951,True,0.0,1913,1913,2590,2590,128,128,True,True,True,0.0,True
lgbm,baseline,1,20,0.0877205162127109,0.0877205162127109,True,0.0,0.11852241784417708,0.11852241784417708,True,0.0,3672,3672,3672,3672,181,181,True,True,True,0.0,True
lgbm,baseline,1,21,0.06945324750189924,0.06945324750189924,True,0.0,0.11015950469955864,0.11015950469955864,True,0.0,2393,2393,3912,3912,193,193,True,True,True,0.0,True
lgbm,baseline,1,22,0.08427841419212131,0.08427841419212131,True,0.0,0.1159166731026697,0.1159166731026697,True,0.0,3343,3343,4000,4000,197,197,True,True,True,0.0,True
lgbm,baseline,1,23,0.07407714159281847,0.07407714159281847,True,0.0,0.11316604237467491,0.11316604237467491,True,0.0,1689,1689,2307,2307,114,114,True,True,True,0.0,True
lgbm,baseline,1,24,0.08518736058362786,0.08518736058362786,True,0.0,0.1202829284486238,0.1202829284486238,True,0.0,1330,1330,3098,3098,153,153,True,True,True,0.0,True
lgbm,baseline,1,25,0.09052949463277533,0.09052949463277533,True,0.0,0.12190871489520834,0.12190871489520834,True,0.0,1470,1470,2313,2313,114,114,True,True,True,0.0,True
lgbm,baseline,1,26,0.06587150875474566,0.06587150875474566,True,0.0,0.10988960711162803,0.10988960711162803,True,0.0,716,716,2077,2077,103,103,True,True,True,0.0,True
lgbm,baseline,1,27,0.06655625433822066,0.06655625433822066,True,0.0,0.10911826292271612,0.10911826292271612,True,0.0,901,901,2107,2107,104,104,True,True,True,0.0,True
lgbm,baseline,1,28,0.07088663825366888,0.07088663825366888,True,0.0,0.12326921228926618,0.12326921228926618,True,0.0,770,770,1232,1232,61,61,True,True,True,0.0,True
lgbm,baseline,1,29,0.06636647468599852,0.06636647468599852,True,0.0,0.10951101111012378,0.10951101111012378,True,0.0,843,843,2088,2088,103,103,True,True,True,0.0,True
lgbm,baseline,1,30,0.07712267737544766,0.07712267737544766,True,0.0,0.11690152540569757,0.11690152540569757,True,0.0,447,447,2088,2088,103,103,True,True,True,0.0,True
lgbm,baseline,1,31,0.06733502671399777,0.06733502671399777,True,0.0,0.11504647656157181,0.11504647656157181,True,0.0,535,535,1327,1327,66,66,True,True,True,0.0,True
lgbm,baseline,1,32,0.0691970310435503,0.0691970310435503,True,0.0,0.11627995679163362,0.11627995679163362,True,0.0,486,486,1282,1282,64,64,True,True,True,0.0,True
lgbm,baseline,1,33,0.07954491605882645,0.07954491605882645,True,0.0,0.11149454476647662,0.11149454476647662,True,0.0,1607,1607,1994,1994,99,99,True,True,True,0.0,True
lgbm,baseline,1,34,0.086403314899666,0.086403314899666,True,0.0,0.12951132815692773,0.12951132815692773,True,0.0,1256,1256,1261,1261,63,63,True,True,True,0.0,True
lgbm,baseline,1,35,0.1123323181238755,0.1123323181238755,True,0.0,0.13132403398348458,0.13132403398348458,True,0.0,1385,1385,1385,1385,69,69,True,True,True,0.0,True
lgbm,baseline,1,36,0.07518460156506239,0.07518460156506239,True,0.0,0.11423299138318459,0.11423299138318459,True,0.0,447,447,1924,1924,95,95,True,True,True,0.0,True
lgbm,baseline,1,37,0.06921609075152638,0.06921609075152638,True,0.0,0.11028830130094848,0.11028830130094848,True,0.0,540,540,961,961,48,48,True,True,True,0.0,True
lgbm,baseline,1,38,0.08646476952853427,0.08646476952853427,True,0.0,0.1329871610723496,0.1329871610723496,True,0.0,3090,3090,3090,3090,152,152,True,True,True,0.0,True
lgbm,baseline,1,39,0.0691272351675524,0.0691272351675524,True,0.0,0.11089191517863801,0.11089191517863801,True,0.0,450,450,1449,1449,72,72,True,True,True,0.0,True
lgbm,baseline,1,40,0.11221096217368784,0.11221096217368784,True,0.0,0.13628812377655136,0.13628812377655136,True,0.0,863,863,868,868,43,43,True,True,True,0.0,True
lgbm,baseline,1,41,0.0707985718139051,0.0707985718139051,True,0.0,0.11418044452219797,0.11418044452219797,True,0.0,365,365,1505,1505,75,75,True,True,True,0.0,True
lgbm,baseline,1,42,0.06569002942023931,0.06569002942023931,True,0.0,0.1108329278934944,0.1108329278934944,True,0.0,279,279,1140,1140,57,57,True,True,True,0.0,True
lgbm,baseline,1,43,0.0644703598104668,0.0644703598104668,True,0.0,0.11214660069315179,0.11214660069315179,True,0.0,249,249,692,692,35,35,True,True,True,0.0,True
lgbm,baseline,1,44,0.06851575370510761,0.06851575370510761,True,0.0,0.10862263530841892,0.10862263530841892,True,0.0,308,308,411,411,21,21,True,True,True,0.0,True
lgbm,baseline,1,45,0.07573492153036324,0.07573492153036324,True,0.0,0.11481818891242444,0.11481818891242444,True,0.0,184,184,569,569,28,28,True,True,True,0.0,True
lgbm,baseline,1,46,0.08103519054236506,0.08103519054236506,True,0.0,0.11824342540059572,0.11824342540059572,True,0.0,134,134,738,738,37,37,True,True,True,0.0,True
lgbm,baseline,1,47,0.21662366582593473,0.21662366582593473,True,0.0,0.2868863586048324,0.2868863586048324,True,0.0,161,161,520,520,26,26,True,True,True,0.0,True
lgbm,baseline,1,48,0.07284933389651208,0.07284933389651208,True,0.0,0.12119378179999488,0.12119378179999488,True,0.0,146,146,270,270,14,14,True,True,True,0.0,True
lgbm,baseline,1,49,0.07635156336749425,0.07635156336749425,True,0.0,0.11552024886552195,0.11552024886552195,True,0.0,321,321,1040,1040,52,52,True,True,True,0.0,True
lgbm,baseline,2,0,0.07766224476853921,0.07766224476853921,True,0.0,0.11751658310313506,0.11751658310313506,True,0.0,594,594,1568,1568,78,78,True,True,True,0.0,True
lgbm,baseline,2,1,0.15451859271809806,0.15451859271809806,True,0.0,0.18015357900908704,0.18015357900908704,True,0.0,660,660,660,660,33,33,True,True,True,0.0,True
lgbm,baseline,2,2,0.07954975347216084,0.07954975347216084,True,0.0,0.12730989508608656,0.12730989508608656,True,0.0,565,565,1227,1227,61,61,True,True,True,0.0,True
lgbm,baseline,2,3,0.09999877174096493,0.09999877174096493,True,0.0,0.13667437708206004,0.13667437708206004,True,0.0,263,263,606,606,30,30,True,True,True,0.0,True
lgbm,baseline,2,4,0.13247325518057934,0.13247325518057934,True,0.0,0.15490133553635796,0.15490133553635796,True,0.0,242,242,261,261,13,13,True,True,True,0.0,True
lgbm,baseline,2,5,0.11256621123639916,0.11256621123639916,True,0.0,0.14184143440051314,0.14184143440051314,True,0.0,2218,2218,2219,2219,110,110,True,True,True,0.0,True
lgbm,baseline,2,6,0.15880334887252312,0.15880334887252312,True,0.0,0.185198084209944,0.185198084209944,True,0.0,1912,1912,1912,1912,95,95,True,True,True,0.0,True
lgbm,baseline,2,7,0.08832085161080826,0.08832085161080826,True,0.0,0.12132956879306296,0.12132956879306296,True,0.0,1396,1396,1396,1396,69,69,True,True,True,0.0,True
lgbm,baseline,2,8,0.14435759468528656,0.14435759468528656,True,0.0,0.17284704634432904,0.17284704634432904,True,0.0,219,219,220,220,11,11,True,True,True,0.0,True
lgbm,baseline,2,9,0.0875746943249959,0.0875746943249959,True,0.0,0.11788216748199253,0.11788216748199253,True,0.0,741,741,890,890,44,44,True,True,True,0.0,True
lgbm,baseline,2,10,0.0929291838648887,0.0929291838648887,True,0.0,0.13186597517251422,0.13186597517251422,True,0.0,1142,1142,3968,3968,196,196,True,True,True,0.0,True
lgbm,baseline,2,11,0.09556998189705049,0.09556998189705049,True,0.0,0.13053370825799673,0.13053370825799673,True,0.0,596,596,1162,1162,58,58,True,True,True,0.0,True
lgbm,baseline,2,12,0.08194377955215652,0.08194377955215652,True,0.0,0.13008684130278902,0.13008684130278902,True,0.0,1196,1196,2960,2960,146,146,True,True,True,0.0,True
lgbm,baseline,2,13,0.09798545543174061,0.09798545543174061,True,0.0,0.12320601291034769,0.12320601291034769,True,0.0,229,229,520,520,26,26,True,True,True,0.0,True
lgbm,baseline,2,14,0.08659334066739366,0.08659334066739366,True,0.0,0.12491420894637474,0.12491420894637474,True,0.0,350,350,1564,1564,77,77,True,True,True,0.0,True
lgbm,baseline,2,15,0.08374153125822043,0.08374153125822043,True,0.0,0.1214656572131369,0.1214656572131369,True,0.0,263,263,971,971,48,48,True,True,True,0.0,True
lgbm,baseline,2,16,0.08704104950784179,0.08704104950784179,True,0.0,0.1330250127713956,0.1330250127713956,True,0.0,2457,2457,2738,2738,135,135,True,True,True,0.0,True
lgbm,baseline,2,17,0.26192302177757926,0.26192302177757926,True,0.0,0.3902566104680558,0.3902566104680558,True,0.0,394,394,394,394,20,20,True,True,True,0.0,True
lgbm,baseline,2,18,0.08104562679476628,0.08104562679476628,True,0.0,0.12503406912076942,0.12503406912076942,True,0.0,347,347,868,868,43,43,True,True,True,0.0,True
lgbm,baseline,2,19,0.12388023454884305,0.12388023454884305,True,0.0,0.1464823721859524,0.1464823721859524,True,0.0,1656,1656,1656,1656,82,82,True,True,True,0.0,True
lgbm,baseline,2,20,0.07668917239327153,0.07668917239327153,True,0.0,0.11493855243475937,0.11493855243475937,True,0.0,678,678,1212,1212,60,60,True,True,True,0.0,True
lgbm,baseline,2,21,0.07449104356956085,0.07449104356956085,True,0.0,0.1136777793770252,0.1136777793770252,True,0.0,683,683,1250,1250,62,62,True,True,True,0.0,True
lgbm,baseline,2,22,0.07219358299823449,0.07219358299823449,True,0.0,0.11125538392147725,0.11125538392147725,True,0.0,1779,1779,2171,2171,107,107,True,True,True,0.0,True
lgbm,baseline,2,23,0.08649488809708722,0.08649488809708722,True,0.0,0.1175842889261021,0.1175842889261021,True,0.0,1780,1780,2272,2272,112,112,True,True,True,0.0,True
lgbm,baseline,2,24,0.07442839073375306,0.07442839073375306,True,0.0,0.11042576399959067,0.11042576399959067,True,0.0,3911,3911,3912,3912,193,193,True,True,True,0.0,True
lgbm,baseline,2,25,0.07617130726053403,0.07617130726053403,True,0.0,0.11595982972852184,0.11595982972852184,True,0.0,4030,4030,4031,4031,199,199,True,True,True,0.0,True
lgbm,baseline,2,26,0.07700540134817634,0.07700540134817634,True,0.0,0.11255156295185618,0.11255156295185618,True,0.0,3009,3009,3044,3044,150,150,True,True,True,0.0,True
lgbm,baseline,2,27,0.080015663103162,0.080015663103162,True,0.0,0.11515942915783375,0.11515942915783375,True,0.0,2450,2450,2475,2475,122,122,True,True,True,0.0,True
lgbm,baseline,2,28,0.07879491212083246,0.07879491212083246,True,0.0,0.11507571089291684,0.11507571089291684,True,0.0,1962,1962,3376,3376,167,167,True,True,True,0.0,True
lgbm,baseline,2,29,0.06714853830933426,0.06714853830933426,True,0.0,0.10956299549259844,0.10956299549259844,True,0.0,1775,1775,1923,1923,95,95,True,True,True,0.0,True
lgbm,baseline,2,30,0.09859550561281144,0.09859550561281144,True,0.0,0.12378118658293573,0.12378118658293573,True,0.0,1928,1928,2020,2020,100,100,True,True,True,0.0,True
lgbm,baseline,2,31,0.07634331424137103,0.07634331424137103,True,0.0,0.11135285963830155,0.11135285963830155,True,0.0,1742,1742,1742,1742,86,86,True,True,True,0.0,True
lgbm,baseline,2,32,0.08005501569536728,0.08005501569536728,True,0.0,0.11261836246620634,0.11261836246620634,True,0.0,3373,3373,3447,3447,170,170,True,True,True,0.0,True
lgbm,baseline,2,33,0.14535094946274751,0.14535094946274751,True,0.0,0.17158860299971865,0.17158860299971865,True,0.0,1453,1453,1455,1455,72,72,True,True,True,0.0,True
lgbm,baseline,2,34,0.0763234674485989,0.0763234674485989,True,0.0,0.11673220017732022,0.11673220017732022,True,0.0,420,420,1046,1046,52,52,True,True,True,0.0,True
lgbm,baseline,2,35,0.08304576462995143,0.08304576462995143,True,0.0,0.1182952284058038,0.1182952284058038,True,0.0,2097,2097,2533,2533,125,125,True,True,True,0.0,True
lgbm,baseline,2,36,0.08112160007178716,0.08112160007178716,True,0.0,0.11608161256253748,0.11608161256253748,True,0.0,741,741,749,749,37,37,True,True,True,0.0,True
lgbm,baseline,2,37,0.09664107164552883,0.09664107164552883,True,0.0,0.13010514174544474,0.13010514174544474,True,0.0,1130,1130,2003,2003,99,99,True,True,True,0.0,True
lgbm,baseline,2,38,0.0837455988508004,0.0837455988508004,True,0.0,0.12013201633096122,0.12013201633096122,True,0.0,1102,1102,1351,1351,67,67,True,True,True,0.0,True
lgbm,baseline,2,39,0.07230402739782568,0.07230402739782568,True,0.0,0.1100744758362794,0.1100744758362794,True,0.0,1574,1574,1772,1772,88,88,True,True,True,0.0,True
lgbm,baseline,2,40,0.08941174031529853,0.08941174031529853,True,0.0,0.1251538554948902,0.1251538554948902,True,0.0,1156,1156,1897,1897,94,94,True,True,True,0.0,True
lgbm,baseline,2,41,0.07255154140088697,0.07255154140088697,True,0.0,0.1109733972535992,0.1109733972535992,True,0.0,2073,2073,2236,2236,110,110,True,True,True,0.0,True
lgbm,baseline,2,42,0.15702001421401937,0.15702001421401937,True,0.0,0.19080310585574123,0.19080310585574123,True,0.0,1299,1299,2274,2274,112,112,True,True,True,0.0,True
lgbm,baseline,2,43,0.07294276121954772,0.07294276121954772,True,0.0,0.11094343837897802,0.11094343837897802,True,0.0,2769,2769,3365,3365,166,166,True,True,True,0.0,True
lgbm,baseline,2,44,0.09069350191480524,0.09069350191480524,True,0.0,0.12080339764974861,0.12080339764974861,True,0.0,2799,2799,3197,3197,158,158,True,True,True,0.0,True
lgbm,baseline,2,45,0.09850596802631122,0.09850596802631122,True,0.0,0.12587093193679677,0.12587093193679677,True,0.0,1767,1767,2672,2672,132,132,True,True,True,0.0,True
lgbm,baseline,2,46,0.07239181555621077,0.07239181555621077,True,0.0,0.11468963897030102,0.11468963897030102,True,0.0,1780,1780,2172,2172,107,107,True,True,True,0.0,True
lgbm,baseline,2,47,0.07545105815890416,0.07545105815890416,True,0.0,0.12011904343182875,0.12011904343182875,True,0.0,1193,1193,1738,1738,86,86,True,True,True,0.0,True
lgbm,baseline,2,48,0.11032865886569214,0.11032865886569214,True,0.0,0.13054061031796535,0.13054061031796535,True,0.0,2159,2159,2168,2168,107,107,True,True,True,0.0,True
lgbm,baseline,2,49,0.09574470855052902,0.09574470855052902,True,0.0,0.12974383239358286,0.12974383239358286,True,0.0,672,672,1433,1433,71,71,True,True,True,0.0,True
lgbm,baseline,3,0,0.0822554406247385,0.0822554406247385,True,0.0,0.11778974173231362,0.11778974173231362,True,0.0,369,369,1568,1568,78,78,True,True,True,0.0,True
lgbm,baseline,3,1,0.0951862128274176,0.0951862128274176,True,0.0,0.1321422883657843,0.1321422883657843,True,0.0,467,467,834,834,41,41,True,True,True,0.0,True
lgbm,baseline,3,2,0.08447435237263093,0.08447435237263093,True,0.0,0.11787996164202788,0.11787996164202788,True,0.0,378,378,902,902,45,45,True,True,True,0.0,True
lgbm,baseline,3,3,0.21485786888616082,0.21485786888616082,True,0.0,0.28782336037650214,0.28782336037650214,True,0.0,730,730,730,730,36,36,True,True,True,0.0,True
lgbm,baseline,3,4,0.08529472960045519,0.08529472960045519,True,0.0,0.12258676355812027,0.12258676355812027,True,0.0,2877,2877,3116,3116,154,154,True,True,True,0.0,True
lgbm,baseline,3,5,0.08837338701241525,0.08837338701241525,True,0.0,0.12614588470061383,0.12614588470061383,True,0.0,99,99,353,353,18,18,True,True,True,0.0,True
lgbm,baseline,3,6,0.1546464096903404,0.1546464096903404,True,0.0,0.18225203357321113,0.18225203357321113,True,0.0,113,113,254,254,13,13,True,True,True,0.0,True
lgbm,baseline,3,7,0.09401511241549844,0.09401511241549844,True,0.0,0.12837402365811632,0.12837402365811632,True,0.0,448,448,635,635,32,32,True,True,True,0.0,True
lgbm,baseline,3,8,0.09448623406382539,0.09448623406382539,True,0.0,0.12798715421450504,0.12798715421450504,True,0.0,634,634,1233,1233,61,61,True,True,True,0.0,True
lgbm,baseline,3,9,0.15648379283517458,0.15648379283517458,True,0.0,0.18206526238850176,0.18206526238850176,True,0.0,713,713,713,713,36,36,True,True,True,0.0,True
lgbm,baseline,3,10,0.12135414106011319,0.12135414106011319,True,0.0,0.14573720342151755,0.14573720342151755,True,0.0,2104,2104,3062,3062,151,151,True,True,True,0.0,True
lgbm,baseline,3,11,0.09129971595244195,0.09129971595244195,True,0.0,0.12001406707636678,0.12001406707636678,True,0.0,699,699,1650,1650,82,82,True,True,True,0.0,True
lgbm,baseline,3,12,0.07745222382368638,0.07745222382368638,True,0.0,0.11932433426106359,0.11932433426106359,True,0.0,1002,1002,1786,1786,88,88,True,True,True,0.0,True
lgbm,baseline,3,13,0.12021363065274004,0.12021363065274004,True,0.0,0.14392102173745705,0.14392102173745705,True,0.0,2019,2019,2061,2061,102,102,True,True,True,0.0,True
lgbm,baseline,3,14,0.08448043788516726,0.08448043788516726,True,0.0,0.12104271008520912,0.12104271008520912,True,0.0,1013,1013,1958,1958,97,97,True,True,True,0.0,True
lgbm,baseline,3,15,0.12263905231092209,0.12263905231092209,True,0.0,0.14620759851664486,0.14620759851664486,True,0.0,1187,1187,1324,1324,66,66,True,True,True,0.0,True
lgbm,baseline,3,16,0.07295696480366466,0.07295696480366466,True,0.0,0.1223864517488514,0.1223864517488514,True,0.0,3137,3137,4063,4063,200,200,True,True,True,0.0,True
lgbm,baseline,3,17,0.11183888549167081,0.11183888549167081,True,0.0,0.1336513827700869,0.1336513827700869,True,0.0,3691,3691,3691,3691,182,182,True,True,True,0.0,True
lgbm,baseline,3,18,0.09012488097807328,0.09012488097807328,True,0.0,0.12758028333325974,0.12758028333325974,True,0.0,1171,1171,2459,2459,121,121,True,True,True,0.0,True
lgbm,baseline,3,19,0.13220857203506411,0.13220857203506411,True,0.0,0.15409173072645338,0.15409173072645338,True,0.0,4053,4053,4053,4053,200,200,True,True,True,0.0,True
lgbm,baseline,3,20,0.11203120759953937,0.11203120759953937,True,0.0,0.14132649826160967,0.14132649826160967,True,0.0,295,295,497,497,25,25,True,True,True,0.0,True
lgbm,baseline,3,21,0.08428598603322325,0.08428598603322325,True,0.0,0.11948324942680792,0.11948324942680792,True,0.0,698,698,1230,1230,61,61,True,True,True,0.0,True
lgbm,baseline,3,22,0.07579259264450093,0.07579259264450093,True,0.0,0.11620254710665653,0.11620254710665653,True,0.0,1013,1013,2558,2558,126,126,True,True,True,0.0,True
lgbm,baseline,3,23,0.08076083514468517,0.08076083514468517,True,0.0,0.115570342280505,0.115570342280505,True,0.0,868,868,2541,2541,125,125,True,True,True,0.0,True
lgbm,baseline,3,24,0.07823231058679998,0.07823231058679998,True,0.0,0.11694540907094436,0.11694540907094436,True,0.0,1164,1164,2685,2685,133,133,True,True,True,0.0,True
lgbm,baseline,3,25,0.09061865426688899,0.09061865426688899,True,0.0,0.12144216286066174,0.12144216286066174,True,0.0,1461,1461,2192,2192,108,108,True,True,True,0.0,True
lgbm,baseline,3,26,0.09320669020553417,0.09320669020553417,True,0.0,0.1272258023999999,0.1272258023999999,True,0.0,3584,3584,3587,3587,177,177,True,True,True,0.0,True
lgbm,baseline,3,27,0.10131669184298427,0.10131669184298427,True,0.0,0.13092182861076798,0.13092182861076798,True,0.0,1588,1588,1589,1589,79,79,True,True,True,0.0,True
lgbm,baseline,3,28,0.08004298389566401,0.08004298389566401,True,0.0,0.11623833613637449,0.11623833613637449,True,0.0,1171,1171,3196,3196,158,158,True,True,True,0.0,True
lgbm,baseline,3,29,0.07601839805130037,0.07601839805130037,True,0.0,0.11463339418301452,0.11463339418301452,True,0.0,701,701,1671,1671,83,83,True,True,True,0.0,True
lgbm,baseline,3,30,0.0941470797500269,0.0941470797500269,True,0.0,0.12284073213224225,0.12284073213224225,True,0.0,384,384,1044,1044,52,52,True,True,True,0.0,True
lgbm,baseline,3,31,0.08221215598925029,0.08221215598925029,True,0.0,0.11890986886186819,0.11890986886186819,True,0.0,376,376,1731,1731,86,86,True,True,True,0.0,True
lgbm,baseline,3,32,0.07777300680601883,0.07777300680601883,True,0.0,0.11786403542286893,0.11786403542286893,True,0.0,450,450,1992,1992,98,98,True,True,True,0.0,True
lgbm,baseline,3,33,0.07675793179060601,0.07675793179060601,True,0.0,0.11288742763207557,0.11288742763207557,True,0.0,1258,1258,2750,2750,136,136,True,True,True,0.0,True
lgbm,baseline,3,34,0.07133618175327627,0.07133618175327627,True,0.0,0.1119804329978692,0.1119804329978692,True,0.0,806,806,2615,2615,129,129,True,True,True,0.0,True
lgbm,baseline,3,35,0.0663218634445983,0.0663218634445983,True,0.0,0.10924622855979477,0.10924622855979477,True,0.0,1692,1692,4028,4028,199,199,True,True,True,0.0,True
lgbm,baseline,3,36,0.06734812020087462,0.06734812020087462,True,0.0,0.10790815871710296,0.10790815871710296,True,0.0,2553,2553,3331,3331,164,164,True,True,True,0.0,True
lgbm,baseline,3,37,0.08518992366902658,0.08518992366902658,True,0.0,0.11596871033508373,0.11596871033508373,True,0.0,2954,2954,4048,4048,200,200,True,True,True,0.0,True
lgbm,baseline,3,38,0.23029704891570166,0.23029704891570166,True,0.0,0.3186677437487695,0.3186677437487695,True,0.0,3078,3078,3078,3078,152,152,True,True,True,0.0,True
lgbm,baseline,3,39,0.06231190908327801,0.06231190908327801,True,0.0,0.1044222446057705,0.1044222446057705,True,0.0,3482,3482,3482,3482,172,172,True,True,True,0.0,True
lgbm,baseline,3,40,0.0673475587353366,0.0673475587353366,True,0.0,0.10624913341079185,0.10624913341079185,True,0.0,3270,3270,3456,3456,171,171,True,True,True,0.0,True
lgbm,baseline,3,41,0.06314050650789726,0.06314050650789726,True,0.0,0.10644840040463531,0.10644840040463531,True,0.0,2040,2040,3282,3282,162,162,True,True,True,0.0,True
lgbm,baseline,3,42,0.06417727260626312,0.06417727260626312,True,0.0,0.10697958790259161,0.10697958790259161,True,0.0,1755,1755,3378,3378,167,167,True,True,True,0.0,True
lgbm,baseline,3,43,0.06381580776680429,0.06381580776680429,True,0.0,0.1054228750168372,0.1054228750168372,True,0.0,3309,3309,3376,3376,167,167,True,True,True,0.0,True
lgbm,baseline,3,44,0.07931686014667298,0.07931686014667298,True,0.0,0.11824805399774047,0.11824805399774047,True,0.0,869,869,2933,2933,145,145,True,True,True,0.0,True
lgbm,baseline,3,45,0.08623286063932575,0.08623286063932575,True,0.0,0.12085588334673321,0.12085588334673321,True,0.0,1272,1272,2319,2319,115,115,True,True,True,0.0,True
lgbm,baseline,3,46,0.08610668294136069,0.08610668294136069,True,0.0,0.12819694110220323,0.12819694110220323,True,0.0,44,44,222,222,11,11,True,True,True,0.0,True
lgbm,baseline,3,47,0.0633520963817339,0.0633520963817339,True,0.0,0.10572455668787538,0.10572455668787538,True,0.0,3294,3294,3394,3394,167,167,True,True,True,0.0,True
lgbm,baseline,3,48,0.08481014720606417,0.08481014720606417,True,0.0,0.1149620765758513,0.1149620765758513,True,0.0,3067,3067,3067,3067,151,151,True,True,True,0.0,True
lgbm,baseline,3,49,0.06921675011529885,0.06921675011529885,True,0.0,0.10768472181867848,0.10768472181867848,True,0.0,3504,3504,3570,3570,176,176,True,True,True,0.0,True
lgbm,live_feasible,0,0,0.07472961125336597,0.07472961125336597,True,0.0,0.1140426452731658,0.1140426452731658,True,0.0,899,899,1568,1568,78,78,True,True,True,0.0,True
lgbm,live_feasible,0,1,0.14310617989779262,0.14310617989779262,True,0.0,0.19929220246894291,0.19929220246894291,True,0.0,1951,1951,1952,1952,97,97,True,True,True,0.0,True
lgbm,live_feasible,0,2,0.09119645543496241,0.09119645543496241,True,0.0,0.1333085727686592,0.1333085727686592,True,0.0,999,999,1325,1325,66,66,True,True,True,0.0,True
lgbm,live_feasible,0,3,0.15284677199018998,0.15284677199018998,True,0.0,0.19835317759722434,0.19835317759722434,True,0.0,3229,3229,3229,3229,159,159,True,True,True,0.0,True
lgbm,live_feasible,0,4,0.08486502834281252,0.08486502834281252,True,0.0,0.11861066431707153,0.11861066431707153,True,0.0,2787,2787,2789,2789,138,138,True,True,True,0.0,True
lgbm,live_feasible,0,5,0.1301928134597067,0.1301928134597067,True,0.0,0.15827571938229737,0.15827571938229737,True,0.0,276,276,282,282,14,14,True,True,True,0.0,True
lgbm,live_feasible,0,6,0.1029876354168495,0.1029876354168495,True,0.0,0.15222658641601328,0.15222658641601328,True,0.0,2688,2688,2690,2690,133,133,True,True,True,0.0,True
lgbm,live_feasible,0,7,0.11474016340556713,0.11474016340556713,True,0.0,0.13725350829776523,0.13725350829776523,True,0.0,2116,2116,2116,2116,105,105,True,True,True,0.0,True
lgbm,live_feasible,0,8,0.11299948350060121,0.11299948350060121,True,0.0,0.1327200828910968,0.1327200828910968,True,0.0,628,628,637,637,32,32,True,True,True,0.0,True
lgbm,live_feasible,0,9,0.0887618263231762,0.0887618263231762,True,0.0,0.157901225791138,0.157901225791138,True,0.0,2926,2926,2926,2926,144,144,True,True,True,0.0,True
lgbm,live_feasible,0,10,0.20882576339063535,0.20882576339063535,True,0.0,0.30578235714121776,0.30578235714121776,True,0.0,219,219,219,219,11,11,True,True,True,0.0,True
lgbm,live_feasible,0,11,0.12228038935662844,0.12228038935662844,True,0.0,0.20651448041043452,0.20651448041043452,True,0.0,1086,1086,1091,1091,54,54,True,True,True,0.0,True
lgbm,live_feasible,0,12,0.07560561480305555,0.07560561480305555,True,0.0,0.13713237521809168,0.13713237521809168,True,0.0,255,255,1076,1076,53,53,True,True,True,0.0,True
lgbm,live_feasible,0,13,0.082633015208741,0.082633015208741,True,0.0,0.1420740507542906,0.1420740507542906,True,0.0,148,148,806,806,40,40,True,True,True,0.0,True
lgbm,live_feasible,0,14,0.07464704134398067,0.07464704134398067,True,0.0,0.12881798236314626,0.12881798236314626,True,0.0,102,102,446,446,22,22,True,True,True,0.0,True
lgbm,live_feasible,0,15,0.09557738859110826,0.09557738859110826,True,0.0,0.16741980877920526,0.16741980877920526,True,0.0,36,36,453,453,23,23,True,True,True,0.0,True
lgbm,live_feasible,0,16,0.06318962244038968,0.06318962244038968,True,0.0,0.1158645741689549,0.1158645741689549,True,0.0,90,90,377,377,19,19,True,True,True,0.0,True
lgbm,live_feasible,0,17,0.06756615204665294,0.06756615204665294,True,0.0,0.12338926509140237,0.12338926509140237,True,0.0,54,54,382,382,19,19,True,True,True,0.0,True
lgbm,live_feasible,0,18,0.058453480275464945,0.058453480275464945,True,0.0,0.11582632668265683,0.11582632668265683,True,0.0,128,128,360,360,18,18,True,True,True,0.0,True
lgbm,live_feasible,0,19,0.21392107058163215,0.21392107058163215,True,0.0,0.3180320587391507,0.3180320587391507,True,0.0,311,311,311,311,16,16,True,True,True,0.0,True
lgbm,live_feasible,0,20,0.05552253827618655,0.05552253827618655,True,0.0,0.11237216276227571,0.11237216276227571,True,0.0,423,423,694,694,35,35,True,True,True,0.0,True
lgbm,live_feasible,0,21,0.05593910337967583,0.05593910337967583,True,0.0,0.11487746163643266,0.11487746163643266,True,0.0,155,155,657,657,33,33,True,True,True,0.0,True
lgbm,live_feasible,0,22,0.0538704286274022,0.0538704286274022,True,0.0,0.10931934149120101,0.10931934149120101,True,0.0,270,270,638,638,32,32,True,True,True,0.0,True
lgbm,live_feasible,0,23,0.058839845286632705,0.058839845286632705,True,0.0,0.1103604125341165,0.1103604125341165,True,0.0,182,182,691,691,34,34,True,True,True,0.0,True
lgbm,live_feasible,0,24,0.06436761909050784,0.06436761909050784,True,0.0,0.13245358837640248,0.13245358837640248,True,0.0,334,334,583,583,29,29,True,True,True,0.0,True
lgbm,live_feasible,0,25,0.1424556068932833,0.1424556068932833,True,0.0,0.19495411065412013,0.19495411065412013,True,0.0,840,840,841,841,42,42,True,True,True,0.0,True
lgbm,live_feasible,0,26,0.07351025863354868,0.07351025863354868,True,0.0,0.12310268386950915,0.12310268386950915,True,0.0,112,112,580,580,29,29,True,True,True,0.0,True
lgbm,live_feasible,0,27,0.06834673997689926,0.06834673997689926,True,0.0,0.10964084852598009,0.10964084852598009,True,0.0,274,274,920,920,46,46,True,True,True,0.0,True
lgbm,live_feasible,0,28,0.16694336653518319,0.16694336653518319,True,0.0,0.24112839245690718,0.24112839245690718,True,0.0,489,489,489,489,25,25,True,True,True,0.0,True
lgbm,live_feasible,0,29,0.06142075658522121,0.06142075658522121,True,0.0,0.1131526061338225,0.1131526061338225,True,0.0,729,729,1500,1500,74,74,True,True,True,0.0,True
lgbm,live_feasible,0,30,0.06947920612931067,0.06947920612931067,True,0.0,0.11022863842281698,0.11022863842281698,True,0.0,343,343,1099,1099,55,55,True,True,True,0.0,True
lgbm,live_feasible,0,31,0.06326205499600533,0.06326205499600533,True,0.0,0.12090887524266827,0.12090887524266827,True,0.0,283,283,765,765,38,38,True,True,True,0.0,True
lgbm,live_feasible,0,32,0.057746122394867545,0.057746122394867545,True,0.0,0.11149638315429425,0.11149638315429425,True,0.0,286,286,524,524,26,26,True,True,True,0.0,True
lgbm,live_feasible,0,33,0.04779329848565695,0.04779329848565695,True,0.0,0.10224812489781566,0.10224812489781566,True,0.0,301,301,493,493,25,25,True,True,True,0.0,True
lgbm,live_feasible,0,34,0.06258006003770303,0.06258006003770303,True,0.0,0.11643565775693909,0.11643565775693909,True,0.0,179,179,687,687,34,34,True,True,True,0.0,True
lgbm,live_feasible,0,35,0.08480563303268351,0.08480563303268351,True,0.0,0.11656124397285378,0.11656124397285378,True,0.0,4042,4042,4042,4042,199,199,True,True,True,0.0,True
lgbm,live_feasible,0,36,0.07828228715455442,0.07828228715455442,True,0.0,0.13373510518443887,0.13373510518443887,True,0.0,701,701,957,957,48,48,True,True,True,0.0,True
lgbm,live_feasible,0,37,0.057910685228114815,0.057910685228114815,True,0.0,0.0991409308326872,0.0991409308326872,True,0.0,100,100,273,273,14,14,True,True,True,0.0,True
lgbm,live_feasible,0,38,0.08960905054358555,0.08960905054358555,True,0.0,0.12487588682861528,0.12487588682861528,True,0.0,554,554,554,554,28,28,True,True,True,0.0,True
lgbm,live_feasible,0,39,0.11970676334555935,0.11970676334555935,True,0.0,0.14430806376207478,0.14430806376207478,True,0.0,1268,1268,1268,1268,63,63,True,True,True,0.0,True
lgbm,live_feasible,0,40,0.08815998035733179,0.08815998035733179,True,0.0,0.11660865208783283,0.11660865208783283,True,0.0,167,167,425,425,21,21,True,True,True,0.0,True
lgbm,live_feasible,0,41,0.0627729399841712,0.0627729399841712,True,0.0,0.1088439647911213,0.1088439647911213,True,0.0,426,426,529,529,26,26,True,True,True,0.0,True
lgbm,live_feasible,0,42,0.0650749223639765,0.0650749223639765,True,0.0,0.11676957974520809,0.11676957974520809,True,0.0,374,374,668,668,33,33,True,True,True,0.0,True
lgbm,live_feasible,0,43,0.08035061936115184,0.08035061936115184,True,0.0,0.15020429351382722,0.15020429351382722,True,0.0,372,372,511,511,26,26,True,True,True,0.0,True
lgbm,live_feasible,0,44,0.05765023129866359,0.05765023129866359,True,0.0,0.11437267559538736,0.11437267559538736,True,0.0,238,238,634,634,32,32,True,True,True,0.0,True
lgbm,live_feasible,0,45,0.06907250803774272,0.06907250803774272,True,0.0,0.12583663290918742,0.12583663290918742,True,0.0,266,266,737,737,37,37,True,True,True,0.0,True
lgbm,live_feasible,0,46,0.06458630484894529,0.06458630484894529,True,0.0,0.11974770661331517,0.11974770661331517,True,0.0,131,131,630,630,31,31,True,True,True,0.0,True
lgbm,live_feasible,0,47,0.13867626429181162,0.13867626429181162,True,0.0,0.17030713515415052,0.17030713515415052,True,0.0,879,879,879,879,44,44,True,True,True,0.0,True
lgbm,live_feasible,0,48,0.06833336046819752,0.06833336046819752,True,0.0,0.12638761301090692,0.12638761301090692,True,0.0,93,93,406,406,20,20,True,True,True,0.0,True
lgbm,live_feasible,0,49,0.06597810538255547,0.06597810538255547,True,0.0,0.12330299326173073,0.12330299326173073,True,0.0,46,46,305,305,16,16,True,True,True,0.0,True
lgbm,live_feasible,1,0,0.06705240203850846,0.06705240203850846,True,0.0,0.10649900419244723,0.10649900419244723,True,0.0,1149,1149,1568,1568,78,78,True,True,True,0.0,True
lgbm,live_feasible,1,1,0.13124489381873386,0.13124489381873386,True,0.0,0.1607686251072861,0.1607686251072861,True,0.0,363,363,363,363,18,18,True,True,True,0.0,True
lgbm,live_feasible,1,2,0.16741795006717658,0.16741795006717658,True,0.0,0.2131957921237037,0.2131957921237037,True,0.0,3524,3524,3527,3527,174,174,True,True,True,0.0,True
lgbm,live_feasible,1,3,0.13998295756074838,0.13998295756074838,True,0.0,0.18207818284924568,0.18207818284924568,True,0.0,483,483,483,483,24,24,True,True,True,0.0,True
lgbm,live_feasible,1,4,0.0709826601371033,0.0709826601371033,True,0.0,0.12459815541417461,0.12459815541417461,True,0.0,331,331,615,615,31,31,True,True,True,0.0,True
lgbm,live_feasible,1,5,0.12030798501246452,0.12030798501246452,True,0.0,0.20647568710426006,0.20647568710426006,True,0.0,794,794,1088,1088,54,54,True,True,True,0.0,True
lgbm,live_feasible,1,6,0.1475691467043829,0.1475691467043829,True,0.0,0.18626188181516293,0.18626188181516293,True,0.0,991,991,991,991,49,49,True,True,True,0.0,True
lgbm,live_feasible,1,7,0.09157251673631636,0.09157251673631636,True,0.0,0.16105752847701002,0.16105752847701002,True,0.0,411,411,817,817,41,41,True,True,True,0.0,True
lgbm,live_feasible,1,8,0.07721212345755078,0.07721212345755078,True,0.0,0.13168843142078332,0.13168843142078332,True,0.0,938,938,2526,2526,125,125,True,True,True,0.0,True
lgbm,live_feasible,1,9,0.1127993401571871,0.1127993401571871,True,0.0,0.14053456472984838,0.14053456472984838,True,0.0,298,298,647,647,32,32,True,True,True,0.0,True
lgbm,live_feasible,1,10,0.2575336735569806,0.2575336735569806,True,0.0,0.3940598883366565,0.3940598883366565,True,0.0,216,216,216,216,11,11,True,True,True,0.0,True
lgbm,live_feasible,1,11,0.0742704324662058,0.0742704324662058,True,0.0,0.12065289775281149,0.12065289775281149,True,0.0,296,296,1684,1684,83,83,True,True,True,0.0,True
lgbm,live_feasible,1,12,0.08988987393409148,0.08988987393409148,True,0.0,0.12102026231867859,0.12102026231867859,True,0.0,1654,1654,1654,1654,82,82,True,True,True,0.0,True
lgbm,live_feasible,1,13,0.2011736520045906,0.2011736520045906,True,0.0,0.27558741114783425,0.27558741114783425,True,0.0,1555,1555,1555,1555,77,77,True,True,True,0.0,True
lgbm,live_feasible,1,14,0.10801098993812734,0.10801098993812734,True,0.0,0.17037491980000027,0.17037491980000027,True,0.0,163,163,366,366,18,18,True,True,True,0.0,True
lgbm,live_feasible,1,15,0.13421574433754718,0.13421574433754718,True,0.0,0.17534726806113102,0.17534726806113102,True,0.0,2436,2436,2436,2436,120,120,True,True,True,0.0,True
lgbm,live_feasible,1,16,0.08291196444533484,0.08291196444533484,True,0.0,0.1434790344387416,0.1434790344387416,True,0.0,111,111,612,612,31,31,True,True,True,0.0,True
lgbm,live_feasible,1,17,0.11420055450053417,0.11420055450053417,True,0.0,0.14091317930174369,0.14091317930174369,True,0.0,173,173,215,215,11,11,True,True,True,0.0,True
lgbm,live_feasible,1,18,0.07128471024515215,0.07128471024515215,True,0.0,0.12175818383997494,0.12175818383997494,True,0.0,3707,3707,3731,3731,184,184,True,True,True,0.0,True
lgbm,live_feasible,1,19,0.07480054415310572,0.07480054415310572,True,0.0,0.11479499641018079,0.11479499641018079,True,0.0,1169,1169,1223,1223,61,61,True,True,True,0.0,True
lgbm,live_feasible,1,20,0.14070911737179137,0.14070911737179137,True,0.0,0.17972820667399025,0.17972820667399025,True,0.0,329,329,330,330,17,17,True,True,True,0.0,True
lgbm,live_feasible,1,21,0.07684525446819608,0.07684525446819608,True,0.0,0.13521846887317135,0.13521846887317135,True,0.0,3741,3741,3775,3775,186,186,True,True,True,0.0,True
lgbm,live_feasible,1,22,0.08443565227486323,0.08443565227486323,True,0.0,0.1200330036823294,0.1200330036823294,True,0.0,1320,1320,2282,2282,113,113,True,True,True,0.0,True
lgbm,live_feasible,1,23,0.08164432005149211,0.08164432005149211,True,0.0,0.13865020884112983,0.13865020884112983,True,0.0,2330,2330,2912,2912,144,144,True,True,True,0.0,True
lgbm,live_feasible,1,24,0.10019477575917253,0.10019477575917253,True,0.0,0.12475912325027082,0.12475912325027082,True,0.0,1379,1379,1919,1919,95,95,True,True,True,0.0,True
lgbm,live_feasible,1,25,0.08523666031078034,0.08523666031078034,True,0.0,0.14744001320922348,0.14744001320922348,True,0.0,166,166,1361,1361,67,67,True,True,True,0.0,True
lgbm,live_feasible,1,26,0.08705841441041638,0.08705841441041638,True,0.0,0.11286569963637638,0.11286569963637638,True,0.0,780,780,812,812,40,40,True,True,True,0.0,True
lgbm,live_feasible,1,27,0.08171878721835184,0.08171878721835184,True,0.0,0.1483813682324818,0.1483813682324818,True,0.0,1065,1065,3102,3102,153,153,True,True,True,0.0,True
lgbm,live_feasible,1,28,0.09974184301607442,0.09974184301607442,True,0.0,0.15297539628113951,0.15297539628113951,True,0.0,319,319,2031,2031,100,100,True,True,True,0.0,True
lgbm,live_feasible,1,29,0.12362870801126319,0.12362870801126319,True,0.0,0.1480332964363098,0.1480332964363098,True,0.0,389,389,457,457,23,23,True,True,True,0.0,True
lgbm,live_feasible,1,30,0.07475131527997358,0.07475131527997358,True,0.0,0.11307597291911221,0.11307597291911221,True,0.0,518,518,888,888,44,44,True,True,True,0.0,True
lgbm,live_feasible,1,31,0.07506276458171388,0.07506276458171388,True,0.0,0.11675402952846972,0.11675402952846972,True,0.0,305,305,1599,1599,79,79,True,True,True,0.0,True
lgbm,live_feasible,1,32,0.05657264983398963,0.05657264983398963,True,0.0,0.10743018871418533,0.10743018871418533,True,0.0,3473,3473,3811,3811,188,188,True,True,True,0.0,True
lgbm,live_feasible,1,33,0.061095038986016675,0.061095038986016675,True,0.0,0.11358581813067212,0.11358581813067212,True,0.0,535,535,3310,3310,163,163,True,True,True,0.0,True
lgbm,live_feasible,1,34,0.06402335280495516,0.06402335280495516,True,0.0,0.11833434296468226,0.11833434296468226,True,0.0,1242,1242,3011,3011,149,149,True,True,True,0.0,True
lgbm,live_feasible,1,35,0.052947257329244456,0.052947257329244456,True,0.0,0.10598213753636933,0.10598213753636933,True,0.0,2262,2262,3023,3023,149,149,True,True,True,0.0,True
lgbm,live_feasible,1,36,0.05705424363978947,0.05705424363978947,True,0.0,0.11016902895586261,0.11016902895586261,True,0.0,1810,1810,3122,3122,154,154,True,True,True,0.0,True
lgbm,live_feasible,1,37,0.05406636079854128,0.05406636079854128,True,0.0,0.10523489622128908,0.10523489622128908,True,0.0,3402,3402,3970,3970,196,196,True,True,True,0.0,True
lgbm,live_feasible,1,38,0.05568083465223343,0.05568083465223343,True,0.0,0.10685107569132475,0.10685107569132475,True,0.0,1840,1840,2622,2622,129,129,True,True,True,0.0,True
lgbm,live_feasible,1,39,0.05300965577981015,0.05300965577981015,True,0.0,0.10789010446917344,0.10789010446917344,True,0.0,4036,4036,4058,4058,200,200,True,True,True,0.0,True
lgbm,live_feasible,1,40,0.0655391547298604,0.0655391547298604,True,0.0,0.12024421237162508,0.12024421237162508,True,0.0,769,769,2665,2665,132,132,True,True,True,0.0,True
lgbm,live_feasible,1,41,0.05416514797848378,0.05416514797848378,True,0.0,0.10883053614727459,0.10883053614727459,True,0.0,4022,4022,4022,4022,198,198,True,True,True,0.0,True
lgbm,live_feasible,1,42,0.054410704318036344,0.054410704318036344,True,0.0,0.1077803414999527,0.1077803414999527,True,0.0,3417,3417,3924,3924,194,194,True,True,True,0.0,True
lgbm,live_feasible,1,43,0.05887355315752993,0.05887355315752993,True,0.0,0.1103850370915708,0.1103850370915708,True,0.0,2923,2923,3981,3981,196,196,True,True,True,0.0,True
lgbm,live_feasible,1,44,0.06011600910855888,0.06011600910855888,True,0.0,0.11137831361849389,0.11137831361849389,True,0.0,1740,1740,3395,3395,168,168,True,True,True,0.0,True
lgbm,live_feasible,1,45,0.058286541180302735,0.058286541180302735,True,0.0,0.1136979402653015,0.1136979402653015,True,0.0,945,945,4055,4055,200,200,True,True,True,0.0,True
lgbm,live_feasible,1,46,0.09161290380656842,0.09161290380656842,True,0.0,0.16392415934777238,0.16392415934777238,True,0.0,750,750,2780,2780,137,137,True,True,True,0.0,True
lgbm,live_feasible,1,47,0.14403411607526528,0.14403411607526528,True,0.0,0.1727852837546841,0.1727852837546841,True,0.0,2243,2243,2244,2244,111,111,True,True,True,0.0,True
lgbm,live_feasible,1,48,0.05591102866220935,0.05591102866220935,True,0.0,0.11048124075049137,0.11048124075049137,True,0.0,1718,1718,3162,3162,156,156,True,True,True,0.0,True
lgbm,live_feasible,1,49,0.0622738113178902,0.0622738113178902,True,0.0,0.10944523892323889,0.10944523892323889,True,0.0,2768,2768,3565,3565,176,176,True,True,True,0.0,True
xgb,baseline,0,0,0.07609579690683527,0.07609579690683527,True,0.0,0.11283861098722807,0.11283861098722807,True,0.0,1063,1063,1356,1356,93,93,True,True,True,0.0,True
xgb,baseline,0,1,0.17888251341907918,0.17888251341907918,True,0.0,0.22679358035343597,0.22679358035343597,True,0.0,1406,1406,1414,1414,97,97,True,True,True,0.0,True
xgb,baseline,0,2,0.08311862263793543,0.08311862263793543,True,0.0,0.12165568022329394,0.12165568022329394,True,0.0,951,951,960,960,66,66,True,True,True,0.0,True
xgb,baseline,0,3,0.15898728409669283,0.15898728409669283,True,0.0,0.1943938476803836,0.1943938476803836,True,0.0,2332,2332,2338,2338,159,159,True,True,True,0.0,True
xgb,baseline,0,4,0.10533588344007207,0.10533588344007207,True,0.0,0.13002703630395296,0.13002703630395296,True,0.0,2018,2018,2019,2019,138,138,True,True,True,0.0,True
xgb,baseline,0,5,0.13536524647356518,0.13536524647356518,True,0.0,0.1620573244765637,0.1620573244765637,True,0.0,170,170,204,204,14,14,True,True,True,0.0,True
xgb,baseline,0,6,0.12026336028496912,0.12026336028496912,True,0.0,0.1537711984414984,0.1537711984414984,True,0.0,1948,1948,1948,1948,133,133,True,True,True,0.0,True
xgb,baseline,0,7,0.1193093434321595,0.1193093434321595,True,0.0,0.14197548115088837,0.14197548115088837,True,0.0,1525,1525,1532,1532,105,105,True,True,True,0.0,True
xgb,baseline,0,8,0.11043087074240604,0.11043087074240604,True,0.0,0.1331338315955572,0.1331338315955572,True,0.0,462,462,462,462,32,32,True,True,True,0.0,True
xgb,baseline,0,9,0.08576727563101749,0.08576727563101749,True,0.0,0.12660018073441426,0.12660018073441426,True,0.0,2114,2114,2118,2118,144,144,True,True,True,0.0,True
xgb,baseline,0,10,0.21702623352775638,0.21702623352775638,True,0.0,0.3138849314452628,0.3138849314452628,True,0.0,159,159,159,159,11,11,True,True,True,0.0,True
xgb,baseline,0,11,0.07191817960639177,0.07191817960639177,True,0.0,0.11783032422850126,0.11783032422850126,True,0.0,690,690,724,724,50,50,True,True,True,0.0,True
xgb,baseline,0,12,0.07309875620335156,0.07309875620335156,True,0.0,0.11810068251056931,0.11810068251056931,True,0.0,442,442,711,711,49,49,True,True,True,0.0,True
xgb,baseline,0,13,0.07276649502122902,0.07276649502122902,True,0.0,0.11850237796058745,0.11850237796058745,True,0.0,370,370,624,624,43,43,True,True,True,0.0,True
xgb,baseline,0,14,0.08439655143232878,0.08439655143232878,True,0.0,0.1288157977015552,0.1288157977015552,True,0.0,347,347,410,410,28,28,True,True,True,0.0,True
xgb,baseline,0,15,0.07840587293303897,0.07840587293303897,True,0.0,0.11833823664442691,0.11833823664442691,True,0.0,190,190,415,415,29,29,True,True,True,0.0,True
xgb,baseline,0,16,0.08203877019617536,0.08203877019617536,True,0.0,0.12600826093185574,0.12600826093185574,True,0.0,487,487,659,659,45,45,True,True,True,0.0,True
xgb,baseline,0,17,0.08655648765780834,0.08655648765780834,True,0.0,0.12266197163440777,0.12266197163440777,True,0.0,180,180,298,298,21,21,True,True,True,0.0,True
xgb,baseline,0,18,0.09166178520413965,0.09166178520413965,True,0.0,0.1296026225025368,0.1296026225025368,True,0.0,845,845,845,845,58,58,True,True,True,0.0,True
xgb,baseline,0,19,0.08338275753479185,0.08338275753479185,True,0.0,0.11951477409756367,0.11951477409756367,True,0.0,484,484,577,577,40,40,True,True,True,0.0,True
xgb,baseline,0,20,0.07402239674606817,0.07402239674606817,True,0.0,0.1172189984587905,0.1172189984587905,True,0.0,1024,1024,1028,1028,70,70,True,True,True,0.0,True
xgb,baseline,0,21,0.07449493036486605,0.07449493036486605,True,0.0,0.1184165016524313,0.1184165016524313,True,0.0,442,442,706,706,48,48,True,True,True,0.0,True
xgb,baseline,0,22,0.07258551923280313,0.07258551923280313,True,0.0,0.11986375429770195,0.11986375429770195,True,0.0,370,370,515,515,35,35,True,True,True,0.0,True
xgb,baseline,0,23,0.06889261266942429,0.06889261266942429,True,0.0,0.12167383012179647,0.12167383012179647,True,0.0,153,153,305,305,21,21,True,True,True,0.0,True
xgb,baseline,0,24,0.06295666062992225,0.06295666062992225,True,0.0,0.11590477715449374,0.11590477715449374,True,0.0,151,151,297,297,21,21,True,True,True,0.0,True
xgb,baseline,0,25,0.07647682735137613,0.07647682735137613,True,0.0,0.12619527174511935,0.12619527174511935,True,0.0,191,191,277,277,19,19,True,True,True,0.0,True
xgb,baseline,0,26,0.2568129506961901,0.2568129506961901,True,0.0,0.4015588194876282,0.4015588194876282,True,0.0,310,310,310,310,22,22,True,True,True,0.0,True
xgb,baseline,0,27,0.06855859531400968,0.06855859531400968,True,0.0,0.114490730728307,0.114490730728307,True,0.0,119,119,243,243,17,17,True,True,True,0.0,True
xgb,baseline,0,28,0.06908159966415596,0.06908159966415596,True,0.0,0.11579169859147433,0.11579169859147433,True,0.0,119,119,225,225,16,16,True,True,True,0.0,True
xgb,baseline,0,29,0.18107509142641587,0.18107509142641587,True,0.0,0.2365939672084229,0.2365939672084229,True,0.0,150,150,150,150,11,11,True,True,True,0.0,True
xgb,baseline,0,30,0.08417084251757448,0.08417084251757448,True,0.0,0.13182413574393984,0.13182413574393984,True,0.0,70,70,223,223,16,16,True,True,True,0.0,True
xgb,baseline,0,31,0.08159733732126243,0.08159733732126243,True,0.0,0.12354081954808868,0.12354081954808868,True,0.0,126,126,217,217,15,15,True,True,True,0.0,True
xgb,baseline,0,32,0.07202113335970457,0.07202113335970457,True,0.0,0.11677652139817307,0.11677652139817307,True,0.0,150,150,364,364,25,25,True,True,True,0.0,True
xgb,baseline,0,33,0.07972996865928346,0.07972996865928346,True,0.0,0.1252006333549053,0.1252006333549053,True,0.0,119,119,258,258,18,18,True,True,True,0.0,True
xgb,baseline,0,34,0.0710896705970208,0.0710896705970208,True,0.0,0.12090379774227224,0.12090379774227224,True,0.0,143,143,362,362,25,25,True,True,True,0.0,True
xgb,baseline,0,35,0.05838192428198553,0.05838192428198553,True,0.0,0.11089016808447642,0.11089016808447642,True,0.0,119,119,180,180,13,13,True,True,True,0.0,True
xgb,baseline,0,36,0.0715227529159375,0.0715227529159375,True,0.0,0.11892125050005616,0.11892125050005616,True,0.0,117,117,188,188,13,13,True,True,True,0.0,True
xgb,baseline,0,37,0.13747962638447095,0.13747962638447095,True,0.0,0.16523721118267737,0.16523721118267737,True,0.0,176,176,176,176,12,12,True,True,True,0.0,True
xgb,baseline,0,38,0.1051147744781352,0.1051147744781352,True,0.0,0.14115990320658536,0.14115990320658536,True,0.0,243,243,331,331,23,23,True,True,True,0.0,True
xgb,baseline,0,39,0.07602315623373569,0.07602315623373569,True,0.0,0.11618658455302197,0.11618658455302197,True,0.0,150,150,245,245,17,17,True,True,True,0.0,True
xgb,baseline,0,40,0.07917072638157918,0.07917072638157918,True,0.0,0.12072571016170902,0.12072571016170902,True,0.0,2844,2844,2877,2877,196,196,True,True,True,0.0,True
xgb,baseline,0,41,0.0683673648666756,0.0683673648666756,True,0.0,0.11465916542033659,0.11465916542033659,True,0.0,116,116,233,233,16,16,True,True,True,0.0,True
xgb,baseline,0,42,0.07409543786654055,0.07409543786654055,True,0.0,0.12450771546066279,0.12450771546066279,True,0.0,67,67,190,190,13,13,True,True,True,0.0,True
xgb,baseline,0,43,0.08951108997555847,0.08951108997555847,True,0.0,0.12351455788242302,0.12351455788242302,True,0.0,258,258,258,258,18,18,True,True,True,0.0,True
xgb,baseline,0,44,0.06705497007749005,0.06705497007749005,True,0.0,0.11166723941055241,0.11166723941055241,True,0.0,107,107,163,163,12,12,True,True,True,0.0,True
xgb,baseline,0,45,0.0659922500496174,0.0659922500496174,True,0.0,0.11921855389701742,0.11921855389701742,True,0.0,70,70,168,168,12,12,True,True,True,0.0,True
xgb,baseline,0,46,0.057312222993158295,0.057312222993158295,True,0.0,0.10965605893303067,0.10965605893303067,True,0.0,148,148,170,170,12,12,True,True,True,0.0,True
xgb,baseline,0,47,0.1921213116827894,0.1921213116827894,True,0.0,0.25430775628767954,0.25430775628767954,True,0.0,78,78,169,169,12,12,True,True,True,0.0,True
xgb,baseline,0,48,0.0972173708360022,0.0972173708360022,True,0.0,0.12447198709567481,0.12447198709567481,True,0.0,150,150,150,150,11,11,True,True,True,0.0,True
xgb,baseline,0,49,0.10341696171471866,0.10341696171471866,True,0.0,0.13908579466353613,0.13908579466353613,True,0.0,196,196,196,196,14,14,True,True,True,0.0,True
xgb,baseline,1,0,0.07781384298885177,0.07781384298885177,True,0.0,0.1151399575817814,0.1151399575817814,True,0.0,699,699,1356,1356,93,93,True,True,True,0.0,True
xgb,baseline,1,1,0.14763745063963582,0.14763745063963582,True,0.0,0.17293215316228053,0.17293215316228053,True,0.0,263,263,263,263,18,18,True,True,True,0.0,True
xgb,baseline,1,2,0.16155173094268155,0.16155173094268155,True,0.0,0.19438143527129353,0.19438143527129353,True,0.0,2530,2530,2554,2554,174,174,True,True,True,0.0,True
xgb,baseline,1,3,0.15761791417805857,0.15761791417805857,True,0.0,0.18673276568005945,0.18673276568005945,True,0.0,342,342,350,350,24,24,True,True,True,0.0,True
xgb,baseline,1,4,0.09503466073942521,0.09503466073942521,True,0.0,0.12142136179060259,0.12142136179060259,True,0.0,386,386,445,445,31,31,True,True,True,0.0,True
xgb,baseline,1,5,0.07847553162690028,0.07847553162690028,True,0.0,0.12748639325344915,0.12748639325344915,True,0.0,387,387,788,788,54,54,True,True,True,0.0,True
xgb,baseline,1,6,0.1546958388027391,0.1546958388027391,True,0.0,0.18813512596922838,0.18813512596922838,True,0.0,718,718,718,718,49,49,True,True,True,0.0,True
xgb,baseline,1,7,0.08079941254706582,0.08079941254706582,True,0.0,0.12795728622101019,0.12795728622101019,True,0.0,489,489,592,592,41,41,True,True,True,0.0,True
xgb,baseline,1,8,0.0924798920558099,0.0924798920558099,True,0.0,0.11965450315383293,0.11965450315383293,True,0.0,1829,1829,1829,1829,125,125,True,True,True,0.0,True
xgb,baseline,1,9,0.10536695836388614,0.10536695836388614,True,0.0,0.1321941717023631,0.1321941717023631,True,0.0,468,468,468,468,32,32,True,True,True,0.0,True
xgb,baseline,1,10,0.2877214378574566,0.2877214378574566,True,0.0,0.4473131462130296,0.4473131462130296,True,0.0,157,157,157,157,11,11,True,True,True,0.0,True
xgb,baseline,1,11,0.07985068589565997,0.07985068589565997,True,0.0,0.12210747188927087,0.12210747188927087,True,0.0,549,549,1289,1289,88,88,True,True,True,0.0,True
xgb,baseline,1,12,0.08073836916965466,0.08073836916965466,True,0.0,0.12109453624733436,0.12109453624733436,True,0.0,1035,1035,1035,1035,71,71,True,True,True,0.0,True
xgb,baseline,1,13,0.09274967179079291,0.09274967179079291,True,0.0,0.12453861026866059,0.12453861026866059,True,0.0,911,911,965,965,66,66,True,True,True,0.0,True
xgb,baseline,1,14,0.09135157229546598,0.09135157229546598,True,0.0,0.12570173977888,0.12570173977888,True,0.0,1539,1539,1662,1662,113,113,True,True,True,0.0,True
xgb,baseline,1,15,0.06971651957143826,0.06971651957143826,True,0.0,0.12194132929353516,0.12194132929353516,True,0.0,387,387,798,798,55,55,True,True,True,0.0,True
xgb,baseline,1,16,0.07255909626477018,0.07255909626477018,True,0.0,0.11929183123694506,0.11929183123694506,True,0.0,1778,1778,2708,2708,184,184,True,True,True,0.0,True
xgb,baseline,1,17,0.0742748380295121,0.0742748380295121,True,0.0,0.12081200237528629,0.12081200237528629,True,0.0,1987,1987,2785,2785,190,190,True,True,True,0.0,True
xgb,baseline,1,18,0.07176057694464046,0.07176057694464046,True,0.0,0.12035148719178966,0.12035148719178966,True,0.0,1511,1511,2109,2109,144,144,True,True,True,0.0,True
xgb,baseline,1,19,0.09116944145448595,0.09116944145448595,True,0.0,0.12822886323315028,0.12822886323315028,True,0.0,1976,1976,1976,1976,135,135,True,True,True,0.0,True
xgb,baseline,1,20,0.08913213680450838,0.08913213680450838,True,0.0,0.1310895453838824,0.1310895453838824,True,0.0,82,82,167,167,12,12,True,True,True,0.0,True
xgb,baseline,1,21,0.07921570823570302,0.07921570823570302,True,0.0,0.12374395153226805,0.12374395153226805,True,0.0,858,858,2301,2301,157,157,True,True,True,0.0,True
xgb,baseline,1,22,0.07463269275057649,0.07463269275057649,True,0.0,0.11759217326793928,0.11759217326793928,True,0.0,2859,2859,2896,2896,197,197,True,True,True,0.0,True
xgb,baseline,1,23,0.06820257789136519,0.06820257789136519,True,0.0,0.11753207908256443,0.11753207908256443,True,0.0,1055,1055,1590,1590,109,109,True,True,True,0.0,True
xgb,baseline,1,24,0.06733744508471601,0.06733744508471601,True,0.0,0.1167609114602895,0.1167609114602895,True,0.0,1401,1401,1402,1402,96,96,True,True,True,0.0,True
xgb,baseline,1,25,0.07731816208643424,0.07731816208643424,True,0.0,0.12148348859293764,0.12148348859293764,True,0.0,1417,1417,1420,1420,97,97,True,True,True,0.0,True
xgb,baseline,1,26,0.16516726806193346,0.16516726806193346,True,0.0,0.1999526656290733,0.1999526656290733,True,0.0,1026,1026,1026,1026,70,70,True,True,True,0.0,True
xgb,baseline,1,27,0.06223694637191421,0.06223694637191421,True,0.0,0.1131848052764459,0.1131848052764459,True,0.0,501,501,811,811,56,56,True,True,True,0.0,True
xgb,baseline,1,28,0.09964255189222537,0.09964255189222537,True,0.0,0.1330384690232798,0.1330384690232798,True,0.0,1108,1108,1149,1149,79,79,True,True,True,0.0,True
xgb,baseline,1,29,0.07380799823475542,0.07380799823475542,True,0.0,0.11642104355561042,0.11642104355561042,True,0.0,1370,1370,1392,1392,95,95,True,True,True,0.0,True
xgb,baseline,1,30,0.08204101485263825,0.08204101485263825,True,0.0,0.11843851980523531,0.11843851980523531,True,0.0,1077,1077,1617,1617,110,110,True,True,True,0.0,True
xgb,baseline,1,31,0.06971636586004856,0.06971636586004856,True,0.0,0.11895763804330903,0.11895763804330903,True,0.0,513,513,821,821,56,56,True,True,True,0.0,True
xgb,baseline,1,32,0.06886481049558019,0.06886481049558019,True,0.0,0.11657393614899335,0.11657393614899335,True,0.0,606,606,670,670,46,46,True,True,True,0.0,True
xgb,baseline,1,33,0.07734463044721501,0.07734463044721501,True,0.0,0.12027449863375923,0.12027449863375923,True,0.0,279,279,570,570,39,39,True,True,True,0.0,True
xgb,baseline,1,34,0.07932950469541881,0.07932950469541881,True,0.0,0.11918919618962436,0.11918919618962436,True,0.0,605,605,605,605,42,42,True,True,True,0.0,True
xgb,baseline,1,35,0.08626359711396032,0.08626359711396032,True,0.0,0.1264126984644566,0.1264126984644566,True,0.0,228,228,288,288,20,20,True,True,True,0.0,True
xgb,baseline,1,36,0.0792693955878287,0.0792693955878287,True,0.0,0.12119459447882866,0.12119459447882866,True,0.0,422,422,423,423,29,29,True,True,True,0.0,True
xgb,baseline,1,37,0.08914874490577082,0.08914874490577082,True,0.0,0.1285156219023056,0.1285156219023056,True,0.0,274,274,673,673,46,46,True,True,True,0.0,True
xgb,baseline,1,38,0.07411723316330164,0.07411723316330164,True,0.0,0.11994788161968477,0.11994788161968477,True,0.0,711,711,885,885,61,61,True,True,True,0.0,True
xgb,baseline,1,39,0.07387617801736689,0.07387617801736689,True,0.0,0.11794261147567416,0.11794261147567416,True,0.0,862,862,1214,1214,83,83,True,True,True,0.0,True
xgb,baseline,1,40,0.14049114030505502,0.14049114030505502,True,0.0,0.1639010938696472,0.1639010938696472,True,0.0,517,517,519,519,36,36,True,True,True,0.0,True
xgb,baseline,1,41,0.0697653723821464,0.0697653723821464,True,0.0,0.11896426943927582,0.11896426943927582,True,0.0,587,587,827,827,57,57,True,True,True,0.0,True
xgb,baseline,1,42,0.06665476717531198,0.06665476717531198,True,0.0,0.11739943287466713,0.11739943287466713,True,0.0,500,500,683,683,47,47,True,True,True,0.0,True
xgb,baseline,1,43,0.17500515536067698,0.17500515536067698,True,0.0,0.21206884298824097,0.21206884298824097,True,0.0,383,383,383,383,26,26,True,True,True,0.0,True
xgb,baseline,1,44,0.06764422995652457,0.06764422995652457,True,0.0,0.11621101548189812,0.11621101548189812,True,0.0,597,597,670,670,46,46,True,True,True,0.0,True
xgb,baseline,1,45,0.07838868690254794,0.07838868690254794,True,0.0,0.11989239393737106,0.11989239393737106,True,0.0,307,307,505,505,35,35,True,True,True,0.0,True
xgb,baseline,1,46,0.2831211294583327,0.2831211294583327,True,0.0,0.43852115096525207,0.43852115096525207,True,0.0,1533,1533,1533,1533,105,105,True,True,True,0.0,True
xgb,baseline,1,47,0.2126273100686163,0.2126273100686163,True,0.0,0.28030097764007894,0.28030097764007894,True,0.0,759,759,1124,1124,77,77,True,True,True,0.0,True
xgb,baseline,1,48,0.07541685486942279,0.07541685486942279,True,0.0,0.11497727630162242,0.11497727630162242,True,0.0,611,611,727,727,50,50,True,True,True,0.0,True
xgb,baseline,1,49,0.06507933059889984,0.06507933059889984,True,0.0,0.11606652506655181,0.11606652506655181,True,0.0,587,587,920,920,63,63,True,True,True,0.0,True
xgb,baseline,2,0,0.07207257766656565,0.07207257766656565,True,0.0,0.1127219269763975,0.1127219269763975,True,0.0,873,873,1356,1356,93,93,True,True,True,0.0,True
xgb,baseline,2,1,0.15366292107970136,0.15366292107970136,True,0.0,0.18073759705072492,0.18073759705072492,True,0.0,478,478,478,478,33,33,True,True,True,0.0,True
xgb,baseline,2,2,0.1115331713084661,0.1115331713084661,True,0.0,0.13882856543452124,0.13882856543452124,True,0.0,889,889,889,889,61,61,True,True,True,0.0,True
xgb,baseline,2,3,0.07302296163009979,0.07302296163009979,True,0.0,0.12312832921546649,0.12312832921546649,True,0.0,311,311,439,439,30,30,True,True,True,0.0,True
xgb,baseline,2,4,0.1298625021856268,0.1298625021856268,True,0.0,0.15550995373292612,0.15550995373292612,True,0.0,187,187,189,189,13,13,True,True,True,0.0,True
xgb,baseline,2,5,0.10201816979525309,0.10201816979525309,True,0.0,0.135387174436801,0.135387174436801,True,0.0,1605,1605,1606,1606,110,110,True,True,True,0.0,True
xgb,baseline,2,6,0.17398606934460775,0.17398606934460775,True,0.0,0.21692377514471367,0.21692377514471367,True,0.0,1384,1384,1384,1384,95,95,True,True,True,0.0,True
xgb,baseline,2,7,0.08896023177586963,0.08896023177586963,True,0.0,0.1219665820360506,0.1219665820360506,True,0.0,1010,1010,1011,1011,69,69,True,True,True,0.0,True
xgb,baseline,2,8,0.15613770856536124,0.15613770856536124,True,0.0,0.18477386648453642,0.18477386648453642,True,0.0,155,155,159,159,11,11,True,True,True,0.0,True
xgb,baseline,2,9,0.0963144317791446,0.0963144317791446,True,0.0,0.12593184630605525,0.12593184630605525,True,0.0,643,643,644,644,44,44,True,True,True,0.0,True
xgb,baseline,2,10,0.07535836945826993,0.07535836945826993,True,0.0,0.12311866167812024,0.12311866167812024,True,0.0,2420,2420,2873,2873,196,196,True,True,True,0.0,True
xgb,baseline,2,11,0.07163231606611124,0.07163231606611124,True,0.0,0.12756626370824986,0.12756626370824986,True,0.0,235,235,365,365,25,25,True,True,True,0.0,True
xgb,baseline,2,12,0.12296906121179822,0.12296906121179822,True,0.0,0.17610789429453974,0.17610789429453974,True,0.0,275,275,281,281,20,20,True,True,True,0.0,True
xgb,baseline,2,13,0.09247548728000377,0.09247548728000377,True,0.0,0.12886233123349256,0.12886233123349256,True,0.0,242,242,367,367,25,25,True,True,True,0.0,True
xgb,baseline,2,14,0.07911767000793256,0.07911767000793256,True,0.0,0.12371490971864182,0.12371490971864182,True,0.0,2796,2796,2814,2814,192,192,True,True,True,0.0,True
xgb,baseline,2,15,0.08946390136046613,0.08946390136046613,True,0.0,0.12350679279192989,0.12350679279192989,True,0.0,144,144,253,253,18,18,True,True,True,0.0,True
xgb,baseline,2,16,0.09064039050287119,0.09064039050287119,True,0.0,0.12804145948008477,0.12804145948008477,True,0.0,1967,1967,1983,1983,135,135,True,True,True,0.0,True
xgb,baseline,2,17,0.29866759455974595,0.29866759455974595,True,0.0,0.4663787521925699,0.4663787521925699,True,0.0,710,710,710,710,49,49,True,True,True,0.0,True
xgb,baseline,2,18,0.07995551562412934,0.07995551562412934,True,0.0,0.11989368649222135,0.11989368649222135,True,0.0,791,791,1283,1283,88,88,True,True,True,0.0,True
xgb,baseline,2,19,0.1252175871471052,0.1252175871471052,True,0.0,0.14389685249693202,0.14389685249693202,True,0.0,537,537,560,560,39,39,True,True,True,0.0,True
xgb,baseline,2,20,0.07534691349675594,0.07534691349675594,True,0.0,0.12587811224511594,0.12587811224511594,True,0.0,259,259,306,306,21,21,True,True,True,0.0,True
xgb,baseline,2,21,0.06684052873215711,0.06684052873215711,True,0.0,0.1191812602875345,0.1191812602875345,True,0.0,323,323,422,422,29,29,True,True,True,0.0,True
xgb,baseline,2,22,0.09185733885058557,0.09185733885058557,True,0.0,0.13591509153767367,0.13591509153767367,True,0.0,204,204,210,210,15,15,True,True,True,0.0,True
xgb,baseline,2,23,0.08081827410779709,0.08081827410779709,True,0.0,0.12735456582430252,0.12735456582430252,True,0.0,244,244,371,371,26,26,True,True,True,0.0,True
xgb,baseline,2,24,0.07974547886551792,0.07974547886551792,True,0.0,0.12390831883914487,0.12390831883914487,True,0.0,485,485,879,879,60,60,True,True,True,0.0,True
xgb,baseline,2,25,0.0718833425544121,0.0718833425544121,True,0.0,0.11974791388278253,0.11974791388278253,True,0.0,2098,2098,2202,2202,150,150,True,True,True,0.0,True
xgb,baseline,2,26,0.07227391718800846,0.07227391718800846,True,0.0,0.12019941596373325,0.12019941596373325,True,0.0,2097,2097,2123,2123,145,145,True,True,True,0.0,True
xgb,baseline,2,27,0.07061237008372051,0.07061237008372051,True,0.0,0.12231795743382717,0.12231795743382717,True,0.0,461,461,503,503,35,35,True,True,True,0.0,True
xgb,baseline,2,28,0.07663299941644974,0.07663299941644974,True,0.0,0.12166743274140412,0.12166743274140412,True,0.0,461,461,490,490,34,34,True,True,True,0.0,True
xgb,baseline,2,29,0.09806524513178647,0.09806524513178647,True,0.0,0.13110279990024792,0.13110279990024792,True,0.0,358,358,360,360,25,25,True,True,True,0.0,True
xgb,baseline,2,30,0.067718765652893,0.067718765652893,True,0.0,0.11782759580011615,0.11782759580011615,True,0.0,468,468,643,643,44,44,True,True,True,0.0,True
xgb,baseline,2,31,0.07804053711512694,0.07804053711512694,True,0.0,0.1223602482346648,0.1223602482346648,True,0.0,462,462,553,553,38,38,True,True,True,0.0,True
xgb,baseline,2,32,0.07652544803818867,0.07652544803818867,True,0.0,0.12281845037936764,0.12281845037936764,True,0.0,306,306,469,469,32,32,True,True,True,0.0,True
xgb,baseline,2,33,0.0859701209284174,0.0859701209284174,True,0.0,0.12721863538621309,0.12721863538621309,True,0.0,472,472,710,710,49,49,True,True,True,0.0,True
xgb,baseline,2,34,0.07368037651321366,0.07368037651321366,True,0.0,0.12322094787086711,0.12322094787086711,True,0.0,470,470,825,825,56,56,True,True,True,0.0,True
xgb,baseline,2,35,0.06775997105610536,0.06775997105610536,True,0.0,0.11919562907712125,0.11919562907712125,True,0.0,277,277,412,412,28,28,True,True,True,0.0,True
xgb,baseline,2,36,0.09779375346727472,0.09779375346727472,True,0.0,0.13345543393721765,0.13345543393721765,True,0.0,416,416,428,428,30,30,True,True,True,0.0,True
xgb,baseline,2,37,0.07126729664482129,0.07126729664482129,True,0.0,0.12281371927859698,0.12281371927859698,True,0.0,290,290,570,570,39,39,True,True,True,0.0,True
xgb,baseline,2,38,0.07256170211007487,0.07256170211007487,True,0.0,0.12007202191132943,0.12007202191132943,True,0.0,865,865,1065,1065,73,73,True,True,True,0.0,True
xgb,baseline,2,39,0.1828949609186988,0.1828949609186988,True,0.0,0.22726841396112993,0.22726841396112993,True,0.0,246,246,246,246,17,17,True,True,True,0.0,True
xgb,baseline,2,40,0.19615915513856103,0.19615915513856103,True,0.0,0.24852955984962263,0.24852955984962263,True,0.0,271,271,424,424,29,29,True,True,True,0.0,True
xgb,baseline,2,41,0.08165337298345861,0.08165337298345861,True,0.0,0.1264307979903396,0.1264307979903396,True,0.0,317,317,583,583,40,40,True,True,True,0.0,True
xgb,baseline,2,42,0.07559297490078486,0.07559297490078486,True,0.0,0.12027559482225274,0.12027559482225274,True,0.0,674,674,714,714,49,49,True,True,True,0.0,True
xgb,baseline,2,43,0.07030230573824373,0.07030230573824373,True,0.0,0.12431933174908152,0.12431933174908152,True,0.0,291,291,506,506,35,35,True,True,True,0.0,True
xgb,baseline,2,44,0.06701318864170959,0.06701318864170959,True,0.0,0.1178799267089253,0.1178799267089253,True,0.0,242,242,327,327,23,23,True,True,True,0.0,True
xgb,baseline,2,45,0.10202313986350962,0.10202313986350962,True,0.0,0.1405697821444948,0.1405697821444948,True,0.0,178,178,316,316,22,22,True,True,True,0.0,True
xgb,baseline,2,46,0.07905622739756224,0.07905622739756224,True,0.0,0.12323468033399947,0.12323468033399947,True,0.0,139,139,321,321,22,22,True,True,True,0.0,True
xgb,baseline,2,47,0.07837789107007281,0.07837789107007281,True,0.0,0.12798129510386808,0.12798129510386808,True,0.0,179,179,397,397,27,27,True,True,True,0.0,True
xgb,baseline,2,48,0.07728455236645289,0.07728455236645289,True,0.0,0.12684505022218232,0.12684505022218232,True,0.0,97,97,198,198,14,14,True,True,True,0.0,True
xgb,baseline,2,49,0.0891752180015942,0.0891752180015942,True,0.0,0.12872779858931654,0.12872779858931654,True,0.0,85,85,271,271,19,19,True,True,True,0.0,True
xgb,baseline,3,0,0.07633529466391283,0.07633529466391283,True,0.0,0.11495494434779059,0.11495494434779059,True,0.0,919,919,1356,1356,93,93,True,True,True,0.0,True
xgb,baseline,3,1,0.08892464439981589,0.08892464439981589,True,0.0,0.12731314149433606,0.12731314149433606,True,0.0,249,249,604,604,41,41,True,True,True,0.0,True
xgb,baseline,3,2,0.09471624177939843,0.09471624177939843,True,0.0,0.11835636694576687,0.11835636694576687,True,0.0,650,650,653,653,45,45,True,True,True,0.0,True
xgb,baseline,3,3,0.21997296576697442,0.21997296576697442,True,0.0,0.2995925995322068,0.2995925995322068,True,0.0,529,529,529,529,36,36,True,True,True,0.0,True
xgb,baseline,3,4,0.09518612051806406,0.09518612051806406,True,0.0,0.1290318474957968,0.1290318474957968,True,0.0,1684,1684,2256,2256,154,154,True,True,True,0.0,True
xgb,baseline,3,5,0.07875403596815128,0.07875403596815128,True,0.0,0.12335324577226546,0.12335324577226546,True,0.0,188,188,256,256,18,18,True,True,True,0.0,True
xgb,baseline,3,6,0.14148174801415242,0.14148174801415242,True,0.0,0.1681826607115984,0.1681826607115984,True,0.0,179,179,184,184,13,13,True,True,True,0.0,True
xgb,baseline,3,7,0.11433723083752241,0.11433723083752241,True,0.0,0.14149136697501444,0.14149136697501444,True,0.0,206,206,460,460,32,32,True,True,True,0.0,True
xgb,baseline,3,8,0.09595195629790851,0.09595195629790851,True,0.0,0.12936337442150964,0.12936337442150964,True,0.0,886,886,893,893,61,61,True,True,True,0.0,True
xgb,baseline,3,9,0.16257502135394578,0.16257502135394578,True,0.0,0.19237724439663037,0.19237724439663037,True,0.0,516,516,516,516,36,36,True,True,True,0.0,True
xgb,baseline,3,10,0.13190382277736,0.13190382277736,True,0.0,0.18047264285040704,0.18047264285040704,True,0.0,2241,2241,2242,2242,153,153,True,True,True,0.0,True
xgb,baseline,3,11,0.07395142914200714,0.07395142914200714,True,0.0,0.11905091836599958,0.11905091836599958,True,0.0,116,116,164,164,12,12,True,True,True,0.0,True
xgb,baseline,3,12,0.0820556640451389,0.0820556640451389,True,0.0,0.12215266467062692,0.12215266467062692,True,0.0,802,802,1280,1280,87,87,True,True,True,0.0,True
xgb,baseline,3,13,0.08320233196942904,0.08320233196942904,True,0.0,0.11914824686585672,0.11914824686585672,True,0.0,173,173,290,290,20,20,True,True,True,0.0,True
xgb,baseline,3,14,0.13079052029265467,0.13079052029265467,True,0.0,0.15597457395875863,0.15597457395875863,True,0.0,151,151,151,151,11,11,True,True,True,0.0,True
xgb,baseline,3,15,0.07469316910226864,0.07469316910226864,True,0.0,0.11209205388468982,0.11209205388468982,True,0.0,1342,1342,1374,1374,94,94,True,True,True,0.0,True
xgb,baseline,3,16,0.08731845400829279,0.08731845400829279,True,0.0,0.11820122486717406,0.11820122486717406,True,0.0,2432,2432,2941,2941,200,200,True,True,True,0.0,True
xgb,baseline,3,17,0.0990775472887884,0.0990775472887884,True,0.0,0.1258849227785816,0.1258849227785816,True,0.0,275,275,344,344,24,24,True,True,True,0.0,True
xgb,baseline,3,18,0.0859024937386604,0.0859024937386604,True,0.0,0.12184477033835994,0.12184477033835994,True,0.0,1096,1096,1098,1098,75,75,True,True,True,0.0,True
xgb,baseline,3,19,0.1251781859261716,0.1251781859261716,True,0.0,0.15725488334326748,0.15725488334326748,True,0.0,840,840,840,840,58,58,True,True,True,0.0,True
xgb,baseline,3,20,0.08757515191053536,0.08757515191053536,True,0.0,0.12151235880092798,0.12151235880092798,True,0.0,214,214,214,214,15,15,True,True,True,0.0,True
xgb,baseline,3,21,0.07787312520162784,0.07787312520162784,True,0.0,0.11264349939639043,0.11264349939639043,True,0.0,1566,1566,1567,1567,107,107,True,True,True,0.0,True
xgb,baseline,3,22,0.07561337125200901,0.07561337125200901,True,0.0,0.11293216958555197,0.11293216958555197,True,0.0,1582,1582,1598,1598,109,109,True,True,True,0.0,True
xgb,baseline,3,23,0.07563037296747142,0.07563037296747142,True,0.0,0.11535617056870409,0.11535617056870409,True,0.0,1883,1883,1884,1884,128,128,True,True,True,0.0,True
xgb,baseline,3,24,0.07961049097770584,0.07961049097770584,True,0.0,0.1195933239330121,0.1195933239330121,True,0.0,676,676,953,953,65,65,True,True,True,0.0,True
xgb,baseline,3,25,0.07575221720740712,0.07575221720740712,True,0.0,0.11416967915232923,0.11416967915232923,True,0.0,314,314,410,410,28,28,True,True,True,0.0,True
xgb,baseline,3,26,0.12908813419650303,0.12908813419650303,True,0.0,0.1492788445370685,0.1492788445370685,True,0.0,1863,1863,1877,1877,128,128,True,True,True,0.0,True
xgb,baseline,3,27,0.07788472476878285,0.07788472476878285,True,0.0,0.1234327752687553,0.1234327752687553,True,0.0,1520,1520,1524,1524,104,104,True,True,True,0.0,True
xgb,baseline,3,28,0.19136646393159387,0.19136646393159387,True,0.0,0.23818599909428392,0.23818599909428392,True,0.0,1724,1724,2934,2934,200,200,True,True,True,0.0,True
xgb,baseline,3,29,0.08172621751484012,0.08172621751484012,True,0.0,0.12320308675325282,0.12320308675325282,True,0.0,1210,1210,1210,1210,83,83,True,True,True,0.0,True
xgb,baseline,3,30,0.09201230201854073,0.09201230201854073,True,0.0,0.12645406458870495,0.12645406458870495,True,0.0,380,380,700,700,48,48,True,True,True,0.0,True
xgb,baseline,3,31,0.07571455680524954,0.07571455680524954,True,0.0,0.11403979113230668,0.11403979113230668,True,0.0,1760,1760,1762,1762,120,120,True,True,True,0.0,True
xgb,baseline,3,32,0.075700583995211,0.075700583995211,True,0.0,0.11439182332084293,0.11439182332084293,True,0.0,1913,1913,2226,2226,152,152,True,True,True,0.0,True
xgb,baseline,3,33,0.0768331454729632,0.0768331454729632,True,0.0,0.11833891801072262,0.11833891801072262,True,0.0,1841,1841,1968,1968,134,134,True,True,True,0.0,True
xgb,baseline,3,34,0.0869189958847362,0.0869189958847362,True,0.0,0.11759857493711669,0.11759857493711669,True,0.0,1273,1273,1507,1507,103,103,True,True,True,0.0,True
xgb,baseline,3,35,0.0805240769711892,0.0805240769711892,True,0.0,0.11594988753587543,0.11594988753587543,True,0.0,429,429,729,729,50,50,True,True,True,0.0,True
xgb,baseline,3,36,0.0848647548289175,0.0848647548289175,True,0.0,0.12961870182115787,0.12961870182115787,True,0.0,548,548,1025,1025,70,70,True,True,True,0.0,True
xgb,baseline,3,37,0.08240397322283531,0.08240397322283531,True,0.0,0.11700107793631562,0.11700107793631562,True,0.0,1928,1928,2413,2413,164,164,True,True,True,0.0,True
xgb,baseline,3,38,0.0707548364533771,0.0707548364533771,True,0.0,0.11063930374046274,0.11063930374046274,True,0.0,1282,1282,1282,1282,88,88,True,True,True,0.0,True
xgb,baseline,3,39,0.07109835894139593,0.07109835894139593,True,0.0,0.11272803699365332,0.11272803699365332,True,0.0,546,546,565,565,39,39,True,True,True,0.0,True
xgb,baseline,3,40,0.08825425191352858,0.08825425191352858,True,0.0,0.12074678331324519,0.12074678331324519,True,0.0,629,629,630,630,43,43,True,True,True,0.0,True
xgb,baseline,3,41,0.075932856410221,0.075932856410221,True,0.0,0.11197229851865022,0.11197229851865022,True,0.0,1330,1330,1336,1336,91,91,True,True,True,0.0,True
xgb,baseline,3,42,0.10991655214888654,0.10991655214888654,True,0.0,0.12837018857602314,0.12837018857602314,True,0.0,773,773,780,780,53,53,True,True,True,0.0,True
xgb,baseline,3,43,0.0883684020852243,0.0883684020852243,True,0.0,0.12235815071360155,0.12235815071360155,True,0.0,550,550,551,551,38,38,True,True,True,0.0,True
xgb,baseline,3,44,0.09082560350841495,0.09082560350841495,True,0.0,0.12153381306380552,0.12153381306380552,True,0.0,1148,1148,1150,1150,79,79,True,True,True,0.0,True
xgb,baseline,3,45,0.06875969440431116,0.06875969440431116,True,0.0,0.11606137320099834,0.11606137320099834,True,0.0,248,248,257,257,18,18,True,True,True,0.0,True
xgb,baseline,3,46,0.07539054073921093,0.07539054073921093,True,0.0,0.11829333808842257,0.11829333808842257,True,0.0,83,83,161,161,11,11,True,True,True,0.0,True
xgb,baseline,3,47,0.12019362568006885,0.12019362568006885,True,0.0,0.14212469978175798,0.14212469978175798,True,0.0,216,216,219,219,15,15,True,True,True,0.0,True
xgb,baseline,3,48,0.08690161778329686,0.08690161778329686,True,0.0,0.12213496698030238,0.12213496698030238,True,0.0,285,285,287,287,20,20,True,True,True,0.0,True
xgb,baseline,3,49,0.06824287043714905,0.06824287043714905,True,0.0,0.11587514795683812,0.11587514795683812,True,0.0,183,183,183,183,13,13,True,True,True,0.0,True
xgb,live_feasible,0,0,0.06504549251077997,0.06504549251077997,True,0.0,0.12418630331026428,0.12418630331026428,True,0.0,540,540,1356,1356,93,93,True,True,True,0.0,True
xgb,live_feasible,0,1,0.17345155643403418,0.17345155643403418,True,0.0,0.23550598442889706,0.23550598442889706,True,0.0,1412,1412,1414,1414,97,97,True,True,True,0.0,True
xgb,live_feasible,0,2,0.09003911979366877,0.09003911979366877,True,0.0,0.14440196632580538,0.14440196632580538,True,0.0,749,749,960,960,66,66,True,True,True,0.0,True
xgb,live_feasible,0,3,0.15595192121356596,0.15595192121356596,True,0.0,0.21093477173483607,0.21093477173483607,True,0.0,2334,2334,2338,2338,159,159,True,True,True,0.0,True
xgb,live_feasible,0,4,0.09190138318995213,0.09190138318995213,True,0.0,0.12099344721767147,0.12099344721767147,True,0.0,2016,2016,2019,2019,138,138,True,True,True,0.0,True
xgb,live_feasible,0,5,0.11952931180848603,0.11952931180848603,True,0.0,0.1513100704455618,0.1513100704455618,True,0.0,203,203,204,204,14,14,True,True,True,0.0,True
xgb,live_feasible,0,6,0.11866577637277541,0.11866577637277541,True,0.0,0.19946557210114346,0.19946557210114346,True,0.0,1948,1948,1948,1948,133,133,True,True,True,0.0,True
xgb,live_feasible,0,7,0.1094440229568613,0.1094440229568613,True,0.0,0.14458009039375302,0.14458009039375302,True,0.0,1529,1529,1532,1532,105,105,True,True,True,0.0,True
xgb,live_feasible,0,8,0.10290648272550845,0.10290648272550845,True,0.0,0.1333125969706735,0.1333125969706735,True,0.0,457,457,462,462,32,32,True,True,True,0.0,True
xgb,live_feasible,0,9,0.09448727502074461,0.09448727502074461,True,0.0,0.15879062073035266,0.15879062073035266,True,0.0,1964,1964,2118,2118,144,144,True,True,True,0.0,True
xgb,live_feasible,0,10,0.21919217185539402,0.21919217185539402,True,0.0,0.3232151328343713,0.3232151328343713,True,0.0,159,159,159,159,11,11,True,True,True,0.0,True
xgb,live_feasible,0,11,0.07027219217280799,0.07027219217280799,True,0.0,0.14296326558357045,0.14296326558357045,True,0.0,251,251,724,724,50,50,True,True,True,0.0,True
xgb,live_feasible,0,12,0.06276520859468541,0.06276520859468541,True,0.0,0.13422298033098884,0.13422298033098884,True,0.0,464,464,711,711,49,49,True,True,True,0.0,True
xgb,live_feasible,0,13,0.05673621774085792,0.05673621774085792,True,0.0,0.11641580242997314,0.11641580242997314,True,0.0,254,254,406,406,28,28,True,True,True,0.0,True
xgb,live_feasible,0,14,0.11805113854957038,0.11805113854957038,True,0.0,0.13985547817912794,0.13985547817912794,True,0.0,273,273,385,385,27,27,True,True,True,0.0,True
xgb,live_feasible,0,15,0.10041947247348045,0.10041947247348045,True,0.0,0.12617453635809345,0.12617453635809345,True,0.0,401,401,415,415,29,29,True,True,True,0.0,True
xgb,live_feasible,0,16,0.12927208373107618,0.12927208373107618,True,0.0,0.17174984133096383,0.17174984133096383,True,0.0,121,121,649,649,45,45,True,True,True,0.0,True
xgb,live_feasible,0,17,0.06122520602401239,0.06122520602401239,True,0.0,0.12127730842852262,0.12127730842852262,True,0.0,251,251,294,294,20,20,True,True,True,0.0,True
xgb,live_feasible,0,18,0.06513768167751081,0.06513768167751081,True,0.0,0.1286340134806761,0.1286340134806761,True,0.0,120,120,270,270,19,19,True,True,True,0.0,True
xgb,live_feasible,0,19,0.07265698597095005,0.07265698597095005,True,0.0,0.11726051308492384,0.11726051308492384,True,0.0,168,168,322,322,22,22,True,True,True,0.0,True
xgb,live_feasible,0,20,0.06327664777206342,0.06327664777206342,True,0.0,0.11726847978546419,0.11726847978546419,True,0.0,176,176,245,245,17,17,True,True,True,0.0,True
xgb,live_feasible,0,21,0.05829292304263969,0.05829292304263969,True,0.0,0.12649064537242366,0.12649064537242366,True,0.0,401,401,572,572,39,39,True,True,True,0.0,True
xgb,live_feasible,0,22,0.09667685580566938,0.09667685580566938,True,0.0,0.13329746610135554,0.13329746610135554,True,0.0,376,376,515,515,35,35,True,True,True,0.0,True
xgb,live_feasible,0,23,0.11704051341240268,0.11704051341240268,True,0.0,0.13339888739188627,0.13339888739188627,True,0.0,159,159,322,322,22,22,True,True,True,0.0,True
xgb,live_feasible,0,24,0.06247003045780669,0.06247003045780669,True,0.0,0.12142366122392377,0.12142366122392377,True,0.0,462,462,579,579,40,40,True,True,True,0.0,True
xgb,live_feasible,0,25,0.08039873750940517,0.08039873750940517,True,0.0,0.1250533699588402,0.1250533699588402,True,0.0,596,596,898,898,61,61,True,True,True,0.0,True
xgb,live_feasible,0,26,0.07386318521525836,0.07386318521525836,True,0.0,0.11545011856654916,0.11545011856654916,True,0.0,139,139,197,197,14,14,True,True,True,0.0,True
xgb,live_feasible,0,27,0.07386461897950414,0.07386461897950414,True,0.0,0.14896716532851834,0.14896716532851834,True,0.0,188,188,331,331,23,23,True,True,True,0.0,True
xgb,live_feasible,0,28,0.13114647718943845,0.13114647718943845,True,0.0,0.15781306114817475,0.15781306114817475,True,0.0,930,930,938,938,64,64,True,True,True,0.0,True
xgb,live_feasible,0,29,0.07621684574100358,0.07621684574100358,True,0.0,0.1330046588552572,0.1330046588552572,True,0.0,92,92,263,263,18,18,True,True,True,0.0,True
xgb,live_feasible,0,30,0.22936760180405413,0.22936760180405413,True,0.0,0.3478695464205918,0.3478695464205918,True,0.0,507,507,507,507,35,35,True,True,True,0.0,True
xgb,live_feasible,0,31,0.062193362503718146,0.062193362503718146,True,0.0,0.12077233103080483,0.12077233103080483,True,0.0,304,304,518,518,36,36,True,True,True,0.0,True
xgb,live_feasible,0,32,0.06317225889079936,0.06317225889079936,True,0.0,0.12093440812395662,0.12093440812395662,True,0.0,381,381,383,383,27,27,True,True,True,0.0,True
xgb,live_feasible,0,33,0.05128823690356648,0.05128823690356648,True,0.0,0.10590075892764608,0.10590075892764608,True,0.0,549,549,552,552,38,38,True,True,True,0.0,True
xgb,live_feasible,0,34,0.05794469614922134,0.05794469614922134,True,0.0,0.1056935648952603,0.1056935648952603,True,0.0,810,810,822,822,56,56,True,True,True,0.0,True
xgb,live_feasible,0,35,0.06545547373447637,0.06545547373447637,True,0.0,0.11141925709889275,0.11141925709889275,True,0.0,1081,1081,1154,1154,79,79,True,True,True,0.0,True
xgb,live_feasible,0,36,0.08355885272406288,0.08355885272406288,True,0.0,0.11630114252447907,0.11630114252447907,True,0.0,806,806,808,808,55,55,True,True,True,0.0,True
xgb,live_feasible,0,37,0.07932895622135147,0.07932895622135147,True,0.0,0.14221246006686453,0.14221246006686453,True,0.0,1196,1196,1198,1198,82,82,True,True,True,0.0,True
xgb,live_feasible,0,38,0.08268582517988293,0.08268582517988293,True,0.0,0.14499539284926516,0.14499539284926516,True,0.0,384,384,623,623,43,43,True,True,True,0.0,True
xgb,live_feasible,0,39,0.07363939467254191,0.07363939467254191,True,0.0,0.1129551276725495,0.1129551276725495,True,0.0,1084,1084,1094,1094,75,75,True,True,True,0.0,True
xgb,live_feasible,0,40,0.0787879657947611,0.0787879657947611,True,0.0,0.10923915082496984,0.10923915082496984,True,0.0,2877,2877,2877,2877,196,196,True,True,True,0.0,True
xgb,live_feasible,0,41,0.06039642889473388,0.06039642889473388,True,0.0,0.11709134824731457,0.11709134824731457,True,0.0,413,413,563,563,39,39,True,True,True,0.0,True
xgb,live_feasible,0,42,0.05584603391165909,0.05584603391165909,True,0.0,0.11472861171908529,0.11472861171908529,True,0.0,248,248,432,432,30,30,True,True,True,0.0,True
xgb,live_feasible,0,43,0.09466623589433672,0.09466623589433672,True,0.0,0.11777340805813628,0.11777340805813628,True,0.0,269,269,445,445,31,31,True,True,True,0.0,True
xgb,live_feasible,0,44,0.05691878642387492,0.05691878642387492,True,0.0,0.11354482099215349,0.11354482099215349,True,0.0,710,710,733,733,50,50,True,True,True,0.0,True
xgb,live_feasible,0,45,0.07266903675034375,0.07266903675034375,True,0.0,0.12897062012865804,0.12897062012865804,True,0.0,760,760,771,771,53,53,True,True,True,0.0,True
xgb,live_feasible,0,46,0.07045028382759236,0.07045028382759236,True,0.0,0.13357179994818272,0.13357179994818272,True,0.0,1411,1411,1414,1414,97,97,True,True,True,0.0,True
xgb,live_feasible,0,47,0.14191503205527486,0.14191503205527486,True,0.0,0.17919530636270276,0.17919530636270276,True,0.0,1705,1705,1708,1708,117,117,True,True,True,0.0,True
xgb,live_feasible,0,48,0.12850531708008503,0.12850531708008503,True,0.0,0.20455480428869502,0.20455480428869502,True,0.0,174,174,659,659,45,45,True,True,True,0.0,True
xgb,live_feasible,0,49,0.07338541400973218,0.07338541400973218,True,0.0,0.12303218925410145,0.12303218925410145,True,0.0,858,858,858,858,59,59,True,True,True,0.0,True
xgb,live_feasible,1,0,0.05888320387497023,0.05888320387497023,True,0.0,0.11199435261072009,0.11199435261072009,True,0.0,1339,1339,1356,1356,93,93,True,True,True,0.0,True
xgb,live_feasible,1,1,0.13022942620853614,0.13022942620853614,True,0.0,0.15778880367693543,0.15778880367693543,True,0.0,263,263,263,263,18,18,True,True,True,0.0,True
xgb,live_feasible,1,2,0.1587258635389135,0.1587258635389135,True,0.0,0.2165146495750184,0.2165146495750184,True,0.0,2554,2554,2554,2554,174,174,True,True,True,0.0,True
xgb,live_feasible,1,3,0.14591116442017482,0.14591116442017482,True,0.0,0.17899401811661117,0.17899401811661117,True,0.0,350,350,350,350,24,24,True,True,True,0.0,True
xgb,live_feasible,1,4,0.08671890503678067,0.08671890503678067,True,0.0,0.13429641509896223,0.13429641509896223,True,0.0,207,207,445,445,31,31,True,True,True,0.0,True
xgb,live_feasible,1,5,0.09235857437084796,0.09235857437084796,True,0.0,0.17298494153593263,0.17298494153593263,True,0.0,317,317,788,788,54,54,True,True,True,0.0,True
xgb,live_feasible,1,6,0.14121013281156475,0.14121013281156475,True,0.0,0.19853111731113696,0.19853111731113696,True,0.0,718,718,718,718,49,49,True,True,True,0.0,True
xgb,live_feasible,1,7,0.10700470534498999,0.10700470534498999,True,0.0,0.18354348160607345,0.18354348160607345,True,0.0,367,367,592,592,41,41,True,True,True,0.0,True
xgb,live_feasible,1,8,0.12414086682518545,0.12414086682518545,True,0.0,0.15734412670424897,0.15734412670424897,True,0.0,1829,1829,1829,1829,125,125,True,True,True,0.0,True
xgb,live_feasible,1,9,0.10944450743908785,0.10944450743908785,True,0.0,0.16888674825992356,0.16888674825992356,True,0.0,467,467,468,468,32,32,True,True,True,0.0,True
xgb,live_feasible,1,10,0.2950224281700524,0.2950224281700524,True,0.0,0.46239629448515734,0.46239629448515734,True,0.0,157,157,157,157,11,11,True,True,True,0.0,True
xgb,live_feasible,1,11,0.06495266363194521,0.06495266363194521,True,0.0,0.10729278111041964,0.10729278111041964,True,0.0,1190,1190,1218,1218,83,83,True,True,True,0.0,True
xgb,live_feasible,1,12,0.06783434286901326,0.06783434286901326,True,0.0,0.11982582671476745,0.11982582671476745,True,0.0,712,712,1278,1278,87,87,True,True,True,0.0,True
xgb,live_feasible,1,13,0.07298684007538776,0.07298684007538776,True,0.0,0.12350054907690668,0.12350054907690668,True,0.0,918,918,1235,1235,84,84,True,True,True,0.0,True
xgb,live_feasible,1,14,0.1239490694904677,0.1239490694904677,True,0.0,0.1890777858338245,0.1890777858338245,True,0.0,214,214,1142,1142,78,78,True,True,True,0.0,True
xgb,live_feasible,1,15,0.06778503790694344,0.06778503790694344,True,0.0,0.12888641752998106,0.12888641752998106,True,0.0,1559,1559,2115,2115,144,144,True,True,True,0.0,True
xgb,live_feasible,1,16,0.08179318682974468,0.08179318682974468,True,0.0,0.11441155451868555,0.11441155451868555,True,0.0,1507,1507,1518,1518,104,104,True,True,True,0.0,True
xgb,live_feasible,1,17,0.08941974786674482,0.08941974786674482,True,0.0,0.13426339443406476,0.13426339443406476,True,0.0,2800,2800,2800,2800,191,191,True,True,True,0.0,True
xgb,live_feasible,1,18,0.11608721487627902,0.11608721487627902,True,0.0,0.1477665464933414,0.1477665464933414,True,0.0,949,949,950,950,65,65,True,True,True,0.0,True
xgb,live_feasible,1,19,0.09148777377880364,0.09148777377880364,True,0.0,0.16691995906215973,0.16691995906215973,True,0.0,778,778,1681,1681,115,115,True,True,True,0.0,True
xgb,live_feasible,1,20,0.06170099620126587,0.06170099620126587,True,0.0,0.11030495513279168,0.11030495513279168,True,0.0,820,820,829,829,57,57,True,True,True,0.0,True
xgb,live_feasible,1,21,0.07391708112651398,0.07391708112651398,True,0.0,0.11434709365415358,0.11434709365415358,True,0.0,934,934,937,937,64,64,True,True,True,0.0,True
xgb,live_feasible,1,22,0.07444516169136411,0.07444516169136411,True,0.0,0.10961053460063065,0.10961053460063065,True,0.0,639,639,659,659,45,45,True,True,True,0.0,True
xgb,live_feasible,1,23,0.06487191820832748,0.06487191820832748,True,0.0,0.11835333160115681,0.11835333160115681,True,0.0,696,696,960,960,66,66,True,True,True,0.0,True
xgb,live_feasible,1,24,0.059130755831598714,0.059130755831598714,True,0.0,0.10911967582665386,0.10911967582665386,True,0.0,903,903,915,915,63,63,True,True,True,0.0,True
xgb,live_feasible,1,25,0.1291500679414776,0.1291500679414776,True,0.0,0.20137032142328995,0.20137032142328995,True,0.0,156,156,525,525,36,36,True,True,True,0.0,True
xgb,live_feasible,1,26,0.12621278426991667,0.12621278426991667,True,0.0,0.15461663928262762,0.15461663928262762,True,0.0,819,819,822,822,56,56,True,True,True,0.0,True
xgb,live_feasible,1,27,0.06281804313207336,0.06281804313207336,True,0.0,0.10935077903938906,0.10935077903938906,True,0.0,304,304,310,310,22,22,True,True,True,0.0,True
xgb,live_feasible,1,28,0.07539081515176937,0.07539081515176937,True,0.0,0.11694599374557964,0.11694599374557964,True,0.0,1405,1405,1477,1477,101,101,True,True,True,0.0,True
xgb,live_feasible,1,29,0.11023143930870437,0.11023143930870437,True,0.0,0.15302282427491673,0.15302282427491673,True,0.0,202,202,205,205,14,14,True,True,True,0.0,True
xgb,live_feasible,1,30,0.10598996262039838,0.10598996262039838,True,0.0,0.1386608069341063,0.1386608069341063,True,0.0,2160,2160,2163,2163,147,147,True,True,True,0.0,True
xgb,live_feasible,1,31,0.06980532773387908,0.06980532773387908,True,0.0,0.12764764437029338,0.12764764437029338,True,0.0,133,133,313,313,22,22,True,True,True,0.0,True
xgb,live_feasible,1,32,0.07052117427768106,0.07052117427768106,True,0.0,0.11664490123622732,0.11664490123622732,True,0.0,201,201,242,242,17,17,True,True,True,0.0,True
xgb,live_feasible,1,33,0.0875127926153805,0.0875127926153805,True,0.0,0.11726598441628178,0.11726598441628178,True,0.0,257,257,360,360,25,25,True,True,True,0.0,True
xgb,live_feasible,1,34,0.05617689393485606,0.05617689393485606,True,0.0,0.10897573520261405,0.10897573520261405,True,0.0,164,164,174,174,12,12,True,True,True,0.0,True
xgb,live_feasible,1,35,0.06084419651781283,0.06084419651781283,True,0.0,0.11961358433629649,0.11961358433629649,True,0.0,125,125,194,194,14,14,True,True,True,0.0,True
xgb,live_feasible,1,36,0.07592907043445707,0.07592907043445707,True,0.0,0.12147743101396327,0.12147743101396327,True,0.0,107,107,151,151,11,11,True,True,True,0.0,True
xgb,live_feasible,1,37,0.14592334652790176,0.14592334652790176,True,0.0,0.18036350848234772,0.18036350848234772,True,0.0,187,187,190,190,13,13,True,True,True,0.0,True
xgb,live_feasible,1,38,0.26157465733253554,0.26157465733253554,True,0.0,0.3974956595532744,0.3974956595532744,True,0.0,217,217,217,217,15,15,True,True,True,0.0,True
xgb,live_feasible,1,39,0.08984173063252543,0.08984173063252543,True,0.0,0.1215651822348573,0.1215651822348573,True,0.0,394,394,394,394,27,27,True,True,True,0.0,True
xgb,live_feasible,1,40,0.0814173455548616,0.0814173455548616,True,0.0,0.14447152363026372,0.14447152363026372,True,0.0,77,77,176,176,12,12,True,True,True,0.0,True
xgb,live_feasible,1,41,0.06485333362225246,0.06485333362225246,True,0.0,0.1165510253435851,0.1165510253435851,True,0.0,656,656,658,658,45,45,True,True,True,0.0,True
xgb,live_feasible,1,42,0.0660169067739374,0.0660169067739374,True,0.0,0.12386965690871214,0.12386965690871214,True,0.0,79,79,263,263,18,18,True,True,True,0.0,True
xgb,live_feasible,1,43,0.06689385934668537,0.06689385934668537,True,0.0,0.1165016190572535,0.1165016190572535,True,0.0,170,170,268,268,19,19,True,True,True,0.0,True
xgb,live_feasible,1,44,0.08201492947030478,0.08201492947030478,True,0.0,0.12762047705984636,0.12762047705984636,True,0.0,565,565,1084,1084,74,74,True,True,True,0.0,True
xgb,live_feasible,1,45,0.06371539773705624,0.06371539773705624,True,0.0,0.11492750493206848,0.11492750493206848,True,0.0,808,808,808,808,55,55,True,True,True,0.0,True
xgb,live_feasible,1,46,0.07922117867488863,0.07922117867488863,True,0.0,0.14172595041176939,0.14172595041176939,True,0.0,446,446,507,507,35,35,True,True,True,0.0,True
xgb,live_feasible,1,47,0.12005899608470431,0.12005899608470431,True,0.0,0.20507097234293992,0.20507097234293992,True,0.0,1434,1434,1442,1442,98,98,True,True,True,0.0,True
xgb,live_feasible,1,48,0.08286219699328856,0.08286219699328856,True,0.0,0.14526300548474927,0.14526300548474927,True,0.0,44,44,170,170,12,12,True,True,True,0.0,True
xgb,live_feasible,1,49,0.1713097861943887,0.1713097861943887,True,0.0,0.2214662909557629,0.2214662909557629,True,0.0,1845,1845,1845,1845,126,126,True,True,True,0.0,True
rf,baseline,0,0,0.08972748021494854,0.08972748021494854,True,0.0,0.12940557283866058,0.12940557283866058,True,0.0,100,100,-1,-1,-1,-1,True,True,True,0.0,True
rf,baseline,0,1,0.1814149901480602,0.1814149901480602,True,0.0,0.24311611694357446,0.24311611694357446,True,0.0,100,100,-1,-1,-1,-1,True,True,True,0.0,True
rf,baseline,0,2,0.10513638481749914,0.10513638481749914,True,0.0,0.13522677417813156,0.13522677417813156,True,0.0,100,100,-1,-1,-1,-1,True,True,True,0.0,True
rf,baseline,0,3,0.09319007416025367,0.09319007416025367,True,0.0,0.12849008694433114,0.12849008694433114,True,0.0,100,100,-1,-1,-1,-1,True,True,True,0.0,True
rf,baseline,0,4,0.2073923197851179,0.2073923197851179,True,0.0,0.3061967339218763,0.3061967339218763,True,0.0,100,100,-1,-1,-1,-1,True,True,True,0.0,True
rf,baseline,0,5,0.10554036130711666,0.10554036130711666,True,0.0,0.13427519753416806,0.13427519753416806,True,0.0,100,100,-1,-1,-1,-1,True,True,True,0.0,True
rf,baseline,0,6,0.07190420460188753,0.07190420460188753,True,0.0,0.12379725722573313,0.12379725722573313,True,0.0,100,100,-1,-1,-1,-1,True,True,True,0.0,True
rf,baseline,0,7,0.09212525398000997,0.09212525398000997,True,0.0,0.13047815691790873,0.13047815691790873,True,0.0,100,100,-1,-1,-1,-1,True,True,True,0.0,True
rf,baseline,0,8,0.10554036130711666,0.10554036130711666,True,0.0,0.13427519753416806,0.13427519753416806,True,0.0,100,100,-1,-1,-1,-1,True,True,True,0.0,True
rf,baseline,0,9,0.06626787334180972,0.06626787334180972,True,0.0,0.11273296551814628,0.11273296551814628,True,0.0,100,100,-1,-1,-1,-1,True,True,True,0.0,True
rf,baseline,0,10,0.2563438319836402,0.2563438319836402,True,0.0,0.40211974040561793,0.40211974040561793,True,0.0,100,100,-1,-1,-1,-1,True,True,True,0.0,True
rf,baseline,0,11,0.0927986729572561,0.0927986729572561,True,0.0,0.13509558038103772,0.13509558038103772,True,0.0,100,100,-1,-1,-1,-1,True,True,True,0.0,True
rf,baseline,0,12,0.08491034160985579,0.08491034160985579,True,0.0,0.13065555048674113,0.13065555048674113,True,0.0,100,100,-1,-1,-1,-1,True,True,True,0.0,True
rf,baseline,0,13,0.08491034160985579,0.08491034160985579,True,0.0,0.13065555048674113,0.13065555048674113,True,0.0,100,100,-1,-1,-1,-1,True,True,True,0.0,True
rf,baseline,0,14,0.12997279163226683,0.12997279163226683,True,0.0,0.15845295526363393,0.15845295526363393,True,0.0,100,100,-1,-1,-1,-1,True,True,True,0.0,True
rf,baseline,0,15,0.07973876130056277,0.07973876130056277,True,0.0,0.12095488413899418,0.12095488413899418,True,0.0,100,100,-1,-1,-1,-1,True,True,True,0.0,True
rf,baseline,0,16,0.09711005676458993,0.09711005676458993,True,0.0,0.16365948856176968,0.16365948856176968,True,0.0,100,100,-1,-1,-1,-1,True,True,True,0.0,True
rf,baseline,0,17,0.10365323601767339,0.10365323601767339,True,0.0,0.14320765213637773,0.14320765213637773,True,0.0,100,100,-1,-1,-1,-1,True,True,True,0.0,True
rf,baseline,0,18,0.07780003990215589,0.07780003990215589,True,0.0,0.11971194574839523,0.11971194574839523,True,0.0,100,100,-1,-1,-1,-1,True,True,True,0.0,True
rf,baseline,0,19,0.14634909836260443,0.14634909836260443,True,0.0,0.17902444447267216,0.17902444447267216,True,0.0,100,100,-1,-1,-1,-1,True,True,True,0.0,True
rf,baseline,0,20,0.09606374884523429,0.09606374884523429,True,0.0,0.12791518938935592,0.12791518938935592,True,0.0,100,100,-1,-1,-1,-1,True,True,True,0.0,True
rf,baseline,0,21,0.07780003990215589,0.07780003990215589,True,0.0,0.11971194574839523,0.11971194574839523,True,0.0,100,100,-1,-1,-1,-1,True,True,True,0.0,True
rf,baseline,0,22,0.07780003990215589,0.07780003990215589,True,0.0,0.11971194574839523,0.11971194574839523,True,0.0,100,100,-1,-1,-1,-1,True,True,True,0.0,True
rf,baseline,0,23,0.0708095383337488,0.0708095383337488,True,0.0,0.11816290624884417,0.11816290624884417,True,0.0,100,100,-1,-1,-1,-1,True,True,True,0.0,True
rf,baseline,0,24,0.07662145473258096,0.07662145473258096,True,0.0,0.11962351234902216,0.11962351234902216,True,0.0,100,100,-1,-1,-1,-1,True,True,True,0.0,True
rf,baseline,0,25,0.09393845463694081,0.09393845463694081,True,0.0,0.12763130234953263,0.12763130234953263,True,0.0,100,100,-1,-1,-1,-1,True,True,True,0.0,True
rf,baseline,0,26,0.09047575418100079,0.09047575418100079,True,0.0,0.13104091384262415,0.13104091384262415,True,0.0,100,100,-1,-1,-1,-1,True,True,True,0.0,True
rf,baseline,0,27,0.12715456825556773,0.12715456825556773,True,0.0,0.1868694573514737,0.1868694573514737,True,0.0,100,100,-1,-1,-1,-1,True,True,True,0.0,True
rf,baseline,0,28,0.10521943569349608,0.10521943569349608,True,0.0,0.16239549902473166,0.16239549902473166,True,0.0,100,100,-1,-1,-1,-1,True,True,True,0.0,True
rf,baseline,0,29,0.09645211739968186,0.09645211739968186,True,0.0,0.13282566108557045,0.13282566108557045,True,0.0,100,100,-1,-1,-1,-1,True,True,True,0.0,True
rf,baseline,0,30,0.09141098529757094,0.09141098529757094,True,0.0,0.12675933496460848,0.12675933496460848,True,0.0,100,100,-1,-1,-1,-1,True,True,True,0.0,True
rf,baseline,0,31,0.07552906530203737,0.07552906530203737,True,0.0,0.11722926215806963,0.11722926215806963,True,0.0,100,100,-1,-1,-1,-1,True,True,True,0.0,True
rf,baseline,0,32,0.07552906530203737,0.07552906530203737,True,0.0,0.11722926215806963,0.11722926215806963,True,0.0,100,100,-1,-1,-1,-1,True,True,True,0.0,True
rf,baseline,0,33,0.07425047039296212,0.07425047039296212,True,0.0,0.11689635360633145,0.11689635360633145,True,0.0,100,100,-1,-1,-1,-1,True,True,True,0.0,True
rf,baseline,0,34,0.09852696374369138,0.09852696374369138,True,0.0,0.13003288606597582,0.13003288606597582,True,0.0,100,100,-1,-1,-1,-1,True,True,True,0.0,True
rf,baseline,0,35,0.19977993752225684,0.19977993752225684,True,0.0,0.2793034868016448,0.2793034868016448,True,0.0,100,100,-1,-1,-1,-1,True,True,True,0.0,True
rf,baseline,0,36,0.09871448174931745,0.09871448174931745,True,0.0,0.1294717194453014,0.1294717194453014,True,0.0,100,100,-1,-1,-1,-1,True,True,True,0.0,True
rf,baseline,0,37,0.08119277178147104,0.08119277178147104,True,0.0,0.12299048816928398,0.12299048816928398,True,0.0,100,100,-1,-1,-1,-1,True,True,True,0.0,True
rf,baseline,0,38,0.0972244384646786,0.0972244384646786,True,0.0,0.12624135329620226,0.12624135329620226,True,0.0,100,100,-1,-1,-1,-1,True,True,True,0.0,True
rf,baseline,0,39,0.10867344035805315,0.10867344035805315,True,0.0,0.16276504156752064,0.16276504156752064,True,0.0,100,100,-1,-1,-1,-1,True,True,True,0.0,True
rf,baseline,0,40,0.10197392742065348,0.10197392742065348,True,0.0,0.14874025375137212,0.14874025375137212,True,0.0,100,100,-1,-1,-1,-1,True,True,True,0.0,True
rf,baseline,0,41,0.07552906530203737,0.07552906530203737,True,0.0,0.11722926215806963,0.11722926215806963,True,0.0,100,100,-1,-1,-1,-1,True,True,True,0.0,True
rf,baseline,0,42,0.07456413539705387,0.07456413539705387,True,0.0,0.11696465078904841,0.11696465078904841,True,0.0,100,100,-1,-1,-1,-1,True,True,True,0.0,True
rf,baseline,0,43,0.07456413539705387,0.07456413539705387,True,0.0,0.11696465078904841,0.11696465078904841,True,0.0,100,100,-1,-1,-1,-1,True,True,True,0.0,True
rf,baseline,0,44,0.09384751285432276,0.09384751285432276,True,0.0,0.1303397066654404,0.1303397066654404,True,0.0,100,100,-1,-1,-1,-1,True,True,True,0.0,True
rf,baseline,0,45,0.09981233322256468,0.09981233322256468,True,0.0,0.12882406847216504,0.12882406847216504,True,0.0,100,100,-1,-1,-1,-1,True,True,True,0.0,True
rf,baseline,0,46,0.1383083117480288,0.1383083117480288,True,0.0,0.2048927582619888,0.2048927582619888,True,0.0,100,100,-1,-1,-1,-1,True,True,True,0.0,True
rf,baseline,0,47,0.08119277178147104,0.08119277178147104,True,0.0,0.12299048816928398,0.12299048816928398,True,0.0,100,100,-1,-1,-1,-1,True,True,True,0.0,True
rf,baseline,0,48,0.08274691515266581,0.08274691515266581,True,0.0,0.12632550231741818,0.12632550231741818,True,0.0,100,100,-1,-1,-1,-1,True,True,True,0.0,True
rf,baseline,0,49,0.09508878135363147,0.09508878135363147,True,0.0,0.12746697254615597,0.12746697254615597,True,0.0,100,100,-1,-1,-1,-1,True,True,True,0.0,True
rf,baseline,1,0,0.10495268101039947,0.10495268101039947,True,0.0,0.13725389170748353,0.13725389170748353,True,0.0,100,100,-1,-1,-1,-1,True,True,True,0.0,True
rf,baseline,1,1,0.2093344984945093,0.2093344984945093,True,0.0,0.2935520922921339,0.2935520922921339,True,0.0,100,100,-1,-1,-1,-1,True,True,True,0.0,True
rf,baseline,1,2,0.10711663638110062,0.10711663638110062,True,0.0,0.13812903307413357,0.13812903307413357,True,0.0,100,100,-1,-1,-1,-1,True,True,True,0.0,True
rf,baseline,1,3,0.14241591107664875,0.14241591107664875,True,0.0,0.16893087481440452,0.16893087481440452,True,0.0,100,100,-1,-1,-1,-1,True,True,True,0.0,True
rf,baseline,1,4,0.1045418323905901,0.1045418323905901,True,0.0,0.1367649568389972,0.1367649568389972,True,0.0,100,100,-1,-1,-1,-1,True,True,True,0.0,True
rf,baseline,1,5,0.10650926169369172,0.10650926169369172,True,0.0,0.13475969052185963,0.13475969052185963,True,0.0,100,100,-1,-1,-1,-1,True,True,True,0.0,True
rf,baseline,1,6,0.11534360433943178,0.11534360433943178,True,0.0,0.14185753379565957,0.14185753379565957,True,0.0,100,100,-1,-1,-1,-1,True,True,True,0.0,True
rf,baseline,1,7,0.13266302384621906,0.13266302384621906,True,0.0,0.1591868857528555,0.1591868857528555,True,0.0,100,100,-1,-1,-1,-1,True,True,True,0.0,True
rf,baseline,1,8,0.09591923746580522,0.09591923746580522,True,0.0,0.1272703478616937,0.1272703478616937,True,0.0,100,100,-1,-1,-1,-1,True,True,True,0.0,True
rf,baseline,1,9,0.23189082091608482,0.23189082091608482,True,0.0,0.33855969500055905,0.33855969500055905,True,0.0,100,100,-1,-1,-1,-1,True,True,True,0.0,True
rf,baseline,1,10,0.14732872125198274,0.14732872125198274,True,0.0,0.21119363936684474,0.21119363936684474,True,0.0,100,100,-1,-1,-1,-1,True,True,True,0.0,True
rf,baseline,1,11,0.09223706947429682,0.09223706947429682,True,0.0,0.12572937728548217,0.12572937728548217,True,0.0,100,100,-1,-1,-1,-1,True,True,True,0.0,True
rf,baseline,1,12,0.09926827698531462,0.09926827698531462,True,0.0,0.13236085591150207,0.13236085591150207,True,0.0,100,100,-1,-1,-1,-1,True,True,True,0.0,True
rf,baseline,1,13,0.10293893657675093,0.10293893657675093,True,0.0,0.14592515514240878,0.14592515514240878,True,0.0,100,100,-1,-1,-1,-1,True,True,True,0.0,True
rf,baseline,1,14,0.17259778516029092,0.17259778516029092,True,0.0,0.23733359089445338,0.23733359089445338,True,0.0,100,100,-1,-1,-1,-1,True,True,True,0.0,True
rf,baseline,1,15,0.08676786383975635,0.08676786383975635,True,0.0,0.12367607648200236,0.12367607648200236,True,0.0,100,100,-1,-1,-1,-1,True,True,True,0.0,True
rf,baseline,1,16,0.11653990352235848,0.11653990352235848,True,0.0,0.1761824753134339,0.1761824753134339,True,0.0,100,100,-1,-1,-1,-1,True,True,True,0.0,True
rf,baseline,1,17,0.108691425306284,0.108691425306284,True,0.0,0.14484832525141692,0.14484832525141692,True,0.0,100,100,-1,-1,-1,-1,True,True,True,0.0,True
rf,baseline,1,18,0.08010693590333834,0.08010693590333834,True,0.0,0.12466687258896371,0.12466687258896371,True,0.0,100,100,-1,-1,-1,-1,True,True,True,0.0,True
rf,baseline,1,19,0.0752751405252879,0.0752751405252879,True,0.0,0.11828309895230447,0.11828309895230447,True,0.0,100,100,-1,-1,-1,-1,True,True,True,0.0,True
rf,baseline,1,20,0.07841060080477454,0.07841060080477454,True,0.0,0.12268402284960706,0.12268402284960706,True,0.0,100,100,-1,-1,-1,-1,True,True,True,0.0,True
rf,baseline,1,21,0.07841060080477454,0.07841060080477454,True,0.0,0.12268402284960706,0.12268402284960706,True,0.0,100,100,-1,-1,-1,-1,True,True,True,0.0,True
rf,baseline,1,22,0.07841060080477454,0.07841060080477454,True,0.0,0.12268402284960706,0.12268402284960706,True,0.0,100,100,-1,-1,-1,-1,True,True,True,0.0,True
rf,baseline,1,23,0.10801144362357003,0.10801144362357003,True,0.0,0.141345808027433,0.141345808027433,True,0.0,100,100,-1,-1,-1,-1,True,True,True,0.0,True
rf,baseline,1,24,0.07383109275013675,0.07383109275013675,True,0.0,0.11975962450875823,0.11975962450875823,True,0.0,100,100,-1,-1,-1,-1,True,True,True,0.0,True
rf,baseline,1,25,0.09581048824371845,0.09581048824371845,True,0.0,0.12734557146810807,0.12734557146810807,True,0.0,100,100,-1,-1,-1,-1,True,True,True,0.0,True
rf,baseline,1,26,0.10650926169369172,0.10650926169369172,True,0.0,0.13475969052185963,0.13475969052185963,True,0.0,100,100,-1,-1,-1,-1,True,True,True,0.0,True
rf,baseline,1,27,0.07383109275013675,0.07383109275013675,True,0.0,0.11975962450875823,0.11975962450875823,True,0.0,100,100,-1,-1,-1,-1,True,True,True,0.0,True
rf,baseline,1,28,0.12443392251962457,0.12443392251962457,True,0.0,0.1502912922157218,0.1502912922157218,True,0.0,100,100,-1,-1,-1,-1,True,True,True,0.0,True
rf,baseline,1,29,0.10509326783714577,0.10509326783714577,True,0.0,0.13482314072037196,0.13482314072037196,True,0.0,100,100,-1,-1,-1,-1,True,True,True,0.0,True
rf,baseline,1,30,0.09827181440455646,0.09827181440455646,True,0.0,0.1292059100807327,0.1292059100807327,True,0.0,100,100,-1,-1,-1,-1,True,True,True,0.0,True
rf,baseline,1,31,0.0752751405252879,0.0752751405252879,True,0.0,0.11828309895230447,0.11828309895230447,True,0.0,100,100,-1,-1,-1,-1,True,True,True,0.0,True
rf,baseline,1,32,0.08518383036295757,0.08518383036295757,True,0.0,0.12217145930912492,0.12217145930912492,True,0.0,100,100,-1,-1,-1,-1,True,True,True,0.0,True
rf,baseline,1,33,0.10837446140176428,0.10837446140176428,True,0.0,0.13823478595273744,0.13823478595273744,True,0.0,100,100,-1,-1,-1,-1,True,True,True,0.0,True
rf,baseline,1,34,0.07642663762536442,0.07642663762536442,True,0.0,0.11870154121286032,0.11870154121286032,True,0.0,100,100,-1,-1,-1,-1,True,True,True,0.0,True
rf,baseline,1,35,0.10509326783714577,0.10509326783714577,True,0.0,0.13482314072037196,0.13482314072037196,True,0.0,100,100,-1,-1,-1,-1,True,True,True,0.0,True
rf,baseline,1,36,0.08400269316968051,0.08400269316968051,True,0.0,0.12168069884679653,0.12168069884679653,True,0.0,100,100,-1,-1,-1,-1,True,True,True,0.0,True
rf,baseline,1,37,0.10824867341445618,0.10824867341445618,True,0.0,0.13641642532918058,0.13641642532918058,True,0.0,100,100,-1,-1,-1,-1,True,True,True,0.0,True
rf,baseline,1,38,0.16993837925219785,0.16993837925219785,True,0.0,0.20799312395735434,0.20799312395735434,True,0.0,100,100,-1,-1,-1,-1,True,True,True,0.0,True
rf,baseline,1,39,0.10823422669301602,0.10823422669301602,True,0.0,0.14230416858694916,0.14230416858694916,True,0.0,100,100,-1,-1,-1,-1,True,True,True,0.0,True
rf,baseline,1,40,0.11866117965889225,0.11866117965889225,True,0.0,0.17587748712666412,0.17587748712666412,True,0.0,100,100,-1,-1,-1,-1,True,True,True,0.0,True
rf,baseline,1,41,0.07642663762536442,0.07642663762536442,True,0.0,0.11870154121286032,0.11870154121286032,True,0.0,100,100,-1,-1,-1,-1,True,True,True,0.0,True
rf,baseline,1,42,0.07646486460370189,0.07646486460370189,True,0.0,0.12044288857671376,0.12044288857671376,True,0.0,100,100,-1,-1,-1,-1,True,True,True,0.0,True
rf,baseline,1,43,0.10509326783714577,0.10509326783714577,True,0.0,0.13482314072037196,0.13482314072037196,True,0.0,100,100,-1,-1,-1,-1,True,True,True,0.0,True
rf,baseline,1,44,0.09015540161523054,0.09015540161523054,True,0.0,0.12785310022805627,0.12785310022805627,True,0.0,100,100,-1,-1,-1,-1,True,True,True,0.0,True
rf,baseline,1,45,0.08011652075946298,0.08011652075946298,True,0.0,0.12429831683992769,0.12429831683992769,True,0.0,100,100,-1,-1,-1,-1,True,True,True,0.0,True
rf,baseline,1,46,0.09369762309476934,0.09369762309476934,True,0.0,0.12647153197150604,0.12647153197150604,True,0.0,100,100,-1,-1,-1,-1,True,True,True,0.0,True
rf,baseline,1,47,0.08833117413989712,0.08833117413989712,True,0.0,0.12281532332093462,0.12281532332093462,True,0.0,100,100,-1,-1,-1,-1,True,True,True,0.0,True
rf,baseline,1,48,0.09683254562841348,0.09683254562841348,True,0.0,0.12796146716151924,0.12796146716151924,True,0.0,100,100,-1,-1,-1,-1,True,True,True,0.0,True
rf,baseline,1,49,0.10650926169369172,0.10650926169369172,True,0.0,0.13475969052185963,0.13475969052185963,True,0.0,100,100,-1,-1,-1,-1,True,True,True,0.0,True
rf,baseline,2,0,0.09814429422669332,0.09814429422669332,True,0.0,0.134773013420283,0.134773013420283,True,0.0,100,100,-1,-1,-1,-1,True,True,True,0.0,True
rf,baseline,2,1,0.19404077813403423,0.19404077813403423,True,0.0,0.25045086255127136,0.25045086255127136,True,0.0,100,100,-1,-1,-1,-1,True,True,True,0.0,True
rf,baseline,2,2,0.09641165372479978,0.09641165372479978,True,0.0,0.13154303337977413,0.13154303337977413,True,0.0,100,100,-1,-1,-1,-1,True,True,True,0.0,True
rf,baseline,2,3,0.1356985734806702,0.1356985734806702,True,0.0,0.16532370985199982,0.16532370985199982,True,0.0,100,100,-1,-1,-1,-1,True,True,True,0.0,True
rf,baseline,2,4,0.10911557476929554,0.10911557476929554,True,0.0,0.1377627612658401,0.1377627612658401,True,0.0,100,100,-1,-1,-1,-1,True,True,True,0.0,True
rf,baseline,2,5,0.0985869860647269,0.0985869860647269,True,0.0,0.1345282020082481,0.1345282020082481,True,0.0,100,100,-1,-1,-1,-1,True,True,True,0.0,True
rf,baseline,2,6,0.10025993263911627,0.10025993263911627,True,0.0,0.13285948661241984,0.13285948661241984,True,0.0,100,100,-1,-1,-1,-1,True,True,True,0.0,True
rf,baseline,2,7,0.09482387526195993,0.09482387526195993,True,0.0,0.1372171701539952,0.1372171701539952,True,0.0,100,100,-1,-1,-1,-1,True,True,True,0.0,True
rf,baseline,2,8,0.13890942476401946,0.13890942476401946,True,0.0,0.16525083114860473,0.16525083114860473,True,0.0,100,100,-1,-1,-1,-1,True,True,True,0.0,True
rf,baseline,2,9,0.08423461025871722,0.08423461025871722,True,0.0,0.12986010991269853,0.12986010991269853,True,0.0,100,100,-1,-1,-1,-1,True,True,True,0.0,True
rf,baseline,2,10,0.2930547102405373,0.2930547102405373,True,0.0,0.45648865458712257,0.45648865458712257,True,0.0,100,100,-1,-1,-1,-1,True,True,True,0.0,True
rf,baseline,2,11,0.09442299840900516,0.09442299840900516,True,0.0,0.13452213812824573,0.13452213812824573,True,0.0,100,100,-1,-1,-1,-1,True,True,True,0.0,True
rf,baseline,2,12,0.08962257631348537,0.08962257631348537,True,0.0,0.12929197213678761,0.12929197213678761,True,0.0,100,100,-1,-1,-1,-1,True,True,True,0.0,True
rf,baseline,2,13,0.08423461025871722,0.08423461025871722,True,0.0,0.12986010991269853,0.12986010991269853,True,0.0,100,100,-1,-1,-1,-1,True,True,True,0.0,True
rf,baseline,2,14,0.08423461025871722,0.08423461025871722,True,0.0,0.12986010991269853,0.12986010991269853,True,0.0,100,100,-1,-1,-1,-1,True,True,True,0.0,True
rf,baseline,2,15,0.12428224698893094,0.12428224698893094,True,0.0,0.17818671840656355,0.17818671840656355,True,0.0,100,100,-1,-1,-1,-1,True,True,True,0.0,True
rf,baseline,2,16,0.08072395700007878,0.08072395700007878,True,0.0,0.12327130303213724,0.12327130303213724,True,0.0,100,100,-1,-1,-1,-1,True,True,True,0.0,True
rf,baseline,2,17,0.10698330676659677,0.10698330676659677,True,0.0,0.13596363513039475,0.13596363513039475,True,0.0,100,100,-1,-1,-1,-1,True,True,True,0.0,True
rf,baseline,2,18,0.10095496720009929,0.10095496720009929,True,0.0,0.14640944452597449,0.14640944452597449,True,0.0,100,100,-1,-1,-1,-1,True,True,True,0.0,True
rf,baseline,2,19,0.08762370246930823,0.08762370246930823,True,0.0,0.12777242124587376,0.12777242124587376,True,0.0,100,100,-1,-1,-1,-1,True,True,True,0.0,True
rf,baseline,2,20,0.12169078659129645,0.12169078659129645,True,0.0,0.1805155402274438,0.1805155402274438,True,0.0,100,100,-1,-1,-1,-1,True,True,True,0.0,True
rf,baseline,2,21,0.0821183399089042,0.0821183399089042,True,0.0,0.12703805550468528,0.12703805550468528,True,0.0,100,100,-1,-1,-1,-1,True,True,True,0.0,True
rf,baseline,2,22,0.0821183399089042,0.0821183399089042,True,0.0,0.12703805550468528,0.12703805550468528,True,0.0,100,100,-1,-1,-1,-1,True,True,True,0.0,True
rf,baseline,2,23,0.09554450924310097,0.09554450924310097,True,0.0,0.13110312944952848,0.13110312944952848,True,0.0,100,100,-1,-1,-1,-1,True,True,True,0.0,True
rf,baseline,2,24,0.0838361947302099,0.0838361947302099,True,0.0,0.12519354269418093,0.12519354269418093,True,0.0,100,100,-1,-1,-1,-1,True,True,True,0.0,True
rf,baseline,2,25,0.10480920947128275,0.10480920947128275,True,0.0,0.1351008156776137,0.1351008156776137,True,0.0,100,100,-1,-1,-1,-1,True,True,True,0.0,True
rf,baseline,2,26,0.1244621843194203,0.1244621843194203,True,0.0,0.15081007886275774,0.15081007886275774,True,0.0,100,100,-1,-1,-1,-1,True,True,True,0.0,True
rf,baseline,2,27,0.09912029493211992,0.09912029493211992,True,0.0,0.1309241197190228,0.1309241197190228,True,0.0,100,100,-1,-1,-1,-1,True,True,True,0.0,True
rf,baseline,2,28,0.10572943746023664,0.10572943746023664,True,0.0,0.1700063880024554,0.1700063880024554,True,0.0,100,100,-1,-1,-1,-1,True,True,True,0.0,True
rf,baseline,2,29,0.15062453005335155,0.15062453005335155,True,0.0,0.2133031088142751,0.2133031088142751,True,0.0,100,100,-1,-1,-1,-1,True,True,True,0.0,True
rf,baseline,2,30,0.1526914161828877,0.1526914161828877,True,0.0,0.1819481053760968,0.1819481053760968,True,0.0,100,100,-1,-1,-1,-1,True,True,True,0.0,True
rf,baseline,2,31,0.09119416909493933,0.09119416909493933,True,0.0,0.12872342061839967,0.12872342061839967,True,0.0,100,100,-1,-1,-1,-1,True,True,True,0.0,True
rf,baseline,2,32,0.0838361947302099,0.0838361947302099,True,0.0,0.12519354269418093,0.12519354269418093,True,0.0,100,100,-1,-1,-1,-1,True,True,True,0.0,True
rf,baseline,2,33,0.08550173557998952,0.08550173557998952,True,0.0,0.1217401788606566,0.1217401788606566,True,0.0,100,100,-1,-1,-1,-1,True,True,True,0.0,True
rf,baseline,2,34,0.09741755591238223,0.09741755591238223,True,0.0,0.13424554400730562,0.13424554400730562,True,0.0,100,100,-1,-1,-1,-1,True,True,True,0.0,True
rf,baseline,2,35,0.0997672256265384,0.0997672256265384,True,0.0,0.13115243605539026,0.13115243605539026,True,0.0,100,100,-1,-1,-1,-1,True,True,True,0.0,True
rf,baseline,2,36,0.07655305089575393,0.07655305089575393,True,0.0,0.12305652068067525,0.12305652068067525,True,0.0,100,100,-1,-1,-1,-1,True,True,True,0.0,True
rf,baseline,2,37,0.09346463016222203,0.09346463016222203,True,0.0,0.12508305394823385,0.12508305394823385,True,0.0,100,100,-1,-1,-1,-1,True,True,True,0.0,True
rf,baseline,2,38,0.07069944754754337,0.07069944754754337,True,0.0,0.11695451210036541,0.11695451210036541,True,0.0,100,100,-1,-1,-1,-1,True,True,True,0.0,True
rf,baseline,2,39,0.0983794922842788,0.0983794922842788,True,0.0,0.13085177222447153,0.13085177222447153,True,0.0,100,100,-1,-1,-1,-1,True,True,True,0.0,True
rf,baseline,2,40,0.1813081830832904,0.1813081830832904,True,0.0,0.23543555347982648,0.23543555347982648,True,0.0,100,100,-1,-1,-1,-1,True,True,True,0.0,True
rf,baseline,2,41,0.07655305089575393,0.07655305089575393,True,0.0,0.12305652068067525,0.12305652068067525,True,0.0,100,100,-1,-1,-1,-1,True,True,True,0.0,True
rf,baseline,2,42,0.08529100274164357,0.08529100274164357,True,0.0,0.12299228443277471,0.12299228443277471,True,0.0,100,100,-1,-1,-1,-1,True,True,True,0.0,True
rf,baseline,2,43,0.09183524867210492,0.09183524867210492,True,0.0,0.12630137482474152,0.12630137482474152,True,0.0,100,100,-1,-1,-1,-1,True,True,True,0.0,True
rf,baseline,2,44,0.09744334751604435,0.09744334751604435,True,0.0,0.13068585879292655,0.13068585879292655,True,0.0,100,100,-1,-1,-1,-1,True,True,True,0.0,True
rf,baseline,2,45,0.09478864289812544,0.09478864289812544,True,0.0,0.13130319586347014,0.13130319586347014,True,0.0,100,100,-1,-1,-1,-1,True,True,True,0.0,True
rf,baseline,2,46,0.0811254383181114,0.0811254383181114,True,0.0,0.12197768408464774,0.12197768408464774,True,0.0,100,100,-1,-1,-1,-1,True,True,True,0.0,True
rf,baseline,2,47,0.08983341304573482,0.08983341304573482,True,0.0,0.1257587908321858,0.1257587908321858,True,0.0,100,100,-1,-1,-1,-1,True,True,True,0.0,True
rf,baseline,2,48,0.09236768151735224,0.09236768151735224,True,0.0,0.12577930883994962,0.12577930883994962,True,0.0,100,100,-1,-1,-1,-1,True,True,True,0.0,True
rf,baseline,2,49,0.0811254383181114,0.0811254383181114,True,0.0,0.12197768408464774,0.12197768408464774,True,0.0,100,100,-1,-1,-1,-1,True,True,True,0.0,True
rf,baseline,3,0,0.10716147852289035,0.10716147852289035,True,0.0,0.1401337689670542,0.1401337689670542,True,0.0,100,100,-1,-1,-1,-1,True,True,True,0.0,True
rf,baseline,3,1,0.08919818595365991,0.08919818595365991,True,0.0,0.1335332571390114,0.1335332571390114,True,0.0,100,100,-1,-1,-1,-1,True,True,True,0.0,True
rf,baseline,3,2,0.09131608536513425,0.09131608536513425,True,0.0,0.12766890619998292,0.12766890619998292,True,0.0,100,100,-1,-1,-1,-1,True,True,True,0.0,True
rf,baseline,3,3,0.11942669401514262,0.11942669401514262,True,0.0,0.1440553031415097,0.1440553031415097,True,0.0,100,100,-1,-1,-1,-1,True,True,True,0.0,True
rf,baseline,3,4,0.10454958623166359,0.10454958623166359,True,0.0,0.1360769504135385,0.1360769504135385,True,0.0,100,100,-1,-1,-1,-1,True,True,True,0.0,True
rf,baseline,3,5,0.0906848330801158,0.0906848330801158,True,0.0,0.12477961102261713,0.12477961102261713,True,0.0,100,100,-1,-1,-1,-1,True,True,True,0.0,True
rf,baseline,3,6,0.135796277062944,0.135796277062944,True,0.0,0.18922975120837865,0.18922975120837865,True,0.0,100,100,-1,-1,-1,-1,True,True,True,0.0,True
rf,baseline,3,7,0.09112187223280858,0.09112187223280858,True,0.0,0.12734775606972634,0.12734775606972634,True,0.0,100,100,-1,-1,-1,-1,True,True,True,0.0,True
rf,baseline,3,8,0.14936893907020196,0.14936893907020196,True,0.0,0.1786186386532955,0.1786186386532955,True,0.0,100,100,-1,-1,-1,-1,True,True,True,0.0,True
rf,baseline,3,9,0.0906848330801158,0.0906848330801158,True,0.0,0.12477961102261713,0.12477961102261713,True,0.0,100,100,-1,-1,-1,-1,True,True,True,0.0,True
rf,baseline,3,10,0.2550614585430164,0.2550614585430164,True,0.0,0.3798871176274407,0.3798871176274407,True,0.0,100,100,-1,-1,-1,-1,True,True,True,0.0,True
rf,baseline,3,11,0.08311725385997937,0.08311725385997937,True,0.0,0.12196173712432257,0.12196173712432257,True,0.0,100,100,-1,-1,-1,-1,True,True,True,0.0,True
rf,baseline,3,12,0.091110454708025,0.091110454708025,True,0.0,0.1265941650887706,0.1265941650887706,True,0.0,100,100,-1,-1,-1,-1,True,True,True,0.0,True
rf,baseline,3,13,0.11905401003557539,0.11905401003557539,True,0.0,0.15480573272873374,0.15480573272873374,True,0.0,100,100,-1,-1,-1,-1,True,True,True,0.0,True
rf,baseline,3,14,0.11526363411182632,0.11526363411182632,True,0.0,0.1689789844689195,0.1689789844689195,True,0.0,100,100,-1,-1,-1,-1,True,True,True,0.0,True
rf,baseline,3,15,0.10934028058170674,0.10934028058170674,True,0.0,0.13736961941815506,0.13736961941815506,True,0.0,100,100,-1,-1,-1,-1,True,True,True,0.0,True
rf,baseline,3,16,0.14273997030947877,0.14273997030947877,True,0.0,0.205802412745045,0.205802412745045,True,0.0,100,100,-1,-1,-1,-1,True,True,True,0.0,True
rf,baseline,3,17,0.08176605589106908,0.08176605589106908,True,0.0,0.13046071453099733,0.13046071453099733,True,0.0,100,100,-1,-1,-1,-1,True,True,True,0.0,True
rf,baseline,3,18,0.25062155166599803,0.25062155166599803,True,0.0,0.37315393171254774,0.37315393171254774,True,0.0,100,100,-1,-1,-1,-1,True,True,True,0.0,True
rf,baseline,3,19,0.1291818338440458,0.1291818338440458,True,0.0,0.16878821161032112,0.16878821161032112,True,0.0,100,100,-1,-1,-1,-1,True,True,True,0.0,True
rf,baseline,3,20,0.08231378503494773,0.08231378503494773,True,0.0,0.1235498750793617,0.1235498750793617,True,0.0,100,100,-1,-1,-1,-1,True,True,True,0.0,True
rf,baseline,3,21,0.07959482473665455,0.07959482473665455,True,0.0,0.12187187402872235,0.12187187402872235,True,0.0,100,100,-1,-1,-1,-1,True,True,True,0.0,True
rf,baseline,3,22,0.07959482473665455,0.07959482473665455,True,0.0,0.12187187402872235,0.12187187402872235,True,0.0,100,100,-1,-1,-1,-1,True,True,True,0.0,True
rf,baseline,3,23,0.10506987154073592,0.10506987154073592,True,0.0,0.13527121943672962,0.13527121943672962,True,0.0,100,100,-1,-1,-1,-1,True,True,True,0.0,True
rf,baseline,3,24,0.1020006602570974,0.1020006602570974,True,0.0,0.13347768399895124,0.13347768399895124,True,0.0,100,100,-1,-1,-1,-1,True,True,True,0.0,True
rf,baseline,3,25,0.0781002261506558,0.0781002261506558,True,0.0,0.12418214550219232,0.12418214550219232,True,0.0,100,100,-1,-1,-1,-1,True,True,True,0.0,True
rf,baseline,3,26,0.09725594538716062,0.09725594538716062,True,0.0,0.12837230782127912,0.12837230782127912,True,0.0,100,100,-1,-1,-1,-1,True,True,True,0.0,True
rf,baseline,3,27,0.10899785229418538,0.10899785229418538,True,0.0,0.14159247735738897,0.14159247735738897,True,0.0,100,100,-1,-1,-1,-1,True,True,True,0.0,True
rf,baseline,3,28,0.08651949421257887,0.08651949421257887,True,0.0,0.12586333832556057,0.12586333832556057,True,0.0,100,100,-1,-1,-1,-1,True,True,True,0.0,True
rf,baseline,3,29,0.10707279530973897,0.10707279530973897,True,0.0,0.1362601761834396,0.1362601761834396,True,0.0,100,100,-1,-1,-1,-1,True,True,True,0.0,True
rf,baseline,3,30,0.11076799442658268,0.11076799442658268,True,0.0,0.17005742973093138,0.17005742973093138,True,0.0,100,100,-1,-1,-1,-1,True,True,True,0.0,True
rf,baseline,3,31,0.07691696974082317,0.07691696974082317,True,0.0,0.12467444008716329,0.12467444008716329,True,0.0,100,100,-1,-1,-1,-1,True,True,True,0.0,True
rf,baseline,3,32,0.10506987154073592,0.10506987154073592,True,0.0,0.13527121943672962,0.13527121943672962,True,0.0,100,100,-1,-1,-1,-1,True,True,True,0.0,True
rf,baseline,3,33,0.08560008753568944,0.08560008753568944,True,0.0,0.12512201347906649,0.12512201347906649,True,0.0,100,100,-1,-1,-1,-1,True,True,True,0.0,True
rf,baseline,3,34,0.07691696974082317,0.07691696974082317,True,0.0,0.12467444008716329,0.12467444008716329,True,0.0,100,100,-1,-1,-1,-1,True,True,True,0.0,True
rf,baseline,3,35,0.09548349157256106,0.09548349157256106,True,0.0,0.13026997465901816,0.13026997465901816,True,0.0,100,100,-1,-1,-1,-1,True,True,True,0.0,True
rf,baseline,3,36,0.10952806735614842,0.10952806735614842,True,0.0,0.13739936716034798,0.13739936716034798,True,0.0,100,100,-1,-1,-1,-1,True,True,True,0.0,True
rf,baseline,3,37,0.09460456511832127,0.09460456511832127,True,0.0,0.12809011027243217,0.12809011027243217,True,0.0,100,100,-1,-1,-1,-1,True,True,True,0.0,True
rf,baseline,3,38,0.08800984191651354,0.08800984191651354,True,0.0,0.12553755134516173,0.12553755134516173,True,0.0,100,100,-1,-1,-1,-1,True,True,True,0.0,True
rf,baseline,3,39,0.10389439655617953,0.10389439655617953,True,0.0,0.1368307863382611,0.1368307863382611,True,0.0,100,100,-1,-1,-1,-1,True,True,True,0.0,True
rf,baseline,3,40,0.08454123737414285,0.08454123737414285,True,0.0,0.12300048037895858,0.12300048037895858,True,0.0,100,100,-1,-1,-1,-1,True,True,True,0.0,True
rf,baseline,3,41,0.07959482473665455,0.07959482473665455,True,0.0,0.12187187402872235,0.12187187402872235,True,0.0,100,100,-1,-1,-1,-1,True,True,True,0.0,True
rf,baseline,3,42,0.08231378503494773,0.08231378503494773,True,0.0,0.1235498750793617,0.1235498750793617,True,0.0,100,100,-1,-1,-1,-1,True,True,True,0.0,True
rf,baseline,3,43,0.0884287353661801,0.0884287353661801,True,0.0,0.12396525910401723,0.12396525910401723,True,0.0,100,100,-1,-1,-1,-1,True,True,True,0.0,True
rf,baseline,3,44,0.08396690688302076,0.08396690688302076,True,0.0,0.12422661577200261,0.12422661577200261,True,0.0,100,100,-1,-1,-1,-1,True,True,True,0.0,True
rf,baseline,3,45,0.10435455031781982,0.10435455031781982,True,0.0,0.13665826067688172,0.13665826067688172,True,0.0,100,100,-1,-1,-1,-1,True,True,True,0.0,True
rf,baseline,3,46,0.12104875440105729,0.12104875440105729,True,0.0,0.17986433190634366,0.17986433190634366,True,0.0,100,100,-1,-1,-1,-1,True,True,True,0.0,True
rf,baseline,3,47,0.10655229920547447,0.10655229920547447,True,0.0,0.1395971887048487,0.1395971887048487,True,0.0,100,100,-1,-1,-1,-1,True,True,True,0.0,True
rf,baseline,3,48,0.09544462844819464,0.09544462844819464,True,0.0,0.1302546331492446,0.1302546331492446,True,0.0,100,100,-1,-1,-1,-1,True,True,True,0.0,True
rf,baseline,3,49,0.20234495594432705,0.20234495594432705,True,0.0,0.2668023391391258,0.2668023391391258,True,0.0,100,100,-1,-1,-1,-1,True,True,True,0.0,True
rf,live_feasible,0,0,0.12798115053456144,0.12798115053456144,True,0.0,0.15476275413919763,0.15476275413919763,True,0.0,100,100,-1,-1,-1,-1,True,True,True,0.0,True
rf,live_feasible,0,1,0.20175061073030393,0.20175061073030393,True,0.0,0.2995087508526095,0.2995087508526095,True,0.0,100,100,-1,-1,-1,-1,True,True,True,0.0,True
rf,live_feasible,0,2,0.1270603676929441,0.1270603676929441,True,0.0,0.1880199449871219,0.1880199449871219,True,0.0,100,100,-1,-1,-1,-1,True,True,True,0.0,True
rf,live_feasible,0,3,0.1421536262460059,0.1421536262460059,True,0.0,0.16845889524846258,0.16845889524846258,True,0.0,100,100,-1,-1,-1,-1,True,True,True,0.0,True
rf,live_feasible,0,4,0.23894886620003486,0.23894886620003486,True,0.0,0.36731659860076926,0.36731659860076926,True,0.0,100,100,-1,-1,-1,-1,True,True,True,0.0,True
rf,live_feasible,0,5,0.19825670296104742,0.19825670296104742,True,0.0,0.2210276177525264,0.2210276177525264,True,0.0,100,100,-1,-1,-1,-1,True,True,True,0.0,True
rf,live_feasible,0,6,0.09552609194003349,0.09552609194003349,True,0.0,0.16115289221050966,0.16115289221050966,True,0.0,100,100,-1,-1,-1,-1,True,True,True,0.0,True
rf,live_feasible,0,7,0.14851910043582542,0.14851910043582542,True,0.0,0.16402317404291825,0.16402317404291825,True,0.0,100,100,-1,-1,-1,-1,True,True,True,0.0,True
rf,live_feasible,0,8,0.1580406254564381,0.1580406254564381,True,0.0,0.2020889226611525,0.2020889226611525,True,0.0,100,100,-1,-1,-1,-1,True,True,True,0.0,True
rf,live_feasible,0,9,0.10400517066312512,0.10400517066312512,True,0.0,0.17261519093446162,0.17261519093446162,True,0.0,100,100,-1,-1,-1,-1,True,True,True,0.0,True
rf,live_feasible,0,10,0.1296500370033845,0.1296500370033845,True,0.0,0.18297378701132352,0.18297378701132352,True,0.0,100,100,-1,-1,-1,-1,True,True,True,0.0,True
rf,live_feasible,0,11,0.09175714391179204,0.09175714391179204,True,0.0,0.1556429824232258,0.1556429824232258,True,0.0,100,100,-1,-1,-1,-1,True,True,True,0.0,True
rf,live_feasible,0,12,0.09650964353021944,0.09650964353021944,True,0.0,0.1610985652748584,0.1610985652748584,True,0.0,100,100,-1,-1,-1,-1,True,True,True,0.0,True
rf,live_feasible,0,13,0.10696232786264107,0.10696232786264107,True,0.0,0.176747788116545,0.176747788116545,True,0.0,100,100,-1,-1,-1,-1,True,True,True,0.0,True
rf,live_feasible,0,14,0.13970018038565757,0.13970018038565757,True,0.0,0.19437198199425715,0.19437198199425715,True,0.0,100,100,-1,-1,-1,-1,True,True,True,0.0,True
rf,live_feasible,0,15,0.17558397078197813,0.17558397078197813,True,0.0,0.2983901427682956,0.2983901427682956,True,0.0,100,100,-1,-1,-1,-1,True,True,True,0.0,True
rf,live_feasible,0,16,0.1283588508406482,0.1283588508406482,True,0.0,0.19085578001088352,0.19085578001088352,True,0.0,100,100,-1,-1,-1,-1,True,True,True,0.0,True
rf,live_feasible,0,17,0.1565817825651751,0.1565817825651751,True,0.0,0.22409656744060505,0.22409656744060505,True,0.0,100,100,-1,-1,-1,-1,True,True,True,0.0,True
rf,live_feasible,0,18,0.10040198605121799,0.10040198605121799,True,0.0,0.1421980026529898,0.1421980026529898,True,0.0,100,100,-1,-1,-1,-1,True,True,True,0.0,True
rf,live_feasible,0,19,0.11422581423450594,0.11422581423450594,True,0.0,0.18135849480182545,0.18135849480182545,True,0.0,100,100,-1,-1,-1,-1,True,True,True,0.0,True
rf,live_feasible,0,20,0.09758299966003207,0.09758299966003207,True,0.0,0.15691049562405,0.15691049562405,True,0.0,100,100,-1,-1,-1,-1,True,True,True,0.0,True
rf,live_feasible,0,21,0.09546967061715807,0.09546967061715807,True,0.0,0.1646621394630189,0.1646621394630189,True,0.0,100,100,-1,-1,-1,-1,True,True,True,0.0,True
rf,live_feasible,0,22,0.09973545688359893,0.09973545688359893,True,0.0,0.17568824667209787,0.17568824667209787,True,0.0,100,100,-1,-1,-1,-1,True,True,True,0.0,True
rf,live_feasible,0,23,0.12422843343968701,0.12422843343968701,True,0.0,0.17493020088937242,0.17493020088937242,True,0.0,100,100,-1,-1,-1,-1,True,True,True,0.0,True
rf,live_feasible,0,24,0.08152231759249141,0.08152231759249141,True,0.0,0.1435790974064443,0.1435790974064443,True,0.0,100,100,-1,-1,-1,-1,True,True,True,0.0,True
rf,live_feasible,0,25,0.09878996587244893,0.09878996587244893,True,0.0,0.15056506686795393,0.15056506686795393,True,0.0,100,100,-1,-1,-1,-1,True,True,True,0.0,True
rf,live_feasible,0,26,0.07841611699591865,0.07841611699591865,True,0.0,0.12827640881934688,0.12827640881934688,True,0.0,100,100,-1,-1,-1,-1,True,True,True,0.0,True
rf,live_feasible,0,27,0.11894999181886537,0.11894999181886537,True,0.0,0.15243419971970432,0.15243419971970432,True,0.0,100,100,-1,-1,-1,-1,True,True,True,0.0,True
rf,live_feasible,0,28,0.07440394943353186,0.07440394943353186,True,0.0,0.129438098573971,0.129438098573971,True,0.0,100,100,-1,-1,-1,-1,True,True,True,0.0,True
rf,live_feasible,0,29,0.07035885195769392,0.07035885195769392,True,0.0,0.12386390240703309,0.12386390240703309,True,0.0,100,100,-1,-1,-1,-1,True,True,True,0.0,True
rf,live_feasible,0,30,0.07035885195769392,0.07035885195769392,True,0.0,0.12386390240703309,0.12386390240703309,True,0.0,100,100,-1,-1,-1,-1,True,True,True,0.0,True
rf,live_feasible,0,31,0.07035885195769392,0.07035885195769392,True,0.0,0.12386390240703309,0.12386390240703309,True,0.0,100,100,-1,-1,-1,-1,True,True,True,0.0,True
rf,live_feasible,0,32,0.08239503227003704,0.08239503227003704,True,0.0,0.13439151928602106,0.13439151928602106,True,0.0,100,100,-1,-1,-1,-1,True,True,True,0.0,True
rf,live_feasible,0,33,0.07440394943353186,0.07440394943353186,True,0.0,0.129438098573971,0.129438098573971,True,0.0,100,100,-1,-1,-1,-1,True,True,True,0.0,True
rf,live_feasible,0,34,0.13455705773591808,0.13455705773591808,True,0.0,0.1603582248232813,0.1603582248232813,True,0.0,100,100,-1,-1,-1,-1,True,True,True,0.0,True
rf,live_feasible,0,35,0.19523642316630713,0.19523642316630713,True,0.0,0.2696073429215799,0.2696073429215799,True,0.0,100,100,-1,-1,-1,-1,True,True,True,0.0,True
rf,live_feasible,0,36,0.09591532696461579,0.09591532696461579,True,0.0,0.13723581789486303,0.13723581789486303,True,0.0,100,100,-1,-1,-1,-1,True,True,True,0.0,True
rf,live_feasible,0,37,0.12991879439838436,0.12991879439838436,True,0.0,0.1601477694779509,0.1601477694779509,True,0.0,100,100,-1,-1,-1,-1,True,True,True,0.0,True
rf,live_feasible,0,38,0.10992831078561181,0.10992831078561181,True,0.0,0.1426927161574781,0.1426927161574781,True,0.0,100,100,-1,-1,-1,-1,True,True,True,0.0,True
rf,live_feasible,0,39,0.13112877087412658,0.13112877087412658,True,0.0,0.15965490598053564,0.15965490598053564,True,0.0,100,100,-1,-1,-1,-1,True,True,True,0.0,True
rf,live_feasible,0,40,0.09311204027725797,0.09311204027725797,True,0.0,0.14235636377513458,0.14235636377513458,True,0.0,100,100,-1,-1,-1,-1,True,True,True,0.0,True
rf,live_feasible,0,41,0.07314552244836249,0.07314552244836249,True,0.0,0.12911242117309052,0.12911242117309052,True,0.0,100,100,-1,-1,-1,-1,True,True,True,0.0,True
rf,live_feasible,0,42,0.07350604720935924,0.07350604720935924,True,0.0,0.1273935437768725,0.1273935437768725,True,0.0,100,100,-1,-1,-1,-1,True,True,True,0.0,True
rf,live_feasible,0,43,0.08373237436139488,0.08373237436139488,True,0.0,0.13509906136353986,0.13509906136353986,True,0.0,100,100,-1,-1,-1,-1,True,True,True,0.0,True
rf,live_feasible,0,44,0.0827897647413229,0.0827897647413229,True,0.0,0.13028506786879052,0.13028506786879052,True,0.0,100,100,-1,-1,-1,-1,True,True,True,0.0,True
rf,live_feasible,0,45,0.1260905820895326,0.1260905820895326,True,0.0,0.15255458766206478,0.15255458766206478,True,0.0,100,100,-1,-1,-1,-1,True,True,True,0.0,True
rf,live_feasible,0,46,0.07658895378571114,0.07658895378571114,True,0.0,0.13036610078948865,0.13036610078948865,True,0.0,100,100,-1,-1,-1,-1,True,True,True,0.0,True
rf,live_feasible,0,47,0.11673470164549642,0.11673470164549642,True,0.0,0.156091462137826,0.156091462137826,True,0.0,100,100,-1,-1,-1,-1,True,True,True,0.0,True
rf,live_feasible,0,48,0.1073271418612833,0.1073271418612833,True,0.0,0.17515115430499478,0.17515115430499478,True,0.0,100,100,-1,-1,-1,-1,True,True,True,0.0,True
rf,live_feasible,0,49,0.077349145315133,0.077349145315133,True,0.0,0.12619957423204115,0.12619957423204115,True,0.0,100,100,-1,-1,-1,-1,True,True,True,0.0,True
rf,live_feasible,1,0,0.13076804311689663,0.13076804311689663,True,0.0,0.16096958032410114,0.16096958032410114,True,0.0,100,100,-1,-1,-1,-1,True,True,True,0.0,True
rf,live_feasible,1,1,0.23922162529511032,0.23922162529511032,True,0.0,0.3601920738628131,0.3601920738628131,True,0.0,100,100,-1,-1,-1,-1,True,True,True,0.0,True
rf,live_feasible,1,2,0.11482792604807751,0.11482792604807751,True,0.0,0.15625044907577298,0.15625044907577298,True,0.0,100,100,-1,-1,-1,-1,True,True,True,0.0,True
rf,live_feasible,1,3,0.14764721705882292,0.14764721705882292,True,0.0,0.19219977126039856,0.19219977126039856,True,0.0,100,100,-1,-1,-1,-1,True,True,True,0.0,True
rf,live_feasible,1,4,0.12592846715117356,0.12592846715117356,True,0.0,0.1597012081433851,0.1597012081433851,True,0.0,100,100,-1,-1,-1,-1,True,True,True,0.0,True
rf,live_feasible,1,5,0.12192214770386005,0.12192214770386005,True,0.0,0.16253428721605112,0.16253428721605112,True,0.0,100,100,-1,-1,-1,-1,True,True,True,0.0,True
rf,live_feasible,1,6,0.12360201814570473,0.12360201814570473,True,0.0,0.16990933602922473,0.16990933602922473,True,0.0,100,100,-1,-1,-1,-1,True,True,True,0.0,True
rf,live_feasible,1,7,0.137518047753975,0.137518047753975,True,0.0,0.17606533845080133,0.17606533845080133,True,0.0,100,100,-1,-1,-1,-1,True,True,True,0.0,True
rf,live_feasible,1,8,0.09913330273515104,0.09913330273515104,True,0.0,0.16034923396371453,0.16034923396371453,True,0.0,100,100,-1,-1,-1,-1,True,True,True,0.0,True
rf,live_feasible,1,9,0.24431093381582458,0.24431093381582458,True,0.0,0.3696262899575286,0.3696262899575286,True,0.0,100,100,-1,-1,-1,-1,True,True,True,0.0,True
rf,live_feasible,1,10,0.14628644882818148,0.14628644882818148,True,0.0,0.24377700648205694,0.24377700648205694,True,0.0,100,100,-1,-1,-1,-1,True,True,True,0.0,True
rf,live_feasible,1,11,0.09973482520094634,0.09973482520094634,True,0.0,0.174147212419661,0.174147212419661,True,0.0,100,100,-1,-1,-1,-1,True,True,True,0.0,True
rf,live_feasible,1,12,0.11074815999301246,0.11074815999301246,True,0.0,0.1871638823780581,0.1871638823780581,True,0.0,100,100,-1,-1,-1,-1,True,True,True,0.0,True
rf,live_feasible,1,13,0.11472193586074554,0.11472193586074554,True,0.0,0.19677961048096726,0.19677961048096726,True,0.0,100,100,-1,-1,-1,-1,True,True,True,0.0,True
rf,live_feasible,1,14,0.19355709849771977,0.19355709849771977,True,0.0,0.3120224566471798,0.3120224566471798,True,0.0,100,100,-1,-1,-1,-1,True,True,True,0.0,True
rf,live_feasible,1,15,0.09133678498004327,0.09133678498004327,True,0.0,0.15166033935732975,0.15166033935732975,True,0.0,100,100,-1,-1,-1,-1,True,True,True,0.0,True
rf,live_feasible,1,16,0.09013628176674628,0.09013628176674628,True,0.0,0.15097792662663118,0.15097792662663118,True,0.0,100,100,-1,-1,-1,-1,True,True,True,0.0,True
rf,live_feasible,1,17,0.09771041656425564,0.09771041656425564,True,0.0,0.15430976083214573,0.15430976083214573,True,0.0,100,100,-1,-1,-1,-1,True,True,True,0.0,True
rf,live_feasible,1,18,0.11349723634106663,0.11349723634106663,True,0.0,0.14874048273977516,0.14874048273977516,True,0.0,100,100,-1,-1,-1,-1,True,True,True,0.0,True
rf,live_feasible,1,19,0.08750403511167965,0.08750403511167965,True,0.0,0.14207222830429095,0.14207222830429095,True,0.0,100,100,-1,-1,-1,-1,True,True,True,0.0,True
rf,live_feasible,1,20,0.09717200311674373,0.09717200311674373,True,0.0,0.14603724201019286,0.14603724201019286,True,0.0,100,100,-1,-1,-1,-1,True,True,True,0.0,True
rf,live_feasible,1,21,0.09486538602427451,0.09486538602427451,True,0.0,0.15364794400997112,0.15364794400997112,True,0.0,100,100,-1,-1,-1,-1,True,True,True,0.0,True
rf,live_feasible,1,22,0.08968040566407476,0.08968040566407476,True,0.0,0.142062616817034,0.142062616817034,True,0.0,100,100,-1,-1,-1,-1,True,True,True,0.0,True
rf,live_feasible,1,23,0.136269912295004,0.136269912295004,True,0.0,0.16512725670133654,0.16512725670133654,True,0.0,100,100,-1,-1,-1,-1,True,True,True,0.0,True
rf,live_feasible,1,24,0.09389746005090936,0.09389746005090936,True,0.0,0.14651980060876943,0.14651980060876943,True,0.0,100,100,-1,-1,-1,-1,True,True,True,0.0,True
rf,live_feasible,1,25,0.12047528978757267,0.12047528978757267,True,0.0,0.18635410317261136,0.18635410317261136,True,0.0,100,100,-1,-1,-1,-1,True,True,True,0.0,True
rf,live_feasible,1,26,0.13279336531161023,0.13279336531161023,True,0.0,0.1617869694877844,0.1617869694877844,True,0.0,100,100,-1,-1,-1,-1,True,True,True,0.0,True
rf,live_feasible,1,27,0.10444578807998549,0.10444578807998549,True,0.0,0.15134084845530021,0.15134084845530021,True,0.0,100,100,-1,-1,-1,-1,True,True,True,0.0,True
rf,live_feasible,1,28,0.12493754081861104,0.12493754081861104,True,0.0,0.15792611607002446,0.15792611607002446,True,0.0,100,100,-1,-1,-1,-1,True,True,True,0.0,True
rf,live_feasible,1,29,0.14444573202283653,0.14444573202283653,True,0.0,0.19464291635823044,0.19464291635823044,True,0.0,100,100,-1,-1,-1,-1,True,True,True,0.0,True
rf,live_feasible,1,30,0.08341202135564414,0.08341202135564414,True,0.0,0.1361830772180032,0.1361830772180032,True,0.0,100,100,-1,-1,-1,-1,True,True,True,0.0,True
rf,live_feasible,1,31,0.08527589069142656,0.08527589069142656,True,0.0,0.13987335566005815,0.13987335566005815,True,0.0,100,100,-1,-1,-1,-1,True,True,True,0.0,True
rf,live_feasible,1,32,0.08341202135564414,0.08341202135564414,True,0.0,0.1361830772180032,0.1361830772180032,True,0.0,100,100,-1,-1,-1,-1,True,True,True,0.0,True
rf,live_feasible,1,33,0.08527589069142656,0.08527589069142656,True,0.0,0.13987335566005815,0.13987335566005815,True,0.0,100,100,-1,-1,-1,-1,True,True,True,0.0,True
rf,live_feasible,1,34,0.08527589069142656,0.08527589069142656,True,0.0,0.13987335566005815,0.13987335566005815,True,0.0,100,100,-1,-1,-1,-1,True,True,True,0.0,True
rf,live_feasible,1,35,0.0998544856962617,0.0998544856962617,True,0.0,0.14536795033104777,0.14536795033104777,True,0.0,100,100,-1,-1,-1,-1,True,True,True,0.0,True
rf,live_feasible,1,36,0.0872679385665141,0.0872679385665141,True,0.0,0.13513039331569618,0.13513039331569618,True,0.0,100,100,-1,-1,-1,-1,True,True,True,0.0,True
rf,live_feasible,1,37,0.10974779884715265,0.10974779884715265,True,0.0,0.1500591728012022,0.1500591728012022,True,0.0,100,100,-1,-1,-1,-1,True,True,True,0.0,True
rf,live_feasible,1,38,0.17311061846130787,0.17311061846130787,True,0.0,0.22225305712465712,0.22225305712465712,True,0.0,100,100,-1,-1,-1,-1,True,True,True,0.0,True
rf,live_feasible,1,39,0.1223032062025978,0.1223032062025978,True,0.0,0.15871348841495775,0.15871348841495775,True,0.0,100,100,-1,-1,-1,-1,True,True,True,0.0,True
rf,live_feasible,1,40,0.08891306159254993,0.08891306159254993,True,0.0,0.15182036952772032,0.15182036952772032,True,0.0,100,100,-1,-1,-1,-1,True,True,True,0.0,True
rf,live_feasible,1,41,0.08122313166614624,0.08122313166614624,True,0.0,0.13597024927442036,0.13597024927442036,True,0.0,100,100,-1,-1,-1,-1,True,True,True,0.0,True
rf,live_feasible,1,42,0.08581003103662037,0.08581003103662037,True,0.0,0.138867258025658,0.138867258025658,True,0.0,100,100,-1,-1,-1,-1,True,True,True,0.0,True
rf,live_feasible,1,43,0.10546616890588484,0.10546616890588484,True,0.0,0.1476017840937887,0.1476017840937887,True,0.0,100,100,-1,-1,-1,-1,True,True,True,0.0,True
rf,live_feasible,1,44,0.0947850677725213,0.0947850677725213,True,0.0,0.13912878865751035,0.13912878865751035,True,0.0,100,100,-1,-1,-1,-1,True,True,True,0.0,True
rf,live_feasible,1,45,0.08341202135564414,0.08341202135564414,True,0.0,0.1361830772180032,0.1361830772180032,True,0.0,100,100,-1,-1,-1,-1,True,True,True,0.0,True
rf,live_feasible,1,46,0.13305547108448434,0.13305547108448434,True,0.0,0.16247097024010382,0.16247097024010382,True,0.0,100,100,-1,-1,-1,-1,True,True,True,0.0,True
rf,live_feasible,1,47,0.09477197016936262,0.09477197016936262,True,0.0,0.15554782579232787,0.15554782579232787,True,0.0,100,100,-1,-1,-1,-1,True,True,True,0.0,True
rf,live_feasible,1,48,0.09243178582755633,0.09243178582755633,True,0.0,0.1381280957657073,0.1381280957657073,True,0.0,100,100,-1,-1,-1,-1,True,True,True,0.0,True
rf,live_feasible,1,49,0.13711478309995484,0.13711478309995484,True,0.0,0.1701840263751451,0.1701840263751451,True,0.0,100,100,-1,-1,-1,-1,True,True,True,0.0,True
