segment,bar_end,estimator,train_win,sample,comparison,n,QLIKE_a,QLIKE_b,diff,pct,ci_lo,ci_hi,improves,worse,blown
bar1000,10:00,reclasso,500,common,coefficients,3056,0.11106569347595081,0.11925524812029285,-0.008189554644342035,-6.867248840974465,-0.01304914374911436,-0.003532879757744018,True,False,False
bar1000,10:00,reclasso,500,common,package,3056,0.11106569347595081,0.11886494075242668,-0.007799247276475858,-6.561436220895633,-0.01215594321719695,-0.0035224863813450216,True,False,False
bar1000,10:00,reclasso,500,common,calibration,3056,0.11925524812029285,0.11886494075242668,0.0003903073678661751,0.3283620598264647,-0.0013192484964419722,0.0019506857691236393,False,False,False
bar1000,10:00,reclasso,500,common,as scored,3056,0.10963484260642024,0.1175021982483248,-0.00786735564190454,-6.6954965602243135,-0.012203132279440304,-0.0037832968465662496,True,False,False
bar1000,10:00,reclasso,500,deck period,coefficients,1116,0.10955783870303314,0.11769227935845823,-0.008134440655425072,-6.911617907109954,-0.014780380639281608,-0.001158237078209346,True,False,False
bar1000,10:00,reclasso,500,deck period,package,1116,0.10955783870303314,0.1191208760012796,-0.00956303729824648,-8.028011226297355,-0.01687926254126437,-0.0028319045957630887,True,False,False
bar1000,10:00,reclasso,500,deck period,calibration,1116,0.11769227935845823,0.1191208760012796,-0.0014285966428214084,-1.1992831909715491,-0.005685142053628387,0.0019140294343909616,False,False,False
bar1000,10:00,reclasso,500,deck period,as scored,1116,0.10803869868301698,0.11628439421591975,-0.008245695532902763,-7.090973460799865,-0.014510535127812073,-0.0018781897228691909,True,False,False
bar1000,10:00,reclasso,2000,common,coefficients,1556,0.11359024830111966,0.12259786819916398,-0.009007619898044298,-7.347289174238449,-0.015585114482023411,-0.0027920319291894332,True,False,False
bar1000,10:00,reclasso,2000,common,package,1556,0.11359024830111966,0.12484254388326475,-0.011252295582145085,-9.013189920790667,-0.018353565945854754,-0.005148899080233682,True,False,False
bar1000,10:00,reclasso,2000,common,calibration,1556,0.12259786819916398,0.12484254388326475,-0.002244675684100787,-1.798005402869468,-0.005097792261039917,0.00030236034604858323,False,False,False
bar1000,10:00,reclasso,2000,common,as scored,1556,0.11278424016850973,0.1223672286691204,-0.009582988500610684,-7.831335730028647,-0.015774830276233026,-0.0038567048582044787,True,False,False
bar1000,10:00,reclasso,2000,deck period,coefficients,1116,0.11213284884321961,0.11545001089643561,-0.0033171620532160104,-2.8732453357597945,-0.010425318620603027,0.0033003118712207954,False,False,False
bar1000,10:00,reclasso,2000,deck period,package,1116,0.11213284884321961,0.11864730341786757,-0.0065144545746479545,-5.4906048321254275,-0.015298933736348894,0.00035869266007173536,False,False,False
bar1000,10:00,reclasso,2000,deck period,calibration,1116,0.11545001089643561,0.11864730341786757,-0.003197292521431944,-2.6947873481551468,-0.007081947987228681,-9.955166349967867e-05,True,False,False
bar1000,10:00,reclasso,2000,deck period,as scored,1116,0.11101443323200422,0.11541625876254775,-0.004401825530543521,-3.813869534273884,-0.011427991868117677,0.0016830801280119975,False,False,False
bar1000,10:00,reclasticnet,500,common,coefficients,3056,0.11211721708941008,0.11932411798159624,-0.007206900892186165,-6.039768836420571,-0.012426590551300121,-0.002150452569674395,True,False,False
bar1000,10:00,reclasticnet,500,common,package,3056,0.11211721708941008,0.11887498054510157,-0.0067577634556914715,-5.684765141246482,-0.011687577773649503,-0.00191625690140729,True,False,False
bar1000,10:00,reclasticnet,500,common,calibration,3056,0.11932411798159624,0.11887498054510157,0.00044913743649469234,0.37782335226064506,-0.0012646364605046376,0.002023657118642281,False,False,False
bar1000,10:00,reclasticnet,500,common,as scored,3056,0.11036344282644023,0.1174749049265194,-0.007111462100079183,-6.053601068694122,-0.011874207951846781,-0.0025038228288415745,True,False,False
bar1000,10:00,reclasticnet,500,deck period,coefficients,1116,0.11455948597419024,0.11764183248200794,-0.0030823465078176917,-2.62011092719854,-0.010974542895370504,0.005383499240518039,False,False,False
bar1000,10:00,reclasticnet,500,deck period,package,1116,0.11455948597419024,0.1190559027223544,-0.004496416748164153,-3.7767272729434254,-0.01280731235350179,0.004309897289686249,False,False,False
bar1000,10:00,reclasticnet,500,deck period,calibration,1116,0.11764183248200794,0.1190559027223544,-0.0014140702403464616,-1.187736355789229,-0.005619781603049918,0.0019111255703269372,False,False,False
bar1000,10:00,reclasticnet,500,deck period,as scored,1116,0.1121354362215775,0.11612510876588152,-0.003989672544304016,-3.435667433773989,-0.011667888154617726,0.004120157725485747,False,False,False
bar1000,10:00,reclasticnet,2000,common,coefficients,1556,0.11175224828248491,0.12254534322756831,-0.010793094945083416,-8.807429691588114,-0.017582424986495544,-0.004437411208523852,True,False,False
bar1000,10:00,reclasticnet,2000,common,package,1556,0.11175224828248491,0.12480685321776618,-0.013054604935281261,-10.459846233366092,-0.020313234838361213,-0.006666587233157849,True,False,False
bar1000,10:00,reclasticnet,2000,common,calibration,1556,0.12254534322756831,0.12480685321776618,-0.002261509990197843,-1.8120078600586964,-0.0050634492963902026,0.0002933309342004374,False,False,False
bar1000,10:00,reclasticnet,2000,common,as scored,1556,0.1109707927539494,0.12233986406862372,-0.011369071314674316,-9.293022680078423,-0.017734257690429835,-0.005382882453616598,True,False,False
bar1000,10:00,reclasticnet,2000,deck period,coefficients,1116,0.10978086808694065,0.1152456908218768,-0.005464822734936134,-4.741888999027772,-0.012559728468902921,0.0012402071922596298,False,False,False
bar1000,10:00,reclasticnet,2000,deck period,package,1116,0.10978086808694065,0.11848874078708937,-0.008707872700148727,-7.349114052782258,-0.017307511893519846,-0.0017098348990860154,True,False,False
bar1000,10:00,reclasticnet,2000,deck period,calibration,1116,0.1152456908218768,0.11848874078708937,-0.003243049965212594,-2.737011081111902,-0.007132157273491565,-0.00010827626945275562,True,False,False
bar1000,10:00,reclasticnet,2000,deck period,as scored,1116,0.10870887840042688,0.11525151817051339,-0.006542639770086501,-5.676836083327541,-0.013666074805579128,-0.0003790605476431457,True,False,False
bar1000,10:00,ridge,500,common,coefficients,3056,0.11162474330447925,0.11878407237297778,-0.00715932906849853,-6.0271793393465165,-0.01264564366102219,-0.0017156588304506084,True,False,False
bar1000,10:00,ridge,500,common,package,3056,0.11162474330447925,0.1182533322035595,-0.006628588899080263,-5.605414050971444,-0.01178478831772574,-0.0013542861531624496,True,False,False
bar1000,10:00,ridge,500,common,calibration,3056,0.11878407237297778,0.1182533322035595,0.0005307401694182673,0.44881624858118935,-0.0011971207152838214,0.002127124365204838,False,False,False
bar1000,10:00,ridge,500,common,as scored,3056,0.1100970484482181,0.11691330560470087,-0.0068162571564827695,-5.830180851723946,-0.011655144206968147,-0.002012731228540521,True,False,False
bar1000,10:00,ridge,500,deck period,coefficients,1116,0.11000562293233085,0.11681243044843895,-0.0068068075161081135,-5.827126008744969,-0.014516560458679235,0.0005359985016159161,False,False,False
bar1000,10:00,ridge,500,deck period,package,1116,0.11000562293233085,0.11812142200384322,-0.00811579907151237,-6.870725846196056,-0.016377984915586397,-0.0006319075050456531,True,False,False
bar1000,10:00,ridge,500,deck period,calibration,1116,0.11681243044843895,0.11812142200384322,-0.001308991555404258,-1.1081745657969377,-0.005590830381830684,0.0021002100121802767,False,False,False
bar1000,10:00,ridge,500,deck period,as scored,1116,0.1089268613057709,0.11531403970465184,-0.0063871783988809225,-5.538942539208658,-0.01333227310848499,9.90640283591284e-05,False,False,False
bar1000,10:00,ridge,2000,common,coefficients,1556,0.11358758098220637,0.12226999343626696,-0.00868241245406062,-7.1010165372964655,-0.015539869956556263,-0.0024347720510224137,True,False,False
bar1000,10:00,ridge,2000,common,package,1556,0.11358758098220637,0.12421291225496973,-0.010625331272763385,-8.554127811569982,-0.01731279454892981,-0.004816521411774545,True,False,False
bar1000,10:00,ridge,2000,common,calibration,1556,0.12226999343626696,0.12421291225496973,-0.0019429188187027628,-1.5641842570396918,-0.004852209904600995,0.0006704530421273198,False,False,False
bar1000,10:00,ridge,2000,common,as scored,1556,0.1129279183194247,0.12187003618964694,-0.008942117870222251,-7.337421198683372,-0.015299855095131635,-0.00338020100387686,True,False,False
bar1000,10:00,ridge,2000,deck period,coefficients,1116,0.10816984829766735,0.11502331742764495,-0.006853469129977579,-5.958330261417414,-0.015056153724302695,0.0004232076480576219,False,False,False
bar1000,10:00,ridge,2000,deck period,package,1116,0.10816984829766735,0.11788142742522964,-0.00971157912756227,-8.238430208797881,-0.01819570905085832,-0.0022921029079408708,True,False,False
bar1000,10:00,ridge,2000,deck period,calibration,1116,0.11502331742764495,0.11788142742522964,-0.00285810999758469,-2.4245634448204703,-0.006732074297158333,0.00028277930272300946,False,False,False
bar1000,10:00,ridge,2000,deck period,as scored,1116,0.10745669211308051,0.11478159399790318,-0.007324901884822669,-6.381599723172061,-0.01482841409846659,-0.0006533805666970285,True,False,False
bar1030,10:30,reclasso,500,common,coefficients,3056,0.1393132870040009,0.14493852894494866,-0.005625241940947791,-3.881122557194161,-0.008921736486572202,-0.0022122426616684385,True,False,False
bar1030,10:30,reclasso,500,common,package,3056,0.1393132870040009,0.1471165701813427,-0.007803283177341817,-5.304149741747737,-0.011073302294140846,-0.004650649441214991,True,False,False
bar1030,10:30,reclasso,500,common,calibration,3056,0.14493852894494866,0.1471165701813427,-0.0021780412363940267,-1.4804866873318703,-0.003478924624740449,-0.0009195853148977103,True,False,False
bar1030,10:30,reclasso,500,common,as scored,3056,0.1398367117923761,0.1452221299440767,-0.005385418151700588,-3.7084004715909673,-0.009000331511791576,-0.0016853756692939879,True,False,False
bar1030,10:30,reclasso,500,deck period,coefficients,1116,0.14775527572739391,0.157434227282517,-0.009678951555123083,-6.147933471769215,-0.015828235424961177,-0.0036903690624311273,True,False,False
bar1030,10:30,reclasso,500,deck period,package,1116,0.14775527572739391,0.15816693303798812,-0.010411657310594197,-6.582701649840775,-0.01662769671177634,-0.004612345499998789,True,False,False
bar1030,10:30,reclasso,500,deck period,calibration,1116,0.157434227282517,0.15816693303798812,-0.0007327057554711153,-0.4632483803015488,-0.0027834795477304332,0.0014015317348877172,False,False,False
bar1030,10:30,reclasso,500,deck period,as scored,1116,0.14828289596823585,0.1549094298281004,-0.006626533859864578,-4.277682686727268,-0.013804599096153542,0.0012213039550188745,False,False,False
bar1030,10:30,reclasso,2000,common,coefficients,1556,0.15814374527774538,0.15960538307704136,-0.00146163779929598,-0.9157822694429103,-0.005669977606897995,0.003044178427134885,False,False,False
bar1030,10:30,reclasso,2000,common,package,1556,0.15814374527774538,0.1632208787330871,-0.00507713345534171,-3.1105906883667,-0.00939183455025732,-0.0006845426203597757,True,False,False
bar1030,10:30,reclasso,2000,common,calibration,1556,0.15960538307704136,0.1632208787330871,-0.0036154956560457297,-2.2150938557058626,-0.005609706376001817,-0.0017200852207454704,True,False,False
bar1030,10:30,reclasso,2000,common,as scored,1556,0.1565949322808895,0.1589256983610736,-0.0023307660801840935,-1.4665759560726768,-0.006300809411958899,0.001878206971155766,False,False,False
bar1030,10:30,reclasso,2000,deck period,coefficients,1116,0.15417049022058588,0.1544732841837402,-0.00030279396315431806,-0.19601704252895663,-0.005566662517537649,0.005237444560629971,False,False,False
bar1030,10:30,reclasso,2000,deck period,package,1116,0.15417049022058588,0.1564573339730427,-0.002286843752456849,-1.4616404960926075,-0.007359420108449724,0.0030093965383621115,False,False,False
bar1030,10:30,reclasso,2000,deck period,calibration,1116,0.1544732841837402,0.1564573339730427,-0.001984049789302531,-1.268109163642261,-0.003957094092033652,-0.00015471718426386818,True,False,False
bar1030,10:30,reclasso,2000,deck period,as scored,1116,0.15091513953726468,0.15228587652798103,-0.0013707369907163614,-0.9001077591489595,-0.006316723712662018,0.0037183728954392767,False,False,False
bar1030,10:30,reclasticnet,500,common,coefficients,3056,0.13934274271366887,0.14486282477296056,-0.005520082059291708,-3.810558069638071,-0.009336854953724778,-0.0016237818355230955,True,False,False
bar1030,10:30,reclasticnet,500,common,package,3056,0.13934274271366887,0.14707626155656928,-0.007733518842900407,-5.258169306897903,-0.01150655167857179,-0.003929921139442152,True,False,False
bar1030,10:30,reclasticnet,500,common,calibration,3056,0.14486282477296056,0.14707626155656928,-0.0022134367836086984,-1.5049585569982376,-0.00350588354050705,-0.0009822891764560279,True,False,False
bar1030,10:30,reclasticnet,500,common,as scored,3056,0.13886179502839271,0.14518868755401407,-0.006326892525621365,-4.357703504460423,-0.01006179938280237,-0.0025141349717018808,True,False,False
bar1030,10:30,reclasticnet,500,deck period,coefficients,1116,0.1484261681014407,0.15795354431452818,-0.009527376213087486,-6.031758422663759,-0.016396415123274236,-0.002529460397058091,True,False,False
bar1030,10:30,reclasticnet,500,deck period,package,1116,0.1484261681014407,0.15877392831388945,-0.01034776021244875,-6.5172918012028145,-0.017195418862182614,-0.003204501874547925,True,False,False
bar1030,10:30,reclasticnet,500,deck period,calibration,1116,0.15795354431452818,0.15877392831388945,-0.0008203839993612653,-0.5166994405652043,-0.002856178369489876,0.0012608819164621823,False,False,False
bar1030,10:30,reclasticnet,500,deck period,as scored,1116,0.1466437859783836,0.15556082354668668,-0.008917037568303088,-5.7321871696230255,-0.016025164148404526,-0.0018210510124435225,True,False,False
bar1030,10:30,reclasticnet,2000,common,coefficients,1556,0.15611027688470014,0.1594342517969781,-0.0033239749122779233,-2.0848562180419288,-0.007837395365855745,0.001162365325108849,False,False,False
bar1030,10:30,reclasticnet,2000,common,package,1556,0.15611027688470014,0.16307866718164601,-0.006968390296945878,-4.273023821800126,-0.011589505399670064,-0.0021727688822762497,True,False,False
bar1030,10:30,reclasticnet,2000,common,calibration,1556,0.1594342517969781,0.16307866718164601,-0.0036444153846679544,-2.234759118192083,-0.005612159677587834,-0.0017361058525067427,True,False,False
bar1030,10:30,reclasticnet,2000,common,as scored,1556,0.1545429352099506,0.1587882217124709,-0.004245286502520292,-2.673552519662027,-0.0084836118928447,-3.64455896587425e-05,True,False,False
bar1030,10:30,reclasticnet,2000,deck period,coefficients,1116,0.1527302030881821,0.15417671355669074,-0.0014465104685086366,-0.9382159180457268,-0.00675515827852644,0.00417366108355039,False,False,False
bar1030,10:30,reclasticnet,2000,deck period,package,1116,0.1527302030881821,0.15620993203237712,-0.0034797289441950477,-2.227597758299911,-0.00877099407339195,0.0025180259611653657,False,False,False
bar1030,10:30,reclasticnet,2000,deck period,calibration,1116,0.15417671355669074,0.15620993203237712,-0.002033218475686411,-1.301593598584367,-0.004015797744947439,-0.0001688493381103365,True,False,False
bar1030,10:30,reclasticnet,2000,deck period,as scored,1116,0.149432947048468,0.1520440105501524,-0.0026110635016844096,-1.7173077007352018,-0.007651364237772485,0.0025237186752928406,False,False,False
bar1030,10:30,ridge,500,common,coefficients,3056,0.14215866808604025,0.1434557652138613,-0.0012970971278210685,-0.9041791564719475,-0.005641781795428242,0.002888889175231389,False,False,False
bar1030,10:30,ridge,500,common,package,3056,0.14215866808604025,0.14573051917686083,-0.0035718510908206193,-2.4509973003566707,-0.007635526118342912,0.00048648723516929714,False,False,False
bar1030,10:30,ridge,500,common,calibration,3056,0.1434557652138613,0.14573051917686083,-0.0022747539629995508,-1.560931763537378,-0.0035809359747982503,-0.0010120466855276552,True,False,False
bar1030,10:30,ridge,500,common,as scored,3056,0.1417874785199056,0.14391231821849326,-0.0021248396985876416,-1.4764821558649535,-0.006209048057019421,0.0019181149350581783,False,False,False
bar1030,10:30,ridge,500,deck period,coefficients,1116,0.15247330895732905,0.15581386294734004,-0.003340553990010997,-2.143938881189278,-0.01101076592184288,0.0035550635348251453,False,False,False
bar1030,10:30,ridge,500,deck period,package,1116,0.15247330895732905,0.15678924244729392,-0.0043159334899648604,-2.752697457171336,-0.011526658479796685,0.002373735424024064,False,False,False
bar1030,10:30,ridge,500,deck period,calibration,1116,0.15581386294734004,0.15678924244729392,-0.0009753794999538648,-0.6220959325584772,-0.0030748646825414097,0.001198767856605909,False,False,False
bar1030,10:30,ridge,500,deck period,as scored,1116,0.15073076355077025,0.15371258832605,-0.002981824775279772,-1.9398702524967084,-0.010245274084958357,0.0034865297489170195,False,False,False
bar1030,10:30,ridge,2000,common,coefficients,1556,0.1548697851622961,0.15801265398483616,-0.003142868822540027,-1.9889981867158788,-0.008026202280986834,0.0020194597938767577,False,False,False
bar1030,10:30,ridge,2000,common,package,1556,0.1548697851622961,0.16169296731640206,-0.00682318215410596,-4.219838541743318,-0.012125292997439828,-0.0015871226310129633,True,False,False
bar1030,10:30,ridge,2000,common,calibration,1556,0.15801265398483616,0.16169296731640206,-0.0036803133315659337,-2.276112185117036,-0.00569749298564024,-0.0017541634929512577,True,False,False
bar1030,10:30,ridge,2000,common,as scored,1556,0.15370484450833755,0.1575759298957293,-0.003871085387391755,-2.4566476554847676,-0.008582801743912969,0.0009656358449225248,False,False,False
bar1030,10:30,ridge,2000,deck period,coefficients,1116,0.15329233183796,0.15292030375776347,0.00037202808019651446,0.24328233142005337,-0.005174718830791114,0.006332239550602012,False,False,False
bar1030,10:30,ridge,2000,deck period,package,1116,0.15329233183796,0.1549621841367917,-0.001669852298831677,-1.0775869662224349,-0.007374298997680838,0.004292576121174426,False,False,False
bar1030,10:30,ridge,2000,deck period,calibration,1116,0.15292030375776347,0.1549621841367917,-0.002041880379028191,-1.3176636547828577,-0.0040438682807259095,-0.00017811037460103708,True,False,False
bar1030,10:30,ridge,2000,deck period,as scored,1116,0.15040842229102083,0.1510468893850527,-0.0006384670940318836,-0.4226946325285034,-0.006076540453023917,0.004968425595277701,False,False,False
bar1100,11:00,reclasso,500,common,coefficients,3056,0.12244522557666271,0.1254639076552452,-0.0030186820785824955,-2.4060163077953476,-0.006430525088152709,0.00028440969556852173,False,False,False
bar1100,11:00,reclasso,500,common,package,3056,0.12244522557666271,0.13010072548414098,-0.007655499907478255,-5.884286870030903,-0.010998302343126844,-0.004316179793337764,True,False,False
bar1100,11:00,reclasso,500,common,calibration,3056,0.1254639076552452,0.13010072548414098,-0.00463681782889576,-3.5640215007571032,-0.0063128396651192745,-0.0031329998277949684,True,False,False
bar1100,11:00,reclasso,500,common,as scored,3056,0.12076323674649676,0.12764457936306825,-0.0068813426165714965,-5.391018287583071,-0.010117103270393318,-0.0034980765680915054,True,False,False
bar1100,11:00,reclasso,500,deck period,coefficients,1116,0.14117311948949826,0.13919874093408607,0.001974378555412198,1.4183882283440434,-0.0053173224327679345,0.009757777607459744,False,False,False
bar1100,11:00,reclasso,500,deck period,package,1116,0.14117311948949826,0.14447800612177739,-0.00330488663227912,-2.2874669446182017,-0.010200951560072708,0.004416266334276033,False,False,False
bar1100,11:00,reclasso,500,deck period,calibration,1116,0.13919874093408607,0.14447800612177739,-0.005279265187691318,-3.6540268857541816,-0.008692329265697098,-0.002490149549267348,True,False,False
bar1100,11:00,reclasso,500,deck period,as scored,1116,0.13565637779176556,0.13925539411533036,-0.0035990163235648073,-2.584471751653747,-0.010633090215385617,0.00427393897961277,False,False,False
bar1100,11:00,reclasso,2000,common,coefficients,1556,0.1345013557104224,0.13747132469908496,-0.002969968988662554,-2.1604279984670307,-0.007581888169332074,0.001791479450689462,False,False,False
bar1100,11:00,reclasso,2000,common,package,1556,0.1345013557104224,0.14442433255460285,-0.009922976844180451,-6.870709851076409,-0.014511453292448928,-0.0052973739796693085,True,False,False
bar1100,11:00,reclasso,2000,common,calibration,1556,0.13747132469908496,0.14442433255460285,-0.006953007855517897,-4.814291146465334,-0.009796652159627831,-0.004238131685732058,True,False,False
bar1100,11:00,reclasso,2000,common,as scored,1556,0.13302492482507586,0.1391745711668795,-0.006149646341803654,-4.418656576588134,-0.010480985366171505,-0.001646562506945606,True,False,False
bar1100,11:00,reclasso,2000,deck period,coefficients,1116,0.14326595091169006,0.1448267555649541,-0.0015608046532640672,-1.0777046321140944,-0.007228822755207,0.004379230658093962,False,False,False
bar1100,11:00,reclasso,2000,deck period,package,1116,0.14326595091169006,0.15090553107404056,-0.007639580162350543,-5.062491817216591,-0.01339834069257044,-0.0016692417485025645,True,False,False
bar1100,11:00,reclasso,2000,deck period,calibration,1116,0.1448267555649541,0.15090553107404056,-0.006078775509086477,-4.028199275283009,-0.009498286773331371,-0.0034950222674110408,True,False,False
bar1100,11:00,reclasso,2000,deck period,as scored,1116,0.14010779409425356,0.145342939208304,-0.005235145114050413,-3.601925998309046,-0.010948573371123201,0.0005316632430539329,False,False,False
bar1100,11:00,reclasticnet,500,common,coefficients,3056,0.12228571531915496,0.12508587231100213,-0.002800156991847149,-2.238587731862391,-0.006460091732864492,0.0007944210193245908,False,False,False
bar1100,11:00,reclasticnet,500,common,package,3056,0.12228571531915496,0.12974516115960194,-0.007459445840446961,-5.74930561862801,-0.011106481290478542,-0.0036722547425278823,True,False,False
bar1100,11:00,reclasticnet,500,common,calibration,3056,0.12508587231100213,0.12974516115960194,-0.004659288848599812,-3.5911079896600797,-0.006307530506356245,-0.0031680223054761196,True,False,False
bar1100,11:00,reclasticnet,500,common,as scored,3056,0.12038033028207283,0.1272963725678785,-0.00691604228580569,-5.433023853148552,-0.010524223754338936,-0.0031659056972382408,True,False,False
bar1100,11:00,reclasticnet,500,deck period,coefficients,1116,0.14221283363204096,0.13905435207163316,0.0031584815604077665,2.271400724502812,-0.0044994612972582195,0.011367744678823037,False,False,False
bar1100,11:00,reclasticnet,500,deck period,package,1116,0.14221283363204096,0.14441452797572438,-0.002201694343683412,-1.5245656891621804,-0.009680555249663261,0.00634120256806313,False,False,False
bar1100,11:00,reclasticnet,500,deck period,calibration,1116,0.13905435207163316,0.14441452797572438,-0.0053601759040911795,-3.7116597472743247,-0.008638911495031779,-0.002645077836242783,True,False,False
bar1100,11:00,reclasticnet,500,deck period,as scored,1116,0.13695602941534893,0.13916981246380009,-0.002213783048451182,-1.5907063530943655,-0.009739648992105554,0.006248318917641806,False,False,False
bar1100,11:00,reclasticnet,2000,common,coefficients,1556,0.13347353114333146,0.1367145231161556,-0.003240991972824124,-2.370627420519551,-0.007989932103002167,0.0015685408275628453,False,False,False
bar1100,11:00,reclasticnet,2000,common,package,1556,0.13347353114333146,0.14377413705021383,-0.01030060590688236,-7.1644359119226175,-0.015130388353145868,-0.005289643721741107,True,False,False
bar1100,11:00,reclasticnet,2000,common,calibration,1556,0.1367145231161556,0.14377413705021383,-0.007059613934058237,-4.91021130705353,-0.009874562057282946,-0.004398957566064847,True,False,False
bar1100,11:00,reclasticnet,2000,common,as scored,1556,0.13222680815609192,0.1385135085906992,-0.006286700434607258,-4.538691206779086,-0.010708354990494474,-0.0015658125139734612,True,False,False
bar1100,11:00,reclasticnet,2000,deck period,coefficients,1116,0.14169556567207073,0.144037783196836,-0.002342217524765275,-1.6261132827658829,-0.008441783216302071,0.004363660699443893,False,False,False
bar1100,11:00,reclasticnet,2000,deck period,package,1116,0.14169556567207073,0.15021652614303221,-0.008520960470961512,-5.672452086162663,-0.014894006161919777,-0.0017053435272584938,True,False,False
bar1100,11:00,reclasticnet,2000,deck period,calibration,1116,0.144037783196836,0.15021652614303221,-0.006178742946196237,-4.113224493231192,-0.009587888273331256,-0.0035737520113379643,True,False,False
bar1100,11:00,reclasticnet,2000,deck period,as scored,1116,0.138795223592514,0.1446583365029575,-0.005863112910443508,-4.053076408993295,-0.012010274766932779,0.0008188681967761291,False,False,False
bar1100,11:00,ridge,500,common,coefficients,3056,0.13050423809173017,0.12425166061648796,0.006252577475242208,5.032188257460201,0.001355906571889764,0.011621413255911072,False,True,False
bar1100,11:00,ridge,500,common,package,3056,0.13050423809173017,0.1288957149206828,0.0016085231710473297,1.247926024567341,-0.0035153581985533687,0.006974097126140259,False,False,False
bar1100,11:00,ridge,500,common,calibration,3056,0.12425166061648796,0.1288957149206828,-0.0046440543041948775,-3.60295476622527,-0.0062644660098903305,-0.0031693816198763614,True,False,False
bar1100,11:00,ridge,500,common,as scored,3056,0.1287223482645932,0.12655687276251165,0.0021654755020815673,1.7110690670629616,-0.0027829531085636406,0.007303675443048037,False,False,False
bar1100,11:00,ridge,500,deck period,coefficients,1116,0.14850724026767936,0.1378847320429844,0.010622508224694974,7.70390460735239,0.0011134219580171867,0.021857966218472864,False,True,False
bar1100,11:00,ridge,500,deck period,package,1116,0.14850724026767936,0.1433125264260378,0.005194713841641575,3.6247451434906606,-0.0047613090976145935,0.016722394074154313,False,False,False
bar1100,11:00,ridge,500,deck period,calibration,1116,0.1378847320429844,0.1433125264260378,-0.0054277943830534,-3.787383083958562,-0.008528140597428112,-0.0028621224621641953,True,False,False
bar1100,11:00,ridge,500,deck period,as scored,1116,0.14523167655945535,0.13830911811065305,0.006922558448802287,5.005135267556223,-0.0032738369558635736,0.018708844646655957,False,False,False
bar1100,11:00,ridge,2000,common,coefficients,1556,0.13506243230512183,0.13496698386623193,9.544843888987415e-05,0.07071984285021493,-0.004825259143889733,0.005444691020095958,False,False,False
bar1100,11:00,ridge,2000,common,package,1556,0.13506243230512183,0.14205444069165124,-0.006992008386529402,-4.922062522287861,-0.012830825319415633,-0.0011254618053949748,True,False,False
bar1100,11:00,ridge,2000,common,calibration,1556,0.13496698386623193,0.14205444069165124,-0.007087456825419275,-4.9892539725692755,-0.009846290743856618,-0.004505061704420081,True,False,False
bar1100,11:00,ridge,2000,common,as scored,1556,0.1339977205765597,0.13679964726339955,-0.002801926686839832,-2.048197303787553,-0.007749700945665205,0.00258406990399111,False,False,False
bar1100,11:00,ridge,2000,deck period,coefficients,1116,0.14221759695259853,0.14218912966478942,2.846728780916018e-05,0.020020720202923916,-0.006742540227882362,0.0072200567443569934,False,False,False
bar1100,11:00,ridge,2000,deck period,package,1116,0.14221759695259853,0.14835302883597748,-0.006135431883378912,-4.135697081157937,-0.013595632028784211,0.0015046256473961635,False,False,False
bar1100,11:00,ridge,2000,deck period,calibration,1116,0.14218912966478942,0.14835302883597748,-0.006163899171188072,-4.154885963267404,-0.00947089390303458,-0.003568307260362619,True,False,False
bar1100,11:00,ridge,2000,deck period,as scored,1116,0.1399509974399787,0.14282809596727164,-0.0028770985272929483,-2.014378549128192,-0.00960574018038417,0.0041749649055559,False,False,False
bar1130,11:30,reclasso,500,common,coefficients,3058,0.12406125978893713,0.12871546009955057,-0.004654200310613432,-3.615882899392039,-0.008230045475432725,-0.0012597291236111417,True,False,False
bar1130,11:30,reclasso,500,common,package,3058,0.12406125978893713,0.13408366468532226,-0.010022404896385124,-7.474739685782355,-0.014167207750477402,-0.006288907706379317,True,False,False
bar1130,11:30,reclasso,500,common,calibration,3058,0.12871546009955057,0.13408366468532226,-0.005368204585771691,-4.003623109772694,-0.007368405443169288,-0.0034682452653946507,True,False,False
bar1130,11:30,reclasso,500,common,as scored,3058,0.12357754449591409,0.13163412555431986,-0.008056581058405798,-6.120434974197618,-0.01219071400030502,-0.004196966186627027,True,False,False
bar1130,11:30,reclasso,500,deck period,coefficients,1116,0.12768324558370017,0.13665935444531474,-0.00897610886161458,-6.568235960170906,-0.014763871699584753,-0.0033623117085732034,True,False,False
bar1130,11:30,reclasso,500,deck period,package,1116,0.12768324558370017,0.14484570298616856,-0.0171624574024684,-11.848786017564676,-0.023870020991524014,-0.010430595193130957,True,False,False
bar1130,11:30,reclasso,500,deck period,calibration,1116,0.13665935444531474,0.14484570298616856,-0.008186348540853827,-5.651771762698095,-0.013131567206262943,-0.00381512816665988,True,False,False
bar1130,11:30,reclasso,500,deck period,as scored,1116,0.12580721511528295,0.13952743309845964,-0.013720217983176655,-9.83334795064622,-0.01972697127919736,-0.00783580149824687,True,False,False
bar1130,11:30,reclasso,2000,common,coefficients,1558,0.12938382093218997,0.1347526885701563,-0.00536886763796633,-3.9842378619192718,-0.011005795930338066,0.00033729569112344096,False,False,False
bar1130,11:30,reclasso,2000,common,package,1558,0.12938382093218997,0.14442953236214315,-0.015045711429953179,-10.417337218975069,-0.022067213801029405,-0.008014514249967441,True,False,False
bar1130,11:30,reclasso,2000,common,calibration,1558,0.1347526885701563,0.14442953236214315,-0.009676843791986847,-6.7000450903095725,-0.013044052775508175,-0.006536233109079494,True,False,False
bar1130,11:30,reclasso,2000,common,as scored,1558,0.1291676946506273,0.1387648978922105,-0.009597203241583193,-6.916160633821161,-0.01548670022379008,-0.0036672670251392107,True,False,False
bar1130,11:30,reclasso,2000,deck period,coefficients,1116,0.13022138469682853,0.14119059137293788,-0.010969206676109311,-7.769077648478345,-0.01799190134918814,-0.004210504441111864,True,False,False
bar1130,11:30,reclasso,2000,deck period,package,1116,0.13022138469682853,0.15077201541020735,-0.02055063071337881,-13.6302686260885,-0.03025337799099869,-0.011487726981449974,True,False,False
bar1130,11:30,reclasso,2000,deck period,calibration,1116,0.14119059137293788,0.15077201541020735,-0.009581424037269496,-6.3549087748155335,-0.014357167597445588,-0.005552024125801103,True,False,False
bar1130,11:30,reclasso,2000,deck period,as scored,1116,0.1299191886750595,0.14495486157010745,-0.015035672895047956,-10.372658586394461,-0.022597599812252497,-0.0076802425778854854,True,False,False
bar1130,11:30,reclasticnet,500,common,coefficients,3058,0.12450232052159699,0.12855157767350636,-0.0040492571519093815,-3.1499085621443186,-0.008135527388551667,-0.000364802900176366,True,False,False
bar1130,11:30,reclasticnet,500,common,package,3058,0.12450232052159699,0.1338633307837037,-0.009361010262106704,-6.992960811076949,-0.014028163501777172,-0.005141222498088477,True,False,False
bar1130,11:30,reclasticnet,500,common,calibration,3058,0.12855157767350636,0.1338633307837037,-0.00531175311019732,-3.9680419418070874,-0.007279612285235624,-0.0033841739669300437,True,False,False
bar1130,11:30,reclasticnet,500,common,as scored,3058,0.12402134289973706,0.1314434798635874,-0.007422136963850321,-5.646637605420251,-0.01217435714619564,-0.0031100234983500157,True,False,False
bar1130,11:30,reclasticnet,500,deck period,coefficients,1116,0.12730781250434012,0.13658588834416288,-0.009278075839822736,-6.792850968940703,-0.01511514100273587,-0.0035162897720572815,True,False,False
bar1130,11:30,reclasticnet,500,deck period,package,1116,0.12730781250434012,0.1447871299128632,-0.017479317408523033,-12.072424820522762,-0.02483062793457291,-0.010536842503296166,True,False,False
bar1130,11:30,reclasticnet,500,deck period,calibration,1116,0.13658588834416288,0.1447871299128632,-0.008201241568700298,-5.664344319578699,-0.013162797052180382,-0.0038014149614416996,True,False,False
bar1130,11:30,reclasticnet,500,deck period,as scored,1116,0.12539411781884596,0.13950511947327907,-0.014111001654433103,-10.115042163119998,-0.02031515280184685,-0.008076218113618073,True,False,False
bar1130,11:30,reclasticnet,2000,common,coefficients,1558,0.13043273299782226,0.13430737928425734,-0.0038746462864350777,-2.884909457010929,-0.009161249474956173,0.0016052263751936456,False,False,False
bar1130,11:30,reclasticnet,2000,common,package,1558,0.13043273299782226,0.1440915389874252,-0.01365880598960292,-9.479256093444125,-0.020226701716603717,-0.007011268264115069,True,False,False
bar1130,11:30,reclasticnet,2000,common,calibration,1558,0.13430737928425734,0.1440915389874252,-0.009784159703167842,-6.790238880037017,-0.013232071525476214,-0.006601855063382197,True,False,False
bar1130,11:30,reclasticnet,2000,common,as scored,1558,0.13013360921913839,0.13842151914210227,-0.008287909922963911,-5.987443263395787,-0.013783318087050918,-0.002408562782764099,True,False,False
bar1130,11:30,reclasticnet,2000,deck period,coefficients,1116,0.1320533626709145,0.1407155394188799,-0.008662176747965393,-6.155806802672984,-0.015103005106887744,-0.002394326506362086,True,False,False
bar1130,11:30,reclasticnet,2000,deck period,package,1116,0.1320533626709145,0.15042004418522728,-0.01836668151431278,-12.210262012485545,-0.027528290329664442,-0.010066022868851778,True,False,False
bar1130,11:30,reclasticnet,2000,deck period,calibration,1116,0.1407155394188799,0.15042004418522728,-0.009704504766347384,-6.451603454122945,-0.01451218100498121,-0.005642117724489328,True,False,False
bar1130,11:30,reclasticnet,2000,deck period,as scored,1116,0.131606551867221,0.14459614507276103,-0.012989593205540042,-8.983360655295241,-0.02002596217350601,-0.006097308465409892,True,False,False
bar1130,11:30,ridge,500,common,coefficients,3058,0.12967444936889003,0.12740883372011777,0.0022656156487722537,1.7782249335624476,-0.002152227126964107,0.0065276776424924325,False,False,False
bar1130,11:30,ridge,500,common,package,3058,0.12967444936889003,0.13274235189569905,-0.0030679025268090525,-2.311170838090639,-0.007698812697543871,0.0015769225866436878,False,False,False
bar1130,11:30,ridge,500,common,calibration,3058,0.12740883372011777,0.13274235189569905,-0.005333518175581307,-4.017947625164924,-0.0072858291554585885,-0.003414166302507381,True,False,False
bar1130,11:30,ridge,500,common,as scored,3058,0.12925994484163694,0.13035282075835422,-0.0010928759167172784,-0.8383983640394193,-0.005774740647084263,0.0035043216770583867,False,False,False
bar1130,11:30,ridge,500,deck period,coefficients,1116,0.1337358804805404,0.13422850566096226,-0.0004926251804218424,-0.3670048906497756,-0.00802855188079225,0.007240491370113178,False,False,False
bar1130,11:30,ridge,500,deck period,package,1116,0.1337358804805404,0.142653535013634,-0.008917654533093622,-6.25126782329041,-0.01781992358950321,-0.00031526221726189014,True,False,False
bar1130,11:30,ridge,500,deck period,calibration,1116,0.13422850566096226,0.142653535013634,-0.00842502935267178,-5.905938013990724,-0.013308407989516309,-0.0041617930160027005,True,False,False
bar1130,11:30,ridge,500,deck period,as scored,1116,0.1320006874326157,0.13737498412274654,-0.0053742966901308515,-3.9121363503335074,-0.01324506802523397,0.0024318256814432533,False,False,False
bar1130,11:30,ridge,2000,common,coefficients,1558,0.12985882035804128,0.13254293010307439,-0.0026841097450331264,-2.025087074011251,-0.0076943768905864485,0.0023749936553418872,False,False,False
bar1130,11:30,ridge,2000,common,package,1558,0.12985882035804128,0.1422523400896347,-0.012393519731593408,-8.712348579843482,-0.018624057275066646,-0.0062080709501339485,True,False,False
bar1130,11:30,ridge,2000,common,calibration,1558,0.13254293010307439,0.1422523400896347,-0.00970940998656028,-6.825483489721349,-0.013168575718208094,-0.006451803742862054,True,False,False
bar1130,11:30,ridge,2000,common,as scored,1558,0.1293628123235836,0.13664039619607168,-0.007277583872488089,-5.326085165945468,-0.012628186649294854,-0.001668888196257398,True,False,False
bar1130,11:30,ridge,2000,deck period,coefficients,1116,0.131577411817825,0.1385406637275237,-0.006963251909698684,-5.026143027143086,-0.012891008056794712,-0.0009155133529259239,True,False,False
bar1130,11:30,ridge,2000,deck period,package,1116,0.131577411817825,0.14820271094506304,-0.01662529912723805,-11.217945354185085,-0.025021329738236356,-0.008369577691834938,True,False,False
bar1130,11:30,ridge,2000,deck period,calibration,1116,0.1385406637275237,0.14820271094506304,-0.009662047217539368,-6.5194807543844275,-0.014476828400223447,-0.00553446868370497,True,False,False
bar1130,11:30,ridge,2000,deck period,as scored,1116,0.13087420033904174,0.14241742145610337,-0.011543221117061651,-8.10520300047671,-0.01826865686671373,-0.004772889338141414,True,False,False
bar1200,12:00,reclasso,500,common,coefficients,2997,0.13332368480252393,0.1338728758811933,-0.0005491910786693211,-0.4102332717171967,-0.0036045427651615735,0.0024982416703534975,False,False,False
bar1200,12:00,reclasso,500,common,package,2997,0.13332368480252393,0.13977739058411748,-0.006453705781593546,-4.617131393442154,-0.010032849489295911,-0.0029772132429746875,True,False,False
bar1200,12:00,reclasso,500,common,calibration,2997,0.1338728758811933,0.13977739058411748,-0.0059045147029242245,-4.224227307613752,-0.007508567292365934,-0.004339799011971315,True,False,False
bar1200,12:00,reclasso,500,common,as scored,2997,0.1325369741279493,0.13707956172757269,-0.004542587599623395,-3.313832888269063,-0.007772298318170445,-0.0012648097497172854,True,False,False
bar1200,12:00,reclasso,500,deck period,coefficients,1116,0.12442021568926195,0.12929621533616792,-0.0048759996469059505,-3.771185130383311,-0.010984363565999763,0.0015867056024069482,False,False,False
bar1200,12:00,reclasso,500,deck period,package,1116,0.12442021568926195,0.13774733529251149,-0.013327119603249537,-9.675047125194046,-0.02041153183682961,-0.0060438655936092805,True,False,False
bar1200,12:00,reclasso,500,deck period,calibration,1116,0.12929621533616792,0.13774733529251149,-0.008451119956343588,-6.135232989006521,-0.011689338523954033,-0.005512704991478347,True,False,False
bar1200,12:00,reclasso,500,deck period,as scored,1116,0.12238131404307052,0.132127908157572,-0.009746594114501454,-7.376635451518647,-0.015877298585586615,-0.0032993577133139107,True,False,False
bar1200,12:00,reclasso,2000,common,coefficients,1497,0.15292207198125765,0.15258202010591265,0.00034005187534500233,0.22286497131769534,-0.004720625555163995,0.005902709486758422,False,False,False
bar1200,12:00,reclasso,2000,common,package,1497,0.15292207198125765,0.16103120482991404,-0.008109132848656393,-5.035752453831232,-0.013397747005104044,-0.0018697192904290761,True,False,False
bar1200,12:00,reclasso,2000,common,calibration,1497,0.15258202010591265,0.16103120482991404,-0.008449184724001396,-5.246923869771499,-0.010905908932561714,-0.006026702233414297,True,False,False
bar1200,12:00,reclasso,2000,common,as scored,1497,0.15201491981397833,0.15558507174519765,-0.0035701519312192832,-2.294662264941547,-0.008695733229820753,0.0023024362897966777,False,False,False
bar1200,12:00,reclasso,2000,deck period,coefficients,1116,0.13631530874370956,0.13610711825322866,0.0002081904904809167,0.1529607658679366,-0.004915825532438745,0.005605469359151221,False,False,False
bar1200,12:00,reclasso,2000,deck period,package,1116,0.13631530874370956,0.1454476952761514,-0.009132386532441814,-6.278811441530777,-0.014253606056818559,-0.003927263784612493,True,False,False
bar1200,12:00,reclasso,2000,deck period,calibration,1116,0.13610711825322866,0.1454476952761514,-0.00934057702292273,-6.421949144803174,-0.012315454538305256,-0.006595113685200354,True,False,False
bar1200,12:00,reclasso,2000,deck period,as scored,1116,0.1348776696490195,0.13935574798078842,-0.00447807833176892,-3.2134148728377303,-0.009357960689074903,0.0006707759290276594,False,False,False
bar1200,12:00,reclasticnet,500,common,coefficients,2997,0.13482792180739567,0.13371573633613484,0.0011121854712608302,0.8317536153448809,-0.0025229683917398966,0.005274818667785535,False,False,False
bar1200,12:00,reclasticnet,500,common,package,2997,0.13482792180739567,0.1395798617882564,-0.004751939980860747,-3.404459583195083,-0.009005128487020482,2.8425118993866572e-05,False,False,False
bar1200,12:00,reclasticnet,500,common,calibration,2997,0.13371573633613484,0.1395798617882564,-0.0058641254521215784,-4.2012689918102195,-0.007462634916373548,-0.004304216744809665,True,False,False
bar1200,12:00,reclasticnet,500,common,as scored,2997,0.13424066566946619,0.13686838220954564,-0.002627716540079474,-1.9198857308450081,-0.006588571545620482,0.0021027442652915107,False,False,False
bar1200,12:00,reclasticnet,500,deck period,coefficients,1116,0.12634332823446956,0.12931932673028304,-0.0029759984958134806,-2.301278989814431,-0.00954384298748213,0.0038589278929344983,False,False,False
bar1200,12:00,reclasticnet,500,deck period,package,1116,0.12634332823446956,0.13779757133447426,-0.01145424310000469,-8.312369361142045,-0.019068678597835103,-0.0033999250648248207,True,False,False
bar1200,12:00,reclasticnet,500,deck period,calibration,1116,0.12931932673028304,0.13779757133447426,-0.008478244604191209,-6.15268072004845,-0.011673442521087454,-0.00552493136106813,True,False,False
bar1200,12:00,reclasticnet,500,deck period,as scored,1116,0.12442864168085242,0.13215689533929942,-0.007728253658447004,-5.847786934314322,-0.014477549083592101,-0.0006241779227857565,True,False,False
bar1200,12:00,reclasticnet,2000,common,coefficients,1497,0.15229553255022313,0.15230023531000803,-4.702759784930671e-06,-0.0030878217458812033,-0.004864209710634656,0.005303907066015409,False,False,False
bar1200,12:00,reclasticnet,2000,common,package,1497,0.15229553255022313,0.16086527639535267,-0.008569743845129547,-5.327280092484349,-0.013578620129210756,-0.0023149807045530347,True,False,False
bar1200,12:00,reclasticnet,2000,common,calibration,1497,0.15230023531000803,0.16086527639535267,-0.008565041085344617,-5.324356677381781,-0.011027043702804546,-0.0061886345125465895,True,False,False
bar1200,12:00,reclasticnet,2000,common,as scored,1497,0.15164754489220067,0.15538970776411737,-0.003742162871916706,-2.4082437155988057,-0.008541517104804794,0.0019550328128093756,False,False,False
bar1200,12:00,reclasticnet,2000,deck period,coefficients,1116,0.1348805013208608,0.13582488775870272,-0.0009443864378419486,-0.6952970500661716,-0.0058011025446396275,0.004048466497419679,False,False,False
bar1200,12:00,reclasticnet,2000,deck period,package,1116,0.1348805013208608,0.1453051314365612,-0.010424630115700438,-7.174302801722958,-0.015757026134258445,-0.005352898581562087,True,False,False
bar1200,12:00,reclasticnet,2000,deck period,calibration,1116,0.13582488775870272,0.1453051314365612,-0.00948024367785849,-6.524369500327984,-0.012455000758491274,-0.006720933912355815,True,False,False
bar1200,12:00,reclasticnet,2000,deck period,as scored,1116,0.13376346892021,0.13918015403158038,-0.005416685111370391,-3.8918516429729846,-0.010452812315780123,-0.0005681848767901255,True,False,False
bar1200,12:00,ridge,500,common,coefficients,2997,0.14630119057851523,0.13336916684485953,0.012932023733655708,9.696411876591212,0.006948964404538017,0.020231039833123955,False,True,False
bar1200,12:00,ridge,500,common,package,2997,0.14630119057851523,0.1390278463879628,0.007273344190552404,5.231573659176051,0.0009966847205748048,0.015078315540699204,False,True,False
bar1200,12:00,ridge,500,common,calibration,2997,0.13336916684485953,0.1390278463879628,-0.005658679543103305,-4.070177083310729,-0.007310722827265812,-0.004029039812278092,True,False,False
bar1200,12:00,ridge,500,common,as scored,2997,0.14518410644921312,0.1364101028674457,0.008774003581767434,6.432077534824109,0.002631581009605506,0.016333031309475058,False,True,False
bar1200,12:00,ridge,500,deck period,coefficients,1116,0.14266140895810064,0.1294553202357087,0.013206088722391951,10.20127152622748,0.00498696753104105,0.02205110438898926,False,True,False
bar1200,12:00,ridge,500,deck period,package,1116,0.14266140895810064,0.13753472066403452,0.005126688294066094,3.7275593168865386,-0.0032200135333879357,0.01390941592310585,False,False,False
bar1200,12:00,ridge,500,deck period,calibration,1116,0.1294553202357087,0.13753472066403452,-0.008079400428325858,-5.874444205301411,-0.011436443208046562,-0.004986056374826527,True,False,False
bar1200,12:00,ridge,500,deck period,as scored,1116,0.1393924225226492,0.13204658904922745,0.007345833473421743,5.563061890741601,-0.0009445103726314751,0.01604112576621262,False,False,False
bar1200,12:00,ridge,2000,common,coefficients,1497,0.15480641094458475,0.15162658793419284,0.00317982301039191,2.0971407809901907,-0.0023076924905910874,0.008950139945117844,False,False,False
bar1200,12:00,ridge,2000,common,package,1497,0.15480641094458475,0.15981562376461356,-0.005009212820028812,-3.134369908293005,-0.010425075700696108,0.0014131057987431953,False,False,False
bar1200,12:00,ridge,2000,common,calibration,1497,0.15162658793419284,0.15981562376461356,-0.00818903583042072,-5.124052102992161,-0.010679618094998984,-0.005710867537373887,True,False,False
bar1200,12:00,ridge,2000,common,as scored,1497,0.15384864074385413,0.15448103057062654,-0.000632389826772401,-0.4093640652424838,-0.005941304296912665,0.005096131995975023,False,False,False
bar1200,12:00,ridge,2000,deck period,coefficients,1116,0.13869714255390309,0.13519144820986512,0.003505694344037965,2.593133212535665,-0.0021483485592453232,0.009043830859891714,False,False,False
bar1200,12:00,ridge,2000,deck period,package,1116,0.13869714255390309,0.14425695628369173,-0.005559813729788655,-3.8541044210407986,-0.011249481964066483,0.0002218926247078356,False,False,False
bar1200,12:00,ridge,2000,deck period,calibration,1116,0.13519144820986512,0.14425695628369173,-0.00906550807382662,-6.284277935268954,-0.01214058845996332,-0.006229092109244757,True,False,False
bar1200,12:00,ridge,2000,deck period,as scored,1116,0.1372461329613872,0.13825446966271684,-0.0010083367013296225,-0.7293338897393645,-0.006489799978052992,0.004397383735980057,False,False,False
bar1230,12:30,reclasso,500,common,coefficients,2997,0.1407103402382033,0.1427949972982611,-0.0020846570600577745,-1.459895023985662,-0.005428310056306798,0.0012898804313836753,False,False,False
bar1230,12:30,reclasso,500,common,package,2997,0.1407103402382033,0.14769625820964447,-0.006985917971441151,-4.729922109147228,-0.010897902165501005,-0.003002197486062596,True,False,False
bar1230,12:30,reclasso,500,common,calibration,2997,0.1427949972982611,0.14769625820964447,-0.004901260911383378,-3.3184733119144982,-0.006471829639508595,-0.0034847768815496204,True,False,False
bar1230,12:30,reclasso,500,common,as scored,2997,0.13899631346949445,0.14516100719186395,-0.0061646937223694765,-4.2467972919348815,-0.009819899644638265,-0.002826793643522772,True,False,False
bar1230,12:30,reclasso,500,deck period,coefficients,1116,0.1421776340603475,0.14364187882689128,-0.0014642447665437755,-1.0193717727045306,-0.007864382210435554,0.005127010068843755,False,False,False
bar1230,12:30,reclasso,500,deck period,package,1116,0.1421776340603475,0.15053623205004377,-0.008358597989696275,-5.552548961712799,-0.015991165886765375,-0.00039658346165602135,True,False,False
bar1230,12:30,reclasso,500,deck period,calibration,1116,0.14364187882689128,0.15053623205004377,-0.006894353223152499,-4.579863019861267,-0.010001753392015875,-0.004288666115193388,True,False,False
bar1230,12:30,reclasso,500,deck period,as scored,1116,0.1380203512326172,0.14534126709000708,-0.007320915857389898,-5.037052451769389,-0.013786464956445905,-0.0004712545640946904,True,False,False
bar1230,12:30,reclasso,2000,common,coefficients,1497,0.15543328863871908,0.1608999415993005,-0.005466652960581398,-3.397548132239449,-0.01064530980501317,-0.0004643540999759369,True,False,False
bar1230,12:30,reclasso,2000,common,package,1497,0.15543328863871908,0.16796557612999055,-0.012532287491271476,-7.461223769787561,-0.018134689263094965,-0.007386723091028112,True,False,False
bar1230,12:30,reclasso,2000,common,calibration,1497,0.1608999415993005,0.16796557612999055,-0.007065634530690078,-4.206596788154913,-0.009377501292611083,-0.00499612912139703,True,False,False
bar1230,12:30,reclasso,2000,common,as scored,1497,0.15443849297046122,0.16244684553002117,-0.008008352559559942,-4.929829528810363,-0.013029082638290078,-0.003251307827954893,True,False,False
bar1230,12:30,reclasso,2000,deck period,coefficients,1116,0.1474492633749735,0.1515565293011429,-0.0041072659261694325,-2.7100554130586434,-0.009501485110590669,0.0013073493664415017,False,False,False
bar1230,12:30,reclasso,2000,deck period,package,1116,0.1474492633749735,0.15897910823438594,-0.011529844859412471,-7.252427685286673,-0.017618753553982167,-0.005609497932629092,True,False,False
bar1230,12:30,reclasso,2000,deck period,calibration,1116,0.1515565293011429,0.15897910823438594,-0.00742257893324304,-4.668902106495522,-0.010473716813032968,-0.00482377984558032,True,False,False
bar1230,12:30,reclasso,2000,deck period,as scored,1116,0.1462269101159345,0.15322464674495911,-0.006997736629024616,-4.566978470945526,-0.012174506829811594,-0.001672553116218467,True,False,False
bar1230,12:30,reclasticnet,500,common,coefficients,2997,0.1415769263188619,0.14228022654751313,-0.0007033002286512679,-0.49430637391936355,-0.004473931324057568,0.0031174327444381286,False,False,False
bar1230,12:30,reclasticnet,500,common,package,2997,0.1415769263188619,0.14718801945786628,-0.00561109313900439,-3.8121941987340953,-0.010050250790495055,-0.0012404562609305086,True,False,False
bar1230,12:30,reclasticnet,500,common,calibration,2997,0.14228022654751313,0.14718801945786628,-0.004907792910353121,-3.334369827401622,-0.006447925546769367,-0.0035135766791523867,True,False,False
bar1230,12:30,reclasticnet,500,common,as scored,2997,0.13970988728999106,0.14464647426598518,-0.0049365869759941065,-3.412863674033558,-0.008896038713916461,-0.0010872752532558694,True,False,False
bar1230,12:30,reclasticnet,500,deck period,coefficients,1116,0.14299855012941204,0.14311535714320153,-0.00011680701378947666,-0.08161738622683191,-0.006868362753990138,0.007403159695580321,False,False,False
bar1230,12:30,reclasticnet,500,deck period,package,1116,0.14299855012941204,0.15005018034604914,-0.007051630216637123,-4.699514655946759,-0.015079241244937765,0.0016678098456440798,False,False,False
bar1230,12:30,reclasticnet,500,deck period,calibration,1116,0.14311535714320153,0.15005018034604914,-0.006934823202847646,-4.6216693554478905,-0.009972001313148574,-0.004393455657083736,True,False,False
bar1230,12:30,reclasticnet,500,deck period,as scored,1116,0.13867735868382208,0.14476203659602482,-0.006084677912202766,-4.2032276246449625,-0.013243133187540076,0.0013875414234159281,False,False,False
bar1230,12:30,reclasticnet,2000,common,coefficients,1497,0.15618742236296143,0.1610225438954364,-0.004835121532475012,-3.0027606169325,-0.010178947854245038,0.0007779851093822996,False,False,False
bar1230,12:30,reclasticnet,2000,common,package,1497,0.15618742236296143,0.16807921635313602,-0.011891793990174607,-7.075112704708139,-0.017525506087527207,-0.005887061949497656,True,False,False
bar1230,12:30,reclasticnet,2000,common,calibration,1497,0.1610225438954364,0.16807921635313602,-0.0070566724576995934,-4.198420608335928,-0.009390559893073407,-0.004962731391406481,True,False,False
bar1230,12:30,reclasticnet,2000,common,as scored,1497,0.15506817639141454,0.16261089581128962,-0.0075427194198750885,-4.638508005409696,-0.012452544549629468,-0.002457714507636783,True,False,False
bar1230,12:30,reclasticnet,2000,deck period,coefficients,1116,0.14870051657911088,0.15183454288408887,-0.003134026304977999,-2.064106260306344,-0.009574765926580523,0.00394787851537806,False,False,False
bar1230,12:30,reclasticnet,2000,deck period,package,1116,0.14870051657911088,0.15923728134124054,-0.010536764762129659,-6.617021261214387,-0.017782315498929013,-0.002727796459409022,True,False,False
bar1230,12:30,reclasticnet,2000,deck period,calibration,1116,0.15183454288408887,0.15923728134124054,-0.00740273845715166,-4.648872672780579,-0.01048672920871267,-0.004768688082206364,True,False,False
bar1230,12:30,reclasticnet,2000,deck period,as scored,1116,0.14723734707283595,0.1535515567542818,-0.006314209681445846,-4.112110495597286,-0.012492486346752351,0.0003022947536815709,False,False,False
bar1230,12:30,ridge,500,common,coefficients,2997,0.14932641629810303,0.14150455780063792,0.00782185849746512,5.527637144017038,0.0027391790321437182,0.013222217787552277,False,True,False
bar1230,12:30,ridge,500,common,package,2997,0.14932641629810303,0.14637047585139618,0.0029559404467068523,2.0194922709057086,-0.002518526028280918,0.008591519887581427,False,False,False
bar1230,12:30,ridge,500,common,calibration,2997,0.14150455780063792,0.14637047585139618,-0.004865918050758268,-3.324384936548564,-0.006416962103140562,-0.0034822320896827313,True,False,False
bar1230,12:30,ridge,500,common,as scored,2997,0.1475135777948088,0.14389942424838387,0.00361415354642494,2.5115830485788275,-0.001297886124207077,0.008707762129252034,False,False,False
bar1230,12:30,ridge,500,deck period,coefficients,1116,0.14922301056155388,0.14154024657718062,0.007682763984373282,5.42797131569496,0.0006316167860394035,0.015089864087943062,False,True,False
bar1230,12:30,ridge,500,deck period,package,1116,0.14922301056155388,0.14849150359235763,0.0007315069691962759,0.4926254711545153,-0.006925375466469355,0.00867811556020454,False,False,False
bar1230,12:30,ridge,500,deck period,calibration,1116,0.14154024657718062,0.14849150359235763,-0.006951257015177007,-4.681248992036448,-0.010025302040707727,-0.004350911817975733,True,False,False
bar1230,12:30,ridge,500,deck period,as scored,1116,0.14587109285337474,0.1433848593088389,0.0024862335445358557,1.7339582132453177,-0.004460481257227259,0.009721941698351387,False,False,False
bar1230,12:30,ridge,2000,common,coefficients,1497,0.15962197733802,0.15930683564508397,0.0003151416929359993,0.19782057164081535,-0.005384195582185017,0.005892022119543751,False,False,False
bar1230,12:30,ridge,2000,common,package,1497,0.15962197733802,0.1663246509010363,-0.006702673563016321,-4.029873820089623,-0.012863218658232364,-0.0006556839797434827,True,False,False
bar1230,12:30,ridge,2000,common,calibration,1497,0.15930683564508397,0.1663246509010363,-0.00701781525595232,-4.219347654081621,-0.009370609938205838,-0.004945448708965298,True,False,False
bar1230,12:30,ridge,2000,common,as scored,1497,0.1585441753645315,0.16085175412100008,-0.0023075787564685846,-1.4345996840871986,-0.007809836431278494,0.0032585946030871927,False,False,False
bar1230,12:30,ridge,2000,deck period,coefficients,1116,0.15001973579108335,0.14995050856160302,6.922722948031017e-05,0.04616671870230441,-0.0061654601046985565,0.006565132013764419,False,False,False
bar1230,12:30,ridge,2000,deck period,package,1116,0.15001973579108335,0.15726507868654693,-0.007245342895463597,-4.607089479734189,-0.014553334737907176,-0.0002207247761213125,True,False,False
bar1230,12:30,ridge,2000,deck period,calibration,1116,0.14995050856160302,0.15726507868654693,-0.007314570124943908,-4.651108934058368,-0.010416422835496712,-0.00469085551849858,True,False,False
bar1230,12:30,ridge,2000,deck period,as scored,1116,0.1487182958595948,0.1515905222048021,-0.0028722263452072953,-1.8947268624926663,-0.008990910532321652,0.0033530011366366304,False,False,False
bar1300,13:00,reclasso,500,common,coefficients,2997,0.16048829037215753,0.1585192214150674,0.0019690689570901177,1.2421641612371404,-0.003996121965179849,0.009324213237012881,False,False,False
bar1300,13:00,reclasso,500,common,package,2997,0.16048829037215753,0.16137270876758356,-0.0008844183954260477,-0.5480594594838388,-0.0070912894796685885,0.007284528662098844,False,False,False
bar1300,13:00,reclasso,500,common,calibration,2997,0.1585192214150674,0.16137270876758356,-0.0028534873525161647,-1.7682589418672332,-0.00428678813327308,-0.0013889142010712605,True,False,False
bar1300,13:00,reclasso,500,common,as scored,2997,0.15845873364225765,0.15848463965503817,-2.5906012780508106e-05,-0.016346071667825864,-0.00525803664332587,0.0059969851388250945,False,False,False
bar1300,13:00,reclasso,500,deck period,coefficients,1116,0.1632611451740697,0.16329619409270799,-3.504891863830868e-05,-0.021463402030307204,-0.009514398184413521,0.01125456662600955,False,False,False
bar1300,13:00,reclasso,500,deck period,package,1116,0.1632611451740697,0.16698760464697318,-0.00372645947290351,-2.231578493973598,-0.014829436430124826,0.00954726184813102,False,False,False
bar1300,13:00,reclasso,500,deck period,calibration,1116,0.16329619409270799,0.16698760464697318,-0.0036914105542652,-2.2105895596677216,-0.006280459280636124,-0.0008883411790115178,True,False,False
bar1300,13:00,reclasso,500,deck period,as scored,1116,0.16214953458061035,0.16239374662966918,-0.00024421204905882504,-0.15038266813052745,-0.01057212057564485,0.012366972161356633,False,False,False
bar1300,13:00,reclasso,2000,common,coefficients,1497,0.17781522322575272,0.18318469538029866,-0.00536947215454593,-2.9311794543745555,-0.012660044716465405,0.0043083031700941994,False,False,False
bar1300,13:00,reclasso,2000,common,package,1497,0.17781522322575272,0.1874623898728066,-0.00964716664705392,-5.146187805244311,-0.01812310736968577,0.0014812121242544927,False,False,False
bar1300,13:00,reclasso,2000,common,calibration,1497,0.18318469538029866,0.1874623898728066,-0.004277694492507988,-2.2818947818868667,-0.0061707610628481,-0.002231052044016896,True,False,False
bar1300,13:00,reclasso,2000,common,as scored,1497,0.17719437646807296,0.1820699363665649,-0.004875559898491994,-2.6778500590432106,-0.0120296444668612,0.00425897540655665,False,False,False
bar1300,13:00,reclasso,2000,deck period,coefficients,1116,0.1638056695723848,0.1690509554387499,-0.005245285866365113,-3.1027839226058505,-0.014283769720795056,0.006242504165796579,False,False,False
bar1300,13:00,reclasso,2000,deck period,package,1116,0.1638056695723848,0.17348689765564143,-0.009681228083256652,-5.580379967640651,-0.020066298424017876,0.00379193829160173,False,False,False
bar1300,13:00,reclasso,2000,deck period,calibration,1116,0.1690509554387499,0.17348689765564143,-0.004435942216891539,-2.5569321238867,-0.006908359719931548,-0.0018396657015999553,True,False,False
bar1300,13:00,reclasso,2000,deck period,as scored,1116,0.1637770932845882,0.16843668278880056,-0.004659589504212373,-2.766374537341691,-0.013169192153741804,0.005998844387243956,False,False,False
bar1300,13:00,reclasticnet,500,common,coefficients,2997,0.16269304786799305,0.15927792095195725,0.003415126916035793,2.1441307719391265,-0.0030965992447306227,0.011236371028617331,False,False,False
bar1300,13:00,reclasticnet,500,common,package,2997,0.16269304786799305,0.16204542493288338,0.0006476229351096691,0.3996551802544898,-0.00628611615845866,0.009088953891600944,False,False,False
bar1300,13:00,reclasticnet,500,common,calibration,2997,0.15927792095195725,0.16204542493288338,-0.002767503980926124,-1.7078569062177347,-0.004300732889170758,-0.001216610476660913,True,False,False
bar1300,13:00,reclasticnet,500,common,as scored,2997,0.16104103318529622,0.15912771521113583,0.001913317974160386,1.2023788386716503,-0.004282337709084219,0.008652611268527535,False,False,False
bar1300,13:00,reclasticnet,500,deck period,coefficients,1116,0.16664237288344774,0.16540812941199973,0.0012342434714479804,0.7461806598233863,-0.009960196139508947,0.014106407434881505,False,False,False
bar1300,13:00,reclasticnet,500,deck period,package,1116,0.16664237288344774,0.16891193649923822,-0.0022695636157905215,-1.343637201033899,-0.015336251903721997,0.012726728722352204,False,False,False
bar1300,13:00,reclasticnet,500,deck period,calibration,1116,0.16540812941199973,0.16891193649923822,-0.0035038070872385,-2.0743395403878413,-0.006236622288355315,-0.00035026237141833473,True,False,False
bar1300,13:00,reclasticnet,500,deck period,as scored,1116,0.16662032836467988,0.16429527999334428,0.0023250483713355883,1.4151644352958754,-0.010705478653517826,0.017982446559362125,False,False,False
bar1300,13:00,reclasticnet,2000,common,coefficients,1497,0.18091166154447488,0.18259835297710678,-0.0016866914326318912,-0.9237166738537668,-0.00967160436558863,0.009139316535675755,False,False,False
bar1300,13:00,reclasticnet,2000,common,package,1497,0.18091166154447488,0.18692207627986604,-0.006010414735391163,-3.215465425492154,-0.014935345771799797,0.005930648559693548,False,False,False
bar1300,13:00,reclasticnet,2000,common,calibration,1497,0.18259835297710678,0.18692207627986604,-0.0043237233027592714,-2.313115384127045,-0.006186779899563478,-0.002323489576408776,True,False,False
bar1300,13:00,reclasticnet,2000,common,as scored,1497,0.17940640156996643,0.1814764332381777,-0.00207003166821125,-1.1406614243373678,-0.009624620812590814,0.008169929572431444,False,False,False
bar1300,13:00,reclasticnet,2000,deck period,coefficients,1116,0.16741217468493627,0.16818471397209242,-0.0007725392871561507,-0.45933977524517555,-0.009805729697222414,0.01235115538181838,False,False,False
bar1300,13:00,reclasticnet,2000,deck period,package,1116,0.16741217468493627,0.17272842082899575,-0.005316246144059487,-3.0778062570968943,-0.015612999248444398,0.009565426767378916,False,False,False
bar1300,13:00,reclasticnet,2000,deck period,calibration,1116,0.16818471397209242,0.17272842082899575,-0.004543706856903336,-2.630549642668063,-0.0069911388041884225,-0.0020048826718122364,True,False,False
bar1300,13:00,reclasticnet,2000,deck period,as scored,1116,0.1662206428593575,0.16760075655323184,-0.001380113693874345,-0.8234531408192097,-0.009688159095074084,0.01071996835959635,False,False,False
bar1300,13:00,ridge,500,common,coefficients,2997,0.16996139014817047,0.15780253309912612,0.012158857049044352,7.705108916982072,0.004812819009758669,0.021441646440851916,False,True,False
bar1300,13:00,ridge,500,common,package,2997,0.16996139014817047,0.16061276778813238,0.009348622360038101,5.82059725934744,0.001541002943145708,0.019258893537818268,False,True,False
bar1300,13:00,ridge,500,common,calibration,2997,0.15780253309912612,0.16061276778813238,-0.0028102346890062496,-1.7496956983602252,-0.004311034463533703,-0.0012829952004998792,True,False,False
bar1300,13:00,ridge,500,common,as scored,2997,0.1675346554637389,0.15772139893659298,0.009813256527145932,6.2218929031253705,0.0030450824243446195,0.017444665388327344,False,True,False
bar1300,13:00,ridge,500,deck period,coefficients,1116,0.17330958784358297,0.16309616351502174,0.010213424328561226,6.262210041268403,-3.628076880189174e-05,0.02227321330042453,False,False,False
bar1300,13:00,ridge,500,deck period,package,1116,0.17330958784358297,0.1667775010411836,0.006532086802399363,3.916647486393472,-0.005723252105924491,0.020677109854278584,False,False,False
bar1300,13:00,ridge,500,deck period,calibration,1116,0.16309616351502174,0.1667775010411836,-0.0036813375261618626,-2.2073346243824594,-0.0064600254120989065,-0.0005308710120450673,True,False,False
bar1300,13:00,ridge,500,deck period,as scored,1116,0.1727336596424842,0.16224530995135383,0.010488349691130347,6.464501004235549,-0.0013941573480455507,0.024719260367154428,False,False,False
bar1300,13:00,ridge,2000,common,coefficients,1497,0.17911892983776687,0.17993593392389473,-0.0008170040861279236,-0.4540527666216364,-0.008758928856309528,0.009307227338735291,False,False,False
bar1300,13:00,ridge,2000,common,package,1497,0.17911892983776687,0.1843097116032626,-0.005190781765495776,-2.816336545883831,-0.014087211784774683,0.006373770008643934,False,False,False
bar1300,13:00,ridge,2000,common,calibration,1497,0.17993593392389473,0.1843097116032626,-0.004373777679367853,-2.3730587180249434,-0.006279862796600939,-0.0023881471560574874,True,False,False
bar1300,13:00,ridge,2000,common,as scored,1497,0.17844756567217201,0.1789314157086873,-0.00048385003651530437,-0.27041089156922876,-0.00830740728305574,0.009162395288957867,False,False,False
bar1300,13:00,ridge,2000,deck period,coefficients,1116,0.16540741507001405,0.16541371676929612,-6.301699282082532e-06,-0.00380965944370355,-0.009790284119876634,0.011663337377453073,False,False,False
bar1300,13:00,ridge,2000,deck period,package,1116,0.16540741507001405,0.17002841013641215,-0.004620995066398097,-2.71777820111987,-0.01582336229238703,0.008848491255379329,False,False,False
bar1300,13:00,ridge,2000,deck period,calibration,1116,0.16541371676929612,0.17002841013641215,-0.004614693367116014,-2.714071938574083,-0.007118598455475062,-0.0021379850445902506,True,False,False
bar1300,13:00,ridge,2000,deck period,as scored,1116,0.1652129484570382,0.16502527187607594,0.00018767658096226637,0.11372596380462273,-0.009106321588633547,0.011015634885112084,False,False,False
bar1330,13:30,reclasso,500,common,coefficients,2936,0.16588903528231955,0.16695693592346134,-0.0010679006411417938,-0.6396264014041053,-0.005752074121063786,0.004565615096355625,False,False,False
bar1330,13:30,reclasso,500,common,package,2936,0.16588903528231955,0.17113101677861367,-0.005241981496294129,-3.0631393390687913,-0.010617162367401827,0.0008646428609199211,False,False,False
bar1330,13:30,reclasso,500,common,calibration,2936,0.16695693592346134,0.17113101677861367,-0.004174080855152336,-2.4391141557653464,-0.0057383968571894485,-0.002735646799842615,True,False,False
bar1330,13:30,reclasso,500,common,as scored,2936,0.16426340740174256,0.167829623383131,-0.0035662159813884746,-2.124902570535664,-0.007888451426268874,0.0010660533168461786,False,False,False
bar1330,13:30,reclasso,500,deck period,coefficients,1088,0.17182238552225762,0.16999269432225783,0.0018296911999997742,1.0763351962239034,-0.005684568433642094,0.009737779967426682,False,False,False
bar1330,13:30,reclasso,500,deck period,package,1088,0.17182238552225762,0.17447098427161614,-0.002648598749358521,-1.5180740570794204,-0.012427405353315612,0.006919710102892341,False,False,False
bar1330,13:30,reclasso,500,deck period,calibration,1088,0.16999269432225783,0.17447098427161614,-0.004478289949358297,-2.566782074425913,-0.0074649600968833335,-0.0016898527740813922,True,False,False
bar1330,13:30,reclasso,500,deck period,as scored,1088,0.16999723404410425,0.16887870322349155,0.001118530820612662,0.6623279307944561,-0.006540667610663013,0.009420095949425866,False,False,False
bar1330,13:30,reclasso,2000,common,coefficients,1436,0.1789728504209414,0.18206274250160473,-0.0030898920806633205,-1.6971578249383372,-0.008324423112919017,0.0022926966266577364,False,False,False
bar1330,13:30,reclasso,2000,common,package,1436,0.1789728504209414,0.18885971906390392,-0.00988686864296253,-5.235033013904431,-0.015961118036718593,-0.003305537300714403,True,False,False
bar1330,13:30,reclasso,2000,common,calibration,1436,0.18206274250160473,0.18885971906390392,-0.0067969765622992095,-3.5989551377016165,-0.009371193823744886,-0.004453916640974597,True,False,False
bar1330,13:30,reclasso,2000,common,as scored,1436,0.17845215625522212,0.18207461455185386,-0.0036224582966317594,-1.989546047123501,-0.008726652147885877,0.0015928075073491888,False,False,False
bar1330,13:30,reclasso,2000,deck period,coefficients,1088,0.17284186106183141,0.17076968780262716,0.0020721732592042666,1.213431543892761,-0.0035241209146300314,0.008354495012130146,False,False,False
bar1330,13:30,reclasso,2000,deck period,package,1088,0.17284186106183141,0.17660481861472233,-0.003762957552890896,-2.1307219035173053,-0.010464327738234778,0.0031817713680837396,False,False,False
bar1330,13:30,reclasso,2000,deck period,calibration,1088,0.17076968780262716,0.17660481861472233,-0.0058351308120951646,-3.3040609298577372,-0.008851435078482595,-0.003127451575317608,True,False,False
bar1330,13:30,reclasso,2000,deck period,as scored,1088,0.17174534269997505,0.1703586043322084,0.0013867383677666767,0.8140113457741546,-0.0041268737757264124,0.007319764289280447,False,False,False
bar1330,13:30,reclasticnet,500,common,coefficients,2936,0.16979926893261232,0.16644859134532078,0.0033506775872915854,2.0130405191234924,-0.0021967760315505895,0.009639850414554047,False,False,False
bar1330,13:30,reclasticnet,500,common,package,2936,0.16979926893261232,0.1707212228594632,-0.0009219539268508179,-0.5400347487024302,-0.007098606358195504,0.0057815260820154165,False,False,False
bar1330,13:30,reclasticnet,500,common,calibration,2936,0.16644859134532078,0.1707212228594632,-0.004272631514142404,-2.5026950033386366,-0.005844115142933231,-0.002800687797864565,True,False,False
bar1330,13:30,reclasticnet,500,common,as scored,2936,0.16681187389883848,0.16733495380826846,-0.0005230799094299833,-0.31259452823546097,-0.005063705809304553,0.004230878233841327,False,False,False
bar1330,13:30,reclasticnet,500,deck period,coefficients,1088,0.174539421101747,0.16942005129946014,0.0051193698022868675,3.021702427204483,-0.0035478014744174577,0.013883853569159796,False,False,False
bar1330,13:30,reclasticnet,500,deck period,package,1088,0.174539421101747,0.17409712746518505,0.0004422936365619686,0.2540499335064652,-0.010475519185278191,0.01065857261296819,False,False,False
bar1330,13:30,reclasticnet,500,deck period,calibration,1088,0.16942005129946014,0.17409712746518505,-0.0046770761657249004,-2.686475207157106,-0.007713499993293793,-0.0018432915485342993,True,False,False
bar1330,13:30,reclasticnet,500,deck period,as scored,1088,0.17214333320930153,0.1683016779524997,0.003841655256801834,2.2826006867775117,-0.004328278078434157,0.012019508201524315,False,False,False
bar1330,13:30,reclasticnet,2000,common,coefficients,1436,0.17587747511293936,0.18196421925547077,-0.006086744142531399,-3.345022536538265,-0.010758605491178169,-0.0009232955418158759,True,False,False
bar1330,13:30,reclasticnet,2000,common,package,1436,0.17587747511293936,0.188733372061389,-0.012855896948449599,-6.811671305415972,-0.018964444082876113,-0.006405420362286165,True,False,False
bar1330,13:30,reclasticnet,2000,common,calibration,1436,0.18196421925547077,0.188733372061389,-0.0067691528059182,-3.586622085953304,-0.009309852318172988,-0.004459654228797608,True,False,False
bar1330,13:30,reclasticnet,2000,common,as scored,1436,0.17522710564471927,0.18197533802089244,-0.006748232376173217,-3.708322484554725,-0.011200346216036394,-0.00169832119834553,True,False,False
bar1330,13:30,reclasticnet,2000,deck period,coefficients,1088,0.169357902866002,0.17082045389373585,-0.0014625510277338411,-0.8561919807587365,-0.006754507183845785,0.004451813383735632,False,False,False
bar1330,13:30,reclasticnet,2000,deck period,package,1088,0.169357902866002,0.17662103744343705,-0.007263134577435036,-4.112270362901167,-0.014280806318760192,-0.0001400218352087546,True,False,False
bar1330,13:30,reclasticnet,2000,deck period,calibration,1088,0.17082045389373585,0.17662103744343705,-0.005800583549701195,-3.284197417059581,-0.008780689870332257,-0.00312299899893356,True,False,False
bar1330,13:30,reclasticnet,2000,deck period,as scored,1088,0.16817196928246425,0.17040635513210575,-0.00223438584964149,-1.3112103993476685,-0.007308861144806951,0.0032459786552747312,False,False,False
bar1330,13:30,ridge,500,common,coefficients,2936,0.17728816574856085,0.16511635309900313,0.012171812649557709,7.371657877072622,0.005178996160453784,0.02082347390311669,False,True,False
bar1330,13:30,ridge,500,common,package,2936,0.17728816574856085,0.16930270205322917,0.007985463695331681,4.716678232826451,0.0005091587437338731,0.016917500534280244,False,True,False
bar1330,13:30,ridge,500,common,calibration,2936,0.16511635309900313,0.16930270205322917,-0.004186348954226026,-2.4727006146126524,-0.005750663967237778,-0.0027430621184741533,True,False,False
bar1330,13:30,ridge,500,common,as scored,2936,0.17506994289266758,0.1660907525906372,0.00897919030203041,5.406195204715198,0.002934958733165992,0.01594392432325343,False,True,False
bar1330,13:30,ridge,500,deck period,coefficients,1088,0.1792321265658322,0.16798505176367928,0.011247074802152927,6.69528311243745,0.0021148776590143863,0.01995907995196655,False,True,False
bar1330,13:30,ridge,500,deck period,package,1088,0.1792321265658322,0.17255956611745363,0.006672560448378604,3.8668157312338676,-0.0036014546586373665,0.01668565795514434,False,False,False
bar1330,13:30,ridge,500,deck period,calibration,1088,0.16798505176367928,0.17255956611745363,-0.004574514353774321,-2.6509769679535773,-0.00759980161012979,-0.0017795306372171858,True,False,False
bar1330,13:30,ridge,500,deck period,as scored,1088,0.177026925933458,0.1670616367955213,0.009965289137936725,5.965037413187778,0.0012964352017695877,0.018505012693822143,False,True,False
bar1330,13:30,ridge,2000,common,coefficients,1436,0.17637414660534864,0.17965225831469678,-0.003278111709348105,-1.8246983033220983,-0.009509540712033745,0.0031517688066009146,False,False,False
bar1330,13:30,ridge,2000,common,package,1436,0.17637414660534864,0.1864498685544955,-0.010075721949146865,-5.403984474358553,-0.01780338724313858,-0.0020314756730118915,True,False,False
bar1330,13:30,ridge,2000,common,calibration,1436,0.17965225831469678,0.1864498685544955,-0.006797610239798756,-3.6458112266311162,-0.009274403117068683,-0.004447965015479922,True,False,False
bar1330,13:30,ridge,2000,common,as scored,1436,0.17595873609866594,0.17972031052766252,-0.0037615744289965806,-2.093015763189214,-0.010139452259960657,0.0027527936027521805,False,False,False
bar1330,13:30,ridge,2000,deck period,coefficients,1088,0.1712465404443544,0.1689242899092965,0.0023222505350578523,1.3747286055219052,-0.004555409868886875,0.008924875169441756,False,False,False
bar1330,13:30,ridge,2000,deck period,package,1088,0.1712465404443544,0.17470000419611106,-0.0034534637517566794,-1.9767966049273604,-0.012402385772232913,0.004480790895541518,False,False,False
bar1330,13:30,ridge,2000,deck period,calibration,1088,0.1689242899092965,0.17470000419611106,-0.005775714286814532,-3.306075642866586,-0.008777074541303963,-0.003054211613615717,True,False,False
bar1330,13:30,ridge,2000,deck period,as scored,1088,0.17025695314266778,0.16859929297177426,0.0016576601708935307,0.9831952089923917,-0.0049720524151135375,0.008232419702855532,False,False,False
bar1400,14:00,reclasso,500,common,coefficients,2924,0.1585061241940949,0.15646441778784978,0.0020417064062450948,1.3049014179143568,-0.0019696574760963053,0.0060903170415158156,False,False,False
bar1400,14:00,reclasso,500,common,package,2924,0.1585061241940949,0.15799482382947366,0.0005113003646212409,0.32361842763475307,-0.004200508712058589,0.0055553187728876775,False,False,False
bar1400,14:00,reclasso,500,common,calibration,2924,0.15646441778784978,0.15799482382947366,-0.0015304060416238545,-0.9686431520539219,-0.0035632962538893007,0.0007043777115677547,False,False,False
bar1400,14:00,reclasso,500,common,as scored,2924,0.15418217208724985,0.1548191557554541,-0.0006369836682042546,-0.4114372443745963,-0.004402191209563622,0.0031693282056147218,False,False,False
bar1400,14:00,reclasso,500,deck period,coefficients,1088,0.18245653773794027,0.17703715186746255,0.005419385870477723,3.0611573973664594,-0.0014915755080670936,0.012933353927209453,False,False,False
bar1400,14:00,reclasso,500,deck period,package,1088,0.18245653773794027,0.17433039743106532,0.008126140306874937,4.661344450894297,-0.0006903076170572282,0.017675117003975834,False,False,False
bar1400,14:00,reclasso,500,deck period,calibration,1088,0.17703715186746255,0.17433039743106532,0.002706754436397214,1.552657755780964,-0.0014739486284854532,0.007693632524123854,False,False,False
bar1400,14:00,reclasso,500,deck period,as scored,1088,0.16958126216500102,0.16850866238330456,0.0010725997816964613,0.6365250109555981,-0.005466514779675081,0.008261916553328542,False,False,False
bar1400,14:00,reclasso,2000,common,coefficients,1424,0.18001660352984328,0.18705761606237853,-0.007041012532535248,-3.764087600788874,-0.013010721393230769,-0.0006967964710904585,True,False,False
bar1400,14:00,reclasso,2000,common,package,1424,0.18001660352984328,0.1877762398366481,-0.0077596363068048015,-4.132384541066075,-0.015168761729267304,0.00014161530596740578,False,False,False
bar1400,14:00,reclasso,2000,common,calibration,1424,0.18705761606237853,0.1877762398366481,-0.0007186237742695527,-0.3827021858008787,-0.004479322008303594,0.0035050431617027014,False,False,False
bar1400,14:00,reclasso,2000,common,as scored,1424,0.1770526323672087,0.18146696378419508,-0.004414331416986387,-2.432581294651525,-0.01101706811532098,0.0027772285913489833,False,False,False
bar1400,14:00,reclasso,2000,deck period,coefficients,1088,0.1796588600310787,0.18324619242150705,-0.0035873323904283484,-1.9576572604448363,-0.010184470467025804,0.0029380127516678064,False,False,False
bar1400,14:00,reclasso,2000,deck period,package,1088,0.1796588600310787,0.18131069630336893,-0.0016518362722902366,-0.9110528534545944,-0.009347128897908478,0.006463157121629361,False,False,False
bar1400,14:00,reclasso,2000,deck period,calibration,1088,0.18324619242150705,0.18131069630336893,0.0019354961181381127,1.0675024461323792,-0.0023366773466764294,0.007054385771551768,False,False,False
bar1400,14:00,reclasso,2000,deck period,as scored,1088,0.1746352869029646,0.17493695629300993,-0.0003016693900453303,-0.17244463173353172,-0.007641884503561057,0.007954361236337455,False,False,False
bar1400,14:00,reclasticnet,500,common,coefficients,2924,0.15971965408242547,0.15695558031135023,0.0027640737710752216,1.7610547937143575,-0.0021455684191776354,0.008151765437802926,False,False,False
bar1400,14:00,reclasticnet,500,common,package,2924,0.15971965408242547,0.15838523725974327,0.001334416822682186,0.8425133843085477,-0.0041004844375870835,0.007535489175924795,False,False,False
bar1400,14:00,reclasticnet,500,common,calibration,2924,0.15695558031135023,0.15838523725974327,-0.0014296569483930347,-0.9026453305420594,-0.003480555724411414,0.0008201844241539024,False,False,False
bar1400,14:00,reclasticnet,500,common,as scored,2924,0.1557574907934755,0.15521304335360464,0.0005444474398708397,0.35077428295152074,-0.004417596933857166,0.0064410997250259824,False,False,False
bar1400,14:00,reclasticnet,500,deck period,coefficients,1088,0.18441531962592211,0.17695486053170786,0.007460459094214229,4.216023833308279,-0.0005319253722798009,0.01614472539308184,False,False,False
bar1400,14:00,reclasticnet,500,deck period,package,1088,0.18441531962592211,0.17418002639524835,0.010235293230673743,5.876272637281541,0.0006406816018202577,0.02023438721453889,False,True,False
bar1400,14:00,reclasticnet,500,deck period,calibration,1088,0.17695486053170786,0.17418002639524835,0.0027748341364595176,1.5930840027334014,-0.0015395766028210248,0.007869185015401377,False,False,False
bar1400,14:00,reclasticnet,500,deck period,as scored,1088,0.17300678301997321,0.1682755588641609,0.004731224155812325,2.8115931913983823,-0.004594214112879063,0.015290077682301569,False,False,False
bar1400,14:00,reclasticnet,2000,common,coefficients,1424,0.18186286489736309,0.18704768679797387,-0.00518482190061083,-2.7719251648435743,-0.012130492697193055,0.0027229549840910817,False,False,False
bar1400,14:00,reclasticnet,2000,common,package,1424,0.18186286489736309,0.1877529180111774,-0.005890053113814361,-3.137129998407647,-0.014233116483498018,0.003069357657912148,False,False,False
bar1400,14:00,reclasticnet,2000,common,calibration,1424,0.18704768679797387,0.1877529180111774,-0.0007052312132035316,-0.37561664589497745,-0.004418128809648898,0.0035175329373864548,False,False,False
bar1400,14:00,reclasticnet,2000,common,as scored,1424,0.17784951195700383,0.18143016647252982,-0.003580654515526027,-1.9735717522301732,-0.010583866982055727,0.004014370162912051,False,False,False
bar1400,14:00,reclasticnet,2000,deck period,coefficients,1088,0.18161819573642918,0.18336390606060932,-0.001745710324180123,-0.952046867720572,-0.01018363652068095,0.007772866627360418,False,False,False
bar1400,14:00,reclasticnet,2000,deck period,package,1088,0.18161819573642918,0.1814502032687041,0.0001679924677250931,0.09258323479324967,-0.008969069381856761,0.010597949435188265,False,False,False
bar1400,14:00,reclasticnet,2000,deck period,calibration,1088,0.18336390606060932,0.1814502032687041,0.0019137027919052178,1.0546710653563025,-0.0023405312365672648,0.007002124537376349,False,False,False
bar1400,14:00,reclasticnet,2000,deck period,as scored,1088,0.17480915498783536,0.1750565917133471,-0.0002474367255117377,-0.14134670570812444,-0.008624194368383548,0.009229081842655858,False,False,False
bar1400,14:00,ridge,500,common,coefficients,2924,0.17013133315159445,0.15692205111913426,0.013209282032460218,8.417734753181254,0.005022332297404443,0.021680556017927285,False,True,False
bar1400,14:00,ridge,500,common,package,2924,0.17013133315159445,0.15819430062293266,0.01193703252866182,7.5458044200432886,0.0032904141616628183,0.02065782853374785,False,True,False
bar1400,14:00,ridge,500,common,calibration,2924,0.15692205111913426,0.15819430062293266,-0.0012722495037983982,-0.8042321997623008,-0.003343470625608434,0.0009955695579600802,False,False,False
bar1400,14:00,ridge,500,common,as scored,2924,0.1661223851628858,0.15523715118513445,0.010885233977751353,7.012003180069776,0.003106629322412037,0.01873639429739039,False,True,False
bar1400,14:00,ridge,500,deck period,coefficients,1088,0.19947754122859446,0.17870002396530293,0.020777517263291537,11.627036640647445,0.006237907195116273,0.034788888925792245,False,True,False
bar1400,14:00,ridge,500,deck period,package,1088,0.19947754122859446,0.17570270799729007,0.023774833231304388,13.531284464705617,0.009240844593977695,0.03832796763289686,False,True,False
bar1400,14:00,ridge,500,deck period,calibration,1088,0.17870002396530293,0.17570270799729007,0.0029973159680128487,1.7059019762285492,-0.001432754933195419,0.008285456415589669,False,False,False
bar1400,14:00,ridge,500,deck period,as scored,1088,0.18740847658461843,0.17029703066334687,0.017111445921271604,10.048000164546915,0.0017497630158693454,0.03146920941886314,False,True,False
bar1400,14:00,ridge,2000,common,coefficients,1424,0.18597653373939924,0.18524714794361685,0.0007293857957823888,0.3937365858957191,-0.0093315542448607,0.015415710142250376,False,False,False
bar1400,14:00,ridge,2000,common,package,1424,0.18597653373939924,0.18575949600672914,0.00021703773267007674,0.11683802838387038,-0.010795617947220119,0.015439818778709044,False,False,False
bar1400,14:00,ridge,2000,common,calibration,1424,0.18524714794361685,0.18575949600672914,-0.0005123480631123114,-0.2758125824661753,-0.004283174801771413,0.003827709113564687,False,False,False
bar1400,14:00,ridge,2000,common,as scored,1424,0.17843349344183093,0.17945495762919705,-0.001021464187366142,-0.5692036602726607,-0.008572801612687522,0.008348833878759815,False,False,False
bar1400,14:00,ridge,2000,deck period,coefficients,1088,0.18799682966252712,0.18166303698184733,0.006333792680679802,3.486561045058773,-0.00662165314771316,0.02401840412206473,False,False,False
bar1400,14:00,ridge,2000,deck period,package,1088,0.18799682966252712,0.1795341510018077,0.008462678660719447,4.713687403481379,-0.005249468923821095,0.02688944652523414,False,False,False
bar1400,14:00,ridge,2000,deck period,calibration,1088,0.18166303698184733,0.1795341510018077,0.0021288859800396476,1.185783299812531,-0.00219265489661159,0.007300305720007591,False,False,False
bar1400,14:00,ridge,2000,deck period,as scored,1088,0.17703733129785446,0.17320462468715872,0.003832706610695738,2.2128200200302692,-0.005505429283322344,0.014946018864844302,False,False,False
bar1430,14:30,reclasso,500,common,coefficients,2916,0.2555677528807794,0.3095158716747289,-0.05394811879394949,-17.429839220214117,-0.06561091358147196,-0.04339142311126697,True,False,False
bar1430,14:30,reclasso,500,common,package,2916,0.2555677528807794,0.3061075249316747,-0.050539772050895326,-16.51046378627123,-0.06336156735673679,-0.03966925904315777,True,False,False
bar1430,14:30,reclasso,500,common,calibration,2916,0.3095158716747289,0.3061075249316747,0.003408346743054171,1.1134475520701224,0.00014917929857385196,0.006571809801997666,False,True,False
bar1430,14:30,reclasso,500,common,as scored,2916,0.25548166766931796,0.30481454191258456,-0.049332874243266614,-16.18455403529088,-0.06290238189463418,-0.03773925336057124,True,False,False
bar1430,14:30,reclasso,500,deck period,coefficients,1087,0.27896565467033513,0.3396837324604962,-0.06071807779016111,-17.87488536773611,-0.08490054720875714,-0.04020189207486827,True,False,False
bar1430,14:30,reclasso,500,deck period,package,1087,0.27896565467033513,0.33907780406817317,-0.060112149397838044,-17.728128670360334,-0.08815435977060514,-0.036767890548285644,True,False,False
bar1430,14:30,reclasso,500,deck period,calibration,1087,0.3396837324604962,0.33907780406817317,0.000605928392323061,0.1786989254540637,-0.007750468961125372,0.007657815042277089,False,False,False
bar1430,14:30,reclasso,500,deck period,as scored,1087,0.27667373420556857,0.3371617824454855,-0.06048804823991696,-17.94036316962972,-0.09084735569319717,-0.036140372243348554,True,False,False
bar1430,14:30,reclasso,2000,common,coefficients,1416,0.2706725779559846,0.3292825532682634,-0.05860997531227873,-17.7992956901454,-0.07790812889305365,-0.03886999545994195,True,False,False
bar1430,14:30,reclasso,2000,common,package,1416,0.2706725779559846,0.32695917292824417,-0.0562865949722596,-17.215175359099803,-0.07734573326222222,-0.0354195093915936,True,False,False
bar1430,14:30,reclasso,2000,common,calibration,1416,0.3292825532682634,0.32695917292824417,0.002323380340019124,0.7106025866198966,-0.0025011327003443148,0.007212037833209193,False,False,False
bar1430,14:30,reclasso,2000,common,as scored,1416,0.2716065843881438,0.3239615457160094,-0.05235496132786558,-16.160856749881326,-0.07512692934852672,-0.030143372185456218,True,False,False
bar1430,14:30,reclasso,2000,deck period,coefficients,1087,0.2828330633437176,0.34320334826652216,-0.06037028492280458,-17.590237749056776,-0.08503021803265153,-0.037889907049565484,True,False,False
bar1430,14:30,reclasso,2000,deck period,package,1087,0.2828330633437176,0.34008260429397263,-0.057249540950255,-16.834010392594976,-0.08395800931535218,-0.03316408691703365,True,False,False
bar1430,14:30,reclasso,2000,deck period,calibration,1087,0.34320334826652216,0.34008260429397263,0.0031207439725495843,0.9176429294372156,-0.0034307949851505246,0.009031559149401906,False,False,False
bar1430,14:30,reclasso,2000,deck period,as scored,1087,0.2817262898979579,0.33764448271942304,-0.05591819282146515,-16.561263602205,-0.08523863070566437,-0.030546757583214044,True,False,False
bar1430,14:30,reclasticnet,500,common,coefficients,2916,0.2533883393787813,0.30954485278957145,-0.056156513410790136,-18.141640187105722,-0.0684252113356066,-0.04465828573383971,True,False,False
bar1430,14:30,reclasticnet,500,common,package,2916,0.2533883393787813,0.30605698282819765,-0.052668643449416346,-17.20877039390453,-0.06646564222477473,-0.040470645463233375,True,False,False
bar1430,14:30,reclasticnet,500,common,calibration,2916,0.30954485278957145,0.30605698282819765,0.0034878699613737855,1.1396145675694875,0.00024716758014173187,0.006665930504064493,False,True,False
bar1430,14:30,reclasticnet,500,common,as scored,2916,0.25338913299225535,0.30486385323663184,-0.051474720244376534,-16.884494405580593,-0.06562545652570698,-0.0388597401296945,True,False,False
bar1430,14:30,reclasticnet,500,deck period,coefficients,1087,0.2753766393402783,0.34059570871348727,-0.06521906937320894,-19.148529386807958,-0.08994216059281131,-0.04352612730075162,True,False,False
bar1430,14:30,reclasticnet,500,deck period,package,1087,0.2753766393402783,0.33984537328192166,-0.06446873394164337,-18.970019605993805,-0.09333673735284174,-0.04000770697929755,True,False,False
bar1430,14:30,reclasticnet,500,deck period,calibration,1087,0.34059570871348727,0.33984537328192166,0.0007503354315655678,0.22078730227206023,-0.007391083760007573,0.0077767777405068255,False,False,False
bar1430,14:30,reclasticnet,500,deck period,as scored,1087,0.27346229764466246,0.3380156757031961,-0.06455337805853356,-19.097746849828475,-0.09550274480968896,-0.038558468104359256,True,False,False
bar1430,14:30,reclasticnet,2000,common,coefficients,1416,0.27092629365874565,0.3282502825161388,-0.0573239888573931,-17.463500234634132,-0.075664794212323,-0.038485626882200176,True,False,False
bar1430,14:30,reclasticnet,2000,common,package,1416,0.27092629365874565,0.3256438256938715,-0.054717532035125846,-16.80287716757272,-0.07392924333784029,-0.0350971694025868,True,False,False
bar1430,14:30,reclasticnet,2000,common,calibration,1416,0.3282502825161388,0.3256438256938715,0.002606456822267251,0.8004011182197284,-0.0019678248750771227,0.007273112082109437,False,False,False
bar1430,14:30,reclasticnet,2000,common,as scored,1416,0.27241653803741567,0.32252095136083825,-0.050104413323422595,-15.535242939106148,-0.07057913663014398,-0.02941749059917484,True,False,False
bar1430,14:30,reclasticnet,2000,deck period,coefficients,1087,0.28237755229104283,0.3418663969019926,-0.05948884461094975,-17.401196827193345,-0.08181790037674143,-0.037791401889178004,True,False,False
bar1430,14:30,reclasticnet,2000,deck period,package,1087,0.28237755229104283,0.3383811081639213,-0.05600355587287851,-16.55043810712648,-0.08091698143380725,-0.03220901329945035,True,False,False
bar1430,14:30,reclasticnet,2000,deck period,calibration,1087,0.3418663969019926,0.3383811081639213,0.003485288738071249,1.0299891613283791,-0.0028633108197470046,0.009282633284329623,False,False,False
bar1430,14:30,reclasticnet,2000,deck period,as scored,1087,0.28185375119026806,0.3357539036908362,-0.05390015250056815,-16.053470088675326,-0.080857614179089,-0.029354065240444205,True,False,False
bar1430,14:30,ridge,500,common,coefficients,2916,0.276934464582753,0.30958091597800214,-0.032646451395249076,-10.545369468952936,-0.04560577593172666,-0.02096726577898855,True,False,False
bar1430,14:30,ridge,500,common,package,2916,0.276934464582753,0.3064720498268754,-0.029537585244122463,-9.637937704533938,-0.04423046055812428,-0.01696747156487941,True,False,False
bar1430,14:30,ridge,500,common,calibration,2916,0.30958091597800214,0.3064720498268754,0.003108866151126622,1.0144044629462312,-0.0003754859398136808,0.006430105075412786,False,False,False
bar1430,14:30,ridge,500,common,as scored,2916,0.27718241694051704,0.3053633752659208,-0.02818095832540383,-9.228663490132993,-0.04282726593884131,-0.015390173649068395,True,False,False
bar1430,14:30,ridge,500,deck period,coefficients,1087,0.29323952076673326,0.34184606205865914,-0.048606541291925834,-14.218839029242694,-0.07833615275368458,-0.02306863917300085,True,False,False
bar1430,14:30,ridge,500,deck period,package,1087,0.29323952076673326,0.34180520747241167,-0.048565686705678346,-14.208585955963898,-0.08257534451893492,-0.020686869648835603,True,False,False
bar1430,14:30,ridge,500,deck period,calibration,1087,0.34184606205865914,0.34180520747241167,4.0854586247475395e-05,0.01195259327661733,-0.009020776917022643,0.0075942255294644875,False,False,False
bar1430,14:30,ridge,500,deck period,as scored,1087,0.29322034665668084,0.3403023280490227,-0.0470819813923418,-13.835339200371072,-0.08264818211874857,-0.01760593482828778,True,False,False
bar1430,14:30,ridge,2000,common,coefficients,1416,0.283314945646549,0.3278459343733445,-0.04453098872679547,-13.582901008644034,-0.06423607352325389,-0.024798013572989927,True,False,False
bar1430,14:30,ridge,2000,common,package,1416,0.283314945646549,0.32594460761378363,-0.042629661967234576,-13.078805714665194,-0.06406142098455384,-0.02166021415492147,True,False,False
bar1430,14:30,ridge,2000,common,calibration,1416,0.3278459343733445,0.32594460761378363,0.0019013267595609006,0.5833281837304729,-0.0029066261258222483,0.00686548383280559,False,False,False
bar1430,14:30,ridge,2000,common,as scored,1416,0.2842781096600281,0.32303337179709785,-0.03875526213706978,-11.997293629901664,-0.06207769426263249,-0.016104880992305098,True,False,False
bar1430,14:30,ridge,2000,deck period,coefficients,1087,0.29203822255646444,0.3417894294693795,-0.04975120691291511,-14.556098762373297,-0.07430499298496926,-0.025922265767553902,True,False,False
bar1430,14:30,ridge,2000,deck period,package,1087,0.29203822255646444,0.33923067619498465,-0.04719245363852022,-13.911611463874427,-0.07424746706307998,-0.02223135393799035,True,False,False
bar1430,14:30,ridge,2000,deck period,calibration,1087,0.3417894294693795,0.33923067619498465,0.0025587532743948887,0.754281217458104,-0.004371351527881025,0.00870213681954401,False,False,False
bar1430,14:30,ridge,2000,deck period,as scored,1087,0.29125179627271747,0.33689509266477197,-0.045643296392054555,-13.548222394997007,-0.07475999552344847,-0.018959982309935276,True,False,False
bar1500,15:00,reclasso,500,common,coefficients,2914,0.16599810695122338,0.17727330153485615,-0.01127519458363273,-6.360345571504888,-0.017796475871632907,-0.004339771155209327,True,False,False
bar1500,15:00,reclasso,500,common,package,2914,0.16599810695122338,0.17900839346512223,-0.013010286513898848,-7.267975686533243,-0.01985237936036751,-0.0059079509176362425,True,False,False
bar1500,15:00,reclasso,500,common,calibration,2914,0.17727330153485615,0.17900839346512223,-0.0017350919302661198,-0.9692796503445426,-0.003018063437554929,-0.0004706505516902453,True,False,False
bar1500,15:00,reclasso,500,common,as scored,2914,0.16394144031235455,0.17537877277937097,-0.01143733246701644,-6.52150330724732,-0.017884688359614712,-0.004206730141318524,True,False,False
bar1500,15:00,reclasso,500,deck period,coefficients,1087,0.1879300865271592,0.20688707669923787,-0.018956990172078646,-9.162964876553104,-0.03255693483155147,-0.004959680346174341,True,False,False
bar1500,15:00,reclasso,500,deck period,package,1087,0.1879300865271592,0.2074795463374935,-0.019549459810334253,-9.422355193766627,-0.03303491147915862,-0.005072959804318425,True,False,False
bar1500,15:00,reclasso,500,deck period,calibration,1087,0.20688707669923787,0.2074795463374935,-0.0005924696382556076,-0.28555568426580025,-0.0026189449214494005,0.0013513002823829297,False,False,False
bar1500,15:00,reclasso,500,deck period,as scored,1087,0.18373423090360072,0.2010972785220507,-0.01736304761844996,-8.634153453521783,-0.031415631821408885,-0.00230332654144374,True,False,False
bar1500,15:00,reclasso,2000,common,coefficients,1414,0.23172353552260377,0.23629009766683934,-0.004566562144235555,-1.93260834428798,-0.02140680468119488,0.01851672030379485,False,False,False
bar1500,15:00,reclasso,2000,common,package,1414,0.23172353552260377,0.2354636410830259,-0.003740105560422156,-1.588400460988103,-0.020689623578765366,0.019349675075710032,False,False,False
bar1500,15:00,reclasso,2000,common,calibration,1414,0.23629009766683934,0.2354636410830259,0.0008264565838133977,0.3509911678983951,-0.0008285407717007989,0.002551694693259725,False,False,False
bar1500,15:00,reclasso,2000,common,as scored,1414,0.2311915880494363,0.22813880125941405,0.0030527867900222157,1.3381269530521143,-0.012324259509530438,0.02422494889765411,False,False,False
bar1500,15:00,reclasso,2000,deck period,coefficients,1087,0.21207617076724808,0.21708207979728503,-0.005005909030036962,-2.3059982817151767,-0.02565538067908615,0.024289851670913614,False,False,False
bar1500,15:00,reclasso,2000,deck period,package,1087,0.21207617076724808,0.21653857903316343,-0.004462408265915335,-2.0607913314291704,-0.025497060384105135,0.025029312521777383,False,False,False
bar1500,15:00,reclasso,2000,deck period,calibration,1087,0.21708207979728503,0.21653857903316343,0.0005435007641216292,0.2509948880926159,-0.0015932236843801582,0.0026486631387674557,False,False,False
bar1500,15:00,reclasso,2000,deck period,as scored,1087,0.21325031437525357,0.20932355375876613,0.003926760616487418,1.875928697929901,-0.014797893815782016,0.03073524687430338,False,False,False
bar1500,15:00,reclasticnet,500,common,coefficients,2914,0.1679317575865331,0.17799117761279096,-0.010059420026257844,-5.651639683030528,-0.016843869631648332,-0.0030674835873459923,True,False,False
bar1500,15:00,reclasticnet,500,common,package,2914,0.1679317575865331,0.17962562361310364,-0.011693866026570549,-6.510132458472636,-0.01867787181913291,-0.00446847327098135,True,False,False
bar1500,15:00,reclasticnet,500,common,calibration,2914,0.17799117761279096,0.17962562361310364,-0.001634446000312705,-0.9099180659398266,-0.0029346391619817207,-0.00035992729997114136,True,False,False
bar1500,15:00,reclasticnet,500,common,as scored,2914,0.16615319823567723,0.1759818125970895,-0.009828614361412273,-5.585017119874139,-0.016538460994799248,-0.0029190073682011214,True,False,False
bar1500,15:00,reclasticnet,500,deck period,coefficients,1087,0.19066056160408174,0.2072901950876922,-0.01662963348361044,-8.022392702450508,-0.030595048123898322,-0.0011703288054143882,True,False,False
bar1500,15:00,reclasticnet,500,deck period,package,1087,0.19066056160408174,0.20786068050772616,-0.01720011890364443,-8.274830459339858,-0.030933258392295944,-0.00141896631969601,True,False,False
bar1500,15:00,reclasticnet,500,deck period,calibration,1087,0.2072901950876922,0.20786068050772616,-0.000570485420033991,-0.27445566840275315,-0.002626727951312633,0.0014427011656495414,False,False,False
bar1500,15:00,reclasticnet,500,deck period,as scored,1087,0.18752022646616312,0.2014022061110014,-0.013881979644838302,-6.892665136541428,-0.02794474473022836,0.0018999123972920915,False,False,False
bar1500,15:00,reclasticnet,2000,common,coefficients,1414,0.23619776277650884,0.2364962260291863,-0.0002984632526774366,-0.1262021207224689,-0.02186005059474255,0.029234354377931326,False,False,False
bar1500,15:00,reclasticnet,2000,common,package,1414,0.23619776277650884,0.23563664038537804,0.0005611223911307861,0.23813036470605078,-0.020928369093924978,0.029880296613137815,False,False,False
bar1500,15:00,reclasticnet,2000,common,calibration,1414,0.2364962260291863,0.23563664038537804,0.0008595856438082291,0.3647928617563031,-0.0007503198960525464,0.002563788935259551,False,False,False
bar1500,15:00,reclasticnet,2000,common,as scored,1414,0.24290451814577052,0.22834095993066475,0.014563558215105767,6.377987645986932,-0.013450853655020745,0.05991070368468446,False,False,False
bar1500,15:00,reclasticnet,2000,deck period,coefficients,1087,0.218934992449115,0.21771039236782963,0.001224600081285317,0.5624904112139537,-0.02622003000836543,0.03956943211235113,False,False,False
bar1500,15:00,reclasticnet,2000,deck period,package,1087,0.218934992449115,0.21711880255617916,0.0018161898929358092,0.8364959052617623,-0.02530744652195268,0.039332204568832387,False,False,False
bar1500,15:00,reclasticnet,2000,deck period,calibration,1087,0.21771039236782963,0.21711880255617916,0.0005915898116504972,0.27247286033526474,-0.0015022355034899888,0.0026719311703489483,False,False,False
bar1500,15:00,reclasticnet,2000,deck period,as scored,1087,0.22941384850196875,0.209934897865495,0.01947895063647374,9.27856722942456,-0.016723399111054853,0.07549668097342432,False,False,False
bar1500,15:00,ridge,500,common,coefficients,2914,0.18267748330257352,0.17553555121804146,0.007141932084532077,4.068652780006214,1.3638657491080065e-05,0.014473234666905171,False,True,False
bar1500,15:00,ridge,500,common,package,2914,0.18267748330257352,0.17733116488119482,0.0053463184213787115,3.0148780813347407,-0.0019318910718808665,0.012763262794554787,False,False,False
bar1500,15:00,ridge,500,common,calibration,2914,0.17553555121804146,0.17733116488119482,-0.0017956136631533648,-1.0125764776633357,-0.0031189399576812687,-0.0004919900160575484,True,False,False
bar1500,15:00,ridge,500,common,as scored,2914,0.17969135853940604,0.17370247366189107,0.005988884877514959,3.4477832993744366,-0.0008353560485384637,0.013112735805106523,False,False,False
bar1500,15:00,ridge,500,deck period,coefficients,1087,0.20905789041210188,0.20433659070771604,0.004721299704385818,2.3105502974448595,-0.009810274968477684,0.020083878442467472,False,False,False
bar1500,15:00,ridge,500,deck period,package,1087,0.20905789041210188,0.20516795758148937,0.003889932830612498,1.8959748278760733,-0.010814211135093501,0.019405885631807895,False,False,False
bar1500,15:00,ridge,500,deck period,calibration,1087,0.20433659070771604,0.20516795758148937,-0.0008313668737733207,-0.40521282347079723,-0.0030165661874334104,0.0012711071454257403,False,False,False
bar1500,15:00,ridge,500,deck period,as scored,1087,0.20419163944453436,0.1987319788397981,0.005459660604736247,2.747248146277148,-0.008562530706635115,0.021078954647858434,False,False,False
bar1500,15:00,ridge,2000,common,coefficients,1414,0.22694871843446193,0.23325612282059455,-0.006307404386132675,-2.7040680904157535,-0.025071507878605886,0.015947531740185438,False,False,False
bar1500,15:00,ridge,2000,common,package,1414,0.22694871843446193,0.23251564004629569,-0.005566921611833774,-2.3942138304009815,-0.024174023806227657,0.016885624189335098,False,False,False
bar1500,15:00,ridge,2000,common,calibration,1414,0.23325612282059455,0.23251564004629569,0.0007404827742989012,0.318465791871663,-0.0008994704935848455,0.0024483955966860963,False,False,False
bar1500,15:00,ridge,2000,common,as scored,1414,0.226508949171239,0.22523082794532778,0.0012781212259112198,0.5674717078345373,-0.017153429571488406,0.02453103311375506,False,False,False
bar1500,15:00,ridge,2000,deck period,coefficients,1087,0.20479134046221475,0.21355520510240916,-0.008763864640194418,-4.103793506691517,-0.031055199859539452,0.01938891052497827,False,False,False
bar1500,15:00,ridge,2000,deck period,package,1087,0.20479134046221475,0.2132099915880211,-0.008418651125806342,-3.948525612286236,-0.03084685250681264,0.019916794899897197,False,False,False
bar1500,15:00,ridge,2000,deck period,calibration,1087,0.21355520510240916,0.2132099915880211,0.00034521351438807557,0.16191244688716122,-0.001777095216783538,0.0024155532581558257,False,False,False
bar1500,15:00,ridge,2000,deck period,as scored,1087,0.2063935963221154,0.20597987107750776,0.0004137252446076223,0.20085712377785808,-0.021922769528200183,0.029293595648831536,False,False,False
bar1530,15:30,reclasso,500,common,coefficients,2912,0.12604124046750137,0.12864691010153953,-0.0026056696340381563,-2.025442843502056,-0.0077449777598637085,0.0028167455571833414,False,False,False
bar1530,15:30,reclasso,500,common,package,2912,0.12604124046750137,0.1329015653250804,-0.006860324857579046,-5.161959410183415,-0.012263903177163697,-0.0013052366720223145,True,False,False
bar1530,15:30,reclasso,500,common,calibration,2912,0.12864691010153953,0.1329015653250804,-0.00425465522354089,-3.2013582482146856,-0.0062823979808830826,-0.0022418224386490586,True,False,False
bar1530,15:30,reclasso,500,common,as scored,2912,0.12593040698588212,0.1306354726616881,-0.004705065675805987,-3.601675394853038,-0.009928767947426686,0.0010683184294655566,False,False,False
bar1530,15:30,reclasso,500,deck period,coefficients,1087,0.13173535609822887,0.1274283958850423,0.004306960213186567,3.379906168694166,-0.005778628061214032,0.016547474489133757,False,False,False
bar1530,15:30,reclasso,500,deck period,package,1087,0.13173535609822887,0.13260394008862883,-0.0008685839903999514,-0.6550212533801136,-0.010310520811676657,0.011045472907480201,False,False,False
bar1530,15:30,reclasso,500,deck period,calibration,1087,0.1274283958850423,0.13260394008862883,-0.005175544203586516,-3.9030093676909785,-0.008998768322948186,-0.0014155805016473916,True,False,False
bar1530,15:30,reclasso,500,deck period,as scored,1087,0.13207240208947574,0.12887979465668856,0.0031926074327872016,2.477197796048407,-0.007013223855505603,0.016717978759130246,False,False,False
bar1530,15:30,reclasso,2000,common,coefficients,1412,0.13466261634465204,0.13774830161170815,-0.003085685267056129,-2.240089519037566,-0.012250170388475796,0.008908158281124318,False,False,False
bar1530,15:30,reclasso,2000,common,package,1412,0.13466261634465204,0.14432734434748534,-0.00966472800283333,-6.696394260234112,-0.01923837722069608,0.0022918600784272696,False,False,False
bar1530,15:30,reclasso,2000,common,calibration,1412,0.13774830161170815,0.14432734434748534,-0.006579042735777201,-4.558417370957349,-0.009586704595335937,-0.003583100075139906,True,False,False
bar1530,15:30,reclasso,2000,common,as scored,1412,0.13623726172547218,0.13983839577017676,-0.0036011340447046065,-2.575211210677102,-0.013005214861158564,0.008776294173684132,False,False,False
bar1530,15:30,reclasso,2000,deck period,coefficients,1087,0.12930931631301743,0.12923048285676017,7.883345625725631e-05,0.061002214426944285,-0.010344924205851801,0.015667486551453412,False,False,False
bar1530,15:30,reclasso,2000,deck period,package,1087,0.12930931631301743,0.13716213383297404,-0.007852817519956593,-5.725208044312854,-0.018592502502260806,0.008224504909681315,False,False,False
bar1530,15:30,reclasso,2000,deck period,calibration,1087,0.12923048285676017,0.13716213383297404,-0.00793165097621385,-5.782682694243027,-0.01153256557308829,-0.004495418677527613,True,False,False
bar1530,15:30,reclasso,2000,deck period,as scored,1087,0.13171244086588382,0.13255673153612707,-0.0008442906702432375,-0.6369277972225305,-0.011634087287857179,0.015476208470139674,False,False,False
bar1530,15:30,reclasticnet,500,common,coefficients,2912,0.1267439759749938,0.12806980671714052,-0.0013258307421467157,-1.0352406832900063,-0.006857202186337145,0.004436123039544,False,False,False
bar1530,15:30,reclasticnet,500,common,package,2912,0.1267439759749938,0.13242529723916893,-0.0056813212641751475,-4.290208428918458,-0.011558920855802268,0.0006678808187161121,False,False,False
bar1530,15:30,reclasticnet,500,common,calibration,2912,0.12806980671714052,0.13242529723916893,-0.0043554905220284336,-3.289016987564035,-0.006346703249782668,-0.002354830858488368,True,False,False
bar1530,15:30,reclasticnet,500,common,as scored,2912,0.1271217973969238,0.13009480175096982,-0.0029730043540460074,-2.285259913564413,-0.00876535391252199,0.003511102926868856,False,False,False
bar1530,15:30,reclasticnet,500,deck period,coefficients,1087,0.13178182831845878,0.12733034645557054,0.0044514818628882645,3.4960101710251164,-0.006131741505374371,0.01766869020063092,False,False,False
bar1530,15:30,reclasticnet,500,deck period,package,1087,0.13178182831845878,0.13275215740927288,-0.000970329090814074,-0.7309328222987475,-0.011326987960432886,0.012224673662861871,False,False,False
bar1530,15:30,reclasticnet,500,deck period,calibration,1087,0.12733034645557054,0.13275215740927288,-0.005421810953702338,-4.084160332691978,-0.009066613758436147,-0.0017717891924515785,True,False,False
bar1530,15:30,reclasticnet,500,deck period,as scored,1087,0.13279333118131936,0.12889734616148396,0.003895985019835413,3.02254866826698,-0.007040165139848841,0.01865147334099172,False,False,False
bar1530,15:30,reclasticnet,2000,common,coefficients,1412,0.13849812947289503,0.13743424944690344,0.0010638800259915784,0.7741010921754257,-0.011076762411630879,0.018017104998657683,False,False,False
bar1530,15:30,reclasticnet,2000,common,package,1412,0.13849812947289503,0.14413820857943938,-0.005640079106544328,-3.9129660082016993,-0.017995549968508173,0.011965319887769882,False,False,False
bar1530,15:30,reclasticnet,2000,common,calibration,1412,0.13743424944690344,0.14413820857943938,-0.006703959132535906,-4.651063169583609,-0.009725549565218681,-0.0037146007025080047,True,False,False
bar1530,15:30,reclasticnet,2000,common,as scored,1412,0.140005899085121,0.13965436964917746,0.0003515294359435338,0.25171388251338134,-0.012132531231819878,0.018255711048218125,False,False,False
bar1530,15:30,reclasticnet,2000,deck period,coefficients,1087,0.1343565282679644,0.12916246095582318,0.005194067312141198,4.0213443392950685,-0.008327502570058853,0.027609516987670828,False,False,False
bar1530,15:30,reclasticnet,2000,deck period,package,1087,0.1343565282679644,0.13721236166631018,-0.0028558333983457877,-2.0813236968334916,-0.017320579026890014,0.019990456476486635,False,False,False
bar1530,15:30,reclasticnet,2000,deck period,calibration,1087,0.12916246095582318,0.13721236166631018,-0.008049900710486987,-5.866745978808908,-0.011696919850106626,-0.004662150239215476,True,False,False
bar1530,15:30,reclasticnet,2000,deck period,as scored,1087,0.13657971503354446,0.1325942440984748,0.0039854709350696646,3.005764663592594,-0.010399866864446649,0.027994226328218495,False,False,False
bar1530,15:30,ridge,500,common,coefficients,2912,0.13745277632123967,0.12743585856434517,0.010016917756894516,7.860360396000122,0.0019742902205100994,0.01927021839653173,False,True,False
bar1530,15:30,ridge,500,common,package,2912,0.13745277632123967,0.1315720721439127,0.005880704177326979,4.469568717360247,-0.0023159302282590205,0.015281708269800541,False,False,False
bar1530,15:30,ridge,500,common,calibration,2912,0.12743585856434517,0.1315720721439127,-0.004136213579567536,-3.1436865834592704,-0.006087370619161587,-0.002150106046871717,True,False,False
bar1530,15:30,ridge,500,common,as scored,2912,0.13928157502910338,0.1294196776701902,0.009861897358913182,7.620091114772353,0.0007508176868137855,0.02111037357918583,False,True,False
bar1530,15:30,ridge,500,deck period,coefficients,1087,0.15187226576741214,0.12669868822363706,0.025173577543775052,19.868854126840628,0.007889776730153219,0.04662366210002104,False,True,False
bar1530,15:30,ridge,500,deck period,package,1087,0.15187226576741214,0.1318587752345223,0.02001349053288983,15.177973932560878,0.002487386971906785,0.04135239220052025,False,True,False
bar1530,15:30,ridge,500,deck period,calibration,1087,0.12669868822363706,0.1318587752345223,-0.005160087010885215,-3.913343652485435,-0.00871741734111365,-0.00157302463543417,True,False,False
bar1530,15:30,ridge,500,deck period,as scored,1087,0.15609768067745564,0.12832980400905242,0.027767876668403246,21.637901563727546,0.006976430835690056,0.055050465174517664,False,True,False
bar1530,15:30,ridge,2000,common,coefficients,1412,0.14160778926392933,0.13616482742975747,0.005442961834171846,3.997333185752153,-0.010484735333623709,0.027718188362249003,False,False,False
bar1530,15:30,ridge,2000,common,package,1412,0.14160778926392933,0.14250267340514083,-0.0008948841412115321,-0.627977089712093,-0.017004826658499866,0.02158763209494593,False,False,False
bar1530,15:30,ridge,2000,common,calibration,1412,0.13616482742975747,0.14250267340514083,-0.0063378459753833825,-4.447527771892834,-0.009324906322894273,-0.003340644219453186,True,False,False
bar1530,15:30,ridge,2000,common,as scored,1412,0.14360787920218576,0.1381906031237927,0.005417276078393096,3.920147937656976,-0.010860694056729795,0.028720649647358647,False,False,False
bar1530,15:30,ridge,2000,deck period,coefficients,1087,0.1389163095243366,0.12758741218107994,0.011328897343256678,8.879322144396195,-0.007165670884305223,0.0417150894151806,False,False,False
bar1530,15:30,ridge,2000,deck period,package,1087,0.1389163095243366,0.13527860256859842,0.0036377069557381836,2.6890482949020256,-0.015412553568948979,0.035287625948217695,False,False,False
bar1530,15:30,ridge,2000,deck period,calibration,1087,0.12758741218107994,0.13527860256859842,-0.007691190387518493,-5.685444882991283,-0.011186473268259375,-0.004325572620251286,True,False,False
bar1530,15:30,ridge,2000,deck period,as scored,1087,0.14166126691196954,0.13081546643319614,0.010845800478773393,8.290916031944928,-0.008583182806268918,0.042457695972086706,False,False,False
bar1600,16:00,reclasso,500,common,coefficients,2906,0.12355262730681861,0.126960286947235,-0.0034076596404163935,-2.68403586850164,-0.007503032865097726,0.0010504483813236012,False,False,False
bar1600,16:00,reclasso,500,common,package,2906,0.12355262730681861,0.12896276720319985,-0.005410139896381225,-4.195117717857863,-0.01014546188266124,-0.0007442225982181951,True,False,False
bar1600,16:00,reclasso,500,common,calibration,2906,0.126960286947235,0.12896276720319985,-0.002002480255964831,-1.552758442915255,-0.003922587988606319,-0.0002386205866986501,True,False,False
bar1600,16:00,reclasso,500,common,as scored,2906,0.12223112492548521,0.1266153593480457,-0.004384234422560492,-3.462640271397818,-0.00867776240140762,0.00029372576217403964,False,False,False
bar1600,16:00,reclasso,500,deck period,coefficients,1087,0.10817306240102295,0.11476439368464218,-0.006591331283619218,-5.743359130821839,-0.012261143200197451,-0.0011610828322239622,True,False,False
bar1600,16:00,reclasso,500,deck period,package,1087,0.10817306240102295,0.11864435159920544,-0.010471289198182484,-8.825779783900485,-0.018176332661147977,-0.003915653164694711,True,False,False
bar1600,16:00,reclasso,500,deck period,calibration,1087,0.11476439368464218,0.11864435159920544,-0.0038799579145632674,-3.270242419689916,-0.00847651881422666,-0.00013922053784223726,True,False,False
bar1600,16:00,reclasso,500,deck period,as scored,1087,0.10674167085050157,0.11365204509436552,-0.006910374243863939,-6.080290273814468,-0.012532153804439576,-0.0015790850238042988,True,False,False
bar1600,16:00,reclasso,2000,common,coefficients,1406,0.11743227421211151,0.12721735527569872,-0.009785081063587185,-7.691624340390881,-0.015907681282417867,-0.003850859791704482,True,False,False
bar1600,16:00,reclasso,2000,common,package,1406,0.11743227421211151,0.13253152663995793,-0.015099252427846419,-11.392951406095122,-0.021805829348025475,-0.008749611126695499,True,False,False
bar1600,16:00,reclasso,2000,common,calibration,1406,0.12721735527569872,0.13253152663995793,-0.005314171364259238,-4.0097413038152,-0.008913887187508024,-0.002171337984235254,True,False,False
bar1600,16:00,reclasso,2000,common,as scored,1406,0.11621960966320274,0.1279318080237815,-0.011712198360578784,-9.1550323109649,-0.01767041077662428,-0.005860809253943597,True,False,False
bar1600,16:00,reclasso,2000,deck period,coefficients,1087,0.10668324212432696,0.11366974287843101,-0.006986500754104056,-6.146315261376168,-0.012828233015779143,-0.000756234494190245,True,False,False
bar1600,16:00,reclasso,2000,deck period,package,1087,0.10668324212432696,0.1200864190561979,-0.013403176931870934,-11.161276218585995,-0.020032244653035297,-0.006494301904049763,True,False,False
bar1600,16:00,reclasso,2000,deck period,calibration,1087,0.11366974287843101,0.1200864190561979,-0.006416676177766879,-5.343382064514731,-0.010799881462504123,-0.002937151301290282,True,False,False
bar1600,16:00,reclasso,2000,deck period,as scored,1087,0.10532047549809552,0.11469082650729973,-0.0093703510092042,-8.170096331643235,-0.015086490371104034,-0.003085140829190645,True,False,False
bar1600,16:00,reclasticnet,500,common,coefficients,2906,0.1207638161858112,0.12669569602804567,-0.0059318798422344525,-4.681990018762245,-0.010616895117486192,-0.0010015706287506143,True,False,False
bar1600,16:00,reclasticnet,500,common,package,2906,0.1207638161858112,0.1288522878697252,-0.008088471683913977,-6.277320967782694,-0.013410561175520481,-0.0027480717160165698,True,False,False
bar1600,16:00,reclasticnet,500,common,calibration,2906,0.12669569602804567,0.1288522878697252,-0.002156591841679525,-1.673693092558764,-0.004044088647757395,-0.0004270908348048297,True,False,False
bar1600,16:00,reclasticnet,500,common,as scored,2906,0.11960892300658514,0.12643283103981914,-0.00682390803323399,-5.397259538612126,-0.011542793409271772,-0.0016725751765193943,True,False,False
bar1600,16:00,reclasticnet,500,deck period,coefficients,1087,0.10662752190827299,0.11359659433687862,-0.006969072428605639,-6.134930777887908,-0.014466948652295497,-0.00033632203233051024,True,False,False
bar1600,16:00,reclasticnet,500,deck period,package,1087,0.10662752190827299,0.11786917324135843,-0.011241651333085453,-9.537397288828133,-0.021074832070469483,-0.003249354302158405,True,False,False
bar1600,16:00,reclasticnet,500,deck period,calibration,1087,0.11359659433687862,0.11786917324135843,-0.004272578904479814,-3.6248484544223762,-0.008808960016220358,-0.0005896675683929286,True,False,False
bar1600,16:00,reclasticnet,500,deck period,as scored,1087,0.10545691999467217,0.11276686462318598,-0.0073099446285138075,-6.482351578134425,-0.014651551359721847,-0.000902654693988366,True,False,False
bar1600,16:00,reclasticnet,2000,common,coefficients,1406,0.11431734125234076,0.1274743714564437,-0.013157030204102912,-10.321314044367337,-0.019443844312838666,-0.007169796714084062,True,False,False
bar1600,16:00,reclasticnet,2000,common,package,1406,0.11431734125234076,0.13269114910318452,-0.018373807850843752,-13.847048559776765,-0.025471178471573524,-0.011769701700962833,True,False,False
bar1600,16:00,reclasticnet,2000,common,calibration,1406,0.1274743714564437,0.13269114910318452,-0.005216777646740844,-3.9315189309907357,-0.008786503178688967,-0.0020810892421920997,True,False,False
bar1600,16:00,reclasticnet,2000,common,as scored,1406,0.11337466878810115,0.12812926948724468,-0.014754600699143533,-11.515402185768615,-0.020864951242648425,-0.009037047977061643,True,False,False
bar1600,16:00,reclasticnet,2000,deck period,coefficients,1087,0.1045449214375004,0.11398088248784764,-0.009435961050347238,-8.278547107540843,-0.015127792100562108,-0.0035557149884264854,True,False,False
bar1600,16:00,reclasticnet,2000,deck period,package,1087,0.1045449214375004,0.12033520333162925,-0.015790281894128864,-13.121914001019933,-0.023336674991993316,-0.008472342430436512,True,False,False
bar1600,16:00,reclasticnet,2000,deck period,calibration,1087,0.11398088248784764,0.12033520333162925,-0.006354320843781628,-5.280516979116983,-0.010714281868761786,-0.002918713418328333,True,False,False
bar1600,16:00,reclasticnet,2000,deck period,as scored,1087,0.10359676010010616,0.11495969646963247,-0.011362936369526315,-9.884278332735443,-0.017109391800146766,-0.005268234899460801,True,False,False
bar1600,16:00,ridge,500,common,coefficients,2906,0.12703822256198513,0.12625039649618572,0.000787826065799413,0.6240186864072264,-0.005100106087069872,0.006925549158223562,False,False,False
bar1600,16:00,ridge,500,common,package,2906,0.12703822256198513,0.1284058622760993,-0.0013676397141141727,-1.0650913360742542,-0.008007888641507968,0.0051305526682047424,False,False,False
bar1600,16:00,ridge,500,common,calibration,2906,0.12625039649618572,0.1284058622760993,-0.002155465779913585,-1.6786350262411585,-0.004109809236795523,-0.0003565972869786256,True,False,False
bar1600,16:00,ridge,500,common,as scored,2906,0.12399120952122625,0.12599898037413554,-0.0020077708529093008,-1.5934818257636045,-0.0074496801183048895,0.0036122547573687594,False,False,False
bar1600,16:00,ridge,500,deck period,coefficients,1087,0.11099809413146378,0.11348846656733629,-0.0024903724358724955,-2.194383721269931,-0.011022793625026077,0.006060809498593261,False,False,False
bar1600,16:00,ridge,500,deck period,package,1087,0.11099809413146378,0.11772466921610475,-0.00672657508464096,-5.713819481873527,-0.01772990257871931,0.0033057780846760046,False,False,False
bar1600,16:00,ridge,500,deck period,calibration,1087,0.11348846656733629,0.11772466921610475,-0.004236202648768466,-3.598398429977455,-0.008972067372673486,-0.00048539476594954754,True,False,False
bar1600,16:00,ridge,500,deck period,as scored,1087,0.10936466600810182,0.112686798899905,-0.0033221328918031793,-2.9481118677921554,-0.011625774138126413,0.004760767027734717,False,False,False
bar1600,16:00,ridge,2000,common,coefficients,1406,0.11950855983035026,0.1273349120094954,-0.007826352179145145,-6.146273677529641,-0.016074184662163545,0.00024571222916029885,False,False,False
bar1600,16:00,ridge,2000,common,package,1406,0.11950855983035026,0.13266648879338686,-0.013157928963036594,-9.918050204470692,-0.021881692680694592,-0.004270473080651564,True,False,False
bar1600,16:00,ridge,2000,common,calibration,1406,0.1273349120094954,0.13266648879338686,-0.0053315767838914485,-4.018781858465237,-0.00889095689719012,-0.0022201650317905043,True,False,False
bar1600,16:00,ridge,2000,common,as scored,1406,0.11840330862240718,0.1280845298983932,-0.00968122127598601,-7.558462590030133,-0.01803210228552373,-0.001474689802097982,True,False,False
bar1600,16:00,ridge,2000,deck period,coefficients,1087,0.1092795011300649,0.11406328577039992,-0.004783784640335008,-4.193974080287654,-0.011420142273516856,0.002296292815278587,False,False,False
bar1600,16:00,ridge,2000,deck period,package,1087,0.1092795011300649,0.12041388526037732,-0.011134384130312409,-9.246760958037306,-0.01975574232603494,-0.0025513104125031295,True,False,False
bar1600,16:00,ridge,2000,deck period,calibration,1087,0.11406328577039992,0.12041388526037732,-0.0063505994899774,-5.273976067000215,-0.010537487598535001,-0.0029723430478793157,True,False,False
bar1600,16:00,ridge,2000,deck period,as scored,1087,0.10796181646573041,0.11508716905487734,-0.007125352589146926,-6.191265844543733,-0.01385779008691851,0.0003386984259406681,False,False,False
rth,09:30,reclasticnet,500,common,coefficients,5796,0.16035593649149185,0.16111169878322645,-0.0007557622917345981,-0.46909212517923093,-0.003958083853382314,0.002612358951283828,False,False,False
rth,09:30,reclasticnet,500,common,package,5796,0.16035593649149185,0.1596812149506523,0.0006747215408395377,0.4225428401506419,-0.002504844486617502,0.004010138351316831,False,False,False
rth,09:30,reclasticnet,500,common,calibration,5796,0.16111169878322645,0.1596812149506523,0.0014304838325741357,0.8958372674056938,0.0007027718249648377,0.0021471276919934547,False,True,False
rth,09:30,reclasticnet,500,common,as scored,5796,0.15923476383186205,0.15861053728183858,0.0006242265500235051,0.39355931876978834,-0.002565874293010506,0.003863649435111206,False,False,False
rth,09:30,reclasticnet,500,deck period,coefficients,1118,0.16941149044739223,0.1740195333969686,-0.004608042949576389,-2.6480032784967,-0.013909364514540022,0.004343605497474148,False,False,False
rth,09:30,reclasticnet,500,deck period,package,1118,0.16941149044739223,0.173236297480117,-0.0038248070327247838,-2.2078554485175204,-0.013020610499479142,0.004824323017913228,False,False,False
rth,09:30,reclasticnet,500,deck period,calibration,1118,0.1740195333969686,0.173236297480117,0.0007832359168516039,0.452119981923245,-0.000690383976725766,0.00212845999558469,False,False,False
rth,09:30,reclasticnet,500,deck period,as scored,1118,0.1680542191634763,0.17047484812939176,-0.0024206289659154494,-1.4199331998103162,-0.011596051801463217,0.0068884952979588665,False,False,False
rth,10:00,reclasticnet,500,common,coefficients,5792,0.10912137129699356,0.10720162093300233,0.0019197503639912423,1.790784828888946,1.8668375005068883e-05,0.0040315747775863464,False,True,False
rth,10:00,reclasticnet,500,common,package,5792,0.10912137129699356,0.10692709727386855,0.0021942740231250027,2.052121566065604,0.00017693762096282394,0.0044555325945543935,False,True,False
rth,10:00,reclasticnet,500,common,calibration,5792,0.10720162093300233,0.10692709727386855,0.0002745236591337609,0.25673909245907356,-0.0008218764317778355,0.0013337916034852344,False,False,False
rth,10:00,reclasticnet,500,common,as scored,5792,0.10794418762839379,0.10587454987608276,0.0020696377523110317,1.954801937513187,0.00016553190032099304,0.004180513671857105,False,True,False
rth,10:00,reclasticnet,500,deck period,coefficients,1116,0.12250226071597209,0.11764183248200794,0.004860428233964168,4.131547538336347,0.000332296531772137,0.009594662401444359,False,True,False
rth,10:00,reclasticnet,500,deck period,package,1116,0.12250226071597209,0.1190559027223544,0.0034463579936177065,2.894739290377582,-0.0016234834081974763,0.008846940316807555,False,False,False
rth,10:00,reclasticnet,500,deck period,calibration,1116,0.11764183248200794,0.1190559027223544,-0.0014140702403464616,-1.187736355789229,-0.005619781603049918,0.0019111255703269372,False,False,False
rth,10:00,reclasticnet,500,deck period,as scored,1116,0.12091295380180715,0.11612510876588152,0.004787845035925645,4.123005857052297,0.0002444182414899687,0.009524857520064878,False,True,False
rth,10:30,reclasticnet,500,common,coefficients,5792,0.13379656184618993,0.13847957059389118,-0.00468300874770125,-3.381732574427721,-0.006475006062809982,-0.0029453289049912994,True,False,False
rth,10:30,reclasticnet,500,common,package,5792,0.13379656184618993,0.1403664957211285,-0.006569933874938558,-4.680557024085932,-0.008373993459011868,-0.004659081167033065,True,False,False
rth,10:30,reclasticnet,500,common,calibration,5792,0.13847957059389118,0.1403664957211285,-0.0018869251272373075,-1.3442845584648162,-0.002720284428843009,-0.0010601992697125903,True,False,False
rth,10:30,reclasticnet,500,common,as scored,5792,0.1327364184922888,0.13912594683866134,-0.006389528346372545,-4.592621643597667,-0.008116534985748852,-0.004650185035137731,True,False,False
rth,10:30,reclasticnet,500,deck period,coefficients,1116,0.1523320811062107,0.15795354431452818,-0.005621463208317476,-3.55893451629273,-0.010569448849836757,-0.0007141094943025896,True,False,False
rth,10:30,reclasticnet,500,deck period,package,1116,0.1523320811062107,0.15877392831388945,-0.006441847207678741,-4.057244962122168,-0.011601137944564122,-0.0010196477156445222,True,False,False
rth,10:30,reclasticnet,500,deck period,calibration,1116,0.15795354431452818,0.15877392831388945,-0.0008203839993612653,-0.5166994405652043,-0.002856178369489876,0.0012608819164621823,False,False,False
rth,10:30,reclasticnet,500,deck period,as scored,1116,0.14694552658583374,0.15556082354668668,-0.008615296960852956,-5.538217633739478,-0.013646201165265232,-0.003956155140824905,True,False,False
rth,11:00,reclasticnet,500,common,coefficients,5792,0.10931703633256727,0.11338829027603575,-0.004071253943468474,-3.590541786596565,-0.005703421806078036,-0.0023004328307073218,True,False,False
rth,11:00,reclasticnet,500,common,package,5792,0.10931703633256727,0.11743457515336209,-0.008117538820794828,-6.912392547249257,-0.01005963550087417,-0.0061567846251359805,True,False,False
rth,11:00,reclasticnet,500,common,calibration,5792,0.11338829027603575,0.11743457515336209,-0.0040462848773263555,-3.445565219648613,-0.005083007484019837,-0.003007044465030172,True,False,False
rth,11:00,reclasticnet,500,common,as scored,5792,0.10923210727941567,0.11566752034931,-0.006435413069894335,-5.563716634073003,-0.00808708269982403,-0.004782611648643246,True,False,False
rth,11:00,reclasticnet,500,deck period,coefficients,1116,0.13783757237612732,0.13905435207163316,-0.0012167796955058574,-0.8750389163505212,-0.006580777267255136,0.0043932169831782395,False,False,False
rth,11:00,reclasticnet,500,deck period,package,1116,0.13783757237612732,0.14441452797572438,-0.006576955599597036,-4.554220196393677,-0.012037334165898564,-0.000265984580552471,True,False,False
rth,11:00,reclasticnet,500,deck period,calibration,1116,0.13905435207163316,0.14441452797572438,-0.0053601759040911795,-3.7116597472743247,-0.008638911495031779,-0.002645077836242783,True,False,False
rth,11:00,reclasticnet,500,deck period,as scored,1116,0.13417963031585034,0.13916981246380009,-0.004990182147949773,-3.5856785746893105,-0.010154655848633443,0.0004475003366535081,False,False,False
rth,11:30,reclasticnet,500,common,coefficients,5794,0.1165135917776415,0.11928226489092882,-0.002768673113287303,-2.3211104482455673,-0.0045977421249422746,-0.0009131843980665616,True,False,False
rth,11:30,reclasticnet,500,common,package,5794,0.1165135917776415,0.12360197270766927,-0.007088380930027753,-5.734844497014999,-0.009238132609402571,-0.004961854019728875,True,False,False
rth,11:30,reclasticnet,500,common,calibration,5794,0.11928226489092882,0.12360197270766927,-0.0043197078167404495,-3.4948534575228667,-0.005497926736522704,-0.0031007456438079456,True,False,False
rth,11:30,reclasticnet,500,common,as scored,5794,0.11650298767453832,0.12191820095768553,-0.005415213283147202,-4.441677485896199,-0.007322129994274654,-0.00354333100851118,True,False,False
rth,11:30,reclasticnet,500,deck period,coefficients,1116,0.12729737264966334,0.13658588834416288,-0.009288515694499549,-6.800494404732919,-0.014148077847128846,-0.0046746111429766465,True,False,False
rth,11:30,reclasticnet,500,deck period,package,1116,0.12729737264966334,0.1447871299128632,-0.01748975726319985,-12.079635305793865,-0.023469554753277923,-0.012178205868200898,True,False,False
rth,11:30,reclasticnet,500,deck period,calibration,1116,0.13658588834416288,0.1447871299128632,-0.008201241568700298,-5.664344319578699,-0.013162797052180382,-0.0038014149614416996,True,False,False
rth,11:30,reclasticnet,500,deck period,as scored,1116,0.12715015652078498,0.13950511947327907,-0.012354962952494107,-8.85627925279157,-0.017252040959092524,-0.007832225796025393,True,False,False
rth,12:00,reclasticnet,500,common,coefficients,5734,0.1217134104819792,0.12414935435510703,-0.002435943873127816,-1.9621075645389456,-0.0041663566469110945,-0.00039126263293191903,True,False,False
rth,12:00,reclasticnet,500,common,package,5734,0.1217134104819792,0.12913120843830653,-0.007417797956327323,-5.744388243583453,-0.009411129164477382,-0.004965306987974762,True,False,False
rth,12:00,reclasticnet,500,common,calibration,5734,0.12414935435510703,0.12913120843830653,-0.004981854083199508,-3.8579783643700885,-0.006016118244533113,-0.003999670561550014,True,False,False
rth,12:00,reclasticnet,500,common,as scored,5734,0.12210499338645295,0.12735406323693166,-0.005249069850478733,-4.1216351618976415,-0.007042778457385972,-0.0030984960901674014,True,False,False
rth,12:00,reclasticnet,500,deck period,coefficients,1116,0.12444263134281351,0.12931932673028304,-0.00487669538746952,-3.7710491623890676,-0.00906235407706964,-0.00045245791496078544,True,False,False
rth,12:00,reclasticnet,500,deck period,package,1116,0.12444263134281351,0.13779757133447426,-0.013354939991660727,-9.691709267679657,-0.018211642986437997,-0.008182706721525693,True,False,False
rth,12:00,reclasticnet,500,deck period,calibration,1116,0.12931932673028304,0.13779757133447426,-0.008478244604191209,-6.15268072004845,-0.011673442521087454,-0.00552493136106813,True,False,False
rth,12:00,reclasticnet,500,deck period,as scored,1116,0.1230857183849635,0.13215689533929942,-0.009071176954335921,-6.863945260704403,-0.013205430585893397,-0.00465529609140944,True,False,False
rth,12:30,reclasticnet,500,common,coefficients,5734,0.13698467219774182,0.1406435169287215,-0.0036588447309797026,-2.601502586737798,-0.005610404033412281,-0.001719245403260997,True,False,False
rth,12:30,reclasticnet,500,common,package,5734,0.13698467219774182,0.14429402966802343,-0.0073093574702816164,-5.0655993786424975,-0.009548025622070442,-0.005142017777976194,True,False,False
rth,12:30,reclasticnet,500,common,calibration,5734,0.1406435169287215,0.14429402966802343,-0.003650512739301915,-2.5299125318633293,-0.004556587462146309,-0.0027570537026922154,True,False,False
rth,12:30,reclasticnet,500,common,as scored,5734,0.1363498483076873,0.14254194668201278,-0.006192098374325473,-4.34405346528556,-0.008249112189713312,-0.0041661727761418,True,False,False
rth,12:30,reclasticnet,500,deck period,coefficients,1116,0.13666715203183638,0.14311535714320153,-0.006448205111365144,-4.505599706475285,-0.01059431931695062,-0.0021231728283204526,True,False,False
rth,12:30,reclasticnet,500,deck period,package,1116,0.13666715203183638,0.15005018034604914,-0.01338302831421279,-8.919035141009859,-0.018890152065668284,-0.008228751715643445,True,False,False
rth,12:30,reclasticnet,500,deck period,calibration,1116,0.14311535714320153,0.15005018034604914,-0.006934823202847646,-4.6216693554478905,-0.009972001313148574,-0.004393455657083736,True,False,False
rth,12:30,reclasticnet,500,deck period,as scored,1116,0.13446673802305645,0.14476203659602482,-0.01029529857296841,-7.111877405882752,-0.014812055078380139,-0.005787554703964906,True,False,False
rth,13:00,reclasticnet,500,common,coefficients,5734,0.14061168502617602,0.14256337618143552,-0.0019516911552595164,-1.3689989726222995,-0.003653897293830399,-0.0002050669872728918,True,False,False
rth,13:00,reclasticnet,500,common,package,5734,0.14061168502617602,0.145465507751606,-0.004853822725429986,-3.336751646801575,-0.006669465460427528,-0.0029464996841342414,True,False,False
rth,13:00,reclasticnet,500,common,calibration,5734,0.14256337618143552,0.145465507751606,-0.002902131570170469,-1.9950650948306532,-0.0038337815526774074,-0.001976506378064128,True,False,False
rth,13:00,reclasticnet,500,common,as scored,5734,0.1393149352499374,0.14354293137742746,-0.004227996127490098,-2.9454575623603034,-0.006007846967358761,-0.002442797668862457,True,False,False
rth,13:00,reclasticnet,500,deck period,coefficients,1116,0.16221841304757006,0.16540812941199973,-0.0031897163644296735,-1.9283915341819178,-0.008036509226808946,0.0020103463650450256,False,False,False
rth,13:00,reclasticnet,500,deck period,package,1116,0.16221841304757006,0.16891193649923822,-0.006693523451668172,-3.9627296864827306,-0.012298491213210383,-0.0011974469648921018,True,False,False
rth,13:00,reclasticnet,500,deck period,calibration,1116,0.16540812941199973,0.16891193649923822,-0.0035038070872385,-2.0743395403878413,-0.006236622288355315,-0.00035026237141833473,True,False,False
rth,13:00,reclasticnet,500,deck period,as scored,1116,0.15853986464924183,0.16429527999334428,-0.005755415344102458,-3.5030923251937693,-0.011232670664041017,-0.0005587449668911511,True,False,False
rth,13:30,reclasticnet,500,common,coefficients,5673,0.1454839740736115,0.14725198306196222,-0.0017680089883507508,-1.2006690515039038,-0.0035698008313658574,0.00014791411958399675,False,False,False
rth,13:30,reclasticnet,500,common,package,5673,0.1454839740736115,0.15107112781808293,-0.005587153744471427,-3.6983597231096166,-0.007601528518193697,-0.003436256838820123,True,False,False
rth,13:30,reclasticnet,500,common,calibration,5673,0.14725198306196222,0.15107112781808293,-0.003819144756120676,-2.5280441149017037,-0.004761973295854911,-0.00283904175466359,True,False,False
rth,13:30,reclasticnet,500,common,as scored,5673,0.14467239529095507,0.14891629526606318,-0.00424389997510813,-2.84985599965787,-0.006212425577410102,-0.002088631298303661,True,False,False
rth,13:30,reclasticnet,500,deck period,coefficients,1088,0.17345767710949828,0.16942005129946014,0.004037625810038116,2.383204218785986,-0.0009267374379053641,0.009595152085096053,False,False,False
rth,13:30,reclasticnet,500,deck period,package,1088,0.17345767710949828,0.17409712746518505,-0.0006394503556867841,-0.3672951788447272,-0.006462455261315807,0.0052023795471172925,False,False,False
rth,13:30,reclasticnet,500,deck period,calibration,1088,0.16942005129946014,0.17409712746518505,-0.0046770761657249004,-2.686475207157106,-0.007713499993293793,-0.0018432915485342993,True,False,False
rth,13:30,reclasticnet,500,deck period,as scored,1088,0.17085995445388127,0.1683016779524997,0.0025582765013815807,1.5200540674963507,-0.0033030304894216926,0.00911947111778982,False,False,False
rth,14:00,reclasticnet,500,common,coefficients,5665,0.13770951683562943,0.13953702931895026,-0.001827512483320852,-1.3096971407808673,-0.003655829217016498,0.0001230930535920723,False,False,False
rth,14:00,reclasticnet,500,common,package,5665,0.13770951683562943,0.14174653999160017,-0.004037023155970747,-2.848057635981788,-0.006391111562548971,-0.001478497679434086,True,False,False
rth,14:00,reclasticnet,500,common,calibration,5665,0.13953702931895026,0.14174653999160017,-0.002209510672649895,-1.558775736452424,-0.0033338657379869113,-0.0009098482319575997,True,False,False
rth,14:00,reclasticnet,500,common,as scored,5665,0.1350852214374053,0.13974407528545862,-0.004658853848053309,-3.333847133437718,-0.006563964852157894,-0.0026227538503798176,True,False,False
rth,14:00,reclasticnet,500,deck period,coefficients,1088,0.18142007278721242,0.17695486053170786,0.00446521225550458,2.5233623095108344,-0.00113448068046387,0.01082908430763073,False,False,False
rth,14:00,reclasticnet,500,deck period,package,1088,0.18142007278721242,0.17418002639524835,0.007240046391964097,4.156645593528057,-0.0009607127547995763,0.01641662759170433,False,False,False
rth,14:00,reclasticnet,500,deck period,calibration,1088,0.17695486053170786,0.17418002639524835,0.0027748341364595176,1.5930840027334014,-0.0015395766028210248,0.007869185015401377,False,False,False
rth,14:00,reclasticnet,500,deck period,as scored,1088,0.1680446213287946,0.1682755588641609,-0.00023093753536630428,-0.13723771706663995,-0.006032699001962749,0.006069775109077813,False,False,False
rth,14:30,reclasticnet,500,common,coefficients,5660,0.26377021678462975,0.26492444157277095,-0.0011542247881412733,-0.43568074779699945,-0.0036550507044727514,0.0014146332316495988,False,False,False
rth,14:30,reclasticnet,500,common,package,5660,0.26377021678462975,0.26211843660788264,0.0016517801767470795,0.630165583971519,-0.001094536395091285,0.0044254549642140225,False,False,False
rth,14:30,reclasticnet,500,common,calibration,5660,0.26492444157277095,0.26211843660788264,0.0028060049648883536,1.070510339219675,0.0009148166449324884,0.004608847256117167,False,True,False
rth,14:30,reclasticnet,500,common,as scored,5660,0.26136899808676745,0.2613831363556742,-1.4138268906735252e-05,-0.005409021065344002,-0.0034575442413259205,0.003597716996370951,False,False,False
rth,14:30,reclasticnet,500,deck period,coefficients,1087,0.34539652708975704,0.34059570871348727,0.004800818376269831,1.4095357790630096,-0.0012976101215984252,0.011336019013034788,False,False,False
rth,14:30,reclasticnet,500,deck period,package,1087,0.34539652708975704,0.33984537328192166,0.005551153807835399,1.6334351573562225,-0.0016974575978982915,0.012413515341729811,False,False,False
rth,14:30,reclasticnet,500,deck period,calibration,1087,0.34059570871348727,0.33984537328192166,0.0007503354315655678,0.22078730227206023,-0.007391083760007573,0.0077767777405068255,False,False,False
rth,14:30,reclasticnet,500,deck period,as scored,1087,0.34855646619346453,0.3380156757031961,0.01054079049026849,3.1184324420279608,6.519349588673858e-05,0.022359333771432822,False,True,False
rth,15:00,reclasticnet,500,common,coefficients,5658,0.14984965072327527,0.15599735114100488,-0.006147700417729656,-3.940900517068905,-0.008215058350772672,-0.004134956867726915,True,False,False
rth,15:00,reclasticnet,500,common,package,5658,0.14984965072327527,0.15801462268958727,-0.00816497196631201,-5.167225556302935,-0.010398819843456662,-0.006017729903713965,True,False,False
rth,15:00,reclasticnet,500,common,calibration,5658,0.15599735114100488,0.15801462268958727,-0.0020172715485823555,-1.2766359937112886,-0.0027885795015268303,-0.001274760303491043,True,False,False
rth,15:00,reclasticnet,500,common,as scored,5658,0.14713227482595057,0.1557675161229676,-0.00863524129701703,-5.543672719413533,-0.011018572805681203,-0.0063356094726303176,True,False,False
rth,15:00,reclasticnet,500,deck period,coefficients,1087,0.19672010034424825,0.2072901950876922,-0.010570094743443927,-5.099177382206788,-0.01601373401555944,-0.005189338040390468,True,False,False
rth,15:00,reclasticnet,500,deck period,package,1087,0.19672010034424825,0.20786068050772616,-0.011140580163477918,-5.359638069242164,-0.016603813065984536,-0.00542122626610322,True,False,False
rth,15:00,reclasticnet,500,deck period,calibration,1087,0.2072901950876922,0.20786068050772616,-0.000570485420033991,-0.27445566840275315,-0.002626727951312633,0.0014427011656495414,False,False,False
rth,15:00,reclasticnet,500,deck period,as scored,1087,0.18645892605832515,0.2014022061110014,-0.014943280052676252,-7.419620837936784,-0.021073373337550896,-0.008768829750983255,True,False,False
rth,15:30,reclasticnet,500,common,coefficients,5656,0.11678972940883388,0.12054146488741636,-0.0037517354785824926,-3.112402426904757,-0.006045892470601543,-0.0014754072663393633,True,False,False
rth,15:30,reclasticnet,500,common,package,5656,0.11678972940883388,0.12425093210253203,-0.007461202693698152,-6.004947059504679,-0.010245383085044066,-0.004678644604546219,True,False,False
rth,15:30,reclasticnet,500,common,calibration,5656,0.12054146488741636,0.12425093210253203,-0.00370946721511566,-2.985464295796673,-0.004811346868535363,-0.002559775895113928,True,False,False
rth,15:30,reclasticnet,500,common,as scored,5656,0.11609738642539133,0.1227198309134724,-0.00662244448808106,-5.396393100272791,-0.009037675551599974,-0.004249422320753619,True,False,False
rth,15:30,reclasticnet,500,deck period,coefficients,1087,0.12524098849038784,0.12733034645557054,-0.002089357965182693,-1.6408955314605493,-0.007040705315391145,0.003142366819159055,False,False,False
rth,15:30,reclasticnet,500,deck period,package,1087,0.12524098849038784,0.13275215740927288,-0.007511168918885029,-5.6580390597556995,-0.014368040267290908,-0.0006177040475547302,True,False,False
rth,15:30,reclasticnet,500,deck period,calibration,1087,0.12733034645557054,0.13275215740927288,-0.005421810953702338,-4.084160332691978,-0.009066613758436147,-0.0017717891924515785,True,False,False
rth,15:30,reclasticnet,500,deck period,as scored,1087,0.12488989014255271,0.12889734616148396,-0.004007456018931254,-3.1090291136876242,-0.009777886548858267,0.0024522957980561335,False,False,False
rth,16:00,reclasticnet,500,common,coefficients,5650,0.11055183918316518,0.11524640788557966,-0.004694568702414476,-4.073505446760124,-0.007330091419259607,-0.001959387221400784,True,False,False
rth,16:00,reclasticnet,500,common,package,5650,0.11055183918316518,0.11668496785100872,-0.006133128667843563,-5.256142912662716,-0.009363272735928197,-0.0029511911988919066,True,False,False
rth,16:00,reclasticnet,500,common,calibration,5650,0.11524640788557966,0.11668496785100872,-0.0014385599654290874,-1.2328580038398247,-0.0026344479605418802,-0.0002895199754958424,True,False,False
rth,16:00,reclasticnet,500,common,as scored,5650,0.10909276615701637,0.11532231098868086,-0.00622954483166449,-5.401855701864952,-0.008923301278819835,-0.0036148867544380397,True,False,False
rth,16:00,reclasticnet,500,deck period,coefficients,1087,0.11390028676611341,0.11359659433687862,0.0003036924292347942,0.2673428996772325,-0.005142331112368094,0.00645180134584612,False,False,False
rth,16:00,reclasticnet,500,deck period,package,1087,0.11390028676611341,0.11786917324135843,-0.003968886475245022,-3.3671963297121033,-0.01224709684848286,0.003672688871599288,False,False,False
rth,16:00,reclasticnet,500,deck period,calibration,1087,0.11359659433687862,0.11786917324135843,-0.004272578904479814,-3.6248484544223762,-0.008808960016220358,-0.0005896675683929286,True,False,False
rth,16:00,reclasticnet,500,deck period,as scored,1087,0.11016866935042771,0.11276686462318598,-0.0025981952727582723,-2.304041423373988,-0.007558423930978857,0.0025364685397337803,False,False,False
rth,09:30,reclasticnet,2000,common,coefficients,4157,0.15579963986381568,0.15953372008010785,-0.003734080216292206,-2.340621289603969,-0.006933678555333801,-0.0005258863471363889,True,False,False
rth,09:30,reclasticnet,2000,common,package,4157,0.15579963986381568,0.15893484946863579,-0.003135209604820131,-1.9726382321448221,-0.006191692766699592,1.8657810523205106e-05,False,False,False
rth,09:30,reclasticnet,2000,common,calibration,4157,0.15953372008010785,0.15893484946863579,0.0005988706114720757,0.3768025788392349,-7.069589457053305e-05,0.0012724248121407772,False,False,False
rth,09:30,reclasticnet,2000,common,as scored,4157,0.15281813624562685,0.1572679880708846,-0.004449851825257791,-2.82947081592481,-0.007539712632156451,-0.0015038310957026873,True,False,False
rth,09:30,reclasticnet,2000,deck period,coefficients,1118,0.16177591968975644,0.16943570327415913,-0.0076597835844027014,-4.520761230594134,-0.015580932004723677,0.0005160952294755991,False,False,False
rth,09:30,reclasticnet,2000,deck period,package,1118,0.16177591968975644,0.16877715069483745,-0.007001231005080991,-4.1482102146277935,-0.014716201518025598,0.0008716589472025454,False,False,False
rth,09:30,reclasticnet,2000,deck period,calibration,1118,0.16943570327415913,0.16877715069483745,0.0006585525793217095,0.39019060139984535,-0.0006483496045731787,0.0018191631777321046,False,False,False
rth,09:30,reclasticnet,2000,deck period,as scored,1118,0.15596477066051959,0.1656956944741959,-0.009730923813676304,-5.8727680550514965,-0.017287377889409445,-0.0018666343251083374,True,False,False
rth,10:00,reclasticnet,2000,common,coefficients,4153,0.10834228355104335,0.10963265491234887,-0.0012903713613055302,-1.1769954511611342,-0.0030326225692572308,0.0005188650069355069,False,False,False
rth,10:00,reclasticnet,2000,common,package,4153,0.10834228355104335,0.11010882844977089,-0.0017665448987275471,-1.6043626324962708,-0.003880471651840297,0.00042675972609949853,False,False,False
rth,10:00,reclasticnet,2000,common,calibration,4153,0.10963265491234887,0.11010882844977089,-0.0004761735374220169,-0.43245718270377953,-0.0017920031208946106,0.0007494381332480423,False,False,False
rth,10:00,reclasticnet,2000,common,as scored,4153,0.10724129331080919,0.1086800010213243,-0.001438707710515119,-1.3238017086812757,-0.0032462358517911494,0.0003872901330120225,False,False,False
rth,10:00,reclasticnet,2000,deck period,coefficients,1116,0.1168540626033725,0.1152456908218768,0.0016083717814957218,1.3956025340518925,-0.002924241930772309,0.00624274065354853,False,False,False
rth,10:00,reclasticnet,2000,deck period,package,1116,0.1168540626033725,0.11848874078708937,-0.0016346781837168719,-1.3796063430652878,-0.007068879837972368,0.003731013057047275,False,False,False
rth,10:00,reclasticnet,2000,deck period,calibration,1116,0.1152456908218768,0.11848874078708937,-0.003243049965212594,-2.737011081111902,-0.007132157273491565,-0.00010827626945275562,True,False,False
rth,10:00,reclasticnet,2000,deck period,as scored,1116,0.11561687292557848,0.11525151817051339,0.00036535475506510893,0.3170064575848541,-0.004207858768638362,0.005113168116896379,False,False,False
rth,10:30,reclasticnet,2000,common,coefficients,4153,0.1356187647876951,0.13982753469131876,-0.004208769903623665,-3.0099721867476847,-0.006134000817281217,-0.002300849295513535,True,False,False
rth,10:30,reclasticnet,2000,common,package,4153,0.1356187647876951,0.14234267610792337,-0.0067239113202282675,-4.723749408174846,-0.00882327121361492,-0.004614111813637748,True,False,False
rth,10:30,reclasticnet,2000,common,calibration,4153,0.13982753469131876,0.14234267610792337,-0.0025151414166046026,-1.7669622950587478,-0.0034780762402452513,-0.0015669944672478636,True,False,False
rth,10:30,reclasticnet,2000,common,as scored,4153,0.13475547599896576,0.1405275571524325,-0.005772081153466772,-4.1074371962544705,-0.007690158282653731,-0.003908535583707551,True,False,False
rth,10:30,reclasticnet,2000,deck period,coefficients,1116,0.14925978840314336,0.15417671355669074,-0.004916925153547403,-3.1891490226502013,-0.008837848247385281,-0.0010673926065139516,True,False,False
rth,10:30,reclasticnet,2000,deck period,package,1116,0.14925978840314336,0.15620993203237712,-0.006950143629233813,-4.449232861706437,-0.010998584270324982,-0.0028117938869663137,True,False,False
rth,10:30,reclasticnet,2000,deck period,calibration,1116,0.15417671355669074,0.15620993203237712,-0.002033218475686411,-1.301593598584367,-0.004015797744947439,-0.0001688493381103365,True,False,False
rth,10:30,reclasticnet,2000,deck period,as scored,1116,0.14512237818844506,0.1520440105501524,-0.006921632361707349,-4.552387388797677,-0.010819456379104343,-0.0032476634801031673,True,False,False
rth,11:00,reclasticnet,2000,common,coefficients,4153,0.11287278954317195,0.11906788877886071,-0.006195099235688746,-5.202997465752179,-0.0077993240397397955,-0.0045718800798376005,True,False,False
rth,11:00,reclasticnet,2000,common,package,4153,0.11287278954317195,0.12393930407609784,-0.011066514532925894,-8.928979080059328,-0.013134901572510174,-0.009089411503786296,True,False,False
rth,11:00,reclasticnet,2000,common,calibration,4153,0.11906788877886071,0.12393930407609784,-0.004871415297237146,-3.9304846299977063,-0.006287810786034093,-0.0036089140152225025,True,False,False
rth,11:00,reclasticnet,2000,common,as scored,4153,0.1137902614986694,0.12172713536544408,-0.007936873866774687,-6.52021740505676,-0.009556123455343813,-0.0062981253044298155,True,False,False
rth,11:00,reclasticnet,2000,deck period,coefficients,1116,0.13756603732966796,0.144037783196836,-0.0064717458671680215,-4.493089051727494,-0.010895066832751918,-0.0021632522964241895,True,False,False
rth,11:00,reclasticnet,2000,deck period,package,1116,0.13756603732966796,0.15021652614303221,-0.012650488813364258,-8.421502705580341,-0.017301198252512973,-0.008408588318343449,True,False,False
rth,11:00,reclasticnet,2000,deck period,calibration,1116,0.144037783196836,0.15021652614303221,-0.006178742946196237,-4.113224493231192,-0.009587888273331256,-0.0035737520113379643,True,False,False
rth,11:00,reclasticnet,2000,deck period,as scored,1116,0.13601192009897592,0.1446583365029575,-0.008646416403981562,-5.97712970645476,-0.013015264054729421,-0.004527311582694781,True,False,False
rth,11:30,reclasticnet,2000,common,coefficients,4153,0.12198703687692936,0.12573627998089404,-0.003749243103964669,-2.9818307846664274,-0.005542475264192151,-0.001976361777098786,True,False,False
rth,11:30,reclasticnet,2000,common,package,4153,0.12198703687692936,0.13097608617906464,-0.008989049302135274,-6.863122547306727,-0.01142132215035127,-0.006667905113428154,True,False,False
rth,11:30,reclasticnet,2000,common,calibration,4153,0.12573627998089404,0.13097608617906464,-0.005239806198170606,-4.0005823589864935,-0.006796067154690238,-0.003775021332388103,True,False,False
rth,11:30,reclasticnet,2000,common,as scored,4153,0.12263088799612727,0.12874938607255948,-0.00611849807643223,-4.752254176174494,-0.007992689992734874,-0.004323817128341765,True,False,False
rth,11:30,reclasticnet,2000,deck period,coefficients,1116,0.13046654167243538,0.1407155394188799,-0.010248997746444515,-7.283486805203121,-0.015068008408875011,-0.005952790133568961,True,False,False
rth,11:30,reclasticnet,2000,deck period,package,1116,0.13046654167243538,0.15042004418522728,-0.019953502512791897,-13.265188573020993,-0.026929891824831204,-0.013925782314017242,True,False,False
rth,11:30,reclasticnet,2000,deck period,calibration,1116,0.1407155394188799,0.15042004418522728,-0.009704504766347384,-6.451603454122945,-0.01451218100498121,-0.005642117724489328,True,False,False
rth,11:30,reclasticnet,2000,deck period,as scored,1116,0.13193510839758504,0.14459614507276103,-0.012661036675175999,-8.756137080144802,-0.017682572844204388,-0.008292807004787026,True,False,False
rth,12:00,reclasticnet,2000,common,coefficients,4115,0.12633906197547,0.12831529750380133,-0.001976235528331301,-1.5401402379733835,-0.0037781991322750636,-9.9636822901736e-05,True,False,False
rth,12:00,reclasticnet,2000,common,package,4115,0.12633906197547,0.1344703247665364,-0.008131262791066369,-6.046882689681638,-0.010383753962044886,-0.00578164501926171,True,False,False
rth,12:00,reclasticnet,2000,common,calibration,4115,0.12831529750380133,0.1344703247665364,-0.0061550272627350685,-4.577238341188849,-0.007431597711091383,-0.005004088502928185,True,False,False
rth,12:00,reclasticnet,2000,common,as scored,4115,0.12754599367816868,0.1322530455662886,-0.004707051888119911,-3.5591255142480756,-0.006583018716560174,-0.0028614251593977176,True,False,False
rth,12:00,reclasticnet,2000,deck period,coefficients,1116,0.12859994274266384,0.13582488775870272,-0.007224945016038911,-5.31930865930422,-0.011133221583039922,-0.0034522486922441494,True,False,False
rth,12:00,reclasticnet,2000,deck period,package,1116,0.12859994274266384,0.1453051314365612,-0.016705188693897404,-11.496626807836256,-0.021124771009935536,-0.012352977478416705,True,False,False
rth,12:00,reclasticnet,2000,deck period,calibration,1116,0.13582488775870272,0.1453051314365612,-0.00948024367785849,-6.524369500327984,-0.012455000758491274,-0.006720933912355815,True,False,False
rth,12:00,reclasticnet,2000,deck period,as scored,1116,0.1288144915434898,0.13918015403158038,-0.010365662488090571,-7.447658439678527,-0.014049183476534114,-0.006936929399991338,True,False,False
rth,12:30,reclasticnet,2000,common,coefficients,4115,0.1357992577934975,0.14006167833789945,-0.004262420544401969,-3.043245372312946,-0.006126334215989361,-0.002458228099303402,True,False,False
rth,12:30,reclasticnet,2000,common,package,4115,0.1357992577934975,0.14474460839699313,-0.008945350603495626,-6.180092441827667,-0.01120445891949809,-0.006829593341711249,True,False,False
rth,12:30,reclasticnet,2000,common,calibration,4115,0.14006167833789945,0.14474460839699313,-0.004682930059093657,-3.235305349854357,-0.005948934021053841,-0.0035961287095191015,True,False,False
rth,12:30,reclasticnet,2000,common,as scored,4115,0.13587271940130152,0.14239727620481488,-0.006524556803513314,-4.581939330165853,-0.008410588693402483,-0.004648652085857134,True,False,False
rth,12:30,reclasticnet,2000,deck period,coefficients,1116,0.14262818856775006,0.15183454288408887,-0.00920635431633881,-6.063412278566267,-0.013297643233115029,-0.005292849568463237,True,False,False
rth,12:30,reclasticnet,2000,deck period,package,1116,0.14262818856775006,0.15923728134124054,-0.01660909277349047,-10.430404634890555,-0.021653321075656103,-0.011803137058209831,True,False,False
rth,12:30,reclasticnet,2000,deck period,calibration,1116,0.15183454288408887,0.15923728134124054,-0.00740273845715166,-4.648872672780579,-0.01048672920871267,-0.004768688082206364,True,False,False
rth,12:30,reclasticnet,2000,deck period,as scored,1116,0.14165111462535973,0.1535515567542818,-0.011900442128922087,-7.750127957325474,-0.016026758460076593,-0.007859406212862581,True,False,False
rth,13:00,reclasticnet,2000,common,coefficients,4115,0.15139256165428788,0.15429294239843508,-0.0029003807441471785,-1.8797883422674269,-0.004793726818648294,-0.0010271508971099689,True,False,False
rth,13:00,reclasticnet,2000,common,package,4115,0.15139256165428788,0.1577965555041794,-0.006403993849891521,-4.058386337667494,-0.00867755735846098,-0.0039583699775355115,True,False,False
rth,13:00,reclasticnet,2000,common,calibration,4115,0.15429294239843508,0.1577965555041794,-0.003503613105744342,-2.2203356052670906,-0.004537137307141181,-0.0024683998644081085,True,False,False
rth,13:00,reclasticnet,2000,common,as scored,4115,0.14987869026298095,0.15534096995000402,-0.005462279687023064,-3.5163161970606214,-0.0074440045441880745,-0.003462596315160977,True,False,False
rth,13:00,reclasticnet,2000,deck period,coefficients,1116,0.16221345774973644,0.16818471397209242,-0.005971256222355999,-3.5504155409431766,-0.010490747020911746,-0.0014473738447809063,True,False,False
rth,13:00,reclasticnet,2000,deck period,package,1116,0.16221345774973644,0.17272842082899575,-0.010514963079259336,-6.087569740285728,-0.016024187834465766,-0.0044987664115947994,True,False,False
rth,13:00,reclasticnet,2000,deck period,calibration,1116,0.16818471397209242,0.17272842082899575,-0.004543706856903336,-2.630549642668063,-0.0069911388041884225,-0.0020048826718122364,True,False,False
rth,13:00,reclasticnet,2000,deck period,as scored,1116,0.15848115989377448,0.16760075655323184,-0.009119596659457364,-5.441262227572869,-0.013968791332335348,-0.0041120272667973115,True,False,False
rth,13:30,reclasticnet,2000,common,coefficients,4054,0.154049668285181,0.15643997567849538,-0.0023903073933143537,-1.5279389957377314,-0.004212764398954965,-0.0005739320392616089,True,False,False
rth,13:30,reclasticnet,2000,common,package,4054,0.154049668285181,0.16084439835706568,-0.006794730071884656,-4.224412003954735,-0.009007710410203143,-0.004669766084149302,True,False,False
rth,13:30,reclasticnet,2000,common,calibration,4054,0.15643997567849538,0.16084439835706568,-0.004404422678570302,-2.7383127566511374,-0.005633788977434129,-0.0032605975828871123,True,False,False
rth,13:30,reclasticnet,2000,common,as scored,4054,0.15318862883659176,0.15810177602160602,-0.004913147185014252,-3.107585068710946,-0.006910656830652419,-0.0029461433338143273,True,False,False
rth,13:30,reclasticnet,2000,deck period,coefficients,1088,0.16926902120843998,0.17082045389373585,-0.0015514326852958892,-0.908224190916274,-0.006108641131366556,0.003045004136530668,False,False,False
rth,13:30,reclasticnet,2000,deck period,package,1088,0.16926902120843998,0.17662103744343705,-0.007352016234997084,-4.162593732556672,-0.012804190231095537,-0.0021069949442390472,True,False,False
rth,13:30,reclasticnet,2000,deck period,calibration,1088,0.17082045389373585,0.17662103744343705,-0.005800583549701195,-3.284197417059581,-0.008780689870332257,-0.00312299899893356,True,False,False
rth,13:30,reclasticnet,2000,deck period,as scored,1088,0.16696764718597476,0.17040635513210575,-0.0034387079461309813,-2.017945835098203,-0.008341405108041043,0.0015837132429421103,False,False,False
rth,14:00,reclasticnet,2000,common,coefficients,4049,0.1452313502507099,0.14881300220842086,-0.003581651957710905,-2.4068138566915023,-0.005198379533628964,-0.0019478095743727247,True,False,False
rth,14:00,reclasticnet,2000,common,package,4049,0.1452313502507099,0.15142975198937642,-0.006198401738666503,-4.093252255409725,-0.008537986643916607,-0.0036506747808284917,True,False,False
rth,14:00,reclasticnet,2000,common,calibration,4049,0.14881300220842086,0.15142975198937642,-0.0026167497809555973,-1.728028836195397,-0.004132189039716479,-0.0009634854692560801,True,False,False
rth,14:00,reclasticnet,2000,common,as scored,4049,0.14264495298250898,0.14882188695400045,-0.006176933971491467,-4.150554799376185,-0.007860687351362212,-0.004497502114543032,True,False,False
rth,14:00,reclasticnet,2000,deck period,coefficients,1088,0.17895876127680665,0.18336390606060932,-0.004405144783802641,-2.402405619755154,-0.008546917552883736,-0.00015045618986971393,True,False,False
rth,14:00,reclasticnet,2000,deck period,package,1088,0.17895876127680665,0.1814502032687041,-0.002491441991897423,-1.3730720313429037,-0.009054111882423091,0.005075432309562074,False,False,False
rth,14:00,reclasticnet,2000,deck period,calibration,1088,0.18336390606060932,0.1814502032687041,0.0019137027919052178,1.0546710653563025,-0.0023405312365672648,0.007002124537376349,False,False,False
rth,14:00,reclasticnet,2000,deck period,as scored,1088,0.16775363048038366,0.1750565917133471,-0.007302961232963415,-4.1717716319542655,-0.011369551037703412,-0.0031602982784696893,True,False,False
rth,14:30,reclasticnet,2000,common,coefficients,4046,0.2808396446887795,0.2839235332968078,-0.0030838886080283455,-1.086168720225284,-0.005792261068526853,-3.0799015660050196e-05,True,False,False
rth,14:30,reclasticnet,2000,common,package,4046,0.2808396446887795,0.2788018158363952,0.0020378288523843096,0.7309238091835586,-0.0009335995637933494,0.005167820227052322,False,False,False
rth,14:30,reclasticnet,2000,common,calibration,4046,0.2839235332968078,0.2788018158363952,0.005121717460412655,1.8370459478707808,0.003076631398010021,0.007229891173457608,False,True,False
rth,14:30,reclasticnet,2000,common,as scored,4046,0.27469796795703105,0.27746321753591396,-0.002765249578882829,-0.996618435928324,-0.00678009584557637,0.002326140693706507,False,False,False
rth,14:30,reclasticnet,2000,deck period,coefficients,1087,0.34333488185883,0.3418663969019926,0.0014684849568373948,0.42954937079071415,-0.0066086862443082315,0.011264255672415485,False,False,False
rth,14:30,reclasticnet,2000,deck period,package,1087,0.34333488185883,0.3383811081639213,0.0049537736949086435,1.4639628440807921,-0.0032146006608536155,0.013983604908668498,False,False,False
rth,14:30,reclasticnet,2000,deck period,calibration,1087,0.3418663969019926,0.3383811081639213,0.003485288738071249,1.0299891613283791,-0.0028633108197470046,0.009282633284329623,False,False,False
rth,14:30,reclasticnet,2000,deck period,as scored,1087,0.3409212238975846,0.3357539036908362,0.00516732020674845,1.5390201424155425,-0.007268360453405755,0.0223938023107286,False,False,False
rth,15:00,reclasticnet,2000,common,coefficients,4044,0.16446649913474878,0.16877467505263308,-0.004308175917884308,-2.552619885975657,-0.006627573647829411,-0.0020638631156937315,True,False,False
rth,15:00,reclasticnet,2000,common,package,4044,0.16446649913474878,0.17087973105191517,-0.006413231917166361,-3.7530676562324112,-0.008869719856307731,-0.00396421618865282,True,False,False
rth,15:00,reclasticnet,2000,common,calibration,4044,0.16877467505263308,0.17087973105191517,-0.0021050559992820536,-1.2318933242249275,-0.0031903924559443875,-0.0010757489974558634,True,False,False
rth,15:00,reclasticnet,2000,common,as scored,4044,0.16047206340175318,0.16780171719979717,-0.007329653798044012,-4.368044570912694,-0.009853927090553893,-0.004845675876700027,True,False,False
rth,15:00,reclasticnet,2000,deck period,coefficients,1087,0.20647217333874524,0.21771039236782963,-0.011238219029084442,-5.162003938744946,-0.016945860946925434,-0.005439312762803511,True,False,False
rth,15:00,reclasticnet,2000,deck period,package,1087,0.20647217333874524,0.21711880255617916,-0.010646629217433947,-4.903596138192199,-0.017092566279243514,-0.004458918493616234,True,False,False
rth,15:00,reclasticnet,2000,deck period,calibration,1087,0.21771039236782963,0.21711880255617916,0.0005915898116504972,0.27247286033526474,-0.0015022355034899888,0.0026719311703489483,False,False,False
rth,15:00,reclasticnet,2000,deck period,as scored,1087,0.1949734324575201,0.209934897865495,-0.014961465407974906,-7.1267166917435025,-0.02124629253145326,-0.008974073196173426,True,False,False
rth,15:30,reclasticnet,2000,common,coefficients,4044,0.1176773442202334,0.12214845667849542,-0.004471112458262014,-3.660392099779322,-0.006427213991154199,-0.0026005869263777924,True,False,False
rth,15:30,reclasticnet,2000,common,package,4044,0.1176773442202334,0.12784204819647385,-0.010164703976240433,-7.950986486557868,-0.012652078776275711,-0.007639249038624176,True,False,False
rth,15:30,reclasticnet,2000,common,calibration,4044,0.12214845667849542,0.12784204819647385,-0.005693591517978418,-4.453614126416554,-0.007130135888183089,-0.004250838121717813,True,False,False
rth,15:30,reclasticnet,2000,common,as scored,4044,0.11797674009681657,0.12580585377044853,-0.007829113673631963,-6.2231712110291335,-0.009940495619257826,-0.005747265953143704,True,False,False
rth,15:30,reclasticnet,2000,deck period,coefficients,1087,0.12356248744361999,0.12916246095582318,-0.005599973512203194,-4.335604533052778,-0.010404154427953746,-0.0003946918942620862,True,False,False
rth,15:30,reclasticnet,2000,deck period,package,1087,0.12356248744361999,0.13721236166631018,-0.013649874222690182,-9.947991607261754,-0.02002251239873509,-0.006810693551736123,True,False,False
rth,15:30,reclasticnet,2000,deck period,calibration,1087,0.12916246095582318,0.13721236166631018,-0.008049900710486987,-5.866745978808908,-0.011696919850106626,-0.004662150239215476,True,False,False
rth,15:30,reclasticnet,2000,deck period,as scored,1087,0.12393476649659936,0.1325942440984748,-0.008659477601875427,-6.530809584346833,-0.013742036261819334,-0.002870358963524028,True,False,False
rth,16:00,reclasticnet,2000,common,coefficients,4043,0.11165613570525991,0.11984388974859583,-0.008187754043335925,-6.832016267589361,-0.010701119084025476,-0.005681748522320011,True,False,False
rth,16:00,reclasticnet,2000,common,package,4043,0.11165613570525991,0.12314593097881231,-0.0114897952735524,-9.33022730205293,-0.01445956421105432,-0.008527385767645574,True,False,False
rth,16:00,reclasticnet,2000,common,calibration,4043,0.11984388974859583,0.12314593097881231,-0.003302041230216476,-2.681405064682652,-0.004713162032818768,-0.002013402339300935,True,False,False
rth,16:00,reclasticnet,2000,common,as scored,4043,0.11106884586025047,0.12119278904195546,-0.010123943181705002,-8.353585441622451,-0.012663537746164782,-0.007657824788592438,True,False,False
rth,16:00,reclasticnet,2000,deck period,coefficients,1087,0.10785794351026068,0.11398088248784764,-0.006122938977586949,-5.371899957205334,-0.010158506025904951,-0.0018089801167289654,True,False,False
rth,16:00,reclasticnet,2000,deck period,package,1087,0.10785794351026068,0.12033520333162925,-0.012477259821368577,-10.368752846980911,-0.018372319398789624,-0.006644423658570129,True,False,False
rth,16:00,reclasticnet,2000,deck period,calibration,1087,0.11398088248784764,0.12033520333162925,-0.006354320843781628,-5.280516979116983,-0.010714281868761786,-0.002918713418328333,True,False,False
rth,16:00,reclasticnet,2000,deck period,as scored,1087,0.10619127981651218,0.11495969646963247,-0.008768416653120318,-7.6273832676972715,-0.012606155960358589,-0.004543807486602467,True,False,False
rth,09:30,ridge,500,common,coefficients,5796,0.15887266976196826,0.1623708954892924,-0.003498225727324134,-2.154465993910113,-0.007309811989161548,9.143219359088048e-05,False,False,False
rth,09:30,ridge,500,common,package,5796,0.15887266976196826,0.1607609192939731,-0.0018882495320048597,-1.174570001401858,-0.005536289838630827,0.0016191419628058933,False,False,False
rth,09:30,ridge,500,common,calibration,5796,0.1623708954892924,0.1607609192939731,0.0016099761953192735,1.0014723742498723,0.0009051089620528917,0.0023372040981111913,False,True,False
rth,09:30,ridge,500,common,as scored,5796,0.15716390170602074,0.1597718147298076,-0.0026079130237868617,-1.6322735197050502,-0.006200250176469123,0.0008980442817642548,False,False,False
rth,09:30,ridge,500,deck period,coefficients,1118,0.16147946225935148,0.17470520236636178,-0.013225740107010331,-7.570318415175512,-0.025892539105706918,-0.0020925713600465426,True,False,False
rth,09:30,ridge,500,deck period,package,1118,0.16147946225935148,0.1739135351203394,-0.012434072860987971,-7.149571683643955,-0.02481379008547488,-0.0016671377640930943,True,False,False
rth,09:30,ridge,500,deck period,calibration,1118,0.17470520236636178,0.1739135351203394,0.0007916672460223568,0.45520737961801705,-0.0006083230015629602,0.002161255753241374,False,False,False
rth,09:30,ridge,500,deck period,as scored,1118,0.1583384413637713,0.17116467364155313,-0.01282623227778186,-7.493504357471619,-0.02502235710970121,-0.0016878096779467824,True,False,False
rth,10:00,ridge,500,common,coefficients,5792,0.10907606792662564,0.10695226543918712,0.002123802487438506,1.9857480145159678,5.877138036125319e-05,0.004305322527737,False,True,False
rth,10:00,ridge,500,common,package,5792,0.10907606792662564,0.10686534765531647,0.002210720271309169,2.0686970283759587,-5.3659651928100746e-05,0.004596825935852514,False,False,False
rth,10:00,ridge,500,common,calibration,5792,0.10695226543918712,0.10686534765531647,8.691778387066363e-05,0.08133392701908225,-0.0010293700029110856,0.0011728629378236787,False,False,False
rth,10:00,ridge,500,common,as scored,5792,0.1079596304738555,0.10577134439198767,0.0021882860818678114,2.068883679645824,0.00010556859247644557,0.004424268905683264,False,True,False
rth,10:00,ridge,500,deck period,coefficients,1116,0.12315782924939722,0.11681243044843895,0.006345398800958255,5.432126338437172,0.0015332326418680568,0.011312476280942584,False,True,False
rth,10:00,ridge,500,deck period,package,1116,0.12315782924939722,0.11812142200384322,0.005036407245553996,4.263754330175717,-0.0008670278277685334,0.010848446498593744,False,False,False
rth,10:00,ridge,500,deck period,calibration,1116,0.11681243044843895,0.11812142200384322,-0.001308991555404258,-1.1081745657969377,-0.005590830381830684,0.0021002100121802767,False,False,False
rth,10:00,ridge,500,deck period,as scored,1116,0.1218381046318796,0.11531403970465184,0.006524064927227785,5.657650138645347,0.0014985996214204457,0.011714212876374851,False,True,False
rth,10:30,ridge,500,common,coefficients,5792,0.13283895894343778,0.1376646798643247,-0.004825720920886945,-3.505416876458747,-0.006839472379818293,-0.0029084870801883104,True,False,False
rth,10:30,ridge,500,common,package,5792,0.13283895894343778,0.1397805534008968,-0.006941594457459027,-4.966065943057349,-0.009066725917611762,-0.0048945998288023465,True,False,False
rth,10:30,ridge,500,common,calibration,5792,0.1376646798643247,0.1397805534008968,-0.0021158735365720822,-1.5137109455445232,-0.0029453672955739186,-0.0012704640631997152,True,False,False
rth,10:30,ridge,500,common,as scored,5792,0.1316994307458193,0.13852155147153913,-0.00682212072571982,-4.9249525819247735,-0.008758184031286375,-0.004911745204402372,True,False,False
rth,10:30,ridge,500,deck period,coefficients,1116,0.15364181965944307,0.15581386294734004,-0.002172043287896989,-1.3939987410690589,-0.007808279520061366,0.0035177167280064318,False,False,False
rth,10:30,ridge,500,deck period,package,1116,0.15364181965944307,0.15678924244729392,-0.0031474227878508544,-2.0074226641594293,-0.008749927275999799,0.0029980087188672816,False,False,False
rth,10:30,ridge,500,deck period,calibration,1116,0.15581386294734004,0.15678924244729392,-0.0009753794999538648,-0.6220959325584772,-0.0030748646825414097,0.001198767856605909,False,False,False
rth,10:30,ridge,500,deck period,as scored,1116,0.14777363157028175,0.15371258832605,-0.005938956755768255,-3.86367624177321,-0.01126144847709357,-0.00040176893321861165,True,False,False
rth,11:00,ridge,500,common,coefficients,5792,0.10869369934476371,0.1126411561233101,-0.003947456778546383,-3.5044533582601356,-0.005506439178659204,-0.0022985641605114434,True,False,False
rth,11:00,ridge,500,common,package,5792,0.10869369934476371,0.11692977762344864,-0.008236078278684939,-7.043610657678449,-0.010243206200425004,-0.006205769214483718,True,False,False
rth,11:00,ridge,500,common,calibration,5792,0.1126411561233101,0.11692977762344864,-0.004288621500138556,-3.667689776978189,-0.005314959469756524,-0.0032742762061911063,True,False,False
rth,11:00,ridge,500,common,as scored,5792,0.1086425475935952,0.11517825379681314,-0.006535706203217945,-5.6744272358457835,-0.008161551875482322,-0.004908647198993306,True,False,False
rth,11:00,ridge,500,deck period,coefficients,1116,0.1356859065453056,0.1378847320429844,-0.002198825497678771,-1.5946838095122133,-0.0074822803020499285,0.0035173513956598245,False,False,False
rth,11:00,ridge,500,deck period,package,1116,0.1356859065453056,0.1433125264260378,-0.007626619880732171,-5.321670108626683,-0.01382796072352938,-0.0010082886985991071,True,False,False
rth,11:00,ridge,500,deck period,calibration,1116,0.1378847320429844,0.1433125264260378,-0.0054277943830534,-3.787383083958562,-0.008528140597428112,-0.0028621224621641953,True,False,False
rth,11:00,ridge,500,deck period,as scored,1116,0.13259526604450336,0.13830911811065305,-0.005713852066149712,-4.131218638512605,-0.01094690794556193,-9.361212772238761e-05,True,False,False
rth,11:30,ridge,500,common,coefficients,5794,0.11708911297980594,0.11866080160393609,-0.0015716886241301533,-1.3245221698199103,-0.003534575392603897,0.0003025504164084961,False,False,False
rth,11:30,ridge,500,common,package,5794,0.11708911297980594,0.12313634888800012,-0.006047235908194181,-4.911007970274077,-0.008168568070102165,-0.003828123028949439,True,False,False
rth,11:30,ridge,500,common,calibration,5794,0.11866080160393609,0.12313634888800012,-0.004475547284064027,-3.6346272440924863,-0.005668581117979045,-0.0032551193904148206,True,False,False
rth,11:30,ridge,500,common,as scored,5794,0.11690930871896502,0.12143228953527374,-0.004522980816308717,-3.7246936820662335,-0.006518343155896359,-0.002611380773651108,True,False,False
rth,11:30,ridge,500,deck period,coefficients,1116,0.1286715334211153,0.13422850566096226,-0.0055569722398469985,-4.1399345187399605,-0.011048382346606577,-0.00021545017271657458,True,False,False
rth,11:30,ridge,500,deck period,package,1116,0.1286715334211153,0.142653535013634,-0.013982001592518778,-9.801370566234098,-0.019857214548006152,-0.008403533167735526,True,False,False
rth,11:30,ridge,500,deck period,calibration,1116,0.13422850566096226,0.142653535013634,-0.00842502935267178,-5.905938013990724,-0.013308407989516309,-0.0041617930160027005,True,False,False
rth,11:30,ridge,500,deck period,as scored,1116,0.12800315367119272,0.13737498412274654,-0.00937183045155384,-6.822079370127515,-0.014867626873965879,-0.004293334052393468,True,False,False
rth,12:00,ridge,500,common,coefficients,5734,0.12349335213286945,0.12391534889903687,-0.0004219967661674387,-0.3405524577195607,-0.0027351821391603352,0.0025369239466220958,False,False,False
rth,12:00,ridge,500,common,package,5734,0.12349335213286945,0.12893792571226706,-0.005444573579397631,-4.2226315875032245,-0.008114902225924031,-0.002077144231411872,True,False,False
rth,12:00,ridge,500,common,calibration,5734,0.12391534889903687,0.12893792571226706,-0.0050225768132301915,-3.895344822312701,-0.006066449238633391,-0.004010047764349245,True,False,False
rth,12:00,ridge,500,common,as scored,5734,0.12367627698325305,0.12717537784840913,-0.0034991008651560915,-2.7513980491781673,-0.005792599016674422,-0.0005567093845840304,True,False,False
rth,12:00,ridge,500,deck period,coefficients,1116,0.127183100723458,0.1294553202357087,-0.002272219512250668,-1.7552152419178084,-0.006870822637160653,0.0024107680528456374,False,False,False
rth,12:00,ridge,500,deck period,package,1116,0.127183100723458,0.13753472066403452,-0.010351619940576526,-7.5265503071498125,-0.015300392898222806,-0.0047608743748684314,True,False,False
rth,12:00,ridge,500,deck period,calibration,1116,0.1294553202357087,0.13753472066403452,-0.008079400428325858,-5.874444205301411,-0.011436443208046562,-0.004986056374826527,True,False,False
rth,12:00,ridge,500,deck period,as scored,1116,0.1256895716932148,0.13204658904922745,-0.0063570173560126494,-4.814223072163364,-0.010593046099603187,-0.0017706709406274587,True,False,False
rth,12:30,ridge,500,common,coefficients,5734,0.13729861498330043,0.14015695530264322,-0.0028583403193427753,-2.039385282857147,-0.004803826714683096,-0.0007965690462503482,True,False,False
rth,12:30,ridge,500,common,package,5734,0.13729861498330043,0.1438575527882433,-0.006558937804942885,-4.5593280838007635,-0.008839922743903451,-0.004290236816312866,True,False,False
rth,12:30,ridge,500,common,calibration,5734,0.14015695530264322,0.1438575527882433,-0.0037005974856001095,-2.5724040301501216,-0.004612262623416153,-0.0028189997805305477,True,False,False
rth,12:30,ridge,500,common,as scored,5734,0.13667848087645815,0.14211676622369968,-0.005438285347241549,-3.8266317843746784,-0.007565058607815697,-0.003345170341038908,True,False,False
rth,12:30,ridge,500,deck period,coefficients,1116,0.13699836278011387,0.14154024657718062,-0.004541883797066747,-3.208899169601276,-0.00904154741350345,-0.00014711868180111853,True,False,False
rth,12:30,ridge,500,deck period,package,1116,0.13699836278011387,0.14849150359235763,-0.011493140812243754,-7.7399316016052975,-0.01754241086002446,-0.005891646986409996,True,False,False
rth,12:30,ridge,500,deck period,calibration,1116,0.14154024657718062,0.14849150359235763,-0.006951257015177007,-4.681248992036448,-0.010025302040707727,-0.004350911817975733,True,False,False
rth,12:30,ridge,500,deck period,as scored,1116,0.13485845750885217,0.1433848593088389,-0.008526401799986738,-5.946514744364736,-0.013551259361767083,-0.003740814669839823,True,False,False
rth,13:00,ridge,500,common,coefficients,5734,0.1406354370255635,0.14195687448355554,-0.001321437457992013,-0.9308724658805375,-0.002975359045048803,0.0003949706641366422,False,False,False
rth,13:00,ridge,500,common,package,5734,0.1406354370255635,0.14500066912523976,-0.00436523209967625,-3.0104910039455874,-0.006268580990626524,-0.002380345823542486,True,False,False
rth,13:00,ridge,500,common,calibration,5734,0.14195687448355554,0.14500066912523976,-0.0030437946416842364,-2.0991590315043682,-0.00398670582888182,-0.0021360575523881823,True,False,False
rth,13:00,ridge,500,common,as scored,5734,0.13943796879307985,0.1430416575004684,-0.003603688707388567,-2.519328124659606,-0.005433769232987432,-0.0017309039407533396,True,False,False
rth,13:00,ridge,500,deck period,coefficients,1116,0.16222728907314662,0.16309616351502174,-0.0008688744418751111,-0.5327375108949663,-0.005416197663230702,0.0036910832445047315,False,False,False
rth,13:00,ridge,500,deck period,package,1116,0.16222728907314662,0.1667775010411836,-0.004550211968036974,-2.7283128357423676,-0.010002834437226302,0.000978544294548308,False,False,False
rth,13:00,ridge,500,deck period,calibration,1116,0.16309616351502174,0.1667775010411836,-0.0036813375261618626,-2.2073346243824594,-0.0064600254120989065,-0.0005308710120450673,True,False,False
rth,13:00,ridge,500,deck period,as scored,1116,0.1590086130691818,0.16224530995135383,-0.0032366968821720644,-1.9949401823341002,-0.008406027313173628,0.0018277367864356418,False,False,False
rth,13:30,ridge,500,common,coefficients,5673,0.14476946269227411,0.1466950459892804,-0.0019255832970062922,-1.3126437120085175,-0.003606348855828528,-0.00013480619666005113,True,False,False
rth,13:30,ridge,500,common,package,5673,0.14476946269227411,0.15056944706012285,-0.005799984367848713,-3.8520327205111946,-0.007824320911098026,-0.0036355760260077387,True,False,False
rth,13:30,ridge,500,common,calibration,5673,0.1466950459892804,0.15056944706012285,-0.003874401070842421,-2.573165503686389,-0.004791126376078616,-0.002903514672218086,True,False,False
rth,13:30,ridge,500,common,as scored,5673,0.14394094019853926,0.1484760020215041,-0.004535061822964868,-3.0544072855006195,-0.006398489934035672,-0.002439478794451607,True,False,False
rth,13:30,ridge,500,deck period,coefficients,1088,0.16997500680164426,0.16798505176367928,0.0019899550379649847,1.184602449487259,-0.002223086291457033,0.006251710913505808,False,False,False
rth,13:30,ridge,500,deck period,package,1088,0.16997500680164426,0.17255956611745363,-0.0025845593158093354,-1.4977780565640393,-0.007711151611815151,0.0025565907461976866,False,False,False
rth,13:30,ridge,500,deck period,calibration,1088,0.16798505176367928,0.17255956611745363,-0.004574514353774321,-2.6509769679535773,-0.00759980161012979,-0.0017795306372171858,True,False,False
rth,13:30,ridge,500,deck period,as scored,1088,0.16761053736485063,0.1670616367955213,0.0005489005693293398,0.32856170923380723,-0.0041944264520080874,0.0057489432019211875,False,False,False
rth,14:00,ridge,500,common,coefficients,5665,0.13805367491307646,0.1395698076304009,-0.0015161327173244228,-1.0862898954044136,-0.003666118408660682,0.0008580652175875141,False,False,False
rth,14:00,ridge,500,common,package,5665,0.13805367491307646,0.14173627177957082,-0.0036825968664943544,-2.5982035651548343,-0.0064000052632899014,-0.0008588560327725649,True,False,False
rth,14:00,ridge,500,common,calibration,5665,0.1395698076304009,0.14173627177957082,-0.0021664641491699315,-1.5285178042069787,-0.003330844101729928,-0.0008378783292457503,True,False,False
rth,14:00,ridge,500,common,as scored,5665,0.13535970351204277,0.13981976481199043,-0.0044600612999476695,-3.189864684685259,-0.006629379277396361,-0.0020959674219521913,True,False,False
rth,14:00,ridge,500,deck period,coefficients,1088,0.18053684238698012,0.17870002396530293,0.001836818421677203,1.0278781059558484,-0.004624710837535997,0.008238576399917708,False,False,False
rth,14:00,ridge,500,deck period,package,1088,0.18053684238698012,0.17570270799729007,0.004834134389690051,2.751314675107119,-0.0031419813310179815,0.013396850981794625,False,False,False
rth,14:00,ridge,500,deck period,calibration,1088,0.17870002396530293,0.17570270799729007,0.0029973159680128487,1.7059019762285492,-0.001432754933195419,0.008285456415589669,False,False,False
rth,14:00,ridge,500,deck period,as scored,1088,0.16763473030614331,0.17029703066334687,-0.0026623003572035214,-1.5633275265183646,-0.008542388508235814,0.003280903171724614,False,False,False
rth,14:30,ridge,500,common,coefficients,5660,0.2627472951239506,0.2643903366383535,-0.001643041514402823,-0.6214453732665195,-0.004140692432349803,0.0010123907166373885,False,False,False
rth,14:30,ridge,500,common,package,5660,0.2627472951239506,0.2618333795667643,0.0009139155571863492,0.3490447087756861,-0.002009929446333754,0.003684687212159255,False,False,False
rth,14:30,ridge,500,common,calibration,5660,0.2643903366383535,0.2618333795667643,0.0025569570715891724,0.9765588619067495,0.0005487390439036704,0.004411510881736822,False,True,False
rth,14:30,ridge,500,common,as scored,5660,0.2609313950747692,0.2611162590248324,-0.00018486395006318232,-0.07079756379536734,-0.003765479886070524,0.003688101033774321,False,False,False
rth,14:30,ridge,500,deck period,coefficients,1087,0.34545676733391106,0.34184606205865914,0.0036107052752518895,1.0562372003081053,-0.002343290134735696,0.010236383633997778,False,False,False
rth,14:30,ridge,500,deck period,package,1087,0.34545676733391106,0.34180520747241167,0.0036515598614993644,1.0683160413213117,-0.005337825394564883,0.011466929580360318,False,False,False
rth,14:30,ridge,500,deck period,calibration,1087,0.34184606205865914,0.34180520747241167,4.0854586247475395e-05,0.01195259327661733,-0.009020776917022643,0.0075942255294644875,False,False,False
rth,14:30,ridge,500,deck period,as scored,1087,0.35030774049227703,0.3403023280490227,0.010005412443254447,2.9401539803198475,-0.0005203465149020611,0.022903787220643446,False,False,False
rth,15:00,ridge,500,common,coefficients,5658,0.150252204403581,0.15459296221337743,-0.004340757809796397,-2.807862497521105,-0.006348304209379577,-0.0022461119544281215,True,False,False
rth,15:00,ridge,500,common,package,5658,0.150252204403581,0.15677525643657628,-0.0065230520329952486,-4.160766297731532,-0.008737844448297371,-0.004290025465227232,True,False,False
rth,15:00,ridge,500,common,calibration,5658,0.15459296221337743,0.15677525643657628,-0.0021822942231988513,-1.391988935499973,-0.0029702277886323658,-0.0014315167196295626,True,False,False
rth,15:00,ridge,500,common,as scored,5658,0.14735398777350717,0.15451849412602428,-0.0071645063525171086,-4.636665916944404,-0.009547337749320704,-0.00475931136602598,True,False,False
rth,15:00,ridge,500,deck period,coefficients,1087,0.19787211190357543,0.20433659070771604,-0.006464478804140605,-3.1636422932138593,-0.011765904826689762,-0.0011629709069001085,True,False,False
rth,15:00,ridge,500,deck period,package,1087,0.19787211190357543,0.20516795758148937,-0.007295845677913925,-3.5560356324238076,-0.012479859846550924,-0.0018938255951803883,True,False,False
rth,15:00,ridge,500,deck period,calibration,1087,0.20433659070771604,0.20516795758148937,-0.0008313668737733207,-0.40521282347079723,-0.0030165661874334104,0.0012711071454257403,False,False,False
rth,15:00,ridge,500,deck period,as scored,1087,0.18745978773677513,0.1987319788397981,-0.011272191103022956,-5.6720569929561755,-0.017534060703484976,-0.005063434066694134,True,False,False
rth,15:30,ridge,500,common,coefficients,5656,0.11584946245956665,0.11967290825203376,-0.003823445792467087,-3.194913408818332,-0.005840433475088609,-0.0016250574613098554,True,False,False
rth,15:30,ridge,500,common,package,5656,0.11584946245956665,0.12336675723616698,-0.007517294776600321,-6.093452519149546,-0.010044806880385367,-0.004912041881915601,True,False,False
rth,15:30,ridge,500,common,calibration,5656,0.11967290825203376,0.12336675723616698,-0.003693848984133234,-2.994201247473758,-0.0047818558648440425,-0.0025525950353648993,True,False,False
rth,15:30,ridge,500,common,as scored,5656,0.11532516610449725,0.12188906340491054,-0.006563897300413301,-5.385140485170765,-0.008794761484266549,-0.004216686285832302,True,False,False
rth,15:30,ridge,500,deck period,coefficients,1087,0.12522539922315643,0.12669868822363706,-0.0014732890004806568,-1.1628289299097876,-0.007438219073402611,0.005023554212020869,False,False,False
rth,15:30,ridge,500,deck period,package,1087,0.12522539922315643,0.1318587752345223,-0.0066333760113658725,-5.030667090277333,-0.014936759197692554,0.0017608990328978615,False,False,False
rth,15:30,ridge,500,deck period,calibration,1087,0.12669868822363706,0.1318587752345223,-0.005160087010885215,-3.913343652485435,-0.00871741734111365,-0.00157302463543417,True,False,False
rth,15:30,ridge,500,deck period,as scored,1087,0.1252036872303638,0.12832980400905242,-0.00312611677868863,-2.4360021452757095,-0.009697927694623553,0.003815923589027229,False,False,False
rth,16:00,ridge,500,common,coefficients,5650,0.1104466863645507,0.11511096085725289,-0.00466427449270217,-4.0519811996758985,-0.00724509986528719,-0.00193689666372449,True,False,False
rth,16:00,ridge,500,common,package,5650,0.1104466863645507,0.11638307580471897,-0.005936389440168271,-5.100732558511372,-0.008993965390629619,-0.00278177507640035,True,False,False
rth,16:00,ridge,500,common,calibration,5650,0.11511096085725289,0.11638307580471897,-0.0012721149474661023,-1.093041182036299,-0.0025370122176374896,-7.50906978251214e-05,True,False,False
rth,16:00,ridge,500,common,as scored,5650,0.109075125189032,0.11506318086432882,-0.005988055675296816,-5.20414578348685,-0.008566333200550566,-0.0033461882496648937,True,False,False
rth,16:00,ridge,500,deck period,coefficients,1087,0.11169005954668929,0.11348846656733629,-0.0017984070206469994,-1.5846606047672234,-0.006381471724016888,0.0034281377874284145,False,False,False
rth,16:00,ridge,500,deck period,package,1087,0.11169005954668929,0.11772466921610475,-0.006034609669415466,-5.126036632422265,-0.014081038082927006,0.0014581776791494864,False,False,False
rth,16:00,ridge,500,deck period,calibration,1087,0.11348846656733629,0.11772466921610475,-0.004236202648768466,-3.598398429977455,-0.008972067372673486,-0.00048539476594954754,True,False,False
rth,16:00,ridge,500,deck period,as scored,1087,0.10889937955729696,0.112686798899905,-0.00378741934260803,-3.3610142266728484,-0.00850719017299611,0.0014804142042378467,False,False,False
rth,09:30,ridge,2000,common,coefficients,4157,0.15616655163216617,0.16021731523095276,-0.004050763598786632,-2.5282932702669925,-0.00758209671943599,-0.0005425151559683729,True,False,False
rth,09:30,ridge,2000,common,package,4157,0.15616655163216617,0.1595130535260083,-0.003346501893842177,-2.09794861289928,-0.0067645200501051,0.00012863854028831963,False,False,False
rth,09:30,ridge,2000,common,calibration,4157,0.16021731523095276,0.1595130535260083,0.000704261704944454,0.441507255598756,3.012488099591659e-05,0.0013608153589002297,False,True,False
rth,09:30,ridge,2000,common,as scored,4157,0.15307536673413927,0.15791178467632194,-0.004836417942182674,-3.062734014498077,-0.008241320485719583,-0.001447700202994398,True,False,False
rth,09:30,ridge,2000,deck period,coefficients,1118,0.15990351277674666,0.17085398335748572,-0.010950470580739021,-6.4092568200923035,-0.01912344859816426,-0.0029472992440856536,True,False,False
rth,09:30,ridge,2000,deck period,package,1118,0.15990351277674666,0.17018803623090273,-0.01028452345415606,-6.043035504682907,-0.018003164074590048,-0.0024695940915579256,True,False,False
rth,09:30,ridge,2000,deck period,calibration,1118,0.17085398335748572,0.17018803623090273,0.0006659471265829614,0.3913007878411836,-0.0006448599599959401,0.0018310957473943736,False,False,False
rth,09:30,ridge,2000,deck period,as scored,1118,0.1538640845975799,0.16724689712421678,-0.01338281252663692,-8.00183008280106,-0.021270324637463308,-0.005698021774967205,True,False,False
rth,10:00,ridge,2000,common,coefficients,4153,0.10788527883343424,0.10912497547072207,-0.0012396966372878366,-1.1360338290480934,-0.0029891408470599564,0.0005376819425817893,False,False,False
rth,10:00,ridge,2000,common,package,4153,0.10788527883343424,0.1094335454561445,-0.0015482666227102588,-1.4148007507722817,-0.003922718312846768,0.0008956897081365521,False,False,False
rth,10:00,ridge,2000,common,calibration,4153,0.10912497547072207,0.1094335454561445,-0.00030856998542242163,-0.28197019856775185,-0.001637130862425893,0.0009414345892737434,False,False,False
rth,10:00,ridge,2000,common,as scored,4153,0.10664862382098403,0.10808040633348699,-0.001431782512502938,-1.324738276876114,-0.003186247622386527,0.0003955922750529051,False,False,False
rth,10:00,ridge,2000,deck period,coefficients,1116,0.11646705611096497,0.11502331742764495,0.0014437386833200492,1.2551704433566075,-0.002668518225742761,0.005601248057168596,False,False,False
rth,10:00,ridge,2000,deck period,package,1116,0.11646705611096497,0.11788142742522964,-0.0014143713142646406,-1.1998254052036774,-0.007547792526267325,0.0040692123831687224,False,False,False
rth,10:00,ridge,2000,deck period,calibration,1116,0.11502331742764495,0.11788142742522964,-0.00285810999758469,-2.4245634448204703,-0.006732074297158333,0.00028277930272300946,False,False,False
rth,10:00,ridge,2000,deck period,as scored,1116,0.115123958149366,0.11478159399790318,0.0003423641514628345,0.298274435419575,-0.003967156219895684,0.004632667285405873,False,False,False
rth,10:30,ridge,2000,common,coefficients,4153,0.13429503641803303,0.13855544328775313,-0.004260406869720061,-3.074875132023512,-0.0059102639109964005,-0.0024603834440863124,True,False,False
rth,10:30,ridge,2000,common,package,4153,0.13429503641803303,0.14110109076185642,-0.00680605434382339,-4.8235306382643905,-0.008825677440778992,-0.004692351697059306,True,False,False
rth,10:30,ridge,2000,common,calibration,4153,0.13855544328775313,0.14110109076185642,-0.002545647474103328,-1.8041302589217743,-0.0035069149603770802,-0.0015971444001019576,True,False,False
rth,10:30,ridge,2000,common,as scored,4153,0.13359618711477342,0.13937436327991626,-0.005778176165142814,-4.14579556036289,-0.007502009586596501,-0.003969202995309194,True,False,False
rth,10:30,ridge,2000,deck period,coefficients,1116,0.14789639891076495,0.15292030375776347,-0.005023904846998529,-3.285309225488296,-0.008468422652207756,-0.0017638267222058216,True,False,False
rth,10:30,ridge,2000,deck period,package,1116,0.14789639891076495,0.1549621841367917,-0.00706578522602672,-4.5596835546596655,-0.010702974754034946,-0.0034890225645905822,True,False,False
rth,10:30,ridge,2000,deck period,calibration,1116,0.15292030375776347,0.1549621841367917,-0.002041880379028191,-1.3176636547828577,-0.0040438682807259095,-0.00017811037460103708,True,False,False
rth,10:30,ridge,2000,deck period,as scored,1116,0.1442424481960694,0.1510468893850527,-0.006804441188983314,-4.504853570097199,-0.010237328490812556,-0.0036392394163656566,True,False,False
rth,11:00,ridge,2000,common,coefficients,4153,0.1117251954367143,0.11748921531128971,-0.005764019874575423,-4.90599912451841,-0.007210221890248391,-0.004379951083391503,True,False,False
rth,11:00,ridge,2000,common,package,4153,0.1117251954367143,0.12236806596420755,-0.010642870527493247,-8.697424809023515,-0.012698728083629844,-0.00865760181504826,True,False,False
rth,11:00,ridge,2000,common,calibration,4153,0.11748921531128971,0.12236806596420755,-0.004878850652917825,-3.9870293074214977,-0.0062648555557377585,-0.0036375061629356554,True,False,False
rth,11:00,ridge,2000,common,as scored,4153,0.11255798001098498,0.1201947209882323,-0.007636740977247322,-6.3536409207148115,-0.009099620934438581,-0.00618282763886512,True,False,False
rth,11:00,ridge,2000,deck period,coefficients,1116,0.13513572292584342,0.14218912966478942,-0.0070534067389460085,-4.9605808514155765,-0.01059212701827983,-0.003533015887477439,True,False,False
rth,11:00,ridge,2000,deck period,package,1116,0.13513572292584342,0.14835302883597748,-0.01321730591013408,-8.909360337190984,-0.018138641995173906,-0.008740976463246564,True,False,False
rth,11:00,ridge,2000,deck period,calibration,1116,0.14218912966478942,0.14835302883597748,-0.006163899171188072,-4.154885963267404,-0.00947089390303458,-0.003568307260362619,True,False,False
rth,11:00,ridge,2000,deck period,as scored,1116,0.1335492177368451,0.14282809596727164,-0.009278878230426566,-6.4965356903958,-0.012839377948411591,-0.005684802616075326,True,False,False
rth,11:30,ridge,2000,common,coefficients,4153,0.12120676200491112,0.12429432395143063,-0.0030875619465195025,-2.484073164697369,-0.004831467029673583,-0.0013890277584309276,True,False,False
rth,11:30,ridge,2000,common,package,4153,0.12120676200491112,0.1294797945219304,-0.008273032517019281,-6.389439022177357,-0.010702991183048394,-0.005829088451966705,True,False,False
rth,11:30,ridge,2000,common,calibration,4153,0.12429432395143063,0.1294797945219304,-0.005185470570499779,-4.004849242807146,-0.006765796130428489,-0.003688297443194387,True,False,False
rth,11:30,ridge,2000,common,as scored,4153,0.12176286226627575,0.1272960622841949,-0.005533200017919167,-4.3467173443008935,-0.007365907978981442,-0.003704059075289446,True,False,False
rth,11:30,ridge,2000,deck period,coefficients,1116,0.12832537745850633,0.1385406637275237,-0.01021528626901736,-7.373493091608382,-0.014184008634417636,-0.006492869645132517,True,False,False
rth,11:30,ridge,2000,deck period,package,1116,0.12832537745850633,0.14820271094506304,-0.019877333486556722,-13.412260382959534,-0.026917822569286477,-0.013818402199246713,True,False,False
rth,11:30,ridge,2000,deck period,calibration,1116,0.1385406637275237,0.14820271094506304,-0.009662047217539368,-6.5194807543844275,-0.014476828400223447,-0.00553446868370497,True,False,False
rth,11:30,ridge,2000,deck period,as scored,1116,0.12971988529444883,0.14241742145610337,-0.012697536161654543,-8.915718338271027,-0.01701185867860819,-0.008747794970178345,True,False,False
rth,12:00,ridge,2000,common,coefficients,4115,0.1265361514764696,0.12761351376294594,-0.0010773622864763456,-0.8442383997651275,-0.0036446406050870605,0.0023095437554910983,False,False,False
rth,12:00,ridge,2000,common,package,4115,0.1265361514764696,0.1335322145845783,-0.006996063108108699,-5.2392324428031145,-0.010081416753936725,-0.0031368994714992553,True,False,False
rth,12:00,ridge,2000,common,calibration,4115,0.12761351376294594,0.1335322145845783,-0.005918700821632353,-4.4324141856297095,-0.007211045746211626,-0.004771187086230411,True,False,False
rth,12:00,ridge,2000,common,as scored,4115,0.12758174939385622,0.13138663196579423,-0.003804882571938008,-2.895943457115628,-0.006360657293962908,-0.0004715072145232519,True,False,False
rth,12:00,ridge,2000,deck period,coefficients,1116,0.12687643804929558,0.13519144820986512,-0.008315010160569547,-6.150544483894943,-0.01166419552853591,-0.005263110489224155,True,False,False
rth,12:00,ridge,2000,deck period,package,1116,0.12687643804929558,0.14425695628369173,-0.017380518234396167,-12.048305109263586,-0.022058773984057214,-0.01321331268465099,True,False,False
rth,12:00,ridge,2000,deck period,calibration,1116,0.13519144820986512,0.14425695628369173,-0.00906550807382662,-6.284277935268954,-0.01214058845996332,-0.006229092109244757,True,False,False
rth,12:00,ridge,2000,deck period,as scored,1116,0.1271247047110291,0.13825446966271684,-0.011129764951687725,-8.050202629137202,-0.01445766483258265,-0.00800718944438011,True,False,False
rth,12:30,ridge,2000,common,coefficients,4115,0.13451460244070723,0.13854341021043562,-0.004028807769728355,-2.9079750264620596,-0.005742922636808067,-0.0023204858056544847,True,False,False
rth,12:30,ridge,2000,common,package,4115,0.13451460244070723,0.14318089196366204,-0.008666289522954824,-6.052685804719142,-0.011024905852887849,-0.006459320584460233,True,False,False
rth,12:30,ridge,2000,common,calibration,4115,0.13854341021043562,0.14318089196366204,-0.004637481753226468,-3.2388970969697666,-0.005919492611212699,-0.003548487193979411,True,False,False
rth,12:30,ridge,2000,common,as scored,4115,0.13457392739376844,0.14085018327330315,-0.006276255879534699,-4.4559799168712235,-0.008104087897638623,-0.004525670373297606,True,False,False
rth,12:30,ridge,2000,deck period,coefficients,1116,0.14007127616484757,0.14995050856160302,-0.009879232396755465,-6.5883287035981315,-0.013783942873667385,-0.006328684683130435,True,False,False
rth,12:30,ridge,2000,deck period,package,1116,0.14007127616484757,0.15726507868654693,-0.017193802521699372,-10.933007292718315,-0.022876602442835004,-0.012102556227221105,True,False,False
rth,12:30,ridge,2000,deck period,calibration,1116,0.14995050856160302,0.15726507868654693,-0.007314570124943908,-4.651108934058368,-0.010416422835496712,-0.00469085551849858,True,False,False
rth,12:30,ridge,2000,deck period,as scored,1116,0.13921475413998174,0.1515905222048021,-0.012375768064820379,-8.163945796096966,-0.016481132239005294,-0.00848931166407272,True,False,False
rth,13:00,ridge,2000,common,coefficients,4115,0.15092893439592409,0.1526512426624326,-0.0017223082665084937,-1.1282635086811206,-0.0035519941978523237,0.00034198900232642086,False,False,False
rth,13:00,ridge,2000,common,package,4115,0.15092893439592409,0.15612899199617192,-0.005200057600247831,-3.330616264002607,-0.007584054279451966,-0.0026378789715889345,True,False,False
rth,13:00,ridge,2000,common,calibration,4115,0.1526512426624326,0.15612899199617192,-0.003477749333739336,-2.2274846518093234,-0.004544524800206148,-0.0024414133847859335,True,False,False
rth,13:00,ridge,2000,common,as scored,4115,0.14971474702861653,0.15366960665973434,-0.003954859631117787,-2.573612126095244,-0.0059546613017545345,-0.0017450954478073954,True,False,False
rth,13:00,ridge,2000,deck period,coefficients,1116,0.16127840682463573,0.16541371676929612,-0.004135309944660445,-2.4999800653944533,-0.008243572107941938,0.0007306210090941681,False,False,False
rth,13:00,ridge,2000,deck period,package,1116,0.16127840682463573,0.17002841013641215,-0.00875000331177646,-5.14620074654372,-0.014134050755817503,-0.0021956326703101723,True,False,False
rth,13:00,ridge,2000,deck period,calibration,1116,0.16541371676929612,0.17002841013641215,-0.004614693367116014,-2.714071938574083,-0.007118598455475062,-0.0021379850445902506,True,False,False
rth,13:00,ridge,2000,deck period,as scored,1116,0.15867062446494765,0.16502527187607594,-0.006354647411128321,-3.8507116751792294,-0.01122980455333359,-0.0008786419351371369,True,False,False
rth,13:30,ridge,2000,common,coefficients,4054,0.15259263654674873,0.1545554542005931,-0.0019628176538443736,-1.2699763097955048,-0.003518535982438935,-0.00043706630240431573,True,False,False
rth,13:30,ridge,2000,common,package,4054,0.15259263654674873,0.15898284894351183,-0.006390212396763117,-4.019435076945705,-0.008610920526229224,-0.004291006369859267,True,False,False
rth,13:30,ridge,2000,common,calibration,4054,0.1545554542005931,0.15898284894351183,-0.004427394742918743,-2.7848253898707274,-0.005661579021618044,-0.003280803196315933,True,False,False
rth,13:30,ridge,2000,common,as scored,4054,0.15170739167100425,0.15626145398701197,-0.004554062316007704,-2.914386241655108,-0.006359927376841305,-0.0027684976323273,True,False,False
rth,13:30,ridge,2000,deck period,coefficients,1088,0.16759522281759984,0.1689242899092965,-0.001329067091696657,-0.7867827015346912,-0.005266575368268727,0.0023035472595981793,False,False,False
rth,13:30,ridge,2000,deck period,package,1088,0.16759522281759984,0.17470000419611106,-0.007104781378511188,-4.06684671314355,-0.013096793487384037,-0.001662220304005957,True,False,False
rth,13:30,ridge,2000,deck period,calibration,1088,0.1689242899092965,0.17470000419611106,-0.005775714286814532,-3.306075642866586,-0.008777074541303963,-0.003054211613615717,True,False,False
rth,13:30,ridge,2000,deck period,as scored,1088,0.1653215924815541,0.16859929297177426,-0.00327770049022018,-1.944077245192784,-0.007978983998495523,0.0012101578286900993,False,False,False
rth,14:00,ridge,2000,common,coefficients,4049,0.14331912696327684,0.14725039146058302,-0.0039312644973061635,-2.669782034744886,-0.005289956684027926,-0.002569479865215946,True,False,False
rth,14:00,ridge,2000,common,package,4049,0.14331912696327684,0.14973371504069014,-0.006414588077413303,-4.2839971449784295,-0.008322236708427239,-0.004307472766902288,True,False,False
rth,14:00,ridge,2000,common,calibration,4049,0.14725039146058302,0.14973371504069014,-0.0024833235801071394,-1.6584932654828581,-0.004031987887166935,-0.0007835666751462886,True,False,False
rth,14:00,ridge,2000,common,as scored,4049,0.1406265348279239,0.14713007470477044,-0.006503539876846556,-4.420265462310467,-0.007956118104335531,-0.00501089054696464,True,False,False
rth,14:00,ridge,2000,deck period,coefficients,1088,0.17502592696077524,0.18166303698184733,-0.0066371100210720875,-3.6535280546561055,-0.009997713572629744,-0.0034030796836328485,True,False,False
rth,14:00,ridge,2000,deck period,package,1088,0.17502592696077524,0.1795341510018077,-0.0045082240410324395,-2.511067680369651,-0.009849197672706096,0.001197497627552209,False,False,False
rth,14:00,ridge,2000,deck period,calibration,1088,0.18166303698184733,0.1795341510018077,0.0021288859800396476,1.185783299812531,-0.00219265489661159,0.007300305720007591,False,False,False
rth,14:00,ridge,2000,deck period,as scored,1088,0.16369037633345548,0.17320462468715872,-0.009514248353703226,-5.493068312054492,-0.013135782354992402,-0.00586057945673224,True,False,False
rth,14:30,ridge,2000,common,coefficients,4046,0.27923929739603337,0.28234879771189897,-0.003109500315865635,-1.1012975231573272,-0.005321210458111635,-0.0006807226532918424,True,False,False
rth,14:30,ridge,2000,common,package,4046,0.27923929739603337,0.27757350283197096,0.0016657945640623849,0.600127370612451,-0.0004794154090758927,0.004016557019233162,False,False,False
rth,14:30,ridge,2000,common,calibration,4046,0.28234879771189897,0.27757350283197096,0.0047752948799280204,1.7203713002889702,0.0026442000895741695,0.007001117152471777,False,True,False
rth,14:30,ridge,2000,common,as scored,4046,0.27402037154991254,0.2762849177460453,-0.0022645461961326714,-0.8196416274210776,-0.005759511852445161,0.002070703683600075,False,False,False
rth,14:30,ridge,2000,deck period,coefficients,1087,0.34327003395851974,0.3417894294693795,0.0014806044891401608,0.43319200697305543,-0.0049904579216078545,0.009260796285410131,False,False,False
rth,14:30,ridge,2000,deck period,package,1087,0.34327003395851974,0.33923067619498465,0.004039357763535049,1.1907407103752867,-0.002114329097446563,0.01022635853802515,False,False,False
rth,14:30,ridge,2000,deck period,calibration,1087,0.3417894294693795,0.33923067619498465,0.0025587532743948887,0.754281217458104,-0.004371351527881025,0.00870213681954401,False,False,False
rth,14:30,ridge,2000,deck period,as scored,1087,0.3437026345592664,0.33689509266477197,0.006807541894494371,2.0206711355300824,-0.004549383057372062,0.021340977679572604,False,False,False
rth,15:00,ridge,2000,common,coefficients,4044,0.16199596311156506,0.16632211595318916,-0.0043261528416241,-2.6010689058583663,-0.006365353938760475,-0.0023679727440897975,True,False,False
rth,15:00,ridge,2000,common,package,4044,0.16199596311156506,0.1683978589557183,-0.006401895844153219,-3.8016491918918365,-0.008677626653032941,-0.004127324193041144,True,False,False
rth,15:00,ridge,2000,common,calibration,4044,0.16632211595318916,0.1683978589557183,-0.002075743002529118,-1.232642157923726,-0.0031794472096145178,-0.00106109535608724,True,False,False
rth,15:00,ridge,2000,common,as scored,4044,0.158078284264896,0.1653071509569834,-0.007228866692087364,-4.372990914330424,-0.009719357164746421,-0.004691537425577051,True,False,False
rth,15:00,ridge,2000,deck period,coefficients,1087,0.20068206826913723,0.21355520510240916,-0.012873136833271941,-6.028013612264193,-0.01738773896395327,-0.007885830469919185,True,False,False
rth,15:00,ridge,2000,deck period,package,1087,0.20068206826913723,0.2132099915880211,-0.012527923318883865,-5.875861269715339,-0.017839221608413326,-0.006496706286484831,True,False,False
rth,15:00,ridge,2000,deck period,calibration,1087,0.21355520510240916,0.2132099915880211,0.00034521351438807557,0.16191244688716122,-0.001777095216783538,0.0024155532581558257,False,False,False
rth,15:00,ridge,2000,deck period,as scored,1087,0.1895651679214656,0.20597987107750776,-0.016414703156042144,-7.969081187484328,-0.02202441225846542,-0.009799460247927737,True,False,False
rth,15:30,ridge,2000,common,coefficients,4044,0.11600415043832878,0.12064747158523487,-0.004643321146906096,-3.8486684270259977,-0.006469139401086254,-0.002841955724538911,True,False,False
rth,15:30,ridge,2000,common,package,4044,0.11600415043832878,0.12607413087656416,-0.010069980438235392,-7.987348687808637,-0.012688123808936675,-0.00739835854854011,True,False,False
rth,15:30,ridge,2000,common,calibration,4044,0.12064747158523487,0.12607413087656416,-0.005426659291329295,-4.304340036769632,-0.006853223147366898,-0.003974330981241345,True,False,False
rth,15:30,ridge,2000,common,as scored,4044,0.11611851730719396,0.12410782669949505,-0.00798930939230111,-6.437393679969755,-0.010110799420272314,-0.005895774462998392,True,False,False
rth,15:30,ridge,2000,deck period,coefficients,1087,0.12223096224920467,0.12758741218107994,-0.0053564499318752715,-4.198258935037468,-0.010201623336732225,-0.0005134996167971135,True,False,False
rth,15:30,ridge,2000,deck period,package,1087,0.12223096224920467,0.13527860256859842,-0.013047640319393762,-9.645014120231938,-0.01994349965620304,-0.005960039738312297,True,False,False
rth,15:30,ridge,2000,deck period,calibration,1087,0.12758741218107994,0.13527860256859842,-0.007691190387518493,-5.685444882991283,-0.011186473268259375,-0.004325572620251286,True,False,False
rth,15:30,ridge,2000,deck period,as scored,1087,0.12259810626764164,0.13081546643319614,-0.008217360165554494,-6.281642675448376,-0.013614885350920565,-0.002724817510670252,True,False,False
rth,16:00,ridge,2000,common,coefficients,4043,0.11100821713558497,0.11997826340102849,-0.008970046265443518,-7.476392815806188,-0.011639643129336153,-0.006388920556772017,True,False,False
rth,16:00,ridge,2000,common,package,4043,0.11100821713558497,0.12328065949825749,-0.01227244236267252,-9.954880524342089,-0.01546297037466895,-0.009158841664045987,True,False,False
rth,16:00,ridge,2000,common,calibration,4043,0.11997826340102849,0.12328065949825749,-0.0033023960972289996,-2.6787625169020752,-0.00470862815939138,-0.0020042753374841867,True,False,False
rth,16:00,ridge,2000,common,as scored,4043,0.11038481270881491,0.12131996863510107,-0.010935155926286137,-9.013483970784929,-0.013575326360059295,-0.008423271847319865,True,False,False
rth,16:00,ridge,2000,deck period,coefficients,1087,0.1067306114992661,0.11406328577039992,-0.007332674271133792,-6.428601650047032,-0.012069660404397078,-0.0022989547158954824,True,False,False
rth,16:00,ridge,2000,deck period,package,1087,0.1067306114992661,0.12041388526037732,-0.013683273761111192,-11.363534804580988,-0.021076525029908012,-0.006929402744426596,True,False,False
rth,16:00,ridge,2000,deck period,calibration,1087,0.11406328577039992,0.12041388526037732,-0.0063505994899774,-5.273976067000215,-0.010537487598535001,-0.0029723430478793157,True,False,False
rth,16:00,ridge,2000,deck period,as scored,1087,0.10505117905799422,0.11508716905487734,-0.010035989996883127,-8.720337878932131,-0.014609582284544977,-0.005333395389554958,True,False,False
