date,oracle 10:00,oracle 10:30,oracle 11:00,oracle 11:30,oracle 12:00,oracle 12:30,oracle 13:00,oracle 13:30,oracle 14:00,oracle 14:30,oracle 15:00,oracle 15:30,always short 10:00,always short 10:30,always short 11:00,always short 11:30,always short 12:00,always short 12:30,always short 13:00,always short 13:30,always short 14:00,always short 14:30,always short 15:00,always short 15:30
2020-01-03,10.60009765625,-8.500097513198853,8.900000095367432,-6.950097560882568,-0.47509765625,0.49990248680114746,0.724902331829071,1.2499023079872131,-4.375097751617432,4.300097703933716,2.099902331829071,-2.400097668170929,10.60009765625,8.500097513198853,8.900000095367432,6.950097560882568,0.47509765625,-0.49990248680114746,-0.724902331829071,-1.2499023079872131,4.375097751617432,4.300097703933716,-2.099902331829071,2.400097668170929
2020-01-06,-7.080029249191284,-4.405029296875,-5.080029368400574,-5.730029225349426,-6.380029320716858,-7.230029284954071,-7.455029249191284,-3.230029344558716,-3.4550293684005737,1.4449706673622131,-3.9300293028354645,0.3699706941843033,-7.080029249191284,-4.405029296875,-5.080029368400574,-5.730029225349426,-6.380029320716858,-7.230029284954071,-7.455029249191284,-3.230029344558716,-3.4550293684005737,1.4449706673622131,-3.9300293028354645,0.3699706941843033
2020-01-08,6.5499513149261475,2.3499512672424316,2.449951171875,5.149951100349426,-3.300048828125,-2.4500489234924316,-2.150048792362213,-1.225048840045929,-1.3750489056110382,-1.050048828125,4.399951159954071,10.424951195716858,6.5499513149261475,2.3499512672424316,2.449951171875,5.149951100349426,3.300048828125,2.4500489234924316,2.150048792362213,1.225048840045929,1.3750489056110382,1.050048828125,-4.399951159954071,-10.424951195716858
2020-01-10,8.27490234375,3.8249024152755737,9.749902427196503,4.424902319908142,-0.9250975847244263,-0.2750976085662842,0.5499023795127869,6.224902272224426,6.324902355670929,1.349902331829071,1.624902367591858,-2.450000047683716,-8.27490234375,-3.8249024152755737,-9.749902427196503,-4.424902319908142,0.9250975847244263,0.2750976085662842,-0.5499023795127869,-6.224902272224426,-6.324902355670929,-1.349902331829071,-1.624902367591858,2.450000047683716
2020-01-13,-2.0798829197883606,-7.954882800579071,-3.4548827409744263,-3.8298827409744263,0.545117199420929,-0.2298828363418579,-0.2548828125,-0.3548828363418579,-0.5548827946186066,-0.6548828780651093,-0.9548828601837158,-1.904882788658142,-2.0798829197883606,-7.954882800579071,-3.4548827409744263,-3.8298827409744263,0.545117199420929,-0.2298828363418579,-0.2548828125,-0.3548828363418579,-0.5548827946186066,-0.6548828780651093,-0.9548828601837158,-1.904882788658142
2020-01-15,-7.140039086341858,-6.590039014816284,-0.7150390148162842,-5.990039229393005,-5.565039038658142,-4.6650390625,5.599999964237213,-4.525000035762787,4.149999976158142,-2.690039098262787,-1.840039074420929,-1.6650390625,7.140039086341858,6.590039014816284,0.7150390148162842,5.990039229393005,5.565039038658142,4.6650390625,5.599999964237213,4.525000035762787,4.149999976158142,2.690039098262787,1.840039074420929,-1.6650390625
2020-01-17,6.275000095367432,5.199999928474426,0.6298826932907104,0.47988277673721313,-0.3451172113418579,3.800000011920929,-0.7951171398162842,-0.7951172590255737,-0.9201170802116394,-1.4701171517372131,2.925000011920929,-2.295117139816284,6.275000095367432,5.199999928474426,0.6298826932907104,0.47988277673721313,-0.3451172113418579,3.800000011920929,-0.7951171398162842,-0.7951172590255737,-0.9201170802116394,-1.4701171517372131,2.925000011920929,-2.295117139816284
2020-01-21,-6.049999952316284,-5.599999904632568,-4.559960901737213,0.08496087789535522,0.38496100902557373,0.6599609851837158,0.9599609375,-3.7500000596046448,3.559960961341858,-3.124999910593033,-2.25,-1.550000011920929,6.049999952316284,5.599999904632568,4.559960901737213,-0.08496087789535522,-0.38496100902557373,-0.6599609851837158,-0.9599609375,3.7500000596046448,3.559960961341858,3.124999910593033,2.25,1.550000011920929
2020-01-22,2.0999999046325684,8.299999952316284,3.4750000834465027,1.9249999523162842,1.399999976158142,1.1249999403953552,-0.4750000834465027,5.325000047683716,0.15000003576278687,0.4249999523162842,1.0500000417232513,2.3000000417232513,-2.0999999046325684,-8.299999952316284,-3.4750000834465027,1.9249999523162842,1.399999976158142,1.1249999403953552,0.4750000834465027,-5.325000047683716,-0.15000003576278687,-0.4249999523162842,-1.0500000417232513,2.3000000417232513
2020-01-24,26.43002939224243,11.180029392242432,11.980029225349426,6.080029368400574,1.5300291776657104,-10.699999809265137,2.7050293684005737,-8.350000023841858,8.330029249191284,-1.6699705123901367,6.005029320716858,-3.924999952316284,-26.43002939224243,-11.180029392242432,-11.980029225349426,-6.080029368400574,-1.5300291776657104,10.699999809265137,-2.7050293684005737,8.350000023841858,8.330029249191284,-1.6699705123901367,6.005029320716858,3.924999952316284
2020-01-27,11.579883098602295,8.979882955551147,13.429883003234863,12.229882717132568,11.1298828125,-0.9201173782348633,3.829882860183716,-3.1701172590255737,1.729882836341858,-5.070117235183716,5.329882979393005,-1.670117199420929,11.579883098602295,8.979882955551147,13.429883003234863,12.229882717132568,11.1298828125,-0.9201173782348633,3.829882860183716,-3.1701172590255737,1.729882836341858,-5.070117235183716,5.329882979393005,-1.670117199420929
2020-01-29,8.649902582168579,7.2999022006988525,-0.7000977993011475,-1.5500977039337158,-2.3000974655151367,-2.6500978469848633,-2.6000977754592896,-3.35009765625,-4.0000975131988525,-4.925097823143005,6.550097644329071,-2.400097608566284,8.649902582168579,7.2999022006988525,-0.7000977993011475,-1.5500977039337158,-2.3000974655151367,-2.6500978469848633,-2.6000977754592896,-3.35009765625,-4.0000975131988525,-4.925097823143005,-6.550097644329071,-2.400097608566284
2020-01-31,25.929980516433716,8.729980230331421,4.129980564117432,-6.1200196743011475,6.679980516433716,0.7799804210662842,9.77001953125,-8.370019435882568,-6.570019721984863,-6.070019483566284,-4.970019578933716,7.329980492591858,-25.929980516433716,-8.729980230331421,-4.129980564117432,6.1200196743011475,-6.679980516433716,-0.7799804210662842,9.77001953125,8.370019435882568,6.570019721984863,6.070019483566284,4.970019578933716,7.329980492591858
2020-02-03,7.819921970367432,-5.230078220367432,5.719921827316284,9.969921827316284,10.400000095367432,6.919921875,-0.46992170810699463,8.050000071525574,5.219921827316284,6.324999928474426,3.594921886920929,-3.305078148841858,7.819921970367432,-5.230078220367432,5.719921827316284,9.969921827316284,10.400000095367432,6.919921875,0.46992170810699463,8.050000071525574,5.219921827316284,6.324999928474426,3.594921886920929,-3.305078148841858
2020-02-05,6.110058665275574,-3.989941358566284,-1.1399414539337158,-1.6399415731430054,-1.6100585460662842,-1.2600585222244263,-0.4100586175918579,-0.13505858182907104,0.5399414300918579,0.7399414777755737,-3.225000023841858,-2.800000011920929,6.110058665275574,-3.989941358566284,-1.1399414539337158,-1.6399415731430054,1.6100585460662842,1.2600585222244263,0.4100586175918579,0.13505858182907104,-0.5399414300918579,-0.7399414777755737,3.225000023841858,2.800000011920929
2020-02-07,12.299999713897705,-1.9099608659744263,6.4599608182907104,-0.00996100902557373,1.1150391101837158,6.890038967132568,2.0400390625,2.2150391340255737,6.899999976158142,6.724999904632568,4.9499998688697815,2.975000023841858,12.299999713897705,1.9099608659744263,6.4599608182907104,0.00996100902557373,-1.1150391101837158,-6.890038967132568,-2.0400390625,-2.2150391340255737,6.899999976158142,6.724999904632568,4.9499998688697815,2.975000023841858
2020-02-10,-7.840087890625,-3.7900880575180054,-4.3400880098342896,-5.290087819099426,-5.740087866783142,-6.315087795257568,-6.965087890625,-7.865087866783142,-8.040087938308716,-8.340087831020355,-4.390087902545929,-0.2400878369808197,-7.840087890625,-3.7900880575180054,-4.3400880098342896,-5.290087819099426,-5.740087866783142,-6.315087795257568,-6.965087890625,-7.865087866783142,-8.040087938308716,-8.340087831020355,-4.390087902545929,-0.2400878369808197
2020-02-12,7.075000047683716,2.600048780441284,2.575048804283142,5.524999976158142,5.125000059604645,4.500000059604645,4.524999976158142,-0.074951171875,3.7250000536441803,3.1749999821186066,2.4499999582767487,1.574999988079071,7.075000047683716,2.600048780441284,2.575048804283142,5.524999976158142,5.125000059604645,4.500000059604645,4.524999976158142,-0.074951171875,3.7250000536441803,3.1749999821186066,2.4499999582767487,1.574999988079071
2020-02-14,3.9400877952575684,7.215087890625,6.440087914466858,5.590087890625,-4.815087735652924,0.4400879144668579,0.590087890625,0.36508792638778687,-4.584912180900574,-0.9599122405052185,-1.7849120497703552,-2.834912121295929,3.9400877952575684,7.215087890625,6.440087914466858,5.590087890625,4.815087735652924,0.4400879144668579,0.590087890625,0.36508792638778687,-4.584912180900574,-0.9599122405052185,-1.7849120497703552,-2.834912121295929
2020-02-18,8.5,4.309960842132568,7.409960865974426,-1.3900392055511475,-2.1900391578674316,0.8599609136581421,0.3349608778953552,4.084960997104645,3.8099608421325684,3.050000011920929,2.5,1.725000023841858,8.5,4.309960842132568,7.409960865974426,-1.3900392055511475,-2.1900391578674316,0.8599609136581421,0.3349608778953552,4.084960997104645,3.8099608421325684,3.050000011920929,2.5,1.725000023841858
2020-02-19,5.8250977993011475,5.200097560882568,5.174999952316284,1.0499023795127869,5.174999892711639,0.5499023795127869,-0.15009769797325134,-0.5000977516174316,3.799999952316284,-1.3000976741313934,-1.8750976920127869,1.6749999672174454,5.8250977993011475,5.200097560882568,5.174999952316284,1.0499023795127869,5.174999892711639,0.5499023795127869,-0.15009769797325134,-0.5000977516174316,3.799999952316284,-1.3000976741313934,-1.8750976920127869,1.6749999672174454
2020-02-21,13.450000047683716,12.09999966621399,10.399999856948853,-2.9999998807907104,-2.0999999046325684,-7.449999809265137,-6.75,9.150000095367432,6.299999952316284,7.450000047683716,6.424999833106995,2.200000047683716,13.450000047683716,12.09999966621399,10.399999856948853,2.9999998807907104,2.0999999046325684,7.449999809265137,6.75,9.150000095367432,6.299999952316284,7.450000047683716,6.424999833106995,2.200000047683716
2020-02-24,0.139892578125,2.7398924827575684,1.7101078033447266,-3.3398923873901367,-7.589892864227295,-16.700000286102295,-16.200000286102295,16.5,-9.189892768859863,-1.7898924350738525,10.010107517242432,-6.110107421875,0.139892578125,2.7398924827575684,-1.7101078033447266,3.3398923873901367,7.589892864227295,16.700000286102295,16.200000286102295,16.5,9.189892768859863,1.7898924350738525,-10.010107517242432,-6.110107421875
2020-02-26,5.6601080894470215,21.660107135772705,29.160107135772705,37.41010808944702,14.210107803344727,-0.7398929595947266,6.010107040405273,1.7101078033447266,23.160107612609863,16.28989315032959,15.25,7.939892530441284,-5.6601080894470215,-21.660107135772705,-29.160107135772705,-37.41010808944702,-14.210107803344727,0.7398929595947266,-6.010107040405273,-1.7101078033447266,23.160107612609863,16.28989315032959,15.25,7.939892530441284
2020-02-28,3.280029296875,-13.969970703125,-4.780029296875,-10.130029678344727,-19.380029678344727,-23.280029296875,-33.43002891540527,-15.730029106140137,12.469970703125,15.469969749450684,0.5699706077575684,36.86997032165527,3.280029296875,-13.969970703125,4.780029296875,10.130029678344727,19.380029678344727,23.280029296875,33.43002891540527,15.730029106140137,-12.469970703125,-15.469969749450684,-0.5699706077575684,-36.86997032165527
2020-03-02,-70.72998142242432,-78.57998085021973,-57.62998008728027,-31.929980278015137,18.22998046875,32.779980182647705,23.429980754852295,-45.82998037338257,35.67998027801514,-45.02998065948486,-61.22998046875,40.57998061180115,-70.72998142242432,-78.57998085021973,-57.62998008728027,-31.929980278015137,-18.22998046875,-32.779980182647705,-23.429980754852295,-45.82998037338257,-35.67998027801514,-45.02998065948486,-61.22998046875,-40.57998061180115
2020-03-04,-40.870118141174316,-19.070116996765137,-40.82011795043945,-32.02011680603027,-44.37011766433716,-35.82011699676514,-25.72011709213257,-15.570116996765137,-18.02011728286743,-11.270117282867432,-17.220117568969727,-2.6201171875,-40.870118141174316,-19.070116996765137,-40.82011795043945,-32.02011680603027,-44.37011766433716,-35.82011699676514,-25.72011709213257,-15.570116996765137,-18.02011728286743,-11.270117282867432,-17.220117568969727,-2.6201171875
2020-03-06,16.079882621765137,-37.92988300323486,44.02988243103027,24.829883575439453,-16.079882621765137,1.1701164245605469,-9.279882431030273,-15.029882431030273,4.770116806030273,9.1201171875,35.22011661529541,26.420116901397705,16.079882621765137,37.92988300323486,44.02988243103027,24.829883575439453,16.079882621765137,-1.1701164245605469,9.279882431030273,15.029882431030273,-4.770116806030273,-9.1201171875,-35.22011661529541,-26.420116901397705
2020-03-09,32.11005878448486,8.160058975219727,34.81005668640137,0.41005897521972656,-22.28994083404541,-6.08994197845459,0.68994140625,-9.610058784484863,-35.56005859375,42.64999961853027,27.910058975219727,0.5100584030151367,32.11005878448486,8.160058975219727,34.81005668640137,0.41005897521972656,-22.28994083404541,-6.08994197845459,-0.68994140625,9.610058784484863,35.56005859375,42.64999961853027,27.910058975219727,0.5100584030151367
2020-03-11,3.179882049560547,14.079882621765137,-13.579882621765137,35.32988262176514,16.979883193969727,10.8798828125,29.429883003234863,28.429883003234863,29.979883193969727,39.02011775970459,28.6201171875,18.670116901397705,3.179882049560547,14.079882621765137,13.579882621765137,35.32988262176514,16.979883193969727,10.8798828125,29.429883003234863,28.429883003234863,29.979883193969727,39.02011775970459,28.6201171875,18.670116901397705
2020-03-13,-56.57001876831055,44.120018005371094,93.02001953125,-107.62001991271973,-111.62001991271973,-116.27001953125,96.07001972198486,70.52001953125,69.02001953125,102.17001914978027,,,-56.57001876831055,-44.120018005371094,-93.02001953125,-107.62001991271973,-111.62001991271973,-116.27001953125,-96.07001972198486,-70.52001953125,-69.02001953125,-102.17001914978027,,
2020-03-16,45.72988319396973,32.6298828125,-19.57011604309082,-69.2201156616211,-53.47011756896973,-29.970117568969727,-15.470117568969727,-30.42011833190918,-22.1201171875,23.77011775970459,,,45.72988319396973,32.6298828125,-19.57011604309082,-69.2201156616211,-53.47011756896973,-29.970117568969727,-15.470117568969727,-30.42011833190918,-22.1201171875,-23.77011775970459,,
2020-03-18,-65.0000991821289,-45.90009689331055,-73.19999885559082,-50.34990119934082,-59.95009803771973,-52.44990158081055,-21.99990177154541,9.250099182128906,,,,,65.0000991821289,45.90009689331055,73.19999885559082,50.34990119934082,59.95009803771973,52.44990158081055,21.99990177154541,-9.250099182128906,,,,
2020-03-20,25.280078887939453,61.830078125,93.43007850646973,35.78007793426514,37.68007850646973,1.9800777435302734,26.630078315734863,30.18007755279541,40.18007850646973,11.530077934265137,14.269922256469727,,-25.280078887939453,-61.830078125,-93.43007850646973,-35.78007793426514,-37.68007850646973,-1.9800777435302734,-26.630078315734863,-30.18007755279541,-40.18007850646973,-11.530077934265137,14.269922256469727,
2020-03-23,39.04990196228027,40.29990005493164,-62.49990177154541,-47.100098609924316,-44.15009784698486,-59.44999980926514,21.349902153015137,41.29990196228027,,46.94990158081055,,,39.04990196228027,40.29990005493164,62.49990177154541,47.100098609924316,44.15009784698486,59.44999980926514,21.349902153015137,41.29990196228027,,46.94990158081055,,
2020-03-25,30.93994140625,28.789939880371094,54.589942932128906,48.689940452575684,48.73994159698486,25.310059547424316,11.660058975219727,-21.389941215515137,25.93994140625,-26.43994140625,39.23994159698486,37.389941692352295,30.93994140625,28.789939880371094,54.589942932128906,48.689940452575684,48.73994159698486,25.310059547424316,11.660058975219727,-21.389941215515137,-25.93994140625,-26.43994140625,-39.23994159698486,-37.389941692352295
2020-03-27,61.39999866485596,55.530029296875,53.55000019073486,43.219970703125,46.88002872467041,48.15000057220459,34.31997203826904,38.41997146606445,18.219970703125,8.11997127532959,-5.480030059814453,-36.530029296875,61.39999866485596,55.530029296875,53.55000019073486,43.219970703125,46.88002872467041,48.15000057220459,34.31997203826904,38.41997146606445,18.219970703125,8.11997127532959,-5.480030059814453,-36.530029296875
2020-03-30,-12.99990177154541,1.3500986099243164,-3.7499027252197266,18.800097465515137,14.35009765625,17.35009765625,20.85009765625,14.300097465515137,1.0500974655151367,2.800097942352295,11.950097560882568,3.850097179412842,-12.99990177154541,1.3500986099243164,-3.7499027252197266,18.800097465515137,14.35009765625,17.35009765625,20.85009765625,14.300097465515137,1.0500974655151367,2.800097942352295,11.950097560882568,3.850097179412842
2020-03-31,28.140088081359863,0.14008712768554688,-2.4099111557006836,-13.659912109375,-10.00991153717041,10.290088653564453,18.19008731842041,26.390087604522705,7.840087413787842,5.74008846282959,3.2400879859924316,15.609911918640137,28.140088081359863,0.14008712768554688,-2.4099111557006836,-13.659912109375,-10.00991153717041,10.290088653564453,18.19008731842041,26.390087604522705,7.840087413787842,5.74008846282959,3.2400879859924316,15.609911918640137
2020-04-01,20.949999809265137,10.15000057220459,-2.84999942779541,6.399999618530273,10.050000190734863,23.249999046325684,30.5,23.700000286102295,11.199999809265137,14.250000476837158,21.34999990463257,-5.299999952316284,20.949999809265137,10.15000057220459,-2.84999942779541,6.399999618530273,10.050000190734863,23.249999046325684,30.5,23.700000286102295,11.199999809265137,14.250000476837158,21.34999990463257,5.299999952316284
2020-04-03,3.2999019622802734,20.49990177154541,22.54990291595459,31.149903297424316,30.0,20.95009756088257,22.75009775161743,-11.000097274780273,5.250097274780273,-12.550097465515137,16.70009756088257,13.050097465515137,3.2999019622802734,20.49990177154541,22.54990291595459,31.149903297424316,30.0,20.95009756088257,22.75009775161743,11.000097274780273,5.250097274780273,12.550097465515137,16.70009756088257,13.050097465515137
2020-04-06,-24.32993173599243,-26.929931163787842,-34.62993144989014,-28.07993221282959,21.479931831359863,-10.079931259155273,6.529932022094727,13.229931831359863,4.77993106842041,21.829931259155273,14.979931592941284,12.029931783676147,-24.32993173599243,-26.929931163787842,-34.62993144989014,-28.07993221282959,-21.479931831359863,-10.079931259155273,-6.529932022094727,-13.229931831359863,-4.77993106842041,-21.829931259155273,-14.979931592941284,-12.029931783676147
2020-04-08,-38.12998008728027,-30.429980278015137,-19.129980087280273,-4.179980278015137,-2.0799803733825684,-3.6299800872802734,-0.12998056411743164,-0.97998046875,-10.829980850219727,12.970019340515137,14.220019340515137,14.800000190734863,-38.12998008728027,-30.429980278015137,-19.129980087280273,-4.179980278015137,-2.0799803733825684,-3.6299800872802734,-0.12998056411743164,-0.97998046875,-10.829980850219727,12.970019340515137,14.220019340515137,14.800000190734863
2020-04-09,21.620067596435547,32.62006855010986,24.42006778717041,33.67006778717041,21.370068550109863,19.220067977905273,7.97006893157959,2.5200681686401367,11.120068073272705,25.800000190734863,11.079931259155273,19.5,21.620067596435547,32.62006855010986,24.42006778717041,33.67006778717041,21.370068550109863,19.220067977905273,7.97006893157959,2.5200681686401367,11.120068073272705,25.800000190734863,11.079931259155273,19.5
2020-04-13,23.47011661529541,15.220117092132568,4.020117282867432,10.570117473602295,7.670117378234863,10.8701171875,-0.1298828125,-1.4298830032348633,7.220117568969727,0.8201169967651367,-3.2701172828674316,-9.770117044448853,23.47011661529541,15.220117092132568,4.020117282867432,10.570117473602295,7.670117378234863,10.8701171875,-0.1298828125,-1.4298830032348633,7.220117568969727,0.8201169967651367,3.2701172828674316,9.770117044448853
2020-04-15,32.60000038146973,17.73989248275757,20.639892578125,17.739892959594727,10.989892482757568,20.23989248275757,23.40000009536743,21.199999809265137,15.389892578125,10.26010799407959,-1.639892578125,9.560107231140137,32.60000038146973,17.73989248275757,20.639892578125,17.739892959594727,10.989892482757568,20.23989248275757,23.40000009536743,21.199999809265137,15.389892578125,10.26010799407959,-1.639892578125,9.560107231140137
2020-04-17,19.739941120147705,-0.21005868911743164,-2.1600584983825684,-12.660058975219727,-5.56005859375,-11.260058403015137,-3.010058879852295,-4.960058212280273,-6.360058784484863,-13.31005859375,-15.110058546066284,-9.110058546066284,19.739941120147705,-0.21005868911743164,-2.1600584983825684,-12.660058975219727,-5.56005859375,-11.260058403015137,-3.010058879852295,-4.960058212280273,-6.360058784484863,-13.31005859375,-15.110058546066284,-9.110058546066284
2020-04-20,18.409911632537842,8.609911918640137,-8.190087795257568,-15.390087604522705,-21.49008798599243,12.490087509155273,18.640087842941284,-8.590087890625,9.840087890625,11.109911918640137,15.950000047683716,5.2599122524261475,18.409911632537842,8.609911918640137,-8.190087795257568,-15.390087604522705,-21.49008798599243,-12.490087509155273,-18.640087842941284,-8.590087890625,-9.840087890625,11.109911918640137,15.950000047683716,5.2599122524261475
2020-04-22,13.989941596984863,11.539941310882568,10.089941501617432,13.289941787719727,16.239941596984863,14.739941120147705,14.089941024780273,17.149999618530273,15.25,13.400000095367432,5.910058498382568,3.2600585222244263,13.989941596984863,11.539941310882568,10.089941501617432,13.289941787719727,16.239941596984863,14.739941120147705,14.089941024780273,17.149999618530273,15.25,13.400000095367432,5.910058498382568,3.2600585222244263
2020-04-24,-11.139990329742432,-9.789989948272705,-12.239990234375,-17.739990234375,-19.289990663528442,-11.489990472793579,-11.989989995956421,-13.739990234375,1.1600096225738525,-0.13999032974243164,3.6600096225738525,8.049999952316284,-11.139990329742432,-9.789989948272705,-12.239990234375,-17.739990234375,-19.289990663528442,-11.489990472793579,-11.989989995956421,-13.739990234375,1.1600096225738525,-0.13999032974243164,3.6600096225738525,8.049999952316284
2020-04-27,4.020019769668579,2.520020008087158,1.2200195789337158,11.670019626617432,13.600000143051147,9.02001953125,11.500000238418579,7.1200196743011475,7.070019483566284,5.470019459724426,8.049999833106995,3.929980516433716,4.020019769668579,2.520020008087158,1.2200195789337158,11.670019626617432,13.600000143051147,9.02001953125,11.500000238418579,7.1200196743011475,7.070019483566284,5.470019459724426,8.049999833106995,3.929980516433716
2020-04-29,12.089990139007568,10.989989757537842,13.789990425109863,13.989990234375,17.75000023841858,16.91000986099243,10.610010147094727,9.160009622573853,-12.110009908676147,12.010009765625,3.8100099563598633,-3.5649901628494263,12.089990139007568,10.989989757537842,13.789990425109863,13.989990234375,17.75000023841858,16.91000986099243,10.610010147094727,9.160009622573853,12.110009908676147,12.010009765625,3.8100099563598633,-3.5649901628494263
2020-04-30,-17.129931449890137,-5.379931449890137,-15.579931259155273,-17.90000009536743,10.72006893157959,5.620068550109863,12.370068788528442,6.570068359375,0.6200683116912842,3.9700679779052734,-1.3299317359924316,9.950000047683716,17.129931449890137,5.379931449890137,15.579931259155273,17.90000009536743,10.72006893157959,5.620068550109863,12.370068788528442,6.570068359375,0.6200683116912842,3.9700679779052734,-1.3299317359924316,9.950000047683716
2020-05-01,,-1.8400392532348633,-4.140039443969727,11.359960556030273,19.0,16.440038681030273,15.940039157867432,14.490039110183716,13.190039157867432,12.250000238418579,10.900000095367432,8.449999928474426,,-1.8400392532348633,-4.140039443969727,11.359960556030273,19.0,16.440038681030273,15.940039157867432,14.490039110183716,13.190039157867432,12.250000238418579,10.900000095367432,8.449999928474426
2020-05-04,-3.8899903297424316,-1.7899904251098633,-8.739990234375,-5.639990329742432,-1.789989709854126,-3.0899903774261475,-8.839990377426147,-14.889990091323853,-6.689990282058716,-7.989990234375,1.2100096940994263,3.960009813308716,-3.8899903297424316,-1.7899904251098633,-8.739990234375,-5.639990329742432,-1.789989709854126,-3.0899903774261475,-8.839990377426147,-14.889990091323853,-6.689990282058716,-7.989990234375,1.2100096940994263,3.960009813308716
2020-05-06,4.519921779632568,-2.330078125,-9.180078029632568,0.8199214935302734,0.06992220878601074,-6.330078363418579,-7.630078315734863,-8.180078029632568,-15.030078172683716,-6.230078220367432,-7.530078172683716,10.005078077316284,4.519921779632568,-2.330078125,-9.180078029632568,0.8199214935302734,0.06992220878601074,-6.330078363418579,-7.630078315734863,-8.180078029632568,-15.030078172683716,-6.230078220367432,-7.530078172683716,-10.005078077316284
2020-05-08,3.6499509811401367,6.249951124191284,0.04995107650756836,4.649951219558716,8.049951076507568,7.449950933456421,6.499951124191284,0.7999510765075684,0.19995105266571045,-0.20004868507385254,3.849951386451721,1.8749511241912842,3.6499509811401367,6.249951124191284,0.04995107650756836,4.649951219558716,8.049951076507568,7.449950933456421,6.499951124191284,0.7999510765075684,0.19995105266571045,-0.20004868507385254,3.849951386451721,1.8749511241912842
2020-05-11,-4.139941215515137,-1.18994140625,-1.7899413108825684,6.710058689117432,5.81005859375,10.649999856948853,10.099999904632568,-0.7600586414337158,3.289941191673279,7.149999976158142,1.9399412870407104,-0.4350585341453552,-4.139941215515137,-1.18994140625,-1.7899413108825684,6.710058689117432,5.81005859375,10.649999856948853,10.099999904632568,-0.7600586414337158,3.289941191673279,7.149999976158142,1.9399412870407104,-0.4350585341453552
2020-05-13,7.400000095367432,25.549999713897705,9.799999713897705,1.4499998092651367,-19.800000190734863,-14.199999809265137,-16.199999809265137,-15.800000190734863,-10.049999952316284,-8.150000095367432,2.700000047683716,5.849999785423279,-7.400000095367432,-25.549999713897705,-9.799999713897705,-1.4499998092651367,19.800000190734863,14.199999809265137,16.199999809265137,15.800000190734863,10.049999952316284,8.150000095367432,-2.700000047683716,-5.849999785423279
2020-05-15,8.500049114227295,7.400048732757568,-4.29995059967041,-6.149951457977295,-8.09995174407959,0.6500492095947266,-1.5999512672424316,6.950048446655273,5.900048732757568,12.849999904632568,-2.399951457977295,4.400048732757568,8.500049114227295,7.400048732757568,-4.29995059967041,-6.149951457977295,-8.09995174407959,0.6500492095947266,-1.5999512672424316,6.950048446655273,5.900048732757568,12.849999904632568,-2.399951457977295,4.400048732757568
2020-05-18,4.590088129043579,2.7900876998901367,10.440087795257568,14.100000143051147,12.549999952316284,12.0,11.25,9.309912204742432,8.309912204742432,7.409912109375,6.434912204742432,0.7400878667831421,4.590088129043579,2.7900876998901367,10.440087795257568,14.100000143051147,12.549999952316284,12.0,11.25,9.309912204742432,8.309912204742432,7.409912109375,6.434912204742432,-0.7400878667831421
2020-05-20,14.939892768859863,15.850000381469727,14.350000143051147,9.660107374191284,-8.510107278823853,12.049999952316284,11.250000238418579,4.4898927211761475,8.389892578125,2.489892601966858,6.800000071525574,5.4999998807907104,14.939892768859863,15.850000381469727,14.350000143051147,9.660107374191284,8.510107278823853,12.049999952316284,11.250000238418579,4.4898927211761475,8.389892578125,2.489892601966858,6.800000071525574,5.4999998807907104
2020-05-22,7.450048923492432,5.9000489711761475,1.1500489711761475,-0.7499513626098633,2.300048828125,1.6500487327575684,5.850048780441284,4.9500486850738525,3.2000486850738525,7.150048732757568,5.975048899650574,-0.12495124340057373,7.450048923492432,5.9000489711761475,1.1500489711761475,-0.7499513626098633,2.300048828125,1.6500487327575684,5.850048780441284,4.9500486850738525,3.2000486850738525,7.150048732757568,5.975048899650574,-0.12495124340057373
2020-05-26,1.5700194835662842,-5.379980802536011,6.929980516433716,-1.4299805164337158,3.52001953125,2.27001953125,10.029980301856995,15.654980421066284,11.179980516433716,11.72998046875,12.279980540275574,8.879980504512787,1.5700194835662842,-5.379980802536011,-6.929980516433716,-1.4299805164337158,3.52001953125,2.27001953125,-10.029980301856995,-15.654980421066284,-11.179980516433716,-11.72998046875,-12.279980540275574,-8.879980504512787
2020-05-27,17.329882621765137,19.579882860183716,-32.02988290786743,-25.87988257408142,-21.97988271713257,-23.579882860183716,-20.02988290786743,-20.02988290786743,-20.729882955551147,-12.1298828125,-9.229882836341858,-6.404882788658142,-17.329882621765137,-19.579882860183716,-32.02988290786743,-25.87988257408142,-21.97988271713257,-23.579882860183716,-20.02988290786743,-20.02988290786743,-20.729882955551147,-12.1298828125,-9.229882836341858,-6.404882788658142
2020-05-29,-3.3399415016174316,3.31005859375,8.860058307647705,10.66005802154541,8.360058546066284,11.260058879852295,5.910058975219727,11.56005859375,11.510058879852295,0.56005859375,-5.489941358566284,-3.5399413108825684,3.3399415016174316,-3.31005859375,-8.860058307647705,-10.66005802154541,-8.360058546066284,-11.260058879852295,-5.910058975219727,-11.56005859375,-11.510058879852295,-0.56005859375,5.489941358566284,3.5399413108825684
2020-06-01,9.470019340515137,15.52001953125,13.720019340515137,8.820019721984863,12.170019626617432,10.870019674301147,10.199999928474426,4.279980540275574,8.200000166893005,6.899999976158142,6.399999976158142,4.824999928474426,9.470019340515137,15.52001953125,13.720019340515137,8.820019721984863,12.170019626617432,10.870019674301147,10.199999928474426,4.279980540275574,8.200000166893005,6.899999976158142,6.399999976158142,4.824999928474426
2020-06-03,0.7298829555511475,0.1298828125,4.229882717132568,8.179882764816284,7.6298828125,6.579882860183716,1.0798828601837158,5.104882836341858,-0.12011706829071045,4.6298826932907104,5.650000095367432,2.1451172828674316,0.7298829555511475,0.1298828125,4.229882717132568,8.179882764816284,7.6298828125,6.579882860183716,1.0798828601837158,5.104882836341858,-0.12011706829071045,4.6298826932907104,5.650000095367432,2.1451172828674316
2020-06-05,-2.6700682640075684,-1.9700679779052734,-13.349999904632568,-3.2299318313598633,7.879931688308716,-11.079931735992432,-5.179931640625,0.9200682640075684,-8.629931569099426,-2.529931664466858,-7.079931616783142,-0.6049317121505737,2.6700682640075684,1.9700679779052734,13.349999904632568,3.2299318313598633,7.879931688308716,11.079931735992432,5.179931640625,-0.9200682640075684,8.629931569099426,2.529931664466858,7.079931616783142,0.6049317121505737
2020-06-08,-7.4898927211761475,-17.73989248275757,-10.389892578125,-6.439892530441284,-11.989892721176147,-12.38989245891571,-13.839892625808716,9.964892506599426,-5.089892625808716,-0.7648926973342896,-1.664892554283142,-8.064892590045929,-7.4898927211761475,-17.73989248275757,-10.389892578125,-6.439892530441284,-11.989892721176147,-12.38989245891571,-13.839892625808716,-9.964892506599426,-5.089892625808716,-0.7648926973342896,-1.664892554283142,-8.064892590045929
2020-06-10,-17.83989191055298,28.26010751724243,27.21010732650757,21.189892292022705,20.48989248275757,-14.239892482757568,-14.089892387390137,-13.789892196655273,-18.089892387390137,11.960107326507568,9.739892721176147,-9.360107421875,17.83989191055298,28.26010751724243,27.21010732650757,21.189892292022705,20.48989248275757,14.239892482757568,14.089892387390137,13.789892196655273,18.089892387390137,-11.960107326507568,9.739892721176147,-9.360107421875
2020-06-12,-1.5100584030151367,-17.360058784484863,-22.739941596984863,-19.239941596984863,-19.91005849838257,-29.199999809265137,-26.33994150161743,-5.739941596984863,24.010058879852295,9.360058784484863,-1.9600582122802734,-10.210058450698853,1.5100584030151367,17.360058784484863,22.739941596984863,19.239941596984863,19.91005849838257,29.199999809265137,26.33994150161743,5.739941596984863,-24.010058879852295,-9.360058784484863,-1.9600582122802734,-10.210058450698853
2020-06-15,-26.690088272094727,-30.490087509155273,-24.540087699890137,-17.790088176727295,-20.24008798599243,8.890087604522705,3.44008731842041,4.540087938308716,10.290087699890137,8.190088033676147,12.700000047683716,3.2599117755889893,-26.690088272094727,-30.490087509155273,-24.540087699890137,-17.790088176727295,-20.24008798599243,-8.890087604522705,-3.44008731842041,-4.540087938308716,-10.290087699890137,8.190088033676147,12.700000047683716,3.2599117755889893
2020-06-17,23.13999032974243,29.5,11.439990043640137,15.839990139007568,7.889989852905273,6.289990425109863,-0.7100098133087158,-7.760009527206421,-9.410009741783142,-4.960009813308716,-1.010009765625,7.3399903774261475,23.13999032974243,29.5,11.439990043640137,15.839990139007568,7.889989852905273,6.289990425109863,-0.7100098133087158,-7.760009527206421,-9.410009741783142,-4.960009813308716,-1.010009765625,7.3399903774261475
2020-06-19,22.610010147094727,23.960009574890137,14.410009384155273,15.86000943183899,11.61000943183899,18.689990043640137,-5.039990186691284,-17.100000143051147,10.960009574890137,9.910009860992432,9.639990329742432,2.339990258216858,-22.610010147094727,-23.960009574890137,-14.410009384155273,-15.86000943183899,-11.61000943183899,18.689990043640137,5.039990186691284,17.100000143051147,10.960009574890137,9.910009860992432,9.639990329742432,2.339990258216858
2020-06-22,4.839892387390137,7.189892292022705,-2.9601073265075684,4.839892625808716,2.9898924827575684,11.289892435073853,12.699999809265137,9.189892530441284,10.200000047683716,6.389892578125,5.660107254981995,0.33989250659942627,4.839892387390137,7.189892292022705,-2.9601073265075684,4.839892625808716,2.9898924827575684,11.289892435073853,12.699999809265137,9.189892530441284,10.200000047683716,6.389892578125,5.660107254981995,0.33989250659942627
2020-06-24,8.669921875,16.81992244720459,1.469921588897705,20.030078411102295,18.519922256469727,21.550000190734863,-7.830078125,18.51992177963257,-15.869921684265137,-9.030077934265137,12.919922113418579,5.380078077316284,-8.669921875,-16.81992244720459,-1.469921588897705,20.030078411102295,18.519922256469727,21.550000190734863,7.830078125,18.51992177963257,15.869921684265137,9.030077934265137,12.919922113418579,5.380078077316284
2020-06-26,25.849950790405273,1.0499515533447266,14.250048637390137,7.100049018859863,6.749950885772705,3.7000489234924316,2.1500492095947266,-2.449951171875,1.500049114227295,10.050048589706421,10.100049257278442,10.400048971176147,-25.849950790405273,-1.0499515533447266,14.250048637390137,7.100049018859863,-6.749950885772705,3.7000489234924316,2.1500492095947266,-2.449951171875,1.500049114227295,10.050048589706421,10.100049257278442,10.400048971176147
2020-06-29,-7.939990043640137,-2.1399898529052734,6.410009384155273,8.560009717941284,2.3600094318389893,9.910009860992432,4.310009956359863,7.460009813308716,6.610009670257568,1.2100098133087158,-3.889990448951721,-6.964990258216858,-7.939990043640137,-2.1399898529052734,6.410009384155273,8.560009717941284,2.3600094318389893,9.910009860992432,4.310009956359863,7.460009813308716,6.610009670257568,1.2100098133087158,-3.889990448951721,-6.964990258216858
2020-06-30,-21.340039253234863,-17.5400390625,-4.3900392055511475,-4.640038728713989,-6.090039014816284,2.0400390625,-12.440039157867432,-13.0400390625,-14.090039014816284,5.190039038658142,5.6900389194488525,2.240039110183716,-21.340039253234863,-17.5400390625,-4.3900392055511475,-4.640038728713989,-6.090039014816284,-2.0400390625,-12.440039157867432,-13.0400390625,-14.090039014816284,-5.190039038658142,-5.6900389194488525,-2.240039110183716
2020-07-01,15.289892673492432,16.25,16.0,5.889892339706421,12.889892578125,12.900000095367432,12.350000143051147,11.049999952316284,10.349999904632568,8.700000047683716,7.5,1.7101073861122131,15.289892673492432,16.25,16.0,5.889892339706421,12.889892578125,12.900000095367432,12.350000143051147,11.049999952316284,10.349999904632568,8.700000047683716,7.5,1.7101073861122131
2020-07-02,-12.589990139007568,1.8600099086761475,13.310009956359863,11.310009717941284,-2.3399901390075684,-3.3899900913238525,-4.3399903774261475,-5.4899903535842896,-6.3399903774261475,-6.689990162849426,-13.189990401268005,-4.314990401268005,-12.589990139007568,1.8600099086761475,13.310009956359863,11.310009717941284,-2.3399901390075684,-3.3899900913238525,-4.3399903774261475,-5.4899903535842896,-6.3399903774261475,-6.689990162849426,-13.189990401268005,-4.314990401268005
2020-07-06,15.000000476837158,5.1800291538238525,13.150000095367432,11.519970655441284,6.9300291538238525,6.4300291538238525,5.030029296875,4.230029463768005,8.149999856948853,-1.1699708700180054,-2.594970703125,0.530029296875,15.000000476837158,5.1800291538238525,13.150000095367432,11.519970655441284,6.9300291538238525,6.4300291538238525,5.030029296875,4.230029463768005,8.149999856948853,-1.1699708700180054,-2.594970703125,0.530029296875
2020-07-08,-16.68994164466858,-10.910058736801147,-10.010058641433716,-7.039941310882568,-0.5899412631988525,2.260058641433716,-0.8100588321685791,-8.639941453933716,-9.589941263198853,-6.039941310882568,-2.539941430091858,5.499999940395355,16.68994164466858,10.910058736801147,10.010058641433716,-7.039941310882568,-0.5899412631988525,2.260058641433716,0.8100588321685791,-8.639941453933716,-9.589941263198853,-6.039941310882568,-2.539941430091858,5.499999940395355
2020-07-10,-13.390039443969727,-10.390038967132568,-6.940038681030273,-5.390038728713989,-1.8400390148162842,-6.490038871765137,-3.9400389194488525,-4.6400392055511475,-0.5400390625,-1.1400392055511475,2.0599608421325684,5.0849608182907104,-13.390039443969727,-10.390038967132568,-6.940038681030273,-5.390038728713989,-1.8400390148162842,-6.490038871765137,-3.9400389194488525,-4.6400392055511475,-0.5400390625,-1.1400392055511475,2.0599608421325684,5.0849608182907104
2020-07-13,29.53002953529358,46.280029296875,57.38002920150757,62.730029344558716,59.330029249191284,59.580029249191284,55.280029296875,66.33002936840057,61.980029344558716,38.68002939224243,46.93002939224243,12.230029225349426,-29.53002953529358,-46.280029296875,-57.38002920150757,-62.730029344558716,-59.330029249191284,-59.580029249191284,-55.280029296875,-66.33002936840057,-61.980029344558716,-38.68002939224243,-46.93002939224243,-12.230029225349426
2020-07-15,-19.59999990463257,-14.510058403015137,-13.460058450698853,-17.950000286102295,5.489941120147705,6.739941596984863,9.439941167831421,12.589941501617432,6.489941358566284,10.899999856948853,4.739941358566284,5.9399412870407104,19.59999990463257,14.510058403015137,13.460058450698853,17.950000286102295,5.489941120147705,6.739941596984863,9.439941167831421,12.589941501617432,6.489941358566284,10.899999856948853,4.739941358566284,5.9399412870407104
2020-07-17,18.049999713897705,5.070019721984863,11.370019912719727,9.970019817352295,12.799999952316284,12.200000047683716,11.299999952316284,10.100000143051147,9.0,7.829980492591858,6.829980373382568,-0.49501949548721313,18.049999713897705,5.070019721984863,11.370019912719727,9.970019817352295,12.799999952316284,12.200000047683716,11.299999952316284,10.100000143051147,9.0,7.829980492591858,6.829980373382568,-0.49501949548721313
2020-07-20,-16.44008755683899,-2.640087842941284,-4.340087890625,-0.590087890625,-1.1400878429412842,-2.2400879859924316,-3.140087842941284,2.2099121809005737,6.234911918640137,4.784912109375,3.734912157058716,4.174999952316284,-16.44008755683899,-2.640087842941284,-4.340087890625,-0.590087890625,-1.1400878429412842,-2.2400879859924316,-3.140087842941284,2.2099121809005737,6.234911918640137,4.784912109375,3.734912157058716,4.174999952316284
2020-07-22,9.22998046875,2.729980707168579,-2.4200196266174316,0.97998046875,-0.3200194835662842,3.72998046875,2.8299803733825684,2.329980492591858,-7.27001953125,-4.070019483566284,-0.32001954317092896,-1.9200196266174316,9.22998046875,2.729980707168579,-2.4200196266174316,0.97998046875,-0.3200194835662842,3.72998046875,2.8299803733825684,2.329980492591858,-7.27001953125,-4.070019483566284,-0.32001954317092896,-1.9200196266174316
2020-07-24,21.97011709213257,14.3798828125,7.029882907867432,11.329882860183716,10.479882717132568,14.799999952316284,9.570117235183716,8.470117092132568,10.770117282867432,-4.7798826694488525,8.550000071525574,2.0701171159744263,21.97011709213257,14.3798828125,7.029882907867432,11.329882860183716,10.479882717132568,14.799999952316284,9.570117235183716,8.470117092132568,10.770117282867432,4.7798826694488525,8.550000071525574,2.0701171159744263
2020-07-27,10.090087890625,8.440088033676147,7.090087890625,-1.7099120616912842,1.0400879383087158,-0.00991213321685791,3.5400878190994263,2.715087890625,2.090087890625,6.149999976158142,1.0400879383087158,3.3999999165534973,10.090087890625,8.440088033676147,7.090087890625,-1.7099120616912842,1.0400879383087158,-0.00991213321685791,3.5400878190994263,2.715087890625,2.090087890625,6.149999976158142,1.0400879383087158,3.3999999165534973
2020-07-29,-1.0899415016174316,2.0100584030151367,6.110058307647705,5.510058641433716,1.2600586414337158,5.510058879852295,5.110058546066284,4.56005859375,3.485058546066284,5.760058522224426,3.8100587129592896,5.199999988079071,-1.0899415016174316,2.0100584030151367,6.110058307647705,5.510058641433716,1.2600586414337158,5.510058879852295,5.110058546066284,4.56005859375,3.485058546066284,5.760058522224426,3.8100587129592896,5.199999988079071
2020-07-31,-0.27988338470458984,-16.920117378234863,15.170117139816284,8.570117235183716,16.670117139816284,16.8701171875,-29.170117378234863,-23.170117139816284,24.97011709213257,26.47011709213257,13.645117044448853,11.270117282867432,0.27988338470458984,-16.920117378234863,-15.170117139816284,-8.570117235183716,-16.670117139816284,-16.8701171875,-29.170117378234863,-23.170117139816284,-24.97011709213257,-26.47011709213257,-13.645117044448853,-11.270117282867432
2020-08-03,12.949999928474426,12.099999904632568,6.789892673492432,9.11010754108429,8.560107231140137,8.36010730266571,7.560107350349426,6.660107374191284,-5.960107326507568,-0.360107421875,0.31489264965057373,-3.460107445716858,12.949999928474426,12.099999904632568,6.789892673492432,9.11010754108429,8.560107231140137,8.36010730266571,7.560107350349426,6.660107374191284,5.960107326507568,0.360107421875,-0.31489264965057373,3.460107445716858
2020-08-05,11.5,9.299999952316284,8.850000023841858,8.149999976158142,6.279980421066284,5.529980540275574,3.829980492591858,5.774999976158142,5.299999952316284,4.599999904632568,-4.349999964237213,-0.529980480670929,11.5,9.299999952316284,8.850000023841858,8.149999976158142,6.279980421066284,5.529980540275574,3.829980492591858,5.774999976158142,5.299999952316284,4.599999904632568,4.349999964237213,0.529980480670929
2020-08-07,-11.319970607757568,-4.919970750808716,-9.419970750808716,-3.969970703125,-3.269970655441284,-7.669970631599426,-2.4699708223342896,-2.5699706077575684,1.280029296875,-5.930029392242432,-4.0300294160842896,-5.380029320716858,11.319970607757568,4.919970750808716,9.419970750808716,3.969970703125,3.269970655441284,7.669970631599426,2.4699708223342896,2.5699706077575684,-1.280029296875,-5.930029392242432,-4.0300294160842896,-5.380029320716858
2020-08-10,-9.430029153823853,-8.280029296875,-6.319970607757568,-0.5699706077575684,-7.280029296875,2.8800292015075684,6.230029344558716,5.480029344558716,5.230029225349426,4.505029320716858,4.124999940395355,3.2050291895866394,9.430029153823853,8.280029296875,-6.319970607757568,-0.5699706077575684,7.280029296875,2.8800292015075684,6.230029344558716,5.480029344558716,5.230029225349426,4.505029320716858,4.124999940395355,3.2050291895866394
2020-08-12,2.599902391433716,10.749902248382568,10.999902248382568,9.449902534484863,8.64990234375,8.25,7.549902319908142,3.5499024391174316,7.025000095367432,6.650000095367432,5.924999952316284,-0.22490233182907104,2.599902391433716,10.749902248382568,10.999902248382568,9.449902534484863,8.64990234375,8.25,7.549902319908142,3.5499024391174316,7.025000095367432,6.650000095367432,5.924999952316284,-0.22490233182907104
2020-08-14,13.449999809265137,10.449902296066284,9.449902296066284,7.750097751617432,6.9500977993011475,9.200000047683716,9.299999952316284,5.650097727775574,4.60009765625,6.799999952316284,6.375,2.1499024033546448,13.449999809265137,10.449902296066284,9.449902296066284,7.750097751617432,6.9500977993011475,9.200000047683716,9.299999952316284,5.650097727775574,4.60009765625,6.799999952316284,6.375,2.1499024033546448
2020-08-17,9.700000047683716,9.0,8.300000071525574,3.7399901151657104,6.774999976158142,6.050000071525574,2.964990258216858,2.4899902939796448,1.7399901747703552,1.4149901270866394,3.824999988079071,2.625,9.700000047683716,9.0,8.300000071525574,3.7399901151657104,6.774999976158142,6.050000071525574,2.964990258216858,2.4899902939796448,1.7399901747703552,1.4149901270866394,3.824999988079071,2.625
2020-08-19,5.499902248382568,6.14990234375,12.52490234375,13.14990246295929,13.249902367591858,14.224902391433716,14.899902284145355,15.174902379512787,15.649902284145355,2.72509765625,-5.099902331829071,-1.1499024033546448,-5.499902248382568,-6.14990234375,-12.52490234375,-13.14990246295929,-13.249902367591858,-14.224902391433716,-14.899902284145355,-15.174902379512787,-15.649902284145355,2.72509765625,-5.099902331829071,-1.1499024033546448
2020-08-21,4.590087890625,3.4900877475738525,3.040087938308716,2.590087890625,-2.5099120140075684,1.240087866783142,0.1900879144668579,-0.5349122285842896,2.9150878190994263,2.365087866783142,4.424999892711639,3.300000011920929,4.590087890625,3.4900877475738525,3.040087938308716,2.590087890625,-2.5099120140075684,1.240087866783142,0.1900879144668579,-0.5349122285842896,2.9150878190994263,2.365087866783142,4.424999892711639,3.300000011920929
2020-08-24,-3.0699706077575684,-2.3199708461761475,-1.880029320716858,-3.480029344558716,0.5699707269668579,-4.580029249191284,5.605029225349426,1.455029308795929,1.8800292611122131,2.2800292372703552,7.530029296875,4.280029267072678,3.0699706077575684,2.3199708461761475,-1.880029320716858,-3.480029344558716,0.5699707269668579,-4.580029249191284,-5.605029225349426,-1.455029308795929,-1.8800292611122131,-2.2800292372703552,-7.530029296875,-4.280029267072678
2020-08-26,20.079980492591858,16.504980325698853,11.829980492591858,12.804980635643005,7.454980492591858,-3.1950196027755737,2.35498046875,3.029980421066284,-1.495019555091858,-4.404980540275574,-2.3799805641174316,4.674999892711639,-20.079980492591858,-16.504980325698853,-11.829980492591858,-12.804980635643005,-7.454980492591858,3.1950196027755737,-2.35498046875,-3.029980421066284,1.495019555091858,4.404980540275574,-2.3799805641174316,4.674999892711639
2020-08-28,6.639990329742432,2.0899906158447266,-3.8600096702575684,-1.510009527206421,2.2899904251098633,-3.210009813308716,0.9399904012680054,-3.8100095987319946,-4.960009932518005,-1.7100098133087158,-2.2100098729133606,3.9000000953674316,6.639990329742432,2.0899906158447266,-3.8600096702575684,-1.510009527206421,2.2899904251098633,-3.210009813308716,0.9399904012680054,-3.8100095987319946,-4.960009932518005,-1.7100098133087158,-2.2100098729133606,3.9000000953674316
2020-08-31,-12.150000095367432,-10.700000286102295,-4.610058546066284,-10.539941310882568,-8.75,-3.160058617591858,-2.56005859375,-1.81005859375,-1.2600586414337158,-1.035058617591858,4.814941346645355,-0.1350587010383606,12.150000095367432,10.700000286102295,4.610058546066284,10.539941310882568,8.75,3.160058617591858,2.56005859375,1.81005859375,1.2600586414337158,1.035058617591858,-4.814941346645355,0.1350587010383606
2020-09-02,26.99008798599243,14.740087985992432,19.840087890625,20.44008779525757,21.140087842941284,12.390087962150574,12.690087914466858,-1.8900879621505737,3.040087938308716,4.015087842941284,5.015087842941284,4.459912061691284,-26.99008798599243,-14.740087985992432,-19.840087890625,-20.44008779525757,-21.140087842941284,-12.390087962150574,-12.690087914466858,-1.8900879621505737,-3.040087938308716,-4.015087842941284,-5.015087842941284,4.459912061691284
2020-09-04,-27.359960556030273,-11.240038871765137,-3.890040397644043,-21.55996036529541,0.2099618911743164,-12.440038681030273,17.240039348602295,5.809960842132568,1.7400388717651367,-13.840039253234863,-0.8400390148162842,11.740039110183716,27.359960556030273,11.240038871765137,3.890040397644043,-21.55996036529541,-0.2099618911743164,12.440038681030273,17.240039348602295,-5.809960842132568,1.7400388717651367,13.840039253234863,-0.8400390148162842,-11.740039110183716
2020-09-08,4.19008731842041,-4.309911727905273,11.140088081359863,2.540088176727295,4.790087699890137,1.140087604522705,11.009912014007568,13.059911727905273,20.659912109375,-0.2900876998901367,3.140087842941284,-5.859912395477295,4.19008731842041,-4.309911727905273,11.140088081359863,2.540088176727295,4.790087699890137,1.140087604522705,-11.009912014007568,-13.059911727905273,-20.659912109375,0.2900876998901367,3.140087842941284,-5.859912395477295
2020-09-09,11.840038776397705,23.65000009536743,19.0400390625,20.009960651397705,18.10996103286743,11.659960508346558,4.759960889816284,-1.5900392532348633,1.8599610328674316,1.1099610328674316,6.390038728713989,14.490039110183716,11.840038776397705,23.65000009536743,19.0400390625,20.009960651397705,18.10996103286743,11.659960508346558,4.759960889816284,-1.5900392532348633,1.8599610328674316,1.1099610328674316,-6.390038728713989,-14.490039110183716
2020-09-11,31.0,-18.769970893859863,-11.469970703125,-9.269970417022705,-18.219970226287842,-10.269970893859863,16.280029296875,3.080029010772705,-5.219970703125,-0.2199709415435791,12.030029296875,5.369970321655273,31.0,18.769970893859863,11.469970703125,9.269970417022705,18.219970226287842,10.269970893859863,16.280029296875,3.080029010772705,-5.219970703125,-0.2199709415435791,12.030029296875,5.369970321655273
2020-09-14,18.590039253234863,1.3900392055511475,-5.090039014816284,-3.6400392055511475,-1.6900389194488525,-1.0900390148162842,-6.340038776397705,-10.0400390625,-8.5400390625,-7.1900389194488525,-6.1650390625,5.599999904632568,18.590039253234863,1.3900392055511475,5.090039014816284,3.6400392055511475,1.6900389194488525,1.0900390148162842,6.340038776397705,10.0400390625,8.5400390625,7.1900389194488525,6.1650390625,5.599999904632568
2020-09-16,0.38999032974243164,4.139990329742432,3.289989948272705,-13.610009670257568,-8.960009574890137,-4.310009956359863,5.91001033782959,1.3100099563598633,-5.460009574890137,21.660009622573853,13.310009956359863,0.26000964641571045,0.38999032974243164,4.139990329742432,3.289989948272705,-13.610009670257568,-8.960009574890137,-4.310009956359863,-5.91001033782959,-1.3100099563598633,-5.460009574890137,-21.660009622573853,-13.310009956359863,-0.26000964641571045
2020-09-18,4.830029487609863,14.880029201507568,-5.619970321655273,-5.119970798492432,1.8300294876098633,-7.969970703125,19.019970417022705,5.330029487609863,10.630029439926147,8.180029153823853,10.599999904632568,6.869970679283142,-4.830029487609863,-14.880029201507568,5.619970321655273,5.119970798492432,-1.8300294876098633,7.969970703125,19.019970417022705,5.330029487609863,10.630029439926147,8.180029153823853,10.599999904632568,6.869970679283142
2020-09-21,11.93994140625,-10.110058784484863,-14.960058212280273,-17.360058784484863,-10.610058784484863,-7.610058307647705,-17.610058307647705,-4.860058784484863,-15.460058689117432,-21.96005868911743,-19.410058736801147,-7.510058641433716,11.93994140625,-10.110058784484863,-14.960058212280273,-17.360058784484863,-10.610058784484863,-7.610058307647705,-17.610058307647705,-4.860058784484863,-15.460058689117432,-21.96005868911743,-19.410058736801147,-7.510058641433716
2020-09-23,53.280078411102295,49.78007793426514,44.98007774353027,,30.48007822036743,37.68007802963257,44.68007802963257,39.530078172683716,28.830078125,7.7300779819488525,-4.469921827316284,0.6699216365814209,-53.280078411102295,-49.78007793426514,-44.98007774353027,,-30.48007822036743,-37.68007802963257,-44.68007802963257,-39.530078172683716,-28.830078125,-7.7300779819488525,4.469921827316284,0.6699216365814209
2020-09-25,-24.109960556030273,-19.159961223602295,-15.409960746765137,-7.609961032867432,-23.209960460662842,-15.55996036529541,-12.259961128234863,-9.109961032867432,-0.8599610328674316,2.740039110183716,5.790038824081421,5.559960961341858,-24.109960556030273,-19.159961223602295,-15.409960746765137,-7.609961032867432,-23.209960460662842,-15.55996036529541,-12.259961128234863,-9.109961032867432,-0.8599610328674316,2.740039110183716,5.790038824081421,5.559960961341858
2020-09-28,8.249902725219727,17.799999713897705,9.999902248382568,13.349902391433716,12.199902534484863,11.199902534484863,12.349999904632568,11.349999904632568,7.350097417831421,5.700097560882568,4.650097727775574,2.2000975608825684,8.249902725219727,17.799999713897705,9.999902248382568,13.349902391433716,12.199902534484863,11.199902534484863,12.349999904632568,11.349999904632568,7.350097417831421,5.700097560882568,4.650097727775574,2.2000975608825684
2020-09-30,-22.549999713897705,-18.949999809265137,-11.399999618530273,-4.6499998569488525,-3.549999952316284,7.6499998569488525,2.1000001430511475,-1.9500000476837158,9.0,-1.75,-11.5,2.8500001430511475,22.549999713897705,18.949999809265137,11.399999618530273,4.6499998569488525,3.549999952316284,-7.6499998569488525,-2.1000001430511475,1.9500000476837158,-9.0,1.75,11.5,2.8500001430511475
2020-10-02,29.119922161102295,16.81992197036743,18.719922065734863,-17.26992177963257,17.930078506469727,11.269922256469727,8.669921875,0.8699216842651367,10.419921636581421,2.219921827316284,0.31992197036743164,-2.7800780534744263,29.119922161102295,16.81992197036743,18.719922065734863,17.26992177963257,17.930078506469727,11.269922256469727,8.669921875,0.8699216842651367,10.419921636581421,2.219921827316284,0.31992197036743164,-2.7800780534744263
2020-10-05,-8.400096893310547,-1.60009765625,2.9999027252197266,6.099902391433716,0.7999022006988525,4.349902391433716,2.9999022483825684,-2.3000974655151367,-8.500097751617432,-8.650097727775574,3.39990234375,4.849999964237213,-8.400096893310547,-1.60009765625,2.9999027252197266,6.099902391433716,0.7999022006988525,4.349902391433716,2.9999022483825684,-2.3000974655151367,-8.500097751617432,-8.650097727775574,3.39990234375,4.849999964237213
2020-10-07,4.41005802154541,3.7100586891174316,6.860058784484863,5.460058689117432,-0.18994140625,0.6100590229034424,3.260058641433716,2.260058641433716,6.210058689117432,7.989941358566284,6.339941382408142,4.214941382408142,4.41005802154541,3.7100586891174316,6.860058784484863,5.460058689117432,-0.18994140625,0.6100590229034424,3.260058641433716,2.260058641433716,6.210058689117432,7.989941358566284,6.339941382408142,4.214941382408142
2020-10-09,1.9101076126098633,-2.939892530441284,-0.48989272117614746,3.110107421875,13.800000190734863,12.049999952316284,10.600000143051147,8.010107517242432,8.299999952316284,5.910107254981995,4.160107493400574,4.0,1.9101076126098633,-2.939892530441284,-0.48989272117614746,3.110107421875,13.800000190734863,12.049999952316284,10.600000143051147,8.010107517242432,8.299999952316284,5.910107254981995,4.160107493400574,4.0
2020-10-12,-16.519970655441284,8.669970750808716,4.469970703125,6.530029296875,-4.830029249191284,10.019970893859863,9.069970607757568,3.569970726966858,1.6699707508087158,4.455029368400574,-0.00502932071685791,-1.9550292491912842,-16.519970655441284,-8.669970750808716,-4.469970703125,6.530029296875,4.830029249191284,10.019970893859863,9.069970607757568,3.569970726966858,1.6699707508087158,-4.455029368400574,-0.00502932071685791,-1.9550292491912842
2020-10-14,20.830078125,4.380077838897705,12.080077886581421,2.330077886581421,-14.519922018051147,-14.350000143051147,13.100000143051147,12.0,-9.219921827316284,-9.50000011920929,-6.4449217319488525,1.180078148841858,-20.830078125,-4.380077838897705,-12.080077886581421,-2.330077886581421,14.519922018051147,14.350000143051147,13.100000143051147,12.0,9.219921827316284,9.50000011920929,6.4449217319488525,-1.180078148841858
2020-10-16,0.21005916595458984,-10.489941358566284,-7.68994140625,2.510058641433716,-4.139941453933716,-4.539941310882568,0.06005859375,-6.739941596984863,-7.389941453933716,-8.639941334724426,-15.214941382408142,-6.864941358566284,0.21005916595458984,-10.489941358566284,-7.68994140625,2.510058641433716,-4.139941453933716,-4.539941310882568,0.06005859375,-6.739941596984863,-7.389941453933716,-8.639941334724426,-15.214941382408142,-6.864941358566284
2020-10-19,45.18007802963257,45.830078125,33.18007802963257,26.580078125,27.530077934265137,23.530078172683716,30.430078268051147,26.380078315734863,16.530078172683716,18.43007802963257,7.469921827316284,8.0,-45.18007802963257,-45.830078125,-33.18007802963257,-26.580078125,-27.530077934265137,-23.530078172683716,-30.430078268051147,-26.380078315734863,-16.530078172683716,-18.43007802963257,7.469921827316284,8.0
2020-10-21,3.33994197845459,0.43994140625,-8.610058784484863,-12.96005892753601,-11.110058784484863,7.160058498382568,18.699999809265137,10.510058403015137,9.110058784484863,-2.93994140625,-9.389941453933716,-7.339941501617432,-3.33994197845459,-0.43994140625,8.610058784484863,12.96005892753601,11.110058784484863,7.160058498382568,18.699999809265137,10.510058403015137,9.110058784484863,-2.93994140625,-9.389941453933716,-7.339941501617432
2020-10-23,18.710107803344727,12.510107517242432,11.460107326507568,5.860107421875,-0.4398922920227051,-5.439892768859863,-7.2898924350738525,0.8101074695587158,0.06010746955871582,2.8101073503494263,1.235107421875,-0.3648926615715027,18.710107803344727,12.510107517242432,11.460107326507568,5.860107421875,-0.4398922920227051,-5.439892768859863,-7.2898924350738525,0.8101074695587158,0.06010746955871582,2.8101073503494263,1.235107421875,-0.3648926615715027
2020-10-26,10.280029296875,0.3300294876098633,-16.519970417022705,19.480029582977295,13.830029010772705,12.430029392242432,3.3300294876098633,-7.969970703125,-0.7199704647064209,7.530029296875,5.030029296875,-1.630029320716858,-10.280029296875,-0.3300294876098633,16.519970417022705,19.480029582977295,13.830029010772705,12.430029392242432,3.3300294876098633,-7.969970703125,-0.7199704647064209,7.530029296875,5.030029296875,1.630029320716858
2020-10-28,-19.169970512390137,9.280029296875,12.530028820037842,9.280029296875,-5.869970798492432,-6.619970321655273,1.730029582977295,1.1800293922424316,7.069971084594727,8.419970750808716,-10.719970703125,-12.869970798492432,-19.169970512390137,9.280029296875,12.530028820037842,9.280029296875,-5.869970798492432,-6.619970321655273,1.730029582977295,1.1800293922424316,-7.069971084594727,-8.419970750808716,-10.719970703125,-12.869970798492432
2020-10-30,-14.85996150970459,-27.840039253234863,7.390038967132568,11.140039443969727,16.94003915786743,-23.159961223602295,13.090038776397705,-11.390038967132568,4.890039443969727,-0.009961128234863281,-8.05996036529541,-7.709961175918579,14.85996150970459,27.840039253234863,7.390038967132568,11.140039443969727,16.94003915786743,23.159961223602295,13.090038776397705,11.390038967132568,4.890039443969727,-0.009961128234863281,-8.05996036529541,-7.709961175918579
2020-11-02,21.539989948272705,14.989989757537842,23.360010147094727,-21.399999618530273,-19.500000476837158,-18.899999618530273,-8.460009574890137,-1.539989948272705,-7.089990139007568,-4.310009956359863,-7.260009765625,-8.760009765625,21.539989948272705,14.989989757537842,23.360010147094727,21.399999618530273,19.500000476837158,18.899999618530273,8.460009574890137,-1.539989948272705,-7.089990139007568,4.310009956359863,7.260009765625,8.760009765625
2020-11-04,28.66005849838257,19.939941883087158,5.889941215515137,10.489941120147705,-1.4100589752197266,-13.56005859375,-9.760058403015137,-6.31005859375,-2.81005859375,-4.610058307647705,-2.260058641433716,9.889941453933716,28.66005849838257,19.939941883087158,5.889941215515137,10.489941120147705,-1.4100589752197266,-13.56005859375,-9.760058403015137,-6.31005859375,-2.81005859375,-4.610058307647705,-2.260058641433716,9.889941453933716
2020-11-06,8.910058498382568,23.699999809265137,12.610058307647705,19.5,17.43994140625,12.210058450698853,14.700000047683716,13.239941358566284,11.539941549301147,10.539941549301147,8.850000143051147,6.424999833106995,8.910058498382568,23.699999809265137,12.610058307647705,19.5,17.43994140625,12.210058450698853,14.700000047683716,13.239941358566284,11.539941549301147,10.539941549301147,8.850000143051147,6.424999833106995
2020-11-09,28.200000286102295,42.05000019073486,27.40000009536743,38.30000019073486,27.799999713897705,41.90000057220459,51.19999980926514,52.799999952316284,45.700000047683716,34.74999976158142,36.39999985694885,24.40000009536743,-28.200000286102295,-42.05000019073486,-27.40000009536743,-38.30000019073486,-27.799999713897705,-41.90000057220459,-51.19999980926514,-52.799999952316284,-45.700000047683716,-34.74999976158142,-36.39999985694885,-24.40000009536743
2020-11-11,7.390088081359863,10.040087699890137,12.390087842941284,14.150000095367432,13.100000143051147,12.400000095367432,8.159912109375,7.159912109375,8.900000095367432,5.790087938308716,0.9400877952575684,-1.059912085533142,7.390088081359863,10.040087699890137,12.390087842941284,14.150000095367432,13.100000143051147,12.400000095367432,8.159912109375,7.159912109375,8.900000095367432,5.790087938308716,0.9400877952575684,-1.059912085533142
2020-11-13,1.0000975131988525,-4.849902391433716,-10.099902391433716,-6.349902391433716,-3.2499022483825684,-4.14990234375,0.09990215301513672,-0.14990234375,0.9499024152755737,3.200097680091858,6.700097680091858,5.125097632408142,1.0000975131988525,-4.849902391433716,-10.099902391433716,-6.349902391433716,-3.2499022483825684,-4.14990234375,-0.09990215301513672,-0.14990234375,-0.9499024152755737,3.200097680091858,6.700097680091858,5.125097632408142
2020-11-16,1.9900879859924316,8.590087890625,10.890088081359863,-11.950000047683716,-9.140088081359863,-4.140087842941284,-3.9400877952575684,-5.209912300109863,-2.3599122762680054,-1.0400879383087158,4.759912133216858,6.384912014007568,1.9900879859924316,8.590087890625,10.890088081359863,11.950000047683716,9.140088081359863,4.140087842941284,3.9400877952575684,-5.209912300109863,-2.3599122762680054,1.0400879383087158,-4.759912133216858,-6.384912014007568
2020-11-18,21.409961223602295,34.65996074676514,35.4599609375,36.80996084213257,37.909960985183716,38.509961009025574,33.35996079444885,28.359960913658142,23.509960889816284,13.159961104393005,20.159960985183716,16.55996084213257,-21.409961223602295,-34.65996074676514,-35.4599609375,-36.80996084213257,-37.909960985183716,-38.509961009025574,-33.35996079444885,-28.359960913658142,-23.509960889816284,-13.159961104393005,-20.159960985183716,-16.55996084213257
2020-11-20,5.64003849029541,3.840039014816284,2.5400390625,-4.409960985183716,0.3400390148162842,-0.10996079444885254,-1.1099607944488525,-7.559960842132568,-7.859961032867432,-3.559960961341858,-4.509961009025574,4.640039086341858,5.64003849029541,3.840039014816284,2.5400390625,-4.409960985183716,0.3400390148162842,-0.10996079444885254,-1.1099607944488525,-7.559960842132568,-7.859961032867432,-3.559960961341858,-4.509961009025574,4.640039086341858
2020-11-23,-12.440088033676147,4.509912490844727,11.109912157058716,-1.590087652206421,-0.090087890625,-1.3900878429412842,2.4599123001098633,1.809912085533142,5.559912085533142,-0.14008796215057373,6.699999928474426,2.465087890625,12.440088033676147,4.509912490844727,11.109912157058716,-1.590087652206421,-0.090087890625,-1.3900878429412842,2.4599123001098633,1.809912085533142,5.559912085533142,-0.14008796215057373,6.699999928474426,2.465087890625
2020-11-25,10.550097703933716,8.700097560882568,7.050097465515137,6.150097608566284,5.35009765625,4.550097703933716,8.449999928474426,7.649999976158142,7.449999928474426,5.974999904632568,5.325000047683716,3.349902331829071,10.550097703933716,8.700097560882568,7.050097465515137,6.150097608566284,5.35009765625,4.550097703933716,8.449999928474426,7.649999976158142,7.449999928474426,5.974999904632568,5.325000047683716,3.349902331829071
2020-11-30,-14.350000143051147,8.420117139816284,8.520117044448853,-0.47988271713256836,1.9701173305511475,5.820117235183716,9.670117139816284,4.070117235183716,3.320117235183716,-7.1201173067092896,7.9999998807907104,0.8701173067092896,14.350000143051147,8.420117139816284,8.520117044448853,-0.47988271713256836,1.9701173305511475,5.820117235183716,9.670117139816284,4.070117235183716,3.320117235183716,7.1201173067092896,7.9999998807907104,0.8701173067092896
2020-12-02,4.939990282058716,3.3899900913238525,2.439990282058716,6.439990043640137,5.339990258216858,4.4899903535842896,3.789990186691284,3.139990210533142,-1.885009765625,7.4750001430511475,5.975000023841858,4.125,4.939990282058716,3.3899900913238525,2.439990282058716,6.439990043640137,5.339990258216858,4.4899903535842896,3.789990186691284,3.139990210533142,-1.885009765625,7.4750001430511475,5.975000023841858,4.125
2020-12-04,-1.6201171875,-1.8701171875,6.7798826694488525,5.479882717132568,4.6298828125,4.029882788658142,3.3298827409744263,-1.6701171398162842,-2.270117163658142,-3.320117235183716,0.8548827171325684,-0.4451172947883606,-1.6201171875,-1.8701171875,6.7798826694488525,5.479882717132568,4.6298828125,4.029882788658142,3.3298827409744263,-1.6701171398162842,-2.270117163658142,-3.320117235183716,0.8548827171325684,-0.4451172947883606
2020-12-07,7.709961175918579,6.7099610567092896,9.149999976158142,-4.859960913658142,4.784960865974426,7.700000166893005,7.349999904632568,4.815039038658142,4.515039086341858,3.4400389790534973,2.5400391221046448,-0.965039074420929,7.709961175918579,6.7099610567092896,9.149999976158142,4.859960913658142,4.784960865974426,7.700000166893005,7.349999904632568,4.815039038658142,4.515039086341858,3.4400389790534973,2.5400391221046448,0.965039074420929
2020-12-09,28.45493173599243,17.629931688308716,17.729931712150574,12.729931831359863,13.579931735992432,8.17993175983429,2.229931592941284,-9.320068359375,-4.179931640625,-6.420068383216858,-4.754931688308716,1.845068335533142,-28.45493173599243,-17.629931688308716,-17.729931712150574,-12.729931831359863,-13.579931735992432,-8.17993175983429,-2.229931592941284,9.320068359375,4.179931640625,6.420068383216858,4.754931688308716,-1.845068335533142
2020-12-11,6.290038824081421,10.240038871765137,-3.7900390625,-0.8099608421325684,-6.259960889816284,-10.709961175918579,-7.759961128234863,-3.8099608421325684,5.840039014816284,3.7900390625,3.1400389671325684,4.225000023841858,6.290038824081421,10.240038871765137,3.7900390625,-0.8099608421325684,-6.259960889816284,-10.709961175918579,-7.759961128234863,-3.8099608421325684,5.840039014816284,3.7900390625,3.1400389671325684,4.225000023841858
2020-12-14,38.11000978946686,39.060009837150574,21.560009717941284,15.910009860992432,15.710009813308716,11.760009765625,6.810009717941284,7.4100096225738525,8.410009860992432,9.26000964641571,11.060009837150574,7.6100099086761475,-38.11000978946686,-39.060009837150574,-21.560009717941284,-15.910009860992432,-15.710009813308716,-11.760009765625,-6.810009717941284,-7.4100096225738525,-8.410009860992432,-9.26000964641571,-11.060009837150574,-7.6100099086761475
2020-12-16,13.730077743530273,17.75,16.630078315734863,16.5,15.500000238418579,14.880078315734863,14.900000095367432,13.780078172683716,12.430078268051147,6.130078077316284,3.6199218034744263,1.144921898841858,13.730077743530273,17.75,16.630078315734863,16.5,15.500000238418579,14.880078315734863,14.900000095367432,13.780078172683716,12.430078268051147,6.130078077316284,3.6199218034744263,1.144921898841858
2020-12-18,27.109911918640137,24.340087413787842,22.500000476837158,12.090087890625,15.640087604522705,18.5,14.140087604522705,14.190088272094727,9.140087604522705,2.9900879859924316,1.9900879859924316,-5.709912300109863,27.109911918640137,24.340087413787842,22.500000476837158,12.090087890625,15.640087604522705,18.5,14.140087604522705,14.190088272094727,9.140087604522705,2.9900879859924316,1.9900879859924316,-5.709912300109863
2020-12-21,-1.1199212074279785,-21.469922065734863,-21.769922256469727,-10.719921112060547,-7.719922065734863,5.280078411102295,10.030078172683716,13.649999856948853,11.719921827316284,10.119921922683716,-7.769921898841858,-6.5,-1.1199212074279785,-21.469922065734863,-21.769922256469727,-10.719921112060547,-7.719922065734863,5.280078411102295,10.030078172683716,13.649999856948853,11.719921827316284,10.119921922683716,7.769921898841858,6.5
2020-12-23,2.310009717941284,0.8600099086761475,-0.7899904251098633,-1.6899902820587158,7.7149903774261475,8.414990305900574,8.589990139007568,8.964990139007568,9.464990139007568,10.264990210533142,5.689990222454071,6.714990198612213,2.310009717941284,0.8600099086761475,-0.7899904251098633,-1.6899902820587158,-7.7149903774261475,-8.414990305900574,-8.589990139007568,-8.964990139007568,-9.464990139007568,-10.264990210533142,-5.689990222454071,-6.714990198612213
2020-12-28,4.839892625808716,8.689892649650574,7.849999904632568,6.939892530441284,6.039892673492432,5.425000011920929,5.150000095367432,4.675000071525574,4.049999952316284,3.9999999403953552,3.450000047683716,2.8499999940395355,4.839892625808716,8.689892649650574,7.849999904632568,6.939892530441284,6.039892673492432,5.425000011920929,5.150000095367432,4.675000071525574,4.049999952316284,3.9999999403953552,3.450000047683716,2.8499999940395355
2020-12-30,1.4400391578674316,0.3900390863418579,-0.00996100902557373,4.5400389432907104,3.890039086341858,3.515039086341858,3.3650389909744263,2.590039014816284,2.090039014816284,4.899999976158142,3.574999988079071,2.2249999344348907,1.4400391578674316,0.3900390863418579,-0.00996100902557373,4.5400389432907104,3.890039086341858,3.515039086341858,3.3650389909744263,2.590039014816284,2.090039014816284,4.899999976158142,3.574999988079071,2.2249999344348907
2020-12-31,-10.470068454742432,-11.070068359375,-11.620068311691284,-12.270068407058716,-17.17006826400757,13.370068430900574,13.820068359375,14.120068430900574,14.270068287849426,-8.420068383216858,-3.720068335533142,-0.3950684070587158,-10.470068454742432,-11.070068359375,-11.620068311691284,-12.270068407058716,-17.17006826400757,-13.370068430900574,-13.820068359375,-14.120068430900574,-14.270068287849426,-8.420068383216858,-3.720068335533142,-0.3950684070587158
2021-01-04,28.550097465515137,18.400097846984863,-11.049902439117432,-20.550000190734863,7.70009708404541,0.7000975608825684,-1.9999027252197266,9.750097513198853,-13.200000286102295,-6.150097608566284,4.950097560882568,2.525097608566284,-28.550097465515137,-18.400097846984863,11.049902439117432,20.550000190734863,7.70009708404541,0.7000975608825684,-1.9999027252197266,9.750097513198853,13.200000286102295,6.150097608566284,4.950097560882568,2.525097608566284
2021-01-06,-13.060107231140137,-15.539892196655273,-4.139892578125,7.060107469558716,3.860107421875,10.260107517242432,16.160107374191284,11.660107374191284,17.660107493400574,-5.689892768859863,-5.889892816543579,-2.739892601966858,13.060107231140137,15.539892196655273,4.139892578125,-7.060107469558716,-3.860107421875,-10.260107517242432,-16.160107374191284,-11.660107374191284,-17.660107493400574,5.689892768859863,5.889892816543579,2.739892601966858
2021-01-08,-10.170068502426147,1.7299318313598633,-8.220068216323853,-3.570068359375,-1.4700684547424316,-4.620068311691284,0.6299315690994263,11.829931735992432,-14.929931640625,-5.729931831359863,-2.579931616783142,0.6950684785842896,10.170068502426147,-1.7299318313598633,8.220068216323853,3.570068359375,1.4700684547424316,4.620068311691284,-0.6299315690994263,-11.829931735992432,-14.929931640625,-5.729931831359863,-2.579931616783142,0.6950684785842896
2021-01-11,18.01010799407959,10.910107374191284,9.210107326507568,2.2601072788238525,1.5101075172424316,-0.3101074695587158,5.939892530441284,0.6398924589157104,4.910107493400574,9.5,-1.3101074695587158,6.575000047683716,18.01010799407959,10.910107374191284,9.210107326507568,2.2601072788238525,1.5101075172424316,0.3101074695587158,-5.939892530441284,-0.6398924589157104,4.910107493400574,9.5,1.3101074695587158,6.575000047683716
2021-01-13,9.809911966323853,8.809912204742432,12.200000047683716,11.400000095367432,10.25,9.400000095367432,8.890087842941284,8.290087819099426,7.965087890625,1.5400878190994263,0.04008793830871582,5.400000035762787,9.809911966323853,8.809912204742432,12.200000047683716,11.400000095367432,10.25,9.400000095367432,8.890087842941284,8.290087819099426,7.965087890625,1.5400878190994263,0.04008793830871582,5.400000035762787
2021-01-15,-5.0,15.850000381469727,19.399999618530273,9.199999570846558,13.599999904632568,12.450000047683716,5.75,-1.0999999046325684,4.5,3.6499998569488525,1.8499999046325684,0.0,5.0,15.850000381469727,19.399999618530273,9.199999570846558,13.599999904632568,12.450000047683716,5.75,-1.0999999046325684,4.5,3.6499998569488525,1.8499999046325684,0.0
2021-01-19,7.440087795257568,6.340087890625,4.140087842941284,3.1900877952575684,1.4400880336761475,5.290087938308716,8.49999988079071,8.25,5.7599122524261475,4.834912061691284,4.034912168979645,2.659912109375,7.440087795257568,6.340087890625,4.140087842941284,3.1900877952575684,1.4400880336761475,5.290087938308716,8.49999988079071,8.25,5.7599122524261475,4.834912061691284,4.034912168979645,2.659912109375
2021-01-20,-7.150097370147705,2.1999025344848633,5.7499024868011475,0.64990234375,3.449902296066284,7.099902272224426,6.849902272224426,8.24999988079071,7.474999904632568,5.774999976158142,4.649999916553497,0.27509763836860657,-7.150097370147705,2.1999025344848633,5.7499024868011475,0.64990234375,3.449902296066284,7.099902272224426,6.849902272224426,8.24999988079071,7.474999904632568,5.774999976158142,4.649999916553497,0.27509763836860657
2021-01-22,13.450000047683716,7.580029487609863,9.880029201507568,9.030029296875,5.269970893859863,5.519970655441284,4.369970679283142,3.2699707746505737,6.725000023841858,5.950000047683716,-0.6199706792831421,5.63002935051918,13.450000047683716,7.580029487609863,9.880029201507568,9.030029296875,5.269970893859863,5.519970655441284,4.369970679283142,3.2699707746505737,6.725000023841858,5.950000047683716,0.6199706792831421,-5.63002935051918
2021-01-25,-8.589892625808716,-11.25,7.810107231140137,-12.110107421875,2.9601078033447266,-9.060107469558716,1.0398926734924316,3.839892625808716,2.789892554283142,1.7148925065994263,0.48989248275756836,-5.2351073026657104,8.589892625808716,11.25,-7.810107231140137,-12.110107421875,-2.9601078033447266,-9.060107469558716,1.0398926734924316,3.839892625808716,2.789892554283142,1.7148925065994263,0.48989248275756836,-5.2351073026657104
2021-01-27,4.970020294189453,-18.72998046875,27.779980659484863,-11.179980754852295,13.070020198822021,-11.629980087280273,20.07998037338257,21.929980754852295,16.329980492591858,2.3700199127197266,19.250000476837158,13.629980325698853,4.970020294189453,-18.72998046875,-27.779980659484863,-11.179980754852295,13.070020198822021,-11.629980087280273,-20.07998037338257,-21.929980754852295,-16.329980492591858,2.3700199127197266,19.250000476837158,13.629980325698853
2021-01-29,13.510009765625,27.16000986099243,23.760009765625,-8.739990234375,-0.03999042510986328,-26.539989948272705,20.16001033782959,24.08999013900757,20.510009765625,15.189990043640137,17.63999032974243,2.1100096702575684,-13.510009765625,-27.16000986099243,-23.760009765625,8.739990234375,0.03999042510986328,26.539989948272705,20.16001033782959,24.08999013900757,20.510009765625,15.189990043640137,17.63999032974243,-2.1100096702575684
2021-02-01,-4.010107517242432,-3.360107421875,-9.410107135772705,6.03989315032959,9.589892387390137,16.700000286102295,13.360107660293579,11.560107231140137,10.060107231140137,3.960107445716858,7.460107445716858,4.685107350349426,-4.010107517242432,-3.360107421875,-9.410107135772705,6.03989315032959,9.589892387390137,16.700000286102295,13.360107660293579,11.560107231140137,10.060107231140137,3.960107445716858,7.460107445716858,4.685107350349426
2021-02-03,6.419922113418579,10.880078315734863,16.23007869720459,13.600000143051147,6.5699217319488525,5.0699217319488525,-0.955078125,-1.805078148841858,-2.905078172683716,8.755078077316284,4.255078077316284,0.019921839237213135,6.419922113418579,10.880078315734863,16.23007869720459,13.600000143051147,6.5699217319488525,5.0699217319488525,-0.955078125,-1.805078148841858,-2.905078172683716,-8.755078077316284,-4.255078077316284,0.019921839237213135
2021-02-05,11.969921827316284,10.169921875,9.949999809265137,7.069921851158142,6.669921875,7.199999928474426,4.3300780057907104,3.430078148841858,6.575000047683716,5.800000071525574,5.275000035762787,2.419921875,11.969921827316284,10.169921875,9.949999809265137,7.069921851158142,6.669921875,7.199999928474426,4.3300780057907104,3.430078148841858,6.575000047683716,5.800000071525574,5.275000035762787,2.419921875
2021-02-08,5.709912061691284,4.659912109375,3.4099122285842896,-1.3900880813598633,-6.740087866783142,-3.540087938308716,-3.840087890625,-4.765087962150574,-9.440087914466858,-5.590087950229645,-6.765087902545929,2.940087914466858,5.709912061691284,4.659912109375,3.4099122285842896,-1.3900880813598633,-6.740087866783142,-3.540087938308716,-3.840087890625,-4.765087962150574,-9.440087914466858,-5.590087950229645,-6.765087902545929,-2.940087914466858
2021-02-10,-2.1798830032348633,15.220117092132568,16.40000033378601,11.820117473602295,10.720117092132568,9.220117092132568,12.049999952316284,10.099999904632568,10.450000047683716,7.679882884025574,1.1798827648162842,5.179882764816284,2.1798830032348633,15.220117092132568,16.40000033378601,11.820117473602295,10.720117092132568,9.220117092132568,12.049999952316284,10.099999904632568,10.450000047683716,7.679882884025574,1.1798827648162842,5.179882764816284
2021-02-12,-5.980078220367432,-7.080078125,0.7699220180511475,0.21992182731628418,-0.580078125,-1.1800782680511475,-2.005078077316284,-7.230078220367432,-7.630078077316284,-8.130078077316284,-9.330078125,-6.355078160762787,-5.980078220367432,-7.080078125,0.7699220180511475,0.21992182731628418,-0.580078125,-1.1800782680511475,-2.005078077316284,-7.230078220367432,-7.630078077316284,-8.130078077316284,-9.330078125,-6.355078160762787
2021-02-16,-0.04008793830871582,1.0599122047424316,-4.790087699890137,12.899999856948853,10.609912157058716,7.590087890625,6.190087795257568,-5.040087938308716,7.449999928474426,-3.440087854862213,-2.515087842941284,2.065087854862213,0.04008793830871582,-1.0599122047424316,4.790087699890137,12.899999856948853,10.609912157058716,7.590087890625,6.190087795257568,5.040087938308716,7.449999928474426,3.440087854862213,2.515087842941284,2.065087854862213
2021-02-17,5.619921684265137,-0.5300781726837158,2.0199217796325684,-6.580078125,-3.9300782680511475,-0.830078125,-1.6800782680511475,2.169921875,1.3449218273162842,0.5199218988418579,3.7449218034744263,2.269921839237213,5.619921684265137,-0.5300781726837158,2.0199217796325684,-6.580078125,-3.9300782680511475,-0.830078125,-1.6800782680511475,2.169921875,1.3449218273162842,0.5199218988418579,3.7449218034744263,2.269921839237213
2021-02-19,-3.590039014816284,0.0400393009185791,6.490038871765137,13.29003894329071,8.690039038658142,3.509960889816284,9.009960889816284,7.309960842132568,0.21503901481628418,9.299999833106995,3.184960961341858,1.109960913658142,-3.590039014816284,-0.0400393009185791,-6.490038871765137,-13.29003894329071,-8.690039038658142,3.509960889816284,9.009960889816284,7.309960842132568,-0.21503901481628418,9.299999833106995,3.184960961341858,1.109960913658142
2021-02-22,9.5,13.299999713897705,16.0,4.450000047683716,3.4000000953674316,2.0999999046325684,-3.450000047683716,-10.300000071525574,-16.350000023841858,12.12499988079071,13.100000083446503,2.100000023841858,9.5,13.299999713897705,16.0,4.450000047683716,3.4000000953674316,2.0999999046325684,-3.450000047683716,-10.300000071525574,-16.350000023841858,-12.12499988079071,-13.100000083446503,2.100000023841858
2021-02-24,-27.879931926727295,-21.77993154525757,-17.729931354522705,-4.329931259155273,-1.5299315452575684,5.820068359375,0.070068359375,8.270068526268005,7.950000166893005,7.420068383216858,1.970068335533142,4.249999940395355,-27.879931926727295,-21.77993154525757,-17.729931354522705,-4.329931259155273,-1.5299315452575684,5.820068359375,0.070068359375,8.270068526268005,7.950000166893005,7.420068383216858,1.970068335533142,4.249999940395355
2021-02-26,-22.79990291595459,24.550098419189453,20.74990177154541,23.999902725219727,3.2500972747802734,15.750097751617432,4.650097846984863,17.550097465515137,-8.599902153015137,-10.049902439117432,1.85009765625,5.35009765625,22.79990291595459,24.550098419189453,20.74990177154541,23.999902725219727,-3.2500972747802734,-15.750097751617432,-4.650097846984863,-17.550097465515137,8.599902153015137,10.049902439117432,-1.85009765625,-5.35009765625
2021-03-01,0.07993125915527344,7.579931735992432,14.979931354522705,8.179931640625,11.879931688308716,10.829931497573853,4.979931592941284,8.379931688308716,9.25000011920929,5.520068407058716,-0.9799317121505737,2.370068311691284,0.07993125915527344,7.579931735992432,14.979931354522705,8.179931640625,11.879931688308716,10.829931497573853,4.979931592941284,8.379931688308716,9.25000011920929,5.520068407058716,-0.9799317121505737,2.370068311691284
2021-03-03,0.2699704170227051,4.36997127532959,-10.280029296875,-23.380029678344727,-12.830029010772705,-9.13002872467041,-10.580029010772705,18.18002963066101,-7.230029106140137,2.3199706077575684,-10.680029153823853,-3.9800291061401367,0.2699704170227051,4.36997127532959,-10.280029296875,-23.380029678344727,-12.830029010772705,-9.13002872467041,-10.580029010772705,-18.18002963066101,-7.230029106140137,2.3199706077575684,-10.680029153823853,-3.9800291061401367
2021-03-05,23.689942359924316,35.939942359924316,47.33994102478027,-72.88994121551514,48.38994121551514,-28.93994140625,-14.239940643310547,-0.18994140625,0.7600588798522949,1.6600584983825684,13.810058355331421,8.360058546066284,-23.689942359924316,-35.939942359924316,-47.33994102478027,-72.88994121551514,-48.38994121551514,-28.93994140625,-14.239940643310547,-0.18994140625,0.7600588798522949,1.6600584983825684,13.810058355331421,8.360058546066284
2021-03-08,17.400097846984863,-20.449902057647705,-22.249902725219727,30.349902153015137,-7.999902248382568,29.199902534484863,30.64990234375,37.79990243911743,-1.39990234375,-23.29990243911743,-13.89990234375,-3.4999022483825684,17.400097846984863,-20.449902057647705,-22.249902725219727,-30.349902153015137,-7.999902248382568,-29.199902534484863,-30.64990234375,-37.79990243911743,-1.39990234375,-23.29990243911743,-13.89990234375,-3.4999022483825684
2021-03-10,-15.260058403015137,-13.789941787719727,-19.299999713897705,-16.260058403015137,-9.41005825996399,-16.649999856948853,10.060058832168579,-6.260058641433716,10.660058498382568,3.56005859375,-2.489941358566284,5.985058665275574,15.260058403015137,13.789941787719727,19.299999713897705,16.260058403015137,9.41005825996399,16.649999856948853,10.060058832168579,6.260058641433716,10.660058498382568,3.56005859375,-2.489941358566284,5.985058665275574
2021-03-12,9.709911823272705,0.4599123001098633,-1.2900879383087158,1.5099122524261475,0.3599121570587158,4.159912109375,-1.1400878429412842,1.5599122047424316,0.7599121332168579,-0.5400878190994263,3.3349119424819946,1.559912085533142,9.709911823272705,0.4599123001098633,-1.2900879383087158,1.5099122524261475,0.3599121570587158,4.159912109375,-1.1400878429412842,1.5599122047424316,0.7599121332168579,-0.5400878190994263,3.3349119424819946,1.559912085533142
2021-03-15,-9.239941358566284,-16.489941358566284,-13.239941358566284,-22.93994140625,-24.08994150161743,-20.43994152545929,-16.764941453933716,-17.31494140625,-12.914941430091858,-3.614941358566284,-4.164941370487213,-10.764941424131393,-9.239941358566284,-16.489941358566284,-13.239941358566284,-22.93994140625,-24.08994150161743,-20.43994152545929,-16.764941453933716,-17.31494140625,-12.914941430091858,-3.614941358566284,-4.164941370487213,-10.764941424131393
2021-03-17,3.1298828125,3.8798828125,-6.220117092132568,-3.3701171875,-3.9701175689697266,0.1298828125,-5.1201171875,-2.8201169967651367,-8.320116996765137,3.4298830032348633,10.6201171875,7.850000023841858,3.1298828125,3.8798828125,-6.220117092132568,-3.3701171875,-3.9701175689697266,0.1298828125,-5.1201171875,-2.8201169967651367,-8.320116996765137,3.4298830032348633,10.6201171875,7.850000023841858
2021-03-19,18.599902629852295,14.649902820587158,19.300000190734863,9.749902725219727,8.950097560882568,7.400097608566284,0.7000977993011475,4.800097703933716,-1.8499023914337158,2.300097703933716,-3.9999022483825684,0.10009765625,18.599902629852295,14.649902820587158,19.300000190734863,9.749902725219727,8.950097560882568,7.400097608566284,0.7000977993011475,4.800097703933716,-1.8499023914337158,2.300097703933716,-3.9999022483825684,0.10009765625
2021-03-22,4.609912157058716,4.459911823272705,11.459912061691284,10.009912014007568,9.609912157058716,8.700000047683716,3.7400879859924316,2.865087866783142,2.040087938308716,1.0650878548622131,-4.759912014007568,-0.48491209745407104,4.609912157058716,4.459911823272705,11.459912061691284,10.009912014007568,9.609912157058716,8.700000047683716,3.7400879859924316,2.865087866783142,2.040087938308716,1.0650878548622131,-4.759912014007568,-0.48491209745407104
2021-03-24,13.110107421875,14.760107517242432,32.26010727882385,33.46010732650757,23.310107469558716,35.360107421875,25.110107421875,20.01010751724243,26.060107231140137,16.260107278823853,-12.010107398033142,-9.460107326507568,-13.110107421875,-14.760107517242432,-32.26010727882385,-33.46010732650757,-23.310107469558716,-35.360107421875,-25.110107421875,-20.01010751724243,-26.060107231140137,-16.260107278823853,-12.010107398033142,-9.460107326507568
2021-03-26,29.44003915786743,21.690038919448853,31.340039014816284,35.840039014816284,27.840039253234863,24.240039110183716,23.590039014816284,19.940038919448853,30.0400390625,30.990039110183716,-24.490039110183716,24.2900390625,-29.44003915786743,-21.690038919448853,-31.340039014816284,-35.840039014816284,-27.840039253234863,-24.240039110183716,-23.590039014816284,-19.940038919448853,-30.0400390625,-30.990039110183716,-24.490039110183716,-24.2900390625
2021-03-29,-8.059911727905273,1.3400874137878418,-1.9900875091552734,-1.0099117755889893,-8.609911918640137,-2.609912157058716,-12.850000143051147,-12.399999856948853,-11.599999904632568,-10.450000047683716,8.109912037849426,-2.284912109375,8.059911727905273,-1.3400874137878418,-1.9900875091552734,1.0099117755889893,8.609911918640137,2.609912157058716,12.850000143051147,12.399999856948853,11.599999904632568,10.450000047683716,8.109912037849426,-2.284912109375
2021-03-31,15.689892768859863,17.149999618530273,8.689892768859863,7.439892292022705,0.889892578125,-0.06010746955871582,-5.960107326507568,-6.910107374191284,-6.810107469558716,-2.360107421875,-3.5601075887680054,-5.110107421875,15.689892768859863,17.149999618530273,8.689892768859863,7.439892292022705,0.889892578125,-0.06010746955871582,-5.960107326507568,-6.910107374191284,-6.810107469558716,-2.360107421875,-3.5601075887680054,-5.110107421875
2021-04-01,-5.420117139816284,2.1298828125,1.1298828125,0.7298829555511475,-0.6701170206069946,4.479882717132568,3.8298827409744263,-1.8201171159744263,2.3798829317092896,1.479882836341858,0.8048828840255737,-0.4701172709465027,-5.420117139816284,2.1298828125,1.1298828125,0.7298829555511475,-0.6701170206069946,4.479882717132568,3.8298827409744263,-1.8201171159744263,2.3798829317092896,1.479882836341858,0.8048828840255737,-0.4701172709465027
2021-04-05,-0.6099121570587158,4.540087699890137,8.490087747573853,7.490087985992432,10.200000047683716,9.199999928474426,8.599999904632568,8.200000047683716,7.325000047683716,6.200000047683716,5.675000011920929,1.940087914466858,-0.6099121570587158,4.540087699890137,8.490087747573853,7.490087985992432,10.200000047683716,9.199999928474426,8.599999904632568,8.200000047683716,7.325000047683716,6.200000047683716,5.675000011920929,1.940087914466858
2021-04-07,11.800000190734863,10.349951267242432,9.599951148033142,9.100000023841858,4.650048732757568,4.863739013671875e-05,3.4000487327575684,2.8500488996505737,6.700000047683716,5.525000035762787,4.600000023841858,-0.8249512314796448,11.800000190734863,10.349951267242432,9.599951148033142,9.100000023841858,4.650048732757568,4.863739013671875e-05,3.4000487327575684,2.8500488996505737,6.700000047683716,5.525000035762787,4.600000023841858,-0.8249512314796448
2021-04-09,-12.449804782867432,-17.999804735183716,-19.699804663658142,-14.999804735183716,-11.199804782867432,-12.074804663658142,-12.249804615974426,-12.624804735183716,-7.099804639816284,-7.7998045682907104,-13.324804723262787,-4.024804592132568,-12.449804782867432,-17.999804735183716,-19.699804663658142,-14.999804735183716,-11.199804782867432,-12.074804663658142,-12.249804615974426,-12.624804735183716,-7.099804639816284,-7.7998045682907104,-13.324804723262787,-4.024804592132568
2021-04-12,9.509765625,7.959765672683716,8.109765529632568,6.9097654819488525,6.209765553474426,8.049999952316284,7.699999928474426,7.275000095367432,-0.2652343511581421,3.134765625,2.934765577316284,1.0097655653953552,9.509765625,7.959765672683716,8.109765529632568,6.9097654819488525,6.209765553474426,8.049999952316284,7.699999928474426,7.275000095367432,-0.2652343511581421,3.134765625,2.934765577316284,1.0097655653953552
2021-04-14,14.689843654632568,10.489843726158142,11.539843678474426,6.089843988418579,11.939843893051147,7.039843678474426,13.639843702316284,13.96484386920929,-2.510156273841858,2.689843773841858,8.610156297683716,0.2601562738418579,-14.689843654632568,-10.489843726158142,-11.539843678474426,-6.089843988418579,-11.939843893051147,-7.039843678474426,-13.639843702316284,-13.96484386920929,2.510156273841858,-2.689843773841858,8.610156297683716,0.2601562738418579
2021-04-16,3.079785108566284,5.729785203933716,5.079785108566284,4.52978515625,3.779784917831421,3.0797852277755737,2.229785203933716,1.5797851085662842,1.52978515625,5.954785108566284,4.974999904632568,4.175000071525574,3.079785108566284,5.729785203933716,5.079785108566284,4.52978515625,3.779784917831421,3.0797852277755737,2.229785203933716,1.5797851085662842,1.52978515625,5.954785108566284,4.974999904632568,4.175000071525574
2021-04-19,0.7902343273162842,-5.259765625,-9.959765672683716,-8.859765529632568,-10.849999904632568,8.140234470367432,2.940234422683716,5.790234565734863,4.7402342557907104,6.599999904632568,5.699999928474426,1.7652342915534973,-0.7902343273162842,5.259765625,9.959765672683716,8.859765529632568,10.849999904632568,8.140234470367432,2.940234422683716,5.790234565734863,4.7402342557907104,6.599999904632568,5.699999928474426,1.7652342915534973
2021-04-21,-9.419921875,-6.819921970367432,-11.919921875,-8.619921684265137,0.5300780534744263,-5.319921970367432,-6.169921875,-6.519921898841858,-2.294921875,-3.019921898841858,-3.7199219465255737,-4.969921886920929,-9.419921875,-6.819921970367432,-11.919921875,-8.619921684265137,0.5300780534744263,-5.319921970367432,-6.169921875,-6.519921898841858,-2.294921875,-3.019921898841858,-3.7199219465255737,-4.969921886920929
2021-04-23,-11.469922065734863,-13.169921875,6.080078125,5.230078220367432,4.380078077316284,8.130078077316284,7.7499998807907104,6.899999976158142,6.2499998807907104,5.725000023841858,0.294921875,-0.6800780892372131,-11.469922065734863,-13.169921875,6.080078125,5.230078220367432,4.380078077316284,8.130078077316284,7.7499998807907104,6.899999976158142,6.2499998807907104,5.725000023841858,0.294921875,-0.6800780892372131
2021-04-26,12.449999809265137,8.320117235183716,9.599999904632568,6.1201173067092896,8.0,7.800000071525574,-6.699999928474426,-6.325000047683716,-5.725000023841858,-2.295117199420929,-1.6201172471046448,-3.9749999344348907,12.449999809265137,8.320117235183716,9.599999904632568,6.1201173067092896,8.0,7.800000071525574,6.699999928474426,6.325000047683716,5.725000023841858,2.295117199420929,1.6201172471046448,3.9749999344348907
2021-04-28,2.130175828933716,7.030175685882568,6.5801756381988525,6.030175685882568,11.58017611503601,10.530175924301147,4.880175828933716,4.780175685882568,10.980175733566284,8.130175590515137,-4.469824194908142,-2.019824266433716,2.130175828933716,7.030175685882568,6.5801756381988525,6.030175685882568,11.58017611503601,10.530175924301147,4.880175828933716,4.780175685882568,10.980175733566284,8.130175590515137,-4.469824194908142,-2.019824266433716
2021-04-30,0.580078125,2.130078077316284,9.369921922683716,14.200000286102295,7.819921970367432,-6.369921922683716,-5.469922065734863,-3.969921827316284,8.730077981948853,7.9999998807907104,-7.299999952316284,1.769921898841858,-0.580078125,-2.130078077316284,9.369921922683716,14.200000286102295,7.819921970367432,6.369921922683716,5.469922065734863,3.969921827316284,8.730077981948853,7.9999998807907104,7.299999952316284,1.769921898841858
2021-05-03,-0.83984375,4.360156297683716,9.260156154632568,11.800000190734863,7.260156154632568,6.860156416893005,5.91015625,7.775000095367432,4.16015625,-1.489843726158142,-2.114843726158142,0.960156261920929,-0.83984375,4.360156297683716,9.260156154632568,11.800000190734863,7.260156154632568,6.860156416893005,5.91015625,7.775000095367432,4.16015625,-1.489843726158142,-2.114843726158142,0.960156261920929
2021-05-05,6.889843940734863,14.75,4.039843797683716,-2.4898438453674316,8.960156321525574,4.4101563692092896,-0.9898436069488525,-0.38984358310699463,-0.21484386920928955,6.485156297683716,1.510156273841858,5.975000023841858,6.889843940734863,14.75,4.039843797683716,2.4898438453674316,-8.960156321525574,-4.4101563692092896,0.9898436069488525,0.38984358310699463,0.21484386920928955,-6.485156297683716,-1.510156273841858,5.975000023841858
2021-05-07,1.89990234375,12.400000095367432,-10.0,-9.200000047683716,-6.050097584724426,-8.399999976158142,-7.350000023841858,0.8999024629592896,4.599902391433716,6.100000023841858,5.399999976158142,2.200097620487213,1.89990234375,12.400000095367432,10.0,9.200000047683716,6.050097584724426,8.399999976158142,7.350000023841858,0.8999024629592896,4.599902391433716,6.100000023841858,5.399999976158142,2.200097620487213
2021-05-10,29.619824171066284,25.56982421875,26.269824028015137,32.769824266433716,33.269824385643005,34.019824147224426,28.56982409954071,29.66982412338257,24.419824242591858,7.119824171066284,-2.919824242591858,5.919824123382568,-29.619824171066284,-25.56982421875,-26.269824028015137,-32.769824266433716,-33.269824385643005,-34.019824147224426,-28.56982409954071,-29.66982412338257,-24.419824242591858,-7.119824171066284,-2.919824242591858,-5.919824123382568
2021-05-12,-29.4599609375,22.7099609375,-12.659961223602295,15.909961223602295,1.4400396347045898,0.2900390625,-1.8099608421325684,1.5400390625,-0.2599606513977051,2.240039110183716,-4.509960889816284,8.590039253234863,-29.4599609375,-22.7099609375,-12.659961223602295,-15.909961223602295,1.4400396347045898,0.2900390625,-1.8099608421325684,1.5400390625,-0.2599606513977051,2.240039110183716,-4.509960889816284,8.590039253234863
2021-05-14,3.899901866912842,-2.60009765625,5.199902296066284,4.999902248382568,3.9999024868011475,7.14990234375,10.349999904632568,9.300000190734863,8.75,6.550097703933716,1.47509765625,5.000097632408142,3.899901866912842,-2.60009765625,5.199902296066284,4.999902248382568,3.9999024868011475,7.14990234375,10.349999904632568,9.300000190734863,8.75,6.550097703933716,1.47509765625,5.000097632408142
2021-05-17,-16.2099609375,9.659960746765137,-12.509960889816284,7.509960651397705,6.3099610805511475,9.109960794448853,3.4599609375,-1.5900392532348633,-2.590039014816284,0.10996103286743164,6.799999952316284,-1.9599609375,16.2099609375,9.659960746765137,12.509960889816284,7.509960651397705,6.3099610805511475,9.109960794448853,3.4599609375,-1.5900392532348633,-2.590039014816284,0.10996103286743164,6.799999952316284,1.9599609375
2021-05-19,9.880175590515137,13.68017578125,13.530175685882568,6.580175876617432,2.5301754474639893,-1.019824504852295,0.4801754951477051,-8.219824314117432,-3.269824266433716,-5.9698240756988525,14.130175828933716,-1.6698243618011475,-9.880175590515137,-13.68017578125,-13.530175685882568,-6.580175876617432,-2.5301754474639893,1.019824504852295,-0.4801754951477051,8.219824314117432,3.269824266433716,5.9698240756988525,-14.130175828933716,1.6698243618011475
2021-05-21,-12.940136909484863,-4.090136528015137,-5.5401365756988525,4.209863185882568,3.059863328933716,9.259863376617432,12.650000095367432,-4.959863305091858,5.559863328933716,-4.0098631381988525,2.5848631858825684,3.990136742591858,-12.940136909484863,-4.090136528015137,-5.5401365756988525,4.209863185882568,3.059863328933716,9.259863376617432,12.650000095367432,4.959863305091858,5.559863328933716,4.0098631381988525,2.5848631858825684,-3.990136742591858
2021-05-24,5.7001953125,11.649999856948853,11.150000095367432,6.749804496765137,9.25,8.200000047683716,7.574999928474426,3.7998046875,3.5998047590255737,-2.375195264816284,-3.600195288658142,-4.725195348262787,5.7001953125,11.649999856948853,11.150000095367432,6.749804496765137,9.25,8.200000047683716,7.574999928474426,3.7998046875,3.5998047590255737,-2.375195264816284,-3.600195288658142,-4.725195348262787
2021-05-26,9.809765577316284,12.309765815734863,11.299999952316284,10.650000095367432,9.650000095367432,9.300000071525574,4.190234303474426,7.850000023841858,7.109765648841858,6.400000095367432,5.274999976158142,3.324999988079071,9.809765577316284,12.309765815734863,11.299999952316284,10.650000095367432,9.650000095367432,9.300000071525574,4.190234303474426,7.850000023841858,7.109765648841858,6.400000095367432,5.274999976158142,3.324999988079071
2021-05-28,-0.39013671875,8.559863328933716,2.6098631620407104,1.3098633289337158,-3.865136742591858,-4.340136766433716,0.23486340045928955,-0.4151366949081421,-0.8151366710662842,-1.64013671875,2.2651366591453552,3.540136754512787,-0.39013671875,8.559863328933716,2.6098631620407104,1.3098633289337158,-3.865136742591858,-4.340136766433716,0.23486340045928955,-0.4151366949081421,-0.8151366710662842,-1.64013671875,-2.2651366591453552,-3.540136754512787
2021-06-01,-0.8099608421325684,8.090039014816284,10.850000143051147,5.840039014816284,4.240038990974426,4.215039253234863,7.075000047683716,5.259961009025574,5.925000071525574,1.590039074420929,0.7650390267372131,-2.9499999284744263,-0.8099608421325684,8.090039014816284,10.850000143051147,5.840039014816284,4.240038990974426,4.215039253234863,7.075000047683716,5.259961009025574,5.925000071525574,1.590039074420929,0.7650390267372131,2.9499999284744263
2021-06-02,10.399999856948853,7.2201173305511475,5.920117259025574,0.34511733055114746,4.6201171875,6.475000023841858,5.899999976158142,3.1298828125,2.5048828125,1.279882788658142,0.6048827767372131,0.8451172113418579,10.399999856948853,7.2201173305511475,5.920117259025574,0.34511733055114746,4.6201171875,6.475000023841858,5.899999976158142,3.1298828125,2.5048828125,1.279882788658142,0.6048827767372131,-0.8451172113418579
2021-06-04,0.25986337661743164,-0.8401367664337158,3.1098634004592896,2.209863305091858,1.6598632335662842,0.8848632574081421,0.2098633050918579,-0.3151366710662842,4.375000059604645,3.800000011920929,3.849999964237213,2.324999988079071,0.25986337661743164,-0.8401367664337158,3.1098634004592896,2.209863305091858,1.6598632335662842,0.8848632574081421,0.2098633050918579,-0.3151366710662842,4.375000059604645,3.800000011920929,3.849999964237213,2.324999988079071
2021-06-07,8.99999988079071,7.4799805879592896,6.329980373382568,0.60498046875,-0.1700195074081421,-0.8950195908546448,-0.845019519329071,-1.695019543170929,-2.120019495487213,-2.745019495487213,1.279980480670929,2.1999999582767487,8.99999988079071,7.4799805879592896,6.329980373382568,0.60498046875,-0.1700195074081421,-0.8950195908546448,-0.845019519329071,-1.695019543170929,-2.120019495487213,-2.745019495487213,1.279980480670929,2.1999999582767487
2021-06-09,-1.3501951694488525,-2.6501954793930054,-3.3001952171325684,-3.7251954078674316,1.2248046398162842,-4.900195360183716,-5.525195240974426,-5.900195360183716,-6.250195264816284,-6.9501953125,-1.8501953482627869,2.4248046875,-1.3501951694488525,-2.6501954793930054,-3.3001952171325684,-3.7251954078674316,1.2248046398162842,-4.900195360183716,-5.525195240974426,-5.900195360183716,-6.250195264816284,-6.9501953125,-1.8501953482627869,2.4248046875
2021-06-11,6.660058379173279,5.385058522224426,-0.13994145393371582,-0.8649413585662842,-1.68994140625,-6.43994140625,-2.7649415135383606,-3.464941442012787,-3.914941370487213,0.610058605670929,0.2850586175918579,-5.1649414002895355,6.660058379173279,5.385058522224426,-0.13994145393371582,-0.8649413585662842,-1.68994140625,-6.43994140625,-2.7649415135383606,-3.464941442012787,-3.914941370487213,0.610058605670929,0.2850586175918579,-5.1649414002895355
2021-06-14,-2.849902391433716,-8.724902510643005,-4.374902307987213,-9.749902367591858,-10.124902367591858,-10.599902391433716,-15.099902331829071,11.274902284145355,11.674902319908142,16.699902325868607,12.724902331829071,8.049902334809303,-2.849902391433716,-8.724902510643005,-4.374902307987213,-9.749902367591858,-10.124902367591858,-10.599902391433716,-15.099902331829071,-11.274902284145355,-11.674902319908142,-16.699902325868607,-12.724902331829071,-8.049902334809303
2021-06-16,2.099804401397705,3.4998044967651367,-1.6001954078674316,4.0498046875,2.0998048782348633,-7.35019588470459,-7.100194931030273,-13.150195598602295,-12.750195264816284,12.849804878234863,8.149804830551147,1.2001951932907104,-2.099804401397705,-3.4998044967651367,1.6001954078674316,-4.0498046875,-2.0998048782348633,7.35019588470459,7.100194931030273,13.150195598602295,12.750195264816284,12.849804878234863,8.149804830551147,1.2001951932907104
2021-06-18,3.8501954078674316,7.300195217132568,11.050195693969727,15.2001953125,2.700195074081421,-5.099804639816284,-0.5498046875,-0.6498045921325684,-1.1498048305511475,-2.249804735183716,6.5501954555511475,6.724804759025574,3.8501954078674316,7.300195217132568,11.050195693969727,15.2001953125,2.700195074081421,-5.099804639816284,-0.5498046875,-0.6498045921325684,-1.1498048305511475,-2.249804735183716,6.5501954555511475,-6.724804759025574
2021-06-21,-14.440038919448853,-2.6900391578674316,6.409960746765137,4.609960913658142,3.9599609375,2.659960985183716,-2.2900390625,1.3849608898162842,6.699999928474426,5.649999976158142,4.324999928474426,3.275000035762787,-14.440038919448853,-2.6900391578674316,6.409960746765137,4.609960913658142,3.9599609375,2.659960985183716,-2.2900390625,1.3849608898162842,6.699999928474426,5.649999976158142,4.324999928474426,3.275000035762787
2021-06-23,0.8898439407348633,-0.06015634536743164,-0.5101561546325684,4.33984375,3.46484375,-2.335156261920929,2.489843726158142,-3.2851563096046448,-3.9101563096046448,0.9148437976837158,0.2648436725139618,-5.710156291723251,0.8898439407348633,-0.06015634536743164,-0.5101561546325684,4.33984375,3.46484375,-2.335156261920929,2.489843726158142,-3.2851563096046448,-3.9101563096046448,0.9148437976837158,0.2648436725139618,-5.710156291723251
2021-06-25,2.699804663658142,7.249804615974426,1.4998047351837158,5.274804711341858,4.724804759025574,5.024804592132568,4.749804735183716,4.1748046875,3.8248047828674316,3.874804675579071,-3.774999976158142,-3.150000035762787,2.699804663658142,7.249804615974426,1.4998047351837158,5.274804711341858,4.724804759025574,5.024804592132568,4.749804735183716,4.1748046875,3.8248047828674316,3.874804675579071,3.774999976158142,3.150000035762787
2021-06-28,2.090136766433716,0.9651367664337158,0.3401367664337158,-4.534863233566284,-0.7348632216453552,-5.659863293170929,-5.884863257408142,-5.709863245487213,-2.034863293170929,-2.434863328933716,2.565136730670929,1.290136694908142,2.090136766433716,0.9651367664337158,0.3401367664337158,-4.534863233566284,-0.7348632216453552,-5.659863293170929,-5.884863257408142,-5.709863245487213,-2.034863293170929,-2.434863328933716,2.565136730670929,1.290136694908142
2021-06-30,5.949999928474426,5.049999952316284,6.5,4.1249998807907104,3.524999976158142,3.299999952316284,5.374999940395355,3.0,2.7249999046325684,2.475000023841858,2.324999988079071,3.7500000596046448,5.949999928474426,5.049999952316284,6.5,4.1249998807907104,3.524999976158142,3.299999952316284,5.374999940395355,3.0,2.7249999046325684,2.475000023841858,2.324999988079071,3.7500000596046448
2021-07-02,-11.039843678474426,-12.114843726158142,12.789843797683716,8.314843833446503,-7.739843785762787,-8.064843714237213,3.0851563215255737,2.060156285762787,1.53515625,4.150000035762787,0.6851562261581421,2.2750000059604645,-11.039843678474426,-12.114843726158142,-12.789843797683716,-8.314843833446503,-7.739843785762787,-8.064843714237213,3.0851563215255737,2.060156285762787,1.53515625,4.150000035762787,0.6851562261581421,2.2750000059604645
2021-07-06,-6.474999904632568,-4.059960961341858,-7.140038967132568,-4.590039014816284,-5.240038990974426,-14.140039086341858,-11.565039157867432,-8.190039038658142,-3.390039086341858,0.6099609732627869,0.3349609971046448,2.475000023841858,6.474999904632568,4.059960961341858,-7.140038967132568,-4.590039014816284,-5.240038990974426,-14.140039086341858,-11.565039157867432,-8.190039038658142,-3.390039086341858,0.6099609732627869,0.3349609971046448,2.475000023841858
2021-07-07,-6.4701173305511475,2.1298828125,3.3798828125,-1.1701171398162842,-4.670117020606995,-4.7701170444488525,-7.625,-4.320117235183716,4.770117163658142,4.75,3.75,-2.475000023841858,6.4701173305511475,-2.1298828125,-3.3798828125,1.1701171398162842,4.670117020606995,4.7701170444488525,7.625,4.320117235183716,4.770117163658142,4.75,3.75,2.475000023841858
2021-07-09,-8.099804639816284,-0.5498048067092896,-6.349804520606995,2.9501953125,2.600195288658142,1.7501951456069946,0.7501952648162842,0.3001953363418579,0.0001952648162841797,4.524999976158142,3.974999964237213,2.925000011920929,-8.099804639816284,-0.5498048067092896,-6.349804520606995,2.9501953125,2.600195288658142,1.7501951456069946,0.7501952648162842,0.3001953363418579,0.0001952648162841797,4.524999976158142,3.974999964237213,2.925000011920929
2021-07-12,-0.07988286018371582,3.020117163658142,7.175000071525574,1.9201172590255737,1.3201172351837158,0.8201171159744263,0.5451170802116394,4.200000047683716,-0.4548828601837158,3.149999976158142,2.450000047683716,1.8798828125,-0.07988286018371582,3.020117163658142,7.175000071525574,1.9201172590255737,1.3201172351837158,0.8201171159744263,0.5451170802116394,4.200000047683716,-0.4548828601837158,3.149999976158142,2.450000047683716,1.8798828125
2021-07-14,-4.399804592132568,-3.4498045444488525,-2.449804663658142,-10.150000095367432,2.500195264816284,-7.499804615974426,-6.1998045444488525,-6.475000023841858,-4.224804759025574,1.525195300579071,-3.349804639816284,-1.9998047053813934,4.399804592132568,3.4498045444488525,2.449804663658142,10.150000095367432,2.500195264816284,7.499804615974426,6.1998045444488525,6.475000023841858,4.224804759025574,-1.525195300579071,3.349804639816284,1.9998047053813934
2021-07-16,25.789843797683716,-2.4398436546325684,-10.08984375,0.3601562976837158,-6.9398438930511475,14.33984386920929,15.139843583106995,10.539843678474426,4.789843797683716,-0.2898437976837158,-0.8648436069488525,2.5851563215255737,-25.789843797683716,-2.4398436546325684,-10.08984375,0.3601562976837158,-6.9398438930511475,-14.33984386920929,-15.139843583106995,-10.539843678474426,-4.789843797683716,-0.2898437976837158,-0.8648436069488525,2.5851563215255737
2021-07-19,25.809765338897705,24.959765911102295,20.009765625,-20.550000190734863,-16.190234184265137,-9.709765434265137,4.359766006469727,-1.8402340412139893,-8.140234470367432,-2.3597657680511475,-8.090234279632568,-10.790234327316284,25.809765338897705,24.959765911102295,20.009765625,20.550000190734863,16.190234184265137,9.709765434265137,4.359766006469727,-1.8402340412139893,-8.140234470367432,2.3597657680511475,-8.090234279632568,-10.790234327316284
2021-07-21,10.510058403015137,-1.93994140625,0.6600587368011475,0.31005847454071045,3.960058569908142,-1.6149413585662842,-2.0899412631988525,1.6100586652755737,0.7600585222244263,-0.3100586533546448,-0.21005862951278687,0.739941418170929,10.510058403015137,-1.93994140625,0.6600587368011475,0.31005847454071045,3.960058569908142,-1.6149413585662842,-2.0899412631988525,1.6100586652755737,0.7600585222244263,0.3100586533546448,0.21005862951278687,-0.739941418170929
2021-07-23,-16.090039014816284,-12.890039205551147,-3.890039086341858,7.109960913658142,1.559960961341858,0.15996098518371582,4.284960985183716,7.200000047683716,5.925000071525574,5.274999976158142,4.399999976158142,1.4599609375,-16.090039014816284,-12.890039205551147,-3.890039086341858,7.109960913658142,1.559960961341858,0.15996098518371582,4.284960985183716,7.200000047683716,5.925000071525574,5.274999976158142,4.399999976158142,1.4599609375
2021-07-26,3.9501953125,-2.2998046875,-3.5498045682907104,5.300195217132568,5.4501953125,4.550195336341858,-0.6248047351837158,3.2501953840255737,2.9251952171325684,2.225195288658142,1.775195300579071,2.6500000059604645,3.9501953125,-2.2998046875,-3.5498045682907104,5.300195217132568,5.4501953125,4.550195336341858,-0.6248047351837158,3.2501953840255737,2.9251952171325684,2.225195288658142,1.775195300579071,2.6500000059604645
2021-07-28,18.259862899780273,17.450000524520874,12.29013705253601,15.75,10.340136766433716,14.700000047683716,14.25986361503601,9.659862995147705,10.509863376617432,10.049999952316284,-2.259863257408142,-0.00986325740814209,18.259862899780273,17.450000524520874,12.29013705253601,15.75,10.340136766433716,14.700000047683716,14.25986361503601,9.659862995147705,10.509863376617432,10.049999952316284,-2.259863257408142,-0.00986325740814209
2021-07-30,3.6597657203674316,13.300000190734863,11.800000190734863,11.0,10.549999952316284,9.299999952316284,3.159765601158142,7.7500001192092896,2.834765672683716,7.790234446525574,6.650000095367432,5.224999904632568,3.6597657203674316,13.300000190734863,11.800000190734863,11.0,10.549999952316284,9.299999952316284,3.159765601158142,7.7500001192092896,2.834765672683716,7.790234446525574,6.650000095367432,5.224999904632568
2021-08-02,-10.939843654632568,19.33984363079071,14.689843773841858,15.58984375,-1.6398437023162842,4.5601561069488525,-3.2898436784744263,-4.539843678474426,-0.9398436546325684,-1.814843773841858,-3.164843738079071,-0.31015628576278687,-10.939843654632568,-19.33984363079071,-14.689843773841858,-15.58984375,-1.6398437023162842,4.5601561069488525,-3.2898436784744263,-4.539843678474426,-0.9398436546325684,-1.814843773841858,-3.164843738079071,0.31015628576278687
2021-08-04,3.4601564407348633,8.060156106948853,7.66015625,9.050000071525574,5.3101561069488525,5.085156321525574,3.985156297683716,-2.1148436665534973,-2.6398436427116394,-3.514843702316284,1.685156226158142,0.13515624403953552,3.4601564407348633,8.060156106948853,7.66015625,9.050000071525574,5.3101561069488525,5.085156321525574,3.985156297683716,-2.1148436665534973,-2.6398436427116394,-3.514843702316284,1.685156226158142,0.13515624403953552
2021-08-06,8.879980325698853,8.399999976158142,6.329980492591858,7.075000047683716,5.825000047683716,5.300000071525574,5.224999904632568,4.175000011920929,3.75,3.600000023841858,2.304980456829071,2.474999964237213,8.879980325698853,8.399999976158142,6.329980492591858,7.075000047683716,5.825000047683716,5.300000071525574,5.224999904632568,4.175000011920929,3.75,3.600000023841858,2.304980456829071,2.474999964237213
2021-08-09,7.549902439117432,5.949902415275574,4.949902415275574,6.3749998807907104,5.975000023841858,4.999999940395355,4.649999976158142,3.9999999403953552,3.375,0.4500976800918579,0.1250976324081421,2.0749999582767487,7.549902439117432,5.949902415275574,4.949902415275574,6.3749998807907104,5.975000023841858,4.999999940395355,4.649999976158142,3.9999999403953552,3.375,0.4500976800918579,0.1250976324081421,2.0749999582767487
2021-08-11,4.235156297683716,3.2601561546325684,5.899999976158142,3.814843773841858,3.364843726158142,4.575000047683716,4.050000011920929,3.900000035762787,3.549999952316284,2.824999988079071,2.5000000298023224,-1.164843738079071,4.235156297683716,3.2601561546325684,5.899999976158142,3.814843773841858,3.364843726158142,4.575000047683716,4.050000011920929,3.900000035762787,3.549999952316284,2.824999988079071,2.5000000298023224,-1.164843738079071
2021-08-13,3.600000023841858,2.9250000715255737,2.700000047683716,4.675000011920929,1.6499999165534973,0.9749999642372131,0.7000000476837158,0.4999999403953552,-2.475000023841858,-2.5249999463558197,-0.32499998807907104,-1.1749999523162842,3.600000023841858,2.9250000715255737,2.700000047683716,4.675000011920929,1.6499999165534973,0.9749999642372131,0.7000000476837158,0.4999999403953552,2.475000023841858,2.5249999463558197,-0.32499998807907104,-1.1749999523162842
2021-08-16,-22.909960985183716,-27.7099609375,-25.85996103286743,-22.559961080551147,-18.484960913658142,-18.809960961341858,-14.859960913658142,-10.059960961341858,-5.209960997104645,-5.634961009025574,-1.4349608719348907,-2.409960985183716,-22.909960985183716,-27.7099609375,-25.85996103286743,-22.559961080551147,-18.484960913658142,-18.809960961341858,-14.859960913658142,-10.059960961341858,-5.209960997104645,-5.634961009025574,-1.4349608719348907,-2.409960985183716
2021-08-18,32.57998061180115,38.929980516433716,34.07998061180115,29.37998056411743,30.029980421066284,24.829980611801147,31.379980444908142,26.629980444908142,31.529980301856995,32.20498061180115,28.704980492591858,14.379980444908142,-32.57998061180115,-38.929980516433716,-34.07998061180115,-29.37998056411743,-30.029980421066284,-24.829980611801147,-31.379980444908142,-26.629980444908142,-31.529980301856995,-32.20498061180115,-28.704980492591858,-14.379980444908142
2021-08-20,4.780078172683716,7.530078172683716,2.330078125,0.9800782203674316,4.180078029632568,7.1800782680511475,6.924999952316284,5.180078148841858,5.2050782442092896,-0.544921875,3.3050780296325684,3.324999988079071,4.780078172683716,7.530078172683716,2.330078125,0.9800782203674316,4.180078029632568,7.1800782680511475,6.924999952316284,5.180078148841858,5.2050782442092896,-0.544921875,3.3050780296325684,3.324999988079071
2021-08-23,2.8202147483825684,6.524999976158142,5.554785072803497,5.304785132408142,-0.22021490335464478,0.7952148914337158,-0.9952148795127869,3.829785168170929,3.704785168170929,-2.020214796066284,-2.97021484375,3.295214831829071,2.8202147483825684,6.524999976158142,5.554785072803497,5.304785132408142,-0.22021490335464478,-0.7952148914337158,-0.9952148795127869,3.829785168170929,3.704785168170929,-2.020214796066284,-2.97021484375,-3.295214831829071
2021-08-25,5.585058689117432,5.3100587129592896,4.635058641433716,5.050000071525574,4.774999976158142,1.0649414658546448,0.639941394329071,3.5500000715255737,3.100000023841858,2.875,2.2000000178813934,1.449999988079071,5.585058689117432,5.3100587129592896,4.635058641433716,5.050000071525574,4.774999976158142,1.0649414658546448,0.639941394329071,3.5500000715255737,3.100000023841858,2.875,2.2000000178813934,1.449999988079071
2021-08-27,-5.770116806030273,2.0298826694488525,4.3798828125,-1.3201172351837158,5.899999976158142,4.799999952316284,4.500000059604645,3.345117211341858,3.0201171040534973,3.599999964237213,2.7750000059604645,1.3701172024011612,-5.770116806030273,2.0298826694488525,4.3798828125,-1.3201172351837158,5.899999976158142,4.799999952316284,4.500000059604645,3.345117211341858,3.0201171040534973,3.599999964237213,2.7750000059604645,1.3701172024011612
2021-08-30,2.659960985183716,6.5,5.590039014816284,4.190039038658142,-1.509960949420929,3.340039074420929,2.815039098262787,2.340039074420929,-3.409960985183716,-3.6599609553813934,-4.0849609375,0.5150391012430191,2.659960985183716,6.5,5.590039014816284,4.190039038658142,-1.509960949420929,3.340039074420929,2.815039098262787,2.340039074420929,-3.409960985183716,-3.6599609553813934,-4.0849609375,0.5150391012430191
2021-08-31,6.569824457168579,-7.550000071525574,-3.905175805091858,-3.30517578125,-2.5551757216453552,3.1948242783546448,-1.580175757408142,-4.475000023841858,-4.275000035762787,-3.625,-3.3499999344348907,-0.16982418298721313,6.569824457168579,7.550000071525574,3.905175805091858,3.30517578125,2.5551757216453552,-3.1948242783546448,1.580175757408142,4.475000023841858,4.275000035762787,3.625,3.3499999344348907,0.16982418298721313
2021-09-01,8.189843773841858,5.914843797683716,0.23515629768371582,4.71484375,-4.064843773841858,1.4601562023162842,7.210156202316284,7.485156238079071,8.110156238079071,3.28515625,-2.514843761920929,-0.8648437559604645,8.189843773841858,5.914843797683716,-0.23515629768371582,4.71484375,4.064843773841858,-1.4601562023162842,-7.210156202316284,-7.485156238079071,-8.110156238079071,-3.28515625,2.514843761920929,0.8648437559604645
2021-09-03,6.269824266433716,9.56982421875,8.369824290275574,7.119824290275574,6.69482421875,5.094824194908142,4.69482421875,4.575000047683716,4.674999952316284,3.875,3.324999988079071,1.925000011920929,6.269824266433716,9.56982421875,8.369824290275574,7.119824290275574,6.69482421875,5.094824194908142,4.69482421875,4.575000047683716,4.674999952316284,3.875,3.324999988079071,1.925000011920929
2021-09-07,9.400000095367432,9.820214986801147,7.1000001430511475,8.47021496295929,6.72021484375,5.924999952316284,-0.02021479606628418,-0.6702148914337158,-1.09521484375,4.000000059604645,-2.145214796066284,2.25,9.400000095367432,9.820214986801147,7.1000001430511475,8.47021496295929,6.72021484375,5.924999952316284,-0.02021479606628418,-0.6702148914337158,-1.09521484375,4.000000059604645,-2.145214796066284,2.25
2021-09-08,-9.06982421875,-9.700000047683716,-0.7198243141174316,-5.780175805091858,-3.2198240756988525,-7.7499998807907104,3.780175805091858,-6.125,2.155175805091858,4.799999952316284,3.899999976158142,2.6250000596046448,9.06982421875,9.700000047683716,-0.7198243141174316,5.780175805091858,-3.2198240756988525,7.7499998807907104,3.780175805091858,6.125,2.155175805091858,4.799999952316284,3.899999976158142,2.6250000596046448
2021-09-10,27.619921922683716,-17.419921875,-11.819921731948853,-2.5699217319488525,-10.069921970367432,-22.419921875,29.244921922683716,24.169921875,24.869921922683716,20.194921851158142,15.944921970367432,-6.319921970367432,-27.619921922683716,-17.419921875,-11.819921731948853,-2.5699217319488525,-10.069921970367432,-22.419921875,-29.244921922683716,-24.169921875,-24.869921922683716,-20.194921851158142,-15.944921970367432,-6.319921970367432
2021-09-13,-10.22998046875,-13.020019292831421,-12.72998046875,11.070019483566284,5.870019435882568,-8.970019340515137,-11.100000143051147,3.520019292831421,-2.229980707168579,-9.029980421066284,6.429980516433716,1.8200196027755737,10.22998046875,13.020019292831421,12.72998046875,11.070019483566284,5.870019435882568,8.970019340515137,11.100000143051147,3.520019292831421,-2.229980707168579,-9.029980421066284,-6.429980516433716,1.8200196027755737
2021-09-15,-7.500195503234863,-13.900195121765137,-11.500195503234863,-8.050195217132568,-9.650195360183716,-5.550195217132568,4.249804496765137,7.099804520606995,6.2998046875,5.599804759025574,4.624804735183716,2.899999976158142,-7.500195503234863,-13.900195121765137,-11.500195503234863,-8.050195217132568,-9.650195360183716,-5.550195217132568,4.249804496765137,7.099804520606995,6.2998046875,5.599804759025574,4.624804735183716,2.899999976158142
2021-09-17,-2.440234661102295,-6.64023494720459,12.140234470367432,9.840234279632568,15.890233993530273,8.290234327316284,8.090234279632568,12.440234422683716,13.549999952316284,10.900000095367432,9.850000143051147,6.850000023841858,2.440234661102295,6.64023494720459,12.140234470367432,9.840234279632568,15.890233993530273,8.290234327316284,8.090234279632568,12.440234422683716,13.549999952316284,10.900000095367432,9.850000143051147,6.850000023841858
2021-09-20,12.72998046875,-24.429980278015137,-24.850000381469727,-14.279980659484863,-13.670019626617432,-7.470019340515137,3.97998046875,1.0299806594848633,2.029980421066284,21.779980659484863,29.629980325698853,-18.62998056411743,12.72998046875,24.429980278015137,24.850000381469727,14.279980659484863,13.670019626617432,7.470019340515137,-3.97998046875,-1.0299806594848633,-2.029980421066284,-21.779980659484863,-29.629980325698853,-18.62998056411743
2021-09-22,17.95986318588257,25.70986270904541,24.899999618530273,24.0,14.740136623382568,14.190136432647705,18.04013729095459,24.949999809265137,23.15000009536743,-0.8401370048522949,14.60986328125,-0.7598632574081421,17.95986318588257,25.70986270904541,24.899999618530273,24.0,14.740136623382568,14.190136432647705,18.04013729095459,24.949999809265137,23.15000009536743,0.8401370048522949,14.60986328125,-0.7598632574081421
2021-09-24,15.77001953125,9.120019435882568,3.52001953125,2.470019578933716,5.77001953125,9.620019674301147,8.720019340515137,7.070019483566284,2.295019507408142,0.22001957893371582,4.925000011920929,4.4999998807907104,15.77001953125,9.120019435882568,3.52001953125,2.470019578933716,5.77001953125,9.620019674301147,8.720019340515137,7.070019483566284,2.295019507408142,0.22001957893371582,4.925000011920929,4.4999998807907104
2021-09-27,12.60986328125,-4.459863185882568,-8.159863233566284,-7.309863328933716,-8.699999928474426,-5.35986328125,5.190136551856995,-4.084863185882568,1.4151367545127869,2.415136754512787,-2.334863305091858,-1.2598631978034973,12.60986328125,4.459863185882568,8.159863233566284,7.309863328933716,8.699999928474426,5.35986328125,5.190136551856995,4.084863185882568,-1.4151367545127869,-2.415136754512787,2.334863305091858,1.2598631978034973
2021-09-29,-5.559960842132568,-4.55996036529541,3.490039348602295,-6.659961223602295,-5.009960889816284,-15.059961318969727,-8.109961032867432,12.609961032867432,-5.7099609375,-5.140038967132568,-11.840039014816284,-9.0400390625,5.559960842132568,4.55996036529541,-3.490039348602295,6.659961223602295,5.009960889816284,15.059961318969727,8.109961032867432,12.609961032867432,5.7099609375,-5.140038967132568,-11.840039014816284,-9.0400390625
2021-09-30,38.4599609375,34.7099609375,19.259960651397705,33.30996084213257,4.359960556030273,11.590038776397705,9.090039253234863,8.190039157867432,-4.7099609375,-17.009960651397705,-13.609961032867432,-16.509960889816284,-38.4599609375,-34.7099609375,-19.259960651397705,-33.30996084213257,-4.359960556030273,11.590038776397705,9.090039253234863,8.190039157867432,-4.7099609375,-17.009960651397705,-13.609961032867432,-16.509960889816284
2021-10-01,19.040038585662842,36.79003858566284,24.44003915786743,-16.7900390625,-8.490038871765137,-5.0400390625,11.190039157867432,-3.1900389194488525,5.9599609375,-11.099999904632568,-6.140038967132568,-4.940039038658142,-19.040038585662842,-36.79003858566284,-24.44003915786743,-16.7900390625,-8.490038871765137,-5.0400390625,-11.190039157867432,-3.1900389194488525,5.9599609375,11.099999904632568,6.140038967132568,4.940039038658142
2021-10-04,15.740038871765137,-10.7099609375,-25.690038681030273,-19.2900390625,-20.7900390625,-12.190038681030273,-8.39003849029541,-7.2400383949279785,-4.990038871765137,-8.790039300918579,-11.840039014816284,-4.090039014816284,-15.740038871765137,10.7099609375,25.690038681030273,19.2900390625,20.7900390625,12.190038681030273,8.39003849029541,7.2400383949279785,4.990038871765137,8.790039300918579,11.840039014816284,4.090039014816284
2021-10-06,30.449804306030273,14.199804306030273,16.349804878234863,27.249804496765137,15.449804782867432,30.39980459213257,27.64980459213257,18.19980478286743,-8.2998046875,4.150195360183716,-3.349804639816284,-0.7998046875,-30.449804306030273,-14.199804306030273,-16.349804878234863,-27.249804496765137,-15.449804782867432,-30.39980459213257,-27.64980459213257,-18.19980478286743,-8.2998046875,4.150195360183716,-3.349804639816284,-0.7998046875
2021-10-08,17.23984384536743,9.489843845367432,7.389843940734863,6.439843654632568,10.539843797683716,14.799999952316284,8.689843893051147,11.010156154632568,11.200000047683716,-4.260156273841858,-0.8601561784744263,-3.310156226158142,17.23984384536743,9.489843845367432,7.389843940734863,6.439843654632568,10.539843797683716,14.799999952316284,8.689843893051147,11.010156154632568,11.200000047683716,-4.260156273841858,-0.8601561784744263,-3.310156226158142
2021-10-11,-27.360058784484863,39.06005859375,35.110058307647705,31.31005859375,38.010058641433716,27.610058546066284,17.260058641433716,-0.41005873680114746,-2.760058641433716,-4.4100587368011475,-11.410058736801147,-2.760058641433716,-27.360058784484863,-39.06005859375,-35.110058307647705,-31.31005859375,-38.010058641433716,-27.610058546066284,-17.260058641433716,-0.41005873680114746,-2.760058641433716,-4.4100587368011475,-11.410058736801147,-2.760058641433716
2021-10-13,9.100195407867432,-6.749804496765137,0.5501956939697266,-0.24980497360229492,7.800195217132568,6.7001953125,5.950195550918579,-13.0,-12.599999904632568,10.599999904632568,5.050195217132568,2.300195336341858,9.100195407867432,-6.749804496765137,0.5501956939697266,-0.24980497360229492,7.800195217132568,6.7001953125,5.950195550918579,13.0,12.599999904632568,10.599999904632568,5.050195217132568,2.300195336341858
2021-10-15,13.329882860183716,1.6298828125,8.979882717132568,8.429882764816284,2.7798826694488525,2.179882764816284,6.3798828125,1.029882788658142,5.354882717132568,5.925000071525574,4.849999904632568,3.7500000596046448,13.329882860183716,1.6298828125,8.979882717132568,8.429882764816284,2.7798826694488525,2.179882764816284,6.3798828125,1.029882788658142,5.354882717132568,5.925000071525574,4.849999904632568,3.7500000596046448
2021-10-18,-2.8099610805511475,0.14003896713256836,-1.7599608898162842,2.5400390625,6.5400390625,5.765039086341858,0.24003899097442627,4.215039014816284,3.940039098262787,3.565039098262787,2.715039074420929,-1.6150391101837158,-2.8099610805511475,0.14003896713256836,-1.7599608898162842,2.5400390625,6.5400390625,5.765039086341858,0.24003899097442627,4.215039014816284,3.940039098262787,3.565039098262787,2.715039074420929,1.6150391101837158
2021-10-20,4.4100587368011475,-9.299999952316284,-7.110058665275574,7.0600587129592896,-6.700000047683716,-6.125,-5.6249998807907104,6.3100584745407104,4.585058569908142,3.760058581829071,-3.650000035762787,-1.585058569908142,4.4100587368011475,9.299999952316284,7.110058665275574,7.0600587129592896,6.700000047683716,6.125,5.6249998807907104,6.3100584745407104,4.585058569908142,3.760058581829071,3.650000035762787,1.585058569908142
2021-10-22,-5.999902248382568,0.35009753704071045,-9.749902248382568,-5.9500977993011475,1.4500977993011475,5.150097608566284,-8.850000023841858,-7.099999904632568,3.0000977516174316,-5.874902367591858,5.474999964237213,3.775000035762787,5.999902248382568,-0.35009753704071045,9.749902248382568,5.9500977993011475,1.4500977993011475,5.150097608566284,8.850000023841858,7.099999904632568,3.0000977516174316,5.874902367591858,5.474999964237213,3.775000035762787
2021-10-25,-0.17998051643371582,-2.1299803256988525,1.545019507408142,0.9450194835662842,5.470019459724426,6.175000071525574,5.399999976158142,5.150000035762787,4.650000095367432,0.07998043298721313,3.074999988079071,-2.099999964237213,-0.17998051643371582,-2.1299803256988525,1.545019507408142,0.9450194835662842,5.470019459724426,6.175000071525574,5.399999976158142,5.150000035762787,4.650000095367432,0.07998043298721313,3.074999988079071,2.099999964237213
2021-10-27,16.96982431411743,6.81982421875,-7.6698243618011475,14.369824290275574,10.019824266433716,15.919824242591858,16.894824266433716,22.44482421875,23.119824171066284,23.76982432603836,18.969824254512787,-8.594824194908142,-16.96982431411743,-6.81982421875,-7.6698243618011475,-14.369824290275574,-10.019824266433716,-15.919824242591858,-16.894824266433716,-22.44482421875,-23.119824171066284,-23.76982432603836,-18.969824254512787,-8.594824194908142
2021-10-29,-1.0298829078674316,-7.6298828125,-4.079882621765137,0.22011709213256836,-0.7798829078674316,8.520117163658142,7.445117115974426,-6.2451173067092896,-1.4701170921325684,-3.729882836341858,-4.2548828125,-6.0048828125,-1.0298829078674316,-7.6298828125,-4.079882621765137,0.22011709213256836,-0.7798829078674316,8.520117163658142,7.445117115974426,6.2451173067092896,1.4701170921325684,-3.729882836341858,-4.2548828125,-6.0048828125
2021-11-01,-7.530078172683716,3.630078077316284,-2.169921875,5.880078196525574,4.830078125,4.055078148841858,6.6000001430511475,3.030078172683716,-1.894921898841858,-7.494921922683716,-3.9199219346046448,-0.7199218273162842,7.530078172683716,3.630078077316284,-2.169921875,5.880078196525574,4.830078125,4.055078148841858,6.6000001430511475,3.030078172683716,-1.894921898841858,-7.494921922683716,-3.9199219346046448,-0.7199218273162842
2021-11-03,-10.669824123382568,-11.469824314117432,-11.719824314117432,-11.369823932647705,-12.56982421875,-12.769824028015137,-12.969823837280273,-12.66982388496399,-16.819823741912842,-8.419824361801147,1.2301758527755737,-1.294824242591858,-10.669824123382568,-11.469824314117432,-11.719824314117432,-11.369823932647705,-12.56982421875,-12.769824028015137,-12.969823837280273,-12.66982388496399,-16.819823741912842,-8.419824361801147,1.2301758527755737,-1.294824242591858
2021-11-05,0.32021498680114746,2.0702147483825684,3.22021484375,-1.6797852516174316,-0.6797851324081421,0.02021479606628418,-6.079785227775574,1.8202149868011475,8.070214748382568,-7.099999904632568,-6.024999976158142,2.745214819908142,-0.32021498680114746,-2.0702147483825684,-3.22021484375,1.6797852516174316,0.6797851324081421,-0.02021479606628418,6.079785227775574,1.8202149868011475,8.070214748382568,7.099999904632568,6.024999976158142,2.745214819908142
2021-11-08,-8.350195407867432,-6.750195264816284,9.650000095367432,8.599999904632568,6.649804592132568,6.099804520606995,5.149804592132568,5.875,5.074999928474426,4.500000059604645,-0.25019538402557373,-2.5500000715255737,8.350195407867432,6.750195264816284,9.650000095367432,8.599999904632568,6.649804592132568,6.099804520606995,5.149804592132568,5.875,5.074999928474426,4.500000059604645,0.25019538402557373,2.5500000715255737
2021-11-10,19.690038919448853,14.990039110183716,17.140039205551147,18.090039014816284,19.090039014816284,13.2900390625,13.340039014816284,1.3400390148162842,-8.259960889816284,4.690039157867432,2.4900388717651367,6.175000071525574,-19.690038919448853,-14.990039110183716,-17.140039205551147,-18.090039014816284,-19.090039014816284,-13.2900390625,-13.340039014816284,-1.3400390148162842,8.259960889816284,4.690039157867432,2.4900388717651367,6.175000071525574
2021-11-12,-15.050097465515137,12.300097703933716,7.900097608566284,8.549902200698853,9.900000095367432,9.949999809265137,5.749902248382568,4.749902248382568,4.5249022245407104,3.8749022483825684,2.549902319908142,3.775000035762787,-15.050097465515137,-12.300097703933716,-7.900097608566284,8.549902200698853,9.900000095367432,9.949999809265137,5.749902248382568,4.749902248382568,4.5249022245407104,3.8749022483825684,2.549902319908142,3.775000035762787
2021-11-15,1.4001953601837158,-8.5498046875,-7.2998046875,-6.8998048305511475,7.9501953125,6.900195121765137,7.799999833106995,6.75,6.075000047683716,2.375195264816284,4.325000047683716,3.2249999940395355,-1.4001953601837158,8.5498046875,7.2998046875,6.8998048305511475,7.9501953125,6.900195121765137,7.799999833106995,6.75,6.075000047683716,2.375195264816284,4.325000047683716,3.2249999940395355
2021-11-17,9.130078077316284,10.700000047683716,7.819921970367432,7.069921970367432,3.8300780057907104,9.0,8.399999976158142,5.369921922683716,-1.0550782680511475,3.7199219465255737,2.569921910762787,1.419921875,9.130078077316284,10.700000047683716,7.819921970367432,7.069921970367432,-3.8300780057907104,9.0,8.399999976158142,5.369921922683716,-1.0550782680511475,3.7199219465255737,2.569921910762787,1.419921875
2021-11-19,2.3099608421325684,14.899999856948853,10.109961032867432,3.4599609375,2.509960889816284,-3.2400388717651367,-3.6900391578674316,7.059960961341858,5.4599608182907104,4.759960889816284,3.6599608659744263,2.109960973262787,2.3099608421325684,14.899999856948853,10.109961032867432,3.4599609375,2.509960889816284,-3.2400388717651367,-3.6900391578674316,7.059960961341858,5.4599608182907104,4.759960889816284,3.6599608659744263,2.109960973262787
2021-11-22,36.91005861759186,42.860058665275574,44.56005871295929,33.760058522224426,8.010058641433716,15.960058689117432,23.885058522224426,25.260058522224426,25.460058569908142,26.56005859375,38.185058534145355,33.78505861759186,-36.91005861759186,-42.860058665275574,-44.56005871295929,-33.760058522224426,-8.010058641433716,-15.960058689117432,-23.885058522224426,-25.260058522224426,-25.460058569908142,-26.56005859375,-38.185058534145355,-33.78505861759186
2021-11-24,-5.059960842132568,1.3900394439697266,-0.10996103286743164,-7.240039110183716,1.8900392055511475,0.9900391101837158,-4.4400389194488525,-7.840039134025574,-2.0150389671325684,-3.059960961341858,-0.28496086597442627,4.0,-5.059960842132568,1.3900394439697266,-0.10996103286743164,7.240039110183716,1.8900392055511475,0.9900391101837158,4.4400389194488525,7.840039134025574,2.0150389671325684,-3.059960961341858,-0.28496086597442627,4.0
2021-11-29,12.279980182647705,1.0799808502197266,-0.27001953125,1.9299802780151367,14.22998046875,7.77001953125,1.5700194835662842,0.22001957893371582,-0.5299804210662842,-1.5799806118011475,2.920019507408142,-4.154980480670929,12.279980182647705,1.0799808502197266,-0.27001953125,1.9299802780151367,14.22998046875,7.77001953125,1.5700194835662842,0.22001957893371582,-0.5299804210662842,-1.5799806118011475,2.920019507408142,-4.154980480670929
2021-11-30,39.30000019073486,42.09999990463257,-8.0,0.14999961853027344,-12.5,-6.799999713897705,-11.449999809265137,-9.150000095367432,12.5,-8.100000143051147,5.700000286102295,-7.900000095367432,-39.30000019073486,-42.09999990463257,8.0,-0.14999961853027344,12.5,6.799999713897705,11.449999809265137,9.150000095367432,-12.5,-8.100000143051147,5.700000286102295,7.900000095367432
2021-12-01,83.25996112823486,96.1599612236023,109.25996088981628,115.9099612236023,98.7599606513977,99.7599606513977,74.25996112823486,72.60996103286743,61.80996084213257,60.70996046066284,51.55996060371399,-9.109961032867432,-83.25996112823486,-96.1599612236023,-109.25996088981628,-115.9099612236023,-98.7599606513977,-99.7599606513977,-74.25996112823486,-72.60996103286743,-61.80996084213257,-60.70996046066284,-51.55996060371399,-9.109961032867432
2021-12-03,-25.030176162719727,-15.530176162719727,-27.96982479095459,-33.80000019073486,6.469823837280273,-21.519824504852295,15.369823455810547,-17.81982421875,-2.0198240280151367,0.3698239326477051,-13.580175876617432,-2.5301761627197266,25.030176162719727,15.530176162719727,27.96982479095459,33.80000019073486,6.469823837280273,21.519824504852295,15.369823455810547,17.81982421875,2.0198240280151367,0.3698239326477051,-13.580175876617432,-2.5301761627197266
2021-12-06,16.030077934265137,30.280077934265137,26.830078125,16.98007822036743,15.030078411102295,22.200000286102295,10.369922161102295,3.5199220180511475,2.419921875,0.3699219226837158,12.799999952316284,9.100000023841858,16.030077934265137,30.280077934265137,26.830078125,16.98007822036743,15.030078411102295,22.200000286102295,10.369922161102295,3.5199220180511475,2.419921875,0.3699219226837158,12.799999952316284,9.100000023841858
2021-12-08,9.7900390625,3.240039348602295,-3.709961175918579,2.6900393962860107,1.0900390148162842,-4.7099609375,-0.9099609851837158,2.9900392293930054,1.940039038658142,0.6900391578674316,4.1650390625,2.8900391459465027,9.7900390625,3.240039348602295,-3.709961175918579,2.6900393962860107,1.0900390148162842,-4.7099609375,-0.9099609851837158,2.9900392293930054,1.940039038658142,0.6900391578674316,4.1650390625,2.8900391459465027
2021-12-10,-2.020019054412842,3.529980421066284,-9.920019149780273,-12.52001953125,-5.77001953125,-6.120019435882568,-6.070019483566284,-2.52001953125,-3.3200197219848633,-4.370019555091858,-9.89501953125,-6.895019590854645,-2.020019054412842,3.529980421066284,-9.920019149780273,-12.52001953125,-5.77001953125,-6.120019435882568,-6.070019483566284,-2.52001953125,-3.3200197219848633,-4.370019555091858,-9.89501953125,-6.895019590854645
2021-12-13,-1.0797853469848633,7.620214939117432,6.070215225219727,16.57021474838257,9.070214748382568,2.420214891433716,6.920214891433716,5.920214891433716,-0.7297849655151367,-2.129785180091858,-8.579785227775574,-5.15478515625,-1.0797853469848633,7.620214939117432,6.070215225219727,16.57021474838257,9.070214748382568,2.420214891433716,6.920214891433716,5.920214891433716,-0.7297849655151367,-2.129785180091858,-8.579785227775574,-5.15478515625
2021-12-15,-53.45009708404541,-51.45009803771973,-52.50009775161743,-57.45009756088257,-58.80009746551514,-54.30009746551514,-48.900097370147705,-51.90009832382202,-39.45009803771973,-35.70009756088257,-34.75009822845459,0.3499023914337158,-53.45009708404541,-51.45009803771973,-52.50009775161743,-57.45009756088257,-58.80009746551514,-54.30009746551514,-48.900097370147705,-51.90009832382202,-39.45009803771973,-35.70009756088257,-34.75009822845459,0.3499023914337158
2021-12-17,-36.34999942779541,29.609862327575684,1.5901365280151367,-9.109862804412842,22.49013662338257,20.29013681411743,11.840137004852295,-0.7598633766174316,-13.509863376617432,0.09013652801513672,-2.1598634719848633,-0.15986323356628418,36.34999942779541,29.609862327575684,1.5901365280151367,-9.109862804412842,22.49013662338257,20.29013681411743,11.840137004852295,-0.7598633766174316,-13.509863376617432,0.09013652801513672,-2.1598634719848633,-0.15986323356628418
2021-12-20,31.62998104095459,7.879980564117432,-0.3200192451477051,-2.02001953125,5.279980659484863,4.029980659484863,-7.77001953125,-4.920019149780273,4.179980278015137,3.029980421066284,5.579980373382568,7.529980421066284,31.62998104095459,7.879980564117432,-0.3200192451477051,-2.02001953125,5.279980659484863,4.029980659484863,-7.77001953125,-4.920019149780273,4.179980278015137,3.029980421066284,5.579980373382568,7.529980421066284
2021-12-22,-22.010058403015137,-15.31005859375,3.3899412155151367,1.8399412631988525,0.6399414539337158,-0.31005859375,3.639941453933716,-1.9600586891174316,-7.460058689117432,-13.160058498382568,-5.31005859375,-7.085058629512787,-22.010058403015137,-15.31005859375,3.3899412155151367,1.8399412631988525,0.6399414539337158,-0.31005859375,3.639941453933716,-1.9600586891174316,-7.460058689117432,-13.160058498382568,-5.31005859375,-7.085058629512787
2021-12-23,15.509960889816284,14.100000143051147,12.650000095367432,10.599999904632568,5.640038967132568,9.600000143051147,9.0,3.740039110183716,3.0400391817092896,2.490039110183716,-3.184960961341858,-0.26503902673721313,15.509960889816284,14.100000143051147,12.650000095367432,10.599999904632568,5.640038967132568,9.600000143051147,9.0,3.740039110183716,3.0400391817092896,2.490039110183716,-3.184960961341858,0.26503902673721313
2021-12-27,-21.78994131088257,-10.039941310882568,-10.489941358566284,-6.489941477775574,-6.889941453933716,-2.5899412631988525,-3.43994140625,-4.089941501617432,-0.06494140625,-0.08994150161743164,-0.889941394329071,-2.289941370487213,-21.78994131088257,-10.039941310882568,-10.489941358566284,-6.489941477775574,-6.889941453933716,-2.5899412631988525,-3.43994140625,-4.089941501617432,-0.06494140625,-0.08994150161743164,-0.889941394329071,-2.289941370487213
2021-12-29,14.5,10.339941263198853,11.900000095367432,7.93994140625,6.93994140625,1.0899412631988525,4.9399415254592896,4.139941334724426,6.799999952316284,5.949999928474426,5.250000059604645,1.760058581829071,14.5,10.339941263198853,11.900000095367432,7.93994140625,6.93994140625,1.0899412631988525,4.9399415254592896,4.139941334724426,6.799999952316284,5.949999928474426,5.250000059604645,1.760058581829071
2021-12-31,8.030175685882568,6.880175590515137,5.230175733566284,4.68017578125,8.93017578125,8.080175876617432,2.43017578125,-2.4198243618011475,-3.1198244094848633,1.5801756381988525,0.8801758289337158,-6.119824290275574,8.030175685882568,6.880175590515137,5.230175733566284,4.68017578125,8.93017578125,8.080175876617432,2.43017578125,-2.4198243618011475,-3.1198244094848633,1.5801756381988525,0.8801758289337158,-6.119824290275574
2022-01-03,-8.110058307647705,8.089941263198853,-3.4600584506988525,-9.06005859375,-10.56005859375,-6.7100584506988525,-12.160058498382568,-8.160058617591858,-0.7149415016174316,-0.3899414539337158,-4.389941334724426,-2.964941382408142,-8.110058307647705,8.089941263198853,-3.4600584506988525,-9.06005859375,-10.56005859375,-6.7100584506988525,-12.160058498382568,-8.160058617591858,0.7149415016174316,0.3899414539337158,4.389941334724426,2.964941382408142
2022-01-05,67.56992220878601,79.66992211341858,75.81992173194885,70.81992197036743,66.16992163658142,72.169921875,60.619921922683716,60.219921827316284,60.26992201805115,36.76992177963257,17.969921827316284,-10.119922041893005,-67.56992220878601,-79.66992211341858,-75.81992173194885,-70.81992197036743,-66.16992163658142,-72.169921875,-60.619921922683716,-60.219921827316284,-60.26992201805115,-36.76992177963257,-17.969921827316284,-10.119922041893005
2022-01-07,1.8202152252197266,12.229784965515137,14.870214462280273,14.429785251617432,2.6297850608825684,7.329785346984863,5.429785251617432,4.3797852993011475,3.8797852993011475,8.02978515625,-4.170214772224426,1.5452147722244263,-1.8202152252197266,12.229784965515137,14.870214462280273,14.429785251617432,2.6297850608825684,7.329785346984863,5.429785251617432,4.3797852993011475,3.8797852993011475,8.02978515625,-4.170214772224426,-1.5452147722244263
2022-01-10,30.640039443969727,43.09003925323486,49.94003915786743,29.090039253234863,35.7900390625,50.89003896713257,43.2900390625,28.89003896713257,14.840038776397705,6.140038967132568,7.640038967132568,15.590039014816284,-30.640039443969727,-43.09003925323486,-49.94003915786743,-29.090039253234863,-35.7900390625,-50.89003896713257,-43.2900390625,-28.89003896713257,-14.840038776397705,-6.140038967132568,-7.640038967132568,-15.590039014816284
2022-01-12,-8.250097751617432,-5.900097846984863,21.549901962280273,17.99990177154541,19.449999809265137,17.0,11.250097751617432,13.699902057647705,12.39990234375,11.25,9.299999952316284,5.39990234375,8.250097751617432,5.900097846984863,21.549901962280273,17.99990177154541,19.449999809265137,17.0,11.250097751617432,13.699902057647705,12.39990234375,11.25,9.299999952316284,5.39990234375
2022-01-14,-26.14990234375,-15.39990234375,-8.099902629852295,-7.650097846984863,10.349902153015137,-1.0000972747802734,-15.900097370147705,-23.00009822845459,-4.700098037719727,-10.85009765625,-7.400097608566284,2.39990234375,26.14990234375,15.39990234375,8.099902629852295,-7.650097846984863,10.349902153015137,-1.0000972747802734,-15.900097370147705,-23.00009822845459,-4.700098037719727,-10.85009765625,-7.400097608566284,2.39990234375
2022-01-18,12.759863376617432,-0.09013652801513672,14.709863662719727,16.709863662719727,4.559863567352295,20.10986328125,20.14013671875,18.699999809265137,9.409862995147705,7.809863567352295,-3.090136766433716,3.7098631858825684,12.759863376617432,-0.09013652801513672,14.709863662719727,16.709863662719727,4.559863567352295,20.10986328125,20.14013671875,18.699999809265137,9.409862995147705,7.809863567352295,-3.090136766433716,3.7098631858825684
2022-01-19,-46.04023456573486,-13.490234375,-15.740234375,-12.740234375,-25.14023494720459,43.14023399353027,44.790234327316284,-29.99023413658142,26.740234375,-11.340234279632568,-19.540234565734863,-17.540234327316284,-46.04023456573486,-13.490234375,-15.740234375,-12.740234375,-25.14023494720459,-43.14023399353027,-44.790234327316284,-29.99023413658142,-26.740234375,-11.340234279632568,-19.540234565734863,-17.540234327316284
2022-01-21,14.510059356689453,4.410058975219727,40.21005916595459,53.71005916595459,23.610058784484863,19.760058879852295,12.460058689117432,3.06005859375,9.810059070587158,1.9100580215454102,-11.139941215515137,-17.00000023841858,-14.510059356689453,-4.410058975219727,-40.21005916595459,-53.71005916595459,-23.610058784484863,-19.760058879852295,-12.460058689117432,-3.06005859375,-9.810059070587158,-1.9100580215454102,11.139941215515137,17.00000023841858
2022-01-24,45.42988300323486,47.32988262176514,55.42988300323486,70.87988185882568,88.8798828125,123.47988224029541,93.1298828125,85.47988224029541,37.92988395690918,69.77988338470459,56.07988262176514,-34.47988271713257,-45.42988300323486,-47.32988262176514,-55.42988300323486,-70.87988185882568,-88.8798828125,-123.47988224029541,-93.1298828125,-85.47988224029541,-37.92988395690918,-69.77988338470459,-56.07988262176514,-34.47988271713257
2022-01-26,13.669822692871094,-11.03017520904541,-8.030176162719727,10.369823455810547,12.91982364654541,19.469823837280273,24.66982364654541,11.56982421875,10.96982479095459,29.019824028015137,-14.980175018310547,-19.66982412338257,-13.669822692871094,11.03017520904541,8.030176162719727,-10.369823455810547,-12.91982364654541,-19.469823837280273,-24.66982364654541,-11.56982421875,-10.96982479095459,-29.019824028015137,14.980175018310547,19.66982412338257
2022-01-28,-79.55009841918945,-63.55009841918945,-37.95009803771973,-27.650096893310547,-10.150097846984863,-26.200098037719727,-37.30009746551514,-30.750097274780273,-22.300097465515137,-63.20009803771973,-35.30009746551514,-24.400097846984863,-79.55009841918945,-63.55009841918945,-37.95009803771973,-27.650096893310547,-10.150097846984863,-26.200098037719727,-37.30009746551514,-30.750097274780273,-22.300097465515137,-63.20009803771973,-35.30009746551514,-24.400097846984863
2022-01-31,-24.149805068969727,-20.24980354309082,-13.849804878234863,-25.199803829193115,-5.349804878234863,-11.099804401397705,-2.599804401397705,-7.749804496765137,-4.399804592132568,3.2501955032348633,1.9001953601837158,-10.549804449081421,-24.149805068969727,-20.24980354309082,-13.849804878234863,-25.199803829193115,-5.349804878234863,-11.099804401397705,-2.599804401397705,-7.749804496765137,-4.399804592132568,3.2501955032348633,1.9001953601837158,-10.549804449081421
2022-02-02,-3.3201169967651367,-2.3798828125,4.820116996765137,-4.8798828125,-2.22988224029541,1.7201175689697266,14.1201171875,3.620117425918579,6.620117425918579,4.720117092132568,7.520117282867432,9.800000190734863,3.3201169967651367,-2.3798828125,4.820116996765137,-4.8798828125,-2.22988224029541,1.7201175689697266,14.1201171875,3.620117425918579,6.620117425918579,4.720117092132568,7.520117282867432,9.800000190734863
2022-02-04,23.670215606689453,11.720215797424316,-0.629784107208252,5.72021484375,13.87021541595459,17.420215129852295,23.520215034484863,14.729784965515137,6.52978515625,8.579784870147705,-4.120214939117432,-15.820214748382568,23.670215606689453,11.720215797424316,-0.629784107208252,5.72021484375,13.87021541595459,17.420215129852295,23.520215034484863,14.729784965515137,6.52978515625,8.579784870147705,-4.120214939117432,-15.820214748382568
2022-02-07,2.570117473602295,0.27011680603027344,-2.22988224029541,6.52011775970459,15.8701171875,20.270116806030273,19.970117568969727,2.7701172828674316,-3.6798830032348633,11.729882955551147,14.179882764816284,5.9798829555511475,2.570117473602295,0.27011680603027344,-2.22988224029541,6.52011775970459,15.8701171875,20.270116806030273,19.970117568969727,2.7701172828674316,-3.6798830032348633,-11.729882955551147,-14.179882764816284,-5.9798829555511475
2022-02-09,9.869823932647705,11.419824123382568,13.269824504852295,7.269824028015137,6.21982479095459,4.869823932647705,9.469824075698853,8.169824123382568,8.219824314117432,13.100000143051147,4.019824266433716,7.169824123382568,9.869823932647705,11.419824123382568,13.269824504852295,7.269824028015137,6.21982479095459,4.869823932647705,9.469824075698853,8.169824123382568,8.219824314117432,13.100000143051147,4.019824266433716,7.169824123382568
2022-02-11,44.65986347198486,52.80986309051514,49.90986347198486,41.95986318588257,43.55986309051514,44.65986347198486,30.50986337661743,22.25986385345459,-30.64013671875,31.840137481689453,28.54013681411743,21.89013671875,-44.65986347198486,-52.80986309051514,-49.90986347198486,-41.95986318588257,-43.55986309051514,-44.65986347198486,-30.50986337661743,-22.25986385345459,30.64013671875,31.840137481689453,28.54013681411743,21.89013671875
2022-02-14,37.669921875,41.55000019073486,29.380078315734863,33.31992149353027,-24.119921684265137,-16.269922256469727,-13.76992130279541,-18.969921588897705,5.180078029632568,19.430078506469727,17.930078506469727,15.080077886581421,37.669921875,41.55000019073486,29.380078315734863,33.31992149353027,24.119921684265137,16.269922256469727,13.76992130279541,18.969921588897705,5.180078029632568,19.430078506469727,17.930078506469727,15.080077886581421
2022-02-16,1.6902341842651367,3.3902339935302734,-4.309765338897705,3.3402342796325684,1.4402341842651367,-3.509765625,-8.359766006469727,-4.109766006469727,-8.709766387939453,17.64023447036743,14.290234327316284,4.609765529632568,1.6902341842651367,3.3902339935302734,-4.309765338897705,3.3402342796325684,1.4402341842651367,-3.509765625,-8.359766006469727,-4.109766006469727,-8.709766387939453,17.64023447036743,14.290234327316284,4.609765529632568
2022-02-18,-3.929882049560547,8.020116806030273,21.72011661529541,26.22011661529541,26.429882526397705,27.749999523162842,12.279882907867432,10.879883289337158,23.34999990463257,1.0298833847045898,-1.9298830032348633,15.070116996765137,-3.929882049560547,8.020116806030273,21.72011661529541,26.22011661529541,26.429882526397705,27.749999523162842,12.279882907867432,10.879883289337158,23.34999990463257,-1.0298833847045898,-1.9298830032348633,15.070116996765137
2022-02-22,,,,,-16.059765338897705,-25.709765911102295,-28.65000009536743,-22.690234184265137,-7.690234661102295,-10.990234375,9.859765529632568,-4.790234565734863,,,,,16.059765338897705,25.709765911102295,28.65000009536743,22.690234184265137,7.690234661102295,10.990234375,9.859765529632568,-4.790234565734863
2022-02-23,-57.19999980926514,-26.25,-24.25,-16.699999809265137,-39.94999980926514,-51.89999961853027,-31.65000009536743,-11.149999618530273,-14.750000476837158,0.5500001907348633,5.850000381469727,0.20000004768371582,-57.19999980926514,-26.25,-24.25,-16.699999809265137,-39.94999980926514,-51.89999961853027,-31.65000009536743,-11.149999618530273,-14.750000476837158,0.5500001907348633,5.850000381469727,0.20000004768371582
2022-02-25,-47.79990196228027,-17.249902725219727,-11.199902534484863,7.1500983238220215,18.400097370147705,15.650097846984863,11.150097846984863,15.35009765625,15.450097560882568,15.85009765625,4.10009765625,3.650097608566284,-47.79990196228027,-17.249902725219727,-11.199902534484863,7.1500983238220215,18.400097370147705,15.650097846984863,11.150097846984863,15.35009765625,15.450097560882568,15.85009765625,4.10009765625,3.650097608566284
2022-02-28,24.460058212280273,10.860057830810547,33.51005935668945,-23.83994150161743,-23.83994197845459,14.16005802154541,6.06005859375,7.510059356689453,8.31005859375,-22.189941883087158,-9.839941501617432,-11.239941120147705,24.460058212280273,10.860057830810547,33.51005935668945,23.83994150161743,23.83994197845459,14.16005802154541,6.06005859375,7.510059356689453,8.31005859375,-22.189941883087158,-9.839941501617432,-11.239941120147705
2022-03-02,1.6099605560302734,9.159961700439453,5.509961128234863,20.55996084213257,24.55996036529541,25.05996084213257,24.05996084213257,18.740039348602295,17.590038776397705,16.590039253234863,18.949999809265137,9.890039205551147,1.6099605560302734,9.159961700439453,5.509961128234863,20.55996084213257,24.55996036529541,25.05996084213257,24.05996084213257,18.740039348602295,17.590038776397705,16.590039253234863,18.949999809265137,9.890039205551147
2022-03-04,37.97988414764404,17.229883193969727,4.429882049560547,6.229883193969727,3.4298830032348633,24.27988290786743,23.029882431030273,22.52988290786743,9.329882621765137,10.8798828125,-9.570116996765137,-0.9201173782348633,37.97988414764404,17.229883193969727,4.429882049560547,6.229883193969727,3.4298830032348633,24.27988290786743,23.029882431030273,22.52988290786743,9.329882621765137,10.8798828125,-9.570116996765137,-0.9201173782348633
2022-03-07,-35.160155296325684,-23.460156440734863,-21.610157012939453,-30.01015615463257,-10.810155868530273,1.1898431777954102,-0.8601560592651367,1.2898430824279785,-1.610156536102295,-4.41015625,1.289844036102295,-3.3601560592651367,-35.160155296325684,-23.460156440734863,-21.610157012939453,-30.01015615463257,-10.810155868530273,1.1898431777954102,-0.8601560592651367,1.2898430824279785,-1.610156536102295,-4.41015625,1.289844036102295,-3.3601560592651367
2022-03-09,15.1201171875,26.6201171875,33.57011699676514,18.170117378234863,33.34999942779541,26.479883193969727,18.829882621765137,17.329882621765137,22.72011661529541,21.800000190734863,17.949999809265137,0.07988286018371582,15.1201171875,26.6201171875,33.57011699676514,18.170117378234863,33.34999942779541,26.479883193969727,18.829882621765137,17.329882621765137,22.72011661529541,21.800000190734863,17.949999809265137,0.07988286018371582
2022-03-11,-32.03994178771973,-23.189940929412842,-37.239941120147705,-22.68994140625,-15.539941310882568,-6.489941596984863,-13.839941501617432,-26.03994131088257,-16.58994197845459,-29.889941453933716,-15.589941263198853,-4.639941453933716,-32.03994178771973,-23.189940929412842,-37.239941120147705,-22.68994140625,-15.539941310882568,-6.489941596984863,-13.839941501617432,-26.03994131088257,-16.58994197845459,-29.889941453933716,-15.589941263198853,-4.639941453933716
2022-03-14,-3.14013671875,-23.290136337280273,-42.59013652801514,-23.490137100219727,-4.290136814117432,0.60986328125,20.70986318588257,23.559863090515137,24.09999990463257,13.340137004852295,17.149999856948853,11.309863090515137,-3.14013671875,-23.290136337280273,-42.59013652801514,-23.490137100219727,-4.290136814117432,0.60986328125,20.70986318588257,23.559863090515137,24.09999990463257,13.340137004852295,17.149999856948853,11.309863090515137
2022-03-16,11.74013614654541,25.340136528015137,23.740137100219727,16.290136337280273,15.540136337280273,-13.540136337280273,-0.5098638534545898,-11.659863471984863,3.45986270904541,-58.25986289978027,-31.85986328125,-11.759863376617432,11.74013614654541,25.340136528015137,23.740137100219727,16.290136337280273,15.540136337280273,13.540136337280273,-0.5098638534545898,-11.659863471984863,-3.45986270904541,-58.25986289978027,-31.85986328125,-11.759863376617432
2022-03-18,-22.520116806030273,-21.270116806030273,-24.02011728286743,-25.970117568969727,-22.420117378234863,-13.820117473602295,-10.320117473602295,-7.620116949081421,-8.720117330551147,-11.020117282867432,-7.420117139816284,7.429882764816284,-22.520116806030273,-21.270116806030273,-24.02011728286743,-25.970117568969727,-22.420117378234863,-13.820117473602295,-10.320117473602295,-7.620116949081421,-8.720117330551147,-11.020117282867432,-7.420117139816284,7.429882764816284
2022-03-21,-29.31982421875,-16.769824028015137,-18.580175399780273,-12.28017520904541,-11.08017635345459,-10.080175399780273,-4.369823932647705,-5.480175971984863,1.7198243141174316,8.869824171066284,-7.630175828933716,-2.169824242591858,29.31982421875,16.769824028015137,18.580175399780273,12.28017520904541,11.08017635345459,10.080175399780273,4.369823932647705,-5.480175971984863,1.7198243141174316,8.869824171066284,-7.630175828933716,2.169824242591858
2022-03-23,8.490233898162842,-10.10976505279541,-6.659765243530273,-19.209765911102295,-15.459765434265137,-10.759765625,-6.559765815734863,9.340234756469727,1.6902341842651367,-5.6597654819488525,-2.4097654819488525,-4.209765672683716,8.490233898162842,-10.10976505279541,-6.659765243530273,-19.209765911102295,-15.459765434265137,-10.759765625,-6.559765815734863,9.340234756469727,1.6902341842651367,-5.6597654819488525,-2.4097654819488525,-4.209765672683716
2022-03-25,10.989941596984863,-13.639941215515137,-16.139941215515137,-9.660058498382568,-12.160058498382568,-4.410058975219727,-5.81005859375,-6.31005859375,0.33994150161743164,3.93994140625,7.239941358566284,-13.360058546066284,10.989941596984863,13.639941215515137,16.139941215515137,-9.660058498382568,-12.160058498382568,-4.410058975219727,-5.81005859375,-6.31005859375,0.33994150161743164,3.93994140625,7.239941358566284,-13.360058546066284
2022-03-28,-0.4700193405151367,-10.820019721984863,-3.4200196266174316,-12.470019578933716,-32.470019817352295,-33.52001953125,-27.02001953125,-23.220019340515137,-19.17001962661743,-16.02001941204071,-1.670019507408142,4.695019483566284,-0.4700193405151367,-10.820019721984863,-3.4200196266174316,-12.470019578933716,-32.470019817352295,-33.52001953125,-27.02001953125,-23.220019340515137,-19.17001962661743,-16.02001941204071,-1.670019507408142,-4.695019483566284
2022-03-30,-2.8498048782348633,6.800195217132568,11.350195407867432,14.650195121765137,8.350195407867432,-6.650195121765137,-0.6501953601837158,-10.550195217132568,-12.700000047683716,-11.200000047683716,-7.649804592132568,-1.5501954555511475,-2.8498048782348633,6.800195217132568,11.350195407867432,14.650195121765137,8.350195407867432,6.650195121765137,0.6501953601837158,10.550195217132568,12.700000047683716,11.200000047683716,7.649804592132568,-1.5501954555511475
2022-03-31,-39.93984365463257,-31.839844226837158,-50.38984394073486,-39.93984365463257,-41.08984351158142,-35.73984384536743,-30.789844036102295,-37.58984351158142,-37.98984408378601,-27.789843559265137,-34.38984394073486,-25.18984365463257,-39.93984365463257,-31.839844226837158,-50.38984394073486,-39.93984365463257,-41.08984351158142,-35.73984384536743,-30.789844036102295,-37.58984351158142,-37.98984408378601,-27.789843559265137,-34.38984394073486,-25.18984365463257
2022-04-01,-17.690136909484863,7.64013671875,-14.29013729095459,-8.840136528015137,7.35986328125,3.4598631858825684,9.359863042831421,15.759863376617432,7.059863090515137,-7.440136671066284,1.2901368141174316,-5.209863185882568,17.690136909484863,7.64013671875,14.29013729095459,8.840136528015137,-7.35986328125,-3.4598631858825684,-9.359863042831421,-15.759863376617432,-7.059863090515137,7.440136671066284,1.2901368141174316,-5.209863185882568
2022-04-04,0.45986318588256836,-0.6901366710662842,-2.4901368618011475,0.8098633289337158,4.909863233566284,4.2598631381988525,-1.4401369094848633,-2.64013671875,1.6598632335662842,0.7098631858825684,5.159863233566284,3.709863305091858,0.45986318588256836,-0.6901366710662842,-2.4901368618011475,0.8098633289337158,4.909863233566284,4.2598631381988525,-1.4401369094848633,-2.64013671875,1.6598632335662842,0.7098631858825684,5.159863233566284,3.709863305091858
2022-04-06,-24.45009756088257,-14.400098323822021,-11.900097846984863,-15.500097274780273,-19.25009775161743,-9.050097465515137,-14.050097942352295,-18.70009756088257,-24.45009756088257,-1.0000979900360107,-7.14990234375,6.800097703933716,24.45009756088257,14.400098323822021,11.900097846984863,15.500097274780273,19.25009775161743,9.050097465515137,14.050097942352295,18.70009756088257,24.45009756088257,1.0000979900360107,7.14990234375,6.800097703933716
2022-04-08,19.920214653015137,23.949999809265137,-1.020214557647705,3.3797850608825684,-3.12021541595459,-9.320215225219727,-11.120214462280273,-1.97021484375,3.579785108566284,11.77978515625,-1.0202150344848633,-3.170214891433716,19.920214653015137,23.949999809265137,-1.020214557647705,3.3797850608825684,-3.12021541595459,-9.320215225219727,-11.120214462280273,-1.97021484375,3.579785108566284,11.77978515625,-1.0202150344848633,-3.170214891433716
2022-04-11,-18.120214462280273,-4.320215225219727,-1.8702144622802734,0.9797849655151367,-5.670214653015137,-1.3702147006988525,-3.6202149391174316,-3.5702149868011475,-9.620214700698853,-5.670214891433716,-11.420214891433716,0.77978515625,-18.120214462280273,-4.320215225219727,-1.8702144622802734,0.9797849655151367,-5.670214653015137,-1.3702147006988525,-3.6202149391174316,-3.5702149868011475,-9.620214700698853,-5.670214891433716,-11.420214891433716,0.77978515625
2022-04-13,-14.58984375,-12.989843368530273,-10.189844131469727,1.8101563453674316,-4.289844036102295,-0.03984355926513672,2.66015625,6.810156345367432,0.5101561546325684,3.41015625,7.060156226158142,7.2500001192092896,-14.58984375,-12.989843368530273,-10.189844131469727,1.8101563453674316,-4.289844036102295,-0.03984355926513672,2.66015625,6.810156345367432,0.5101561546325684,3.41015625,7.060156226158142,7.2500001192092896
2022-04-14,-17.610156059265137,-8.060156345367432,-9.310155868530273,-16.960155963897705,-6.760156631469727,1.639843463897705,0.13984394073486328,-0.16015625,-17.110156059265137,-12.860156297683716,0.58984375,-3.2101560831069946,-17.610156059265137,-8.060156345367432,-9.310155868530273,-16.960155963897705,-6.760156631469727,1.639843463897705,0.13984394073486328,-0.16015625,-17.110156059265137,-12.860156297683716,0.58984375,-3.2101560831069946
2022-04-18,26.699999809265137,15.43994140625,18.889941692352295,19.510058403015137,18.360058307647705,2.1600589752197266,-5.31005859375,-14.41005825996399,2.7399415969848633,5.68994140625,8.989941358566284,3.56005859375,26.699999809265137,15.43994140625,18.889941692352295,19.510058403015137,18.360058307647705,2.1600589752197266,5.31005859375,14.41005825996399,2.7399415969848633,5.68994140625,8.989941358566284,3.56005859375
2022-04-20,-22.250195503234863,-10.400195598602295,2.4998044967651367,-12.300195693969727,-5.650195121765137,16.150195360183716,1.5498046875,2.6998045444488525,3.849804639816284,-5.600195407867432,6.949804782867432,3.150195360183716,22.250195503234863,10.400195598602295,-2.4998044967651367,12.300195693969727,5.650195121765137,16.150195360183716,-1.5498046875,-2.6998045444488525,-3.849804639816284,5.600195407867432,6.949804782867432,3.150195360183716
2022-04-22,53.670215129852295,39.82021427154541,37.17021465301514,39.170215129852295,-17.97021484375,-24.020215034484863,-20.420215129852295,17.32021427154541,7.820214748382568,9.920214653015137,5.229785442352295,-7.920214653015137,-53.670215129852295,-39.82021427154541,-37.17021465301514,-39.170215129852295,-17.97021484375,-24.020215034484863,-20.420215129852295,-17.32021427154541,-7.820214748382568,-9.920214653015137,5.229785442352295,-7.920214653015137
2022-04-25,39.22011756896973,17.820117950439453,40.47011756896973,42.32011699676514,52.22011709213257,35.8701171875,31.820117473602295,24.6201171875,-30.170117378234863,-2.7201175689697266,-6.820117473602295,3.4798827171325684,-39.22011756896973,-17.820117950439453,-40.47011756896973,-42.32011699676514,-52.22011709213257,-35.8701171875,-31.820117473602295,-24.6201171875,-30.170117378234863,-2.7201175689697266,-6.820117473602295,3.4798827171325684
2022-04-26,38.74980449676514,21.599804401397705,-10.749805450439453,13.399804592132568,3.1501951217651367,28.89980459213257,-29.499804496765137,-0.3498044013977051,-2.7498044967651367,-14.899804592132568,-17.249804496765137,-1.8498048782348633,-38.74980449676514,-21.599804401397705,-10.749805450439453,-13.399804592132568,3.1501951217651367,-28.89980459213257,-29.499804496765137,-0.3498044013977051,-2.7498044967651367,-14.899804592132568,-17.249804496765137,-1.8498048782348633
2022-04-27,-11.859960556030273,-32.59003925323486,-33.55996131896973,11.459961891174316,-13.659960746765137,14.390039443969727,18.5400390625,-13.7900390625,-21.490039348602295,9.69003963470459,8.059960842132568,9.209961175918579,11.859960556030273,32.59003925323486,33.55996131896973,11.459961891174316,13.659960746765137,-14.390039443969727,-18.5400390625,-13.7900390625,-21.490039348602295,-9.69003963470459,8.059960842132568,9.209961175918579
2022-04-29,-92.21982383728027,-47.66982364654541,-45.11982440948486,-52.76982402801514,-51.46982431411743,-33.31982421875,-24.869824409484863,-35.61982440948486,-26.869824409484863,-20.66982412338257,-12.269824028015137,-1.1698246002197266,-92.21982383728027,-47.66982364654541,-45.11982440948486,-52.76982402801514,-51.46982431411743,-33.31982421875,-24.869824409484863,-35.61982440948486,-26.869824409484863,-20.66982412338257,-12.269824028015137,-1.1698246002197266
2022-05-02,-34.67011737823486,-41.80000114440918,-24.870116233825684,-3.820117950439453,-12.1201171875,-9.670117378234863,16.579883575439453,22.579882621765137,35.32988262176514,52.42988300323486,-50.42988300323486,-0.47988271713256836,34.67011737823486,41.80000114440918,24.870116233825684,3.820117950439453,12.1201171875,9.670117378234863,-16.579883575439453,-22.579882621765137,-35.32988262176514,-52.42988300323486,-50.42988300323486,-0.47988271713256836
2022-05-03,30.87001895904541,-25.520020484924316,-23.320019245147705,-12.47998046875,-11.029980659484863,-24.949999809265137,19.779980659484863,18.57998037338257,16.779980182647705,-14.27001953125,12.22998046875,13.599999904632568,30.87001895904541,25.520020484924316,23.320019245147705,12.47998046875,11.029980659484863,24.949999809265137,19.779980659484863,18.57998037338257,16.779980182647705,14.27001953125,12.22998046875,13.599999904632568
2022-05-04,-65.31992149353027,-78.36992168426514,-80.56992244720459,-91.76992225646973,-83.419921875,-63.81992149353027,-54.86992168426514,-60.419921875,-51.01992225646973,-54.21992206573486,-17.619922637939453,2.5300779342651367,-65.31992149353027,-78.36992168426514,-80.56992244720459,-91.76992225646973,-83.419921875,-63.81992149353027,-54.86992168426514,-60.419921875,-51.01992225646973,-54.21992206573486,-17.619922637939453,2.5300779342651367
2022-05-06,-9.960156440734863,-40.01015663146973,-38.73984336853027,-26.98984432220459,-30.310155868530273,40.88984394073486,18.889843940734863,29.68984317779541,26.260156631469727,7.110156536102295,7.910155773162842,-2.889843463897705,9.960156440734863,40.01015663146973,38.73984336853027,26.98984432220459,30.310155868530273,40.88984394073486,18.889843940734863,29.68984317779541,26.260156631469727,7.110156536102295,7.910155773162842,-2.889843463897705
2022-05-09,-15.560009956359863,8.539990425109863,19.739990234375,23.439990997314453,4.839990615844727,-12.010010719299316,11.83998966217041,3.08998966217041,11.339990139007568,8.58998966217041,-6.160009860992432,5.139990329742432,-15.560009956359863,8.539990425109863,19.739990234375,23.439990997314453,4.839990615844727,-12.010010719299316,11.83998966217041,3.08998966217041,11.339990139007568,8.58998966217041,-6.160009860992432,5.139990329742432
2022-05-10,1.3499507904052734,-11.800048828125,-39.39995098114014,-23.399951934814453,-20.749951362609863,-10.449951171875,-2.9999513626098633,-24.349950790405273,8.599951267242432,11.850049018859863,2.050048828125,12.350048780441284,-1.3499507904052734,11.800048828125,39.39995098114014,23.399951934814453,20.749951362609863,10.449951171875,2.9999513626098633,24.349950790405273,-8.599951267242432,11.850049018859863,2.050048828125,12.350048780441284
2022-05-11,-36.72006893157959,-47.67006778717041,39.92006874084473,47.820068359375,47.320068359375,22.520068168640137,5.12006950378418,4.629931449890137,-24.479931831359863,-4.520068168640137,-1.2200684547424316,-2.070068597793579,-36.72006893157959,-47.67006778717041,-39.92006874084473,-47.820068359375,-47.320068359375,-22.520068168640137,-5.12006950378418,4.629931449890137,24.479931831359863,-4.520068168640137,-1.2200684547424316,-2.070068597793579
2022-05-13,16.860108375549316,34.56010723114014,33.610107421875,34.25,32.55000019073486,-23.539892196655273,-28.550000190734863,-22.860107421875,8.110107421875,-7.789892196655273,12.010107040405273,10.089892387390137,16.860108375549316,34.56010723114014,33.610107421875,34.25,32.55000019073486,23.539892196655273,28.550000190734863,22.860107421875,8.110107421875,-7.789892196655273,12.010107040405273,10.089892387390137
2022-05-16,32.43999004364014,28.260010719299316,22.939990043640137,25.189990043640137,18.810009956359863,26.260009765625,25.84999990463257,6.360010147094727,5.360009670257568,-13.439990520477295,-11.539990186691284,4.860009670257568,32.43999004364014,28.260010719299316,22.939990043640137,25.189990043640137,18.810009956359863,26.260009765625,25.84999990463257,6.360010147094727,5.360009670257568,-13.439990520477295,-11.539990186691284,4.860009670257568
2022-05-17,6.899901390075684,-6.050097942352295,-7.550097942352295,1.0000972747802734,4.14990234375,7.499902248382568,-6.499902248382568,10.799902439117432,10.89990234375,-8.950097560882568,6.199902296066284,10.5,6.899901390075684,-6.050097942352295,-7.550097942352295,-1.0000972747802734,4.14990234375,7.499902248382568,6.499902248382568,10.799902439117432,10.89990234375,-8.950097560882568,6.199902296066284,10.5
2022-05-18,-52.820068359375,-50.12006855010986,-53.72006797790527,-18.47006845474243,-15.720067977905273,-7.970068454742432,-23.320068359375,6.179931640625,15.229931354522705,5.779932022094727,18.90000009536743,4.370068311691284,-52.820068359375,-50.12006855010986,-53.72006797790527,-18.47006845474243,-15.720067977905273,-7.970068454742432,-23.320068359375,6.179931640625,15.229931354522705,5.779932022094727,18.90000009536743,4.370068311691284
2022-05-19,-38.75996112823486,-41.80000019073486,-36.60996055603027,-33.25,-12.440038681030273,-10.190039157867432,-28.700000286102295,-25.800000190734863,-3.8400392532348633,-10.440038681030273,11.909961223602295,14.299999952316284,38.75996112823486,41.80000019073486,36.60996055603027,33.25,12.440038681030273,10.190039157867432,28.700000286102295,25.800000190734863,3.8400392532348633,10.440038681030273,-11.909961223602295,14.299999952316284
2022-05-20,-13.760107040405273,-23.76010799407959,-23.28989315032959,-10.48989200592041,-4.53989315032959,16.910107612609863,-33.560107707977295,56.06010723114014,-30.610107421875,-45.66010761260986,-33.51010704040527,25.060107231140137,13.760107040405273,23.76010799407959,23.28989315032959,10.48989200592041,4.53989315032959,-16.910107612609863,-33.560107707977295,-56.06010723114014,-30.610107421875,-45.66010761260986,-33.51010704040527,-25.060107231140137
2022-05-23,-1.3000001907348633,9.40000057220459,6.399999618530273,23.500000476837158,25.800000190734863,27.700000286102295,15.84999942779541,8.949999809265137,19.850000381469727,17.649999618530273,10.5,7.050000190734863,-1.3000001907348633,9.40000057220459,6.399999618530273,23.500000476837158,25.800000190734863,27.700000286102295,15.84999942779541,8.949999809265137,19.850000381469727,17.649999618530273,10.5,7.050000190734863
2022-05-24,-11.120019912719727,10.57997989654541,18.479980945587158,14.629980564117432,1.8799800872802734,-2.42002010345459,4.679980754852295,12.779980659484863,-0.5700192451477051,-3.6200194358825684,10.029980421066284,-5.920019626617432,11.120019912719727,-10.57997989654541,-18.479980945587158,-14.629980564117432,-1.8799800872802734,2.42002010345459,-4.679980754852295,-12.779980659484863,0.5700192451477051,3.6200194358825684,-10.029980421066284,5.920019626617432
2022-05-25,15.92002010345459,30.470019340515137,27.870019912719727,22.170019149780273,15.670019149780273,0.12001991271972656,5.570019721984863,5.370019912719727,10.070019721984863,18.570019721984863,14.579980373382568,-0.07001948356628418,15.92002010345459,30.470019340515137,27.870019912719727,22.170019149780273,15.670019149780273,0.12001991271972656,5.570019721984863,5.370019912719727,10.070019721984863,18.570019721984863,14.579980373382568,-0.07001948356628418
2022-05-26,11.059911727905273,13.159912109375,14.709912300109863,16.359912395477295,13.859911918640137,17.040087699890137,9.840087890625,14.490087985992432,7.7400877475738525,5.840087890625,4.790087938308716,9.350000143051147,11.059911727905273,13.159912109375,14.709912300109863,16.359912395477295,13.859911918640137,17.040087699890137,9.840087890625,14.490087985992432,7.7400877475738525,5.840087890625,4.790087938308716,9.350000143051147
2022-05-27,-11.440234661102295,-10.09023380279541,-21.39023494720459,-13.590234756469727,-10.34023404121399,-11.040234565734863,-12.090234518051147,-13.290234327316284,-14.140234231948853,-15.240234375,-7.1402342319488525,-1.3402345180511475,-11.440234661102295,-10.09023380279541,-21.39023494720459,-13.590234756469727,-10.34023404121399,-11.040234565734863,-12.090234518051147,-13.290234327316284,-14.140234231948853,-15.240234375,-7.1402342319488525,-1.3402345180511475
2022-05-31,28.800097465515137,28.50009822845459,32.09999990463257,23.20009756088257,15.599902153015137,-13.39990234375,-1.5499024391174316,16.64990234375,11.700097560882568,4.10009765625,19.199999809265137,0.9499022960662842,28.800097465515137,28.50009822845459,32.09999990463257,23.20009756088257,15.599902153015137,13.39990234375,1.5499024391174316,16.64990234375,-11.700097560882568,-4.10009765625,19.199999809265137,0.9499022960662842
2022-06-01,17.02001953125,-26.679980278015137,-19.679980754852295,-20.070019245147705,9.570019721984863,2.8700199127197266,6.620019435882568,19.220019340515137,20.200000286102295,-1.1700191497802734,1.0299808979034424,-8.120019674301147,-17.02001953125,26.679980278015137,19.679980754852295,20.070019245147705,9.570019721984863,2.8700199127197266,6.620019435882568,19.220019340515137,20.200000286102295,-1.1700191497802734,1.0299808979034424,-8.120019674301147
2022-06-02,-56.01982402801514,-58.019824504852295,-41.81982421875,-34.56982421875,-23.56982421875,-9.019824266433716,-10.019823789596558,-9.369823932647705,-6.269824266433716,-3.81982421875,-10.769824266433716,-8.219824075698853,-56.01982402801514,-58.019824504852295,-41.81982421875,-34.56982421875,-23.56982421875,-9.019824266433716,-10.019823789596558,-9.369823932647705,-6.269824266433716,-3.81982421875,-10.769824266433716,-8.219824075698853
2022-06-03,13.5400390625,15.140038967132568,23.940038681030273,24.759961128234863,25.700000286102295,22.240038871765137,11.5400390625,14.740038871765137,19.64003849029541,5.390038728713989,8.640039205551147,10.140038967132568,13.5400390625,15.140038967132568,23.940038681030273,24.759961128234863,25.700000286102295,22.240038871765137,11.5400390625,14.740038871765137,19.64003849029541,5.390038728713989,8.640039205551147,10.140038967132568
2022-06-06,-0.6198239326477051,14.369823932647705,15.619824409484863,11.630175590515137,4.030176162719727,21.46982431411743,16.53017568588257,18.5,-2.81982421875,14.25,13.050000190734863,3.4198243618011475,-0.6198239326477051,-14.369823932647705,-15.619824409484863,11.630175590515137,4.030176162719727,21.46982431411743,16.53017568588257,18.5,-2.81982421875,14.25,13.050000190734863,3.4198243618011475
2022-06-07,-25.88017511367798,-14.080175876617432,-1.18017578125,-12.730175495147705,-14.630176067352295,-20.83017635345459,-13.08017635345459,-4.630176067352295,-10.280176162719727,2.06982421875,-4.030175685882568,2.3698242902755737,-25.88017511367798,-14.080175876617432,-1.18017578125,-12.730175495147705,-14.630176067352295,-20.83017635345459,-13.08017635345459,-4.630176067352295,-10.280176162719727,2.06982421875,-4.030175685882568,2.3698242902755737
2022-06-08,-11.129980087280273,-3.1299805641174316,0.4700193405151367,-16.429980754852295,-13.029980659484863,-4.279980659484863,10.070019245147705,13.670019149780273,16.15000057220459,14.22998046875,13.149999856948853,3.970019578933716,-11.129980087280273,-3.1299805641174316,0.4700193405151367,-16.429980754852295,-13.029980659484863,-4.279980659484863,10.070019245147705,13.670019149780273,16.15000057220459,14.22998046875,13.149999856948853,3.970019578933716
2022-06-09,-66.62993144989014,60.429931640625,-51.979931354522705,48.82993221282959,-55.37993144989014,57.22993183135986,68.22993183135986,59.729931592941284,61.179931640625,52.62993144989014,34.679931640625,17.229931592941284,-66.62993144989014,-60.429931640625,-51.979931354522705,-48.82993221282959,-55.37993144989014,-57.22993183135986,-68.22993183135986,-59.729931592941284,-61.179931640625,-52.62993144989014,-34.679931640625,-17.229931592941284
2022-06-10,9.960107803344727,32.76010799407959,23.16010808944702,26.310107231140137,19.76010751724243,17.810107231140137,22.060107231140137,10.060107231140137,9.010107040405273,6.610107898712158,-8.539892673492432,-18.789892435073853,9.960107803344727,32.76010799407959,23.16010808944702,26.310107231140137,19.76010751724243,17.810107231140137,22.060107231140137,10.060107231140137,9.010107040405273,6.610107898712158,-8.539892673492432,-18.789892435073853
2022-06-13,2.9298839569091797,22.3798828125,31.679883003234863,-17.52988338470459,-5.329882621765137,-6.22011661529541,1.8798828125,3.9798827171325684,-12.470117568969727,-0.7701168060302734,1.0298829078674316,18.929883003234863,2.9298839569091797,22.3798828125,31.679883003234863,17.52988338470459,5.329882621765137,-6.22011661529541,1.8798828125,3.9798827171325684,-12.470117568969727,-0.7701168060302734,1.0298829078674316,18.929883003234863
2022-06-14,8.32997989654541,33.87998008728027,19.329980850219727,28.429980754852295,21.229980945587158,28.799999713897705,26.34999990463257,16.429980754852295,23.320019721984863,20.450000286102295,6.820019721984863,2.77001953125,8.32997989654541,33.87998008728027,19.329980850219727,28.429980754852295,21.229980945587158,28.799999713897705,26.34999990463257,16.429980754852295,23.320019721984863,20.450000286102295,6.820019721984863,2.77001953125
2022-06-15,67.5999984741211,59.86001110076904,48.21000957489014,42.66001033782959,46.16000938415527,51.56000900268555,37.71001052856445,47.16000938415527,63.660011291503906,12.760010719299316,33.31000995635986,-6.360009670257568,67.5999984741211,59.86001110076904,48.21000957489014,42.66001033782959,46.16000938415527,51.56000900268555,37.71001052856445,47.16000938415527,63.660011291503906,12.760010719299316,33.31000995635986,-6.360009670257568
2022-06-16,24.670019149780273,21.070019721984863,31.479981422424316,-25.720019340515137,-24.27001953125,-25.87001943588257,25.970019340515137,13.720019340515137,19.07998037338257,11.329980850219727,3.229980945587158,17.449999809265137,24.670019149780273,21.070019721984863,31.479981422424316,25.720019340515137,24.27001953125,25.87001943588257,25.970019340515137,13.720019340515137,19.07998037338257,11.329980850219727,3.229980945587158,17.449999809265137
2022-06-17,-20.990087509155273,33.409911155700684,21.559911727905273,36.590086936950684,23.009913444519043,31.700000762939453,31.40000009536743,16.49008798599243,15.24008846282959,6.790087699890137,9.190088272094727,-2.109912157058716,20.990087509155273,33.409911155700684,21.559911727905273,36.590086936950684,23.009913444519043,31.700000762939453,31.40000009536743,16.49008798599243,15.24008846282959,6.790087699890137,9.190088272094727,-2.109912157058716
2022-06-21,32.09999990463257,27.490038871765137,13.890038967132568,23.340039253234863,18.559961318969727,22.199999809265137,13.590039253234863,17.14003896713257,17.15000057220459,13.890039205551147,0.39003920555114746,3.3400391340255737,32.09999990463257,27.490038871765137,13.890038967132568,23.340039253234863,18.559961318969727,22.199999809265137,13.590039253234863,17.14003896713257,17.15000057220459,13.890039205551147,0.39003920555114746,3.3400391340255737
2022-06-22,26.660107612609863,7.789892196655273,-5.489892959594727,3.9898929595947266,25.73989248275757,12.739892482757568,6.139893054962158,-0.6601071357727051,-7.560107469558716,-10.110107421875,-12.410107374191284,-0.6601073741912842,26.660107612609863,7.789892196655273,5.489892959594727,3.9898929595947266,25.73989248275757,12.739892482757568,6.139893054962158,-0.6601071357727051,-7.560107469558716,-10.110107421875,-12.410107374191284,-0.6601073741912842
2022-06-23,20.470019340515137,13.220019340515137,25.27001953125,13.570019245147705,-2.22998046875,-7.429980278015137,-24.029980659484863,-20.929980754852295,-13.279980659484863,-10.829980373382568,-2.8299803733825684,-2.379980444908142,20.470019340515137,13.220019340515137,25.27001953125,13.570019245147705,-2.22998046875,-7.429980278015137,-24.029980659484863,-20.929980754852295,-13.279980659484863,-10.829980373382568,-2.8299803733825684,-2.379980444908142
2022-06-24,-27.439990043640137,-2.0399904251098633,-4.539990425109863,-6.589990615844727,-7.539989948272705,-8.58998966217041,-5.439990282058716,-6.339990139007568,-11.539990186691284,-9.389990329742432,-6.439990043640137,-4.314990401268005,-27.439990043640137,-2.0399904251098633,-4.539990425109863,-6.589990615844727,-7.539989948272705,-8.58998966217041,-5.439990282058716,-6.339990139007568,-11.539990186691284,-9.389990329742432,-6.439990043640137,-4.314990401268005
2022-06-27,33.28989267349243,29.28989267349243,10.010107040405273,2.7101078033447266,1.7601075172424316,15.160107612609863,8.410107135772705,11.660107612609863,16.239892721176147,14.399999856948853,12.150000095367432,9.150000095367432,33.28989267349243,29.28989267349243,10.010107040405273,2.7101078033447266,1.7601075172424316,15.160107612609863,8.410107135772705,11.660107612609863,16.239892721176147,14.399999856948853,12.150000095367432,9.150000095367432
2022-06-28,81.949951171875,64.449951171875,55.09995079040527,-24.29995107650757,-10.449950695037842,-17.799951553344727,-13.999951362609863,-9.399950981140137,-6.149950981140137,7.800048828125,10.150048971176147,6.750048875808716,-81.949951171875,-64.449951171875,-55.09995079040527,-24.29995107650757,-10.449950695037842,-17.799951553344727,-13.999951362609863,-9.399950981140137,-6.149950981140137,7.800048828125,10.150048971176147,6.750048875808716
2022-06-29,-31.880077838897705,28.430078506469727,26.130077838897705,21.719921588897705,22.90000009536743,2.8699216842651367,16.219921588897705,9.369921684265137,15.080078125,7.980078220367432,-7.619921922683716,-1.830078125,31.880077838897705,28.430078506469727,26.130077838897705,21.719921588897705,22.90000009536743,2.8699216842651367,16.219921588897705,9.369921684265137,15.080078125,7.980078220367432,7.619921922683716,1.830078125
2022-06-30,3.52011775970459,-0.5701179504394531,-24.1201171875,33.19999980926514,-21.52988338470459,6.779882431030273,8.8798828125,12.6298828125,1.9298830032348633,9.029882431030273,22.0,18.59999942779541,3.52011775970459,0.5701179504394531,24.1201171875,33.19999980926514,21.52988338470459,6.779882431030273,8.8798828125,12.6298828125,1.9298830032348633,9.029882431030273,22.0,18.59999942779541
2022-07-01,-11.969921588897705,-29.73007822036743,-26.93007802963257,-18.98007822036743,-31.430078506469727,-18.030078411102295,-30.730077743530273,-21.780077934265137,-8.080078363418579,-4.730078220367432,1.7699217796325684,3.519921898841858,11.969921588897705,-29.73007822036743,-26.93007802963257,-18.98007822036743,-31.430078506469727,-18.030078411102295,-30.730077743530273,-21.780077934265137,-8.080078363418579,-4.730078220367432,1.7699217796325684,3.519921898841858
2022-07-05,-41.98989295959473,-40.83989238739014,-49.03989267349243,-50.98989200592041,-37.28989315032959,-28.089892387390137,-40.189892292022705,-26.939892292022705,-24.089892864227295,-12.639892578125,-3.389892578125,2.3101073503494263,-41.98989295959473,-40.83989238739014,-49.03989267349243,-50.98989200592041,-37.28989315032959,-28.089892387390137,-40.189892292022705,-26.939892292022705,-24.089892864227295,-12.639892578125,-3.389892578125,2.3101073503494263
2022-07-06,-23.819921493530273,21.569921493530273,14.819921493530273,4.969922065734863,3.169921875,1.7699222564697266,6.119922161102295,9.31992244720459,15.369921684265137,18.01992177963257,3.530078172683716,-11.319921851158142,23.819921493530273,21.569921493530273,14.819921493530273,4.969922065734863,3.169921875,1.7699222564697266,6.119922161102295,9.31992244720459,15.369921684265137,18.01992177963257,3.530078172683716,-11.319921851158142
2022-07-07,12.529882431030273,5.329882621765137,7.579882621765137,1.2298827171325684,9.3798828125,9.229883193969727,8.3798828125,2.5298829078674316,11.179882764816284,12.150000095367432,10.399999856948853,8.300000190734863,12.529882431030273,5.329882621765137,7.579882621765137,1.2298827171325684,9.3798828125,9.229883193969727,8.3798828125,2.5298829078674316,11.179882764816284,12.150000095367432,10.399999856948853,8.300000190734863
2022-07-08,3.2201170921325684,22.729883193969727,16.02988338470459,3.8798828125,7.979883193969727,13.520117282867432,3.47011661529541,15.349999904632568,14.25,6.679883003234863,0.3298828601837158,2.5798827409744263,3.2201170921325684,22.729883193969727,16.02988338470459,3.8798828125,7.979883193969727,13.520117282867432,3.47011661529541,15.349999904632568,14.25,6.679883003234863,0.3298828601837158,2.5798827409744263
2022-07-11,26.82993173599243,25.90000009536743,23.049999713897705,14.579931259155273,18.229931354522705,16.729931592941284,10.279931545257568,-1.0200681686401367,-7.520068407058716,1.3799316883087158,8.979931592941284,7.125,26.82993173599243,25.90000009536743,23.049999713897705,14.579931259155273,18.229931354522705,16.729931592941284,10.279931545257568,-1.0200681686401367,-7.520068407058716,1.3799316883087158,8.979931592941284,7.125
2022-07-12,-2.249950885772705,0.7000484466552734,-11.449951171875,-23.59995126724243,-19.09995126724243,-20.249951124191284,-26.199951171875,-17.29995107650757,-23.399951219558716,14.849951028823853,6.899951219558716,5.499951243400574,-2.249950885772705,0.7000484466552734,-11.449951171875,-23.59995126724243,-19.09995126724243,-20.249951124191284,-26.199951171875,-17.29995107650757,-23.399951219558716,-14.849951028823853,-6.899951219558716,5.499951243400574
2022-07-13,-23.969969749450684,-9.669970989227295,-26.93002939224243,-25.469970703125,-23.81997013092041,-19.730029582977295,-8.280029296875,7.830029487609863,-0.6300292015075684,4.1300294399261475,-9.719970703125,1.780029296875,23.969969749450684,9.669970989227295,26.93002939224243,25.469970703125,23.81997013092041,19.730029582977295,8.280029296875,7.830029487609863,0.6300292015075684,4.1300294399261475,-9.719970703125,1.780029296875
2022-07-14,-19.429882526397705,27.579882621765137,29.72988271713257,-10.77988338470459,2.420116901397705,-13.729882717132568,-14.779882907867432,-6.8798828125,-2.97988224029541,14.3701171875,11.170117139816284,2.2048827409744263,-19.429882526397705,-27.579882621765137,-29.72988271713257,-10.77988338470459,2.420116901397705,-13.729882717132568,-14.779882907867432,-6.8798828125,-2.97988224029541,14.3701171875,11.170117139816284,2.2048827409744263
2022-07-15,-5.3599114418029785,18.840087890625,9.090087890625,17.290088176727295,12.240087985992432,5.49008846282959,4.590088129043579,11.240087747573853,5.740087985992432,2.3900880813598633,5.740087985992432,-1.9599120616912842,-5.3599114418029785,18.840087890625,9.090087890625,17.290088176727295,12.240087985992432,5.49008846282959,4.590088129043579,11.240087747573853,5.740087985992432,2.3900880813598633,5.740087985992432,-1.9599120616912842
2022-07-18,-35.34990215301514,-32.54990243911743,-40.199902057647705,-36.24990272521973,48.54990220069885,44.44990253448486,34.84990215301514,35.64990234375,-6.749902725219727,-5.199902534484863,1.4500975608825684,-2.575097680091858,-35.34990215301514,-32.54990243911743,-40.199902057647705,-36.24990272521973,-48.54990220069885,-44.44990253448486,-34.84990215301514,-35.64990234375,-6.749902725219727,-5.199902534484863,1.4500975608825684,2.575097680091858
2022-07-19,-29.33994150161743,-20.739941596984863,-17.58994197845459,-13.639941215515137,-9.239941120147705,-9.939941644668579,-0.4899415969848633,-7.389941453933716,5.860058546066284,5.010058641433716,3.4100584983825684,4.93505859375,-29.33994150161743,-20.739941596984863,-17.58994197845459,-13.639941215515137,-9.239941120147705,-9.939941644668579,-0.4899415969848633,-7.389941453933716,5.860058546066284,5.010058641433716,3.4100584983825684,4.93505859375
2022-07-20,-1.7499027252197266,-12.550097465515137,12.699902534484863,-21.099902629852295,-14.749902248382568,-12.699902534484863,-17.800000190734863,7.800097703933716,-3.39990234375,13.5,9.75,2.499902367591858,-1.7499027252197266,12.550097465515137,12.699902534484863,21.099902629852295,14.749902248382568,12.699902534484863,17.800000190734863,7.800097703933716,-3.39990234375,13.5,9.75,2.499902367591858
2022-07-21,11.549951553344727,-37.54995155334473,-14.999951362609863,-17.349950790405273,-9.549951076507568,3.1500484943389893,1.550048828125,-3.999951124191284,-5.999951124191284,-2.7499513626098633,-5.049951195716858,-2.774951219558716,-11.549951553344727,-37.54995155334473,-14.999951362609863,-17.349950790405273,-9.549951076507568,3.1500484943389893,1.550048828125,-3.999951124191284,-5.999951124191284,-2.7499513626098633,-5.049951195716858,-2.774951219558716
2022-07-22,-1.2201170921325684,10.520117282867432,12.770117282867432,-6.679883003234863,10.429883003234863,13.8798828125,16.25000023841858,8.070116996765137,7.470117092132568,-4.0298826694488525,-1.6798827648162842,4.7451171875,-1.2201170921325684,-10.520117282867432,-12.770117282867432,6.679883003234863,10.429883003234863,13.8798828125,16.25000023841858,8.070116996765137,7.470117092132568,-4.0298826694488525,-1.6798827648162842,4.7451171875
2022-07-25,25.200000286102295,17.159911632537842,20.159912109375,19.40000057220459,15.240087509155273,15.209911823272705,16.300000190734863,14.849999904632568,6.959912061691284,-0.24008774757385254,-8.240087985992432,-10.09008777141571,25.200000286102295,17.159911632537842,20.159912109375,19.40000057220459,15.240087509155273,15.209911823272705,16.300000190734863,14.849999904632568,6.959912061691284,-0.24008774757385254,-8.240087985992432,-10.09008777141571
2022-07-26,5.500048637390137,8.800048828125,6.450048446655273,20.100000381469727,17.899950981140137,16.450000286102295,12.050048828125,5.9500486850738525,13.75,10.499951124191284,8.399950981140137,6.599951148033142,5.500048637390137,8.800048828125,6.450048446655273,20.100000381469727,17.899950981140137,16.450000286102295,12.050048828125,5.9500486850738525,13.75,10.499951124191284,8.399950981140137,6.599951148033142
2022-07-27,-10.410107612609863,-11.110107421875,-7.26010799407959,-7.660107612609863,-2.3101072311401367,-1.8101072311401367,-6.510107040405273,-6.760107040405273,-5.710107803344727,-8.660106658935547,6.239892482757568,0.610107421875,-10.410107612609863,-11.110107421875,-7.26010799407959,-7.660107612609863,-2.3101072311401367,-1.8101072311401367,-6.510107040405273,-6.760107040405273,-5.710107803344727,-8.660106658935547,6.239892482757568,0.610107421875
2022-07-28,-39.57993173599243,-47.479931354522705,-21.429931640625,-2.629931926727295,-4.529932022094727,-0.929931640625,-2.429931402206421,6.370068550109863,13.299999952316284,8.320068359375,7.800000071525574,2.954931616783142,-39.57993173599243,-47.479931354522705,-21.429931640625,-2.629931926727295,-4.529932022094727,-0.929931640625,-2.429931402206421,6.370068550109863,13.299999952316284,8.320068359375,7.800000071525574,2.954931616783142
2022-07-29,1.7099609375,14.309960842132568,2.6099605560302734,-12.940039157867432,-1.0400390625,-3.1400394439697266,4.609961032867432,-2.090039014816284,2.8599607944488525,10.959960699081421,9.259961009025574,2.7900390625,1.7099609375,14.309960842132568,2.6099605560302734,-12.940039157867432,-1.0400390625,-3.1400394439697266,4.609961032867432,-2.090039014816284,2.8599607944488525,10.959960699081421,9.259961009025574,2.7900390625
2022-08-01,-25.27988338470459,23.020116806030273,-0.8798832893371582,2.3701171875,-0.6798825263977051,-6.079882621765137,-10.279882907867432,11.820117235183716,10.670117139816284,8.570117235183716,3.5798827409744263,6.150000095367432,25.27988338470459,23.020116806030273,0.8798832893371582,-2.3701171875,0.6798825263977051,6.079882621765137,10.279882907867432,11.820117235183716,10.670117139816284,8.570117235183716,3.5798827409744263,6.150000095367432
2022-08-02,25.18994140625,18.889941215515137,-1.9100589752197266,3.760058879852295,6.010058879852295,28.360058307647705,29.110058546066284,9.760058403015137,1.939941167831421,-6.360058546066284,-3.260058641433716,-1.3100584745407104,25.18994140625,18.889941215515137,-1.9100589752197266,-3.760058879852295,-6.010058879852295,-28.360058307647705,-29.110058546066284,-9.760058403015137,1.939941167831421,-6.360058546066284,-3.260058641433716,-1.3100584745407104
2022-08-03,-0.169921875,-4.119921684265137,-4.519921779632568,2.6800777912139893,6.2300779819488525,5.930078506469727,14.580078125,13.5,12.0,5.119921803474426,8.799999833106995,6.099999904632568,-0.169921875,-4.119921684265137,-4.519921779632568,2.6800777912139893,6.2300779819488525,5.930078506469727,14.580078125,13.5,12.0,5.119921803474426,8.799999833106995,6.099999904632568
2022-08-04,22.23994207382202,21.860058784484863,22.450000286102295,12.81005859375,17.75,13.239941358566284,8.71005892753601,12.949999809265137,11.5,9.299999952316284,7.949999928474426,1.68994140625,22.23994207382202,21.860058784484863,22.450000286102295,12.81005859375,17.75,13.239941358566284,8.71005892753601,12.949999809265137,11.5,9.299999952316284,7.949999928474426,1.68994140625
2022-08-05,13.760058879852295,20.31005859375,-18.010058879852295,-11.039941787719727,-7.989941596984863,-0.5399413108825684,8.010058641433716,6.710058689117432,5.910058498382568,-5.489941596984863,-6.539941430091858,-0.48994141817092896,13.760058879852295,20.31005859375,18.010058879852295,-11.039941787719727,-7.989941596984863,-0.5399413108825684,8.010058641433716,6.710058689117432,5.910058498382568,-5.489941596984863,-6.539941430091858,-0.48994141817092896
2022-08-08,18.639941215515137,15.18994140625,16.43994140625,6.53994083404541,-1.6100585460662842,18.239941596984863,15.449999809265137,13.849999904632568,-6.410058498382568,11.43994140625,9.43994152545929,6.339941501617432,-18.639941215515137,-15.18994140625,-16.43994140625,-6.53994083404541,1.6100585460662842,18.239941596984863,15.449999809265137,13.849999904632568,6.410058498382568,11.43994140625,9.43994152545929,6.339941501617432
2022-08-09,22.25,17.270215034484863,18.699999809265137,14.97021484375,15.049999952316284,10.979785203933716,9.679785013198853,10.949999809265137,9.950000047683716,2.829785108566284,5.179785132408142,5.224999964237213,22.25,17.270215034484863,18.699999809265137,14.97021484375,15.049999952316284,10.979785203933716,9.679785013198853,10.949999809265137,9.950000047683716,2.829785108566284,5.179785132408142,5.224999964237213
2022-08-10,8.259765625,0.8097653388977051,8.809765338897705,12.109765529632568,14.909765481948853,4.1097657680511475,7.059765577316284,6.059765577316284,5.709765672683716,3.7597655057907104,-7.290234327316284,-0.29023444652557373,8.259765625,0.8097653388977051,8.809765338897705,12.109765529632568,14.909765481948853,4.1097657680511475,7.059765577316284,6.059765577316284,5.709765672683716,3.7597655057907104,-7.290234327316284,-0.29023444652557373
2022-08-11,13.72998046875,19.72998046875,15.679980516433716,-5.079980134963989,-0.72998046875,-2.22998046875,-9.47998046875,11.529980421066284,7.279980421066284,-2.6299803256988525,5.7700194120407104,5.375,-13.72998046875,-19.72998046875,-15.679980516433716,-5.079980134963989,-0.72998046875,-2.22998046875,-9.47998046875,-11.529980421066284,-7.279980421066284,-2.6299803256988525,5.7700194120407104,5.375
2022-08-12,-23.099902629852295,-27.699902534484863,-28.699902534484863,-21.79990243911743,-22.099902391433716,-14.349902391433716,-15.599902272224426,-15.89990234375,-11.249902248382568,-7.949902296066284,-3.749902367591858,-0.27490234375,-23.099902629852295,-27.699902534484863,-28.699902534484863,-21.79990243911743,-22.099902391433716,-14.349902391433716,-15.599902272224426,-15.89990234375,-11.249902248382568,-7.949902296066284,-3.749902367591858,-0.27490234375
2022-08-15,3.10986328125,-8.440136432647705,-9.540136814117432,-6.39013671875,6.159863233566284,10.659863233566284,11.400000095367432,8.959863185882568,7.60986328125,6.459863185882568,7.150000095367432,1.465136706829071,3.10986328125,-8.440136432647705,-9.540136814117432,-6.39013671875,6.159863233566284,10.659863233566284,11.400000095367432,8.959863185882568,7.60986328125,6.459863185882568,7.150000095367432,1.465136706829071
2022-08-16,8.099804401397705,2.6498045921325684,-3.700195074081421,8.999804735183716,-6.8501951694488525,-11.300000190734863,-10.25,-3.7001954317092896,2.449804663658142,7.624804496765137,4.5498046875,4.749804615974426,8.099804401397705,2.6498045921325684,-3.700195074081421,8.999804735183716,6.8501951694488525,11.300000190734863,10.25,3.7001954317092896,-2.449804663658142,-7.624804496765137,4.5498046875,4.749804615974426
2022-08-17,-22.0400390625,-20.800000190734863,-11.609960556030273,-15.4599609375,-6.509961128234863,-14.259960651397705,-18.300000190734863,-16.64003849029541,-18.450000286102295,4.359961032867432,1.2099610567092896,5.240039110183716,22.0400390625,20.800000190734863,11.609960556030273,15.4599609375,6.509961128234863,14.259960651397705,18.300000190734863,16.64003849029541,18.450000286102295,-4.359961032867432,-1.2099610567092896,5.240039110183716
2022-08-18,7.509765625,5.609766006469727,8.709765672683716,16.300000190734863,14.900000095367432,5.159765720367432,4.059765577316284,7.759765625,5.909765720367432,8.149999976158142,6.299999952316284,-1.7597655653953552,7.509765625,5.609766006469727,8.709765672683716,16.300000190734863,14.900000095367432,5.159765720367432,4.059765577316284,7.759765625,5.909765720367432,8.149999976158142,6.299999952316284,-1.7597655653953552
2022-08-19,17.929980278015137,15.679980278015137,19.179980278015137,19.549999713897705,16.179980278015137,13.97998046875,2.5799806118011475,11.529980659484863,5.22998046875,8.679980516433716,5.420019507408142,6.6249998807907104,17.929980278015137,15.679980278015137,19.179980278015137,19.549999713897705,16.179980278015137,13.97998046875,2.5799806118011475,11.529980659484863,5.22998046875,8.679980516433716,5.420019507408142,6.6249998807907104
2022-08-22,-4.459765911102295,9.340234279632568,12.340234279632568,0.9402341842651367,-5.459765672683716,-1.309765338897705,-3.459765672683716,6.140234470367432,12.650000095367432,10.700000047683716,5.759765625,5.825000047683716,-4.459765911102295,9.340234279632568,12.340234279632568,0.9402341842651367,-5.459765672683716,-1.309765338897705,-3.459765672683716,6.140234470367432,12.650000095367432,10.700000047683716,5.759765625,5.825000047683716
2022-08-23,12.329980373382568,5.579980850219727,19.929980278015137,17.929980278015137,10.779980659484863,12.62001919746399,8.22998046875,7.029980421066284,11.029980421066284,3.3799805641174316,6.529980540275574,-0.8450195789337158,12.329980373382568,5.579980850219727,19.929980278015137,17.929980278015137,10.779980659484863,12.62001919746399,8.22998046875,7.029980421066284,11.029980421066284,3.3799805641174316,6.529980540275574,-0.8450195789337158
2022-08-24,9.079980373382568,16.679980278015137,15.279980659484863,5.27001953125,4.120019435882568,8.27001953125,10.72998046875,4.529980421066284,7.679980516433716,7.2299803495407104,4.804980397224426,4.049999952316284,9.079980373382568,16.679980278015137,15.279980659484863,5.27001953125,4.120019435882568,8.27001953125,10.72998046875,4.529980421066284,7.679980516433716,7.2299803495407104,4.804980397224426,4.049999952316284
2022-08-25,-9.570116996765137,-1.670116901397705,-2.6701176166534424,-17.52011775970459,-15.1201171875,-20.52011728286743,-20.720117330551147,-17.820116996765137,-14.820116996765137,-15.1201171875,-17.27011728286743,9.870117247104645,-9.570116996765137,-1.670116901397705,-2.6701176166534424,-17.52011775970459,-15.1201171875,-20.52011728286743,-20.720117330551147,-17.820116996765137,-14.820116996765137,-15.1201171875,-17.27011728286743,-9.870117247104645
2022-08-26,-93.19008731842041,-60.24008798599243,-45.44008779525757,-35.040088176727295,-36.790088176727295,-22.290087699890137,-30.290087699890137,-32.19008755683899,-23.940088033676147,-14.940088033676147,-6.590087890625,-8.59008777141571,-93.19008731842041,-60.24008798599243,-45.44008779525757,-35.040088176727295,-36.790088176727295,-22.290087699890137,-30.290087699890137,-32.19008755683899,-23.940088033676147,-14.940088033676147,-6.590087890625,-8.59008777141571
2022-08-29,30.450000286102295,-17.610107421875,16.53989267349243,-23.239892959594727,-17.410107612609863,-10.660107135772705,0.48989295959472656,-1.4101076126098633,10.339892625808716,1.6898925304412842,9.539892673492432,7.564892530441284,30.450000286102295,17.610107421875,16.53989267349243,23.239892959594727,17.410107612609863,10.660107135772705,-0.48989295959472656,1.4101076126098633,-10.339892625808716,-1.6898925304412842,-9.539892673492432,-7.564892530441284
2022-08-30,6.540088176727295,-8.709912300109863,27.84999990463257,22.00991201400757,-18.709911823272705,-16.75991201400757,-17.940088272094727,-10.340087890625,10.240087985992432,3.540087938308716,-5.540087938308716,9.199999928474426,-6.540088176727295,8.709912300109863,27.84999990463257,22.00991201400757,18.709911823272705,16.75991201400757,17.940088272094727,10.340087890625,10.240087985992432,3.540087938308716,5.540087938308716,9.199999928474426
2022-08-31,16.300000190734863,4.25,-3.950000286102295,3.8499999046325684,-14.049999713897705,-5.200000286102295,7.350000381469727,-1.549999713897705,-0.2999997138977051,1.6999998092651367,-6.900000095367432,-6.350000023841858,-16.300000190734863,4.25,-3.950000286102295,3.8499999046325684,-14.049999713897705,-5.200000286102295,-7.350000381469727,1.549999713897705,0.2999997138977051,-1.6999998092651367,6.900000095367432,-6.350000023841858
2022-09-01,2.10009765625,10.950098037719727,33.25009727478027,29.35009765625,31.300097942352295,22.00009822845459,34.05009746551514,-13.10009765625,25.500097513198853,-6.300097465515137,-3.85009765625,-12.850097417831421,-2.10009765625,-10.950098037719727,-33.25009727478027,-29.35009765625,-31.300097942352295,-22.00009822845459,-34.05009746551514,-13.10009765625,-25.500097513198853,-6.300097465515137,-3.85009765625,-12.850097417831421
2022-09-02,25.789990425109863,53.989990234375,56.939990520477295,64.58998966217041,66.5399899482727,38.53999042510986,15.939990520477295,16.160009384155273,22.160009384155273,6.810009717941284,-12.710009574890137,10.010009765625,-25.789990425109863,-53.989990234375,-56.939990520477295,-64.58998966217041,-66.5399899482727,-38.53999042510986,-15.939990520477295,16.160009384155273,22.160009384155273,6.810009717941284,12.710009574890137,10.010009765625
2022-09-06,-24.739941596984863,-29.800000190734863,-5.789941787719727,-15.839941501617432,1.5100584030151367,22.739941596984863,16.389941215515137,14.31005859375,19.799999713897705,14.989941120147705,13.850000143051147,8.389941453933716,24.739941596984863,29.800000190734863,5.789941787719727,15.839941501617432,-1.5100584030151367,22.739941596984863,16.389941215515137,14.31005859375,19.799999713897705,14.989941120147705,13.850000143051147,8.389941453933716
2022-09-07,-24.57011651992798,-21.720117568969727,-19.22011709213257,-12.3701171875,-12.420117378234863,-17.770116806030273,-9.420117378234863,-11.570116996765137,6.429883003234863,9.029882669448853,11.8701171875,2.4701170921325684,-24.57011651992798,-21.720117568969727,-19.22011709213257,-12.3701171875,-12.420117378234863,-17.770116806030273,-9.420117378234863,-11.570116996765137,6.429883003234863,9.029882669448853,11.8701171875,2.4701170921325684
2022-09-08,-3.770068645477295,-5.170068264007568,-21.620068073272705,-21.25,-14.220068454742432,-16.829931259155273,0.8799319267272949,6.970068454742432,5.870068311691284,7.4700682163238525,-2.5799317359924316,-3.229931592941284,3.770068645477295,5.170068264007568,21.620068073272705,21.25,14.220068454742432,-16.829931259155273,-0.8799319267272949,6.970068454742432,5.870068311691284,7.4700682163238525,-2.5799317359924316,-3.229931592941284
2022-09-09,8.939892292022705,12.53989315032959,20.839892864227295,14.639892578125,13.139892578125,8.339892864227295,14.439892768859863,14.300000190734863,13.049999952316284,8.210107326507568,9.549999952316284,3.810107469558716,8.939892292022705,12.53989315032959,20.839892864227295,14.639892578125,13.139892578125,8.339892864227295,14.439892768859863,14.300000190734863,13.049999952316284,8.210107326507568,9.549999952316284,3.810107469558716
2022-09-12,24.34999990463257,18.460155963897705,21.98984432220459,19.949999809265137,5.289843559265137,9.289843559265137,11.689843893051147,14.099999904632568,13.200000047683716,6.6898438930511475,4.289843916893005,1.3898437023162842,24.34999990463257,18.460155963897705,21.98984432220459,19.949999809265137,5.289843559265137,9.289843559265137,11.689843893051147,14.099999904632568,13.200000047683716,6.6898438930511475,4.289843916893005,1.3898437023162842
2022-09-13,-42.91005897521973,-37.41005849838257,-26.860058307647705,-23.81005859375,25.760058879852295,27.71005868911743,34.21005868911743,45.66005897521973,37.010058641433716,23.46005868911743,13.410058736801147,-3.5899415016174316,-42.91005897521973,-37.41005849838257,-26.860058307647705,-23.81005859375,-25.760058879852295,-27.71005868911743,-34.21005868911743,-45.66005897521973,-37.010058641433716,-23.46005868911743,-13.410058736801147,3.5899415016174316
2022-09-14,29.710009574890137,12.089990139007568,19.36000967025757,27.299999713897705,25.299999713897705,23.239990234375,-16.510009765625,-14.710009574890137,9.489990234375,6.689990043640137,-1.6600098609924316,-10.310009717941284,29.710009574890137,12.089990139007568,19.36000967025757,27.299999713897705,25.299999713897705,23.239990234375,16.510009765625,14.710009574890137,9.489990234375,6.689990043640137,-1.6600098609924316,-10.310009717941284
2022-09-15,19.599902629852295,-4.300097942352295,18.75009775161743,6.750097751617432,20.150097846984863,19.85009765625,2.550097942352295,-18.949902534484863,-4.449902534484863,-1.8499021530151367,11.300097703933716,5.199902296066284,-19.599902629852295,4.300097942352295,18.75009775161743,6.750097751617432,20.150097846984863,19.85009765625,2.550097942352295,-18.949902534484863,-4.449902534484863,-1.8499021530151367,11.300097703933716,5.199902296066284
2022-09-16,8.919921875,21.269922256469727,15.019922256469727,12.219921588897705,14.26992130279541,-6.280078411102295,5.26992130279541,-0.7300782203674316,-6.730077743530273,5.51992130279541,7.719921588897705,4.519921779632568,8.919921875,21.269922256469727,15.019922256469727,12.219921588897705,14.26992130279541,-6.280078411102295,5.26992130279541,-0.7300782203674316,-6.730077743530273,5.51992130279541,7.719921588897705,4.519921779632568
2022-09-19,-3.389893054962158,3.71010684967041,6.610107421875,-4.689892768859863,-10.489892959594727,-11.639892578125,-1.189892292022705,-2.389892578125,-13.639892578125,-15.189892530441284,-13.439892530441284,7.325000047683716,-3.389893054962158,3.71010684967041,6.610107421875,-4.689892768859863,-10.489892959594727,-11.639892578125,-1.189892292022705,-2.389892578125,-13.639892578125,-15.189892530441284,-13.439892530441284,7.325000047683716
2022-09-20,29.72006845474243,25.770068645477295,19.779932022094727,18.82993173599243,-6.729931354522705,-16.27993154525757,-19.90000057220459,10.120068550109863,-5.529932022094727,5.720067977905273,8.470068454742432,10.299999952316284,29.72006845474243,25.770068645477295,19.779932022094727,18.82993173599243,6.729931354522705,16.27993154525757,19.90000057220459,10.120068550109863,-5.529932022094727,5.720067977905273,8.470068454742432,10.299999952316284
2022-09-21,-22.620068550109863,-32.42006778717041,-17.570068359375,-17.97006893157959,-23.020069122314453,-27.170068740844727,-15.420068740844727,-16.070068359375,-29.320068359375,10.779932022094727,67.27006816864014,-18.370068550109863,-22.620068550109863,-32.42006778717041,-17.570068359375,-17.97006893157959,-23.020069122314453,-27.170068740844727,-15.420068740844727,-16.070068359375,-29.320068359375,10.779932022094727,-67.27006816864014,-18.370068550109863
2022-09-22,34.43999004364014,20.33999013900757,30.800000190734863,28.850000381469727,25.90000057220459,16.88999032974243,14.789990425109863,19.039989948272705,12.089990615844727,-17.0,-7.5899903774261475,5.810009717941284,34.43999004364014,20.33999013900757,30.800000190734863,28.850000381469727,25.90000057220459,16.88999032974243,14.789990425109863,19.039989948272705,12.089990615844727,17.0,7.5899903774261475,-5.810009717941284
2022-09-23,37.09999942779541,25.82998037338257,27.970019817352295,28.950000286102295,19.920019149780273,5.120019912719727,19.220019340515137,7.77001953125,13.670019626617432,-5.72998046875,-25.179980754852295,1.8700196743011475,37.09999942779541,25.82998037338257,27.970019817352295,28.950000286102295,19.920019149780273,5.120019912719727,19.220019340515137,7.77001953125,13.670019626617432,-5.72998046875,-25.179980754852295,1.8700196743011475
2022-09-26,2.4599609375,22.109960556030273,8.059960842132568,-15.490038871765137,-3.6400389671325684,-24.14003849029541,-16.2900390625,-26.609960556030273,-19.559961318969727,-20.659961223602295,-7.790039300918579,-3.1900391578674316,-2.4599609375,-22.109960556030273,-8.059960842132568,15.490038871765137,3.6400389671325684,24.14003849029541,16.2900390625,26.609960556030273,19.559961318969727,20.659961223602295,7.790039300918579,3.1900391578674316
2022-09-27,12.10996150970459,1.1400384902954102,17.909961223602295,14.490039348602295,26.94003915786743,22.30996036529541,23.409960746765137,12.909961223602295,10.059961318969727,11.559960842132568,12.64003872871399,9.7099609375,-12.10996150970459,1.1400384902954102,-17.909961223602295,14.490039348602295,26.94003915786743,22.30996036529541,23.409960746765137,12.909961223602295,10.059961318969727,11.559960842132568,12.64003872871399,9.7099609375
2022-09-28,-19.390039443969727,-4.69003963470459,-6.2900390625,-0.6900391578674316,6.2099609375,5.259961128234863,8.909960746765137,12.109961032867432,4.909960746765137,2.1099607944488525,4.559960842132568,8.240038871765137,-19.390039443969727,-4.69003963470459,-6.2900390625,-0.6900391578674316,6.2099609375,5.259961128234863,8.909960746765137,12.109961032867432,4.909960746765137,2.1099607944488525,4.559960842132568,8.240038871765137
2022-09-29,32.81997013092041,27.980030059814453,30.530029296875,27.899999618530273,16.219970703125,25.25,23.580029487609863,15.580029010772705,0.6800289154052734,1.8800289630889893,-10.319970846176147,2.2300291061401367,32.81997013092041,27.980030059814453,30.530029296875,27.899999618530273,16.219970703125,25.25,23.580029487609863,15.580029010772705,0.6800289154052734,1.8800289630889893,-10.319970846176147,2.2300291061401367
2022-09-30,-11.729883193969727,-16.779882431030273,-30.979883193969727,-50.52988290786743,-24.779882431030273,-20.829882621765137,-22.77988290786743,-29.329883098602295,-10.229882717132568,-10.529882907867432,3.8201169967651367,-6.829883098602295,-11.729883193969727,-16.779882431030273,-30.979883193969727,-50.52988290786743,-24.779882431030273,-20.829882621765137,-22.77988290786743,-29.329883098602295,-10.229882717132568,-10.529882907867432,3.8201169967651367,-6.829883098602295
2022-10-03,-25.129931449890137,8.920068264007568,7.370068550109863,10.270068168640137,0.070068359375,-1.3299312591552734,1.7700681686401367,8.270068407058716,6.670068264007568,7.329931735992432,-0.3700683116912842,-3.5700682401657104,-25.129931449890137,8.920068264007568,7.370068550109863,10.270068168640137,0.070068359375,-1.3299312591552734,1.7700681686401367,8.270068407058716,6.670068264007568,7.329931735992432,-0.3700683116912842,-3.5700682401657104
2022-10-04,13.370068550109863,10.120068073272705,22.070068359375,20.520068168640137,14.220067977905273,16.320068359375,7.870068550109863,-2.5799317359924316,4.820068359375,-6.279931545257568,5.1700685024261475,-1.7299315929412842,13.370068550109863,10.120068073272705,22.070068359375,20.520068168640137,14.220067977905273,16.320068359375,7.870068550109863,-2.5799317359924316,4.820068359375,-6.279931545257568,5.1700685024261475,-1.7299315929412842
2022-10-05,8.119970321655273,-25.68002986907959,-27.980029106140137,-20.030029296875,17.63002920150757,4.530029296875,-3.969970941543579,-13.469970703125,-6.369970798492432,-13.299999952316284,-8.930029392242432,4.519970655441284,8.119970321655273,-25.68002986907959,-27.980029106140137,-20.030029296875,-17.63002920150757,-4.530029296875,3.969970941543579,13.469970703125,6.369970798492432,13.299999952316284,8.930029392242432,-4.519970655441284
2022-10-06,-5.920019626617432,31.320019245147705,3.6299800872802734,-4.879980087280273,15.62001895904541,7.870019912719727,1.8700194358825684,0.12001991271972656,-1.6799802780151367,5.770019292831421,13.870019435882568,-0.12998056411743164,5.920019626617432,31.320019245147705,-3.6299800872802734,-4.879980087280273,15.62001895904541,7.870019912719727,1.8700194358825684,0.12001991271972656,-1.6799802780151367,5.770019292831421,13.870019435882568,-0.12998056411743164
2022-10-07,10.459912300109863,1.609912395477295,-6.940087795257568,1.2599124908447266,5.209912300109863,12.559912204742432,16.709911823272705,14.609911918640137,13.359911918640137,16.700000286102295,14.799999952316284,2.890087842941284,10.459912300109863,1.609912395477295,-6.940087795257568,1.2599124908447266,5.209912300109863,12.559912204742432,16.709911823272705,14.609911918640137,13.359911918640137,16.700000286102295,14.799999952316284,2.890087842941284
2022-10-10,16.639892578125,-4.089892387390137,-25.050000190734863,-22.649999618530273,-19.089892864227295,-13.310107707977295,-1.4601073265075684,-9.660107374191284,-3.9898924827575684,-11.689892530441284,-9.389892578125,-5.689892530441284,16.639892578125,4.089892387390137,25.050000190734863,22.649999618530273,19.089892864227295,13.310107707977295,1.4601073265075684,9.660107374191284,3.9898924827575684,11.689892530441284,9.389892578125,5.689892530441284
2022-10-11,-21.009912490844727,-17.75991201400757,-25.100000381469727,-11.440087795257568,6.05991268157959,12.359911918640137,22.55991268157959,13.909912347793579,20.55991244316101,18.55991220474243,-12.25991177558899,-6.109911918640137,21.009912490844727,17.75991201400757,25.100000381469727,11.440087795257568,-6.05991268157959,-12.359911918640137,-22.55991268157959,-13.909912347793579,-20.55991244316101,-18.55991220474243,12.25991177558899,6.109911918640137
2022-10-12,16.830029487609863,19.68002939224243,22.230029106140137,10.030029296875,4.180028915405273,13.280029296875,7.280029296875,11.830029487609863,17.330029010772705,-5.31997013092041,5.380029201507568,-0.5199706554412842,16.830029487609863,19.68002939224243,22.230029106140137,10.030029296875,4.180028915405273,13.280029296875,7.280029296875,11.830029487609863,17.330029010772705,-5.31997013092041,5.380029201507568,-0.5199706554412842
2022-10-13,102.25991153717041,99.50991153717041,87.8599123954773,-13.159913063049316,5.890087127685547,-12.059912204742432,0.24008798599243164,20.090087890625,23.15000009536743,5.090087890625,10.709912300109863,10.859912157058716,-102.25991153717041,-99.50991153717041,-87.8599123954773,-13.159913063049316,5.890087127685547,-12.059912204742432,0.24008798599243164,20.090087890625,23.15000009536743,5.090087890625,10.709912300109863,10.859912157058716
2022-10-14,45.07993221282959,-5.27993106842041,-10.429931640625,-13.779932022094727,8.620068073272705,6.220068454742432,9.070068359375,7.270068168640137,-5.529932022094727,10.820068359375,10.320068359375,-0.4799318313598633,-45.07993221282959,-5.27993106842041,-10.429931640625,-13.779932022094727,8.620068073272705,6.220068454742432,9.070068359375,7.270068168640137,-5.529932022094727,10.820068359375,10.320068359375,-0.4799318313598633
2022-10-17,26.100049018859863,29.550000190734863,16.850048542022705,22.90004873275757,24.300000190734863,21.800000190734863,21.09999990463257,17.29995107650757,14.999951124191284,12.650000095367432,10.150000095367432,6.399951219558716,26.100049018859863,29.550000190734863,16.850048542022705,22.90004873275757,24.300000190734863,21.800000190734863,21.09999990463257,17.29995107650757,14.999951124191284,12.650000095367432,10.150000095367432,6.399951219558716
2022-10-18,-11.029980182647705,-19.679980754852295,-22.829980850219727,12.820019721984863,-11.02001953125,-19.02001953125,-22.050000190734863,-20.079980850219727,-7.479980707168579,-8.979980707168579,-2.0799803733825684,2.22998046875,11.029980182647705,19.679980754852295,22.829980850219727,12.820019721984863,11.02001953125,19.02001953125,22.050000190734863,20.079980850219727,7.479980707168579,8.979980707168579,-2.0799803733825684,-2.22998046875
2022-10-19,34.25,-0.8900876045227051,18.859911918640137,14.909912109375,12.959912300109863,22.19008731842041,11.74008846282959,4.74008846282959,6.990087985992432,13.540087938308716,1.1400878429412842,2.290087938308716,34.25,-0.8900876045227051,18.859911918640137,14.909912109375,12.959912300109863,22.19008731842041,11.74008846282959,4.74008846282959,6.990087985992432,13.540087938308716,1.1400878429412842,2.290087938308716
2022-10-20,6.269970417022705,-36.919970989227295,34.469970703125,20.619970321655273,23.31997060775757,4.069971084594727,-0.2699708938598633,3.88002872467041,11.830029249191284,7.469970703125,10.800000190734863,7.1199705600738525,-6.269970417022705,-36.919970989227295,-34.469970703125,-20.619970321655273,-23.31997060775757,-4.069971084594727,-0.2699708938598633,3.88002872467041,11.830029249191284,7.469970703125,10.800000190734863,7.1199705600738525
2022-10-21,-11.149999618530273,-33.90000057220459,-40.14999961853027,-33.0,-10.200000286102295,-21.15000057220459,-5.550000190734863,-8.5,3.950000047683716,0.20000004768371582,-1.5499999523162842,5.449999928474426,-11.149999618530273,-33.90000057220459,-40.14999961853027,-33.0,-10.200000286102295,-21.15000057220459,-5.550000190734863,-8.5,3.950000047683716,0.20000004768371582,-1.5499999523162842,5.449999928474426
2022-10-24,26.359911918640137,-6.540087699890137,9.709911823272705,8.459912300109863,20.609911918640137,17.659912109375,10.959912300109863,5.009912014007568,2.659912109375,9.659912109375,7.190087795257568,-1.159912109375,26.359911918640137,-6.540087699890137,9.709911823272705,8.459912300109863,20.609911918640137,17.659912109375,10.959912300109863,5.009912014007568,2.659912109375,9.659912109375,7.190087795257568,-1.159912109375
2022-10-25,9.839892387390137,7.489892959594727,-0.4101071357727051,6.489892482757568,6.989892244338989,6.139892339706421,1.4898922443389893,0.6398923397064209,-1.3101074695587158,4.6398924589157104,-0.8101073503494263,5.225000023841858,9.839892387390137,7.489892959594727,-0.4101071357727051,6.489892482757568,6.989892244338989,6.139892339706421,1.4898922443389893,0.6398923397064209,-1.3101074695587158,4.6398924589157104,-0.8101073503494263,5.225000023841858
2022-10-26,28.29990291595459,0.4000978469848633,8.39990234375,-23.99990224838257,25.699902057647705,22.099902153015137,0.20009756088256836,6.700097322463989,-1.0999023914337158,8.10009765625,9.600000023841858,-5.449999928474426,28.29990291595459,0.4000978469848633,-8.39990234375,-23.99990224838257,-25.699902057647705,-22.099902153015137,0.20009756088256836,6.700097322463989,-1.0999023914337158,8.10009765625,9.600000023841858,5.449999928474426
2022-10-27,-17.000049114227295,-21.04995059967041,2.050048828125,-4.149950981140137,8.650048732757568,16.650049209594727,-0.4999508857727051,-1.9999513626098633,5.900048732757568,-3.550048828125,-6.4500486850738525,-0.34995126724243164,17.000049114227295,-21.04995059967041,2.050048828125,-4.149950981140137,8.650048732757568,16.650049209594727,-0.4999508857727051,-1.9999513626098633,5.900048732757568,3.550048828125,6.4500486850738525,-0.34995126724243164
2022-10-28,-28.21005916595459,-19.46005868911743,-7.410058975219727,-13.760058403015137,-12.260058403015137,1.0899412631988525,-0.31005859375,-2.1600584983825684,0.5399413108825684,0.08994126319885254,9.339941501617432,6.200000047683716,-28.21005916595459,-19.46005868911743,-7.410058975219727,-13.760058403015137,-12.260058403015137,1.0899412631988525,-0.31005859375,-2.1600584983825684,0.5399413108825684,0.08994126319885254,9.339941501617432,6.200000047683716
2022-10-31,29.12001943588257,25.220019340515137,24.800000190734863,15.47998046875,14.429980278015137,17.779980182647705,18.75,7.829980373382568,5.929980516433716,9.47998046875,7.679980278015137,4.179980516433716,29.12001943588257,25.220019340515137,24.800000190734863,15.47998046875,14.429980278015137,17.779980182647705,18.75,7.829980373382568,5.929980516433716,9.47998046875,7.679980278015137,4.179980516433716
2022-11-01,-6.199902534484863,9.000097751617432,13.89990234375,17.29990267753601,15.699902057647705,16.100000381469727,14.299999952316284,12.199999809265137,7.2000977993011475,4.900097727775574,4.050097584724426,5.225000023841858,-6.199902534484863,9.000097751617432,13.89990234375,17.29990267753601,15.699902057647705,16.100000381469727,14.299999952316284,12.199999809265137,7.2000977993011475,4.900097727775574,4.050097584724426,5.225000023841858
2022-11-02,14.660058975219727,14.81005859375,19.010059356689453,19.660058975219727,19.06005859375,7.010058403015137,12.260058403015137,9.71005916595459,19.51005744934082,76.16005802154541,-30.610058784484863,-6.56005859375,-14.660058975219727,-14.81005859375,-19.010059356689453,-19.660058975219727,-19.06005859375,-7.010058403015137,-12.260058403015137,-9.71005916595459,-19.51005744934082,-76.16005802154541,-30.610058784484863,-6.56005859375
2022-11-03,16.860107421875,11.139892578125,2.5398921966552734,15.73989200592041,13.839892387390137,-2.2601070404052734,-9.46010708808899,-0.46010756492614746,2.589892625808716,-9.010107278823853,-11.260107398033142,-13.960107326507568,16.860107421875,11.139892578125,2.5398921966552734,15.73989200592041,13.839892387390137,-2.2601070404052734,-9.46010708808899,-0.46010756492614746,2.589892625808716,-9.010107278823853,-11.260107398033142,-13.960107326507568
2022-11-04,-21.699952125549316,-11.800048828125,-20.050048828125,-11.799951553344727,22.700048446655273,5.400049209594727,20.900049209594727,-28.150049209594727,32.25004863739014,-19.40004849433899,-7.000048875808716,7.850048899650574,21.699952125549316,11.800048828125,20.050048828125,11.799951553344727,-22.700048446655273,-5.400049209594727,-20.900049209594727,-28.150049209594727,-32.25004863739014,-19.40004849433899,-7.000048875808716,-7.850048899650574
2022-11-07,-7.850049018859863,-1.7000494003295898,0.449951171875,3.699951171875,-12.400049209594727,-9.150048732757568,-11.65004849433899,-9.200048923492432,-5.850048780441284,9.499951124191284,7.3499510288238525,2.375048875808716,-7.850049018859863,-1.7000494003295898,0.449951171875,3.699951171875,-12.400049209594727,-9.150048732757568,-11.65004849433899,-9.200048923492432,-5.850048780441284,9.499951124191284,7.3499510288238525,2.375048875808716
2022-11-08,-9.089892387390137,-20.59999990463257,-12.060107707977295,-0.5601077079772949,3.889892578125,5.639892578125,7.089892625808716,-19.59999990463257,-11.339892864227295,-20.71010708808899,5.089892625808716,1.5101075172424316,9.089892387390137,20.59999990463257,12.060107707977295,0.5601077079772949,-3.889892578125,-5.639892578125,-7.089892625808716,19.59999990463257,11.339892864227295,-20.71010708808899,5.089892625808716,1.5101075172424316
2022-11-09,-9.129931449890137,-22.679931640625,-8.729931831359863,-21.879931449890137,-24.07993173599243,-20.57993221282959,22.52993106842041,-8.079931259155273,0.070068359375,-6.929931640625,6.620068550109863,-2.8799315690994263,-9.129931449890137,-22.679931640625,-8.729931831359863,-21.879931449890137,-24.07993173599243,-20.57993221282959,-22.52993106842041,-8.079931259155273,0.070068359375,-6.929931640625,6.620068550109863,-2.8799315690994263
2022-11-10,-13.870117664337158,-17.020116806030273,-14.470117092132568,-12.77011775970459,-6.270117282867432,-20.72011709213257,-31.420116901397705,-21.02011728286743,-14.570117235183716,-16.920117139816284,-10.520117282867432,-4.1201173067092896,-13.870117664337158,-17.020116806030273,-14.470117092132568,-12.77011775970459,-6.270117282867432,-20.72011709213257,-31.420116901397705,-21.02011728286743,-14.570117235183716,-16.920117139816284,-10.520117282867432,-4.1201173067092896
2022-11-11,1.9700689315795898,13.270068645477295,6.220068454742432,-12.729931831359863,-6.479931354522705,-3.929931640625,-5.829931735992432,12.720068216323853,12.17006802558899,10.829931735992432,3.2299318313598633,8.150000095367432,1.9700689315795898,13.270068645477295,6.220068454742432,-12.729931831359863,-6.479931354522705,-3.929931640625,-5.829931735992432,12.720068216323853,12.17006802558899,10.829931735992432,3.2299318313598633,8.150000095367432
2022-11-14,9.149999618530273,-5.549999713897705,-11.84999942779541,3.0,-9.799999713897705,-16.0,-16.950000047683716,-34.049999952316284,35.950000047683716,37.15000009536743,22.649999976158142,21.24999988079071,9.149999618530273,-5.549999713897705,-11.84999942779541,3.0,-9.799999713897705,-16.0,-16.950000047683716,-34.049999952316284,-35.950000047683716,-37.15000009536743,-22.649999976158142,-21.24999988079071
2022-11-15,0.22001934051513672,3.62001895904541,-6.62998104095459,-10.22998046875,3.2200193405151367,-6.429980278015137,-4.82997989654541,-9.870019912719727,-6.320019721984863,-18.700000286102295,14.849999904632568,6.279980659484863,-0.22001934051513672,-3.62001895904541,6.62998104095459,10.22998046875,-3.2200193405151367,6.429980278015137,4.82997989654541,9.870019912719727,6.320019721984863,18.700000286102295,14.849999904632568,6.279980659484863
2022-11-16,16.340039253234863,18.39003896713257,22.090039253234863,9.7900390625,7.89003849029541,12.0400390625,6.740038871765137,9.690038919448853,14.600000381469727,11.2900390625,3.6900389194488525,7.125,16.340039253234863,18.39003896713257,22.090039253234863,9.7900390625,7.89003849029541,12.0400390625,6.740038871765137,9.690038919448853,14.600000381469727,11.2900390625,3.6900389194488525,7.125
2022-11-17,-6.31005859375,4.989941596984863,-7.21005916595459,-4.56005859375,14.08994197845459,12.289941310882568,17.300000190734863,16.100000143051147,13.650000095367432,5.489941358566284,3.989941358566284,-9.660058736801147,-6.31005859375,4.989941596984863,-7.21005916595459,-4.56005859375,14.08994197845459,12.289941310882568,17.300000190734863,16.100000143051147,13.650000095367432,5.489941358566284,3.989941358566284,-9.660058736801147
2022-11-18,26.659912109375,19.409912109375,14.659912109375,15.859911918640137,14.209912300109863,-3.4900877475738525,-4.440087795257568,4.159912109375,-6.740087985992432,-3.9400877952575684,1.1400880813598633,-6.134912133216858,26.659912109375,19.409912109375,14.659912109375,15.859911918640137,14.209912300109863,-3.4900877475738525,-4.440087795257568,4.159912109375,-6.740087985992432,-3.9400877952575684,-1.1400880813598633,6.134912133216858
2022-11-21,16.589941024780273,14.510058879852295,12.660058498382568,11.660058498382568,6.360058784484863,9.710058689117432,8.160058498382568,12.739941358566284,11.189941167831421,9.739941358566284,8.024999976158142,5.0,16.589941024780273,14.510058879852295,12.660058498382568,11.660058498382568,6.360058784484863,9.710058689117432,8.160058498382568,12.739941358566284,11.189941167831421,9.739941358566284,8.024999976158142,5.0
2022-11-22,-18.980077743530273,-5.180078029632568,-2.030078172683716,-8.930078029632568,-9.680078268051147,-11.080078125,-11.480077981948853,-3.6800780296325684,-4.530078053474426,-0.8800780773162842,-2.255078077316284,1.7699218392372131,-18.980077743530273,-5.180078029632568,-2.030078172683716,-8.930078029632568,-9.680078268051147,-11.080078125,-11.480077981948853,-3.6800780296325684,-4.530078053474426,-0.8800780773162842,-2.255078077316284,1.7699218392372131
2022-11-23,17.789990425109863,-18.039990425109863,-18.299999713897705,-17.00000023841858,3.33998966217041,7.489990234375,-2.4600095748901367,6.539990425109863,9.339990139007568,10.799999952316284,9.0,5.799999952316284,17.789990425109863,18.039990425109863,18.299999713897705,17.00000023841858,3.33998966217041,7.489990234375,-2.4600095748901367,6.539990425109863,9.339990139007568,10.799999952316284,9.0,5.799999952316284
2022-11-28,-17.71005868911743,14.56005859375,10.360058546066284,12.010058641433716,13.160058498382568,-14.110058784484863,-3.360058546066284,-5.960058689117432,4.489941358566284,9.350000023841858,6.650000095367432,-0.18994134664535522,-17.71005868911743,-14.56005859375,-10.360058546066284,-12.010058641433716,-13.160058498382568,-14.110058784484863,-3.360058546066284,-5.960058689117432,4.489941358566284,9.350000023841858,6.650000095367432,-0.18994134664535522
2022-11-29,-15.529882907867432,-3.7798829078674316,-8.429883003234863,4.570116996765137,12.520117044448853,6.020117282867432,9.470117092132568,-1.0798828601837158,-6.970117092132568,-5.8701171875,-4.3701171875,-1.8701171875,15.529882907867432,3.7798829078674316,8.429883003234863,4.570116996765137,12.520117044448853,6.020117282867432,9.470117092132568,-1.0798828601837158,6.970117092132568,5.8701171875,4.3701171875,1.8701171875
2022-11-30,-83.610107421875,-93.81010723114014,-89.31010723114014,-83.21010780334473,-82.36010837554932,-92.16010761260986,-92.76010704040527,-81.610107421875,-53.86010789871216,-31.310107469558716,30.26010751724243,14.010107398033142,-83.610107421875,-93.81010723114014,-89.31010723114014,-83.21010780334473,-82.36010837554932,-92.16010761260986,-92.76010704040527,-81.610107421875,-53.86010789871216,-31.310107469558716,-30.26010751724243,-14.010107398033142
2022-12-01,-10.720068454742432,7.929931640625,-20.699999809265137,14.229931831359863,17.729931354522705,15.279932022094727,15.550000190734863,8.229931354522705,9.829931497573853,9.549999952316284,-3.670068383216858,-4.774999976158142,10.720068454742432,7.929931640625,20.699999809265137,14.229931831359863,17.729931354522705,15.279932022094727,15.550000190734863,8.229931354522705,9.829931497573853,9.549999952316284,3.670068383216858,4.774999976158142
2022-12-02,-10.299951553344727,-8.79995059967041,-6.099951267242432,-4.149951457977295,4.7000486850738525,3.250048875808716,-3.5999512672424316,-5.5999510288238525,6.799951195716858,-6.899951219558716,8.450048923492432,6.649999976158142,-10.299951553344727,-8.79995059967041,-6.099951267242432,-4.149951457977295,4.7000486850738525,3.250048875808716,-3.5999512672424316,-5.5999510288238525,-6.799951195716858,-6.899951219558716,8.450048923492432,6.649999976158142
2022-12-05,11.559912204742432,-12.359912395477295,19.30991220474243,10.159911632537842,4.9400880336761475,2.5099120140075684,8.390088081359863,-5.940087795257568,10.109912157058716,7.609912157058716,6.259912014007568,-1.8400877714157104,-11.559912204742432,-12.359912395477295,-19.30991220474243,-10.159911632537842,4.9400880336761475,-2.5099120140075684,8.390088081359863,5.940087795257568,10.109912157058716,7.609912157058716,6.259912014007568,-1.8400877714157104
2022-12-06,-5.189990043640137,2.560009479522705,7.060009956359863,3.960010051727295,7.860010147094727,12.110009908676147,13.900000095367432,7.939990282058716,5.3399903774261475,-5.910009860992432,-1.260009765625,-9.660009741783142,-5.189990043640137,2.560009479522705,7.060009956359863,3.960010051727295,7.860010147094727,12.110009908676147,13.900000095367432,7.939990282058716,5.3399903774261475,-5.910009860992432,-1.260009765625,-9.660009741783142
2022-12-07,23.780078411102295,14.319921493530273,6.369921684265137,17.530077934265137,17.019922256469727,16.799999952316284,13.719922065734863,7.719921827316284,11.75,10.250000238418579,8.400000095367432,1.9050780534744263,23.780078411102295,14.319921493530273,6.369921684265137,17.530077934265137,17.019922256469727,16.799999952316284,13.719922065734863,7.719921827316284,11.75,10.250000238418579,8.400000095367432,1.9050780534744263
2022-12-08,21.100000381469727,-13.160009860992432,17.41000986099243,-12.589990615844727,-15.149999856948853,-10.889990329742432,-9.389990329742432,-9.360009908676147,-8.610009908676147,2.1399903297424316,4.539990305900574,5.775000095367432,21.100000381469727,13.160009860992432,17.41000986099243,12.589990615844727,15.149999856948853,10.889990329742432,9.389990329742432,9.360009908676147,8.610009908676147,2.1399903297424316,4.539990305900574,5.775000095367432
2022-12-09,7.179883003234863,0.7798833847045898,-16.420116901397705,19.420116901397705,-20.6201171875,-16.720117330551147,-18.070116996765137,-8.420117139816284,15.420117139816284,-16.020117163658142,-12.6201171875,15.4951171875,7.179883003234863,0.7798833847045898,-16.420116901397705,-19.420116901397705,-20.6201171875,-16.720117330551147,-18.070116996765137,-8.420117139816284,-15.420117139816284,-16.020117163658142,-12.6201171875,-15.4951171875
2022-12-12,-22.16005849838257,-23.760058403015137,-25.360058307647705,-20.410058736801147,-16.66005825996399,-22.360058546066284,-18.96005868911743,-19.860058546066284,-20.160058736801147,-22.110058426856995,-12.660058617591858,0.9899413585662842,-22.16005849838257,-23.760058403015137,-25.360058307647705,-20.410058736801147,-16.66005825996399,-22.360058546066284,-18.96005868911743,-19.860058546066284,-20.160058736801147,-22.110058426856995,-12.660058617591858,0.9899413585662842
2022-12-13,36.50009822845459,1.2500972747802734,-7.599902629852295,-2.54990291595459,-20.39990234375,-11.450098037719727,-9.900097846984863,-22.549999713897705,-18.750000476837158,-15.15000033378601,-12.549999952316284,-9.399999856948853,-36.50009822845459,-1.2500972747802734,7.599902629852295,2.54990291595459,20.39990234375,11.450098037719727,9.900097846984863,22.549999713897705,18.750000476837158,15.15000033378601,12.549999952316284,9.399999856948853
2022-12-14,25.520068168640137,20.320068359375,20.820068359375,17.77006721496582,24.070068359375,27.87006950378418,27.520069122314453,22.320068359375,17.270069122314453,52.02006816864014,31.129931449890137,12.629931449890137,25.520068168640137,20.320068359375,20.820068359375,17.77006721496582,24.070068359375,27.87006950378418,27.520069122314453,22.320068359375,17.270069122314453,52.02006816864014,31.129931449890137,12.629931449890137
2022-12-15,10.25,13.599999904632568,15.65000057220459,24.40000057220459,20.75,20.59999942779541,13.300000190734863,6.300000190734863,9.950000286102295,-2.8500001430511475,9.049999952316284,-0.25000011920928955,10.25,13.599999904632568,15.65000057220459,24.40000057220459,20.75,20.59999942779541,13.300000190734863,6.300000190734863,9.950000286102295,2.8500001430511475,9.049999952316284,-0.25000011920928955
2022-12-16,9.910107612609863,21.48989200592041,23.339892387390137,16.539892196655273,4.689892768859863,8.689892292022705,-3.6601076126098633,-5.560107231140137,0.7898921966552734,-1.360107183456421,12.939892530441284,8.160107374191284,9.910107612609863,21.48989200592041,23.339892387390137,16.539892196655273,4.689892768859863,8.689892292022705,-3.6601076126098633,-5.560107231140137,0.7898921966552734,-1.360107183456421,12.939892530441284,8.160107374191284
2022-12-19,-1.2400875091552734,13.890087604522705,-5.409912109375,-3.5599124431610107,-7.559912204742432,-6.559912204742432,-0.10991215705871582,-4.5099122524261475,-11.300000190734863,-0.8099122047424316,-2.8099122047424316,-5.734912037849426,-1.2400875091552734,-13.890087604522705,5.409912109375,3.5599124431610107,7.559912204742432,6.559912204742432,0.10991215705871582,4.5099122524261475,11.300000190734863,-0.8099122047424316,-2.8099122047424316,-5.734912037849426
2022-12-20,22.77988290786743,-12.1201171875,16.670116901397705,9.229883193969727,17.09999990463257,16.5,11.220117330551147,4.570117235183716,8.720117330551147,2.0201172828674316,8.600000023841858,1.5451172590255737,22.77988290786743,12.1201171875,16.670116901397705,9.229883193969727,17.09999990463257,16.5,11.220117330551147,4.570117235183716,8.720117330551147,2.0201172828674316,8.600000023841858,1.5451172590255737
2022-12-21,-6.789941310882568,-9.360058784484863,15.639941215515137,14.239941596984863,14.999999761581421,10.910058498382568,-12.100000143051147,8.110058546066284,-10.299999952316284,-6.989941477775574,7.400000095367432,2.18505859375,-6.789941310882568,9.360058784484863,15.639941215515137,14.239941596984863,14.999999761581421,10.910058498382568,12.100000143051147,8.110058546066284,10.299999952316284,6.989941477775574,7.400000095367432,2.18505859375
2022-12-22,-12.989892482757568,-11.360107421875,-5.310107231140137,-3.660107374191284,2.389892578125,19.839892387390137,20.38989233970642,30.689892292022705,31.98989248275757,-17.239892721176147,-4.589892864227295,7.110107421875,12.989892482757568,11.360107421875,5.310107231140137,3.660107374191284,-2.389892578125,-19.839892387390137,-20.38989233970642,-30.689892292022705,-31.98989248275757,-17.239892721176147,-4.589892864227295,7.110107421875
2022-12-23,-8.220068454742432,9.529932022094727,2.3799314498901367,-1.5200681686401367,6.479931831359863,10.179931640625,4.079931735992432,7.379931688308716,1.179931640625,-0.6200683116912842,7.700000047683716,1.0049316883087158,-8.220068454742432,9.529932022094727,2.3799314498901367,-1.5200681686401367,6.479931831359863,10.179931640625,4.079931735992432,7.379931688308716,1.179931640625,-0.6200683116912842,7.700000047683716,1.0049316883087158
2022-12-27,19.34999990463257,10.200000286102295,13.849999904632568,11.750000238418579,9.099999904632568,7.8999998569488525,6.400000095367432,5.450000047683716,11.5,5.150000095367432,7.649999976158142,-0.8750000596046448,19.34999990463257,10.200000286102295,13.849999904632568,11.750000238418579,9.099999904632568,7.8999998569488525,6.400000095367432,5.450000047683716,11.5,5.150000095367432,7.649999976158142,-0.8750000596046448
2022-12-28,32.480029582977295,19.480029106140137,4.580029010772705,5.730028867721558,-3.219970703125,-7.019970655441284,9.080029487609863,10.730029344558716,7.130029201507568,3.430029273033142,-4.505029320716858,3.419970750808716,-32.480029582977295,-19.480029106140137,-4.580029010772705,-5.730028867721558,3.219970703125,7.019970655441284,-9.080029487609863,-10.730029344558716,-7.130029201507568,-3.430029273033142,-4.505029320716858,3.419970750808716
2022-12-29,5.119970798492432,8.869970321655273,15.799999952316284,11.369970798492432,13.330029249191284,11.880029201507568,10.480029106140137,9.480029106140137,8.530029296875,6.930029273033142,5.305029273033142,4.125000059604645,5.119970798492432,8.869970321655273,15.799999952316284,11.369970798492432,13.330029249191284,11.880029201507568,10.480029106140137,9.480029106140137,8.530029296875,6.930029273033142,5.305029273033142,4.125000059604645
2022-12-30,4.699999809265137,5.800000190734863,-0.2999997138977051,-6.199999809265137,-0.5999999046325684,1.7000000476837158,2.1999998092651367,-13.799999713897705,-16.049999952316284,-17.0,-17.59999990463257,-11.350000143051147,4.699999809265137,5.800000190734863,-0.2999997138977051,-6.199999809265137,0.5999999046325684,-1.7000000476837158,-2.1999998092651367,-13.799999713897705,-16.049999952316284,-17.0,-17.59999990463257,-11.350000143051147
2023-01-03,-21.03989267349243,-25.800000190734863,-11.189892768859863,-17.160107135772705,-5.110107421875,1.2398929595947266,1.689892053604126,-6.960107088088989,-3.9601073265075684,2.4398927688598633,7.0101072788238525,2.7601075172424316,21.03989267349243,25.800000190734863,11.189892768859863,17.160107135772705,5.110107421875,-1.2398929595947266,-1.689892053604126,6.960107088088989,3.9601073265075684,-2.4398927688598633,7.0101072788238525,2.7601075172424316
2023-01-04,-28.780029296875,-10.880029201507568,-19.730029106140137,-25.5,-8.769970893859863,-13.019970417022705,-21.969970703125,-16.36997079849243,-21.319971084594727,-7.719970941543579,8.330029249191284,1.1699706315994263,28.780029296875,10.880029201507568,19.730029106140137,25.5,8.769970893859863,13.019970417022705,21.969970703125,16.36997079849243,21.319971084594727,-7.719970941543579,8.330029249191284,-1.1699706315994263
2023-01-05,18.550097465515137,15.800097465515137,21.050000190734863,19.800000190734863,17.5,14.800097465515137,15.800000190734863,3.2000977993011475,6.10009765625,4.300097703933716,-2.4999022483825684,5.4750975370407104,18.550097465515137,15.800097465515137,21.050000190734863,19.800000190734863,17.5,14.800097465515137,15.800000190734863,3.2000977993011475,6.10009765625,4.300097703933716,-2.4999022483825684,5.4750975370407104
2023-01-06,-40.18007850646973,-26.380077838897705,-3.9800777435302734,-5.330078125,2.119922161102295,-3.5300779342651367,-10.130077838897705,-1.8800783157348633,1.919921875,11.019922018051147,8.650000095367432,5.924999952316284,-40.18007850646973,-26.380077838897705,-3.9800777435302734,-5.330078125,2.119922161102295,-3.5300779342651367,-10.130077838897705,-1.8800783157348633,1.919921875,11.019922018051147,8.650000095367432,5.924999952316284
2023-01-09,-17.05991220474243,-14.009912014007568,26.40991234779358,38.109912157058716,39.159912109375,34.00991201400757,29.559911966323853,26.25991201400757,-10.409912109375,-12.459912061691284,0.29008781909942627,-1.6150879859924316,-17.05991220474243,-14.009912014007568,-26.40991234779358,-38.109912157058716,-39.159912109375,-34.00991201400757,-29.559911966323853,-26.25991201400757,-10.409912109375,-12.459912061691284,0.29008781909942627,1.6150879859924316
2023-01-10,6.199999809265137,3.40000057220459,0.9000000953674316,-5.25,-6.849999666213989,-8.049999952316284,-0.05000019073486328,-2.3500001430511475,1.3500001430511475,4.950000047683716,-1.8000000715255737,-4.949999988079071,6.199999809265137,3.40000057220459,0.9000000953674316,-5.25,-6.849999666213989,-8.049999952316284,-0.05000019073486328,-2.3500001430511475,1.3500001430511475,4.950000047683716,-1.8000000715255737,-4.949999988079071
2023-01-11,-10.160107612609863,-6.960107326507568,-21.910107612609863,-14.060107707977295,-11.310107469558716,-6.560107469558716,-7.560107469558716,-3.9601073265075684,-9.960107445716858,-7.010107398033142,-3.860107421875,-5.710107445716858,-10.160107612609863,-6.960107326507568,-21.910107612609863,-14.060107707977295,-11.310107469558716,-6.560107469558716,-7.560107469558716,-3.9601073265075684,-9.960107445716858,-7.010107398033142,-3.860107421875,-5.710107445716858
2023-01-12,3.330078125,17.530078411102295,10.530077934265137,13.980078220367432,15.380078315734863,-10.069921493530273,-7.219921827316284,11.630077838897705,0.5199217796325684,9.369921922683716,7.7699220180511475,6.725000023841858,3.330078125,17.530078411102295,10.530077934265137,13.980078220367432,15.380078315734863,10.069921493530273,7.219921827316284,11.630077838897705,0.5199217796325684,9.369921922683716,7.7699220180511475,6.725000023841858
2023-01-13,-12.140087842941284,0.009911537170410156,-1.7400875091552734,-7.890087842941284,-9.140087842941284,-6.690087795257568,-2.2900876998901367,-8.440087795257568,0.7099123001098633,-0.6400878429412842,-1.9900879859924316,4.450000107288361,-12.140087842941284,0.009911537170410156,-1.7400875091552734,-7.890087842941284,-9.140087842941284,-6.690087795257568,-2.2900876998901367,-8.440087795257568,0.7099123001098633,-0.6400878429412842,-1.9900879859924316,4.450000107288361
2023-01-17,14.619970798492432,-2.4800291061401367,13.06997036933899,14.900000095367432,9.319970607757568,11.730029344558716,11.200000047683716,5.9699705839157104,-0.28002917766571045,8.100000023841858,6.149999976158142,3.875,14.619970798492432,-2.4800291061401367,13.06997036933899,14.900000095367432,9.319970607757568,11.730029344558716,11.200000047683716,5.9699705839157104,-0.28002917766571045,8.100000023841858,6.149999976158142,3.875
2023-01-18,58.33989238739014,60.189892292022705,40.089892625808716,-19.689892530441284,-16.23989248275757,-7.5398924350738525,-3.639892578125,-4.689892768859863,-5.689892768859863,-12.739892601966858,-4.239892601966858,-6.639892637729645,-58.33989238739014,-60.189892292022705,-40.089892625808716,-19.689892530441284,-16.23989248275757,-7.5398924350738525,-3.639892578125,-4.689892768859863,-5.689892768859863,-12.739892601966858,-4.239892601966858,-6.639892637729645
2023-01-19,16.050097465515137,18.45009756088257,13.849902153015137,12.249902248382568,-10.89990234375,-13.699999809265137,-12.650000095367432,10.650097846984863,0.9999022483825684,-6.599902391433716,-8.449902296066284,-11.149902284145355,16.050097465515137,18.45009756088257,13.849902153015137,12.249902248382568,10.89990234375,13.699999809265137,12.650000095367432,10.650097846984863,-0.9999022483825684,-6.599902391433716,-8.449902296066284,-11.149902284145355
2023-01-20,-37.16010761260986,-30.21010732650757,-35.71010756492615,-17.160107374191284,-22.410107135772705,24.260107278823853,25.110107421875,-30.760107278823853,-12.260107278823853,-8.710107326507568,-5.160107374191284,-1.335107445716858,-37.16010761260986,-30.21010732650757,-35.71010756492615,-17.160107374191284,-22.410107135772705,-24.260107278823853,-25.110107421875,-30.760107278823853,-12.260107278823853,-8.710107326507568,-5.160107374191284,-1.335107445716858
2023-01-23,6.31005859375,-8.339941501617432,-12.68994140625,16.710058212280273,10.460058689117432,15.310058355331421,-8.360058546066284,-1.4600584506988525,0.13994145393371582,-10.650000095367432,0.08994126319885254,1.31494140625,-6.31005859375,8.339941501617432,12.68994140625,16.710058212280273,10.460058689117432,15.310058355331421,8.360058546066284,1.4600584506988525,-0.13994145393371582,10.650000095367432,0.08994126319885254,1.31494140625
2023-01-24,6.000048637390137,13.700048923492432,18.0,16.200000047683716,13.250048875808716,13.5,10.950048685073853,11.200000047683716,7.2999513149261475,9.300000190734863,4.199951171875,-4.374999940395355,6.000048637390137,13.700048923492432,18.0,16.200000047683716,13.250048875808716,13.5,10.950048685073853,11.200000047683716,7.2999513149261475,9.300000190734863,4.199951171875,4.374999940395355
2023-01-25,-32.969970703125,-30.519970417022705,-31.869970321655273,-23.56997060775757,-14.669970750808716,-20.919970750808716,-17.46997046470642,1.8800292015075684,0.08002948760986328,3.480029344558716,6.4300291538238525,4.130029320716858,-32.969970703125,-30.519970417022705,-31.869970321655273,-23.56997060775757,-14.669970750808716,-20.919970750808716,-17.46997046470642,1.8800292015075684,0.08002948760986328,3.480029344558716,6.4300291538238525,4.130029320716858
2023-01-26,-2.929932117462158,1.8700685501098633,-18.77993106842041,-15.629931449890137,-12.779931783676147,-4.0799314975738525,-10.429931640625,-7.379931688308716,-3.679931879043579,-5.879931688308716,-2.8299314975738525,-0.7799316048622131,-2.929932117462158,1.8700685501098633,-18.77993106842041,-15.629931449890137,-12.779931783676147,-4.0799314975738525,-10.429931640625,-7.379931688308716,-3.679931879043579,-5.879931688308716,-2.8299314975738525,-0.7799316048622131
2023-01-27,18.639941692352295,20.389941215515137,4.339941024780273,12.339941501617432,15.800000190734863,14.599999904632568,8.960058450698853,12.349999904632568,6.410058498382568,-0.4899413585662842,-6.739941358566284,8.664941430091858,18.639941692352295,20.389941215515137,4.339941024780273,12.339941501617432,15.800000190734863,14.599999904632568,8.960058450698853,12.349999904632568,6.410058498382568,-0.4899413585662842,-6.739941358566284,-8.664941430091858
2023-01-30,-14.679980278015137,-12.079980850219727,-3.529980182647705,-9.97998046875,6.72998046875,-7.529980182647705,2.0700197219848633,-4.3799803256988525,-0.7799804210662842,3.1700196266174316,1.370019555091858,6.625,-14.679980278015137,-12.079980850219727,-3.529980182647705,-9.97998046875,-6.72998046875,-7.529980182647705,2.0700197219848633,-4.3799803256988525,-0.7799804210662842,3.1700196266174316,1.370019555091858,6.625
2023-01-31,-30.00009775161743,-17.70009708404541,-14.300097465515137,-15.45009732246399,-16.550097465515137,-12.950097560882568,-14.050097703933716,-15.150097608566284,-11.400097846984863,-7.10009765625,-8.800097584724426,-20.300097703933716,-30.00009775161743,-17.70009708404541,-14.300097465515137,-15.45009732246399,-16.550097465515137,-12.950097560882568,-14.050097703933716,-15.150097608566284,-11.400097846984863,-7.10009765625,-8.800097584724426,-20.300097703933716
2023-02-01,7.14003849029541,-0.009961128234863281,-15.10996150970459,-5.359960556030273,-11.159960746765137,-15.609960556030273,-15.35996150970459,-9.909961700439453,-12.40995979309082,-18.50996208190918,10.490039348602295,9.009960889816284,7.14003849029541,-0.009961128234863281,-15.10996150970459,-5.359960556030273,-11.159960746765137,-15.609960556030273,-15.35996150970459,-9.909961700439453,-12.40995979309082,-18.50996208190918,10.490039348602295,9.009960889816284
2023-02-02,6.259765625,-1.3902339935302734,-19.199999809265137,-19.15000009536743,-13.540234565734863,-15.700000286102295,-15.149999856948853,-14.0,-1.4097654819488525,-5.340234279632568,10.159765720367432,-6.0097655057907104,-6.259765625,1.3902339935302734,19.199999809265137,19.15000009536743,13.540234565734863,15.700000286102295,15.149999856948853,14.0,1.4097654819488525,5.340234279632568,-10.159765720367432,-6.0097655057907104
2023-02-03,-21.22998046875,-2.1799802780151367,4.820019245147705,17.670019149780273,2.4200191497802734,14.920019626617432,-5.379980564117432,15.679980754852295,13.879980564117432,14.5,11.52001953125,9.100000023841858,21.22998046875,2.1799802780151367,-4.820019245147705,-17.670019149780273,-2.4200191497802734,-14.920019626617432,5.379980564117432,15.679980754852295,13.879980564117432,14.5,11.52001953125,9.100000023841858
2023-02-06,23.5,10.469921588897705,19.84999990463257,9.580078125,16.119921684265137,14.719921588897705,14.600000143051147,12.319921970367432,12.0,6.430078029632568,8.599999904632568,-0.43007802963256836,23.5,10.469921588897705,19.84999990463257,9.580078125,16.119921684265137,14.719921588897705,14.600000143051147,12.319921970367432,12.0,6.430078029632568,8.599999904632568,-0.43007802963256836
2023-02-07,23.399999618530273,29.0,30.199999809265137,16.15000009536743,15.0,16.40000009536743,-21.65000009536743,29.40000057220459,42.59999990463257,14.150000095367432,2.8000001907348633,-3.450000047683716,-23.399999618530273,-29.0,-30.199999809265137,-16.15000009536743,-15.0,-16.40000009536743,21.65000009536743,-29.40000057220459,-42.59999990463257,-14.150000095367432,-2.8000001907348633,3.450000047683716
2023-02-08,8.540136814117432,4.840136528015137,-3.609862804412842,20.149999618530273,12.259862899780273,11.209863662719727,5.359863519668579,9.309863090515137,7.659863471984863,10.209863185882568,2.9598631858825684,6.649999976158142,-8.540136814117432,-4.840136528015137,3.609862804412842,20.149999618530273,12.259862899780273,11.209863662719727,5.359863519668579,9.309863090515137,7.659863471984863,10.209863185882568,2.9598631858825684,6.649999976158142
2023-02-09,34.90000057220459,26.300000190734863,38.34999990463257,24.350000381469727,25.549999952316284,22.75,12.549999713897705,8.59999966621399,5.3999998569488525,-3.6500000953674316,4.050000071525574,-5.125,-34.90000057220459,-26.300000190734863,-38.34999990463257,-24.350000381469727,-25.549999952316284,-22.75,-12.549999713897705,-8.59999966621399,-5.3999998569488525,3.6500000953674316,-4.050000071525574,5.125
2023-02-10,13.190039157867432,24.7900390625,13.340039253234863,12.0400390625,4.340038776397705,-2.1099610328674316,6.590039014816284,14.940039157867432,3.090039014816284,-3.6599607467651367,4.140038967132568,0.8150390386581421,13.190039157867432,24.7900390625,13.340039253234863,12.0400390625,4.340038776397705,-2.1099610328674316,6.590039014816284,14.940039157867432,3.090039014816284,-3.6599607467651367,4.140038967132568,0.8150390386581421
2023-02-13,-1.6900396347045898,1.5099611282348633,5.409960746765137,9.409960985183716,7.9599609375,11.809960842132568,10.959960699081421,9.2099609375,10.249999761581421,2.3099608421325684,0.7599610090255737,-1.8650391101837158,-1.6900396347045898,1.5099611282348633,5.409960746765137,9.409960985183716,7.9599609375,11.809960842132568,10.959960699081421,9.2099609375,10.249999761581421,2.3099608421325684,0.7599610090255737,-1.8650391101837158
2023-02-14,-24.1298828125,-20.279882431030273,-5.220117092132568,-2.1298828125,-3.429882526397705,1.8798828125,-3.77011775970459,15.27011752128601,13.570117235183716,10.470117092132568,5.1298829317092896,2.0798827409744263,24.1298828125,20.279882431030273,5.220117092132568,-2.1298828125,-3.429882526397705,-1.8798828125,3.77011775970459,15.27011752128601,13.570117235183716,10.470117092132568,5.1298829317092896,2.0798827409744263
2023-02-15,-9.60009765625,-7.300097942352295,-8.550097942352295,-1.150097370147705,-2.100097417831421,-12.450097799301147,-9.000097751617432,-1.0000977516174316,3.0499024391174316,6.499902248382568,-5.150097608566284,-2.4250975847244263,-9.60009765625,-7.300097942352295,-8.550097942352295,-1.150097370147705,-2.100097417831421,-12.450097799301147,-9.000097751617432,-1.0000977516174316,3.0499024391174316,6.499902248382568,-5.150097608566284,-2.4250975847244263
2023-02-16,21.659912109375,2.2099123001098633,-10.240087985992432,-11.290087699890137,12.990087747573853,19.540087938308716,20.69008779525757,-15.990087985992432,24.140087842941284,30.540087938308716,26.390087962150574,2.140087842941284,21.659912109375,2.2099123001098633,-10.240087985992432,-11.290087699890137,-12.990087747573853,-19.540087938308716,-20.69008779525757,-15.990087985992432,-24.140087842941284,-30.540087938308716,-26.390087962150574,-2.140087842941284
2023-02-17,4.259912014007568,15.459911823272705,3.8599119186401367,-3.340087890625,-4.540088176727295,4.309911727905273,-6.540087699890137,-7.9900877475738525,-4.4900877475738525,2.909912109375,10.550000190734863,3.259912133216858,4.259912014007568,15.459911823272705,3.8599119186401367,-3.340087890625,-4.540088176727295,4.309911727905273,-6.540087699890137,-7.9900877475738525,-4.4900877475738525,2.909912109375,10.550000190734863,3.259912133216858
2023-02-21,-8.659912109375,-0.6099119186401367,-2.0599122047424316,6.490087509155273,5.140088081359863,9.19008755683899,-2.0099120140075684,6.390088081359863,9.590088129043579,11.100000143051147,6.9400880336761475,3.640087842941284,-8.659912109375,-0.6099119186401367,-2.0599122047424316,6.490087509155273,5.140088081359863,9.19008755683899,-2.0099120140075684,6.390088081359863,9.590088129043579,11.100000143051147,6.9400880336761475,3.640087842941284
2023-02-22,17.300049304962158,24.899999618530273,20.65004825592041,19.450048446655273,13.900048732757568,8.350048542022705,8.300049304962158,2.9000487327575684,-6.550048828125,10.200048685073853,4.799951076507568,0.199951171875,17.300049304962158,24.899999618530273,20.65004825592041,19.450048446655273,13.900048732757568,8.350048542022705,8.300049304962158,2.9000487327575684,6.550048828125,10.200048685073853,4.799951076507568,0.199951171875
2023-02-23,-12.770068645477295,-16.570068836212158,7.279932022094727,-2.9200682640075684,-17.97006845474243,-19.92006826400757,-12.020068168640137,-13.920068502426147,-10.370068311691284,9.279931545257568,6.879931688308716,-1.979931652545929,12.770068645477295,16.570068836212158,7.279932022094727,-2.9200682640075684,-17.97006845474243,-19.92006826400757,-12.020068168640137,-13.920068502426147,-10.370068311691284,9.279931545257568,6.879931688308716,-1.979931652545929
2023-02-24,12.309961318969727,3.7099609375,2.0099611282348633,10.4599609375,13.759961128234863,12.159960746765137,0.9599609375,4.9599609375,8.159960985183716,7.1099607944488525,10.25,7.125,12.309961318969727,3.7099609375,2.0099611282348633,10.4599609375,13.759961128234863,12.159960746765137,0.9599609375,4.9599609375,8.159960985183716,7.1099607944488525,10.25,7.125
2023-02-27,-2.510009765625,-8.910009860992432,5.639989852905273,14.439990282058716,12.589990615844727,11.239990234375,5.289990186691284,3.7899904251098633,-2.210009813308716,1.2899901866912842,5.014990329742432,5.300000071525574,-2.510009765625,-8.910009860992432,5.639989852905273,14.439990282058716,12.589990615844727,11.239990234375,5.289990186691284,3.7899904251098633,-2.210009813308716,1.2899901866912842,5.014990329742432,5.300000071525574
2023-02-28,16.14990234375,14.349902153015137,13.049901962280273,6.64990234375,10.049902200698853,-0.85009765625,7.550097703933716,13.100097417831421,9.250097513198853,5.60009765625,1.950097680091858,-0.5999023914337158,16.14990234375,14.349902153015137,13.049901962280273,6.64990234375,10.049902200698853,-0.85009765625,-7.550097703933716,-13.100097417831421,-9.250097513198853,-5.60009765625,-1.950097680091858,0.5999023914337158
2023-03-01,8.339892387390137,19.850000381469727,9.339892864227295,15.310107231140137,7.689892768859863,6.589892625808716,5.289892673492432,12.549999952316284,11.049999952316284,8.560107469558716,7.060107469558716,4.210107326507568,8.339892387390137,19.850000381469727,9.339892864227295,15.310107231140137,7.689892768859863,6.589892625808716,5.289892673492432,12.549999952316284,11.049999952316284,8.560107469558716,7.060107469558716,4.210107326507568
2023-03-02,-20.450098037719727,-16.75009775161743,-13.250097751617432,-19.150097608566284,20.25009799003601,21.900097608566284,18.150097608566284,24.10009765625,0.3499023914337158,4.0499022006988525,-1.14990234375,-3.7249022722244263,-20.450098037719727,-16.75009775161743,-13.250097751617432,-19.150097608566284,-20.25009799003601,-21.900097608566284,-18.150097608566284,-24.10009765625,0.3499023914337158,4.0499022006988525,1.14990234375,3.7249022722244263
2023-03-03,-12.439892292022705,-7.23989200592041,-13.139892339706421,-9.589892148971558,-5.789892673492432,-2.2398924827575684,1.5101072788238525,0.9101073741912842,-0.8398926258087158,7.410107493400574,6.860107421875,4.860107421875,-12.439892292022705,-7.23989200592041,-13.139892339706421,-9.589892148971558,-5.789892673492432,-2.2398924827575684,1.5101072788238525,0.9101073741912842,-0.8398926258087158,7.410107493400574,6.860107421875,4.860107421875
2023-03-06,6.819921970367432,-4.830078125,-5.380078077316284,-1.8800783157348633,-8.480078220367432,-9.880078077316284,-0.3300783634185791,-1.080078125,7.8199217319488525,6.2699220180511475,4.594921946525574,4.074999988079071,6.819921970367432,-4.830078125,-5.380078077316284,-1.8800783157348633,-8.480078220367432,-9.880078077316284,-0.3300783634185791,-1.080078125,7.8199217319488525,6.2699220180511475,4.594921946525574,4.074999988079071
2023-03-07,-26.8798828125,-7.179883003234863,4.020117282867432,2.4701175689697266,4.3701171875,-7.329882621765137,-3.3798828125,5.570117235183716,13.199999809265137,11.099999904632568,6.979882836341858,5.699999928474426,-26.8798828125,-7.179883003234863,4.020117282867432,2.4701175689697266,4.3701171875,-7.329882621765137,-3.3798828125,5.570117235183716,13.199999809265137,11.099999904632568,6.979882836341858,5.699999928474426
2023-03-08,23.950000286102295,20.199999809265137,15.989990234375,14.089990377426147,12.360009670257568,6.989990234375,6.489990234375,-5.1100099086761475,-6.4100096225738525,2.0899901390075684,-5.185009717941284,-7.160009801387787,23.950000286102295,20.199999809265137,15.989990234375,14.089990377426147,12.360009670257568,6.989990234375,6.489990234375,-5.1100099086761475,-6.4100096225738525,2.0899901390075684,-5.185009717941284,-7.160009801387787
2023-03-09,72.929931640625,64.07993125915527,65.57993149757385,61.77993154525757,58.07993149757385,59.12993144989014,49.92993187904358,33.92993140220642,17.479931592941284,19.379931688308716,5.629931688308716,11.25,-72.929931640625,-64.07993125915527,-65.57993149757385,-61.77993154525757,-58.07993149757385,-59.12993144989014,-49.92993187904358,-33.92993140220642,-17.479931592941284,-19.379931688308716,-5.629931688308716,11.25
2023-03-10,-7.340088844299316,-4.040088176727295,25.80991220474243,38.50991153717041,11.759912014007568,4.00991153717041,-4.290088176727295,-23.5,-16.55991220474243,-17.909911632537842,3.090087890625,2.8900880813598633,7.340088844299316,4.040088176727295,-25.80991220474243,-38.50991153717041,-11.759912014007568,-4.00991153717041,4.290088176727295,23.5,16.55991220474243,17.909911632537842,3.090087890625,2.8900880813598633
2023-03-13,-46.750000953674316,-34.739990234375,-20.06001091003418,3.239990234375,0.6399908065795898,8.160009860992432,22.16000986099243,18.360010147094727,3.33998966217041,-11.289990425109863,14.889990329742432,7.810009717941284,46.750000953674316,34.739990234375,20.06001091003418,-3.239990234375,-0.6399908065795898,8.160009860992432,22.16000986099243,18.360010147094727,-3.33998966217041,-11.289990425109863,-14.889990329742432,7.810009717941284
2023-03-14,27.459961414337158,-20.19003915786743,-22.2900390625,-10.240039348602295,-14.140039443969727,-19.5,-19.59999990463257,3.5599608421325684,-4.39003849029541,-2.790038824081421,-11.0400390625,25.840039134025574,27.459961414337158,20.19003915786743,22.2900390625,10.240039348602295,14.140039443969727,19.5,19.59999990463257,3.5599608421325684,-4.39003849029541,-2.790038824081421,-11.0400390625,-25.840039134025574
2023-03-15,6.87006950378418,-7.870068550109863,-4.170068740844727,-2.120068073272705,4.129931926727295,14.029931545257568,20.329931259155273,1.629931926727295,-1.7700681686401367,20.17006826400757,15.270068168640137,-8.970068454742432,6.87006950378418,7.870068550109863,4.170068740844727,2.120068073272705,-4.129931926727295,-14.029931545257568,-20.329931259155273,-1.629931926727295,1.7700681686401367,20.17006826400757,15.270068168640137,8.970068454742432
2023-03-16,-37.38002967834473,-51.28002977371216,-13.380029201507568,0.16997098922729492,1.919970989227295,-0.8800296783447266,15.569970607757568,12.619970321655273,10.719970941543579,2.8699705600738525,4.719970703125,-6.774999976158142,-37.38002967834473,-51.28002977371216,-13.380029201507568,0.16997098922729492,1.919970989227295,-0.8800296783447266,15.569970607757568,12.619970321655273,10.719970941543579,2.8699705600738525,4.719970703125,6.774999976158142
2023-03-17,-7.339892864227295,-18.839892387390137,28.09999990463257,24.21010732650757,22.160107612609863,19.139892578125,20.850000381469727,15.589892864227295,9.289892196655273,11.810107707977295,13.460107564926147,6.939892530441284,7.339892864227295,18.839892387390137,28.09999990463257,24.21010732650757,22.160107612609863,19.139892578125,20.850000381469727,15.589892864227295,9.289892196655273,11.810107707977295,13.460107564926147,6.939892530441284
2023-03-20,15.329931259155273,16.179931640625,21.729931831359863,19.470067977905273,14.82993221282959,5.479931831359863,12.229931831359863,14.52993130683899,12.129931688308716,9.829931497573853,2.2799317836761475,4.129931628704071,15.329931259155273,16.179931640625,21.729931831359863,19.470067977905273,14.82993221282959,5.479931831359863,12.229931831359863,14.52993130683899,12.129931688308716,9.829931497573853,2.2799317836761475,4.129931628704071
2023-03-21,13.379883289337158,-1.7701172828674316,-3.820117473602295,-1.3701171875,-11.170117378234863,-3.5701169967651367,-8.970117092132568,-6.820117235183716,-12.920117139816284,-5.345117211341858,-0.5201171636581421,-1.7048827409744263,13.379883289337158,-1.7701172828674316,-3.820117473602295,-1.3701171875,-11.170117378234863,-3.5701169967651367,-8.970117092132568,-6.820117235183716,-12.920117139816284,-5.345117211341858,-0.5201171636581421,1.7048827409744263
2023-03-22,-12.030029296875,-20.580029487609863,-15.93002986907959,-11.530029296875,-11.030029296875,-5.430028915405273,0.36997127532958984,-5.030029296875,-9.18002986907959,-33.13002872467041,39.88002920150757,49.18002915382385,-12.030029296875,-20.580029487609863,-15.93002986907959,-11.530029296875,-11.030029296875,-5.430028915405273,0.36997127532958984,-5.030029296875,-9.18002986907959,-33.13002872467041,-39.88002920150757,-49.18002915382385
2023-03-23,-3.969970703125,8.630029201507568,24.68002986907959,20.43002939224243,26.63002920150757,23.480029582977295,13.380029678344727,-2.469970703125,-5.719970703125,-16.580029487609863,-9.830029487609863,2.0800294876098633,3.969970703125,-8.630029201507568,-24.68002986907959,-20.43002939224243,-26.63002920150757,-23.480029582977295,-13.380029678344727,2.469970703125,5.719970703125,16.580029487609863,9.830029487609863,2.0800294876098633
2023-03-24,-1.8399896621704102,1.810009479522705,-10.139990329742432,-16.039990425109863,5.310009956359863,-5.489990234375,1.310009479522705,4.460010051727295,1.8100097179412842,3.9100096225738525,6.560009717941284,7.5100098848342896,-1.8399896621704102,1.810009479522705,-10.139990329742432,-16.039990425109863,5.310009956359863,-5.489990234375,1.310009479522705,4.460010051727295,1.8100097179412842,3.9100096225738525,6.560009717941284,7.5100098848342896
2023-03-27,6.780029296875,16.18002939224243,23.09999990463257,17.68002986907959,16.969970703125,14.230029106140137,15.799999952316284,11.280029296875,8.980029344558716,2.9300291538238525,-9.519970655441284,7.6949708461761475,6.780029296875,16.18002939224243,23.09999990463257,17.68002986907959,16.969970703125,14.230029106140137,15.799999952316284,11.280029296875,8.980029344558716,2.9300291538238525,-9.519970655441284,-7.6949708461761475
2023-03-28,20.629980087280273,19.550000190734863,12.979980945587158,17.200000286102295,11.970019340515137,13.379980564117432,12.029980659484863,5.829980373382568,-3.720019578933716,-1.7200195789337158,1.2799805402755737,-1.4700195789337158,20.629980087280273,19.550000190734863,12.979980945587158,17.200000286102295,11.970019340515137,13.379980564117432,12.029980659484863,5.829980373382568,-3.720019578933716,-1.7200195789337158,1.2799805402755737,-1.4700195789337158
2023-03-29,6.18994140625,0.4899411201477051,-6.510058641433716,-3.2100586891174316,0.13994145393371582,-0.7600586414337158,-1.6100587844848633,2.2899415493011475,-3.6100586652755737,-5.3100587129592896,3.289941430091858,4.549999952316284,6.18994140625,0.4899411201477051,-6.510058641433716,-3.2100586891174316,0.13994145393371582,-0.7600586414337158,-1.6100587844848633,2.2899415493011475,-3.6100586652755737,-5.3100587129592896,3.289941430091858,4.549999952316284
2023-03-30,11.180078268051147,13.700000047683716,13.600000143051147,11.269922018051147,10.569921970367432,5.669921875,-0.7800779342651367,-1.6300780773162842,-2.530078411102295,5.494921803474426,4.769921898841858,2.944921910762787,11.180078268051147,13.700000047683716,13.600000143051147,11.269922018051147,10.569921970367432,5.669921875,-0.7800779342651367,-1.6300780773162842,-2.530078411102295,5.494921803474426,4.769921898841858,2.944921910762787
2023-03-31,-18.760058403015137,-20.91005849838257,-16.460058450698853,-9.81005859375,-5.410058498382568,0.08994150161743164,-6.160058498382568,-11.660058498382568,-8.31005859375,-8.910058498382568,-9.710058689117432,3.43994140625,-18.760058403015137,-20.91005849838257,-16.460058450698853,-9.81005859375,-5.410058498382568,0.08994150161743164,-6.160058498382568,-11.660058498382568,-8.31005859375,-8.910058498382568,-9.710058689117432,3.43994140625
2023-04-03,13.490234375,15.859765529632568,-3.509765625,-5.409765243530273,-2.4097657203674316,1.2902343273162842,-4.309765577316284,-5.309765577316284,-6.409765601158142,-3.0347657203674316,1.7902344465255737,3.824999988079071,13.490234375,15.859765529632568,-3.509765625,-5.409765243530273,-2.4097657203674316,1.2902343273162842,-4.309765577316284,-5.309765577316284,-6.409765601158142,-3.0347657203674316,1.7902344465255737,3.824999988079071
2023-04-04,2.899902582168579,1.3000977039337158,4.900097370147705,14.699999809265137,12.949902296066284,11.549902439117432,10.749902248382568,9.700000047683716,8.700000047683716,2.5999022722244263,0.5499023199081421,1.775097668170929,-2.899902582168579,1.3000977039337158,4.900097370147705,14.699999809265137,12.949902296066284,11.549902439117432,10.749902248382568,9.700000047683716,8.700000047683716,2.5999022722244263,0.5499023199081421,-1.775097668170929
2023-04-05,12.529882907867432,15.77011752128601,4.820117235183716,3.0201172828674316,5.8701171875,0.6701171398162842,-0.17988276481628418,3.3701171875,7.170117378234863,1.4951173067092896,5.295117259025574,3.045117199420929,12.529882907867432,15.77011752128601,4.820117235183716,3.0201172828674316,5.8701171875,0.6701171398162842,-0.17988276481628418,3.3701171875,7.170117378234863,1.4951173067092896,5.295117259025574,3.045117199420929
2023-04-06,-11.77001953125,-4.470019817352295,-11.170019626617432,-7.6700193881988525,1.729980707168579,6.529980421066284,5.8299806118011475,9.129980325698853,7.9799805879592896,6.5,4.754980444908142,3.004980444908142,-11.77001953125,-4.470019817352295,-11.170019626617432,-7.6700193881988525,1.729980707168579,6.529980421066284,5.8299806118011475,9.129980325698853,7.9799805879592896,6.5,4.754980444908142,3.004980444908142
2023-04-10,-16.309863090515137,-13.309863090515137,-14.35986328125,-6.709863185882568,-12.459863185882568,-12.959863424301147,0.6901366710662842,-0.15986335277557373,-1.3598631620407104,2.3151365518569946,0.6901366710662842,-0.3098633289337158,-16.309863090515137,-13.309863090515137,-14.35986328125,-6.709863185882568,-12.459863185882568,-12.959863424301147,0.6901366710662842,-0.15986335277557373,-1.3598631620407104,2.3151365518569946,0.6901366710662842,-0.3098633289337158
2023-04-11,15.300000190734863,13.139941692352295,13.700000047683716,10.589941501617432,9.539941310882568,3.289941430091858,2.43994140625,1.4899413585662842,-5.31005859375,-5.760058641433716,-6.785058617591858,8.460058569908142,15.300000190734863,13.139941692352295,13.700000047683716,10.589941501617432,9.539941310882568,3.289941430091858,2.43994140625,1.4899413585662842,-5.31005859375,-5.760058641433716,-6.785058617591858,-8.460058569908142
2023-04-12,7.050048828125,15.450048446655273,12.049951553344727,4.099951267242432,8.100048780441284,9.250048875808716,15.350048780441284,15.950048923492432,16.250048875808716,2.4500486850738525,-0.5499513149261475,4.400048851966858,-7.050048828125,-15.450048446655273,12.049951553344727,4.099951267242432,-8.100048780441284,-9.250048875808716,-15.350048780441284,-15.950048923492432,-16.250048875808716,-2.4500486850738525,0.5499513149261475,4.400048851966858
2023-04-13,-25.120214700698853,-10.570214986801147,-12.120214700698853,-13.020215034484863,-9.72021484375,-6.22021484375,-7.170214891433716,-2.4202147722244263,2.5297852754592896,6.229785203933716,5.299999952316284,3.800000011920929,-25.120214700698853,-10.570214986801147,-12.120214700698853,-13.020215034484863,-9.72021484375,-6.22021484375,-7.170214891433716,-2.4202147722244263,2.5297852754592896,6.229785203933716,5.299999952316284,3.800000011920929
2023-04-14,5.0098631381988525,18.399999618530273,13.259862899780273,7.059863090515137,-5.059863328933716,1.9401366710662842,6.64013671875,7.590136766433716,4.14013671875,-4.8598631620407104,-3.3098632097244263,2.084863305091858,-5.0098631381988525,18.399999618530273,13.259862899780273,7.059863090515137,5.059863328933716,-1.9401366710662842,-6.64013671875,-7.590136766433716,-4.14013671875,4.8598631620407104,3.3098632097244263,2.084863305091858
2023-04-17,3.7801756858825684,2.18017578125,0.8301758766174316,-4.81982421875,-10.519824266433716,-11.119823932647705,-12.31982421875,-8.619824290275574,-14.419824242591858,-15.644824266433716,-6.169824302196503,1.80517578125,3.7801756858825684,2.18017578125,0.8301758766174316,-4.81982421875,-10.519824266433716,-11.119823932647705,-12.31982421875,-8.619824290275574,-14.419824242591858,-15.644824266433716,-6.169824302196503,1.80517578125
2023-04-18,-14.070117235183716,-9.829882860183716,9.029882907867432,7.829882860183716,1.8798828125,9.950000047683716,9.899999976158142,3.979882836341858,7.350000023841858,-6.0201170444488525,5.950000047683716,3.675000011920929,14.070117235183716,9.829882860183716,9.029882907867432,7.829882860183716,1.8798828125,9.950000047683716,9.899999976158142,3.979882836341858,7.350000023841858,6.0201170444488525,5.950000047683716,3.675000011920929
2023-04-19,0.9799802303314209,3.679980516433716,7.47998046875,6.929980278015137,6.079980373382568,9.099999904632568,8.349999904632568,7.8500001430511475,5.620019435882568,5.870019555091858,4.320019602775574,2.195019543170929,0.9799802303314209,3.679980516433716,7.47998046875,6.929980278015137,6.079980373382568,9.099999904632568,8.349999904632568,7.8500001430511475,5.620019435882568,5.870019555091858,4.320019602775574,2.195019543170929
2023-04-20,15.15000033378601,-13.590039014816284,-6.690039157867432,-11.7900390625,-10.390038967132568,-4.0400390625,2.2099610567092896,8.2099609375,3.759960889816284,-1.140039086341858,-7.149999976158142,4.590039074420929,15.15000033378601,13.590039014816284,6.690039157867432,11.7900390625,10.390038967132568,4.0400390625,-2.2099610567092896,-8.2099609375,-3.759960889816284,1.140039086341858,7.149999976158142,-4.590039074420929
2023-04-21,7.979980230331421,-13.150000095367432,0.8799808025360107,4.179980516433716,8.029980421066284,6.97998046875,6.129980564117432,5.079980373382568,7.149999976158142,6.8500001430511475,5.550000071525574,0.60498046875,7.979980230331421,13.150000095367432,0.8799808025360107,4.179980516433716,8.029980421066284,6.97998046875,6.129980564117432,5.079980373382568,7.149999976158142,6.8500001430511475,5.550000071525574,0.60498046875
2023-04-24,14.299999952316284,9.440038919448853,5.009960889816284,-0.7400391101837158,-1.6400389671325684,1.7599607706069946,0.5599609613418579,0.00996100902557373,3.6849608421325684,3.134960889816284,1.884960949420929,0.9099609553813934,14.299999952316284,9.440038919448853,5.009960889816284,-0.7400391101837158,-1.6400389671325684,1.7599607706069946,0.5599609613418579,0.00996100902557373,3.6849608421325684,3.134960889816284,1.884960949420929,0.9099609553813934
2023-04-25,24.12011694908142,19.020117044448853,21.27011728286743,22.420117139816284,17.020117044448853,18.12011694908142,13.720117330551147,-0.6701171398162842,2.6298828125,-0.2201169729232788,3.529882788658142,-3.8451172709465027,-24.12011694908142,-19.020117044448853,-21.27011728286743,-22.420117139816284,-17.020117044448853,-18.12011694908142,-13.720117330551147,-0.6701171398162842,2.6298828125,-0.2201169729232788,3.529882788658142,-3.8451172709465027
2023-04-26,-7.4100096225738525,7.989990472793579,-0.21000957489013672,-11.260009765625,-12.510009765625,-13.510009765625,-9.110009908676147,5.210009694099426,6.339990139007568,4.389990329742432,6.360009670257568,3.385009765625,-7.4100096225738525,7.989990472793579,-0.21000957489013672,-11.260009765625,-12.510009765625,-13.510009765625,-9.110009908676147,-5.210009694099426,6.339990139007568,4.389990329742432,6.360009670257568,3.385009765625
2023-04-27,-30.75009775161743,-26.10009765625,-31.900097608566284,-22.60009765625,-19.300097703933716,-16.050097703933716,-17.000097632408142,-13.050097584724426,-6.550097823143005,2.0499022006988525,5.700000047683716,3.574902296066284,-30.75009775161743,-26.10009765625,-31.900097608566284,-22.60009765625,-19.300097703933716,-16.050097703933716,-17.000097632408142,-13.050097584724426,-6.550097823143005,2.0499022006988525,5.700000047683716,3.574902296066284
2023-04-28,14.329980611801147,-8.120019912719727,-7.529980659484863,-4.679980516433716,3.270019769668579,7.070019483566284,-10.450000047683716,-9.5,4.170019507408142,-1.5799806118011475,-2.5799803733825684,0.2700195908546448,-14.329980611801147,8.120019912719727,-7.529980659484863,-4.679980516433716,3.270019769668579,7.070019483566284,10.450000047683716,9.5,4.170019507408142,-1.5799806118011475,-2.5799803733825684,0.2700195908546448
2023-05-01,13.720117092132568,-10.720117092132568,0.8298826217651367,11.650000095367432,-7.520117282867432,-1.020117163658142,4.179882884025574,-0.4701172113418579,5.829882740974426,1.6798828840255737,2.720117211341858,-3.1249999701976776,13.720117092132568,10.720117092132568,-0.8298826217651367,11.650000095367432,7.520117282867432,1.020117163658142,-4.179882884025574,0.4701172113418579,-5.829882740974426,-1.6798828840255737,2.720117211341858,3.1249999701976776
2023-05-02,15.56992220878601,-17.480077743530273,4.219921588897705,-1.7800781726837158,-3.330078363418579,-0.2800781726837158,2.719921827316284,5.869921922683716,10.649999856948853,4.969921827316284,6.580078125,4.605078041553497,-15.56992220878601,17.480077743530273,4.219921588897705,-1.7800781726837158,-3.330078363418579,-0.2800781726837158,2.719921827316284,5.869921922683716,10.649999856948853,4.969921827316284,6.580078125,4.605078041553497
2023-05-03,-1.9500007629394531,2.3000001907348633,14.649999618530273,14.850000381469727,2.5500001907348633,2.4999990463256836,-3.84999942779541,-10.199999809265137,-3.90000057220459,-13.850000381469727,18.199999809265137,9.450000047683716,-1.9500007629394531,2.3000001907348633,14.649999618530273,14.850000381469727,2.5500001907348633,2.4999990463256836,-3.84999942779541,-10.199999809265137,-3.90000057220459,-13.850000381469727,-18.199999809265137,9.450000047683716
2023-05-04,22.469970226287842,18.080029487609863,20.530029296875,20.300000190734863,11.880029201507568,-15.750000238418579,-10.819970607757568,0.4800293445587158,-3.019970655441284,-10.5,-7.799999952316284,-4.774999976158142,22.469970226287842,18.080029487609863,20.530029296875,20.300000190734863,11.880029201507568,15.750000238418579,10.819970607757568,-0.4800293445587158,3.019970655441284,10.5,7.799999952316284,4.774999976158142
2023-05-05,-1.5000004768371582,0.5500001907348633,3.700000047683716,2.950000047683716,1.8499999046325684,-3.8999998569488525,0.20000004768371582,-1.4499999284744263,1.2500001192092896,7.100000023841858,2.5,0.699999988079071,-1.5000004768371582,0.5500001907348633,3.700000047683716,2.950000047683716,1.8499999046325684,-3.8999998569488525,0.20000004768371582,-1.4499999284744263,1.2500001192092896,7.100000023841858,2.5,0.699999988079071
2023-05-08,12.579882621765137,6.179882764816284,8.979882955551147,7.829882860183716,9.450000047683716,5.8798828125,5.429882764816284,-4.779882788658142,-6.600000023841858,6.25,2.4951171278953552,2.999999910593033,12.579882621765137,6.179882764816284,8.979882955551147,7.829882860183716,9.450000047683716,5.8798828125,5.429882764816284,4.779882788658142,6.600000023841858,6.25,2.4951171278953552,2.999999910593033
2023-05-09,8.069921731948853,11.919921875,10.219921827316284,8.969922065734863,8.619921803474426,8.950000047683716,6.569921851158142,5.419921875,-0.13007819652557373,-0.580078125,3.519921898841858,-1.7550780773162842,8.069921731948853,11.919921875,10.219921827316284,8.969922065734863,8.619921803474426,8.950000047683716,6.569921851158142,5.419921875,-0.13007819652557373,-0.580078125,3.519921898841858,-1.7550780773162842
2023-05-10,20.800000190734863,-14.559863567352295,0.15986347198486328,-6.35986328125,-4.009863376617432,1.7401366233825684,6.590136766433716,-19.04013681411743,-12.240136623382568,-9.815136671066284,1.7901366353034973,-1.440136730670929,20.800000190734863,14.559863567352295,0.15986347198486328,6.35986328125,4.009863376617432,-1.7401366233825684,-6.590136766433716,-19.04013681411743,-12.240136623382568,-9.815136671066284,-1.7901366353034973,1.440136730670929
2023-05-11,4.029882907867432,6.479882717132568,9.029882669448853,7.779882907867432,11.079882860183716,10.479882955551147,9.329882860183716,4.0298826694488525,3.0798826217651367,1.654882788658142,5.149999976158142,2.5048828721046448,4.029882907867432,6.479882717132568,9.029882669448853,7.779882907867432,11.079882860183716,10.479882955551147,9.329882860183716,4.0298826694488525,3.0798826217651367,1.654882788658142,5.149999976158142,2.5048828721046448
2023-05-12,-4.430078506469727,13.580078125,14.250000238418579,9.269921779632568,-11.75,-1.1800780296325684,-6.6800782680511475,1.8699219226837158,-8.580078125,-10.130078196525574,-7.330078125,-4.930078148841858,4.430078506469727,13.580078125,14.250000238418579,9.269921779632568,11.75,-1.1800780296325684,-6.6800782680511475,1.8699219226837158,-8.580078125,-10.130078196525574,-7.330078125,-4.930078148841858
2023-05-15,-0.07978510856628418,-2.6797850131988525,0.9202146530151367,4.120214939117432,3.8202147483825684,2.4202146530151367,6.7202147245407104,6.270214796066284,5.3452147245407104,-0.5297850966453552,2.695214867591858,-2.4249999821186066,-0.07978510856628418,-2.6797850131988525,0.9202146530151367,4.120214939117432,3.8202147483825684,2.4202146530151367,6.7202147245407104,6.270214796066284,5.3452147245407104,-0.5297850966453552,2.695214867591858,2.4249999821186066
2023-05-16,4.9999024868011475,-2.2500975131988525,2.4999022483825684,-3.800097942352295,-4.650097608566284,-5.500097751617432,-6.7000977993011475,-1.9000977277755737,-8.450097680091858,-3.9250975847244263,5.950097680091858,7.600097686052322,4.9999024868011475,-2.2500975131988525,2.4999022483825684,-3.800097942352295,-4.650097608566284,-5.500097751617432,-6.7000977993011475,-1.9000977277755737,-8.450097680091858,-3.9250975847244263,-5.950097680091858,-7.600097686052322
2023-05-17,-28.470019340515137,21.27001953125,17.37001943588257,18.02001953125,13.620019435882568,9.570019602775574,7.429980516433716,10.850000143051147,8.070019602775574,7.800000071525574,3.079980492591858,0.4799805283546448,-28.470019340515137,-21.27001953125,-17.37001943588257,-18.02001953125,-13.620019435882568,-9.570019602775574,7.429980516433716,10.850000143051147,8.070019602775574,7.800000071525574,3.079980492591858,0.4799805283546448
2023-05-18,22.199804544448853,7.9498045444488525,5.349804639816284,5.5498046875,6.249804735183716,15.949804782867432,17.19980478286743,-18.0498046875,-24.399804830551147,-16.124804615974426,13.17480480670929,9.324804723262787,-22.199804544448853,-7.9498045444488525,-5.349804639816284,-5.5498046875,-6.249804735183716,-15.949804782867432,-17.19980478286743,-18.0498046875,-24.399804830551147,-16.124804615974426,-13.17480480670929,-9.324804723262787
2023-05-19,-0.97998046875,0.5700192451477051,-3.679980516433716,18.449999809265137,15.699999809265137,11.720019340515137,12.099999904632568,10.549999952316284,7.6700193881988525,1.8700194358825684,6.75,2.320019483566284,0.97998046875,-0.5700192451477051,3.679980516433716,18.449999809265137,15.699999809265137,11.720019340515137,12.099999904632568,10.549999952316284,7.6700193881988525,1.8700194358825684,6.75,2.320019483566284
2023-05-22,14.479882717132568,13.47988247871399,13.25,9.979882717132568,8.279882669448853,10.400000095367432,6.7798826694488525,6.079882740974426,5.1298828125,-1.2451171875,-2.1701172590255737,1.179882824420929,14.479882717132568,13.47988247871399,13.25,9.979882717132568,8.279882669448853,10.400000095367432,6.7798826694488525,6.079882740974426,5.1298828125,-1.2451171875,-2.1701172590255737,1.179882824420929
2023-05-23,18.469921588897705,21.469921827316284,17.419921875,23.869921922683716,24.319921731948853,19.269922018051147,8.269921779632568,3.969921827316284,5.919921875,9.700000047683716,2.3300782442092896,-0.044921875,-18.469921588897705,-21.469921827316284,-17.419921875,-23.869921922683716,-24.319921731948853,-19.269922018051147,-8.269921779632568,-3.969921827316284,-5.919921875,9.700000047683716,2.3300782442092896,-0.044921875
2023-05-24,21.199999809265137,19.60976552963257,14.359766006469727,17.800000190734863,12.909765243530273,11.709765672683716,15.409765481948853,9.009765863418579,12.300000190734863,-3.7097654342651367,-2.1847656965255737,3.4597655534744263,21.199999809265137,19.60976552963257,14.359766006469727,17.800000190734863,12.909765243530273,11.709765672683716,15.409765481948853,9.009765863418579,12.300000190734863,3.7097654342651367,2.1847656965255737,-3.4597655534744263
2023-05-25,9.520215511322021,7.670214653015137,-10.020215034484863,-9.170214653015137,-3.8702147006988525,-13.020214796066284,-6.570214748382568,-11.299999952316284,-10.200000047683716,5.5297852754592896,7.370214939117432,1.3547852039337158,9.520215511322021,7.670214653015137,10.020215034484863,9.170214653015137,3.8702147006988525,13.020214796066284,6.570214748382568,11.299999952316284,10.200000047683716,5.5297852754592896,7.370214939117432,1.3547852039337158
2023-05-26,-6.050195217132568,12.249804496765137,11.099804878234863,4.799804449081421,7.249804735183716,11.349804639816284,10.499804735183716,9.5498046875,9.249804735183716,7.949804782867432,6.550000071525574,4.400000035762787,-6.050195217132568,12.249804496765137,11.099804878234863,4.799804449081421,7.249804735183716,11.349804639816284,10.499804735183716,9.5498046875,9.249804735183716,7.949804782867432,6.550000071525574,4.400000035762787
2023-05-30,-8.170019626617432,-10.420019626617432,-8.870019435882568,13.700000047683716,-7.6700193881988525,11.799999952316284,11.5,6.429980516433716,-0.4700195789337158,7.925000071525574,6.049999952316284,-3.350000023841858,8.170019626617432,10.420019626617432,8.870019435882568,13.700000047683716,7.6700193881988525,11.799999952316284,11.5,6.429980516433716,-0.4700195789337158,7.925000071525574,6.049999952316284,3.350000023841858
2023-05-31,17.58007788658142,11.769921779632568,9.569921970367432,4.519921779632568,8.519921779632568,6.869921922683716,6.019921779632568,-9.399999976158142,-3.1300781965255737,-1.7550781965255737,1.1300779581069946,1.3199219107627869,17.58007788658142,11.769921779632568,9.569921970367432,4.519921779632568,8.519921779632568,6.869921922683716,6.019921779632568,9.399999976158142,3.1300781965255737,1.7550781965255737,1.1300779581069946,-1.3199219107627869
2023-06-01,25.52001953125,22.620019674301147,-8.720019578933716,-4.52001953125,-3.929980516433716,-9.399999976158142,-7.97998046875,7.279980540275574,-7.074999928474426,-5.524999976158142,-0.3450195789337158,-3.5,-25.52001953125,-22.620019674301147,-8.720019578933716,-4.52001953125,3.929980516433716,9.399999976158142,7.97998046875,7.279980540275574,7.074999928474426,5.524999976158142,0.3450195789337158,3.5
2023-06-02,-14.070116996765137,-6.320117473602295,5.429883003234863,9.929882526397705,8.6298828125,7.529882907867432,9.5,5.820117235183716,7.524999976158142,6.599999904632568,2.445117235183716,3.975000023841858,-14.070116996765137,-6.320117473602295,5.429883003234863,9.929882526397705,8.6298828125,7.529882907867432,9.5,5.820117235183716,7.524999976158142,6.599999904632568,2.445117235183716,3.975000023841858
2023-06-05,-3.3900389671325684,-7.540038824081421,-0.6400392055511475,5.1099607944488525,6.259960889816284,12.309961080551147,12.609960913658142,3.109960913658142,3.859960913658142,-0.4900391101837158,-4.5400390625,3.6249999701976776,3.3900389671325684,7.540038824081421,0.6400392055511475,-5.1099607944488525,-6.259960889816284,-12.309961080551147,-12.609960913658142,-3.109960913658142,-3.859960913658142,0.4900391101837158,4.5400390625,3.6249999701976776
2023-06-06,0.5499022006988525,9.399902582168579,12.249999761581421,7.699902296066284,10.549999952316284,6.049902439117432,0.6999022960662842,4.599902391433716,-1.5500977039337158,1.924902319908142,0.49990230798721313,-2.8499999940395355,0.5499022006988525,9.399902582168579,12.249999761581421,7.699902296066284,10.549999952316284,6.049902439117432,0.6999022960662842,4.599902391433716,-1.5500977039337158,1.924902319908142,0.49990230798721313,2.8499999940395355
2023-06-07,14.129980325698853,5.22998046875,-4.670019626617432,2.22998046875,-7.620019435882568,-6.52001953125,-5.920019507408142,-8.099999904632568,-7.549999952316284,-2.77001953125,-1.670019507408142,0.07998049259185791,-14.129980325698853,-5.22998046875,4.670019626617432,-2.22998046875,7.620019435882568,6.52001953125,5.920019507408142,8.099999904632568,7.549999952316284,2.77001953125,1.670019507408142,-0.07998049259185791
2023-06-08,-10.080175876617432,-1.9801757335662842,1.3698244094848633,0.7198244333267212,-0.08017563819885254,8.75,3.9698243141174316,2.919824242591858,-2.405175805091858,1.1698241829872131,4.025000035762787,2.4499999284744263,-10.080175876617432,-1.9801757335662842,1.3698244094848633,0.7198244333267212,-0.08017563819885254,8.75,3.9698243141174316,2.919824242591858,-2.405175805091858,1.1698241829872131,4.025000035762787,2.4499999284744263
2023-06-09,-3.059863328933716,8.590136766433716,-0.85986328125,12.10986328125,11.749999761581421,10.200000166893005,7.809863328933716,-6.659863352775574,-0.6098631620407104,0.36513686180114746,-3.809863328933716,-1.759863257408142,3.059863328933716,-8.590136766433716,0.85986328125,12.10986328125,11.749999761581421,10.200000166893005,7.809863328933716,6.659863352775574,0.6098631620407104,-0.36513686180114746,3.809863328933716,1.759863257408142
2023-06-12,-10.43017578125,-16.68017578125,-17.93017578125,-19.33017587661743,-15.480175852775574,-16.43017578125,12.43017578125,12.880175828933716,8.780175805091858,14.230175733566284,4.30517578125,0.24482417106628418,-10.43017578125,-16.68017578125,-17.93017578125,-19.33017587661743,-15.480175852775574,-16.43017578125,-12.43017578125,-12.880175828933716,-8.780175805091858,-14.230175733566284,-4.30517578125,0.24482417106628418
2023-06-13,10.340234756469727,7.390234470367432,10.290234088897705,12.850000143051147,7.440234422683716,9.800000190734863,-7.909765720367432,7.159765601158142,6.7597657442092896,3.6902345418930054,0.8152344226837158,3.575000047683716,10.340234756469727,7.390234470367432,10.290234088897705,12.850000143051147,7.440234422683716,9.800000190734863,7.909765720367432,7.159765601158142,6.7597657442092896,3.6902345418930054,0.8152344226837158,3.575000047683716
2023-06-14,26.539844036102295,26.43984365463257,21.43984365463257,16.139843940734863,21.08984375,20.439844131469727,19.98984384536743,28.300000190734863,27.850000381469727,1.91015625,8.110156297683716,5.360156297683716,26.539844036102295,26.43984365463257,21.43984365463257,16.139843940734863,21.08984375,20.439844131469727,19.98984384536743,28.300000190734863,27.850000381469727,1.91015625,8.110156297683716,5.360156297683716
2023-06-15,18.739843368530273,9.639843702316284,17.539844036102295,3.089843988418579,3.5398435592651367,4.789843797683716,6.1898438930511475,7.389843821525574,-2.4601560831069946,-1.5601563453674316,0.26015615463256836,-1.6398438215255737,-18.739843368530273,-9.639843702316284,-17.539844036102295,-3.089843988418579,-3.5398435592651367,-4.789843797683716,-6.1898438930511475,-7.389843821525574,2.4601560831069946,1.5601563453674316,-0.26015615463256836,1.6398438215255737
2023-06-16,4.83984375,-13.760156393051147,-6.060156345367432,3.889843463897705,-3.2101564407348633,-9.260156393051147,-15.16015625,-10.860156297683716,11.560156226158142,8.560156226158142,-0.4398437738418579,4.389843702316284,4.83984375,-13.760156393051147,-6.060156345367432,3.889843463897705,-3.2101564407348633,-9.260156393051147,-15.16015625,-10.860156297683716,-11.560156226158142,-8.560156226158142,0.4398437738418579,4.389843702316284
2023-06-20,14.250000238418579,-3.509960651397705,-0.9099607467651367,2.5400390625,-0.8400392532348633,9.200000047683716,7.509960889816284,1.559960961341858,5.509961009025574,-0.8150390386581421,-2.884960949420929,-1.1599608957767487,14.250000238418579,-3.509960651397705,-0.9099607467651367,2.5400390625,0.8400392532348633,9.200000047683716,7.509960889816284,1.559960961341858,5.509961009025574,-0.8150390386581421,2.884960949420929,1.1599608957767487
2023-06-21,-16.450000047683716,15.5,13.700000047683716,12.5,11.699999809265137,1.2899413108825684,10.00000011920929,8.149999976158142,-2.585058569908142,-8.460058569908142,9.910058617591858,1.3100586533546448,16.450000047683716,15.5,13.700000047683716,12.5,11.699999809265137,1.2899413108825684,10.00000011920929,8.149999976158142,-2.585058569908142,-8.460058569908142,-9.910058617591858,-1.3100586533546448
2023-06-22,2.39013671875,-6.809863328933716,-4.190136671066284,-5.090136766433716,3.309863328933716,-2.7401366233825684,3.64013671875,-4.2401368618011475,1.01513671875,-3.209863245487213,-4.049999952316284,4.215136706829071,-2.39013671875,6.809863328933716,-4.190136671066284,-5.090136766433716,3.309863328933716,-2.7401366233825684,-3.64013671875,-4.2401368618011475,-1.01513671875,3.209863245487213,4.049999952316284,-4.215136706829071
2023-06-23,-15.199999809265137,-11.130078077316284,-9.430078029632568,-10.599999904632568,-7.430078029632568,3.6699217557907104,4.169921875,4.519921779632568,5.444921851158142,0.8699219226837158,-5.625,-3.399999976158142,15.199999809265137,11.130078077316284,9.430078029632568,10.599999904632568,7.430078029632568,-3.6699217557907104,-4.169921875,-4.519921779632568,-5.444921851158142,-0.8699219226837158,5.625,3.399999976158142
2023-06-26,12.130175828933716,13.330175638198853,10.030175685882568,0.18017578125,7.18017578125,-3.1698241233825684,2.730175733566284,3.630175828933716,-0.6198241710662842,1.030175805091858,6.655175805091858,8.380175769329071,-12.130175828933716,-13.330175638198853,-10.030175685882568,-0.18017578125,-7.18017578125,3.1698241233825684,-2.730175733566284,-3.630175828933716,0.6198241710662842,-1.030175805091858,-6.655175805091858,-8.380175769329071
2023-06-27,-19.860156297683716,-21.510156393051147,18.06015634536743,-13.660156488418579,-9.310156345367432,-4.91015625,-0.5601563453674316,3.989843726158142,6.800000071525574,4.03515625,4.274999976158142,-1.2601562142372131,-19.860156297683716,-21.510156393051147,-18.06015634536743,-13.660156488418579,-9.310156345367432,-4.91015625,-0.5601563453674316,3.989843726158142,6.800000071525574,4.03515625,4.274999976158142,1.2601562142372131
2023-06-28,-6.64013671875,-9.790136814117432,-10.900000095367432,-9.549999952316284,-5.7098634243011475,-6.109863519668579,3.39013671875,-6.740136742591858,-0.49013662338256836,-4.5401365756988525,-2.565136671066284,3.3348633348941803,6.64013671875,9.790136814117432,10.900000095367432,9.549999952316284,5.7098634243011475,6.109863519668579,3.39013671875,6.740136742591858,0.49013662338256836,4.5401365756988525,2.565136671066284,-3.3348633348941803
2023-06-29,-4.010058879852295,2.0100584030151367,0.9100584983825684,9.710058689117432,8.860058784484863,9.450000047683716,7.410058498382568,7.06005859375,1.5100586414337158,0.16005849838256836,-1.3649414777755737,-1.410058617591858,4.010058879852295,2.0100584030151367,0.9100584983825684,9.710058689117432,8.860058784484863,9.450000047683716,7.410058498382568,7.06005859375,1.5100586414337158,0.16005849838256836,-1.3649414777755737,1.410058617591858
2023-06-30,6.920116901397705,15.070117235183716,8.270117282867432,7.6201171875,7.170117139816284,10.370117425918579,9.849999904632568,8.950000047683716,8.049999833106995,2.6798828840255737,6.5,0.3048827648162842,6.920116901397705,15.070117235183716,8.270117282867432,7.6201171875,7.170117139816284,10.370117425918579,9.849999904632568,8.950000047683716,8.049999833106995,2.6798828840255737,6.5,0.3048827648162842
2023-07-05,12.25,11.0,6.519824028015137,6.1698243618011475,8.849999904632568,7.899999976158142,7.400000095367432,6.8999998569488525,6.949999928474426,3.280175805091858,0.24482420086860657,-1.730175793170929,12.25,11.0,6.519824028015137,6.1698243618011475,8.849999904632568,7.899999976158142,7.400000095367432,6.8999998569488525,6.949999928474426,3.280175805091858,0.24482420086860657,-1.730175793170929
2023-07-06,6.310156345367432,-0.7898435592651367,-7.839843988418579,-8.639843702316284,-0.2898437976837158,2.7601563930511475,7.060156226158142,5.91015625,6.174999952316284,3.760156273841858,0.16484367847442627,-1.9749999642372131,6.310156345367432,-0.7898435592651367,-7.839843988418579,-8.639843702316284,-0.2898437976837158,2.7601563930511475,7.060156226158142,5.91015625,6.174999952316284,3.760156273841858,0.16484367847442627,1.9749999642372131
2023-07-07,-2.5498046875,6.4501953125,-0.14980483055114746,-1.2498044967651367,7.499804735183716,12.949804663658142,-26.949804544448853,33.39980471134186,24.874804735183716,26.324804663658142,22.37480467557907,12.949804663658142,-2.5498046875,6.4501953125,-0.14980483055114746,-1.2498044967651367,-7.499804735183716,-12.949804663658142,-26.949804544448853,-33.39980471134186,-24.874804735183716,-26.324804663658142,-22.37480467557907,-12.949804663658142
2023-07-10,-13.050000190734863,-11.899999856948853,-2.3702147006988525,-6.3202149868011475,-0.02021503448486328,-0.6797852516174316,3.72021484375,7.549999833106995,2.045214891433716,5.550000071525574,-3.800000011920929,2.0047851502895355,13.050000190734863,11.899999856948853,2.3702147006988525,6.3202149868011475,0.02021503448486328,-0.6797852516174316,3.72021484375,7.549999833106995,2.045214891433716,5.550000071525574,3.800000011920929,-2.0047851502895355
2023-07-11,-6.009765625,-7.609765529632568,3.709765672683716,-9.259765625,0.5597655773162842,-5.559765577316284,-1.0597655773162842,-6.959765553474426,7.909765601158142,9.13476574420929,4.859765648841858,6.009765654802322,-6.009765625,-7.609765529632568,-3.709765672683716,-9.259765625,-0.5597655773162842,-5.559765577316284,-1.0597655773162842,-6.959765553474426,-7.909765601158142,-9.13476574420929,-4.859765648841858,-6.009765654802322
2023-07-12,7.5601561069488525,0.08984375,-3.66015625,-8.260156393051147,9.639843702316284,8.639843702316284,9.200000047683716,5.460156321525574,4.16015625,2.064843773841858,-1.78515625,4.599999964237213,7.5601561069488525,-0.08984375,3.66015625,8.260156393051147,9.639843702316284,8.639843702316284,9.200000047683716,5.460156321525574,4.16015625,-2.064843773841858,1.78515625,4.599999964237213
2023-07-13,2.3599607944488525,-3.590039014816284,0.2099606990814209,-5.140038967132568,-1.2400391101837158,-1.4900392293930054,2.7599610090255737,1.7099609375,1.059960961341858,0.10996091365814209,-3.884960949420929,3.4999999403953552,2.3599607944488525,-3.590039014816284,0.2099606990814209,-5.140038967132568,-1.2400391101837158,-1.4900392293930054,2.7599610090255737,1.7099609375,1.059960961341858,0.10996091365814209,3.884960949420929,3.4999999403953552
2023-07-14,1.580078125,-2.919921875,-2.2199220657348633,-0.8199217319488525,0.3800783157348633,-4.769921779632568,-4.119921684265137,-3.469921827316284,-2.069921851158142,-6.299999952316284,-4.699999988079071,-3.430078089237213,-1.580078125,2.919921875,2.2199220657348633,0.8199217319488525,-0.3800783157348633,4.769921779632568,4.119921684265137,3.469921827316284,2.069921851158142,6.299999952316284,4.699999988079071,3.430078089237213
2023-07-17,-1.1900389194488525,2.8099608421325684,2.1099607944488525,6.009961128234863,8.25,4.859961032867432,4.159961104393005,3.3599610328674316,-5.174999952316284,-4.549999952316284,-3.375,1.9150390028953552,-1.1900389194488525,2.8099608421325684,2.1099607944488525,6.009961128234863,8.25,4.859961032867432,4.159961104393005,3.3599610328674316,5.174999952316284,4.549999952316284,3.375,1.9150390028953552
2023-07-18,-13.679980516433716,9.679980754852295,5.3799803256988525,6.229980707168579,3.570019483566284,-2.179980516433716,-2.929980516433716,-1.1950194835662842,-0.22001957893371582,-5.204980373382568,-4.429980456829071,3.179980456829071,-13.679980516433716,-9.679980754852295,-5.3799803256988525,-6.229980707168579,3.570019483566284,-2.179980516433716,-2.929980516433716,1.1950194835662842,0.22001957893371582,5.204980373382568,4.429980456829071,3.179980456829071
2023-07-19,-8.120214939117432,-7.520214796066284,12.299999952316284,6.670214891433716,-5.370214939117432,9.700000286102295,9.349999904632568,8.75000011920929,7.02978515625,5.079785227775574,3.975000023841858,1.6547852158546448,8.120214939117432,7.520214796066284,12.299999952316284,6.670214891433716,5.370214939117432,9.700000286102295,9.349999904632568,8.75000011920929,7.02978515625,5.079785227775574,3.975000023841858,-1.6547852158546448
2023-07-20,-11.329882860183716,2.8701171875,2.0201172828674316,4.529882907867432,5.9798829555511475,6.079882621765137,1.6298828125,7.829882860183716,3.429882764816284,7.450000047683716,4.7451173067092896,-0.8951172232627869,-11.329882860183716,2.8701171875,2.0201172828674316,-4.529882907867432,-5.9798829555511475,-6.079882621765137,-1.6298828125,-7.829882860183716,-3.429882764816284,7.450000047683716,4.7451173067092896,-0.8951172232627869
2023-07-21,10.989843606948853,13.299999713897705,8.689843893051147,3.41015625,-4.360156416893005,5.689843773841858,4.739843845367432,-6.360156297683716,-6.7851561307907104,-2.760156273841858,-3.635156214237213,4.299999952316284,10.989843606948853,13.299999713897705,8.689843893051147,-3.41015625,-4.360156416893005,5.689843773841858,4.739843845367432,-6.360156297683716,-6.7851561307907104,-2.760156273841858,-3.635156214237213,4.299999952316284
2023-07-24,8.409863233566284,11.150000095367432,9.64013671875,8.840136766433716,7.690136790275574,7.14013671875,6.940136551856995,6.340136647224426,0.39013671875,5.090136766433716,3.540136754512787,-1.5151367783546448,8.409863233566284,11.150000095367432,9.64013671875,8.840136766433716,7.690136790275574,7.14013671875,6.940136551856995,6.340136647224426,0.39013671875,5.090136766433716,3.540136754512787,-1.5151367783546448
2023-07-25,8.690038919448853,7.940039157867432,1.8400391340255737,5.740039229393005,7.8999998569488525,7.200000047683716,4.109960913658142,-3.1599608659744263,-2.684960961341858,3.240039110183716,1.934960961341858,-0.15996092557907104,8.690038919448853,7.940039157867432,1.8400391340255737,5.740039229393005,7.8999998569488525,7.200000047683716,4.109960913658142,3.1599608659744263,2.684960961341858,-3.240039110183716,1.934960961341858,0.15996092557907104
2023-07-26,23.050000190734863,22.25,12.549999713897705,17.25,21.049999713897705,15.899999618530273,16.100000381469727,14.899999618530273,15.250000476837158,12.699999809265137,-8.450000047683716,1.1999999284744263,23.050000190734863,22.25,12.549999713897705,17.25,21.049999713897705,15.899999618530273,16.100000381469727,14.899999618530273,15.250000476837158,12.699999809265137,8.450000047683716,-1.1999999284744263
2023-07-27,50.789843797683716,35.23984384536743,35.83984375,36.68984389305115,37.48984384536743,49.18984377384186,49.98984384536743,26.289843559265137,22.43984365463257,-0.43984365463256836,6.810156226158142,-2.460156261920929,-50.789843797683716,-35.23984384536743,-35.83984375,-36.68984389305115,-37.48984384536743,-49.18984377384186,-49.98984384536743,-26.289843559265137,-22.43984365463257,-0.43984365463256836,6.810156226158142,2.460156261920929
2023-07-28,7.570019721984863,11.070019245147705,-11.5,-7.72998046875,-7.529980659484863,7.029980659484863,9.5,3.570019483566284,6.620019555091858,7.0,5.425000071525574,1.920019507408142,7.570019721984863,11.070019245147705,11.5,7.72998046875,7.529980659484863,7.029980659484863,9.5,3.570019483566284,6.620019555091858,7.0,5.425000071525574,1.920019507408142
2023-07-31,10.0400390625,12.5,11.349999904632568,10.750000238418579,6.340039253234863,5.490038990974426,-0.00996088981628418,-0.6599609851837158,3.3400388956069946,-2.6849608421325684,-0.5400390625,6.084960967302322,10.0400390625,12.5,11.349999904632568,10.750000238418579,6.340039253234863,5.490038990974426,-0.00996088981628418,-0.6599609851837158,3.3400388956069946,-2.6849608421325684,0.5400390625,-6.084960967302322
2023-08-01,10.22998046875,10.77001953125,10.849999904632568,8.27001953125,7.720019578933716,7.220019578933716,7.475000023841858,7.024999976158142,5.925000071525574,5.324999928474426,4.350000083446503,2.9749999940395355,10.22998046875,10.77001953125,10.849999904632568,8.27001953125,7.720019578933716,7.220019578933716,7.475000023841858,7.024999976158142,5.925000071525574,5.324999928474426,4.350000083446503,2.9749999940395355
2023-08-02,-10.559862852096558,-1.359863042831421,14.39013671875,6.9901368618011475,11.590136528015137,12.450000047683716,4.2901365756988525,-2.7901368141174316,-6.990136623382568,-2.640136480331421,-4.365136742591858,1.9348632097244263,-10.559862852096558,-1.359863042831421,14.39013671875,6.9901368618011475,11.590136528015137,12.450000047683716,4.2901365756988525,2.7901368141174316,6.990136623382568,2.640136480331421,4.365136742591858,1.9348632097244263
2023-08-03,15.10986328125,4.10986328125,11.559863328933716,-8.940136671066284,-8.240136861801147,-6.790136814117432,3.7598633766174316,5.1098631620407104,-5.090136766433716,1.6598633527755737,3.48486328125,-3.824999988079071,15.10986328125,4.10986328125,11.559863328933716,8.940136671066284,8.240136861801147,6.790136814117432,-3.7598633766174316,-5.1098631620407104,5.090136766433716,-1.6598633527755737,-3.48486328125,3.824999988079071
2023-08-04,15.470214605331421,21.920214891433716,29.320214986801147,35.72021484375,41.32021498680115,46.82021498680115,47.920214891433716,38.12021493911743,28.070214986801147,1.0797853469848633,9.179785013198853,4.104785084724426,-15.470214605331421,-21.920214891433716,-29.320214986801147,-35.72021484375,-41.32021498680115,-46.82021498680115,-47.920214891433716,-38.12021493911743,-28.070214986801147,1.0797853469848633,9.179785013198853,4.104785084724426
2023-08-07,-1.43994140625,5.1600587368011475,-0.3899412155151367,-5.589941501617432,2.360058546066284,1.360058307647705,0.9100587368011475,0.2600586414337158,3.8100584745407104,-1.589941382408142,1.2850584983825684,-5.189941465854645,-1.43994140625,5.1600587368011475,-0.3899412155151367,-5.589941501617432,2.360058546066284,1.360058307647705,0.9100587368011475,0.2600586414337158,3.8100584745407104,-1.589941382408142,1.2850584983825684,-5.189941465854645
2023-08-08,-1.1298828125,-6.8798828125,-12.929882764816284,-10.179882764816284,-16.329882860183716,-7.829882860183716,-8.679883003234863,-4.079882860183716,-5.429882764816284,-2.479882836341858,1.6201171875,-3.425000011920929,-1.1298828125,-6.8798828125,-12.929882764816284,-10.179882764816284,-16.329882860183716,-7.829882860183716,-8.679883003234863,-4.079882860183716,-5.429882764816284,-2.479882836341858,1.6201171875,3.425000011920929
2023-08-09,6.590039253234863,13.190038919448853,-1.3599610328674316,13.759961128234863,13.390038967132568,11.159960985183716,10.109960794448853,-2.340039014816284,9.140038967132568,20.2900390625,16.865039110183716,13.640039145946503,-6.590039253234863,-13.190038919448853,1.3599610328674316,13.759961128234863,13.390038967132568,11.159960985183716,10.109960794448853,-2.340039014816284,-9.140038967132568,-20.2900390625,-16.865039110183716,-13.640039145946503
2023-08-10,32.81992149353027,28.26992177963257,17.919921875,7.619922161102295,-1.830078125,-11.480078220367432,-15.980078220367432,14.530078411102295,6.419921875,6.230078220367432,-2.069921851158142,5.530078172683716,-32.81992149353027,-28.26992177963257,-17.919921875,-7.619922161102295,1.830078125,11.480078220367432,15.980078220367432,14.530078411102295,6.419921875,6.230078220367432,-2.069921851158142,5.530078172683716
2023-08-11,12.250195503234863,13.599804878234863,18.90000009536743,13.200195550918579,15.5,14.049999952316284,9.600195169448853,12.050000190734863,6.9501953125,8.599804639816284,2.449804663658142,4.449804663658142,12.250195503234863,13.599804878234863,18.90000009536743,13.200195550918579,15.5,14.049999952316284,9.600195169448853,12.050000190734863,6.9501953125,8.599804639816284,2.449804663658142,4.449804663658142
2023-08-14,-7.670214891433716,-4.72021484375,8.679785013198853,7.77978515625,6.979784965515137,1.6297850608825684,5.429785251617432,4.079785108566284,3.179785132408142,-2.920214891433716,-4.420214891433716,-6.645214855670929,-7.670214891433716,-4.72021484375,8.679785013198853,7.77978515625,6.979784965515137,1.6297850608825684,5.429785251617432,4.079785108566284,3.179785132408142,-2.920214891433716,-4.420214891433716,-6.645214855670929
2023-08-15,-3.4901366233825684,10.75986385345459,9.009863138198853,-2.7401366233825684,-9.240136861801147,-5.14013671875,-1.1901366710662842,-2.190136671066284,1.85986328125,0.6598633527755737,6.115136742591858,6.524999976158142,-3.4901366233825684,10.75986385345459,9.009863138198853,-2.7401366233825684,-9.240136861801147,-5.14013671875,-1.1901366710662842,-2.190136671066284,1.85986328125,0.6598633527755737,-6.115136742591858,6.524999976158142
2023-08-16,16.869921684265137,18.969921588897705,25.819921731948853,21.419921875,11.569921731948853,6.969921827316284,8.019922018051147,3.219921827316284,13.869921922683716,15.819921970367432,12.319921970367432,5.805078148841858,-16.869921684265137,-18.969921588897705,-25.819921731948853,-21.419921875,-11.569921731948853,-6.969921827316284,-8.019922018051147,-3.219921827316284,-13.869921922683716,-15.819921970367432,-12.319921970367432,5.805078148841858
2023-08-17,21.14013671875,16.740137100219727,18.490136861801147,12.14013671875,15.240136861801147,26.690136909484863,27.79013681411743,17.940136671066284,8.790136814117432,10.690136671066284,-3.659863233566284,-6.125,-21.14013671875,-16.740137100219727,-18.490136861801147,-12.14013671875,-15.240136861801147,-26.690136909484863,-27.79013681411743,-17.940136671066284,-8.790136814117432,-10.690136671066284,3.659863233566284,6.125
2023-08-18,2.39003849029541,0.6900391578674316,8.590038776397705,7.940039396286011,15.309960842132568,10.590039014816284,13.600000143051147,7.9400389194488525,-11.250000238418579,-9.750000238418579,8.350000023841858,-5.350000023841858,2.39003849029541,0.6900391578674316,8.590038776397705,7.940039396286011,15.309960842132568,10.590039014816284,13.600000143051147,7.9400389194488525,11.250000238418579,9.750000238418579,8.350000023841858,5.350000023841858
2023-08-21,12.379980564117432,-6.870019912719727,-7.9200193881988525,-13.420019388198853,-19.77001953125,-6.870019435882568,-7.470019578933716,0.5799803733825684,-0.37001943588256836,2.929980516433716,5.625,3.1700194478034973,12.379980564117432,-6.870019912719727,-7.9200193881988525,-13.420019388198853,-19.77001953125,-6.870019435882568,-7.470019578933716,0.5799803733825684,-0.37001943588256836,2.929980516433716,5.625,3.1700194478034973
2023-08-22,-6.5498046875,-5.249804496765137,-3.3998045921325684,-2.1998047828674316,-11.299804925918579,-9.849804878234863,-9.649804592132568,10.849999904632568,9.649999856948853,5.499804735183716,3.824804663658142,2.074804723262787,6.5498046875,5.249804496765137,3.3998045921325684,2.1998047828674316,11.299804925918579,9.849804878234863,9.649804592132568,10.849999904632568,9.649999856948853,5.499804735183716,3.824804663658142,2.074804723262787
2023-08-23,-3.1097652912139893,0.19023466110229492,7.890234470367432,6.340234279632568,5.040234327316284,4.190234661102295,3.290234327316284,7.5,-2.509765625,6.600000023841858,5.215234398841858,3.625,-3.1097652912139893,0.19023466110229492,7.890234470367432,6.340234279632568,5.040234327316284,4.190234661102295,3.290234327316284,7.5,2.509765625,6.600000023841858,5.215234398841858,3.625
2023-08-24,60.43994188308716,31.039941787719727,21.789941787719727,17.93994164466858,3.8899412155151367,15.739941358566284,16.68994140625,7.639941453933716,8.889941334724426,10.339941263198853,12.214941382408142,8.989941477775574,-60.43994188308716,-31.039941787719727,-21.789941787719727,-17.93994164466858,-3.8899412155151367,-15.739941358566284,-16.68994140625,-7.639941453933716,-8.889941334724426,-10.339941263198853,-12.214941382408142,-8.989941477775574
2023-08-25,-25.840038776397705,-7.0400390625,-19.409961223602295,-6.340038776397705,-5.4599609375,-6.690039396286011,-5.090039253234863,-0.5599608421325684,2.740039110183716,12.099999904632568,5.2099609375,-3.6400391459465027,25.840038776397705,7.0400390625,-19.409961223602295,6.340038776397705,-5.4599609375,6.690039396286011,5.090039253234863,-0.5599608421325684,2.740039110183716,12.099999904632568,5.2099609375,-3.6400391459465027
2023-08-28,-17.5,-13.860058784484863,-11.389941692352295,-5.539941310882568,-4.239941358566284,1.4100584983825684,-10.350000143051147,-9.700000047683716,3.610058546066284,4.8100584745407104,2.110058546066284,4.035058617591858,17.5,13.860058784484863,11.389941692352295,5.539941310882568,4.239941358566284,-1.4100584983825684,10.350000143051147,9.700000047683716,-3.610058546066284,-4.8100584745407104,-2.110058546066284,-4.035058617591858
2023-08-29,30.829883098602295,-13.02988314628601,-17.179882764816284,-9.429882764816284,0.3201169967651367,4.4701173305511475,3.1201171875,2.5201170444488525,1.1701171398162842,0.19511735439300537,3.095117211341858,3.675000011920929,-30.829883098602295,-13.02988314628601,-17.179882764816284,-9.429882764816284,0.3201169967651367,4.4701173305511475,3.1201171875,2.5201170444488525,1.1701171398162842,0.19511735439300537,3.095117211341858,3.675000011920929
2023-08-30,17.77011728286743,0.9298830032348633,14.600000143051147,12.800000190734863,-11.020117282867432,-10.220117092132568,-9.220117211341858,-8.770117044448853,-8.100000023841858,3.0798829793930054,4.970117211341858,3.6250000596046448,17.77011728286743,0.9298830032348633,14.600000143051147,12.800000190734863,11.020117282867432,10.220117092132568,9.220117211341858,8.770117044448853,8.100000023841858,3.0798829793930054,4.970117211341858,3.6250000596046448
2023-08-31,-0.2898437976837158,-7.739843845367432,-4.33984375,-2.83984375,-1.1398439407348633,3.3101563453674316,7.91015625,-3.6398439407348633,0.6601561307907104,-6.114843726158142,3.6101561784744263,-3.514843761920929,-0.2898437976837158,-7.739843845367432,-4.33984375,-2.83984375,-1.1398439407348633,3.3101563453674316,7.91015625,-3.6398439407348633,0.6601561307907104,-6.114843726158142,3.6101561784744263,-3.514843761920929
2023-09-01,-6.770019769668579,-0.7799806594848633,12.379980564117432,10.929980516433716,0.12998056411743164,8.329980373382568,7.629980444908142,1.4799803495407104,5.304980516433716,-0.4200194478034973,-1.470019519329071,2.4799805283546448,6.770019769668579,-0.7799806594848633,12.379980564117432,10.929980516433716,0.12998056411743164,8.329980373382568,7.629980444908142,1.4799803495407104,5.304980516433716,-0.4200194478034973,-1.470019519329071,2.4799805283546448
2023-09-05,15.0,9.730077981948853,3.080077886581421,2.2300782203674316,1.130077838897705,0.23007822036743164,-0.669921875,3.7800782918930054,3.0550782680511475,-3.0449217557907104,-4.194921851158142,-0.669921875,15.0,9.730077981948853,3.080077886581421,2.2300782203674316,1.130077838897705,0.23007822036743164,-0.669921875,3.7800782918930054,3.0550782680511475,-3.0449217557907104,-4.194921851158142,-0.669921875
2023-09-06,-0.07998037338256836,-12.420019626617432,-11.420019388198853,-10.570019483566284,-4.920019626617432,0.7799806594848633,-5.47998046875,-1.1299805641174316,2.6700196266174316,6.3950194120407104,5.77001953125,3.470019519329071,0.07998037338256836,12.420019626617432,11.420019388198853,10.570019483566284,4.920019626617432,-0.7799806594848633,-5.47998046875,-1.1299805641174316,2.6700196266174316,6.3950194120407104,5.77001953125,3.470019519329071
2023-09-07,5.659862995147705,4.009863615036011,7.209863185882568,11.459863424301147,5.159863471984863,9.850000143051147,7.7598631381988525,7.850000023841858,-6.625,-5.10986328125,-4.850000023841858,-2.949999988079071,5.659862995147705,4.009863615036011,7.209863185882568,11.459863424301147,5.159863471984863,9.850000143051147,7.7598631381988525,7.850000023841858,6.625,5.10986328125,4.850000023841858,2.949999988079071
2023-09-08,12.440234661102295,-0.5902342796325684,9.690234422683716,-3.040234327316284,-7.090234398841858,-1.2902343273162842,-5.890234470367432,-5.165234208106995,-4.290234327316284,6.024999976158142,1.8847655057907104,4.465234309434891,12.440234661102295,0.5902342796325684,9.690234422683716,3.040234327316284,7.090234398841858,1.2902343273162842,5.890234470367432,5.165234208106995,4.290234327316284,6.024999976158142,1.8847655057907104,-4.465234309434891
2023-09-11,1.1400392055511475,8.940039157867432,-2.0599608421325684,1.940039038658142,-3.509960889816284,5.465039134025574,-0.08496105670928955,4.2900390625,5.950000047683716,4.899999976158142,3.800000011920929,2.3250000178813934,1.1400392055511475,8.940039157867432,-2.0599608421325684,1.940039038658142,-3.509960889816284,5.465039134025574,-0.08496105670928955,4.2900390625,5.950000047683716,4.899999976158142,3.800000011920929,2.3250000178813934
2023-09-12,-0.6500976085662842,8.849902391433716,7.849902391433716,-1.4499022960662842,-0.64990234375,5.6000977754592896,6.050097465515137,16.150097608566284,-1.575097680091858,3.10009765625,4.25,1.150097668170929,-0.6500976085662842,8.849902391433716,7.849902391433716,1.4499022960662842,0.64990234375,-5.6000977754592896,-6.050097465515137,-16.150097608566284,-1.575097680091858,-3.10009765625,4.25,1.150097668170929
2023-09-13,12.239941358566284,-10.710058450698853,-9.089941501617432,-2.489941358566284,-1.3899414539337158,-0.7899414300918579,-0.1649414300918579,0.3350585699081421,1.1350586414337158,-3.089941382408142,2.6850586533546448,0.7600585222244263,12.239941358566284,10.710058450698853,9.089941501617432,2.489941358566284,1.3899414539337158,0.7899414300918579,0.1649414300918579,-0.3350585699081421,-1.1350586414337158,3.089941382408142,2.6850586533546448,0.7600585222244263
2023-09-14,3.0499024391174316,-3.0500974655151367,5.64990234375,5.149902105331421,8.14990222454071,7.799902319908142,7.350000023841858,6.449999809265137,6.449902296066284,5.64990234375,3.400000035762787,2.974902391433716,3.0499024391174316,-3.0500974655151367,5.64990234375,5.149902105331421,8.14990222454071,7.799902319908142,7.350000023841858,6.449999809265137,6.449902296066284,5.64990234375,3.400000035762787,2.974902391433716
2023-09-15,14.280175924301147,10.380175828933716,5.019824266433716,-1.18017578125,-3.0801758766174316,-4.0801756381988525,5.280175685882568,9.249999761581421,3.3198243379592896,6.575000166893005,0.39482420682907104,3.324999988079071,-14.280175924301147,-10.380175828933716,5.019824266433716,-1.18017578125,-3.0801758766174316,-4.0801756381988525,-5.280175685882568,9.249999761581421,3.3198243379592896,6.575000166893005,0.39482420682907104,3.324999988079071
2023-09-18,10.270215034484863,12.0,10.450000047683716,7.6797850131988525,2.27978515625,1.1797852516174316,0.7297852039337158,-0.5452147722244263,4.129785180091858,3.4047852754592896,3.824999988079071,1.9999999701976776,10.270215034484863,12.0,10.450000047683716,7.6797850131988525,2.27978515625,1.1797852516174316,0.7297852039337158,-0.5452147722244263,4.129785180091858,3.4047852754592896,3.824999988079071,1.9999999701976776
2023-09-19,-9.449804782867432,-3.1498045921325684,-7.350195407867432,-3.0501952171325684,4.400195360183716,9.800195455551147,10.850195288658142,6.150195360183716,3.099804639816284,-1.7998046875,1.4248045682907104,-2.550000011920929,9.449804782867432,3.1498045921325684,-7.350195407867432,-3.0501952171325684,-4.400195360183716,-9.800195455551147,-10.850195288658142,-6.150195360183716,3.099804639816284,1.7998046875,1.4248045682907104,2.550000011920929
2023-09-20,-28.7998046875,-23.89980459213257,-24.0498046875,-19.049805164337158,-24.849804878234863,-24.749804496765137,-30.499804496765137,-26.39980459213257,-26.2998046875,-19.249804973602295,-20.349804639816284,-15.599804639816284,-28.7998046875,-23.89980459213257,-24.0498046875,-19.049805164337158,-24.849804878234863,-24.749804496765137,-30.499804496765137,-26.39980459213257,-26.2998046875,-19.249804973602295,-20.349804639816284,-15.599804639816284
2023-09-21,-5.25,-13.399999856948853,-10.0,-5.949999809265137,-12.350000143051147,-7.799999952316284,-8.699999809265137,-19.950000047683716,-20.899999976158142,-6.349999904632568,-8.799999952316284,-0.32499992847442627,-5.25,-13.399999856948853,-10.0,-5.949999809265137,-12.350000143051147,-7.799999952316284,-8.699999809265137,-19.950000047683716,-20.899999976158142,-6.349999904632568,-8.799999952316284,-0.32499992847442627
2023-09-22,1.8899412155151367,3.8399415016174316,16.03994131088257,22.53994131088257,12.43994140625,13.43994140625,19.089941263198853,3.189941167831421,-0.81005859375,-5.010058641433716,-2.410058617591858,15.339941501617432,-1.8899412155151367,-3.8399415016174316,-16.03994131088257,-22.53994131088257,-12.43994140625,-13.43994140625,-19.089941263198853,-3.189941167831421,0.81005859375,5.010058641433716,2.410058617591858,-15.339941501617432
2023-09-25,6.760058403015137,-3.3399410247802734,-8.739941596984863,-7.660058498382568,-7.1600587368011475,-12.0,-4.9100587368011475,-4.360058546066284,-7.410058498382568,-2.7100586891174316,-3.0399413108825684,1.589941382408142,6.760058403015137,-3.3399410247802734,-8.739941596984863,7.660058498382568,7.1600587368011475,12.0,4.9100587368011475,4.360058546066284,7.410058498382568,2.7100586891174316,-3.0399413108825684,-1.589941382408142
2023-09-26,-5.420215129852295,4.229785442352295,-2.8202147483825684,11.629785060882568,5.52978515625,-1.2702147960662842,-2.2702150344848633,2.02978515625,5.329784870147705,10.299999952316284,7.949999928474426,1.72021484375,-5.420215129852295,4.229785442352295,-2.8202147483825684,11.629785060882568,5.52978515625,-1.2702147960662842,-2.2702150344848633,2.02978515625,5.329784870147705,10.299999952316284,7.949999928474426,1.72021484375
2023-09-27,-15.409765720367432,-13.759765625,-13.940234184265137,-17.34999990463257,-6.990234613418579,-0.9402344226837158,-0.19023442268371582,15.359765768051147,12.309765815734863,4.459765434265137,11.450000047683716,-1.5597655773162842,15.409765720367432,13.759765625,13.940234184265137,17.34999990463257,6.990234613418579,0.9402344226837158,0.19023442268371582,-15.359765768051147,-12.309765815734863,-4.459765434265137,11.450000047683716,1.5597655773162842
2023-09-28,10.449804306030273,3.4498047828674316,10.999804496765137,18.34999990463257,-5.750195264816284,0.8498046398162842,-14.300195455551147,14.500000238418579,13.349999904632568,-9.550195455551147,8.399999976158142,4.949804663658142,10.449804306030273,3.4498047828674316,10.999804496765137,18.34999990463257,5.750195264816284,-0.8498046398162842,14.300195455551147,14.500000238418579,13.349999904632568,9.550195455551147,8.399999976158142,-4.949804663658142
2023-09-29,15.2001953125,5.000195026397705,12.750195503234863,8.2001953125,-1.9498043060302734,-1.099804401397705,-11.599804401397705,-17.699999809265137,-8.950195550918579,-6.400195360183716,-5.2998046875,-7.199804663658142,-15.2001953125,-5.000195026397705,-12.750195503234863,-8.2001953125,1.9498043060302734,1.099804401397705,11.599804401397705,17.699999809265137,8.950195550918579,6.400195360183716,5.2998046875,7.199804663658142
2023-10-02,-17.159863471984863,-15.809863090515137,-9.809863090515137,-9.040136575698853,-3.70986270904541,-2.7598633766174316,8.140136480331421,0.6901366710662842,6.740136623382568,12.39013671875,9.790136694908142,7.89013671875,17.159863471984863,15.809863090515137,9.809863090515137,9.040136575698853,3.70986270904541,2.7598633766174316,-8.140136480331421,-0.6901366710662842,-6.740136623382568,-12.39013671875,-9.790136694908142,-7.89013671875
2023-10-03,22.94980478286743,12.050195217132568,20.60019540786743,18.650195121765137,18.300000190734863,10.9501953125,9.950195074081421,13.800195217132568,8.749804735183716,2.0998048782348633,8.850000023841858,1.5998047590255737,-22.94980478286743,12.050195217132568,20.60019540786743,18.650195121765137,18.300000190734863,10.9501953125,9.950195074081421,13.800195217132568,8.749804735183716,2.0998048782348633,8.850000023841858,1.5998047590255737
2023-10-04,-4.400000095367432,16.90000009536743,18.59999990463257,0.75,-6.300000190734863,-5.400000095367432,-4.549999952316284,5.950000047683716,11.999999761581421,-12.950000047683716,6.100000023841858,-2.350000023841858,4.400000095367432,-16.90000009536743,-18.59999990463257,-0.75,6.300000190734863,5.400000095367432,4.549999952316284,-5.950000047683716,-11.999999761581421,-12.950000047683716,-6.100000023841858,2.350000023841858
2023-10-05,22.65000009536743,11.760058403015137,-4.93994140625,-5.889941215515137,-7.389941453933716,6.410058498382568,-4.489941120147705,-0.5899415016174316,8.710058689117432,10.149999856948853,6.539941310882568,3.3899413347244263,22.65000009536743,11.760058403015137,-4.93994140625,-5.889941215515137,-7.389941453933716,6.410058498382568,-4.489941120147705,-0.5899415016174316,8.710058689117432,10.149999856948853,6.539941310882568,3.3899413347244263
2023-10-06,-47.74999952316284,-40.60000038146973,-32.799999713897705,-14.849999904632568,16.450000286102295,8.700000047683716,5.950000047683716,12.950000047683716,9.650000095367432,2.6499998569488525,1.625,-6.675000011920929,-47.74999952316284,-40.60000038146973,-32.799999713897705,-14.849999904632568,16.450000286102295,8.700000047683716,5.950000047683716,12.950000047683716,9.650000095367432,2.6499998569488525,1.625,-6.675000011920929
2023-10-09,-9.860156536102295,-16.16015625,-27.91015625,-14.960156440734863,-15.710156202316284,-11.410156011581421,-17.66015625,-9.060156345367432,10.639843940734863,9.450000047683716,7.200000047683716,4.350000083446503,-9.860156536102295,-16.16015625,-27.91015625,-14.960156440734863,-15.710156202316284,-11.410156011581421,-17.66015625,-9.060156345367432,10.639843940734863,9.450000047683716,7.200000047683716,4.350000083446503
2023-10-10,16.35976552963257,17.040234565734863,-10.240234613418579,1.559765338897705,8.009765863418579,8.659765720367432,9.459765672683716,6.590234279632568,4.140234470367432,8.440234422683716,7.950000047683716,2.590234398841858,16.35976552963257,17.040234565734863,10.240234613418579,-1.559765338897705,-8.009765863418579,-8.659765720367432,-9.459765672683716,6.590234279632568,4.140234470367432,8.440234422683716,7.950000047683716,2.590234398841858
2023-10-11,15.249804496765137,8.0498046875,11.199804782867432,0.7998046875,-0.2501955032348633,-5.650195121765137,-6.6001951694488525,-7.3001954555511475,-8.500195264816284,-7.000195264816284,-5.0751953125,-3.150195360183716,15.249804496765137,8.0498046875,11.199804782867432,0.7998046875,-0.2501955032348633,-5.650195121765137,-6.6001951694488525,-7.3001954555511475,-8.500195264816284,-7.000195264816284,-5.0751953125,-3.150195360183716
2023-10-12,-4.60986328125,1.9401369094848633,3.690136671066284,4.440137147903442,11.040136575698853,17.240136861801147,12.740136861801147,13.200000047683716,2.4901368618011475,1.8401367664337158,4.090136766433716,4.625000059604645,4.60986328125,-1.9401369094848633,-3.690136671066284,-4.440137147903442,-11.040136575698853,-17.240136861801147,-12.740136861801147,13.200000047683716,2.4901368618011475,1.8401367664337158,4.090136766433716,4.625000059604645
2023-10-13,19.620214462280273,5.12021541595459,-9.229785442352295,-17.27978515625,-18.300000190734863,-3.6297848224639893,-14.42978549003601,4.420214891433716,14.900000095367432,12.299999952316284,10.25,4.620214819908142,-19.620214462280273,-5.12021541595459,9.229785442352295,17.27978515625,18.300000190734863,3.6297848224639893,14.42978549003601,4.420214891433716,14.900000095367432,12.299999952316284,10.25,4.620214819908142
2023-10-16,7.220117092132568,-18.399999618530273,-10.429882526397705,-14.929882764816284,-14.599999904632568,-13.599999904632568,-12.700000047683716,10.420117139816284,9.679882764816284,10.200000047683716,5.429882764816284,2.470117151737213,7.220117092132568,18.399999618530273,10.429882526397705,14.929882764816284,14.599999904632568,13.599999904632568,12.700000047683716,10.420117139816284,9.679882764816284,10.200000047683716,5.429882764816284,-2.470117151737213
2023-10-17,-11.000195026397705,-6.2998046875,10.199804306030273,-16.450000047683716,-2.500195264816284,4.0498046875,-5.7001953125,-8.950195074081421,2.8998045921325684,-0.9498046636581421,-4.7001953125,-0.5748046636581421,-11.000195026397705,6.2998046875,10.199804306030273,16.450000047683716,2.500195264816284,-4.0498046875,5.7001953125,8.950195074081421,2.8998045921325684,0.9498046636581421,-4.7001953125,0.5748046636581421
2023-10-18,12.599902153015137,8.24990177154541,0.19990253448486328,5.749902248382568,1.7999029159545898,-2.150097370147705,-6.900097370147705,11.14990234375,8.39990234375,4.699902534484863,3.3500977754592896,-5.10009765625,-12.599902153015137,-8.24990177154541,-0.19990253448486328,-5.749902248382568,-1.7999029159545898,2.150097370147705,6.900097370147705,-11.14990234375,-8.39990234375,-4.699902534484863,3.3500977754592896,5.10009765625
2023-10-19,14.5,-4.450000286102295,-4.40000057220459,1.5,7.049999713897705,11.0,23.09999990463257,24.59999966621399,12.200000047683716,9.299999952316284,10.149999856948853,-7.424999952316284,-14.5,4.450000286102295,4.40000057220459,-1.5,-7.049999713897705,-11.0,-23.09999990463257,-24.59999966621399,-12.200000047683716,-9.299999952316284,10.149999856948853,7.424999952316284
2023-10-20,-7.539843559265137,4.810156345367432,14.010156154632568,18.06015634536743,0.5601563453674316,3.7601566314697266,-8.089843273162842,-8.689843654632568,-11.239843606948853,2.2601561546325684,-0.7398436069488525,-4.239843845367432,-7.539843559265137,4.810156345367432,14.010156154632568,18.06015634536743,0.5601563453674316,3.7601566314697266,-8.089843273162842,-8.689843654632568,-11.239843606948853,2.2601561546325684,-0.7398436069488525,-4.239843845367432
2023-10-23,26.09999942779541,21.490038871765137,14.190039157867432,1.490039348602295,-5.8099610805511475,-1.5599606037139893,-23.659960746765137,-8.359960556030273,-10.859961032867432,-6.3099610805511475,-8.7099609375,4.490038990974426,26.09999942779541,21.490038871765137,14.190039157867432,1.490039348602295,-5.8099610805511475,-1.5599606037139893,-23.659960746765137,-8.359960556030273,-10.859961032867432,-6.3099610805511475,-8.7099609375,4.490038990974426
2023-10-24,19.630176067352295,11.93017578125,15.530176162719727,14.769824028015137,13.519824266433716,-1.930175542831421,-8.130175590515137,-0.03017592430114746,-1.1301758289337158,5.669824242591858,6.75,-1.155175805091858,19.630176067352295,11.93017578125,15.530176162719727,14.769824028015137,13.519824266433716,-1.930175542831421,-8.130175590515137,-0.03017592430114746,-1.1301758289337158,5.669824242591858,6.75,1.155175805091858
2023-10-25,1.9200196266174316,10.620019435882568,-2.1299800872802734,-13.779980659484863,0.5700197219848633,3.970019817352295,8.420019149780273,12.320019483566284,13.0,10.900000095367432,8.300000071525574,1.620019555091858,1.9200196266174316,10.620019435882568,-2.1299800872802734,-13.779980659484863,0.5700197219848633,3.970019817352295,8.420019149780273,12.320019483566284,13.0,10.900000095367432,8.300000071525574,1.620019555091858
2023-10-26,-0.5700197219848633,-2.7200193405151367,-10.77001953125,8.279980659484863,-1.3299808502197266,15.329980373382568,15.020019054412842,12.620019912719727,5.329980373382568,1.5700194835662842,19.27001965045929,7.345019459724426,-0.5700197219848633,-2.7200193405151367,-10.77001953125,8.279980659484863,1.3299808502197266,15.329980373382568,15.020019054412842,12.620019912719727,5.329980373382568,-1.5700194835662842,-19.27001965045929,-7.345019459724426
2023-10-27,1.9298830032348633,-1.070117473602295,6.429883003234863,13.029882431030273,9.1298828125,1.3298828601837158,-8.270117282867432,15.850000143051147,14.879883289337158,5.929882764816284,3.0298829078674316,-6.3999998569488525,-1.9298830032348633,1.070117473602295,-6.429883003234863,-13.029882431030273,-9.1298828125,-1.3298828601837158,8.270117282867432,15.850000143051147,14.879883289337158,5.929882764816284,3.0298829078674316,6.3999998569488525
2023-10-30,17.08017587661743,-0.16982412338256836,-1.7198243141174316,-3.369823932647705,5.530175685882568,-5.269824504852295,-6.4698240756988525,10.68017578125,11.700000286102295,8.030175685882568,7.550000071525574,0.3698241710662842,17.08017587661743,-0.16982412338256836,-1.7198243141174316,-3.369823932647705,5.530175685882568,-5.269824504852295,-6.4698240756988525,10.68017578125,11.700000286102295,8.030175685882568,7.550000071525574,0.3698241710662842
2023-10-31,-12.999804973602295,-5.199804782867432,1.9498047828674316,-8.2998046875,0.8498046398162842,-10.349804639816284,-1.6498045921325684,-0.5498044490814209,5.000195264816284,-1.4998047351837158,-5.350000023841858,-3.324999988079071,-12.999804973602295,-5.199804782867432,-1.9498047828674316,-8.2998046875,-0.8498046398162842,-10.349804639816284,-1.6498045921325684,-0.5498044490814209,5.000195264816284,-1.4998047351837158,5.350000023841858,3.324999988079071
2023-11-01,3.04013729095459,16.890137195587158,16.14013671875,5.240136623382568,8.990137100219727,3.2901363372802734,-1.4598636627197266,-2.6598634719848633,3.0901365280151367,-0.5098633766174316,1.8401365280151367,6.600000023841858,3.04013729095459,16.890137195587158,16.14013671875,5.240136623382568,8.990137100219727,3.2901363372802734,-1.4598636627197266,-2.6598634719848633,3.0901365280151367,-0.5098633766174316,1.8401365280151367,6.600000023841858
2023-11-02,-9.02978515625,-6.929784774780273,1.5202147960662842,-4.429785251617432,-5.579785108566284,-6.579785108566284,-3.02978515625,0.02021467685699463,4.320214867591858,2.72021484375,0.645214855670929,1.0297851860523224,-9.02978515625,-6.929784774780273,1.5202147960662842,-4.429785251617432,-5.579785108566284,-6.579785108566284,-3.02978515625,0.02021467685699463,4.320214867591858,2.72021484375,0.645214855670929,-1.0297851860523224
2023-11-03,18.999999523162842,8.710156202316284,12.260156393051147,10.510156393051147,9.239843845367432,2.639843463897705,2.33984375,7.889843702316284,0.7398437261581421,-0.5851562023162842,-7.810156226158142,-3.6851562559604645,18.999999523162842,8.710156202316284,12.260156393051147,10.510156393051147,9.239843845367432,2.639843463897705,2.33984375,7.889843702316284,0.7398437261581421,-0.5851562023162842,-7.810156226158142,-3.6851562559604645
2023-11-06,15.800000190734863,12.870019674301147,11.52001953125,10.900000095367432,9.5,8.120019435882568,-7.320019483566284,-3.0299805402755737,-4.429980516433716,-5.529980421066284,2.870019495487213,-0.9200195372104645,15.800000190734863,12.870019674301147,11.52001953125,10.900000095367432,9.5,8.120019435882568,7.320019483566284,-3.0299805402755737,-4.429980516433716,-5.529980421066284,2.870019495487213,0.9200195372104645
2023-11-07,5.020117282867432,12.0,9.679882764816284,-8.579882860183716,-9.549999952316284,-5.170117139816284,7.9999998807907104,4.954882860183716,-3.8798828125,-2.654882788658142,-3.699999988079071,-0.30488279461860657,5.020117282867432,12.0,9.679882764816284,8.579882860183716,9.549999952316284,5.170117139816284,7.9999998807907104,4.954882860183716,3.8798828125,2.654882788658142,3.699999988079071,0.30488279461860657
2023-11-08,12.379785299301147,10.620214939117432,9.320214748382568,-8.070214748382568,-2.3702147006988525,-2.829785108566284,-3.479785203933716,-0.52978515625,2.920214891433716,4.824999988079071,-0.645214855670929,0.35478517413139343,12.379785299301147,10.620214939117432,9.320214748382568,8.070214748382568,2.3702147006988525,-2.829785108566284,-3.479785203933716,-0.52978515625,2.920214891433716,4.824999988079071,0.645214855670929,-0.35478517413139343
2023-11-09,22.24990224838257,7.39990234375,13.949902534484863,19.599902391433716,25.949902057647705,21.39990234375,27.14990234375,11.39990234375,1.2999022006988525,-1.35009765625,-6.649999976158142,-3.449999988079071,-22.24990224838257,-7.39990234375,-13.949902534484863,-19.599902391433716,-25.949902057647705,-21.39990234375,-27.14990234375,-11.39990234375,-1.2999022006988525,1.35009765625,6.649999976158142,3.449999988079071
2023-11-10,-28.940234422683716,-40.190234422683716,-36.740234375,-23.090234518051147,-24.190234422683716,-20.540234088897705,-5.8902342319488525,-6.440234422683716,-3.3152343034744263,-0.115234375,1.4652343392372131,3.259765625,-28.940234422683716,-40.190234422683716,-36.740234375,-23.090234518051147,-24.190234422683716,-20.540234088897705,-5.8902342319488525,-6.440234422683716,-3.3152343034744263,-0.115234375,-1.4652343392372131,3.259765625
2023-11-13,4.250195503234863,7.850195646286011,11.300195455551147,11.400000095367432,7.999804735183716,7.0498046875,9.549999952316284,8.599999904632568,7.200000166893005,2.2998046875,0.624804675579071,-1.350195288658142,4.250195503234863,7.850195646286011,11.300195455551147,11.400000095367432,7.999804735183716,7.0498046875,9.549999952316284,8.599999904632568,7.200000166893005,2.2998046875,0.624804675579071,-1.350195288658142
2023-11-14,11.399804592132568,15.600000143051147,13.899999856948853,8.550195217132568,11.0498046875,6.099804639816284,9.549999952316284,8.049999952316284,6.574804663658142,5.449804663658142,0.4501953125,6.199804663658142,11.399804592132568,15.600000143051147,13.899999856948853,8.550195217132568,11.0498046875,6.099804639816284,9.549999952316284,8.049999952316284,6.574804663658142,5.449804663658142,0.4501953125,-6.199804663658142
2023-11-15,14.429883241653442,7.379883050918579,1.0798826217651367,0.3298828601837158,9.679882526397705,8.179883003234863,9.5,8.600000143051147,5.404882788658142,-1.1951172351837158,-2.104882776737213,-0.45488280057907104,14.429883241653442,7.379883050918579,1.0798826217651367,0.3298828601837158,9.679882526397705,8.179883003234863,9.5,8.600000143051147,5.404882788658142,-1.1951172351837158,2.104882776737213,0.45488280057907104
2023-11-16,-12.940234422683716,-13.400000095367432,-4.459765672683716,-5.690234422683716,-2.540234327316284,-1.009765625,-5.009765625,-4.534765601158142,-1.240234375,2.815234422683716,0.809765636920929,0.8902343511581421,12.940234422683716,13.400000095367432,4.459765672683716,-5.690234422683716,-2.540234327316284,1.009765625,5.009765625,4.534765601158142,-1.240234375,-2.815234422683716,0.809765636920929,-0.8902343511581421
2023-11-17,11.229980230331421,9.279980421066284,7.529980421066284,1.4299805164337158,4.779980421066284,4.429980516433716,7.050000071525574,6.125,-4.245019555091858,-3.4200194478034973,-2.220019578933716,-0.9700195491313934,11.229980230331421,9.279980421066284,7.529980421066284,1.4299805164337158,4.779980421066284,4.429980516433716,7.050000071525574,6.125,4.245019555091858,3.4200194478034973,2.220019578933716,0.9700195491313934
2023-11-20,-6.279882907867432,-7.1298828125,-3.2298827171325684,-3.929882764816284,-4.429882645606995,-5.029882907867432,-4.679882764816284,3.545117139816284,4.674999952316284,-3.8500000834465027,-0.5048828125,5.320117145776749,-6.279882907867432,-7.1298828125,-3.2298827171325684,-3.929882764816284,-4.429882645606995,-5.029882907867432,-4.679882764816284,3.545117139816284,4.674999952316284,3.8500000834465027,0.5048828125,-5.320117145776749
2023-11-21,9.260058641433716,3.56005859375,7.210058689117432,6.710058689117432,5.9600584506988525,8.299999952316284,6.539941191673279,4.610058665275574,6.924999952316284,4.675000071525574,3.099999964237213,2.0,9.260058641433716,3.56005859375,7.210058689117432,6.710058689117432,5.9600584506988525,8.299999952316284,6.539941191673279,4.610058665275574,6.924999952316284,4.675000071525574,3.099999964237213,2.0
2023-11-22,12.329882860183716,-11.600000143051147,9.129882574081421,-9.200000166893005,-4.220117092132568,-7.399999976158142,-6.474999904632568,-1.9201171398162842,-4.699999988079071,-0.24511712789535522,2.5048828125,2.5249999463558197,12.329882860183716,11.600000143051147,9.129882574081421,9.200000166893005,4.220117092132568,7.399999976158142,6.474999904632568,1.9201171398162842,4.699999988079071,0.24511712789535522,2.5048828125,2.5249999463558197
2023-11-27,10.450000047683716,9.150000095367432,7.8500001430511475,7.325000166893005,1.9051756858825684,1.280175805091858,0.5301756858825684,0.36982429027557373,1.06982421875,1.7198242843151093,2.575000047683716,2.44999997317791,10.450000047683716,9.150000095367432,7.8500001430511475,7.325000166893005,1.9051756858825684,1.280175805091858,0.5301756858825684,-0.36982429027557373,-1.06982421875,-1.7198242843151093,2.575000047683716,2.44999997317791
2023-11-28,-0.6598632335662842,-4.309863328933716,-8.940136671066284,-2.89013671875,2.35986328125,-6.815136790275574,-6.6249998807907104,-5.5,0.19013679027557373,0.9901366829872131,-2.550000011920929,2.6401366889476776,0.6598632335662842,4.309863328933716,8.940136671066284,2.89013671875,-2.35986328125,6.815136790275574,6.6249998807907104,5.5,-0.19013679027557373,-0.9901366829872131,2.550000011920929,-2.6401366889476776
2023-11-29,22.919921875,-2.0699219703674316,9.569921970367432,6.130078315734863,-0.169921875,-6.369921803474426,-6.919921875,-7.719921827316284,-8.669921875,-4.394921898841858,-5.8199218809604645,2.4449218809604645,-22.919921875,-2.0699219703674316,-9.569921970367432,6.130078315734863,-0.169921875,-6.369921803474426,-6.919921875,-7.719921827316284,-8.669921875,-4.394921898841858,-5.8199218809604645,2.4449218809604645
2023-11-30,-6.3001954555511475,-0.15019536018371582,1.3998048305511475,7.199804782867432,12.749804496765137,18.099804878234863,13.999804735183716,19.824804663658142,16.2998046875,11.999804735183716,8.224804639816284,19.249804764986038,6.3001954555511475,0.15019536018371582,-1.3998048305511475,-7.199804782867432,-12.749804496765137,-18.099804878234863,-13.999804735183716,-19.824804663658142,-16.2998046875,-11.999804735183716,-8.224804639816284,-19.249804764986038
2023-12-01,11.329882621765137,-16.279882669448853,-7.529882907867432,1.5798828601837158,8.270117282867432,11.5,9.829882860183716,5.5201170444488525,4.020117163658142,7.450000047683716,5.300000071525574,-3.7749999165534973,-11.329882621765137,-16.279882669448853,-7.529882907867432,-1.5798828601837158,8.270117282867432,11.5,9.829882860183716,5.5201170444488525,4.020117163658142,7.450000047683716,5.300000071525574,3.7749999165534973
2023-12-04,8.320214748382568,-2.6797852516174316,-8.679785251617432,-5.079785108566284,4.3702147006988525,8.899999976158142,8.099999904632568,-1.9202147722244263,-1.120214819908142,0.22978520393371582,1.379785180091858,2.5297851264476776,8.320214748382568,-2.6797852516174316,-8.679785251617432,-5.079785108566284,4.3702147006988525,8.899999976158142,8.099999904632568,1.9202147722244263,1.120214819908142,-0.22978520393371582,-1.379785180091858,-2.5297851264476776
2023-12-05,-9.119824171066284,-12.300000190734863,-2.68017578125,-10.400000095367432,7.469824314117432,8.600000023841858,8.00000011920929,6.75,3.9948240518569946,4.725000023841858,3.950000047683716,-2.349999964237213,9.119824171066284,12.300000190734863,2.68017578125,10.400000095367432,7.469824314117432,8.600000023841858,8.00000011920929,6.75,3.9948240518569946,4.725000023841858,3.950000047683716,2.349999964237213
2023-12-06,17.110156297683716,-8.110156297683716,14.860156059265137,11.010156154632568,11.560156106948853,7.060156345367432,-2.9601564407348633,-8.710156321525574,9.885156273841858,6.085156202316284,7.135156214237213,2.239843785762787,-17.110156297683716,-8.110156297683716,-14.860156059265137,-11.010156154632568,-11.560156106948853,-7.060156345367432,-2.9601564407348633,-8.710156321525574,-9.885156273841858,-6.085156202316284,-7.135156214237213,2.239843785762787
2023-12-07,-3.139843702316284,11.260156154632568,9.710156440734863,-1.2398436069488525,8.41015625,7.9101561307907104,7.010156273841858,6.260156154632568,5.399999916553497,4.800000011920929,3.085156202316284,-2.3749999701976776,-3.139843702316284,11.260156154632568,9.710156440734863,-1.2398436069488525,8.41015625,7.9101561307907104,7.010156273841858,6.260156154632568,5.399999916553497,4.800000011920929,3.085156202316284,2.3749999701976776
2023-12-08,4.470117092132568,13.599999904632568,-11.800000190734863,-2.820117235183716,-9.070117473602295,-0.5201170444488525,-1.520117163658142,2.6298828125,1.0048826932907104,4.775000095367432,3.395117223262787,1.9701171815395355,-4.470117092132568,13.599999904632568,11.800000190734863,-2.820117235183716,-9.070117473602295,-0.5201170444488525,-1.520117163658142,2.6298828125,1.0048826932907104,4.775000095367432,3.395117223262787,1.9701171815395355
2023-12-11,-0.7899413108825684,-6.989941358566284,1.9600584506988525,-3.68994140625,-4.489941358566284,-5.164941430091858,-0.23994135856628418,3.085058569908142,2.3100585341453552,1.8350586295127869,0.5350586175918579,-0.7149414122104645,-0.7899413108825684,-6.989941358566284,1.9600584506988525,-3.68994140625,-4.489941358566284,-5.164941430091858,-0.23994135856628418,3.085058569908142,2.3100585341453552,1.8350586295127869,0.5350586175918579,-0.7149414122104645
2023-12-12,-9.900195598602295,-6.600195407867432,-3.7001953125,-4.2001953125,-4.7001953125,-0.3001953363418579,-5.050195217132568,-3.100195288658142,-4.475195288658142,-5.300195336341858,1.4001953601837158,2.1250000298023224,-9.900195598602295,-6.600195407867432,-3.7001953125,-4.2001953125,-4.7001953125,-0.3001953363418579,-5.050195217132568,-3.100195288658142,-4.475195288658142,-5.300195336341858,-1.4001953601837158,2.1250000298023224
2023-12-13,-34.23984336853027,-29.58984375,-30.339844226837158,-29.83984375,-35.23984384536743,-34.639843463897705,-34.43984365463257,-38.93984365463257,-35.78984355926514,-9.08984375,7.810156345367432,-5.914843797683716,-34.23984336853027,-29.58984375,-30.339844226837158,-29.83984375,-35.23984384536743,-34.639843463897705,-34.43984365463257,-38.93984365463257,-35.78984355926514,-9.08984375,7.810156345367432,-5.914843797683716
2023-12-14,-6.849804401397705,-15.599804639816284,-8.799804449081421,-12.849804878234863,-6.2998046875,0.6001954078674316,-9.399804830551147,0.5501952171325684,-4.1998045444488525,3.5001953840255737,-5.3750001192092896,-3.099999964237213,6.849804401397705,15.599804639816284,8.799804449081421,12.849804878234863,6.2998046875,-0.6001954078674316,9.399804830551147,0.5501952171325684,-4.1998045444488525,3.5001953840255737,5.3750001192092896,3.099999964237213
2023-12-15,12.160058736801147,-12.789941310882568,-10.489941358566284,-9.739941596984863,-8.93994140625,-7.789941310882568,-5.160058498382568,-7.8999998569488525,0.7399413585662842,1.68994140625,3.739941418170929,0.31494140625,12.160058736801147,12.789941310882568,10.489941358566284,9.739941596984863,8.93994140625,7.789941310882568,5.160058498382568,7.8999998569488525,-0.7399413585662842,-1.68994140625,-3.739941418170929,-0.31494140625
2023-12-18,6.539941310882568,10.139941215515137,3.8399415016174316,8.0,7.450000047683716,2.585058569908142,6.599999904632568,1.2350585460662842,0.33505862951278687,4.875000059604645,-1.1399414837360382,-2.464941442012787,6.539941310882568,10.139941215515137,3.8399415016174316,8.0,7.450000047683716,2.585058569908142,6.599999904632568,1.2350585460662842,0.33505862951278687,4.875000059604645,-1.1399414837360382,-2.464941442012787
2023-12-19,-2.070117473602295,1.2798829078674316,5.429882764816284,5.329882860183716,-0.27011728286743164,-0.8701173067092896,3.079882860183716,-2.295117139816284,1.1298828125,0.2798827290534973,0.6701172590255737,1.6701172292232513,-2.070117473602295,1.2798829078674316,5.429882764816284,5.329882860183716,-0.27011728286743164,-0.8701173067092896,3.079882860183716,-2.295117139816284,1.1298828125,0.2798827290534973,-0.6701172590255737,-1.6701172292232513
2023-12-20,49.449902296066284,61.24990224838257,62.54990220069885,63.14990234375,63.64990234375,64.44990241527557,70.34990239143372,65.92490231990814,65.82490229606628,55.774902284145355,8.549902439117432,2.949902296066284,-49.449902296066284,-61.24990224838257,-62.54990220069885,-63.14990234375,-63.64990234375,-64.44990241527557,-70.34990239143372,-65.92490231990814,-65.82490229606628,-55.774902284145355,-8.549902439117432,-2.949902296066284
2023-12-21,-6.999999523162842,7.699999809265137,-5.900000095367432,-4.200000047683716,7.25,-14.099999904632568,-15.899999856948853,-12.049999952316284,-10.700000047683716,-7.900000095367432,-14.899999856948853,-0.30000007152557373,6.999999523162842,7.699999809265137,5.900000095367432,4.200000047683716,-7.25,-14.099999904632568,-15.899999856948853,-12.049999952316284,-10.700000047683716,-7.900000095367432,-14.899999856948853,-0.30000007152557373
2023-12-22,6.329882860183716,0.9701170921325684,-8.1298828125,-7.429882526397705,-5.6298828125,-5.029882907867432,-4.329882979393005,1.9701173305511475,-1.729882836341858,3.070117235183716,6.329882740974426,3.929882764816284,6.329882860183716,-0.9701170921325684,8.1298828125,7.429882526397705,5.6298828125,5.029882907867432,4.329882979393005,-1.9701173305511475,1.729882836341858,3.070117235183716,6.329882740974426,3.929882764816284
2023-12-26,7.150000095367432,5.849999904632568,4.75,4.450000047683716,7.9999998807907104,7.6000001430511475,7.099999904632568,6.0,5.325000047683716,4.300000071525574,-2.475000023841858,-2.425000011920929,7.150000095367432,5.849999904632568,4.75,4.450000047683716,7.9999998807907104,7.6000001430511475,7.099999904632568,6.0,5.325000047683716,4.300000071525574,2.475000023841858,-2.425000011920929
2023-12-27,-9.419921875,-9.619921684265137,-4.169921636581421,-3.169922113418579,-6.5199220180511475,-5.869921922683716,-1.519921898841858,-6.774999976158142,-4.244921922683716,-4.919921875,1.4800781607627869,-1.4449219107627869,9.419921875,9.619921684265137,4.169921636581421,3.169922113418579,6.5199220180511475,5.869921922683716,1.519921898841858,6.774999976158142,4.244921922683716,4.919921875,-1.4800781607627869,1.4449219107627869
2023-12-28,5.2500975131988525,3.5500974655151367,8.450097560882568,8.10009765625,7.300097703933716,6.550097703933716,0.9500976800918579,5.425097584724426,4.825097680091858,-1.6749024391174316,-2.449902296066284,1.400097668170929,5.2500975131988525,3.5500974655151367,8.450097560882568,8.10009765625,7.300097703933716,6.550097703933716,0.9500976800918579,5.425097584724426,4.825097680091858,-1.6749024391174316,-2.449902296066284,1.400097668170929
2023-12-29,1.669921875,3.119921922683716,15.73007845878601,7.919921875,9.669921875,-1.5300781726837158,6.2699220180511475,5.969922065734863,9.299999952316284,8.600000023841858,7.580078125,2.0800780057907104,-1.669921875,-3.119921922683716,15.73007845878601,7.919921875,9.669921875,-1.5300781726837158,6.2699220180511475,5.969922065734863,9.299999952316284,8.600000023841858,7.580078125,2.0800780057907104
2024-01-02,12.069921731948853,10.069921731948853,-3.1199216842651367,-10.150000095367432,8.430078029632568,-7.1800782680511475,-8.800000190734863,-7.475000023841858,-3.9949220418930054,-2.8449219465255737,-7.230078220367432,9.380078077316284,12.069921731948853,10.069921731948853,3.1199216842651367,10.150000095367432,8.430078029632568,7.1800782680511475,8.800000190734863,7.475000023841858,3.9949220418930054,2.8449219465255737,-7.230078220367432,-9.380078077316284
2024-01-03,-7.110058546066284,-9.910058736801147,-8.560058355331421,-8.510058879852295,-7.660058498382568,-6.610058784484863,3.43994140625,3.9899415969848633,-0.7600586414337158,11.739941358566284,3.2899415493011475,-0.03505849838256836,7.110058546066284,9.910058736801147,8.560058355331421,8.510058879852295,7.660058498382568,6.610058784484863,-3.43994140625,-3.9899415969848633,0.7600586414337158,-11.739941358566284,-3.2899415493011475,0.03505849838256836
2024-01-04,2.069824457168579,13.619824171066284,14.719824314117432,20.519824028015137,11.169824361801147,11.469824075698853,-7.219824314117432,13.519824385643005,9.81982421875,-5.31982421875,6.869824230670929,2.8698242008686066,-2.069824457168579,-13.619824171066284,-14.719824314117432,-20.519824028015137,-11.169824361801147,-11.469824075698853,-7.219824314117432,-13.519824385643005,-9.81982421875,-5.31982421875,-6.869824230670929,-2.8698242008686066
2024-01-05,-18.40000009536743,-2.940234422683716,3.9097654819488525,6.640234470367432,-5.490234375,11.109765529632568,10.459765672683716,10.749999761581421,6.440234422683716,8.049999952316284,0.5597655773162842,-2.040234327316284,18.40000009536743,2.940234422683716,-3.9097654819488525,6.640234470367432,5.490234375,11.109765529632568,10.459765672683716,10.749999761581421,6.440234422683716,8.049999952316284,0.5597655773162842,-2.040234327316284
2024-01-08,-35.0400390625,-31.140039205551147,-26.740039348602295,-27.690038919448853,23.69003915786743,-28.840039253234863,20.39003884792328,21.115038990974426,17.240039110183716,6.990038990974426,2.1400389671325684,4.390039086341858,-35.0400390625,-31.140039205551147,-26.740039348602295,-27.690038919448853,-23.69003915786743,-28.840039253234863,-20.39003884792328,-21.115038990974426,-17.240039110183716,-6.990038990974426,-2.1400389671325684,-4.390039086341858
2024-01-09,1.9000000953674316,-1.2999999523162842,4.599999904632568,-4.400000095367432,-10.950000047683716,-9.75,-5.450000047683716,-8.400000095367432,-7.549999833106995,5.300000071525574,-3.224999964237213,2.125,-1.9000000953674316,1.2999999523162842,-4.599999904632568,4.400000095367432,10.950000047683716,9.75,5.450000047683716,8.400000095367432,7.549999833106995,5.300000071525574,3.224999964237213,2.125
2024-01-10,-4.3001954555511475,-5.900195360183716,2.0001955032348633,7.3501951694488525,3.3501951694488525,4.000195264816284,-0.8998045921325684,5.350195288658142,2.1501952409744263,-6.75,-4.350195288658142,1.7248046398162842,-4.3001954555511475,-5.900195360183716,-2.0001955032348633,-7.3501951694488525,-3.3501951694488525,-4.000195264816284,0.8998045921325684,-5.350195288658142,-2.1501952409744263,6.75,4.350195288658142,1.7248046398162842
2024-01-11,-20.299999713897705,9.35976505279541,-1.690234661102295,-12.790234565734863,-19.59023427963257,-16.440234422683716,-7.040234327316284,4.240234375,5.209765672683716,-8.559765577316284,-6.549999833106995,4.659765601158142,20.299999713897705,9.35976505279541,-1.690234661102295,-12.790234565734863,-19.59023427963257,-16.440234422683716,-7.040234327316284,-4.240234375,5.209765672683716,8.559765577316284,6.549999833106995,4.659765601158142
2024-01-12,-16.530077934265137,17.09999990463257,7.8199217319488525,14.150000095367432,5.619921922683716,8.969921827316284,7.819921970367432,10.149999856948853,7.230078220367432,5.855078220367432,1.9949219226837158,0.21992182731628418,16.530077934265137,17.09999990463257,7.8199217319488525,14.150000095367432,5.619921922683716,8.969921827316284,7.819921970367432,10.149999856948853,7.230078220367432,5.855078220367432,1.9949219226837158,0.21992182731628418
2024-01-16,-15.52001953125,-5.6299803256988525,-5.22998046875,-4.22998046875,-12.149999856948853,10.720019578933716,4.820019483566284,8.850000023841858,1.920019507408142,-3.579980492591858,-0.15498042106628418,-2.4049805402755737,15.52001953125,5.6299803256988525,5.22998046875,4.22998046875,12.149999856948853,10.720019578933716,4.820019483566284,8.850000023841858,1.920019507408142,-3.579980492591858,-0.15498042106628418,-2.4049805402755737
2024-01-17,9.140038967132568,12.890039205551147,15.299999952316284,12.609961032867432,12.800000190734863,7.590039253234863,7.040038824081421,-4.059960842132568,-5.2099609375,-1.9099608659744263,1.8650391101837158,10.359960854053497,9.140038967132568,12.890039205551147,15.299999952316284,12.609961032867432,12.800000190734863,7.590039253234863,7.040038824081421,-4.059960842132568,-5.2099609375,-1.9099608659744263,1.8650391101837158,-10.359960854053497
2024-01-18,4.989941596984863,6.489941358566284,7.739941358566284,3.889941453933716,4.43994140625,-14.289941310882568,-20.089941263198853,-25.239941358566284,12.93994140625,1.6100585460662842,0.2100585699081421,2.9850586652755737,-4.989941596984863,-6.489941358566284,-7.739941358566284,-3.889941453933716,-4.43994140625,-14.289941310882568,-20.089941263198853,-25.239941358566284,-12.93994140625,1.6100585460662842,0.2100585699081421,2.9850586652755737
2024-01-19,-20.010058879852295,-23.760058641433716,-24.910058736801147,21.260058641433716,22.760058641433716,18.56005859375,-8.560058832168579,0.9899415969848633,-4.5899412631988525,9.399999976158142,6.399999976158142,4.299999952316284,-20.010058879852295,-23.760058641433716,-24.910058736801147,-21.260058641433716,-22.760058641433716,-18.56005859375,-8.560058832168579,0.9899415969848633,4.5899412631988525,9.399999976158142,6.399999976158142,4.299999952316284
2024-01-22,0.8801760673522949,9.880175828933716,13.049999952316284,7.130176067352295,5.93017578125,10.5,9.350000143051147,3.969824194908142,7.450000166893005,6.174999952316284,4.450000047683716,-1.494824230670929,0.8801760673522949,9.880175828933716,13.049999952316284,7.130176067352295,5.93017578125,10.5,9.350000143051147,3.969824194908142,7.450000166893005,6.174999952316284,4.450000047683716,-1.494824230670929
2024-01-23,9.649902105331421,3.2999022006988525,-2.60009765625,-3.7000975608825684,0.09990215301513672,-5.500097751617432,-1.200097680091858,-2.35009765625,1.5499024391174316,4.750097572803497,0.60009765625,3.425000011920929,9.649902105331421,3.2999022006988525,-2.60009765625,-3.7000975608825684,0.09990215301513672,-5.500097751617432,-1.200097680091858,-2.35009765625,1.5499024391174316,-4.750097572803497,-0.60009765625,3.425000011920929
2024-01-24,3.6001954078674316,9.800195455551147,14.9501953125,15.900195360183716,16.750195026397705,17.30019521713257,22.900195360183716,18.350195288658142,8.650195240974426,-0.8498047590255737,6.250195264816284,-2.874804675579071,-3.6001954078674316,-9.800195455551147,-14.9501953125,-15.900195360183716,-16.750195026397705,-17.30019521713257,-22.900195360183716,-18.350195288658142,-8.650195240974426,0.8498047590255737,-6.250195264816284,2.874804675579071
2024-01-25,11.739843845367432,-13.360156059265137,-9.439843893051147,-12.350000143051147,-11.750000238418579,3.58984375,2.58984375,-3.360156297683716,-9.360156297683716,-6.810156226158142,3.6851563453674316,5.410156309604645,11.739843845367432,13.360156059265137,9.439843893051147,12.350000143051147,11.750000238418579,3.58984375,2.58984375,-3.360156297683716,-9.360156297683716,-6.810156226158142,-3.6851563453674316,-5.410156309604645
2024-01-26,15.350000143051147,10.020215034484863,-0.37978529930114746,3.5202150344848633,2.420214891433716,7.070214748382568,10.129785299301147,8.979785203933716,7.929785251617432,6.329785108566284,1.170214831829071,3.974999964237213,15.350000143051147,10.020215034484863,-0.37978529930114746,3.5202150344848633,2.420214891433716,7.070214748382568,10.129785299301147,8.979785203933716,7.929785251617432,6.329785108566284,1.170214831829071,3.974999964237213
2024-01-29,15.380175828933716,20.880175590515137,-26.03017568588257,22.480175971984863,18.880175828933716,19.080175638198853,19.630175590515137,20.480175852775574,21.83017587661743,17.93017578125,18.23017579317093,4.950000047683716,-15.380175828933716,-20.880175590515137,-26.03017568588257,-22.480175971984863,-18.880175828933716,-19.080175638198853,-19.630175590515137,-20.480175852775574,-21.83017587661743,-17.93017578125,-18.23017579317093,4.950000047683716
2024-01-30,15.170214891433716,12.950000047683716,11.900000095367432,10.620214700698853,10.070214748382568,8.849999785423279,4.0297850370407104,7.800000071525574,6.199999928474426,4.97021484375,4.420214831829071,3.0452148020267487,15.170214891433716,12.950000047683716,11.900000095367432,10.620214700698853,10.070214748382568,8.849999785423279,4.0297850370407104,7.800000071525574,6.199999928474426,4.97021484375,4.420214831829071,3.0452148020267487
2024-01-31,-17.300097465515137,-12.10009765625,-7.100097179412842,-13.550097942352295,-8.900097370147705,-13.85009765625,-14.400097846984863,-15.050097942352295,-13.950097560882568,-7.60009765625,19.500097513198853,6.950097680091858,-17.300097465515137,-12.10009765625,-7.100097179412842,-13.550097942352295,-8.900097370147705,-13.85009765625,-14.400097846984863,-15.050097942352295,-13.950097560882568,-7.60009765625,-19.500097513198853,-6.950097680091858
2024-02-01,17.18994140625,9.78994107246399,-27.08994150161743,-24.589941263198853,17.139941453933716,-11.939941167831421,-1.7399413585662842,-3.389941453933716,-4.68994140625,-7.4399415254592896,0.8350585699081421,-2.635058581829071,-17.18994140625,-9.78994107246399,-27.08994150161743,-24.589941263198853,-17.139941453933716,-11.939941167831421,-1.7399413585662842,-3.389941453933716,-4.68994140625,-7.4399415254592896,0.8350585699081421,2.635058581829071
2024-02-02,18.10986328125,15.809863090515137,2.9598634243011475,-2.0401365756988525,-10.990136861801147,-14.450000047683716,11.340136766433716,10.240136623382568,11.099999904632568,7.759863376617432,-4.340136647224426,6.590136706829071,-18.10986328125,-15.809863090515137,-2.9598634243011475,2.0401365756988525,10.990136861801147,14.450000047683716,11.340136766433716,10.240136623382568,11.099999904632568,7.759863376617432,-4.340136647224426,-6.590136706829071
2024-02-05,-9.210058212280273,5.139941215515137,-2.6600584983825684,0.93994140625,-9.18994140625,-10.699999809265137,-7.510058760643005,-9.150000214576721,-5.610058546066284,-3.81005859375,2.514941394329071,3.9399414658546448,9.210058212280273,5.139941215515137,-2.6600584983825684,0.93994140625,9.18994140625,10.699999809265137,7.510058760643005,9.150000214576721,5.610058546066284,3.81005859375,-2.514941394329071,-3.9399414658546448
2024-02-06,6.9200193881988525,1.9200193881988525,5.320019721984863,9.170019388198853,-0.5299806594848633,2.8700194358825684,2.3700196743011475,0.3200194835662842,3.6950196027755737,-7.029980421066284,0.7450195550918579,-0.6799805164337158,6.9200193881988525,1.9200193881988525,5.320019721984863,9.170019388198853,-0.5299806594848633,2.8700194358825684,2.3700196743011475,0.3200194835662842,3.6950196027755737,-7.029980421066284,0.7450195550918579,-0.6799805164337158
2024-02-07,4.860058307647705,17.139941453933716,10.339941501617432,8.989941358566284,12.789941549301147,7.5399415493011475,12.839941501617432,10.299999952316284,8.349999904632568,6.639941453933716,4.924999952316284,3.474999964237213,-4.860058307647705,17.139941453933716,10.339941501617432,8.989941358566284,12.789941549301147,7.5399415493011475,12.839941501617432,10.299999952316284,8.349999904632568,6.639941453933716,4.924999952316284,3.474999964237213
2024-02-08,11.739843845367432,10.639843702316284,12.549999952316284,3.9898436069488525,7.639843702316284,6.989843845367432,2.58984375,4.739843845367432,6.449999928474426,2.264843702316284,3.824999988079071,2.700000047683716,11.739843845367432,10.639843702316284,12.549999952316284,3.9898436069488525,7.639843702316284,6.989843845367432,2.58984375,4.739843845367432,6.449999928474426,2.264843702316284,3.824999988079071,2.700000047683716
2024-02-09,-1.3098630905151367,1.7401366233825684,0.09013652801513672,-0.6598632335662842,-1.3098632097244263,2.090136766433716,1.5901367664337158,6.040136814117432,4.690136790275574,3.89013671875,4.549999952316284,1.7151367366313934,-1.3098630905151367,1.7401366233825684,0.09013652801513672,-0.6598632335662842,-1.3098632097244263,2.090136766433716,1.5901367664337158,6.040136814117432,4.690136790275574,3.89013671875,4.549999952316284,1.7151367366313934
2024-02-12,9.039843797683716,-7.239843845367432,-2.039843797683716,7.010156154632568,12.810156106948853,8.91015625,14.510156273841858,4.960156202316284,0.8101563453674316,8.150000095367432,4.010156273841858,-2.75,9.039843797683716,7.239843845367432,2.039843797683716,-7.010156154632568,-12.810156106948853,-8.91015625,-14.510156273841858,-4.960156202316284,-0.8101563453674316,8.150000095367432,4.010156273841858,2.75
2024-02-13,20.899999618530273,-10.419922351837158,14.619921922683716,-1.9699218273162842,-6.369921684265137,-10.819921731948853,-9.969921827316284,-8.519921779632568,-6.2300779819488525,7.669921875,15.069921851158142,18.394921898841858,20.899999618530273,10.419922351837158,14.619921922683716,1.9699218273162842,6.369921684265137,10.819921731948853,9.969921827316284,8.519921779632568,6.2300779819488525,-7.669921875,-15.069921851158142,-18.394921898841858
2024-02-14,-1.2298829555511475,-3.9798829555511475,9.420117139816284,-9.570117235183716,-14.520117282867432,-11.270117044448853,-12.820117235183716,-13.770117044448853,-10.520117282867432,-11.520117282867432,-8.820117115974426,-1.0451171398162842,1.2298829555511475,3.9798829555511475,-9.420117139816284,-9.570117235183716,-14.520117282867432,-11.270117044448853,-12.820117235183716,-13.770117044448853,-10.520117282867432,-11.520117282867432,-8.820117115974426,-1.0451171398162842
2024-02-15,-2.529980182647705,-3.3799805641174316,-4.279980421066284,-4.479980707168579,-6.179980516433716,2.720019578933716,-2.429980754852295,11.100000143051147,4.4200193881988525,7.7500001192092896,5.600000023841858,3.674999952316284,-2.529980182647705,-3.3799805641174316,-4.279980421066284,-4.479980707168579,-6.179980516433716,2.720019578933716,-2.429980754852295,11.100000143051147,4.4200193881988525,7.7500001192092896,5.600000023841858,3.674999952316284
2024-02-16,22.399999618530273,14.919824123382568,2.619824171066284,4.730175971984863,11.230175971984863,12.080175876617432,7.880175828933716,8.880175828933716,15.080175876617432,21.53017568588257,0.41982412338256836,-3.7551757097244263,22.399999618530273,14.919824123382568,2.619824171066284,-4.730175971984863,-11.230175971984863,-12.080175876617432,-7.880175828933716,-8.880175828933716,-15.080175876617432,-21.53017568588257,0.41982412338256836,-3.7551757097244263
2024-02-20,-18.199999809265137,17.690234661102295,-16.549999952316284,-15.049999713897705,-8.440234422683716,-2.740234375,-2.190234422683716,-1.0902342796325684,-4.690234422683716,-3.4402343034744263,-7.100000023841858,-4.450000047683716,18.199999809265137,17.690234661102295,16.549999952316284,15.049999713897705,8.440234422683716,2.740234375,2.190234422683716,1.0902342796325684,4.690234422683716,3.4402343034744263,7.100000023841858,4.450000047683716
2024-02-21,-0.9501953125,0.5998046398162842,2.1998045444488525,-2.2001953125,-1.6001951694488525,3.5498046875,-0.8001954555511475,4.899804592132568,5.249804735183716,-12.449804544448853,14.774804711341858,21.699804723262787,0.9501953125,-0.5998046398162842,-2.1998045444488525,2.2001953125,1.6001951694488525,-3.5498046875,0.8001954555511475,-4.899804592132568,-5.249804735183716,-12.449804544448853,-14.774804711341858,-21.699804723262787
2024-02-22,-1.8297853469848633,-4.329784870147705,-10.429785251617432,-7.129784822463989,-7.729785203933716,-4.229785442352295,-0.6797850131988525,3.3702149391174316,7.5702149868011475,7.429785251617432,5.9702147245407104,4.800000071525574,-1.8297853469848633,-4.329784870147705,-10.429785251617432,-7.129784822463989,-7.729785203933716,-4.229785442352295,-0.6797850131988525,3.3702149391174316,7.5702149868011475,7.429785251617432,5.9702147245407104,4.800000071525574
2024-02-23,1.599804401397705,5.449804782867432,8.949804782867432,12.899804592132568,6.649804592132568,11.449804782867432,4.749804735183716,3.1998047828674316,-1.9998046159744263,7.799999952316284,4.6748046875,-3.824999988079071,1.599804401397705,5.449804782867432,8.949804782867432,12.899804592132568,6.649804592132568,11.449804782867432,4.749804735183716,3.1998047828674316,1.9998046159744263,7.799999952316284,4.6748046875,3.824999988079071
2024-02-26,-5.770214796066284,-1.97021484375,1.9797852039337158,1.3297853469848633,-4.920214891433716,-5.3202149868011475,-0.97021484375,3.9297852516174316,2.0797849893569946,-4.195214867591858,-0.44521474838256836,-2.3452147841453552,-5.770214796066284,-1.97021484375,1.9797852039337158,1.3297853469848633,-4.920214891433716,-5.3202149868011475,-0.97021484375,3.9297852516174316,2.0797849893569946,-4.195214867591858,-0.44521474838256836,-2.3452147841453552
2024-02-27,11.119824409484863,9.369824171066284,8.169824361801147,2.869824171066284,2.119824171066284,-3.130175828933716,-8.18017590045929,-5.230175852775574,-1.530175805091858,2.619824171066284,4.349999964237213,2.5,11.119824409484863,9.369824171066284,8.169824361801147,2.869824171066284,2.119824171066284,-3.130175828933716,-8.18017590045929,-5.230175852775574,-1.530175805091858,2.619824171066284,4.349999964237213,2.5
2024-02-28,8.990234375,12.250000238418579,11.309765577316284,10.709765434265137,10.259765625,9.850000143051147,8.899999856948853,7.459765553474426,1.3347655534744263,6.125,4.574999928474426,3.1847656667232513,8.990234375,12.250000238418579,11.309765577316284,10.709765434265137,10.259765625,9.850000143051147,8.899999856948853,7.459765553474426,1.3347655534744263,6.125,4.574999928474426,3.1847656667232513
2024-02-29,-16.129980087280273,-9.729980707168579,-3.5299806594848633,2.6200194358825684,7.620019435882568,8.170019626617432,0.07001948356628418,-3.72998046875,-2.2299805879592896,-1.5549806356430054,0.3700195550918579,1.6450195908546448,16.129980087280273,9.729980707168579,3.5299806594848633,-2.6200194358825684,-7.620019435882568,-8.170019626617432,-0.07001948356628418,3.72998046875,2.2299805879592896,1.5549806356430054,-0.3700195550918579,-1.6450195908546448
2024-03-01,-14.580078363418579,-6.930078029632568,-8.130078315734863,-4.430078029632568,-5.530078172683716,-1.580078125,2.669921875,1.419921875,5.619921803474426,7.824999928474426,5.325000047683716,3.474999964237213,-14.580078363418579,-6.930078029632568,-8.130078315734863,-4.430078029632568,-5.530078172683716,-1.580078125,2.669921875,1.419921875,5.619921803474426,7.824999928474426,5.325000047683716,3.474999964237213
2024-03-04,11.650000095367432,10.600000143051147,9.799999952316284,9.199999809265137,-8.600000143051147,-3.750195264816284,-3.0501952171325684,-6.449999928474426,-1.250195324420929,-0.27519524097442627,9.724804699420929,6.199804663658142,11.650000095367432,10.600000143051147,9.799999952316284,9.199999809265137,8.600000143051147,3.750195264816284,3.0501952171325684,6.449999928474426,1.250195324420929,0.27519524097442627,-9.724804699420929,-6.199804663658142
2024-03-05,10.750097751617432,-3.14990234375,-7.449902296066284,-6.0499022006988525,-10.699902534484863,0.4000976085662842,-3.8499021530151367,-8.449902415275574,-5.60009765625,-7.050000071525574,7.199902296066284,13.974902272224426,-10.750097751617432,3.14990234375,7.449902296066284,6.0499022006988525,10.699902534484863,-0.4000976085662842,3.8499021530151367,8.449902415275574,5.60009765625,7.050000071525574,-7.199902296066284,-13.974902272224426
2024-03-06,-21.709765911102295,-19.449999809265137,-10.409765481948853,0.8902342319488525,1.490234136581421,5.540234327316284,3.5902345180511475,10.590234279632568,-13.859765768051147,-12.609765529632568,6.490234375,2.990234375,21.709765911102295,19.449999809265137,10.409765481948853,-0.8902342319488525,-1.490234136581421,-5.540234327316284,-3.5902345180511475,-10.590234279632568,13.859765768051147,12.609765529632568,6.490234375,2.990234375
2024-03-07,5.840136528015137,9.240136861801147,13.090137004852295,11.440136671066284,11.040136814117432,9.990136623382568,9.190136909484863,9.950000047683716,6.659863233566284,7.600000023841858,-6.2500001192092896,2.2651368379592896,5.840136528015137,9.240136861801147,13.090137004852295,11.440136671066284,11.040136814117432,9.990136623382568,9.190136909484863,9.950000047683716,6.659863233566284,7.600000023841858,6.2500001192092896,2.2651368379592896
2024-03-08,36.66005849838257,44.56005859375,40.21005845069885,8.410058498382568,-2.110058307647705,-8.91005802154541,12.93994140625,15.089941263198853,14.199999809265137,4.660058498382568,13.660058498382568,6.889941334724426,-36.66005849838257,-44.56005859375,-40.21005845069885,-8.410058498382568,-2.110058307647705,-8.91005802154541,12.93994140625,15.089941263198853,14.199999809265137,-4.660058498382568,-13.660058498382568,6.889941334724426
2024-03-11,3.0100584030151367,1.2100586891174316,14.31005859375,3.9600589275360107,12.16005825996399,11.460058450698853,13.049999952316284,11.5,9.949999809265137,8.100000023841858,3.839941382408142,1.635058581829071,3.0100584030151367,1.2100586891174316,14.31005859375,3.9600589275360107,12.16005825996399,11.460058450698853,13.049999952316284,11.5,9.949999809265137,8.100000023841858,3.839941382408142,1.635058581829071
2024-03-12,-6.77001953125,5.329980850219727,13.629980087280273,12.179980278015137,11.179980039596558,1.0799803733825684,-4.320019483566284,-2.6700193881988525,-0.07001948356628418,-8.22998034954071,7.1299803256988525,4.199999928474426,-6.77001953125,5.329980850219727,13.629980087280273,12.179980278015137,11.179980039596558,1.0799803733825684,-4.320019483566284,-2.6700193881988525,-0.07001948356628418,8.22998034954071,7.1299803256988525,4.199999928474426
2024-03-13,-15.950000286102295,-9.660058498382568,-13.549999952316284,-12.5,-6.81005859375,-11.0,-5.4100587368011475,0.7899413108825684,2.4399412870407104,-1.410058617591858,0.26494133472442627,-0.4899413585662842,15.950000286102295,9.660058498382568,13.549999952316284,12.5,6.81005859375,11.0,5.4100587368011475,-0.7899413108825684,-2.4399412870407104,1.410058617591858,-0.26494133472442627,0.4899413585662842
2024-03-14,18.970019340515137,-14.47998046875,-18.249999523162842,-16.570019960403442,-15.300000190734863,-14.350000143051147,-8.620019435882568,-2.52001953125,-11.099999904632568,-8.849999904632568,-2.52001953125,9.279980540275574,18.970019340515137,14.47998046875,18.249999523162842,16.570019960403442,15.300000190734863,14.350000143051147,8.620019435882568,2.52001953125,11.099999904632568,8.849999904632568,2.52001953125,-9.279980540275574
2024-03-15,23.34999990463257,19.33984375,5.889843463897705,10.389843940734863,17.40000057220459,15.360156536102295,5.160156011581421,13.010156393051147,13.5,10.75,6.4898436069488525,3.639843702316284,23.34999990463257,19.33984375,5.889843463897705,10.389843940734863,17.40000057220459,15.360156536102295,5.160156011581421,13.010156393051147,13.5,10.75,6.4898436069488525,3.639843702316284
2024-03-18,10.869921684265137,-7.1800782680511475,-8.330077886581421,-3.7800779342651367,0.919921875,0.26992201805114746,5.719922065734863,-1.330078125,2.9199219942092896,-3.805078148841858,0.044921875,1.830078125,10.869921684265137,-7.1800782680511475,-8.330077886581421,-3.7800779342651367,0.919921875,0.26992201805114746,5.719922065734863,-1.330078125,2.9199219942092896,-3.805078148841858,0.044921875,-1.830078125
2024-03-19,-21.309765338897705,-27.609765768051147,-19.40976572036743,-15.359765529632568,-11.609765529632568,2.6097657680511475,2.6402342319488525,1.290234088897705,-3.765234351158142,-2.665234327316284,-2.8097656965255737,-4.809765696525574,-21.309765338897705,-27.609765768051147,-19.40976572036743,-15.359765529632568,-11.609765529632568,-2.6097657680511475,2.6402342319488525,1.290234088897705,3.765234351158142,2.665234327316284,-2.8097656965255737,-4.809765696525574
2024-03-20,-11.320116519927979,-5.870118141174316,-10.27011775970459,-5.820116996765137,-10.6201171875,-10.670117378234863,-5.670117378234863,-14.170117378234863,-13.1201171875,3.2798829078674316,2.4798827171325684,8.799999833106995,-11.320116519927979,-5.870118141174316,-10.27011775970459,-5.820116996765137,-10.6201171875,-10.670117378234863,-5.670117378234863,-14.170117378234863,-13.1201171875,3.2798829078674316,2.4798827171325684,8.799999833106995
2024-03-21,6.579784870147705,0.07978510856628418,-0.7202146053314209,3.4297850131988525,-3.020214796066284,-8.820214867591858,-3.6202149391174316,0.77978515625,5.829785108566284,-1.0702147483825684,6.774999976158142,0.20478510856628418,6.579784870147705,0.07978510856628418,-0.7202146053314209,3.4297850131988525,-3.020214796066284,-8.820214867591858,-3.6202149391174316,0.77978515625,5.829785108566284,-1.0702147483825684,6.774999976158142,0.20478510856628418
2024-03-22,13.530175685882568,12.080175638198853,12.75,10.430176019668579,9.280175924301147,9.449999928474426,7.630175828933716,-1.655175805091858,3.8698240518569946,5.594824194908142,1.5448241829872131,-2.480175733566284,13.530175685882568,12.080175638198853,12.75,10.430176019668579,9.280175924301147,9.449999928474426,7.630175828933716,1.655175805091858,-3.8698240518569946,-5.594824194908142,-1.5448241829872131,2.480175733566284
2024-03-25,9.989941358566284,9.089941263198853,2.489941358566284,1.789941430091858,1.339941382408142,6.214941382408142,5.589941501617432,-0.2850586175918579,-1.4350587129592896,-2.06005859375,-3.410058557987213,0.5649413466453552,9.989941358566284,9.089941263198853,2.489941358566284,1.789941430091858,1.339941382408142,6.214941382408142,5.589941501617432,-0.2850586175918579,-1.4350587129592896,-2.06005859375,-3.410058557987213,0.5649413466453552
2024-03-26,-15.069921970367432,-16.519922018051147,-17.81992197036743,-18.569921851158142,-18.91992199420929,-19.494921803474426,-14.569921970367432,15.569921851158142,16.419921875,16.994921922683716,18.24492186307907,12.794921875,-15.069921970367432,-16.519922018051147,-17.81992197036743,-18.569921851158142,-18.91992199420929,-19.494921803474426,-14.569921970367432,-15.569921851158142,-16.419921875,-16.994921922683716,-18.24492186307907,-12.794921875
2024-03-27,5.640234470367432,-14.390234470367432,-16.040234327316284,-17.14023447036743,-22.490234375,-18.540234446525574,-14.140234470367432,15.940234303474426,16.61523425579071,11.840234398841858,18.240234375,13.465234398841858,-5.640234470367432,-14.390234470367432,-16.040234327316284,-17.14023447036743,-22.490234375,-18.540234446525574,-14.140234470367432,-15.940234303474426,-16.61523425579071,-11.840234398841858,-18.240234375,-13.465234398841858
2024-03-28,14.099999904632568,12.650000095367432,-11.800000190734863,-11.299999952316284,-10.549999952316284,-10.400000095367432,-9.799999713897705,-9.449999928474426,-8.400000095367432,-8.399999856948853,3.3000975847244263,2.1500974893569946,14.099999904632568,12.650000095367432,11.800000190734863,11.299999952316284,10.549999952316284,10.400000095367432,9.799999713897705,9.449999928474426,8.400000095367432,8.399999856948853,3.3000975847244263,2.1500974893569946
2024-04-01,5.629980564117432,10.070019721984863,11.600000143051147,11.599999904632568,3.0299806594848633,6.529980659484863,4.97998046875,4.379980444908142,3.129980444908142,2.0049805641174316,-0.6049803495407104,0.14501953125,-5.629980564117432,10.070019721984863,11.600000143051147,11.599999904632568,3.0299806594848633,6.529980659484863,4.97998046875,4.379980444908142,3.129980444908142,2.0049805641174316,0.6049803495407104,-0.14501953125
2024-04-02,6.339941501617432,5.039941310882568,-2.0100584030151367,1.68994140625,-4.210058689117432,-0.5100586414337158,4.0399415493011475,3.089941382408142,2.039941430091858,0.8399413824081421,0.4600585699081421,3.839941382408142,6.339941501617432,5.039941310882568,-2.0100584030151367,1.68994140625,-4.210058689117432,-0.5100586414337158,4.0399415493011475,3.089941382408142,2.039941430091858,0.8399413824081421,-0.4600585699081421,3.839941382408142
2024-04-03,-9.759766101837158,5.940234422683716,0.6597657203674316,1.9097657203674316,-2.990234375,-1.4402343034744263,1.4402344226837158,0.6597656011581421,1.8847657442092896,2.784765601158142,-1.2902343273162842,-0.46523451805114746,9.759766101837158,5.940234422683716,-0.6597657203674316,-1.9097657203674316,2.990234375,1.4402343034744263,1.4402344226837158,-0.6597656011581421,-1.8847657442092896,-2.784765601158142,1.2902343273162842,-0.46523451805114746
2024-04-04,85.24003911018372,86.69003915786743,87.69003891944885,88.39003896713257,94.09003913402557,94.0400390625,94.7900390625,89.84003913402557,77.64003896713257,32.590038776397705,12.340038776397705,4.7099609375,-85.24003911018372,-86.69003915786743,-87.69003891944885,-88.39003896713257,-94.09003913402557,-94.0400390625,-94.7900390625,-89.84003913402557,-77.64003896713257,-32.590038776397705,-12.340038776397705,4.7099609375
2024-04-05,1.2101564407348633,-3.7398433685302734,18.81015634536743,15.760156631469727,-12.639843940734863,-11.689843893051147,0.7101559638977051,-8.889843940734863,13.460156440734863,11.660156488418579,7.360156059265137,7.600000023841858,1.2101564407348633,-3.7398433685302734,18.81015634536743,15.760156631469727,12.639843940734863,11.689843893051147,-0.7101559638977051,8.889843940734863,13.460156440734863,11.660156488418579,7.360156059265137,7.600000023841858
2024-04-08,14.790136337280273,7.39013671875,-0.5901367664337158,-5.040136814117432,10.490136623382568,13.700000047683716,3.39013671875,1.9901366233825684,0.5901367664337158,-0.5598633289337158,2.6098633408546448,4.334863305091858,14.790136337280273,7.39013671875,0.5901367664337158,5.040136814117432,10.490136623382568,13.700000047683716,3.39013671875,1.9901366233825684,0.5901367664337158,-0.5598633289337158,-2.6098633408546448,-4.334863305091858
2024-04-09,-17.250000476837158,-4.789843559265137,-10.960156440734863,-9.210155963897705,-2.0101559162139893,-3.4601566791534424,-4.410156488418579,6.560156345367432,12.310156345367432,13.760156393051147,16.66015648841858,-1.939843773841858,17.250000476837158,4.789843559265137,-10.960156440734863,-9.210155963897705,-2.0101559162139893,-3.4601566791534424,-4.410156488418579,-6.560156345367432,-12.310156345367432,-13.760156393051147,-16.66015648841858,1.939843773841858
2024-04-10,-29.459863662719727,-26.799999713897705,-25.550000190734863,-23.0,-16.809863567352295,-15.909863471984863,-20.709863662719727,-20.50986337661743,21.60986328125,7.209863662719727,-0.4401364326477051,11.650000095367432,29.459863662719727,26.799999713897705,25.550000190734863,23.0,16.809863567352295,15.909863471984863,20.709863662719727,20.50986337661743,21.60986328125,7.209863662719727,-0.4401364326477051,11.650000095367432
2024-04-11,-7.56005859375,-25.460058212280273,-25.260058403015137,-22.71005868911743,-5.31005859375,-10.410058975219727,-10.56005859375,11.089941501617432,12.400000095367432,5.110058784484863,8.06005871295929,-0.6399413347244263,-7.56005859375,-25.460058212280273,-25.260058403015137,-22.71005868911743,-5.31005859375,-10.410058975219727,-10.56005859375,11.089941501617432,12.400000095367432,5.110058784484863,8.06005871295929,-0.6399413347244263
2024-04-12,-16.389843940734863,-3.539844036102295,17.210156440734863,-1.9898433685302734,-4.08984375,17.01015615463257,22.40000009536743,13.289844036102295,19.200000286102295,16.50000023841858,4.289843797683716,1.08984375,-16.389843940734863,-3.539844036102295,17.210156440734863,-1.9898433685302734,-4.08984375,17.01015615463257,22.40000009536743,13.289844036102295,19.200000286102295,16.50000023841858,4.289843797683716,1.08984375
2024-04-15,80.58017539978027,53.08017539978027,36.880176067352295,45.53017568588257,52.28017568588257,36.43017530441284,32.48017597198486,8.519824504852295,8.519824028015137,14.269824504852295,10.31982421875,7.980175971984863,-80.58017539978027,-53.08017539978027,-36.880176067352295,-45.53017568588257,-52.28017568588257,-36.43017530441284,-32.48017597198486,8.519824504852295,8.519824028015137,14.269824504852295,10.31982421875,7.980175971984863
2024-04-16,-32.16015625,33.43984317779541,-31.389843940734863,-25.960156440734863,-26.31015634536743,-20.51015615463257,-20.110156059265137,-23.01015615463257,-16.460155963897705,16.989843368530273,-4.389843463897705,10.689843773841858,32.16015625,33.43984317779541,31.389843940734863,25.960156440734863,26.31015634536743,20.51015615463257,20.110156059265137,23.01015615463257,16.460155963897705,16.989843368530273,-4.389843463897705,-10.689843773841858
2024-04-17,15.0400390625,6.690038681030273,-2.8099608421325684,-12.259960651397705,-16.80996084213257,-24.40000009536743,-15.640038967132568,-11.2099609375,-4.009961128234863,-6.359961032867432,5.459961175918579,-8.699999809265137,-15.0400390625,-6.690038681030273,2.8099608421325684,12.259960651397705,16.80996084213257,24.40000009536743,15.640038967132568,11.2099609375,4.009961128234863,6.359961032867432,5.459961175918579,8.699999809265137
2024-04-18,14.320117473602295,1.420116901397705,10.579883098602295,11.779882431030273,8.579883098602295,10.429883003234863,10.720117092132568,14.970117568969727,16.899999618530273,14.599999904632568,10.229882717132568,7.600000023841858,14.320117473602295,1.420116901397705,-10.579883098602295,-11.779882431030273,-8.579883098602295,-10.429883003234863,10.720117092132568,14.970117568969727,16.899999618530273,14.599999904632568,10.229882717132568,7.600000023841858
2024-04-19,-11.270020008087158,-1.0799803733825684,7.120019435882568,-1.3799805641174316,-4.829980850219727,-23.249999523162842,-3.22998046875,-6.579980373382568,0.020019054412841797,15.59999966621399,11.52001953125,9.049999833106995,-11.270020008087158,1.0799803733825684,-7.120019435882568,1.3799805641174316,4.829980850219727,23.249999523162842,3.22998046875,6.579980373382568,-0.020019054412841797,15.59999966621399,11.52001953125,9.049999833106995
2024-04-22,8.599902153015137,-6.750097751617432,-9.000097274780273,-11.400097370147705,-3.2500977516174316,1.5999021530151367,4.9999024868011475,10.450097799301147,-0.6999020576477051,13.949902296066284,5.599902272224426,3.9499024152755737,8.599902153015137,-6.750097751617432,-9.000097274780273,-11.400097370147705,-3.2500977516174316,1.5999021530151367,4.9999024868011475,10.450097799301147,-0.6999020576477051,-13.949902296066284,-5.599902272224426,-3.9499024152755737
2024-04-23,1.5501956939697266,10.400195598602295,18.650195598602295,12.9501953125,6.700195789337158,15.200195074081421,13.800195455551147,12.150195121765137,5.7998046875,4.2998046875,6.25,4.200195372104645,1.5501956939697266,10.400195598602295,18.650195598602295,12.9501953125,6.700195789337158,15.200195074081421,13.800195455551147,12.150195121765137,5.7998046875,4.2998046875,6.25,4.200195372104645
2024-04-24,17.679883003234863,15.779882907867432,16.570116996765137,10.270117282867432,0.7701177597045898,4.370117425918579,3.320117235183716,10.8701171875,-7.829882621765137,8.3701171875,1.0201172828674316,6.149999976158142,17.679883003234863,15.779882907867432,16.570116996765137,10.270117282867432,0.7701177597045898,4.370117425918579,3.320117235183716,10.8701171875,7.829882621765137,8.3701171875,1.0201172828674316,6.149999976158142
2024-04-25,-23.119921684265137,-10.51992130279541,-27.719922065734863,-14.519921779632568,-10.769921779632568,0.23007822036743164,3.9300780296325684,0.580078125,11.019922018051147,3.9800782203674316,5.430078148841858,-1.2800780534744263,-23.119921684265137,-10.51992130279541,-27.719922065734863,-14.519921779632568,-10.769921779632568,0.23007822036743164,3.9300780296325684,0.580078125,11.019922018051147,3.9800782203674316,5.430078148841858,-1.2800780534744263
2024-04-26,19.340039253234863,21.699999809265137,20.4599609375,19.799999713897705,17.35996103286743,15.2099609375,3.409960985183716,1.9599609375,0.6599607467651367,4.059960842132568,1.9349610805511475,-5.890038967132568,19.340039253234863,21.699999809265137,20.4599609375,19.799999713897705,17.35996103286743,15.2099609375,3.409960985183716,1.9599609375,0.6599607467651367,4.059960842132568,1.9349610805511475,-5.890038967132568
2024-04-29,16.430078268051147,14.649999856948853,-12.080078125,-10.530077934265137,-9.730077981948853,-10.150000095367432,-8.680078029632568,-8.850000023841858,-7.100000023841858,-5.130078196525574,-5.780078172683716,-6.219921886920929,16.430078268051147,14.649999856948853,12.080078125,10.530077934265137,9.730077981948853,10.150000095367432,8.680078029632568,8.850000023841858,7.100000023841858,5.130078196525574,5.780078172683716,-6.219921886920929
2024-04-30,53.110058546066284,43.31005859375,50.76005840301514,27.660058736801147,28.660058736801147,29.71005868911743,14.960058450698853,-15.81005859375,28.010058641433716,20.260058641433716,17.06005859375,19.260058641433716,-53.110058546066284,-43.31005859375,-50.76005840301514,-27.660058736801147,-28.660058736801147,-29.71005868911743,-14.960058450698853,-15.81005859375,-28.010058641433716,-20.260058641433716,-17.06005859375,-19.260058641433716
