window,cap,fill,rule,kelly,forecasts,dSharpe vs sign(s): >0,dSharpe vs sign(s): CI>0,dSharpe vs sign(s): CI<0,dSharpe vs sign(s): median,dSharpe vs sign(s): min,dSharpe vs sign(s): max,dSharpe vs always short: >0,dSharpe vs always short: CI>0,dSharpe vs always short: CI<0,dSharpe vs always short: median,dSharpe vs always short: min,dSharpe vs always short: max,dg vs sign(s) Kelly-levered: >0,dg vs sign(s) Kelly-levered: CI>0,dg vs sign(s) Kelly-levered: CI<0,dg vs sign(s) Kelly-levered: median,dg vs always-short Kelly: >0,dg vs always-short Kelly: CI>0,dg vs always-short Kelly: CI<0,dg vs always-short Kelly: median,dg vs sign(s) at 3%: >0,dg vs sign(s) at 3%: CI>0,dg vs sign(s) at 3%: CI<0,dg vs sign(s) at 3%: median,Sharpe median,g_ann median,ruined,maxDD_frac median,mean |w| median,share zero median,share opposite sign(s) median,share at cap median
expanding,history ruin bound,mid,always short,unit (growth at 3%),15,0,0,0,-1.1783281078533367,-1.5205741914376452,-0.9237507643632268,0,0,0,0.0,0.0,0.0,0,0,0,-0.6450479389243612,0,0,0,0.0,0,0,0,-0.6450479389243612,0.3403063490123874,0.028567999618736534,0,-0.5191222232887515,1.0,0.0,0.38273615635179153,
expanding,history ruin bound,mid,sign(s),unit (growth at 3%),15,0,0,0,0.0,0.0,0.0,15,0,0,1.1783281078533367,0.9237507643632268,1.5205741914376452,0,0,0,0.0,15,0,0,0.6450479389243612,0,0,0,0.0,1.5186344568657242,0.6736159385430978,0,-0.3334488360990703,1.0,0.0,0.0,
expanding,history ruin bound,mid,"(c) proportional s/rms (unit, §10)",unit (growth at 3%),15,0,0,0,-0.7305384790178533,-1.0140451946134093,-0.2708899719334168,15,0,0,0.42924809370662403,0.28776007832765566,0.8463310222864884,0,0,9,-0.6127899240221296,14,0,0,0.03291097436516345,0,0,9,-0.6127899240221296,0.7695544427190114,0.06147897398389998,0,-0.07658596882529312,0.10353848763766557,0.0,0.0,
expanding,history ruin bound,mid,"(d) always short, Kelly",full,15,0,0,14,-1.6785503351802813,-2.02079641876459,-1.4239729916901713,0,0,0,-0.5002222273269445,-0.5002222273269445,-0.5002222273269445,0,0,1,-0.9835029406072785,0,0,0,0.0,0,0,14,-0.8189267015952557,-0.1599158783145572,-0.14531076305215793,0,-0.5517073489236457,0.01592389610772238,0.2947882736156352,0.3241042345276873,0.0
expanding,history ruin bound,mid,"sign(s), Kelly-levered",full,15,0,0,7,-0.15203445852212227,-0.35962466317857766,-0.09993290744681205,15,0,0,0.9758320937129286,0.5641261011846492,1.30352619582701,0,0,0,0.0,15,1,0,0.9835029406072785,13,0,0,0.18678590982177268,1.316138442725316,0.8381921775551205,0,-0.7591317770170452,0.06813041232131105,0.0,0.0,0.0
expanding,history ruin bound,mid,"(b) Kelly by sign of s, log-optimal",full,15,0,0,9,-0.2910413252596995,-0.6916031790541899,-0.22541133534607116,15,0,0,0.8422336202811294,0.23214758530903695,1.1951526990251002,0,0,1,-0.22694054031199173,15,0,0,0.7565624002952868,5,0,0,-0.019032108830796646,1.1825399692935168,0.6112516372431288,0,-0.7423817386845297,0.0664308698438061,0.0,0.0,0.10423452768729642
expanding,history ruin bound,mid,"(b') Kelly by sign of s, mean-variance",full,15,0,0,3,-0.183149150127484,-0.6894161237968915,-0.11466371868313519,15,0,0,0.943793215820653,0.2343346405663353,1.2736736504320134,1,0,0,-0.1186191955250433,15,0,0,0.9207403234985048,11,0,0,0.10573814457334263,1.2840995648330404,0.7754295604463468,0,-0.7463296831688052,0.06416194798161683,0.0,0.0,0.21661237785016288
expanding,history ruin bound,mid,(a) Kelly by sign x |s| 3 bins,full,15,0,0,12,-1.0827284237737678,-2.0005252948490213,-0.6769094555342753,8,0,0,0.0430625394185179,-1.0767745304857945,0.65311980408967,0,0,11,-1.4086760162255247,3,0,0,-0.38774502424221935,0,0,7,-1.2381724014170885,0.3833688884309053,-0.560025659412546,1,-0.9446733561463745,0.07749672903063716,0.0,0.18892508143322476,0.25732899022801303
expanding,history ruin bound,mid,"(a) Kelly by regression on s, |s|",full,15,0,0,14,-1.652399363764441,-2.094193617639241,-1.3181014667195583,0,0,0,-0.5375713122452319,-0.8023737820951455,-0.20056915361572902,0,0,3,-1.2935638047442124,0,0,0,-0.2581394069752303,0,0,13,-1.0840517963205543,-0.1972649632328446,-0.40345017002738826,0,-0.7070800281494666,0.03643633138941844,0.0,0.5521172638436482,0.0
expanding,history ruin bound,mid,"(a) Kelly by regression on sign(s), s, |s|",full,15,0,0,0,-0.2342794463282145,-0.5635848878333881,-0.10302432370216685,15,0,0,0.9442694279753305,0.3601658765298387,1.1753137167704688,1,0,0,-0.09168241675119482,15,0,0,0.9069656403861917,11,0,0,0.1111462336061727,1.284575776987718,0.7616548773340337,0,-0.7737978570481802,0.0770981058648832,0.0,0.029315960912052116,0.3745928338762215
expanding,history ruin bound,mid,"(c) proportional s/mean|s|, sign(s) Kelly stake",full,15,0,0,0,-0.7151868340758232,-1.114714003160072,-0.11239003301436035,15,0,0,0.5005183177851436,0.18709126978099294,0.8113607313488664,0,0,0,-0.5179942728589229,15,1,0,0.4096617853623037,0,0,0,-0.40804496433626847,0.840824666797531,0.26435102231014573,0,-0.6505216741130923,0.023208851177351754,0.0,0.0,0.04723127035830619
expanding,history ruin bound,mid,(a) Kelly by sign x |s| 2 bins,full,15,0,0,5,-0.4855937422904103,-0.9373667602828915,-0.12729390905719518,14,0,0,0.6744050696439623,-0.01361599591966467,1.0431768218327968,1,0,2,-0.4719705070185673,14,0,0,0.6224782731845944,4,0,0,-0.26337430223998143,1.0147114186563497,0.47716751013243647,0,-0.8106058072454461,0.06328356411088812,0.0,0.11726384364820847,0.23289902280130292
expanding,history ruin bound,mid,(a) Kelly by sign x |s| 5 bins,full,15,1,0,4,-0.9591336734174711,-1.732817889095278,0.09408921225114741,12,0,0,0.30039500088658483,-0.43101261615421316,1.2645599431411394,1,0,3,-1.373874529565835,4,0,0,-0.3391744204061897,1,0,3,-1.2756527307181766,0.6407013498989722,-0.4844851834583477,0,-0.967764132660893,0.09646436973789252,0.0,0.2263843648208469,0.3355048859934853
expanding,history ruin bound,mid,(a) Kelly by sign x |s/iv| 3 bins,full,15,0,0,4,-0.657616729571945,-1.4035205497050913,-0.12933038519315043,14,0,0,0.5209321447316002,-0.19997377540526387,1.1499114337852423,2,0,2,-0.5929732227736593,10,0,0,0.42037963473747963,2,0,1,-0.41003151478020916,0.8612384937439875,0.21226373898166512,2,-0.8754294611042123,0.07621776942787387,0.0,0.20684039087947884,0.28827361563517917
expanding,history ruin bound,mid,"(d) always short, Kelly",half,15,0,0,14,-1.6785503351802813,-2.02079641876459,-1.4239729916901713,0,0,0,-0.5002222273269445,-0.5002222273269445,-0.5002222273269445,0,0,5,-0.7741618064855069,0,0,0,0.0,0,0,14,-0.7253196033781709,-0.1599158783145572,-0.051703664835073174,0,-0.3053660459129708,0.00796194805386119,0.2947882736156352,0.3241042345276873,0.0
expanding,history ruin bound,mid,"sign(s), Kelly-levered",half,15,0,0,6,-0.18112229142768999,-0.35962466317857766,-0.11489744622638631,15,0,0,0.9758320937129286,0.5641261011846492,1.3026590641659597,0,0,0,0.0,15,5,0,0.7741618064855069,9,0,1,0.012083466950366661,1.316138442725316,0.7224581416504338,0,-0.46336670733063545,0.034065206160655524,0.0,0.0,0.0
expanding,history ruin bound,mid,"(b) Kelly by sign of s, log-optimal",half,15,0,0,9,-0.3330167730604634,-0.6916031790541899,-0.27854509798170524,15,0,0,0.7853884180996613,0.23214758530903695,1.1419807690564918,0,0,0,-0.11515002901910754,15,2,0,0.6307795842875851,1,0,4,-0.09023842125350434,1.1256947671120487,0.5790759194525119,0,-0.4650446689762455,0.03364951881271355,0.0,0.0,0.0
expanding,history ruin bound,mid,"(b') Kelly by sign of s, mean-variance",half,15,0,0,3,-0.2986011710051486,-0.6894161237968915,-0.2160118370144748,15,0,0,0.8520885722161533,0.2343346405663353,1.130384486246211,0,0,0,-0.10274752677338034,15,1,0,0.6642015855552188,3,0,2,-0.04493985663719813,1.1923949212285407,0.6124979207201456,0,-0.5067255203042782,0.033849446667473276,0.0,0.0,0.0
expanding,history ruin bound,mid,(a) Kelly by sign x |s| 3 bins,half,15,0,0,13,-1.108704156372212,-1.550640256476159,-0.6696776749887499,8,0,0,0.09944013325276752,-0.572826739917231,0.8508965164488953,0,0,8,-0.7685052478892876,6,0,0,-0.03262050936778789,0,0,7,-0.7261414898931472,0.4397464822651549,-0.08432417420286106,0,-0.7986985388521544,0.04624428176085487,0.0,0.18892508143322476,0.09446254071661238
expanding,history ruin bound,mid,"(a) Kelly by regression on s, |s|",half,15,0,0,14,-1.652399363764441,-2.094193617639241,-1.3181014667195583,0,0,0,-0.5375713122452319,-0.8023737820951455,-0.20056915361572902,0,0,9,-0.8438243159538726,2,0,0,-0.07792578698442408,0,0,15,-0.7937930984360821,-0.1972649632328446,-0.12962945181949725,0,-0.3957292786910509,0.01821816569470922,0.0,0.5521172638436482,0.0
expanding,history ruin bound,mid,"(a) Kelly by regression on sign(s), s, |s|",half,15,0,0,3,-0.3514387351561241,-0.6364493227809576,-0.21444185836116225,15,0,0,0.8294237352200515,0.30582253637262685,1.0873634145799025,4,0,0,-0.10220941644070836,15,0,0,0.6719523900447986,2,0,1,-0.10333578153634271,1.169730084232439,0.6202487252097254,0,-0.6307599723136903,0.04574773797534563,0.0,0.029315960912052116,0.0
expanding,history ruin bound,mid,"(c) proportional s/mean|s|, sign(s) Kelly stake",half,15,0,0,0,-0.7269844698417659,-1.0394886918483373,-0.22930143415386883,15,0,0,0.5337189263244433,0.26231658109272765,0.7917009481945472,0,0,0,-0.5131583561093558,15,1,0,0.2337741079449096,0,0,2,-0.5032153833987018,0.8740252753368306,0.18207044310983644,0,-0.38411759915507016,0.012735077651077861,0.0,0.0,0.011400651465798045
expanding,history ruin bound,mid,(a) Kelly by sign x |s| 2 bins,half,15,0,0,5,-0.629304067090773,-1.0326905198429335,-0.1012304820920722,14,0,0,0.6619443711844477,-0.013292705778534308,1.0770976257612646,1,0,0,-0.28723134800300126,15,0,0,0.5222733809095587,2,0,2,-0.31829219997538255,1.0022507201968351,0.47056971607448544,0,-0.6002594992940244,0.035284048815682284,0.0,0.11726384364820847,0.0
expanding,history ruin bound,mid,(a) Kelly by sign x |s| 5 bins,half,15,1,0,5,-0.7554141236438097,-1.3749880993538302,0.34078123549002104,9,0,0,0.5410119073740067,-0.17144132505400284,1.511251966380013,5,0,3,-0.47978095660394365,9,1,0,0.3830893423347158,3,0,3,-0.3403710510895535,0.8813182563863942,0.33138567749964265,0,-0.8300889517011814,0.061468833330051494,0.0,0.2263843648208469,0.20521172638436483
expanding,history ruin bound,mid,(a) Kelly by sign x |s/iv| 3 bins,half,15,0,0,3,-0.8305403414343108,-1.4505659151446637,-0.148964899420033,14,0,0,0.3242319299409238,-0.24701914084483623,1.1301766160482,2,0,0,-0.325433600426019,13,0,0,0.27860311910366165,2,0,1,-0.4309575863639955,0.6645382789533112,0.21043086336416902,1,-0.7097869358333444,0.04755991743550032,0.0,0.20684039087947884,0.05537459283387622
expanding,history ruin bound,mid,"(d) always short, Kelly",quarter,15,0,0,14,-1.6785503351802813,-2.02079641876459,-1.4239729916901713,0,0,0,-0.5002222273269445,-0.5002222273269445,-0.5002222273269445,0,0,12,-0.4447184542168041,0,0,0,0.0,0,0,14,-0.6944091071977639,-0.1599158783145572,-0.02079316865466623,0,-0.1591581561606351,0.003980974026930595,0.2947882736156352,0.3241042345276873,0.0
expanding,history ruin bound,mid,"sign(s), Kelly-levered",quarter,15,0,0,6,-0.18112229142768999,-0.35962466317857766,-0.11489744622638631,15,0,0,0.9758320937129286,0.5641261011846492,1.3026590641659597,0,0,0,0.0,15,12,0,0.4447184542168041,0,0,12,-0.31661652681028,1.316138442725316,0.4239252855621379,0,-0.2524235000483379,0.017032603080327762,0.0,0.0,0.0
expanding,history ruin bound,mid,"(b) Kelly by sign of s, log-optimal",quarter,15,0,0,9,-0.3330167730604634,-0.6916031790541899,-0.27854509798170524,15,0,0,0.7853884180996613,0.23214758530903695,1.1419807690564918,0,0,0,-0.051246740413198044,15,5,0,0.3973431855925191,0,0,15,-0.3652243508067172,1.1256947671120487,0.37655001693785284,0,-0.25605167390399,0.016824759406356776,0.0,0.0,0.0
expanding,history ruin bound,mid,"(b') Kelly by sign of s, mean-variance",quarter,15,0,0,3,-0.2986011710051486,-0.6894161237968915,-0.2160118370144748,15,0,0,0.8520885722161533,0.2343346405663353,1.130384486246211,0,0,0,-0.038433824049474874,15,5,0,0.4240227694965548,0,0,14,-0.3373122115305293,1.1923949212285407,0.4032296008418886,0,-0.27982152924751014,0.016924723333736638,0.0,0.0,0.0
expanding,history ruin bound,mid,(a) Kelly by sign x |s| 3 bins,quarter,15,0,0,13,-1.1593148270670397,-1.6922862994284322,-0.6305518102951417,7,0,0,-0.011308769080421333,-0.5560955342904776,0.8900223811425034,1,0,5,-0.35705119240027,8,0,0,0.012734507382045115,0,0,13,-0.6675290255780736,0.32899757993196604,-0.008058661272621117,0,-0.5495372536979279,0.02507287745307809,0.0,0.18892508143322476,0.0
expanding,history ruin bound,mid,"(a) Kelly by regression on s, |s|",quarter,15,0,0,14,-1.652399363764441,-2.094193617639241,-1.3181014667195583,0,0,0,-0.5375713122452319,-0.8023737820951455,-0.20056915361572902,0,0,12,-0.4542865483133239,3,0,0,-0.03015756912438522,0,0,15,-0.7128995654821259,-0.1972649632328446,-0.05095073777905145,0,-0.21114216164438537,0.00910908284735461,0.0,0.5521172638436482,0.0
expanding,history ruin bound,mid,"(a) Kelly by regression on sign(s), s, |s|",quarter,15,0,0,3,-0.35433248015292995,-0.6364493227809576,-0.21444185836116225,15,0,0,0.8242163941506151,0.30582253637262685,1.0873634145799025,8,0,0,0.004302958115621591,15,2,0,0.4513098403189152,0,0,7,-0.2545837148012819,1.1645227431630025,0.43051667166424895,0,-0.3458827437062173,0.022873868987672814,0.0,0.029315960912052116,0.0
expanding,history ruin bound,mid,"(c) proportional s/mean|s|, sign(s) Kelly stake",quarter,15,0,0,0,-0.8039247685782467,-1.09600567322755,-0.3089055086451836,15,0,0,0.4486124892810251,0.20579959971351475,0.6869123461930038,0,0,3,-0.2940009943756452,15,0,0,0.13237398869331274,0,0,6,-0.548413727988276,0.7889188382934125,0.11158082003864651,0,-0.19518263115935164,0.006596134881998932,0.0,0.0,0.0
expanding,history ruin bound,mid,(a) Kelly by sign x |s| 2 bins,quarter,15,0,0,5,-0.629304067090773,-1.0326905198429335,-0.14520031463762018,14,0,0,0.6342732202523731,-0.013292705778534308,1.0331277932157166,2,0,0,-0.11250110159923576,15,1,0,0.3431584245575517,0,0,10,-0.42854729449308127,0.9745795692647605,0.32236525590288545,0,-0.3339737803379673,0.017642024407841142,0.0,0.11726384364820847,0.0
expanding,history ruin bound,mid,(a) Kelly by sign x |s| 5 bins,quarter,15,1,0,4,-0.740736029103871,-1.642580080041071,0.35523905781658405,10,0,0,0.4583763212190248,-0.43903330574124366,1.525709788706576,6,0,2,-0.13711227162040857,11,1,0,0.3336431432080192,1,0,4,-0.3722504119121779,0.7986826702314122,0.31284997455335295,0,-0.6522060981369122,0.03604463669848296,0.0,0.2263843648208469,0.03908794788273615
expanding,history ruin bound,mid,(a) Kelly by sign x |s/iv| 3 bins,quarter,15,0,0,3,-0.8911072774685881,-1.5259908404768614,-0.14616532160589846,12,0,0,0.31187363722081013,-0.3224440661770339,1.0413457799619377,3,0,0,-0.1341776003241766,13,1,0,0.2292687615903421,1,0,3,-0.4800206915159507,0.6521799862331975,0.20646401542713888,1,-0.45125588463486743,0.025714148545172812,0.0,0.20684039087947884,0.0
expanding,exchange margin,mid,always short,unit (growth at 3%),15,0,0,0,-1.1783281078533367,-1.5205741914376452,-0.9237507643632268,0,0,0,0.0,0.0,0.0,0,0,0,-0.6450479389243612,0,0,0,0.0,0,0,0,-0.6450479389243612,0.3403063490123874,0.028567999618736534,0,-0.5191222232887515,1.0,0.0,0.38273615635179153,
expanding,exchange margin,mid,sign(s),unit (growth at 3%),15,0,0,0,0.0,0.0,0.0,15,0,0,1.1783281078533367,0.9237507643632268,1.5205741914376452,0,0,0,0.0,15,0,0,0.6450479389243612,0,0,0,0.0,1.5186344568657242,0.6736159385430978,0,-0.3334488360990703,1.0,0.0,0.0,
expanding,exchange margin,mid,"(c) proportional s/rms (unit, §10)",unit (growth at 3%),15,0,0,0,-0.7305384790178533,-1.0140451946134093,-0.2708899719334168,15,0,0,0.42924809370662403,0.28776007832765566,0.8463310222864884,0,0,9,-0.6127899240221296,14,0,0,0.03291097436516345,0,0,9,-0.6127899240221296,0.7695544427190114,0.06147897398389998,0,-0.07658596882529312,0.10353848763766557,0.0,0.0,
expanding,exchange margin,mid,"(d) always short, Kelly",full,15,0,0,0,-1.042000198993955,-1.3842462825782633,-0.7874228555038449,15,0,0,0.1363279088593819,0.1363279088593819,0.1363279088593819,0,0,0,-0.38468346106683493,0,0,0,0.0,0,0,8,-0.6224223137541854,0.4766342578717693,0.05119362478891232,0,-0.10364370095167452,0.005325661713542791,0.2947882736156352,0.3241042345276873,0.6058631921824105
expanding,exchange margin,mid,"sign(s), Kelly-levered",full,15,0,0,1,-0.6253598533123086,-0.748238987848995,-0.5036579633807253,15,0,0,0.5718623869795287,0.36160871287091007,0.8359414910965894,0,0,0,0.0,15,0,0,0.38468346106683493,0,0,0,-0.2496329087075131,0.9121687359919161,0.43587708585574725,0,-0.5685757819341148,0.03683274196388246,0.0,0.0,0.6156351791530945
expanding,exchange margin,mid,"(b) Kelly by sign of s, log-optimal",full,15,0,0,11,-0.8460614200604296,-0.9900759903581695,-0.7052474316019772,15,0,0,0.3530509302624662,0.005740861432213584,0.655436557332125,0,0,1,-0.1922056311066621,14,0,0,0.18655055471973053,0,0,2,-0.41935139021189727,0.6933572792748536,0.23774417950864285,0,-0.616439697292354,0.030703080262938814,0.0,0.0,0.5928338762214984
expanding,exchange margin,mid,"(b') Kelly by sign of s, mean-variance",full,15,0,0,9,-0.7315853458963614,-0.8696105112733802,-0.6040474514835583,15,0,0,0.46752700442653444,0.07933846801628003,0.7455435548772831,4,0,0,-0.12516828275776326,15,0,0,0.27721644630890935,0,0,4,-0.3566903153677092,0.8078333534389218,0.32841007109782167,0,-0.48739862846811655,0.02646669573491345,0.0,0.0,0.5928338762214984
expanding,exchange margin,mid,(a) Kelly by sign x |s| 3 bins,full,15,0,0,13,-1.5271387333742164,-2.1746084299100445,-0.8055726710255238,3,0,0,-0.32359195907438887,-1.2508576655468175,0.7150015204121214,1,0,10,-0.8928316255322118,1,0,1,-0.49333021739162797,0,0,12,-1.1272369790682464,0.016714389937998515,-0.44213659260271565,0,-0.9062844305567724,0.040254268985529855,0.0,0.18892508143322476,0.501628664495114
expanding,exchange margin,mid,"(a) Kelly by regression on s, |s|",full,15,0,0,13,-1.8392185647993462,-2.308408920212919,-1.6385660257270103,0,0,0,-0.7139012223063492,-1.0011243822696432,-0.5397616927796673,0,0,1,-0.6839284227703043,0,0,0,-0.31899957828259284,0,0,14,-0.9404199424714069,-0.37359487329396185,-0.2678059534936805,0,-0.6335853744075872,0.017005098191971966,0.0,0.5521172638436482,0.6856677524429967
expanding,exchange margin,mid,"(a) Kelly by regression on sign(s), s, |s|",full,15,0,0,12,-0.8358869679062602,-0.9537420283721783,-0.6785220130149178,15,0,0,0.34190822988717634,0.029993214792166878,0.584857895892839,1,0,0,-0.17149780874580356,15,0,0,0.21329747473740462,0,0,1,-0.41071117171889526,0.6822145788995637,0.26449109952631694,0,-0.6228916788087409,0.031650102728890336,0.0,0.029315960912052116,0.5732899022801303
expanding,exchange margin,mid,"(c) proportional s/mean|s|, sign(s) Kelly stake",full,15,0,0,0,-1.1966187593917454,-1.4755049933594317,-0.0899530853220134,8,0,0,0.06045248514949009,-0.2461609888616464,0.8337976790412134,0,0,0,-0.38076646799297986,8,0,0,0.010584233561294273,0,0,6,-0.6766620337040667,0.40075883416187746,0.06177785835020659,0,-0.5610792466862677,0.012927557981342612,0.0,0.0,0.4381107491856677
expanding,exchange margin,mid,"(d) always short, Kelly",half,15,0,0,4,-1.2966333145728786,-1.638879398157187,-1.0420559710827686,0,0,0,-0.11830520671954178,-0.11830520671954178,-0.11830520671954178,0,0,2,-0.4003729703883482,0,0,0,0.0,0,0,11,-0.6558735037118306,0.2220011422928456,0.017742434831267178,0,-0.10820150074957757,0.004481035471919676,0.2947882736156352,0.3241042345276873,0.46416938110749184
expanding,exchange margin,mid,"sign(s), Kelly-levered",half,15,0,0,0,-0.46437097146612716,-0.5601790333013726,-0.2777569262160864,15,0,0,0.7122963485111913,0.4618817052334789,0.9850682303702758,0,0,0,0.0,15,2,0,0.4003729703883482,0,0,1,-0.2767476848320296,1.0526026975235787,0.4181154052196154,0,-0.3257562144890348,0.02206176873377322,0.0,0.0,0.5912052117263844
expanding,exchange margin,mid,"(b) Kelly by sign of s, log-optimal",half,15,0,0,7,-0.6455599303083053,-0.8226217312346013,-0.5306375141339461,15,0,0,0.5297057740619886,0.27819083405492157,0.8097181220127749,0,0,5,-0.12379246868512794,15,0,0,0.2561629263907441,0,0,9,-0.40702137793734694,0.8700121230743759,0.2739053612220113,0,-0.34365992803967016,0.018689549471204707,0.0,0.0,0.5586319218241043
expanding,exchange margin,mid,"(b') Kelly by sign of s, mean-variance",half,15,0,0,5,-0.5220590807273744,-0.6587866589438621,-0.4059043135554319,15,0,0,0.6564897935761707,0.36952147676300434,0.9200219449581157,0,0,0,-0.10789347284448592,15,0,0,0.28818550039478374,0,0,10,-0.40373552820234826,0.9967961425885581,0.30592793522605094,0,-0.2558745740976134,0.01659525632913874,0.0,0.0,0.5651465798045603
expanding,exchange margin,mid,(a) Kelly by sign x |s| 3 bins,half,15,0,0,12,-1.4536603316132672,-2.130139435684006,-0.7673313760519436,3,0,0,-0.24613305273168395,-1.2063886713207792,0.7532428153857016,1,0,9,-0.4931846261321734,3,0,0,-0.08780276213844261,0,0,13,-0.7490266387234309,0.09417329628070341,-0.07006032730717543,0,-0.6448986447591943,0.02274661274318157,0.0,0.18892508143322476,0.4576547231270358
expanding,exchange margin,mid,"(a) Kelly by regression on s, |s|",half,15,0,0,14,-1.758415156484311,-2.1989650521601476,-1.5590833484075506,0,0,0,-0.6342213276486404,-0.9234946149045089,-0.47284197566224545,0,0,3,-0.48655654320525055,0,0,0,-0.11199960607129009,0,0,14,-0.7684445378908596,-0.29391497863625293,-0.0942571712400229,0,-0.36586803872729634,0.010861853765994094,0.0,0.5521172638436482,0.5993485342019544
expanding,exchange margin,mid,"(a) Kelly by regression on sign(s), s, |s|",half,15,0,0,8,-0.6475832019965657,-0.7547530966074317,-0.5293528611868287,15,0,0,0.5619579941706991,0.29346440770501064,0.7758504158032724,0,0,0,-0.10028706378583557,15,0,0,0.271009021981445,0,0,11,-0.3970858832434955,0.9022643431830866,0.2887514568127122,0,-0.33236442510414455,0.019071681006458938,0.0,0.029315960912052116,0.5537459283387622
expanding,exchange margin,mid,"(c) proportional s/mean|s|, sign(s) Kelly stake",half,15,0,0,0,-0.978630588477087,-1.3034815212481154,-0.2549352376702172,15,0,0,0.11770863557887012,0.012055356914971449,0.6688155266930096,0,0,0,-0.3568169939081246,13,0,0,0.058383687136476084,0,0,7,-0.5826444893098601,0.4580149845912575,0.07612612196774327,0,-0.3209756372722403,0.00875632717865685,0.0,0.0,0.2719869706840391
expanding,exchange margin,mid,"(d) always short, Kelly",quarter,15,0,0,9,-1.4594836998303418,-1.8017297834146502,-1.2049063563402318,0,0,0,-0.2811555919770049,-0.2811555919770049,-0.2811555919770049,0,0,8,-0.3249805347772231,0,0,0,0.0,0,0,13,-0.6720487082762601,0.059150757035382494,0.0015672302668376954,0,-0.11061720670859565,0.003279015422179938,0.2947882736156352,0.3241042345276873,0.2703583061889251
expanding,exchange margin,mid,"sign(s), Kelly-levered",quarter,15,0,0,0,-0.23312119655359398,-0.4129600560450297,-0.08340771805729008,15,0,0,0.9452069112997428,0.6204972600985823,1.216430165004742,0,0,0,0.0,15,8,0,0.3249805347772231,0,0,8,-0.3584765521971182,1.2855132603121302,0.3265477650440608,0,-0.18168844261789463,0.013716588904121127,0.0,0.0,0.4576547231270358
expanding,exchange margin,mid,"(b) Kelly by sign of s, log-optimal",quarter,15,0,0,2,-0.4047532625775603,-0.6796311915816657,-0.2525313096260544,15,0,0,0.7943590877453355,0.4379011215221636,1.0628820657422353,0,0,4,-0.07090125414771561,15,3,0,0.23888388207368283,0,0,10,-0.43058026668106475,1.134665436757723,0.24045111234052052,0,-0.1698891952359397,0.011871706275333195,0.0,0.0,0.44788273615635177
expanding,exchange margin,mid,"(b') Kelly by sign of s, mean-variance",quarter,15,0,0,1,-0.2927502516960081,-0.5034207552478657,-0.13788807753921128,15,0,0,0.9287341502289508,0.6141115578559637,1.156343560298966,0,0,2,-0.06676577167139855,15,8,0,0.2380081564527148,0,0,10,-0.4301160291534517,1.2690404992413382,0.2395753867195525,0,-0.13509906593267396,0.010894722841367678,0.0,0.0,0.46254071661237783
expanding,exchange margin,mid,(a) Kelly by sign x |s| 3 bins,quarter,15,0,0,12,-1.2972655922769758,-1.9756818288438653,-0.6714181119691847,5,0,0,-0.16181819031765662,-1.0519310644806386,0.8491560794684605,0,0,11,-0.31566570132377914,11,0,0,0.011119292191598244,0,0,12,-0.6390075267052353,0.17848815869473075,0.012686522458435939,0,-0.3923624274486316,0.013435716546068477,0.0,0.18892508143322476,0.4250814332247557
expanding,exchange margin,mid,"(a) Kelly by regression on s, |s|",quarter,15,0,0,14,-1.7347489707834232,-2.205563700876492,-1.510671051295789,0,0,0,-0.6009551994245559,-0.8281277222796593,-0.4222651229597944,0,0,9,-0.3507447698316257,0,0,0,-0.0485061428527382,0,0,14,-0.7167092195189688,-0.26064885041216845,-0.04693891258590051,0,-0.20020868718998663,0.007171309774802777,0.0,0.5521172638436482,0.4153094462540717
expanding,exchange margin,mid,"(a) Kelly by regression on sign(s), s, |s|",quarter,15,0,0,2,-0.4018988345626274,-0.5497656549367043,-0.19200846666084814,15,0,0,0.8004981754165272,0.4514758892094804,1.0304624393766209,0,0,1,-0.06181757094661233,15,5,0,0.23279216289828927,0,0,9,-0.4272540421232114,1.1408045244289147,0.23435939316512697,0,-0.16565209591572083,0.012451171546861668,0.0,0.029315960912052116,0.511400651465798
expanding,exchange margin,mid,"(c) proportional s/mean|s|, sign(s) Kelly stake",quarter,15,0,0,0,-0.8593557733202214,-1.1445648151351504,-0.2030072805043217,15,0,0,0.3484814429700894,0.11346554205128973,0.7207434838589051,0,0,5,-0.24675801131196218,15,0,0,0.08063793162950157,0,0,7,-0.5919822047544975,0.6887877919824767,0.08220516189633927,0,-0.195164156833455,0.005755784482828384,0.0,0.0,0.09283387622149837
expanding,none,mid,always short,unit (growth at 3%),15,0,0,0,-1.1783281078533367,-1.5205741914376452,-0.9237507643632268,0,0,0,0.0,0.0,0.0,0,0,0,-0.6450479389243612,0,0,0,0.0,0,0,0,-0.6450479389243612,0.3403063490123874,0.028567999618736534,0,-0.5191222232887515,1.0,0.0,0.38273615635179153,
expanding,none,mid,sign(s),unit (growth at 3%),15,0,0,0,0.0,0.0,0.0,15,0,0,1.1783281078533367,0.9237507643632268,1.5205741914376452,0,0,0,0.0,15,0,0,0.6450479389243612,0,0,0,0.0,1.5186344568657242,0.6736159385430978,0,-0.3334488360990703,1.0,0.0,0.0,
expanding,none,mid,"(c) proportional s/rms (unit, §10)",unit (growth at 3%),15,0,0,0,-0.7305384790178533,-1.0140451946134093,-0.2708899719334168,15,0,0,0.42924809370662403,0.28776007832765566,0.8463310222864884,0,0,9,-0.6127899240221296,14,0,0,0.03291097436516345,0,0,9,-0.6127899240221296,0.7695544427190114,0.06147897398389998,0,-0.07658596882529312,0.10353848763766557,0.0,0.0,
expanding,none,mid,"(d) always short, Kelly",full,15,0,0,14,-1.6785503351802813,-2.02079641876459,-1.4239729916901713,0,0,0,-0.5002222273269445,-0.5002222273269445,-0.5002222273269445,0,0,1,-0.9706323797040247,0,0,0,0.0,0,0,14,-0.8189267015952557,-0.1599158783145572,-0.14531076305215793,0,-0.5517073489236457,0.01592389610772238,0.2947882736156352,0.3241042345276873,0.0
expanding,none,mid,"sign(s), Kelly-levered",full,15,0,0,6,-0.18112229142768999,-0.35962466317857766,-0.11489744622638631,15,0,0,0.9758320937129286,0.5641261011846492,1.3026590641659597,0,0,0,0.0,15,1,0,0.9706323797040247,12,0,0,0.17631582511630683,1.316138442725316,0.8253216166518668,0,-0.7591317770170452,0.06813041232131105,0.0,0.0,0.0
expanding,none,mid,"(b) Kelly by sign of s, log-optimal",full,15,0,0,9,-0.3330167730604634,-0.6916031790541899,-0.27854509798170524,15,0,0,0.7853884180996613,0.23214758530903695,1.1419807690564918,0,0,2,-0.3095034776374641,15,0,0,0.6676748858510609,3,0,0,-0.16497041648025512,1.1256947671120487,0.522364122798903,0,-0.7959888971209728,0.0672990376254271,0.0,0.0,0.0
expanding,none,mid,"(b') Kelly by sign of s, mean-variance",full,15,0,0,3,-0.2986011710051486,-0.6894161237968915,-0.2160118370144748,15,0,0,0.8520885722161533,0.2343346405663353,1.130384486246211,0,0,0,-0.35322291973362757,15,0,0,0.6258691026814789,2,0,0,-0.18519271370444268,1.1923949212285407,0.48055833962932093,0,-0.8502690446123652,0.06769889333494655,0.0,0.0,0.0
expanding,none,mid,(a) Kelly by sign x |s| 3 bins,full,15,0,0,13,-1.1757624088315963,-1.694289280223295,-0.6355946886727069,7,0,0,-0.058230095727766995,-0.5560955342904776,0.8849795027649383,0,0,7,-2.637850955220592,0,0,0,-1.4727472403964483,0,0,5,-2.3271407883759276,0.2820762532846204,-4.453263132147752,7,-0.999995316027381,0.10049600159076728,0.0,0.18892508143322476,0.0
expanding,none,mid,"(a) Kelly by regression on s, |s|",full,15,0,0,14,-1.652399363764441,-2.094193617639241,-1.3181014667195583,0,0,0,-0.5375713122452319,-0.8023737820951455,-0.20056915361572902,0,0,3,-1.2935638047442124,0,0,0,-0.2581394069752303,0,0,13,-1.0840517963205543,-0.1972649632328446,-0.40345017002738826,0,-0.7070800281494666,0.03643633138941844,0.0,0.5521172638436482,0.0
expanding,none,mid,"(a) Kelly by regression on sign(s), s, |s|",full,15,0,0,3,-0.35433248015292995,-0.6364493227809576,-0.21444185836116225,15,0,0,0.8242163941506151,0.30582253637262685,1.0873634145799025,0,0,1,-0.8479896298886793,7,0,0,0.10029248122119433,0,0,0,-0.6337112894386616,1.1645227431630025,-0.2060131754827894,3,-0.9802431327310343,0.09149547595069125,0.0,0.029315960912052116,0.0
expanding,none,mid,"(c) proportional s/mean|s|, sign(s) Kelly stake",full,15,0,0,0,-0.8039247685782467,-1.0975724342634465,-0.3089055086451836,15,0,0,0.41503032839125614,0.20423283867761816,0.6869123461930038,0,0,0,-0.5771996897770173,13,0,0,0.3859775723480724,0,0,0,-0.3954618300248587,0.7553366774036435,0.22678477932722574,2,-0.6586553007242355,0.026399397402511918,0.0,0.0,0.0
expanding,none,mid,"(d) always short, Kelly",half,15,0,0,14,-1.6785503351802813,-2.02079641876459,-1.4239729916901713,0,0,0,-0.5002222273269445,-0.5002222273269445,-0.5002222273269445,0,0,5,-0.7741618064855069,0,0,0,0.0,0,0,14,-0.7253196033781709,-0.1599158783145572,-0.051703664835073174,0,-0.3053660459129708,0.00796194805386119,0.2947882736156352,0.3241042345276873,0.0
expanding,none,mid,"sign(s), Kelly-levered",half,15,0,0,6,-0.18112229142768999,-0.35962466317857766,-0.11489744622638631,15,0,0,0.9758320937129286,0.5641261011846492,1.3026590641659597,0,0,0,0.0,15,5,0,0.7741618064855069,9,0,1,0.012083466950366661,1.316138442725316,0.7224581416504338,0,-0.46336670733063545,0.034065206160655524,0.0,0.0,0.0
expanding,none,mid,"(b) Kelly by sign of s, log-optimal",half,15,0,0,9,-0.3330167730604634,-0.6916031790541899,-0.27854509798170524,15,0,0,0.7853884180996613,0.23214758530903695,1.1419807690564918,0,0,0,-0.11515002901910754,15,2,0,0.6307795842875851,1,0,4,-0.09023842125350434,1.1256947671120487,0.5790759194525119,0,-0.4650446689762455,0.03364951881271355,0.0,0.0,0.0
expanding,none,mid,"(b') Kelly by sign of s, mean-variance",half,15,0,0,3,-0.2986011710051486,-0.6894161237968915,-0.2160118370144748,15,0,0,0.8520885722161533,0.2343346405663353,1.130384486246211,0,0,0,-0.10274752677338034,15,1,0,0.6642015855552188,3,0,2,-0.04493985663719813,1.1923949212285407,0.6124979207201456,0,-0.5067255203042782,0.033849446667473276,0.0,0.0,0.0
expanding,none,mid,(a) Kelly by sign x |s| 3 bins,half,15,0,0,13,-1.1757624088315963,-1.694289280223295,-0.6355946886727069,7,0,0,-0.058230095727766995,-0.5560955342904776,0.8849795027649383,0,0,8,-0.8969269338629294,5,0,0,-0.3096807659401376,0,0,6,-0.9584118403364548,0.2820762532846204,-0.36138443077521076,0,-0.8427914111306183,0.05024800079538364,0.0,0.18892508143322476,0.0
expanding,none,mid,"(a) Kelly by regression on s, |s|",half,15,0,0,14,-1.652399363764441,-2.094193617639241,-1.3181014667195583,0,0,0,-0.5375713122452319,-0.8023737820951455,-0.20056915361572902,0,0,9,-0.8438243159538726,2,0,0,-0.07792578698442408,0,0,15,-0.7937930984360821,-0.1972649632328446,-0.12962945181949725,0,-0.3957292786910509,0.01821816569470922,0.0,0.5521172638436482,0.0
expanding,none,mid,"(a) Kelly by regression on sign(s), s, |s|",half,15,0,0,3,-0.35433248015292995,-0.6364493227809576,-0.21444185836116225,15,0,0,0.8242163941506151,0.30582253637262685,1.0873634145799025,4,0,0,-0.1263091199012517,15,0,0,0.6472965882151512,1,0,1,-0.10333578153634271,1.1645227431630025,0.5955929233800781,0,-0.6307599723136903,0.04574773797534563,0.0,0.029315960912052116,0.0
expanding,none,mid,"(c) proportional s/mean|s|, sign(s) Kelly stake",half,15,0,0,0,-0.8039247685782467,-1.0975724342634465,-0.3089055086451836,15,0,0,0.41503032839125614,0.20423283867761816,0.6869123461930038,0,0,0,-0.5231231240549113,13,0,0,0.2162264649776151,0,0,4,-0.5155848315741351,0.7553366774036435,0.16452280014254192,0,-0.3727823672233882,0.013199698701255959,0.0,0.0,0.0
expanding,none,mid,"(d) always short, Kelly",quarter,15,0,0,14,-1.6785503351802813,-2.02079641876459,-1.4239729916901713,0,0,0,-0.5002222273269445,-0.5002222273269445,-0.5002222273269445,0,0,12,-0.4447184542168041,0,0,0,0.0,0,0,14,-0.6944091071977639,-0.1599158783145572,-0.02079316865466623,0,-0.1591581561606351,0.003980974026930595,0.2947882736156352,0.3241042345276873,0.0
expanding,none,mid,"sign(s), Kelly-levered",quarter,15,0,0,6,-0.18112229142768999,-0.35962466317857766,-0.11489744622638631,15,0,0,0.9758320937129286,0.5641261011846492,1.3026590641659597,0,0,0,0.0,15,12,0,0.4447184542168041,0,0,12,-0.31661652681028,1.316138442725316,0.4239252855621379,0,-0.2524235000483379,0.017032603080327762,0.0,0.0,0.0
expanding,none,mid,"(b) Kelly by sign of s, log-optimal",quarter,15,0,0,9,-0.3330167730604634,-0.6916031790541899,-0.27854509798170524,15,0,0,0.7853884180996613,0.23214758530903695,1.1419807690564918,0,0,0,-0.051246740413198044,15,5,0,0.3973431855925191,0,0,15,-0.3652243508067172,1.1256947671120487,0.37655001693785284,0,-0.25605167390399,0.016824759406356776,0.0,0.0,0.0
expanding,none,mid,"(b') Kelly by sign of s, mean-variance",quarter,15,0,0,3,-0.2986011710051486,-0.6894161237968915,-0.2160118370144748,15,0,0,0.8520885722161533,0.2343346405663353,1.130384486246211,0,0,0,-0.038433824049474874,15,5,0,0.4240227694965548,0,0,14,-0.3373122115305293,1.1923949212285407,0.4032296008418886,0,-0.27982152924751014,0.016924723333736638,0.0,0.0,0.0
expanding,none,mid,(a) Kelly by sign x |s| 3 bins,quarter,15,0,0,13,-1.1757624088315963,-1.694289280223295,-0.6355946886727069,7,0,0,-0.058230095727766995,-0.5560955342904776,0.8849795027649383,1,0,7,-0.35705119240027,8,0,0,0.012528596156482635,0,0,13,-0.7066541008907906,0.2820762532846204,-0.008264572498183596,0,-0.5495372536979279,0.02512400039769182,0.0,0.18892508143322476,0.0
expanding,none,mid,"(a) Kelly by regression on s, |s|",quarter,15,0,0,14,-1.652399363764441,-2.094193617639241,-1.3181014667195583,0,0,0,-0.5375713122452319,-0.8023737820951455,-0.20056915361572902,0,0,12,-0.4542865483133239,3,0,0,-0.03015756912438522,0,0,15,-0.7128995654821259,-0.1972649632328446,-0.05095073777905145,0,-0.21114216164438537,0.00910908284735461,0.0,0.5521172638436482,0.0
expanding,none,mid,"(a) Kelly by regression on sign(s), s, |s|",quarter,15,0,0,3,-0.35433248015292995,-0.6364493227809576,-0.21444185836116225,15,0,0,0.8242163941506151,0.30582253637262685,1.0873634145799025,8,0,0,0.004302958115621591,15,2,0,0.4513098403189152,0,0,7,-0.2545837148012819,1.1645227431630025,0.43051667166424895,0,-0.3458827437062173,0.022873868987672814,0.0,0.029315960912052116,0.0
expanding,none,mid,"(c) proportional s/mean|s|, sign(s) Kelly stake",quarter,15,0,0,0,-0.8039247685782467,-1.0975724342634465,-0.3089055086451836,15,0,0,0.41503032839125614,0.20423283867761816,0.6869123461930038,0,0,3,-0.29926152571455206,15,0,0,0.13237398869331274,0,0,6,-0.5478145203742876,0.7553366774036435,0.11158082003864651,0,-0.19518263115935164,0.006599849350627979,0.0,0.0,0.0
trailing 504,history ruin bound,mid,always short,unit (growth at 3%),15,0,0,0,-1.1783281078533367,-1.5205741914376452,-0.9237507643632268,0,0,0,0.0,0.0,0.0,0,0,0,-0.6450479389243612,0,0,0,0.0,0,0,0,-0.6450479389243612,0.3403063490123874,0.028567999618736534,0,-0.5191222232887515,1.0,0.0,0.38273615635179153,
trailing 504,history ruin bound,mid,sign(s),unit (growth at 3%),15,0,0,0,0.0,0.0,0.0,15,0,0,1.1783281078533367,0.9237507643632268,1.5205741914376452,0,0,0,0.0,15,0,0,0.6450479389243612,0,0,0,0.0,1.5186344568657242,0.6736159385430978,0,-0.3334488360990703,1.0,0.0,0.0,
trailing 504,history ruin bound,mid,"(c) proportional s/rms (unit, §10)",unit (growth at 3%),15,0,0,0,-0.7305384790178533,-1.0140451946134093,-0.2708899719334168,15,0,0,0.42924809370662403,0.28776007832765566,0.8463310222864884,0,0,9,-0.6127899240221296,14,0,0,0.03291097436516345,0,0,9,-0.6127899240221296,0.7695544427190114,0.06147897398389998,0,-0.07658596882529312,0.10353848763766557,0.0,0.0,
trailing 504,history ruin bound,mid,"(d) always short, Kelly",full,15,0,0,15,-1.799826387303611,-2.1420724708879195,-1.5452490438135011,0,0,0,-0.6214982794502744,-0.6214982794502744,-0.6214982794502744,0,0,3,-1.3351574304765441,0,0,0,0.0,0,0,15,-1.1971519267688446,-0.28119193043788693,-0.5235359882257469,0,-0.8666634523511623,0.029195877792263986,0.2947882736156352,0.3241042345276873,0.0
trailing 504,history ruin bound,mid,"sign(s), Kelly-levered",full,15,0,0,5,-0.19908721854578348,-0.40281213741475086,-0.03162509304193439,15,0,0,0.955885267056984,0.5209386269484759,1.3890279285769545,0,0,0,0.0,15,3,0,1.3351574304765441,12,0,0,0.1265210557852664,1.2961916160693714,0.8116214422507972,0,-0.8300243711348462,0.07669592109325506,0.0,0.0,0.10260586319218241
trailing 504,history ruin bound,mid,"(b) Kelly by sign of s, log-optimal",full,15,0,0,10,-0.43598736853726194,-0.7441849899064924,-0.22468052747013356,15,0,0,0.7188514857216677,0.1948330227145662,1.1960643363289656,0,0,1,-0.37391701260385557,15,1,0,1.0233673491984443,3,0,0,-0.18526902549283353,1.0591578347340551,0.4998313609726973,0,-0.8059280670232113,0.06748415391044264,0.0,0.0016286644951140066,0.23778501628664495
trailing 504,history ruin bound,mid,"(b') Kelly by sign of s, mean-variance",full,15,0,0,4,-0.3295797709465289,-0.6243540523126582,-0.16441962052528725,15,0,0,0.8331882016481233,0.29939671205056867,1.256325243273812,0,0,0,-0.21831164598594743,15,3,0,1.1299346091266553,5,0,0,-0.052159809530975654,1.1734945506605108,0.6063986209009085,0,-0.7800617267797855,0.06491717301037911,0.0,0.0016286644951140066,0.28827361563517917
trailing 504,history ruin bound,mid,(a) Kelly by sign x |s| 3 bins,full,15,0,0,13,-1.4218665937438753,-2.3958544583831762,-0.5322805433566338,6,0,0,-0.24377025556446336,-1.1967421080602805,0.5377201567581833,0,0,11,-1.779979195119667,3,0,0,-0.42705516306003843,0,0,8,-1.5808197184676747,0.096536093447924,-0.961837518076891,1,-0.9498563386255716,0.07804582291711819,0.0,0.2280130293159609,0.32084690553745926
trailing 504,history ruin bound,mid,"(a) Kelly by regression on s, |s|",full,15,0,0,15,-1.7177556261726012,-2.0803120442498737,-1.5141524863281528,0,0,0,-0.5793305105820459,-0.7516128271380492,-0.4311960350405435,0,0,5,-1.4003574842331334,5,0,0,-0.06904086626473505,0,0,15,-1.2482496253543123,-0.23902416156965847,-0.5925768544904819,0,-0.812460918027421,0.03918038229049432,0.0,0.5439739413680782,0.003257328990228013
trailing 504,history ruin bound,mid,"(a) Kelly by regression on sign(s), s, |s|",full,15,0,0,3,-0.36203245619969193,-0.6275287962804077,-0.23277302910082764,15,0,0,0.7821501915823179,0.29622196808281914,1.1879718346982715,0,0,0,-0.2498143920508552,15,0,0,1.0705433024688848,5,0,0,-0.08493712938694009,1.1224565405947053,0.5470073142431379,0,-0.7874032402102431,0.07365681910262896,0.0,0.029315960912052116,0.3794788273615635
trailing 504,history ruin bound,mid,"(c) proportional s/mean|s|, sign(s) Kelly stake",full,15,0,0,0,-0.4533899783363968,-0.9301141771394738,-0.18758938683407633,15,0,0,0.7009900753464375,0.411779674984004,0.9909594874694687,2,0,0,-0.28118083085153767,15,3,0,0.9591022133255289,1,0,0,-0.22399371611347568,1.041296424358825,0.4355662250997821,0,-0.6505216741130923,0.030275044020861543,0.0,0.0,0.07003257328990228
trailing 504,history ruin bound,mid,"(d) always short, Kelly",half,15,0,0,15,-1.799826387303611,-2.1420724708879195,-1.5452490438135011,0,0,0,-0.6214982794502744,-0.6214982794502744,-0.6214982794502744,0,0,5,-0.8702202189660598,0,0,0,0.0,0,0,15,-0.8534148734967442,-0.28119193043788693,-0.17979893495364638,0,-0.5702345662195368,0.014597938896131993,0.2947882736156352,0.3241042345276873,0.0
trailing 504,history ruin bound,mid,"sign(s), Kelly-levered",half,15,0,0,5,-0.23421988920493586,-0.41296814583513475,-0.07002119001627993,15,0,0,0.9314899207331149,0.5107826185280921,1.3092512440878892,0,0,0,0.0,15,5,0,0.8702202189660598,9,0,0,0.035451675094900215,1.2717962697455023,0.6904212840124134,0,-0.5703588450833155,0.03900168390697924,0.0,0.0,0.0
trailing 504,history ruin bound,mid,"(b) Kelly by sign of s, log-optimal",half,15,0,0,10,-0.5179767798216645,-0.80035077376167,-0.36082823034372535,15,0,0,0.6121965751052032,0.1409102796019825,1.0599166334553738,0,0,9,-0.2787982587679235,15,3,0,0.6081047182021638,0,0,2,-0.23197427051598468,0.9525029241175906,0.4283057832485174,0,-0.5461010582614181,0.03588366304089273,0.0,0.0016286644951140066,0.0
trailing 504,history ruin bound,mid,"(b') Kelly by sign of s, mean-variance",half,15,0,0,3,-0.4793968670765463,-0.8150274726276315,-0.3544130900674398,15,0,0,0.6291985146932677,0.1087232917355953,1.0205062253726755,0,0,0,-0.24993844912159252,15,1,0,0.6221702624001699,0,0,1,-0.19979114136419768,0.9695048637056551,0.4423713274465236,0,-0.6484220456559355,0.038478318195120605,0.0,0.0016286644951140066,0.0016286644951140066
trailing 504,history ruin bound,mid,(a) Kelly by sign x |s| 3 bins,half,15,0,0,13,-1.288748481829235,-2.177675895130218,-0.7745277256251552,8,0,0,0.004220632580225869,-0.9785635448073222,0.295472974489662,0,0,10,-1.0109817584403145,4,0,0,-0.15850454283323204,0,0,8,-0.9160086452002166,0.34452698159261325,-0.3383034777868784,0,-0.8100343403133629,0.048619980607867666,0.0,0.2280130293159609,0.11563517915309446
trailing 504,history ruin bound,mid,"(a) Kelly by regression on s, |s|",half,15,0,0,15,-1.7145060555081895,-2.0590767113058392,-1.5066417392758398,0,0,0,-0.5767066317599581,-0.7214126933861853,-0.430628687289931,0,0,7,-0.8857825724767866,6,0,0,-0.004548707798714385,0,0,15,-0.8588229023528957,-0.2364002827475707,-0.18434764275236076,0,-0.502406451462903,0.019613985193060065,0.0,0.5439739413680782,0.0
trailing 504,history ruin bound,mid,"(a) Kelly by regression on sign(s), s, |s|",half,15,0,0,4,-0.5544029791277667,-0.8371556704063813,-0.3669888205879115,15,0,0,0.6001868284828111,0.08659509395684556,0.951904768728183,0,0,0,-0.2843707586558407,15,1,0,0.5440839185762859,0,0,1,-0.26364089051643147,0.9404931774951986,0.36428498362263956,0,-0.691526832085571,0.045083619158402304,0.0,0.029315960912052116,0.026058631921824105
trailing 504,history ruin bound,mid,"(c) proportional s/mean|s|, sign(s) Kelly stake",half,15,0,0,0,-0.5405105544550098,-0.7979060642814008,-0.196948075654112,15,0,0,0.6231794217171749,0.486934087277246,0.9268718715964208,0,0,0,-0.40363278418496074,15,2,0,0.4925938482329113,0,0,0,-0.3675374800286632,0.9634857707295622,0.31279491327926495,0,-0.38411759915507016,0.017204449952707677,0.0,0.0,0.017915309446254073
trailing 504,history ruin bound,mid,"(d) always short, Kelly",quarter,15,0,0,15,-1.799826387303611,-2.1420724708879195,-1.5452490438135011,0,0,0,-0.6214982794502744,-0.6214982794502744,-0.6214982794502744,0,0,9,-0.5094030458940825,0,0,0,0.0,0,0,14,-0.7446018299745106,-0.28119193043788693,-0.07098589143141285,0,-0.31959845320610125,0.007298969448065996,0.2947882736156352,0.3241042345276873,0.0
trailing 504,history ruin bound,mid,"sign(s), Kelly-levered",quarter,15,0,0,5,-0.23421988920493586,-0.41296814583513475,-0.07002119001627993,15,0,0,0.9314899207331149,0.5107826185280921,1.3092512440878892,0,0,0,0.0,15,9,0,0.5094030458940825,0,0,12,-0.24894776911796052,1.2717962697455023,0.4384171544626696,0,-0.32010421601022965,0.01950084195348962,0.0,0.0,0.0
trailing 504,history ruin bound,mid,"(b) Kelly by sign of s, log-optimal",quarter,15,0,0,10,-0.5179767798216645,-0.80035077376167,-0.36082823034372535,15,0,0,0.6121965751052032,0.1409102796019825,1.0599166334553738,0,0,5,-0.12758182294864212,15,4,0,0.3833633401646259,0,0,15,-0.3686921797346728,0.9525029241175906,0.31237744873321305,0,-0.29734124232099624,0.017941831520446365,0.0,0.0016286644951140066,0.0
trailing 504,history ruin bound,mid,"(b') Kelly by sign of s, mean-variance",quarter,15,0,0,3,-0.4864972846295603,-0.8150274726276315,-0.3544130900674398,15,0,0,0.6291985146932677,0.1087232917355953,1.0012104949106038,0,0,0,-0.09607923119921508,15,4,0,0.4182041313455499,0,0,15,-0.3341770467354339,0.9695048637056551,0.34721823991413703,0,-0.3542774279924663,0.019247623960452175,0.0,0.0016286644951140066,0.0
trailing 504,history ruin bound,mid,(a) Kelly by sign x |s| 3 bins,quarter,15,0,0,14,-1.3549402833123718,-2.27291808717789,-0.8314392803452815,5,0,0,-0.14580150508294132,-1.073805736854994,0.23856141976953565,0,0,9,-0.5054132214042781,6,0,0,-0.025643826088492347,0,0,14,-0.7569070671981191,0.19450484392944606,-0.09662971751990519,0,-0.5771583998010885,0.02615273627495236,0.0,0.2280130293159609,0.0
trailing 504,history ruin bound,mid,"(a) Kelly by regression on s, |s|",quarter,15,0,0,15,-1.7145060555081895,-2.0590767113058392,-1.5066417392758398,0,0,0,-0.5753254824667305,-0.7214126933861853,-0.430628687289931,0,0,12,-0.497846969776298,10,0,0,0.0014943107068876166,0,0,15,-0.7441944486543651,-0.2350191334543432,-0.06949158072452523,0,-0.2797189306388276,0.009806992596530032,0.0,0.5439739413680782,0.0
trailing 504,history ruin bound,mid,"(a) Kelly by regression on sign(s), s, |s|",quarter,15,0,0,4,-0.5865014420138366,-0.8371556704063813,-0.4343703554264442,15,0,0,0.5695353928511253,0.08659509395684556,0.8786504356905089,0,0,0,-0.10933718355468358,15,1,0,0.4000658623393989,0,0,10,-0.3382083326425207,0.9098417418635127,0.329079970907986,0,-0.4118270940847605,0.022558895348882856,0.0,0.029315960912052116,0.0
trailing 504,history ruin bound,mid,"(c) proportional s/mean|s|, sign(s) Kelly stake",quarter,15,0,0,0,-0.5090760966074552,-0.9200219137094104,-0.18496632414698033,15,0,0,0.6900362537154405,0.38178335923165435,0.9231668434563194,0,0,0,-0.24151959860541455,15,4,0,0.280667542170623,0,0,3,-0.4621052067563003,1.030342602727828,0.20968165073921016,0,-0.19518263115935164,0.009143014028986053,0.0,0.0,0.003257328990228013
trailing 504,exchange margin,mid,always short,unit (growth at 3%),15,0,0,0,-1.1783281078533367,-1.5205741914376452,-0.9237507643632268,0,0,0,0.0,0.0,0.0,0,0,0,-0.6450479389243612,0,0,0,0.0,0,0,0,-0.6450479389243612,0.3403063490123874,0.028567999618736534,0,-0.5191222232887515,1.0,0.0,0.38273615635179153,
trailing 504,exchange margin,mid,sign(s),unit (growth at 3%),15,0,0,0,0.0,0.0,0.0,15,0,0,1.1783281078533367,0.9237507643632268,1.5205741914376452,0,0,0,0.0,15,0,0,0.6450479389243612,0,0,0,0.0,1.5186344568657242,0.6736159385430978,0,-0.3334488360990703,1.0,0.0,0.0,
trailing 504,exchange margin,mid,"(c) proportional s/rms (unit, §10)",unit (growth at 3%),15,0,0,0,-0.7305384790178533,-1.0140451946134093,-0.2708899719334168,15,0,0,0.42924809370662403,0.28776007832765566,0.8463310222864884,0,0,9,-0.6127899240221296,14,0,0,0.03291097436516345,0,0,9,-0.6127899240221296,0.7695544427190114,0.06147897398389998,0,-0.07658596882529312,0.10353848763766557,0.0,0.0,
trailing 504,exchange margin,mid,"(d) always short, Kelly",full,15,0,0,0,-0.967926960945275,-1.3101730445295834,-0.713349617455165,15,0,0,0.21040114690806183,0.21040114690806183,0.21040114690806183,0,0,0,-0.3350950667070585,0,0,0,0.0,0,0,7,-0.6128495552056215,0.5507074959204492,0.060766383337476304,0,-0.10364370095167452,0.005388473311245666,0.2947882736156352,0.3241042345276873,0.6205211726384365
trailing 504,exchange margin,mid,"sign(s), Kelly-levered",full,15,0,0,5,-0.6863476038629094,-0.8674955243107993,-0.5287483575855653,15,0,0,0.523812580654679,0.24238434545056659,0.8781402253056463,0,0,0,0.0,15,0,0,0.3350950667070585,0,0,0,-0.27775448849856293,0.8641189296670663,0.3958614500445348,0,-0.6808352119872907,0.04079065714971456,0.0,0.0,0.6156351791530945
trailing 504,exchange margin,mid,"(b) Kelly by sign of s, log-optimal",full,15,0,0,14,-1.0952250578712257,-1.423748894607042,-0.8189779998970477,9,0,0,0.06745996305391155,-0.4814770354534576,0.5500200015114589,0,0,1,-0.3843924255232578,6,0,0,-0.05376295389884025,0,0,9,-0.6743272279085978,0.40776631206629893,0.007003429438636055,0,-0.6757446359521617,0.029952912742265914,0.0,0.0016286644951140066,0.5928338762214984
trailing 504,exchange margin,mid,"(b') Kelly by sign of s, mean-variance",full,15,0,0,14,-0.9783178810568909,-1.2726752921305537,-0.70516032229262,12,0,0,0.18006707412956718,-0.33040343297696945,0.6667404101806933,1,0,0,-0.2713898775575998,11,0,0,0.07831901579130382,0,0,10,-0.5468716927579432,0.5203734231419546,0.13908539912878012,0,-0.49282231079403216,0.025566598606681975,0.0,0.0016286644951140066,0.5928338762214984
trailing 504,exchange margin,mid,(a) Kelly by sign x |s| 3 bins,full,15,0,0,12,-1.6674131830744194,-2.499634464397968,-0.8164938021985523,2,0,0,-0.5194742322822885,-1.3005221140750722,0.3896707609044087,0,0,9,-1.0304318545029298,1,0,2,-0.6717472236227664,0,0,11,-1.290440979770616,-0.17916788326990113,-0.6109808402852901,0,-0.91534627836599,0.03747729809192982,0.0,0.2280130293159609,0.5358306188925082
trailing 504,exchange margin,mid,"(a) Kelly by regression on s, |s|",full,15,0,0,8,-1.7349614868475562,-2.1434302715682203,-1.4761310660673772,0,0,0,-0.5564126125440111,-0.9398834972683929,-0.3585987529635479,0,0,0,-0.6055301019923266,0,0,0,-0.26433179778647486,0,0,9,-0.8928917614832279,-0.2161062635316237,-0.20356541444899856,0,-0.6335853744075872,0.016869696674058018,0.0,0.5439739413680782,0.6938110749185668
trailing 504,exchange margin,mid,"(a) Kelly by regression on sign(s), s, |s|",full,15,0,0,14,-1.0524910722155731,-1.2095645273292097,-0.8250492747568431,11,0,0,0.10555855027484706,-0.26729266817562525,0.5956955890422562,0,0,0,-0.29898599724831876,7,0,0,-0.0016096764910139005,0,0,10,-0.5891863147651768,0.44586489928723444,0.059156706846462404,0,-0.6481025229704125,0.02977935551339657,0.0,0.029315960912052116,0.5846905537459284
trailing 504,exchange margin,mid,"(c) proportional s/mean|s|, sign(s) Kelly stake",full,15,0,0,0,-0.925578021165314,-1.2192651367228193,-0.06449250889964309,14,0,0,0.31088775669249286,-0.10657251890051511,0.8592582554635837,2,0,0,-0.17304359990652113,12,0,0,0.12699256328549316,0,0,1,-0.49849161083576304,0.6511941057048802,0.18775894662296946,0,-0.5605572086038162,0.01705710445916564,0.0,0.0,0.4771986970684039
trailing 504,exchange margin,mid,"(d) always short, Kelly",half,15,0,0,2,-1.0815638790489772,-1.4238099626332856,-0.8269865355588673,15,0,0,0.09676422880435964,0.09676422880435964,0.09676422880435964,0,0,0,-0.3516687783132068,0,0,0,0.0,0,0,9,-0.6290389619291283,0.437070577816747,0.04457697661396947,0,-0.10364370095167419,0.004886399151584355,0.2947882736156352,0.3241042345276873,0.5667752442996743
trailing 504,exchange margin,mid,"sign(s), Kelly-levered",half,15,0,0,3,-0.5316780574556739,-0.707220600269123,-0.3540555291706562,15,0,0,0.6625412919569837,0.34467219964717183,1.0144163678102414,0,0,0,0.0,15,0,0,0.3516687783132068,0,0,0,-0.2740836687398452,1.0028476409693712,0.3962457549271763,0,-0.39743719983311077,0.02381775430983963,0.0,0.0,0.5895765472312704
trailing 504,exchange margin,mid,"(b) Kelly by sign of s, log-optimal",half,15,0,0,13,-0.9264092335508375,-1.1933276813520894,-0.685877524974462,13,0,0,0.2521396407527076,-0.2510558221985049,0.7165818795422247,0,0,8,-0.25615963892322485,13,0,0,0.1117786666674192,0,0,12,-0.5166404741422199,0.592445989765095,0.15635564328138868,0,-0.3402855445290358,0.0182152737652227,0.0,0.0016286644951140066,0.5586319218241043
trailing 504,exchange margin,mid,"(b') Kelly by sign of s, mean-variance",half,15,0,0,12,-0.7566310140305831,-1.01091895603952,-0.5286990406945993,14,0,0,0.421917860272962,-0.06864709688593551,0.8521282749195835,0,0,1,-0.21204562863501406,14,0,0,0.15688077670064327,0,0,12,-0.4833195533758064,0.7622242092853494,0.20145775331461274,0,-0.2577831767787191,0.015767809911143238,0.0,0.0016286644951140066,0.5651465798045603
trailing 504,exchange margin,mid,(a) Kelly by sign x |s| 3 bins,half,15,0,0,12,-1.5859507942305795,-2.4245726241797767,-0.7919079577459041,3,0,0,-0.46482418843413237,-1.2254602738568812,0.44724360454634654,0,0,10,-0.5545689151465167,3,0,1,-0.2261017310498652,0,0,12,-0.8142480800761892,-0.12451783942174499,-0.18152475443589572,0,-0.6532236905488369,0.021404963422194168,0.0,0.2280130293159609,0.50814332247557
trailing 504,exchange margin,mid,"(a) Kelly by regression on s, |s|",half,15,0,0,7,-1.619450224888644,-2.061221106599389,-1.3559500680571628,0,0,0,-0.44257803992724787,-0.7421297305082141,-0.2853885039650106,0,0,2,-0.4617913330237522,0,0,0,-0.10370109135261339,0,0,11,-0.7347392491094932,-0.10227169091486048,-0.05912411473864392,0,-0.36586803872729634,0.010874213905398474,0.0,0.5439739413680782,0.6026058631921825
trailing 504,exchange margin,mid,"(a) Kelly by regression on sign(s), s, |s|",half,15,0,0,12,-0.8576616596218511,-1.0605457130748221,-0.643463927457318,14,0,0,0.3374188122159924,-0.0035865212303825,0.7772809363417812,0,0,1,-0.18362297533502464,15,0,0,0.14851533321684687,0,0,13,-0.4810950568200204,0.6777251612283798,0.19309230983081635,0,-0.3337010203299231,0.01790030304792024,0.0,0.029315960912052116,0.5570032573289903
trailing 504,exchange margin,mid,"(c) proportional s/mean|s|, sign(s) Kelly stake",half,15,1,0,0,-0.8237490423409767,-1.0039131656295164,0.0662910382966373,15,0,0,0.49994509679846416,0.06721016280336778,0.9900418026598641,0,0,0,-0.20201941767007436,13,1,0,0.13711512360900474,0,0,4,-0.4969019757428893,0.8402514458108515,0.18169210022297422,0,-0.3209756372722403,0.011035869622418978,0.0,0.0,0.3550488599348534
trailing 504,exchange margin,mid,"(d) always short, Kelly",quarter,15,0,0,3,-1.09931864661803,-1.4415647302023382,-0.84474130312792,15,0,0,0.07900946123530689,0.07900946123530689,0.07900946123530689,0,0,4,-0.2657153821015052,0,0,0,0.0,0,0,10,-0.6376172955356029,0.41931581024769427,0.03599864300749488,0,-0.1036085053764012,0.004164635554809738,0.2947882736156352,0.3241042345276873,0.4609120521172638
trailing 504,exchange margin,mid,"sign(s), Kelly-levered",quarter,15,0,0,1,-0.3248047751907235,-0.5008748395478063,-0.17309636092795588,15,0,0,0.852094864286354,0.5118082947426061,1.2064980695135898,0,0,0,0.0,15,4,0,0.2657153821015052,0,0,9,-0.35345215119956336,1.1924012132987414,0.3017140251090001,0,-0.21272533829130447,0.014713739083649067,0.0,0.0,0.47068403908794787
trailing 504,exchange margin,mid,"(b) Kelly by sign of s, log-optimal",quarter,15,0,0,9,-0.6747893132932961,-0.987259555025545,-0.42773947994112094,15,0,0,0.530088147990772,0.036856891550484605,0.9823055074547078,0,0,10,-0.1446856606868684,15,0,0,0.1366887181281794,0,0,12,-0.5146471781434838,0.8703944970031593,0.17268736113567426,0,-0.17732816305683297,0.011339481689119779,0.0,0.0016286644951140066,0.4511400651465798
trailing 504,exchange margin,mid,"(b') Kelly by sign of s, mean-variance",quarter,15,0,0,8,-0.5074575361318723,-0.7875913723598542,-0.27912498991536583,15,0,0,0.7393576872012926,0.24425777925687392,1.107302746098262,0,0,3,-0.12178407922491302,15,2,0,0.14915940883755474,0,0,11,-0.4910271346862347,1.07966403621368,0.18515805184504963,0,-0.1406466697668417,0.010435116216908263,0.0,0.0016286644951140066,0.46579804560260585
trailing 504,exchange margin,mid,(a) Kelly by sign x |s| 3 bins,quarter,15,0,0,12,-1.4637914376952392,-2.3013382901256154,-0.7127323193203893,5,0,0,-0.368644507607559,-1.1022259398027197,0.528037788796057,0,0,11,-0.33063454799955316,5,0,0,-0.06609122926550294,0,0,14,-0.6902683770647169,-0.028338158595171643,-0.030092586258008064,0,-0.39038848729303344,0.01315492046386267,0.0,0.2280130293159609,0.4543973941368078
trailing 504,exchange margin,mid,"(a) Kelly by regression on s, |s|",quarter,15,0,0,9,-1.545461583870234,-2.0321358930190043,-1.2092410340933888,0,0,0,-0.4112046450273644,-0.6546999144221715,-0.23798867910569768,0,0,5,-0.32789549213467006,0,0,0,-0.05677046953133674,0,0,12,-0.6911858587855578,-0.07089829601497703,-0.020771826523841866,0,-0.19400038133741682,0.0073864127535466055,0.0,0.5439739413680782,0.43159609120521175
trailing 504,exchange margin,mid,"(a) Kelly by regression on sign(s), s, |s|",quarter,15,0,0,8,-0.6411501365077814,-0.8678724254495919,-0.3682325372487141,15,0,0,0.6067356021529011,0.22078542863478284,1.0433540539758306,0,0,2,-0.11098296652897477,15,0,0,0.1514430338887371,0,0,12,-0.4973145745733894,0.9470419511652884,0.18744167689623198,0,-0.17188275595363955,0.011649710095237013,0.0,0.029315960912052116,0.5179153094462541
trailing 504,exchange margin,mid,"(c) proportional s/mean|s|, sign(s) Kelly stake",quarter,15,0,0,0,-0.553286957084833,-0.965749628768724,-0.09263869792978574,15,0,0,0.6171837738051591,0.21257847908461275,1.0198876166364224,0,0,0,-0.14840867497521157,15,0,0,0.10606573126963188,0,0,5,-0.5091557029940975,0.9574901228175464,0.14206437427712676,0,-0.195164156833455,0.007151170884543445,0.0,0.0,0.16612377850162866
trailing 504,none,mid,always short,unit (growth at 3%),15,0,0,0,-1.1783281078533367,-1.5205741914376452,-0.9237507643632268,0,0,0,0.0,0.0,0.0,0,0,0,-0.6450479389243612,0,0,0,0.0,0,0,0,-0.6450479389243612,0.3403063490123874,0.028567999618736534,0,-0.5191222232887515,1.0,0.0,0.38273615635179153,
trailing 504,none,mid,sign(s),unit (growth at 3%),15,0,0,0,0.0,0.0,0.0,15,0,0,1.1783281078533367,0.9237507643632268,1.5205741914376452,0,0,0,0.0,15,0,0,0.6450479389243612,0,0,0,0.0,1.5186344568657242,0.6736159385430978,0,-0.3334488360990703,1.0,0.0,0.0,
trailing 504,none,mid,"(c) proportional s/rms (unit, §10)",unit (growth at 3%),15,0,0,0,-0.7305384790178533,-1.0140451946134093,-0.2708899719334168,15,0,0,0.42924809370662403,0.28776007832765566,0.8463310222864884,0,0,9,-0.6127899240221296,14,0,0,0.03291097436516345,0,0,9,-0.6127899240221296,0.7695544427190114,0.06147897398389998,0,-0.07658596882529312,0.10353848763766557,0.0,0.0,
trailing 504,none,mid,"(d) always short, Kelly",full,15,0,0,15,-1.799826387303611,-2.1420724708879195,-1.5452490438135011,0,0,0,-0.6214982794502744,-0.6214982794502744,-0.6214982794502744,0,0,1,-1.2719564908458074,0,0,0,0.0,0,0,15,-1.1971519267688446,-0.28119193043788693,-0.5235359882257469,0,-0.8666634523511623,0.029195877792263986,0.2947882736156352,0.3241042345276873,0.0
trailing 504,none,mid,"sign(s), Kelly-levered",full,15,0,0,5,-0.23421988920493586,-0.41296814583513475,-0.07002119001627993,15,0,0,0.9314899207331149,0.5107826185280921,1.3092512440878892,0,0,0,0.0,15,1,0,1.2719564908458074,10,0,0,0.07480456407696268,1.2717962697455023,0.7484205026200604,0,-0.860061599114989,0.07800336781395847,0.0,0.0,0.0
trailing 504,none,mid,"(b) Kelly by sign of s, log-optimal",full,15,0,0,10,-0.5179767798216645,-0.80035077376167,-0.36082823034372535,15,0,0,0.6121965751052032,0.1409102796019825,1.0599166334553738,0,0,10,-0.7562000741522357,15,0,0,0.5001383421448607,0,0,0,-0.7006858073703398,0.9525029241175906,-0.023397646080886163,0,-0.9252654536907279,0.07176732608178546,0.0,0.0016286644951140066,0.0
trailing 504,none,mid,"(b') Kelly by sign of s, mean-variance",full,15,0,0,3,-0.4864972846295603,-0.8150274726276315,-0.3544130900674398,15,0,0,0.6291985146932677,0.1087232917355953,1.0012104949106038,0,0,3,-1.1451182956677894,2,0,0,-0.16365309095896485,0,0,0,-1.3244861170711442,0.9695048637056551,-inf,8,-1.0,0.0769904958418087,0.0,0.0016286644951140066,0.0
trailing 504,none,mid,(a) Kelly by sign x |s| 3 bins,full,15,0,0,14,-1.3552817205799879,-2.272329338243437,-0.8314392803452815,5,0,0,-0.18556070031668484,-1.073216987920541,0.23856141976953565,0,0,3,-2.322562449249447,0,0,0,-1.3719518091490852,0,0,3,-2.4430580385387364,0.15474564869570254,-inf,12,-1.0,0.10495231219351026,0.0,0.2280130293159609,0.0
trailing 504,none,mid,"(a) Kelly by regression on s, |s|",full,15,0,0,15,-1.7145060555081895,-2.0590767113058392,-1.5066417392758398,0,0,0,-0.5753254824667305,-0.7214126933861853,-0.430628687289931,0,0,3,-1.2412605105141075,5,0,0,-0.05374148910865095,0,0,15,-1.2373986751987252,-0.2350191334543432,-0.5772774773343978,0,-0.8124609180274209,0.03922797038612013,0.0,0.5439739413680782,0.0
trailing 504,none,mid,"(a) Kelly by regression on sign(s), s, |s|",full,15,0,0,4,-0.5865014420138366,-0.8371556704063813,-0.4343703554264442,15,0,0,0.5695353928511253,0.08659509395684556,0.8786504356905089,0,0,3,-1.109441367755593,1,0,0,-0.24775428380237502,0,0,0,-1.3133258791399165,0.9098417418635127,-inf,11,-1.0,0.09023558139553142,0.0,0.029315960912052116,0.0
trailing 504,none,mid,"(c) proportional s/mean|s|, sign(s) Kelly stake",full,15,0,0,0,-0.4923634971491586,-0.8835174995618261,-0.17889633624372214,15,0,0,0.7067488531737371,0.40315492180802986,0.9294364580661232,2,0,0,-0.29299679316522526,12,3,0,0.9654798794224626,0,0,0,-0.19237318851271829,1.0470552021861246,0.40052504285709506,2,-0.7230763075187572,0.0367474590251034,0.0,0.0,0.0
trailing 504,none,mid,"(d) always short, Kelly",half,15,0,0,15,-1.799826387303611,-2.1420724708879195,-1.5452490438135011,0,0,0,-0.6214982794502744,-0.6214982794502744,-0.6214982794502744,0,0,5,-0.8702202189660598,0,0,0,0.0,0,0,15,-0.8534148734967442,-0.28119193043788693,-0.17979893495364638,0,-0.5702345662195368,0.014597938896131993,0.2947882736156352,0.3241042345276873,0.0
trailing 504,none,mid,"sign(s), Kelly-levered",half,15,0,0,5,-0.23421988920493586,-0.41296814583513475,-0.07002119001627993,15,0,0,0.9314899207331149,0.5107826185280921,1.3092512440878892,0,0,0,0.0,15,5,0,0.8702202189660598,9,0,0,0.035451675094900215,1.2717962697455023,0.6904212840124134,0,-0.5703588450833155,0.03900168390697924,0.0,0.0,0.0
trailing 504,none,mid,"(b) Kelly by sign of s, log-optimal",half,15,0,0,10,-0.5179767798216645,-0.80035077376167,-0.36082823034372535,15,0,0,0.6121965751052032,0.1409102796019825,1.0599166334553738,0,0,9,-0.2787982587679235,15,3,0,0.6081047182021638,0,0,2,-0.23197427051598468,0.9525029241175906,0.4283057832485174,0,-0.5461010582614181,0.03588366304089273,0.0,0.0016286644951140066,0.0
trailing 504,none,mid,"(b') Kelly by sign of s, mean-variance",half,15,0,0,3,-0.4864972846295603,-0.8150274726276315,-0.3544130900674398,15,0,0,0.6291985146932677,0.1087232917355953,1.0012104949106038,0,0,0,-0.26367905157173943,15,1,0,0.6221702624001699,0,0,1,-0.19979114136419768,0.9695048637056551,0.4423713274465236,0,-0.6574747516395699,0.03849524792090435,0.0,0.0016286644951140066,0.0
trailing 504,none,mid,(a) Kelly by sign x |s| 3 bins,half,15,0,0,14,-1.3552817205799879,-2.272329338243437,-0.8314392803452815,5,0,0,-0.18556070031668484,-1.073216987920541,0.23856141976953565,0,0,12,-1.3998040052438592,1,0,1,-0.502452905010208,0,0,8,-1.305501162824472,0.15474564869570254,-0.7896376818414916,1,-0.9109872281106797,0.05247615609675513,0.0,0.2280130293159609,0.0
trailing 504,none,mid,"(a) Kelly by regression on s, |s|",half,15,0,0,15,-1.7145060555081895,-2.0590767113058392,-1.5066417392758398,0,0,0,-0.5753254824667305,-0.7214126933861853,-0.430628687289931,0,0,7,-0.8857825724767866,6,0,0,-0.004032949749116221,0,0,15,-0.8576247208442545,-0.2350191334543432,-0.1838318847027626,0,-0.502406451462903,0.019613985193060065,0.0,0.5439739413680782,0.0
trailing 504,none,mid,"(a) Kelly by regression on sign(s), s, |s|",half,15,0,0,4,-0.5865014420138366,-0.8371556704063813,-0.4343703554264442,15,0,0,0.5695353928511253,0.08659509395684556,0.8786504356905089,0,0,0,-0.3711744898646322,15,1,0,0.5168296347702748,0,0,1,-0.35084544456474565,0.9098417418635127,0.33703069981662837,0,-0.7427783838021726,0.04511779069776571,0.0,0.029315960912052116,0.0
trailing 504,none,mid,"(c) proportional s/mean|s|, sign(s) Kelly stake",half,15,0,0,0,-0.4923634971491586,-0.8835174995618261,-0.17889633624372214,15,0,0,0.7067488531737371,0.40315492180802986,0.9294364580661232,0,0,0,-0.35242047390013115,13,3,0,0.5297099206339295,0,0,0,-0.31696879880523093,1.0470552021861246,0.3499109856802831,0,-0.3785132597399318,0.0183737295125517,0.0,0.0,0.0
trailing 504,none,mid,"(d) always short, Kelly",quarter,15,0,0,15,-1.799826387303611,-2.1420724708879195,-1.5452490438135011,0,0,0,-0.6214982794502744,-0.6214982794502744,-0.6214982794502744,0,0,9,-0.5094030458940825,0,0,0,0.0,0,0,14,-0.7446018299745106,-0.28119193043788693,-0.07098589143141285,0,-0.31959845320610125,0.007298969448065996,0.2947882736156352,0.3241042345276873,0.0
trailing 504,none,mid,"sign(s), Kelly-levered",quarter,15,0,0,5,-0.23421988920493586,-0.41296814583513475,-0.07002119001627993,15,0,0,0.9314899207331149,0.5107826185280921,1.3092512440878892,0,0,0,0.0,15,9,0,0.5094030458940825,0,0,12,-0.24894776911796052,1.2717962697455023,0.4384171544626696,0,-0.32010421601022965,0.01950084195348962,0.0,0.0,0.0
trailing 504,none,mid,"(b) Kelly by sign of s, log-optimal",quarter,15,0,0,10,-0.5179767798216645,-0.80035077376167,-0.36082823034372535,15,0,0,0.6121965751052032,0.1409102796019825,1.0599166334553738,0,0,5,-0.12758182294864212,15,4,0,0.3833633401646259,0,0,15,-0.3686921797346728,0.9525029241175906,0.31237744873321305,0,-0.29734124232099624,0.017941831520446365,0.0,0.0016286644951140066,0.0
trailing 504,none,mid,"(b') Kelly by sign of s, mean-variance",quarter,15,0,0,3,-0.4864972846295603,-0.8150274726276315,-0.3544130900674398,15,0,0,0.6291985146932677,0.1087232917355953,1.0012104949106038,0,0,0,-0.09607923119921508,15,4,0,0.4182041313455499,0,0,15,-0.3341770467354339,0.9695048637056551,0.34721823991413703,0,-0.3542774279924663,0.019247623960452175,0.0,0.0016286644951140066,0.0
trailing 504,none,mid,(a) Kelly by sign x |s| 3 bins,quarter,15,0,0,14,-1.3552817205799879,-2.272329338243437,-0.8314392803452815,5,0,0,-0.18556070031668484,-1.073216987920541,0.23856141976953565,0,0,10,-0.5075706824431003,6,0,0,-0.025643826088492347,0,0,14,-0.7571129784236815,0.15474564869570254,-0.09662971751990519,0,-0.5771583998010885,0.026238078048377564,0.0,0.2280130293159609,0.0
trailing 504,none,mid,"(a) Kelly by regression on s, |s|",quarter,15,0,0,15,-1.7145060555081895,-2.0590767113058392,-1.5066417392758398,0,0,0,-0.5753254824667305,-0.7214126933861853,-0.430628687289931,0,0,12,-0.497846969776298,10,0,0,0.0014943107068876166,0,0,15,-0.7441944486543651,-0.2350191334543432,-0.06949158072452523,0,-0.2797189306388276,0.009806992596530032,0.0,0.5439739413680782,0.0
trailing 504,none,mid,"(a) Kelly by regression on sign(s), s, |s|",quarter,15,0,0,4,-0.5865014420138366,-0.8371556704063813,-0.4343703554264442,15,0,0,0.5695353928511253,0.08659509395684556,0.8786504356905089,0,0,0,-0.10933718355468358,15,1,0,0.4000658623393989,0,0,10,-0.3382083326425207,0.9098417418635127,0.329079970907986,0,-0.4118270940847605,0.022558895348882856,0.0,0.029315960912052116,0.0
trailing 504,none,mid,"(c) proportional s/mean|s|, sign(s) Kelly stake",quarter,15,0,0,0,-0.4923634971491586,-0.8835174995618261,-0.17889633624372214,15,0,0,0.7067488531737371,0.40315492180802986,0.9294364580661232,0,0,0,-0.22832779979458326,15,4,0,0.28903046197182336,0,0,3,-0.45778641569189926,1.0470552021861246,0.21804457054041054,0,-0.19518263115935164,0.00918686475627585,0.0,0.0,0.0
trailing 252,history ruin bound,mid,always short,unit (growth at 3%),15,0,0,0,-1.1783281078533367,-1.5205741914376452,-0.9237507643632268,0,0,0,0.0,0.0,0.0,0,0,0,-0.6450479389243612,0,0,0,0.0,0,0,0,-0.6450479389243612,0.3403063490123874,0.028567999618736534,0,-0.5191222232887515,1.0,0.0,0.38273615635179153,
trailing 252,history ruin bound,mid,sign(s),unit (growth at 3%),15,0,0,0,0.0,0.0,0.0,15,0,0,1.1783281078533367,0.9237507643632268,1.5205741914376452,0,0,0,0.0,15,0,0,0.6450479389243612,0,0,0,0.0,1.5186344568657242,0.6736159385430978,0,-0.3334488360990703,1.0,0.0,0.0,
trailing 252,history ruin bound,mid,"(c) proportional s/rms (unit, §10)",unit (growth at 3%),15,0,0,0,-0.7305384790178533,-1.0140451946134093,-0.2708899719334168,15,0,0,0.42924809370662403,0.28776007832765566,0.8463310222864884,0,0,9,-0.6127899240221296,14,0,0,0.03291097436516345,0,0,9,-0.6127899240221296,0.7695544427190114,0.06147897398389998,0,-0.07658596882529312,0.10353848763766557,0.0,0.0,
trailing 252,history ruin bound,mid,"(d) always short, Kelly",full,15,0,0,2,-1.2442960353518995,-1.5865421189362077,-0.9897186918617894,0,0,0,-0.06596792749856256,-0.06596792749856256,-0.06596792749856256,0,0,0,-1.197351902055891,0,0,0,0.0,0,0,0,-1.0533612255865046,0.2743384215138248,-0.3797452870434069,0,-0.8695583066465609,0.044268220199189856,0.26547231270358307,0.31758957654723124,0.21172638436482086
trailing 252,history ruin bound,mid,"sign(s), Kelly-levered",full,15,1,0,5,-0.2502989418324879,-0.3742618769732593,0.012017437492588545,15,0,0,0.939866093929423,0.5494888873899675,1.4327623012916877,0,0,0,0.0,15,0,0,1.197351902055891,10,0,0,0.14341924836164732,1.2801724429418104,0.8176066150124841,0,-0.8668732822494374,0.08385105174624062,0.0,0.0,0.21335504885993486
trailing 252,history ruin bound,mid,"(b) Kelly by sign of s, log-optimal",full,15,0,0,1,-0.44348349825848477,-0.7449342338308955,-0.25595231724516276,15,0,0,0.6599707322692678,0.17881653053233132,1.1647925465539364,0,0,0,-0.4374013462627172,15,0,0,0.7470862886463754,2,0,0,-0.30809335671621624,1.0002770812816553,0.36734100160296845,0,-0.8184741138760396,0.0795700056879546,0.0,0.0993485342019544,0.4185667752442997
trailing 252,history ruin bound,mid,"(b') Kelly by sign of s, mean-variance",full,15,0,0,0,-0.34815294075810166,-0.686373090394538,-0.23195335646170956,15,0,0,0.7961171435894319,0.23737767396868886,1.1887915073373896,0,0,0,-0.2622093396289129,15,0,0,0.936147759895928,4,0,0,-0.11778489379831569,1.1364234926018193,0.5564024728525211,0,-0.7954230829552064,0.07791220412436974,0.0,0.0993485342019544,0.49022801302931596
trailing 252,history ruin bound,mid,(a) Kelly by sign x |s| 3 bins,full,15,0,0,8,-1.0190776827407146,-1.9226777984532206,-0.5666378201084832,11,0,0,0.2679726232035882,-0.9989270340899936,0.7831698816512325,0,0,4,-1.475157442383543,4,0,0,-0.20913452210709843,0,0,1,-1.3212900182066831,0.6082789722159756,-0.8932161013641639,3,-0.9802098439526137,0.08450256595179438,0.0,0.1970684039087948,0.4543973941368078
trailing 252,history ruin bound,mid,"(a) Kelly by regression on s, |s|",full,15,0,0,4,-1.1000746958879712,-1.5580141900802165,-0.8892453147326996,6,0,0,-0.01922171952619428,-0.2752338604061173,0.28930355957084547,0,0,1,-1.4403382862630827,3,0,0,-0.4039466834103292,0,0,1,-1.3734137713216872,0.3210846294861931,-0.7836919704537361,0,-0.9503643013520314,0.059687882465480145,0.0,0.40553745928338764,0.2671009771986971
trailing 252,history ruin bound,mid,"(a) Kelly by regression on sign(s), s, |s|",full,15,0,0,4,-0.6146708544310178,-1.05886666333091,-0.3806936045170941,14,0,0,0.6015033119497037,-0.13511589896768314,0.9059033370066274,0,0,0,-1.0502826369971727,9,0,0,0.22356033480628787,0,0,1,-0.808454032080493,0.9418096609620911,-0.156184952237119,0,-0.9140926003785111,0.08106252560121638,0.0,0.15798045602605862,0.4381107491856677
trailing 252,history ruin bound,mid,"(c) proportional s/mean|s|, sign(s) Kelly stake",full,15,1,0,0,-0.48096313846919636,-0.7491635591527501,0.046221513817101156,15,0,0,0.771410632284895,0.3213617107358611,1.0331900800003198,3,0,0,-0.39020289335190766,15,0,0,0.7967647771885512,2,0,0,-0.2095854879580239,1.1117169812972825,0.41701949014514433,0,-0.9244683086575929,0.05176042654599428,0.0,0.0,0.16775244299674266
trailing 252,history ruin bound,mid,"(d) always short, Kelly",half,15,0,0,1,-1.2048964943245113,-1.54714257790882,-0.9503191508344014,0,0,0,-0.0265683864711746,-0.0265683864711746,-0.0265683864711746,0,0,0,-0.7907779305694914,0,0,0,0.0,0,0,0,-0.7373297331411712,0.3137379625412128,-0.06371379459807348,0,-0.6908526586059023,0.027064840617984018,0.26547231270358307,0.31758957654723124,0.0
trailing 252,history ruin bound,mid,"sign(s), Kelly-levered",half,15,0,0,2,-0.2833071537090672,-0.4369542695751578,-0.0997488641343438,15,0,0,0.8920034800411372,0.5460804192573656,1.3209959996647553,0,0,0,0.0,15,0,0,0.7907779305694914,10,0,0,0.09678038989749249,1.2323098290535246,0.727064135971418,0,-0.6129746990369686,0.04527417939679608,0.0,0.0,0.0
trailing 252,history ruin bound,mid,"(b) Kelly by sign of s, log-optimal",half,15,0,0,1,-0.6271873396239894,-0.8474146476553415,-0.48121268217412716,15,0,0,0.5511407682293474,0.07633611670788532,0.939532181624972,0,0,0,-0.3634040907413343,15,0,0,0.4310804159742124,0,0,0,-0.27951883543444844,0.8914471172417348,0.36736662137613896,0,-0.6231662635880779,0.044766664843723915,0.0,0.0993485342019544,0.008143322475570033
trailing 252,history ruin bound,mid,"(b') Kelly by sign of s, mean-variance",half,15,0,0,0,-0.5647567440392066,-0.8228099863148572,-0.44455549196924526,15,0,0,0.6135713638141302,0.10094077804836965,0.9435860344363831,0,0,0,-0.36632997998999073,14,0,0,0.4293019695691942,0,0,0,-0.2697289585772821,0.9538777128265176,0.3655881749711207,0,-0.7121886408268162,0.05017113287487875,0.0,0.0993485342019544,0.09120521172638436
trailing 252,history ruin bound,mid,(a) Kelly by sign x |s| 3 bins,half,15,0,0,8,-1.0768121042393461,-1.9506551217668036,-0.7586423553631803,9,0,1,0.12673467006048134,-1.0269043574035766,0.7619318360744649,0,0,6,-1.0523358130967435,3,0,1,-0.20774858338580893,0,0,4,-0.9520901526497036,0.4670410190728687,-0.28754354583389136,1,-0.9061461828332706,0.05919875641706934,0.0,0.1970684039087948,0.21661237785016288
trailing 252,history ruin bound,mid,"(a) Kelly by regression on s, |s|",half,15,0,0,4,-1.1333754797256546,-1.6499161036666339,-0.908846318432626,6,0,0,-0.07593420988868621,-0.22917123986753477,0.2697025558709191,0,0,1,-0.9346889448115546,6,0,0,-0.11699500992453594,0,0,0,-0.8097467920269323,0.26437213912370117,-0.18070880452260943,0,-0.7420693122770872,0.035573509877294775,0.0,0.40553745928338764,0.021172638436482084
trailing 252,history ruin bound,mid,"(a) Kelly by regression on sign(s), s, |s|",half,15,0,0,5,-0.7081710587727095,-1.0564652768382223,-0.5103621649018588,14,0,0,0.46229967211728257,-0.13271451247499558,0.8064587749405505,0,0,3,-0.5145572401287289,14,0,0,0.2337563033396438,0,0,1,-0.4758782096591575,0.8026060211296699,0.17004250874157034,0,-0.7381089062865039,0.05316809990109344,0.0,0.15798045602605862,0.11563517915309446
trailing 252,history ruin bound,mid,"(c) proportional s/mean|s|, sign(s) Kelly stake",half,15,0,0,0,-0.8590416358505729,-1.112268975375894,-0.21102682373477233,15,0,0,0.41549523422993667,0.0739857493386964,0.7759417424484463,0,0,0,-0.588090864086228,12,0,0,0.1465177021551164,0,0,0,-0.6715539176449451,0.755801583242324,0.08280390755704292,0,-0.8960154865307746,0.03326419148990987,0.0,0.0,0.09120521172638436
trailing 252,history ruin bound,mid,"(d) always short, Kelly",quarter,15,0,0,1,-1.2048964943245113,-1.54714257790882,-0.9503191508344014,0,0,0,-0.0265683864711746,-0.0265683864711746,-0.0265683864711746,0,0,0,-0.41386088398966836,0,0,0,0.0,0,0,3,-0.6286502118009647,0.3137379625412128,0.044965726742133005,0,-0.40142532085221816,0.013532420308992009,0.26547231270358307,0.31758957654723124,0.0
trailing 252,history ruin bound,mid,"sign(s), Kelly-levered",quarter,15,0,0,2,-0.2833071537090672,-0.4369542695751578,-0.0997488641343438,15,0,0,0.8920034800411372,0.5460804192573656,1.3209959996647553,0,0,0,0.0,15,0,0,0.41386088398966836,0,0,6,-0.22741045866460774,1.2323098290535246,0.45882661073180137,0,-0.34284810987363257,0.02263708969839804,0.0,0.0,0.0
trailing 252,history ruin bound,mid,"(b) Kelly by sign of s, log-optimal",quarter,15,0,0,1,-0.6673425972962856,-0.8764148757844346,-0.5275794852895002,15,0,0,0.5145058898867318,0.04733588857879223,0.893165378509599,0,0,0,-0.1706840023160221,15,0,0,0.25362551785424425,0,0,4,-0.3720026400519185,0.8548122388991193,0.29859124459637726,0,-0.35015193768043706,0.022452655834967358,0.0,0.0993485342019544,0.0
trailing 252,history ruin bound,mid,"(b') Kelly by sign of s, mean-variance",quarter,15,0,0,1,-0.6988396330925605,-0.9750595137172492,-0.586112361607268,15,0,0,0.46138153596543224,0.03526243973013521,0.8604798255928292,0,0,0,-0.16935445752537526,15,0,0,0.22892475375431592,0,0,2,-0.3802224618710435,0.8016878849778196,0.27389048049644893,0,-0.47232077958999796,0.026147171154880237,0.0,0.0993485342019544,0.0
trailing 252,history ruin bound,mid,(a) Kelly by sign x |s| 3 bins,quarter,15,0,0,11,-1.35782800313707,-2.080194188999809,-0.8037328183099504,4,0,1,-0.15602173642923506,-1.156443424636582,0.7168413731276948,0,0,6,-0.6338645365141531,1,0,1,-0.24685258380688951,0,0,10,-0.8630656918476967,0.18428461258315232,-0.2018868570647565,0,-0.779844692184074,0.03458935593645658,0.0,0.1970684039087948,0.04234527687296417
trailing 252,history ruin bound,mid,"(a) Kelly by regression on s, |s|",quarter,15,0,0,5,-1.1870185526214823,-1.7501715429085145,-0.8930260239493627,5,0,0,-0.13050794681868397,-0.3294266791094153,0.2855228503541824,0,0,2,-0.47774577344035846,5,0,0,-0.05613513819945931,0,0,5,-0.6273801624274644,0.2097984021937034,-0.011169411457326308,0,-0.4418241360030535,0.018106078126893552,0.0,0.40553745928338764,0.0
trailing 252,history ruin bound,mid,"(a) Kelly by regression on sign(s), s, |s|",quarter,15,0,0,6,-0.820602335373898,-1.4010406480540878,-0.5546157694648419,13,0,0,0.35772577247943876,-0.16590271020603706,0.8472474336589781,0,0,1,-0.24482741104864902,13,0,0,0.17994820043242463,0,0,5,-0.44002277741588924,0.6980321214918261,0.22491392717455763,0,-0.4838691080087836,0.028206738479134345,0.0,0.15798045602605862,0.0016286644951140066
trailing 252,history ruin bound,mid,"(c) proportional s/mean|s|, sign(s) Kelly stake",quarter,15,0,0,0,-1.0324159347024733,-1.4866654649040152,-0.37271016865016116,12,0,0,0.1816276581235154,-0.338573507454707,0.5510405957130657,0,0,0,-0.47966280776160525,7,0,0,-0.011163568807475793,0,0,2,-0.6842098603655707,0.5219340071359028,0.03380215793465721,0,-0.7843095930467626,0.019694519334700566,0.0,0.0,0.03257328990228013
trailing 252,exchange margin,mid,always short,unit (growth at 3%),15,0,0,0,-1.1783281078533367,-1.5205741914376452,-0.9237507643632268,0,0,0,0.0,0.0,0.0,0,0,0,-0.6450479389243612,0,0,0,0.0,0,0,0,-0.6450479389243612,0.3403063490123874,0.028567999618736534,0,-0.5191222232887515,1.0,0.0,0.38273615635179153,
trailing 252,exchange margin,mid,sign(s),unit (growth at 3%),15,0,0,0,0.0,0.0,0.0,15,0,0,1.1783281078533367,0.9237507643632268,1.5205741914376452,0,0,0,0.0,15,0,0,0.6450479389243612,0,0,0,0.0,1.5186344568657242,0.6736159385430978,0,-0.3334488360990703,1.0,0.0,0.0,
trailing 252,exchange margin,mid,"(c) proportional s/rms (unit, §10)",unit (growth at 3%),15,0,0,0,-0.7305384790178533,-1.0140451946134093,-0.2708899719334168,15,0,0,0.42924809370662403,0.28776007832765566,0.8463310222864884,0,0,9,-0.6127899240221296,14,0,0,0.03291097436516345,0,0,9,-0.6127899240221296,0.7695544427190114,0.06147897398389998,0,-0.07658596882529312,0.10353848763766557,0.0,0.0,
trailing 252,exchange margin,mid,"(d) always short, Kelly",full,15,0,0,0,-0.9265757571329652,-1.2688218407172736,-0.6719984136428553,15,0,0,0.25175235072037155,0.25175235072037155,0.25175235072037155,0,0,0,-0.3295220356818176,0,0,0,0.0,0,0,6,-0.6043637555838379,0.5920586997327589,0.06925218295925978,0,-0.10522289143385188,0.005980600001888469,0.26547231270358307,0.31758957654723124,0.6726384364820847
trailing 252,exchange margin,mid,"sign(s), Kelly-levered",full,15,0,0,5,-0.7155156221003451,-0.9099630450525196,-0.513111884795231,15,0,0,0.5149426365617207,0.20649756928280621,0.9076329790038682,0,0,0,0.0,15,0,0,0.3295220356818176,1,0,0,-0.284819021540118,0.855248985574108,0.39877421864107737,0,-0.7640070763324056,0.044487354436615945,0.0,0.0,0.6123778501628665
trailing 252,exchange margin,mid,"(b) Kelly by sign of s, log-optimal",full,15,0,0,3,-0.904560844573063,-1.1848669023602374,-0.6429552895206128,15,0,0,0.24883000960047313,0.014181786693404919,0.7595301455966683,0,0,0,-0.1544800184267734,10,0,0,0.11223845351189088,0,0,0,-0.5058439028080075,0.5891363586128605,0.18149063647115066,0,-0.7445468575961227,0.029055806815668685,0.0,0.0993485342019544,0.7019543973941368
trailing 252,exchange margin,mid,"(b') Kelly by sign of s, mean-variance",full,15,0,0,2,-0.7461897257531799,-0.9955296721204885,-0.5885663312330671,15,0,0,0.41117880272798896,0.13976486401553123,0.8220468003537524,4,0,0,-0.054267626307796524,15,0,0,0.2769960153274175,0,0,0,-0.31695989382920936,0.7514851517403763,0.3462481982866773,0,-0.5621282047250469,0.022677972206861234,0.0,0.0993485342019544,0.7019543973941368
trailing 252,exchange margin,mid,(a) Kelly by sign x |s| 3 bins,full,15,0,0,7,-1.0737197884946998,-2.142067027369706,-0.597379668938785,8,0,0,0.024490673983380395,-1.2183162630064792,0.6872479340498094,2,0,2,-0.5253851643053904,4,0,2,-0.13809885805816768,0,0,2,-0.7539470615644387,0.3647970229957678,-0.06884667509890789,0,-0.8965873863618528,0.03392222773474129,0.0,0.1970684039087948,0.6791530944625407
trailing 252,exchange margin,mid,"(a) Kelly by regression on s, |s|",full,15,0,0,6,-1.3496861954274852,-2.0103334419747187,-0.978741506790745,4,0,0,-0.2392855906035498,-0.708528169033654,0.19395116630093084,0,0,0,-0.5264771008165938,2,0,0,-0.31768992145566677,0,0,7,-0.8562319670771873,0.10102075840883756,-0.248437738496407,0,-0.8652925446500057,0.017684321652685697,0.0,0.40553745928338764,0.7100977198697068
trailing 252,exchange margin,mid,"(a) Kelly by regression on sign(s), s, |s|",full,15,0,0,7,-1.06887213309742,-1.7240522991049105,-0.6989086029564704,10,0,0,0.11155689833770355,-0.8003015347416838,0.37109209715834673,0,0,0,-0.6260024132906554,2,0,0,-0.40297033818217104,0,0,3,-0.9916498414673226,0.4518632473500909,-0.33371815522291126,0,-0.9333448078191668,0.029568692576004276,0.0,0.15798045602605862,0.6710097719869706
trailing 252,exchange margin,mid,"(c) proportional s/mean|s|, sign(s) Kelly stake",full,15,0,0,0,-0.700089787782874,-1.2274967418820382,-0.3483655207974323,14,0,0,0.47256196376011345,-0.2852248827284538,0.6719543052139532,1,0,0,-0.24563623317794453,11,0,0,0.04916200715253351,0,0,0,-0.5188083045745032,0.8128683127725008,0.11841419011179329,0,-0.9098240875805482,0.027465162664730584,0.0,0.0,0.5293159609120521
trailing 252,exchange margin,mid,"(d) always short, Kelly",half,15,0,0,0,-0.9190259957971526,-1.261272079381461,-0.6644486523070426,15,0,0,0.2593021120561842,0.2593021120561842,0.2593021120561842,0,0,0,-0.36666082196613814,0,0,0,0.0,0,0,6,-0.6045687428377468,0.5996084610685716,0.06904719570535098,0,-0.1021420821755904,0.00573871967264541,0.26547231270358307,0.31758957654723124,0.6400651465798045
trailing 252,exchange margin,mid,"sign(s), Kelly-levered",half,15,0,0,3,-0.5899872289616562,-0.7857863395954101,-0.4030781143113862,15,0,0,0.6080154243643838,0.339648620926785,1.017666749487713,0,0,0,0.0,15,0,0,0.36666082196613814,0,0,0,-0.24939236879404175,0.9483217733767711,0.4357080176714891,0,-0.4255125017050083,0.025737878824268565,0.0,0.0,0.6107491856677525
trailing 252,exchange margin,mid,"(b) Kelly by sign of s, log-optimal",half,15,0,0,1,-0.7494054735751999,-1.0297175895372064,-0.526693110197396,15,0,0,0.3993875732234112,0.14722694711830453,0.8859162288186526,0,0,0,-0.1815471216344706,15,0,0,0.18340499281295544,0,0,2,-0.4201648415124783,0.7396939222357986,0.2524521885183064,0,-0.4279578790689631,0.018493210730061587,0.0,0.0993485342019544,0.6791530944625407
trailing 252,exchange margin,mid,"(b') Kelly by sign of s, mean-variance",half,15,0,0,1,-0.5856755175226387,-0.8182625207331842,-0.45812493503695206,15,0,0,0.525203976990815,0.33807524684058815,0.9626199287621471,1,0,0,-0.15605576939308935,15,0,0,0.24325567732496858,0,0,2,-0.3632024729803699,0.8655103260032024,0.31230287303031956,0,-0.2859800607140637,0.015303266399767788,0.0,0.0993485342019544,0.6856677524429967
trailing 252,exchange margin,mid,(a) Kelly by sign x |s| 3 bins,half,15,0,0,6,-0.9951997108677009,-1.9482585240715298,-0.5453132044526317,10,0,0,0.12804417358290232,-1.024507759708303,0.7852909472733691,2,0,2,-0.3396197161086657,9,0,0,0.03869038929751284,0,0,3,-0.5553782793401885,0.4683505225952897,0.10773758500286382,0,-0.600702236652783,0.020391125787147465,0.0,0.1970684039087948,0.6547231270358306
trailing 252,exchange margin,mid,"(a) Kelly by regression on s, |s|",half,15,0,0,4,-1.409825928621912,-1.9049228799416529,-0.9260554192875806,3,0,0,-0.29207528607440136,-0.5863438268643351,0.2524934550159645,0,0,1,-0.4350958803696757,3,0,0,-0.13670839613527128,0,0,6,-0.72423732216344,0.04823106293798604,-0.0676612004299203,0,-0.5506072229226819,0.012152237249718369,0.0,0.40553745928338764,0.6677524429967426
trailing 252,exchange margin,mid,"(a) Kelly by regression on sign(s), s, |s|",half,15,0,0,7,-0.9765063494983963,-1.5021484259086244,-0.6454415459338447,12,0,0,0.2344980945695891,-0.5783976615453975,0.4604528756482746,0,0,2,-0.31849060235540827,12,0,0,0.07797760982575724,0,0,6,-0.5450319756523966,0.5748044435819765,0.14702480553110822,0,-0.6087144574489685,0.01839878089447609,0.0,0.15798045602605862,0.6465798045602605
trailing 252,exchange margin,mid,"(c) proportional s/mean|s|, sign(s) Kelly stake",half,15,0,0,0,-1.060592416319591,-1.4656797989557038,-0.15332989864183322,13,0,0,0.11795645798395421,-0.4362151019745086,0.7704208657213936,1,0,0,-0.586610697410827,3,0,0,-0.18030966239320484,0,0,1,-0.7854498333386907,0.4582628069963416,-0.11126246668785388,0,-0.858953227435862,0.017732844815958333,0.0,0.0,0.46254071661237783
trailing 252,exchange margin,mid,"(d) always short, Kelly",quarter,15,0,0,1,-1.109750456456921,-1.4519965400412294,-0.855173112966811,15,0,0,0.0685776513964158,0.0685776513964158,0.0685776513964158,0,0,2,-0.27786599579057597,0,0,0,0.0,0,0,8,-0.6310033189204439,0.4088840004088032,0.0426126196226538,0,-0.09470462688149883,0.005182559397606029,0.26547231270358307,0.31758957654723124,0.5553745928338762
trailing 252,exchange margin,mid,"sign(s), Kelly-levered",quarter,15,0,0,1,-0.3595604991972088,-0.5787612913080622,-0.2582237846898079,15,0,0,0.831343831844527,0.5116819614454244,1.1625210791092913,0,0,0,0.0,15,2,0,0.27786599579057597,0,0,7,-0.3326565038745765,1.1716501808569144,0.32047861541322975,0,-0.2359722614000389,0.01569403061980241,0.0,0.0,0.5309446254071661
trailing 252,exchange margin,mid,"(b) Kelly by sign of s, log-optimal",quarter,15,0,0,0,-0.588946313202765,-0.7989111412375085,-0.39423084891565585,15,0,0,0.5528632920118002,0.3231572889049052,1.0265140148834433,0,0,0,-0.111043720241111,15,0,0,0.17678304156731628,0,0,6,-0.46173668710351184,0.8931696410241875,0.2193956611899701,0,-0.25442117396693087,0.01248954667456836,0.0,0.0993485342019544,0.6140065146579805
trailing 252,exchange margin,mid,"(b') Kelly by sign of s, mean-variance",quarter,15,0,0,0,-0.40082958767505017,-0.6115083618620796,-0.30817975136381914,15,0,0,0.6921675501571691,0.5229211766881767,1.0931655367459379,0,0,0,-0.1158377293127785,15,1,0,0.19557026165127717,0,0,6,-0.44148415520798706,1.0324738991695566,0.23818288127393097,0,-0.1738418003619734,0.011439101133083331,0.0,0.0993485342019544,0.6221498371335505
trailing 252,exchange margin,mid,(a) Kelly by sign x |s| 3 bins,quarter,15,0,0,5,-0.9367501971596358,-1.6942277660982465,-0.455047893279104,12,0,0,0.24662732713644603,-0.7360357002110036,0.9126314076099431,0,0,2,-0.1842249954114757,13,0,0,0.09576002627481048,0,0,8,-0.5227343312820183,0.5869336761488334,0.13837264589746429,0,-0.3230309836093709,0.013457618941914513,0.0,0.1970684039087948,0.6074918566775245
trailing 252,exchange margin,mid,"(a) Kelly by regression on s, |s|",quarter,15,0,0,4,-1.2229121068428297,-1.7795803111203599,-0.8462449669829807,3,0,0,-0.16049102306406235,-0.3991519430561464,0.3323039073205644,0,0,3,-0.2728139392070803,3,0,0,-0.0325589427555357,0,0,7,-0.6024430799337557,0.17981532594832503,0.010053676867118107,0,-0.3086331623244236,0.008609550655720211,0.0,0.40553745928338764,0.5716612377850163
trailing 252,exchange margin,mid,"(a) Kelly by regression on sign(s), s, |s|",quarter,15,0,0,5,-0.8198867789865615,-1.1710525792944062,-0.49851350976944764,14,0,0,0.40924370900168366,-0.24730181493117936,0.6295997997836884,0,0,3,-0.16044605293267106,14,0,0,0.15136783147204103,0,0,7,-0.4948780961583408,0.749550058014071,0.19398045109469483,0,-0.28544119078793206,0.012185335053926303,0.0,0.15798045602605862,0.6009771986970684
trailing 252,exchange margin,mid,"(c) proportional s/mean|s|, sign(s) Kelly stake",quarter,15,0,0,0,-1.2732741578571947,-1.6172715720755,-0.0048867427430083765,6,0,0,-0.09669738063785466,-0.5329708639118257,0.9188640216202184,1,0,0,-0.4701455266904129,2,1,0,-0.09511212561090918,0,0,5,-0.8373120097242616,0.24360896837453272,-0.05249950598825538,0,-0.7189701616854247,0.012017908132494464,0.0,0.0,0.34201954397394135
trailing 252,none,mid,always short,unit (growth at 3%),15,0,0,0,-1.1783281078533367,-1.5205741914376452,-0.9237507643632268,0,0,0,0.0,0.0,0.0,0,0,0,-0.6450479389243612,0,0,0,0.0,0,0,0,-0.6450479389243612,0.3403063490123874,0.028567999618736534,0,-0.5191222232887515,1.0,0.0,0.38273615635179153,
trailing 252,none,mid,sign(s),unit (growth at 3%),15,0,0,0,0.0,0.0,0.0,15,0,0,1.1783281078533367,0.9237507643632268,1.5205741914376452,0,0,0,0.0,15,0,0,0.6450479389243612,0,0,0,0.0,1.5186344568657242,0.6736159385430978,0,-0.3334488360990703,1.0,0.0,0.0,
trailing 252,none,mid,"(c) proportional s/rms (unit, §10)",unit (growth at 3%),15,0,0,0,-0.7305384790178533,-1.0140451946134093,-0.2708899719334168,15,0,0,0.42924809370662403,0.28776007832765566,0.8463310222864884,0,0,9,-0.6127899240221296,14,0,0,0.03291097436516345,0,0,9,-0.6127899240221296,0.7695544427190114,0.06147897398389998,0,-0.07658596882529312,0.10353848763766557,0.0,0.0,
trailing 252,none,mid,"(d) always short, Kelly",full,15,0,0,1,-1.2048964943245113,-1.54714257790882,-0.9503191508344014,0,0,0,-0.0265683864711746,-0.0265683864711746,-0.0265683864711746,0,0,0,-1.559026758250873,0,0,0,0.0,0,0,0,-1.5809785730128931,0.3137379625412128,-0.9073626344697953,0,-0.9549217718409106,0.054129681235968036,0.26547231270358307,0.31758957654723124,0.0
trailing 252,none,mid,"sign(s), Kelly-levered",full,15,0,0,2,-0.2833071537090672,-0.4369542695751578,-0.0997488641343438,15,0,0,0.8920034800411372,0.5460804192573656,1.3209959996647553,0,0,0,0.0,15,0,0,1.559026758250873,7,0,0,-0.01841624119052898,1.2323098290535246,0.6516641237810777,0,-0.9094030513198728,0.09054835879359216,0.0,0.0,0.0
trailing 252,none,mid,"(b) Kelly by sign of s, log-optimal",full,15,0,0,1,-0.6710872947969801,-0.8764148757844346,-0.5275794852895002,15,0,0,0.5145058898867318,0.04733588857879223,0.893165378509599,0,0,1,-1.286327752356939,6,0,0,-0.01579636277365226,0,0,0,-1.6082593837089783,0.8548122388991193,-0.9961464565380329,2,-0.9799710583049882,0.08981062333986943,0.0,0.0993485342019544,0.0
trailing 252,none,mid,"(b') Kelly by sign of s, mean-variance",full,15,0,0,1,-0.7212440254959747,-1.0114846232575265,-0.586112361607268,15,0,0,0.40085620457595067,0.03526243973013521,0.8604798255928292,0,0,2,-2.1510280645128823,0,0,0,-0.7931370634463158,0,0,1,-2.2480699390800156,0.741162553588338,-inf,12,-1.0,0.10458868461952095,0.0,0.0993485342019544,0.0
trailing 252,none,mid,(a) Kelly by sign x |s| 3 bins,full,15,0,0,11,-1.61605011886746,-1.9983210098918567,-1.119503001450917,2,0,1,-0.3506153590050101,-1.074004984728348,0.3453532102238181,0,0,0,,0,0,0,,0,0,0,,-0.01030900999262273,-inf,15,-1.0,0.15091717148661724,0.0,0.1970684039087948,0.0
trailing 252,none,mid,"(a) Kelly by regression on s, |s|",full,15,0,0,5,-1.2001487216098514,-1.7948744003355637,-0.8930260239493627,4,0,0,-0.13028906844543958,-0.3741295365364644,0.2855228503541824,0,0,1,-2.0589216693610357,1,0,1,-0.8071117499907908,0,0,3,-2.325275064223194,0.2100172805669478,-inf,9,-1.0,0.0726673354029622,0.0,0.40553745928338764,0.0
trailing 252,none,mid,"(a) Kelly by regression on sign(s), s, |s|",full,15,0,0,5,-0.8534245168424406,-1.4501186934713641,-0.5452054797552006,13,0,0,0.269361214935724,-0.16590271020603706,0.8472474336589781,0,0,2,-2.6939347148395747,0,0,1,-1.457646592308925,0,0,2,-2.9769269829481417,0.6096675639481114,-inf,13,-1.0,0.11304096318610041,0.0,0.15798045602605862,0.0
trailing 252,none,mid,"(c) proportional s/mean|s|, sign(s) Kelly stake",full,15,0,0,0,-1.0531643765990077,-1.4369880870597491,-0.4630080832484298,10,0,0,0.11256819587782102,-0.24445009296366532,0.5530671504147537,0,0,0,-0.1400067127338977,1,0,0,0.8872996785316474,0,0,0,-0.5565639289978325,0.4528745448902084,-inf,14,-1.0,0.08302256213095886,0.0,0.0,0.0
trailing 252,none,mid,"(d) always short, Kelly",half,15,0,0,1,-1.2048964943245113,-1.54714257790882,-0.9503191508344014,0,0,0,-0.0265683864711746,-0.0265683864711746,-0.0265683864711746,0,0,0,-0.7907779305694914,0,0,0,0.0,0,0,0,-0.7373297331411712,0.3137379625412128,-0.06371379459807348,0,-0.6908526586059023,0.027064840617984018,0.26547231270358307,0.31758957654723124,0.0
trailing 252,none,mid,"sign(s), Kelly-levered",half,15,0,0,2,-0.2833071537090672,-0.4369542695751578,-0.0997488641343438,15,0,0,0.8920034800411372,0.5460804192573656,1.3209959996647553,0,0,0,0.0,15,0,0,0.7907779305694914,10,0,0,0.09678038989749249,1.2323098290535246,0.727064135971418,0,-0.6129746990369686,0.04527417939679608,0.0,0.0,0.0
trailing 252,none,mid,"(b) Kelly by sign of s, log-optimal",half,15,0,0,1,-0.6710872947969801,-0.8764148757844346,-0.5275794852895002,15,0,0,0.5145058898867318,0.04733588857879223,0.893165378509599,0,0,0,-0.39685253243022345,15,0,0,0.401365881040405,0,0,0,-0.33662596067864015,0.8548122388991193,0.3376520864423315,0,-0.6231662635880779,0.044905311669934715,0.0,0.0993485342019544,0.0
trailing 252,none,mid,"(b') Kelly by sign of s, mean-variance",half,15,0,0,1,-0.7212440254959747,-1.0114846232575265,-0.586112361607268,15,0,0,0.40085620457595067,0.03526243973013521,0.8604798255928292,0,0,1,-0.5515163844781661,9,0,0,0.1295514419981747,0,0,0,-0.5054822143110161,0.741162553588338,0.06583764740010123,0,-0.8123317854192347,0.052294342309760475,0.0,0.0993485342019544,0.0
trailing 252,none,mid,(a) Kelly by sign x |s| 3 bins,half,15,0,0,11,-1.61605011886746,-1.9983210098918567,-1.119503001450917,2,0,1,-0.3506153590050101,-1.074004984728348,0.3453532102238181,0,0,3,-3.589265666486068,0,0,2,-2.867581251314529,0,0,3,-3.5600439636565784,-0.01030900999262273,-inf,11,-1.0,0.07545858574330862,0.0,0.1970684039087948,0.0
trailing 252,none,mid,"(a) Kelly by regression on s, |s|",half,15,0,0,5,-1.2001487216098514,-1.7948744003355637,-0.8930260239493627,4,0,0,-0.13028906844543958,-0.3741295365364644,0.2855228503541824,0,0,2,-1.011808138441752,3,0,0,-0.21972944519447563,0,0,2,-0.8373350428544118,0.2100172805669478,-0.2834432397925491,0,-0.742069312277087,0.0363336677014811,0.0,0.40553745928338764,0.0
trailing 252,none,mid,"(a) Kelly by regression on sign(s), s, |s|",half,15,0,0,5,-0.8534245168424406,-1.4501186934713641,-0.5452054797552006,13,0,0,0.269361214935724,-0.16590271020603706,0.8472474336589781,0,0,5,-0.7825786690867633,6,0,0,-0.14683418308369503,0,0,3,-0.8398751781769063,0.6096675639481114,-0.2948717494045812,1,-0.8500529851171564,0.056520481593050204,0.0,0.15798045602605862,0.0
trailing 252,none,mid,"(c) proportional s/mean|s|, sign(s) Kelly stake",half,15,0,0,0,-1.0531643765990077,-1.4369880870597491,-0.4630080832484298,10,0,0,0.11256819587782102,-0.24445009296366532,0.5530671504147537,0,0,0,-0.24231574085325105,2,0,0,0.31455211423019713,0,0,0,-0.3610794365372977,0.4528745448902084,-inf,13,-1.0,0.04151128106547943,0.0,0.0,0.0
trailing 252,none,mid,"(d) always short, Kelly",quarter,15,0,0,1,-1.2048964943245113,-1.54714257790882,-0.9503191508344014,0,0,0,-0.0265683864711746,-0.0265683864711746,-0.0265683864711746,0,0,0,-0.41386088398966836,0,0,0,0.0,0,0,3,-0.6286502118009647,0.3137379625412128,0.044965726742133005,0,-0.40142532085221816,0.013532420308992009,0.26547231270358307,0.31758957654723124,0.0
trailing 252,none,mid,"sign(s), Kelly-levered",quarter,15,0,0,2,-0.2833071537090672,-0.4369542695751578,-0.0997488641343438,15,0,0,0.8920034800411372,0.5460804192573656,1.3209959996647553,0,0,0,0.0,15,0,0,0.41386088398966836,0,0,6,-0.22741045866460774,1.2323098290535246,0.45882661073180137,0,-0.34284810987363257,0.02263708969839804,0.0,0.0,0.0
trailing 252,none,mid,"(b) Kelly by sign of s, log-optimal",quarter,15,0,0,1,-0.6710872947969801,-0.8764148757844346,-0.5275794852895002,15,0,0,0.5145058898867318,0.04733588857879223,0.893165378509599,0,0,0,-0.18410286155178718,15,0,0,0.2410147284960516,0,0,4,-0.3720026400519185,0.8548122388991193,0.2859804552381846,0,-0.35015193768043706,0.022452655834967358,0.0,0.0993485342019544,0.0
trailing 252,none,mid,"(b') Kelly by sign of s, mean-variance",quarter,15,0,0,1,-0.7212440254959747,-1.0114846232575265,-0.586112361607268,15,0,0,0.40085620457595067,0.03526243973013521,0.8604798255928292,0,0,0,-0.16935445752537526,15,0,0,0.21680515703858116,0,0,3,-0.39501318065736635,0.741162553588338,0.26177088378071417,0,-0.47232077958999796,0.026147171154880237,0.0,0.0993485342019544,0.0
trailing 252,none,mid,(a) Kelly by sign x |s| 3 bins,quarter,15,0,0,11,-1.61605011886746,-1.9983210098918567,-1.119503001450917,2,0,1,-0.3506153590050101,-1.074004984728348,0.3453532102238181,0,0,8,-1.1981207313354152,0,0,2,-0.8088042864664675,0,0,8,-1.4215551868410263,-0.01030900999262273,-0.8687978248036038,3,-0.9475810194973956,0.03772929287165431,0.0,0.1970684039087948,0.0
trailing 252,none,mid,"(a) Kelly by regression on s, |s|",quarter,15,0,0,5,-1.2001487216098514,-1.7948744003355637,-0.8930260239493627,4,0,0,-0.13028906844543958,-0.3741295365364644,0.2855228503541824,0,0,2,-0.47774577344035846,5,0,0,-0.056040025798912735,0,0,5,-0.6306368969578922,0.2100172805669478,-0.011074299056779726,0,-0.44182413600305304,0.01816683385074055,0.0,0.40553745928338764,0.0
trailing 252,none,mid,"(a) Kelly by regression on sign(s), s, |s|",quarter,15,0,0,5,-0.8534245168424406,-1.4501186934713641,-0.5452054797552006,13,0,0,0.269361214935724,-0.16590271020603706,0.8472474336589781,0,0,1,-0.2386306263285373,10,0,0,0.13695741769641814,0,0,5,-0.45242758086370266,0.6096675639481114,0.18192314443855115,0,-0.5261469758063844,0.028260240796525102,0.0,0.15798045602605862,0.0
trailing 252,none,mid,"(c) proportional s/mean|s|, sign(s) Kelly stake",quarter,15,0,0,0,-1.0531643765990077,-1.4369880870597491,-0.4630080832484298,10,0,0,0.11256819587782102,-0.24445009296366532,0.5530671504147537,0,0,0,-0.4873651853359126,7,0,0,0.021318977911372612,0,0,2,-0.7014732256775531,0.4528745448902084,-0.0643980483764531,3,-0.7687816554302505,0.020755640532739716,0.0,0.0,0.0
expanding,history ruin bound,crossed,always short,unit (growth at 3%),15,0,0,0,-1.1873955859281087,-1.5384677207128168,-0.9300464676193432,0,0,0,0.0,0.0,0.0,0,0,1,-0.6609300882736922,0,0,0,0.0,0,0,1,-0.6609300882736922,-0.033868541609818816,-0.1847265571942478,0,-0.60066551675957,1.0,0.0,0.38273615635179153,
expanding,history ruin bound,crossed,sign(s),unit (growth at 3%),15,0,0,0,0.0,0.0,0.0,15,0,0,1.1873955859281087,0.9300464676193432,1.5384677207128168,0,0,0,0.0,15,1,0,0.6609300882736922,0,0,0,0.0,1.15352704431829,0.4762035310794444,0,-0.38683393908377484,1.0,0.0,0.0,
expanding,history ruin bound,crossed,"(c) proportional s/rms (unit, §10)",unit (growth at 3%),15,0,0,0,-0.5847816190067984,-0.8739379131901839,-0.14591684726284848,15,0,0,0.6026139669213103,0.44610354634096083,0.9891566971592171,0,0,1,-0.42796712538845405,15,0,0,0.22812113999437955,0,0,1,-0.42796712538845405,0.5687454253114915,0.04339458280013176,0,-0.08425182967238576,0.10353848763766557,0.0,0.0,
expanding,history ruin bound,crossed,"(d) always short, Kelly",full,15,0,0,15,-2.2996746105162655,-2.6507467453009737,-2.0423254922074996,0,0,15,-1.1122790245881566,-1.1122790245881566,-1.1122790245881566,0,0,0,-0.34807643586347653,0,0,0,0.0,0,0,4,-0.5110717901022316,-1.1461475661979754,-0.03486825902278714,0,-0.10001739370440854,0.0004047246222867428,0.8420195439739414,0.10097719869706841,0.0
expanding,history ruin bound,crossed,"sign(s), Kelly-levered",full,15,0,0,6,-0.24093963885603153,-0.7037189134024815,-0.16885938817301804,15,0,0,0.874107231310068,0.24915564277091226,1.2651368336948217,0,0,0,0.0,15,0,0,0.34807643586347653,1,0,0,-0.1329125083719902,0.8402386897002492,0.3132081768406894,0,-0.610754427962066,0.03644253579445802,0.016286644951140065,0.0,0.0
expanding,history ruin bound,crossed,"(b) Kelly by sign of s, log-optimal",full,15,0,0,9,-0.5114068593490917,-1.2319787293718885,-0.4274464055506718,13,0,0,0.5944936014555293,-0.27910417319849473,1.0012331613480152,0,0,2,-0.2496820662379653,11,0,0,0.10701872120510669,0,0,3,-0.42592486376019906,0.5606250598457105,0.07215046218231955,0,-0.6457169735417017,0.031596941292043094,0.12052117263843648,0.0,0.0
expanding,history ruin bound,crossed,"(b') Kelly by sign of s, mean-variance",full,15,0,0,8,-0.4689305388627911,-1.1783731174876573,-0.3359729224815837,13,0,0,0.6625837446331375,-0.2254985613142634,1.05199141984743,0,0,0,-0.2116847838466358,13,0,0,0.12999908034736557,0,0,3,-0.394920400941239,0.6287152030233187,0.09513082132457844,0,-0.677050357584928,0.03178087940424262,0.12052117263843648,0.0,0.0016286644951140066
expanding,history ruin bound,crossed,(a) Kelly by sign x |s| 3 bins,full,15,0,0,12,-1.0350802808874777,-1.6465352262957942,-0.2549951147265366,8,0,0,0.15231530504063098,-0.5074697245093589,1.2834726059862802,1,0,8,-0.9155522908499047,1,0,1,-0.5115418882038386,1,0,7,-1.0039440070966146,0.11844676343081217,-0.5464101472266257,0,-0.8978179726558846,0.051755257411778305,0.2247557003257329,0.10912052117263844,0.1742671009771987
expanding,history ruin bound,crossed,"(a) Kelly by regression on s, |s|",full,15,0,0,11,-1.5982744984049417,-2.388176790783642,-1.281029916844954,0,0,0,-0.39979182088649007,-1.1741662912366575,-0.15012220938025955,0,0,0,-0.494347636449603,0,0,1,-0.14886930256685849,0,0,5,-0.6468425003293443,-0.4336603624963089,-0.18373756158964563,0,-0.41484415315985324,0.009356951321444004,0.42833876221498374,0.38599348534201955,0.0
expanding,history ruin bound,crossed,"(a) Kelly by regression on sign(s), s, |s|",full,15,0,0,5,-0.45259746829223524,-1.0826971663414544,-0.2301058317041489,14,0,0,0.7479583615950801,-0.12982261016806057,1.0633445846636802,0,0,0,-0.22164088303022927,12,0,0,0.1770620037948322,0,0,2,-0.3724676523015381,0.7140898199852613,0.14219374477204505,0,-0.7780946110580094,0.052446620529247714,0.06026058631921824,0.011400651465798045,0.17100977198697068
expanding,history ruin bound,crossed,"(c) proportional s/mean|s|, sign(s) Kelly stake",full,15,0,0,0,-0.5365047544339054,-0.9003998286947499,-0.2861945030754387,15,0,0,0.672695850470556,0.21093022976804277,0.909793556699471,1,0,0,-0.22232242861335366,15,0,0,0.15455155613328064,0,0,1,-0.36033675323681635,0.6388273088607372,0.11968329711049351,0,-0.43774449416520933,0.013033185202309512,0.016286644951140065,0.0,0.013029315960912053
expanding,history ruin bound,crossed,(a) Kelly by sign x |s| 2 bins,full,15,0,0,6,-0.595991721770393,-1.576895693456557,-0.26425509862193275,13,0,0,0.6353410985628171,-0.6240211372831633,0.9231404873061759,0,0,1,-0.3667669342333891,8,0,0,0.18507342814156155,0,0,4,-0.47928529857747,0.6014725569529983,0.1502051691187744,0,-0.7908234890458592,0.035539366995169665,0.23941368078175895,0.021172638436482084,0.09283387622149837
expanding,history ruin bound,crossed,(a) Kelly by sign x |s| 5 bins,full,15,1,0,7,-0.9130313032059916,-1.7948567036824905,0.15891640870484314,9,0,0,0.3997246664408087,-0.47481524415134574,1.344328252281202,1,0,4,-1.075736461526477,3,0,0,-0.5315075176115367,1,0,7,-1.0406481131799086,0.36585612483098984,-0.5663757766343238,0,-0.9652968987771349,0.07585797509605208,0.13029315960912052,0.18566775244299674,0.2719869706840391
expanding,history ruin bound,crossed,(a) Kelly by sign x |s/iv| 3 bins,full,15,0,0,3,-0.7941772644626719,-1.2522032408754982,-0.17996367999717855,14,0,0,0.6028003762369764,-0.03819274132851352,1.1387472863177441,3,0,0,-0.31687600582248043,6,0,0,-0.08679147112543156,2,0,1,-0.49654122874454554,0.5689318346271576,-0.19915561026039652,2,-0.8746196553708585,0.05158135140261619,0.21009771986970685,0.1237785016286645,0.15960912052117263
expanding,history ruin bound,crossed,"(d) always short, Kelly",half,15,0,0,15,-2.2996746105162655,-2.6507467453009737,-2.0423254922074996,0,0,15,-1.1122790245881566,-1.1122790245881566,-1.1122790245881566,0,0,0,-0.3000383077042686,0,0,0,0.0,0,0,3,-0.49352316742159635,-1.1461475661979754,-0.017319636342151928,0,-0.05108598572110168,0.0002023623111433714,0.8420195439739414,0.10097719869706841,0.0
expanding,history ruin bound,crossed,"sign(s), Kelly-levered",half,15,0,0,6,-0.24093963885603153,-0.7037189134024815,-0.16885938817301804,15,0,0,0.874107231310068,0.24915564277091226,1.2651368336948217,0,0,0,0.0,15,0,0,0.3000383077042686,0,0,4,-0.23206536458698745,0.8402386897002492,0.28271867136211665,0,-0.3532182905207537,0.01822126789722901,0.016286644951140065,0.0,0.0
expanding,history ruin bound,crossed,"(b) Kelly by sign of s, log-optimal",half,15,0,0,9,-0.5125573709129759,-1.2319787293718885,-0.4327630605198246,13,0,0,0.5944936014555293,-0.27910417319849473,1.0012331613480152,0,0,0,-0.11055443204859594,13,0,0,0.15785095175736877,0,0,8,-0.32730748865817927,0.5606250598457105,0.14053131541521685,0,-0.36504409225946155,0.015798470646021547,0.12052117263843648,0.0,0.0
expanding,history ruin bound,crossed,"(b') Kelly by sign of s, mean-variance",half,15,0,0,8,-0.4768599096770173,-1.1783731174876573,-0.38777725511926575,13,0,0,0.6555691501618277,-0.2254985613142634,1.0013465472490772,0,0,0,-0.10172855355776078,13,0,0,0.17839642199351333,0,0,4,-0.30250193523616953,0.6217006085520089,0.1610767856513614,0,-0.3876568754433207,0.015891778835840708,0.12052117263843648,0.0,0.0
expanding,history ruin bound,crossed,(a) Kelly by sign x |s| 3 bins,half,15,0,0,9,-0.9955827971375161,-1.7353215941640312,-0.2081446360690562,9,1,0,0.16227531819049698,-0.5921596172689892,1.3303230846437606,1,0,6,-0.5245306976165116,1,0,0,-0.22524960492399673,1,0,9,-0.7018731444828714,0.12840677658067817,-0.24256924126614865,0,-0.7269748929164284,0.030178801091262787,0.2247557003257329,0.10912052117263844,0.04560260586319218
expanding,history ruin bound,crossed,"(a) Kelly by regression on s, |s|",half,15,0,0,11,-1.5982744984049417,-2.388176790783642,-1.281029916844954,0,0,0,-0.39979182088649007,-1.1741662912366575,-0.15012220938025955,0,0,0,-0.36980549390413,0,0,1,-0.06297991166580648,0,0,4,-0.5509153410553335,-0.4336603624963089,-0.08029954800795841,0,-0.21307602327733,0.004678475660722002,0.42833876221498374,0.38599348534201955,0.0
expanding,history ruin bound,crossed,"(a) Kelly by regression on sign(s), s, |s|",half,15,0,0,5,-0.5265013171384526,-1.0826971663414544,-0.3554312751271892,14,0,0,0.6608942687896561,-0.12982261016806057,0.9646101844039555,2,0,0,-0.08444430075535408,13,0,0,0.19677849725818203,0,0,4,-0.32092262776121205,0.6270257271798373,0.1794588609160301,0,-0.5454708607984164,0.028043977464652006,0.06026058631921824,0.011400651465798045,0.0
expanding,history ruin bound,crossed,"(c) proportional s/mean|s|, sign(s) Kelly stake",half,15,0,0,0,-0.6482817984803906,-0.9730817135251916,-0.2861945030754387,15,0,0,0.5671920221885913,0.21093022976804277,0.909793556699471,0,0,0,-0.18699476023732028,13,0,0,0.0800650732569563,0,0,2,-0.42142891976462404,0.5333234805787725,0.06274543691480437,0,-0.22831779347474412,0.006774418060321304,0.016286644951140065,0.0,0.0016286644951140066
expanding,history ruin bound,crossed,(a) Kelly by sign x |s| 2 bins,half,15,0,0,6,-0.6895118807551972,-1.576895693456557,-0.3136748095851335,13,0,0,0.6182826353161917,-0.6240211372831633,0.8737207763429752,0,0,0,-0.17817818790585602,10,0,0,0.17444830918477847,0,0,7,-0.4068423431680251,0.5844140937063729,0.15712867284262655,0,-0.4885180876230595,0.01853890459953041,0.23941368078175895,0.021172638436482084,0.0
expanding,history ruin bound,crossed,(a) Kelly by sign x |s| 5 bins,half,15,1,0,4,-0.683571565702081,-1.5589917636787312,0.2849067308734581,10,0,0,0.3976583365752832,-0.34498126413174646,1.4703185744498168,5,0,2,-0.4410045700237301,7,0,0,-0.1951379372439621,1,0,4,-0.6315575975658204,0.3637897949654644,-0.21245757358611403,0,-0.8309145885618197,0.04712289901716825,0.13029315960912052,0.18566775244299674,0.13843648208469056
expanding,history ruin bound,crossed,(a) Kelly by sign x |s/iv| 3 bins,half,15,0,0,4,-0.9184395697040673,-1.3928435675559971,-0.018191413948619894,13,0,0,0.36183701384612954,-0.17883306800901233,1.1672204296277389,4,0,0,-0.2597475502965835,8,0,0,0.01908614585277981,2,0,3,-0.46788567102514445,0.3279684722363107,-0.014214405126797568,1,-0.675982971325255,0.030315709172648583,0.21009771986970685,0.1237785016286645,0.017915309446254073
expanding,history ruin bound,crossed,"(d) always short, Kelly",quarter,15,0,0,15,-2.2996746105162655,-2.6507467453009737,-2.0423254922074996,0,0,15,-1.1122790245881566,-1.1122790245881566,-1.1122790245881566,0,0,0,-0.17858854356797854,0,0,0,0.0,0,0,2,-0.4848349033419963,-1.1461475661979754,-0.008631372262551902,0,-0.025816670377621365,0.0001011811555716857,0.8420195439739414,0.10097719869706841,0.0
expanding,history ruin bound,crossed,"sign(s), Kelly-levered",quarter,15,0,0,6,-0.24093963885603153,-0.7037189134024815,-0.16885938817301804,15,0,0,0.874107231310068,0.24915564277091226,1.2651368336948217,0,0,0,0.0,15,0,0,0.17858854356797854,0,0,2,-0.3361106908556878,0.8402386897002492,0.16995717130542665,0,-0.18934548354369674,0.009110633948614505,0.016286644951140065,0.0,0.0
expanding,history ruin bound,crossed,"(b) Kelly by sign of s, log-optimal",quarter,15,0,0,9,-0.5125573709129759,-1.2319787293718885,-0.4327630605198246,13,0,0,0.5944936014555293,-0.27910417319849473,1.0012331613480152,0,0,0,-0.05133146359300306,13,0,0,0.126624018088095,0,0,6,-0.3856314423122592,0.5606250598457105,0.11799264582554311,0,-0.19221794058205766,0.007899235323010774,0.12052117263843648,0.0,0.0
expanding,history ruin bound,crossed,"(b') Kelly by sign of s, mean-variance",quarter,15,0,0,8,-0.4768599096770173,-1.1783731174876573,-0.38777725511926575,13,0,0,0.6555691501618277,-0.2254985613142634,1.0013465472490772,0,0,0,-0.04649517338901957,13,0,0,0.14027081808939734,0,0,5,-0.3803819973939355,0.6217006085520089,0.13163944582684545,0,-0.20252647270232205,0.007945889417920354,0.12052117263843648,0.0,0.0
expanding,history ruin bound,crossed,(a) Kelly by sign x |s| 3 bins,quarter,15,0,0,9,-1.078263553120787,-1.7353215941640312,-0.21855021766702554,7,1,0,-0.02861302033147381,-0.6157364208876119,1.3199175030457913,1,0,3,-0.21612044978096512,5,0,0,-0.08416209681781328,0,0,10,-0.5270374004851668,-0.062481561941292625,-0.09279346908036519,0,-0.47390302247770144,0.016115069302267065,0.2247557003257329,0.10912052117263844,0.0
expanding,history ruin bound,crossed,"(a) Kelly by regression on s, |s|",quarter,15,0,0,11,-1.5982744984049417,-2.388176790783642,-1.281029916844954,0,0,0,-0.39979182088649007,-1.1741662912366575,-0.15012220938025955,0,0,4,-0.20966322014595823,0,0,1,-0.02820755999790825,0,0,3,-0.5122723316794812,-0.4336603624963089,-0.03683893226046015,0,-0.10793286773934807,0.002339237830361001,0.42833876221498374,0.38599348534201955,0.0
expanding,history ruin bound,crossed,"(a) Kelly by regression on sign(s), s, |s|",quarter,15,0,0,5,-0.5265013171384526,-1.0826971663414544,-0.3554312751271892,14,0,0,0.6608942687896561,-0.12982261016806057,0.9646101844039555,6,0,0,-0.013745133504385776,13,0,0,0.15547038377642924,0,0,10,-0.3349510871346222,0.6270257271798373,0.14683901151387735,0,-0.29646304490810893,0.014021988732326003,0.06026058631921824,0.011400651465798045,0.0
expanding,history ruin bound,crossed,"(c) proportional s/mean|s|, sign(s) Kelly stake",quarter,15,0,0,0,-0.6964550401196756,-0.9828908432960164,-0.2861945030754387,15,0,0,0.5322545638081635,0.21093022976804277,0.909793556699471,0,0,0,-0.1211683589915367,15,0,0,0.04519922984575693,0,0,2,-0.4452196386205609,0.49838602219834466,0.03656785758320503,0,-0.11786265826459763,0.003390673249617121,0.016286644951140065,0.0,0.0
expanding,history ruin bound,crossed,(a) Kelly by sign x |s| 2 bins,quarter,15,0,0,6,-0.6895118807551972,-1.576895693456557,-0.3136748095851335,13,0,0,0.6182826353161917,-0.6240211372831633,0.8737207763429752,0,0,0,-0.07401509061325241,12,0,0,0.12423214594606394,0,0,8,-0.42145566082213914,0.5844140937063729,0.11560077368351204,0,-0.2675042455332427,0.009269452299765205,0.23941368078175895,0.021172638436482084,0.0
expanding,history ruin bound,crossed,(a) Kelly by sign x |s| 5 bins,quarter,15,1,0,5,-0.7919121053715202,-1.7567401687204656,0.2678867006639809,10,0,0,0.47941232552709157,-0.5427296691734809,1.4532985442403397,6,0,2,-0.08919570655144754,9,0,0,0.09686634244427778,1,0,6,-0.44349787157975046,0.44554378391727273,0.08823497018172588,0,-0.6181964113056115,0.02667027025229717,0.13029315960912052,0.18566775244299674,0.016286644951140065
expanding,history ruin bound,crossed,(a) Kelly by sign x |s/iv| 3 bins,quarter,15,0,0,4,-0.9184395697040673,-1.4273079945643796,-0.07187543297436827,12,0,0,0.3285621523287415,-0.21329749501739495,1.1135364106019905,4,0,0,-0.09528323968273482,12,0,0,0.04234283706646082,1,0,3,-0.4334267354759954,0.29469361071892264,0.033711464803908915,0,-0.39340472518418534,0.01598102103725855,0.21009771986970685,0.1237785016286645,0.0
expanding,exchange margin,crossed,always short,unit (growth at 3%),15,0,0,0,-1.1873955859281087,-1.5384677207128168,-0.9300464676193432,0,0,0,0.0,0.0,0.0,0,0,1,-0.6609300882736922,0,0,0,0.0,0,0,1,-0.6609300882736922,-0.033868541609818816,-0.1847265571942478,0,-0.60066551675957,1.0,0.0,0.38273615635179153,
expanding,exchange margin,crossed,sign(s),unit (growth at 3%),15,0,0,0,0.0,0.0,0.0,15,0,0,1.1873955859281087,0.9300464676193432,1.5384677207128168,0,0,0,0.0,15,1,0,0.6609300882736922,0,0,0,0.0,1.15352704431829,0.4762035310794444,0,-0.38683393908377484,1.0,0.0,0.0,
expanding,exchange margin,crossed,"(c) proportional s/rms (unit, §10)",unit (growth at 3%),15,0,0,0,-0.5847816190067984,-0.8739379131901839,-0.14591684726284848,15,0,0,0.6026139669213103,0.44610354634096083,0.9891566971592171,0,0,1,-0.42796712538845405,15,0,0,0.22812113999437955,0,0,1,-0.42796712538845405,0.5687454253114915,0.04339458280013176,0,-0.08425182967238576,0.10353848763766557,0.0,0.0,
expanding,exchange margin,crossed,"(d) always short, Kelly",full,15,0,0,15,-2.211474561880383,-2.562546696665091,-1.9541254435716175,0,0,0,-1.0240789759522744,-1.0240789759522744,-1.0240789759522744,0,0,0,-0.23032377880682794,0,0,0,0.0,0,0,4,-0.5036125167740181,-1.0579475175620932,-0.02740898569457367,0,-0.08137264103843089,0.0003600861910207596,0.8420195439739414,0.10097719869706841,0.019543973941368076
expanding,exchange margin,crossed,"sign(s), Kelly-levered",full,15,0,0,0,-0.5087825661201433,-0.6644536820466493,-0.3700597972157629,15,0,0,0.6854761185713851,0.3179407458403007,1.0551273958308542,0,0,0,0.0,15,0,0,0.23032377880682794,0,0,0,-0.27561041372335104,0.6516075769615663,0.20291479311225427,0,-0.42457112287795995,0.023908034153839096,0.016286644951140065,0.0,0.5537459283387622
expanding,exchange margin,crossed,"(b) Kelly by sign of s, log-optimal",full,15,0,0,7,-0.8124254347541163,-1.3263891594152823,-0.5933782205766349,13,0,0,0.35684910521346974,-0.37351460324188845,0.6852080886147572,0,0,1,-0.17750787243393587,11,0,0,0.05237713608682651,0,0,6,-0.4469393524209905,0.3229805636036509,0.02496815039225284,0,-0.5059386141884342,0.017024030749623498,0.12052117263843648,0.0,0.4153094462540717
expanding,exchange margin,crossed,"(b') Kelly by sign of s, mean-variance",full,15,0,0,6,-0.7272071934445783,-1.2712848080537948,-0.4960101751512287,14,0,0,0.449337323781037,-0.31841025188040106,0.7552821450888251,1,0,0,-0.14323426574464904,14,0,0,0.11270938519385762,0,0,4,-0.4052918085882151,0.4154687821712182,0.08530039949928395,0,-0.413402543526437,0.015493563213343577,0.12052117263843648,0.0,0.4153094462540717
expanding,exchange margin,crossed,(a) Kelly by sign x |s| 3 bins,full,15,0,0,12,-1.4560903147407576,-1.7828422701451285,-0.32302070173918396,3,0,0,-0.15980148019995477,-0.8527958025257855,1.2154470189736328,1,0,10,-0.6352461443318983,1,0,0,-0.41129752436915235,1,0,12,-0.9223825734854614,-0.19367002180977358,-0.438706510063726,0,-0.8052696122742102,0.02795687204455205,0.2247557003257329,0.10912052117263844,0.38599348534201955
expanding,exchange margin,crossed,"(a) Kelly by regression on s, |s|",full,15,0,0,4,-1.486615840446098,-2.236423017577836,-1.3783338002882517,0,0,0,-0.39242610011855517,-1.0224125180308512,-0.2414742021132736,0,0,0,-0.31581454899801176,0,0,0,-0.10287191998936024,0,0,4,-0.6054842519287121,-0.426294641728374,-0.1302809056839339,0,-0.33562351238699706,0.006383807210770247,0.42833876221498374,0.38599348534201955,0.3566775244299674
expanding,exchange margin,crossed,"(a) Kelly by regression on sign(s), s, |s|",full,15,0,0,10,-0.8249684241015834,-1.5605835375797312,-0.5702004609769227,13,0,0,0.394679204588952,-0.6077089814063376,0.6896902756798229,0,0,0,-0.15730417966492982,12,0,0,0.07870577286642208,0,0,9,-0.42500615832088384,0.36081066297913317,0.051296787171848414,0,-0.574933709558394,0.02189203252359177,0.06026058631921824,0.011400651465798045,0.509771986970684
expanding,exchange margin,crossed,"(c) proportional s/mean|s|, sign(s) Kelly stake",full,15,0,0,0,-0.9145643527518558,-1.1338906861923013,-0.24387660065596595,15,0,0,0.4504804381453051,0.0544674965802007,0.9521114591189438,0,0,0,-0.20934627414914145,11,0,0,0.052831315101694615,0,0,3,-0.47684675450094,0.41661189653548625,0.025422329407120945,0,-0.37422364433810384,0.009117358633050014,0.016286644951140065,0.0,0.2719869706840391
expanding,exchange margin,crossed,"(d) always short, Kelly",half,15,0,0,15,-2.3026211353856114,-2.6536932701703195,-2.0452720170768464,0,0,15,-1.115225549457503,-1.115225549457503,-1.115225549457503,0,0,1,-0.22172980213932333,0,0,0,0.0,0,0,3,-0.4934836728490525,-1.1490940910673217,-0.017280141769608043,0,-0.05076101405148192,0.00020110731868558629,0.8420195439739414,0.10097719869706841,0.004885993485342019
expanding,exchange margin,crossed,"sign(s), Kelly-levered",half,15,0,0,0,-0.34512015483308356,-0.5394371862802424,-0.21843749236786558,15,0,0,0.8414549091800445,0.4846979804539301,1.2057162527565062,0,0,0,0.0,15,1,0,0.22172980213932333,0,0,1,-0.2828272435297564,0.8075863675702257,0.2044496603697153,0,-0.2358852536074144,0.014435559833463901,0.016286644951140065,0.0,0.3990228013029316
expanding,exchange margin,crossed,"(b) Kelly by sign of s, log-optimal",half,15,0,0,4,-0.6721113253811741,-1.1298466104288754,-0.47407358126286625,14,0,0,0.4789464286179078,-0.17697205425548146,0.865408038170793,0,0,1,-0.10248799589044652,14,0,0,0.09812928198745675,0,0,4,-0.39686996287035764,0.445077887008089,0.08084914021784871,0,-0.26698944079319875,0.010311661427620189,0.12052117263843648,0.0,0.36482084690553745
expanding,exchange margin,crossed,"(b') Kelly by sign of s, mean-variance",half,15,0,0,2,-0.555015222366172,-1.0500019508120868,-0.3491294313708545,14,0,0,0.5797152518628755,-0.09712739463869288,0.9441840051875732,0,0,0,-0.09410898010657148,14,0,0,0.13004667733627517,0,0,2,-0.37419239028908935,0.5458467102530568,0.11276653556666712,0,-0.2216431769639643,0.009564680497948718,0.12052117263843648,0.0,0.36644951140065146
expanding,exchange margin,crossed,(a) Kelly by sign x |s| 3 bins,half,15,0,0,12,-1.373719416171131,-1.7466554693085135,-0.2682733313279033,4,0,0,-0.13939634062950407,-0.8166090016891704,1.2701943893849135,1,0,10,-0.3452796143876988,3,1,0,-0.11695939412437856,0,0,12,-0.5911673669420143,-0.17326488223932288,-0.1342395358939866,0,-0.5289640336492769,0.01575058447164881,0.2247557003257329,0.10912052117263844,0.3517915309446254
expanding,exchange margin,crossed,"(a) Kelly by regression on s, |s|",half,15,0,0,7,-1.5658563515273811,-2.3067400783596304,-1.4298019368465713,0,0,0,-0.4493709742900974,-1.0927295788126457,-0.3151212230787155,0,0,3,-0.2798299020895153,0,0,0,-0.05144977568639292,0,0,4,-0.5437481709668373,-0.48323951589991626,-0.06872991745600096,0,-0.1872418066538154,0.003986307955204665,0.42833876221498374,0.38599348534201955,0.23127035830618892
expanding,exchange margin,crossed,"(a) Kelly by regression on sign(s), s, |s|",half,15,0,0,7,-0.6353353949625725,-1.2881330025546358,-0.450494486093063,14,0,0,0.516944611395876,-0.3352584463812421,0.9139078806232829,0,0,0,-0.08425088282108181,14,0,0,0.12331351545390222,0,0,5,-0.38886574436830684,0.48307606978605716,0.10603337368429418,0,-0.30405233232406437,0.013614529982688611,0.06026058631921824,0.011400651465798045,0.46416938110749184
expanding,exchange margin,crossed,"(c) proportional s/mean|s|, sign(s) Kelly stake",half,15,0,0,0,-0.8132013276674763,-1.0150252820674261,-0.38974309260870554,15,0,0,0.363719500305316,0.2001590386854969,0.8062449671662042,0,0,0,-0.15446683228695585,13,0,0,0.04635651627590634,0,0,2,-0.44165632177274994,0.3298509586954972,0.029076374506298294,0,-0.22969912387924152,0.005882248389097091,0.016286644951140065,0.0,0.10912052117263844
expanding,exchange margin,crossed,"(d) always short, Kelly",quarter,15,0,0,15,-2.2996746105162655,-2.6507467453009737,-2.0423254922074996,0,0,15,-1.1122790245881566,-1.1122790245881566,-1.1122790245881566,0,0,3,-0.1607888154168865,0,0,0,0.0,0,0,2,-0.4848349033419963,-1.1461475661979754,-0.008631372262551902,0,-0.025816670377621365,0.0001011811555716857,0.8420195439739414,0.10097719869706841,0.0
expanding,exchange margin,crossed,"sign(s), Kelly-levered",quarter,15,0,0,0,-0.21843789530355973,-0.5750584103945273,-0.10081513424969102,15,0,0,0.980038039341241,0.3778161457788665,1.305923594170832,0,0,0,0.0,15,3,0,0.1607888154168865,0,0,2,-0.3265105914157068,0.9461694977314222,0.1521574431543346,0,-0.13159871064041617,0.0083013976939869,0.016286644951140065,0.0,0.21986970684039087
expanding,exchange margin,crossed,"(b) Kelly by sign of s, log-optimal",quarter,15,0,0,2,-0.5087062681639027,-1.0507458120157953,-0.3565391082627405,14,0,0,0.687281791611007,-0.0978712558424015,1.0048978918710547,0,0,1,-0.049909365045189225,14,0,0,0.1049952202165079,0,0,2,-0.38674092690183626,0.6534132500011882,0.09636384795395599,0,-0.15726084146109898,0.006300028407386644,0.12052117263843648,0.0,0.23452768729641693
expanding,exchange margin,crossed,"(b') Kelly by sign of s, mean-variance",quarter,15,0,0,1,-0.4276794212144577,-0.9388328097336051,-0.1872146475138159,15,0,0,0.7704832756496666,0.014041746439788724,1.0715330134724927,0,0,0,-0.046185098110157405,15,0,0,0.11236790145191125,0,0,2,-0.37614781867895714,0.7366147340398478,0.10373652918935936,0,-0.13445212010699226,0.005964514371548971,0.12052117263843648,0.0,0.24592833876221498
expanding,exchange margin,crossed,(a) Kelly by sign x |s| 3 bins,quarter,15,0,0,12,-1.310832569896513,-1.5781475358099595,-0.18724781955090908,6,0,0,-0.07046673022453004,-0.5869133932504529,1.3512199011619077,1,0,8,-0.17577162230158488,4,1,0,-0.028036583457454446,0,0,8,-0.5272601638075054,-0.10433527183434886,-0.03666795572000635,0,-0.2977138097916412,0.009237308817077877,0.2247557003257329,0.10912052117263844,0.2964169381107492
expanding,exchange margin,crossed,"(a) Kelly by regression on s, |s|",quarter,15,0,0,11,-1.603289106568532,-2.388936486905349,-1.4105221404584887,0,0,0,-0.43033249616090713,-1.1749259873583646,-0.27961443299379446,0,0,4,-0.1986984262815355,0,0,1,-0.028843700313223183,0,0,4,-0.5132282304596625,-0.46420103777072597,-0.037475072575775085,0,-0.10960735483301909,0.002200943869389662,0.42833876221498374,0.38599348534201955,0.07166123778501629
expanding,exchange margin,crossed,"(a) Kelly by regression on sign(s), s, |s|",quarter,15,0,0,1,-0.43399078449619055,-1.010939400515929,-0.31559664744650506,14,0,0,0.7595039570743518,-0.058064844342534984,1.082484332700149,0,0,0,-0.04273601225324565,14,0,0,0.1136991863287844,0,0,3,-0.36548849083088514,0.725635415464533,0.1050678140662325,0,-0.16622563916286093,0.008725735905150855,0.06026058631921824,0.011400651465798045,0.3925081433224756
expanding,exchange margin,crossed,"(c) proportional s/mean|s|, sign(s) Kelly stake",quarter,15,0,0,0,-0.6969141017739503,-0.9464365167015278,-0.2861945030754387,15,0,0,0.5604219648759492,0.21093022976804277,0.909793556699471,0,0,0,-0.09849709633930359,15,0,0,0.04679926864816929,0,0,2,-0.44244551575120084,0.5265534232661304,0.038167896385617385,0,-0.1176073481559069,0.0033389345016702453,0.016286644951140065,0.0,0.019543973941368076
expanding,none,crossed,always short,unit (growth at 3%),15,0,0,0,-1.1873955859281087,-1.5384677207128168,-0.9300464676193432,0,0,0,0.0,0.0,0.0,0,0,1,-0.6609300882736922,0,0,0,0.0,0,0,1,-0.6609300882736922,-0.033868541609818816,-0.1847265571942478,0,-0.60066551675957,1.0,0.0,0.38273615635179153,
expanding,none,crossed,sign(s),unit (growth at 3%),15,0,0,0,0.0,0.0,0.0,15,0,0,1.1873955859281087,0.9300464676193432,1.5384677207128168,0,0,0,0.0,15,1,0,0.6609300882736922,0,0,0,0.0,1.15352704431829,0.4762035310794444,0,-0.38683393908377484,1.0,0.0,0.0,
expanding,none,crossed,"(c) proportional s/rms (unit, §10)",unit (growth at 3%),15,0,0,0,-0.5847816190067984,-0.8739379131901839,-0.14591684726284848,15,0,0,0.6026139669213103,0.44610354634096083,0.9891566971592171,0,0,1,-0.42796712538845405,15,0,0,0.22812113999437955,0,0,1,-0.42796712538845405,0.5687454253114915,0.04339458280013176,0,-0.08425182967238576,0.10353848763766557,0.0,0.0,
expanding,none,crossed,"(d) always short, Kelly",full,15,0,0,15,-2.2996746105162655,-2.6507467453009737,-2.0423254922074996,0,0,15,-1.1122790245881566,-1.1122790245881566,-1.1122790245881566,0,0,0,-0.3469939117375993,0,0,0,0.0,0,0,4,-0.5110717901022316,-1.1461475661979754,-0.03486825902278714,0,-0.10001739370440854,0.0004047246222867428,0.8420195439739414,0.10097719869706841,0.0
expanding,none,crossed,"sign(s), Kelly-levered",full,15,0,0,6,-0.24093963885603153,-0.7037189134024815,-0.16885938817301804,15,0,0,0.874107231310068,0.24915564277091226,1.2651368336948217,0,0,0,0.0,15,0,0,0.3469939117375993,1,0,0,-0.13372848522390107,0.8402386897002492,0.3121256527148122,0,-0.610754427962066,0.03644253579445802,0.016286644951140065,0.0,0.0
expanding,none,crossed,"(b) Kelly by sign of s, log-optimal",full,15,0,0,9,-0.5125573709129759,-1.2319787293718885,-0.4327630605198246,13,0,0,0.5944936014555293,-0.27910417319849473,1.0012331613480152,0,0,2,-0.2496820662379653,11,0,0,0.10701872120510669,0,0,3,-0.42592486376019906,0.5606250598457105,0.07215046218231955,0,-0.6457169735417017,0.031596941292043094,0.12052117263843648,0.0,0.0
expanding,none,crossed,"(b') Kelly by sign of s, mean-variance",full,15,0,0,8,-0.4768599096770173,-1.1783731174876573,-0.38777725511926575,13,0,0,0.6555691501618277,-0.2254985613142634,1.0013465472490772,0,0,0,-0.23562457138045562,12,0,0,0.11416054263243525,0,0,3,-0.4017799908808764,0.6217006085520089,0.0792922836096481,0,-0.6773226770860259,0.031783557671681416,0.12052117263843648,0.0,0.0
expanding,none,crossed,(a) Kelly by sign x |s| 3 bins,full,15,0,0,9,-1.078263553120787,-1.7353215941640312,-0.21855021766702554,7,1,0,-0.02861302033147381,-0.6157364208876119,1.3199175030457913,1,0,6,-1.4479852407719398,1,0,1,-0.9494802062093288,0,0,6,-1.4980837015324622,-0.062481561941292625,-1.7264561081588419,4,-0.9949894094068207,0.06446027720906826,0.2247557003257329,0.10912052117263844,0.0
expanding,none,crossed,"(a) Kelly by regression on s, |s|",full,15,0,0,11,-1.5982744984049417,-2.388176790783642,-1.281029916844954,0,0,0,-0.39979182088649007,-1.1741662912366575,-0.15012220938025955,0,0,0,-0.494347636449603,0,0,1,-0.14886930256685849,0,0,5,-0.6468425003293443,-0.4336603624963089,-0.18373756158964563,0,-0.41484415315985324,0.009356951321444004,0.42833876221498374,0.38599348534201955,0.0
expanding,none,crossed,"(a) Kelly by regression on sign(s), s, |s|",full,15,0,0,5,-0.5265013171384526,-1.0826971663414544,-0.3554312751271892,14,0,0,0.6608942687896561,-0.12982261016806057,0.9646101844039555,0,0,0,-0.589400978239539,5,0,0,-0.22062457154448253,0,0,2,-0.6014725268244427,0.6270257271798373,-0.2554928305672697,0,-0.8810689565198727,0.05608795492930401,0.06026058631921824,0.011400651465798045,0.0
expanding,none,crossed,"(c) proportional s/mean|s|, sign(s) Kelly stake",full,15,0,0,0,-0.6964550401196756,-0.9828908432960164,-0.2861945030754387,15,0,0,0.5261374100345972,0.21093022976804277,0.909793556699471,1,0,0,-0.20134355034975154,13,0,0,0.14034031384424986,0,0,1,-0.3845791674443547,0.4922688684247784,0.08070311613881648,2,-0.4258649702030258,0.013562692998468484,0.016286644951140065,0.0,0.0
expanding,none,crossed,"(d) always short, Kelly",half,15,0,0,15,-2.2996746105162655,-2.6507467453009737,-2.0423254922074996,0,0,15,-1.1122790245881566,-1.1122790245881566,-1.1122790245881566,0,0,0,-0.3000383077042686,0,0,0,0.0,0,0,3,-0.49352316742159635,-1.1461475661979754,-0.017319636342151928,0,-0.05108598572110168,0.0002023623111433714,0.8420195439739414,0.10097719869706841,0.0
expanding,none,crossed,"sign(s), Kelly-levered",half,15,0,0,6,-0.24093963885603153,-0.7037189134024815,-0.16885938817301804,15,0,0,0.874107231310068,0.24915564277091226,1.2651368336948217,0,0,0,0.0,15,0,0,0.3000383077042686,0,0,4,-0.23206536458698745,0.8402386897002492,0.28271867136211665,0,-0.3532182905207537,0.01822126789722901,0.016286644951140065,0.0,0.0
expanding,none,crossed,"(b) Kelly by sign of s, log-optimal",half,15,0,0,9,-0.5125573709129759,-1.2319787293718885,-0.4327630605198246,13,0,0,0.5944936014555293,-0.27910417319849473,1.0012331613480152,0,0,0,-0.11055443204859594,13,0,0,0.15785095175736877,0,0,8,-0.32730748865817927,0.5606250598457105,0.14053131541521685,0,-0.36504409225946155,0.015798470646021547,0.12052117263843648,0.0,0.0
expanding,none,crossed,"(b') Kelly by sign of s, mean-variance",half,15,0,0,8,-0.4768599096770173,-1.1783731174876573,-0.38777725511926575,13,0,0,0.6555691501618277,-0.2254985613142634,1.0013465472490772,0,0,0,-0.10172855355776078,13,0,0,0.17839642199351333,0,0,4,-0.30250193523616953,0.6217006085520089,0.1610767856513614,0,-0.3876568754433207,0.015891778835840708,0.12052117263843648,0.0,0.0
expanding,none,crossed,(a) Kelly by sign x |s| 3 bins,half,15,0,0,9,-1.078263553120787,-1.7353215941640312,-0.21855021766702554,7,1,0,-0.02861302033147381,-0.6157364208876119,1.3199175030457913,1,0,6,-0.5266410203871443,1,0,0,-0.2925599867724371,1,0,9,-0.7587132396197248,-0.062481561941292625,-0.30987962311458905,0,-0.7549703315099848,0.03223013860453413,0.2247557003257329,0.10912052117263844,0.0
expanding,none,crossed,"(a) Kelly by regression on s, |s|",half,15,0,0,11,-1.5982744984049417,-2.388176790783642,-1.281029916844954,0,0,0,-0.39979182088649007,-1.1741662912366575,-0.15012220938025955,0,0,0,-0.36980549390413,0,0,1,-0.06297991166580648,0,0,4,-0.5509153410553335,-0.4336603624963089,-0.08029954800795841,0,-0.21307602327733,0.004678475660722002,0.42833876221498374,0.38599348534201955,0.0
expanding,none,crossed,"(a) Kelly by regression on sign(s), s, |s|",half,15,0,0,5,-0.5265013171384526,-1.0826971663414544,-0.3554312751271892,14,0,0,0.6608942687896561,-0.12982261016806057,0.9646101844039555,2,0,0,-0.08444430075535408,13,0,0,0.19677849725818203,0,0,4,-0.32092262776121205,0.6270257271798373,0.1794588609160301,0,-0.5454708607984164,0.028043977464652006,0.06026058631921824,0.011400651465798045,0.0
expanding,none,crossed,"(c) proportional s/mean|s|, sign(s) Kelly stake",half,15,0,0,0,-0.6964550401196756,-0.9828908432960164,-0.2861945030754387,15,0,0,0.5261374100345972,0.21093022976804277,0.909793556699471,0,0,0,-0.18699476023732028,14,0,0,0.07979457070718332,0,0,2,-0.42720645991454903,0.4922688684247784,0.0624749343650314,0,-0.22831779347474412,0.006781346499234242,0.016286644951140065,0.0,0.0
expanding,none,crossed,"(d) always short, Kelly",quarter,15,0,0,15,-2.2996746105162655,-2.6507467453009737,-2.0423254922074996,0,0,15,-1.1122790245881566,-1.1122790245881566,-1.1122790245881566,0,0,0,-0.17858854356797854,0,0,0,0.0,0,0,2,-0.4848349033419963,-1.1461475661979754,-0.008631372262551902,0,-0.025816670377621365,0.0001011811555716857,0.8420195439739414,0.10097719869706841,0.0
expanding,none,crossed,"sign(s), Kelly-levered",quarter,15,0,0,6,-0.24093963885603153,-0.7037189134024815,-0.16885938817301804,15,0,0,0.874107231310068,0.24915564277091226,1.2651368336948217,0,0,0,0.0,15,0,0,0.17858854356797854,0,0,2,-0.3361106908556878,0.8402386897002492,0.16995717130542665,0,-0.18934548354369674,0.009110633948614505,0.016286644951140065,0.0,0.0
expanding,none,crossed,"(b) Kelly by sign of s, log-optimal",quarter,15,0,0,9,-0.5125573709129759,-1.2319787293718885,-0.4327630605198246,13,0,0,0.5944936014555293,-0.27910417319849473,1.0012331613480152,0,0,0,-0.05133146359300306,13,0,0,0.126624018088095,0,0,6,-0.3856314423122592,0.5606250598457105,0.11799264582554311,0,-0.19221794058205766,0.007899235323010774,0.12052117263843648,0.0,0.0
expanding,none,crossed,"(b') Kelly by sign of s, mean-variance",quarter,15,0,0,8,-0.4768599096770173,-1.1783731174876573,-0.38777725511926575,13,0,0,0.6555691501618277,-0.2254985613142634,1.0013465472490772,0,0,0,-0.04649517338901957,13,0,0,0.14027081808939734,0,0,5,-0.3803819973939355,0.6217006085520089,0.13163944582684545,0,-0.20252647270232205,0.007945889417920354,0.12052117263843648,0.0,0.0
expanding,none,crossed,(a) Kelly by sign x |s| 3 bins,quarter,15,0,0,9,-1.078263553120787,-1.7353215941640312,-0.21855021766702554,7,1,0,-0.02861302033147381,-0.6157364208876119,1.3199175030457913,1,0,3,-0.21612044978096512,5,0,0,-0.08416209681781328,0,0,10,-0.5270374004851668,-0.062481561941292625,-0.09279346908036519,0,-0.47390302247770144,0.016115069302267065,0.2247557003257329,0.10912052117263844,0.0
expanding,none,crossed,"(a) Kelly by regression on s, |s|",quarter,15,0,0,11,-1.5982744984049417,-2.388176790783642,-1.281029916844954,0,0,0,-0.39979182088649007,-1.1741662912366575,-0.15012220938025955,0,0,4,-0.20966322014595823,0,0,1,-0.02820755999790825,0,0,3,-0.5122723316794812,-0.4336603624963089,-0.03683893226046015,0,-0.10793286773934807,0.002339237830361001,0.42833876221498374,0.38599348534201955,0.0
expanding,none,crossed,"(a) Kelly by regression on sign(s), s, |s|",quarter,15,0,0,5,-0.5265013171384526,-1.0826971663414544,-0.3554312751271892,14,0,0,0.6608942687896561,-0.12982261016806057,0.9646101844039555,6,0,0,-0.013745133504385776,13,0,0,0.15547038377642924,0,0,10,-0.3349510871346222,0.6270257271798373,0.14683901151387735,0,-0.29646304490810893,0.014021988732326003,0.06026058631921824,0.011400651465798045,0.0
expanding,none,crossed,"(c) proportional s/mean|s|, sign(s) Kelly stake",quarter,15,0,0,0,-0.6964550401196756,-0.9828908432960164,-0.2861945030754387,15,0,0,0.5261374100345972,0.21093022976804277,0.909793556699471,0,0,0,-0.1237683560163746,15,0,0,0.04519922984575693,0,0,2,-0.4452196386205609,0.4922688684247784,0.03656785758320503,0,-0.11786265826459763,0.003390673249617121,0.016286644951140065,0.0,0.0
trailing 504,history ruin bound,crossed,always short,unit (growth at 3%),15,0,0,0,-1.1873955859281087,-1.5384677207128168,-0.9300464676193432,0,0,0,0.0,0.0,0.0,0,0,1,-0.6609300882736922,0,0,0,0.0,0,0,1,-0.6609300882736922,-0.033868541609818816,-0.1847265571942478,0,-0.60066551675957,1.0,0.0,0.38273615635179153,
trailing 504,history ruin bound,crossed,sign(s),unit (growth at 3%),15,0,0,0,0.0,0.0,0.0,15,0,0,1.1873955859281087,0.9300464676193432,1.5384677207128168,0,0,0,0.0,15,1,0,0.6609300882736922,0,0,0,0.0,1.15352704431829,0.4762035310794444,0,-0.38683393908377484,1.0,0.0,0.0,
trailing 504,history ruin bound,crossed,"(c) proportional s/rms (unit, §10)",unit (growth at 3%),15,0,0,0,-0.5847816190067984,-0.8739379131901839,-0.14591684726284848,15,0,0,0.6026139669213103,0.44610354634096083,0.9891566971592171,0,0,1,-0.42796712538845405,15,0,0,0.22812113999437955,0,0,1,-0.42796712538845405,0.5687454253114915,0.04339458280013176,0,-0.08425182967238576,0.10353848763766557,0.0,0.0,
trailing 504,history ruin bound,crossed,"(d) always short, Kelly",full,15,0,0,15,-1.9979717704674025,-2.3490439052521106,-1.740622652158637,0,0,15,-0.8105761845392938,-0.8105761845392938,-0.8105761845392938,0,0,0,-0.7065041418149185,0,0,0,0.0,0,0,15,-0.9019606597516274,-0.8444447261491126,-0.42575712867218296,0,-0.7179169054589072,0.012349793164414351,0.4804560260586319,0.2752442996742671,0.0
trailing 504,history ruin bound,crossed,"sign(s), Kelly-levered",full,15,0,0,3,-0.30723623452276916,-0.5354110101267736,-0.07286486268370629,15,0,0,0.8185178950851737,0.3946354574925696,1.3611313591841334,0,0,0,0.0,15,0,0,0.7065041418149185,3,0,0,-0.20984519494476356,0.7846493534753549,0.28074701314273554,0,-0.7835149954914711,0.048868140491717,0.016286644951140065,0.0,0.019543973941368076
trailing 504,history ruin bound,crossed,"(b) Kelly by sign of s, log-optimal",full,15,0,0,9,-0.5655312555545778,-0.9209851243606464,-0.3202420737537994,15,0,0,0.5162543797162833,0.009061343258696796,1.1106028495574145,0,0,0,-0.36381315281176985,15,0,0,0.324882080889056,0,0,2,-0.5775628436841885,0.48238583810646446,-0.10087504778312693,0,-0.7580966694012741,0.03904197480333358,0.16938110749185667,0.0,0.08469055374592833
trailing 504,history ruin bound,crossed,"(b') Kelly by sign of s, mean-variance",full,15,0,0,7,-0.47535320947283655,-0.8708436621459532,-0.23234039771399329,15,0,0,0.6428861668982837,0.05920280547339001,1.2016558241538464,0,0,0,-0.21828630865741544,15,0,0,0.5008594354245223,0,0,1,-0.4064465833124441,0.6090176252884649,0.07510230675233931,0,-0.7816456833252835,0.03859505787821099,0.16938110749185667,0.0,0.1482084690553746
trailing 504,history ruin bound,crossed,(a) Kelly by sign x |s| 3 bins,full,15,0,0,12,-1.3071885577983922,-2.282662508378879,-0.400111395112958,8,0,0,0.08435430329150878,-1.0671886877098973,0.6811185071644061,0,0,10,-1.1352580964428938,3,0,1,-0.48908608944386867,0,0,9,-1.3327064298456492,0.05048576168168996,-0.9148432181160516,0,-0.9314915669262501,0.055505713267502144,0.18241042345276873,0.14169381107491857,0.24104234527687296
trailing 504,history ruin bound,crossed,"(a) Kelly by regression on s, |s|",full,15,0,0,15,-1.7598969916907103,-2.0976330086751815,-1.5241125248652758,0,0,0,-0.6245998506178576,-0.885832262499963,-0.39018018444522096,0,0,0,-0.5576186688418949,14,0,0,0.07089492226838034,0,0,14,-0.8432586082632607,-0.6584683922276764,-0.3548622064038026,0,-0.6529227546884273,0.011831280447717588,0.4201954397394137,0.3322475570032573,0.0
trailing 504,history ruin bound,crossed,"(a) Kelly by regression on sign(s), s, |s|",full,15,0,0,8,-0.5103822953020163,-0.9814090714344658,-0.34841967438461596,13,0,0,0.5947028900819217,-0.032170811552628194,1.0855765474832237,0,0,2,-0.345416789685842,13,0,0,0.36400224789016405,0,0,2,-0.5469543842231519,0.5608343484721029,-0.061754880782018906,0,-0.7961609676667066,0.05084370671553396,0.08306188925081433,0.011400651465798045,0.21498371335504887
trailing 504,history ruin bound,crossed,"(c) proportional s/mean|s|, sign(s) Kelly stake",full,15,0,0,0,-0.32410401971810776,-0.6882769074778253,-0.01802305915941327,15,0,0,0.8325940269688424,0.6262630438551103,1.1779650006154965,8,0,0,0.011623120902910122,15,7,0,0.678028533812087,0,0,0,-0.24395168930389075,0.7987254853590237,0.25227140513990415,0,-0.43774449416520933,0.020743152244459995,0.016286644951140065,0.0,0.03257328990228013
trailing 504,history ruin bound,crossed,"(d) always short, Kelly",half,15,0,0,15,-1.9979717704674025,-2.3490439052521106,-1.740622652158637,0,0,15,-0.8105761845392938,-0.8105761845392938,-0.8105761845392938,0,0,4,-0.47679042281083306,0,0,0,0.0,0,0,10,-0.6667968213725113,-0.8444447261491126,-0.19059329029306685,0,-0.44105032449267534,0.006174896582207176,0.4804560260586319,0.2752442996742671,0.0
trailing 504,history ruin bound,crossed,"sign(s), Kelly-levered",half,15,0,0,3,-0.313176360159671,-0.5354110101267736,-0.094932908906177,15,0,0,0.8168866387818472,0.3946354574925696,1.3315935123617058,0,0,0,0.0,15,4,0,0.47679042281083306,0,0,0,-0.1589439090919737,0.7830180971720284,0.2861971325177662,0,-0.5000941283587598,0.024617318294541998,0.016286644951140065,0.0,0.0
trailing 504,history ruin bound,crossed,"(b) Kelly by sign of s, log-optimal",half,15,0,0,10,-0.6962551148645391,-1.087280777220185,-0.47161767408489685,15,0,0,0.4192652948541877,0.005542699583674784,0.9623785477829429,0,0,2,-0.22863995296886003,15,0,0,0.24587050234025182,0,0,9,-0.4069086399588748,0.38539675324436884,0.05527721204718497,0,-0.5067062438198969,0.02036104471913784,0.16938110749185667,0.0,0.0
trailing 504,history ruin bound,crossed,"(b') Kelly by sign of s, mean-variance",half,15,0,0,7,-0.6643846146914603,-1.0198640296317607,-0.47300844433041156,14,0,0,0.465820933516573,-0.008385965148875477,0.9092323182568972,0,0,0,-0.2323558809914526,15,0,0,0.242489845305478,0,0,5,-0.3926263653010794,0.43195239190675416,0.05189655501241116,0,-0.5881844417658719,0.022064918416299883,0.16938110749185667,0.0,0.0
trailing 504,history ruin bound,crossed,(a) Kelly by sign x |s| 3 bins,half,15,0,0,12,-1.151529198192919,-2.114645495337498,-0.6976110632248758,8,0,0,0.0358663877351898,-0.899171674668516,0.42153366622334243,0,0,9,-0.7375963600607679,3,0,1,-0.25283828949302545,0,0,11,-0.8517597962036527,0.001997846125370982,-0.4434315797860923,0,-0.7927199557748028,0.03355356312944339,0.18241042345276873,0.14169381107491857,0.06188925081433225
trailing 504,history ruin bound,crossed,"(a) Kelly by regression on s, |s|",half,15,0,0,15,-1.7598969916907103,-2.0841095691500247,-1.5241125248652758,0,0,0,-0.5901879325938962,-0.885832262499963,-0.39018018444522096,0,0,3,-0.45652845265790976,14,0,0,0.038165166554914726,0,0,10,-0.6184558675497195,-0.624056474203715,-0.15242812373815212,0,-0.379056489382697,0.005939182864866243,0.4201954397394137,0.3322475570032573,0.0
trailing 504,history ruin bound,crossed,"(a) Kelly by regression on sign(s), s, |s|",half,15,0,0,11,-0.7720178389605559,-1.0620566017248485,-0.6277063570732513,13,0,0,0.42561388048166693,-0.13201013410550527,0.7872349508270344,0,0,2,-0.34216196732084414,13,0,0,0.15806170187544522,0,0,7,-0.4803585346492456,0.3917453388718481,-0.03253158841762163,0,-0.681538076229002,0.028066757143898006,0.08306188925081433,0.011400651465798045,0.0016286644951140066
trailing 504,history ruin bound,crossed,"(c) proportional s/mean|s|, sign(s) Kelly stake",half,15,0,0,0,-0.366139489484109,-0.7439700203980055,-0.018734036075664595,15,0,0,0.7409199769149766,0.55805232441179,1.0745476399151181,2,0,0,-0.12764798763280732,15,7,0,0.3545903587723629,0,0,0,-0.3159436652882899,0.7070514353051578,0.16399706847929604,0,-0.2678052555258704,0.011184541472755157,0.016286644951140065,0.0,0.008143322475570033
trailing 504,history ruin bound,crossed,"(d) always short, Kelly",quarter,15,0,0,15,-1.9979717704674025,-2.3490439052521106,-1.740622652158637,0,0,15,-0.8105761845392938,-0.8105761845392938,-0.8105761845392938,0,0,4,-0.28500492613450906,0,0,0,0.0,0,0,5,-0.5662060684568317,-0.8444447261491126,-0.09000253737738739,0,-0.24326745791126814,0.003087448291103588,0.4804560260586319,0.2752442996742671,0.0
trailing 504,history ruin bound,crossed,"sign(s), Kelly-levered",quarter,15,0,0,3,-0.313176360159671,-0.5354110101267736,-0.094932908906177,15,0,0,0.8168866387818472,0.3946354574925696,1.3315935123617058,0,0,0,0.0,15,4,0,0.28500492613450906,0,0,4,-0.28161830014337913,0.7830180971720284,0.19500238875712167,0,-0.28059845208473466,0.012308659147270999,0.016286644951140065,0.0,0.0
trailing 504,history ruin bound,crossed,"(b) Kelly by sign of s, log-optimal",quarter,15,0,0,10,-0.6962551148645391,-1.087280777220185,-0.47161767408489685,15,0,0,0.4192652948541877,0.005542699583674784,0.9623785477829429,0,0,2,-0.11011775453431422,15,1,0,0.16018626684438575,0,0,8,-0.392651175179821,0.38539675324436884,0.07018372946699836,0,-0.2609623885231631,0.01018052235956892,0.16938110749185667,0.0,0.0
trailing 504,history ruin bound,crossed,"(b') Kelly by sign of s, mean-variance",quarter,15,0,0,7,-0.6643846146914603,-1.0186104221053478,-0.47300844433041156,14,0,0,0.465820933516573,-0.008385965148875477,0.9092323182568972,0,0,0,-0.10109944714985628,15,0,0,0.1793235145710922,0,0,8,-0.3716245753180438,0.43195239190675416,0.08932097719370481,0,-0.3151813370363926,0.011032459208149941,0.16938110749185667,0.0,0.0
trailing 504,history ruin bound,crossed,(a) Kelly by sign x |s| 3 bins,quarter,15,0,0,13,-1.2095038655866277,-2.1654555248911747,-0.7048520259097982,5,0,0,-0.15886815008093713,-0.9499817042221929,0.40467402340518654,0,0,7,-0.331244683643204,4,0,0,-0.0951677100747684,0,0,14,-0.6155172785793288,-0.19273669169075594,-0.1851702474521558,0,-0.53769243353273,0.01752123179680459,0.18241042345276873,0.14169381107491857,0.0
trailing 504,history ruin bound,crossed,"(a) Kelly by regression on s, |s|",quarter,15,0,0,15,-1.7598969916907103,-2.0841095691500247,-1.5241125248652758,0,0,0,-0.5901879325938962,-0.885832262499963,-0.39018018444522096,0,0,4,-0.26704842907206416,14,0,0,0.018950941503029298,0,0,5,-0.5445128688415309,-0.624056474203715,-0.0710515958743581,0,-0.2065311426697638,0.0029695914324331216,0.4201954397394137,0.3322475570032573,0.0
trailing 504,history ruin bound,crossed,"(a) Kelly by regression on sign(s), s, |s|",quarter,15,0,0,11,-0.7720178389605559,-1.0690367400341536,-0.6277063570732513,13,0,0,0.42561388048166693,-0.13201013410550527,0.7629991396036705,0,0,1,-0.12966487830183548,15,0,0,0.15595254746277162,0,0,14,-0.4046156966290422,0.3917453388718481,0.06595001008538423,0,-0.3895352937538644,0.014033707577094854,0.08306188925081433,0.011400651465798045,0.0
trailing 504,history ruin bound,crossed,"(c) proportional s/mean|s|, sign(s) Kelly stake",quarter,15,1,0,0,-0.3263490368325044,-0.7073635993549994,0.05788581377452473,15,0,0,0.7548808654448598,0.6021624695538844,1.169914690105116,2,0,0,-0.07908609544792145,15,8,0,0.20386621334693822,0,0,0,-0.3519251586781188,0.721012323835041,0.11386367596955084,0,-0.13765600227606933,0.005743615605576138,0.016286644951140065,0.0,0.0
trailing 504,exchange margin,crossed,always short,unit (growth at 3%),15,0,0,0,-1.1873955859281087,-1.5384677207128168,-0.9300464676193432,0,0,0,0.0,0.0,0.0,0,0,1,-0.6609300882736922,0,0,0,0.0,0,0,1,-0.6609300882736922,-0.033868541609818816,-0.1847265571942478,0,-0.60066551675957,1.0,0.0,0.38273615635179153,
trailing 504,exchange margin,crossed,sign(s),unit (growth at 3%),15,0,0,0,0.0,0.0,0.0,15,0,0,1.1873955859281087,0.9300464676193432,1.5384677207128168,0,0,0,0.0,15,1,0,0.6609300882736922,0,0,0,0.0,1.15352704431829,0.4762035310794444,0,-0.38683393908377484,1.0,0.0,0.0,
trailing 504,exchange margin,crossed,"(c) proportional s/rms (unit, §10)",unit (growth at 3%),15,0,0,0,-0.5847816190067984,-0.8739379131901839,-0.14591684726284848,15,0,0,0.6026139669213103,0.44610354634096083,0.9891566971592171,0,0,1,-0.42796712538845405,15,0,0,0.22812113999437955,0,0,1,-0.42796712538845405,0.5687454253114915,0.04339458280013176,0,-0.08425182967238576,0.10353848763766557,0.0,0.0,
trailing 504,exchange margin,crossed,"(d) always short, Kelly",full,15,0,0,2,-1.11745416588169,-1.4685263006663982,-0.8601050475729245,15,0,0,0.06994142004641868,0.06994142004641868,0.06994142004641868,3,0,0,-0.16228434672645628,0,0,0,0.0,0,0,3,-0.47719380999699557,0.03607287843659987,-0.00099027891755115,0,-0.11451625348855421,0.003199246269722339,0.4804560260586319,0.2752442996742671,0.46254071661237783
trailing 504,exchange margin,crossed,"sign(s), Kelly-levered",full,15,0,0,0,-0.5802515494745377,-0.8135396344526219,-0.3149531348110213,15,0,0,0.6243920671593881,0.2727117881562151,1.1190430870568184,0,0,0,0.0,12,0,0,0.16228434672645628,0,0,0,-0.326956076183503,0.5905235255495693,0.16129406780890512,0,-0.58778959191533,0.02928937941524593,0.016286644951140065,0.0,0.5553745928338762
trailing 504,exchange margin,crossed,"(b) Kelly by sign of s, log-optimal",full,15,0,0,12,-1.218299808190787,-1.6764287653983432,-0.7268849277731371,6,0,0,-0.025451576114313375,-0.6870643686360494,0.5725796430440642,0,0,1,-0.30107441195273615,2,0,0,-0.13879006522627987,0,0,11,-0.6131347187200205,-0.05932011772413219,-0.13978034414383103,0,-0.5920598511841781,0.01819639561064686,0.16938110749185667,0.0,0.4169381107491857
trailing 504,exchange margin,crossed,"(b') Kelly by sign of s, mean-variance",full,15,0,0,12,-1.1292698762607418,-1.5547247518934844,-0.6302190350422263,11,0,0,0.055535217246961185,-0.6018501957200906,0.6586263047063677,1,0,0,-0.24033643716857914,4,0,0,-0.04949985606453544,0,0,11,-0.5300324094480631,0.021666675637142373,-0.05049013498208659,0,-0.5000132481503293,0.016352987092076193,0.16938110749185667,0.0,0.4169381107491857
trailing 504,exchange margin,crossed,(a) Kelly by sign x |s| 3 bins,full,15,0,0,11,-1.4579282397511766,-2.5683636196159916,-0.5213588438823509,5,0,0,-0.2279688727075864,-1.3528897989470097,0.7597888809356039,2,0,7,-0.6704371647271987,2,0,3,-0.49984571735904665,0,0,11,-0.9147761989268544,-0.2618374143174052,-0.5008359962765978,0,-0.8338253241557713,0.02631556439559785,0.18241042345276873,0.14169381107491857,0.4201954397394137
trailing 504,exchange margin,crossed,"(a) Kelly by regression on s, |s|",full,15,0,0,4,-1.4891690396337403,-2.0966180267418766,-1.2470242943088938,0,0,0,-0.35999021431818445,-0.8826075271948918,-0.13220713788223387,0,0,0,-0.26853134717268834,0,0,1,-0.1253300123377169,0,0,4,-0.5856267065495682,-0.3938587559280033,-0.12632029125526806,0,-0.3491550860353859,0.006608899332612101,0.4201954397394137,0.3322475570032573,0.3713355048859935
trailing 504,exchange margin,crossed,"(a) Kelly by regression on sign(s), s, |s|",full,15,0,0,12,-1.1315731084576104,-1.5879478154206135,-0.7172741171386604,11,0,0,0.08243739108937423,-0.6350732592472197,0.7167221047291793,0,0,0,-0.32252203102778954,3,0,0,-0.10771936151566097,0,0,11,-0.5749086462931811,0.04856884947955542,-0.10870964043321212,0,-0.6262892987923159,0.020578336229024486,0.08306188925081433,0.011400651465798045,0.5146579804560261
trailing 504,exchange margin,crossed,"(c) proportional s/mean|s|, sign(s) Kelly stake",full,15,2,0,0,-0.5432524477413463,-0.9033433366829903,0.10546446465903347,15,0,0,0.6835011846674725,0.09521333043173097,1.3014525244339432,6,0,0,-0.05535419210801279,12,1,0,0.14940878501773677,0,0,0,-0.38895865160969423,0.6496326430576537,0.14841850610018562,0,-0.37422364433810384,0.0124971412411529,0.016286644951140065,0.0,0.3713355048859935
trailing 504,exchange margin,crossed,"(d) always short, Kelly",half,15,0,0,4,-1.249721992177576,-1.600794126962284,-0.9923728738688105,0,0,0,-0.06232640624946726,-0.06232640624946726,-0.06232640624946726,0,0,0,-0.20847227076321173,0,0,0,0.0,0,0,3,-0.4872923200198463,-0.09619494785928608,-0.011088788940401894,0,-0.11451625348855343,0.0028933878876302075,0.4804560260586319,0.2752442996742671,0.3941368078175896
trailing 504,exchange margin,crossed,"sign(s), Kelly-levered",half,15,0,0,0,-0.43686345592587716,-0.7078983623209708,-0.18558277365995202,15,0,0,0.7592811254182303,0.41090510647265377,1.2484134482078877,0,0,0,0.0,15,0,0,0.20847227076321173,0,0,0,-0.27583808739591115,0.7254125838084116,0.19738348182280985,0,-0.32618546236055623,0.017193544420176406,0.016286644951140065,0.0,0.42833876221498374
trailing 504,exchange margin,crossed,"(b) Kelly by sign of s, log-optimal",half,15,0,0,10,-1.0261917798555684,-1.493155824731545,-0.6047652777662537,13,0,0,0.15296694082599974,-0.4150261358889444,0.7824669821493652,0,0,3,-0.19144637730488184,10,0,0,0.015090082018538852,0,0,9,-0.45526834659868043,0.11909839921618093,0.004001293078136959,0,-0.31100048852161843,0.010818458529240807,0.16938110749185667,0.0,0.3762214983713355
trailing 504,exchange margin,crossed,"(b') Kelly by sign of s, mean-variance",half,15,0,0,9,-0.8666726146807241,-1.3274531585919662,-0.4738295950293262,14,0,0,0.2684351420659413,-0.28339979008313343,0.878570028125991,0,0,1,-0.16560614010732272,13,0,0,0.03931955914828991,0,0,9,-0.44611129356255413,0.2345666004561225,0.028230770207888018,0,-0.23314818490276112,0.009528109440191387,0.16938110749185667,0.0,0.3794788273615635
trailing 504,exchange margin,crossed,(a) Kelly by sign x |s| 3 bins,half,15,0,0,11,-1.4257462812809556,-2.538578715192921,-0.48214385815949556,5,0,0,-0.1957099751739461,-1.3231048945239394,0.7817310013711026,2,0,8,-0.3466788851094253,3,0,1,-0.17663206679932417,0,0,11,-0.6118019023048848,-0.2295785167837649,-0.18772085573972605,0,-0.5720348805179849,0.015383545235163172,0.18241042345276873,0.14169381107491857,0.3957654723127036
trailing 504,exchange margin,crossed,"(a) Kelly by regression on s, |s|",half,15,0,0,6,-1.4665431992404245,-1.9964075717246896,-1.1773568875239935,0,0,0,-0.3853132969630604,-0.7793625164579123,-0.11239406059654508,0,0,2,-0.2600472496137515,0,0,1,-0.058511808871251264,0,0,4,-0.5290437407311479,-0.4191818385728792,-0.06960059781165316,0,-0.220762552648901,0.004347742912061244,0.4201954397394137,0.3322475570032573,0.28338762214983715
trailing 504,exchange margin,crossed,"(a) Kelly by regression on sign(s), s, |s|",half,15,0,0,12,-0.8841708709087053,-1.3899208364932107,-0.5016019756706873,13,0,0,0.24407794411766112,-0.4370462803198169,0.9323942461971524,0,0,1,-0.1915023242684863,11,0,0,0.029824335724825558,0,0,11,-0.448752164336698,0.2102094025078423,0.018735546784423664,0,-0.32039878239083774,0.012849076890242929,0.08306188925081433,0.011400651465798045,0.47068403908794787
trailing 504,exchange margin,crossed,"(c) proportional s/mean|s|, sign(s) Kelly stake",half,15,1,0,0,-0.5101350373854182,-0.8208473574813835,0.1265754323734425,15,0,0,0.8018487979169212,0.3032965388651841,1.3225634921483522,1,0,0,-0.08601384978147056,13,1,0,0.13391494384171584,0,0,0,-0.3535221645899693,0.7679802563071024,0.12282615490131395,0,-0.22969912387924152,0.007971720924604164,0.016286644951140065,0.0,0.22312703583061888
trailing 504,exchange margin,crossed,"(d) always short, Kelly",quarter,15,0,0,14,-1.7460227945851563,-2.0970949293698644,-1.4886736762763908,0,0,0,-0.5586272086570477,-0.5586272086570477,-0.5586272086570477,0,0,3,-0.20491694991526077,0,0,0,0.0,0,0,4,-0.5209034923002753,-0.5924957502668665,-0.04469996122083088,0,-0.14608195571057936,0.002323939916223961,0.4804560260586319,0.2752442996742671,0.24267100977198697
trailing 504,exchange margin,crossed,"sign(s), Kelly-levered",quarter,15,0,0,0,-0.28470437178639585,-0.562171899423878,-0.08309795477669457,15,0,0,0.9227862757103196,0.5380235415189004,1.3508982670911451,0,0,0,0.0,15,3,0,0.20491694991526077,0,0,1,-0.2878011767137687,0.8889177341005008,0.1602169886944299,0,-0.18202761116805266,0.009914591149343165,0.016286644951140065,0.0,0.2752442996742671
trailing 504,exchange margin,crossed,"(b) Kelly by sign of s, log-optimal",quarter,15,0,0,9,-0.7691890951596061,-1.2231687732907857,-0.4657915409197262,14,0,0,0.4174300591604418,-0.04758224721652148,0.9156081976937736,0,0,4,-0.10950205032463803,15,0,0,0.08422647074405953,0,0,4,-0.4375581670701634,0.38356151755062295,0.03952650952322866,0,-0.1588027802144678,0.006557199003266301,0.16938110749185667,0.0,0.2980456026058632
trailing 504,exchange margin,crossed,"(b') Kelly by sign of s, mean-variance",quarter,15,0,0,5,-0.6435146740296429,-1.068129993666263,-0.30086057302308833,15,0,0,0.49630315511844647,0.09508942690030742,0.9918405943044941,0,0,2,-0.09972757227731055,15,2,0,0.10218891456313986,0,0,2,-0.4158203645316051,0.46243461350862763,0.057488953342308975,0,-0.13268757095293404,0.006129744528550914,0.16938110749185667,0.0,0.30944625407166126
trailing 504,exchange margin,crossed,(a) Kelly by sign x |s| 3 bins,quarter,15,0,0,11,-1.3614160900665007,-2.3423435750860713,-0.4391360382352665,5,0,0,-0.180587576477166,-1.1268697544170894,0.836737042496738,2,0,9,-0.2109042918880838,5,0,0,-0.0287288325584744,0,0,8,-0.5064199401486501,-0.2144561180869848,-0.07342879377930528,0,-0.327135335373712,0.009511786259018207,0.18241042345276873,0.14169381107491857,0.3566775244299674
trailing 504,exchange margin,crossed,"(a) Kelly by regression on s, |s|",quarter,15,0,0,10,-1.568440033016664,-1.990399154512789,-1.2141749488957738,0,0,0,-0.4375323255519695,-0.7847053219321724,-0.10827448809115273,0,0,3,-0.19245520477161557,8,0,0,6.182046039918815e-05,0,0,4,-0.5079228569765035,-0.47140086716178836,-0.04463814076043169,0,-0.14075733821048053,0.0027903948382001164,0.4201954397394137,0.3322475570032573,0.12214983713355049
trailing 504,exchange margin,crossed,"(a) Kelly by regression on sign(s), s, |s|",quarter,15,0,0,10,-0.6506653268352559,-1.0618980329893553,-0.4033673736928025,14,0,0,0.4961297902975245,-0.10902347681596136,1.0306288481750372,0,0,1,-0.10069716784201306,15,1,0,0.10940623461904724,0,0,5,-0.4102779998321229,0.4622612486877057,0.06470627339821636,0,-0.17407901373797785,0.00819273998247811,0.08306188925081433,0.011400651465798045,0.40553745928338764
trailing 504,exchange margin,crossed,"(c) proportional s/mean|s|, sign(s) Kelly stake",quarter,15,0,0,0,-0.4757679450411425,-0.6847958191450405,-0.03516749812840114,15,0,0,0.7461627779307989,0.5025997667830682,1.1608205616465086,0,0,0,-0.07025677810661274,15,5,0,0.13172443551691088,0,0,1,-0.3865671647660176,0.7122942363209801,0.08702447429608,0,-0.1176073481559069,0.004747798305008004,0.016286644951140065,0.0,0.08306188925081433
trailing 504,none,crossed,always short,unit (growth at 3%),15,0,0,0,-1.1873955859281087,-1.5384677207128168,-0.9300464676193432,0,0,0,0.0,0.0,0.0,0,0,1,-0.6609300882736922,0,0,0,0.0,0,0,1,-0.6609300882736922,-0.033868541609818816,-0.1847265571942478,0,-0.60066551675957,1.0,0.0,0.38273615635179153,
trailing 504,none,crossed,sign(s),unit (growth at 3%),15,0,0,0,0.0,0.0,0.0,15,0,0,1.1873955859281087,0.9300464676193432,1.5384677207128168,0,0,0,0.0,15,1,0,0.6609300882736922,0,0,0,0.0,1.15352704431829,0.4762035310794444,0,-0.38683393908377484,1.0,0.0,0.0,
trailing 504,none,crossed,"(c) proportional s/rms (unit, §10)",unit (growth at 3%),15,0,0,0,-0.5847816190067984,-0.8739379131901839,-0.14591684726284848,15,0,0,0.6026139669213103,0.44610354634096083,0.9891566971592171,0,0,1,-0.42796712538845405,15,0,0,0.22812113999437955,0,0,1,-0.42796712538845405,0.5687454253114915,0.04339458280013176,0,-0.08425182967238576,0.10353848763766557,0.0,0.0,
trailing 504,none,crossed,"(d) always short, Kelly",full,15,0,0,15,-1.9979717704674025,-2.3490439052521106,-1.740622652158637,0,0,15,-0.8105761845392938,-0.8105761845392938,-0.8105761845392938,0,0,0,-0.6700194165648145,0,0,0,0.0,0,0,15,-0.9019606597516274,-0.8444447261491126,-0.42575712867218296,0,-0.7179169054589072,0.012349793164414351,0.4804560260586319,0.2752442996742671,0.0
trailing 504,none,crossed,"sign(s), Kelly-levered",full,15,0,0,3,-0.313176360159671,-0.5354110101267736,-0.094932908906177,15,0,0,0.8168866387818472,0.3946354574925696,1.3315935123617058,0,0,0,0.0,15,0,0,0.6700194165648145,3,0,0,-0.24578893437318597,0.7830180971720284,0.24426228789263146,0,-0.7890427170450582,0.049234636589083995,0.016286644951140065,0.0,0.0
trailing 504,none,crossed,"(b) Kelly by sign of s, log-optimal",full,15,0,0,10,-0.6962551148645391,-1.087280777220185,-0.47161767408489685,15,0,0,0.4192652948541877,0.005542699583674784,0.9623785477829429,0,0,4,-0.5824312511504687,10,0,0,0.08636588505718379,0,0,2,-0.7816505386512238,0.38539675324436884,-0.33939124361499917,0,-0.8660219538263239,0.04072208943827568,0.16938110749185667,0.0,0.0
trailing 504,none,crossed,"(b') Kelly by sign of s, mean-variance",full,15,0,0,7,-0.6643846146914603,-1.0186104221053478,-0.47300844433041156,14,0,0,0.465820933516573,-0.008385965148875477,0.9092323182568972,0,0,1,-0.7167559732367357,3,0,0,-0.1272363001297332,0,0,1,-0.9900693672332923,0.43195239190675416,-0.5529934288019162,0,-0.9658907395516744,0.044129836832599766,0.16938110749185667,0.0,0.0
trailing 504,none,crossed,(a) Kelly by sign x |s| 3 bins,full,15,0,0,13,-1.2095038655866277,-2.1654555248911747,-0.7048520259097982,5,0,0,-0.16118972219927385,-0.9499817042221929,0.40467402340518654,0,0,3,-1.914468681654752,0,0,0,-1.3580003189611234,0,0,5,-2.2028574716130125,-0.19505826380909266,-inf,10,-1.0,0.07008492718721836,0.18241042345276873,0.14169381107491857,0.0
trailing 504,none,crossed,"(a) Kelly by regression on s, |s|",full,15,0,0,15,-1.7598969916907103,-2.0841095691500247,-1.5241125248652758,0,0,0,-0.5901879325938962,-0.885832262499963,-0.39018018444522096,0,0,0,-0.5565361447160178,14,0,0,0.07762553295325791,0,0,14,-0.8432586082632607,-0.624056474203715,-0.34813159571892505,0,-0.6529227546884273,0.011878365729732486,0.4201954397394137,0.3322475570032573,0.0
trailing 504,none,crossed,"(a) Kelly by regression on sign(s), s, |s|",full,15,0,0,11,-0.7720178389605559,-1.0690367400341536,-0.6277063570732513,13,0,0,0.42561388048166693,-0.13201013410550527,0.7629991396036705,0,0,6,-1.3004838742046592,1,0,0,-0.7305408678743376,0,0,2,-1.5892891429158653,0.3917453388718481,-inf,8,-1.0,0.056134830308379416,0.08306188925081433,0.011400651465798045,0.0
trailing 504,none,crossed,"(c) proportional s/mean|s|, sign(s) Kelly stake",full,15,1,0,0,-0.302524862681667,-0.703263732891724,0.05788581377452473,15,0,0,0.7787332747651967,0.6021624695538844,1.169914690105116,8,0,0,0.03449792689519171,13,5,0,0.7384001980507141,0,0,0,-0.17740815288728629,0.7448647331553779,0.22493029175944593,2,-0.5335482474141953,0.022974462422304553,0.016286644951140065,0.0,0.0
trailing 504,none,crossed,"(d) always short, Kelly",half,15,0,0,15,-1.9979717704674025,-2.3490439052521106,-1.740622652158637,0,0,15,-0.8105761845392938,-0.8105761845392938,-0.8105761845392938,0,0,4,-0.47679042281083306,0,0,0,0.0,0,0,10,-0.6667968213725113,-0.8444447261491126,-0.19059329029306685,0,-0.44105032449267534,0.006174896582207176,0.4804560260586319,0.2752442996742671,0.0
trailing 504,none,crossed,"sign(s), Kelly-levered",half,15,0,0,3,-0.313176360159671,-0.5354110101267736,-0.094932908906177,15,0,0,0.8168866387818472,0.3946354574925696,1.3315935123617058,0,0,0,0.0,15,4,0,0.47679042281083306,0,0,0,-0.1589439090919737,0.7830180971720284,0.2861971325177662,0,-0.5000941283587598,0.024617318294541998,0.016286644951140065,0.0,0.0
trailing 504,none,crossed,"(b) Kelly by sign of s, log-optimal",half,15,0,0,10,-0.6962551148645391,-1.087280777220185,-0.47161767408489685,15,0,0,0.4192652948541877,0.005542699583674784,0.9623785477829429,0,0,2,-0.22863995296886003,15,0,0,0.24587050234025182,0,0,9,-0.4069086399588748,0.38539675324436884,0.05527721204718497,0,-0.5067062438198969,0.02036104471913784,0.16938110749185667,0.0,0.0
trailing 504,none,crossed,"(b') Kelly by sign of s, mean-variance",half,15,0,0,7,-0.6643846146914603,-1.0186104221053478,-0.47300844433041156,14,0,0,0.465820933516573,-0.008385965148875477,0.9092323182568972,0,0,0,-0.2323558809914526,15,0,0,0.242489845305478,0,0,5,-0.3926263653010794,0.43195239190675416,0.05189655501241116,0,-0.5881844417658719,0.022064918416299883,0.16938110749185667,0.0,0.0
trailing 504,none,crossed,(a) Kelly by sign x |s| 3 bins,half,15,0,0,13,-1.2095038655866277,-2.1654555248911747,-0.7048520259097982,5,0,0,-0.16118972219927385,-0.9499817042221929,0.40467402340518654,0,0,10,-0.9765557679871104,1,0,1,-0.42392238275748395,0,0,12,-1.0907192041299951,-0.19505826380909266,-0.6145156730505508,0,-0.8850330986663943,0.03504246359360918,0.18241042345276873,0.14169381107491857,0.0
trailing 504,none,crossed,"(a) Kelly by regression on s, |s|",half,15,0,0,15,-1.7598969916907103,-2.0841095691500247,-1.5241125248652758,0,0,0,-0.5901879325938962,-0.885832262499963,-0.39018018444522096,0,0,3,-0.45652845265790976,14,0,0,0.038165166554914726,0,0,10,-0.6184558675497195,-0.624056474203715,-0.15242812373815212,0,-0.379056489382697,0.005939182864866243,0.4201954397394137,0.3322475570032573,0.0
trailing 504,none,crossed,"(a) Kelly by regression on sign(s), s, |s|",half,15,0,0,11,-0.7720178389605559,-1.0690367400341536,-0.6277063570732513,13,0,0,0.42561388048166693,-0.13201013410550527,0.7629991396036705,0,0,2,-0.3444282768050107,13,0,0,0.1576566764423434,0,0,7,-0.5046987611146375,0.3917453388718481,-0.03293661385072344,0,-0.6978218625518411,0.028067415154189708,0.08306188925081433,0.011400651465798045,0.0
trailing 504,none,crossed,"(c) proportional s/mean|s|, sign(s) Kelly stake",half,15,1,0,0,-0.302524862681667,-0.703263732891724,0.05788581377452473,15,0,0,0.7787332747651967,0.6021624695538844,1.169914690105116,2,0,0,-0.10952128691693025,15,7,0,0.3731002780712725,0,0,0,-0.30647033177148414,0.7448647331553779,0.18250698777820565,0,-0.2678052555258703,0.011487231211152277,0.016286644951140065,0.0,0.0
trailing 504,none,crossed,"(d) always short, Kelly",quarter,15,0,0,15,-1.9979717704674025,-2.3490439052521106,-1.740622652158637,0,0,15,-0.8105761845392938,-0.8105761845392938,-0.8105761845392938,0,0,4,-0.28500492613450906,0,0,0,0.0,0,0,5,-0.5662060684568317,-0.8444447261491126,-0.09000253737738739,0,-0.24326745791126814,0.003087448291103588,0.4804560260586319,0.2752442996742671,0.0
trailing 504,none,crossed,"sign(s), Kelly-levered",quarter,15,0,0,3,-0.313176360159671,-0.5354110101267736,-0.094932908906177,15,0,0,0.8168866387818472,0.3946354574925696,1.3315935123617058,0,0,0,0.0,15,4,0,0.28500492613450906,0,0,4,-0.28161830014337913,0.7830180971720284,0.19500238875712167,0,-0.28059845208473466,0.012308659147270999,0.016286644951140065,0.0,0.0
trailing 504,none,crossed,"(b) Kelly by sign of s, log-optimal",quarter,15,0,0,10,-0.6962551148645391,-1.087280777220185,-0.47161767408489685,15,0,0,0.4192652948541877,0.005542699583674784,0.9623785477829429,0,0,2,-0.11011775453431422,15,1,0,0.16018626684438575,0,0,8,-0.392651175179821,0.38539675324436884,0.07018372946699836,0,-0.2609623885231631,0.01018052235956892,0.16938110749185667,0.0,0.0
trailing 504,none,crossed,"(b') Kelly by sign of s, mean-variance",quarter,15,0,0,7,-0.6643846146914603,-1.0186104221053478,-0.47300844433041156,14,0,0,0.465820933516573,-0.008385965148875477,0.9092323182568972,0,0,0,-0.10109944714985628,15,0,0,0.1793235145710922,0,0,8,-0.3716245753180438,0.43195239190675416,0.08932097719370481,0,-0.3151813370363926,0.011032459208149941,0.16938110749185667,0.0,0.0
trailing 504,none,crossed,(a) Kelly by sign x |s| 3 bins,quarter,15,0,0,13,-1.2095038655866277,-2.1654555248911747,-0.7048520259097982,5,0,0,-0.16118972219927385,-0.9499817042221929,0.40467402340518654,0,0,7,-0.331244683643204,4,0,0,-0.0951677100747684,0,0,14,-0.6155172785793288,-0.19505826380909266,-0.1851702474521558,0,-0.53769243353273,0.01752123179680459,0.18241042345276873,0.14169381107491857,0.0
trailing 504,none,crossed,"(a) Kelly by regression on s, |s|",quarter,15,0,0,15,-1.7598969916907103,-2.0841095691500247,-1.5241125248652758,0,0,0,-0.5901879325938962,-0.885832262499963,-0.39018018444522096,0,0,4,-0.26704842907206416,14,0,0,0.018950941503029298,0,0,5,-0.5445128688415309,-0.624056474203715,-0.0710515958743581,0,-0.2065311426697638,0.0029695914324331216,0.4201954397394137,0.3322475570032573,0.0
trailing 504,none,crossed,"(a) Kelly by regression on sign(s), s, |s|",quarter,15,0,0,11,-0.7720178389605559,-1.0690367400341536,-0.6277063570732513,13,0,0,0.42561388048166693,-0.13201013410550527,0.7629991396036705,0,0,1,-0.12966487830183548,15,0,0,0.15595254746277162,0,0,14,-0.4046156966290422,0.3917453388718481,0.06595001008538423,0,-0.3895352937538644,0.014033707577094854,0.08306188925081433,0.011400651465798045,0.0
trailing 504,none,crossed,"(c) proportional s/mean|s|, sign(s) Kelly stake",quarter,15,1,0,0,-0.302524862681667,-0.703263732891724,0.05788581377452473,15,0,0,0.7787332747651967,0.6021624695538844,1.169914690105116,2,0,0,-0.0735489216450524,15,8,0,0.20386621334693822,0,0,0,-0.3519251586781188,0.7448647331553779,0.11386367596955084,0,-0.13765600227606933,0.005743615605576138,0.016286644951140065,0.0,0.0
trailing 252,history ruin bound,crossed,always short,unit (growth at 3%),15,0,0,0,-1.1873955859281087,-1.5384677207128168,-0.9300464676193432,0,0,0,0.0,0.0,0.0,0,0,1,-0.6609300882736922,0,0,0,0.0,0,0,1,-0.6609300882736922,-0.033868541609818816,-0.1847265571942478,0,-0.60066551675957,1.0,0.0,0.38273615635179153,
trailing 252,history ruin bound,crossed,sign(s),unit (growth at 3%),15,0,0,0,0.0,0.0,0.0,15,0,0,1.1873955859281087,0.9300464676193432,1.5384677207128168,0,0,0,0.0,15,1,0,0.6609300882736922,0,0,0,0.0,1.15352704431829,0.4762035310794444,0,-0.38683393908377484,1.0,0.0,0.0,
trailing 252,history ruin bound,crossed,"(c) proportional s/rms (unit, §10)",unit (growth at 3%),15,0,0,0,-0.5847816190067984,-0.8739379131901839,-0.14591684726284848,15,0,0,0.6026139669213103,0.44610354634096083,0.9891566971592171,0,0,1,-0.42796712538845405,15,0,0,0.22812113999437955,0,0,1,-0.42796712538845405,0.5687454253114915,0.04339458280013176,0,-0.08425182967238576,0.10353848763766557,0.0,0.0,
trailing 252,history ruin bound,crossed,"(d) always short, Kelly",full,15,0,0,0,-1.0268548283112522,-1.3779269630959603,-0.7695057100024867,15,0,0,0.1605407576168565,0.1605407576168565,0.1605407576168565,0,0,0,-0.5267942888386542,0,0,0,0.0,0,0,0,-0.8011761612975129,0.12667221600703768,-0.3249726302180685,0,-0.8361651883582746,0.031005010204796995,0.3778501628664495,0.28501628664495116,0.1465798045602606
trailing 252,history ruin bound,crossed,"sign(s), Kelly-levered",full,15,1,0,3,-0.30856447080732263,-0.5356071649788299,0.1089450152902911,15,0,0,0.7973359899972984,0.46509154308633943,1.5429412371581308,0,0,0,0.0,15,0,0,0.5267942888386542,3,0,0,-0.24403247931812755,0.7634674483874796,0.2018216586205857,0,-0.8493498851516559,0.06344716859741252,0.014657980456026058,0.0,0.10912052117263844
trailing 252,history ruin bound,crossed,"(b) Kelly by sign of s, log-optimal",full,15,0,0,1,-0.6003959429667006,-0.7915710369599915,-0.2761011628511991,15,0,0,0.6021862200326442,0.18513847612448706,1.1578950590166406,0,0,0,-0.4175438185822525,11,0,0,0.21239693022637968,0,0,0,-0.5722599819623486,0.5683176784228254,-0.11257569999168883,0,-0.8190879828914777,0.05686413267839045,0.08306188925081433,0.0749185667752443,0.254071661237785
trailing 252,history ruin bound,crossed,"(b') Kelly by sign of s, mean-variance",full,15,0,0,0,-0.45850306318836287,-0.7424464229367788,-0.2629914578029984,15,0,0,0.7288925227397458,0.24902910705515485,1.1710047640648413,0,0,0,-0.24894556270654766,14,0,0,0.35775912217818795,0,0,0,-0.4394588674724303,0.695023981129927,0.03278649196011944,0,-0.7876592967753465,0.05645341505910228,0.08306188925081433,0.0749185667752443,0.3127035830618892
trailing 252,history ruin bound,crossed,(a) Kelly by sign x |s| 3 bins,full,15,0,0,9,-1.0237563978664217,-1.865498842906419,-0.578123977686571,9,0,0,0.2648216350631378,-0.9354523752870758,0.8435444197748494,0,0,6,-1.345321461651999,1,0,1,-0.6685549206645449,0,0,6,-1.4835787731484307,0.23095309345331894,-1.108156116131506,2,-0.9876936191469803,0.06782987648973268,0.1237785016286645,0.15146579804560262,0.3729641693811075
trailing 252,history ruin bound,crossed,"(a) Kelly by regression on s, |s|",full,15,0,0,0,-0.8784671871512406,-1.2848909236436108,-0.5807663455964412,14,0,0,0.2623028347050307,-0.030204671932613773,0.6152217141784685,0,0,0,-0.7668248169808378,4,0,0,-0.33171159174098525,0,0,0,-1.0179560788813846,0.22843429309521185,-0.6566842219590537,0,-0.9317003741292704,0.03943577825363304,0.2899022801302932,0.28338762214983715,0.1742671009771987
trailing 252,history ruin bound,crossed,"(a) Kelly by regression on sign(s), s, |s|",full,15,0,0,6,-0.7368226840762859,-1.071046705900386,-0.3542726104698941,14,0,0,0.5291525511994455,-0.14100023828104286,0.7397300279154867,0,0,2,-1.0548388043308634,2,0,0,-0.49303318667860124,0,0,2,-1.2371058408763762,0.4952840095896267,-0.8180058168966697,0,-0.9672878374139632,0.06173261465904887,0.0993485342019544,0.10423452768729642,0.30456026058631924
trailing 252,history ruin bound,crossed,"(c) proportional s/mean|s|, sign(s) Kelly stake",full,15,1,0,0,-0.5952658479144088,-0.8346124656271455,0.006828965387840946,15,0,0,0.7038552550856713,0.2746643179703045,1.0524999690999808,5,0,0,-0.14644678999936017,13,0,0,0.2906302321639539,0,0,0,-0.5138846725200911,0.6699867134758525,-0.034342398054114605,0,-0.9147899596257432,0.04158157195747138,0.014657980456026058,0.0,0.13843648208469056
trailing 252,history ruin bound,crossed,"(d) always short, Kelly",half,15,0,0,0,-1.0392534734430774,-1.3903256082277855,-0.7819043551343119,15,0,0,0.14814211248503129,0.14814211248503129,0.14814211248503129,0,0,0,-0.4162887314917272,0,0,0,0.0,0,0,0,-0.5778935534464493,0.11427357087521246,-0.10169002236700486,0,-0.6257476306024021,0.01794538463583785,0.3778501628664495,0.28501628664495116,0.0
trailing 252,history ruin bound,crossed,"sign(s), Kelly-levered",half,15,0,0,4,-0.33610238381987745,-0.5772184953161765,-0.06554437110322953,15,0,0,0.8261131299002794,0.46082759883434954,1.3684518507646102,0,0,0,0.0,15,0,0,0.4162887314917272,1,0,1,-0.1267578757120547,0.7922445882904606,0.3145987091247223,0,-0.5893976163302472,0.03294541329004369,0.014657980456026058,0.0,0.0
trailing 252,history ruin bound,crossed,"(b) Kelly by sign of s, log-optimal",half,15,0,0,1,-0.6946559272215701,-0.9143775993005259,-0.5031497927807542,15,0,0,0.4656611070007817,0.1202911677053512,0.9308464290870855,0,0,0,-0.28705705100072787,13,0,0,0.14490269730178454,0,0,0,-0.44737953315271944,0.4317925653909629,0.04321267493477967,0,-0.5936524134714815,0.03159877413543318,0.08306188925081433,0.0749185667752443,0.004885993485342019
trailing 252,history ruin bound,crossed,"(b') Kelly by sign of s, mean-variance",half,15,0,0,0,-0.669607143241115,-0.8867630333300588,-0.5324952254285283,15,0,0,0.47578709924713736,0.14448209485758737,0.9012925201567762,0,0,0,-0.3126112954953018,11,0,0,0.09409778620050363,0,0,0,-0.45436883628012237,0.4419185576373185,-0.00759223616650123,0,-0.7177411666250387,0.03526579316350854,0.08306188925081433,0.0749185667752443,0.026058631921824105
trailing 252,history ruin bound,crossed,(a) Kelly by sign x |s| 3 bins,half,15,0,0,10,-1.1788899736554697,-1.9412203171534865,-0.7031240867894345,9,0,1,0.015825456408709446,-1.0111738495341434,0.8353436339233823,0,0,6,-1.0106377605262966,1,0,2,-0.6047327481386684,0,0,8,-1.1405863647709573,-0.01804308520110937,-0.7314412577776196,1,-0.9266037213342703,0.04713235376536027,0.1237785016286645,0.15146579804560262,0.15960912052117263
trailing 252,history ruin bound,crossed,"(a) Kelly by regression on s, |s|",half,15,0,0,0,-0.9795169649598063,-1.4578903220439579,-0.6595236131785873,13,0,0,0.10746863070075455,-0.023894100176118205,0.5364644465963224,0,0,0,-0.5415447055755273,6,0,0,-0.1077049078361074,0,0,0,-0.661015500716333,0.07360008909093574,-0.20939493020311226,0,-0.6961060254497737,0.02278948022274815,0.2899022801302932,0.28338762214983715,0.009771986970684038
trailing 252,history ruin bound,crossed,"(a) Kelly by regression on sign(s), s, |s|",half,15,0,0,6,-0.7936874704222828,-1.2132155554529027,-0.47639135844046665,14,0,0,0.391724373154076,-0.13426910962020355,0.7195967013344431,0,0,4,-0.550978848175857,2,0,0,-0.10170463775046465,0,0,3,-0.6777367238879116,0.35785583154425715,-0.2033946601174695,0,-0.7902730525825772,0.03886941460536174,0.0993485342019544,0.10423452768729642,0.06351791530944625
trailing 252,history ruin bound,crossed,"(c) proportional s/mean|s|, sign(s) Kelly stake",half,15,0,0,0,-0.8940884898960458,-1.1904329917701324,-0.29814615737046213,14,0,0,0.3539714926840472,-0.08563896505246579,0.7552157057361407,1,0,0,-0.5532114193238802,7,0,0,-0.08073776753567452,0,0,0,-0.6619700643686559,0.32010295107422837,-0.18242778990267938,0,-0.8963796972754386,0.02653389510300571,0.014657980456026058,0.0,0.06677524429967427
trailing 252,history ruin bound,crossed,"(d) always short, Kelly",quarter,15,0,0,0,-1.0392534734430774,-1.3903256082277855,-0.7819043551343119,15,0,0,0.14814211248503129,0.14814211248503129,0.14814211248503129,0,0,0,-0.2255253612972491,0,0,0,0.0,0,0,2,-0.48405585977170046,0.11427357087521246,-0.007852328692256076,0,-0.36186462269006847,0.008972692317918925,0.3778501628664495,0.28501628664495116,0.0
trailing 252,history ruin bound,crossed,"sign(s), Kelly-levered",quarter,15,0,0,4,-0.33610238381987745,-0.5772184953161765,-0.06554437110322953,15,0,0,0.8261131299002794,0.46082759883434954,1.3684518507646102,0,0,0,0.0,15,0,0,0.2255253612972491,0,0,3,-0.25581082810276606,0.7922445882904606,0.21767303260499302,0,-0.33744086618198954,0.016472706645021845,0.014657980456026058,0.0,0.0
trailing 252,history ruin bound,crossed,"(b) Kelly by sign of s, log-optimal",quarter,15,0,0,1,-0.722508639312056,-0.9205408641891067,-0.5396292561474788,15,0,0,0.4534303929209319,0.10878397094866568,0.8943669657203609,0,0,0,-0.12836437555048377,13,0,0,0.08995559679640014,0,0,4,-0.37292712591505905,0.41956185131111307,0.08210326810414406,0,-0.3443612362344114,0.01579938706771659,0.08306188925081433,0.0749185667752443,0.0
trailing 252,history ruin bound,crossed,"(b') Kelly by sign of s, mean-variance",quarter,15,0,0,0,-0.7686689693444808,-1.0071613538673319,-0.644279509628078,15,0,0,0.38438150722256925,0.10849644874093503,0.7670868711883481,0,0,0,-0.1337521421868918,12,0,0,0.03278209735041436,0,0,3,-0.4091609287405472,0.3505129656127504,0.024929768658158286,0,-0.44666559975043274,0.01834352981297694,0.08306188925081433,0.0749185667752443,0.0
trailing 252,history ruin bound,crossed,(a) Kelly by sign x |s| 3 bins,quarter,15,0,0,11,-1.3692070691008449,-2.012601675265458,-0.7061689030916426,4,0,1,-0.16203384594942216,-1.082555207646115,0.8322988176211742,0,0,5,-0.5844354854621743,1,0,2,-0.3688766233537251,0,0,11,-0.8430626880356068,-0.19590238755924097,-0.37672895204598117,0,-0.8129002029589076,0.02684793999919535,0.1237785016286645,0.15146579804560262,0.03257328990228013
trailing 252,history ruin bound,crossed,"(a) Kelly by regression on s, |s|",quarter,15,0,0,1,-1.0281044905445869,-1.571657292284573,-0.6518031897249026,8,0,0,0.05312541173277739,-0.13766107041673328,0.5441848700500072,0,0,1,-0.2700114717183209,6,0,0,-0.060023808283947405,0,0,4,-0.48621105946959764,0.019256870122958576,-0.06787613697620348,0,-0.4173767014348396,0.011582198682681245,0.2899022801302932,0.28338762214983715,0.0
trailing 252,history ruin bound,crossed,"(a) Kelly by regression on sign(s), s, |s|",quarter,15,0,0,6,-0.9469078972252787,-1.49204121127432,-0.5222542834605243,13,0,0,0.2373557864135916,-0.147656823235884,0.7599962437773905,0,0,2,-0.23007363960640176,6,0,0,-0.043574811996324354,0,0,6,-0.4964979511892291,0.20348724480377278,-0.05142714068858043,0,-0.5064761508787229,0.02060325735199226,0.0993485342019544,0.10423452768729642,0.0016286644951140066
trailing 252,history ruin bound,crossed,"(c) proportional s/mean|s|, sign(s) Kelly stake",quarter,15,0,0,0,-0.9015460696761562,-1.4057223892759092,-0.3802251665025478,12,0,0,0.22936163778853805,-0.25511822249674015,0.7038997406800944,2,0,0,-0.3597623490699198,4,0,0,-0.12428057124167058,0,0,2,-0.6287753094786785,0.19549309617871924,-0.13213289993392666,0,-0.6822837885105589,0.014768046397187875,0.014657980456026058,0.0,0.017915309446254073
trailing 252,exchange margin,crossed,always short,unit (growth at 3%),15,0,0,0,-1.1873955859281087,-1.5384677207128168,-0.9300464676193432,0,0,0,0.0,0.0,0.0,0,0,1,-0.6609300882736922,0,0,0,0.0,0,0,1,-0.6609300882736922,-0.033868541609818816,-0.1847265571942478,0,-0.60066551675957,1.0,0.0,0.38273615635179153,
trailing 252,exchange margin,crossed,sign(s),unit (growth at 3%),15,0,0,0,0.0,0.0,0.0,15,0,0,1.1873955859281087,0.9300464676193432,1.5384677207128168,0,0,0,0.0,15,1,0,0.6609300882736922,0,0,0,0.0,1.15352704431829,0.4762035310794444,0,-0.38683393908377484,1.0,0.0,0.0,
trailing 252,exchange margin,crossed,"(c) proportional s/rms (unit, §10)",unit (growth at 3%),15,0,0,0,-0.5847816190067984,-0.8739379131901839,-0.14591684726284848,15,0,0,0.6026139669213103,0.44610354634096083,0.9891566971592171,0,0,1,-0.42796712538845405,15,0,0,0.22812113999437955,0,0,1,-0.42796712538845405,0.5687454253114915,0.04339458280013176,0,-0.08425182967238576,0.10353848763766557,0.0,0.0,
trailing 252,exchange margin,crossed,"(d) always short, Kelly",full,15,0,0,0,-0.8999632687801543,-1.2510354035648623,-0.6426141504713888,15,0,0,0.2874323171479544,0.2874323171479544,0.2874323171479544,4,0,0,-0.13393390004384922,0,0,0,0.0,0,0,2,-0.4530639333712259,0.2535637755381356,0.023139597708218516,0,-0.09441832880416978,0.004963424606029914,0.3778501628664495,0.28501628664495116,0.5667752442996743
trailing 252,exchange margin,crossed,"sign(s), Kelly-levered",full,15,0,0,1,-0.5844012873230398,-0.8108159258340116,-0.27062663384323127,15,0,0,0.6310725333459422,0.2700697759630463,1.1633695880246084,0,0,0,0.0,11,0,0,0.13393390004384922,1,0,0,-0.3570695421976328,0.5972039917361234,0.15707349775206775,0,-0.7274557709901528,0.034473215844355115,0.014657980456026058,0.0,0.5749185667752443
trailing 252,exchange margin,crossed,"(b) Kelly by sign of s, log-optimal",full,15,0,0,1,-0.784578379939068,-1.2347260376578162,-0.4567977091287849,15,0,0,0.3066852020366578,0.10158355788589615,0.9771985127390548,1,0,0,-0.14828830620008782,5,0,0,-0.029279883163780836,0,0,0,-0.474940754568684,0.27281666042683894,-0.00614028545556232,0,-0.6875184686815934,0.021945726028093696,0.08306188925081433,0.0749185667752443,0.6123778501628665
trailing 252,exchange margin,crossed,"(b') Kelly by sign of s, mean-variance",full,15,0,0,1,-0.6085921192314271,-1.0392220373716858,-0.4036794825498272,15,0,0,0.5089919775973376,0.25302191660172096,1.0303167393180126,6,0,0,-0.05797531861237923,13,0,0,0.10860261106181754,0,0,0,-0.30065638677822865,0.47512343598751877,0.13174220877003606,0,-0.5672381719424471,0.01861634659844034,0.08306188925081433,0.0749185667752443,0.6123778501628665
trailing 252,exchange margin,crossed,(a) Kelly by sign x |s| 3 bins,full,15,0,0,2,-0.988177912842055,-2.000857106619047,-0.37232713390258,10,0,0,0.15916986897118487,-1.0708106389997034,0.896957016640496,2,0,2,-0.43038752394785673,4,0,2,-0.29163561990729275,0,0,2,-0.7590882302865734,0.12530132736136607,-0.26849602219907426,0,-0.8713861430695793,0.027566539063678303,0.1237785016286645,0.15146579804560262,0.6091205211726385
trailing 252,exchange margin,crossed,"(a) Kelly by regression on s, |s|",full,15,0,0,1,-0.9915339411340023,-1.629646773559556,-0.5859301549768906,9,0,0,0.06921671402013135,-0.3096053140284112,0.6100579047980191,2,0,0,-0.3340230504149875,3,0,0,-0.2563887208769716,0,0,2,-0.6791032611074663,0.03534817241031253,-0.23324912316875313,0,-0.8489160590561018,0.01137422661044021,0.2899022801302932,0.28338762214983715,0.5602605863192183
trailing 252,exchange margin,crossed,"(a) Kelly by regression on sign(s), s, |s|",full,15,0,0,6,-1.039681586442781,-1.8040425990085773,-0.5560971642187287,12,0,0,0.17115927015848068,-0.7630129533242749,0.5194453023106027,0,0,1,-0.6710860523629695,1,0,1,-0.6088223165457137,0,0,4,-1.0047827428172016,0.13729072854866187,-0.5856827188374952,0,-0.9517251161690351,0.023528974168444815,0.0993485342019544,0.10423452768729642,0.6091205211726385
trailing 252,exchange margin,crossed,"(c) proportional s/mean|s|, sign(s) Kelly stake",full,15,0,0,0,-0.6226629963777358,-1.201680985543176,-0.18130818980063335,14,0,0,0.562748847198623,-0.24880642936978234,0.8224338495431531,1,0,0,-0.3096022403232183,3,0,0,-0.11666469975040833,0,0,0,-0.5619026288847013,0.5288803055888042,-0.09352510204218982,0,-0.8855719817597509,0.022680812925903168,0.014657980456026058,0.0,0.4837133550488599
trailing 252,exchange margin,crossed,"(d) always short, Kelly",half,15,0,0,0,-1.0272719796710248,-1.378344114455733,-0.7699228613622593,15,0,0,0.1601236062570839,0.1601236062570839,0.1601236062570839,0,0,0,-0.2405802559541353,0,0,0,0.0,0,0,2,-0.46840157753090067,0.1262550646472651,0.00780195354854373,0,-0.10850197271167439,0.00452955329706938,0.3778501628664495,0.28501628664495116,0.511400651465798
trailing 252,exchange margin,crossed,"sign(s), Kelly-levered",half,15,0,0,0,-0.49559650520778337,-0.6839858756121341,-0.16866903422449142,15,0,0,0.7255258465465394,0.39829028396391963,1.2653271876433483,0,0,0,0.0,15,0,0,0.2405802559541353,0,0,0,-0.2576011646431998,0.6916573049367206,0.24838220950267903,0,-0.4044430715316558,0.019879980055689188,0.014657980456026058,0.0,0.5423452768729642
trailing 252,exchange margin,crossed,"(b) Kelly by sign of s, log-optimal",half,15,0,0,1,-0.6631756593874756,-1.0813170411110657,-0.3837037087906814,15,0,0,0.4677320480772188,0.21311979355311989,1.0502925130771583,0,0,0,-0.14308655804837436,12,0,0,0.08114454595964826,0,0,1,-0.347141165426048,0.43386350646739996,0.08894649950819199,0,-0.43619359297245175,0.013663371772383855,0.08306188925081433,0.0749185667752443,0.5830618892508144
trailing 252,exchange margin,crossed,"(b') Kelly by sign of s, mean-variance",half,15,0,0,0,-0.4934158394921193,-0.8749854580342499,-0.31079861766459005,15,0,0,0.637491867972575,0.43713949815113634,1.1024583615275416,3,0,0,-0.08719406524815584,15,0,0,0.13148373225291496,0,0,1,-0.3118559839952487,0.6036233263627562,0.1392856858014587,0,-0.31547349502531163,0.012520796234323785,0.08306188925081433,0.0749185667752443,0.5863192182410424
trailing 252,exchange margin,crossed,(a) Kelly by sign x |s| 3 bins,half,15,0,0,2,-0.9666678692683285,-1.8402612510344991,-0.34767235036770294,11,0,0,0.18610102558026842,-0.9102147834151559,0.954800279728876,2,0,2,-0.2175431816302956,6,0,0,-0.03974308142248337,0,0,2,-0.49189031157241264,0.1522324839704496,-0.031941127873939636,0,-0.5899811109998521,0.016562763581613446,0.1237785016286645,0.15146579804560262,0.5716612377850163
trailing 252,exchange margin,crossed,"(a) Kelly by regression on s, |s|",half,15,0,0,0,-1.0304369757592506,-1.5576330087278423,-0.5348596716663158,10,0,0,0.039037978141838965,-0.2014443512004823,0.661128388108594,0,0,0,-0.31457824124716116,4,0,0,-0.08081702941988626,0,0,3,-0.5662620212193964,0.005169436532020149,-0.07301507587134254,0,-0.505400204114274,0.008360575184797615,0.2899022801302932,0.28338762214983715,0.49185667752442996
trailing 252,exchange margin,crossed,"(a) Kelly by regression on sign(s), s, |s|",half,15,0,0,5,-0.9784773278692191,-1.527332567915943,-0.5379689146797114,13,0,0,0.29036661826498067,-0.5183124180456805,0.5432609875976527,0,0,2,-0.27324101481042806,6,0,0,-0.036011310663572806,0,0,5,-0.5302054197712115,0.25649807665516183,-0.028209357115029074,0,-0.6340647692352526,0.014411107962516103,0.0993485342019544,0.10423452768729642,0.5749185667752443
trailing 252,exchange margin,crossed,"(c) proportional s/mean|s|, sign(s) Kelly stake",half,15,0,0,0,-0.9823763851737601,-1.4153600939076751,-0.14011319308811765,14,0,0,0.21361167460114958,-0.33914355123203793,0.7899332745312255,1,0,0,-0.4844284404940523,2,0,0,-0.2817005485937649,0,0,0,-0.770014464394959,0.17974313299133077,-0.2738985950452212,0,-0.8461844770827371,0.014795173896692443,0.014657980456026058,0.0,0.38762214983713356
trailing 252,exchange margin,crossed,"(d) always short, Kelly",quarter,15,0,0,0,-0.9989621793157435,-1.3500343141004516,-0.741613061006978,15,0,0,0.1884334066123652,0.1884334066123652,0.1884334066123652,0,0,0,-0.1703943745843699,0,0,0,0.0,0,0,2,-0.46557928122023473,0.1545648650025464,0.010624249859209687,0,-0.09729759631588075,0.0038454489666358586,0.3778501628664495,0.28501628664495116,0.3957654723127036
trailing 252,exchange margin,crossed,"sign(s), Kelly-levered",quarter,15,0,0,0,-0.35173212147234323,-0.48433285939056936,-0.0791912592113142,15,0,0,0.8614046685161176,0.5237360964924815,1.3548049626565255,0,0,0,0.0,15,0,0,0.1703943745843699,0,0,1,-0.2735046996593957,0.8275361269062989,0.18101862444357958,0,-0.23492236481279893,0.01247373957872087,0.014657980456026058,0.0,0.40553745928338764
trailing 252,exchange margin,crossed,"(b) Kelly by sign of s, log-optimal",quarter,15,0,0,0,-0.5507470470171745,-0.828646280601596,-0.29262094625252955,15,0,0,0.6452410127577353,0.3438142482728892,1.1413752756153102,0,0,0,-0.08535276353643356,15,0,0,0.08560143962542913,0,0,2,-0.38703844091512524,0.6113724711479165,0.09622568948463882,0,-0.2588918240900737,0.009090118834213404,0.08306188925081433,0.0749185667752443,0.49022801302931596
trailing 252,exchange margin,crossed,"(b') Kelly by sign of s, mean-variance",quarter,15,0,0,0,-0.39907874161598755,-0.622112128947359,-0.20840574793958333,15,0,0,0.7457784423535733,0.5575042074991214,1.1831371131503177,3,0,0,-0.047008662110498645,15,0,0,0.11254690430500285,0,0,2,-0.35567995702114996,0.7119099007437545,0.12317115416421254,0,-0.17204060247173814,0.008675453491241963,0.08306188925081433,0.0749185667752443,0.5
trailing 252,exchange margin,crossed,(a) Kelly by sign x |s| 3 bins,quarter,15,0,0,3,-0.9404394115811386,-1.6764036457640659,-0.36357849589014857,12,0,0,0.20104812792673088,-0.7463571781447226,0.9606081426991928,1,0,2,-0.1372841488402734,7,0,0,-0.0004815222449657385,0,0,4,-0.43348710414319613,0.16717958631691207,0.010142727614243948,0,-0.3476036186933412,0.010934541609488842,0.1237785016286645,0.15146579804560262,0.5179153094462541
trailing 252,exchange margin,crossed,"(a) Kelly by regression on s, |s|",quarter,15,0,0,0,-0.9370171895573789,-1.4790830367434282,-0.5157196739082514,11,0,0,0.12074025387152515,-0.07876329933300064,0.6802683858666584,0,0,1,-0.1511693708382485,5,0,0,-0.014555215538955283,0,0,5,-0.4381331460266753,0.08687171226170634,-0.003930965679745596,0,-0.27475510601192554,0.005867281181335716,0.2899022801302932,0.28338762214983715,0.40553745928338764
trailing 252,exchange margin,crossed,"(a) Kelly by regression on sign(s), s, |s|",quarter,15,0,0,5,-0.9140646332868941,-1.1374298977897308,-0.4064413643365179,14,0,0,0.43189595754384397,-0.20478425332141306,0.7034144893914817,1,0,2,-0.15357771313712743,12,0,0,0.0648760389978926,0,0,5,-0.39387501393080987,0.39802741593402513,0.07550028885710229,0,-0.35331817063481485,0.009534591345978847,0.0993485342019544,0.10423452768729642,0.506514657980456
trailing 252,exchange margin,crossed,"(c) proportional s/mean|s|, sign(s) Kelly stake",quarter,15,0,0,0,-1.1225448279947001,-1.361840913339423,-0.18961271359870369,11,0,0,0.18243080559581681,-0.2966057743316976,0.7404337540206395,1,0,0,-0.31544968609341273,3,0,0,-0.10851686473424486,0,0,2,-0.6100366869389331,0.148562263985998,-0.09789261487503517,0,-0.5854944370851971,0.009796147458796898,0.014657980456026058,0.0,0.26384364820846906
trailing 252,none,crossed,always short,unit (growth at 3%),15,0,0,0,-1.1873955859281087,-1.5384677207128168,-0.9300464676193432,0,0,0,0.0,0.0,0.0,0,0,1,-0.6609300882736922,0,0,0,0.0,0,0,1,-0.6609300882736922,-0.033868541609818816,-0.1847265571942478,0,-0.60066551675957,1.0,0.0,0.38273615635179153,
trailing 252,none,crossed,sign(s),unit (growth at 3%),15,0,0,0,0.0,0.0,0.0,15,0,0,1.1873955859281087,0.9300464676193432,1.5384677207128168,0,0,0,0.0,15,1,0,0.6609300882736922,0,0,0,0.0,1.15352704431829,0.4762035310794444,0,-0.38683393908377484,1.0,0.0,0.0,
trailing 252,none,crossed,"(c) proportional s/rms (unit, §10)",unit (growth at 3%),15,0,0,0,-0.5847816190067984,-0.8739379131901839,-0.14591684726284848,15,0,0,0.6026139669213103,0.44610354634096083,0.9891566971592171,0,0,1,-0.42796712538845405,15,0,0,0.22812113999437955,0,0,1,-0.42796712538845405,0.5687454253114915,0.04339458280013176,0,-0.08425182967238576,0.10353848763766557,0.0,0.0,
trailing 252,none,crossed,"(d) always short, Kelly",full,15,0,0,0,-1.0392534734430774,-1.3903256082277855,-0.7819043551343119,15,0,0,0.14814211248503129,0.14814211248503129,0.14814211248503129,0,0,0,-0.7204216892811778,0,0,0,0.0,0,0,0,-1.0924994400357895,0.11427357087521246,-0.616295908956345,0,-0.9069089694843925,0.0358907692716757,0.3778501628664495,0.28501628664495116,0.0
trailing 252,none,crossed,"sign(s), Kelly-levered",full,15,0,0,4,-0.33610238381987745,-0.5772184953161765,-0.06554437110322953,15,0,0,0.8261131299002794,0.46082759883434954,1.3684518507646102,0,0,0,0.0,15,0,0,0.7204216892811778,1,0,0,-0.35602189024448067,0.7922445882904606,0.10412578032483273,0,-0.8861722496084511,0.06589082658008738,0.014657980456026058,0.0,0.0
trailing 252,none,crossed,"(b) Kelly by sign of s, log-optimal",full,15,0,0,1,-0.7385064234690181,-0.9205408641891067,-0.5396292561474788,15,0,0,0.4534303929209319,0.10878397094866568,0.8943669657203609,0,0,1,-1.0433712347054096,5,0,0,-0.4277920943961614,0,0,1,-1.4086945549277563,0.41956185131111307,-1.0579864066069065,2,-0.9783291767443805,0.06319754827086636,0.08306188925081433,0.0749185667752443,0.0
trailing 252,none,crossed,"(b') Kelly by sign of s, mean-variance",full,15,0,0,0,-0.7713808495244687,-1.0205956247429437,-0.644279509628078,15,0,0,0.3709472363469574,0.10849644874093503,0.7670868711883481,0,0,2,-1.6714948468136164,0,0,0,-0.9934575704526432,0,0,3,-1.9946575655592662,0.3370786947371386,-inf,9,-1.0,0.07337411925190776,0.08306188925081433,0.0749185667752443,0.0
trailing 252,none,crossed,(a) Kelly by sign x |s| 3 bins,full,15,0,0,10,-1.5714756425218015,-1.9191573977731917,-0.9524448194538194,3,0,1,-0.23366939777584414,-0.9891109301538485,0.489141209945184,0,0,0,,0,0,0,,0,0,0,,-0.26753793938566295,-inf,15,-1.0,0.11779758669199364,0.1237785016286645,0.15146579804560262,0.0
trailing 252,none,crossed,"(a) Kelly by regression on s, |s|",full,15,0,0,2,-1.0468798174700944,-1.596829677162347,-0.6518031897249026,9,0,0,0.05312541173277739,-0.18716138009256386,0.5441848700500072,0,0,0,-1.0513974065076537,1,0,0,-0.4521461905348214,0,0,2,-1.4582610945501462,0.019256870122958576,-1.3950144219254907,7,-0.9885890278786942,0.04643280097191956,0.2899022801302932,0.28338762214983715,0.0
trailing 252,none,crossed,"(a) Kelly by regression on sign(s), s, |s|",full,15,0,0,6,-0.9055121207157253,-1.5216298841073523,-0.5111847481060285,13,0,0,0.212252426992797,-0.147656823235884,0.7599962437773905,0,0,2,-1.8450658231289638,0,0,1,-1.289802249187693,0,0,3,-2.3204174653713365,0.1783838853829782,-inf,11,-1.0,0.08255406061113803,0.0993485342019544,0.10423452768729642,0.0
trailing 252,none,crossed,"(c) proportional s/mean|s|, sign(s) Kelly stake",full,15,0,0,0,-0.8983773336143043,-1.303600263634044,-0.48920082406027765,14,0,0,0.2796359534694619,-0.1550569361771651,0.6678695133852351,1,0,0,0.10321498272550206,1,0,0,0.5323506414613646,0,0,0,-0.42199167386207853,0.2457674118596431,-inf,14,-1.0,0.06050191860256399,0.014657980456026058,0.0,0.0
trailing 252,none,crossed,"(d) always short, Kelly",half,15,0,0,0,-1.0392534734430774,-1.3903256082277855,-0.7819043551343119,15,0,0,0.14814211248503129,0.14814211248503129,0.14814211248503129,0,0,0,-0.4162887314917272,0,0,0,0.0,0,0,0,-0.5778935534464493,0.11427357087521246,-0.10169002236700486,0,-0.6257476306024021,0.01794538463583785,0.3778501628664495,0.28501628664495116,0.0
trailing 252,none,crossed,"sign(s), Kelly-levered",half,15,0,0,4,-0.33610238381987745,-0.5772184953161765,-0.06554437110322953,15,0,0,0.8261131299002794,0.46082759883434954,1.3684518507646102,0,0,0,0.0,15,0,0,0.4162887314917272,1,0,1,-0.1267578757120547,0.7922445882904606,0.3145987091247223,0,-0.5893976163302472,0.03294541329004369,0.014657980456026058,0.0,0.0
trailing 252,none,crossed,"(b) Kelly by sign of s, log-optimal",half,15,0,0,1,-0.7385064234690181,-0.9205408641891067,-0.5396292561474788,15,0,0,0.4534303929209319,0.10878397094866568,0.8943669657203609,0,0,0,-0.3120980489462699,9,0,0,0.11988590434350503,0,0,0,-0.46863411553793627,0.41956185131111307,0.018195881976500173,0,-0.609201565285193,0.03159877413543318,0.08306188925081433,0.0749185667752443,0.0
trailing 252,none,crossed,"(b') Kelly by sign of s, mean-variance",half,15,0,0,0,-0.7713808495244687,-1.0205956247429437,-0.644279509628078,15,0,0,0.3709472363469574,0.10849644874093503,0.7670868711883481,0,0,1,-0.4337380476726379,5,0,0,-0.12596303309479073,0,0,0,-0.6021819301292405,0.3370786947371386,-0.2276530554617956,0,-0.7750708238070716,0.03668705962595388,0.08306188925081433,0.0749185667752443,0.0
trailing 252,none,crossed,(a) Kelly by sign x |s| 3 bins,half,15,0,0,10,-1.5714756425218015,-1.9191573977731917,-0.9524448194538194,3,0,1,-0.23366939777584414,-0.9891109301538485,0.489141209945184,0,0,3,-2.4981851419475882,0,0,3,-2.133954369817788,0,0,3,-2.6776202752814493,-0.26753793938566295,-inf,11,-1.0,0.05889879334599682,0.1237785016286645,0.15146579804560262,0.0
trailing 252,none,crossed,"(a) Kelly by regression on s, |s|",half,15,0,0,2,-1.0468798174700944,-1.596829677162347,-0.6518031897249026,9,0,0,0.05312541173277739,-0.18716138009256386,0.5441848700500072,0,0,1,-0.5522614465170447,3,0,0,-0.15477014457401617,0,0,2,-0.6717322416578504,0.019256870122958576,-0.25646016694102103,0,-0.6973364193272227,0.02321640048595978,0.2899022801302932,0.28338762214983715,0.0
trailing 252,none,crossed,"(a) Kelly by regression on sign(s), s, |s|",half,15,0,0,6,-0.9055121207157253,-1.5216298841073523,-0.5111847481060285,13,0,0,0.212252426992797,-0.147656823235884,0.7599962437773905,0,0,5,-0.6505340352658594,2,0,0,-0.3347586079622987,0,0,6,-0.8482509031397941,0.1783838853829782,-0.5086964340952488,1,-0.8812048565914057,0.041277030305569014,0.0993485342019544,0.10423452768729642,0.0
trailing 252,none,crossed,"(c) proportional s/mean|s|, sign(s) Kelly stake",half,15,0,0,0,-0.8983773336143043,-1.303600263634044,-0.48920082406027765,14,0,0,0.2796359534694619,-0.1550569361771651,0.6678695133852351,0,0,0,-0.6471482610929352,2,0,0,-0.1816531057375132,0,0,0,-0.7602852972227274,0.2457674118596431,-inf,9,-1.0,0.030250959301281993,0.014657980456026058,0.0,0.0
trailing 252,none,crossed,"(d) always short, Kelly",quarter,15,0,0,0,-1.0392534734430774,-1.3903256082277855,-0.7819043551343119,15,0,0,0.14814211248503129,0.14814211248503129,0.14814211248503129,0,0,0,-0.2255253612972491,0,0,0,0.0,0,0,2,-0.48405585977170046,0.11427357087521246,-0.007852328692256076,0,-0.36186462269006847,0.008972692317918925,0.3778501628664495,0.28501628664495116,0.0
trailing 252,none,crossed,"sign(s), Kelly-levered",quarter,15,0,0,4,-0.33610238381987745,-0.5772184953161765,-0.06554437110322953,15,0,0,0.8261131299002794,0.46082759883434954,1.3684518507646102,0,0,0,0.0,15,0,0,0.2255253612972491,0,0,3,-0.25581082810276606,0.7922445882904606,0.21767303260499302,0,-0.33744086618198954,0.016472706645021845,0.014657980456026058,0.0,0.0
trailing 252,none,crossed,"(b) Kelly by sign of s, log-optimal",quarter,15,0,0,1,-0.7385064234690181,-0.9205408641891067,-0.5396292561474788,15,0,0,0.4534303929209319,0.10878397094866568,0.8943669657203609,0,0,0,-0.12949308581753166,13,0,0,0.08995559679640014,0,0,4,-0.38439932984757763,0.41956185131111307,0.08210326810414406,0,-0.3443612362344114,0.01579938706771659,0.08306188925081433,0.0749185667752443,0.0
trailing 252,none,crossed,"(b') Kelly by sign of s, mean-variance",quarter,15,0,0,0,-0.7713808495244687,-1.0205956247429437,-0.644279509628078,15,0,0,0.3709472363469574,0.10849644874093503,0.7670868711883481,0,0,0,-0.1337521421868918,10,0,0,0.03278209735041436,0,0,5,-0.4091609287405472,0.3370786947371386,0.024929768658158286,0,-0.44666559975043274,0.01834352981297694,0.08306188925081433,0.0749185667752443,0.0
trailing 252,none,crossed,(a) Kelly by sign x |s| 3 bins,quarter,15,0,0,10,-1.5714756425218015,-1.9191573977731917,-0.9524448194538194,3,0,1,-0.23366939777584414,-0.9891109301538485,0.489141209945184,0,0,8,-1.0421829144484416,0,0,3,-0.8175896542116929,0,0,8,-1.277541637986224,-0.26753793938566295,-0.8590590467540251,3,-0.9213807043125702,0.02944939667299841,0.1237785016286645,0.15146579804560262,0.0
trailing 252,none,crossed,"(a) Kelly by regression on s, |s|",quarter,15,0,0,2,-1.0468798174700944,-1.596829677162347,-0.6518031897249026,9,0,0,0.05312541173277739,-0.18716138009256386,0.5441848700500072,0,0,1,-0.2743850685663921,5,0,0,-0.05223071632236802,0,0,4,-0.494409287624606,0.019256870122958576,-0.060083045014624095,0,-0.4173767014348396,0.01160820024297989,0.2899022801302932,0.28338762214983715,0.0
trailing 252,none,crossed,"(a) Kelly by regression on sign(s), s, |s|",quarter,15,0,0,6,-0.9055121207157253,-1.5216298841073523,-0.5111847481060285,13,0,0,0.212252426992797,-0.147656823235884,0.7599962437773905,0,0,2,-0.2293934776226822,5,0,0,-0.050977069763811174,0,0,7,-0.48500799815987894,0.1783838853829782,-0.05882939845606725,0,-0.5498931760398706,0.020638515152784507,0.0993485342019544,0.10423452768729642,0.0
trailing 252,none,crossed,"(c) proportional s/mean|s|, sign(s) Kelly stake",quarter,15,0,0,0,-0.8983773336143043,-1.303600263634044,-0.48920082406027765,14,0,0,0.2796359534694619,-0.1550569361771651,0.6678695133852351,1,0,0,-0.3280685594122296,7,0,0,0.0007139341110536327,0,0,2,-0.573785870682403,0.2457674118596431,-0.08373464841658562,2,-0.6599237304289881,0.015125479650640997,0.014657980456026058,0.0,0.0
