/u/home/j/jamesdc1/.conda/envs/hpc-pi/lib/python3.11/site-packages/pandas/core/arraylike.py:399: RuntimeWarning: divide by zero encountered in log
  result = getattr(ufunc, method)(*inputs, **kwargs)
/u/home/j/jamesdc1/.conda/envs/hpc-pi/lib/python3.11/site-packages/pandas/core/arraylike.py:399: RuntimeWarning: divide by zero encountered in log
  result = getattr(ufunc, method)(*inputs, **kwargs)
/u/home/j/jamesdc1/.conda/envs/hpc-pi/lib/python3.11/site-packages/pandas/core/arraylike.py:399: RuntimeWarning: divide by zero encountered in log
  result = getattr(ufunc, method)(*inputs, **kwargs)
/u/home/j/jamesdc1/.conda/envs/hpc-pi/lib/python3.11/site-packages/pandas/core/arraylike.py:399: RuntimeWarning: divide by zero encountered in log
  result = getattr(ufunc, method)(*inputs, **kwargs)
/u/home/j/jamesdc1/.conda/envs/hpc-pi/lib/python3.11/site-packages/pandas/core/arraylike.py:399: RuntimeWarning: divide by zero encountered in log
  result = getattr(ufunc, method)(*inputs, **kwargs)
/u/home/j/jamesdc1/.conda/envs/hpc-pi/lib/python3.11/site-packages/pandas/core/arraylike.py:399: RuntimeWarning: divide by zero encountered in log
  result = getattr(ufunc, method)(*inputs, **kwargs)
/u/home/j/jamesdc1/.conda/envs/hpc-pi/lib/python3.11/site-packages/pandas/core/arraylike.py:399: RuntimeWarning: divide by zero encountered in log
  result = getattr(ufunc, method)(*inputs, **kwargs)
/u/home/j/jamesdc1/.conda/envs/hpc-pi/lib/python3.11/site-packages/pandas/core/arraylike.py:399: RuntimeWarning: divide by zero encountered in log
  result = getattr(ufunc, method)(*inputs, **kwargs)
/u/home/j/jamesdc1/.conda/envs/hpc-pi/lib/python3.11/site-packages/pandas/core/arraylike.py:399: RuntimeWarning: divide by zero encountered in log
  result = getattr(ufunc, method)(*inputs, **kwargs)
/u/home/j/jamesdc1/.conda/envs/hpc-pi/lib/python3.11/site-packages/pandas/core/arraylike.py:399: RuntimeWarning: divide by zero encountered in log
  result = getattr(ufunc, method)(*inputs, **kwargs)
/u/home/j/jamesdc1/.conda/envs/hpc-pi/lib/python3.11/site-packages/pandas/core/arraylike.py:399: RuntimeWarning: divide by zero encountered in log
  result = getattr(ufunc, method)(*inputs, **kwargs)
/u/home/j/jamesdc1/.conda/envs/hpc-pi/lib/python3.11/site-packages/pandas/core/arraylike.py:399: RuntimeWarning: divide by zero encountered in log
  result = getattr(ufunc, method)(*inputs, **kwargs)
/u/home/j/jamesdc1/.conda/envs/hpc-pi/lib/python3.11/site-packages/pandas/core/arraylike.py:399: RuntimeWarning: divide by zero encountered in log
  result = getattr(ufunc, method)(*inputs, **kwargs)
/u/home/j/jamesdc1/.conda/envs/hpc-pi/lib/python3.11/site-packages/pandas/core/arraylike.py:399: RuntimeWarning: divide by zero encountered in log
  result = getattr(ufunc, method)(*inputs, **kwargs)
/u/home/j/jamesdc1/.conda/envs/hpc-pi/lib/python3.11/site-packages/pandas/core/arraylike.py:399: RuntimeWarning: divide by zero encountered in log
  result = getattr(ufunc, method)(*inputs, **kwargs)
/u/home/j/jamesdc1/.conda/envs/hpc-pi/lib/python3.11/site-packages/pandas/core/arraylike.py:399: RuntimeWarning: divide by zero encountered in log
  result = getattr(ufunc, method)(*inputs, **kwargs)
/u/home/j/jamesdc1/.conda/envs/hpc-pi/lib/python3.11/site-packages/pandas/core/arraylike.py:399: RuntimeWarning: divide by zero encountered in log
  result = getattr(ufunc, method)(*inputs, **kwargs)
/u/home/j/jamesdc1/.conda/envs/hpc-pi/lib/python3.11/site-packages/pandas/core/arraylike.py:399: RuntimeWarning: divide by zero encountered in log
  result = getattr(ufunc, method)(*inputs, **kwargs)
/u/home/j/jamesdc1/.conda/envs/hpc-pi/lib/python3.11/site-packages/pandas/core/arraylike.py:399: RuntimeWarning: divide by zero encountered in log
  result = getattr(ufunc, method)(*inputs, **kwargs)
/u/home/j/jamesdc1/.conda/envs/hpc-pi/lib/python3.11/site-packages/pandas/core/arraylike.py:399: RuntimeWarning: divide by zero encountered in log
  result = getattr(ufunc, method)(*inputs, **kwargs)
/u/home/j/jamesdc1/.conda/envs/hpc-pi/lib/python3.11/site-packages/pandas/core/arraylike.py:399: RuntimeWarning: divide by zero encountered in log
  result = getattr(ufunc, method)(*inputs, **kwargs)
/u/home/j/jamesdc1/.conda/envs/hpc-pi/lib/python3.11/site-packages/pandas/core/arraylike.py:399: RuntimeWarning: divide by zero encountered in log
  result = getattr(ufunc, method)(*inputs, **kwargs)
/u/home/j/jamesdc1/.conda/envs/hpc-pi/lib/python3.11/site-packages/pandas/core/arraylike.py:399: RuntimeWarning: divide by zero encountered in log
  result = getattr(ufunc, method)(*inputs, **kwargs)
/u/home/j/jamesdc1/.conda/envs/hpc-pi/lib/python3.11/site-packages/pandas/core/arraylike.py:399: RuntimeWarning: divide by zero encountered in log
  result = getattr(ufunc, method)(*inputs, **kwargs)
/u/home/j/jamesdc1/.conda/envs/hpc-pi/lib/python3.11/site-packages/pandas/core/arraylike.py:399: RuntimeWarning: divide by zero encountered in log
  result = getattr(ufunc, method)(*inputs, **kwargs)
/u/home/j/jamesdc1/.conda/envs/hpc-pi/lib/python3.11/site-packages/pandas/core/arraylike.py:399: RuntimeWarning: divide by zero encountered in log
  result = getattr(ufunc, method)(*inputs, **kwargs)
/u/home/j/jamesdc1/.conda/envs/hpc-pi/lib/python3.11/site-packages/pandas/core/arraylike.py:399: RuntimeWarning: divide by zero encountered in log
  result = getattr(ufunc, method)(*inputs, **kwargs)
/u/home/j/jamesdc1/.conda/envs/hpc-pi/lib/python3.11/site-packages/pandas/core/arraylike.py:399: RuntimeWarning: divide by zero encountered in log
  result = getattr(ufunc, method)(*inputs, **kwargs)
/u/home/j/jamesdc1/.conda/envs/hpc-pi/lib/python3.11/site-packages/pandas/core/arraylike.py:399: RuntimeWarning: divide by zero encountered in log
  result = getattr(ufunc, method)(*inputs, **kwargs)
/u/home/j/jamesdc1/.conda/envs/hpc-pi/lib/python3.11/site-packages/pandas/core/arraylike.py:399: RuntimeWarning: divide by zero encountered in log
  result = getattr(ufunc, method)(*inputs, **kwargs)
/u/home/j/jamesdc1/.conda/envs/hpc-pi/lib/python3.11/site-packages/pandas/core/arraylike.py:399: RuntimeWarning: divide by zero encountered in log
  result = getattr(ufunc, method)(*inputs, **kwargs)
/u/home/j/jamesdc1/.conda/envs/hpc-pi/lib/python3.11/site-packages/pandas/core/arraylike.py:399: RuntimeWarning: divide by zero encountered in log
  result = getattr(ufunc, method)(*inputs, **kwargs)
/u/home/j/jamesdc1/.conda/envs/hpc-pi/lib/python3.11/site-packages/pandas/core/arraylike.py:399: RuntimeWarning: divide by zero encountered in log
  result = getattr(ufunc, method)(*inputs, **kwargs)
/u/home/j/jamesdc1/.conda/envs/hpc-pi/lib/python3.11/site-packages/pandas/core/arraylike.py:399: RuntimeWarning: divide by zero encountered in log
  result = getattr(ufunc, method)(*inputs, **kwargs)
/u/home/j/jamesdc1/.conda/envs/hpc-pi/lib/python3.11/site-packages/pandas/core/arraylike.py:399: RuntimeWarning: divide by zero encountered in log
  result = getattr(ufunc, method)(*inputs, **kwargs)
/u/home/j/jamesdc1/.conda/envs/hpc-pi/lib/python3.11/site-packages/pandas/core/arraylike.py:399: RuntimeWarning: divide by zero encountered in log
  result = getattr(ufunc, method)(*inputs, **kwargs)
/u/home/j/jamesdc1/.conda/envs/hpc-pi/lib/python3.11/site-packages/pandas/core/arraylike.py:399: RuntimeWarning: divide by zero encountered in log
  result = getattr(ufunc, method)(*inputs, **kwargs)
/u/home/j/jamesdc1/.conda/envs/hpc-pi/lib/python3.11/site-packages/pandas/core/arraylike.py:399: RuntimeWarning: divide by zero encountered in log
  result = getattr(ufunc, method)(*inputs, **kwargs)
/u/home/j/jamesdc1/.conda/envs/hpc-pi/lib/python3.11/site-packages/pandas/core/arraylike.py:399: RuntimeWarning: divide by zero encountered in log
  result = getattr(ufunc, method)(*inputs, **kwargs)
/u/home/j/jamesdc1/.conda/envs/hpc-pi/lib/python3.11/site-packages/pandas/core/arraylike.py:399: RuntimeWarning: divide by zero encountered in log
  result = getattr(ufunc, method)(*inputs, **kwargs)
/u/home/j/jamesdc1/.conda/envs/hpc-pi/lib/python3.11/site-packages/pandas/core/arraylike.py:399: RuntimeWarning: divide by zero encountered in log
  result = getattr(ufunc, method)(*inputs, **kwargs)
/u/home/j/jamesdc1/.conda/envs/hpc-pi/lib/python3.11/site-packages/pandas/core/arraylike.py:399: RuntimeWarning: divide by zero encountered in log
  result = getattr(ufunc, method)(*inputs, **kwargs)
/u/home/j/jamesdc1/.conda/envs/hpc-pi/lib/python3.11/site-packages/pandas/core/arraylike.py:399: RuntimeWarning: divide by zero encountered in log
  result = getattr(ufunc, method)(*inputs, **kwargs)
/u/home/j/jamesdc1/.conda/envs/hpc-pi/lib/python3.11/site-packages/pandas/core/arraylike.py:399: RuntimeWarning: divide by zero encountered in log
  result = getattr(ufunc, method)(*inputs, **kwargs)
/u/home/j/jamesdc1/.conda/envs/hpc-pi/lib/python3.11/site-packages/pandas/core/arraylike.py:399: RuntimeWarning: divide by zero encountered in log
  result = getattr(ufunc, method)(*inputs, **kwargs)
/u/home/j/jamesdc1/.conda/envs/hpc-pi/lib/python3.11/site-packages/pandas/core/arraylike.py:399: RuntimeWarning: divide by zero encountered in log
  result = getattr(ufunc, method)(*inputs, **kwargs)
/u/home/j/jamesdc1/.conda/envs/hpc-pi/lib/python3.11/site-packages/pandas/core/arraylike.py:399: RuntimeWarning: divide by zero encountered in log
  result = getattr(ufunc, method)(*inputs, **kwargs)
/u/home/j/jamesdc1/.conda/envs/hpc-pi/lib/python3.11/site-packages/pandas/core/arraylike.py:399: RuntimeWarning: divide by zero encountered in log
  result = getattr(ufunc, method)(*inputs, **kwargs)
/u/home/j/jamesdc1/.conda/envs/hpc-pi/lib/python3.11/site-packages/pandas/core/arraylike.py:399: RuntimeWarning: divide by zero encountered in log
  result = getattr(ufunc, method)(*inputs, **kwargs)
/u/home/j/jamesdc1/.conda/envs/hpc-pi/lib/python3.11/site-packages/pandas/core/arraylike.py:399: RuntimeWarning: divide by zero encountered in log
  result = getattr(ufunc, method)(*inputs, **kwargs)
/u/home/j/jamesdc1/.conda/envs/hpc-pi/lib/python3.11/site-packages/pandas/core/arraylike.py:399: RuntimeWarning: divide by zero encountered in log
  result = getattr(ufunc, method)(*inputs, **kwargs)
/u/home/j/jamesdc1/.conda/envs/hpc-pi/lib/python3.11/site-packages/pandas/core/arraylike.py:399: RuntimeWarning: divide by zero encountered in log
  result = getattr(ufunc, method)(*inputs, **kwargs)
/u/home/j/jamesdc1/.conda/envs/hpc-pi/lib/python3.11/site-packages/pandas/core/arraylike.py:399: RuntimeWarning: divide by zero encountered in log
  result = getattr(ufunc, method)(*inputs, **kwargs)
/u/home/j/jamesdc1/.conda/envs/hpc-pi/lib/python3.11/site-packages/pandas/core/arraylike.py:399: RuntimeWarning: divide by zero encountered in log
  result = getattr(ufunc, method)(*inputs, **kwargs)
/u/home/j/jamesdc1/.conda/envs/hpc-pi/lib/python3.11/site-packages/pandas/core/arraylike.py:399: RuntimeWarning: divide by zero encountered in log
  result = getattr(ufunc, method)(*inputs, **kwargs)
/u/home/j/jamesdc1/.conda/envs/hpc-pi/lib/python3.11/site-packages/pandas/core/arraylike.py:399: RuntimeWarning: divide by zero encountered in log
  result = getattr(ufunc, method)(*inputs, **kwargs)
/u/home/j/jamesdc1/.conda/envs/hpc-pi/lib/python3.11/site-packages/pandas/core/arraylike.py:399: RuntimeWarning: divide by zero encountered in log
  result = getattr(ufunc, method)(*inputs, **kwargs)
/u/home/j/jamesdc1/.conda/envs/hpc-pi/lib/python3.11/site-packages/pandas/core/arraylike.py:399: RuntimeWarning: divide by zero encountered in log
  result = getattr(ufunc, method)(*inputs, **kwargs)
/u/home/j/jamesdc1/.conda/envs/hpc-pi/lib/python3.11/site-packages/pandas/core/arraylike.py:399: RuntimeWarning: divide by zero encountered in log
  result = getattr(ufunc, method)(*inputs, **kwargs)
/u/home/j/jamesdc1/.conda/envs/hpc-pi/lib/python3.11/site-packages/pandas/core/arraylike.py:399: RuntimeWarning: divide by zero encountered in log
  result = getattr(ufunc, method)(*inputs, **kwargs)
/u/home/j/jamesdc1/.conda/envs/hpc-pi/lib/python3.11/site-packages/pandas/core/arraylike.py:399: RuntimeWarning: divide by zero encountered in log
  result = getattr(ufunc, method)(*inputs, **kwargs)
/u/home/j/jamesdc1/.conda/envs/hpc-pi/lib/python3.11/site-packages/pandas/core/arraylike.py:399: RuntimeWarning: divide by zero encountered in log
  result = getattr(ufunc, method)(*inputs, **kwargs)
/u/home/j/jamesdc1/.conda/envs/hpc-pi/lib/python3.11/site-packages/pandas/core/arraylike.py:399: RuntimeWarning: divide by zero encountered in log
  result = getattr(ufunc, method)(*inputs, **kwargs)
/u/home/j/jamesdc1/.conda/envs/hpc-pi/lib/python3.11/site-packages/pandas/core/arraylike.py:399: RuntimeWarning: divide by zero encountered in log
  result = getattr(ufunc, method)(*inputs, **kwargs)
/u/home/j/jamesdc1/.conda/envs/hpc-pi/lib/python3.11/site-packages/pandas/core/arraylike.py:399: RuntimeWarning: divide by zero encountered in log
  result = getattr(ufunc, method)(*inputs, **kwargs)
/u/home/j/jamesdc1/.conda/envs/hpc-pi/lib/python3.11/site-packages/pandas/core/arraylike.py:399: RuntimeWarning: divide by zero encountered in log
  result = getattr(ufunc, method)(*inputs, **kwargs)
/u/home/j/jamesdc1/.conda/envs/hpc-pi/lib/python3.11/site-packages/pandas/core/arraylike.py:399: RuntimeWarning: divide by zero encountered in log
  result = getattr(ufunc, method)(*inputs, **kwargs)
/u/home/j/jamesdc1/.conda/envs/hpc-pi/lib/python3.11/site-packages/pandas/core/arraylike.py:399: RuntimeWarning: divide by zero encountered in log
  result = getattr(ufunc, method)(*inputs, **kwargs)
/u/home/j/jamesdc1/.conda/envs/hpc-pi/lib/python3.11/site-packages/pandas/core/arraylike.py:399: RuntimeWarning: divide by zero encountered in log
  result = getattr(ufunc, method)(*inputs, **kwargs)
/u/home/j/jamesdc1/.conda/envs/hpc-pi/lib/python3.11/site-packages/pandas/core/arraylike.py:399: RuntimeWarning: divide by zero encountered in log
  result = getattr(ufunc, method)(*inputs, **kwargs)
/u/home/j/jamesdc1/.conda/envs/hpc-pi/lib/python3.11/site-packages/pandas/core/arraylike.py:399: RuntimeWarning: divide by zero encountered in log
  result = getattr(ufunc, method)(*inputs, **kwargs)
/u/home/j/jamesdc1/.conda/envs/hpc-pi/lib/python3.11/site-packages/pandas/core/arraylike.py:399: RuntimeWarning: divide by zero encountered in log
  result = getattr(ufunc, method)(*inputs, **kwargs)
/u/home/j/jamesdc1/.conda/envs/hpc-pi/lib/python3.11/site-packages/pandas/core/arraylike.py:399: RuntimeWarning: divide by zero encountered in log
  result = getattr(ufunc, method)(*inputs, **kwargs)
/u/home/j/jamesdc1/.conda/envs/hpc-pi/lib/python3.11/site-packages/pandas/core/arraylike.py:399: RuntimeWarning: divide by zero encountered in log
  result = getattr(ufunc, method)(*inputs, **kwargs)
/u/home/j/jamesdc1/.conda/envs/hpc-pi/lib/python3.11/site-packages/pandas/core/arraylike.py:399: RuntimeWarning: divide by zero encountered in log
  result = getattr(ufunc, method)(*inputs, **kwargs)
/u/home/j/jamesdc1/.conda/envs/hpc-pi/lib/python3.11/site-packages/pandas/core/arraylike.py:399: RuntimeWarning: divide by zero encountered in log
  result = getattr(ufunc, method)(*inputs, **kwargs)
/u/home/j/jamesdc1/.conda/envs/hpc-pi/lib/python3.11/site-packages/pandas/core/arraylike.py:399: RuntimeWarning: divide by zero encountered in log
  result = getattr(ufunc, method)(*inputs, **kwargs)
/u/home/j/jamesdc1/.conda/envs/hpc-pi/lib/python3.11/site-packages/pandas/core/arraylike.py:399: RuntimeWarning: divide by zero encountered in log
  result = getattr(ufunc, method)(*inputs, **kwargs)
/u/home/j/jamesdc1/.conda/envs/hpc-pi/lib/python3.11/site-packages/pandas/core/arraylike.py:399: RuntimeWarning: divide by zero encountered in log
  result = getattr(ufunc, method)(*inputs, **kwargs)
/u/home/j/jamesdc1/.conda/envs/hpc-pi/lib/python3.11/site-packages/pandas/core/arraylike.py:399: RuntimeWarning: divide by zero encountered in log
  result = getattr(ufunc, method)(*inputs, **kwargs)
/u/home/j/jamesdc1/.conda/envs/hpc-pi/lib/python3.11/site-packages/pandas/core/arraylike.py:399: RuntimeWarning: divide by zero encountered in log
  result = getattr(ufunc, method)(*inputs, **kwargs)
/u/home/j/jamesdc1/.conda/envs/hpc-pi/lib/python3.11/site-packages/pandas/core/arraylike.py:399: RuntimeWarning: divide by zero encountered in log
  result = getattr(ufunc, method)(*inputs, **kwargs)
/u/home/j/jamesdc1/.conda/envs/hpc-pi/lib/python3.11/site-packages/pandas/core/arraylike.py:399: RuntimeWarning: divide by zero encountered in log
  result = getattr(ufunc, method)(*inputs, **kwargs)
/u/home/j/jamesdc1/.conda/envs/hpc-pi/lib/python3.11/site-packages/pandas/core/arraylike.py:399: RuntimeWarning: divide by zero encountered in log
  result = getattr(ufunc, method)(*inputs, **kwargs)
/u/home/j/jamesdc1/.conda/envs/hpc-pi/lib/python3.11/site-packages/pandas/core/arraylike.py:399: RuntimeWarning: divide by zero encountered in log
  result = getattr(ufunc, method)(*inputs, **kwargs)
/u/home/j/jamesdc1/.conda/envs/hpc-pi/lib/python3.11/site-packages/pandas/core/arraylike.py:399: RuntimeWarning: divide by zero encountered in log
  result = getattr(ufunc, method)(*inputs, **kwargs)
/u/home/j/jamesdc1/.conda/envs/hpc-pi/lib/python3.11/site-packages/pandas/core/arraylike.py:399: RuntimeWarning: divide by zero encountered in log
  result = getattr(ufunc, method)(*inputs, **kwargs)
/u/home/j/jamesdc1/.conda/envs/hpc-pi/lib/python3.11/site-packages/pandas/core/arraylike.py:399: RuntimeWarning: divide by zero encountered in log
  result = getattr(ufunc, method)(*inputs, **kwargs)
/u/home/j/jamesdc1/.conda/envs/hpc-pi/lib/python3.11/site-packages/pandas/core/arraylike.py:399: RuntimeWarning: divide by zero encountered in log
  result = getattr(ufunc, method)(*inputs, **kwargs)
/u/home/j/jamesdc1/.conda/envs/hpc-pi/lib/python3.11/site-packages/pandas/core/arraylike.py:399: RuntimeWarning: divide by zero encountered in log
  result = getattr(ufunc, method)(*inputs, **kwargs)
/u/home/j/jamesdc1/.conda/envs/hpc-pi/lib/python3.11/site-packages/pandas/core/arraylike.py:399: RuntimeWarning: divide by zero encountered in log
  result = getattr(ufunc, method)(*inputs, **kwargs)
/u/home/j/jamesdc1/.conda/envs/hpc-pi/lib/python3.11/site-packages/pandas/core/arraylike.py:399: RuntimeWarning: divide by zero encountered in log
  result = getattr(ufunc, method)(*inputs, **kwargs)
/u/home/j/jamesdc1/.conda/envs/hpc-pi/lib/python3.11/site-packages/pandas/core/arraylike.py:399: RuntimeWarning: divide by zero encountered in log
  result = getattr(ufunc, method)(*inputs, **kwargs)
/u/home/j/jamesdc1/.conda/envs/hpc-pi/lib/python3.11/site-packages/pandas/core/arraylike.py:399: RuntimeWarning: divide by zero encountered in log
  result = getattr(ufunc, method)(*inputs, **kwargs)
/u/home/j/jamesdc1/.conda/envs/hpc-pi/lib/python3.11/site-packages/pandas/core/arraylike.py:399: RuntimeWarning: divide by zero encountered in log
  result = getattr(ufunc, method)(*inputs, **kwargs)
/u/home/j/jamesdc1/.conda/envs/hpc-pi/lib/python3.11/site-packages/pandas/core/arraylike.py:399: RuntimeWarning: divide by zero encountered in log
  result = getattr(ufunc, method)(*inputs, **kwargs)
/u/home/j/jamesdc1/.conda/envs/hpc-pi/lib/python3.11/site-packages/pandas/core/arraylike.py:399: RuntimeWarning: divide by zero encountered in log
  result = getattr(ufunc, method)(*inputs, **kwargs)
/u/home/j/jamesdc1/.conda/envs/hpc-pi/lib/python3.11/site-packages/pandas/core/arraylike.py:399: RuntimeWarning: divide by zero encountered in log
  result = getattr(ufunc, method)(*inputs, **kwargs)
/u/home/j/jamesdc1/.conda/envs/hpc-pi/lib/python3.11/site-packages/pandas/core/arraylike.py:399: RuntimeWarning: divide by zero encountered in log
  result = getattr(ufunc, method)(*inputs, **kwargs)
/u/home/j/jamesdc1/.conda/envs/hpc-pi/lib/python3.11/site-packages/pandas/core/arraylike.py:399: RuntimeWarning: divide by zero encountered in log
  result = getattr(ufunc, method)(*inputs, **kwargs)
/u/home/j/jamesdc1/.conda/envs/hpc-pi/lib/python3.11/site-packages/pandas/core/arraylike.py:399: RuntimeWarning: divide by zero encountered in log
  result = getattr(ufunc, method)(*inputs, **kwargs)
/u/home/j/jamesdc1/.conda/envs/hpc-pi/lib/python3.11/site-packages/pandas/core/arraylike.py:399: RuntimeWarning: divide by zero encountered in log
  result = getattr(ufunc, method)(*inputs, **kwargs)
/u/home/j/jamesdc1/.conda/envs/hpc-pi/lib/python3.11/site-packages/pandas/core/arraylike.py:399: RuntimeWarning: divide by zero encountered in log
  result = getattr(ufunc, method)(*inputs, **kwargs)
/u/home/j/jamesdc1/.conda/envs/hpc-pi/lib/python3.11/site-packages/pandas/core/arraylike.py:399: RuntimeWarning: divide by zero encountered in log
  result = getattr(ufunc, method)(*inputs, **kwargs)
/u/home/j/jamesdc1/.conda/envs/hpc-pi/lib/python3.11/site-packages/pandas/core/arraylike.py:399: RuntimeWarning: divide by zero encountered in log
  result = getattr(ufunc, method)(*inputs, **kwargs)
/u/home/j/jamesdc1/.conda/envs/hpc-pi/lib/python3.11/site-packages/pandas/core/arraylike.py:399: RuntimeWarning: divide by zero encountered in log
  result = getattr(ufunc, method)(*inputs, **kwargs)
/u/home/j/jamesdc1/.conda/envs/hpc-pi/lib/python3.11/site-packages/pandas/core/arraylike.py:399: RuntimeWarning: divide by zero encountered in log
  result = getattr(ufunc, method)(*inputs, **kwargs)
/u/home/j/jamesdc1/.conda/envs/hpc-pi/lib/python3.11/site-packages/pandas/core/arraylike.py:399: RuntimeWarning: divide by zero encountered in log
  result = getattr(ufunc, method)(*inputs, **kwargs)
/u/home/j/jamesdc1/.conda/envs/hpc-pi/lib/python3.11/site-packages/pandas/core/arraylike.py:399: RuntimeWarning: divide by zero encountered in log
  result = getattr(ufunc, method)(*inputs, **kwargs)
/u/home/j/jamesdc1/.conda/envs/hpc-pi/lib/python3.11/site-packages/pandas/core/arraylike.py:399: RuntimeWarning: divide by zero encountered in log
  result = getattr(ufunc, method)(*inputs, **kwargs)
/u/home/j/jamesdc1/.conda/envs/hpc-pi/lib/python3.11/site-packages/pandas/core/arraylike.py:399: RuntimeWarning: divide by zero encountered in log
  result = getattr(ufunc, method)(*inputs, **kwargs)
/u/home/j/jamesdc1/.conda/envs/hpc-pi/lib/python3.11/site-packages/pandas/core/arraylike.py:399: RuntimeWarning: divide by zero encountered in log
  result = getattr(ufunc, method)(*inputs, **kwargs)
/u/home/j/jamesdc1/.conda/envs/hpc-pi/lib/python3.11/site-packages/pandas/core/arraylike.py:399: RuntimeWarning: divide by zero encountered in log
  result = getattr(ufunc, method)(*inputs, **kwargs)
/u/home/j/jamesdc1/.conda/envs/hpc-pi/lib/python3.11/site-packages/pandas/core/arraylike.py:399: RuntimeWarning: divide by zero encountered in log
  result = getattr(ufunc, method)(*inputs, **kwargs)
/u/home/j/jamesdc1/.conda/envs/hpc-pi/lib/python3.11/site-packages/pandas/core/arraylike.py:399: RuntimeWarning: divide by zero encountered in log
  result = getattr(ufunc, method)(*inputs, **kwargs)
/u/home/j/jamesdc1/.conda/envs/hpc-pi/lib/python3.11/site-packages/pandas/core/arraylike.py:399: RuntimeWarning: divide by zero encountered in log
  result = getattr(ufunc, method)(*inputs, **kwargs)
/u/home/j/jamesdc1/.conda/envs/hpc-pi/lib/python3.11/site-packages/pandas/core/arraylike.py:399: RuntimeWarning: divide by zero encountered in log
  result = getattr(ufunc, method)(*inputs, **kwargs)
/u/home/j/jamesdc1/.conda/envs/hpc-pi/lib/python3.11/site-packages/pandas/core/arraylike.py:399: RuntimeWarning: divide by zero encountered in log
  result = getattr(ufunc, method)(*inputs, **kwargs)
/u/home/j/jamesdc1/.conda/envs/hpc-pi/lib/python3.11/site-packages/pandas/core/arraylike.py:399: RuntimeWarning: divide by zero encountered in log
  result = getattr(ufunc, method)(*inputs, **kwargs)
/u/home/j/jamesdc1/.conda/envs/hpc-pi/lib/python3.11/site-packages/pandas/core/arraylike.py:399: RuntimeWarning: divide by zero encountered in log
  result = getattr(ufunc, method)(*inputs, **kwargs)
/u/home/j/jamesdc1/.conda/envs/hpc-pi/lib/python3.11/site-packages/pandas/core/arraylike.py:399: RuntimeWarning: divide by zero encountered in log
  result = getattr(ufunc, method)(*inputs, **kwargs)
/u/home/j/jamesdc1/.conda/envs/hpc-pi/lib/python3.11/site-packages/pandas/core/arraylike.py:399: RuntimeWarning: divide by zero encountered in log
  result = getattr(ufunc, method)(*inputs, **kwargs)
/u/home/j/jamesdc1/.conda/envs/hpc-pi/lib/python3.11/site-packages/pandas/core/arraylike.py:399: RuntimeWarning: divide by zero encountered in log
  result = getattr(ufunc, method)(*inputs, **kwargs)
/u/home/j/jamesdc1/.conda/envs/hpc-pi/lib/python3.11/site-packages/pandas/core/arraylike.py:399: RuntimeWarning: divide by zero encountered in log
  result = getattr(ufunc, method)(*inputs, **kwargs)
/u/home/j/jamesdc1/.conda/envs/hpc-pi/lib/python3.11/site-packages/pandas/core/arraylike.py:399: RuntimeWarning: divide by zero encountered in log
  result = getattr(ufunc, method)(*inputs, **kwargs)
/u/home/j/jamesdc1/.conda/envs/hpc-pi/lib/python3.11/site-packages/pandas/core/arraylike.py:399: RuntimeWarning: divide by zero encountered in log
  result = getattr(ufunc, method)(*inputs, **kwargs)
/u/home/j/jamesdc1/.conda/envs/hpc-pi/lib/python3.11/site-packages/pandas/core/arraylike.py:399: RuntimeWarning: divide by zero encountered in log
  result = getattr(ufunc, method)(*inputs, **kwargs)
/u/home/j/jamesdc1/.conda/envs/hpc-pi/lib/python3.11/site-packages/pandas/core/arraylike.py:399: RuntimeWarning: divide by zero encountered in log
  result = getattr(ufunc, method)(*inputs, **kwargs)
/u/home/j/jamesdc1/.conda/envs/hpc-pi/lib/python3.11/site-packages/pandas/core/arraylike.py:399: RuntimeWarning: divide by zero encountered in log
  result = getattr(ufunc, method)(*inputs, **kwargs)
/u/home/j/jamesdc1/.conda/envs/hpc-pi/lib/python3.11/site-packages/pandas/core/arraylike.py:399: RuntimeWarning: divide by zero encountered in log
  result = getattr(ufunc, method)(*inputs, **kwargs)
/u/home/j/jamesdc1/.conda/envs/hpc-pi/lib/python3.11/site-packages/pandas/core/arraylike.py:399: RuntimeWarning: divide by zero encountered in log
  result = getattr(ufunc, method)(*inputs, **kwargs)
/u/home/j/jamesdc1/.conda/envs/hpc-pi/lib/python3.11/site-packages/pandas/core/arraylike.py:399: RuntimeWarning: divide by zero encountered in log
  result = getattr(ufunc, method)(*inputs, **kwargs)
/u/home/j/jamesdc1/.conda/envs/hpc-pi/lib/python3.11/site-packages/pandas/core/arraylike.py:399: RuntimeWarning: divide by zero encountered in log
  result = getattr(ufunc, method)(*inputs, **kwargs)
/u/home/j/jamesdc1/.conda/envs/hpc-pi/lib/python3.11/site-packages/pandas/core/arraylike.py:399: RuntimeWarning: divide by zero encountered in log
  result = getattr(ufunc, method)(*inputs, **kwargs)
/u/home/j/jamesdc1/.conda/envs/hpc-pi/lib/python3.11/site-packages/pandas/core/arraylike.py:399: RuntimeWarning: divide by zero encountered in log
  result = getattr(ufunc, method)(*inputs, **kwargs)
/u/home/j/jamesdc1/.conda/envs/hpc-pi/lib/python3.11/site-packages/pandas/core/arraylike.py:399: RuntimeWarning: divide by zero encountered in log
  result = getattr(ufunc, method)(*inputs, **kwargs)
/u/home/j/jamesdc1/.conda/envs/hpc-pi/lib/python3.11/site-packages/pandas/core/arraylike.py:399: RuntimeWarning: divide by zero encountered in log
  result = getattr(ufunc, method)(*inputs, **kwargs)
/u/home/j/jamesdc1/.conda/envs/hpc-pi/lib/python3.11/site-packages/pandas/core/arraylike.py:399: RuntimeWarning: divide by zero encountered in log
  result = getattr(ufunc, method)(*inputs, **kwargs)
/u/home/j/jamesdc1/.conda/envs/hpc-pi/lib/python3.11/site-packages/pandas/core/arraylike.py:399: RuntimeWarning: divide by zero encountered in log
  result = getattr(ufunc, method)(*inputs, **kwargs)
/u/home/j/jamesdc1/.conda/envs/hpc-pi/lib/python3.11/site-packages/pandas/core/arraylike.py:399: RuntimeWarning: divide by zero encountered in log
  result = getattr(ufunc, method)(*inputs, **kwargs)
/u/home/j/jamesdc1/.conda/envs/hpc-pi/lib/python3.11/site-packages/pandas/core/arraylike.py:399: RuntimeWarning: divide by zero encountered in log
  result = getattr(ufunc, method)(*inputs, **kwargs)
/u/home/j/jamesdc1/.conda/envs/hpc-pi/lib/python3.11/site-packages/pandas/core/arraylike.py:399: RuntimeWarning: divide by zero encountered in log
  result = getattr(ufunc, method)(*inputs, **kwargs)
/u/home/j/jamesdc1/.conda/envs/hpc-pi/lib/python3.11/site-packages/pandas/core/arraylike.py:399: RuntimeWarning: divide by zero encountered in log
  result = getattr(ufunc, method)(*inputs, **kwargs)
/u/home/j/jamesdc1/.conda/envs/hpc-pi/lib/python3.11/site-packages/pandas/core/arraylike.py:399: RuntimeWarning: divide by zero encountered in log
  result = getattr(ufunc, method)(*inputs, **kwargs)
/u/home/j/jamesdc1/.conda/envs/hpc-pi/lib/python3.11/site-packages/pandas/core/arraylike.py:399: RuntimeWarning: divide by zero encountered in log
  result = getattr(ufunc, method)(*inputs, **kwargs)
/u/home/j/jamesdc1/.conda/envs/hpc-pi/lib/python3.11/site-packages/pandas/core/arraylike.py:399: RuntimeWarning: divide by zero encountered in log
  result = getattr(ufunc, method)(*inputs, **kwargs)
/u/home/j/jamesdc1/.conda/envs/hpc-pi/lib/python3.11/site-packages/pandas/core/arraylike.py:399: RuntimeWarning: divide by zero encountered in log
  result = getattr(ufunc, method)(*inputs, **kwargs)
/u/home/j/jamesdc1/.conda/envs/hpc-pi/lib/python3.11/site-packages/pandas/core/arraylike.py:399: RuntimeWarning: divide by zero encountered in log
  result = getattr(ufunc, method)(*inputs, **kwargs)
/u/home/j/jamesdc1/.conda/envs/hpc-pi/lib/python3.11/site-packages/pandas/core/arraylike.py:399: RuntimeWarning: divide by zero encountered in log
  result = getattr(ufunc, method)(*inputs, **kwargs)
/u/home/j/jamesdc1/.conda/envs/hpc-pi/lib/python3.11/site-packages/pandas/core/arraylike.py:399: RuntimeWarning: divide by zero encountered in log
  result = getattr(ufunc, method)(*inputs, **kwargs)
/u/home/j/jamesdc1/.conda/envs/hpc-pi/lib/python3.11/site-packages/pandas/core/arraylike.py:399: RuntimeWarning: divide by zero encountered in log
  result = getattr(ufunc, method)(*inputs, **kwargs)
/u/home/j/jamesdc1/.conda/envs/hpc-pi/lib/python3.11/site-packages/pandas/core/arraylike.py:399: RuntimeWarning: divide by zero encountered in log
  result = getattr(ufunc, method)(*inputs, **kwargs)
/u/home/j/jamesdc1/.conda/envs/hpc-pi/lib/python3.11/site-packages/pandas/core/arraylike.py:399: RuntimeWarning: divide by zero encountered in log
  result = getattr(ufunc, method)(*inputs, **kwargs)
/u/home/j/jamesdc1/.conda/envs/hpc-pi/lib/python3.11/site-packages/pandas/core/arraylike.py:399: RuntimeWarning: divide by zero encountered in log
  result = getattr(ufunc, method)(*inputs, **kwargs)
/u/home/j/jamesdc1/.conda/envs/hpc-pi/lib/python3.11/site-packages/pandas/core/arraylike.py:399: RuntimeWarning: divide by zero encountered in log
  result = getattr(ufunc, method)(*inputs, **kwargs)
/u/home/j/jamesdc1/.conda/envs/hpc-pi/lib/python3.11/site-packages/pandas/core/arraylike.py:399: RuntimeWarning: divide by zero encountered in log
  result = getattr(ufunc, method)(*inputs, **kwargs)
/u/home/j/jamesdc1/.conda/envs/hpc-pi/lib/python3.11/site-packages/pandas/core/arraylike.py:399: RuntimeWarning: divide by zero encountered in log
  result = getattr(ufunc, method)(*inputs, **kwargs)
/u/home/j/jamesdc1/.conda/envs/hpc-pi/lib/python3.11/site-packages/pandas/core/arraylike.py:399: RuntimeWarning: divide by zero encountered in log
  result = getattr(ufunc, method)(*inputs, **kwargs)
/u/home/j/jamesdc1/.conda/envs/hpc-pi/lib/python3.11/site-packages/pandas/core/arraylike.py:399: RuntimeWarning: divide by zero encountered in log
  result = getattr(ufunc, method)(*inputs, **kwargs)
    segment    estimator  train_win  pooled_train_win  bar_end      sample     n      first  QLIKE_subsection  QLIKE_pooled     diff       pct    ci_lo    ci_hi   dm_stat  improves
    bar1000     reclasso        500               500 all bars      common  3119 2012-03-23           0.11349       0.11889 -0.00540  -4.53960 -0.00947 -0.00149  -2.58656      True
    bar1000     reclasso        500               500 all bars deck period  1116 2020-01-03           0.11429       0.11670 -0.00241  -2.06329 -0.00979  0.00536  -0.67182     False
    bar1000     reclasso        500               500    10:00      common  3119 2012-03-23           0.11349       0.11889 -0.00540  -4.53960 -0.00947 -0.00149  -2.58656      True
    bar1000     reclasso        500               500    10:00 deck period  1116 2020-01-03           0.11429       0.11670 -0.00241  -2.06329 -0.00979  0.00536  -0.67182     False
    bar1000     reclasso       2000               500 all bars      common  1619 2018-01-19           0.11096       0.12569 -0.01473 -11.71754 -0.02150 -0.00837  -4.55724      True
    bar1000     reclasso       2000               500 all bars deck period  1116 2020-01-03           0.10713       0.11670 -0.00957  -8.20124 -0.01723 -0.00203  -2.53892      True
    bar1000     reclasso       2000               500    10:00      common  1619 2018-01-19           0.11096       0.12569 -0.01473 -11.71754 -0.02150 -0.00837  -4.55724      True
    bar1000     reclasso       2000               500    10:00 deck period  1116 2020-01-03           0.10713       0.11670 -0.00957  -8.20124 -0.01723 -0.00203  -2.53892      True
    bar1000     reclasso       2000              2000 all bars      common  1619 2018-01-19           0.11096       0.12288 -0.01192  -9.70129 -0.01767 -0.00643  -4.24468      True
    bar1000     reclasso       2000              2000 all bars deck period  1116 2020-01-03           0.10713       0.11762 -0.01049  -8.91788 -0.01731 -0.00384  -3.03502      True
    bar1000     reclasso       2000              2000    10:00      common  1619 2018-01-19           0.11096       0.12288 -0.01192  -9.70129 -0.01767 -0.00643  -4.24468      True
    bar1000     reclasso       2000              2000    10:00 deck period  1116 2020-01-03           0.10713       0.11762 -0.01049  -8.91788 -0.01731 -0.00384  -3.03502      True
    bar1000 reclasticnet        500               500 all bars      common  3119 2012-03-23           0.11302       0.11886 -0.00583  -4.90869 -0.00929 -0.00234  -3.23770      True
    bar1000 reclasticnet        500               500 all bars deck period  1116 2020-01-03           0.11226       0.11666 -0.00439  -3.76568 -0.01142  0.00222  -1.48638     False
    bar1000 reclasticnet        500               500    10:00      common  3119 2012-03-23           0.11302       0.11886 -0.00583  -4.90869 -0.00929 -0.00234  -3.23770      True
    bar1000 reclasticnet        500               500    10:00 deck period  1116 2020-01-03           0.11226       0.11666 -0.00439  -3.76568 -0.01142  0.00222  -1.48638     False
    bar1000 reclasticnet       2000               500 all bars      common  1619 2018-01-19           0.11217       0.12564 -0.01347 -10.71939 -0.02022 -0.00696  -4.15319      True
    bar1000 reclasticnet       2000               500 all bars deck period  1116 2020-01-03           0.10859       0.11666 -0.00807  -6.91792 -0.01554 -0.00041  -2.21252      True
    bar1000 reclasticnet       2000               500    10:00      common  1619 2018-01-19           0.11217       0.12564 -0.01347 -10.71939 -0.02022 -0.00696  -4.15319      True
    bar1000 reclasticnet       2000               500    10:00 deck period  1116 2020-01-03           0.10859       0.11666 -0.00807  -6.91792 -0.01554 -0.00041  -2.21252      True
    bar1000 reclasticnet       2000              2000 all bars      common  1619 2018-01-19           0.11217       0.12302 -0.01085  -8.81953 -0.01662 -0.00520  -3.84895      True
    bar1000 reclasticnet       2000              2000 all bars deck period  1116 2020-01-03           0.10859       0.11795 -0.00936  -7.93606 -0.01653 -0.00264  -2.75689      True
    bar1000 reclasticnet       2000              2000    10:00      common  1619 2018-01-19           0.11217       0.12302 -0.01085  -8.81953 -0.01662 -0.00520  -3.84895      True
    bar1000 reclasticnet       2000              2000    10:00 deck period  1116 2020-01-03           0.10859       0.11795 -0.00936  -7.93606 -0.01653 -0.00264  -2.75689      True
    bar1000        ridge        500               500 all bars      common  3119 2012-03-23           0.11558       0.11824 -0.00267  -2.25553 -0.00687  0.00125  -1.30491     False
    bar1000        ridge        500               500 all bars deck period  1116 2020-01-03           0.11445       0.11526 -0.00081  -0.70606 -0.00776  0.00688  -0.24038     False
    bar1000        ridge        500               500    10:00      common  3119 2012-03-23           0.11558       0.11824 -0.00267  -2.25553 -0.00687  0.00125  -1.30491     False
    bar1000        ridge        500               500    10:00 deck period  1116 2020-01-03           0.11445       0.11526 -0.00081  -0.70606 -0.00776  0.00688  -0.24038     False
    bar1000        ridge       2000               500 all bars      common  1619 2018-01-19           0.11274       0.12467 -0.01193  -9.57037 -0.01854 -0.00554  -3.69327      True
    bar1000        ridge       2000               500 all bars deck period  1116 2020-01-03           0.10936       0.11526 -0.00590  -5.11650 -0.01292  0.00129  -1.66333     False
    bar1000        ridge       2000               500    10:00      common  1619 2018-01-19           0.11274       0.12467 -0.01193  -9.57037 -0.01854 -0.00554  -3.69327      True
    bar1000        ridge       2000               500    10:00 deck period  1116 2020-01-03           0.10936       0.11526 -0.00590  -5.11650 -0.01292  0.00129  -1.66333     False
    bar1000        ridge       2000              2000 all bars      common  1619 2018-01-19           0.11274       0.12256 -0.00982  -8.01450 -0.01573 -0.00376  -3.36860      True
    bar1000        ridge       2000              2000 all bars deck period  1116 2020-01-03           0.10936       0.11725 -0.00788  -6.72359 -0.01516 -0.00098  -2.28274      True
    bar1000        ridge       2000              2000    10:00      common  1619 2018-01-19           0.11274       0.12256 -0.00982  -8.01450 -0.01573 -0.00376  -3.36860      True
    bar1000        ridge       2000              2000    10:00 deck period  1116 2020-01-03           0.10936       0.11725 -0.00788  -6.72359 -0.01516 -0.00098  -2.28274      True
    bar1030     reclasso        500               500 all bars      common  3119 2012-03-23           0.14984       0.14988 -0.00004  -0.02509 -0.00439  0.00440  -0.01759     False
    bar1030     reclasso        500               500 all bars deck period  1116 2020-01-03           0.16324       0.15701  0.00623   3.96842 -0.00227  0.01748   1.55687     False
    bar1030     reclasso        500               500    10:30      common  3119 2012-03-23           0.14984       0.14988 -0.00004  -0.02509 -0.00439  0.00440  -0.01759     False
    bar1030     reclasso        500               500    10:30 deck period  1116 2020-01-03           0.16324       0.15701  0.00623   3.96842 -0.00227  0.01748   1.55687     False
    bar1030     reclasso       2000               500 all bars      common  1619 2018-01-19           0.15748       0.16242 -0.00494  -3.03945 -0.00990 -0.00029  -1.89058      True
    bar1030     reclasso       2000               500 all bars deck period  1116 2020-01-03           0.15330       0.15701 -0.00371  -2.36069 -0.01099  0.00264  -1.11588     False
    bar1030     reclasso       2000               500    10:30      common  1619 2018-01-19           0.15748       0.16242 -0.00494  -3.03945 -0.00990 -0.00029  -1.89058      True
    bar1030     reclasso       2000               500    10:30 deck period  1116 2020-01-03           0.15330       0.15701 -0.00371  -2.36069 -0.01099  0.00264  -1.11588     False
    bar1030     reclasso       2000              2000 all bars      common  1619 2018-01-19           0.15748       0.16211 -0.00462  -2.85301 -0.00849 -0.00080  -2.25382      True
    bar1030     reclasso       2000              2000 all bars deck period  1116 2020-01-03           0.15330       0.15826 -0.00496  -3.13484 -0.00954  0.00018  -1.97894     False
    bar1030     reclasso       2000              2000    10:30      common  1619 2018-01-19           0.15748       0.16211 -0.00462  -2.85301 -0.00849 -0.00080  -2.25382      True
    bar1030     reclasso       2000              2000    10:30 deck period  1116 2020-01-03           0.15330       0.15826 -0.00496  -3.13484 -0.00954  0.00018  -1.97894     False
    bar1030 reclasticnet        500               500 all bars      common  3119 2012-03-23           0.14997       0.14942  0.00056   0.37291 -0.00419  0.00523   0.23658     False
    bar1030 reclasticnet        500               500 all bars deck period  1116 2020-01-03           0.16319       0.15689  0.00630   4.01443 -0.00229  0.01740   1.53444     False
    bar1030 reclasticnet        500               500    10:30      common  3119 2012-03-23           0.14997       0.14942  0.00056   0.37291 -0.00419  0.00523   0.23658     False
    bar1030 reclasticnet        500               500    10:30 deck period  1116 2020-01-03           0.16319       0.15689  0.00630   4.01443 -0.00229  0.01740   1.53444     False
    bar1030 reclasticnet       2000               500 all bars      common  1619 2018-01-19           0.15836       0.16212 -0.00377  -2.32393 -0.00884  0.00104  -1.44282     False
    bar1030 reclasticnet       2000               500 all bars deck period  1116 2020-01-03           0.15323       0.15689 -0.00366  -2.33261 -0.01100  0.00290  -1.04768     False
    bar1030 reclasticnet       2000               500    10:30      common  1619 2018-01-19           0.15836       0.16212 -0.00377  -2.32393 -0.00884  0.00104  -1.44282     False
    bar1030 reclasticnet       2000               500    10:30 deck period  1116 2020-01-03           0.15323       0.15689 -0.00366  -2.33261 -0.01100  0.00290  -1.04768     False
    bar1030 reclasticnet       2000              2000 all bars      common  1619 2018-01-19           0.15836       0.16149 -0.00313  -1.94046 -0.00706  0.00069  -1.56830     False
    bar1030 reclasticnet       2000              2000 all bars deck period  1116 2020-01-03           0.15323       0.15770 -0.00447  -2.83459 -0.00945  0.00101  -1.67710     False
    bar1030 reclasticnet       2000              2000    10:30      common  1619 2018-01-19           0.15836       0.16149 -0.00313  -1.94046 -0.00706  0.00069  -1.56830     False
    bar1030 reclasticnet       2000              2000    10:30 deck period  1116 2020-01-03           0.15323       0.15770 -0.00447  -2.83459 -0.00945  0.00101  -1.67710     False
    bar1030        ridge        500               500 all bars      common  3119 2012-03-23           0.15033       0.14931  0.00102   0.68478 -0.00377  0.00606   0.41486     False
    bar1030        ridge        500               500 all bars deck period  1116 2020-01-03           0.16471       0.15664  0.00807   5.15149 -0.00050  0.01959   1.81135     False
    bar1030        ridge        500               500    10:30      common  3119 2012-03-23           0.15033       0.14931  0.00102   0.68478 -0.00377  0.00606   0.41486     False
    bar1030        ridge        500               500    10:30 deck period  1116 2020-01-03           0.16471       0.15664  0.00807   5.15149 -0.00050  0.01959   1.81135     False
    bar1030        ridge       2000               500 all bars      common  1619 2018-01-19           0.15836       0.16193 -0.00357  -2.20655 -0.00902  0.00126  -1.31045     False
    bar1030        ridge       2000               500 all bars deck period  1116 2020-01-03           0.15463       0.15664 -0.00201  -1.28616 -0.00962  0.00440  -0.57785     False
    bar1030        ridge       2000               500    10:30      common  1619 2018-01-19           0.15836       0.16193 -0.00357  -2.20655 -0.00902  0.00126  -1.31045     False
    bar1030        ridge       2000               500    10:30 deck period  1116 2020-01-03           0.15463       0.15664 -0.00201  -1.28616 -0.00962  0.00440  -0.57785     False
    bar1030        ridge       2000              2000 all bars      common  1619 2018-01-19           0.15836       0.16139 -0.00303  -1.87912 -0.00732  0.00109  -1.34068     False
    bar1030        ridge       2000              2000 all bars deck period  1116 2020-01-03           0.15463       0.15754 -0.00291  -1.84941 -0.00783  0.00243  -1.10555     False
    bar1030        ridge       2000              2000    10:30      common  1619 2018-01-19           0.15836       0.16139 -0.00303  -1.87912 -0.00732  0.00109  -1.34068     False
    bar1030        ridge       2000              2000    10:30 deck period  1116 2020-01-03           0.15463       0.15754 -0.00291  -1.84941 -0.00783  0.00243  -1.10555     False
    bar1100     reclasso        500               500 all bars      common  3119 2012-03-23           0.12906       0.13048 -0.00143  -1.09277 -0.00462  0.00167  -0.93331     False
    bar1100     reclasso        500               500 all bars deck period  1116 2020-01-03           0.14724       0.14537  0.00187   1.28601 -0.00459  0.00911   0.58823     False
    bar1100     reclasso        500               500    11:00      common  3119 2012-03-23           0.12906       0.13048 -0.00143  -1.09277 -0.00462  0.00167  -0.93331     False
    bar1100     reclasso        500               500    11:00 deck period  1116 2020-01-03           0.14724       0.14537  0.00187   1.28601 -0.00459  0.00911   0.58823     False
    bar1100     reclasso       2000               500 all bars      common  1619 2018-01-19           0.14219       0.13847  0.00372   2.68813 -0.00105  0.00847   1.72092     False
    bar1100     reclasso       2000               500 all bars deck period  1116 2020-01-03           0.15107       0.14537  0.00570   3.92174  0.00015  0.01275   2.10558     False
    bar1100     reclasso       2000               500    11:00      common  1619 2018-01-19           0.14219       0.13847  0.00372   2.68813 -0.00105  0.00847   1.72092     False
    bar1100     reclasso       2000               500    11:00 deck period  1116 2020-01-03           0.15107       0.14537  0.00570   3.92174  0.00015  0.01275   2.10558     False
    bar1100     reclasso       2000              2000 all bars      common  1619 2018-01-19           0.14219       0.14178  0.00041   0.28767 -0.00323  0.00437   0.23125     False
    bar1100     reclasso       2000              2000 all bars deck period  1116 2020-01-03           0.15107       0.15103  0.00004   0.02613 -0.00446  0.00560   0.01742     False
    bar1100     reclasso       2000              2000    11:00      common  1619 2018-01-19           0.14219       0.14178  0.00041   0.28767 -0.00323  0.00437   0.23125     False
    bar1100     reclasso       2000              2000    11:00 deck period  1116 2020-01-03           0.15107       0.15103  0.00004   0.02613 -0.00446  0.00560   0.01742     False
    bar1100 reclasticnet        500               500 all bars      common  3119 2012-03-23           0.12864       0.13005 -0.00140  -1.07894 -0.00438  0.00155  -0.91272     False
    bar1100 reclasticnet        500               500 all bars deck period  1116 2020-01-03           0.14716       0.14478  0.00237   1.63956 -0.00251  0.00754   0.94495     False
    bar1100 reclasticnet        500               500    11:00      common  3119 2012-03-23           0.12864       0.13005 -0.00140  -1.07894 -0.00438  0.00155  -0.91272     False
    bar1100 reclasticnet        500               500    11:00 deck period  1116 2020-01-03           0.14716       0.14478  0.00237   1.63956 -0.00251  0.00754   0.94495     False
    bar1100 reclasticnet       2000               500 all bars      common  1619 2018-01-19           0.14127       0.13783  0.00344   2.49440 -0.00136  0.00827   1.49650     False
    bar1100 reclasticnet       2000               500 all bars deck period  1116 2020-01-03           0.14967       0.14478  0.00489   3.37474 -0.00086  0.01169   1.73134     False
    bar1100 reclasticnet       2000               500    11:00      common  1619 2018-01-19           0.14127       0.13783  0.00344   2.49440 -0.00136  0.00827   1.49650     False
    bar1100 reclasticnet       2000               500    11:00 deck period  1116 2020-01-03           0.14967       0.14478  0.00489   3.37474 -0.00086  0.01169   1.73134     False
    bar1100 reclasticnet       2000              2000 all bars      common  1619 2018-01-19           0.14127       0.14172 -0.00045  -0.31614 -0.00416  0.00336  -0.25013     False
    bar1100 reclasticnet       2000              2000 all bars deck period  1116 2020-01-03           0.14967       0.15096 -0.00129  -0.85764 -0.00560  0.00378  -0.57347     False
    bar1100 reclasticnet       2000              2000    11:00      common  1619 2018-01-19           0.14127       0.14172 -0.00045  -0.31614 -0.00416  0.00336  -0.25013     False
    bar1100 reclasticnet       2000              2000    11:00 deck period  1116 2020-01-03           0.14967       0.15096 -0.00129  -0.85764 -0.00560  0.00378  -0.57347     False
    bar1100        ridge        500               500 all bars      common  3119 2012-03-23           0.13262       0.12997  0.00265   2.04228 -0.00074  0.00605   1.56664     False
    bar1100        ridge        500               500 all bars deck period  1116 2020-01-03           0.15135       0.14494  0.00640   4.41848  0.00066  0.01300   2.08142     False
    bar1100        ridge        500               500    11:00      common  3119 2012-03-23           0.13262       0.12997  0.00265   2.04228 -0.00074  0.00605   1.56664     False
    bar1100        ridge        500               500    11:00 deck period  1116 2020-01-03           0.15135       0.14494  0.00640   4.41848  0.00066  0.01300   2.08142     False
    bar1100        ridge       2000               500 all bars      common  1619 2018-01-19           0.13945       0.13798  0.00147   1.06348 -0.00370  0.00689   0.56767     False
    bar1100        ridge       2000               500 all bars deck period  1116 2020-01-03           0.14636       0.14494  0.00141   0.97486 -0.00524  0.00901   0.42820     False
    bar1100        ridge       2000               500    11:00      common  1619 2018-01-19           0.13945       0.13798  0.00147   1.06348 -0.00370  0.00689   0.56767     False
    bar1100        ridge       2000               500    11:00 deck period  1116 2020-01-03           0.14636       0.14494  0.00141   0.97486 -0.00524  0.00901   0.42820     False
    bar1100        ridge       2000              2000 all bars      common  1619 2018-01-19           0.13945       0.14063 -0.00118  -0.84087 -0.00529  0.00317  -0.57396     False
    bar1100        ridge       2000              2000 all bars deck period  1116 2020-01-03           0.14636       0.14977 -0.00341  -2.27829 -0.00853  0.00204  -1.31440     False
    bar1100        ridge       2000              2000    11:00      common  1619 2018-01-19           0.13945       0.14063 -0.00118  -0.84087 -0.00529  0.00317  -0.57396     False
    bar1100        ridge       2000              2000    11:00 deck period  1116 2020-01-03           0.14636       0.14977 -0.00341  -2.27829 -0.00853  0.00204  -1.31440     False
    bar1130     reclasso        500               500 all bars      common  3121 2012-03-21           0.13004       0.13451 -0.00447  -3.32333 -0.00921 -0.00025  -2.08243      True
    bar1130     reclasso        500               500 all bars deck period  1116 2020-01-03           0.13975       0.14281 -0.00306  -2.14387 -0.00765  0.00113  -1.38635     False
    bar1130     reclasso        500               500    11:30      common  3121 2012-03-21           0.13004       0.13451 -0.00447  -3.32333 -0.00921 -0.00025  -2.08243      True
    bar1130     reclasso        500               500    11:30 deck period  1116 2020-01-03           0.13975       0.14281 -0.00306  -2.14387 -0.00765  0.00113  -1.38635     False
    bar1130     reclasso       2000               500 all bars      common  1621 2018-01-17           0.13416       0.13771 -0.00355  -2.57718 -0.00786  0.00035  -1.88514     False
    bar1130     reclasso       2000               500 all bars deck period  1116 2020-01-03           0.13952       0.14281 -0.00329  -2.30583 -0.00867  0.00184  -1.43605     False
    bar1130     reclasso       2000               500    11:30      common  1621 2018-01-17           0.13416       0.13771 -0.00355  -2.57718 -0.00786  0.00035  -1.88514     False
    bar1130     reclasso       2000               500    11:30 deck period  1116 2020-01-03           0.13952       0.14281 -0.00329  -2.30583 -0.00867  0.00184  -1.43605     False
    bar1130     reclasso       2000              2000 all bars      common  1621 2018-01-17           0.13416       0.14080 -0.00664  -4.71553 -0.01008 -0.00315  -4.01966      True
    bar1130     reclasso       2000              2000 all bars deck period  1116 2020-01-03           0.13952       0.14934 -0.00983  -6.57958 -0.01390 -0.00592  -5.24359      True
    bar1130     reclasso       2000              2000    11:30      common  1621 2018-01-17           0.13416       0.14080 -0.00664  -4.71553 -0.01008 -0.00315  -4.01966      True
    bar1130     reclasso       2000              2000    11:30 deck period  1116 2020-01-03           0.13952       0.14934 -0.00983  -6.57958 -0.01390 -0.00592  -5.24359      True
    bar1130 reclasticnet        500               500 all bars      common  3121 2012-03-21           0.13107       0.13422 -0.00315  -2.34519 -0.00807  0.00268  -1.22624     False
    bar1130 reclasticnet        500               500 all bars deck period  1116 2020-01-03           0.13782       0.14225 -0.00442  -3.11060 -0.00882 -0.00036  -2.02442      True
    bar1130 reclasticnet        500               500    11:30      common  3121 2012-03-21           0.13107       0.13422 -0.00315  -2.34519 -0.00807  0.00268  -1.22624     False
    bar1130 reclasticnet        500               500    11:30 deck period  1116 2020-01-03           0.13782       0.14225 -0.00442  -3.11060 -0.00882 -0.00036  -2.02442      True
    bar1130 reclasticnet       2000               500 all bars      common  1621 2018-01-17           0.13474       0.13729 -0.00255  -1.85682 -0.00639  0.00120  -1.49008     False
    bar1130 reclasticnet       2000               500 all bars deck period  1116 2020-01-03           0.14056       0.14225 -0.00169  -1.18958 -0.00620  0.00297  -0.86446     False
    bar1130 reclasticnet       2000               500    11:30      common  1621 2018-01-17           0.13474       0.13729 -0.00255  -1.85682 -0.00639  0.00120  -1.49008     False
    bar1130 reclasticnet       2000               500    11:30 deck period  1116 2020-01-03           0.14056       0.14225 -0.00169  -1.18958 -0.00620  0.00297  -0.86446     False
    bar1130 reclasticnet       2000              2000 all bars      common  1621 2018-01-17           0.13474       0.14020 -0.00546  -3.89372 -0.00888 -0.00194  -3.57804      True
    bar1130 reclasticnet       2000              2000 all bars deck period  1116 2020-01-03           0.14056       0.14878 -0.00823  -5.52972 -0.01197 -0.00443  -4.95548      True
    bar1130 reclasticnet       2000              2000    11:30      common  1621 2018-01-17           0.13474       0.14020 -0.00546  -3.89372 -0.00888 -0.00194  -3.57804      True
    bar1130 reclasticnet       2000              2000    11:30 deck period  1116 2020-01-03           0.14056       0.14878 -0.00823  -5.52972 -0.01197 -0.00443  -4.95548      True
    bar1130        ridge        500               500 all bars      common  3121 2012-03-21           0.13870       0.13398  0.00472   3.52640 -0.00153  0.01066   1.65486     False
    bar1130        ridge        500               500 all bars deck period  1116 2020-01-03           0.14367       0.14238  0.00129   0.90657 -0.00316  0.00595   0.54401     False
    bar1130        ridge        500               500    11:30      common  3121 2012-03-21           0.13870       0.13398  0.00472   3.52640 -0.00153  0.01066   1.65486     False
    bar1130        ridge        500               500    11:30 deck period  1116 2020-01-03           0.14367       0.14238  0.00129   0.90657 -0.00316  0.00595   0.54401     False
    bar1130        ridge       2000               500 all bars      common  1621 2018-01-17           0.13598       0.13755 -0.00156  -1.13657 -0.00601  0.00260  -0.77619     False
    bar1130        ridge       2000               500 all bars deck period  1116 2020-01-03           0.14098       0.14238 -0.00140  -0.98446 -0.00604  0.00353  -0.67436     False
    bar1130        ridge       2000               500    11:30      common  1621 2018-01-17           0.13598       0.13755 -0.00156  -1.13657 -0.00601  0.00260  -0.77619     False
    bar1130        ridge       2000               500    11:30 deck period  1116 2020-01-03           0.14098       0.14238 -0.00140  -0.98446 -0.00604  0.00353  -0.67436     False
    bar1130        ridge       2000              2000 all bars      common  1621 2018-01-17           0.13598       0.14006 -0.00408  -2.91026 -0.00776 -0.00037  -2.30250      True
    bar1130        ridge       2000              2000 all bars deck period  1116 2020-01-03           0.14098       0.14844 -0.00746  -5.02731 -0.01136 -0.00351  -4.10707      True
    bar1130        ridge       2000              2000    11:30      common  1621 2018-01-17           0.13598       0.14006 -0.00408  -2.91026 -0.00776 -0.00037  -2.30250      True
    bar1130        ridge       2000              2000    11:30 deck period  1116 2020-01-03           0.14098       0.14844 -0.00746  -5.02731 -0.01136 -0.00351  -4.10707      True
    bar1200     reclasso        500               500 all bars      common  3060 2012-05-31           0.13285       0.13918 -0.00633  -4.54733 -0.00909 -0.00397  -4.72931      True
    bar1200     reclasso        500               500 all bars deck period  1116 2020-01-03           0.12973       0.13757 -0.00783  -5.69400 -0.01256 -0.00296  -3.06915      True
    bar1200     reclasso        500               500    12:00      common  3060 2012-05-31           0.13285       0.13918 -0.00633  -4.54733 -0.00909 -0.00397  -4.72931      True
    bar1200     reclasso        500               500    12:00 deck period  1116 2020-01-03           0.12973       0.13757 -0.00783  -5.69400 -0.01256 -0.00296  -3.06915      True
    bar1200     reclasso       2000               500 all bars      common  1560 2018-04-13           0.14884       0.15435 -0.00550  -3.56428 -0.01021 -0.00039  -2.57173      True
    bar1200     reclasso       2000               500 all bars deck period  1116 2020-01-03           0.13638       0.13757 -0.00118  -0.86013 -0.00634  0.00454  -0.52038     False
    bar1200     reclasso       2000               500    12:00      common  1560 2018-04-13           0.14884       0.15435 -0.00550  -3.56428 -0.01021 -0.00039  -2.57173      True
    bar1200     reclasso       2000               500    12:00 deck period  1116 2020-01-03           0.13638       0.13757 -0.00118  -0.86013 -0.00634  0.00454  -0.52038     False
    bar1200     reclasso       2000              2000 all bars      common  1560 2018-04-13           0.14884       0.15834 -0.00950  -5.99770 -0.01347 -0.00516  -4.69853      True
    bar1200     reclasso       2000              2000 all bars deck period  1116 2020-01-03           0.13638       0.14370 -0.00731  -5.08975 -0.01142 -0.00265  -3.39769      True
    bar1200     reclasso       2000              2000    12:00      common  1560 2018-04-13           0.14884       0.15834 -0.00950  -5.99770 -0.01347 -0.00516  -4.69853      True
    bar1200     reclasso       2000              2000    12:00 deck period  1116 2020-01-03           0.13638       0.14370 -0.00731  -5.08975 -0.01142 -0.00265  -3.39769      True
    bar1200 reclasticnet        500               500 all bars      common  3060 2012-05-31           0.13393       0.13866 -0.00473  -3.41128 -0.00777 -0.00187  -3.06582      True
    bar1200 reclasticnet        500               500 all bars deck period  1116 2020-01-03           0.13113       0.13710 -0.00597  -4.35103 -0.01081 -0.00049  -2.22080      True
    bar1200 reclasticnet        500               500    12:00      common  3060 2012-05-31           0.13393       0.13866 -0.00473  -3.41128 -0.00777 -0.00187  -3.06582      True
    bar1200 reclasticnet        500               500    12:00 deck period  1116 2020-01-03           0.13113       0.13710 -0.00597  -4.35103 -0.01081 -0.00049  -2.22080      True
    bar1200 reclasticnet       2000               500 all bars      common  1560 2018-04-13           0.14879       0.15379 -0.00501  -3.25635 -0.00995  0.00069  -2.04586     False
    bar1200 reclasticnet       2000               500 all bars deck period  1116 2020-01-03           0.13565       0.13710 -0.00144  -1.05177 -0.00742  0.00527  -0.52974     False
    bar1200 reclasticnet       2000               500    12:00      common  1560 2018-04-13           0.14879       0.15379 -0.00501  -3.25635 -0.00995  0.00069  -2.04586     False
    bar1200 reclasticnet       2000               500    12:00 deck period  1116 2020-01-03           0.13565       0.13710 -0.00144  -1.05177 -0.00742  0.00527  -0.52974     False
    bar1200 reclasticnet       2000              2000 all bars      common  1560 2018-04-13           0.14879       0.15837 -0.00959  -6.05436 -0.01371 -0.00476  -4.33893      True
    bar1200 reclasticnet       2000              2000 all bars deck period  1116 2020-01-03           0.13565       0.14386 -0.00821  -5.70637 -0.01257 -0.00285  -3.24667      True
    bar1200 reclasticnet       2000              2000    12:00      common  1560 2018-04-13           0.14879       0.15837 -0.00959  -6.05436 -0.01371 -0.00476  -4.33893      True
    bar1200 reclasticnet       2000              2000    12:00 deck period  1116 2020-01-03           0.13565       0.14386 -0.00821  -5.70637 -0.01257 -0.00285  -3.24667      True
    bar1200        ridge        500               500 all bars      common  3060 2012-05-31           0.14172       0.13878  0.00294   2.11893 -0.00081  0.00695   1.40962     False
    bar1200        ridge        500               500 all bars deck period  1116 2020-01-03           0.13936       0.13836  0.00100   0.72421 -0.00418  0.00688   0.33907     False
    bar1200        ridge        500               500    12:00      common  3060 2012-05-31           0.14172       0.13878  0.00294   2.11893 -0.00081  0.00695   1.40962     False
    bar1200        ridge        500               500    12:00 deck period  1116 2020-01-03           0.13936       0.13836  0.00100   0.72421 -0.00418  0.00688   0.33907     False
    bar1200        ridge       2000               500 all bars      common  1560 2018-04-13           0.14917       0.15464 -0.00548  -3.54262 -0.01030 -0.00003  -2.38783      True
    bar1200        ridge       2000               500 all bars deck period  1116 2020-01-03           0.13662       0.13836 -0.00174  -1.25718 -0.00732  0.00496  -0.66974     False
    bar1200        ridge       2000               500    12:00      common  1560 2018-04-13           0.14917       0.15464 -0.00548  -3.54262 -0.01030 -0.00003  -2.38783      True
    bar1200        ridge       2000               500    12:00 deck period  1116 2020-01-03           0.13662       0.13836 -0.00174  -1.25718 -0.00732  0.00496  -0.66974     False
    bar1200        ridge       2000              2000 all bars      common  1560 2018-04-13           0.14917       0.15701 -0.00785  -4.99700 -0.01167 -0.00323  -3.72188      True
    bar1200        ridge       2000              2000 all bars deck period  1116 2020-01-03           0.13662       0.14293 -0.00631  -4.41147 -0.01073 -0.00103  -2.51917      True
    bar1200        ridge       2000              2000    12:00      common  1560 2018-04-13           0.14917       0.15701 -0.00785  -4.99700 -0.01167 -0.00323  -3.72188      True
    bar1200        ridge       2000              2000    12:00 deck period  1116 2020-01-03           0.13662       0.14293 -0.00631  -4.41147 -0.01073 -0.00103  -2.51917      True
    bar1230     reclasso        500               500 all bars      common  3060 2012-05-31           0.14044       0.14641 -0.00597  -4.07904 -0.00893 -0.00300  -3.84895      True
    bar1230     reclasso        500               500 all bars deck period  1116 2020-01-03           0.14683       0.14997 -0.00314  -2.09332 -0.00832  0.00210  -1.11179     False
    bar1230     reclasso        500               500    12:30      common  3060 2012-05-31           0.14044       0.14641 -0.00597  -4.07904 -0.00893 -0.00300  -3.84895      True
    bar1230     reclasso        500               500    12:30 deck period  1116 2020-01-03           0.14683       0.14997 -0.00314  -2.09332 -0.00832  0.00210  -1.11179     False
    bar1230     reclasso       2000               500 all bars      common  1560 2018-04-13           0.15889       0.16007 -0.00118  -0.73864 -0.00668  0.00465  -0.42910     False
    bar1230     reclasso       2000               500 all bars deck period  1116 2020-01-03           0.15296       0.14997  0.00298   1.99010 -0.00213  0.00841   1.21166     False
    bar1230     reclasso       2000               500    12:30      common  1560 2018-04-13           0.15889       0.16007 -0.00118  -0.73864 -0.00668  0.00465  -0.42910     False
    bar1230     reclasso       2000               500    12:30 deck period  1116 2020-01-03           0.15296       0.14997  0.00298   1.99010 -0.00213  0.00841   1.21166     False
    bar1230     reclasso       2000              2000 all bars      common  1560 2018-04-13           0.15889       0.16592 -0.00703  -4.23705 -0.01229 -0.00118  -2.64053      True
    bar1230     reclasso       2000              2000 all bars deck period  1116 2020-01-03           0.15296       0.15893 -0.00597  -3.75519 -0.01064 -0.00057  -2.86650      True
    bar1230     reclasso       2000              2000    12:30      common  1560 2018-04-13           0.15889       0.16592 -0.00703  -4.23705 -0.01229 -0.00118  -2.64053      True
    bar1230     reclasso       2000              2000    12:30 deck period  1116 2020-01-03           0.15296       0.15893 -0.00597  -3.75519 -0.01064 -0.00057  -2.86650      True
    bar1230 reclasticnet        500               500 all bars      common  3060 2012-05-31           0.14017       0.14573 -0.00556  -3.81270 -0.00885 -0.00234  -3.38634      True
    bar1230 reclasticnet        500               500 all bars deck period  1116 2020-01-03           0.14735       0.14953 -0.00218  -1.45469 -0.00767  0.00337  -0.74703     False
    bar1230 reclasticnet        500               500    12:30      common  3060 2012-05-31           0.14017       0.14573 -0.00556  -3.81270 -0.00885 -0.00234  -3.38634      True
    bar1230 reclasticnet        500               500    12:30 deck period  1116 2020-01-03           0.14735       0.14953 -0.00218  -1.45469 -0.00767  0.00337  -0.74703     False
    bar1230 reclasticnet       2000               500 all bars      common  1560 2018-04-13           0.15767       0.15944 -0.00177  -1.10962 -0.00754  0.00420  -0.62277     False
    bar1230 reclasticnet       2000               500 all bars deck period  1116 2020-01-03           0.15133       0.14953  0.00181   1.20888 -0.00289  0.00641   0.82879     False
    bar1230 reclasticnet       2000               500    12:30      common  1560 2018-04-13           0.15767       0.15944 -0.00177  -1.10962 -0.00754  0.00420  -0.62277     False
    bar1230 reclasticnet       2000               500    12:30 deck period  1116 2020-01-03           0.15133       0.14953  0.00181   1.20888 -0.00289  0.00641   0.82879     False
    bar1230 reclasticnet       2000              2000 all bars      common  1560 2018-04-13           0.15767       0.16606 -0.00839  -5.05510 -0.01373 -0.00263  -3.09598      True
    bar1230 reclasticnet       2000              2000 all bars deck period  1116 2020-01-03           0.15133       0.15914 -0.00781  -4.90746 -0.01188 -0.00353  -4.30958      True
    bar1230 reclasticnet       2000              2000    12:30      common  1560 2018-04-13           0.15767       0.16606 -0.00839  -5.05510 -0.01373 -0.00263  -3.09598      True
    bar1230 reclasticnet       2000              2000    12:30 deck period  1116 2020-01-03           0.15133       0.15914 -0.00781  -4.90746 -0.01188 -0.00353  -4.30958      True
    bar1230        ridge        500               500 all bars      common  3060 2012-05-31           0.14531       0.14570 -0.00039  -0.26691 -0.00415  0.00329  -0.20101     False
    bar1230        ridge        500               500 all bars deck period  1116 2020-01-03           0.15282       0.14993  0.00289   1.92733 -0.00345  0.00915   0.90348     False
    bar1230        ridge        500               500    12:30      common  3060 2012-05-31           0.14531       0.14570 -0.00039  -0.26691 -0.00415  0.00329  -0.20101     False
    bar1230        ridge        500               500    12:30 deck period  1116 2020-01-03           0.15282       0.14993  0.00289   1.92733 -0.00345  0.00915   0.90348     False
    bar1230        ridge       2000               500 all bars      common  1560 2018-04-13           0.16161       0.15951  0.00210   1.31464 -0.00327  0.00749   0.76597     False
    bar1230        ridge       2000               500 all bars deck period  1116 2020-01-03           0.15330       0.14993  0.00338   2.25116 -0.00124  0.00802   1.51012     False
    bar1230        ridge       2000               500    12:30      common  1560 2018-04-13           0.16161       0.15951  0.00210   1.31464 -0.00327  0.00749   0.76597     False
    bar1230        ridge       2000               500    12:30 deck period  1116 2020-01-03           0.15330       0.14993  0.00338   2.25116 -0.00124  0.00802   1.51012     False
    bar1230        ridge       2000              2000 all bars      common  1560 2018-04-13           0.16161       0.16442 -0.00281  -1.70778 -0.00805  0.00280  -1.03297     False
    bar1230        ridge       2000              2000 all bars deck period  1116 2020-01-03           0.15330       0.15743 -0.00413  -2.62058 -0.00828  0.00030  -2.22745     False
    bar1230        ridge       2000              2000    12:30      common  1560 2018-04-13           0.16161       0.16442 -0.00281  -1.70778 -0.00805  0.00280  -1.03297     False
    bar1230        ridge       2000              2000    12:30 deck period  1116 2020-01-03           0.15330       0.15743 -0.00413  -2.62058 -0.00828  0.00030  -2.22745     False
    bar1300     reclasso        500               500 all bars      common  3060 2012-05-31           0.15789       0.16190 -0.00402  -2.48092 -0.00776 -0.00015  -2.16885      True
    bar1300     reclasso        500               500 all bars deck period  1116 2020-01-03           0.15973       0.16876 -0.00903  -5.35033 -0.01665 -0.00154  -2.49522      True
    bar1300     reclasso        500               500    13:00      common  3060 2012-05-31           0.15789       0.16190 -0.00402  -2.48092 -0.00776 -0.00015  -2.16885      True
    bar1300     reclasso        500               500    13:00 deck period  1116 2020-01-03           0.15973       0.16876 -0.00903  -5.35033 -0.01665 -0.00154  -2.49522      True
    bar1300     reclasso       2000               500 all bars      common  1560 2018-04-13           0.17842       0.18207 -0.00365  -2.00645 -0.00877  0.00161  -1.56546     False
    bar1300     reclasso       2000               500 all bars deck period  1116 2020-01-03           0.16894       0.16876  0.00017   0.10243 -0.00578  0.00630   0.06828     False
    bar1300     reclasso       2000               500    13:00      common  1560 2018-04-13           0.17842       0.18207 -0.00365  -2.00645 -0.00877  0.00161  -1.56546     False
    bar1300     reclasso       2000               500    13:00 deck period  1116 2020-01-03           0.16894       0.16876  0.00017   0.10243 -0.00578  0.00630   0.06828     False
    bar1300     reclasso       2000              2000 all bars      common  1560 2018-04-13           0.17842       0.18357 -0.00515  -2.80629 -0.01000  0.00127  -1.75321     False
    bar1300     reclasso       2000              2000 all bars deck period  1116 2020-01-03           0.16894       0.17139 -0.00245  -1.43212 -0.00847  0.00584  -0.66695     False
    bar1300     reclasso       2000              2000    13:00      common  1560 2018-04-13           0.17842       0.18357 -0.00515  -2.80629 -0.01000  0.00127  -1.75321     False
    bar1300     reclasso       2000              2000    13:00 deck period  1116 2020-01-03           0.16894       0.17139 -0.00245  -1.43212 -0.00847  0.00584  -0.66695     False
    bar1300 reclasticnet        500               500 all bars      common  3060 2012-05-31           0.15752       0.16101 -0.00348  -2.16360 -0.00762  0.00083  -1.64505     False
    bar1300 reclasticnet        500               500 all bars deck period  1116 2020-01-03           0.16069       0.16715 -0.00645  -3.86012 -0.01547  0.00303  -1.45395     False
    bar1300 reclasticnet        500               500    13:00      common  3060 2012-05-31           0.15752       0.16101 -0.00348  -2.16360 -0.00762  0.00083  -1.64505     False
    bar1300 reclasticnet        500               500    13:00 deck period  1116 2020-01-03           0.16069       0.16715 -0.00645  -3.86012 -0.01547  0.00303  -1.45395     False
    bar1300 reclasticnet       2000               500 all bars      common  1560 2018-04-13           0.17595       0.18007 -0.00412  -2.28861 -0.00869  0.00031  -1.94918     False
    bar1300 reclasticnet       2000               500 all bars deck period  1116 2020-01-03           0.16536       0.16715 -0.00178  -1.06744 -0.00720  0.00317  -0.83191     False
    bar1300 reclasticnet       2000               500    13:00      common  1560 2018-04-13           0.17595       0.18007 -0.00412  -2.28861 -0.00869  0.00031  -1.94918     False
    bar1300 reclasticnet       2000               500    13:00 deck period  1116 2020-01-03           0.16536       0.16715 -0.00178  -1.06744 -0.00720  0.00317  -0.83191     False
    bar1300 reclasticnet       2000              2000 all bars      common  1560 2018-04-13           0.17595       0.18336 -0.00741  -4.03950 -0.01112 -0.00333  -3.68709      True
    bar1300 reclasticnet       2000              2000 all bars deck period  1116 2020-01-03           0.16536       0.17144 -0.00607  -3.54354 -0.01032 -0.00158  -2.81301      True
    bar1300 reclasticnet       2000              2000    13:00      common  1560 2018-04-13           0.17595       0.18336 -0.00741  -4.03950 -0.01112 -0.00333  -3.68709      True
    bar1300 reclasticnet       2000              2000    13:00 deck period  1116 2020-01-03           0.16536       0.17144 -0.00607  -3.54354 -0.01032 -0.00158  -2.81301      True
    bar1300        ridge        500               500 all bars      common  3060 2012-05-31           0.16541       0.16142  0.00400   2.47527 -0.00176  0.01037   1.35668     False
    bar1300        ridge        500               500 all bars deck period  1116 2020-01-03           0.17607       0.16824  0.00783   4.65501 -0.00695  0.02339   1.11819     False
    bar1300        ridge        500               500    13:00      common  3060 2012-05-31           0.16541       0.16142  0.00400   2.47527 -0.00176  0.01037   1.35668     False
    bar1300        ridge        500               500    13:00 deck period  1116 2020-01-03           0.17607       0.16824  0.00783   4.65501 -0.00695  0.02339   1.11819     False
    bar1300        ridge       2000               500 all bars      common  1560 2018-04-13           0.17946       0.18101 -0.00155  -0.85763 -0.00809  0.00483  -0.51878     False
    bar1300        ridge       2000               500 all bars deck period  1116 2020-01-03           0.16974       0.16824  0.00150   0.89262 -0.00688  0.00941   0.41410     False
    bar1300        ridge       2000               500    13:00      common  1560 2018-04-13           0.17946       0.18101 -0.00155  -0.85763 -0.00809  0.00483  -0.51878     False
    bar1300        ridge       2000               500    13:00 deck period  1116 2020-01-03           0.16974       0.16824  0.00150   0.89262 -0.00688  0.00941   0.41410     False
    bar1300        ridge       2000              2000 all bars      common  1560 2018-04-13           0.17946       0.18260 -0.00314  -1.71754 -0.00881  0.00290  -1.04596     False
    bar1300        ridge       2000              2000 all bars deck period  1116 2020-01-03           0.16974       0.17088 -0.00114  -0.66725 -0.00859  0.00654  -0.30102     False
    bar1300        ridge       2000              2000    13:00      common  1560 2018-04-13           0.17946       0.18260 -0.00314  -1.71754 -0.00881  0.00290  -1.04596     False
    bar1300        ridge       2000              2000    13:00 deck period  1116 2020-01-03           0.16974       0.17088 -0.00114  -0.66725 -0.00859  0.00654  -0.30102     False
    bar1330     reclasso        500               500 all bars      common  2999 2012-05-31           0.16602       0.16999 -0.00397  -2.33498 -0.00851  0.00075  -1.65782     False
    bar1330     reclasso        500               500 all bars deck period  1088 2020-01-03           0.17054       0.17376 -0.00322  -1.85331 -0.01128  0.00426  -0.82197     False
    bar1330     reclasso        500               500    13:30      common  2999 2012-05-31           0.16602       0.16999 -0.00397  -2.33498 -0.00851  0.00075  -1.65782     False
    bar1330     reclasso        500               500    13:30 deck period  1088 2020-01-03           0.17054       0.17376 -0.00322  -1.85331 -0.01128  0.00426  -0.82197     False
    bar1330     reclasso       2000               500 all bars      common  1499 2018-05-17           0.17450       0.18331 -0.00881  -4.80819 -0.01409 -0.00384  -3.57717      True
    bar1330     reclasso       2000               500 all bars deck period  1088 2020-01-03           0.16702       0.17376 -0.00674  -3.88132 -0.01229 -0.00160  -2.77052      True
    bar1330     reclasso       2000               500    13:30      common  1499 2018-05-17           0.17450       0.18331 -0.00881  -4.80819 -0.01409 -0.00384  -3.57717      True
    bar1330     reclasso       2000               500    13:30 deck period  1088 2020-01-03           0.16702       0.17376 -0.00674  -3.88132 -0.01229 -0.00160  -2.77052      True
    bar1330     reclasso       2000              2000 all bars      common  1499 2018-05-17           0.17450       0.18309 -0.00859  -4.68965 -0.01311 -0.00410  -3.79107      True
    bar1330     reclasso       2000              2000 all bars deck period  1088 2020-01-03           0.16702       0.17402 -0.00701  -4.02571 -0.01234 -0.00252  -3.12952      True
    bar1330     reclasso       2000              2000    13:30      common  1499 2018-05-17           0.17450       0.18309 -0.00859  -4.68965 -0.01311 -0.00410  -3.79107      True
    bar1330     reclasso       2000              2000    13:30 deck period  1088 2020-01-03           0.16702       0.17402 -0.00701  -4.02571 -0.01234 -0.00252  -3.12952      True
    bar1330 reclasticnet        500               500 all bars      common  2999 2012-05-31           0.16929       0.16916  0.00013   0.07602 -0.00598  0.00745   0.03721     False
    bar1330 reclasticnet        500               500 all bars deck period  1088 2020-01-03           0.17014       0.17251 -0.00236  -1.37013 -0.01109  0.00569  -0.58238     False
    bar1330 reclasticnet        500               500    13:30      common  2999 2012-05-31           0.16929       0.16916  0.00013   0.07602 -0.00598  0.00745   0.03721     False
    bar1330 reclasticnet        500               500    13:30 deck period  1088 2020-01-03           0.17014       0.17251 -0.00236  -1.37013 -0.01109  0.00569  -0.58238     False
    bar1330 reclasticnet       2000               500 all bars      common  1499 2018-05-17           0.17497       0.18219 -0.00722  -3.96306 -0.01285 -0.00185  -2.75139      True
    bar1330 reclasticnet       2000               500 all bars deck period  1088 2020-01-03           0.16773       0.17251 -0.00478  -2.77223 -0.01046  0.00029  -2.04883     False
    bar1330 reclasticnet       2000               500    13:30      common  1499 2018-05-17           0.17497       0.18219 -0.00722  -3.96306 -0.01285 -0.00185  -2.75139      True
    bar1330 reclasticnet       2000               500    13:30 deck period  1088 2020-01-03           0.16773       0.17251 -0.00478  -2.77223 -0.01046  0.00029  -2.04883     False
    bar1330 reclasticnet       2000              2000 all bars      common  1499 2018-05-17           0.17497       0.18251 -0.00754  -4.13310 -0.01246 -0.00199  -2.77096      True
    bar1330 reclasticnet       2000              2000 all bars deck period  1088 2020-01-03           0.16773       0.17392 -0.00619  -3.55987 -0.01174 -0.00131  -2.57446      True
    bar1330 reclasticnet       2000              2000    13:30      common  1499 2018-05-17           0.17497       0.18251 -0.00754  -4.13310 -0.01246 -0.00199  -2.77096      True
    bar1330 reclasticnet       2000              2000    13:30 deck period  1088 2020-01-03           0.16773       0.17392 -0.00619  -3.55987 -0.01174 -0.00131  -2.57446      True
    bar1330        ridge        500               500 all bars      common  2999 2012-05-31           0.17302       0.16841  0.00461   2.73550 -0.00152  0.01149   1.33294     False
    bar1330        ridge        500               500 all bars deck period  1088 2020-01-03           0.17686       0.17092  0.00593   3.47172 -0.00332  0.01550   1.21470     False
    bar1330        ridge        500               500    13:30      common  2999 2012-05-31           0.17302       0.16841  0.00461   2.73550 -0.00152  0.01149   1.33294     False
    bar1330        ridge        500               500    13:30 deck period  1088 2020-01-03           0.17686       0.17092  0.00593   3.47172 -0.00332  0.01550   1.21470     False
    bar1330        ridge       2000               500 all bars      common  1499 2018-05-17           0.18038       0.18121 -0.00083  -0.45636 -0.00740  0.00570  -0.26022     False
    bar1330        ridge       2000               500 all bars deck period  1088 2020-01-03           0.17071       0.17092 -0.00021  -0.12222 -0.00650  0.00548  -0.07258     False
    bar1330        ridge       2000               500    13:30      common  1499 2018-05-17           0.18038       0.18121 -0.00083  -0.45636 -0.00740  0.00570  -0.26022     False
    bar1330        ridge       2000               500    13:30 deck period  1088 2020-01-03           0.17071       0.17092 -0.00021  -0.12222 -0.00650  0.00548  -0.07258     False
    bar1330        ridge       2000              2000 all bars      common  1499 2018-05-17           0.18038       0.18183 -0.00145  -0.79635 -0.00764  0.00472  -0.47596     False
    bar1330        ridge       2000              2000 all bars deck period  1088 2020-01-03           0.17071       0.17285 -0.00214  -1.23689 -0.00889  0.00413  -0.70757     False
    bar1330        ridge       2000              2000    13:30      common  1499 2018-05-17           0.18038       0.18183 -0.00145  -0.79635 -0.00764  0.00472  -0.47596     False
    bar1330        ridge       2000              2000    13:30 deck period  1088 2020-01-03           0.17071       0.17285 -0.00214  -1.23689 -0.00889  0.00413  -0.70757     False
    bar1400     reclasso        500               500 all bars      common  2987 2012-06-13           0.15306       0.15683 -0.00377  -2.40162 -0.00747  0.00045  -1.80066     False
    bar1400     reclasso        500               500 all bars deck period  1088 2020-01-03           0.17475       0.17389  0.00086   0.49307 -0.00695  0.01015   0.18590     False
    bar1400     reclasso        500               500    14:00      common  2987 2012-06-13           0.15306       0.15683 -0.00377  -2.40162 -0.00747  0.00045  -1.80066     False
    bar1400     reclasso        500               500    14:00 deck period  1088 2020-01-03           0.17475       0.17389  0.00086   0.49307 -0.00695  0.01015   0.18590     False
    bar1400     reclasso       2000               500 all bars      common  1487 2018-06-01           0.18116       0.18170 -0.00054  -0.29521 -0.00633  0.00582  -0.17531     False
    bar1400     reclasso       2000               500 all bars deck period  1088 2020-01-03           0.17952       0.17389  0.00562   3.23465 -0.00136  0.01305   1.50468     False
    bar1400     reclasso       2000               500    14:00      common  1487 2018-06-01           0.18116       0.18170 -0.00054  -0.29521 -0.00633  0.00582  -0.17531     False
    bar1400     reclasso       2000               500    14:00 deck period  1088 2020-01-03           0.17952       0.17389  0.00562   3.23465 -0.00136  0.01305   1.50468     False
    bar1400     reclasso       2000              2000 all bars      common  1487 2018-06-01           0.18116       0.18470 -0.00354  -1.91776 -0.00930  0.00238  -1.30731     False
    bar1400     reclasso       2000              2000 all bars deck period  1088 2020-01-03           0.17952       0.17994 -0.00042  -0.23526 -0.00694  0.00671  -0.13299     False
    bar1400     reclasso       2000              2000    14:00      common  1487 2018-06-01           0.18116       0.18470 -0.00354  -1.91776 -0.00930  0.00238  -1.30731     False
    bar1400     reclasso       2000              2000    14:00 deck period  1088 2020-01-03           0.17952       0.17994 -0.00042  -0.23526 -0.00694  0.00671  -0.13299     False
    bar1400 reclasticnet        500               500 all bars      common  2987 2012-06-13           0.15537       0.15671 -0.00135  -0.85864 -0.00629  0.00400  -0.55287     False
    bar1400 reclasticnet        500               500 all bars deck period  1088 2020-01-03           0.18035       0.17356  0.00679   3.91054 -0.00292  0.01733   1.30552     False
    bar1400 reclasticnet        500               500    14:00      common  2987 2012-06-13           0.15537       0.15671 -0.00135  -0.85864 -0.00629  0.00400  -0.55287     False
    bar1400 reclasticnet        500               500    14:00 deck period  1088 2020-01-03           0.18035       0.17356  0.00679   3.91054 -0.00292  0.01733   1.30552     False
    bar1400 reclasticnet       2000               500 all bars      common  1487 2018-06-01           0.18077       0.18137 -0.00060  -0.33311 -0.00657  0.00543  -0.20789     False
    bar1400 reclasticnet       2000               500 all bars deck period  1088 2020-01-03           0.17939       0.17356  0.00583   3.35758 -0.00093  0.01299   1.71381     False
    bar1400 reclasticnet       2000               500    14:00      common  1487 2018-06-01           0.18077       0.18137 -0.00060  -0.33311 -0.00657  0.00543  -0.20789     False
    bar1400 reclasticnet       2000               500    14:00 deck period  1088 2020-01-03           0.17939       0.17356  0.00583   3.35758 -0.00093  0.01299   1.71381     False
    bar1400 reclasticnet       2000              2000 all bars      common  1487 2018-06-01           0.18077       0.18491 -0.00414  -2.23942 -0.00988  0.00190  -1.51005     False
    bar1400 reclasticnet       2000              2000 all bars deck period  1088 2020-01-03           0.17939       0.18039 -0.00100  -0.55663 -0.00758  0.00590  -0.31478     False
    bar1400 reclasticnet       2000              2000    14:00      common  1487 2018-06-01           0.18077       0.18491 -0.00414  -2.23942 -0.00988  0.00190  -1.51005     False
    bar1400 reclasticnet       2000              2000    14:00 deck period  1088 2020-01-03           0.17939       0.18039 -0.00100  -0.55663 -0.00758  0.00590  -0.31478     False
    bar1400        ridge        500               500 all bars      common  2987 2012-06-13           0.15989       0.15686  0.00303   1.93327 -0.00236  0.00885   1.11713     False
    bar1400        ridge        500               500 all bars deck period  1088 2020-01-03           0.18757       0.17425  0.01332   7.64340  0.00267  0.02502   2.22067     False
    bar1400        ridge        500               500    14:00      common  2987 2012-06-13           0.15989       0.15686  0.00303   1.93327 -0.00236  0.00885   1.11713     False
    bar1400        ridge        500               500    14:00 deck period  1088 2020-01-03           0.18757       0.17425  0.01332   7.64340  0.00267  0.02502   2.22067     False
    bar1400        ridge       2000               500 all bars      common  1487 2018-06-01           0.18100       0.18169 -0.00068  -0.37663 -0.00691  0.00510  -0.24454     False
    bar1400        ridge       2000               500 all bars deck period  1088 2020-01-03           0.18001       0.17425  0.00576   3.30387 -0.00040  0.01204   1.82240     False
    bar1400        ridge       2000               500    14:00      common  1487 2018-06-01           0.18100       0.18169 -0.00068  -0.37663 -0.00691  0.00510  -0.24454     False
    bar1400        ridge       2000               500    14:00 deck period  1088 2020-01-03           0.18001       0.17425  0.00576   3.30387 -0.00040  0.01204   1.82240     False
    bar1400        ridge       2000              2000 all bars      common  1487 2018-06-01           0.18100       0.18307 -0.00207  -1.12987 -0.00765  0.00378  -0.77282     False
    bar1400        ridge       2000              2000 all bars deck period  1088 2020-01-03           0.18001       0.17827  0.00174   0.97694 -0.00436  0.00802   0.59410     False
    bar1400        ridge       2000              2000    14:00      common  1487 2018-06-01           0.18100       0.18307 -0.00207  -1.12987 -0.00765  0.00378  -0.77282     False
    bar1400        ridge       2000              2000    14:00 deck period  1088 2020-01-03           0.18001       0.17827  0.00174   0.97694 -0.00436  0.00802   0.59410     False
    bar1430     reclasso        500               500 all bars      common  2979 2012-06-20           0.25156       0.30677 -0.05521 -17.99655 -0.06871 -0.04304  -8.29990      True
    bar1430     reclasso        500               500 all bars deck period  1087 2020-01-03           0.26689       0.34485 -0.07796 -22.60823 -0.10884 -0.05188  -5.03769      True
    bar1430     reclasso        500               500    14:30      common  2979 2012-06-20           0.25156       0.30677 -0.05521 -17.99655 -0.06871 -0.04304  -8.29990      True
    bar1430     reclasso        500               500    14:30 deck period  1087 2020-01-03           0.26689       0.34485 -0.07796 -22.60823 -0.10884 -0.05188  -5.03769      True
    bar1430     reclasso       2000               500 all bars      common  1479 2018-06-11           0.27007       0.32779 -0.05772 -17.60935 -0.07950 -0.03830  -5.11050      True
    bar1430     reclasso       2000               500 all bars deck period  1087 2020-01-03           0.27444       0.34485 -0.07041 -20.41805 -0.09814 -0.04612  -4.90392      True
    bar1430     reclasso       2000               500    14:30      common  1479 2018-06-11           0.27007       0.32779 -0.05772 -17.60935 -0.07950 -0.03830  -5.11050      True
    bar1430     reclasso       2000               500    14:30 deck period  1087 2020-01-03           0.27444       0.34485 -0.07041 -20.41805 -0.09814 -0.04612  -4.90392      True
    bar1430     reclasso       2000              2000 all bars      common  1479 2018-06-11           0.27007       0.31980 -0.04973 -15.55051 -0.06704 -0.03285  -5.75829      True
    bar1430     reclasso       2000              2000 all bars deck period  1087 2020-01-03           0.27444       0.33634 -0.06190 -18.40446 -0.08237 -0.04169  -5.99237      True
    bar1430     reclasso       2000              2000    14:30      common  1479 2018-06-11           0.27007       0.31980 -0.04973 -15.55051 -0.06704 -0.03285  -5.75829      True
    bar1430     reclasso       2000              2000    14:30 deck period  1087 2020-01-03           0.27444       0.33634 -0.06190 -18.40446 -0.08237 -0.04169  -5.99237      True
    bar1430 reclasticnet        500               500 all bars      common  2979 2012-06-20           0.24907       0.30615 -0.05708 -18.64493 -0.07020 -0.04456  -8.38809      True
    bar1430 reclasticnet        500               500 all bars deck period  1087 2020-01-03           0.26627       0.34363 -0.07736 -22.51349 -0.10756 -0.05137  -4.91493      True
    bar1430 reclasticnet        500               500    14:30      common  2979 2012-06-20           0.24907       0.30615 -0.05708 -18.64493 -0.07020 -0.04456  -8.38809      True
    bar1430 reclasticnet        500               500    14:30 deck period  1087 2020-01-03           0.26627       0.34363 -0.07736 -22.51349 -0.10756 -0.05137  -4.91493      True
    bar1430 reclasticnet       2000               500 all bars      common  1479 2018-06-11           0.27337       0.32644 -0.05308 -16.25924 -0.07455 -0.03372  -4.89633      True
    bar1430 reclasticnet       2000               500 all bars deck period  1087 2020-01-03           0.27849       0.34363 -0.06514 -18.95527 -0.09187 -0.04188  -4.74426      True
    bar1430 reclasticnet       2000               500    14:30      common  1479 2018-06-11           0.27337       0.32644 -0.05308 -16.25924 -0.07455 -0.03372  -4.89633      True
    bar1430 reclasticnet       2000               500    14:30 deck period  1087 2020-01-03           0.27849       0.34363 -0.06514 -18.95527 -0.09187 -0.04188  -4.74426      True
    bar1430 reclasticnet       2000              2000 all bars      common  1479 2018-06-11           0.27337       0.31893 -0.04557 -14.28682 -0.06242 -0.02920  -5.38801      True
    bar1430 reclasticnet       2000              2000 all bars deck period  1087 2020-01-03           0.27849       0.33539 -0.05689 -16.96341 -0.07682 -0.03749  -5.67779      True
    bar1430 reclasticnet       2000              2000    14:30      common  1479 2018-06-11           0.27337       0.31893 -0.04557 -14.28682 -0.06242 -0.02920  -5.38801      True
    bar1430 reclasticnet       2000              2000    14:30 deck period  1087 2020-01-03           0.27849       0.33539 -0.05689 -16.96341 -0.07682 -0.03749  -5.67779      True
    bar1430        ridge        500               500 all bars      common  2979 2012-06-20           0.27109       0.30657 -0.03547 -11.57143 -0.05305 -0.01586  -3.00541      True
    bar1430        ridge        500               500 all bars deck period  1087 2020-01-03           0.29726       0.34533 -0.04808 -13.92246 -0.08972  0.00779  -1.50452     False
    bar1430        ridge        500               500    14:30      common  2979 2012-06-20           0.27109       0.30657 -0.03547 -11.57143 -0.05305 -0.01586  -3.00541      True
    bar1430        ridge        500               500    14:30 deck period  1087 2020-01-03           0.29726       0.34533 -0.04808 -13.92246 -0.08972  0.00779  -1.50452     False
    bar1430        ridge       2000               500 all bars      common  1479 2018-06-11           0.27307       0.32776 -0.05469 -16.68490 -0.07906 -0.03323  -4.45771      True
    bar1430        ridge       2000               500 all bars deck period  1087 2020-01-03           0.27781       0.34533 -0.06753 -19.55390 -0.09901 -0.04052  -4.28348      True
    bar1430        ridge       2000               500    14:30      common  1479 2018-06-11           0.27307       0.32776 -0.05469 -16.68490 -0.07906 -0.03323  -4.45771      True
    bar1430        ridge       2000               500    14:30 deck period  1087 2020-01-03           0.27781       0.34533 -0.06753 -19.55390 -0.09901 -0.04052  -4.28348      True
    bar1430        ridge       2000              2000 all bars      common  1479 2018-06-11           0.27307       0.32054 -0.04747 -14.80838 -0.06533 -0.02973  -5.30598      True
    bar1430        ridge       2000              2000 all bars deck period  1087 2020-01-03           0.27781       0.33706 -0.05925 -17.57849 -0.08089 -0.03898  -5.55548      True
    bar1430        ridge       2000              2000    14:30      common  1479 2018-06-11           0.27307       0.32054 -0.04747 -14.80838 -0.06533 -0.02973  -5.30598      True
    bar1430        ridge       2000              2000    14:30 deck period  1087 2020-01-03           0.27781       0.33706 -0.05925 -17.57849 -0.08089 -0.03898  -5.55548      True
    bar1500     reclasso        500               500 all bars      common  2977 2012-06-21           0.16021       0.17580 -0.01559  -8.86832 -0.02103 -0.00961  -5.44001      True
    bar1500     reclasso        500               500 all bars deck period  1087 2020-01-03           0.18502       0.20311 -0.01809  -8.90755 -0.02975 -0.00501  -2.76668      True
    bar1500     reclasso        500               500    15:00      common  2977 2012-06-21           0.16021       0.17580 -0.01559  -8.86832 -0.02103 -0.00961  -5.44001      True
    bar1500     reclasso        500               500    15:00 deck period  1087 2020-01-03           0.18502       0.20311 -0.01809  -8.90755 -0.02975 -0.00501  -2.76668      True
    bar1500     reclasso       2000               500 all bars      common  1477 2018-06-13           0.21639       0.22233 -0.00594  -2.67100 -0.01217  0.00081  -1.65160     False
    bar1500     reclasso       2000               500 all bars deck period  1087 2020-01-03           0.20107       0.20311 -0.00204  -1.00301 -0.00942  0.00619  -0.49452     False
    bar1500     reclasso       2000               500    15:00      common  1477 2018-06-13           0.21639       0.22233 -0.00594  -2.67100 -0.01217  0.00081  -1.65160     False
    bar1500     reclasso       2000               500    15:00 deck period  1087 2020-01-03           0.20107       0.20311 -0.00204  -1.00301 -0.00942  0.00619  -0.49452     False
    bar1500     reclasso       2000              2000 all bars      common  1477 2018-06-13           0.21639       0.22880 -0.01241  -5.42448 -0.01852 -0.00611  -3.71566      True
    bar1500     reclasso       2000              2000 all bars deck period  1087 2020-01-03           0.20107       0.21459 -0.01352  -6.29953 -0.02110 -0.00498  -3.33685      True
    bar1500     reclasso       2000              2000    15:00      common  1477 2018-06-13           0.21639       0.22880 -0.01241  -5.42448 -0.01852 -0.00611  -3.71566      True
    bar1500     reclasso       2000              2000    15:00 deck period  1087 2020-01-03           0.20107       0.21459 -0.01352  -6.29953 -0.02110 -0.00498  -3.33685      True
    bar1500 reclasticnet        500               500 all bars      common  2977 2012-06-21           0.16021       0.17584 -0.01562  -8.88539 -0.02135 -0.00974  -5.32297      True
    bar1500 reclasticnet        500               500 all bars deck period  1087 2020-01-03           0.18379       0.20290 -0.01911  -9.41981 -0.02985 -0.00776  -3.17672      True
    bar1500 reclasticnet        500               500    15:00      common  2977 2012-06-21           0.16021       0.17584 -0.01562  -8.88539 -0.02135 -0.00974  -5.32297      True
    bar1500 reclasticnet        500               500    15:00 deck period  1087 2020-01-03           0.18379       0.20290 -0.01911  -9.41981 -0.02985 -0.00776  -3.17672      True
    bar1500 reclasticnet       2000               500 all bars      common  1477 2018-06-13           0.21567       0.22270 -0.00704  -3.16081 -0.01383  0.00027  -1.91989     False
    bar1500 reclasticnet       2000               500 all bars deck period  1087 2020-01-03           0.20073       0.20290 -0.00217  -1.07050 -0.00963  0.00604  -0.52484     False
    bar1500 reclasticnet       2000               500    15:00      common  1477 2018-06-13           0.21567       0.22270 -0.00704  -3.16081 -0.01383  0.00027  -1.91989     False
    bar1500 reclasticnet       2000               500    15:00 deck period  1087 2020-01-03           0.20073       0.20290 -0.00217  -1.07050 -0.00963  0.00604  -0.52484     False
    bar1500 reclasticnet       2000              2000 all bars      common  1477 2018-06-13           0.21567       0.22839 -0.01273  -5.57247 -0.01921 -0.00586  -3.62859      True
    bar1500 reclasticnet       2000              2000 all bars deck period  1087 2020-01-03           0.20073       0.21406 -0.01333  -6.22879 -0.02148 -0.00420  -3.14032      True
    bar1500 reclasticnet       2000              2000    15:00      common  1477 2018-06-13           0.21567       0.22839 -0.01273  -5.57247 -0.01921 -0.00586  -3.62859      True
    bar1500 reclasticnet       2000              2000    15:00 deck period  1087 2020-01-03           0.20073       0.21406 -0.01333  -6.22879 -0.02148 -0.00420  -3.14032      True
    bar1500        ridge        500               500 all bars      common  2977 2012-06-21           0.16504       0.17479 -0.00976  -5.58146 -0.01576 -0.00322  -3.08427      True
    bar1500        ridge        500               500 all bars deck period  1087 2020-01-03           0.19108       0.20132 -0.01024  -5.08555 -0.02278  0.00260  -1.52066     False
    bar1500        ridge        500               500    15:00      common  2977 2012-06-21           0.16504       0.17479 -0.00976  -5.58146 -0.01576 -0.00322  -3.08427      True
    bar1500        ridge        500               500    15:00 deck period  1087 2020-01-03           0.19108       0.20132 -0.01024  -5.08555 -0.02278  0.00260  -1.52066     False
    bar1500        ridge       2000               500 all bars      common  1477 2018-06-13           0.21837       0.22138 -0.00301  -1.35908 -0.01027  0.00497  -0.76881     False
    bar1500        ridge       2000               500 all bars deck period  1087 2020-01-03           0.20034       0.20132 -0.00098  -0.48828 -0.00931  0.00798  -0.22499     False
    bar1500        ridge       2000               500    15:00      common  1477 2018-06-13           0.21837       0.22138 -0.00301  -1.35908 -0.01027  0.00497  -0.76881     False
    bar1500        ridge       2000               500    15:00 deck period  1087 2020-01-03           0.20034       0.20132 -0.00098  -0.48828 -0.00931  0.00798  -0.22499     False
    bar1500        ridge       2000              2000 all bars      common  1477 2018-06-13           0.21837       0.22661 -0.00823  -3.63373 -0.01521 -0.00086  -2.23354      True
    bar1500        ridge       2000              2000 all bars deck period  1087 2020-01-03           0.20034       0.21138 -0.01104  -5.22269 -0.01952 -0.00172  -2.55226      True
    bar1500        ridge       2000              2000    15:00      common  1477 2018-06-13           0.21837       0.22661 -0.00823  -3.63373 -0.01521 -0.00086  -2.23354      True
    bar1500        ridge       2000              2000    15:00 deck period  1087 2020-01-03           0.20034       0.21138 -0.01104  -5.22269 -0.01952 -0.00172  -2.55226      True
    bar1530     reclasso        500               500 all bars      common  2975 2012-06-25           0.12352       0.12922 -0.00570  -4.41196 -0.00958 -0.00190  -3.07080      True
    bar1530     reclasso        500               500 all bars deck period  1087 2020-01-03           0.12995       0.12826  0.00169   1.31728 -0.00417  0.00768   0.55583     False
    bar1530     reclasso        500               500    15:30      common  2975 2012-06-25           0.12352       0.12922 -0.00570  -4.41196 -0.00958 -0.00190  -3.07080      True
    bar1530     reclasso        500               500    15:30 deck period  1087 2020-01-03           0.12995       0.12826  0.00169   1.31728 -0.00417  0.00768   0.55583     False
    bar1530     reclasso       2000               500 all bars      common  1475 2018-06-15           0.13033       0.13737 -0.00704  -5.12789 -0.01262 -0.00169  -2.65685      True
    bar1530     reclasso       2000               500 all bars deck period  1087 2020-01-03           0.12422       0.12826 -0.00404  -3.14950 -0.00989  0.00196  -1.43743     False
    bar1530     reclasso       2000               500    15:30      common  1475 2018-06-15           0.13033       0.13737 -0.00704  -5.12789 -0.01262 -0.00169  -2.65685      True
    bar1530     reclasso       2000               500    15:30 deck period  1087 2020-01-03           0.12422       0.12826 -0.00404  -3.14950 -0.00989  0.00196  -1.43743     False
    bar1530     reclasso       2000              2000 all bars      common  1475 2018-06-15           0.13033       0.14024 -0.00992  -7.07303 -0.01435 -0.00549  -4.41329      True
    bar1530     reclasso       2000              2000 all bars deck period  1087 2020-01-03           0.12422       0.13414 -0.00992  -7.39528 -0.01469 -0.00517  -4.40914      True
    bar1530     reclasso       2000              2000    15:30      common  1475 2018-06-15           0.13033       0.14024 -0.00992  -7.07303 -0.01435 -0.00549  -4.41329      True
    bar1530     reclasso       2000              2000    15:30 deck period  1087 2020-01-03           0.12422       0.13414 -0.00992  -7.39528 -0.01469 -0.00517  -4.40914      True
    bar1530 reclasticnet        500               500 all bars      common  2975 2012-06-25           0.12428       0.12886 -0.00458  -3.55697 -0.00876 -0.00053  -2.27044      True
    bar1530 reclasticnet        500               500 all bars deck period  1087 2020-01-03           0.13284       0.12790  0.00494   3.86248 -0.00183  0.01196   1.38166     False
    bar1530 reclasticnet        500               500    15:30      common  2975 2012-06-25           0.12428       0.12886 -0.00458  -3.55697 -0.00876 -0.00053  -2.27044      True
    bar1530 reclasticnet        500               500    15:30 deck period  1087 2020-01-03           0.13284       0.12790  0.00494   3.86248 -0.00183  0.01196   1.38166     False
    bar1530 reclasticnet       2000               500 all bars      common  1475 2018-06-15           0.12929       0.13673 -0.00744  -5.44202 -0.01291 -0.00229  -2.84857      True
    bar1530 reclasticnet       2000               500 all bars deck period  1087 2020-01-03           0.12325       0.12790 -0.00465  -3.63706 -0.01031  0.00105  -1.73566     False
    bar1530 reclasticnet       2000               500    15:30      common  1475 2018-06-15           0.12929       0.13673 -0.00744  -5.44202 -0.01291 -0.00229  -2.84857      True
    bar1530 reclasticnet       2000               500    15:30 deck period  1087 2020-01-03           0.12325       0.12790 -0.00465  -3.63706 -0.01031  0.00105  -1.73566     False
    bar1530 reclasticnet       2000              2000 all bars      common  1475 2018-06-15           0.12929       0.13963 -0.01035  -7.40874 -0.01448 -0.00630  -4.84458      True
    bar1530 reclasticnet       2000              2000 all bars deck period  1087 2020-01-03           0.12325       0.13354 -0.01029  -7.70403 -0.01454 -0.00588  -4.99834      True
    bar1530 reclasticnet       2000              2000    15:30      common  1475 2018-06-15           0.12929       0.13963 -0.01035  -7.40874 -0.01448 -0.00630  -4.84458      True
    bar1530 reclasticnet       2000              2000    15:30 deck period  1087 2020-01-03           0.12325       0.13354 -0.01029  -7.70403 -0.01454 -0.00588  -4.99834      True
    bar1530        ridge        500               500 all bars      common  2975 2012-06-25           0.13217       0.12836  0.00381   2.96692 -0.00132  0.00875   1.65273     False
    bar1530        ridge        500               500 all bars deck period  1087 2020-01-03           0.13234       0.12773  0.00461   3.60888 -0.00250  0.01147   1.35721     False
    bar1530        ridge        500               500    15:30      common  2975 2012-06-25           0.13217       0.12836  0.00381   2.96692 -0.00132  0.00875   1.65273     False
    bar1530        ridge        500               500    15:30 deck period  1087 2020-01-03           0.13234       0.12773  0.00461   3.60888 -0.00250  0.01147   1.35721     False
    bar1530        ridge       2000               500 all bars      common  1475 2018-06-15           0.12932       0.13683 -0.00751  -5.48858 -0.01344 -0.00172  -2.67931      True
    bar1530        ridge       2000               500 all bars deck period  1087 2020-01-03           0.12431       0.12773 -0.00342  -2.67841 -0.00930  0.00261  -1.18350     False
    bar1530        ridge       2000               500    15:30      common  1475 2018-06-15           0.12932       0.13683 -0.00751  -5.48858 -0.01344 -0.00172  -2.67931      True
    bar1530        ridge       2000               500    15:30 deck period  1087 2020-01-03           0.12431       0.12773 -0.00342  -2.67841 -0.00930  0.00261  -1.18350     False
    bar1530        ridge       2000              2000 all bars      common  1475 2018-06-15           0.12932       0.13841 -0.00909  -6.56531 -0.01367 -0.00447  -3.86308      True
    bar1530        ridge       2000              2000 all bars deck period  1087 2020-01-03           0.12431       0.13197 -0.00765  -5.79876 -0.01248 -0.00226  -3.12698      True
    bar1530        ridge       2000              2000    15:30      common  1475 2018-06-15           0.12932       0.13841 -0.00909  -6.56531 -0.01367 -0.00447  -3.86308      True
    bar1530        ridge       2000              2000    15:30 deck period  1087 2020-01-03           0.12431       0.13197 -0.00765  -5.79876 -0.01248 -0.00226  -3.12698      True
    bar1600     reclasso        500               500 all bars      common  2969 2012-07-03           0.11945       0.12584 -0.00638  -5.07347 -0.01025 -0.00268  -3.42799      True
    bar1600     reclasso        500               500 all bars deck period  1087 2020-01-03           0.10845       0.11315 -0.00470  -4.15127 -0.01178  0.00094  -1.55411     False
    bar1600     reclasso        500               500    16:00      common  2969 2012-07-03           0.11945       0.12584 -0.00638  -5.07347 -0.01025 -0.00268  -3.42799      True
    bar1600     reclasso        500               500    16:00 deck period  1087 2020-01-03           0.10845       0.11315 -0.00470  -4.15127 -0.01178  0.00094  -1.55411     False
    bar1600     reclasso       2000               500 all bars      common  1469 2018-06-25           0.11625       0.12866 -0.01241  -9.64535 -0.01849 -0.00680  -4.51230      True
    bar1600     reclasso       2000               500 all bars deck period  1087 2020-01-03           0.10303       0.11315 -0.01012  -8.94593 -0.01532 -0.00503  -3.93303      True
    bar1600     reclasso       2000               500    16:00      common  1469 2018-06-25           0.11625       0.12866 -0.01241  -9.64535 -0.01849 -0.00680  -4.51230      True
    bar1600     reclasso       2000               500    16:00 deck period  1087 2020-01-03           0.10303       0.11315 -0.01012  -8.94593 -0.01532 -0.00503  -3.93303      True
    bar1600     reclasso       2000              2000 all bars      common  1469 2018-06-25           0.11625       0.12982 -0.01357 -10.45150 -0.01864 -0.00881  -5.64304      True
    bar1600     reclasso       2000              2000 all bars deck period  1087 2020-01-03           0.10303       0.11580 -0.01278 -11.03476 -0.01674 -0.00874  -5.95609      True
    bar1600     reclasso       2000              2000    16:00      common  1469 2018-06-25           0.11625       0.12982 -0.01357 -10.45150 -0.01864 -0.00881  -5.64304      True
    bar1600     reclasso       2000              2000    16:00 deck period  1087 2020-01-03           0.10303       0.11580 -0.01278 -11.03476 -0.01674 -0.00874  -5.95609      True
    bar1600 reclasticnet        500               500 all bars      common  2969 2012-07-03           0.11656       0.12613 -0.00957  -7.58527 -0.01375 -0.00535  -4.60946      True
    bar1600 reclasticnet        500               500 all bars deck period  1087 2020-01-03           0.10677       0.11350 -0.00673  -5.92676 -0.01428 -0.00064  -1.98163      True
    bar1600 reclasticnet        500               500    16:00      common  2969 2012-07-03           0.11656       0.12613 -0.00957  -7.58527 -0.01375 -0.00535  -4.60946      True
    bar1600 reclasticnet        500               500    16:00 deck period  1087 2020-01-03           0.10677       0.11350 -0.00673  -5.92676 -0.01428 -0.00064  -1.98163      True
    bar1600 reclasticnet       2000               500 all bars      common  1469 2018-06-25           0.11374       0.12902 -0.01528 -11.84012 -0.02216 -0.00913  -5.01421      True
    bar1600 reclasticnet       2000               500 all bars deck period  1087 2020-01-03           0.10144       0.11350 -0.01206 -10.62612 -0.01806 -0.00624  -3.99079      True
    bar1600 reclasticnet       2000               500    16:00      common  1469 2018-06-25           0.11374       0.12902 -0.01528 -11.84012 -0.02216 -0.00913  -5.01421      True
    bar1600 reclasticnet       2000               500    16:00 deck period  1087 2020-01-03           0.10144       0.11350 -0.01206 -10.62612 -0.01806 -0.00624  -3.99079      True
    bar1600 reclasticnet       2000              2000 all bars      common  1469 2018-06-25           0.11374       0.13026 -0.01651 -12.67746 -0.02183 -0.01143  -6.42925      True
    bar1600 reclasticnet       2000              2000 all bars deck period  1087 2020-01-03           0.10144       0.11552 -0.01408 -12.19248 -0.01839 -0.00961  -5.92306      True
    bar1600 reclasticnet       2000              2000    16:00      common  1469 2018-06-25           0.11374       0.13026 -0.01651 -12.67746 -0.02183 -0.01143  -6.42925      True
    bar1600 reclasticnet       2000              2000    16:00 deck period  1087 2020-01-03           0.10144       0.11552 -0.01408 -12.19248 -0.01839 -0.00961  -5.92306      True
    bar1600        ridge        500               500 all bars      common  2969 2012-07-03           0.11827       0.12609 -0.00782  -6.20164 -0.01210 -0.00349  -3.70417      True
    bar1600        ridge        500               500 all bars deck period  1087 2020-01-03           0.11124       0.11307 -0.00183  -1.62028 -0.00972  0.00541  -0.51802     False
    bar1600        ridge        500               500    16:00      common  2969 2012-07-03           0.11827       0.12609 -0.00782  -6.20164 -0.01210 -0.00349  -3.70417      True
    bar1600        ridge        500               500    16:00 deck period  1087 2020-01-03           0.11124       0.11307 -0.00183  -1.62028 -0.00972  0.00541  -0.51802     False
    bar1600        ridge       2000               500 all bars      common  1469 2018-06-25           0.11475       0.12867 -0.01392 -10.81901 -0.02215 -0.00693  -3.88954      True
    bar1600        ridge       2000               500 all bars deck period  1087 2020-01-03           0.10207       0.11307 -0.01100  -9.72936 -0.01848 -0.00388  -3.02576      True
    bar1600        ridge       2000               500    16:00      common  1469 2018-06-25           0.11475       0.12867 -0.01392 -10.81901 -0.02215 -0.00693  -3.88954      True
    bar1600        ridge       2000               500    16:00 deck period  1087 2020-01-03           0.10207       0.11307 -0.01100  -9.72936 -0.01848 -0.00388  -3.02576      True
    bar1600        ridge       2000              2000 all bars      common  1469 2018-06-25           0.11475       0.13005 -0.01530 -11.76618 -0.02156 -0.00907  -5.10141      True
    bar1600        ridge       2000              2000 all bars deck period  1087 2020-01-03           0.10207       0.11600 -0.01393 -12.01177 -0.01944 -0.00833  -4.84277      True
    bar1600        ridge       2000              2000    16:00      common  1469 2018-06-25           0.11475       0.13005 -0.01530 -11.76618 -0.02156 -0.00907  -5.10141      True
    bar1600        ridge       2000              2000    16:00 deck period  1087 2020-01-03           0.10207       0.11600 -0.01393 -12.01177 -0.01944 -0.00833  -4.84277      True
  blk_close     reclasso        500               500 all bars      common  9069 2006-04-10           0.11588       0.12368 -0.00780  -6.30556 -0.01014 -0.00554  -7.12524      True
  blk_close     reclasso        500               500 all bars deck period  2174 2020-01-03           0.11758       0.12071 -0.00313  -2.58986 -0.00694  0.00072  -1.80068     False
  blk_close     reclasso        500               500    15:30      common  4535 2006-04-10           0.12030       0.12602 -0.00572  -4.53931 -0.00851 -0.00317  -4.35458      True
  blk_close     reclasso        500               500    15:30 deck period  1087 2020-01-03           0.12668       0.12826 -0.00159  -1.23732 -0.00644  0.00318  -0.62750     False
  blk_close     reclasso        500               500    16:00      common  4534 2006-04-10           0.11147       0.12135 -0.00988  -8.14017 -0.01308 -0.00685  -6.26232      True
  blk_close     reclasso        500               500    16:00 deck period  1087 2020-01-03           0.10848       0.11315 -0.00467  -4.12307 -0.00996  0.00070  -1.76800     False
  blk_close     reclasso       2000               500 all bars      common  6069 2012-03-29           0.11723       0.12759 -0.01036  -8.11772 -0.01319 -0.00760  -7.67008      True
  blk_close     reclasso       2000               500 all bars deck period  2174 2020-01-03           0.11356       0.12071 -0.00715  -5.92120 -0.01158 -0.00259  -3.29710      True
  blk_close     reclasso       2000               500    15:30      common  3034 2012-03-30           0.12189       0.12981 -0.00793  -6.10503 -0.01138 -0.00445  -4.66914      True
  blk_close     reclasso       2000               500    15:30 deck period  1087 2020-01-03           0.12543       0.12826 -0.00283  -2.20520 -0.00805  0.00213  -1.06374     False
  blk_close     reclasso       2000               500    16:00      common  3035 2012-03-29           0.11258       0.12537 -0.01279 -10.20100 -0.01654 -0.00889  -6.81328      True
  blk_close     reclasso       2000               500    16:00 deck period  1087 2020-01-03           0.10168       0.11315 -0.01147 -10.13359 -0.01861 -0.00451  -3.29617      True
  blk_close     reclasso       2000              2000 all bars      common  6069 2012-03-29           0.11723       0.12926 -0.01203  -9.30453 -0.01440 -0.00951  -9.78691      True
  blk_close     reclasso       2000              2000 all bars deck period  2174 2020-01-03           0.11356       0.12497 -0.01142  -9.13457 -0.01523 -0.00749  -6.16793      True
  blk_close     reclasso       2000              2000    15:30      common  3034 2012-03-30           0.12189       0.13180 -0.00992  -7.52440 -0.01284 -0.00687  -6.62838      True
  blk_close     reclasso       2000              2000    15:30 deck period  1087 2020-01-03           0.12543       0.13414 -0.00871  -6.49237 -0.01369 -0.00376  -3.68406      True
  blk_close     reclasso       2000              2000    16:00      common  3035 2012-03-29           0.11258       0.12672 -0.01414 -11.15549 -0.01711 -0.01096  -8.48384      True
  blk_close     reclasso       2000              2000    16:00 deck period  1087 2020-01-03           0.10168       0.11580 -0.01412 -12.19517 -0.01932 -0.00848  -5.01807      True
  blk_close reclasticnet        500               500 all bars      common  9069 2006-04-10           0.11533       0.12362 -0.00828  -6.70212 -0.01068 -0.00603  -7.31479      True
  blk_close reclasticnet        500               500 all bars deck period  2174 2020-01-03           0.11763       0.12070 -0.00307  -2.54445 -0.00688  0.00077  -1.72954     False
  blk_close reclasticnet        500               500    15:30      common  4535 2006-04-10           0.11946       0.12562 -0.00616  -4.90523 -0.00890 -0.00354  -4.57986      True
  blk_close reclasticnet        500               500    15:30 deck period  1087 2020-01-03           0.12628       0.12790 -0.00162  -1.26740 -0.00612  0.00277  -0.66006     False
  blk_close reclasticnet        500               500    16:00      common  4534 2006-04-10           0.11121       0.12162 -0.01041  -8.55858 -0.01364 -0.00721  -6.37596      True
  blk_close reclasticnet        500               500    16:00 deck period  1087 2020-01-03           0.10898       0.11350 -0.00452  -3.98361 -0.01054  0.00194  -1.56987     False
  blk_close reclasticnet       2000               500 all bars      common  6069 2012-03-29           0.11655       0.12752 -0.01097  -8.60119 -0.01384 -0.00814  -8.26826      True
  blk_close reclasticnet       2000               500 all bars deck period  2174 2020-01-03           0.11373       0.12070 -0.00697  -5.77156 -0.01116 -0.00246  -3.42709      True
  blk_close reclasticnet       2000               500    15:30      common  3034 2012-03-30           0.12161       0.12943 -0.00782  -6.04079 -0.01139 -0.00427  -4.63837      True
  blk_close reclasticnet       2000               500    15:30 deck period  1087 2020-01-03           0.12526       0.12790 -0.00264  -2.06634 -0.00826  0.00261  -0.99502     False
  blk_close reclasticnet       2000               500    16:00      common  3035 2012-03-29           0.11149       0.12560 -0.01412 -11.23878 -0.01793 -0.01035  -7.77895      True
  blk_close reclasticnet       2000               500    16:00 deck period  1087 2020-01-03           0.10221       0.11350 -0.01129  -9.94713 -0.01775 -0.00529  -3.64578      True
  blk_close reclasticnet       2000              2000 all bars      common  6069 2012-03-29           0.11655       0.12925 -0.01270  -9.82555 -0.01515 -0.01017 -10.60650      True
  blk_close reclasticnet       2000              2000 all bars deck period  2174 2020-01-03           0.11373       0.12453 -0.01080  -8.66984 -0.01444 -0.00696  -6.32597      True
  blk_close reclasticnet       2000              2000    15:30      common  3034 2012-03-30           0.12161       0.13127 -0.00965  -7.35339 -0.01258 -0.00662  -6.44844      True
  blk_close reclasticnet       2000              2000    15:30 deck period  1087 2020-01-03           0.12526       0.13354 -0.00828  -6.19960 -0.01347 -0.00297  -3.44702      True
  blk_close reclasticnet       2000              2000    16:00      common  3035 2012-03-29           0.11149       0.12723 -0.01575 -12.37527 -0.01891 -0.01275  -9.88996      True
  blk_close reclasticnet       2000              2000    16:00 deck period  1087 2020-01-03           0.10221       0.11552 -0.01331 -11.52539 -0.01802 -0.00852  -5.54983      True
  blk_close        ridge        500               500 all bars      common  9069 2006-04-10           0.11717       0.12328 -0.00610  -4.95035 -0.00873 -0.00358  -5.07712      True
  blk_close        ridge        500               500 all bars deck period  2174 2020-01-03           0.11880       0.12040 -0.00160  -1.33279 -0.00644  0.00364  -0.75385     False
  blk_close        ridge        500               500    15:30      common  4535 2006-04-10           0.12233       0.12515 -0.00282  -2.25154 -0.00586  0.00026  -1.94335     False
  blk_close        ridge        500               500    15:30 deck period  1087 2020-01-03           0.12847       0.12773  0.00073   0.57372 -0.00442  0.00568   0.27861     False
  blk_close        ridge        500               500    16:00      common  4534 2006-04-10           0.11202       0.12141 -0.00939  -7.73295 -0.01265 -0.00601  -5.59880      True
  blk_close        ridge        500               500    16:00 deck period  1087 2020-01-03           0.10913       0.11307 -0.00394  -3.48653 -0.01080  0.00348  -1.14618     False
  blk_close        ridge       2000               500 all bars      common  6069 2012-03-29           0.11716       0.12725 -0.01009  -7.92942 -0.01315 -0.00691  -7.19284      True
  blk_close        ridge       2000               500 all bars deck period  2174 2020-01-03           0.11395       0.12040 -0.00646  -5.36263 -0.01112 -0.00130  -2.90626      True
  blk_close        ridge       2000               500    15:30      common  3034 2012-03-30           0.12255       0.12890 -0.00635  -4.92347 -0.00987 -0.00276  -3.67030      True
  blk_close        ridge       2000               500    15:30 deck period  1087 2020-01-03           0.12594       0.12773 -0.00179  -1.40390 -0.00689  0.00349  -0.68114     False
  blk_close        ridge       2000               500    16:00      common  3035 2012-03-29           0.11176       0.12559 -0.01383 -11.01350 -0.01778 -0.00964  -7.11164      True
  blk_close        ridge       2000               500    16:00 deck period  1087 2020-01-03           0.10195       0.11307 -0.01112  -9.83471 -0.01820 -0.00408  -3.23102      True
  blk_close        ridge       2000              2000 all bars      common  6069 2012-03-29           0.11716       0.12878 -0.01162  -9.02458 -0.01434 -0.00885  -9.13424      True
  blk_close        ridge       2000              2000 all bars deck period  2174 2020-01-03           0.11395       0.12398 -0.01004  -8.09683 -0.01393 -0.00573  -5.38063      True
  blk_close        ridge       2000              2000    15:30      common  3034 2012-03-30           0.12255       0.13009 -0.00754  -5.79369 -0.01059 -0.00433  -4.95718      True
  blk_close        ridge       2000              2000    15:30 deck period  1087 2020-01-03           0.12594       0.13197 -0.00602  -4.56511 -0.01088 -0.00090  -2.55979      True
  blk_close        ridge       2000              2000    16:00      common  3035 2012-03-29           0.11176       0.12747 -0.01571 -12.32091 -0.01915 -0.01232  -9.08548      True
  blk_close        ridge       2000              2000    16:00 deck period  1087 2020-01-03           0.10195       0.11600 -0.01405 -12.11446 -0.01943 -0.00826  -5.07986      True
   blk_core     reclasso        500               500 all bars      common 40156 2001-10-11           0.12740       0.13499 -0.00759  -5.62404 -0.00946 -0.00663 -14.93921      True
   blk_core     reclasso        500               500 all bars deck period  7756 2020-01-03           0.14934       0.15589 -0.00655  -4.20141 -0.01134 -0.00380  -4.75979      True
   blk_core     reclasso        500               500    11:00      common  5797 2001-10-11           0.11153       0.11749 -0.00596  -5.07071 -0.00789 -0.00393  -6.00100      True
   blk_core     reclasso        500               500    11:00 deck period  1116 2020-01-03           0.14045       0.14537 -0.00492  -3.38286 -0.01055  0.00147  -1.61986     False
   blk_core     reclasso        500               500    11:30      common  5799 2001-10-11           0.11762       0.12372 -0.00610  -4.92799 -0.00824 -0.00398  -5.97235      True
   blk_core     reclasso        500               500    11:30 deck period  1116 2020-01-03           0.13564       0.14281 -0.00717  -5.01800 -0.01236 -0.00184  -2.96880      True
   blk_core     reclasso        500               500    12:00      common  5738 2001-10-11           0.11983       0.12769 -0.00786  -6.15474 -0.00977 -0.00592  -8.50256      True
   blk_core     reclasso        500               500    12:00 deck period  1116 2020-01-03           0.12787       0.13757 -0.00970  -7.04961 -0.01364 -0.00547  -4.70500      True
   blk_core     reclasso        500               500    12:30      common  5738 2001-10-11           0.13475       0.14357 -0.00883  -6.14701 -0.01100 -0.00684  -8.38750      True
   blk_core     reclasso        500               500    12:30 deck period  1116 2020-01-03           0.14081       0.14997 -0.00917  -6.11267 -0.01388 -0.00437  -3.67508      True
   blk_core     reclasso        500               500    13:00      common  5738 2001-10-11           0.13529       0.14392 -0.00863  -5.99733 -0.01091 -0.00612  -7.40713      True
   blk_core     reclasso        500               500    13:00 deck period  1116 2020-01-03           0.16086       0.16876 -0.00791  -4.68474 -0.01463 -0.00112  -2.44831      True
   blk_core     reclasso        500               500    13:30      common  5677 2001-10-11           0.14162       0.14913 -0.00751  -5.03590 -0.01037 -0.00451  -5.34686      True
   blk_core     reclasso        500               500    13:30 deck period  1088 2020-01-03           0.17102       0.17376 -0.00274  -1.57964 -0.01002  0.00504  -0.83290     False
   blk_core     reclasso        500               500    14:00      common  5669 2001-10-11           0.13161       0.13991 -0.00830  -5.93451 -0.01110 -0.00531  -6.04346      True
   blk_core     reclasso        500               500    14:00 deck period  1088 2020-01-03           0.16980       0.17389 -0.00409  -2.35210 -0.01149  0.00514  -0.96469     False
   blk_core     reclasso       2000               500 all bars      common 29656 2007-09-19           0.13433       0.13962 -0.00529  -3.79224 -0.00724 -0.00409 -10.10858      True
   blk_core     reclasso       2000               500 all bars deck period  7756 2020-01-03           0.15315       0.15589 -0.00274  -1.75745 -0.00618  0.00008  -2.76289     False
   blk_core     reclasso       2000               500    11:00      common  4282 2007-09-20           0.11808       0.12232 -0.00424  -3.46938 -0.00627 -0.00230  -4.30021      True
   blk_core     reclasso       2000               500    11:00 deck period  1116 2020-01-03           0.14289       0.14537 -0.00248  -1.70533 -0.00630  0.00144  -1.27423     False
   blk_core     reclasso       2000               500    11:30      common  4282 2007-09-20           0.12464       0.12883 -0.00418  -3.24688 -0.00628 -0.00202  -4.08534      True
   blk_core     reclasso       2000               500    11:30 deck period  1116 2020-01-03           0.13932       0.14281 -0.00349  -2.44096 -0.00798  0.00088  -1.76654     False
   blk_core     reclasso       2000               500    12:00      common  4243 2007-09-20           0.12622       0.12997 -0.00374  -2.87911 -0.00599 -0.00159  -3.51172      True
   blk_core     reclasso       2000               500    12:00 deck period  1116 2020-01-03           0.13443       0.13757 -0.00314  -2.28199 -0.00712  0.00063  -1.87491     False
   blk_core     reclasso       2000               500    12:30      common  4244 2007-09-19           0.13508       0.14058 -0.00550  -3.91078 -0.00794 -0.00302  -4.60029      True
   blk_core     reclasso       2000               500    12:30 deck period  1116 2020-01-03           0.14879       0.14997 -0.00118  -0.78998 -0.00510  0.00294  -0.63280     False
   blk_core     reclasso       2000               500    13:00      common  4244 2007-09-19           0.14693       0.15390 -0.00697  -4.52942 -0.00932 -0.00469  -6.01388      True
   blk_core     reclasso       2000               500    13:00 deck period  1116 2020-01-03           0.16391       0.16876 -0.00485  -2.87406 -0.00948 -0.00005  -2.26666      True
   blk_core     reclasso       2000               500    13:30      common  4183 2007-09-19           0.15132       0.15670 -0.00538  -3.43606 -0.00785 -0.00278  -4.36494      True
   blk_core     reclasso       2000               500    13:30 deck period  1088 2020-01-03           0.17092       0.17376 -0.00284  -1.63583 -0.00773  0.00217  -1.20081     False
   blk_core     reclasso       2000               500    14:00      common  4178 2007-09-19           0.13855       0.14564 -0.00709  -4.86828 -0.00980 -0.00433  -5.23843      True
   blk_core     reclasso       2000               500    14:00 deck period  1088 2020-01-03           0.17273       0.17389 -0.00116  -0.66654 -0.00763  0.00594  -0.33759     False
   blk_core     reclasso       2000              2000 all bars      common 29195 2007-12-21           0.13475       0.14185 -0.00710  -5.00820 -0.00893 -0.00637 -14.50281      True
   blk_core     reclasso       2000              2000 all bars deck period  7756 2020-01-03           0.15315       0.16108 -0.00793  -4.92170 -0.01157 -0.00593  -7.67084      True
   blk_core     reclasso       2000              2000    11:00      common  4216 2007-12-21           0.11850       0.12411 -0.00561  -4.52028 -0.00732 -0.00393  -6.73292      True
   blk_core     reclasso       2000              2000    11:00 deck period  1116 2020-01-03           0.14289       0.15103 -0.00814  -5.39001 -0.01136 -0.00503  -5.14379      True
   blk_core     reclasso       2000              2000    11:30      common  4216 2007-12-21           0.12477       0.13070 -0.00593  -4.53596 -0.00779 -0.00410  -6.65344      True
   blk_core     reclasso       2000              2000    11:30 deck period  1116 2020-01-03           0.13932       0.14934 -0.01002  -6.70880 -0.01361 -0.00636  -5.96793      True
   blk_core     reclasso       2000              2000    12:00      common  4178 2007-12-21           0.12648       0.13319 -0.00671  -5.03692 -0.00860 -0.00489  -7.13188      True
   blk_core     reclasso       2000              2000    12:00 deck period  1116 2020-01-03           0.13443       0.14370 -0.00927  -6.45095 -0.01218 -0.00611  -5.85507      True
   blk_core     reclasso       2000              2000    12:30      common  4178 2007-12-21           0.13584       0.14400 -0.00816  -5.66451 -0.01035 -0.00590  -7.37218      True
   blk_core     reclasso       2000              2000    12:30 deck period  1116 2020-01-03           0.14879       0.15893 -0.01014  -6.37867 -0.01326 -0.00675  -6.32227      True
   blk_core     reclasso       2000              2000    13:00      common  4178 2007-12-21           0.14692       0.15485 -0.00793  -5.12102 -0.01006 -0.00572  -7.18865      True
   blk_core     reclasso       2000              2000    13:00 deck period  1116 2020-01-03           0.16391       0.17139 -0.00748  -4.36299 -0.01202 -0.00240  -2.96827      True
   blk_core     reclasso       2000              2000    13:30      common  4117 2007-12-21           0.15174       0.15730 -0.00557  -3.54000 -0.00803 -0.00313  -4.56771      True
   blk_core     reclasso       2000              2000    13:30 deck period  1088 2020-01-03           0.17092       0.17402 -0.00310  -1.78359 -0.00793  0.00220  -1.34077     False
   blk_core     reclasso       2000              2000    14:00      common  4112 2007-12-21           0.13956       0.14943 -0.00987  -6.60725 -0.01256 -0.00724  -7.79988      True
   blk_core     reclasso       2000              2000    14:00 deck period  1088 2020-01-03           0.17273       0.17994 -0.00721  -4.00532 -0.01301 -0.00022  -2.43425      True
   blk_core reclasticnet        500               500 all bars      common 40156 2001-10-11           0.12693       0.13452 -0.00759  -5.63880 -0.00955 -0.00690 -15.41862      True
   blk_core reclasticnet        500               500 all bars deck period  7756 2020-01-03           0.14847       0.15514 -0.00667  -4.29915 -0.01145 -0.00421  -4.86902      True
   blk_core reclasticnet        500               500    11:00      common  5797 2001-10-11           0.11114       0.11716 -0.00602  -5.14217 -0.00795 -0.00409  -6.27069      True
   blk_core reclasticnet        500               500    11:00 deck period  1116 2020-01-03           0.13915       0.14478 -0.00563  -3.88973 -0.01080  0.00032  -1.98593     False
   blk_core reclasticnet        500               500    11:30      common  5799 2001-10-11           0.11699       0.12348 -0.00648  -5.25127 -0.00850 -0.00459  -6.71362      True
   blk_core reclasticnet        500               500    11:30 deck period  1116 2020-01-03           0.13427       0.14225 -0.00798  -5.60758 -0.01238 -0.00372  -3.85206      True
   blk_core reclasticnet        500               500    12:00      common  5738 2001-10-11           0.11951       0.12731 -0.00780  -6.12475 -0.00967 -0.00591  -8.69192      True
   blk_core reclasticnet        500               500    12:00 deck period  1116 2020-01-03           0.12787       0.13710 -0.00922  -6.72660 -0.01347 -0.00453  -3.99763      True
   blk_core reclasticnet        500               500    12:30      common  5738 2001-10-11           0.13410       0.14307 -0.00897  -6.26988 -0.01110 -0.00699  -8.82803      True
   blk_core reclasticnet        500               500    12:30 deck period  1116 2020-01-03           0.13957       0.14953 -0.00995  -6.65668 -0.01507 -0.00484  -3.93629      True
   blk_core reclasticnet        500               500    13:00      common  5738 2001-10-11           0.13453       0.14303 -0.00850  -5.94279 -0.01067 -0.00630  -7.75970      True
   blk_core reclasticnet        500               500    13:00 deck period  1116 2020-01-03           0.15921       0.16715 -0.00793  -4.74591 -0.01410 -0.00205  -2.69695      True
   blk_core reclasticnet        500               500    13:30      common  5677 2001-10-11           0.14128       0.14842 -0.00714  -4.81042 -0.00994 -0.00425  -5.25500      True
   blk_core reclasticnet        500               500    13:30 deck period  1088 2020-01-03           0.17074       0.17251 -0.00177  -1.02369 -0.00921  0.00648  -0.51650     False
   blk_core reclasticnet        500               500    14:00      common  5669 2001-10-11           0.13145       0.13966 -0.00821  -5.87907 -0.01094 -0.00522  -6.00037      True
   blk_core reclasticnet        500               500    14:00 deck period  1088 2020-01-03           0.16954       0.17356 -0.00402  -2.31366 -0.01182  0.00568  -0.91914     False
   blk_core reclasticnet       2000               500 all bars      common 29656 2007-09-19           0.13395       0.13913 -0.00519  -3.72741 -0.00705 -0.00407 -10.20887      True
   blk_core reclasticnet       2000               500 all bars deck period  7756 2020-01-03           0.15199       0.15514 -0.00315  -2.02806 -0.00646 -0.00075  -3.30232      True
   blk_core reclasticnet       2000               500    11:00      common  4282 2007-09-20           0.11764       0.12190 -0.00425  -3.48894 -0.00630 -0.00226  -4.28082      True
   blk_core reclasticnet       2000               500    11:00 deck period  1116 2020-01-03           0.14193       0.14478 -0.00285  -1.96788 -0.00624  0.00109  -1.49900     False
   blk_core reclasticnet       2000               500    11:30      common  4282 2007-09-20           0.12448       0.12858 -0.00410  -3.18803 -0.00623 -0.00198  -3.96842      True
   blk_core reclasticnet       2000               500    11:30 deck period  1116 2020-01-03           0.13827       0.14225 -0.00398  -2.79766 -0.00821 -0.00004  -2.10988      True
   blk_core reclasticnet       2000               500    12:00      common  4243 2007-09-20           0.12564       0.12951 -0.00387  -2.98921 -0.00602 -0.00168  -3.59910      True
   blk_core reclasticnet       2000               500    12:00 deck period  1116 2020-01-03           0.13291       0.13710 -0.00419  -3.05339 -0.00816 -0.00034  -2.42603      True
   blk_core reclasticnet       2000               500    12:30      common  4244 2007-09-19           0.13442       0.13999 -0.00557  -3.98068 -0.00794 -0.00333  -5.12994      True
   blk_core reclasticnet       2000               500    12:30 deck period  1116 2020-01-03           0.14720       0.14953 -0.00232  -1.55230 -0.00615  0.00137  -1.37383     False
   blk_core reclasticnet       2000               500    13:00      common  4244 2007-09-19           0.14668       0.15301 -0.00634  -4.14193 -0.00855 -0.00409  -5.56923      True
   blk_core reclasticnet       2000               500    13:00 deck period  1116 2020-01-03           0.16348       0.16715 -0.00367  -2.19340 -0.00822  0.00089  -1.71566     False
   blk_core reclasticnet       2000               500    13:30      common  4183 2007-09-19           0.15106       0.15608 -0.00502  -3.21428 -0.00732 -0.00253  -4.24330      True
   blk_core reclasticnet       2000               500    13:30 deck period  1088 2020-01-03           0.16970       0.17251 -0.00281  -1.62700 -0.00661  0.00110  -1.34195     False
   blk_core reclasticnet       2000               500    14:00      common  4178 2007-09-19           0.13826       0.14546 -0.00720  -4.94909 -0.00984 -0.00453  -5.54077      True
   blk_core reclasticnet       2000               500    14:00 deck period  1088 2020-01-03           0.17138       0.17356 -0.00218  -1.25754 -0.00813  0.00469  -0.68323     False
   blk_core reclasticnet       2000              2000 all bars      common 29195 2007-12-21           0.13437       0.14154 -0.00718  -5.06938 -0.00885 -0.00652 -15.40164      True
   blk_core reclasticnet       2000              2000 all bars deck period  7756 2020-01-03           0.15199       0.16110 -0.00911  -5.65300 -0.01234 -0.00784  -9.21138      True
   blk_core reclasticnet       2000              2000    11:00      common  4216 2007-12-21           0.11806       0.12374 -0.00568  -4.58629 -0.00733 -0.00400  -6.86680      True
   blk_core reclasticnet       2000              2000    11:00 deck period  1116 2020-01-03           0.14193       0.15096 -0.00903  -5.98152 -0.01212 -0.00612  -5.68164      True
   blk_core reclasticnet       2000              2000    11:30      common  4216 2007-12-21           0.12461       0.13022 -0.00561  -4.30877 -0.00740 -0.00377  -6.33055      True
   blk_core reclasticnet       2000              2000    11:30 deck period  1116 2020-01-03           0.13827       0.14878 -0.01051  -7.06716 -0.01408 -0.00696  -6.19164      True
   blk_core reclasticnet       2000              2000    12:00      common  4178 2007-12-21           0.12589       0.13299 -0.00710  -5.34139 -0.00893 -0.00530  -7.84139      True
   blk_core reclasticnet       2000              2000    12:00 deck period  1116 2020-01-03           0.13291       0.14386 -0.01095  -7.61383 -0.01334 -0.00853  -7.71602      True
   blk_core reclasticnet       2000              2000    12:30      common  4178 2007-12-21           0.13517       0.14383 -0.00865  -6.01743 -0.01058 -0.00679  -8.95833      True
   blk_core reclasticnet       2000              2000    12:30 deck period  1116 2020-01-03           0.14720       0.15914 -0.01194  -7.50178 -0.01475 -0.00910  -7.86167      True
   blk_core reclasticnet       2000              2000    13:00      common  4178 2007-12-21           0.14666       0.15450 -0.00783  -5.07092 -0.00982 -0.00573  -7.43457      True
   blk_core reclasticnet       2000              2000    13:00 deck period  1116 2020-01-03           0.16348       0.17144 -0.00796  -4.64131 -0.01185 -0.00356  -3.53778      True
   blk_core reclasticnet       2000              2000    13:30      common  4117 2007-12-21           0.15148       0.15687 -0.00539  -3.43509 -0.00779 -0.00293  -4.37159      True
   blk_core reclasticnet       2000              2000    13:30 deck period  1088 2020-01-03           0.16970       0.17392 -0.00422  -2.42391 -0.00852  0.00043  -1.91959     False
   blk_core reclasticnet       2000              2000    14:00      common  4112 2007-12-21           0.13927       0.14928 -0.01001  -6.70382 -0.01253 -0.00744  -8.10569      True
   blk_core reclasticnet       2000              2000    14:00 deck period  1088 2020-01-03           0.17138       0.18039 -0.00901  -4.99697 -0.01433 -0.00246  -3.10503      True
   blk_core        ridge        500               500 all bars      common 40156 2001-10-11           0.12828       0.13444 -0.00616  -4.58453 -0.00761 -0.00492 -13.03986      True
   blk_core        ridge        500               500 all bars deck period  7756 2020-01-03           0.15098       0.15545 -0.00447  -2.87711 -0.00868 -0.00115  -3.56161      True
   blk_core        ridge        500               500    11:00      common  5797 2001-10-11           0.11306       0.11710 -0.00404  -3.45049 -0.00593 -0.00221  -4.34498      True
   blk_core        ridge        500               500    11:00 deck period  1116 2020-01-03           0.14236       0.14494 -0.00258  -1.78048 -0.00764  0.00270  -1.06582     False
   blk_core        ridge        500               500    11:30      common  5799 2001-10-11           0.11955       0.12346 -0.00391  -3.16388 -0.00608 -0.00186  -3.67317      True
   blk_core        ridge        500               500    11:30 deck period  1116 2020-01-03           0.14109       0.14238 -0.00129  -0.90588 -0.00623  0.00410  -0.54719     False
   blk_core        ridge        500               500    12:00      common  5738 2001-10-11           0.12153       0.12758 -0.00605  -4.74196 -0.00796 -0.00409  -6.39598      True
   blk_core        ridge        500               500    12:00 deck period  1116 2020-01-03           0.13294       0.13836 -0.00542  -3.91908 -0.00971 -0.00045  -2.42063      True
   blk_core        ridge        500               500    12:30      common  5738 2001-10-11           0.13584       0.14278 -0.00694  -4.85955 -0.00906 -0.00486  -6.65883      True
   blk_core        ridge        500               500    12:30 deck period  1116 2020-01-03           0.14431       0.14993 -0.00562  -3.74515 -0.01019 -0.00065  -2.51608      True
   blk_core        ridge        500               500    13:00      common  5738 2001-10-11           0.13547       0.14315 -0.00768  -5.36435 -0.01000 -0.00542  -7.10610      True
   blk_core        ridge        500               500    13:00 deck period  1116 2020-01-03           0.16093       0.16824 -0.00731  -4.34598 -0.01382 -0.00081  -2.65565      True
   blk_core        ridge        500               500    13:30      common  5677 2001-10-11           0.14119       0.14794 -0.00675  -4.56462 -0.00920 -0.00427  -5.63185      True
   blk_core        ridge        500               500    13:30 deck period  1088 2020-01-03           0.16666       0.17092 -0.00427  -2.49572 -0.01007  0.00149  -1.62941     False
   blk_core        ridge        500               500    14:00      common  5669 2001-10-11           0.13173       0.13958 -0.00785  -5.62400 -0.01047 -0.00481  -5.85141      True
   blk_core        ridge        500               500    14:00 deck period  1088 2020-01-03           0.16943       0.17425 -0.00483  -2.76958 -0.01218  0.00409  -1.13506     False
   blk_core        ridge       2000               500 all bars      common 29656 2007-09-19           0.13352       0.13893 -0.00541  -3.89658 -0.00747 -0.00454 -10.77647      True
   blk_core        ridge       2000               500 all bars deck period  7756 2020-01-03           0.15163       0.15545 -0.00382  -2.45979 -0.00717 -0.00143  -4.09973      True
   blk_core        ridge       2000               500    11:00      common  4282 2007-09-20           0.11731       0.12163 -0.00431  -3.54556 -0.00638 -0.00231  -4.35836      True
   blk_core        ridge       2000               500    11:00 deck period  1116 2020-01-03           0.14293       0.14494 -0.00201  -1.38676 -0.00603  0.00201  -1.04031     False
   blk_core        ridge       2000               500    11:30      common  4282 2007-09-20           0.12433       0.12835 -0.00402  -3.13544 -0.00610 -0.00189  -3.90031      True
   blk_core        ridge       2000               500    11:30 deck period  1116 2020-01-03           0.13880       0.14238 -0.00358  -2.51602 -0.00817  0.00052  -1.87145     False
   blk_core        ridge       2000               500    12:00      common  4243 2007-09-20           0.12535       0.12963 -0.00428  -3.30516 -0.00640 -0.00225  -4.13891      True
   blk_core        ridge       2000               500    12:00 deck period  1116 2020-01-03           0.13368       0.13836 -0.00468  -3.38459 -0.00869 -0.00095  -2.85459      True
   blk_core        ridge       2000               500    12:30      common  4244 2007-09-19           0.13437       0.13969 -0.00532  -3.80866 -0.00783 -0.00271  -4.25680      True
   blk_core        ridge       2000               500    12:30 deck period  1116 2020-01-03           0.14740       0.14993 -0.00252  -1.68338 -0.00663  0.00148  -1.38575     False
   blk_core        ridge       2000               500    13:00      common  4244 2007-09-19           0.14636       0.15319 -0.00683  -4.45795 -0.00909 -0.00469  -6.02622      True
   blk_core        ridge       2000               500    13:00 deck period  1116 2020-01-03           0.16310       0.16824 -0.00515  -3.05839 -0.00980 -0.00074  -2.38891      True
   blk_core        ridge       2000               500    13:30      common  4183 2007-09-19           0.15016       0.15534 -0.00518  -3.33386 -0.00726 -0.00291  -4.66749      True
   blk_core        ridge       2000               500    13:30 deck period  1088 2020-01-03           0.16775       0.17092 -0.00317  -1.85591 -0.00725  0.00088  -1.45131     False
   blk_core        ridge       2000               500    14:00      common  4178 2007-09-19           0.13726       0.14527 -0.00800  -5.50997 -0.01049 -0.00556  -6.52480      True
   blk_core        ridge       2000               500    14:00 deck period  1088 2020-01-03           0.16857       0.17425 -0.00568  -3.25972 -0.01133  0.00007  -1.94531     False
   blk_core        ridge       2000              2000 all bars      common 29195 2007-12-21           0.13393       0.14054 -0.00661  -4.70295 -0.00846 -0.00603 -14.38988      True
   blk_core        ridge       2000              2000 all bars deck period  7756 2020-01-03           0.15163       0.15997 -0.00834  -5.21378 -0.01135 -0.00686  -9.02074      True
   blk_core        ridge       2000              2000    11:00      common  4216 2007-12-21           0.11773       0.12260 -0.00487  -3.96933 -0.00655 -0.00321  -5.87774      True
   blk_core        ridge       2000              2000    11:00 deck period  1116 2020-01-03           0.14293       0.14977 -0.00684  -4.56382 -0.00994 -0.00394  -4.67609      True
   blk_core        ridge       2000              2000    11:30      common  4216 2007-12-21           0.12446       0.12979 -0.00533  -4.10949 -0.00716 -0.00345  -6.03570      True
   blk_core        ridge       2000              2000    11:30 deck period  1116 2020-01-03           0.13880       0.14844 -0.00964  -6.49634 -0.01320 -0.00650  -6.20478      True
   blk_core        ridge       2000              2000    12:00      common  4178 2007-12-21           0.12559       0.13178 -0.00619  -4.69506 -0.00801 -0.00441  -6.78104      True
   blk_core        ridge       2000              2000    12:00 deck period  1116 2020-01-03           0.13368       0.14293 -0.00925  -6.47093 -0.01173 -0.00670  -6.47351      True
   blk_core        ridge       2000              2000    12:30      common  4178 2007-12-21           0.13512       0.14239 -0.00727  -5.10466 -0.00958 -0.00485  -6.17006      True
   blk_core        ridge       2000              2000    12:30 deck period  1116 2020-01-03           0.14740       0.15743 -0.01002  -6.36766 -0.01320 -0.00699  -6.72281      True
   blk_core        ridge       2000              2000    13:00      common  4178 2007-12-21           0.14634       0.15378 -0.00744  -4.83535 -0.00932 -0.00552  -7.34409      True
   blk_core        ridge       2000              2000    13:00 deck period  1116 2020-01-03           0.16310       0.17088 -0.00779  -4.55718 -0.01121 -0.00426  -3.73388      True
   blk_core        ridge       2000              2000    13:30      common  4117 2007-12-21           0.15056       0.15603 -0.00547  -3.50613 -0.00757 -0.00331  -5.06585      True
   blk_core        ridge       2000              2000    13:30 deck period  1088 2020-01-03           0.16775       0.17285 -0.00510  -2.95124 -0.00950 -0.00094  -2.42835      True
   blk_core        ridge       2000              2000    14:00      common  4112 2007-12-21           0.13826       0.14802 -0.00977  -6.59734 -0.01241 -0.00726  -7.99627      True
   blk_core        ridge       2000              2000    14:00 deck period  1088 2020-01-03           0.16857       0.17827 -0.00970  -5.43880 -0.01483 -0.00352  -3.52251      True
   blk_open     reclasso        500               500 all bars      common  9363 2006-03-02           0.12705       0.13012 -0.00306  -2.35421 -0.00498 -0.00115  -2.92041      True
   blk_open     reclasso        500               500 all bars deck period  2232 2020-01-03           0.13552       0.13685 -0.00133  -0.97477 -0.00524  0.00242  -0.63498     False
   blk_open     reclasso        500               500    10:00      common  4681 2006-03-03           0.10624       0.11298 -0.00673  -5.96114 -0.00935 -0.00408  -4.98393      True
   blk_open     reclasso        500               500    10:00 deck period  1116 2020-01-03           0.11063       0.11670 -0.00608  -5.20749 -0.01220 -0.00015  -2.19945      True
   blk_open     reclasso        500               500    10:30      common  4682 2006-03-02           0.14786       0.14726  0.00061   0.41245 -0.00184  0.00315   0.45626     False
   blk_open     reclasso        500               500    10:30 deck period  1116 2020-01-03           0.16042       0.15701  0.00341   2.17140 -0.00187  0.00831   1.20023     False
   blk_open     reclasso       2000               500 all bars      common  6363 2011-12-23           0.12442       0.13363 -0.00921  -6.89304 -0.01157 -0.00667  -6.56142      True
   blk_open     reclasso       2000               500 all bars deck period  2232 2020-01-03           0.12806       0.13685 -0.00880  -6.42953 -0.01375 -0.00411  -3.34324      True
   blk_open     reclasso       2000               500    10:00      common  3181 2011-12-27           0.10470       0.11769 -0.01299 -11.03953 -0.01624 -0.00995  -7.91252      True
   blk_open     reclasso       2000               500    10:00 deck period  1116 2020-01-03           0.10463       0.11670 -0.01207 -10.34539 -0.01804 -0.00625  -3.95030      True
   blk_open     reclasso       2000               500    10:30      common  3182 2011-12-23           0.14413       0.14956 -0.00543  -3.63102 -0.00889 -0.00204  -2.93880      True
   blk_open     reclasso       2000               500    10:30 deck period  1116 2020-01-03           0.15148       0.15701 -0.00552  -3.51888 -0.01325  0.00093  -1.52217     False
   blk_open     reclasso       2000              2000 all bars      common  6363 2011-12-23           0.12442       0.13182 -0.00740  -5.61507 -0.00961 -0.00507  -5.90546      True
   blk_open     reclasso       2000              2000 all bars deck period  2232 2020-01-03           0.12806       0.13794 -0.00989  -7.16655 -0.01423 -0.00569  -4.19576      True
   blk_open     reclasso       2000              2000    10:00      common  3181 2011-12-27           0.10470       0.11506 -0.01036  -9.00428 -0.01291 -0.00780  -7.44420      True
   blk_open     reclasso       2000              2000    10:00 deck period  1116 2020-01-03           0.10463       0.11762 -0.01299 -11.04529 -0.01814 -0.00819  -4.75043      True
   blk_open     reclasso       2000              2000    10:30      common  3182 2011-12-23           0.14413       0.14857 -0.00444  -2.99112 -0.00735 -0.00140  -2.85596      True
   blk_open     reclasso       2000              2000    10:30 deck period  1116 2020-01-03           0.15148       0.15826 -0.00678  -4.28385 -0.01172 -0.00179  -2.56161      True
   blk_open reclasticnet        500               500 all bars      common  9363 2006-03-02           0.12524       0.12996 -0.00472  -3.62838 -0.00652 -0.00283  -4.84458      True
   blk_open reclasticnet        500               500 all bars deck period  2232 2020-01-03           0.13323       0.13677 -0.00354  -2.59154 -0.00711 -0.00008  -1.70683      True
   blk_open reclasticnet        500               500    10:00      common  4681 2006-03-03           0.10423       0.11290 -0.00867  -7.67836 -0.01100 -0.00631  -6.85186      True
   blk_open reclasticnet        500               500    10:00 deck period  1116 2020-01-03           0.10850       0.11666 -0.00816  -6.99105 -0.01375 -0.00288  -3.04902      True
   blk_open reclasticnet        500               500    10:30      common  4682 2006-03-02           0.14625       0.14701 -0.00076  -0.51886 -0.00311  0.00164  -0.60366     False
   blk_open reclasticnet        500               500    10:30 deck period  1116 2020-01-03           0.15795       0.15689  0.00107   0.67976 -0.00354  0.00555   0.38984     False
   blk_open reclasticnet       2000               500 all bars      common  6363 2011-12-23           0.12425       0.13339 -0.00913  -6.84626 -0.01150 -0.00659  -6.55825      True
   blk_open reclasticnet       2000               500 all bars deck period  2232 2020-01-03           0.12880       0.13677 -0.00797  -5.82735 -0.01285 -0.00333  -3.03492      True
   blk_open reclasticnet       2000               500    10:00      common  3181 2011-12-27           0.10465       0.11768 -0.01303 -11.07012 -0.01631 -0.00994  -7.96118      True
   blk_open reclasticnet       2000               500    10:00 deck period  1116 2020-01-03           0.10559       0.11666 -0.01107  -9.48895 -0.01704 -0.00520  -3.66975      True
   blk_open reclasticnet       2000               500    10:30      common  3182 2011-12-23           0.14385       0.14909 -0.00524  -3.51340 -0.00873 -0.00184  -2.86511      True
   blk_open reclasticnet       2000               500    10:30 deck period  1116 2020-01-03           0.15202       0.15689 -0.00487  -3.10473 -0.01266  0.00169  -1.34635     False
   blk_open reclasticnet       2000              2000 all bars      common  6363 2011-12-23           0.12425       0.13163 -0.00737  -5.59955 -0.00953 -0.00507  -6.00150      True
   blk_open reclasticnet       2000              2000 all bars deck period  2232 2020-01-03           0.12880       0.13782 -0.00902  -6.54502 -0.01339 -0.00487  -3.93364      True
   blk_open reclasticnet       2000              2000    10:00      common  3181 2011-12-27           0.10465       0.11508 -0.01043  -9.06415 -0.01304 -0.00785  -7.57821      True
   blk_open reclasticnet       2000              2000    10:00 deck period  1116 2020-01-03           0.10559       0.11795 -0.01236 -10.47896 -0.01753 -0.00756  -4.60243      True
   blk_open reclasticnet       2000              2000    10:30      common  3182 2011-12-23           0.14385       0.14816 -0.00431  -2.90935 -0.00718 -0.00134  -2.85029      True
   blk_open reclasticnet       2000              2000    10:30 deck period  1116 2020-01-03           0.15202       0.15770 -0.00568  -3.60274 -0.01055 -0.00086  -2.24469      True
   blk_open        ridge        500               500 all bars      common  9363 2006-03-02           0.12629       0.12958 -0.00329  -2.54202 -0.00515 -0.00138  -3.36132      True
   blk_open        ridge        500               500 all bars deck period  2232 2020-01-03           0.13527       0.13595 -0.00069  -0.50488 -0.00398  0.00264  -0.34360     False
   blk_open        ridge        500               500    10:00      common  4681 2006-03-03           0.10534       0.11233 -0.00699  -6.21954 -0.00944 -0.00456  -5.46233      True
   blk_open        ridge        500               500    10:00 deck period  1116 2020-01-03           0.11103       0.11526 -0.00423  -3.66759 -0.00943  0.00099  -1.64792     False
   blk_open        ridge        500               500    10:30      common  4682 2006-03-02           0.14723       0.14683  0.00040   0.27084 -0.00211  0.00297   0.30428     False
   blk_open        ridge        500               500    10:30 deck period  1116 2020-01-03           0.15950       0.15664  0.00285   1.82230 -0.00166  0.00727   1.03884     False
   blk_open        ridge       2000               500 all bars      common  6363 2011-12-23           0.12390       0.13301 -0.00912  -6.85299 -0.01150 -0.00658  -6.59477      True
   blk_open        ridge       2000               500 all bars deck period  2232 2020-01-03           0.12940       0.13595 -0.00655  -4.82141 -0.01156 -0.00193  -2.52420      True
   blk_open        ridge       2000               500    10:00      common  3181 2011-12-27           0.10397       0.11708 -0.01311 -11.20134 -0.01638 -0.01004  -7.89309      True
   blk_open        ridge       2000               500    10:00 deck period  1116 2020-01-03           0.10565       0.11526 -0.00961  -8.34062 -0.01495 -0.00431  -3.34305      True
   blk_open        ridge       2000               500    10:30      common  3182 2011-12-23           0.14382       0.14894 -0.00512  -3.43579 -0.00846 -0.00172  -2.82209      True
   blk_open        ridge       2000               500    10:30 deck period  1116 2020-01-03           0.15315       0.15664 -0.00350  -2.23190 -0.01108  0.00273  -0.97474     False
   blk_open        ridge       2000              2000 all bars      common  6363 2011-12-23           0.12390       0.13119 -0.00729  -5.55930 -0.00945 -0.00500  -5.95017      True
   blk_open        ridge       2000              2000 all bars deck period  2232 2020-01-03           0.12940       0.13739 -0.00800  -5.82062 -0.01234 -0.00378  -3.48721      True
   blk_open        ridge       2000              2000    10:00      common  3181 2011-12-27           0.10397       0.11460 -0.01063  -9.27976 -0.01339 -0.00803  -7.46368      True
   blk_open        ridge       2000              2000    10:00 deck period  1116 2020-01-03           0.10565       0.11725 -0.01160  -9.89310 -0.01668 -0.00670  -4.26639      True
   blk_open        ridge       2000              2000    10:30      common  3182 2011-12-23           0.14382       0.14777 -0.00395  -2.67492 -0.00679 -0.00100  -2.57333      True
   blk_open        ridge       2000              2000    10:30 deck period  1116 2020-01-03           0.15315       0.15754 -0.00440  -2.78976 -0.00939  0.00081  -1.67026     False
blk_release     reclasso        500               500 all bars      common  9081 2006-04-04           0.20636       0.22415 -0.01779  -7.93790 -0.02279 -0.01287  -6.30151      True
blk_release     reclasso        500               500 all bars deck period  2174 2020-01-03           0.24445       0.27398 -0.02953 -10.77677 -0.04442 -0.01392  -3.13387      True
blk_release     reclasso        500               500    14:30      common  4541 2006-04-05           0.25121       0.28372 -0.03250 -11.45656 -0.04062 -0.02404  -7.05897      True
blk_release     reclasso        500               500    14:30 deck period  1087 2020-01-03           0.29721       0.34485 -0.04764 -13.81598 -0.07241 -0.01879  -2.84681      True
blk_release     reclasso        500               500    15:00      common  4540 2006-04-04           0.16149       0.16457 -0.00308  -1.87041 -0.00719  0.00092  -1.50570     False
blk_release     reclasso        500               500    15:00 deck period  1087 2020-01-03           0.19170       0.20311 -0.01141  -5.61664 -0.02048 -0.00219  -2.36335      True
blk_release     reclasso       2000               500 all bars      common  6081 2012-03-22           0.22201       0.23934 -0.01733  -7.23948 -0.02228 -0.01261  -6.48174      True
blk_release     reclasso       2000               500 all bars deck period  2174 2020-01-03           0.25007       0.27398 -0.02391  -8.72786 -0.03410 -0.01370  -4.35535      True
blk_release     reclasso       2000               500    14:30      common  3041 2012-03-22           0.26361       0.30431 -0.04070 -13.37367 -0.04847 -0.03340 -10.31562      True
blk_release     reclasso       2000               500    14:30 deck period  1087 2020-01-03           0.29052       0.34485 -0.05433 -15.75341 -0.07092 -0.03941  -6.41657      True
blk_release     reclasso       2000               500    15:00      common  3040 2012-03-22           0.18040       0.17434  0.00605   3.47108  0.00089  0.01108   2.27086     False
blk_release     reclasso       2000               500    15:00 deck period  1087 2020-01-03           0.20961       0.20311  0.00650   3.20048 -0.00313  0.01612   1.30092     False
blk_release     reclasso       2000              2000 all bars      common  6081 2012-03-22           0.22201       0.23947 -0.01745  -7.28896 -0.02225 -0.01278  -7.94325      True
blk_release     reclasso       2000              2000 all bars deck period  2174 2020-01-03           0.25007       0.27546 -0.02540  -9.22004 -0.03414 -0.01596  -6.43203      True
blk_release     reclasso       2000              2000    14:30      common  3041 2012-03-22           0.26361       0.30101 -0.03740 -12.42339 -0.04408 -0.03071 -11.76491      True
blk_release     reclasso       2000              2000    14:30 deck period  1087 2020-01-03           0.29052       0.33634 -0.04582 -13.62180 -0.05806 -0.03280  -7.97901      True
blk_release     reclasso       2000              2000    15:00      common  3040 2012-03-22           0.18040       0.17790  0.00249   1.40133 -0.00254  0.00759   1.00897     False
blk_release     reclasso       2000              2000    15:00 deck period  1087 2020-01-03           0.20961       0.21459 -0.00498  -2.32093 -0.01435  0.00531  -1.08822     False
blk_release reclasticnet        500               500 all bars      common  9081 2006-04-04           0.20482       0.22392 -0.01909  -8.52695 -0.02393 -0.01401  -6.68417      True
blk_release reclasticnet        500               500 all bars deck period  2174 2020-01-03           0.24455       0.27326 -0.02872 -10.50923 -0.04364 -0.01069  -2.92787      True
blk_release reclasticnet        500               500    14:30      common  4541 2006-04-05           0.24723       0.28350 -0.03626 -12.79186 -0.04434 -0.02775  -7.70161      True
blk_release reclasticnet        500               500    14:30 deck period  1087 2020-01-03           0.29580       0.34363 -0.04783 -13.92022 -0.07435 -0.01420  -2.70903      True
blk_release reclasticnet        500               500    15:00      common  4540 2006-04-04           0.16241       0.16432 -0.00192  -1.16739 -0.00603  0.00199  -0.92415     False
blk_release reclasticnet        500               500    15:00 deck period  1087 2020-01-03           0.19330       0.20290 -0.00960  -4.73237 -0.01861 -0.00042  -1.87763      True
blk_release reclasticnet       2000               500 all bars      common  6081 2012-03-22           0.22130       0.23904 -0.01774  -7.42181 -0.02236 -0.01334  -6.92214      True
blk_release reclasticnet       2000               500 all bars deck period  2174 2020-01-03           0.25013       0.27326 -0.02313  -8.46567 -0.03223 -0.01442  -4.44400      True
blk_release reclasticnet       2000               500    14:30      common  3041 2012-03-22           0.26248       0.30368 -0.04120 -13.56720 -0.04866 -0.03413 -10.83709      True
blk_release reclasticnet       2000               500    14:30 deck period  1087 2020-01-03           0.29023       0.34363 -0.05340 -15.54131 -0.06917 -0.03960  -6.61301      True
blk_release reclasticnet       2000               500    15:00      common  3040 2012-03-22           0.18012       0.17439  0.00573   3.28304  0.00077  0.01046   2.28780     False
blk_release reclasticnet       2000               500    15:00 deck period  1087 2020-01-03           0.21004       0.20290  0.00714   3.51764 -0.00188  0.01575   1.51252     False
blk_release reclasticnet       2000              2000 all bars      common  6081 2012-03-22           0.22130       0.23877 -0.01746  -7.31419 -0.02197 -0.01329  -8.08728      True
blk_release reclasticnet       2000              2000 all bars deck period  2174 2020-01-03           0.25013       0.27472 -0.02459  -8.95187 -0.03270 -0.01643  -6.35413      True
blk_release reclasticnet       2000              2000    14:30      common  3041 2012-03-22           0.26248       0.30003 -0.03755 -12.51598 -0.04405 -0.03114 -11.98965      True
blk_release reclasticnet       2000              2000    14:30 deck period  1087 2020-01-03           0.29023       0.33539 -0.04516 -13.46555 -0.05688 -0.03315  -7.88439      True
blk_release reclasticnet       2000              2000    15:00      common  3040 2012-03-22           0.18012       0.17749  0.00263   1.48197 -0.00218  0.00736   1.12000     False
blk_release reclasticnet       2000              2000    15:00 deck period  1087 2020-01-03           0.21004       0.21406 -0.00402  -1.87989 -0.01233  0.00527  -0.91653     False
blk_release        ridge        500               500 all bars      common  9081 2006-04-04           0.20549       0.22325 -0.01777  -7.95889 -0.02298 -0.01280  -6.24737      True
blk_release        ridge        500               500 all bars deck period  2174 2020-01-03           0.24027       0.27333 -0.03305 -12.09331 -0.04749 -0.01913  -3.52215      True
blk_release        ridge        500               500    14:30      common  4541 2006-04-05           0.24743       0.28309 -0.03566 -12.59586 -0.04392 -0.02714  -7.76093      True
blk_release        ridge        500               500    14:30 deck period  1087 2020-01-03           0.29009       0.34533 -0.05524 -15.99633 -0.07983 -0.02927  -3.34180      True
blk_release        ridge        500               500    15:00      common  4540 2006-04-04           0.16353       0.16341  0.00012   0.07606 -0.00416  0.00404   0.05988     False
blk_release        ridge        500               500    15:00 deck period  1087 2020-01-03           0.19045       0.20132 -0.01087  -5.39831 -0.02003 -0.00160  -2.21440      True
blk_release        ridge       2000               500 all bars      common  6081 2012-03-22           0.22207       0.23872 -0.01665  -6.97541 -0.02207 -0.01178  -5.79929      True
blk_release        ridge       2000               500 all bars deck period  2174 2020-01-03           0.24898       0.27333 -0.02434  -8.90672 -0.03622 -0.01439  -3.97431      True
blk_release        ridge       2000               500    14:30      common  3041 2012-03-22           0.26187       0.30406 -0.04218 -13.87378 -0.05057 -0.03404  -9.51378      True
blk_release        ridge       2000               500    14:30 deck period  1087 2020-01-03           0.28919       0.34533 -0.05614 -16.25682 -0.07659 -0.03948  -5.59912      True
blk_release        ridge       2000               500    15:00      common  3040 2012-03-22           0.18225       0.17336  0.00889   5.12779  0.00377  0.01394   3.42159     False
blk_release        ridge       2000               500    15:00 deck period  1087 2020-01-03           0.20877       0.20132  0.00745   3.70120 -0.00170  0.01638   1.57034     False
blk_release        ridge       2000              2000 all bars      common  6081 2012-03-22           0.22207       0.23823 -0.01616  -6.78338 -0.02081 -0.01165  -7.12582      True
blk_release        ridge       2000              2000 all bars deck period  2174 2020-01-03           0.24898       0.27422 -0.02523  -9.20235 -0.03356 -0.01705  -6.37136      True
blk_release        ridge       2000              2000    14:30      common  3041 2012-03-22           0.26187       0.30027 -0.03840 -12.78851 -0.04510 -0.03169 -11.70625      True
blk_release        ridge       2000              2000    14:30 deck period  1087 2020-01-03           0.28919       0.33706 -0.04786 -14.20044 -0.05972 -0.03573  -8.30374      True
blk_release        ridge       2000              2000    15:00      common  3040 2012-03-22           0.18225       0.17616  0.00609   3.45604  0.00112  0.01115   2.49132     False
blk_release        ridge       2000              2000    15:00 deck period  1087 2020-01-03           0.20877       0.21138 -0.00261  -1.23253 -0.01086  0.00694  -0.59861     False

wrote /u/scratch/j/jamesdc1/harxhar-subsection/results/linear_subsection/market_ew/subsection_vs_pooled.csv

15:30 sign(s) trade with each arm's forecast (deck ridge: 1.338 mid / 0.870 crossed)
  segment    estimator  train_win  deck_days  pct_buy  Sharpe_mid  Sharpe_crossed  ridge_Sharpe_mid_same_days
  bar1600     reclasso        500        866  37.7598      1.1278          0.6594                      1.3383
  bar1600     reclasso       2000        866  38.6836      1.4488          0.9812                      1.3383
  bar1600 reclasticnet        500        866  37.0670      1.2600          0.7912                      1.3383
  bar1600 reclasticnet       2000        866  37.5289      1.3739          0.9040                      1.3383
  bar1600        ridge        500        866  37.9908      0.9318          0.4624                      1.3383
  bar1600        ridge       2000        866  37.2979      1.1866          0.7171                      1.3383
blk_close     reclasso        500        866  36.0277      1.0276          0.5570                      1.3383
blk_close     reclasso       2000        866  37.2979      1.6562          1.1874                      1.3383
blk_close reclasticnet        500        866  35.2194      0.9034          0.4320                      1.3383
blk_close reclasticnet       2000        866  37.5289      1.3098          0.8393                      1.3383
blk_close        ridge        500        866  36.7206      0.9152          0.4453                      1.3383
blk_close        ridge       2000        866  37.8753      1.4530          0.9839                      1.3383
     none     reclasso        500        866  31.9861      1.2392          0.7627                      1.3383
     none     reclasso       2000        866  38.3372      1.2112          0.7386                      1.3383
     none reclasticnet        500        866  32.4480      1.1480          0.6723                      1.3383
     none reclasticnet       2000        866  37.9908      1.1631          0.6903                      1.3383
     none        ridge        500        866  33.2564      0.8181          0.3429                      1.3383
     none        ridge       2000        866  37.2979      1.3407          0.8676                      1.3383
