segment,bar_end,estimator,train_win,sample,comparison,n,QLIKE_a,QLIKE_b,diff,pct,ci_lo,ci_hi,improves,worse,blown
bar1000,10:00,reclasso,500,common,coefficients,3056,0.12030454355054959,2.599722832693883,-2.479418289143333,-95.3724088569131,-3.8277719017503244,-1.2163274573006948,True,False,True
bar1000,10:00,reclasso,500,common,package,3056,0.12030454355054959,1.9673769600162117,-1.847072416465662,-93.8850283399904,-2.9575501760002907,-0.8114954746640304,True,False,True
bar1000,10:00,reclasso,500,common,calibration,3056,2.599722832693883,1.9673769600162117,0.6323458726776715,32.14157152030798,0.1675321973651591,1.221863433679794,False,True,True
bar1000,10:00,reclasso,500,common,as scored,3056,0.11929796102859866,24.093523301101037,-23.97422534007244,-99.50485464687871,-24.024384324199673,-23.920337337491542,True,False,True
bar1000,10:00,reclasso,500,deck period,coefficients,1116,0.12318873433958318,0.11607647868241654,0.007112255657166614,6.127215210090613,0.0005167878038940388,0.014956474989475048,False,True,False
bar1000,10:00,reclasso,500,deck period,package,1116,0.12318873433958318,0.11979745995996308,0.0033912743796200534,2.830839970023934,-0.001643371865796741,0.008558590814951665,False,False,False
bar1000,10:00,reclasso,500,deck period,calibration,1116,0.11607647868241654,0.11979745995996308,-0.0037209812775465608,-3.1060602443408496,-0.007612380300014833,-0.0006171923881461874,True,False,False
bar1000,10:00,reclasso,500,deck period,as scored,1116,0.12099179828704541,24.108809243937994,-23.987817445650947,-99.49814278646936,-24.09258384509766,-23.889132749487622,True,False,True
bar1000,10:00,reclasso,2000,common,coefficients,1556,0.12748390107043336,0.12560740485950642,0.0018764962109269394,1.4939375692267713,-0.0028043722277325627,0.0063745668645988,False,False,False
bar1000,10:00,reclasso,2000,common,package,1556,0.12748390107043336,0.13076704701764325,-0.003283145947209866,-2.510682945044175,-0.0070249270956042114,0.0007351107096255566,False,False,False
bar1000,10:00,reclasso,2000,common,calibration,1556,0.12560740485950642,0.13076704701764325,-0.005159642158136805,-3.945674599075912,-0.007974288320417671,-0.0025892667058581022,True,False,False
bar1000,10:00,reclasso,2000,common,as scored,1556,0.12697017690273352,0.12691912558488172,5.105131785179363e-05,0.04022350265693505,-0.004260443235950984,0.004273607399747061,False,False,False
bar1000,10:00,reclasso,2000,deck period,coefficients,1116,0.12535779342872866,0.11928506173547718,0.006072731693251482,5.090940646631999,0.0012704009149949295,0.011306788005691711,False,True,False
bar1000,10:00,reclasso,2000,deck period,package,1116,0.12535779342872866,0.12543479847385233,-7.700504512364374e-05,-0.06139049614664619,-0.004089691058603687,0.004558988418458202,False,False,False
bar1000,10:00,reclasso,2000,deck period,calibration,1116,0.11928506173547718,0.12543479847385233,-0.006149736738375127,-4.902735774440677,-0.00999936113386733,-0.003027955797191775,True,False,False
bar1000,10:00,reclasso,2000,deck period,as scored,1116,0.12463823473277454,0.12082941687867546,0.0038088178540990835,3.152227290746184,-0.0005477964145107983,0.008956063329131065,False,False,False
bar1000,10:00,reclasticnet,500,common,coefficients,3056,0.11972054619003333,0.119590804142797,0.00012974204723634184,0.1084883141026661,-0.0035115118104706517,0.004030128105565451,False,False,False
bar1000,10:00,reclasticnet,500,common,package,3056,0.11972054619003333,0.12146406500370342,-0.0017435188136700691,-1.4354194498734334,-0.0047378746125513295,0.0014022825756950983,False,False,False
bar1000,10:00,reclasticnet,500,common,calibration,3056,0.119590804142797,0.12146406500370342,-0.0018732608609064113,-1.542234619637747,-0.003571920563251022,-0.00033026082296205167,True,False,False
bar1000,10:00,reclasticnet,500,common,as scored,3056,0.11881477668709763,0.11946603964472437,-0.0006512629576267538,-0.5451448458185444,-0.00381325139718813,0.002737629611291654,False,False,False
bar1000,10:00,reclasticnet,500,deck period,coefficients,1116,0.12267654793452672,0.11631682279739616,0.0063597251371305345,5.467588422878501,-0.0003612786212725991,0.014223663424355852,False,False,False
bar1000,10:00,reclasticnet,500,deck period,package,1116,0.12267654793452672,0.12025518598288372,0.0024213619516429965,2.0135197761763357,-0.0026192491081426235,0.007737623961524437,False,False,False
bar1000,10:00,reclasticnet,500,deck period,calibration,1116,0.11631682279739616,0.12025518598288372,-0.003938363185487538,-3.2750048601214563,-0.007920786332037815,-0.0007376364701348959,True,False,False
bar1000,10:00,reclasticnet,500,deck period,as scored,1116,0.12056592602811263,0.11636934765160528,0.004196578376507328,3.6062575422106335,-0.0014097405730898469,0.010567083869002875,False,False,False
bar1000,10:00,reclasticnet,2000,common,coefficients,1556,0.12707114677231673,0.12563293849090704,0.0014382082814096864,1.1447700727892947,-0.0036290044867344474,0.006013699832059313,False,False,False
bar1000,10:00,reclasticnet,2000,common,package,1556,0.12707114677231673,0.1308972954041419,-0.003826148631825165,-2.9230158041172913,-0.007976393628709005,0.0006415451747946603,False,False,False
bar1000,10:00,reclasticnet,2000,common,calibration,1556,0.12563293849090704,0.1308972954041419,-0.005264356913234851,-4.021746130797653,-0.008107627220178774,-0.00267885837209025,True,False,False
bar1000,10:00,reclasticnet,2000,common,as scored,1556,0.12721169939577415,0.12701487899828054,0.0001968203974936133,0.1549585363902742,-0.005026935905110954,0.005728415748964852,False,False,False
bar1000,10:00,reclasticnet,2000,deck period,coefficients,1116,0.12462447998312769,0.11919119789031198,0.005433282092815741,4.5584591723088685,0.0004141044208300995,0.011101736820119196,False,True,False
bar1000,10:00,reclasticnet,2000,deck period,package,1116,0.12462447998312769,0.1254520220238763,-0.0008275420407486224,-0.6596482283809845,-0.005413719113295521,0.004309161871010735,False,False,False
bar1000,10:00,reclasticnet,2000,deck period,calibration,1116,0.11919119789031198,0.1254520220238763,-0.006260824133564364,-4.990612373208932,-0.010118311618167146,-0.0031275777931577325,True,False,False
bar1000,10:00,reclasticnet,2000,deck period,as scored,1116,0.12482737170161301,0.12082637707213889,0.004000994629474102,3.31135860101584,-0.0014653087773227151,0.011409677023179235,False,False,False
bar1000,10:00,ridge,500,common,coefficients,3056,0.12104726064419156,0.1188564639642446,0.0021907966799469786,1.8432288887594979,-0.0017595961826611256,0.0060700463650134725,False,False,False
bar1000,10:00,ridge,500,common,package,3056,0.12104726064419156,0.12093861578147197,0.00010864486271959212,0.08983471657713211,-0.002986697243451767,0.003322845594445474,False,False,False
bar1000,10:00,ridge,500,common,calibration,3056,0.1188564639642446,0.12093861578147197,-0.002082151817227386,-1.7216600370138977,-0.003741875156079719,-0.0005777570253662968,True,False,False
bar1000,10:00,ridge,500,common,as scored,3056,0.12021408190724486,0.1190372594893112,0.001176822417933637,0.9886168607899684,-0.002166045336241823,0.004513868320464658,False,False,False
bar1000,10:00,ridge,500,deck period,coefficients,1116,0.12425024741189127,0.11590623678520613,0.008344010626685142,7.198931531310093,0.0016120808629284302,0.015581982892690192,False,True,False
bar1000,10:00,ridge,500,deck period,package,1116,0.12425024741189127,0.12018106284142169,0.00406918457046958,3.3858783357897653,-0.0012196522778834056,0.009659534053948425,False,False,False
bar1000,10:00,ridge,500,deck period,calibration,1116,0.11590623678520613,0.12018106284142169,-0.004274826056215562,-3.5569880604702044,-0.00802631444572117,-0.0012317004456022344,True,False,False
bar1000,10:00,ridge,500,deck period,as scored,1116,0.1224143999533683,0.11640408534350592,0.006010314609862356,5.163319304581148,0.00035487497158215515,0.012069918280316005,False,True,False
bar1000,10:00,ridge,2000,common,coefficients,1556,0.12642817030838963,0.12491891606472594,0.00150925424366367,1.2081871114552896,-0.0031737101929997205,0.006170785471699917,False,False,False
bar1000,10:00,ridge,2000,common,package,1556,0.12642817030838963,0.13041328376587455,-0.003985113457484947,-3.055757314292655,-0.0081941679303313,0.0003882167868589202,False,False,False
bar1000,10:00,ridge,2000,common,calibration,1556,0.12491891606472594,0.13041328376587455,-0.005494367701148617,-4.2130429834221665,-0.008263754354351442,-0.002973508813235734,True,False,False
bar1000,10:00,ridge,2000,common,as scored,1556,0.12612301408100657,0.12649948613112336,-0.00037647205011678804,-0.29760757267152455,-0.004920364967955112,0.0043273654503072035,False,False,False
bar1000,10:00,ridge,2000,deck period,coefficients,1116,0.12380098818772522,0.11870517041293452,0.005095817774790719,4.292835566525131,1.1297135224424105e-05,0.010702245939249287,False,True,False
bar1000,10:00,ridge,2000,deck period,package,1116,0.12380098818772522,0.12507767296867106,-0.0012766847809458207,-1.0207135699315413,-0.006209029133423763,0.0037630235557411028,False,False,False
bar1000,10:00,ridge,2000,deck period,calibration,1116,0.11870517041293452,0.12507767296867106,-0.0063725025557365405,-5.0948361961712365,-0.010174994676888588,-0.003273631220244479,True,False,False
bar1000,10:00,ridge,2000,deck period,as scored,1116,0.12335784649849314,0.12049546721645901,0.0028623792820341243,2.375507849512815,-0.0023451795558362947,0.008921793999402463,False,False,False
bar1030,10:30,reclasso,500,common,coefficients,3056,0.14833048817372746,0.1521115381265529,-0.003781049952825446,-2.4857088419418316,-0.006471167096331776,-0.0010147174204602303,True,False,False
bar1030,10:30,reclasso,500,common,package,3056,0.14833048817372746,2.00112376079173,-1.8527932726180025,-92.58764045083142,-2.96781350110262,-0.8169271992035203,True,False,True
bar1030,10:30,reclasso,500,common,calibration,3056,0.1521115381265529,2.00112376079173,-1.849012222665177,-92.3986941184302,-2.9620892539354293,-0.8133511972451875,True,False,True
bar1030,10:30,reclasso,500,common,as scored,3056,0.1471259415030012,24.1380185256343,-23.9908925841313,-99.39048045162963,-24.045357462611815,-23.936535791500084,True,False,True
bar1030,10:30,reclasso,500,deck period,coefficients,1116,0.1613722346407704,0.1618438988651297,-0.00047166422435928273,-0.29143157552842774,-0.004332541058246079,0.003325783408889275,False,False,False
bar1030,10:30,reclasso,500,deck period,package,1116,0.1613722346407704,0.16268561081042843,-0.001313376169658001,-0.8073093638185556,-0.005453130037948117,0.002755145723484875,False,False,False
bar1030,10:30,reclasso,500,deck period,calibration,1116,0.1618438988651297,0.16268561081042843,-0.0008417119452987183,-0.5173856133346264,-0.002890174310741785,0.0012510502909398714,False,False,False
bar1030,10:30,reclasso,500,deck period,as scored,1116,0.15707092287289465,24.15061806107459,-23.99354713820169,-99.34961944876244,-24.092762541261564,-23.89770762890098,True,False,True
bar1030,10:30,reclasso,2000,common,coefficients,1556,0.15920509676871142,0.16920739577764918,-0.010002299008937787,-5.911265853935566,-0.014040288423254891,-0.005489457803651421,True,False,False
bar1030,10:30,reclasso,2000,common,package,1556,0.15920509676871142,0.17316438457474806,-0.01395928780603665,-8.061292649939219,-0.018882777425032752,-0.008966834931616478,True,False,False
bar1030,10:30,reclasso,2000,common,calibration,1556,0.16920739577764918,0.17316438457474806,-0.003956988797098862,-2.2851054544595395,-0.005824238914100416,-0.002215496943172463,True,False,False
bar1030,10:30,reclasso,2000,common,as scored,1556,0.15774680288982376,0.168148530243948,-0.010401727354124233,-6.186035250521384,-0.014494801374227808,-0.0060073968799042934,True,False,False
bar1030,10:30,reclasso,2000,deck period,coefficients,1116,0.1553135052194775,0.16398113559011773,-0.008667630370640207,-5.285748473108244,-0.014164643427377941,-0.0031442750074429687,True,False,False
bar1030,10:30,reclasso,2000,deck period,package,1116,0.1553135052194775,0.16608126263810796,-0.010767757418630437,-6.483426996875284,-0.016752686435559626,-0.0047623312721080955,True,False,False
bar1030,10:30,reclasso,2000,deck period,calibration,1116,0.16398113559011773,0.16608126263810796,-0.002100127047990229,-1.2645177515096437,-0.003925040930735424,-0.0004420859710792977,True,False,False
bar1030,10:30,reclasso,2000,deck period,as scored,1116,0.15246552416194095,0.16108173637489434,-0.008616212212953422,-5.348969043207009,-0.013972529446925614,-0.0032190848124247114,True,False,False
bar1030,10:30,reclasticnet,500,common,coefficients,3056,0.14762727032009393,0.1517773378870057,-0.004150067566911772,-2.734313056670812,-0.006795719714824004,-0.0013677728695584556,True,False,False
bar1030,10:30,reclasticnet,500,common,package,3056,0.14762727032009393,0.15456525066390156,-0.006937980343807629,-4.488706429166347,-0.009824521175235681,-0.00386203409632841,True,False,False
bar1030,10:30,reclasticnet,500,common,calibration,3056,0.1517773378870057,0.15456525066390156,-0.0027879127768958567,-1.8037125194188093,-0.004028303117126456,-0.0016048846138636147,True,False,False
bar1030,10:30,reclasticnet,500,common,as scored,3056,0.14644120861193755,0.15221459096897424,-0.005773382357036709,-3.792923083315641,-0.00850652447934407,-0.0029233431089272914,True,False,False
bar1030,10:30,reclasticnet,500,deck period,coefficients,1116,0.16081353442759155,0.16203220747480157,-0.0012186730472100327,-0.7521177833731325,-0.005806135944998388,0.0031413365978602468,False,False,False
bar1030,10:30,reclasticnet,500,deck period,package,1116,0.16081353442759155,0.1630865921946104,-0.0022730577670188766,-1.3937735386036199,-0.007339581026197428,0.002574235209716621,False,False,False
bar1030,10:30,reclasticnet,500,deck period,calibration,1116,0.16203220747480157,0.1630865921946104,-0.001054384719808844,-0.6465183345977651,-0.0030957515031617955,0.0010460335826829792,False,False,False
bar1030,10:30,reclasticnet,500,deck period,as scored,1116,0.15666171969984827,0.1588124606939841,-0.0021507409941358383,-1.3542646368789053,-0.006775917301225811,0.0021781180971363755,False,False,False
bar1030,10:30,reclasticnet,2000,common,coefficients,1556,0.1587975421351524,0.16958853091948625,-0.01079098878433383,-6.363041607723433,-0.015186929282608532,-0.006360454680254071,True,False,False
bar1030,10:30,reclasticnet,2000,common,package,1556,0.1587975421351524,0.173550178562242,-0.014752636427089568,-8.500502015789447,-0.020058111000023107,-0.009896290002620777,True,False,False
bar1030,10:30,reclasticnet,2000,common,calibration,1556,0.16958853091948625,0.173550178562242,-0.003961647642755739,-2.282710208410955,-0.0058186586374898396,-0.002196224420417158,True,False,False
bar1030,10:30,reclasticnet,2000,common,as scored,1556,0.1575591670249385,0.16848776726174883,-0.01092860023681032,-6.486287054794037,-0.015199135702061781,-0.006657079860648083,True,False,False
bar1030,10:30,reclasticnet,2000,deck period,coefficients,1116,0.15559079464855893,0.1643220351242886,-0.008731240475729686,-5.313493390661586,-0.014121355519884107,-0.0032628730653635335,True,False,False
bar1030,10:30,reclasticnet,2000,deck period,package,1116,0.15559079464855893,0.16634841534726125,-0.01075762069870234,-6.46692105617311,-0.016388653592851233,-0.005007936978536638,True,False,False
bar1030,10:30,reclasticnet,2000,deck period,calibration,1116,0.1643220351242886,0.16634841534726125,-0.0020263802229726516,-1.2181542088889,-0.003855546659005866,-0.00033647587263186974,True,False,False
bar1030,10:30,reclasticnet,2000,deck period,as scored,1116,0.15295446653223188,0.16132844673224503,-0.00837398020001317,-5.190640813589043,-0.01351234966847179,-0.00303687597001298,True,False,False
bar1030,10:30,ridge,500,common,coefficients,3056,0.14986906105519868,0.15180289784675385,-0.0019338367915551966,-1.2739129614689035,-0.005710772248838061,0.0017685857353783444,False,False,False
bar1030,10:30,ridge,500,common,package,3056,0.14986906105519868,0.15478384846554835,-0.004914787410349674,-3.1752585680434238,-0.009078736958226797,-0.0010211518695858238,True,False,False
bar1030,10:30,ridge,500,common,calibration,3056,0.15180289784675385,0.15478384846554835,-0.002980950618794477,-1.925879636891167,-0.004165336069819544,-0.0018367024709346842,True,False,False
bar1030,10:30,ridge,500,common,as scored,3056,0.14911676810466554,0.15248928615893265,-0.003372518054267104,-2.211642626979106,-0.007173560479933187,0.00042707995528433896,False,False,False
bar1030,10:30,ridge,500,deck period,coefficients,1116,0.16065293025826255,0.16153413674946873,-0.0008812064912061673,-0.5455233852971114,-0.006059570603877415,0.004214258840225427,False,False,False
bar1030,10:30,ridge,500,deck period,package,1116,0.16065293025826255,0.16275847118343525,-0.002105540925172667,-1.2936598076051224,-0.0073379662656602555,0.002932664197722297,False,False,False
bar1030,10:30,ridge,500,deck period,calibration,1116,0.16153413674946873,0.16275847118343525,-0.0012243344339665,-0.752240067791388,-0.003239621153986874,0.0008446131996040315,False,False,False
bar1030,10:30,ridge,500,deck period,as scored,1116,0.15765069526088743,0.15847558858488514,-0.0008248933239977432,-0.5205175960308241,-0.006043449172437968,0.004425404779681382,False,False,False
bar1030,10:30,ridge,2000,common,coefficients,1556,0.16139125049724562,0.16996567438406712,-0.008574423886821475,-5.044797379173201,-0.01239982822480968,-0.004460820892104701,True,False,False
bar1030,10:30,ridge,2000,common,package,1556,0.16139125049724562,0.17397162488540002,-0.012580374388154368,-7.231279466660964,-0.017266731143820414,-0.008030002310591132,True,False,False
bar1030,10:30,ridge,2000,common,calibration,1556,0.16996567438406712,0.17397162488540002,-0.004005950501332891,-2.302645907901201,-0.005844935741131494,-0.002242981307746615,True,False,False
bar1030,10:30,ridge,2000,common,as scored,1556,0.15996680687138784,0.16884593295496786,-0.008879126083580016,-5.25871481070742,-0.012824098392773636,-0.004838559935745613,True,False,False
bar1030,10:30,ridge,2000,deck period,coefficients,1116,0.15730694710171864,0.16447384918207258,-0.00716690208035394,-4.357472094193027,-0.012243401353354087,-0.002130884614563054,True,False,False
bar1030,10:30,ridge,2000,deck period,package,1116,0.15730694710171864,0.1663234133006025,-0.00901646619888384,-5.4210444699015685,-0.014393428551693213,-0.0035395699000520015,True,False,False
bar1030,10:30,ridge,2000,deck period,calibration,1116,0.16447384918207258,0.1663234133006025,-0.0018495641185299022,-1.1120287167189842,-0.003692201642521337,-0.0001742653726322398,True,False,False
bar1030,10:30,ridge,2000,deck period,as scored,1116,0.1544897150435487,0.16131931402962102,-0.006829598986072295,-4.233590396261084,-0.011827327032948478,-0.001860076038075522,True,False,False
bar1100,11:00,reclasso,500,common,coefficients,3056,0.13221044689882283,0.13202172896107056,0.00018871793775228503,0.14294460407190437,-0.002547838232178299,0.002885986305222125,False,False,False
bar1100,11:00,reclasso,500,common,package,3056,0.13221044689882283,1.9855129669529028,-1.8533025200540798,-93.3412448521189,-2.968014866584229,-0.8153105127641311,True,False,True
bar1100,11:00,reclasso,500,common,calibration,3056,0.13202172896107056,1.9855129669529028,-1.8534912379918322,-93.35074959678154,-2.9666179872373224,-0.8153325531540057,True,False,True
bar1100,11:00,reclasso,500,common,as scored,3056,0.13109581864225814,24.147945353715773,-24.016849535073515,-99.45711398331417,-24.07146215779036,-23.962065955735756,True,False,True
bar1100,11:00,reclasso,500,deck period,coefficients,1116,0.15446359174212262,0.14777911845903208,0.006684473283090569,4.523286749029881,0.001169810748106159,0.01266176928923651,False,True,False
bar1100,11:00,reclasso,500,deck period,package,1116,0.15446359174212262,0.15202168523971232,0.002441906502410308,1.6062882729919992,-0.0031893717094463284,0.00807103350962691,False,False,False
bar1100,11:00,reclasso,500,deck period,calibration,1116,0.14777911845903208,0.15202168523971232,-0.0042425667806802615,-2.7907642084025417,-0.00750636291373058,-0.0015822787095236754,True,False,False
bar1100,11:00,reclasso,500,deck period,as scored,1116,0.14980048424225667,24.173828844014505,-24.02402835977225,-99.38031957945567,-24.128184623789277,-23.929096183561633,True,False,True
bar1100,11:00,reclasso,2000,common,coefficients,1556,0.1477042909182923,0.14586245928012628,0.0018418316381659957,1.2627180751345968,-0.002319678425776768,0.006734000682500876,False,False,False
bar1100,11:00,reclasso,2000,common,package,1556,0.1477042909182923,0.15295431361709616,-0.005250022698803902,-3.432412316233683,-0.010343935622317843,0.00047184322842234647,False,False,False
bar1100,11:00,reclasso,2000,common,calibration,1556,0.14586245928012628,0.15295431361709616,-0.007091854336969898,-4.636583414524388,-0.009922749343765509,-0.004432969641925606,True,False,False
bar1100,11:00,reclasso,2000,common,as scored,1556,0.14576566545861924,0.1474461300696803,-0.0016804646110610496,-1.1397142876974073,-0.00578994517924929,0.0031540410306918503,False,False,False
bar1100,11:00,reclasso,2000,deck period,coefficients,1116,0.1583557062326014,0.15405210166305283,0.004303604569548564,2.7936032829734,-0.000708800184956833,0.010221824745606414,False,False,False
bar1100,11:00,reclasso,2000,deck period,package,1116,0.1583557062326014,0.15990700746263986,-0.0015513012300384706,-0.9701271099084957,-0.006745712217159081,0.004456462187589204,False,False,False
bar1100,11:00,reclasso,2000,deck period,calibration,1116,0.15405210166305283,0.15990700746263986,-0.005854905799587033,-3.6614441683895276,-0.00933322160041727,-0.0030969786554798915,True,False,False
bar1100,11:00,reclasso,2000,deck period,as scored,1116,0.15492697635099706,0.15410438858740236,0.0008225877635946965,0.533786072632289,-0.003915128027496658,0.0061955596154526105,False,False,False
bar1100,11:00,reclasticnet,500,common,coefficients,3056,0.131918020955772,0.1320300875476597,-0.00011206659188770663,-0.08487958613770763,-0.0028887374234608547,0.0026800230835813776,False,False,False
bar1100,11:00,reclasticnet,500,common,package,3056,0.131918020955772,0.13705349453375326,-0.005135473577981267,-3.747057742271951,-0.008108370319279419,-0.002177870640492246,True,False,False
bar1100,11:00,reclasticnet,500,common,calibration,3056,0.1320300875476597,0.13705349453375326,-0.005023406986093559,-3.665289238470606,-0.006649022274659641,-0.0035649770497362693,True,False,False
bar1100,11:00,reclasticnet,500,common,as scored,3056,0.1308720122358783,0.13443655268636154,-0.0035645404504832208,-2.6514667173884177,-0.006512301321543235,-0.0005187951766273599,True,False,False
bar1100,11:00,reclasticnet,500,deck period,coefficients,1116,0.1552770904512811,0.1477558897873946,0.007521200663886524,5.090288227906687,0.0017763472523555368,0.01392760599534171,False,True,False
bar1100,11:00,reclasticnet,500,deck period,package,1116,0.1552770904512811,0.15220967802817192,0.00306741242310916,2.0152545244471405,-0.003097252464857825,0.009219057986148119,False,False,False
bar1100,11:00,reclasticnet,500,deck period,calibration,1116,0.1477558897873946,0.15220967802817192,-0.0044537882407773635,-2.9260874199819464,-0.007840800828248564,-0.001716145233132212,True,False,False
bar1100,11:00,reclasticnet,500,deck period,as scored,1116,0.15082833771926774,0.14693816486270614,0.0038901728565615703,2.6474897520303258,-0.00260454673441086,0.01085236710375877,False,False,False
bar1100,11:00,reclasticnet,2000,common,coefficients,1556,0.14701735468513055,0.14583473913543415,0.001182615549696401,0.810928559757032,-0.002758500305610555,0.005832070278848731,False,False,False
bar1100,11:00,reclasticnet,2000,common,package,1556,0.14701735468513055,0.1529762874799703,-0.005958932794839743,-3.89533103005913,-0.010867144891785892,-0.0005617188965697584,True,False,False
bar1100,11:00,reclasticnet,2000,common,calibration,1556,0.14583473913543415,0.1529762874799703,-0.007141548344536145,-4.668402183228046,-0.009953639308325522,-0.0045306660005218925,True,False,False
bar1100,11:00,reclasticnet,2000,common,as scored,1556,0.1451474500992565,0.14742416960288574,-0.002276719503629232,-1.544332594690543,-0.006303168751923049,0.002264609102474219,False,False,False
bar1100,11:00,reclasticnet,2000,deck period,coefficients,1116,0.1573721389729971,0.1538353428648395,0.00353679610815766,2.29907902975528,-0.0011710678300641993,0.008851967237616127,False,False,False
bar1100,11:00,reclasticnet,2000,deck period,package,1116,0.1573721389729971,0.15969700484872285,-0.002324865875725743,-1.4557980457604904,-0.00716356106217345,0.0035317854706640034,False,False,False
bar1100,11:00,reclasticnet,2000,deck period,calibration,1116,0.1538353428648395,0.15969700484872285,-0.005861661983883404,-3.6704896184095728,-0.009302740660723948,-0.0031059645186782155,True,False,False
bar1100,11:00,reclasticnet,2000,deck period,as scored,1116,0.15409374435392065,0.15387052169681095,0.00022322265710967714,0.14507174905763873,-0.004185127801008919,0.005420545365349413,False,False,False
bar1100,11:00,ridge,500,common,coefficients,3056,0.1337293932169364,0.13220951332231018,0.0015198798946262264,1.1495994928299527,-0.0013299932073186351,0.004509666008080797,False,False,False
bar1100,11:00,ridge,500,common,package,3056,0.1337293932169364,0.13740281983993072,-0.0036734266229943007,-2.673472514809892,-0.006609922933852853,-0.0007837546889484973,True,False,False
bar1100,11:00,ridge,500,common,calibration,3056,0.13220951332231018,0.13740281983993072,-0.005193306517620527,-3.7796214980671725,-0.006784300814657854,-0.0037680184101208805,True,False,False
bar1100,11:00,ridge,500,common,as scored,3056,0.1324864264583315,0.1348750517642487,-0.002388625305917209,-1.7709912060625888,-0.005393730337210148,0.000623029947568898,False,False,False
bar1100,11:00,ridge,500,deck period,coefficients,1116,0.15473456483373102,0.14795840418975229,0.0067761606439787556,4.579774079807275,0.0017500434725166974,0.012793371493358663,False,True,False
bar1100,11:00,ridge,500,deck period,package,1116,0.15473456483373102,0.152628914999475,0.002105649834256039,1.3795877630809874,-0.002637028901949875,0.006793746968532527,False,False,False
bar1100,11:00,ridge,500,deck period,calibration,1116,0.14795840418975229,0.152628914999475,-0.004670510809722717,-3.060043249169911,-0.007966153491964096,-0.0020837591864169306,True,False,False
bar1100,11:00,ridge,500,deck period,as scored,1116,0.15018786038834667,0.147481665934112,0.002706194454234659,1.8349361848432482,-0.002381326475252728,0.008391323437941712,False,False,False
bar1100,11:00,ridge,2000,common,coefficients,1556,0.14494327366363283,0.1458193036154913,-0.0008760299518584777,-0.6007640484750001,-0.005075051848965613,0.0038769881333764727,False,False,False
bar1100,11:00,ridge,2000,common,package,1556,0.14494327366363283,0.1529361718866747,-0.00799289822304186,-5.226296777563241,-0.01331016013142753,-0.0022016242920599462,True,False,False
bar1100,11:00,ridge,2000,common,calibration,1556,0.1458193036154913,0.1529361718866747,-0.007116868271183382,-4.653489219317562,-0.009876295455568392,-0.004524808164381723,True,False,False
bar1100,11:00,ridge,2000,common,as scored,1556,0.14346043556764232,0.14743116569213707,-0.00397073012449477,-2.6932773039225455,-0.008213614190144526,0.0008371633285758748,False,False,False
bar1100,11:00,ridge,2000,deck period,coefficients,1116,0.15451126437361057,0.1535561490683717,0.0009551153052388786,0.6219974328827486,-0.004139149968884202,0.006699568373376742,False,False,False
bar1100,11:00,ridge,2000,deck period,package,1116,0.15451126437361057,0.15924618693923054,-0.004734922565619971,-2.973334970605513,-0.01017419174977361,0.0013050245300348152,False,False,False
bar1100,11:00,ridge,2000,deck period,calibration,1116,0.1535561490683717,0.15924618693923054,-0.005690037870858849,-3.5731077649163474,-0.009096545225821312,-0.0029844057913846413,True,False,False
bar1100,11:00,ridge,2000,deck period,as scored,1116,0.15174074289961087,0.15352365524543796,-0.0017829123458271198,-1.1613274468854857,-0.006857965247878567,0.003607353182173445,False,False,False
bar1130,11:30,reclasso,500,common,coefficients,3058,0.13228022292787883,0.13326144760048964,-0.0009812246726107895,-0.7363154837942675,-0.0038766744413383843,0.001921641695292155,False,False,False
bar1130,11:30,reclasso,500,common,package,3058,0.13228022292787883,1.9865876816815795,-1.854307458753701,-93.34133478488562,-3.015906837133141,-0.8632247020584239,True,False,True
bar1130,11:30,reclasso,500,common,calibration,3058,0.13326144760048964,1.9865876816815795,-1.8533262340810899,-93.29194231750756,-3.0153032257481693,-0.863099684003661,True,False,True
bar1130,11:30,reclasso,500,common,as scored,3058,0.1314882237877647,24.16382829254476,-24.032340068756994,-99.45584688735627,-24.089309689495906,-23.977648646454373,True,False,True
bar1130,11:30,reclasso,500,deck period,coefficients,1116,0.13984048083816256,0.14112214058629083,-0.0012816597481282634,-0.9081918278759223,-0.005927652232584293,0.0031356871295177167,False,False,False
bar1130,11:30,reclasso,500,deck period,package,1116,0.13984048083816256,0.14856986954355292,-0.008729388705390402,-5.875611745644968,-0.01392805008507022,-0.0030830834064108693,True,False,False
bar1130,11:30,reclasso,500,deck period,calibration,1116,0.14112214058629083,0.14856986954355292,-0.007447728957262136,-5.012947093608943,-0.012125393510329908,-0.0031560322472559375,True,False,False
bar1130,11:30,reclasso,500,deck period,as scored,1116,0.13798390892514753,24.197899324407672,-24.059915415482525,-99.42976905939116,-24.163748207514686,-23.964615037373505,True,False,True
bar1130,11:30,reclasso,2000,common,coefficients,1558,0.1354584166848056,0.14154902915855758,-0.006090612473751975,-4.302828857221983,-0.009774182571416294,-0.00219555306439312,True,False,False
bar1130,11:30,reclasso,2000,common,package,1558,0.1354584166848056,0.15140816969670054,-0.015949753011894927,-10.534275028781687,-0.021129126094082816,-0.01065240596679486,True,False,False
bar1130,11:30,reclasso,2000,common,calibration,1558,0.14154902915855758,0.15140816969670054,-0.009859140538142951,-6.511630487240346,-0.013327491464983313,-0.0068017737334308305,True,False,False
bar1130,11:30,reclasso,2000,common,as scored,1558,0.13480260371180477,0.14546495475380367,-0.01066235104199889,-7.329841789071939,-0.014909668043023135,-0.006409531468534221,True,False,False
bar1130,11:30,reclasso,2000,deck period,coefficients,1116,0.13998358844618553,0.1488388075651495,-0.008855219118963984,-5.949536457477927,-0.013175718026611698,-0.004504884157487218,True,False,False
bar1130,11:30,reclasso,2000,deck period,package,1116,0.13998358844618553,0.15855718127461096,-0.01857359282842546,-11.714129047398476,-0.025445043330882815,-0.0123157689903877,True,False,False
bar1130,11:30,reclasso,2000,deck period,calibration,1116,0.1488388075651495,0.15855718127461096,-0.009718373709461476,-6.129254841273869,-0.014590941593356084,-0.005756006995625834,True,False,False
bar1130,11:30,reclasso,2000,deck period,as scored,1116,0.13910750712777795,0.1523958135595474,-0.013288306431769467,-8.719600703845563,-0.018430073812374083,-0.008276835276770903,True,False,False
bar1130,11:30,reclasticnet,500,common,coefficients,3058,0.1304709508767165,0.13306000258137562,-0.0025890517046591043,-1.9457775848724457,-0.005560368915074144,0.00026877615665873473,False,False,False
bar1130,11:30,reclasticnet,500,common,package,3058,0.1304709508767165,0.13855084546774668,-0.008079894591030175,-5.831717997643759,-0.011671094020629663,-0.0046296975464518424,True,False,False
bar1130,11:30,reclasticnet,500,common,calibration,3058,0.13306000258137562,0.13855084546774668,-0.0054908428863710695,-3.963052601977291,-0.007456969352770553,-0.003588508396815926,True,False,False
bar1130,11:30,reclasticnet,500,common,as scored,3058,0.12972400490649774,0.13606848616111133,-0.006344481254613588,-4.662711722317121,-0.00959703141864161,-0.0031297445886894976,True,False,False
bar1130,11:30,reclasticnet,500,deck period,coefficients,1116,0.1388282599856499,0.14090210352107502,-0.0020738435354250803,-1.4718329134915231,-0.006700978315937263,0.002271182701630292,False,False,False
bar1130,11:30,reclasticnet,500,deck period,package,1116,0.1388282599856499,0.14877862285112314,-0.009950362865473229,-6.688032645274692,-0.015854023778517235,-0.003797311828791895,True,False,False
bar1130,11:30,reclasticnet,500,deck period,calibration,1116,0.14090210352107502,0.14877862285112314,-0.007876519330048149,-5.294120337388704,-0.012714454434816159,-0.003642087620482676,True,False,False
bar1130,11:30,reclasticnet,500,deck period,as scored,1116,0.13700032839766507,0.14347575100342,-0.006475422605754901,-4.513252281635068,-0.010989713005139819,-0.0019436143058493352,True,False,False
bar1130,11:30,reclasticnet,2000,common,coefficients,1558,0.13681635875247855,0.14172149289866842,-0.004905134146189894,-3.4611081536497004,-0.00870764419377433,-0.0009061051430028708,True,False,False
bar1130,11:30,reclasticnet,2000,common,package,1558,0.13681635875247855,0.15159497853086173,-0.014778619778383193,-9.74875284234732,-0.01986001337204237,-0.009806316439879828,True,False,False
bar1130,11:30,reclasticnet,2000,common,calibration,1558,0.14172149289866842,0.15159497853086173,-0.009873485632193299,-6.513069052734655,-0.013306301494729136,-0.006795214931365069,True,False,False
bar1130,11:30,reclasticnet,2000,common,as scored,1558,0.13606907276751026,0.1456188601325426,-0.009549787365032352,-6.558070401279144,-0.01384016192330858,-0.005315572703622845,True,False,False
bar1130,11:30,reclasticnet,2000,deck period,coefficients,1116,0.14164959529906107,0.14887442265234282,-0.007224827353281748,-4.852967504131612,-0.011957879269162858,-0.0025734673169936838,True,False,False
bar1130,11:30,reclasticnet,2000,deck period,package,1116,0.14164959529906107,0.15858678836376713,-0.016937193064706077,-10.680078233159916,-0.02337198856711319,-0.010995499180125882,True,False,False
bar1130,11:30,reclasticnet,2000,deck period,calibration,1116,0.14887442265234282,0.15858678836376713,-0.009712365711424325,-6.1243220898994775,-0.01457633546513671,-0.005746314807082355,True,False,False
bar1130,11:30,reclasticnet,2000,deck period,as scored,1116,0.14060876477477266,0.15239964241220838,-0.011790877637435762,-7.7368145035038625,-0.017039946341600647,-0.006757534395649385,True,False,False
bar1130,11:30,ridge,500,common,coefficients,3058,0.13726263249081386,0.13308733700563524,0.004175295485178608,3.1372597717556077,-0.0016692978170559012,0.011975202588156302,False,False,False
bar1130,11:30,ridge,500,common,package,3058,0.13726263249081386,0.13855406539849557,-0.0012914329076817203,-0.9320786827636042,-0.007499924017405381,0.006805369875938159,False,False,False
bar1130,11:30,ridge,500,common,calibration,3058,0.13308733700563524,0.13855406539849557,-0.005466728392860326,-3.9455561099109286,-0.007378237480619724,-0.0035978155541416417,True,False,False
bar1130,11:30,ridge,500,common,as scored,3058,0.13711651374976108,0.1362167725804888,0.0008997411692722234,0.660521573245011,-0.005524990406380076,0.009495761971028355,False,False,False
bar1130,11:30,ridge,500,deck period,coefficients,1116,0.14132750846277517,0.14161538948140673,-0.0002878810186315477,-0.20328371067986564,-0.007338834784326494,0.0067240771280620976,False,False,False
bar1130,11:30,ridge,500,deck period,package,1116,0.14132750846277517,0.14945853081686428,-0.008131022354089083,-5.44032000692704,-0.0163064721089955,0.0006043865911989801,False,False,False
bar1130,11:30,ridge,500,deck period,calibration,1116,0.14161538948140673,0.14945853081686428,-0.007843141335457535,-5.247704023712073,-0.012550834698671728,-0.00361749289325671,True,False,False
bar1130,11:30,ridge,500,deck period,as scored,1116,0.1394804873070763,0.14437204084646826,-0.004891553539391962,-3.388158476331204,-0.011927015871093582,0.00241524699680945,False,False,False
bar1130,11:30,ridge,2000,common,coefficients,1558,0.13624860229738744,0.14126897676349137,-0.005020374466103954,-3.553769965014277,-0.009001869140622044,-0.0008323987159997424,True,False,False
bar1130,11:30,ridge,2000,common,package,1558,0.13624860229738744,0.15101485830455108,-0.014766256007163648,-9.778015337659422,-0.020171761337497197,-0.009430975500513635,True,False,False
bar1130,11:30,ridge,2000,common,calibration,1558,0.14126897676349137,0.15101485830455108,-0.009745881541059695,-6.453591156841808,-0.01315701660209399,-0.006693821706502933,True,False,False
bar1130,11:30,ridge,2000,common,as scored,1558,0.13558504085292344,0.1451654857079055,-0.009580444854982063,-6.599671270524552,-0.014075507972323405,-0.005057141897466255,True,False,False
bar1130,11:30,ridge,2000,deck period,coefficients,1116,0.14115923167126576,0.14848043486001755,-0.007321203188751775,-4.9307527928874695,-0.012403904973847999,-0.002387633241240364,True,False,False
bar1130,11:30,ridge,2000,deck period,package,1116,0.14115923167126576,0.15798329636464753,-0.016824064693381754,-10.649268043217342,-0.024015827877975827,-0.010396303131301634,True,False,False
bar1130,11:30,ridge,2000,deck period,calibration,1116,0.14848043486001755,0.15798329636464753,-0.009502861504629978,-6.01510521890621,-0.014364291912484761,-0.005594238103282763,True,False,False
bar1130,11:30,ridge,2000,deck period,as scored,1116,0.14025632415627232,0.1519662131570019,-0.011709889000729603,-7.705587154844534,-0.017416057190426354,-0.006174769489435815,True,False,False
bar1200,12:00,reclasso,500,common,coefficients,2997,0.13663599733618453,0.13740580646749526,-0.0007698091313107307,-0.5602449787977751,-0.0033446556586628476,0.0017118827004680107,False,False,False
bar1200,12:00,reclasso,500,common,package,2997,0.13663599733618453,2.0298977446234763,-1.8932617472872928,-93.26882362926474,-3.1127199432365464,-0.886600396892784,True,False,True
bar1200,12:00,reclasso,500,common,calibration,2997,0.13740580646749526,2.0298977446234763,-1.8924919381559813,-93.2309000868917,-3.111651982328498,-0.8861377191889365,True,False,True
bar1200,12:00,reclasso,500,common,as scored,2997,0.1355477249977512,24.179048713791232,-24.043500988793483,-99.43940009136739,-24.10016628157516,-23.98867126917388,True,False,True
bar1200,12:00,reclasso,500,deck period,coefficients,1116,0.1338753533907727,0.13525582241303,-0.0013804690222573013,-1.0206355612860571,-0.00650462792999994,0.0038832907022173877,False,False,False
bar1200,12:00,reclasso,500,deck period,package,1116,0.1338753533907727,0.14276165224295398,-0.008886298852181309,-6.224569912554997,-0.014198680905740555,-0.003504124620300212,True,False,False
bar1200,12:00,reclasso,500,deck period,calibration,1116,0.13525582241303,0.14276165224295398,-0.0075058298299240074,-5.257595237935795,-0.010419976217712353,-0.004844340166535409,True,False,False
bar1200,12:00,reclasso,500,deck period,as scored,1116,0.1310292553611589,24.19596184555072,-24.06493259018956,-99.45846643254956,-24.163147610365765,-23.969156066954838,True,False,True
bar1200,12:00,reclasso,2000,common,coefficients,1497,0.15434390170309237,0.1597545765146347,-0.005410674811542346,-3.386866861398921,-0.008175144828363597,-0.00249939657956191,True,False,False
bar1200,12:00,reclasso,2000,common,package,1497,0.15434390170309237,0.1679382248609541,-0.013594323157861765,-8.094835567731707,-0.017275182605351703,-0.009637844402315068,True,False,False
bar1200,12:00,reclasso,2000,common,calibration,1497,0.1597545765146347,0.1679382248609541,-0.00818364834631942,-4.8730111045863085,-0.010676943995201646,-0.005833521997543769,True,False,False
bar1200,12:00,reclasso,2000,common,as scored,1497,0.15311445704599938,0.16243054100952695,-0.009316083963527587,-5.735426297066373,-0.012229046230800164,-0.00607685746314352,True,False,False
bar1200,12:00,reclasso,2000,deck period,coefficients,1116,0.13717482310508963,0.14493174981218931,-0.007756926707099688,-5.352123821834448,-0.010643529166086674,-0.00500632255874226,True,False,False
bar1200,12:00,reclasso,2000,deck period,package,1116,0.13717482310508963,0.153970917328776,-0.016796094223686366,-10.908614766398683,-0.020424074598615505,-0.01342912636798869,True,False,False
bar1200,12:00,reclasso,2000,deck period,calibration,1116,0.14493174981218931,0.153970917328776,-0.00903916751658668,-5.870697969075053,-0.012180341644228258,-0.006295642625857567,True,False,False
bar1200,12:00,reclasso,2000,deck period,as scored,1116,0.13576517109346337,0.14781221240617573,-0.012047041312712338,-8.150234081882264,-0.015087292577347908,-0.009305743756880215,True,False,False
bar1200,12:00,reclasticnet,500,common,coefficients,2997,0.13683967102337896,0.1366958085827215,0.00014386244065741968,0.10524275919576663,-0.002437789540957987,0.002737165130948782,False,False,False
bar1200,12:00,reclasticnet,500,common,package,2997,0.13683967102337896,0.14248085093030993,-0.005641179906930986,-3.9592547841324954,-0.008670488472981167,-0.002600652765231858,True,False,False
bar1200,12:00,reclasticnet,500,common,calibration,2997,0.1366958085827215,0.14248085093030993,-0.005785042347588405,-4.060224451086397,-0.007297710536695461,-0.004396120944357869,True,False,False
bar1200,12:00,reclasticnet,500,common,as scored,2997,0.13564891623253456,0.139853853152182,-0.004204936919647445,-3.0066650470272296,-0.006907580505266171,-0.0014584189707598028,True,False,False
bar1200,12:00,reclasticnet,500,deck period,coefficients,1116,0.13531133498018624,0.13538156292340048,-7.022794321421956e-05,-0.051874082184998005,-0.005293506604339094,0.005715877872232838,False,False,False
bar1200,12:00,reclasticnet,500,deck period,package,1116,0.13531133498018624,0.1430827237857778,-0.007771388805591561,-5.431395629025637,-0.01319240201849938,-0.002144356459057537,True,False,False
bar1200,12:00,reclasticnet,500,deck period,calibration,1116,0.13538156292340048,0.1430827237857778,-0.007701160862377343,-5.382313572606749,-0.010689664634471494,-0.004951374355165493,True,False,False
bar1200,12:00,reclasticnet,500,deck period,as scored,1116,0.13229844931533755,0.1378243965067216,-0.005525947191384051,-4.009411491320809,-0.010601765161787423,-0.00044655766952597187,True,False,False
bar1200,12:00,reclasticnet,2000,common,coefficients,1497,0.15440432635170143,0.1595217775293345,-0.005117451177633035,-3.207995332607165,-0.008237585744753046,-0.001793323932472819,True,False,False
bar1200,12:00,reclasticnet,2000,common,package,1497,0.15440432635170143,0.16775147669393886,-0.013347150342237433,-7.956502443545815,-0.017329484119593105,-0.009130307444116971,True,False,False
bar1200,12:00,reclasticnet,2000,common,calibration,1497,0.1595217775293345,0.16775147669393886,-0.0082296991646044,-4.905887761345562,-0.010716625397959373,-0.005877388017689706,True,False,False
bar1200,12:00,reclasticnet,2000,common,as scored,1497,0.15314578994058353,0.1622245768522992,-0.009078786911715691,-5.5964312485041425,-0.012338940629370562,-0.0055210372663890145,True,False,False
bar1200,12:00,reclasticnet,2000,deck period,coefficients,1116,0.1369470460105275,0.1443992191270829,-0.007452173116555412,-5.160812614919269,-0.010863168874597135,-0.004332668228781047,True,False,False
bar1200,12:00,reclasticnet,2000,deck period,package,1116,0.1369470460105275,0.1534932179192662,-0.01654617190873873,-10.779741367753214,-0.020542180365443388,-0.013037831356973329,True,False,False
bar1200,12:00,reclasticnet,2000,deck period,calibration,1116,0.1443992191270829,0.1534932179192662,-0.009093998792183313,-5.924690950818778,-0.01225668598767959,-0.006363894062339925,True,False,False
bar1200,12:00,reclasticnet,2000,deck period,as scored,1116,0.13548710949786014,0.14732025091165535,-0.011833141413795207,-8.032257168019132,-0.015129802394421207,-0.008966811618237546,True,False,False
bar1200,12:00,ridge,500,common,coefficients,2997,0.1426477302797339,0.1375230948520203,0.005124635427713618,3.7263816911827834,0.0021500726254392736,0.008033095368900896,False,True,False
bar1200,12:00,ridge,500,common,package,2997,0.1426477302797339,0.14301078149653682,-0.00036305121680289625,-0.2538628297837027,-0.003555746647151021,0.002858754349693425,False,False,False
bar1200,12:00,ridge,500,common,calibration,2997,0.1375230948520203,0.14301078149653682,-0.005487686644516515,-3.8372537979938293,-0.006977664065589723,-0.004110384231837656,True,False,False
bar1200,12:00,ridge,500,common,as scored,2997,0.14165574862195993,0.1405236000677406,0.0011321485542193463,0.8056643536556027,-0.0018991347466130995,0.004226087234097316,False,False,False
bar1200,12:00,ridge,500,deck period,coefficients,1116,0.1408252285137314,0.13791683927693404,0.002908389236797354,2.108799224261057,-0.0028147840214558656,0.00905650606189217,False,False,False
bar1200,12:00,ridge,500,deck period,package,1116,0.1408252285137314,0.1451890391381553,-0.004363810624423905,-3.0056061052043335,-0.010075516093153897,0.0013324836952803305,False,False,False
bar1200,12:00,ridge,500,deck period,calibration,1116,0.13791683927693404,0.1451890391381553,-0.007272199861221259,-5.008780211226113,-0.010226727023846345,-0.004628754905302452,True,False,False
bar1200,12:00,ridge,500,deck period,as scored,1116,0.13771767115141084,0.14021337095200914,-0.0024956998005983,-1.7799299622091702,-0.00810183193124735,0.0029947566373920214,False,False,False
bar1200,12:00,ridge,2000,common,coefficients,1497,0.16237133523460928,0.1595268245071575,0.002844510727451801,1.7830924273956044,-0.0024317627794944578,0.008271579958207745,False,False,False
bar1200,12:00,ridge,2000,common,package,1497,0.16237133523460928,0.1674234683971013,-0.005052133162492018,-3.0175776495737017,-0.01027763361659103,0.0005127727081092683,False,False,False
bar1200,12:00,ridge,2000,common,calibration,1497,0.1595268245071575,0.1674234683971013,-0.007896643889943822,-4.716569287176792,-0.010383202150689596,-0.005590647854713485,True,False,False
bar1200,12:00,ridge,2000,common,as scored,1497,0.16078228018783636,0.16208125998974562,-0.0012989798019092684,-0.8014373789983189,-0.006381403683384113,0.004105751712236496,False,False,False
bar1200,12:00,ridge,2000,deck period,coefficients,1116,0.14671306415089114,0.14440879689422878,0.002304267256662341,1.5956557399685878,-0.0040500401377943475,0.009219616096627593,False,False,False
bar1200,12:00,ridge,2000,deck period,package,1116,0.14671306415089114,0.15315512665564598,-0.0064420625047548604,-4.206233670022157,-0.012120140621231432,-0.00043508654994709215,True,False,False
bar1200,12:00,ridge,2000,deck period,calibration,1116,0.14440879689422878,0.15315512665564598,-0.008746329761417202,-5.710765256381166,-0.011871897611356987,-0.006060007310613977,True,False,False
bar1200,12:00,ridge,2000,deck period,as scored,1116,0.14445265764649384,0.14716294324771279,-0.0027102856012189555,-1.8416902661812444,-0.008388061977975318,0.003601175707685533,False,False,False
bar1230,12:30,reclasso,500,common,coefficients,2997,0.14397521702015756,0.1452159434769924,-0.0012407264568348691,-0.854400988711991,-0.004628168740019092,0.0026201605634880148,False,False,False
bar1230,12:30,reclasso,500,common,package,2997,0.14397521702015756,2.037170150603602,-1.893194933583445,-92.9325875417182,-3.114174209423061,-0.8844667162102957,True,False,True
bar1230,12:30,reclasso,500,common,calibration,2997,0.1452159434769924,2.037170150603602,-1.8919542071266098,-92.87168313191877,-3.1125956046004886,-0.8850786177193535,True,False,True
bar1230,12:30,reclasso,500,common,as scored,2997,0.1427177885329957,24.19188587526189,-24.049168086728894,-99.41005926834777,-24.111976572452647,-23.989451854302107,True,False,True
bar1230,12:30,reclasso,500,deck period,coefficients,1116,0.1492834235780666,0.14779796002190035,0.0014854635561662576,1.0050636395428902,-0.005767416102399399,0.010530615195212402,False,False,False
bar1230,12:30,reclasso,500,deck period,package,1116,0.1492834235780666,0.15380322076030145,-0.0045197971822348755,-2.93868825366074,-0.011665899672845271,0.0034858546365904275,False,False,False
bar1230,12:30,reclasso,500,deck period,calibration,1116,0.14779796002190035,0.15380322076030145,-0.006005260738401133,-3.9045090920171197,-0.00910465828605783,-0.0034946973446770492,True,False,False
bar1230,12:30,reclasso,500,deck period,as scored,1116,0.14594481645919244,24.213419449148322,-24.06747463268913,-99.3972564809952,-24.178155320307184,-23.962028881407363,True,False,True
bar1230,12:30,reclasso,2000,common,coefficients,1497,0.16391902835267808,0.16656423089372277,-0.002645202541044705,-1.5880975926533056,-0.006334483920578951,0.0008446144343439219,False,False,False
bar1230,12:30,reclasso,2000,common,package,1497,0.16391902835267808,0.17322722541738259,-0.00930819706470449,-5.373403079265884,-0.012909715134663182,-0.005489670856428264,True,False,False
bar1230,12:30,reclasso,2000,common,calibration,1497,0.16656423089372277,0.17322722541738259,-0.006662994523659786,-3.846389912212485,-0.009190615099495265,-0.004448714117186105,True,False,False
bar1230,12:30,reclasso,2000,common,as scored,1497,0.16255108639569685,0.1677896750254447,-0.005238588629747873,-3.122116202295201,-0.00857278797087574,-0.0020263259424862434,True,False,False
bar1230,12:30,reclasso,2000,deck period,coefficients,1116,0.15814004857117958,0.1587191542762883,-0.0005791057051087304,-0.3648618893852343,-0.004322926767938879,0.003110013854366619,False,False,False
bar1230,12:30,reclasso,2000,deck period,package,1116,0.15814004857117958,0.16583161627717793,-0.007691567705998371,-4.638179304205997,-0.012041576438327182,-0.003576790662682004,True,False,False
bar1230,12:30,reclasso,2000,deck period,calibration,1116,0.1587191542762883,0.16583161627717793,-0.007112462000889641,-4.288966217998849,-0.010384124448911037,-0.004435611093287054,True,False,False
bar1230,12:30,reclasso,2000,deck period,as scored,1116,0.1563191219757053,0.16006873506308766,-0.0037496130873823415,-2.3425018545342486,-0.007202227017780121,-0.0004780606507461392,True,False,False
bar1230,12:30,reclasticnet,500,common,coefficients,2997,0.14443951178299494,0.14534382296569762,-0.0009043111827026684,-0.6221875579233206,-0.004415582309072467,0.003100599519602288,False,False,False
bar1230,12:30,reclasticnet,500,common,package,2997,0.14443951178299494,0.14969596869038512,-0.005256456907390176,-3.511421819422579,-0.008662486539101129,-0.0016891825019759695,True,False,False
bar1230,12:30,reclasticnet,500,common,calibration,2997,0.14534382296569762,0.14969596869038512,-0.004352145724687507,-2.9073232651234666,-0.005967852870211094,-0.0029287610054212453,True,False,False
bar1230,12:30,reclasticnet,500,common,as scored,2997,0.14307914677704087,0.14717128553851744,-0.004092138761476583,-2.7805279722215883,-0.007552696889074963,-0.0002503931472765951,True,False,False
bar1230,12:30,reclasticnet,500,deck period,coefficients,1116,0.15012854256941346,0.14796123785406842,0.0021673047153450246,1.464778712842751,-0.005171664177886749,0.01182823351242454,False,False,False
bar1230,12:30,reclasticnet,500,deck period,package,1116,0.15012854256941346,0.15412979196030985,-0.004001249390896392,-2.596025946707797,-0.011111456369554098,0.0041328481855565985,False,False,False
bar1230,12:30,reclasticnet,500,deck period,calibration,1116,0.14796123785406842,0.15412979196030985,-0.006168554106241416,-4.002181556067946,-0.009363684696815781,-0.0036028378302444333,True,False,False
bar1230,12:30,reclasticnet,500,deck period,as scored,1116,0.14659673340934246,0.1490335929658693,-0.0024368595565268597,-1.6351075673824313,-0.009774645992220691,0.006689044719992584,False,False,False
bar1230,12:30,reclasticnet,2000,common,coefficients,1497,0.16194639889776316,0.16608342750545763,-0.004137028607694465,-2.490934026249259,-0.007478078075301429,-0.0009251264110584632,True,False,False
bar1230,12:30,reclasticnet,2000,common,package,1497,0.16194639889776316,0.17284716178904816,-0.010900762891285033,-6.306590619398716,-0.014300597056789332,-0.0074699468425198385,True,False,False
bar1230,12:30,reclasticnet,2000,common,calibration,1497,0.16608342750545763,0.17284716178904816,-0.006763734283590567,-3.9131300818496437,-0.009297488831888592,-0.004557978399968248,True,False,False
bar1230,12:30,reclasticnet,2000,common,as scored,1497,0.16063849818998469,0.16734595774875083,-0.006707459558766115,-4.008139574447643,-0.009795283962606868,-0.003624545226629304,True,False,False
bar1230,12:30,reclasticnet,2000,deck period,coefficients,1116,0.15575560095081026,0.15810176822286684,-0.0023461672720565805,-1.4839601722539404,-0.005676277856557679,0.0009518794199580173,False,False,False
bar1230,12:30,reclasticnet,2000,deck period,package,1116,0.15575560095081026,0.16529784990569552,-0.009542248954885242,-5.772760480749879,-0.013339219860957468,-0.005889013640395457,True,False,False
bar1230,12:30,reclasticnet,2000,deck period,calibration,1116,0.15810176822286684,0.16529784990569552,-0.007196081682828661,-4.353403076285696,-0.010475160620991764,-0.00450668137645944,True,False,False
bar1230,12:30,reclasticnet,2000,deck period,as scored,1116,0.15404344742755197,0.15947637238789716,-0.005432924960345209,-3.4067272029054,-0.00865594558184232,-0.002331805239186121,True,False,False
bar1230,12:30,ridge,500,common,coefficients,2997,0.14811979576928247,0.14547021458218098,0.0026495811871014865,1.8213908563423815,-0.0008376582051877816,0.006377470263957784,False,False,False
bar1230,12:30,ridge,500,common,package,2997,0.14811979576928247,0.1494550606103668,-0.001335264841084351,-0.8934223007445837,-0.00492553715644839,0.0024354774949670367,False,False,False
bar1230,12:30,ridge,500,common,calibration,2997,0.14547021458218098,0.1494550606103668,-0.003984846028185838,-2.666250317595089,-0.00559692439642701,-0.0025770491469786715,True,False,False
bar1230,12:30,ridge,500,common,as scored,2997,0.14687152288080763,0.14707904411090378,-0.00020752123009612518,-0.1410950359043981,-0.0036973495349425555,0.0034441112679319463,False,False,False
bar1230,12:30,ridge,500,deck period,coefficients,1116,0.1508852271853708,0.14922975791224755,0.0016554692731232574,1.1093425978059501,-0.0044427843507444074,0.00985518158414109,False,False,False
bar1230,12:30,ridge,500,deck period,package,1116,0.1508852271853708,0.1549971332949939,-0.004111906109623099,-2.6528917162598296,-0.010204215629851576,0.0028711810738676555,False,False,False
bar1230,12:30,ridge,500,deck period,calibration,1116,0.14922975791224755,0.1549971332949939,-0.005767375382746356,-3.7209561623115714,-0.008853922461437,-0.0032372408223774406,True,False,False
bar1230,12:30,ridge,500,deck period,as scored,1116,0.14838740079354193,0.1502416379293987,-0.0018542371358568172,-1.2341699421089625,-0.008103347849952487,0.005928610838211493,False,False,False
bar1230,12:30,ridge,2000,common,coefficients,1497,0.16243050787727603,0.16519722402778766,-0.0027667161505116134,-1.6747957883639901,-0.005944561261068592,0.0007185157368130303,False,False,False
bar1230,12:30,ridge,2000,common,package,1497,0.16243050787727603,0.17166749942693904,-0.009236991549662999,-5.380745674340194,-0.012385722035032586,-0.006040065357429821,True,False,False
bar1230,12:30,ridge,2000,common,calibration,1497,0.16519722402778766,0.17166749942693904,-0.006470275399151386,-3.769074181630465,-0.008953043766978504,-0.0042866184801107765,True,False,False
bar1230,12:30,ridge,2000,common,as scored,1497,0.1612662669922149,0.16643042972283917,-0.0051641627306242555,-3.1028957500285657,-0.008236534011351663,-0.0019130067170424342,True,False,False
bar1230,12:30,ridge,2000,deck period,coefficients,1116,0.1566352361878911,0.15755077911212564,-0.0009155429242345499,-0.5811097408683564,-0.004197055108558022,0.002530574597081622,False,False,False
bar1230,12:30,ridge,2000,deck period,package,1116,0.1566352361878911,0.16446712616907494,-0.007831889981183834,-4.761978982433559,-0.010937430890531223,-0.004825491845576068,True,False,False
bar1230,12:30,ridge,2000,deck period,calibration,1116,0.15755077911212564,0.16446712616907494,-0.006916347056949283,-4.205306688364678,-0.01013929412353963,-0.004297508838769395,True,False,False
bar1230,12:30,ridge,2000,deck period,as scored,1116,0.15517909895657106,0.15891086010595007,-0.003731761149379026,-2.348336134415837,-0.00684085141464801,-0.0004628294663292853,True,False,False
bar1300,13:00,reclasso,500,common,coefficients,2997,0.15788909247188126,0.16502700773765783,-0.007137915265776591,-4.325301272579383,-0.020339458024025286,0.000370538238728938,False,False,False
bar1300,13:00,reclasso,500,common,package,2997,0.15788909247188126,2.0491041788642947,-1.8912150863924146,-92.2947259538854,-3.1100506138546,-0.8829658576418657,True,False,True
bar1300,13:00,reclasso,500,common,calibration,2997,0.16502700773765783,2.0491041788642947,-1.8840771711266373,-91.946382744233,-3.1017282529704837,-0.8767828322877036,True,False,True
bar1300,13:00,reclasso,500,common,as scored,2997,0.15650638599841743,24.207943476883045,-24.05143709088463,-99.35349160845543,-24.1112679900551,-23.98948827188065,True,False,True
bar1300,13:00,reclasso,500,deck period,coefficients,1116,0.16214576080656404,0.1667966487534143,-0.004650887946850272,-2.788358148445755,-0.01101642587935236,0.001928137260187831,False,False,False
bar1300,13:00,reclasso,500,deck period,package,1116,0.16214576080656404,0.16969380851310661,-0.0075480477065425705,-4.448039544094258,-0.01528867231110295,0.0003128755202408611,False,False,False
bar1300,13:00,reclasso,500,deck period,calibration,1116,0.1667966487534143,0.16969380851310661,-0.0028971597596922968,-1.707286662417344,-0.00543123625267992,3.781111922520482e-05,False,False,False
bar1300,13:00,reclasso,500,deck period,as scored,1116,0.15970501449550648,24.228549651886837,-24.068844637391333,-99.3408395599814,-24.181111031649348,-23.964756995433028,True,False,True
bar1300,13:00,reclasso,2000,common,coefficients,1497,0.17780500051044962,0.1861393284843311,-0.008334327973881495,-4.477467519489341,-0.013312841182398122,-0.0017145924350270975,True,False,False
bar1300,13:00,reclasso,2000,common,package,1497,0.17780500051044962,0.19011424419422474,-0.01230924368377511,-6.4746561920945425,-0.018133913495500496,-0.004170888050993788,True,False,False
bar1300,13:00,reclasso,2000,common,calibration,1497,0.1861393284843311,0.19011424419422474,-0.003974915709893617,-2.090803730536234,-0.0057740799346775095,-0.0020546491219527317,True,False,False
bar1300,13:00,reclasso,2000,common,as scored,1497,0.17581301225394644,0.18443664723811087,-0.00862363498416446,-4.675662409451197,-0.01343398843410104,-0.002408800278223883,True,False,False
bar1300,13:00,reclasso,2000,deck period,coefficients,1116,0.16608686967487069,0.17372480071325253,-0.007637931038381864,-4.39656917551393,-0.013940347854398362,0.0003832295381777772,False,False,False
bar1300,13:00,reclasso,2000,deck period,package,1116,0.16608686967487069,0.17797830796768882,-0.011891438292818118,-6.68139754142227,-0.01968716647580085,-0.002010014308264004,True,False,False
bar1300,13:00,reclasso,2000,deck period,calibration,1116,0.17372480071325253,0.17797830796768882,-0.004253507254436255,-2.389902063350586,-0.006657580369765304,-0.0017042499076246104,True,False,False
bar1300,13:00,reclasso,2000,deck period,as scored,1116,0.16440115705235725,0.17241799044385697,-0.008016833391499747,-4.649650173315412,-0.014089683275414294,-0.00041451863321217486,True,False,False
bar1300,13:00,reclasticnet,500,common,coefficients,2997,0.15841023481542446,0.15976803737818146,-0.001357802562756963,-0.8498586982970535,-0.004658404245693701,0.0015931886339919168,False,False,False
bar1300,13:00,reclasticnet,500,common,package,2997,0.15841023481542446,0.16223533814409175,-0.003825103328667264,-2.357749780303685,-0.007456828268365857,-0.00029026647533198,True,False,False
bar1300,13:00,reclasticnet,500,common,calibration,2997,0.15976803737818146,0.16223533814409175,-0.0024673007659103013,-1.520815867945448,-0.0038664131366793345,-0.0010926042987972407,True,False,False
bar1300,13:00,reclasticnet,500,common,as scored,2997,0.15709211329455663,0.15949717805993188,-0.0024050647653752156,-1.5079042743135556,-0.005677095407082061,0.0007267237198076115,False,False,False
bar1300,13:00,reclasticnet,500,deck period,coefficients,1116,0.16194758814213173,0.16686444684877333,-0.0049168587066415964,-2.9466185274911614,-0.01153801387085591,0.001802858595504366,False,False,False
bar1300,13:00,reclasticnet,500,deck period,package,1116,0.16194758814213173,0.16992177036841283,-0.007974182226281072,-4.692854958485891,-0.01610078515424392,0.0002462433719240614,False,False,False
bar1300,13:00,reclasticnet,500,deck period,calibration,1116,0.16686444684877333,0.16992177036841283,-0.0030573235196394775,-1.799253570046261,-0.005613473494560408,-0.00019982462032368703,True,False,False
bar1300,13:00,reclasticnet,500,deck period,as scored,1116,0.15978020066643356,0.16568630783657054,-0.005906107170137022,-3.564632012901562,-0.012901172317674398,0.0009707212182896239,False,False,False
bar1300,13:00,reclasticnet,2000,common,coefficients,1497,0.1775941359281519,0.18573784619503728,-0.008143710266885392,-4.384518520977112,-0.01213804120559397,-0.0036329212279220396,True,False,False
bar1300,13:00,reclasticnet,2000,common,package,1497,0.1775941359281519,0.18976493304566955,-0.012170797117517642,-6.413617585810004,-0.01705052613900864,-0.006204998580459134,True,False,False
bar1300,13:00,reclasticnet,2000,common,calibration,1497,0.18573784619503728,0.18976493304566955,-0.004027086850632248,-2.1221449010619224,-0.005835040408269405,-0.0020559014223822747,True,False,False
bar1300,13:00,reclasticnet,2000,common,as scored,1497,0.17561035970612165,0.1840405150541345,-0.008430155348012862,-4.5805975632774,-0.01225463854981332,-0.004090951690509401,True,False,False
bar1300,13:00,reclasticnet,2000,deck period,coefficients,1116,0.16491633313659015,0.17332917125271355,-0.008412838116123379,-4.8536769981190755,-0.01334155768778465,-0.003211598030427939,True,False,False
bar1300,13:00,reclasticnet,2000,deck period,package,1116,0.16491633313659015,0.17762384494131292,-0.012707511804722788,-7.154169987099064,-0.01907729026584184,-0.005916603657437464,True,False,False
bar1300,13:00,reclasticnet,2000,deck period,calibration,1116,0.17332917125271355,0.17762384494131292,-0.004294673688599411,-2.4178474967808374,-0.006728529673978935,-0.0017600595494401676,True,False,False
bar1300,13:00,reclasticnet,2000,deck period,as scored,1116,0.16330219511602823,0.17202786319559565,-0.00872566807956743,-5.072241157611978,-0.013559459062630473,-0.0037376490713591183,True,False,False
bar1300,13:00,ridge,500,common,coefficients,2997,0.16616270939577454,0.15968727781431444,0.006475431581460117,4.0550704289604065,0.0020398722886483846,0.0119858845867752,False,True,False
bar1300,13:00,ridge,500,common,package,2997,0.16616270939577454,0.16185970489483908,0.004303004500935449,2.6584779106888456,-0.0004249818524829981,0.01032645223019478,False,False,False
bar1300,13:00,ridge,500,common,calibration,2997,0.15968727781431444,0.16185970489483908,-0.0021724270805246683,-1.3421667127937142,-0.0035553800493761333,-0.0008239384982473892,True,False,False
bar1300,13:00,ridge,500,common,as scored,2997,0.1644281713490969,0.15926884678420056,0.005159324564896316,3.239380876466621,0.0008707872949679441,0.010614890632356426,False,True,False
bar1300,13:00,ridge,500,deck period,coefficients,1116,0.1744945441533198,0.16736772304123665,0.0071268211120832006,4.258181316314657,-0.0018328006939099142,0.020593319617855793,False,False,False
bar1300,13:00,ridge,500,deck period,package,1116,0.1744945441533198,0.17020043843129784,0.004294105722021986,2.522969835800582,-0.005968379727085758,0.019619097037062314,False,False,False
bar1300,13:00,ridge,500,deck period,calibration,1116,0.16736772304123665,0.17020043843129784,-0.0028327153900612146,-1.6643408302409588,-0.00528357791099973,-0.0001195941433296682,True,False,False
bar1300,13:00,ridge,500,deck period,as scored,1116,0.17107401148759302,0.16626481468799925,0.004809196799593769,2.892492202044291,-0.004274827037275275,0.018041588175667558,False,False,False
bar1300,13:00,ridge,2000,common,coefficients,1497,0.18207854496511974,0.18517545710569727,-0.0030969121405775546,-1.6724204108808285,-0.007666443693909404,0.002805605078380279,False,False,False
bar1300,13:00,ridge,2000,common,package,1497,0.18207854496511974,0.18885898025241005,-0.006780435287290306,-3.5902106843043704,-0.012160129220484874,0.0003664961922358337,False,False,False
bar1300,13:00,ridge,2000,common,calibration,1497,0.18517545710569727,0.18885898025241005,-0.0036835231467127524,-1.9504093169356962,-0.005482245076455669,-0.0017356501225469694,True,False,False
bar1300,13:00,ridge,2000,common,as scored,1497,0.1799497756172672,0.18343537373071023,-0.00348559811344304,-1.9001777261129713,-0.007872923614300935,0.0020545604730172902,False,False,False
bar1300,13:00,ridge,2000,deck period,coefficients,1116,0.17088523075382675,0.17301744078442582,-0.00213221003059909,-1.2323671075771807,-0.00798148114791983,0.0046777022729448245,False,False,False
bar1300,13:00,ridge,2000,deck period,package,1116,0.17088523075382675,0.17694218993087635,-0.006056959177049623,-3.4231288645267783,-0.01323102786917242,0.0027229802053798167,False,False,False
bar1300,13:00,ridge,2000,deck period,calibration,1116,0.17301744078442582,0.17694218993087635,-0.003924749146450533,-2.2180968529799268,-0.00631778356627581,-0.0014051304856374427,True,False,False
bar1300,13:00,ridge,2000,deck period,as scored,1116,0.16901710703976247,0.17164052599868795,-0.002623418958925458,-1.5284379628069376,-0.008228312239775956,0.003879721720463299,False,False,False
bar1330,13:30,reclasso,500,common,coefficients,2936,0.16803846859522903,0.16877307949448098,-0.0007346108992519418,-0.43526544722196897,-0.00408120151871467,0.0026606347580105188,False,False,False
bar1330,13:30,reclasso,500,common,package,2936,0.16803846859522903,2.0553504154405275,-1.8873119468452986,-91.82433966817221,-3.0524074539469765,-0.9176790164555011,True,False,True
bar1330,13:30,reclasso,500,common,calibration,2936,0.16877307949448098,2.0553504154405275,-1.8865773359460467,-91.78859827372516,-3.050007226039498,-0.9180621578370969,True,False,True
bar1330,13:30,reclasso,500,common,as scored,2936,0.16731552219126095,24.221833191520524,-24.05451766932926,-99.30923674988466,-24.122963502961195,-23.986019048478525,True,False,True
bar1330,13:30,reclasso,500,deck period,coefficients,1088,0.1752948861415417,0.17381754664731433,0.0014773394942273832,0.8499369153017612,-0.00538089045405532,0.008849575990762496,False,False,False
bar1330,13:30,reclasso,500,deck period,package,1088,0.1752948861415417,0.1772659511674146,-0.0019710650258728543,-1.111925337546255,-0.010472960907153396,0.006531549677460701,False,False,False
bar1330,13:30,reclasso,500,deck period,calibration,1088,0.17381754664731433,0.1772659511674146,-0.003448404520100237,-1.9453281904337478,-0.006284076091879495,-0.0007458989719543719,True,False,False
bar1330,13:30,reclasso,500,deck period,as scored,1088,0.1733628766019758,24.20795018927751,-24.03458731267554,-99.28385974340463,-24.150229946085602,-23.913567921540544,True,False,True
bar1330,13:30,reclasso,2000,common,coefficients,1436,0.17711336988432258,0.18285747461169358,-0.005744104727371026,-3.141301573571932,-0.010968010675300382,-0.0005507047000444492,True,False,False
bar1330,13:30,reclasso,2000,common,package,1436,0.17711336988432258,0.1894005942609108,-0.012287224376588224,-6.487426517607346,-0.019501028751800247,-0.00549749660325314,True,False,False
bar1330,13:30,reclasso,2000,common,calibration,1436,0.18285747461169358,0.1894005942609108,-0.006543119649217197,-3.4546457864876885,-0.009039040670774386,-0.004254036164483809,True,False,False
bar1330,13:30,reclasso,2000,common,as scored,1436,0.17655978718049906,0.1827077812473407,-0.006147994066841648,-3.3649328041036193,-0.011433837652969767,-0.000933015892300029,True,False,False
bar1330,13:30,reclasso,2000,deck period,coefficients,1088,0.16993689789397656,0.17403869979384323,-0.004101801899866679,-2.3568332242917522,-0.010048940543907125,0.0015922400375098305,False,False,False
bar1330,13:30,reclasso,2000,deck period,package,1088,0.16993689789397656,0.17956070239109054,-0.009623804497113989,-5.359638478219443,-0.01811194493895665,-0.002337344053267256,True,False,False
bar1330,13:30,reclasso,2000,deck period,calibration,1088,0.17403869979384323,0.17956070239109054,-0.0055220025972473104,-3.075284582714632,-0.008472818958219358,-0.002886244043958994,True,False,False
bar1330,13:30,reclasso,2000,deck period,as scored,1088,0.16895111334957388,0.17337318406169025,-0.004422070712116332,-2.5506082362442255,-0.010381805540496721,0.0012114827438107002,False,False,False
bar1330,13:30,reclasticnet,500,common,coefficients,2936,0.1669517241450333,0.1678779276819193,-0.0009262035368860248,-0.551712514965586,-0.0044613640293670875,0.0025510363002594744,False,False,False
bar1330,13:30,reclasticnet,500,common,package,2936,0.1669517241450333,0.17153182754451307,-0.004580103399479802,-2.670118697529326,-0.008782674364440395,-0.0005066283814395762,True,False,False
bar1330,13:30,reclasticnet,500,common,calibration,2936,0.1678779276819193,0.17153182754451307,-0.0036538998625937767,-2.130158533783229,-0.005145110804454998,-0.0022197081571465782,True,False,False
bar1330,13:30,reclasticnet,500,common,as scored,2936,0.16625303146097978,0.16840661603840298,-0.002153584577423219,-1.278800458131717,-0.00572043205365691,0.0014371764244949072,False,False,False
bar1330,13:30,reclasticnet,500,deck period,coefficients,1088,0.1735070783409919,0.17377270807553746,-0.00026562973454557066,-0.1528604448231904,-0.006535012733955183,0.006672330234293702,False,False,False
bar1330,13:30,reclasticnet,500,deck period,package,1088,0.1735070783409919,0.17744033604541887,-0.003933257704426983,-2.2166649320480314,-0.012126032796010393,0.004392569701849168,False,False,False
bar1330,13:30,reclasticnet,500,deck period,calibration,1088,0.17377270807553746,0.17744033604541887,-0.0036676279698814127,-2.066964057677743,-0.006585373053608015,-0.0008945845976153728,True,False,False
bar1330,13:30,reclasticnet,500,deck period,as scored,1088,0.17169889806309466,0.17231452432175404,-0.0006156262586593806,-0.35726893080112815,-0.0072913314894526024,0.006648834544381882,False,False,False
bar1330,13:30,reclasticnet,2000,common,coefficients,1436,0.17753321362425115,0.18223977621470622,-0.004706562590455062,-2.582620922948245,-0.010466290272623835,0.001109655004095674,False,False,False
bar1330,13:30,reclasticnet,2000,common,package,1436,0.17753321362425115,0.18887587390274144,-0.011342660278490247,-6.005351580441113,-0.018882969653371672,-0.0040381377674273715,True,False,False
bar1330,13:30,reclasticnet,2000,common,calibration,1436,0.18223977621470622,0.18887587390274144,-0.0066360976880351875,-3.5134702759614167,-0.009117946298927733,-0.004361698824041224,True,False,False
bar1330,13:30,reclasticnet,2000,common,as scored,1436,0.17687200444053416,0.18210501343622273,-0.005233008995688575,-2.873621597200723,-0.011108933929461459,0.0008060281456164859,False,False,False
bar1330,13:30,reclasticnet,2000,deck period,coefficients,1088,0.17040759997301927,0.17361596950958996,-0.003208369536570673,-1.8479691388028987,-0.009128402763006409,0.002319436961448575,False,False,False
bar1330,13:30,reclasticnet,2000,deck period,package,1088,0.17040759997301927,0.1791832748796671,-0.008775674906647846,-4.897597118113432,-0.017129089315773297,-0.0014645028197393893,True,False,False
bar1330,13:30,reclasticnet,2000,deck period,calibration,1088,0.17361596950958996,0.1791832748796671,-0.005567305370077173,-3.1070452160314463,-0.008517681414388863,-0.0029202918649133855,True,False,False
bar1330,13:30,reclasticnet,2000,deck period,as scored,1088,0.16927711801281056,0.17300507049256925,-0.003727952479758692,-2.15482267030943,-0.009617640338847837,0.0017312968026076663,False,False,False
bar1330,13:30,ridge,500,common,coefficients,2936,0.16949432091003383,0.16671277575391294,0.0027815451561208895,1.6684655051432693,-0.0012406926431305773,0.006952961072883484,False,False,False
bar1330,13:30,ridge,500,common,package,2936,0.16949432091003383,0.17017334214952679,-0.0006790212394929721,-0.3990173965651649,-0.004939900735931841,0.0038373527813151272,False,False,False
bar1330,13:30,ridge,500,common,calibration,2936,0.16671277575391294,0.17017334214952679,-0.003460566395613862,-2.0335537587157186,-0.004903686820756785,-0.002059587065748382,True,False,False
bar1330,13:30,ridge,500,common,as scored,2936,0.16920898081490926,0.16717467133574876,0.0020343094791605326,1.2168766134882267,-0.0022605029441794718,0.00668388402800419,False,False,False
bar1330,13:30,ridge,500,deck period,coefficients,1088,0.17523844694521146,0.17242352959415058,0.0028149173510608767,1.632559870272121,-0.0030082052959004555,0.010033160155721997,False,False,False
bar1330,13:30,ridge,500,deck period,package,1088,0.17523844694521146,0.1758813245859622,-0.0006428776407507488,-0.3655178525998317,-0.007472992353987972,0.007473544380613184,False,False,False
bar1330,13:30,ridge,500,deck period,calibration,1088,0.17242352959415058,0.1758813245859622,-0.0034577949918116256,-1.9659818914552378,-0.006266208550352201,-0.0007739044468695035,True,False,False
bar1330,13:30,ridge,500,deck period,as scored,1088,0.17404052009680948,0.17104597252351972,0.0029945475732897453,1.7507267368589923,-0.0032662271581158104,0.010698524294726128,False,False,False
bar1330,13:30,ridge,2000,common,coefficients,1436,0.178541054919547,0.18189819031345406,-0.003357135393907076,-1.845612310997668,-0.008122294985994774,0.001601962235459725,False,False,False
bar1330,13:30,ridge,2000,common,package,1436,0.178541054919547,0.18815023997101138,-0.009609185051464375,-5.107187241932234,-0.016290004555597044,-0.0032312859253803283,True,False,False
bar1330,13:30,ridge,2000,common,calibration,1436,0.18189819031345406,0.18815023997101138,-0.0062520496575572985,-3.3229028347349234,-0.008756205257372165,-0.003961972094636149,True,False,False
bar1330,13:30,ridge,2000,common,as scored,1436,0.17798348840920158,0.18174118212810567,-0.0037576937189040902,-2.0676071735108272,-0.008599096289990607,0.0014220596396088887,False,False,False
bar1330,13:30,ridge,2000,deck period,coefficients,1088,0.17142627352239698,0.17299511705596093,-0.0015688435335639522,-0.9068715697082123,-0.006890143248338248,0.0030792839340854127,False,False,False
bar1330,13:30,ridge,2000,deck period,package,1088,0.17142627352239698,0.178246509237416,-0.006820235715019031,-3.8262941272722464,-0.014363590817847695,-0.0004165885063557671,True,False,False
bar1330,13:30,ridge,2000,deck period,calibration,1088,0.17299511705596093,0.178246509237416,-0.005251392181455078,-2.946140266040481,-0.008165485167200356,-0.002619966129277396,True,False,False
bar1330,13:30,ridge,2000,deck period,as scored,1088,0.17043379528909314,0.17232046585617156,-0.0018866705670784046,-1.094861575323924,-0.007234932059476134,0.0028401895557882725,False,False,False
bar1400,14:00,reclasso,500,common,coefficients,2924,0.16325773298366725,0.17139799970422426,-0.008140266720557008,-4.749335893420222,-0.03705524268092783,0.00709595765263852,False,False,False
bar1400,14:00,reclasso,500,common,package,2924,0.16325773298366725,2.0486473363645965,-1.8853896033809292,-92.03094988162411,-3.0987703940556486,-0.8262102258078492,True,False,True
bar1400,14:00,reclasso,500,common,calibration,2924,0.17139799970422426,2.0486473363645965,-1.877249336660372,-91.63360151540886,-3.0795991346986824,-0.8251584949944056,True,False,True
bar1400,14:00,reclasso,500,common,as scored,2924,0.1595225606752134,24.215356203432663,-24.055833642757445,-99.34123388755849,-24.121463617712923,-23.989292380079757,True,False,True
bar1400,14:00,reclasso,500,deck period,coefficients,1088,0.1927958377233162,0.18077181577913154,0.012024021944184697,6.651491490728701,0.003821841108230004,0.02098859648472343,False,True,False
bar1400,14:00,reclasso,500,deck period,package,1088,0.1927958377233162,0.17693165681488707,0.015864180908429143,8.966276128317093,0.005131622797530664,0.027972853108669038,False,True,False
bar1400,14:00,reclasso,500,deck period,calibration,1088,0.18077181577913154,0.17693165681488707,0.0038401589642444453,2.170419377388283,-0.0005319422297995705,0.008905504486705804,False,False,False
bar1400,14:00,reclasso,500,deck period,as scored,1088,0.18053921860666713,24.23622046620952,-24.055681247602852,-99.25508509522605,-24.170444789092222,-23.923383777051054,True,False,True
bar1400,14:00,reclasso,2000,common,coefficients,1424,0.1916380864728828,0.19203851054477866,-0.0004004240718958333,-0.208512381584247,-0.004704931208356008,0.004444784967009637,False,False,False
bar1400,14:00,reclasso,2000,common,package,1424,0.1916380864728828,0.19210283401638972,-0.00046474754350690935,-0.24192643793441293,-0.007130057694572249,0.006999623206415295,False,False,False
bar1400,14:00,reclasso,2000,common,calibration,1424,0.19203851054477866,0.19210283401638972,-6.432347161107575e-05,-0.0334838743740698,-0.0037427590526476736,0.00421688710100601,False,False,False
bar1400,14:00,reclasso,2000,common,as scored,1424,0.18654936304155517,0.18612426019632083,0.00042510284523433533,0.2283973323982289,-0.0038081218288329253,0.005069900234161257,False,False,False
bar1400,14:00,reclasso,2000,deck period,coefficients,1088,0.19048084731059328,0.18973225476174327,0.0007485925488500418,0.39455207539176124,-0.004653463061441026,0.006718448395253284,False,False,False
bar1400,14:00,reclasso,2000,deck period,package,1088,0.19048084731059328,0.1873659990994968,0.0031148482110964926,1.6624404780306044,-0.004565771590213935,0.011926615961221045,False,False,False
bar1400,14:00,reclasso,2000,deck period,calibration,1088,0.18973225476174327,0.1873659990994968,0.0023662556622464524,1.262905582453037,-0.0017879728776643245,0.007306344336106691,False,False,False
bar1400,14:00,reclasso,2000,deck period,as scored,1088,0.18269148280798844,0.18125836095539588,0.001433121852592537,0.7906514463877339,-0.00384109902728658,0.007346899570634293,False,False,False
bar1400,14:00,reclasticnet,500,common,coefficients,2924,0.16264721625163905,0.15894642239233558,0.003700793859303502,2.3283278752689656,-0.0002848552322814547,0.008083680613844497,False,False,False
bar1400,14:00,reclasticnet,500,common,package,2924,0.16264721625163905,0.15968502653779726,0.0029621897138417987,1.8550203347592216,-0.001993340832586105,0.008639370363633414,False,False,False
bar1400,14:00,reclasticnet,500,common,calibration,2924,0.15894642239233558,0.15968502653779726,-0.0007386041454617027,-0.46253813615196787,-0.0027606997742801063,0.0014917414531542095,False,False,False
bar1400,14:00,reclasticnet,500,common,as scored,2924,0.159160859033596,0.15675111880279846,0.0024097402307975474,1.537303369317021,-0.0017858411933575572,0.007167727647661388,False,False,False
bar1400,14:00,reclasticnet,500,deck period,coefficients,1088,0.19204614499936887,0.181321548507152,0.010724596492216848,5.914683930572009,0.002021031044406057,0.020995050129018734,False,True,False
bar1400,14:00,reclasticnet,500,deck period,package,1088,0.19204614499936887,0.1776874676828445,0.014358677316524349,8.080861021753794,0.0032184222786682754,0.027724026599503127,False,True,False
bar1400,14:00,reclasticnet,500,deck period,calibration,1088,0.181321548507152,0.1776874676828445,0.003634080824307501,2.045209418367082,-0.000523298020734224,0.008602718104454331,False,False,False
bar1400,14:00,reclasticnet,500,deck period,as scored,1088,0.1806177518814911,0.1722840271417001,0.008333724739791,4.837201032534885,-0.0011035975850178363,0.019454283977139775,False,False,False
bar1400,14:00,reclasticnet,2000,common,coefficients,1424,0.1887601871971328,0.19209643617811187,-0.0033362489809790692,-1.736757353418935,-0.007685097062261183,0.001441142043351262,False,False,False
bar1400,14:00,reclasticnet,2000,common,package,1424,0.1887601871971328,0.1921116116883894,-0.0033514244912565667,-1.7445194810466087,-0.009708600646315142,0.0038866444969780003,False,False,False
bar1400,14:00,reclasticnet,2000,common,calibration,1424,0.19209643617811187,0.1921116116883894,-1.5175510277497141e-05,-0.007899319642433827,-0.0037004677013111613,0.004269831891364349,False,False,False
bar1400,14:00,reclasticnet,2000,common,as scored,1424,0.18458490481582057,0.1861302770013555,-0.001545372185534938,-0.8302637327100114,-0.005774230971959155,0.0029660277317709494,False,False,False
bar1400,14:00,reclasticnet,2000,deck period,coefficients,1088,0.18698872111277984,0.18973317468566442,-0.0027444535728846043,-1.4464806048975924,-0.007917976175606226,0.0034342276872568476,False,False,False
bar1400,14:00,reclasticnet,2000,deck period,package,1088,0.18698872111277984,0.1873140264608671,-0.00032530534808724,-0.17366844023034309,-0.00806618709793128,0.008506304396866015,False,False,False
bar1400,14:00,reclasticnet,2000,deck period,calibration,1088,0.18973317468566442,0.1873140264608671,0.0024191482247973638,1.2914933657158678,-0.0017378080972961375,0.00736114225885542,False,False,False
bar1400,14:00,reclasticnet,2000,deck period,as scored,1088,0.1803850436637527,0.18121478015760584,-0.0008297364938531398,-0.4578746243167928,-0.005834155441058046,0.005324294804715454,False,False,False
bar1400,14:00,ridge,500,common,coefficients,2924,0.16677051058355247,0.1590010445446127,0.007769466038939768,4.886424527079004,0.0029710449156358427,0.012818324898507975,False,True,False
bar1400,14:00,ridge,500,common,package,2924,0.16677051058355247,0.15949181525760775,0.007278695325944735,4.563679530631928,0.0017145912597907053,0.013367970649996964,False,True,False
bar1400,14:00,ridge,500,common,calibration,2924,0.1590010445446127,0.15949181525760775,-0.0004907707129950344,-0.30770902707599895,-0.0025506836388474946,0.001762404936865825,False,False,False
bar1400,14:00,ridge,500,common,as scored,2924,0.16375097950422293,0.15672037577579265,0.007030603728430289,4.48608146428159,0.0022070564520239124,0.012366721641380064,False,True,False
bar1400,14:00,ridge,500,deck period,coefficients,1088,0.19692069429906264,0.1816243326608598,0.015296361638202824,8.421978164547554,0.006366994927238639,0.026581515331893058,False,True,False
bar1400,14:00,ridge,500,deck period,package,1088,0.19692069429906264,0.17790017735113603,0.019020516947926613,10.69167958747128,0.00759548921373433,0.0340976649558057,False,True,False
bar1400,14:00,ridge,500,deck period,calibration,1088,0.1816243326608598,0.17790017735113603,0.003724155309723791,2.0933960635537328,-0.0005473308554691463,0.008851515501138505,False,False,False
bar1400,14:00,ridge,500,deck period,as scored,1088,0.18640279773106638,0.17289873866250283,0.013504059068563544,7.810386109827775,0.003977980779073388,0.025579969952058072,False,True,False
bar1400,14:00,ridge,2000,common,coefficients,1424,0.18966753842131168,0.19055066734376808,-0.0008831289224564162,-0.46346146920765363,-0.004984323245232562,0.003664893689168974,False,False,False
bar1400,14:00,ridge,2000,common,package,1424,0.18966753842131168,0.1903738670640085,-0.000706328642696807,-0.3710218495794496,-0.0072346435558523926,0.006450307105610317,False,False,False
bar1400,14:00,ridge,2000,common,calibration,1424,0.19055066734376808,0.1903738670640085,0.00017680027975960943,0.09287003646365218,-0.0035289669253930757,0.004495916066702981,False,False,False
bar1400,14:00,ridge,2000,common,as scored,1424,0.18459157863498776,0.18464685888264415,-5.528024765636773e-05,-0.02993836342025301,-0.004168246482274623,0.004207551515287602,False,False,False
bar1400,14:00,ridge,2000,deck period,coefficients,1088,0.18844396224512974,0.18787524774952896,0.0005687144956007885,0.3027085805145475,-0.004279280909571851,0.006242722306742429,False,False,False
bar1400,14:00,ridge,2000,deck period,package,1088,0.18844396224512974,0.18534978203059646,0.0030941802145332893,1.6693735383095945,-0.004289649024428003,0.011716402770999189,False,False,False
bar1400,14:00,ridge,2000,deck period,calibration,1088,0.18787524774952896,0.18534978203059646,0.002525465718932501,1.362540430997438,-0.0016934744730107102,0.00755479069537756,False,False,False
bar1400,14:00,ridge,2000,deck period,as scored,1088,0.18075578279609328,0.17948959370681883,0.0012661890892744375,0.7054387182705705,-0.0035392896008468165,0.007071970440403577,False,False,False
bar1430,14:30,reclasso,500,common,coefficients,2916,0.2534675474425156,0.3078204638932217,-0.054352916450706064,-17.65734342781066,-0.06730710057450014,-0.04226408047121419,True,False,False
bar1430,14:30,reclasso,500,common,package,2916,0.2534675474425156,2.185398476273031,-1.931930928830515,-88.40176973698736,-3.1121976966878715,-0.8395800466630073,True,False,True
bar1430,14:30,reclasso,500,common,calibration,2916,0.3078204638932217,2.185398476273031,-1.8775780123798091,-85.91467564221159,-3.058303709245979,-0.7856601258974274,True,False,True
bar1430,14:30,reclasso,500,common,as scored,2916,0.2531391148806123,24.37656229146225,-24.123423176581642,-98.96154711294434,-24.184529880371706,-24.058520973069463,True,False,True
bar1430,14:30,reclasso,500,deck period,coefficients,1087,0.27095421760795485,0.3439056399057882,-0.07295142229783336,-21.212627486370433,-0.10516916819201384,-0.04623360706495075,True,False,False
bar1430,14:30,reclasso,500,deck period,package,1087,0.27095421760795485,0.34371853365574284,-0.07276431604778799,-21.16973887729497,-0.1099798068209578,-0.04209318213544353,True,False,False
bar1430,14:30,reclasso,500,deck period,calibration,1087,0.3439056399057882,0.34371853365574284,0.00018710625004535961,0.05443589208161788,-0.007871451346523008,0.00708953338492059,False,False,False
bar1430,14:30,reclasso,500,deck period,as scored,1087,0.2685272875167336,24.370089799444454,-24.10156251192772,-98.8981276239579,-24.215991708760196,-23.988087312672167,True,False,True
bar1430,14:30,reclasso,2000,common,coefficients,1416,0.2654364070532987,0.32746840488980383,-0.0620319978365051,-18.942895531365675,-0.07949389276526692,-0.043993901734863915,True,False,False
bar1430,14:30,reclasso,2000,common,package,1416,0.2654364070532987,0.3248319262882833,-0.059395519234984546,-18.285000465832272,-0.07665681774259778,-0.04100932356037446,True,False,False
bar1430,14:30,reclasso,2000,common,calibration,1416,0.32746840488980383,0.3248319262882833,0.0026364786015205597,0.811643926644306,-0.0015126257427337758,0.006983997533832911,False,False,False
bar1430,14:30,reclasso,2000,common,as scored,1416,0.265501693074411,0.32168072456021946,-0.05617903148580842,-17.464220637594206,-0.07605840437432632,-0.036517881065052354,True,False,False
bar1430,14:30,reclasso,2000,deck period,coefficients,1087,0.2774629952354796,0.34295631065761484,-0.06549331542213521,-19.096693481613595,-0.08749415883537602,-0.0454554640777853,True,False,False
bar1430,14:30,reclasso,2000,deck period,package,1087,0.2774629952354796,0.3392411350125027,-0.06177813977702307,-18.21068655920699,-0.08582860337041202,-0.04116217570365843,True,False,False
bar1430,14:30,reclasso,2000,deck period,calibration,1087,0.34295631065761484,0.3392411350125027,0.003715175645112154,1.095143030038274,-0.002299999392355953,0.009314677221754827,False,False,False
bar1430,14:30,reclasso,2000,deck period,as scored,1087,0.27565041727435036,0.3365916223255518,-0.060941205051201416,-18.10538379718168,-0.08709567835268468,-0.0384131590662747,True,False,False
bar1430,14:30,reclasticnet,500,common,coefficients,2916,0.25045049857645246,0.30810566722973187,-0.05765516865327937,-18.71279070316163,-0.07033630188903753,-0.046103331281269117,True,False,False
bar1430,14:30,reclasticnet,500,common,package,2916,0.25045049857645246,0.3055245790723357,-0.05507408049588327,-18.026071965504283,-0.06959968981692496,-0.04213226186550574,True,False,False
bar1430,14:30,reclasticnet,500,common,calibration,2916,0.30810566722973187,0.3055245790723357,0.0025810881573961114,0.8448054049311088,-0.0005448426062547413,0.005656586556584945,False,False,False
bar1430,14:30,reclasticnet,500,common,as scored,2916,0.2497887607725733,0.3044357888346769,-0.05464702806210361,-17.95026408402316,-0.06962873709707416,-0.041150413060156876,True,False,False
bar1430,14:30,reclasticnet,500,deck period,coefficients,1087,0.2686057607727286,0.345405319719765,-0.07679955894703648,-22.2346196084489,-0.10583338577197642,-0.05281997714277215,True,False,False
bar1430,14:30,reclasticnet,500,deck period,package,1087,0.2686057607727286,0.3451821157105145,-0.07657635493778593,-22.184334428845776,-0.11066467471093755,-0.048088745713396865,True,False,False
bar1430,14:30,reclasticnet,500,deck period,calibration,1087,0.345405319719765,0.3451821157105145,0.00022320400925053845,0.06466268068121105,-0.007718303911394349,0.007116053768628815,False,False,False
bar1430,14:30,reclasticnet,500,deck period,as scored,1087,0.2655497926258673,0.3438523193959115,-0.07830252677004419,-22.772138605203555,-0.1145646965866344,-0.04811112231131755,True,False,False
bar1430,14:30,reclasticnet,2000,common,coefficients,1416,0.2639821866550816,0.327316878056012,-0.06333469140093038,-19.34965644823615,-0.0807632263231053,-0.04552632749842859,True,False,False
bar1430,14:30,reclasticnet,2000,common,package,1416,0.2639821866550816,0.3246504493791792,-0.06066826272409755,-18.68725666023624,-0.07847495300725611,-0.04245222533818591,True,False,False
bar1430,14:30,reclasticnet,2000,common,calibration,1416,0.327316878056012,0.3246504493791792,0.0026664286768328183,0.8213229588721538,-0.0014363560863925493,0.006974020694979383,False,False,False
bar1430,14:30,reclasticnet,2000,common,as scored,1416,0.2640834662159668,0.32147122515253185,-0.057387758936565024,-17.851600531069504,-0.07687369260675805,-0.03797875142574583,True,False,False
bar1430,14:30,reclasticnet,2000,deck period,coefficients,1087,0.275272638273146,0.34254981118773453,-0.06727717291458855,-19.640113851272066,-0.0888747313927206,-0.04737212376759105,True,False,False
bar1430,14:30,reclasticnet,2000,deck period,package,1087,0.275272638273146,0.3388004807917337,-0.06352784251858769,-18.750812386727194,-0.08631503477559878,-0.043378281350646294,True,False,False
bar1430,14:30,reclasticnet,2000,deck period,calibration,1087,0.34254981118773453,0.3388004807917337,0.0037493303960008575,1.106648487404489,-0.002159694106504722,0.009195247454910753,False,False,False
bar1430,14:30,reclasticnet,2000,deck period,as scored,1087,0.2734828411171821,0.3361037848747919,-0.06262094375760983,-18.631430699579266,-0.08770106415623158,-0.04064904815124453,True,False,False
bar1430,14:30,ridge,500,common,coefficients,2916,0.2615783240407669,0.306562399884527,-0.04498407584376004,-14.673709450573265,-0.05651279792027042,-0.03410987527782788,True,False,False
bar1430,14:30,ridge,500,common,package,2916,0.2615783240407669,0.3040152757334036,-0.042436951692636636,-13.958822164531743,-0.0558823611855681,-0.030780769360380027,True,False,False
bar1430,14:30,ridge,500,common,calibration,2916,0.306562399884527,0.3040152757334036,0.002547124151123408,0.8378276864472517,-0.0007071034589118935,0.0056686009512639645,False,False,False
bar1430,14:30,ridge,500,common,as scored,2916,0.2607951278487119,0.3030452026241255,-0.04225007477541363,-13.94183917434174,-0.056251130511615295,-0.03004912791687745,True,False,False
bar1430,14:30,ridge,500,deck period,coefficients,1087,0.2784571295938256,0.34480574648978407,-0.06634861689595849,-19.24231761547056,-0.09030262613388877,-0.044933689700456275,True,False,False
bar1430,14:30,ridge,500,deck period,package,1087,0.2784571295938256,0.3443460836334863,-0.06588895403966075,-19.134515294732193,-0.09526542614218189,-0.04027417316344207,True,False,False
bar1430,14:30,ridge,500,deck period,calibration,1087,0.34480574648978407,0.3443460836334863,0.00045966285629774317,0.1334886261657029,-0.007853461203136075,0.007582693687616191,False,False,False
bar1430,14:30,ridge,500,deck period,as scored,1087,0.27560625925300025,0.34318275433294887,-0.06757649507994865,-19.691110414711375,-0.09866478762538147,-0.04111321491269034,True,False,False
bar1430,14:30,ridge,2000,common,coefficients,1416,0.2655459389787654,0.3270045567068226,-0.061458617728057226,-18.7944224224246,-0.07872693549702255,-0.043428445960970015,True,False,False
bar1430,14:30,ridge,2000,common,package,1416,0.2655459389787654,0.324397357944106,-0.05885141896534062,-18.141768890571782,-0.07688130188408612,-0.04009084035185528,True,False,False
bar1430,14:30,ridge,2000,common,calibration,1416,0.3270045567068226,0.324397357944106,0.002607198762716601,0.8037053011898525,-0.0015418105164664183,0.006974093565078248,False,False,False
bar1430,14:30,ridge,2000,common,as scored,1416,0.2657950491715448,0.32152429608577854,-0.05572924691423379,-17.332826039176194,-0.07557291046884371,-0.035737984055130116,True,False,False
bar1430,14:30,ridge,2000,deck period,coefficients,1087,0.2772437888364411,0.34231720784698627,-0.06507341901054522,-19.009683860132633,-0.08724544520346159,-0.044876021208738945,True,False,False
bar1430,14:30,ridge,2000,deck period,package,1087,0.2772437888364411,0.33865111846406987,-0.061407329627628814,-18.132918003087592,-0.08539634413000367,-0.0403787441936047,True,False,False
bar1430,14:30,ridge,2000,deck period,calibration,1087,0.34231720784698627,0.33865111846406987,0.003666089382916425,1.0825564077696643,-0.002230781933167243,0.009234966886234184,False,False,False
bar1430,14:30,ridge,2000,deck period,as scored,1087,0.2755873537626435,0.3362459142216778,-0.06065856045903438,-18.039939786166094,-0.08651860564656866,-0.03757477362708464,True,False,False
bar1500,15:00,reclasso,500,common,coefficients,2914,0.1705978071621145,0.18008256440747533,-0.009484757245360827,-5.266893703212452,-0.01433214729521794,-0.0042911972423368,True,False,False
bar1500,15:00,reclasso,500,common,package,2914,0.1705978071621145,2.0640699826803526,-1.8934721755182373,-91.73488260603544,-3.1353132232117695,-0.8236822197058433,True,False,True
bar1500,15:00,reclasso,500,common,calibration,2914,0.18008256440747533,2.0640699826803526,-1.8839874182728769,-91.27536537430652,-3.1253527265533276,-0.8096549126487288,True,False,True
bar1500,15:00,reclasso,500,common,as scored,2914,0.16833395490411326,24.296598209808938,-24.128264254904824,-99.30717068516961,-24.192940562620493,-24.06380660540073,True,False,True
bar1500,15:00,reclasso,500,deck period,coefficients,1087,0.19615997594356208,0.2086877794801152,-0.012527803536553103,-6.003132319373218,-0.02392951071978242,-0.0014763633087512844,True,False,False
bar1500,15:00,reclasso,500,deck period,package,1087,0.19615997594356208,0.20881622845873354,-0.012656252515171473,-6.060952545971595,-0.02353180986613365,-0.0019068790663535995,True,False,False
bar1500,15:00,reclasso,500,deck period,calibration,1087,0.2086877794801152,0.20881622845873354,-0.00012844897861837316,-0.061512929127420464,-0.0018749457901763287,0.0016168477928082626,False,False,False
bar1500,15:00,reclasso,500,deck period,as scored,1087,0.19039535938414356,24.375548971022262,-24.18515361163812,-99.21890842495287,-24.29911340606872,-24.06935196834446,True,False,True
bar1500,15:00,reclasso,2000,common,coefficients,1414,0.22152959731915073,0.24087127890281793,-0.01934168158366723,-8.029882878427708,-0.026420373662798192,-0.01256158018261554,True,False,False
bar1500,15:00,reclasso,2000,common,package,1414,0.22152959731915073,0.23975218464097747,-0.018222587321826807,-7.600592815917255,-0.025434365624508366,-0.0108998888383811,True,False,False
bar1500,15:00,reclasso,2000,common,calibration,1414,0.24087127890281793,0.23975218464097747,0.001119094261840422,0.4667712469507779,-0.0003623328771802378,0.0027582244166600377,False,False,False
bar1500,15:00,reclasso,2000,common,as scored,1414,0.22000221506135373,0.23307825838095683,-0.013076043319603142,-5.6101514617596315,-0.01918638731852308,-0.007093785723256818,True,False,False
bar1500,15:00,reclasso,2000,deck period,coefficients,1087,0.19975519784334564,0.22299495732941568,-0.023239759486070027,-10.421652473396279,-0.030860296079322287,-0.015730143865560077,True,False,False
bar1500,15:00,reclasso,2000,deck period,package,1087,0.19975519784334564,0.22217937369667576,-0.022424175853330123,-10.092825216054534,-0.03014762246509397,-0.014449330153269607,True,False,False
bar1500,15:00,reclasso,2000,deck period,calibration,1087,0.22299495732941568,0.22217937369667576,0.0008155836327399087,0.36708341515687304,-0.0009952607709734049,0.0026258624922830113,False,False,False
bar1500,15:00,reclasso,2000,deck period,as scored,1087,0.2001970397437721,0.21552605726843754,-0.015329017524665405,-7.112373194658836,-0.021896583571777442,-0.008666749955617782,True,False,False
bar1500,15:00,reclasticnet,500,common,coefficients,2914,0.16994938954345895,0.18029977189572832,-0.010350382352269379,-5.740651939512853,-0.01565378603660863,-0.004977221106431157,True,False,False
bar1500,15:00,reclasticnet,500,common,package,2914,0.16994938954345895,0.18138811925933027,-0.01143872971587129,-6.306217718436872,-0.016704742936192923,-0.005978879858249963,True,False,False
bar1500,15:00,reclasticnet,500,common,calibration,2914,0.18029977189572832,0.18138811925933027,-0.0010883473636019104,-0.6000102807427549,-0.0023294432809689647,0.00013154074394167308,False,False,False
bar1500,15:00,reclasticnet,500,common,as scored,2914,0.16752067574153842,0.17791453743843577,-0.01039386169689732,-5.842053070280406,-0.015507672255267226,-0.004978741989126768,True,False,False
bar1500,15:00,reclasticnet,500,deck period,coefficients,1087,0.1968326748209291,0.21005883198643172,-0.01322615716550264,-6.29640612604994,-0.02523828377678941,-0.001656532271235582,True,False,False
bar1500,15:00,reclasticnet,500,deck period,package,1087,0.1968326748209291,0.21025433510282454,-0.013421660281895424,-6.383535576249395,-0.024733758276070446,-0.00229268288878348,True,False,False
bar1500,15:00,reclasticnet,500,deck period,calibration,1087,0.21005883198643172,0.21025433510282454,-0.00019550311639278422,-0.09298410722288972,-0.002000143086549619,0.0015527040341918538,False,False,False
bar1500,15:00,reclasticnet,500,deck period,as scored,1087,0.19111771218134455,0.20437570944736894,-0.013257997266024403,-6.4870709449151125,-0.02472222936869214,-0.0018320334388887273,True,False,False
bar1500,15:00,reclasticnet,2000,common,coefficients,1414,0.22073102919231188,0.2411053762712504,-0.02037434707893851,-8.450391025713499,-0.027093236149201387,-0.013708541315718647,True,False,False
bar1500,15:00,reclasticnet,2000,common,package,1414,0.22073102919231188,0.2399390694170958,-0.019208040224783934,-8.005382479580188,-0.026052224403301964,-0.012285297082347473,True,False,False
bar1500,15:00,reclasticnet,2000,common,calibration,1414,0.2411053762712504,0.2399390694170958,0.0011663068541545737,0.48608459513824953,-0.00031043034192850373,0.0028059619097062735,False,False,False
bar1500,15:00,reclasticnet,2000,common,as scored,1414,0.21903693054343087,0.23324977896725532,-0.014212848423824401,-6.093402740510063,-0.01990088764085167,-0.008527462127656137,True,False,False
bar1500,15:00,reclasticnet,2000,deck period,coefficients,1087,0.19935437566099687,0.2231474637016399,-0.023793088040643038,-10.6624953947295,-0.030981018785475233,-0.01642747229337439,True,False,False
bar1500,15:00,reclasticnet,2000,deck period,package,1087,0.19935437566099687,0.22226210501347302,-0.022907729352476182,-10.306628451614623,-0.030013030274202677,-0.015363229909619096,True,False,False
bar1500,15:00,reclasticnet,2000,deck period,calibration,1087,0.2231474637016399,0.22226210501347302,0.0008853586881668567,0.3983399185898956,-0.0009231186846457054,0.002715696459073894,False,False,False
bar1500,15:00,reclasticnet,2000,deck period,as scored,1087,0.1995654713937449,0.21560185602094376,-0.016036384627198818,-7.437962234258795,-0.02227338159385239,-0.009704685115626218,True,False,False
bar1500,15:00,ridge,500,common,coefficients,2914,0.17561006496172263,0.17865537276059582,-0.003045307798873194,-1.7045710698854872,-0.008766173669735509,0.002673628748044865,False,False,False
bar1500,15:00,ridge,500,common,package,2914,0.17561006496172263,0.17962766742723088,-0.004017602465508241,-2.2366278664370096,-0.009704967799485533,0.0017162463134098652,False,False,False
bar1500,15:00,ridge,500,common,calibration,2914,0.17865537276059582,0.17962766742723088,-0.0009722946666350467,-0.5412833560447662,-0.0022195095196334666,0.0002381528226166026,False,False,False
bar1500,15:00,ridge,500,common,as scored,2914,0.17327712304749116,0.17626879311422247,-0.002991670066731284,-1.6972204857570432,-0.008508774472858844,0.0027147352210903164,False,False,False
bar1500,15:00,ridge,500,deck period,coefficients,1087,0.20414281002469242,0.20917869277013768,-0.005035882745445248,-2.407454927055635,-0.017968594955103237,0.00756417326473061,False,False,False
bar1500,15:00,ridge,500,deck period,package,1087,0.20414281002469242,0.20921561152123003,-0.005072801496537644,-2.4246763707797614,-0.01749855826169247,0.007001045333754833,False,False,False
bar1500,15:00,ridge,500,deck period,calibration,1087,0.20917869277013768,0.20921561152123003,-3.6918751092393855e-05,-0.017646269713791195,-0.0018540101666280932,0.0017126920901963617,False,False,False
bar1500,15:00,ridge,500,deck period,as scored,1087,0.19849611176711407,0.2036340776728077,-0.0051379659056936255,-2.523136581269631,-0.01759878406022315,0.007627142064224041,False,False,False
bar1500,15:00,ridge,2000,common,coefficients,1414,0.22259688246849352,0.2389543603641044,-0.01635747789561087,-6.845440221591403,-0.023230018083481734,-0.009459400743904247,True,False,False
bar1500,15:00,ridge,2000,common,package,1414,0.22259688246849352,0.2377583506975761,-0.015161468229082552,-6.376839418930711,-0.022167743406758197,-0.007969509273829736,True,False,False
bar1500,15:00,ridge,2000,common,calibration,1414,0.2389543603641044,0.2377583506975761,0.0011960096665283187,0.5030358189393815,-0.00027216392598277013,0.0028276389264163637,False,False,False
bar1500,15:00,ridge,2000,common,as scored,1414,0.220794423785468,0.23129548455016416,-0.010501060764696122,-4.540106256340952,-0.016454142189006864,-0.004316692152582116,True,False,False
bar1500,15:00,ridge,2000,deck period,coefficients,1087,0.20286913468854198,0.22108509583910407,-0.01821596115056212,-8.239343806250464,-0.026050490961125307,-0.010088894165614763,True,False,False
bar1500,15:00,ridge,2000,deck period,package,1087,0.20286913468854198,0.22019544123906215,-0.017326306550520146,-7.868603660921978,-0.025129547067449583,-0.008783299501319298,True,False,False
bar1500,15:00,ridge,2000,deck period,calibration,1087,0.22108509583910407,0.22019544123906215,0.000889654600041974,0.40402952714906226,-0.000918387622727085,0.0026567848885385875,False,False,False
bar1500,15:00,ridge,2000,deck period,as scored,1087,0.20265179366223585,0.21375193867310283,-0.011100145010866962,-5.193003197899759,-0.01774799521470239,-0.003985638858137627,True,False,False
bar1530,15:30,reclasso,500,common,coefficients,2912,0.13187485648288452,0.13059894434208566,0.0012759121407988475,0.976969719951774,-0.0020669562407855586,0.004884454694608684,False,False,False
bar1530,15:30,reclasso,500,common,package,2912,0.13187485648288452,2.0135403399934173,-1.8816654835105329,-93.45059774251577,-3.0738046814156927,-0.7901364840434167,True,False,True
bar1530,15:30,reclasso,500,common,calibration,2912,0.13059894434208566,2.0135403399934173,-1.8829413956513321,-93.51396434687213,-3.074529147374528,-0.7932066495961494,True,False,True
bar1530,15:30,reclasso,500,common,as scored,2912,0.13079776456623218,24.213855840821562,-24.08305807625533,-99.4598226510223,-24.145060204782034,-24.022545873409307,True,False,True
bar1530,15:30,reclasso,500,deck period,coefficients,1087,0.1374639918888663,0.1313984425785868,0.006065549310279477,4.616150078530644,-4.881772477839309e-06,0.012856415744433327,False,False,False
bar1530,15:30,reclasso,500,deck period,package,1087,0.1374639918888663,0.13556480647989608,0.0018991854089701855,1.4009428097784582,-0.002979314449940494,0.007210436315193807,False,False,False
bar1530,15:30,reclasso,500,deck period,calibration,1087,0.1313984425785868,0.13556480647989608,-0.004166363901309292,-3.0733374018625947,-0.007754958903599167,-0.0005686107073933169,True,False,False
bar1530,15:30,reclasso,500,deck period,as scored,1087,0.13711805627244963,24.214534866897136,-24.077416810624687,-99.43373656761874,-24.183845756753897,-23.970428425236175,True,False,True
bar1530,15:30,reclasso,2000,common,coefficients,1412,0.13817733138296295,0.14195695158545057,-0.0037796202024876218,-2.662511529217004,-0.007972811378889737,0.0001838972370813837,False,False,False
bar1530,15:30,reclasso,2000,common,package,1412,0.13817733138296295,0.14771786328692452,-0.009540531903961548,-6.458617591448768,-0.014128862374189524,-0.005079089084694458,True,False,False
bar1530,15:30,reclasso,2000,common,calibration,1412,0.14195695158545057,0.14771786328692452,-0.005760911701473928,-3.8999424804053904,-0.008908104105808846,-0.0025981913131330704,True,False,False
bar1530,15:30,reclasso,2000,common,as scored,1412,0.13880825985357562,0.14343218521648243,-0.004623925362906813,-3.2237711193815497,-0.009001036836464917,-0.0003147940617735137,True,False,False
bar1530,15:30,reclasso,2000,deck period,coefficients,1087,0.1319459900964326,0.13584978512757764,-0.003903795031145061,-2.8736114874815413,-0.008225444548805087,0.0006999709270930727,False,False,False
bar1530,15:30,reclasso,2000,deck period,package,1087,0.1319459900964326,0.14296118665559254,-0.01101519655915998,-7.705025970228315,-0.015504610565664234,-0.006534653180090779,True,False,False
bar1530,15:30,reclasso,2000,deck period,calibration,1087,0.13584978512757764,0.14296118665559254,-0.00711140152801492,-4.974358211748046,-0.01077415162933526,-0.003506524092866128,True,False,False
bar1530,15:30,reclasso,2000,deck period,as scored,1087,0.1330752305035138,0.13845730720828325,-0.005382076704769421,-3.8871741862443474,-0.009642093394750936,-0.000909870745014189,True,False,False
bar1530,15:30,reclasticnet,500,common,coefficients,2912,0.13193653276581682,0.1307378584140406,0.0011986743517762065,0.9168532866586063,-0.002384843838864355,0.004983430033643456,False,False,False
bar1530,15:30,reclasticnet,500,common,package,2912,0.13193653276581682,0.1344908730096756,-0.002554340243858752,-1.8992666094709538,-0.006144822211593856,0.001113834569204943,False,False,False
bar1530,15:30,reclasticnet,500,common,calibration,2912,0.1307378584140406,0.1344908730096756,-0.0037530145956349587,-2.7905347862266887,-0.005625093069221006,-0.001952551531846064,True,False,False
bar1530,15:30,reclasticnet,500,common,as scored,2912,0.13091402005252184,0.1323287373312623,-0.0014147172787404806,-1.0690930082699863,-0.004793392892125406,0.0021322474513621173,False,False,False
bar1530,15:30,reclasticnet,500,deck period,coefficients,1087,0.1370638751848315,0.13259868424517596,0.004465190939655535,3.3674473959329516,-0.0015046147807869993,0.01096206027836712,False,False,False
bar1530,15:30,reclasticnet,500,deck period,package,1087,0.1370638751848315,0.13688702437346623,0.0001768508113652411,0.12919472256387315,-0.0042547014561714015,0.004941209830121735,False,False,False
bar1530,15:30,reclasticnet,500,deck period,calibration,1087,0.13259868424517596,0.13688702437346623,-0.004288340128290294,-3.132758673013812,-0.00800132252017401,-0.0005661560144048141,True,False,False
bar1530,15:30,reclasticnet,500,deck period,as scored,1087,0.13722658602720406,0.13339396622923053,0.003832619797973534,2.873158289174323,-0.001081701470379367,0.009421886744755076,False,False,False
bar1530,15:30,reclasticnet,2000,common,coefficients,1412,0.1374611225717493,0.1419800479250184,-0.004518925353269099,-3.182789004026541,-0.008909859472656332,-0.0004477685983545592,True,False,False
bar1530,15:30,reclasticnet,2000,common,package,1412,0.1374611225717493,0.14776594256054398,-0.010304819988794676,-6.97374497142499,-0.014842295039795707,-0.005936548948967314,True,False,False
bar1530,15:30,reclasticnet,2000,common,calibration,1412,0.1419800479250184,0.14776594256054398,-0.005785894635525576,-3.9155806373684032,-0.009027727910633795,-0.0025941414018071985,True,False,False
bar1530,15:30,reclasticnet,2000,common,as scored,1412,0.13803399136941322,0.14346584989736905,-0.0054318585279558105,-3.7861682984777154,-0.009911506206751564,-0.0011997091582224458,True,False,False
bar1530,15:30,reclasticnet,2000,deck period,coefficients,1087,0.13182157004914966,0.13571790924209878,-0.0038963391929491354,-2.8709101213743993,-0.008472708858638838,0.000728724386095746,False,False,False
bar1530,15:30,reclasticnet,2000,deck period,package,1087,0.13182157004914966,0.14282601605277098,-0.011004446003621325,-7.70479098118611,-0.015427438925449616,-0.006514820917641171,True,False,False
bar1530,15:30,reclasticnet,2000,deck period,calibration,1087,0.13571790924209878,0.14282601605277098,-0.0071081068106721886,-4.976759141728006,-0.010755225463849126,-0.0035124918536953626,True,False,False
bar1530,15:30,reclasticnet,2000,deck period,as scored,1087,0.13292011116592897,0.13828967799959369,-0.005369566833664757,-3.8828399279955903,-0.009666041450311634,-0.0008432881203505722,True,False,False
bar1530,15:30,ridge,500,common,coefficients,2912,0.13588322984486814,0.13063593411419147,0.0052472957306766614,4.01673227680976,0.0008203489676508465,0.009766208105277436,False,True,False
bar1530,15:30,ridge,500,common,package,2912,0.13588322984486814,0.1340519361817071,0.0018312936631610121,1.36610758137704,-0.0024456684710034344,0.006050446497795281,False,False,False
bar1530,15:30,ridge,500,common,calibration,2912,0.13063593411419147,0.1340519361817071,-0.0034160020675156498,-2.5482676079256823,-0.005261226065378629,-0.0016034825747816863,True,False,False
bar1530,15:30,ridge,500,common,as scored,2912,0.1349414126435842,0.1320390333334165,0.0029023793101677162,2.1981222043930106,-0.0010391082891035022,0.006949958479007582,False,False,False
bar1530,15:30,ridge,500,deck period,coefficients,1087,0.14167890249989085,0.1332039746518639,0.008474927848026956,6.362368593111923,0.0005467150590396577,0.016153527649645567,False,True,False
bar1530,15:30,ridge,500,deck period,package,1087,0.14167890249989085,0.1372611570853088,0.004417745414582056,3.2184964110687155,-0.0013394006889699912,0.010146844727217719,False,False,False
bar1530,15:30,ridge,500,deck period,calibration,1087,0.1332039746518639,0.1372611570853088,-0.004057182433444901,-2.9558124961188637,-0.007589588564777736,-0.000405811721129182,True,False,False
bar1530,15:30,ridge,500,deck period,as scored,1087,0.14211955603306012,0.13405716737706128,0.008062388655998821,6.014142185566118,0.0014126052426272318,0.014960567318697247,False,True,False
bar1530,15:30,ridge,2000,common,coefficients,1412,0.1380898172126501,0.14146498577856628,-0.0033751685659162253,-2.385868522405497,-0.0088423278843643,0.0015685065411725806,False,False,False
bar1530,15:30,ridge,2000,common,package,1412,0.1380898172126501,0.1467283567934674,-0.008638539580817336,-5.8874370091779955,-0.014059425974751634,-0.004075223105511878,True,False,False
bar1530,15:30,ridge,2000,common,calibration,1412,0.14146498577856628,0.1467283567934674,-0.005263371014901111,-3.5871532469417287,-0.008334048939865196,-0.002151346677604563,True,False,False
bar1530,15:30,ridge,2000,common,as scored,1412,0.13852694230883006,0.14270732584281973,-0.004180383533989637,-2.9293405291568444,-0.00933246553139185,0.0003492809232911843,False,False,False
bar1530,15:30,ridge,2000,deck period,coefficients,1087,0.13442754623184222,0.13473032056628917,-0.0003027743344469416,-0.22472620355562242,-0.00582033621188667,0.005094613012314437,False,False,False
bar1530,15:30,ridge,2000,deck period,package,1087,0.13442754623184222,0.14141166587475848,-0.006984119642916265,-4.938856776570162,-0.012286680660811265,-0.0020167007378667254,True,False,False
bar1530,15:30,ridge,2000,deck period,calibration,1087,0.13473032056628917,0.14141166587475848,-0.006681345308469322,-4.724748320542853,-0.010257784593523755,-0.00317569752296644,True,False,False
bar1530,15:30,ridge,2000,deck period,as scored,1087,0.1356165853820036,0.13710850316798362,-0.0014919177859799976,-1.0881292928653146,-0.006590582394362639,0.0035127965184711535,False,False,False
bar1600,16:00,reclasso,500,common,coefficients,2906,0.12536022262062646,2.6100036368765966,-2.4846434142559706,-95.19693302915681,-3.896532441358198,-1.1992365280515795,True,False,True
bar1600,16:00,reclasso,500,common,package,2906,0.12536022262062646,2.013229716894378,-1.8878694942737515,-93.77317841234691,-3.1159571605411998,-0.7983766260794593,True,False,True
bar1600,16:00,reclasso,500,common,calibration,2906,2.6100036368765966,2.013229716894378,0.5967739199822192,29.642614301501904,0.10258923421745152,1.2603008480968863,False,True,True
bar1600,16:00,reclasso,500,common,as scored,2906,0.12368527099666081,24.14282318741657,-24.019137916419908,-99.48769342327319,-24.076112639323124,-23.957314010355027,True,False,True
bar1600,16:00,reclasso,500,deck period,coefficients,1087,0.11481815302318203,0.11556951271550825,-0.0007513596923262118,-0.6501365928363796,-0.007615734874200538,0.006105218770546966,False,False,False
bar1600,16:00,reclasso,500,deck period,package,1087,0.11481815302318203,0.11775805673781937,-0.0029399037146373495,-2.4965626947996036,-0.008536991897394977,0.0025829215982289063,False,False,False
bar1600,16:00,reclasso,500,deck period,calibration,1087,0.11556951271550825,0.11775805673781937,-0.0021885440223111375,-1.858508948719991,-0.006388690167550998,0.0013877786518590527,False,False,False
bar1600,16:00,reclasso,500,deck period,as scored,1087,0.11275732011218088,24.12186318895216,-24.009105868839985,-99.53255136541931,-24.1083964385363,-23.907156158937166,True,False,True
bar1600,16:00,reclasso,2000,common,coefficients,1406,0.11671739284117764,0.12880875992844265,-0.012091367087264998,-9.387068933807091,-0.017398397929967946,-0.00759914297453367,True,False,False
bar1600,16:00,reclasso,2000,common,package,1406,0.11671739284117764,0.13383747846446206,-0.01712008562328441,-12.791697676693989,-0.023448708082866553,-0.011290138341558204,True,False,False
bar1600,16:00,reclasso,2000,common,calibration,1406,0.12880875992844265,0.13383747846446206,-0.005028718536019416,-3.7573320968944395,-0.008327659417168554,-0.0019994994397440026,True,False,False
bar1600,16:00,reclasso,2000,common,as scored,1406,0.11535892761230397,0.12947424284429285,-0.014115315231988905,-10.902025701717475,-0.01975262763194783,-0.009131905786864231,True,False,False
bar1600,16:00,reclasso,2000,deck period,coefficients,1087,0.10421190296016426,0.1162295689424245,-0.012017665982260225,-10.339594383433786,-0.016347711224494303,-0.007953731850448205,True,False,False
bar1600,16:00,reclasso,2000,deck period,package,1087,0.10421190296016426,0.12227123146769842,-0.018059328507534143,-14.769891732304218,-0.023987404812112437,-0.01245258191381122,True,False,False
bar1600,16:00,reclasso,2000,deck period,calibration,1087,0.1162295689424245,0.12227123146769842,-0.006041662525273916,-4.941197085162262,-0.01008317392337207,-0.0026845944615908053,True,False,False
bar1600,16:00,reclasso,2000,deck period,as scored,1087,0.10289237710383767,0.11718108134544755,-0.01428870424160988,-12.193695498923633,-0.018688637238394812,-0.009901530814141244,True,False,False
bar1600,16:00,reclasticnet,500,common,coefficients,2906,0.12349618890193673,0.12926474726141773,-0.00576855835948102,-4.462592069139324,-0.009200483086112677,-0.002499508709175267,True,False,False
bar1600,16:00,reclasticnet,500,common,package,2906,0.12349618890193673,0.13081263208025407,-0.007316443178317363,-5.59307083877702,-0.010432996424473054,-0.004086178420806156,True,False,False
bar1600,16:00,reclasticnet,500,common,calibration,2906,0.12926474726141773,0.13081263208025407,-0.0015478848188363445,-1.183283903259978,-0.003249329988108367,0.00011218989545120457,False,False,False
bar1600,16:00,reclasticnet,500,common,as scored,2906,0.12196616403644349,0.128675072802101,-0.006708908765657524,-5.213837163298641,-0.010044495678292874,-0.003421855952081907,True,False,False
bar1600,16:00,reclasticnet,500,deck period,coefficients,1087,0.11146333763774104,0.11597426382205618,-0.004510926184315159,-3.889592428227394,-0.009097612000363055,-0.00018307515450071798,True,False,False
bar1600,16:00,reclasticnet,500,deck period,package,1087,0.11146333763774104,0.11819723209513375,-0.006733894457392703,-5.69716763923268,-0.010644415226884089,-0.0029250183655232078,True,False,False
bar1600,16:00,reclasticnet,500,deck period,calibration,1087,0.11597426382205618,0.11819723209513375,-0.002222968273077545,-1.8807278594208856,-0.006326215455287718,0.0013055115189478167,False,False,False
bar1600,16:00,reclasticnet,500,deck period,as scored,1087,0.10980565951978266,0.1137753748870039,-0.00396971536722122,-3.4890813334289126,-0.007679231186886636,-0.0004132241866717138,True,False,False
bar1600,16:00,reclasticnet,2000,common,coefficients,1406,0.11554699603159203,0.12908991203944215,-0.01354291600785008,-10.491072302932686,-0.019252646828888578,-0.008389332855486133,True,False,False
bar1600,16:00,reclasticnet,2000,common,package,1406,0.11554699603159203,0.13417828902956058,-0.01863129299796854,-13.885475163469934,-0.025056964795439663,-0.012403350121977654,True,False,False
bar1600,16:00,reclasticnet,2000,common,calibration,1406,0.12908991203944215,0.13417828902956058,-0.0050883769901184555,-3.792250614402635,-0.00836196675200014,-0.0020678555510369005,True,False,False
bar1600,16:00,reclasticnet,2000,common,as scored,1406,0.11434353414326948,0.12979398516811383,-0.015450451024844372,-11.903826671807936,-0.021447961800411332,-0.010080257117667902,True,False,False
bar1600,16:00,reclasticnet,2000,deck period,coefficients,1087,0.10387012053579095,0.11612911609561401,-0.012258995559823046,-10.556349666632867,-0.016888284943838202,-0.007771709665754795,True,False,False
bar1600,16:00,reclasticnet,2000,deck period,package,1087,0.10387012053579095,0.12225734109830416,-0.018387220562513205,-15.039768080452925,-0.02452127528454488,-0.01249388611627896,True,False,False
bar1600,16:00,reclasticnet,2000,deck period,calibration,1087,0.11612911609561401,0.12225734109830416,-0.00612822500269016,-5.012561984120531,-0.010068138226123211,-0.0028609120967400606,True,False,False
bar1600,16:00,reclasticnet,2000,deck period,as scored,1087,0.10267513971997133,0.11714316832350428,-0.014468028603532947,-12.35072331625676,-0.019162259559781656,-0.009708107590278355,True,False,False
bar1600,16:00,ridge,500,common,coefficients,2906,0.12550236804311146,0.12863758171666365,-0.0031352136735521715,-2.43724550144123,-0.007345627908522837,0.0011172523069946062,False,False,False
bar1600,16:00,ridge,500,common,package,2906,0.12550236804311146,0.13027689387732327,-0.004774525834211783,-3.6649061027719694,-0.008522742796492294,-0.001049293654623117,True,False,False
bar1600,16:00,ridge,500,common,calibration,2906,0.12863758171666365,0.13027689387732327,-0.001639312160659612,-1.2583291724803394,-0.0033266002905126563,-5.509148857237283e-06,True,False,False
bar1600,16:00,ridge,500,common,as scored,2906,0.12449444203519071,0.12817759645275195,-0.0036831544175612526,-2.873477518295418,-0.007692682833586155,0.00031803692474673774,False,False,False
bar1600,16:00,ridge,500,deck period,coefficients,1087,0.11452024752951792,0.11399498960583321,0.0005252579236847096,0.46077281598158215,-0.004819492804080911,0.005618429574942579,False,False,False
bar1600,16:00,ridge,500,deck period,package,1087,0.11452024752951792,0.11690888711433012,-0.002388639584812204,-2.0431633931099293,-0.006723711896759739,0.0017733053328678344,False,False,False
bar1600,16:00,ridge,500,deck period,calibration,1087,0.11399498960583321,0.11690888711433012,-0.0029138975084969138,-2.492451669347678,-0.0069170160883075165,0.000464512571204139,False,False,False
bar1600,16:00,ridge,500,deck period,as scored,1087,0.11344926240282874,0.11258202787776252,0.0008672345250662218,0.7703134695777852,-0.00345027306090704,0.004933252736468524,False,False,False
bar1600,16:00,ridge,2000,common,coefficients,1406,0.11557788082331488,0.1287582577862551,-0.013180376962940202,-10.23652943861687,-0.0185687966311495,-0.008451951306232457,True,False,False
bar1600,16:00,ridge,2000,common,package,1406,0.11557788082331488,0.13383383997457607,-0.018255959151261193,-13.64076466365249,-0.024257927167931816,-0.012539083839942768,True,False,False
bar1600,16:00,ridge,2000,common,calibration,1406,0.1287582577862551,0.13383383997457607,-0.00507558218832099,-3.7924505411226193,-0.008318129691989577,-0.002072194175784496,True,False,False
bar1600,16:00,ridge,2000,common,as scored,1406,0.11439878901474124,0.12954316494465842,-0.015144375929917214,-11.690602075676457,-0.020687597234916054,-0.01016048770037614,True,False,False
bar1600,16:00,ridge,2000,deck period,coefficients,1087,0.105125254109443,0.11595125141999053,-0.010825997310547524,-9.336680008165114,-0.015131808428448997,-0.006734533356978629,True,False,False
bar1600,16:00,ridge,2000,deck period,package,1087,0.105125254109443,0.12203335571846045,-0.016908101609017467,-13.855311533041547,-0.022649968928500092,-0.011356151388070715,True,False,False
bar1600,16:00,ridge,2000,deck period,calibration,1087,0.11595125141999053,0.12203335571846045,-0.006082104298469941,-4.98396873761448,-0.010015347992625072,-0.002856491922776382,True,False,False
bar1600,16:00,ridge,2000,deck period,as scored,1087,0.10396825326750499,0.11706215098873804,-0.013093897721233061,-11.185423820285653,-0.01747055407886983,-0.008895289618960942,True,False,False
rth,09:30,reclasticnet,500,common,coefficients,5796,0.1592684711347845,0.16290874757019336,-0.003640276435408828,-2.234549396336328,-0.00641910044822787,-0.0007808416044105495,True,False,False
rth,09:30,reclasticnet,500,common,package,5796,0.1592684711347845,0.16160108979715257,-0.002332618662368036,-1.4434424082758488,-0.005134411274264635,0.0005472824727811585,False,False,False
rth,09:30,reclasticnet,500,common,calibration,5796,0.16290874757019336,0.16160108979715257,0.0013076577730407916,0.8091887094834632,0.0005999048936024641,0.002009693794555474,False,True,False
rth,09:30,reclasticnet,500,common,as scored,5796,0.15744263959269544,0.16063670179014825,-0.003194062197452748,-1.9883763559995091,-0.005961026126552917,-0.00042329597018212725,True,False,False
rth,09:30,reclasticnet,500,deck period,coefficients,1118,0.1694449740363552,0.17685067467408694,-0.007405700637731772,-4.187544464492164,-0.016317667319634962,0.0012958683569058117,False,False,False
rth,09:30,reclasticnet,500,deck period,package,1118,0.1694449740363552,0.1760862911177354,-0.006641317081380266,-3.771626422036299,-0.01566649712507685,0.002246720144119133,False,False,False
rth,09:30,reclasticnet,500,deck period,calibration,1118,0.17685067467408694,0.1760862911177354,0.0007643835563515051,0.43409600571371026,-0.0005115333197516283,0.0020821899554298606,False,False,False
rth,09:30,reclasticnet,500,deck period,as scored,1118,0.16569955796285957,0.17350098522740431,-0.007801427264544735,-4.496474330863054,-0.017087083814432896,0.0015676286276645778,False,False,False
rth,10:00,reclasticnet,500,common,coefficients,5792,0.10948770792411187,0.10798418739481493,0.001503520529296938,1.3923524967592917,0.00039853786778699235,0.0027308894453947283,False,True,False
rth,10:00,reclasticnet,500,common,package,5792,0.10948770792411187,0.10842900001947987,0.0010587079046320098,0.9764065927397717,-0.0004461737868742348,0.002632781556219712,False,False,False
rth,10:00,reclasticnet,500,common,calibration,5792,0.10798418739481493,0.10842900001947987,-0.0004448126246649285,-0.41023400066865456,-0.001514331333903091,0.0005508426201642544,False,False,False
rth,10:00,reclasticnet,500,common,as scored,5792,0.10832941713359077,0.10712173703110636,0.0012076801024844342,1.1273903280094721,-1.0515909905995388e-05,0.002501165496537911,False,False,False
rth,10:00,reclasticnet,500,deck period,coefficients,1116,0.12139983549259692,0.11631682279739616,0.005083012695200761,4.369972092561789,0.001940628958854741,0.008720040744723611,False,True,False
rth,10:00,reclasticnet,500,deck period,package,1116,0.12139983549259692,0.12025518598288372,0.0011446495097132221,0.9518504340229814,-0.0029410297068999777,0.005214061453234198,False,False,False
rth,10:00,reclasticnet,500,deck period,calibration,1116,0.11631682279739616,0.12025518598288372,-0.003938363185487538,-3.2750048601214563,-0.007920786332037815,-0.0007376364701348959,True,False,False
rth,10:00,reclasticnet,500,deck period,as scored,1116,0.1198643864396649,0.11636934765160528,0.003495038788059642,3.003401547393163,0.0001950436319051292,0.007167054345514492,False,True,False
rth,10:30,reclasticnet,500,common,coefficients,5792,0.14187812022053992,0.1437741042634216,-0.001895984042881697,-1.3187242950287434,-0.003012113407452337,-0.0008107947785530523,True,False,False
rth,10:30,reclasticnet,500,common,package,5792,0.14187812022053992,0.14553706410259407,-0.0036589438820541498,-2.514097631840941,-0.005102700429137082,-0.002225114196469716,True,False,False
rth,10:30,reclasticnet,500,common,calibration,5792,0.1437741042634216,0.14553706410259407,-0.001762959839172453,-1.2113476728716213,-0.0025833682019500816,-0.0009205612064972982,True,False,False
rth,10:30,reclasticnet,500,common,as scored,5792,0.14096580465361364,0.14417685811988862,-0.003211053466274992,-2.2271628804706487,-0.004453637492710221,-0.0019485756454035226,True,False,False
rth,10:30,reclasticnet,500,deck period,coefficients,1116,0.16147885768081766,0.16203220747480157,-0.0005533497939839445,-0.3415060515484236,-0.0033989418071727505,0.002197260548247717,False,False,False
rth,10:30,reclasticnet,500,deck period,package,1116,0.16147885768081766,0.1630865921946104,-0.0016077345137927887,-0.9858164869091673,-0.005438108379213694,0.0020254524721432677,False,False,False
rth,10:30,reclasticnet,500,deck period,calibration,1116,0.16203220747480157,0.1630865921946104,-0.001054384719808844,-0.6465183345977651,-0.0030957515031617955,0.0010460335826829792,False,False,False
rth,10:30,reclasticnet,500,deck period,as scored,1116,0.15715961551483415,0.1588124606939841,-0.0016528451791499497,-1.040752830053316,-0.004941741179667283,0.0015280120298094833,False,False,False
rth,11:00,reclasticnet,500,common,coefficients,5792,0.11640902175012065,0.1183634369804486,-0.001954415230327953,-1.6511984445422834,-0.003012660051819318,-0.0008865458507160607,True,False,False
rth,11:00,reclasticnet,500,common,package,5792,0.11640902175012065,0.12221213274116323,-0.0058031109910425755,-4.748391882934537,-0.007251760891345972,-0.004356194392058627,True,False,False
rth,11:00,reclasticnet,500,common,calibration,5792,0.1183634369804486,0.12221213274116323,-0.0038486957607146224,-3.149192861944314,-0.004901711859525184,-0.0028366333161617616,True,False,False
rth,11:00,reclasticnet,500,common,as scored,5792,0.1165450818649657,0.12046237428009339,-0.003917292415127682,-3.2518804635374194,-0.005038324479001092,-0.0027142890527940633,True,False,False
rth,11:00,reclasticnet,500,deck period,coefficients,1116,0.14833620714837145,0.1477558897873946,0.0005803173609768281,0.3927541310277679,-0.002739011739442796,0.004433781510870479,False,False,False
rth,11:00,reclasticnet,500,deck period,package,1116,0.14833620714837145,0.15220967802817192,-0.0038734708798005345,-2.544825618173641,-0.007521429275162985,0.00021261000164769659,False,False,False
rth,11:00,reclasticnet,500,deck period,calibration,1116,0.1477558897873946,0.15220967802817192,-0.0044537882407773635,-2.9260874199819464,-0.007840800828248564,-0.001716145233132212,True,False,False
rth,11:00,reclasticnet,500,deck period,as scored,1116,0.1448809175103837,0.14693816486270614,-0.0020572473523224515,-1.4000769332083813,-0.0055401656436206365,0.0017332957099293752,False,False,False
rth,11:30,reclasticnet,500,common,coefficients,5794,0.12114691545105022,0.1229980874826368,-0.0018511720315865822,-1.5050413136284786,-0.002924957282502818,-0.0006801864892910019,True,False,False
rth,11:30,reclasticnet,500,common,package,5794,0.12114691545105022,0.12706294670987364,-0.005916031258823436,-4.655984621804557,-0.0075080280720142105,-0.004270312246213111,True,False,False
rth,11:30,reclasticnet,500,common,calibration,5794,0.1229980874826368,0.12706294670987364,-0.004064859227236854,-3.199090948613257,-0.005254136778169319,-0.0028083840845297384,True,False,False
rth,11:30,reclasticnet,500,common,as scored,5794,0.12120993391104018,0.12541057376114767,-0.0042006398501075164,-3.3495101123673185,-0.0054662315372316275,-0.0029123801401315136,True,False,False
rth,11:30,reclasticnet,500,deck period,coefficients,1116,0.1390798716914197,0.14090210352107502,-0.0018222318296553265,-1.2932609124481749,-0.004479496966617388,0.0010930000108087838,False,False,False
rth,11:30,reclasticnet,500,deck period,package,1116,0.1390798716914197,0.14877862285112314,-0.009698751159703473,-6.51891446085546,-0.013895646645640428,-0.0056879807757572575,True,False,False
rth,11:30,reclasticnet,500,deck period,calibration,1116,0.14090210352107502,0.14877862285112314,-0.007876519330048149,-5.294120337388704,-0.012714454434816159,-0.003642087620482676,True,False,False
rth,11:30,reclasticnet,500,deck period,as scored,1116,0.13842641204294379,0.14347575100342,-0.005049338960476198,-3.519297808279699,-0.007925182746406563,-0.002150225813482962,True,False,False
rth,12:00,reclasticnet,500,common,coefficients,5734,0.12497049357452096,0.12581073260364017,-0.0008402390291192095,-0.6678595790124969,-0.0018850571036902952,0.00031616877037256264,False,False,False
rth,12:00,reclasticnet,500,common,package,5734,0.12497049357452096,0.13063201025585572,-0.005661516681334764,-4.333942859982115,-0.0071321974616749455,-0.004154523145987034,True,False,False
rth,12:00,reclasticnet,500,common,calibration,5734,0.12581073260364017,0.13063201025585572,-0.004821277652215555,-3.690732189432441,-0.005819601854663942,-0.003897787935921225,True,False,False
rth,12:00,reclasticnet,500,common,as scored,5734,0.12554661988496013,0.12894399662070802,-0.0033973767357478785,-2.6347692213553353,-0.0045849021069706355,-0.0021439784088238692,True,False,False
rth,12:00,reclasticnet,500,deck period,coefficients,1116,0.13638164195389146,0.13538156292340048,0.0010000790304910132,0.7387113938526936,-0.0023936036331601877,0.0047578751945527055,False,False,False
rth,12:00,reclasticnet,500,deck period,package,1116,0.13638164195389146,0.1430827237857778,-0.006701081831886328,-4.68336194236778,-0.010586667480602373,-0.0028372396398168853,True,False,False
rth,12:00,reclasticnet,500,deck period,calibration,1116,0.13538156292340048,0.1430827237857778,-0.007701160862377343,-5.382313572606749,-0.010689664634471494,-0.004951374355165493,True,False,False
rth,12:00,reclasticnet,500,deck period,as scored,1116,0.13516865673693598,0.1378243965067216,-0.0026557397697855975,-1.9269010691123027,-0.00620629328492223,0.0010144474494870339,False,False,False
rth,12:30,reclasticnet,500,common,coefficients,5734,0.14137444441164682,0.1433072995429338,-0.001932855131287022,-1.348748554645643,-0.0033913598856485927,-0.0003660862556546462,True,False,False
rth,12:30,reclasticnet,500,common,package,5734,0.14137444441164682,0.14658909649798063,-0.0052146520863338135,-3.557326029637988,-0.006769133360346544,-0.003617492064642409,True,False,False
rth,12:30,reclasticnet,500,common,calibration,5734,0.1433072995429338,0.14658909649798063,-0.0032817969550467917,-2.238772892015199,-0.0041786479382047385,-0.002431337744595883,True,False,False
rth,12:30,reclasticnet,500,common,as scored,5734,0.1406740631524927,0.1448919692821752,-0.004217906129682551,-2.9110696407667938,-0.005712962602404553,-0.0026090532753759743,True,False,False
rth,12:30,reclasticnet,500,deck period,coefficients,1116,0.14763777968589992,0.14796123785406842,-0.0003234581681685017,-0.21861007170507915,-0.00398846548489988,0.0039386071126730786,False,False,False
rth,12:30,reclasticnet,500,deck period,package,1116,0.14763777968589992,0.15412979196030985,-0.0064920122744099185,-4.212042455803537,-0.010697514961662324,-0.0024658834821576527,True,False,False
rth,12:30,reclasticnet,500,deck period,calibration,1116,0.14796123785406842,0.15412979196030985,-0.006168554106241416,-4.002181556067946,-0.009363684696815781,-0.0036028378302444333,True,False,False
rth,12:30,reclasticnet,500,deck period,as scored,1116,0.14504665133049777,0.1490335929658693,-0.003986941635371563,-2.6751966157620757,-0.007989577534876917,0.0002334127643180559,False,False,False
rth,13:00,reclasticnet,500,common,coefficients,5734,0.1422808918723757,0.1435034198202341,-0.0012225279478583766,-0.8519155497407869,-0.0026429455364158686,0.00026029669046789985,False,False,False
rth,13:00,reclasticnet,500,common,package,5734,0.1422808918723757,0.14613267171525468,-0.0038517798428789793,-2.635810183765288,-0.005600994943069225,-0.002060809095455885,True,False,False
rth,13:00,reclasticnet,500,common,calibration,5734,0.1435034198202341,0.14613267171525468,-0.0026292518950206023,-1.7992224901928873,-0.003484577685784746,-0.0017781282345602873,True,False,False
rth,13:00,reclasticnet,500,common,as scored,5734,0.14095138839385735,0.14432951347027778,-0.0033781250764204187,-2.340564306770206,-0.005022742346716279,-0.0016908273956437873,True,False,False
rth,13:00,reclasticnet,500,deck period,coefficients,1116,0.16677876678201356,0.16686444684877333,-8.568006675973609e-05,-0.051347107414311345,-0.004836551198242543,0.005085830618049376,False,False,False
rth,13:00,reclasticnet,500,deck period,package,1116,0.16677876678201356,0.16992177036841283,-0.0031430035863992136,-1.8496768127973047,-0.008862107167359743,0.002825766611896159,False,False,False
rth,13:00,reclasticnet,500,deck period,calibration,1116,0.16686444684877333,0.16992177036841283,-0.0030573235196394775,-1.799253570046261,-0.005613473494560408,-0.00019982462032368703,True,False,False
rth,13:00,reclasticnet,500,deck period,as scored,1116,0.16235880731941912,0.16568630783657054,-0.0033275005171514403,-2.008313517634551,-0.009029501523858105,0.002394293194310998,False,False,False
rth,13:30,reclasticnet,500,common,coefficients,5673,0.14868423362134592,0.14898514558223225,-0.00030091196088631806,-0.20197447182425976,-0.0018263147827954915,0.0013087766667576374,False,False,False
rth,13:30,reclasticnet,500,common,package,5673,0.14868423362134592,0.15239015319710672,-0.003705919575760777,-2.4318628848462485,-0.005363409394652055,-0.0020259942253164263,True,False,False
rth,13:30,reclasticnet,500,common,calibration,5673,0.14898514558223225,0.15239015319710672,-0.0034050076148744598,-2.234401333313383,-0.004328865808162064,-0.0024700226876103216,True,False,False
rth,13:30,reclasticnet,500,common,as scored,5673,0.1477836712235547,0.15037231235968748,-0.002588641136132785,-1.7214878826501046,-0.004232142101854897,-0.0008265352839374741,True,False,False
rth,13:30,reclasticnet,500,deck period,coefficients,1088,0.1803119194149579,0.17377270807553746,0.006539211339420447,3.7630830593823226,0.0019372118110051173,0.01223047404890173,False,True,False
rth,13:30,reclasticnet,500,deck period,package,1088,0.1803119194149579,0.17744033604541887,0.0028715833695390344,1.6183374274065867,-0.0019178280960763577,0.008052588550790756,False,False,False
rth,13:30,reclasticnet,500,deck period,calibration,1088,0.17377270807553746,0.17744033604541887,-0.0036676279698814127,-2.066964057677743,-0.006585373053608015,-0.0008945845976153728,True,False,False
rth,13:30,reclasticnet,500,deck period,as scored,1088,0.17741054546519128,0.17231452432175404,0.0050960211434372465,2.957395009791344,-9.889290632510557e-05,0.011272116952066534,False,False,False
rth,14:00,reclasticnet,500,common,coefficients,5665,0.140277686533959,0.1413391924544923,-0.0010615059205333044,-0.751034374895755,-0.0024333631631806617,0.0005559076481393935,False,False,False
rth,14:00,reclasticnet,500,common,package,5665,0.140277686533959,0.14320056883588242,-0.002922882301923405,-2.04111081798371,-0.004854182619031991,-0.0005931466331338742,True,False,False
rth,14:00,reclasticnet,500,common,calibration,5665,0.1413391924544923,0.14320056883588242,-0.0018613763813901012,-1.2998386783807856,-0.002974629570042068,-0.0005629017092972779,True,False,False
rth,14:00,reclasticnet,500,common,as scored,5665,0.13798133060743153,0.14132278007081514,-0.0033414494633836086,-2.3644096597231163,-0.004798859121336393,-0.0016010540425751062,True,False,False
rth,14:00,reclasticnet,500,deck period,coefficients,1088,0.18575032587456133,0.181321548507152,0.0044287773674093174,2.442499197625499,-0.0004894877951513597,0.010172959211731062,False,False,False
rth,14:00,reclasticnet,500,deck period,package,1088,0.18575032587456133,0.1776874676828445,0.00806285819171682,4.53766283962596,0.00039913941694277286,0.01738639268473656,False,True,False
rth,14:00,reclasticnet,500,deck period,calibration,1088,0.181321548507152,0.1776874676828445,0.003634080824307501,2.045209418367082,-0.000523298020734224,0.008602718104454331,False,False,False
rth,14:00,reclasticnet,500,deck period,as scored,1088,0.17313211696145311,0.1722840271417001,0.0008480898197530143,0.4922625932440491,-0.004344601065389051,0.007216823700105151,False,False,False
rth,14:30,reclasticnet,500,common,coefficients,5660,0.2650371043338372,0.26578802528414575,-0.000750920950308481,-0.28252625358335637,-0.0025876558247894875,0.0011978817238776807,False,False,False
rth,14:30,reclasticnet,500,common,package,5660,0.2650371043338372,0.2633571226812125,0.0016799816526247777,0.6379100878385414,-0.0007265968563931144,0.004084624256502209,False,False,False
rth,14:30,reclasticnet,500,common,calibration,5660,0.26578802528414575,0.2633571226812125,0.0024309026029332584,0.9230441835726646,0.0005690963195789833,0.004195741021285983,False,True,False
rth,14:30,reclasticnet,500,common,as scored,5660,0.2609073120047797,0.2626618727712599,-0.0017545607664802123,-0.6679921786776333,-0.004103466482302301,0.0006869489112708215,False,False,False
rth,14:30,reclasticnet,500,deck period,coefficients,1087,0.34394090873293254,0.345405319719765,-0.001464410986832557,-0.42396885723145955,-0.006835274994682026,0.004325056477500782,False,False,False
rth,14:30,reclasticnet,500,deck period,package,1087,0.34394090873293254,0.3451821157105145,-0.0012412069775820178,-0.35958032617858765,-0.010415629373063121,0.007197559160651152,False,False,False
rth,14:30,reclasticnet,500,deck period,calibration,1087,0.345405319719765,0.3451821157105145,0.00022320400925053845,0.06466268068121105,-0.007718303911394349,0.007116053768628815,False,False,False
rth,14:30,reclasticnet,500,deck period,as scored,1087,0.3415165338507464,0.3438523193959115,-0.002335785545165091,-0.6792990517756747,-0.00840078259679729,0.004127635242958562,False,False,False
rth,15:00,reclasticnet,500,common,coefficients,5658,0.15523995255432088,0.15850611315914495,-0.0032661606048240994,-2.0605896767809675,-0.004962200758226785,-0.0015339939526705895,True,False,False
rth,15:00,reclasticnet,500,common,package,5658,0.15523995255432088,0.1601166133482093,-0.0048766607938884755,-3.045693193174832,-0.006644244737636834,-0.0030555979417148695,True,False,False
rth,15:00,reclasticnet,500,common,calibration,5658,0.15850611315914495,0.1601166133482093,-0.0016105001890643754,-1.0058295359782456,-0.00236032078884607,-0.0008758268345175696,True,False,False
rth,15:00,reclasticnet,500,common,as scored,5658,0.15209348599863642,0.15797593431163318,-0.005882448312996749,-3.7236357161798237,-0.00768485820496196,-0.0041093017820736455,True,False,False
rth,15:00,reclasticnet,500,deck period,coefficients,1087,0.2087156408011674,0.21005883198643172,-0.001343191185264329,-0.6394357107303583,-0.006556508037036781,0.00497176706755082,False,False,False
rth,15:00,reclasticnet,500,deck period,package,1087,0.2087156408011674,0.21025433510282454,-0.0015386943016571142,-0.7318252443663614,-0.006709961001991128,0.004579160026370788,False,False,False
rth,15:00,reclasticnet,500,deck period,calibration,1087,0.21005883198643172,0.21025433510282454,-0.00019550311639278422,-0.09298410722288972,-0.002000143086549619,0.0015527040341918538,False,False,False
rth,15:00,reclasticnet,500,deck period,as scored,1087,0.1982886279119025,0.20437570944736894,-0.006087081535466452,-2.978378180032204,-0.011553638996888441,0.00024877470044293624,False,False,False
rth,15:30,reclasticnet,500,common,coefficients,5656,0.1205331512984186,0.12305619304012179,-0.0025230417417031817,-2.0503167531605317,-0.003978827068187026,-0.0010044719229370524,True,False,False
rth,15:30,reclasticnet,500,common,package,5656,0.1205331512984186,0.12642480791006613,-0.005891656611647556,-4.6602061011938885,-0.007727727451262991,-0.0039779413318117764,True,False,False
rth,15:30,reclasticnet,500,common,calibration,5656,0.12305619304012179,0.12642480791006613,-0.0033686148699443733,-2.664520457362039,-0.004402589398824205,-0.0023100980580872247,True,False,False
rth,15:30,reclasticnet,500,common,as scored,5656,0.12012962720571893,0.1249910880004683,-0.0048614607947493815,-3.8894459377225097,-0.006448161410899098,-0.00325833454213825,True,False,False
rth,15:30,reclasticnet,500,deck period,coefficients,1087,0.132947735100467,0.13259868424517596,0.00034905085529104415,0.26323855118022627,-0.0034772856762325267,0.004550549411723487,False,False,False
rth,15:30,reclasticnet,500,deck period,package,1087,0.132947735100467,0.13688702437346623,-0.003939289272999249,-2.8777667503764,-0.00886115133927606,0.001332917995384594,False,False,False
rth,15:30,reclasticnet,500,deck period,calibration,1087,0.13259868424517596,0.13688702437346623,-0.004288340128290294,-3.132758673013812,-0.00800132252017401,-0.0005661560144048141,True,False,False
rth,15:30,reclasticnet,500,deck period,as scored,1087,0.1327913603945068,0.13339396622923053,-0.0006026058347237066,-0.45174894469226595,-0.004755856709518901,0.004106433369454791,False,False,False
rth,16:00,reclasticnet,500,common,coefficients,5650,0.11292811257534703,0.1185150331498523,-0.005586920574505262,-4.714102866124224,-0.007705954501525486,-0.003356059496235593,True,False,False
rth,16:00,reclasticnet,500,common,package,5650,0.11292811257534703,0.11861529971486853,-0.005687187139521515,-4.794648880197215,-0.007958479538161194,-0.0033902749457651437,True,False,False
rth,16:00,reclasticnet,500,common,calibration,5650,0.1185150331498523,0.11861529971486853,-0.00010026656501625203,-0.0845308870417865,-0.0013172318674655843,0.0010702210562985393,False,False,False
rth,16:00,reclasticnet,500,common,as scored,5650,0.11209572767905611,0.11754433407154788,-0.005448606392491759,-4.635362848859439,-0.0074721334033181356,-0.0033196612885865234,True,False,False
rth,16:00,reclasticnet,500,deck period,coefficients,1087,0.11356388188495221,0.11597426382205618,-0.0024103819371039756,-2.078376579136832,-0.007217583088046718,0.002500296516711626,False,False,False
rth,16:00,reclasticnet,500,deck period,package,1087,0.11356388188495221,0.11819723209513375,-0.004633350210181521,-3.9200158312102125,-0.009782028346835649,0.0009390407872134669,False,False,False
rth,16:00,reclasticnet,500,deck period,calibration,1087,0.11597426382205618,0.11819723209513375,-0.002222968273077545,-1.8807278594208856,-0.006326215455287718,0.0013055115189478167,False,False,False
rth,16:00,reclasticnet,500,deck period,as scored,1087,0.11144147636643706,0.1137753748870039,-0.0023338985205668345,-2.051321318769327,-0.006229744485098818,0.0018776243721260178,False,False,False
rth,09:30,reclasticnet,2000,common,coefficients,4157,0.16164072850347194,0.16179252030737057,-0.00015179180389866562,-0.09381880176555396,-0.0032739519003225654,0.002799827713925284,False,False,False
rth,09:30,reclasticnet,2000,common,package,4157,0.16164072850347194,0.16118178758329157,0.00045894092018033104,0.2847349735113037,-0.002583893249780449,0.003429015020735933,False,False,False
rth,09:30,reclasticnet,2000,common,calibration,4157,0.16179252030737057,0.16118178758329157,0.0006107327240789964,0.37890926340756514,-4.818604066535176e-05,0.001274712333140244,False,False,False
rth,09:30,reclasticnet,2000,common,as scored,4157,0.15813025685993717,0.15941677549822858,-0.0012865186382913815,-0.8070158452713636,-0.004170445510075003,0.0013942266117616849,False,False,False
rth,09:30,reclasticnet,2000,deck period,coefficients,1118,0.16810264262566763,0.1759207364790695,-0.007818093853401884,-4.444100229384872,-0.014947792298198643,-0.0013222535981589048,True,False,False
rth,09:30,reclasticnet,2000,deck period,package,1118,0.16810264262566763,0.17533078915482458,-0.00722814652915697,-4.122576852588171,-0.01435261792814821,-0.0007140585963485524,True,False,False
rth,09:30,reclasticnet,2000,deck period,calibration,1118,0.1759207364790695,0.17533078915482458,0.0005899473242449131,0.3364767403881154,-0.0007110167585071966,0.0018219838468511486,False,False,False
rth,09:30,reclasticnet,2000,deck period,as scored,1118,0.16234042033679152,0.17197177823366747,-0.009631357896875919,-5.600545621962033,-0.01662118795376344,-0.003410522213840648,True,False,False
rth,10:00,reclasticnet,2000,common,coefficients,4153,0.1106267105418196,0.11103159385931588,-0.0004048833174962812,-0.36465595370025417,-0.0013750895417928954,0.0006033157817083506,False,False,False
rth,10:00,reclasticnet,2000,common,package,4153,0.1106267105418196,0.11278315383472874,-0.0021564432929091315,-1.9120260602653132,-0.0038188524938151587,-0.0005748438333650178,True,False,False
rth,10:00,reclasticnet,2000,common,calibration,4153,0.11103159385931588,0.11278315383472874,-0.0017515599754128503,-1.553033335084394,-0.003151768236806482,-0.00046694939797673927,True,False,False
rth,10:00,reclasticnet,2000,common,as scored,4153,0.10998467670561546,0.11081810889331137,-0.0008334321876959133,-0.7520721983248143,-0.0017979273311807425,0.00016956513594856409,False,False,False
rth,10:00,reclasticnet,2000,deck period,coefficients,1116,0.11929828560057058,0.11919119789031198,0.00010708771025862425,0.08984531756881393,-0.001887851786418667,0.0020452625780134994,False,False,False
rth,10:00,reclasticnet,2000,deck period,package,1116,0.11929828560057058,0.1254520220238763,-0.006153736423305741,-4.905250887175457,-0.011088459781495053,-0.002194343722304804,True,False,False
rth,10:00,reclasticnet,2000,deck period,calibration,1116,0.11919119789031198,0.1254520220238763,-0.006260824133564364,-4.990612373208932,-0.010118311618167146,-0.0031275777931577325,True,False,False
rth,10:00,reclasticnet,2000,deck period,as scored,1116,0.11894118841635234,0.12082637707213889,-0.0018851886557865272,-1.560245950816669,-0.00438283640053759,0.00039571654373870944,False,False,False
rth,10:30,reclasticnet,2000,common,coefficients,4153,0.14560321762924702,0.1458775244409881,-0.00027430681174106677,-0.18803911897478917,-0.0013403887400087802,0.000777953889496691,False,False,False
rth,10:30,reclasticnet,2000,common,package,4153,0.14560321762924702,0.14867616970457004,-0.0030729520753230138,-2.0668760040221543,-0.004465543191302675,-0.0016485578474764973,True,False,False
rth,10:30,reclasticnet,2000,common,calibration,4153,0.1458775244409881,0.14867616970457004,-0.0027986452635819473,-1.882376489213471,-0.0037509715122034065,-0.0019033439153741504,True,False,False
rth,10:30,reclasticnet,2000,common,as scored,4153,0.144693627213545,0.14656636183277538,-0.0018727346192303667,-1.277738354020863,-0.0030048770111442014,-0.0007210306946309309,True,False,False
rth,10:30,reclasticnet,2000,deck period,coefficients,1116,0.16140769024350993,0.1643220351242886,-0.0029143448807786732,-1.7735569539254694,-0.005522163043244066,-0.0002791471358847306,True,False,False
rth,10:30,reclasticnet,2000,deck period,package,1116,0.16140769024350993,0.16634841534726125,-0.004940725103751325,-2.970106504133085,-0.008196082597451216,-0.0018954347103897708,True,False,False
rth,10:30,reclasticnet,2000,deck period,calibration,1116,0.1643220351242886,0.16634841534726125,-0.0020263802229726516,-1.2181542088889,-0.003855546659005866,-0.00033647587263186974,True,False,False
rth,10:30,reclasticnet,2000,deck period,as scored,1116,0.15705530572788912,0.16132844673224503,-0.004273141004355919,-2.648721345125204,-0.007065789838740336,-0.0014941494501333763,True,False,False
rth,11:00,reclasticnet,2000,common,coefficients,4153,0.12272456755578778,0.12428386597296069,-0.0015592984171729114,-1.25462658001977,-0.0025971251559985574,-0.0005467272083369287,True,False,False
rth,11:00,reclasticnet,2000,common,package,4153,0.12272456755578778,0.1292360945417914,-0.006511526986003628,-5.038473972066664,-0.008259896860828134,-0.004870915106187486,True,False,False
rth,11:00,reclasticnet,2000,common,calibration,4153,0.12428386597296069,0.1292360945417914,-0.004952228568830717,-3.8319237256347933,-0.006347520201456721,-0.0036953781438270193,True,False,False
rth,11:00,reclasticnet,2000,common,as scored,4153,0.12345470953561646,0.12694288063392084,-0.003488171098304369,-2.7478272754528015,-0.004586600428652093,-0.0024051429589426907,True,False,False
rth,11:00,reclasticnet,2000,deck period,coefficients,1116,0.1500916820341802,0.1538353428648395,-0.003743660830659289,-2.4335505488803624,-0.006190039470783362,-0.0015438188124592715,True,False,False
rth,11:00,reclasticnet,2000,deck period,package,1116,0.1500916820341802,0.15969700484872285,-0.009605322814542691,-6.0147169470345325,-0.013398416420112092,-0.006303588554574066,True,False,False
rth,11:00,reclasticnet,2000,deck period,calibration,1116,0.1538353428648395,0.15969700484872285,-0.005861661983883404,-3.6704896184095728,-0.009302740660723948,-0.0031059645186782155,True,False,False
rth,11:00,reclasticnet,2000,deck period,as scored,1116,0.14807317700156583,0.15387052169681095,-0.00579734469524514,-3.767677285626109,-0.008327299923018077,-0.003536297443552436,True,False,False
rth,11:30,reclasticnet,2000,common,coefficients,4153,0.12800441295487788,0.12953958475555527,-0.0015351718006773687,-1.1850985963667244,-0.0026538961612609714,-0.0002968871174082997,True,False,False
rth,11:30,reclasticnet,2000,common,package,4153,0.12800441295487788,0.13478207416972512,-0.006777661214847216,-5.028607295590663,-0.00871600511196871,-0.004906455343810413,True,False,False
rth,11:30,reclasticnet,2000,common,calibration,4153,0.12953958475555527,0.13478207416972512,-0.005242489414169848,-3.889604345729398,-0.006836990705985878,-0.0038073083740553593,True,False,False
rth,11:30,reclasticnet,2000,common,as scored,4153,0.12867195356921257,0.13246654229185723,-0.0037945887226446587,-2.8645638792958166,-0.005042351930500267,-0.002498984937545273,True,False,False
rth,11:30,reclasticnet,2000,deck period,coefficients,1116,0.14410631911878746,0.14887442265234282,-0.004768103533555358,-3.202768782311259,-0.007014303345154426,-0.0023896062062171474,True,False,False
rth,11:30,reclasticnet,2000,deck period,package,1116,0.14410631911878746,0.15858678836376713,-0.014480469244979683,-9.130942996187244,-0.019120701518911234,-0.010229695257004347,True,False,False
rth,11:30,reclasticnet,2000,deck period,calibration,1116,0.14887442265234282,0.15858678836376713,-0.009712365711424325,-6.1243220898994775,-0.01457633546513671,-0.005746314807082355,True,False,False
rth,11:30,reclasticnet,2000,deck period,as scored,1116,0.14506463796312774,0.15239964241220838,-0.007335004449080672,-4.813006338453903,-0.009773189857598685,-0.00489919732075417,True,False,False
rth,12:00,reclasticnet,2000,common,coefficients,4115,0.13119368277179969,0.13172568773483098,-0.0005320049630312963,-0.4038733615133924,-0.0019792856417270056,0.0012591977505743755,False,False,False
rth,12:00,reclasticnet,2000,common,package,4115,0.13119368277179969,0.137653881895692,-0.006460199123892313,-4.693074423275302,-0.008334945783118252,-0.004399449325015242,True,False,False
rth,12:00,reclasticnet,2000,common,calibration,4115,0.13172568773483098,0.137653881895692,-0.0059281941608610176,-4.3065942487209625,-0.007185917917242834,-0.004822658116104017,True,False,False
rth,12:00,reclasticnet,2000,common,as scored,4115,0.1323488743997329,0.13545658227561466,-0.0031077078758817733,-2.2942464837614858,-0.004536127179779796,-0.001349167283399605,True,False,False
rth,12:00,reclasticnet,2000,deck period,coefficients,1116,0.1390432743595726,0.1443992191270829,-0.005355944767510325,-3.70912308244317,-0.008047561622694963,-0.0026633358812844445,True,False,False
rth,12:00,reclasticnet,2000,deck period,package,1116,0.1390432743595726,0.1534932179192662,-0.014449943559693637,-9.414059953641708,-0.017369753047349376,-0.011639268163790985,True,False,False
rth,12:00,reclasticnet,2000,deck period,calibration,1116,0.1443992191270829,0.1534932179192662,-0.009093998792183313,-5.924690950818778,-0.01225668598767959,-0.006363894062339925,True,False,False
rth,12:00,reclasticnet,2000,deck period,as scored,1116,0.13891896911664292,0.14732025091165535,-0.008401281795012405,-5.702733835316684,-0.01087322010951224,-0.006026398416167825,True,False,False
rth,12:30,reclasticnet,2000,common,coefficients,4115,0.14048876025862078,0.142460801091556,-0.001972040832935217,-1.3842690886371158,-0.003238128866584365,-0.0005877968501151784,True,False,False
rth,12:30,reclasticnet,2000,common,package,4115,0.14048876025862078,0.14689298878327656,-0.006404228524655755,-4.359791830571605,-0.008008497558043538,-0.004887672696363367,True,False,False
rth,12:30,reclasticnet,2000,common,calibration,4115,0.142460801091556,0.14689298878327656,-0.004432187691720538,-3.017290156890819,-0.005721422697554639,-0.003320101866674246,True,False,False
rth,12:30,reclasticnet,2000,common,as scored,4115,0.14035418146430934,0.14461413419024716,-0.00425995272593781,-2.945737461826261,-0.005550013798779051,-0.002819852079113266,True,False,False
rth,12:30,reclasticnet,2000,deck period,coefficients,1116,0.15530045119042454,0.15810176822286684,-0.0028013170324423043,-1.771844213970745,-0.005879728929526407,0.00045895157354890464,False,False,False
rth,12:30,reclasticnet,2000,deck period,package,1116,0.15530045119042454,0.16529784990569552,-0.009997398715270965,-6.0481117697384486,-0.013269625265991727,-0.0068013192408402185,True,False,False
rth,12:30,reclasticnet,2000,deck period,calibration,1116,0.15810176822286684,0.16529784990569552,-0.007196081682828661,-4.353403076285696,-0.010475160620991764,-0.00450668137645944,True,False,False
rth,12:30,reclasticnet,2000,deck period,as scored,1116,0.15355539519426276,0.15947637238789716,-0.005920977193634398,-3.712761398430046,-0.008973804424799812,-0.0027506919524086025,True,False,False
rth,13:00,reclasticnet,2000,common,coefficients,4115,0.1552408217691941,0.15527780559108267,-3.698382188857544e-05,-0.02381784167273121,-0.0015441434213860068,0.001497135140889299,False,False,False
rth,13:00,reclasticnet,2000,common,package,4115,0.1552408217691941,0.15860229086039038,-0.00336146909119628,-2.1194328738638535,-0.0051980514894088056,-0.0013887001711752347,True,False,False
rth,13:00,reclasticnet,2000,common,calibration,4115,0.15527780559108267,0.15860229086039038,-0.003324485269307704,-2.096114281371939,-0.004341945049710288,-0.002296236474919189,True,False,False
rth,13:00,reclasticnet,2000,common,as scored,4115,0.15364382476765187,0.1560489305274458,-0.0024051057597939273,-1.541251036879691,-0.004069798100508099,-0.0006653490212806845,True,False,False
rth,13:00,reclasticnet,2000,deck period,coefficients,1116,0.17335194160276102,0.17332917125271355,2.2770350047469818e-05,0.013137055859034078,-0.0037157676146753102,0.004314587379297897,False,False,False
rth,13:00,reclasticnet,2000,deck period,package,1116,0.17335194160276102,0.17762384494131292,-0.00427190333855194,-2.405028074898041,-0.008690719719773603,0.0009816348554343667,False,False,False
rth,13:00,reclasticnet,2000,deck period,calibration,1116,0.17332917125271355,0.17762384494131292,-0.004294673688599411,-2.4178474967808374,-0.006728529673978935,-0.0017600595494401676,True,False,False
rth,13:00,reclasticnet,2000,deck period,as scored,1116,0.168780855838565,0.17202786319559565,-0.0032470073570306603,-1.8874892105930614,-0.007230006564957317,0.0011702463437308266,False,False,False
rth,13:30,reclasticnet,2000,common,coefficients,4054,0.15674999599083259,0.15618317647645416,0.0005668195143784205,0.3629196992698333,-0.001090195316254713,0.00224151242031237,False,False,False
rth,13:30,reclasticnet,2000,common,package,4054,0.15674999599083259,0.16046022916469063,-0.0037102331738580255,-2.312244718315823,-0.005566909730249837,-0.0017175229428751688,True,False,False
rth,13:30,reclasticnet,2000,common,calibration,4054,0.15618317647645416,0.16046022916469063,-0.004277052688236446,-2.6654908262948025,-0.005458503013952673,-0.0031864840693448136,True,False,False
rth,13:30,reclasticnet,2000,common,as scored,4054,0.15565492661692643,0.15772430009424962,-0.0020693734773232215,-1.3120194390380227,-0.003854432362646411,-0.00029769596973528323,True,False,False
rth,13:30,reclasticnet,2000,deck period,coefficients,1088,0.1747540115726419,0.17361596950958996,0.0011380420630519746,0.6554938847311007,-0.0018276235084118536,0.004181290185195832,False,False,False
rth,13:30,reclasticnet,2000,deck period,package,1088,0.1747540115726419,0.1791832748796671,-0.004429263307025199,-2.4719178226872622,-0.007889121348712587,-0.0009457217115395689,True,False,False
rth,13:30,reclasticnet,2000,deck period,calibration,1088,0.17361596950958996,0.1791832748796671,-0.005567305370077173,-3.1070452160314463,-0.008517681414388863,-0.0029202918649133855,True,False,False
rth,13:30,reclasticnet,2000,deck period,as scored,1088,0.17158809851285253,0.17300507049256925,-0.001416971979716726,-0.8190349425496095,-0.0046726238754529305,0.001621150880535968,False,False,False
rth,14:00,reclasticnet,2000,common,coefficients,4049,0.15155189768395444,0.1512290978068465,0.0003227998771079188,0.21345090448149512,-0.0012457406164588438,0.001972720021969398,False,False,False
rth,14:00,reclasticnet,2000,common,package,4049,0.15155189768395444,0.15333915461043787,-0.0017872569264834467,-1.1655580931198033,-0.004093079321092218,0.0006469745341522801,False,False,False
rth,14:00,reclasticnet,2000,common,calibration,4049,0.1512290978068465,0.15333915461043787,-0.0021100568035913652,-1.3760717599832997,-0.003620175089672869,-0.0004247622384773514,True,False,False
rth,14:00,reclasticnet,2000,common,as scored,4049,0.14875989937382023,0.15089460870102642,-0.0021347093272061765,-1.414702185573616,-0.0038811875106884892,-0.0002655346896686431,True,False,False
rth,14:00,reclasticnet,2000,deck period,coefficients,1088,0.1911190599866637,0.18973317468566442,0.0013858853009992725,0.7304391039127989,-0.0025028783132855126,0.006398643484489489,False,False,False
rth,14:00,reclasticnet,2000,deck period,package,1088,0.1911190599866637,0.1873140264608671,0.003805033525796638,2.031366042196296,-0.002935722748215839,0.011826219749430872,False,False,False
rth,14:00,reclasticnet,2000,deck period,calibration,1088,0.18973317468566442,0.1873140264608671,0.0024191482247973638,1.2914933657158678,-0.0017378080972961375,0.00736114225885542,False,False,False
rth,14:00,reclasticnet,2000,deck period,as scored,1088,0.17934014814206617,0.18121478015760584,-0.0018746320155396715,-1.0344807492574664,-0.006204206699115907,0.004215625918268071,False,False,False
rth,14:30,reclasticnet,2000,common,coefficients,4046,0.27944698323668327,0.2813913266218208,-0.0019443433851375714,-0.6909748813085111,-0.00400397132725293,1.8659651941629637e-05,False,False,False
rth,14:30,reclasticnet,2000,common,package,4046,0.27944698323668327,0.2766215968671792,0.0028253863695040515,1.0213903764212129,0.00023548259963629664,0.005420698735570874,False,True,False
rth,14:30,reclasticnet,2000,common,calibration,4046,0.2813913266218208,0.2766215968671792,0.004769729754641623,1.724279596625937,0.0028587400180303856,0.006763614263764532,False,True,False
rth,14:30,reclasticnet,2000,common,as scored,4046,0.2716348563120847,0.2752839527667989,-0.003649096454714181,-1.3255754351236875,-0.006055871783285657,-0.0014442449459485742,True,False,False
rth,14:30,reclasticnet,2000,deck period,coefficients,1087,0.34265731909950464,0.34254981118773453,0.0001075079117700771,0.0313846069268908,-0.0034382553239282587,0.004030238810362178,False,False,False
rth,14:30,reclasticnet,2000,deck period,package,1087,0.34265731909950464,0.3388004807917337,0.0038568383077709346,1.1383804116092142,-0.001640385626230153,0.009313078088210334,False,False,False
rth,14:30,reclasticnet,2000,deck period,calibration,1087,0.34254981118773453,0.3388004807917337,0.0037493303960008575,1.106648487404489,-0.002159694106504722,0.009195247454910753,False,False,False
rth,14:30,reclasticnet,2000,deck period,as scored,1087,0.3351511637947941,0.3361037848747919,-0.0009526210799978048,-0.2834306315094556,-0.0057444352450329245,0.004255051082073995,False,False,False
rth,15:00,reclasticnet,2000,common,coefficients,4044,0.17019427963990993,0.17156566441872112,-0.0013713847788111636,-0.7993352186508474,-0.0030999594262433915,0.0004779616662618243,False,False,False
rth,15:00,reclasticnet,2000,common,package,4044,0.17019427963990993,0.17318707963780872,-0.002992799997898791,-1.7280734822468986,-0.004921278993919521,-0.0010260930417558916,True,False,False
rth,15:00,reclasticnet,2000,common,calibration,4044,0.17156566441872112,0.17318707963780872,-0.0016214152190876278,-0.9362218142823019,-0.002640123045675605,-0.000623089384194879,True,False,False
rth,15:00,reclasticnet,2000,common,as scored,4044,0.16592625980432288,0.1703274326994247,-0.004401172895101832,-2.583948354853996,-0.006201047351142134,-0.0024691396899072424,True,False,False
rth,15:00,reclasticnet,2000,deck period,coefficients,1087,0.21848865091346442,0.2231474637016399,-0.0046588127881755,-2.087773130329898,-0.00842333845819679,-0.0007486866855930909,True,False,False
rth,15:00,reclasticnet,2000,deck period,package,1087,0.21848865091346442,0.22226210501347302,-0.003773454100008642,-1.6977496455276997,-0.007519743137793327,-0.00015958235814533787,True,False,False
rth,15:00,reclasticnet,2000,deck period,calibration,1087,0.2231474637016399,0.22226210501347302,0.0008853586881668567,0.3983399185898956,-0.0009231186846457054,0.002715696459073894,False,False,False
rth,15:00,reclasticnet,2000,deck period,as scored,1087,0.20668635858781587,0.21560185602094376,-0.00891549743312783,-4.135167292929877,-0.012873767961621799,-0.004779695626848383,True,False,False
rth,15:30,reclasticnet,2000,common,coefficients,4044,0.12450319929086495,0.1249573904132883,-0.0004541911224233489,-0.3634767987080571,-0.0023297505535055953,0.0015044708411738302,False,False,False
rth,15:30,reclasticnet,2000,common,package,4044,0.12450319929086495,0.12993267689469118,-0.005429477603826245,-4.178685249613359,-0.00775823021753399,-0.002859160922551179,True,False,False
rth,15:30,reclasticnet,2000,common,calibration,4044,0.1249573904132883,0.12993267689469118,-0.004975286481402897,-3.829126437097348,-0.006470127840036307,-0.0035224494954276347,True,False,False
rth,15:30,reclasticnet,2000,common,as scored,4044,0.12474181570252091,0.12798208821040732,-0.003240272507886409,-2.5318171887922944,-0.004964291999577506,-0.001368677654242886,True,False,False
rth,15:30,reclasticnet,2000,deck period,coefficients,1087,0.13306720638178363,0.13571790924209878,-0.00265070286031518,-1.9530973289507099,-0.0061003070515163425,0.0012786641781975371,False,False,False
rth,15:30,reclasticnet,2000,deck period,package,1087,0.13306720638178363,0.14282601605277098,-0.009758809670987368,-6.832655520813315,-0.014599616830876898,-0.004385199239603121,True,False,False
rth,15:30,reclasticnet,2000,deck period,calibration,1087,0.13571790924209878,0.14282601605277098,-0.0071081068106721886,-4.976759141728006,-0.010755225463849126,-0.0035124918536953626,True,False,False
rth,15:30,reclasticnet,2000,deck period,as scored,1087,0.13390348761871512,0.13828967799959369,-0.004386190380878629,-3.1717409746890266,-0.008241714980274322,-0.00013618598853595853,True,False,False
rth,16:00,reclasticnet,2000,common,coefficients,4043,0.11461617844575002,0.12119638029963824,-0.006580201853888218,-5.4293716013793025,-0.0085527308556591,-0.004641207357767757,True,False,False
rth,16:00,reclasticnet,2000,common,package,4043,0.11461617844575002,0.1240006148108992,-0.009384436365149195,-7.568056319285553,-0.011660303072451894,-0.0070851961023268425,True,False,False
rth,16:00,reclasticnet,2000,common,calibration,4043,0.12119638029963824,0.1240006148108992,-0.0028042345112609768,-2.261468231861133,-0.00413787905181293,-0.0016145167913216478,True,False,False
rth,16:00,reclasticnet,2000,common,as scored,4043,0.11451277390898726,0.12211274793308848,-0.007599974024101241,-6.22373515684508,-0.009509977293256509,-0.005763779812603853,True,False,False
rth,16:00,reclasticnet,2000,deck period,coefficients,1087,0.10996195998048275,0.11612911609561401,-0.006167156115131249,-5.310602820789206,-0.008903513953095726,-0.0032006670735751637,True,False,False
rth,16:00,reclasticnet,2000,deck period,package,1087,0.10996195998048275,0.12225734109830416,-0.012295381117821408,-10.056967546787224,-0.017456048140574727,-0.00760797781970558,True,False,False
rth,16:00,reclasticnet,2000,deck period,calibration,1087,0.11612911609561401,0.12225734109830416,-0.00612822500269016,-5.012561984120531,-0.010068138226123211,-0.0028609120967400606,True,False,False
rth,16:00,reclasticnet,2000,deck period,as scored,1087,0.10946486907536959,0.11714316832350428,-0.007678299248134689,-6.554628287780458,-0.010501098065978471,-0.0046819437125719746,True,False,False
rth,09:30,ridge,500,common,coefficients,5796,0.15804065224912417,0.16438960439273156,-0.006348952143607379,-3.862137248313797,-0.009132344990420642,-0.0033151819631589583,True,False,False
rth,09:30,ridge,500,common,package,5796,0.15804065224912417,0.1629875568971264,-0.004946904648002204,-3.0351425238704355,-0.007679161834977841,-0.0019325092352987382,True,False,False
rth,09:30,ridge,500,common,calibration,5796,0.16438960439273156,0.1629875568971264,0.0014020474956051748,0.8602175051253216,0.0006910591625519924,0.0021415510971012357,False,True,False
rth,09:30,ridge,500,common,as scored,5796,0.1558232236270522,0.1621057787855952,-0.006282555158543016,-3.875589880637424,-0.00885467735890654,-0.0034080670001503826,True,False,False
rth,09:30,ridge,500,deck period,coefficients,1118,0.1613142508443495,0.17793678182719766,-0.01662253098284815,-9.341818376254006,-0.025151823352002337,-0.008280417277210891,True,False,False
rth,09:30,ridge,500,deck period,package,1118,0.1613142508443495,0.1775183055946179,-0.016204054750268374,-9.12810354740095,-0.025270413316924933,-0.007573800415311868,True,False,False
rth,09:30,ridge,500,deck period,calibration,1118,0.17793678182719766,0.1775183055946179,0.00041847623257977454,0.23573694621410476,-0.0008733634737294978,0.0017286570071630815,False,False,False
rth,09:30,ridge,500,deck period,as scored,1118,0.15659884546458075,0.17490586133898436,-0.018307015874403615,-10.466782378963767,-0.026447062602645274,-0.010485202615202987,True,False,False
rth,10:00,ridge,500,common,coefficients,5792,0.10796526123313342,0.1074510956109909,0.0005141656221425392,0.4785112885251461,-0.0006857032147182138,0.001823438544894508,False,False,False
rth,10:00,ridge,500,common,package,5792,0.10796526123313342,0.10812587102168991,-0.00016060978855648303,-0.14853964831808375,-0.00171806064860099,0.0014457375419620712,False,False,False
rth,10:00,ridge,500,common,calibration,5792,0.1074510956109909,0.10812587102168991,-0.0006747754106990226,-0.6240647167259938,-0.001723167050850871,0.0003118216421784407,False,False,False
rth,10:00,ridge,500,common,as scored,5792,0.10693710392672968,0.10684092732543231,9.617660129737369e-05,0.09001850106038896,-0.001195369889817863,0.001471337567800547,False,False,False
rth,10:00,ridge,500,deck period,coefficients,1116,0.1195298127501013,0.11590623678520613,0.003623575964895162,3.126299382500237,4.933152074615759e-05,0.007836424935049225,False,True,False
rth,10:00,ridge,500,deck period,package,1116,0.1195298127501013,0.12018106284142169,-0.0006512500913204005,-0.5418907737400539,-0.00480717660264778,0.0034250974723518054,False,False,False
rth,10:00,ridge,500,deck period,calibration,1116,0.11590623678520613,0.12018106284142169,-0.004274826056215562,-3.5569880604702044,-0.00802631444572117,-0.0012317004456022344,True,False,False
rth,10:00,ridge,500,deck period,as scored,1116,0.11818030436254194,0.11640408534350592,0.0017762190190360246,1.525907801083133,-0.0019653476215801416,0.00576240541326406,False,False,False
rth,10:30,ridge,500,common,coefficients,5792,0.14213979562484816,0.14381815820304172,-0.001678362578193582,-1.1670032485217052,-0.0026915478211527485,-0.0006370898220218998,True,False,False
rth,10:30,ridge,500,common,package,5792,0.14213979562484816,0.14581362399310752,-0.0036738283682593623,-2.519537110217507,-0.005052091613970328,-0.002312055446491382,True,False,False
rth,10:30,ridge,500,common,calibration,5792,0.14381815820304172,0.14581362399310752,-0.0019954657900657802,-1.3685043519390918,-0.0027964844903033345,-0.0011727334497672651,True,False,False
rth,10:30,ridge,500,common,as scored,5792,0.14128209826610025,0.1444534114419663,-0.003171313175866087,-2.195388218394657,-0.00434686339337703,-0.0019515955439280673,True,False,False
rth,10:30,ridge,500,deck period,coefficients,1116,0.16090343870991156,0.16153413674946873,-0.0006306980395571996,-0.3904425728509512,-0.0036366036818390006,0.002098459258421408,False,False,False
rth,10:30,ridge,500,deck period,package,1116,0.16090343870991156,0.16275847118343525,-0.0018550324735236994,-1.1397455751676386,-0.00610202816027487,0.0021012757102194953,False,False,False
rth,10:30,ridge,500,deck period,calibration,1116,0.16153413674946873,0.16275847118343525,-0.0012243344339665,-0.752240067791388,-0.003239621153986874,0.0008446131996040315,False,False,False
rth,10:30,ridge,500,deck period,as scored,1116,0.1568488617004235,0.15847558858488514,-0.0016267268844616302,-1.026484204278754,-0.005313955400883392,0.0018347169030091142,False,False,False
rth,11:00,ridge,500,common,coefficients,5792,0.11630666126915605,0.11832870031945952,-0.0020220390503034647,-1.708832299217719,-0.0030537262953676822,-0.0009863782777648955,True,False,False
rth,11:00,ridge,500,common,package,5792,0.11630666126915605,0.12240645144494294,-0.006099790175786909,-4.983226050410036,-0.007498720346175684,-0.004678804580239332,True,False,False
rth,11:00,ridge,500,common,calibration,5792,0.11832870031945952,0.12240645144494294,-0.004077751125483445,-3.3313204307026023,-0.0050999996869323765,-0.0030788874342350613,True,False,False
rth,11:00,ridge,500,common,as scored,5792,0.11660046373989089,0.12067839046920298,-0.0040779267293121,-3.379168974210659,-0.00522395341247209,-0.0029189706449306426,True,False,False
rth,11:00,ridge,500,deck period,coefficients,1116,0.14645539859526036,0.14795840418975229,-0.0015030055944919378,-1.0158298223900668,-0.005179794797608599,0.0022706653098929935,False,False,False
rth,11:00,ridge,500,deck period,package,1116,0.14645539859526036,0.152628914999475,-0.006173516404214655,-4.044788239656876,-0.009905947674742947,-0.00272566501753239,True,False,False
rth,11:00,ridge,500,deck period,calibration,1116,0.14795840418975229,0.152628914999475,-0.004670510809722717,-3.060043249169911,-0.007966153491964096,-0.0020837591864169306,True,False,False
rth,11:00,ridge,500,deck period,as scored,1116,0.1433921460351443,0.147481665934112,-0.004089519898967713,-2.7729005317818434,-0.007896686462977342,-0.0002530528724314546,True,False,False
rth,11:30,ridge,500,common,coefficients,5794,0.1217161063153948,0.12287863056590215,-0.0011625242505073437,-0.9460752005075934,-0.0022524373489439847,-5.4485843420661834e-05,True,False,False
rth,11:30,ridge,500,common,package,5794,0.1217161063153948,0.1270596165624339,-0.005343510247039096,-4.20551422364275,-0.0069100572074786105,-0.0037494250619187802,True,False,False
rth,11:30,ridge,500,common,calibration,5794,0.12287863056590215,0.1270596165624339,-0.004180985996531751,-3.290570292628988,-0.00536630865140098,-0.0029552667214581105,True,False,False
rth,11:30,ridge,500,common,as scored,5794,0.12176996135181684,0.12546656057300715,-0.0036965992211903036,-2.9462824232272684,-0.004919177233101398,-0.0024301795105667254,True,False,False
rth,11:30,ridge,500,deck period,coefficients,1116,0.13930054119563945,0.14161538948140673,-0.002314848285767287,-1.6346022097204436,-0.005022015600207187,0.0006477560987095,False,False,False
rth,11:30,ridge,500,deck period,package,1116,0.13930054119563945,0.14945853081686428,-0.010157989621224823,-6.796527147501331,-0.01466620398419108,-0.005913809648514553,True,False,False
rth,11:30,ridge,500,deck period,calibration,1116,0.14161538948140673,0.14945853081686428,-0.007843141335457535,-5.247704023712073,-0.012550834698671728,-0.00361749289325671,True,False,False
rth,11:30,ridge,500,deck period,as scored,1116,0.13872685458249426,0.14437204084646826,-0.005645186263973993,-3.9101658679032862,-0.008625984019921783,-0.002680748727146533,True,False,False
rth,12:00,ridge,500,common,coefficients,5734,0.12569273228227637,0.1262430121373119,-0.0005502798550355485,-0.4358893579289922,-0.0016345538597284082,0.0006197230242311055,False,False,False
rth,12:00,ridge,500,common,package,5734,0.12569273228227637,0.13098647743742245,-0.0052937451551460695,-4.041444016749825,-0.006765415741599578,-0.0038303476987115964,True,False,False
rth,12:00,ridge,500,common,calibration,5734,0.1262430121373119,0.13098647743742245,-0.00474346530011052,-3.6213396931577657,-0.005714180501320991,-0.0038125665587353443,True,False,False
rth,12:00,ridge,500,common,as scored,5734,0.12624794589129726,0.12935651836173845,-0.0031085724704411864,-2.403104621097047,-0.004323809067888605,-0.0018791723238265183,True,False,False
rth,12:00,ridge,500,deck period,coefficients,1116,0.13683754940732154,0.13791683927693404,-0.001079289869612527,-0.7825656934069785,-0.004618868647380235,0.002939818298001425,False,False,False
rth,12:00,ridge,500,deck period,package,1116,0.13683754940732154,0.1451890391381553,-0.008351489730833788,-5.752148909041879,-0.012541071216174338,-0.004355280529211897,True,False,False
rth,12:00,ridge,500,deck period,calibration,1116,0.13791683927693404,0.1451890391381553,-0.007272199861221259,-5.008780211226113,-0.010226727023846345,-0.004628754905302452,True,False,False
rth,12:00,ridge,500,deck period,as scored,1116,0.13568774827794144,0.14021337095200914,-0.0045256226740676584,-3.2276684051884357,-0.008501222921840891,-0.0007036657445068084,True,False,False
rth,12:30,ridge,500,common,coefficients,5734,0.14146335211450278,0.1429564572480362,-0.0014931051335334382,-1.044447492807429,-0.0029223895459481006,1.5218203278170945e-05,False,False,False
rth,12:30,ridge,500,common,package,5734,0.14146335211450278,0.1461066199855153,-0.004643267871012545,-3.1779996494839646,-0.00612814032069516,-0.003124785355855191,True,False,False
rth,12:30,ridge,500,common,calibration,5734,0.1429564572480362,0.1461066199855153,-0.0031501627374791066,-2.1560711881442516,-0.0040333064546034265,-0.002309558419087131,True,False,False
rth,12:30,ridge,500,common,as scored,5734,0.140753623519551,0.1444668573761275,-0.0037132338565764983,-2.570301537679945,-0.005178520068484029,-0.0022128137651448083,True,False,False
rth,12:30,ridge,500,deck period,coefficients,1116,0.1462474778650063,0.14922975791224755,-0.0029822800472412117,-1.99844862644279,-0.006634525394605487,0.0012987882079114588,False,False,False
rth,12:30,ridge,500,deck period,package,1116,0.1462474778650063,0.1549971332949939,-0.008749655429987567,-5.645043391438106,-0.012770953329146077,-0.0050224604461696215,True,False,False
rth,12:30,ridge,500,deck period,calibration,1116,0.14922975791224755,0.1549971332949939,-0.005767375382746356,-3.7209561623115714,-0.008853922461437,-0.0032372408223774406,True,False,False
rth,12:30,ridge,500,deck period,as scored,1116,0.14386072892177793,0.1502416379293987,-0.006380909007620807,-4.247097605937519,-0.010274038453590975,-0.0024201752258104104,True,False,False
rth,13:00,ridge,500,common,coefficients,5734,0.14210410958028682,0.14326765647413395,-0.001163546893847134,-0.8121490380190625,-0.002550593136045041,0.00016300842192447246,False,False,False
rth,13:00,ridge,500,common,package,5734,0.14210410958028682,0.1458267685189038,-0.003722658938617025,-2.552795331355402,-0.005387382198136749,-0.002091183722173997,True,False,False
rth,13:00,ridge,500,common,calibration,5734,0.14326765647413395,0.1458267685189038,-0.002559112044769891,-1.7548986861339855,-0.003419911191411234,-0.0017110820948949689,True,False,False
rth,13:00,ridge,500,common,as scored,5734,0.1408062518721366,0.14407816403162926,-0.003271912159492659,-2.2709285487385733,-0.00490376170016674,-0.001775904274383008,True,False,False
rth,13:00,ridge,500,deck period,coefficients,1116,0.1640738218607829,0.16736772304123665,-0.0032939011804537428,-1.9680623722425739,-0.007814935394045524,0.0008743936621519365,False,False,False
rth,13:00,ridge,500,deck period,package,1116,0.1640738218607829,0.17020043843129784,-0.006126616570514957,-3.5996479368576906,-0.011897293010301978,-0.0007848686288206031,True,False,False
rth,13:00,ridge,500,deck period,calibration,1116,0.16736772304123665,0.17020043843129784,-0.0028327153900612146,-1.6643408302409588,-0.00528357791099973,-0.0001195941433296682,True,False,False
rth,13:00,ridge,500,deck period,as scored,1116,0.1598405948193731,0.16626481468799925,-0.006424219868626164,-3.8638480911799644,-0.01229386889938688,-0.0013952683193159253,True,False,False
rth,13:30,ridge,500,common,coefficients,5673,0.14771821911826566,0.14815412496316335,-0.00043590584489768485,-0.29422457525638746,-0.0018644312193465803,0.001120424927536831,False,False,False
rth,13:30,ridge,500,common,package,5673,0.14771821911826566,0.1515135545328345,-0.003795335414568831,-2.5049477759736303,-0.005375362935620315,-0.0020913882425250244,True,False,False
rth,13:30,ridge,500,common,calibration,5673,0.14815412496316335,0.1515135545328345,-0.0033594295696711463,-2.2172468859498142,-0.004252173302241047,-0.0024268906909589013,True,False,False
rth,13:30,ridge,500,common,as scored,5673,0.14682851447349296,0.14955533094527307,-0.0027268164717800998,-1.82328269714299,-0.0042683181207400795,-0.001068091294896538,True,False,False
rth,13:30,ridge,500,deck period,coefficients,1088,0.17669343985840175,0.17242352959415058,0.004269910264251197,2.476408106423575,-0.0007684007814293283,0.009815272208532283,False,False,False
rth,13:30,ridge,500,deck period,package,1088,0.17669343985840175,0.1758813245859622,0.0008121152724395719,0.4617404800375207,-0.004746414606252785,0.005912996273611063,False,False,False
rth,13:30,ridge,500,deck period,calibration,1088,0.17242352959415058,0.1758813245859622,-0.0034577949918116256,-1.9659818914552378,-0.006266208550352201,-0.0007739044468695035,True,False,False
rth,13:30,ridge,500,deck period,as scored,1088,0.17392780701275723,0.17104597252351972,0.0028818344892374784,1.6848303685380321,-0.0028998172408588145,0.008583430116752087,False,False,False
rth,14:00,ridge,500,common,coefficients,5665,0.1398878905339016,0.141310893964017,-0.0014230034301154194,-1.0070019304228368,-0.002796338788696116,0.00013013467432357133,False,False,False
rth,14:00,ridge,500,common,package,5665,0.1398878905339016,0.1430691964985726,-0.0031813059646710012,-2.223613497894175,-0.005078527695587199,-0.0008875909185341032,True,False,False
rth,14:00,ridge,500,common,calibration,5665,0.141310893964017,0.1430691964985726,-0.0017583025345555823,-1.228987495273397,-0.002926882173011629,-0.00043915066250313083,True,False,False
rth,14:00,ridge,500,common,as scored,5665,0.1377306192907443,0.14126531633181152,-0.0035346970410672193,-2.502169062337095,-0.005018770206051436,-0.00178249639634368,True,False,False
rth,14:00,ridge,500,deck period,coefficients,1088,0.1842466035230994,0.1816243326608598,0.0026222708622396225,1.4437882985294095,-0.0024010934662960287,0.008683315555414082,False,False,False
rth,14:00,ridge,500,deck period,package,1088,0.1842466035230994,0.17790017735113603,0.006346426171963413,3.567408569490606,-0.0015793707617983628,0.015959981621131922,False,False,False
rth,14:00,ridge,500,deck period,calibration,1088,0.1816243326608598,0.17790017735113603,0.003724155309723791,2.0933960635537328,-0.0005473308554691463,0.008851515501138505,False,False,False
rth,14:00,ridge,500,deck period,as scored,1088,0.17255596384403277,0.17289873866250283,-0.0003427748184700637,-0.19825177506884992,-0.005932994208039385,0.006857530548549303,False,False,False
rth,14:30,ridge,500,common,coefficients,5660,0.2627623931134689,0.26441232552756433,-0.0016499324140954823,-0.6239998119616709,-0.003415102958331096,0.00011936082830763359,False,False,False
rth,14:30,ridge,500,common,package,5660,0.2627623931134689,0.26209816772366845,0.0006642253898003765,0.2534261859093471,-0.0016675269040824028,0.002938725167269423,False,False,False
rth,14:30,ridge,500,common,calibration,5660,0.26441232552756433,0.26209816772366845,0.0023141578038958586,0.8829355138169787,0.00039553021922776523,0.0041056954116402014,False,True,False
rth,14:30,ridge,500,common,as scored,5660,0.25872932322541337,0.2614490937840104,-0.002719770558597027,-1.0402677321359919,-0.0049176597760351125,-0.0004981699812617005,True,False,False
rth,14:30,ridge,500,deck period,coefficients,1087,0.3429462174853318,0.34480574648978407,-0.0018595290044522623,-0.5392975677994846,-0.006078843918400177,0.0028665006894571863,False,False,False
rth,14:30,ridge,500,deck period,package,1087,0.3429462174853318,0.3443460836334863,-0.0013998661481545186,-0.4065288425479822,-0.01036003214684616,0.0067267646152486,False,False,False
rth,14:30,ridge,500,deck period,calibration,1087,0.34480574648978407,0.3443460836334863,0.00045966285629774317,0.1334886261657029,-0.007853461203136075,0.007582693687616191,False,False,False
rth,14:30,ridge,500,deck period,as scored,1087,0.3408396448397242,0.34318275433294887,-0.002343109493224702,-0.6827585196636848,-0.007249314497957695,0.0025361831319213593,False,False,False
rth,15:00,ridge,500,common,coefficients,5658,0.1565601494561013,0.15749870615086797,-0.0009385566947666475,-0.5959139079324273,-0.0026442141282535274,0.0008481787632827994,False,False,False
rth,15:00,ridge,500,common,package,5658,0.1565601494561013,0.1591073282795063,-0.002547178823404984,-1.6009186069231933,-0.004326660080924937,-0.00063687898279249,True,False,False
rth,15:00,ridge,500,common,calibration,5658,0.15749870615086797,0.1591073282795063,-0.0016086221286383364,-1.0110295647806022,-0.002356937186569339,-0.0008685011668734856,True,False,False
rth,15:00,ridge,500,common,as scored,5658,0.15318823592387668,0.15701335577798856,-0.0038251198541118777,-2.4361748305796764,-0.005609895057787752,-0.001979195954291009,True,False,False
rth,15:00,ridge,500,deck period,coefficients,1087,0.21443744383083033,0.20917869277013768,0.005258751060692676,2.513999390211035,9.48270942194539e-05,0.011302312735548076,False,True,False
rth,15:00,ridge,500,deck period,package,1087,0.21443744383083033,0.20921561152123003,0.005221832309600282,2.4959094933842447,0.00011470998964236434,0.011079607462633052,False,True,False
rth,15:00,ridge,500,deck period,calibration,1087,0.20917869277013768,0.20921561152123003,-3.6918751092393855e-05,-0.017646269713791195,-0.0018540101666280932,0.0017126920901963617,False,False,False
rth,15:00,ridge,500,deck period,as scored,1087,0.20327656351449883,0.2036340776728077,-0.0003575141583088681,-0.17556695931970173,-0.006205651674585465,0.005712744525063061,False,False,False
rth,15:30,ridge,500,common,coefficients,5656,0.12081370933988422,0.12292102861069691,-0.0021073192708126985,-1.7143683994760472,-0.003488335630747502,-0.0006258892084993293,True,False,False
rth,15:30,ridge,500,common,package,5656,0.12081370933988422,0.1261190871309069,-0.005305377791022674,-4.206641446362429,-0.0070468064437010985,-0.003413174778999675,True,False,False
rth,15:30,ridge,500,common,calibration,5656,0.12292102861069691,0.1261190871309069,-0.0031980585202099746,-2.535745058866871,-0.004225247706758809,-0.002156746149379451,True,False,False
rth,15:30,ridge,500,common,as scored,5656,0.12036582560500064,0.12475017250665388,-0.0043843469016532095,-3.5145016744721205,-0.005811076840734668,-0.002811696880778037,True,False,False
rth,15:30,ridge,500,deck period,coefficients,1087,0.1322786853372059,0.1332039746518639,-0.0009252893146579902,-0.6946409197445391,-0.004363600361606561,0.002594352632119763,False,False,False
rth,15:30,ridge,500,deck period,package,1087,0.1322786853372059,0.1372611570853088,-0.004982471748102891,-3.6299211327544385,-0.0093445975028623,-0.0005934989618831377,True,False,False
rth,15:30,ridge,500,deck period,calibration,1087,0.1332039746518639,0.1372611570853088,-0.004057182433444901,-2.9558124961188637,-0.007589588564777736,-0.000405811721129182,True,False,False
rth,15:30,ridge,500,deck period,as scored,1087,0.13240180048368203,0.13405716737706128,-0.0016553668933793027,-1.234821625555662,-0.005059747852725778,0.002083369813164181,False,False,False
rth,16:00,ridge,500,common,coefficients,5650,0.11321974815551065,0.11895173436751856,-0.005731986212007898,-4.8187495898950905,-0.007891419988732785,-0.003586641340057796,True,False,False
rth,16:00,ridge,500,common,package,5650,0.11321974815551065,0.11862626028122093,-0.005406512125710293,-4.557601422225875,-0.007528637426887296,-0.0032541828020973924,True,False,False
rth,16:00,ridge,500,common,calibration,5650,0.11895173436751856,0.11862626028122093,0.0003254740862976037,0.27436933907047195,-0.0009482531464597771,0.0014928965201103084,False,False,False
rth,16:00,ridge,500,common,as scored,5650,0.11242611641062769,0.11768874860475875,-0.005262632194131056,-4.471652776090663,-0.007204541128358378,-0.0032613145152944494,True,False,False
rth,16:00,ridge,500,deck period,coefficients,1087,0.11511940766444692,0.11399498960583321,0.0011244180586137283,0.986374982358164,-0.0028734260323688672,0.0051845929491530825,False,False,False
rth,16:00,ridge,500,deck period,package,1087,0.11511940766444692,0.11690888711433012,-0.0017894794498831852,-1.530661606703328,-0.005784436873992674,0.002480994131910975,False,False,False
rth,16:00,ridge,500,deck period,calibration,1087,0.11399498960583321,0.11690888711433012,-0.0029138975084969138,-2.492451669347678,-0.0069170160883075165,0.000464512571204139,False,False,False
rth,16:00,ridge,500,deck period,as scored,1087,0.11343679122590458,0.11258202787776252,0.0008547633481420748,0.7592360559272798,-0.0026189581113547815,0.004416648046552485,False,False,False
rth,09:30,ridge,2000,common,coefficients,4157,0.16138852149481994,0.16341484972694414,-0.002026328232124187,-1.23999026741453,-0.005296923665165074,0.0011921530669861589,False,False,False
rth,09:30,ridge,2000,common,package,4157,0.16138852149481994,0.16273376717758106,-0.0013452456827611062,-0.8266542992845023,-0.0045387339937595405,0.0019006034213642539,False,False,False
rth,09:30,ridge,2000,common,calibration,4157,0.16341484972694414,0.16273376717758106,0.00068108254936308,0.4185256453996163,6.311815689756089e-05,0.001316812477181983,False,True,False
rth,09:30,ridge,2000,common,as scored,4157,0.15776786422045205,0.16100384800116863,-0.0032359837807165756,-2.0098797767200494,-0.006241695048959505,-0.00023079241236795647,True,False,False
rth,09:30,ridge,2000,deck period,coefficients,1118,0.16663490047198823,0.17816652879956008,-0.011531628327571836,-6.472387605724241,-0.019100529186970912,-0.004466789505172792,True,False,False
rth,09:30,ridge,2000,deck period,package,1118,0.16663490047198823,0.17759641538621226,-0.010961514914224079,-6.172148739819148,-0.01847245210341796,-0.003878057392334347,True,False,False
rth,09:30,ridge,2000,deck period,calibration,1118,0.17816652879956008,0.17759641538621226,0.0005701134133477588,0.3210162840888171,-0.000672824386042078,0.0017496557262441019,False,False,False
rth,09:30,ridge,2000,deck period,as scored,1118,0.16051054259368228,0.17433511988715147,-0.013824577293469227,-7.929886589929779,-0.020972825737507042,-0.00707851771021896,True,False,False
rth,10:00,ridge,2000,common,coefficients,4153,0.11049046415086183,0.11051220131295374,-2.173716209189481e-05,-0.01966946801678348,-0.0010432463245353015,0.0010999777774113356,False,False,False
rth,10:00,ridge,2000,common,package,4153,0.11049046415086183,0.11241144012067658,-0.0019209759698147456,-1.7088794234399347,-0.0036300108316196923,-0.0002559601380152742,True,False,False
rth,10:00,ridge,2000,common,calibration,4153,0.11051220131295374,0.11241144012067658,-0.001899238807722851,-1.6895422794014283,-0.00328104462201492,-0.0006531566896257691,True,False,False
rth,10:00,ridge,2000,common,as scored,4153,0.10990039986320885,0.1104301702187752,-0.0005297703555663536,-0.47973335051174515,-0.0015754786324869393,0.0005919770605810577,False,False,False
rth,10:00,ridge,2000,deck period,coefficients,1116,0.11958821675493601,0.11870517041293452,0.0008830463420014931,0.743898803168959,-0.0014037525111770055,0.003208784284829232,False,False,False
rth,10:00,ridge,2000,deck period,package,1116,0.11958821675493601,0.12507767296867106,-0.0054894562137350455,-4.388837818489013,-0.010312590512218068,-0.0013410726882619997,True,False,False
rth,10:00,ridge,2000,deck period,calibration,1116,0.11870517041293452,0.12507767296867106,-0.0063725025557365405,-5.0948361961712365,-0.010174994676888588,-0.003273631220244479,True,False,False
rth,10:00,ridge,2000,deck period,as scored,1116,0.1193031541423226,0.12049546721645901,-0.001192313074136414,-0.9895086526321636,-0.0038886219704322034,0.0015020124376286367,False,False,False
rth,10:30,ridge,2000,common,coefficients,4153,0.14591061350512152,0.14592823957499484,-1.7626069873324646e-05,-0.012078587341736778,-0.0012327345012677108,0.0011771990053579468,False,False,False
rth,10:30,ridge,2000,common,package,4153,0.14591061350512152,0.14887202666209812,-0.0029614131569765884,-1.989234125023533,-0.004554498432260229,-0.001411437059288068,True,False,False
rth,10:30,ridge,2000,common,calibration,4153,0.14592823957499484,0.14887202666209812,-0.002943787087103264,-1.9773943789889532,-0.0038690079414683393,-0.0020576319928482705,True,False,False
rth,10:30,ridge,2000,common,as scored,4153,0.14502075567880418,0.14677855210792634,-0.001757796429122119,-1.1975839820450134,-0.0030752526692047126,-0.0004648975596442738,True,False,False
rth,10:30,ridge,2000,deck period,coefficients,1116,0.16175146668396057,0.16447384918207258,-0.0027223824981120045,-1.6552068986348865,-0.005588506018025402,0.00015671548172800946,False,False,False
rth,10:30,ridge,2000,deck period,package,1116,0.16175146668396057,0.1663234133006025,-0.004571946616641906,-2.748829239319937,-0.008045669876330049,-0.0013432133165353329,True,False,False
rth,10:30,ridge,2000,deck period,calibration,1116,0.16447384918207258,0.1663234133006025,-0.0018495641185299022,-1.1120287167189842,-0.003692201642521337,-0.0001742653726322398,True,False,False
rth,10:30,ridge,2000,deck period,as scored,1116,0.15744406551763226,0.16131931402962102,-0.003875248511988772,-2.4022222852232122,-0.006861217544528586,-0.0009217438766435898,True,False,False
rth,11:00,ridge,2000,common,coefficients,4153,0.12252271482266361,0.12402347451875423,-0.0015007596960905877,-1.2100610000759575,-0.0025750808290673807,-0.0004951740266978954,True,False,False
rth,11:00,ridge,2000,common,package,4153,0.12252271482266361,0.12911238368694877,-0.006589668864285136,-5.103824029972772,-0.008283561657819698,-0.004913036693021046,True,False,False
rth,11:00,ridge,2000,common,calibration,4153,0.12402347451875423,0.12911238368694877,-0.005088909168194549,-3.9414570646711393,-0.006475995881061091,-0.003836551016125268,True,False,False
rth,11:00,ridge,2000,common,as scored,4153,0.12328111367706727,0.12686018810472932,-0.003579074427662048,-2.821274728607013,-0.004707449988757037,-0.0024822720787010676,True,False,False
rth,11:00,ridge,2000,deck period,coefficients,1116,0.14985710486717282,0.1535561490683717,-0.003699044201198855,-2.4089196190716113,-0.006186684773735108,-0.001431816585310098,True,False,False
rth,11:00,ridge,2000,deck period,package,1116,0.14985710486717282,0.15924618693923054,-0.009389082072057704,-5.895954090028318,-0.01312489110101148,-0.00613176970139254,True,False,False
rth,11:00,ridge,2000,deck period,calibration,1116,0.1535561490683717,0.15924618693923054,-0.005690037870858849,-3.5731077649163474,-0.009096545225821312,-0.0029844057913846413,True,False,False
rth,11:00,ridge,2000,deck period,as scored,1116,0.14787385448487345,0.15352365524543796,-0.005649800760564512,-3.6800848387384915,-0.008249973796159608,-0.0032739004358951045,True,False,False
rth,11:30,ridge,2000,common,coefficients,4153,0.1277594372661988,0.12921410771358893,-0.0014546704473901181,-1.1257829916021904,-0.002623418705423588,-0.00024428599425694946,True,False,False
rth,11:30,ridge,2000,common,package,4153,0.1277594372661988,0.1344245386917512,-0.006665101425552396,-4.958247571774179,-0.008760559790796187,-0.004703767365317987,True,False,False
rth,11:30,ridge,2000,common,calibration,4153,0.12921410771358893,0.1344245386917512,-0.005210430978162279,-3.8761010667184173,-0.006782593410110185,-0.0037818636011572046,True,False,False
rth,11:30,ridge,2000,common,as scored,4153,0.12840223223998778,0.1321840777865253,-0.003781845546537484,-2.8610446960526446,-0.005041568327674692,-0.0025089798444952413,True,False,False
rth,11:30,ridge,2000,deck period,coefficients,1116,0.14347144636109663,0.14848043486001755,-0.00500898849892093,-3.373500692965534,-0.007222259954434681,-0.0028325184371235062,True,False,False
rth,11:30,ridge,2000,deck period,package,1116,0.14347144636109663,0.15798329636464753,-0.014511850003550908,-9.185686295629337,-0.019446528148757605,-0.010124501771206239,True,False,False
rth,11:30,ridge,2000,deck period,calibration,1116,0.14848043486001755,0.15798329636464753,-0.009502861504629978,-6.01510521890621,-0.014364291912484761,-0.005594238103282763,True,False,False
rth,11:30,ridge,2000,deck period,as scored,1116,0.14445345331137827,0.1519662131570019,-0.0075127598456236535,-4.943704057336708,-0.009990641072906334,-0.005151715587306692,True,False,False
rth,12:00,ridge,2000,common,coefficients,4115,0.13114890513163843,0.13134813239569515,-0.0001992272640567277,-0.15167879468323314,-0.0019334998939490482,0.002245326295434804,False,False,False
rth,12:00,ridge,2000,common,package,4115,0.13114890513163843,0.13711476841014555,-0.0059658632785071,-4.350999784838398,-0.008212966736801261,-0.0032275671024942706,True,False,False
rth,12:00,ridge,2000,common,calibration,4115,0.13134813239569515,0.13711476841014555,-0.005766636014450373,-4.205700145443765,-0.007014016626810089,-0.0046700552865893315,True,False,False
rth,12:00,ridge,2000,common,as scored,4115,0.1322097100383957,0.13500455310096857,-0.0027948430625728445,-2.070184299993652,-0.004506898297716158,-0.0005115034891738215,True,False,False
rth,12:00,ridge,2000,deck period,coefficients,1116,0.13828808497756306,0.14440879689422878,-0.006120711916665704,-4.238461955436674,-0.008632418035650293,-0.003715952588572559,True,False,False
rth,12:00,ridge,2000,deck period,package,1116,0.13828808497756306,0.15315512665564598,-0.014867041678082907,-9.707178599061828,-0.01799377859195784,-0.011887969747205752,True,False,False
rth,12:00,ridge,2000,deck period,calibration,1116,0.14440879689422878,0.15315512665564598,-0.008746329761417202,-5.710765256381166,-0.011871897611356987,-0.006060007310613977,True,False,False
rth,12:00,ridge,2000,deck period,as scored,1116,0.1381843020235174,0.14716294324771279,-0.008978641224195408,-6.101156327841353,-0.01126909580547317,-0.0067005752157182075,True,False,False
rth,12:30,ridge,2000,common,coefficients,4115,0.14008800831923535,0.14159013537117948,-0.0015021270519441122,-1.0608980971776572,-0.002650726863805437,-0.0004186758384637768,True,False,False
rth,12:30,ridge,2000,common,package,4115,0.14008800831923535,0.14579126480006913,-0.005703256480833776,-3.9119329190640726,-0.0071596218186889375,-0.004257649251486441,True,False,False
rth,12:30,ridge,2000,common,calibration,4115,0.14159013537117948,0.14579126480006913,-0.004201129428889664,-2.881605722160984,-0.005494593180098772,-0.0030929289514788107,True,False,False
rth,12:30,ridge,2000,common,as scored,4115,0.13991951082691403,0.14362632983705342,-0.0037068190101394237,-2.5808770678362905,-0.004903229523370413,-0.002524287560583287,True,False,False
rth,12:30,ridge,2000,deck period,coefficients,1116,0.1540536292820427,0.15755077911212564,-0.0034971498300829674,-2.2196969445604062,-0.00613722105487102,-0.0008931981472604913,True,False,False
rth,12:30,ridge,2000,deck period,package,1116,0.1540536292820427,0.16446712616907494,-0.010413496887032251,-6.33165856885406,-0.013669448070705845,-0.007438181820738407,True,False,False
rth,12:30,ridge,2000,deck period,calibration,1116,0.15755077911212564,0.16446712616907494,-0.006916347056949283,-4.205306688364678,-0.01013929412353963,-0.004297508838769395,True,False,False
rth,12:30,ridge,2000,deck period,as scored,1116,0.15235702474003923,0.15891086010595007,-0.0065538353659108225,-4.124221190132133,-0.009216410358869526,-0.0038319753041700863,True,False,False
rth,13:00,ridge,2000,common,coefficients,4115,0.1548696563030734,0.1547520658896743,0.00011759041339908531,0.07598632866259618,-0.0013438955388844567,0.001725053998581045,False,False,False
rth,13:00,ridge,2000,common,package,4115,0.1548696563030734,0.15783090225437982,-0.0029612459513064355,-1.8762142958124417,-0.004804196690388552,-0.0008690205534373392,True,False,False
rth,13:00,ridge,2000,common,calibration,4115,0.1547520658896743,0.15783090225437982,-0.003078836364705521,-1.950718345221956,-0.004096225529450062,-0.0020580646198374904,True,False,False
rth,13:00,ridge,2000,common,as scored,4115,0.15324026414238068,0.15540104032394073,-0.00216077618156001,-1.3904515549289576,-0.003735400510969008,-0.00043536964181226215,True,False,False
rth,13:00,ridge,2000,deck period,coefficients,1116,0.17111855054997802,0.17301744078442582,-0.001898890234447822,-1.097513768460937,-0.004801859072855802,0.001502867774958675,False,False,False
rth,13:00,ridge,2000,deck period,package,1116,0.17111855054997802,0.17694218993087635,-0.005823639380898355,-3.29126670308161,-0.009698350856538274,-0.0008807153987176013,True,False,False
rth,13:00,ridge,2000,deck period,calibration,1116,0.17301744078442582,0.17694218993087635,-0.003924749146450533,-2.2180968529799268,-0.00631778356627581,-0.0014051304856374427,True,False,False
rth,13:00,ridge,2000,deck period,as scored,1116,0.16673540358909283,0.17164052599868795,-0.004905122409595087,-2.857788031733591,-0.008194531948051998,-0.0010796745852636688,True,False,False
rth,13:30,ridge,2000,common,coefficients,4054,0.15543667998533317,0.15526867054570467,0.00016800943962854507,0.10820562772777141,-0.0012430733098442457,0.0014969933184563438,False,False,False
rth,13:30,ridge,2000,common,package,4054,0.15543667998533317,0.15935480607908242,-0.003918126093749238,-2.458743598737024,-0.005635473012750914,-0.0021952830966683622,True,False,False
rth,13:30,ridge,2000,common,calibration,4054,0.15526867054570467,0.15935480607908242,-0.004086135533377782,-2.564174645193927,-0.005246002564542258,-0.003008642875146204,True,False,False
rth,13:30,ridge,2000,common,as scored,4054,0.15438455770391288,0.15674074442589145,-0.002356186721978569,-1.5032381852011665,-0.003972906270804944,-0.0008399300857924269,True,False,False
rth,13:30,ridge,2000,deck period,coefficients,1088,0.17391015929474718,0.17299511705596093,0.000915042238786258,0.5289410790075987,-0.0017136555888648806,0.0034558782317826698,False,False,False
rth,13:30,ridge,2000,deck period,package,1088,0.17391015929474718,0.178246509237416,-0.0043363499426688195,-2.432782533145154,-0.007906992213102622,-0.0009345196960049947,True,False,False
rth,13:30,ridge,2000,deck period,calibration,1088,0.17299511705596093,0.178246509237416,-0.005251392181455078,-2.946140266040481,-0.008165485167200356,-0.002619966129277396,True,False,False
rth,13:30,ridge,2000,deck period,as scored,1088,0.17083556070242753,0.17232046585617156,-0.0014849051537440085,-0.8617114318756512,-0.004531601973665869,0.0013010813819196692,False,False,False
rth,14:00,ridge,2000,common,coefficients,4049,0.15053669739291908,0.14979239216456808,0.000744305228350979,0.4968912089562296,-0.0006993388467408755,0.0022284256552112637,False,False,False
rth,14:00,ridge,2000,common,package,4049,0.15053669739291908,0.1517587894184334,-0.0012220920255143531,-0.8052858290433302,-0.003494250085968179,0.0011354245343536723,False,False,False
rth,14:00,ridge,2000,common,calibration,4049,0.14979239216456808,0.1517587894184334,-0.0019663972538653323,-1.295738626672574,-0.0034901008102058767,-0.0002724206629744146,True,False,False
rth,14:00,ridge,2000,common,as scored,4049,0.14778686589647863,0.14940362570720062,-0.001616759810721993,-1.0821422860851442,-0.003229703649577179,0.00013554831504333404,False,False,False
rth,14:00,ridge,2000,deck period,coefficients,1088,0.19026326403051338,0.18787524774952896,0.002388016280984422,1.271064873946605,-0.0012428290348525306,0.007080282368139243,False,False,False
rth,14:00,ridge,2000,deck period,package,1088,0.19026326403051338,0.18534978203059646,0.004913481999916923,2.650924077755772,-0.0016938791324833597,0.012676168115939223,False,False,False
rth,14:00,ridge,2000,deck period,calibration,1088,0.18787524774952896,0.18534978203059646,0.002525465718932501,1.362540430997438,-0.0016934744730107102,0.00755479069537756,False,False,False
rth,14:00,ridge,2000,deck period,as scored,1088,0.17886905330729835,0.17948959370681883,-0.0006205403995204653,-0.34572500093463127,-0.005059288012516167,0.005322832268996127,False,False,False
rth,14:30,ridge,2000,common,coefficients,4046,0.2768406614944556,0.2805485589933529,-0.0037078974988972624,-1.3216597911611851,-0.005646828925491755,-0.0018361864584087925,True,False,False
rth,14:30,ridge,2000,common,package,4046,0.2768406614944556,0.2760187321847986,0.0008219293096569595,0.29778026409695474,-0.0019542966865634883,0.003502061293129211,False,False,False
rth,14:30,ridge,2000,common,calibration,4046,0.2805485589933529,0.2760187321847986,0.004529826808554222,1.6411302134093695,0.0026116216138637152,0.006562802122885917,False,True,False
rth,14:30,ridge,2000,common,as scored,4046,0.26923365416354267,0.27472639760861106,-0.005492743445068375,-1.9993504420691353,-0.007742972360929948,-0.003234050527448818,True,False,False
rth,14:30,ridge,2000,deck period,coefficients,1087,0.34144672578443586,0.34231720784698627,-0.0008704820625503927,-0.2542910617977151,-0.004505628182999704,0.0029846148448508386,False,False,False
rth,14:30,ridge,2000,deck period,package,1087,0.34144672578443586,0.33865111846406987,0.002795607320366032,0.8255125017880725,-0.00388126719230246,0.008984541043700674,False,False,False
rth,14:30,ridge,2000,deck period,calibration,1087,0.34231720784698627,0.33865111846406987,0.003666089382916425,1.0825564077696643,-0.002230781933167243,0.009234966886234184,False,False,False
rth,14:30,ridge,2000,deck period,as scored,1087,0.3337892097595875,0.3362459142216778,-0.0024567044620904203,-0.7306273052498063,-0.0072550466906530385,0.0027553415552326677,False,False,False
rth,15:00,ridge,2000,common,coefficients,4044,0.16919068135158,0.1701669468919075,-0.0009762655403275085,-0.5737104403404771,-0.0024419709815327773,0.0005159075249498083,False,False,False
rth,15:00,ridge,2000,common,package,4044,0.16919068135158,0.17161708066688125,-0.0024263993153012635,-1.4138448841295967,-0.004116196066605814,-0.0007011355457376252,True,False,False
rth,15:00,ridge,2000,common,calibration,4044,0.1701669468919075,0.17161708066688125,-0.0014501337749737552,-0.8449821948600498,-0.002487474030694606,-0.0004523233973751315,True,False,False
rth,15:00,ridge,2000,common,as scored,4044,0.1649323847626545,0.1688343439408738,-0.003901959178219289,-2.311116972495694,-0.005559880719450226,-0.0022527807524257513,True,False,False
rth,15:00,ridge,2000,deck period,coefficients,1087,0.21707488307001813,0.22108509583910407,-0.0040102127690859754,-1.8138774818201362,-0.007331555378873295,-0.0007644000387649983,True,False,False
rth,15:00,ridge,2000,deck period,package,1087,0.21707488307001813,0.22019544123906215,-0.0031205581690440017,-1.4171765552839346,-0.006364691738702459,2.3017342365790364e-05,False,False,False
rth,15:00,ridge,2000,deck period,calibration,1087,0.22108509583910407,0.22019544123906215,0.000889654600041974,0.40402952714906226,-0.000918387622727085,0.0026567848885385875,False,False,False
rth,15:00,ridge,2000,deck period,as scored,1087,0.2056194487479601,0.21375193867310283,-0.008132489925142707,-3.8046391418138037,-0.011786959583916254,-0.004496838285929991,True,False,False
rth,15:30,ridge,2000,common,coefficients,4044,0.1238114880328833,0.12389270549868854,-8.121746580521873e-05,-0.06555467933185014,-0.0017949836393439257,0.0017261968055128953,False,False,False
rth,15:30,ridge,2000,common,package,4044,0.1238114880328833,0.12855296598419014,-0.0047414779513068345,-3.688345823067168,-0.00701418728662208,-0.0022998889560553403,True,False,False
rth,15:30,ridge,2000,common,calibration,4044,0.12389270549868854,0.12855296598419014,-0.004660260485501616,-3.6251676107377793,-0.006107160795002201,-0.003194958005321452,True,False,False
rth,15:30,ridge,2000,common,as scored,4044,0.12396855755170048,0.12670124768797597,-0.0027326901362754734,-2.156798126412458,-0.004386916883469063,-0.0009282966298632334,True,False,False
rth,15:30,ridge,2000,deck period,coefficients,1087,0.13185430381845867,0.13473032056628917,-0.0028760167478304685,-2.1346470013150665,-0.005755055186084627,0.0003337636829627981,False,False,False
rth,15:30,ridge,2000,deck period,package,1087,0.13185430381845867,0.14141166587475848,-0.00955736205629979,-6.758538623513767,-0.013999559806481071,-0.004647061850637484,True,False,False
rth,15:30,ridge,2000,deck period,calibration,1087,0.13473032056628917,0.14141166587475848,-0.006681345308469322,-4.724748320542853,-0.010257784593523755,-0.00317569752296644,True,False,False
rth,15:30,ridge,2000,deck period,as scored,1087,0.1327986309065722,0.13710850316798362,-0.004309872261411419,-3.1434026058405853,-0.007594873155096758,-0.000606946312885757,True,False,False
rth,16:00,ridge,2000,common,coefficients,4043,0.11474417694089803,0.12120980362840027,-0.006465626687502234,-5.334244008285229,-0.008578436815957751,-0.004494966312977595,True,False,False
rth,16:00,ridge,2000,common,package,4043,0.11474417694089803,0.12375978708925017,-0.00901561014835213,-7.284765399483487,-0.011421005356186786,-0.006673738074624551,True,False,False
rth,16:00,ridge,2000,common,calibration,4043,0.12120980362840027,0.12375978708925017,-0.002549983460849895,-2.0604297412138872,-0.0038775417340414834,-0.0013612719815410666,True,False,False
rth,16:00,ridge,2000,common,as scored,4043,0.11475678681320829,0.12192844163957828,-0.007171654826369978,-5.881855562108686,-0.00924389368415457,-0.00525426996738883,True,False,False
rth,16:00,ridge,2000,deck period,coefficients,1087,0.11057040501648828,0.11595125141999053,-0.005380846403502251,-4.640610892600136,-0.00827219817733794,-0.002208963805022415,True,False,False
rth,16:00,ridge,2000,deck period,package,1087,0.11057040501648828,0.12203335571846045,-0.01146295070197219,-9.393293034093093,-0.016274894682263504,-0.006950118451415956,True,False,False
rth,16:00,ridge,2000,deck period,calibration,1087,0.11595125141999053,0.12203335571846045,-0.006082104298469941,-4.98396873761448,-0.010015347992625072,-0.002856491922776382,True,False,False
rth,16:00,ridge,2000,deck period,as scored,1087,0.11041265208889073,0.11706215098873804,-0.006649498899847306,-5.680314981130853,-0.0095480915012623,-0.0034978108942979634,True,False,False
