/u/home/j/jamesdc1/.conda/envs/hpc-pi/lib/python3.11/site-packages/pandas/core/arraylike.py:399: RuntimeWarning: divide by zero encountered in log
  result = getattr(ufunc, method)(*inputs, **kwargs)
/u/home/j/jamesdc1/.conda/envs/hpc-pi/lib/python3.11/site-packages/pandas/core/arraylike.py:399: RuntimeWarning: divide by zero encountered in log
  result = getattr(ufunc, method)(*inputs, **kwargs)
/u/home/j/jamesdc1/.conda/envs/hpc-pi/lib/python3.11/site-packages/pandas/core/arraylike.py:399: RuntimeWarning: divide by zero encountered in log
  result = getattr(ufunc, method)(*inputs, **kwargs)
/u/home/j/jamesdc1/.conda/envs/hpc-pi/lib/python3.11/site-packages/pandas/core/arraylike.py:399: RuntimeWarning: divide by zero encountered in log
  result = getattr(ufunc, method)(*inputs, **kwargs)
/u/home/j/jamesdc1/.conda/envs/hpc-pi/lib/python3.11/site-packages/pandas/core/arraylike.py:399: RuntimeWarning: divide by zero encountered in log
  result = getattr(ufunc, method)(*inputs, **kwargs)
/u/home/j/jamesdc1/.conda/envs/hpc-pi/lib/python3.11/site-packages/pandas/core/arraylike.py:399: RuntimeWarning: divide by zero encountered in log
  result = getattr(ufunc, method)(*inputs, **kwargs)
/u/home/j/jamesdc1/.conda/envs/hpc-pi/lib/python3.11/site-packages/pandas/core/arraylike.py:399: RuntimeWarning: divide by zero encountered in log
  result = getattr(ufunc, method)(*inputs, **kwargs)
/u/home/j/jamesdc1/.conda/envs/hpc-pi/lib/python3.11/site-packages/pandas/core/arraylike.py:399: RuntimeWarning: divide by zero encountered in log
  result = getattr(ufunc, method)(*inputs, **kwargs)
/u/home/j/jamesdc1/.conda/envs/hpc-pi/lib/python3.11/site-packages/pandas/core/arraylike.py:399: RuntimeWarning: divide by zero encountered in log
  result = getattr(ufunc, method)(*inputs, **kwargs)
/u/home/j/jamesdc1/.conda/envs/hpc-pi/lib/python3.11/site-packages/pandas/core/arraylike.py:399: RuntimeWarning: divide by zero encountered in log
  result = getattr(ufunc, method)(*inputs, **kwargs)
/u/home/j/jamesdc1/.conda/envs/hpc-pi/lib/python3.11/site-packages/pandas/core/arraylike.py:399: RuntimeWarning: divide by zero encountered in log
  result = getattr(ufunc, method)(*inputs, **kwargs)
/u/home/j/jamesdc1/.conda/envs/hpc-pi/lib/python3.11/site-packages/pandas/core/arraylike.py:399: RuntimeWarning: divide by zero encountered in log
  result = getattr(ufunc, method)(*inputs, **kwargs)
/u/home/j/jamesdc1/.conda/envs/hpc-pi/lib/python3.11/site-packages/pandas/core/arraylike.py:399: RuntimeWarning: divide by zero encountered in log
  result = getattr(ufunc, method)(*inputs, **kwargs)
/u/home/j/jamesdc1/.conda/envs/hpc-pi/lib/python3.11/site-packages/pandas/core/arraylike.py:399: RuntimeWarning: divide by zero encountered in log
  result = getattr(ufunc, method)(*inputs, **kwargs)
/u/home/j/jamesdc1/.conda/envs/hpc-pi/lib/python3.11/site-packages/pandas/core/arraylike.py:399: RuntimeWarning: divide by zero encountered in log
  result = getattr(ufunc, method)(*inputs, **kwargs)
/u/home/j/jamesdc1/.conda/envs/hpc-pi/lib/python3.11/site-packages/pandas/core/arraylike.py:399: RuntimeWarning: divide by zero encountered in log
  result = getattr(ufunc, method)(*inputs, **kwargs)
/u/home/j/jamesdc1/.conda/envs/hpc-pi/lib/python3.11/site-packages/pandas/core/arraylike.py:399: RuntimeWarning: divide by zero encountered in log
  result = getattr(ufunc, method)(*inputs, **kwargs)
/u/home/j/jamesdc1/.conda/envs/hpc-pi/lib/python3.11/site-packages/pandas/core/arraylike.py:399: RuntimeWarning: divide by zero encountered in log
  result = getattr(ufunc, method)(*inputs, **kwargs)
/u/home/j/jamesdc1/.conda/envs/hpc-pi/lib/python3.11/site-packages/pandas/core/arraylike.py:399: RuntimeWarning: divide by zero encountered in log
  result = getattr(ufunc, method)(*inputs, **kwargs)
/u/home/j/jamesdc1/.conda/envs/hpc-pi/lib/python3.11/site-packages/pandas/core/arraylike.py:399: RuntimeWarning: divide by zero encountered in log
  result = getattr(ufunc, method)(*inputs, **kwargs)
/u/home/j/jamesdc1/.conda/envs/hpc-pi/lib/python3.11/site-packages/pandas/core/arraylike.py:399: RuntimeWarning: divide by zero encountered in log
  result = getattr(ufunc, method)(*inputs, **kwargs)
/u/home/j/jamesdc1/.conda/envs/hpc-pi/lib/python3.11/site-packages/pandas/core/arraylike.py:399: RuntimeWarning: divide by zero encountered in log
  result = getattr(ufunc, method)(*inputs, **kwargs)
/u/home/j/jamesdc1/.conda/envs/hpc-pi/lib/python3.11/site-packages/pandas/core/arraylike.py:399: RuntimeWarning: divide by zero encountered in log
  result = getattr(ufunc, method)(*inputs, **kwargs)
/u/home/j/jamesdc1/.conda/envs/hpc-pi/lib/python3.11/site-packages/pandas/core/arraylike.py:399: RuntimeWarning: divide by zero encountered in log
  result = getattr(ufunc, method)(*inputs, **kwargs)
/u/home/j/jamesdc1/.conda/envs/hpc-pi/lib/python3.11/site-packages/pandas/core/arraylike.py:399: RuntimeWarning: divide by zero encountered in log
  result = getattr(ufunc, method)(*inputs, **kwargs)
/u/home/j/jamesdc1/.conda/envs/hpc-pi/lib/python3.11/site-packages/pandas/core/arraylike.py:399: RuntimeWarning: divide by zero encountered in log
  result = getattr(ufunc, method)(*inputs, **kwargs)
/u/home/j/jamesdc1/.conda/envs/hpc-pi/lib/python3.11/site-packages/pandas/core/arraylike.py:399: RuntimeWarning: divide by zero encountered in log
  result = getattr(ufunc, method)(*inputs, **kwargs)
/u/home/j/jamesdc1/.conda/envs/hpc-pi/lib/python3.11/site-packages/pandas/core/arraylike.py:399: RuntimeWarning: divide by zero encountered in log
  result = getattr(ufunc, method)(*inputs, **kwargs)
/u/home/j/jamesdc1/.conda/envs/hpc-pi/lib/python3.11/site-packages/pandas/core/arraylike.py:399: RuntimeWarning: divide by zero encountered in log
  result = getattr(ufunc, method)(*inputs, **kwargs)
/u/home/j/jamesdc1/.conda/envs/hpc-pi/lib/python3.11/site-packages/pandas/core/arraylike.py:399: RuntimeWarning: divide by zero encountered in log
  result = getattr(ufunc, method)(*inputs, **kwargs)
/u/home/j/jamesdc1/.conda/envs/hpc-pi/lib/python3.11/site-packages/pandas/core/arraylike.py:399: RuntimeWarning: divide by zero encountered in log
  result = getattr(ufunc, method)(*inputs, **kwargs)
/u/home/j/jamesdc1/.conda/envs/hpc-pi/lib/python3.11/site-packages/pandas/core/arraylike.py:399: RuntimeWarning: divide by zero encountered in log
  result = getattr(ufunc, method)(*inputs, **kwargs)
/u/home/j/jamesdc1/.conda/envs/hpc-pi/lib/python3.11/site-packages/pandas/core/arraylike.py:399: RuntimeWarning: divide by zero encountered in log
  result = getattr(ufunc, method)(*inputs, **kwargs)
/u/home/j/jamesdc1/.conda/envs/hpc-pi/lib/python3.11/site-packages/pandas/core/arraylike.py:399: RuntimeWarning: divide by zero encountered in log
  result = getattr(ufunc, method)(*inputs, **kwargs)
/u/home/j/jamesdc1/.conda/envs/hpc-pi/lib/python3.11/site-packages/pandas/core/arraylike.py:399: RuntimeWarning: divide by zero encountered in log
  result = getattr(ufunc, method)(*inputs, **kwargs)
/u/home/j/jamesdc1/.conda/envs/hpc-pi/lib/python3.11/site-packages/pandas/core/arraylike.py:399: RuntimeWarning: divide by zero encountered in log
  result = getattr(ufunc, method)(*inputs, **kwargs)
/u/home/j/jamesdc1/.conda/envs/hpc-pi/lib/python3.11/site-packages/pandas/core/arraylike.py:399: RuntimeWarning: divide by zero encountered in log
  result = getattr(ufunc, method)(*inputs, **kwargs)
/u/home/j/jamesdc1/.conda/envs/hpc-pi/lib/python3.11/site-packages/pandas/core/arraylike.py:399: RuntimeWarning: divide by zero encountered in log
  result = getattr(ufunc, method)(*inputs, **kwargs)
/u/home/j/jamesdc1/.conda/envs/hpc-pi/lib/python3.11/site-packages/pandas/core/arraylike.py:399: RuntimeWarning: divide by zero encountered in log
  result = getattr(ufunc, method)(*inputs, **kwargs)
/u/home/j/jamesdc1/.conda/envs/hpc-pi/lib/python3.11/site-packages/pandas/core/arraylike.py:399: RuntimeWarning: divide by zero encountered in log
  result = getattr(ufunc, method)(*inputs, **kwargs)
/u/home/j/jamesdc1/.conda/envs/hpc-pi/lib/python3.11/site-packages/pandas/core/arraylike.py:399: RuntimeWarning: divide by zero encountered in log
  result = getattr(ufunc, method)(*inputs, **kwargs)
/u/home/j/jamesdc1/.conda/envs/hpc-pi/lib/python3.11/site-packages/pandas/core/arraylike.py:399: RuntimeWarning: divide by zero encountered in log
  result = getattr(ufunc, method)(*inputs, **kwargs)
/u/home/j/jamesdc1/.conda/envs/hpc-pi/lib/python3.11/site-packages/pandas/core/arraylike.py:399: RuntimeWarning: divide by zero encountered in log
  result = getattr(ufunc, method)(*inputs, **kwargs)
/u/home/j/jamesdc1/.conda/envs/hpc-pi/lib/python3.11/site-packages/pandas/core/arraylike.py:399: RuntimeWarning: divide by zero encountered in log
  result = getattr(ufunc, method)(*inputs, **kwargs)
/u/home/j/jamesdc1/.conda/envs/hpc-pi/lib/python3.11/site-packages/pandas/core/arraylike.py:399: RuntimeWarning: divide by zero encountered in log
  result = getattr(ufunc, method)(*inputs, **kwargs)
/u/home/j/jamesdc1/.conda/envs/hpc-pi/lib/python3.11/site-packages/pandas/core/arraylike.py:399: RuntimeWarning: divide by zero encountered in log
  result = getattr(ufunc, method)(*inputs, **kwargs)
/u/home/j/jamesdc1/.conda/envs/hpc-pi/lib/python3.11/site-packages/pandas/core/arraylike.py:399: RuntimeWarning: divide by zero encountered in log
  result = getattr(ufunc, method)(*inputs, **kwargs)
/u/home/j/jamesdc1/.conda/envs/hpc-pi/lib/python3.11/site-packages/pandas/core/arraylike.py:399: RuntimeWarning: divide by zero encountered in log
  result = getattr(ufunc, method)(*inputs, **kwargs)
/u/home/j/jamesdc1/.conda/envs/hpc-pi/lib/python3.11/site-packages/pandas/core/arraylike.py:399: RuntimeWarning: divide by zero encountered in log
  result = getattr(ufunc, method)(*inputs, **kwargs)
/u/home/j/jamesdc1/.conda/envs/hpc-pi/lib/python3.11/site-packages/pandas/core/arraylike.py:399: RuntimeWarning: divide by zero encountered in log
  result = getattr(ufunc, method)(*inputs, **kwargs)
/u/home/j/jamesdc1/.conda/envs/hpc-pi/lib/python3.11/site-packages/pandas/core/arraylike.py:399: RuntimeWarning: divide by zero encountered in log
  result = getattr(ufunc, method)(*inputs, **kwargs)
/u/home/j/jamesdc1/.conda/envs/hpc-pi/lib/python3.11/site-packages/pandas/core/arraylike.py:399: RuntimeWarning: divide by zero encountered in log
  result = getattr(ufunc, method)(*inputs, **kwargs)
/u/home/j/jamesdc1/.conda/envs/hpc-pi/lib/python3.11/site-packages/pandas/core/arraylike.py:399: RuntimeWarning: divide by zero encountered in log
  result = getattr(ufunc, method)(*inputs, **kwargs)
/u/home/j/jamesdc1/.conda/envs/hpc-pi/lib/python3.11/site-packages/pandas/core/arraylike.py:399: RuntimeWarning: divide by zero encountered in log
  result = getattr(ufunc, method)(*inputs, **kwargs)
/u/home/j/jamesdc1/.conda/envs/hpc-pi/lib/python3.11/site-packages/pandas/core/arraylike.py:399: RuntimeWarning: divide by zero encountered in log
  result = getattr(ufunc, method)(*inputs, **kwargs)
/u/home/j/jamesdc1/.conda/envs/hpc-pi/lib/python3.11/site-packages/pandas/core/arraylike.py:399: RuntimeWarning: divide by zero encountered in log
  result = getattr(ufunc, method)(*inputs, **kwargs)
/u/home/j/jamesdc1/.conda/envs/hpc-pi/lib/python3.11/site-packages/pandas/core/arraylike.py:399: RuntimeWarning: divide by zero encountered in log
  result = getattr(ufunc, method)(*inputs, **kwargs)
/u/home/j/jamesdc1/.conda/envs/hpc-pi/lib/python3.11/site-packages/pandas/core/arraylike.py:399: RuntimeWarning: divide by zero encountered in log
  result = getattr(ufunc, method)(*inputs, **kwargs)
/u/home/j/jamesdc1/.conda/envs/hpc-pi/lib/python3.11/site-packages/pandas/core/arraylike.py:399: RuntimeWarning: divide by zero encountered in log
  result = getattr(ufunc, method)(*inputs, **kwargs)
/u/home/j/jamesdc1/.conda/envs/hpc-pi/lib/python3.11/site-packages/pandas/core/arraylike.py:399: RuntimeWarning: divide by zero encountered in log
  result = getattr(ufunc, method)(*inputs, **kwargs)
/u/home/j/jamesdc1/.conda/envs/hpc-pi/lib/python3.11/site-packages/pandas/core/arraylike.py:399: RuntimeWarning: divide by zero encountered in log
  result = getattr(ufunc, method)(*inputs, **kwargs)
/u/home/j/jamesdc1/.conda/envs/hpc-pi/lib/python3.11/site-packages/pandas/core/arraylike.py:399: RuntimeWarning: divide by zero encountered in log
  result = getattr(ufunc, method)(*inputs, **kwargs)
/u/home/j/jamesdc1/.conda/envs/hpc-pi/lib/python3.11/site-packages/pandas/core/arraylike.py:399: RuntimeWarning: divide by zero encountered in log
  result = getattr(ufunc, method)(*inputs, **kwargs)
/u/home/j/jamesdc1/.conda/envs/hpc-pi/lib/python3.11/site-packages/pandas/core/arraylike.py:399: RuntimeWarning: divide by zero encountered in log
  result = getattr(ufunc, method)(*inputs, **kwargs)
/u/home/j/jamesdc1/.conda/envs/hpc-pi/lib/python3.11/site-packages/pandas/core/arraylike.py:399: RuntimeWarning: divide by zero encountered in log
  result = getattr(ufunc, method)(*inputs, **kwargs)
/u/home/j/jamesdc1/.conda/envs/hpc-pi/lib/python3.11/site-packages/pandas/core/arraylike.py:399: RuntimeWarning: divide by zero encountered in log
  result = getattr(ufunc, method)(*inputs, **kwargs)
/u/home/j/jamesdc1/.conda/envs/hpc-pi/lib/python3.11/site-packages/pandas/core/arraylike.py:399: RuntimeWarning: divide by zero encountered in log
  result = getattr(ufunc, method)(*inputs, **kwargs)
/u/home/j/jamesdc1/.conda/envs/hpc-pi/lib/python3.11/site-packages/pandas/core/arraylike.py:399: RuntimeWarning: divide by zero encountered in log
  result = getattr(ufunc, method)(*inputs, **kwargs)
/u/home/j/jamesdc1/.conda/envs/hpc-pi/lib/python3.11/site-packages/pandas/core/arraylike.py:399: RuntimeWarning: divide by zero encountered in log
  result = getattr(ufunc, method)(*inputs, **kwargs)
/u/home/j/jamesdc1/.conda/envs/hpc-pi/lib/python3.11/site-packages/pandas/core/arraylike.py:399: RuntimeWarning: divide by zero encountered in log
  result = getattr(ufunc, method)(*inputs, **kwargs)
/u/home/j/jamesdc1/.conda/envs/hpc-pi/lib/python3.11/site-packages/pandas/core/arraylike.py:399: RuntimeWarning: divide by zero encountered in log
  result = getattr(ufunc, method)(*inputs, **kwargs)
/u/home/j/jamesdc1/.conda/envs/hpc-pi/lib/python3.11/site-packages/pandas/core/arraylike.py:399: RuntimeWarning: divide by zero encountered in log
  result = getattr(ufunc, method)(*inputs, **kwargs)
/u/home/j/jamesdc1/.conda/envs/hpc-pi/lib/python3.11/site-packages/pandas/core/arraylike.py:399: RuntimeWarning: divide by zero encountered in log
  result = getattr(ufunc, method)(*inputs, **kwargs)
/u/home/j/jamesdc1/.conda/envs/hpc-pi/lib/python3.11/site-packages/pandas/core/arraylike.py:399: RuntimeWarning: divide by zero encountered in log
  result = getattr(ufunc, method)(*inputs, **kwargs)
/u/home/j/jamesdc1/.conda/envs/hpc-pi/lib/python3.11/site-packages/pandas/core/arraylike.py:399: RuntimeWarning: divide by zero encountered in log
  result = getattr(ufunc, method)(*inputs, **kwargs)
/u/home/j/jamesdc1/.conda/envs/hpc-pi/lib/python3.11/site-packages/pandas/core/arraylike.py:399: RuntimeWarning: divide by zero encountered in log
  result = getattr(ufunc, method)(*inputs, **kwargs)
/u/home/j/jamesdc1/.conda/envs/hpc-pi/lib/python3.11/site-packages/pandas/core/arraylike.py:399: RuntimeWarning: divide by zero encountered in log
  result = getattr(ufunc, method)(*inputs, **kwargs)
/u/home/j/jamesdc1/.conda/envs/hpc-pi/lib/python3.11/site-packages/pandas/core/arraylike.py:399: RuntimeWarning: divide by zero encountered in log
  result = getattr(ufunc, method)(*inputs, **kwargs)
/u/home/j/jamesdc1/.conda/envs/hpc-pi/lib/python3.11/site-packages/pandas/core/arraylike.py:399: RuntimeWarning: divide by zero encountered in log
  result = getattr(ufunc, method)(*inputs, **kwargs)
/u/home/j/jamesdc1/.conda/envs/hpc-pi/lib/python3.11/site-packages/pandas/core/arraylike.py:399: RuntimeWarning: divide by zero encountered in log
  result = getattr(ufunc, method)(*inputs, **kwargs)
/u/home/j/jamesdc1/.conda/envs/hpc-pi/lib/python3.11/site-packages/pandas/core/arraylike.py:399: RuntimeWarning: divide by zero encountered in log
  result = getattr(ufunc, method)(*inputs, **kwargs)
/u/home/j/jamesdc1/.conda/envs/hpc-pi/lib/python3.11/site-packages/pandas/core/arraylike.py:399: RuntimeWarning: divide by zero encountered in log
  result = getattr(ufunc, method)(*inputs, **kwargs)
/u/home/j/jamesdc1/.conda/envs/hpc-pi/lib/python3.11/site-packages/pandas/core/arraylike.py:399: RuntimeWarning: divide by zero encountered in log
  result = getattr(ufunc, method)(*inputs, **kwargs)
/u/home/j/jamesdc1/.conda/envs/hpc-pi/lib/python3.11/site-packages/pandas/core/arraylike.py:399: RuntimeWarning: divide by zero encountered in log
  result = getattr(ufunc, method)(*inputs, **kwargs)
/u/home/j/jamesdc1/.conda/envs/hpc-pi/lib/python3.11/site-packages/pandas/core/arraylike.py:399: RuntimeWarning: divide by zero encountered in log
  result = getattr(ufunc, method)(*inputs, **kwargs)
/u/home/j/jamesdc1/.conda/envs/hpc-pi/lib/python3.11/site-packages/pandas/core/arraylike.py:399: RuntimeWarning: divide by zero encountered in log
  result = getattr(ufunc, method)(*inputs, **kwargs)
/u/home/j/jamesdc1/.conda/envs/hpc-pi/lib/python3.11/site-packages/pandas/core/arraylike.py:399: RuntimeWarning: divide by zero encountered in log
  result = getattr(ufunc, method)(*inputs, **kwargs)
/u/home/j/jamesdc1/.conda/envs/hpc-pi/lib/python3.11/site-packages/pandas/core/arraylike.py:399: RuntimeWarning: divide by zero encountered in log
  result = getattr(ufunc, method)(*inputs, **kwargs)
/u/home/j/jamesdc1/.conda/envs/hpc-pi/lib/python3.11/site-packages/pandas/core/arraylike.py:399: RuntimeWarning: divide by zero encountered in log
  result = getattr(ufunc, method)(*inputs, **kwargs)
/u/home/j/jamesdc1/.conda/envs/hpc-pi/lib/python3.11/site-packages/pandas/core/arraylike.py:399: RuntimeWarning: divide by zero encountered in log
  result = getattr(ufunc, method)(*inputs, **kwargs)
/u/home/j/jamesdc1/.conda/envs/hpc-pi/lib/python3.11/site-packages/pandas/core/arraylike.py:399: RuntimeWarning: divide by zero encountered in log
  result = getattr(ufunc, method)(*inputs, **kwargs)
/u/home/j/jamesdc1/.conda/envs/hpc-pi/lib/python3.11/site-packages/pandas/core/arraylike.py:399: RuntimeWarning: divide by zero encountered in log
  result = getattr(ufunc, method)(*inputs, **kwargs)
/u/home/j/jamesdc1/.conda/envs/hpc-pi/lib/python3.11/site-packages/pandas/core/arraylike.py:399: RuntimeWarning: divide by zero encountered in log
  result = getattr(ufunc, method)(*inputs, **kwargs)
/u/home/j/jamesdc1/.conda/envs/hpc-pi/lib/python3.11/site-packages/pandas/core/arraylike.py:399: RuntimeWarning: divide by zero encountered in log
  result = getattr(ufunc, method)(*inputs, **kwargs)
/u/home/j/jamesdc1/.conda/envs/hpc-pi/lib/python3.11/site-packages/pandas/core/arraylike.py:399: RuntimeWarning: divide by zero encountered in log
  result = getattr(ufunc, method)(*inputs, **kwargs)
/u/home/j/jamesdc1/.conda/envs/hpc-pi/lib/python3.11/site-packages/pandas/core/arraylike.py:399: RuntimeWarning: divide by zero encountered in log
  result = getattr(ufunc, method)(*inputs, **kwargs)
/u/home/j/jamesdc1/.conda/envs/hpc-pi/lib/python3.11/site-packages/pandas/core/arraylike.py:399: RuntimeWarning: divide by zero encountered in log
  result = getattr(ufunc, method)(*inputs, **kwargs)
/u/home/j/jamesdc1/.conda/envs/hpc-pi/lib/python3.11/site-packages/pandas/core/arraylike.py:399: RuntimeWarning: divide by zero encountered in log
  result = getattr(ufunc, method)(*inputs, **kwargs)
/u/home/j/jamesdc1/.conda/envs/hpc-pi/lib/python3.11/site-packages/pandas/core/arraylike.py:399: RuntimeWarning: divide by zero encountered in log
  result = getattr(ufunc, method)(*inputs, **kwargs)
/u/home/j/jamesdc1/.conda/envs/hpc-pi/lib/python3.11/site-packages/pandas/core/arraylike.py:399: RuntimeWarning: divide by zero encountered in log
  result = getattr(ufunc, method)(*inputs, **kwargs)
/u/home/j/jamesdc1/.conda/envs/hpc-pi/lib/python3.11/site-packages/pandas/core/arraylike.py:399: RuntimeWarning: divide by zero encountered in log
  result = getattr(ufunc, method)(*inputs, **kwargs)
/u/home/j/jamesdc1/.conda/envs/hpc-pi/lib/python3.11/site-packages/pandas/core/arraylike.py:399: RuntimeWarning: divide by zero encountered in log
  result = getattr(ufunc, method)(*inputs, **kwargs)
/u/home/j/jamesdc1/.conda/envs/hpc-pi/lib/python3.11/site-packages/pandas/core/arraylike.py:399: RuntimeWarning: divide by zero encountered in log
  result = getattr(ufunc, method)(*inputs, **kwargs)
/u/home/j/jamesdc1/.conda/envs/hpc-pi/lib/python3.11/site-packages/pandas/core/arraylike.py:399: RuntimeWarning: divide by zero encountered in log
  result = getattr(ufunc, method)(*inputs, **kwargs)
/u/home/j/jamesdc1/.conda/envs/hpc-pi/lib/python3.11/site-packages/pandas/core/arraylike.py:399: RuntimeWarning: divide by zero encountered in log
  result = getattr(ufunc, method)(*inputs, **kwargs)
/u/home/j/jamesdc1/.conda/envs/hpc-pi/lib/python3.11/site-packages/pandas/core/arraylike.py:399: RuntimeWarning: divide by zero encountered in log
  result = getattr(ufunc, method)(*inputs, **kwargs)
/u/home/j/jamesdc1/.conda/envs/hpc-pi/lib/python3.11/site-packages/pandas/core/arraylike.py:399: RuntimeWarning: divide by zero encountered in log
  result = getattr(ufunc, method)(*inputs, **kwargs)
/u/home/j/jamesdc1/.conda/envs/hpc-pi/lib/python3.11/site-packages/pandas/core/arraylike.py:399: RuntimeWarning: divide by zero encountered in log
  result = getattr(ufunc, method)(*inputs, **kwargs)
/u/home/j/jamesdc1/.conda/envs/hpc-pi/lib/python3.11/site-packages/pandas/core/arraylike.py:399: RuntimeWarning: divide by zero encountered in log
  result = getattr(ufunc, method)(*inputs, **kwargs)
/u/home/j/jamesdc1/.conda/envs/hpc-pi/lib/python3.11/site-packages/pandas/core/arraylike.py:399: RuntimeWarning: divide by zero encountered in log
  result = getattr(ufunc, method)(*inputs, **kwargs)
/u/home/j/jamesdc1/.conda/envs/hpc-pi/lib/python3.11/site-packages/pandas/core/arraylike.py:399: RuntimeWarning: divide by zero encountered in log
  result = getattr(ufunc, method)(*inputs, **kwargs)
/u/home/j/jamesdc1/.conda/envs/hpc-pi/lib/python3.11/site-packages/pandas/core/arraylike.py:399: RuntimeWarning: divide by zero encountered in log
  result = getattr(ufunc, method)(*inputs, **kwargs)
/u/home/j/jamesdc1/.conda/envs/hpc-pi/lib/python3.11/site-packages/pandas/core/arraylike.py:399: RuntimeWarning: divide by zero encountered in log
  result = getattr(ufunc, method)(*inputs, **kwargs)
/u/home/j/jamesdc1/.conda/envs/hpc-pi/lib/python3.11/site-packages/pandas/core/arraylike.py:399: RuntimeWarning: divide by zero encountered in log
  result = getattr(ufunc, method)(*inputs, **kwargs)
/u/home/j/jamesdc1/.conda/envs/hpc-pi/lib/python3.11/site-packages/pandas/core/arraylike.py:399: RuntimeWarning: divide by zero encountered in log
  result = getattr(ufunc, method)(*inputs, **kwargs)
/u/home/j/jamesdc1/.conda/envs/hpc-pi/lib/python3.11/site-packages/pandas/core/arraylike.py:399: RuntimeWarning: divide by zero encountered in log
  result = getattr(ufunc, method)(*inputs, **kwargs)
/u/home/j/jamesdc1/.conda/envs/hpc-pi/lib/python3.11/site-packages/pandas/core/arraylike.py:399: RuntimeWarning: divide by zero encountered in log
  result = getattr(ufunc, method)(*inputs, **kwargs)
/u/home/j/jamesdc1/.conda/envs/hpc-pi/lib/python3.11/site-packages/pandas/core/arraylike.py:399: RuntimeWarning: divide by zero encountered in log
  result = getattr(ufunc, method)(*inputs, **kwargs)
/u/home/j/jamesdc1/.conda/envs/hpc-pi/lib/python3.11/site-packages/pandas/core/arraylike.py:399: RuntimeWarning: divide by zero encountered in log
  result = getattr(ufunc, method)(*inputs, **kwargs)
/u/home/j/jamesdc1/.conda/envs/hpc-pi/lib/python3.11/site-packages/pandas/core/arraylike.py:399: RuntimeWarning: divide by zero encountered in log
  result = getattr(ufunc, method)(*inputs, **kwargs)
/u/home/j/jamesdc1/.conda/envs/hpc-pi/lib/python3.11/site-packages/pandas/core/arraylike.py:399: RuntimeWarning: divide by zero encountered in log
  result = getattr(ufunc, method)(*inputs, **kwargs)
/u/home/j/jamesdc1/.conda/envs/hpc-pi/lib/python3.11/site-packages/pandas/core/arraylike.py:399: RuntimeWarning: divide by zero encountered in log
  result = getattr(ufunc, method)(*inputs, **kwargs)
/u/home/j/jamesdc1/.conda/envs/hpc-pi/lib/python3.11/site-packages/pandas/core/arraylike.py:399: RuntimeWarning: divide by zero encountered in log
  result = getattr(ufunc, method)(*inputs, **kwargs)
/u/home/j/jamesdc1/.conda/envs/hpc-pi/lib/python3.11/site-packages/pandas/core/arraylike.py:399: RuntimeWarning: divide by zero encountered in log
  result = getattr(ufunc, method)(*inputs, **kwargs)
/u/home/j/jamesdc1/.conda/envs/hpc-pi/lib/python3.11/site-packages/pandas/core/arraylike.py:399: RuntimeWarning: divide by zero encountered in log
  result = getattr(ufunc, method)(*inputs, **kwargs)
/u/home/j/jamesdc1/.conda/envs/hpc-pi/lib/python3.11/site-packages/pandas/core/arraylike.py:399: RuntimeWarning: divide by zero encountered in log
  result = getattr(ufunc, method)(*inputs, **kwargs)
/u/home/j/jamesdc1/.conda/envs/hpc-pi/lib/python3.11/site-packages/pandas/core/arraylike.py:399: RuntimeWarning: divide by zero encountered in log
  result = getattr(ufunc, method)(*inputs, **kwargs)
/u/home/j/jamesdc1/.conda/envs/hpc-pi/lib/python3.11/site-packages/pandas/core/arraylike.py:399: RuntimeWarning: divide by zero encountered in log
  result = getattr(ufunc, method)(*inputs, **kwargs)
/u/home/j/jamesdc1/.conda/envs/hpc-pi/lib/python3.11/site-packages/pandas/core/arraylike.py:399: RuntimeWarning: divide by zero encountered in log
  result = getattr(ufunc, method)(*inputs, **kwargs)
/u/home/j/jamesdc1/.conda/envs/hpc-pi/lib/python3.11/site-packages/pandas/core/arraylike.py:399: RuntimeWarning: divide by zero encountered in log
  result = getattr(ufunc, method)(*inputs, **kwargs)
/u/home/j/jamesdc1/.conda/envs/hpc-pi/lib/python3.11/site-packages/pandas/core/arraylike.py:399: RuntimeWarning: divide by zero encountered in log
  result = getattr(ufunc, method)(*inputs, **kwargs)
/u/home/j/jamesdc1/.conda/envs/hpc-pi/lib/python3.11/site-packages/pandas/core/arraylike.py:399: RuntimeWarning: divide by zero encountered in log
  result = getattr(ufunc, method)(*inputs, **kwargs)
/u/home/j/jamesdc1/.conda/envs/hpc-pi/lib/python3.11/site-packages/pandas/core/arraylike.py:399: RuntimeWarning: divide by zero encountered in log
  result = getattr(ufunc, method)(*inputs, **kwargs)
/u/home/j/jamesdc1/.conda/envs/hpc-pi/lib/python3.11/site-packages/pandas/core/arraylike.py:399: RuntimeWarning: divide by zero encountered in log
  result = getattr(ufunc, method)(*inputs, **kwargs)
/u/home/j/jamesdc1/.conda/envs/hpc-pi/lib/python3.11/site-packages/pandas/core/arraylike.py:399: RuntimeWarning: divide by zero encountered in log
  result = getattr(ufunc, method)(*inputs, **kwargs)
/u/home/j/jamesdc1/.conda/envs/hpc-pi/lib/python3.11/site-packages/pandas/core/arraylike.py:399: RuntimeWarning: divide by zero encountered in log
  result = getattr(ufunc, method)(*inputs, **kwargs)
/u/home/j/jamesdc1/.conda/envs/hpc-pi/lib/python3.11/site-packages/pandas/core/arraylike.py:399: RuntimeWarning: divide by zero encountered in log
  result = getattr(ufunc, method)(*inputs, **kwargs)
/u/home/j/jamesdc1/.conda/envs/hpc-pi/lib/python3.11/site-packages/pandas/core/arraylike.py:399: RuntimeWarning: divide by zero encountered in log
  result = getattr(ufunc, method)(*inputs, **kwargs)
/u/home/j/jamesdc1/.conda/envs/hpc-pi/lib/python3.11/site-packages/pandas/core/arraylike.py:399: RuntimeWarning: divide by zero encountered in log
  result = getattr(ufunc, method)(*inputs, **kwargs)
/u/home/j/jamesdc1/.conda/envs/hpc-pi/lib/python3.11/site-packages/pandas/core/arraylike.py:399: RuntimeWarning: divide by zero encountered in log
  result = getattr(ufunc, method)(*inputs, **kwargs)
/u/home/j/jamesdc1/.conda/envs/hpc-pi/lib/python3.11/site-packages/pandas/core/arraylike.py:399: RuntimeWarning: divide by zero encountered in log
  result = getattr(ufunc, method)(*inputs, **kwargs)
/u/home/j/jamesdc1/.conda/envs/hpc-pi/lib/python3.11/site-packages/pandas/core/arraylike.py:399: RuntimeWarning: divide by zero encountered in log
  result = getattr(ufunc, method)(*inputs, **kwargs)
/u/home/j/jamesdc1/.conda/envs/hpc-pi/lib/python3.11/site-packages/pandas/core/arraylike.py:399: RuntimeWarning: divide by zero encountered in log
  result = getattr(ufunc, method)(*inputs, **kwargs)
/u/home/j/jamesdc1/.conda/envs/hpc-pi/lib/python3.11/site-packages/pandas/core/arraylike.py:399: RuntimeWarning: divide by zero encountered in log
  result = getattr(ufunc, method)(*inputs, **kwargs)
/u/home/j/jamesdc1/.conda/envs/hpc-pi/lib/python3.11/site-packages/pandas/core/arraylike.py:399: RuntimeWarning: divide by zero encountered in log
  result = getattr(ufunc, method)(*inputs, **kwargs)
/u/home/j/jamesdc1/.conda/envs/hpc-pi/lib/python3.11/site-packages/pandas/core/arraylike.py:399: RuntimeWarning: divide by zero encountered in log
  result = getattr(ufunc, method)(*inputs, **kwargs)
/u/home/j/jamesdc1/.conda/envs/hpc-pi/lib/python3.11/site-packages/pandas/core/arraylike.py:399: RuntimeWarning: divide by zero encountered in log
  result = getattr(ufunc, method)(*inputs, **kwargs)
/u/home/j/jamesdc1/.conda/envs/hpc-pi/lib/python3.11/site-packages/pandas/core/arraylike.py:399: RuntimeWarning: divide by zero encountered in log
  result = getattr(ufunc, method)(*inputs, **kwargs)
/u/home/j/jamesdc1/.conda/envs/hpc-pi/lib/python3.11/site-packages/pandas/core/arraylike.py:399: RuntimeWarning: divide by zero encountered in log
  result = getattr(ufunc, method)(*inputs, **kwargs)
/u/home/j/jamesdc1/.conda/envs/hpc-pi/lib/python3.11/site-packages/pandas/core/arraylike.py:399: RuntimeWarning: divide by zero encountered in log
  result = getattr(ufunc, method)(*inputs, **kwargs)
/u/home/j/jamesdc1/.conda/envs/hpc-pi/lib/python3.11/site-packages/pandas/core/arraylike.py:399: RuntimeWarning: divide by zero encountered in log
  result = getattr(ufunc, method)(*inputs, **kwargs)
/u/home/j/jamesdc1/.conda/envs/hpc-pi/lib/python3.11/site-packages/pandas/core/arraylike.py:399: RuntimeWarning: divide by zero encountered in log
  result = getattr(ufunc, method)(*inputs, **kwargs)
/u/home/j/jamesdc1/.conda/envs/hpc-pi/lib/python3.11/site-packages/pandas/core/arraylike.py:399: RuntimeWarning: divide by zero encountered in log
  result = getattr(ufunc, method)(*inputs, **kwargs)
/u/home/j/jamesdc1/.conda/envs/hpc-pi/lib/python3.11/site-packages/pandas/core/arraylike.py:399: RuntimeWarning: divide by zero encountered in log
  result = getattr(ufunc, method)(*inputs, **kwargs)
/u/home/j/jamesdc1/.conda/envs/hpc-pi/lib/python3.11/site-packages/pandas/core/arraylike.py:399: RuntimeWarning: divide by zero encountered in log
  result = getattr(ufunc, method)(*inputs, **kwargs)
/u/home/j/jamesdc1/.conda/envs/hpc-pi/lib/python3.11/site-packages/pandas/core/arraylike.py:399: RuntimeWarning: divide by zero encountered in log
  result = getattr(ufunc, method)(*inputs, **kwargs)
/u/home/j/jamesdc1/.conda/envs/hpc-pi/lib/python3.11/site-packages/pandas/core/arraylike.py:399: RuntimeWarning: divide by zero encountered in log
  result = getattr(ufunc, method)(*inputs, **kwargs)
/u/home/j/jamesdc1/.conda/envs/hpc-pi/lib/python3.11/site-packages/pandas/core/arraylike.py:399: RuntimeWarning: divide by zero encountered in log
  result = getattr(ufunc, method)(*inputs, **kwargs)
/u/home/j/jamesdc1/.conda/envs/hpc-pi/lib/python3.11/site-packages/pandas/core/arraylike.py:399: RuntimeWarning: divide by zero encountered in log
  result = getattr(ufunc, method)(*inputs, **kwargs)
    segment    estimator  train_win  pooled_train_win  bar_end      sample     n      first  QLIKE_subsection  QLIKE_pooled     diff       pct    ci_lo    ci_hi   dm_stat  improves
    bar1000     reclasso        500               500 all bars      common  3119 2012-03-23           0.11729       0.11907 -0.00179  -1.49994 -0.00503  0.00134  -1.11974     False
    bar1000     reclasso        500               500 all bars deck period  1116 2020-01-03           0.12064       0.11802  0.00262   2.21908 -0.00251  0.00830   1.06762     False
    bar1000     reclasso        500               500    10:00      common  3119 2012-03-23           0.11729       0.11907 -0.00179  -1.49994 -0.00503  0.00134  -1.11974     False
    bar1000     reclasso        500               500    10:00 deck period  1116 2020-01-03           0.12064       0.11802  0.00262   2.21908 -0.00251  0.00830   1.06762     False
    bar1000     reclasso       2000               500 all bars      common  1619 2018-01-19           0.12422       0.12658 -0.00236  -1.86300 -0.00804  0.00273  -0.92721     False
    bar1000     reclasso       2000               500 all bars deck period  1116 2020-01-03           0.12216       0.11802  0.00413   3.50361 -0.00167  0.00982   1.52094     False
    bar1000     reclasso       2000               500    10:00      common  1619 2018-01-19           0.12422       0.12658 -0.00236  -1.86300 -0.00804  0.00273  -0.92721     False
    bar1000     reclasso       2000               500    10:00 deck period  1116 2020-01-03           0.12216       0.11802  0.00413   3.50361 -0.00167  0.00982   1.52094     False
    bar1000     reclasso       2000              2000 all bars      common  1619 2018-01-19           0.12422       0.12531 -0.00108  -0.86488 -0.00455  0.00219  -0.67779     False
    bar1000     reclasso       2000              2000 all bars deck period  1116 2020-01-03           0.12216       0.12061  0.00154   1.27723 -0.00195  0.00516   0.93428     False
    bar1000     reclasso       2000              2000    10:00      common  1619 2018-01-19           0.12422       0.12531 -0.00108  -0.86488 -0.00455  0.00219  -0.67779     False
    bar1000     reclasso       2000              2000    10:00 deck period  1116 2020-01-03           0.12216       0.12061  0.00154   1.27723 -0.00195  0.00516   0.93428     False
    bar1000 reclasticnet        500               500 all bars      common  3119 2012-03-23           0.11684       0.11922 -0.00239  -2.00203 -0.00568  0.00077  -1.48161     False
    bar1000 reclasticnet        500               500 all bars deck period  1116 2020-01-03           0.11990       0.11849  0.00142   1.19662 -0.00387  0.00711   0.56024     False
    bar1000 reclasticnet        500               500    10:00      common  3119 2012-03-23           0.11684       0.11922 -0.00239  -2.00203 -0.00568  0.00077  -1.48161     False
    bar1000 reclasticnet        500               500    10:00 deck period  1116 2020-01-03           0.11990       0.11849  0.00142   1.19662 -0.00387  0.00711   0.56024     False
    bar1000 reclasticnet       2000               500 all bars      common  1619 2018-01-19           0.12383       0.12696 -0.00313  -2.46733 -0.00885  0.00198  -1.21508     False
    bar1000 reclasticnet       2000               500 all bars deck period  1116 2020-01-03           0.12160       0.11849  0.00311   2.62666 -0.00254  0.00891   1.12724     False
    bar1000 reclasticnet       2000               500    10:00      common  1619 2018-01-19           0.12383       0.12696 -0.00313  -2.46733 -0.00885  0.00198  -1.21508     False
    bar1000 reclasticnet       2000               500    10:00 deck period  1116 2020-01-03           0.12160       0.11849  0.00311   2.62666 -0.00254  0.00891   1.12724     False
    bar1000 reclasticnet       2000              2000 all bars      common  1619 2018-01-19           0.12383       0.12544 -0.00161  -1.28449 -0.00510  0.00172  -0.99754     False
    bar1000 reclasticnet       2000              2000 all bars deck period  1116 2020-01-03           0.12160       0.12053  0.00107   0.88589 -0.00231  0.00464   0.65561     False
    bar1000 reclasticnet       2000              2000    10:00      common  1619 2018-01-19           0.12383       0.12544 -0.00161  -1.28449 -0.00510  0.00172  -0.99754     False
    bar1000 reclasticnet       2000              2000    10:00 deck period  1116 2020-01-03           0.12160       0.12053  0.00107   0.88589 -0.00231  0.00464   0.65561     False
    bar1000        ridge        500               500 all bars      common  3119 2012-03-23           0.11887       0.11872  0.00015   0.12744 -0.00336  0.00344   0.08564     False
    bar1000        ridge        500               500 all bars deck period  1116 2020-01-03           0.12106       0.11723  0.00383   3.26507 -0.00198  0.00999   1.40958     False
    bar1000        ridge        500               500    10:00      common  3119 2012-03-23           0.11887       0.11872  0.00015   0.12744 -0.00336  0.00344   0.08564     False
    bar1000        ridge        500               500    10:00 deck period  1116 2020-01-03           0.12106       0.11723  0.00383   3.26507 -0.00198  0.00999   1.40958     False
    bar1000        ridge       2000               500 all bars      common  1619 2018-01-19           0.12493       0.12600 -0.00108  -0.85534 -0.00689  0.00424  -0.40674     False
    bar1000        ridge       2000               500 all bars deck period  1116 2020-01-03           0.12254       0.11723  0.00531   4.53266 -0.00043  0.01129   1.83473     False
    bar1000        ridge       2000               500    10:00      common  1619 2018-01-19           0.12493       0.12600 -0.00108  -0.85534 -0.00689  0.00424  -0.40674     False
    bar1000        ridge       2000               500    10:00 deck period  1116 2020-01-03           0.12254       0.11723  0.00531   4.53266 -0.00043  0.01129   1.83473     False
    bar1000        ridge       2000              2000 all bars      common  1619 2018-01-19           0.12493       0.12454  0.00039   0.31380 -0.00315  0.00399   0.22311     False
    bar1000        ridge       2000              2000 all bars deck period  1116 2020-01-03           0.12254       0.11965  0.00289   2.41302 -0.00090  0.00700   1.50752     False
    bar1000        ridge       2000              2000    10:00      common  1619 2018-01-19           0.12493       0.12454  0.00039   0.31380 -0.00315  0.00399   0.22311     False
    bar1000        ridge       2000              2000    10:00 deck period  1116 2020-01-03           0.12254       0.11965  0.00289   2.41302 -0.00090  0.00700   1.50752     False
    bar1030     reclasso        500               500 all bars      common  3119 2012-03-23           0.14688       0.15031 -0.00343  -2.28123 -0.00608 -0.00094  -2.77050      True
    bar1030     reclasso        500               500 all bars deck period  1116 2020-01-03           0.15671       0.15794 -0.00123  -0.77959 -0.00481  0.00226  -0.63181     False
    bar1030     reclasso        500               500    10:30      common  3119 2012-03-23           0.14688       0.15031 -0.00343  -2.28123 -0.00608 -0.00094  -2.77050      True
    bar1030     reclasso        500               500    10:30 deck period  1116 2020-01-03           0.15671       0.15794 -0.00123  -0.77959 -0.00481  0.00226  -0.63181     False
    bar1030     reclasso       2000               500 all bars      common  1619 2018-01-19           0.16117       0.16356 -0.00239  -1.46382 -0.00715  0.00221  -0.95406     False
    bar1030     reclasso       2000               500 all bars deck period  1116 2020-01-03           0.15831       0.15794  0.00036   0.22998 -0.00625  0.00615   0.10892     False
    bar1030     reclasso       2000               500    10:30      common  1619 2018-01-19           0.16117       0.16356 -0.00239  -1.46382 -0.00715  0.00221  -0.95406     False
    bar1030     reclasso       2000               500    10:30 deck period  1116 2020-01-03           0.15831       0.15794  0.00036   0.22998 -0.00625  0.00615   0.10892     False
    bar1030     reclasso       2000              2000 all bars      common  1619 2018-01-19           0.16117       0.16424 -0.00307  -1.86996 -0.00594 -0.00024  -2.09064      True
    bar1030     reclasso       2000              2000 all bars deck period  1116 2020-01-03           0.15831       0.16050 -0.00219  -1.36397 -0.00597  0.00131  -1.22055     False
    bar1030     reclasso       2000              2000    10:30      common  1619 2018-01-19           0.16117       0.16424 -0.00307  -1.86996 -0.00594 -0.00024  -2.09064      True
    bar1030     reclasso       2000              2000    10:30 deck period  1116 2020-01-03           0.15831       0.16050 -0.00219  -1.36397 -0.00597  0.00131  -1.22055     False
    bar1030 reclasticnet        500               500 all bars      common  3119 2012-03-23           0.14680       0.15002 -0.00323  -2.15199 -0.00566 -0.00087  -2.76655      True
    bar1030 reclasticnet        500               500 all bars deck period  1116 2020-01-03           0.15629       0.15790 -0.00161  -1.01754 -0.00531  0.00200  -0.82044     False
    bar1030 reclasticnet        500               500    10:30      common  3119 2012-03-23           0.14680       0.15002 -0.00323  -2.15199 -0.00566 -0.00087  -2.76655      True
    bar1030 reclasticnet        500               500    10:30 deck period  1116 2020-01-03           0.15629       0.15790 -0.00161  -1.01754 -0.00531  0.00200  -0.82044     False
    bar1030 reclasticnet       2000               500 all bars      common  1619 2018-01-19           0.16272       0.16346 -0.00074  -0.45556 -0.00527  0.00361  -0.30084     False
    bar1030 reclasticnet       2000               500 all bars deck period  1116 2020-01-03           0.15941       0.15790  0.00151   0.95560 -0.00502  0.00720   0.45556     False
    bar1030 reclasticnet       2000               500    10:30      common  1619 2018-01-19           0.16272       0.16346 -0.00074  -0.45556 -0.00527  0.00361  -0.30084     False
    bar1030 reclasticnet       2000               500    10:30 deck period  1116 2020-01-03           0.15941       0.15790  0.00151   0.95560 -0.00502  0.00720   0.45556     False
    bar1030 reclasticnet       2000              2000 all bars      common  1619 2018-01-19           0.16272       0.16406 -0.00135  -0.82004 -0.00406  0.00125  -0.97542     False
    bar1030 reclasticnet       2000              2000 all bars deck period  1116 2020-01-03           0.15941       0.16037 -0.00096  -0.59971 -0.00454  0.00237  -0.56483     False
    bar1030 reclasticnet       2000              2000    10:30      common  1619 2018-01-19           0.16272       0.16406 -0.00135  -0.82004 -0.00406  0.00125  -0.97542     False
    bar1030 reclasticnet       2000              2000    10:30 deck period  1116 2020-01-03           0.15941       0.16037 -0.00096  -0.59971 -0.00454  0.00237  -0.56483     False
    bar1030        ridge        500               500 all bars      common  3119 2012-03-23           0.14940       0.15004 -0.00064  -0.42343 -0.00416  0.00273  -0.40087     False
    bar1030        ridge        500               500 all bars deck period  1116 2020-01-03           0.15596       0.15810 -0.00214  -1.35627 -0.00769  0.00275  -0.77467     False
    bar1030        ridge        500               500    10:30      common  3119 2012-03-23           0.14940       0.15004 -0.00064  -0.42343 -0.00416  0.00273  -0.40087     False
    bar1030        ridge        500               500    10:30 deck period  1116 2020-01-03           0.15596       0.15810 -0.00214  -1.35627 -0.00769  0.00275  -0.77467     False
    bar1030        ridge       2000               500 all bars      common  1619 2018-01-19           0.16188       0.16363 -0.00174  -1.06643 -0.00640  0.00264  -0.70519     False
    bar1030        ridge       2000               500 all bars deck period  1116 2020-01-03           0.15887       0.15810  0.00077   0.48505 -0.00572  0.00643   0.23182     False
    bar1030        ridge       2000               500    10:30      common  1619 2018-01-19           0.16188       0.16363 -0.00174  -1.06643 -0.00640  0.00264  -0.70519     False
    bar1030        ridge       2000               500    10:30 deck period  1116 2020-01-03           0.15887       0.15810  0.00077   0.48505 -0.00572  0.00643   0.23182     False
    bar1030        ridge       2000              2000 all bars      common  1619 2018-01-19           0.16188       0.16365 -0.00177  -1.07989 -0.00438  0.00085  -1.27919     False
    bar1030        ridge       2000              2000 all bars deck period  1116 2020-01-03           0.15887       0.15982 -0.00095  -0.59564 -0.00423  0.00230  -0.57834     False
    bar1030        ridge       2000              2000    10:30      common  1619 2018-01-19           0.16188       0.16365 -0.00177  -1.07989 -0.00438  0.00085  -1.27919     False
    bar1030        ridge       2000              2000    10:30 deck period  1116 2020-01-03           0.15887       0.15982 -0.00095  -0.59564 -0.00423  0.00230  -0.57834     False
    bar1100     reclasso        500               500 all bars      common  3119 2012-03-23           0.12946       0.13310 -0.00364  -2.73571 -0.00545 -0.00195  -4.08019      True
    bar1100     reclasso        500               500 all bars deck period  1116 2020-01-03           0.14803       0.14914 -0.00111  -0.74539 -0.00485  0.00231  -0.65379     False
    bar1100     reclasso        500               500    11:00      common  3119 2012-03-23           0.12946       0.13310 -0.00364  -2.73571 -0.00545 -0.00195  -4.08019      True
    bar1100     reclasso        500               500    11:00 deck period  1116 2020-01-03           0.14803       0.14914 -0.00111  -0.74539 -0.00485  0.00231  -0.65379     False
    bar1100     reclasso       2000               500 all bars      common  1619 2018-01-19           0.14424       0.14182  0.00241   1.70203 -0.00130  0.00610   1.35191     False
    bar1100     reclasso       2000               500 all bars deck period  1116 2020-01-03           0.15342       0.14914  0.00429   2.87415  0.00053  0.00799   2.45663     False
    bar1100     reclasso       2000               500    11:00      common  1619 2018-01-19           0.14424       0.14182  0.00241   1.70203 -0.00130  0.00610   1.35191     False
    bar1100     reclasso       2000               500    11:00 deck period  1116 2020-01-03           0.15342       0.14914  0.00429   2.87415  0.00053  0.00799   2.45663     False
    bar1100     reclasso       2000              2000 all bars      common  1619 2018-01-19           0.14424       0.14628 -0.00204  -1.39727 -0.00414  0.00028  -1.90392     False
    bar1100     reclasso       2000              2000 all bars deck period  1116 2020-01-03           0.15342       0.15633 -0.00290  -1.85594 -0.00492 -0.00092  -2.94465      True
    bar1100     reclasso       2000              2000    11:00      common  1619 2018-01-19           0.14424       0.14628 -0.00204  -1.39727 -0.00414  0.00028  -1.90392     False
    bar1100     reclasso       2000              2000    11:00 deck period  1116 2020-01-03           0.15342       0.15633 -0.00290  -1.85594 -0.00492 -0.00092  -2.94465      True
    bar1100 reclasticnet        500               500 all bars      common  3119 2012-03-23           0.12907       0.13288 -0.00382  -2.87103 -0.00582 -0.00191  -3.83515      True
    bar1100 reclasticnet        500               500 all bars deck period  1116 2020-01-03           0.14849       0.14911 -0.00062  -0.41415 -0.00450  0.00295  -0.35085     False
    bar1100 reclasticnet        500               500    11:00      common  3119 2012-03-23           0.12907       0.13288 -0.00382  -2.87103 -0.00582 -0.00191  -3.83515      True
    bar1100 reclasticnet        500               500    11:00 deck period  1116 2020-01-03           0.14849       0.14911 -0.00062  -0.41415 -0.00450  0.00295  -0.35085     False
    bar1100 reclasticnet       2000               500 all bars      common  1619 2018-01-19           0.14344       0.14190  0.00154   1.08175 -0.00218  0.00521   0.84591     False
    bar1100 reclasticnet       2000               500 all bars deck period  1116 2020-01-03           0.15233       0.14911  0.00321   2.15488 -0.00032  0.00677   1.84602     False
    bar1100 reclasticnet       2000               500    11:00      common  1619 2018-01-19           0.14344       0.14190  0.00154   1.08175 -0.00218  0.00521   0.84591     False
    bar1100 reclasticnet       2000               500    11:00 deck period  1116 2020-01-03           0.15233       0.14911  0.00321   2.15488 -0.00032  0.00677   1.84602     False
    bar1100 reclasticnet       2000              2000 all bars      common  1619 2018-01-19           0.14344       0.14600 -0.00256  -1.75468 -0.00469 -0.00007  -2.38013      True
    bar1100 reclasticnet       2000              2000 all bars deck period  1116 2020-01-03           0.15233       0.15613 -0.00380  -2.43498 -0.00557 -0.00210  -4.63093      True
    bar1100 reclasticnet       2000              2000    11:00      common  1619 2018-01-19           0.14344       0.14600 -0.00256  -1.75468 -0.00469 -0.00007  -2.38013      True
    bar1100 reclasticnet       2000              2000    11:00 deck period  1116 2020-01-03           0.15233       0.15613 -0.00380  -2.43498 -0.00557 -0.00210  -4.63093      True
    bar1100        ridge        500               500 all bars      common  3119 2012-03-23           0.13122       0.13269 -0.00147  -1.10589 -0.00339  0.00040  -1.48873     False
    bar1100        ridge        500               500 all bars deck period  1116 2020-01-03           0.15075       0.14865  0.00210   1.41163 -0.00090  0.00504   1.39569     False
    bar1100        ridge        500               500    11:00      common  3119 2012-03-23           0.13122       0.13269 -0.00147  -1.10589 -0.00339  0.00040  -1.48873     False
    bar1100        ridge        500               500    11:00 deck period  1116 2020-01-03           0.15075       0.14865  0.00210   1.41163 -0.00090  0.00504   1.39569     False
    bar1100        ridge       2000               500 all bars      common  1619 2018-01-19           0.14389       0.14153  0.00236   1.66552 -0.00112  0.00580   1.35047     False
    bar1100        ridge       2000               500 all bars deck period  1116 2020-01-03           0.15255       0.14865  0.00390   2.62190  0.00034  0.00760   2.11919     False
    bar1100        ridge       2000               500    11:00      common  1619 2018-01-19           0.14389       0.14153  0.00236   1.66552 -0.00112  0.00580   1.35047     False
    bar1100        ridge       2000               500    11:00 deck period  1116 2020-01-03           0.15255       0.14865  0.00390   2.62190  0.00034  0.00760   2.11919     False
    bar1100        ridge       2000              2000 all bars      common  1619 2018-01-19           0.14389       0.14519 -0.00130  -0.89427 -0.00335  0.00095  -1.30340     False
    bar1100        ridge       2000              2000 all bars deck period  1116 2020-01-03           0.15255       0.15509 -0.00254  -1.63850 -0.00444 -0.00052  -2.60250      True
    bar1100        ridge       2000              2000    11:00      common  1619 2018-01-19           0.14389       0.14519 -0.00130  -0.89427 -0.00335  0.00095  -1.30340     False
    bar1100        ridge       2000              2000    11:00 deck period  1116 2020-01-03           0.15255       0.15509 -0.00254  -1.63850 -0.00444 -0.00052  -2.60250      True
    bar1130     reclasso        500               500 all bars      common  3121 2012-03-21           0.13004       0.13617 -0.00613  -4.50015 -0.00927 -0.00292  -4.14325      True
    bar1130     reclasso        500               500 all bars deck period  1116 2020-01-03           0.13740       0.14439 -0.00699  -4.84388 -0.01085 -0.00298  -3.70701      True
    bar1130     reclasso        500               500    11:30      common  3121 2012-03-21           0.13004       0.13617 -0.00613  -4.50015 -0.00927 -0.00292  -4.14325      True
    bar1130     reclasso        500               500    11:30 deck period  1116 2020-01-03           0.13740       0.14439 -0.00699  -4.84388 -0.01085 -0.00298  -3.70701      True
    bar1130     reclasso       2000               500 all bars      common  1621 2018-01-17           0.13423       0.13914 -0.00491  -3.52613 -0.00931 -0.00100  -2.60223      True
    bar1130     reclasso       2000               500 all bars deck period  1116 2020-01-03           0.14109       0.14439 -0.00330  -2.28776 -0.00824  0.00139  -1.61118     False
    bar1130     reclasso       2000               500    11:30      common  1621 2018-01-17           0.13423       0.13914 -0.00491  -3.52613 -0.00931 -0.00100  -2.60223      True
    bar1130     reclasso       2000               500    11:30 deck period  1116 2020-01-03           0.14109       0.14439 -0.00330  -2.28776 -0.00824  0.00139  -1.61118     False
    bar1130     reclasso       2000              2000 all bars      common  1621 2018-01-17           0.13423       0.14474 -0.01051  -7.25954 -0.01389 -0.00723  -6.50871      True
    bar1130     reclasso       2000              2000 all bars deck period  1116 2020-01-03           0.14109       0.15494 -0.01385  -8.93768 -0.01748 -0.01018  -7.66253      True
    bar1130     reclasso       2000              2000    11:30      common  1621 2018-01-17           0.13423       0.14474 -0.01051  -7.25954 -0.01389 -0.00723  -6.50871      True
    bar1130     reclasso       2000              2000    11:30 deck period  1116 2020-01-03           0.14109       0.15494 -0.01385  -8.93768 -0.01748 -0.01018  -7.66253      True
    bar1130 reclasticnet        500               500 all bars      common  3121 2012-03-21           0.12971       0.13584 -0.00613  -4.51494 -0.00930 -0.00275  -3.89062      True
    bar1130 reclasticnet        500               500 all bars deck period  1116 2020-01-03           0.13659       0.14410 -0.00751  -5.20992 -0.01168 -0.00349  -3.87327      True
    bar1130 reclasticnet        500               500    11:30      common  3121 2012-03-21           0.12971       0.13584 -0.00613  -4.51494 -0.00930 -0.00275  -3.89062      True
    bar1130 reclasticnet        500               500    11:30 deck period  1116 2020-01-03           0.13659       0.14410 -0.00751  -5.20992 -0.01168 -0.00349  -3.87327      True
    bar1130 reclasticnet       2000               500 all bars      common  1621 2018-01-17           0.13444       0.13893 -0.00449  -3.23299 -0.00869 -0.00070  -2.45877      True
    bar1130 reclasticnet       2000               500 all bars deck period  1116 2020-01-03           0.14162       0.14410 -0.00248  -1.71994 -0.00700  0.00207  -1.26595     False
    bar1130 reclasticnet       2000               500    11:30      common  1621 2018-01-17           0.13444       0.13893 -0.00449  -3.23299 -0.00869 -0.00070  -2.45877      True
    bar1130 reclasticnet       2000               500    11:30 deck period  1116 2020-01-03           0.14162       0.14410 -0.00248  -1.71994 -0.00700  0.00207  -1.26595     False
    bar1130 reclasticnet       2000              2000 all bars      common  1621 2018-01-17           0.13444       0.14455 -0.01012  -6.99984 -0.01327 -0.00698  -6.59514      True
    bar1130 reclasticnet       2000              2000 all bars deck period  1116 2020-01-03           0.14162       0.15477 -0.01315  -8.49614 -0.01650 -0.00968  -7.94114      True
    bar1130 reclasticnet       2000              2000    11:30      common  1621 2018-01-17           0.13444       0.14455 -0.01012  -6.99984 -0.01327 -0.00698  -6.59514      True
    bar1130 reclasticnet       2000              2000    11:30 deck period  1116 2020-01-03           0.14162       0.15477 -0.01315  -8.49614 -0.01650 -0.00968  -7.94114      True
    bar1130        ridge        500               500 all bars      common  3121 2012-03-21           0.13277       0.13574 -0.00297  -2.18545 -0.00689  0.00174  -1.47989     False
    bar1130        ridge        500               500 all bars deck period  1116 2020-01-03           0.13966       0.14408 -0.00442  -3.06535 -0.00863 -0.00001  -2.08386      True
    bar1130        ridge        500               500    11:30      common  3121 2012-03-21           0.13277       0.13574 -0.00297  -2.18545 -0.00689  0.00174  -1.47989     False
    bar1130        ridge        500               500    11:30 deck period  1116 2020-01-03           0.13966       0.14408 -0.00442  -3.06535 -0.00863 -0.00001  -2.08386      True
    bar1130        ridge       2000               500 all bars      common  1621 2018-01-17           0.13435       0.13898 -0.00463  -3.33018 -0.00879 -0.00084  -2.51690      True
    bar1130        ridge       2000               500 all bars deck period  1116 2020-01-03           0.14178       0.14408 -0.00230  -1.59425 -0.00672  0.00206  -1.17775     False
    bar1130        ridge       2000               500    11:30      common  1621 2018-01-17           0.13435       0.13898 -0.00463  -3.33018 -0.00879 -0.00084  -2.51690      True
    bar1130        ridge       2000               500    11:30 deck period  1116 2020-01-03           0.14178       0.14408 -0.00230  -1.59425 -0.00672  0.00206  -1.17775     False
    bar1130        ridge       2000              2000 all bars      common  1621 2018-01-17           0.13435       0.14364 -0.00929  -6.46831 -0.01236 -0.00620  -6.21835      True
    bar1130        ridge       2000              2000 all bars deck period  1116 2020-01-03           0.14178       0.15375 -0.01197  -7.78458 -0.01525 -0.00856  -7.45552      True
    bar1130        ridge       2000              2000    11:30      common  1621 2018-01-17           0.13435       0.14364 -0.00929  -6.46831 -0.01236 -0.00620  -6.21835      True
    bar1130        ridge       2000              2000    11:30 deck period  1116 2020-01-03           0.14178       0.15375 -0.01197  -7.78458 -0.01525 -0.00856  -7.45552      True
    bar1200     reclasso        500               500 all bars      common  3060 2012-05-31           0.13516       0.14220 -0.00704  -4.95031 -0.00952 -0.00453  -5.74077      True
    bar1200     reclasso        500               500 all bars deck period  1116 2020-01-03           0.13089       0.14083 -0.00994  -7.05919 -0.01436 -0.00559  -4.18468      True
    bar1200     reclasso        500               500    12:00      common  3060 2012-05-31           0.13516       0.14220 -0.00704  -4.95031 -0.00952 -0.00453  -5.74077      True
    bar1200     reclasso        500               500    12:00 deck period  1116 2020-01-03           0.13089       0.14083 -0.00994  -7.05919 -0.01436 -0.00559  -4.18468      True
    bar1200     reclasso       2000               500 all bars      common  1560 2018-04-13           0.15114       0.15680 -0.00566  -3.60877 -0.00946 -0.00177  -2.86871      True
    bar1200     reclasso       2000               500 all bars deck period  1116 2020-01-03           0.13576       0.14083 -0.00507  -3.59954 -0.00936 -0.00105  -3.02930      True
    bar1200     reclasso       2000               500    12:00      common  1560 2018-04-13           0.15114       0.15680 -0.00566  -3.60877 -0.00946 -0.00177  -2.86871      True
    bar1200     reclasso       2000               500    12:00 deck period  1116 2020-01-03           0.13576       0.14083 -0.00507  -3.59954 -0.00936 -0.00105  -3.02930      True
    bar1200     reclasso       2000              2000 all bars      common  1560 2018-04-13           0.15114       0.16454 -0.01340  -8.14329 -0.01657 -0.01000  -7.85422      True
    bar1200     reclasso       2000              2000 all bars deck period  1116 2020-01-03           0.13576       0.15123 -0.01547 -10.22952 -0.01839 -0.01245  -9.38667      True
    bar1200     reclasso       2000              2000    12:00      common  1560 2018-04-13           0.15114       0.16454 -0.01340  -8.14329 -0.01657 -0.01000  -7.85422      True
    bar1200     reclasso       2000              2000    12:00 deck period  1116 2020-01-03           0.13576       0.15123 -0.01547 -10.22952 -0.01839 -0.01245  -9.38667      True
    bar1200 reclasticnet        500               500 all bars      common  3060 2012-05-31           0.13470       0.14189 -0.00719  -5.06700 -0.00983 -0.00460  -5.54616      True
    bar1200 reclasticnet        500               500 all bars deck period  1116 2020-01-03           0.13076       0.14075 -0.00999  -7.09894 -0.01443 -0.00544  -4.06052      True
    bar1200 reclasticnet        500               500    12:00      common  3060 2012-05-31           0.13470       0.14189 -0.00719  -5.06700 -0.00983 -0.00460  -5.54616      True
    bar1200 reclasticnet        500               500    12:00 deck period  1116 2020-01-03           0.13076       0.14075 -0.00999  -7.09894 -0.01443 -0.00544  -4.06052      True
    bar1200 reclasticnet       2000               500 all bars      common  1560 2018-04-13           0.15110       0.15666 -0.00556  -3.54914 -0.00943 -0.00154  -2.74213      True
    bar1200 reclasticnet       2000               500 all bars deck period  1116 2020-01-03           0.13565       0.14075 -0.00510  -3.62168 -0.00954 -0.00095  -2.96350      True
    bar1200 reclasticnet       2000               500    12:00      common  1560 2018-04-13           0.15110       0.15666 -0.00556  -3.54914 -0.00943 -0.00154  -2.74213      True
    bar1200 reclasticnet       2000               500    12:00 deck period  1116 2020-01-03           0.13565       0.14075 -0.00510  -3.62168 -0.00954 -0.00095  -2.96350      True
    bar1200 reclasticnet       2000              2000 all bars      common  1560 2018-04-13           0.15110       0.16420 -0.01311  -7.98135 -0.01634 -0.00967  -7.48355      True
    bar1200 reclasticnet       2000              2000 all bars deck period  1116 2020-01-03           0.13565       0.15111 -0.01546 -10.22891 -0.01845 -0.01245  -9.37574      True
    bar1200 reclasticnet       2000              2000    12:00      common  1560 2018-04-13           0.15110       0.16420 -0.01311  -7.98135 -0.01634 -0.00967  -7.48355      True
    bar1200 reclasticnet       2000              2000    12:00 deck period  1116 2020-01-03           0.13565       0.15111 -0.01546 -10.22891 -0.01845 -0.01245  -9.37574      True
    bar1200        ridge        500               500 all bars      common  3060 2012-05-31           0.13735       0.14180 -0.00444  -3.13416 -0.00735 -0.00158  -3.04399      True
    bar1200        ridge        500               500 all bars deck period  1116 2020-01-03           0.13550       0.14045 -0.00495  -3.52199 -0.00994  0.00013  -1.83255     False
    bar1200        ridge        500               500    12:00      common  3060 2012-05-31           0.13735       0.14180 -0.00444  -3.13416 -0.00735 -0.00158  -3.04399      True
    bar1200        ridge        500               500    12:00 deck period  1116 2020-01-03           0.13550       0.14045 -0.00495  -3.52199 -0.00994  0.00013  -1.83255     False
    bar1200        ridge       2000               500 all bars      common  1560 2018-04-13           0.15717       0.15653  0.00064   0.40900 -0.00341  0.00487   0.30714     False
    bar1200        ridge       2000               500 all bars deck period  1116 2020-01-03           0.14400       0.14045  0.00355   2.52785 -0.00069  0.00817   1.91019     False
    bar1200        ridge       2000               500    12:00      common  1560 2018-04-13           0.15717       0.15653  0.00064   0.40900 -0.00341  0.00487   0.30714     False
    bar1200        ridge       2000               500    12:00 deck period  1116 2020-01-03           0.14400       0.14045  0.00355   2.52785 -0.00069  0.00817   1.91019     False
    bar1200        ridge       2000              2000 all bars      common  1560 2018-04-13           0.15717       0.16340 -0.00623  -3.81302 -0.01044 -0.00182  -3.25254      True
    bar1200        ridge       2000              2000 all bars deck period  1116 2020-01-03           0.14400       0.14998 -0.00598  -3.98644 -0.01064 -0.00041  -2.86319      True
    bar1200        ridge       2000              2000    12:00      common  1560 2018-04-13           0.15717       0.16340 -0.00623  -3.81302 -0.01044 -0.00182  -3.25254      True
    bar1200        ridge       2000              2000    12:00 deck period  1116 2020-01-03           0.14400       0.14998 -0.00598  -3.98644 -0.01064 -0.00041  -2.86319      True
    bar1230     reclasso        500               500 all bars      common  3060 2012-05-31           0.14250       0.14968 -0.00719  -4.80096 -0.00995 -0.00442  -5.43840      True
    bar1230     reclasso        500               500 all bars deck period  1116 2020-01-03           0.14665       0.15381 -0.00716  -4.65320 -0.01223 -0.00277  -3.09034      True
    bar1230     reclasso        500               500    12:30      common  3060 2012-05-31           0.14250       0.14968 -0.00719  -4.80096 -0.00995 -0.00442  -5.43840      True
    bar1230     reclasso        500               500    12:30 deck period  1116 2020-01-03           0.14665       0.15381 -0.00716  -4.65320 -0.01223 -0.00277  -3.09034      True
    bar1230     reclasso       2000               500 all bars      common  1560 2018-04-13           0.16045       0.16282 -0.00237  -1.45347 -0.00629  0.00174  -1.37810     False
    bar1230     reclasso       2000               500 all bars deck period  1116 2020-01-03           0.15600       0.15381  0.00219   1.42497 -0.00200  0.00679   1.21420     False
    bar1230     reclasso       2000               500    12:30      common  1560 2018-04-13           0.16045       0.16282 -0.00237  -1.45347 -0.00629  0.00174  -1.37810     False
    bar1230     reclasso       2000               500    12:30 deck period  1116 2020-01-03           0.15600       0.15381  0.00219   1.42497 -0.00200  0.00679   1.21420     False
    bar1230     reclasso       2000              2000 all bars      common  1560 2018-04-13           0.16045       0.17151 -0.01106  -6.44848 -0.01362 -0.00842  -7.46306      True
    bar1230     reclasso       2000              2000 all bars deck period  1116 2020-01-03           0.15600       0.16612 -0.01012  -6.09215 -0.01260 -0.00771  -7.29960      True
    bar1230     reclasso       2000              2000    12:30      common  1560 2018-04-13           0.16045       0.17151 -0.01106  -6.44848 -0.01362 -0.00842  -7.46306      True
    bar1230     reclasso       2000              2000    12:30 deck period  1116 2020-01-03           0.15600       0.16612 -0.01012  -6.09215 -0.01260 -0.00771  -7.29960      True
    bar1230 reclasticnet        500               500 all bars      common  3060 2012-05-31           0.14209       0.14931 -0.00722  -4.83285 -0.00996 -0.00448  -5.37117      True
    bar1230 reclasticnet        500               500 all bars deck period  1116 2020-01-03           0.14647       0.15332 -0.00685  -4.46721 -0.01171 -0.00256  -2.89765      True
    bar1230 reclasticnet        500               500    12:30      common  3060 2012-05-31           0.14209       0.14931 -0.00722  -4.83285 -0.00996 -0.00448  -5.37117      True
    bar1230 reclasticnet        500               500    12:30 deck period  1116 2020-01-03           0.14647       0.15332 -0.00685  -4.46721 -0.01171 -0.00256  -2.89765      True
    bar1230 reclasticnet       2000               500 all bars      common  1560 2018-04-13           0.16020       0.16251 -0.00231  -1.41966 -0.00627  0.00186  -1.34217     False
    bar1230 reclasticnet       2000               500 all bars deck period  1116 2020-01-03           0.15566       0.15332  0.00234   1.52565 -0.00194  0.00702   1.31571     False
    bar1230 reclasticnet       2000               500    12:30      common  1560 2018-04-13           0.16020       0.16251 -0.00231  -1.41966 -0.00627  0.00186  -1.34217     False
    bar1230 reclasticnet       2000               500    12:30 deck period  1116 2020-01-03           0.15566       0.15332  0.00234   1.52565 -0.00194  0.00702   1.31571     False
    bar1230 reclasticnet       2000              2000 all bars      common  1560 2018-04-13           0.16020       0.17151 -0.01131  -6.59327 -0.01391 -0.00853  -7.66447      True
    bar1230 reclasticnet       2000              2000 all bars deck period  1116 2020-01-03           0.15566       0.16615 -0.01049  -6.31563 -0.01303 -0.00808  -7.78000      True
    bar1230 reclasticnet       2000              2000    12:30      common  1560 2018-04-13           0.16020       0.17151 -0.01131  -6.59327 -0.01391 -0.00853  -7.66447      True
    bar1230 reclasticnet       2000              2000    12:30 deck period  1116 2020-01-03           0.15566       0.16615 -0.01049  -6.31563 -0.01303 -0.00808  -7.78000      True
    bar1230        ridge        500               500 all bars      common  3060 2012-05-31           0.14505       0.14897 -0.00392  -2.63088 -0.00663 -0.00109  -2.98705      True
    bar1230        ridge        500               500 all bars deck period  1116 2020-01-03           0.14777       0.15281 -0.00505  -3.30419 -0.00911 -0.00136  -2.59175      True
    bar1230        ridge        500               500    12:30      common  3060 2012-05-31           0.14505       0.14897 -0.00392  -2.63088 -0.00663 -0.00109  -2.98705      True
    bar1230        ridge        500               500    12:30 deck period  1116 2020-01-03           0.14777       0.15281 -0.00505  -3.30419 -0.00911 -0.00136  -2.59175      True
    bar1230        ridge       2000               500 all bars      common  1560 2018-04-13           0.16095       0.16212 -0.00117  -0.72310 -0.00493  0.00293  -0.69277     False
    bar1230        ridge       2000               500 all bars deck period  1116 2020-01-03           0.15629       0.15281  0.00348   2.27499 -0.00047  0.00824   1.90027     False
    bar1230        ridge       2000               500    12:30      common  1560 2018-04-13           0.16095       0.16212 -0.00117  -0.72310 -0.00493  0.00293  -0.69277     False
    bar1230        ridge       2000               500    12:30 deck period  1116 2020-01-03           0.15629       0.15281  0.00348   2.27499 -0.00047  0.00824   1.90027     False
    bar1230        ridge       2000              2000 all bars      common  1560 2018-04-13           0.16095       0.17035 -0.00940  -5.51779 -0.01193 -0.00671  -6.73629      True
    bar1230        ridge       2000              2000 all bars deck period  1116 2020-01-03           0.15629       0.16471 -0.00842  -5.11116 -0.01104 -0.00573  -6.14212      True
    bar1230        ridge       2000              2000    12:30      common  1560 2018-04-13           0.16095       0.17035 -0.00940  -5.51779 -0.01193 -0.00671  -6.73629      True
    bar1230        ridge       2000              2000    12:30 deck period  1116 2020-01-03           0.15629       0.16471 -0.00842  -5.11116 -0.01104 -0.00573  -6.14212      True
    bar1300     reclasso        500               500 all bars      common  3060 2012-05-31           0.15917       0.16460 -0.00543  -3.30027 -0.00958 -0.00051  -2.35935      True
    bar1300     reclasso        500               500 all bars deck period  1116 2020-01-03           0.16390       0.17048 -0.00657  -3.85606 -0.01703  0.00598  -1.17169     False
    bar1300     reclasso        500               500    13:00      common  3060 2012-05-31           0.15917       0.16460 -0.00543  -3.30027 -0.00958 -0.00051  -2.35935      True
    bar1300     reclasso        500               500    13:00 deck period  1116 2020-01-03           0.16390       0.17048 -0.00657  -3.85606 -0.01703  0.00598  -1.17169     False
    bar1300     reclasso       2000               500 all bars      common  1560 2018-04-13           0.17694       0.18344 -0.00650  -3.54482 -0.01109 -0.00174  -3.28426      True
    bar1300     reclasso       2000               500 all bars deck period  1116 2020-01-03           0.16717       0.17048 -0.00331  -1.93953 -0.00856  0.00184  -1.67602     False
    bar1300     reclasso       2000               500    13:00      common  1560 2018-04-13           0.17694       0.18344 -0.00650  -3.54482 -0.01109 -0.00174  -3.28426      True
    bar1300     reclasso       2000               500    13:00 deck period  1116 2020-01-03           0.16717       0.17048 -0.00331  -1.93953 -0.00856  0.00184  -1.67602     False
    bar1300     reclasso       2000              2000 all bars      common  1560 2018-04-13           0.17694       0.18929 -0.01235  -6.52642 -0.01631 -0.00749  -5.39975      True
    bar1300     reclasso       2000              2000 all bars deck period  1116 2020-01-03           0.16717       0.17872 -0.01155  -6.46412 -0.01678 -0.00553  -4.13288      True
    bar1300     reclasso       2000              2000    13:00      common  1560 2018-04-13           0.17694       0.18929 -0.01235  -6.52642 -0.01631 -0.00749  -5.39975      True
    bar1300     reclasso       2000              2000    13:00 deck period  1116 2020-01-03           0.16717       0.17872 -0.01155  -6.46412 -0.01678 -0.00553  -4.13288      True
    bar1300 reclasticnet        500               500 all bars      common  3060 2012-05-31           0.15844       0.16441 -0.00596  -3.62814 -0.00974 -0.00211  -3.16434      True
    bar1300 reclasticnet        500               500 all bars deck period  1116 2020-01-03           0.16192       0.17050 -0.00858  -5.03350 -0.01767  0.00051  -2.00745     False
    bar1300 reclasticnet        500               500    13:00      common  3060 2012-05-31           0.15844       0.16441 -0.00596  -3.62814 -0.00974 -0.00211  -3.16434      True
    bar1300 reclasticnet        500               500    13:00 deck period  1116 2020-01-03           0.16192       0.17050 -0.00858  -5.03350 -0.01767  0.00051  -2.00745     False
    bar1300 reclasticnet       2000               500 all bars      common  1560 2018-04-13           0.17739       0.18357 -0.00618  -3.36711 -0.01059 -0.00144  -3.25528      True
    bar1300 reclasticnet       2000               500 all bars deck period  1116 2020-01-03           0.16765       0.17050 -0.00285  -1.67166 -0.00821  0.00248  -1.44074     False
    bar1300 reclasticnet       2000               500    13:00      common  1560 2018-04-13           0.17739       0.18357 -0.00618  -3.36711 -0.01059 -0.00144  -3.25528      True
    bar1300 reclasticnet       2000               500    13:00 deck period  1116 2020-01-03           0.16765       0.17050 -0.00285  -1.67166 -0.00821  0.00248  -1.44074     False
    bar1300 reclasticnet       2000              2000 all bars      common  1560 2018-04-13           0.17739       0.18907 -0.01169  -6.18217 -0.01575 -0.00669  -5.05203      True
    bar1300 reclasticnet       2000              2000 all bars deck period  1116 2020-01-03           0.16765       0.17855 -0.01090  -6.10588 -0.01610 -0.00475  -3.72762      True
    bar1300 reclasticnet       2000              2000    13:00      common  1560 2018-04-13           0.17739       0.18907 -0.01169  -6.18217 -0.01575 -0.00669  -5.05203      True
    bar1300 reclasticnet       2000              2000    13:00 deck period  1116 2020-01-03           0.16765       0.17855 -0.01090  -6.10588 -0.01610 -0.00475  -3.72762      True
    bar1300        ridge        500               500 all bars      common  3060 2012-05-31           0.16145       0.16397 -0.00252  -1.53882 -0.00658  0.00266  -1.07470     False
    bar1300        ridge        500               500 all bars deck period  1116 2020-01-03           0.16678       0.16928 -0.00250  -1.47752 -0.01209  0.01104  -0.44586     False
    bar1300        ridge        500               500    13:00      common  3060 2012-05-31           0.16145       0.16397 -0.00252  -1.53882 -0.00658  0.00266  -1.07470     False
    bar1300        ridge        500               500    13:00 deck period  1116 2020-01-03           0.16678       0.16928 -0.00250  -1.47752 -0.01209  0.01104  -0.44586     False
    bar1300        ridge       2000               500 all bars      common  1560 2018-04-13           0.17918       0.18280 -0.00362  -1.98177 -0.00900  0.00208  -1.56243     False
    bar1300        ridge       2000               500 all bars deck period  1116 2020-01-03           0.17039       0.16928  0.00111   0.65618 -0.00521  0.00782   0.44625     False
    bar1300        ridge       2000               500    13:00      common  1560 2018-04-13           0.17918       0.18280 -0.00362  -1.98177 -0.00900  0.00208  -1.56243     False
    bar1300        ridge       2000               500    13:00 deck period  1116 2020-01-03           0.17039       0.16928  0.00111   0.65618 -0.00521  0.00782   0.44625     False
    bar1300        ridge       2000              2000 all bars      common  1560 2018-04-13           0.17918       0.18778 -0.00861  -4.58269 -0.01313 -0.00308  -3.52151      True
    bar1300        ridge       2000              2000 all bars deck period  1116 2020-01-03           0.17039       0.17714 -0.00675  -3.80917 -0.01234  0.00029  -2.23652     False
    bar1300        ridge       2000              2000    13:00      common  1560 2018-04-13           0.17918       0.18778 -0.00861  -4.58269 -0.01313 -0.00308  -3.52151      True
    bar1300        ridge       2000              2000    13:00 deck period  1116 2020-01-03           0.17039       0.17714 -0.00675  -3.80917 -0.01234  0.00029  -2.23652     False
    bar1330     reclasso        500               500 all bars      common  2999 2012-05-31           0.16675       0.17360 -0.00686  -3.94926 -0.01140 -0.00200  -2.95789      True
    bar1330     reclasso        500               500 all bars deck period  1088 2020-01-03           0.17386       0.17772 -0.00386  -2.16974 -0.01402  0.00608  -0.87490     False
    bar1330     reclasso        500               500    13:30      common  2999 2012-05-31           0.16675       0.17360 -0.00686  -3.94926 -0.01140 -0.00200  -2.95789      True
    bar1330     reclasso        500               500    13:30 deck period  1088 2020-01-03           0.17386       0.17772 -0.00386  -2.16974 -0.01402  0.00608  -0.87490     False
    bar1330     reclasso       2000               500 all bars      common  1499 2018-05-17           0.17548       0.18732 -0.01183  -6.31782 -0.01901 -0.00551  -3.63076      True
    bar1330     reclasso       2000               500 all bars deck period  1088 2020-01-03           0.16770       0.17772 -0.01002  -5.63765 -0.01798 -0.00363  -3.36750      True
    bar1330     reclasso       2000               500    13:30      common  1499 2018-05-17           0.17548       0.18732 -0.01183  -6.31782 -0.01901 -0.00551  -3.63076      True
    bar1330     reclasso       2000               500    13:30 deck period  1088 2020-01-03           0.16770       0.17772 -0.01002  -5.63765 -0.01798 -0.00363  -3.36750      True
    bar1330     reclasso       2000              2000 all bars      common  1499 2018-05-17           0.17548       0.18914 -0.01366  -7.22047 -0.01920 -0.00797  -4.96010      True
    bar1330     reclasso       2000              2000 all bars deck period  1088 2020-01-03           0.16770       0.18096 -0.01327  -7.33106 -0.02014 -0.00726  -4.94486      True
    bar1330     reclasso       2000              2000    13:30      common  1499 2018-05-17           0.17548       0.18914 -0.01366  -7.22047 -0.01920 -0.00797  -4.96010      True
    bar1330     reclasso       2000              2000    13:30 deck period  1088 2020-01-03           0.16770       0.18096 -0.01327  -7.33106 -0.02014 -0.00726  -4.94486      True
    bar1330 reclasticnet        500               500 all bars      common  2999 2012-05-31           0.16548       0.17304 -0.00756  -4.36851 -0.01164 -0.00317  -3.66693      True
    bar1330 reclasticnet        500               500 all bars deck period  1088 2020-01-03           0.17244       0.17710 -0.00466  -2.63175 -0.01366  0.00428  -1.17508     False
    bar1330 reclasticnet        500               500    13:30      common  2999 2012-05-31           0.16548       0.17304 -0.00756  -4.36851 -0.01164 -0.00317  -3.66693      True
    bar1330 reclasticnet        500               500    13:30 deck period  1088 2020-01-03           0.17244       0.17710 -0.00466  -2.63175 -0.01366  0.00428  -1.17508     False
    bar1330 reclasticnet       2000               500 all bars      common  1499 2018-05-17           0.17541       0.18691 -0.01151  -6.15619 -0.01866 -0.00509  -3.52832      True
    bar1330 reclasticnet       2000               500 all bars deck period  1088 2020-01-03           0.16757       0.17710 -0.00953  -5.37982 -0.01757 -0.00316  -3.20044      True
    bar1330 reclasticnet       2000               500    13:30      common  1499 2018-05-17           0.17541       0.18691 -0.01151  -6.15619 -0.01866 -0.00509  -3.52832      True
    bar1330 reclasticnet       2000               500    13:30 deck period  1088 2020-01-03           0.16757       0.17710 -0.00953  -5.37982 -0.01757 -0.00316  -3.20044      True
    bar1330 reclasticnet       2000              2000 all bars      common  1499 2018-05-17           0.17541       0.18873 -0.01332  -7.05727 -0.01905 -0.00740  -4.62274      True
    bar1330 reclasticnet       2000              2000 all bars deck period  1088 2020-01-03           0.16757       0.18070 -0.01313  -7.26615 -0.02000 -0.00723  -4.93846      True
    bar1330 reclasticnet       2000              2000    13:30      common  1499 2018-05-17           0.17541       0.18873 -0.01332  -7.05727 -0.01905 -0.00740  -4.62274      True
    bar1330 reclasticnet       2000              2000    13:30 deck period  1088 2020-01-03           0.16757       0.18070 -0.01313  -7.26615 -0.02000 -0.00723  -4.93846      True
    bar1330        ridge        500               500 all bars      common  2999 2012-05-31           0.16627       0.17217 -0.00590  -3.42460 -0.00999 -0.00184  -2.76126      True
    bar1330        ridge        500               500 all bars deck period  1088 2020-01-03           0.16891       0.17579 -0.00688  -3.91603 -0.01488  0.00032  -1.92960     False
    bar1330        ridge        500               500    13:30      common  2999 2012-05-31           0.16627       0.17217 -0.00590  -3.42460 -0.00999 -0.00184  -2.76126      True
    bar1330        ridge        500               500    13:30 deck period  1088 2020-01-03           0.16891       0.17579 -0.00688  -3.91603 -0.01488  0.00032  -1.92960     False
    bar1330        ridge       2000               500 all bars      common  1499 2018-05-17           0.17488       0.18563 -0.01074  -5.78643 -0.01792 -0.00431  -3.26014      True
    bar1330        ridge       2000               500 all bars deck period  1088 2020-01-03           0.16694       0.17579 -0.00885  -5.03401 -0.01658 -0.00254  -2.99348      True
    bar1330        ridge       2000               500    13:30      common  1499 2018-05-17           0.17488       0.18563 -0.01074  -5.78643 -0.01792 -0.00431  -3.26014      True
    bar1330        ridge       2000               500    13:30 deck period  1088 2020-01-03           0.16694       0.17579 -0.00885  -5.03401 -0.01658 -0.00254  -2.99348      True
    bar1330        ridge       2000              2000 all bars      common  1499 2018-05-17           0.17488       0.18778 -0.01289  -6.86659 -0.01813 -0.00769  -5.05495      True
    bar1330        ridge       2000              2000 all bars deck period  1088 2020-01-03           0.16694       0.17953 -0.01259  -7.01356 -0.01896 -0.00714  -5.09307      True
    bar1330        ridge       2000              2000    13:30      common  1499 2018-05-17           0.17488       0.18778 -0.01289  -6.86659 -0.01813 -0.00769  -5.05495      True
    bar1330        ridge       2000              2000    13:30 deck period  1088 2020-01-03           0.16694       0.17953 -0.01259  -7.01356 -0.01896 -0.00714  -5.09307      True
    bar1400     reclasso        500               500 all bars      common  2987 2012-06-13           0.15835       0.16160 -0.00325  -2.00925 -0.00619 -0.00031  -2.16830      True
    bar1400     reclasso        500               500 all bars deck period  1088 2020-01-03           0.17878       0.17910 -0.00032  -0.18132 -0.00620  0.00562  -0.10172     False
    bar1400     reclasso        500               500    14:00      common  2987 2012-06-13           0.15835       0.16160 -0.00325  -2.00925 -0.00619 -0.00031  -2.16830      True
    bar1400     reclasso        500               500    14:00 deck period  1088 2020-01-03           0.17878       0.17910 -0.00032  -0.18132 -0.00620  0.00562  -0.10172     False
    bar1400     reclasso       2000               500 all bars      common  1487 2018-06-01           0.18579       0.18598 -0.00019  -0.10227 -0.00495  0.00491  -0.08121     False
    bar1400     reclasso       2000               500 all bars deck period  1088 2020-01-03           0.18409       0.17910  0.00499   2.78555 -0.00047  0.01114   1.79983     False
    bar1400     reclasso       2000               500    14:00      common  1487 2018-06-01           0.18579       0.18598 -0.00019  -0.10227 -0.00495  0.00491  -0.08121     False
    bar1400     reclasso       2000               500    14:00 deck period  1088 2020-01-03           0.18409       0.17910  0.00499   2.78555 -0.00047  0.01114   1.79983     False
    bar1400     reclasso       2000              2000 all bars      common  1487 2018-06-01           0.18579       0.19278 -0.00699  -3.62837 -0.01048 -0.00338  -4.07992      True
    bar1400     reclasso       2000              2000 all bars deck period  1088 2020-01-03           0.18409       0.18939 -0.00530  -2.79800 -0.00944 -0.00068  -2.59742      True
    bar1400     reclasso       2000              2000    14:00      common  1487 2018-06-01           0.18579       0.19278 -0.00699  -3.62837 -0.01048 -0.00338  -4.07992      True
    bar1400     reclasso       2000              2000    14:00 deck period  1088 2020-01-03           0.18409       0.18939 -0.00530  -2.79800 -0.00944 -0.00068  -2.59742      True
    bar1400 reclasticnet        500               500 all bars      common  2987 2012-06-13           0.15782       0.16144 -0.00362  -2.24260 -0.00665 -0.00056  -2.41642      True
    bar1400 reclasticnet        500               500 all bars deck period  1088 2020-01-03           0.17810       0.17901 -0.00091  -0.50691 -0.00683  0.00517  -0.28202     False
    bar1400 reclasticnet        500               500    14:00      common  2987 2012-06-13           0.15782       0.16144 -0.00362  -2.24260 -0.00665 -0.00056  -2.41642      True
    bar1400 reclasticnet        500               500    14:00 deck period  1088 2020-01-03           0.17810       0.17901 -0.00091  -0.50691 -0.00683  0.00517  -0.28202     False
    bar1400 reclasticnet       2000               500 all bars      common  1487 2018-06-01           0.18545       0.18588 -0.00043  -0.22921 -0.00536  0.00488  -0.17865     False
    bar1400 reclasticnet       2000               500 all bars deck period  1088 2020-01-03           0.18370       0.17901  0.00470   2.62387 -0.00097  0.01102   1.68338     False
    bar1400 reclasticnet       2000               500    14:00      common  1487 2018-06-01           0.18545       0.18588 -0.00043  -0.22921 -0.00536  0.00488  -0.17865     False
    bar1400 reclasticnet       2000               500    14:00 deck period  1088 2020-01-03           0.18370       0.17901  0.00470   2.62387 -0.00097  0.01102   1.68338     False
    bar1400 reclasticnet       2000              2000 all bars      common  1487 2018-06-01           0.18545       0.19264 -0.00718  -3.72928 -0.01078 -0.00330  -4.07030      True
    bar1400 reclasticnet       2000              2000 all bars deck period  1088 2020-01-03           0.18370       0.18920 -0.00550  -2.90676 -0.00972 -0.00082  -2.67189      True
    bar1400 reclasticnet       2000              2000    14:00      common  1487 2018-06-01           0.18545       0.19264 -0.00718  -3.72928 -0.01078 -0.00330  -4.07030      True
    bar1400 reclasticnet       2000              2000    14:00 deck period  1088 2020-01-03           0.18370       0.18920 -0.00550  -2.90676 -0.00972 -0.00082  -2.67189      True
    bar1400        ridge        500               500 all bars      common  2987 2012-06-13           0.15931       0.16131 -0.00200  -1.23982 -0.00481  0.00087  -1.38130     False
    bar1400        ridge        500               500 all bars deck period  1088 2020-01-03           0.18005       0.17877  0.00128   0.71507 -0.00391  0.00680   0.45259     False
    bar1400        ridge        500               500    14:00      common  2987 2012-06-13           0.15931       0.16131 -0.00200  -1.23982 -0.00481  0.00087  -1.38130     False
    bar1400        ridge        500               500    14:00 deck period  1088 2020-01-03           0.18005       0.17877  0.00128   0.71507 -0.00391  0.00680   0.45259     False
    bar1400        ridge       2000               500 all bars      common  1487 2018-06-01           0.18615       0.18566  0.00048   0.26105 -0.00423  0.00544   0.21184     False
    bar1400        ridge       2000               500 all bars deck period  1088 2020-01-03           0.18441       0.17877  0.00564   3.15387  0.00061  0.01136   2.19949     False
    bar1400        ridge       2000               500    14:00      common  1487 2018-06-01           0.18615       0.18566  0.00048   0.26105 -0.00423  0.00544   0.21184     False
    bar1400        ridge       2000               500    14:00 deck period  1088 2020-01-03           0.18441       0.17877  0.00564   3.15387  0.00061  0.01136   2.19949     False
    bar1400        ridge       2000              2000 all bars      common  1487 2018-06-01           0.18615       0.19136 -0.00522  -2.72620 -0.00869 -0.00149  -2.99817      True
    bar1400        ridge       2000              2000 all bars deck period  1088 2020-01-03           0.18441       0.18804 -0.00364  -1.93354 -0.00758  0.00088  -1.85033     False
    bar1400        ridge       2000              2000    14:00      common  1487 2018-06-01           0.18615       0.19136 -0.00522  -2.72620 -0.00869 -0.00149  -2.99817      True
    bar1400        ridge       2000              2000    14:00 deck period  1088 2020-01-03           0.18441       0.18804 -0.00364  -1.93354 -0.00758  0.00088  -1.85033     False
    bar1430     reclasso        500               500 all bars      common  2979 2012-06-20           0.25251       0.31059 -0.05808 -18.70040 -0.07094 -0.04583  -8.90986      True
    bar1430     reclasso        500               500 all bars deck period  1087 2020-01-03           0.27117       0.34819 -0.07703 -22.12228 -0.10890 -0.05095  -5.22972      True
    bar1430     reclasso        500               500    14:30      common  2979 2012-06-20           0.25251       0.31059 -0.05808 -18.70040 -0.07094 -0.04583  -8.90986      True
    bar1430     reclasso        500               500    14:30 deck period  1087 2020-01-03           0.27117       0.34819 -0.07703 -22.12228 -0.10890 -0.05095  -5.22972      True
    bar1430     reclasso       2000               500 all bars      common  1479 2018-06-11           0.26796       0.33046 -0.06250 -18.91395 -0.08452 -0.04305  -5.26446      True
    bar1430     reclasso       2000               500 all bars deck period  1087 2020-01-03           0.27839       0.34819 -0.06980 -20.04689 -0.10044 -0.04448  -4.43204      True
    bar1430     reclasso       2000               500    14:30      common  1479 2018-06-11           0.26796       0.33046 -0.06250 -18.91395 -0.08452 -0.04305  -5.26446      True
    bar1430     reclasso       2000               500    14:30 deck period  1087 2020-01-03           0.27839       0.34819 -0.06980 -20.04689 -0.10044 -0.04448  -4.43204      True
    bar1430     reclasso       2000              2000 all bars      common  1479 2018-06-11           0.26796       0.32578 -0.05782 -17.74863 -0.07451 -0.04212  -6.86277      True
    bar1430     reclasso       2000              2000 all bars deck period  1087 2020-01-03           0.27839       0.34318 -0.06478 -18.87789 -0.08626 -0.04547  -6.08782      True
    bar1430     reclasso       2000              2000    14:30      common  1479 2018-06-11           0.26796       0.32578 -0.05782 -17.74863 -0.07451 -0.04212  -6.86277      True
    bar1430     reclasso       2000              2000    14:30 deck period  1087 2020-01-03           0.27839       0.34318 -0.06478 -18.87789 -0.08626 -0.04547  -6.08782      True
    bar1430 reclasticnet        500               500 all bars      common  2979 2012-06-20           0.25141       0.31059 -0.05918 -19.05367 -0.07248 -0.04687  -8.78252      True
    bar1430 reclasticnet        500               500 all bars deck period  1087 2020-01-03           0.26974       0.34899 -0.07925 -22.70956 -0.11276 -0.05260  -5.15069      True
    bar1430 reclasticnet        500               500    14:30      common  2979 2012-06-20           0.25141       0.31059 -0.05918 -19.05367 -0.07248 -0.04687  -8.78252      True
    bar1430 reclasticnet        500               500    14:30 deck period  1087 2020-01-03           0.26974       0.34899 -0.07925 -22.70956 -0.11276 -0.05260  -5.15069      True
    bar1430 reclasticnet       2000               500 all bars      common  1479 2018-06-11           0.26688       0.33104 -0.06416 -19.38140 -0.08689 -0.04400  -5.16597      True
    bar1430 reclasticnet       2000               500 all bars deck period  1087 2020-01-03           0.27732       0.34899 -0.07167 -20.53700 -0.10372 -0.04514  -4.34552      True
    bar1430 reclasticnet       2000               500    14:30      common  1479 2018-06-11           0.26688       0.33104 -0.06416 -19.38140 -0.08689 -0.04400  -5.16597      True
    bar1430 reclasticnet       2000               500    14:30 deck period  1087 2020-01-03           0.27732       0.34899 -0.07167 -20.53700 -0.10372 -0.04514  -4.34552      True
    bar1430 reclasticnet       2000              2000 all bars      common  1479 2018-06-11           0.26688       0.32599 -0.05912 -18.13378 -0.07568 -0.04318  -6.92483      True
    bar1430 reclasticnet       2000              2000 all bars deck period  1087 2020-01-03           0.27732       0.34343 -0.06611 -19.25004 -0.08792 -0.04692  -6.15179      True
    bar1430 reclasticnet       2000              2000    14:30      common  1479 2018-06-11           0.26688       0.32599 -0.05912 -18.13378 -0.07568 -0.04318  -6.92483      True
    bar1430 reclasticnet       2000              2000    14:30 deck period  1087 2020-01-03           0.27732       0.34343 -0.06611 -19.25004 -0.08792 -0.04692  -6.15179      True
    bar1430        ridge        500               500 all bars      common  2979 2012-06-20           0.25491       0.31008 -0.05517 -17.79332 -0.06883 -0.04232  -8.22035      True
    bar1430        ridge        500               500 all bars deck period  1087 2020-01-03           0.27201       0.34834 -0.07633 -21.91248 -0.10972 -0.04852  -4.95156      True
    bar1430        ridge        500               500    14:30      common  2979 2012-06-20           0.25491       0.31008 -0.05517 -17.79332 -0.06883 -0.04232  -8.22035      True
    bar1430        ridge        500               500    14:30 deck period  1087 2020-01-03           0.27201       0.34834 -0.07633 -21.91248 -0.10972 -0.04852  -4.95156      True
    bar1430        ridge       2000               500 all bars      common  1479 2018-06-11           0.26687       0.33062 -0.06374 -19.28003 -0.08681 -0.04318  -5.09240      True
    bar1430        ridge       2000               500 all bars deck period  1087 2020-01-03           0.27715       0.34834 -0.07120 -20.43842 -0.10340 -0.04481  -4.30834      True
    bar1430        ridge       2000               500    14:30      common  1479 2018-06-11           0.26687       0.33062 -0.06374 -19.28003 -0.08681 -0.04318  -5.09240      True
    bar1430        ridge       2000               500    14:30 deck period  1087 2020-01-03           0.27715       0.34834 -0.07120 -20.43842 -0.10340 -0.04481  -4.30834      True
    bar1430        ridge       2000              2000 all bars      common  1479 2018-06-11           0.26687       0.32548 -0.05860 -18.00552 -0.07579 -0.04245  -6.67899      True
    bar1430        ridge       2000              2000 all bars deck period  1087 2020-01-03           0.27715       0.34284 -0.06569 -19.16147 -0.08778 -0.04615  -6.01329      True
    bar1430        ridge       2000              2000    14:30      common  1479 2018-06-11           0.26687       0.32548 -0.05860 -18.00552 -0.07579 -0.04245  -6.67899      True
    bar1430        ridge       2000              2000    14:30 deck period  1087 2020-01-03           0.27715       0.34284 -0.06569 -19.16147 -0.08778 -0.04615  -6.01329      True
    bar1500     reclasso        500               500 all bars      common  2977 2012-06-21           0.16716       0.18129 -0.01413  -7.79481 -0.01918 -0.00894  -5.54058      True
    bar1500     reclasso        500               500 all bars deck period  1087 2020-01-03           0.19342       0.21009 -0.01667  -7.93316 -0.02743 -0.00497  -2.82135      True
    bar1500     reclasso        500               500    15:00      common  2977 2012-06-21           0.16716       0.18129 -0.01413  -7.79481 -0.01918 -0.00894  -5.54058      True
    bar1500     reclasso        500               500    15:00 deck period  1087 2020-01-03           0.19342       0.21009 -0.01667  -7.93316 -0.02743 -0.00497  -2.82135      True
    bar1500     reclasso       2000               500 all bars      common  1477 2018-06-13           0.22318       0.22800 -0.00482  -2.11541 -0.01008  0.00058  -1.71238     False
    bar1500     reclasso       2000               500 all bars deck period  1087 2020-01-03           0.20831       0.21009 -0.00178  -0.84491 -0.00720  0.00394  -0.55612     False
    bar1500     reclasso       2000               500    15:00      common  1477 2018-06-13           0.22318       0.22800 -0.00482  -2.11541 -0.01008  0.00058  -1.71238     False
    bar1500     reclasso       2000               500    15:00 deck period  1087 2020-01-03           0.20831       0.21009 -0.00178  -0.84491 -0.00720  0.00394  -0.55612     False
    bar1500     reclasso       2000              2000 all bars      common  1477 2018-06-13           0.22318       0.23882 -0.01564  -6.54845 -0.02029 -0.01113  -6.62500      True
    bar1500     reclasso       2000              2000 all bars deck period  1087 2020-01-03           0.20831       0.22666 -0.01834  -8.09262 -0.02411 -0.01290  -6.44606      True
    bar1500     reclasso       2000              2000    15:00      common  1477 2018-06-13           0.22318       0.23882 -0.01564  -6.54845 -0.02029 -0.01113  -6.62500      True
    bar1500     reclasso       2000              2000    15:00 deck period  1087 2020-01-03           0.20831       0.22666 -0.01834  -8.09262 -0.02411 -0.01290  -6.44606      True
    bar1500 reclasticnet        500               500 all bars      common  2977 2012-06-21           0.16646       0.18078 -0.01432  -7.92296 -0.01908 -0.00936  -5.83170      True
    bar1500 reclasticnet        500               500 all bars deck period  1087 2020-01-03           0.19100       0.20953 -0.01853  -8.84510 -0.02868 -0.00742  -3.27550      True
    bar1500 reclasticnet        500               500    15:00      common  2977 2012-06-21           0.16646       0.18078 -0.01432  -7.92296 -0.01908 -0.00936  -5.83170      True
    bar1500 reclasticnet        500               500    15:00 deck period  1087 2020-01-03           0.19100       0.20953 -0.01853  -8.84510 -0.02868 -0.00742  -3.27550      True
    bar1500 reclasticnet       2000               500 all bars      common  1477 2018-06-13           0.22287       0.22759 -0.00472  -2.07463 -0.01007  0.00083  -1.65842     False
    bar1500 reclasticnet       2000               500 all bars deck period  1087 2020-01-03           0.20815       0.20953 -0.00138  -0.65863 -0.00701  0.00437  -0.42664     False
    bar1500 reclasticnet       2000               500    15:00      common  1477 2018-06-13           0.22287       0.22759 -0.00472  -2.07463 -0.01007  0.00083  -1.65842     False
    bar1500 reclasticnet       2000               500    15:00 deck period  1087 2020-01-03           0.20815       0.20953 -0.00138  -0.65863 -0.00701  0.00437  -0.42664     False
    bar1500 reclasticnet       2000              2000 all bars      common  1477 2018-06-13           0.22287       0.23888 -0.01601  -6.70359 -0.02073 -0.01136  -6.61935      True
    bar1500 reclasticnet       2000              2000 all bars deck period  1087 2020-01-03           0.20815       0.22659 -0.01844  -8.13673 -0.02416 -0.01280  -6.29924      True
    bar1500 reclasticnet       2000              2000    15:00      common  1477 2018-06-13           0.22287       0.23888 -0.01601  -6.70359 -0.02073 -0.01136  -6.61935      True
    bar1500 reclasticnet       2000              2000    15:00 deck period  1087 2020-01-03           0.20815       0.22659 -0.01844  -8.13673 -0.02416 -0.01280  -6.29924      True
    bar1500        ridge        500               500 all bars      common  2977 2012-06-21           0.16820       0.18060 -0.01239  -6.86243 -0.01721 -0.00735  -5.22348      True
    bar1500        ridge        500               500 all bars deck period  1087 2020-01-03           0.19560       0.21018 -0.01458  -6.93736 -0.02463 -0.00390  -2.76184      True
    bar1500        ridge        500               500    15:00      common  2977 2012-06-21           0.16820       0.18060 -0.01239  -6.86243 -0.01721 -0.00735  -5.22348      True
    bar1500        ridge        500               500    15:00 deck period  1087 2020-01-03           0.19560       0.21018 -0.01458  -6.93736 -0.02463 -0.00390  -2.76184      True
    bar1500        ridge       2000               500 all bars      common  1477 2018-06-13           0.22330       0.22780 -0.00450  -1.97400 -0.00986  0.00092  -1.53882     False
    bar1500        ridge       2000               500 all bars deck period  1087 2020-01-03           0.20907       0.21018 -0.00111  -0.52860 -0.00671  0.00500  -0.33169     False
    bar1500        ridge       2000               500    15:00      common  1477 2018-06-13           0.22330       0.22780 -0.00450  -1.97400 -0.00986  0.00092  -1.53882     False
    bar1500        ridge       2000               500    15:00 deck period  1087 2020-01-03           0.20907       0.21018 -0.00111  -0.52860 -0.00671  0.00500  -0.33169     False
    bar1500        ridge       2000              2000 all bars      common  1477 2018-06-13           0.22330       0.23719 -0.01389  -5.85736 -0.01855 -0.00922  -5.68606      True
    bar1500        ridge       2000              2000 all bars deck period  1087 2020-01-03           0.20907       0.22510 -0.01602  -7.11852 -0.02189 -0.01027  -5.32934      True
    bar1500        ridge       2000              2000    15:00      common  1477 2018-06-13           0.22330       0.23719 -0.01389  -5.85736 -0.01855 -0.00922  -5.68606      True
    bar1500        ridge       2000              2000    15:00 deck period  1087 2020-01-03           0.20907       0.22510 -0.01602  -7.11852 -0.02189 -0.01027  -5.32934      True
    bar1530     reclasso        500               500 all bars      common  2975 2012-06-25           0.13054       0.13512 -0.00458  -3.39021 -0.00800 -0.00108  -2.80622      True
    bar1530     reclasso        500               500 all bars deck period  1087 2020-01-03           0.13827       0.13607  0.00221   1.62332 -0.00288  0.00748   0.93412     False
    bar1530     reclasso        500               500    15:30      common  2975 2012-06-25           0.13054       0.13512 -0.00458  -3.39021 -0.00800 -0.00108  -2.80622      True
    bar1530     reclasso        500               500    15:30 deck period  1087 2020-01-03           0.13827       0.13607  0.00221   1.62332 -0.00288  0.00748   0.93412     False
    bar1530     reclasso       2000               500 all bars      common  1475 2018-06-15           0.13744       0.14369 -0.00625  -4.34956 -0.01150 -0.00131  -2.63050      True
    bar1530     reclasso       2000               500 all bars deck period  1087 2020-01-03           0.13201       0.13607 -0.00406  -2.98030 -0.00888  0.00114  -1.55637     False
    bar1530     reclasso       2000               500    15:30      common  1475 2018-06-15           0.13744       0.14369 -0.00625  -4.34956 -0.01150 -0.00131  -2.63050      True
    bar1530     reclasso       2000               500    15:30 deck period  1087 2020-01-03           0.13201       0.13607 -0.00406  -2.98030 -0.00888  0.00114  -1.55637     False
    bar1530     reclasso       2000              2000 all bars      common  1475 2018-06-15           0.13744       0.14810 -0.01066  -7.19601 -0.01493 -0.00665  -5.71139      True
    bar1530     reclasso       2000              2000 all bars deck period  1087 2020-01-03           0.13201       0.14347 -0.01146  -7.98644 -0.01585 -0.00715  -5.89599      True
    bar1530     reclasso       2000              2000    15:30      common  1475 2018-06-15           0.13744       0.14810 -0.01066  -7.19601 -0.01493 -0.00665  -5.71139      True
    bar1530     reclasso       2000              2000    15:30 deck period  1087 2020-01-03           0.13201       0.14347 -0.01146  -7.98644 -0.01585 -0.00715  -5.89599      True
    bar1530 reclasticnet        500               500 all bars      common  2975 2012-06-25           0.12985       0.13458 -0.00473  -3.51495 -0.00826 -0.00112  -2.80363      True
    bar1530 reclasticnet        500               500 all bars deck period  1087 2020-01-03           0.13711       0.13553  0.00158   1.16946 -0.00321  0.00653   0.69780     False
    bar1530 reclasticnet        500               500    15:30      common  2975 2012-06-25           0.12985       0.13458 -0.00473  -3.51495 -0.00826 -0.00112  -2.80363      True
    bar1530 reclasticnet        500               500    15:30 deck period  1087 2020-01-03           0.13711       0.13553  0.00158   1.16946 -0.00321  0.00653   0.69780     False
    bar1530 reclasticnet       2000               500 all bars      common  1475 2018-06-15           0.13651       0.14313 -0.00662  -4.62734 -0.01232 -0.00137  -2.60273      True
    bar1530 reclasticnet       2000               500 all bars deck period  1087 2020-01-03           0.13148       0.13553 -0.00405  -2.98546 -0.00934  0.00146  -1.47330     False
    bar1530 reclasticnet       2000               500    15:30      common  1475 2018-06-15           0.13651       0.14313 -0.00662  -4.62734 -0.01232 -0.00137  -2.60273      True
    bar1530 reclasticnet       2000               500    15:30 deck period  1087 2020-01-03           0.13148       0.13553 -0.00405  -2.98546 -0.00934  0.00146  -1.47330     False
    bar1530 reclasticnet       2000              2000 all bars      common  1475 2018-06-15           0.13651       0.14794 -0.01143  -7.72721 -0.01579 -0.00732  -5.94514      True
    bar1530 reclasticnet       2000              2000 all bars deck period  1087 2020-01-03           0.13148       0.14334 -0.01185  -8.26972 -0.01631 -0.00759  -6.11997      True
    bar1530 reclasticnet       2000              2000    15:30      common  1475 2018-06-15           0.13651       0.14794 -0.01143  -7.72721 -0.01579 -0.00732  -5.94514      True
    bar1530 reclasticnet       2000              2000    15:30 deck period  1087 2020-01-03           0.13148       0.14334 -0.01185  -8.26972 -0.01631 -0.00759  -6.11997      True
    bar1530        ridge        500               500 all bars      common  2975 2012-06-25           0.13149       0.13443 -0.00294  -2.18507 -0.00650  0.00075  -1.76359     False
    bar1530        ridge        500               500 all bars deck period  1087 2020-01-03           0.13941       0.13612  0.00329   2.41715 -0.00222  0.00891   1.30583     False
    bar1530        ridge        500               500    15:30      common  2975 2012-06-25           0.13149       0.13443 -0.00294  -2.18507 -0.00650  0.00075  -1.76359     False
    bar1530        ridge        500               500    15:30 deck period  1087 2020-01-03           0.13941       0.13612  0.00329   2.41715 -0.00222  0.00891   1.30583     False
    bar1530        ridge       2000               500 all bars      common  1475 2018-06-15           0.13631       0.14375 -0.00744  -5.17445 -0.01326 -0.00228  -2.82730      True
    bar1530        ridge       2000               500 all bars deck period  1087 2020-01-03           0.13185       0.13612 -0.00427  -3.13935 -0.00936  0.00087  -1.56704     False
    bar1530        ridge       2000               500    15:30      common  1475 2018-06-15           0.13631       0.14375 -0.00744  -5.17445 -0.01326 -0.00228  -2.82730      True
    bar1530        ridge       2000               500    15:30 deck period  1087 2020-01-03           0.13185       0.13612 -0.00427  -3.13935 -0.00936  0.00087  -1.56704     False
    bar1530        ridge       2000              2000 all bars      common  1475 2018-06-15           0.13631       0.14692 -0.01061  -7.21963 -0.01484 -0.00650  -5.25244      True
    bar1530        ridge       2000              2000 all bars deck period  1087 2020-01-03           0.13185       0.14216 -0.01032  -7.25653 -0.01465 -0.00619  -5.49217      True
    bar1530        ridge       2000              2000    15:30      common  1475 2018-06-15           0.13631       0.14692 -0.01061  -7.21963 -0.01484 -0.00650  -5.25244      True
    bar1530        ridge       2000              2000    15:30 deck period  1087 2020-01-03           0.13185       0.14216 -0.01032  -7.25653 -0.01465 -0.00619  -5.49217      True
    bar1600     reclasso        500               500 all bars      common  2969 2012-07-03           0.12183       0.13017 -0.00833  -6.40148 -0.01215 -0.00454  -4.54236      True
    bar1600     reclasso        500               500 all bars deck period  1087 2020-01-03           0.11126       0.11792 -0.00666  -5.64721 -0.01268 -0.00138  -2.34388      True
    bar1600     reclasso        500               500    16:00      common  2969 2012-07-03           0.12183       0.13017 -0.00833  -6.40148 -0.01215 -0.00454  -4.54236      True
    bar1600     reclasso        500               500    16:00 deck period  1087 2020-01-03           0.11126       0.11792 -0.00666  -5.64721 -0.01268 -0.00138  -2.34388      True
    bar1600     reclasso       2000               500 all bars      common  1469 2018-06-25           0.11745       0.13269 -0.01525 -11.49051 -0.02254 -0.00910  -5.02237      True
    bar1600     reclasso       2000               500 all bars deck period  1087 2020-01-03           0.10369       0.11792 -0.01422 -12.06203 -0.02093 -0.00796  -4.32093      True
    bar1600     reclasso       2000               500    16:00      common  1469 2018-06-25           0.11745       0.13269 -0.01525 -11.49051 -0.02254 -0.00910  -5.02237      True
    bar1600     reclasso       2000               500    16:00 deck period  1087 2020-01-03           0.10369       0.11792 -0.01422 -12.06203 -0.02093 -0.00796  -4.32093      True
    bar1600     reclasso       2000              2000 all bars      common  1469 2018-06-25           0.11745       0.13278 -0.01534 -11.55110 -0.02089 -0.01028  -6.22757      True
    bar1600     reclasso       2000              2000 all bars deck period  1087 2020-01-03           0.10369       0.11888 -0.01518 -12.77349 -0.01979 -0.01064  -6.27136      True
    bar1600     reclasso       2000              2000    16:00      common  1469 2018-06-25           0.11745       0.13278 -0.01534 -11.55110 -0.02089 -0.01028  -6.22757      True
    bar1600     reclasso       2000              2000    16:00 deck period  1087 2020-01-03           0.10369       0.11888 -0.01518 -12.77349 -0.01979 -0.01064  -6.27136      True
    bar1600 reclasticnet        500               500 all bars      common  2969 2012-07-03           0.12060       0.12994 -0.00935  -7.19392 -0.01308 -0.00589  -5.41179      True
    bar1600 reclasticnet        500               500 all bars deck period  1087 2020-01-03           0.11010       0.11794 -0.00784  -6.64893 -0.01339 -0.00303  -2.95110      True
    bar1600 reclasticnet        500               500    16:00      common  2969 2012-07-03           0.12060       0.12994 -0.00935  -7.19392 -0.01308 -0.00589  -5.41179      True
    bar1600 reclasticnet        500               500    16:00 deck period  1087 2020-01-03           0.11010       0.11794 -0.00784  -6.64893 -0.01339 -0.00303  -2.95110      True
    bar1600 reclasticnet       2000               500 all bars      common  1469 2018-06-25           0.11661       0.13264 -0.01603 -12.08362 -0.02340 -0.00957  -5.09672      True
    bar1600 reclasticnet       2000               500 all bars deck period  1087 2020-01-03           0.10342       0.11794 -0.01451 -12.30608 -0.02122 -0.00827  -4.35777      True
    bar1600 reclasticnet       2000               500    16:00      common  1469 2018-06-25           0.11661       0.13264 -0.01603 -12.08362 -0.02340 -0.00957  -5.09672      True
    bar1600 reclasticnet       2000               500    16:00 deck period  1087 2020-01-03           0.10342       0.11794 -0.01451 -12.30608 -0.02122 -0.00827  -4.35777      True
    bar1600 reclasticnet       2000              2000 all bars      common  1469 2018-06-25           0.11661       0.13313 -0.01652 -12.40584 -0.02249 -0.01119  -6.34333      True
    bar1600 reclasticnet       2000              2000 all bars deck period  1087 2020-01-03           0.10342       0.11906 -0.01563 -13.13110 -0.02054 -0.01064  -6.06626      True
    bar1600 reclasticnet       2000              2000    16:00      common  1469 2018-06-25           0.11661       0.13313 -0.01652 -12.40584 -0.02249 -0.01119  -6.34333      True
    bar1600 reclasticnet       2000              2000    16:00 deck period  1087 2020-01-03           0.10342       0.11906 -0.01563 -13.13110 -0.02054 -0.01064  -6.06626      True
    bar1600        ridge        500               500 all bars      common  2969 2012-07-03           0.11980       0.12999 -0.01019  -7.83921 -0.01385 -0.00678  -5.92942      True
    bar1600        ridge        500               500 all bars deck period  1087 2020-01-03           0.11039       0.11722 -0.00684  -5.83199 -0.01161 -0.00211  -2.73510      True
    bar1600        ridge        500               500    16:00      common  2969 2012-07-03           0.11980       0.12999 -0.01019  -7.83921 -0.01385 -0.00678  -5.92942      True
    bar1600        ridge        500               500    16:00 deck period  1087 2020-01-03           0.11039       0.11722 -0.00684  -5.83199 -0.01161 -0.00211  -2.73510      True
    bar1600        ridge       2000               500 all bars      common  1469 2018-06-25           0.11682       0.13211 -0.01529 -11.57346 -0.02269 -0.00899  -5.05661      True
    bar1600        ridge       2000               500 all bars deck period  1087 2020-01-03           0.10458       0.11722 -0.01265 -10.78886 -0.01892 -0.00671  -4.18492      True
    bar1600        ridge       2000               500    16:00      common  1469 2018-06-25           0.11682       0.13211 -0.01529 -11.57346 -0.02269 -0.00899  -5.05661      True
    bar1600        ridge       2000               500    16:00 deck period  1087 2020-01-03           0.10458       0.11722 -0.01265 -10.78886 -0.01892 -0.00671  -4.18492      True
    bar1600        ridge       2000              2000 all bars      common  1469 2018-06-25           0.11682       0.13394 -0.01713 -12.78591 -0.02295 -0.01179  -6.57874      True
    bar1600        ridge       2000              2000 all bars deck period  1087 2020-01-03           0.10458       0.12023 -0.01565 -13.01854 -0.02038 -0.01107  -6.31394      True
    bar1600        ridge       2000              2000    16:00      common  1469 2018-06-25           0.11682       0.13394 -0.01713 -12.78591 -0.02295 -0.01179  -6.57874      True
    bar1600        ridge       2000              2000    16:00 deck period  1087 2020-01-03           0.10458       0.12023 -0.01565 -13.01854 -0.02038 -0.01107  -6.31394      True
  blk_close     reclasso        500               500 all bars      common  9069 2006-04-10           0.12234       0.12853 -0.00619  -4.81696 -0.00828 -0.00409  -6.95920      True
  blk_close     reclasso        500               500 all bars deck period  2174 2020-01-03           0.12473       0.12699 -0.00226  -1.77743 -0.00573  0.00159  -1.50597     False
  blk_close     reclasso        500               500    15:30      common  4535 2006-04-10           0.12788       0.13196 -0.00409  -3.09666 -0.00662 -0.00147  -3.34054      True
  blk_close     reclasso        500               500    15:30 deck period  1087 2020-01-03           0.13729       0.13607  0.00123   0.90185 -0.00360  0.00693   0.52552     False
  blk_close     reclasso        500               500    16:00      common  4534 2006-04-10           0.11681       0.12510 -0.00830  -6.63198 -0.01094 -0.00576  -6.77243      True
  blk_close     reclasso        500               500    16:00 deck period  1087 2020-01-03           0.11218       0.11792 -0.00574  -4.86908 -0.00966 -0.00185  -2.91241      True
  blk_close     reclasso       2000               500 all bars      common  6069 2012-03-29           0.12246       0.13261 -0.01015  -7.65601 -0.01280 -0.00754  -9.31517      True
  blk_close     reclasso       2000               500 all bars deck period  2174 2020-01-03           0.12018       0.12699 -0.00681  -5.36163 -0.01054 -0.00296  -3.62908      True
  blk_close     reclasso       2000               500    15:30      common  3034 2012-03-30           0.12753       0.13573 -0.00820  -6.04171 -0.01126 -0.00518  -5.55570      True
  blk_close     reclasso       2000               500    15:30 deck period  1087 2020-01-03           0.13272       0.13607 -0.00335  -2.45959 -0.00821  0.00138  -1.37235     False
  blk_close     reclasso       2000               500    16:00      common  3035 2012-03-29           0.11739       0.12949 -0.01210  -9.34756 -0.01547 -0.00886  -7.59930      True
  blk_close     reclasso       2000               500    16:00 deck period  1087 2020-01-03           0.10765       0.11792 -0.01027  -8.71032 -0.01645 -0.00457  -3.48334      True
  blk_close     reclasso       2000              2000 all bars      common  6069 2012-03-29           0.12246       0.13342 -0.01096  -8.21201 -0.01301 -0.00900 -12.27308      True
  blk_close     reclasso       2000              2000 all bars deck period  2174 2020-01-03           0.12018       0.13117 -0.01099  -8.37907 -0.01429 -0.00741  -7.27299      True
  blk_close     reclasso       2000              2000    15:30      common  3034 2012-03-30           0.12753       0.13795 -0.01042  -7.55326 -0.01291 -0.00791  -8.55476      True
  blk_close     reclasso       2000              2000    15:30 deck period  1087 2020-01-03           0.13272       0.14347 -0.01075  -7.49260 -0.01583 -0.00562  -4.92496      True
  blk_close     reclasso       2000              2000    16:00      common  3035 2012-03-29           0.11739       0.12888 -0.01149  -8.91690 -0.01408 -0.00903  -9.31015      True
  blk_close     reclasso       2000              2000    16:00 deck period  1087 2020-01-03           0.10765       0.11888 -0.01123  -9.44891 -0.01494 -0.00740  -5.51372      True
  blk_close reclasticnet        500               500 all bars      common  9069 2006-04-10           0.12194       0.12825 -0.00631  -4.91740 -0.00846 -0.00421  -6.85599      True
  blk_close reclasticnet        500               500 all bars deck period  2174 2020-01-03           0.12467       0.12673 -0.00207  -1.63119 -0.00518  0.00147  -1.25143     False
  blk_close reclasticnet        500               500    15:30      common  4535 2006-04-10           0.12763       0.13142 -0.00380  -2.88774 -0.00647 -0.00105  -2.95685      True
  blk_close reclasticnet        500               500    15:30 deck period  1087 2020-01-03           0.13866       0.13553  0.00313   2.30864 -0.00212  0.00959   1.21926     False
  blk_close reclasticnet        500               500    16:00      common  4534 2006-04-10           0.11626       0.12508 -0.00882  -7.05046 -0.01155 -0.00624  -6.95840      True
  blk_close reclasticnet        500               500    16:00 deck period  1087 2020-01-03           0.11067       0.11794 -0.00726  -6.15865 -0.01154 -0.00316  -3.28634      True
  blk_close reclasticnet       2000               500 all bars      common  6069 2012-03-29           0.12232       0.13223 -0.00991  -7.49678 -0.01257 -0.00727  -9.11866      True
  blk_close reclasticnet       2000               500 all bars deck period  2174 2020-01-03           0.12015       0.12673 -0.00658  -5.19053 -0.01019 -0.00274  -3.48871      True
  blk_close reclasticnet       2000               500    15:30      common  3034 2012-03-30           0.12742       0.13519 -0.00777  -5.74738 -0.01089 -0.00467  -5.23286      True
  blk_close reclasticnet       2000               500    15:30 deck period  1087 2020-01-03           0.13265       0.13553 -0.00288  -2.12639 -0.00774  0.00203  -1.15133     False
  blk_close reclasticnet       2000               500    16:00      common  3035 2012-03-29           0.11722       0.12928 -0.01206  -9.32555 -0.01538 -0.00875  -7.64322      True
  blk_close reclasticnet       2000               500    16:00 deck period  1087 2020-01-03           0.10766       0.11794 -0.01027  -8.71168 -0.01621 -0.00461  -3.51109      True
  blk_close reclasticnet       2000              2000 all bars      common  6069 2012-03-29           0.12232       0.13344 -0.01112  -8.33331 -0.01307 -0.00919 -12.45915      True
  blk_close reclasticnet       2000              2000 all bars deck period  2174 2020-01-03           0.12015       0.13120 -0.01104  -8.41622 -0.01457 -0.00741  -7.20889      True
  blk_close reclasticnet       2000              2000    15:30      common  3034 2012-03-30           0.12742       0.13760 -0.01018  -7.39712 -0.01265 -0.00767  -8.32512      True
  blk_close reclasticnet       2000              2000    15:30 deck period  1087 2020-01-03           0.13265       0.14334 -0.01069  -7.45744 -0.01585 -0.00549  -4.87554      True
  blk_close reclasticnet       2000              2000    16:00      common  3035 2012-03-29           0.11722       0.12928 -0.01206  -9.32937 -0.01467 -0.00954  -9.67001      True
  blk_close reclasticnet       2000              2000    16:00 deck period  1087 2020-01-03           0.10766       0.11906 -0.01139  -9.57051 -0.01530 -0.00744  -5.40266      True
  blk_close        ridge        500               500 all bars      common  9069 2006-04-10           0.12202       0.12820 -0.00618  -4.81786 -0.00825 -0.00420  -7.07543      True
  blk_close        ridge        500               500 all bars deck period  2174 2020-01-03           0.12391       0.12667 -0.00276  -2.18241 -0.00567  0.00017  -2.07543     False
  blk_close        ridge        500               500    15:30      common  4535 2006-04-10           0.12820       0.13126 -0.00306  -2.33306 -0.00564 -0.00052  -2.50698      True
  blk_close        ridge        500               500    15:30 deck period  1087 2020-01-03           0.13602       0.13612 -0.00010  -0.07389 -0.00431  0.00394  -0.05153     False
  blk_close        ridge        500               500    16:00      common  4534 2006-04-10           0.11584       0.12513 -0.00929  -7.42500 -0.01186 -0.00698  -8.02650      True
  blk_close        ridge        500               500    16:00 deck period  1087 2020-01-03           0.11179       0.11722 -0.00543  -4.63085 -0.00925 -0.00159  -2.87649      True
  blk_close        ridge       2000               500 all bars      common  6069 2012-03-29           0.12269       0.13216 -0.00948  -7.17075 -0.01209 -0.00689  -8.74259      True
  blk_close        ridge       2000               500 all bars deck period  2174 2020-01-03           0.12028       0.12667 -0.00640  -5.04885 -0.00991 -0.00279  -3.55891      True
  blk_close        ridge       2000               500    15:30      common  3034 2012-03-30           0.12795       0.13502 -0.00707  -5.23848 -0.01028 -0.00398  -4.69139      True
  blk_close        ridge       2000               500    15:30 deck period  1087 2020-01-03           0.13291       0.13612 -0.00321  -2.36121 -0.00785  0.00137  -1.30777     False
  blk_close        ridge       2000               500    16:00      common  3035 2012-03-29           0.11743       0.12931 -0.01188  -9.18776 -0.01504 -0.00872  -7.80237      True
  blk_close        ridge       2000               500    16:00 deck period  1087 2020-01-03           0.10765       0.11722 -0.00958  -8.16977 -0.01494 -0.00434  -3.57708      True
  blk_close        ridge       2000              2000 all bars      common  6069 2012-03-29           0.12269       0.13329 -0.01061  -7.95760 -0.01259 -0.00867 -11.99729      True
  blk_close        ridge       2000              2000 all bars deck period  2174 2020-01-03           0.12028       0.13120 -0.01092  -8.32293 -0.01435 -0.00736  -7.26410      True
  blk_close        ridge       2000              2000    15:30      common  3034 2012-03-30           0.12795       0.13662 -0.00867  -6.34860 -0.01108 -0.00617  -7.34560      True
  blk_close        ridge       2000              2000    15:30 deck period  1087 2020-01-03           0.13291       0.14216 -0.00926  -6.51147 -0.01413 -0.00433  -4.44758      True
  blk_close        ridge       2000              2000    16:00      common  3035 2012-03-29           0.11743       0.12997 -0.01254  -9.64846 -0.01510 -0.01010  -9.97438      True
  blk_close        ridge       2000              2000    16:00 deck period  1087 2020-01-03           0.10765       0.12023 -0.01258 -10.46491 -0.01647 -0.00866  -5.95071      True
   blk_core     reclasso        500               500 all bars      common 40156 2001-10-11           0.13074       0.13814 -0.00740  -5.35378 -0.00946 -0.00713 -17.81389      True
   blk_core     reclasso        500               500 all bars deck period  7756 2020-01-03           0.15115       0.15922 -0.00807  -5.06677 -0.01337 -0.00547  -6.26586      True
   blk_core     reclasso        500               500    11:00      common  5797 2001-10-11           0.11476       0.12025 -0.00549  -4.56467 -0.00704 -0.00397  -7.25781      True
   blk_core     reclasso        500               500    11:00 deck period  1116 2020-01-03           0.14314       0.14914 -0.00600  -4.02216 -0.01056 -0.00106  -2.68057      True
   blk_core     reclasso        500               500    11:30      common  5799 2001-10-11           0.11931       0.12608 -0.00677  -5.37103 -0.00834 -0.00510  -8.90085      True
   blk_core     reclasso        500               500    11:30 deck period  1116 2020-01-03           0.13538       0.14439 -0.00902  -6.24416 -0.01358 -0.00359  -4.03343      True
   blk_core     reclasso        500               500    12:00      common  5738 2001-10-11           0.12286       0.13070 -0.00784  -5.99852 -0.00937 -0.00632 -10.44440      True
   blk_core     reclasso        500               500    12:00 deck period  1116 2020-01-03           0.12884       0.14083 -0.01199  -8.51660 -0.01606 -0.00770  -5.62153      True
   blk_core     reclasso        500               500    12:30      common  5738 2001-10-11           0.13853       0.14670 -0.00817  -5.56787 -0.00987 -0.00654 -10.22704      True
   blk_core     reclasso        500               500    12:30 deck period  1116 2020-01-03           0.14159       0.15381 -0.01222  -7.94450 -0.01669 -0.00819  -5.58400      True
   blk_core     reclasso        500               500    13:00      common  5738 2001-10-11           0.13916       0.14684 -0.00768  -5.22811 -0.00971 -0.00557  -7.65083      True
   blk_core     reclasso        500               500    13:00 deck period  1116 2020-01-03           0.16380       0.17048 -0.00667  -3.91541 -0.01377  0.00099  -1.88602     False
   blk_core     reclasso        500               500    13:30      common  5677 2001-10-11           0.14475       0.15305 -0.00830  -5.42333 -0.01039 -0.00617  -8.17632      True
   blk_core     reclasso        500               500    13:30 deck period  1088 2020-01-03           0.17400       0.17772 -0.00372  -2.09292 -0.01109  0.00366  -1.15014     False
   blk_core     reclasso        500               500    14:00      common  5669 2001-10-11           0.13635       0.14391 -0.00756  -5.25470 -0.00982 -0.00520  -7.04714      True
   blk_core     reclasso        500               500    14:00 deck period  1088 2020-01-03           0.17240       0.17910 -0.00670  -3.74290 -0.01384  0.00086  -1.91364     False
   blk_core     reclasso       2000               500 all bars      common 29656 2007-09-19           0.13849       0.14331 -0.00482  -3.36455 -0.00655 -0.00366 -11.20636      True
   blk_core     reclasso       2000               500 all bars deck period  7756 2020-01-03           0.15770       0.15922 -0.00151  -0.94952 -0.00510  0.00159  -1.69594     False
   blk_core     reclasso       2000               500    11:00      common  4282 2007-09-20           0.12159       0.12551 -0.00392  -3.11971 -0.00552 -0.00244  -5.16849      True
   blk_core     reclasso       2000               500    11:00 deck period  1116 2020-01-03           0.14789       0.14914 -0.00125  -0.84009 -0.00443  0.00180  -0.90403     False
   blk_core     reclasso       2000               500    11:30      common  4282 2007-09-20           0.12757       0.13148 -0.00390  -2.96942 -0.00574 -0.00199  -4.64464      True
   blk_core     reclasso       2000               500    11:30 deck period  1116 2020-01-03           0.14423       0.14439 -0.00016  -0.11278 -0.00360  0.00314  -0.10747     False
   blk_core     reclasso       2000               500    12:00      common  4243 2007-09-20           0.12977       0.13395 -0.00417  -3.11556 -0.00599 -0.00250  -5.23644      True
   blk_core     reclasso       2000               500    12:00 deck period  1116 2020-01-03           0.13784       0.14083 -0.00299  -2.12195 -0.00680  0.00061  -1.94691     False
   blk_core     reclasso       2000               500    12:30      common  4244 2007-09-19           0.14004       0.14407 -0.00403  -2.79695 -0.00591 -0.00218  -4.85178      True
   blk_core     reclasso       2000               500    12:30 deck period  1116 2020-01-03           0.15382       0.15381  0.00001   0.00758 -0.00383  0.00418   0.00729     False
   blk_core     reclasso       2000               500    13:00      common  4244 2007-09-19           0.15132       0.15719 -0.00587  -3.73355 -0.00772 -0.00406  -6.71972      True
   blk_core     reclasso       2000               500    13:00 deck period  1116 2020-01-03           0.16786       0.17048 -0.00261  -1.53356 -0.00649  0.00119  -1.48083     False
   blk_core     reclasso       2000               500    13:30      common  4183 2007-09-19           0.15437       0.16105 -0.00668  -4.14906 -0.00871 -0.00463  -6.76060      True
   blk_core     reclasso       2000               500    13:30 deck period  1088 2020-01-03           0.17379       0.17772 -0.00392  -2.20800 -0.00833  0.00066  -1.80600     False
   blk_core     reclasso       2000               500    14:00      common  4178 2007-09-19           0.14536       0.15059 -0.00523  -3.47254 -0.00761 -0.00264  -4.30061      True
   blk_core     reclasso       2000               500    14:00 deck period  1088 2020-01-03           0.17944       0.17910  0.00033   0.18655 -0.00640  0.00876   0.09541     False
   blk_core     reclasso       2000              2000 all bars      common 29195 2007-12-21           0.13891       0.14590 -0.00699  -4.79235 -0.00855 -0.00660 -19.35939      True
   blk_core     reclasso       2000              2000 all bars deck period  7756 2020-01-03           0.15770       0.16812 -0.01042  -6.19602 -0.01362 -0.00902 -11.31874      True
   blk_core     reclasso       2000              2000    11:00      common  4216 2007-12-21           0.12201       0.12707 -0.00505  -3.97675 -0.00612 -0.00398  -9.15314      True
   blk_core     reclasso       2000              2000    11:00 deck period  1116 2020-01-03           0.14789       0.15633 -0.00844  -5.39940 -0.01088 -0.00592  -6.67859      True
   blk_core     reclasso       2000              2000    11:30      common  4216 2007-12-21           0.12766       0.13376 -0.00609  -4.55504 -0.00737 -0.00477  -9.67860      True
   blk_core     reclasso       2000              2000    11:30 deck period  1116 2020-01-03           0.14423       0.15494 -0.01071  -6.91072 -0.01335 -0.00795  -7.71127      True
   blk_core     reclasso       2000              2000    12:00      common  4178 2007-12-21           0.13017       0.13769 -0.00752  -5.45993 -0.00885 -0.00626 -12.13134      True
   blk_core     reclasso       2000              2000    12:00 deck period  1116 2020-01-03           0.13784       0.15123 -0.01339  -8.85356 -0.01583 -0.01098 -10.08171      True
   blk_core     reclasso       2000              2000    12:30      common  4178 2007-12-21           0.14077       0.14825 -0.00748  -5.04355 -0.00878 -0.00630 -12.26519      True
   blk_core     reclasso       2000              2000    12:30 deck period  1116 2020-01-03           0.15382       0.16612 -0.01230  -7.40449 -0.01482 -0.00988  -8.71410      True
   blk_core     reclasso       2000              2000    13:00      common  4178 2007-12-21           0.15130       0.15892 -0.00762  -4.79355 -0.00924 -0.00599  -9.58126      True
   blk_core     reclasso       2000              2000    13:00 deck period  1116 2020-01-03           0.16786       0.17872 -0.01086  -6.07688 -0.01451 -0.00691  -5.20067      True
   blk_core     reclasso       2000              2000    13:30      common  4117 2007-12-21           0.15462       0.16173 -0.00711  -4.39708 -0.00874 -0.00540  -8.63722      True
   blk_core     reclasso       2000              2000    13:30 deck period  1088 2020-01-03           0.17379       0.18096 -0.00717  -3.96296 -0.01165 -0.00286  -3.60143      True
   blk_core     reclasso       2000              2000    14:00      common  4112 2007-12-21           0.14640       0.15452 -0.00812  -5.25428 -0.01012 -0.00597  -8.10408      True
   blk_core     reclasso       2000              2000    14:00 deck period  1088 2020-01-03           0.17944       0.18939 -0.00995  -5.25581 -0.01495 -0.00325  -3.50116      True
   blk_core reclasticnet        500               500 all bars      common 40156 2001-10-11           0.13058       0.13779 -0.00721  -5.23291 -0.00923 -0.00689 -17.37670      True
   blk_core reclasticnet        500               500 all bars deck period  7756 2020-01-03           0.15110       0.15899 -0.00788  -4.95943 -0.01319 -0.00518  -6.01000      True
   blk_core reclasticnet        500               500    11:00      common  5797 2001-10-11           0.11487       0.12002 -0.00515  -4.29048 -0.00666 -0.00365  -6.84287      True
   blk_core reclasticnet        500               500    11:00 deck period  1116 2020-01-03           0.14404       0.14911 -0.00507  -3.40210 -0.00978  0.00009  -2.21711     False
   blk_core reclasticnet        500               500    11:30      common  5799 2001-10-11           0.11896       0.12573 -0.00677  -5.38561 -0.00833 -0.00521  -9.11000      True
   blk_core reclasticnet        500               500    11:30 deck period  1116 2020-01-03           0.13527       0.14410 -0.00883  -6.12745 -0.01335 -0.00347  -3.98591      True
   blk_core reclasticnet        500               500    12:00      common  5738 2001-10-11           0.12274       0.13038 -0.00764  -5.86206 -0.00919 -0.00614 -10.12785      True
   blk_core reclasticnet        500               500    12:00 deck period  1116 2020-01-03           0.12926       0.14075 -0.01148  -8.15937 -0.01562 -0.00707  -5.21563      True
   blk_core reclasticnet        500               500    12:30      common  5738 2001-10-11           0.13834       0.14634 -0.00799  -5.46278 -0.00964 -0.00643 -10.19316      True
   blk_core reclasticnet        500               500    12:30 deck period  1116 2020-01-03           0.14093       0.15332 -0.01239  -8.08167 -0.01687 -0.00839  -5.80112      True
   blk_core reclasticnet        500               500    13:00      common  5738 2001-10-11           0.13904       0.14646 -0.00742  -5.06621 -0.00943 -0.00524  -7.38558      True
   blk_core reclasticnet        500               500    13:00 deck period  1116 2020-01-03           0.16366       0.17050 -0.00684  -4.01146 -0.01390  0.00111  -1.91540     False
   blk_core reclasticnet        500               500    13:30      common  5677 2001-10-11           0.14448       0.15248 -0.00801  -5.25085 -0.01019 -0.00574  -7.58375      True
   blk_core reclasticnet        500               500    13:30 deck period  1088 2020-01-03           0.17457       0.17710 -0.00253  -1.42802 -0.01043  0.00581  -0.70183     False
   blk_core reclasticnet        500               500    14:00      common  5669 2001-10-11           0.13611       0.14364 -0.00753  -5.23935 -0.00976 -0.00515  -7.08281      True
   blk_core reclasticnet        500               500    14:00 deck period  1088 2020-01-03           0.17109       0.17901 -0.00792  -4.42179 -0.01493 -0.00047  -2.32801      True
   blk_core reclasticnet       2000               500 all bars      common 29656 2007-09-19           0.13828       0.14301 -0.00473  -3.30870 -0.00643 -0.00356 -10.93398      True
   blk_core reclasticnet       2000               500 all bars deck period  7756 2020-01-03           0.15759       0.15899 -0.00140  -0.88118 -0.00497  0.00171  -1.56245     False
   blk_core reclasticnet       2000               500    11:00      common  4282 2007-09-20           0.12145       0.12528 -0.00384  -3.06429 -0.00545 -0.00239  -5.01912      True
   blk_core reclasticnet       2000               500    11:00 deck period  1116 2020-01-03           0.14790       0.14911 -0.00121  -0.81269 -0.00443  0.00193  -0.85798     False
   blk_core reclasticnet       2000               500    11:30      common  4282 2007-09-20           0.12730       0.13120 -0.00390  -2.97158 -0.00573 -0.00198  -4.62868      True
   blk_core reclasticnet       2000               500    11:30 deck period  1116 2020-01-03           0.14397       0.14410 -0.00013  -0.08958 -0.00357  0.00344  -0.08103     False
   blk_core reclasticnet       2000               500    12:00      common  4243 2007-09-20           0.12970       0.13367 -0.00398  -2.97410 -0.00580 -0.00224  -4.78460      True
   blk_core reclasticnet       2000               500    12:00 deck period  1116 2020-01-03           0.13766       0.14075 -0.00308  -2.19044 -0.00707  0.00060  -1.96774     False
   blk_core reclasticnet       2000               500    12:30      common  4244 2007-09-19           0.13993       0.14373 -0.00380  -2.64219 -0.00573 -0.00190  -4.53251      True
   blk_core reclasticnet       2000               500    12:30 deck period  1116 2020-01-03           0.15353       0.15332  0.00022   0.14227 -0.00386  0.00457   0.13717     False
   blk_core reclasticnet       2000               500    13:00      common  4244 2007-09-19           0.15105       0.15691 -0.00586  -3.73188 -0.00777 -0.00397  -6.68722      True
   blk_core reclasticnet       2000               500    13:00 deck period  1116 2020-01-03           0.16770       0.17050 -0.00280  -1.64350 -0.00672  0.00104  -1.58309     False
   blk_core reclasticnet       2000               500    13:30      common  4183 2007-09-19           0.15395       0.16051 -0.00656  -4.08487 -0.00862 -0.00454  -6.60600      True
   blk_core reclasticnet       2000               500    13:30 deck period  1088 2020-01-03           0.17367       0.17710 -0.00343  -1.93487 -0.00789  0.00118  -1.58799     False
   blk_core reclasticnet       2000               500    14:00      common  4178 2007-09-19           0.14512       0.15037 -0.00525  -3.49003 -0.00763 -0.00257  -4.25118      True
   blk_core reclasticnet       2000               500    14:00 deck period  1088 2020-01-03           0.17963       0.17901  0.00063   0.35073 -0.00631  0.00945   0.17693     False
   blk_core reclasticnet       2000              2000 all bars      common 29195 2007-12-21           0.13868       0.14560 -0.00692  -4.75067 -0.00845 -0.00651 -19.18418      True
   blk_core reclasticnet       2000              2000 all bars deck period  7756 2020-01-03           0.15759       0.16797 -0.01038  -6.17811 -0.01357 -0.00897 -11.25415      True
   blk_core reclasticnet       2000              2000    11:00      common  4216 2007-12-21           0.12186       0.12673 -0.00486  -3.83608 -0.00589 -0.00377  -8.71169      True
   blk_core reclasticnet       2000              2000    11:00 deck period  1116 2020-01-03           0.14790       0.15613 -0.00823  -5.26921 -0.01064 -0.00571  -6.45334      True
   blk_core reclasticnet       2000              2000    11:30      common  4216 2007-12-21           0.12738       0.13350 -0.00612  -4.58300 -0.00730 -0.00490 -10.12778      True
   blk_core reclasticnet       2000              2000    11:30 deck period  1116 2020-01-03           0.14397       0.15477 -0.01080  -6.97819 -0.01334 -0.00800  -7.86982      True
   blk_core reclasticnet       2000              2000    12:00      common  4178 2007-12-21           0.13009       0.13731 -0.00722  -5.25737 -0.00853 -0.00593 -11.53252      True
   blk_core reclasticnet       2000              2000    12:00 deck period  1116 2020-01-03           0.13766       0.15111 -0.01344  -8.89579 -0.01588 -0.01108 -10.20542      True
   blk_core reclasticnet       2000              2000    12:30      common  4178 2007-12-21           0.14066       0.14812 -0.00745  -5.03178 -0.00878 -0.00624 -12.10722      True
   blk_core reclasticnet       2000              2000    12:30 deck period  1116 2020-01-03           0.15353       0.16615 -0.01261  -7.59217 -0.01516 -0.01024  -9.20655      True
   blk_core reclasticnet       2000              2000    13:00      common  4178 2007-12-21           0.15103       0.15865 -0.00761  -4.79968 -0.00923 -0.00602  -9.65255      True
   blk_core reclasticnet       2000              2000    13:00 deck period  1116 2020-01-03           0.16770       0.17855 -0.01085  -6.07899 -0.01456 -0.00687  -5.19162      True
   blk_core reclasticnet       2000              2000    13:30      common  4117 2007-12-21           0.15419       0.16129 -0.00710  -4.39923 -0.00870 -0.00539  -8.51535      True
   blk_core reclasticnet       2000              2000    13:30 deck period  1088 2020-01-03           0.17367       0.18070 -0.00703  -3.88988 -0.01158 -0.00263  -3.47699      True
   blk_core reclasticnet       2000              2000    14:00      common  4112 2007-12-21           0.14616       0.15427 -0.00811  -5.25397 -0.01008 -0.00595  -8.08924      True
   blk_core reclasticnet       2000              2000    14:00 deck period  1088 2020-01-03           0.17963       0.18920 -0.00957  -5.05739 -0.01460 -0.00273  -3.35214      True
   blk_core        ridge        500               500 all bars      common 40156 2001-10-11           0.13127       0.13759 -0.00631  -4.58953 -0.00807 -0.00579 -16.24109      True
   blk_core        ridge        500               500 all bars deck period  7756 2020-01-03           0.15157       0.15841 -0.00684  -4.31992 -0.01155 -0.00369  -5.96217      True
   blk_core        ridge        500               500    11:00      common  5797 2001-10-11           0.11511       0.11991 -0.00481  -4.00705 -0.00612 -0.00356  -7.50730      True
   blk_core        ridge        500               500    11:00 deck period  1116 2020-01-03           0.14391       0.14865 -0.00474  -3.18641 -0.00859 -0.00117  -2.90830      True
   blk_core        ridge        500               500    11:30      common  5799 2001-10-11           0.11999       0.12571 -0.00572  -4.54696 -0.00714 -0.00438  -8.66285      True
   blk_core        ridge        500               500    11:30 deck period  1116 2020-01-03           0.13688       0.14408 -0.00720  -4.99549 -0.01073 -0.00383  -4.73635      True
   blk_core        ridge        500               500    12:00      common  5738 2001-10-11           0.12418       0.13039 -0.00620  -4.75844 -0.00767 -0.00484  -9.04855      True
   blk_core        ridge        500               500    12:00 deck period  1116 2020-01-03           0.13226       0.14045 -0.00819  -5.83030 -0.01174 -0.00444  -5.07430      True
   blk_core        ridge        500               500    12:30      common  5738 2001-10-11           0.13966       0.14601 -0.00636  -4.35282 -0.00793 -0.00478  -8.34518      True
   blk_core        ridge        500               500    12:30 deck period  1116 2020-01-03           0.14424       0.15281 -0.00857  -5.61066 -0.01268 -0.00466  -4.63170      True
   blk_core        ridge        500               500    13:00      common  5738 2001-10-11           0.13931       0.14613 -0.00682  -4.66493 -0.00867 -0.00503  -7.79536      True
   blk_core        ridge        500               500    13:00 deck period  1116 2020-01-03           0.16075       0.16928 -0.00853  -5.03781 -0.01445 -0.00332  -3.38696      True
   blk_core        ridge        500               500    13:30      common  5677 2001-10-11           0.14383       0.15194 -0.00811  -5.33819 -0.00994 -0.00637  -8.87540      True
   blk_core        ridge        500               500    13:30 deck period  1088 2020-01-03           0.16943       0.17579 -0.00636  -3.61904 -0.01171 -0.00093  -2.71390      True
   blk_core        ridge        500               500    14:00      common  5669 2001-10-11           0.13733       0.14357 -0.00623  -4.34243 -0.00872 -0.00348  -5.11115      True
   blk_core        ridge        500               500    14:00 deck period  1088 2020-01-03           0.17453       0.17877 -0.00424  -2.37124 -0.01302  0.00739  -0.90625     False
   blk_core        ridge       2000               500 all bars      common 29656 2007-09-19           0.13819       0.14268 -0.00449  -3.14568 -0.00612 -0.00327 -10.45212      True
   blk_core        ridge       2000               500 all bars deck period  7756 2020-01-03           0.15773       0.15841 -0.00068  -0.43192 -0.00404  0.00248  -0.77744     False
   blk_core        ridge       2000               500    11:00      common  4282 2007-09-20           0.12139       0.12504 -0.00365  -2.91899 -0.00523 -0.00216  -4.80961      True
   blk_core        ridge       2000               500    11:00 deck period  1116 2020-01-03           0.14807       0.14865 -0.00058  -0.39062 -0.00381  0.00264  -0.39811     False
   blk_core        ridge       2000               500    11:30      common  4282 2007-09-20           0.12749       0.13102 -0.00353  -2.69178 -0.00532 -0.00162  -4.30008      True
   blk_core        ridge       2000               500    11:30 deck period  1116 2020-01-03           0.14503       0.14408  0.00095   0.66229 -0.00249  0.00453   0.60247     False
   blk_core        ridge       2000               500    12:00      common  4243 2007-09-20           0.12995       0.13353 -0.00359  -2.68538 -0.00533 -0.00190  -4.41592      True
   blk_core        ridge       2000               500    12:00 deck period  1116 2020-01-03           0.13872       0.14045 -0.00173  -1.23322 -0.00564  0.00194  -1.10348     False
   blk_core        ridge       2000               500    12:30      common  4244 2007-09-19           0.14008       0.14344 -0.00336  -2.34193 -0.00524 -0.00143  -3.99950      True
   blk_core        ridge       2000               500    12:30 deck period  1116 2020-01-03           0.15451       0.15281  0.00169   1.10661 -0.00226  0.00606   1.04563     False
   blk_core        ridge       2000               500    13:00      common  4244 2007-09-19           0.15096       0.15650 -0.00554  -3.53895 -0.00746 -0.00363  -6.28389      True
   blk_core        ridge       2000               500    13:00 deck period  1116 2020-01-03           0.16739       0.16928 -0.00188  -1.11328 -0.00585  0.00202  -1.08520     False
   blk_core        ridge       2000               500    13:30      common  4183 2007-09-19           0.15357       0.15968 -0.00612  -3.83106 -0.00828 -0.00391  -5.71461      True
   blk_core        ridge       2000               500    13:30 deck period  1088 2020-01-03           0.17269       0.17579 -0.00310  -1.76276 -0.00755  0.00157  -1.35026     False
   blk_core        ridge       2000               500    14:00      common  4178 2007-09-19           0.14447       0.15017 -0.00570  -3.79451 -0.00809 -0.00317  -4.74982      True
   blk_core        ridge       2000               500    14:00 deck period  1088 2020-01-03           0.17858       0.17877 -0.00019  -0.10450 -0.00674  0.00828  -0.05540     False
   blk_core        ridge       2000              2000 all bars      common 29195 2007-12-21           0.13860       0.14490 -0.00630  -4.34523 -0.00766 -0.00588 -19.46545      True
   blk_core        ridge       2000              2000 all bars deck period  7756 2020-01-03           0.15773       0.16677 -0.00904  -5.42165 -0.01186 -0.00747 -11.33440      True
   blk_core        ridge       2000              2000    11:00      common  4216 2007-12-21           0.12181       0.12602 -0.00421  -3.34137 -0.00515 -0.00327  -8.86458      True
   blk_core        ridge       2000              2000    11:00 deck period  1116 2020-01-03           0.14807       0.15509 -0.00702  -4.52596 -0.00906 -0.00503  -7.10076      True
   blk_core        ridge       2000              2000    11:30      common  4216 2007-12-21           0.12758       0.13283 -0.00525  -3.95512 -0.00629 -0.00417 -10.23276      True
   blk_core        ridge       2000              2000    11:30 deck period  1116 2020-01-03           0.14503       0.15375 -0.00872  -5.66999 -0.01108 -0.00612  -7.30081      True
   blk_core        ridge       2000              2000    12:00      common  4178 2007-12-21           0.13035       0.13679 -0.00644  -4.71027 -0.00760 -0.00534 -11.90535      True
   blk_core        ridge       2000              2000    12:00 deck period  1116 2020-01-03           0.13872       0.14998 -0.01126  -7.50854 -0.01339 -0.00915  -9.88648      True
   blk_core        ridge       2000              2000    12:30      common  4178 2007-12-21           0.14081       0.14743 -0.00662  -4.48777 -0.00784 -0.00553 -11.75823      True
   blk_core        ridge       2000              2000    12:30 deck period  1116 2020-01-03           0.15451       0.16471 -0.01020  -6.19516 -0.01246 -0.00806  -8.50082      True
   blk_core        ridge       2000              2000    13:00      common  4178 2007-12-21           0.15094       0.15798 -0.00705  -4.46177 -0.00847 -0.00557  -9.81053      True
   blk_core        ridge       2000              2000    13:00 deck period  1116 2020-01-03           0.16739       0.17714 -0.00974  -5.50013 -0.01303 -0.00628  -5.44796      True
   blk_core        ridge       2000              2000    13:30      common  4117 2007-12-21           0.15380       0.16036 -0.00656  -4.08858 -0.00807 -0.00500  -8.59088      True
   blk_core        ridge       2000              2000    13:30 deck period  1088 2020-01-03           0.17269       0.17953 -0.00684  -3.81050 -0.01061 -0.00323  -4.10596      True
   blk_core        ridge       2000              2000    14:00      common  4112 2007-12-21           0.14550       0.15350 -0.00800  -5.21325 -0.00993 -0.00594  -8.12211      True
   blk_core        ridge       2000              2000    14:00 deck period  1088 2020-01-03           0.17858       0.18804 -0.00946  -5.03122 -0.01448 -0.00261  -3.38067      True
   blk_open     reclasso        500               500 all bars      common  9363 2006-03-02           0.13023       0.13115 -0.00092  -0.69772 -0.00230  0.00047  -1.30443     False
   blk_open     reclasso        500               500 all bars deck period  2232 2020-01-03           0.13768       0.13798 -0.00030  -0.21692 -0.00327  0.00250  -0.20381     False
   blk_open     reclasso        500               500    10:00      common  4681 2006-03-03           0.10925       0.11383 -0.00458  -4.02162 -0.00641 -0.00267  -4.82586      True
   blk_open     reclasso        500               500    10:00 deck period  1116 2020-01-03           0.11512       0.11802 -0.00290  -2.45600 -0.00667  0.00094  -1.61075     False
   blk_open     reclasso        500               500    10:30      common  4682 2006-03-02           0.15121       0.14846  0.00275   1.85018  0.00073  0.00462   2.86008     False
   blk_open     reclasso        500               500    10:30 deck period  1116 2020-01-03           0.16024       0.15794  0.00230   1.45617 -0.00230  0.00633   1.03404     False
   blk_open     reclasso       2000               500 all bars      common  6363 2011-12-23           0.13312       0.13390 -0.00078  -0.58510 -0.00289  0.00127  -0.73857     False
   blk_open     reclasso       2000               500 all bars deck period  2232 2020-01-03           0.14129       0.13798  0.00331   2.39908 -0.00113  0.00764   1.45017     False
   blk_open     reclasso       2000               500    10:00      common  3181 2011-12-27           0.11355       0.11791 -0.00436  -3.70017 -0.00715 -0.00157  -3.28427      True
   blk_open     reclasso       2000               500    10:00 deck period  1116 2020-01-03           0.11961       0.11802  0.00159   1.34402 -0.00338  0.00642   0.65361     False
   blk_open     reclasso       2000               500    10:30      common  3182 2011-12-23           0.15268       0.14989  0.00279   1.86464 -0.00015  0.00547   1.84553     False
   blk_open     reclasso       2000               500    10:30 deck period  1116 2020-01-03           0.16298       0.15794  0.00503   3.18745 -0.00242  0.01114   1.37770     False
   blk_open     reclasso       2000              2000 all bars      common  6363 2011-12-23           0.13312       0.13271  0.00042   0.31292 -0.00074  0.00163   0.71637     False
   blk_open     reclasso       2000              2000 all bars deck period  2232 2020-01-03           0.14129       0.14056  0.00074   0.52428 -0.00133  0.00277   0.70738     False
   blk_open     reclasso       2000              2000    10:00      common  3181 2011-12-27           0.11355       0.11607 -0.00252  -2.17521 -0.00414 -0.00090  -3.23006      True
   blk_open     reclasso       2000              2000    10:00 deck period  1116 2020-01-03           0.11961       0.12061 -0.00101  -0.83591 -0.00364  0.00170  -0.75540     False
   blk_open     reclasso       2000              2000    10:30      common  3182 2011-12-23           0.15268       0.14933  0.00335   2.24634  0.00178  0.00498   4.31913     False
   blk_open     reclasso       2000              2000    10:30 deck period  1116 2020-01-03           0.16298       0.16050  0.00248   1.54647 -0.00061  0.00536   1.71253     False
   blk_open reclasticnet        500               500 all bars      common  9363 2006-03-02           0.12939       0.13101 -0.00162  -1.23763 -0.00303 -0.00024  -2.31289      True
   blk_open reclasticnet        500               500 all bars deck period  2232 2020-01-03           0.13652       0.13819 -0.00167  -1.20922 -0.00441  0.00100  -1.20161     False
   blk_open reclasticnet        500               500    10:00      common  4681 2006-03-03           0.10879       0.11385 -0.00506  -4.44318 -0.00698 -0.00309  -5.21307      True
   blk_open reclasticnet        500               500    10:00 deck period  1116 2020-01-03           0.11470       0.11849 -0.00378  -3.19270 -0.00768 -0.00003  -2.14039      True
   blk_open reclasticnet        500               500    10:30      common  4682 2006-03-02           0.14999       0.14817  0.00181   1.22490 -0.00009  0.00368   1.92434     False
   blk_open reclasticnet        500               500    10:30 deck period  1116 2020-01-03           0.15834       0.15790  0.00044   0.27916 -0.00368  0.00411   0.21220     False
   blk_open reclasticnet       2000               500 all bars      common  6363 2011-12-23           0.13296       0.13384 -0.00087  -0.65303 -0.00296  0.00122  -0.82195     False
   blk_open reclasticnet       2000               500 all bars deck period  2232 2020-01-03           0.14126       0.13819  0.00306   2.21652 -0.00141  0.00741   1.33098     False
   blk_open reclasticnet       2000               500    10:00      common  3181 2011-12-27           0.11355       0.11806 -0.00450  -3.81446 -0.00737 -0.00169  -3.34121      True
   blk_open reclasticnet       2000               500    10:00 deck period  1116 2020-01-03           0.11932       0.11849  0.00084   0.70576 -0.00434  0.00597   0.33528     False
   blk_open reclasticnet       2000               500    10:30      common  3182 2011-12-23           0.15236       0.14961  0.00275   1.84088 -0.00018  0.00539   1.81375     False
   blk_open reclasticnet       2000               500    10:30 deck period  1116 2020-01-03           0.16319       0.15790  0.00529   3.35018 -0.00219  0.01159   1.43722     False
   blk_open reclasticnet       2000              2000 all bars      common  6363 2011-12-23           0.13296       0.13260  0.00036   0.27357 -0.00084  0.00163   0.62043     False
   blk_open reclasticnet       2000              2000 all bars deck period  2232 2020-01-03           0.14126       0.14045  0.00081   0.57352 -0.00136  0.00290   0.77263     False
   blk_open reclasticnet       2000              2000    10:00      common  3181 2011-12-27           0.11355       0.11608 -0.00253  -2.17774 -0.00415 -0.00090  -3.19876      True
   blk_open reclasticnet       2000              2000    10:00 deck period  1116 2020-01-03           0.11932       0.12053 -0.00121  -1.00243 -0.00389  0.00158  -0.89701     False
   blk_open reclasticnet       2000              2000    10:30      common  3182 2011-12-23           0.15236       0.14911  0.00325   2.18130  0.00163  0.00491   4.13544     False
   blk_open reclasticnet       2000              2000    10:30 deck period  1116 2020-01-03           0.16319       0.16037  0.00282   1.75797 -0.00035  0.00588   1.93345     False
   blk_open        ridge        500               500 all bars      common  9363 2006-03-02           0.12983       0.13086 -0.00103  -0.78989 -0.00258  0.00048  -1.36150     False
   blk_open        ridge        500               500 all bars deck period  2232 2020-01-03           0.13733       0.13767 -0.00034  -0.24385 -0.00350  0.00260  -0.21105     False
   blk_open        ridge        500               500    10:00      common  4681 2006-03-03           0.10912       0.11343 -0.00431  -3.79699 -0.00615 -0.00241  -4.33426      True
   blk_open        ridge        500               500    10:00 deck period  1116 2020-01-03           0.11573       0.11723 -0.00150  -1.28174 -0.00554  0.00257  -0.78370     False
   blk_open        ridge        500               500    10:30      common  4682 2006-03-02           0.15053       0.14829  0.00224   1.50977  0.00014  0.00427   2.17330     False
   blk_open        ridge        500               500    10:30 deck period  1116 2020-01-03           0.15893       0.15810  0.00083   0.52571 -0.00380  0.00487   0.34868     False
   blk_open        ridge       2000               500 all bars      common  6363 2011-12-23           0.13371       0.13359  0.00012   0.09139 -0.00210  0.00232   0.10861     False
   blk_open        ridge       2000               500 all bars deck period  2232 2020-01-03           0.14243       0.13767  0.00477   3.46424  0.00001  0.00952   1.95486     False
   blk_open        ridge       2000               500    10:00      common  3181 2011-12-27           0.11407       0.11757 -0.00350  -2.97863 -0.00642 -0.00056  -2.51190      True
   blk_open        ridge       2000               500    10:00 deck period  1116 2020-01-03           0.12068       0.11723  0.00345   2.94156 -0.00200  0.00875   1.31961     False
   blk_open        ridge       2000               500    10:30      common  3182 2011-12-23           0.15336       0.14961  0.00375   2.50316  0.00074  0.00649   2.36430     False
   blk_open        ridge       2000               500    10:30 deck period  1116 2020-01-03           0.16419       0.15810  0.00609   3.85179 -0.00157  0.01258   1.58700     False
   blk_open        ridge       2000              2000 all bars      common  6363 2011-12-23           0.13371       0.13205  0.00166   1.25913  0.00037  0.00302   2.60019     False
   blk_open        ridge       2000              2000 all bars deck period  2232 2020-01-03           0.14243       0.13974  0.00270   1.92968  0.00050  0.00505   2.34251     False
   blk_open        ridge       2000              2000    10:00      common  3181 2011-12-27           0.11407       0.11551 -0.00144  -1.24803 -0.00316  0.00028  -1.74748     False
   blk_open        ridge       2000              2000    10:00 deck period  1116 2020-01-03           0.12068       0.11965  0.00102   0.85417 -0.00193  0.00402   0.71460     False
   blk_open        ridge       2000              2000    10:30      common  3182 2011-12-23           0.15336       0.14859  0.00477   3.20750  0.00302  0.00645   5.63713     False
   blk_open        ridge       2000              2000    10:30 deck period  1116 2020-01-03           0.16419       0.15982  0.00437   2.73489  0.00122  0.00733   2.84693     False
blk_release     reclasso        500               500 all bars      common  9081 2006-04-04           0.21200       0.22999 -0.01799  -7.82399 -0.02213 -0.01408  -9.31818      True
blk_release     reclasso        500               500 all bars deck period  2174 2020-01-03           0.24359       0.27914 -0.03555 -12.73701 -0.04734 -0.02585  -6.53094      True
blk_release     reclasso        500               500    14:30      common  4541 2006-04-05           0.25497       0.28978 -0.03481 -12.01215 -0.04147 -0.02852 -11.04889      True
blk_release     reclasso        500               500    14:30 deck period  1087 2020-01-03           0.28870       0.34819 -0.05949 -17.08617 -0.07779 -0.04326  -7.05953      True
blk_release     reclasso        500               500    15:00      common  4540 2006-04-04           0.16902       0.17019 -0.00118  -0.69147 -0.00444  0.00204  -0.72247     False
blk_release     reclasso        500               500    15:00 deck period  1087 2020-01-03           0.19847       0.21009 -0.01162  -5.52884 -0.01960 -0.00346  -2.69734      True
blk_release     reclasso       2000               500 all bars      common  6081 2012-03-22           0.22951       0.24394 -0.01442  -5.91332 -0.01860 -0.01057  -5.63768      True
blk_release     reclasso       2000               500 all bars deck period  2174 2020-01-03           0.25966       0.27914 -0.01948  -6.97833 -0.02917 -0.01089  -3.22884      True
blk_release     reclasso       2000               500    14:30      common  3041 2012-03-22           0.26843       0.30804 -0.03961 -12.85762 -0.04705 -0.03285  -9.82911      True
blk_release     reclasso       2000               500    14:30 deck period  1087 2020-01-03           0.29280       0.34819 -0.05539 -15.90911 -0.07411 -0.03986  -5.62962      True
blk_release     reclasso       2000               500    15:00      common  3040 2012-03-22           0.19059       0.17982  0.01076   5.98617  0.00704  0.01459   5.33863     False
blk_release     reclasso       2000               500    15:00 deck period  1087 2020-01-03           0.22652       0.21009  0.01644   7.82324  0.00874  0.02384   4.08551     False
blk_release     reclasso       2000              2000 all bars      common  6081 2012-03-22           0.22951       0.24514 -0.01562  -6.37293 -0.01915 -0.01216  -8.86795      True
blk_release     reclasso       2000              2000 all bars deck period  2174 2020-01-03           0.25966       0.28492 -0.02525  -8.86375 -0.03243 -0.01857  -7.44900      True
blk_release     reclasso       2000              2000    14:30      common  3041 2012-03-22           0.26843       0.30576 -0.03733 -12.20961 -0.04285 -0.03216 -13.99889      True
blk_release     reclasso       2000              2000    14:30 deck period  1087 2020-01-03           0.29280       0.34318 -0.05038 -14.67961 -0.06131 -0.03983  -9.75247      True
blk_release     reclasso       2000              2000    15:00      common  3040 2012-03-22           0.19059       0.18449  0.00609   3.30348  0.00282  0.00931   3.70115     False
blk_release     reclasso       2000              2000    15:00 deck period  1087 2020-01-03           0.22652       0.22666 -0.00013  -0.05806 -0.00556  0.00577  -0.04542     False
blk_release reclasticnet        500               500 all bars      common  9081 2006-04-04           0.21186       0.22976 -0.01790  -7.79095 -0.02205 -0.01386  -9.13588      True
blk_release reclasticnet        500               500 all bars deck period  2174 2020-01-03           0.24406       0.27926 -0.03520 -12.60383 -0.04711 -0.02527  -6.25096      True
blk_release reclasticnet        500               500    14:30      common  4541 2006-04-05           0.25427       0.28982 -0.03555 -12.26568 -0.04236 -0.02925 -11.18900      True
blk_release reclasticnet        500               500    14:30 deck period  1087 2020-01-03           0.29060       0.34899 -0.05839 -16.72979 -0.07759 -0.04225  -6.64094      True
blk_release reclasticnet        500               500    15:00      common  4540 2006-04-04           0.16944       0.16969 -0.00025  -0.14666 -0.00361  0.00287  -0.15069     False
blk_release reclasticnet        500               500    15:00 deck period  1087 2020-01-03           0.19752       0.20953 -0.01201  -5.73180 -0.02016 -0.00385  -2.76668      True
blk_release reclasticnet       2000               500 all bars      common  6081 2012-03-22           0.22931       0.24369 -0.01438  -5.89944 -0.01862 -0.01032  -5.38800      True
blk_release reclasticnet       2000               500 all bars deck period  2174 2020-01-03           0.25961       0.27926 -0.01965  -7.03752 -0.02996 -0.01046  -3.06757      True
blk_release reclasticnet       2000               500    14:30      common  3041 2012-03-22           0.26797       0.30802 -0.04006 -13.00479 -0.04813 -0.03298  -9.39422      True
blk_release reclasticnet       2000               500    14:30 deck period  1087 2020-01-03           0.29202       0.34899 -0.05697 -16.32458 -0.07753 -0.04060  -5.37365      True
blk_release reclasticnet       2000               500    15:00      common  3040 2012-03-22           0.19064       0.17933  0.01131   6.30924  0.00760  0.01516   5.60009     False
blk_release reclasticnet       2000               500    15:00 deck period  1087 2020-01-03           0.22720       0.20953  0.01766   8.43063  0.00961  0.02541   4.28422     False
blk_release reclasticnet       2000              2000 all bars      common  6081 2012-03-22           0.22931       0.24499 -0.01568  -6.40044 -0.01916 -0.01219  -8.89586      True
blk_release reclasticnet       2000              2000 all bars deck period  2174 2020-01-03           0.25961       0.28501 -0.02540  -8.91219 -0.03272 -0.01834  -7.36327      True
blk_release reclasticnet       2000              2000    14:30      common  3041 2012-03-22           0.26797       0.30565 -0.03768 -12.32769 -0.04321 -0.03265 -14.19754      True
blk_release reclasticnet       2000              2000    14:30 deck period  1087 2020-01-03           0.29202       0.34343 -0.05141 -14.96940 -0.06224 -0.04108  -9.83783      True
blk_release reclasticnet       2000              2000    15:00      common  3040 2012-03-22           0.19064       0.18432  0.00633   3.43180  0.00303  0.00952   3.88055     False
blk_release reclasticnet       2000              2000    15:00 deck period  1087 2020-01-03           0.22720       0.22659  0.00061   0.26832 -0.00507  0.00711   0.20178     False
blk_release        ridge        500               500 all bars      common  9081 2006-04-04           0.21199       0.22933 -0.01734  -7.56000 -0.02143 -0.01350  -8.93709      True
blk_release        ridge        500               500 all bars deck period  2174 2020-01-03           0.24463       0.27926 -0.03464 -12.40277 -0.04658 -0.02425  -6.06794      True
blk_release        ridge        500               500    14:30      common  4541 2006-04-05           0.25309       0.28907 -0.03598 -12.44642 -0.04279 -0.02990 -11.55456      True
blk_release        ridge        500               500    14:30 deck period  1087 2020-01-03           0.28911       0.34834 -0.05923 -17.00408 -0.07891 -0.04263  -6.64990      True
blk_release        ridge        500               500    15:00      common  4540 2006-04-04           0.17088       0.16957  0.00131   0.77165 -0.00193  0.00447   0.79090     False
blk_release        ridge        500               500    15:00 deck period  1087 2020-01-03           0.20014       0.21018 -0.01004  -4.77689 -0.01790 -0.00166  -2.23309      True
blk_release        ridge       2000               500 all bars      common  6081 2012-03-22           0.23039       0.24333 -0.01295  -5.32019 -0.01745 -0.00865  -4.72046      True
blk_release        ridge       2000               500 all bars deck period  2174 2020-01-03           0.25969       0.27926 -0.01957  -7.00856 -0.03013 -0.00998  -2.99694      True
blk_release        ridge       2000               500    14:30      common  3041 2012-03-22           0.26813       0.30751 -0.03938 -12.80665 -0.04744 -0.03214  -9.03210      True
blk_release        ridge       2000               500    14:30 deck period  1087 2020-01-03           0.29169       0.34834 -0.05666 -16.26463 -0.07771 -0.04014  -5.27990      True
blk_release        ridge       2000               500    15:00      common  3040 2012-03-22           0.19263       0.17913  0.01350   7.53584  0.00950  0.01746   6.48965     False
blk_release        ridge       2000               500    15:00 deck period  1087 2020-01-03           0.22770       0.21018  0.01751   8.33175  0.00930  0.02593   4.07569     False
blk_release        ridge       2000              2000 all bars      common  6081 2012-03-22           0.23039       0.24398 -0.01359  -5.56993 -0.01741 -0.00993  -7.34883      True
blk_release        ridge       2000              2000 all bars deck period  2174 2020-01-03           0.25969       0.28397 -0.02428  -8.54931 -0.03208 -0.01674  -6.68697      True
blk_release        ridge       2000              2000    14:30      common  3041 2012-03-22           0.26813       0.30494 -0.03681 -12.07128 -0.04271 -0.03141 -13.21543      True
blk_release        ridge       2000              2000    14:30 deck period  1087 2020-01-03           0.29169       0.34284 -0.05115 -14.92068 -0.06262 -0.04016  -9.28936      True
blk_release        ridge       2000              2000    15:00      common  3040 2012-03-22           0.19263       0.18299  0.00964   5.26752  0.00633  0.01299   5.70018     False
blk_release        ridge       2000              2000    15:00 deck period  1087 2020-01-03           0.22770       0.22510  0.00260   1.15483 -0.00355  0.00985   0.82156     False

wrote /u/scratch/j/jamesdc1/harxhar-subsection/results/linear_subsection/baseline/subsection_vs_pooled.csv

15:30 sign(s) trade with each arm's forecast (deck ridge: 1.338 mid / 0.870 crossed)
  segment    estimator  train_win  deck_days  pct_buy  Sharpe_mid  Sharpe_crossed  ridge_Sharpe_mid_same_days
  bar1600     reclasso        500        866  35.4503      0.8711          0.3972                      1.3383
  bar1600     reclasso       2000        866  37.5289      1.4618          0.9890                      1.3383
  bar1600 reclasticnet        500        866  35.1039      1.0985          0.6245                      1.3383
  bar1600 reclasticnet       2000        866  37.4134      1.3622          0.8889                      1.3383
  bar1600        ridge        500        866  36.6051      1.0138          0.5413                      1.3383
  bar1600        ridge       2000        866  38.2217      1.3589          0.8870                      1.3383
blk_close     reclasso        500        866  35.3349      1.0531          0.5805                      1.3383
blk_close     reclasso       2000        866  39.8383      0.9664          0.4947                      1.3383
blk_close reclasticnet        500        866  34.7575      1.2428          0.7698                      1.3383
blk_close reclasticnet       2000        866  40.0693      0.8642          0.3924                      1.3383
blk_close        ridge        500        866  35.3349      1.0919          0.6196                      1.3383
blk_close        ridge       2000        866  40.0693      0.9248          0.4531                      1.3383
     none     reclasso        500        866  32.1016      0.9099          0.4348                      1.3383
     none     reclasso       2000        866  40.8776      1.1151          0.6457                      1.3383
     none reclasticnet        500        866  31.5242      1.0486          0.5730                      1.3383
     none reclasticnet       2000        866  41.6859      1.1523          0.6838                      1.3383
     none        ridge        500        866  31.0624      1.0516          0.5766                      1.3383
     none        ridge       2000        866  41.3395      1.1373          0.6686                      1.3383
