/u/home/j/jamesdc1/.conda/envs/hpc-pi/lib/python3.11/site-packages/pandas/core/arraylike.py:399: RuntimeWarning: divide by zero encountered in log
  result = getattr(ufunc, method)(*inputs, **kwargs)
/u/home/j/jamesdc1/.conda/envs/hpc-pi/lib/python3.11/site-packages/pandas/core/arraylike.py:399: RuntimeWarning: divide by zero encountered in log
  result = getattr(ufunc, method)(*inputs, **kwargs)
/u/home/j/jamesdc1/.conda/envs/hpc-pi/lib/python3.11/site-packages/pandas/core/arraylike.py:399: RuntimeWarning: divide by zero encountered in log
  result = getattr(ufunc, method)(*inputs, **kwargs)
/u/home/j/jamesdc1/.conda/envs/hpc-pi/lib/python3.11/site-packages/pandas/core/arraylike.py:399: RuntimeWarning: divide by zero encountered in log
  result = getattr(ufunc, method)(*inputs, **kwargs)
/u/home/j/jamesdc1/.conda/envs/hpc-pi/lib/python3.11/site-packages/pandas/core/arraylike.py:399: RuntimeWarning: divide by zero encountered in log
  result = getattr(ufunc, method)(*inputs, **kwargs)
/u/home/j/jamesdc1/.conda/envs/hpc-pi/lib/python3.11/site-packages/pandas/core/arraylike.py:399: RuntimeWarning: divide by zero encountered in log
  result = getattr(ufunc, method)(*inputs, **kwargs)
/u/home/j/jamesdc1/.conda/envs/hpc-pi/lib/python3.11/site-packages/pandas/core/arraylike.py:399: RuntimeWarning: divide by zero encountered in log
  result = getattr(ufunc, method)(*inputs, **kwargs)
/u/home/j/jamesdc1/.conda/envs/hpc-pi/lib/python3.11/site-packages/pandas/core/arraylike.py:399: RuntimeWarning: divide by zero encountered in log
  result = getattr(ufunc, method)(*inputs, **kwargs)
/u/home/j/jamesdc1/.conda/envs/hpc-pi/lib/python3.11/site-packages/pandas/core/arraylike.py:399: RuntimeWarning: divide by zero encountered in log
  result = getattr(ufunc, method)(*inputs, **kwargs)
/u/home/j/jamesdc1/.conda/envs/hpc-pi/lib/python3.11/site-packages/pandas/core/arraylike.py:399: RuntimeWarning: divide by zero encountered in log
  result = getattr(ufunc, method)(*inputs, **kwargs)
/u/home/j/jamesdc1/.conda/envs/hpc-pi/lib/python3.11/site-packages/pandas/core/arraylike.py:399: RuntimeWarning: divide by zero encountered in log
  result = getattr(ufunc, method)(*inputs, **kwargs)
/u/home/j/jamesdc1/.conda/envs/hpc-pi/lib/python3.11/site-packages/pandas/core/arraylike.py:399: RuntimeWarning: divide by zero encountered in log
  result = getattr(ufunc, method)(*inputs, **kwargs)
/u/home/j/jamesdc1/.conda/envs/hpc-pi/lib/python3.11/site-packages/pandas/core/arraylike.py:399: RuntimeWarning: divide by zero encountered in log
  result = getattr(ufunc, method)(*inputs, **kwargs)
/u/home/j/jamesdc1/.conda/envs/hpc-pi/lib/python3.11/site-packages/pandas/core/arraylike.py:399: RuntimeWarning: divide by zero encountered in log
  result = getattr(ufunc, method)(*inputs, **kwargs)
/u/home/j/jamesdc1/.conda/envs/hpc-pi/lib/python3.11/site-packages/pandas/core/arraylike.py:399: RuntimeWarning: divide by zero encountered in log
  result = getattr(ufunc, method)(*inputs, **kwargs)
/u/home/j/jamesdc1/.conda/envs/hpc-pi/lib/python3.11/site-packages/pandas/core/arraylike.py:399: RuntimeWarning: divide by zero encountered in log
  result = getattr(ufunc, method)(*inputs, **kwargs)
/u/home/j/jamesdc1/.conda/envs/hpc-pi/lib/python3.11/site-packages/pandas/core/arraylike.py:399: RuntimeWarning: divide by zero encountered in log
  result = getattr(ufunc, method)(*inputs, **kwargs)
/u/home/j/jamesdc1/.conda/envs/hpc-pi/lib/python3.11/site-packages/pandas/core/arraylike.py:399: RuntimeWarning: divide by zero encountered in log
  result = getattr(ufunc, method)(*inputs, **kwargs)
/u/home/j/jamesdc1/.conda/envs/hpc-pi/lib/python3.11/site-packages/pandas/core/arraylike.py:399: RuntimeWarning: divide by zero encountered in log
  result = getattr(ufunc, method)(*inputs, **kwargs)
/u/home/j/jamesdc1/.conda/envs/hpc-pi/lib/python3.11/site-packages/pandas/core/arraylike.py:399: RuntimeWarning: divide by zero encountered in log
  result = getattr(ufunc, method)(*inputs, **kwargs)
/u/home/j/jamesdc1/.conda/envs/hpc-pi/lib/python3.11/site-packages/pandas/core/arraylike.py:399: RuntimeWarning: divide by zero encountered in log
  result = getattr(ufunc, method)(*inputs, **kwargs)
/u/home/j/jamesdc1/.conda/envs/hpc-pi/lib/python3.11/site-packages/pandas/core/arraylike.py:399: RuntimeWarning: divide by zero encountered in log
  result = getattr(ufunc, method)(*inputs, **kwargs)
/u/home/j/jamesdc1/.conda/envs/hpc-pi/lib/python3.11/site-packages/pandas/core/arraylike.py:399: RuntimeWarning: divide by zero encountered in log
  result = getattr(ufunc, method)(*inputs, **kwargs)
/u/home/j/jamesdc1/.conda/envs/hpc-pi/lib/python3.11/site-packages/pandas/core/arraylike.py:399: RuntimeWarning: divide by zero encountered in log
  result = getattr(ufunc, method)(*inputs, **kwargs)
/u/home/j/jamesdc1/.conda/envs/hpc-pi/lib/python3.11/site-packages/pandas/core/arraylike.py:399: RuntimeWarning: divide by zero encountered in log
  result = getattr(ufunc, method)(*inputs, **kwargs)
/u/home/j/jamesdc1/.conda/envs/hpc-pi/lib/python3.11/site-packages/pandas/core/arraylike.py:399: RuntimeWarning: divide by zero encountered in log
  result = getattr(ufunc, method)(*inputs, **kwargs)
/u/home/j/jamesdc1/.conda/envs/hpc-pi/lib/python3.11/site-packages/pandas/core/arraylike.py:399: RuntimeWarning: divide by zero encountered in log
  result = getattr(ufunc, method)(*inputs, **kwargs)
/u/home/j/jamesdc1/.conda/envs/hpc-pi/lib/python3.11/site-packages/pandas/core/arraylike.py:399: RuntimeWarning: divide by zero encountered in log
  result = getattr(ufunc, method)(*inputs, **kwargs)
/u/home/j/jamesdc1/.conda/envs/hpc-pi/lib/python3.11/site-packages/pandas/core/arraylike.py:399: RuntimeWarning: divide by zero encountered in log
  result = getattr(ufunc, method)(*inputs, **kwargs)
/u/home/j/jamesdc1/.conda/envs/hpc-pi/lib/python3.11/site-packages/pandas/core/arraylike.py:399: RuntimeWarning: divide by zero encountered in log
  result = getattr(ufunc, method)(*inputs, **kwargs)
/u/home/j/jamesdc1/.conda/envs/hpc-pi/lib/python3.11/site-packages/pandas/core/arraylike.py:399: RuntimeWarning: divide by zero encountered in log
  result = getattr(ufunc, method)(*inputs, **kwargs)
/u/home/j/jamesdc1/.conda/envs/hpc-pi/lib/python3.11/site-packages/pandas/core/arraylike.py:399: RuntimeWarning: divide by zero encountered in log
  result = getattr(ufunc, method)(*inputs, **kwargs)
/u/home/j/jamesdc1/.conda/envs/hpc-pi/lib/python3.11/site-packages/pandas/core/arraylike.py:399: RuntimeWarning: divide by zero encountered in log
  result = getattr(ufunc, method)(*inputs, **kwargs)
/u/home/j/jamesdc1/.conda/envs/hpc-pi/lib/python3.11/site-packages/pandas/core/arraylike.py:399: RuntimeWarning: divide by zero encountered in log
  result = getattr(ufunc, method)(*inputs, **kwargs)
/u/home/j/jamesdc1/.conda/envs/hpc-pi/lib/python3.11/site-packages/pandas/core/arraylike.py:399: RuntimeWarning: divide by zero encountered in log
  result = getattr(ufunc, method)(*inputs, **kwargs)
/u/home/j/jamesdc1/.conda/envs/hpc-pi/lib/python3.11/site-packages/pandas/core/arraylike.py:399: RuntimeWarning: divide by zero encountered in log
  result = getattr(ufunc, method)(*inputs, **kwargs)
/u/home/j/jamesdc1/.conda/envs/hpc-pi/lib/python3.11/site-packages/pandas/core/arraylike.py:399: RuntimeWarning: divide by zero encountered in log
  result = getattr(ufunc, method)(*inputs, **kwargs)
/u/home/j/jamesdc1/.conda/envs/hpc-pi/lib/python3.11/site-packages/pandas/core/arraylike.py:399: RuntimeWarning: divide by zero encountered in log
  result = getattr(ufunc, method)(*inputs, **kwargs)
/u/home/j/jamesdc1/.conda/envs/hpc-pi/lib/python3.11/site-packages/pandas/core/arraylike.py:399: RuntimeWarning: divide by zero encountered in log
  result = getattr(ufunc, method)(*inputs, **kwargs)
/u/home/j/jamesdc1/.conda/envs/hpc-pi/lib/python3.11/site-packages/pandas/core/arraylike.py:399: RuntimeWarning: divide by zero encountered in log
  result = getattr(ufunc, method)(*inputs, **kwargs)
/u/home/j/jamesdc1/.conda/envs/hpc-pi/lib/python3.11/site-packages/pandas/core/arraylike.py:399: RuntimeWarning: divide by zero encountered in log
  result = getattr(ufunc, method)(*inputs, **kwargs)
/u/home/j/jamesdc1/.conda/envs/hpc-pi/lib/python3.11/site-packages/pandas/core/arraylike.py:399: RuntimeWarning: divide by zero encountered in log
  result = getattr(ufunc, method)(*inputs, **kwargs)
/u/home/j/jamesdc1/.conda/envs/hpc-pi/lib/python3.11/site-packages/pandas/core/arraylike.py:399: RuntimeWarning: divide by zero encountered in log
  result = getattr(ufunc, method)(*inputs, **kwargs)
/u/home/j/jamesdc1/.conda/envs/hpc-pi/lib/python3.11/site-packages/pandas/core/arraylike.py:399: RuntimeWarning: divide by zero encountered in log
  result = getattr(ufunc, method)(*inputs, **kwargs)
/u/home/j/jamesdc1/.conda/envs/hpc-pi/lib/python3.11/site-packages/pandas/core/arraylike.py:399: RuntimeWarning: divide by zero encountered in log
  result = getattr(ufunc, method)(*inputs, **kwargs)
/u/home/j/jamesdc1/.conda/envs/hpc-pi/lib/python3.11/site-packages/pandas/core/arraylike.py:399: RuntimeWarning: divide by zero encountered in log
  result = getattr(ufunc, method)(*inputs, **kwargs)
/u/home/j/jamesdc1/.conda/envs/hpc-pi/lib/python3.11/site-packages/pandas/core/arraylike.py:399: RuntimeWarning: divide by zero encountered in log
  result = getattr(ufunc, method)(*inputs, **kwargs)
/u/home/j/jamesdc1/.conda/envs/hpc-pi/lib/python3.11/site-packages/pandas/core/arraylike.py:399: RuntimeWarning: divide by zero encountered in log
  result = getattr(ufunc, method)(*inputs, **kwargs)
/u/home/j/jamesdc1/.conda/envs/hpc-pi/lib/python3.11/site-packages/pandas/core/arraylike.py:399: RuntimeWarning: divide by zero encountered in log
  result = getattr(ufunc, method)(*inputs, **kwargs)
/u/home/j/jamesdc1/.conda/envs/hpc-pi/lib/python3.11/site-packages/pandas/core/arraylike.py:399: RuntimeWarning: divide by zero encountered in log
  result = getattr(ufunc, method)(*inputs, **kwargs)
/u/home/j/jamesdc1/.conda/envs/hpc-pi/lib/python3.11/site-packages/pandas/core/arraylike.py:399: RuntimeWarning: divide by zero encountered in log
  result = getattr(ufunc, method)(*inputs, **kwargs)
/u/home/j/jamesdc1/.conda/envs/hpc-pi/lib/python3.11/site-packages/pandas/core/arraylike.py:399: RuntimeWarning: divide by zero encountered in log
  result = getattr(ufunc, method)(*inputs, **kwargs)
/u/home/j/jamesdc1/.conda/envs/hpc-pi/lib/python3.11/site-packages/pandas/core/arraylike.py:399: RuntimeWarning: divide by zero encountered in log
  result = getattr(ufunc, method)(*inputs, **kwargs)
/u/home/j/jamesdc1/.conda/envs/hpc-pi/lib/python3.11/site-packages/pandas/core/arraylike.py:399: RuntimeWarning: divide by zero encountered in log
  result = getattr(ufunc, method)(*inputs, **kwargs)
/u/home/j/jamesdc1/.conda/envs/hpc-pi/lib/python3.11/site-packages/pandas/core/arraylike.py:399: RuntimeWarning: divide by zero encountered in log
  result = getattr(ufunc, method)(*inputs, **kwargs)
/u/home/j/jamesdc1/.conda/envs/hpc-pi/lib/python3.11/site-packages/pandas/core/arraylike.py:399: RuntimeWarning: divide by zero encountered in log
  result = getattr(ufunc, method)(*inputs, **kwargs)
/u/home/j/jamesdc1/.conda/envs/hpc-pi/lib/python3.11/site-packages/pandas/core/arraylike.py:399: RuntimeWarning: divide by zero encountered in log
  result = getattr(ufunc, method)(*inputs, **kwargs)
/u/home/j/jamesdc1/.conda/envs/hpc-pi/lib/python3.11/site-packages/pandas/core/arraylike.py:399: RuntimeWarning: divide by zero encountered in log
  result = getattr(ufunc, method)(*inputs, **kwargs)
/u/home/j/jamesdc1/.conda/envs/hpc-pi/lib/python3.11/site-packages/pandas/core/arraylike.py:399: RuntimeWarning: divide by zero encountered in log
  result = getattr(ufunc, method)(*inputs, **kwargs)
/u/home/j/jamesdc1/.conda/envs/hpc-pi/lib/python3.11/site-packages/pandas/core/arraylike.py:399: RuntimeWarning: divide by zero encountered in log
  result = getattr(ufunc, method)(*inputs, **kwargs)
/u/home/j/jamesdc1/.conda/envs/hpc-pi/lib/python3.11/site-packages/pandas/core/arraylike.py:399: RuntimeWarning: divide by zero encountered in log
  result = getattr(ufunc, method)(*inputs, **kwargs)
/u/home/j/jamesdc1/.conda/envs/hpc-pi/lib/python3.11/site-packages/pandas/core/arraylike.py:399: RuntimeWarning: divide by zero encountered in log
  result = getattr(ufunc, method)(*inputs, **kwargs)
/u/home/j/jamesdc1/.conda/envs/hpc-pi/lib/python3.11/site-packages/pandas/core/arraylike.py:399: RuntimeWarning: divide by zero encountered in log
  result = getattr(ufunc, method)(*inputs, **kwargs)
/u/home/j/jamesdc1/.conda/envs/hpc-pi/lib/python3.11/site-packages/pandas/core/arraylike.py:399: RuntimeWarning: divide by zero encountered in log
  result = getattr(ufunc, method)(*inputs, **kwargs)
/u/home/j/jamesdc1/.conda/envs/hpc-pi/lib/python3.11/site-packages/pandas/core/arraylike.py:399: RuntimeWarning: divide by zero encountered in log
  result = getattr(ufunc, method)(*inputs, **kwargs)
/u/home/j/jamesdc1/.conda/envs/hpc-pi/lib/python3.11/site-packages/pandas/core/arraylike.py:399: RuntimeWarning: divide by zero encountered in log
  result = getattr(ufunc, method)(*inputs, **kwargs)
/u/home/j/jamesdc1/.conda/envs/hpc-pi/lib/python3.11/site-packages/pandas/core/arraylike.py:399: RuntimeWarning: divide by zero encountered in log
  result = getattr(ufunc, method)(*inputs, **kwargs)
/u/home/j/jamesdc1/.conda/envs/hpc-pi/lib/python3.11/site-packages/pandas/core/arraylike.py:399: RuntimeWarning: divide by zero encountered in log
  result = getattr(ufunc, method)(*inputs, **kwargs)
/u/home/j/jamesdc1/.conda/envs/hpc-pi/lib/python3.11/site-packages/pandas/core/arraylike.py:399: RuntimeWarning: divide by zero encountered in log
  result = getattr(ufunc, method)(*inputs, **kwargs)
/u/home/j/jamesdc1/.conda/envs/hpc-pi/lib/python3.11/site-packages/pandas/core/arraylike.py:399: RuntimeWarning: divide by zero encountered in log
  result = getattr(ufunc, method)(*inputs, **kwargs)
/u/home/j/jamesdc1/.conda/envs/hpc-pi/lib/python3.11/site-packages/pandas/core/arraylike.py:399: RuntimeWarning: divide by zero encountered in log
  result = getattr(ufunc, method)(*inputs, **kwargs)
/u/home/j/jamesdc1/.conda/envs/hpc-pi/lib/python3.11/site-packages/pandas/core/arraylike.py:399: RuntimeWarning: divide by zero encountered in log
  result = getattr(ufunc, method)(*inputs, **kwargs)
/u/home/j/jamesdc1/.conda/envs/hpc-pi/lib/python3.11/site-packages/pandas/core/arraylike.py:399: RuntimeWarning: divide by zero encountered in log
  result = getattr(ufunc, method)(*inputs, **kwargs)
/u/home/j/jamesdc1/.conda/envs/hpc-pi/lib/python3.11/site-packages/pandas/core/arraylike.py:399: RuntimeWarning: divide by zero encountered in log
  result = getattr(ufunc, method)(*inputs, **kwargs)
/u/home/j/jamesdc1/.conda/envs/hpc-pi/lib/python3.11/site-packages/pandas/core/arraylike.py:399: RuntimeWarning: divide by zero encountered in log
  result = getattr(ufunc, method)(*inputs, **kwargs)
/u/home/j/jamesdc1/.conda/envs/hpc-pi/lib/python3.11/site-packages/pandas/core/arraylike.py:399: RuntimeWarning: divide by zero encountered in log
  result = getattr(ufunc, method)(*inputs, **kwargs)
/u/home/j/jamesdc1/.conda/envs/hpc-pi/lib/python3.11/site-packages/pandas/core/arraylike.py:399: RuntimeWarning: divide by zero encountered in log
  result = getattr(ufunc, method)(*inputs, **kwargs)
/u/home/j/jamesdc1/.conda/envs/hpc-pi/lib/python3.11/site-packages/pandas/core/arraylike.py:399: RuntimeWarning: divide by zero encountered in log
  result = getattr(ufunc, method)(*inputs, **kwargs)
/u/home/j/jamesdc1/.conda/envs/hpc-pi/lib/python3.11/site-packages/pandas/core/arraylike.py:399: RuntimeWarning: divide by zero encountered in log
  result = getattr(ufunc, method)(*inputs, **kwargs)
/u/home/j/jamesdc1/.conda/envs/hpc-pi/lib/python3.11/site-packages/pandas/core/arraylike.py:399: RuntimeWarning: divide by zero encountered in log
  result = getattr(ufunc, method)(*inputs, **kwargs)
/u/home/j/jamesdc1/.conda/envs/hpc-pi/lib/python3.11/site-packages/pandas/core/arraylike.py:399: RuntimeWarning: divide by zero encountered in log
  result = getattr(ufunc, method)(*inputs, **kwargs)
/u/home/j/jamesdc1/.conda/envs/hpc-pi/lib/python3.11/site-packages/pandas/core/arraylike.py:399: RuntimeWarning: divide by zero encountered in log
  result = getattr(ufunc, method)(*inputs, **kwargs)
/u/home/j/jamesdc1/.conda/envs/hpc-pi/lib/python3.11/site-packages/pandas/core/arraylike.py:399: RuntimeWarning: divide by zero encountered in log
  result = getattr(ufunc, method)(*inputs, **kwargs)
/u/home/j/jamesdc1/.conda/envs/hpc-pi/lib/python3.11/site-packages/pandas/core/arraylike.py:399: RuntimeWarning: divide by zero encountered in log
  result = getattr(ufunc, method)(*inputs, **kwargs)
/u/home/j/jamesdc1/.conda/envs/hpc-pi/lib/python3.11/site-packages/pandas/core/arraylike.py:399: RuntimeWarning: divide by zero encountered in log
  result = getattr(ufunc, method)(*inputs, **kwargs)
/u/home/j/jamesdc1/.conda/envs/hpc-pi/lib/python3.11/site-packages/pandas/core/arraylike.py:399: RuntimeWarning: divide by zero encountered in log
  result = getattr(ufunc, method)(*inputs, **kwargs)
/u/home/j/jamesdc1/.conda/envs/hpc-pi/lib/python3.11/site-packages/pandas/core/arraylike.py:399: RuntimeWarning: divide by zero encountered in log
  result = getattr(ufunc, method)(*inputs, **kwargs)
/u/home/j/jamesdc1/.conda/envs/hpc-pi/lib/python3.11/site-packages/pandas/core/arraylike.py:399: RuntimeWarning: divide by zero encountered in log
  result = getattr(ufunc, method)(*inputs, **kwargs)
/u/home/j/jamesdc1/.conda/envs/hpc-pi/lib/python3.11/site-packages/pandas/core/arraylike.py:399: RuntimeWarning: divide by zero encountered in log
  result = getattr(ufunc, method)(*inputs, **kwargs)
/u/home/j/jamesdc1/.conda/envs/hpc-pi/lib/python3.11/site-packages/pandas/core/arraylike.py:399: RuntimeWarning: divide by zero encountered in log
  result = getattr(ufunc, method)(*inputs, **kwargs)
/u/home/j/jamesdc1/.conda/envs/hpc-pi/lib/python3.11/site-packages/pandas/core/arraylike.py:399: RuntimeWarning: divide by zero encountered in log
  result = getattr(ufunc, method)(*inputs, **kwargs)
/u/home/j/jamesdc1/.conda/envs/hpc-pi/lib/python3.11/site-packages/pandas/core/arraylike.py:399: RuntimeWarning: divide by zero encountered in log
  result = getattr(ufunc, method)(*inputs, **kwargs)
/u/home/j/jamesdc1/.conda/envs/hpc-pi/lib/python3.11/site-packages/pandas/core/arraylike.py:399: RuntimeWarning: divide by zero encountered in log
  result = getattr(ufunc, method)(*inputs, **kwargs)
/u/home/j/jamesdc1/.conda/envs/hpc-pi/lib/python3.11/site-packages/pandas/core/arraylike.py:399: RuntimeWarning: divide by zero encountered in log
  result = getattr(ufunc, method)(*inputs, **kwargs)
/u/home/j/jamesdc1/.conda/envs/hpc-pi/lib/python3.11/site-packages/pandas/core/arraylike.py:399: RuntimeWarning: divide by zero encountered in log
  result = getattr(ufunc, method)(*inputs, **kwargs)
/u/home/j/jamesdc1/.conda/envs/hpc-pi/lib/python3.11/site-packages/pandas/core/arraylike.py:399: RuntimeWarning: divide by zero encountered in log
  result = getattr(ufunc, method)(*inputs, **kwargs)
/u/home/j/jamesdc1/.conda/envs/hpc-pi/lib/python3.11/site-packages/pandas/core/arraylike.py:399: RuntimeWarning: divide by zero encountered in log
  result = getattr(ufunc, method)(*inputs, **kwargs)
/u/home/j/jamesdc1/.conda/envs/hpc-pi/lib/python3.11/site-packages/pandas/core/arraylike.py:399: RuntimeWarning: divide by zero encountered in log
  result = getattr(ufunc, method)(*inputs, **kwargs)
/u/home/j/jamesdc1/.conda/envs/hpc-pi/lib/python3.11/site-packages/pandas/core/arraylike.py:399: RuntimeWarning: divide by zero encountered in log
  result = getattr(ufunc, method)(*inputs, **kwargs)
/u/home/j/jamesdc1/.conda/envs/hpc-pi/lib/python3.11/site-packages/pandas/core/arraylike.py:399: RuntimeWarning: divide by zero encountered in log
  result = getattr(ufunc, method)(*inputs, **kwargs)
/u/home/j/jamesdc1/.conda/envs/hpc-pi/lib/python3.11/site-packages/pandas/core/arraylike.py:399: RuntimeWarning: divide by zero encountered in log
  result = getattr(ufunc, method)(*inputs, **kwargs)
/u/home/j/jamesdc1/.conda/envs/hpc-pi/lib/python3.11/site-packages/pandas/core/arraylike.py:399: RuntimeWarning: divide by zero encountered in log
  result = getattr(ufunc, method)(*inputs, **kwargs)
/u/home/j/jamesdc1/.conda/envs/hpc-pi/lib/python3.11/site-packages/pandas/core/arraylike.py:399: RuntimeWarning: divide by zero encountered in log
  result = getattr(ufunc, method)(*inputs, **kwargs)
/u/home/j/jamesdc1/.conda/envs/hpc-pi/lib/python3.11/site-packages/pandas/core/arraylike.py:399: RuntimeWarning: divide by zero encountered in log
  result = getattr(ufunc, method)(*inputs, **kwargs)
/u/home/j/jamesdc1/.conda/envs/hpc-pi/lib/python3.11/site-packages/pandas/core/arraylike.py:399: RuntimeWarning: divide by zero encountered in log
  result = getattr(ufunc, method)(*inputs, **kwargs)
/u/home/j/jamesdc1/.conda/envs/hpc-pi/lib/python3.11/site-packages/pandas/core/arraylike.py:399: RuntimeWarning: divide by zero encountered in log
  result = getattr(ufunc, method)(*inputs, **kwargs)
/u/home/j/jamesdc1/.conda/envs/hpc-pi/lib/python3.11/site-packages/pandas/core/arraylike.py:399: RuntimeWarning: divide by zero encountered in log
  result = getattr(ufunc, method)(*inputs, **kwargs)
/u/home/j/jamesdc1/.conda/envs/hpc-pi/lib/python3.11/site-packages/pandas/core/arraylike.py:399: RuntimeWarning: divide by zero encountered in log
  result = getattr(ufunc, method)(*inputs, **kwargs)
/u/home/j/jamesdc1/.conda/envs/hpc-pi/lib/python3.11/site-packages/pandas/core/arraylike.py:399: RuntimeWarning: divide by zero encountered in log
  result = getattr(ufunc, method)(*inputs, **kwargs)
/u/home/j/jamesdc1/.conda/envs/hpc-pi/lib/python3.11/site-packages/pandas/core/arraylike.py:399: RuntimeWarning: divide by zero encountered in log
  result = getattr(ufunc, method)(*inputs, **kwargs)
/u/home/j/jamesdc1/.conda/envs/hpc-pi/lib/python3.11/site-packages/pandas/core/arraylike.py:399: RuntimeWarning: divide by zero encountered in log
  result = getattr(ufunc, method)(*inputs, **kwargs)
/u/home/j/jamesdc1/.conda/envs/hpc-pi/lib/python3.11/site-packages/pandas/core/arraylike.py:399: RuntimeWarning: divide by zero encountered in log
  result = getattr(ufunc, method)(*inputs, **kwargs)
/u/home/j/jamesdc1/.conda/envs/hpc-pi/lib/python3.11/site-packages/pandas/core/arraylike.py:399: RuntimeWarning: divide by zero encountered in log
  result = getattr(ufunc, method)(*inputs, **kwargs)
/u/home/j/jamesdc1/.conda/envs/hpc-pi/lib/python3.11/site-packages/pandas/core/arraylike.py:399: RuntimeWarning: divide by zero encountered in log
  result = getattr(ufunc, method)(*inputs, **kwargs)
/u/home/j/jamesdc1/.conda/envs/hpc-pi/lib/python3.11/site-packages/pandas/core/arraylike.py:399: RuntimeWarning: divide by zero encountered in log
  result = getattr(ufunc, method)(*inputs, **kwargs)
/u/home/j/jamesdc1/.conda/envs/hpc-pi/lib/python3.11/site-packages/pandas/core/arraylike.py:399: RuntimeWarning: divide by zero encountered in log
  result = getattr(ufunc, method)(*inputs, **kwargs)
/u/home/j/jamesdc1/.conda/envs/hpc-pi/lib/python3.11/site-packages/pandas/core/arraylike.py:399: RuntimeWarning: divide by zero encountered in log
  result = getattr(ufunc, method)(*inputs, **kwargs)
/u/home/j/jamesdc1/.conda/envs/hpc-pi/lib/python3.11/site-packages/pandas/core/arraylike.py:399: RuntimeWarning: divide by zero encountered in log
  result = getattr(ufunc, method)(*inputs, **kwargs)
/u/home/j/jamesdc1/.conda/envs/hpc-pi/lib/python3.11/site-packages/pandas/core/arraylike.py:399: RuntimeWarning: divide by zero encountered in log
  result = getattr(ufunc, method)(*inputs, **kwargs)
/u/home/j/jamesdc1/.conda/envs/hpc-pi/lib/python3.11/site-packages/pandas/core/arraylike.py:399: RuntimeWarning: divide by zero encountered in log
  result = getattr(ufunc, method)(*inputs, **kwargs)
/u/home/j/jamesdc1/.conda/envs/hpc-pi/lib/python3.11/site-packages/pandas/core/arraylike.py:399: RuntimeWarning: divide by zero encountered in log
  result = getattr(ufunc, method)(*inputs, **kwargs)
/u/home/j/jamesdc1/.conda/envs/hpc-pi/lib/python3.11/site-packages/pandas/core/arraylike.py:399: RuntimeWarning: divide by zero encountered in log
  result = getattr(ufunc, method)(*inputs, **kwargs)
/u/home/j/jamesdc1/.conda/envs/hpc-pi/lib/python3.11/site-packages/pandas/core/arraylike.py:399: RuntimeWarning: divide by zero encountered in log
  result = getattr(ufunc, method)(*inputs, **kwargs)
/u/home/j/jamesdc1/.conda/envs/hpc-pi/lib/python3.11/site-packages/pandas/core/arraylike.py:399: RuntimeWarning: divide by zero encountered in log
  result = getattr(ufunc, method)(*inputs, **kwargs)
/u/home/j/jamesdc1/.conda/envs/hpc-pi/lib/python3.11/site-packages/pandas/core/arraylike.py:399: RuntimeWarning: divide by zero encountered in log
  result = getattr(ufunc, method)(*inputs, **kwargs)
/u/home/j/jamesdc1/.conda/envs/hpc-pi/lib/python3.11/site-packages/pandas/core/arraylike.py:399: RuntimeWarning: divide by zero encountered in log
  result = getattr(ufunc, method)(*inputs, **kwargs)
/u/home/j/jamesdc1/.conda/envs/hpc-pi/lib/python3.11/site-packages/pandas/core/arraylike.py:399: RuntimeWarning: divide by zero encountered in log
  result = getattr(ufunc, method)(*inputs, **kwargs)
/u/home/j/jamesdc1/.conda/envs/hpc-pi/lib/python3.11/site-packages/pandas/core/arraylike.py:399: RuntimeWarning: divide by zero encountered in log
  result = getattr(ufunc, method)(*inputs, **kwargs)
/u/home/j/jamesdc1/.conda/envs/hpc-pi/lib/python3.11/site-packages/pandas/core/arraylike.py:399: RuntimeWarning: divide by zero encountered in log
  result = getattr(ufunc, method)(*inputs, **kwargs)
/u/home/j/jamesdc1/.conda/envs/hpc-pi/lib/python3.11/site-packages/pandas/core/arraylike.py:399: RuntimeWarning: divide by zero encountered in log
  result = getattr(ufunc, method)(*inputs, **kwargs)
/u/home/j/jamesdc1/.conda/envs/hpc-pi/lib/python3.11/site-packages/pandas/core/arraylike.py:399: RuntimeWarning: divide by zero encountered in log
  result = getattr(ufunc, method)(*inputs, **kwargs)
/u/home/j/jamesdc1/.conda/envs/hpc-pi/lib/python3.11/site-packages/pandas/core/arraylike.py:399: RuntimeWarning: divide by zero encountered in log
  result = getattr(ufunc, method)(*inputs, **kwargs)
/u/home/j/jamesdc1/.conda/envs/hpc-pi/lib/python3.11/site-packages/pandas/core/arraylike.py:399: RuntimeWarning: divide by zero encountered in log
  result = getattr(ufunc, method)(*inputs, **kwargs)
/u/home/j/jamesdc1/.conda/envs/hpc-pi/lib/python3.11/site-packages/pandas/core/arraylike.py:399: RuntimeWarning: divide by zero encountered in log
  result = getattr(ufunc, method)(*inputs, **kwargs)
/u/home/j/jamesdc1/.conda/envs/hpc-pi/lib/python3.11/site-packages/pandas/core/arraylike.py:399: RuntimeWarning: divide by zero encountered in log
  result = getattr(ufunc, method)(*inputs, **kwargs)
/u/home/j/jamesdc1/.conda/envs/hpc-pi/lib/python3.11/site-packages/pandas/core/arraylike.py:399: RuntimeWarning: divide by zero encountered in log
  result = getattr(ufunc, method)(*inputs, **kwargs)
/u/home/j/jamesdc1/.conda/envs/hpc-pi/lib/python3.11/site-packages/pandas/core/arraylike.py:399: RuntimeWarning: divide by zero encountered in log
  result = getattr(ufunc, method)(*inputs, **kwargs)
/u/home/j/jamesdc1/.conda/envs/hpc-pi/lib/python3.11/site-packages/pandas/core/arraylike.py:399: RuntimeWarning: divide by zero encountered in log
  result = getattr(ufunc, method)(*inputs, **kwargs)
/u/home/j/jamesdc1/.conda/envs/hpc-pi/lib/python3.11/site-packages/pandas/core/arraylike.py:399: RuntimeWarning: divide by zero encountered in log
  result = getattr(ufunc, method)(*inputs, **kwargs)
/u/home/j/jamesdc1/.conda/envs/hpc-pi/lib/python3.11/site-packages/pandas/core/arraylike.py:399: RuntimeWarning: divide by zero encountered in log
  result = getattr(ufunc, method)(*inputs, **kwargs)
/u/home/j/jamesdc1/.conda/envs/hpc-pi/lib/python3.11/site-packages/pandas/core/arraylike.py:399: RuntimeWarning: divide by zero encountered in log
  result = getattr(ufunc, method)(*inputs, **kwargs)
/u/home/j/jamesdc1/.conda/envs/hpc-pi/lib/python3.11/site-packages/pandas/core/arraylike.py:399: RuntimeWarning: divide by zero encountered in log
  result = getattr(ufunc, method)(*inputs, **kwargs)
/u/home/j/jamesdc1/.conda/envs/hpc-pi/lib/python3.11/site-packages/pandas/core/arraylike.py:399: RuntimeWarning: divide by zero encountered in log
  result = getattr(ufunc, method)(*inputs, **kwargs)
/u/home/j/jamesdc1/.conda/envs/hpc-pi/lib/python3.11/site-packages/pandas/core/arraylike.py:399: RuntimeWarning: divide by zero encountered in log
  result = getattr(ufunc, method)(*inputs, **kwargs)
/u/home/j/jamesdc1/.conda/envs/hpc-pi/lib/python3.11/site-packages/pandas/core/arraylike.py:399: RuntimeWarning: divide by zero encountered in log
  result = getattr(ufunc, method)(*inputs, **kwargs)
/u/home/j/jamesdc1/.conda/envs/hpc-pi/lib/python3.11/site-packages/pandas/core/arraylike.py:399: RuntimeWarning: divide by zero encountered in log
  result = getattr(ufunc, method)(*inputs, **kwargs)
/u/home/j/jamesdc1/.conda/envs/hpc-pi/lib/python3.11/site-packages/pandas/core/arraylike.py:399: RuntimeWarning: divide by zero encountered in log
  result = getattr(ufunc, method)(*inputs, **kwargs)
/u/home/j/jamesdc1/.conda/envs/hpc-pi/lib/python3.11/site-packages/pandas/core/arraylike.py:399: RuntimeWarning: divide by zero encountered in log
  result = getattr(ufunc, method)(*inputs, **kwargs)
/u/home/j/jamesdc1/.conda/envs/hpc-pi/lib/python3.11/site-packages/pandas/core/arraylike.py:399: RuntimeWarning: divide by zero encountered in log
  result = getattr(ufunc, method)(*inputs, **kwargs)
/u/home/j/jamesdc1/.conda/envs/hpc-pi/lib/python3.11/site-packages/pandas/core/arraylike.py:399: RuntimeWarning: divide by zero encountered in log
  result = getattr(ufunc, method)(*inputs, **kwargs)
/u/home/j/jamesdc1/.conda/envs/hpc-pi/lib/python3.11/site-packages/pandas/core/arraylike.py:399: RuntimeWarning: divide by zero encountered in log
  result = getattr(ufunc, method)(*inputs, **kwargs)
/u/home/j/jamesdc1/.conda/envs/hpc-pi/lib/python3.11/site-packages/pandas/core/arraylike.py:399: RuntimeWarning: divide by zero encountered in log
  result = getattr(ufunc, method)(*inputs, **kwargs)
/u/home/j/jamesdc1/.conda/envs/hpc-pi/lib/python3.11/site-packages/pandas/core/arraylike.py:399: RuntimeWarning: divide by zero encountered in log
  result = getattr(ufunc, method)(*inputs, **kwargs)
/u/home/j/jamesdc1/.conda/envs/hpc-pi/lib/python3.11/site-packages/pandas/core/arraylike.py:399: RuntimeWarning: divide by zero encountered in log
  result = getattr(ufunc, method)(*inputs, **kwargs)
/u/home/j/jamesdc1/.conda/envs/hpc-pi/lib/python3.11/site-packages/pandas/core/arraylike.py:399: RuntimeWarning: divide by zero encountered in log
  result = getattr(ufunc, method)(*inputs, **kwargs)
/u/home/j/jamesdc1/.conda/envs/hpc-pi/lib/python3.11/site-packages/pandas/core/arraylike.py:399: RuntimeWarning: divide by zero encountered in log
  result = getattr(ufunc, method)(*inputs, **kwargs)
/u/home/j/jamesdc1/.conda/envs/hpc-pi/lib/python3.11/site-packages/pandas/core/arraylike.py:399: RuntimeWarning: divide by zero encountered in log
  result = getattr(ufunc, method)(*inputs, **kwargs)
/u/home/j/jamesdc1/.conda/envs/hpc-pi/lib/python3.11/site-packages/pandas/core/arraylike.py:399: RuntimeWarning: divide by zero encountered in log
  result = getattr(ufunc, method)(*inputs, **kwargs)
/u/home/j/jamesdc1/.conda/envs/hpc-pi/lib/python3.11/site-packages/pandas/core/arraylike.py:399: RuntimeWarning: divide by zero encountered in log
  result = getattr(ufunc, method)(*inputs, **kwargs)
    segment    estimator  train_win  pooled_train_win  bar_end      sample     n      first  QLIKE_subsection  QLIKE_pooled     diff         pct    ci_lo    ci_hi    dm_stat  improves
    bar1000     reclasso        500               500 all bars      common  3119 2012-03-23           0.12951       0.11814  0.01138     9.63124 -0.00513  0.04193    0.80780     False
    bar1000     reclasso        500               500 all bars deck period  1116 2020-01-03           0.15953       0.11758  0.04196    35.68554 -0.00185  0.12284    1.07165     False
    bar1000     reclasso        500               500    10:00      common  3119 2012-03-23           0.12951       0.11814  0.01138     9.63124 -0.00513  0.04193    0.80780     False
    bar1000     reclasso        500               500    10:00 deck period  1116 2020-01-03           0.15953       0.11758  0.04196    35.68554 -0.00185  0.12284    1.07165     False
    bar1000     reclasso       2000               500 all bars      common  1619 2018-01-19           0.13008       0.12464  0.00544     4.36364 -0.00503  0.01914    0.91446     False
    bar1000     reclasso       2000               500 all bars deck period  1116 2020-01-03           0.12625       0.11758  0.00867     7.37399 -0.00408  0.02625    1.20253     False
    bar1000     reclasso       2000               500    10:00      common  1619 2018-01-19           0.13008       0.12464  0.00544     4.36364 -0.00503  0.01914    0.91446     False
    bar1000     reclasso       2000               500    10:00 deck period  1116 2020-01-03           0.12625       0.11758  0.00867     7.37399 -0.00408  0.02625    1.20253     False
    bar1000     reclasso       2000              2000 all bars      common  1619 2018-01-19           0.13008       0.12553  0.00456     3.63009 -0.00541  0.01745    0.80538     False
    bar1000     reclasso       2000              2000 all bars deck period  1116 2020-01-03           0.12625       0.12109  0.00516     4.25953 -0.00750  0.02074    0.77743     False
    bar1000     reclasso       2000              2000    10:00      common  1619 2018-01-19           0.13008       0.12553  0.00456     3.63009 -0.00541  0.01745    0.80538     False
    bar1000     reclasso       2000              2000    10:00 deck period  1116 2020-01-03           0.12625       0.12109  0.00516     4.25953 -0.00750  0.02074    0.77743     False
    bar1000 reclasticnet        500               500 all bars      common  3119 2012-03-23           0.12860       0.11752  0.01107     9.42158 -0.00600  0.04263    0.76291     False
    bar1000 reclasticnet        500               500 all bars deck period  1116 2020-01-03           0.15609       0.11652  0.03956    33.95314 -0.00596  0.12400    0.98116     False
    bar1000 reclasticnet        500               500    10:00      common  3119 2012-03-23           0.12860       0.11752  0.01107     9.42158 -0.00600  0.04263    0.76291     False
    bar1000 reclasticnet        500               500    10:00 deck period  1116 2020-01-03           0.15609       0.11652  0.03956    33.95314 -0.00596  0.12400    0.98116     False
    bar1000 reclasticnet       2000               500 all bars      common  1619 2018-01-19           0.12898       0.12382  0.00516     4.16740 -0.00574  0.02004    0.84198     False
    bar1000 reclasticnet       2000               500 all bars deck period  1116 2020-01-03           0.12485       0.11652  0.00833     7.14737 -0.00497  0.02663    1.12705     False
    bar1000 reclasticnet       2000               500    10:00      common  1619 2018-01-19           0.12898       0.12382  0.00516     4.16740 -0.00574  0.02004    0.84198     False
    bar1000 reclasticnet       2000               500    10:00 deck period  1116 2020-01-03           0.12485       0.11652  0.00833     7.14737 -0.00497  0.02663    1.12705     False
    bar1000 reclasticnet       2000              2000 all bars      common  1619 2018-01-19           0.12898       0.12534  0.00364     2.90408 -0.00664  0.01695    0.62872     False
    bar1000 reclasticnet       2000              2000 all bars deck period  1116 2020-01-03           0.12485       0.12094  0.00391     3.23530 -0.00888  0.02016    0.57981     False
    bar1000 reclasticnet       2000              2000    10:00      common  1619 2018-01-19           0.12898       0.12534  0.00364     2.90408 -0.00664  0.01695    0.62872     False
    bar1000 reclasticnet       2000              2000    10:00 deck period  1116 2020-01-03           0.12485       0.12094  0.00391     3.23530 -0.00888  0.02016    0.57981     False
    bar1000        ridge        500               500 all bars      common  3119 2012-03-23           0.12908       0.11738  0.01171     9.97236 -0.00492  0.04219    0.84834     False
    bar1000        ridge        500               500 all bars deck period  1116 2020-01-03           0.15692       0.11711  0.03980    33.98709 -0.00393  0.12044    1.03854     False
    bar1000        ridge        500               500    10:00      common  3119 2012-03-23           0.12908       0.11738  0.01171     9.97236 -0.00492  0.04219    0.84834     False
    bar1000        ridge        500               500    10:00 deck period  1116 2020-01-03           0.15692       0.11711  0.03980    33.98709 -0.00393  0.12044    1.03854     False
    bar1000        ridge       2000               500 all bars      common  1619 2018-01-19           0.12663       0.12409  0.00254     2.04860 -0.00783  0.01659    0.43649     False
    bar1000        ridge       2000               500 all bars deck period  1116 2020-01-03           0.12144       0.11711  0.00433     3.69663 -0.00856  0.02189    0.60003     False
    bar1000        ridge       2000               500    10:00      common  1619 2018-01-19           0.12663       0.12409  0.00254     2.04860 -0.00783  0.01659    0.43649     False
    bar1000        ridge       2000               500    10:00 deck period  1116 2020-01-03           0.12144       0.11711  0.00433     3.69663 -0.00856  0.02189    0.60003     False
    bar1000        ridge       2000              2000 all bars      common  1619 2018-01-19           0.12663       0.12395  0.00268     2.16500 -0.00753  0.01655    0.45936     False
    bar1000        ridge       2000              2000 all bars deck period  1116 2020-01-03           0.12144       0.11985  0.00160     1.33298 -0.01196  0.01889    0.22111     False
    bar1000        ridge       2000              2000    10:00      common  1619 2018-01-19           0.12663       0.12395  0.00268     2.16500 -0.00753  0.01655    0.45936     False
    bar1000        ridge       2000              2000    10:00 deck period  1116 2020-01-03           0.12144       0.11985  0.00160     1.33298 -0.01196  0.01889    0.22111     False
    bar1030     reclasso        500               500 all bars      common  3119 2012-03-23           9.39177       0.14964  9.24213  6176.20126  9.18902  9.29395  355.47770     False
    bar1030     reclasso        500               500 all bars deck period  1116 2020-01-03           9.41404       0.15618  9.25785  5927.57615  9.16122  9.35828  201.74503     False
    bar1030     reclasso        500               500    10:30      common  3119 2012-03-23           9.39177       0.14964  9.24213  6176.20126  9.18902  9.29395  355.47770     False
    bar1030     reclasso        500               500    10:30 deck period  1116 2020-01-03           9.41404       0.15618  9.25785  5927.57615  9.16122  9.35828  201.74503     False
    bar1030     reclasso       2000               500 all bars      common  1619 2018-01-19           0.15800       0.16113 -0.00313    -1.94301 -0.00915  0.00356   -0.94985     False
    bar1030     reclasso       2000               500 all bars deck period  1116 2020-01-03           0.15076       0.15618 -0.00543    -3.47377 -0.01330  0.00299   -1.35815     False
    bar1030     reclasso       2000               500    10:30      common  1619 2018-01-19           0.15800       0.16113 -0.00313    -1.94301 -0.00915  0.00356   -0.94985     False
    bar1030     reclasso       2000               500    10:30 deck period  1116 2020-01-03           0.15076       0.15618 -0.00543    -3.47377 -0.01330  0.00299   -1.35815     False
    bar1030     reclasso       2000              2000 all bars      common  1619 2018-01-19           0.15800       0.16471 -0.00670    -4.07024 -0.01250 -0.00036   -2.07603      True
    bar1030     reclasso       2000              2000 all bars deck period  1116 2020-01-03           0.15076       0.16158 -0.01082    -6.69885 -0.01750 -0.00313   -2.72548      True
    bar1030     reclasso       2000              2000    10:30      common  1619 2018-01-19           0.15800       0.16471 -0.00670    -4.07024 -0.01250 -0.00036   -2.07603      True
    bar1030     reclasso       2000              2000    10:30 deck period  1116 2020-01-03           0.15076       0.16158 -0.01082    -6.69885 -0.01750 -0.00313   -2.72548      True
    bar1030 reclasticnet        500               500 all bars      common  3119 2012-03-23           0.14866       0.14949 -0.00083    -0.55471 -0.00496  0.00331   -0.42482     False
    bar1030 reclasticnet        500               500 all bars deck period  1116 2020-01-03           0.15775       0.15562  0.00213     1.37071 -0.00379  0.00889    0.71266     False
    bar1030 reclasticnet        500               500    10:30      common  3119 2012-03-23           0.14866       0.14949 -0.00083    -0.55471 -0.00496  0.00331   -0.42482     False
    bar1030 reclasticnet        500               500    10:30 deck period  1116 2020-01-03           0.15775       0.15562  0.00213     1.37071 -0.00379  0.00889    0.71266     False
    bar1030 reclasticnet       2000               500 all bars      common  1619 2018-01-19           0.16069       0.16095 -0.00025    -0.15778 -0.00622  0.00621   -0.07933     False
    bar1030 reclasticnet       2000               500 all bars deck period  1116 2020-01-03           0.15432       0.15562 -0.00130    -0.83484 -0.00886  0.00680   -0.34326     False
    bar1030 reclasticnet       2000               500    10:30      common  1619 2018-01-19           0.16069       0.16095 -0.00025    -0.15778 -0.00622  0.00621   -0.07933     False
    bar1030 reclasticnet       2000               500    10:30 deck period  1116 2020-01-03           0.15432       0.15562 -0.00130    -0.83484 -0.00886  0.00680   -0.34326     False
    bar1030 reclasticnet       2000              2000 all bars      common  1619 2018-01-19           0.16069       0.16488 -0.00419    -2.53829 -0.00963  0.00152   -1.38408     False
    bar1030 reclasticnet       2000              2000 all bars deck period  1116 2020-01-03           0.15432       0.16180 -0.00748    -4.62476 -0.01339 -0.00034   -2.06302      True
    bar1030 reclasticnet       2000              2000    10:30      common  1619 2018-01-19           0.16069       0.16488 -0.00419    -2.53829 -0.00963  0.00152   -1.38408     False
    bar1030 reclasticnet       2000              2000    10:30 deck period  1116 2020-01-03           0.15432       0.16180 -0.00748    -4.62476 -0.01339 -0.00034   -2.06302      True
    bar1030        ridge        500               500 all bars      common  3119 2012-03-23           0.14927       0.15040 -0.00113    -0.75040 -0.00599  0.00362   -0.49970     False
    bar1030        ridge        500               500 all bars deck period  1116 2020-01-03           0.16288       0.15730  0.00558     3.54649 -0.00297  0.01414    1.32691     False
    bar1030        ridge        500               500    10:30      common  3119 2012-03-23           0.14927       0.15040 -0.00113    -0.75040 -0.00599  0.00362   -0.49970     False
    bar1030        ridge        500               500    10:30 deck period  1116 2020-01-03           0.16288       0.15730  0.00558     3.54649 -0.00297  0.01414    1.32691     False
    bar1030        ridge       2000               500 all bars      common  1619 2018-01-19           0.15614       0.16206 -0.00593    -3.65708 -0.01169  0.00008   -1.97886     False
    bar1030        ridge       2000               500 all bars deck period  1116 2020-01-03           0.15007       0.15730 -0.00724    -4.60109 -0.01445 -0.00014   -2.05669      True
    bar1030        ridge       2000               500    10:30      common  1619 2018-01-19           0.15614       0.16206 -0.00593    -3.65708 -0.01169  0.00008   -1.97886     False
    bar1030        ridge       2000               500    10:30 deck period  1116 2020-01-03           0.15007       0.15730 -0.00724    -4.60109 -0.01445 -0.00014   -2.05669      True
    bar1030        ridge       2000              2000 all bars      common  1619 2018-01-19           0.15614       0.16418 -0.00804    -4.89989 -0.01336 -0.00247   -2.78188      True
    bar1030        ridge       2000              2000 all bars deck period  1116 2020-01-03           0.15007       0.16157 -0.01150    -7.11831 -0.01665 -0.00590   -3.44234      True
    bar1030        ridge       2000              2000    10:30      common  1619 2018-01-19           0.15614       0.16418 -0.00804    -4.89989 -0.01336 -0.00247   -2.78188      True
    bar1030        ridge       2000              2000    10:30 deck period  1116 2020-01-03           0.15007       0.16157 -0.01150    -7.11831 -0.01665 -0.00590   -3.44234      True
    bar1100     reclasso        500               500 all bars      common  3119 2012-03-23           0.12797       0.13184 -0.00387    -2.93729 -0.00677 -0.00086   -2.52796      True
    bar1100     reclasso        500               500 all bars deck period  1116 2020-01-03           0.14654       0.14744 -0.00090    -0.61035 -0.00662  0.00550   -0.30118     False
    bar1100     reclasso        500               500    11:00      common  3119 2012-03-23           0.12797       0.13184 -0.00387    -2.93729 -0.00677 -0.00086   -2.52796      True
    bar1100     reclasso        500               500    11:00 deck period  1116 2020-01-03           0.14654       0.14744 -0.00090    -0.61035 -0.00662  0.00550   -0.30118     False
    bar1100     reclasso       2000               500 all bars      common  1619 2018-01-19           0.14082       0.13972  0.00110     0.78410 -0.00294  0.00531    0.56893     False
    bar1100     reclasso       2000               500 all bars deck period  1116 2020-01-03           0.15130       0.14744  0.00385     2.61375 -0.00071  0.00875    1.86145     False
    bar1100     reclasso       2000               500    11:00      common  1619 2018-01-19           0.14082       0.13972  0.00110     0.78410 -0.00294  0.00531    0.56893     False
    bar1100     reclasso       2000               500    11:00 deck period  1116 2020-01-03           0.15130       0.14744  0.00385     2.61375 -0.00071  0.00875    1.86145     False
    bar1100     reclasso       2000              2000 all bars      common  1619 2018-01-19           0.14082       0.14387 -0.00306    -2.12517 -0.00618  0.00025   -1.95851     False
    bar1100     reclasso       2000              2000 all bars deck period  1116 2020-01-03           0.15130       0.15373 -0.00244    -1.58435 -0.00627  0.00110   -1.36841     False
    bar1100     reclasso       2000              2000    11:00      common  1619 2018-01-19           0.14082       0.14387 -0.00306    -2.12517 -0.00618  0.00025   -1.95851     False
    bar1100     reclasso       2000              2000    11:00 deck period  1116 2020-01-03           0.15130       0.15373 -0.00244    -1.58435 -0.00627  0.00110   -1.36841     False
    bar1100 reclasticnet        500               500 all bars      common  3119 2012-03-23           0.12838       0.13114 -0.00275    -2.10017 -0.00563  0.00029   -1.77509     False
    bar1100 reclasticnet        500               500 all bars deck period  1116 2020-01-03           0.14748       0.14719  0.00029     0.19603 -0.00510  0.00635    0.09863     False
    bar1100 reclasticnet        500               500    11:00      common  3119 2012-03-23           0.12838       0.13114 -0.00275    -2.10017 -0.00563  0.00029   -1.77509     False
    bar1100 reclasticnet        500               500    11:00 deck period  1116 2020-01-03           0.14748       0.14719  0.00029     0.19603 -0.00510  0.00635    0.09863     False
    bar1100 reclasticnet       2000               500 all bars      common  1619 2018-01-19           0.14057       0.13927  0.00130     0.93409 -0.00297  0.00588    0.64065     False
    bar1100 reclasticnet       2000               500 all bars deck period  1116 2020-01-03           0.15045       0.14719  0.00325     2.21127 -0.00160  0.00857    1.53337     False
    bar1100 reclasticnet       2000               500    11:00      common  1619 2018-01-19           0.14057       0.13927  0.00130     0.93409 -0.00297  0.00588    0.64065     False
    bar1100 reclasticnet       2000               500    11:00 deck period  1116 2020-01-03           0.15045       0.14719  0.00325     2.21127 -0.00160  0.00857    1.53337     False
    bar1100 reclasticnet       2000              2000 all bars      common  1619 2018-01-19           0.14057       0.14384 -0.00326    -2.26755 -0.00652  0.00010   -2.02807     False
    bar1100 reclasticnet       2000              2000 all bars deck period  1116 2020-01-03           0.15045       0.15388 -0.00344    -2.23234 -0.00725  0.00024   -1.89924     False
    bar1100 reclasticnet       2000              2000    11:00      common  1619 2018-01-19           0.14057       0.14384 -0.00326    -2.26755 -0.00652  0.00010   -2.02807     False
    bar1100 reclasticnet       2000              2000    11:00 deck period  1116 2020-01-03           0.15045       0.15388 -0.00344    -2.23234 -0.00725  0.00024   -1.89924     False
    bar1100        ridge        500               500 all bars      common  3119 2012-03-23           0.12904       0.13120 -0.00216    -1.64418 -0.00516  0.00083   -1.38760     False
    bar1100        ridge        500               500 all bars deck period  1116 2020-01-03           0.14658       0.14754 -0.00096    -0.65085 -0.00636  0.00540   -0.32968     False
    bar1100        ridge        500               500    11:00      common  3119 2012-03-23           0.12904       0.13120 -0.00216    -1.64418 -0.00516  0.00083   -1.38760     False
    bar1100        ridge        500               500    11:00 deck period  1116 2020-01-03           0.14658       0.14754 -0.00096    -0.65085 -0.00636  0.00540   -0.32968     False
    bar1100        ridge       2000               500 all bars      common  1619 2018-01-19           0.13788       0.13930 -0.00142    -1.02004 -0.00628  0.00387   -0.57795     False
    bar1100        ridge       2000               500 all bars deck period  1116 2020-01-03           0.14613       0.14754 -0.00142    -0.95915 -0.00756  0.00520   -0.49511     False
    bar1100        ridge       2000               500    11:00      common  1619 2018-01-19           0.13788       0.13930 -0.00142    -1.02004 -0.00628  0.00387   -0.57795     False
    bar1100        ridge       2000               500    11:00 deck period  1116 2020-01-03           0.14613       0.14754 -0.00142    -0.95915 -0.00756  0.00520   -0.49511     False
    bar1100        ridge       2000              2000 all bars      common  1619 2018-01-19           0.13788       0.14336 -0.00548    -3.82134 -0.00964 -0.00058   -2.51299      True
    bar1100        ridge       2000              2000 all bars deck period  1116 2020-01-03           0.14613       0.15384 -0.00771    -5.01040 -0.01287 -0.00172   -2.86039      True
    bar1100        ridge       2000              2000    11:00      common  1619 2018-01-19           0.13788       0.14336 -0.00548    -3.82134 -0.00964 -0.00058   -2.51299      True
    bar1100        ridge       2000              2000    11:00 deck period  1116 2020-01-03           0.14613       0.15384 -0.00771    -5.01040 -0.01287 -0.00172   -2.86039      True
    bar1130     reclasso        500               500 all bars      common  3121 2012-03-21           0.12926       0.13394 -0.00468    -3.49634 -0.00783 -0.00158   -3.19295      True
    bar1130     reclasso        500               500 all bars deck period  1116 2020-01-03           0.13407       0.14287 -0.00879    -6.15573 -0.01380 -0.00373   -3.55394      True
    bar1130     reclasso        500               500    11:30      common  3121 2012-03-21           0.12926       0.13394 -0.00468    -3.49634 -0.00783 -0.00158   -3.19295      True
    bar1130     reclasso        500               500    11:30 deck period  1116 2020-01-03           0.13407       0.14287 -0.00879    -6.15573 -0.01380 -0.00373   -3.55394      True
    bar1130     reclasso       2000               500 all bars      common  1621 2018-01-17           0.13078       0.13629 -0.00551    -4.04285 -0.01096 -0.00012   -2.17755      True
    bar1130     reclasso       2000               500 all bars deck period  1116 2020-01-03           0.13380       0.14287 -0.00907    -6.34723 -0.01636 -0.00233   -2.99835      True
    bar1130     reclasso       2000               500    11:30      common  1621 2018-01-17           0.13078       0.13629 -0.00551    -4.04285 -0.01096 -0.00012   -2.17755      True
    bar1130     reclasso       2000               500    11:30 deck period  1116 2020-01-03           0.13380       0.14287 -0.00907    -6.34723 -0.01636 -0.00233   -2.99835      True
    bar1130     reclasso       2000              2000 all bars      common  1621 2018-01-17           0.13078       0.14166 -0.01088    -7.68277 -0.01618 -0.00594   -4.52622      True
    bar1130     reclasso       2000              2000 all bars deck period  1116 2020-01-03           0.13380       0.15130 -0.01750   -11.56892 -0.02372 -0.01184   -6.18305      True
    bar1130     reclasso       2000              2000    11:30      common  1621 2018-01-17           0.13078       0.14166 -0.01088    -7.68277 -0.01618 -0.00594   -4.52622      True
    bar1130     reclasso       2000              2000    11:30 deck period  1116 2020-01-03           0.13380       0.15130 -0.01750   -11.56892 -0.02372 -0.01184   -6.18305      True
    bar1130 reclasticnet        500               500 all bars      common  3121 2012-03-21           0.12854       0.13354 -0.00500    -3.74376 -0.00851 -0.00165   -3.15833      True
    bar1130 reclasticnet        500               500 all bars deck period  1116 2020-01-03           0.13359       0.14238 -0.00879    -6.17203 -0.01371 -0.00371   -3.53965      True
    bar1130 reclasticnet        500               500    11:30      common  3121 2012-03-21           0.12854       0.13354 -0.00500    -3.74376 -0.00851 -0.00165   -3.15833      True
    bar1130 reclasticnet        500               500    11:30 deck period  1116 2020-01-03           0.13359       0.14238 -0.00879    -6.17203 -0.01371 -0.00371   -3.53965      True
    bar1130 reclasticnet       2000               500 all bars      common  1621 2018-01-17           0.13116       0.13611 -0.00495    -3.63843 -0.01067  0.00055   -1.93460     False
    bar1130 reclasticnet       2000               500 all bars deck period  1116 2020-01-03           0.13435       0.14238 -0.00803    -5.63819 -0.01487 -0.00124   -2.71672      True
    bar1130 reclasticnet       2000               500    11:30      common  1621 2018-01-17           0.13116       0.13611 -0.00495    -3.63843 -0.01067  0.00055   -1.93460     False
    bar1130 reclasticnet       2000               500    11:30 deck period  1116 2020-01-03           0.13435       0.14238 -0.00803    -5.63819 -0.01487 -0.00124   -2.71672      True
    bar1130 reclasticnet       2000              2000 all bars      common  1621 2018-01-17           0.13116       0.14149 -0.01032    -7.29683 -0.01551 -0.00552   -4.47998      True
    bar1130 reclasticnet       2000              2000 all bars deck period  1116 2020-01-03           0.13435       0.15101 -0.01666   -11.03132 -0.02255 -0.01139   -6.58313      True
    bar1130 reclasticnet       2000              2000    11:30      common  1621 2018-01-17           0.13116       0.14149 -0.01032    -7.29683 -0.01551 -0.00552   -4.47998      True
    bar1130 reclasticnet       2000              2000    11:30 deck period  1116 2020-01-03           0.13435       0.15101 -0.01666   -11.03132 -0.02255 -0.01139   -6.58313      True
    bar1130        ridge        500               500 all bars      common  3121 2012-03-21           0.13256       0.13352 -0.00097    -0.72387 -0.00465  0.00248   -0.56628     False
    bar1130        ridge        500               500 all bars deck period  1116 2020-01-03           0.14002       0.14280 -0.00279    -1.95030 -0.00740  0.00208   -1.14005     False
    bar1130        ridge        500               500    11:30      common  3121 2012-03-21           0.13256       0.13352 -0.00097    -0.72387 -0.00465  0.00248   -0.56628     False
    bar1130        ridge        500               500    11:30 deck period  1116 2020-01-03           0.14002       0.14280 -0.00279    -1.95030 -0.00740  0.00208   -1.14005     False
    bar1130        ridge       2000               500 all bars      common  1621 2018-01-17           0.13114       0.13615 -0.00501    -3.67800 -0.01046  0.00022   -2.08118     False
    bar1130        ridge       2000               500 all bars deck period  1116 2020-01-03           0.13533       0.14280 -0.00747    -5.23305 -0.01439 -0.00068   -2.58248      True
    bar1130        ridge       2000               500    11:30      common  1621 2018-01-17           0.13114       0.13615 -0.00501    -3.67800 -0.01046  0.00022   -2.08118     False
    bar1130        ridge       2000               500    11:30 deck period  1116 2020-01-03           0.13533       0.14280 -0.00747    -5.23305 -0.01439 -0.00068   -2.58248      True
    bar1130        ridge       2000              2000 all bars      common  1621 2018-01-17           0.13114       0.14057 -0.00943    -6.71157 -0.01432 -0.00466   -4.38389      True
    bar1130        ridge       2000              2000 all bars deck period  1116 2020-01-03           0.13533       0.15049 -0.01516   -10.07599 -0.02114 -0.00947   -5.94780      True
    bar1130        ridge       2000              2000    11:30      common  1621 2018-01-17           0.13114       0.14057 -0.00943    -6.71157 -0.01432 -0.00466   -4.38389      True
    bar1130        ridge       2000              2000    11:30 deck period  1116 2020-01-03           0.13533       0.15049 -0.01516   -10.07599 -0.02114 -0.00947   -5.94780      True
    bar1200     reclasso        500               500 all bars      common  3060 2012-05-31           0.13627       0.13943 -0.00315    -2.26149 -0.00656  0.00051   -1.86586     False
    bar1200     reclasso        500               500 all bars deck period  1116 2020-01-03           0.13086       0.13857 -0.00771    -5.56571 -0.01378 -0.00137   -2.49365      True
    bar1200     reclasso        500               500    12:00      common  3060 2012-05-31           0.13627       0.13943 -0.00315    -2.26149 -0.00656  0.00051   -1.86586     False
    bar1200     reclasso        500               500    12:00 deck period  1116 2020-01-03           0.13086       0.13857 -0.00771    -5.56571 -0.01378 -0.00137   -2.49365      True
    bar1200     reclasso       2000               500 all bars      common  1560 2018-04-13           0.14716       0.15396 -0.00680    -4.41913 -0.01354  0.00061   -1.92336     False
    bar1200     reclasso       2000               500 all bars deck period  1116 2020-01-03           0.12770       0.13857 -0.01087    -7.84306 -0.01794 -0.00450   -4.10226      True
    bar1200     reclasso       2000               500    12:00      common  1560 2018-04-13           0.14716       0.15396 -0.00680    -4.41913 -0.01354  0.00061   -1.92336     False
    bar1200     reclasso       2000               500    12:00 deck period  1116 2020-01-03           0.12770       0.13857 -0.01087    -7.84306 -0.01794 -0.00450   -4.10226      True
    bar1200     reclasso       2000              2000 all bars      common  1560 2018-04-13           0.14716       0.15972 -0.01256    -7.86408 -0.01878 -0.00608   -3.79816      True
    bar1200     reclasso       2000              2000 all bars deck period  1116 2020-01-03           0.12770       0.14613 -0.01842   -12.60731 -0.02484 -0.01321   -7.14096      True
    bar1200     reclasso       2000              2000    12:00      common  1560 2018-04-13           0.14716       0.15972 -0.01256    -7.86408 -0.01878 -0.00608   -3.79816      True
    bar1200     reclasso       2000              2000    12:00 deck period  1116 2020-01-03           0.12770       0.14613 -0.01842   -12.60731 -0.02484 -0.01321   -7.14096      True
    bar1200 reclasticnet        500               500 all bars      common  3060 2012-05-31           0.13445       0.13892 -0.00447    -3.21982 -0.00761 -0.00123   -2.90464      True
    bar1200 reclasticnet        500               500 all bars deck period  1116 2020-01-03           0.12958       0.13734 -0.00776    -5.65140 -0.01452 -0.00088   -2.31276      True
    bar1200 reclasticnet        500               500    12:00      common  3060 2012-05-31           0.13445       0.13892 -0.00447    -3.21982 -0.00761 -0.00123   -2.90464      True
    bar1200 reclasticnet        500               500    12:00 deck period  1116 2020-01-03           0.12958       0.13734 -0.00776    -5.65140 -0.01452 -0.00088   -2.31276      True
    bar1200 reclasticnet       2000               500 all bars      common  1560 2018-04-13           0.14644       0.15355 -0.00711    -4.63103 -0.01344 -0.00011   -2.16645      True
    bar1200 reclasticnet       2000               500 all bars deck period  1116 2020-01-03           0.12733       0.13734 -0.01001    -7.28843 -0.01661 -0.00403   -3.91659      True
    bar1200 reclasticnet       2000               500    12:00      common  1560 2018-04-13           0.14644       0.15355 -0.00711    -4.63103 -0.01344 -0.00011   -2.16645      True
    bar1200 reclasticnet       2000               500    12:00 deck period  1116 2020-01-03           0.12733       0.13734 -0.01001    -7.28843 -0.01661 -0.00403   -3.91659      True
    bar1200 reclasticnet       2000              2000 all bars      common  1560 2018-04-13           0.14644       0.15939 -0.01294    -8.12073 -0.01888 -0.00674   -4.14461      True
    bar1200 reclasticnet       2000              2000 all bars deck period  1116 2020-01-03           0.12733       0.14556 -0.01823   -12.52388 -0.02458 -0.01299   -6.99897      True
    bar1200 reclasticnet       2000              2000    12:00      common  1560 2018-04-13           0.14644       0.15939 -0.01294    -8.12073 -0.01888 -0.00674   -4.14461      True
    bar1200 reclasticnet       2000              2000    12:00 deck period  1116 2020-01-03           0.12733       0.14556 -0.01823   -12.52388 -0.02458 -0.01299   -6.99897      True
    bar1200        ridge        500               500 all bars      common  3060 2012-05-31           0.13767       0.13880 -0.00113    -0.81329 -0.00475  0.00244   -0.64734     False
    bar1200        ridge        500               500 all bars deck period  1116 2020-01-03           0.12929       0.13755 -0.00826    -6.00496 -0.01525 -0.00162   -2.40032      True
    bar1200        ridge        500               500    12:00      common  3060 2012-05-31           0.13767       0.13880 -0.00113    -0.81329 -0.00475  0.00244   -0.64734     False
    bar1200        ridge        500               500    12:00 deck period  1116 2020-01-03           0.12929       0.13755 -0.00826    -6.00496 -0.01525 -0.00162   -2.40032      True
    bar1200        ridge       2000               500 all bars      common  1560 2018-04-13           0.14703       0.15359 -0.00656    -4.27129 -0.01277  0.00018   -2.03964     False
    bar1200        ridge       2000               500 all bars deck period  1116 2020-01-03           0.12824       0.13755 -0.00931    -6.77198 -0.01571 -0.00324   -3.55207      True
    bar1200        ridge       2000               500    12:00      common  1560 2018-04-13           0.14703       0.15359 -0.00656    -4.27129 -0.01277  0.00018   -2.03964     False
    bar1200        ridge       2000               500    12:00 deck period  1116 2020-01-03           0.12824       0.13755 -0.00931    -6.77198 -0.01571 -0.00324   -3.55207      True
    bar1200        ridge       2000              2000 all bars      common  1560 2018-04-13           0.14703       0.15840 -0.01137    -7.17560 -0.01720 -0.00526   -3.62731      True
    bar1200        ridge       2000              2000 all bars deck period  1116 2020-01-03           0.12824       0.14458 -0.01634   -11.30496 -0.02288 -0.01037   -5.61906      True
    bar1200        ridge       2000              2000    12:00      common  1560 2018-04-13           0.14703       0.15840 -0.01137    -7.17560 -0.01720 -0.00526   -3.62731      True
    bar1200        ridge       2000              2000    12:00 deck period  1116 2020-01-03           0.12824       0.14458 -0.01634   -11.30496 -0.02288 -0.01037   -5.61906      True
    bar1230     reclasso        500               500 all bars      common  3060 2012-05-31           0.14458       0.14677 -0.00220    -1.49601 -0.00641  0.00228   -1.05766     False
    bar1230     reclasso        500               500 all bars deck period  1116 2020-01-03           0.14668       0.15041 -0.00373    -2.47715 -0.01157  0.00419   -1.08793     False
    bar1230     reclasso        500               500    12:30      common  3060 2012-05-31           0.14458       0.14677 -0.00220    -1.49601 -0.00641  0.00228   -1.05766     False
    bar1230     reclasso        500               500    12:30 deck period  1116 2020-01-03           0.14668       0.15041 -0.00373    -2.47715 -0.01157  0.00419   -1.08793     False
    bar1230     reclasso       2000               500 all bars      common  1560 2018-04-13           0.15556       0.15919 -0.00362    -2.27588 -0.00911  0.00149   -1.32708     False
    bar1230     reclasso       2000               500 all bars deck period  1116 2020-01-03           0.15075       0.15041  0.00035     0.22965 -0.00509  0.00558    0.14081     False
    bar1230     reclasso       2000               500    12:30      common  1560 2018-04-13           0.15556       0.15919 -0.00362    -2.27588 -0.00911  0.00149   -1.32708     False
    bar1230     reclasso       2000               500    12:30 deck period  1116 2020-01-03           0.15075       0.15041  0.00035     0.22965 -0.00509  0.00558    0.14081     False
    bar1230     reclasso       2000              2000 all bars      common  1560 2018-04-13           0.15556       0.16475 -0.00919    -5.57838 -0.01389 -0.00457   -3.76582      True
    bar1230     reclasso       2000              2000 all bars deck period  1116 2020-01-03           0.15075       0.15866 -0.00790    -4.98211 -0.01310 -0.00338   -3.47668      True
    bar1230     reclasso       2000              2000    12:30      common  1560 2018-04-13           0.15556       0.16475 -0.00919    -5.57838 -0.01389 -0.00457   -3.76582      True
    bar1230     reclasso       2000              2000    12:30 deck period  1116 2020-01-03           0.15075       0.15866 -0.00790    -4.98211 -0.01310 -0.00338   -3.47668      True
    bar1230 reclasticnet        500               500 all bars      common  3060 2012-05-31           0.14424       0.14576 -0.00153    -1.04770 -0.00650  0.00437   -0.64050     False
    bar1230 reclasticnet        500               500 all bars deck period  1116 2020-01-03           0.14345       0.14925 -0.00580    -3.88694 -0.01315  0.00176   -1.71750     False
    bar1230 reclasticnet        500               500    12:30      common  3060 2012-05-31           0.14424       0.14576 -0.00153    -1.04770 -0.00650  0.00437   -0.64050     False
    bar1230 reclasticnet        500               500    12:30 deck period  1116 2020-01-03           0.14345       0.14925 -0.00580    -3.88694 -0.01315  0.00176   -1.71750     False
    bar1230 reclasticnet       2000               500 all bars      common  1560 2018-04-13           0.15422       0.15853 -0.00432    -2.72305 -0.00991  0.00115   -1.58222     False
    bar1230 reclasticnet       2000               500 all bars deck period  1116 2020-01-03           0.15020       0.14925  0.00095     0.63456 -0.00465  0.00617    0.38055     False
    bar1230 reclasticnet       2000               500    12:30      common  1560 2018-04-13           0.15422       0.15853 -0.00432    -2.72305 -0.00991  0.00115   -1.58222     False
    bar1230 reclasticnet       2000               500    12:30 deck period  1116 2020-01-03           0.15020       0.14925  0.00095     0.63456 -0.00465  0.00617    0.38055     False
    bar1230 reclasticnet       2000              2000 all bars      common  1560 2018-04-13           0.15422       0.16391 -0.00969    -5.91181 -0.01433 -0.00507   -3.95265      True
    bar1230 reclasticnet       2000              2000 all bars deck period  1116 2020-01-03           0.15020       0.15806 -0.00786    -4.97287 -0.01313 -0.00330   -3.39329      True
    bar1230 reclasticnet       2000              2000    12:30      common  1560 2018-04-13           0.15422       0.16391 -0.00969    -5.91181 -0.01433 -0.00507   -3.95265      True
    bar1230 reclasticnet       2000              2000    12:30 deck period  1116 2020-01-03           0.15020       0.15806 -0.00786    -4.97287 -0.01313 -0.00330   -3.39329      True
    bar1230        ridge        500               500 all bars      common  3060 2012-05-31           0.14757       0.14573  0.00183     1.25869 -0.00485  0.01014    0.52412     False
    bar1230        ridge        500               500 all bars deck period  1116 2020-01-03           0.14407       0.15024 -0.00618    -4.11031 -0.01303  0.00068   -1.97561     False
    bar1230        ridge        500               500    12:30      common  3060 2012-05-31           0.14757       0.14573  0.00183     1.25869 -0.00485  0.01014    0.52412     False
    bar1230        ridge        500               500    12:30 deck period  1116 2020-01-03           0.14407       0.15024 -0.00618    -4.11031 -0.01303  0.00068   -1.97561     False
    bar1230        ridge       2000               500 all bars      common  1560 2018-04-13           0.15308       0.15885 -0.00576    -3.62826 -0.01141 -0.00029   -2.10219      True
    bar1230        ridge       2000               500 all bars deck period  1116 2020-01-03           0.14903       0.15024 -0.00121    -0.80670 -0.00657  0.00406   -0.50756     False
    bar1230        ridge       2000               500    12:30      common  1560 2018-04-13           0.15308       0.15885 -0.00576    -3.62826 -0.01141 -0.00029   -2.10219      True
    bar1230        ridge       2000               500    12:30 deck period  1116 2020-01-03           0.14903       0.15024 -0.00121    -0.80670 -0.00657  0.00406   -0.50756     False
    bar1230        ridge       2000              2000 all bars      common  1560 2018-04-13           0.15308       0.16261 -0.00952    -5.85599 -0.01444 -0.00473   -3.83074      True
    bar1230        ridge       2000              2000 all bars deck period  1116 2020-01-03           0.14903       0.15701 -0.00798    -5.08144 -0.01312 -0.00342   -3.46797      True
    bar1230        ridge       2000              2000    12:30      common  1560 2018-04-13           0.15308       0.16261 -0.00952    -5.85599 -0.01444 -0.00473   -3.83074      True
    bar1230        ridge       2000              2000    12:30 deck period  1116 2020-01-03           0.14903       0.15701 -0.00798    -5.08144 -0.01312 -0.00342   -3.46797      True
    bar1300     reclasso        500               500 all bars      common  3060 2012-05-31           0.16158       0.16173 -0.00015    -0.09317 -0.00543  0.00540   -0.05449     False
    bar1300     reclasso        500               500 all bars deck period  1116 2020-01-03           0.16905       0.16680  0.00225     1.34984 -0.01015  0.01617    0.31972     False
    bar1300     reclasso        500               500    13:00      common  3060 2012-05-31           0.16158       0.16173 -0.00015    -0.09317 -0.00543  0.00540   -0.05449     False
    bar1300     reclasso        500               500    13:00 deck period  1116 2020-01-03           0.16905       0.16680  0.00225     1.34984 -0.01015  0.01617    0.31972     False
    bar1300     reclasso       2000               500 all bars      common  1560 2018-04-13          35.47364       0.18000 35.29364 19607.75785 35.20372 35.37644  824.83047     False
    bar1300     reclasso       2000               500 all bars deck period  1116 2020-01-03          35.44601       0.16680 35.27922 21151.13463 35.18059 35.38155  724.30643     False
    bar1300     reclasso       2000               500    13:00      common  1560 2018-04-13          35.47364       0.18000 35.29364 19607.75785 35.20372 35.37644  824.83047     False
    bar1300     reclasso       2000               500    13:00 deck period  1116 2020-01-03          35.44601       0.16680 35.27922 21151.13463 35.18059 35.38155  724.30643     False
    bar1300     reclasso       2000              2000 all bars      common  1560 2018-04-13          35.47364       0.18203 35.29161 19387.80175 35.20332 35.37412  835.59954     False
    bar1300     reclasso       2000              2000 all bars deck period  1116 2020-01-03          35.44601       0.17124 35.27478 20600.14045 35.17737 35.37528  739.66569     False
    bar1300     reclasso       2000              2000    13:00      common  1560 2018-04-13          35.47364       0.18203 35.29161 19387.80175 35.20332 35.37412  835.59954     False
    bar1300     reclasso       2000              2000    13:00 deck period  1116 2020-01-03          35.44601       0.17124 35.27478 20600.14045 35.17737 35.37528  739.66569     False
    bar1300 reclasticnet        500               500 all bars      common  3060 2012-05-31           0.16228       0.16085  0.00143     0.88829 -0.00420  0.00762    0.47260     False
    bar1300 reclasticnet        500               500 all bars deck period  1116 2020-01-03           0.17065       0.16585  0.00480     2.89299 -0.00898  0.02054    0.61617     False
    bar1300 reclasticnet        500               500    13:00      common  3060 2012-05-31           0.16228       0.16085  0.00143     0.88829 -0.00420  0.00762    0.47260     False
    bar1300 reclasticnet        500               500    13:00 deck period  1116 2020-01-03           0.17065       0.16585  0.00480     2.89299 -0.00898  0.02054    0.61617     False
    bar1300 reclasticnet       2000               500 all bars      common  1560 2018-04-13           0.17169       0.17939 -0.00770    -4.29247 -0.01298 -0.00241   -3.35766      True
    bar1300 reclasticnet       2000               500 all bars deck period  1116 2020-01-03           0.16014       0.16585 -0.00571    -3.44277 -0.01268  0.00127   -2.02410     False
    bar1300 reclasticnet       2000               500    13:00      common  1560 2018-04-13           0.17169       0.17939 -0.00770    -4.29247 -0.01298 -0.00241   -3.35766      True
    bar1300 reclasticnet       2000               500    13:00 deck period  1116 2020-01-03           0.16014       0.16585 -0.00571    -3.44277 -0.01268  0.00127   -2.02410     False
    bar1300 reclasticnet       2000              2000 all bars      common  1560 2018-04-13           0.17169       0.18167 -0.00998    -5.49527 -0.01494 -0.00482   -3.79482      True
    bar1300 reclasticnet       2000              2000 all bars deck period  1116 2020-01-03           0.16014       0.17095 -0.01080    -6.32049 -0.01740 -0.00384   -3.19017      True
    bar1300 reclasticnet       2000              2000    13:00      common  1560 2018-04-13           0.17169       0.18167 -0.00998    -5.49527 -0.01494 -0.00482   -3.79482      True
    bar1300 reclasticnet       2000              2000    13:00 deck period  1116 2020-01-03           0.16014       0.17095 -0.01080    -6.32049 -0.01740 -0.00384   -3.19017      True
    bar1300        ridge        500               500 all bars      common  3060 2012-05-31           0.16291       0.16022  0.00269     1.67744 -0.00308  0.00954    0.83648     False
    bar1300        ridge        500               500 all bars deck period  1116 2020-01-03           0.17330       0.16454  0.00877     5.32720 -0.00544  0.02580    1.07455     False
    bar1300        ridge        500               500    13:00      common  3060 2012-05-31           0.16291       0.16022  0.00269     1.67744 -0.00308  0.00954    0.83648     False
    bar1300        ridge        500               500    13:00 deck period  1116 2020-01-03           0.17330       0.16454  0.00877     5.32720 -0.00544  0.02580    1.07455     False
    bar1300        ridge       2000               500 all bars      common  1560 2018-04-13           0.17469       0.17808 -0.00339    -1.90178 -0.00903  0.00239   -1.28628     False
    bar1300        ridge       2000               500 all bars deck period  1116 2020-01-03           0.16305       0.16454 -0.00148    -0.90207 -0.00925  0.00626   -0.43770     False
    bar1300        ridge       2000               500    13:00      common  1560 2018-04-13           0.17469       0.17808 -0.00339    -1.90178 -0.00903  0.00239   -1.28628     False
    bar1300        ridge       2000               500    13:00 deck period  1116 2020-01-03           0.16305       0.16454 -0.00148    -0.90207 -0.00925  0.00626   -0.43770     False
    bar1300        ridge       2000              2000 all bars      common  1560 2018-04-13           0.17469       0.17993 -0.00524    -2.91288 -0.01023 -0.00004   -1.99738      True
    bar1300        ridge       2000              2000 all bars deck period  1116 2020-01-03           0.16305       0.16944 -0.00638    -3.76618 -0.01296  0.00032   -1.84877     False
    bar1300        ridge       2000              2000    13:00      common  1560 2018-04-13           0.17469       0.17993 -0.00524    -2.91288 -0.01023 -0.00004   -1.99738      True
    bar1300        ridge       2000              2000    13:00 deck period  1116 2020-01-03           0.16305       0.16944 -0.00638    -3.76618 -0.01296  0.00032   -1.84877     False
    bar1330     reclasso        500               500 all bars      common  2999 2012-05-31          42.30142       0.16837 42.13304 25023.51858 42.06082 42.20427 1289.53447     False
    bar1330     reclasso        500               500 all bars deck period  1088 2020-01-03          42.24435       0.17311 42.07124 24303.20680 41.95329 42.18466  825.84168     False
    bar1330     reclasso        500               500    13:30      common  2999 2012-05-31          42.30142       0.16837 42.13304 25023.51858 42.06082 42.20427 1289.53447     False
    bar1330     reclasso        500               500    13:30 deck period  1088 2020-01-03          42.24435       0.17311 42.07124 24303.20680 41.95329 42.18466  825.84168     False
    bar1330     reclasso       2000               500 all bars      common  1499 2018-05-17           0.17330       0.18119 -0.00789    -4.35509 -0.01355 -0.00245   -3.01992      True
    bar1330     reclasso       2000               500 all bars deck period  1088 2020-01-03           0.16481       0.17311 -0.00830    -4.79254 -0.01461 -0.00279   -3.16519      True
    bar1330     reclasso       2000               500    13:30      common  1499 2018-05-17           0.17330       0.18119 -0.00789    -4.35509 -0.01355 -0.00245   -3.01992      True
    bar1330     reclasso       2000               500    13:30 deck period  1088 2020-01-03           0.16481       0.17311 -0.00830    -4.79254 -0.01461 -0.00279   -3.16519      True
    bar1330     reclasso       2000              2000 all bars      common  1499 2018-05-17           0.17330       0.18307 -0.00977    -5.33934 -0.01639 -0.00382   -3.32163      True
    bar1330     reclasso       2000              2000 all bars deck period  1088 2020-01-03           0.16481       0.17617 -0.01136    -6.44554 -0.01952 -0.00449   -3.40283      True
    bar1330     reclasso       2000              2000    13:30      common  1499 2018-05-17           0.17330       0.18307 -0.00977    -5.33934 -0.01639 -0.00382   -3.32163      True
    bar1330     reclasso       2000              2000    13:30 deck period  1088 2020-01-03           0.16481       0.17617 -0.01136    -6.44554 -0.01952 -0.00449   -3.40283      True
    bar1330 reclasticnet        500               500 all bars      common  2999 2012-05-31           0.16415       0.16804 -0.00389    -2.31249 -0.00724 -0.00067   -2.24394      True
    bar1330 reclasticnet        500               500 all bars deck period  1088 2020-01-03           0.16997       0.17298 -0.00301    -1.74086 -0.00964  0.00392   -0.88731     False
    bar1330 reclasticnet        500               500    13:30      common  2999 2012-05-31           0.16415       0.16804 -0.00389    -2.31249 -0.00724 -0.00067   -2.24394      True
    bar1330 reclasticnet        500               500    13:30 deck period  1088 2020-01-03           0.16997       0.17298 -0.00301    -1.74086 -0.00964  0.00392   -0.88731     False
    bar1330 reclasticnet       2000               500 all bars      common  1499 2018-05-17           0.17207       0.18118 -0.00911    -5.02624 -0.01472 -0.00364   -3.58488      True
    bar1330 reclasticnet       2000               500 all bars deck period  1088 2020-01-03           0.16375       0.17298 -0.00923    -5.33438 -0.01541 -0.00341   -3.33357      True
    bar1330 reclasticnet       2000               500    13:30      common  1499 2018-05-17           0.17207       0.18118 -0.00911    -5.02624 -0.01472 -0.00364   -3.58488      True
    bar1330 reclasticnet       2000               500    13:30 deck period  1088 2020-01-03           0.16375       0.17298 -0.00923    -5.33438 -0.01541 -0.00341   -3.33357      True
    bar1330 reclasticnet       2000              2000 all bars      common  1499 2018-05-17           0.17207       0.18225 -0.01018    -5.58428 -0.01692 -0.00435   -3.58036      True
    bar1330 reclasticnet       2000              2000 all bars deck period  1088 2020-01-03           0.16375       0.17538 -0.01163    -6.63240 -0.02001 -0.00446   -3.40984      True
    bar1330 reclasticnet       2000              2000    13:30      common  1499 2018-05-17           0.17207       0.18225 -0.01018    -5.58428 -0.01692 -0.00435   -3.58036      True
    bar1330 reclasticnet       2000              2000    13:30 deck period  1088 2020-01-03           0.16375       0.17538 -0.01163    -6.63240 -0.02001 -0.00446   -3.40984      True
    bar1330        ridge        500               500 all bars      common  2999 2012-05-31           0.16955       0.16694  0.00261     1.56104 -0.00522  0.01303    0.54402     False
    bar1330        ridge        500               500 all bars deck period  1088 2020-01-03           0.16809       0.17143 -0.00334    -1.94650 -0.01080  0.00289   -1.00548     False
    bar1330        ridge        500               500    13:30      common  2999 2012-05-31           0.16955       0.16694  0.00261     1.56104 -0.00522  0.01303    0.54402     False
    bar1330        ridge        500               500    13:30 deck period  1088 2020-01-03           0.16809       0.17143 -0.00334    -1.94650 -0.01080  0.00289   -1.00548     False
    bar1330        ridge       2000               500 all bars      common  1499 2018-05-17           0.17687       0.17950 -0.00263    -1.46663 -0.00856  0.00305   -0.96076     False
    bar1330        ridge       2000               500 all bars deck period  1088 2020-01-03           0.16546       0.17143 -0.00597    -3.48263 -0.01211 -0.00029   -2.10202      True
    bar1330        ridge       2000               500    13:30      common  1499 2018-05-17           0.17687       0.17950 -0.00263    -1.46663 -0.00856  0.00305   -0.96076     False
    bar1330        ridge       2000               500    13:30 deck period  1088 2020-01-03           0.16546       0.17143 -0.00597    -3.48263 -0.01211 -0.00029   -2.10202      True
    bar1330        ridge       2000              2000 all bars      common  1499 2018-05-17           0.17687       0.17999 -0.00312    -1.73233 -0.00958  0.00265   -1.12760     False
    bar1330        ridge       2000              2000 all bars deck period  1088 2020-01-03           0.16546       0.17376 -0.00831    -4.78157 -0.01512 -0.00206   -2.88504      True
    bar1330        ridge       2000              2000    13:30      common  1499 2018-05-17           0.17687       0.17999 -0.00312    -1.73233 -0.00958  0.00265   -1.12760     False
    bar1330        ridge       2000              2000    13:30 deck period  1088 2020-01-03           0.16546       0.17376 -0.00831    -4.78157 -0.01512 -0.00206   -2.88504      True
    bar1400     reclasso        500               500 all bars      common  2987 2012-06-13           0.15990       0.15751  0.00238     1.51160 -0.00112  0.00602    1.24239     False
    bar1400     reclasso        500               500 all bars deck period  1088 2020-01-03           0.18084       0.17366  0.00718     4.13628 -0.00091  0.01594    1.60855     False
    bar1400     reclasso        500               500    14:00      common  2987 2012-06-13           0.15990       0.15751  0.00238     1.51160 -0.00112  0.00602    1.24239     False
    bar1400     reclasso        500               500    14:00 deck period  1088 2020-01-03           0.18084       0.17366  0.00718     4.13628 -0.00091  0.01594    1.60855     False
    bar1400     reclasso       2000               500 all bars      common  1487 2018-06-01           0.18275       0.18089  0.00186     1.02983 -0.00426  0.00785    0.56763     False
    bar1400     reclasso       2000               500 all bars deck period  1088 2020-01-03           0.18095       0.17366  0.00728     4.19481  0.00121  0.01418    1.97286     False
    bar1400     reclasso       2000               500    14:00      common  1487 2018-06-01           0.18275       0.18089  0.00186     1.02983 -0.00426  0.00785    0.56763     False
    bar1400     reclasso       2000               500    14:00 deck period  1088 2020-01-03           0.18095       0.17366  0.00728     4.19481  0.00121  0.01418    1.97286     False
    bar1400     reclasso       2000              2000 all bars      common  1487 2018-06-01           0.18275       0.18601 -0.00326    -1.75113 -0.00852  0.00228   -1.16628     False
    bar1400     reclasso       2000              2000 all bars deck period  1088 2020-01-03           0.18095       0.18189 -0.00094    -0.51725 -0.00640  0.00524   -0.27545     False
    bar1400     reclasso       2000              2000    14:00      common  1487 2018-06-01           0.18275       0.18601 -0.00326    -1.75113 -0.00852  0.00228   -1.16628     False
    bar1400     reclasso       2000              2000    14:00 deck period  1088 2020-01-03           0.18095       0.18189 -0.00094    -0.51725 -0.00640  0.00524   -0.27545     False
    bar1400 reclasticnet        500               500 all bars      common  2987 2012-06-13           0.15920       0.15670  0.00250     1.59610 -0.00138  0.00671    1.20440     False
    bar1400 reclasticnet        500               500 all bars deck period  1088 2020-01-03           0.18075       0.17313  0.00761     4.39736 -0.00079  0.01729    1.64330     False
    bar1400 reclasticnet        500               500    14:00      common  2987 2012-06-13           0.15920       0.15670  0.00250     1.59610 -0.00138  0.00671    1.20440     False
    bar1400 reclasticnet        500               500    14:00 deck period  1088 2020-01-03           0.18075       0.17313  0.00761     4.39736 -0.00079  0.01729    1.64330     False
    bar1400 reclasticnet       2000               500 all bars      common  1487 2018-06-01           0.18232       0.18049  0.00183     1.01589 -0.00364  0.00742    0.61091     False
    bar1400 reclasticnet       2000               500 all bars deck period  1088 2020-01-03           0.17977       0.17313  0.00663     3.83091  0.00079  0.01309    1.91977     False
    bar1400 reclasticnet       2000               500    14:00      common  1487 2018-06-01           0.18232       0.18049  0.00183     1.01589 -0.00364  0.00742    0.61091     False
    bar1400 reclasticnet       2000               500    14:00 deck period  1088 2020-01-03           0.17977       0.17313  0.00663     3.83091  0.00079  0.01309    1.91977     False
    bar1400 reclasticnet       2000              2000 all bars      common  1487 2018-06-01           0.18232       0.18552 -0.00320    -1.72533 -0.00777  0.00185   -1.26017     False
    bar1400 reclasticnet       2000              2000 all bars deck period  1088 2020-01-03           0.17977       0.18189 -0.00212    -1.16575 -0.00728  0.00388   -0.66680     False
    bar1400 reclasticnet       2000              2000    14:00      common  1487 2018-06-01           0.18232       0.18552 -0.00320    -1.72533 -0.00777  0.00185   -1.26017     False
    bar1400 reclasticnet       2000              2000    14:00 deck period  1088 2020-01-03           0.17977       0.18189 -0.00212    -1.16575 -0.00728  0.00388   -0.66680     False
    bar1400        ridge        500               500 all bars      common  2987 2012-06-13           0.16286       0.15655  0.00631     4.02957  0.00184  0.01081    2.93091     False
    bar1400        ridge        500               500 all bars deck period  1088 2020-01-03           0.18408       0.17376  0.01032     5.93782  0.00205  0.02013    2.45463     False
    bar1400        ridge        500               500    14:00      common  2987 2012-06-13           0.16286       0.15655  0.00631     4.02957  0.00184  0.01081    2.93091     False
    bar1400        ridge        500               500    14:00 deck period  1088 2020-01-03           0.18408       0.17376  0.01032     5.93782  0.00205  0.02013    2.45463     False
    bar1400        ridge       2000               500 all bars      common  1487 2018-06-01           0.18175       0.18075  0.00100     0.55440 -0.00452  0.00609    0.37648     False
    bar1400        ridge       2000               500 all bars deck period  1088 2020-01-03           0.17972       0.17376  0.00596     3.42973  0.00085  0.01111    2.20072     False
    bar1400        ridge       2000               500    14:00      common  1487 2018-06-01           0.18175       0.18075  0.00100     0.55440 -0.00452  0.00609    0.37648     False
    bar1400        ridge       2000               500    14:00 deck period  1088 2020-01-03           0.17972       0.17376  0.00596     3.42973  0.00085  0.01111    2.20072     False
    bar1400        ridge       2000              2000 all bars      common  1487 2018-06-01           0.18175       0.18476 -0.00301    -1.63012 -0.00656  0.00049   -1.58843     False
    bar1400        ridge       2000              2000 all bars deck period  1088 2020-01-03           0.17972       0.18129 -0.00157    -0.86706 -0.00529  0.00218   -0.72512     False
    bar1400        ridge       2000              2000    14:00      common  1487 2018-06-01           0.18175       0.18476 -0.00301    -1.63012 -0.00656  0.00049   -1.58843     False
    bar1400        ridge       2000              2000    14:00 deck period  1088 2020-01-03           0.17972       0.18129 -0.00157    -0.86706 -0.00529  0.00218   -0.72512     False
    bar1430     reclasso        500               500 all bars      common  2979 2012-06-20           0.25324       0.30622 -0.05298   -17.30197 -0.06732 -0.03960   -7.71514      True
    bar1430     reclasso        500               500 all bars deck period  1087 2020-01-03           0.26789       0.34393 -0.07604   -22.10967 -0.10978 -0.04854   -4.93014      True
    bar1430     reclasso        500               500    14:30      common  2979 2012-06-20           0.25324       0.30622 -0.05298   -17.30197 -0.06732 -0.03960   -7.71514      True
    bar1430     reclasso        500               500    14:30 deck period  1087 2020-01-03           0.26789       0.34393 -0.07604   -22.10967 -0.10978 -0.04854   -4.93014      True
    bar1430     reclasso       2000               500 all bars      common  1479 2018-06-11           0.26062       0.32644 -0.06582   -20.16273 -0.08950 -0.04517   -5.47899      True
    bar1430     reclasso       2000               500 all bars deck period  1087 2020-01-03           0.26984       0.34393 -0.07410   -21.54385 -0.10533 -0.04858   -4.79077      True
    bar1430     reclasso       2000               500    14:30      common  1479 2018-06-11           0.26062       0.32644 -0.06582   -20.16273 -0.08950 -0.04517   -5.47899      True
    bar1430     reclasso       2000               500    14:30 deck period  1087 2020-01-03           0.26984       0.34393 -0.07410   -21.54385 -0.10533 -0.04858   -4.79077      True
    bar1430     reclasso       2000              2000 all bars      common  1479 2018-06-11           0.26062       0.31859 -0.05797   -18.19702 -0.07628 -0.04112   -6.60261      True
    bar1430     reclasso       2000              2000 all bars deck period  1087 2020-01-03           0.26984       0.33640 -0.06657   -19.78767 -0.08903 -0.04736   -6.15486      True
    bar1430     reclasso       2000              2000    14:30      common  1479 2018-06-11           0.26062       0.31859 -0.05797   -18.19702 -0.07628 -0.04112   -6.60261      True
    bar1430     reclasso       2000              2000    14:30 deck period  1087 2020-01-03           0.26984       0.33640 -0.06657   -19.78767 -0.08903 -0.04736   -6.15486      True
    bar1430 reclasticnet        500               500 all bars      common  2979 2012-06-20           0.25360       0.30554 -0.05195   -17.00180 -0.06658 -0.03848   -7.45973      True
    bar1430 reclasticnet        500               500 all bars deck period  1087 2020-01-03           0.27174       0.34280 -0.07106   -20.72798 -0.10514 -0.04325   -4.60376      True
    bar1430 reclasticnet        500               500    14:30      common  2979 2012-06-20           0.25360       0.30554 -0.05195   -17.00180 -0.06658 -0.03848   -7.45973      True
    bar1430 reclasticnet        500               500    14:30 deck period  1087 2020-01-03           0.27174       0.34280 -0.07106   -20.72798 -0.10514 -0.04325   -4.60376      True
    bar1430 reclasticnet       2000               500 all bars      common  1479 2018-06-11           0.26719       0.32575 -0.05856   -17.97684 -0.08193 -0.03782   -4.96858      True
    bar1430 reclasticnet       2000               500 all bars deck period  1087 2020-01-03           0.27736       0.34280 -0.06544   -19.08930 -0.09725 -0.03970   -4.31265      True
    bar1430 reclasticnet       2000               500    14:30      common  1479 2018-06-11           0.26719       0.32575 -0.05856   -17.97684 -0.08193 -0.03782   -4.96858      True
    bar1430 reclasticnet       2000               500    14:30 deck period  1087 2020-01-03           0.27736       0.34280 -0.06544   -19.08930 -0.09725 -0.03970   -4.31265      True
    bar1430 reclasticnet       2000              2000 all bars      common  1479 2018-06-11           0.26719       0.31921 -0.05201   -16.29476 -0.07065 -0.03486   -5.80233      True
    bar1430 reclasticnet       2000              2000 all bars deck period  1087 2020-01-03           0.27736       0.33743 -0.06007   -17.80174 -0.08388 -0.03984   -5.39747      True
    bar1430 reclasticnet       2000              2000    14:30      common  1479 2018-06-11           0.26719       0.31921 -0.05201   -16.29476 -0.07065 -0.03486   -5.80233      True
    bar1430 reclasticnet       2000              2000    14:30 deck period  1087 2020-01-03           0.27736       0.33743 -0.06007   -17.80174 -0.08388 -0.03984   -5.39747      True
    bar1430        ridge        500               500 all bars      common  2979 2012-06-20           0.26141       0.30465 -0.04324   -14.19425 -0.05939 -0.02847   -5.67090      True
    bar1430        ridge        500               500 all bars deck period  1087 2020-01-03           0.27526       0.34234 -0.06708   -19.59343 -0.10163 -0.03519   -3.90921      True
    bar1430        ridge        500               500    14:30      common  2979 2012-06-20           0.26141       0.30465 -0.04324   -14.19425 -0.05939 -0.02847   -5.67090      True
    bar1430        ridge        500               500    14:30 deck period  1087 2020-01-03           0.27526       0.34234 -0.06708   -19.59343 -0.10163 -0.03519   -3.90921      True
    bar1430        ridge       2000               500 all bars      common  1479 2018-06-11           0.26190       0.32459 -0.06269   -19.31407 -0.08697 -0.04147   -5.03078      True
    bar1430        ridge       2000               500 all bars deck period  1087 2020-01-03           0.27172       0.34234 -0.07062   -20.62849 -0.10348 -0.04390   -4.36227      True
    bar1430        ridge       2000               500    14:30      common  1479 2018-06-11           0.26190       0.32459 -0.06269   -19.31407 -0.08697 -0.04147   -5.03078      True
    bar1430        ridge       2000               500    14:30 deck period  1087 2020-01-03           0.27172       0.34234 -0.07062   -20.62849 -0.10348 -0.04390   -4.36227      True
    bar1430        ridge       2000              2000 all bars      common  1479 2018-06-11           0.26190       0.31996 -0.05806   -18.14631 -0.07789 -0.03993   -6.07601      True
    bar1430        ridge       2000              2000 all bars deck period  1087 2020-01-03           0.27172       0.33863 -0.06691   -19.75995 -0.09224 -0.04547   -5.60628      True
    bar1430        ridge       2000              2000    14:30      common  1479 2018-06-11           0.26190       0.31996 -0.05806   -18.14631 -0.07789 -0.03993   -6.07601      True
    bar1430        ridge       2000              2000    14:30 deck period  1087 2020-01-03           0.27172       0.33863 -0.06691   -19.75995 -0.09224 -0.04547   -5.60628      True
    bar1500     reclasso        500               500 all bars      common  2977 2012-06-21           0.16645       0.17674 -0.01029    -5.82164 -0.01525 -0.00532   -4.02290      True
    bar1500     reclasso        500               500 all bars deck period  1087 2020-01-03           0.18865       0.20520 -0.01656    -8.06779 -0.02742 -0.00500   -2.84143      True
    bar1500     reclasso        500               500    15:00      common  2977 2012-06-21           0.16645       0.17674 -0.01029    -5.82164 -0.01525 -0.00532   -4.02290      True
    bar1500     reclasso        500               500    15:00 deck period  1087 2020-01-03           0.18865       0.20520 -0.01656    -8.06779 -0.02742 -0.00500   -2.84143      True
    bar1500     reclasso       2000               500 all bars      common  1477 2018-06-13          24.25272       0.22315 24.02957 10768.46464 23.93335 24.12002  503.15416     False
    bar1500     reclasso       2000               500 all bars deck period  1087 2020-01-03          24.24503       0.20520 24.03983 11715.11657 23.92497 24.15933  444.66958     False
    bar1500     reclasso       2000               500    15:00      common  1477 2018-06-13          24.25272       0.22315 24.02957 10768.46464 23.93335 24.12002  503.15416     False
    bar1500     reclasso       2000               500    15:00 deck period  1087 2020-01-03          24.24503       0.20520 24.03983 11715.11657 23.92497 24.15933  444.66958     False
    bar1500     reclasso       2000              2000 all bars      common  1477 2018-06-13          24.25272       0.23186 24.02087 10360.25616 23.92485 24.10992  509.56678     False
    bar1500     reclasso       2000              2000 all bars deck period  1087 2020-01-03          24.24503       0.21789 24.02714 11027.08732 23.91532 24.14437  452.19663     False
    bar1500     reclasso       2000              2000    15:00      common  1477 2018-06-13          24.25272       0.23186 24.02087 10360.25616 23.92485 24.10992  509.56678     False
    bar1500     reclasso       2000              2000    15:00 deck period  1087 2020-01-03          24.24503       0.21789 24.02714 11027.08732 23.91532 24.14437  452.19663     False
    bar1500 reclasticnet        500               500 all bars      common  2977 2012-06-21           0.16482       0.17610 -0.01128    -6.40451 -0.01628 -0.00627   -4.40944      True
    bar1500 reclasticnet        500               500 all bars deck period  1087 2020-01-03           0.18681       0.20456 -0.01775    -8.67580 -0.02851 -0.00677   -3.09204      True
    bar1500 reclasticnet        500               500    15:00      common  2977 2012-06-21           0.16482       0.17610 -0.01128    -6.40451 -0.01628 -0.00627   -4.40944      True
    bar1500 reclasticnet        500               500    15:00 deck period  1087 2020-01-03           0.18681       0.20456 -0.01775    -8.67580 -0.02851 -0.00677   -3.09204      True
    bar1500 reclasticnet       2000               500 all bars      common  1477 2018-06-13           0.21308       0.22251 -0.00943    -4.23839 -0.01673 -0.00020   -2.26829      True
    bar1500 reclasticnet       2000               500 all bars deck period  1087 2020-01-03           0.19850       0.20456 -0.00606    -2.96207 -0.01498  0.00416   -1.19334     False
    bar1500 reclasticnet       2000               500    15:00      common  1477 2018-06-13           0.21308       0.22251 -0.00943    -4.23839 -0.01673 -0.00020   -2.26829      True
    bar1500 reclasticnet       2000               500    15:00 deck period  1087 2020-01-03           0.19850       0.20456 -0.00606    -2.96207 -0.01498  0.00416   -1.19334     False
    bar1500 reclasticnet       2000              2000 all bars      common  1477 2018-06-13           0.21308       0.23133 -0.01824    -7.88608 -0.02617 -0.00873   -4.20683      True
    bar1500 reclasticnet       2000              2000 all bars deck period  1087 2020-01-03           0.19850       0.21750 -0.01900    -8.73657 -0.02936 -0.00694   -3.49080      True
    bar1500 reclasticnet       2000              2000    15:00      common  1477 2018-06-13           0.21308       0.23133 -0.01824    -7.88608 -0.02617 -0.00873   -4.20683      True
    bar1500 reclasticnet       2000              2000    15:00 deck period  1087 2020-01-03           0.19850       0.21750 -0.01900    -8.73657 -0.02936 -0.00694   -3.49080      True
    bar1500        ridge        500               500 all bars      common  2977 2012-06-21           0.17029       0.17547 -0.00518    -2.95082 -0.01008  0.00037   -2.01976     False
    bar1500        ridge        500               500 all bars deck period  1087 2020-01-03           0.19532       0.20404 -0.00871    -4.27117 -0.02002  0.00407   -1.50844     False
    bar1500        ridge        500               500    15:00      common  2977 2012-06-21           0.17029       0.17547 -0.00518    -2.95082 -0.01008  0.00037   -2.01976     False
    bar1500        ridge        500               500    15:00 deck period  1087 2020-01-03           0.19532       0.20404 -0.00871    -4.27117 -0.02002  0.00407   -1.50844     False
    bar1500        ridge       2000               500 all bars      common  1477 2018-06-13           0.21817       0.22175 -0.00358    -1.61480 -0.01133  0.00487   -0.88779     False
    bar1500        ridge       2000               500 all bars deck period  1087 2020-01-03           0.20518       0.20404  0.00114     0.56006 -0.00777  0.01129    0.23608     False
    bar1500        ridge       2000               500    15:00      common  1477 2018-06-13           0.21817       0.22175 -0.00358    -1.61480 -0.01133  0.00487   -0.88779     False
    bar1500        ridge       2000               500    15:00 deck period  1087 2020-01-03           0.20518       0.20404  0.00114     0.56006 -0.00777  0.01129    0.23608     False
    bar1500        ridge       2000              2000 all bars      common  1477 2018-06-13           0.21817       0.22954 -0.01137    -4.95391 -0.01968 -0.00234   -2.70092      True
    bar1500        ridge       2000              2000 all bars deck period  1087 2020-01-03           0.20518       0.21619 -0.01101    -5.09279 -0.02118  0.00033   -2.10184     False
    bar1500        ridge       2000              2000    15:00      common  1477 2018-06-13           0.21817       0.22954 -0.01137    -4.95391 -0.01968 -0.00234   -2.70092      True
    bar1500        ridge       2000              2000    15:00 deck period  1087 2020-01-03           0.20518       0.21619 -0.01101    -5.09279 -0.02118  0.00033   -2.10184     False
    bar1530     reclasso        500               500 all bars      common  2975 2012-06-25           0.13057       0.13227 -0.00170    -1.28650 -0.00558  0.00239   -0.90848     False
    bar1530     reclasso        500               500 all bars deck period  1087 2020-01-03           0.13792       0.13345  0.00447     3.34726 -0.00169  0.01074    1.49754     False
    bar1530     reclasso        500               500    15:30      common  2975 2012-06-25           0.13057       0.13227 -0.00170    -1.28650 -0.00558  0.00239   -0.90848     False
    bar1530     reclasso        500               500    15:30 deck period  1087 2020-01-03           0.13792       0.13345  0.00447     3.34726 -0.00169  0.01074    1.49754     False
    bar1530     reclasso       2000               500 all bars      common  1475 2018-06-15           0.13411       0.14087 -0.00677    -4.80310 -0.01248 -0.00109   -2.26605      True
    bar1530     reclasso       2000               500 all bars deck period  1087 2020-01-03           0.12765       0.13345 -0.00580    -4.34431 -0.01116 -0.00047   -2.14680      True
    bar1530     reclasso       2000               500    15:30      common  1475 2018-06-15           0.13411       0.14087 -0.00677    -4.80310 -0.01248 -0.00109   -2.26605      True
    bar1530     reclasso       2000               500    15:30 deck period  1087 2020-01-03           0.12765       0.13345 -0.00580    -4.34431 -0.01116 -0.00047   -2.14680      True
    bar1530     reclasso       2000              2000 all bars      common  1475 2018-06-15           0.13411       0.14310 -0.00899    -6.28338 -0.01525 -0.00257   -2.91288      True
    bar1530     reclasso       2000              2000 all bars deck period  1087 2020-01-03           0.12765       0.13848 -0.01083    -7.81804 -0.01739 -0.00421   -3.81488      True
    bar1530     reclasso       2000              2000    15:30      common  1475 2018-06-15           0.13411       0.14310 -0.00899    -6.28338 -0.01525 -0.00257   -2.91288      True
    bar1530     reclasso       2000              2000    15:30 deck period  1087 2020-01-03           0.12765       0.13848 -0.01083    -7.81804 -0.01739 -0.00421   -3.81488      True
    bar1530 reclasticnet        500               500 all bars      common  2975 2012-06-25           0.12992       0.13180 -0.00188    -1.42711 -0.00573  0.00208   -1.01261     False
    bar1530 reclasticnet        500               500 all bars deck period  1087 2020-01-03           0.13692       0.13353  0.00339     2.54020 -0.00293  0.00979    1.14430     False
    bar1530 reclasticnet        500               500    15:30      common  2975 2012-06-25           0.12992       0.13180 -0.00188    -1.42711 -0.00573  0.00208   -1.01261     False
    bar1530 reclasticnet        500               500    15:30 deck period  1087 2020-01-03           0.13692       0.13353  0.00339     2.54020 -0.00293  0.00979    1.14430     False
    bar1530 reclasticnet       2000               500 all bars      common  1475 2018-06-15           0.13382       0.14110 -0.00728    -5.15934 -0.01354 -0.00065   -2.21279      True
    bar1530 reclasticnet       2000               500 all bars deck period  1087 2020-01-03           0.12764       0.13353 -0.00589    -4.41311 -0.01201  0.00080   -1.84663     False
    bar1530 reclasticnet       2000               500    15:30      common  1475 2018-06-15           0.13382       0.14110 -0.00728    -5.15934 -0.01354 -0.00065   -2.21279      True
    bar1530 reclasticnet       2000               500    15:30 deck period  1087 2020-01-03           0.12764       0.13353 -0.00589    -4.41311 -0.01201  0.00080   -1.84663     False
    bar1530 reclasticnet       2000              2000 all bars      common  1475 2018-06-15           0.13382       0.14284 -0.00902    -6.31252 -0.01603 -0.00191   -2.68798      True
    bar1530 reclasticnet       2000              2000 all bars deck period  1087 2020-01-03           0.12764       0.13848 -0.01085    -7.83303 -0.01794 -0.00288   -3.31639      True
    bar1530 reclasticnet       2000              2000    15:30      common  1475 2018-06-15           0.13382       0.14284 -0.00902    -6.31252 -0.01603 -0.00191   -2.68798      True
    bar1530 reclasticnet       2000              2000    15:30 deck period  1087 2020-01-03           0.12764       0.13848 -0.01085    -7.83303 -0.01794 -0.00288   -3.31639      True
    bar1530        ridge        500               500 all bars      common  2975 2012-06-25           0.13136       0.13139 -0.00004    -0.02890 -0.00448  0.00441   -0.01832     False
    bar1530        ridge        500               500 all bars deck period  1087 2020-01-03           0.13843       0.13343  0.00500     3.74920 -0.00306  0.01369    1.30879     False
    bar1530        ridge        500               500    15:30      common  2975 2012-06-25           0.13136       0.13139 -0.00004    -0.02890 -0.00448  0.00441   -0.01832     False
    bar1530        ridge        500               500    15:30 deck period  1087 2020-01-03           0.13843       0.13343  0.00500     3.74920 -0.00306  0.01369    1.30879     False
    bar1530        ridge       2000               500 all bars      common  1475 2018-06-15           0.13255       0.14061 -0.00806    -5.73143 -0.01463 -0.00135   -2.42949      True
    bar1530        ridge       2000               500 all bars deck period  1087 2020-01-03           0.12706       0.13343 -0.00637    -4.77492 -0.01307  0.00007   -1.93599     False
    bar1530        ridge       2000               500    15:30      common  1475 2018-06-15           0.13255       0.14061 -0.00806    -5.73143 -0.01463 -0.00135   -2.42949      True
    bar1530        ridge       2000               500    15:30 deck period  1087 2020-01-03           0.12706       0.13343 -0.00637    -4.77492 -0.01307  0.00007   -1.93599     False
    bar1530        ridge       2000              2000 all bars      common  1475 2018-06-15           0.13255       0.14243 -0.00988    -6.93485 -0.01636 -0.00350   -3.17512      True
    bar1530        ridge       2000              2000 all bars deck period  1087 2020-01-03           0.12706       0.13786 -0.01080    -7.83537 -0.01719 -0.00442   -3.73312      True
    bar1530        ridge       2000              2000    15:30      common  1475 2018-06-15           0.13255       0.14243 -0.00988    -6.93485 -0.01636 -0.00350   -3.17512      True
    bar1530        ridge       2000              2000    15:30 deck period  1087 2020-01-03           0.12706       0.13786 -0.01080    -7.83537 -0.01719 -0.00442   -3.73312      True
    bar1600     reclasso        500               500 all bars      common  2969 2012-07-03           0.12047       0.12761 -0.00714    -5.59562 -0.01132 -0.00295   -3.25717      True
    bar1600     reclasso        500               500 all bars deck period  1087 2020-01-03           0.10951       0.11718 -0.00767    -6.54217 -0.01450 -0.00148   -2.30079      True
    bar1600     reclasso        500               500    16:00      common  2969 2012-07-03           0.12047       0.12761 -0.00714    -5.59562 -0.01132 -0.00295   -3.25717      True
    bar1600     reclasso        500               500    16:00 deck period  1087 2020-01-03           0.10951       0.11718 -0.00767    -6.54217 -0.01450 -0.00148   -2.30079      True
    bar1600     reclasso       2000               500 all bars      common  1469 2018-06-25           0.11234       0.13043 -0.01808   -13.86563 -0.02497 -0.01191   -6.09373      True
    bar1600     reclasso       2000               500 all bars deck period  1087 2020-01-03           0.09946       0.11718 -0.01772   -15.12080 -0.02423 -0.01219   -5.86810      True
    bar1600     reclasso       2000               500    16:00      common  1469 2018-06-25           0.11234       0.13043 -0.01808   -13.86563 -0.02497 -0.01191   -6.09373      True
    bar1600     reclasso       2000               500    16:00 deck period  1087 2020-01-03           0.09946       0.11718 -0.01772   -15.12080 -0.02423 -0.01219   -5.86810      True
    bar1600     reclasso       2000              2000 all bars      common  1469 2018-06-25           0.11234       0.13152 -0.01918   -14.58125 -0.02565 -0.01293   -6.63493      True
    bar1600     reclasso       2000              2000 all bars deck period  1087 2020-01-03           0.09946       0.11900 -0.01954   -16.42115 -0.02506 -0.01432   -6.75804      True
    bar1600     reclasso       2000              2000    16:00      common  1469 2018-06-25           0.11234       0.13152 -0.01918   -14.58125 -0.02565 -0.01293   -6.63493      True
    bar1600     reclasso       2000              2000    16:00 deck period  1087 2020-01-03           0.09946       0.11900 -0.01954   -16.42115 -0.02506 -0.01432   -6.75804      True
    bar1600 reclasticnet        500               500 all bars      common  2969 2012-07-03           0.11978       0.12764 -0.00786    -6.15883 -0.01249 -0.00307   -3.40685      True
    bar1600 reclasticnet        500               500 all bars deck period  1087 2020-01-03           0.10958       0.11721 -0.00763    -6.51112 -0.01258 -0.00309   -3.32620      True
    bar1600 reclasticnet        500               500    16:00      common  2969 2012-07-03           0.11978       0.12764 -0.00786    -6.15883 -0.01249 -0.00307   -3.40685      True
    bar1600 reclasticnet        500               500    16:00 deck period  1087 2020-01-03           0.10958       0.11721 -0.00763    -6.51112 -0.01258 -0.00309   -3.32620      True
    bar1600 reclasticnet       2000               500 all bars      common  1469 2018-06-25           0.11413       0.13075 -0.01663   -12.71656 -0.02277 -0.01115   -6.40966      True
    bar1600 reclasticnet       2000               500 all bars deck period  1087 2020-01-03           0.10272       0.11721 -0.01448   -12.35775 -0.01920 -0.01026   -6.34129      True
    bar1600 reclasticnet       2000               500    16:00      common  1469 2018-06-25           0.11413       0.13075 -0.01663   -12.71656 -0.02277 -0.01115   -6.40966      True
    bar1600 reclasticnet       2000               500    16:00 deck period  1087 2020-01-03           0.10272       0.11721 -0.01448   -12.35775 -0.01920 -0.01026   -6.34129      True
    bar1600 reclasticnet       2000              2000 all bars      common  1469 2018-06-25           0.11413       0.13203 -0.01790   -13.55908 -0.02411 -0.01250   -6.94573      True
    bar1600 reclasticnet       2000              2000 all bars deck period  1087 2020-01-03           0.10272       0.11924 -0.01651   -13.84704 -0.02098 -0.01229   -7.29872      True
    bar1600 reclasticnet       2000              2000    16:00      common  1469 2018-06-25           0.11413       0.13203 -0.01790   -13.55908 -0.02411 -0.01250   -6.94573      True
    bar1600 reclasticnet       2000              2000    16:00 deck period  1087 2020-01-03           0.10272       0.11924 -0.01651   -13.84704 -0.02098 -0.01229   -7.29872      True
    bar1600        ridge        500               500 all bars      common  2969 2012-07-03           0.11887       0.12785 -0.00898    -7.02694 -0.01407 -0.00354   -3.39253      True
    bar1600        ridge        500               500 all bars deck period  1087 2020-01-03           0.10771       0.11707 -0.00935    -7.99116 -0.01562 -0.00377   -3.10043      True
    bar1600        ridge        500               500    16:00      common  2969 2012-07-03           0.11887       0.12785 -0.00898    -7.02694 -0.01407 -0.00354   -3.39253      True
    bar1600        ridge        500               500    16:00 deck period  1087 2020-01-03           0.10771       0.11707 -0.00935    -7.99116 -0.01562 -0.00377   -3.10043      True
    bar1600        ridge       2000               500 all bars      common  1469 2018-06-25           0.11128       0.13059 -0.01931   -14.78724 -0.02624 -0.01336   -6.63211      True
    bar1600        ridge       2000               500 all bars deck period  1087 2020-01-03           0.09920       0.11707 -0.01787   -15.26353 -0.02469 -0.01219   -5.92274      True
    bar1600        ridge       2000               500    16:00      common  1469 2018-06-25           0.11128       0.13059 -0.01931   -14.78724 -0.02624 -0.01336   -6.63211      True
    bar1600        ridge       2000               500    16:00 deck period  1087 2020-01-03           0.09920       0.11707 -0.01787   -15.26353 -0.02469 -0.01219   -5.92274      True
    bar1600        ridge       2000              2000 all bars      common  1469 2018-06-25           0.11128       0.13152 -0.02023   -15.38480 -0.02691 -0.01424   -7.03459      True
    bar1600        ridge       2000              2000 all bars deck period  1087 2020-01-03           0.09920       0.11928 -0.02008   -16.83367 -0.02633 -0.01448   -6.71921      True
    bar1600        ridge       2000              2000    16:00      common  1469 2018-06-25           0.11128       0.13152 -0.02023   -15.38480 -0.02691 -0.01424   -7.03459      True
    bar1600        ridge       2000              2000    16:00 deck period  1087 2020-01-03           0.09920       0.11928 -0.02008   -16.83367 -0.02633 -0.01448   -6.71921      True
  blk_close     reclasso        500               500 all bars      common  9069 2006-04-10           0.12216       0.12635 -0.00419    -3.31981 -0.00723 -0.00118   -3.11099      True
  blk_close     reclasso        500               500 all bars deck period  2174 2020-01-03           0.12247       0.12532 -0.00284    -2.26645 -0.00763  0.00220   -1.19279     False
  blk_close     reclasso        500               500    15:30      common  4535 2006-04-10           0.12764       0.12968 -0.00204    -1.57450 -0.00532  0.00116   -1.31520     False
  blk_close     reclasso        500               500    15:30 deck period  1087 2020-01-03           0.13346       0.13345  0.00000     0.00339 -0.00698  0.00851    0.00122     False
  blk_close     reclasso        500               500    16:00      common  4534 2006-04-10           0.11667       0.12302 -0.00635    -5.16003 -0.01075 -0.00180   -2.97324      True
  blk_close     reclasso        500               500    16:00 deck period  1087 2020-01-03           0.11149       0.11718 -0.00568    -4.85150 -0.01237  0.00045   -1.84214     False
  blk_close     reclasso       2000               500 all bars      common  6069 2012-03-29           0.18776       0.12993  0.05783    44.51088  0.04955  0.06605   16.76611     False
  blk_close     reclasso       2000               500 all bars deck period  2174 2020-01-03           0.18967       0.12532  0.06436    51.35672  0.04937  0.08080   10.16888     False
  blk_close     reclasso       2000               500    15:30      common  3034 2012-03-30           0.20148       0.13287  0.06861    51.63671  0.05848  0.08001   13.03716     False
  blk_close     reclasso       2000               500    15:30 deck period  1087 2020-01-03           0.21014       0.13345  0.07669    57.46458  0.05514  0.09989    7.20502     False
  blk_close     reclasso       2000               500    16:00      common  3035 2012-03-29           0.17404       0.12698  0.04706    37.05702  0.03936  0.05506   12.47396     False
  blk_close     reclasso       2000               500    16:00 deck period  1087 2020-01-03           0.16921       0.11718  0.05203    44.40064  0.03873  0.06579    8.68759     False
  blk_close     reclasso       2000              2000 all bars      common  6069 2012-03-29           0.18776       0.13025  0.05751    44.15006  0.04989  0.06567   17.67536     False
  blk_close     reclasso       2000              2000 all bars deck period  2174 2020-01-03           0.18967       0.12874  0.06093    47.32887  0.04833  0.07539   10.90192     False
  blk_close     reclasso       2000              2000    15:30      common  3034 2012-03-30           0.20148       0.13340  0.06808    51.03688  0.05877  0.07867   13.85903     False
  blk_close     reclasso       2000              2000    15:30 deck period  1087 2020-01-03           0.21014       0.13848  0.07166    51.74627  0.05367  0.09203    7.58572     False
  blk_close     reclasso       2000              2000    16:00      common  3035 2012-03-29           0.17404       0.12711  0.04693    36.92457  0.03963  0.05451   13.10391     False
  blk_close     reclasso       2000              2000    16:00 deck period  1087 2020-01-03           0.16921       0.11900  0.05020    42.18842  0.03844  0.06238    9.61821     False
  blk_close reclasticnet        500               500 all bars      common  9069 2006-04-10           0.12155       0.12620 -0.00465    -3.68782 -0.00755 -0.00185   -3.64546      True
  blk_close reclasticnet        500               500 all bars deck period  2174 2020-01-03           0.12211       0.12537 -0.00326    -2.60241 -0.00778  0.00205   -1.39676     False
  blk_close reclasticnet        500               500    15:30      common  4535 2006-04-10           0.12664       0.12931 -0.00267    -2.06297 -0.00578  0.00046   -1.74942     False
  blk_close reclasticnet        500               500    15:30 deck period  1087 2020-01-03           0.13332       0.13353 -0.00021    -0.15691 -0.00675  0.00744   -0.05896     False
  blk_close reclasticnet        500               500    16:00      common  4534 2006-04-10           0.11646       0.12310 -0.00664    -5.39502 -0.01115 -0.00196   -3.08400      True
  blk_close reclasticnet        500               500    16:00 deck period  1087 2020-01-03           0.11089       0.11721 -0.00632    -5.38841 -0.01269 -0.00024   -2.11111      True
  blk_close reclasticnet       2000               500 all bars      common  6069 2012-03-29           0.11937       0.12971 -0.01034    -7.96934 -0.01320 -0.00744   -7.75118      True
  blk_close reclasticnet       2000               500 all bars deck period  2174 2020-01-03           0.11607       0.12537 -0.00930    -7.41702 -0.01424 -0.00444   -4.37456      True
  blk_close reclasticnet       2000               500    15:30      common  3034 2012-03-30           0.12438       0.13240 -0.00802    -6.05659 -0.01201 -0.00393   -4.24634      True
  blk_close reclasticnet       2000               500    15:30 deck period  1087 2020-01-03           0.12812       0.13353 -0.00541    -4.05090 -0.01149  0.00068   -1.74025     False
  blk_close reclasticnet       2000               500    16:00      common  3035 2012-03-29           0.11436       0.12701 -0.01265    -9.96253 -0.01625 -0.00915   -6.72050      True
  blk_close reclasticnet       2000               500    16:00 deck period  1087 2020-01-03           0.10402       0.11721 -0.01319   -11.25183 -0.01970 -0.00699   -4.52277      True
  blk_close reclasticnet       2000              2000 all bars      common  6069 2012-03-29           0.11937       0.13012 -0.01075    -8.26202 -0.01346 -0.00813   -8.40063      True
  blk_close reclasticnet       2000              2000 all bars deck period  2174 2020-01-03           0.11607       0.12886 -0.01279    -9.92481 -0.01733 -0.00841   -6.33222      True
  blk_close reclasticnet       2000              2000    15:30      common  3034 2012-03-30           0.12438       0.13269 -0.00831    -6.26362 -0.01223 -0.00440   -4.75054      True
  blk_close reclasticnet       2000              2000    15:30 deck period  1087 2020-01-03           0.12812       0.13848 -0.01036    -7.48377 -0.01593 -0.00459   -3.83146      True
  blk_close reclasticnet       2000              2000    16:00      common  3035 2012-03-29           0.11436       0.12755 -0.01319   -10.34030 -0.01658 -0.00999   -7.30554      True
  blk_close reclasticnet       2000              2000    16:00 deck period  1087 2020-01-03           0.10402       0.11924 -0.01521   -12.75990 -0.02149 -0.00944   -5.23337      True
  blk_close        ridge        500               500 all bars      common  9069 2006-04-10           0.12143       0.12617 -0.00475    -3.76149 -0.00730 -0.00235   -4.25036      True
  blk_close        ridge        500               500 all bars deck period  2174 2020-01-03           0.12335       0.12525 -0.00190    -1.51556 -0.00646  0.00279   -0.91695     False
  blk_close        ridge        500               500    15:30      common  4535 2006-04-10           0.12815       0.12878 -0.00063    -0.48962 -0.00374  0.00231   -0.42577     False
  blk_close        ridge        500               500    15:30 deck period  1087 2020-01-03           0.13503       0.13343  0.00160     1.19708 -0.00487  0.00831    0.50562     False
  blk_close        ridge        500               500    16:00      common  4534 2006-04-10           0.11471       0.12357 -0.00886    -7.17200 -0.01230 -0.00576   -5.73570      True
  blk_close        ridge        500               500    16:00 deck period  1087 2020-01-03           0.11167       0.11707 -0.00539    -4.60736 -0.01145  0.00030   -2.01876     False
  blk_close        ridge       2000               500 all bars      common  6069 2012-03-29           0.11931       0.12961 -0.01030    -7.95051 -0.01341 -0.00722   -7.53676      True
  blk_close        ridge       2000               500 all bars deck period  2174 2020-01-03           0.11520       0.12525 -0.01005    -8.02475 -0.01494 -0.00526   -4.66606      True
  blk_close        ridge       2000               500    15:30      common  3034 2012-03-30           0.12425       0.13201 -0.00776    -5.87761 -0.01195 -0.00342   -3.97039      True
  blk_close        ridge       2000               500    15:30 deck period  1087 2020-01-03           0.12706       0.13343 -0.00637    -4.77252 -0.01252  0.00013   -2.02983     False
  blk_close        ridge       2000               500    16:00      common  3035 2012-03-29           0.11437       0.12722 -0.01285   -10.10074 -0.01644 -0.00943   -6.92692      True
  blk_close        ridge       2000               500    16:00 deck period  1087 2020-01-03           0.10333       0.11707 -0.01373   -11.73156 -0.02027 -0.00761   -4.53601      True
  blk_close        ridge       2000              2000 all bars      common  6069 2012-03-29           0.11931       0.12957 -0.01026    -7.92076 -0.01319 -0.00743   -8.12437      True
  blk_close        ridge       2000              2000 all bars deck period  2174 2020-01-03           0.11520       0.12857 -0.01337   -10.40011 -0.01802 -0.00919   -6.55868      True
  blk_close        ridge       2000              2000    15:30      common  3034 2012-03-30           0.12425       0.13177 -0.00752    -5.70622 -0.01164 -0.00357   -4.33307      True
  blk_close        ridge       2000              2000    15:30 deck period  1087 2020-01-03           0.12706       0.13786 -0.01080    -7.83304 -0.01605 -0.00541   -4.23694      True
  blk_close        ridge       2000              2000    16:00      common  3035 2012-03-29           0.11437       0.12737 -0.01301   -10.21094 -0.01646 -0.00983   -7.28486      True
  blk_close        ridge       2000              2000    16:00 deck period  1087 2020-01-03           0.10333       0.11928 -0.01594   -13.36715 -0.02244 -0.00989   -5.15518      True
   blk_core     reclasso        500               500 all bars      common 40156 2001-10-11           0.13070       0.13621 -0.00551    -4.04822 -0.00819 -0.00401   -7.91939      True
   blk_core     reclasso        500               500 all bars deck period  7756 2020-01-03           0.14593       0.15600 -0.01007    -6.45618 -0.01640 -0.00705   -5.88635      True
   blk_core     reclasso        500               500    11:00      common  5797 2001-10-11           0.11394       0.12004 -0.00610    -5.08185 -0.00838 -0.00352   -5.16900      True
   blk_core     reclasso        500               500    11:00 deck period  1116 2020-01-03           0.13763       0.14744 -0.00981    -6.65679 -0.01594 -0.00356   -3.36315      True
   blk_core     reclasso        500               500    11:30      common  5799 2001-10-11           0.11893       0.12470 -0.00577    -4.62719 -0.00810 -0.00348   -5.08353      True
   blk_core     reclasso        500               500    11:30 deck period  1116 2020-01-03           0.12993       0.14287 -0.01294    -9.05736 -0.01842 -0.00737   -4.53238      True
   blk_core     reclasso        500               500    12:00      common  5738 2001-10-11           0.12250       0.12894 -0.00645    -5.00053 -0.00919 -0.00337   -4.33666      True
   blk_core     reclasso        500               500    12:00 deck period  1116 2020-01-03           0.12169       0.13857 -0.01689   -12.18547 -0.02299 -0.01081   -5.69958      True
   blk_core     reclasso        500               500    12:30      common  5738 2001-10-11           0.14076       0.14485 -0.00409    -2.82548 -0.00837  0.00182   -1.63655     False
   blk_core     reclasso        500               500    12:30 deck period  1116 2020-01-03           0.13365       0.15041 -0.01676   -11.14424 -0.02208 -0.01155   -6.40959      True
   blk_core     reclasso        500               500    13:00      common  5738 2001-10-11           0.13811       0.14465 -0.00653    -4.51629 -0.00895 -0.00415   -5.66641      True
   blk_core     reclasso        500               500    13:00 deck period  1116 2020-01-03           0.15819       0.16680 -0.00861    -5.16242 -0.01673 -0.00045   -2.34823      True
   blk_core     reclasso        500               500    13:30      common  5677 2001-10-11           0.14377       0.14950 -0.00572    -3.82885 -0.00836 -0.00266   -4.41701      True
   blk_core     reclasso        500               500    13:30 deck period  1088 2020-01-03           0.16969       0.17311 -0.00342    -1.97563 -0.01182  0.00603   -0.83885     False
   blk_core     reclasso        500               500    14:00      common  5669 2001-10-11           0.13741       0.14132 -0.00391    -2.76428 -0.00684 -0.00031   -2.55766      True
   blk_core     reclasso        500               500    14:00 deck period  1088 2020-01-03           0.17197       0.17366 -0.00169    -0.97326 -0.01173  0.01250   -0.27370     False
   blk_core     reclasso       2000               500 all bars      common 29656 2007-09-19           0.13483       0.14089 -0.00605    -4.29762 -0.00841 -0.00446   -8.89708      True
   blk_core     reclasso       2000               500 all bars deck period  7756 2020-01-03           0.15063       0.15600 -0.00536    -3.43768 -0.01060 -0.00243   -3.94979      True
   blk_core     reclasso       2000               500    11:00      common  4282 2007-09-20           0.11781       0.12523 -0.00742    -5.92597 -0.00978 -0.00506   -6.27612      True
   blk_core     reclasso       2000               500    11:00 deck period  1116 2020-01-03           0.14160       0.14744 -0.00584    -3.95982 -0.01102 -0.00040   -2.34532      True
   blk_core     reclasso       2000               500    11:30      common  4282 2007-09-20           0.12420       0.12977 -0.00557    -4.29537 -0.00850 -0.00264   -4.06218      True
   blk_core     reclasso       2000               500    11:30 deck period  1116 2020-01-03           0.13466       0.14287 -0.00821    -5.74629 -0.01421 -0.00271   -3.24911      True
   blk_core     reclasso       2000               500    12:00      common  4243 2007-09-20           0.12688       0.13161 -0.00472    -3.58906 -0.00845 -0.00034   -2.27865      True
   blk_core     reclasso       2000               500    12:00 deck period  1116 2020-01-03           0.12844       0.13857 -0.01013    -7.30821 -0.01544 -0.00515   -4.49493      True
   blk_core     reclasso       2000               500    12:30      common  4244 2007-09-19           0.13561       0.14182 -0.00621    -4.38148 -0.00913 -0.00308   -4.08720      True
   blk_core     reclasso       2000               500    12:30 deck period  1116 2020-01-03           0.14499       0.15041 -0.00542    -3.60375 -0.01019 -0.00042   -2.32324      True
   blk_core     reclasso       2000               500    13:00      common  4244 2007-09-19           0.14831       0.15440 -0.00608    -3.93944 -0.00880 -0.00347   -4.65362      True
   blk_core     reclasso       2000               500    13:00 deck period  1116 2020-01-03           0.16262       0.16680 -0.00418    -2.50652 -0.00931  0.00094   -1.65495     False
   blk_core     reclasso       2000               500    13:30      common  4183 2007-09-19           0.14958       0.15673 -0.00715    -4.56413 -0.00962 -0.00474   -5.91820      True
   blk_core     reclasso       2000               500    13:30 deck period  1088 2020-01-03           0.16776       0.17311 -0.00535    -3.08967 -0.01097 -0.00008   -2.33059      True
   blk_core     reclasso       2000               500    14:00      common  4178 2007-09-19           0.14201       0.14722 -0.00521    -3.53874 -0.00846 -0.00140   -2.93142      True
   blk_core     reclasso       2000               500    14:00 deck period  1088 2020-01-03           0.17543       0.17366  0.00177     1.01636 -0.00709  0.01410    0.33221     False
   blk_core     reclasso       2000              2000 all bars      common 29195 2007-12-21           0.13519       0.14275 -0.00756    -5.29519 -0.00987 -0.00618  -11.83939      True
   blk_core     reclasso       2000              2000 all bars deck period  7756 2020-01-03           0.15063       0.16261 -0.01198    -7.36558 -0.01767 -0.00972   -8.68032      True
   blk_core     reclasso       2000              2000    11:00      common  4216 2007-12-21           0.11822       0.12613 -0.00791    -6.27416 -0.01010 -0.00573   -7.07923      True
   blk_core     reclasso       2000              2000    11:00 deck period  1116 2020-01-03           0.14160       0.15373 -0.01213    -7.88899 -0.01733 -0.00659   -4.56595      True
   blk_core     reclasso       2000              2000    11:30      common  4216 2007-12-21           0.12410       0.13206 -0.00795    -6.02361 -0.01048 -0.00519   -6.15954      True
   blk_core     reclasso       2000              2000    11:30 deck period  1116 2020-01-03           0.13466       0.15130 -0.01665   -11.00149 -0.02193 -0.01121   -6.59494      True
   blk_core     reclasso       2000              2000    12:00      common  4178 2007-12-21           0.12727       0.13455 -0.00728    -5.41024 -0.01067 -0.00318   -3.79036      True
   blk_core     reclasso       2000              2000    12:00 deck period  1116 2020-01-03           0.12844       0.14613 -0.01768   -12.10011 -0.02243 -0.01348   -7.96670      True
   blk_core     reclasso       2000              2000    12:30      common  4178 2007-12-21           0.13627       0.14403 -0.00776    -5.38723 -0.01038 -0.00493   -5.74872      True
   blk_core     reclasso       2000              2000    12:30 deck period  1116 2020-01-03           0.14499       0.15866 -0.01367    -8.61618 -0.01827 -0.00940   -6.55861      True
   blk_core     reclasso       2000              2000    13:00      common  4178 2007-12-21           0.14839       0.15501 -0.00662    -4.27056 -0.00898 -0.00425   -5.15570      True
   blk_core     reclasso       2000              2000    13:00 deck period  1116 2020-01-03           0.16262       0.17124 -0.00862    -5.03431 -0.01406 -0.00309   -2.67989      True
   blk_core     reclasso       2000              2000    13:30      common  4117 2007-12-21           0.14966       0.15745 -0.00779    -4.94991 -0.01019 -0.00553   -6.64183      True
   blk_core     reclasso       2000              2000    13:30 deck period  1088 2020-01-03           0.16776       0.17617 -0.00841    -4.77224 -0.01483 -0.00319   -3.28747      True
   blk_core     reclasso       2000              2000    14:00      common  4112 2007-12-21           0.14305       0.15064 -0.00759    -5.03887 -0.01076 -0.00405   -4.81076      True
   blk_core     reclasso       2000              2000    14:00 deck period  1088 2020-01-03           0.17543       0.18189 -0.00646    -3.55196 -0.01437  0.00432   -1.43569     False
   blk_core reclasticnet        500               500 all bars      common 40156 2001-10-11           0.12973       0.13573 -0.00600    -4.42410 -0.00845 -0.00474   -9.23663      True
   blk_core reclasticnet        500               500 all bars deck period  7756 2020-01-03           0.14557       0.15532 -0.00975    -6.27860 -0.01585 -0.00667   -6.03457      True
   blk_core reclasticnet        500               500    11:00      common  5797 2001-10-11           0.11285       0.11967 -0.00681    -5.69385 -0.00879 -0.00476   -6.94620      True
   blk_core reclasticnet        500               500    11:00 deck period  1116 2020-01-03           0.13733       0.14719 -0.00987    -6.70372 -0.01540 -0.00389   -3.51276      True
   blk_core reclasticnet        500               500    11:30      common  5799 2001-10-11           0.11855       0.12439 -0.00584    -4.69709 -0.00813 -0.00349   -5.03773      True
   blk_core reclasticnet        500               500    11:30 deck period  1116 2020-01-03           0.13031       0.14238 -0.01207    -8.48062 -0.01751 -0.00658   -4.35009      True
   blk_core reclasticnet        500               500    12:00      common  5738 2001-10-11           0.12285       0.12852 -0.00567    -4.41124 -0.00935 -0.00021   -2.34920      True
   blk_core reclasticnet        500               500    12:00 deck period  1116 2020-01-03           0.12150       0.13734 -0.01585   -11.53721 -0.02173 -0.00988   -5.69615      True
   blk_core reclasticnet        500               500    12:30      common  5738 2001-10-11           0.13840       0.14418 -0.00579    -4.01467 -0.00883 -0.00249   -3.74506      True
   blk_core reclasticnet        500               500    12:30 deck period  1116 2020-01-03           0.13383       0.14925 -0.01542   -10.33346 -0.02047 -0.01040   -6.22853      True
   blk_core reclasticnet        500               500    13:00      common  5738 2001-10-11           0.13760       0.14393 -0.00633    -4.39687 -0.00870 -0.00408   -5.58355      True
   blk_core reclasticnet        500               500    13:00 deck period  1116 2020-01-03           0.15754       0.16585 -0.00831    -5.01117 -0.01636  0.00000   -2.18446     False
   blk_core reclasticnet        500               500    13:30      common  5677 2001-10-11           0.14191       0.14919 -0.00728    -4.87661 -0.00948 -0.00510   -6.93715      True
   blk_core reclasticnet        500               500    13:30 deck period  1088 2020-01-03           0.16851       0.17298 -0.00447    -2.58442 -0.01219  0.00330   -1.26652     False
   blk_core reclasticnet        500               500    14:00      common  5669 2001-10-11           0.13643       0.14073 -0.00430    -3.05750 -0.00706 -0.00072   -2.95017      True
   blk_core reclasticnet        500               500    14:00 deck period  1088 2020-01-03           0.17119       0.17313 -0.00194    -1.12218 -0.01190  0.01200   -0.33049     False
   blk_core reclasticnet       2000               500 all bars      common 29656 2007-09-19           0.13501       0.14036 -0.00535    -3.81122 -0.00765 -0.00358   -8.05783      True
   blk_core reclasticnet       2000               500 all bars deck period  7756 2020-01-03           0.15100       0.15532 -0.00432    -2.77979 -0.00891 -0.00169   -3.46646      True
   blk_core reclasticnet       2000               500    11:00      common  4282 2007-09-20           0.11800       0.12482 -0.00682    -5.46509 -0.00914 -0.00452   -5.78678      True
   blk_core reclasticnet       2000               500    11:00 deck period  1116 2020-01-03           0.14253       0.14719 -0.00466    -3.16670 -0.00933  0.00029   -1.95015     False
   blk_core reclasticnet       2000               500    11:30      common  4282 2007-09-20           0.12419       0.12952 -0.00533    -4.11417 -0.00833 -0.00207   -3.60763      True
   blk_core reclasticnet       2000               500    11:30 deck period  1116 2020-01-03           0.13493       0.14238 -0.00745    -5.23090 -0.01261 -0.00263   -3.21520      True
   blk_core reclasticnet       2000               500    12:00      common  4243 2007-09-20           0.12689       0.13125 -0.00436    -3.32305 -0.00805 -0.00024   -2.14015      True
   blk_core reclasticnet       2000               500    12:00 deck period  1116 2020-01-03           0.12868       0.13734 -0.00866    -6.30384 -0.01352 -0.00403   -4.15164      True
   blk_core reclasticnet       2000               500    12:30      common  4244 2007-09-19           0.13586       0.14096 -0.00510    -3.61761 -0.00803 -0.00200   -3.35957      True
   blk_core reclasticnet       2000               500    12:30 deck period  1116 2020-01-03           0.14496       0.14925 -0.00430    -2.88045 -0.00882  0.00021   -1.94900     False
   blk_core reclasticnet       2000               500    13:00      common  4244 2007-09-19           0.14914       0.15368 -0.00455    -2.95769 -0.00721 -0.00196   -3.53832      True
   blk_core reclasticnet       2000               500    13:00 deck period  1116 2020-01-03           0.16332       0.16585 -0.00253    -1.52548 -0.00729  0.00225   -1.09297     False
   blk_core reclasticnet       2000               500    13:30      common  4183 2007-09-19           0.14969       0.15635 -0.00665    -4.25530 -0.00904 -0.00432   -5.71548      True
   blk_core reclasticnet       2000               500    13:30 deck period  1088 2020-01-03           0.16814       0.17298 -0.00484    -2.79746 -0.00981  0.00020   -2.18357     False
   blk_core reclasticnet       2000               500    14:00      common  4178 2007-09-19           0.14189       0.14652 -0.00463    -3.16101 -0.00776 -0.00095   -2.72071      True
   blk_core reclasticnet       2000               500    14:00 deck period  1088 2020-01-03           0.17550       0.17313  0.00237     1.36689 -0.00600  0.01391    0.47041     False
   blk_core reclasticnet       2000              2000 all bars      common 29195 2007-12-21           0.13537       0.14242 -0.00706    -4.95509 -0.00932 -0.00553  -10.96575      True
   blk_core reclasticnet       2000              2000 all bars deck period  7756 2020-01-03           0.15100       0.16227 -0.01127    -6.94531 -0.01673 -0.00901   -8.26606      True
   blk_core reclasticnet       2000              2000    11:00      common  4216 2007-12-21           0.11835       0.12615 -0.00779    -6.17755 -0.01001 -0.00560   -6.88259      True
   blk_core reclasticnet       2000              2000    11:00 deck period  1116 2020-01-03           0.14253       0.15388 -0.01135    -7.37651 -0.01647 -0.00571   -4.24888      True
   blk_core reclasticnet       2000              2000    11:30      common  4216 2007-12-21           0.12420       0.13193 -0.00773    -5.86027 -0.01041 -0.00472   -5.36425      True
   blk_core reclasticnet       2000              2000    11:30 deck period  1116 2020-01-03           0.13493       0.15101 -0.01608   -10.64732 -0.02126 -0.01079   -6.31500      True
   blk_core reclasticnet       2000              2000    12:00      common  4178 2007-12-21           0.12722       0.13419 -0.00697    -5.19266 -0.01036 -0.00277   -3.63381      True
   blk_core reclasticnet       2000              2000    12:00 deck period  1116 2020-01-03           0.12868       0.14556 -0.01688   -11.59488 -0.02162 -0.01280   -7.56200      True
   blk_core reclasticnet       2000              2000    12:30      common  4178 2007-12-21           0.13653       0.14368 -0.00715    -4.97883 -0.00981 -0.00419   -5.21617      True
   blk_core reclasticnet       2000              2000    12:30 deck period  1116 2020-01-03           0.14496       0.15806 -0.01311    -8.29202 -0.01753 -0.00873   -6.33426      True
   blk_core reclasticnet       2000              2000    13:00      common  4178 2007-12-21           0.14912       0.15465 -0.00553    -3.57398 -0.00784 -0.00308   -4.29091      True
   blk_core reclasticnet       2000              2000    13:00 deck period  1116 2020-01-03           0.16332       0.17095 -0.00762    -4.46034 -0.01271 -0.00255   -2.46558      True
   blk_core reclasticnet       2000              2000    13:30      common  4117 2007-12-21           0.14981       0.15681 -0.00700    -4.46226 -0.00934 -0.00464   -5.90769      True
   blk_core reclasticnet       2000              2000    13:30 deck period  1088 2020-01-03           0.16814       0.17538 -0.00724    -4.13027 -0.01375 -0.00149   -2.65641      True
   blk_core reclasticnet       2000              2000    14:00      common  4112 2007-12-21           0.14292       0.15013 -0.00722    -4.80845 -0.01043 -0.00376   -4.56497      True
   blk_core reclasticnet       2000              2000    14:00 deck period  1088 2020-01-03           0.17550       0.18189 -0.00639    -3.51119 -0.01400  0.00446   -1.43003     False
   blk_core        ridge        500               500 all bars      common 40156 2001-10-11           0.12978       0.13564 -0.00586    -4.31683 -0.00811 -0.00464  -10.12638      True
   blk_core        ridge        500               500 all bars deck period  7756 2020-01-03           0.14645       0.15529 -0.00884    -5.69095 -0.01500 -0.00566   -5.98911      True
   blk_core        ridge        500               500    11:00      common  5797 2001-10-11           0.11312       0.11960 -0.00649    -5.42520 -0.00850 -0.00453   -6.60666      True
   blk_core        ridge        500               500    11:00 deck period  1116 2020-01-03           0.13988       0.14754 -0.00766    -5.19271 -0.01361 -0.00166   -2.73905      True
   blk_core        ridge        500               500    11:30      common  5799 2001-10-11           0.11865       0.12458 -0.00594    -4.76539 -0.00819 -0.00367   -5.49313      True
   blk_core        ridge        500               500    11:30 deck period  1116 2020-01-03           0.13145       0.14280 -0.01136    -7.95235 -0.01637 -0.00592   -4.33564      True
   blk_core        ridge        500               500    12:00      common  5738 2001-10-11           0.12323       0.12859 -0.00536    -4.16820 -0.00828 -0.00140   -2.99856      True
   blk_core        ridge        500               500    12:00 deck period  1116 2020-01-03           0.12465       0.13755 -0.01290    -9.37964 -0.01880 -0.00716   -4.77839      True
   blk_core        ridge        500               500    12:30      common  5738 2001-10-11           0.13834       0.14408 -0.00574    -3.98297 -0.00867 -0.00244   -3.80338      True
   blk_core        ridge        500               500    12:30 deck period  1116 2020-01-03           0.13511       0.15024 -0.01513   -10.07337 -0.02029 -0.01027   -6.36873      True
   blk_core        ridge        500               500    13:00      common  5738 2001-10-11           0.13745       0.14359 -0.00614    -4.27655 -0.00832 -0.00408   -5.81233      True
   blk_core        ridge        500               500    13:00 deck period  1116 2020-01-03           0.15557       0.16454 -0.00897    -5.44930 -0.01631 -0.00202   -2.75430      True
   blk_core        ridge        500               500    13:30      common  5677 2001-10-11           0.14132       0.14867 -0.00735    -4.94278 -0.00935 -0.00541   -7.44109      True
   blk_core        ridge        500               500    13:30 deck period  1088 2020-01-03           0.16615       0.17143 -0.00528    -3.07879 -0.01171  0.00103   -1.75603     False
   blk_core        ridge        500               500    14:00      common  5669 2001-10-11           0.13685       0.14081 -0.00396    -2.81107 -0.00670 -0.00068   -2.96156      True
   blk_core        ridge        500               500    14:00 deck period  1088 2020-01-03           0.17350       0.17376 -0.00026    -0.14824 -0.00956  0.01222   -0.05065     False
   blk_core        ridge       2000               500 all bars      common 29656 2007-09-19           0.13448       0.14012 -0.00565    -4.03031 -0.00789 -0.00389   -8.40719      True
   blk_core        ridge       2000               500 all bars deck period  7756 2020-01-03           0.15002       0.15529 -0.00526    -3.38932 -0.01042 -0.00260   -4.13022      True
   blk_core        ridge       2000               500    11:00      common  4282 2007-09-20           0.11763       0.12464 -0.00701    -5.62673 -0.00938 -0.00460   -5.79548      True
   blk_core        ridge       2000               500    11:00 deck period  1116 2020-01-03           0.14036       0.14754 -0.00718    -4.86658 -0.01218 -0.00174   -2.84135      True
   blk_core        ridge       2000               500    11:30      common  4282 2007-09-20           0.12340       0.12951 -0.00611    -4.71454 -0.00880 -0.00336   -4.66143      True
   blk_core        ridge       2000               500    11:30 deck period  1116 2020-01-03           0.13413       0.14280 -0.00867    -6.07187 -0.01438 -0.00345   -3.58480      True
   blk_core        ridge       2000               500    12:00      common  4243 2007-09-20           0.12668       0.13114 -0.00447    -3.40659 -0.00800 -0.00036   -2.25888      True
   blk_core        ridge       2000               500    12:00 deck period  1116 2020-01-03           0.12811       0.13755 -0.00944    -6.86550 -0.01399 -0.00491   -4.56492      True
   blk_core        ridge       2000               500    12:30      common  4244 2007-09-19           0.13511       0.14091 -0.00580    -4.11813 -0.00875 -0.00274   -3.92513      True
   blk_core        ridge       2000               500    12:30 deck period  1116 2020-01-03           0.14472       0.15024 -0.00552    -3.67484 -0.00997 -0.00097   -2.73887      True
   blk_core        ridge       2000               500    13:00      common  4244 2007-09-19           0.14831       0.15321 -0.00490    -3.19524 -0.00768 -0.00224   -3.61617      True
   blk_core        ridge       2000               500    13:00 deck period  1116 2020-01-03           0.16163       0.16454 -0.00291    -1.77054 -0.00847  0.00278   -1.02362     False
   blk_core        ridge       2000               500    13:30      common  4183 2007-09-19           0.14863       0.15550 -0.00687    -4.41540 -0.00918 -0.00459   -5.87048      True
   blk_core        ridge       2000               500    13:30 deck period  1088 2020-01-03           0.16699       0.17143 -0.00444    -2.58909 -0.00966  0.00108   -1.64314     False
   blk_core        ridge       2000               500    14:00      common  4178 2007-09-19           0.14215       0.14651 -0.00436    -2.97746 -0.00732 -0.00127   -2.82825      True
   blk_core        ridge       2000               500    14:00 deck period  1088 2020-01-03           0.17527       0.17376  0.00152     0.87279 -0.00600  0.01075    0.35727     False
   blk_core        ridge       2000              2000 all bars      common 29195 2007-12-21           0.13482       0.14143 -0.00661    -4.67487 -0.00879 -0.00519  -10.79358      True
   blk_core        ridge       2000              2000 all bars deck period  7756 2020-01-03           0.15002       0.16137 -0.01135    -7.03312 -0.01689 -0.00956   -8.74916      True
   blk_core        ridge       2000              2000    11:00      common  4216 2007-12-21           0.11805       0.12566 -0.00761    -6.05969 -0.00978 -0.00547   -6.91490      True
   blk_core        ridge       2000              2000    11:00 deck period  1116 2020-01-03           0.14036       0.15384 -0.01347    -8.75800 -0.01834 -0.00793   -5.17778      True
   blk_core        ridge       2000              2000    11:30      common  4216 2007-12-21           0.12326       0.13117 -0.00791    -6.03276 -0.01023 -0.00549   -6.70059      True
   blk_core        ridge       2000              2000    11:30 deck period  1116 2020-01-03           0.13413       0.15049 -0.01636   -10.87194 -0.02186 -0.01132   -6.61302      True
   blk_core        ridge       2000              2000    12:00      common  4178 2007-12-21           0.12705       0.13352 -0.00647    -4.84723 -0.00981 -0.00267   -3.58366      True
   blk_core        ridge       2000              2000    12:00 deck period  1116 2020-01-03           0.12811       0.14458 -0.01647   -11.39394 -0.02089 -0.01267   -7.82307      True
   blk_core        ridge       2000              2000    12:30      common  4178 2007-12-21           0.13578       0.14238 -0.00660    -4.63788 -0.00917 -0.00387   -5.11920      True
   blk_core        ridge       2000              2000    12:30 deck period  1116 2020-01-03           0.14472       0.15701 -0.01229    -7.82598 -0.01655 -0.00807   -6.01403      True
   blk_core        ridge       2000              2000    13:00      common  4178 2007-12-21           0.14837       0.15336 -0.00499    -3.25626 -0.00736 -0.00245   -3.84598      True
   blk_core        ridge       2000              2000    13:00 deck period  1116 2020-01-03           0.16163       0.16944 -0.00781    -4.60954 -0.01307 -0.00266   -2.52466      True
   blk_core        ridge       2000              2000    13:30      common  4117 2007-12-21           0.14865       0.15509 -0.00644    -4.15418 -0.00856 -0.00444   -6.19952      True
   blk_core        ridge       2000              2000    13:30 deck period  1088 2020-01-03           0.16699       0.17376 -0.00678    -3.90006 -0.01234 -0.00179   -2.90127      True
   blk_core        ridge       2000              2000    14:00      common  4112 2007-12-21           0.14320       0.14941 -0.00621    -4.15840 -0.00878 -0.00354   -4.85238      True
   blk_core        ridge       2000              2000    14:00 deck period  1088 2020-01-03           0.17527       0.18129 -0.00601    -3.31778 -0.01225  0.00159   -1.75995     False
   blk_open     reclasso        500               500 all bars      common  9363 2006-03-02           0.13243       0.13080  0.00162     1.23992 -0.00253  0.00840    0.57441     False
   blk_open     reclasso        500               500 all bars deck period  2232 2020-01-03           0.14769       0.13688  0.01081     7.89935 -0.00519  0.03660    0.97218     False
   blk_open     reclasso        500               500    10:00      common  4681 2006-03-03           0.11425       0.11327  0.00097     0.86069 -0.00567  0.01307    0.19235     False
   blk_open     reclasso        500               500    10:00 deck period  1116 2020-01-03           0.13490       0.11758  0.01732    14.73454 -0.00739  0.06120    0.83376     False
   blk_open     reclasso        500               500    10:30      common  4682 2006-03-02           0.15060       0.14833  0.00227     1.52946 -0.00077  0.00548    1.39348     False
   blk_open     reclasso        500               500    10:30 deck period  1116 2020-01-03           0.16048       0.15618  0.00430     2.75376 -0.00491  0.01466    0.97744     False
   blk_open     reclasso       2000               500 all bars      common  6363 2011-12-23           0.13174       0.13311 -0.00137    -1.02729 -0.00479  0.00276   -0.76728     False
   blk_open     reclasso       2000               500 all bars deck period  2232 2020-01-03           0.13778       0.13688  0.00090     0.65800 -0.00682  0.01102    0.23406     False
   blk_open     reclasso       2000               500    10:00      common  3181 2011-12-27           0.11246       0.11699 -0.00453    -3.87546 -0.00966  0.00245   -1.62631     False
   blk_open     reclasso       2000               500    10:00 deck period  1116 2020-01-03           0.11950       0.11758  0.00193     1.64070 -0.00957  0.01962    0.29222     False
   blk_open     reclasso       2000               500    10:30      common  3182 2011-12-23           0.15102       0.14923  0.00180     1.20495 -0.00206  0.00585    0.85141     False
   blk_open     reclasso       2000               500    10:30 deck period  1116 2020-01-03           0.15606       0.15618 -0.00013    -0.08179 -0.00729  0.00601   -0.03847     False
   blk_open     reclasso       2000              2000 all bars      common  6363 2011-12-23           0.13174       0.13300 -0.00125    -0.94136 -0.00429  0.00230   -0.78254     False
   blk_open     reclasso       2000              2000 all bars deck period  2232 2020-01-03           0.13778       0.14133 -0.00355    -2.51516 -0.00970  0.00468   -1.06712     False
   blk_open     reclasso       2000              2000    10:00      common  3181 2011-12-27           0.11246       0.11592 -0.00347    -2.98913 -0.00816  0.00268   -1.36046     False
   blk_open     reclasso       2000              2000    10:00 deck period  1116 2020-01-03           0.11950       0.12109 -0.00158    -1.30746 -0.01153  0.01407   -0.26823     False
   blk_open     reclasso       2000              2000    10:30      common  3182 2011-12-23           0.15102       0.15006  0.00096     0.64004 -0.00250  0.00451    0.51129     False
   blk_open     reclasso       2000              2000    10:30 deck period  1116 2020-01-03           0.15606       0.16158 -0.00553    -3.42020 -0.01028 -0.00095   -2.46537      True
   blk_open reclasticnet        500               500 all bars      common  9363 2006-03-02           0.13059       0.13048  0.00011     0.08107 -0.00359  0.00596    0.04457     False
   blk_open reclasticnet        500               500 all bars deck period  2232 2020-01-03           0.14196       0.13607  0.00589     4.33101 -0.00767  0.02744    0.64771     False
   blk_open reclasticnet        500               500    10:00      common  4681 2006-03-03           0.11228       0.11277 -0.00049    -0.43220 -0.00633  0.00958   -0.11562     False
   blk_open reclasticnet        500               500    10:00 deck period  1116 2020-01-03           0.12747       0.11652  0.01094     9.39160 -0.00985  0.04712    0.64501     False
   blk_open reclasticnet        500               500    10:30      common  4682 2006-03-02           0.14890       0.14820  0.00070     0.47156 -0.00231  0.00378    0.45565     False
   blk_open reclasticnet        500               500    10:30 deck period  1116 2020-01-03           0.15646       0.15562  0.00084     0.54170 -0.00723  0.01003    0.21852     False
   blk_open reclasticnet       2000               500 all bars      common  6363 2011-12-23           0.13119       0.13274 -0.00154    -1.16263 -0.00516  0.00294   -0.84052     False
   blk_open reclasticnet       2000               500 all bars deck period  2232 2020-01-03           0.13754       0.13607  0.00147     1.08083 -0.00656  0.01245    0.36624     False
   blk_open reclasticnet       2000               500    10:00      common  3181 2011-12-27           0.11188       0.11640 -0.00452    -3.88684 -0.00994  0.00307   -1.52052     False
   blk_open reclasticnet       2000               500    10:00 deck period  1116 2020-01-03           0.11940       0.11652  0.00287     2.46698 -0.00942  0.02277    0.40256     False
   blk_open reclasticnet       2000               500    10:30      common  3182 2011-12-23           0.15050       0.14907  0.00144     0.96395 -0.00240  0.00534    0.68013     False
   blk_open reclasticnet       2000               500    10:30 deck period  1116 2020-01-03           0.15568       0.15562  0.00007     0.04290 -0.00697  0.00598    0.02079     False
   blk_open reclasticnet       2000              2000 all bars      common  6363 2011-12-23           0.13119       0.13300 -0.00180    -1.35499 -0.00496  0.00192   -1.08845     False
   blk_open reclasticnet       2000              2000 all bars deck period  2232 2020-01-03           0.13754       0.14137 -0.00383    -2.70849 -0.01036  0.00472   -1.09884     False
   blk_open reclasticnet       2000              2000    10:00      common  3181 2011-12-27           0.11188       0.11585 -0.00397    -3.43016 -0.00888  0.00274   -1.46236     False
   blk_open reclasticnet       2000              2000    10:00 deck period  1116 2020-01-03           0.11940       0.12094 -0.00154    -1.27421 -0.01213  0.01509   -0.24296     False
   blk_open reclasticnet       2000              2000    10:30      common  3182 2011-12-23           0.15050       0.15014  0.00037     0.24580 -0.00316  0.00404    0.19447     False
   blk_open reclasticnet       2000              2000    10:30 deck period  1116 2020-01-03           0.15568       0.16180 -0.00612    -3.78057 -0.01072 -0.00162   -2.72284      True
   blk_open        ridge        500               500 all bars      common  9363 2006-03-02           0.13063       0.13074 -0.00010    -0.07983 -0.00386  0.00565   -0.04391     False
   blk_open        ridge        500               500 all bars deck period  2232 2020-01-03           0.14172       0.13721  0.00451     3.28798 -0.00824  0.02569    0.49377     False
   blk_open        ridge        500               500    10:00      common  4681 2006-03-03           0.11210       0.11259 -0.00049    -0.43175 -0.00623  0.01018   -0.11310     False
   blk_open        ridge        500               500    10:00 deck period  1116 2020-01-03           0.12784       0.11711  0.01073     9.16027 -0.01005  0.04716    0.61711     False
   blk_open        ridge        500               500    10:30      common  4682 2006-03-02           0.14916       0.14888  0.00028     0.18624 -0.00262  0.00327    0.18661     False
   blk_open        ridge        500               500    10:30 deck period  1116 2020-01-03           0.15560       0.15730 -0.00171    -1.08402 -0.00850  0.00570   -0.51334     False
   blk_open        ridge       2000               500 all bars      common  6363 2011-12-23           0.13037       0.13313 -0.00277    -2.08030 -0.00620  0.00141   -1.59563     False
   blk_open        ridge       2000               500 all bars deck period  2232 2020-01-03           0.13654       0.13721 -0.00067    -0.49141 -0.00829  0.00984   -0.17722     False
   blk_open        ridge       2000               500    10:00      common  3181 2011-12-27           0.11188       0.11626 -0.00438    -3.76870 -0.00956  0.00289   -1.55931     False
   blk_open        ridge       2000               500    10:00 deck period  1116 2020-01-03           0.11839       0.11711  0.00127     1.08517 -0.01060  0.02012    0.18774     False
   blk_open        ridge       2000               500    10:30      common  3182 2011-12-23           0.14884       0.15000 -0.00116    -0.77205 -0.00493  0.00270   -0.57222     False
   blk_open        ridge       2000               500    10:30 deck period  1116 2020-01-03           0.15468       0.15730 -0.00262    -1.66519 -0.00973  0.00327   -0.81932     False
   blk_open        ridge       2000              2000 all bars      common  6363 2011-12-23           0.13037       0.13229 -0.00193    -1.45657 -0.00495  0.00166   -1.19271     False
   blk_open        ridge       2000              2000 all bars deck period  2232 2020-01-03           0.13654       0.14071 -0.00417    -2.96483 -0.01061  0.00450   -1.17822     False
   blk_open        ridge       2000              2000    10:00      common  3181 2011-12-27           0.11188       0.11489 -0.00301    -2.61604 -0.00768  0.00383   -1.11524     False
   blk_open        ridge       2000              2000    10:00 deck period  1116 2020-01-03           0.11839       0.11985 -0.00146    -1.21895 -0.01231  0.01567   -0.22219     False
   blk_open        ridge       2000              2000    10:30      common  3182 2011-12-23           0.14884       0.14969 -0.00085    -0.56697 -0.00415  0.00280   -0.46017     False
   blk_open        ridge       2000              2000    10:30 deck period  1116 2020-01-03           0.15468       0.16157 -0.00688    -4.25988 -0.01187 -0.00210   -2.83996      True
blk_release     reclasso        500               500 all bars      common  9081 2006-04-04           0.20944       0.22639 -0.01695    -7.48575 -0.02193 -0.01227   -7.27463      True
blk_release     reclasso        500               500 all bars deck period  2174 2020-01-03           0.23946       0.27457 -0.03511   -12.78638 -0.04955 -0.02319   -5.18822      True
blk_release     reclasso        500               500    14:30      common  4541 2006-04-05           0.25295       0.28616 -0.03321   -11.60568 -0.04137 -0.02525   -8.90212      True
blk_release     reclasso        500               500    14:30 deck period  1087 2020-01-03           0.28277       0.34393 -0.06117   -17.78416 -0.08495 -0.04280   -5.62335      True
blk_release     reclasso        500               500    15:00      common  4540 2006-04-04           0.16593       0.16661 -0.00068    -0.40776 -0.00553  0.00386   -0.31051     False
blk_release     reclasso        500               500    15:00 deck period  1087 2020-01-03           0.19615       0.20520 -0.00905    -4.40982 -0.01849  0.00056   -1.85977     False
blk_release     reclasso       2000               500 all bars      common  6081 2012-03-22           0.22439       0.23954 -0.01514    -6.32236 -0.02033 -0.00960   -5.52606      True
blk_release     reclasso       2000               500 all bars deck period  2174 2020-01-03           0.24686       0.27457 -0.02771   -10.09124 -0.03817 -0.01851   -5.00754      True
blk_release     reclasso       2000               500    14:30      common  3041 2012-03-22           0.26424       0.30371 -0.03947   -12.99675 -0.04869 -0.03093   -8.92684      True
blk_release     reclasso       2000               500    14:30 deck period  1087 2020-01-03           0.28524       0.34393 -0.05870   -17.06636 -0.07599 -0.04393   -6.49358      True
blk_release     reclasso       2000               500    15:00      common  3040 2012-03-22           0.18453       0.17534  0.00919     5.24229  0.00406  0.01439    3.59134     False
blk_release     reclasso       2000               500    15:00 deck period  1087 2020-01-03           0.20849       0.20520  0.00328     1.59941 -0.00595  0.01189    0.71097     False
blk_release     reclasso       2000              2000 all bars      common  6081 2012-03-22           0.22439       0.23972 -0.01533    -6.39348 -0.02042 -0.00977   -6.67345      True
blk_release     reclasso       2000              2000 all bars deck period  2174 2020-01-03           0.24686       0.27715 -0.03029   -10.92796 -0.03791 -0.02303   -8.11260      True
blk_release     reclasso       2000              2000    14:30      common  3041 2012-03-22           0.26424       0.30017 -0.03593   -11.96916 -0.04353 -0.02869  -10.03676      True
blk_release     reclasso       2000              2000    14:30 deck period  1087 2020-01-03           0.28524       0.33640 -0.05117   -15.20995 -0.06215 -0.04044   -8.92971      True
blk_release     reclasso       2000              2000    15:00      common  3040 2012-03-22           0.18453       0.17925  0.00528     2.94639 -0.00044  0.01090    2.04751     False
blk_release     reclasso       2000              2000    15:00 deck period  1087 2020-01-03           0.20849       0.21789 -0.00941    -4.31702 -0.01819 -0.00117   -2.26087      True
blk_release reclasticnet        500               500 all bars      common  9081 2006-04-04           0.21020       0.22588 -0.01568    -6.94371 -0.02051 -0.01127   -7.18229      True
blk_release reclasticnet        500               500 all bars deck period  2174 2020-01-03           0.24507       0.27368 -0.02860   -10.45101 -0.04073 -0.01800   -5.11182      True
blk_release reclasticnet        500               500    14:30      common  4541 2006-04-05           0.25373       0.28588 -0.03215   -11.24596 -0.03953 -0.02515   -9.22382      True
blk_release reclasticnet        500               500    14:30 deck period  1087 2020-01-03           0.29370       0.34280 -0.04910   -14.32254 -0.06832 -0.03329   -5.57942      True
blk_release reclasticnet        500               500    15:00      common  4540 2006-04-04           0.16666       0.16587  0.00078     0.47279 -0.00398  0.00518    0.36426     False
blk_release reclasticnet        500               500    15:00 deck period  1087 2020-01-03           0.19645       0.20456 -0.00811    -3.96301 -0.01754  0.00079   -1.75693     False
blk_release reclasticnet       2000               500 all bars      common  6081 2012-03-22           0.22306       0.23889 -0.01583    -6.62619 -0.02116 -0.01034   -5.83416      True
blk_release reclasticnet       2000               500 all bars deck period  2174 2020-01-03           0.24554       0.27368 -0.02814   -10.28184 -0.03865 -0.01905   -5.24229      True
blk_release reclasticnet       2000               500    14:30      common  3041 2012-03-22           0.26265       0.30303 -0.04038   -13.32530 -0.04937 -0.03183   -9.27781      True
blk_release reclasticnet       2000               500    14:30 deck period  1087 2020-01-03           0.28342       0.34280 -0.05938   -17.32169 -0.07636 -0.04462   -6.77274      True
blk_release reclasticnet       2000               500    15:00      common  3040 2012-03-22           0.18345       0.17472  0.00873     4.99675  0.00353  0.01403    3.38805     False
blk_release reclasticnet       2000               500    15:00 deck period  1087 2020-01-03           0.20766       0.20456  0.00310     1.51571 -0.00601  0.01179    0.67031     False
blk_release reclasticnet       2000              2000 all bars      common  6081 2012-03-22           0.22306       0.23929 -0.01623    -6.78195 -0.02163 -0.01067   -6.88584      True
blk_release reclasticnet       2000              2000 all bars deck period  2174 2020-01-03           0.24554       0.27746 -0.03193   -11.50624 -0.04018 -0.02401   -8.18941      True
blk_release reclasticnet       2000              2000    14:30      common  3041 2012-03-22           0.26265       0.30016 -0.03750   -12.49440 -0.04520 -0.02999  -10.24273      True
blk_release reclasticnet       2000              2000    14:30 deck period  1087 2020-01-03           0.28342       0.33743 -0.05401   -16.00601 -0.06616 -0.04247   -8.96149      True
blk_release reclasticnet       2000              2000    15:00      common  3040 2012-03-22           0.18345       0.17839  0.00505     2.83269 -0.00078  0.01082    1.90792     False
blk_release reclasticnet       2000              2000    15:00 deck period  1087 2020-01-03           0.20766       0.21750 -0.00984    -4.52525 -0.01907 -0.00078   -2.28320      True
blk_release        ridge        500               500 all bars      common  9081 2006-04-04           0.20825       0.22512 -0.01687    -7.49507 -0.02208 -0.01231   -7.10724      True
blk_release        ridge        500               500 all bars deck period  2174 2020-01-03           0.23929       0.27319 -0.03389   -12.40711 -0.04911 -0.02161   -4.76479      True
blk_release        ridge        500               500    14:30      common  4541 2006-04-05           0.24940       0.28478 -0.03538   -12.42247 -0.04352 -0.02791   -9.36814      True
blk_release        ridge        500               500    14:30 deck period  1087 2020-01-03           0.28126       0.34234 -0.06108   -17.84222 -0.08644 -0.04105   -5.26904      True
blk_release        ridge        500               500    15:00      common  4540 2006-04-04           0.16708       0.16545  0.00164     0.98830 -0.00312  0.00591    0.74015     False
blk_release        ridge        500               500    15:00 deck period  1087 2020-01-03           0.19733       0.20404 -0.00671    -3.28798 -0.01571  0.00202   -1.35404     False
blk_release        ridge       2000               500 all bars      common  6081 2012-03-22           0.22193       0.23813 -0.01620    -6.80343 -0.02176 -0.01067   -5.77439      True
blk_release        ridge       2000               500 all bars deck period  2174 2020-01-03           0.24313       0.27319 -0.03006   -11.00180 -0.04176 -0.01966   -5.06420      True
blk_release        ridge       2000               500    14:30      common  3041 2012-03-22           0.26033       0.30214 -0.04181   -13.83758 -0.05100 -0.03321   -9.35317      True
blk_release        ridge       2000               500    14:30 deck period  1087 2020-01-03           0.28035       0.34234 -0.06198   -18.10537 -0.08203 -0.04528   -6.30341      True
blk_release        ridge       2000               500    15:00      common  3040 2012-03-22           0.18351       0.17409  0.00942     5.40865  0.00436  0.01442    3.76776     False
blk_release        ridge       2000               500    15:00 deck period  1087 2020-01-03           0.20591       0.20404  0.00187     0.91672 -0.00696  0.01043    0.41025     False
blk_release        ridge       2000              2000 all bars      common  6081 2012-03-22           0.22193       0.23816 -0.01623    -6.81495 -0.02151 -0.01082   -6.87464      True
blk_release        ridge       2000              2000 all bars deck period  2174 2020-01-03           0.24313       0.27741 -0.03428   -12.35682 -0.04359 -0.02528   -8.11995      True
blk_release        ridge       2000              2000    14:30      common  3041 2012-03-22           0.26033       0.29949 -0.03916   -13.07490 -0.04663 -0.03202  -10.99675      True
blk_release        ridge       2000              2000    14:30 deck period  1087 2020-01-03           0.28035       0.33863 -0.05828   -17.20923 -0.07234 -0.04536   -8.90591      True
blk_release        ridge       2000              2000    15:00      common  3040 2012-03-22           0.18351       0.17680  0.00671     3.79251  0.00103  0.01235    2.57466     False
blk_release        ridge       2000              2000    15:00 deck period  1087 2020-01-03           0.20591       0.21619 -0.01028    -4.75618 -0.01885 -0.00155   -2.42450      True

wrote /u/scratch/j/jamesdc1/harxhar-subsection/results/linear_subsection/implied_vol/subsection_vs_pooled.csv

15:30 sign(s) trade with each arm's forecast (deck ridge: 1.338 mid / 0.870 crossed)
  segment    estimator  train_win  deck_days  pct_buy  Sharpe_mid  Sharpe_crossed  ridge_Sharpe_mid_same_days
  bar1600     reclasso        500        866  33.2564      1.5926          1.1178                      1.3383
  bar1600     reclasso       2000        866  33.3718      1.6370          1.1619                      1.3383
  bar1600 reclasticnet        500        866  34.2956      1.6953          1.2249                      1.3383
  bar1600 reclasticnet       2000        866  35.7968      1.8102          1.3390                      1.3383
  bar1600        ridge        500        866  35.6813      1.7123          1.2448                      1.3383
  bar1600        ridge       2000        866  33.8337      1.6426          1.1685                      1.3383
blk_close     reclasso        500        866  33.6028      0.9417          0.4679                      1.3383
blk_close     reclasso       2000        866  74.5958      0.3158         -0.1446                      1.3383
blk_close reclasticnet        500        866  34.0647      1.0836          0.6110                      1.3383
blk_close reclasticnet       2000        866  39.4919      0.8136          0.3443                      1.3383
blk_close        ridge        500        866  35.1039      0.8814          0.4090                      1.3383
blk_close        ridge       2000        866  39.7229      0.6892          0.2196                      1.3383
     none     reclasso        500        866  36.8360      0.8069          0.3363                      1.3383
     none     reclasso       2000        866  41.2240      1.1529          0.6827                      1.3383
     none reclasticnet        500        866  37.1824      0.8908          0.4206                      1.3383
     none reclasticnet       2000        866  41.8014      1.2541          0.7857                      1.3383
     none        ridge        500        866  36.1432      0.8824          0.4113                      1.3383
     none        ridge       2000        866  42.1478      1.1042          0.6351                      1.3383
