/u/home/j/jamesdc1/.conda/envs/hpc-pi/lib/python3.11/site-packages/pandas/core/arraylike.py:399: RuntimeWarning: divide by zero encountered in log
  result = getattr(ufunc, method)(*inputs, **kwargs)
/u/home/j/jamesdc1/.conda/envs/hpc-pi/lib/python3.11/site-packages/pandas/core/arraylike.py:399: RuntimeWarning: divide by zero encountered in log
  result = getattr(ufunc, method)(*inputs, **kwargs)
/u/home/j/jamesdc1/.conda/envs/hpc-pi/lib/python3.11/site-packages/pandas/core/arraylike.py:399: RuntimeWarning: divide by zero encountered in log
  result = getattr(ufunc, method)(*inputs, **kwargs)
/u/home/j/jamesdc1/.conda/envs/hpc-pi/lib/python3.11/site-packages/pandas/core/arraylike.py:399: RuntimeWarning: divide by zero encountered in log
  result = getattr(ufunc, method)(*inputs, **kwargs)
/u/home/j/jamesdc1/.conda/envs/hpc-pi/lib/python3.11/site-packages/pandas/core/arraylike.py:399: RuntimeWarning: divide by zero encountered in log
  result = getattr(ufunc, method)(*inputs, **kwargs)
/u/home/j/jamesdc1/.conda/envs/hpc-pi/lib/python3.11/site-packages/pandas/core/arraylike.py:399: RuntimeWarning: divide by zero encountered in log
  result = getattr(ufunc, method)(*inputs, **kwargs)
/u/home/j/jamesdc1/.conda/envs/hpc-pi/lib/python3.11/site-packages/pandas/core/arraylike.py:399: RuntimeWarning: divide by zero encountered in log
  result = getattr(ufunc, method)(*inputs, **kwargs)
/u/home/j/jamesdc1/.conda/envs/hpc-pi/lib/python3.11/site-packages/pandas/core/arraylike.py:399: RuntimeWarning: divide by zero encountered in log
  result = getattr(ufunc, method)(*inputs, **kwargs)
/u/home/j/jamesdc1/.conda/envs/hpc-pi/lib/python3.11/site-packages/pandas/core/arraylike.py:399: RuntimeWarning: divide by zero encountered in log
  result = getattr(ufunc, method)(*inputs, **kwargs)
/u/home/j/jamesdc1/.conda/envs/hpc-pi/lib/python3.11/site-packages/pandas/core/arraylike.py:399: RuntimeWarning: divide by zero encountered in log
  result = getattr(ufunc, method)(*inputs, **kwargs)
/u/home/j/jamesdc1/.conda/envs/hpc-pi/lib/python3.11/site-packages/pandas/core/arraylike.py:399: RuntimeWarning: divide by zero encountered in log
  result = getattr(ufunc, method)(*inputs, **kwargs)
/u/home/j/jamesdc1/.conda/envs/hpc-pi/lib/python3.11/site-packages/pandas/core/arraylike.py:399: RuntimeWarning: divide by zero encountered in log
  result = getattr(ufunc, method)(*inputs, **kwargs)
/u/home/j/jamesdc1/.conda/envs/hpc-pi/lib/python3.11/site-packages/pandas/core/arraylike.py:399: RuntimeWarning: divide by zero encountered in log
  result = getattr(ufunc, method)(*inputs, **kwargs)
/u/home/j/jamesdc1/.conda/envs/hpc-pi/lib/python3.11/site-packages/pandas/core/arraylike.py:399: RuntimeWarning: divide by zero encountered in log
  result = getattr(ufunc, method)(*inputs, **kwargs)
/u/home/j/jamesdc1/.conda/envs/hpc-pi/lib/python3.11/site-packages/pandas/core/arraylike.py:399: RuntimeWarning: divide by zero encountered in log
  result = getattr(ufunc, method)(*inputs, **kwargs)
/u/home/j/jamesdc1/.conda/envs/hpc-pi/lib/python3.11/site-packages/pandas/core/arraylike.py:399: RuntimeWarning: divide by zero encountered in log
  result = getattr(ufunc, method)(*inputs, **kwargs)
/u/home/j/jamesdc1/.conda/envs/hpc-pi/lib/python3.11/site-packages/pandas/core/arraylike.py:399: RuntimeWarning: divide by zero encountered in log
  result = getattr(ufunc, method)(*inputs, **kwargs)
/u/home/j/jamesdc1/.conda/envs/hpc-pi/lib/python3.11/site-packages/pandas/core/arraylike.py:399: RuntimeWarning: divide by zero encountered in log
  result = getattr(ufunc, method)(*inputs, **kwargs)
/u/home/j/jamesdc1/.conda/envs/hpc-pi/lib/python3.11/site-packages/pandas/core/arraylike.py:399: RuntimeWarning: divide by zero encountered in log
  result = getattr(ufunc, method)(*inputs, **kwargs)
/u/home/j/jamesdc1/.conda/envs/hpc-pi/lib/python3.11/site-packages/pandas/core/arraylike.py:399: RuntimeWarning: divide by zero encountered in log
  result = getattr(ufunc, method)(*inputs, **kwargs)
/u/home/j/jamesdc1/.conda/envs/hpc-pi/lib/python3.11/site-packages/pandas/core/arraylike.py:399: RuntimeWarning: divide by zero encountered in log
  result = getattr(ufunc, method)(*inputs, **kwargs)
/u/home/j/jamesdc1/.conda/envs/hpc-pi/lib/python3.11/site-packages/pandas/core/arraylike.py:399: RuntimeWarning: divide by zero encountered in log
  result = getattr(ufunc, method)(*inputs, **kwargs)
/u/home/j/jamesdc1/.conda/envs/hpc-pi/lib/python3.11/site-packages/pandas/core/arraylike.py:399: RuntimeWarning: divide by zero encountered in log
  result = getattr(ufunc, method)(*inputs, **kwargs)
/u/home/j/jamesdc1/.conda/envs/hpc-pi/lib/python3.11/site-packages/pandas/core/arraylike.py:399: RuntimeWarning: divide by zero encountered in log
  result = getattr(ufunc, method)(*inputs, **kwargs)
/u/home/j/jamesdc1/.conda/envs/hpc-pi/lib/python3.11/site-packages/pandas/core/arraylike.py:399: RuntimeWarning: divide by zero encountered in log
  result = getattr(ufunc, method)(*inputs, **kwargs)
/u/home/j/jamesdc1/.conda/envs/hpc-pi/lib/python3.11/site-packages/pandas/core/arraylike.py:399: RuntimeWarning: divide by zero encountered in log
  result = getattr(ufunc, method)(*inputs, **kwargs)
/u/home/j/jamesdc1/.conda/envs/hpc-pi/lib/python3.11/site-packages/pandas/core/arraylike.py:399: RuntimeWarning: divide by zero encountered in log
  result = getattr(ufunc, method)(*inputs, **kwargs)
/u/home/j/jamesdc1/.conda/envs/hpc-pi/lib/python3.11/site-packages/pandas/core/arraylike.py:399: RuntimeWarning: divide by zero encountered in log
  result = getattr(ufunc, method)(*inputs, **kwargs)
/u/home/j/jamesdc1/.conda/envs/hpc-pi/lib/python3.11/site-packages/pandas/core/arraylike.py:399: RuntimeWarning: divide by zero encountered in log
  result = getattr(ufunc, method)(*inputs, **kwargs)
/u/home/j/jamesdc1/.conda/envs/hpc-pi/lib/python3.11/site-packages/pandas/core/arraylike.py:399: RuntimeWarning: divide by zero encountered in log
  result = getattr(ufunc, method)(*inputs, **kwargs)
/u/home/j/jamesdc1/.conda/envs/hpc-pi/lib/python3.11/site-packages/pandas/core/arraylike.py:399: RuntimeWarning: divide by zero encountered in log
  result = getattr(ufunc, method)(*inputs, **kwargs)
/u/home/j/jamesdc1/.conda/envs/hpc-pi/lib/python3.11/site-packages/pandas/core/arraylike.py:399: RuntimeWarning: divide by zero encountered in log
  result = getattr(ufunc, method)(*inputs, **kwargs)
/u/home/j/jamesdc1/.conda/envs/hpc-pi/lib/python3.11/site-packages/pandas/core/arraylike.py:399: RuntimeWarning: divide by zero encountered in log
  result = getattr(ufunc, method)(*inputs, **kwargs)
/u/home/j/jamesdc1/.conda/envs/hpc-pi/lib/python3.11/site-packages/pandas/core/arraylike.py:399: RuntimeWarning: divide by zero encountered in log
  result = getattr(ufunc, method)(*inputs, **kwargs)
/u/home/j/jamesdc1/.conda/envs/hpc-pi/lib/python3.11/site-packages/pandas/core/arraylike.py:399: RuntimeWarning: divide by zero encountered in log
  result = getattr(ufunc, method)(*inputs, **kwargs)
/u/home/j/jamesdc1/.conda/envs/hpc-pi/lib/python3.11/site-packages/pandas/core/arraylike.py:399: RuntimeWarning: divide by zero encountered in log
  result = getattr(ufunc, method)(*inputs, **kwargs)
/u/home/j/jamesdc1/.conda/envs/hpc-pi/lib/python3.11/site-packages/pandas/core/arraylike.py:399: RuntimeWarning: divide by zero encountered in log
  result = getattr(ufunc, method)(*inputs, **kwargs)
/u/home/j/jamesdc1/.conda/envs/hpc-pi/lib/python3.11/site-packages/pandas/core/arraylike.py:399: RuntimeWarning: divide by zero encountered in log
  result = getattr(ufunc, method)(*inputs, **kwargs)
/u/home/j/jamesdc1/.conda/envs/hpc-pi/lib/python3.11/site-packages/pandas/core/arraylike.py:399: RuntimeWarning: divide by zero encountered in log
  result = getattr(ufunc, method)(*inputs, **kwargs)
/u/home/j/jamesdc1/.conda/envs/hpc-pi/lib/python3.11/site-packages/pandas/core/arraylike.py:399: RuntimeWarning: divide by zero encountered in log
  result = getattr(ufunc, method)(*inputs, **kwargs)
/u/home/j/jamesdc1/.conda/envs/hpc-pi/lib/python3.11/site-packages/pandas/core/arraylike.py:399: RuntimeWarning: divide by zero encountered in log
  result = getattr(ufunc, method)(*inputs, **kwargs)
/u/home/j/jamesdc1/.conda/envs/hpc-pi/lib/python3.11/site-packages/pandas/core/arraylike.py:399: RuntimeWarning: divide by zero encountered in log
  result = getattr(ufunc, method)(*inputs, **kwargs)
/u/home/j/jamesdc1/.conda/envs/hpc-pi/lib/python3.11/site-packages/pandas/core/arraylike.py:399: RuntimeWarning: divide by zero encountered in log
  result = getattr(ufunc, method)(*inputs, **kwargs)
/u/home/j/jamesdc1/.conda/envs/hpc-pi/lib/python3.11/site-packages/pandas/core/arraylike.py:399: RuntimeWarning: divide by zero encountered in log
  result = getattr(ufunc, method)(*inputs, **kwargs)
/u/home/j/jamesdc1/.conda/envs/hpc-pi/lib/python3.11/site-packages/pandas/core/arraylike.py:399: RuntimeWarning: divide by zero encountered in log
  result = getattr(ufunc, method)(*inputs, **kwargs)
/u/home/j/jamesdc1/.conda/envs/hpc-pi/lib/python3.11/site-packages/pandas/core/arraylike.py:399: RuntimeWarning: divide by zero encountered in log
  result = getattr(ufunc, method)(*inputs, **kwargs)
/u/home/j/jamesdc1/.conda/envs/hpc-pi/lib/python3.11/site-packages/pandas/core/arraylike.py:399: RuntimeWarning: divide by zero encountered in log
  result = getattr(ufunc, method)(*inputs, **kwargs)
/u/home/j/jamesdc1/.conda/envs/hpc-pi/lib/python3.11/site-packages/pandas/core/arraylike.py:399: RuntimeWarning: divide by zero encountered in log
  result = getattr(ufunc, method)(*inputs, **kwargs)
/u/home/j/jamesdc1/.conda/envs/hpc-pi/lib/python3.11/site-packages/pandas/core/arraylike.py:399: RuntimeWarning: divide by zero encountered in log
  result = getattr(ufunc, method)(*inputs, **kwargs)
/u/home/j/jamesdc1/.conda/envs/hpc-pi/lib/python3.11/site-packages/pandas/core/arraylike.py:399: RuntimeWarning: divide by zero encountered in log
  result = getattr(ufunc, method)(*inputs, **kwargs)
/u/home/j/jamesdc1/.conda/envs/hpc-pi/lib/python3.11/site-packages/pandas/core/arraylike.py:399: RuntimeWarning: divide by zero encountered in log
  result = getattr(ufunc, method)(*inputs, **kwargs)
/u/home/j/jamesdc1/.conda/envs/hpc-pi/lib/python3.11/site-packages/pandas/core/arraylike.py:399: RuntimeWarning: divide by zero encountered in log
  result = getattr(ufunc, method)(*inputs, **kwargs)
/u/home/j/jamesdc1/.conda/envs/hpc-pi/lib/python3.11/site-packages/pandas/core/arraylike.py:399: RuntimeWarning: divide by zero encountered in log
  result = getattr(ufunc, method)(*inputs, **kwargs)
/u/home/j/jamesdc1/.conda/envs/hpc-pi/lib/python3.11/site-packages/pandas/core/arraylike.py:399: RuntimeWarning: divide by zero encountered in log
  result = getattr(ufunc, method)(*inputs, **kwargs)
/u/home/j/jamesdc1/.conda/envs/hpc-pi/lib/python3.11/site-packages/pandas/core/arraylike.py:399: RuntimeWarning: divide by zero encountered in log
  result = getattr(ufunc, method)(*inputs, **kwargs)
/u/home/j/jamesdc1/.conda/envs/hpc-pi/lib/python3.11/site-packages/pandas/core/arraylike.py:399: RuntimeWarning: divide by zero encountered in log
  result = getattr(ufunc, method)(*inputs, **kwargs)
/u/home/j/jamesdc1/.conda/envs/hpc-pi/lib/python3.11/site-packages/pandas/core/arraylike.py:399: RuntimeWarning: divide by zero encountered in log
  result = getattr(ufunc, method)(*inputs, **kwargs)
/u/home/j/jamesdc1/.conda/envs/hpc-pi/lib/python3.11/site-packages/pandas/core/arraylike.py:399: RuntimeWarning: divide by zero encountered in log
  result = getattr(ufunc, method)(*inputs, **kwargs)
/u/home/j/jamesdc1/.conda/envs/hpc-pi/lib/python3.11/site-packages/pandas/core/arraylike.py:399: RuntimeWarning: divide by zero encountered in log
  result = getattr(ufunc, method)(*inputs, **kwargs)
/u/home/j/jamesdc1/.conda/envs/hpc-pi/lib/python3.11/site-packages/pandas/core/arraylike.py:399: RuntimeWarning: divide by zero encountered in log
  result = getattr(ufunc, method)(*inputs, **kwargs)
/u/home/j/jamesdc1/.conda/envs/hpc-pi/lib/python3.11/site-packages/pandas/core/arraylike.py:399: RuntimeWarning: divide by zero encountered in log
  result = getattr(ufunc, method)(*inputs, **kwargs)
/u/home/j/jamesdc1/.conda/envs/hpc-pi/lib/python3.11/site-packages/pandas/core/arraylike.py:399: RuntimeWarning: divide by zero encountered in log
  result = getattr(ufunc, method)(*inputs, **kwargs)
/u/home/j/jamesdc1/.conda/envs/hpc-pi/lib/python3.11/site-packages/pandas/core/arraylike.py:399: RuntimeWarning: divide by zero encountered in log
  result = getattr(ufunc, method)(*inputs, **kwargs)
/u/home/j/jamesdc1/.conda/envs/hpc-pi/lib/python3.11/site-packages/pandas/core/arraylike.py:399: RuntimeWarning: divide by zero encountered in log
  result = getattr(ufunc, method)(*inputs, **kwargs)
/u/home/j/jamesdc1/.conda/envs/hpc-pi/lib/python3.11/site-packages/pandas/core/arraylike.py:399: RuntimeWarning: divide by zero encountered in log
  result = getattr(ufunc, method)(*inputs, **kwargs)
/u/home/j/jamesdc1/.conda/envs/hpc-pi/lib/python3.11/site-packages/pandas/core/arraylike.py:399: RuntimeWarning: divide by zero encountered in log
  result = getattr(ufunc, method)(*inputs, **kwargs)
/u/home/j/jamesdc1/.conda/envs/hpc-pi/lib/python3.11/site-packages/pandas/core/arraylike.py:399: RuntimeWarning: divide by zero encountered in log
  result = getattr(ufunc, method)(*inputs, **kwargs)
/u/home/j/jamesdc1/.conda/envs/hpc-pi/lib/python3.11/site-packages/pandas/core/arraylike.py:399: RuntimeWarning: divide by zero encountered in log
  result = getattr(ufunc, method)(*inputs, **kwargs)
/u/home/j/jamesdc1/.conda/envs/hpc-pi/lib/python3.11/site-packages/pandas/core/arraylike.py:399: RuntimeWarning: divide by zero encountered in log
  result = getattr(ufunc, method)(*inputs, **kwargs)
/u/home/j/jamesdc1/.conda/envs/hpc-pi/lib/python3.11/site-packages/pandas/core/arraylike.py:399: RuntimeWarning: divide by zero encountered in log
  result = getattr(ufunc, method)(*inputs, **kwargs)
/u/home/j/jamesdc1/.conda/envs/hpc-pi/lib/python3.11/site-packages/pandas/core/arraylike.py:399: RuntimeWarning: divide by zero encountered in log
  result = getattr(ufunc, method)(*inputs, **kwargs)
/u/home/j/jamesdc1/.conda/envs/hpc-pi/lib/python3.11/site-packages/pandas/core/arraylike.py:399: RuntimeWarning: divide by zero encountered in log
  result = getattr(ufunc, method)(*inputs, **kwargs)
/u/home/j/jamesdc1/.conda/envs/hpc-pi/lib/python3.11/site-packages/pandas/core/arraylike.py:399: RuntimeWarning: divide by zero encountered in log
  result = getattr(ufunc, method)(*inputs, **kwargs)
/u/home/j/jamesdc1/.conda/envs/hpc-pi/lib/python3.11/site-packages/pandas/core/arraylike.py:399: RuntimeWarning: divide by zero encountered in log
  result = getattr(ufunc, method)(*inputs, **kwargs)
/u/home/j/jamesdc1/.conda/envs/hpc-pi/lib/python3.11/site-packages/pandas/core/arraylike.py:399: RuntimeWarning: divide by zero encountered in log
  result = getattr(ufunc, method)(*inputs, **kwargs)
/u/home/j/jamesdc1/.conda/envs/hpc-pi/lib/python3.11/site-packages/pandas/core/arraylike.py:399: RuntimeWarning: divide by zero encountered in log
  result = getattr(ufunc, method)(*inputs, **kwargs)
/u/home/j/jamesdc1/.conda/envs/hpc-pi/lib/python3.11/site-packages/pandas/core/arraylike.py:399: RuntimeWarning: divide by zero encountered in log
  result = getattr(ufunc, method)(*inputs, **kwargs)
/u/home/j/jamesdc1/.conda/envs/hpc-pi/lib/python3.11/site-packages/pandas/core/arraylike.py:399: RuntimeWarning: divide by zero encountered in log
  result = getattr(ufunc, method)(*inputs, **kwargs)
/u/home/j/jamesdc1/.conda/envs/hpc-pi/lib/python3.11/site-packages/pandas/core/arraylike.py:399: RuntimeWarning: divide by zero encountered in log
  result = getattr(ufunc, method)(*inputs, **kwargs)
/u/home/j/jamesdc1/.conda/envs/hpc-pi/lib/python3.11/site-packages/pandas/core/arraylike.py:399: RuntimeWarning: divide by zero encountered in log
  result = getattr(ufunc, method)(*inputs, **kwargs)
/u/home/j/jamesdc1/.conda/envs/hpc-pi/lib/python3.11/site-packages/pandas/core/arraylike.py:399: RuntimeWarning: divide by zero encountered in log
  result = getattr(ufunc, method)(*inputs, **kwargs)
/u/home/j/jamesdc1/.conda/envs/hpc-pi/lib/python3.11/site-packages/pandas/core/arraylike.py:399: RuntimeWarning: divide by zero encountered in log
  result = getattr(ufunc, method)(*inputs, **kwargs)
/u/home/j/jamesdc1/.conda/envs/hpc-pi/lib/python3.11/site-packages/pandas/core/arraylike.py:399: RuntimeWarning: divide by zero encountered in log
  result = getattr(ufunc, method)(*inputs, **kwargs)
/u/home/j/jamesdc1/.conda/envs/hpc-pi/lib/python3.11/site-packages/pandas/core/arraylike.py:399: RuntimeWarning: divide by zero encountered in log
  result = getattr(ufunc, method)(*inputs, **kwargs)
/u/home/j/jamesdc1/.conda/envs/hpc-pi/lib/python3.11/site-packages/pandas/core/arraylike.py:399: RuntimeWarning: divide by zero encountered in log
  result = getattr(ufunc, method)(*inputs, **kwargs)
/u/home/j/jamesdc1/.conda/envs/hpc-pi/lib/python3.11/site-packages/pandas/core/arraylike.py:399: RuntimeWarning: divide by zero encountered in log
  result = getattr(ufunc, method)(*inputs, **kwargs)
/u/home/j/jamesdc1/.conda/envs/hpc-pi/lib/python3.11/site-packages/pandas/core/arraylike.py:399: RuntimeWarning: divide by zero encountered in log
  result = getattr(ufunc, method)(*inputs, **kwargs)
/u/home/j/jamesdc1/.conda/envs/hpc-pi/lib/python3.11/site-packages/pandas/core/arraylike.py:399: RuntimeWarning: divide by zero encountered in log
  result = getattr(ufunc, method)(*inputs, **kwargs)
/u/home/j/jamesdc1/.conda/envs/hpc-pi/lib/python3.11/site-packages/pandas/core/arraylike.py:399: RuntimeWarning: divide by zero encountered in log
  result = getattr(ufunc, method)(*inputs, **kwargs)
/u/home/j/jamesdc1/.conda/envs/hpc-pi/lib/python3.11/site-packages/pandas/core/arraylike.py:399: RuntimeWarning: divide by zero encountered in log
  result = getattr(ufunc, method)(*inputs, **kwargs)
/u/home/j/jamesdc1/.conda/envs/hpc-pi/lib/python3.11/site-packages/pandas/core/arraylike.py:399: RuntimeWarning: divide by zero encountered in log
  result = getattr(ufunc, method)(*inputs, **kwargs)
/u/home/j/jamesdc1/.conda/envs/hpc-pi/lib/python3.11/site-packages/pandas/core/arraylike.py:399: RuntimeWarning: divide by zero encountered in log
  result = getattr(ufunc, method)(*inputs, **kwargs)
/u/home/j/jamesdc1/.conda/envs/hpc-pi/lib/python3.11/site-packages/pandas/core/arraylike.py:399: RuntimeWarning: divide by zero encountered in log
  result = getattr(ufunc, method)(*inputs, **kwargs)
/u/home/j/jamesdc1/.conda/envs/hpc-pi/lib/python3.11/site-packages/pandas/core/arraylike.py:399: RuntimeWarning: divide by zero encountered in log
  result = getattr(ufunc, method)(*inputs, **kwargs)
/u/home/j/jamesdc1/.conda/envs/hpc-pi/lib/python3.11/site-packages/pandas/core/arraylike.py:399: RuntimeWarning: divide by zero encountered in log
  result = getattr(ufunc, method)(*inputs, **kwargs)
/u/home/j/jamesdc1/.conda/envs/hpc-pi/lib/python3.11/site-packages/pandas/core/arraylike.py:399: RuntimeWarning: divide by zero encountered in log
  result = getattr(ufunc, method)(*inputs, **kwargs)
/u/home/j/jamesdc1/.conda/envs/hpc-pi/lib/python3.11/site-packages/pandas/core/arraylike.py:399: RuntimeWarning: divide by zero encountered in log
  result = getattr(ufunc, method)(*inputs, **kwargs)
/u/home/j/jamesdc1/.conda/envs/hpc-pi/lib/python3.11/site-packages/pandas/core/arraylike.py:399: RuntimeWarning: divide by zero encountered in log
  result = getattr(ufunc, method)(*inputs, **kwargs)
/u/home/j/jamesdc1/.conda/envs/hpc-pi/lib/python3.11/site-packages/pandas/core/arraylike.py:399: RuntimeWarning: divide by zero encountered in log
  result = getattr(ufunc, method)(*inputs, **kwargs)
/u/home/j/jamesdc1/.conda/envs/hpc-pi/lib/python3.11/site-packages/pandas/core/arraylike.py:399: RuntimeWarning: divide by zero encountered in log
  result = getattr(ufunc, method)(*inputs, **kwargs)
/u/home/j/jamesdc1/.conda/envs/hpc-pi/lib/python3.11/site-packages/pandas/core/arraylike.py:399: RuntimeWarning: divide by zero encountered in log
  result = getattr(ufunc, method)(*inputs, **kwargs)
/u/home/j/jamesdc1/.conda/envs/hpc-pi/lib/python3.11/site-packages/pandas/core/arraylike.py:399: RuntimeWarning: divide by zero encountered in log
  result = getattr(ufunc, method)(*inputs, **kwargs)
/u/home/j/jamesdc1/.conda/envs/hpc-pi/lib/python3.11/site-packages/pandas/core/arraylike.py:399: RuntimeWarning: divide by zero encountered in log
  result = getattr(ufunc, method)(*inputs, **kwargs)
/u/home/j/jamesdc1/.conda/envs/hpc-pi/lib/python3.11/site-packages/pandas/core/arraylike.py:399: RuntimeWarning: divide by zero encountered in log
  result = getattr(ufunc, method)(*inputs, **kwargs)
/u/home/j/jamesdc1/.conda/envs/hpc-pi/lib/python3.11/site-packages/pandas/core/arraylike.py:399: RuntimeWarning: divide by zero encountered in log
  result = getattr(ufunc, method)(*inputs, **kwargs)
/u/home/j/jamesdc1/.conda/envs/hpc-pi/lib/python3.11/site-packages/pandas/core/arraylike.py:399: RuntimeWarning: divide by zero encountered in log
  result = getattr(ufunc, method)(*inputs, **kwargs)
/u/home/j/jamesdc1/.conda/envs/hpc-pi/lib/python3.11/site-packages/pandas/core/arraylike.py:399: RuntimeWarning: divide by zero encountered in log
  result = getattr(ufunc, method)(*inputs, **kwargs)
/u/home/j/jamesdc1/.conda/envs/hpc-pi/lib/python3.11/site-packages/pandas/core/arraylike.py:399: RuntimeWarning: divide by zero encountered in log
  result = getattr(ufunc, method)(*inputs, **kwargs)
/u/home/j/jamesdc1/.conda/envs/hpc-pi/lib/python3.11/site-packages/pandas/core/arraylike.py:399: RuntimeWarning: divide by zero encountered in log
  result = getattr(ufunc, method)(*inputs, **kwargs)
/u/home/j/jamesdc1/.conda/envs/hpc-pi/lib/python3.11/site-packages/pandas/core/arraylike.py:399: RuntimeWarning: divide by zero encountered in log
  result = getattr(ufunc, method)(*inputs, **kwargs)
/u/home/j/jamesdc1/.conda/envs/hpc-pi/lib/python3.11/site-packages/pandas/core/arraylike.py:399: RuntimeWarning: divide by zero encountered in log
  result = getattr(ufunc, method)(*inputs, **kwargs)
/u/home/j/jamesdc1/.conda/envs/hpc-pi/lib/python3.11/site-packages/pandas/core/arraylike.py:399: RuntimeWarning: divide by zero encountered in log
  result = getattr(ufunc, method)(*inputs, **kwargs)
/u/home/j/jamesdc1/.conda/envs/hpc-pi/lib/python3.11/site-packages/pandas/core/arraylike.py:399: RuntimeWarning: divide by zero encountered in log
  result = getattr(ufunc, method)(*inputs, **kwargs)
/u/home/j/jamesdc1/.conda/envs/hpc-pi/lib/python3.11/site-packages/pandas/core/arraylike.py:399: RuntimeWarning: divide by zero encountered in log
  result = getattr(ufunc, method)(*inputs, **kwargs)
/u/home/j/jamesdc1/.conda/envs/hpc-pi/lib/python3.11/site-packages/pandas/core/arraylike.py:399: RuntimeWarning: divide by zero encountered in log
  result = getattr(ufunc, method)(*inputs, **kwargs)
/u/home/j/jamesdc1/.conda/envs/hpc-pi/lib/python3.11/site-packages/pandas/core/arraylike.py:399: RuntimeWarning: divide by zero encountered in log
  result = getattr(ufunc, method)(*inputs, **kwargs)
/u/home/j/jamesdc1/.conda/envs/hpc-pi/lib/python3.11/site-packages/pandas/core/arraylike.py:399: RuntimeWarning: divide by zero encountered in log
  result = getattr(ufunc, method)(*inputs, **kwargs)
/u/home/j/jamesdc1/.conda/envs/hpc-pi/lib/python3.11/site-packages/pandas/core/arraylike.py:399: RuntimeWarning: divide by zero encountered in log
  result = getattr(ufunc, method)(*inputs, **kwargs)
/u/home/j/jamesdc1/.conda/envs/hpc-pi/lib/python3.11/site-packages/pandas/core/arraylike.py:399: RuntimeWarning: divide by zero encountered in log
  result = getattr(ufunc, method)(*inputs, **kwargs)
/u/home/j/jamesdc1/.conda/envs/hpc-pi/lib/python3.11/site-packages/pandas/core/arraylike.py:399: RuntimeWarning: divide by zero encountered in log
  result = getattr(ufunc, method)(*inputs, **kwargs)
/u/home/j/jamesdc1/.conda/envs/hpc-pi/lib/python3.11/site-packages/pandas/core/arraylike.py:399: RuntimeWarning: divide by zero encountered in log
  result = getattr(ufunc, method)(*inputs, **kwargs)
/u/home/j/jamesdc1/.conda/envs/hpc-pi/lib/python3.11/site-packages/pandas/core/arraylike.py:399: RuntimeWarning: divide by zero encountered in log
  result = getattr(ufunc, method)(*inputs, **kwargs)
/u/home/j/jamesdc1/.conda/envs/hpc-pi/lib/python3.11/site-packages/pandas/core/arraylike.py:399: RuntimeWarning: divide by zero encountered in log
  result = getattr(ufunc, method)(*inputs, **kwargs)
/u/home/j/jamesdc1/.conda/envs/hpc-pi/lib/python3.11/site-packages/pandas/core/arraylike.py:399: RuntimeWarning: divide by zero encountered in log
  result = getattr(ufunc, method)(*inputs, **kwargs)
/u/home/j/jamesdc1/.conda/envs/hpc-pi/lib/python3.11/site-packages/pandas/core/arraylike.py:399: RuntimeWarning: divide by zero encountered in log
  result = getattr(ufunc, method)(*inputs, **kwargs)
/u/home/j/jamesdc1/.conda/envs/hpc-pi/lib/python3.11/site-packages/pandas/core/arraylike.py:399: RuntimeWarning: divide by zero encountered in log
  result = getattr(ufunc, method)(*inputs, **kwargs)
/u/home/j/jamesdc1/.conda/envs/hpc-pi/lib/python3.11/site-packages/pandas/core/arraylike.py:399: RuntimeWarning: divide by zero encountered in log
  result = getattr(ufunc, method)(*inputs, **kwargs)
/u/home/j/jamesdc1/.conda/envs/hpc-pi/lib/python3.11/site-packages/pandas/core/arraylike.py:399: RuntimeWarning: divide by zero encountered in log
  result = getattr(ufunc, method)(*inputs, **kwargs)
/u/home/j/jamesdc1/.conda/envs/hpc-pi/lib/python3.11/site-packages/pandas/core/arraylike.py:399: RuntimeWarning: divide by zero encountered in log
  result = getattr(ufunc, method)(*inputs, **kwargs)
/u/home/j/jamesdc1/.conda/envs/hpc-pi/lib/python3.11/site-packages/pandas/core/arraylike.py:399: RuntimeWarning: divide by zero encountered in log
  result = getattr(ufunc, method)(*inputs, **kwargs)
/u/home/j/jamesdc1/.conda/envs/hpc-pi/lib/python3.11/site-packages/pandas/core/arraylike.py:399: RuntimeWarning: divide by zero encountered in log
  result = getattr(ufunc, method)(*inputs, **kwargs)
/u/home/j/jamesdc1/.conda/envs/hpc-pi/lib/python3.11/site-packages/pandas/core/arraylike.py:399: RuntimeWarning: divide by zero encountered in log
  result = getattr(ufunc, method)(*inputs, **kwargs)
/u/home/j/jamesdc1/.conda/envs/hpc-pi/lib/python3.11/site-packages/pandas/core/arraylike.py:399: RuntimeWarning: divide by zero encountered in log
  result = getattr(ufunc, method)(*inputs, **kwargs)
/u/home/j/jamesdc1/.conda/envs/hpc-pi/lib/python3.11/site-packages/pandas/core/arraylike.py:399: RuntimeWarning: divide by zero encountered in log
  result = getattr(ufunc, method)(*inputs, **kwargs)
/u/home/j/jamesdc1/.conda/envs/hpc-pi/lib/python3.11/site-packages/pandas/core/arraylike.py:399: RuntimeWarning: divide by zero encountered in log
  result = getattr(ufunc, method)(*inputs, **kwargs)
/u/home/j/jamesdc1/.conda/envs/hpc-pi/lib/python3.11/site-packages/pandas/core/arraylike.py:399: RuntimeWarning: divide by zero encountered in log
  result = getattr(ufunc, method)(*inputs, **kwargs)
/u/home/j/jamesdc1/.conda/envs/hpc-pi/lib/python3.11/site-packages/pandas/core/arraylike.py:399: RuntimeWarning: divide by zero encountered in log
  result = getattr(ufunc, method)(*inputs, **kwargs)
/u/home/j/jamesdc1/.conda/envs/hpc-pi/lib/python3.11/site-packages/pandas/core/arraylike.py:399: RuntimeWarning: divide by zero encountered in log
  result = getattr(ufunc, method)(*inputs, **kwargs)
/u/home/j/jamesdc1/.conda/envs/hpc-pi/lib/python3.11/site-packages/pandas/core/arraylike.py:399: RuntimeWarning: divide by zero encountered in log
  result = getattr(ufunc, method)(*inputs, **kwargs)
/u/home/j/jamesdc1/.conda/envs/hpc-pi/lib/python3.11/site-packages/pandas/core/arraylike.py:399: RuntimeWarning: divide by zero encountered in log
  result = getattr(ufunc, method)(*inputs, **kwargs)
/u/home/j/jamesdc1/.conda/envs/hpc-pi/lib/python3.11/site-packages/pandas/core/arraylike.py:399: RuntimeWarning: divide by zero encountered in log
  result = getattr(ufunc, method)(*inputs, **kwargs)
/u/home/j/jamesdc1/.conda/envs/hpc-pi/lib/python3.11/site-packages/pandas/core/arraylike.py:399: RuntimeWarning: divide by zero encountered in log
  result = getattr(ufunc, method)(*inputs, **kwargs)
/u/home/j/jamesdc1/.conda/envs/hpc-pi/lib/python3.11/site-packages/pandas/core/arraylike.py:399: RuntimeWarning: divide by zero encountered in log
  result = getattr(ufunc, method)(*inputs, **kwargs)
/u/home/j/jamesdc1/.conda/envs/hpc-pi/lib/python3.11/site-packages/pandas/core/arraylike.py:399: RuntimeWarning: divide by zero encountered in log
  result = getattr(ufunc, method)(*inputs, **kwargs)
/u/home/j/jamesdc1/.conda/envs/hpc-pi/lib/python3.11/site-packages/pandas/core/arraylike.py:399: RuntimeWarning: divide by zero encountered in log
  result = getattr(ufunc, method)(*inputs, **kwargs)
/u/home/j/jamesdc1/.conda/envs/hpc-pi/lib/python3.11/site-packages/pandas/core/arraylike.py:399: RuntimeWarning: divide by zero encountered in log
  result = getattr(ufunc, method)(*inputs, **kwargs)
/u/home/j/jamesdc1/.conda/envs/hpc-pi/lib/python3.11/site-packages/pandas/core/arraylike.py:399: RuntimeWarning: divide by zero encountered in log
  result = getattr(ufunc, method)(*inputs, **kwargs)
/u/home/j/jamesdc1/.conda/envs/hpc-pi/lib/python3.11/site-packages/pandas/core/arraylike.py:399: RuntimeWarning: divide by zero encountered in log
  result = getattr(ufunc, method)(*inputs, **kwargs)
/u/home/j/jamesdc1/.conda/envs/hpc-pi/lib/python3.11/site-packages/pandas/core/arraylike.py:399: RuntimeWarning: divide by zero encountered in log
  result = getattr(ufunc, method)(*inputs, **kwargs)
/u/home/j/jamesdc1/.conda/envs/hpc-pi/lib/python3.11/site-packages/pandas/core/arraylike.py:399: RuntimeWarning: divide by zero encountered in log
  result = getattr(ufunc, method)(*inputs, **kwargs)
/u/home/j/jamesdc1/.conda/envs/hpc-pi/lib/python3.11/site-packages/pandas/core/arraylike.py:399: RuntimeWarning: divide by zero encountered in log
  result = getattr(ufunc, method)(*inputs, **kwargs)
/u/home/j/jamesdc1/.conda/envs/hpc-pi/lib/python3.11/site-packages/pandas/core/arraylike.py:399: RuntimeWarning: divide by zero encountered in log
  result = getattr(ufunc, method)(*inputs, **kwargs)
/u/home/j/jamesdc1/.conda/envs/hpc-pi/lib/python3.11/site-packages/pandas/core/arraylike.py:399: RuntimeWarning: divide by zero encountered in log
  result = getattr(ufunc, method)(*inputs, **kwargs)
/u/home/j/jamesdc1/.conda/envs/hpc-pi/lib/python3.11/site-packages/pandas/core/arraylike.py:399: RuntimeWarning: divide by zero encountered in log
  result = getattr(ufunc, method)(*inputs, **kwargs)
/u/home/j/jamesdc1/.conda/envs/hpc-pi/lib/python3.11/site-packages/pandas/core/arraylike.py:399: RuntimeWarning: divide by zero encountered in log
  result = getattr(ufunc, method)(*inputs, **kwargs)
/u/home/j/jamesdc1/.conda/envs/hpc-pi/lib/python3.11/site-packages/pandas/core/arraylike.py:399: RuntimeWarning: divide by zero encountered in log
  result = getattr(ufunc, method)(*inputs, **kwargs)
/u/home/j/jamesdc1/.conda/envs/hpc-pi/lib/python3.11/site-packages/pandas/core/arraylike.py:399: RuntimeWarning: divide by zero encountered in log
  result = getattr(ufunc, method)(*inputs, **kwargs)
/u/home/j/jamesdc1/.conda/envs/hpc-pi/lib/python3.11/site-packages/pandas/core/arraylike.py:399: RuntimeWarning: divide by zero encountered in log
  result = getattr(ufunc, method)(*inputs, **kwargs)
/u/home/j/jamesdc1/.conda/envs/hpc-pi/lib/python3.11/site-packages/pandas/core/arraylike.py:399: RuntimeWarning: divide by zero encountered in log
  result = getattr(ufunc, method)(*inputs, **kwargs)
    segment    estimator  train_win  pooled_train_win  bar_end      sample     n      first  QLIKE_subsection  QLIKE_pooled     diff       pct    ci_lo    ci_hi   dm_stat  improves
    bar1000     reclasso        500               500 all bars      common  3119 2012-03-23           0.11109       0.11884 -0.00775  -6.51989 -0.01219 -0.00292  -3.35021      True
    bar1000     reclasso        500               500 all bars deck period  1116 2020-01-03           0.11676       0.11761 -0.00085  -0.72158 -0.00831  0.00814  -0.20499     False
    bar1000     reclasso        500               500    10:00      common  3119 2012-03-23           0.11109       0.11884 -0.00775  -6.51989 -0.01219 -0.00292  -3.35021      True
    bar1000     reclasso        500               500    10:00 deck period  1116 2020-01-03           0.11676       0.11761 -0.00085  -0.72158 -0.00831  0.00814  -0.20499     False
    bar1000     reclasso       2000               500 all bars      common  1619 2018-01-19           0.11184       0.12636 -0.01452 -11.49095 -0.02165 -0.00753  -4.23144      True
    bar1000     reclasso       2000               500 all bars deck period  1116 2020-01-03           0.10804       0.11761 -0.00957  -8.13352 -0.01806 -0.00116  -2.36023      True
    bar1000     reclasso       2000               500    10:00      common  1619 2018-01-19           0.11184       0.12636 -0.01452 -11.49095 -0.02165 -0.00753  -4.23144      True
    bar1000     reclasso       2000               500    10:00 deck period  1116 2020-01-03           0.10804       0.11761 -0.00957  -8.13352 -0.01806 -0.00116  -2.36023      True
    bar1000     reclasso       2000              2000 all bars      common  1619 2018-01-19           0.11184       0.12353 -0.01169  -9.46293 -0.01762 -0.00551  -3.91732      True
    bar1000     reclasso       2000              2000 all bars deck period  1116 2020-01-03           0.10804       0.11867 -0.01063  -8.95478 -0.01811 -0.00369  -2.96805      True
    bar1000     reclasso       2000              2000    10:00      common  1619 2018-01-19           0.11184       0.12353 -0.01169  -9.46293 -0.01762 -0.00551  -3.91732      True
    bar1000     reclasso       2000              2000    10:00 deck period  1116 2020-01-03           0.10804       0.11867 -0.01063  -8.95478 -0.01811 -0.00369  -2.96805      True
    bar1000 reclasticnet        500               500 all bars      common  3119 2012-03-23           0.11096       0.11865 -0.00769  -6.47990 -0.01143 -0.00370  -3.81323      True
    bar1000 reclasticnet        500               500 all bars deck period  1116 2020-01-03           0.11136       0.11766 -0.00630  -5.35615 -0.01273  0.00054  -1.85663     False
    bar1000 reclasticnet        500               500    10:00      common  3119 2012-03-23           0.11096       0.11865 -0.00769  -6.47990 -0.01143 -0.00370  -3.81323      True
    bar1000 reclasticnet        500               500    10:00 deck period  1116 2020-01-03           0.11136       0.11766 -0.00630  -5.35615 -0.01273  0.00054  -1.85663     False
    bar1000 reclasticnet       2000               500 all bars      common  1619 2018-01-19           0.11477       0.12629 -0.01152  -9.12069 -0.01854 -0.00473  -3.56497      True
    bar1000 reclasticnet       2000               500 all bars deck period  1116 2020-01-03           0.11232       0.11766 -0.00534  -4.53659 -0.01350  0.00287  -1.43657     False
    bar1000 reclasticnet       2000               500    10:00      common  1619 2018-01-19           0.11477       0.12629 -0.01152  -9.12069 -0.01854 -0.00473  -3.56497      True
    bar1000 reclasticnet       2000               500    10:00 deck period  1116 2020-01-03           0.11232       0.11766 -0.00534  -4.53659 -0.01350  0.00287  -1.43657     False
    bar1000 reclasticnet       2000              2000 all bars      common  1619 2018-01-19           0.11477       0.12342 -0.00864  -7.00385 -0.01432 -0.00286  -3.10140      True
    bar1000 reclasticnet       2000              2000 all bars deck period  1116 2020-01-03           0.11232       0.11830 -0.00598  -5.05256 -0.01313  0.00054  -1.86222     False
    bar1000 reclasticnet       2000              2000    10:00      common  1619 2018-01-19           0.11477       0.12342 -0.00864  -7.00385 -0.01432 -0.00286  -3.10140      True
    bar1000 reclasticnet       2000              2000    10:00 deck period  1116 2020-01-03           0.11232       0.11830 -0.00598  -5.05256 -0.01313  0.00054  -1.86222     False
    bar1000        ridge        500               500 all bars      common  3119 2012-03-23           0.11399       0.11854 -0.00455  -3.83453 -0.00880 -0.00022  -2.07794      True
    bar1000        ridge        500               500 all bars deck period  1116 2020-01-03           0.11582       0.11737 -0.00155  -1.32023 -0.00895  0.00699  -0.40514     False
    bar1000        ridge        500               500    10:00      common  3119 2012-03-23           0.11399       0.11854 -0.00455  -3.83453 -0.00880 -0.00022  -2.07794      True
    bar1000        ridge        500               500    10:00 deck period  1116 2020-01-03           0.11582       0.11737 -0.00155  -1.32023 -0.00895  0.00699  -0.40514     False
    bar1000        ridge       2000               500 all bars      common  1619 2018-01-19           0.11383       0.12625 -0.01242  -9.83645 -0.01941 -0.00558  -3.80427      True
    bar1000        ridge       2000               500 all bars deck period  1116 2020-01-03           0.11021       0.11737 -0.00716  -6.09785 -0.01524  0.00077  -1.89252     False
    bar1000        ridge       2000               500    10:00      common  1619 2018-01-19           0.11383       0.12625 -0.01242  -9.83645 -0.01941 -0.00558  -3.80427      True
    bar1000        ridge       2000               500    10:00 deck period  1116 2020-01-03           0.11021       0.11737 -0.00716  -6.09785 -0.01524  0.00077  -1.89252     False
    bar1000        ridge       2000              2000 all bars      common  1619 2018-01-19           0.11383       0.12291 -0.00908  -7.38687 -0.01489 -0.00300  -3.17339      True
    bar1000        ridge       2000              2000 all bars deck period  1116 2020-01-03           0.11021       0.11801 -0.00780  -6.60815 -0.01496 -0.00089  -2.31269      True
    bar1000        ridge       2000              2000    10:00      common  1619 2018-01-19           0.11383       0.12291 -0.00908  -7.38687 -0.01489 -0.00300  -3.17339      True
    bar1000        ridge       2000              2000    10:00 deck period  1116 2020-01-03           0.11021       0.11801 -0.00780  -6.60815 -0.01496 -0.00089  -2.31269      True
    bar1030     reclasso        500               500 all bars      common  3119 2012-03-23           0.14749       0.14918 -0.00168  -1.12918 -0.00483  0.00136  -1.07080     False
    bar1030     reclasso        500               500 all bars deck period  1116 2020-01-03           0.15718       0.15732 -0.00015  -0.09235 -0.00461  0.00496  -0.06629     False
    bar1030     reclasso        500               500    10:30      common  3119 2012-03-23           0.14749       0.14918 -0.00168  -1.12918 -0.00483  0.00136  -1.07080     False
    bar1030     reclasso        500               500    10:30 deck period  1116 2020-01-03           0.15718       0.15732 -0.00015  -0.09235 -0.00461  0.00496  -0.06629     False
    bar1030     reclasso       2000               500 all bars      common  1619 2018-01-19           0.15656       0.16242 -0.00586  -3.60901 -0.01014 -0.00180  -2.61269      True
    bar1030     reclasso       2000               500 all bars deck period  1116 2020-01-03           0.15174       0.15732 -0.00558  -3.54630 -0.01167 -0.00023  -1.97487      True
    bar1030     reclasso       2000               500    10:30      common  1619 2018-01-19           0.15656       0.16242 -0.00586  -3.60901 -0.01014 -0.00180  -2.61269      True
    bar1030     reclasso       2000               500    10:30 deck period  1116 2020-01-03           0.15174       0.15732 -0.00558  -3.54630 -0.01167 -0.00023  -1.97487      True
    bar1030     reclasso       2000              2000 all bars      common  1619 2018-01-19           0.15656       0.16213 -0.00557  -3.43567 -0.00879 -0.00247  -3.05266      True
    bar1030     reclasso       2000              2000 all bars deck period  1116 2020-01-03           0.15174       0.15844 -0.00670  -4.22824 -0.01049 -0.00290  -3.03190      True
    bar1030     reclasso       2000              2000    10:30      common  1619 2018-01-19           0.15656       0.16213 -0.00557  -3.43567 -0.00879 -0.00247  -3.05266      True
    bar1030     reclasso       2000              2000    10:30 deck period  1116 2020-01-03           0.15174       0.15844 -0.00670  -4.22824 -0.01049 -0.00290  -3.03190      True
    bar1030 reclasticnet        500               500 all bars      common  3119 2012-03-23           0.14796       0.14906 -0.00110  -0.73788 -0.00484  0.00262  -0.59353     False
    bar1030 reclasticnet        500               500 all bars deck period  1116 2020-01-03           0.15789       0.15753  0.00036   0.22806 -0.00569  0.00752   0.12182     False
    bar1030 reclasticnet        500               500    10:30      common  3119 2012-03-23           0.14796       0.14906 -0.00110  -0.73788 -0.00484  0.00262  -0.59353     False
    bar1030 reclasticnet        500               500    10:30 deck period  1116 2020-01-03           0.15789       0.15753  0.00036   0.22806 -0.00569  0.00752   0.12182     False
    bar1030 reclasticnet       2000               500 all bars      common  1619 2018-01-19           0.15720       0.16244 -0.00525  -3.23110 -0.00933 -0.00090  -2.33768      True
    bar1030 reclasticnet       2000               500 all bars deck period  1116 2020-01-03           0.15138       0.15753 -0.00615  -3.90164 -0.01256 -0.00044  -2.05097      True
    bar1030 reclasticnet       2000               500    10:30      common  1619 2018-01-19           0.15720       0.16244 -0.00525  -3.23110 -0.00933 -0.00090  -2.33768      True
    bar1030 reclasticnet       2000               500    10:30 deck period  1116 2020-01-03           0.15138       0.15753 -0.00615  -3.90164 -0.01256 -0.00044  -2.05097      True
    bar1030 reclasticnet       2000              2000 all bars      common  1619 2018-01-19           0.15720       0.16175 -0.00456  -2.81690 -0.00786 -0.00143  -2.62255      True
    bar1030 reclasticnet       2000              2000 all bars deck period  1116 2020-01-03           0.15138       0.15815 -0.00677  -4.27824 -0.01087 -0.00263  -2.98447      True
    bar1030 reclasticnet       2000              2000    10:30      common  1619 2018-01-19           0.15720       0.16175 -0.00456  -2.81690 -0.00786 -0.00143  -2.62255      True
    bar1030 reclasticnet       2000              2000    10:30 deck period  1116 2020-01-03           0.15138       0.15815 -0.00677  -4.27824 -0.01087 -0.00263  -2.98447      True
    bar1030        ridge        500               500 all bars      common  3119 2012-03-23           0.15106       0.14928  0.00178   1.19161 -0.00304  0.00747   0.67478     False
    bar1030        ridge        500               500 all bars deck period  1116 2020-01-03           0.16816       0.15785  0.01031   6.53294 -0.00049  0.02484   1.74640     False
    bar1030        ridge        500               500    10:30      common  3119 2012-03-23           0.15106       0.14928  0.00178   1.19161 -0.00304  0.00747   0.67478     False
    bar1030        ridge        500               500    10:30 deck period  1116 2020-01-03           0.16816       0.15785  0.01031   6.53294 -0.00049  0.02484   1.74640     False
    bar1030        ridge       2000               500 all bars      common  1619 2018-01-19           0.15733       0.16310 -0.00576  -3.53395 -0.01015 -0.00146  -2.43053      True
    bar1030        ridge       2000               500 all bars deck period  1116 2020-01-03           0.15301       0.15785 -0.00484  -3.06352 -0.01096  0.00075  -1.68181     False
    bar1030        ridge       2000               500    10:30      common  1619 2018-01-19           0.15733       0.16310 -0.00576  -3.53395 -0.01015 -0.00146  -2.43053      True
    bar1030        ridge       2000               500    10:30 deck period  1116 2020-01-03           0.15301       0.15785 -0.00484  -3.06352 -0.01096  0.00075  -1.68181     False
    bar1030        ridge       2000              2000 all bars      common  1619 2018-01-19           0.15733       0.16138 -0.00404  -2.50640 -0.00774 -0.00054  -1.95576      True
    bar1030        ridge       2000              2000 all bars deck period  1116 2020-01-03           0.15301       0.15776 -0.00475  -3.01003 -0.00873 -0.00071  -2.06076      True
    bar1030        ridge       2000              2000    10:30      common  1619 2018-01-19           0.15733       0.16138 -0.00404  -2.50640 -0.00774 -0.00054  -1.95576      True
    bar1030        ridge       2000              2000    10:30 deck period  1116 2020-01-03           0.15301       0.15776 -0.00475  -3.01003 -0.00873 -0.00071  -2.06076      True
    bar1100     reclasso        500               500 all bars      common  3119 2012-03-23           0.12800       0.13051 -0.00251  -1.92225 -0.00546  0.00028  -1.77757     False
    bar1100     reclasso        500               500 all bars deck period  1116 2020-01-03           0.14496       0.14567 -0.00070  -0.48356 -0.00698  0.00587  -0.23302     False
    bar1100     reclasso        500               500    11:00      common  3119 2012-03-23           0.12800       0.13051 -0.00251  -1.92225 -0.00546  0.00028  -1.77757     False
    bar1100     reclasso        500               500    11:00 deck period  1116 2020-01-03           0.14496       0.14567 -0.00070  -0.48356 -0.00698  0.00587  -0.23302     False
    bar1100     reclasso       2000               500 all bars      common  1619 2018-01-19           0.14261       0.13861  0.00400   2.88807 -0.00047  0.00857   1.88006     False
    bar1100     reclasso       2000               500 all bars deck period  1116 2020-01-03           0.15010       0.14567  0.00443   3.03978 -0.00058  0.01025   1.82573     False
    bar1100     reclasso       2000               500    11:00      common  1619 2018-01-19           0.14261       0.13861  0.00400   2.88807 -0.00047  0.00857   1.88006     False
    bar1100     reclasso       2000               500    11:00 deck period  1116 2020-01-03           0.15010       0.14567  0.00443   3.03978 -0.00058  0.01025   1.82573     False
    bar1100     reclasso       2000              2000 all bars      common  1619 2018-01-19           0.14261       0.14134  0.00128   0.90219 -0.00257  0.00537   0.66857     False
    bar1100     reclasso       2000              2000 all bars deck period  1116 2020-01-03           0.15010       0.15060 -0.00050  -0.33182 -0.00478  0.00452  -0.22719     False
    bar1100     reclasso       2000              2000    11:00      common  1619 2018-01-19           0.14261       0.14134  0.00128   0.90219 -0.00257  0.00537   0.66857     False
    bar1100     reclasso       2000              2000    11:00 deck period  1116 2020-01-03           0.15010       0.15060 -0.00050  -0.33182 -0.00478  0.00452  -0.22719     False
    bar1100 reclasticnet        500               500 all bars      common  3119 2012-03-23           0.12764       0.13001 -0.00237  -1.82502 -0.00540  0.00060  -1.61219     False
    bar1100 reclasticnet        500               500 all bars deck period  1116 2020-01-03           0.14596       0.14551  0.00045   0.31047 -0.00542  0.00627   0.15597     False
    bar1100 reclasticnet        500               500    11:00      common  3119 2012-03-23           0.12764       0.13001 -0.00237  -1.82502 -0.00540  0.00060  -1.61219     False
    bar1100 reclasticnet        500               500    11:00 deck period  1116 2020-01-03           0.14596       0.14551  0.00045   0.31047 -0.00542  0.00627   0.15597     False
    bar1100 reclasticnet       2000               500 all bars      common  1619 2018-01-19           0.14082       0.13846  0.00237   1.70984 -0.00209  0.00689   1.16232     False
    bar1100 reclasticnet       2000               500 all bars deck period  1116 2020-01-03           0.14898       0.14551  0.00347   2.38262 -0.00185  0.00972   1.32116     False
    bar1100 reclasticnet       2000               500    11:00      common  1619 2018-01-19           0.14082       0.13846  0.00237   1.70984 -0.00209  0.00689   1.16232     False
    bar1100 reclasticnet       2000               500    11:00 deck period  1116 2020-01-03           0.14898       0.14551  0.00347   2.38262 -0.00185  0.00972   1.32116     False
    bar1100 reclasticnet       2000              2000 all bars      common  1619 2018-01-19           0.14082       0.14116 -0.00033  -0.23552 -0.00402  0.00373  -0.18710     False
    bar1100 reclasticnet       2000              2000 all bars deck period  1116 2020-01-03           0.14898       0.15035 -0.00138  -0.91543 -0.00606  0.00387  -0.57595     False
    bar1100 reclasticnet       2000              2000    11:00      common  1619 2018-01-19           0.14082       0.14116 -0.00033  -0.23552 -0.00402  0.00373  -0.18710     False
    bar1100 reclasticnet       2000              2000    11:00 deck period  1116 2020-01-03           0.14898       0.15035 -0.00138  -0.91543 -0.00606  0.00387  -0.57595     False
    bar1100        ridge        500               500 all bars      common  3119 2012-03-23           0.13050       0.12978  0.00072   0.55559 -0.00255  0.00366   0.46403     False
    bar1100        ridge        500               500 all bars deck period  1116 2020-01-03           0.14779       0.14487  0.00292   2.01533 -0.00311  0.00926   0.96135     False
    bar1100        ridge        500               500    11:00      common  3119 2012-03-23           0.13050       0.12978  0.00072   0.55559 -0.00255  0.00366   0.46403     False
    bar1100        ridge        500               500    11:00 deck period  1116 2020-01-03           0.14779       0.14487  0.00292   2.01533 -0.00311  0.00926   0.96135     False
    bar1100        ridge       2000               500 all bars      common  1619 2018-01-19           0.14514       0.13804  0.00710   5.14545  0.00208  0.01282   2.69979     False
    bar1100        ridge       2000               500 all bars deck period  1116 2020-01-03           0.14841       0.14487  0.00353   2.43944 -0.00218  0.01042   1.21198     False
    bar1100        ridge       2000               500    11:00      common  1619 2018-01-19           0.14514       0.13804  0.00710   5.14545  0.00208  0.01282   2.69979     False
    bar1100        ridge       2000               500    11:00 deck period  1116 2020-01-03           0.14841       0.14487  0.00353   2.43944 -0.00218  0.01042   1.21198     False
    bar1100        ridge       2000              2000 all bars      common  1619 2018-01-19           0.14514       0.14051  0.00463   3.29444 -0.00017  0.01014   1.85894     False
    bar1100        ridge       2000              2000 all bars deck period  1116 2020-01-03           0.14841       0.14978 -0.00138  -0.91807 -0.00632  0.00438  -0.53285     False
    bar1100        ridge       2000              2000    11:00      common  1619 2018-01-19           0.14514       0.14051  0.00463   3.29444 -0.00017  0.01014   1.85894     False
    bar1100        ridge       2000              2000    11:00 deck period  1116 2020-01-03           0.14841       0.14978 -0.00138  -0.91807 -0.00632  0.00438  -0.53285     False
    bar1130     reclasso        500               500 all bars      common  3121 2012-03-21           0.13168       0.13383 -0.00215  -1.60708 -0.00601  0.00208  -1.10575     False
    bar1130     reclasso        500               500 all bars deck period  1116 2020-01-03           0.13845       0.14178 -0.00333  -2.35175 -0.00661  0.00004  -1.88311     False
    bar1130     reclasso        500               500    11:30      common  3121 2012-03-21           0.13168       0.13383 -0.00215  -1.60708 -0.00601  0.00208  -1.10575     False
    bar1130     reclasso        500               500    11:30 deck period  1116 2020-01-03           0.13845       0.14178 -0.00333  -2.35175 -0.00661  0.00004  -1.88311     False
    bar1130     reclasso       2000               500 all bars      common  1621 2018-01-17           0.13079       0.13672 -0.00593  -4.33614 -0.01067 -0.00148  -2.88783      True
    bar1130     reclasso       2000               500 all bars deck period  1116 2020-01-03           0.13479       0.14178 -0.00699  -4.92948 -0.01300 -0.00129  -2.77716      True
    bar1130     reclasso       2000               500    11:30      common  1621 2018-01-17           0.13079       0.13672 -0.00593  -4.33614 -0.01067 -0.00148  -2.88783      True
    bar1130     reclasso       2000               500    11:30 deck period  1116 2020-01-03           0.13479       0.14178 -0.00699  -4.92948 -0.01300 -0.00129  -2.77716      True
    bar1130     reclasso       2000              2000 all bars      common  1621 2018-01-17           0.13079       0.14022 -0.00943  -6.72712 -0.01317 -0.00569  -5.37387      True
    bar1130     reclasso       2000              2000 all bars deck period  1116 2020-01-03           0.13479       0.14832 -0.01353  -9.12075 -0.01774 -0.00930  -6.69203      True
    bar1130     reclasso       2000              2000    11:30      common  1621 2018-01-17           0.13079       0.14022 -0.00943  -6.72712 -0.01317 -0.00569  -5.37387      True
    bar1130     reclasso       2000              2000    11:30 deck period  1116 2020-01-03           0.13479       0.14832 -0.01353  -9.12075 -0.01774 -0.00930  -6.69203      True
    bar1130 reclasticnet        500               500 all bars      common  3121 2012-03-21           0.13286       0.13311 -0.00025  -0.18907 -0.00570  0.00617  -0.08617     False
    bar1130 reclasticnet        500               500 all bars deck period  1116 2020-01-03           0.13794       0.14084 -0.00289  -2.05461 -0.00681  0.00101  -1.44736     False
    bar1130 reclasticnet        500               500    11:30      common  3121 2012-03-21           0.13286       0.13311 -0.00025  -0.18907 -0.00570  0.00617  -0.08617     False
    bar1130 reclasticnet        500               500    11:30 deck period  1116 2020-01-03           0.13794       0.14084 -0.00289  -2.05461 -0.00681  0.00101  -1.44736     False
    bar1130 reclasticnet       2000               500 all bars      common  1621 2018-01-17           0.13045       0.13619 -0.00574  -4.21633 -0.01077 -0.00089  -2.68301      True
    bar1130 reclasticnet       2000               500 all bars deck period  1116 2020-01-03           0.13426       0.14084 -0.00658  -4.67009 -0.01294 -0.00037  -2.45682      True
    bar1130 reclasticnet       2000               500    11:30      common  1621 2018-01-17           0.13045       0.13619 -0.00574  -4.21633 -0.01077 -0.00089  -2.68301      True
    bar1130 reclasticnet       2000               500    11:30 deck period  1116 2020-01-03           0.13426       0.14084 -0.00658  -4.67009 -0.01294 -0.00037  -2.45682      True
    bar1130 reclasticnet       2000              2000 all bars      common  1621 2018-01-17           0.13045       0.13969 -0.00924  -6.61619 -0.01338 -0.00518  -4.99225      True
    bar1130 reclasticnet       2000              2000 all bars deck period  1116 2020-01-03           0.13426       0.14792 -0.01366  -9.23324 -0.01810 -0.00904  -6.26524      True
    bar1130 reclasticnet       2000              2000    11:30      common  1621 2018-01-17           0.13045       0.13969 -0.00924  -6.61619 -0.01338 -0.00518  -4.99225      True
    bar1130 reclasticnet       2000              2000    11:30 deck period  1116 2020-01-03           0.13426       0.14792 -0.01366  -9.23324 -0.01810 -0.00904  -6.26524      True
    bar1130        ridge        500               500 all bars      common  3121 2012-03-21           0.13860       0.13320  0.00541   4.05814 -0.00071  0.01180   1.78114     False
    bar1130        ridge        500               500 all bars deck period  1116 2020-01-03           0.14249       0.14066  0.00183   1.29988 -0.00264  0.00596   0.84461     False
    bar1130        ridge        500               500    11:30      common  3121 2012-03-21           0.13860       0.13320  0.00541   4.05814 -0.00071  0.01180   1.78114     False
    bar1130        ridge        500               500    11:30 deck period  1116 2020-01-03           0.14249       0.14066  0.00183   1.29988 -0.00264  0.00596   0.84461     False
    bar1130        ridge       2000               500 all bars      common  1621 2018-01-17           0.13218       0.13634 -0.00416  -3.04923 -0.00904  0.00066  -1.92998     False
    bar1130        ridge       2000               500 all bars deck period  1116 2020-01-03           0.13556       0.14066 -0.00511  -3.63063 -0.01079  0.00079  -2.05362     False
    bar1130        ridge       2000               500    11:30      common  1621 2018-01-17           0.13218       0.13634 -0.00416  -3.04923 -0.00904  0.00066  -1.92998     False
    bar1130        ridge       2000               500    11:30 deck period  1116 2020-01-03           0.13556       0.14066 -0.00511  -3.63063 -0.01079  0.00079  -2.05362     False
    bar1130        ridge       2000              2000 all bars      common  1621 2018-01-17           0.13218       0.13907 -0.00689  -4.95142 -0.01090 -0.00272  -3.77993      True
    bar1130        ridge       2000              2000 all bars deck period  1116 2020-01-03           0.13556       0.14708 -0.01152  -7.83522 -0.01583 -0.00701  -5.56894      True
    bar1130        ridge       2000              2000    11:30      common  1621 2018-01-17           0.13218       0.13907 -0.00689  -4.95142 -0.01090 -0.00272  -3.77993      True
    bar1130        ridge       2000              2000    11:30 deck period  1116 2020-01-03           0.13556       0.14708 -0.01152  -7.83522 -0.01583 -0.00701  -5.56894      True
    bar1200     reclasso        500               500 all bars      common  3060 2012-05-31           0.13328       0.13846 -0.00518  -3.74018 -0.00794 -0.00248  -3.71912      True
    bar1200     reclasso        500               500 all bars deck period  1116 2020-01-03           0.13091       0.13662 -0.00571  -4.18002 -0.01095  0.00021  -2.17641     False
    bar1200     reclasso        500               500    12:00      common  3060 2012-05-31           0.13328       0.13846 -0.00518  -3.74018 -0.00794 -0.00248  -3.71912      True
    bar1200     reclasso        500               500    12:00 deck period  1116 2020-01-03           0.13091       0.13662 -0.00571  -4.18002 -0.01095  0.00021  -2.17641     False
    bar1200     reclasso       2000               500 all bars      common  1560 2018-04-13           0.14744       0.15291 -0.00547  -3.57852 -0.01046 -0.00017  -2.08077      True
    bar1200     reclasso       2000               500 all bars deck period  1116 2020-01-03           0.13238       0.13662 -0.00424  -3.10253 -0.00927  0.00067  -2.12351     False
    bar1200     reclasso       2000               500    12:00      common  1560 2018-04-13           0.14744       0.15291 -0.00547  -3.57852 -0.01046 -0.00017  -2.08077      True
    bar1200     reclasso       2000               500    12:00 deck period  1116 2020-01-03           0.13238       0.13662 -0.00424  -3.10253 -0.00927  0.00067  -2.12351     False
    bar1200     reclasso       2000              2000 all bars      common  1560 2018-04-13           0.14744       0.15785 -0.01041  -6.59612 -0.01441 -0.00630  -4.61508      True
    bar1200     reclasso       2000              2000 all bars deck period  1116 2020-01-03           0.13238       0.14379 -0.01140  -7.93100 -0.01462 -0.00806  -7.09655      True
    bar1200     reclasso       2000              2000    12:00      common  1560 2018-04-13           0.14744       0.15785 -0.01041  -6.59612 -0.01441 -0.00630  -4.61508      True
    bar1200     reclasso       2000              2000    12:00 deck period  1116 2020-01-03           0.13238       0.14379 -0.01140  -7.93100 -0.01462 -0.00806  -7.09655      True
    bar1200 reclasticnet        500               500 all bars      common  3060 2012-05-31           0.13469       0.13817 -0.00348  -2.51767 -0.00685  0.00001  -1.98397     False
    bar1200 reclasticnet        500               500 all bars deck period  1116 2020-01-03           0.13180       0.13627 -0.00447  -3.27792 -0.01005  0.00189  -1.51964     False
    bar1200 reclasticnet        500               500    12:00      common  3060 2012-05-31           0.13469       0.13817 -0.00348  -2.51767 -0.00685  0.00001  -1.98397     False
    bar1200 reclasticnet        500               500    12:00 deck period  1116 2020-01-03           0.13180       0.13627 -0.00447  -3.27792 -0.01005  0.00189  -1.51964     False
    bar1200 reclasticnet       2000               500 all bars      common  1560 2018-04-13           0.14590       0.15291 -0.00701  -4.58199 -0.01158 -0.00234  -3.31681      True
    bar1200 reclasticnet       2000               500 all bars deck period  1116 2020-01-03           0.13080       0.13627 -0.00547  -4.01531 -0.01048 -0.00075  -2.55919      True
    bar1200 reclasticnet       2000               500    12:00      common  1560 2018-04-13           0.14590       0.15291 -0.00701  -4.58199 -0.01158 -0.00234  -3.31681      True
    bar1200 reclasticnet       2000               500    12:00 deck period  1116 2020-01-03           0.13080       0.13627 -0.00547  -4.01531 -0.01048 -0.00075  -2.55919      True
    bar1200 reclasticnet       2000              2000 all bars      common  1560 2018-04-13           0.14590       0.15763 -0.01173  -7.44094 -0.01525 -0.00832  -6.30587      True
    bar1200 reclasticnet       2000              2000 all bars deck period  1116 2020-01-03           0.13080       0.14342 -0.01263  -8.80339 -0.01611 -0.00920  -6.79272      True
    bar1200 reclasticnet       2000              2000    12:00      common  1560 2018-04-13           0.14590       0.15763 -0.01173  -7.44094 -0.01525 -0.00832  -6.30587      True
    bar1200 reclasticnet       2000              2000    12:00 deck period  1116 2020-01-03           0.13080       0.14342 -0.01263  -8.80339 -0.01611 -0.00920  -6.79272      True
    bar1200        ridge        500               500 all bars      common  3060 2012-05-31           0.14080       0.13804  0.00276   2.00000 -0.00083  0.00680   1.44294     False
    bar1200        ridge        500               500 all bars deck period  1116 2020-01-03           0.13962       0.13692  0.00270   1.97210 -0.00352  0.01108   0.73956     False
    bar1200        ridge        500               500    12:00      common  3060 2012-05-31           0.14080       0.13804  0.00276   2.00000 -0.00083  0.00680   1.44294     False
    bar1200        ridge        500               500    12:00 deck period  1116 2020-01-03           0.13962       0.13692  0.00270   1.97210 -0.00352  0.01108   0.73956     False
    bar1200        ridge       2000               500 all bars      common  1560 2018-04-13           0.15026       0.15363 -0.00337  -2.19229 -0.00792  0.00124  -1.48306     False
    bar1200        ridge       2000               500 all bars deck period  1116 2020-01-03           0.13656       0.13692 -0.00036  -0.26103 -0.00476  0.00395  -0.18232     False
    bar1200        ridge       2000               500    12:00      common  1560 2018-04-13           0.15026       0.15363 -0.00337  -2.19229 -0.00792  0.00124  -1.48306     False
    bar1200        ridge       2000               500    12:00 deck period  1116 2020-01-03           0.13656       0.13692 -0.00036  -0.26103 -0.00476  0.00395  -0.18232     False
    bar1200        ridge       2000              2000 all bars      common  1560 2018-04-13           0.15026       0.15699 -0.00673  -4.28454 -0.01013 -0.00321  -3.43360      True
    bar1200        ridge       2000              2000 all bars deck period  1116 2020-01-03           0.13656       0.14296 -0.00640  -4.47837 -0.01010 -0.00271  -3.25539      True
    bar1200        ridge       2000              2000    12:00      common  1560 2018-04-13           0.15026       0.15699 -0.00673  -4.28454 -0.01013 -0.00321  -3.43360      True
    bar1200        ridge       2000              2000    12:00 deck period  1116 2020-01-03           0.13656       0.14296 -0.00640  -4.47837 -0.01010 -0.00271  -3.25539      True
    bar1230     reclasso        500               500 all bars      common  3060 2012-05-31           0.14051       0.14574 -0.00523  -3.58663 -0.00816 -0.00212  -3.33972      True
    bar1230     reclasso        500               500 all bars deck period  1116 2020-01-03           0.14635       0.14933 -0.00298  -1.99532 -0.00850  0.00252  -1.08176     False
    bar1230     reclasso        500               500    12:30      common  3060 2012-05-31           0.14051       0.14574 -0.00523  -3.58663 -0.00816 -0.00212  -3.33972      True
    bar1230     reclasso        500               500    12:30 deck period  1116 2020-01-03           0.14635       0.14933 -0.00298  -1.99532 -0.00850  0.00252  -1.08176     False
    bar1230     reclasso       2000               500 all bars      common  1560 2018-04-13           0.15802       0.15934 -0.00133  -0.83259 -0.00607  0.00342  -0.61828     False
    bar1230     reclasso       2000               500 all bars deck period  1116 2020-01-03           0.15304       0.14933  0.00371   2.48411 -0.00102  0.00920   1.67996     False
    bar1230     reclasso       2000               500    12:30      common  1560 2018-04-13           0.15802       0.15934 -0.00133  -0.83259 -0.00607  0.00342  -0.61828     False
    bar1230     reclasso       2000               500    12:30 deck period  1116 2020-01-03           0.15304       0.14933  0.00371   2.48411 -0.00102  0.00920   1.67996     False
    bar1230     reclasso       2000              2000 all bars      common  1560 2018-04-13           0.15802       0.16584 -0.00782  -4.71786 -0.01207 -0.00388  -3.92597      True
    bar1230     reclasso       2000              2000 all bars deck period  1116 2020-01-03           0.15304       0.15893 -0.00590  -3.71017 -0.00967 -0.00172  -3.22718      True
    bar1230     reclasso       2000              2000    12:30      common  1560 2018-04-13           0.15802       0.16584 -0.00782  -4.71786 -0.01207 -0.00388  -3.92597      True
    bar1230     reclasso       2000              2000    12:30 deck period  1116 2020-01-03           0.15304       0.15893 -0.00590  -3.71017 -0.00967 -0.00172  -3.22718      True
    bar1230 reclasticnet        500               500 all bars      common  3060 2012-05-31           0.13970       0.14459 -0.00488  -3.37734 -0.00798 -0.00165  -3.02908      True
    bar1230 reclasticnet        500               500 all bars deck period  1116 2020-01-03           0.14553       0.14822 -0.00268  -1.81065 -0.00842  0.00305  -0.90203     False
    bar1230 reclasticnet        500               500    12:30      common  3060 2012-05-31           0.13970       0.14459 -0.00488  -3.37734 -0.00798 -0.00165  -3.02908      True
    bar1230 reclasticnet        500               500    12:30 deck period  1116 2020-01-03           0.14553       0.14822 -0.00268  -1.81065 -0.00842  0.00305  -0.90203     False
    bar1230 reclasticnet       2000               500 all bars      common  1560 2018-04-13           0.15673       0.15781 -0.00108  -0.68589 -0.00560  0.00338  -0.51507     False
    bar1230 reclasticnet       2000               500 all bars deck period  1116 2020-01-03           0.15164       0.14822  0.00342   2.30879 -0.00094  0.00831   1.66052     False
    bar1230 reclasticnet       2000               500    12:30      common  1560 2018-04-13           0.15673       0.15781 -0.00108  -0.68589 -0.00560  0.00338  -0.51507     False
    bar1230 reclasticnet       2000               500    12:30 deck period  1116 2020-01-03           0.15164       0.14822  0.00342   2.30879 -0.00094  0.00831   1.66052     False
    bar1230 reclasticnet       2000              2000 all bars      common  1560 2018-04-13           0.15673       0.16544 -0.00871  -5.26522 -0.01301 -0.00482  -4.26642      True
    bar1230 reclasticnet       2000              2000 all bars deck period  1116 2020-01-03           0.15164       0.15820 -0.00656  -4.14838 -0.01013 -0.00274  -3.71825      True
    bar1230 reclasticnet       2000              2000    12:30      common  1560 2018-04-13           0.15673       0.16544 -0.00871  -5.26522 -0.01301 -0.00482  -4.26642      True
    bar1230 reclasticnet       2000              2000    12:30 deck period  1116 2020-01-03           0.15164       0.15820 -0.00656  -4.14838 -0.01013 -0.00274  -3.71825      True
    bar1230        ridge        500               500 all bars      common  3060 2012-05-31           0.14393       0.14485 -0.00092  -0.63485 -0.00527  0.00382  -0.38703     False
    bar1230        ridge        500               500 all bars deck period  1116 2020-01-03           0.14770       0.14831 -0.00061  -0.40842 -0.00630  0.00519  -0.19112     False
    bar1230        ridge        500               500    12:30      common  3060 2012-05-31           0.14393       0.14485 -0.00092  -0.63485 -0.00527  0.00382  -0.38703     False
    bar1230        ridge        500               500    12:30 deck period  1116 2020-01-03           0.14770       0.14831 -0.00061  -0.40842 -0.00630  0.00519  -0.19112     False
    bar1230        ridge       2000               500 all bars      common  1560 2018-04-13           0.15992       0.15820  0.00172   1.08922 -0.00270  0.00582   0.82282     False
    bar1230        ridge       2000               500 all bars deck period  1116 2020-01-03           0.15235       0.14831  0.00405   2.72857 -0.00025  0.00859   1.94798     False
    bar1230        ridge       2000               500    12:30      common  1560 2018-04-13           0.15992       0.15820  0.00172   1.08922 -0.00270  0.00582   0.82282     False
    bar1230        ridge       2000               500    12:30 deck period  1116 2020-01-03           0.15235       0.14831  0.00405   2.72857 -0.00025  0.00859   1.94798     False
    bar1230        ridge       2000              2000 all bars      common  1560 2018-04-13           0.15992       0.16405 -0.00413  -2.51875 -0.00833 -0.00046  -2.04542      True
    bar1230        ridge       2000              2000 all bars deck period  1116 2020-01-03           0.15235       0.15709 -0.00474  -3.01572 -0.00821 -0.00122  -2.74918      True
    bar1230        ridge       2000              2000    12:30      common  1560 2018-04-13           0.15992       0.16405 -0.00413  -2.51875 -0.00833 -0.00046  -2.04542      True
    bar1230        ridge       2000              2000    12:30 deck period  1116 2020-01-03           0.15235       0.15709 -0.00474  -3.01572 -0.00821 -0.00122  -2.74918      True
    bar1300     reclasso        500               500 all bars      common  3060 2012-05-31           0.15973       0.16196 -0.00223  -1.37910 -0.00728  0.00435  -0.74971     False
    bar1300     reclasso        500               500 all bars deck period  1116 2020-01-03           0.16737       0.16692  0.00045   0.27015 -0.01164  0.01825   0.05955     False
    bar1300     reclasso        500               500    13:00      common  3060 2012-05-31           0.15973       0.16196 -0.00223  -1.37910 -0.00728  0.00435  -0.74971     False
    bar1300     reclasso        500               500    13:00 deck period  1116 2020-01-03           0.16737       0.16692  0.00045   0.27015 -0.01164  0.01825   0.05955     False
    bar1300     reclasso       2000               500 all bars      common  1560 2018-04-13           0.17669       0.18078 -0.00410  -2.26550 -0.00868  0.00041  -1.93685     False
    bar1300     reclasso       2000               500 all bars deck period  1116 2020-01-03           0.16656       0.16692 -0.00035  -0.21122 -0.00558  0.00496  -0.16424     False
    bar1300     reclasso       2000               500    13:00      common  1560 2018-04-13           0.17669       0.18078 -0.00410  -2.26550 -0.00868  0.00041  -1.93685     False
    bar1300     reclasso       2000               500    13:00 deck period  1116 2020-01-03           0.16656       0.16692 -0.00035  -0.21122 -0.00558  0.00496  -0.16424     False
    bar1300     reclasso       2000              2000 all bars      common  1560 2018-04-13           0.17669       0.18394 -0.00725  -3.94248 -0.01040 -0.00359  -3.62262      True
    bar1300     reclasso       2000              2000 all bars deck period  1116 2020-01-03           0.16656       0.17232 -0.00576  -3.34027 -0.00942 -0.00145  -2.43625      True
    bar1300     reclasso       2000              2000    13:00      common  1560 2018-04-13           0.17669       0.18394 -0.00725  -3.94248 -0.01040 -0.00359  -3.62262      True
    bar1300     reclasso       2000              2000    13:00 deck period  1116 2020-01-03           0.16656       0.17232 -0.00576  -3.34027 -0.00942 -0.00145  -2.43625      True
    bar1300 reclasticnet        500               500 all bars      common  3060 2012-05-31           0.15845       0.16144 -0.00299  -1.84978 -0.00689  0.00119  -1.47895     False
    bar1300 reclasticnet        500               500 all bars deck period  1116 2020-01-03           0.16191       0.16681 -0.00491  -2.94097 -0.01344  0.00438  -1.13971     False
    bar1300 reclasticnet        500               500    13:00      common  3060 2012-05-31           0.15845       0.16144 -0.00299  -1.84978 -0.00689  0.00119  -1.47895     False
    bar1300 reclasticnet        500               500    13:00 deck period  1116 2020-01-03           0.16191       0.16681 -0.00491  -2.94097 -0.01344  0.00438  -1.13971     False
    bar1300 reclasticnet       2000               500 all bars      common  1560 2018-04-13           0.17626       0.18005 -0.00379  -2.10487 -0.00835  0.00091  -1.76028     False
    bar1300 reclasticnet       2000               500 all bars deck period  1116 2020-01-03           0.16546       0.16681 -0.00135  -0.81059 -0.00665  0.00379  -0.63809     False
    bar1300 reclasticnet       2000               500    13:00      common  1560 2018-04-13           0.17626       0.18005 -0.00379  -2.10487 -0.00835  0.00091  -1.76028     False
    bar1300 reclasticnet       2000               500    13:00 deck period  1116 2020-01-03           0.16546       0.16681 -0.00135  -0.81059 -0.00665  0.00379  -0.63809     False
    bar1300 reclasticnet       2000              2000 all bars      common  1560 2018-04-13           0.17626       0.18369 -0.00744  -4.04963 -0.01085 -0.00362  -3.55768      True
    bar1300 reclasticnet       2000              2000 all bars deck period  1116 2020-01-03           0.16546       0.17186 -0.00640  -3.72508 -0.01070 -0.00180  -2.66473      True
    bar1300 reclasticnet       2000              2000    13:00      common  1560 2018-04-13           0.17626       0.18369 -0.00744  -4.04963 -0.01085 -0.00362  -3.55768      True
    bar1300 reclasticnet       2000              2000    13:00 deck period  1116 2020-01-03           0.16546       0.17186 -0.00640  -3.72508 -0.01070 -0.00180  -2.66473      True
    bar1300        ridge        500               500 all bars      common  3060 2012-05-31           0.16858       0.16088  0.00770   4.78750  0.00084  0.01547   2.15373     False
    bar1300        ridge        500               500 all bars deck period  1116 2020-01-03           0.18443       0.16603  0.01839  11.07737  0.00194  0.03819   2.10105     False
    bar1300        ridge        500               500    13:00      common  3060 2012-05-31           0.16858       0.16088  0.00770   4.78750  0.00084  0.01547   2.15373     False
    bar1300        ridge        500               500    13:00 deck period  1116 2020-01-03           0.18443       0.16603  0.01839  11.07737  0.00194  0.03819   2.10105     False
    bar1300        ridge       2000               500 all bars      common  1560 2018-04-13           0.17977       0.17958  0.00018   0.10122 -0.00646  0.00812   0.05757     False
    bar1300        ridge       2000               500 all bars deck period  1116 2020-01-03           0.16985       0.16603  0.00382   2.29882 -0.00437  0.01296   1.05447     False
    bar1300        ridge       2000               500    13:00      common  1560 2018-04-13           0.17977       0.17958  0.00018   0.10122 -0.00646  0.00812   0.05757     False
    bar1300        ridge       2000               500    13:00 deck period  1116 2020-01-03           0.16985       0.16603  0.00382   2.29882 -0.00437  0.01296   1.05447     False
    bar1300        ridge       2000              2000 all bars      common  1560 2018-04-13           0.17977       0.18248 -0.00271  -1.48491 -0.00798  0.00433  -0.86851     False
    bar1300        ridge       2000              2000 all bars deck period  1116 2020-01-03           0.16985       0.17101 -0.00116  -0.67836 -0.00806  0.00804  -0.29702     False
    bar1300        ridge       2000              2000    13:00      common  1560 2018-04-13           0.17977       0.18248 -0.00271  -1.48491 -0.00798  0.00433  -0.86851     False
    bar1300        ridge       2000              2000    13:00 deck period  1116 2020-01-03           0.16985       0.17101 -0.00116  -0.67836 -0.00806  0.00804  -0.29702     False
    bar1330     reclasso        500               500 all bars      common  2999 2012-05-31           0.16456       0.17021 -0.00565  -3.32011 -0.00962 -0.00125  -2.71719      True
    bar1330     reclasso        500               500 all bars deck period  1088 2020-01-03           0.16948       0.17205 -0.00256  -1.48971 -0.00992  0.00465  -0.72014     False
    bar1330     reclasso        500               500    13:30      common  2999 2012-05-31           0.16456       0.17021 -0.00565  -3.32011 -0.00962 -0.00125  -2.71719      True
    bar1330     reclasso        500               500    13:30 deck period  1088 2020-01-03           0.16948       0.17205 -0.00256  -1.48971 -0.00992  0.00465  -0.72014     False
    bar1330     reclasso       2000               500 all bars      common  1499 2018-05-17           0.17533       0.18299 -0.00767  -4.19044 -0.01206 -0.00329  -3.56122      True
    bar1330     reclasso       2000               500 all bars deck period  1088 2020-01-03           0.16766       0.17205 -0.00439  -2.55135 -0.00967  0.00042  -1.76503     False
    bar1330     reclasso       2000               500    13:30      common  1499 2018-05-17           0.17533       0.18299 -0.00767  -4.19044 -0.01206 -0.00329  -3.56122      True
    bar1330     reclasso       2000               500    13:30 deck period  1088 2020-01-03           0.16766       0.17205 -0.00439  -2.55135 -0.00967  0.00042  -1.76503     False
    bar1330     reclasso       2000              2000 all bars      common  1499 2018-05-17           0.17533       0.18448 -0.00915  -4.96233 -0.01333 -0.00558  -4.82059      True
    bar1330     reclasso       2000              2000 all bars deck period  1088 2020-01-03           0.16766       0.17538 -0.00773  -4.40629 -0.01294 -0.00317  -3.36935      True
    bar1330     reclasso       2000              2000    13:30      common  1499 2018-05-17           0.17533       0.18448 -0.00915  -4.96233 -0.01333 -0.00558  -4.82059      True
    bar1330     reclasso       2000              2000    13:30 deck period  1088 2020-01-03           0.16766       0.17538 -0.00773  -4.40629 -0.01294 -0.00317  -3.36935      True
    bar1330 reclasticnet        500               500 all bars      common  2999 2012-05-31           0.16745       0.16920 -0.00175  -1.03298 -0.00784  0.00640  -0.49369     False
    bar1330 reclasticnet        500               500 all bars deck period  1088 2020-01-03           0.16948       0.17188 -0.00241  -1.40036 -0.01009  0.00506  -0.63451     False
    bar1330 reclasticnet        500               500    13:30      common  2999 2012-05-31           0.16745       0.16920 -0.00175  -1.03298 -0.00784  0.00640  -0.49369     False
    bar1330 reclasticnet        500               500    13:30 deck period  1088 2020-01-03           0.16948       0.17188 -0.00241  -1.40036 -0.01009  0.00506  -0.63451     False
    bar1330 reclasticnet       2000               500 all bars      common  1499 2018-05-17           0.17482       0.18237 -0.00755  -4.13902 -0.01233 -0.00318  -3.38100      True
    bar1330 reclasticnet       2000               500 all bars deck period  1088 2020-01-03           0.16689       0.17188 -0.00499  -2.90515 -0.01094  0.00026  -1.89079     False
    bar1330 reclasticnet       2000               500    13:30      common  1499 2018-05-17           0.17482       0.18237 -0.00755  -4.13902 -0.01233 -0.00318  -3.38100      True
    bar1330 reclasticnet       2000               500    13:30 deck period  1088 2020-01-03           0.16689       0.17188 -0.00499  -2.90515 -0.01094  0.00026  -1.89079     False
    bar1330 reclasticnet       2000              2000 all bars      common  1499 2018-05-17           0.17482       0.18380 -0.00898  -4.88727 -0.01351 -0.00508  -4.47451      True
    bar1330 reclasticnet       2000              2000 all bars deck period  1088 2020-01-03           0.16689       0.17454 -0.00764  -4.38007 -0.01346 -0.00274  -3.14083      True
    bar1330 reclasticnet       2000              2000    13:30      common  1499 2018-05-17           0.17482       0.18380 -0.00898  -4.88727 -0.01351 -0.00508  -4.47451      True
    bar1330 reclasticnet       2000              2000    13:30 deck period  1088 2020-01-03           0.16689       0.17454 -0.00764  -4.38007 -0.01346 -0.00274  -3.14083      True
    bar1330        ridge        500               500 all bars      common  2999 2012-05-31           0.17101       0.16828  0.00273   1.62119 -0.00385  0.01112   0.74387     False
    bar1330        ridge        500               500 all bars deck period  1088 2020-01-03           0.17422       0.17018  0.00405   2.37712 -0.00619  0.01680   0.68203     False
    bar1330        ridge        500               500    13:30      common  2999 2012-05-31           0.17101       0.16828  0.00273   1.62119 -0.00385  0.01112   0.74387     False
    bar1330        ridge        500               500    13:30 deck period  1088 2020-01-03           0.17422       0.17018  0.00405   2.37712 -0.00619  0.01680   0.68203     False
    bar1330        ridge       2000               500 all bars      common  1499 2018-05-17           0.17999       0.18103 -0.00104  -0.57507 -0.00715  0.00457  -0.37747     False
    bar1330        ridge       2000               500 all bars deck period  1088 2020-01-03           0.16849       0.17018 -0.00168  -0.98982 -0.00773  0.00402  -0.57582     False
    bar1330        ridge       2000               500    13:30      common  1499 2018-05-17           0.17999       0.18103 -0.00104  -0.57507 -0.00715  0.00457  -0.37747     False
    bar1330        ridge       2000               500    13:30 deck period  1088 2020-01-03           0.16849       0.17018 -0.00168  -0.98982 -0.00773  0.00402  -0.57582     False
    bar1330        ridge       2000              2000 all bars      common  1499 2018-05-17           0.17999       0.18237 -0.00238  -1.30391 -0.00794  0.00253  -0.99286     False
    bar1330        ridge       2000              2000 all bars deck period  1088 2020-01-03           0.16849       0.17342 -0.00493  -2.84117 -0.01124  0.00049  -1.82824     False
    bar1330        ridge       2000              2000    13:30      common  1499 2018-05-17           0.17999       0.18237 -0.00238  -1.30391 -0.00794  0.00253  -0.99286     False
    bar1330        ridge       2000              2000    13:30 deck period  1088 2020-01-03           0.16849       0.17342 -0.00493  -2.84117 -0.01124  0.00049  -1.82824     False
    bar1400     reclasso        500               500 all bars      common  2987 2012-06-13           0.15593       0.15674 -0.00082  -0.52194 -0.00620  0.00601  -0.27960     False
    bar1400     reclasso        500               500 all bars deck period  1088 2020-01-03           0.17841       0.17362  0.00479   2.76059 -0.00888  0.02313   0.71383     False
    bar1400     reclasso        500               500    14:00      common  2987 2012-06-13           0.15593       0.15674 -0.00082  -0.52194 -0.00620  0.00601  -0.27960     False
    bar1400     reclasso        500               500    14:00 deck period  1088 2020-01-03           0.17841       0.17362  0.00479   2.76059 -0.00888  0.02313   0.71383     False
    bar1400     reclasso       2000               500 all bars      common  1487 2018-06-01           0.17737       0.18078 -0.00341  -1.88794 -0.00905  0.00209  -1.24263     False
    bar1400     reclasso       2000               500 all bars deck period  1088 2020-01-03           0.17483       0.17362  0.00120   0.69376 -0.00604  0.00798   0.36517     False
    bar1400     reclasso       2000               500    14:00      common  1487 2018-06-01           0.17737       0.18078 -0.00341  -1.88794 -0.00905  0.00209  -1.24263     False
    bar1400     reclasso       2000               500    14:00 deck period  1088 2020-01-03           0.17483       0.17362  0.00120   0.69376 -0.00604  0.00798   0.36517     False
    bar1400     reclasso       2000              2000 all bars      common  1487 2018-06-01           0.17737       0.18474 -0.00737  -3.98807 -0.01201 -0.00284  -3.26920      True
    bar1400     reclasso       2000              2000 all bars deck period  1088 2020-01-03           0.17483       0.17978 -0.00496  -2.75801 -0.01060  0.00063  -1.87628     False
    bar1400     reclasso       2000              2000    14:00      common  1487 2018-06-01           0.17737       0.18474 -0.00737  -3.98807 -0.01201 -0.00284  -3.26920      True
    bar1400     reclasso       2000              2000    14:00 deck period  1088 2020-01-03           0.17483       0.17978 -0.00496  -2.75801 -0.01060  0.00063  -1.87628     False
    bar1400 reclasticnet        500               500 all bars      common  2987 2012-06-13           0.15572       0.15618 -0.00047  -0.29806 -0.00652  0.00709  -0.14357     False
    bar1400 reclasticnet        500               500 all bars deck period  1088 2020-01-03           0.17650       0.17304  0.00346   1.99943 -0.01118  0.02354   0.47890     False
    bar1400 reclasticnet        500               500    14:00      common  2987 2012-06-13           0.15572       0.15618 -0.00047  -0.29806 -0.00652  0.00709  -0.14357     False
    bar1400 reclasticnet        500               500    14:00 deck period  1088 2020-01-03           0.17650       0.17304  0.00346   1.99943 -0.01118  0.02354   0.47890     False
    bar1400 reclasticnet       2000               500 all bars      common  1487 2018-06-01           0.17778       0.18014 -0.00236  -1.31129 -0.00794  0.00306  -0.83816     False
    bar1400 reclasticnet       2000               500 all bars deck period  1088 2020-01-03           0.17524       0.17304  0.00220   1.26891 -0.00488  0.00916   0.63376     False
    bar1400 reclasticnet       2000               500    14:00      common  1487 2018-06-01           0.17778       0.18014 -0.00236  -1.31129 -0.00794  0.00306  -0.83816     False
    bar1400 reclasticnet       2000               500    14:00 deck period  1088 2020-01-03           0.17524       0.17304  0.00220   1.26891 -0.00488  0.00916   0.63376     False
    bar1400 reclasticnet       2000              2000 all bars      common  1487 2018-06-01           0.17778       0.18449 -0.00672  -3.64102 -0.01139 -0.00198  -2.94204      True
    bar1400 reclasticnet       2000              2000 all bars deck period  1088 2020-01-03           0.17524       0.17968 -0.00444  -2.46972 -0.01007  0.00116  -1.63854     False
    bar1400 reclasticnet       2000              2000    14:00      common  1487 2018-06-01           0.17778       0.18449 -0.00672  -3.64102 -0.01139 -0.00198  -2.94204      True
    bar1400 reclasticnet       2000              2000    14:00 deck period  1088 2020-01-03           0.17524       0.17968 -0.00444  -2.46972 -0.01007  0.00116  -1.63854     False
    bar1400        ridge        500               500 all bars      common  2987 2012-06-13           0.15853       0.15663  0.00189   1.20951 -0.00475  0.00986   0.55416     False
    bar1400        ridge        500               500 all bars deck period  1088 2020-01-03           0.18217       0.17325  0.00893   5.15240 -0.00586  0.02977   1.18637     False
    bar1400        ridge        500               500    14:00      common  2987 2012-06-13           0.15853       0.15663  0.00189   1.20951 -0.00475  0.00986   0.55416     False
    bar1400        ridge        500               500    14:00 deck period  1088 2020-01-03           0.18217       0.17325  0.00893   5.15240 -0.00586  0.02977   1.18637     False
    bar1400        ridge       2000               500 all bars      common  1487 2018-06-01           0.17750       0.18100 -0.00350  -1.93425 -0.00899  0.00197  -1.35630     False
    bar1400        ridge       2000               500 all bars deck period  1088 2020-01-03           0.17475       0.17325  0.00150   0.86464 -0.00506  0.00739   0.50311     False
    bar1400        ridge       2000               500    14:00      common  1487 2018-06-01           0.17750       0.18100 -0.00350  -1.93425 -0.00899  0.00197  -1.35630     False
    bar1400        ridge       2000               500    14:00 deck period  1088 2020-01-03           0.17475       0.17325  0.00150   0.86464 -0.00506  0.00739   0.50311     False
    bar1400        ridge       2000              2000 all bars      common  1487 2018-06-01           0.17750       0.18303 -0.00554  -3.02426 -0.01030 -0.00056  -2.36458      True
    bar1400        ridge       2000              2000 all bars deck period  1088 2020-01-03           0.17475       0.17792 -0.00317  -1.78248 -0.00866  0.00246  -1.16893     False
    bar1400        ridge       2000              2000    14:00      common  1487 2018-06-01           0.17750       0.18303 -0.00554  -3.02426 -0.01030 -0.00056  -2.36458      True
    bar1400        ridge       2000              2000    14:00 deck period  1088 2020-01-03           0.17475       0.17792 -0.00317  -1.78248 -0.00866  0.00246  -1.16893     False
    bar1430     reclasso        500               500 all bars      common  2979 2012-06-20           0.25515       0.30650 -0.05135 -16.75345 -0.06504 -0.03900  -7.53739      True
    bar1430     reclasso        500               500 all bars deck period  1087 2020-01-03           0.27503       0.34316 -0.06813 -19.85354 -0.10084 -0.04073  -4.28293      True
    bar1430     reclasso        500               500    14:30      common  2979 2012-06-20           0.25515       0.30650 -0.05135 -16.75345 -0.06504 -0.03900  -7.53739      True
    bar1430     reclasso        500               500    14:30 deck period  1087 2020-01-03           0.27503       0.34316 -0.06813 -19.85354 -0.10084 -0.04073  -4.28293      True
    bar1430     reclasso       2000               500 all bars      common  1479 2018-06-11           0.27072       0.32635 -0.05563 -17.04730 -0.07797 -0.03586  -4.79148      True
    bar1430     reclasso       2000               500 all bars deck period  1087 2020-01-03           0.27978       0.34316 -0.06338 -18.47054 -0.09307 -0.03775  -4.16122      True
    bar1430     reclasso       2000               500    14:30      common  1479 2018-06-11           0.27072       0.32635 -0.05563 -17.04730 -0.07797 -0.03586  -4.79148      True
    bar1430     reclasso       2000               500    14:30 deck period  1087 2020-01-03           0.27978       0.34316 -0.06338 -18.47054 -0.09307 -0.03775  -4.16122      True
    bar1430     reclasso       2000              2000 all bars      common  1479 2018-06-11           0.27072       0.32168 -0.05096 -15.84214 -0.06808 -0.03465  -5.98866      True
    bar1430     reclasso       2000              2000 all bars deck period  1087 2020-01-03           0.27978       0.33844 -0.05866 -17.33321 -0.08053 -0.03947  -5.51609      True
    bar1430     reclasso       2000              2000    14:30      common  1479 2018-06-11           0.27072       0.32168 -0.05096 -15.84214 -0.06808 -0.03465  -5.98866      True
    bar1430     reclasso       2000              2000    14:30 deck period  1087 2020-01-03           0.27978       0.33844 -0.05866 -17.33321 -0.08053 -0.03947  -5.51609      True
    bar1430 reclasticnet        500               500 all bars      common  2979 2012-06-20           0.25058       0.30651 -0.05594 -18.24919 -0.07016 -0.04296  -7.85585      True
    bar1430 reclasticnet        500               500 all bars deck period  1087 2020-01-03           0.26660       0.34376 -0.07717 -22.44741 -0.11050 -0.04956  -4.70848      True
    bar1430 reclasticnet        500               500    14:30      common  2979 2012-06-20           0.25058       0.30651 -0.05594 -18.24919 -0.07016 -0.04296  -7.85585      True
    bar1430 reclasticnet        500               500    14:30 deck period  1087 2020-01-03           0.26660       0.34376 -0.07717 -22.44741 -0.11050 -0.04956  -4.70848      True
    bar1430 reclasticnet       2000               500 all bars      common  1479 2018-06-11           0.26782       0.32649 -0.05867 -17.96973 -0.08135 -0.03891  -4.97783      True
    bar1430 reclasticnet       2000               500 all bars deck period  1087 2020-01-03           0.27653       0.34376 -0.06724 -19.55866 -0.09677 -0.04095  -4.35736      True
    bar1430 reclasticnet       2000               500    14:30      common  1479 2018-06-11           0.26782       0.32649 -0.05867 -17.96973 -0.08135 -0.03891  -4.97783      True
    bar1430 reclasticnet       2000               500    14:30 deck period  1087 2020-01-03           0.27653       0.34376 -0.06724 -19.55866 -0.09677 -0.04095  -4.35736      True
    bar1430 reclasticnet       2000              2000 all bars      common  1479 2018-06-11           0.26782       0.32079 -0.05297 -16.51184 -0.07066 -0.03610  -5.96171      True
    bar1430 reclasticnet       2000              2000 all bars deck period  1087 2020-01-03           0.27653       0.33742 -0.06089 -18.04707 -0.08320 -0.04040  -5.49529      True
    bar1430 reclasticnet       2000              2000    14:30      common  1479 2018-06-11           0.26782       0.32079 -0.05297 -16.51184 -0.07066 -0.03610  -5.96171      True
    bar1430 reclasticnet       2000              2000    14:30 deck period  1087 2020-01-03           0.27653       0.33742 -0.06089 -18.04707 -0.08320 -0.04040  -5.49529      True
    bar1430        ridge        500               500 all bars      common  2979 2012-06-20           0.26632       0.30761 -0.04129 -13.42168 -0.05513 -0.02834  -5.90185      True
    bar1430        ridge        500               500 all bars deck period  1087 2020-01-03           0.28494       0.34576 -0.06082 -17.59113 -0.09281 -0.03470  -3.77456      True
    bar1430        ridge        500               500    14:30      common  2979 2012-06-20           0.26632       0.30761 -0.04129 -13.42168 -0.05513 -0.02834  -5.90185      True
    bar1430        ridge        500               500    14:30 deck period  1087 2020-01-03           0.28494       0.34576 -0.06082 -17.59113 -0.09281 -0.03470  -3.77456      True
    bar1430        ridge       2000               500 all bars      common  1479 2018-06-11           0.27532       0.32854 -0.05322 -16.19996 -0.07946 -0.03191  -4.15095      True
    bar1430        ridge       2000               500 all bars deck period  1087 2020-01-03           0.28404       0.34576 -0.06172 -17.84993 -0.09621 -0.03332  -3.67467      True
    bar1430        ridge       2000               500    14:30      common  1479 2018-06-11           0.27532       0.32854 -0.05322 -16.19996 -0.07946 -0.03191  -4.15095      True
    bar1430        ridge       2000               500    14:30 deck period  1087 2020-01-03           0.28404       0.34576 -0.06172 -17.84993 -0.09621 -0.03332  -3.67467      True
    bar1430        ridge       2000              2000 all bars      common  1479 2018-06-11           0.27532       0.32071 -0.04539 -14.15274 -0.06327 -0.02786  -5.23228      True
    bar1430        ridge       2000              2000 all bars deck period  1087 2020-01-03           0.28404       0.33749 -0.05345 -15.83700 -0.07633 -0.03212  -5.04898      True
    bar1430        ridge       2000              2000    14:30      common  1479 2018-06-11           0.27532       0.32071 -0.04539 -14.15274 -0.06327 -0.02786  -5.23228      True
    bar1430        ridge       2000              2000    14:30 deck period  1087 2020-01-03           0.28404       0.33749 -0.05345 -15.83700 -0.07633 -0.03212  -5.04898      True
    bar1500     reclasso        500               500 all bars      common  2977 2012-06-21           0.16083       0.17563 -0.01480  -8.42946 -0.02069 -0.00809  -4.65150      True
    bar1500     reclasso        500               500 all bars deck period  1087 2020-01-03           0.18677       0.20314 -0.01638  -8.06198 -0.02985 -0.00068  -2.21498      True
    bar1500     reclasso        500               500    15:00      common  2977 2012-06-21           0.16083       0.17563 -0.01480  -8.42946 -0.02069 -0.00809  -4.65150      True
    bar1500     reclasso        500               500    15:00 deck period  1087 2020-01-03           0.18677       0.20314 -0.01638  -8.06198 -0.02985 -0.00068  -2.21498      True
    bar1500     reclasso       2000               500 all bars      common  1477 2018-06-13           0.21037       0.22211 -0.01174  -5.28538 -0.01958 -0.00326  -2.70995      True
    bar1500     reclasso       2000               500 all bars deck period  1087 2020-01-03           0.19539       0.20314 -0.00775  -3.81559 -0.01603  0.00145  -1.64937     False
    bar1500     reclasso       2000               500    15:00      common  1477 2018-06-13           0.21037       0.22211 -0.01174  -5.28538 -0.01958 -0.00326  -2.70995      True
    bar1500     reclasso       2000               500    15:00 deck period  1087 2020-01-03           0.19539       0.20314 -0.00775  -3.81559 -0.01603  0.00145  -1.64937     False
    bar1500     reclasso       2000              2000 all bars      common  1477 2018-06-13           0.21037       0.22944 -0.01908  -8.31415 -0.02573 -0.01122  -5.13265      True
    bar1500     reclasso       2000              2000 all bars deck period  1087 2020-01-03           0.19539       0.21521 -0.01981  -9.20645 -0.02736 -0.01063  -4.58752      True
    bar1500     reclasso       2000              2000    15:00      common  1477 2018-06-13           0.21037       0.22944 -0.01908  -8.31415 -0.02573 -0.01122  -5.13265      True
    bar1500     reclasso       2000              2000    15:00 deck period  1087 2020-01-03           0.19539       0.21521 -0.01981  -9.20645 -0.02736 -0.01063  -4.58752      True
    bar1500 reclasticnet        500               500 all bars      common  2977 2012-06-21           0.16084       0.17559 -0.01474  -8.39540 -0.02029 -0.00856  -4.94257      True
    bar1500 reclasticnet        500               500 all bars deck period  1087 2020-01-03           0.18759       0.20222 -0.01463  -7.23573 -0.02681 -0.00059  -2.15874      True
    bar1500 reclasticnet        500               500    15:00      common  2977 2012-06-21           0.16084       0.17559 -0.01474  -8.39540 -0.02029 -0.00856  -4.94257      True
    bar1500 reclasticnet        500               500    15:00 deck period  1087 2020-01-03           0.18759       0.20222 -0.01463  -7.23573 -0.02681 -0.00059  -2.15874      True
    bar1500 reclasticnet       2000               500 all bars      common  1477 2018-06-13           0.21127       0.22136 -0.01009  -4.55644 -0.01785 -0.00164  -2.33290      True
    bar1500 reclasticnet       2000               500 all bars deck period  1087 2020-01-03           0.19718       0.20222 -0.00504  -2.49422 -0.01306  0.00390  -1.04065     False
    bar1500 reclasticnet       2000               500    15:00      common  1477 2018-06-13           0.21127       0.22136 -0.01009  -4.55644 -0.01785 -0.00164  -2.33290      True
    bar1500 reclasticnet       2000               500    15:00 deck period  1087 2020-01-03           0.19718       0.20222 -0.00504  -2.49422 -0.01306  0.00390  -1.04065     False
    bar1500 reclasticnet       2000              2000 all bars      common  1477 2018-06-13           0.21127       0.22861 -0.01734  -7.58368 -0.02506 -0.00834  -3.92375      True
    bar1500 reclasticnet       2000              2000 all bars deck period  1087 2020-01-03           0.19718       0.21403 -0.01685  -7.87150 -0.02604 -0.00600  -3.09522      True
    bar1500 reclasticnet       2000              2000    15:00      common  1477 2018-06-13           0.21127       0.22861 -0.01734  -7.58368 -0.02506 -0.00834  -3.92375      True
    bar1500 reclasticnet       2000              2000    15:00 deck period  1087 2020-01-03           0.19718       0.21403 -0.01685  -7.87150 -0.02604 -0.00600  -3.09522      True
    bar1500        ridge        500               500 all bars      common  2977 2012-06-21           0.16553       0.17396 -0.00843  -4.84566 -0.01428 -0.00222  -2.82085      True
    bar1500        ridge        500               500 all bars deck period  1087 2020-01-03           0.19181       0.20061 -0.00880  -4.38835 -0.01959  0.00228  -1.58617     False
    bar1500        ridge        500               500    15:00      common  2977 2012-06-21           0.16553       0.17396 -0.00843  -4.84566 -0.01428 -0.00222  -2.82085      True
    bar1500        ridge        500               500    15:00 deck period  1087 2020-01-03           0.19181       0.20061 -0.00880  -4.38835 -0.01959  0.00228  -1.58617     False
    bar1500        ridge       2000               500 all bars      common  1477 2018-06-13           0.21504       0.21990 -0.00487  -2.21241 -0.01287  0.00385  -1.09890     False
    bar1500        ridge       2000               500 all bars deck period  1087 2020-01-03           0.19845       0.20061 -0.00216  -1.07807 -0.01035  0.00729  -0.43433     False
    bar1500        ridge       2000               500    15:00      common  1477 2018-06-13           0.21504       0.21990 -0.00487  -2.21241 -0.01287  0.00385  -1.09890     False
    bar1500        ridge       2000               500    15:00 deck period  1087 2020-01-03           0.19845       0.20061 -0.00216  -1.07807 -0.01035  0.00729  -0.43433     False
    bar1500        ridge       2000              2000 all bars      common  1477 2018-06-13           0.21504       0.22696 -0.01192  -5.25363 -0.01950 -0.00325  -2.79828      True
    bar1500        ridge       2000              2000 all bars deck period  1087 2020-01-03           0.19845       0.21243 -0.01398  -6.58092 -0.02280 -0.00391  -2.70541      True
    bar1500        ridge       2000              2000    15:00      common  1477 2018-06-13           0.21504       0.22696 -0.01192  -5.25363 -0.01950 -0.00325  -2.79828      True
    bar1500        ridge       2000              2000    15:00 deck period  1087 2020-01-03           0.19845       0.21243 -0.01398  -6.58092 -0.02280 -0.00391  -2.70541      True
    bar1530     reclasso        500               500 all bars      common  2975 2012-06-25           0.12487       0.13015 -0.00527  -4.05238 -0.00940 -0.00122  -2.71205      True
    bar1530     reclasso        500               500 all bars deck period  1087 2020-01-03           0.13049       0.12997  0.00051   0.39544 -0.00564  0.00677   0.17373     False
    bar1530     reclasso        500               500    15:30      common  2975 2012-06-25           0.12487       0.13015 -0.00527  -4.05238 -0.00940 -0.00122  -2.71205      True
    bar1530     reclasso        500               500    15:30 deck period  1087 2020-01-03           0.13049       0.12997  0.00051   0.39544 -0.00564  0.00677   0.17373     False
    bar1530     reclasso       2000               500 all bars      common  1475 2018-06-15           0.12967       0.13867 -0.00899  -6.48624 -0.01510 -0.00301  -2.97609      True
    bar1530     reclasso       2000               500 all bars deck period  1087 2020-01-03           0.12471       0.12997 -0.00526  -4.04654 -0.01167  0.00119  -1.63045     False
    bar1530     reclasso       2000               500    15:30      common  1475 2018-06-15           0.12967       0.13867 -0.00899  -6.48624 -0.01510 -0.00301  -2.97609      True
    bar1530     reclasso       2000               500    15:30 deck period  1087 2020-01-03           0.12471       0.12997 -0.00526  -4.04654 -0.01167  0.00119  -1.63045     False
    bar1530     reclasso       2000              2000 all bars      common  1475 2018-06-15           0.12967       0.14083 -0.01115  -7.91934 -0.01543 -0.00703  -4.94142      True
    bar1530     reclasso       2000              2000 all bars deck period  1087 2020-01-03           0.12471       0.13486 -0.01014  -7.52113 -0.01469 -0.00583  -4.47853      True
    bar1530     reclasso       2000              2000    15:30      common  1475 2018-06-15           0.12967       0.14083 -0.01115  -7.91934 -0.01543 -0.00703  -4.94142      True
    bar1530     reclasso       2000              2000    15:30 deck period  1087 2020-01-03           0.12471       0.13486 -0.01014  -7.52113 -0.01469 -0.00583  -4.47853      True
    bar1530 reclasticnet        500               500 all bars      common  2975 2012-06-25           0.12326       0.12942 -0.00616  -4.76261 -0.01002 -0.00242  -3.28208      True
    bar1530 reclasticnet        500               500 all bars deck period  1087 2020-01-03           0.13059       0.12871  0.00188   1.46354 -0.00418  0.00739   0.64635     False
    bar1530 reclasticnet        500               500    15:30      common  2975 2012-06-25           0.12326       0.12942 -0.00616  -4.76261 -0.01002 -0.00242  -3.28208      True
    bar1530 reclasticnet        500               500    15:30 deck period  1087 2020-01-03           0.13059       0.12871  0.00188   1.46354 -0.00418  0.00739   0.64635     False
    bar1530 reclasticnet       2000               500 all bars      common  1475 2018-06-15           0.13086       0.13703 -0.00618  -4.50824 -0.01201 -0.00047  -2.20066      True
    bar1530 reclasticnet       2000               500 all bars deck period  1087 2020-01-03           0.12534       0.12871 -0.00336  -2.61308 -0.00955  0.00314  -1.15482     False
    bar1530 reclasticnet       2000               500    15:30      common  1475 2018-06-15           0.13086       0.13703 -0.00618  -4.50824 -0.01201 -0.00047  -2.20066      True
    bar1530 reclasticnet       2000               500    15:30 deck period  1087 2020-01-03           0.12534       0.12871 -0.00336  -2.61308 -0.00955  0.00314  -1.15482     False
    bar1530 reclasticnet       2000              2000 all bars      common  1475 2018-06-15           0.13086       0.14045 -0.00959  -6.83022 -0.01389 -0.00543  -4.40477      True
    bar1530 reclasticnet       2000              2000 all bars deck period  1087 2020-01-03           0.12534       0.13440 -0.00905  -6.73583 -0.01360 -0.00472  -4.20955      True
    bar1530 reclasticnet       2000              2000    15:30      common  1475 2018-06-15           0.13086       0.14045 -0.00959  -6.83022 -0.01389 -0.00543  -4.40477      True
    bar1530 reclasticnet       2000              2000    15:30 deck period  1087 2020-01-03           0.12534       0.13440 -0.00905  -6.73583 -0.01360 -0.00472  -4.20955      True
    bar1530        ridge        500               500 all bars      common  2975 2012-06-25           0.13098       0.12907  0.00191   1.48306 -0.00335  0.00692   0.78179     False
    bar1530        ridge        500               500 all bars deck period  1087 2020-01-03           0.13509       0.12889  0.00620   4.80996 -0.00262  0.01508   1.41084     False
    bar1530        ridge        500               500    15:30      common  2975 2012-06-25           0.13098       0.12907  0.00191   1.48306 -0.00335  0.00692   0.78179     False
    bar1530        ridge        500               500    15:30 deck period  1087 2020-01-03           0.13509       0.12889  0.00620   4.80996 -0.00262  0.01508   1.41084     False
    bar1530        ridge       2000               500 all bars      common  1475 2018-06-15           0.12921       0.13759 -0.00838  -6.09011 -0.01461 -0.00247  -2.84912      True
    bar1530        ridge       2000               500 all bars deck period  1087 2020-01-03           0.12410       0.12889 -0.00480  -3.72175 -0.01134  0.00182  -1.58505     False
    bar1530        ridge       2000               500    15:30      common  1475 2018-06-15           0.12921       0.13759 -0.00838  -6.09011 -0.01461 -0.00247  -2.84912      True
    bar1530        ridge       2000               500    15:30 deck period  1087 2020-01-03           0.12410       0.12889 -0.00480  -3.72175 -0.01134  0.00182  -1.58505     False
    bar1530        ridge       2000              2000 all bars      common  1475 2018-06-15           0.12921       0.13902 -0.00981  -7.05540 -0.01397 -0.00581  -4.53103      True
    bar1530        ridge       2000              2000 all bars deck period  1087 2020-01-03           0.12410       0.13318 -0.00909  -6.82304 -0.01353 -0.00470  -4.24509      True
    bar1530        ridge       2000              2000    15:30      common  1475 2018-06-15           0.12921       0.13902 -0.00981  -7.05540 -0.01397 -0.00581  -4.53103      True
    bar1530        ridge       2000              2000    15:30 deck period  1087 2020-01-03           0.12410       0.13318 -0.00909  -6.82304 -0.01353 -0.00470  -4.24509      True
    bar1600     reclasso        500               500 all bars      common  2969 2012-07-03           0.11979       0.12661 -0.00683  -5.39100 -0.01076 -0.00324  -3.75445      True
    bar1600     reclasso        500               500 all bars deck period  1087 2020-01-03           0.10880       0.11344 -0.00464  -4.09297 -0.01203  0.00116  -1.47955     False
    bar1600     reclasso        500               500    16:00      common  2969 2012-07-03           0.11979       0.12661 -0.00683  -5.39100 -0.01076 -0.00324  -3.75445      True
    bar1600     reclasso        500               500    16:00 deck period  1087 2020-01-03           0.10880       0.11344 -0.00464  -4.09297 -0.01203  0.00116  -1.47955     False
    bar1600     reclasso       2000               500 all bars      common  1469 2018-06-25           0.11490       0.12878 -0.01388 -10.78038 -0.02078 -0.00817  -4.62696      True
    bar1600     reclasso       2000               500 all bars deck period  1087 2020-01-03           0.10158       0.11344 -0.01186 -10.45288 -0.01862 -0.00606  -3.73928      True
    bar1600     reclasso       2000               500    16:00      common  1469 2018-06-25           0.11490       0.12878 -0.01388 -10.78038 -0.02078 -0.00817  -4.62696      True
    bar1600     reclasso       2000               500    16:00 deck period  1087 2020-01-03           0.10158       0.11344 -0.01186 -10.45288 -0.01862 -0.00606  -3.73928      True
    bar1600     reclasso       2000              2000 all bars      common  1469 2018-06-25           0.11490       0.13028 -0.01539 -11.81005 -0.02090 -0.01042  -6.11260      True
    bar1600     reclasso       2000              2000 all bars deck period  1087 2020-01-03           0.10158       0.11592 -0.01433 -12.36523 -0.01950 -0.00940  -5.54180      True
    bar1600     reclasso       2000              2000    16:00      common  1469 2018-06-25           0.11490       0.13028 -0.01539 -11.81005 -0.02090 -0.01042  -6.11260      True
    bar1600     reclasso       2000              2000    16:00 deck period  1087 2020-01-03           0.10158       0.11592 -0.01433 -12.36523 -0.01950 -0.00940  -5.54180      True
    bar1600 reclasticnet        500               500 all bars      common  2969 2012-07-03           0.11756       0.12632 -0.00876  -6.93309 -0.01285 -0.00499  -4.44467      True
    bar1600 reclasticnet        500               500 all bars deck period  1087 2020-01-03           0.10673       0.11329 -0.00656  -5.79297 -0.01379 -0.00067  -2.02363      True
    bar1600 reclasticnet        500               500    16:00      common  2969 2012-07-03           0.11756       0.12632 -0.00876  -6.93309 -0.01285 -0.00499  -4.44467      True
    bar1600 reclasticnet        500               500    16:00 deck period  1087 2020-01-03           0.10673       0.11329 -0.00656  -5.79297 -0.01379 -0.00067  -2.02363      True
    bar1600 reclasticnet       2000               500 all bars      common  1469 2018-06-25           0.11369       0.12909 -0.01540 -11.92864 -0.02152 -0.01022  -5.60839      True
    bar1600 reclasticnet       2000               500 all bars deck period  1087 2020-01-03           0.10104       0.11329 -0.01226 -10.81821 -0.01882 -0.00659  -3.84844      True
    bar1600 reclasticnet       2000               500    16:00      common  1469 2018-06-25           0.11369       0.12909 -0.01540 -11.92864 -0.02152 -0.01022  -5.60839      True
    bar1600 reclasticnet       2000               500    16:00 deck period  1087 2020-01-03           0.10104       0.11329 -0.01226 -10.81821 -0.01882 -0.00659  -3.84844      True
    bar1600 reclasticnet       2000              2000 all bars      common  1469 2018-06-25           0.11369       0.13088 -0.01718 -13.12902 -0.02148 -0.01301  -7.72427      True
    bar1600 reclasticnet       2000              2000 all bars deck period  1087 2020-01-03           0.10104       0.11610 -0.01506 -12.97437 -0.01996 -0.01016  -5.87002      True
    bar1600 reclasticnet       2000              2000    16:00      common  1469 2018-06-25           0.11369       0.13088 -0.01718 -13.12902 -0.02148 -0.01301  -7.72427      True
    bar1600 reclasticnet       2000              2000    16:00 deck period  1087 2020-01-03           0.10104       0.11610 -0.01506 -12.97437 -0.01996 -0.01016  -5.87002      True
    bar1600        ridge        500               500 all bars      common  2969 2012-07-03           0.11909       0.12638 -0.00729  -5.76910 -0.01153 -0.00319  -3.41216      True
    bar1600        ridge        500               500 all bars deck period  1087 2020-01-03           0.10877       0.11348 -0.00471  -4.15233 -0.01217  0.00171  -1.35612     False
    bar1600        ridge        500               500    16:00      common  2969 2012-07-03           0.11909       0.12638 -0.00729  -5.76910 -0.01153 -0.00319  -3.41216      True
    bar1600        ridge        500               500    16:00 deck period  1087 2020-01-03           0.10877       0.11348 -0.00471  -4.15233 -0.01217  0.00171  -1.35612     False
    bar1600        ridge       2000               500 all bars      common  1469 2018-06-25           0.11350       0.12863 -0.01513 -11.76001 -0.02206 -0.00891  -4.81931      True
    bar1600        ridge       2000               500 all bars deck period  1087 2020-01-03           0.10217       0.11348 -0.01131  -9.96824 -0.01818 -0.00498  -3.32862      True
    bar1600        ridge       2000               500    16:00      common  1469 2018-06-25           0.11350       0.12863 -0.01513 -11.76001 -0.02206 -0.00891  -4.81931      True
    bar1600        ridge       2000               500    16:00 deck period  1087 2020-01-03           0.10217       0.11348 -0.01131  -9.96824 -0.01818 -0.00498  -3.32862      True
    bar1600        ridge       2000              2000 all bars      common  1469 2018-06-25           0.11350       0.13073 -0.01723 -13.17754 -0.02269 -0.01197  -6.56364      True
    bar1600        ridge       2000              2000 all bars deck period  1087 2020-01-03           0.10217       0.11688 -0.01471 -12.58822 -0.02012 -0.00908  -5.17418      True
    bar1600        ridge       2000              2000    16:00      common  1469 2018-06-25           0.11350       0.13073 -0.01723 -13.17754 -0.02269 -0.01197  -6.56364      True
    bar1600        ridge       2000              2000    16:00 deck period  1087 2020-01-03           0.10217       0.11688 -0.01471 -12.58822 -0.02012 -0.00908  -5.17418      True
  blk_close     reclasso        500               500 all bars      common  9069 2006-04-10           0.11826       0.12399 -0.00573  -4.62242 -0.00853 -0.00308  -4.39533      True
  blk_close     reclasso        500               500 all bars deck period  2174 2020-01-03           0.12092       0.12171 -0.00078  -0.64426 -0.00492  0.00333  -0.37679     False
  blk_close     reclasso        500               500    15:30      common  4535 2006-04-10           0.12373       0.12635 -0.00262  -2.07149 -0.00609  0.00098  -1.46612     False
  blk_close     reclasso        500               500    15:30 deck period  1087 2020-01-03           0.13247       0.12997  0.00250   1.92053 -0.00390  0.00951   0.74585     False
  blk_close     reclasso        500               500    16:00      common  4534 2006-04-10           0.11278       0.12163 -0.00885  -7.27289 -0.01260 -0.00520  -4.97536      True
  blk_close     reclasso        500               500    16:00 deck period  1087 2020-01-03           0.10938       0.11344 -0.00406  -3.58280 -0.00926  0.00105  -1.71516     False
  blk_close     reclasso       2000               500 all bars      common  6069 2012-03-29           0.11759       0.12839 -0.01080  -8.40950 -0.01402 -0.00748  -7.72041      True
  blk_close     reclasso       2000               500 all bars deck period  2174 2020-01-03           0.11380       0.12171 -0.00790  -6.49362 -0.01217 -0.00340  -3.84239      True
  blk_close     reclasso       2000               500    15:30      common  3034 2012-03-30           0.12261       0.13072 -0.00811  -6.20339 -0.01206 -0.00418  -4.32413      True
  blk_close     reclasso       2000               500    15:30 deck period  1087 2020-01-03           0.12586       0.12997 -0.00411  -3.16561 -0.00941  0.00156  -1.49464     False
  blk_close     reclasso       2000               500    16:00      common  3035 2012-03-29           0.11258       0.12607 -0.01348 -10.69622 -0.01748 -0.00963  -7.30450      True
  blk_close     reclasso       2000               500    16:00 deck period  1087 2020-01-03           0.10175       0.11344 -0.01169 -10.30659 -0.01810 -0.00571  -3.81125      True
  blk_close     reclasso       2000              2000 all bars      common  6069 2012-03-29           0.11759       0.12950 -0.01190  -9.19304 -0.01440 -0.00943  -9.95184      True
  blk_close     reclasso       2000              2000 all bars deck period  2174 2020-01-03           0.11380       0.12539 -0.01158  -9.23751 -0.01506 -0.00798  -6.72395      True
  blk_close     reclasso       2000              2000    15:30      common  3034 2012-03-30           0.12261       0.13193 -0.00933  -7.06827 -0.01236 -0.00615  -6.10636      True
  blk_close     reclasso       2000              2000    15:30 deck period  1087 2020-01-03           0.12586       0.13486 -0.00900  -6.67210 -0.01417 -0.00352  -3.64432      True
  blk_close     reclasso       2000              2000    16:00      common  3035 2012-03-29           0.11258       0.12707 -0.01448 -11.39845 -0.01746 -0.01141  -9.30348      True
  blk_close     reclasso       2000              2000    16:00 deck period  1087 2020-01-03           0.10175       0.11592 -0.01417 -12.22207 -0.01858 -0.00962  -5.87417      True
  blk_close reclasticnet        500               500 all bars      common  9069 2006-04-10           0.11724       0.12354 -0.00630  -5.09727 -0.00917 -0.00347  -4.73336      True
  blk_close reclasticnet        500               500 all bars deck period  2174 2020-01-03           0.11904       0.12100 -0.00196  -1.61713 -0.00637  0.00263  -0.91654     False
  blk_close reclasticnet        500               500    15:30      common  4535 2006-04-10           0.12266       0.12562 -0.00296  -2.35315 -0.00656  0.00080  -1.64591     False
  blk_close reclasticnet        500               500    15:30 deck period  1087 2020-01-03           0.13106       0.12871  0.00235   1.82884 -0.00354  0.00869   0.76757     False
  blk_close reclasticnet        500               500    16:00      common  4534 2006-04-10           0.11182       0.12146 -0.00964  -7.93587 -0.01346 -0.00596  -5.25135      True
  blk_close reclasticnet        500               500    16:00 deck period  1087 2020-01-03           0.10702       0.11329 -0.00627  -5.53198 -0.01290  0.00015  -2.02807     False
  blk_close reclasticnet       2000               500 all bars      common  6069 2012-03-29           0.11711       0.12786 -0.01076  -8.41341 -0.01377 -0.00756  -7.79092      True
  blk_close reclasticnet       2000               500 all bars deck period  2174 2020-01-03           0.11383       0.12100 -0.00717  -5.92744 -0.01145 -0.00259  -3.46829      True
  blk_close reclasticnet       2000               500    15:30      common  3034 2012-03-30           0.12167       0.12996 -0.00829  -6.38079 -0.01210 -0.00436  -4.51775      True
  blk_close reclasticnet       2000               500    15:30 deck period  1087 2020-01-03           0.12596       0.12871 -0.00275  -2.13317 -0.00842  0.00318  -0.98676     False
  blk_close reclasticnet       2000               500    16:00      common  3035 2012-03-29           0.11255       0.12577 -0.01322 -10.51314 -0.01705 -0.00942  -7.13913      True
  blk_close reclasticnet       2000               500    16:00 deck period  1087 2020-01-03           0.10169       0.11329 -0.01160 -10.23798 -0.01792 -0.00557  -3.73993      True
  blk_close reclasticnet       2000              2000 all bars      common  6069 2012-03-29           0.11711       0.12961 -0.01250  -9.64415 -0.01507 -0.00995 -10.23136      True
  blk_close reclasticnet       2000              2000 all bars deck period  2174 2020-01-03           0.11383       0.12525 -0.01142  -9.11824 -0.01510 -0.00759  -6.45241      True
  blk_close reclasticnet       2000              2000    15:30      common  3034 2012-03-30           0.12167       0.13138 -0.00971  -7.39060 -0.01270 -0.00651  -6.34086      True
  blk_close reclasticnet       2000              2000    15:30 deck period  1087 2020-01-03           0.12596       0.13440 -0.00844  -6.27623 -0.01362 -0.00289  -3.34716      True
  blk_close reclasticnet       2000              2000    16:00      common  3035 2012-03-29           0.11255       0.12783 -0.01529 -11.95945 -0.01848 -0.01208  -9.50566      True
  blk_close reclasticnet       2000              2000    16:00 deck period  1087 2020-01-03           0.10169       0.11610 -0.01441 -12.40817 -0.01905 -0.00968  -5.74989      True
  blk_close        ridge        500               500 all bars      common  9069 2006-04-10           0.12044       0.12324 -0.00280  -2.27159 -0.00574  0.00018  -2.03309     False
  blk_close        ridge        500               500 all bars deck period  2174 2020-01-03           0.12175       0.12119  0.00057   0.46879 -0.00468  0.00592   0.24977     False
  blk_close        ridge        500               500    15:30      common  4535 2006-04-10           0.12647       0.12514  0.00133   1.06410 -0.00251  0.00531   0.69633     False
  blk_close        ridge        500               500    15:30 deck period  1087 2020-01-03           0.13414       0.12889  0.00524   4.06763 -0.00158  0.01241   1.56240     False
  blk_close        ridge        500               500    16:00      common  4534 2006-04-10           0.11441       0.12134 -0.00693  -5.71246 -0.01061 -0.00332  -3.86320      True
  blk_close        ridge        500               500    16:00 deck period  1087 2020-01-03           0.10937       0.11348 -0.00411  -3.61894 -0.01102  0.00207  -1.31603     False
  blk_close        ridge       2000               500 all bars      common  6069 2012-03-29           0.11795       0.12772 -0.00977  -7.64614 -0.01281 -0.00643  -6.98151      True
  blk_close        ridge       2000               500 all bars deck period  2174 2020-01-03           0.11465       0.12119 -0.00654  -5.39700 -0.01104 -0.00184  -3.13182      True
  blk_close        ridge       2000               500    15:30      common  3034 2012-03-30           0.12274       0.12960 -0.00686  -5.29400 -0.01073 -0.00282  -3.73560      True
  blk_close        ridge       2000               500    15:30 deck period  1087 2020-01-03           0.12676       0.12889 -0.00214  -1.65819 -0.00798  0.00396  -0.77108     False
  blk_close        ridge       2000               500    16:00      common  3035 2012-03-29           0.11317       0.12584 -0.01267 -10.06784 -0.01652 -0.00863  -6.64429      True
  blk_close        ridge       2000               500    16:00 deck period  1087 2020-01-03           0.10254       0.11348 -0.01094  -9.64373 -0.01703 -0.00471  -3.52486      True
  blk_close        ridge       2000              2000 all bars      common  6069 2012-03-29           0.11795       0.12891 -0.01095  -8.49827 -0.01347 -0.00840  -8.92074      True
  blk_close        ridge       2000              2000 all bars deck period  2174 2020-01-03           0.11465       0.12503 -0.01039  -8.30676 -0.01384 -0.00677  -5.91103      True
  blk_close        ridge       2000              2000    15:30      common  3034 2012-03-30           0.12274       0.12984 -0.00710  -5.46652 -0.01007 -0.00409  -4.73302      True
  blk_close        ridge       2000              2000    15:30 deck period  1087 2020-01-03           0.12676       0.13318 -0.00643  -4.82594 -0.01141 -0.00115  -2.66686      True
  blk_close        ridge       2000              2000    16:00      common  3035 2012-03-29           0.11317       0.12798 -0.01481 -11.57305 -0.01810 -0.01149  -8.86308      True
  blk_close        ridge       2000              2000    16:00 deck period  1087 2020-01-03           0.10254       0.11688 -0.01434 -12.27316 -0.01893 -0.00933  -5.65696      True
   blk_core     reclasso        500               500 all bars      common 40156 2001-10-11           0.12731       0.13453 -0.00721  -5.36147 -0.00914 -0.00642 -14.75205      True
   blk_core     reclasso        500               500 all bars deck period  7756 2020-01-03           0.14794       0.15501 -0.00707  -4.56075 -0.01273 -0.00399  -4.73770      True
   blk_core     reclasso        500               500    11:00      common  5797 2001-10-11           0.11198       0.11750 -0.00552  -4.69814 -0.00749 -0.00350  -5.50742      True
   blk_core     reclasso        500               500    11:00 deck period  1116 2020-01-03           0.13953       0.14567 -0.00614  -4.21665 -0.01235  0.00089  -1.79675     False
   blk_core     reclasso        500               500    11:30      common  5799 2001-10-11           0.11737       0.12304 -0.00567  -4.61012 -0.00762 -0.00376  -5.96399      True
   blk_core     reclasso        500               500    11:30 deck period  1116 2020-01-03           0.13537       0.14178 -0.00641  -4.52148 -0.01181 -0.00096  -2.47401      True
   blk_core     reclasso        500               500    12:00      common  5738 2001-10-11           0.11966       0.12702 -0.00736  -5.79446 -0.00929 -0.00542  -7.70094      True
   blk_core     reclasso        500               500    12:00 deck period  1116 2020-01-03           0.12568       0.13662 -0.01095  -8.01344 -0.01638 -0.00518  -4.15484      True
   blk_core     reclasso        500               500    12:30      common  5738 2001-10-11           0.13426       0.14278 -0.00853  -5.97105 -0.01055 -0.00645  -8.51867      True
   blk_core     reclasso        500               500    12:30 deck period  1116 2020-01-03           0.13820       0.14933 -0.01113  -7.45059 -0.01633 -0.00618  -4.34315      True
   blk_core     reclasso        500               500    13:00      common  5738 2001-10-11           0.13563       0.14352 -0.00789  -5.49849 -0.01022 -0.00552  -6.90841      True
   blk_core     reclasso        500               500    13:00 deck period  1116 2020-01-03           0.16074       0.16692 -0.00618  -3.70201 -0.01351  0.00127  -1.80047     False
   blk_core     reclasso        500               500    13:30      common  5677 2001-10-11           0.14100       0.14889 -0.00789  -5.29904 -0.01054 -0.00496  -6.02062      True
   blk_core     reclasso        500               500    13:30 deck period  1088 2020-01-03           0.16902       0.17205 -0.00302  -1.75822 -0.01116  0.00538  -0.84725     False
   blk_core     reclasso        500               500    14:00      common  5669 2001-10-11           0.13176       0.13943 -0.00767  -5.50421 -0.01024 -0.00507  -6.07401      True
   blk_core     reclasso        500               500    14:00 deck period  1088 2020-01-03           0.16810       0.17362 -0.00552  -3.17736 -0.01260  0.00210  -1.50663     False
   blk_core     reclasso       2000               500 all bars      common 29656 2007-09-19           0.13375       0.13923 -0.00549  -3.94136 -0.00772 -0.00408 -10.07279      True
   blk_core     reclasso       2000               500 all bars deck period  7756 2020-01-03           0.15203       0.15501 -0.00298  -1.92474 -0.00762  0.00162  -2.75551     False
   blk_core     reclasso       2000               500    11:00      common  4282 2007-09-20           0.11789       0.12237 -0.00448  -3.66304 -0.00660 -0.00247  -4.28814      True
   blk_core     reclasso       2000               500    11:00 deck period  1116 2020-01-03           0.14287       0.14567 -0.00280  -1.92153 -0.00670  0.00117  -1.50575     False
   blk_core     reclasso       2000               500    11:30      common  4282 2007-09-20           0.12378       0.12808 -0.00430  -3.35419 -0.00650 -0.00193  -3.87240      True
   blk_core     reclasso       2000               500    11:30 deck period  1116 2020-01-03           0.13730       0.14178 -0.00448  -3.16085 -0.00964  0.00048  -2.16397     False
   blk_core     reclasso       2000               500    12:00      common  4243 2007-09-20           0.12570       0.12945 -0.00375  -2.89560 -0.00645 -0.00118  -2.91725      True
   blk_core     reclasso       2000               500    12:00 deck period  1116 2020-01-03           0.13290       0.13662 -0.00372  -2.72185 -0.00913  0.00169  -1.73523     False
   blk_core     reclasso       2000               500    12:30      common  4244 2007-09-19           0.13483       0.13971 -0.00488  -3.49380 -0.00726 -0.00244  -4.35422      True
   blk_core     reclasso       2000               500    12:30 deck period  1116 2020-01-03           0.14834       0.14933 -0.00099  -0.66438 -0.00551  0.00385  -0.48767     False
   blk_core     reclasso       2000               500    13:00      common  4244 2007-09-19           0.14620       0.15364 -0.00744  -4.83938 -0.01005 -0.00494  -6.28526      True
   blk_core     reclasso       2000               500    13:00 deck period  1116 2020-01-03           0.16250       0.16692 -0.00441  -2.64331 -0.01030  0.00231  -1.79490     False
   blk_core     reclasso       2000               500    13:30      common  4183 2007-09-19           0.15077       0.15680 -0.00604  -3.84927 -0.00883 -0.00296  -4.46586      True
   blk_core     reclasso       2000               500    13:30 deck period  1088 2020-01-03           0.17123       0.17205 -0.00082  -0.47617 -0.00705  0.00639  -0.29589     False
   blk_core     reclasso       2000               500    14:00      common  4178 2007-09-19           0.13759       0.14518 -0.00759  -5.23138 -0.01044 -0.00471  -5.83180      True
   blk_core     reclasso       2000               500    14:00 deck period  1088 2020-01-03           0.17000       0.17362 -0.00362  -2.08744 -0.01053  0.00396  -1.14587     False
   blk_core     reclasso       2000              2000 all bars      common 29195 2007-12-21           0.13416       0.14161 -0.00745  -5.25953 -0.00928 -0.00662 -15.22833      True
   blk_core     reclasso       2000              2000 all bars deck period  7756 2020-01-03           0.15203       0.16119 -0.00916  -5.68102 -0.01294 -0.00652  -8.88101      True
   blk_core     reclasso       2000              2000    11:00      common  4216 2007-12-21           0.11831       0.12370 -0.00540  -4.36326 -0.00720 -0.00355  -5.96984      True
   blk_core     reclasso       2000              2000    11:00 deck period  1116 2020-01-03           0.14287       0.15060 -0.00773  -5.13079 -0.01096 -0.00431  -4.65074      True
   blk_core     reclasso       2000              2000    11:30      common  4216 2007-12-21           0.12392       0.13008 -0.00616  -4.73661 -0.00813 -0.00412  -6.62747      True
   blk_core     reclasso       2000              2000    11:30 deck period  1116 2020-01-03           0.13730       0.14832 -0.01102  -7.43010 -0.01471 -0.00722  -6.52684      True
   blk_core     reclasso       2000              2000    12:00      common  4178 2007-12-21           0.12597       0.13296 -0.00699  -5.25462 -0.00914 -0.00478  -6.47366      True
   blk_core     reclasso       2000              2000    12:00 deck period  1116 2020-01-03           0.13290       0.14379 -0.01088  -7.56929 -0.01400 -0.00739  -6.82537      True
   blk_core     reclasso       2000              2000    12:30      common  4178 2007-12-21           0.13557       0.14369 -0.00812  -5.65042 -0.01027 -0.00601  -7.59929      True
   blk_core     reclasso       2000              2000    12:30 deck period  1116 2020-01-03           0.14834       0.15893 -0.01060  -6.66836 -0.01387 -0.00713  -6.26380      True
   blk_core     reclasso       2000              2000    13:00      common  4178 2007-12-21           0.14614       0.15459 -0.00846  -5.46994 -0.01056 -0.00621  -7.61846      True
   blk_core     reclasso       2000              2000    13:00 deck period  1116 2020-01-03           0.16250       0.17232 -0.00982  -5.69611 -0.01464 -0.00461  -3.66330      True
   blk_core     reclasso       2000              2000    13:30      common  4117 2007-12-21           0.15116       0.15779 -0.00662  -4.19832 -0.00917 -0.00393  -5.55033      True
   blk_core     reclasso       2000              2000    13:30 deck period  1088 2020-01-03           0.17123       0.17538 -0.00416  -2.37061 -0.01009  0.00225  -1.63206     False
   blk_core     reclasso       2000              2000    14:00      common  4112 2007-12-21           0.13860       0.14906 -0.01046  -7.01459 -0.01277 -0.00808  -9.27770      True
   blk_core     reclasso       2000              2000    14:00 deck period  1088 2020-01-03           0.17000       0.17978 -0.00979  -5.44387 -0.01527 -0.00369  -3.74530      True
   blk_core reclasticnet        500               500 all bars      common 40156 2001-10-11           0.12680       0.13396 -0.00716  -5.34786 -0.00913 -0.00650 -14.92649      True
   blk_core reclasticnet        500               500 all bars deck period  7756 2020-01-03           0.14704       0.15452 -0.00748  -4.84263 -0.01297 -0.00453  -5.11842      True
   blk_core reclasticnet        500               500    11:00      common  5797 2001-10-11           0.11136       0.11712 -0.00576  -4.91979 -0.00763 -0.00378  -5.94073      True
   blk_core reclasticnet        500               500    11:00 deck period  1116 2020-01-03           0.13859       0.14551 -0.00692  -4.75316 -0.01317  0.00021  -2.06872     False
   blk_core reclasticnet        500               500    11:30      common  5799 2001-10-11           0.11637       0.12245 -0.00608  -4.96521 -0.00803 -0.00411  -6.38585      True
   blk_core reclasticnet        500               500    11:30 deck period  1116 2020-01-03           0.13333       0.14084 -0.00751  -5.32959 -0.01320 -0.00208  -2.91293      True
   blk_core reclasticnet        500               500    12:00      common  5738 2001-10-11           0.11970       0.12671 -0.00700  -5.52510 -0.00895 -0.00513  -7.43985      True
   blk_core reclasticnet        500               500    12:00 deck period  1116 2020-01-03           0.12539       0.13627 -0.01088  -7.98554 -0.01616 -0.00538  -4.18463      True
   blk_core reclasticnet        500               500    12:30      common  5738 2001-10-11           0.13387       0.14200 -0.00813  -5.72343 -0.01007 -0.00618  -8.17669      True
   blk_core reclasticnet        500               500    12:30 deck period  1116 2020-01-03           0.13778       0.14822 -0.01044  -7.04143 -0.01574 -0.00548  -3.95590      True
   blk_core reclasticnet        500               500    13:00      common  5738 2001-10-11           0.13513       0.14295 -0.00782  -5.47070 -0.01006 -0.00559  -7.01572      True
   blk_core reclasticnet        500               500    13:00 deck period  1116 2020-01-03           0.16011       0.16681 -0.00671  -4.02148 -0.01399  0.00043  -2.00866     False
   blk_core reclasticnet        500               500    13:30      common  5677 2001-10-11           0.14051       0.14810 -0.00759  -5.12448 -0.01025 -0.00477  -5.90098      True
   blk_core reclasticnet        500               500    13:30 deck period  1088 2020-01-03           0.16815       0.17188 -0.00373  -2.17198 -0.01110  0.00382  -1.13246     False
   blk_core reclasticnet        500               500    14:00      common  5669 2001-10-11           0.13112       0.13892 -0.00781  -5.62023 -0.01021 -0.00527  -6.29472      True
   blk_core reclasticnet        500               500    14:00 deck period  1088 2020-01-03           0.16697       0.17304 -0.00607  -3.50748 -0.01306  0.00124  -1.64157     False
   blk_core reclasticnet       2000               500 all bars      common 29656 2007-09-19           0.13330       0.13864 -0.00534  -3.85015 -0.00736 -0.00420 -10.66295      True
   blk_core reclasticnet       2000               500 all bars deck period  7756 2020-01-03           0.15093       0.15452 -0.00359  -2.32503 -0.00758 -0.00002  -3.70176      True
   blk_core reclasticnet       2000               500    11:00      common  4282 2007-09-20           0.11738       0.12194 -0.00456  -3.74293 -0.00658 -0.00260  -4.62107      True
   blk_core reclasticnet       2000               500    11:00 deck period  1116 2020-01-03           0.14166       0.14551 -0.00384  -2.64226 -0.00766 -0.00025  -2.14946      True
   blk_core reclasticnet       2000               500    11:30      common  4282 2007-09-20           0.12354       0.12745 -0.00391  -3.07149 -0.00608 -0.00168  -3.66060      True
   blk_core reclasticnet       2000               500    11:30 deck period  1116 2020-01-03           0.13634       0.14084 -0.00449  -3.19122 -0.00940 -0.00005  -2.33427      True
   blk_core reclasticnet       2000               500    12:00      common  4243 2007-09-20           0.12534       0.12917 -0.00383  -2.96636 -0.00624 -0.00165  -3.52067      True
   blk_core reclasticnet       2000               500    12:00 deck period  1116 2020-01-03           0.13171       0.13627 -0.00456  -3.34336 -0.00926  0.00007  -2.36373     False
   blk_core reclasticnet       2000               500    12:30      common  4244 2007-09-19           0.13404       0.13878 -0.00474  -3.41776 -0.00688 -0.00252  -4.59283      True
   blk_core reclasticnet       2000               500    12:30 deck period  1116 2020-01-03           0.14690       0.14822 -0.00132  -0.88808 -0.00530  0.00293  -0.74579     False
   blk_core reclasticnet       2000               500    13:00      common  4244 2007-09-19           0.14614       0.15310 -0.00696  -4.54419 -0.00931 -0.00468  -6.25986      True
   blk_core reclasticnet       2000               500    13:00 deck period  1116 2020-01-03           0.16257       0.16681 -0.00424  -2.54202 -0.00948  0.00112  -1.99041     False
   blk_core reclasticnet       2000               500    13:30      common  4183 2007-09-19           0.15007       0.15590 -0.00583  -3.74208 -0.00831 -0.00317  -4.70929      True
   blk_core reclasticnet       2000               500    13:30 deck period  1088 2020-01-03           0.16974       0.17188 -0.00215  -1.24981 -0.00786  0.00358  -0.81142     False
   blk_core reclasticnet       2000               500    14:00      common  4178 2007-09-19           0.13713       0.14471 -0.00758  -5.23871 -0.01016 -0.00496  -6.35932      True
   blk_core reclasticnet       2000               500    14:00 deck period  1088 2020-01-03           0.16851       0.17304 -0.00454  -2.62163 -0.01039  0.00161  -1.62635     False
   blk_core reclasticnet       2000              2000 all bars      common 29195 2007-12-21           0.13370       0.14112 -0.00741  -5.25160 -0.00914 -0.00668 -16.37028      True
   blk_core reclasticnet       2000              2000 all bars deck period  7756 2020-01-03           0.15093       0.16074 -0.00980  -6.09922 -0.01328 -0.00784 -10.19128      True
   blk_core reclasticnet       2000              2000    11:00      common  4216 2007-12-21           0.11778       0.12322 -0.00545  -4.41961 -0.00716 -0.00369  -6.39270      True
   blk_core reclasticnet       2000              2000    11:00 deck period  1116 2020-01-03           0.14166       0.15035 -0.00869  -5.77845 -0.01170 -0.00566  -5.52049      True
   blk_core reclasticnet       2000              2000    11:30      common  4216 2007-12-21           0.12367       0.12970 -0.00603  -4.65218 -0.00789 -0.00410  -6.46349      True
   blk_core reclasticnet       2000              2000    11:30 deck period  1116 2020-01-03           0.13634       0.14792 -0.01157  -7.82516 -0.01513 -0.00793  -6.92254      True
   blk_core reclasticnet       2000              2000    12:00      common  4178 2007-12-21           0.12560       0.13242 -0.00681  -5.14649 -0.00868 -0.00489  -7.23958      True
   blk_core reclasticnet       2000              2000    12:00 deck period  1116 2020-01-03           0.13171       0.14342 -0.01171  -8.16496 -0.01447 -0.00879  -7.84241      True
   blk_core reclasticnet       2000              2000    12:30      common  4178 2007-12-21           0.13477       0.14310 -0.00833  -5.82411 -0.01028 -0.00637  -8.63605      True
   blk_core reclasticnet       2000              2000    12:30 deck period  1116 2020-01-03           0.14690       0.15820 -0.01130  -7.14348 -0.01429 -0.00828  -7.17862      True
   blk_core reclasticnet       2000              2000    13:00      common  4178 2007-12-21           0.14609       0.15429 -0.00821  -5.31788 -0.01022 -0.00612  -7.81076      True
   blk_core reclasticnet       2000              2000    13:00 deck period  1116 2020-01-03           0.16257       0.17186 -0.00929  -5.40564 -0.01351 -0.00452  -3.87410      True
   blk_core reclasticnet       2000              2000    13:30      common  4117 2007-12-21           0.15045       0.15697 -0.00653  -4.15711 -0.00877 -0.00421  -5.80683      True
   blk_core reclasticnet       2000              2000    13:30 deck period  1088 2020-01-03           0.16974       0.17454 -0.00480  -2.74987 -0.00987  0.00052  -2.03864     False
   blk_core reclasticnet       2000              2000    14:00      common  4112 2007-12-21           0.13814       0.14872 -0.01058  -7.11641 -0.01278 -0.00838 -10.06031      True
   blk_core reclasticnet       2000              2000    14:00 deck period  1088 2020-01-03           0.16851       0.17968 -0.01117  -6.21664 -0.01567 -0.00640  -4.88047      True
   blk_core        ridge        500               500 all bars      common 40156 2001-10-11           0.12768       0.13381 -0.00612  -4.57620 -0.00791 -0.00530 -12.87440      True
   blk_core        ridge        500               500 all bars deck period  7756 2020-01-03           0.14849       0.15419 -0.00570  -3.69545 -0.01112 -0.00252  -3.77759      True
   blk_core        ridge        500               500    11:00      common  5797 2001-10-11           0.11279       0.11696 -0.00417  -3.56815 -0.00611 -0.00229  -4.34397      True
   blk_core        ridge        500               500    11:00 deck period  1116 2020-01-03           0.14047       0.14487 -0.00440  -3.03855 -0.01095  0.00277  -1.36279     False
   blk_core        ridge        500               500    11:30      common  5799 2001-10-11           0.11697       0.12262 -0.00565  -4.60422 -0.00759 -0.00376  -5.89613      True
   blk_core        ridge        500               500    11:30 deck period  1116 2020-01-03           0.13487       0.14066 -0.00579  -4.11959 -0.01163 -0.00032  -2.19707      True
   blk_core        ridge        500               500    12:00      common  5738 2001-10-11           0.12109       0.12667 -0.00558  -4.40824 -0.00751 -0.00366  -5.73935      True
   blk_core        ridge        500               500    12:00 deck period  1116 2020-01-03           0.13047       0.13692 -0.00644  -4.70378 -0.01244 -0.00058  -2.19159      True
   blk_core        ridge        500               500    12:30      common  5738 2001-10-11           0.13528       0.14182 -0.00654  -4.61161 -0.00862 -0.00447  -6.33798      True
   blk_core        ridge        500               500    12:30 deck period  1116 2020-01-03           0.14109       0.14831 -0.00721  -4.86367 -0.01328 -0.00130  -2.45898      True
   blk_core        ridge        500               500    13:00      common  5738 2001-10-11           0.13588       0.14259 -0.00671  -4.70608 -0.00903 -0.00430  -5.88247      True
   blk_core        ridge        500               500    13:00 deck period  1116 2020-01-03           0.16069       0.16603 -0.00534  -3.21773 -0.01276  0.00217  -1.57366     False
   blk_core        ridge        500               500    13:30      common  5677 2001-10-11           0.14052       0.14749 -0.00696  -4.72130 -0.00939 -0.00445  -5.80005      True
   blk_core        ridge        500               500    13:30 deck period  1088 2020-01-03           0.16567       0.17018 -0.00451  -2.64885 -0.01128  0.00251  -1.37124     False
   blk_core        ridge        500               500    14:00      common  5669 2001-10-11           0.13169       0.13899 -0.00729  -5.24763 -0.00983 -0.00461  -5.78056      True
   blk_core        ridge        500               500    14:00 deck period  1088 2020-01-03           0.16708       0.17325 -0.00617  -3.56015 -0.01326  0.00156  -1.58233     False
   blk_core        ridge       2000               500 all bars      common 29656 2007-09-19           0.13279       0.13841 -0.00562  -4.06032 -0.00786 -0.00475 -11.09189      True
   blk_core        ridge       2000               500 all bars deck period  7756 2020-01-03           0.14981       0.15419 -0.00438  -2.84231 -0.00852 -0.00115  -4.26814      True
   blk_core        ridge       2000               500    11:00      common  4282 2007-09-20           0.11683       0.12155 -0.00472  -3.88506 -0.00691 -0.00266  -4.62271      True
   blk_core        ridge       2000               500    11:00 deck period  1116 2020-01-03           0.14190       0.14487 -0.00298  -2.05535 -0.00692  0.00086  -1.55131     False
   blk_core        ridge       2000               500    11:30      common  4282 2007-09-20           0.12282       0.12753 -0.00471  -3.69308 -0.00687 -0.00248  -4.44853      True
   blk_core        ridge       2000               500    11:30 deck period  1116 2020-01-03           0.13535       0.14066 -0.00531  -3.77801 -0.01029 -0.00064  -2.54813      True
   blk_core        ridge       2000               500    12:00      common  4243 2007-09-20           0.12493       0.12901 -0.00409  -3.16732 -0.00647 -0.00186  -3.68614      True
   blk_core        ridge       2000               500    12:00 deck period  1116 2020-01-03           0.13182       0.13692 -0.00509  -3.72073 -0.00998 -0.00048  -2.60603      True
   blk_core        ridge       2000               500    12:30      common  4244 2007-09-19           0.13393       0.13881 -0.00488  -3.51524 -0.00711 -0.00253  -4.41548      True
   blk_core        ridge       2000               500    12:30 deck period  1116 2020-01-03           0.14568       0.14831 -0.00263  -1.77022 -0.00711  0.00183  -1.37455     False
   blk_core        ridge       2000               500    13:00      common  4244 2007-09-19           0.14601       0.15264 -0.00663  -4.34247 -0.00905 -0.00433  -5.54782      True
   blk_core        ridge       2000               500    13:00 deck period  1116 2020-01-03           0.16255       0.16603 -0.00348  -2.09689 -0.00919  0.00259  -1.22456     False
   blk_core        ridge       2000               500    13:30      common  4183 2007-09-19           0.14944       0.15518 -0.00574  -3.69912 -0.00805 -0.00338  -4.86956      True
   blk_core        ridge       2000               500    13:30 deck period  1088 2020-01-03           0.16723       0.17018 -0.00295  -1.73109 -0.00806  0.00197  -1.12939     False
   blk_core        ridge       2000               500    14:00      common  4178 2007-09-19           0.13609       0.14473 -0.00864  -5.96774 -0.01104 -0.00628  -7.74813      True
   blk_core        ridge       2000               500    14:00 deck period  1088 2020-01-03           0.16495       0.17325 -0.00830  -4.79166 -0.01339 -0.00313  -3.51102      True
   blk_core        ridge       2000              2000 all bars      common 29195 2007-12-21           0.13319       0.14014 -0.00696  -4.96356 -0.00884 -0.00647 -15.54461      True
   blk_core        ridge       2000              2000 all bars deck period  7756 2020-01-03           0.14981       0.15978 -0.00997  -6.24108 -0.01316 -0.00851 -10.34916      True
   blk_core        ridge       2000              2000    11:00      common  4216 2007-12-21           0.11722       0.12247 -0.00525  -4.28733 -0.00696 -0.00348  -6.13396      True
   blk_core        ridge       2000              2000    11:00 deck period  1116 2020-01-03           0.14190       0.14978 -0.00789  -5.26553 -0.01073 -0.00495  -5.18581      True
   blk_core        ridge       2000              2000    11:30      common  4216 2007-12-21           0.12294       0.12908 -0.00614  -4.75894 -0.00791 -0.00425  -7.02163      True
   blk_core        ridge       2000              2000    11:30 deck period  1116 2020-01-03           0.13535       0.14708 -0.01173  -7.97617 -0.01524 -0.00848  -7.53949      True
   blk_core        ridge       2000              2000    12:00      common  4178 2007-12-21           0.12518       0.13150 -0.00631  -4.80041 -0.00806 -0.00459  -7.08415      True
   blk_core        ridge       2000              2000    12:00 deck period  1116 2020-01-03           0.13182       0.14296 -0.01114  -7.79178 -0.01373 -0.00869  -7.82450      True
   blk_core        ridge       2000              2000    12:30      common  4178 2007-12-21           0.13465       0.14184 -0.00718  -5.06523 -0.00931 -0.00495  -6.81457      True
   blk_core        ridge       2000              2000    12:30 deck period  1116 2020-01-03           0.14568       0.15709 -0.01141  -7.26294 -0.01438 -0.00852  -7.45619      True
   blk_core        ridge       2000              2000    13:00      common  4178 2007-12-21           0.14594       0.15333 -0.00738  -4.81478 -0.00925 -0.00538  -6.94130      True
   blk_core        ridge       2000              2000    13:00 deck period  1116 2020-01-03           0.16255       0.17101 -0.00846  -4.94614 -0.01290 -0.00375  -3.08134      True
   blk_core        ridge       2000              2000    13:30      common  4117 2007-12-21           0.14981       0.15583 -0.00602  -3.86223 -0.00810 -0.00390  -5.78409      True
   blk_core        ridge       2000              2000    13:30 deck period  1088 2020-01-03           0.16723       0.17342 -0.00619  -3.56857 -0.01108 -0.00136  -2.59471      True
   blk_core        ridge       2000              2000    14:00      common  4112 2007-12-21           0.13709       0.14755 -0.01047  -7.09258 -0.01274 -0.00833 -10.00709      True
   blk_core        ridge       2000              2000    14:00 deck period  1088 2020-01-03           0.16495       0.17792 -0.01297  -7.29034 -0.01742 -0.00817  -5.67917      True
   blk_open     reclasso        500               500 all bars      common  9363 2006-03-02           0.12906       0.12997 -0.00091  -0.70298 -0.00580  0.00694  -0.36357     False
   blk_open     reclasso        500               500 all bars deck period  2232 2020-01-03           0.13614       0.13747 -0.00132  -0.96196 -0.00532  0.00275  -0.61253     False
   blk_open     reclasso        500               500    10:00      common  4681 2006-03-03           0.11043       0.11305 -0.00261  -2.31273 -0.00915  0.00888  -0.62030     False
   blk_open     reclasso        500               500    10:00 deck period  1116 2020-01-03           0.11296       0.11761 -0.00465  -3.95182 -0.00999  0.00069  -1.71665     False
   blk_open     reclasso        500               500    10:30      common  4682 2006-03-02           0.14768       0.14689  0.00079   0.53561 -0.00298  0.00567   0.41143     False
   blk_open     reclasso        500               500    10:30 deck period  1116 2020-01-03           0.15932       0.15732  0.00200   1.27321 -0.00304  0.00669   0.71775     False
   blk_open     reclasso       2000               500 all bars      common  6363 2011-12-23           0.12483       0.13325 -0.00843  -6.32405 -0.01082 -0.00589  -5.79704      True
   blk_open     reclasso       2000               500 all bars deck period  2232 2020-01-03           0.13065       0.13747 -0.00681  -4.95478 -0.01200 -0.00159  -2.48380      True
   blk_open     reclasso       2000               500    10:00      common  3181 2011-12-27           0.10417       0.11769 -0.01351 -11.48209 -0.01684 -0.01029  -7.75394      True
   blk_open     reclasso       2000               500    10:00 deck period  1116 2020-01-03           0.10827       0.11761 -0.00934  -7.94210 -0.01583 -0.00265  -2.87159      True
   blk_open     reclasso       2000               500    10:30      common  3182 2011-12-23           0.14547       0.14881 -0.00334  -2.24616 -0.00674  0.00007  -1.75565     False
   blk_open     reclasso       2000               500    10:30 deck period  1116 2020-01-03           0.15304       0.15732 -0.00428  -2.72151 -0.01179  0.00176  -1.14577     False
   blk_open     reclasso       2000              2000 all bars      common  6363 2011-12-23           0.12483       0.13163 -0.00681  -5.17023 -0.00897 -0.00448  -5.46157      True
   blk_open     reclasso       2000              2000 all bars deck period  2232 2020-01-03           0.13065       0.13856 -0.00790  -5.70286 -0.01234 -0.00373  -3.66504      True
   blk_open     reclasso       2000              2000    10:00      common  3181 2011-12-27           0.10417       0.11508 -0.01091  -9.47825 -0.01360 -0.00829  -7.50252      True
   blk_open     reclasso       2000              2000    10:00 deck period  1116 2020-01-03           0.10827       0.11867 -0.01040  -8.76507 -0.01572 -0.00526  -3.96807      True
   blk_open     reclasso       2000              2000    10:30      common  3182 2011-12-23           0.14547       0.14818 -0.00270  -1.82541 -0.00553  0.00021  -1.79119     False
   blk_open     reclasso       2000              2000    10:30 deck period  1116 2020-01-03           0.15304       0.15844 -0.00540  -3.40929 -0.00967 -0.00116  -2.42350      True
   blk_open reclasticnet        500               500 all bars      common  9363 2006-03-02           0.12433       0.12975 -0.00542  -4.18016 -0.00725 -0.00358  -5.46026      True
   blk_open reclasticnet        500               500 all bars deck period  2232 2020-01-03           0.13411       0.13759 -0.00348  -2.52989 -0.00700  0.00020  -1.84017     False
   blk_open reclasticnet        500               500    10:00      common  4681 2006-03-03           0.10389       0.11277 -0.00888  -7.87095 -0.01132 -0.00627  -6.63851      True
   blk_open reclasticnet        500               500    10:00 deck period  1116 2020-01-03           0.11077       0.11766 -0.00689  -5.85887 -0.01209 -0.00207  -2.69460      True
   blk_open reclasticnet        500               500    10:30      common  4682 2006-03-02           0.14476       0.14673 -0.00197  -1.34435 -0.00449  0.00056  -1.51334     False
   blk_open reclasticnet        500               500    10:30 deck period  1116 2020-01-03           0.15746       0.15753 -0.00007  -0.04341 -0.00478  0.00439  -0.02709     False
   blk_open reclasticnet       2000               500 all bars      common  6363 2011-12-23           0.12505       0.13312 -0.00806  -6.05719 -0.01041 -0.00551  -5.88551      True
   blk_open reclasticnet       2000               500 all bars deck period  2232 2020-01-03           0.12910       0.13759 -0.00850  -6.17470 -0.01415 -0.00357  -3.21295      True
   blk_open reclasticnet       2000               500    10:00      common  3181 2011-12-27           0.10451       0.11750 -0.01300 -11.06029 -0.01612 -0.00999  -7.93721      True
   blk_open reclasticnet       2000               500    10:00 deck period  1116 2020-01-03           0.10652       0.11766 -0.01114  -9.46602 -0.01749 -0.00486  -3.55991      True
   blk_open reclasticnet       2000               500    10:30      common  3182 2011-12-23           0.14559       0.14873 -0.00313  -2.10571 -0.00670 -0.00003  -1.68566      True
   blk_open reclasticnet       2000               500    10:30 deck period  1116 2020-01-03           0.15167       0.15753 -0.00585  -3.71635 -0.01412  0.00024  -1.56204     False
   blk_open reclasticnet       2000              2000 all bars      common  6363 2011-12-23           0.12505       0.13136 -0.00631  -4.80258 -0.00848 -0.00403  -5.18476      True
   blk_open reclasticnet       2000              2000 all bars deck period  2232 2020-01-03           0.12910       0.13822 -0.00913  -6.60206 -0.01378 -0.00497  -4.03392      True
   blk_open reclasticnet       2000              2000    10:00      common  3181 2011-12-27           0.10451       0.11485 -0.01035  -9.00935 -0.01297 -0.00782  -7.46828      True
   blk_open reclasticnet       2000              2000    10:00 deck period  1116 2020-01-03           0.10652       0.11830 -0.01178  -9.95535 -0.01715 -0.00697  -4.41774      True
   blk_open reclasticnet       2000              2000    10:30      common  3182 2011-12-23           0.14559       0.14787 -0.00227  -1.53602 -0.00497  0.00056  -1.53646     False
   blk_open reclasticnet       2000              2000    10:30 deck period  1116 2020-01-03           0.15167       0.15815 -0.00647  -4.09368 -0.01117 -0.00214  -2.75866      True
   blk_open        ridge        500               500 all bars      common  9363 2006-03-02           0.12524       0.12961 -0.00437  -3.37249 -0.00628 -0.00242  -4.21904      True
   blk_open        ridge        500               500 all bars deck period  2232 2020-01-03           0.13602       0.13761 -0.00158  -1.14948 -0.00608  0.00290  -0.67073     False
   blk_open        ridge        500               500    10:00      common  4681 2006-03-03           0.10470       0.11244 -0.00774  -6.88743 -0.01020 -0.00510  -5.65372      True
   blk_open        ridge        500               500    10:00 deck period  1116 2020-01-03           0.11293       0.11737 -0.00443  -3.77608 -0.01050  0.00158  -1.43130     False
   blk_open        ridge        500               500    10:30      common  4682 2006-03-02           0.14577       0.14677 -0.00100  -0.68018 -0.00342  0.00147  -0.74539     False
   blk_open        ridge        500               500    10:30 deck period  1116 2020-01-03           0.15911       0.15785  0.00127   0.80352 -0.00380  0.00635   0.42721     False
   blk_open        ridge       2000               500 all bars      common  6363 2011-12-23           0.12347       0.13317 -0.00970  -7.28341 -0.01212 -0.00709  -6.84006      True
   blk_open        ridge       2000               500 all bars deck period  2232 2020-01-03           0.12922       0.13761 -0.00839  -6.09731 -0.01382 -0.00366  -3.16202      True
   blk_open        ridge       2000               500    10:00      common  3181 2011-12-27           0.10255       0.11742 -0.01487 -12.66491 -0.01817 -0.01151  -8.56082      True
   blk_open        ridge       2000               500    10:00 deck period  1116 2020-01-03           0.10635       0.11737 -0.01101  -9.38410 -0.01713 -0.00501  -3.54040      True
   blk_open        ridge       2000               500    10:30      common  3182 2011-12-23           0.14440       0.14893 -0.00453  -3.04185 -0.00801 -0.00118  -2.41935      True
   blk_open        ridge       2000               500    10:30 deck period  1116 2020-01-03           0.15208       0.15785 -0.00577  -3.65343 -0.01388  0.00030  -1.56457     False
   blk_open        ridge       2000              2000 all bars      common  6363 2011-12-23           0.12347       0.13099 -0.00752  -5.73841 -0.00972 -0.00517  -6.00361      True
   blk_open        ridge       2000              2000 all bars deck period  2232 2020-01-03           0.12922       0.13788 -0.00867  -6.28604 -0.01321 -0.00455  -3.82988      True
   blk_open        ridge       2000              2000    10:00      common  3181 2011-12-27           0.10255       0.11445 -0.01190 -10.40157 -0.01461 -0.00930  -8.22327      True
   blk_open        ridge       2000              2000    10:00 deck period  1116 2020-01-03           0.10635       0.11801 -0.01165  -9.87654 -0.01674 -0.00702  -4.37802      True
   blk_open        ridge       2000              2000    10:30      common  3182 2011-12-23           0.14440       0.14753 -0.00313  -2.12186 -0.00591 -0.00018  -2.04015      True
   blk_open        ridge       2000              2000    10:30 deck period  1116 2020-01-03           0.15208       0.15776 -0.00568  -3.60026 -0.01037 -0.00110  -2.40075      True
blk_release     reclasso        500               500 all bars      common  9081 2006-04-04           0.20561       0.22425 -0.01864  -8.31011 -0.02403 -0.01377  -7.35665      True
blk_release     reclasso        500               500 all bars deck period  2174 2020-01-03           0.23777       0.27315 -0.03538 -12.95239 -0.04948 -0.02278  -4.84067      True
blk_release     reclasso        500               500    14:30      common  4541 2006-04-05           0.24933       0.28422 -0.03489 -12.27700 -0.04314 -0.02652  -8.43954      True
blk_release     reclasso        500               500    14:30 deck period  1087 2020-01-03           0.28378       0.34316 -0.05939 -17.30603 -0.08246 -0.03996  -5.09987      True
blk_release     reclasso        500               500    15:00      common  4540 2006-04-04           0.16188       0.16426 -0.00237  -1.44453 -0.00685  0.00208  -1.07931     False
blk_release     reclasso        500               500    15:00 deck period  1087 2020-01-03           0.19177       0.20314 -0.01137  -5.59796 -0.02161 -0.00047  -2.22241      True
blk_release     reclasso       2000               500 all bars      common  6081 2012-03-22           0.22290       0.23906 -0.01617  -6.76345 -0.02135 -0.01087  -5.72062      True
blk_release     reclasso       2000               500 all bars deck period  2174 2020-01-03           0.25349       0.27315 -0.01966  -7.19804 -0.03157 -0.00787  -3.17197      True
blk_release     reclasso       2000               500    14:30      common  3041 2012-03-22           0.26473       0.30401 -0.03928 -12.91934 -0.04794 -0.03081  -8.89580      True
blk_release     reclasso       2000               500    14:30 deck period  1087 2020-01-03           0.29297       0.34316 -0.05020 -14.62744 -0.07090 -0.03257  -5.05543      True
blk_release     reclasso       2000               500    15:00      common  3040 2012-03-22           0.18104       0.17410  0.00695   3.98956  0.00201  0.01213   2.62515     False
blk_release     reclasso       2000               500    15:00 deck period  1087 2020-01-03           0.21402       0.20314  0.01087   5.35214 -0.00001  0.02227   1.98563     False
blk_release     reclasso       2000              2000 all bars      common  6081 2012-03-22           0.22290       0.23986 -0.01696  -7.07162 -0.02176 -0.01234  -7.54727      True
blk_release     reclasso       2000              2000 all bars deck period  2174 2020-01-03           0.25349       0.27682 -0.02333  -8.42844 -0.03274 -0.01347  -5.51721      True
blk_release     reclasso       2000              2000    14:30      common  3041 2012-03-22           0.26473       0.30170 -0.03696 -12.25108 -0.04393 -0.03021 -11.01570      True
blk_release     reclasso       2000              2000    14:30 deck period  1087 2020-01-03           0.29297       0.33844 -0.04547 -13.43650 -0.05949 -0.03158  -7.36509      True
blk_release     reclasso       2000              2000    15:00      common  3040 2012-03-22           0.18104       0.17800  0.00304   1.71006 -0.00157  0.00790   1.26996     False
blk_release     reclasso       2000              2000    15:00 deck period  1087 2020-01-03           0.21402       0.21521 -0.00119  -0.55254 -0.01062  0.00922  -0.24582     False
blk_release reclasticnet        500               500 all bars      common  9081 2006-04-04           0.20619       0.22425 -0.01806  -8.05337 -0.02292 -0.01367  -7.55097      True
blk_release reclasticnet        500               500 all bars deck period  2174 2020-01-03           0.24103       0.27299 -0.03196 -11.70671 -0.04511 -0.02031  -4.51713      True
blk_release reclasticnet        500               500    14:30      common  4541 2006-04-05           0.24885       0.28445 -0.03560 -12.51439 -0.04295 -0.02816  -9.49654      True
blk_release reclasticnet        500               500    14:30 deck period  1087 2020-01-03           0.28736       0.34376 -0.05640 -16.40731 -0.07787 -0.03809  -5.08793      True
blk_release reclasticnet        500               500    15:00      common  4540 2006-04-04           0.16353       0.16404 -0.00052  -0.31639 -0.00486  0.00384  -0.23967     False
blk_release reclasticnet        500               500    15:00 deck period  1087 2020-01-03           0.19471       0.20222 -0.00751  -3.71608 -0.01724  0.00223  -1.47102     False
blk_release reclasticnet       2000               500 all bars      common  6081 2012-03-22           0.22143       0.23902 -0.01759  -7.36002 -0.02240 -0.01290  -6.40874      True
blk_release reclasticnet       2000               500 all bars deck period  2174 2020-01-03           0.25051       0.27299 -0.02249  -8.23669 -0.03327 -0.01273  -3.83815      True
blk_release reclasticnet       2000               500    14:30      common  3041 2012-03-22           0.26179       0.30396 -0.04218 -13.87530 -0.05022 -0.03420  -9.88722      True
blk_release reclasticnet       2000               500    14:30 deck period  1087 2020-01-03           0.28938       0.34376 -0.05438 -15.82048 -0.07391 -0.03789  -5.73792      True
blk_release reclasticnet       2000               500    15:00      common  3040 2012-03-22           0.18106       0.17406  0.00700   4.02120  0.00230  0.01206   2.74947     False
blk_release reclasticnet       2000               500    15:00 deck period  1087 2020-01-03           0.21164       0.20222  0.00941   4.65512  0.00000  0.01861   1.87119     False
blk_release reclasticnet       2000              2000 all bars      common  6081 2012-03-22           0.22143       0.23910 -0.01766  -7.38778 -0.02224 -0.01336  -7.83059      True
blk_release reclasticnet       2000              2000 all bars deck period  2174 2020-01-03           0.25051       0.27572 -0.02522  -9.14569 -0.03402 -0.01612  -6.03058      True
blk_release reclasticnet       2000              2000    14:30      common  3041 2012-03-22           0.26179       0.30078 -0.03900 -12.96473 -0.04564 -0.03261 -11.83914      True
blk_release reclasticnet       2000              2000    14:30 deck period  1087 2020-01-03           0.28938       0.33742 -0.04804 -14.23864 -0.06139 -0.03440  -7.94659      True
blk_release reclasticnet       2000              2000    15:00      common  3040 2012-03-22           0.18106       0.17739  0.00367   2.07172 -0.00110  0.00864   1.48073     False
blk_release reclasticnet       2000              2000    15:00 deck period  1087 2020-01-03           0.21164       0.21403 -0.00239  -1.11644 -0.01146  0.00814  -0.47540     False
blk_release        ridge        500               500 all bars      common  9081 2006-04-04           0.20702       0.22352 -0.01650  -7.38239 -0.02191 -0.01150  -6.27311      True
blk_release        ridge        500               500 all bars deck period  2174 2020-01-03           0.24167       0.27319 -0.03151 -11.53521 -0.04502 -0.02005  -4.33491      True
blk_release        ridge        500               500    14:30      common  4541 2006-04-05           0.25036       0.28454 -0.03417 -12.00986 -0.04277 -0.02513  -7.76576      True
blk_release        ridge        500               500    14:30 deck period  1087 2020-01-03           0.29087       0.34576 -0.05489 -15.87509 -0.07827 -0.03570  -4.56165      True
blk_release        ridge        500               500    15:00      common  4540 2006-04-04           0.16366       0.16248  0.00117   0.72293 -0.00275  0.00503   0.57861     False
blk_release        ridge        500               500    15:00 deck period  1087 2020-01-03           0.19247       0.20061 -0.00813  -4.05514 -0.01696  0.00041  -1.79294     False
blk_release        ridge       2000               500 all bars      common  6081 2012-03-22           0.22147       0.23874 -0.01727  -7.23460 -0.02280 -0.01187  -5.67801      True
blk_release        ridge       2000               500 all bars deck period  2174 2020-01-03           0.24976       0.27319 -0.02343  -8.57669 -0.03561 -0.01303  -3.48946      True
blk_release        ridge       2000               500    14:30      common  3041 2012-03-22           0.26053       0.30500 -0.04447 -14.58190 -0.05449 -0.03574  -9.00549      True
blk_release        ridge       2000               500    14:30 deck period  1087 2020-01-03           0.28900       0.34576 -0.05676 -16.41586 -0.08033 -0.03766  -4.92812      True
blk_release        ridge       2000               500    15:00      common  3040 2012-03-22           0.18240       0.17246  0.00994   5.76326  0.00511  0.01494   3.84317     False
blk_release        ridge       2000               500    15:00 deck period  1087 2020-01-03           0.21051       0.20061  0.00990   4.93466  0.00060  0.01890   2.02731     False
blk_release        ridge       2000              2000 all bars      common  6081 2012-03-22           0.22147       0.23813 -0.01666  -6.99688 -0.02149 -0.01217  -7.21670      True
blk_release        ridge       2000              2000 all bars deck period  2174 2020-01-03           0.24976       0.27496 -0.02520  -9.16641 -0.03380 -0.01671  -6.16968      True
blk_release        ridge       2000              2000    14:30      common  3041 2012-03-22           0.26053       0.30026 -0.03973 -13.23181 -0.04671 -0.03300 -11.61443      True
blk_release        ridge       2000              2000    14:30 deck period  1087 2020-01-03           0.28900       0.33749 -0.04849 -14.36780 -0.06189 -0.03540  -8.06707      True
blk_release        ridge       2000              2000    15:00      common  3040 2012-03-22           0.18240       0.17599  0.00641   3.64391  0.00151  0.01147   2.57975     False
blk_release        ridge       2000              2000    15:00 deck period  1087 2020-01-03           0.21051       0.21243 -0.00192  -0.90267 -0.01047  0.00834  -0.40483     False

wrote /u/scratch/j/jamesdc1/harxhar-subsection/results/linear_subsection/market_vw/subsection_vs_pooled.csv

15:30 sign(s) trade with each arm's forecast (deck ridge: 1.338 mid / 0.870 crossed)
  segment    estimator  train_win  deck_days  pct_buy  Sharpe_mid  Sharpe_crossed  ridge_Sharpe_mid_same_days
  bar1600     reclasso        500        866  38.7991      1.3055          0.8391                      1.3383
  bar1600     reclasso       2000        866  37.1824      1.7514          1.2842                      1.3383
  bar1600 reclasticnet        500        866  38.4527      1.3963          0.9298                      1.3383
  bar1600 reclasticnet       2000        866  36.0277      1.6984          1.2290                      1.3383
  bar1600        ridge        500        866  38.1062      1.0671          0.5991                      1.3383
  bar1600        ridge       2000        866  36.6051      1.6205          1.1523                      1.3383
blk_close     reclasso        500        866  35.2194      1.1394          0.6695                      1.3383
blk_close     reclasso       2000        866  37.5289      1.6810          1.2128                      1.3383
blk_close reclasticnet        500        866  36.3741      1.2934          0.8264                      1.3383
blk_close reclasticnet       2000        866  37.8753      1.7319          1.2643                      1.3383
blk_close        ridge        500        866  36.6051      0.9056          0.4355                      1.3383
blk_close        ridge       2000        866  38.5681      1.6385          1.1720                      1.3383
     none     reclasso        500        866  32.5635      1.2730          0.7997                      1.3383
     none     reclasso       2000        866  39.7229      1.4687          1.0001                      1.3383
     none reclasticnet        500        866  31.7552      1.4757          1.0015                      1.3383
     none reclasticnet       2000        866  39.7229      1.4399          0.9712                      1.3383
     none        ridge        500        866  31.8707      1.2665          0.7936                      1.3383
     none        ridge       2000        866  39.6074      1.4740          1.0051                      1.3383
