bucket,model,train_win,segment,rule,bar_end,comparison,untuned_source,back_transform,sample,n,first,last,QLIKE_tuned,QLIKE_untuned,diff,pct,ci_lo,ci_hi,dm_stat,improves,worse,blown
all_features,lgbm,2000,bar1000,mse,10:00,tuned vs untuned,all_features/bar1000/lgbm/tw2000/causal_tune_trees/lgbm/all_features/results_bar1000.csv,clock,common,1556,2018-04-19,2024-04-30,0.12331665851532245,0.1208054362216303,0.0025112222936921466,2.078732855270722,-7.467058471092128e-05,0.005249047771651389,1.8929272721174064,False,False,False
all_features,lgbm,2000,bar1000,mse,10:00,tuned vs untuned,all_features/bar1000/lgbm/tw2000/causal_tune_trees/lgbm/all_features/results_bar1000.csv,clock,deck period,1116,2020-01-03,2024-04-30,0.12027818992120817,0.11669482221063465,0.003583367710573495,3.0707169715769402,0.0004821351217903657,0.006945759606951675,2.165229579845152,False,True,False
all_features,lgbm,2000,bar1000,mse,10:00,tuned vs untuned,all_features/bar1000/lgbm/tw2000/causal_tune_trees/lgbm/all_features/results_bar1000.csv,as scored,common,1619,2018-01-19,2024-04-30,0.1209041449161966,0.1192922207674318,0.001611924148764809,1.3512399537832092,-0.0019165976110023892,0.004509627399985414,1.0099499137163068,False,False,False
all_features,lgbm,2000,bar1000,mse,10:00,tuned vs untuned,all_features/bar1000/lgbm/tw2000/causal_tune_trees/lgbm/all_features/results_bar1000.csv,as scored,deck period,1116,2020-01-03,2024-04-30,0.11827188206619106,0.11488122467943263,0.003390657386758436,2.951446066334868,0.00028514331341437043,0.006851675965111954,2.042853858388783,False,True,False
all_features,lgbm,2000,bar1000,qlike,10:00,tuned vs untuned,all_features/bar1000/lgbm/tw2000/causal_tune_trees/lgbm/all_features/results_bar1000.csv,clock,common,1556,2018-04-19,2024-04-30,0.12536211915323078,0.1208054362216303,0.004556682931600479,3.7719187762715944,0.0021935416097907494,0.00672906167346784,3.71086216629576,False,True,False
all_features,lgbm,2000,bar1000,qlike,10:00,tuned vs untuned,all_features/bar1000/lgbm/tw2000/causal_tune_trees/lgbm/all_features/results_bar1000.csv,clock,deck period,1116,2020-01-03,2024-04-30,0.12192686743909399,0.11669482221063465,0.005232045228459334,4.483528171468885,0.0024255522093297125,0.008117030296139126,3.2041387129173007,False,True,False
all_features,lgbm,2000,bar1000,qlike,10:00,tuned vs untuned,all_features/bar1000/lgbm/tw2000/causal_tune_trees/lgbm/all_features/results_bar1000.csv,as scored,common,1619,2018-01-19,2024-04-30,0.1234675157328868,0.1192922207674318,0.004175294965455,3.5000563646099088,0.0019249523292020792,0.006354135449199333,3.4409628580191143,False,True,False
all_features,lgbm,2000,bar1000,qlike,10:00,tuned vs untuned,all_features/bar1000/lgbm/tw2000/causal_tune_trees/lgbm/all_features/results_bar1000.csv,as scored,deck period,1116,2020-01-03,2024-04-30,0.11986701002719886,0.11488122467943263,0.004985785347766262,4.33994794334646,0.0021006537431686,0.007985042097811349,2.9974377206858978,False,True,False
all_features,lgbm,2000,bar1030,mse,10:30,tuned vs untuned,all_features/bar1030/lgbm/tw2000/causal_tune_trees/lgbm/all_features/results_bar1030.csv,clock,common,1556,2018-04-19,2024-04-30,0.16455677127085672,0.16471503865772388,-0.00015826738686722076,-0.09608557188035435,-0.0035270313506438277,0.003021689166908506,-0.09891884911265826,False,False,False
all_features,lgbm,2000,bar1030,mse,10:30,tuned vs untuned,all_features/bar1030/lgbm/tw2000/causal_tune_trees/lgbm/all_features/results_bar1030.csv,clock,deck period,1116,2020-01-03,2024-04-30,0.16290353186471052,0.16392492052776103,-0.001021388663050475,-0.6230832138042737,-0.00536959450604998,0.003068747230263624,-0.528596851748538,False,False,False
all_features,lgbm,2000,bar1030,mse,10:30,tuned vs untuned,all_features/bar1030/lgbm/tw2000/causal_tune_trees/lgbm/all_features/results_bar1030.csv,as scored,common,1619,2018-01-19,2024-04-30,0.16060089392230364,0.1593850013663469,0.0012158925559566992,0.7628651037006717,-0.002658637873947504,0.0056734139421353086,0.587110396685695,False,False,False
all_features,lgbm,2000,bar1030,mse,10:30,tuned vs untuned,all_features/bar1030/lgbm/tw2000/causal_tune_trees/lgbm/all_features/results_bar1030.csv,as scored,deck period,1116,2020-01-03,2024-04-30,0.15791583845837528,0.15743262750448123,0.00048321095389404056,0.3069318994122018,-0.003582583372265457,0.004463873225737859,0.2608715448771515,False,False,False
all_features,lgbm,2000,bar1030,qlike,10:30,tuned vs untuned,all_features/bar1030/lgbm/tw2000/causal_tune_trees/lgbm/all_features/results_bar1030.csv,clock,common,1556,2018-04-19,2024-04-30,0.16185796384617868,0.16471503865772388,-0.002857074811545236,-1.7345561369670728,-0.0061721209832022676,0.0003928082792196564,-1.899074939390563,False,False,False
all_features,lgbm,2000,bar1030,qlike,10:30,tuned vs untuned,all_features/bar1030/lgbm/tw2000/causal_tune_trees/lgbm/all_features/results_bar1030.csv,clock,deck period,1116,2020-01-03,2024-04-30,0.16083659225869934,0.16392492052776103,-0.0030883282690616644,-1.8839894868447713,-0.00714449248794954,0.0006726344308129976,-1.7612534733480836,False,False,False
all_features,lgbm,2000,bar1030,qlike,10:30,tuned vs untuned,all_features/bar1030/lgbm/tw2000/causal_tune_trees/lgbm/all_features/results_bar1030.csv,as scored,common,1619,2018-01-19,2024-04-30,0.15749483661952848,0.1593850013663469,-0.0018901647468184425,-1.1859113032059356,-0.004933918601170422,0.0010028896344395912,-1.3404984191472127,False,False,False
all_features,lgbm,2000,bar1030,qlike,10:30,tuned vs untuned,all_features/bar1030/lgbm/tw2000/causal_tune_trees/lgbm/all_features/results_bar1030.csv,as scored,deck period,1116,2020-01-03,2024-04-30,0.15542167728566836,0.15743262750448123,-0.0020109502188128906,-1.2773401871576144,-0.005838473265263729,0.0015286506754981068,-1.2024186698541692,False,False,False
all_features,lgbm,2000,bar1100,mse,11:00,tuned vs untuned,all_features/bar1100/lgbm/tw2000/causal_tune_trees/lgbm/all_features/results_bar1100.csv,clock,common,1556,2018-04-19,2024-04-30,0.14742281533213228,0.14041243632729525,0.007010379004837008,4.992705196351783,0.0019500967810171966,0.01256835142933816,2.6877260454674023,False,True,False
all_features,lgbm,2000,bar1100,mse,11:00,tuned vs untuned,all_features/bar1100/lgbm/tw2000/causal_tune_trees/lgbm/all_features/results_bar1100.csv,clock,deck period,1116,2020-01-03,2024-04-30,0.15015960880169077,0.14763101387760924,0.0025285949240815503,1.7127803011485345,-0.0022951264630189593,0.007560877956107458,1.1101715655072473,False,False,False
all_features,lgbm,2000,bar1100,mse,11:00,tuned vs untuned,all_features/bar1100/lgbm/tw2000/causal_tune_trees/lgbm/all_features/results_bar1100.csv,as scored,common,1619,2018-01-19,2024-04-30,0.1506298305575995,0.13848017999378787,0.012149650563811587,8.773566415321394,0.0030784338261350837,0.026974900855813555,2.0563713483349955,False,True,False
all_features,lgbm,2000,bar1100,mse,11:00,tuned vs untuned,all_features/bar1100/lgbm/tw2000/causal_tune_trees/lgbm/all_features/results_bar1100.csv,as scored,deck period,1116,2020-01-03,2024-04-30,0.14965125122069298,0.1456698700422447,0.003981381178448301,2.733153518496096,-0.0006266180707741639,0.008931976830936179,1.7791535041323157,False,False,False
all_features,lgbm,2000,bar1100,qlike,11:00,tuned vs untuned,all_features/bar1100/lgbm/tw2000/causal_tune_trees/lgbm/all_features/results_bar1100.csv,clock,common,1556,2018-04-19,2024-04-30,0.14610754286836855,0.14041243632729525,0.005695106541073309,4.055984419925784,0.0007948982274079061,0.011503723944181535,2.1984644177591597,False,True,False
all_features,lgbm,2000,bar1100,qlike,11:00,tuned vs untuned,all_features/bar1100/lgbm/tw2000/causal_tune_trees/lgbm/all_features/results_bar1100.csv,clock,deck period,1116,2020-01-03,2024-04-30,0.1491616096599078,0.14763101387760924,0.0015305957822985777,1.0367711648769748,-0.0031106914372922233,0.006586728075122689,0.6828470732316239,False,False,False
all_features,lgbm,2000,bar1100,qlike,11:00,tuned vs untuned,all_features/bar1100/lgbm/tw2000/causal_tune_trees/lgbm/all_features/results_bar1100.csv,as scored,common,1619,2018-01-19,2024-04-30,0.14938180649386051,0.13848017999378787,0.010901626500072632,7.872337038095757,0.002107229544166858,0.026071857415239454,1.8472877847800078,False,True,False
all_features,lgbm,2000,bar1100,qlike,11:00,tuned vs untuned,all_features/bar1100/lgbm/tw2000/causal_tune_trees/lgbm/all_features/results_bar1100.csv,as scored,deck period,1116,2020-01-03,2024-04-30,0.148758573761884,0.1456698700422447,0.003088703719639291,2.120344940750999,-0.0012534872987926403,0.008154831779063223,1.3977387800412873,False,False,False
all_features,lgbm,2000,bar1130,mse,11:30,tuned vs untuned,all_features/bar1130/lgbm/tw2000/causal_tune_trees/lgbm/all_features/results_bar1130.csv,clock,common,1558,2018-04-17,2024-04-30,0.14179360264054489,0.14051234303977878,0.0012812596007660952,0.9118484348406125,-0.002574034670795083,0.005152218243699527,0.5341608565845622,False,False,False
all_features,lgbm,2000,bar1130,mse,11:30,tuned vs untuned,all_features/bar1130/lgbm/tw2000/causal_tune_trees/lgbm/all_features/results_bar1130.csv,clock,deck period,1116,2020-01-03,2024-04-30,0.14235080133998845,0.143454126610553,-0.0011033252705645602,-0.769113650916331,-0.005545316636230927,0.0034404304636002575,-0.3772703443418674,False,False,False
all_features,lgbm,2000,bar1130,mse,11:30,tuned vs untuned,all_features/bar1130/lgbm/tw2000/causal_tune_trees/lgbm/all_features/results_bar1130.csv,as scored,common,1621,2018-01-17,2024-04-30,0.1398877954748493,0.13702052193426592,0.0028672735405833975,2.092586935232184,-0.002053150741102603,0.008559547875179752,0.9175194411408462,False,False,False
all_features,lgbm,2000,bar1130,mse,11:30,tuned vs untuned,all_features/bar1130/lgbm/tw2000/causal_tune_trees/lgbm/all_features/results_bar1130.csv,as scored,deck period,1116,2020-01-03,2024-04-30,0.14115135502743692,0.1410490618888811,0.000102293138555813,0.0725230903246984,-0.0041697739266583905,0.004593025540937137,0.03535750048731717,False,False,False
all_features,lgbm,2000,bar1130,qlike,11:30,tuned vs untuned,all_features/bar1130/lgbm/tw2000/causal_tune_trees/lgbm/all_features/results_bar1130.csv,clock,common,1558,2018-04-17,2024-04-30,0.14356691363417914,0.14051234303977878,0.003054570594400354,2.1738806202495753,-0.0010425482799532844,0.007259902149281229,1.2867517596388933,False,False,False
all_features,lgbm,2000,bar1130,qlike,11:30,tuned vs untuned,all_features/bar1130/lgbm/tw2000/causal_tune_trees/lgbm/all_features/results_bar1130.csv,clock,deck period,1116,2020-01-03,2024-04-30,0.14382860737186073,0.143454126610553,0.00037448076130772856,0.2610456528199868,-0.004399068352164211,0.004852976730557306,0.13996083783759444,False,False,False
all_features,lgbm,2000,bar1130,qlike,11:30,tuned vs untuned,all_features/bar1130/lgbm/tw2000/causal_tune_trees/lgbm/all_features/results_bar1130.csv,as scored,common,1621,2018-01-17,2024-04-30,0.14175562702377503,0.13702052193426592,0.004735105089509105,3.455763430663853,-0.000498350239920294,0.010726593634404986,1.5272985210425456,False,False,False
all_features,lgbm,2000,bar1130,qlike,11:30,tuned vs untuned,all_features/bar1130/lgbm/tw2000/causal_tune_trees/lgbm/all_features/results_bar1130.csv,as scored,deck period,1116,2020-01-03,2024-04-30,0.142824991081763,0.1410490618888811,0.0017759291928819013,1.2590861428635263,-0.0029620726466624055,0.00644001350018429,0.667175117909812,False,False,False
all_features,lgbm,2000,bar1200,mse,12:00,tuned vs untuned,all_features/bar1200/lgbm/tw2000/causal_tune_trees/lgbm/all_features/results_bar1200.csv,clock,common,1497,2018-07-11,2024-04-30,0.15378600173544096,0.15288729719408686,0.0008987045413540892,0.5878215900521838,-0.00233715617143356,0.004461858935600009,0.5528665963208,False,False,False
all_features,lgbm,2000,bar1200,mse,12:00,tuned vs untuned,all_features/bar1200/lgbm/tw2000/causal_tune_trees/lgbm/all_features/results_bar1200.csv,clock,deck period,1116,2020-01-03,2024-04-30,0.13938883824147955,0.1381172889612635,0.0012715492802160306,0.9206300599866614,-0.0027062446240384893,0.005821306319189866,0.649256577954069,False,False,False
all_features,lgbm,2000,bar1200,mse,12:00,tuned vs untuned,all_features/bar1200/lgbm/tw2000/causal_tune_trees/lgbm/all_features/results_bar1200.csv,as scored,common,1560,2018-04-13,2024-04-30,0.15063892131843507,0.14996014728263451,0.0006787740358005566,0.4526362824392605,-0.002361085969033085,0.003908646251632558,0.4445323289981552,False,False,False
all_features,lgbm,2000,bar1200,mse,12:00,tuned vs untuned,all_features/bar1200/lgbm/tw2000/causal_tune_trees/lgbm/all_features/results_bar1200.csv,as scored,deck period,1116,2020-01-03,2024-04-30,0.13748998646290211,0.13617096981053428,0.0013190166523678157,0.9686474688423462,-0.002590042288739719,0.005737687587385614,0.695361021495478,False,False,False
all_features,lgbm,2000,bar1200,qlike,12:00,tuned vs untuned,all_features/bar1200/lgbm/tw2000/causal_tune_trees/lgbm/all_features/results_bar1200.csv,clock,common,1497,2018-07-11,2024-04-30,0.15400579202031509,0.15288729719408686,0.0011184948262282137,0.7315812672182377,-0.0014638083826937023,0.003827107927598747,0.8354886308368279,False,False,False
all_features,lgbm,2000,bar1200,qlike,12:00,tuned vs untuned,all_features/bar1200/lgbm/tw2000/causal_tune_trees/lgbm/all_features/results_bar1200.csv,clock,deck period,1116,2020-01-03,2024-04-30,0.13950481414202226,0.1381172889612635,0.0013875251807587508,1.0045992005735773,-0.0016314015755256133,0.004642299882810424,0.9025318261207357,False,False,False
all_features,lgbm,2000,bar1200,qlike,12:00,tuned vs untuned,all_features/bar1200/lgbm/tw2000/causal_tune_trees/lgbm/all_features/results_bar1200.csv,as scored,common,1560,2018-04-13,2024-04-30,0.15079211347073354,0.14996014728263451,0.0008319661880990467,0.5547915250649991,-0.001480391174038269,0.0033558700202712816,0.6635066946386401,False,False,False
all_features,lgbm,2000,bar1200,qlike,12:00,tuned vs untuned,all_features/bar1200/lgbm/tw2000/causal_tune_trees/lgbm/all_features/results_bar1200.csv,as scored,deck period,1116,2020-01-03,2024-04-30,0.13752286779019096,0.13617096981053428,0.0013518979796566762,0.9927945593232402,-0.001536076106585292,0.00449627073319109,0.9025057315833983,False,False,False
all_features,lgbm,2000,bar1230,mse,12:30,tuned vs untuned,all_features/bar1230/lgbm/tw2000/causal_tune_trees/lgbm/all_features/results_bar1230.csv,clock,common,1497,2018-07-11,2024-04-30,0.1595689327040967,0.15708893526133802,0.0024799974427587054,1.5787219122931255,-0.0002567581691568811,0.005253400563315896,1.926857903205294,False,False,False
all_features,lgbm,2000,bar1230,mse,12:30,tuned vs untuned,all_features/bar1230/lgbm/tw2000/causal_tune_trees/lgbm/all_features/results_bar1230.csv,clock,deck period,1116,2020-01-03,2024-04-30,0.1559709314040119,0.1525478434119748,0.0034230879920371096,2.243943877195711,0.0002187943238352394,0.006744318445951899,2.243616054497198,False,True,False
all_features,lgbm,2000,bar1230,mse,12:30,tuned vs untuned,all_features/bar1230/lgbm/tw2000/causal_tune_trees/lgbm/all_features/results_bar1230.csv,as scored,common,1560,2018-04-13,2024-04-30,0.15674455613087643,0.15462341276088964,0.0021211433699868344,1.3718125425591143,-0.0003743325846243496,0.004640712089787218,1.705387222757022,False,False,False
all_features,lgbm,2000,bar1230,mse,12:30,tuned vs untuned,all_features/bar1230/lgbm/tw2000/causal_tune_trees/lgbm/all_features/results_bar1230.csv,as scored,deck period,1116,2020-01-03,2024-04-30,0.15407451154105573,0.15092935362555623,0.0031451579154995026,2.083860985254326,-8.828040159156963e-05,0.006301149075094056,2.0700103094886755,False,False,False
all_features,lgbm,2000,bar1230,qlike,12:30,tuned vs untuned,all_features/bar1230/lgbm/tw2000/causal_tune_trees/lgbm/all_features/results_bar1230.csv,clock,common,1497,2018-07-11,2024-04-30,0.15948955793268338,0.15708893526133802,0.00240062267134541,1.528193355790247,-0.0005006522506138358,0.0053798636772864035,1.6379852749171717,False,False,False
all_features,lgbm,2000,bar1230,qlike,12:30,tuned vs untuned,all_features/bar1230/lgbm/tw2000/causal_tune_trees/lgbm/all_features/results_bar1230.csv,clock,deck period,1116,2020-01-03,2024-04-30,0.1546676022399069,0.1525478434119748,0.002119758827932085,1.3895698428245933,-0.0011190431047063884,0.005698420446671906,1.2938089334885168,False,False,False
all_features,lgbm,2000,bar1230,qlike,12:30,tuned vs untuned,all_features/bar1230/lgbm/tw2000/causal_tune_trees/lgbm/all_features/results_bar1230.csv,as scored,common,1560,2018-04-13,2024-04-30,0.15693598879863857,0.15462341276088964,0.002312576037748939,1.4956182873321502,-0.0005117043679666393,0.004956734464756286,1.627406825353115,False,False,False
all_features,lgbm,2000,bar1230,qlike,12:30,tuned vs untuned,all_features/bar1230/lgbm/tw2000/causal_tune_trees/lgbm/all_features/results_bar1230.csv,as scored,deck period,1116,2020-01-03,2024-04-30,0.15297000988940107,0.15092935362555623,0.002040656263844838,1.3520605600071305,-0.0011823448814782128,0.005602152034366131,1.2524766258480264,False,False,False
all_features,lgbm,2000,bar1300,mse,13:00,tuned vs untuned,all_features/bar1300/lgbm/tw2000/causal_tune_trees/lgbm/all_features/results_bar1300.csv,clock,common,1497,2018-07-11,2024-04-30,0.18266651271980672,0.179759238399841,0.0029072743199657354,1.6173156639098816,-0.0010785909674806433,0.007194784078117552,1.3371132174899283,False,False,False
all_features,lgbm,2000,bar1300,mse,13:00,tuned vs untuned,all_features/bar1300/lgbm/tw2000/causal_tune_trees/lgbm/all_features/results_bar1300.csv,clock,deck period,1116,2020-01-03,2024-04-30,0.175133495072505,0.17090144154793036,0.004232053524574653,2.476312362402015,-0.0008350678176653891,0.009803436879182075,1.5236226994437347,False,False,False
all_features,lgbm,2000,bar1300,mse,13:00,tuned vs untuned,all_features/bar1300/lgbm/tw2000/causal_tune_trees/lgbm/all_features/results_bar1300.csv,as scored,common,1560,2018-04-13,2024-04-30,0.17926216916404222,0.1762858471098817,0.0029763220541605255,1.6883499741787766,-0.000684147232842546,0.006618741715559038,1.466323414255369,False,False,False
all_features,lgbm,2000,bar1300,mse,13:00,tuned vs untuned,all_features/bar1300/lgbm/tw2000/causal_tune_trees/lgbm/all_features/results_bar1300.csv,as scored,deck period,1116,2020-01-03,2024-04-30,0.17305676340437928,0.168851346025708,0.004205417378671253,2.490603408059873,-0.0004476589360540787,0.00955137645999464,1.5754314832267053,False,False,False
all_features,lgbm,2000,bar1300,qlike,13:00,tuned vs untuned,all_features/bar1300/lgbm/tw2000/causal_tune_trees/lgbm/all_features/results_bar1300.csv,clock,common,1497,2018-07-11,2024-04-30,0.1805954884178852,0.179759238399841,0.0008362500180441755,0.46520558580922156,-0.003785314220842682,0.005144755267615314,0.4158736294658484,False,False,False
all_features,lgbm,2000,bar1300,qlike,13:00,tuned vs untuned,all_features/bar1300/lgbm/tw2000/causal_tune_trees/lgbm/all_features/results_bar1300.csv,clock,deck period,1116,2020-01-03,2024-04-30,0.17181634535004375,0.17090144154793036,0.0009149038021134096,0.5353400145877758,-0.004746774898135163,0.006200903656724548,0.36605532646729,False,False,False
all_features,lgbm,2000,bar1300,qlike,13:00,tuned vs untuned,all_features/bar1300/lgbm/tw2000/causal_tune_trees/lgbm/all_features/results_bar1300.csv,as scored,common,1560,2018-04-13,2024-04-30,0.17742270909610997,0.1762858471098817,0.001136861986228259,0.644896913091177,-0.002888665073536203,0.004918853880234357,0.5895623486709769,False,False,False
all_features,lgbm,2000,bar1300,qlike,13:00,tuned vs untuned,all_features/bar1300/lgbm/tw2000/causal_tune_trees/lgbm/all_features/results_bar1300.csv,as scored,deck period,1116,2020-01-03,2024-04-30,0.16993713803385707,0.168851346025708,0.001085792008149052,0.6430461075410899,-0.004414510588287808,0.006087415487440399,0.43786203883048164,False,False,False
all_features,lgbm,2000,bar1330,mse,13:30,tuned vs untuned,all_features/bar1330/lgbm/tw2000/causal_tune_trees/lgbm/all_features/results_bar1330.csv,clock,common,1436,2018-08-16,2024-04-30,0.1860687587543762,0.18165048424123412,0.0044182745131420694,2.4322943765316616,-0.0003678292319251967,0.009727588218055666,1.9887572108987204,False,False,False
all_features,lgbm,2000,bar1330,mse,13:30,tuned vs untuned,all_features/bar1330/lgbm/tw2000/causal_tune_trees/lgbm/all_features/results_bar1330.csv,clock,deck period,1088,2020-01-03,2024-04-30,0.18483899033327353,0.18056807646392972,0.004270913869343775,2.3652651969169827,-0.0008990548201990309,0.01030916429423341,1.7627970959577057,False,False,False
all_features,lgbm,2000,bar1330,mse,13:30,tuned vs untuned,all_features/bar1330/lgbm/tw2000/causal_tune_trees/lgbm/all_features/results_bar1330.csv,as scored,common,1499,2018-05-17,2024-04-30,0.18325243744321265,0.1785481401386738,0.004704297304538857,2.6347501020649946,0.0001065139461957744,0.009964237902306137,2.255498538715938,False,True,False
all_features,lgbm,2000,bar1330,mse,13:30,tuned vs untuned,all_features/bar1330/lgbm/tw2000/causal_tune_trees/lgbm/all_features/results_bar1330.csv,as scored,deck period,1088,2020-01-03,2024-04-30,0.18170801207352372,0.17730466157622254,0.004403350497301193,2.483493924049036,-0.000731878855421366,0.010514813389277204,1.8424934535681203,False,False,False
all_features,lgbm,2000,bar1330,qlike,13:30,tuned vs untuned,all_features/bar1330/lgbm/tw2000/causal_tune_trees/lgbm/all_features/results_bar1330.csv,clock,common,1436,2018-08-16,2024-04-30,0.1818925936999971,0.18165048424123412,0.00024210945876295531,0.13328313424225774,-0.002831786388346345,0.0031279887482252183,0.15945378885942701,False,False,False
all_features,lgbm,2000,bar1330,qlike,13:30,tuned vs untuned,all_features/bar1330/lgbm/tw2000/causal_tune_trees/lgbm/all_features/results_bar1330.csv,clock,deck period,1088,2020-01-03,2024-04-30,0.1813291235149828,0.18056807646392972,0.000761047051053039,0.42147375436270196,-0.002452930078054853,0.004164731536704021,0.44611011470455264,False,False,False
all_features,lgbm,2000,bar1330,qlike,13:30,tuned vs untuned,all_features/bar1330/lgbm/tw2000/causal_tune_trees/lgbm/all_features/results_bar1330.csv,as scored,common,1499,2018-05-17,2024-04-30,0.17878716621558957,0.1785481401386738,0.00023902607691577752,0.13387206202771537,-0.0024907873243495333,0.002923515693200907,0.17012694590904195,False,False,False
all_features,lgbm,2000,bar1330,qlike,13:30,tuned vs untuned,all_features/bar1330/lgbm/tw2000/causal_tune_trees/lgbm/all_features/results_bar1330.csv,as scored,deck period,1088,2020-01-03,2024-04-30,0.17786396054090878,0.17730466157622254,0.0005592989646862517,0.31544515508737,-0.0025262916682254116,0.003805248422955507,0.33531691851455553,False,False,False
all_features,lgbm,2000,bar1400,mse,14:00,tuned vs untuned,all_features/bar1400/lgbm/tw2000/causal_tune_trees/lgbm/all_features/results_bar1400.csv,clock,common,1424,2018-08-30,2024-04-30,0.19209652543669392,0.19237234984385043,-0.0002758244071565225,-0.14338048445133125,-0.006459649098556808,0.005804242801961317,-0.09067674880538976,False,False,False
all_features,lgbm,2000,bar1400,mse,14:00,tuned vs untuned,all_features/bar1400/lgbm/tw2000/causal_tune_trees/lgbm/all_features/results_bar1400.csv,clock,deck period,1088,2020-01-03,2024-04-30,0.19073409943516867,0.19198613789431582,-0.0012520384591471739,-0.6521504484018497,-0.00902700602238396,0.006685691652361967,-0.31717205065050125,False,False,False
all_features,lgbm,2000,bar1400,mse,14:00,tuned vs untuned,all_features/bar1400/lgbm/tw2000/causal_tune_trees/lgbm/all_features/results_bar1400.csv,as scored,common,1487,2018-06-01,2024-04-30,0.18481355891444606,0.1853275981166235,-0.0005140392021773766,-0.27736786501376903,-0.006393563267955253,0.005589914019628252,-0.1713165361423835,False,False,False
all_features,lgbm,2000,bar1400,mse,14:00,tuned vs untuned,all_features/bar1400/lgbm/tw2000/causal_tune_trees/lgbm/all_features/results_bar1400.csv,as scored,deck period,1088,2020-01-03,2024-04-30,0.1822573370314896,0.18335333990486918,-0.0010960028733795796,-0.597754518105985,-0.008975182302538309,0.007103073359389502,-0.26906814669243034,False,False,False
all_features,lgbm,2000,bar1400,qlike,14:00,tuned vs untuned,all_features/bar1400/lgbm/tw2000/causal_tune_trees/lgbm/all_features/results_bar1400.csv,clock,common,1424,2018-08-30,2024-04-30,0.1961983706631204,0.19237234984385043,0.0038260208192699625,1.9888621324091336,-0.0033175185308037505,0.011037867757137021,1.3148844945441232,False,False,False
all_features,lgbm,2000,bar1400,qlike,14:00,tuned vs untuned,all_features/bar1400/lgbm/tw2000/causal_tune_trees/lgbm/all_features/results_bar1400.csv,clock,deck period,1088,2020-01-03,2024-04-30,0.19470915556433485,0.19198613789431582,0.0027230176700190436,1.418340771831144,-0.006034522087139583,0.011844887620597757,0.7639643071492314,False,False,False
all_features,lgbm,2000,bar1400,qlike,14:00,tuned vs untuned,all_features/bar1400/lgbm/tw2000/causal_tune_trees/lgbm/all_features/results_bar1400.csv,as scored,common,1487,2018-06-01,2024-04-30,0.18845141269429738,0.1853275981166235,0.0031238145776739303,1.6855636232376825,-0.0034144311893764974,0.010024150781435126,1.0914485428412104,False,False,False
all_features,lgbm,2000,bar1400,qlike,14:00,tuned vs untuned,all_features/bar1400/lgbm/tw2000/causal_tune_trees/lgbm/all_features/results_bar1400.csv,as scored,deck period,1088,2020-01-03,2024-04-30,0.1855388314560546,0.18335333990486918,0.0021854915511853997,1.1919562263328922,-0.006857159779033884,0.011563173189418945,0.5977552687647131,False,False,False
all_features,lgbm,2000,bar1430,mse,14:30,tuned vs untuned,all_features/bar1430/lgbm/tw2000/causal_tune_trees/lgbm/all_features/results_bar1430.csv,clock,common,1416,2018-09-10,2024-04-30,0.20285912132038378,0.20589088317228313,-0.003031761851899353,-1.4725090325453938,-0.007163494081422747,0.001162512930613359,-1.3711269702784141,False,False,False
all_features,lgbm,2000,bar1430,mse,14:30,tuned vs untuned,all_features/bar1430/lgbm/tw2000/causal_tune_trees/lgbm/all_features/results_bar1430.csv,clock,deck period,1087,2020-01-03,2024-04-30,0.21402378960165067,0.2153563161995509,-0.0013325265979002823,-0.618754360873053,-0.006202073889616166,0.003906966006507424,-0.49791277289971836,False,False,False
all_features,lgbm,2000,bar1430,mse,14:30,tuned vs untuned,all_features/bar1430/lgbm/tw2000/causal_tune_trees/lgbm/all_features/results_bar1430.csv,as scored,common,1479,2018-06-11,2024-04-30,0.20306339253750907,0.20594348042897,-0.002880087891460957,-1.3984846160033217,-0.006838657146804152,0.0010768038185391378,-1.3783221605500882,False,False,False
all_features,lgbm,2000,bar1430,mse,14:30,tuned vs untuned,all_features/bar1430/lgbm/tw2000/causal_tune_trees/lgbm/all_features/results_bar1430.csv,as scored,deck period,1087,2020-01-03,2024-04-30,0.21225160006723898,0.21364917260163302,-0.0013975725343940413,-0.6541436680402847,-0.0061560385113671135,0.0038908745005948077,-0.5330600800859472,False,False,False
all_features,lgbm,2000,bar1430,qlike,14:30,tuned vs untuned,all_features/bar1430/lgbm/tw2000/causal_tune_trees/lgbm/all_features/results_bar1430.csv,clock,common,1416,2018-09-10,2024-04-30,0.20350831364912172,0.20589088317228313,-0.0023825695231614362,-1.1572001083543733,-0.006302865106937457,0.0017337655434468088,-1.2559636065739197,False,False,False
all_features,lgbm,2000,bar1430,qlike,14:30,tuned vs untuned,all_features/bar1430/lgbm/tw2000/causal_tune_trees/lgbm/all_features/results_bar1430.csv,clock,deck period,1087,2020-01-03,2024-04-30,0.21486947160486397,0.2153563161995509,-0.0004868445946869507,-0.22606469282091385,-0.004804821790842781,0.004030969881334273,-0.22229028796672162,False,False,False
all_features,lgbm,2000,bar1430,qlike,14:30,tuned vs untuned,all_features/bar1430/lgbm/tw2000/causal_tune_trees/lgbm/all_features/results_bar1430.csv,as scored,common,1479,2018-06-11,2024-04-30,0.20331262733908334,0.20594348042897,-0.002630853089886678,-1.2774636441060148,-0.006301214290268993,0.0011103700321121897,-1.4423716571017926,False,False,False
all_features,lgbm,2000,bar1430,qlike,14:30,tuned vs untuned,all_features/bar1430/lgbm/tw2000/causal_tune_trees/lgbm/all_features/results_bar1430.csv,as scored,deck period,1087,2020-01-03,2024-04-30,0.21255395202534547,0.21364917260163302,-0.0010952205762875583,-0.512625704537452,-0.005413204777434641,0.003405732132651518,-0.4990660518571832,False,False,False
all_features,lgbm,2000,bar1500,mse,15:00,tuned vs untuned,all_features/bar1500/lgbm/tw2000/causal_tune_trees/lgbm/all_features/results_bar1500.csv,clock,common,1414,2018-09-12,2024-04-30,0.22601213961941927,0.2146731317805223,0.011339007838896936,5.281987431240218,0.003122858343561323,0.02069627629435134,2.968445639702971,False,True,False
all_features,lgbm,2000,bar1500,mse,15:00,tuned vs untuned,all_features/bar1500/lgbm/tw2000/causal_tune_trees/lgbm/all_features/results_bar1500.csv,clock,deck period,1087,2020-01-03,2024-04-30,0.19998230821661098,0.18846702142969468,0.011515286786916252,6.10997441332827,0.0018135943227228085,0.023393955338715,2.813475315541478,False,True,False
all_features,lgbm,2000,bar1500,mse,15:00,tuned vs untuned,all_features/bar1500/lgbm/tw2000/causal_tune_trees/lgbm/all_features/results_bar1500.csv,as scored,common,1477,2018-06-13,2024-04-30,0.2210185526589579,0.20940830284742015,0.011610249811537746,5.544312070566395,0.0036174638584779767,0.021106360427898135,3.042053578703328,False,True,False
all_features,lgbm,2000,bar1500,mse,15:00,tuned vs untuned,all_features/bar1500/lgbm/tw2000/causal_tune_trees/lgbm/all_features/results_bar1500.csv,as scored,deck period,1087,2020-01-03,2024-04-30,0.20214770639873342,0.18960372867506106,0.012543977723672379,6.6158918979752706,0.0028853549967955616,0.02438753111920618,2.9877424684688583,False,True,False
all_features,lgbm,2000,bar1500,qlike,15:00,tuned vs untuned,all_features/bar1500/lgbm/tw2000/causal_tune_trees/lgbm/all_features/results_bar1500.csv,clock,common,1414,2018-09-12,2024-04-30,0.21879057965108903,0.2146731317805223,0.004117447870566697,1.918008013586114,-0.001328467682841929,0.010017896687322335,1.5570561264392448,False,False,False
all_features,lgbm,2000,bar1500,qlike,15:00,tuned vs untuned,all_features/bar1500/lgbm/tw2000/causal_tune_trees/lgbm/all_features/results_bar1500.csv,clock,deck period,1087,2020-01-03,2024-04-30,0.19064077410370045,0.18846702142969468,0.002173752674005752,1.1533862303950317,-0.002711559015565213,0.0078024013041927175,0.8475985422103753,False,False,False
all_features,lgbm,2000,bar1500,qlike,15:00,tuned vs untuned,all_features/bar1500/lgbm/tw2000/causal_tune_trees/lgbm/all_features/results_bar1500.csv,as scored,common,1477,2018-06-13,2024-04-30,0.2138248811140359,0.20940830284742015,0.0044165782666157356,2.1090750493469015,-0.0005914678564346394,0.010015937041747887,1.6902373243944566,False,False,False
all_features,lgbm,2000,bar1500,qlike,15:00,tuned vs untuned,all_features/bar1500/lgbm/tw2000/causal_tune_trees/lgbm/all_features/results_bar1500.csv,as scored,deck period,1087,2020-01-03,2024-04-30,0.1927078012996037,0.18960372867506106,0.003104072624542641,1.6371369098243507,-0.0022314679712218633,0.009329987702057127,1.1470570407809837,False,False,False
all_features,lgbm,2000,bar1530,mse,15:30,tuned vs untuned,all_features/bar1530/lgbm/tw2000/causal_tune_trees/lgbm/all_features/results_bar1530.csv,clock,common,1412,2018-09-14,2024-04-30,0.13785255133316685,0.1300340234027015,0.007818527930465315,6.0126786250796584,0.002971377588978683,0.013253928272612276,3.2862280135966104,False,True,False
all_features,lgbm,2000,bar1530,mse,15:30,tuned vs untuned,all_features/bar1530/lgbm/tw2000/causal_tune_trees/lgbm/all_features/results_bar1530.csv,clock,deck period,1087,2020-01-03,2024-04-30,0.12957807587509723,0.1239589877863299,0.005619088088767341,4.533021920486358,0.001277239898016679,0.010290272489883257,2.722562584418864,False,True,False
all_features,lgbm,2000,bar1530,mse,15:30,tuned vs untuned,all_features/bar1530/lgbm/tw2000/causal_tune_trees/lgbm/all_features/results_bar1530.csv,as scored,common,1475,2018-06-15,2024-04-30,0.13561497461769975,0.12891530371391038,0.0066996709037893684,5.196955451198655,0.0025856406669873696,0.011648939769311634,3.0786200843170213,False,True,False
all_features,lgbm,2000,bar1530,mse,15:30,tuned vs untuned,all_features/bar1530/lgbm/tw2000/causal_tune_trees/lgbm/all_features/results_bar1530.csv,as scored,deck period,1087,2020-01-03,2024-04-30,0.1310219493914203,0.12470053966312858,0.0063214097282917135,5.069272150199705,0.002017046318720384,0.011157755928070641,3.0379250801558615,False,True,False
all_features,lgbm,2000,bar1530,qlike,15:30,tuned vs untuned,all_features/bar1530/lgbm/tw2000/causal_tune_trees/lgbm/all_features/results_bar1530.csv,clock,common,1412,2018-09-14,2024-04-30,0.13493133670433224,0.1300340234027015,0.004897313301630714,3.766178399682563,0.0002603114552423477,0.01065060727549018,2.048796750057026,False,True,False
all_features,lgbm,2000,bar1530,qlike,15:30,tuned vs untuned,all_features/bar1530/lgbm/tw2000/causal_tune_trees/lgbm/all_features/results_bar1530.csv,clock,deck period,1087,2020-01-03,2024-04-30,0.12517015698490083,0.1239589877863299,0.0012111691985709236,0.97707251422433,-0.0020125861380202482,0.005028131070941374,0.7493835442074952,False,False,False
all_features,lgbm,2000,bar1530,qlike,15:30,tuned vs untuned,all_features/bar1530/lgbm/tw2000/causal_tune_trees/lgbm/all_features/results_bar1530.csv,as scored,common,1475,2018-06-15,2024-04-30,0.13245142461933188,0.12891530371391038,0.0035361209054214832,2.7429799283325305,-0.0004034933118620804,0.008310272205776188,1.6601565628470676,False,False,False
all_features,lgbm,2000,bar1530,qlike,15:30,tuned vs untuned,all_features/bar1530/lgbm/tw2000/causal_tune_trees/lgbm/all_features/results_bar1530.csv,as scored,deck period,1087,2020-01-03,2024-04-30,0.12614246254807293,0.12470053966312858,0.0014419228849443526,1.1563084561138433,-0.0017292903260286191,0.005282544249309842,0.8959799311882779,False,False,False
all_features,lgbm,2000,bar1600,mse,16:00,tuned vs untuned,all_features/bar1600/lgbm/tw2000/causal_tune_trees/lgbm/all_features/results_bar1600.csv,clock,common,1406,2018-09-24,2024-04-30,0.12216714611205684,0.11946890713312408,0.0026982389789327846,2.2585282176609685,-0.0010653835157825098,0.0068619418355487394,1.2764951933996833,False,False,False
all_features,lgbm,2000,bar1600,mse,16:00,tuned vs untuned,all_features/bar1600/lgbm/tw2000/causal_tune_trees/lgbm/all_features/results_bar1600.csv,clock,deck period,1087,2020-01-03,2024-04-30,0.11031679709673689,0.1088081046095286,0.0015086924872083133,1.3865626026870366,-0.002439597984118897,0.005659930624114237,0.6089772227588311,False,False,False
all_features,lgbm,2000,bar1600,mse,16:00,tuned vs untuned,all_features/bar1600/lgbm/tw2000/causal_tune_trees/lgbm/all_features/results_bar1600.csv,as scored,common,1469,2018-06-25,2024-04-30,0.12151784551454918,0.11924092928003066,0.002276916234518483,1.9095089649723147,-0.0011076608816776804,0.006260032539987448,1.1168430530153366,False,False,False
all_features,lgbm,2000,bar1600,mse,16:00,tuned vs untuned,all_features/bar1600/lgbm/tw2000/causal_tune_trees/lgbm/all_features/results_bar1600.csv,as scored,deck period,1087,2020-01-03,2024-04-30,0.10859924417211678,0.10746186137192697,0.0011373828001898093,1.0584060109040099,-0.002961224481961919,0.005386205110057045,0.4554854343073316,False,False,False
all_features,lgbm,2000,bar1600,qlike,16:00,tuned vs untuned,all_features/bar1600/lgbm/tw2000/causal_tune_trees/lgbm/all_features/results_bar1600.csv,clock,common,1406,2018-09-24,2024-04-30,0.12023387538414693,0.11946890713312408,0.0007649682510228336,0.6403073982843337,-0.00251377391773965,0.004516910667456815,0.38293030945619294,False,False,False
all_features,lgbm,2000,bar1600,qlike,16:00,tuned vs untuned,all_features/bar1600/lgbm/tw2000/causal_tune_trees/lgbm/all_features/results_bar1600.csv,clock,deck period,1087,2020-01-03,2024-04-30,0.10895863113388103,0.1088081046095286,0.00015052652435246293,0.13834127971684285,-0.004225288109041236,0.004175307923231711,0.06187404117764934,False,False,False
all_features,lgbm,2000,bar1600,qlike,16:00,tuned vs untuned,all_features/bar1600/lgbm/tw2000/causal_tune_trees/lgbm/all_features/results_bar1600.csv,as scored,common,1469,2018-06-25,2024-04-30,0.11980206991102219,0.11924092928003066,0.0005611406309915097,0.4705939767323536,-0.0028566646990625466,0.004193923095590514,0.2833826902333878,False,False,False
all_features,lgbm,2000,bar1600,qlike,16:00,tuned vs untuned,all_features/bar1600/lgbm/tw2000/causal_tune_trees/lgbm/all_features/results_bar1600.csv,as scored,deck period,1087,2020-01-03,2024-04-30,0.107095729444939,0.10746186137192697,-0.00036613192698795803,-0.3407087149930992,-0.004775064175146353,0.0037875261441991364,-0.14908212954030842,False,False,False
all_features,rf,2000,bar1000,mse,10:00,tuned vs untuned,all_features/bar1000/rf/tw2000/causal_tune_trees/rf/all_features/results_bar1000.csv,clock,common,1556,2018-04-19,2024-04-30,0.1266619854775749,0.12837044600652747,-0.0017084605289525738,-1.3308830670150515,-0.006897334486280317,0.0033232043124787948,-0.5915040625590552,False,False,False
all_features,rf,2000,bar1000,mse,10:00,tuned vs untuned,all_features/bar1000/rf/tw2000/causal_tune_trees/rf/all_features/results_bar1000.csv,clock,deck period,1116,2020-01-03,2024-04-30,0.1253073237786971,0.12688342095205166,-0.0015760971733545582,-1.242161632724384,-0.007774819329080249,0.004228460997831495,-0.4246382491141154,False,False,False
all_features,rf,2000,bar1000,mse,10:00,tuned vs untuned,all_features/bar1000/rf/tw2000/causal_tune_trees/rf/all_features/results_bar1000.csv,as scored,common,1619,2018-01-19,2024-04-30,0.12487676892019846,0.12417875854516934,0.0006980103750291113,0.5621012669209556,-0.004736887196619782,0.006430588524518426,0.22464939245059415,False,False,False
all_features,rf,2000,bar1000,mse,10:00,tuned vs untuned,all_features/bar1000/rf/tw2000/causal_tune_trees/rf/all_features/results_bar1000.csv,as scored,deck period,1116,2020-01-03,2024-04-30,0.12423613059729113,0.12161144342797783,0.002624687169313309,2.158256735820862,-0.002912435617511277,0.008998754434496955,0.6826093938568851,False,False,False
all_features,rf,2000,bar1000,qlike,10:00,tuned vs untuned,all_features/bar1000/rf/tw2000/causal_tune_trees/rf/all_features/results_bar1000.csv,clock,common,1556,2018-04-19,2024-04-30,0.12450703289021794,0.12837044600652747,-0.003863413116309521,-3.0095814391055953,-0.009434301865585838,0.0008127093381509044,-1.3389532347643285,False,False,False
all_features,rf,2000,bar1000,qlike,10:00,tuned vs untuned,all_features/bar1000/rf/tw2000/causal_tune_trees/rf/all_features/results_bar1000.csv,clock,deck period,1116,2020-01-03,2024-04-30,0.122170623444764,0.12688342095205166,-0.004712797507287659,-3.714273678882438,-0.011402351848201911,0.0006753483644673962,-1.2819518300674402,False,False,False
all_features,rf,2000,bar1000,qlike,10:00,tuned vs untuned,all_features/bar1000/rf/tw2000/causal_tune_trees/rf/all_features/results_bar1000.csv,as scored,common,1619,2018-01-19,2024-04-30,0.12261998335659584,0.12417875854516934,-0.0015587751885735076,-1.2552671703562825,-0.007170356307493192,0.004328923836899952,-0.5046184005499821,False,False,False
all_features,rf,2000,bar1000,qlike,10:00,tuned vs untuned,all_features/bar1000/rf/tw2000/causal_tune_trees/rf/all_features/results_bar1000.csv,as scored,deck period,1116,2020-01-03,2024-04-30,0.12088661732078218,0.12161144342797783,-0.0007248261071956427,-0.5960180117629372,-0.006748223249285946,0.005048738813088864,-0.19092113836313085,False,False,False
all_features,rf,2000,bar1030,mse,10:30,tuned vs untuned,all_features/bar1030/rf/tw2000/causal_tune_trees/rf/all_features/results_bar1030.csv,clock,common,1556,2018-04-19,2024-04-30,0.1699839725884521,0.17051410148537954,-0.0005301288969274383,-0.3109003257263701,-0.00340237504404564,0.0024775410163984574,-0.37169180533013796,False,False,False
all_features,rf,2000,bar1030,mse,10:30,tuned vs untuned,all_features/bar1030/rf/tw2000/causal_tune_trees/rf/all_features/results_bar1030.csv,clock,deck period,1116,2020-01-03,2024-04-30,0.16669464141830193,0.1703654216040405,-0.0036707801857386326,-2.154650956266335,-0.006982988469873518,-0.0005442396824533163,-2.411866928984995,True,False,False
all_features,rf,2000,bar1030,mse,10:30,tuned vs untuned,all_features/bar1030/rf/tw2000/causal_tune_trees/rf/all_features/results_bar1030.csv,as scored,common,1619,2018-01-19,2024-04-30,0.16630639370718497,0.1648086610502384,0.0014977326569465788,0.9087705994347148,-0.003171687140975928,0.008509832503982611,0.4704252715818194,False,False,False
all_features,rf,2000,bar1030,mse,10:30,tuned vs untuned,all_features/bar1030/rf/tw2000/causal_tune_trees/rf/all_features/results_bar1030.csv,as scored,deck period,1116,2020-01-03,2024-04-30,0.16019436372432821,0.16232418346520414,-0.0021298197408759073,-1.3120779020166493,-0.005302029120648149,0.000822087589617685,-1.4688423311443468,False,False,False
all_features,rf,2000,bar1030,qlike,10:30,tuned vs untuned,all_features/bar1030/rf/tw2000/causal_tune_trees/rf/all_features/results_bar1030.csv,clock,common,1556,2018-04-19,2024-04-30,0.1688522947701771,0.17051410148537954,-0.0016618067152024268,-0.9745860903738309,-0.004309579942282811,0.0009426849925446015,-1.2628937137740266,False,False,False
all_features,rf,2000,bar1030,qlike,10:30,tuned vs untuned,all_features/bar1030/rf/tw2000/causal_tune_trees/rf/all_features/results_bar1030.csv,clock,deck period,1116,2020-01-03,2024-04-30,0.1669279581631281,0.1703654216040405,-0.003437463440912433,-2.017700193236224,-0.006844878564539868,-0.00011023587874366273,-2.2677917913562053,True,False,False
all_features,rf,2000,bar1030,qlike,10:30,tuned vs untuned,all_features/bar1030/rf/tw2000/causal_tune_trees/rf/all_features/results_bar1030.csv,as scored,common,1619,2018-01-19,2024-04-30,0.16465573461669827,0.1648086610502384,-0.0001529264335401424,-0.09279028939718528,-0.003744848960188773,0.004421301506990011,-0.07066733699978854,False,False,False
all_features,rf,2000,bar1030,qlike,10:30,tuned vs untuned,all_features/bar1030/rf/tw2000/causal_tune_trees/rf/all_features/results_bar1030.csv,as scored,deck period,1116,2020-01-03,2024-04-30,0.1600315999548244,0.16232418346520414,-0.0022925835103797237,-1.4123487095015406,-0.0055157667575689556,0.0008048995438541002,-1.5744886582114437,False,False,False
all_features,rf,2000,bar1100,mse,11:00,tuned vs untuned,all_features/bar1100/rf/tw2000/causal_tune_trees/rf/all_features/results_bar1100.csv,clock,common,1556,2018-04-19,2024-04-30,0.1484129128176468,0.14552274470270898,0.002890168114937808,1.9860593756956577,0.00013295391630619325,0.0059471814363433765,2.202522645322843,False,True,False
all_features,rf,2000,bar1100,mse,11:00,tuned vs untuned,all_features/bar1100/rf/tw2000/causal_tune_trees/rf/all_features/results_bar1100.csv,clock,deck period,1116,2020-01-03,2024-04-30,0.15304265669934025,0.15437525004077138,-0.001332593341431107,-0.8632169606715854,-0.003639637493542534,0.0008287469209959125,-1.2408532359475488,False,False,False
all_features,rf,2000,bar1100,mse,11:00,tuned vs untuned,all_features/bar1100/rf/tw2000/causal_tune_trees/rf/all_features/results_bar1100.csv,as scored,common,1619,2018-01-19,2024-04-30,0.14881224012793415,0.14254636390126627,0.006265876226667888,4.395675943728668,0.0013073105617779643,0.01427695653973951,1.8522515642298916,False,True,False
all_features,rf,2000,bar1100,mse,11:00,tuned vs untuned,all_features/bar1100/rf/tw2000/causal_tune_trees/rf/all_features/results_bar1100.csv,as scored,deck period,1116,2020-01-03,2024-04-30,0.1511624696939548,0.15096936150596246,0.0001931081879923236,0.12791217109618425,-0.002135835173331588,0.0023046501741938136,0.18500226903385483,False,False,False
all_features,rf,2000,bar1100,qlike,11:00,tuned vs untuned,all_features/bar1100/rf/tw2000/causal_tune_trees/rf/all_features/results_bar1100.csv,clock,common,1556,2018-04-19,2024-04-30,0.14562581096334903,0.14552274470270898,0.00010306626064005894,0.07082484655619631,-0.003243398295084685,0.0034272808147712873,0.06451923202557248,False,False,False
all_features,rf,2000,bar1100,qlike,11:00,tuned vs untuned,all_features/bar1100/rf/tw2000/causal_tune_trees/rf/all_features/results_bar1100.csv,clock,deck period,1116,2020-01-03,2024-04-30,0.15086980380601347,0.15437525004077138,-0.003505446234757908,-2.270730725185611,-0.007133135771249462,-0.00010395387559515252,-2.084281473283606,True,False,False
all_features,rf,2000,bar1100,qlike,11:00,tuned vs untuned,all_features/bar1100/rf/tw2000/causal_tune_trees/rf/all_features/results_bar1100.csv,as scored,common,1619,2018-01-19,2024-04-30,0.14671525954225187,0.14254636390126627,0.004168895640985622,2.9245892542535694,-0.0015837328743340297,0.013513086933841893,1.0460949658786896,False,False,False
all_features,rf,2000,bar1100,qlike,11:00,tuned vs untuned,all_features/bar1100/rf/tw2000/causal_tune_trees/rf/all_features/results_bar1100.csv,as scored,deck period,1116,2020-01-03,2024-04-30,0.14957827878868712,0.15096936150596246,-0.0013910827172753312,-0.9214337951746527,-0.004953893938585495,0.0019095047756744132,-0.8494075163036388,False,False,False
all_features,rf,2000,bar1130,mse,11:30,tuned vs untuned,all_features/bar1130/rf/tw2000/causal_tune_trees/rf/all_features/results_bar1130.csv,clock,common,1558,2018-04-17,2024-04-30,0.14554604903682075,0.14481958449603188,0.000726464540788888,0.5016341838826318,-0.003125883645614389,0.004655421265051753,0.34184188351279043,False,False,False
all_features,rf,2000,bar1130,mse,11:30,tuned vs untuned,all_features/bar1130/rf/tw2000/causal_tune_trees/rf/all_features/results_bar1130.csv,clock,deck period,1116,2020-01-03,2024-04-30,0.1477292973605431,0.14805189525101994,-0.0003225978904768549,-0.21789514408437302,-0.0053300038287119565,0.004360627955201568,-0.12286512601381017,False,False,False
all_features,rf,2000,bar1130,mse,11:30,tuned vs untuned,all_features/bar1130/rf/tw2000/causal_tune_trees/rf/all_features/results_bar1130.csv,as scored,common,1621,2018-01-17,2024-04-30,0.14327258693342135,0.14101648302711772,0.002256103906303602,1.599886664220486,-0.0022630471223347485,0.007220431390182266,0.8858138280442384,False,False,False
all_features,rf,2000,bar1130,mse,11:30,tuned vs untuned,all_features/bar1130/rf/tw2000/causal_tune_trees/rf/all_features/results_bar1130.csv,as scored,deck period,1116,2020-01-03,2024-04-30,0.14659178985911184,0.14536747184773427,0.001224318011377568,0.8422228135466129,-0.0036307625566252095,0.006098082320068979,0.4643491401186291,False,False,False
all_features,rf,2000,bar1130,qlike,11:30,tuned vs untuned,all_features/bar1130/rf/tw2000/causal_tune_trees/rf/all_features/results_bar1130.csv,clock,common,1558,2018-04-17,2024-04-30,0.14752054072387458,0.14481958449603188,0.002700956227842695,1.8650490106306734,-0.0019461655225498592,0.007509769422814002,1.0850687713201945,False,False,False
all_features,rf,2000,bar1130,qlike,11:30,tuned vs untuned,all_features/bar1130/rf/tw2000/causal_tune_trees/rf/all_features/results_bar1130.csv,clock,deck period,1116,2020-01-03,2024-04-30,0.1477292973605431,0.14805189525101994,-0.0003225978904768543,-0.2178951440843726,-0.005330003828711956,0.004360627955201568,-0.12286512601380994,False,False,False
all_features,rf,2000,bar1130,qlike,11:30,tuned vs untuned,all_features/bar1130/rf/tw2000/causal_tune_trees/rf/all_features/results_bar1130.csv,as scored,common,1621,2018-01-17,2024-04-30,0.14670430121001582,0.14101648302711772,0.005687818182898079,4.033442091875388,-0.0005086675582068108,0.013416239589941616,1.5598316491524429,False,False,False
all_features,rf,2000,bar1130,qlike,11:30,tuned vs untuned,all_features/bar1130/rf/tw2000/causal_tune_trees/rf/all_features/results_bar1130.csv,as scored,deck period,1116,2020-01-03,2024-04-30,0.14706940919926487,0.14536747184773427,0.0017019373515305912,1.1707827961081227,-0.003123782562015989,0.006546257332654395,0.6442677810794868,False,False,False
all_features,rf,2000,bar1200,mse,12:00,tuned vs untuned,all_features/bar1200/rf/tw2000/causal_tune_trees/rf/all_features/results_bar1200.csv,clock,common,1497,2018-07-11,2024-04-30,0.16465785415841433,0.15473222848503965,0.009925625673374667,6.414711253469946,0.0007674201236716427,0.022627261175612815,2.2782477941078803,False,True,False
all_features,rf,2000,bar1200,mse,12:00,tuned vs untuned,all_features/bar1200/rf/tw2000/causal_tune_trees/rf/all_features/results_bar1200.csv,clock,deck period,1116,2020-01-03,2024-04-30,0.15393724768159403,0.13973593187206007,0.014201315809533944,10.16296640332741,0.0024559466090197093,0.031268674833443796,2.5610197266976913,False,True,False
all_features,rf,2000,bar1200,mse,12:00,tuned vs untuned,all_features/bar1200/rf/tw2000/causal_tune_trees/rf/all_features/results_bar1200.csv,as scored,common,1560,2018-04-13,2024-04-30,0.1605672728562455,0.15196467910970404,0.008602593746541452,5.660916600449765,0.0002322747690936411,0.021189024009782544,2.0677547907294467,False,True,False
all_features,rf,2000,bar1200,mse,12:00,tuned vs untuned,all_features/bar1200/rf/tw2000/causal_tune_trees/rf/all_features/results_bar1200.csv,as scored,deck period,1116,2020-01-03,2024-04-30,0.15046401123353167,0.13777049726647755,0.012693513967054114,9.213521195689776,0.0013448827799588785,0.029733432804780288,2.301498076321743,False,True,False
all_features,rf,2000,bar1200,qlike,12:00,tuned vs untuned,all_features/bar1200/rf/tw2000/causal_tune_trees/rf/all_features/results_bar1200.csv,clock,common,1497,2018-07-11,2024-04-30,0.15446858776663822,0.15473222848503965,-0.0002636407184014442,-0.17038513629817878,-0.00498690195047864,0.005166501945794479,-0.10220874966526952,False,False,False
all_features,rf,2000,bar1200,qlike,12:00,tuned vs untuned,all_features/bar1200/rf/tw2000/causal_tune_trees/rf/all_features/results_bar1200.csv,clock,deck period,1116,2020-01-03,2024-04-30,0.13987995729422073,0.13973593187206007,0.00014402542216066587,0.10306971172778466,-0.006045676665025977,0.007209896932433973,0.04326859065318049,False,False,False
all_features,rf,2000,bar1200,qlike,12:00,tuned vs untuned,all_features/bar1200/rf/tw2000/causal_tune_trees/rf/all_features/results_bar1200.csv,as scored,common,1560,2018-04-13,2024-04-30,0.15151212706764267,0.15196467910970404,-0.0004525520420613906,-0.2978008078671302,-0.004993442198180011,0.004291729887955903,-0.18688074255902284,False,False,False
all_features,rf,2000,bar1200,qlike,12:00,tuned vs untuned,all_features/bar1200/rf/tw2000/causal_tune_trees/rf/all_features/results_bar1200.csv,as scored,deck period,1116,2020-01-03,2024-04-30,0.1377737784890525,0.13777049726647755,3.281222574949053e-06,0.0023816583666693663,-0.006025174335433029,0.006974478101178443,0.0010115335763406647,False,False,False
all_features,rf,2000,bar1230,mse,12:30,tuned vs untuned,all_features/bar1230/rf/tw2000/causal_tune_trees/rf/all_features/results_bar1230.csv,clock,common,1497,2018-07-11,2024-04-30,0.16723074116161665,0.16251957193218713,0.004711169229429507,2.8988319212379468,-0.00024579539686391623,0.010696053360970324,1.9314002358770919,False,False,False
all_features,rf,2000,bar1230,mse,12:30,tuned vs untuned,all_features/bar1230/rf/tw2000/causal_tune_trees/rf/all_features/results_bar1230.csv,clock,deck period,1116,2020-01-03,2024-04-30,0.16448306839543902,0.15840058666100434,0.006082481734434651,3.839936368071583,-0.00044041162789732933,0.014112467196415028,1.989618979089939,False,False,False
all_features,rf,2000,bar1230,mse,12:30,tuned vs untuned,all_features/bar1230/rf/tw2000/causal_tune_trees/rf/all_features/results_bar1230.csv,as scored,common,1560,2018-04-13,2024-04-30,0.16417765777929114,0.15991896213776607,0.0042586956415250656,2.663033566873895,-0.0006461310335742289,0.010462957755587655,1.7674460948639783,False,False,False
all_features,rf,2000,bar1230,mse,12:30,tuned vs untuned,all_features/bar1230/rf/tw2000/causal_tune_trees/rf/all_features/results_bar1230.csv,as scored,deck period,1116,2020-01-03,2024-04-30,0.1624798078197994,0.15651997777953022,0.0059598300402691875,3.8077120408642284,-0.0007077248757699192,0.014300966739701904,1.8952311298359397,False,False,False
all_features,rf,2000,bar1230,qlike,12:30,tuned vs untuned,all_features/bar1230/rf/tw2000/causal_tune_trees/rf/all_features/results_bar1230.csv,clock,common,1497,2018-07-11,2024-04-30,0.161428000910054,0.16251957193218713,-0.001091571022133152,-0.6716551176916837,-0.004852626825651826,0.002812674561192152,-0.5779350995280448,False,False,False
all_features,rf,2000,bar1230,qlike,12:30,tuned vs untuned,all_features/bar1230/rf/tw2000/causal_tune_trees/rf/all_features/results_bar1230.csv,clock,deck period,1116,2020-01-03,2024-04-30,0.15561119243998028,0.15840058666100434,-0.0027893942210240673,-1.760974678075969,-0.0076244639524805724,0.0021206732729444435,-1.2333020266783867,False,False,False
all_features,rf,2000,bar1230,qlike,12:30,tuned vs untuned,all_features/bar1230/rf/tw2000/causal_tune_trees/rf/all_features/results_bar1230.csv,as scored,common,1560,2018-04-13,2024-04-30,0.15880862553016517,0.15991896213776607,-0.0011103366076009044,-0.6943120395218536,-0.004812781760025958,0.0029573089799069282,-0.5790966923241272,False,False,False
all_features,rf,2000,bar1230,qlike,12:30,tuned vs untuned,all_features/bar1230/rf/tw2000/causal_tune_trees/rf/all_features/results_bar1230.csv,as scored,deck period,1116,2020-01-03,2024-04-30,0.154147185530156,0.15651997777953022,-0.002372792249374235,-1.5159676630650214,-0.007236935986604363,0.0027258449332671427,-0.9975521175837008,False,False,False
all_features,rf,2000,bar1300,mse,13:00,tuned vs untuned,all_features/bar1300/rf/tw2000/causal_tune_trees/rf/all_features/results_bar1300.csv,clock,common,1497,2018-07-11,2024-04-30,0.1832669950614324,0.1870004599698197,-0.0037334649083873156,-1.9965003877476373,-0.008130778261232628,0.00030564973631121254,-1.9265478710337525,False,False,False
all_features,rf,2000,bar1300,mse,13:00,tuned vs untuned,all_features/bar1300/rf/tw2000/causal_tune_trees/rf/all_features/results_bar1300.csv,clock,deck period,1116,2020-01-03,2024-04-30,0.17393656063369867,0.17705175319246627,-0.0031151925587676274,-1.7594813395500348,-0.008760250158233077,0.0018160913371626619,-1.34470477298153,False,False,False
all_features,rf,2000,bar1300,mse,13:00,tuned vs untuned,all_features/bar1300/rf/tw2000/causal_tune_trees/rf/all_features/results_bar1300.csv,as scored,common,1560,2018-04-13,2024-04-30,0.17946060263484184,0.1835771688562941,-0.004116566221452282,-2.2424173153442455,-0.008690696143191822,-0.00013544316525617006,-2.0315412996958693,True,False,False
all_features,rf,2000,bar1300,mse,13:00,tuned vs untuned,all_features/bar1300/rf/tw2000/causal_tune_trees/rf/all_features/results_bar1300.csv,as scored,deck period,1116,2020-01-03,2024-04-30,0.17126806818689266,0.17486658308795655,-0.003598514901063904,-2.057863107700731,-0.010026690447937907,0.0017964564473472145,-1.3987792006225417,False,False,False
all_features,rf,2000,bar1300,qlike,13:00,tuned vs untuned,all_features/bar1300/rf/tw2000/causal_tune_trees/rf/all_features/results_bar1300.csv,clock,common,1497,2018-07-11,2024-04-30,0.1816496405926005,0.1870004599698197,-0.005350819377219208,-2.8613936982201995,-0.010045710656950098,-0.0009780780944329043,-2.5110612925268883,True,False,False
all_features,rf,2000,bar1300,qlike,13:00,tuned vs untuned,all_features/bar1300/rf/tw2000/causal_tune_trees/rf/all_features/results_bar1300.csv,clock,deck period,1116,2020-01-03,2024-04-30,0.17200902792190173,0.17705175319246627,-0.005042725270564544,-2.848164550555333,-0.011279711709786193,0.0005586404363259506,-1.9695862630968912,False,False,False
all_features,rf,2000,bar1300,qlike,13:00,tuned vs untuned,all_features/bar1300/rf/tw2000/causal_tune_trees/rf/all_features/results_bar1300.csv,as scored,common,1560,2018-04-13,2024-04-30,0.17787132409003714,0.1835771688562941,-0.0057058447662569805,-3.108145093316897,-0.01085433543421358,-0.0013788159828915683,-2.6118424624697347,True,False,False
all_features,rf,2000,bar1300,qlike,13:00,tuned vs untuned,all_features/bar1300/rf/tw2000/causal_tune_trees/rf/all_features/results_bar1300.csv,as scored,deck period,1116,2020-01-03,2024-04-30,0.16922622168180976,0.17486658308795655,-0.005640361406146817,-3.225522742278185,-0.01243634175231135,0.00034828517060994516,-2.0398976045935484,False,False,False
all_features,rf,2000,bar1330,mse,13:30,tuned vs untuned,all_features/bar1330/rf/tw2000/causal_tune_trees/rf/all_features/results_bar1330.csv,clock,common,1436,2018-08-16,2024-04-30,0.1895077915330059,0.18983699975594,-0.0003292082229340872,-0.17341625887331075,-0.004863108398942974,0.004579655718016878,-0.13675642758547835,False,False,False
all_features,rf,2000,bar1330,mse,13:30,tuned vs untuned,all_features/bar1330/rf/tw2000/causal_tune_trees/rf/all_features/results_bar1330.csv,clock,deck period,1088,2020-01-03,2024-04-30,0.1863817368166687,0.18738395778626388,-0.0010022209695951224,-0.5348488640304457,-0.006740772753182007,0.0051777721930679746,-0.3264807509364583,False,False,False
all_features,rf,2000,bar1330,mse,13:30,tuned vs untuned,all_features/bar1330/rf/tw2000/causal_tune_trees/rf/all_features/results_bar1330.csv,as scored,common,1499,2018-05-17,2024-04-30,0.18672430320843902,0.18704787680407714,-0.0003235735956381048,-0.17298971855052447,-0.004706980679028593,0.004132019794332851,-0.14336518999031034,False,False,False
all_features,rf,2000,bar1330,mse,13:30,tuned vs untuned,all_features/bar1330/rf/tw2000/causal_tune_trees/rf/all_features/results_bar1330.csv,as scored,deck period,1088,2020-01-03,2024-04-30,0.18282973707755468,0.18364648834985006,-0.0008167512722953845,-0.4447410237104331,-0.006384944100786714,0.005414580498838181,-0.27229227807736117,False,False,False
all_features,rf,2000,bar1330,qlike,13:30,tuned vs untuned,all_features/bar1330/rf/tw2000/causal_tune_trees/rf/all_features/results_bar1330.csv,clock,common,1436,2018-08-16,2024-04-30,0.1887467147879874,0.18983699975594,-0.0010902849679526277,-0.5743269064272665,-0.004956326531242424,0.0032475815280922503,-0.5371195935032494,False,False,False
all_features,rf,2000,bar1330,qlike,13:30,tuned vs untuned,all_features/bar1330/rf/tw2000/causal_tune_trees/rf/all_features/results_bar1330.csv,clock,deck period,1088,2020-01-03,2024-04-30,0.18611823124978533,0.18738395778626388,-0.00126572653647855,-0.6754721969968625,-0.00657348195174843,0.004284319897264867,-0.49757510380510284,False,False,False
all_features,rf,2000,bar1330,qlike,13:30,tuned vs untuned,all_features/bar1330/rf/tw2000/causal_tune_trees/rf/all_features/results_bar1330.csv,as scored,common,1499,2018-05-17,2024-04-30,0.18594309098975192,0.18704787680407714,-0.0011047858143252139,-0.590643333248,-0.005075396524367595,0.0028863923150599926,-0.5726580298490744,False,False,False
all_features,rf,2000,bar1330,qlike,13:30,tuned vs untuned,all_features/bar1330/rf/tw2000/causal_tune_trees/rf/all_features/results_bar1330.csv,as scored,deck period,1088,2020-01-03,2024-04-30,0.1824010068619882,0.18364648834985006,-0.001245481487861843,-0.6781951013891303,-0.006432352301538494,0.004334864730080413,-0.4951918157365711,False,False,False
all_features,rf,2000,bar1400,mse,14:00,tuned vs untuned,all_features/bar1400/rf/tw2000/causal_tune_trees/rf/all_features/results_bar1400.csv,clock,common,1424,2018-08-30,2024-04-30,0.19097266147956277,0.20840772222654505,-0.017435060746982273,-8.365841995062867,-0.026959733163283758,-0.009951437743585877,-4.6016168224316,True,False,False
all_features,rf,2000,bar1400,mse,14:00,tuned vs untuned,all_features/bar1400/rf/tw2000/causal_tune_trees/rf/all_features/results_bar1400.csv,clock,deck period,1088,2020-01-03,2024-04-30,0.18754790771795604,0.20859246177574223,-0.02104455405778617,-10.088837285218473,-0.03274654901420896,-0.011138499838908867,-4.420104129395138,True,False,False
all_features,rf,2000,bar1400,mse,14:00,tuned vs untuned,all_features/bar1400/rf/tw2000/causal_tune_trees/rf/all_features/results_bar1400.csv,as scored,common,1487,2018-06-01,2024-04-30,0.18511535671811902,0.2004999751316893,-0.015384618413570307,-7.673127342517435,-0.024213822307276808,-0.008389771547002808,-4.239154031517182,True,False,False
all_features,rf,2000,bar1400,mse,14:00,tuned vs untuned,all_features/bar1400/rf/tw2000/causal_tune_trees/rf/all_features/results_bar1400.csv,as scored,deck period,1088,2020-01-03,2024-04-30,0.1807758383397177,0.19879847249509175,-0.01802263415537403,-9.065781003834926,-0.029511542880364224,-0.008216379327965472,-3.771047298812754,True,False,False
all_features,rf,2000,bar1400,qlike,14:00,tuned vs untuned,all_features/bar1400/rf/tw2000/causal_tune_trees/rf/all_features/results_bar1400.csv,clock,common,1424,2018-08-30,2024-04-30,0.1967493410097725,0.20840772222654505,-0.01165838121677253,-5.594025543880538,-0.022107163166564213,-0.001573817359671211,-2.6855415590386342,True,False,False
all_features,rf,2000,bar1400,qlike,14:00,tuned vs untuned,all_features/bar1400/rf/tw2000/causal_tune_trees/rf/all_features/results_bar1400.csv,clock,deck period,1088,2020-01-03,2024-04-30,0.19558013407189515,0.20859246177574223,-0.013012327703847063,-6.238158173633627,-0.02599800118147095,-0.0005971314246367566,-2.4458674856625926,True,False,False
all_features,rf,2000,bar1400,qlike,14:00,tuned vs untuned,all_features/bar1400/rf/tw2000/causal_tune_trees/rf/all_features/results_bar1400.csv,as scored,common,1487,2018-06-01,2024-04-30,0.19061918629962774,0.2004999751316893,-0.00988078883206154,-4.928074841691023,-0.019754063858685333,-0.0006010181136701405,-2.2850275950055563,True,False,False
all_features,rf,2000,bar1400,qlike,14:00,tuned vs untuned,all_features/bar1400/rf/tw2000/causal_tune_trees/rf/all_features/results_bar1400.csv,as scored,deck period,1088,2020-01-03,2024-04-30,0.188226841074919,0.19879847249509175,-0.01057163142017277,-5.317762902043313,-0.02382473802523313,0.0027233926759573325,-1.9055611523183789,False,False,False
all_features,rf,2000,bar1430,mse,14:30,tuned vs untuned,all_features/bar1430/rf/tw2000/causal_tune_trees/rf/all_features/results_bar1430.csv,clock,common,1416,2018-09-10,2024-04-30,0.2421669194517776,0.24526926120636544,-0.003102341754587815,-1.2648718144821078,-0.00993185468475074,0.004242108800447556,-0.843879205475463,False,False,False
all_features,rf,2000,bar1430,mse,14:30,tuned vs untuned,all_features/bar1430/rf/tw2000/causal_tune_trees/rf/all_features/results_bar1430.csv,clock,deck period,1087,2020-01-03,2024-04-30,0.2549622789794657,0.25890066165042047,-0.003938382670954791,-1.5211945175607837,-0.012271398770632148,0.004755721470662836,-0.8231525301901709,False,False,False
all_features,rf,2000,bar1430,mse,14:30,tuned vs untuned,all_features/bar1430/rf/tw2000/causal_tune_trees/rf/all_features/results_bar1430.csv,as scored,common,1479,2018-06-11,2024-04-30,0.24072763804211533,0.24403185583033513,-0.003304217788219819,-1.3540108429602322,-0.009719716228102124,0.0034114497952802522,-0.9173152510846767,False,False,False
all_features,rf,2000,bar1430,mse,14:30,tuned vs untuned,all_features/bar1430/rf/tw2000/causal_tune_trees/rf/all_features/results_bar1430.csv,as scored,deck period,1087,2020-01-03,2024-04-30,0.25331222813276943,0.2573139202803611,-0.004001692147591699,-1.5551790370422174,-0.012627799001602246,0.004881583151149159,-0.8163527502922295,False,False,False
all_features,rf,2000,bar1430,qlike,14:30,tuned vs untuned,all_features/bar1430/rf/tw2000/causal_tune_trees/rf/all_features/results_bar1430.csv,clock,common,1416,2018-09-10,2024-04-30,0.24459972433492513,0.24526926120636544,-0.0006695368714402973,-0.27298034337737914,-0.009987784502886224,0.009106118440619298,-0.1413625491396963,False,False,False
all_features,rf,2000,bar1430,qlike,14:30,tuned vs untuned,all_features/bar1430/rf/tw2000/causal_tune_trees/rf/all_features/results_bar1430.csv,clock,deck period,1087,2020-01-03,2024-04-30,0.2607948730327621,0.25890066165042047,0.001894211382341646,0.7316363620960138,-0.009386093291903133,0.0137720999197033,0.3126074640668227,False,False,False
all_features,rf,2000,bar1430,qlike,14:30,tuned vs untuned,all_features/bar1430/rf/tw2000/causal_tune_trees/rf/all_features/results_bar1430.csv,as scored,common,1479,2018-06-11,2024-04-30,0.24241562700077882,0.24403185583033513,-0.0016162288295562663,-0.6623023965690614,-0.009660574519879821,0.007834857601906458,-0.357502775202919,False,False,False
all_features,rf,2000,bar1430,qlike,14:30,tuned vs untuned,all_features/bar1430/rf/tw2000/causal_tune_trees/rf/all_features/results_bar1430.csv,as scored,deck period,1087,2020-01-03,2024-04-30,0.25782351784163027,0.2573139202803611,0.0005095975612691209,0.1980450807767724,-0.010806585659768534,0.012745596738505989,0.08438937457547054,False,False,False
all_features,rf,2000,bar1500,mse,15:00,tuned vs untuned,all_features/bar1500/rf/tw2000/causal_tune_trees/rf/all_features/results_bar1500.csv,clock,common,1414,2018-09-12,2024-04-30,0.23201319362421574,0.23117999620880986,0.00083319741540588,0.3604106882384871,-0.007975781416656526,0.011519640547974988,0.20110090332899136,False,False,False
all_features,rf,2000,bar1500,mse,15:00,tuned vs untuned,all_features/bar1500/rf/tw2000/causal_tune_trees/rf/all_features/results_bar1500.csv,clock,deck period,1087,2020-01-03,2024-04-30,0.2055859079017409,0.20523643036741127,0.00034947753432962,0.17028045834942188,-0.009090160218477314,0.013065098073261814,0.08012094681731363,False,False,False
all_features,rf,2000,bar1500,mse,15:00,tuned vs untuned,all_features/bar1500/rf/tw2000/causal_tune_trees/rf/all_features/results_bar1500.csv,as scored,common,1477,2018-06-13,2024-04-30,0.22531010320935016,0.2256307587258817,-0.0003206555165315556,-0.14211516122281856,-0.008588926764806003,0.010340796256253594,-0.07950757276477907,False,False,False
all_features,rf,2000,bar1500,mse,15:00,tuned vs untuned,all_features/bar1500/rf/tw2000/causal_tune_trees/rf/all_features/results_bar1500.csv,as scored,deck period,1087,2020-01-03,2024-04-30,0.2063574235541723,0.20607144162363428,0.0002859819305379792,0.13877805108982166,-0.009522724063786408,0.013612222761962117,0.06404448564942744,False,False,False
all_features,rf,2000,bar1500,qlike,15:00,tuned vs untuned,all_features/bar1500/rf/tw2000/causal_tune_trees/rf/all_features/results_bar1500.csv,clock,common,1414,2018-09-12,2024-04-30,0.22481085801338913,0.23117999620880986,-0.006369138195420698,-2.755055930387623,-0.013059215822061584,0.00032644028834034124,-1.9831637968832547,False,False,False
all_features,rf,2000,bar1500,qlike,15:00,tuned vs untuned,all_features/bar1500/rf/tw2000/causal_tune_trees/rf/all_features/results_bar1500.csv,clock,deck period,1087,2020-01-03,2024-04-30,0.1982249944557069,0.20523643036741127,-0.007011435911704359,-3.416272588230359,-0.014186746469223343,-0.0009579466833798193,-2.3305693980543056,True,False,False
all_features,rf,2000,bar1500,qlike,15:00,tuned vs untuned,all_features/bar1500/rf/tw2000/causal_tune_trees/rf/all_features/results_bar1500.csv,as scored,common,1477,2018-06-13,2024-04-30,0.21882222591694112,0.2256307587258817,-0.006808532808940627,-3.0175552515037625,-0.012700338686390969,-0.0007277309008796192,-2.286102488485209,True,False,False
all_features,rf,2000,bar1500,qlike,15:00,tuned vs untuned,all_features/bar1500/rf/tw2000/causal_tune_trees/rf/all_features/results_bar1500.csv,as scored,deck period,1087,2020-01-03,2024-04-30,0.19963657534507545,0.20607144162363428,-0.006434866278558829,-3.122638550911567,-0.013240487132735545,-0.0006070748564688229,-2.2165346311097154,True,False,False
all_features,rf,2000,bar1530,mse,15:30,tuned vs untuned,all_features/bar1530/rf/tw2000/causal_tune_trees/rf/all_features/results_bar1530.csv,clock,common,1412,2018-09-14,2024-04-30,0.13973635840892137,0.13749893373619293,0.002237424672728484,1.6272305623992935,-0.003519297035014585,0.009535365603823304,0.727984470554618,False,False,False
all_features,rf,2000,bar1530,mse,15:30,tuned vs untuned,all_features/bar1530/rf/tw2000/causal_tune_trees/rf/all_features/results_bar1530.csv,clock,deck period,1087,2020-01-03,2024-04-30,0.12941397714997513,0.13034679519328526,-0.0009328180433101442,-0.7156432514715159,-0.005582473535325139,0.0038674328441089503,-0.43659540543613595,False,False,False
all_features,rf,2000,bar1530,mse,15:30,tuned vs untuned,all_features/bar1530/rf/tw2000/causal_tune_trees/rf/all_features/results_bar1530.csv,as scored,common,1475,2018-06-15,2024-04-30,0.1371385140648586,0.1362704620211613,0.0008680520436972857,0.6370067517364745,-0.004195428871197813,0.007394317768742463,0.3070748096428672,False,False,False
all_features,rf,2000,bar1530,mse,15:30,tuned vs untuned,all_features/bar1530/rf/tw2000/causal_tune_trees/rf/all_features/results_bar1530.csv,as scored,deck period,1087,2020-01-03,2024-04-30,0.13119786522370627,0.1313098206870553,-0.00011195546334901982,-0.08526054088203971,-0.004945629008719548,0.004916694696174351,-0.05224759434018298,False,False,False
all_features,rf,2000,bar1530,qlike,15:30,tuned vs untuned,all_features/bar1530/rf/tw2000/causal_tune_trees/rf/all_features/results_bar1530.csv,clock,common,1412,2018-09-14,2024-04-30,0.14233552603710312,0.13749893373619293,0.004836592300910185,3.517548950735667,-0.0014636512773677079,0.012099574180546817,1.48498988844702,False,False,False
all_features,rf,2000,bar1530,qlike,15:30,tuned vs untuned,all_features/bar1530/rf/tw2000/causal_tune_trees/rf/all_features/results_bar1530.csv,clock,deck period,1087,2020-01-03,2024-04-30,0.13252900493649963,0.13034679519328526,0.0021822097432143703,1.6741568060637562,-0.003237541140683178,0.008004810321256306,0.8480437787119584,False,False,False
all_features,rf,2000,bar1530,qlike,15:30,tuned vs untuned,all_features/bar1530/rf/tw2000/causal_tune_trees/rf/all_features/results_bar1530.csv,as scored,common,1475,2018-06-15,2024-04-30,0.13951439975079805,0.1362704620211613,0.0032439377296367517,2.3805142226148788,-0.0023604906785843834,0.010290655896404507,1.0779123467237701,False,False,False
all_features,rf,2000,bar1530,qlike,15:30,tuned vs untuned,all_features/bar1530/rf/tw2000/causal_tune_trees/rf/all_features/results_bar1530.csv,as scored,deck period,1087,2020-01-03,2024-04-30,0.13411314382968162,0.1313098206870553,0.0028033231426263148,2.1348922174734724,-0.002603886100578189,0.008756266280449154,1.0941888313126458,False,False,False
all_features,rf,2000,bar1600,mse,16:00,tuned vs untuned,all_features/bar1600/rf/tw2000/causal_tune_trees/rf/all_features/results_bar1600.csv,clock,common,1406,2018-09-24,2024-04-30,0.12477669316406673,0.12411203828881619,0.0006646548752505544,0.5355281279837356,-0.002318413451638778,0.0034087162740526066,0.4773400689797208,False,False,False
all_features,rf,2000,bar1600,mse,16:00,tuned vs untuned,all_features/bar1600/rf/tw2000/causal_tune_trees/rf/all_features/results_bar1600.csv,clock,deck period,1087,2020-01-03,2024-04-30,0.11390535700615989,0.11355063546757611,0.0003547215385837663,0.31239062390369055,-0.0033351482136841524,0.003661178111334848,0.21239026857333537,False,False,False
all_features,rf,2000,bar1600,mse,16:00,tuned vs untuned,all_features/bar1600/rf/tw2000/causal_tune_trees/rf/all_features/results_bar1600.csv,as scored,common,1469,2018-06-25,2024-04-30,0.12454531315298428,0.12335028390495348,0.0011950292480308038,0.9688094832044517,-0.0016172947196140346,0.0037129567271502258,0.9166655337709213,False,False,False
all_features,rf,2000,bar1600,mse,16:00,tuned vs untuned,all_features/bar1600/rf/tw2000/causal_tune_trees/rf/all_features/results_bar1600.csv,as scored,deck period,1087,2020-01-03,2024-04-30,0.11296934900738627,0.11207798494788081,0.0008913640595054466,0.7953069997822981,-0.002542249884713163,0.004076019865991348,0.551262701661858,False,False,False
all_features,rf,2000,bar1600,qlike,16:00,tuned vs untuned,all_features/bar1600/rf/tw2000/causal_tune_trees/rf/all_features/results_bar1600.csv,clock,common,1406,2018-09-24,2024-04-30,0.12560643282163747,0.12411203828881619,0.001494394532821272,1.2040689633536803,-0.0010044954002155688,0.004004907307674861,1.2339927837109013,False,False,False
all_features,rf,2000,bar1600,qlike,16:00,tuned vs untuned,all_features/bar1600/rf/tw2000/causal_tune_trees/rf/all_features/results_bar1600.csv,clock,deck period,1087,2020-01-03,2024-04-30,0.1158120288687056,0.11355063546757611,0.0022613934011294955,1.991528617887151,-0.0007154170782255596,0.005191019872044883,1.540282752694056,False,False,False
all_features,rf,2000,bar1600,qlike,16:00,tuned vs untuned,all_features/bar1600/rf/tw2000/causal_tune_trees/rf/all_features/results_bar1600.csv,as scored,common,1469,2018-06-25,2024-04-30,0.12473606228361403,0.12335028390495348,0.0013857783786605444,1.1234496871757054,-0.0009803418109857575,0.003775195129084692,1.187293152735707,False,False,False
all_features,rf,2000,bar1600,qlike,16:00,tuned vs untuned,all_features/bar1600/rf/tw2000/causal_tune_trees/rf/all_features/results_bar1600.csv,as scored,deck period,1087,2020-01-03,2024-04-30,0.11425386087304998,0.11207798494788081,0.002175875925169162,1.9413945800158712,-0.0007566805591316852,0.004998898192402233,1.474815992037648,False,False,False
all_features,xgb,2000,bar1000,mse,10:00,tuned vs untuned,all_features/bar1000/xgb/tw2000/causal_tune_trees/xgb/all_features/results_bar1000.csv,clock,common,1556,2018-04-19,2024-04-30,0.13420439128399625,0.1270448581113387,0.007159533172657569,5.635437182654922,0.0030183535911094666,0.01124955075994773,3.693308649555682,False,True,False
all_features,xgb,2000,bar1000,mse,10:00,tuned vs untuned,all_features/bar1000/xgb/tw2000/causal_tune_trees/xgb/all_features/results_bar1000.csv,clock,deck period,1116,2020-01-03,2024-04-30,0.13156609058408153,0.12452201048413465,0.007044080099946914,5.656895574171926,0.0020174301578919965,0.01207208328125633,2.931438587930545,False,True,False
all_features,xgb,2000,bar1000,mse,10:00,tuned vs untuned,all_features/bar1000/xgb/tw2000/causal_tune_trees/xgb/all_features/results_bar1000.csv,as scored,common,1619,2018-01-19,2024-04-30,0.134633165634239,0.12467295632923266,0.009960209305006325,7.989069641297107,0.002421365227280672,0.021926077317010663,2.0005379123413563,False,True,False
all_features,xgb,2000,bar1000,mse,10:00,tuned vs untuned,all_features/bar1000/xgb/tw2000/causal_tune_trees/xgb/all_features/results_bar1000.csv,as scored,deck period,1116,2020-01-03,2024-04-30,0.1289538027708406,0.12200507169489203,0.006948731075948569,5.695444442937441,0.001867791755968413,0.011815163317325366,2.8725871893904524,False,True,False
all_features,xgb,2000,bar1000,qlike,10:00,tuned vs untuned,all_features/bar1000/xgb/tw2000/causal_tune_trees/xgb/all_features/results_bar1000.csv,clock,common,1556,2018-04-19,2024-04-30,0.12960781757624493,0.1270448581113387,0.0025629594649062347,2.0173657580538413,-0.001151059716079383,0.006599077291618692,1.3796473323984104,False,False,False
all_features,xgb,2000,bar1000,qlike,10:00,tuned vs untuned,all_features/bar1000/xgb/tw2000/causal_tune_trees/xgb/all_features/results_bar1000.csv,clock,deck period,1116,2020-01-03,2024-04-30,0.13019271882170874,0.12452201048413465,0.00567070833757412,4.553980710339257,0.001062967348065146,0.010711269874659514,2.448039127669462,False,True,False
all_features,xgb,2000,bar1000,qlike,10:00,tuned vs untuned,all_features/bar1000/xgb/tw2000/causal_tune_trees/xgb/all_features/results_bar1000.csv,as scored,common,1619,2018-01-19,2024-04-30,0.12609196094967606,0.12467295632923266,0.001419004620443412,1.1381815770022703,-0.002461239069188221,0.005348778311786906,0.767120952298787,False,False,False
all_features,xgb,2000,bar1000,qlike,10:00,tuned vs untuned,all_features/bar1000/xgb/tw2000/causal_tune_trees/xgb/all_features/results_bar1000.csv,as scored,deck period,1116,2020-01-03,2024-04-30,0.1262435587786321,0.12200507169489203,0.004238487083740092,3.474025321127322,-0.00018690407759026456,0.009095512266073153,1.845027067608539,False,False,False
all_features,xgb,2000,bar1030,mse,10:30,tuned vs untuned,all_features/bar1030/xgb/tw2000/causal_tune_trees/xgb/all_features/results_bar1030.csv,clock,common,1556,2018-04-19,2024-04-30,0.16721786045079626,0.16624882518806208,0.0009690352627342344,0.5828824724854768,-0.002647756766487542,0.004392732382954159,0.5701685672852675,False,False,False
all_features,xgb,2000,bar1030,mse,10:30,tuned vs untuned,all_features/bar1030/xgb/tw2000/causal_tune_trees/xgb/all_features/results_bar1030.csv,clock,deck period,1116,2020-01-03,2024-04-30,0.1646075791853454,0.16451421479572453,9.336438962082823e-05,0.05675156383097823,-0.0038454782738407693,0.0035960445474471385,0.05033392409848223,False,False,False
all_features,xgb,2000,bar1030,mse,10:30,tuned vs untuned,all_features/bar1030/xgb/tw2000/causal_tune_trees/xgb/all_features/results_bar1030.csv,as scored,common,1619,2018-01-19,2024-04-30,0.16389217454773222,0.16104064823605702,0.002851526311675212,1.7706873034287471,-0.0021416284534900827,0.0100780074965322,0.9504474475150103,False,False,False
all_features,xgb,2000,bar1030,mse,10:30,tuned vs untuned,all_features/bar1030/xgb/tw2000/causal_tune_trees/xgb/all_features/results_bar1030.csv,as scored,deck period,1116,2020-01-03,2024-04-30,0.15909850077107873,0.15831799117675477,0.0007805095943239689,0.4930011987409352,-0.0029540461393461927,0.004185796262225368,0.42579106032796354,False,False,False
all_features,xgb,2000,bar1030,qlike,10:30,tuned vs untuned,all_features/bar1030/xgb/tw2000/causal_tune_trees/xgb/all_features/results_bar1030.csv,clock,common,1556,2018-04-19,2024-04-30,0.16551775717468067,0.16624882518806208,-0.0007310680133813558,-0.4397432658873621,-0.004218867762242909,0.0026255037722568123,-0.43250642401296724,False,False,False
all_features,xgb,2000,bar1030,qlike,10:30,tuned vs untuned,all_features/bar1030/xgb/tw2000/causal_tune_trees/xgb/all_features/results_bar1030.csv,clock,deck period,1116,2020-01-03,2024-04-30,0.16214573268251445,0.16451421479572453,-0.0023684821132100705,-1.4396823497294677,-0.006444640327332482,0.0017090849146340933,-1.2926027734660204,False,False,False
all_features,xgb,2000,bar1030,qlike,10:30,tuned vs untuned,all_features/bar1030/xgb/tw2000/causal_tune_trees/xgb/all_features/results_bar1030.csv,as scored,common,1619,2018-01-19,2024-04-30,0.16211247115745603,0.16104064823605702,0.001071822921399024,0.6655604862121033,-0.003880210932628682,0.008206922840514056,0.3598119180309662,False,False,False
all_features,xgb,2000,bar1030,qlike,10:30,tuned vs untuned,all_features/bar1030/xgb/tw2000/causal_tune_trees/xgb/all_features/results_bar1030.csv,as scored,deck period,1116,2020-01-03,2024-04-30,0.1565579180849729,0.15831799117675477,-0.0017600730917818708,-1.111732835099474,-0.005515875564473921,0.0019888138091231555,-1.0199886591782088,False,False,False
all_features,xgb,2000,bar1100,mse,11:00,tuned vs untuned,all_features/bar1100/xgb/tw2000/causal_tune_trees/xgb/all_features/results_bar1100.csv,clock,common,1556,2018-04-19,2024-04-30,0.14705005849651817,0.1443698779034332,0.002680180593084932,1.856468005658122,-0.001602391152914128,0.00815145741713231,1.1607764082664795,False,False,False
all_features,xgb,2000,bar1100,mse,11:00,tuned vs untuned,all_features/bar1100/xgb/tw2000/causal_tune_trees/xgb/all_features/results_bar1100.csv,clock,deck period,1116,2020-01-03,2024-04-30,0.14883178013293966,0.15138071118866692,-0.002548931055727264,-1.6837885327084452,-0.005250792539439755,0.00011798572993232215,-2.1075271108845164,False,False,False
all_features,xgb,2000,bar1100,mse,11:00,tuned vs untuned,all_features/bar1100/xgb/tw2000/causal_tune_trees/xgb/all_features/results_bar1100.csv,as scored,common,1619,2018-01-19,2024-04-30,0.15062277925323933,0.14230324262928826,0.008319536623951114,5.84634367441942,-0.0005178994011904961,0.023883416791113624,1.3704421846254142,False,False,False
all_features,xgb,2000,bar1100,mse,11:00,tuned vs untuned,all_features/bar1100/xgb/tw2000/causal_tune_trees/xgb/all_features/results_bar1100.csv,as scored,deck period,1116,2020-01-03,2024-04-30,0.1484298537345192,0.14922821317102603,-0.0007983594365068605,-0.5349922910300376,-0.0032409405912324357,0.001702037649171622,-0.7047968102345286,False,False,False
all_features,xgb,2000,bar1100,qlike,11:00,tuned vs untuned,all_features/bar1100/xgb/tw2000/causal_tune_trees/xgb/all_features/results_bar1100.csv,clock,common,1556,2018-04-19,2024-04-30,0.14559527912125955,0.1443698779034332,0.0012254012178263317,0.8487928615178187,-0.003027014990563673,0.00675673114906789,0.5153017537279004,False,False,False
all_features,xgb,2000,bar1100,qlike,11:00,tuned vs untuned,all_features/bar1100/xgb/tw2000/causal_tune_trees/xgb/all_features/results_bar1100.csv,clock,deck period,1116,2020-01-03,2024-04-30,0.14680343182836764,0.15138071118866692,-0.004577279360299291,-3.0236873141615734,-0.007435655995218295,-0.0018626357706299135,-3.303727334108023,True,False,False
all_features,xgb,2000,bar1100,qlike,11:00,tuned vs untuned,all_features/bar1100/xgb/tw2000/causal_tune_trees/xgb/all_features/results_bar1100.csv,as scored,common,1619,2018-01-19,2024-04-30,0.14929774522780084,0.14230324262928826,0.006994502598512617,4.915209568859844,-0.0019870554676778515,0.022575458530572873,1.1464056058345244,False,False,False
all_features,xgb,2000,bar1100,qlike,11:00,tuned vs untuned,all_features/bar1100/xgb/tw2000/causal_tune_trees/xgb/all_features/results_bar1100.csv,as scored,deck period,1116,2020-01-03,2024-04-30,0.14654508367147853,0.14922821317102603,-0.0026831294995475143,-1.7980041726241531,-0.005311238001708813,-0.00022618102534693649,-2.0431418044605625,True,False,False
all_features,xgb,2000,bar1130,mse,11:30,tuned vs untuned,all_features/bar1130/xgb/tw2000/causal_tune_trees/xgb/all_features/results_bar1130.csv,clock,common,1558,2018-04-17,2024-04-30,0.14429408220536613,0.1429399303755498,0.0013541518298163216,0.9473572753663186,-0.0018591704867246248,0.005026528257943859,0.6597337167486844,False,False,False
all_features,xgb,2000,bar1130,mse,11:30,tuned vs untuned,all_features/bar1130/xgb/tw2000/causal_tune_trees/xgb/all_features/results_bar1130.csv,clock,deck period,1116,2020-01-03,2024-04-30,0.14610813227844752,0.14566057646070682,0.0004475558177407287,0.30725940306947824,-0.0031545299011164615,0.005054479879729908,0.17739943023000904,False,False,False
all_features,xgb,2000,bar1130,mse,11:30,tuned vs untuned,all_features/bar1130/xgb/tw2000/causal_tune_trees/xgb/all_features/results_bar1130.csv,as scored,common,1621,2018-01-17,2024-04-30,0.14276111254103302,0.13976973030787057,0.002991382233162451,2.1402217966460535,-0.0014967208841638734,0.008716968703342265,1.1085315597393088,False,False,False
all_features,xgb,2000,bar1130,mse,11:30,tuned vs untuned,all_features/bar1130/xgb/tw2000/causal_tune_trees/xgb/all_features/results_bar1130.csv,as scored,deck period,1116,2020-01-03,2024-04-30,0.1450744126864273,0.14444671384402608,0.0006276988424012335,0.4345539096715099,-0.0030818109574937665,0.005268151442355894,0.2495639322126498,False,False,False
all_features,xgb,2000,bar1130,qlike,11:30,tuned vs untuned,all_features/bar1130/xgb/tw2000/causal_tune_trees/xgb/all_features/results_bar1130.csv,clock,common,1558,2018-04-17,2024-04-30,0.14678283599235634,0.1429399303755498,0.0038429056168065357,2.6884759260130946,0.00040297335770181656,0.007505421861929758,1.817554549681112,False,True,False
all_features,xgb,2000,bar1130,qlike,11:30,tuned vs untuned,all_features/bar1130/xgb/tw2000/causal_tune_trees/xgb/all_features/results_bar1130.csv,clock,deck period,1116,2020-01-03,2024-04-30,0.14893334161335953,0.14566057646070682,0.003272765152652693,2.246843471428626,-0.000585612945356731,0.007957393582860095,1.24122164979906,False,False,False
all_features,xgb,2000,bar1130,qlike,11:30,tuned vs untuned,all_features/bar1130/xgb/tw2000/causal_tune_trees/xgb/all_features/results_bar1130.csv,as scored,common,1621,2018-01-17,2024-04-30,0.14485254674324,0.13976973030787057,0.0050828164353694414,3.6365645295111677,0.000393578318630614,0.010560652067610221,1.8679535388195259,False,True,False
all_features,xgb,2000,bar1130,qlike,11:30,tuned vs untuned,all_features/bar1130/xgb/tw2000/causal_tune_trees/xgb/all_features/results_bar1130.csv,as scored,deck period,1116,2020-01-03,2024-04-30,0.1474609173845404,0.14444671384402608,0.0030142035405143486,2.0867235122905554,-0.0007447234141978408,0.007683552235481259,1.1613357826596247,False,False,False
all_features,xgb,2000,bar1200,mse,12:00,tuned vs untuned,all_features/bar1200/xgb/tw2000/causal_tune_trees/xgb/all_features/results_bar1200.csv,clock,common,1497,2018-07-11,2024-04-30,0.15790497343708368,0.1567634784825884,0.001141494954495303,0.7281638335309636,-0.0021556700098263183,0.004777197608883785,0.6727152182523991,False,False,False
all_features,xgb,2000,bar1200,mse,12:00,tuned vs untuned,all_features/bar1200/xgb/tw2000/causal_tune_trees/xgb/all_features/results_bar1200.csv,clock,deck period,1116,2020-01-03,2024-04-30,0.14338055378985218,0.14191061783552242,0.0014699359543297607,1.0358181626926954,-0.0016512794985663343,0.004671681732161532,1.031215470323945,False,False,False
all_features,xgb,2000,bar1200,mse,12:00,tuned vs untuned,all_features/bar1200/xgb/tw2000/causal_tune_trees/xgb/all_features/results_bar1200.csv,as scored,common,1560,2018-04-13,2024-04-30,0.15435745721254007,0.1538565055594293,0.0005009516531107384,0.32559666638031015,-0.002760675885458855,0.0037881482135686986,0.3127915832323765,False,False,False
all_features,xgb,2000,bar1200,mse,12:00,tuned vs untuned,all_features/bar1200/xgb/tw2000/causal_tune_trees/xgb/all_features/results_bar1200.csv,as scored,deck period,1116,2020-01-03,2024-04-30,0.1412806030504307,0.14028442406440078,0.0009961789860298928,0.7101137511692488,-0.0019782691055199825,0.004165319232034229,0.711416784390806,False,False,False
all_features,xgb,2000,bar1200,qlike,12:00,tuned vs untuned,all_features/bar1200/xgb/tw2000/causal_tune_trees/xgb/all_features/results_bar1200.csv,clock,common,1497,2018-07-11,2024-04-30,0.1571069742223645,0.1567634784825884,0.00034349573977611523,0.2191171968758444,-0.0039028256311490522,0.005335466872597199,0.18115619434004618,False,False,False
all_features,xgb,2000,bar1200,qlike,12:00,tuned vs untuned,all_features/bar1200/xgb/tw2000/causal_tune_trees/xgb/all_features/results_bar1200.csv,clock,deck period,1116,2020-01-03,2024-04-30,0.14370896564640595,0.14191061783552242,0.0017983478108835615,1.267239786784585,-0.0035504726790283854,0.00854206074006351,0.7909476655057334,False,False,False
all_features,xgb,2000,bar1200,qlike,12:00,tuned vs untuned,all_features/bar1200/xgb/tw2000/causal_tune_trees/xgb/all_features/results_bar1200.csv,as scored,common,1560,2018-04-13,2024-04-30,0.1536508673121791,0.1538565055594293,-0.00020563824725021576,-0.13365586752572187,-0.004139248822182054,0.004581603708556104,-0.11582297240226141,False,False,False
all_features,xgb,2000,bar1200,qlike,12:00,tuned vs untuned,all_features/bar1200/xgb/tw2000/causal_tune_trees/xgb/all_features/results_bar1200.csv,as scored,deck period,1116,2020-01-03,2024-04-30,0.1415899390405942,0.14028442406440078,0.0013055149761934098,0.930620049161041,-0.0037766042038202257,0.007851470918927012,0.5913224216555687,False,False,False
all_features,xgb,2000,bar1230,mse,12:30,tuned vs untuned,all_features/bar1230/xgb/tw2000/causal_tune_trees/xgb/all_features/results_bar1230.csv,clock,common,1497,2018-07-11,2024-04-30,0.16482523345971073,0.16256824368559997,0.002256989774110728,1.388333737845904,-0.0020583730125396395,0.006773981981269117,1.1754724968662955,False,False,False
all_features,xgb,2000,bar1230,mse,12:30,tuned vs untuned,all_features/bar1230/xgb/tw2000/causal_tune_trees/xgb/all_features/results_bar1230.csv,clock,deck period,1116,2020-01-03,2024-04-30,0.16110191920563777,0.1571773994560398,0.003924519749597948,2.4968728094369435,-0.00030693506162575527,0.009377533455491435,1.8614776571851284,False,False,False
all_features,xgb,2000,bar1230,mse,12:30,tuned vs untuned,all_features/bar1230/xgb/tw2000/causal_tune_trees/xgb/all_features/results_bar1230.csv,as scored,common,1560,2018-04-13,2024-04-30,0.16189114683199002,0.1599160121115256,0.001975134720464437,1.2351075382538779,-0.002093134467461608,0.006698484410849129,1.0340001446817186,False,False,False
all_features,xgb,2000,bar1230,mse,12:30,tuned vs untuned,all_features/bar1230/xgb/tw2000/causal_tune_trees/xgb/all_features/results_bar1230.csv,as scored,deck period,1116,2020-01-03,2024-04-30,0.15901557483920517,0.1552544363835333,0.003761138455671874,2.422564239246944,-0.0006269546203879066,0.009377653567584392,1.699622547403319,False,False,False
all_features,xgb,2000,bar1230,qlike,12:30,tuned vs untuned,all_features/bar1230/xgb/tw2000/causal_tune_trees/xgb/all_features/results_bar1230.csv,clock,common,1497,2018-07-11,2024-04-30,0.16125396941617137,0.16256824368559997,-0.0013142742694286216,-0.808444650463452,-0.005555883026907628,0.0037295069505699783,-0.6424731278978216,False,False,False
all_features,xgb,2000,bar1230,qlike,12:30,tuned vs untuned,all_features/bar1230/xgb/tw2000/causal_tune_trees/xgb/all_features/results_bar1230.csv,clock,deck period,1116,2020-01-03,2024-04-30,0.15545183294883022,0.1571773994560398,-0.001725566507209623,-1.0978464545039366,-0.006526298844213914,0.004200841096503256,-0.7304478479880224,False,False,False
all_features,xgb,2000,bar1230,qlike,12:30,tuned vs untuned,all_features/bar1230/xgb/tw2000/causal_tune_trees/xgb/all_features/results_bar1230.csv,as scored,common,1560,2018-04-13,2024-04-30,0.15847140314693178,0.1599160121115256,-0.0014446089645938195,-0.9033547957576304,-0.005590222854991546,0.003771006410446686,-0.7311744047112202,False,False,False
all_features,xgb,2000,bar1230,qlike,12:30,tuned vs untuned,all_features/bar1230/xgb/tw2000/causal_tune_trees/xgb/all_features/results_bar1230.csv,as scored,deck period,1116,2020-01-03,2024-04-30,0.153352338886307,0.1552544363835333,-0.0019020974972262879,-1.2251485635666055,-0.006760896525085977,0.003937039385492604,-0.7914190604091744,False,False,False
all_features,xgb,2000,bar1300,mse,13:00,tuned vs untuned,all_features/bar1300/xgb/tw2000/causal_tune_trees/xgb/all_features/results_bar1300.csv,clock,common,1497,2018-07-11,2024-04-30,0.17864862260542907,0.18222771149417444,-0.0035790888887453458,-1.964074980363107,-0.006641261499782472,-0.0003216553194882148,-1.9862561695466028,True,False,False
all_features,xgb,2000,bar1300,mse,13:00,tuned vs untuned,all_features/bar1300/xgb/tw2000/causal_tune_trees/xgb/all_features/results_bar1300.csv,clock,deck period,1116,2020-01-03,2024-04-30,0.16970672513313687,0.17159917187544874,-0.001892446742311851,-1.1028297640535465,-0.006128241626836406,0.002105069101714427,-0.8471677408959721,False,False,False
all_features,xgb,2000,bar1300,mse,13:00,tuned vs untuned,all_features/bar1300/xgb/tw2000/causal_tune_trees/xgb/all_features/results_bar1300.csv,as scored,common,1560,2018-04-13,2024-04-30,0.17570513348203207,0.17863370314082025,-0.0029285696587881857,-1.6394272790054292,-0.006356678879256869,0.001039262872633318,-1.4137897619653963,False,False,False
all_features,xgb,2000,bar1300,mse,13:00,tuned vs untuned,all_features/bar1300/xgb/tw2000/causal_tune_trees/xgb/all_features/results_bar1300.csv,as scored,deck period,1116,2020-01-03,2024-04-30,0.1684435948591262,0.1692595061919508,-0.0008159113328245935,-0.482047567774007,-0.005306690701726873,0.003892559255958002,-0.2967720894160895,False,False,False
all_features,xgb,2000,bar1300,qlike,13:00,tuned vs untuned,all_features/bar1300/xgb/tw2000/causal_tune_trees/xgb/all_features/results_bar1300.csv,clock,common,1497,2018-07-11,2024-04-30,0.17877218414487037,0.18222771149417444,-0.0034555273493040487,-1.8962688610697487,-0.0063657481455576415,-0.0006240218829919588,-2.1877303770767744,True,False,False
all_features,xgb,2000,bar1300,qlike,13:00,tuned vs untuned,all_features/bar1300/xgb/tw2000/causal_tune_trees/xgb/all_features/results_bar1300.csv,clock,deck period,1116,2020-01-03,2024-04-30,0.1692937105855342,0.17159917187544874,-0.00230546128991455,-1.3435153938784246,-0.006166258170996829,0.0010847640661423776,-1.204800540175378,False,False,False
all_features,xgb,2000,bar1300,qlike,13:00,tuned vs untuned,all_features/bar1300/xgb/tw2000/causal_tune_trees/xgb/all_features/results_bar1300.csv,as scored,common,1560,2018-04-13,2024-04-30,0.1754003972181505,0.17863370314082025,-0.0032333059226696873,-1.8100200946519105,-0.006107629681148796,-0.00014783262681082387,-1.917498752562623,True,False,False
all_features,xgb,2000,bar1300,qlike,13:00,tuned vs untuned,all_features/bar1300/xgb/tw2000/causal_tune_trees/xgb/all_features/results_bar1300.csv,as scored,deck period,1116,2020-01-03,2024-04-30,0.16772703963641222,0.1692595061919508,-0.0015324665555385387,-0.9053946747313716,-0.005362253006218822,0.0021782954282789824,-0.7078183279069344,False,False,False
all_features,xgb,2000,bar1330,mse,13:30,tuned vs untuned,all_features/bar1330/xgb/tw2000/causal_tune_trees/xgb/all_features/results_bar1330.csv,clock,common,1436,2018-08-16,2024-04-30,0.18371471671985848,0.18536185580547376,-0.0016471390856152668,-0.8886073558433949,-0.005868139399364837,0.0030662359897175215,-0.786554455684246,False,False,False
all_features,xgb,2000,bar1330,mse,13:30,tuned vs untuned,all_features/bar1330/xgb/tw2000/causal_tune_trees/xgb/all_features/results_bar1330.csv,clock,deck period,1088,2020-01-03,2024-04-30,0.18334856070094385,0.18299417388353204,0.00035438681741184843,0.1936601640866449,-0.003173446655120206,0.00456241176332982,0.19604103837820525,False,False,False
all_features,xgb,2000,bar1330,mse,13:30,tuned vs untuned,all_features/bar1330/xgb/tw2000/causal_tune_trees/xgb/all_features/results_bar1330.csv,as scored,common,1499,2018-05-17,2024-04-30,0.18101421957824218,0.1827926546137859,-0.0017784350355437228,-0.9729247815243427,-0.005725411530018449,0.0027041758831340993,-0.9160867745885657,False,False,False
all_features,xgb,2000,bar1330,mse,13:30,tuned vs untuned,all_features/bar1330/xgb/tw2000/causal_tune_trees/xgb/all_features/results_bar1330.csv,as scored,deck period,1088,2020-01-03,2024-04-30,0.1804379565773381,0.18048498880951214,-4.703223217404179e-05,-0.026058805490843703,-0.0035283392193360425,0.004300323363754398,-0.02606335082421807,False,False,False
all_features,xgb,2000,bar1330,qlike,13:30,tuned vs untuned,all_features/bar1330/xgb/tw2000/causal_tune_trees/xgb/all_features/results_bar1330.csv,clock,common,1436,2018-08-16,2024-04-30,0.18380736452191002,0.18536185580547376,-0.0015544912835637368,-0.8386252267538165,-0.006266417096123564,0.003619239056133741,-0.6708720088792943,False,False,False
all_features,xgb,2000,bar1330,qlike,13:30,tuned vs untuned,all_features/bar1330/xgb/tw2000/causal_tune_trees/xgb/all_features/results_bar1330.csv,clock,deck period,1088,2020-01-03,2024-04-30,0.18405824327858628,0.18299417388353204,0.0010640693950542681,0.5814771981382877,-0.003161779179986336,0.005891124042100006,0.4994987652947688,False,False,False
all_features,xgb,2000,bar1330,qlike,13:30,tuned vs untuned,all_features/bar1330/xgb/tw2000/causal_tune_trees/xgb/all_features/results_bar1330.csv,as scored,common,1499,2018-05-17,2024-04-30,0.18088427612496966,0.1827926546137859,-0.0019083784888162408,-1.0440126781069867,-0.006081700160023606,0.003150156208151585,-0.9023282728662056,False,False,False
all_features,xgb,2000,bar1330,qlike,13:30,tuned vs untuned,all_features/bar1330/xgb/tw2000/causal_tune_trees/xgb/all_features/results_bar1330.csv,as scored,deck period,1088,2020-01-03,2024-04-30,0.18100199123776328,0.18048498880951214,0.0005170024282511609,0.28645176070394235,-0.0037354514709243346,0.005363047071608257,0.24671166797871288,False,False,False
all_features,xgb,2000,bar1400,mse,14:00,tuned vs untuned,all_features/bar1400/xgb/tw2000/causal_tune_trees/xgb/all_features/results_bar1400.csv,clock,common,1424,2018-08-30,2024-04-30,0.19408454416608012,0.19591862170723628,-0.001834077541156159,-0.9361425295737558,-0.007256383189636854,0.0028652046305188642,-0.7830924791789191,False,False,False
all_features,xgb,2000,bar1400,mse,14:00,tuned vs untuned,all_features/bar1400/xgb/tw2000/causal_tune_trees/xgb/all_features/results_bar1400.csv,clock,deck period,1088,2020-01-03,2024-04-30,0.19313834224127613,0.19451262683487855,-0.0013742845936024297,-0.706527188473506,-0.008263589731678723,0.004873434570421531,-0.48882975127392814,False,False,False
all_features,xgb,2000,bar1400,mse,14:00,tuned vs untuned,all_features/bar1400/xgb/tw2000/causal_tune_trees/xgb/all_features/results_bar1400.csv,as scored,common,1487,2018-06-01,2024-04-30,0.18686211854202678,0.18906844313039997,-0.002206324588373177,-1.1669449178525688,-0.00764508298463717,0.002995761759215456,-0.9309060867617909,False,False,False
all_features,xgb,2000,bar1400,mse,14:00,tuned vs untuned,all_features/bar1400/xgb/tw2000/causal_tune_trees/xgb/all_features/results_bar1400.csv,as scored,deck period,1088,2020-01-03,2024-04-30,0.18432254196445771,0.18655039708701776,-0.002227855122560048,-1.1942376737589302,-0.009587242600413867,0.004216654783769993,-0.7435238838107119,False,False,False
all_features,xgb,2000,bar1400,qlike,14:00,tuned vs untuned,all_features/bar1400/xgb/tw2000/causal_tune_trees/xgb/all_features/results_bar1400.csv,clock,common,1424,2018-08-30,2024-04-30,0.19271116219510265,0.19591862170723628,-0.003207459512133664,-1.6371386671587616,-0.008622821343498059,0.0017235947640783784,-1.296460165632523,False,False,False
all_features,xgb,2000,bar1400,qlike,14:00,tuned vs untuned,all_features/bar1400/xgb/tw2000/causal_tune_trees/xgb/all_features/results_bar1400.csv,clock,deck period,1088,2020-01-03,2024-04-30,0.19089984232539292,0.19451262683487855,-0.00361278450948561,-1.857352177220092,-0.010713193677252375,0.002751560537151017,-1.204981064633206,False,False,False
all_features,xgb,2000,bar1400,qlike,14:00,tuned vs untuned,all_features/bar1400/xgb/tw2000/causal_tune_trees/xgb/all_features/results_bar1400.csv,as scored,common,1487,2018-06-01,2024-04-30,0.18560106959119468,0.18906844313039997,-0.003467373539205297,-1.8339250494668002,-0.00894922263707072,0.001734124166537684,-1.4006138572248696,False,False,False
all_features,xgb,2000,bar1400,qlike,14:00,tuned vs untuned,all_features/bar1400/xgb/tw2000/causal_tune_trees/xgb/all_features/results_bar1400.csv,as scored,deck period,1088,2020-01-03,2024-04-30,0.18218439348400944,0.18655039708701776,-0.004366003603008347,-2.3403882656823254,-0.01180667647986981,0.0021494948627983398,-1.3860986476190555,False,False,False
all_features,xgb,2000,bar1430,mse,14:30,tuned vs untuned,all_features/bar1430/xgb/tw2000/causal_tune_trees/xgb/all_features/results_bar1430.csv,clock,common,1416,2018-09-10,2024-04-30,0.20416698328396507,0.21567393028023757,-0.01150694699627248,-5.335344416138214,-0.016715299935035777,-0.006202104561196678,-4.750542856209721,True,False,False
all_features,xgb,2000,bar1430,mse,14:30,tuned vs untuned,all_features/bar1430/xgb/tw2000/causal_tune_trees/xgb/all_features/results_bar1430.csv,clock,deck period,1087,2020-01-03,2024-04-30,0.21476707814605606,0.22617357497438,-0.011406496828323946,-5.043249119449974,-0.01754819324894092,-0.005444214546431085,-4.012746041190877,True,False,False
all_features,xgb,2000,bar1430,mse,14:30,tuned vs untuned,all_features/bar1430/xgb/tw2000/causal_tune_trees/xgb/all_features/results_bar1430.csv,as scored,common,1479,2018-06-11,2024-04-30,0.20466257369800483,0.2156402485076196,-0.010977674809614764,-5.090735558685312,-0.01624847395250782,-0.006147085053748016,-4.678818024425668,True,False,False
all_features,xgb,2000,bar1430,mse,14:30,tuned vs untuned,all_features/bar1430/xgb/tw2000/causal_tune_trees/xgb/all_features/results_bar1430.csv,as scored,deck period,1087,2020-01-03,2024-04-30,0.2130470696177623,0.2243201084403813,-0.011273038822619022,-5.025425005808213,-0.017465926632291053,-0.005261243372390807,-3.9617328030928545,True,False,False
all_features,xgb,2000,bar1430,qlike,14:30,tuned vs untuned,all_features/bar1430/xgb/tw2000/causal_tune_trees/xgb/all_features/results_bar1430.csv,clock,common,1416,2018-09-10,2024-04-30,0.20299331539180476,0.21567393028023757,-0.01268061488843279,-5.879530674827568,-0.01735153160476569,-0.008038029936237243,-5.62047407643615,True,False,False
all_features,xgb,2000,bar1430,qlike,14:30,tuned vs untuned,all_features/bar1430/xgb/tw2000/causal_tune_trees/xgb/all_features/results_bar1430.csv,clock,deck period,1087,2020-01-03,2024-04-30,0.21473927841518614,0.22617357497438,-0.011434296559193848,-5.055540445204121,-0.016762684429110327,-0.00590037995367782,-4.363984911450836,True,False,False
all_features,xgb,2000,bar1430,qlike,14:30,tuned vs untuned,all_features/bar1430/xgb/tw2000/causal_tune_trees/xgb/all_features/results_bar1430.csv,as scored,common,1479,2018-06-11,2024-04-30,0.20358951091668678,0.2156402485076196,-0.012050737590932776,-5.5883526727186865,-0.01668058450955737,-0.0075442878012612355,-5.463033199681346,True,False,False
all_features,xgb,2000,bar1430,qlike,14:30,tuned vs untuned,all_features/bar1430/xgb/tw2000/causal_tune_trees/xgb/all_features/results_bar1430.csv,as scored,deck period,1087,2020-01-03,2024-04-30,0.21283938753340054,0.2243201084403813,-0.011480720906980824,-5.118007915920794,-0.01675748024764343,-0.006055191819680588,-4.385625444444909,True,False,False
all_features,xgb,2000,bar1500,mse,15:00,tuned vs untuned,all_features/bar1500/xgb/tw2000/causal_tune_trees/xgb/all_features/results_bar1500.csv,clock,common,1414,2018-09-12,2024-04-30,0.2248166544368477,0.21880464548922077,0.006012008947626894,2.747660560032794,-0.0012597477079211983,0.014585788824641958,1.8137566239678908,False,False,False
all_features,xgb,2000,bar1500,mse,15:00,tuned vs untuned,all_features/bar1500/xgb/tw2000/causal_tune_trees/xgb/all_features/results_bar1500.csv,clock,deck period,1087,2020-01-03,2024-04-30,0.1974282825777357,0.19229951040188045,0.005128772175855224,2.6670750045784155,-0.003305798040794831,0.015627639627080032,1.3315806623011284,False,False,False
all_features,xgb,2000,bar1500,mse,15:00,tuned vs untuned,all_features/bar1500/xgb/tw2000/causal_tune_trees/xgb/all_features/results_bar1500.csv,as scored,common,1477,2018-06-13,2024-04-30,0.21807744040834987,0.2129137675567258,0.0051636728516241,2.425241406828406,-0.0018064323977532756,0.01281501903794974,1.6026937728656803,False,False,False
all_features,xgb,2000,bar1500,mse,15:00,tuned vs untuned,all_features/bar1500/xgb/tw2000/causal_tune_trees/xgb/all_features/results_bar1500.csv,as scored,deck period,1087,2020-01-03,2024-04-30,0.19769081333555358,0.19318272702802003,0.004508086307533551,2.333586639389183,-0.0042234513238452,0.014912906798863357,1.1493032548695679,False,False,False
all_features,xgb,2000,bar1500,qlike,15:00,tuned vs untuned,all_features/bar1500/xgb/tw2000/causal_tune_trees/xgb/all_features/results_bar1500.csv,clock,common,1414,2018-09-12,2024-04-30,0.22052388446282872,0.21880464548922077,0.001719238973607926,0.785741532024567,-0.004178433034811804,0.008984271307077957,0.587517694581568,False,False,False
all_features,xgb,2000,bar1500,qlike,15:00,tuned vs untuned,all_features/bar1500/xgb/tw2000/causal_tune_trees/xgb/all_features/results_bar1500.csv,clock,deck period,1087,2020-01-03,2024-04-30,0.19184412734014344,0.19229951040188045,-0.0004553830617370664,-0.23680926736910365,-0.007468800381409369,0.008413696043727712,-0.13914679971254762,False,False,False
all_features,xgb,2000,bar1500,qlike,15:00,tuned vs untuned,all_features/bar1500/xgb/tw2000/causal_tune_trees/xgb/all_features/results_bar1500.csv,as scored,common,1477,2018-06-13,2024-04-30,0.21457395769666465,0.2129137675567258,0.0016601901399388526,0.7797476692044042,-0.004024390795988957,0.008563893617746125,0.585889177785949,False,False,False
all_features,xgb,2000,bar1500,qlike,15:00,tuned vs untuned,all_features/bar1500/xgb/tw2000/causal_tune_trees/xgb/all_features/results_bar1500.csv,as scored,deck period,1087,2020-01-03,2024-04-30,0.19300210511175833,0.19318272702802003,-0.0001806219162616951,-0.09349796383995394,-0.007380897909689167,0.008653460850291478,-0.05453771903012412,False,False,False
all_features,xgb,2000,bar1530,mse,15:30,tuned vs untuned,all_features/bar1530/xgb/tw2000/causal_tune_trees/xgb/all_features/results_bar1530.csv,clock,common,1412,2018-09-14,2024-04-30,0.13687876463072626,0.13476151933330005,0.00211724529742622,1.5711052442127234,-0.0015282317755394295,0.006673938540986223,1.1103568502749255,False,False,False
all_features,xgb,2000,bar1530,mse,15:30,tuned vs untuned,all_features/bar1530/xgb/tw2000/causal_tune_trees/xgb/all_features/results_bar1530.csv,clock,deck period,1087,2020-01-03,2024-04-30,0.12881800802039672,0.1271558909341555,0.0016621170862412043,1.3071491018075523,-0.0024884512768294214,0.00669041238956789,0.7664291716588646,False,False,False
all_features,xgb,2000,bar1530,mse,15:30,tuned vs untuned,all_features/bar1530/xgb/tw2000/causal_tune_trees/xgb/all_features/results_bar1530.csv,as scored,common,1475,2018-06-15,2024-04-30,0.1351453831699862,0.13339114933235727,0.0017542338376289202,1.3151051223481647,-0.001517896494286307,0.005916779447416366,0.9754599136471435,False,False,False
all_features,xgb,2000,bar1530,mse,15:30,tuned vs untuned,all_features/bar1530/xgb/tw2000/causal_tune_trees/xgb/all_features/results_bar1530.csv,as scored,deck period,1087,2020-01-03,2024-04-30,0.1299129206661001,0.1285438995105464,0.0013690211555537246,1.0650222692531612,-0.002718735294449477,0.006208908336998445,0.6431686540605391,False,False,False
all_features,xgb,2000,bar1530,qlike,15:30,tuned vs untuned,all_features/bar1530/xgb/tw2000/causal_tune_trees/xgb/all_features/results_bar1530.csv,clock,common,1412,2018-09-14,2024-04-30,0.1377234724363359,0.13476151933330005,0.0029619531030358405,2.1979220163807778,-0.000553277896805947,0.007579907540050117,1.7027697216521915,False,False,False
all_features,xgb,2000,bar1530,qlike,15:30,tuned vs untuned,all_features/bar1530/xgb/tw2000/causal_tune_trees/xgb/all_features/results_bar1530.csv,clock,deck period,1087,2020-01-03,2024-04-30,0.12989075883579954,0.1271558909341555,0.002734867901644016,2.1507992131172275,-0.0014448535419528427,0.0078036493746212006,1.3454651647449032,False,False,False
all_features,xgb,2000,bar1530,qlike,15:30,tuned vs untuned,all_features/bar1530/xgb/tw2000/causal_tune_trees/xgb/all_features/results_bar1530.csv,as scored,common,1475,2018-06-15,2024-04-30,0.13607295389374816,0.13339114933235727,0.0026818045613908937,2.010481636010881,-0.00044465691343070367,0.006774109377349565,1.649725221997766,False,False,False
all_features,xgb,2000,bar1530,qlike,15:30,tuned vs untuned,all_features/bar1530/xgb/tw2000/causal_tune_trees/xgb/all_features/results_bar1530.csv,as scored,deck period,1087,2020-01-03,2024-04-30,0.13104024728952673,0.1285438995105464,0.002496347778980345,1.942019643472487,-0.0015364240726362234,0.007474225211298847,1.2613437212029026,False,False,False
all_features,xgb,2000,bar1600,mse,16:00,tuned vs untuned,all_features/bar1600/xgb/tw2000/causal_tune_trees/xgb/all_features/results_bar1600.csv,clock,common,1406,2018-09-24,2024-04-30,0.12502385556334183,0.12147413577692204,0.003549719786419793,2.9222021327557184,-0.0007209337836673038,0.00861362439318046,1.3367814559594213,False,False,False
all_features,xgb,2000,bar1600,mse,16:00,tuned vs untuned,all_features/bar1600/xgb/tw2000/causal_tune_trees/xgb/all_features/results_bar1600.csv,clock,deck period,1087,2020-01-03,2024-04-30,0.11429343724308805,0.11025173198699499,0.004041705256093056,3.6658882207581147,-0.00034946476176334556,0.008967647522771785,1.4079785126980155,False,False,False
all_features,xgb,2000,bar1600,mse,16:00,tuned vs untuned,all_features/bar1600/xgb/tw2000/causal_tune_trees/xgb/all_features/results_bar1600.csv,as scored,common,1469,2018-06-25,2024-04-30,0.123878558034185,0.12097380141941777,0.0029047566147672385,2.4011451906817487,-0.0011211401575418395,0.007741565041122664,1.1465306987024184,False,False,False
all_features,xgb,2000,bar1600,mse,16:00,tuned vs untuned,all_features/bar1600/xgb/tw2000/causal_tune_trees/xgb/all_features/results_bar1600.csv,as scored,deck period,1087,2020-01-03,2024-04-30,0.11193455057596188,0.10879124998600051,0.003143300589961363,2.8892954078253994,-0.001191978610041206,0.00809100022725783,1.0959234819597627,False,False,False
all_features,xgb,2000,bar1600,qlike,16:00,tuned vs untuned,all_features/bar1600/xgb/tw2000/causal_tune_trees/xgb/all_features/results_bar1600.csv,clock,common,1406,2018-09-24,2024-04-30,0.12315287713190091,0.12147413577692204,0.001678741354978879,1.381974314319683,-0.001930109206806623,0.005947241730158429,0.7752595056728395,False,False,False
all_features,xgb,2000,bar1600,qlike,16:00,tuned vs untuned,all_features/bar1600/xgb/tw2000/causal_tune_trees/xgb/all_features/results_bar1600.csv,clock,deck period,1087,2020-01-03,2024-04-30,0.11318287956546147,0.11025173198699499,0.0029311475784664777,2.6585954938215646,-0.0010563142027035287,0.007423592258877033,1.1249231933900272,False,False,False
all_features,xgb,2000,bar1600,qlike,16:00,tuned vs untuned,all_features/bar1600/xgb/tw2000/causal_tune_trees/xgb/all_features/results_bar1600.csv,as scored,common,1469,2018-06-25,2024-04-30,0.12232544892936145,0.12097380141941777,0.001351647509943691,1.1173059737599809,-0.0021024470218075604,0.005440731445631298,0.6432255200239534,False,False,False
all_features,xgb,2000,bar1600,qlike,16:00,tuned vs untuned,all_features/bar1600/xgb/tw2000/causal_tune_trees/xgb/all_features/results_bar1600.csv,as scored,deck period,1087,2020-01-03,2024-04-30,0.1110628950465221,0.10879124998600051,0.0022716450605215917,2.088076992234129,-0.0015257982957710401,0.006741840620669166,0.8775082361641352,False,False,False
baseline,lgbm,2000,bar1000,mse,10:00,tuned vs untuned,baseline/bar1000/lgbm/tw2000/causal_tune_trees/lgbm/baseline/results_bar1000.csv,clock,common,1556,2018-04-19,2024-04-30,0.13779351448692906,0.13350379445525157,0.004289720031677503,3.2131821040602344,-0.00024917170314365985,0.009140526365385702,1.9427684347123404,False,False,False
baseline,lgbm,2000,bar1000,mse,10:00,tuned vs untuned,baseline/bar1000/lgbm/tw2000/causal_tune_trees/lgbm/baseline/results_bar1000.csv,clock,deck period,1116,2020-01-03,2024-04-30,0.1296663604013172,0.12888031704851644,0.0007860433528007714,0.6099017839200914,-0.0036824454605326098,0.005261062002923935,0.3532429855429069,False,False,False
baseline,lgbm,2000,bar1000,mse,10:00,tuned vs untuned,baseline/bar1000/lgbm/tw2000/causal_tune_trees/lgbm/baseline/results_bar1000.csv,as scored,common,1619,2018-01-19,2024-04-30,0.14429517378608037,0.13268211493557763,0.011613058850502709,8.752542764442143,-0.000736440220177594,0.03263569603957725,1.2351309866877713,False,False,False
baseline,lgbm,2000,bar1000,mse,10:00,tuned vs untuned,baseline/bar1000/lgbm/tw2000/causal_tune_trees/lgbm/baseline/results_bar1000.csv,as scored,deck period,1116,2020-01-03,2024-04-30,0.1313649795182654,0.12868476798305947,0.002680211535205933,2.082772947578975,-0.0019504080342934048,0.007389628499743516,1.1604421683450448,False,False,False
baseline,lgbm,2000,bar1000,qlike,10:00,tuned vs untuned,baseline/bar1000/lgbm/tw2000/causal_tune_trees/lgbm/baseline/results_bar1000.csv,clock,common,1556,2018-04-19,2024-04-30,0.13346389760196745,0.13350379445525157,-3.9896853284137994e-05,-0.029884433957051915,-0.004403710045404641,0.004082555095673627,-0.01866969087377195,False,False,False
baseline,lgbm,2000,bar1000,qlike,10:00,tuned vs untuned,baseline/bar1000/lgbm/tw2000/causal_tune_trees/lgbm/baseline/results_bar1000.csv,clock,deck period,1116,2020-01-03,2024-04-30,0.12980117079807602,0.12888031704851644,0.0009208537495595996,0.714503013841088,-0.003992093741174433,0.005929909536558339,0.3801382250544645,False,False,False
baseline,lgbm,2000,bar1000,qlike,10:00,tuned vs untuned,baseline/bar1000/lgbm/tw2000/causal_tune_trees/lgbm/baseline/results_bar1000.csv,as scored,common,1619,2018-01-19,2024-04-30,0.13296095114915546,0.13268211493557763,0.00027883621357783627,0.21015357926215011,-0.0037794310042842862,0.004308163567281526,0.13427875506081996,False,False,False
baseline,lgbm,2000,bar1000,qlike,10:00,tuned vs untuned,baseline/bar1000/lgbm/tw2000/causal_tune_trees/lgbm/baseline/results_bar1000.csv,as scored,deck period,1116,2020-01-03,2024-04-30,0.1299509144013884,0.12868476798305947,0.0012661464183289256,0.9839131998090137,-0.0036352339381164863,0.00640434708124543,0.5175657241934135,False,False,False
baseline,lgbm,2000,bar1030,mse,10:30,tuned vs untuned,baseline/bar1030/lgbm/tw2000/causal_tune_trees/lgbm/baseline/results_bar1030.csv,clock,common,1556,2018-04-19,2024-04-30,0.1711216256705464,0.16508477881637793,0.006036846854168504,3.656816150738661,0.0025356646846587823,0.009779412438106127,3.3454126094943963,False,True,False
baseline,lgbm,2000,bar1030,mse,10:30,tuned vs untuned,baseline/bar1030/lgbm/tw2000/causal_tune_trees/lgbm/baseline/results_bar1030.csv,clock,deck period,1116,2020-01-03,2024-04-30,0.16623869326290644,0.16033677552787892,0.005901917735027559,3.680950746075937,0.0021692156423548494,0.010072561371403044,2.85974949851212,False,True,False
baseline,lgbm,2000,bar1030,mse,10:30,tuned vs untuned,baseline/bar1030/lgbm/tw2000/causal_tune_trees/lgbm/baseline/results_bar1030.csv,as scored,common,1619,2018-01-19,2024-04-30,0.1687228460179102,0.16176919496593462,0.006953651051975594,4.298501363896813,0.0029911175670440052,0.011536338909487165,2.991205358636567,False,True,False
baseline,lgbm,2000,bar1030,mse,10:30,tuned vs untuned,baseline/bar1030/lgbm/tw2000/causal_tune_trees/lgbm/baseline/results_bar1030.csv,as scored,deck period,1116,2020-01-03,2024-04-30,0.16434695759295825,0.15785882026097242,0.006488137331985836,4.110088572345617,0.0028215670376865367,0.0105643307119537,3.1635018076407344,False,True,False
baseline,lgbm,2000,bar1030,qlike,10:30,tuned vs untuned,baseline/bar1030/lgbm/tw2000/causal_tune_trees/lgbm/baseline/results_bar1030.csv,clock,common,1556,2018-04-19,2024-04-30,0.1664713274610426,0.16508477881637793,0.001386548644664706,0.8399009615580305,-0.001177046128964455,0.0043486118250933474,1.0794458567256775,False,False,False
baseline,lgbm,2000,bar1030,qlike,10:30,tuned vs untuned,baseline/bar1030/lgbm/tw2000/causal_tune_trees/lgbm/baseline/results_bar1030.csv,clock,deck period,1116,2020-01-03,2024-04-30,0.16329393309067472,0.16033677552787892,0.002957157562795819,1.8443414201513841,-0.00016039367032564205,0.006662081373804526,1.8248234554457292,False,False,False
baseline,lgbm,2000,bar1030,qlike,10:30,tuned vs untuned,baseline/bar1030/lgbm/tw2000/causal_tune_trees/lgbm/baseline/results_bar1030.csv,as scored,common,1619,2018-01-19,2024-04-30,0.1627643870225886,0.16176919496593462,0.0009951920566539812,0.615192562999123,-0.0015970928128060426,0.0036759363382825663,0.7743391510445138,False,False,False
baseline,lgbm,2000,bar1030,qlike,10:30,tuned vs untuned,baseline/bar1030/lgbm/tw2000/causal_tune_trees/lgbm/baseline/results_bar1030.csv,as scored,deck period,1116,2020-01-03,2024-04-30,0.16055524280640088,0.15785882026097242,0.0026964225454284368,1.7081228283416203,-0.0003695054849597272,0.006369611946084865,1.6859996176398262,False,False,False
baseline,lgbm,2000,bar1100,mse,11:00,tuned vs untuned,baseline/bar1100/lgbm/tw2000/causal_tune_trees/lgbm/baseline/results_bar1100.csv,clock,common,1556,2018-04-19,2024-04-30,0.1540107327314483,0.1468666114941143,0.007144121237333981,4.864360363907682,0.002762596030300031,0.012581628241139162,2.8256152349335366,False,True,False
baseline,lgbm,2000,bar1100,mse,11:00,tuned vs untuned,baseline/bar1100/lgbm/tw2000/causal_tune_trees/lgbm/baseline/results_bar1100.csv,clock,deck period,1116,2020-01-03,2024-04-30,0.15710034923385469,0.1533666852238118,0.003733664010042868,2.434468740453143,4.725552381618441e-05,0.007613014672202512,1.8899135147829256,False,True,False
baseline,lgbm,2000,bar1100,mse,11:00,tuned vs untuned,baseline/bar1100/lgbm/tw2000/causal_tune_trees/lgbm/baseline/results_bar1100.csv,as scored,common,1619,2018-01-19,2024-04-30,0.15714808152595247,0.14584002461688833,0.011308056909064165,7.753740400668231,0.002834025673945153,0.025239597569764405,1.93018451224445,False,True,False
baseline,lgbm,2000,bar1100,mse,11:00,tuned vs untuned,baseline/bar1100/lgbm/tw2000/causal_tune_trees/lgbm/baseline/results_bar1100.csv,as scored,deck period,1116,2020-01-03,2024-04-30,0.15697774247853472,0.1520407943766321,0.004936948101902638,3.247120696878852,0.00131768709492353,0.00884146257856028,2.5210541883166417,False,True,False
baseline,lgbm,2000,bar1100,qlike,11:00,tuned vs untuned,baseline/bar1100/lgbm/tw2000/causal_tune_trees/lgbm/baseline/results_bar1100.csv,clock,common,1556,2018-04-19,2024-04-30,0.1518151037357949,0.1468666114941143,0.0049484922416805875,3.3693786432043464,0.0010008792794860995,0.009897439670045258,2.0652486627670457,False,True,False
baseline,lgbm,2000,bar1100,qlike,11:00,tuned vs untuned,baseline/bar1100/lgbm/tw2000/causal_tune_trees/lgbm/baseline/results_bar1100.csv,clock,deck period,1116,2020-01-03,2024-04-30,0.15404659135491577,0.1533666852238118,0.0006799061311039401,0.4433206143249013,-0.002320134334007538,0.003537882101957499,0.43777973690878375,False,False,False
baseline,lgbm,2000,bar1100,qlike,11:00,tuned vs untuned,baseline/bar1100/lgbm/tw2000/causal_tune_trees/lgbm/baseline/results_bar1100.csv,as scored,common,1619,2018-01-19,2024-04-30,0.15498790224905085,0.14584002461688833,0.009147877632162535,6.272542572721979,0.0009532420219631175,0.02303983614374633,1.5727687031529363,False,True,False
baseline,lgbm,2000,bar1100,qlike,11:00,tuned vs untuned,baseline/bar1100/lgbm/tw2000/causal_tune_trees/lgbm/baseline/results_bar1100.csv,as scored,deck period,1116,2020-01-03,2024-04-30,0.15388478655700305,0.1520407943766321,0.0018439921803709576,1.2128272467473833,-0.001138763646724522,0.004673876136283853,1.2007036135245879,False,False,False
baseline,lgbm,2000,bar1130,mse,11:30,tuned vs untuned,baseline/bar1130/lgbm/tw2000/causal_tune_trees/lgbm/baseline/results_bar1130.csv,clock,common,1558,2018-04-17,2024-04-30,0.14847856741791063,0.14318587317007972,0.005292694247830914,3.6963801879701648,0.0020780352940612326,0.008979548245998505,2.934509625472814,False,True,False
baseline,lgbm,2000,bar1130,mse,11:30,tuned vs untuned,baseline/bar1130/lgbm/tw2000/causal_tune_trees/lgbm/baseline/results_bar1130.csv,clock,deck period,1116,2020-01-03,2024-04-30,0.15112318865673965,0.1462012666011522,0.004921922055587421,3.3665385875313834,0.001617876105823173,0.008585639094353836,2.993100667640003,False,True,False
baseline,lgbm,2000,bar1130,mse,11:30,tuned vs untuned,baseline/bar1130/lgbm/tw2000/causal_tune_trees/lgbm/baseline/results_bar1130.csv,as scored,common,1621,2018-01-17,2024-04-30,0.14675672621824237,0.1408120917415995,0.005944634476642905,4.221678978785248,0.0016016851079962717,0.011447142404887482,2.242370809963496,False,True,False
baseline,lgbm,2000,bar1130,mse,11:30,tuned vs untuned,baseline/bar1130/lgbm/tw2000/causal_tune_trees/lgbm/baseline/results_bar1130.csv,as scored,deck period,1116,2020-01-03,2024-04-30,0.1508660982026629,0.1459000477352063,0.004966050467456596,3.4037346419992067,0.0016803385434813601,0.008551621338954166,3.026467645705915,False,True,False
baseline,lgbm,2000,bar1130,qlike,11:30,tuned vs untuned,baseline/bar1130/lgbm/tw2000/causal_tune_trees/lgbm/baseline/results_bar1130.csv,clock,common,1558,2018-04-17,2024-04-30,0.1484735360835698,0.14318587317007972,0.005287662913490087,3.692866339690697,0.001822789071136978,0.009010371988004792,2.8013905345260994,False,True,False
baseline,lgbm,2000,bar1130,qlike,11:30,tuned vs untuned,baseline/bar1130/lgbm/tw2000/causal_tune_trees/lgbm/baseline/results_bar1130.csv,clock,deck period,1116,2020-01-03,2024-04-30,0.15111616462546454,0.1462012666011522,0.004914898024312325,3.3617342301968747,0.0012462663638884335,0.008706198988658572,2.7010302381534315,False,True,False
baseline,lgbm,2000,bar1130,qlike,11:30,tuned vs untuned,baseline/bar1130/lgbm/tw2000/causal_tune_trees/lgbm/baseline/results_bar1130.csv,as scored,common,1621,2018-01-17,2024-04-30,0.14657177375102318,0.1408120917415995,0.005759682009423694,4.090331972337385,0.0013624836941533072,0.01140415077207504,2.134246552555392,False,True,False
baseline,lgbm,2000,bar1130,qlike,11:30,tuned vs untuned,baseline/bar1130/lgbm/tw2000/causal_tune_trees/lgbm/baseline/results_bar1130.csv,as scored,deck period,1116,2020-01-03,2024-04-30,0.15058994528084182,0.1459000477352063,0.004689897545635533,3.2144592263240503,0.0011564240720879947,0.008440053043657256,2.6093638807602875,False,True,False
baseline,lgbm,2000,bar1200,mse,12:00,tuned vs untuned,baseline/bar1200/lgbm/tw2000/causal_tune_trees/lgbm/baseline/results_bar1200.csv,clock,common,1497,2018-07-11,2024-04-30,0.16164781397794173,0.16058918497949073,0.0010586289984509958,0.6592156243810541,-0.0018986555401472234,0.003998652557546711,0.7560673828860336,False,False,False
baseline,lgbm,2000,bar1200,mse,12:00,tuned vs untuned,baseline/bar1200/lgbm/tw2000/causal_tune_trees/lgbm/baseline/results_bar1200.csv,clock,deck period,1116,2020-01-03,2024-04-30,0.14561088187106994,0.1433943739802512,0.002216507890818746,1.545742576430517,-0.0011539342322798476,0.006389697561878661,1.351376245327006,False,False,False
baseline,lgbm,2000,bar1200,mse,12:00,tuned vs untuned,baseline/bar1200/lgbm/tw2000/causal_tune_trees/lgbm/baseline/results_bar1200.csv,as scored,common,1560,2018-04-13,2024-04-30,0.15817033311203724,0.1572162220226785,0.0009541110893587583,0.6068782706285408,-0.0016074794830802568,0.003847563751442897,0.7143276759257243,False,False,False
baseline,lgbm,2000,bar1200,mse,12:00,tuned vs untuned,baseline/bar1200/lgbm/tw2000/causal_tune_trees/lgbm/baseline/results_bar1200.csv,as scored,deck period,1116,2020-01-03,2024-04-30,0.14384297195396561,0.1418657101227286,0.0019772618312370095,1.3937559890451836,-0.0014291763254304858,0.006007134161278022,1.207757266598254,False,False,False
baseline,lgbm,2000,bar1200,qlike,12:00,tuned vs untuned,baseline/bar1200/lgbm/tw2000/causal_tune_trees/lgbm/baseline/results_bar1200.csv,clock,common,1497,2018-07-11,2024-04-30,0.16154223587345437,0.16058918497949073,0.0009530508939636086,0.5934714059887192,-0.001935004753475923,0.0038799121896773946,0.696912390859253,False,False,False
baseline,lgbm,2000,bar1200,qlike,12:00,tuned vs untuned,baseline/bar1200/lgbm/tw2000/causal_tune_trees/lgbm/baseline/results_bar1200.csv,clock,deck period,1116,2020-01-03,2024-04-30,0.1454056793048689,0.1433943739802512,0.002011305324617717,1.4026389381878548,-0.001445590202819978,0.006185571523955396,1.2341373000779208,False,False,False
baseline,lgbm,2000,bar1200,qlike,12:00,tuned vs untuned,baseline/bar1200/lgbm/tw2000/causal_tune_trees/lgbm/baseline/results_bar1200.csv,as scored,common,1560,2018-04-13,2024-04-30,0.15804795987178616,0.1572162220226785,0.0008317378491076919,0.5290407302801828,-0.0017940436216064798,0.003663920199809679,0.6385948327769413,False,False,False
baseline,lgbm,2000,bar1200,qlike,12:00,tuned vs untuned,baseline/bar1200/lgbm/tw2000/causal_tune_trees/lgbm/baseline/results_bar1200.csv,as scored,deck period,1116,2020-01-03,2024-04-30,0.14359798727431672,0.1418657101227286,0.0017322771515881168,1.221068255387096,-0.0017116349524217865,0.005796233436747699,1.064902712502034,False,False,False
baseline,lgbm,2000,bar1230,mse,12:30,tuned vs untuned,baseline/bar1230/lgbm/tw2000/causal_tune_trees/lgbm/baseline/results_bar1230.csv,clock,common,1497,2018-07-11,2024-04-30,0.17444349608280843,0.16954649491133633,0.004897001171472086,2.8882939597382733,0.0011666491041797142,0.00854527458430574,2.6394735399589533,False,True,False
baseline,lgbm,2000,bar1230,mse,12:30,tuned vs untuned,baseline/bar1230/lgbm/tw2000/causal_tune_trees/lgbm/baseline/results_bar1230.csv,clock,deck period,1116,2020-01-03,2024-04-30,0.16730809727749035,0.1628810514722716,0.004427045805218752,2.7179624426555224,0.0004312907173001046,0.00821635907764127,2.4660547191094806,False,True,False
baseline,lgbm,2000,bar1230,mse,12:30,tuned vs untuned,baseline/bar1230/lgbm/tw2000/causal_tune_trees/lgbm/baseline/results_bar1230.csv,as scored,common,1560,2018-04-13,2024-04-30,0.17095061113601717,0.1659996930217278,0.0049509181142894,2.9824863071532137,0.0013370575934102888,0.008485681340981563,2.767555362084702,False,True,False
baseline,lgbm,2000,bar1230,mse,12:30,tuned vs untuned,baseline/bar1230/lgbm/tw2000/causal_tune_trees/lgbm/baseline/results_bar1230.csv,as scored,deck period,1116,2020-01-03,2024-04-30,0.16524657129581644,0.1608113453851424,0.004435225910674014,2.758030473566196,0.0004670226888812357,0.008239870870104157,2.4901698979607136,False,True,False
baseline,lgbm,2000,bar1230,qlike,12:30,tuned vs untuned,baseline/bar1230/lgbm/tw2000/causal_tune_trees/lgbm/baseline/results_bar1230.csv,clock,common,1497,2018-07-11,2024-04-30,0.17167705861143895,0.16954649491133633,0.0021305637001025773,1.2566250344583927,-0.0009082159618395124,0.004958964033248446,1.5874880637510784,False,False,False
baseline,lgbm,2000,bar1230,qlike,12:30,tuned vs untuned,baseline/bar1230/lgbm/tw2000/causal_tune_trees/lgbm/baseline/results_bar1230.csv,clock,deck period,1116,2020-01-03,2024-04-30,0.16549431382843663,0.1628810514722716,0.0026132623561650505,1.6043992426030749,-0.0007873589720912911,0.006056090450535002,1.6141952574685632,False,False,False
baseline,lgbm,2000,bar1230,qlike,12:30,tuned vs untuned,baseline/bar1230/lgbm/tw2000/causal_tune_trees/lgbm/baseline/results_bar1230.csv,as scored,common,1560,2018-04-13,2024-04-30,0.16846305618592844,0.1659996930217278,0.0024633631642006462,1.4839564576051447,-0.0003427487569520269,0.00514662652186048,1.8865458881203019,False,False,False
baseline,lgbm,2000,bar1230,qlike,12:30,tuned vs untuned,baseline/bar1230/lgbm/tw2000/causal_tune_trees/lgbm/baseline/results_bar1230.csv,as scored,deck period,1116,2020-01-03,2024-04-30,0.16367522582813734,0.1608113453851424,0.00286388044299496,1.7808945234156084,-0.0006386904913551182,0.006345625167722326,1.7690357607760965,False,False,False
baseline,lgbm,2000,bar1300,mse,13:00,tuned vs untuned,baseline/bar1300/lgbm/tw2000/causal_tune_trees/lgbm/baseline/results_bar1300.csv,clock,common,1497,2018-07-11,2024-04-30,0.19363227509020237,0.1860244123828529,0.007607862707349497,4.089711995268619,0.003975950313998703,0.01150984230736234,4.270623632800849,False,True,False
baseline,lgbm,2000,bar1300,mse,13:00,tuned vs untuned,baseline/bar1300/lgbm/tw2000/causal_tune_trees/lgbm/baseline/results_bar1300.csv,clock,deck period,1116,2020-01-03,2024-04-30,0.1835534556169714,0.17414802604923452,0.009405429567736897,5.4008246783560026,0.004734803378160802,0.014255754814004444,4.099742046124649,False,True,False
baseline,lgbm,2000,bar1300,mse,13:00,tuned vs untuned,baseline/bar1300/lgbm/tw2000/causal_tune_trees/lgbm/baseline/results_bar1300.csv,as scored,common,1560,2018-04-13,2024-04-30,0.19064621997709133,0.1833239146550314,0.007322305322059919,3.9941899210687377,0.004017065772012975,0.010970320040661745,4.290079191164602,False,True,False
baseline,lgbm,2000,bar1300,mse,13:00,tuned vs untuned,baseline/bar1300/lgbm/tw2000/causal_tune_trees/lgbm/baseline/results_bar1300.csv,as scored,deck period,1116,2020-01-03,2024-04-30,0.1819246044208449,0.1727980765888789,0.009126527831966007,5.281614247176973,0.004566245175821063,0.01407631528925909,3.997886376447011,False,True,False
baseline,lgbm,2000,bar1300,qlike,13:00,tuned vs untuned,baseline/bar1300/lgbm/tw2000/causal_tune_trees/lgbm/baseline/results_bar1300.csv,clock,common,1497,2018-07-11,2024-04-30,0.19032864058367555,0.1860244123828529,0.004304228200822671,2.3137974987735643,0.0010594424957216895,0.007960437107828093,2.564990719622091,False,True,False
baseline,lgbm,2000,bar1300,qlike,13:00,tuned vs untuned,baseline/bar1300/lgbm/tw2000/causal_tune_trees/lgbm/baseline/results_bar1300.csv,clock,deck period,1116,2020-01-03,2024-04-30,0.17912196739450667,0.17414802604923452,0.004973941345272152,2.856157177380774,0.0007837089040657202,0.009378365644046234,2.2871776750688966,False,True,False
baseline,lgbm,2000,bar1300,qlike,13:00,tuned vs untuned,baseline/bar1300/lgbm/tw2000/causal_tune_trees/lgbm/baseline/results_bar1300.csv,as scored,common,1560,2018-04-13,2024-04-30,0.18807087959988436,0.1833239146550314,0.004746964944852972,2.589386635009155,0.0017231962478121666,0.008090073483861066,2.8476078957815085,False,True,False
baseline,lgbm,2000,bar1300,qlike,13:00,tuned vs untuned,baseline/bar1300/lgbm/tw2000/causal_tune_trees/lgbm/baseline/results_bar1300.csv,as scored,deck period,1116,2020-01-03,2024-04-30,0.1783718721471377,0.1727980765888789,0.005573795558258819,3.225612037059874,0.0013923663442027942,0.009984876005467358,2.4764747026201075,False,True,False
baseline,lgbm,2000,bar1330,mse,13:30,tuned vs untuned,baseline/bar1330/lgbm/tw2000/causal_tune_trees/lgbm/baseline/results_bar1330.csv,clock,common,1436,2018-08-16,2024-04-30,0.1808631321439179,0.18340013479469935,-0.002537002650781455,-1.3833155867750104,-0.00478204434934679,-0.0004281712014219874,-2.267938618418193,True,False,False
baseline,lgbm,2000,bar1330,mse,13:30,tuned vs untuned,baseline/bar1330/lgbm/tw2000/causal_tune_trees/lgbm/baseline/results_bar1330.csv,clock,deck period,1088,2020-01-03,2024-04-30,0.17308561774461234,0.17681616234940686,-0.0037305446047945197,-2.1098436676974024,-0.006250077001119565,-0.001143213827920234,-2.8128592262636194,True,False,False
baseline,lgbm,2000,bar1330,mse,13:30,tuned vs untuned,baseline/bar1330/lgbm/tw2000/causal_tune_trees/lgbm/baseline/results_bar1330.csv,as scored,common,1499,2018-05-17,2024-04-30,0.179298314933742,0.18189789108723975,-0.0025995761534977563,-1.4291403478949505,-0.004599022459045465,-0.000504903114482796,-2.441019343974037,True,False,False
baseline,lgbm,2000,bar1330,mse,13:30,tuned vs untuned,baseline/bar1330/lgbm/tw2000/causal_tune_trees/lgbm/baseline/results_bar1330.csv,as scored,deck period,1088,2020-01-03,2024-04-30,0.17158156596201296,0.17529705695758704,-0.003715490995574124,-2.1195398599721407,-0.006258601664838859,-0.0011014791309715251,-2.811818012597637,True,False,False
baseline,lgbm,2000,bar1330,qlike,13:30,tuned vs untuned,baseline/bar1330/lgbm/tw2000/causal_tune_trees/lgbm/baseline/results_bar1330.csv,clock,common,1436,2018-08-16,2024-04-30,0.1838182484776595,0.18340013479469935,0.0004181136829601532,0.22797893983458378,-0.002746200680822391,0.003605986087031865,0.2735522871117183,False,False,False
baseline,lgbm,2000,bar1330,qlike,13:30,tuned vs untuned,baseline/bar1330/lgbm/tw2000/causal_tune_trees/lgbm/baseline/results_bar1330.csv,clock,deck period,1088,2020-01-03,2024-04-30,0.175295801395431,0.17681616234940686,-0.001520360953975862,-0.8598540618540701,-0.0051908500083019775,0.0019889351248219716,-0.8584375503411431,False,False,False
baseline,lgbm,2000,bar1330,qlike,13:30,tuned vs untuned,baseline/bar1330/lgbm/tw2000/causal_tune_trees/lgbm/baseline/results_bar1330.csv,as scored,common,1499,2018-05-17,2024-04-30,0.18226604143296796,0.18189789108723975,0.000368150345728218,0.20239396043995367,-0.0025650481033584567,0.003286801315905902,0.2524918567853847,False,False,False
baseline,lgbm,2000,bar1330,qlike,13:30,tuned vs untuned,baseline/bar1330/lgbm/tw2000/causal_tune_trees/lgbm/baseline/results_bar1330.csv,as scored,deck period,1088,2020-01-03,2024-04-30,0.17381931387913307,0.17529705695758704,-0.0014777430784539648,-0.8429936612178852,-0.005093422780154885,0.001990425508551962,-0.8543135827336188,False,False,False
baseline,lgbm,2000,bar1400,mse,14:00,tuned vs untuned,baseline/bar1400/lgbm/tw2000/causal_tune_trees/lgbm/baseline/results_bar1400.csv,clock,common,1424,2018-08-30,2024-04-30,0.20038049985377848,0.19482398479503527,0.005556515058743276,2.8520692996753003,0.002169383318495522,0.009347649807819366,3.0846750856931138,False,True,False
baseline,lgbm,2000,bar1400,mse,14:00,tuned vs untuned,baseline/bar1400/lgbm/tw2000/causal_tune_trees/lgbm/baseline/results_bar1400.csv,clock,deck period,1088,2020-01-03,2024-04-30,0.19716293040061655,0.19441004680283036,0.0027528835977861967,1.4160192042843118,0.00010325207132461418,0.005316231087482167,1.935722506019258,False,True,False
baseline,lgbm,2000,bar1400,mse,14:00,tuned vs untuned,baseline/bar1400/lgbm/tw2000/causal_tune_trees/lgbm/baseline/results_bar1400.csv,as scored,common,1487,2018-06-01,2024-04-30,0.19523095878560368,0.18996182194334071,0.0052691368422629545,2.7737872738631464,0.0021080274083999195,0.009230828920625978,3.0533221164262114,False,True,False
baseline,lgbm,2000,bar1400,mse,14:00,tuned vs untuned,baseline/bar1400/lgbm/tw2000/causal_tune_trees/lgbm/baseline/results_bar1400.csv,as scored,deck period,1088,2020-01-03,2024-04-30,0.19088461451395286,0.18828736338725469,0.0025972511266981516,1.3794080919579979,-0.00015471439829382007,0.005413741990207607,1.80383250414994,False,False,False
baseline,lgbm,2000,bar1400,qlike,14:00,tuned vs untuned,baseline/bar1400/lgbm/tw2000/causal_tune_trees/lgbm/baseline/results_bar1400.csv,clock,common,1424,2018-08-30,2024-04-30,0.19860487514630557,0.19482398479503527,0.0037808903512703326,1.9406698591284954,0.0003253300189767537,0.007728948357318364,2.090783959295503,False,True,False
baseline,lgbm,2000,bar1400,qlike,14:00,tuned vs untuned,baseline/bar1400/lgbm/tw2000/causal_tune_trees/lgbm/baseline/results_bar1400.csv,clock,deck period,1088,2020-01-03,2024-04-30,0.19483895100407111,0.19441004680283036,0.00042890420124072626,0.22061833135389275,-0.0021845560708478743,0.003203292104016898,0.30668096328281375,False,False,False
baseline,lgbm,2000,bar1400,qlike,14:00,tuned vs untuned,baseline/bar1400/lgbm/tw2000/causal_tune_trees/lgbm/baseline/results_bar1400.csv,as scored,common,1487,2018-06-01,2024-04-30,0.1938492159948895,0.18996182194334071,0.003887394051548782,2.0464080686214214,0.000878433663464848,0.007641395466296268,2.2607068099387493,False,True,False
baseline,lgbm,2000,bar1400,qlike,14:00,tuned vs untuned,baseline/bar1400/lgbm/tw2000/causal_tune_trees/lgbm/baseline/results_bar1400.csv,as scored,deck period,1088,2020-01-03,2024-04-30,0.1889461594195438,0.18828736338725469,0.0006587960322890904,0.3498886066688025,-0.0018794585820556592,0.0033989927745392496,0.4711122767991884,False,False,False
baseline,lgbm,2000,bar1430,mse,14:30,tuned vs untuned,baseline/bar1430/lgbm/tw2000/causal_tune_trees/lgbm/baseline/results_bar1430.csv,clock,common,1416,2018-09-10,2024-04-30,0.2766212099604807,0.2661873750177716,0.010433834942709084,3.919733211243577,0.004324469010350403,0.01717368569841473,3.0446842349094347,False,True,False
baseline,lgbm,2000,bar1430,mse,14:30,tuned vs untuned,baseline/bar1430/lgbm/tw2000/causal_tune_trees/lgbm/baseline/results_bar1430.csv,clock,deck period,1087,2020-01-03,2024-04-30,0.27977411833470733,0.27248858587472463,0.007285532459982715,2.673701886115775,0.0006040097341836653,0.015216668845414996,1.9788808980363377,False,True,False
baseline,lgbm,2000,bar1430,mse,14:30,tuned vs untuned,baseline/bar1430/lgbm/tw2000/causal_tune_trees/lgbm/baseline/results_bar1430.csv,as scored,common,1479,2018-06-11,2024-04-30,0.2765844633040938,0.2661874410782257,0.010397022225868132,3.905902616499744,0.004354673391136238,0.016916872298188793,3.181592660791455,False,True,False
baseline,lgbm,2000,bar1430,mse,14:30,tuned vs untuned,baseline/bar1430/lgbm/tw2000/causal_tune_trees/lgbm/baseline/results_bar1430.csv,as scored,deck period,1087,2020-01-03,2024-04-30,0.2785226192143724,0.2713553077633922,0.0071673114509801395,2.6413013661150364,0.000568952526113306,0.01506782531412237,1.950131129169567,False,True,False
baseline,lgbm,2000,bar1430,qlike,14:30,tuned vs untuned,baseline/bar1430/lgbm/tw2000/causal_tune_trees/lgbm/baseline/results_bar1430.csv,clock,common,1416,2018-09-10,2024-04-30,0.26778596914513914,0.2661873750177716,0.0015985941273675625,0.6005521964596685,-0.00348594086956601,0.007303541348958253,0.569626844874968,False,False,False
baseline,lgbm,2000,bar1430,qlike,14:30,tuned vs untuned,baseline/bar1430/lgbm/tw2000/causal_tune_trees/lgbm/baseline/results_bar1430.csv,clock,deck period,1087,2020-01-03,2024-04-30,0.2733228155722191,0.27248858587472463,0.0008342296974944743,0.3061521622333229,-0.005561046594617134,0.008120505879792293,0.2369363534302271,False,False,False
baseline,lgbm,2000,bar1430,qlike,14:30,tuned vs untuned,baseline/bar1430/lgbm/tw2000/causal_tune_trees/lgbm/baseline/results_bar1430.csv,as scored,common,1479,2018-06-11,2024-04-30,0.2684477592535421,0.2661874410782257,0.0022603181753163607,0.8491453113492725,-0.002622509679860854,0.007899578830993683,0.827346403347187,False,False,False
baseline,lgbm,2000,bar1430,qlike,14:30,tuned vs untuned,baseline/bar1430/lgbm/tw2000/causal_tune_trees/lgbm/baseline/results_bar1430.csv,as scored,deck period,1087,2020-01-03,2024-04-30,0.2724371937508688,0.2713553077633922,0.0010818859874765923,0.39869719018724376,-0.005355477824015162,0.008460270368380167,0.30594764429556465,False,False,False
baseline,lgbm,2000,bar1500,mse,15:00,tuned vs untuned,baseline/bar1500/lgbm/tw2000/causal_tune_trees/lgbm/baseline/results_bar1500.csv,clock,common,1414,2018-09-12,2024-04-30,0.23644096883264692,0.2310354012940693,0.00540556753857767,2.3397139608476234,0.00108838200119787,0.00991491575303018,2.293119629588108,False,True,False
baseline,lgbm,2000,bar1500,mse,15:00,tuned vs untuned,baseline/bar1500/lgbm/tw2000/causal_tune_trees/lgbm/baseline/results_bar1500.csv,clock,deck period,1087,2020-01-03,2024-04-30,0.2182539548968493,0.2131995984287278,0.005054356468121502,2.370715754331574,0.0005591315663842306,0.009782181750225096,1.9718854387045648,False,True,False
baseline,lgbm,2000,bar1500,mse,15:00,tuned vs untuned,baseline/bar1500/lgbm/tw2000/causal_tune_trees/lgbm/baseline/results_bar1500.csv,as scored,common,1477,2018-06-13,2024-04-30,0.23136251590726561,0.2263944069864978,0.004968108920767832,2.194448611561385,0.000759094050130258,0.009386032629260913,2.1853739173311677,False,True,False
baseline,lgbm,2000,bar1500,mse,15:00,tuned vs untuned,baseline/bar1500/lgbm/tw2000/causal_tune_trees/lgbm/baseline/results_bar1500.csv,as scored,deck period,1087,2020-01-03,2024-04-30,0.218455796111823,0.21380451501652517,0.004651281095297826,2.175483101906582,0.0002836930561732827,0.009200075124103466,1.830246976486754,False,True,False
baseline,lgbm,2000,bar1500,qlike,15:00,tuned vs untuned,baseline/bar1500/lgbm/tw2000/causal_tune_trees/lgbm/baseline/results_bar1500.csv,clock,common,1414,2018-09-12,2024-04-30,0.23558965205358634,0.2310354012940693,0.004554250759517057,1.97123502892107,0.0002765794090074224,0.00909130039543498,1.9535322459291842,False,True,False
baseline,lgbm,2000,bar1500,qlike,15:00,tuned vs untuned,baseline/bar1500/lgbm/tw2000/causal_tune_trees/lgbm/baseline/results_bar1500.csv,clock,deck period,1087,2020-01-03,2024-04-30,0.21714653822197197,0.2131995984287278,0.003946939793244126,1.8512885682397662,-0.0005719187435048776,0.008715398940561352,1.567385230950832,False,False,False
baseline,lgbm,2000,bar1500,qlike,15:00,tuned vs untuned,baseline/bar1500/lgbm/tw2000/causal_tune_trees/lgbm/baseline/results_bar1500.csv,as scored,common,1477,2018-06-13,2024-04-30,0.23020952436990275,0.2263944069864978,0.003815117383404923,1.685164149674624,-0.00023815233278168583,0.008016046648106446,1.7085797867616062,False,False,False
baseline,lgbm,2000,bar1500,qlike,15:00,tuned vs untuned,baseline/bar1500/lgbm/tw2000/causal_tune_trees/lgbm/baseline/results_bar1500.csv,as scored,deck period,1087,2020-01-03,2024-04-30,0.2169771086654746,0.21380451501652517,0.0031725936489494125,1.4838758894797892,-0.0011338805107546047,0.007780383021132257,1.2822978415658832,False,False,False
baseline,lgbm,2000,bar1530,mse,15:30,tuned vs untuned,baseline/bar1530/lgbm/tw2000/causal_tune_trees/lgbm/baseline/results_bar1530.csv,clock,common,1412,2018-09-14,2024-04-30,0.15173556391974774,0.14588711585105532,0.005848448068692421,4.008885935248348,0.0011335703141083023,0.01120953759225185,2.3079376969977483,False,True,False
baseline,lgbm,2000,bar1530,mse,15:30,tuned vs untuned,baseline/bar1530/lgbm/tw2000/causal_tune_trees/lgbm/baseline/results_bar1530.csv,clock,deck period,1087,2020-01-03,2024-04-30,0.1403903105463376,0.13837739733366025,0.002012913212677327,1.4546546267406104,-0.0022527139757583035,0.005984111899446539,1.0433466581556008,False,False,False
baseline,lgbm,2000,bar1530,mse,15:30,tuned vs untuned,baseline/bar1530/lgbm/tw2000/causal_tune_trees/lgbm/baseline/results_bar1530.csv,as scored,common,1475,2018-06-15,2024-04-30,0.14974782679174828,0.14505281918821541,0.004695007603532847,3.236757223891506,-6.224135735429609e-05,0.009119109192501357,2.0276973125667053,False,False,False
baseline,lgbm,2000,bar1530,mse,15:30,tuned vs untuned,baseline/bar1530/lgbm/tw2000/causal_tune_trees/lgbm/baseline/results_bar1530.csv,as scored,deck period,1087,2020-01-03,2024-04-30,0.14266425679640996,0.139988397860802,0.002675858935607982,1.911486220642894,-0.0018496684260623619,0.006779032672639535,1.3418837559819328,False,False,False
baseline,lgbm,2000,bar1530,qlike,15:30,tuned vs untuned,baseline/bar1530/lgbm/tw2000/causal_tune_trees/lgbm/baseline/results_bar1530.csv,clock,common,1412,2018-09-14,2024-04-30,0.14771964860135858,0.14588711585105532,0.0018325327503032505,1.2561306319703998,-0.001713065429632025,0.0058863467603148195,1.031575945580931,False,False,False
baseline,lgbm,2000,bar1530,qlike,15:30,tuned vs untuned,baseline/bar1530/lgbm/tw2000/causal_tune_trees/lgbm/baseline/results_bar1530.csv,clock,deck period,1087,2020-01-03,2024-04-30,0.1385949516092119,0.13837739733366025,0.0002175542755516464,0.15721807155186782,-0.0028013143880975277,0.0031407329617659926,0.15372220875328796,False,False,False
baseline,lgbm,2000,bar1530,qlike,15:30,tuned vs untuned,baseline/bar1530/lgbm/tw2000/causal_tune_trees/lgbm/baseline/results_bar1530.csv,as scored,common,1475,2018-06-15,2024-04-30,0.14603062814050533,0.14505281918821541,0.0009778089522899133,0.6741054450111328,-0.002396553068490202,0.004402835340513388,0.5831743185670993,False,False,False
baseline,lgbm,2000,bar1530,qlike,15:30,tuned vs untuned,baseline/bar1530/lgbm/tw2000/causal_tune_trees/lgbm/baseline/results_bar1530.csv,as scored,deck period,1087,2020-01-03,2024-04-30,0.14071505190929406,0.139988397860802,0.0007266540484920682,0.5190816236175654,-0.002276799245704869,0.0035883609137947955,0.518047167171408,False,False,False
baseline,lgbm,2000,bar1600,mse,16:00,tuned vs untuned,baseline/bar1600/lgbm/tw2000/causal_tune_trees/lgbm/baseline/results_bar1600.csv,clock,common,1406,2018-09-24,2024-04-30,0.13053634899518107,0.12503786234619163,0.005498486648989454,4.397457334775785,0.0009039945202944761,0.011704112092581962,1.9786341111254533,False,True,False
baseline,lgbm,2000,bar1600,mse,16:00,tuned vs untuned,baseline/bar1600/lgbm/tw2000/causal_tune_trees/lgbm/baseline/results_bar1600.csv,clock,deck period,1087,2020-01-03,2024-04-30,0.11797191900823617,0.11389082903839634,0.004081089969839834,3.5833350273216156,-0.001666064818855019,0.010667157993800927,1.2035484136219123,False,False,False
baseline,lgbm,2000,bar1600,mse,16:00,tuned vs untuned,baseline/bar1600/lgbm/tw2000/causal_tune_trees/lgbm/baseline/results_bar1600.csv,as scored,common,1469,2018-06-25,2024-04-30,0.12957890413456166,0.12472523964848363,0.0048536644860780465,3.891485396025099,0.0005605953939402968,0.010640568917678657,1.8253794766038054,False,True,False
baseline,lgbm,2000,bar1600,mse,16:00,tuned vs untuned,baseline/bar1600/lgbm/tw2000/causal_tune_trees/lgbm/baseline/results_bar1600.csv,as scored,deck period,1087,2020-01-03,2024-04-30,0.11603910801821828,0.11286680049826693,0.0031723075199513455,2.810664877489866,-0.0023186894911856643,0.009676134282397612,0.9393349113236514,False,False,False
baseline,lgbm,2000,bar1600,qlike,16:00,tuned vs untuned,baseline/bar1600/lgbm/tw2000/causal_tune_trees/lgbm/baseline/results_bar1600.csv,clock,common,1406,2018-09-24,2024-04-30,0.12563067322253427,0.12503786234619163,0.0005928108763426208,0.47410509522412386,-0.002765224588690538,0.003984594013935981,0.37909252184784703,False,False,False
baseline,lgbm,2000,bar1600,qlike,16:00,tuned vs untuned,baseline/bar1600/lgbm/tw2000/causal_tune_trees/lgbm/baseline/results_bar1600.csv,clock,deck period,1087,2020-01-03,2024-04-30,0.11458392667017497,0.11389082903839634,0.0006930976317786197,0.6085631631893326,-0.002813617510219671,0.0046545068151063245,0.40240594653886524,False,False,False
baseline,lgbm,2000,bar1600,qlike,16:00,tuned vs untuned,baseline/bar1600/lgbm/tw2000/causal_tune_trees/lgbm/baseline/results_bar1600.csv,as scored,common,1469,2018-06-25,2024-04-30,0.12527541891873015,0.12472523964848363,0.0005501792702465251,0.44111301914280504,-0.002394964392913147,0.0036968032229722455,0.3656405055311459,False,False,False
baseline,lgbm,2000,bar1600,qlike,16:00,tuned vs untuned,baseline/bar1600/lgbm/tw2000/causal_tune_trees/lgbm/baseline/results_bar1600.csv,as scored,deck period,1087,2020-01-03,2024-04-30,0.11360392550628821,0.11286680049826693,0.0007371250080212915,0.6530928534938049,-0.002748872046486819,0.004743524056637452,0.4272718183367783,False,False,False
baseline,rf,2000,bar1000,mse,10:00,tuned vs untuned,baseline/bar1000/rf/tw2000/causal_tune_trees/rf/baseline/results_bar1000.csv,clock,common,1556,2018-04-19,2024-04-30,0.136877374133838,0.1327454488969085,0.004131925236929486,3.1126680961683153,-0.0007174598781736506,0.009223198955091223,1.7877548823635006,False,False,False
baseline,rf,2000,bar1000,mse,10:00,tuned vs untuned,baseline/bar1000/rf/tw2000/causal_tune_trees/rf/baseline/results_bar1000.csv,clock,deck period,1116,2020-01-03,2024-04-30,0.1283681513930911,0.12975820331472854,-0.0013900519216374228,-1.0712632312470078,-0.005552108074607465,0.002744745647541437,-0.6022526763961291,False,False,False
baseline,rf,2000,bar1000,mse,10:00,tuned vs untuned,baseline/bar1000/rf/tw2000/causal_tune_trees/rf/baseline/results_bar1000.csv,as scored,common,1619,2018-01-19,2024-04-30,0.1414772270984033,0.13028341731144735,0.011193809786955994,8.591891445552719,-0.000984329651802303,0.033240619430303105,1.1751440002422748,False,False,False
baseline,rf,2000,bar1000,mse,10:00,tuned vs untuned,baseline/bar1000/rf/tw2000/causal_tune_trees/rf/baseline/results_bar1000.csv,as scored,deck period,1116,2020-01-03,2024-04-30,0.12989410377634597,0.1282592607103891,0.0016348430659569003,1.2746393959406914,-0.0027994420621178288,0.006098248250487373,0.6600592602618839,False,False,False
baseline,rf,2000,bar1000,qlike,10:00,tuned vs untuned,baseline/bar1000/rf/tw2000/causal_tune_trees/rf/baseline/results_bar1000.csv,clock,common,1556,2018-04-19,2024-04-30,0.1346568262020252,0.1327454488969085,0.0019113773051167185,1.439881608748119,-0.002629557868998021,0.00717040563529179,0.8462011391058959,False,False,False
baseline,rf,2000,bar1000,qlike,10:00,tuned vs untuned,baseline/bar1000/rf/tw2000/causal_tune_trees/rf/baseline/results_bar1000.csv,clock,deck period,1116,2020-01-03,2024-04-30,0.12629823185265285,0.12975820331472854,-0.0034599714620756703,-2.666476086820892,-0.007086476589176898,0.00021636082063174173,-1.6439408722999338,False,False,False
baseline,rf,2000,bar1000,qlike,10:00,tuned vs untuned,baseline/bar1000/rf/tw2000/causal_tune_trees/rf/baseline/results_bar1000.csv,as scored,common,1619,2018-01-19,2024-04-30,0.13935763356830852,0.13028341731144735,0.009074216256861202,6.964981763695183,-0.0029114325901354026,0.031042780293987722,0.9536361653842121,False,False,False
baseline,rf,2000,bar1000,qlike,10:00,tuned vs untuned,baseline/bar1000/rf/tw2000/causal_tune_trees/rf/baseline/results_bar1000.csv,as scored,deck period,1116,2020-01-03,2024-04-30,0.1278082185179506,0.1282592607103891,-0.0004510421924384643,-0.3516644255863308,-0.004332860420255018,0.003436517128012893,-0.20003493201670158,False,False,False
baseline,rf,2000,bar1030,mse,10:30,tuned vs untuned,baseline/bar1030/rf/tw2000/causal_tune_trees/rf/baseline/results_bar1030.csv,clock,common,1556,2018-04-19,2024-04-30,0.16462380071109262,0.16987077831916708,-0.005246977608074475,-3.0888053024729336,-0.008719187534638838,-0.002025829974906125,-3.0124473682582775,True,False,False
baseline,rf,2000,bar1030,mse,10:30,tuned vs untuned,baseline/bar1030/rf/tw2000/causal_tune_trees/rf/baseline/results_bar1030.csv,clock,deck period,1116,2020-01-03,2024-04-30,0.1611152649113676,0.16737770739585708,-0.006262442484489498,-3.741503323186577,-0.01077658959462117,-0.0022316798461577037,-3.0665530192024013,True,False,False
baseline,rf,2000,bar1030,mse,10:30,tuned vs untuned,baseline/bar1030/rf/tw2000/causal_tune_trees/rf/baseline/results_bar1030.csv,as scored,common,1619,2018-01-19,2024-04-30,0.1612435730972268,0.16589467021743864,-0.004651097120211804,-2.803644694621953,-0.008060306050088428,-0.0015080877243504476,-2.8153512177762976,True,False,False
baseline,rf,2000,bar1030,mse,10:30,tuned vs untuned,baseline/bar1030/rf/tw2000/causal_tune_trees/rf/baseline/results_bar1030.csv,as scored,deck period,1116,2020-01-03,2024-04-30,0.15802558413663229,0.16298412163200787,-0.004958537495375619,-3.0423439079367527,-0.009195621199461235,-0.0010259061948398808,-2.4612109156268325,True,False,False
baseline,rf,2000,bar1030,qlike,10:30,tuned vs untuned,baseline/bar1030/rf/tw2000/causal_tune_trees/rf/baseline/results_bar1030.csv,clock,common,1556,2018-04-19,2024-04-30,0.16480419835860657,0.16987077831916708,-0.005066579960560551,-2.9826083159759516,-0.008271753457585988,-0.0022478317096236464,-3.4709325553607724,True,False,False
baseline,rf,2000,bar1030,qlike,10:30,tuned vs untuned,baseline/bar1030/rf/tw2000/causal_tune_trees/rf/baseline/results_bar1030.csv,clock,deck period,1116,2020-01-03,2024-04-30,0.1608704364575135,0.16737770739585708,-0.006507270938343597,-3.8877763589828356,-0.010739734252644295,-0.002744803470799546,-3.2676423316256176,True,False,False
baseline,rf,2000,bar1030,qlike,10:30,tuned vs untuned,baseline/bar1030/rf/tw2000/causal_tune_trees/rf/baseline/results_bar1030.csv,as scored,common,1619,2018-01-19,2024-04-30,0.1613651369180208,0.16589467021743864,-0.004529533299417833,-2.7303669813387974,-0.007352585598223792,-0.0019308035720073478,-3.236450960687483,True,False,False
baseline,rf,2000,bar1030,qlike,10:30,tuned vs untuned,baseline/bar1030/rf/tw2000/causal_tune_trees/rf/baseline/results_bar1030.csv,as scored,deck period,1116,2020-01-03,2024-04-30,0.15771733175810268,0.16298412163200787,-0.0052667898739052,-3.2314742204131828,-0.009460602461939794,-0.0016739257450563338,-2.665653754477719,True,False,False
baseline,rf,2000,bar1100,mse,11:00,tuned vs untuned,baseline/bar1100/rf/tw2000/causal_tune_trees/rf/baseline/results_bar1100.csv,clock,common,1556,2018-04-19,2024-04-30,0.1476799804902733,0.14929756289695453,-0.0016175824066812245,-1.083462030654635,-0.004082937136303375,0.0008114813696717118,-1.2711876169410667,False,False,False
baseline,rf,2000,bar1100,mse,11:00,tuned vs untuned,baseline/bar1100/rf/tw2000/causal_tune_trees/rf/baseline/results_bar1100.csv,clock,deck period,1116,2020-01-03,2024-04-30,0.15376971858085467,0.15463963531981922,-0.0008699167389645218,-0.5625444842555379,-0.004024250403295493,0.0020571539687731072,-0.5516913534542137,False,False,False
baseline,rf,2000,bar1100,mse,11:00,tuned vs untuned,baseline/bar1100/rf/tw2000/causal_tune_trees/rf/baseline/results_bar1100.csv,as scored,common,1619,2018-01-19,2024-04-30,0.14488430637405075,0.14633772004699072,-0.0014534136729399975,-0.9931914153598195,-0.0037361481913121713,0.0008840939501043905,-1.198031170682723,False,False,False
baseline,rf,2000,bar1100,mse,11:00,tuned vs untuned,baseline/bar1100/rf/tw2000/causal_tune_trees/rf/baseline/results_bar1100.csv,as scored,deck period,1116,2020-01-03,2024-04-30,0.1516111711384612,0.15223233179479315,-0.0006211606563319282,-0.40803464612842116,-0.00360990642430852,0.0022483096685210436,-0.4069284113421015,False,False,False
baseline,rf,2000,bar1100,qlike,11:00,tuned vs untuned,baseline/bar1100/rf/tw2000/causal_tune_trees/rf/baseline/results_bar1100.csv,clock,common,1556,2018-04-19,2024-04-30,0.14952549938865956,0.14929756289695453,0.000227936491705033,0.15267261386065306,-0.003788887874075777,0.004730682759270074,0.12136262373481209,False,False,False
baseline,rf,2000,bar1100,qlike,11:00,tuned vs untuned,baseline/bar1100/rf/tw2000/causal_tune_trees/rf/baseline/results_bar1100.csv,clock,deck period,1116,2020-01-03,2024-04-30,0.15635561032146322,0.15463963531981922,0.001715975001644011,1.1096605330807354,-0.0038481147862968615,0.007704442511671832,0.6933719371648575,False,False,False
baseline,rf,2000,bar1100,qlike,11:00,tuned vs untuned,baseline/bar1100/rf/tw2000/causal_tune_trees/rf/baseline/results_bar1100.csv,as scored,common,1619,2018-01-19,2024-04-30,0.14623634689086398,0.14633772004699072,-0.00010137315612677509,-0.06927342867869132,-0.0039049914751993014,0.003938690276293344,-0.05606756819292576,False,False,False
baseline,rf,2000,bar1100,qlike,11:00,tuned vs untuned,baseline/bar1100/rf/tw2000/causal_tune_trees/rf/baseline/results_bar1100.csv,as scored,deck period,1116,2020-01-03,2024-04-30,0.15341587124572142,0.15223233179479315,0.0011835394509282751,0.7774560351106414,-0.004451571386330712,0.0071864917096962425,0.47878519138001985,False,False,False
baseline,rf,2000,bar1130,mse,11:30,tuned vs untuned,baseline/bar1130/rf/tw2000/causal_tune_trees/rf/baseline/results_bar1130.csv,clock,common,1558,2018-04-17,2024-04-30,0.15272597630797513,0.1466736134823865,0.006052362825588639,4.12641557120664,0.0015484118830044547,0.010503801549986662,2.7109830937802206,False,True,False
baseline,rf,2000,bar1130,mse,11:30,tuned vs untuned,baseline/bar1130/rf/tw2000/causal_tune_trees/rf/baseline/results_bar1130.csv,clock,deck period,1116,2020-01-03,2024-04-30,0.15673192746163023,0.15060229553918872,0.006129631922441552,4.070078680073332,0.0003035552866376245,0.012269161862703526,2.1725691589391563,False,True,False
baseline,rf,2000,bar1130,mse,11:30,tuned vs untuned,baseline/bar1130/rf/tw2000/causal_tune_trees/rf/baseline/results_bar1130.csv,as scored,common,1621,2018-01-17,2024-04-30,0.14990578841988772,0.14340126295850494,0.00650452546138279,4.535891335395673,0.0012025677923502506,0.012658236668116864,2.2125042548753915,False,True,False
baseline,rf,2000,bar1130,mse,11:30,tuned vs untuned,baseline/bar1130/rf/tw2000/causal_tune_trees/rf/baseline/results_bar1130.csv,as scored,deck period,1116,2020-01-03,2024-04-30,0.1556247293644563,0.14964123706486393,0.005983492299592361,3.9985584301195924,0.00022164023328493068,0.01209968856995418,2.135488817259975,False,True,False
baseline,rf,2000,bar1130,qlike,11:30,tuned vs untuned,baseline/bar1130/rf/tw2000/causal_tune_trees/rf/baseline/results_bar1130.csv,clock,common,1558,2018-04-17,2024-04-30,0.14587237097322592,0.1466736134823865,-0.0008012425091605825,-0.5462758366260615,-0.004494190649350363,0.0028868430360732044,-0.4523532510016042,False,False,False
baseline,rf,2000,bar1130,qlike,11:30,tuned vs untuned,baseline/bar1130/rf/tw2000/causal_tune_trees/rf/baseline/results_bar1130.csv,clock,deck period,1116,2020-01-03,2024-04-30,0.14920606829755326,0.15060229553918872,-0.0013962272416354266,-0.9270955908318872,-0.005094775577855532,0.0026648705966982682,-0.756039886645808,False,False,False
baseline,rf,2000,bar1130,qlike,11:30,tuned vs untuned,baseline/bar1130/rf/tw2000/causal_tune_trees/rf/baseline/results_bar1130.csv,as scored,common,1621,2018-01-17,2024-04-30,0.14409105978065212,0.14340126295850494,0.0006897968221471839,0.48102562551822553,-0.0038107378557541856,0.005899178734391033,0.26203066667580593,False,False,False
baseline,rf,2000,bar1130,qlike,11:30,tuned vs untuned,baseline/bar1130/rf/tw2000/causal_tune_trees/rf/baseline/results_bar1130.csv,as scored,deck period,1116,2020-01-03,2024-04-30,0.14939444684903888,0.14964123706486393,-0.0002467902158250656,-0.1649212614555513,-0.003747832054701855,0.0035967637206598545,-0.13870437937250457,False,False,False
baseline,rf,2000,bar1200,mse,12:00,tuned vs untuned,baseline/bar1200/rf/tw2000/causal_tune_trees/rf/baseline/results_bar1200.csv,clock,common,1497,2018-07-11,2024-04-30,0.15818839626522607,0.16047605012155775,-0.002287653856331708,-1.4255422255214103,-0.004658219771359996,-0.00017369060349578568,-1.9978172614982728,True,False,False
baseline,rf,2000,bar1200,mse,12:00,tuned vs untuned,baseline/bar1200/rf/tw2000/causal_tune_trees/rf/baseline/results_bar1200.csv,clock,deck period,1116,2020-01-03,2024-04-30,0.1380790964000337,0.14083785096121446,-0.0027587545611807364,-1.9588161437797527,-0.005032717025167006,-0.0005700296475516272,-2.256919685171271,True,False,False
baseline,rf,2000,bar1200,mse,12:00,tuned vs untuned,baseline/bar1200/rf/tw2000/causal_tune_trees/rf/baseline/results_bar1200.csv,as scored,common,1560,2018-04-13,2024-04-30,0.1554357332130506,0.15764441957692593,-0.002208686363875346,-1.4010558507575785,-0.004508716510877698,6.772940876783821e-06,-1.990451290882715,False,False,False
baseline,rf,2000,bar1200,mse,12:00,tuned vs untuned,baseline/bar1200/rf/tw2000/causal_tune_trees/rf/baseline/results_bar1200.csv,as scored,deck period,1116,2020-01-03,2024-04-30,0.13692225768067434,0.13958199391068887,-0.0026597362300145215,-1.9055009571767159,-0.004904578326923531,-0.0004772864649526141,-2.181363566601017,True,False,False
baseline,rf,2000,bar1200,qlike,12:00,tuned vs untuned,baseline/bar1200/rf/tw2000/causal_tune_trees/rf/baseline/results_bar1200.csv,clock,common,1497,2018-07-11,2024-04-30,0.15925008149327444,0.16047605012155775,-0.0012259686282833392,-0.7639573801540416,-0.0035402534641746945,0.0009448722594447962,-0.9944698467011645,False,False,False
baseline,rf,2000,bar1200,qlike,12:00,tuned vs untuned,baseline/bar1200/rf/tw2000/causal_tune_trees/rf/baseline/results_bar1200.csv,clock,deck period,1116,2020-01-03,2024-04-30,0.13962369488207768,0.14083785096121446,-0.0012141560791367773,-0.862095005604101,-0.0038293804940320347,0.001465822861523555,-0.8532078239022836,False,False,False
baseline,rf,2000,bar1200,qlike,12:00,tuned vs untuned,baseline/bar1200/rf/tw2000/causal_tune_trees/rf/baseline/results_bar1200.csv,as scored,common,1560,2018-04-13,2024-04-30,0.1563127090039181,0.15764441957692593,-0.0013317105730078266,-0.8447559238581168,-0.0035049773419581097,0.0006797582097678549,-1.1177470371468774,False,False,False
baseline,rf,2000,bar1200,qlike,12:00,tuned vs untuned,baseline/bar1200/rf/tw2000/causal_tune_trees/rf/baseline/results_bar1200.csv,as scored,deck period,1116,2020-01-03,2024-04-30,0.13837976987762737,0.13958199391068887,-0.0012022240330615077,-0.8613030946031243,-0.003745928568553235,0.0013358323889301337,-0.8535875027674175,False,False,False
baseline,rf,2000,bar1230,mse,12:30,tuned vs untuned,baseline/bar1230/rf/tw2000/causal_tune_trees/rf/baseline/results_bar1230.csv,clock,common,1497,2018-07-11,2024-04-30,0.16644308838650346,0.17568272051221956,-0.009239632125716109,-5.259271998280245,-0.012727320357614333,-0.005855127349738249,-5.2994636216838495,True,False,False
baseline,rf,2000,bar1230,mse,12:30,tuned vs untuned,baseline/bar1230/rf/tw2000/causal_tune_trees/rf/baseline/results_bar1230.csv,clock,deck period,1116,2020-01-03,2024-04-30,0.15811377928846873,0.16834030462877686,-0.010226525340308148,-6.074911984304428,-0.01430269828209939,-0.006469082775181683,-4.915990010418373,True,False,False
baseline,rf,2000,bar1230,mse,12:30,tuned vs untuned,baseline/bar1230/rf/tw2000/causal_tune_trees/rf/baseline/results_bar1230.csv,as scored,common,1560,2018-04-13,2024-04-30,0.16289364026845785,0.17125452887593637,-0.008360888607478493,-4.882141606623119,-0.011420978282550147,-0.005187155813547791,-5.122800565562518,True,False,False
baseline,rf,2000,bar1230,mse,12:30,tuned vs untuned,baseline/bar1230/rf/tw2000/causal_tune_trees/rf/baseline/results_bar1230.csv,as scored,deck period,1116,2020-01-03,2024-04-30,0.15608229285456832,0.16558774737913068,-0.009505454524562385,-5.740433501277507,-0.013318796354627776,-0.005866248322562769,-4.6962219473421065,True,False,False
baseline,rf,2000,bar1230,qlike,12:30,tuned vs untuned,baseline/bar1230/rf/tw2000/causal_tune_trees/rf/baseline/results_bar1230.csv,clock,common,1497,2018-07-11,2024-04-30,0.1685431867260679,0.17568272051221956,-0.007139533786151638,-4.063879341881576,-0.01034784907268177,-0.004084931311944399,-4.150434814366677,True,False,False
baseline,rf,2000,bar1230,qlike,12:30,tuned vs untuned,baseline/bar1230/rf/tw2000/causal_tune_trees/rf/baseline/results_bar1230.csv,clock,deck period,1116,2020-01-03,2024-04-30,0.1601086579143875,0.16834030462877686,-0.0082316467143894,-4.88988464915861,-0.011950510258292045,-0.004853185283769295,-4.354124841638718,True,False,False
baseline,rf,2000,bar1230,qlike,12:30,tuned vs untuned,baseline/bar1230/rf/tw2000/causal_tune_trees/rf/baseline/results_bar1230.csv,as scored,common,1560,2018-04-13,2024-04-30,0.16495647734261445,0.17125452887593637,-0.006298051533321864,-3.6775970683288755,-0.009259451044544344,-0.0035148283715780286,-3.8767839230084373,True,False,False
baseline,rf,2000,bar1230,qlike,12:30,tuned vs untuned,baseline/bar1230/rf/tw2000/causal_tune_trees/rf/baseline/results_bar1230.csv,as scored,deck period,1116,2020-01-03,2024-04-30,0.1579201148419309,0.16558774737913068,-0.007667632537199787,-4.630555496140623,-0.011270383588985867,-0.004398747646597997,-4.1226779524476225,True,False,False
baseline,rf,2000,bar1300,mse,13:00,tuned vs untuned,baseline/bar1300/rf/tw2000/causal_tune_trees/rf/baseline/results_bar1300.csv,clock,common,1497,2018-07-11,2024-04-30,0.1867615566115749,0.19139643371091497,-0.004634877099340069,-2.4216110036515017,-0.00837163073024222,-0.0007401736844675769,-2.3955137550005694,True,False,False
baseline,rf,2000,bar1300,mse,13:00,tuned vs untuned,baseline/bar1300/rf/tw2000/causal_tune_trees/rf/baseline/results_bar1300.csv,clock,deck period,1116,2020-01-03,2024-04-30,0.17544233554575772,0.17884796744901116,-0.0034056319032534426,-1.9042049802575334,-0.007954573278596524,0.0013690160711462588,-1.3714694948245234,False,False,False
baseline,rf,2000,bar1300,mse,13:00,tuned vs untuned,baseline/bar1300/rf/tw2000/causal_tune_trees/rf/baseline/results_bar1300.csv,as scored,common,1560,2018-04-13,2024-04-30,0.1845136019105366,0.189092702624871,-0.004579100714334454,-2.421616831728637,-0.008184146389944264,-0.0010964940669875166,-2.494273970928973,True,False,False
baseline,rf,2000,bar1300,mse,13:00,tuned vs untuned,baseline/bar1300/rf/tw2000/causal_tune_trees/rf/baseline/results_bar1300.csv,as scored,deck period,1116,2020-01-03,2024-04-30,0.1743299245569019,0.1773718427222778,-0.003041918165375885,-1.7149949612570734,-0.007575756719833388,0.0015212300962021503,-1.2450170954944733,False,False,False
baseline,rf,2000,bar1300,qlike,13:00,tuned vs untuned,baseline/bar1300/rf/tw2000/causal_tune_trees/rf/baseline/results_bar1300.csv,clock,common,1497,2018-07-11,2024-04-30,0.18890031603615864,0.19139643371091497,-0.002496117674756319,-1.3041610161485313,-0.005922173552354094,0.0013426172971062788,-1.3092465077022615,False,False,False
baseline,rf,2000,bar1300,qlike,13:00,tuned vs untuned,baseline/bar1300/rf/tw2000/causal_tune_trees/rf/baseline/results_bar1300.csv,clock,deck period,1116,2020-01-03,2024-04-30,0.1762115091892259,0.17884796744901116,-0.0026364582597852666,-1.4741337558319807,-0.007094573621109371,0.0023176399497227564,-1.0703792171596553,False,False,False
baseline,rf,2000,bar1300,qlike,13:00,tuned vs untuned,baseline/bar1300/rf/tw2000/causal_tune_trees/rf/baseline/results_bar1300.csv,as scored,common,1560,2018-04-13,2024-04-30,0.1862060334263328,0.189092702624871,-0.0028866691985382303,-1.5265894233184187,-0.006436359108009605,0.0008112085444024522,-1.5909184392623905,False,False,False
baseline,rf,2000,bar1300,qlike,13:00,tuned vs untuned,baseline/bar1300/rf/tw2000/causal_tune_trees/rf/baseline/results_bar1300.csv,as scored,deck period,1116,2020-01-03,2024-04-30,0.17466871828049746,0.1773718427222778,-0.0027031244417803192,-1.5239873478750348,-0.007088525997095395,0.002227337990819869,-1.1149960393089156,False,False,False
baseline,rf,2000,bar1330,mse,13:30,tuned vs untuned,baseline/bar1330/rf/tw2000/causal_tune_trees/rf/baseline/results_bar1330.csv,clock,common,1436,2018-08-16,2024-04-30,0.1828268256442529,0.19054490387877884,-0.007718078234525978,-4.05052986325789,-0.011082290492958754,-0.0043812518697711475,-4.1558945423036935,True,False,False
baseline,rf,2000,bar1330,mse,13:30,tuned vs untuned,baseline/bar1330/rf/tw2000/causal_tune_trees/rf/baseline/results_bar1330.csv,clock,deck period,1088,2020-01-03,2024-04-30,0.17668276356173987,0.1840493930129734,-0.007366629451233553,-4.002528522717968,-0.011455772355280364,-0.003529241949833803,-3.2788436046757643,True,False,False
baseline,rf,2000,bar1330,mse,13:30,tuned vs untuned,baseline/bar1330/rf/tw2000/causal_tune_trees/rf/baseline/results_bar1330.csv,as scored,common,1499,2018-05-17,2024-04-30,0.1814860422428213,0.18926415065096733,-0.007778108408146026,-4.109657524361322,-0.011195995265890357,-0.004518467477996261,-4.402964885456447,True,False,False
baseline,rf,2000,bar1330,mse,13:30,tuned vs untuned,baseline/bar1330/rf/tw2000/causal_tune_trees/rf/baseline/results_bar1330.csv,as scored,deck period,1088,2020-01-03,2024-04-30,0.17535330352574202,0.18236281695039272,-0.007009513424650718,-3.843718550672247,-0.011014590198113258,-0.003204081218534905,-3.2090021202843046,True,False,False
baseline,rf,2000,bar1330,qlike,13:30,tuned vs untuned,baseline/bar1330/rf/tw2000/causal_tune_trees/rf/baseline/results_bar1330.csv,clock,common,1436,2018-08-16,2024-04-30,0.18306541836262571,0.19054490387877884,-0.007479485516153126,-3.9253138572057726,-0.01104847068724066,-0.0041607199704363045,-4.087549338384615,True,False,False
baseline,rf,2000,bar1330,qlike,13:30,tuned vs untuned,baseline/bar1330/rf/tw2000/causal_tune_trees/rf/baseline/results_bar1330.csv,clock,deck period,1088,2020-01-03,2024-04-30,0.1760263991145624,0.1840493930129734,-0.008022993898411004,-4.359152598696956,-0.012105706454159539,-0.004382722054458733,-3.7886009711937993,True,False,False
baseline,rf,2000,bar1330,qlike,13:30,tuned vs untuned,baseline/bar1330/rf/tw2000/causal_tune_trees/rf/baseline/results_bar1330.csv,as scored,common,1499,2018-05-17,2024-04-30,0.18225322846808942,0.18926415065096733,-0.007010922182877884,-3.704305415877263,-0.010508851903052042,-0.0037701645698107055,-4.057234755825449,True,False,False
baseline,rf,2000,bar1330,qlike,13:30,tuned vs untuned,baseline/bar1330/rf/tw2000/causal_tune_trees/rf/baseline/results_bar1330.csv,as scored,deck period,1088,2020-01-03,2024-04-30,0.17494128703842732,0.18236281695039272,-0.007421529911965395,-4.069650840052684,-0.011338035793384183,-0.0038942719287715275,-3.6440546282031976,True,False,False
baseline,rf,2000,bar1400,mse,14:00,tuned vs untuned,baseline/bar1400/rf/tw2000/causal_tune_trees/rf/baseline/results_bar1400.csv,clock,common,1424,2018-08-30,2024-04-30,0.1954807533289643,0.19791789293655226,-0.0024371396075879167,-1.2313892248080902,-0.007343517213352571,0.003098634841248908,-0.9436771009112391,False,False,False
baseline,rf,2000,bar1400,mse,14:00,tuned vs untuned,baseline/bar1400/rf/tw2000/causal_tune_trees/rf/baseline/results_bar1400.csv,clock,deck period,1088,2020-01-03,2024-04-30,0.1927183344491788,0.194424262732382,-0.0017059282832032022,-0.8774256151102658,-0.007948740242909312,0.005362283015647916,-0.5838049878422991,False,False,False
baseline,rf,2000,bar1400,mse,14:00,tuned vs untuned,baseline/bar1400/rf/tw2000/causal_tune_trees/rf/baseline/results_bar1400.csv,as scored,common,1487,2018-06-01,2024-04-30,0.19008151938390394,0.1920913500745678,-0.0020098306906638423,-1.046289012953289,-0.007198068621073671,0.003347510857478014,-0.7851990477750224,False,False,False
baseline,rf,2000,bar1400,mse,14:00,tuned vs untuned,baseline/bar1400/rf/tw2000/causal_tune_trees/rf/baseline/results_bar1400.csv,as scored,deck period,1088,2020-01-03,2024-04-30,0.1864310692424475,0.18766328942651775,-0.0012322201840702504,-0.6566122696856723,-0.007806868592074776,0.006100255120315832,-0.4061933604159108,False,False,False
baseline,rf,2000,bar1400,qlike,14:00,tuned vs untuned,baseline/bar1400/rf/tw2000/causal_tune_trees/rf/baseline/results_bar1400.csv,clock,common,1424,2018-08-30,2024-04-30,0.19741653681198976,0.19791789293655226,-0.0005013561245624763,-0.2533152092131453,-0.004651805944640639,0.00462367549798174,-0.21451908204141573,False,False,False
baseline,rf,2000,bar1400,qlike,14:00,tuned vs untuned,baseline/bar1400/rf/tw2000/causal_tune_trees/rf/baseline/results_bar1400.csv,clock,deck period,1088,2020-01-03,2024-04-30,0.19573272789754143,0.194424262732382,0.001308465165159442,0.6729947933301397,-0.004033459103889741,0.008105932764527318,0.46790786965069797,False,False,False
baseline,rf,2000,bar1400,qlike,14:00,tuned vs untuned,baseline/bar1400/rf/tw2000/causal_tune_trees/rf/baseline/results_bar1400.csv,as scored,common,1487,2018-06-01,2024-04-30,0.19183711285554458,0.1920913500745678,-0.00025423721902320055,-0.13235224747210553,-0.004470481135764796,0.004801073339053083,-0.11074057776177579,False,False,False
baseline,rf,2000,bar1400,qlike,14:00,tuned vs untuned,baseline/bar1400/rf/tw2000/causal_tune_trees/rf/baseline/results_bar1400.csv,as scored,deck period,1088,2020-01-03,2024-04-30,0.1891414108734925,0.18766328942651775,0.0014781214469747352,0.7876454960859646,-0.0038235361085353675,0.008538742279765862,0.5135621618876137,False,False,False
baseline,rf,2000,bar1430,mse,14:30,tuned vs untuned,baseline/bar1430/rf/tw2000/causal_tune_trees/rf/baseline/results_bar1430.csv,clock,common,1416,2018-09-10,2024-04-30,0.27637072680284624,0.2755335500987681,0.0008371767040781687,0.30383839056190187,-0.007826172609706,0.01006825375521209,0.19709514390063307,False,False,False
baseline,rf,2000,bar1430,mse,14:30,tuned vs untuned,baseline/bar1430/rf/tw2000/causal_tune_trees/rf/baseline/results_bar1430.csv,clock,deck period,1087,2020-01-03,2024-04-30,0.2829759374401509,0.2832539196595046,-0.00027798221935362215,-0.09813887825022176,-0.008905827232203383,0.009490529216473169,-0.06094865547043019,False,False,False
baseline,rf,2000,bar1430,mse,14:30,tuned vs untuned,baseline/bar1430/rf/tw2000/causal_tune_trees/rf/baseline/results_bar1430.csv,as scored,common,1479,2018-06-11,2024-04-30,0.2753774032260002,0.27548934261748603,-0.00011193939148581451,-0.04063292990656308,-0.008013788053187969,0.008800198284133316,-0.02716391830177335,False,False,False
baseline,rf,2000,bar1430,mse,14:30,tuned vs untuned,baseline/bar1430/rf/tw2000/causal_tune_trees/rf/baseline/results_bar1430.csv,as scored,deck period,1087,2020-01-03,2024-04-30,0.28130318881847377,0.28151618112594134,-0.0002129923074676268,-0.0756589928919009,-0.008317167085790535,0.009294907412430824,-0.047108372588010254,False,False,False
baseline,rf,2000,bar1430,qlike,14:30,tuned vs untuned,baseline/bar1430/rf/tw2000/causal_tune_trees/rf/baseline/results_bar1430.csv,clock,common,1416,2018-09-10,2024-04-30,0.2746419380328345,0.2755335500987681,-0.0008916120659336526,-0.32359473668961336,-0.007856637932970437,0.006825809396432004,-0.25161067381517266,False,False,False
baseline,rf,2000,bar1430,qlike,14:30,tuned vs untuned,baseline/bar1430/rf/tw2000/causal_tune_trees/rf/baseline/results_bar1430.csv,clock,deck period,1087,2020-01-03,2024-04-30,0.2852588179019795,0.2832539196595046,0.0020048982424749283,0.707809531774525,-0.006105288685497414,0.011449291871870996,0.44812742852444865,False,False,False
baseline,rf,2000,bar1430,qlike,14:30,tuned vs untuned,baseline/bar1430/rf/tw2000/causal_tune_trees/rf/baseline/results_bar1430.csv,as scored,common,1479,2018-06-11,2024-04-30,0.27484666135068353,0.27548934261748603,-0.0006426812668024631,-0.2332871612005765,-0.006956965030632053,0.006225230576750235,-0.19033412948866163,False,False,False
baseline,rf,2000,bar1430,qlike,14:30,tuned vs untuned,baseline/bar1430/rf/tw2000/causal_tune_trees/rf/baseline/results_bar1430.csv,as scored,deck period,1087,2020-01-03,2024-04-30,0.2836228458835202,0.28151618112594134,0.0021066647575788376,0.748328124214069,-0.005764257027384876,0.01146843703982262,0.4745137895657086,False,False,False
baseline,rf,2000,bar1500,mse,15:00,tuned vs untuned,baseline/bar1500/rf/tw2000/causal_tune_trees/rf/baseline/results_bar1500.csv,clock,common,1414,2018-09-12,2024-04-30,0.2317521634031584,0.23102328137595346,0.0007288820272049437,0.31550154723099305,-0.004573346439088473,0.006436101116035517,0.26601301145759315,False,False,False
baseline,rf,2000,bar1500,mse,15:00,tuned vs untuned,baseline/bar1500/rf/tw2000/causal_tune_trees/rf/baseline/results_bar1500.csv,clock,deck period,1087,2020-01-03,2024-04-30,0.21424971172028337,0.21319527260437743,0.0010544391159059661,0.4945884132537355,-0.004401936616649311,0.007025903575176683,0.3570814716236011,False,False,False
baseline,rf,2000,bar1500,mse,15:00,tuned vs untuned,baseline/bar1500/rf/tw2000/causal_tune_trees/rf/baseline/results_bar1500.csv,as scored,common,1477,2018-06-13,2024-04-30,0.22697408134921124,0.2264356790543294,0.0005384022948818767,0.2377727296026949,-0.004536521365653053,0.006109457806975109,0.20561518047692598,False,False,False
baseline,rf,2000,bar1500,mse,15:00,tuned vs untuned,baseline/bar1500/rf/tw2000/causal_tune_trees/rf/baseline/results_bar1500.csv,as scored,deck period,1087,2020-01-03,2024-04-30,0.21399711548314124,0.2131592368687283,0.0008378786144129148,0.3930763811698729,-0.004416593346987606,0.006757096317898045,0.2842669980719022,False,False,False
baseline,rf,2000,bar1500,qlike,15:00,tuned vs untuned,baseline/bar1500/rf/tw2000/causal_tune_trees/rf/baseline/results_bar1500.csv,clock,common,1414,2018-09-12,2024-04-30,0.22873279645087807,0.23102328137595346,-0.0022904849250753793,-0.9914519919522661,-0.006535091717625277,0.002467423907265169,-1.0452769455288866,False,False,False
baseline,rf,2000,bar1500,qlike,15:00,tuned vs untuned,baseline/bar1500/rf/tw2000/causal_tune_trees/rf/baseline/results_bar1500.csv,clock,deck period,1087,2020-01-03,2024-04-30,0.20950944887844603,0.21319527260437743,-0.003685823725931423,-1.7288487126875176,-0.007623726722879063,0.0007888298064867228,-1.8388638047540085,False,False,False
baseline,rf,2000,bar1500,qlike,15:00,tuned vs untuned,baseline/bar1500/rf/tw2000/causal_tune_trees/rf/baseline/results_bar1500.csv,as scored,common,1477,2018-06-13,2024-04-30,0.22423912899306328,0.2264356790543294,-0.0021965500612661087,-0.9700547503995975,-0.005968213751905429,0.0021304968029362253,-1.0381661375246218,False,False,False
baseline,rf,2000,bar1500,qlike,15:00,tuned vs untuned,baseline/bar1500/rf/tw2000/causal_tune_trees/rf/baseline/results_bar1500.csv,as scored,deck period,1087,2020-01-03,2024-04-30,0.209922821701024,0.2131592368687283,-0.003236415167704335,-1.5183086669133858,-0.007136721807838325,0.0011275479664874907,-1.6117548485294537,False,False,False
baseline,rf,2000,bar1530,mse,15:30,tuned vs untuned,baseline/bar1530/rf/tw2000/causal_tune_trees/rf/baseline/results_bar1530.csv,clock,common,1412,2018-09-14,2024-04-30,0.14586224069814885,0.14590253743683285,-4.0296738684015846e-05,-0.027618943023154714,-0.004626857973223035,0.005083106911288038,-0.016788952529567906,False,False,False
baseline,rf,2000,bar1530,mse,15:30,tuned vs untuned,baseline/bar1530/rf/tw2000/causal_tune_trees/rf/baseline/results_bar1530.csv,clock,deck period,1087,2020-01-03,2024-04-30,0.13615728161221677,0.13751996360051488,-0.001362681988298102,-0.9908975777921163,-0.004619658778676356,0.0017565866631666402,-0.8804396711119604,False,False,False
baseline,rf,2000,bar1530,mse,15:30,tuned vs untuned,baseline/bar1530/rf/tw2000/causal_tune_trees/rf/baseline/results_bar1530.csv,as scored,common,1475,2018-06-15,2024-04-30,0.14426894543474247,0.1459187170415568,-0.0016497716068143051,-1.1306100000484927,-0.006217725219128946,0.002917297845850442,-0.7508494724925013,False,False,False
baseline,rf,2000,bar1530,mse,15:30,tuned vs untuned,baseline/bar1530/rf/tw2000/causal_tune_trees/rf/baseline/results_bar1530.csv,as scored,deck period,1087,2020-01-03,2024-04-30,0.13818635732026943,0.13904952950017468,-0.0008631721799052727,-0.6207659838965427,-0.0042654158554931995,0.0023446195185478666,-0.5461616590697446,False,False,False
baseline,rf,2000,bar1530,qlike,15:30,tuned vs untuned,baseline/bar1530/rf/tw2000/causal_tune_trees/rf/baseline/results_bar1530.csv,clock,common,1412,2018-09-14,2024-04-30,0.1467135729678409,0.14590253743683285,0.0008110355310080376,0.5558748636288576,-0.004715563270773478,0.007833346910126422,0.26130163354064884,False,False,False
baseline,rf,2000,bar1530,qlike,15:30,tuned vs untuned,baseline/bar1530/rf/tw2000/causal_tune_trees/rf/baseline/results_bar1530.csv,clock,deck period,1087,2020-01-03,2024-04-30,0.13574903177870098,0.13751996360051488,-0.0017709318218138643,-1.2877634457192613,-0.004905445897538905,0.0012322152156847752,-1.1843236025739619,False,False,False
baseline,rf,2000,bar1530,qlike,15:30,tuned vs untuned,baseline/bar1530/rf/tw2000/causal_tune_trees/rf/baseline/results_bar1530.csv,as scored,common,1475,2018-06-15,2024-04-30,0.14463859257799347,0.1459187170415568,-0.0012801244635633252,-0.8772859914871327,-0.006386626971668518,0.005097519013732196,-0.45320149368048607,False,False,False
baseline,rf,2000,bar1530,qlike,15:30,tuned vs untuned,baseline/bar1530/rf/tw2000/causal_tune_trees/rf/baseline/results_bar1530.csv,as scored,deck period,1087,2020-01-03,2024-04-30,0.13798831142759674,0.13904952950017468,-0.0010612180725779697,-0.7631942922731261,-0.00439017906279701,0.0020994459738983514,-0.6885998473604655,False,False,False
baseline,rf,2000,bar1600,mse,16:00,tuned vs untuned,baseline/bar1600/rf/tw2000/causal_tune_trees/rf/baseline/results_bar1600.csv,clock,common,1406,2018-09-24,2024-04-30,0.13093713413062766,0.12455425438368561,0.006382879746942028,5.124577862494974,0.000797950947585595,0.013987403072070258,2.0294546586413924,False,True,False
baseline,rf,2000,bar1600,mse,16:00,tuned vs untuned,baseline/bar1600/rf/tw2000/causal_tune_trees/rf/baseline/results_bar1600.csv,clock,deck period,1087,2020-01-03,2024-04-30,0.12056699274497473,0.1128136993759325,0.007753293369042226,6.872652356878833,0.0010843536603743625,0.015929689453460957,2.0039159178338877,False,True,False
baseline,rf,2000,bar1600,mse,16:00,tuned vs untuned,baseline/bar1600/rf/tw2000/causal_tune_trees/rf/baseline/results_bar1600.csv,as scored,common,1469,2018-06-25,2024-04-30,0.12970657826270635,0.1247905479765542,0.004916030286152162,3.9394251935457416,-0.00014599690997919843,0.01246420978896767,1.6523641127926456,False,False,False
baseline,rf,2000,bar1600,mse,16:00,tuned vs untuned,baseline/bar1600/rf/tw2000/causal_tune_trees/rf/baseline/results_bar1600.csv,as scored,deck period,1087,2020-01-03,2024-04-30,0.11800835796575176,0.1121606420726994,0.005847715893052367,5.213696877075686,-0.0005994191426714469,0.013944420558920903,1.519491898351544,False,False,False
baseline,rf,2000,bar1600,qlike,16:00,tuned vs untuned,baseline/bar1600/rf/tw2000/causal_tune_trees/rf/baseline/results_bar1600.csv,clock,common,1406,2018-09-24,2024-04-30,0.12391238955767521,0.12455425438368561,-0.0006418648260104022,-0.5153295077606559,-0.0033364836433138014,0.002199251011055301,-0.511714886322029,False,False,False
baseline,rf,2000,bar1600,qlike,16:00,tuned vs untuned,baseline/bar1600/rf/tw2000/causal_tune_trees/rf/baseline/results_bar1600.csv,clock,deck period,1087,2020-01-03,2024-04-30,0.11387844623818985,0.1128136993759325,0.001064746862257345,0.9438098991056546,-0.0020006939286662468,0.004324235861100556,0.7203628600632306,False,False,False
baseline,rf,2000,bar1600,qlike,16:00,tuned vs untuned,baseline/bar1600/rf/tw2000/causal_tune_trees/rf/baseline/results_bar1600.csv,as scored,common,1469,2018-06-25,2024-04-30,0.12403846490880491,0.1247905479765542,-0.000752083067749276,-0.602676308377601,-0.003159096576072518,0.001781932617031185,-0.6274403832996502,False,False,False
baseline,rf,2000,bar1600,qlike,16:00,tuned vs untuned,baseline/bar1600/rf/tw2000/causal_tune_trees/rf/baseline/results_bar1600.csv,as scored,deck period,1087,2020-01-03,2024-04-30,0.1129713368607297,0.1121606420726994,0.0008106947880303038,0.7227979200625777,-0.0022207125302310935,0.004108225254127556,0.5439884720079624,False,False,False
baseline,xgb,2000,bar1000,mse,10:00,tuned vs untuned,baseline/bar1000/xgb/tw2000/causal_tune_trees/xgb/baseline/results_bar1000.csv,clock,common,1556,2018-04-19,2024-04-30,0.13886271750718543,0.13263878599074955,0.006223931516435894,4.69239179923583,0.0026687956068278604,0.010128546466159901,3.8370773275012735,False,True,False
baseline,xgb,2000,bar1000,mse,10:00,tuned vs untuned,baseline/bar1000/xgb/tw2000/causal_tune_trees/xgb/baseline/results_bar1000.csv,clock,deck period,1116,2020-01-03,2024-04-30,0.12985962139324636,0.1264313091906089,0.003428312202637462,2.711600650649682,-4.5924601301461035e-06,0.007486779949536467,2.0593922851138404,False,False,False
baseline,xgb,2000,bar1000,mse,10:00,tuned vs untuned,baseline/bar1000/xgb/tw2000/causal_tune_trees/xgb/baseline/results_bar1000.csv,as scored,common,1619,2018-01-19,2024-04-30,0.1464580870205295,0.13149472152883476,0.01496336549169474,11.379441940879357,0.001974251242233544,0.038598189975997316,1.3949197344181115,False,True,False
baseline,xgb,2000,bar1000,mse,10:00,tuned vs untuned,baseline/bar1000/xgb/tw2000/causal_tune_trees/xgb/baseline/results_bar1000.csv,as scored,deck period,1116,2020-01-03,2024-04-30,0.13145640282177457,0.12649120200455627,0.004965200817218271,3.9253329389971503,0.0012424368322710559,0.009387942786075895,2.859009816877923,False,True,False
baseline,xgb,2000,bar1000,qlike,10:00,tuned vs untuned,baseline/bar1000/xgb/tw2000/causal_tune_trees/xgb/baseline/results_bar1000.csv,clock,common,1556,2018-04-19,2024-04-30,0.13388130528668923,0.13263878599074955,0.0012425192959396758,0.9367692011493012,-0.0022237287910944615,0.0047464004297562735,0.7880213590414364,False,False,False
baseline,xgb,2000,bar1000,qlike,10:00,tuned vs untuned,baseline/bar1000/xgb/tw2000/causal_tune_trees/xgb/baseline/results_bar1000.csv,clock,deck period,1116,2020-01-03,2024-04-30,0.1295226744806641,0.1264313091906089,0.003091365290055204,2.445094739464127,-0.0007807456692378782,0.007684509825036512,1.7152453120521156,False,False,False
baseline,xgb,2000,bar1000,qlike,10:00,tuned vs untuned,baseline/bar1000/xgb/tw2000/causal_tune_trees/xgb/baseline/results_bar1000.csv,as scored,common,1619,2018-01-19,2024-04-30,0.13346721119220975,0.13149472152883476,0.0019724896633749934,1.50005235224781,-0.0014341092833403883,0.005722868599562897,1.1512739582942957,False,False,False
baseline,xgb,2000,bar1000,qlike,10:00,tuned vs untuned,baseline/bar1000/xgb/tw2000/causal_tune_trees/xgb/baseline/results_bar1000.csv,as scored,deck period,1116,2020-01-03,2024-04-30,0.12981334549627657,0.12649120200455627,0.0033221434917202674,2.6263830520011995,-0.0005666077591827709,0.00799899296835441,1.8042919912284117,False,False,False
baseline,xgb,2000,bar1030,mse,10:30,tuned vs untuned,baseline/bar1030/xgb/tw2000/causal_tune_trees/xgb/baseline/results_bar1030.csv,clock,common,1556,2018-04-19,2024-04-30,0.16904530076028268,0.16674941369618076,0.002295887064101956,1.3768486576421113,-0.00041541777672155145,0.005347911889039798,1.6032380938325077,False,False,False
baseline,xgb,2000,bar1030,mse,10:30,tuned vs untuned,baseline/bar1030/xgb/tw2000/causal_tune_trees/xgb/baseline/results_bar1030.csv,clock,deck period,1116,2020-01-03,2024-04-30,0.16473866001830995,0.1620251840786874,0.002713475939622577,1.674724799760005,-0.0007041948605374775,0.006437523133736804,1.5080004790999286,False,False,False
baseline,xgb,2000,bar1030,mse,10:30,tuned vs untuned,baseline/bar1030/xgb/tw2000/causal_tune_trees/xgb/baseline/results_bar1030.csv,as scored,common,1619,2018-01-19,2024-04-30,0.16633683531434212,0.16339049722354043,0.0029463380908016728,1.803249357134082,-0.00021480603786243937,0.006875066598111071,1.6380673292774257,False,False,False
baseline,xgb,2000,bar1030,mse,10:30,tuned vs untuned,baseline/bar1030/xgb/tw2000/causal_tune_trees/xgb/baseline/results_bar1030.csv,as scored,deck period,1116,2020-01-03,2024-04-30,0.1624825881773872,0.15958821946552657,0.00289436871186065,1.8136481010654277,-0.00041494192309423245,0.006515917058613322,1.628594942432908,False,False,False
baseline,xgb,2000,bar1030,qlike,10:30,tuned vs untuned,baseline/bar1030/xgb/tw2000/causal_tune_trees/xgb/baseline/results_bar1030.csv,clock,common,1556,2018-04-19,2024-04-30,0.16842650228367567,0.16674941369618076,0.0016770885874949203,1.0057538136539381,-0.0008256700246746144,0.004697322410758283,1.2487177101621032,False,False,False
baseline,xgb,2000,bar1030,qlike,10:30,tuned vs untuned,baseline/bar1030/xgb/tw2000/causal_tune_trees/xgb/baseline/results_bar1030.csv,clock,deck period,1116,2020-01-03,2024-04-30,0.16387589081615894,0.1620251840786874,0.0018507067374715488,1.1422339977547902,-0.001331828186140746,0.005475154362252999,1.1139079582543805,False,False,False
baseline,xgb,2000,bar1030,qlike,10:30,tuned vs untuned,baseline/bar1030/xgb/tw2000/causal_tune_trees/xgb/baseline/results_bar1030.csv,as scored,common,1619,2018-01-19,2024-04-30,0.16572029188213494,0.16339049722354043,0.0023297946585944932,1.4259058502080553,-0.0006260656523435834,0.006143570233518293,1.3419622905648942,False,False,False
baseline,xgb,2000,bar1030,qlike,10:30,tuned vs untuned,baseline/bar1030/xgb/tw2000/causal_tune_trees/xgb/baseline/results_bar1030.csv,as scored,deck period,1116,2020-01-03,2024-04-30,0.16159178251791403,0.15958821946552657,0.002003563052387468,1.2554579900055012,-0.0011812764515258414,0.005549938786340384,1.2215856301716888,False,False,False
baseline,xgb,2000,bar1100,mse,11:00,tuned vs untuned,baseline/bar1100/xgb/tw2000/causal_tune_trees/xgb/baseline/results_bar1100.csv,clock,common,1556,2018-04-19,2024-04-30,0.15334228765526878,0.15095567584935643,0.002386611805912373,1.5810017029727657,-0.001722576136648638,0.007558734212207019,1.066074099395517,False,False,False
baseline,xgb,2000,bar1100,mse,11:00,tuned vs untuned,baseline/bar1100/xgb/tw2000/causal_tune_trees/xgb/baseline/results_bar1100.csv,clock,deck period,1116,2020-01-03,2024-04-30,0.1548875922441839,0.15731769431140147,-0.002430102067217553,-1.5447099436934943,-0.005151886862215671,0.0001147530227864572,-1.9270147863309146,False,False,False
baseline,xgb,2000,bar1100,mse,11:00,tuned vs untuned,baseline/bar1100/xgb/tw2000/causal_tune_trees/xgb/baseline/results_bar1100.csv,as scored,common,1619,2018-01-19,2024-04-30,0.15730581761799248,0.14881319027063322,0.00849262734735922,5.706904967170209,-0.0005577912708585888,0.025012440754053927,1.3229959064861283,False,False,False
baseline,xgb,2000,bar1100,mse,11:00,tuned vs untuned,baseline/bar1100/xgb/tw2000/causal_tune_trees/xgb/baseline/results_bar1100.csv,as scored,deck period,1116,2020-01-03,2024-04-30,0.1549077695338546,0.15529811411299585,-0.00039034457914126927,-0.25135178322722723,-0.002817237591114183,0.001855041184237513,-0.32367045271901973,False,False,False
baseline,xgb,2000,bar1100,qlike,11:00,tuned vs untuned,baseline/bar1100/xgb/tw2000/causal_tune_trees/xgb/baseline/results_bar1100.csv,clock,common,1556,2018-04-19,2024-04-30,0.14898901369957854,0.15095567584935643,-0.0019666621497778573,-1.30280768756284,-0.004212011264854825,0.0001792577310387935,-1.8241118496819124,False,False,False
baseline,xgb,2000,bar1100,qlike,11:00,tuned vs untuned,baseline/bar1100/xgb/tw2000/causal_tune_trees/xgb/baseline/results_bar1100.csv,clock,deck period,1116,2020-01-03,2024-04-30,0.15446992193287232,0.15731769431140147,-0.002847772378529133,-1.810204752233483,-0.0055836777608827375,-0.00030729921186918444,-2.2046190858441665,True,False,False
baseline,xgb,2000,bar1100,qlike,11:00,tuned vs untuned,baseline/bar1100/xgb/tw2000/causal_tune_trees/xgb/baseline/results_bar1100.csv,as scored,common,1619,2018-01-19,2024-04-30,0.14768627939102164,0.14881319027063322,-0.0011269108796115976,-0.7572654531242733,-0.003444111866128072,0.001287336801921473,-1.0002320921208687,False,False,False
baseline,xgb,2000,bar1100,qlike,11:00,tuned vs untuned,baseline/bar1100/xgb/tw2000/causal_tune_trees/xgb/baseline/results_bar1100.csv,as scored,deck period,1116,2020-01-03,2024-04-30,0.15304505128467766,0.15529811411299585,-0.0022530628283181963,-1.45079857613651,-0.004824833744878223,0.00012231457772731601,-1.799050346994511,False,False,False
baseline,xgb,2000,bar1130,mse,11:30,tuned vs untuned,baseline/bar1130/xgb/tw2000/causal_tune_trees/xgb/baseline/results_bar1130.csv,clock,common,1558,2018-04-17,2024-04-30,0.1483029949704454,0.14643251922821396,0.0018704757422314685,1.2773636293973378,-0.0007618320608494047,0.005302125295508454,1.1823104488478131,False,False,False
baseline,xgb,2000,bar1130,mse,11:30,tuned vs untuned,baseline/bar1130/xgb/tw2000/causal_tune_trees/xgb/baseline/results_bar1130.csv,clock,deck period,1116,2020-01-03,2024-04-30,0.15264326321464824,0.14948434167798252,0.003158921536665711,2.1132123279310577,-9.749151704325133e-05,0.007656045549674413,1.5480975827921046,False,False,False
baseline,xgb,2000,bar1130,mse,11:30,tuned vs untuned,baseline/bar1130/xgb/tw2000/causal_tune_trees/xgb/baseline/results_bar1130.csv,as scored,common,1621,2018-01-17,2024-04-30,0.1453334066292079,0.14376292239008637,0.0015704842391215039,1.0924125727356537,-0.0012745060514822734,0.004888163660370712,0.986952884691271,False,False,False
baseline,xgb,2000,bar1130,mse,11:30,tuned vs untuned,baseline/bar1130/xgb/tw2000/causal_tune_trees/xgb/baseline/results_bar1130.csv,as scored,deck period,1116,2020-01-03,2024-04-30,0.1513811717052605,0.14915902036411624,0.002222151341144245,1.4897867629592159,-0.0010960224326938236,0.006577764522201439,1.0964655295821586,False,False,False
baseline,xgb,2000,bar1130,qlike,11:30,tuned vs untuned,baseline/bar1130/xgb/tw2000/causal_tune_trees/xgb/baseline/results_bar1130.csv,clock,common,1558,2018-04-17,2024-04-30,0.147913661639493,0.14643251922821396,0.0014811424112790472,1.0114846204146075,-0.0008472206745843223,0.004337811928982404,1.078999603681213,False,False,False
baseline,xgb,2000,bar1130,qlike,11:30,tuned vs untuned,baseline/bar1130/xgb/tw2000/causal_tune_trees/xgb/baseline/results_bar1130.csv,clock,deck period,1116,2020-01-03,2024-04-30,0.15065487422522775,0.14948434167798252,0.0011705325472451944,0.7830469292675097,-0.0012785797811530114,0.0036920295594433604,0.9045693006601866,False,False,False
baseline,xgb,2000,bar1130,qlike,11:30,tuned vs untuned,baseline/bar1130/xgb/tw2000/causal_tune_trees/xgb/baseline/results_bar1130.csv,as scored,common,1621,2018-01-17,2024-04-30,0.14629889996890982,0.14376292239008637,0.0025359775788234094,1.76399974114486,-0.0010894062418753572,0.0071669794466394324,1.1225460487322854,False,False,False
baseline,xgb,2000,bar1130,qlike,11:30,tuned vs untuned,baseline/bar1130/xgb/tw2000/causal_tune_trees/xgb/baseline/results_bar1130.csv,as scored,deck period,1116,2020-01-03,2024-04-30,0.1502036345097798,0.14915902036411624,0.0010446141456635562,0.7003358852274033,-0.001336611029539134,0.0034920022025639263,0.8308338765289399,False,False,False
baseline,xgb,2000,bar1200,mse,12:00,tuned vs untuned,baseline/bar1200/xgb/tw2000/causal_tune_trees/xgb/baseline/results_bar1200.csv,clock,common,1497,2018-07-11,2024-04-30,0.1642794543644423,0.16291542370745238,0.001364030656989936,0.8372630570812799,-0.0006761490294801074,0.0033975027587914634,1.3909071937576136,False,False,False
baseline,xgb,2000,bar1200,mse,12:00,tuned vs untuned,baseline/bar1200/xgb/tw2000/causal_tune_trees/xgb/baseline/results_bar1200.csv,clock,deck period,1116,2020-01-03,2024-04-30,0.14812618533431648,0.14591201734564269,0.002214167988673811,1.5174678747870332,0.00013523750782666185,0.004398536120849074,2.1913112331807505,False,True,False
baseline,xgb,2000,bar1200,mse,12:00,tuned vs untuned,baseline/bar1200/xgb/tw2000/causal_tune_trees/xgb/baseline/results_bar1200.csv,as scored,common,1560,2018-04-13,2024-04-30,0.16067047988863983,0.15993424243897716,0.000736237449662688,0.4603375977746599,-0.0011739971459317985,0.002701961988995413,0.7685188108387031,False,False,False
baseline,xgb,2000,bar1200,mse,12:00,tuned vs untuned,baseline/bar1200/xgb/tw2000/causal_tune_trees/xgb/baseline/results_bar1200.csv,as scored,deck period,1116,2020-01-03,2024-04-30,0.14616001522632774,0.14442032139721,0.0017396938291177257,1.204604596006206,-0.00016868874067938537,0.0037352003345355387,1.806582355510826,False,False,False
baseline,xgb,2000,bar1200,qlike,12:00,tuned vs untuned,baseline/bar1200/xgb/tw2000/causal_tune_trees/xgb/baseline/results_bar1200.csv,clock,common,1497,2018-07-11,2024-04-30,0.16305086647941006,0.16291542370745238,0.00013544277195768383,0.08313686259742892,-0.0017137081005520988,0.0021656974929778177,0.14438827997167727,False,False,False
baseline,xgb,2000,bar1200,qlike,12:00,tuned vs untuned,baseline/bar1200/xgb/tw2000/causal_tune_trees/xgb/baseline/results_bar1200.csv,clock,deck period,1116,2020-01-03,2024-04-30,0.14647816018745868,0.14591201734564269,0.0005661428418160315,0.3880028883946741,-0.0014349229265014397,0.0027977683887117186,0.5966014265634935,False,False,False
baseline,xgb,2000,bar1200,qlike,12:00,tuned vs untuned,baseline/bar1200/xgb/tw2000/causal_tune_trees/xgb/baseline/results_bar1200.csv,as scored,common,1560,2018-04-13,2024-04-30,0.1595337391449717,0.15993424243897716,-0.0004005032940054289,-0.2504174765189767,-0.0022469402385600357,0.0014893884112058419,-0.4386492661152202,False,False,False
baseline,xgb,2000,bar1200,qlike,12:00,tuned vs untuned,baseline/bar1200/xgb/tw2000/causal_tune_trees/xgb/baseline/results_bar1200.csv,as scored,deck period,1116,2020-01-03,2024-04-30,0.14458341130020658,0.14442032139721,0.00016308990299658408,0.11292725387864616,-0.0015895412924109662,0.002114935850206103,0.18454597035322037,False,False,False
baseline,xgb,2000,bar1230,mse,12:30,tuned vs untuned,baseline/bar1230/xgb/tw2000/causal_tune_trees/xgb/baseline/results_bar1230.csv,clock,common,1497,2018-07-11,2024-04-30,0.17057052125031893,0.16957299356105368,0.0009975276892652569,0.588258583113415,-0.0010885537271408455,0.0032517983587463163,0.9130523791223606,False,False,False
baseline,xgb,2000,bar1230,mse,12:30,tuned vs untuned,baseline/bar1230/xgb/tw2000/causal_tune_trees/xgb/baseline/results_bar1230.csv,clock,deck period,1116,2020-01-03,2024-04-30,0.1633491640656253,0.16167332382310365,0.0016758402425216625,1.0365595281230802,-0.001006865389779725,0.0046008961918948795,1.2240328573920933,False,False,False
baseline,xgb,2000,bar1230,mse,12:30,tuned vs untuned,baseline/bar1230/xgb/tw2000/causal_tune_trees/xgb/baseline/results_bar1230.csv,as scored,common,1560,2018-04-13,2024-04-30,0.16725484982484395,0.16601593290593283,0.001238916918911129,0.7462638658984124,-0.0008679935205309025,0.0033119522625479165,1.1768912870003203,False,False,False
baseline,xgb,2000,bar1230,mse,12:30,tuned vs untuned,baseline/bar1230/xgb/tw2000/causal_tune_trees/xgb/baseline/results_bar1230.csv,as scored,deck period,1116,2020-01-03,2024-04-30,0.16150822913523152,0.1594750644850956,0.002033164650135919,1.2749106932174572,-0.0006418311633142734,0.004920097178919993,1.480384792303827,False,False,False
baseline,xgb,2000,bar1230,qlike,12:30,tuned vs untuned,baseline/bar1230/xgb/tw2000/causal_tune_trees/xgb/baseline/results_bar1230.csv,clock,common,1497,2018-07-11,2024-04-30,0.16991172077822392,0.16957299356105368,0.0003387272171702325,0.1997530444305543,-0.0018185685010514085,0.0028312999263329485,0.29128114510662656,False,False,False
baseline,xgb,2000,bar1230,qlike,12:30,tuned vs untuned,baseline/bar1230/xgb/tw2000/causal_tune_trees/xgb/baseline/results_bar1230.csv,clock,deck period,1116,2020-01-03,2024-04-30,0.16246545052913225,0.16167332382310365,0.0007921267060286064,0.4899551065674379,-0.0020031953998485815,0.0039269714855914425,0.537540433767651,False,False,False
baseline,xgb,2000,bar1230,qlike,12:30,tuned vs untuned,baseline/bar1230/xgb/tw2000/causal_tune_trees/xgb/baseline/results_bar1230.csv,as scored,common,1560,2018-04-13,2024-04-30,0.166573010796249,0.16601593290593283,0.0005570778903161768,0.3355568833455435,-0.001607010825597677,0.0027962532117880396,0.4969073949574364,False,False,False
baseline,xgb,2000,bar1230,qlike,12:30,tuned vs untuned,baseline/bar1230/xgb/tw2000/causal_tune_trees/xgb/baseline/results_bar1230.csv,as scored,deck period,1116,2020-01-03,2024-04-30,0.16053482512295458,0.1594750644850956,0.0010597606378589981,0.664530621938104,-0.0016728005197238468,0.004070231917920654,0.7158026353716253,False,False,False
baseline,xgb,2000,bar1300,mse,13:00,tuned vs untuned,baseline/bar1300/xgb/tw2000/causal_tune_trees/xgb/baseline/results_bar1300.csv,clock,common,1497,2018-07-11,2024-04-30,0.18969453078228915,0.1898800324604171,-0.0001855016781279727,-0.09769414704868606,-0.0022625478185264976,0.002160149114157847,-0.1746226359487838,False,False,False
baseline,xgb,2000,bar1300,mse,13:00,tuned vs untuned,baseline/bar1300/xgb/tw2000/causal_tune_trees/xgb/baseline/results_bar1300.csv,clock,deck period,1116,2020-01-03,2024-04-30,0.17868374163394432,0.17766445631357122,0.0010192853203730872,0.5737136968882994,-0.0013951382928336453,0.003827724404862049,0.8929556526015457,False,False,False
baseline,xgb,2000,bar1300,mse,13:00,tuned vs untuned,baseline/bar1300/xgb/tw2000/causal_tune_trees/xgb/baseline/results_bar1300.csv,as scored,common,1560,2018-04-13,2024-04-30,0.1867083278878397,0.18718096791217334,-0.00047264002433364163,-0.2525043168680524,-0.0026623855491801156,0.001954468751451921,-0.4588699597053178,False,False,False
baseline,xgb,2000,bar1300,mse,13:00,tuned vs untuned,baseline/bar1300/xgb/tw2000/causal_tune_trees/xgb/baseline/results_bar1300.csv,as scored,deck period,1116,2020-01-03,2024-04-30,0.17701432370262735,0.17592235238427287,0.0010919713183544849,0.6207120946002681,-0.0012396523906011594,0.0038677164713210956,0.9717493042029391,False,False,False
baseline,xgb,2000,bar1300,qlike,13:00,tuned vs untuned,baseline/bar1300/xgb/tw2000/causal_tune_trees/xgb/baseline/results_bar1300.csv,clock,common,1497,2018-07-11,2024-04-30,0.1886443212126951,0.1898800324604171,-0.0012357112477219929,-0.6507852519877743,-0.003837658350811977,0.001442116856099628,-0.9752914390247184,False,False,False
baseline,xgb,2000,bar1300,qlike,13:00,tuned vs untuned,baseline/bar1300/xgb/tw2000/causal_tune_trees/xgb/baseline/results_bar1300.csv,clock,deck period,1116,2020-01-03,2024-04-30,0.17713120577073874,0.17766445631357122,-0.0005332505428324939,-0.30014475258423456,-0.003643742940245611,0.0028419980339773913,-0.3709441451220122,False,False,False
baseline,xgb,2000,bar1300,qlike,13:00,tuned vs untuned,baseline/bar1300/xgb/tw2000/causal_tune_trees/xgb/baseline/results_bar1300.csv,as scored,common,1560,2018-04-13,2024-04-30,0.18568124345849898,0.18718096791217334,-0.001499724453674325,-0.8012163150999445,-0.0041244126401480995,0.0011814708076801142,-1.2129154801503268,False,False,False
baseline,xgb,2000,bar1300,qlike,13:00,tuned vs untuned,baseline/bar1300/xgb/tw2000/causal_tune_trees/xgb/baseline/results_bar1300.csv,as scored,deck period,1116,2020-01-03,2024-04-30,0.17543206298191832,0.17592235238427287,-0.0004902894023545113,-0.278696479276014,-0.003654796573653339,0.0028899794540282204,-0.33928651782002783,False,False,False
baseline,xgb,2000,bar1330,mse,13:30,tuned vs untuned,baseline/bar1330/xgb/tw2000/causal_tune_trees/xgb/baseline/results_bar1330.csv,clock,common,1436,2018-08-16,2024-04-30,0.18234417697958027,0.18578286243813397,-0.00343868545855374,-1.8509163942389082,-0.0058663745560483364,-0.001174732686987599,-3.0702161570582445,True,False,False
baseline,xgb,2000,bar1330,mse,13:30,tuned vs untuned,baseline/bar1330/xgb/tw2000/causal_tune_trees/xgb/baseline/results_bar1330.csv,clock,deck period,1088,2020-01-03,2024-04-30,0.17456212818118563,0.1778390266104181,-0.003276898429232458,-1.8426205381853413,-0.006103651058602166,-0.0007364510066881232,-2.5679077896854388,True,False,False
baseline,xgb,2000,bar1330,mse,13:30,tuned vs untuned,baseline/bar1330/xgb/tw2000/causal_tune_trees/xgb/baseline/results_bar1330.csv,as scored,common,1499,2018-05-17,2024-04-30,0.18087302945037625,0.18422999213931077,-0.00335696268893446,-1.822158623551369,-0.005732710029041495,-0.0011526420355994415,-3.1076123898098724,True,False,False
baseline,xgb,2000,bar1330,mse,13:30,tuned vs untuned,baseline/bar1330/xgb/tw2000/causal_tune_trees/xgb/baseline/results_bar1330.csv,as scored,deck period,1088,2020-01-03,2024-04-30,0.1730447497808914,0.1762569792331038,-0.0032122294522123895,-1.8224693661430247,-0.006040316108455397,-0.0007214409221176876,-2.542813627929771,True,False,False
baseline,xgb,2000,bar1330,qlike,13:30,tuned vs untuned,baseline/bar1330/xgb/tw2000/causal_tune_trees/xgb/baseline/results_bar1330.csv,clock,common,1436,2018-08-16,2024-04-30,0.18196983573732575,0.18578286243813397,-0.003813026700808271,-2.0524103519386863,-0.007020451778206166,-0.0006091268094143369,-2.5123257886030244,True,False,False
baseline,xgb,2000,bar1330,qlike,13:30,tuned vs untuned,baseline/bar1330/xgb/tw2000/causal_tune_trees/xgb/baseline/results_bar1330.csv,clock,deck period,1088,2020-01-03,2024-04-30,0.17393176667087437,0.1778390266104181,-0.003907259939543709,-2.197076768814712,-0.008410476614193408,5.4490647979002136e-05,-2.105429652878058,False,False,False
baseline,xgb,2000,bar1330,qlike,13:30,tuned vs untuned,baseline/bar1330/xgb/tw2000/causal_tune_trees/xgb/baseline/results_bar1330.csv,as scored,common,1499,2018-05-17,2024-04-30,0.18042081455166528,0.18422999213931077,-0.0038091775876454514,-2.0676207730416842,-0.007194008854469416,-0.0007320329156649922,-2.628164002585107,True,False,False
baseline,xgb,2000,bar1330,qlike,13:30,tuned vs untuned,baseline/bar1330/xgb/tw2000/causal_tune_trees/xgb/baseline/results_bar1330.csv,as scored,deck period,1088,2020-01-03,2024-04-30,0.17253862713103538,0.1762569792331038,-0.003718352102068423,-2.1096197825737266,-0.008220796494797632,0.0002206784603374674,-2.0231789203742325,False,False,False
baseline,xgb,2000,bar1400,mse,14:00,tuned vs untuned,baseline/bar1400/xgb/tw2000/causal_tune_trees/xgb/baseline/results_bar1400.csv,clock,common,1424,2018-08-30,2024-04-30,0.19827813871695274,0.19882388201309245,-0.0005457432961396806,-0.27448578642265103,-0.0024306663416155793,0.001438091828322196,-0.5390829687141645,False,False,False
baseline,xgb,2000,bar1400,mse,14:00,tuned vs untuned,baseline/bar1400/xgb/tw2000/causal_tune_trees/xgb/baseline/results_bar1400.csv,clock,deck period,1088,2020-01-03,2024-04-30,0.19632201810684696,0.19661128756274504,-0.0002892694558980708,-0.14712759347845455,-0.0023443747515092435,0.0019328126872851352,-0.26453521617727704,False,False,False
baseline,xgb,2000,bar1400,mse,14:00,tuned vs untuned,baseline/bar1400/xgb/tw2000/causal_tune_trees/xgb/baseline/results_bar1400.csv,as scored,common,1487,2018-06-01,2024-04-30,0.19314182932539015,0.1937884447133312,-0.0006466153879410611,-0.3336707660240481,-0.002486958214297698,0.0011684832417622054,-0.6631296222142103,False,False,False
baseline,xgb,2000,bar1400,mse,14:00,tuned vs untuned,baseline/bar1400/xgb/tw2000/causal_tune_trees/xgb/baseline/results_bar1400.csv,as scored,deck period,1088,2020-01-03,2024-04-30,0.1903268554424319,0.19052884529749936,-0.00020198985506746155,-0.10601536725426877,-0.0022172362042672963,0.001943054062815589,-0.1860465523514214,False,False,False
baseline,xgb,2000,bar1400,qlike,14:00,tuned vs untuned,baseline/bar1400/xgb/tw2000/causal_tune_trees/xgb/baseline/results_bar1400.csv,clock,common,1424,2018-08-30,2024-04-30,0.19567388077757722,0.19882388201309245,-0.0031500012355152405,-1.5843173383506388,-0.0048719814183379884,-0.0013786471058594124,-3.4881411239710314,True,False,False
baseline,xgb,2000,bar1400,qlike,14:00,tuned vs untuned,baseline/bar1400/xgb/tw2000/causal_tune_trees/xgb/baseline/results_bar1400.csv,clock,deck period,1088,2020-01-03,2024-04-30,0.19420418923427613,0.19661128756274504,-0.0024070983284689017,-1.224293049655513,-0.004273188904145918,-0.00046374515759858083,-2.5514321029737292,True,False,False
baseline,xgb,2000,bar1400,qlike,14:00,tuned vs untuned,baseline/bar1400/xgb/tw2000/causal_tune_trees/xgb/baseline/results_bar1400.csv,as scored,common,1487,2018-06-01,2024-04-30,0.1906778767068519,0.1937884447133312,-0.003110568006479323,-1.605135956935279,-0.004758151194831697,-0.0014841263495408348,-3.680985872167947,True,False,False
baseline,xgb,2000,bar1400,qlike,14:00,tuned vs untuned,baseline/bar1400/xgb/tw2000/causal_tune_trees/xgb/baseline/results_bar1400.csv,as scored,deck period,1088,2020-01-03,2024-04-30,0.188200175956253,0.19052884529749936,-0.002328669341246379,-1.2222135381182317,-0.004154445610863534,-0.00045056144301881606,-2.56077598415338,True,False,False
baseline,xgb,2000,bar1430,mse,14:30,tuned vs untuned,baseline/bar1430/xgb/tw2000/causal_tune_trees/xgb/baseline/results_bar1430.csv,clock,common,1416,2018-09-10,2024-04-30,0.27308967545790647,0.27469831307395404,-0.0016086376160475743,-0.5856015634193205,-0.0062264092267372145,0.0028677606320825027,-0.6948053704787341,False,False,False
baseline,xgb,2000,bar1430,mse,14:30,tuned vs untuned,baseline/bar1430/xgb/tw2000/causal_tune_trees/xgb/baseline/results_bar1430.csv,clock,deck period,1087,2020-01-03,2024-04-30,0.2793570380020564,0.2821491313661765,-0.002792093364120046,-0.9895807052818584,-0.008720796488521794,0.0036208676523595234,-0.9839425487691983,False,False,False
baseline,xgb,2000,bar1430,mse,14:30,tuned vs untuned,baseline/bar1430/xgb/tw2000/causal_tune_trees/xgb/baseline/results_bar1430.csv,as scored,common,1479,2018-06-11,2024-04-30,0.27221581159922026,0.273866816833834,-0.0016510052346137274,-0.6028496820830465,-0.006199811213509023,0.003057787167888437,-0.7477826978818455,False,False,False
baseline,xgb,2000,bar1430,mse,14:30,tuned vs untuned,baseline/bar1430/xgb/tw2000/causal_tune_trees/xgb/baseline/results_bar1430.csv,as scored,deck period,1087,2020-01-03,2024-04-30,0.2778624385269787,0.28051839212222157,-0.0026559535952428675,-0.946801945907943,-0.008518714569433594,0.003797989853567978,-0.9383493172940599,False,False,False
baseline,xgb,2000,bar1430,qlike,14:30,tuned vs untuned,baseline/bar1430/xgb/tw2000/causal_tune_trees/xgb/baseline/results_bar1430.csv,clock,common,1416,2018-09-10,2024-04-30,0.27004844760132546,0.27469831307395404,-0.004649865472628597,-1.6927171559938792,-0.009632967332665603,-0.00013631425675591428,-1.9780489833594261,True,False,False
baseline,xgb,2000,bar1430,qlike,14:30,tuned vs untuned,baseline/bar1430/xgb/tw2000/causal_tune_trees/xgb/baseline/results_bar1430.csv,clock,deck period,1087,2020-01-03,2024-04-30,0.27590353598171,0.2821491313661765,-0.006245595384466469,-2.2135795188257594,-0.01212984410508385,-1.8820851680167163e-05,-2.176628092387707,True,False,False
baseline,xgb,2000,bar1430,qlike,14:30,tuned vs untuned,baseline/bar1430/xgb/tw2000/causal_tune_trees/xgb/baseline/results_bar1430.csv,as scored,common,1479,2018-06-11,2024-04-30,0.2693264248098165,0.273866816833834,-0.004540392024017498,-1.657883228245332,-0.00958169439813542,2.8007838698176716e-05,-1.9854250481041602,False,False,False
baseline,xgb,2000,bar1430,qlike,14:30,tuned vs untuned,baseline/bar1430/xgb/tw2000/causal_tune_trees/xgb/baseline/results_bar1430.csv,as scored,deck period,1087,2020-01-03,2024-04-30,0.27458802171850016,0.28051839212222157,-0.005930370403721376,-2.1140754297270887,-0.01199990340357026,0.0004040318945508872,-2.0227762243333527,False,False,False
baseline,xgb,2000,bar1500,mse,15:00,tuned vs untuned,baseline/bar1500/xgb/tw2000/causal_tune_trees/xgb/baseline/results_bar1500.csv,clock,common,1414,2018-09-12,2024-04-30,0.23329767457319509,0.23788304050381665,-0.004585365930621591,-1.9275716002747252,-0.008847051444380227,-7.723241384998984e-05,-2.0517260493511986,True,False,False
baseline,xgb,2000,bar1500,mse,15:00,tuned vs untuned,baseline/bar1500/xgb/tw2000/causal_tune_trees/xgb/baseline/results_bar1500.csv,clock,deck period,1087,2020-01-03,2024-04-30,0.21382624126303726,0.22033195586835916,-0.00650571460532193,-2.9526877205269635,-0.01125930640351894,-0.001578650297557581,-2.6270864347639513,True,False,False
baseline,xgb,2000,bar1500,mse,15:00,tuned vs untuned,baseline/bar1500/xgb/tw2000/causal_tune_trees/xgb/baseline/results_bar1500.csv,as scored,common,1477,2018-06-13,2024-04-30,0.22832205432198968,0.23243858989908858,-0.004116535577098904,-1.771020715142897,-0.008181407920805078,0.00031423273914203025,-1.8964308496092894,False,False,False
baseline,xgb,2000,bar1500,mse,15:00,tuned vs untuned,baseline/bar1500/xgb/tw2000/causal_tune_trees/xgb/baseline/results_bar1500.csv,as scored,deck period,1087,2020-01-03,2024-04-30,0.2138957644395206,0.2197869610326999,-0.0058911965931792935,-2.6804122344194936,-0.010323845738711696,-0.0012055170752785934,-2.36595654767572,True,False,False
baseline,xgb,2000,bar1500,qlike,15:00,tuned vs untuned,baseline/bar1500/xgb/tw2000/causal_tune_trees/xgb/baseline/results_bar1500.csv,clock,common,1414,2018-09-12,2024-04-30,0.23314961106359494,0.23788304050381665,-0.00473342944022171,-1.9898137463674153,-0.00901538526372094,-0.0003188816161276213,-2.1119015201678666,True,False,False
baseline,xgb,2000,bar1500,qlike,15:00,tuned vs untuned,baseline/bar1500/xgb/tw2000/causal_tune_trees/xgb/baseline/results_bar1500.csv,clock,deck period,1087,2020-01-03,2024-04-30,0.2136336361088748,0.22033195586835916,-0.006698319759484366,-3.040103616874524,-0.011343139198381869,-0.0017034783395170085,-2.694045388147884,True,False,False
baseline,xgb,2000,bar1500,qlike,15:00,tuned vs untuned,baseline/bar1500/xgb/tw2000/causal_tune_trees/xgb/baseline/results_bar1500.csv,as scored,common,1477,2018-06-13,2024-04-30,0.22819541476755975,0.23243858989908858,-0.004243175131528857,-1.8255037312741396,-0.00832229816075495,0.00013822509130453494,-1.9507713818053483,False,False,False
baseline,xgb,2000,bar1500,qlike,15:00,tuned vs untuned,baseline/bar1500/xgb/tw2000/causal_tune_trees/xgb/baseline/results_bar1500.csv,as scored,deck period,1087,2020-01-03,2024-04-30,0.21371761842795517,0.2197869610326999,-0.006069342604744746,-2.7614661835384076,-0.010379670807893798,-0.0012593730289598372,-2.429780030058888,True,False,False
baseline,xgb,2000,bar1530,mse,15:30,tuned vs untuned,baseline/bar1530/xgb/tw2000/causal_tune_trees/xgb/baseline/results_bar1530.csv,clock,common,1412,2018-09-14,2024-04-30,0.14686177837541267,0.1463937094626211,0.0004680689127915979,0.31973294105995076,-0.0024499078990479076,0.003648525701793679,0.32327747071221447,False,False,False
baseline,xgb,2000,bar1530,mse,15:30,tuned vs untuned,baseline/bar1530/xgb/tw2000/causal_tune_trees/xgb/baseline/results_bar1530.csv,clock,deck period,1087,2020-01-03,2024-04-30,0.13849490408108658,0.13927766464027677,-0.000782760559190175,-0.5620144200521106,-0.0036074763083227125,0.0018940533894695672,-0.5950073871678889,False,False,False
baseline,xgb,2000,bar1530,mse,15:30,tuned vs untuned,baseline/bar1530/xgb/tw2000/causal_tune_trees/xgb/baseline/results_bar1530.csv,as scored,common,1475,2018-06-15,2024-04-30,0.14495440527632908,0.14489839416832256,5.601110800649805e-05,0.03865543736905201,-0.002929994746256015,0.003173089714557706,0.040339593599402354,False,False,False
baseline,xgb,2000,bar1530,mse,15:30,tuned vs untuned,baseline/bar1530/xgb/tw2000/causal_tune_trees/xgb/baseline/results_bar1530.csv,as scored,deck period,1087,2020-01-03,2024-04-30,0.1404582412212993,0.1406737435171022,-0.00021550229580294148,-0.15319297717895883,-0.0030828285716562502,0.002629301613993511,-0.16608385669507128,False,False,False
baseline,xgb,2000,bar1530,qlike,15:30,tuned vs untuned,baseline/bar1530/xgb/tw2000/causal_tune_trees/xgb/baseline/results_bar1530.csv,clock,common,1412,2018-09-14,2024-04-30,0.14751758312882537,0.1463937094626211,0.00112387366620429,0.767706256183945,-0.0017260173459235119,0.004682223266281606,0.7324202379449082,False,False,False
baseline,xgb,2000,bar1530,qlike,15:30,tuned vs untuned,baseline/bar1530/xgb/tw2000/causal_tune_trees/xgb/baseline/results_bar1530.csv,clock,deck period,1087,2020-01-03,2024-04-30,0.13741290078404442,0.13927766464027677,-0.0018647638562323736,-1.3388821969758353,-0.0044709989387615254,0.0005862744339028166,-1.3609958272810845,False,False,False
baseline,xgb,2000,bar1530,qlike,15:30,tuned vs untuned,baseline/bar1530/xgb/tw2000/causal_tune_trees/xgb/baseline/results_bar1530.csv,as scored,common,1475,2018-06-15,2024-04-30,0.14560678350885298,0.14489839416832256,0.0007083893405303895,0.48888695047060526,-0.001926058663759163,0.003732684326286867,0.49121118690551957,False,False,False
baseline,xgb,2000,bar1530,qlike,15:30,tuned vs untuned,baseline/bar1530/xgb/tw2000/causal_tune_trees/xgb/baseline/results_bar1530.csv,as scored,deck period,1087,2020-01-03,2024-04-30,0.13931180322585565,0.1406737435171022,-0.0013619402912465892,-0.9681552912402684,-0.003772391759302749,0.0010093510506666284,-1.0129040731265053,False,False,False
baseline,xgb,2000,bar1600,mse,16:00,tuned vs untuned,baseline/bar1600/xgb/tw2000/causal_tune_trees/xgb/baseline/results_bar1600.csv,clock,common,1406,2018-09-24,2024-04-30,0.13055277048764244,0.1239091930524639,0.006643577435178557,5.3616501500139915,0.00010401720322372323,0.016034569355640373,1.69052079905707,False,True,False
baseline,xgb,2000,bar1600,mse,16:00,tuned vs untuned,baseline/bar1600/xgb/tw2000/causal_tune_trees/xgb/baseline/results_bar1600.csv,clock,deck period,1087,2020-01-03,2024-04-30,0.12110843216987786,0.11264433156282815,0.008464100607049729,7.514004912292296,0.001257204479355843,0.01845170945924089,1.7942099794695787,False,True,False
baseline,xgb,2000,bar1600,mse,16:00,tuned vs untuned,baseline/bar1600/xgb/tw2000/causal_tune_trees/xgb/baseline/results_bar1600.csv,as scored,common,1469,2018-06-25,2024-04-30,0.12891831484565025,0.12386034314125205,0.00505797170439819,4.083608664502091,-0.0009829858735950342,0.01422534073800379,1.3430446868051802,False,False,False
baseline,xgb,2000,bar1600,mse,16:00,tuned vs untuned,baseline/bar1600/xgb/tw2000/causal_tune_trees/xgb/baseline/results_bar1600.csv,as scored,deck period,1087,2020-01-03,2024-04-30,0.11890670517784795,0.11194062296132379,0.0069660822165241686,6.22301540963462,0.0002680691398161345,0.017029976307825892,1.48179638884309,False,True,False
baseline,xgb,2000,bar1600,qlike,16:00,tuned vs untuned,baseline/bar1600/xgb/tw2000/causal_tune_trees/xgb/baseline/results_bar1600.csv,clock,common,1406,2018-09-24,2024-04-30,0.1325556002136514,0.1239091930524639,0.008646407161187492,6.978019102688008,0.0018817065223718467,0.019115796183742643,2.026239712565229,False,True,False
baseline,xgb,2000,bar1600,qlike,16:00,tuned vs untuned,baseline/bar1600/xgb/tw2000/causal_tune_trees/xgb/baseline/results_bar1600.csv,clock,deck period,1087,2020-01-03,2024-04-30,0.12245729695020768,0.11264433156282815,0.009812965387379545,8.71145955702733,0.0017187927624946575,0.021261545253614775,1.8706200431353364,False,True,False
baseline,xgb,2000,bar1600,qlike,16:00,tuned vs untuned,baseline/bar1600/xgb/tw2000/causal_tune_trees/xgb/baseline/results_bar1600.csv,as scored,common,1469,2018-06-25,2024-04-30,0.13062464975232022,0.12386034314125205,0.00676430661106817,5.461236776450765,0.0005634677465491392,0.016822490343864013,1.6551524026975342,False,True,False
baseline,xgb,2000,bar1600,qlike,16:00,tuned vs untuned,baseline/bar1600/xgb/tw2000/causal_tune_trees/xgb/baseline/results_bar1600.csv,as scored,deck period,1087,2020-01-03,2024-04-30,0.11995860385144314,0.11194062296132379,0.008017980890119352,7.162708834387689,0.0005660028140533724,0.019346400227959436,1.5323839014463383,False,True,False
live_feasible,lgbm,2000,bar1000,mse,10:00,tuned vs untuned,live_feasible/bar1000/lgbm/tw2000/causal_tune_trees/lgbm/live_feasible/results_bar1000.csv,clock,common,1556,2018-04-19,2024-04-30,0.125041524643499,0.12318192138800425,0.0018596032554947545,1.5096397543900033,-0.0008732268684953042,0.0045564135206488795,1.2340908951131337,False,False,False
live_feasible,lgbm,2000,bar1000,mse,10:00,tuned vs untuned,live_feasible/bar1000/lgbm/tw2000/causal_tune_trees/lgbm/live_feasible/results_bar1000.csv,clock,deck period,1116,2020-01-03,2024-04-30,0.12227137264129773,0.11796543099229861,0.004305941648999095,3.6501724384664933,0.0011992575844416672,0.007720394059875055,2.330016833504064,False,True,False
live_feasible,lgbm,2000,bar1000,mse,10:00,tuned vs untuned,live_feasible/bar1000/lgbm/tw2000/causal_tune_trees/lgbm/live_feasible/results_bar1000.csv,as scored,common,1619,2018-01-19,2024-04-30,0.12345435149241632,0.1216910552906707,0.0017632962017456238,1.4489940920750688,-0.001953539026788332,0.005038555661416703,0.9284326425427707,False,False,False
live_feasible,lgbm,2000,bar1000,mse,10:00,tuned vs untuned,live_feasible/bar1000/lgbm/tw2000/causal_tune_trees/lgbm/live_feasible/results_bar1000.csv,as scored,deck period,1116,2020-01-03,2024-04-30,0.12086215244701687,0.11653522792861208,0.004326924518404789,3.712975548522894,0.0009987002350051982,0.00803813385399312,2.2546411632883,False,True,False
live_feasible,lgbm,2000,bar1000,qlike,10:00,tuned vs untuned,live_feasible/bar1000/lgbm/tw2000/causal_tune_trees/lgbm/live_feasible/results_bar1000.csv,clock,common,1556,2018-04-19,2024-04-30,0.12433193697169054,0.12318192138800425,0.0011500155836862628,0.9335912045598714,-0.0015031118230830849,0.0037423208639172723,0.5962929142125007,False,False,False
live_feasible,lgbm,2000,bar1000,qlike,10:00,tuned vs untuned,live_feasible/bar1000/lgbm/tw2000/causal_tune_trees/lgbm/live_feasible/results_bar1000.csv,clock,deck period,1116,2020-01-03,2024-04-30,0.11993745900042968,0.11796543099229861,0.0019720280081310607,1.671699913731341,-0.0012134488628898306,0.005315727008209604,0.7696112327443181,False,False,False
live_feasible,lgbm,2000,bar1000,qlike,10:00,tuned vs untuned,live_feasible/bar1000/lgbm/tw2000/causal_tune_trees/lgbm/live_feasible/results_bar1000.csv,as scored,common,1619,2018-01-19,2024-04-30,0.12325067233477892,0.1216910552906707,0.0015596170441082172,1.2816201161070737,-0.0010559123745333748,0.0042277445985174815,0.8241601825240804,False,False,False
live_feasible,lgbm,2000,bar1000,qlike,10:00,tuned vs untuned,live_feasible/bar1000/lgbm/tw2000/causal_tune_trees/lgbm/live_feasible/results_bar1000.csv,as scored,deck period,1116,2020-01-03,2024-04-30,0.1190913273750016,0.11653522792861208,0.002556099446389541,2.1934135212361476,-0.0006280057269456108,0.006115466555838648,0.989601488513488,False,False,False
live_feasible,lgbm,2000,bar1030,mse,10:30,tuned vs untuned,live_feasible/bar1030/lgbm/tw2000/causal_tune_trees/lgbm/live_feasible/results_bar1030.csv,clock,common,1556,2018-04-19,2024-04-30,0.16099166926592762,0.16001820081266546,0.000973468453262187,0.6083485805479303,-0.001959072133426561,0.00391522551762442,0.6665706097443623,False,False,False
live_feasible,lgbm,2000,bar1030,mse,10:30,tuned vs untuned,live_feasible/bar1030/lgbm/tw2000/causal_tune_trees/lgbm/live_feasible/results_bar1030.csv,clock,deck period,1116,2020-01-03,2024-04-30,0.15658776516915254,0.15611549429871077,0.00047227087044173963,0.3025137719758286,-0.0026981763752101443,0.00358023032100344,0.2838747447003436,False,False,False
live_feasible,lgbm,2000,bar1030,mse,10:30,tuned vs untuned,live_feasible/bar1030/lgbm/tw2000/causal_tune_trees/lgbm/live_feasible/results_bar1030.csv,as scored,common,1619,2018-01-19,2024-04-30,0.15865918164208134,0.1563752055901642,0.002283976051917138,1.4605742920032312,-0.0019845360074987237,0.008223336103883412,0.8570002339039083,False,False,False
live_feasible,lgbm,2000,bar1030,mse,10:30,tuned vs untuned,live_feasible/bar1030/lgbm/tw2000/causal_tune_trees/lgbm/live_feasible/results_bar1030.csv,as scored,deck period,1116,2020-01-03,2024-04-30,0.15254806889043,0.15185707624344227,0.0006909926469877142,0.4550282832259875,-0.002436011914312846,0.0037393011553929437,0.4155363672386354,False,False,False
live_feasible,lgbm,2000,bar1030,qlike,10:30,tuned vs untuned,live_feasible/bar1030/lgbm/tw2000/causal_tune_trees/lgbm/live_feasible/results_bar1030.csv,clock,common,1556,2018-04-19,2024-04-30,0.16184303933285304,0.16001820081266546,0.0018248385201876166,1.140394349467764,-0.001052241850910615,0.004724147471561078,1.3178009610038584,False,False,False
live_feasible,lgbm,2000,bar1030,qlike,10:30,tuned vs untuned,live_feasible/bar1030/lgbm/tw2000/causal_tune_trees/lgbm/live_feasible/results_bar1030.csv,clock,deck period,1116,2020-01-03,2024-04-30,0.1567665026070064,0.15611549429871077,0.000651008308295589,0.41700428981760923,-0.0018887413676605944,0.002721736867249478,0.45948310971705925,False,False,False
live_feasible,lgbm,2000,bar1030,qlike,10:30,tuned vs untuned,live_feasible/bar1030/lgbm/tw2000/causal_tune_trees/lgbm/live_feasible/results_bar1030.csv,as scored,common,1619,2018-01-19,2024-04-30,0.1592794597602508,0.1563752055901642,0.002904254170086593,1.8572344375988892,-0.001119395084364895,0.008651044317332188,1.1217186603552212,False,False,False
live_feasible,lgbm,2000,bar1030,qlike,10:30,tuned vs untuned,live_feasible/bar1030/lgbm/tw2000/causal_tune_trees/lgbm/live_feasible/results_bar1030.csv,as scored,deck period,1116,2020-01-03,2024-04-30,0.15285317376901564,0.15185707624344227,0.000996097525573384,0.6559440957341617,-0.0013617343882722612,0.0030000673076034526,0.7125107926369579,False,False,False
live_feasible,lgbm,2000,bar1100,mse,11:00,tuned vs untuned,live_feasible/bar1100/lgbm/tw2000/causal_tune_trees/lgbm/live_feasible/results_bar1100.csv,clock,common,1556,2018-04-19,2024-04-30,0.14613456392160803,0.13565369841155095,0.010480865510057103,7.726192232710003,0.005990640631404027,0.015942768694228972,4.165690515115989,False,True,False
live_feasible,lgbm,2000,bar1100,mse,11:00,tuned vs untuned,live_feasible/bar1100/lgbm/tw2000/causal_tune_trees/lgbm/live_feasible/results_bar1100.csv,clock,deck period,1116,2020-01-03,2024-04-30,0.14770310743921675,0.14190461966621498,0.005798487773001786,4.086186754624948,0.0025556436961810106,0.00948038211355875,3.5144321379625083,False,True,False
live_feasible,lgbm,2000,bar1100,mse,11:00,tuned vs untuned,live_feasible/bar1100/lgbm/tw2000/causal_tune_trees/lgbm/live_feasible/results_bar1100.csv,as scored,common,1619,2018-01-19,2024-04-30,0.14990653458610126,0.13443309662374617,0.015473437962355096,11.510140248916857,0.006474903856344085,0.030806271937856428,2.5207715610038486,False,True,False
live_feasible,lgbm,2000,bar1100,mse,11:00,tuned vs untuned,live_feasible/bar1100/lgbm/tw2000/causal_tune_trees/lgbm/live_feasible/results_bar1100.csv,as scored,deck period,1116,2020-01-03,2024-04-30,0.14683785609415972,0.1400675823076104,0.006770273786549306,4.833576531420897,0.0034781727143935355,0.010602267799571607,4.079419187846969,False,True,False
live_feasible,lgbm,2000,bar1100,qlike,11:00,tuned vs untuned,live_feasible/bar1100/lgbm/tw2000/causal_tune_trees/lgbm/live_feasible/results_bar1100.csv,clock,common,1556,2018-04-19,2024-04-30,0.14176696861951016,0.13565369841155095,0.006113270207959241,4.5065267512372476,0.0013163178135342703,0.011779596871799318,2.403216913779739,False,True,False
live_feasible,lgbm,2000,bar1100,qlike,11:00,tuned vs untuned,live_feasible/bar1100/lgbm/tw2000/causal_tune_trees/lgbm/live_feasible/results_bar1100.csv,clock,deck period,1116,2020-01-03,2024-04-30,0.14257819239111175,0.14190461966621498,0.0006735727248967897,0.47466581883038983,-0.003045654116499502,0.004056789384562951,0.4052897620951512,False,False,False
live_feasible,lgbm,2000,bar1100,qlike,11:00,tuned vs untuned,live_feasible/bar1100/lgbm/tw2000/causal_tune_trees/lgbm/live_feasible/results_bar1100.csv,as scored,common,1619,2018-01-19,2024-04-30,0.14614813927938142,0.13443309662374617,0.01171504265563524,8.71440363262889,0.002478909620049804,0.027223286609314022,1.8978436350579355,False,True,False
live_feasible,lgbm,2000,bar1100,qlike,11:00,tuned vs untuned,live_feasible/bar1100/lgbm/tw2000/causal_tune_trees/lgbm/live_feasible/results_bar1100.csv,as scored,deck period,1116,2020-01-03,2024-04-30,0.14267958266883377,0.1400675823076104,0.0026120003612233483,1.8648143404710058,-0.0008482694451399745,0.0059995444624959095,1.6021185490325114,False,False,False
live_feasible,lgbm,2000,bar1130,mse,11:30,tuned vs untuned,live_feasible/bar1130/lgbm/tw2000/causal_tune_trees/lgbm/live_feasible/results_bar1130.csv,clock,common,1558,2018-04-17,2024-04-30,0.1427048055465507,0.1401257663843578,0.002579039162192895,1.8405174356861125,-0.0009660377112939777,0.006067495091078647,1.146126483912794,False,False,False
live_feasible,lgbm,2000,bar1130,mse,11:30,tuned vs untuned,live_feasible/bar1130/lgbm/tw2000/causal_tune_trees/lgbm/live_feasible/results_bar1130.csv,clock,deck period,1116,2020-01-03,2024-04-30,0.146139750725393,0.14403750508606686,0.002102245639326145,1.459512672112717,-0.00249868563299041,0.007135486152240067,0.7061089025451845,False,False,False
live_feasible,lgbm,2000,bar1130,mse,11:30,tuned vs untuned,live_feasible/bar1130/lgbm/tw2000/causal_tune_trees/lgbm/live_feasible/results_bar1130.csv,as scored,common,1621,2018-01-17,2024-04-30,0.1406753326137931,0.1373235407477682,0.00335179186602491,2.440799186922643,-0.0005318391722272232,0.00775691316754708,1.4369854255419137,False,False,False
live_feasible,lgbm,2000,bar1130,mse,11:30,tuned vs untuned,live_feasible/bar1130/lgbm/tw2000/causal_tune_trees/lgbm/live_feasible/results_bar1130.csv,as scored,deck period,1116,2020-01-03,2024-04-30,0.14501037216296636,0.14230585952079758,0.00270451264216879,1.9004928196744655,-0.0018464496275563424,0.007809030684725785,0.9106974038135417,False,False,False
live_feasible,lgbm,2000,bar1130,qlike,11:30,tuned vs untuned,live_feasible/bar1130/lgbm/tw2000/causal_tune_trees/lgbm/live_feasible/results_bar1130.csv,clock,common,1558,2018-04-17,2024-04-30,0.142226281699654,0.1401257663843578,0.002100515315296196,1.4990214644283122,-0.001407559214567149,0.005610548251741572,0.9413143863874415,False,False,False
live_feasible,lgbm,2000,bar1130,qlike,11:30,tuned vs untuned,live_feasible/bar1130/lgbm/tw2000/causal_tune_trees/lgbm/live_feasible/results_bar1130.csv,clock,deck period,1116,2020-01-03,2024-04-30,0.14568961382557719,0.14403750508606686,0.0016521087395103423,1.1469989976035453,-0.0024965769476000873,0.0064814330270407975,0.5642654502521102,False,False,False
live_feasible,lgbm,2000,bar1130,qlike,11:30,tuned vs untuned,live_feasible/bar1130/lgbm/tw2000/causal_tune_trees/lgbm/live_feasible/results_bar1130.csv,as scored,common,1621,2018-01-17,2024-04-30,0.14022703213203166,0.1373235407477682,0.0029034913842634607,2.1143435192925204,-0.0010993939128101217,0.007578628039022028,1.173200780306564,False,False,False
live_feasible,lgbm,2000,bar1130,qlike,11:30,tuned vs untuned,live_feasible/bar1130/lgbm/tw2000/causal_tune_trees/lgbm/live_feasible/results_bar1130.csv,as scored,deck period,1116,2020-01-03,2024-04-30,0.1446083067131238,0.14230585952079758,0.0023024471923262166,1.6179567026118982,-0.0018243779038072244,0.007158416978476466,0.7905267182905927,False,False,False
live_feasible,lgbm,2000,bar1200,mse,12:00,tuned vs untuned,live_feasible/bar1200/lgbm/tw2000/causal_tune_trees/lgbm/live_feasible/results_bar1200.csv,clock,common,1497,2018-07-11,2024-04-30,0.15233268228048313,0.15322611676699582,-0.0008934344865126953,-0.583082378750942,-0.003322968658098154,0.0017859346770066706,-0.622890879137474,False,False,False
live_feasible,lgbm,2000,bar1200,mse,12:00,tuned vs untuned,live_feasible/bar1200/lgbm/tw2000/causal_tune_trees/lgbm/live_feasible/results_bar1200.csv,clock,deck period,1116,2020-01-03,2024-04-30,0.1386808915500199,0.1387334293169885,-5.253776696861193e-05,-0.0378695799759766,-0.003457355538223399,0.003484498838571958,-0.028378971667598625,False,False,False
live_feasible,lgbm,2000,bar1200,mse,12:00,tuned vs untuned,live_feasible/bar1200/lgbm/tw2000/causal_tune_trees/lgbm/live_feasible/results_bar1200.csv,as scored,common,1560,2018-04-13,2024-04-30,0.14938067588182638,0.1502334834062558,-0.0008528075244294244,-0.5676547631684036,-0.0031717087095364466,0.0018398842809701122,-0.6297125628801851,False,False,False
live_feasible,lgbm,2000,bar1200,mse,12:00,tuned vs untuned,live_feasible/bar1200/lgbm/tw2000/causal_tune_trees/lgbm/live_feasible/results_bar1200.csv,as scored,deck period,1116,2020-01-03,2024-04-30,0.13675210196863447,0.13662541512305457,0.00012668684557989456,0.09272568025926317,-0.003222895701638673,0.00372141552937,0.06963584266217943,False,False,False
live_feasible,lgbm,2000,bar1200,qlike,12:00,tuned vs untuned,live_feasible/bar1200/lgbm/tw2000/causal_tune_trees/lgbm/live_feasible/results_bar1200.csv,clock,common,1497,2018-07-11,2024-04-30,0.1551043834646094,0.15322611676699582,0.0018782666976135613,1.2258136780100994,-0.00041560748169586247,0.00409801913532735,1.4733120762816911,False,False,False
live_feasible,lgbm,2000,bar1200,qlike,12:00,tuned vs untuned,live_feasible/bar1200/lgbm/tw2000/causal_tune_trees/lgbm/live_feasible/results_bar1200.csv,clock,deck period,1116,2020-01-03,2024-04-30,0.14216560022565747,0.1387334293169885,0.0034321709086689678,2.473932148557279,0.0006248564395460553,0.00604845169996916,2.3320765369922216,False,True,False
live_feasible,lgbm,2000,bar1200,qlike,12:00,tuned vs untuned,live_feasible/bar1200/lgbm/tw2000/causal_tune_trees/lgbm/live_feasible/results_bar1200.csv,as scored,common,1560,2018-04-13,2024-04-30,0.15191471094742204,0.1502334834062558,0.0016812275411662283,1.1190764555594543,-0.0005690933940787224,0.0039873720752001225,1.3834536005322096,False,False,False
live_feasible,lgbm,2000,bar1200,qlike,12:00,tuned vs untuned,live_feasible/bar1200/lgbm/tw2000/causal_tune_trees/lgbm/live_feasible/results_bar1200.csv,as scored,deck period,1116,2020-01-03,2024-04-30,0.13996290328674862,0.13662541512305457,0.003337488163694063,2.4428018467047905,0.0004900953349691333,0.005958211498097485,2.2853675318325064,False,True,False
live_feasible,lgbm,2000,bar1230,mse,12:30,tuned vs untuned,live_feasible/bar1230/lgbm/tw2000/causal_tune_trees/lgbm/live_feasible/results_bar1230.csv,clock,common,1497,2018-07-11,2024-04-30,0.1592493405568741,0.15512428098599806,0.004125059570876004,2.6591965775160262,0.0007068296954607196,0.007693379895626131,2.7303096216251093,False,True,False
live_feasible,lgbm,2000,bar1230,mse,12:30,tuned vs untuned,live_feasible/bar1230/lgbm/tw2000/causal_tune_trees/lgbm/live_feasible/results_bar1230.csv,clock,deck period,1116,2020-01-03,2024-04-30,0.15520832662068795,0.1498041703394029,0.005404156281285024,3.6074805321114427,0.0018100996578506623,0.009535659100837703,3.202938409422013,False,True,False
live_feasible,lgbm,2000,bar1230,mse,12:30,tuned vs untuned,live_feasible/bar1230/lgbm/tw2000/causal_tune_trees/lgbm/live_feasible/results_bar1230.csv,as scored,common,1560,2018-04-13,2024-04-30,0.1567797879341276,0.1526695447063693,0.004110243227758329,2.692248303788157,0.0009572096554498181,0.00761917616975597,2.8068581465065026,False,True,False
live_feasible,lgbm,2000,bar1230,mse,12:30,tuned vs untuned,live_feasible/bar1230/lgbm/tw2000/causal_tune_trees/lgbm/live_feasible/results_bar1230.csv,as scored,deck period,1116,2020-01-03,2024-04-30,0.15360261701639044,0.1481801074167148,0.005422509599675639,3.659404554503634,0.0017869685303068795,0.009576513848422067,3.192248128648503,False,True,False
live_feasible,lgbm,2000,bar1230,qlike,12:30,tuned vs untuned,live_feasible/bar1230/lgbm/tw2000/causal_tune_trees/lgbm/live_feasible/results_bar1230.csv,clock,common,1497,2018-07-11,2024-04-30,0.15802228119413914,0.15512428098599806,0.0028980002081410725,1.868179623280674,-0.0007345593481959712,0.006835147642412952,1.6924791922919253,False,False,False
live_feasible,lgbm,2000,bar1230,qlike,12:30,tuned vs untuned,live_feasible/bar1230/lgbm/tw2000/causal_tune_trees/lgbm/live_feasible/results_bar1230.csv,clock,deck period,1116,2020-01-03,2024-04-30,0.1550329789422769,0.1498041703394029,0.0052288086028740135,3.4904292657723714,0.0009172463959117226,0.009881839421632005,2.5938521148761517,False,True,False
live_feasible,lgbm,2000,bar1230,qlike,12:30,tuned vs untuned,live_feasible/bar1230/lgbm/tw2000/causal_tune_trees/lgbm/live_feasible/results_bar1230.csv,as scored,common,1560,2018-04-13,2024-04-30,0.15554397508864634,0.1526695447063693,0.002874430382277068,1.882779167125628,-0.0006788304636832678,0.006552480766418469,1.774543754428441,False,False,False
live_feasible,lgbm,2000,bar1230,qlike,12:30,tuned vs untuned,live_feasible/bar1230/lgbm/tw2000/causal_tune_trees/lgbm/live_feasible/results_bar1230.csv,as scored,deck period,1116,2020-01-03,2024-04-30,0.15331478700962956,0.1481801074167148,0.005134679592914776,3.4651612030992367,0.0009006730012855274,0.009702145600206808,2.5902650172565096,False,True,False
live_feasible,lgbm,2000,bar1300,mse,13:00,tuned vs untuned,live_feasible/bar1300/lgbm/tw2000/causal_tune_trees/lgbm/live_feasible/results_bar1300.csv,clock,common,1497,2018-07-11,2024-04-30,0.18644711774734193,0.1787468595318093,0.007700258215532642,4.307912449875699,0.0036241547118151967,0.012167829396604372,3.9156928749108313,False,True,False
live_feasible,lgbm,2000,bar1300,mse,13:00,tuned vs untuned,live_feasible/bar1300/lgbm/tw2000/causal_tune_trees/lgbm/live_feasible/results_bar1300.csv,clock,deck period,1116,2020-01-03,2024-04-30,0.17755349920801955,0.16768575997562052,0.009867739232399036,5.884661424937745,0.005103224645612017,0.015393974878738219,4.1028184367830995,False,True,False
live_feasible,lgbm,2000,bar1300,mse,13:00,tuned vs untuned,live_feasible/bar1300/lgbm/tw2000/causal_tune_trees/lgbm/live_feasible/results_bar1300.csv,as scored,common,1560,2018-04-13,2024-04-30,0.18181801084624746,0.17487236723607305,0.0069456436101743855,3.97183598526916,0.0033805658876860825,0.010994012150201692,3.8147014945144813,False,True,False
live_feasible,lgbm,2000,bar1300,mse,13:00,tuned vs untuned,live_feasible/bar1300/lgbm/tw2000/causal_tune_trees/lgbm/live_feasible/results_bar1300.csv,as scored,deck period,1116,2020-01-03,2024-04-30,0.17525458366111735,0.16566549386381432,0.009589089797303019,5.788223952771813,0.004884837781248156,0.015075511817597788,4.165018965251542,False,True,False
live_feasible,lgbm,2000,bar1300,qlike,13:00,tuned vs untuned,live_feasible/bar1300/lgbm/tw2000/causal_tune_trees/lgbm/live_feasible/results_bar1300.csv,clock,common,1497,2018-07-11,2024-04-30,0.182843252596762,0.1787468595318093,0.004096393064952716,2.2917286914479935,0.00023489875335290226,0.008520604944784002,1.9974835125346329,False,True,False
live_feasible,lgbm,2000,bar1300,qlike,13:00,tuned vs untuned,live_feasible/bar1300/lgbm/tw2000/causal_tune_trees/lgbm/live_feasible/results_bar1300.csv,clock,deck period,1116,2020-01-03,2024-04-30,0.17271928224527924,0.16768575997562052,0.00503352226965876,3.001758927168636,0.0002986458648087516,0.010525929898539932,1.970216712681827,False,True,False
live_feasible,lgbm,2000,bar1300,qlike,13:00,tuned vs untuned,live_feasible/bar1300/lgbm/tw2000/causal_tune_trees/lgbm/live_feasible/results_bar1300.csv,as scored,common,1560,2018-04-13,2024-04-30,0.1784468490829348,0.17487236723607305,0.0035744818468617465,2.0440518438435107,0.00012399517660754977,0.0076245093568066994,1.805395237068438,False,True,False
live_feasible,lgbm,2000,bar1300,qlike,13:00,tuned vs untuned,live_feasible/bar1300/lgbm/tw2000/causal_tune_trees/lgbm/live_feasible/results_bar1300.csv,as scored,deck period,1116,2020-01-03,2024-04-30,0.17067661064166673,0.16566549386381432,0.005011116777852425,3.0248403943260658,0.0003453626708553911,0.010292547587826405,1.9428177149006973,False,True,False
live_feasible,lgbm,2000,bar1330,mse,13:30,tuned vs untuned,live_feasible/bar1330/lgbm/tw2000/causal_tune_trees/lgbm/live_feasible/results_bar1330.csv,clock,common,1436,2018-08-16,2024-04-30,0.18406487525215842,0.1805351814015984,0.003529693850560038,1.9551279828989538,0.000420289938503317,0.006667245219246448,2.279745819240687,False,True,False
live_feasible,lgbm,2000,bar1330,mse,13:30,tuned vs untuned,live_feasible/bar1330/lgbm/tw2000/causal_tune_trees/lgbm/live_feasible/results_bar1330.csv,clock,deck period,1088,2020-01-03,2024-04-30,0.18101160278227515,0.1772522362180647,0.003759366564210432,2.1209134758590396,-8.73217384933617e-05,0.007912101557438522,2.0574047713576284,False,False,False
live_feasible,lgbm,2000,bar1330,mse,13:30,tuned vs untuned,live_feasible/bar1330/lgbm/tw2000/causal_tune_trees/lgbm/live_feasible/results_bar1330.csv,as scored,common,1499,2018-05-17,2024-04-30,0.18148011400213235,0.1781822607231973,0.0032978532789350746,1.8508314270735549,0.00043818500176046006,0.006441510271097351,2.2587720558504616,False,True,False
live_feasible,lgbm,2000,bar1330,mse,13:30,tuned vs untuned,live_feasible/bar1330/lgbm/tw2000/causal_tune_trees/lgbm/live_feasible/results_bar1330.csv,as scored,deck period,1088,2020-01-03,2024-04-30,0.17828761472355845,0.1747346963029595,0.0035529184205989107,2.033321656071539,-0.00011703389827071083,0.0076267780110663135,1.995711857028975,False,False,False
live_feasible,lgbm,2000,bar1330,qlike,13:30,tuned vs untuned,live_feasible/bar1330/lgbm/tw2000/causal_tune_trees/lgbm/live_feasible/results_bar1330.csv,clock,common,1436,2018-08-16,2024-04-30,0.18583342551767543,0.1805351814015984,0.005298244116077036,2.934743286568147,0.00012722811384586124,0.011744257965755471,2.1905813039976634,False,True,False
live_feasible,lgbm,2000,bar1330,qlike,13:30,tuned vs untuned,live_feasible/bar1330/lgbm/tw2000/causal_tune_trees/lgbm/live_feasible/results_bar1330.csv,clock,deck period,1088,2020-01-03,2024-04-30,0.18415716647463248,0.1772522362180647,0.006904930256567785,3.895539150249698,0.00048444061893504795,0.015157233020651873,2.3495998549968684,False,True,False
live_feasible,lgbm,2000,bar1330,qlike,13:30,tuned vs untuned,live_feasible/bar1330/lgbm/tw2000/causal_tune_trees/lgbm/live_feasible/results_bar1330.csv,as scored,common,1499,2018-05-17,2024-04-30,0.18281816487384228,0.1781822607231973,0.004635904150644976,2.6017764797847995,-0.00018882879305027705,0.010799700634869458,1.9662297724578068,False,False,False
live_feasible,lgbm,2000,bar1330,qlike,13:30,tuned vs untuned,live_feasible/bar1330/lgbm/tw2000/causal_tune_trees/lgbm/live_feasible/results_bar1330.csv,as scored,deck period,1088,2020-01-03,2024-04-30,0.18104179006452553,0.1747346963029595,0.006307093761566005,3.6095256952463544,-0.0002279877535751404,0.014581529221334927,2.10735371857735,False,False,False
live_feasible,lgbm,2000,bar1400,mse,14:00,tuned vs untuned,live_feasible/bar1400/lgbm/tw2000/causal_tune_trees/lgbm/live_feasible/results_bar1400.csv,clock,common,1424,2018-08-30,2024-04-30,0.1922860458047884,0.18765860759601044,0.0046274382087779006,2.465881138124931,-0.00036698047949649686,0.00951776597828029,1.8563737976361714,False,False,False
live_feasible,lgbm,2000,bar1400,mse,14:00,tuned vs untuned,live_feasible/bar1400/lgbm/tw2000/causal_tune_trees/lgbm/live_feasible/results_bar1400.csv,clock,deck period,1088,2020-01-03,2024-04-30,0.18800645363123514,0.1847305430531565,0.0032759105780786374,1.7733453948305609,-0.0025824217163370952,0.009378310479344261,1.0836443923924726,False,False,False
live_feasible,lgbm,2000,bar1400,mse,14:00,tuned vs untuned,live_feasible/bar1400/lgbm/tw2000/causal_tune_trees/lgbm/live_feasible/results_bar1400.csv,as scored,common,1487,2018-06-01,2024-04-30,0.18649770275887118,0.18177805803619984,0.004719644722671319,2.5963775681504058,0.00014829235623052995,0.009350447930628161,1.9729759516212617,False,True,False
live_feasible,lgbm,2000,bar1400,mse,14:00,tuned vs untuned,live_feasible/bar1400/lgbm/tw2000/causal_tune_trees/lgbm/live_feasible/results_bar1400.csv,as scored,deck period,1088,2020-01-03,2024-04-30,0.18094216651970566,0.1776134847215657,0.003328681798139961,1.874115472346112,-0.0024115685158386533,0.009284172671723974,1.102349456731989,False,False,False
live_feasible,lgbm,2000,bar1400,qlike,14:00,tuned vs untuned,live_feasible/bar1400/lgbm/tw2000/causal_tune_trees/lgbm/live_feasible/results_bar1400.csv,clock,common,1424,2018-08-30,2024-04-30,0.1931575258762247,0.18765860759601044,0.005498918280214252,2.9302776731948623,0.0011029690902652847,0.010210222886339158,2.3690302292567647,False,True,False
live_feasible,lgbm,2000,bar1400,qlike,14:00,tuned vs untuned,live_feasible/bar1400/lgbm/tw2000/causal_tune_trees/lgbm/live_feasible/results_bar1400.csv,clock,deck period,1088,2020-01-03,2024-04-30,0.18914706725414449,0.1847305430531565,0.0044165242009879795,2.3907926258394196,-0.0007243043356178786,0.010064352208061463,1.5769258455660735,False,False,False
live_feasible,lgbm,2000,bar1400,qlike,14:00,tuned vs untuned,live_feasible/bar1400/lgbm/tw2000/causal_tune_trees/lgbm/live_feasible/results_bar1400.csv,as scored,common,1487,2018-06-01,2024-04-30,0.1874458671068704,0.18177805803619984,0.005667809070670553,3.117983067869417,0.0016299140253532337,0.009859915224804347,2.563389928983432,False,True,False
live_feasible,lgbm,2000,bar1400,qlike,14:00,tuned vs untuned,live_feasible/bar1400/lgbm/tw2000/causal_tune_trees/lgbm/live_feasible/results_bar1400.csv,as scored,deck period,1088,2020-01-03,2024-04-30,0.1821651405685709,0.1776134847215657,0.004551655847005193,2.5626747057750476,-0.0004447942494991607,0.009890224434139299,1.6402734225292066,False,False,False
live_feasible,lgbm,2000,bar1430,mse,14:30,tuned vs untuned,live_feasible/bar1430/lgbm/tw2000/causal_tune_trees/lgbm/live_feasible/results_bar1430.csv,clock,common,1416,2018-09-10,2024-04-30,0.1923974615775984,0.1966866240387926,-0.004289162461194221,-2.1807087706931543,-0.00932039719892135,0.0008654089011864813,-1.6551668160962312,False,False,False
live_feasible,lgbm,2000,bar1430,mse,14:30,tuned vs untuned,live_feasible/bar1430/lgbm/tw2000/causal_tune_trees/lgbm/live_feasible/results_bar1430.csv,clock,deck period,1087,2020-01-03,2024-04-30,0.20069848090695255,0.20476151167149081,-0.004063030764538257,-1.9842746477945432,-0.010797422379944568,0.002449880478730281,-1.2575261102084707,False,False,False
live_feasible,lgbm,2000,bar1430,mse,14:30,tuned vs untuned,live_feasible/bar1430/lgbm/tw2000/causal_tune_trees/lgbm/live_feasible/results_bar1430.csv,as scored,common,1479,2018-06-11,2024-04-30,0.19262613756213892,0.19628148777017038,-0.003655350208031396,-1.862300031224296,-0.008392557775451366,0.0009072677445152974,-1.4883159900413978,False,False,False
live_feasible,lgbm,2000,bar1430,mse,14:30,tuned vs untuned,live_feasible/bar1430/lgbm/tw2000/causal_tune_trees/lgbm/live_feasible/results_bar1430.csv,as scored,deck period,1087,2020-01-03,2024-04-30,0.19966461465401858,0.2030872607514139,-0.0034226460973953423,-1.6853081206234712,-0.009900632262942766,0.0029030670806796115,-1.0695196102296183,False,False,False
live_feasible,lgbm,2000,bar1430,qlike,14:30,tuned vs untuned,live_feasible/bar1430/lgbm/tw2000/causal_tune_trees/lgbm/live_feasible/results_bar1430.csv,clock,common,1416,2018-09-10,2024-04-30,0.19369221208688203,0.1966866240387926,-0.0029944119519105658,-1.5224278552465145,-0.007412841171941143,0.0012899931742008965,-1.3358397089912266,False,False,False
live_feasible,lgbm,2000,bar1430,qlike,14:30,tuned vs untuned,live_feasible/bar1430/lgbm/tw2000/causal_tune_trees/lgbm/live_feasible/results_bar1430.csv,clock,deck period,1087,2020-01-03,2024-04-30,0.20107585071892056,0.20476151167149081,-0.0036856609525702452,-1.7999774090764364,-0.009005374870776352,0.0010928648892217759,-1.3817471896644684,False,False,False
live_feasible,lgbm,2000,bar1430,qlike,14:30,tuned vs untuned,live_feasible/bar1430/lgbm/tw2000/causal_tune_trees/lgbm/live_feasible/results_bar1430.csv,as scored,common,1479,2018-06-11,2024-04-30,0.1938451516670823,0.19628148777017038,-0.0024363361030880514,-1.241245993580812,-0.006507581621561418,0.0018668926108029564,-1.1175133110179734,False,False,False
live_feasible,lgbm,2000,bar1430,qlike,14:30,tuned vs untuned,live_feasible/bar1430/lgbm/tw2000/causal_tune_trees/lgbm/live_feasible/results_bar1430.csv,as scored,deck period,1087,2020-01-03,2024-04-30,0.19980667644446895,0.2030872607514139,-0.0032805843069449395,-1.6153570119597471,-0.008523128014469429,0.0014167720427818457,-1.2246544100181724,False,False,False
live_feasible,lgbm,2000,bar1500,mse,15:00,tuned vs untuned,live_feasible/bar1500/lgbm/tw2000/causal_tune_trees/lgbm/live_feasible/results_bar1500.csv,clock,common,1414,2018-09-12,2024-04-30,0.213778262186963,0.20827687912410967,0.005501383062853333,2.641379631761779,0.000409850397955105,0.011176013536653576,1.934875999109653,False,True,False
live_feasible,lgbm,2000,bar1500,mse,15:00,tuned vs untuned,live_feasible/bar1500/lgbm/tw2000/causal_tune_trees/lgbm/live_feasible/results_bar1500.csv,clock,deck period,1087,2020-01-03,2024-04-30,0.18446860651967822,0.18264666389456755,0.0018219426251106553,0.9975230788569827,-0.003459698796977225,0.007973120335000621,0.6369475535535953,False,False,False
live_feasible,lgbm,2000,bar1500,mse,15:00,tuned vs untuned,live_feasible/bar1500/lgbm/tw2000/causal_tune_trees/lgbm/live_feasible/results_bar1500.csv,as scored,common,1477,2018-06-13,2024-04-30,0.20916330334634956,0.20354354480020992,0.00561975854613965,2.760961322382283,0.0005747463714014368,0.010905419301236011,2.0299084513996166,False,True,False
live_feasible,lgbm,2000,bar1500,mse,15:00,tuned vs untuned,live_feasible/bar1500/lgbm/tw2000/causal_tune_trees/lgbm/live_feasible/results_bar1500.csv,as scored,deck period,1087,2020-01-03,2024-04-30,0.18662608787746998,0.18345970549062005,0.003166382386849927,1.7259279787799606,-0.002275484176423814,0.00943130745115037,1.0950068562378137,False,False,False
live_feasible,lgbm,2000,bar1500,qlike,15:00,tuned vs untuned,live_feasible/bar1500/lgbm/tw2000/causal_tune_trees/lgbm/live_feasible/results_bar1500.csv,clock,common,1414,2018-09-12,2024-04-30,0.21373624232590432,0.20827687912410967,0.005459363201794659,2.621204631427904,0.0004974303728832214,0.010643493050207205,1.923480611127932,False,True,False
live_feasible,lgbm,2000,bar1500,qlike,15:00,tuned vs untuned,live_feasible/bar1500/lgbm/tw2000/causal_tune_trees/lgbm/live_feasible/results_bar1500.csv,clock,deck period,1087,2020-01-03,2024-04-30,0.18441394590924862,0.18264666389456755,0.001767282014681065,0.967596109886368,-0.003243769780490572,0.006769968778754112,0.6078449644254588,False,False,False
live_feasible,lgbm,2000,bar1500,qlike,15:00,tuned vs untuned,live_feasible/bar1500/lgbm/tw2000/causal_tune_trees/lgbm/live_feasible/results_bar1500.csv,as scored,common,1477,2018-06-13,2024-04-30,0.2082871841044865,0.20354354480020992,0.004743639304276576,2.3305280002530857,-0.0003799991099172326,0.00967337746600428,1.6299727078352904,False,False,False
live_feasible,lgbm,2000,bar1500,qlike,15:00,tuned vs untuned,live_feasible/bar1500/lgbm/tw2000/causal_tune_trees/lgbm/live_feasible/results_bar1500.csv,as scored,deck period,1087,2020-01-03,2024-04-30,0.18539583306771817,0.18345970549062005,0.0019361275770981038,1.0553421373485712,-0.003717147584236538,0.007332705518400205,0.6076655704406868,False,False,False
live_feasible,lgbm,2000,bar1530,mse,15:30,tuned vs untuned,live_feasible/bar1530/lgbm/tw2000/causal_tune_trees/lgbm/live_feasible/results_bar1530.csv,clock,common,1412,2018-09-14,2024-04-30,0.13238305558652758,0.1310498851301203,0.001333170456407246,1.0172999809069136,-0.002043222065656978,0.005447208980691326,0.7151712235593646,False,False,False
live_feasible,lgbm,2000,bar1530,mse,15:30,tuned vs untuned,live_feasible/bar1530/lgbm/tw2000/causal_tune_trees/lgbm/live_feasible/results_bar1530.csv,clock,deck period,1087,2020-01-03,2024-04-30,0.1247189855501624,0.12511033447777137,-0.00039134892760896026,-0.3128030384080638,-0.0032295964384806268,0.002395445769470116,-0.2670723036399049,False,False,False
live_feasible,lgbm,2000,bar1530,mse,15:30,tuned vs untuned,live_feasible/bar1530/lgbm/tw2000/causal_tune_trees/lgbm/live_feasible/results_bar1530.csv,as scored,common,1475,2018-06-15,2024-04-30,0.1307699624291596,0.12988899613735935,0.0008809662918002315,0.6782455157853385,-0.0022133350356505557,0.004469678842055549,0.510677775643592,False,False,False
live_feasible,lgbm,2000,bar1530,mse,15:30,tuned vs untuned,live_feasible/bar1530/lgbm/tw2000/causal_tune_trees/lgbm/live_feasible/results_bar1530.csv,as scored,deck period,1087,2020-01-03,2024-04-30,0.12630253646896092,0.12613433775069774,0.00016819871826315478,0.13334887332234346,-0.0026955411688382716,0.003024575418335811,0.11453004855972629,False,False,False
live_feasible,lgbm,2000,bar1530,qlike,15:30,tuned vs untuned,live_feasible/bar1530/lgbm/tw2000/causal_tune_trees/lgbm/live_feasible/results_bar1530.csv,clock,common,1412,2018-09-14,2024-04-30,0.13151902349388248,0.1310498851301203,0.0004691383637621371,0.35798456694282976,-0.002860230962174584,0.004541198379019226,0.25299213415938965,False,False,False
live_feasible,lgbm,2000,bar1530,qlike,15:30,tuned vs untuned,live_feasible/bar1530/lgbm/tw2000/causal_tune_trees/lgbm/live_feasible/results_bar1530.csv,clock,deck period,1087,2020-01-03,2024-04-30,0.12359661819522692,0.12511033447777137,-0.0015137162825444653,-1.209905072081324,-0.004244552587438767,0.0011924048084714254,-1.056033158525606,False,False,False
live_feasible,lgbm,2000,bar1530,qlike,15:30,tuned vs untuned,live_feasible/bar1530/lgbm/tw2000/causal_tune_trees/lgbm/live_feasible/results_bar1530.csv,as scored,common,1475,2018-06-15,2024-04-30,0.12987992464621534,0.12988899613735935,-9.071491144007165e-06,-0.006984033608523651,-0.003012643152818172,0.0035886444943171907,-0.0053313594097057606,False,False,False
live_feasible,lgbm,2000,bar1530,qlike,15:30,tuned vs untuned,live_feasible/bar1530/lgbm/tw2000/causal_tune_trees/lgbm/live_feasible/results_bar1530.csv,as scored,deck period,1087,2020-01-03,2024-04-30,0.12510791928473258,0.12613433775069774,-0.0010264184659651715,-0.8137502319105756,-0.003728071086206578,0.0017578398648733626,-0.7263612732306172,False,False,False
live_feasible,lgbm,2000,bar1600,mse,16:00,tuned vs untuned,live_feasible/bar1600/lgbm/tw2000/causal_tune_trees/lgbm/live_feasible/results_bar1600.csv,clock,common,1406,2018-09-24,2024-04-30,0.126322896061123,0.11805579220930262,0.00826710385182042,7.00270922511245,0.004179679844275584,0.012811577820246481,3.4403503434257763,False,True,False
live_feasible,lgbm,2000,bar1600,mse,16:00,tuned vs untuned,live_feasible/bar1600/lgbm/tw2000/causal_tune_trees/lgbm/live_feasible/results_bar1600.csv,clock,deck period,1087,2020-01-03,2024-04-30,0.11571551874770801,0.10792197283093817,0.0077935459167698335,7.221463537345238,0.002578817796194309,0.01288303530021156,2.7081915345019385,False,True,False
live_feasible,lgbm,2000,bar1600,mse,16:00,tuned vs untuned,live_feasible/bar1600/lgbm/tw2000/causal_tune_trees/lgbm/live_feasible/results_bar1600.csv,as scored,common,1469,2018-06-25,2024-04-30,0.12473698275282206,0.11735196849225313,0.007385014260568923,6.2930467681557785,0.0034508966091998682,0.011594383310466388,3.1903341216436787,False,True,False
live_feasible,lgbm,2000,bar1600,mse,16:00,tuned vs untuned,live_feasible/bar1600/lgbm/tw2000/causal_tune_trees/lgbm/live_feasible/results_bar1600.csv,as scored,deck period,1087,2020-01-03,2024-04-30,0.11324655109443145,0.10602687352997352,0.007219677564457946,6.809290252642377,0.0022349727178013258,0.012229574427675123,2.5190082301438568,False,True,False
live_feasible,lgbm,2000,bar1600,qlike,16:00,tuned vs untuned,live_feasible/bar1600/lgbm/tw2000/causal_tune_trees/lgbm/live_feasible/results_bar1600.csv,clock,common,1406,2018-09-24,2024-04-30,0.12258104276380766,0.11805579220930262,0.004525250554505033,3.833145726964551,0.0009085205924970112,0.008501149716873815,2.0471655382084726,False,True,False
live_feasible,lgbm,2000,bar1600,qlike,16:00,tuned vs untuned,live_feasible/bar1600/lgbm/tw2000/causal_tune_trees/lgbm/live_feasible/results_bar1600.csv,clock,deck period,1087,2020-01-03,2024-04-30,0.11199159307438904,0.10792197283093817,0.004069620243450865,3.770891262176983,-0.0001464433332488467,0.008473902601722228,1.5774965988155594,False,False,False
live_feasible,lgbm,2000,bar1600,qlike,16:00,tuned vs untuned,live_feasible/bar1600/lgbm/tw2000/causal_tune_trees/lgbm/live_feasible/results_bar1600.csv,as scored,common,1469,2018-06-25,2024-04-30,0.12145037725342889,0.11735196849225313,0.004098408761175759,3.4924073399299744,0.0007426490723914964,0.007921960460697165,1.922542476858485,False,True,False
live_feasible,lgbm,2000,bar1600,qlike,16:00,tuned vs untuned,live_feasible/bar1600/lgbm/tw2000/causal_tune_trees/lgbm/live_feasible/results_bar1600.csv,as scored,deck period,1087,2020-01-03,2024-04-30,0.10983076284785871,0.10602687352997352,0.003803889317885186,3.587665269418547,-0.00030259932496469005,0.008086306197874883,1.4715206960991851,False,False,False
live_feasible,rf,2000,bar1000,mse,10:00,tuned vs untuned,live_feasible/bar1000/rf/tw2000/causal_tune_trees/rf/live_feasible/results_bar1000.csv,clock,common,1556,2018-04-19,2024-04-30,0.1288671063162961,0.1302345538375608,-0.0013674475212646874,-1.049988256550009,-0.006591455791186396,0.0029635405462851948,-0.5424190103276808,False,False,False
live_feasible,rf,2000,bar1000,mse,10:00,tuned vs untuned,live_feasible/bar1000/rf/tw2000/causal_tune_trees/rf/live_feasible/results_bar1000.csv,clock,deck period,1116,2020-01-03,2024-04-30,0.12670029417998416,0.12991376744040423,-0.0032134732604200728,-2.473543277000415,-0.01078648722428411,0.002790213500610738,-0.9447516110762176,False,False,False
live_feasible,rf,2000,bar1000,mse,10:00,tuned vs untuned,live_feasible/bar1000/rf/tw2000/causal_tune_trees/rf/live_feasible/results_bar1000.csv,as scored,common,1619,2018-01-19,2024-04-30,0.126261211826666,0.12567325707474664,0.0005879547519193574,0.4678439674477919,-0.004238462679816196,0.005000603406884982,0.22932447049492538,False,False,False
live_feasible,rf,2000,bar1000,mse,10:00,tuned vs untuned,live_feasible/bar1000/rf/tw2000/causal_tune_trees/rf/live_feasible/results_bar1000.csv,as scored,deck period,1116,2020-01-03,2024-04-30,0.12467469156551908,0.12384261619694216,0.0008320753685768867,0.671881291052241,-0.006031893586314074,0.007175235012660105,0.2322777500724004,False,False,False
live_feasible,rf,2000,bar1000,qlike,10:00,tuned vs untuned,live_feasible/bar1000/rf/tw2000/causal_tune_trees/rf/live_feasible/results_bar1000.csv,clock,common,1556,2018-04-19,2024-04-30,0.12614194175953916,0.1302345538375608,-0.004092612078021625,-3.1424932611404084,-0.00936373135661941,0.0002691265702528638,-1.64949826565271,False,False,False
live_feasible,rf,2000,bar1000,qlike,10:00,tuned vs untuned,live_feasible/bar1000/rf/tw2000/causal_tune_trees/rf/live_feasible/results_bar1000.csv,clock,deck period,1116,2020-01-03,2024-04-30,0.12290069198436247,0.12991376744040423,-0.007013075456041753,-5.398254237572538,-0.014456083524134104,-0.0012044659019082977,-2.1104894694576126,True,False,False
live_feasible,rf,2000,bar1000,qlike,10:00,tuned vs untuned,live_feasible/bar1000/rf/tw2000/causal_tune_trees/rf/live_feasible/results_bar1000.csv,as scored,common,1619,2018-01-19,2024-04-30,0.12346803395967644,0.12567325707474664,-0.002205223115070225,-1.754727430799876,-0.006985771316628134,0.0022703885554614866,-0.868410662118521,False,False,False
live_feasible,rf,2000,bar1000,qlike,10:00,tuned vs untuned,live_feasible/bar1000/rf/tw2000/causal_tune_trees/rf/live_feasible/results_bar1000.csv,as scored,deck period,1116,2020-01-03,2024-04-30,0.1207225110232179,0.12384261619694216,-0.003120105173724282,-2.5194115479299133,-0.009857098277424875,0.003270700336107824,-0.8832585352887506,False,False,False
live_feasible,rf,2000,bar1030,mse,10:30,tuned vs untuned,live_feasible/bar1030/rf/tw2000/causal_tune_trees/rf/live_feasible/results_bar1030.csv,clock,common,1556,2018-04-19,2024-04-30,0.16771659127305222,0.16824030115579125,-0.000523709882739032,-0.3112868195915046,-0.006191432398662496,0.004662887119574725,-0.23258198470672053,False,False,False
live_feasible,rf,2000,bar1030,mse,10:30,tuned vs untuned,live_feasible/bar1030/rf/tw2000/causal_tune_trees/rf/live_feasible/results_bar1030.csv,clock,deck period,1116,2020-01-03,2024-04-30,0.1630263091157634,0.16766836335037189,-0.004642054234608443,-2.7685927994108663,-0.012001992509013062,0.002091145387092619,-1.706496550352921,False,False,False
live_feasible,rf,2000,bar1030,mse,10:30,tuned vs untuned,live_feasible/bar1030/rf/tw2000/causal_tune_trees/rf/live_feasible/results_bar1030.csv,as scored,common,1619,2018-01-19,2024-04-30,0.16545167983739173,0.1626750697934793,0.00277661004391244,1.7068442309183744,-0.0033736080764790732,0.010406107027342381,0.7863837575640825,False,False,False
live_feasible,rf,2000,bar1030,mse,10:30,tuned vs untuned,live_feasible/bar1030/rf/tw2000/causal_tune_trees/rf/live_feasible/results_bar1030.csv,as scored,deck period,1116,2020-01-03,2024-04-30,0.15903022080055523,0.1593840021193314,-0.0003537813187761505,-0.22196789770109618,-0.006066087074530499,0.00532290331435891,-0.14944822681425374,False,False,False
live_feasible,rf,2000,bar1030,qlike,10:30,tuned vs untuned,live_feasible/bar1030/rf/tw2000/causal_tune_trees/rf/live_feasible/results_bar1030.csv,clock,common,1556,2018-04-19,2024-04-30,0.16557197084347114,0.16824030115579125,-0.002668330312320106,-1.5860232619586316,-0.007429003006426142,0.0015220737315766045,-1.3631164777998441,False,False,False
live_feasible,rf,2000,bar1030,qlike,10:30,tuned vs untuned,live_feasible/bar1030/rf/tw2000/causal_tune_trees/rf/live_feasible/results_bar1030.csv,clock,deck period,1116,2020-01-03,2024-04-30,0.1615066374131194,0.16766836335037189,-0.006161725937252448,-3.6749484602390146,-0.012804515411604992,-0.0006918966865923986,-2.5600364148963703,True,False,False
live_feasible,rf,2000,bar1030,qlike,10:30,tuned vs untuned,live_feasible/bar1030/rf/tw2000/causal_tune_trees/rf/live_feasible/results_bar1030.csv,as scored,common,1619,2018-01-19,2024-04-30,0.16266635478551997,0.1626750697934793,-8.715007959302925e-06,-0.005357310109266823,-0.004825779962678855,0.005059749031476375,-0.003524727399013796,False,False,False
live_feasible,rf,2000,bar1030,qlike,10:30,tuned vs untuned,live_feasible/bar1030/rf/tw2000/causal_tune_trees/rf/live_feasible/results_bar1030.csv,as scored,deck period,1116,2020-01-03,2024-04-30,0.15694523365880306,0.1593840021193314,-0.0024387684605283264,-1.530121234314603,-0.007380966849566144,0.001707920364392728,-1.183905574612521,False,False,False
live_feasible,rf,2000,bar1100,mse,11:00,tuned vs untuned,live_feasible/bar1100/rf/tw2000/causal_tune_trees/rf/live_feasible/results_bar1100.csv,clock,common,1556,2018-04-19,2024-04-30,0.14655609321221824,0.14121451218649445,0.005341581025723791,3.7826006286587956,0.0010189603026903103,0.010297603227813765,2.4916578448529854,False,True,False
live_feasible,rf,2000,bar1100,mse,11:00,tuned vs untuned,live_feasible/bar1100/rf/tw2000/causal_tune_trees/rf/live_feasible/results_bar1100.csv,clock,deck period,1116,2020-01-03,2024-04-30,0.14940570782519172,0.1513136947156633,-0.0019079868904715743,-1.260947922828077,-0.004856189389532988,0.0006723368826700213,-1.4073252977857678,False,False,False
live_feasible,rf,2000,bar1100,mse,11:00,tuned vs untuned,live_feasible/bar1100/rf/tw2000/causal_tune_trees/rf/live_feasible/results_bar1100.csv,as scored,common,1619,2018-01-19,2024-04-30,0.1497508221192412,0.13840603651287173,0.011344785606369482,8.196741914009236,0.002950577320229583,0.025156033329540334,1.9966403533427397,False,True,False
live_feasible,rf,2000,bar1100,mse,11:00,tuned vs untuned,live_feasible/bar1100/rf/tw2000/causal_tune_trees/rf/live_feasible/results_bar1100.csv,as scored,deck period,1116,2020-01-03,2024-04-30,0.14803741894544004,0.14786828508127636,0.0001691338641637007,0.11438143349720707,-0.002883142536870761,0.002850472460400316,0.12411273150446937,False,False,False
live_feasible,rf,2000,bar1100,qlike,11:00,tuned vs untuned,live_feasible/bar1100/rf/tw2000/causal_tune_trees/rf/live_feasible/results_bar1100.csv,clock,common,1556,2018-04-19,2024-04-30,0.1454098081049745,0.14121451218649445,0.004195295918480057,2.9708674084003164,-0.00034409162599427804,0.00932532619903098,1.9672096338312535,False,False,False
live_feasible,rf,2000,bar1100,qlike,11:00,tuned vs untuned,live_feasible/bar1100/rf/tw2000/causal_tune_trees/rf/live_feasible/results_bar1100.csv,clock,deck period,1116,2020-01-03,2024-04-30,0.14770768966530515,0.1513136947156633,-0.0036060050503581385,-2.383131980971225,-0.006905475192573807,-0.0009327915038286426,-2.8817666222629477,True,False,False
live_feasible,rf,2000,bar1100,qlike,11:00,tuned vs untuned,live_feasible/bar1100/rf/tw2000/causal_tune_trees/rf/live_feasible/results_bar1100.csv,as scored,common,1619,2018-01-19,2024-04-30,0.14865601385057234,0.13840603651287173,0.010249977337700635,7.40572997822056,0.0018492892609813212,0.024250693690090117,1.8049604813194287,False,True,False
live_feasible,rf,2000,bar1100,qlike,11:00,tuned vs untuned,live_feasible/bar1100/rf/tw2000/causal_tune_trees/rf/live_feasible/results_bar1100.csv,as scored,deck period,1116,2020-01-03,2024-04-30,0.14644243382395422,0.14786828508127636,-0.0014258512573221257,-0.9642711799480201,-0.004841855922279451,0.0013653417891676743,-1.1160667255727472,False,False,False
live_feasible,rf,2000,bar1130,mse,11:30,tuned vs untuned,live_feasible/bar1130/rf/tw2000/causal_tune_trees/rf/live_feasible/results_bar1130.csv,clock,common,1558,2018-04-17,2024-04-30,0.14814261810150275,0.14361703669244924,0.004525581409053516,3.1511452354673537,0.0008523848700885435,0.008697200509813287,2.4193798139403655,False,True,False
live_feasible,rf,2000,bar1130,mse,11:30,tuned vs untuned,live_feasible/bar1130/rf/tw2000/causal_tune_trees/rf/live_feasible/results_bar1130.csv,clock,deck period,1116,2020-01-03,2024-04-30,0.15276978337399222,0.14744317922659111,0.005326604147401119,3.6126487337981077,0.0010948843172944713,0.011144539858125278,2.375134094668114,False,True,False
live_feasible,rf,2000,bar1130,mse,11:30,tuned vs untuned,live_feasible/bar1130/rf/tw2000/causal_tune_trees/rf/live_feasible/results_bar1130.csv,as scored,common,1621,2018-01-17,2024-04-30,0.14554339024700713,0.1401401684422316,0.0054032218047755385,3.8555839234650615,0.0010203654823449518,0.011009570738191225,2.1521563565474073,False,True,False
live_feasible,rf,2000,bar1130,mse,11:30,tuned vs untuned,live_feasible/bar1130/rf/tw2000/causal_tune_trees/rf/live_feasible/results_bar1130.csv,as scored,deck period,1116,2020-01-03,2024-04-30,0.15114653005433806,0.14552689071471456,0.005619639339623542,3.8615813971041764,0.0012373205075926997,0.011713926083856982,2.4802101221278816,False,True,False
live_feasible,rf,2000,bar1130,qlike,11:30,tuned vs untuned,live_feasible/bar1130/rf/tw2000/causal_tune_trees/rf/live_feasible/results_bar1130.csv,clock,common,1558,2018-04-17,2024-04-30,0.15034860626364788,0.14361703669244924,0.006731569571198619,4.687166457565919,0.00220038290230656,0.011629939699137606,2.9238653870802973,False,True,False
live_feasible,rf,2000,bar1130,qlike,11:30,tuned vs untuned,live_feasible/bar1130/rf/tw2000/causal_tune_trees/rf/live_feasible/results_bar1130.csv,clock,deck period,1116,2020-01-03,2024-04-30,0.15174912831017848,0.14744317922659111,0.004305949083587378,2.9204125319150793,-0.00041668608041425044,0.010394795216142142,1.8205898780483378,False,False,False
live_feasible,rf,2000,bar1130,qlike,11:30,tuned vs untuned,live_feasible/bar1130/rf/tw2000/causal_tune_trees/rf/live_feasible/results_bar1130.csv,as scored,common,1621,2018-01-17,2024-04-30,0.14901757225224785,0.1401401684422316,0.008877403810016232,6.334660439398333,0.002792741163860352,0.016881197266869357,2.4009200463223017,False,True,False
live_feasible,rf,2000,bar1130,qlike,11:30,tuned vs untuned,live_feasible/bar1130/rf/tw2000/causal_tune_trees/rf/live_feasible/results_bar1130.csv,as scored,deck period,1116,2020-01-03,2024-04-30,0.15037685416702043,0.14552689071471456,0.004849963452305897,3.3326922800910954,0.00013730177859826398,0.011152657012722651,2.0544602841134485,False,True,False
live_feasible,rf,2000,bar1200,mse,12:00,tuned vs untuned,live_feasible/bar1200/rf/tw2000/causal_tune_trees/rf/live_feasible/results_bar1200.csv,clock,common,1497,2018-07-11,2024-04-30,0.1649669687449001,0.15593714771998338,0.009029821024916718,5.7906798713104495,0.0022245595235181118,0.019053427029792354,2.79119068847502,False,True,False
live_feasible,rf,2000,bar1200,mse,12:00,tuned vs untuned,live_feasible/bar1200/rf/tw2000/causal_tune_trees/rf/live_feasible/results_bar1200.csv,clock,deck period,1116,2020-01-03,2024-04-30,0.15168928346747737,0.1393164431699265,0.012372840297550838,8.881105500561398,0.0033877196570268504,0.025962685895177872,3.015323578062483,False,True,False
live_feasible,rf,2000,bar1200,mse,12:00,tuned vs untuned,live_feasible/bar1200/rf/tw2000/causal_tune_trees/rf/live_feasible/results_bar1200.csv,as scored,common,1560,2018-04-13,2024-04-30,0.1612675838745835,0.15321314825216895,0.00805443562241456,5.257013327053371,0.0016736609869475818,0.017844492420197044,2.5765806878147246,False,True,False
live_feasible,rf,2000,bar1200,mse,12:00,tuned vs untuned,live_feasible/bar1200/rf/tw2000/causal_tune_trees/rf/live_feasible/results_bar1200.csv,as scored,deck period,1116,2020-01-03,2024-04-30,0.14852148168525026,0.13726996513348763,0.011251516551762616,8.196633940149344,0.0024399431735271514,0.024713471308538352,2.7160085906377014,False,True,False
live_feasible,rf,2000,bar1200,qlike,12:00,tuned vs untuned,live_feasible/bar1200/rf/tw2000/causal_tune_trees/rf/live_feasible/results_bar1200.csv,clock,common,1497,2018-07-11,2024-04-30,0.15755244432697124,0.15593714771998338,0.0016152966069878862,1.0358638917062133,-0.002918416326378509,0.007539777567864534,0.6901664337861836,False,False,False
live_feasible,rf,2000,bar1200,qlike,12:00,tuned vs untuned,live_feasible/bar1200/rf/tw2000/causal_tune_trees/rf/live_feasible/results_bar1200.csv,clock,deck period,1116,2020-01-03,2024-04-30,0.14223559707978287,0.1393164431699265,0.0029191539098563615,2.095340538012317,-0.002703894162332489,0.010931049418779457,1.0358219188997178,False,False,False
live_feasible,rf,2000,bar1200,qlike,12:00,tuned vs untuned,live_feasible/bar1200/rf/tw2000/causal_tune_trees/rf/live_feasible/results_bar1200.csv,as scored,common,1560,2018-04-13,2024-04-30,0.1545155551344531,0.15321314825216895,0.001302406882284138,0.8500620848417954,-0.003189155747745426,0.007378033634788581,0.5710295621510254,False,False,False
live_feasible,rf,2000,bar1200,qlike,12:00,tuned vs untuned,live_feasible/bar1200/rf/tw2000/causal_tune_trees/rf/live_feasible/results_bar1200.csv,as scored,deck period,1116,2020-01-03,2024-04-30,0.13991078333103643,0.13726996513348763,0.002640818197548811,1.9238135559958494,-0.002983230165074383,0.010692540763939185,0.9211912147092228,False,False,False
live_feasible,rf,2000,bar1230,mse,12:30,tuned vs untuned,live_feasible/bar1230/rf/tw2000/causal_tune_trees/rf/live_feasible/results_bar1230.csv,clock,common,1497,2018-07-11,2024-04-30,0.15990104483409096,0.16231591202862308,-0.0024148671945321398,-1.4877575244171364,-0.005436454285610157,0.0006167964695536018,-1.4898671304636457,False,False,False
live_feasible,rf,2000,bar1230,mse,12:30,tuned vs untuned,live_feasible/bar1230/rf/tw2000/causal_tune_trees/rf/live_feasible/results_bar1230.csv,clock,deck period,1116,2020-01-03,2024-04-30,0.15337097095652277,0.15472616951140772,-0.0013551985548849767,-0.8758690008060077,-0.0052750119417661655,0.002243396923769444,-0.6813873044038039,False,False,False
live_feasible,rf,2000,bar1230,mse,12:30,tuned vs untuned,live_feasible/bar1230/rf/tw2000/causal_tune_trees/rf/live_feasible/results_bar1230.csv,as scored,common,1560,2018-04-13,2024-04-30,0.15724705758709856,0.15968156189844734,-0.002434504311348767,-1.5245995106792847,-0.005482245089422471,0.00046215560077470164,-1.5550027978251115,False,False,False
live_feasible,rf,2000,bar1230,mse,12:30,tuned vs untuned,live_feasible/bar1230/rf/tw2000/causal_tune_trees/rf/live_feasible/results_bar1230.csv,as scored,deck period,1116,2020-01-03,2024-04-30,0.15158187593276187,0.15286341298521589,-0.001281537052454032,-0.8383543370040909,-0.005132739795569186,0.002371645322820556,-0.6422843985769578,False,False,False
live_feasible,rf,2000,bar1230,qlike,12:30,tuned vs untuned,live_feasible/bar1230/rf/tw2000/causal_tune_trees/rf/live_feasible/results_bar1230.csv,clock,common,1497,2018-07-11,2024-04-30,0.16031776547415072,0.16231591202862308,-0.0019981465544723753,-1.2310232123884555,-0.005765008082215228,0.001707801443147533,-1.0302084550299473,False,False,False
live_feasible,rf,2000,bar1230,qlike,12:30,tuned vs untuned,live_feasible/bar1230/rf/tw2000/causal_tune_trees/rf/live_feasible/results_bar1230.csv,clock,deck period,1116,2020-01-03,2024-04-30,0.15287129255272927,0.15472616951140772,-0.0018548769586784577,-1.1988126924719742,-0.0057250686933254654,0.0016793002664045814,-0.9413434655547861,False,False,False
live_feasible,rf,2000,bar1230,qlike,12:30,tuned vs untuned,live_feasible/bar1230/rf/tw2000/causal_tune_trees/rf/live_feasible/results_bar1230.csv,as scored,common,1560,2018-04-13,2024-04-30,0.15745815109385586,0.15968156189844734,-0.0022234108045914988,-1.392402966352196,-0.005741142168987941,0.0012629268749354758,-1.1695433907793802,False,False,False
live_feasible,rf,2000,bar1230,qlike,12:30,tuned vs untuned,live_feasible/bar1230/rf/tw2000/causal_tune_trees/rf/live_feasible/results_bar1230.csv,as scored,deck period,1116,2020-01-03,2024-04-30,0.15114246569828454,0.15286341298521589,-0.0017209472869313621,-1.1258071852012115,-0.005573367106489549,0.0018973591144264448,-0.869141229317916,False,False,False
live_feasible,rf,2000,bar1300,mse,13:00,tuned vs untuned,live_feasible/bar1300/rf/tw2000/causal_tune_trees/rf/live_feasible/results_bar1300.csv,clock,common,1497,2018-07-11,2024-04-30,0.18259114920922734,0.18742201543510742,-0.00483086622588005,-2.5775340291080577,-0.00962904015413659,-0.0007089794610786804,-2.404314415935218,True,False,False
live_feasible,rf,2000,bar1300,mse,13:00,tuned vs untuned,live_feasible/bar1300/rf/tw2000/causal_tune_trees/rf/live_feasible/results_bar1300.csv,clock,deck period,1116,2020-01-03,2024-04-30,0.17126314541576917,0.17696950776731918,-0.005706362351550042,-3.22448902273764,-0.011889615389914725,-0.0007301991662981149,-2.313452595134165,True,False,False
live_feasible,rf,2000,bar1300,mse,13:00,tuned vs untuned,live_feasible/bar1300/rf/tw2000/causal_tune_trees/rf/live_feasible/results_bar1300.csv,as scored,common,1560,2018-04-13,2024-04-30,0.17957169564570163,0.18407434942532402,-0.004502653779622391,-2.446106040129749,-0.008948596435237955,-0.0008373707932535557,-2.3585899978152614,True,False,False
live_feasible,rf,2000,bar1300,mse,13:00,tuned vs untuned,live_feasible/bar1300/rf/tw2000/causal_tune_trees/rf/live_feasible/results_bar1300.csv,as scored,deck period,1116,2020-01-03,2024-04-30,0.16993409616261082,0.1751162014444936,-0.005182105281882794,-2.9592380597207963,-0.011263408867446931,-0.0004409708133655194,-2.1312838873746314,True,False,False
live_feasible,rf,2000,bar1300,qlike,13:00,tuned vs untuned,live_feasible/bar1300/rf/tw2000/causal_tune_trees/rf/live_feasible/results_bar1300.csv,clock,common,1497,2018-07-11,2024-04-30,0.18222347753051402,0.18742201543510742,-0.005198537904593409,-2.7737071829714366,-0.010849129367767716,-0.00011881003397172068,-2.032523789637942,True,False,False
live_feasible,rf,2000,bar1300,qlike,13:00,tuned vs untuned,live_feasible/bar1300/rf/tw2000/causal_tune_trees/rf/live_feasible/results_bar1300.csv,clock,deck period,1116,2020-01-03,2024-04-30,0.1732808727453387,0.17696950776731918,-0.003688635021980495,-2.0843336620624724,-0.009740047072453626,0.0020081889169551743,-1.2843611982631515,False,False,False
live_feasible,rf,2000,bar1300,qlike,13:00,tuned vs untuned,live_feasible/bar1300/rf/tw2000/causal_tune_trees/rf/live_feasible/results_bar1300.csv,as scored,common,1560,2018-04-13,2024-04-30,0.1788640864792236,0.18407434942532402,-0.005210262946100434,-2.830520907647784,-0.010855575193339686,-6.533981368372125e-05,-2.020210035431436,True,False,False
live_feasible,rf,2000,bar1300,qlike,13:00,tuned vs untuned,live_feasible/bar1300/rf/tw2000/causal_tune_trees/rf/live_feasible/results_bar1300.csv,as scored,deck period,1116,2020-01-03,2024-04-30,0.17159054160084877,0.1751162014444936,-0.0035256598436448064,-2.013325902779093,-0.010007422330973775,0.002355064749856587,-1.1498049010337525,False,False,False
live_feasible,rf,2000,bar1330,mse,13:30,tuned vs untuned,live_feasible/bar1330/rf/tw2000/causal_tune_trees/rf/live_feasible/results_bar1330.csv,clock,common,1436,2018-08-16,2024-04-30,0.18044231138870476,0.18720085369831357,-0.006758542309608809,-3.6103159660268656,-0.011300967103893587,-0.002597322241398102,-3.090372386575729,True,False,False
live_feasible,rf,2000,bar1330,mse,13:30,tuned vs untuned,live_feasible/bar1330/rf/tw2000/causal_tune_trees/rf/live_feasible/results_bar1330.csv,clock,deck period,1088,2020-01-03,2024-04-30,0.17607024647035618,0.18325978943252277,-0.007189542962166595,-3.9231426514400876,-0.012768776724362706,-0.001729124802647454,-2.6074546109167636,True,False,False
live_feasible,rf,2000,bar1330,mse,13:30,tuned vs untuned,live_feasible/bar1330/rf/tw2000/causal_tune_trees/rf/live_feasible/results_bar1330.csv,as scored,common,1499,2018-05-17,2024-04-30,0.17831405386687532,0.1848681821794828,-0.006554128312607473,-3.545298187788893,-0.01069725898056684,-0.0027430181661322398,-3.2012608054602563,True,False,False
live_feasible,rf,2000,bar1330,mse,13:30,tuned vs untuned,live_feasible/bar1330/rf/tw2000/causal_tune_trees/rf/live_feasible/results_bar1330.csv,as scored,deck period,1088,2020-01-03,2024-04-30,0.17343852111241323,0.17984261971513849,-0.006404098602725271,-3.560946016505451,-0.01173936994293405,-0.0012917214849648062,-2.3911870130917925,True,False,False
live_feasible,rf,2000,bar1330,qlike,13:30,tuned vs untuned,live_feasible/bar1330/rf/tw2000/causal_tune_trees/rf/live_feasible/results_bar1330.csv,clock,common,1436,2018-08-16,2024-04-30,0.18211217147330988,0.18720085369831357,-0.005088682225003704,-2.7183007579679352,-0.009575381087871836,-0.000766776587436114,-2.2989712897027363,True,False,False
live_feasible,rf,2000,bar1330,qlike,13:30,tuned vs untuned,live_feasible/bar1330/rf/tw2000/causal_tune_trees/rf/live_feasible/results_bar1330.csv,clock,deck period,1088,2020-01-03,2024-04-30,0.17827421621437545,0.18325978943252277,-0.004985573218147356,-2.7204948961174433,-0.010900515125305108,0.000652715520088326,-1.7936408728116748,False,False,False
live_feasible,rf,2000,bar1330,qlike,13:30,tuned vs untuned,live_feasible/bar1330/rf/tw2000/causal_tune_trees/rf/live_feasible/results_bar1330.csv,as scored,common,1499,2018-05-17,2024-04-30,0.17989418153565093,0.1848681821794828,-0.004974000643831873,-2.6905661023933094,-0.00909969264436245,-0.00114899516708259,-2.430771620142988,True,False,False
live_feasible,rf,2000,bar1330,qlike,13:30,tuned vs untuned,live_feasible/bar1330/rf/tw2000/causal_tune_trees/rf/live_feasible/results_bar1330.csv,as scored,deck period,1088,2020-01-03,2024-04-30,0.17544358566238016,0.17984261971513849,-0.004399034052758323,-2.446046470923393,-0.010078843379885878,0.0009715709074081036,-1.6503158961998494,False,False,False
live_feasible,rf,2000,bar1400,mse,14:00,tuned vs untuned,live_feasible/bar1400/rf/tw2000/causal_tune_trees/rf/live_feasible/results_bar1400.csv,clock,common,1424,2018-08-30,2024-04-30,0.19867661740708958,0.20325151878907735,-0.004574901381987776,-2.250857169109444,-0.016246066370527387,0.006524916389653908,-0.9445315441026222,False,False,False
live_feasible,rf,2000,bar1400,mse,14:00,tuned vs untuned,live_feasible/bar1400/rf/tw2000/causal_tune_trees/rf/live_feasible/results_bar1400.csv,clock,deck period,1088,2020-01-03,2024-04-30,0.19550704977386243,0.1996836042542911,-0.0041765544804286915,-2.091586084909592,-0.01911582098123388,0.008792345105361312,-0.7371873195711824,False,False,False
live_feasible,rf,2000,bar1400,mse,14:00,tuned vs untuned,live_feasible/bar1400/rf/tw2000/causal_tune_trees/rf/live_feasible/results_bar1400.csv,as scored,common,1487,2018-06-01,2024-04-30,0.19236588280964428,0.19620453334543975,-0.003838650535795436,-1.9564535387350444,-0.015088158167814739,0.00644848004977934,-0.8072770406037535,False,False,False
live_feasible,rf,2000,bar1400,mse,14:00,tuned vs untuned,live_feasible/bar1400/rf/tw2000/causal_tune_trees/rf/live_feasible/results_bar1400.csv,as scored,deck period,1088,2020-01-03,2024-04-30,0.18813626025253088,0.19164753989274302,-0.0035112796402121432,-1.8321548203422058,-0.018623144445436793,0.010060569806329165,-0.6049849792946983,False,False,False
live_feasible,rf,2000,bar1400,qlike,14:00,tuned vs untuned,live_feasible/bar1400/rf/tw2000/causal_tune_trees/rf/live_feasible/results_bar1400.csv,clock,common,1424,2018-08-30,2024-04-30,0.19636054368005645,0.20325151878907735,-0.006890975109020856,-3.3903683229899553,-0.017054769236374757,0.00226819451502596,-1.7054115425349528,False,False,False
live_feasible,rf,2000,bar1400,qlike,14:00,tuned vs untuned,live_feasible/bar1400/rf/tw2000/causal_tune_trees/rf/live_feasible/results_bar1400.csv,clock,deck period,1088,2020-01-03,2024-04-30,0.19423991082116512,0.1996836042542911,-0.005443693433125959,-2.726159442812129,-0.01791632535345014,0.005223315408847938,-1.1249226046188392,False,False,False
live_feasible,rf,2000,bar1400,qlike,14:00,tuned vs untuned,live_feasible/bar1400/rf/tw2000/causal_tune_trees/rf/live_feasible/results_bar1400.csv,as scored,common,1487,2018-06-01,2024-04-30,0.19012838633066736,0.19620453334543975,-0.006076147014772396,-3.096843335456815,-0.015202210801558782,0.0017732499049618856,-1.560226445733901,False,False,False
live_feasible,rf,2000,bar1400,qlike,14:00,tuned vs untuned,live_feasible/bar1400/rf/tw2000/causal_tune_trees/rf/live_feasible/results_bar1400.csv,as scored,deck period,1088,2020-01-03,2024-04-30,0.1869351382717571,0.19164753989274302,-0.004712401620985945,-2.4588897011791935,-0.017491477450002676,0.006051767426353432,-0.9714358797200207,False,False,False
live_feasible,rf,2000,bar1430,mse,14:30,tuned vs untuned,live_feasible/bar1430/rf/tw2000/causal_tune_trees/rf/live_feasible/results_bar1430.csv,clock,common,1416,2018-09-10,2024-04-30,0.23098146853118304,0.23336766968446288,-0.0023862011532798325,-1.0225071692690861,-0.008283435938251031,0.0037250811365814236,-0.8006371759032179,False,False,False
live_feasible,rf,2000,bar1430,mse,14:30,tuned vs untuned,live_feasible/bar1430/rf/tw2000/causal_tune_trees/rf/live_feasible/results_bar1430.csv,clock,deck period,1087,2020-01-03,2024-04-30,0.24035001162245997,0.2425450828310386,-0.0021950712085785826,-0.905015753342528,-0.00986897208737465,0.005334422218368269,-0.5853321099539999,False,False,False
live_feasible,rf,2000,bar1430,mse,14:30,tuned vs untuned,live_feasible/bar1430/rf/tw2000/causal_tune_trees/rf/live_feasible/results_bar1430.csv,as scored,common,1479,2018-06-11,2024-04-30,0.22924304030921894,0.23161640547134835,-0.0023733651621293973,-1.024696483523914,-0.007719976448348343,0.003324852694931012,-0.8437305877486686,False,False,False
live_feasible,rf,2000,bar1430,mse,14:30,tuned vs untuned,live_feasible/bar1430/rf/tw2000/causal_tune_trees/rf/live_feasible/results_bar1430.csv,as scored,deck period,1087,2020-01-03,2024-04-30,0.23849442262856835,0.24098814448729913,-0.002493721858730766,-1.0347902649054146,-0.009946111706658331,0.004810210941482386,-0.6777390801557415,False,False,False
live_feasible,rf,2000,bar1430,qlike,14:30,tuned vs untuned,live_feasible/bar1430/rf/tw2000/causal_tune_trees/rf/live_feasible/results_bar1430.csv,clock,common,1416,2018-09-10,2024-04-30,0.22907991095360505,0.23336766968446288,-0.0042877587308578265,-1.8373405093581805,-0.010422491790629124,0.0018040977936204297,-1.4443932903702537,False,False,False
live_feasible,rf,2000,bar1430,qlike,14:30,tuned vs untuned,live_feasible/bar1430/rf/tw2000/causal_tune_trees/rf/live_feasible/results_bar1430.csv,clock,deck period,1087,2020-01-03,2024-04-30,0.23901753660806027,0.2425450828310386,-0.003527546222978316,-1.4543878530968488,-0.010717632644707951,0.004022803201558639,-0.9623237285188679,False,False,False
live_feasible,rf,2000,bar1430,qlike,14:30,tuned vs untuned,live_feasible/bar1430/rf/tw2000/causal_tune_trees/rf/live_feasible/results_bar1430.csv,as scored,common,1479,2018-06-11,2024-04-30,0.2274977710683693,0.23161640547134835,-0.004118634402979068,-1.7782135918211353,-0.009373184517508333,0.0016283295231440263,-1.4660085414957638,False,False,False
live_feasible,rf,2000,bar1430,qlike,14:30,tuned vs untuned,live_feasible/bar1430/rf/tw2000/causal_tune_trees/rf/live_feasible/results_bar1430.csv,as scored,deck period,1087,2020-01-03,2024-04-30,0.23712958072810555,0.24098814448729913,-0.0038585637591935567,-1.601142565499489,-0.010882707611357586,0.0035000379165681067,-1.0708655474209237,False,False,False
live_feasible,rf,2000,bar1500,mse,15:00,tuned vs untuned,live_feasible/bar1500/rf/tw2000/causal_tune_trees/rf/live_feasible/results_bar1500.csv,clock,common,1414,2018-09-12,2024-04-30,0.2224382539290883,0.22183950674663647,0.0005987471824518578,0.2699010610115036,-0.0062247846903059605,0.007111815111012361,0.18580064455763776,False,False,False
live_feasible,rf,2000,bar1500,mse,15:00,tuned vs untuned,live_feasible/bar1500/rf/tw2000/causal_tune_trees/rf/live_feasible/results_bar1500.csv,clock,deck period,1087,2020-01-03,2024-04-30,0.1970517583180602,0.19519645207815675,0.0018553062399034477,0.9504815380356311,-0.004310038174945531,0.008059371100341519,0.6021673644414024,False,False,False
live_feasible,rf,2000,bar1500,mse,15:00,tuned vs untuned,live_feasible/bar1500/rf/tw2000/causal_tune_trees/rf/live_feasible/results_bar1500.csv,as scored,common,1477,2018-06-13,2024-04-30,0.2175516667831631,0.21750129235830518,5.037442485798445e-05,0.02316051749016696,-0.006982349101763062,0.006830039500369733,0.01598706904373614,False,False,False
live_feasible,rf,2000,bar1500,mse,15:00,tuned vs untuned,live_feasible/bar1500/rf/tw2000/causal_tune_trees/rf/live_feasible/results_bar1500.csv,as scored,deck period,1087,2020-01-03,2024-04-30,0.1982687325293437,0.19615180304273946,0.0021169294866042487,1.0792301950663137,-0.004335891252256367,0.008604367836261714,0.6590393663339894,False,False,False
live_feasible,rf,2000,bar1500,qlike,15:00,tuned vs untuned,live_feasible/bar1500/rf/tw2000/causal_tune_trees/rf/live_feasible/results_bar1500.csv,clock,common,1414,2018-09-12,2024-04-30,0.22051331368102947,0.22183950674663647,-0.0013261930656070246,-0.5978164507558491,-0.008818447836531303,0.00644269406502424,-0.35484138429447104,False,False,False
live_feasible,rf,2000,bar1500,qlike,15:00,tuned vs untuned,live_feasible/bar1500/rf/tw2000/causal_tune_trees/rf/live_feasible/results_bar1500.csv,clock,deck period,1087,2020-01-03,2024-04-30,0.1940654859804103,0.19519645207815675,-0.0011309660977464608,-0.5793989008025727,-0.007349144427466938,0.005333615156507422,-0.3465542211152778,False,False,False
live_feasible,rf,2000,bar1500,qlike,15:00,tuned vs untuned,live_feasible/bar1500/rf/tw2000/causal_tune_trees/rf/live_feasible/results_bar1500.csv,as scored,common,1477,2018-06-13,2024-04-30,0.21495260730055016,0.21750129235830518,-0.0025486850577549763,-1.1718022592511075,-0.009992146820635992,0.005012684300906293,-0.7087690226950777,False,False,False
live_feasible,rf,2000,bar1500,qlike,15:00,tuned vs untuned,live_feasible/bar1500/rf/tw2000/causal_tune_trees/rf/live_feasible/results_bar1500.csv,as scored,deck period,1087,2020-01-03,2024-04-30,0.19499171207312155,0.19615180304273946,-0.0011600909696179054,-0.5914250858887764,-0.007711076134816731,0.005850556378777154,-0.3455776922502068,False,False,False
live_feasible,rf,2000,bar1530,mse,15:30,tuned vs untuned,live_feasible/bar1530/rf/tw2000/causal_tune_trees/rf/live_feasible/results_bar1530.csv,clock,common,1412,2018-09-14,2024-04-30,0.13802276053896226,0.13451796705645203,0.0035047934825101997,2.6054463646773462,-0.0022598333971578155,0.010975797603825504,1.0685003334808822,False,False,False
live_feasible,rf,2000,bar1530,mse,15:30,tuned vs untuned,live_feasible/bar1530/rf/tw2000/causal_tune_trees/rf/live_feasible/results_bar1530.csv,clock,deck period,1087,2020-01-03,2024-04-30,0.12760956586416336,0.12908066872793886,-0.0014711028637754992,-1.1396771323490102,-0.005444604539232969,0.0028937894490187557,-0.7406115005552832,False,False,False
live_feasible,rf,2000,bar1530,mse,15:30,tuned vs untuned,live_feasible/bar1530/rf/tw2000/causal_tune_trees/rf/live_feasible/results_bar1530.csv,as scored,common,1475,2018-06-15,2024-04-30,0.13580827333968643,0.13387736669667294,0.0019309066430134943,1.4422950575270617,-0.003062468859257495,0.008736770990181428,0.6438005353371596,False,False,False
live_feasible,rf,2000,bar1530,mse,15:30,tuned vs untuned,live_feasible/bar1530/rf/tw2000/causal_tune_trees/rf/live_feasible/results_bar1530.csv,as scored,deck period,1087,2020-01-03,2024-04-30,0.12977769880746445,0.13001365636398945,-0.00023595755652498676,-0.18148674771855822,-0.004300318935358473,0.004272660997484805,-0.11879647220015868,False,False,False
live_feasible,rf,2000,bar1530,qlike,15:30,tuned vs untuned,live_feasible/bar1530/rf/tw2000/causal_tune_trees/rf/live_feasible/results_bar1530.csv,clock,common,1412,2018-09-14,2024-04-30,0.13801432039906034,0.13451796705645203,0.0034963533426082974,2.599172005878599,-0.0023265955892711153,0.011020289094673254,1.0668833140389435,False,False,False
live_feasible,rf,2000,bar1530,qlike,15:30,tuned vs untuned,live_feasible/bar1530/rf/tw2000/causal_tune_trees/rf/live_feasible/results_bar1530.csv,clock,deck period,1087,2020-01-03,2024-04-30,0.1275986022233708,0.12908066872793886,-0.0014820665045680343,-1.1481707672988282,-0.005498243261217008,0.0030075769050988818,-0.749595968357246,False,False,False
live_feasible,rf,2000,bar1530,qlike,15:30,tuned vs untuned,live_feasible/bar1530/rf/tw2000/causal_tune_trees/rf/live_feasible/results_bar1530.csv,as scored,common,1475,2018-06-15,2024-04-30,0.1357843876425548,0.13387736669667294,0.0019070209458818658,1.4244535823614002,-0.0031347279514189726,0.008826127704161477,0.6365138777802873,False,False,False
live_feasible,rf,2000,bar1530,qlike,15:30,tuned vs untuned,live_feasible/bar1530/rf/tw2000/causal_tune_trees/rf/live_feasible/results_bar1530.csv,as scored,deck period,1087,2020-01-03,2024-04-30,0.1297624350079108,0.13001365636398945,-0.0002512213560786395,-0.19322689870002116,-0.004296979898816308,0.004205035135906048,-0.12714148281935134,False,False,False
live_feasible,rf,2000,bar1600,mse,16:00,tuned vs untuned,live_feasible/bar1600/rf/tw2000/causal_tune_trees/rf/live_feasible/results_bar1600.csv,clock,common,1406,2018-09-24,2024-04-30,0.1202280182068504,0.11893401470736568,0.0012940034994847116,1.088001193492523,-0.0018375227749876024,0.004283498900157097,0.8770137554196302,False,False,False
live_feasible,rf,2000,bar1600,mse,16:00,tuned vs untuned,live_feasible/bar1600/rf/tw2000/causal_tune_trees/rf/live_feasible/results_bar1600.csv,clock,deck period,1087,2020-01-03,2024-04-30,0.11033731132776968,0.1086763957833561,0.0016609155444135663,1.5283130549568125,-0.0023501772473503335,0.005307326918863823,0.9465998767590983,False,False,False
live_feasible,rf,2000,bar1600,mse,16:00,tuned vs untuned,live_feasible/bar1600/rf/tw2000/causal_tune_trees/rf/live_feasible/results_bar1600.csv,as scored,common,1469,2018-06-25,2024-04-30,0.11994859253480732,0.11893936411047809,0.0010092284243292371,0.8485234740214388,-0.0018639274808171947,0.003881950034520362,0.7062818526629494,False,False,False
live_feasible,rf,2000,bar1600,mse,16:00,tuned vs untuned,live_feasible/bar1600/rf/tw2000/causal_tune_trees/rf/live_feasible/results_bar1600.csv,as scored,deck period,1087,2020-01-03,2024-04-30,0.10919909922969889,0.10754801140816767,0.0016510878215312277,1.5352099959012695,-0.0023467534830504486,0.005319306452593106,0.9398321987206968,False,False,False
live_feasible,rf,2000,bar1600,qlike,16:00,tuned vs untuned,live_feasible/bar1600/rf/tw2000/causal_tune_trees/rf/live_feasible/results_bar1600.csv,clock,common,1406,2018-09-24,2024-04-30,0.1192870773394355,0.11893401470736568,0.00035306263206981583,0.2968558935292969,-0.0023093215970249373,0.0027564401211088094,0.27161865898925625,False,False,False
live_feasible,rf,2000,bar1600,qlike,16:00,tuned vs untuned,live_feasible/bar1600/rf/tw2000/causal_tune_trees/rf/live_feasible/results_bar1600.csv,clock,deck period,1087,2020-01-03,2024-04-30,0.10912023418003707,0.1086763957833561,0.00044383839668096027,0.40840367724905224,-0.002820429483881848,0.003349917630780965,0.2925498926975797,False,False,False
live_feasible,rf,2000,bar1600,qlike,16:00,tuned vs untuned,live_feasible/bar1600/rf/tw2000/causal_tune_trees/rf/live_feasible/results_bar1600.csv,as scored,common,1469,2018-06-25,2024-04-30,0.11913617207305596,0.11893936411047809,0.00019680796257789263,0.1654691565317984,-0.0023230718563358567,0.002621131969553089,0.15482600373874156,False,False,False
live_feasible,rf,2000,bar1600,qlike,16:00,tuned vs untuned,live_feasible/bar1600/rf/tw2000/causal_tune_trees/rf/live_feasible/results_bar1600.csv,as scored,deck period,1087,2020-01-03,2024-04-30,0.10811211233453441,0.10754801140816767,0.0005641009263667258,0.5245107919530398,-0.002699658347918407,0.0035090757166651486,0.3679474928679424,False,False,False
live_feasible,xgb,2000,bar1000,mse,10:00,tuned vs untuned,live_feasible/bar1000/xgb/tw2000/causal_tune_trees/xgb/live_feasible/results_bar1000.csv,clock,common,1556,2018-04-19,2024-04-30,0.13506866727873149,0.13043642389412677,0.0046322433846047156,3.551341907659655,-0.0008136149437080678,0.01013278154556286,1.7779688140583692,False,False,False
live_feasible,xgb,2000,bar1000,mse,10:00,tuned vs untuned,live_feasible/bar1000/xgb/tw2000/causal_tune_trees/xgb/live_feasible/results_bar1000.csv,clock,deck period,1116,2020-01-03,2024-04-30,0.13227707818774168,0.1271570475446844,0.005120030643057281,4.0265409915703225,-0.0005707033982217625,0.012520170195490118,1.6350059783232735,False,False,False
live_feasible,xgb,2000,bar1000,mse,10:00,tuned vs untuned,live_feasible/bar1000/xgb/tw2000/causal_tune_trees/xgb/live_feasible/results_bar1000.csv,as scored,common,1619,2018-01-19,2024-04-30,0.13428484080831093,0.1280179798481219,0.006266860960189041,4.895297494636242,0.000779103478421557,0.0128168875334889,2.239038341426295,False,True,False
live_feasible,xgb,2000,bar1000,mse,10:00,tuned vs untuned,live_feasible/bar1000/xgb/tw2000/causal_tune_trees/xgb/live_feasible/results_bar1000.csv,as scored,deck period,1116,2020-01-03,2024-04-30,0.1309475701467115,0.12461713893387802,0.006330431212833489,5.079904150417401,0.0002514917382008049,0.014625786628389465,1.9149328255308458,False,True,False
live_feasible,xgb,2000,bar1000,qlike,10:00,tuned vs untuned,live_feasible/bar1000/xgb/tw2000/causal_tune_trees/xgb/live_feasible/results_bar1000.csv,clock,common,1556,2018-04-19,2024-04-30,0.13220400212954017,0.13043642389412677,0.0017675782354133905,1.3551262620080005,-0.0026945815810642568,0.005967653190590778,0.7152391007946707,False,False,False
live_feasible,xgb,2000,bar1000,qlike,10:00,tuned vs untuned,live_feasible/bar1000/xgb/tw2000/causal_tune_trees/xgb/live_feasible/results_bar1000.csv,clock,deck period,1116,2020-01-03,2024-04-30,0.12760615467100353,0.1271570475446844,0.00044910712631914885,0.3531909044690013,-0.00431864570592993,0.005383554973767603,0.1471740341148534,False,False,False
live_feasible,xgb,2000,bar1000,qlike,10:00,tuned vs untuned,live_feasible/bar1000/xgb/tw2000/causal_tune_trees/xgb/live_feasible/results_bar1000.csv,as scored,common,1619,2018-01-19,2024-04-30,0.13155580999348437,0.1280179798481219,0.003537830145362464,2.7635416131075323,-0.0007728383469352774,0.008391105496968304,1.3687473074999021,False,False,False
live_feasible,xgb,2000,bar1000,qlike,10:00,tuned vs untuned,live_feasible/bar1000/xgb/tw2000/causal_tune_trees/xgb/live_feasible/results_bar1000.csv,as scored,deck period,1116,2020-01-03,2024-04-30,0.12635015654265294,0.12461713893387802,0.0017330176087749145,1.3906735651301185,-0.0027993902286533034,0.006767657470126189,0.5655621014641522,False,False,False
live_feasible,xgb,2000,bar1030,mse,10:30,tuned vs untuned,live_feasible/bar1030/xgb/tw2000/causal_tune_trees/xgb/live_feasible/results_bar1030.csv,clock,common,1556,2018-04-19,2024-04-30,0.1598013086066469,0.16202121988211193,-0.0022199112754650247,-1.3701361322178982,-0.005235858872491041,0.00027340046683234706,-1.735283156349845,False,False,False
live_feasible,xgb,2000,bar1030,mse,10:30,tuned vs untuned,live_feasible/bar1030/xgb/tw2000/causal_tune_trees/xgb/live_feasible/results_bar1030.csv,clock,deck period,1116,2020-01-03,2024-04-30,0.15682460270740767,0.15829856441156331,-0.001473961704155613,-0.9311276508632341,-0.00559888111567391,0.0019475371814738933,-0.9041230596403982,False,False,False
live_feasible,xgb,2000,bar1030,mse,10:30,tuned vs untuned,live_feasible/bar1030/xgb/tw2000/causal_tune_trees/xgb/live_feasible/results_bar1030.csv,as scored,common,1619,2018-01-19,2024-04-30,0.1563137118849582,0.15811831402489432,-0.0018046021399361163,-1.1412986225314783,-0.004363605375269572,0.000528900068901626,-1.4930763378538374,False,False,False
live_feasible,xgb,2000,bar1030,mse,10:30,tuned vs untuned,live_feasible/bar1030/xgb/tw2000/causal_tune_trees/xgb/live_feasible/results_bar1030.csv,as scored,deck period,1116,2020-01-03,2024-04-30,0.15271041514152311,0.15376470244291912,-0.001054287301395975,-0.6856497522813142,-0.004956927960523562,0.0020136103020976155,-0.6707790513179389,False,False,False
live_feasible,xgb,2000,bar1030,qlike,10:30,tuned vs untuned,live_feasible/bar1030/xgb/tw2000/causal_tune_trees/xgb/live_feasible/results_bar1030.csv,clock,common,1556,2018-04-19,2024-04-30,0.15995217167622544,0.16202121988211193,-0.002069048205886494,-1.2770229772322117,-0.0049923183522607726,0.0005362190226788631,-1.6077471157587309,False,False,False
live_feasible,xgb,2000,bar1030,qlike,10:30,tuned vs untuned,live_feasible/bar1030/xgb/tw2000/causal_tune_trees/xgb/live_feasible/results_bar1030.csv,clock,deck period,1116,2020-01-03,2024-04-30,0.1570349458402609,0.15829856441156331,-0.0012636185713023925,-0.7982501774413365,-0.005387514569039864,0.0021794933568410496,-0.7680555267163299,False,False,False
live_feasible,xgb,2000,bar1030,qlike,10:30,tuned vs untuned,live_feasible/bar1030/xgb/tw2000/causal_tune_trees/xgb/live_feasible/results_bar1030.csv,as scored,common,1619,2018-01-19,2024-04-30,0.1564406963448135,0.15811831402489432,-0.0016776176800808148,-1.060988849031548,-0.004289999155917881,0.0006395257067912859,-1.3722088351398356,False,False,False
live_feasible,xgb,2000,bar1030,qlike,10:30,tuned vs untuned,live_feasible/bar1030/xgb/tw2000/causal_tune_trees/xgb/live_feasible/results_bar1030.csv,as scored,deck period,1116,2020-01-03,2024-04-30,0.15287526268162469,0.15376470244291912,-0.0008894397612944055,-0.5784420918218115,-0.004832561459477375,0.0023386546551410615,-0.5567992944936174,False,False,False
live_feasible,xgb,2000,bar1100,mse,11:00,tuned vs untuned,live_feasible/bar1100/xgb/tw2000/causal_tune_trees/xgb/live_feasible/results_bar1100.csv,clock,common,1556,2018-04-19,2024-04-30,0.14874076645192097,0.1424582945862915,0.006282471865629445,4.410042871757076,0.0017681956671734105,0.012070047662719952,2.5462091433242198,False,True,False
live_feasible,xgb,2000,bar1100,mse,11:00,tuned vs untuned,live_feasible/bar1100/xgb/tw2000/causal_tune_trees/xgb/live_feasible/results_bar1100.csv,clock,deck period,1116,2020-01-03,2024-04-30,0.1509212267205733,0.1494621125153904,0.0014591142051828892,0.9762435313047254,-0.0014558451157135107,0.00433848680532927,1.0788275632964797,False,False,False
live_feasible,xgb,2000,bar1100,mse,11:00,tuned vs untuned,live_feasible/bar1100/xgb/tw2000/causal_tune_trees/xgb/live_feasible/results_bar1100.csv,as scored,common,1619,2018-01-19,2024-04-30,0.15271474580235278,0.14059383878197884,0.012120907020373946,8.62122204314375,0.0029069630644396618,0.028093789489552386,1.9297252551391042,False,True,False
live_feasible,xgb,2000,bar1100,mse,11:00,tuned vs untuned,live_feasible/bar1100/xgb/tw2000/causal_tune_trees/xgb/live_feasible/results_bar1100.csv,as scored,deck period,1116,2020-01-03,2024-04-30,0.15034485705998993,0.14713065115316096,0.003214205906828951,2.1845930005998597,0.0003551299520826163,0.006047048200006015,2.429552267727034,False,True,False
live_feasible,xgb,2000,bar1100,qlike,11:00,tuned vs untuned,live_feasible/bar1100/xgb/tw2000/causal_tune_trees/xgb/live_feasible/results_bar1100.csv,clock,common,1556,2018-04-19,2024-04-30,0.14611412848774266,0.1424582945862915,0.0036558339014511566,2.5662485375582693,-0.0012006396461010334,0.009782273820307198,1.3892654839717684,False,False,False
live_feasible,xgb,2000,bar1100,qlike,11:00,tuned vs untuned,live_feasible/bar1100/xgb/tw2000/causal_tune_trees/xgb/live_feasible/results_bar1100.csv,clock,deck period,1116,2020-01-03,2024-04-30,0.14625334649948318,0.1494621125153904,-0.0032087660159072153,-2.1468758616514285,-0.006499867452298378,2.073290576954405e-05,-1.9928446111632427,False,False,False
live_feasible,xgb,2000,bar1100,qlike,11:00,tuned vs untuned,live_feasible/bar1100/xgb/tw2000/causal_tune_trees/xgb/live_feasible/results_bar1100.csv,as scored,common,1619,2018-01-19,2024-04-30,0.1502473541469267,0.14059383878197884,0.009653515364947825,6.8662435342687305,0.00028309592379293947,0.02563227839351183,1.5225376834011568,False,True,False
live_feasible,xgb,2000,bar1100,qlike,11:00,tuned vs untuned,live_feasible/bar1100/xgb/tw2000/causal_tune_trees/xgb/live_feasible/results_bar1100.csv,as scored,deck period,1116,2020-01-03,2024-04-30,0.14587536347092966,0.14713065115316096,-0.00125528768223131,-0.8531789075850503,-0.004215085301965894,0.0016889657582192985,-0.851963409104544,False,False,False
live_feasible,xgb,2000,bar1130,mse,11:30,tuned vs untuned,live_feasible/bar1130/xgb/tw2000/causal_tune_trees/xgb/live_feasible/results_bar1130.csv,clock,common,1558,2018-04-17,2024-04-30,0.14301370033883398,0.14382569681619967,-0.0008119964773657088,-0.5645698198169622,-0.004406180442863373,0.0032752527492201293,-0.3897062379343424,False,False,False
live_feasible,xgb,2000,bar1130,mse,11:30,tuned vs untuned,live_feasible/bar1130/xgb/tw2000/causal_tune_trees/xgb/live_feasible/results_bar1130.csv,clock,deck period,1116,2020-01-03,2024-04-30,0.14518764677336193,0.1472280384123071,-0.0020403916389451653,-1.38587164574666,-0.006214433637841958,0.0033681362668265555,-0.7995516495341863,False,False,False
live_feasible,xgb,2000,bar1130,mse,11:30,tuned vs untuned,live_feasible/bar1130/xgb/tw2000/causal_tune_trees/xgb/live_feasible/results_bar1130.csv,as scored,common,1621,2018-01-17,2024-04-30,0.14235584572989957,0.14085494964715795,0.0015008960827416272,1.0655614776061304,-0.0036823216941549238,0.00823228921441545,0.49269586567306844,False,False,False
live_feasible,xgb,2000,bar1130,mse,11:30,tuned vs untuned,live_feasible/bar1130/xgb/tw2000/causal_tune_trees/xgb/live_feasible/results_bar1130.csv,as scored,deck period,1116,2020-01-03,2024-04-30,0.14403898388978387,0.14594686930300327,-0.0019078854132193864,-1.3072465496045598,-0.0059754988912084726,0.0033279005273885625,-0.755755952824996,False,False,False
live_feasible,xgb,2000,bar1130,qlike,11:30,tuned vs untuned,live_feasible/bar1130/xgb/tw2000/causal_tune_trees/xgb/live_feasible/results_bar1130.csv,clock,common,1558,2018-04-17,2024-04-30,0.14568758089153439,0.14382569681619967,0.0018618840753347066,1.294542016169808,-0.0022845106172602204,0.006744772743936713,0.7635097864234375,False,False,False
live_feasible,xgb,2000,bar1130,qlike,11:30,tuned vs untuned,live_feasible/bar1130/xgb/tw2000/causal_tune_trees/xgb/live_feasible/results_bar1130.csv,clock,deck period,1116,2020-01-03,2024-04-30,0.14889823176718187,0.1472280384123071,0.0016701933548747706,1.1344261411657546,-0.0034686839230874057,0.008662411301635314,0.5409503873409902,False,False,False
live_feasible,xgb,2000,bar1130,qlike,11:30,tuned vs untuned,live_feasible/bar1130/xgb/tw2000/causal_tune_trees/xgb/live_feasible/results_bar1130.csv,as scored,common,1621,2018-01-17,2024-04-30,0.1446813797640779,0.14085494964715795,0.003826430116919959,2.7165748356768273,-0.0016231013090979719,0.01099686816966854,1.1762892560361677,False,False,False
live_feasible,xgb,2000,bar1130,qlike,11:30,tuned vs untuned,live_feasible/bar1130/xgb/tw2000/causal_tune_trees/xgb/live_feasible/results_bar1130.csv,as scored,deck period,1116,2020-01-03,2024-04-30,0.14727299990143608,0.14594686930300327,0.0013261305984328096,0.9086392909734862,-0.0036214116987640906,0.00817363853651736,0.43829864720421646,False,False,False
live_feasible,xgb,2000,bar1200,mse,12:00,tuned vs untuned,live_feasible/bar1200/xgb/tw2000/causal_tune_trees/xgb/live_feasible/results_bar1200.csv,clock,common,1497,2018-07-11,2024-04-30,0.1577565215321729,0.1571004196515298,0.000656101880643082,0.4176321629811083,-0.0022134517760669893,0.003753753703329648,0.439520686677625,False,False,False
live_feasible,xgb,2000,bar1200,mse,12:00,tuned vs untuned,live_feasible/bar1200/xgb/tw2000/causal_tune_trees/xgb/live_feasible/results_bar1200.csv,clock,deck period,1116,2020-01-03,2024-04-30,0.14483614480135087,0.14235658468381884,0.002479560117532033,1.741795170935901,-0.00017231923400079586,0.0051673971383885044,1.8973690280245954,False,False,False
live_feasible,xgb,2000,bar1200,mse,12:00,tuned vs untuned,live_feasible/bar1200/xgb/tw2000/causal_tune_trees/xgb/live_feasible/results_bar1200.csv,as scored,common,1560,2018-04-13,2024-04-30,0.15418866585199154,0.15421077485315557,-2.2109001164039732e-05,-0.014336871846401544,-0.0027837306036810265,0.0027844330198429695,-0.015779868098181066,False,False,False
live_feasible,xgb,2000,bar1200,mse,12:00,tuned vs untuned,live_feasible/bar1200/xgb/tw2000/causal_tune_trees/xgb/live_feasible/results_bar1200.csv,as scored,deck period,1116,2020-01-03,2024-04-30,0.14244782613539492,0.14055382684917406,0.0018939992862208753,1.347525946947922,-0.0007027450668527814,0.004504959699906497,1.470307208333871,False,False,False
live_feasible,xgb,2000,bar1200,qlike,12:00,tuned vs untuned,live_feasible/bar1200/xgb/tw2000/causal_tune_trees/xgb/live_feasible/results_bar1200.csv,clock,common,1497,2018-07-11,2024-04-30,0.15975370653343537,0.1571004196515298,0.0026532868819055476,1.6889113904284283,-0.0026258714858939922,0.010246210091491095,0.97087355598973,False,False,False
live_feasible,xgb,2000,bar1200,qlike,12:00,tuned vs untuned,live_feasible/bar1200/xgb/tw2000/causal_tune_trees/xgb/live_feasible/results_bar1200.csv,clock,deck period,1116,2020-01-03,2024-04-30,0.14751516446702284,0.14235658468381884,0.005158579783203996,3.6237029672083394,-0.0011110923691448405,0.0149586396168779,1.6176636235850375,False,False,False
live_feasible,xgb,2000,bar1200,qlike,12:00,tuned vs untuned,live_feasible/bar1200/xgb/tw2000/causal_tune_trees/xgb/live_feasible/results_bar1200.csv,as scored,common,1560,2018-04-13,2024-04-30,0.15620868024549478,0.15421077485315557,0.0019979053923392044,1.2955679616042874,-0.0028547734243850736,0.009182471834408816,0.7654835751856911,False,False,False
live_feasible,xgb,2000,bar1200,qlike,12:00,tuned vs untuned,live_feasible/bar1200/xgb/tw2000/causal_tune_trees/xgb/live_feasible/results_bar1200.csv,as scored,deck period,1116,2020-01-03,2024-04-30,0.14516095922515165,0.14055382684917406,0.00460713237597757,3.27784200491489,-0.001676704838028029,0.014260800042126886,1.4355621367752296,False,False,False
live_feasible,xgb,2000,bar1230,mse,12:30,tuned vs untuned,live_feasible/bar1230/xgb/tw2000/causal_tune_trees/xgb/live_feasible/results_bar1230.csv,clock,common,1497,2018-07-11,2024-04-30,0.15792171806547078,0.16089340828853885,-0.0029716902230680674,-1.8469931457594426,-0.005939216162851518,-8.504970147921345e-06,-1.8775911293312424,True,False,False
live_feasible,xgb,2000,bar1230,mse,12:30,tuned vs untuned,live_feasible/bar1230/xgb/tw2000/causal_tune_trees/xgb/live_feasible/results_bar1230.csv,clock,deck period,1116,2020-01-03,2024-04-30,0.1536617164776956,0.1553098861230431,-0.0016481696453474904,-1.0612136075109475,-0.005074473382824769,0.0018159454937635975,-0.9080679448339481,False,False,False
live_feasible,xgb,2000,bar1230,mse,12:30,tuned vs untuned,live_feasible/bar1230/xgb/tw2000/causal_tune_trees/xgb/live_feasible/results_bar1230.csv,as scored,common,1560,2018-04-13,2024-04-30,0.15561083190751537,0.15810022243482683,-0.0024893905273114312,-1.5745648481535977,-0.0053695952942392905,0.0003756317243382776,-1.6308265958471444,False,False,False
live_feasible,xgb,2000,bar1230,mse,12:30,tuned vs untuned,live_feasible/bar1230/xgb/tw2000/causal_tune_trees/xgb/live_feasible/results_bar1230.csv,as scored,deck period,1116,2020-01-03,2024-04-30,0.15199793258797004,0.15328051106256266,-0.00128257847459263,-0.8367524779905877,-0.004671586394509454,0.0021705891379941605,-0.7073826272097146,False,False,False
live_feasible,xgb,2000,bar1230,qlike,12:30,tuned vs untuned,live_feasible/bar1230/xgb/tw2000/causal_tune_trees/xgb/live_feasible/results_bar1230.csv,clock,common,1497,2018-07-11,2024-04-30,0.15528224611190808,0.16089340828853885,-0.005611162176630772,-3.487502835770606,-0.009532428290752282,-0.0020049445533640354,-3.220875737126238,True,False,False
live_feasible,xgb,2000,bar1230,qlike,12:30,tuned vs untuned,live_feasible/bar1230/xgb/tw2000/causal_tune_trees/xgb/live_feasible/results_bar1230.csv,clock,deck period,1116,2020-01-03,2024-04-30,0.14953220320182273,0.1553098861230431,-0.005777682921220386,-3.7200999018459515,-0.010821938939517793,-0.0009156744888324561,-2.71751079001879,True,False,False
live_feasible,xgb,2000,bar1230,qlike,12:30,tuned vs untuned,live_feasible/bar1230/xgb/tw2000/causal_tune_trees/xgb/live_feasible/results_bar1230.csv,as scored,common,1560,2018-04-13,2024-04-30,0.153115202453369,0.15810022243482683,-0.004985019981457799,-3.1530758810366373,-0.008650971665220292,-0.0014630588256101694,-3.0579049729785046,True,False,False
live_feasible,xgb,2000,bar1230,qlike,12:30,tuned vs untuned,live_feasible/bar1230/xgb/tw2000/causal_tune_trees/xgb/live_feasible/results_bar1230.csv,as scored,deck period,1116,2020-01-03,2024-04-30,0.14795734185129691,0.15328051106256266,-0.005323169211265758,-3.4728284596422467,-0.010170169916195859,-0.0006926982645652178,-2.588924721086172,True,False,False
live_feasible,xgb,2000,bar1300,mse,13:00,tuned vs untuned,live_feasible/bar1300/xgb/tw2000/causal_tune_trees/xgb/live_feasible/results_bar1300.csv,clock,common,1497,2018-07-11,2024-04-30,0.18099606882747635,0.18016152279438263,0.0008345460330937212,0.46322101420411727,-0.0019459109090566849,0.0036815721088596376,0.5325741991616207,False,False,False
live_feasible,xgb,2000,bar1300,mse,13:00,tuned vs untuned,live_feasible/bar1300/xgb/tw2000/causal_tune_trees/xgb/live_feasible/results_bar1300.csv,clock,deck period,1116,2020-01-03,2024-04-30,0.17072967997690328,0.17043958473949336,0.0002900952374099023,0.17020414468463732,-0.0029041073393335777,0.0033991296537608726,0.1711891992595176,False,False,False
live_feasible,xgb,2000,bar1300,mse,13:00,tuned vs untuned,live_feasible/bar1300/xgb/tw2000/causal_tune_trees/xgb/live_feasible/results_bar1300.csv,as scored,common,1560,2018-04-13,2024-04-30,0.1768715637328166,0.1767624433364459,0.00010912039637068729,0.06173279476737592,-0.0026465583062993173,0.002876199026627588,0.06948680412702568,False,False,False
live_feasible,xgb,2000,bar1300,mse,13:00,tuned vs untuned,live_feasible/bar1300/xgb/tw2000/causal_tune_trees/xgb/live_feasible/results_bar1300.csv,as scored,deck period,1116,2020-01-03,2024-04-30,0.1686307040193278,0.16846619350354108,0.0001645105157867393,0.09765194569038646,-0.003079380460053842,0.0032844434885382686,0.09339499469474435,False,False,False
live_feasible,xgb,2000,bar1300,qlike,13:00,tuned vs untuned,live_feasible/bar1300/xgb/tw2000/causal_tune_trees/xgb/live_feasible/results_bar1300.csv,clock,common,1497,2018-07-11,2024-04-30,0.1820509490060098,0.18016152279438263,0.0018894262116271826,1.048740142912521,-0.0014545078759451197,0.005525389673414833,1.1266483447763485,False,False,False
live_feasible,xgb,2000,bar1300,qlike,13:00,tuned vs untuned,live_feasible/bar1300/xgb/tw2000/causal_tune_trees/xgb/live_feasible/results_bar1300.csv,clock,deck period,1116,2020-01-03,2024-04-30,0.1717845290814691,0.17043958473949336,0.0013449443419757208,0.789103273181161,-0.002831223767486493,0.006369547736638761,0.653010288538976,False,False,False
live_feasible,xgb,2000,bar1300,qlike,13:00,tuned vs untuned,live_feasible/bar1300/xgb/tw2000/causal_tune_trees/xgb/live_feasible/results_bar1300.csv,as scored,common,1560,2018-04-13,2024-04-30,0.1782324881753277,0.1767624433364459,0.001470044838881792,0.8316499880485018,-0.0020050768643864996,0.0055004571620461155,0.8094651431757225,False,False,False
live_feasible,xgb,2000,bar1300,qlike,13:00,tuned vs untuned,live_feasible/bar1300/xgb/tw2000/causal_tune_trees/xgb/live_feasible/results_bar1300.csv,as scored,deck period,1116,2020-01-03,2024-04-30,0.17013831969566506,0.16846619350354108,0.0016721261921239872,0.9925588970399808,-0.002657904093742947,0.006962756220633879,0.7068328274510641,False,False,False
live_feasible,xgb,2000,bar1330,mse,13:30,tuned vs untuned,live_feasible/bar1330/xgb/tw2000/causal_tune_trees/xgb/live_feasible/results_bar1330.csv,clock,common,1436,2018-08-16,2024-04-30,0.1814294079465488,0.18317093551721517,-0.0017415275706664092,-0.9507663242254571,-0.005055574612353853,0.00168003934695388,-1.0536685875923713,False,False,False
live_feasible,xgb,2000,bar1330,mse,13:30,tuned vs untuned,live_feasible/bar1330/xgb/tw2000/causal_tune_trees/xgb/live_feasible/results_bar1330.csv,clock,deck period,1088,2020-01-03,2024-04-30,0.17715593166429638,0.17940510479678873,-0.0022491731324923527,-1.2536840214440832,-0.0064153640638713455,0.0012066888854456892,-1.2366119926637897,False,False,False
live_feasible,xgb,2000,bar1330,mse,13:30,tuned vs untuned,live_feasible/bar1330/xgb/tw2000/causal_tune_trees/xgb/live_feasible/results_bar1330.csv,as scored,common,1499,2018-05-17,2024-04-30,0.17922511039199954,0.1811764233651257,-0.0019513129731261796,-1.077023674980982,-0.005428183020136133,0.0010934330831328478,-1.1993715578455597,False,False,False
live_feasible,xgb,2000,bar1330,mse,13:30,tuned vs untuned,live_feasible/bar1330/xgb/tw2000/causal_tune_trees/xgb/live_feasible/results_bar1330.csv,as scored,deck period,1088,2020-01-03,2024-04-30,0.17500421369846625,0.1771081336246336,-0.0021039199261673218,-1.1879295903069083,-0.006627668085591472,0.0013888882299663966,-1.1239911431237268,False,False,False
live_feasible,xgb,2000,bar1330,qlike,13:30,tuned vs untuned,live_feasible/bar1330/xgb/tw2000/causal_tune_trees/xgb/live_feasible/results_bar1330.csv,clock,common,1436,2018-08-16,2024-04-30,0.1806827253320784,0.18317093551721517,-0.0024882101851367716,-1.3584088425987861,-0.006046629789064865,0.0009064312742817184,-1.4922220768507752,False,False,False
live_feasible,xgb,2000,bar1330,qlike,13:30,tuned vs untuned,live_feasible/bar1330/xgb/tw2000/causal_tune_trees/xgb/live_feasible/results_bar1330.csv,clock,deck period,1088,2020-01-03,2024-04-30,0.17715638929136093,0.17940510479678873,-0.002248715505427798,-1.2534289411524306,-0.006414317816923422,0.0012078767358573402,-1.2363288033885362,False,False,False
live_feasible,xgb,2000,bar1330,qlike,13:30,tuned vs untuned,live_feasible/bar1330/xgb/tw2000/causal_tune_trees/xgb/live_feasible/results_bar1330.csv,as scored,common,1499,2018-05-17,2024-04-30,0.1788276914892462,0.1811764233651257,-0.0023487318758795297,-1.2963783213371638,-0.00583989142446522,0.0008117445252447907,-1.430097622965834,False,False,False
live_feasible,xgb,2000,bar1330,qlike,13:30,tuned vs untuned,live_feasible/bar1330/xgb/tw2000/causal_tune_trees/xgb/live_feasible/results_bar1330.csv,as scored,deck period,1088,2020-01-03,2024-04-30,0.17497044552203142,0.1771081336246336,-0.002137688102602169,-1.2069960079489215,-0.006676944632992837,0.0013525745684900149,-1.1401561061348937,False,False,False
live_feasible,xgb,2000,bar1400,mse,14:00,tuned vs untuned,live_feasible/bar1400/xgb/tw2000/causal_tune_trees/xgb/live_feasible/results_bar1400.csv,clock,common,1424,2018-08-30,2024-04-30,0.19480644885661336,0.1937875844182236,0.0010188644383897724,0.5257635268268297,-0.0030698565975286985,0.006111561411472338,0.44163478743149015,False,False,False
live_feasible,xgb,2000,bar1400,mse,14:00,tuned vs untuned,live_feasible/bar1400/xgb/tw2000/causal_tune_trees/xgb/live_feasible/results_bar1400.csv,clock,deck period,1088,2020-01-03,2024-04-30,0.19328174651708602,0.19009798770212424,0.0031837588149617965,1.6747987990018158,-0.0022593388791094736,0.009688117943694471,1.1188984169673828,False,False,False
live_feasible,xgb,2000,bar1400,mse,14:00,tuned vs untuned,live_feasible/bar1400/xgb/tw2000/causal_tune_trees/xgb/live_feasible/results_bar1400.csv,as scored,common,1487,2018-06-01,2024-04-30,0.1888834040991539,0.1881251825847204,0.0007582215144335034,0.4030409454045555,-0.003523871839487317,0.005534376601246439,0.32514588580195175,False,False,False
live_feasible,xgb,2000,bar1400,mse,14:00,tuned vs untuned,live_feasible/bar1400/xgb/tw2000/causal_tune_trees/xgb/live_feasible/results_bar1400.csv,as scored,deck period,1088,2020-01-03,2024-04-30,0.1862177762231014,0.18366983627946518,0.002547939943636233,1.3872391870374308,-0.0031588748127870754,0.00973209749979078,0.8455536966739775,False,False,False
live_feasible,xgb,2000,bar1400,qlike,14:00,tuned vs untuned,live_feasible/bar1400/xgb/tw2000/causal_tune_trees/xgb/live_feasible/results_bar1400.csv,clock,common,1424,2018-08-30,2024-04-30,0.19174314809129794,0.1937875844182236,-0.002044436326925612,-1.0549882919812872,-0.005359705603786167,0.0014346617446213997,-1.0950031261286097,False,False,False
live_feasible,xgb,2000,bar1400,qlike,14:00,tuned vs untuned,live_feasible/bar1400/xgb/tw2000/causal_tune_trees/xgb/live_feasible/results_bar1400.csv,clock,deck period,1088,2020-01-03,2024-04-30,0.1892824186902113,0.19009798770212424,-0.0008155690119129354,-0.42902558926131223,-0.004890982538872867,0.0037389091471192308,-0.35066574749298235,False,False,False
live_feasible,xgb,2000,bar1400,qlike,14:00,tuned vs untuned,live_feasible/bar1400/xgb/tw2000/causal_tune_trees/xgb/live_feasible/results_bar1400.csv,as scored,common,1487,2018-06-01,2024-04-30,0.1860391021760432,0.1881251825847204,-0.0020860804086772224,-1.1088788752339287,-0.005232323247196858,0.0011996734814246773,-1.1697470776566503,False,False,False
live_feasible,xgb,2000,bar1400,qlike,14:00,tuned vs untuned,live_feasible/bar1400/xgb/tw2000/causal_tune_trees/xgb/live_feasible/results_bar1400.csv,as scored,deck period,1088,2020-01-03,2024-04-30,0.18247249168159763,0.18366983627946518,-0.0011973445978675562,-0.6519005091536758,-0.005154281392057029,0.003300144252818421,-0.5188084023663521,False,False,False
live_feasible,xgb,2000,bar1430,mse,14:30,tuned vs untuned,live_feasible/bar1430/xgb/tw2000/causal_tune_trees/xgb/live_feasible/results_bar1430.csv,clock,common,1416,2018-09-10,2024-04-30,0.19199046717292603,0.20830911370304395,-0.016318646530117893,-7.833861053905216,-0.02287658525651645,-0.00940201340048608,-5.246166210816095,True,False,False
live_feasible,xgb,2000,bar1430,mse,14:30,tuned vs untuned,live_feasible/bar1430/xgb/tw2000/causal_tune_trees/xgb/live_feasible/results_bar1430.csv,clock,deck period,1087,2020-01-03,2024-04-30,0.200614804648819,0.21769941916069274,-0.017084614511873736,-7.847799768020001,-0.025357355473667107,-0.008826370572989718,-4.56469911046672,True,False,False
live_feasible,xgb,2000,bar1430,mse,14:30,tuned vs untuned,live_feasible/bar1430/xgb/tw2000/causal_tune_trees/xgb/live_feasible/results_bar1430.csv,as scored,common,1479,2018-06-11,2024-04-30,0.1921697207759133,0.20777408268136202,-0.01560436190544867,-7.510254264666489,-0.021965901116535704,-0.009449961432769254,-5.254808807479616,True,False,False
live_feasible,xgb,2000,bar1430,mse,14:30,tuned vs untuned,live_feasible/bar1430/xgb/tw2000/causal_tune_trees/xgb/live_feasible/results_bar1430.csv,as scored,deck period,1087,2020-01-03,2024-04-30,0.199053259912624,0.21590072279299974,-0.016847462880375755,-7.803337877904506,-0.024912050521931007,-0.00853251106051518,-4.52555868364807,True,False,False
live_feasible,xgb,2000,bar1430,qlike,14:30,tuned vs untuned,live_feasible/bar1430/xgb/tw2000/causal_tune_trees/xgb/live_feasible/results_bar1430.csv,clock,common,1416,2018-09-10,2024-04-30,0.19119274261396188,0.20830911370304395,-0.017116371089082007,-8.216813362031933,-0.023781335990010977,-0.010226604862386352,-5.446264332863654,True,False,False
live_feasible,xgb,2000,bar1430,qlike,14:30,tuned vs untuned,live_feasible/bar1430/xgb/tw2000/causal_tune_trees/xgb/live_feasible/results_bar1430.csv,clock,deck period,1087,2020-01-03,2024-04-30,0.20060805806709384,0.21769941916069274,-0.017091361093598902,-7.850898803263723,-0.025368623748171046,-0.008837433391826258,-4.566364009891468,True,False,False
live_feasible,xgb,2000,bar1430,qlike,14:30,tuned vs untuned,live_feasible/bar1430/xgb/tw2000/causal_tune_trees/xgb/live_feasible/results_bar1430.csv,as scored,common,1479,2018-06-11,2024-04-30,0.1915878249748554,0.20777408268136202,-0.016186257706506606,-7.790316047901658,-0.022749588785699278,-0.009953171343742953,-5.388049325160963,True,False,False
live_feasible,xgb,2000,bar1430,qlike,14:30,tuned vs untuned,live_feasible/bar1430/xgb/tw2000/causal_tune_trees/xgb/live_feasible/results_bar1430.csv,as scored,deck period,1087,2020-01-03,2024-04-30,0.1989497655061301,0.21590072279299974,-0.016950957286869645,-7.851273987221341,-0.025034838207752853,-0.008616298385945423,-4.540695514853269,True,False,False
live_feasible,xgb,2000,bar1500,mse,15:00,tuned vs untuned,live_feasible/bar1500/xgb/tw2000/causal_tune_trees/xgb/live_feasible/results_bar1500.csv,clock,common,1414,2018-09-12,2024-04-30,0.21601223015219373,0.21548598717398512,0.0005262429782085963,0.2442121574168549,-0.004103656034368393,0.004931541041776263,0.2564878452158563,False,False,False
live_feasible,xgb,2000,bar1500,mse,15:00,tuned vs untuned,live_feasible/bar1500/xgb/tw2000/causal_tune_trees/xgb/live_feasible/results_bar1500.csv,clock,deck period,1087,2020-01-03,2024-04-30,0.1892493109032447,0.19058865012217047,-0.0013393392189258045,-0.7027381840772081,-0.006539915295349214,0.0039125091838198844,-0.5592080363045284,False,False,False
live_feasible,xgb,2000,bar1500,mse,15:00,tuned vs untuned,live_feasible/bar1500/xgb/tw2000/causal_tune_trees/xgb/live_feasible/results_bar1500.csv,as scored,common,1477,2018-06-13,2024-04-30,0.21053311853248005,0.2100674920293157,0.00046562650316435536,0.22165566821703922,-0.003958268274411808,0.004629164621731831,0.2340715753498751,False,False,False
live_feasible,xgb,2000,bar1500,mse,15:00,tuned vs untuned,live_feasible/bar1500/xgb/tw2000/causal_tune_trees/xgb/live_feasible/results_bar1500.csv,as scored,deck period,1087,2020-01-03,2024-04-30,0.18920599036505667,0.1907506120578993,-0.0015446216928426645,-0.8097597570873425,-0.0067260901880403755,0.003720463980533666,-0.6305885357334466,False,False,False
live_feasible,xgb,2000,bar1500,qlike,15:00,tuned vs untuned,live_feasible/bar1500/xgb/tw2000/causal_tune_trees/xgb/live_feasible/results_bar1500.csv,clock,common,1414,2018-09-12,2024-04-30,0.21893307767317502,0.21548598717398512,0.0034470904991898877,1.599681976724862,-0.0034716312532330758,0.01223254542734932,1.0788696323829132,False,False,False
live_feasible,xgb,2000,bar1500,qlike,15:00,tuned vs untuned,live_feasible/bar1500/xgb/tw2000/causal_tune_trees/xgb/live_feasible/results_bar1500.csv,clock,deck period,1087,2020-01-03,2024-04-30,0.19511257120553346,0.19058865012217047,0.004523921083362978,2.373657130402608,-0.003764919050219265,0.015098347508909333,1.1694730218718803,False,False,False
live_feasible,xgb,2000,bar1500,qlike,15:00,tuned vs untuned,live_feasible/bar1500/xgb/tw2000/causal_tune_trees/xgb/live_feasible/results_bar1500.csv,as scored,common,1477,2018-06-13,2024-04-30,0.21379295167831827,0.2100674920293157,0.0037254596490025583,1.7734584313895918,-0.0024803968565566105,0.011640553054040515,1.239517570973288,False,False,False
live_feasible,xgb,2000,bar1500,qlike,15:00,tuned vs untuned,live_feasible/bar1500/xgb/tw2000/causal_tune_trees/xgb/live_feasible/results_bar1500.csv,as scored,deck period,1087,2020-01-03,2024-04-30,0.1954581607974248,0.1907506120578993,0.0047075487395255074,2.467907541023567,-0.003376587959215241,0.014567348293508742,1.2423069744486992,False,False,False
live_feasible,xgb,2000,bar1530,mse,15:30,tuned vs untuned,live_feasible/bar1530/xgb/tw2000/causal_tune_trees/xgb/live_feasible/results_bar1530.csv,clock,common,1412,2018-09-14,2024-04-30,0.13259403005111992,0.13468296764243812,-0.002088937591318187,-1.551003536589708,-0.005269632536530487,0.0018339381574597699,-1.2303156280834886,False,False,False
live_feasible,xgb,2000,bar1530,mse,15:30,tuned vs untuned,live_feasible/bar1530/xgb/tw2000/causal_tune_trees/xgb/live_feasible/results_bar1530.csv,clock,deck period,1087,2020-01-03,2024-04-30,0.1265682649400123,0.12875099263178458,-0.00218272769177228,-1.6953094086153344,-0.0059666454327748615,0.0023812158420032934,-1.104476578237569,False,False,False
live_feasible,xgb,2000,bar1530,mse,15:30,tuned vs untuned,live_feasible/bar1530/xgb/tw2000/causal_tune_trees/xgb/live_feasible/results_bar1530.csv,as scored,common,1475,2018-06-15,2024-04-30,0.13148267596289073,0.13351515560342062,-0.0020324796405298945,-1.5222838421182374,-0.0050628607206983705,0.0015858395850246614,-1.257984729568832,False,False,False
live_feasible,xgb,2000,bar1530,mse,15:30,tuned vs untuned,live_feasible/bar1530/xgb/tw2000/causal_tune_trees/xgb/live_feasible/results_bar1530.csv,as scored,deck period,1087,2020-01-03,2024-04-30,0.12745556685423143,0.12992662040168246,-0.0024710535474510463,-1.9018839555831684,-0.0061858513516556395,0.001992418894564231,-1.2700158972383033,False,False,False
live_feasible,xgb,2000,bar1530,qlike,15:30,tuned vs untuned,live_feasible/bar1530/xgb/tw2000/causal_tune_trees/xgb/live_feasible/results_bar1530.csv,clock,common,1412,2018-09-14,2024-04-30,0.13172109897253173,0.13468296764243812,-0.002961868669906372,-2.1991412290302828,-0.006579234813459898,0.0013430769809049618,-1.5330693575017036,False,False,False
live_feasible,xgb,2000,bar1530,qlike,15:30,tuned vs untuned,live_feasible/bar1530/xgb/tw2000/causal_tune_trees/xgb/live_feasible/results_bar1530.csv,clock,deck period,1087,2020-01-03,2024-04-30,0.12641847912931933,0.12875099263178458,-0.002332513502465263,-1.81164700542234,-0.006478732082646241,0.0026365798688125215,-1.0667077400650815,False,False,False
live_feasible,xgb,2000,bar1530,qlike,15:30,tuned vs untuned,live_feasible/bar1530/xgb/tw2000/causal_tune_trees/xgb/live_feasible/results_bar1530.csv,as scored,common,1475,2018-06-15,2024-04-30,0.13062370571246693,0.13351515560342062,-0.0028914498909536697,-2.1656342142476532,-0.006340265351324605,0.0012188748039125199,-1.5626259208887,False,False,False
live_feasible,xgb,2000,bar1530,qlike,15:30,tuned vs untuned,live_feasible/bar1530/xgb/tw2000/causal_tune_trees/xgb/live_feasible/results_bar1530.csv,as scored,deck period,1087,2020-01-03,2024-04-30,0.12723553513648092,0.12992662040168246,-0.002691085265201547,-2.071234714550229,-0.006860080157651714,0.0022263760295235966,-1.241133786474005,False,False,False
live_feasible,xgb,2000,bar1600,mse,16:00,tuned vs untuned,live_feasible/bar1600/xgb/tw2000/causal_tune_trees/xgb/live_feasible/results_bar1600.csv,clock,common,1406,2018-09-24,2024-04-30,0.12433900619981815,0.12019557639348447,0.00414342980633367,3.4472398491349767,0.0006516266638719845,0.007948209334797039,2.528713394015082,False,True,False
live_feasible,xgb,2000,bar1600,mse,16:00,tuned vs untuned,live_feasible/bar1600/xgb/tw2000/causal_tune_trees/xgb/live_feasible/results_bar1600.csv,clock,deck period,1087,2020-01-03,2024-04-30,0.1137773055661119,0.10900903816737618,0.004768267398735731,4.374194542854667,0.0005668255241121456,0.00954620792341982,2.663114010608763,False,True,False
live_feasible,xgb,2000,bar1600,mse,16:00,tuned vs untuned,live_feasible/bar1600/xgb/tw2000/causal_tune_trees/xgb/live_feasible/results_bar1600.csv,as scored,common,1469,2018-06-25,2024-04-30,0.12325184728714204,0.11981597639696802,0.00343587089017403,2.8676233282867742,0.00016648926653301368,0.0071071201615960575,2.167155806542391,False,True,False
live_feasible,xgb,2000,bar1600,mse,16:00,tuned vs untuned,live_feasible/bar1600/xgb/tw2000/causal_tune_trees/xgb/live_feasible/results_bar1600.csv,as scored,deck period,1087,2020-01-03,2024-04-30,0.112001439692777,0.10765844772446133,0.0043429919683156525,4.034046616974277,0.00020896464526890527,0.009088435170990476,2.4518635104937974,False,True,False
live_feasible,xgb,2000,bar1600,qlike,16:00,tuned vs untuned,live_feasible/bar1600/xgb/tw2000/causal_tune_trees/xgb/live_feasible/results_bar1600.csv,clock,common,1406,2018-09-24,2024-04-30,0.1265052744417579,0.12019557639348447,0.006309698048273434,5.249526012186475,0.001370784823156768,0.011462332979141022,2.540192866277882,False,True,False
live_feasible,xgb,2000,bar1600,qlike,16:00,tuned vs untuned,live_feasible/bar1600/xgb/tw2000/causal_tune_trees/xgb/live_feasible/results_bar1600.csv,clock,deck period,1087,2020-01-03,2024-04-30,0.11758019500920226,0.10900903816737618,0.008571156841826086,7.8627946690673856,0.0035440381351796784,0.014201619717727045,3.18942847993174,False,True,False
live_feasible,xgb,2000,bar1600,qlike,16:00,tuned vs untuned,live_feasible/bar1600/xgb/tw2000/causal_tune_trees/xgb/live_feasible/results_bar1600.csv,as scored,common,1469,2018-06-25,2024-04-30,0.12480434165757336,0.11981597639696802,0.004988365260605331,4.163355681447807,0.0003452601165038244,0.00959197626767352,2.1554236198273355,False,True,False
live_feasible,xgb,2000,bar1600,qlike,16:00,tuned vs untuned,live_feasible/bar1600/xgb/tw2000/causal_tune_trees/xgb/live_feasible/results_bar1600.csv,as scored,deck period,1087,2020-01-03,2024-04-30,0.11499519137928288,0.10765844772446133,0.007336743654821548,6.814833215503022,0.0027834774314308697,0.012391698628129685,2.825333128739201,False,True,False
