bucket,model,train_win,segment,rows,feature,family,source,mean_abs_shap,mean_shap,share,rank
all_features,lgbm,2000,bar1600,1469,har_ma_1,har_ladder,har_ladder,0.05956791767517399,0.0012325317379322735,0.11815157858439901,1
all_features,lgbm,2000,bar1600,1469,har_ma_5,har_ladder,har_ladder,0.04924211980118835,0.0058481263395157666,0.09767059877900125,2
all_features,lgbm,2000,bar1600,1469,har_ma_1_x_close,har_x_session,har_x_session,0.02593682980193078,0.001713036076213324,0.05144509837130303,3
all_features,lgbm,2000,bar1600,1469,har_ma_5_x_close,har_x_session,har_x_session,0.020503790305246537,0.001789501569487785,0.040668790954531193,4
all_features,lgbm,2000,bar1600,1469,har_ma_25,har_ladder,har_ladder,0.018780025701282628,0.001333607845822018,0.03724974397395949,5
all_features,lgbm,2000,bar1600,1469,har_ma_125,har_ladder,har_ladder,0.012141348711114837,0.001157228671979869,0.024082082643619725,6
all_features,lgbm,2000,bar1600,1469,adj_sumret_ma_5,exog:moments,sumret,0.011875103588079755,0.0008012162637955033,0.023553991637509184,7
all_features,lgbm,2000,bar1600,1469,adj_sumvolume_ma_1,exog:liquidity,sumvolume,0.010912558509926973,2.2928389168497862e-06,0.021644805873075584,8
all_features,lgbm,2000,bar1600,1469,adj_sumabsret_ewstock_ma_1,exog:market_ew,sumabsret_ewstock,0.009676545806367077,5.2155787391391696e-05,0.019193203437141586,9
all_features,lgbm,2000,bar1600,1469,har_ma_25_x_close,har_x_session,har_x_session,0.009160097037693977,0.0009406290008405589,0.018168839322058095,10
all_features,lgbm,2000,bar1600,1469,adj_sumabsret_ma_1,exog:moments,sumabsret,0.009054596466096005,-0.001423992072798988,0.017959581393254383,11
all_features,lgbm,2000,bar1600,1469,adj_sumret_ma_1,exog:moments,sumret,0.008622970057947908,0.00022479720875740348,0.017103460456486,12
all_features,lgbm,2000,bar1600,1469,adj_sumabsret_ma_5,exog:moments,sumabsret,0.00806638649614992,-0.0009371979687253706,0.01599948991316169,13
all_features,lgbm,2000,bar1600,1469,adj_sumvolume_ma_5,exog:liquidity,sumvolume,0.007164992769395714,-0.00035083098130303633,0.014211596431256916,14
all_features,lgbm,2000,bar1600,1469,adj_sumabsret_vwstock_ma_1,exog:market_vw,sumabsret_vwstock,0.006567402169735502,0.0006329888641365527,0.013026289382552103,15
all_features,lgbm,2000,bar1600,1469,har_ma_125_x_close,har_x_session,har_x_session,0.006506409999625648,0.0010952699646070054,0.012905312832405366,16
all_features,lgbm,2000,bar1600,1469,is_month_end,calendar,calendar,0.005545167688879776,-0.00025859123302390325,0.010998711076808434,17
all_features,lgbm,2000,bar1600,1469,adj_sumret_ma_25,exog:moments,sumret,0.0053796558300138,4.669974563555476e-05,0.010670422156150002,18
all_features,lgbm,2000,bar1600,1469,adj_sumret_ma_125,exog:moments,sumret,0.0051988261015829575,0.0006416402826534587,0.010311750597651043,19
all_features,lgbm,2000,bar1600,1469,adj_stocktwits_sentiment_ma_1,exog:sentiment,stocktwits_sentiment,0.00494146690348867,-0.0005380010246944125,0.00980128461688825,20
all_features,lgbm,2000,bar1600,1469,adj_sellturnover_vwstock_ma_1,exog:liquidity,sellturnover_vwstock,0.004881760584549857,0.0009107583533665835,0.00968285852261797,21
all_features,lgbm,2000,bar1600,1469,adj_sumabsret_vwstock_ma_5,exog:market_vw,sumabsret_vwstock,0.0042070831831687505,0.0003604568781272954,0.008344651596482289,22
all_features,lgbm,2000,bar1600,1469,adj_sumabsret_ewstock_ma_5,exog:market_ew,sumabsret_ewstock,0.004099633146130062,0.00035343595846070624,0.008131526948340287,23
all_features,lgbm,2000,bar1600,1469,adj_sumautocov_ma_5,exog:moments,sumautocov,0.003949788804230185,0.001310896138930043,0.00783431418300655,24
all_features,lgbm,2000,bar1600,1469,days_to_opex,calendar,calendar,0.0034886946638187,1.0172745408997512e-05,0.006919744684997412,25
all_features,lgbm,2000,bar1600,1469,adj_sumautocov_ma_1,exog:moments,sumautocov,0.0031405115501014383,0.0003525883331544821,0.006229131581036738,26
all_features,lgbm,2000,bar1600,1469,adj_sumvolume_ma_25,exog:liquidity,sumvolume,0.002883382503294273,-4.788477367317031e-05,0.005719122099996411,27
all_features,lgbm,2000,bar1600,1469,adj_sumvolume_ma_125,exog:liquidity,sumvolume,0.0026826313658021798,0.000287437629265462,0.005320936890188584,28
all_features,lgbm,2000,bar1600,1469,adj_sumret4_ma_625,exog:moments,sumret4,0.0024078310649171403,-0.0005726555091252455,0.0047758768878886065,29
all_features,lgbm,2000,bar1600,1469,adj_ofi_ewstock_ma_5,exog:liquidity,ofi_ewstock,0.00239146362571752,0.0005372891143924399,0.004743412453100662,30
all_features,lgbm,2000,bar1600,1469,adj_ofi_ewstock_ma_1,exog:liquidity,ofi_ewstock,0.0023023781718326656,0.0002944023233830633,0.004566713528306956,31
all_features,lgbm,2000,bar1600,1469,adj_sumabsret_ma_25,exog:moments,sumabsret,0.0021634324681411633,-5.700676484445743e-05,0.004291117958252086,32
all_features,lgbm,2000,bar1600,1469,adj_stocktwits_sentiment_ma_5,exog:sentiment,stocktwits_sentiment,0.0021142741494278292,6.912395317893272e-05,0.004193613576980822,33
all_features,lgbm,2000,bar1600,1469,adj_sumbipow_ma_1,exog:moments,sumbipow,0.0020756494904794975,-0.000852442359822293,0.004117002464738915,34
all_features,lgbm,2000,bar1600,1469,adj_turnover_vwstock_ma_1,exog:liquidity,turnover_vwstock,0.002032549666536743,0.00011087604002181743,0.004031514966866072,35
all_features,lgbm,2000,bar1600,1469,adj_vvix_ma_1,exog:implied_vol,vvix,0.0017586344742464572,0.0007675422252833266,0.003488210556867625,36
all_features,lgbm,2000,bar1600,1469,adj_buyturnover_vwstock_ma_1,exog:liquidity,buyturnover_vwstock,0.0017030212831937927,0.00016125098022665903,0.0033779030865138887,37
all_features,lgbm,2000,bar1600,1469,adj_voldemand_spx_open_only_ma_1,exog:vol_demand,voldemand_spx_open_only,0.0016827867854539713,0.00020205991481574997,0.0033377684310965357,38
all_features,lgbm,2000,bar1600,1469,adj_sumret3_ma_1,exog:moments,sumret3,0.0016231051003852274,-9.502693011449697e-05,0.0032193911975343177,39
all_features,lgbm,2000,bar1600,1469,adj_sumpret2_ewstock_ma_25,exog:market_ew,sumpret2_ewstock,0.001579818579474312,-0.000515300227472386,0.0031335333905695,40
all_features,lgbm,2000,bar1600,1469,adj_sumret_ma_625,exog:moments,sumret,0.0015746552722386517,0.0005329219942272252,0.003123292090815895,41
all_features,lgbm,2000,bar1600,1469,adj_sellturnover_ewstock_ma_1,exog:liquidity,sellturnover_ewstock,0.001460424791100902,5.572020536470664e-05,0.002896718589581933,42
all_features,lgbm,2000,bar1600,1469,adj_stocktwits_sentcount_ma_25,exog:sentiment,stocktwits_sentcount,0.0014566835368721156,8.172714688066368e-05,0.002889297898876794,43
all_features,lgbm,2000,bar1600,1469,adj_stocktwits_sentcount_ma_5,exog:sentiment,stocktwits_sentcount,0.0014228207602177403,0.00026509584624403857,0.0028221318693576383,44
all_features,lgbm,2000,bar1600,1469,adj_stocktwits_sentcount_ma_1,exog:sentiment,stocktwits_sentcount,0.0013986900142761653,0.0003180600809631269,0.0027742690962964203,45
all_features,lgbm,2000,bar1600,1469,adj_sumbipow_ma_5,exog:moments,sumbipow,0.0013308169123165642,-0.00033491419366045726,0.002639644377942552,46
all_features,lgbm,2000,bar1600,1469,adj_sumpret2_ewstock_ma_625,exog:market_ew,sumpret2_ewstock,0.001325055978899012,-0.0005957055922475957,0.0026282177005637138,47
all_features,lgbm,2000,bar1600,1469,adj_numobs_ma_25,exog:liquidity,numobs,0.00128088817289245,0.0008603448862442556,0.0025406118851188718,48
all_features,lgbm,2000,bar1600,1469,adj_sumpret2_ma_1,exog:moments,sumpret2,0.0012390038912107372,-0.00023312838929473198,0.002457535387035568,49
all_features,lgbm,2000,bar1600,1469,adj_vix_ma_1,exog:implied_vol,vix,0.0012251761571606236,0.0006093118844713097,0.0024301083983136328,50
all_features,lgbm,2000,bar1600,1469,adj_sumret3_ma_25,exog:moments,sumret3,0.0012176469801523468,8.102266846171148e-05,0.0024151744509189935,51
all_features,lgbm,2000,bar1600,1469,har_ma_3125,har_ladder,har_ladder,0.0012124419187933232,-2.0616110894998615e-05,0.002404850332833301,52
all_features,lgbm,2000,bar1600,1469,adj_sumautocov_ma_125,exog:moments,sumautocov,0.0012046098748652865,-0.0008298559523549412,0.0023893156559509233,53
all_features,lgbm,2000,bar1600,1469,adj_ofi_ewstock_ma_25,exog:liquidity,ofi_ewstock,0.0011676713359091155,0.00034898833467657356,0.0023160489234780534,54
all_features,lgbm,2000,bar1600,1469,adj_vix_ma_625,exog:implied_vol,vix,0.001161358096866254,-0.000736718746769417,0.0023035267607433704,55
all_features,lgbm,2000,bar1600,1469,adj_sumbipow_ma_625,exog:moments,sumbipow,0.001156593334108083,-0.0002447625768167812,0.002294075964686877,56
all_features,lgbm,2000,bar1600,1469,numobs_active_ma_625,hurdle_active,hurdle_active,0.0011442204659928086,-0.0010745383204763704,0.002269534668692481,57
all_features,lgbm,2000,bar1600,1469,DOW_4,calendar,calendar,0.001111762061150147,1.67511943274235e-05,0.0022051541779826256,58
all_features,lgbm,2000,bar1600,1469,adj_stocktwits_sentiment_ma_625,exog:sentiment,stocktwits_sentiment,0.001104939779350406,-0.00040200926426188017,0.0021916223407849158,59
all_features,lgbm,2000,bar1600,1469,adj_vix_ma_25,exog:implied_vol,vix,0.0011015205086779927,0.0005398662142747176,0.0021848402969713997,60
all_features,lgbm,2000,bar1600,1469,adj_sumabsret_ma_125,exog:moments,sumabsret,0.0010997596698183849,0.00018520010939622125,0.002181347714067463,61
all_features,lgbm,2000,bar1600,1469,adj_stocktwits_attention_ma_25,exog:sentiment,stocktwits_attention,0.0010745068812116837,4.456529682155372e-05,0.002131259395489502,62
all_features,lgbm,2000,bar1600,1469,adj_voldemand_all_open_only_ma_1,exog:vol_demand,voldemand_all_open_only,0.001067957280679567,6.929726964591165e-05,0.002118268415240929,63
all_features,lgbm,2000,bar1600,1469,adj_sumret4_ma_1,exog:moments,sumret4,0.001044485750939132,-0.0005500300700472711,0.002071713182174945,64
all_features,lgbm,2000,bar1600,1469,adj_sumbipow_vwstock_ma_5,exog:market_vw,sumbipow_vwstock,0.0010423799623793617,0.00011885122562840767,0.0020675363995675934,65
all_features,lgbm,2000,bar1600,1469,adj_sellturnover_vwstock_ma_5,exog:liquidity,sellturnover_vwstock,0.0010410145108075554,6.134512317832704e-05,0.002064828058148489,66
all_features,lgbm,2000,bar1600,1469,numobs_active_ma_3125,hurdle_active,hurdle_active,0.0010378552589721502,0.0005888420536774353,0.002058561755647632,67
all_features,lgbm,2000,bar1600,1469,adj_sumautocov_ma_625,exog:moments,sumautocov,0.0010264100113641093,-0.0008028241915880634,0.002035860373343934,68
all_features,lgbm,2000,bar1600,1469,adj_buyturnover_ewstock_ma_125,exog:liquidity,buyturnover_ewstock,0.0010130553920304174,-8.216524229719579e-05,0.0020093717966528095,69
all_features,lgbm,2000,bar1600,1469,adj_effspread_ewstock_ma_25,exog:liquidity,effspread_ewstock,0.00101101596752412,4.746385450300216e-06,0.002005326645601253,70
all_features,lgbm,2000,bar1600,1469,adj_sumret3_ewstock_ma_625,exog:market_ew,sumret3_ewstock,0.0010000663556465827,9.656650762490248e-05,0.001983608345235741,71
all_features,lgbm,2000,bar1600,1469,adj_sumret3_ma_5,exog:moments,sumret3,0.0009984029379578381,-2.26174966430954e-05,0.001980308994957256,72
all_features,lgbm,2000,bar1600,1469,adj_stocktwits_attention_ma_1,exog:sentiment,stocktwits_attention,0.0009971317972290825,-1.1350003241334228e-05,0.0019777877169007627,73
all_features,lgbm,2000,bar1600,1469,adj_sumpret2_vwstock_ma_3125,exog:market_vw,sumpret2_vwstock,0.0009968075803946936,-0.0002952933177512453,0.001977144640354163,74
all_features,lgbm,2000,bar1600,1469,adj_voldemand_spx_open_only_ma_125,exog:vol_demand,voldemand_spx_open_only,0.0009871780977288834,-0.0003835493445105516,0.0019580447855611733,75
all_features,lgbm,2000,bar1600,1469,adj_effspread_vwstock_ma_125,exog:liquidity,effspread_vwstock,0.0009777055722455074,-4.44988062999481e-06,0.0019392562516872042,76
all_features,lgbm,2000,bar1600,1469,adj_ofi_vwstock_ma_625,exog:liquidity,ofi_vwstock,0.0009571451761954106,-0.0004956229628188804,0.001898475184554958,77
all_features,lgbm,2000,bar1600,1469,adj_effspread_ewstock_ma_125,exog:liquidity,effspread_ewstock,0.0009499789140988563,0.0002943518142573397,0.0018842610704428188,78
all_features,lgbm,2000,bar1600,1469,adj_sumret3_ma_125,exog:moments,sumret3,0.0009415347396461087,-1.7043881276159452e-05,0.0018675122469087374,79
all_features,lgbm,2000,bar1600,1469,adj_vix_ma_5,exog:implied_vol,vix,0.0009403596787162756,0.0005439420773347142,0.0018651815408976642,80
all_features,lgbm,2000,bar1600,1469,adj_vvix_ma_5,exog:implied_vol,vvix,0.0009329608314430158,0.00048404645175274504,0.0018505060994997043,81
all_features,lgbm,2000,bar1600,1469,adj_ofi_ewstock_ma_625,exog:liquidity,ofi_ewstock,0.0009280078830695098,-0.0001521346867172788,0.0018406820416542065,82
all_features,lgbm,2000,bar1600,1469,adj_fomc_until_inv_ma_625,exog:fomc,fomc_until_inv,0.0009045209903656243,5.617624581282031e-05,0.0017940963365077093,83
all_features,lgbm,2000,bar1600,1469,adj_ofi_vwstock_ma_125,exog:liquidity,ofi_vwstock,0.0008839188357001845,1.944606530673608e-05,0.0017532324421336385,84
all_features,lgbm,2000,bar1600,1469,adj_sumret3_ma_625,exog:moments,sumret3,0.0008800747996009494,5.6248790908338585e-05,0.0017456078859801618,85
all_features,lgbm,2000,bar1600,1469,adj_ofi_vwstock_ma_5,exog:liquidity,ofi_vwstock,0.0008748094518190612,1.4441992464078482e-05,0.0017351641911775612,86
all_features,lgbm,2000,bar1600,1469,adj_sumpret2_ma_625,exog:moments,sumpret2,0.0008464838798535641,-0.00019713569782892242,0.0016789810783100069,87
all_features,lgbm,2000,bar1600,1469,adj_sumbipow_vwstock_ma_1,exog:market_vw,sumbipow_vwstock,0.0008447295657516471,-0.0001230643775584943,0.0016755014371111214,88
all_features,lgbm,2000,bar1600,1469,adj_sumpret2_vwstock_ma_25,exog:market_vw,sumpret2_vwstock,0.0008358575214011724,-0.00015703153220591892,0.0016579039435912787,89
all_features,lgbm,2000,bar1600,1469,adj_buyturnover_vwstock_ma_3125,exog:liquidity,buyturnover_vwstock,0.000829589910845435,-0.00021409387309991113,0.0016454722838990475,90
all_features,lgbm,2000,bar1600,1469,adj_sumabsret_ewstock_ma_625,exog:market_ew,sumabsret_ewstock,0.0008238291886257169,1.0894757309391435e-05,0.0016340460254261986,91
all_features,lgbm,2000,bar1600,1469,adj_sumret3_ewstock_ma_1,exog:market_ew,sumret3_ewstock,0.0008192642191343059,-0.000109832196627155,0.001624991514665205,92
all_features,lgbm,2000,bar1600,1469,adj_sumret4_ma_5,exog:moments,sumret4,0.0008173547310974237,-0.00021604550128675505,0.0016212040895771584,93
all_features,lgbm,2000,bar1600,1469,adj_buyturnover_vwstock_ma_5,exog:liquidity,buyturnover_vwstock,0.0008137469899635308,0.00010490304008874689,0.001614048218988938,94
all_features,lgbm,2000,bar1600,1469,adj_stocktwits_attention_ma_625,exog:sentiment,stocktwits_attention,0.0008126498158384997,0.00013082911658909477,0.0016118719996427913,95
all_features,lgbm,2000,bar1600,1469,adj_spread_ewstock_ma_25,exog:liquidity,spread_ewstock,0.0008072343292721811,-7.195900748841338e-06,0.0016011305080549493,96
all_features,lgbm,2000,bar1600,1469,adj_sellturnover_ewstock_ma_5,exog:liquidity,sellturnover_ewstock,0.0007921297225970885,0.0001788242035027068,0.0015711708721937413,97
all_features,lgbm,2000,bar1600,1469,adj_sellturnover_ewstock_ma_125,exog:liquidity,sellturnover_ewstock,0.0007801952113187918,-9.530262082664598e-05,0.0015474990467850825,98
all_features,lgbm,2000,bar1600,1469,adj_ofi_ewstock_ma_125,exog:liquidity,ofi_ewstock,0.000774912491221723,0.0002976627843102478,0.0015370208943995688,99
all_features,lgbm,2000,bar1600,1469,adj_ofi_vwstock_ma_1,exog:liquidity,ofi_vwstock,0.0007705783810326685,3.0304846309550787e-05,0.0015284242876927854,100
all_features,lgbm,2000,bar1600,1469,adj_stocktwits_sentiment_ma_25,exog:sentiment,stocktwits_sentiment,0.0007643442753201618,6.0317805102336204e-05,0.0015160590840774563,101
all_features,lgbm,2000,bar1600,1469,adj_turnover_ewstock_ma_125,exog:liquidity,turnover_ewstock,0.0007403399829267522,-0.00013944201764678148,0.0014684471286864954,102
all_features,lgbm,2000,bar1600,1469,adj_turnover_vwstock_ma_5,exog:liquidity,turnover_vwstock,0.0007379930627636951,3.6994876206017517e-05,0.001463792067155071,103
all_features,lgbm,2000,bar1600,1469,adj_sumret3_vwstock_ma_1,exog:market_vw,sumret3_vwstock,0.0007338908159655907,-1.7914293413743732e-05,0.0014556553560888584,104
all_features,lgbm,2000,bar1600,1469,adj_sumpret2_ma_5,exog:moments,sumpret2,0.0007322921332161891,-0.00020547131603465234,0.0014524844060562008,105
all_features,lgbm,2000,bar1600,1469,adj_fomc_until_inv_ma_3125,exog:fomc,fomc_until_inv,0.0007309996660565756,-3.943739984417676e-05,0.0014499208275203597,106
all_features,lgbm,2000,bar1600,1469,adj_fomc_until_inv_ma_1,exog:fomc,fomc_until_inv,0.0007258678728593225,8.76617665419418e-05,0.001439742035128615,107
all_features,lgbm,2000,bar1600,1469,adj_effspread_vwstock_ma_625,exog:liquidity,effspread_vwstock,0.0007217412006623994,-5.5748352182091455e-05,0.0014315568768522157,108
all_features,lgbm,2000,bar1600,1469,adj_turnover_ewstock_ma_1,exog:liquidity,turnover_ewstock,0.0007169782309965983,6.515989292874791e-06,0.0014221096373527133,109
all_features,lgbm,2000,bar1600,1469,adj_sellturnover_ewstock_ma_25,exog:liquidity,sellturnover_ewstock,0.0007131663774834712,0.00010209939515326273,0.0014145489146099046,110
all_features,lgbm,2000,bar1600,1469,adj_sumret3_ewstock_ma_25,exog:market_ew,sumret3_ewstock,0.0007069422276600461,0.00022245095704317617,0.0014022034582688988,111
all_features,lgbm,2000,bar1600,1469,adj_turnover_vwstock_ma_3125,exog:liquidity,turnover_vwstock,0.0007041473251525225,-0.00031707784030541187,0.0013966598341816155,112
all_features,lgbm,2000,bar1600,1469,adj_voldemand_all_open_and_close_ma_625,exog:vol_demand,voldemand_all_open_and_close,0.0007011830253140893,-0.0003102961909511995,0.0013907802144302887,113
all_features,lgbm,2000,bar1600,1469,adj_fomc_day_ma_625,exog:fomc,fomc_day,0.0006986419664652233,-5.2971847908536655e-05,0.0013857400833331007,114
all_features,lgbm,2000,bar1600,1469,adj_vvix_ma_25,exog:implied_vol,vvix,0.0006984491445693045,0.00036104723095599996,0.001385357625589443,115
all_features,lgbm,2000,bar1600,1469,adj_vvix_ma_625,exog:implied_vol,vvix,0.0006937694498239189,-0.0004201161013656689,0.0013760755599568069,116
all_features,lgbm,2000,bar1600,1469,adj_voldemand_spx_open_only_ma_25,exog:vol_demand,voldemand_spx_open_only,0.0006900713580048341,-0.00030648912936415026,0.0013687404808869366,117
all_features,lgbm,2000,bar1600,1469,har_ma_3125_x_close,har_x_session,har_x_session,0.0006553610155341811,0.00011243635442875233,0.0012998933242937497,118
all_features,lgbm,2000,bar1600,1469,adj_vvix_ma_3125,exog:implied_vol,vvix,0.0006540698584961231,-0.00011228061275183838,0.001297332344353528,119
all_features,lgbm,2000,bar1600,1469,adj_sumbipow_ewstock_ma_1,exog:market_ew,sumbipow_ewstock,0.0006494904471128037,-1.9640406556505948e-05,0.0012882491884359918,120
all_features,lgbm,2000,bar1600,1469,adj_sumret4_vwstock_ma_25,exog:market_vw,sumret4_vwstock,0.000642828618303254,7.036833268898784e-05,0.0012750356060106428,121
all_features,lgbm,2000,bar1600,1469,adj_sellturnover_vwstock_ma_25,exog:liquidity,sellturnover_vwstock,0.0006405360085133935,5.200389250942205e-05,0.0012704882678406708,122
all_features,lgbm,2000,bar1600,1469,adj_effspread_vwstock_ma_25,exog:liquidity,effspread_vwstock,0.000640262358245933,-1.6301318553033444e-06,0.0012699454889029075,123
all_features,lgbm,2000,bar1600,1469,adj_buyturnover_ewstock_ma_25,exog:liquidity,buyturnover_ewstock,0.0006387964076204863,-9.078730120771422e-05,0.0012670378099494848,124
all_features,lgbm,2000,bar1600,1469,adj_spread_vwstock_ma_625,exog:liquidity,spread_vwstock,0.0006366528844128521,5.7094312657253114e-05,0.001262786181546167,125
all_features,lgbm,2000,bar1600,1469,adj_stocktwits_attention_ma_3125,exog:sentiment,stocktwits_attention,0.0006282222896646358,-8.90359450758779e-06,0.0012460642930400285,126
all_features,lgbm,2000,bar1600,1469,adj_vix3m_ma_625,exog:implied_vol,vix3m,0.0006252789803967042,-0.0004386352994414663,0.0012402263075968485,127
all_features,lgbm,2000,bar1600,1469,adj_sumret3_ewstock_ma_5,exog:market_ew,sumret3_ewstock,0.0006116979958880092,-5.568628715136497e-07,0.0012132887408485428,128
all_features,lgbm,2000,bar1600,1469,adj_sumret3_vwstock_ma_5,exog:market_vw,sumret3_vwstock,0.0006022013627564483,5.646848749080913e-06,0.001194452390015375,129
all_features,lgbm,2000,bar1600,1469,adj_buyturnover_ewstock_ma_1,exog:liquidity,buyturnover_ewstock,0.0005986923523174121,-9.349297458296213e-06,0.0011874923494629745,130
all_features,lgbm,2000,bar1600,1469,adj_sellturnover_ewstock_ma_3125,exog:liquidity,sellturnover_ewstock,0.0005981710356476025,-0.00031225433890180867,0.0011864583299792612,131
all_features,lgbm,2000,bar1600,1469,adj_fomc_since_inv_ma_1,exog:fomc,fomc_since_inv,0.0005966367894629507,-3.093709068307972e-05,0.0011834151883733687,132
all_features,lgbm,2000,bar1600,1469,har_ma_625,har_ladder,har_ladder,0.0005959314015827102,-6.896943667223592e-05,0.0011820160679270374,133
all_features,lgbm,2000,bar1600,1469,adj_voldemand_all_open_only_ma_625,exog:vol_demand,voldemand_all_open_only,0.0005946653891262565,0.0001389124564139963,0.001179504961679322,134
all_features,lgbm,2000,bar1600,1469,adj_sumbipow_vwstock_ma_25,exog:market_vw,sumbipow_vwstock,0.0005940982475249438,-0.00019971575871393903,0.0011783800495103022,135
all_features,lgbm,2000,bar1600,1469,adj_sumret3_vwstock_ma_25,exog:market_vw,sumret3_vwstock,0.0005917699868206624,5.2730095315151164e-06,0.0011737619985811606,136
all_features,lgbm,2000,bar1600,1469,adj_sumbipow_ma_3125,exog:moments,sumbipow,0.0005881437015259498,1.2644222079665575e-05,0.0011665693460814702,137
all_features,lgbm,2000,bar1600,1469,adj_turnover_vwstock_ma_25,exog:liquidity,turnover_vwstock,0.0005870710879973157,1.5147299904883599e-05,0.0011644418421067606,138
all_features,lgbm,2000,bar1600,1469,adj_sumpret2_ewstock_ma_3125,exog:market_ew,sumpret2_ewstock,0.0005850123971425452,-0.0002734809919632118,0.001160358476701329,139
all_features,lgbm,2000,bar1600,1469,adj_stocktwits_attention_ma_5,exog:sentiment,stocktwits_attention,0.0005779393028691817,8.637186748136825e-05,0.0011463291587985069,140
all_features,lgbm,2000,bar1600,1469,adj_sumabsret_vwstock_ma_125,exog:market_vw,sumabsret_vwstock,0.0005772571518839035,5.4313285854940955e-05,0.0011449761281926189,141
all_features,lgbm,2000,bar1600,1469,adj_sumpret2_vwstock_ma_625,exog:market_vw,sumpret2_vwstock,0.0005770874589323417,-6.190571686404542e-05,0.0011446395461718907,142
all_features,lgbm,2000,bar1600,1469,adj_numobs_ma_125,exog:liquidity,numobs,0.0005714808188720625,-0.00018714479895246596,0.0011335189060768518,143
all_features,lgbm,2000,bar1600,1469,adj_fomc_since_inv_ma_3125,exog:fomc,fomc_since_inv,0.0005659259734564561,2.327507982770213e-05,0.0011225009994542783,144
all_features,lgbm,2000,bar1600,1469,adj_sumpret2_vwstock_ma_5,exog:market_vw,sumpret2_vwstock,0.0005657957996330695,-6.286915805734911e-05,0.0011222428027046897,145
all_features,lgbm,2000,bar1600,1469,adj_fomc_since_inv_ma_25,exog:fomc,fomc_since_inv,0.0005558430785023708,-8.470958047640603e-05,0.0011025018119382383,146
all_features,lgbm,2000,bar1600,1469,adj_sumbipow_ewstock_ma_625,exog:market_ew,sumbipow_ewstock,0.0005527832917416808,-0.00016793900713830804,0.001096432796098562,147
all_features,lgbm,2000,bar1600,1469,adj_sellturnover_vwstock_ma_125,exog:liquidity,sellturnover_vwstock,0.0005518247749698568,-0.00012843533929848125,0.0010945316003859941,148
all_features,lgbm,2000,bar1600,1469,adj_voldemand_spx_open_and_close_ma_125,exog:vol_demand,voldemand_spx_open_and_close,0.0005493769020651943,6.510584151304976e-05,0.00108967630144073,149
all_features,lgbm,2000,bar1600,1469,adj_sumret4_ma_3125,exog:moments,sumret4,0.0005457858721547444,2.4106090899025e-05,0.0010825535771753444,150
all_features,lgbm,2000,bar1600,1469,adj_buyturnover_ewstock_ma_3125,exog:liquidity,buyturnover_ewstock,0.000542975675581878,-0.0001858890422717789,0.001076979617665341,151
all_features,lgbm,2000,bar1600,1469,adj_ofi_vwstock_ma_25,exog:liquidity,ofi_vwstock,0.0005381145585180088,1.6979559315331112e-05,0.0010673377050856258,152
all_features,lgbm,2000,bar1600,1469,adj_spread_ewstock_ma_1,exog:liquidity,spread_ewstock,0.0005358582251427085,9.648741204793264e-05,0.0010628623203397948,153
all_features,lgbm,2000,bar1600,1469,adj_sumret4_ma_25,exog:moments,sumret4,0.0005322931850075039,-0.0001885192943206245,0.0010557911461888353,154
all_features,lgbm,2000,bar1600,1469,sumret3_ewstock_avail_ma_3125,availability,availability,0.0005316130697686352,0.00019329521795554634,0.0010544421534385796,155
all_features,lgbm,2000,bar1600,1469,adj_stocktwits_sentcount_ma_125,exog:sentiment,stocktwits_sentcount,0.0005315791202371237,9.527055740566485e-06,0.00105437481533282,156
all_features,lgbm,2000,bar1600,1469,adj_spread_ewstock_ma_625,exog:liquidity,spread_ewstock,0.0005308928224163151,5.463052648404076e-05,0.0010530135595751531,157
all_features,lgbm,2000,bar1600,1469,adj_vix_ma_125,exog:implied_vol,vix,0.0005284858119782612,-5.66146436059347e-05,0.001048239310381552,158
all_features,lgbm,2000,bar1600,1469,adj_sumbipow_ma_25,exog:moments,sumbipow,0.0005280835677394815,-0.0001278771099243074,0.001047441468294013,159
all_features,lgbm,2000,bar1600,1469,adj_voldemand_spx_open_and_close_ma_5,exog:vol_demand,voldemand_spx_open_and_close,0.0005239727812631808,-1.543049903733668e-06,0.0010392878189748136,160
all_features,lgbm,2000,bar1600,1469,adj_effspread_vwstock_ma_5,exog:liquidity,effspread_vwstock,0.0005223009036144523,1.742474297327433e-05,0.0010359716885625602,161
all_features,lgbm,2000,bar1600,1469,adj_voldemand_spx_open_and_close_ma_25,exog:vol_demand,voldemand_spx_open_and_close,0.0005109990033407032,-0.00011024391877134657,0.0010135546323607881,162
all_features,lgbm,2000,bar1600,1469,adj_sumret2_vwstock_ma_625,exog:market_vw,sumret2_vwstock,0.0005107752219288599,2.963453711052828e-05,0.001013110767137711,163
all_features,lgbm,2000,bar1600,1469,adj_vvix_ma_125,exog:implied_vol,vvix,0.0005100223684358004,0.00032059037805340417,0.001011617499752861,164
all_features,lgbm,2000,bar1600,1469,adj_fomc_since_inv_ma_125,exog:fomc,fomc_since_inv,0.000507324505666856,-3.111763089049179e-05,0.0010062663517289693,165
all_features,lgbm,2000,bar1600,1469,adj_sumbipow_ewstock_ma_5,exog:market_ew,sumbipow_ewstock,0.000505542784085119,-2.069712403007561e-05,0.0010027323484316228,166
all_features,lgbm,2000,bar1600,1469,adj_voldemand_spx_open_and_close_ma_625,exog:vol_demand,voldemand_spx_open_and_close,0.0005027585415809599,-0.00015315134149397836,0.0009972098682129585,167
all_features,lgbm,2000,bar1600,1469,adj_sumret2_vwstock_ma_3125,exog:market_vw,sumret2_vwstock,0.0005018305350494499,-0.00010204605524774128,0.0009953691888520912,168
all_features,lgbm,2000,bar1600,1469,adj_sumret3_vwstock_ma_125,exog:market_vw,sumret3_vwstock,0.0005011963405589851,1.8002317010695453e-05,0.000994111278837735,169
all_features,lgbm,2000,bar1600,1469,adj_sumret4_ewstock_ma_25,exog:market_ew,sumret4_ewstock,0.0005005023429798821,7.289452434675049e-05,0.0009927347507886616,170
all_features,lgbm,2000,bar1600,1469,adj_sumret2_ewstock_ma_1,exog:market_ew,sumret2_ewstock,0.0004956282643082869,-0.00010445806979310602,0.0009830671291616339,171
all_features,lgbm,2000,bar1600,1469,adj_sumvolume_ma_3125,exog:liquidity,sumvolume,0.0004954035830677495,2.468877138202882e-05,0.0009826214791492807,172
all_features,lgbm,2000,bar1600,1469,adj_voldemand_all_open_and_close_ma_1,exog:vol_demand,voldemand_all_open_and_close,0.0004904833503559458,-0.00016361096696492405,0.0009728623120574874,173
all_features,lgbm,2000,bar1600,1469,numobs_active_ma_125,hurdle_active,hurdle_active,0.0004903920156972043,-0.0003740204850954524,0.0009726811518871987,174
all_features,lgbm,2000,bar1600,1469,adj_sumpret2_ma_25,exog:moments,sumpret2,0.000489336820401228,-0.0001511340289641341,0.00097058819657165,175
all_features,lgbm,2000,bar1600,1469,adj_sumret2_vwstock_ma_1,exog:market_vw,sumret2_vwstock,0.0004880023978932256,-3.4820646894173545e-06,0.0009679414005785655,176
all_features,lgbm,2000,bar1600,1469,adj_buyturnover_vwstock_ma_25,exog:liquidity,buyturnover_vwstock,0.0004873974198770423,-2.192374888356783e-05,0.0009667414407610896,177
all_features,lgbm,2000,bar1600,1469,adj_fomc_since_inv_ma_5,exog:fomc,fomc_since_inv,0.00048687499356472,-5.772803723232572e-06,0.0009657052203272733,178
all_features,lgbm,2000,bar1600,1469,adj_voldemand_spx_open_only_ma_5,exog:vol_demand,voldemand_spx_open_only,0.0004857925599747019,-0.00016450506482352888,0.0009635582384893179,179
all_features,lgbm,2000,bar1600,1469,adj_numobs_ma_625,exog:liquidity,numobs,0.0004780864537464636,-0.00019137373738939818,0.000948273356103965,180
all_features,lgbm,2000,bar1600,1469,adj_sumabsret_vwstock_ma_25,exog:market_vw,sumabsret_vwstock,0.0004775854284358933,-9.149252744908851e-05,0.00094727958405913,181
all_features,lgbm,2000,bar1600,1469,adj_sumret2_ewstock_ma_5,exog:market_ew,sumret2_ewstock,0.00047563755196888694,6.291543993069657e-05,0.0009434160164132171,182
all_features,lgbm,2000,bar1600,1469,adj_turnover_ewstock_ma_25,exog:liquidity,turnover_ewstock,0.00047018315252870613,-7.761467277234388e-06,0.0009325973420455582,183
all_features,lgbm,2000,bar1600,1469,voldemand_all_open_and_close_active_ma_3125,hurdle_active,hurdle_active,0.00046817830068404415,-0.00027918501253111806,0.0009286207650638622,184
all_features,lgbm,2000,bar1600,1469,adj_fomc_until_inv_ma_5,exog:fomc,fomc_until_inv,0.00046631246260812957,3.4503049367951187e-06,0.0009249199186576756,185
all_features,lgbm,2000,bar1600,1469,adj_sumbipow_vwstock_ma_625,exog:market_vw,sumbipow_vwstock,0.00046504063522931235,-0.00012088644295039566,0.0009223972786467635,186
all_features,lgbm,2000,bar1600,1469,adj_effspread_ewstock_ma_5,exog:liquidity,effspread_ewstock,0.0004618386136260925,6.69236996643598e-05,0.0009160461433066835,187
all_features,lgbm,2000,bar1600,1469,adj_sumret4_ewstock_ma_625,exog:market_ew,sumret4_ewstock,0.0004574336991705452,-3.0793985550815404e-05,0.0009073090979849019,188
all_features,lgbm,2000,bar1600,1469,adj_vix3m_ma_1,exog:implied_vol,vix3m,0.00045493978717698306,0.00014413886227817912,0.0009023624815781186,189
all_features,lgbm,2000,bar1600,1469,adj_sumret3_ewstock_ma_125,exog:market_ew,sumret3_ewstock,0.000451007400785087,-0.0001131369264611033,0.0008945626846750288,190
all_features,lgbm,2000,bar1600,1469,adj_sumbipow_ewstock_ma_125,exog:market_ew,sumbipow_ewstock,0.00045003340012486533,-0.00015701024876958045,0.0008926307770301289,191
all_features,lgbm,2000,bar1600,1469,adj_stocktwits_sentiment_ma_125,exog:sentiment,stocktwits_sentiment,0.000449306656281087,-3.4723303042761776e-05,0.0008911892975270659,192
all_features,lgbm,2000,bar1600,1469,adj_sumabsret_ewstock_ma_25,exog:market_ew,sumabsret_ewstock,0.00044923176804046046,-1.8155440960651733e-05,0.000891040758444406,193
all_features,lgbm,2000,bar1600,1469,adj_sumret2_vwstock_ma_5,exog:market_vw,sumret2_vwstock,0.0004469785132895764,2.9217999948210116e-05,0.0008865714800784661,194
all_features,lgbm,2000,bar1600,1469,adj_sumpret2_ma_3125,exog:moments,sumpret2,0.00044639163110317897,-1.2504339673371774e-05,0.000885407412918287,195
all_features,lgbm,2000,bar1600,1469,adj_sumret4_vwstock_ma_625,exog:market_vw,sumret4_vwstock,0.00044531252533235374,-6.932927995563712e-05,0.0008832670317322635,196
all_features,lgbm,2000,bar1600,1469,adj_sumabsret_ma_3125,exog:moments,sumabsret,0.00044183864502616487,-3.7753494707089024e-05,0.0008763766709809001,197
all_features,lgbm,2000,bar1600,1469,adj_effspread_ewstock_ma_1,exog:liquidity,effspread_ewstock,0.000441129158913204,3.396060717151078e-05,0.0008749694217853323,198
all_features,lgbm,2000,bar1600,1469,adj_voldemand_all_open_and_close_ma_25,exog:vol_demand,voldemand_all_open_and_close,0.0004379196163076853,-5.841729620574985e-06,0.0008686033687122036,199
all_features,lgbm,2000,bar1600,1469,adj_sumret3_ewstock_ma_3125,exog:market_ew,sumret3_ewstock,0.0004378136396257378,-6.262049281744308e-06,0.0008683931664296004,200
all_features,lgbm,2000,bar1600,1469,adj_turnover_ewstock_ma_625,exog:liquidity,turnover_ewstock,0.0004366431054058117,-9.277374624791737e-05,0.000866071439042293,201
all_features,lgbm,2000,bar1600,1469,adj_sumautocov_ma_25,exog:moments,sumautocov,0.00043649596007245596,5.1669334044626246e-05,0.0008657795796976016,202
all_features,lgbm,2000,bar1600,1469,adj_spread_vwstock_ma_1,exog:liquidity,spread_vwstock,0.0004364410345730571,0.0001771938268506784,0.0008656706362476409,203
all_features,lgbm,2000,bar1600,1469,adj_numobs_ma_3125,exog:liquidity,numobs,0.0004344919934493291,3.668821135123073e-06,0.0008618047585322218,204
all_features,lgbm,2000,bar1600,1469,adj_buyturnover_ewstock_ma_625,exog:liquidity,buyturnover_ewstock,0.0004337254997257431,-0.00013868775989250943,0.0008602844360675258,205
all_features,lgbm,2000,bar1600,1469,adj_sumbipow_vwstock_ma_125,exog:market_vw,sumbipow_vwstock,0.0004317251143969468,-0.00016082834235268276,0.0008563167183161153,206
all_features,lgbm,2000,bar1600,1469,sumret2_ewstock_avail_ma_3125,availability,availability,0.000428795976828724,-8.234514029779974e-05,0.0008505068421095373,207
all_features,lgbm,2000,bar1600,1469,adj_fomc_until_inv_ma_25,exog:fomc,fomc_until_inv,0.0004286068219153187,-7.484052635552263e-07,0.0008501316577403655,208
all_features,lgbm,2000,bar1600,1469,adj_sumret4_vwstock_ma_125,exog:market_vw,sumret4_vwstock,0.00042618465863135114,-5.3989310908347205e-06,0.0008453273532294961,209
all_features,lgbm,2000,bar1600,1469,adj_effspread_vwstock_ma_3125,exog:liquidity,effspread_vwstock,0.00041854181173955044,3.3072359855981145e-05,0.0008301679442659448,210
all_features,lgbm,2000,bar1600,1469,adj_turnover_ewstock_ma_3125,exog:liquidity,turnover_ewstock,0.00041386250866637104,-0.00021368098352375045,0.0008208866555060156,211
all_features,lgbm,2000,bar1600,1469,adj_sumpret2_ewstock_ma_125,exog:market_ew,sumpret2_ewstock,0.00041340942232642464,-0.00011839488420812313,0.0008199879692938904,212
all_features,lgbm,2000,bar1600,1469,adj_sellturnover_vwstock_ma_3125,exog:liquidity,sellturnover_vwstock,0.00040854985362674906,-0.00015325103917877822,0.0008103491278585233,213
all_features,lgbm,2000,bar1600,1469,adj_stocktwits_sentcount_ma_3125,exog:sentiment,stocktwits_sentcount,0.0004032527085779136,0.0001505307660892263,0.0007998423639168439,214
all_features,lgbm,2000,bar1600,1469,adj_fomc_since_inv_ma_625,exog:fomc,fomc_since_inv,0.0004009223158591151,3.9947846259976675e-05,0.0007952200841865187,215
all_features,lgbm,2000,bar1600,1469,adj_stocktwits_sentcount_ma_625,exog:sentiment,stocktwits_sentcount,0.00039712762294905475,-0.00014762946050552147,0.0007876933991005716,216
all_features,lgbm,2000,bar1600,1469,adj_voldemand_all_open_and_close_ma_125,exog:vol_demand,voldemand_all_open_and_close,0.00039608421383277245,3.606485430645386e-05,0.0007856238213981856,217
all_features,lgbm,2000,bar1600,1469,adj_sumret2_ewstock_ma_25,exog:market_ew,sumret2_ewstock,0.000395584036993114,3.1704659575729556e-06,0.0007846317322756607,218
all_features,lgbm,2000,bar1600,1469,adj_sumret4_ma_125,exog:moments,sumret4,0.0003922322458971893,6.868912755818034e-06,0.0007779835326318835,219
all_features,lgbm,2000,bar1600,1469,adj_sumabsret_ewstock_ma_125,exog:market_ew,sumabsret_ewstock,0.00038747936550176246,-3.954035799707635e-06,0.0007685563049653948,220
all_features,lgbm,2000,bar1600,1469,adj_sumpret2_ewstock_ma_1,exog:market_ew,sumpret2_ewstock,0.00038730323120069826,-3.802369387350872e-05,0.0007682069466778167,221
all_features,lgbm,2000,bar1600,1469,adj_buyturnover_vwstock_ma_125,exog:liquidity,buyturnover_vwstock,0.000382753125180264,-0.00010372793348445997,0.000759181917265638,222
all_features,lgbm,2000,bar1600,1469,adj_sumabsret_ewstock_ma_3125,exog:market_ew,sumabsret_ewstock,0.00038106092226593204,2.3990561142755267e-05,0.0007558254721620219,223
all_features,lgbm,2000,bar1600,1469,adj_turnover_ewstock_ma_5,exog:liquidity,turnover_ewstock,0.0003787303471675489,-6.5299850987208785e-06,0.0007512028306860346,224
all_features,lgbm,2000,bar1600,1469,adj_sumpret2_vwstock_ma_1,exog:market_vw,sumpret2_vwstock,0.0003781057781174172,-5.6650861092226916e-05,0.0007499640125085984,225
all_features,lgbm,2000,bar1600,1469,adj_voldemand_all_open_only_ma_125,exog:vol_demand,voldemand_all_open_only,0.0003718278071785637,-2.7107481977711207e-05,0.0007375118032375388,226
all_features,lgbm,2000,bar1600,1469,adj_sumret2_ewstock_ma_125,exog:market_ew,sumret2_ewstock,0.00036861201401709715,-0.00011988616246497834,0.0007311333523321357,227
all_features,lgbm,2000,bar1600,1469,adj_sumpret2_ma_125,exog:moments,sumpret2,0.00036725362868954433,2.10764884740021e-06,0.0007284390266440793,228
all_features,lgbm,2000,bar1600,1469,adj_sumret_ma_3125,exog:moments,sumret,0.00036250523181092256,4.8300691869667435e-05,0.0007190206919288437,229
all_features,lgbm,2000,bar1600,1469,adj_sumret3_vwstock_ma_625,exog:market_vw,sumret3_vwstock,0.00036211539561651203,-4.614730962550833e-05,0.0007182474609085803,230
all_features,lgbm,2000,bar1600,1469,adj_sellturnover_ewstock_ma_625,exog:liquidity,sellturnover_ewstock,0.00035841678169956355,-2.3236605579300153e-06,0.0007109113462697464,231
all_features,lgbm,2000,bar1600,1469,adj_sumabsret_vwstock_ma_3125,exog:market_vw,sumabsret_vwstock,0.000358239241619937,-2.146640478985485e-05,0.0007105591996531018,232
all_features,lgbm,2000,bar1600,1469,adj_sumret4_ewstock_ma_3125,exog:market_ew,sumret4_ewstock,0.0003582347143370786,1.9780892639497516e-05,0.0007105502198929006,233
all_features,lgbm,2000,bar1600,1469,adj_effspread_vwstock_ma_1,exog:liquidity,effspread_vwstock,0.0003576747445347555,5.370377494963905e-05,0.0007094395328202912,234
all_features,lgbm,2000,bar1600,1469,adj_spread_vwstock_ma_5,exog:liquidity,spread_vwstock,0.0003538048446078106,5.965610838186915e-05,0.0007017636763663942,235
all_features,lgbm,2000,bar1600,1469,adj_spread_ewstock_ma_3125,exog:liquidity,spread_ewstock,0.00035299934499263716,1.0585207774845082e-05,0.0007001659866233879,236
all_features,lgbm,2000,bar1600,1469,adj_effspread_ewstock_ma_625,exog:liquidity,effspread_ewstock,0.000352749446721846,-9.328520458551484e-05,0.0006996703192183178,237
all_features,lgbm,2000,bar1600,1469,adj_sumbipow_vwstock_ma_3125,exog:market_vw,sumbipow_vwstock,0.0003502368885502388,-8.402242463967339e-05,0.000694686718551272,238
all_features,lgbm,2000,bar1600,1469,adj_voldemand_all_open_and_close_ma_3125,exog:vol_demand,voldemand_all_open_and_close,0.0003501924060124023,-3.5578046989691005e-05,0.0006945984884725662,239
all_features,lgbm,2000,bar1600,1469,adj_sumret3_vwstock_ma_3125,exog:market_vw,sumret3_vwstock,0.0003501687873694891,5.5249710140784175e-05,0.0006945516414439453,240
all_features,lgbm,2000,bar1600,1469,adj_sumret4_ewstock_ma_125,exog:market_ew,sumret4_ewstock,0.0003490501807882464,-3.6892819909378874e-05,0.0006923329113196286,241
all_features,lgbm,2000,bar1600,1469,adj_voldemand_all_open_only_ma_25,exog:vol_demand,voldemand_all_open_only,0.0003481667045359176,-6.474701875444748e-05,0.0006905805567313134,242
all_features,lgbm,2000,bar1600,1469,adj_fomc_until_inv_ma_125,exog:fomc,fomc_until_inv,0.00034760913531264897,-1.3608090901477168e-05,0.0006894746311513981,243
all_features,lgbm,2000,bar1600,1469,adj_sumret2_ewstock_ma_3125,exog:market_ew,sumret2_ewstock,0.0003471483387711035,-3.709598666053011e-05,0.0006885606519338146,244
all_features,lgbm,2000,bar1600,1469,adj_sumabsret_vwstock_ma_625,exog:market_vw,sumabsret_vwstock,0.0003437550757510795,2.517876056844363e-05,0.0006818301936936236,245
all_features,lgbm,2000,bar1600,1469,adj_sumret2_ewstock_ma_625,exog:market_ew,sumret2_ewstock,0.0003417572215240352,-2.7892593864765598e-05,0.0006778674963236401,246
all_features,lgbm,2000,bar1600,1469,adj_sumret4_vwstock_ma_3125,exog:market_vw,sumret4_vwstock,0.0003407358971064608,-1.3077253476833937e-05,0.0006758417231072381,247
all_features,lgbm,2000,bar1600,1469,adj_buyturnover_ewstock_ma_5,exog:liquidity,buyturnover_ewstock,0.00033981370001070056,-1.9721853798871745e-05,0.0006740125666269969,248
all_features,lgbm,2000,bar1600,1469,adj_sumbipow_ma_125,exog:moments,sumbipow,0.0003379027017949108,-1.467385303378576e-05,0.0006702221461342284,249
all_features,lgbm,2000,bar1600,1469,adj_sumpret2_ewstock_ma_5,exog:market_ew,sumpret2_ewstock,0.00033431177226015476,-2.4761532222390155e-05,0.0006630996209616959,250
all_features,lgbm,2000,bar1600,1469,adj_vix_ma_3125,exog:implied_vol,vix,0.00033315229848122197,-0.00015649196090425436,0.0006607998317017262,251
all_features,lgbm,2000,bar1600,1469,adj_spread_ewstock_ma_125,exog:liquidity,spread_ewstock,0.0003281324991671046,-2.898566066945857e-06,0.0006508431765711233,252
all_features,lgbm,2000,bar1600,1469,adj_sumret3_ma_3125,exog:moments,sumret3,0.0003277541273829118,2.8980303214475184e-07,0.000650092684941754,253
all_features,lgbm,2000,bar1600,1469,adj_sumabsret_ma_625,exog:moments,sumabsret,0.00032764019401990667,-9.243321854385682e-06,0.0006498667007674223,254
all_features,lgbm,2000,bar1600,1469,adj_voldemand_all_open_and_close_ma_5,exog:vol_demand,voldemand_all_open_and_close,0.0003275268664470353,5.452205589914479e-05,0.0006496419181637243,255
all_features,lgbm,2000,bar1600,1469,sumret3_vwstock_avail_ma_3125,availability,availability,0.00032422290568613485,0.00016690684261092662,0.0006430885888764729,256
all_features,lgbm,2000,bar1600,1469,adj_voldemand_spx_open_and_close_ma_1,exog:vol_demand,voldemand_spx_open_and_close,0.00032304016702582364,-7.909433723096738e-05,0.0006407426542656546,257
all_features,lgbm,2000,bar1600,1469,adj_voldemand_all_open_only_ma_5,exog:vol_demand,voldemand_all_open_only,0.0003192631864278281,-6.672615156947327e-05,0.0006332511011385288,258
all_features,lgbm,2000,bar1600,1469,adj_vix3m_ma_25,exog:implied_vol,vix3m,0.00031668423753654286,0.00015640253038222898,0.0006281358160238902,259
all_features,lgbm,2000,bar1600,1469,adj_voldemand_all_open_only_ma_3125,exog:vol_demand,voldemand_all_open_only,0.0003164858440587135,-0.00014691704609050868,0.0006277423071771616,260
all_features,lgbm,2000,bar1600,1469,adj_turnover_vwstock_ma_125,exog:liquidity,turnover_vwstock,0.00031643826049117154,-6.062070084443747e-05,0.0006276479262781947,261
all_features,lgbm,2000,bar1600,1469,adj_spread_ewstock_ma_5,exog:liquidity,spread_ewstock,0.00031525657833454207,-2.3500048047245848e-05,0.0006253040872178447,262
all_features,lgbm,2000,bar1600,1469,adj_spread_vwstock_ma_3125,exog:liquidity,spread_vwstock,0.0003131714733206182,-0.00013648503655036705,0.0006211683299423806,263
all_features,lgbm,2000,bar1600,1469,adj_sumpret2_vwstock_ma_125,exog:market_vw,sumpret2_vwstock,0.0003097248358385354,-7.022578082182113e-05,0.0006143320046987006,264
all_features,lgbm,2000,bar1600,1469,adj_vix3m_ma_5,exog:implied_vol,vix3m,0.000309070184011809,0.0001331035370244003,0.0006130335180339044,265
all_features,lgbm,2000,bar1600,1469,adj_sumbipow_ewstock_ma_25,exog:market_ew,sumbipow_ewstock,0.0003071114350566911,2.525392355081587e-06,0.0006091483850608213,266
all_features,lgbm,2000,bar1600,1469,adj_spread_vwstock_ma_25,exog:liquidity,spread_vwstock,0.00030559424536273617,5.8278502105715024e-05,0.0006061390746073276,267
all_features,lgbm,2000,bar1600,1469,adj_stocktwits_attention_ma_125,exog:sentiment,stocktwits_attention,0.00030450863767660677,2.0306365160845363e-05,0.0006039857970235956,268
all_features,lgbm,2000,bar1600,1469,adj_turnover_vwstock_ma_625,exog:liquidity,turnover_vwstock,0.00029465427865186215,-4.256222492077724e-05,0.0005844399052054527,269
all_features,lgbm,2000,bar1600,1469,adj_sumret2_vwstock_ma_25,exog:market_vw,sumret2_vwstock,0.00029232635394149854,-3.817485146266114e-06,0.0005798225207124285,270
all_features,lgbm,2000,bar1600,1469,adj_sumret4_vwstock_ma_5,exog:market_vw,sumret4_vwstock,0.00028748466645462777,3.4242541618583616e-05,0.0005702191462465701,271
all_features,lgbm,2000,bar1600,1469,adj_sumbipow_ewstock_ma_3125,exog:market_ew,sumbipow_ewstock,0.0002858960666644078,-9.548372157354733e-05,0.0005670681955288223,272
all_features,lgbm,2000,bar1600,1469,is_quarter_end,calendar,calendar,0.00028580647167528937,-8.732333773185872e-05,0.0005668904859527495,273
all_features,lgbm,2000,bar1600,1469,adj_stocktwits_sentiment_ma_3125,exog:sentiment,stocktwits_sentiment,0.0002851162526952463,-8.294717282716605e-05,0.0005655214526669849,274
all_features,lgbm,2000,bar1600,1469,har_ma_625_x_close,har_x_session,har_x_session,0.0002819282559521536,-6.153832027402536e-05,0.0005591981353106135,275
all_features,lgbm,2000,bar1600,1469,adj_sumret4_ewstock_ma_1,exog:market_ew,sumret4_ewstock,0.0002708820290248861,-3.9438129047535074e-06,0.0005372882012421596,276
all_features,lgbm,2000,bar1600,1469,adj_buyturnover_vwstock_ma_625,exog:liquidity,buyturnover_vwstock,0.000264871690113355,-4.829217907041953e-05,0.0005253668338695916,277
all_features,lgbm,2000,bar1600,1469,adj_sumret4_vwstock_ma_1,exog:market_vw,sumret4_vwstock,0.0002642409081459309,6.208698007747561e-05,0.0005241156925152785,278
all_features,lgbm,2000,bar1600,1469,voldemand_spx_open_and_close_avail_ma_3125,availability,availability,0.000263983424677757,-5.5425361679553215e-05,0.0005236049800477046,279
all_features,lgbm,2000,bar1600,1469,adj_ofi_vwstock_ma_3125,exog:liquidity,ofi_vwstock,0.00026334472692705104,3.112181357039274e-05,0.0005223381379214493,280
all_features,lgbm,2000,bar1600,1469,voldemand_spx_open_only_active_ma_625,hurdle_active,hurdle_active,0.00025765951485337655,-8.670253615210592e-05,0.0005110616520661836,281
all_features,lgbm,2000,bar1600,1469,adj_vix3m_ma_125,exog:implied_vol,vix3m,0.0002568860295659825,-0.00011178387250027773,0.0005095274619973658,282
all_features,lgbm,2000,bar1600,1469,sumret2_ewstock_avail_ma_625,availability,availability,0.000253683176452946,-4.174119283449301e-05,0.0005031746773769134,283
all_features,lgbm,2000,bar1600,1469,adj_sumvolume_ma_625,exog:liquidity,sumvolume,0.0002533163376453631,2.053234282038516e-05,0.0005024470611382817,284
all_features,lgbm,2000,bar1600,1469,voldemand_spx_open_and_close_active_ma_125,hurdle_active,hurdle_active,0.0002438994568507385,8.919996484561165e-05,0.00048376889720961854,285
all_features,lgbm,2000,bar1600,1469,adj_vix3m_ma_3125,exog:implied_vol,vix3m,0.00024304360067804086,-0.00010864210351675862,0.00048207132640654224,286
all_features,lgbm,2000,bar1600,1469,adj_voldemand_spx_open_only_ma_625,exog:vol_demand,voldemand_spx_open_only,0.00024274289014308378,-1.1603722704609111e-05,0.0004814748740578823,287
all_features,lgbm,2000,bar1600,1469,voldemand_spx_open_only_active_ma_3125,hurdle_active,hurdle_active,0.00024258051607202154,-0.00015280949761507998,0.0004811528088663174,288
all_features,lgbm,2000,bar1600,1469,adj_effspread_ewstock_ma_3125,exog:liquidity,effspread_ewstock,0.00023860111854509137,-1.73494748500748e-06,0.0004732597664708199,289
all_features,lgbm,2000,bar1600,1469,adj_sellturnover_vwstock_ma_625,exog:liquidity,sellturnover_vwstock,0.00023821130726626937,2.5680582592805495e-06,0.0004724865848700466,290
all_features,lgbm,2000,bar1600,1469,sumret3_ewstock_avail_ma_625,availability,availability,0.00023225360926618086,3.46461315866053e-05,0.00046066962952038957,291
all_features,lgbm,2000,bar1600,1469,adj_sumautocov_ma_3125,exog:moments,sumautocov,0.0002211468246380151,-6.021461616673771e-05,0.00043863958066136025,292
all_features,lgbm,2000,bar1600,1469,adj_sumret2_vwstock_ma_125,exog:market_vw,sumret2_vwstock,0.00021873134796883653,-1.6303592175747945e-05,0.0004338485388953296,293
all_features,lgbm,2000,bar1600,1469,adj_sumret4_ewstock_ma_5,exog:market_ew,sumret4_ewstock,0.0002171715639258985,4.469283249598069e-06,0.0004307547435417832,294
all_features,lgbm,2000,bar1600,1469,adj_ofi_ewstock_ma_3125,exog:liquidity,ofi_ewstock,0.0002162816865760352,4.514634093715623e-05,0.00042898969252545957,295
all_features,lgbm,2000,bar1600,1469,fomc_day_active_ma_625,hurdle_active,hurdle_active,0.00021069100953484808,1.320907923710409e-06,0.00041790071470733603,296
all_features,lgbm,2000,bar1600,1469,voldemand_all_open_only_active_ma_625,hurdle_active,hurdle_active,0.00020772228067592318,-7.818524731021277e-06,0.00041201231009692563,297
all_features,lgbm,2000,bar1600,1469,voldemand_all_open_and_close_active_ma_625,hurdle_active,hurdle_active,0.00020557671922043493,-7.195544637202282e-05,0.0004077566388764185,298
all_features,lgbm,2000,bar1600,1469,voldemand_spx_open_and_close_active_ma_625,hurdle_active,hurdle_active,0.0002053850164812398,1.0009702052000068e-05,0.0004073764009540797,299
all_features,lgbm,2000,bar1600,1469,adj_voldemand_spx_open_and_close_ma_3125,exog:vol_demand,voldemand_spx_open_and_close,0.0001922916223237609,-7.869812043063226e-05,0.00038140595832135654,300
all_features,lgbm,2000,bar1600,1469,voldemand_spx_open_and_close_active_ma_3125,hurdle_active,hurdle_active,0.00018681479312810816,-3.0218678489710048e-05,0.0003705427950556515,301
all_features,lgbm,2000,bar1600,1469,adj_spread_vwstock_ma_125,exog:liquidity,spread_vwstock,0.00018588045645003952,8.519888903636238e-07,0.0003686895599963853,302
all_features,lgbm,2000,bar1600,1469,voldemand_all_open_only_active_ma_3125,hurdle_active,hurdle_active,0.00018225845900707912,-0.00011095663883562338,0.0003615054123508687,303
all_features,lgbm,2000,bar1600,1469,adj_voldemand_spx_open_only_ma_3125,exog:vol_demand,voldemand_spx_open_only,0.00018069893669384805,3.27425575758013e-06,0.00035841213613210576,304
all_features,lgbm,2000,bar1600,1469,sumret4_ewstock_avail_ma_3125,availability,availability,0.00017199050934922714,-4.0214683015026534e-05,0.0003411391731360646,305
all_features,lgbm,2000,bar1600,1469,vix_avail_ma_625,availability,availability,0.00016911171413969841,1.4081647249283773e-05,0.0003354291498265075,306
all_features,lgbm,2000,bar1600,1469,voldemand_all_open_and_close_active_ma_125,hurdle_active,hurdle_active,0.00015871091722352972,-2.5769203501324038e-05,0.0003147994111661407,307
all_features,lgbm,2000,bar1600,1469,vix_avail_ma_3125,availability,availability,0.00015841480027914916,-4.1726421518430104e-07,0.0003142120700974981,308
all_features,lgbm,2000,bar1600,1469,DOW_2,calendar,calendar,0.00015454692624577074,5.252364964093842e-06,0.0003065402319563484,309
all_features,lgbm,2000,bar1600,1469,vvix_avail_ma_3125,availability,availability,0.0001429346729115959,6.565496322543966e-06,0.00028350759768102745,310
all_features,lgbm,2000,bar1600,1469,sumabsret_ewstock_avail_ma_3125,availability,availability,0.0001379513964947091,-3.940271906673593e-05,0.00027362338486720654,311
all_features,lgbm,2000,bar1600,1469,voldemand_spx_open_only_avail_ma_3125,availability,availability,0.00013598719768101,5.69195089408431e-07,0.0002697274422264438,312
all_features,lgbm,2000,bar1600,1469,voldemand_all_open_and_close_avail_ma_3125,availability,availability,0.00013213060096443045,-1.8575573382022623e-07,0.0002620779723807455,313
all_features,lgbm,2000,bar1600,1469,sumret3_vwstock_avail_ma_625,availability,availability,0.00012934382117649787,2.748504504004423e-05,0.0002565504595187581,314
all_features,lgbm,2000,bar1600,1469,vix3m_avail_ma_3125,availability,availability,0.00012896380672734148,-1.6297650056159495e-05,0.0002557967097016578,315
all_features,lgbm,2000,bar1600,1469,adj_fomc_day_ma_125,exog:fomc,fomc_day,0.0001080392879754404,4.594261026653322e-06,0.000214293413663389,316
all_features,lgbm,2000,bar1600,1469,sumret4_ewstock_avail_ma_625,availability,availability,9.875151035089634e-05,-1.2883913488282775e-05,0.00019587132286839572,317
all_features,lgbm,2000,bar1600,1469,vvix_avail_ma_625,availability,availability,9.743363489728065e-05,2.0448988464063308e-05,0.0001932573475726432,318
all_features,lgbm,2000,bar1600,1469,sumbipow_ewstock_avail_ma_3125,availability,availability,8.626867291078858e-05,-1.9943942782622477e-05,0.00017111190527714008,319
all_features,lgbm,2000,bar1600,1469,sumabsret_ewstock_avail_ma_625,availability,availability,8.49392083006092e-05,-1.3866397752155054e-05,0.00016847494315901906,320
all_features,lgbm,2000,bar1600,1469,voldemand_spx_open_only_active_ma_125,hurdle_active,hurdle_active,8.116927997536842e-05,2.2398005656460494e-06,0.00016099737805079845,321
all_features,lgbm,2000,bar1600,1469,fomc_release_active_ma_625,hurdle_active,hurdle_active,7.824860355160053e-05,-2.4624942256607036e-05,0.00015520428432735893,322
all_features,lgbm,2000,bar1600,1469,voldemand_all_open_only_avail_ma_3125,availability,availability,7.766489707316771e-05,-3.105910958198771e-05,0.00015404651611003006,323
all_features,lgbm,2000,bar1600,1469,vix3m_avail_ma_625,availability,availability,6.560860218644849e-05,8.587362300889157e-06,0.00013013313574792673,324
all_features,lgbm,2000,bar1600,1469,DOW_0,calendar,calendar,6.38488109829933e-05,1.1066003954140105e-05,0.00012664263084559028,325
all_features,lgbm,2000,bar1600,1469,adj_fomc_day_ma_3125,exog:fomc,fomc_day,6.096276486079376e-05,-4.310506788148806e-06,0.00012091822551947673,326
all_features,lgbm,2000,bar1600,1469,spread_ewstock_avail_ma_3125,availability,availability,5.969216577264204e-05,-3.412843987222509e-05,0.00011839802179451774,327
all_features,lgbm,2000,bar1600,1469,adj_numobs_ma_5,exog:liquidity,numobs,5.9570083600187754e-05,6.18637004613253e-06,0.0001181558746462635,328
all_features,lgbm,2000,bar1600,1469,sumbipow_ewstock_avail_ma_625,availability,availability,5.941737049803789e-05,-4.612848003544901e-06,0.00011785297176172896,329
all_features,lgbm,2000,bar1600,1469,is_opex_week,calendar,calendar,5.880525670556735e-05,2.356987164364215e-06,0.00011663885829803439,330
all_features,lgbm,2000,bar1600,1469,sumpret2_ewstock_avail_ma_3125,availability,availability,5.364871703789896e-05,-1.7461004082582038e-05,0.00010641098185806258,331
all_features,lgbm,2000,bar1600,1469,stocktwits_attention_avail_ma_625,availability,availability,5.271067928427022e-05,-5.168887832987234e-05,0.00010455040580154567,332
all_features,lgbm,2000,bar1600,1469,voldemand_spx_open_and_close_avail_ma_625,availability,availability,5.253657363409432e-05,9.049387154880716e-06,0.00010420507129579847,333
all_features,lgbm,2000,bar1600,1469,stocktwits_attention_avail_ma_3125,availability,availability,5.1449381095944625e-05,-2.3468152818587804e-05,0.00010204865019496317,334
all_features,lgbm,2000,bar1600,1469,stocktwits_sentiment_avail_ma_625,availability,availability,4.869781132896397e-05,-4.2404811246317047e-05,9.659097559020921e-05,335
all_features,lgbm,2000,bar1600,1469,fomc_day_active_ma_125,hurdle_active,hurdle_active,4.3787045877083836e-05,1.9090715063949576e-05,8.685058658817461e-05,336
all_features,lgbm,2000,bar1600,1469,fomc_release_active_ma_125,hurdle_active,hurdle_active,4.246011598634432e-05,7.3381123106049485e-06,8.421865202708052e-05,337
all_features,lgbm,2000,bar1600,1469,voldemand_all_open_only_active_ma_125,hurdle_active,hurdle_active,4.0112784137225256e-05,-1.6534958462163065e-05,7.956277392593211e-05,338
all_features,lgbm,2000,bar1600,1469,sumpret2_ewstock_avail_ma_625,availability,availability,3.981185421904969e-05,-1.7561257228811118e-06,7.896588643576331e-05,339
all_features,lgbm,2000,bar1600,1469,turnover_ewstock_avail_ma_3125,availability,availability,3.7736521625688335e-05,-4.454442627558276e-06,7.484951252908413e-05,340
all_features,lgbm,2000,bar1600,1469,buyturnover_ewstock_avail_ma_3125,availability,availability,3.6870384415703016e-05,-1.080404231173874e-05,7.313154952778381e-05,341
all_features,lgbm,2000,bar1600,1469,numobs_active_ma_25,hurdle_active,hurdle_active,3.6400688812352104e-05,2.1809161685773505e-05,7.21999192281873e-05,342
all_features,lgbm,2000,bar1600,1469,stocktwits_sentiment_avail_ma_3125,availability,availability,3.389280639170642e-05,1.5007223734678445e-05,6.722559280437069e-05,343
all_features,lgbm,2000,bar1600,1469,turnover_ewstock_avail_ma_625,availability,availability,3.385887862675541e-05,-1.6253390183571743e-06,6.715829787207741e-05,344
all_features,lgbm,2000,bar1600,1469,vix_avail_ma_125,availability,availability,3.1055403558086965e-05,1.0273755460290594e-05,6.159767030924369e-05,345
all_features,lgbm,2000,bar1600,1469,is_quad_witch,calendar,calendar,2.8223840777213124e-05,2.4992242195885825e-06,5.598133142284164e-05,346
all_features,lgbm,2000,bar1600,1469,vvix_avail_ma_125,availability,availability,2.604409580938547e-05,1.023083669846964e-05,5.165785800104748e-05,347
all_features,lgbm,2000,bar1600,1469,stocktwits_sentiment_avail_ma_125,availability,availability,2.5721155977647363e-05,-1.801847223477657e-05,5.1017314359490244e-05,348
all_features,lgbm,2000,bar1600,1469,fomc_day_active_ma_3125,hurdle_active,hurdle_active,2.3201116712817915e-05,8.670958409277373e-06,4.601887511812057e-05,349
all_features,lgbm,2000,bar1600,1469,stocktwits_sentcount_avail_ma_3125,availability,availability,2.2403411821707146e-05,1.1424507996067823e-05,4.443664602891214e-05,350
all_features,lgbm,2000,bar1600,1469,voldemand_all_open_and_close_avail_ma_625,availability,availability,2.139252237138169e-05,-2.993142263612958e-06,4.2431570327230424e-05,351
all_features,lgbm,2000,bar1600,1469,fomc_release_active_ma_3125,hurdle_active,hurdle_active,2.1342800309811294e-05,1.5509399518067524e-05,4.2332947775120275e-05,352
all_features,lgbm,2000,bar1600,1469,sellturnover_ewstock_avail_ma_3125,availability,availability,2.092683502370747e-05,-1.7194935175263875e-06,4.150789030949796e-05,353
all_features,lgbm,2000,bar1600,1469,stocktwits_sentcount_avail_ma_625,availability,availability,1.9300916501360533e-05,-7.543824402919948e-06,3.828291875496992e-05,354
all_features,lgbm,2000,bar1600,1469,voldemand_spx_open_only_avail_ma_625,availability,availability,1.782000304854918e-05,6.322028775468191e-06,3.5345561381649196e-05,355
all_features,lgbm,2000,bar1600,1469,sumret2_ewstock_avail_ma_125,availability,availability,1.7805268188368685e-05,-1.445296405197355e-05,3.531633512935615e-05,356
all_features,lgbm,2000,bar1600,1469,sumret3_ewstock_avail_ma_25,availability,availability,1.7763195139605747e-05,-1.0939981039691386e-05,3.523288421615978e-05,357
all_features,lgbm,2000,bar1600,1469,stocktwits_sentiment_avail_ma_25,availability,availability,1.7439049087888133e-05,-1.2444517465344347e-05,3.45899480653415e-05,358
all_features,lgbm,2000,bar1600,1469,effspread_ewstock_avail_ma_3125,availability,availability,1.701276491388026e-05,-5.442753180543015e-06,3.3744423325678366e-05,359
all_features,lgbm,2000,bar1600,1469,spread_vwstock_avail_ma_3125,availability,availability,1.6617213312045765e-05,-6.558585630523819e-06,3.295985592778507e-05,360
all_features,lgbm,2000,bar1600,1469,sellturnover_ewstock_avail_ma_625,availability,availability,1.597214972364697e-05,-2.1142336759579806e-06,3.168038731059688e-05,361
all_features,lgbm,2000,bar1600,1469,sumret3_ewstock_avail_ma_125,availability,availability,1.5937873463283717e-05,-3.8139477381712067e-06,3.161240114576279e-05,362
all_features,lgbm,2000,bar1600,1469,buyturnover_ewstock_avail_ma_625,availability,availability,1.4429170577509891e-05,1.6856562531600916e-06,2.861992407881124e-05,363
all_features,lgbm,2000,bar1600,1469,adj_numobs_ma_1,exog:liquidity,numobs,1.3767762838575284e-05,8.35255841537886e-06,2.7308037219357855e-05,364
all_features,lgbm,2000,bar1600,1469,sumret2_vwstock_avail_ma_3125,availability,availability,1.3333927948851474e-05,-5.667184506895e-07,2.644753581077463e-05,365
all_features,lgbm,2000,bar1600,1469,fomc_release_active_ma_25,hurdle_active,hurdle_active,1.2728940878428615e-05,1.2728940878428615e-05,2.524755803442536e-05,366
all_features,lgbm,2000,bar1600,1469,sumret4_ewstock_avail_ma_125,availability,availability,1.2576529306846159e-05,-9.191130269023417e-06,2.494525322875475e-05,367
all_features,lgbm,2000,bar1600,1469,voldemand_spx_open_and_close_active_ma_25,hurdle_active,hurdle_active,1.1692293173403856e-05,8.237049556398318e-06,2.3191391433933026e-05,368
all_features,lgbm,2000,bar1600,1469,spread_ewstock_avail_ma_625,availability,availability,1.1548955160912678e-05,-3.4237686050832706e-06,2.2907083821581467e-05,369
all_features,lgbm,2000,bar1600,1469,sumret4_vwstock_avail_ma_3125,availability,availability,1.085075300895528e-05,-4.515201562889853e-06,2.152221610009031e-05,370
all_features,lgbm,2000,bar1600,1469,sumret3_vwstock_avail_ma_125,availability,availability,9.985792017387689e-06,-6.970600871088368e-06,1.9806586100651363e-05,371
all_features,lgbm,2000,bar1600,1469,DOW_1,calendar,calendar,9.867711844149344e-06,1.5680472532793951e-07,1.957237682471684e-05,372
all_features,lgbm,2000,bar1600,1469,sumret2_ewstock_avail_ma_25,availability,availability,9.852288435805349e-06,-9.587853984263716e-06,1.9541784853163768e-05,373
all_features,lgbm,2000,bar1600,1469,stocktwits_attention_avail_ma_125,availability,availability,9.745020963374485e-06,9.325563616641945e-06,1.932902231767317e-05,374
all_features,lgbm,2000,bar1600,1469,ofi_ewstock_avail_ma_3125,availability,availability,9.393847068484188e-06,-4.16899634868829e-06,1.8632477068850198e-05,375
all_features,lgbm,2000,bar1600,1469,ofi_vwstock_avail_ma_3125,availability,availability,9.218854282659633e-06,-6.8666392128497434e-06,1.828538295018723e-05,376
all_features,lgbm,2000,bar1600,1469,sumbipow_vwstock_avail_ma_3125,availability,availability,9.137761478338742e-06,6.200987223710993e-07,1.8124537259817524e-05,377
all_features,lgbm,2000,bar1600,1469,sumabsret_ewstock_avail_ma_125,availability,availability,9.039913832605532e-06,-8.723872043930583e-06,1.79304587313857e-05,378
all_features,lgbm,2000,bar1600,1469,adj_fomc_day_ma_1,exog:fomc,fomc_day,8.7637964724444e-06,-3.0677680422417923e-07,1.7382786372659095e-05,379
all_features,lgbm,2000,bar1600,1469,voldemand_spx_open_only_avail_ma_125,availability,availability,8.71264479680011e-06,-8.71264479680011e-06,1.728132821429999e-05,380
all_features,lgbm,2000,bar1600,1469,fomc_until_inv_avail_ma_3125,availability,availability,8.391409286933744e-06,8.391409286933744e-06,1.664416505551639e-05,381
all_features,lgbm,2000,bar1600,1469,voldemand_all_open_and_close_active_ma_25,hurdle_active,hurdle_active,8.351448417648039e-06,8.205674289855846e-06,1.656490360116344e-05,382
all_features,lgbm,2000,bar1600,1469,DOW_3,calendar,calendar,7.99313355266914e-06,5.090003805561729e-07,1.5854194404337566e-05,383
all_features,lgbm,2000,bar1600,1469,stocktwits_sentcount_avail_ma_125,availability,availability,7.934294517314253e-06,-3.7325119696437026e-06,1.5737488546874622e-05,384
all_features,lgbm,2000,bar1600,1469,is_rebalance_close,calendar,calendar,7.371090022301374e-06,-2.5588675067445477e-06,1.4620385536585344e-05,385
all_features,lgbm,2000,bar1600,1469,vix3m_avail_ma_125,availability,availability,7.334122242171663e-06,-3.182451094292349e-06,1.4547060804925188e-05,386
all_features,lgbm,2000,bar1600,1469,voldemand_all_open_only_avail_ma_625,availability,availability,7.056111777475889e-06,-1.6433170001271198e-06,1.3995633517405992e-05,387
all_features,lgbm,2000,bar1600,1469,stocktwits_sentiment_avail_ma_5,availability,availability,7.019053576782924e-06,-6.8045553673966075e-06,1.3922129438662676e-05,388
all_features,lgbm,2000,bar1600,1469,ofi_ewstock_avail_ma_25,availability,availability,6.692553828774722e-06,-6.692553828774722e-06,1.3274524786021695e-05,389
all_features,lgbm,2000,bar1600,1469,voldemand_spx_open_and_close_avail_ma_125,availability,availability,6.1908156587800715e-06,-5.608766767254862e-06,1.2279338801106497e-05,390
all_features,lgbm,2000,bar1600,1469,turnover_vwstock_avail_ma_3125,availability,availability,6.025125046081238e-06,9.9477901674951e-07,1.1950695326380128e-05,391
all_features,lgbm,2000,bar1600,1469,stocktwits_sentcount_avail_ma_25,availability,availability,5.683154507005321e-06,-3.243739501015398e-07,1.1272404719656156e-05,392
all_features,lgbm,2000,bar1600,1469,sumbipow_ewstock_avail_ma_125,availability,availability,5.4695175411193926e-06,-2.7562312668604983e-06,1.084866076907781e-05,393
all_features,lgbm,2000,bar1600,1469,effspread_ewstock_avail_ma_625,availability,availability,5.295745301828054e-06,-1.8435774163576476e-06,1.050398757606179e-05,394
all_features,lgbm,2000,bar1600,1469,sumret4_ewstock_avail_ma_25,availability,availability,5.18650870712147e-06,-5.18650870712147e-06,1.0287319332358082e-05,395
all_features,lgbm,2000,bar1600,1469,sumret3_vwstock_avail_ma_25,availability,availability,4.885804507854865e-06,-4.2609370038675945e-06,9.690879550392792e-06,396
all_features,lgbm,2000,bar1600,1469,sumpret2_vwstock_avail_ma_3125,availability,availability,4.8763576660999e-06,2.5655706136415627e-06,9.672141959596474e-06,397
all_features,lgbm,2000,bar1600,1469,spread_vwstock_avail_ma_625,availability,availability,4.696845292468396e-06,-2.822841502911875e-06,9.316083343687627e-06,398
all_features,lgbm,2000,bar1600,1469,sumabsret_vwstock_avail_ma_3125,availability,availability,4.3213681440206815e-06,-3.199374472552714e-06,8.571333156961604e-06,399
all_features,lgbm,2000,bar1600,1469,voldemand_spx_open_and_close_avail_ma_1,availability,availability,4.0607014044908805e-06,-4.0607014044908805e-06,8.054306744726785e-06,400
all_features,lgbm,2000,bar1600,1469,vvix_avail_ma_25,availability,availability,3.821841731603209e-06,2.89711187791224e-06,7.580534141733924e-06,401
all_features,lgbm,2000,bar1600,1469,sumpret2_vwstock_avail_ma_625,availability,availability,3.7647276417946778e-06,-2.2999582296344967e-06,7.467249673623307e-06,402
all_features,lgbm,2000,bar1600,1469,sumret2_vwstock_avail_ma_625,availability,availability,3.4390865284486734e-06,-4.6585281488090664e-07,6.821348102854673e-06,403
all_features,lgbm,2000,bar1600,1469,sumret4_vwstock_avail_ma_625,availability,availability,3.3713155895629435e-06,-7.648850640030343e-07,6.6869260225805285e-06,404
all_features,lgbm,2000,bar1600,1469,sumpret2_ewstock_avail_ma_125,availability,availability,3.074548960465813e-06,-1.5325838817283353e-06,6.098296319420532e-06,405
all_features,lgbm,2000,bar1600,1469,is_opex,calendar,calendar,2.731549538327796e-06,-1.4802863427485074e-06,5.417964947084627e-06,406
all_features,lgbm,2000,bar1600,1469,turnover_vwstock_avail_ma_625,availability,availability,2.592646522278114e-06,-1.1567428820390715e-06,5.14245404697398e-06,407
all_features,lgbm,2000,bar1600,1469,turnover_ewstock_avail_ma_125,availability,availability,2.3695463606037456e-06,-2.3695463606037456e-06,4.699940067754473e-06,408
all_features,lgbm,2000,bar1600,1469,vix_avail_ma_25,availability,availability,2.1867395792304017e-06,8.654444669400278e-07,4.337347070749385e-06,409
all_features,lgbm,2000,bar1600,1469,spread_vwstock_avail_ma_125,availability,availability,2.1333655625692053e-06,-2.1333655625692053e-06,4.231480950696332e-06,410
all_features,lgbm,2000,bar1600,1469,vvix_avail_ma_1,availability,availability,1.8786212731071703e-06,1.8786212731071703e-06,3.7262015803576133e-06,411
all_features,lgbm,2000,bar1600,1469,ofi_vwstock_avail_ma_625,availability,availability,1.4815289496360241e-06,-9.630262969041762e-09,2.938578196950067e-06,412
all_features,lgbm,2000,bar1600,1469,stocktwits_sentcount_avail_ma_5,availability,availability,1.4529816516174565e-06,-1.4529816516174565e-06,2.881955295615734e-06,413
all_features,lgbm,2000,bar1600,1469,sumbipow_vwstock_avail_ma_625,availability,availability,1.4376363681873067e-06,-3.797973821282328e-07,2.851518283011333e-06,414
all_features,lgbm,2000,bar1600,1469,buyturnover_vwstock_avail_ma_3125,availability,availability,1.3449128143656336e-06,-1.3301464478399143e-06,2.6676032716502416e-06,415
all_features,lgbm,2000,bar1600,1469,adj_fomc_day_ma_5,exog:fomc,fomc_day,1.1282552494113527e-06,-9.20182221686091e-07,2.2378680331080884e-06,416
all_features,lgbm,2000,bar1600,1469,vvix_avail_ma_5,availability,availability,1.1152952012758598e-06,1.2514096694224033e-07,2.2121620792070597e-06,417
all_features,lgbm,2000,bar1600,1469,voldemand_all_open_only_active_ma_25,hurdle_active,hurdle_active,8.39825168860933e-07,8.39825168860933e-07,1.6657736800019654e-06,418
all_features,lgbm,2000,bar1600,1469,ofi_ewstock_avail_ma_625,availability,availability,8.054163319611392e-07,2.3929126681897843e-07,1.59752455269265e-06,419
all_features,lgbm,2000,bar1600,1469,buyturnover_ewstock_avail_ma_125,availability,availability,7.948372654216314e-07,-5.876119177146745e-07,1.576541220382661e-06,420
all_features,lgbm,2000,bar1600,1469,effspread_vwstock_avail_ma_625,availability,availability,7.772271535178637e-07,-7.772271535178637e-07,1.5416119732025937e-06,421
all_features,lgbm,2000,bar1600,1469,ofi_vwstock_avail_ma_125,availability,availability,7.15945722457431e-07,7.15945722457431e-07,1.4200616806913823e-06,422
all_features,lgbm,2000,bar1600,1469,ofi_ewstock_avail_ma_125,availability,availability,6.700325948252787e-07,-6.700325948252787e-07,1.3289940604151975e-06,423
all_features,lgbm,2000,bar1600,1469,sellturnover_vwstock_avail_ma_3125,availability,availability,6.639989562054628e-07,1.5319537919713976e-07,1.3170264786134225e-06,424
all_features,lgbm,2000,bar1600,1469,buyturnover_ewstock_avail_ma_25,availability,availability,5.639325811213372e-07,-5.639325811213372e-07,1.1185471521431023e-06,425
all_features,lgbm,2000,bar1600,1469,sumabsret_ewstock_avail_ma_25,availability,availability,5.571501986665678e-07,-5.571501986665678e-07,1.1050944543677006e-06,426
all_features,lgbm,2000,bar1600,1469,sellturnover_ewstock_avail_ma_25,availability,availability,5.564327194085034e-07,-5.564327194085034e-07,1.1036713509548176e-06,427
all_features,lgbm,2000,bar1600,1469,sumpret2_ewstock_avail_ma_25,availability,availability,4.923258925983214e-07,-4.923258925983214e-07,9.76516951719935e-07,428
all_features,lgbm,2000,bar1600,1469,ofi_vwstock_avail_ma_25,availability,availability,4.5840959072785375e-07,-6.774231054331318e-10,9.092447561801731e-07,429
all_features,lgbm,2000,bar1600,1469,adj_fomc_day_ma_25,exog:fomc,fomc_day,4.096541361331479e-07,-2.727160991743347e-07,8.125394465137032e-07,430
all_features,lgbm,2000,bar1600,1469,stocktwits_attention_avail_ma_25,availability,availability,3.529409112222049e-07,3.529409112222049e-07,7.000500845994687e-07,431
all_features,lgbm,2000,bar1600,1469,fomc_release_active_ma_5,hurdle_active,hurdle_active,3.2410028444593894e-07,-3.2410028444593894e-07,6.428453724998971e-07,432
all_features,lgbm,2000,bar1600,1469,sumbipow_ewstock_avail_ma_25,availability,availability,3.048508222725393e-07,-3.048508222725393e-07,6.046645122071137e-07,433
all_features,lgbm,2000,bar1600,1469,sumabsret_vwstock_avail_ma_625,availability,availability,2.578447234676263e-07,-1.8964522622072077e-07,5.114290090428093e-07,434
all_features,lgbm,2000,bar1600,1469,sellturnover_ewstock_avail_ma_125,availability,availability,2.500837952940052e-07,-2.500837952940052e-07,4.960353886044768e-07,435
all_features,lgbm,2000,bar1600,1469,spread_ewstock_avail_ma_125,availability,availability,2.3225466542649974e-07,-2.3225466542649974e-07,4.6067172438980564e-07,436
all_features,lgbm,2000,bar1600,1469,numobs_active_ma_1,hurdle_active,hurdle_active,2.0342425916659653e-07,2.0342425916659653e-07,4.0348728444661174e-07,437
all_features,lgbm,2000,bar1600,1469,numobs_active_ma_5,hurdle_active,hurdle_active,1.3599632794232094e-07,1.3599632794232094e-07,2.697455518872962e-07,438
all_features,lgbm,2000,bar1600,1469,har_ma_3125_x_open,har_x_session,har_x_session,0.0,0.0,0.0,439
all_features,lgbm,2000,bar1600,1469,har_ma_625_x_open,har_x_session,har_x_session,0.0,0.0,0.0,439
all_features,lgbm,2000,bar1600,1469,har_ma_125_x_open,har_x_session,har_x_session,0.0,0.0,0.0,439
all_features,lgbm,2000,bar1600,1469,har_ma_25_x_open,har_x_session,har_x_session,0.0,0.0,0.0,439
all_features,lgbm,2000,bar1600,1469,har_ma_5_x_open,har_x_session,har_x_session,0.0,0.0,0.0,439
all_features,lgbm,2000,bar1600,1469,har_ma_1_x_open,har_x_session,har_x_session,0.0,0.0,0.0,439
all_features,lgbm,2000,bar1600,1469,turnover_vwstock_avail_ma_125,availability,availability,0.0,0.0,0.0,439
all_features,lgbm,2000,bar1600,1469,turnover_vwstock_avail_ma_25,availability,availability,0.0,0.0,0.0,439
all_features,lgbm,2000,bar1600,1469,turnover_vwstock_avail_ma_5,availability,availability,0.0,0.0,0.0,439
all_features,lgbm,2000,bar1600,1469,turnover_vwstock_avail_ma_1,availability,availability,0.0,0.0,0.0,439
all_features,lgbm,2000,bar1600,1469,sumpret2_vwstock_avail_ma_125,availability,availability,0.0,0.0,0.0,439
all_features,lgbm,2000,bar1600,1469,sumpret2_vwstock_avail_ma_25,availability,availability,0.0,0.0,0.0,439
all_features,lgbm,2000,bar1600,1469,sumpret2_vwstock_avail_ma_5,availability,availability,0.0,0.0,0.0,439
all_features,lgbm,2000,bar1600,1469,sumpret2_vwstock_avail_ma_1,availability,availability,0.0,0.0,0.0,439
all_features,lgbm,2000,bar1600,1469,sumbipow_vwstock_avail_ma_125,availability,availability,0.0,0.0,0.0,439
all_features,lgbm,2000,bar1600,1469,sumbipow_vwstock_avail_ma_25,availability,availability,0.0,0.0,0.0,439
all_features,lgbm,2000,bar1600,1469,sumbipow_vwstock_avail_ma_5,availability,availability,0.0,0.0,0.0,439
all_features,lgbm,2000,bar1600,1469,sumbipow_vwstock_avail_ma_1,availability,availability,0.0,0.0,0.0,439
all_features,lgbm,2000,bar1600,1469,sumabsret_vwstock_avail_ma_125,availability,availability,0.0,0.0,0.0,439
all_features,lgbm,2000,bar1600,1469,sumabsret_vwstock_avail_ma_25,availability,availability,0.0,0.0,0.0,439
all_features,lgbm,2000,bar1600,1469,sumabsret_vwstock_avail_ma_5,availability,availability,0.0,0.0,0.0,439
all_features,lgbm,2000,bar1600,1469,sumabsret_vwstock_avail_ma_1,availability,availability,0.0,0.0,0.0,439
all_features,lgbm,2000,bar1600,1469,sumret4_vwstock_avail_ma_125,availability,availability,0.0,0.0,0.0,439
all_features,lgbm,2000,bar1600,1469,sumret4_vwstock_avail_ma_25,availability,availability,0.0,0.0,0.0,439
all_features,lgbm,2000,bar1600,1469,sumret4_vwstock_avail_ma_5,availability,availability,0.0,0.0,0.0,439
all_features,lgbm,2000,bar1600,1469,sumret4_vwstock_avail_ma_1,availability,availability,0.0,0.0,0.0,439
all_features,lgbm,2000,bar1600,1469,effspread_vwstock_avail_ma_5,availability,availability,0.0,0.0,0.0,439
all_features,lgbm,2000,bar1600,1469,effspread_vwstock_avail_ma_1,availability,availability,0.0,0.0,0.0,439
all_features,lgbm,2000,bar1600,1469,sellturnover_vwstock_avail_ma_625,availability,availability,0.0,0.0,0.0,439
all_features,lgbm,2000,bar1600,1469,sellturnover_vwstock_avail_ma_125,availability,availability,0.0,0.0,0.0,439
all_features,lgbm,2000,bar1600,1469,sellturnover_vwstock_avail_ma_25,availability,availability,0.0,0.0,0.0,439
all_features,lgbm,2000,bar1600,1469,sellturnover_vwstock_avail_ma_5,availability,availability,0.0,0.0,0.0,439
all_features,lgbm,2000,bar1600,1469,sellturnover_vwstock_avail_ma_1,availability,availability,0.0,0.0,0.0,439
all_features,lgbm,2000,bar1600,1469,buyturnover_vwstock_avail_ma_625,availability,availability,0.0,0.0,0.0,439
all_features,lgbm,2000,bar1600,1469,buyturnover_vwstock_avail_ma_125,availability,availability,0.0,0.0,0.0,439
all_features,lgbm,2000,bar1600,1469,buyturnover_vwstock_avail_ma_25,availability,availability,0.0,0.0,0.0,439
all_features,lgbm,2000,bar1600,1469,buyturnover_vwstock_avail_ma_5,availability,availability,0.0,0.0,0.0,439
all_features,lgbm,2000,bar1600,1469,buyturnover_vwstock_avail_ma_1,availability,availability,0.0,0.0,0.0,439
all_features,lgbm,2000,bar1600,1469,sumret3_vwstock_avail_ma_5,availability,availability,0.0,0.0,0.0,439
all_features,lgbm,2000,bar1600,1469,sumret3_vwstock_avail_ma_1,availability,availability,0.0,0.0,0.0,439
all_features,lgbm,2000,bar1600,1469,sumret2_vwstock_avail_ma_125,availability,availability,0.0,0.0,0.0,439
all_features,lgbm,2000,bar1600,1469,sumret2_vwstock_avail_ma_25,availability,availability,0.0,0.0,0.0,439
all_features,lgbm,2000,bar1600,1469,sumret2_vwstock_avail_ma_5,availability,availability,0.0,0.0,0.0,439
all_features,lgbm,2000,bar1600,1469,sumret2_vwstock_avail_ma_1,availability,availability,0.0,0.0,0.0,439
all_features,lgbm,2000,bar1600,1469,spread_ewstock_avail_ma_25,availability,availability,0.0,0.0,0.0,439
all_features,lgbm,2000,bar1600,1469,spread_ewstock_avail_ma_5,availability,availability,0.0,0.0,0.0,439
all_features,lgbm,2000,bar1600,1469,spread_ewstock_avail_ma_1,availability,availability,0.0,0.0,0.0,439
all_features,lgbm,2000,bar1600,1469,stocktwits_attention_avail_ma_5,availability,availability,0.0,0.0,0.0,439
all_features,lgbm,2000,bar1600,1469,stocktwits_attention_avail_ma_1,availability,availability,0.0,0.0,0.0,439
all_features,lgbm,2000,bar1600,1469,spread_vwstock_avail_ma_25,availability,availability,0.0,0.0,0.0,439
all_features,lgbm,2000,bar1600,1469,spread_vwstock_avail_ma_5,availability,availability,0.0,0.0,0.0,439
all_features,lgbm,2000,bar1600,1469,spread_vwstock_avail_ma_1,availability,availability,0.0,0.0,0.0,439
all_features,lgbm,2000,bar1600,1469,effspread_vwstock_avail_ma_3125,availability,availability,0.0,0.0,0.0,439
all_features,lgbm,2000,bar1600,1469,effspread_vwstock_avail_ma_125,availability,availability,0.0,0.0,0.0,439
all_features,lgbm,2000,bar1600,1469,effspread_vwstock_avail_ma_25,availability,availability,0.0,0.0,0.0,439
all_features,lgbm,2000,bar1600,1469,effspread_ewstock_avail_ma_125,availability,availability,0.0,0.0,0.0,439
all_features,lgbm,2000,bar1600,1469,effspread_ewstock_avail_ma_25,availability,availability,0.0,0.0,0.0,439
all_features,lgbm,2000,bar1600,1469,effspread_ewstock_avail_ma_5,availability,availability,0.0,0.0,0.0,439
all_features,lgbm,2000,bar1600,1469,effspread_ewstock_avail_ma_1,availability,availability,0.0,0.0,0.0,439
all_features,lgbm,2000,bar1600,1469,sellturnover_ewstock_avail_ma_5,availability,availability,0.0,0.0,0.0,439
all_features,lgbm,2000,bar1600,1469,sellturnover_ewstock_avail_ma_1,availability,availability,0.0,0.0,0.0,439
all_features,lgbm,2000,bar1600,1469,buyturnover_ewstock_avail_ma_5,availability,availability,0.0,0.0,0.0,439
all_features,lgbm,2000,bar1600,1469,buyturnover_ewstock_avail_ma_1,availability,availability,0.0,0.0,0.0,439
all_features,lgbm,2000,bar1600,1469,turnover_ewstock_avail_ma_25,availability,availability,0.0,0.0,0.0,439
all_features,lgbm,2000,bar1600,1469,turnover_ewstock_avail_ma_5,availability,availability,0.0,0.0,0.0,439
all_features,lgbm,2000,bar1600,1469,turnover_ewstock_avail_ma_1,availability,availability,0.0,0.0,0.0,439
all_features,lgbm,2000,bar1600,1469,sumpret2_ewstock_avail_ma_5,availability,availability,0.0,0.0,0.0,439
all_features,lgbm,2000,bar1600,1469,sumpret2_ewstock_avail_ma_1,availability,availability,0.0,0.0,0.0,439
all_features,lgbm,2000,bar1600,1469,vix_avail_ma_5,availability,availability,0.0,0.0,0.0,439
all_features,lgbm,2000,bar1600,1469,vix_avail_ma_1,availability,availability,0.0,0.0,0.0,439
all_features,lgbm,2000,bar1600,1469,stocktwits_sentcount_avail_ma_1,availability,availability,0.0,0.0,0.0,439
all_features,lgbm,2000,bar1600,1469,stocktwits_sentiment_avail_ma_1,availability,availability,0.0,0.0,0.0,439
all_features,lgbm,2000,bar1600,1469,sumbipow_ewstock_avail_ma_5,availability,availability,0.0,0.0,0.0,439
all_features,lgbm,2000,bar1600,1469,sumbipow_ewstock_avail_ma_1,availability,availability,0.0,0.0,0.0,439
all_features,lgbm,2000,bar1600,1469,sumabsret_ewstock_avail_ma_5,availability,availability,0.0,0.0,0.0,439
all_features,lgbm,2000,bar1600,1469,sumabsret_ewstock_avail_ma_1,availability,availability,0.0,0.0,0.0,439
all_features,lgbm,2000,bar1600,1469,sumret4_ewstock_avail_ma_5,availability,availability,0.0,0.0,0.0,439
all_features,lgbm,2000,bar1600,1469,sumret4_ewstock_avail_ma_1,availability,availability,0.0,0.0,0.0,439
all_features,lgbm,2000,bar1600,1469,voldemand_spx_open_and_close_avail_ma_5,availability,availability,0.0,0.0,0.0,439
all_features,lgbm,2000,bar1600,1469,vix3m_avail_ma_25,availability,availability,0.0,0.0,0.0,439
all_features,lgbm,2000,bar1600,1469,vix3m_avail_ma_5,availability,availability,0.0,0.0,0.0,439
all_features,lgbm,2000,bar1600,1469,vix3m_avail_ma_1,availability,availability,0.0,0.0,0.0,439
all_features,lgbm,2000,bar1600,1469,sumret3_ewstock_avail_ma_5,availability,availability,0.0,0.0,0.0,439
all_features,lgbm,2000,bar1600,1469,sumret3_ewstock_avail_ma_1,availability,availability,0.0,0.0,0.0,439
all_features,lgbm,2000,bar1600,1469,sumret2_ewstock_avail_ma_5,availability,availability,0.0,0.0,0.0,439
all_features,lgbm,2000,bar1600,1469,sumret2_ewstock_avail_ma_1,availability,availability,0.0,0.0,0.0,439
all_features,lgbm,2000,bar1600,1469,numobs_avail_ma_3125,availability,availability,0.0,0.0,0.0,439
all_features,lgbm,2000,bar1600,1469,numobs_avail_ma_625,availability,availability,0.0,0.0,0.0,439
all_features,lgbm,2000,bar1600,1469,numobs_avail_ma_125,availability,availability,0.0,0.0,0.0,439
all_features,lgbm,2000,bar1600,1469,numobs_avail_ma_25,availability,availability,0.0,0.0,0.0,439
all_features,lgbm,2000,bar1600,1469,numobs_avail_ma_5,availability,availability,0.0,0.0,0.0,439
all_features,lgbm,2000,bar1600,1469,numobs_avail_ma_1,availability,availability,0.0,0.0,0.0,439
all_features,lgbm,2000,bar1600,1469,voldemand_all_open_and_close_avail_ma_125,availability,availability,0.0,0.0,0.0,439
all_features,lgbm,2000,bar1600,1469,voldemand_all_open_and_close_avail_ma_25,availability,availability,0.0,0.0,0.0,439
all_features,lgbm,2000,bar1600,1469,voldemand_all_open_and_close_avail_ma_5,availability,availability,0.0,0.0,0.0,439
all_features,lgbm,2000,bar1600,1469,voldemand_all_open_and_close_avail_ma_1,availability,availability,0.0,0.0,0.0,439
all_features,lgbm,2000,bar1600,1469,voldemand_spx_open_only_avail_ma_25,availability,availability,0.0,0.0,0.0,439
all_features,lgbm,2000,bar1600,1469,voldemand_spx_open_only_avail_ma_5,availability,availability,0.0,0.0,0.0,439
all_features,lgbm,2000,bar1600,1469,voldemand_spx_open_only_avail_ma_1,availability,availability,0.0,0.0,0.0,439
all_features,lgbm,2000,bar1600,1469,voldemand_spx_open_and_close_avail_ma_25,availability,availability,0.0,0.0,0.0,439
all_features,lgbm,2000,bar1600,1469,ofi_vwstock_avail_ma_5,availability,availability,0.0,0.0,0.0,439
all_features,lgbm,2000,bar1600,1469,ofi_vwstock_avail_ma_1,availability,availability,0.0,0.0,0.0,439
all_features,lgbm,2000,bar1600,1469,ofi_ewstock_avail_ma_5,availability,availability,0.0,0.0,0.0,439
all_features,lgbm,2000,bar1600,1469,ofi_ewstock_avail_ma_1,availability,availability,0.0,0.0,0.0,439
all_features,lgbm,2000,bar1600,1469,voldemand_all_open_only_avail_ma_125,availability,availability,0.0,0.0,0.0,439
all_features,lgbm,2000,bar1600,1469,voldemand_all_open_only_avail_ma_25,availability,availability,0.0,0.0,0.0,439
all_features,lgbm,2000,bar1600,1469,voldemand_all_open_only_avail_ma_5,availability,availability,0.0,0.0,0.0,439
all_features,lgbm,2000,bar1600,1469,voldemand_all_open_only_avail_ma_1,availability,availability,0.0,0.0,0.0,439
all_features,lgbm,2000,bar1600,1469,fomc_until_inv_avail_ma_5,availability,availability,0.0,0.0,0.0,439
all_features,lgbm,2000,bar1600,1469,fomc_until_inv_avail_ma_1,availability,availability,0.0,0.0,0.0,439
all_features,lgbm,2000,bar1600,1469,fomc_day_avail_ma_3125,availability,availability,0.0,0.0,0.0,439
all_features,lgbm,2000,bar1600,1469,fomc_day_avail_ma_625,availability,availability,0.0,0.0,0.0,439
all_features,lgbm,2000,bar1600,1469,fomc_day_avail_ma_125,availability,availability,0.0,0.0,0.0,439
all_features,lgbm,2000,bar1600,1469,fomc_day_avail_ma_25,availability,availability,0.0,0.0,0.0,439
all_features,lgbm,2000,bar1600,1469,fomc_day_avail_ma_5,availability,availability,0.0,0.0,0.0,439
all_features,lgbm,2000,bar1600,1469,fomc_day_avail_ma_1,availability,availability,0.0,0.0,0.0,439
all_features,lgbm,2000,bar1600,1469,fomc_release_avail_ma_3125,availability,availability,0.0,0.0,0.0,439
all_features,lgbm,2000,bar1600,1469,fomc_release_avail_ma_625,availability,availability,0.0,0.0,0.0,439
all_features,lgbm,2000,bar1600,1469,fomc_release_avail_ma_125,availability,availability,0.0,0.0,0.0,439
all_features,lgbm,2000,bar1600,1469,fomc_release_avail_ma_25,availability,availability,0.0,0.0,0.0,439
all_features,lgbm,2000,bar1600,1469,fomc_release_avail_ma_5,availability,availability,0.0,0.0,0.0,439
all_features,lgbm,2000,bar1600,1469,fomc_release_avail_ma_1,availability,availability,0.0,0.0,0.0,439
all_features,lgbm,2000,bar1600,1469,sumvolume_avail_ma_3125,availability,availability,0.0,0.0,0.0,439
all_features,lgbm,2000,bar1600,1469,sumvolume_avail_ma_625,availability,availability,0.0,0.0,0.0,439
all_features,lgbm,2000,bar1600,1469,sumvolume_avail_ma_125,availability,availability,0.0,0.0,0.0,439
all_features,lgbm,2000,bar1600,1469,sumvolume_avail_ma_25,availability,availability,0.0,0.0,0.0,439
all_features,lgbm,2000,bar1600,1469,sumvolume_avail_ma_5,availability,availability,0.0,0.0,0.0,439
all_features,lgbm,2000,bar1600,1469,sumvolume_avail_ma_1,availability,availability,0.0,0.0,0.0,439
all_features,lgbm,2000,bar1600,1469,sumautocov_avail_ma_3125,availability,availability,0.0,0.0,0.0,439
all_features,lgbm,2000,bar1600,1469,sumautocov_avail_ma_625,availability,availability,0.0,0.0,0.0,439
all_features,lgbm,2000,bar1600,1469,sumautocov_avail_ma_125,availability,availability,0.0,0.0,0.0,439
all_features,lgbm,2000,bar1600,1469,sumautocov_avail_ma_25,availability,availability,0.0,0.0,0.0,439
all_features,lgbm,2000,bar1600,1469,sumautocov_avail_ma_5,availability,availability,0.0,0.0,0.0,439
all_features,lgbm,2000,bar1600,1469,sumautocov_avail_ma_1,availability,availability,0.0,0.0,0.0,439
all_features,lgbm,2000,bar1600,1469,sumbipow_avail_ma_3125,availability,availability,0.0,0.0,0.0,439
all_features,lgbm,2000,bar1600,1469,sumbipow_avail_ma_625,availability,availability,0.0,0.0,0.0,439
all_features,lgbm,2000,bar1600,1469,sumbipow_avail_ma_125,availability,availability,0.0,0.0,0.0,439
all_features,lgbm,2000,bar1600,1469,sumbipow_avail_ma_25,availability,availability,0.0,0.0,0.0,439
all_features,lgbm,2000,bar1600,1469,fomc_since_inv_avail_ma_3125,availability,availability,0.0,0.0,0.0,439
all_features,lgbm,2000,bar1600,1469,fomc_since_inv_avail_ma_625,availability,availability,0.0,0.0,0.0,439
all_features,lgbm,2000,bar1600,1469,fomc_since_inv_avail_ma_125,availability,availability,0.0,0.0,0.0,439
all_features,lgbm,2000,bar1600,1469,fomc_since_inv_avail_ma_25,availability,availability,0.0,0.0,0.0,439
all_features,lgbm,2000,bar1600,1469,fomc_since_inv_avail_ma_5,availability,availability,0.0,0.0,0.0,439
all_features,lgbm,2000,bar1600,1469,fomc_since_inv_avail_ma_1,availability,availability,0.0,0.0,0.0,439
all_features,lgbm,2000,bar1600,1469,fomc_until_inv_avail_ma_625,availability,availability,0.0,0.0,0.0,439
all_features,lgbm,2000,bar1600,1469,fomc_until_inv_avail_ma_125,availability,availability,0.0,0.0,0.0,439
all_features,lgbm,2000,bar1600,1469,fomc_until_inv_avail_ma_25,availability,availability,0.0,0.0,0.0,439
all_features,lgbm,2000,bar1600,1469,voldemand_all_open_and_close_active_ma_5,hurdle_active,hurdle_active,0.0,0.0,0.0,439
all_features,lgbm,2000,bar1600,1469,voldemand_all_open_and_close_active_ma_1,hurdle_active,hurdle_active,0.0,0.0,0.0,439
all_features,lgbm,2000,bar1600,1469,voldemand_spx_open_only_active_ma_25,hurdle_active,hurdle_active,0.0,0.0,0.0,439
all_features,lgbm,2000,bar1600,1469,voldemand_spx_open_only_active_ma_5,hurdle_active,hurdle_active,0.0,0.0,0.0,439
all_features,lgbm,2000,bar1600,1469,voldemand_spx_open_only_active_ma_1,hurdle_active,hurdle_active,0.0,0.0,0.0,439
all_features,lgbm,2000,bar1600,1469,voldemand_spx_open_and_close_active_ma_5,hurdle_active,hurdle_active,0.0,0.0,0.0,439
all_features,lgbm,2000,bar1600,1469,voldemand_spx_open_and_close_active_ma_1,hurdle_active,hurdle_active,0.0,0.0,0.0,439
all_features,lgbm,2000,bar1600,1469,sumbipow_avail_ma_5,availability,availability,0.0,0.0,0.0,439
all_features,lgbm,2000,bar1600,1469,sumbipow_avail_ma_1,availability,availability,0.0,0.0,0.0,439
all_features,lgbm,2000,bar1600,1469,sumpret2_avail_ma_3125,availability,availability,0.0,0.0,0.0,439
all_features,lgbm,2000,bar1600,1469,sumpret2_avail_ma_625,availability,availability,0.0,0.0,0.0,439
all_features,lgbm,2000,bar1600,1469,sumpret2_avail_ma_125,availability,availability,0.0,0.0,0.0,439
all_features,lgbm,2000,bar1600,1469,sumpret2_avail_ma_25,availability,availability,0.0,0.0,0.0,439
all_features,lgbm,2000,bar1600,1469,sumpret2_avail_ma_5,availability,availability,0.0,0.0,0.0,439
all_features,lgbm,2000,bar1600,1469,sumpret2_avail_ma_1,availability,availability,0.0,0.0,0.0,439
all_features,lgbm,2000,bar1600,1469,sumret4_avail_ma_3125,availability,availability,0.0,0.0,0.0,439
all_features,lgbm,2000,bar1600,1469,sumret4_avail_ma_625,availability,availability,0.0,0.0,0.0,439
all_features,lgbm,2000,bar1600,1469,sumret4_avail_ma_125,availability,availability,0.0,0.0,0.0,439
all_features,lgbm,2000,bar1600,1469,sumret4_avail_ma_25,availability,availability,0.0,0.0,0.0,439
all_features,lgbm,2000,bar1600,1469,sumret4_avail_ma_5,availability,availability,0.0,0.0,0.0,439
all_features,lgbm,2000,bar1600,1469,sumret4_avail_ma_1,availability,availability,0.0,0.0,0.0,439
all_features,lgbm,2000,bar1600,1469,sumret3_avail_ma_3125,availability,availability,0.0,0.0,0.0,439
all_features,lgbm,2000,bar1600,1469,sumret3_avail_ma_625,availability,availability,0.0,0.0,0.0,439
all_features,lgbm,2000,bar1600,1469,fomc_day_active_ma_5,hurdle_active,hurdle_active,0.0,0.0,0.0,439
all_features,lgbm,2000,bar1600,1469,fomc_day_active_ma_1,hurdle_active,hurdle_active,0.0,0.0,0.0,439
all_features,lgbm,2000,bar1600,1469,fomc_release_active_ma_1,hurdle_active,hurdle_active,0.0,0.0,0.0,439
all_features,lgbm,2000,bar1600,1469,voldemand_all_open_only_active_ma_5,hurdle_active,hurdle_active,0.0,0.0,0.0,439
all_features,lgbm,2000,bar1600,1469,voldemand_all_open_only_active_ma_1,hurdle_active,hurdle_active,0.0,0.0,0.0,439
all_features,lgbm,2000,bar1600,1469,sumret3_avail_ma_125,availability,availability,0.0,0.0,0.0,439
all_features,lgbm,2000,bar1600,1469,sumret3_avail_ma_25,availability,availability,0.0,0.0,0.0,439
all_features,lgbm,2000,bar1600,1469,sumret3_avail_ma_5,availability,availability,0.0,0.0,0.0,439
all_features,lgbm,2000,bar1600,1469,sumret3_avail_ma_1,availability,availability,0.0,0.0,0.0,439
all_features,lgbm,2000,bar1600,1469,sumabsret_avail_ma_3125,availability,availability,0.0,0.0,0.0,439
all_features,lgbm,2000,bar1600,1469,sumabsret_avail_ma_625,availability,availability,0.0,0.0,0.0,439
all_features,lgbm,2000,bar1600,1469,sumabsret_avail_ma_125,availability,availability,0.0,0.0,0.0,439
all_features,lgbm,2000,bar1600,1469,sumabsret_avail_ma_25,availability,availability,0.0,0.0,0.0,439
all_features,lgbm,2000,bar1600,1469,sumabsret_avail_ma_5,availability,availability,0.0,0.0,0.0,439
all_features,lgbm,2000,bar1600,1469,sumabsret_avail_ma_1,availability,availability,0.0,0.0,0.0,439
all_features,lgbm,2000,bar1600,1469,sumret_avail_ma_3125,availability,availability,0.0,0.0,0.0,439
all_features,lgbm,2000,bar1600,1469,sumret_avail_ma_625,availability,availability,0.0,0.0,0.0,439
all_features,lgbm,2000,bar1600,1469,sumret_avail_ma_125,availability,availability,0.0,0.0,0.0,439
all_features,lgbm,2000,bar1600,1469,sumret_avail_ma_25,availability,availability,0.0,0.0,0.0,439
all_features,lgbm,2000,bar1600,1469,sumret_avail_ma_5,availability,availability,0.0,0.0,0.0,439
all_features,lgbm,2000,bar1600,1469,sumret_avail_ma_1,availability,availability,0.0,0.0,0.0,439
all_features,lgbm,2000,bar1600,1469,is_close,calendar,calendar,0.0,0.0,0.0,439
all_features,lgbm,2000,bar1600,1469,is_open,calendar,calendar,0.0,0.0,0.0,439
all_features,lgbm,2000,bar1600,1469,is_overnight,calendar,calendar,0.0,0.0,0.0,439
all_features,lgbm,2000,bar1600,1469,hour,calendar,calendar,0.0,0.0,0.0,439
all_features,lgbm,2000,bar1600,1469,fomc_day_active_ma_25,hurdle_active,hurdle_active,0.0,0.0,0.0,439
all_features,lgbm,2000,bar1600,1469,adj_fomc_release_ma_3125,exog:fomc,fomc_release,0.0,0.0,0.0,439
all_features,lgbm,2000,bar1600,1469,adj_fomc_release_ma_625,exog:fomc,fomc_release,0.0,0.0,0.0,439
all_features,lgbm,2000,bar1600,1469,adj_fomc_release_ma_125,exog:fomc,fomc_release,0.0,0.0,0.0,439
all_features,lgbm,2000,bar1600,1469,adj_fomc_release_ma_25,exog:fomc,fomc_release,0.0,0.0,0.0,439
all_features,lgbm,2000,bar1600,1469,adj_fomc_release_ma_5,exog:fomc,fomc_release,0.0,0.0,0.0,439
all_features,lgbm,2000,bar1600,1469,adj_fomc_release_ma_1,exog:fomc,fomc_release,0.0,0.0,0.0,439
all_features,rf,2000,bar1600,1469,har_ma_1_x_close,har_x_session,har_x_session,0.0499431369408313,0.0021569462029570148,0.1126237430347946,1
all_features,rf,2000,bar1600,1469,har_ma_1,har_ladder,har_ladder,0.03978868503343593,0.0015562379337399324,0.08972505359859516,2
all_features,rf,2000,bar1600,1469,har_ma_5_x_close,har_x_session,har_x_session,0.039611573313319166,0.0018026115651272436,0.08932565968630421,3
all_features,rf,2000,bar1600,1469,har_ma_5,har_ladder,har_ladder,0.03670949658641844,0.0014046540303414366,0.08278136223969122,4
all_features,rf,2000,bar1600,1469,adj_sumabsret_ma_1,exog:moments,sumabsret,0.014236820479127445,-0.00028001811226514953,0.03210459153123156,5
all_features,rf,2000,bar1600,1469,adj_sumabsret_ma_5,exog:moments,sumabsret,0.012965559157318554,0.0008839649190037016,0.029237847125346536,6
all_features,rf,2000,bar1600,1469,har_ma_25_x_close,har_x_session,har_x_session,0.012170512903744327,0.0006954500784653785,0.02744498647525559,7
all_features,rf,2000,bar1600,1469,har_ma_25,har_ladder,har_ladder,0.009532836048931095,0.0006105046812655675,0.021496921165356255,8
all_features,rf,2000,bar1600,1469,adj_sumvolume_ma_5,exog:liquidity,sumvolume,0.007989896307829624,5.213752867634412e-06,0.01801753121182059,9
all_features,rf,2000,bar1600,1469,adj_sumabsret_ewstock_ma_1,exog:market_ew,sumabsret_ewstock,0.007791689074833283,0.00022383190133634475,0.017570566086200546,10
all_features,rf,2000,bar1600,1469,adj_sumabsret_vwstock_ma_5,exog:market_vw,sumabsret_vwstock,0.007160332206460846,0.00033717311588910253,0.01614683145393124,11
all_features,rf,2000,bar1600,1469,adj_sumvolume_ma_1,exog:liquidity,sumvolume,0.006705353206817545,-0.00031862570588751094,0.015120835870138379,12
all_features,rf,2000,bar1600,1469,adj_sumabsret_vwstock_ma_1,exog:market_vw,sumabsret_vwstock,0.006551379276470749,0.00038763213420256194,0.014773618586090335,13
all_features,rf,2000,bar1600,1469,adj_sumabsret_ewstock_ma_5,exog:market_ew,sumabsret_ewstock,0.0058491975677997686,0.0005213074383681031,0.013190171146359347,14
all_features,rf,2000,bar1600,1469,har_ma_125_x_close,har_x_session,har_x_session,0.004987814137556164,0.00055330630579727,0.011247717547236847,15
all_features,rf,2000,bar1600,1469,har_ma_125,har_ladder,har_ladder,0.004842115795164211,0.0006798590160909503,0.010919162040329321,16
all_features,rf,2000,bar1600,1469,adj_sellturnover_vwstock_ma_1,exog:liquidity,sellturnover_vwstock,0.004465510578085693,0.0007556981357726366,0.010069902426459578,17
all_features,rf,2000,bar1600,1469,adj_sumabsret_ma_25,exog:moments,sumabsret,0.0041322598691273795,0.00042180139480893643,0.009318408937847739,18
all_features,rf,2000,bar1600,1469,adj_sumret_ma_5,exog:moments,sumret,0.003929148531563815,0.0001641605133783229,0.008860384863062188,19
all_features,rf,2000,bar1600,1469,adj_sumret_ma_1,exog:moments,sumret,0.003446162650480718,1.6944069410324641e-06,0.007771232657325084,20
all_features,rf,2000,bar1600,1469,adj_sumret_ma_125,exog:moments,sumret,0.0032193650950818726,0.0002614707610234784,0.007259795227385107,21
all_features,rf,2000,bar1600,1469,adj_turnover_vwstock_ma_1,exog:liquidity,turnover_vwstock,0.0030814858969672107,0.0006426984190623753,0.006948872199127868,22
all_features,rf,2000,bar1600,1469,adj_sumbipow_ma_5,exog:moments,sumbipow,0.0030424925754562507,-0.00035629353428293483,0.006860940721633247,23
all_features,rf,2000,bar1600,1469,adj_sumvolume_ma_25,exog:liquidity,sumvolume,0.0030025503001660115,4.321496775248611e-05,0.006770869315949573,24
all_features,rf,2000,bar1600,1469,adj_sumbipow_ma_1,exog:moments,sumbipow,0.002636546766170802,-0.0006110177783997095,0.005945516915451819,25
all_features,rf,2000,bar1600,1469,adj_stocktwits_sentiment_ma_1,exog:sentiment,stocktwits_sentiment,0.0023247214945495065,-0.0002950125748079074,0.005242338632829364,26
all_features,rf,2000,bar1600,1469,adj_sellturnover_vwstock_ma_5,exog:liquidity,sellturnover_vwstock,0.0022267070160930484,0.00020614054017821902,0.00502131211924758,27
all_features,rf,2000,bar1600,1469,adj_sumret_ma_25,exog:moments,sumret,0.002196211702377994,-1.8442911460396142e-05,0.004952543984404975,28
all_features,rf,2000,bar1600,1469,adj_sumpret2_ma_1,exog:moments,sumpret2,0.0021174660290944054,7.518330734090055e-05,0.004774969386247482,29
all_features,rf,2000,bar1600,1469,adj_sumvolume_ma_125,exog:liquidity,sumvolume,0.002111801863090067,9.990042030345906e-05,0.0047621964685724315,30
all_features,rf,2000,bar1600,1469,adj_sumpret2_ma_5,exog:moments,sumpret2,0.001997978926868081,0.00012786651068082887,0.004505521259409701,31
all_features,rf,2000,bar1600,1469,adj_sellturnover_ewstock_ma_1,exog:liquidity,sellturnover_ewstock,0.0018220688012982429,7.072791084316195e-05,0.004108836990200356,32
all_features,rf,2000,bar1600,1469,is_month_end,calendar,calendar,0.0018166966214263006,-0.0001294728509455887,0.004096722512766728,33
all_features,rf,2000,bar1600,1469,adj_turnover_vwstock_ma_5,exog:liquidity,turnover_vwstock,0.0016753535102794132,0.00017258543998540477,0.003777988224041441,34
all_features,rf,2000,bar1600,1469,adj_sumabsret_ma_125,exog:moments,sumabsret,0.0016689670004689664,-5.8245020294816767e-05,0.0037635863926019563,35
all_features,rf,2000,bar1600,1469,adj_buyturnover_vwstock_ma_1,exog:liquidity,buyturnover_vwstock,0.0016240353582981438,0.00030320451337994755,0.0036622637678742948,36
all_features,rf,2000,bar1600,1469,adj_turnover_ewstock_ma_1,exog:liquidity,turnover_ewstock,0.001525820105769342,0.0001276797287086166,0.003440784500842953,37
all_features,rf,2000,bar1600,1469,adj_stocktwits_sentiment_ma_5,exog:sentiment,stocktwits_sentiment,0.0015101114223745656,0.00015838946613296582,0.0034053608004021058,38
all_features,rf,2000,bar1600,1469,adj_buyturnover_vwstock_ma_5,exog:liquidity,buyturnover_vwstock,0.0013961851742012423,0.0002036749591319242,0.00314845261871557,39
all_features,rf,2000,bar1600,1469,adj_sellturnover_ewstock_ma_5,exog:liquidity,sellturnover_ewstock,0.0012331683816488056,6.645728145076367e-05,0.002780843323838218,40
all_features,rf,2000,bar1600,1469,adj_ofi_ewstock_ma_1,exog:liquidity,ofi_ewstock,0.0011938651293960081,1.2542908640167684e-05,0.002692212940300337,41
all_features,rf,2000,bar1600,1469,adj_sumbipow_ma_25,exog:moments,sumbipow,0.0011538770512246133,2.2728979380752614e-05,0.002602038247313672,42
all_features,rf,2000,bar1600,1469,adj_sumautocov_ma_1,exog:moments,sumautocov,0.0011461172671154212,0.0001376340021471034,0.002584539628182989,43
all_features,rf,2000,bar1600,1469,adj_sumret3_ma_1,exog:moments,sumret3,0.0011418157102302776,-0.00016748385015223096,0.002574839447798727,44
all_features,rf,2000,bar1600,1469,adj_effspread_ewstock_ma_25,exog:liquidity,effspread_ewstock,0.0011416995799272151,3.966734972088335e-05,0.0025745775693863607,45
all_features,rf,2000,bar1600,1469,adj_sumret4_ma_1,exog:moments,sumret4,0.001064424474575922,-0.00021687914186486679,0.002400319159899961,46
all_features,rf,2000,bar1600,1469,adj_sumret_ma_625,exog:moments,sumret,0.0010101719868307053,0.00016272393900346375,0.002277977660885704,47
all_features,rf,2000,bar1600,1469,adj_buyturnover_ewstock_ma_1,exog:liquidity,buyturnover_ewstock,0.0009795557813193996,-2.6180808041212487e-05,0.002208936910275849,48
all_features,rf,2000,bar1600,1469,adj_buyturnover_ewstock_ma_5,exog:liquidity,buyturnover_ewstock,0.0009748104391932533,0.00011074593107603242,0.002198235976674893,49
all_features,rf,2000,bar1600,1469,adj_sumbipow_ewstock_ma_5,exog:market_ew,sumbipow_ewstock,0.0009723478322961915,-0.00016520254756277806,0.0021926827010226454,50
all_features,rf,2000,bar1600,1469,adj_ofi_ewstock_ma_5,exog:liquidity,ofi_ewstock,0.0009242281973336292,0.00010328606810684997,0.0020841710268486293,51
all_features,rf,2000,bar1600,1469,adj_sumret3_ma_125,exog:moments,sumret3,0.0008986841843862623,0.00010189327653450948,0.002026568270464504,52
all_features,rf,2000,bar1600,1469,adj_ofi_vwstock_ma_1,exog:liquidity,ofi_vwstock,0.0008698988938496745,1.826926872547512e-05,0.0019616563053147114,53
all_features,rf,2000,bar1600,1469,adj_effspread_vwstock_ma_125,exog:liquidity,effspread_vwstock,0.0008185510180547693,-8.592143843462039e-05,0.001845864820775821,54
all_features,rf,2000,bar1600,1469,adj_sumautocov_ma_5,exog:moments,sumautocov,0.0008116883935523619,0.0002698908160475341,0.001830389331932998,55
all_features,rf,2000,bar1600,1469,adj_sumret4_ma_5,exog:moments,sumret4,0.0007950274434629831,0.00012744960796515898,0.0017928182325484166,56
all_features,rf,2000,bar1600,1469,adj_stocktwits_sentcount_ma_5,exog:sentiment,stocktwits_sentcount,0.0007844610099320937,8.213227562662728e-05,0.001768990508307006,57
all_features,rf,2000,bar1600,1469,adj_sumbipow_ewstock_ma_1,exog:market_ew,sumbipow_ewstock,0.0007748036169042486,-2.2956901049912812e-05,0.0017472127062429785,58
all_features,rf,2000,bar1600,1469,adj_turnover_ewstock_ma_5,exog:liquidity,turnover_ewstock,0.0007686075441759242,0.00011613859694435707,0.00173324031793252,59
all_features,rf,2000,bar1600,1469,adj_sumautocov_ma_625,exog:moments,sumautocov,0.0007432658961045787,-0.0004524813937570468,0.0016760939023229698,60
all_features,rf,2000,bar1600,1469,adj_sumpret2_ma_25,exog:moments,sumpret2,0.0007388603795908818,-4.6293602196778516e-06,0.0016661592888772433,61
all_features,rf,2000,bar1600,1469,adj_sumpret2_ma_3125,exog:moments,sumpret2,0.0007287486212204141,0.0001584758643036736,0.0016433568750502008,62
all_features,rf,2000,bar1600,1469,adj_sumbipow_vwstock_ma_5,exog:market_vw,sumbipow_vwstock,0.0007282278100550993,7.306146835129694e-06,0.001642182425337089,63
all_features,rf,2000,bar1600,1469,adj_sumret3_ma_5,exog:moments,sumret3,0.0007275238565242139,4.668631239577199e-05,0.0016405949823684023,64
all_features,rf,2000,bar1600,1469,days_to_opex,calendar,calendar,0.0007247571784593744,3.575891376819395e-05,0.0016343560142434398,65
all_features,rf,2000,bar1600,1469,adj_sumret3_vwstock_ma_5,exog:market_vw,sumret3_vwstock,0.000722725718137923,5.0352273483536e-05,0.0016297749911190899,66
all_features,rf,2000,bar1600,1469,adj_sumbipow_ma_3125,exog:moments,sumbipow,0.0007101184100851495,0.0001590303637474117,0.0016013450143601566,67
all_features,rf,2000,bar1600,1469,adj_sumret3_ma_25,exog:moments,sumret3,0.0006843600468096171,2.1641200818202143e-05,0.0015432588895342907,68
all_features,rf,2000,bar1600,1469,adj_effspread_vwstock_ma_25,exog:liquidity,effspread_vwstock,0.0006763512833704764,-1.5751423710440166e-05,0.0015251988121974419,69
all_features,rf,2000,bar1600,1469,adj_ofi_vwstock_ma_5,exog:liquidity,ofi_vwstock,0.000671729911940286,3.8352213315600476e-05,0.0015147774374039697,70
all_features,rf,2000,bar1600,1469,adj_vix_ma_625,exog:implied_vol,vix,0.0006689247207932141,-0.0003445798918471944,0.0015084516207600211,71
all_features,rf,2000,bar1600,1469,adj_sumabsret_ma_3125,exog:moments,sumabsret,0.0006509889800631548,0.0001904600370591287,0.00146800581821634,72
all_features,rf,2000,bar1600,1469,adj_stocktwits_sentiment_ma_625,exog:sentiment,stocktwits_sentiment,0.0006473145831701062,0.00020225657980157524,0.001459719908342861,73
all_features,rf,2000,bar1600,1469,adj_stocktwits_sentiment_ma_25,exog:sentiment,stocktwits_sentiment,0.0006442771649328427,0.00010169482578148259,0.001452870410453931,74
all_features,rf,2000,bar1600,1469,adj_sumret4_ma_625,exog:moments,sumret4,0.0006425757369652631,0.00018232626088360502,0.0014490336233005745,75
all_features,rf,2000,bar1600,1469,adj_sumabsret_vwstock_ma_25,exog:market_vw,sumabsret_vwstock,0.0006399665247094696,4.0181077610477114e-05,0.0014431497467838098,76
all_features,rf,2000,bar1600,1469,adj_sumret3_ewstock_ma_5,exog:market_ew,sumret3_ewstock,0.0006348446463968828,5.01254313878493e-05,0.0014315997092357946,77
all_features,rf,2000,bar1600,1469,adj_ofi_ewstock_ma_25,exog:liquidity,ofi_ewstock,0.0006289858773281781,0.0001601491517061802,0.0014183879539774952,78
all_features,rf,2000,bar1600,1469,adj_sumret3_vwstock_ma_1,exog:market_vw,sumret3_vwstock,0.0006288096986139002,3.278581441295384e-05,0.0014179906640301588,79
all_features,rf,2000,bar1600,1469,adj_sumbipow_vwstock_ma_1,exog:market_vw,sumbipow_vwstock,0.000614937365269846,3.1823828519996306e-05,0.0013867080053600652,80
all_features,rf,2000,bar1600,1469,adj_sumpret2_vwstock_ma_3125,exog:market_vw,sumpret2_vwstock,0.0006096459874889028,-0.00011397703585911213,0.0013747757398276262,81
all_features,rf,2000,bar1600,1469,adj_stocktwits_sentcount_ma_1,exog:sentiment,stocktwits_sentcount,0.0006038738390985873,7.755245805757218e-05,0.0013617593176145047,82
all_features,rf,2000,bar1600,1469,numobs_active_ma_625,hurdle_active,hurdle_active,0.000602141016848368,-0.0005321166104341164,0.001357851735115935,83
all_features,rf,2000,bar1600,1469,adj_vvix_ma_1,exog:implied_vol,vvix,0.0005978415657392267,0.00013673028484111212,0.0013481563033395877,84
all_features,rf,2000,bar1600,1469,adj_sumabsret_vwstock_ma_3125,exog:market_vw,sumabsret_vwstock,0.0005967028280869171,-7.988257969119452e-05,0.0013455884050337665,85
all_features,rf,2000,bar1600,1469,adj_voldemand_spx_open_only_ma_1,exog:vol_demand,voldemand_spx_open_only,0.000592110614811784,-2.8144849496366348e-05,0.0013352327830296403,86
all_features,rf,2000,bar1600,1469,adj_fomc_until_inv_ma_3125,exog:fomc,fomc_until_inv,0.0005883377112611861,1.4356511328957573e-05,0.0013267247367593185,87
all_features,rf,2000,bar1600,1469,adj_spread_ewstock_ma_25,exog:liquidity,spread_ewstock,0.0005844550259191492,9.510219441374076e-06,0.0013179691282206602,88
all_features,rf,2000,bar1600,1469,adj_effspread_ewstock_ma_125,exog:liquidity,effspread_ewstock,0.0005798581912087304,1.3932938306842658e-05,0.0013076030846977437,89
all_features,rf,2000,bar1600,1469,adj_sumret2_ewstock_ma_5,exog:market_ew,sumret2_ewstock,0.0005716216996468728,6.770655743493581e-05,0.001289029471464961,90
all_features,rf,2000,bar1600,1469,adj_sumabsret_ewstock_ma_3125,exog:market_ew,sumabsret_ewstock,0.0005661589214695228,-3.324097075006481e-05,0.0012767106912803916,91
all_features,rf,2000,bar1600,1469,adj_buyturnover_ewstock_ma_125,exog:liquidity,buyturnover_ewstock,0.0005618629866168816,-7.193884957062353e-05,0.0012670231888010964,92
all_features,rf,2000,bar1600,1469,adj_vix_ma_1,exog:implied_vol,vix,0.0005612652400712947,8.314267327127208e-05,0.0012656752467719468,93
all_features,rf,2000,bar1600,1469,adj_sumpret2_ewstock_ma_3125,exog:market_ew,sumpret2_ewstock,0.0005557340983283267,-5.216259154348286e-05,0.0012532023040513673,94
all_features,rf,2000,bar1600,1469,adj_sumret2_vwstock_ma_1,exog:market_vw,sumret2_vwstock,0.0005539304745176023,3.0666505308209434e-05,0.0012491350612421877,95
all_features,rf,2000,bar1600,1469,adj_sumret4_ma_3125,exog:moments,sumret4,0.0005462177869745029,0.00017800727051047518,0.0012317426467250386,96
all_features,rf,2000,bar1600,1469,adj_voldemand_all_open_only_ma_1,exog:vol_demand,voldemand_all_open_only,0.0005372573636074377,-9.085082947276558e-05,0.0012115365387272393,97
all_features,rf,2000,bar1600,1469,adj_turnover_ewstock_ma_125,exog:liquidity,turnover_ewstock,0.0005217029425225154,-1.6525574110673086e-05,0.0011764607058775993,98
all_features,rf,2000,bar1600,1469,adj_stocktwits_attention_ma_25,exog:sentiment,stocktwits_attention,0.0005137105669634095,5.6809865980738484e-05,0.0011584375838563949,99
all_features,rf,2000,bar1600,1469,adj_sumbipow_ma_125,exog:moments,sumbipow,0.0005099801694912623,-3.14940290286054e-05,0.0011500253904689734,100
all_features,rf,2000,bar1600,1469,adj_sumret3_ma_625,exog:moments,sumret3,0.0005094167368755845,0.00013746890865718418,0.00114875482770475,101
all_features,rf,2000,bar1600,1469,adj_sumpret2_ewstock_ma_5,exog:market_ew,sumpret2_ewstock,0.0005049308464776449,-5.027427738495846e-05,0.0011386389679809538,102
all_features,rf,2000,bar1600,1469,adj_stocktwits_sentcount_ma_25,exog:sentiment,stocktwits_sentcount,0.0005024250442308847,6.235246951829493e-06,0.0011329882851119648,103
all_features,rf,2000,bar1600,1469,har_ma_625,har_ladder,har_ladder,0.0005017523219846044,9.649851042745807e-05,0.0011314712699214966,104
all_features,rf,2000,bar1600,1469,adj_effspread_ewstock_ma_1,exog:liquidity,effspread_ewstock,0.0004972765282371453,5.715723661947841e-05,0.0011213781785426398,105
all_features,rf,2000,bar1600,1469,adj_vvix_ma_3125,exog:implied_vol,vvix,0.0004971301092638775,-3.5521764037498505e-05,0.0011210479979846932,106
all_features,rf,2000,bar1600,1469,adj_sumabsret_ewstock_ma_25,exog:market_ew,sumabsret_ewstock,0.00048594095712396735,9.430196324886845e-06,0.0010958160187264537,107
all_features,rf,2000,bar1600,1469,adj_sumret2_ewstock_ma_1,exog:market_ew,sumret2_ewstock,0.0004851517717323726,4.377994105097405e-05,0.0010940363745512174,108
all_features,rf,2000,bar1600,1469,adj_numobs_ma_125,exog:liquidity,numobs,0.00048433747093869206,-0.00021747411403859885,0.0010922000941539897,109
all_features,rf,2000,bar1600,1469,adj_sumret4_ma_25,exog:moments,sumret4,0.00048352494866551885,-4.2170928649705336e-05,0.0010903678243906322,110
all_features,rf,2000,bar1600,1469,adj_stocktwits_attention_ma_3125,exog:sentiment,stocktwits_attention,0.0004789116148764815,9.921115835817662e-06,0.0010799645747948804,111
all_features,rf,2000,bar1600,1469,adj_sumret3_ewstock_ma_625,exog:market_ew,sumret3_ewstock,0.0004784689054664744,4.914992859131621e-05,0.001078966247619501,112
all_features,rf,2000,bar1600,1469,adj_sellturnover_vwstock_ma_25,exog:liquidity,sellturnover_vwstock,0.00047807515124812693,8.115429577127957e-05,0.0010780783163315932,113
all_features,rf,2000,bar1600,1469,adj_sumautocov_ma_125,exog:moments,sumautocov,0.0004757075075047704,-0.0001494039811280649,0.001072739186335301,114
all_features,rf,2000,bar1600,1469,adj_ofi_vwstock_ma_25,exog:liquidity,ofi_vwstock,0.00047534229284054984,0.00010502207293047287,0.00107191561286725,115
all_features,rf,2000,bar1600,1469,adj_sumret3_ewstock_ma_1,exog:market_ew,sumret3_ewstock,0.00047439922625327086,1.213697555052098e-05,0.001069788960528286,116
all_features,rf,2000,bar1600,1469,har_ma_3125,har_ladder,har_ladder,0.00046866143164102554,8.664293882784579e-05,0.0010568500074392654,117
all_features,rf,2000,bar1600,1469,adj_buyturnover_ewstock_ma_25,exog:liquidity,buyturnover_ewstock,0.0004646558900444176,-5.046898744483264e-05,0.0010478173532023878,118
all_features,rf,2000,bar1600,1469,adj_stocktwits_attention_ma_625,exog:sentiment,stocktwits_attention,0.00046288244124537603,0.00010375320963678129,0.001043818156234339,119
all_features,rf,2000,bar1600,1469,adj_ofi_ewstock_ma_625,exog:liquidity,ofi_ewstock,0.00046196856447799553,5.9406559244357834e-05,0.0010417573280901865,120
all_features,rf,2000,bar1600,1469,adj_sumret3_vwstock_ma_125,exog:market_vw,sumret3_vwstock,0.00046147016386055545,4.530354288379576e-05,0.0010406334150461689,121
all_features,rf,2000,bar1600,1469,adj_stocktwits_attention_ma_5,exog:sentiment,stocktwits_attention,0.0004607317394443912,8.230100205154976e-05,0.0010389682388720087,122
all_features,rf,2000,bar1600,1469,har_ma_3125_x_close,har_x_session,har_x_session,0.00045726041443523913,0.00012803224533309223,0.0010311402641037402,123
all_features,rf,2000,bar1600,1469,adj_vix3m_ma_625,exog:implied_vol,vix3m,0.0004572111347757048,-0.00027270202097350797,0.0010310291365284178,124
all_features,rf,2000,bar1600,1469,har_ma_625_x_close,har_x_session,har_x_session,0.0004546175266829559,7.004014125642726e-05,0.001025180448014583,125
all_features,rf,2000,bar1600,1469,adj_ofi_ewstock_ma_125,exog:liquidity,ofi_ewstock,0.00045274870126711924,7.226489191428634e-05,0.0010209661730150082,126
all_features,rf,2000,bar1600,1469,adj_buyturnover_vwstock_ma_3125,exog:liquidity,buyturnover_vwstock,0.00045227923109437783,-7.941744381072712e-05,0.0010199074992644993,127
all_features,rf,2000,bar1600,1469,adj_sumret3_ma_3125,exog:moments,sumret3,0.00044953541569542696,0.00012969679128529475,0.0010137200873525792,128
all_features,rf,2000,bar1600,1469,adj_vvix_ma_5,exog:implied_vol,vvix,0.0004487696238275563,-3.4672148164563763e-06,0.0010119931964957358,129
all_features,rf,2000,bar1600,1469,adj_voldemand_spx_open_and_close_ma_125,exog:vol_demand,voldemand_spx_open_and_close,0.00044654648331008166,-7.068239687655655e-05,0.0010069799269714981,130
all_features,rf,2000,bar1600,1469,adj_sellturnover_ewstock_ma_125,exog:liquidity,sellturnover_ewstock,0.0004440932191359634,-5.0158185830553294e-05,0.0010014477195278667,131
all_features,rf,2000,bar1600,1469,adj_sumret3_ewstock_ma_25,exog:market_ew,sumret3_ewstock,0.00043801167887307606,2.6493515187617233e-05,0.0009877336064429273,132
all_features,rf,2000,bar1600,1469,adj_fomc_since_inv_ma_3125,exog:fomc,fomc_since_inv,0.0004359739674081948,8.822484041236948e-05,0.0009831384867436635,133
all_features,rf,2000,bar1600,1469,adj_vvix_ma_125,exog:implied_vol,vvix,0.0004346974026340738,0.0002142888375532389,0.0009802597828437022,134
all_features,rf,2000,bar1600,1469,adj_fomc_since_inv_ma_25,exog:fomc,fomc_since_inv,0.0004317761331654708,3.6584943333478505e-05,0.0009736722050077902,135
all_features,rf,2000,bar1600,1469,adj_turnover_ewstock_ma_25,exog:liquidity,turnover_ewstock,0.0004309935647694556,-3.360698543961834e-05,0.0009719074824184906,136
all_features,rf,2000,bar1600,1469,adj_sellturnover_ewstock_ma_25,exog:liquidity,sellturnover_ewstock,0.0004287871729160543,-5.702565505782949e-06,0.0009669319817921298,137
all_features,rf,2000,bar1600,1469,adj_ofi_vwstock_ma_625,exog:liquidity,ofi_vwstock,0.0004262009573935004,8.08235380843284e-06,0.0009610999638155702,138
all_features,rf,2000,bar1600,1469,adj_sumret3_vwstock_ma_25,exog:market_vw,sumret3_vwstock,0.00042409651805631204,2.322518359514898e-05,0.0009563543701332068,139
all_features,rf,2000,bar1600,1469,adj_ofi_vwstock_ma_125,exog:liquidity,ofi_vwstock,0.00042315087099283695,8.972332928078461e-05,0.0009542218987186739,140
all_features,rf,2000,bar1600,1469,adj_effspread_vwstock_ma_3125,exog:liquidity,effspread_vwstock,0.00042224039971910135,7.542791175702587e-05,0.0009521687500969675,141
all_features,rf,2000,bar1600,1469,adj_stocktwits_sentiment_ma_125,exog:sentiment,stocktwits_sentiment,0.0004172219817282083,0.00012545829712682123,0.0009408520196537612,142
all_features,rf,2000,bar1600,1469,adj_effspread_ewstock_ma_5,exog:liquidity,effspread_ewstock,0.00041541069733748567,3.680702102133136e-05,0.0009367675019346329,143
all_features,rf,2000,bar1600,1469,adj_sumret2_ewstock_ma_3125,exog:market_ew,sumret2_ewstock,0.0004147268143578537,7.550866122632686e-05,0.0009352253188503947,144
all_features,rf,2000,bar1600,1469,adj_fomc_until_inv_ma_625,exog:fomc,fomc_until_inv,0.0004105091030144905,-3.424204462603772e-05,0.0009257142134688357,145
all_features,rf,2000,bar1600,1469,adj_sumpret2_ewstock_ma_25,exog:market_ew,sumpret2_ewstock,0.00040600841410339466,-7.40964446530025e-06,0.000915564982514374,146
all_features,rf,2000,bar1600,1469,adj_effspread_vwstock_ma_625,exog:liquidity,effspread_vwstock,0.00040542336006548884,-1.2143862004559565e-05,0.0009142456625905047,147
all_features,rf,2000,bar1600,1469,adj_stocktwits_sentcount_ma_125,exog:sentiment,stocktwits_sentcount,0.000401190249185071,5.980951706442357e-05,0.0009046998306456914,148
all_features,rf,2000,bar1600,1469,adj_sumret2_vwstock_ma_3125,exog:market_vw,sumret2_vwstock,0.0004006199531700437,-3.709780218641268e-05,0.0009034137906453147,149
all_features,rf,2000,bar1600,1469,adj_vvix_ma_625,exog:implied_vol,vvix,0.0003998398213896406,-0.00016565890192256336,0.0009016545627202948,150
all_features,rf,2000,bar1600,1469,adj_sumbipow_ewstock_ma_625,exog:market_ew,sumbipow_ewstock,0.00039892659372152135,0.0001141832322531574,0.00089959519832057,151
all_features,rf,2000,bar1600,1469,adj_sumbipow_ma_625,exog:moments,sumbipow,0.0003959358074334305,0.0001090989094442717,0.0008928508573156992,152
all_features,rf,2000,bar1600,1469,adj_spread_ewstock_ma_5,exog:liquidity,spread_ewstock,0.00039522977722084447,1.2595177535104472e-05,0.0008912587313478951,153
all_features,rf,2000,bar1600,1469,adj_effspread_vwstock_ma_5,exog:liquidity,effspread_vwstock,0.00038998321040427874,1.2985426614087033e-06,0.0008794275163070014,154
all_features,rf,2000,bar1600,1469,adj_stocktwits_attention_ma_1,exog:sentiment,stocktwits_attention,0.00038895165240742844,8.979415805305632e-05,0.0008771013123502817,155
all_features,rf,2000,bar1600,1469,adj_stocktwits_sentcount_ma_625,exog:sentiment,stocktwits_sentcount,0.0003885154235763542,8.355498316315669e-05,0.0008761175991359219,156
all_features,rf,2000,bar1600,1469,adj_fomc_since_inv_ma_125,exog:fomc,fomc_since_inv,0.00038822178711855963,1.7333026380537327e-05,0.0008754554373456547,157
all_features,rf,2000,bar1600,1469,adj_sumpret2_ma_625,exog:moments,sumpret2,0.0003879438397212114,8.053915004228403e-05,0.000874828655005306,158
all_features,rf,2000,bar1600,1469,adj_sumret3_ewstock_ma_3125,exog:market_ew,sumret3_ewstock,0.000387749328067293,6.0809911899038424e-05,0.0008743900235562215,159
all_features,rf,2000,bar1600,1469,adj_sumret_ma_3125,exog:moments,sumret,0.0003852661573241457,5.274478915061593e-05,0.0008687903756202284,160
all_features,rf,2000,bar1600,1469,adj_spread_ewstock_ma_625,exog:liquidity,spread_ewstock,0.00038447331459190404,7.250705284836898e-05,0.0008670024839976262,161
all_features,rf,2000,bar1600,1469,adj_sumbipow_vwstock_ma_25,exog:market_vw,sumbipow_vwstock,0.00038263468668792036,4.859555518232327e-05,0.000862856305577953,162
all_features,rf,2000,bar1600,1469,adj_vix_ma_5,exog:implied_vol,vix,0.0003788107669157871,3.593266664078447e-05,0.0008542332157165246,163
all_features,rf,2000,bar1600,1469,adj_turnover_vwstock_ma_25,exog:liquidity,turnover_vwstock,0.00037819185996113523,6.159802258744164e-05,0.0008528375561305892,164
all_features,rf,2000,bar1600,1469,adj_sumpret2_ma_125,exog:moments,sumpret2,0.00037795887478924697,2.615510619672831e-05,0.0008523121653814909,165
all_features,rf,2000,bar1600,1469,adj_buyturnover_vwstock_ma_25,exog:liquidity,buyturnover_vwstock,0.0003779452046110806,7.877247313597273e-07,0.0008522813385907174,166
all_features,rf,2000,bar1600,1469,numobs_active_ma_3125,hurdle_active,hurdle_active,0.00037774652256031776,-9.571623350057138e-06,0.0008518333027323121,167
all_features,rf,2000,bar1600,1469,adj_turnover_vwstock_ma_3125,exog:liquidity,turnover_vwstock,0.00037759457370678675,-2.972568962068659e-05,0.0008514906520763314,168
all_features,rf,2000,bar1600,1469,adj_sumpret2_vwstock_ma_25,exog:market_vw,sumpret2_vwstock,0.00037740594427481484,-5.9757610816586334e-05,0.0008510652852696695,169
all_features,rf,2000,bar1600,1469,adj_fomc_since_inv_ma_5,exog:fomc,fomc_since_inv,0.00037721548436304314,-3.185367644510385e-05,0.0008506357906588839,170
all_features,rf,2000,bar1600,1469,adj_sumret3_vwstock_ma_625,exog:market_vw,sumret3_vwstock,0.00037634850765460296,3.5889265922000115e-06,0.000848680723996888,171
all_features,rf,2000,bar1600,1469,adj_sellturnover_ewstock_ma_3125,exog:liquidity,sellturnover_ewstock,0.00037474010250267706,-5.200153818317021e-05,0.0008450537069606745,172
all_features,rf,2000,bar1600,1469,adj_sumabsret_vwstock_ma_125,exog:market_vw,sumabsret_vwstock,0.0003746596180269713,1.6978834433697837e-05,0.0008448722112944948,173
all_features,rf,2000,bar1600,1469,adj_fomc_until_inv_ma_25,exog:fomc,fomc_until_inv,0.00037351610487485674,3.0246199135167904e-05,0.0008422935440483177,174
all_features,rf,2000,bar1600,1469,adj_voldemand_all_open_and_close_ma_625,exog:vol_demand,voldemand_all_open_and_close,0.0003722368372053566,-0.00013451299135685705,0.0008394087450127026,175
all_features,rf,2000,bar1600,1469,adj_voldemand_spx_open_only_ma_25,exog:vol_demand,voldemand_spx_open_only,0.0003716864300494577,-8.891633903258432e-05,0.0008381675551738684,176
all_features,rf,2000,bar1600,1469,adj_sumbipow_vwstock_ma_625,exog:market_vw,sumbipow_vwstock,0.00036853246733976885,2.2501565634762095e-05,0.0008310552449043283,177
all_features,rf,2000,bar1600,1469,adj_spread_ewstock_ma_125,exog:liquidity,spread_ewstock,0.00036838195768538573,1.9009293123309246e-05,0.0008307158396991729,178
all_features,rf,2000,bar1600,1469,adj_effspread_vwstock_ma_1,exog:liquidity,effspread_vwstock,0.00036453490535209274,2.1460615937792902e-06,0.000822040585000224,179
all_features,rf,2000,bar1600,1469,adj_fomc_until_inv_ma_1,exog:fomc,fomc_until_inv,0.000364373857943987,6.887241515907313e-06,0.0008216774167449258,180
all_features,rf,2000,bar1600,1469,adj_numobs_ma_25,exog:liquidity,numobs,0.00036288892276424713,0.00018467805022422305,0.0008183288293643518,181
all_features,rf,2000,bar1600,1469,adj_fomc_until_inv_ma_5,exog:fomc,fomc_until_inv,0.0003615951616869546,-1.308058527854389e-05,0.000815411347122697,182
all_features,rf,2000,bar1600,1469,adj_sumret2_vwstock_ma_5,exog:market_vw,sumret2_vwstock,0.0003588513988373357,6.38935193506976e-05,0.0008092240537115925,183
all_features,rf,2000,bar1600,1469,adj_sumabsret_ewstock_ma_125,exog:market_ew,sumabsret_ewstock,0.00035689377876230746,-1.0133691532228144e-05,0.0008048095432544112,184
all_features,rf,2000,bar1600,1469,adj_sumret4_ma_125,exog:moments,sumret4,0.00035645630363489035,5.4501117968038453e-05,0.0008038230195926574,185
all_features,rf,2000,bar1600,1469,adj_sumbipow_vwstock_ma_3125,exog:market_vw,sumbipow_vwstock,0.00035563030787944444,1.2871014712728724e-05,0.0008019603665955223,186
all_features,rf,2000,bar1600,1469,adj_sumpret2_ewstock_ma_625,exog:market_ew,sumpret2_ewstock,0.0003554931023920136,-2.5218889992246626e-05,0.0008016509628114211,187
all_features,rf,2000,bar1600,1469,adj_sellturnover_vwstock_ma_3125,exog:liquidity,sellturnover_vwstock,0.00035513038479826394,-6.38705176440797e-05,0.0008008330203357401,188
all_features,rf,2000,bar1600,1469,adj_stocktwits_sentiment_ma_3125,exog:sentiment,stocktwits_sentiment,0.00035440677675449854,5.9142343271682845e-05,0.0007992012556655413,189
all_features,rf,2000,bar1600,1469,voldemand_all_open_and_close_active_ma_3125,hurdle_active,hurdle_active,0.0003531951852391919,-8.754501716230026e-05,0.0007964690690260699,190
all_features,rf,2000,bar1600,1469,adj_sumret3_ewstock_ma_125,exog:market_ew,sumret3_ewstock,0.0003499305840612323,7.906877962127024e-06,0.0007891072646481591,191
all_features,rf,2000,bar1600,1469,adj_vix_ma_25,exog:implied_vol,vix,0.00034935371926377484,8.355227820315756e-05,0.0007878064117843985,192
all_features,rf,2000,bar1600,1469,adj_vvix_ma_25,exog:implied_vol,vvix,0.000349286071839447,-1.400189892109999e-05,0.0007876538641752348,193
all_features,rf,2000,bar1600,1469,adj_sellturnover_vwstock_ma_125,exog:liquidity,sellturnover_vwstock,0.0003465072038637829,2.8662101651504814e-06,0.0007813874073207206,194
all_features,rf,2000,bar1600,1469,adj_voldemand_spx_open_and_close_ma_5,exog:vol_demand,voldemand_spx_open_and_close,0.0003453820605147167,-3.8409961067880265e-05,0.0007788501647047298,195
all_features,rf,2000,bar1600,1469,adj_sumautocov_ma_25,exog:moments,sumautocov,0.0003434210832303839,0.00011367639956503626,0.0007744280836081936,196
all_features,rf,2000,bar1600,1469,adj_voldemand_all_open_only_ma_625,exog:vol_demand,voldemand_all_open_only,0.0003432360105263108,-3.6912483612245155e-05,0.0007740107373631834,197
all_features,rf,2000,bar1600,1469,adj_stocktwits_sentcount_ma_3125,exog:sentiment,stocktwits_sentcount,0.00034272069864257307,3.5991608896479435e-05,0.0007728486887468619,198
all_features,rf,2000,bar1600,1469,numobs_active_ma_125,hurdle_active,hurdle_active,0.0003419960451062976,-0.00020971495857993736,0.0007712145664498296,199
all_features,rf,2000,bar1600,1469,adj_sumbipow_ewstock_ma_3125,exog:market_ew,sumbipow_ewstock,0.0003408647480051292,-2.927912298745398e-05,0.000768663446880209,200
all_features,rf,2000,bar1600,1469,adj_voldemand_all_open_and_close_ma_125,exog:vol_demand,voldemand_all_open_and_close,0.0003392298279830512,-1.2207288010535048e-05,0.0007649766377663342,201
all_features,rf,2000,bar1600,1469,adj_spread_ewstock_ma_3125,exog:liquidity,spread_ewstock,0.0003391545133654563,2.4827657935434535e-05,0.0007648068003340395,202
all_features,rf,2000,bar1600,1469,adj_ofi_vwstock_ma_3125,exog:liquidity,ofi_vwstock,0.00033802414888812067,2.6407958643962203e-05,0.0007622577838679347,203
all_features,rf,2000,bar1600,1469,adj_sumpret2_ewstock_ma_1,exog:market_ew,sumpret2_ewstock,0.00033627688282744785,1.8335369040982013e-06,0.0007583176300072798,204
all_features,rf,2000,bar1600,1469,adj_sumvolume_ma_3125,exog:liquidity,sumvolume,0.0003312812033644846,1.92181081870268e-05,0.0007470521758411241,205
all_features,rf,2000,bar1600,1469,adj_buyturnover_vwstock_ma_125,exog:liquidity,buyturnover_vwstock,0.0003306371970476471,-4.5642628349774225e-05,0.0007455999162038044,206
all_features,rf,2000,bar1600,1469,adj_vix3m_ma_3125,exog:implied_vol,vix3m,0.0003292702869658269,-5.947962244970374e-05,0.0007425174800727107,207
all_features,rf,2000,bar1600,1469,adj_buyturnover_ewstock_ma_3125,exog:liquidity,buyturnover_ewstock,0.0003290540199935424,-3.5524535249300407e-06,0.0007420297895229092,208
all_features,rf,2000,bar1600,1469,adj_effspread_ewstock_ma_3125,exog:liquidity,effspread_ewstock,0.00032676387965291875,9.206614758286963e-05,0.0007368654327557005,209
all_features,rf,2000,bar1600,1469,adj_turnover_ewstock_ma_3125,exog:liquidity,turnover_ewstock,0.00032494588677118024,-3.117587764220952e-05,0.0007327657871248188,210
all_features,rf,2000,bar1600,1469,adj_spread_ewstock_ma_1,exog:liquidity,spread_ewstock,0.00032459159305574557,-2.375035196507589e-05,0.0007319668408268874,211
all_features,rf,2000,bar1600,1469,adj_sumret4_ewstock_ma_3125,exog:market_ew,sumret4_ewstock,0.00032350227574274134,1.6997939567412516e-06,0.0007295103873348193,212
all_features,rf,2000,bar1600,1469,adj_effspread_ewstock_ma_625,exog:liquidity,effspread_ewstock,0.0003213287624384845,5.6344695147144425e-05,0.0007246090291331642,213
all_features,rf,2000,bar1600,1469,adj_numobs_ma_3125,exog:liquidity,numobs,0.0003201473734896788,9.404454474972101e-05,0.0007219449504720246,214
all_features,rf,2000,bar1600,1469,adj_sumpret2_vwstock_ma_5,exog:market_vw,sumpret2_vwstock,0.0003198930698738056,3.774265838386869e-05,0.0007213714857911646,215
all_features,rf,2000,bar1600,1469,adj_sumautocov_ma_3125,exog:moments,sumautocov,0.00031879703079146557,-7.170922034036801e-05,0.0007188998744442082,216
all_features,rf,2000,bar1600,1469,adj_sumret2_ewstock_ma_125,exog:market_ew,sumret2_ewstock,0.00031758028484022777,1.4488045522987851e-05,0.0007161560643484751,217
all_features,rf,2000,bar1600,1469,adj_sumabsret_ewstock_ma_625,exog:market_ew,sumabsret_ewstock,0.00031737580708823354,6.521046620088754e-05,0.0007156949589552714,218
all_features,rf,2000,bar1600,1469,adj_buyturnover_ewstock_ma_625,exog:liquidity,buyturnover_ewstock,0.00031524068760987973,-3.986650588177426e-05,0.0007108801803448772,219
all_features,rf,2000,bar1600,1469,adj_sumbipow_ewstock_ma_25,exog:market_ew,sumbipow_ewstock,0.00031521531974720385,3.295500223528567e-05,0.0007108229748143007,220
all_features,rf,2000,bar1600,1469,adj_sumret4_ewstock_ma_625,exog:market_ew,sumret4_ewstock,0.00031340328121558806,-1.7117633791623156e-05,0.0007067367564777229,221
all_features,rf,2000,bar1600,1469,adj_fomc_since_inv_ma_625,exog:fomc,fomc_since_inv,0.00031321436315545593,1.0867241827665663e-05,0.0007063107388031791,222
all_features,rf,2000,bar1600,1469,adj_voldemand_spx_open_and_close_ma_625,exog:vol_demand,voldemand_spx_open_and_close,0.00031253117137496577,-8.809134031529066e-05,0.0007047701144002594,223
all_features,rf,2000,bar1600,1469,adj_sumret3_vwstock_ma_3125,exog:market_vw,sumret3_vwstock,0.0003124548231858755,8.263773718969873e-05,0.0007045979462234895,224
all_features,rf,2000,bar1600,1469,adj_voldemand_all_open_and_close_ma_1,exog:vol_demand,voldemand_all_open_and_close,0.00031200265437511337,-0.00010074193784530073,0.000703578287726428,225
all_features,rf,2000,bar1600,1469,adj_sumret4_vwstock_ma_625,exog:market_vw,sumret4_vwstock,0.0003091573314987667,2.4173215748883813e-05,0.0006971619724505907,226
all_features,rf,2000,bar1600,1469,adj_sumret2_ewstock_ma_625,exog:market_ew,sumret2_ewstock,0.0003088790254111695,-1.2227112546993894e-05,0.0006965343812495874,227
all_features,rf,2000,bar1600,1469,adj_fomc_since_inv_ma_1,exog:fomc,fomc_since_inv,0.00030829031766680477,9.753861980165093e-06,0.0006952068220735894,228
all_features,rf,2000,bar1600,1469,adj_sumpret2_vwstock_ma_1,exog:market_vw,sumpret2_vwstock,0.00030419722884098455,-4.027459250340044e-05,0.0006859767453828942,229
all_features,rf,2000,bar1600,1469,adj_fomc_until_inv_ma_125,exog:fomc,fomc_until_inv,0.0003041255122286804,8.254045115913983e-06,0.0006858150215943978,230
all_features,rf,2000,bar1600,1469,adj_sumvolume_ma_625,exog:liquidity,sumvolume,0.00030408947888352497,2.880026403755227e-05,0.0006857337649802953,231
all_features,rf,2000,bar1600,1469,adj_sumbipow_ewstock_ma_125,exog:market_ew,sumbipow_ewstock,0.0002995063525261944,3.865493074121241e-05,0.0006753986343341064,232
all_features,rf,2000,bar1600,1469,adj_voldemand_spx_open_and_close_ma_1,exog:vol_demand,voldemand_spx_open_and_close,0.000299215369955101,-8.470371420389659e-05,0.0006747424571629917,233
all_features,rf,2000,bar1600,1469,adj_voldemand_spx_open_only_ma_125,exog:vol_demand,voldemand_spx_open_only,0.00029751034912113415,-5.651850525991242e-05,0.0006708975679542672,234
all_features,rf,2000,bar1600,1469,adj_voldemand_spx_open_only_ma_625,exog:vol_demand,voldemand_spx_open_only,0.00029673234029828545,-8.804292714261708e-05,0.0006691431273822398,235
all_features,rf,2000,bar1600,1469,adj_voldemand_spx_open_only_ma_5,exog:vol_demand,voldemand_spx_open_only,0.0002967254201729664,-4.292850235295654e-05,0.0006691275222267882,236
all_features,rf,2000,bar1600,1469,adj_turnover_ewstock_ma_625,exog:liquidity,turnover_ewstock,0.000295604692358152,-4.885013403870305e-05,0.0006666002368146376,237
all_features,rf,2000,bar1600,1469,adj_ofi_ewstock_ma_3125,exog:liquidity,ofi_ewstock,0.00029504290485706956,5.2880217116991075e-05,0.000665333383848693,238
all_features,rf,2000,bar1600,1469,adj_sumpret2_vwstock_ma_625,exog:market_vw,sumpret2_vwstock,0.0002940617686742674,-2.4627677772870132e-05,0.0006631208830707591,239
all_features,rf,2000,bar1600,1469,voldemand_spx_open_only_active_ma_3125,hurdle_active,hurdle_active,0.00029243698687104986,-8.751348493327604e-05,0.0006594569360401597,240
all_features,rf,2000,bar1600,1469,adj_stocktwits_attention_ma_125,exog:sentiment,stocktwits_attention,0.0002923608442540363,1.305713922525201e-05,0.0006592852314365283,241
all_features,rf,2000,bar1600,1469,adj_sumret2_vwstock_ma_25,exog:market_vw,sumret2_vwstock,0.0002915176086238911,3.938255889511322e-06,0.0006573837018421865,242
all_features,rf,2000,bar1600,1469,adj_voldemand_all_open_only_ma_25,exog:vol_demand,voldemand_all_open_only,0.00029136775563363824,-4.492580483267867e-06,0.0006570457774405368,243
all_features,rf,2000,bar1600,1469,adj_sumret4_ewstock_ma_25,exog:market_ew,sumret4_ewstock,0.0002912604268685092,-3.5521073985112654e-05,0.0006568037468432506,244
all_features,rf,2000,bar1600,1469,adj_voldemand_all_open_and_close_ma_5,exog:vol_demand,voldemand_all_open_and_close,0.00029036147617651927,-2.6367735554333486e-05,0.0006547765775876316,245
all_features,rf,2000,bar1600,1469,adj_voldemand_all_open_and_close_ma_3125,exog:vol_demand,voldemand_all_open_and_close,0.0002894947506983454,-8.908537120536647e-05,0.0006528220774597921,246
all_features,rf,2000,bar1600,1469,adj_sumpret2_ewstock_ma_125,exog:market_ew,sumpret2_ewstock,0.0002890387311858438,1.36187469451549e-05,0.0006517937354784769,247
all_features,rf,2000,bar1600,1469,adj_voldemand_all_open_and_close_ma_25,exog:vol_demand,voldemand_all_open_and_close,0.00028716940740885626,-9.355999322280338e-06,0.0006475783366548568,248
all_features,rf,2000,bar1600,1469,adj_vix3m_ma_1,exog:implied_vol,vix3m,0.00028636687065039176,3.456231386782197e-05,0.0006457685846208914,249
all_features,rf,2000,bar1600,1469,adj_spread_vwstock_ma_25,exog:liquidity,spread_vwstock,0.00028580298284301085,2.4534381905170753e-05,0.0006444969953814297,250
all_features,rf,2000,bar1600,1469,adj_sumret2_ewstock_ma_25,exog:market_ew,sumret2_ewstock,0.00028561007750618674,2.668852807189579e-05,0.0006440619862407292,251
all_features,rf,2000,bar1600,1469,adj_turnover_vwstock_ma_125,exog:liquidity,turnover_vwstock,0.0002835375957552025,-4.45855921285544e-05,0.0006393884581753279,252
all_features,rf,2000,bar1600,1469,adj_sumret4_vwstock_ma_3125,exog:market_vw,sumret4_vwstock,0.00028292627771830166,-2.7662318684452553e-05,0.0006380099118981484,253
all_features,rf,2000,bar1600,1469,adj_voldemand_spx_open_and_close_ma_25,exog:vol_demand,voldemand_spx_open_and_close,0.0002829091847068703,-6.263164167715311e-05,0.0006379713664834018,254
all_features,rf,2000,bar1600,1469,adj_spread_vwstock_ma_3125,exog:liquidity,spread_vwstock,0.0002751161448464423,-9.685508612608153e-05,0.0006203977543224243,255
all_features,rf,2000,bar1600,1469,adj_sumabsret_vwstock_ma_625,exog:market_vw,sumabsret_vwstock,0.0002708539860279331,3.0927242828272474e-05,0.0006107864181318691,256
all_features,rf,2000,bar1600,1469,adj_vix_ma_3125,exog:implied_vol,vix,0.0002704357899181365,-8.659238399461906e-05,0.0006098433694150117,257
all_features,rf,2000,bar1600,1469,adj_vix_ma_125,exog:implied_vol,vix,0.0002701410558393562,-4.61484653453147e-05,0.000609178732446143,258
all_features,rf,2000,bar1600,1469,adj_spread_vwstock_ma_5,exog:liquidity,spread_vwstock,0.0002694820231140197,4.053175809547569e-05,0.0006076925876651743,259
all_features,rf,2000,bar1600,1469,adj_sumbipow_vwstock_ma_125,exog:market_vw,sumbipow_vwstock,0.00026488378477805563,-1.5318274561766864e-06,0.0005973233789113091,260
all_features,rf,2000,bar1600,1469,adj_voldemand_spx_open_only_ma_3125,exog:vol_demand,voldemand_spx_open_only,0.0002645601410344498,-6.056315178557611e-05,0.000596593549508365,261
all_features,rf,2000,bar1600,1469,voldemand_spx_open_and_close_active_ma_125,hurdle_active,hurdle_active,0.00026353330733226406,0.00017176772703414624,0.0005942779990223905,262
all_features,rf,2000,bar1600,1469,adj_numobs_ma_625,exog:liquidity,numobs,0.00026335113743109514,-6.079651618359312e-05,0.0005938671987123854,263
all_features,rf,2000,bar1600,1469,adj_sellturnover_ewstock_ma_625,exog:liquidity,sellturnover_ewstock,0.00025866269116155523,9.016145645589977e-06,0.0005832945675114524,264
all_features,rf,2000,bar1600,1469,adj_sumret4_vwstock_ma_1,exog:market_vw,sumret4_vwstock,0.0002571933131672943,-3.3675917093450056e-05,0.0005799810621975454,265
all_features,rf,2000,bar1600,1469,adj_voldemand_all_open_only_ma_125,exog:vol_demand,voldemand_all_open_only,0.00025692809143085113,-1.137123679850046e-05,0.000579382976724304,266
all_features,rf,2000,bar1600,1469,adj_sellturnover_vwstock_ma_625,exog:liquidity,sellturnover_vwstock,0.0002552404746434827,5.479421689438625e-05,0.0005755773343268919,267
all_features,rf,2000,bar1600,1469,adj_vix3m_ma_5,exog:implied_vol,vix3m,0.0002502893381849865,1.0849305229394418e-05,0.0005644123263921181,268
all_features,rf,2000,bar1600,1469,voldemand_spx_open_and_close_active_ma_3125,hurdle_active,hurdle_active,0.00024907451035958815,-1.7259044186708798e-05,0.0005616728417457837,269
all_features,rf,2000,bar1600,1469,adj_sumret2_vwstock_ma_625,exog:market_vw,sumret2_vwstock,0.00024755722455903876,3.1393318628061737e-06,0.0005582513024397152,270
all_features,rf,2000,bar1600,1469,adj_turnover_vwstock_ma_625,exog:liquidity,turnover_vwstock,0.0002463463166264788,3.9116266578846504e-05,0.0005555206573062908,271
all_features,rf,2000,bar1600,1469,adj_sumabsret_ma_625,exog:moments,sumabsret,0.00024518512937550725,2.1908065804737074e-05,0.0005529021342703102,272
all_features,rf,2000,bar1600,1469,adj_voldemand_all_open_only_ma_5,exog:vol_demand,voldemand_all_open_only,0.00024493503894082864,-4.142161717612501e-05,0.0005523381704791677,273
all_features,rf,2000,bar1600,1469,adj_sumret4_ewstock_ma_125,exog:market_ew,sumret4_ewstock,0.00024405093289947623,-1.7216802693546975e-05,0.0005503444764960534,274
all_features,rf,2000,bar1600,1469,adj_voldemand_spx_open_and_close_ma_3125,exog:vol_demand,voldemand_spx_open_and_close,0.00024321555661457344,-9.059417254608936e-05,0.0005484606700351234,275
all_features,rf,2000,bar1600,1469,adj_voldemand_all_open_only_ma_3125,exog:vol_demand,voldemand_all_open_only,0.00024313539891900903,-2.182508003615025e-05,0.0005482799112710473,276
all_features,rf,2000,bar1600,1469,adj_sumret4_vwstock_ma_25,exog:market_vw,sumret4_vwstock,0.00024209397613012974,-2.7509433947429223e-05,0.0005459314618193383,277
all_features,rf,2000,bar1600,1469,voldemand_all_open_only_active_ma_3125,hurdle_active,hurdle_active,0.00024182351416246692,-3.228386435218167e-05,0.0005453215594180768,278
all_features,rf,2000,bar1600,1469,adj_buyturnover_vwstock_ma_625,exog:liquidity,buyturnover_vwstock,0.00023980844736048865,-3.9684600037462806e-05,0.0005407775043265273,279
all_features,rf,2000,bar1600,1469,adj_spread_vwstock_ma_625,exog:liquidity,spread_vwstock,0.00023791178225519044,3.792715557757223e-05,0.0005365004497295115,280
all_features,rf,2000,bar1600,1469,voldemand_spx_open_only_active_ma_625,hurdle_active,hurdle_active,0.00022923371204349252,-1.4146636639968445e-05,0.0005169310592301108,281
all_features,rf,2000,bar1600,1469,sumret3_ewstock_avail_ma_3125,availability,availability,0.00022759156859152095,4.656157027936045e-05,0.0005132279609970097,282
all_features,rf,2000,bar1600,1469,adj_spread_vwstock_ma_1,exog:liquidity,spread_vwstock,0.0002264754634308898,1.162584954599359e-05,0.0005107110998523113,283
all_features,rf,2000,bar1600,1469,adj_sumret2_vwstock_ma_125,exog:market_vw,sumret2_vwstock,0.00022557360528853345,2.5023233134786504e-05,0.0005086773741814767,284
all_features,rf,2000,bar1600,1469,adj_sumret4_ewstock_ma_5,exog:market_ew,sumret4_ewstock,0.0002234093900712844,-1.1048329942920123e-05,0.0005037969835326431,285
all_features,rf,2000,bar1600,1469,adj_sumret4_vwstock_ma_125,exog:market_vw,sumret4_vwstock,0.00021858859748925035,-1.290790084549065e-05,0.0004929259061786861,286
all_features,rf,2000,bar1600,1469,adj_sumret4_ewstock_ma_1,exog:market_ew,sumret4_ewstock,0.00021811903505830515,-2.482861955541355e-05,0.0004918670243822899,287
all_features,rf,2000,bar1600,1469,adj_vix3m_ma_25,exog:implied_vol,vix3m,0.00021775641116756982,1.9576809213137962e-05,0.0004910492932106008,288
all_features,rf,2000,bar1600,1469,voldemand_all_open_and_close_active_ma_625,hurdle_active,hurdle_active,0.00021508241879977823,2.510007536341384e-05,0.0004850193349870326,289
all_features,rf,2000,bar1600,1469,adj_vix3m_ma_125,exog:implied_vol,vix3m,0.0002147190489359135,-5.009411181984738e-05,0.0004841999216165234,290
all_features,rf,2000,bar1600,1469,adj_spread_vwstock_ma_125,exog:liquidity,spread_vwstock,0.0002120802849496324,-1.609836988194405e-05,0.0004782494047822989,291
all_features,rf,2000,bar1600,1469,adj_sumret4_vwstock_ma_5,exog:market_vw,sumret4_vwstock,0.00021097236086498337,-1.44455860849892e-05,0.00047575099228651597,292
all_features,rf,2000,bar1600,1469,adj_sumpret2_vwstock_ma_125,exog:market_vw,sumpret2_vwstock,0.0002108362895484261,-4.090415063343851e-06,0.0004754441461024545,293
all_features,rf,2000,bar1600,1469,is_quarter_end,calendar,calendar,0.0001973125988197223,-5.01587467078563e-05,0.0004449476902767821,294
all_features,rf,2000,bar1600,1469,sumret3_vwstock_avail_ma_3125,availability,availability,0.00019458808638250552,2.4724978394017817e-05,0.00043880380730467865,295
all_features,rf,2000,bar1600,1469,voldemand_spx_open_and_close_active_ma_625,hurdle_active,hurdle_active,0.00018919550375438572,6.556371421165001e-05,0.00042664332085139915,296
all_features,rf,2000,bar1600,1469,voldemand_all_open_and_close_active_ma_125,hurdle_active,hurdle_active,0.00018214222042660998,9.853047575697966e-05,0.00041073788883978725,297
all_features,rf,2000,bar1600,1469,voldemand_all_open_only_active_ma_625,hurdle_active,hurdle_active,0.00016162234308552938,4.049902992968684e-05,0.00036446475634702277,298
all_features,rf,2000,bar1600,1469,voldemand_all_open_and_close_avail_ma_3125,availability,availability,0.00015495922891346195,1.5749147263693605e-05,0.0003494391711657102,299
all_features,rf,2000,bar1600,1469,vix_avail_ma_3125,availability,availability,0.00014378564963114432,-1.4181488094365842e-05,0.00032424230931537207,300
all_features,rf,2000,bar1600,1469,voldemand_spx_open_only_avail_ma_3125,availability,availability,0.00013899715755480497,2.4013624506382905e-05,0.00031344407087534955,301
all_features,rf,2000,bar1600,1469,voldemand_spx_open_and_close_avail_ma_3125,availability,availability,0.00013687522318613812,-4.288837157720209e-06,0.00030865902520718175,302
all_features,rf,2000,bar1600,1469,DOW_4,calendar,calendar,0.00013012932037090506,-5.623791805458411e-06,0.00029344674837121536,303
all_features,rf,2000,bar1600,1469,voldemand_all_open_only_avail_ma_3125,availability,availability,0.00012989258199286793,-2.7508892036884346e-05,0.00029291289399426435,304
all_features,rf,2000,bar1600,1469,vvix_avail_ma_3125,availability,availability,0.0001210599844155978,-4.2212895910065206e-05,0.0002729950381925606,305
all_features,rf,2000,bar1600,1469,vix_avail_ma_625,availability,availability,0.00011410120721465587,1.858653719490417e-05,0.0002573027212232888,306
all_features,rf,2000,bar1600,1469,sumret3_vwstock_avail_ma_625,availability,availability,0.00011271699159216142,1.5409521456257607e-05,0.00025418126041562556,307
all_features,rf,2000,bar1600,1469,sumret3_ewstock_avail_ma_625,availability,availability,0.00011184784142281584,-3.5952218996312473e-06,0.0002522212925135894,308
all_features,rf,2000,bar1600,1469,vix3m_avail_ma_3125,availability,availability,0.00011151359860535238,4.750288282544424e-07,0.0002514675617811801,309
all_features,rf,2000,bar1600,1469,fomc_day_active_ma_3125,hurdle_active,hurdle_active,9.650313104751558e-05,5.696391277196719e-05,0.00021761836558293682,310
all_features,rf,2000,bar1600,1469,spread_ewstock_avail_ma_3125,availability,availability,9.109130605665196e-05,-3.017320484471863e-06,0.00020541448684295314,311
all_features,rf,2000,bar1600,1469,adj_fomc_day_ma_625,exog:fomc,fomc_day,9.077846586201234e-05,-3.944225680180537e-06,0.00020470901986890648,312
all_features,rf,2000,bar1600,1469,sumret4_vwstock_avail_ma_3125,availability,availability,9.069202372517046e-05,-3.917952317103289e-05,0.00020451408944195727,313
all_features,rf,2000,bar1600,1469,fomc_day_active_ma_625,hurdle_active,hurdle_active,8.986730316653861e-05,1.4341676635904753e-05,0.0002026543120639182,314
all_features,rf,2000,bar1600,1469,sumbipow_ewstock_avail_ma_3125,availability,availability,8.613231556580804e-05,-1.5674670682069722e-05,0.00019423176775555458,315
all_features,rf,2000,bar1600,1469,spread_vwstock_avail_ma_3125,availability,availability,8.521063635608234e-05,-2.0475230822372846e-05,0.00019215334479626714,316
all_features,rf,2000,bar1600,1469,vix3m_avail_ma_625,availability,availability,8.511009252552861e-05,4.318952982160601e-06,0.00019192661449397492,317
all_features,rf,2000,bar1600,1469,buyturnover_ewstock_avail_ma_3125,availability,availability,8.355136124789552e-05,-9.326132277088715e-06,0.00018841161400290793,318
all_features,rf,2000,bar1600,1469,voldemand_all_open_only_active_ma_125,hurdle_active,hurdle_active,8.344968295526361e-05,1.653259247887147e-05,0.00018818232544389816,319
all_features,rf,2000,bar1600,1469,sumret2_vwstock_avail_ma_3125,availability,availability,8.299796465938752e-05,-4.369740708630561e-06,0.00018716368287566827,320
all_features,rf,2000,bar1600,1469,effspread_ewstock_avail_ma_3125,availability,availability,8.172270632410678e-05,-1.5258050217840996e-05,0.00018428792504680396,321
all_features,rf,2000,bar1600,1469,sumbipow_vwstock_avail_ma_3125,availability,availability,7.9504088637407e-05,-1.2736616658590154e-05,0.00017928485468429647,322
all_features,rf,2000,bar1600,1469,sumret4_ewstock_avail_ma_3125,availability,availability,7.780399899328344e-05,-8.483606050238301e-06,0.00017545108550310294,323
all_features,rf,2000,bar1600,1469,ofi_ewstock_avail_ma_3125,availability,availability,7.777581294559836e-05,-3.302252272167853e-05,0.00017538752485421117,324
all_features,rf,2000,bar1600,1469,ofi_vwstock_avail_ma_3125,availability,availability,7.689821726219266e-05,-4.364266835156939e-06,0.00017340851198496699,325
all_features,rf,2000,bar1600,1469,sellturnover_ewstock_avail_ma_3125,availability,availability,7.683036095237839e-05,-1.5162061902575154e-05,0.00017325549333079503,326
all_features,rf,2000,bar1600,1469,vvix_avail_ma_625,availability,availability,7.671971124079196e-05,-1.3213267334252502e-07,0.00017300597386830417,327
all_features,rf,2000,bar1600,1469,turnover_ewstock_avail_ma_3125,availability,availability,7.656193046723275e-05,-2.049879864223432e-05,0.00017265017200271017,328
all_features,rf,2000,bar1600,1469,sumpret2_ewstock_avail_ma_3125,availability,availability,7.635112569416912e-05,-3.520741064014185e-05,0.00017217479892752362,329
all_features,rf,2000,bar1600,1469,sellturnover_vwstock_avail_ma_3125,availability,availability,7.516737040880222e-05,-1.6521294399316133e-05,0.00016950538408413507,330
all_features,rf,2000,bar1600,1469,voldemand_spx_open_only_active_ma_125,hurdle_active,hurdle_active,7.327421936955539e-05,4.6788836724455936e-05,0.0001652362538446231,331
all_features,rf,2000,bar1600,1469,effspread_vwstock_avail_ma_3125,availability,availability,7.235415984942323e-05,-1.1229166568975252e-05,0.00016316148334923267,332
all_features,rf,2000,bar1600,1469,sumpret2_vwstock_avail_ma_3125,availability,availability,7.219870681445979e-05,-1.6624080140632793e-05,0.00016281093062595373,333
all_features,rf,2000,bar1600,1469,sumret2_ewstock_avail_ma_3125,availability,availability,7.176869399403799e-05,-1.9685412720412888e-05,0.00016184123476070949,334
all_features,rf,2000,bar1600,1469,voldemand_all_open_only_avail_ma_625,availability,availability,7.068947882440913e-05,7.825164776462076e-06,0.00015940756200027536,335
all_features,rf,2000,bar1600,1469,buyturnover_vwstock_avail_ma_3125,availability,availability,6.760152589319099e-05,-2.448332932638244e-05,0.00015244410638391966,336
all_features,rf,2000,bar1600,1469,fomc_release_active_ma_625,hurdle_active,hurdle_active,6.740771525831056e-05,3.0088399088672675e-06,0.0001520070557604067,337
all_features,rf,2000,bar1600,1469,sumabsret_vwstock_avail_ma_3125,availability,availability,6.650596906151906e-05,-8.356683431268729e-06,0.00014997358253123475,338
all_features,rf,2000,bar1600,1469,turnover_vwstock_avail_ma_3125,availability,availability,6.621206396302204e-05,-6.958140147949624e-06,0.0001493108149455911,339
all_features,rf,2000,bar1600,1469,sumabsret_ewstock_avail_ma_3125,availability,availability,6.29766455777048e-05,-2.883885716732734e-06,0.00014201481891575193,340
all_features,rf,2000,bar1600,1469,sellturnover_vwstock_avail_ma_625,availability,availability,6.171728833592497e-05,3.231509145850047e-06,0.00013917491867970443,341
all_features,rf,2000,bar1600,1469,DOW_2,calendar,calendar,6.077916749887755e-05,1.395034232695292e-05,0.0001370594192025213,342
all_features,rf,2000,bar1600,1469,ofi_vwstock_avail_ma_625,availability,availability,5.881555956171802e-05,2.856553566781124e-07,0.00013263140588013552,343
all_features,rf,2000,bar1600,1469,sumret4_vwstock_avail_ma_625,availability,availability,5.7889793248111234e-05,-3.494342376852569e-06,0.00013054376634044377,344
all_features,rf,2000,bar1600,1469,adj_fomc_day_ma_3125,exog:fomc,fomc_day,5.60469253500431e-05,8.318417902529134e-06,0.0001263880265669292,345
all_features,rf,2000,bar1600,1469,sumret4_ewstock_avail_ma_625,availability,availability,5.385040074811681e-05,4.182722204480387e-06,0.00012143477698170532,346
all_features,rf,2000,bar1600,1469,voldemand_spx_open_only_avail_ma_625,availability,availability,5.2738499419639205e-05,9.570426018210277e-06,0.00011892739564426818,347
all_features,rf,2000,bar1600,1469,voldemand_spx_open_and_close_avail_ma_625,availability,availability,5.260761647296026e-05,1.2792962853756177e-05,0.00011863224943885722,348
all_features,rf,2000,bar1600,1469,fomc_day_active_ma_125,hurdle_active,hurdle_active,5.252647838361532e-05,2.0267231472207213e-05,0.0001184492798481496,349
all_features,rf,2000,bar1600,1469,spread_vwstock_avail_ma_625,availability,availability,5.202032504723221e-05,-4.115862926803628e-06,0.00011730788411722966,350
all_features,rf,2000,bar1600,1469,turnover_vwstock_avail_ma_625,availability,availability,5.171982401726274e-05,-6.275208896679313e-06,0.00011663024244604131,351
all_features,rf,2000,bar1600,1469,buyturnover_ewstock_avail_ma_625,availability,availability,5.115722856210208e-05,-2.836115660819673e-06,0.00011536156751179312,352
all_features,rf,2000,bar1600,1469,sumbipow_ewstock_avail_ma_625,availability,availability,5.055070585091407e-05,2.778793239157898e-06,0.00011399383488317326,353
all_features,rf,2000,bar1600,1469,sumret2_vwstock_avail_ma_625,availability,availability,5.00729323888383e-05,-4.732241521498127e-06,0.00011291643688782079,354
all_features,rf,2000,bar1600,1469,adj_numobs_ma_5,exog:liquidity,numobs,4.981038228826329e-05,1.2891710963988661e-05,0.00011232437605880335,355
all_features,rf,2000,bar1600,1469,effspread_ewstock_avail_ma_625,availability,availability,4.9549162703111546e-05,5.445474636983143e-06,0.00011173531559452697,356
all_features,rf,2000,bar1600,1469,turnover_ewstock_avail_ma_625,availability,availability,4.8838859845939054e-05,-6.243042538848457e-06,0.00011013355464471218,357
all_features,rf,2000,bar1600,1469,voldemand_all_open_and_close_avail_ma_625,availability,availability,4.749309627810076e-05,6.897211498641267e-06,0.0001070988047364441,358
all_features,rf,2000,bar1600,1469,sumret2_ewstock_avail_ma_625,availability,availability,4.678627844252746e-05,1.1232567743555107e-07,0.00010550490264774818,359
all_features,rf,2000,bar1600,1469,sumbipow_vwstock_avail_ma_625,availability,availability,4.6575439292981224e-05,-7.379572447482207e-06,0.0001050294520522379,360
all_features,rf,2000,bar1600,1469,spread_ewstock_avail_ma_625,availability,availability,4.653615891783171e-05,-1.056296226614758e-05,0.00010494087325746997,361
all_features,rf,2000,bar1600,1469,stocktwits_sentcount_avail_ma_3125,availability,availability,4.506481685501695e-05,-9.737807288340272e-06,0.00010162293889153191,362
all_features,rf,2000,bar1600,1469,ofi_ewstock_avail_ma_625,availability,availability,4.481221090978166e-05,-2.159775170768952e-06,0.0001010533025248987,363
all_features,rf,2000,bar1600,1469,vix_avail_ma_125,availability,availability,4.4647864124496596e-05,-7.554879731136251e-06,0.0001006826940439683,364
all_features,rf,2000,bar1600,1469,sumabsret_vwstock_avail_ma_625,availability,availability,4.4359345567434375e-05,-5.434869842192701e-06,0.00010003207332164881,365
all_features,rf,2000,bar1600,1469,effspread_vwstock_avail_ma_625,availability,availability,4.432817501590275e-05,2.489087186709638e-06,9.996178249890554e-05,366
all_features,rf,2000,bar1600,1469,sellturnover_ewstock_avail_ma_625,availability,availability,4.348361732179108e-05,8.072841347509657e-07,9.805727159819103e-05,367
all_features,rf,2000,bar1600,1469,buyturnover_vwstock_avail_ma_625,availability,availability,4.2976412552911195e-05,-4.058055900468997e-06,9.691350484553338e-05,368
all_features,rf,2000,bar1600,1469,sumpret2_vwstock_avail_ma_625,availability,availability,4.15701343697543e-05,1.0282778594079334e-06,9.374229209366045e-05,369
all_features,rf,2000,bar1600,1469,sumabsret_ewstock_avail_ma_625,availability,availability,4.067857847140797e-05,-1.255949213632994e-05,9.173179838928079e-05,370
all_features,rf,2000,bar1600,1469,DOW_0,calendar,calendar,3.9361848661943635e-05,-5.077556703885766e-06,8.876252075093273e-05,371
all_features,rf,2000,bar1600,1469,DOW_3,calendar,calendar,3.8009404606537925e-05,-1.9791130373480674e-06,8.57127060797918e-05,372
all_features,rf,2000,bar1600,1469,sumpret2_ewstock_avail_ma_625,availability,availability,3.6521244413499095e-05,-4.189908872948492e-06,8.23568461670679e-05,373
all_features,rf,2000,bar1600,1469,DOW_1,calendar,calendar,3.491752495209546e-05,2.4112115363604575e-07,7.874039554773651e-05,374
all_features,rf,2000,bar1600,1469,fomc_release_active_ma_125,hurdle_active,hurdle_active,3.403255749838295e-05,1.2755290194588639e-05,7.674475904578523e-05,375
all_features,rf,2000,bar1600,1469,stocktwits_sentiment_avail_ma_3125,availability,availability,3.348806705371726e-05,-1.0872685893847109e-05,7.551691162407483e-05,376
all_features,rf,2000,bar1600,1469,is_opex_week,calendar,calendar,3.2349419564885335e-05,-3.8707061304434163e-07,7.294921664045077e-05,377
all_features,rf,2000,bar1600,1469,stocktwits_sentiment_avail_ma_625,availability,availability,3.039634100751846e-05,-2.3965619835059694e-05,6.854494748466569e-05,378
all_features,rf,2000,bar1600,1469,stocktwits_attention_avail_ma_3125,availability,availability,3.0177864024106896e-05,-1.9953979142574654e-05,6.805227327263307e-05,379
all_features,rf,2000,bar1600,1469,adj_numobs_ma_1,exog:liquidity,numobs,3.0175563562088e-05,3.040036134140825e-06,6.804708564007439e-05,380
all_features,rf,2000,bar1600,1469,fomc_day_active_ma_5,hurdle_active,hurdle_active,2.9437112982989293e-05,-1.0430136149980374e-06,6.638185046746522e-05,381
all_features,rf,2000,bar1600,1469,sumret3_ewstock_avail_ma_125,availability,availability,2.849184481390533e-05,-1.364837399684108e-05,6.42502334747239e-05,382
all_features,rf,2000,bar1600,1469,fomc_release_active_ma_3125,hurdle_active,hurdle_active,2.803047035531336e-05,6.207119616060608e-06,6.320981587883201e-05,383
all_features,rf,2000,bar1600,1469,sumret3_vwstock_avail_ma_125,availability,availability,2.7984998036653167e-05,-1.706547630639424e-05,6.31072740073022e-05,384
all_features,rf,2000,bar1600,1469,stocktwits_sentcount_avail_ma_625,availability,availability,2.7838568688709334e-05,-1.9482230703139126e-05,6.2777070054052e-05,385
all_features,rf,2000,bar1600,1469,is_rebalance_close,calendar,calendar,2.5109449025424413e-05,-2.829557783493709e-06,5.6622797605504234e-05,386
all_features,rf,2000,bar1600,1469,numobs_active_ma_25,hurdle_active,hurdle_active,2.502271490043855e-05,1.2523650497477727e-05,5.642720873377741e-05,387
all_features,rf,2000,bar1600,1469,stocktwits_attention_avail_ma_625,availability,availability,2.417654978875985e-05,-2.2598021670590465e-05,5.4519073043069556e-05,388
all_features,rf,2000,bar1600,1469,vix_avail_ma_25,availability,availability,2.2744494987143702e-05,5.331170314760964e-06,5.128973300021168e-05,389
all_features,rf,2000,bar1600,1469,fomc_day_active_ma_1,hurdle_active,hurdle_active,2.2655372530216123e-05,1.6797678973357666e-05,5.108875834578554e-05,390
all_features,rf,2000,bar1600,1469,voldemand_spx_open_and_close_active_ma_25,hurdle_active,hurdle_active,2.0709470945534788e-05,1.8968125974898243e-05,4.6700673546390825e-05,391
all_features,rf,2000,bar1600,1469,is_quad_witch,calendar,calendar,2.0146992688629153e-05,-4.5032561714545984e-06,4.5432262898828786e-05,392
all_features,rf,2000,bar1600,1469,fomc_since_inv_avail_ma_3125,availability,availability,1.993271128835219e-05,9.965142560334413e-06,4.494904989219447e-05,393
all_features,rf,2000,bar1600,1469,adj_fomc_day_ma_125,exog:fomc,fomc_day,1.957827330215726e-05,-6.6383381417409165e-06,4.414977825801018e-05,394
all_features,rf,2000,bar1600,1469,is_opex,calendar,calendar,1.726610343264919e-05,-3.957993967775355e-06,3.8935744034553626e-05,395
all_features,rf,2000,bar1600,1469,voldemand_spx_open_only_active_ma_25,hurdle_active,hurdle_active,1.588594725802963e-05,-5.54972628101949e-06,3.582343744191028e-05,396
all_features,rf,2000,bar1600,1469,vix3m_avail_ma_1,availability,availability,1.5533817134664517e-05,1.1133500302243834e-05,3.502937012940513e-05,397
all_features,rf,2000,bar1600,1469,sumret3_ewstock_avail_ma_25,availability,availability,1.551432973693286e-05,-1.4766125354798506e-05,3.498542527914178e-05,398
all_features,rf,2000,bar1600,1469,vix3m_avail_ma_125,availability,availability,1.3753953202517503e-05,5.5878909771520146e-06,3.101570678325794e-05,399
all_features,rf,2000,bar1600,1469,stocktwits_sentiment_avail_ma_125,availability,availability,1.3678244933373624e-05,-1.2038845292426906e-05,3.084498165119884e-05,400
all_features,rf,2000,bar1600,1469,stocktwits_sentcount_avail_ma_125,availability,availability,1.3082283698489984e-05,-9.780351597668008e-06,2.950106556807911e-05,401
all_features,rf,2000,bar1600,1469,sumret3_vwstock_avail_ma_25,availability,availability,1.2805820255250766e-05,-1.1368683180771419e-05,2.887762960275767e-05,402
all_features,rf,2000,bar1600,1469,vix3m_avail_ma_25,availability,availability,1.2533760287132733e-05,1.0785343288729523e-05,2.8264123647461345e-05,403
all_features,rf,2000,bar1600,1469,vix3m_avail_ma_5,availability,availability,1.2492635404570366e-05,9.096738651692172e-06,2.8171385415749403e-05,404
all_features,rf,2000,bar1600,1469,fomc_release_active_ma_25,hurdle_active,hurdle_active,1.2168567885874001e-05,5.218122879929259e-06,2.744060038326691e-05,405
all_features,rf,2000,bar1600,1469,voldemand_all_open_and_close_active_ma_25,hurdle_active,hurdle_active,1.127842786075104e-05,6.7892908463191675e-06,2.543329952883313e-05,406
all_features,rf,2000,bar1600,1469,fomc_day_active_ma_25,hurdle_active,hurdle_active,9.841116238043465e-06,6.397918052334005e-06,2.219210514714023e-05,407
all_features,rf,2000,bar1600,1469,vvix_avail_ma_125,availability,availability,9.533233952388058e-06,-1.927444405886542e-07,2.1497818453340845e-05,408
all_features,rf,2000,bar1600,1469,fomc_release_active_ma_5,hurdle_active,hurdle_active,9.391617127537973e-06,4.970578828732003e-06,2.117846692942245e-05,409
all_features,rf,2000,bar1600,1469,stocktwits_sentcount_avail_ma_25,availability,availability,8.871355743762866e-06,-6.893703846065489e-06,2.0005256995360206e-05,410
all_features,rf,2000,bar1600,1469,voldemand_all_open_only_active_ma_25,hurdle_active,hurdle_active,8.670131878667592e-06,6.050998690599107e-06,1.9551489245412757e-05,411
all_features,rf,2000,bar1600,1469,vix_avail_ma_5,availability,availability,8.402429929693209e-06,-5.393807770817341e-06,1.894781079511991e-05,412
all_features,rf,2000,bar1600,1469,sumabsret_vwstock_avail_ma_125,availability,availability,8.37935228166285e-06,2.784024888539817e-06,1.8895769788871184e-05,413
all_features,rf,2000,bar1600,1469,voldemand_all_open_only_avail_ma_125,availability,availability,7.861967746808843e-06,5.661005133512601e-07,1.7729047262558754e-05,414
all_features,rf,2000,bar1600,1469,numobs_active_ma_5,hurdle_active,hurdle_active,7.810209596249487e-06,4.6765865997518235e-06,1.7612330592249095e-05,415
all_features,rf,2000,bar1600,1469,voldemand_spx_open_only_avail_ma_125,availability,availability,7.731623350056132e-06,-5.318746944041238e-07,1.743511550846621e-05,416
all_features,rf,2000,bar1600,1469,ofi_ewstock_avail_ma_125,availability,availability,7.68225048484564e-06,-2.116255988286319e-06,1.7323777750668864e-05,417
all_features,rf,2000,bar1600,1469,voldemand_all_open_and_close_avail_ma_125,availability,availability,7.4646871662394114e-06,4.748996325826581e-07,1.6833163888797633e-05,418
all_features,rf,2000,bar1600,1469,stocktwits_sentiment_avail_ma_25,availability,availability,7.292500650469704e-06,-5.381704719242547e-06,1.6444876506507678e-05,419
all_features,rf,2000,bar1600,1469,sellturnover_ewstock_avail_ma_125,availability,availability,7.110573933851717e-06,2.3723896768994136e-06,1.6034624587253546e-05,420
all_features,rf,2000,bar1600,1469,vvix_avail_ma_1,availability,availability,6.678049516574597e-06,7.617147099924029e-07,1.5059264972069513e-05,421
all_features,rf,2000,bar1600,1469,voldemand_spx_open_and_close_avail_ma_125,availability,availability,6.243859643022961e-06,-3.699620587905359e-06,1.4080149687318329e-05,422
all_features,rf,2000,bar1600,1469,sumret4_vwstock_avail_ma_125,availability,availability,6.206462857053396e-06,-1.8947650710697831e-06,1.3995818460420161e-05,423
all_features,rf,2000,bar1600,1469,fomc_day_avail_ma_3125,availability,availability,6.16301468280175e-06,5.619711412191665e-06,1.389784111434265e-05,424
all_features,rf,2000,bar1600,1469,effspread_vwstock_avail_ma_125,availability,availability,5.937808649784711e-06,-8.958330446198228e-08,1.3389992630126587e-05,425
all_features,rf,2000,bar1600,1469,sumpret2_vwstock_avail_ma_125,availability,availability,5.70221198137677e-06,-2.808094609877578e-06,1.2858712853406417e-05,426
all_features,rf,2000,bar1600,1469,sumpret2_ewstock_avail_ma_125,availability,availability,5.495148094385271e-06,-1.7543608231890217e-06,1.2391775623813801e-05,427
all_features,rf,2000,bar1600,1469,effspread_ewstock_avail_ma_125,availability,availability,5.375095606789709e-06,-3.880195265724751e-06,1.2121052530675525e-05,428
all_features,rf,2000,bar1600,1469,adj_fomc_day_ma_1,exog:fomc,fomc_day,5.322474865627218e-06,-9.980053096058608e-07,1.2002390684544276e-05,429
all_features,rf,2000,bar1600,1469,buyturnover_vwstock_avail_ma_125,availability,availability,5.261320820062005e-06,-2.8087700157430134e-06,1.1864485900520911e-05,430
all_features,rf,2000,bar1600,1469,sumret2_vwstock_avail_ma_125,availability,availability,5.214702982051929e-06,-2.5138830930063237e-06,1.1759360837689864e-05,431
all_features,rf,2000,bar1600,1469,adj_fomc_day_ma_25,exog:fomc,fomc_day,5.208187298137274e-06,-1.4877204049922985e-06,1.174466771355212e-05,432
all_features,rf,2000,bar1600,1469,sumabsret_ewstock_avail_ma_125,availability,availability,5.13814243347775e-06,3.422399072623969e-07,1.1586713781910479e-05,433
all_features,rf,2000,bar1600,1469,fomc_until_inv_avail_ma_3125,availability,availability,5.1197579970517746e-06,3.5360461350653213e-06,1.1545256152880655e-05,434
all_features,rf,2000,bar1600,1469,spread_vwstock_avail_ma_125,availability,availability,4.932691318157549e-06,-2.6955672349686906e-06,1.112341341602743e-05,435
all_features,rf,2000,bar1600,1469,vix_avail_ma_1,availability,availability,4.814336400568797e-06,2.7476036295505283e-07,1.0856518410188855e-05,436
all_features,rf,2000,bar1600,1469,numobs_active_ma_1,hurdle_active,hurdle_active,4.806246481250887e-06,2.4835046044744107e-06,1.0838275323145445e-05,437
all_features,rf,2000,bar1600,1469,adj_fomc_day_ma_5,exog:fomc,fomc_day,4.499526491685275e-06,-6.735905106636355e-07,1.0146609652857309e-05,438
all_features,rf,2000,bar1600,1469,sumret4_ewstock_avail_ma_125,availability,availability,4.49424453674317e-06,1.3359351579771215e-06,1.0134698636197986e-05,439
all_features,rf,2000,bar1600,1469,turnover_vwstock_avail_ma_125,availability,availability,4.4800926958005825e-06,-2.8558583441495993e-06,1.0102785676872353e-05,440
all_features,rf,2000,bar1600,1469,buyturnover_ewstock_avail_ma_125,availability,availability,4.399359517352983e-06,1.337853901494116e-06,9.92072917620367e-06,441
all_features,rf,2000,bar1600,1469,vvix_avail_ma_25,availability,availability,4.281756414346381e-06,1.051377320519549e-08,9.65552954189152e-06,442
all_features,rf,2000,bar1600,1469,spread_ewstock_avail_ma_125,availability,availability,4.088313754660182e-06,-2.5471311500677837e-06,9.219308716950622e-06,443
all_features,rf,2000,bar1600,1469,fomc_release_avail_ma_3125,availability,availability,4.041488834005884e-06,-2.6963020145106442e-06,9.113716674591687e-06,444
all_features,rf,2000,bar1600,1469,sumret2_ewstock_avail_ma_125,availability,availability,3.967700072815845e-06,-1.6269178419912912e-06,8.947320108653744e-06,445
all_features,rf,2000,bar1600,1469,voldemand_all_open_only_avail_ma_5,availability,availability,3.710716801066286e-06,3.0585062869054487e-06,8.36781269813502e-06,446
all_features,rf,2000,bar1600,1469,vvix_avail_ma_5,availability,availability,3.6372773706648825e-06,2.8769730540502426e-06,8.20220388689939e-06,447
all_features,rf,2000,bar1600,1469,ofi_vwstock_avail_ma_125,availability,availability,3.264239333121494e-06,-7.41635179662293e-07,7.360988403533493e-06,448
all_features,rf,2000,bar1600,1469,sellturnover_vwstock_avail_ma_125,availability,availability,3.2384159902876286e-06,-4.794833974858886e-07,7.302755747241474e-06,449
all_features,rf,2000,bar1600,1469,sumbipow_vwstock_avail_ma_125,availability,availability,3.222819076383968e-06,-5.161754250983421e-07,7.2675840914101085e-06,450
all_features,rf,2000,bar1600,1469,stocktwits_attention_avail_ma_125,availability,availability,2.9834397137310564e-06,-2.347916544588469e-06,6.727774190017766e-06,451
all_features,rf,2000,bar1600,1469,sumbipow_ewstock_avail_ma_125,availability,availability,2.9364824680259104e-06,-3.1481674394912636e-07,6.621883749451658e-06,452
all_features,rf,2000,bar1600,1469,voldemand_all_open_and_close_avail_ma_25,availability,availability,2.9283886770554367e-06,-2.8531880214098764e-06,6.603631931679059e-06,453
all_features,rf,2000,bar1600,1469,voldemand_all_open_only_avail_ma_1,availability,availability,2.7355299547369504e-06,-2.725629554583371e-06,6.168727908526715e-06,454
all_features,rf,2000,bar1600,1469,voldemand_spx_open_and_close_avail_ma_1,availability,availability,2.6564374415364576e-06,-2.0265596804462577e-06,5.990371172680876e-06,455
all_features,rf,2000,bar1600,1469,buyturnover_ewstock_avail_ma_25,availability,availability,2.634181741444446e-06,-8.416104463636487e-07,5.940183691442129e-06,456
all_features,rf,2000,bar1600,1469,turnover_ewstock_avail_ma_125,availability,availability,2.5683227118012436e-06,-6.268372867880994e-07,5.7916689828077e-06,457
all_features,rf,2000,bar1600,1469,sumret4_vwstock_avail_ma_25,availability,availability,2.477546846053172e-06,-1.8573803950000194e-06,5.586965826298251e-06,458
all_features,rf,2000,bar1600,1469,ofi_vwstock_avail_ma_25,availability,availability,2.4511968021914574e-06,5.596556104290486e-08,5.527545438420871e-06,459
all_features,rf,2000,bar1600,1469,sumpret2_ewstock_avail_ma_25,availability,availability,2.293863579898697e-06,-1.4482142234001852e-06,5.1727528185794565e-06,460
all_features,rf,2000,bar1600,1469,sellturnover_vwstock_avail_ma_25,availability,availability,2.2773876976793113e-06,-1.7905165298146102e-06,5.135599054538844e-06,461
all_features,rf,2000,bar1600,1469,voldemand_spx_open_only_active_ma_5,hurdle_active,hurdle_active,2.2700952734379586e-06,-2.419687469478219e-07,5.1191543503379075e-06,462
all_features,rf,2000,bar1600,1469,stocktwits_sentiment_avail_ma_5,availability,availability,2.121784649757165e-06,-1.6269567190377943e-06,4.784708046123086e-06,463
all_features,rf,2000,bar1600,1469,turnover_vwstock_avail_ma_25,availability,availability,2.1045997417128125e-06,-4.809076287695878e-07,4.745955400890635e-06,464
all_features,rf,2000,bar1600,1469,voldemand_spx_open_and_close_avail_ma_25,availability,availability,2.0894512518046148e-06,-2.0746704232915807e-06,4.711794958850174e-06,465
all_features,rf,2000,bar1600,1469,sumpret2_vwstock_avail_ma_25,availability,availability,2.052292185255781e-06,-1.2133266193589541e-06,4.627999798618914e-06,466
all_features,rf,2000,bar1600,1469,sumbipow_vwstock_avail_ma_25,availability,availability,1.915305335660409e-06,-1.462499678532903e-06,4.319089051457536e-06,467
all_features,rf,2000,bar1600,1469,sumabsret_vwstock_avail_ma_25,availability,availability,1.9016813644702686e-06,-9.949662360055675e-08,4.288366459237316e-06,468
all_features,rf,2000,bar1600,1469,voldemand_spx_open_and_close_avail_ma_5,availability,availability,1.8945780752513617e-06,-1.3669483949277503e-06,4.2723482619694955e-06,469
all_features,rf,2000,bar1600,1469,effspread_vwstock_avail_ma_25,availability,availability,1.7530300051582892e-06,-1.4089390594760807e-06,3.953151782739131e-06,470
all_features,rf,2000,bar1600,1469,voldemand_spx_open_only_avail_ma_25,availability,availability,1.7265600938292498e-06,-9.650848672814946e-07,3.8934610889966185e-06,471
all_features,rf,2000,bar1600,1469,turnover_ewstock_avail_ma_25,availability,availability,1.6347363714079526e-06,-1.4910670349770062e-06,3.686394974372575e-06,472
all_features,rf,2000,bar1600,1469,sumbipow_ewstock_avail_ma_25,availability,availability,1.3914917690220405e-06,-1.4829900410188428e-07,3.137868804977822e-06,473
all_features,rf,2000,bar1600,1469,fomc_since_inv_avail_ma_5,availability,availability,1.380200534760718e-06,1.1218882146208705e-06,3.1124066265107504e-06,474
all_features,rf,2000,bar1600,1469,sumabsret_ewstock_avail_ma_25,availability,availability,1.3648569466110472e-06,-8.448914817976138e-07,3.077806230243141e-06,475
all_features,rf,2000,bar1600,1469,spread_ewstock_avail_ma_25,availability,availability,1.3301436875010996e-06,-6.13401434310005e-07,2.9995264622235492e-06,476
all_features,rf,2000,bar1600,1469,fomc_release_avail_ma_125,availability,availability,1.2703806770272703e-06,1.1871411726736092e-06,2.8647585171790812e-06,477
all_features,rf,2000,bar1600,1469,voldemand_all_open_only_active_ma_5,hurdle_active,hurdle_active,1.1052866519518505e-06,7.702074050769132e-07,2.49246498105815e-06,478
all_features,rf,2000,bar1600,1469,voldemand_spx_open_and_close_active_ma_5,hurdle_active,hurdle_active,1.0759998982752431e-06,9.997243907126587e-07,2.426422196755169e-06,479
all_features,rf,2000,bar1600,1469,ofi_ewstock_avail_ma_25,availability,availability,1.0351417345749861e-06,-2.34994689976842e-07,2.3342854265938765e-06,480
all_features,rf,2000,bar1600,1469,buyturnover_vwstock_avail_ma_25,availability,availability,1.0309171430592552e-06,6.960681066375444e-08,2.3247588061523465e-06,481
all_features,rf,2000,bar1600,1469,sellturnover_ewstock_avail_ma_25,availability,availability,1.0236099840056364e-06,-8.226593712492027e-07,2.308280874368764e-06,482
all_features,rf,2000,bar1600,1469,stocktwits_sentcount_avail_ma_5,availability,availability,9.703327125978038e-07,-9.339450648310863e-07,2.1881385266476063e-06,483
all_features,rf,2000,bar1600,1469,sumret4_ewstock_avail_ma_25,availability,availability,9.53934276722741e-07,-4.261345005942047e-07,2.1511594071671133e-06,484
all_features,rf,2000,bar1600,1469,voldemand_all_open_and_close_avail_ma_5,availability,availability,9.48428466644861e-07,-8.613750473758273e-07,2.1387435883501224e-06,485
all_features,rf,2000,bar1600,1469,voldemand_all_open_and_close_avail_ma_1,availability,availability,8.975897959212448e-07,8.36729203313016e-08,2.024100381324693e-06,486
all_features,rf,2000,bar1600,1469,sumret2_ewstock_avail_ma_25,availability,availability,8.816727691564733e-07,-2.1268668625362144e-07,1.9882068583696303e-06,487
all_features,rf,2000,bar1600,1469,fomc_until_inv_avail_ma_625,availability,availability,8.380681874529788e-07,2.3828372299494651e-07,1.8898768073211322e-06,488
all_features,rf,2000,bar1600,1469,sumret2_vwstock_avail_ma_25,availability,availability,8.248351524859494e-07,-3.218625204997801e-07,1.8600357916984487e-06,489
all_features,rf,2000,bar1600,1469,voldemand_spx_open_only_avail_ma_5,availability,availability,7.699781292848542e-07,-6.685629877785279e-07,1.736331041394651e-06,490
all_features,rf,2000,bar1600,1469,fomc_release_avail_ma_625,availability,availability,7.302858284127046e-07,7.302858284127046e-07,1.6468233378801362e-06,491
all_features,rf,2000,bar1600,1469,fomc_release_avail_ma_5,availability,availability,6.760777755419244e-07,6.760777755419244e-07,1.5245820412597784e-06,492
all_features,rf,2000,bar1600,1469,spread_vwstock_avail_ma_25,availability,availability,6.630572029879236e-07,-2.8914532940916076e-07,1.4952201367557623e-06,493
all_features,rf,2000,bar1600,1469,fomc_day_avail_ma_625,availability,availability,6.455228237484905e-07,-3.663934614960057e-08,1.4556794201989286e-06,494
all_features,rf,2000,bar1600,1469,voldemand_spx_open_only_avail_ma_1,availability,availability,5.412188788582304e-07,-4.413932887816488e-07,1.2204699118183662e-06,495
all_features,rf,2000,bar1600,1469,voldemand_spx_open_and_close_active_ma_1,hurdle_active,hurdle_active,5.144301099393246e-07,4.747261054270757e-08,1.1600601816383075e-06,496
all_features,rf,2000,bar1600,1469,voldemand_all_open_and_close_active_ma_1,hurdle_active,hurdle_active,4.944259800118748e-07,9.082379196110391e-08,1.1149500798989463e-06,497
all_features,rf,2000,bar1600,1469,effspread_ewstock_avail_ma_25,availability,availability,4.913205210857843e-07,-3.13321820542823e-07,1.1079471475739007e-06,498
all_features,rf,2000,bar1600,1469,voldemand_all_open_only_avail_ma_25,availability,availability,4.200411003289418e-07,2.4485560047479427e-07,9.472092432548692e-07,499
all_features,rf,2000,bar1600,1469,fomc_release_active_ma_1,hurdle_active,hurdle_active,4.19973762808162e-07,4.19973762808162e-07,9.470573944904254e-07,500
all_features,rf,2000,bar1600,1469,fomc_since_inv_avail_ma_625,availability,availability,3.9216753004217296e-07,-3.240808975510056e-08,8.843532432170973e-07,501
all_features,rf,2000,bar1600,1469,voldemand_all_open_only_active_ma_1,hurdle_active,hurdle_active,3.921262192543894e-07,3.0392933985626183e-07,8.842600857617814e-07,502
all_features,rf,2000,bar1600,1469,voldemand_spx_open_only_active_ma_1,hurdle_active,hurdle_active,3.710240185493016e-07,3.0897289590602997e-07,8.366737911224581e-07,503
all_features,rf,2000,bar1600,1469,fomc_until_inv_avail_ma_5,availability,availability,3.534215730195367e-07,-3.534215730195367e-07,7.969795823971058e-07,504
all_features,rf,2000,bar1600,1469,fomc_since_inv_avail_ma_25,availability,availability,3.4977326202140094e-07,-3.4977326202140094e-07,7.887524972452091e-07,505
all_features,rf,2000,bar1600,1469,fomc_until_inv_avail_ma_25,availability,availability,2.6423089665172404e-07,1.075044634013934e-07,5.958510904433751e-07,506
all_features,rf,2000,bar1600,1469,stocktwits_attention_avail_ma_25,availability,availability,2.519898022206074e-07,7.589088274076576e-09,5.682469398409001e-07,507
all_features,rf,2000,bar1600,1469,fomc_since_inv_avail_ma_125,availability,availability,2.0928973345817423e-07,2.0584464797541987e-07,4.719566011389938e-07,508
all_features,rf,2000,bar1600,1469,voldemand_all_open_and_close_active_ma_5,hurdle_active,hurdle_active,1.6248657128876277e-07,8.669272991847368e-08,3.6641362502140524e-07,509
all_features,rf,2000,bar1600,1469,stocktwits_sentcount_avail_ma_1,availability,availability,1.3078516189647907e-07,-1.3078516189647907e-07,2.9492569687089213e-07,510
all_features,rf,2000,bar1600,1469,fomc_until_inv_avail_ma_125,availability,availability,9.342081706994697e-08,8.283896707963775e-08,2.10667626029402e-07,511
all_features,rf,2000,bar1600,1469,fomc_day_avail_ma_5,availability,availability,8.563377159936145e-08,-5.952878191231496e-08,1.9310753145387517e-07,512
all_features,rf,2000,bar1600,1469,fomc_since_inv_avail_ma_1,availability,availability,7.662309124017992e-08,7.662309124017992e-08,1.727880919572451e-07,513
all_features,rf,2000,bar1600,1469,stocktwits_sentiment_avail_ma_1,availability,availability,6.335598321261384e-08,-5.719905853070353e-08,1.428702402395674e-07,514
all_features,rf,2000,bar1600,1469,fomc_release_avail_ma_25,availability,availability,5.836562567885633e-08,5.836562567885633e-08,1.3161678723361166e-07,515
all_features,rf,2000,bar1600,1469,fomc_day_avail_ma_1,availability,availability,2.999452356891954e-08,2.725298428318623e-08,6.7638833317162e-08,516
all_features,rf,2000,bar1600,1469,fomc_until_inv_avail_ma_1,availability,availability,1.9192817532375884e-08,2.890785532136278e-09,4.328056029882257e-08,517
all_features,rf,2000,bar1600,1469,fomc_day_avail_ma_25,availability,availability,1.8363523414391462e-08,-1.8363523414391462e-08,4.141046936411026e-08,518
all_features,rf,2000,bar1600,1469,fomc_day_avail_ma_125,availability,availability,9.011387124287091e-09,2.1626970535884533e-09,2.03210332798105e-08,519
all_features,rf,2000,bar1600,1469,fomc_release_avail_ma_1,availability,availability,6.87176691224818e-09,6.87176691224818e-09,1.5496105337494665e-08,520
all_features,rf,2000,bar1600,1469,har_ma_3125_x_open,har_x_session,har_x_session,0.0,0.0,0.0,521
all_features,rf,2000,bar1600,1469,har_ma_625_x_open,har_x_session,har_x_session,0.0,0.0,0.0,521
all_features,rf,2000,bar1600,1469,har_ma_125_x_open,har_x_session,har_x_session,0.0,0.0,0.0,521
all_features,rf,2000,bar1600,1469,har_ma_25_x_open,har_x_session,har_x_session,0.0,0.0,0.0,521
all_features,rf,2000,bar1600,1469,har_ma_5_x_open,har_x_session,har_x_session,0.0,0.0,0.0,521
all_features,rf,2000,bar1600,1469,har_ma_1_x_open,har_x_session,har_x_session,0.0,0.0,0.0,521
all_features,rf,2000,bar1600,1469,stocktwits_attention_avail_ma_5,availability,availability,0.0,0.0,0.0,521
all_features,rf,2000,bar1600,1469,stocktwits_attention_avail_ma_1,availability,availability,0.0,0.0,0.0,521
all_features,rf,2000,bar1600,1469,spread_vwstock_avail_ma_5,availability,availability,0.0,0.0,0.0,521
all_features,rf,2000,bar1600,1469,spread_vwstock_avail_ma_1,availability,availability,0.0,0.0,0.0,521
all_features,rf,2000,bar1600,1469,effspread_vwstock_avail_ma_5,availability,availability,0.0,0.0,0.0,521
all_features,rf,2000,bar1600,1469,effspread_vwstock_avail_ma_1,availability,availability,0.0,0.0,0.0,521
all_features,rf,2000,bar1600,1469,sellturnover_vwstock_avail_ma_5,availability,availability,0.0,0.0,0.0,521
all_features,rf,2000,bar1600,1469,sellturnover_vwstock_avail_ma_1,availability,availability,0.0,0.0,0.0,521
all_features,rf,2000,bar1600,1469,buyturnover_vwstock_avail_ma_5,availability,availability,0.0,0.0,0.0,521
all_features,rf,2000,bar1600,1469,buyturnover_vwstock_avail_ma_1,availability,availability,0.0,0.0,0.0,521
all_features,rf,2000,bar1600,1469,turnover_vwstock_avail_ma_5,availability,availability,0.0,0.0,0.0,521
all_features,rf,2000,bar1600,1469,turnover_vwstock_avail_ma_1,availability,availability,0.0,0.0,0.0,521
all_features,rf,2000,bar1600,1469,sumpret2_vwstock_avail_ma_5,availability,availability,0.0,0.0,0.0,521
all_features,rf,2000,bar1600,1469,sumpret2_vwstock_avail_ma_1,availability,availability,0.0,0.0,0.0,521
all_features,rf,2000,bar1600,1469,sumbipow_vwstock_avail_ma_5,availability,availability,0.0,0.0,0.0,521
all_features,rf,2000,bar1600,1469,sumbipow_vwstock_avail_ma_1,availability,availability,0.0,0.0,0.0,521
all_features,rf,2000,bar1600,1469,sumabsret_vwstock_avail_ma_5,availability,availability,0.0,0.0,0.0,521
all_features,rf,2000,bar1600,1469,sumabsret_vwstock_avail_ma_1,availability,availability,0.0,0.0,0.0,521
all_features,rf,2000,bar1600,1469,sumret4_vwstock_avail_ma_5,availability,availability,0.0,0.0,0.0,521
all_features,rf,2000,bar1600,1469,sumret4_vwstock_avail_ma_1,availability,availability,0.0,0.0,0.0,521
all_features,rf,2000,bar1600,1469,sumret3_vwstock_avail_ma_5,availability,availability,0.0,0.0,0.0,521
all_features,rf,2000,bar1600,1469,sumret3_vwstock_avail_ma_1,availability,availability,0.0,0.0,0.0,521
all_features,rf,2000,bar1600,1469,sumret2_vwstock_avail_ma_5,availability,availability,0.0,0.0,0.0,521
all_features,rf,2000,bar1600,1469,sumret2_vwstock_avail_ma_1,availability,availability,0.0,0.0,0.0,521
all_features,rf,2000,bar1600,1469,spread_ewstock_avail_ma_5,availability,availability,0.0,0.0,0.0,521
all_features,rf,2000,bar1600,1469,spread_ewstock_avail_ma_1,availability,availability,0.0,0.0,0.0,521
all_features,rf,2000,bar1600,1469,ofi_vwstock_avail_ma_5,availability,availability,0.0,0.0,0.0,521
all_features,rf,2000,bar1600,1469,ofi_vwstock_avail_ma_1,availability,availability,0.0,0.0,0.0,521
all_features,rf,2000,bar1600,1469,ofi_ewstock_avail_ma_5,availability,availability,0.0,0.0,0.0,521
all_features,rf,2000,bar1600,1469,ofi_ewstock_avail_ma_1,availability,availability,0.0,0.0,0.0,521
all_features,rf,2000,bar1600,1469,effspread_ewstock_avail_ma_5,availability,availability,0.0,0.0,0.0,521
all_features,rf,2000,bar1600,1469,effspread_ewstock_avail_ma_1,availability,availability,0.0,0.0,0.0,521
all_features,rf,2000,bar1600,1469,sellturnover_ewstock_avail_ma_5,availability,availability,0.0,0.0,0.0,521
all_features,rf,2000,bar1600,1469,sellturnover_ewstock_avail_ma_1,availability,availability,0.0,0.0,0.0,521
all_features,rf,2000,bar1600,1469,buyturnover_ewstock_avail_ma_5,availability,availability,0.0,0.0,0.0,521
all_features,rf,2000,bar1600,1469,buyturnover_ewstock_avail_ma_1,availability,availability,0.0,0.0,0.0,521
all_features,rf,2000,bar1600,1469,turnover_ewstock_avail_ma_5,availability,availability,0.0,0.0,0.0,521
all_features,rf,2000,bar1600,1469,turnover_ewstock_avail_ma_1,availability,availability,0.0,0.0,0.0,521
all_features,rf,2000,bar1600,1469,sumpret2_ewstock_avail_ma_5,availability,availability,0.0,0.0,0.0,521
all_features,rf,2000,bar1600,1469,sumpret2_ewstock_avail_ma_1,availability,availability,0.0,0.0,0.0,521
all_features,rf,2000,bar1600,1469,sumbipow_ewstock_avail_ma_5,availability,availability,0.0,0.0,0.0,521
all_features,rf,2000,bar1600,1469,sumbipow_ewstock_avail_ma_1,availability,availability,0.0,0.0,0.0,521
all_features,rf,2000,bar1600,1469,sumabsret_ewstock_avail_ma_5,availability,availability,0.0,0.0,0.0,521
all_features,rf,2000,bar1600,1469,sumabsret_ewstock_avail_ma_1,availability,availability,0.0,0.0,0.0,521
all_features,rf,2000,bar1600,1469,sumret4_ewstock_avail_ma_5,availability,availability,0.0,0.0,0.0,521
all_features,rf,2000,bar1600,1469,sumret4_ewstock_avail_ma_1,availability,availability,0.0,0.0,0.0,521
all_features,rf,2000,bar1600,1469,sumret3_ewstock_avail_ma_5,availability,availability,0.0,0.0,0.0,521
all_features,rf,2000,bar1600,1469,sumret3_ewstock_avail_ma_1,availability,availability,0.0,0.0,0.0,521
all_features,rf,2000,bar1600,1469,sumret2_ewstock_avail_ma_5,availability,availability,0.0,0.0,0.0,521
all_features,rf,2000,bar1600,1469,sumret2_ewstock_avail_ma_1,availability,availability,0.0,0.0,0.0,521
all_features,rf,2000,bar1600,1469,numobs_avail_ma_3125,availability,availability,0.0,0.0,0.0,521
all_features,rf,2000,bar1600,1469,numobs_avail_ma_625,availability,availability,0.0,0.0,0.0,521
all_features,rf,2000,bar1600,1469,numobs_avail_ma_125,availability,availability,0.0,0.0,0.0,521
all_features,rf,2000,bar1600,1469,numobs_avail_ma_25,availability,availability,0.0,0.0,0.0,521
all_features,rf,2000,bar1600,1469,numobs_avail_ma_5,availability,availability,0.0,0.0,0.0,521
all_features,rf,2000,bar1600,1469,numobs_avail_ma_1,availability,availability,0.0,0.0,0.0,521
all_features,rf,2000,bar1600,1469,sumvolume_avail_ma_3125,availability,availability,0.0,0.0,0.0,521
all_features,rf,2000,bar1600,1469,sumvolume_avail_ma_625,availability,availability,0.0,0.0,0.0,521
all_features,rf,2000,bar1600,1469,sumvolume_avail_ma_125,availability,availability,0.0,0.0,0.0,521
all_features,rf,2000,bar1600,1469,sumvolume_avail_ma_25,availability,availability,0.0,0.0,0.0,521
all_features,rf,2000,bar1600,1469,sumvolume_avail_ma_5,availability,availability,0.0,0.0,0.0,521
all_features,rf,2000,bar1600,1469,sumvolume_avail_ma_1,availability,availability,0.0,0.0,0.0,521
all_features,rf,2000,bar1600,1469,sumautocov_avail_ma_3125,availability,availability,0.0,0.0,0.0,521
all_features,rf,2000,bar1600,1469,sumautocov_avail_ma_625,availability,availability,0.0,0.0,0.0,521
all_features,rf,2000,bar1600,1469,sumautocov_avail_ma_125,availability,availability,0.0,0.0,0.0,521
all_features,rf,2000,bar1600,1469,sumautocov_avail_ma_25,availability,availability,0.0,0.0,0.0,521
all_features,rf,2000,bar1600,1469,sumautocov_avail_ma_5,availability,availability,0.0,0.0,0.0,521
all_features,rf,2000,bar1600,1469,sumautocov_avail_ma_1,availability,availability,0.0,0.0,0.0,521
all_features,rf,2000,bar1600,1469,sumbipow_avail_ma_3125,availability,availability,0.0,0.0,0.0,521
all_features,rf,2000,bar1600,1469,sumbipow_avail_ma_625,availability,availability,0.0,0.0,0.0,521
all_features,rf,2000,bar1600,1469,sumbipow_avail_ma_125,availability,availability,0.0,0.0,0.0,521
all_features,rf,2000,bar1600,1469,sumbipow_avail_ma_25,availability,availability,0.0,0.0,0.0,521
all_features,rf,2000,bar1600,1469,sumbipow_avail_ma_5,availability,availability,0.0,0.0,0.0,521
all_features,rf,2000,bar1600,1469,sumbipow_avail_ma_1,availability,availability,0.0,0.0,0.0,521
all_features,rf,2000,bar1600,1469,sumpret2_avail_ma_3125,availability,availability,0.0,0.0,0.0,521
all_features,rf,2000,bar1600,1469,sumpret2_avail_ma_625,availability,availability,0.0,0.0,0.0,521
all_features,rf,2000,bar1600,1469,sumpret2_avail_ma_125,availability,availability,0.0,0.0,0.0,521
all_features,rf,2000,bar1600,1469,sumpret2_avail_ma_25,availability,availability,0.0,0.0,0.0,521
all_features,rf,2000,bar1600,1469,sumpret2_avail_ma_5,availability,availability,0.0,0.0,0.0,521
all_features,rf,2000,bar1600,1469,sumpret2_avail_ma_1,availability,availability,0.0,0.0,0.0,521
all_features,rf,2000,bar1600,1469,sumret4_avail_ma_3125,availability,availability,0.0,0.0,0.0,521
all_features,rf,2000,bar1600,1469,sumret4_avail_ma_625,availability,availability,0.0,0.0,0.0,521
all_features,rf,2000,bar1600,1469,sumret4_avail_ma_125,availability,availability,0.0,0.0,0.0,521
all_features,rf,2000,bar1600,1469,sumret4_avail_ma_25,availability,availability,0.0,0.0,0.0,521
all_features,rf,2000,bar1600,1469,sumret4_avail_ma_5,availability,availability,0.0,0.0,0.0,521
all_features,rf,2000,bar1600,1469,sumret4_avail_ma_1,availability,availability,0.0,0.0,0.0,521
all_features,rf,2000,bar1600,1469,sumret3_avail_ma_3125,availability,availability,0.0,0.0,0.0,521
all_features,rf,2000,bar1600,1469,sumret3_avail_ma_625,availability,availability,0.0,0.0,0.0,521
all_features,rf,2000,bar1600,1469,sumret3_avail_ma_125,availability,availability,0.0,0.0,0.0,521
all_features,rf,2000,bar1600,1469,sumret3_avail_ma_25,availability,availability,0.0,0.0,0.0,521
all_features,rf,2000,bar1600,1469,sumret3_avail_ma_5,availability,availability,0.0,0.0,0.0,521
all_features,rf,2000,bar1600,1469,sumret3_avail_ma_1,availability,availability,0.0,0.0,0.0,521
all_features,rf,2000,bar1600,1469,sumabsret_avail_ma_3125,availability,availability,0.0,0.0,0.0,521
all_features,rf,2000,bar1600,1469,sumabsret_avail_ma_625,availability,availability,0.0,0.0,0.0,521
all_features,rf,2000,bar1600,1469,sumabsret_avail_ma_125,availability,availability,0.0,0.0,0.0,521
all_features,rf,2000,bar1600,1469,sumabsret_avail_ma_25,availability,availability,0.0,0.0,0.0,521
all_features,rf,2000,bar1600,1469,sumabsret_avail_ma_5,availability,availability,0.0,0.0,0.0,521
all_features,rf,2000,bar1600,1469,sumabsret_avail_ma_1,availability,availability,0.0,0.0,0.0,521
all_features,rf,2000,bar1600,1469,sumret_avail_ma_3125,availability,availability,0.0,0.0,0.0,521
all_features,rf,2000,bar1600,1469,sumret_avail_ma_625,availability,availability,0.0,0.0,0.0,521
all_features,rf,2000,bar1600,1469,sumret_avail_ma_125,availability,availability,0.0,0.0,0.0,521
all_features,rf,2000,bar1600,1469,sumret_avail_ma_25,availability,availability,0.0,0.0,0.0,521
all_features,rf,2000,bar1600,1469,sumret_avail_ma_5,availability,availability,0.0,0.0,0.0,521
all_features,rf,2000,bar1600,1469,sumret_avail_ma_1,availability,availability,0.0,0.0,0.0,521
all_features,rf,2000,bar1600,1469,is_close,calendar,calendar,0.0,0.0,0.0,521
all_features,rf,2000,bar1600,1469,is_open,calendar,calendar,0.0,0.0,0.0,521
all_features,rf,2000,bar1600,1469,is_overnight,calendar,calendar,0.0,0.0,0.0,521
all_features,rf,2000,bar1600,1469,hour,calendar,calendar,0.0,0.0,0.0,521
all_features,rf,2000,bar1600,1469,adj_fomc_release_ma_3125,exog:fomc,fomc_release,0.0,0.0,0.0,521
all_features,rf,2000,bar1600,1469,adj_fomc_release_ma_625,exog:fomc,fomc_release,0.0,0.0,0.0,521
all_features,rf,2000,bar1600,1469,adj_fomc_release_ma_125,exog:fomc,fomc_release,0.0,0.0,0.0,521
all_features,rf,2000,bar1600,1469,adj_fomc_release_ma_25,exog:fomc,fomc_release,0.0,0.0,0.0,521
all_features,rf,2000,bar1600,1469,adj_fomc_release_ma_5,exog:fomc,fomc_release,0.0,0.0,0.0,521
all_features,rf,2000,bar1600,1469,adj_fomc_release_ma_1,exog:fomc,fomc_release,0.0,0.0,0.0,521
all_features,xgb,2000,bar1600,1469,har_ma_1,har_ladder,har_ladder,0.06442576463493274,0.004018817706237017,0.1166848107674853,1
all_features,xgb,2000,bar1600,1469,har_ma_5,har_ladder,har_ladder,0.04501858577341836,0.004116841998095144,0.08153547252030392,2
all_features,xgb,2000,bar1600,1469,har_ma_25,har_ladder,har_ladder,0.0196205187254667,0.0016283872490088032,0.035535729030364095,3
all_features,xgb,2000,bar1600,1469,har_ma_5_x_close,har_x_session,har_x_session,0.017730328048069594,0.0020052715634437876,0.03211230762812967,4
all_features,xgb,2000,bar1600,1469,har_ma_1_x_close,har_x_session,har_x_session,0.017050206579269544,0.00017386950674693676,0.030880504709910092,5
all_features,xgb,2000,bar1600,1469,har_ma_125,har_ladder,har_ladder,0.014828381005603892,0.0018596729419598603,0.026856442316695366,6
all_features,xgb,2000,bar1600,1469,adj_sumret_ma_5,exog:moments,sumret,0.013737641469471758,0.0010467990119870903,0.02488094793038298,7
all_features,xgb,2000,bar1600,1469,adj_sumvolume_ma_1,exog:liquidity,sumvolume,0.012287926420961222,-6.0556981623187975e-05,0.022255294559239188,8
all_features,xgb,2000,bar1600,1469,adj_sumabsret_ewstock_ma_1,exog:market_ew,sumabsret_ewstock,0.009853657843651708,-8.630893642759271e-06,0.017846465732602585,9
all_features,xgb,2000,bar1600,1469,adj_sumret_ma_1,exog:moments,sumret,0.00945371326355669,0.0003944824178660098,0.01712210556535725,10
all_features,xgb,2000,bar1600,1469,adj_sumabsret_ma_5,exog:moments,sumabsret,0.008658035624374966,-0.0008486912415920632,0.01568101293283772,11
all_features,xgb,2000,bar1600,1469,adj_sumabsret_ma_1,exog:moments,sumabsret,0.008236822430137628,-0.0013201877331638185,0.014918132086318403,12
all_features,xgb,2000,bar1600,1469,adj_sumvolume_ma_5,exog:liquidity,sumvolume,0.007435325252356127,0.00014779267830279205,0.013466499388591777,13
all_features,xgb,2000,bar1600,1469,har_ma_25_x_close,har_x_session,har_x_session,0.007348834125999405,0.000660599163612411,0.013309850868093992,14
all_features,xgb,2000,bar1600,1469,adj_sumabsret_vwstock_ma_1,exog:market_vw,sumabsret_vwstock,0.007097269369395615,0.00028804792553204384,0.01285422901887863,15
all_features,xgb,2000,bar1600,1469,adj_sumabsret_ewstock_ma_5,exog:market_ew,sumabsret_ewstock,0.0064324842420440675,7.095862749995778e-05,0.01165020253621902,16
all_features,xgb,2000,bar1600,1469,adj_sumret_ma_25,exog:moments,sumret,0.0062613618137386876,0.00032101538305461197,0.011340273918715905,17
all_features,xgb,2000,bar1600,1469,adj_sellturnover_vwstock_ma_1,exog:liquidity,sellturnover_vwstock,0.005509461928356995,0.0007345455421624116,0.0099784694242096,18
all_features,xgb,2000,bar1600,1469,adj_sumabsret_vwstock_ma_5,exog:market_vw,sumabsret_vwstock,0.005205735915576672,0.0003068918218278619,0.009428375645311422,19
all_features,xgb,2000,bar1600,1469,is_month_end,calendar,calendar,0.005186296165171108,-0.0003729116513078095,0.009393167315068176,20
all_features,xgb,2000,bar1600,1469,adj_stocktwits_sentiment_ma_1,exog:sentiment,stocktwits_sentiment,0.005034424156652228,-0.0006896652738134232,0.00911810412140148,21
all_features,xgb,2000,bar1600,1469,adj_sumautocov_ma_5,exog:moments,sumautocov,0.004805128561321965,0.001752499162295226,0.008702815093750229,22
all_features,xgb,2000,bar1600,1469,har_ma_125_x_close,har_x_session,har_x_session,0.004748011143415383,0.00027431543502655527,0.008599366805045819,23
all_features,xgb,2000,bar1600,1469,days_to_opex,calendar,calendar,0.004248935208722204,-2.8583093506132376e-05,0.00769546475082474,24
all_features,xgb,2000,bar1600,1469,adj_sumret_ma_125,exog:moments,sumret,0.004015944866174227,0.0003810735302764285,0.00727348397675223,25
all_features,xgb,2000,bar1600,1469,adj_sumvolume_ma_25,exog:liquidity,sumvolume,0.0037134074101021933,0.00029933660753133853,0.006725542853944033,26
all_features,xgb,2000,bar1600,1469,adj_sumvolume_ma_125,exog:liquidity,sumvolume,0.0035559454780507826,0.0007000064110689774,0.006440355462709888,27
all_features,xgb,2000,bar1600,1469,adj_sumautocov_ma_1,exog:moments,sumautocov,0.0035097425378535075,0.000421371914623493,0.006356674945072737,28
all_features,xgb,2000,bar1600,1469,adj_ofi_ewstock_ma_5,exog:liquidity,ofi_ewstock,0.0034443001698202438,0.0005929549169919282,0.006238148911685201,29
all_features,xgb,2000,bar1600,1469,adj_sumabsret_ma_25,exog:moments,sumabsret,0.003077717676475732,0.00023262126053896003,0.00557421253298704,30
all_features,xgb,2000,bar1600,1469,adj_sumbipow_ma_1,exog:moments,sumbipow,0.0026209935581379237,-0.0014266413277614289,0.0047470160282474215,31
all_features,xgb,2000,bar1600,1469,adj_ofi_ewstock_ma_1,exog:liquidity,ofi_ewstock,0.0026039919324783354,0.0002607618563446357,0.004716223510935908,32
all_features,xgb,2000,bar1600,1469,adj_stocktwits_sentiment_ma_5,exog:sentiment,stocktwits_sentiment,0.0025314672421964126,-9.605986218293065e-05,0.004584870320027435,33
all_features,xgb,2000,bar1600,1469,adj_turnover_vwstock_ma_1,exog:liquidity,turnover_vwstock,0.00234706309528819,0.00010551040693636436,0.00425088649991056,34
all_features,xgb,2000,bar1600,1469,adj_sumret4_ma_625,exog:moments,sumret4,0.002231708164269503,0.00022189217895606336,0.0040419612605551,35
all_features,xgb,2000,bar1600,1469,adj_voldemand_spx_open_only_ma_1,exog:vol_demand,voldemand_spx_open_only,0.002166086929808467,0.00012273532394731267,0.003923111272994952,36
all_features,xgb,2000,bar1600,1469,adj_sellturnover_ewstock_ma_1,exog:liquidity,sellturnover_ewstock,0.0021531191014906303,0.00011980083710219702,0.003899624573195482,37
all_features,xgb,2000,bar1600,1469,adj_stocktwits_sentiment_ma_625,exog:sentiment,stocktwits_sentiment,0.0018958585449608356,0.00036340585221662254,0.0034336867682394105,38
all_features,xgb,2000,bar1600,1469,adj_sumret3_ma_1,exog:moments,sumret3,0.0018467401962693128,5.95280028548792e-06,0.0033447260045642202,39
all_features,xgb,2000,bar1600,1469,adj_numobs_ma_25,exog:liquidity,numobs,0.0017645522684905024,0.0007529913840713868,0.003195871227991769,40
all_features,xgb,2000,bar1600,1469,adj_stocktwits_sentcount_ma_25,exog:sentiment,stocktwits_sentcount,0.0016614525705802039,8.929760424272281e-05,0.003009142070658258,41
all_features,xgb,2000,bar1600,1469,adj_sumpret2_ma_1,exog:moments,sumpret2,0.0016490843049076496,-0.00012285283934910623,0.002986741269554821,42
all_features,xgb,2000,bar1600,1469,adj_ofi_ewstock_ma_625,exog:liquidity,ofi_ewstock,0.0016186043711452483,-0.00018745291640357751,0.0029315374962907495,43
all_features,xgb,2000,bar1600,1469,adj_voldemand_spx_open_only_ma_125,exog:vol_demand,voldemand_spx_open_only,0.001612464848525233,-0.0005959293404360084,0.002920417891592558,44
all_features,xgb,2000,bar1600,1469,adj_fomc_until_inv_ma_625,exog:fomc,fomc_until_inv,0.001575190513744975,8.741122688052344e-05,0.002852908429734188,45
all_features,xgb,2000,bar1600,1469,adj_voldemand_all_open_only_ma_1,exog:vol_demand,voldemand_all_open_only,0.001570597124058049,8.689121126447186e-05,0.0028445891057892196,46
all_features,xgb,2000,bar1600,1469,adj_sumbipow_ma_5,exog:moments,sumbipow,0.00154146211671281,-0.0006516451910256223,0.0027918211978248775,47
all_features,xgb,2000,bar1600,1469,adj_sumret_ma_625,exog:moments,sumret,0.0015023766001652117,0.0002365454039376769,0.0027210314116585983,48
all_features,xgb,2000,bar1600,1469,adj_sumret3_ma_125,exog:moments,sumret3,0.0014612013195489547,-7.054396102336227e-05,0.0026464567464725376,49
all_features,xgb,2000,bar1600,1469,adj_ofi_ewstock_ma_25,exog:liquidity,ofi_ewstock,0.0014417516268808777,0.0004480611418221261,0.002611230409287092,50
all_features,xgb,2000,bar1600,1469,adj_buyturnover_vwstock_ma_1,exog:liquidity,buyturnover_vwstock,0.001417044230904456,-0.00017543528014520883,0.0025664815756426267,51
all_features,xgb,2000,bar1600,1469,adj_sumret3_ma_25,exog:moments,sumret3,0.0014130417827542777,7.655812125044142e-05,0.0025592325362613073,52
all_features,xgb,2000,bar1600,1469,adj_sumautocov_ma_125,exog:moments,sumautocov,0.0013952221194031365,-0.001051868815595741,0.0025269584288781753,53
all_features,xgb,2000,bar1600,1469,adj_effspread_vwstock_ma_625,exog:liquidity,effspread_vwstock,0.0013766063252211994,-0.00016133080234177112,0.0024932424080639187,54
all_features,xgb,2000,bar1600,1469,adj_stocktwits_sentcount_ma_1,exog:sentiment,stocktwits_sentcount,0.0013718550021072449,0.00020215378632678808,0.002484637042778951,55
all_features,xgb,2000,bar1600,1469,adj_effspread_vwstock_ma_125,exog:liquidity,effspread_vwstock,0.0013682227484611087,-0.00011309816699728724,0.002478058481674391,56
all_features,xgb,2000,bar1600,1469,adj_sumpret2_ewstock_ma_25,exog:market_ew,sumpret2_ewstock,0.0013679805413929712,-0.0003740768163884646,0.0024776198080152995,57
all_features,xgb,2000,bar1600,1469,adj_vvix_ma_1,exog:implied_vol,vvix,0.0013320232973263312,0.000582489546984402,0.0024124957967845313,58
all_features,xgb,2000,bar1600,1469,adj_ofi_vwstock_ma_5,exog:liquidity,ofi_vwstock,0.0013112155910768187,6.8239103930227e-05,0.00237480989146408,59
all_features,xgb,2000,bar1600,1469,adj_vix_ma_625,exog:implied_vol,vix,0.0013106293083828247,-0.000845235380709238,0.002373748044769786,60
all_features,xgb,2000,bar1600,1469,adj_stocktwits_sentcount_ma_5,exog:sentiment,stocktwits_sentcount,0.001279859337583,0.00018371773340509768,0.002318018970533051,61
all_features,xgb,2000,bar1600,1469,adj_sumautocov_ma_625,exog:moments,sumautocov,0.001274209267273795,-0.0010654433243592384,0.002307785838049667,62
all_features,xgb,2000,bar1600,1469,adj_sumbipow_vwstock_ma_1,exog:market_vw,sumbipow_vwstock,0.0012678809469489265,-0.0001337328326517284,0.0022963242921329435,63
all_features,xgb,2000,bar1600,1469,adj_sumpret2_vwstock_ma_3125,exog:market_vw,sumpret2_vwstock,0.0012621161511757668,-0.00035349776160585014,0.0022858833744703287,64
all_features,xgb,2000,bar1600,1469,adj_sumabsret_ewstock_ma_625,exog:market_ew,sumabsret_ewstock,0.0012531503833535837,0.00016131640208715315,0.0022696450119511604,65
all_features,xgb,2000,bar1600,1469,DOW_4,calendar,calendar,0.0012523629760778205,-3.226267236104962e-05,0.0022682188981985336,66
all_features,xgb,2000,bar1600,1469,adj_sumret3_ma_5,exog:moments,sumret3,0.0012497496976037663,1.0910568470609184e-05,0.0022634858553552606,67
all_features,xgb,2000,bar1600,1469,adj_sellturnover_ewstock_ma_125,exog:liquidity,sellturnover_ewstock,0.0012397282472150462,-0.0003478994799067833,0.002245335491927684,68
all_features,xgb,2000,bar1600,1469,adj_sumret3_ewstock_ma_625,exog:market_ew,sumret3_ewstock,0.0012338606098019178,-0.00010904260537550365,0.0022347083124897257,69
all_features,xgb,2000,bar1600,1469,adj_ofi_vwstock_ma_1,exog:liquidity,ofi_vwstock,0.0012075987507776528,0.00016872338206900126,0.0021871441109934317,70
all_features,xgb,2000,bar1600,1469,adj_fomc_until_inv_ma_1,exog:fomc,fomc_until_inv,0.001199621228520136,0.00011258802189010911,0.002172695610765512,71
all_features,xgb,2000,bar1600,1469,har_ma_3125,har_ladder,har_ladder,0.0011884877546514375,6.104359095339424e-05,0.0021525312045079345,72
all_features,xgb,2000,bar1600,1469,adj_ofi_vwstock_ma_625,exog:liquidity,ofi_vwstock,0.0011859099171332797,-0.000465629422184812,0.0021478623505998746,73
all_features,xgb,2000,bar1600,1469,adj_stocktwits_attention_ma_3125,exog:sentiment,stocktwits_attention,0.001173991597620347,0.0002376218056110748,0.0021262764700920797,74
all_features,xgb,2000,bar1600,1469,adj_buyturnover_vwstock_ma_3125,exog:liquidity,buyturnover_vwstock,0.00117015131348413,-0.00032208670032824415,0.002119321134284006,75
all_features,xgb,2000,bar1600,1469,numobs_active_ma_625,hurdle_active,hurdle_active,0.0011633940232208932,-0.0010693464382779785,0.002107082658883138,76
all_features,xgb,2000,bar1600,1469,adj_voldemand_all_open_only_ma_625,exog:vol_demand,voldemand_all_open_only,0.001154819811038834,0.0004567668182754516,0.0020915534628912387,77
all_features,xgb,2000,bar1600,1469,adj_stocktwits_attention_ma_625,exog:sentiment,stocktwits_attention,0.0011471999182247916,0.00024398112962785258,0.0020777526837136334,78
all_features,xgb,2000,bar1600,1469,adj_stocktwits_sentiment_ma_25,exog:sentiment,stocktwits_sentiment,0.0011318021075258286,6.954565231928175e-05,0.0020498649180375416,79
all_features,xgb,2000,bar1600,1469,adj_sumret4_ma_1,exog:moments,sumret4,0.0011315740479573397,-0.0004946453570165234,0.002049451867641576,80
all_features,xgb,2000,bar1600,1469,adj_stocktwits_attention_ma_25,exog:sentiment,stocktwits_attention,0.0011094094855426144,-3.907210408203415e-05,0.002009308490442076,81
all_features,xgb,2000,bar1600,1469,adj_voldemand_all_open_and_close_ma_625,exog:vol_demand,voldemand_all_open_and_close,0.0010895998195272279,-0.0001956036615714675,0.0019734301870417133,82
all_features,xgb,2000,bar1600,1469,adj_ofi_vwstock_ma_125,exog:liquidity,ofi_vwstock,0.0010867586454383629,0.00013295548232065008,0.0019682843907474004,83
all_features,xgb,2000,bar1600,1469,adj_turnover_ewstock_ma_1,exog:liquidity,turnover_ewstock,0.001082937402675422,-6.337363808246067e-05,0.0019613635417482936,84
all_features,xgb,2000,bar1600,1469,adj_effspread_ewstock_ma_25,exog:liquidity,effspread_ewstock,0.001071404270747969,6.023624893360456e-05,0.0019404752942569845,85
all_features,xgb,2000,bar1600,1469,adj_ofi_ewstock_ma_125,exog:liquidity,ofi_ewstock,0.0010476659362605723,0.00038430647727296,0.0018974815776392191,86
all_features,xgb,2000,bar1600,1469,adj_sumret3_vwstock_ma_1,exog:market_vw,sumret3_vwstock,0.001045210551598644,7.283109452095604e-05,0.0018930345043873613,87
all_features,xgb,2000,bar1600,1469,adj_stocktwits_attention_ma_1,exog:sentiment,stocktwits_attention,0.0010110959123163545,-5.0350177106638034e-05,0.001831247729304267,88
all_features,xgb,2000,bar1600,1469,adj_voldemand_spx_open_only_ma_25,exog:vol_demand,voldemand_spx_open_only,0.0010064466943608946,-0.00044317630090425056,0.0018228272919152246,89
all_features,xgb,2000,bar1600,1469,adj_sumbipow_ma_625,exog:moments,sumbipow,0.0010032827929218422,3.615109157041073e-05,0.0018170969875440659,90
all_features,xgb,2000,bar1600,1469,adj_sumret3_ewstock_ma_1,exog:market_ew,sumret3_ewstock,0.0009954279641560667,-4.807749836409545e-05,0.001802870703799681,91
all_features,xgb,2000,bar1600,1469,adj_sumret3_ewstock_ma_5,exog:market_ew,sumret3_ewstock,0.0009867479475304973,1.2091597226103022e-05,0.001787149879946796,92
all_features,xgb,2000,bar1600,1469,adj_spread_ewstock_ma_25,exog:liquidity,spread_ewstock,0.0009787702333631653,-7.598737212527171e-05,0.0017727010321411545,93
all_features,xgb,2000,bar1600,1469,adj_buyturnover_vwstock_ma_5,exog:liquidity,buyturnover_vwstock,0.0009749195356055204,-4.860675340432956e-05,0.0017657268356885455,94
all_features,xgb,2000,bar1600,1469,adj_sumbipow_vwstock_ma_5,exog:market_vw,sumbipow_vwstock,0.0009715565431050352,2.5925617264775684e-05,0.0017596359472721616,95
all_features,xgb,2000,bar1600,1469,adj_fomc_since_inv_ma_3125,exog:fomc,fomc_since_inv,0.0009697212532152121,-0.0001581302630287024,0.0017563119595056065,96
all_features,xgb,2000,bar1600,1469,adj_buyturnover_ewstock_ma_125,exog:liquidity,buyturnover_ewstock,0.000962766866190815,-4.8583976736739075e-05,0.0017437165120391491,97
all_features,xgb,2000,bar1600,1469,adj_voldemand_spx_open_and_close_ma_625,exog:vol_demand,voldemand_spx_open_and_close,0.0009456646027481416,-0.00038139895797427334,0.0017127417244706675,98
all_features,xgb,2000,bar1600,1469,adj_vvix_ma_5,exog:implied_vol,vvix,0.0009446947082001622,0.0004123231578602701,0.0017109850986481154,99
all_features,xgb,2000,bar1600,1469,adj_turnover_vwstock_ma_3125,exog:liquidity,turnover_vwstock,0.0009423878729619287,-0.0003935252451828766,0.0017068070708859259,100
all_features,xgb,2000,bar1600,1469,adj_buyturnover_ewstock_ma_25,exog:liquidity,buyturnover_ewstock,0.000940617024178694,-0.00010416170530103433,0.0017035997957167378,101
all_features,xgb,2000,bar1600,1469,adj_vix_ma_25,exog:implied_vol,vix,0.0009350376787786947,0.0003927903929964849,0.0016934947567483318,102
all_features,xgb,2000,bar1600,1469,adj_sellturnover_vwstock_ma_5,exog:liquidity,sellturnover_vwstock,0.0009324784709762692,7.410606850603202e-05,0.0016888596440751205,103
all_features,xgb,2000,bar1600,1469,adj_buyturnover_ewstock_ma_1,exog:liquidity,buyturnover_ewstock,0.0009305376314949579,-1.944739280874728e-05,0.0016853444900231643,104
all_features,xgb,2000,bar1600,1469,adj_sumabsret_ma_125,exog:moments,sumabsret,0.0009256469729501098,7.70660980058018e-05,0.001676486767184054,105
all_features,xgb,2000,bar1600,1469,adj_sumpret2_ma_5,exog:moments,sumpret2,0.0009189141439552288,-0.00028337629906930654,0.001664292594842457,106
all_features,xgb,2000,bar1600,1469,adj_ofi_vwstock_ma_25,exog:liquidity,ofi_vwstock,0.0009181828546020181,0.0001470926435825483,0.001662968119141172,107
all_features,xgb,2000,bar1600,1469,adj_fomc_since_inv_ma_1,exog:fomc,fomc_since_inv,0.0009103486406573315,-2.7497861661200935e-05,0.0016487791719578882,108
all_features,xgb,2000,bar1600,1469,adj_sumret3_vwstock_ma_5,exog:market_vw,sumret3_vwstock,0.0009066955645728008,9.542538941984987e-05,0.0016421628982658633,109
all_features,xgb,2000,bar1600,1469,adj_vix_ma_1,exog:implied_vol,vix,0.000903635826094643,0.0003912702709376198,0.0016366212487822303,110
all_features,xgb,2000,bar1600,1469,adj_sumret3_vwstock_ma_25,exog:market_vw,sumret3_vwstock,0.0008902369284595645,6.37259650489273e-05,0.0016123538172057284,111
all_features,xgb,2000,bar1600,1469,adj_turnover_vwstock_ma_5,exog:liquidity,turnover_vwstock,0.0008885697328955995,6.111699075382839e-05,0.0016093342737048327,112
all_features,xgb,2000,bar1600,1469,adj_turnover_ewstock_ma_125,exog:liquidity,turnover_ewstock,0.0008827179391638899,-9.064689178348609e-05,0.0015987357895719076,113
all_features,xgb,2000,bar1600,1469,adj_sumret3_ma_625,exog:moments,sumret3,0.0008806555404881043,-3.648435257261217e-05,0.0015950004734204457,114
all_features,xgb,2000,bar1600,1469,adj_numobs_ma_125,exog:liquidity,numobs,0.0008757884512843127,-0.000106287914496494,0.0015861854382252724,115
all_features,xgb,2000,bar1600,1469,adj_vix_ma_5,exog:implied_vol,vix,0.0008669019616244657,0.00036773507007680536,0.001570090660457059,116
all_features,xgb,2000,bar1600,1469,adj_sumret4_vwstock_ma_625,exog:market_vw,sumret4_vwstock,0.0008601109609845685,2.363310409500002e-05,0.001557791130461902,117
all_features,xgb,2000,bar1600,1469,adj_vix_ma_125,exog:implied_vol,vix,0.000859930392464708,0.00035183797146575,0.0015574640935429012,118
all_features,xgb,2000,bar1600,1469,adj_vvix_ma_625,exog:implied_vol,vvix,0.0008530125462973193,-0.00032516551511739566,0.0015449348270990437,119
all_features,xgb,2000,bar1600,1469,adj_voldemand_all_open_and_close_ma_1,exog:vol_demand,voldemand_all_open_and_close,0.0008368254115462575,-0.0002791090550783104,0.0015156174760982718,120
all_features,xgb,2000,bar1600,1469,adj_vix3m_ma_625,exog:implied_vol,vix3m,0.0008316350357495434,-0.0005821795013436937,0.001506216919953016,121
all_features,xgb,2000,bar1600,1469,adj_sellturnover_vwstock_ma_25,exog:liquidity,sellturnover_vwstock,0.0008195993973900726,1.434816041787051e-05,0.001484418557257616,122
all_features,xgb,2000,bar1600,1469,adj_sumret4_ma_5,exog:moments,sumret4,0.0008179408246113347,-0.0003645188847545051,0.0014814146309258484,123
all_features,xgb,2000,bar1600,1469,adj_stocktwits_sentiment_ma_125,exog:sentiment,stocktwits_sentiment,0.0008135310864350843,0.0001346724773515357,0.0014734279276628663,124
all_features,xgb,2000,bar1600,1469,adj_sumpret2_ewstock_ma_625,exog:market_ew,sumpret2_ewstock,0.0008126811356506304,-0.00014467056220098933,0.0014718885381498716,125
all_features,xgb,2000,bar1600,1469,har_ma_625,har_ladder,har_ladder,0.0008037127892941853,-2.958793369750643e-05,0.0014556455055148869,126
all_features,xgb,2000,bar1600,1469,adj_effspread_vwstock_ma_25,exog:liquidity,effspread_vwstock,0.0008018910636683997,1.3687176056613422e-05,0.0014523460846834915,127
all_features,xgb,2000,bar1600,1469,adj_fomc_since_inv_ma_625,exog:fomc,fomc_since_inv,0.000796916759013618,6.636813353488672e-05,0.0014433368660792267,128
all_features,xgb,2000,bar1600,1469,adj_sumret3_ma_3125,exog:moments,sumret3,0.0007945783980428806,-0.0003340737957284853,0.0014391017404439676,129
all_features,xgb,2000,bar1600,1469,adj_sumpret2_ma_3125,exog:moments,sumpret2,0.0007914211501395494,0.00010449357831936255,0.0014333834866330306,130
all_features,xgb,2000,bar1600,1469,sumret3_ewstock_avail_ma_3125,availability,availability,0.0007913846803868814,0.00024045558939441718,0.0014333174343911532,131
all_features,xgb,2000,bar1600,1469,adj_sumpret2_vwstock_ma_25,exog:market_vw,sumpret2_vwstock,0.0007906939396119397,-0.00015299323917610614,0.0014320663983022504,132
all_features,xgb,2000,bar1600,1469,adj_sumret4_ma_3125,exog:moments,sumret4,0.000788877979895328,0.00018956469848223863,0.001428777420405055,133
all_features,xgb,2000,bar1600,1469,adj_vvix_ma_3125,exog:implied_vol,vvix,0.0007862067263369305,-2.8298871218607398e-05,0.0014239393759093505,134
all_features,xgb,2000,bar1600,1469,adj_sumret3_vwstock_ma_125,exog:market_vw,sumret3_vwstock,0.0007847066851093398,6.735409813455225e-05,0.0014212225742108893,135
all_features,xgb,2000,bar1600,1469,adj_sumret4_vwstock_ma_125,exog:market_vw,sumret4_vwstock,0.0007821490575991425,6.541138811826465e-05,0.001416590323686085,136
all_features,xgb,2000,bar1600,1469,adj_stocktwits_sentcount_ma_125,exog:sentiment,stocktwits_sentcount,0.0007782673070262554,9.335195494055017e-05,0.0014095598858851447,137
all_features,xgb,2000,bar1600,1469,adj_spread_ewstock_ma_625,exog:liquidity,spread_ewstock,0.0007776255978745511,0.00020147302184694144,0.0014083976534869935,138
all_features,xgb,2000,bar1600,1469,adj_fomc_until_inv_ma_3125,exog:fomc,fomc_until_inv,0.0007743533175570018,-9.173094855868961e-05,0.0014024710585634407,139
all_features,xgb,2000,bar1600,1469,adj_sumbipow_ewstock_ma_1,exog:market_ew,sumbipow_ewstock,0.0007681427076896423,-0.0001647812161026108,0.0013912227041010619,140
all_features,xgb,2000,bar1600,1469,adj_effspread_ewstock_ma_125,exog:liquidity,effspread_ewstock,0.0007679137516752667,0.00013937914901650218,0.001390808030105916,141
all_features,xgb,2000,bar1600,1469,adj_voldemand_spx_open_and_close_ma_5,exog:vol_demand,voldemand_spx_open_and_close,0.0007641052226357742,5.85378503559531e-05,0.0013839102075842303,142
all_features,xgb,2000,bar1600,1469,adj_sumret3_ewstock_ma_25,exog:market_ew,sumret3_ewstock,0.0007372619807879491,1.71280771718287e-05,0.0013352930338006075,143
all_features,xgb,2000,bar1600,1469,adj_sumabsret_vwstock_ma_25,exog:market_vw,sumabsret_vwstock,0.0007362648808736779,5.180566221455019e-05,0.001333487134942095,144
all_features,xgb,2000,bar1600,1469,adj_sellturnover_ewstock_ma_5,exog:liquidity,sellturnover_ewstock,0.0007351464794982559,9.978220768590607e-05,0.0013314615407781344,145
all_features,xgb,2000,bar1600,1469,adj_sumpret2_ma_625,exog:moments,sumpret2,0.0007331454949078061,-1.946135394680215e-05,0.0013278374548304035,146
all_features,xgb,2000,bar1600,1469,adj_stocktwits_sentcount_ma_3125,exog:sentiment,stocktwits_sentcount,0.0007329386820965874,0.00028936873434830544,0.0013274628855276082,147
all_features,xgb,2000,bar1600,1469,adj_voldemand_spx_open_and_close_ma_125,exog:vol_demand,voldemand_spx_open_and_close,0.000731608010261395,2.7418452367017937e-05,0.001325052837433296,148
all_features,xgb,2000,bar1600,1469,adj_voldemand_spx_open_only_ma_5,exog:vol_demand,voldemand_spx_open_only,0.0007294634624226948,-0.00014242351987928044,0.0013211687367142976,149
all_features,xgb,2000,bar1600,1469,adj_effspread_vwstock_ma_5,exog:liquidity,effspread_vwstock,0.0007292164668690735,6.699758756203163e-06,0.0013207213903832448,150
all_features,xgb,2000,bar1600,1469,adj_sumbipow_ma_25,exog:moments,sumbipow,0.0007232209923739353,-0.00019941543242176491,0.0013098626786412788,151
all_features,xgb,2000,bar1600,1469,adj_sumautocov_ma_25,exog:moments,sumautocov,0.0007191289604981896,-2.391846760832731e-05,0.001302451389574218,152
all_features,xgb,2000,bar1600,1469,adj_sumabsret_vwstock_ma_125,exog:market_vw,sumabsret_vwstock,0.0007139725267350115,1.6082845922283897e-05,0.0012931123075889145,153
all_features,xgb,2000,bar1600,1469,adj_sellturnover_ewstock_ma_25,exog:liquidity,sellturnover_ewstock,0.0007054170313859643,-1.547984101331666e-05,0.0012776170106144431,154
all_features,xgb,2000,bar1600,1469,adj_sumret2_ewstock_ma_5,exog:market_ew,sumret2_ewstock,0.0007033188443325494,5.750942977076661e-05,0.0012738168762944267,155
all_features,xgb,2000,bar1600,1469,adj_sumret4_ewstock_ma_625,exog:market_ew,sumret4_ewstock,0.0006987015198476826,-4.372890901497747e-05,0.0012654542028077915,156
all_features,xgb,2000,bar1600,1469,adj_effspread_vwstock_ma_3125,exog:liquidity,effspread_vwstock,0.0006924226670643974,6.114396209123754e-05,0.0012540822500959213,157
all_features,xgb,2000,bar1600,1469,adj_buyturnover_ewstock_ma_625,exog:liquidity,buyturnover_ewstock,0.000690383287717236,-0.00019210186450401923,0.0012503886254326354,158
all_features,xgb,2000,bar1600,1469,adj_sumabsret_ewstock_ma_3125,exog:market_ew,sumabsret_ewstock,0.0006872085462892849,-0.0001445397379074487,0.0012446386882009194,159
all_features,xgb,2000,bar1600,1469,adj_voldemand_all_open_and_close_ma_25,exog:vol_demand,voldemand_all_open_and_close,0.0006859613620848065,1.0795144603645394e-05,0.0012423798488419085,160
all_features,xgb,2000,bar1600,1469,adj_sumret4_ewstock_ma_3125,exog:market_ew,sumret4_ewstock,0.0006830322792574635,-0.00015054546917098513,0.0012370748365169869,161
all_features,xgb,2000,bar1600,1469,adj_stocktwits_attention_ma_5,exog:sentiment,stocktwits_attention,0.0006816026273007176,3.618456115697505e-05,0.001234485520441632,162
all_features,xgb,2000,bar1600,1469,adj_vvix_ma_25,exog:implied_vol,vvix,0.0006673070229111603,0.00015639490042318663,0.001208594017213778,163
all_features,xgb,2000,bar1600,1469,adj_sumret2_vwstock_ma_5,exog:market_vw,sumret2_vwstock,0.0006658413784830436,0.00010006974274985863,0.001205939513325213,164
all_features,xgb,2000,bar1600,1469,adj_fomc_until_inv_ma_125,exog:fomc,fomc_until_inv,0.0006623587078687845,8.31165903252036e-05,0.0011996318697311784,165
all_features,xgb,2000,bar1600,1469,adj_spread_ewstock_ma_1,exog:liquidity,spread_ewstock,0.0006622070650015319,8.10260163083422e-05,0.001199357221547026,166
all_features,xgb,2000,bar1600,1469,adj_sellturnover_vwstock_ma_125,exog:liquidity,sellturnover_vwstock,0.0006604817148708832,-0.00014022286599253673,0.0011962323513240152,167
all_features,xgb,2000,bar1600,1469,adj_voldemand_all_open_and_close_ma_125,exog:vol_demand,voldemand_all_open_and_close,0.0006600907507586218,4.81940592923713e-05,0.0011955242561432348,168
all_features,xgb,2000,bar1600,1469,adj_numobs_ma_625,exog:liquidity,numobs,0.0006569617413516878,-0.00022095629936412633,0.0011898571465232457,169
all_features,xgb,2000,bar1600,1469,adj_sumbipow_ma_3125,exog:moments,sumbipow,0.0006565204372272841,4.909400679531391e-05,0.0011890578779613784,170
all_features,xgb,2000,bar1600,1469,adj_turnover_ewstock_ma_5,exog:liquidity,turnover_ewstock,0.0006559068739683013,1.2687978479567352e-05,0.001187946622034903,171
all_features,xgb,2000,bar1600,1469,adj_sumret3_ewstock_ma_125,exog:market_ew,sumret3_ewstock,0.0006529765195622688,3.1191307699082915e-05,0.001182639306688518,172
all_features,xgb,2000,bar1600,1469,adj_fomc_since_inv_ma_25,exog:fomc,fomc_since_inv,0.0006521512719644045,-2.5709308976897918e-05,0.001181144658385331,173
all_features,xgb,2000,bar1600,1469,adj_turnover_ewstock_ma_625,exog:liquidity,turnover_ewstock,0.0006496618006882654,-0.00012576020273809697,0.0011766358491160365,174
all_features,xgb,2000,bar1600,1469,adj_sumret3_ewstock_ma_3125,exog:market_ew,sumret3_ewstock,0.0006480506092107286,-5.154525905369716e-05,0.001173717737492032,175
all_features,xgb,2000,bar1600,1469,adj_turnover_ewstock_ma_25,exog:liquidity,turnover_ewstock,0.0006471835118300756,-6.76085705449988e-05,0.001172147292898137,176
all_features,xgb,2000,bar1600,1469,adj_sumret2_vwstock_ma_625,exog:market_vw,sumret2_vwstock,0.0006455848562638334,-0.00017899235332109156,0.0011692518857068313,177
all_features,xgb,2000,bar1600,1469,adj_buyturnover_vwstock_ma_25,exog:liquidity,buyturnover_vwstock,0.0006439760550279526,-8.243735265010719e-05,0.0011663381031722353,178
all_features,xgb,2000,bar1600,1469,adj_sumpret2_vwstock_ma_625,exog:market_vw,sumpret2_vwstock,0.0006422286324677827,-0.00014782108236978975,0.00116317325643864,179
all_features,xgb,2000,bar1600,1469,adj_buyturnover_vwstock_ma_125,exog:liquidity,buyturnover_vwstock,0.0006310894382781725,-0.00019627564994165926,0.0011429984898141058,180
all_features,xgb,2000,bar1600,1469,adj_effspread_ewstock_ma_5,exog:liquidity,effspread_ewstock,0.0006273405124346557,-6.988695908446983e-05,0.001136208617701437,181
all_features,xgb,2000,bar1600,1469,har_ma_3125_x_close,har_x_session,har_x_session,0.0006258730457575327,0.00010428860729698226,0.0011335508134441192,182
all_features,xgb,2000,bar1600,1469,adj_voldemand_spx_open_and_close_ma_1,exog:vol_demand,voldemand_spx_open_and_close,0.0006191279673433103,-0.0001488527778800329,0.0011213344555501123,183
all_features,xgb,2000,bar1600,1469,adj_fomc_day_ma_625,exog:fomc,fomc_day,0.0006181187313154639,-5.645558869331484e-05,0.0011195065763530815,184
all_features,xgb,2000,bar1600,1469,adj_sumret2_vwstock_ma_3125,exog:market_vw,sumret2_vwstock,0.0006174946097893704,-0.00012594289327278266,0.0011183761978068461,185
all_features,xgb,2000,bar1600,1469,adj_sumbipow_ewstock_ma_5,exog:market_ew,sumbipow_ewstock,0.0006163815886091822,-9.928516064531572e-05,0.0011163603479907613,186
all_features,xgb,2000,bar1600,1469,adj_sumvolume_ma_3125,exog:liquidity,sumvolume,0.0006082569170448216,6.620293641995667e-05,0.0011016453380967017,187
all_features,xgb,2000,bar1600,1469,adj_sumabsret_ma_3125,exog:moments,sumabsret,0.0006033753638421009,2.8418289778771875e-05,0.0010928041064103024,188
all_features,xgb,2000,bar1600,1469,adj_sumbipow_vwstock_ma_25,exog:market_vw,sumbipow_vwstock,0.0006033625537112272,-5.0163764396626786e-05,0.0010927809053244422,189
all_features,xgb,2000,bar1600,1469,adj_vix3m_ma_1,exog:implied_vol,vix3m,0.00060327352745025,0.00011563775429858478,0.0010926196652914471,190
all_features,xgb,2000,bar1600,1469,adj_spread_vwstock_ma_1,exog:liquidity,spread_vwstock,0.0005943503217672119,0.0001333126378516898,0.0010764583892481656,191
all_features,xgb,2000,bar1600,1469,adj_numobs_ma_3125,exog:liquidity,numobs,0.000592725560305377,-3.157951932561804e-06,0.0010735157003287433,192
all_features,xgb,2000,bar1600,1469,adj_spread_vwstock_ma_625,exog:liquidity,spread_vwstock,0.0005870409074055409,7.421284268786883e-05,0.0010632199335395582,193
all_features,xgb,2000,bar1600,1469,adj_voldemand_all_open_only_ma_3125,exog:vol_demand,voldemand_all_open_only,0.0005847304426200548,-5.2345475734409746e-05,0.0010590353321179521,194
all_features,xgb,2000,bar1600,1469,adj_fomc_since_inv_ma_125,exog:fomc,fomc_since_inv,0.0005840294887463715,-3.089332440350927e-05,0.0010577657985614483,195
all_features,xgb,2000,bar1600,1469,adj_fomc_since_inv_ma_5,exog:fomc,fomc_since_inv,0.0005839014364786854,-3.6643065501715876e-05,0.0010575338765236118,196
all_features,xgb,2000,bar1600,1469,numobs_active_ma_3125,hurdle_active,hurdle_active,0.0005791208462275516,0.00012817713563723556,0.001048875504023552,197
all_features,xgb,2000,bar1600,1469,adj_sumret2_vwstock_ma_1,exog:market_vw,sumret2_vwstock,0.0005781366298040491,-4.9960774241672716e-05,0.001047092939116773,198
all_features,xgb,2000,bar1600,1469,adj_stocktwits_sentcount_ma_625,exog:sentiment,stocktwits_sentcount,0.0005769778370776949,-6.550306827310983e-05,0.001044994190102934,199
all_features,xgb,2000,bar1600,1469,adj_buyturnover_ewstock_ma_3125,exog:liquidity,buyturnover_ewstock,0.0005723248264517177,-0.0002292454423789774,0.001036566883613554,200
all_features,xgb,2000,bar1600,1469,adj_sumret2_ewstock_ma_3125,exog:market_ew,sumret2_ewstock,0.0005723031987877812,1.4346898935717523e-05,0.0010365277126407595,201
all_features,xgb,2000,bar1600,1469,adj_spread_ewstock_ma_125,exog:liquidity,spread_ewstock,0.0005679243167969787,7.204147152633397e-05,0.0010285968945997906,202
all_features,xgb,2000,bar1600,1469,adj_sumret2_ewstock_ma_1,exog:market_ew,sumret2_ewstock,0.000564705039537042,4.7302998526548706e-05,0.0010227662962357302,203
all_features,xgb,2000,bar1600,1469,adj_sumret_ma_3125,exog:moments,sumret,0.0005612285047422463,1.5190158203029338e-05,0.0010164697655394167,204
all_features,xgb,2000,bar1600,1469,adj_sumret3_vwstock_ma_625,exog:market_vw,sumret3_vwstock,0.000555715572818538,3.891886441856331e-06,0.0010064850114284327,205
all_features,xgb,2000,bar1600,1469,numobs_active_ma_125,hurdle_active,hurdle_active,0.0005540883725556665,-0.00039574215638330147,0.0010035379054712144,206
all_features,xgb,2000,bar1600,1469,adj_ofi_vwstock_ma_3125,exog:liquidity,ofi_vwstock,0.0005511118397468065,8.842366791213244e-05,0.0009981469540480826,207
all_features,xgb,2000,bar1600,1469,adj_sumret4_vwstock_ma_25,exog:market_vw,sumret4_vwstock,0.000548511283522849,-3.111972755856475e-05,0.0009934369531252817,208
all_features,xgb,2000,bar1600,1469,adj_turnover_vwstock_ma_25,exog:liquidity,turnover_vwstock,0.0005457728066868851,-8.781730352737801e-05,0.0009884771570994797,209
all_features,xgb,2000,bar1600,1469,adj_voldemand_all_open_and_close_ma_5,exog:vol_demand,voldemand_all_open_and_close,0.0005456843793807608,9.172334214269183e-05,0.000988317001864377,210
all_features,xgb,2000,bar1600,1469,adj_sumpret2_ewstock_ma_1,exog:market_ew,sumpret2_ewstock,0.0005447191904518982,-5.761469234259433e-05,0.0009865688986302535,211
all_features,xgb,2000,bar1600,1469,adj_sumpret2_ewstock_ma_3125,exog:market_ew,sumpret2_ewstock,0.0005428790564831667,-0.0001870722944482614,0.0009832361375036306,212
all_features,xgb,2000,bar1600,1469,adj_vvix_ma_125,exog:implied_vol,vvix,0.0005427120277157136,0.00016503527934050763,0.0009829336231255176,213
all_features,xgb,2000,bar1600,1469,adj_stocktwits_attention_ma_125,exog:sentiment,stocktwits_attention,0.0005397152596339422,7.531399353956807e-05,0.0009775060225604801,214
all_features,xgb,2000,bar1600,1469,adj_sumret4_ewstock_ma_25,exog:market_ew,sumret4_ewstock,0.000538173211937506,-9.065262682931485e-06,0.000974713140789147,215
all_features,xgb,2000,bar1600,1469,adj_sumpret2_vwstock_ma_5,exog:market_vw,sumpret2_vwstock,0.0005381595581529391,4.422411077006593e-06,0.0009746884117187592,216
all_features,xgb,2000,bar1600,1469,adj_sellturnover_vwstock_ma_3125,exog:liquidity,sellturnover_vwstock,0.0005292169397484078,-0.00019069917300274704,0.0009584919762986852,217
all_features,xgb,2000,bar1600,1469,adj_effspread_vwstock_ma_1,exog:liquidity,effspread_vwstock,0.0005284657236535941,3.164087631351964e-05,0.0009571314102523911,218
all_features,xgb,2000,bar1600,1469,adj_sumpret2_ma_125,exog:moments,sumpret2,0.0005263218048440315,2.3842939612866107e-05,0.0009532484488003665,219
all_features,xgb,2000,bar1600,1469,adj_turnover_ewstock_ma_3125,exog:liquidity,turnover_ewstock,0.0005250653184016901,-0.00017422026533657283,0.0009509727616806668,220
all_features,xgb,2000,bar1600,1469,adj_voldemand_spx_open_and_close_ma_25,exog:vol_demand,voldemand_spx_open_and_close,0.0005188927737459938,-3.0650932655350654e-05,0.0009397933490778826,221
all_features,xgb,2000,bar1600,1469,adj_sumbipow_ewstock_ma_625,exog:market_ew,sumbipow_ewstock,0.000515874678568185,-0.00010581059302330748,0.0009343271219140076,222
all_features,xgb,2000,bar1600,1469,adj_spread_ewstock_ma_3125,exog:liquidity,spread_ewstock,0.0005145469937829127,-5.709275550837145e-05,0.0009319224838191985,223
all_features,xgb,2000,bar1600,1469,adj_ofi_ewstock_ma_3125,exog:liquidity,ofi_ewstock,0.0005133752276513151,0.00014675049115497974,0.0009298002380049039,224
all_features,xgb,2000,bar1600,1469,adj_voldemand_all_open_and_close_ma_3125,exog:vol_demand,voldemand_all_open_and_close,0.000511345354032595,-0.00013990449692672066,0.0009261238296545428,225
all_features,xgb,2000,bar1600,1469,adj_sumpret2_ewstock_ma_5,exog:market_ew,sumpret2_ewstock,0.0005063287445979729,4.057382127176729e-05,0.0009170379906910443,226
all_features,xgb,2000,bar1600,1469,adj_sumpret2_vwstock_ma_125,exog:market_vw,sumpret2_vwstock,0.0005040020563038847,-2.2050484020187056e-05,0.000912824006039888,227
all_features,xgb,2000,bar1600,1469,adj_sumvolume_ma_625,exog:liquidity,sumvolume,0.0005027073500858308,3.0472441846183816e-05,0.0009104790971217068,228
all_features,xgb,2000,bar1600,1469,adj_sumret4_ma_125,exog:moments,sumret4,0.0005024211053288419,5.213764267591738e-05,0.0009099606645428821,229
all_features,xgb,2000,bar1600,1469,adj_voldemand_all_open_only_ma_25,exog:vol_demand,voldemand_all_open_only,0.00050050771181139,-0.00013148074400315537,0.0009064952192854959,230
all_features,xgb,2000,bar1600,1469,adj_sumabsret_ewstock_ma_25,exog:market_ew,sumabsret_ewstock,0.0005004339654512191,3.524275510062147e-05,0.0009063616534655155,231
all_features,xgb,2000,bar1600,1469,adj_sumret2_ewstock_ma_25,exog:market_ew,sumret2_ewstock,0.0004998530967051058,-0.00010514459744290452,0.0009053096122502495,232
all_features,xgb,2000,bar1600,1469,adj_effspread_ewstock_ma_3125,exog:liquidity,effspread_ewstock,0.0004952041424956024,-5.381783363444748e-05,0.000896889652545053,233
all_features,xgb,2000,bar1600,1469,adj_spread_vwstock_ma_3125,exog:liquidity,spread_vwstock,0.0004929694091218378,-0.0002115853767411079,0.0008928422121722286,234
all_features,xgb,2000,bar1600,1469,voldemand_all_open_and_close_active_ma_3125,hurdle_active,hurdle_active,0.0004924601948230219,-0.0001944363556496858,0.0008919199480061124,235
all_features,xgb,2000,bar1600,1469,adj_sumret4_ewstock_ma_125,exog:market_ew,sumret4_ewstock,0.0004902020969448633,-7.412779968833518e-05,0.0008878301909795497,236
all_features,xgb,2000,bar1600,1469,adj_sumabsret_vwstock_ma_625,exog:market_vw,sumabsret_vwstock,0.0004858642589791815,-3.290805025408549e-05,0.0008799737098801986,237
all_features,xgb,2000,bar1600,1469,adj_sellturnover_ewstock_ma_625,exog:liquidity,sellturnover_ewstock,0.00048491788073197023,-2.766209788081608e-05,0.0008782596756375931,238
all_features,xgb,2000,bar1600,1469,adj_effspread_ewstock_ma_1,exog:liquidity,effspread_ewstock,0.0004843435507135434,3.9031279645129996e-05,0.0008772194770478214,239
all_features,xgb,2000,bar1600,1469,adj_sumret4_ma_25,exog:moments,sumret4,0.00048375676188601864,-0.00016323225793842032,0.000876156713669099,240
all_features,xgb,2000,bar1600,1469,adj_sellturnover_ewstock_ma_3125,exog:liquidity,sellturnover_ewstock,0.00048167339356942787,-0.00016281248133842287,0.0008723834183243269,241
all_features,xgb,2000,bar1600,1469,adj_effspread_ewstock_ma_625,exog:liquidity,effspread_ewstock,0.000477552158994407,-6.901239043520823e-05,0.0008649192387489715,242
all_features,xgb,2000,bar1600,1469,adj_buyturnover_ewstock_ma_5,exog:liquidity,buyturnover_ewstock,0.00047309688496440194,3.5739646573040806e-05,0.0008568500631628651,243
all_features,xgb,2000,bar1600,1469,adj_sumabsret_vwstock_ma_3125,exog:market_vw,sumabsret_vwstock,0.0004677575701468461,-7.017540271056101e-05,0.0008471797559085415,244
all_features,xgb,2000,bar1600,1469,adj_sumpret2_ewstock_ma_125,exog:market_ew,sumpret2_ewstock,0.0004656492648291453,-3.7979152630181534e-05,0.0008433612958804767,245
all_features,xgb,2000,bar1600,1469,adj_voldemand_all_open_only_ma_125,exog:vol_demand,voldemand_all_open_only,0.0004642187975775598,4.56422121441187e-05,0.0008407705031827702,246
all_features,xgb,2000,bar1600,1469,adj_sumpret2_ma_25,exog:moments,sumpret2,0.0004623039337575612,-0.00013692515350801655,0.0008373023949849377,247
all_features,xgb,2000,bar1600,1469,adj_voldemand_spx_open_and_close_ma_3125,exog:vol_demand,voldemand_spx_open_and_close,0.000458483950741327,-8.542609607158912e-06,0.0008303838275777825,248
all_features,xgb,2000,bar1600,1469,adj_sumbipow_vwstock_ma_125,exog:market_vw,sumbipow_vwstock,0.0004561635108057281,-6.155948340995162e-05,0.0008261811596495565,249
all_features,xgb,2000,bar1600,1469,adj_sumret2_ewstock_ma_125,exog:market_ew,sumret2_ewstock,0.0004543416681916712,-2.535119823922874e-05,0.0008228815269346953,250
all_features,xgb,2000,bar1600,1469,adj_fomc_until_inv_ma_25,exog:fomc,fomc_until_inv,0.0004533211827558096,2.155702184985682e-05,0.0008210332733571208,251
all_features,xgb,2000,bar1600,1469,adj_sumabsret_ewstock_ma_125,exog:market_ew,sumabsret_ewstock,0.00044724467306916764,2.0111042809821253e-06,0.0008100277946184462,252
all_features,xgb,2000,bar1600,1469,adj_sumret4_vwstock_ma_3125,exog:market_vw,sumret4_vwstock,0.00044523431245488545,-7.965646297347866e-05,0.0008063867272724681,253
all_features,xgb,2000,bar1600,1469,sumret3_ewstock_avail_ma_625,availability,availability,0.00044429242051124095,7.188568865061407e-05,0.0008046808184046363,254
all_features,xgb,2000,bar1600,1469,adj_sumbipow_vwstock_ma_625,exog:market_vw,sumbipow_vwstock,0.00044426101370971874,-6.657063612557303e-05,0.0008046239359335753,255
all_features,xgb,2000,bar1600,1469,voldemand_spx_open_and_close_active_ma_125,hurdle_active,hurdle_active,0.0004370733998992239,0.0003006300185262857,0.0007916060794579906,256
all_features,xgb,2000,bar1600,1469,voldemand_spx_open_and_close_avail_ma_3125,availability,availability,0.00043296015435236317,-2.2987113078245798e-05,0.000784156369221794,257
all_features,xgb,2000,bar1600,1469,adj_fomc_until_inv_ma_5,exog:fomc,fomc_until_inv,0.00042608877224622436,-7.23187303885203e-05,0.0007717112562253214,258
all_features,xgb,2000,bar1600,1469,adj_stocktwits_sentiment_ma_3125,exog:sentiment,stocktwits_sentiment,0.0004158307854533488,1.191497632003278e-05,0.000753132489569395,259
all_features,xgb,2000,bar1600,1469,adj_sumbipow_ewstock_ma_3125,exog:market_ew,sumbipow_ewstock,0.0004156962383417921,-0.0001480801893756295,0.0007528888043862969,260
all_features,xgb,2000,bar1600,1469,adj_spread_ewstock_ma_5,exog:liquidity,spread_ewstock,0.0004139440897892548,-3.789016405876838e-05,0.0007497153981652322,261
all_features,xgb,2000,bar1600,1469,adj_sumpret2_vwstock_ma_1,exog:market_vw,sumpret2_vwstock,0.000411625629704827,1.4502708848251185e-06,0.0007455163160471329,262
all_features,xgb,2000,bar1600,1469,adj_buyturnover_vwstock_ma_625,exog:liquidity,buyturnover_vwstock,0.00041103366747860526,-2.789298786354701e-05,0.0007444441828603623,263
all_features,xgb,2000,bar1600,1469,adj_voldemand_all_open_only_ma_5,exog:vol_demand,voldemand_all_open_only,0.0004106460570592371,-5.208541913050731e-05,0.0007437421617250018,264
all_features,xgb,2000,bar1600,1469,adj_sumret4_ewstock_ma_1,exog:market_ew,sumret4_ewstock,0.00041064066251512245,-6.976374643850828e-05,0.0007437323913891314,265
all_features,xgb,2000,bar1600,1469,adj_voldemand_spx_open_only_ma_625,exog:vol_demand,voldemand_spx_open_only,0.0004069833684463738,-4.4791980207200826e-05,0.0007371084782892845,266
all_features,xgb,2000,bar1600,1469,adj_sumret3_vwstock_ma_3125,exog:market_vw,sumret3_vwstock,0.00040673888959860867,4.558246846165642e-06,0.0007366656900934474,267
all_features,xgb,2000,bar1600,1469,adj_vix_ma_3125,exog:implied_vol,vix,0.0004047929356359866,-0.0001977532299375492,0.0007331412729417467,268
all_features,xgb,2000,bar1600,1469,adj_turnover_vwstock_ma_625,exog:liquidity,turnover_vwstock,0.00040366751463657746,-3.60058105003055e-07,0.0007311029651763064,269
all_features,xgb,2000,bar1600,1469,adj_sumbipow_ewstock_ma_125,exog:market_ew,sumbipow_ewstock,0.00040351718306474147,2.041105867529641e-05,0.0007308306919466217,270
all_features,xgb,2000,bar1600,1469,adj_vix3m_ma_25,exog:implied_vol,vix3m,0.0004031711381068806,0.00020330402918872283,0.0007302039521530959,271
all_features,xgb,2000,bar1600,1469,adj_sumret2_vwstock_ma_25,exog:market_vw,sumret2_vwstock,0.0004027587849163633,1.0799887254006474e-05,0.000729457118114299,272
all_features,xgb,2000,bar1600,1469,adj_sumautocov_ma_3125,exog:moments,sumautocov,0.00039639226817486157,-7.895949818933389e-05,0.0007179263927059217,273
all_features,xgb,2000,bar1600,1469,adj_spread_vwstock_ma_5,exog:liquidity,spread_vwstock,0.00039400034265327585,-1.995640585253901e-05,0.0007135942535619369,274
all_features,xgb,2000,bar1600,1469,adj_turnover_vwstock_ma_125,exog:liquidity,turnover_vwstock,0.00039354911942986496,-7.534579085990281e-05,0.0007127770200104852,275
all_features,xgb,2000,bar1600,1469,adj_sumbipow_ewstock_ma_25,exog:market_ew,sumbipow_ewstock,0.00039239154891639245,-7.747187857041255e-06,0.0007106804846091603,276
all_features,xgb,2000,bar1600,1469,adj_sumabsret_ma_625,exog:moments,sumabsret,0.00038982491406656483,-1.2566695837341788e-05,0.0007060319204290002,277
all_features,xgb,2000,bar1600,1469,adj_spread_vwstock_ma_25,exog:liquidity,spread_vwstock,0.00038797745776685303,5.531438431538295e-05,0.0007026858974527175,278
all_features,xgb,2000,bar1600,1469,adj_spread_vwstock_ma_125,exog:liquidity,spread_vwstock,0.0003804163445161205,-0.00012247895446849459,0.0006889915769607125,279
all_features,xgb,2000,bar1600,1469,adj_sumret2_ewstock_ma_625,exog:market_ew,sumret2_ewstock,0.00037790838615321426,-6.089549307217245e-05,0.000684449284779212,280
all_features,xgb,2000,bar1600,1469,voldemand_spx_open_only_active_ma_3125,hurdle_active,hurdle_active,0.0003777272690545008,-0.00018397004774562813,0.0006841212543008795,281
all_features,xgb,2000,bar1600,1469,adj_vix3m_ma_3125,exog:implied_vol,vix3m,0.00036504843256789023,-0.00014237886600616998,0.0006611579624474543,282
all_features,xgb,2000,bar1600,1469,voldemand_all_open_and_close_active_ma_125,hurdle_active,hurdle_active,0.00036097882011016313,-0.00017312724288427758,0.0006537872783396648,283
all_features,xgb,2000,bar1600,1469,sumret2_ewstock_avail_ma_625,availability,availability,0.00035133059733670724,-5.667228753819981e-05,0.00063631288661234,284
all_features,xgb,2000,bar1600,1469,adj_sumret4_ewstock_ma_5,exog:market_ew,sumret4_ewstock,0.00034983619785395123,-4.647792682793539e-05,0.0006336063029676677,285
all_features,xgb,2000,bar1600,1469,adj_sumret4_vwstock_ma_5,exog:market_vw,sumret4_vwstock,0.0003490065698633794,5.585514714942668e-05,0.0006321037211103033,286
all_features,xgb,2000,bar1600,1469,sumret2_ewstock_avail_ma_3125,availability,availability,0.0003489790391907143,-9.76384347863572e-05,0.000632053858895265,287
all_features,xgb,2000,bar1600,1469,voldemand_spx_open_and_close_active_ma_3125,hurdle_active,hurdle_active,0.00034861286761313123,-2.861265117812135e-05,0.000631390666747204,288
all_features,xgb,2000,bar1600,1469,voldemand_all_open_only_active_ma_3125,hurdle_active,hurdle_active,0.00034612528255760104,-9.350141421473689e-05,0.0006268852737089166,289
all_features,xgb,2000,bar1600,1469,adj_sumret2_vwstock_ma_125,exog:market_vw,sumret2_vwstock,0.00034573129681441235,-1.0695079527118023e-05,0.0006261717058971948,290
all_features,xgb,2000,bar1600,1469,adj_sumret4_vwstock_ma_1,exog:market_vw,sumret4_vwstock,0.00034082781958636805,-3.6242766942752215e-05,0.0006172907664826738,291
all_features,xgb,2000,bar1600,1469,adj_sellturnover_vwstock_ma_625,exog:liquidity,sellturnover_vwstock,0.0003292421893382129,-8.61755495071442e-06,0.0005963074365868106,292
all_features,xgb,2000,bar1600,1469,adj_vix3m_ma_5,exog:implied_vol,vix3m,0.0003225408055385302,0.00010595298026712528,0.0005841702162530331,293
all_features,xgb,2000,bar1600,1469,adj_sumbipow_vwstock_ma_3125,exog:market_vw,sumbipow_vwstock,0.0003204243927658924,-5.794664256922176e-05,0.0005803370723969922,294
all_features,xgb,2000,bar1600,1469,har_ma_625_x_close,har_x_session,har_x_session,0.00031807611955384776,7.865651133098564e-06,0.0005760839941924812,295
all_features,xgb,2000,bar1600,1469,adj_voldemand_spx_open_only_ma_3125,exog:vol_demand,voldemand_spx_open_only,0.00031544006151276304,-6.602222314865416e-05,0.000571309694105567,296
all_features,xgb,2000,bar1600,1469,adj_sumbipow_ma_125,exog:moments,sumbipow,0.0003106032637306314,-6.015025382278616e-05,0.0005625495212597082,297
all_features,xgb,2000,bar1600,1469,voldemand_spx_open_only_active_ma_625,hurdle_active,hurdle_active,0.00029206244414790985,-1.7754186361955703e-05,0.0005289692907922393,298
all_features,xgb,2000,bar1600,1469,vvix_avail_ma_3125,availability,availability,0.0002903967953252498,-3.440896733736934e-05,0.0005259525486739503,299
all_features,xgb,2000,bar1600,1469,voldemand_spx_open_and_close_active_ma_625,hurdle_active,hurdle_active,0.0002888521345158249,6.693567632102008e-05,0.0005231549341594931,300
all_features,xgb,2000,bar1600,1469,voldemand_all_open_and_close_active_ma_625,hurdle_active,hurdle_active,0.0002785560266921734,2.1028179869549792e-05,0.0005045071245471104,301
all_features,xgb,2000,bar1600,1469,sumret3_vwstock_avail_ma_3125,availability,availability,0.00027570905790813517,8.660911684919335e-05,0.0004993508331827963,302
all_features,xgb,2000,bar1600,1469,adj_vix3m_ma_125,exog:implied_vol,vix3m,0.00024371042749410412,-3.8210712092706356e-05,0.0004413964704237797,303
all_features,xgb,2000,bar1600,1469,DOW_2,calendar,calendar,0.00024315586820686062,1.030283717188571e-05,0.0004403920796205347,304
all_features,xgb,2000,bar1600,1469,voldemand_all_open_only_active_ma_625,hurdle_active,hurdle_active,0.00024163894839195014,4.596988835889116e-05,0.0004376447082458175,305
all_features,xgb,2000,bar1600,1469,vix3m_avail_ma_3125,availability,availability,0.00022689885462532177,-3.439972263868634e-05,0.0004109481674814191,306
all_features,xgb,2000,bar1600,1469,voldemand_spx_open_only_avail_ma_3125,availability,availability,0.00021678219978889208,-4.679506403083121e-05,0.0003926253743895898,307
all_features,xgb,2000,bar1600,1469,vix_avail_ma_3125,availability,availability,0.00021510888745294386,-3.410118921712784e-05,0.00038959475248884256,308
all_features,xgb,2000,bar1600,1469,fomc_day_active_ma_625,hurdle_active,hurdle_active,0.00021140812481146117,2.530985055157273e-05,0.00038289211122468833,309
all_features,xgb,2000,bar1600,1469,sumret4_ewstock_avail_ma_3125,availability,availability,0.00017396614945636645,-4.409564376631201e-05,0.0003150790269124351,310
all_features,xgb,2000,bar1600,1469,vix_avail_ma_625,availability,availability,0.00017110866626049315,6.618312975735029e-05,0.00030990369235690303,311
all_features,xgb,2000,bar1600,1469,voldemand_spx_open_only_active_ma_125,hurdle_active,hurdle_active,0.00014944194892419204,0.0001202932522716218,0.00027066198794462715,312
all_features,xgb,2000,bar1600,1469,sumabsret_ewstock_avail_ma_625,availability,availability,0.00014714031038057533,-5.849225991815556e-06,0.0002664933721829223,313
all_features,xgb,2000,bar1600,1469,sumabsret_ewstock_avail_ma_3125,availability,availability,0.00014684589822558334,-1.1672720919820637e-05,0.00026596014721015637,314
all_features,xgb,2000,bar1600,1469,is_quarter_end,calendar,calendar,0.0001429692361330544,-3.056024418814481e-05,0.0002589389254173,315
all_features,xgb,2000,bar1600,1469,adj_fomc_day_ma_125,exog:fomc,fomc_day,0.0001300944080808677,4.657152419587578e-06,0.00023562066317476318,316
all_features,xgb,2000,bar1600,1469,fomc_release_active_ma_125,hurdle_active,hurdle_active,0.0001289464039465648,4.905105107265603e-05,0.0002335414539340118,317
all_features,xgb,2000,bar1600,1469,vix3m_avail_ma_625,availability,availability,0.0001236706219059341,-1.3846177213813081e-05,0.0002239862141545572,318
all_features,xgb,2000,bar1600,1469,DOW_0,calendar,calendar,0.00012196777066526256,4.950672304246322e-06,0.0002209020928265629,319
all_features,xgb,2000,bar1600,1469,voldemand_all_open_only_active_ma_125,hurdle_active,hurdle_active,0.00011720097705311435,6.297449059417726e-05,0.00021226870812786453,320
all_features,xgb,2000,bar1600,1469,voldemand_all_open_and_close_avail_ma_3125,availability,availability,0.00011412909517802569,-3.1911770539967024e-05,0.0002067050651144538,321
all_features,xgb,2000,bar1600,1469,sumret4_ewstock_avail_ma_625,availability,availability,0.00011248301301655429,-4.964774532542417e-06,0.00020372376118104455,322
all_features,xgb,2000,bar1600,1469,adj_numobs_ma_5,exog:liquidity,numobs,0.00010991143678368714,-6.541362054100477e-06,0.00019906624740830824,323
all_features,xgb,2000,bar1600,1469,fomc_release_active_ma_625,hurdle_active,hurdle_active,0.00010306281041739641,-2.1862624344116246e-06,0.00018666234850084316,324
all_features,xgb,2000,bar1600,1469,vvix_avail_ma_625,availability,availability,9.549535742338457e-05,4.9077114731489355e-06,0.00017295654577422206,325
all_features,xgb,2000,bar1600,1469,sumpret2_ewstock_avail_ma_625,availability,availability,9.396518844743555e-05,-3.371412589897038e-06,0.00017018517816356777,326
all_features,xgb,2000,bar1600,1469,stocktwits_sentiment_avail_ma_3125,availability,availability,9.180439479082302e-05,-3.693609228226296e-05,0.00016627165380948185,327
all_features,xgb,2000,bar1600,1469,spread_ewstock_avail_ma_3125,availability,availability,9.033904009598234e-05,-4.085170277234707e-05,0.00016361767467173145,328
all_features,xgb,2000,bar1600,1469,sumbipow_ewstock_avail_ma_3125,availability,availability,8.419116251405611e-05,-1.1337120033848909e-05,0.00015248293787297314,329
all_features,xgb,2000,bar1600,1469,sumret3_vwstock_avail_ma_625,availability,availability,8.147518709695341e-05,1.934680742825178e-05,0.0001475638953223794,330
all_features,xgb,2000,bar1600,1469,sumbipow_ewstock_avail_ma_625,availability,availability,8.036512786044361e-05,-1.4607784653795047e-05,0.0001455534100345942,331
all_features,xgb,2000,bar1600,1469,stocktwits_attention_avail_ma_3125,availability,availability,7.806657135876028e-05,-4.235745892545015e-05,0.0001413903763173061,332
all_features,xgb,2000,bar1600,1469,fomc_day_active_ma_125,hurdle_active,hurdle_active,7.149150096211552e-05,2.333880834078041e-05,0.00012948192867430532,333
all_features,xgb,2000,bar1600,1469,stocktwits_sentiment_avail_ma_625,availability,availability,6.801157236333633e-05,-6.27225724323772e-05,0.00012317925128531643,334
all_features,xgb,2000,bar1600,1469,voldemand_all_open_only_avail_ma_3125,availability,availability,6.684056027738334e-05,-2.593566560687266e-05,0.00012105837116181108,335
all_features,xgb,2000,bar1600,1469,is_opex_week,calendar,calendar,6.578408400406066e-05,-5.9067433621928475e-06,0.00011914493273028404,336
all_features,xgb,2000,bar1600,1469,voldemand_spx_open_and_close_avail_ma_625,availability,availability,6.533693536652112e-05,4.34420354258753e-06,0.000118335078870545,337
all_features,xgb,2000,bar1600,1469,effspread_ewstock_avail_ma_625,availability,availability,6.384400300828482e-05,-1.0705855278368254e-06,0.00011563115241043119,338
all_features,xgb,2000,bar1600,1469,DOW_1,calendar,calendar,6.174736648900775e-05,7.300656429722924e-07,0.00011183382634241597,339
all_features,xgb,2000,bar1600,1469,sumret3_ewstock_avail_ma_125,availability,availability,6.139311408493793e-05,-2.0818615008529407e-05,0.00011119222162158662,340
all_features,xgb,2000,bar1600,1469,sumpret2_ewstock_avail_ma_3125,availability,availability,5.892205285498914e-05,-2.1645576417394397e-05,0.00010671675573235285,341
all_features,xgb,2000,bar1600,1469,buyturnover_ewstock_avail_ma_625,availability,availability,5.5631648906769874e-05,-1.0449149924775228e-06,0.00010075733617059615,342
all_features,xgb,2000,bar1600,1469,DOW_3,calendar,calendar,5.479582056004851e-05,1.5391298505466874e-06,9.924352452980422e-05,343
all_features,xgb,2000,bar1600,1469,stocktwits_sentiment_avail_ma_125,availability,availability,5.30789128355997e-05,-4.010791588806166e-05,9.613394478220247e-05,344
all_features,xgb,2000,bar1600,1469,vix_avail_ma_125,availability,availability,5.190103905826916e-05,1.0271234089767289e-05,9.400063709707684e-05,345
all_features,xgb,2000,bar1600,1469,sellturnover_ewstock_avail_ma_625,availability,availability,4.756227724685713e-05,-1.0836828610129267e-06,8.614248277328171e-05,346
all_features,xgb,2000,bar1600,1469,buyturnover_ewstock_avail_ma_3125,availability,availability,4.585464903674701e-05,-6.920599080896497e-06,8.304970963062691e-05,347
all_features,xgb,2000,bar1600,1469,turnover_ewstock_avail_ma_625,availability,availability,4.47183089264629e-05,7.145961686668146e-06,8.099162570275515e-05,348
all_features,xgb,2000,bar1600,1469,spread_ewstock_avail_ma_625,availability,availability,4.430071783906078e-05,-1.0467617132931524e-05,8.023530503993008e-05,349
all_features,xgb,2000,bar1600,1469,sumret2_ewstock_avail_ma_125,availability,availability,4.180167824383973e-05,-2.64025179904053e-05,7.570916609658704e-05,350
all_features,xgb,2000,bar1600,1469,adj_fomc_day_ma_3125,exog:fomc,fomc_day,3.944641606895556e-05,-7.015673359097258e-06,7.14434298225753e-05,351
all_features,xgb,2000,bar1600,1469,fomc_release_active_ma_3125,hurdle_active,hurdle_active,3.380077123430502e-05,2.1967996440345913e-05,6.121831254341711e-05,352
all_features,xgb,2000,bar1600,1469,sellturnover_ewstock_avail_ma_3125,availability,availability,3.373578732408024e-05,-2.3761026274584798e-06,6.110061684650958e-05,353
all_features,xgb,2000,bar1600,1469,stocktwits_sentcount_avail_ma_3125,availability,availability,3.372273064951019e-05,-5.9070134840153446e-06,6.107696923270021e-05,354
all_features,xgb,2000,bar1600,1469,sumpret2_vwstock_avail_ma_625,availability,availability,3.315059822656191e-05,1.8223262225920264e-06,6.004075082095218e-05,355
all_features,xgb,2000,bar1600,1469,sumret2_vwstock_avail_ma_625,availability,availability,3.123724752864988e-05,-2.4488496879740808e-06,5.657538311623353e-05,356
all_features,xgb,2000,bar1600,1469,effspread_ewstock_avail_ma_3125,availability,availability,3.0089023778830836e-05,-1.1090018640572559e-05,5.449577611854302e-05,357
all_features,xgb,2000,bar1600,1469,voldemand_spx_open_only_active_ma_25,hurdle_active,hurdle_active,2.995057687494485e-05,2.1343826233523363e-05,5.4245027821292375e-05,358
all_features,xgb,2000,bar1600,1469,voldemand_spx_open_only_avail_ma_625,availability,availability,2.9169223316404304e-05,1.402943286874316e-06,5.282987826680234e-05,359
all_features,xgb,2000,bar1600,1469,numobs_active_ma_25,hurdle_active,hurdle_active,2.7731633382034835e-05,1.988332658566236e-05,5.0226185312536824e-05,360
all_features,xgb,2000,bar1600,1469,stocktwits_sentiment_avail_ma_25,availability,availability,2.6226222093387934e-05,-1.5075004469999678e-05,4.749965762072958e-05,361
all_features,xgb,2000,bar1600,1469,vvix_avail_ma_125,availability,availability,2.547674702163727e-05,1.594820180383428e-05,4.6142244830711165e-05,362
all_features,xgb,2000,bar1600,1469,turnover_vwstock_avail_ma_625,availability,availability,2.2708226630752342e-05,-6.084512657807808e-07,4.112803537977401e-05,363
all_features,xgb,2000,bar1600,1469,turnover_ewstock_avail_ma_3125,availability,availability,2.2568594359337844e-05,1.0919174564766446e-06,4.087514020252065e-05,364
all_features,xgb,2000,bar1600,1469,vix_avail_ma_25,availability,availability,2.2514000765190223e-05,2.89758321448673e-06,4.077626294063127e-05,365
all_features,xgb,2000,bar1600,1469,sumpret2_vwstock_avail_ma_3125,availability,availability,2.24157729091129e-05,-5.844810015205229e-06,4.05983574262237e-05,366
all_features,xgb,2000,bar1600,1469,voldemand_all_open_and_close_avail_ma_625,availability,availability,2.182595748432019e-05,-1.4425206234361e-06,3.953011242176528e-05,367
all_features,xgb,2000,bar1600,1469,spread_vwstock_avail_ma_3125,availability,availability,2.056090467239399e-05,-1.5137029761314043e-05,3.723891031020437e-05,368
all_features,xgb,2000,bar1600,1469,voldemand_spx_open_and_close_active_ma_25,hurdle_active,hurdle_active,2.0285435132376958e-05,1.715937724400837e-05,3.673999328017404e-05,369
all_features,xgb,2000,bar1600,1469,is_quad_witch,calendar,calendar,1.7813120168013337e-05,-5.179106831389814e-06,3.226225668815893e-05,370
all_features,xgb,2000,bar1600,1469,adj_numobs_ma_1,exog:liquidity,numobs,1.6991284214733597e-05,2.421519914558698e-06,3.0773787389676346e-05,371
all_features,xgb,2000,bar1600,1469,sumret4_vwstock_avail_ma_3125,availability,availability,1.6140290277637923e-05,3.7445747511067673e-06,2.9232508569363445e-05,372
all_features,xgb,2000,bar1600,1469,sumret3_ewstock_avail_ma_25,availability,availability,1.6076105741351642e-05,-3.282723518629318e-06,2.911626065964593e-05,373
all_features,xgb,2000,bar1600,1469,stocktwits_attention_avail_ma_625,availability,availability,1.4681165024870985e-05,-9.134800269692325e-06,2.658981189405146e-05,374
all_features,xgb,2000,bar1600,1469,voldemand_all_open_only_avail_ma_625,availability,availability,1.4385446228938164e-05,4.017707912225268e-06,2.605422039677802e-05,375
all_features,xgb,2000,bar1600,1469,sumret2_ewstock_avail_ma_25,availability,availability,1.3998003399040612e-05,-1.276986869304185e-05,2.535250279131398e-05,376
all_features,xgb,2000,bar1600,1469,fomc_day_active_ma_3125,hurdle_active,hurdle_active,1.3471896381549672e-05,3.4419164164150206e-06,2.4399643354918708e-05,377
all_features,xgb,2000,bar1600,1469,stocktwits_sentcount_avail_ma_625,availability,availability,1.2597270417643706e-05,-1.0542256661341038e-05,2.281556335728123e-05,378
all_features,xgb,2000,bar1600,1469,sumret2_vwstock_avail_ma_3125,availability,availability,1.2517234930877104e-05,-7.027901135934467e-06,2.2670606977159653e-05,379
all_features,xgb,2000,bar1600,1469,sellturnover_vwstock_avail_ma_3125,availability,availability,1.2106299709743527e-05,-9.132575624369366e-06,2.1926341095530255e-05,380
all_features,xgb,2000,bar1600,1469,buyturnover_vwstock_avail_ma_625,availability,availability,1.2082901398654849e-05,-1.4918563248158486e-06,2.1883963212751032e-05,381
all_features,xgb,2000,bar1600,1469,ofi_ewstock_avail_ma_625,availability,availability,1.104518498279511e-05,-3.401295766998324e-06,2.000450172244453e-05,382
all_features,xgb,2000,bar1600,1469,sumret3_vwstock_avail_ma_125,availability,availability,1.0331240183691166e-05,-1.7871156200942156e-06,1.8711439633792127e-05,383
all_features,xgb,2000,bar1600,1469,is_rebalance_close,calendar,calendar,1.0315375665357398e-05,-2.2064745860469437e-06,1.8682706589951942e-05,384
all_features,xgb,2000,bar1600,1469,sumret4_vwstock_avail_ma_625,availability,availability,1.0285112682355443e-05,1.2045324701316521e-06,1.8627895747351123e-05,385
all_features,xgb,2000,bar1600,1469,vix3m_avail_ma_125,availability,availability,1.0121924418143113e-05,-5.575216370186352e-06,1.8332337101877703e-05,386
all_features,xgb,2000,bar1600,1469,sumret4_ewstock_avail_ma_125,availability,availability,8.963270368944257e-06,-7.325741477377619e-06,1.6233839253356354e-05,387
all_features,xgb,2000,bar1600,1469,stocktwits_sentcount_avail_ma_125,availability,availability,8.579763306014467e-06,-1.3935167954309087e-06,1.5539249917559898e-05,388
all_features,xgb,2000,bar1600,1469,ofi_ewstock_avail_ma_3125,availability,availability,8.462481430316138e-06,5.478447268425675e-07,1.532683468974132e-05,389
all_features,xgb,2000,bar1600,1469,sumbipow_vwstock_avail_ma_3125,availability,availability,7.79862117787634e-06,-4.587831591699897e-06,1.4124483295529211e-05,390
all_features,xgb,2000,bar1600,1469,spread_vwstock_avail_ma_625,availability,availability,7.72179707801895e-06,-2.5780147448710055e-06,1.3985343223152306e-05,391
all_features,xgb,2000,bar1600,1469,adj_fomc_day_ma_1,exog:fomc,fomc_day,6.986901337132711e-06,2.3116329182419255e-06,1.2654335807950499e-05,392
all_features,xgb,2000,bar1600,1469,fomc_release_avail_ma_5,availability,availability,6.759405555171858e-06,-6.759405555171858e-06,1.2242306514717867e-05,393
all_features,xgb,2000,bar1600,1469,sumabsret_vwstock_avail_ma_3125,availability,availability,5.7101001963078804e-06,-1.2002530491358834e-06,1.034185569461284e-05,394
all_features,xgb,2000,bar1600,1469,stocktwits_attention_avail_ma_125,availability,availability,5.6702184106511625e-06,5.6702184106511625e-06,1.0269623744572463e-05,395
all_features,xgb,2000,bar1600,1469,voldemand_all_open_and_close_active_ma_25,hurdle_active,hurdle_active,5.2455970030736966e-06,4.712160936292747e-06,9.500570107851871e-06,396
all_features,xgb,2000,bar1600,1469,sumbipow_vwstock_avail_ma_625,availability,availability,4.9431425612270725e-06,-9.99305893032007e-08,8.95277933637032e-06,397
all_features,xgb,2000,bar1600,1469,adj_fomc_day_ma_25,exog:fomc,fomc_day,4.874088612794316e-06,2.0244190400999356e-06,8.827712184256849e-06,398
all_features,xgb,2000,bar1600,1469,spread_ewstock_avail_ma_125,availability,availability,4.534327480516449e-06,-3.7880049965888326e-06,8.212353349935876e-06,399
all_features,xgb,2000,bar1600,1469,stocktwits_sentcount_avail_ma_25,availability,availability,4.372602275784205e-06,-8.923335582294186e-07,7.919444526618899e-06,400
all_features,xgb,2000,bar1600,1469,sumabsret_ewstock_avail_ma_125,availability,availability,4.121322189457851e-06,-2.514928584753051e-06,7.4643382583615885e-06,401
all_features,xgb,2000,bar1600,1469,turnover_vwstock_avail_ma_3125,availability,availability,3.740606955716585e-06,-1.957440071973355e-06,6.774805347776446e-06,402
all_features,xgb,2000,bar1600,1469,fomc_day_active_ma_5,hurdle_active,hurdle_active,3.68567951467526e-06,-9.648308606940044e-08,6.675323438633935e-06,403
all_features,xgb,2000,bar1600,1469,ofi_vwstock_avail_ma_625,availability,availability,3.6437442650395474e-06,1.0558140043089833e-06,6.599372354530274e-06,404
all_features,xgb,2000,bar1600,1469,voldemand_all_open_only_avail_ma_125,availability,availability,3.431280864388323e-06,-3.393650281036729e-06,6.2145689790409235e-06,405
all_features,xgb,2000,bar1600,1469,sumabsret_vwstock_avail_ma_625,availability,availability,3.4063347562245067e-06,-9.017529466639256e-07,6.169387801495352e-06,406
all_features,xgb,2000,bar1600,1469,sellturnover_ewstock_avail_ma_125,availability,availability,3.3249840671748423e-06,2.1756451950495253e-06,6.022049390979729e-06,407
all_features,xgb,2000,bar1600,1469,voldemand_all_open_and_close_avail_ma_125,availability,availability,3.3232528174940526e-06,-3.1250118686215557e-06,6.0189138357785e-06,408
all_features,xgb,2000,bar1600,1469,ofi_ewstock_avail_ma_25,availability,availability,3.3129227842555974e-06,-3.3129227842555974e-06,6.0002045821052045e-06,409
all_features,xgb,2000,bar1600,1469,fomc_release_active_ma_5,hurdle_active,hurdle_active,3.1073649486499627e-06,-5.33751153295578e-07,5.627908230089353e-06,410
all_features,xgb,2000,bar1600,1469,ofi_vwstock_avail_ma_3125,availability,availability,3.0772366137382787e-06,-1.387242564912522e-06,5.573341255559367e-06,411
all_features,xgb,2000,bar1600,1469,buyturnover_ewstock_avail_ma_125,availability,availability,2.8897047198830284e-06,1.2951220689967078e-06,5.2336926123284695e-06,412
all_features,xgb,2000,bar1600,1469,sumret3_vwstock_avail_ma_25,availability,availability,2.8455130503819e-06,1.4643659780097118e-06,5.153654810333295e-06,413
all_features,xgb,2000,bar1600,1469,vix3m_avail_ma_1,availability,availability,2.8226326689361216e-06,-2.8226326689361216e-06,5.112214976527413e-06,414
all_features,xgb,2000,bar1600,1469,buyturnover_vwstock_avail_ma_3125,availability,availability,2.761544907002412e-06,-1.8913963452507988e-06,5.001575793867575e-06,415
all_features,xgb,2000,bar1600,1469,sumpret2_ewstock_avail_ma_125,availability,availability,2.7386566397995386e-06,-2.622822869563694e-06,4.960121677762062e-06,416
all_features,xgb,2000,bar1600,1469,fomc_release_active_ma_25,hurdle_active,hurdle_active,2.720498400699315e-06,-1.728823172994054e-06,4.927234358452987e-06,417
all_features,xgb,2000,bar1600,1469,sumret4_ewstock_avail_ma_25,availability,availability,2.467450620679549e-06,-2.467450620679549e-06,4.46892652937169e-06,418
all_features,xgb,2000,bar1600,1469,sumbipow_ewstock_avail_ma_125,availability,availability,2.447108923511771e-06,-4.458796075556559e-07,4.432084637029993e-06,419
all_features,xgb,2000,bar1600,1469,is_opex,calendar,calendar,2.416962676770591e-06,-3.5534539453430667e-07,4.377485221465786e-06,420
all_features,xgb,2000,bar1600,1469,turnover_ewstock_avail_ma_125,availability,availability,2.0102092059349915e-06,-2.993877940658902e-07,3.6407931225452383e-06,421
all_features,xgb,2000,bar1600,1469,voldemand_spx_open_and_close_avail_ma_125,availability,availability,1.9987881383017205e-06,-2.470007998741987e-07,3.6201078404519267e-06,422
all_features,xgb,2000,bar1600,1469,vvix_avail_ma_25,availability,availability,1.8757259652583173e-06,1.8748572217447634e-06,3.397223619277793e-06,423
all_features,xgb,2000,bar1600,1469,adj_fomc_day_ma_5,exog:fomc,fomc_day,1.747044083047041e-06,8.645763981857166e-07,3.1641612542424682e-06,424
all_features,xgb,2000,bar1600,1469,vix3m_avail_ma_25,availability,availability,1.5255251286606117e-06,-1.1955429779101684e-06,2.762956900356127e-06,425
all_features,xgb,2000,bar1600,1469,sumabsret_ewstock_avail_ma_25,availability,availability,1.523061062339988e-06,-6.143067350695569e-07,2.7584941033063793e-06,426
all_features,xgb,2000,bar1600,1469,stocktwits_sentiment_avail_ma_5,availability,availability,9.974413039461978e-07,-5.969504111344193e-07,1.8065171668840277e-06,427
all_features,xgb,2000,bar1600,1469,ofi_vwstock_avail_ma_25,availability,availability,9.504297494693673e-07,-9.504297494693673e-07,1.7213721264006439e-06,428
all_features,xgb,2000,bar1600,1469,effspread_vwstock_avail_ma_3125,availability,availability,7.226938697733106e-07,8.98965279156611e-08,1.308907979830117e-06,429
all_features,xgb,2000,bar1600,1469,voldemand_spx_open_only_avail_ma_125,availability,availability,7.005406173073566e-07,-6.21342506524903e-07,1.2687850866596326e-06,430
all_features,xgb,2000,bar1600,1469,fomc_day_active_ma_1,hurdle_active,hurdle_active,6.738851029394795e-07,-3.4223655358412087e-07,1.2205079157552572e-06,431
all_features,xgb,2000,bar1600,1469,vvix_avail_ma_1,availability,availability,6.717141113805014e-07,6.717141113805014e-07,1.216575921456507e-06,432
all_features,xgb,2000,bar1600,1469,sumret4_vwstock_avail_ma_125,availability,availability,6.48193498483781e-07,-6.48193498483781e-07,1.1739765315922075e-06,433
all_features,xgb,2000,bar1600,1469,sumret2_vwstock_avail_ma_125,availability,availability,4.892703730196465e-07,-4.892703730196465e-07,8.861426979320476e-07,434
all_features,xgb,2000,bar1600,1469,ofi_ewstock_avail_ma_125,availability,availability,4.3160035560975646e-07,-2.9732381785622097e-07,7.81693567889718e-07,435
all_features,xgb,2000,bar1600,1469,sumbipow_ewstock_avail_ma_25,availability,availability,4.290467548776317e-07,-4.290467548776317e-07,7.770686104694668e-07,436
all_features,xgb,2000,bar1600,1469,turnover_ewstock_avail_ma_25,availability,availability,3.643243747476141e-07,-3.643243747476141e-07,6.59846584146826e-07,437
all_features,xgb,2000,bar1600,1469,effspread_ewstock_avail_ma_125,availability,availability,3.552450295264206e-07,-1.6496563227641767e-07,6.434025157678035e-07,438
all_features,xgb,2000,bar1600,1469,vvix_avail_ma_5,availability,availability,3.351411124040503e-07,3.351411124040503e-07,6.069912790769931e-07,439
all_features,xgb,2000,bar1600,1469,effspread_vwstock_avail_ma_125,availability,availability,2.379330042760738e-07,-2.379330042760738e-07,4.3093268254730626e-07,440
all_features,xgb,2000,bar1600,1469,sumpret2_vwstock_avail_ma_125,availability,availability,2.361894589748964e-07,-4.5716973956594455e-08,4.277748581165798e-07,441
all_features,xgb,2000,bar1600,1469,sumabsret_vwstock_avail_ma_125,availability,availability,2.2688404503908852e-07,-2.2688404503908852e-07,4.1092134507927973e-07,442
all_features,xgb,2000,bar1600,1469,sumbipow_vwstock_avail_ma_125,availability,availability,1.7871878099688972e-07,-3.759752656245976e-08,3.236867619559529e-07,443
all_features,xgb,2000,bar1600,1469,buyturnover_ewstock_avail_ma_25,availability,availability,1.704412672621622e-07,-1.704412672621622e-07,3.0869493175828326e-07,444
all_features,xgb,2000,bar1600,1469,stocktwits_sentcount_avail_ma_5,availability,availability,1.0759624547868003e-07,-9.439335916218838e-08,1.9487308554447833e-07,445
all_features,xgb,2000,bar1600,1469,stocktwits_attention_avail_ma_25,availability,availability,1.049906803716903e-07,1.049906803716903e-07,1.9015401277639806e-07,446
all_features,xgb,2000,bar1600,1469,voldemand_all_open_only_active_ma_25,hurdle_active,hurdle_active,3.106254125470664e-08,-2.4042416018118718e-08,5.6258963611855526e-08,447
all_features,xgb,2000,bar1600,1469,stocktwits_sentiment_avail_ma_1,availability,availability,2.4851592533337578e-09,-2.4851592533337578e-09,4.500999543357881e-09,448
all_features,xgb,2000,bar1600,1469,har_ma_3125_x_open,har_x_session,har_x_session,0.0,0.0,0.0,449
all_features,xgb,2000,bar1600,1469,har_ma_625_x_open,har_x_session,har_x_session,0.0,0.0,0.0,449
all_features,xgb,2000,bar1600,1469,har_ma_125_x_open,har_x_session,har_x_session,0.0,0.0,0.0,449
all_features,xgb,2000,bar1600,1469,har_ma_25_x_open,har_x_session,har_x_session,0.0,0.0,0.0,449
all_features,xgb,2000,bar1600,1469,har_ma_5_x_open,har_x_session,har_x_session,0.0,0.0,0.0,449
all_features,xgb,2000,bar1600,1469,har_ma_1_x_open,har_x_session,har_x_session,0.0,0.0,0.0,449
all_features,xgb,2000,bar1600,1469,turnover_vwstock_avail_ma_125,availability,availability,0.0,0.0,0.0,449
all_features,xgb,2000,bar1600,1469,turnover_vwstock_avail_ma_25,availability,availability,0.0,0.0,0.0,449
all_features,xgb,2000,bar1600,1469,turnover_vwstock_avail_ma_5,availability,availability,0.0,0.0,0.0,449
all_features,xgb,2000,bar1600,1469,turnover_vwstock_avail_ma_1,availability,availability,0.0,0.0,0.0,449
all_features,xgb,2000,bar1600,1469,sumpret2_vwstock_avail_ma_25,availability,availability,0.0,0.0,0.0,449
all_features,xgb,2000,bar1600,1469,sumpret2_vwstock_avail_ma_5,availability,availability,0.0,0.0,0.0,449
all_features,xgb,2000,bar1600,1469,sumpret2_vwstock_avail_ma_1,availability,availability,0.0,0.0,0.0,449
all_features,xgb,2000,bar1600,1469,sumbipow_vwstock_avail_ma_25,availability,availability,0.0,0.0,0.0,449
all_features,xgb,2000,bar1600,1469,sumbipow_vwstock_avail_ma_5,availability,availability,0.0,0.0,0.0,449
all_features,xgb,2000,bar1600,1469,sumbipow_vwstock_avail_ma_1,availability,availability,0.0,0.0,0.0,449
all_features,xgb,2000,bar1600,1469,effspread_vwstock_avail_ma_5,availability,availability,0.0,0.0,0.0,449
all_features,xgb,2000,bar1600,1469,effspread_vwstock_avail_ma_1,availability,availability,0.0,0.0,0.0,449
all_features,xgb,2000,bar1600,1469,sellturnover_vwstock_avail_ma_625,availability,availability,0.0,0.0,0.0,449
all_features,xgb,2000,bar1600,1469,sellturnover_vwstock_avail_ma_125,availability,availability,0.0,0.0,0.0,449
all_features,xgb,2000,bar1600,1469,sellturnover_vwstock_avail_ma_25,availability,availability,0.0,0.0,0.0,449
all_features,xgb,2000,bar1600,1469,sellturnover_vwstock_avail_ma_5,availability,availability,0.0,0.0,0.0,449
all_features,xgb,2000,bar1600,1469,sellturnover_vwstock_avail_ma_1,availability,availability,0.0,0.0,0.0,449
all_features,xgb,2000,bar1600,1469,buyturnover_vwstock_avail_ma_125,availability,availability,0.0,0.0,0.0,449
all_features,xgb,2000,bar1600,1469,buyturnover_vwstock_avail_ma_25,availability,availability,0.0,0.0,0.0,449
all_features,xgb,2000,bar1600,1469,buyturnover_vwstock_avail_ma_5,availability,availability,0.0,0.0,0.0,449
all_features,xgb,2000,bar1600,1469,buyturnover_vwstock_avail_ma_1,availability,availability,0.0,0.0,0.0,449
all_features,xgb,2000,bar1600,1469,sumabsret_vwstock_avail_ma_25,availability,availability,0.0,0.0,0.0,449
all_features,xgb,2000,bar1600,1469,sumabsret_vwstock_avail_ma_5,availability,availability,0.0,0.0,0.0,449
all_features,xgb,2000,bar1600,1469,sumabsret_vwstock_avail_ma_1,availability,availability,0.0,0.0,0.0,449
all_features,xgb,2000,bar1600,1469,sumret4_vwstock_avail_ma_25,availability,availability,0.0,0.0,0.0,449
all_features,xgb,2000,bar1600,1469,sumret4_vwstock_avail_ma_5,availability,availability,0.0,0.0,0.0,449
all_features,xgb,2000,bar1600,1469,sumret4_vwstock_avail_ma_1,availability,availability,0.0,0.0,0.0,449
all_features,xgb,2000,bar1600,1469,stocktwits_attention_avail_ma_5,availability,availability,0.0,0.0,0.0,449
all_features,xgb,2000,bar1600,1469,stocktwits_attention_avail_ma_1,availability,availability,0.0,0.0,0.0,449
all_features,xgb,2000,bar1600,1469,spread_vwstock_avail_ma_125,availability,availability,0.0,0.0,0.0,449
all_features,xgb,2000,bar1600,1469,spread_vwstock_avail_ma_25,availability,availability,0.0,0.0,0.0,449
all_features,xgb,2000,bar1600,1469,spread_vwstock_avail_ma_5,availability,availability,0.0,0.0,0.0,449
all_features,xgb,2000,bar1600,1469,spread_vwstock_avail_ma_1,availability,availability,0.0,0.0,0.0,449
all_features,xgb,2000,bar1600,1469,effspread_vwstock_avail_ma_625,availability,availability,0.0,0.0,0.0,449
all_features,xgb,2000,bar1600,1469,effspread_vwstock_avail_ma_25,availability,availability,0.0,0.0,0.0,449
all_features,xgb,2000,bar1600,1469,sumret3_vwstock_avail_ma_5,availability,availability,0.0,0.0,0.0,449
all_features,xgb,2000,bar1600,1469,sumret3_vwstock_avail_ma_1,availability,availability,0.0,0.0,0.0,449
all_features,xgb,2000,bar1600,1469,sumret2_vwstock_avail_ma_25,availability,availability,0.0,0.0,0.0,449
all_features,xgb,2000,bar1600,1469,sumret2_vwstock_avail_ma_5,availability,availability,0.0,0.0,0.0,449
all_features,xgb,2000,bar1600,1469,sumret2_vwstock_avail_ma_1,availability,availability,0.0,0.0,0.0,449
all_features,xgb,2000,bar1600,1469,spread_ewstock_avail_ma_25,availability,availability,0.0,0.0,0.0,449
all_features,xgb,2000,bar1600,1469,spread_ewstock_avail_ma_5,availability,availability,0.0,0.0,0.0,449
all_features,xgb,2000,bar1600,1469,spread_ewstock_avail_ma_1,availability,availability,0.0,0.0,0.0,449
all_features,xgb,2000,bar1600,1469,effspread_ewstock_avail_ma_25,availability,availability,0.0,0.0,0.0,449
all_features,xgb,2000,bar1600,1469,effspread_ewstock_avail_ma_5,availability,availability,0.0,0.0,0.0,449
all_features,xgb,2000,bar1600,1469,effspread_ewstock_avail_ma_1,availability,availability,0.0,0.0,0.0,449
all_features,xgb,2000,bar1600,1469,sellturnover_ewstock_avail_ma_25,availability,availability,0.0,0.0,0.0,449
all_features,xgb,2000,bar1600,1469,sellturnover_ewstock_avail_ma_5,availability,availability,0.0,0.0,0.0,449
all_features,xgb,2000,bar1600,1469,sellturnover_ewstock_avail_ma_1,availability,availability,0.0,0.0,0.0,449
all_features,xgb,2000,bar1600,1469,buyturnover_ewstock_avail_ma_5,availability,availability,0.0,0.0,0.0,449
all_features,xgb,2000,bar1600,1469,buyturnover_ewstock_avail_ma_1,availability,availability,0.0,0.0,0.0,449
all_features,xgb,2000,bar1600,1469,vix_avail_ma_5,availability,availability,0.0,0.0,0.0,449
all_features,xgb,2000,bar1600,1469,vix_avail_ma_1,availability,availability,0.0,0.0,0.0,449
all_features,xgb,2000,bar1600,1469,stocktwits_sentcount_avail_ma_1,availability,availability,0.0,0.0,0.0,449
all_features,xgb,2000,bar1600,1469,turnover_ewstock_avail_ma_5,availability,availability,0.0,0.0,0.0,449
all_features,xgb,2000,bar1600,1469,turnover_ewstock_avail_ma_1,availability,availability,0.0,0.0,0.0,449
all_features,xgb,2000,bar1600,1469,sumpret2_ewstock_avail_ma_25,availability,availability,0.0,0.0,0.0,449
all_features,xgb,2000,bar1600,1469,sumpret2_ewstock_avail_ma_5,availability,availability,0.0,0.0,0.0,449
all_features,xgb,2000,bar1600,1469,sumpret2_ewstock_avail_ma_1,availability,availability,0.0,0.0,0.0,449
all_features,xgb,2000,bar1600,1469,sumbipow_ewstock_avail_ma_5,availability,availability,0.0,0.0,0.0,449
all_features,xgb,2000,bar1600,1469,sumbipow_ewstock_avail_ma_1,availability,availability,0.0,0.0,0.0,449
all_features,xgb,2000,bar1600,1469,sumabsret_ewstock_avail_ma_5,availability,availability,0.0,0.0,0.0,449
all_features,xgb,2000,bar1600,1469,sumabsret_ewstock_avail_ma_1,availability,availability,0.0,0.0,0.0,449
all_features,xgb,2000,bar1600,1469,sumret4_ewstock_avail_ma_5,availability,availability,0.0,0.0,0.0,449
all_features,xgb,2000,bar1600,1469,sumret4_ewstock_avail_ma_1,availability,availability,0.0,0.0,0.0,449
all_features,xgb,2000,bar1600,1469,voldemand_spx_open_and_close_avail_ma_5,availability,availability,0.0,0.0,0.0,449
all_features,xgb,2000,bar1600,1469,voldemand_spx_open_and_close_avail_ma_1,availability,availability,0.0,0.0,0.0,449
all_features,xgb,2000,bar1600,1469,vix3m_avail_ma_5,availability,availability,0.0,0.0,0.0,449
all_features,xgb,2000,bar1600,1469,sumret3_ewstock_avail_ma_5,availability,availability,0.0,0.0,0.0,449
all_features,xgb,2000,bar1600,1469,sumret3_ewstock_avail_ma_1,availability,availability,0.0,0.0,0.0,449
all_features,xgb,2000,bar1600,1469,sumret2_ewstock_avail_ma_5,availability,availability,0.0,0.0,0.0,449
all_features,xgb,2000,bar1600,1469,sumret2_ewstock_avail_ma_1,availability,availability,0.0,0.0,0.0,449
all_features,xgb,2000,bar1600,1469,numobs_avail_ma_3125,availability,availability,0.0,0.0,0.0,449
all_features,xgb,2000,bar1600,1469,numobs_avail_ma_625,availability,availability,0.0,0.0,0.0,449
all_features,xgb,2000,bar1600,1469,numobs_avail_ma_125,availability,availability,0.0,0.0,0.0,449
all_features,xgb,2000,bar1600,1469,numobs_avail_ma_25,availability,availability,0.0,0.0,0.0,449
all_features,xgb,2000,bar1600,1469,numobs_avail_ma_5,availability,availability,0.0,0.0,0.0,449
all_features,xgb,2000,bar1600,1469,numobs_avail_ma_1,availability,availability,0.0,0.0,0.0,449
all_features,xgb,2000,bar1600,1469,voldemand_all_open_and_close_avail_ma_25,availability,availability,0.0,0.0,0.0,449
all_features,xgb,2000,bar1600,1469,voldemand_all_open_and_close_avail_ma_5,availability,availability,0.0,0.0,0.0,449
all_features,xgb,2000,bar1600,1469,voldemand_all_open_and_close_avail_ma_1,availability,availability,0.0,0.0,0.0,449
all_features,xgb,2000,bar1600,1469,voldemand_spx_open_only_avail_ma_25,availability,availability,0.0,0.0,0.0,449
all_features,xgb,2000,bar1600,1469,voldemand_spx_open_only_avail_ma_5,availability,availability,0.0,0.0,0.0,449
all_features,xgb,2000,bar1600,1469,voldemand_spx_open_only_avail_ma_1,availability,availability,0.0,0.0,0.0,449
all_features,xgb,2000,bar1600,1469,voldemand_spx_open_and_close_avail_ma_25,availability,availability,0.0,0.0,0.0,449
all_features,xgb,2000,bar1600,1469,ofi_vwstock_avail_ma_125,availability,availability,0.0,0.0,0.0,449
all_features,xgb,2000,bar1600,1469,ofi_vwstock_avail_ma_5,availability,availability,0.0,0.0,0.0,449
all_features,xgb,2000,bar1600,1469,ofi_vwstock_avail_ma_1,availability,availability,0.0,0.0,0.0,449
all_features,xgb,2000,bar1600,1469,ofi_ewstock_avail_ma_5,availability,availability,0.0,0.0,0.0,449
all_features,xgb,2000,bar1600,1469,ofi_ewstock_avail_ma_1,availability,availability,0.0,0.0,0.0,449
all_features,xgb,2000,bar1600,1469,voldemand_all_open_only_avail_ma_25,availability,availability,0.0,0.0,0.0,449
all_features,xgb,2000,bar1600,1469,voldemand_all_open_only_avail_ma_5,availability,availability,0.0,0.0,0.0,449
all_features,xgb,2000,bar1600,1469,voldemand_all_open_only_avail_ma_1,availability,availability,0.0,0.0,0.0,449
all_features,xgb,2000,bar1600,1469,fomc_until_inv_avail_ma_5,availability,availability,0.0,0.0,0.0,449
all_features,xgb,2000,bar1600,1469,fomc_until_inv_avail_ma_1,availability,availability,0.0,0.0,0.0,449
all_features,xgb,2000,bar1600,1469,fomc_day_avail_ma_3125,availability,availability,0.0,0.0,0.0,449
all_features,xgb,2000,bar1600,1469,fomc_day_avail_ma_625,availability,availability,0.0,0.0,0.0,449
all_features,xgb,2000,bar1600,1469,fomc_day_avail_ma_125,availability,availability,0.0,0.0,0.0,449
all_features,xgb,2000,bar1600,1469,fomc_day_avail_ma_25,availability,availability,0.0,0.0,0.0,449
all_features,xgb,2000,bar1600,1469,fomc_day_avail_ma_5,availability,availability,0.0,0.0,0.0,449
all_features,xgb,2000,bar1600,1469,fomc_day_avail_ma_1,availability,availability,0.0,0.0,0.0,449
all_features,xgb,2000,bar1600,1469,fomc_release_avail_ma_3125,availability,availability,0.0,0.0,0.0,449
all_features,xgb,2000,bar1600,1469,fomc_release_avail_ma_625,availability,availability,0.0,0.0,0.0,449
all_features,xgb,2000,bar1600,1469,fomc_release_avail_ma_125,availability,availability,0.0,0.0,0.0,449
all_features,xgb,2000,bar1600,1469,fomc_release_avail_ma_25,availability,availability,0.0,0.0,0.0,449
all_features,xgb,2000,bar1600,1469,fomc_release_avail_ma_1,availability,availability,0.0,0.0,0.0,449
all_features,xgb,2000,bar1600,1469,sumvolume_avail_ma_3125,availability,availability,0.0,0.0,0.0,449
all_features,xgb,2000,bar1600,1469,sumvolume_avail_ma_625,availability,availability,0.0,0.0,0.0,449
all_features,xgb,2000,bar1600,1469,sumvolume_avail_ma_125,availability,availability,0.0,0.0,0.0,449
all_features,xgb,2000,bar1600,1469,sumvolume_avail_ma_25,availability,availability,0.0,0.0,0.0,449
all_features,xgb,2000,bar1600,1469,sumvolume_avail_ma_5,availability,availability,0.0,0.0,0.0,449
all_features,xgb,2000,bar1600,1469,sumvolume_avail_ma_1,availability,availability,0.0,0.0,0.0,449
all_features,xgb,2000,bar1600,1469,sumautocov_avail_ma_3125,availability,availability,0.0,0.0,0.0,449
all_features,xgb,2000,bar1600,1469,sumautocov_avail_ma_625,availability,availability,0.0,0.0,0.0,449
all_features,xgb,2000,bar1600,1469,sumautocov_avail_ma_125,availability,availability,0.0,0.0,0.0,449
all_features,xgb,2000,bar1600,1469,sumautocov_avail_ma_25,availability,availability,0.0,0.0,0.0,449
all_features,xgb,2000,bar1600,1469,sumautocov_avail_ma_5,availability,availability,0.0,0.0,0.0,449
all_features,xgb,2000,bar1600,1469,sumautocov_avail_ma_1,availability,availability,0.0,0.0,0.0,449
all_features,xgb,2000,bar1600,1469,sumbipow_avail_ma_3125,availability,availability,0.0,0.0,0.0,449
all_features,xgb,2000,bar1600,1469,sumbipow_avail_ma_625,availability,availability,0.0,0.0,0.0,449
all_features,xgb,2000,bar1600,1469,sumbipow_avail_ma_125,availability,availability,0.0,0.0,0.0,449
all_features,xgb,2000,bar1600,1469,sumbipow_avail_ma_25,availability,availability,0.0,0.0,0.0,449
all_features,xgb,2000,bar1600,1469,numobs_active_ma_5,hurdle_active,hurdle_active,0.0,0.0,0.0,449
all_features,xgb,2000,bar1600,1469,numobs_active_ma_1,hurdle_active,hurdle_active,0.0,0.0,0.0,449
all_features,xgb,2000,bar1600,1469,fomc_since_inv_avail_ma_3125,availability,availability,0.0,0.0,0.0,449
all_features,xgb,2000,bar1600,1469,fomc_since_inv_avail_ma_625,availability,availability,0.0,0.0,0.0,449
all_features,xgb,2000,bar1600,1469,fomc_since_inv_avail_ma_125,availability,availability,0.0,0.0,0.0,449
all_features,xgb,2000,bar1600,1469,fomc_since_inv_avail_ma_25,availability,availability,0.0,0.0,0.0,449
all_features,xgb,2000,bar1600,1469,fomc_since_inv_avail_ma_5,availability,availability,0.0,0.0,0.0,449
all_features,xgb,2000,bar1600,1469,fomc_since_inv_avail_ma_1,availability,availability,0.0,0.0,0.0,449
all_features,xgb,2000,bar1600,1469,fomc_until_inv_avail_ma_3125,availability,availability,0.0,0.0,0.0,449
all_features,xgb,2000,bar1600,1469,fomc_until_inv_avail_ma_625,availability,availability,0.0,0.0,0.0,449
all_features,xgb,2000,bar1600,1469,fomc_until_inv_avail_ma_125,availability,availability,0.0,0.0,0.0,449
all_features,xgb,2000,bar1600,1469,fomc_until_inv_avail_ma_25,availability,availability,0.0,0.0,0.0,449
all_features,xgb,2000,bar1600,1469,voldemand_all_open_and_close_active_ma_5,hurdle_active,hurdle_active,0.0,0.0,0.0,449
all_features,xgb,2000,bar1600,1469,voldemand_all_open_and_close_active_ma_1,hurdle_active,hurdle_active,0.0,0.0,0.0,449
all_features,xgb,2000,bar1600,1469,voldemand_spx_open_only_active_ma_5,hurdle_active,hurdle_active,0.0,0.0,0.0,449
all_features,xgb,2000,bar1600,1469,voldemand_spx_open_only_active_ma_1,hurdle_active,hurdle_active,0.0,0.0,0.0,449
all_features,xgb,2000,bar1600,1469,voldemand_spx_open_and_close_active_ma_5,hurdle_active,hurdle_active,0.0,0.0,0.0,449
all_features,xgb,2000,bar1600,1469,voldemand_spx_open_and_close_active_ma_1,hurdle_active,hurdle_active,0.0,0.0,0.0,449
all_features,xgb,2000,bar1600,1469,sumbipow_avail_ma_5,availability,availability,0.0,0.0,0.0,449
all_features,xgb,2000,bar1600,1469,sumbipow_avail_ma_1,availability,availability,0.0,0.0,0.0,449
all_features,xgb,2000,bar1600,1469,sumpret2_avail_ma_3125,availability,availability,0.0,0.0,0.0,449
all_features,xgb,2000,bar1600,1469,sumpret2_avail_ma_625,availability,availability,0.0,0.0,0.0,449
all_features,xgb,2000,bar1600,1469,sumpret2_avail_ma_125,availability,availability,0.0,0.0,0.0,449
all_features,xgb,2000,bar1600,1469,sumpret2_avail_ma_25,availability,availability,0.0,0.0,0.0,449
all_features,xgb,2000,bar1600,1469,sumpret2_avail_ma_5,availability,availability,0.0,0.0,0.0,449
all_features,xgb,2000,bar1600,1469,sumpret2_avail_ma_1,availability,availability,0.0,0.0,0.0,449
all_features,xgb,2000,bar1600,1469,sumret4_avail_ma_3125,availability,availability,0.0,0.0,0.0,449
all_features,xgb,2000,bar1600,1469,sumret4_avail_ma_625,availability,availability,0.0,0.0,0.0,449
all_features,xgb,2000,bar1600,1469,sumret4_avail_ma_125,availability,availability,0.0,0.0,0.0,449
all_features,xgb,2000,bar1600,1469,sumret4_avail_ma_25,availability,availability,0.0,0.0,0.0,449
all_features,xgb,2000,bar1600,1469,sumret4_avail_ma_5,availability,availability,0.0,0.0,0.0,449
all_features,xgb,2000,bar1600,1469,sumret4_avail_ma_1,availability,availability,0.0,0.0,0.0,449
all_features,xgb,2000,bar1600,1469,sumret3_avail_ma_3125,availability,availability,0.0,0.0,0.0,449
all_features,xgb,2000,bar1600,1469,sumret3_avail_ma_625,availability,availability,0.0,0.0,0.0,449
all_features,xgb,2000,bar1600,1469,fomc_release_active_ma_1,hurdle_active,hurdle_active,0.0,0.0,0.0,449
all_features,xgb,2000,bar1600,1469,voldemand_all_open_only_active_ma_5,hurdle_active,hurdle_active,0.0,0.0,0.0,449
all_features,xgb,2000,bar1600,1469,voldemand_all_open_only_active_ma_1,hurdle_active,hurdle_active,0.0,0.0,0.0,449
all_features,xgb,2000,bar1600,1469,sumret3_avail_ma_125,availability,availability,0.0,0.0,0.0,449
all_features,xgb,2000,bar1600,1469,sumret3_avail_ma_25,availability,availability,0.0,0.0,0.0,449
all_features,xgb,2000,bar1600,1469,sumret3_avail_ma_5,availability,availability,0.0,0.0,0.0,449
all_features,xgb,2000,bar1600,1469,sumret3_avail_ma_1,availability,availability,0.0,0.0,0.0,449
all_features,xgb,2000,bar1600,1469,sumabsret_avail_ma_3125,availability,availability,0.0,0.0,0.0,449
all_features,xgb,2000,bar1600,1469,sumabsret_avail_ma_625,availability,availability,0.0,0.0,0.0,449
all_features,xgb,2000,bar1600,1469,sumabsret_avail_ma_125,availability,availability,0.0,0.0,0.0,449
all_features,xgb,2000,bar1600,1469,sumabsret_avail_ma_25,availability,availability,0.0,0.0,0.0,449
all_features,xgb,2000,bar1600,1469,sumabsret_avail_ma_5,availability,availability,0.0,0.0,0.0,449
all_features,xgb,2000,bar1600,1469,sumabsret_avail_ma_1,availability,availability,0.0,0.0,0.0,449
all_features,xgb,2000,bar1600,1469,sumret_avail_ma_3125,availability,availability,0.0,0.0,0.0,449
all_features,xgb,2000,bar1600,1469,sumret_avail_ma_625,availability,availability,0.0,0.0,0.0,449
all_features,xgb,2000,bar1600,1469,sumret_avail_ma_125,availability,availability,0.0,0.0,0.0,449
all_features,xgb,2000,bar1600,1469,sumret_avail_ma_25,availability,availability,0.0,0.0,0.0,449
all_features,xgb,2000,bar1600,1469,sumret_avail_ma_5,availability,availability,0.0,0.0,0.0,449
all_features,xgb,2000,bar1600,1469,sumret_avail_ma_1,availability,availability,0.0,0.0,0.0,449
all_features,xgb,2000,bar1600,1469,is_close,calendar,calendar,0.0,0.0,0.0,449
all_features,xgb,2000,bar1600,1469,is_open,calendar,calendar,0.0,0.0,0.0,449
all_features,xgb,2000,bar1600,1469,is_overnight,calendar,calendar,0.0,0.0,0.0,449
all_features,xgb,2000,bar1600,1469,hour,calendar,calendar,0.0,0.0,0.0,449
all_features,xgb,2000,bar1600,1469,fomc_day_active_ma_25,hurdle_active,hurdle_active,0.0,0.0,0.0,449
all_features,xgb,2000,bar1600,1469,adj_fomc_release_ma_3125,exog:fomc,fomc_release,0.0,0.0,0.0,449
all_features,xgb,2000,bar1600,1469,adj_fomc_release_ma_625,exog:fomc,fomc_release,0.0,0.0,0.0,449
all_features,xgb,2000,bar1600,1469,adj_fomc_release_ma_125,exog:fomc,fomc_release,0.0,0.0,0.0,449
all_features,xgb,2000,bar1600,1469,adj_fomc_release_ma_25,exog:fomc,fomc_release,0.0,0.0,0.0,449
all_features,xgb,2000,bar1600,1469,adj_fomc_release_ma_5,exog:fomc,fomc_release,0.0,0.0,0.0,449
all_features,xgb,2000,bar1600,1469,adj_fomc_release_ma_1,exog:fomc,fomc_release,0.0,0.0,0.0,449
baseline,lgbm,2000,bar1600,1469,har_ma_1,har_ladder,har_ladder,0.10202039907236195,0.0018469530212876731,0.3098934999796321,1
baseline,lgbm,2000,bar1600,1469,har_ma_5,har_ladder,har_ladder,0.05560680884014247,0.005235331196772931,0.1689092453161989,2
baseline,lgbm,2000,bar1600,1469,har_ma_1_x_close,har_x_session,har_x_session,0.03115063655082234,0.00017261986513026161,0.09462205475672325,3
baseline,lgbm,2000,bar1600,1469,har_ma_25,har_ladder,har_ladder,0.025561016779656595,0.000249539475396223,0.07764322650088314,4
baseline,lgbm,2000,bar1600,1469,har_ma_5_x_close,har_x_session,har_x_session,0.021755034062040164,0.0008941871451438901,0.0660823100964337,5
baseline,lgbm,2000,bar1600,1469,har_ma_25_x_close,har_x_session,har_x_session,0.020128720788389308,-0.00019938950897312524,0.06114227930830155,6
baseline,lgbm,2000,bar1600,1469,har_ma_125,har_ladder,har_ladder,0.018340946014629423,0.0011583879520057256,0.05571179886661277,7
baseline,lgbm,2000,bar1600,1469,har_ma_125_x_close,har_x_session,har_x_session,0.008178906067485097,9.542114760562468e-05,0.0248439513107555,8
baseline,lgbm,2000,bar1600,1469,days_to_opex,calendar,calendar,0.008047613460951994,6.735941905401827e-05,0.024445141604756082,9
baseline,lgbm,2000,bar1600,1469,har_ma_3125,har_ladder,har_ladder,0.007111812116948345,-0.0015669346141834104,0.021602585053166416,10
baseline,lgbm,2000,bar1600,1469,har_ma_625,har_ladder,har_ladder,0.006914267833501421,-0.0006817878381056834,0.021002531632919406,11
baseline,lgbm,2000,bar1600,1469,is_month_end,calendar,calendar,0.006478213817416896,-0.00022944675353048225,0.019677989615310146,12
baseline,lgbm,2000,bar1600,1469,har_ma_3125_x_close,har_x_session,har_x_session,0.0038638612882680987,-0.00016716443995322842,0.011736726271849995,13
baseline,lgbm,2000,bar1600,1469,DOW_4,calendar,calendar,0.003011083622569676,7.82383180642548e-05,0.009146359463538443,14
baseline,lgbm,2000,bar1600,1469,DOW_2,calendar,calendar,0.0028368406608536103,7.864907250571608e-05,0.00861708530127302,15
baseline,lgbm,2000,bar1600,1469,har_ma_625_x_close,har_x_session,har_x_session,0.0027169889908602403,-0.00034947523953281234,0.00825302817318528,16
baseline,lgbm,2000,bar1600,1469,is_quarter_end,calendar,calendar,0.0012980125047501216,-6.941947990331363e-05,0.003942796164020448,17
baseline,lgbm,2000,bar1600,1469,is_opex_week,calendar,calendar,0.0012377760127487978,3.068566253309627e-05,0.003759823959417082,18
baseline,lgbm,2000,bar1600,1469,DOW_0,calendar,calendar,0.0009122759243206707,7.2925339267504e-05,0.0027710965817175906,19
baseline,lgbm,2000,bar1600,1469,is_quad_witch,calendar,calendar,0.0006827842489451866,-6.352420769891162e-06,0.0020740009111953144,20
baseline,lgbm,2000,bar1600,1469,DOW_3,calendar,calendar,0.0005052033346754945,1.90588926310877e-05,0.0015345875041414482,21
baseline,lgbm,2000,bar1600,1469,DOW_1,calendar,calendar,0.0003832547265271071,3.0200061171460423e-05,0.001164160792029259,22
baseline,lgbm,2000,bar1600,1469,is_rebalance_close,calendar,calendar,0.00029740285295191894,-4.458360439373264e-05,0.000903380224378731,23
baseline,lgbm,2000,bar1600,1469,is_opex,calendar,calendar,0.00017130193711205831,-1.0427468081553566e-05,0.0005203406115603775,24
baseline,lgbm,2000,bar1600,1469,is_close,calendar,calendar,0.0,0.0,0.0,25
baseline,lgbm,2000,bar1600,1469,is_open,calendar,calendar,0.0,0.0,0.0,25
baseline,lgbm,2000,bar1600,1469,is_overnight,calendar,calendar,0.0,0.0,0.0,25
baseline,lgbm,2000,bar1600,1469,har_ma_1_x_open,har_x_session,har_x_session,0.0,0.0,0.0,25
baseline,lgbm,2000,bar1600,1469,har_ma_25_x_open,har_x_session,har_x_session,0.0,0.0,0.0,25
baseline,lgbm,2000,bar1600,1469,har_ma_5_x_open,har_x_session,har_x_session,0.0,0.0,0.0,25
baseline,lgbm,2000,bar1600,1469,har_ma_125_x_open,har_x_session,har_x_session,0.0,0.0,0.0,25
baseline,lgbm,2000,bar1600,1469,hour,calendar,calendar,0.0,0.0,0.0,25
baseline,lgbm,2000,bar1600,1469,har_ma_625_x_open,har_x_session,har_x_session,0.0,0.0,0.0,25
baseline,lgbm,2000,bar1600,1469,har_ma_3125_x_open,har_x_session,har_x_session,0.0,0.0,0.0,25
baseline,rf,2000,bar1600,1469,har_ma_1,har_ladder,har_ladder,0.07661364698593894,0.0005403969401291665,0.22521450804806298,1
baseline,rf,2000,bar1600,1469,har_ma_1_x_close,har_x_session,har_x_session,0.0584662424257104,-0.0003023974786455614,0.17186815330357272,2
baseline,rf,2000,bar1600,1469,har_ma_5,har_ladder,har_ladder,0.05321945222998132,0.0037626100768656076,0.15644461821224107,3
baseline,rf,2000,bar1600,1469,har_ma_5_x_close,har_x_session,har_x_session,0.052344767007282966,0.003051095597160107,0.1538733817566384,4
baseline,rf,2000,bar1600,1469,har_ma_25,har_ladder,har_ladder,0.017269570901473675,0.0006059350251793788,0.05076586310387181,5
baseline,rf,2000,bar1600,1469,har_ma_25_x_close,har_x_session,har_x_session,0.015126625197447039,0.000499463477233127,0.044466431064112036,6
baseline,rf,2000,bar1600,1469,har_ma_125_x_close,har_x_session,har_x_session,0.013628028908629169,-0.00010716427802179948,0.04006113723949208,7
baseline,rf,2000,bar1600,1469,har_ma_125,har_ladder,har_ladder,0.013351012598706939,0.00014448055353760562,0.039246816365668194,8
baseline,rf,2000,bar1600,1469,days_to_opex,calendar,calendar,0.006941936571262111,0.0004672883376231858,0.02040661019680465,9
baseline,rf,2000,bar1600,1469,is_month_end,calendar,calendar,0.006704284108343418,-0.0005869897021585536,0.019708003817546043,10
baseline,rf,2000,bar1600,1469,har_ma_3125_x_close,har_x_session,har_x_session,0.004020042384196042,0.00026509528005441046,0.011817370710145655,11
baseline,rf,2000,bar1600,1469,har_ma_3125,har_ladder,har_ladder,0.003974566905079281,0.0001786848160173955,0.011683690379545926,12
baseline,rf,2000,bar1600,1469,har_ma_625,har_ladder,har_ladder,0.0032095442581707647,0.0001940294809725162,0.009434819508005898,13
baseline,rf,2000,bar1600,1469,har_ma_625_x_close,har_x_session,har_x_session,0.002903444240798891,0.00014916675369553933,0.008535003776239959,14
baseline,rf,2000,bar1600,1469,DOW_4,calendar,calendar,0.0023870508404811495,8.176070431285016e-05,0.007017006785009777,15
baseline,rf,2000,bar1600,1469,DOW_2,calendar,calendar,0.001924889991285979,0.0001909585347789521,0.005658432531134768,16
baseline,rf,2000,bar1600,1469,DOW_0,calendar,calendar,0.0014124665128883646,3.7638030727754354e-05,0.004152105575823835,17
baseline,rf,2000,bar1600,1469,is_opex_week,calendar,calendar,0.001327870005015561,1.8604007545772577e-05,0.0039034245424479632,18
baseline,rf,2000,bar1600,1469,DOW_3,calendar,calendar,0.0013128495036047042,0.00013181974844953952,0.0038592700742955443,19
baseline,rf,2000,bar1600,1469,DOW_1,calendar,calendar,0.0012464778191981906,-5.283934637729143e-05,0.003664162977322629,20
baseline,rf,2000,bar1600,1469,is_quarter_end,calendar,calendar,0.001175809654804206,-0.00023642238587639864,0.0034564258899395955,21
baseline,rf,2000,bar1600,1469,is_quad_witch,calendar,calendar,0.0005824885023826836,-0.00012267379777580953,0.0017122910430284787,22
baseline,rf,2000,bar1600,1469,is_rebalance_close,calendar,calendar,0.000533738708824449,-0.00014166785117356918,0.001568985493617974,23
baseline,rf,2000,bar1600,1469,is_opex,calendar,calendar,0.0005039736089842692,-1.1655949854545884e-05,0.0014814876054318406,24
baseline,rf,2000,bar1600,1469,is_close,calendar,calendar,0.0,0.0,0.0,25
baseline,rf,2000,bar1600,1469,is_open,calendar,calendar,0.0,0.0,0.0,25
baseline,rf,2000,bar1600,1469,is_overnight,calendar,calendar,0.0,0.0,0.0,25
baseline,rf,2000,bar1600,1469,har_ma_1_x_open,har_x_session,har_x_session,0.0,0.0,0.0,25
baseline,rf,2000,bar1600,1469,har_ma_25_x_open,har_x_session,har_x_session,0.0,0.0,0.0,25
baseline,rf,2000,bar1600,1469,har_ma_5_x_open,har_x_session,har_x_session,0.0,0.0,0.0,25
baseline,rf,2000,bar1600,1469,har_ma_125_x_open,har_x_session,har_x_session,0.0,0.0,0.0,25
baseline,rf,2000,bar1600,1469,hour,calendar,calendar,0.0,0.0,0.0,25
baseline,rf,2000,bar1600,1469,har_ma_625_x_open,har_x_session,har_x_session,0.0,0.0,0.0,25
baseline,rf,2000,bar1600,1469,har_ma_3125_x_open,har_x_session,har_x_session,0.0,0.0,0.0,25
baseline,xgb,2000,bar1600,1469,har_ma_1,har_ladder,har_ladder,0.09526268533154458,0.0009011213432502482,0.2864137926662539,1
baseline,xgb,2000,bar1600,1469,har_ma_5,har_ladder,har_ladder,0.06704349712708171,0.002935526108700805,0.20157086921229275,2
baseline,xgb,2000,bar1600,1469,har_ma_1_x_close,har_x_session,har_x_session,0.03277850828340242,0.002290571471188459,0.09855083176290393,3
baseline,xgb,2000,bar1600,1469,har_ma_25,har_ladder,har_ladder,0.025328779054062046,-0.0007562834190096536,0.07615271023729242,4
baseline,xgb,2000,bar1600,1469,har_ma_5_x_close,har_x_session,har_x_session,0.0249684861732005,0.001964718262335738,0.07506946499683902,5
baseline,xgb,2000,bar1600,1469,har_ma_125,har_ladder,har_ladder,0.023340408097637357,0.0010325343957621924,0.07017453667568233,6
baseline,xgb,2000,bar1600,1469,days_to_opex,calendar,calendar,0.00906261959814486,8.141784769252457e-05,0.027247386965446832,7
baseline,xgb,2000,bar1600,1469,har_ma_25_x_close,har_x_session,har_x_session,0.008564992003371404,9.476728054979411e-05,0.025751235494822108,8
baseline,xgb,2000,bar1600,1469,is_month_end,calendar,calendar,0.008351936318878012,-0.00045387687921077724,0.025110668976751772,9
baseline,xgb,2000,bar1600,1469,har_ma_3125,har_ladder,har_ladder,0.008027272820915478,-0.002429727740884051,0.02413454591798943,10
baseline,xgb,2000,bar1600,1469,har_ma_125_x_close,har_x_session,har_x_session,0.007083047235398918,0.0008548368028818632,0.02129566697877942,11
baseline,xgb,2000,bar1600,1469,har_ma_625,har_ladder,har_ladder,0.005247426858809757,-0.0009167676027927319,0.015776748504829297,12
baseline,xgb,2000,bar1600,1469,DOW_4,calendar,calendar,0.0035912712029496393,2.020352350982902e-05,0.010797403014098183,13
baseline,xgb,2000,bar1600,1469,DOW_2,calendar,calendar,0.0032827289245696673,0.000139755371046586,0.009869749506944397,14
baseline,xgb,2000,bar1600,1469,har_ma_3125_x_close,har_x_session,har_x_session,0.003060632638316487,-0.001114095661513267,0.00920200180004872,15
baseline,xgb,2000,bar1600,1469,har_ma_625_x_close,har_x_session,har_x_session,0.0021483123111111072,-0.0003512287734777275,0.006459048206708377,16
baseline,xgb,2000,bar1600,1469,DOW_0,calendar,calendar,0.0018633537812694151,3.368322774288524e-05,0.005602300855943395,17
baseline,xgb,2000,bar1600,1469,is_opex_week,calendar,calendar,0.0010579622157297108,3.898177254648642e-05,0.0031808359133500283,18
baseline,xgb,2000,bar1600,1469,DOW_3,calendar,calendar,0.0007005544329736223,5.7875590204408286e-05,0.002106264918092655,19
baseline,xgb,2000,bar1600,1469,DOW_1,calendar,calendar,0.0005712532140258499,3.088702864390392e-05,0.0017175119411393784,20
baseline,xgb,2000,bar1600,1469,is_quad_witch,calendar,calendar,0.0004974493775747608,-4.571914015689943e-05,0.001495615648402009,21
baseline,xgb,2000,bar1600,1469,is_quarter_end,calendar,calendar,0.00039099194959473784,-7.148318302566744e-05,0.0011755440946857247,22
baseline,xgb,2000,bar1600,1469,is_opex,calendar,calendar,0.0002199153291427457,-9.500114540423594e-06,0.0006611905098623581,23
baseline,xgb,2000,bar1600,1469,is_rebalance_close,calendar,calendar,0.00016100587581796414,-2.6367251056398635e-05,0.0004840752008415729,24
baseline,xgb,2000,bar1600,1469,is_close,calendar,calendar,0.0,0.0,0.0,25
baseline,xgb,2000,bar1600,1469,is_open,calendar,calendar,0.0,0.0,0.0,25
baseline,xgb,2000,bar1600,1469,is_overnight,calendar,calendar,0.0,0.0,0.0,25
baseline,xgb,2000,bar1600,1469,har_ma_1_x_open,har_x_session,har_x_session,0.0,0.0,0.0,25
baseline,xgb,2000,bar1600,1469,har_ma_25_x_open,har_x_session,har_x_session,0.0,0.0,0.0,25
baseline,xgb,2000,bar1600,1469,har_ma_5_x_open,har_x_session,har_x_session,0.0,0.0,0.0,25
baseline,xgb,2000,bar1600,1469,har_ma_125_x_open,har_x_session,har_x_session,0.0,0.0,0.0,25
baseline,xgb,2000,bar1600,1469,hour,calendar,calendar,0.0,0.0,0.0,25
baseline,xgb,2000,bar1600,1469,har_ma_625_x_open,har_x_session,har_x_session,0.0,0.0,0.0,25
baseline,xgb,2000,bar1600,1469,har_ma_3125_x_open,har_x_session,har_x_session,0.0,0.0,0.0,25
live_feasible,lgbm,2000,bar1600,1469,har_ma_1,har_ladder,har_ladder,0.0580586033084413,0.00333781763130382,0.133288124673247,1
live_feasible,lgbm,2000,bar1600,1469,har_ma_5,har_ladder,har_ladder,0.05226239843671126,0.006940697651438718,0.119981478740507,2
live_feasible,lgbm,2000,bar1600,1469,har_ma_1_x_close,har_x_session,har_x_session,0.031835993473183125,0.0009309347456732338,0.07308752924363505,3
live_feasible,lgbm,2000,bar1600,1469,har_ma_5_x_close,har_x_session,har_x_session,0.021782855072101166,0.0003708645737374599,0.05000802184587445,4
live_feasible,lgbm,2000,bar1600,1469,adj_sumvolume_ma_1,exog:liquidity,sumvolume,0.01708547270822171,-0.00033150977242412576,0.03922399931559692,5
live_feasible,lgbm,2000,bar1600,1469,har_ma_25,har_ladder,har_ladder,0.01690860997821057,0.0019585587017041527,0.03881796644080421,6
live_feasible,lgbm,2000,bar1600,1469,adj_sumret_ma_5,exog:moments,sumret,0.014711644472664332,0.0011531327448162832,0.0337742796223255,7
live_feasible,lgbm,2000,bar1600,1469,har_ma_125,har_ladder,har_ladder,0.012986082579209076,0.0017205753399443821,0.02981281834561531,8
live_feasible,lgbm,2000,bar1600,1469,adj_sumret_ma_1,exog:moments,sumret,0.01124306014002654,0.00013111632425621777,0.02581127199514961,9
live_feasible,lgbm,2000,bar1600,1469,adj_sumabsret_ma_5,exog:moments,sumabsret,0.010528707352081246,-0.0008906884508248917,0.024171295522507002,10
live_feasible,lgbm,2000,bar1600,1469,har_ma_25_x_close,har_x_session,har_x_session,0.009343722262920904,0.00038327632470809585,0.02145086424618351,11
live_feasible,lgbm,2000,bar1600,1469,adj_sumabsret_ma_1,exog:moments,sumabsret,0.009045548265473314,-0.0021520821380788826,0.02076633084921258,12
live_feasible,lgbm,2000,bar1600,1469,adj_sumret_ma_25,exog:moments,sumret,0.008250609610879396,0.00034724784330467475,0.018941349253665102,13
live_feasible,lgbm,2000,bar1600,1469,adj_sumvolume_ma_5,exog:liquidity,sumvolume,0.008125492991485047,-8.799830807696859e-05,0.018654112589084428,14
live_feasible,lgbm,2000,bar1600,1469,har_ma_125_x_close,har_x_session,har_x_session,0.006690368480894947,4.969627283220168e-05,0.015359423364940547,15
live_feasible,lgbm,2000,bar1600,1469,adj_sumret_ma_125,exog:moments,sumret,0.006356462729632728,0.0009851803702188165,0.014592858741142887,16
live_feasible,lgbm,2000,bar1600,1469,days_to_opex,calendar,calendar,0.00544839063237228,-2.79345159129913e-05,0.012508150876764245,17
live_feasible,lgbm,2000,bar1600,1469,adj_sumautocov_ma_1,exog:moments,sumautocov,0.005189676042820565,8.982900911916764e-05,0.011914206474006914,18
live_feasible,lgbm,2000,bar1600,1469,adj_sumautocov_ma_5,exog:moments,sumautocov,0.0047276178658390835,0.0012530576190083209,0.01085343572875465,19
live_feasible,lgbm,2000,bar1600,1469,adj_sumvolume_ma_25,exog:liquidity,sumvolume,0.0041134945282128394,-1.6946949867187008e-06,0.00944356116536886,20
live_feasible,lgbm,2000,bar1600,1469,adj_sumret_ma_625,exog:moments,sumret,0.0037011920301459346,0.0010360516232977902,0.008497017093795531,21
live_feasible,lgbm,2000,bar1600,1469,adj_sumret4_ma_625,exog:moments,sumret4,0.0036508793172087993,-0.0006076415537860068,0.008381511608432965,22
live_feasible,lgbm,2000,bar1600,1469,is_month_end,calendar,calendar,0.003555265685906057,-0.000232039025963783,0.00816200647253024,23
live_feasible,lgbm,2000,bar1600,1469,adj_sumbipow_ma_1,exog:moments,sumbipow,0.002828585543380099,-0.001019568757360865,0.0064937294573218785,24
live_feasible,lgbm,2000,bar1600,1469,adj_sumvolume_ma_125,exog:liquidity,sumvolume,0.002808260680871335,0.00011470004061864156,0.006447068624066166,25
live_feasible,lgbm,2000,bar1600,1469,adj_sumbipow_ma_5,exog:moments,sumbipow,0.002721927522407222,-0.0004275754124251588,0.006248869147449979,26
live_feasible,lgbm,2000,bar1600,1469,adj_numobs_ma_25,exog:liquidity,numobs,0.0026198489649309296,0.00207388937860649,0.006014522147693837,27
live_feasible,lgbm,2000,bar1600,1469,adj_sumabsret_ma_25,exog:moments,sumabsret,0.0026183113212162787,-0.00013562854657945015,0.006010992099854887,28
live_feasible,lgbm,2000,bar1600,1469,adj_vvix_ma_1,exog:implied_vol,vvix,0.00255688983238509,-0.00027614131908326115,0.00586998362575407,29
live_feasible,lgbm,2000,bar1600,1469,adj_sumautocov_ma_125,exog:moments,sumautocov,0.002469163151220254,-0.0007894341779673478,0.005668584967330457,30
live_feasible,lgbm,2000,bar1600,1469,adj_sumret3_ma_1,exog:moments,sumret3,0.0024262853798790443,-0.0001666958827524466,0.005570148260166211,31
live_feasible,lgbm,2000,bar1600,1469,adj_vix_ma_1,exog:implied_vol,vix,0.0022207995336378642,0.0007365481880583889,0.005098403823827007,32
live_feasible,lgbm,2000,bar1600,1469,adj_sumbipow_ma_625,exog:moments,sumbipow,0.0022171071879837846,-0.000345489907982505,0.005089927115814189,33
live_feasible,lgbm,2000,bar1600,1469,adj_vix_ma_625,exog:implied_vol,vix,0.002178698640941043,-0.0008751295734453551,0.005001750636963088,34
live_feasible,lgbm,2000,bar1600,1469,adj_sumret3_ma_5,exog:moments,sumret3,0.0021634420042625354,4.067350865135158e-05,0.004966725190675722,35
live_feasible,lgbm,2000,bar1600,1469,adj_sumpret2_ma_5,exog:moments,sumpret2,0.001951383409671537,-0.00023610964946551015,0.0044798913575619815,36
live_feasible,lgbm,2000,bar1600,1469,adj_sumabsret_ma_125,exog:moments,sumabsret,0.001866290427169978,1.2088878470914265e-06,0.004284539016751586,37
live_feasible,lgbm,2000,bar1600,1469,adj_sumpret2_ma_1,exog:moments,sumpret2,0.001858470079530182,-0.00010470471248894109,0.004266585442056313,38
live_feasible,lgbm,2000,bar1600,1469,adj_sumabsret_ma_3125,exog:moments,sumabsret,0.001803806554913785,0.000522366348690784,0.004141091574326807,39
live_feasible,lgbm,2000,bar1600,1469,adj_sumret3_ma_25,exog:moments,sumret3,0.0017855758947070127,9.946709078490532e-06,0.004099238509112567,40
live_feasible,lgbm,2000,bar1600,1469,adj_sumautocov_ma_625,exog:moments,sumautocov,0.0017791609298119296,-0.0008082887357729003,0.004084511343938306,41
live_feasible,lgbm,2000,bar1600,1469,adj_sumret4_ma_3125,exog:moments,sumret4,0.001708662491367779,0.0002598992823030683,0.003922664449298197,42
live_feasible,lgbm,2000,bar1600,1469,adj_fomc_until_inv_ma_3125,exog:fomc,fomc_until_inv,0.001668972873840256,0.0002549808727142614,0.0038315469509812364,43
live_feasible,lgbm,2000,bar1600,1469,adj_vvix_ma_3125,exog:implied_vol,vvix,0.0016518124494649775,0.00010786630921641247,0.0037921508812648057,44
live_feasible,lgbm,2000,bar1600,1469,adj_sumret3_ma_125,exog:moments,sumret3,0.001606725547919449,-0.00016590237772449152,0.0036886425601568283,45
live_feasible,lgbm,2000,bar1600,1469,adj_sumpret2_ma_625,exog:moments,sumpret2,0.0015089122572411369,-3.196723928513716e-05,0.0034640875529795222,46
live_feasible,lgbm,2000,bar1600,1469,numobs_active_ma_125,hurdle_active,hurdle_active,0.001489929843825347,-0.0010862018264425016,0.003420508649220481,47
live_feasible,lgbm,2000,bar1600,1469,adj_vix3m_ma_625,exog:implied_vol,vix3m,0.0014885357876473783,-0.0009193507210403561,0.003417308242681876,48
live_feasible,lgbm,2000,bar1600,1469,adj_fomc_since_inv_ma_3125,exog:fomc,fomc_since_inv,0.0014637082650128266,-0.0002691394761563057,0.0033603104207628486,49
live_feasible,lgbm,2000,bar1600,1469,har_ma_3125,har_ladder,har_ladder,0.001414124930856951,6.289471644332991e-05,0.0032464794078193677,50
live_feasible,lgbm,2000,bar1600,1469,adj_sumret4_ma_5,exog:moments,sumret4,0.0013615665942632467,-0.0003289903975391008,0.00312581852861593,51
live_feasible,lgbm,2000,bar1600,1469,adj_sumret_ma_3125,exog:moments,sumret,0.001359452840268005,0.00023702626008269647,0.003120965874745674,52
live_feasible,lgbm,2000,bar1600,1469,adj_sumret3_ma_625,exog:moments,sumret3,0.0013542140792917085,-7.670320806826702e-05,0.003108938981462824,53
live_feasible,lgbm,2000,bar1600,1469,adj_vvix_ma_5,exog:implied_vol,vvix,0.0013409163898567946,0.00030546952972883523,0.0030784107912159666,54
live_feasible,lgbm,2000,bar1600,1469,numobs_active_ma_3125,hurdle_active,hurdle_active,0.0013394232863977707,0.0006747040819212448,0.0030749829967349463,55
live_feasible,lgbm,2000,bar1600,1469,adj_sumret4_ma_25,exog:moments,sumret4,0.0013320190431599299,-0.0001345630435648083,0.003057984694337739,56
live_feasible,lgbm,2000,bar1600,1469,adj_vvix_ma_625,exog:implied_vol,vvix,0.0013312413345992074,-0.00039368885387459685,0.003056199268755757,57
live_feasible,lgbm,2000,bar1600,1469,DOW_4,calendar,calendar,0.0012868552271146246,4.160021751532094e-06,0.0029542997966527994,58
live_feasible,lgbm,2000,bar1600,1469,adj_vix_ma_5,exog:implied_vol,vix,0.0012774029392389214,0.00042259695881798575,0.0029325996927400174,59
live_feasible,lgbm,2000,bar1600,1469,numobs_active_ma_625,hurdle_active,hurdle_active,0.0012585349744897666,-0.0011027862527039187,0.0028892835346771843,60
live_feasible,lgbm,2000,bar1600,1469,adj_fomc_until_inv_ma_625,exog:fomc,fomc_until_inv,0.001249406474163301,-8.749937742363043e-05,0.0028683267665108926,61
live_feasible,lgbm,2000,bar1600,1469,adj_vix_ma_25,exog:implied_vol,vix,0.001224016383349879,0.000498714690301343,0.0028100374278606736,62
live_feasible,lgbm,2000,bar1600,1469,adj_sumvolume_ma_3125,exog:liquidity,sumvolume,0.0012001857244177583,-4.352154441304463e-05,0.002755328157265314,63
live_feasible,lgbm,2000,bar1600,1469,adj_sumpret2_ma_3125,exog:moments,sumpret2,0.001193776402400753,-3.411725301429783e-05,0.002740613946736771,64
live_feasible,lgbm,2000,bar1600,1469,adj_sumbipow_ma_3125,exog:moments,sumbipow,0.0011899113489740759,4.8840254375219246e-05,0.002731740744598806,65
live_feasible,lgbm,2000,bar1600,1469,adj_sumret4_ma_1,exog:moments,sumret4,0.0011889499191845682,-0.00030640912617559585,0.002729533540733297,66
live_feasible,lgbm,2000,bar1600,1469,har_ma_625,har_ladder,har_ladder,0.0011136953008220086,0.00015927726800345977,0.002556767638989875,67
live_feasible,lgbm,2000,bar1600,1469,adj_sumbipow_ma_25,exog:moments,sumbipow,0.0010840995220844176,1.8606693319961814e-05,0.002488823086048755,68
live_feasible,lgbm,2000,bar1600,1469,adj_sumautocov_ma_25,exog:moments,sumautocov,0.0010157744571603477,0.00032389476263767233,0.0023319657168914946,69
live_feasible,lgbm,2000,bar1600,1469,adj_vvix_ma_25,exog:implied_vol,vvix,0.0009938185522917254,-6.87208329356515e-05,0.0022815604157185435,70
live_feasible,lgbm,2000,bar1600,1469,adj_fomc_since_inv_ma_5,exog:fomc,fomc_since_inv,0.0009882577877208703,-7.921787580609716e-05,0.0022687942822058045,71
live_feasible,lgbm,2000,bar1600,1469,adj_numobs_ma_625,exog:liquidity,numobs,0.0009843865200315856,0.00028454935257146165,0.00225990681366524,72
live_feasible,lgbm,2000,bar1600,1469,vix3m_avail_ma_3125,availability,availability,0.0009585396994631439,-0.0003464220831521404,0.0022005689370023923,73
live_feasible,lgbm,2000,bar1600,1469,adj_vix3m_ma_1,exog:implied_vol,vix3m,0.000956549664421053,0.000451861274197964,0.0021960003111023653,74
live_feasible,lgbm,2000,bar1600,1469,har_ma_3125_x_close,har_x_session,har_x_session,0.0009535910696832078,4.566992566070248e-05,0.002189208112843986,75
live_feasible,lgbm,2000,bar1600,1469,adj_numobs_ma_3125,exog:liquidity,numobs,0.0009526742468711931,-0.0002040034219937954,0.002187103315513229,76
live_feasible,lgbm,2000,bar1600,1469,adj_fomc_since_inv_ma_625,exog:fomc,fomc_since_inv,0.0009363158766205622,-1.2631934985413609e-05,0.002149548562743277,77
live_feasible,lgbm,2000,bar1600,1469,adj_sumret4_ma_125,exog:moments,sumret4,0.0009191337172547909,4.18169428987691e-05,0.002110102594890179,78
live_feasible,lgbm,2000,bar1600,1469,adj_fomc_until_inv_ma_5,exog:fomc,fomc_until_inv,0.0009077360617239673,0.00010913679544298147,0.0020839364102972703,79
live_feasible,lgbm,2000,bar1600,1469,adj_vvix_ma_125,exog:implied_vol,vvix,0.0009073027404948644,0.00015601801668472617,0.0020829416124427407,80
live_feasible,lgbm,2000,bar1600,1469,adj_vix_ma_3125,exog:implied_vol,vix,0.0008984727207336156,-0.00024469807009656766,0.0020626700814768304,81
live_feasible,lgbm,2000,bar1600,1469,adj_numobs_ma_125,exog:liquidity,numobs,0.0008812153609483659,-0.0004879116075574667,0.002023051472149158,82
live_feasible,lgbm,2000,bar1600,1469,adj_sumret3_ma_3125,exog:moments,sumret3,0.0008749086971788563,-0.00020179626776714024,0.002008572939444593,83
live_feasible,lgbm,2000,bar1600,1469,adj_sumpret2_ma_25,exog:moments,sumpret2,0.0008407744979978141,-0.00018256761978828432,0.0019302093010378331,84
live_feasible,lgbm,2000,bar1600,1469,adj_fomc_since_inv_ma_125,exog:fomc,fomc_since_inv,0.0008226117146582623,1.240923731301056e-05,0.0018885120642422077,85
live_feasible,lgbm,2000,bar1600,1469,adj_sumbipow_ma_125,exog:moments,sumbipow,0.0007999759514787246,1.1931359834229851e-05,0.0018365459773434266,86
live_feasible,lgbm,2000,bar1600,1469,adj_vix_ma_125,exog:implied_vol,vix,0.0007797097953544745,-1.88288848124893e-05,0.0017900199193570509,87
live_feasible,lgbm,2000,bar1600,1469,adj_sumautocov_ma_3125,exog:moments,sumautocov,0.000748431256482118,-0.00015035872922389794,0.0017182121673402278,88
live_feasible,lgbm,2000,bar1600,1469,adj_fomc_until_inv_ma_1,exog:fomc,fomc_until_inv,0.0007483046379171303,-9.829689547806685e-07,0.0017179214825818233,89
live_feasible,lgbm,2000,bar1600,1469,vvix_avail_ma_3125,availability,availability,0.0007270767701345905,-0.00015958335975372682,0.0016691875736292634,90
live_feasible,lgbm,2000,bar1600,1469,adj_sumvolume_ma_625,exog:liquidity,sumvolume,0.0007192205319358961,4.5847112251218984e-05,0.001651151603130158,91
live_feasible,lgbm,2000,bar1600,1469,adj_fomc_until_inv_ma_125,exog:fomc,fomc_until_inv,0.0006477005212483525,4.167538858975193e-05,0.0014869594324968133,92
live_feasible,lgbm,2000,bar1600,1469,adj_fomc_since_inv_ma_25,exog:fomc,fomc_since_inv,0.0006415995075922225,-9.018289658367292e-07,0.0014729530213451138,93
live_feasible,lgbm,2000,bar1600,1469,adj_fomc_day_ma_625,exog:fomc,fomc_day,0.0006392867211129229,-6.605896693044279e-05,0.0014676434383543247,94
live_feasible,lgbm,2000,bar1600,1469,har_ma_625_x_close,har_x_session,har_x_session,0.0006295232710545756,2.201568071565406e-05,0.0014452289833991395,95
live_feasible,lgbm,2000,bar1600,1469,adj_sumabsret_ma_625,exog:moments,sumabsret,0.0006203216562214674,1.5601452927759614e-05,0.00142410436249576,96
live_feasible,lgbm,2000,bar1600,1469,adj_fomc_since_inv_ma_1,exog:fomc,fomc_since_inv,0.0006042527817594267,1.2654438775601096e-05,0.0013872142201119208,97
live_feasible,lgbm,2000,bar1600,1469,vix_avail_ma_3125,availability,availability,0.000564446559835206,1.7354989613077005e-05,0.001295829027078263,98
live_feasible,lgbm,2000,bar1600,1469,adj_vix3m_ma_3125,exog:implied_vol,vix3m,0.0005535722699636721,-0.00032714686411830144,0.0012708643599740632,99
live_feasible,lgbm,2000,bar1600,1469,adj_fomc_until_inv_ma_25,exog:fomc,fomc_until_inv,0.0005507763850291735,6.703742261224052e-06,0.001264445702988091,100
live_feasible,lgbm,2000,bar1600,1469,adj_vix3m_ma_5,exog:implied_vol,vix3m,0.0005348911826121668,0.000139755459821556,0.0012279772259741098,101
live_feasible,lgbm,2000,bar1600,1469,adj_sumpret2_ma_125,exog:moments,sumpret2,0.0005216865935197756,-7.426173793602956e-05,0.00119766277097671,102
live_feasible,lgbm,2000,bar1600,1469,DOW_2,calendar,calendar,0.0005005335526214233,1.4700458074415447e-06,0.0011491006459545265,103
live_feasible,lgbm,2000,bar1600,1469,adj_vix3m_ma_125,exog:implied_vol,vix3m,0.00048797357589737324,-0.0001312792794018546,0.0011202660607580056,104
live_feasible,lgbm,2000,bar1600,1469,vix_avail_ma_625,availability,availability,0.00045728032079822513,8.878473439985462e-06,0.0010498019748317736,105
live_feasible,lgbm,2000,bar1600,1469,is_quarter_end,calendar,calendar,0.00044479611848521493,-0.0001298723610452577,0.0010211413488518059,106
live_feasible,lgbm,2000,bar1600,1469,adj_vix3m_ma_25,exog:implied_vol,vix3m,0.0004362726512831376,0.00017678235973891615,0.0010015735863783736,107
live_feasible,lgbm,2000,bar1600,1469,fomc_day_active_ma_625,hurdle_active,hurdle_active,0.00035027954212909454,-2.4743009592345463e-05,0.0008041547784702309,108
live_feasible,lgbm,2000,bar1600,1469,adj_numobs_ma_5,exog:liquidity,numobs,0.0002550478492031791,-4.301186546825817e-05,0.0005855264781626986,109
live_feasible,lgbm,2000,bar1600,1469,fomc_release_active_ma_625,hurdle_active,hurdle_active,0.00023116710984829895,4.0047006827442194e-05,0.0005307022353624969,110
live_feasible,lgbm,2000,bar1600,1469,adj_fomc_day_ma_125,exog:fomc,fomc_day,0.00020780958351664596,-1.0245957275492462e-05,0.000477079159636537,111
live_feasible,lgbm,2000,bar1600,1469,vvix_avail_ma_625,availability,availability,0.00020774869055175906,-8.956939071144934e-06,0.0004769393645220653,112
live_feasible,lgbm,2000,bar1600,1469,vix_avail_ma_125,availability,availability,0.0001823135423705664,-7.787065853851934e-05,0.0004185465853529459,113
live_feasible,lgbm,2000,bar1600,1469,vix3m_avail_ma_625,availability,availability,0.00017809633720914083,-1.4017468398611488e-06,0.00040886493034752785,114
live_feasible,lgbm,2000,bar1600,1469,adj_fomc_day_ma_3125,exog:fomc,fomc_day,0.00016905733145994152,-3.4208209236536864e-05,0.0003881136194897569,115
live_feasible,lgbm,2000,bar1600,1469,DOW_0,calendar,calendar,0.00016673512035763095,7.154155788499667e-06,0.00038278239990670906,116
live_feasible,lgbm,2000,bar1600,1469,is_opex_week,calendar,calendar,0.00014742688377304298,-4.050301554996782e-06,0.0003384554871245524,117
live_feasible,lgbm,2000,bar1600,1469,fomc_release_active_ma_125,hurdle_active,hurdle_active,0.00014490636093331675,0.00010845815234617681,0.00033266899307614404,118
live_feasible,lgbm,2000,bar1600,1469,fomc_day_active_ma_125,hurdle_active,hurdle_active,0.00013167554589500445,6.865599336107914e-05,0.0003022943298244905,119
live_feasible,lgbm,2000,bar1600,1469,is_quad_witch,calendar,calendar,9.032625485587058e-05,-1.1969426236692975e-05,0.0002073666335811822,120
live_feasible,lgbm,2000,bar1600,1469,vvix_avail_ma_125,availability,availability,8.618367074446755e-05,-4.7858290336105785e-05,0.0001978562899620511,121
live_feasible,lgbm,2000,bar1600,1469,fomc_day_active_ma_3125,hurdle_active,hurdle_active,8.400623075964899e-05,4.1949193915920926e-05,0.00019285742888674838,122
live_feasible,lgbm,2000,bar1600,1469,DOW_3,calendar,calendar,7.277197719631602e-05,4.078203735661667e-06,0.0001670663746031073,123
live_feasible,lgbm,2000,bar1600,1469,adj_numobs_ma_1,exog:liquidity,numobs,7.197098998216531e-05,-1.2248588420118817e-05,0.00016522750701798448,124
live_feasible,lgbm,2000,bar1600,1469,DOW_1,calendar,calendar,5.516377952318737e-05,3.521605072097689e-06,0.0001266423286738812,125
live_feasible,lgbm,2000,bar1600,1469,vix3m_avail_ma_125,availability,availability,5.2658021078001e-05,-3.480722824446442e-05,0.00012088973000614019,126
live_feasible,lgbm,2000,bar1600,1469,numobs_active_ma_5,hurdle_active,hurdle_active,5.23656851481193e-05,1.1983994781310683e-05,0.00012021859936144422,127
live_feasible,lgbm,2000,bar1600,1469,vix_avail_ma_25,availability,availability,4.7743659128315e-05,2.554588735223051e-05,0.0001096075762698657,128
live_feasible,lgbm,2000,bar1600,1469,vix_avail_ma_1,availability,availability,4.391133429397011e-05,-3.149259307954904e-05,0.00010080951084629952,129
live_feasible,lgbm,2000,bar1600,1469,fomc_release_active_ma_3125,hurdle_active,hurdle_active,4.058541764496867e-05,2.8531362945159036e-05,9.317403276547428e-05,130
live_feasible,lgbm,2000,bar1600,1469,numobs_active_ma_25,hurdle_active,hurdle_active,3.067216171761096e-05,2.1701198064103487e-05,7.041566076427684e-05,131
live_feasible,lgbm,2000,bar1600,1469,is_rebalance_close,calendar,calendar,2.293255120446719e-05,-1.9206958792791775e-06,5.264743844728747e-05,132
live_feasible,lgbm,2000,bar1600,1469,vvix_avail_ma_1,availability,availability,2.023175917465772e-05,7.078015260346322e-06,4.644709113832253e-05,133
live_feasible,lgbm,2000,bar1600,1469,vix_avail_ma_5,availability,availability,1.9858874224677986e-05,3.7173251667488055e-06,4.559103996124487e-05,134
live_feasible,lgbm,2000,bar1600,1469,is_opex,calendar,calendar,1.7977732114382628e-05,-1.3740255503920912e-06,4.127240517092624e-05,135
live_feasible,lgbm,2000,bar1600,1469,vix3m_avail_ma_5,availability,availability,1.6463465808913974e-05,1.1978418666067287e-05,3.779602605378586e-05,136
live_feasible,lgbm,2000,bar1600,1469,vvix_avail_ma_25,availability,availability,1.1067880544462014e-05,5.915148571707855e-06,2.540910317875959e-05,137
live_feasible,lgbm,2000,bar1600,1469,numobs_active_ma_1,hurdle_active,hurdle_active,8.998887160592607e-06,4.463899690293948e-06,2.0659208548462594e-05,138
live_feasible,lgbm,2000,bar1600,1469,vvix_avail_ma_5,availability,availability,8.632283051007056e-06,6.792366425738175e-06,1.981757662003728e-05,139
live_feasible,lgbm,2000,bar1600,1469,fomc_release_active_ma_5,hurdle_active,hurdle_active,8.512277935637596e-06,8.512277935637596e-06,1.9542074698404485e-05,140
live_feasible,lgbm,2000,bar1600,1469,fomc_release_avail_ma_3125,availability,availability,8.431011883410706e-06,8.431011883410706e-06,1.9355508038449275e-05,141
live_feasible,lgbm,2000,bar1600,1469,vix3m_avail_ma_1,availability,availability,6.156327330093099e-06,6.037527466546348e-07,1.4133397600755969e-05,142
live_feasible,lgbm,2000,bar1600,1469,fomc_release_avail_ma_625,availability,availability,5.483698127429914e-06,5.483698127429914e-06,1.2589208110920235e-05,143
live_feasible,lgbm,2000,bar1600,1469,fomc_release_avail_ma_125,availability,availability,5.0872607862575576e-06,-5.0872607862575576e-06,1.1679086496822965e-05,144
live_feasible,lgbm,2000,bar1600,1469,adj_fomc_day_ma_1,exog:fomc,fomc_day,4.499985133932518e-06,1.5236204415151443e-06,1.0330847546795012e-05,145
live_feasible,lgbm,2000,bar1600,1469,adj_fomc_day_ma_5,exog:fomc,fomc_day,3.7910693964329134e-06,-3.2466717298885404e-08,8.70335319077877e-06,146
live_feasible,lgbm,2000,bar1600,1469,vix3m_avail_ma_25,availability,availability,2.6029626002831095e-06,-1.4808606242636716e-06,5.975755251003276e-06,147
live_feasible,lgbm,2000,bar1600,1469,fomc_release_active_ma_25,hurdle_active,hurdle_active,1.402585982764108e-06,-1.0803955455613845e-06,3.2199888506176006e-06,148
live_feasible,lgbm,2000,bar1600,1469,fomc_day_active_ma_25,hurdle_active,hurdle_active,9.718845548909258e-07,-8.866835431901261e-07,2.2312054086473454e-06,149
live_feasible,lgbm,2000,bar1600,1469,fomc_day_active_ma_1,hurdle_active,hurdle_active,3.524317700207269e-07,-3.524317700207269e-07,8.090957588452002e-07,150
live_feasible,lgbm,2000,bar1600,1469,adj_fomc_day_ma_25,exog:fomc,fomc_day,1.448901571398233e-07,-6.579381503783536e-08,3.3263179319319374e-07,151
live_feasible,lgbm,2000,bar1600,1469,fomc_day_active_ma_5,hurdle_active,hurdle_active,9.102093454382533e-08,-9.102093454382533e-08,2.089614455053372e-07,152
live_feasible,lgbm,2000,bar1600,1469,sumret_avail_ma_5,availability,availability,0.0,0.0,0.0,153
live_feasible,lgbm,2000,bar1600,1469,sumret_avail_ma_1,availability,availability,0.0,0.0,0.0,153
live_feasible,lgbm,2000,bar1600,1469,adj_fomc_release_ma_5,exog:fomc,fomc_release,0.0,0.0,0.0,153
live_feasible,lgbm,2000,bar1600,1469,adj_fomc_release_ma_1,exog:fomc,fomc_release,0.0,0.0,0.0,153
live_feasible,lgbm,2000,bar1600,1469,adj_fomc_release_ma_25,exog:fomc,fomc_release,0.0,0.0,0.0,153
live_feasible,lgbm,2000,bar1600,1469,adj_fomc_release_ma_125,exog:fomc,fomc_release,0.0,0.0,0.0,153
live_feasible,lgbm,2000,bar1600,1469,adj_fomc_release_ma_625,exog:fomc,fomc_release,0.0,0.0,0.0,153
live_feasible,lgbm,2000,bar1600,1469,adj_fomc_release_ma_3125,exog:fomc,fomc_release,0.0,0.0,0.0,153
live_feasible,lgbm,2000,bar1600,1469,sumpret2_avail_ma_5,availability,availability,0.0,0.0,0.0,153
live_feasible,lgbm,2000,bar1600,1469,sumpret2_avail_ma_1,availability,availability,0.0,0.0,0.0,153
live_feasible,lgbm,2000,bar1600,1469,sumret4_avail_ma_3125,availability,availability,0.0,0.0,0.0,153
live_feasible,lgbm,2000,bar1600,1469,sumret4_avail_ma_625,availability,availability,0.0,0.0,0.0,153
live_feasible,lgbm,2000,bar1600,1469,sumret4_avail_ma_125,availability,availability,0.0,0.0,0.0,153
live_feasible,lgbm,2000,bar1600,1469,sumret4_avail_ma_25,availability,availability,0.0,0.0,0.0,153
live_feasible,lgbm,2000,bar1600,1469,sumret4_avail_ma_5,availability,availability,0.0,0.0,0.0,153
live_feasible,lgbm,2000,bar1600,1469,sumret4_avail_ma_1,availability,availability,0.0,0.0,0.0,153
live_feasible,lgbm,2000,bar1600,1469,sumret3_avail_ma_3125,availability,availability,0.0,0.0,0.0,153
live_feasible,lgbm,2000,bar1600,1469,sumret3_avail_ma_625,availability,availability,0.0,0.0,0.0,153
live_feasible,lgbm,2000,bar1600,1469,sumret3_avail_ma_125,availability,availability,0.0,0.0,0.0,153
live_feasible,lgbm,2000,bar1600,1469,sumret3_avail_ma_25,availability,availability,0.0,0.0,0.0,153
live_feasible,lgbm,2000,bar1600,1469,sumret3_avail_ma_5,availability,availability,0.0,0.0,0.0,153
live_feasible,lgbm,2000,bar1600,1469,sumret3_avail_ma_1,availability,availability,0.0,0.0,0.0,153
live_feasible,lgbm,2000,bar1600,1469,sumabsret_avail_ma_3125,availability,availability,0.0,0.0,0.0,153
live_feasible,lgbm,2000,bar1600,1469,sumabsret_avail_ma_625,availability,availability,0.0,0.0,0.0,153
live_feasible,lgbm,2000,bar1600,1469,sumabsret_avail_ma_125,availability,availability,0.0,0.0,0.0,153
live_feasible,lgbm,2000,bar1600,1469,sumabsret_avail_ma_25,availability,availability,0.0,0.0,0.0,153
live_feasible,lgbm,2000,bar1600,1469,sumabsret_avail_ma_5,availability,availability,0.0,0.0,0.0,153
live_feasible,lgbm,2000,bar1600,1469,sumabsret_avail_ma_1,availability,availability,0.0,0.0,0.0,153
live_feasible,lgbm,2000,bar1600,1469,sumret_avail_ma_3125,availability,availability,0.0,0.0,0.0,153
live_feasible,lgbm,2000,bar1600,1469,sumret_avail_ma_625,availability,availability,0.0,0.0,0.0,153
live_feasible,lgbm,2000,bar1600,1469,sumret_avail_ma_125,availability,availability,0.0,0.0,0.0,153
live_feasible,lgbm,2000,bar1600,1469,sumret_avail_ma_25,availability,availability,0.0,0.0,0.0,153
live_feasible,lgbm,2000,bar1600,1469,sumbipow_avail_ma_625,availability,availability,0.0,0.0,0.0,153
live_feasible,lgbm,2000,bar1600,1469,sumbipow_avail_ma_3125,availability,availability,0.0,0.0,0.0,153
live_feasible,lgbm,2000,bar1600,1469,sumautocov_avail_ma_1,availability,availability,0.0,0.0,0.0,153
live_feasible,lgbm,2000,bar1600,1469,sumautocov_avail_ma_5,availability,availability,0.0,0.0,0.0,153
live_feasible,lgbm,2000,bar1600,1469,sumbipow_avail_ma_1,availability,availability,0.0,0.0,0.0,153
live_feasible,lgbm,2000,bar1600,1469,sumpret2_avail_ma_25,availability,availability,0.0,0.0,0.0,153
live_feasible,lgbm,2000,bar1600,1469,sumpret2_avail_ma_625,availability,availability,0.0,0.0,0.0,153
live_feasible,lgbm,2000,bar1600,1469,sumpret2_avail_ma_125,availability,availability,0.0,0.0,0.0,153
live_feasible,lgbm,2000,bar1600,1469,fomc_until_inv_avail_ma_3125,availability,availability,0.0,0.0,0.0,153
live_feasible,lgbm,2000,bar1600,1469,fomc_until_inv_avail_ma_625,availability,availability,0.0,0.0,0.0,153
live_feasible,lgbm,2000,bar1600,1469,fomc_until_inv_avail_ma_125,availability,availability,0.0,0.0,0.0,153
live_feasible,lgbm,2000,bar1600,1469,fomc_until_inv_avail_ma_25,availability,availability,0.0,0.0,0.0,153
live_feasible,lgbm,2000,bar1600,1469,fomc_until_inv_avail_ma_5,availability,availability,0.0,0.0,0.0,153
live_feasible,lgbm,2000,bar1600,1469,fomc_until_inv_avail_ma_1,availability,availability,0.0,0.0,0.0,153
live_feasible,lgbm,2000,bar1600,1469,fomc_day_avail_ma_3125,availability,availability,0.0,0.0,0.0,153
live_feasible,lgbm,2000,bar1600,1469,fomc_day_avail_ma_625,availability,availability,0.0,0.0,0.0,153
live_feasible,lgbm,2000,bar1600,1469,fomc_day_avail_ma_125,availability,availability,0.0,0.0,0.0,153
live_feasible,lgbm,2000,bar1600,1469,fomc_day_avail_ma_25,availability,availability,0.0,0.0,0.0,153
live_feasible,lgbm,2000,bar1600,1469,fomc_day_avail_ma_5,availability,availability,0.0,0.0,0.0,153
live_feasible,lgbm,2000,bar1600,1469,fomc_day_avail_ma_1,availability,availability,0.0,0.0,0.0,153
live_feasible,lgbm,2000,bar1600,1469,fomc_release_avail_ma_25,availability,availability,0.0,0.0,0.0,153
live_feasible,lgbm,2000,bar1600,1469,fomc_release_avail_ma_5,availability,availability,0.0,0.0,0.0,153
live_feasible,lgbm,2000,bar1600,1469,fomc_release_avail_ma_1,availability,availability,0.0,0.0,0.0,153
live_feasible,lgbm,2000,bar1600,1469,sumbipow_avail_ma_125,availability,availability,0.0,0.0,0.0,153
live_feasible,lgbm,2000,bar1600,1469,sumautocov_avail_ma_3125,availability,availability,0.0,0.0,0.0,153
live_feasible,lgbm,2000,bar1600,1469,sumautocov_avail_ma_625,availability,availability,0.0,0.0,0.0,153
live_feasible,lgbm,2000,bar1600,1469,sumautocov_avail_ma_125,availability,availability,0.0,0.0,0.0,153
live_feasible,lgbm,2000,bar1600,1469,sumautocov_avail_ma_25,availability,availability,0.0,0.0,0.0,153
live_feasible,lgbm,2000,bar1600,1469,sumvolume_avail_ma_1,availability,availability,0.0,0.0,0.0,153
live_feasible,lgbm,2000,bar1600,1469,sumvolume_avail_ma_5,availability,availability,0.0,0.0,0.0,153
live_feasible,lgbm,2000,bar1600,1469,sumvolume_avail_ma_25,availability,availability,0.0,0.0,0.0,153
live_feasible,lgbm,2000,bar1600,1469,sumvolume_avail_ma_125,availability,availability,0.0,0.0,0.0,153
live_feasible,lgbm,2000,bar1600,1469,numobs_avail_ma_5,availability,availability,0.0,0.0,0.0,153
live_feasible,lgbm,2000,bar1600,1469,numobs_avail_ma_1,availability,availability,0.0,0.0,0.0,153
live_feasible,lgbm,2000,bar1600,1469,sumvolume_avail_ma_3125,availability,availability,0.0,0.0,0.0,153
live_feasible,lgbm,2000,bar1600,1469,sumvolume_avail_ma_625,availability,availability,0.0,0.0,0.0,153
live_feasible,lgbm,2000,bar1600,1469,numobs_avail_ma_3125,availability,availability,0.0,0.0,0.0,153
live_feasible,lgbm,2000,bar1600,1469,numobs_avail_ma_625,availability,availability,0.0,0.0,0.0,153
live_feasible,lgbm,2000,bar1600,1469,numobs_avail_ma_125,availability,availability,0.0,0.0,0.0,153
live_feasible,lgbm,2000,bar1600,1469,numobs_avail_ma_25,availability,availability,0.0,0.0,0.0,153
live_feasible,lgbm,2000,bar1600,1469,sumpret2_avail_ma_3125,availability,availability,0.0,0.0,0.0,153
live_feasible,lgbm,2000,bar1600,1469,sumbipow_avail_ma_25,availability,availability,0.0,0.0,0.0,153
live_feasible,lgbm,2000,bar1600,1469,sumbipow_avail_ma_5,availability,availability,0.0,0.0,0.0,153
live_feasible,lgbm,2000,bar1600,1469,is_overnight,calendar,calendar,0.0,0.0,0.0,153
live_feasible,lgbm,2000,bar1600,1469,is_open,calendar,calendar,0.0,0.0,0.0,153
live_feasible,lgbm,2000,bar1600,1469,fomc_since_inv_avail_ma_1,availability,availability,0.0,0.0,0.0,153
live_feasible,lgbm,2000,bar1600,1469,fomc_since_inv_avail_ma_25,availability,availability,0.0,0.0,0.0,153
live_feasible,lgbm,2000,bar1600,1469,fomc_release_active_ma_1,hurdle_active,hurdle_active,0.0,0.0,0.0,153
live_feasible,lgbm,2000,bar1600,1469,fomc_since_inv_avail_ma_625,availability,availability,0.0,0.0,0.0,153
live_feasible,lgbm,2000,bar1600,1469,fomc_since_inv_avail_ma_3125,availability,availability,0.0,0.0,0.0,153
live_feasible,lgbm,2000,bar1600,1469,hour,calendar,calendar,0.0,0.0,0.0,153
live_feasible,lgbm,2000,bar1600,1469,fomc_since_inv_avail_ma_125,availability,availability,0.0,0.0,0.0,153
live_feasible,lgbm,2000,bar1600,1469,fomc_since_inv_avail_ma_5,availability,availability,0.0,0.0,0.0,153
live_feasible,lgbm,2000,bar1600,1469,har_ma_1_x_open,har_x_session,har_x_session,0.0,0.0,0.0,153
live_feasible,lgbm,2000,bar1600,1469,har_ma_5_x_open,har_x_session,har_x_session,0.0,0.0,0.0,153
live_feasible,lgbm,2000,bar1600,1469,is_close,calendar,calendar,0.0,0.0,0.0,153
live_feasible,lgbm,2000,bar1600,1469,har_ma_125_x_open,har_x_session,har_x_session,0.0,0.0,0.0,153
live_feasible,lgbm,2000,bar1600,1469,har_ma_25_x_open,har_x_session,har_x_session,0.0,0.0,0.0,153
live_feasible,lgbm,2000,bar1600,1469,har_ma_625_x_open,har_x_session,har_x_session,0.0,0.0,0.0,153
live_feasible,lgbm,2000,bar1600,1469,har_ma_3125_x_open,har_x_session,har_x_session,0.0,0.0,0.0,153
live_feasible,rf,2000,bar1600,1469,har_ma_1,har_ladder,har_ladder,0.05403366139197002,0.0011457951250450414,0.13563818023315335,1
live_feasible,rf,2000,bar1600,1469,har_ma_1_x_close,har_x_session,har_x_session,0.04755952364657162,0.001097536468232418,0.11938645418419251,2
live_feasible,rf,2000,bar1600,1469,har_ma_5_x_close,har_x_session,har_x_session,0.044481039021188426,0.0022663773926299246,0.1116586777998816,3
live_feasible,rf,2000,bar1600,1469,har_ma_5,har_ladder,har_ladder,0.036588511107749855,0.0022777886704151724,0.0918464330613219,4
live_feasible,rf,2000,bar1600,1469,adj_sumabsret_ma_5,exog:moments,sumabsret,0.0158306245335909,0.00016093876054210522,0.03973887847640256,5
live_feasible,rf,2000,bar1600,1469,adj_sumabsret_ma_1,exog:moments,sumabsret,0.01330067229354717,-0.00039539571981661733,0.03338805735719338,6
live_feasible,rf,2000,bar1600,1469,har_ma_25,har_ladder,har_ladder,0.012758936205229018,0.0014193353753023507,0.03202816251954647,7
live_feasible,rf,2000,bar1600,1469,har_ma_25_x_close,har_x_session,har_x_session,0.012093125051128677,0.0008135849802201945,0.03035680783073527,8
live_feasible,rf,2000,bar1600,1469,adj_sumvolume_ma_5,exog:liquidity,sumvolume,0.010966193175318472,3.891651017632051e-05,0.02752792329942816,9
live_feasible,rf,2000,bar1600,1469,adj_sumvolume_ma_1,exog:liquidity,sumvolume,0.010123665034311042,-7.558699096765462e-05,0.025412964199905567,10
live_feasible,rf,2000,bar1600,1469,adj_sumabsret_ma_25,exog:moments,sumabsret,0.006422490171763804,0.0004409527843022914,0.016122077553545444,11
live_feasible,rf,2000,bar1600,1469,adj_sumret_ma_5,exog:moments,sumret,0.006252149078239201,0.0003197177141517942,0.015694478250640603,12
live_feasible,rf,2000,bar1600,1469,har_ma_125,har_ladder,har_ladder,0.005843195588671445,0.0003669997120204949,0.014667901378076277,13
live_feasible,rf,2000,bar1600,1469,adj_sumret_ma_1,exog:moments,sumret,0.005589494645228375,4.5934945594041034e-05,0.01403104773156092,14
live_feasible,rf,2000,bar1600,1469,har_ma_125_x_close,har_x_session,har_x_session,0.005491146234830822,0.00037091317268846303,0.01378416830359882,15
live_feasible,rf,2000,bar1600,1469,adj_sumret_ma_125,exog:moments,sumret,0.005374838870231273,0.0003176030911953488,0.013492207350452284,16
live_feasible,rf,2000,bar1600,1469,adj_sumbipow_ma_1,exog:moments,sumbipow,0.005182384076106357,-0.0005203074030358842,0.01300909705624355,17
live_feasible,rf,2000,bar1600,1469,adj_sumbipow_ma_5,exog:moments,sumbipow,0.004606234310226531,0.00017431139321138738,0.011562815168758676,18
live_feasible,rf,2000,bar1600,1469,adj_sumvolume_ma_25,exog:liquidity,sumvolume,0.004526354793491008,0.00016365924553882452,0.011362297343225568,19
live_feasible,rf,2000,bar1600,1469,adj_sumret_ma_25,exog:moments,sumret,0.0040889441314648335,-3.630894284553414e-05,0.010264285757791416,20
live_feasible,rf,2000,bar1600,1469,adj_sumvolume_ma_125,exog:liquidity,sumvolume,0.0028016039412471264,0.00017133381191742424,0.007032735715763715,21
live_feasible,rf,2000,bar1600,1469,adj_sumautocov_ma_1,exog:moments,sumautocov,0.0024490704318267183,0.00022845999040019545,0.006147787288113808,22
live_feasible,rf,2000,bar1600,1469,adj_sumpret2_ma_1,exog:moments,sumpret2,0.0023554812142646364,0.0001417931689712941,0.005912854639972885,23
live_feasible,rf,2000,bar1600,1469,is_month_end,calendar,calendar,0.0023421057971505475,-0.0002595774893930213,0.005879278954178548,24
live_feasible,rf,2000,bar1600,1469,adj_sumpret2_ma_5,exog:moments,sumpret2,0.0022654195749158253,-2.1389738920754453e-05,0.005686777106905642,25
live_feasible,rf,2000,bar1600,1469,adj_sumabsret_ma_125,exog:moments,sumabsret,0.0022429321247272728,3.2614776982529277e-05,0.005630327909440888,26
live_feasible,rf,2000,bar1600,1469,adj_sumret3_ma_1,exog:moments,sumret3,0.0020521433974733366,-0.00022794129567111347,0.005151399865198284,27
live_feasible,rf,2000,bar1600,1469,adj_sumret4_ma_1,exog:moments,sumret4,0.0019609982128570903,-0.00022373719110611737,0.004922602358979324,28
live_feasible,rf,2000,bar1600,1469,adj_sumautocov_ma_5,exog:moments,sumautocov,0.0018726698941694308,0.0005894316138992298,0.004700875899931175,29
live_feasible,rf,2000,bar1600,1469,days_to_opex,calendar,calendar,0.0016616093493812178,2.860103589595088e-05,0.004171060457545744,30
live_feasible,rf,2000,bar1600,1469,adj_sumret3_ma_125,exog:moments,sumret3,0.0016164111393253745,0.00031303286224687306,0.004057601498744158,31
live_feasible,rf,2000,bar1600,1469,adj_sumret3_ma_25,exog:moments,sumret3,0.0015349366366131235,3.5409474993938075e-05,0.0038530798542987725,32
live_feasible,rf,2000,bar1600,1469,adj_sumautocov_ma_625,exog:moments,sumautocov,0.0015317615911398243,-0.000993800143096989,0.003845109685721231,33
live_feasible,rf,2000,bar1600,1469,adj_sumret3_ma_5,exog:moments,sumret3,0.0014934332565486666,3.8519546012296264e-05,0.003748895854909376,34
live_feasible,rf,2000,bar1600,1469,adj_sumret4_ma_625,exog:moments,sumret4,0.0014181686509883746,0.00016338100755579089,0.003559962625674586,35
live_feasible,rf,2000,bar1600,1469,adj_sumpret2_ma_3125,exog:moments,sumpret2,0.0014030131150326384,0.00035149361089392933,0.0035219183905711754,36
live_feasible,rf,2000,bar1600,1469,adj_sumret_ma_625,exog:moments,sumret,0.0013851765288509738,0.00016121014906489593,0.003477144040121322,37
live_feasible,rf,2000,bar1600,1469,adj_sumbipow_ma_3125,exog:moments,sumbipow,0.0013508431628138358,0.0002528981568720099,0.003390958592557922,38
live_feasible,rf,2000,bar1600,1469,adj_vix_ma_625,exog:implied_vol,vix,0.001335577891182664,-0.0007557824451736819,0.0033526388931061904,39
live_feasible,rf,2000,bar1600,1469,adj_sumabsret_ma_3125,exog:moments,sumabsret,0.0013050225654505454,0.0003271836304861686,0.003275937283924627,40
live_feasible,rf,2000,bar1600,1469,adj_sumret4_ma_5,exog:moments,sumret4,0.0012941293398834224,0.00019565164468838184,0.003248592527809073,41
live_feasible,rf,2000,bar1600,1469,adj_sumbipow_ma_25,exog:moments,sumbipow,0.0012181134320430375,1.6655594579725006e-05,0.0030577733394989287,42
live_feasible,rf,2000,bar1600,1469,adj_sumret4_ma_3125,exog:moments,sumret4,0.0012082488920412294,0.000293275677482205,0.003033010844783343,43
live_feasible,rf,2000,bar1600,1469,numobs_active_ma_625,hurdle_active,hurdle_active,0.001184825667354412,-0.0010304530015637135,0.0029742126162371593,44
live_feasible,rf,2000,bar1600,1469,adj_fomc_until_inv_ma_3125,exog:fomc,fomc_until_inv,0.0011148368546447323,0.00016943087962410674,0.002798522963748965,45
live_feasible,rf,2000,bar1600,1469,adj_vvix_ma_1,exog:implied_vol,vvix,0.0010989122462880527,0.0002976431490131533,0.0027585481620645714,46
live_feasible,rf,2000,bar1600,1469,adj_sumautocov_ma_125,exog:moments,sumautocov,0.0010926571435029156,-0.000550352579619718,0.0027428462692612567,47
live_feasible,rf,2000,bar1600,1469,adj_vix3m_ma_625,exog:implied_vol,vix3m,0.0010397410990161382,-0.0005738785424200019,0.00261001359062309,48
live_feasible,rf,2000,bar1600,1469,adj_vix_ma_1,exog:implied_vol,vix,0.0010221686266557097,0.00016016402126069188,0.002565902232781252,49
live_feasible,rf,2000,bar1600,1469,adj_vvix_ma_3125,exog:implied_vol,vvix,0.0010187593010903926,-0.0002358430090202134,0.0025573439618148,50
live_feasible,rf,2000,bar1600,1469,adj_sumret3_ma_625,exog:moments,sumret3,0.00098097934931627,-1.2611000628032511e-05,0.002462506710813708,51
live_feasible,rf,2000,bar1600,1469,adj_vvix_ma_125,exog:implied_vol,vvix,0.00092485801240053,0.000526758270698042,0.00232162793607582,52
live_feasible,rf,2000,bar1600,1469,adj_fomc_since_inv_ma_3125,exog:fomc,fomc_since_inv,0.000908908326414415,0.00012951850776156792,0.0022815901831877957,53
live_feasible,rf,2000,bar1600,1469,har_ma_3125,har_ladder,har_ladder,0.0008948008376969813,0.00010055230556927157,0.0022461768121890867,54
live_feasible,rf,2000,bar1600,1469,adj_sumpret2_ma_125,exog:moments,sumpret2,0.0008930927661400225,2.199175772438921e-05,0.002241889119818709,55
live_feasible,rf,2000,bar1600,1469,adj_fomc_until_inv_ma_625,exog:fomc,fomc_until_inv,0.0008851035267695681,-0.00011086720421547201,0.0022218341048199195,56
live_feasible,rf,2000,bar1600,1469,adj_sumbipow_ma_625,exog:moments,sumbipow,0.0008790894224731421,0.00011400055734998622,0.0022067371792834087,57
live_feasible,rf,2000,bar1600,1469,adj_numobs_ma_125,exog:liquidity,numobs,0.0008725303207525121,-0.0004643548447668573,0.0021902721721298746,58
live_feasible,rf,2000,bar1600,1469,har_ma_3125_x_close,har_x_session,har_x_session,0.0008642765698405918,0.00013057766144912978,0.002169553166144525,59
live_feasible,rf,2000,bar1600,1469,adj_sumret_ma_3125,exog:moments,sumret,0.0008622752032916173,0.00015335241835054831,0.002164529229034042,60
live_feasible,rf,2000,bar1600,1469,adj_sumret3_ma_3125,exog:moments,sumret3,0.0008374886117428452,0.00018362144065606025,0.002102308604237412,61
live_feasible,rf,2000,bar1600,1469,adj_sumpret2_ma_25,exog:moments,sumpret2,0.0008114952196365217,-4.105313438205547e-05,0.002037058604282523,62
live_feasible,rf,2000,bar1600,1469,adj_sumpret2_ma_625,exog:moments,sumpret2,0.0007913794083559674,0.00011966606096773186,0.001986562821362778,63
live_feasible,rf,2000,bar1600,1469,adj_numobs_ma_25,exog:liquidity,numobs,0.00078475717708473,0.00037070644815820813,0.001969939343042517,64
live_feasible,rf,2000,bar1600,1469,numobs_active_ma_3125,hurdle_active,hurdle_active,0.000775894472329553,-0.00010178954882906898,0.0019476917086241217,65
live_feasible,rf,2000,bar1600,1469,adj_vix_ma_25,exog:implied_vol,vix,0.0007744042537915614,0.00021338622658175095,0.0019439508825272816,66
live_feasible,rf,2000,bar1600,1469,adj_sumbipow_ma_125,exog:moments,sumbipow,0.0007715668878269326,4.021481107795039e-05,0.001936828375072051,67
live_feasible,rf,2000,bar1600,1469,har_ma_625,har_ladder,har_ladder,0.000764839409205485,0.00010589566002926025,0.001919940699236961,68
live_feasible,rf,2000,bar1600,1469,adj_vvix_ma_625,exog:implied_vol,vvix,0.0007236188676842741,-0.0002236439233962834,0.0018164666962519796,69
live_feasible,rf,2000,bar1600,1469,numobs_active_ma_125,hurdle_active,hurdle_active,0.000723244645438344,-0.0005261713679705843,0.0018155273036005635,70
live_feasible,rf,2000,bar1600,1469,adj_vix_ma_5,exog:implied_vol,vix,0.0007226185874536389,0.000136356235666173,0.0018139557394389228,71
live_feasible,rf,2000,bar1600,1469,adj_vvix_ma_5,exog:implied_vol,vvix,0.0007218061509912366,0.00013167332345906792,0.001811916318076822,72
live_feasible,rf,2000,bar1600,1469,har_ma_625_x_close,har_x_session,har_x_session,0.0007048855404608519,0.00010565949500061378,0.0017694412985861682,73
live_feasible,rf,2000,bar1600,1469,adj_vix_ma_3125,exog:implied_vol,vix,0.0006784844398329042,-0.00029407394435388025,0.0017031678469436823,74
live_feasible,rf,2000,bar1600,1469,adj_sumautocov_ma_25,exog:moments,sumautocov,0.0006691789204384885,0.00021649563787504158,0.0016798086355878806,75
live_feasible,rf,2000,bar1600,1469,adj_vix3m_ma_3125,exog:implied_vol,vix3m,0.000668303992864234,-0.0001805095186774765,0.001677612345702085,76
live_feasible,rf,2000,bar1600,1469,adj_numobs_ma_3125,exog:liquidity,numobs,0.0006662877544583029,0.0002104400871188057,0.0016725510764626598,77
live_feasible,rf,2000,bar1600,1469,adj_sumvolume_ma_3125,exog:liquidity,sumvolume,0.0006400347849363143,5.543465399944763e-05,0.0016066494714270965,78
live_feasible,rf,2000,bar1600,1469,adj_sumvolume_ma_625,exog:liquidity,sumvolume,0.0006300786329046083,2.2456967440593015e-05,0.0015816570073053536,79
live_feasible,rf,2000,bar1600,1469,adj_sumautocov_ma_3125,exog:moments,sumautocov,0.0006256364220062183,-0.00019140013086985466,0.0015705059324577948,80
live_feasible,rf,2000,bar1600,1469,adj_fomc_since_inv_ma_25,exog:fomc,fomc_since_inv,0.0006207095815844678,-8.886124470374421e-05,0.0015581383147193328,81
live_feasible,rf,2000,bar1600,1469,adj_fomc_since_inv_ma_625,exog:fomc,fomc_since_inv,0.000619602896254902,4.3619430438378534e-05,0.0015553602541488283,82
live_feasible,rf,2000,bar1600,1469,adj_vix3m_ma_1,exog:implied_vol,vix3m,0.0005924446490296667,4.669741811503943e-07,0.0014871861727140943,83
live_feasible,rf,2000,bar1600,1469,adj_fomc_since_inv_ma_125,exog:fomc,fomc_since_inv,0.0005920502988922058,-1.8087892629484513e-05,0.0014861962539552695,84
live_feasible,rf,2000,bar1600,1469,adj_fomc_until_inv_ma_1,exog:fomc,fomc_until_inv,0.00058047102789019,-6.9012207356060746e-06,0.0014571293499794943,85
live_feasible,rf,2000,bar1600,1469,adj_numobs_ma_625,exog:liquidity,numobs,0.0005674339408144125,-0.0001996957425183913,0.001424402958301687,86
live_feasible,rf,2000,bar1600,1469,adj_sumret4_ma_25,exog:moments,sumret4,0.0005667556984994943,7.77371214396446e-05,0.001422700398249625,87
live_feasible,rf,2000,bar1600,1469,adj_fomc_until_inv_ma_25,exog:fomc,fomc_until_inv,0.0005640237100911372,-1.0785748097850322e-06,0.0014158424151594269,88
live_feasible,rf,2000,bar1600,1469,adj_fomc_until_inv_ma_5,exog:fomc,fomc_until_inv,0.0005614346148551983,-1.4306020591672464e-05,0.001409343130135864,89
live_feasible,rf,2000,bar1600,1469,adj_vix_ma_125,exog:implied_vol,vix,0.0005538016789107141,-2.0536813822435858e-05,0.001390182527010422,90
live_feasible,rf,2000,bar1600,1469,adj_vvix_ma_25,exog:implied_vol,vvix,0.0005459865139458159,-7.81992593406565e-07,0.00137056448287362,91
live_feasible,rf,2000,bar1600,1469,adj_sumret4_ma_125,exog:moments,sumret4,0.0005411861573533274,4.869644221996928e-05,0.0013585143715929486,92
live_feasible,rf,2000,bar1600,1469,adj_fomc_since_inv_ma_5,exog:fomc,fomc_since_inv,0.0005267504229435775,-3.399581913340406e-05,0.0013222770207411592,93
live_feasible,rf,2000,bar1600,1469,adj_fomc_since_inv_ma_1,exog:fomc,fomc_since_inv,0.0005242029169660154,-4.231469222495982e-05,0.0013158821352933084,94
live_feasible,rf,2000,bar1600,1469,adj_sumabsret_ma_625,exog:moments,sumabsret,0.0005183211680670363,4.170542093655062e-05,0.0013011174553383715,95
live_feasible,rf,2000,bar1600,1469,adj_fomc_until_inv_ma_125,exog:fomc,fomc_until_inv,0.0004937564395715103,1.3216780048002967e-06,0.0012394537630173142,96
live_feasible,rf,2000,bar1600,1469,adj_vix3m_ma_5,exog:implied_vol,vix3m,0.0004517494444401346,1.7439435068942074e-06,0.0011340055622124454,97
live_feasible,rf,2000,bar1600,1469,adj_vix3m_ma_25,exog:implied_vol,vix3m,0.00042463053071655166,-2.5564252369869354e-05,0.0010659302178325193,98
live_feasible,rf,2000,bar1600,1469,adj_vix3m_ma_125,exog:implied_vol,vix3m,0.0004151011114028942,-0.0001698677937501939,0.0010420089609514292,99
live_feasible,rf,2000,bar1600,1469,vix_avail_ma_3125,availability,availability,0.0003926683070304203,-4.814539172318721e-05,0.0009856969383302697,100
live_feasible,rf,2000,bar1600,1469,vix3m_avail_ma_3125,availability,availability,0.00036043880039026625,4.247751658846348e-06,0.0009047927108937686,101
live_feasible,rf,2000,bar1600,1469,vvix_avail_ma_3125,availability,availability,0.0003554815006688124,-4.192318799631754e-05,0.0008923486325957867,102
live_feasible,rf,2000,bar1600,1469,vix_avail_ma_625,availability,availability,0.0003504873894517444,-3.6820862521750674e-05,0.0008798121481171364,103
live_feasible,rf,2000,bar1600,1469,DOW_4,calendar,calendar,0.00032937882634572694,1.3911821566065527e-05,0.0008268243065887371,104
live_feasible,rf,2000,bar1600,1469,vix3m_avail_ma_625,availability,availability,0.00031383552169954505,6.193616404512796e-05,0.0007878066738260064,105
live_feasible,rf,2000,bar1600,1469,vvix_avail_ma_625,availability,availability,0.00028225433843816287,8.575250393008249e-05,0.000708529902331484,106
live_feasible,rf,2000,bar1600,1469,is_quarter_end,calendar,calendar,0.0002244839770248812,-7.28092294817621e-05,0.0005635116583027054,107
live_feasible,rf,2000,bar1600,1469,fomc_day_active_ma_625,hurdle_active,hurdle_active,0.00019256392880971358,2.0760730510771653e-05,0.00048338424991828535,108
live_feasible,rf,2000,bar1600,1469,adj_fomc_day_ma_625,exog:fomc,fomc_day,0.00018350486047582245,-2.1483604063220784e-05,0.0004606436931660201,109
live_feasible,rf,2000,bar1600,1469,adj_numobs_ma_5,exog:liquidity,numobs,0.0001594074529596676,3.2683661534821624e-05,0.0004001530949051054,110
live_feasible,rf,2000,bar1600,1469,DOW_2,calendar,calendar,0.00014985051306096235,3.141694990426271e-05,0.00037616275438284274,111
live_feasible,rf,2000,bar1600,1469,vix_avail_ma_125,availability,availability,0.00014913508814364993,-1.0984629757004108e-05,0.00037436685657806927,112
live_feasible,rf,2000,bar1600,1469,DOW_1,calendar,calendar,0.00012399290204249678,1.1124251513000406e-05,0.0003112535993604029,113
live_feasible,rf,2000,bar1600,1469,fomc_day_active_ma_125,hurdle_active,hurdle_active,0.00012270095871833115,8.066602733510368e-05,0.0003080104942859013,114
live_feasible,rf,2000,bar1600,1469,fomc_release_active_ma_625,hurdle_active,hurdle_active,0.00011456374523811108,2.0202031133984456e-05,0.0002875840267804112,115
live_feasible,rf,2000,bar1600,1469,adj_numobs_ma_1,exog:liquidity,numobs,0.00011090861843478257,2.8993155113863474e-05,0.0002784087324295719,116
live_feasible,rf,2000,bar1600,1469,fomc_day_active_ma_3125,hurdle_active,hurdle_active,0.00010718914392565024,5.851285714435868e-05,0.0002690719090338269,117
live_feasible,rf,2000,bar1600,1469,fomc_release_active_ma_3125,hurdle_active,hurdle_active,9.654277668920838e-05,6.749437828171601e-05,0.00024234682987309022,118
live_feasible,rf,2000,bar1600,1469,vix_avail_ma_25,availability,availability,8.902827025096827e-05,3.0102367784589002e-05,0.00022348351481399494,119
live_feasible,rf,2000,bar1600,1469,fomc_release_active_ma_125,hurdle_active,hurdle_active,8.780163318648473e-05,4.5025320847563656e-05,0.00022040434499749588,120
live_feasible,rf,2000,bar1600,1469,DOW_0,calendar,calendar,7.875061573269082e-05,9.548245594496089e-06,0.0001976839979940711,121
live_feasible,rf,2000,bar1600,1469,DOW_3,calendar,calendar,7.607916352673634e-05,1.7719622665718544e-06,0.00019097797610954714,122
live_feasible,rf,2000,bar1600,1469,is_opex_week,calendar,calendar,7.090117125983572e-05,6.022845386510525e-06,0.00017797990360713265,123
live_feasible,rf,2000,bar1600,1469,vix3m_avail_ma_1,availability,availability,6.891943534657648e-05,6.050725326268767e-06,0.0001730052443659746,124
live_feasible,rf,2000,bar1600,1469,fomc_release_avail_ma_3125,availability,availability,6.719741287029314e-05,5.866421161837335e-05,0.00016868253165344368,125
live_feasible,rf,2000,bar1600,1469,adj_fomc_day_ma_3125,exog:fomc,fomc_day,6.464049665848241e-05,1.1361803866131052e-05,0.00016226402413342217,126
live_feasible,rf,2000,bar1600,1469,vvix_avail_ma_1,availability,availability,6.080365041677646e-05,-1.3536134738408184e-05,0.00015263256795124404,127
live_feasible,rf,2000,bar1600,1469,numobs_active_ma_25,hurdle_active,hurdle_active,6.033416213393319e-05,3.4692411059912074e-05,0.00015145403341027151,128
live_feasible,rf,2000,bar1600,1469,fomc_until_inv_avail_ma_3125,availability,availability,5.9970440888706786e-05,5.751331757696068e-05,0.00015054100093118844,129
live_feasible,rf,2000,bar1600,1469,vix3m_avail_ma_5,availability,availability,5.821061859987271e-05,-3.6176669882798324e-06,0.00014612340111207512,130
live_feasible,rf,2000,bar1600,1469,fomc_day_avail_ma_3125,availability,availability,5.521410285429188e-05,4.5206351719456566e-05,0.00013860138738396274,131
live_feasible,rf,2000,bar1600,1469,vix_avail_ma_5,availability,availability,5.254765507564978e-05,-3.539628122098757e-06,0.0001319079278799304,132
live_feasible,rf,2000,bar1600,1469,adj_fomc_day_ma_125,exog:fomc,fomc_day,4.905887941888989e-05,-1.3841710926651174e-05,0.0001231502170542309,133
live_feasible,rf,2000,bar1600,1469,vvix_avail_ma_5,availability,availability,4.892538673212123e-05,5.231062746513141e-06,0.00012281511658831235,134
live_feasible,rf,2000,bar1600,1469,vix3m_avail_ma_25,availability,availability,4.7667902704710436e-05,1.7768857926807915e-06,0.00011965851307938181,135
live_feasible,rf,2000,bar1600,1469,fomc_day_active_ma_1,hurdle_active,hurdle_active,4.108694037301993e-05,3.049701197670515e-05,0.0001031386302534128,136
live_feasible,rf,2000,bar1600,1469,vix3m_avail_ma_125,availability,availability,4.067902991168667e-05,9.790749532201063e-06,0.00010211467164598199,137
live_feasible,rf,2000,bar1600,1469,is_opex,calendar,calendar,3.9545463305691516e-05,-1.116887042104288e-06,9.926913226091443e-05,138
live_feasible,rf,2000,bar1600,1469,numobs_active_ma_1,hurdle_active,hurdle_active,3.953696903506676e-05,2.0222526408545982e-05,9.924780948951103e-05,139
live_feasible,rf,2000,bar1600,1469,vvix_avail_ma_25,availability,availability,3.868093694984563e-05,-4.068706599515253e-06,9.709895206861006e-05,140
live_feasible,rf,2000,bar1600,1469,vix_avail_ma_1,availability,availability,3.7822403485416964e-05,-1.670318834862434e-06,9.494381555214081e-05,141
live_feasible,rf,2000,bar1600,1469,is_rebalance_close,calendar,calendar,3.547464942644502e-05,-7.658517266458033e-06,8.905035802972908e-05,142
live_feasible,rf,2000,bar1600,1469,fomc_day_active_ma_25,hurdle_active,hurdle_active,3.43029831906746e-05,2.754199877692373e-05,8.610917892088294e-05,143
live_feasible,rf,2000,bar1600,1469,vvix_avail_ma_125,availability,availability,3.407425598146041e-05,6.207124383383065e-06,8.553501567470634e-05,144
live_feasible,rf,2000,bar1600,1469,numobs_active_ma_5,hurdle_active,hurdle_active,3.271672074397534e-05,1.3108759746827444e-05,8.212725827919842e-05,145
live_feasible,rf,2000,bar1600,1469,is_quad_witch,calendar,calendar,3.218692718710688e-05,-1.0024811024462147e-05,8.079734222128777e-05,146
live_feasible,rf,2000,bar1600,1469,fomc_release_active_ma_5,hurdle_active,hurdle_active,3.067481312628742e-05,2.4616555794237608e-05,7.700155281463106e-05,147
live_feasible,rf,2000,bar1600,1469,fomc_day_active_ma_5,hurdle_active,hurdle_active,2.7278517745197323e-05,2.301267621316001e-05,6.847599091195785e-05,148
live_feasible,rf,2000,bar1600,1469,fomc_release_active_ma_25,hurdle_active,hurdle_active,2.470365669163336e-05,1.4099473849464358e-05,6.201243729257387e-05,149
live_feasible,rf,2000,bar1600,1469,adj_fomc_day_ma_25,exog:fomc,fomc_day,2.008446465650476e-05,-5.3131095886086114e-06,5.0417094951300845e-05,150
live_feasible,rf,2000,bar1600,1469,fomc_since_inv_avail_ma_3125,availability,availability,1.608347884223558e-05,7.998435648992282e-06,4.037360685506789e-05,151
live_feasible,rf,2000,bar1600,1469,fomc_day_avail_ma_625,availability,availability,1.3010396776100752e-05,1.0845660951995999e-05,3.2659392263279896e-05,152
live_feasible,rf,2000,bar1600,1469,fomc_since_inv_avail_ma_625,availability,availability,1.0901743705430387e-05,1.0235386680208873e-05,2.7366138800887578e-05,153
live_feasible,rf,2000,bar1600,1469,fomc_release_avail_ma_125,availability,availability,1.0439266886435926e-05,9.889805496851704e-06,2.6205204810622235e-05,154
live_feasible,rf,2000,bar1600,1469,adj_fomc_day_ma_5,exog:fomc,fomc_day,9.291629688634336e-06,-3.407879435148873e-06,2.3324344675150897e-05,155
live_feasible,rf,2000,bar1600,1469,fomc_until_inv_avail_ma_1,availability,availability,8.499140882745287e-06,5.964806223841686e-06,2.133499698489962e-05,156
live_feasible,rf,2000,bar1600,1469,fomc_since_inv_avail_ma_25,availability,availability,8.266204366850105e-06,5.735970298230896e-06,2.075026731247048e-05,157
live_feasible,rf,2000,bar1600,1469,fomc_release_avail_ma_625,availability,availability,7.619465536264148e-06,2.8325126660557754e-06,1.9126788987904577e-05,158
live_feasible,rf,2000,bar1600,1469,fomc_day_avail_ma_25,availability,availability,6.665361982858274e-06,6.0139943890371214e-06,1.67317473341626e-05,159
live_feasible,rf,2000,bar1600,1469,fomc_until_inv_avail_ma_625,availability,availability,5.850473320798868e-06,4.612393097707675e-06,1.4686170329625334e-05,160
live_feasible,rf,2000,bar1600,1469,adj_fomc_day_ma_1,exog:fomc,fomc_day,5.7716454660981655e-06,-1.254027344132933e-06,1.4488292442252044e-05,161
live_feasible,rf,2000,bar1600,1469,fomc_since_inv_avail_ma_125,availability,availability,5.362627985154972e-06,4.4952401365276165e-06,1.3461554935122315e-05,162
live_feasible,rf,2000,bar1600,1469,fomc_day_avail_ma_125,availability,availability,5.2477353085640125e-06,4.454881625509345e-06,1.3173145207307166e-05,163
live_feasible,rf,2000,bar1600,1469,fomc_until_inv_avail_ma_25,availability,availability,5.1853192487145024e-06,4.376460058302117e-06,1.301646508315461e-05,164
live_feasible,rf,2000,bar1600,1469,fomc_day_avail_ma_1,availability,availability,4.965884834321683e-06,4.145592865525663e-06,1.2465629106431534e-05,165
live_feasible,rf,2000,bar1600,1469,fomc_release_avail_ma_1,availability,availability,3.8382271045007515e-06,3.1800265404454963e-06,9.634922497652832e-06,166
live_feasible,rf,2000,bar1600,1469,fomc_day_avail_ma_5,availability,availability,3.7240807706520332e-06,1.1816266251946385e-07,9.348386279216468e-06,167
live_feasible,rf,2000,bar1600,1469,fomc_until_inv_avail_ma_125,availability,availability,2.880239846033526e-06,6.087015303667813e-07,7.230131760219067e-06,168
live_feasible,rf,2000,bar1600,1469,fomc_since_inv_avail_ma_5,availability,availability,2.785734047851137e-06,1.4466874922665653e-06,6.99289826249341e-06,169
live_feasible,rf,2000,bar1600,1469,fomc_until_inv_avail_ma_5,availability,availability,2.753298625050294e-06,-7.427938128674039e-07,6.911477133322009e-06,170
live_feasible,rf,2000,bar1600,1469,fomc_since_inv_avail_ma_1,availability,availability,2.252287315577041e-06,1.5681545030836222e-06,5.653811808734542e-06,171
live_feasible,rf,2000,bar1600,1469,fomc_release_active_ma_1,hurdle_active,hurdle_active,1.9783896099911707e-06,1.2589528368624433e-07,4.966259172125236e-06,172
live_feasible,rf,2000,bar1600,1469,fomc_release_avail_ma_5,availability,availability,1.7291205370927568e-06,1.6626148297813287e-06,4.340530643549701e-06,173
live_feasible,rf,2000,bar1600,1469,fomc_release_avail_ma_25,availability,availability,4.869366230421718e-07,4.5634392089193025e-07,1.2223342956383938e-06,174
live_feasible,rf,2000,bar1600,1469,sumabsret_avail_ma_3125,availability,availability,0.0,0.0,0.0,175
live_feasible,rf,2000,bar1600,1469,sumabsret_avail_ma_625,availability,availability,0.0,0.0,0.0,175
live_feasible,rf,2000,bar1600,1469,sumabsret_avail_ma_125,availability,availability,0.0,0.0,0.0,175
live_feasible,rf,2000,bar1600,1469,sumabsret_avail_ma_25,availability,availability,0.0,0.0,0.0,175
live_feasible,rf,2000,bar1600,1469,sumabsret_avail_ma_5,availability,availability,0.0,0.0,0.0,175
live_feasible,rf,2000,bar1600,1469,sumabsret_avail_ma_1,availability,availability,0.0,0.0,0.0,175
live_feasible,rf,2000,bar1600,1469,sumret_avail_ma_3125,availability,availability,0.0,0.0,0.0,175
live_feasible,rf,2000,bar1600,1469,sumret_avail_ma_625,availability,availability,0.0,0.0,0.0,175
live_feasible,rf,2000,bar1600,1469,sumret_avail_ma_125,availability,availability,0.0,0.0,0.0,175
live_feasible,rf,2000,bar1600,1469,sumret_avail_ma_25,availability,availability,0.0,0.0,0.0,175
live_feasible,rf,2000,bar1600,1469,sumret_avail_ma_5,availability,availability,0.0,0.0,0.0,175
live_feasible,rf,2000,bar1600,1469,sumret_avail_ma_1,availability,availability,0.0,0.0,0.0,175
live_feasible,rf,2000,bar1600,1469,adj_fomc_release_ma_5,exog:fomc,fomc_release,0.0,0.0,0.0,175
live_feasible,rf,2000,bar1600,1469,adj_fomc_release_ma_1,exog:fomc,fomc_release,0.0,0.0,0.0,175
live_feasible,rf,2000,bar1600,1469,adj_fomc_release_ma_25,exog:fomc,fomc_release,0.0,0.0,0.0,175
live_feasible,rf,2000,bar1600,1469,adj_fomc_release_ma_125,exog:fomc,fomc_release,0.0,0.0,0.0,175
live_feasible,rf,2000,bar1600,1469,adj_fomc_release_ma_625,exog:fomc,fomc_release,0.0,0.0,0.0,175
live_feasible,rf,2000,bar1600,1469,adj_fomc_release_ma_3125,exog:fomc,fomc_release,0.0,0.0,0.0,175
live_feasible,rf,2000,bar1600,1469,sumpret2_avail_ma_5,availability,availability,0.0,0.0,0.0,175
live_feasible,rf,2000,bar1600,1469,sumpret2_avail_ma_1,availability,availability,0.0,0.0,0.0,175
live_feasible,rf,2000,bar1600,1469,sumret4_avail_ma_3125,availability,availability,0.0,0.0,0.0,175
live_feasible,rf,2000,bar1600,1469,sumret4_avail_ma_625,availability,availability,0.0,0.0,0.0,175
live_feasible,rf,2000,bar1600,1469,sumret4_avail_ma_125,availability,availability,0.0,0.0,0.0,175
live_feasible,rf,2000,bar1600,1469,sumret4_avail_ma_25,availability,availability,0.0,0.0,0.0,175
live_feasible,rf,2000,bar1600,1469,sumret4_avail_ma_5,availability,availability,0.0,0.0,0.0,175
live_feasible,rf,2000,bar1600,1469,sumret4_avail_ma_1,availability,availability,0.0,0.0,0.0,175
live_feasible,rf,2000,bar1600,1469,sumret3_avail_ma_3125,availability,availability,0.0,0.0,0.0,175
live_feasible,rf,2000,bar1600,1469,sumret3_avail_ma_625,availability,availability,0.0,0.0,0.0,175
live_feasible,rf,2000,bar1600,1469,sumret3_avail_ma_125,availability,availability,0.0,0.0,0.0,175
live_feasible,rf,2000,bar1600,1469,sumret3_avail_ma_25,availability,availability,0.0,0.0,0.0,175
live_feasible,rf,2000,bar1600,1469,sumret3_avail_ma_5,availability,availability,0.0,0.0,0.0,175
live_feasible,rf,2000,bar1600,1469,sumret3_avail_ma_1,availability,availability,0.0,0.0,0.0,175
live_feasible,rf,2000,bar1600,1469,sumautocov_avail_ma_1,availability,availability,0.0,0.0,0.0,175
live_feasible,rf,2000,bar1600,1469,sumautocov_avail_ma_5,availability,availability,0.0,0.0,0.0,175
live_feasible,rf,2000,bar1600,1469,numobs_avail_ma_5,availability,availability,0.0,0.0,0.0,175
live_feasible,rf,2000,bar1600,1469,numobs_avail_ma_1,availability,availability,0.0,0.0,0.0,175
live_feasible,rf,2000,bar1600,1469,sumvolume_avail_ma_3125,availability,availability,0.0,0.0,0.0,175
live_feasible,rf,2000,bar1600,1469,sumvolume_avail_ma_625,availability,availability,0.0,0.0,0.0,175
live_feasible,rf,2000,bar1600,1469,sumvolume_avail_ma_1,availability,availability,0.0,0.0,0.0,175
live_feasible,rf,2000,bar1600,1469,sumvolume_avail_ma_5,availability,availability,0.0,0.0,0.0,175
live_feasible,rf,2000,bar1600,1469,sumvolume_avail_ma_25,availability,availability,0.0,0.0,0.0,175
live_feasible,rf,2000,bar1600,1469,sumvolume_avail_ma_125,availability,availability,0.0,0.0,0.0,175
live_feasible,rf,2000,bar1600,1469,numobs_avail_ma_3125,availability,availability,0.0,0.0,0.0,175
live_feasible,rf,2000,bar1600,1469,numobs_avail_ma_625,availability,availability,0.0,0.0,0.0,175
live_feasible,rf,2000,bar1600,1469,numobs_avail_ma_125,availability,availability,0.0,0.0,0.0,175
live_feasible,rf,2000,bar1600,1469,numobs_avail_ma_25,availability,availability,0.0,0.0,0.0,175
live_feasible,rf,2000,bar1600,1469,sumbipow_avail_ma_1,availability,availability,0.0,0.0,0.0,175
live_feasible,rf,2000,bar1600,1469,sumbipow_avail_ma_5,availability,availability,0.0,0.0,0.0,175
live_feasible,rf,2000,bar1600,1469,sumbipow_avail_ma_25,availability,availability,0.0,0.0,0.0,175
live_feasible,rf,2000,bar1600,1469,sumbipow_avail_ma_125,availability,availability,0.0,0.0,0.0,175
live_feasible,rf,2000,bar1600,1469,sumautocov_avail_ma_3125,availability,availability,0.0,0.0,0.0,175
live_feasible,rf,2000,bar1600,1469,sumautocov_avail_ma_625,availability,availability,0.0,0.0,0.0,175
live_feasible,rf,2000,bar1600,1469,sumautocov_avail_ma_125,availability,availability,0.0,0.0,0.0,175
live_feasible,rf,2000,bar1600,1469,sumautocov_avail_ma_25,availability,availability,0.0,0.0,0.0,175
live_feasible,rf,2000,bar1600,1469,sumpret2_avail_ma_25,availability,availability,0.0,0.0,0.0,175
live_feasible,rf,2000,bar1600,1469,sumpret2_avail_ma_125,availability,availability,0.0,0.0,0.0,175
live_feasible,rf,2000,bar1600,1469,sumpret2_avail_ma_625,availability,availability,0.0,0.0,0.0,175
live_feasible,rf,2000,bar1600,1469,sumpret2_avail_ma_3125,availability,availability,0.0,0.0,0.0,175
live_feasible,rf,2000,bar1600,1469,sumbipow_avail_ma_625,availability,availability,0.0,0.0,0.0,175
live_feasible,rf,2000,bar1600,1469,sumbipow_avail_ma_3125,availability,availability,0.0,0.0,0.0,175
live_feasible,rf,2000,bar1600,1469,hour,calendar,calendar,0.0,0.0,0.0,175
live_feasible,rf,2000,bar1600,1469,is_overnight,calendar,calendar,0.0,0.0,0.0,175
live_feasible,rf,2000,bar1600,1469,is_open,calendar,calendar,0.0,0.0,0.0,175
live_feasible,rf,2000,bar1600,1469,har_ma_1_x_open,har_x_session,har_x_session,0.0,0.0,0.0,175
live_feasible,rf,2000,bar1600,1469,har_ma_5_x_open,har_x_session,har_x_session,0.0,0.0,0.0,175
live_feasible,rf,2000,bar1600,1469,is_close,calendar,calendar,0.0,0.0,0.0,175
live_feasible,rf,2000,bar1600,1469,har_ma_125_x_open,har_x_session,har_x_session,0.0,0.0,0.0,175
live_feasible,rf,2000,bar1600,1469,har_ma_25_x_open,har_x_session,har_x_session,0.0,0.0,0.0,175
live_feasible,rf,2000,bar1600,1469,har_ma_625_x_open,har_x_session,har_x_session,0.0,0.0,0.0,175
live_feasible,rf,2000,bar1600,1469,har_ma_3125_x_open,har_x_session,har_x_session,0.0,0.0,0.0,175
live_feasible,xgb,2000,bar1600,1469,har_ma_1,har_ladder,har_ladder,0.06818341884092086,0.003630575529867726,0.1575724657615848,1
live_feasible,xgb,2000,bar1600,1469,har_ma_5,har_ladder,har_ladder,0.059329939360696554,0.00396567129073762,0.13711199874506028,2
live_feasible,xgb,2000,bar1600,1469,har_ma_1_x_close,har_x_session,har_x_session,0.022975853834075733,0.0020514190581551826,0.05309739527816525,3
live_feasible,xgb,2000,bar1600,1469,har_ma_25,har_ladder,har_ladder,0.0225287727880548,0.001364835996732443,0.0520641871461244,4
live_feasible,xgb,2000,bar1600,1469,adj_sumret_ma_5,exog:moments,sumret,0.016599266293434153,0.0013665876020060046,0.03836104677871938,5
live_feasible,xgb,2000,bar1600,1469,adj_sumvolume_ma_1,exog:liquidity,sumvolume,0.015390163698460947,-0.0004247149555173457,0.03556680031106769,6
live_feasible,xgb,2000,bar1600,1469,har_ma_125,har_ladder,har_ladder,0.015111601410065722,0.00128577964587092,0.0349230404733125,7
live_feasible,xgb,2000,bar1600,1469,adj_sumabsret_ma_1,exog:moments,sumabsret,0.013747270094380787,-0.001991132489299618,0.031770059100674146,8
live_feasible,xgb,2000,bar1600,1469,har_ma_5_x_close,har_x_session,har_x_session,0.013291762034384222,0.0018370293529182049,0.030717376067055747,9
live_feasible,xgb,2000,bar1600,1469,adj_sumret_ma_1,exog:moments,sumret,0.012042091020799667,0.0003283363680439333,0.02782937563603134,10
live_feasible,xgb,2000,bar1600,1469,adj_sumvolume_ma_5,exog:liquidity,sumvolume,0.010067238122735125,1.372294437666116e-06,0.023265473649971308,11
live_feasible,xgb,2000,bar1600,1469,adj_sumret_ma_25,exog:moments,sumret,0.008097880496454279,0.0004820179356046295,0.018714271284137236,12
live_feasible,xgb,2000,bar1600,1469,adj_sumabsret_ma_5,exog:moments,sumabsret,0.007770559690523936,-0.0003426681727336295,0.017957830094148693,13
live_feasible,xgb,2000,bar1600,1469,adj_sumret_ma_125,exog:moments,sumret,0.006997046214103513,0.001357845056319632,0.016170233815590844,14
live_feasible,xgb,2000,bar1600,1469,is_month_end,calendar,calendar,0.006541863687550732,-0.00036607278492542614,0.015118303092553178,15
live_feasible,xgb,2000,bar1600,1469,har_ma_25_x_close,har_x_session,har_x_session,0.006201049626820817,0.0004986941146282663,0.014330678874988996,16
live_feasible,xgb,2000,bar1600,1469,adj_sumvolume_ma_25,exog:liquidity,sumvolume,0.004767602063830358,0.0003222199392358401,0.011017969262006341,17
live_feasible,xgb,2000,bar1600,1469,adj_sumautocov_ma_1,exog:moments,sumautocov,0.004739848487294376,8.86577789566983e-05,0.010953830508584771,18
live_feasible,xgb,2000,bar1600,1469,har_ma_125_x_close,har_x_session,har_x_session,0.004599730898848464,0.0004008879777249419,0.010630017559875037,19
live_feasible,xgb,2000,bar1600,1469,adj_sumautocov_ma_5,exog:moments,sumautocov,0.00445861968137344,0.001064373524834956,0.01030390832595651,20
live_feasible,xgb,2000,bar1600,1469,days_to_opex,calendar,calendar,0.0038474353352496845,3.223220707173951e-05,0.008891456059837474,21
live_feasible,xgb,2000,bar1600,1469,adj_sumret4_ma_625,exog:moments,sumret4,0.003271458529719667,-0.00016918262253390746,0.00756036872201134,22
live_feasible,xgb,2000,bar1600,1469,adj_sumret3_ma_1,exog:moments,sumret3,0.0028395301267960704,0.00023250764250708198,0.006562178478135102,23
live_feasible,xgb,2000,bar1600,1469,adj_sumvolume_ma_125,exog:liquidity,sumvolume,0.0027862061488827783,0.00031507169507052657,0.006438946307809097,24
live_feasible,xgb,2000,bar1600,1469,adj_sumbipow_ma_1,exog:moments,sumbipow,0.002770661487600398,-0.0012866960971534107,0.006403022462256441,25
live_feasible,xgb,2000,bar1600,1469,adj_sumabsret_ma_25,exog:moments,sumabsret,0.002656682347205701,0.00010266297176415944,0.006139615691186765,26
live_feasible,xgb,2000,bar1600,1469,adj_vix_ma_625,exog:implied_vol,vix,0.0024295369057765613,-0.0009238082570706715,0.0056146806277808155,27
live_feasible,xgb,2000,bar1600,1469,adj_sumret_ma_625,exog:moments,sumret,0.002363373541488414,0.0001343613996569792,0.0054617765254170265,28
live_feasible,xgb,2000,bar1600,1469,adj_numobs_ma_25,exog:liquidity,numobs,0.0021889138313625567,0.0013061994258678268,0.005058598638947005,29
live_feasible,xgb,2000,bar1600,1469,adj_sumpret2_ma_1,exog:moments,sumpret2,0.0020262089224845304,-4.579115533794068e-05,0.004682586198983554,30
live_feasible,xgb,2000,bar1600,1469,adj_vix_ma_25,exog:implied_vol,vix,0.0020127087991593023,0.0006386533060712776,0.00465138729818621,31
live_feasible,xgb,2000,bar1600,1469,adj_fomc_until_inv_ma_625,exog:fomc,fomc_until_inv,0.001976441911426788,-1.7005687165436807e-05,0.004567574209569405,32
live_feasible,xgb,2000,bar1600,1469,adj_sumautocov_ma_625,exog:moments,sumautocov,0.0019659957483472348,-0.001403876477930882,0.004543433037094126,33
live_feasible,xgb,2000,bar1600,1469,adj_sumret3_ma_5,exog:moments,sumret3,0.0017867051255714347,9.912314712789956e-05,0.0041290908700545685,34
live_feasible,xgb,2000,bar1600,1469,adj_vvix_ma_1,exog:implied_vol,vvix,0.0017860611930302446,0.00015574366590905721,0.004127602736428764,35
live_feasible,xgb,2000,bar1600,1469,adj_sumret3_ma_25,exog:moments,sumret3,0.0017583386569862691,2.8328676299816327e-05,0.004063535717850459,36
live_feasible,xgb,2000,bar1600,1469,adj_sumret3_ma_125,exog:moments,sumret3,0.0017453155722788212,-0.0001477741742950422,0.004033439257390442,37
live_feasible,xgb,2000,bar1600,1469,adj_sumautocov_ma_125,exog:moments,sumautocov,0.0017280966962423508,-0.00029222614503771353,0.003993646287181073,38
live_feasible,xgb,2000,bar1600,1469,adj_numobs_ma_625,exog:liquidity,numobs,0.0017090664181721108,-0.0005064217962239928,0.003949667151334974,39
live_feasible,xgb,2000,bar1600,1469,adj_vix_ma_1,exog:implied_vol,vix,0.0016229690388275852,0.00048718629537717164,0.0037506953691986205,40
live_feasible,xgb,2000,bar1600,1469,adj_sumret4_ma_1,exog:moments,sumret4,0.001556836217916437,-0.0005217058240226421,0.0035978618528410508,41
live_feasible,xgb,2000,bar1600,1469,adj_sumret4_ma_5,exog:moments,sumret4,0.0015538559911689974,-0.0003696471867083504,0.0035909745232658307,42
live_feasible,xgb,2000,bar1600,1469,har_ma_3125,har_ladder,har_ladder,0.001523977411011169,-8.590553934073536e-05,0.003521924868247672,43
live_feasible,xgb,2000,bar1600,1469,adj_vix3m_ma_625,exog:implied_vol,vix3m,0.0015194489045022934,-0.0006824124022134365,0.0035114594508639276,44
live_feasible,xgb,2000,bar1600,1469,adj_vvix_ma_3125,exog:implied_vol,vvix,0.0015055640737992547,0.00030171522940183854,0.0034793714880167657,45
live_feasible,xgb,2000,bar1600,1469,adj_sumret_ma_3125,exog:moments,sumret,0.0014752642704828698,0.00010396993356003752,0.003409348382666284,46
live_feasible,xgb,2000,bar1600,1469,adj_vix_ma_5,exog:implied_vol,vix,0.0014539013299168556,0.0004883603239820911,0.003359978443784827,47
live_feasible,xgb,2000,bar1600,1469,adj_sumbipow_ma_625,exog:moments,sumbipow,0.001434171528384594,-4.266514007393283e-05,0.00331438270321807,48
live_feasible,xgb,2000,bar1600,1469,numobs_active_ma_625,hurdle_active,hurdle_active,0.0014331903905652897,-0.0013313584311180167,0.00331211528530228,49
live_feasible,xgb,2000,bar1600,1469,adj_sumpret2_ma_5,exog:moments,sumpret2,0.0014290087233747794,-0.0004119291282007712,0.0033024514165581743,50
live_feasible,xgb,2000,bar1600,1469,adj_sumret3_ma_625,exog:moments,sumret3,0.0014272702208756325,-0.0004285598683193243,0.0032984337223712287,51
live_feasible,xgb,2000,bar1600,1469,adj_sumret4_ma_3125,exog:moments,sumret4,0.0014088238019851378,0.00012121571786496377,0.003255803890097376,52
live_feasible,xgb,2000,bar1600,1469,adj_sumbipow_ma_5,exog:moments,sumbipow,0.0013703996057334187,-0.0007645920450827537,0.0031670052429891037,53
live_feasible,xgb,2000,bar1600,1469,adj_vvix_ma_625,exog:implied_vol,vvix,0.0013677346994371631,-0.00017905674924772577,0.0031608466216811247,54
live_feasible,xgb,2000,bar1600,1469,har_ma_625,har_ladder,har_ladder,0.0012557470081855432,7.975355955613448e-05,0.0029020421066620816,55
live_feasible,xgb,2000,bar1600,1469,adj_fomc_since_inv_ma_3125,exog:fomc,fomc_since_inv,0.001250943506275269,-9.404798642399644e-05,0.0028909411725470246,56
live_feasible,xgb,2000,bar1600,1469,adj_sumpret2_ma_625,exog:moments,sumpret2,0.0011705053346956278,-8.850553334566845e-07,0.00270504786809526,57
live_feasible,xgb,2000,bar1600,1469,numobs_active_ma_125,hurdle_active,hurdle_active,0.0011607922902608521,-0.0007363721436149872,0.0026826009390961397,58
live_feasible,xgb,2000,bar1600,1469,adj_sumautocov_ma_25,exog:moments,sumautocov,0.001122722648724287,0.0003480399139209559,0.002594621670975662,59
live_feasible,xgb,2000,bar1600,1469,adj_numobs_ma_3125,exog:liquidity,numobs,0.0011121121624921447,0.00019291762349163083,0.0025701007462853235,60
live_feasible,xgb,2000,bar1600,1469,adj_sumpret2_ma_3125,exog:moments,sumpret2,0.0011103921171941196,6.59911532203476e-05,0.0025661257068484806,61
live_feasible,xgb,2000,bar1600,1469,adj_sumabsret_ma_125,exog:moments,sumabsret,0.001102022012216309,-5.315230261712008e-05,0.0025467823224530153,62
live_feasible,xgb,2000,bar1600,1469,adj_fomc_until_inv_ma_1,exog:fomc,fomc_until_inv,0.0010941617265792544,-4.4063943729967384e-05,0.0025286171349268405,63
live_feasible,xgb,2000,bar1600,1469,adj_fomc_until_inv_ma_3125,exog:fomc,fomc_until_inv,0.0010811369172860107,-1.2201356330647742e-05,0.0024985166889342574,64
live_feasible,xgb,2000,bar1600,1469,adj_sumbipow_ma_3125,exog:moments,sumbipow,0.001068572060951504,8.672277745261304e-05,0.0024694791981744067,65
live_feasible,xgb,2000,bar1600,1469,adj_sumabsret_ma_3125,exog:moments,sumabsret,0.001046153523486203,0.00014079497376180935,0.002417669765804672,66
live_feasible,xgb,2000,bar1600,1469,DOW_4,calendar,calendar,0.0009994008152197733,-1.2480824338748296e-05,0.002309623855995409,67
live_feasible,xgb,2000,bar1600,1469,adj_numobs_ma_125,exog:liquidity,numobs,0.0009632593090459643,-0.00018545882934146578,0.0022261005252361896,68
live_feasible,xgb,2000,bar1600,1469,adj_sumvolume_ma_3125,exog:liquidity,sumvolume,0.0009515632827878645,-9.013965412524263e-05,0.002199070908235011,69
live_feasible,xgb,2000,bar1600,1469,adj_fomc_since_inv_ma_625,exog:fomc,fomc_since_inv,0.0009297453769517923,2.2438315268672575e-05,0.0021486495407121394,70
live_feasible,xgb,2000,bar1600,1469,adj_vix_ma_3125,exog:implied_vol,vix,0.0008941261729561969,-0.00017083034567089045,0.002066333254766642,71
live_feasible,xgb,2000,bar1600,1469,adj_sumret4_ma_25,exog:moments,sumret4,0.0008655906107997434,6.0459166816737525e-05,0.0020003873258689435,72
live_feasible,xgb,2000,bar1600,1469,numobs_active_ma_3125,hurdle_active,hurdle_active,0.000842275123006407,0.00042682049698495586,0.0019465050335978316,73
live_feasible,xgb,2000,bar1600,1469,adj_vix_ma_125,exog:implied_vol,vix,0.0008271380342905254,-0.0003077018410236643,0.00191152309174217,74
live_feasible,xgb,2000,bar1600,1469,adj_vvix_ma_125,exog:implied_vol,vvix,0.0008025552975367471,-2.6613284861879644e-05,0.0018547121762540772,75
live_feasible,xgb,2000,bar1600,1469,adj_vvix_ma_5,exog:implied_vol,vvix,0.0007957094978406751,-9.390309059737373e-05,0.0018388914744389229,76
live_feasible,xgb,2000,bar1600,1469,adj_sumret3_ma_3125,exog:moments,sumret3,0.0007734124937028036,2.2546613931025487e-05,0.0017873629066312894,77
live_feasible,xgb,2000,bar1600,1469,adj_vix3m_ma_1,exog:implied_vol,vix3m,0.0007700562253893399,0.00019046726648861488,0.0017796065417716182,78
live_feasible,xgb,2000,bar1600,1469,adj_sumvolume_ma_625,exog:liquidity,sumvolume,0.000746980073374344,8.499901241184353e-05,0.0017262773565370729,79
live_feasible,xgb,2000,bar1600,1469,adj_sumret4_ma_125,exog:moments,sumret4,0.0007429132556121407,8.568586543598353e-05,0.001716878905806867,80
live_feasible,xgb,2000,bar1600,1469,adj_sumbipow_ma_25,exog:moments,sumbipow,0.0007413920459383278,-0.00024712861037092047,0.0017133633772030239,81
live_feasible,xgb,2000,bar1600,1469,adj_vvix_ma_25,exog:implied_vol,vvix,0.0007403671288967404,3.3083630130193855e-05,0.0017109947851290362,82
live_feasible,xgb,2000,bar1600,1469,har_ma_3125_x_close,har_x_session,har_x_session,0.0007264266880374287,-2.6830610195612858e-05,0.0016787783067337499,83
live_feasible,xgb,2000,bar1600,1469,adj_sumabsret_ma_625,exog:moments,sumabsret,0.0007073055155223697,4.962244786766272e-05,0.0016345891130460574,84
live_feasible,xgb,2000,bar1600,1469,adj_sumpret2_ma_25,exog:moments,sumpret2,0.0007010912021550694,-7.082773152636293e-05,0.0016202277815530553,85
live_feasible,xgb,2000,bar1600,1469,adj_fomc_since_inv_ma_1,exog:fomc,fomc_since_inv,0.0007010130292283864,1.726469854029229e-05,0.001620047123248989,86
live_feasible,xgb,2000,bar1600,1469,vvix_avail_ma_3125,availability,availability,0.0006714750104828725,-0.00013585560545828406,0.0015517845085757397,87
live_feasible,xgb,2000,bar1600,1469,adj_sumautocov_ma_3125,exog:moments,sumautocov,0.0006372408408193301,-3.7311916141155914e-05,0.0014726690488512805,88
live_feasible,xgb,2000,bar1600,1469,adj_fomc_day_ma_625,exog:fomc,fomc_day,0.0006366889742154406,-5.294265852908279e-05,0.0014713936803962425,89
live_feasible,xgb,2000,bar1600,1469,adj_fomc_until_inv_ma_125,exog:fomc,fomc_until_inv,0.0006215462693782982,3.384805464796598e-06,0.0014363987596361766,90
live_feasible,xgb,2000,bar1600,1469,adj_fomc_since_inv_ma_25,exog:fomc,fomc_since_inv,0.0006161933885870492,-3.3904550222386295e-05,0.0014240282062150755,91
live_feasible,xgb,2000,bar1600,1469,vix3m_avail_ma_3125,availability,availability,0.0005995531814463794,-0.00014419947253364762,0.0013855725447872382,92
live_feasible,xgb,2000,bar1600,1469,har_ma_625_x_close,har_x_session,har_x_session,0.0005387285103668836,3.2199637833678e-05,0.0012450062082194771,93
live_feasible,xgb,2000,bar1600,1469,adj_vix3m_ma_3125,exog:implied_vol,vix3m,0.0005351449503205703,-8.245041572409527e-05,0.0012367245702156727,94
live_feasible,xgb,2000,bar1600,1469,adj_fomc_since_inv_ma_125,exog:fomc,fomc_since_inv,0.0005295255957082018,6.706733262645871e-05,0.0012237381935083754,95
live_feasible,xgb,2000,bar1600,1469,DOW_2,calendar,calendar,0.0005274962153278372,1.3136041707556106e-05,0.0012190482780430288,96
live_feasible,xgb,2000,bar1600,1469,adj_fomc_until_inv_ma_25,exog:fomc,fomc_until_inv,0.000500779318027062,4.954202313425379e-05,0.0011573052992257858,97
live_feasible,xgb,2000,bar1600,1469,adj_vix3m_ma_125,exog:implied_vol,vix3m,0.000483229812746898,-0.00020484673603329156,0.0011167482419983804,98
live_feasible,xgb,2000,bar1600,1469,adj_fomc_since_inv_ma_5,exog:fomc,fomc_since_inv,0.00047795042904564536,-1.64368931103921e-05,0.001104547540982657,99
live_feasible,xgb,2000,bar1600,1469,adj_sumpret2_ma_125,exog:moments,sumpret2,0.00047081241441223877,-1.1317488192347701e-05,0.001088051527940948,100
live_feasible,xgb,2000,bar1600,1469,adj_fomc_until_inv_ma_5,exog:fomc,fomc_until_inv,0.00045581853410230305,-1.984925968222271e-05,0.0010534005419397488,101
live_feasible,xgb,2000,bar1600,1469,vix_avail_ma_625,availability,availability,0.0004499200975881447,-7.1354066782447e-06,0.0010397692045636844,102
live_feasible,xgb,2000,bar1600,1469,vix_avail_ma_3125,availability,availability,0.00042083189803502756,-2.755851468482198e-05,0.0009725461259022361,103
live_feasible,xgb,2000,bar1600,1469,adj_sumbipow_ma_125,exog:moments,sumbipow,0.0004031240722993461,-4.337501417785368e-05,0.0009316231887441895,104
live_feasible,xgb,2000,bar1600,1469,adj_numobs_ma_5,exog:liquidity,numobs,0.0003742277000602774,-3.9966037758977744e-05,0.0008648434246508412,105
live_feasible,xgb,2000,bar1600,1469,vix3m_avail_ma_625,availability,availability,0.00037108187681929696,-0.00016244277520546032,0.0008575734001587004,106
live_feasible,xgb,2000,bar1600,1469,adj_vix3m_ma_5,exog:implied_vol,vix3m,0.00037043803436536803,3.7064499577139744e-05,0.0008560854747253297,107
live_feasible,xgb,2000,bar1600,1469,adj_vix3m_ma_25,exog:implied_vol,vix3m,0.00034690778559331005,2.054713399601112e-05,0.0008017068679903523,108
live_feasible,xgb,2000,bar1600,1469,DOW_0,calendar,calendar,0.00032384672859886096,-3.105400297103333e-05,0.000748412567477763,109
live_feasible,xgb,2000,bar1600,1469,fomc_day_active_ma_625,hurdle_active,hurdle_active,0.0002550884018456557,1.0229466204182641e-05,0.0005895114845998107,110
live_feasible,xgb,2000,bar1600,1469,vvix_avail_ma_625,availability,availability,0.00020017363411278547,-1.6809765519103912e-05,0.0004626029853562986,111
live_feasible,xgb,2000,bar1600,1469,fomc_release_active_ma_125,hurdle_active,hurdle_active,0.00019826977083358129,0.00014862162691212067,0.00045820314098831436,112
live_feasible,xgb,2000,bar1600,1469,fomc_day_active_ma_125,hurdle_active,hurdle_active,0.0001959670796694158,0.00014580483728709787,0.0004528816019573732,113
live_feasible,xgb,2000,bar1600,1469,is_quarter_end,calendar,calendar,0.00017008686720568458,-5.3182907320622504e-05,0.00039307220897492017,114
live_feasible,xgb,2000,bar1600,1469,adj_fomc_day_ma_125,exog:fomc,fomc_day,0.00016458811585778104,-1.2836472045196551e-05,0.00038036454744623494,115
live_feasible,xgb,2000,bar1600,1469,is_opex_week,calendar,calendar,0.00014204774274319162,5.693089231761361e-06,0.0003282735518459912,116
live_feasible,xgb,2000,bar1600,1469,vix_avail_ma_125,availability,availability,0.00012733106463629044,1.8275566145951138e-05,0.000294263182513613,117
live_feasible,xgb,2000,bar1600,1469,adj_fomc_day_ma_3125,exog:fomc,fomc_day,0.0001116982923777312,-3.0116945192131778e-05,0.0002581357117392653,118
live_feasible,xgb,2000,bar1600,1469,DOW_1,calendar,calendar,0.0001022659756479232,5.811392034242482e-06,0.00023633754687417207,119
live_feasible,xgb,2000,bar1600,1469,fomc_release_active_ma_625,hurdle_active,hurdle_active,9.946533407068368e-05,-2.9404552598399103e-06,0.00022986524016761555,120
live_feasible,xgb,2000,bar1600,1469,DOW_3,calendar,calendar,8.697520553922374e-05,5.920504721749763e-06,0.0002010004460015581,121
live_feasible,xgb,2000,bar1600,1469,vvix_avail_ma_125,availability,availability,7.976590759462846e-05,2.1277506324218067e-05,0.00018433969661628335,122
live_feasible,xgb,2000,bar1600,1469,numobs_active_ma_25,hurdle_active,hurdle_active,7.923799496869024e-05,6.0024277919508736e-05,0.0001831196860097481,123
live_feasible,xgb,2000,bar1600,1469,adj_numobs_ma_1,exog:liquidity,numobs,7.8427694552591e-05,5.7708790502854206e-06,0.00018124707479806498,124
live_feasible,xgb,2000,bar1600,1469,fomc_day_active_ma_3125,hurdle_active,hurdle_active,6.263496669624411e-05,1.9073809171812188e-05,0.00014474994526526494,125
live_feasible,xgb,2000,bar1600,1469,vix_avail_ma_25,availability,availability,5.207265715400005e-05,-1.1985140396783376e-05,0.0001203403573185008,126
live_feasible,xgb,2000,bar1600,1469,vix3m_avail_ma_125,availability,availability,2.5306323290782648e-05,-9.269686145195168e-06,5.848313018142857e-05,127
live_feasible,xgb,2000,bar1600,1469,fomc_release_active_ma_3125,hurdle_active,hurdle_active,2.3553678675395474e-05,1.2123304700120245e-05,5.4432753442552336e-05,128
live_feasible,xgb,2000,bar1600,1469,is_quad_witch,calendar,calendar,2.2812066451836277e-05,-3.2358804181490224e-06,5.271888123297899e-05,129
live_feasible,xgb,2000,bar1600,1469,is_rebalance_close,calendar,calendar,1.339317492957283e-05,-2.618868894747272e-06,3.0951742137671435e-05,130
live_feasible,xgb,2000,bar1600,1469,adj_fomc_day_ma_1,exog:fomc,fomc_day,1.1389612266322042e-05,2.9761203891736773e-06,2.632149163801769e-05,131
live_feasible,xgb,2000,bar1600,1469,vix3m_avail_ma_25,availability,availability,1.0580079609187437e-05,-6.537022232889813e-06,2.445065472388702e-05,132
live_feasible,xgb,2000,bar1600,1469,fomc_release_avail_ma_3125,availability,availability,6.432418919019149e-06,-5.227476948588461e-06,1.48653752937512e-05,133
live_feasible,xgb,2000,bar1600,1469,is_opex,calendar,calendar,6.3250031539383595e-06,2.5325011301680594e-07,1.4617136539327097e-05,134
live_feasible,xgb,2000,bar1600,1469,vvix_avail_ma_25,availability,availability,5.5575995546673855e-06,5.073838592226803e-06,1.2843660239267025e-05,135
live_feasible,xgb,2000,bar1600,1469,fomc_day_avail_ma_3125,availability,availability,5.3642383250239865e-06,-8.661860524511271e-07,1.2396800779070576e-05,136
live_feasible,xgb,2000,bar1600,1469,adj_fomc_day_ma_25,exog:fomc,fomc_day,4.848425876011562e-06,-1.4339632471070376e-06,1.120475378519602e-05,137
live_feasible,xgb,2000,bar1600,1469,fomc_release_active_ma_25,hurdle_active,hurdle_active,4.194259258884863e-06,-2.73933394991465e-06,9.692969122123288e-06,138
live_feasible,xgb,2000,bar1600,1469,vix3m_avail_ma_1,availability,availability,4.0300243760380986e-06,3.20716790800329e-07,9.313420899195248e-06,139
live_feasible,xgb,2000,bar1600,1469,vvix_avail_ma_1,availability,availability,3.522150532674176e-06,2.901269159775074e-06,8.139720091065085e-06,140
live_feasible,xgb,2000,bar1600,1469,adj_fomc_day_ma_5,exog:fomc,fomc_day,3.1172668664338262e-06,3.6950943832647133e-07,7.204030465630915e-06,141
live_feasible,xgb,2000,bar1600,1469,fomc_release_active_ma_5,hurdle_active,hurdle_active,2.958942246913385e-06,-9.71262955814955e-07,6.838140911943294e-06,142
live_feasible,xgb,2000,bar1600,1469,numobs_active_ma_5,hurdle_active,hurdle_active,2.7389653632564424e-06,-1.7423500253166738e-06,6.329772447034772e-06,143
live_feasible,xgb,2000,bar1600,1469,fomc_release_avail_ma_125,availability,availability,2.724463101083361e-06,2.724463101083361e-06,6.296257594764531e-06,144
live_feasible,xgb,2000,bar1600,1469,fomc_release_avail_ma_625,availability,availability,2.5342619860049657e-06,2.5342619860049657e-06,5.856701186432618e-06,145
live_feasible,xgb,2000,bar1600,1469,vvix_avail_ma_5,availability,availability,2.3185686160699503e-06,2.1814967357286515e-06,5.3582319584758605e-06,146
live_feasible,xgb,2000,bar1600,1469,vix3m_avail_ma_5,availability,availability,2.015653442458054e-06,4.270527542999377e-07,4.658192394106308e-06,147
live_feasible,xgb,2000,bar1600,1469,vix_avail_ma_1,availability,availability,1.7773575289005025e-06,9.573342422677568e-08,4.1074884939721945e-06,148
live_feasible,xgb,2000,bar1600,1469,fomc_release_avail_ma_5,availability,availability,1.3541622807565314e-06,-1.3541622807565314e-06,3.129480645697353e-06,149
live_feasible,xgb,2000,bar1600,1469,fomc_day_active_ma_1,hurdle_active,hurdle_active,1.0552343715412112e-06,8.319023939691499e-07,2.4386556835476995e-06,150
live_feasible,xgb,2000,bar1600,1469,fomc_day_active_ma_25,hurdle_active,hurdle_active,9.18392255626745e-07,-7.403250183081038e-07,2.122412379952396e-06,151
live_feasible,xgb,2000,bar1600,1469,fomc_until_inv_avail_ma_3125,availability,availability,6.452999804045313e-07,6.452999804045313e-07,1.4912937895572247e-06,152
live_feasible,xgb,2000,bar1600,1469,numobs_active_ma_1,hurdle_active,hurdle_active,5.622458928597717e-07,5.622458928597717e-07,1.2993550808729368e-06,153
live_feasible,xgb,2000,bar1600,1469,fomc_day_active_ma_5,hurdle_active,hurdle_active,3.012359930154955e-07,-3.012359930154955e-07,6.961589636086675e-07,154
live_feasible,xgb,2000,bar1600,1469,vix_avail_ma_5,availability,availability,2.014337829582625e-07,2.014337829582625e-07,4.655152001466966e-07,155
live_feasible,xgb,2000,bar1600,1469,adj_fomc_release_ma_1,exog:fomc,fomc_release,0.0,0.0,0.0,156
live_feasible,xgb,2000,bar1600,1469,adj_fomc_release_ma_25,exog:fomc,fomc_release,0.0,0.0,0.0,156
live_feasible,xgb,2000,bar1600,1469,adj_fomc_release_ma_125,exog:fomc,fomc_release,0.0,0.0,0.0,156
live_feasible,xgb,2000,bar1600,1469,adj_fomc_release_ma_625,exog:fomc,fomc_release,0.0,0.0,0.0,156
live_feasible,xgb,2000,bar1600,1469,adj_fomc_release_ma_3125,exog:fomc,fomc_release,0.0,0.0,0.0,156
live_feasible,xgb,2000,bar1600,1469,sumpret2_avail_ma_5,availability,availability,0.0,0.0,0.0,156
live_feasible,xgb,2000,bar1600,1469,sumpret2_avail_ma_1,availability,availability,0.0,0.0,0.0,156
live_feasible,xgb,2000,bar1600,1469,sumret4_avail_ma_3125,availability,availability,0.0,0.0,0.0,156
live_feasible,xgb,2000,bar1600,1469,sumret4_avail_ma_625,availability,availability,0.0,0.0,0.0,156
live_feasible,xgb,2000,bar1600,1469,sumret4_avail_ma_125,availability,availability,0.0,0.0,0.0,156
live_feasible,xgb,2000,bar1600,1469,sumret4_avail_ma_25,availability,availability,0.0,0.0,0.0,156
live_feasible,xgb,2000,bar1600,1469,sumret4_avail_ma_5,availability,availability,0.0,0.0,0.0,156
live_feasible,xgb,2000,bar1600,1469,sumret4_avail_ma_1,availability,availability,0.0,0.0,0.0,156
live_feasible,xgb,2000,bar1600,1469,sumret3_avail_ma_3125,availability,availability,0.0,0.0,0.0,156
live_feasible,xgb,2000,bar1600,1469,sumret3_avail_ma_625,availability,availability,0.0,0.0,0.0,156
live_feasible,xgb,2000,bar1600,1469,sumret3_avail_ma_125,availability,availability,0.0,0.0,0.0,156
live_feasible,xgb,2000,bar1600,1469,sumret3_avail_ma_25,availability,availability,0.0,0.0,0.0,156
live_feasible,xgb,2000,bar1600,1469,sumret3_avail_ma_5,availability,availability,0.0,0.0,0.0,156
live_feasible,xgb,2000,bar1600,1469,sumret3_avail_ma_1,availability,availability,0.0,0.0,0.0,156
live_feasible,xgb,2000,bar1600,1469,sumabsret_avail_ma_3125,availability,availability,0.0,0.0,0.0,156
live_feasible,xgb,2000,bar1600,1469,sumabsret_avail_ma_625,availability,availability,0.0,0.0,0.0,156
live_feasible,xgb,2000,bar1600,1469,sumabsret_avail_ma_125,availability,availability,0.0,0.0,0.0,156
live_feasible,xgb,2000,bar1600,1469,sumabsret_avail_ma_25,availability,availability,0.0,0.0,0.0,156
live_feasible,xgb,2000,bar1600,1469,sumabsret_avail_ma_5,availability,availability,0.0,0.0,0.0,156
live_feasible,xgb,2000,bar1600,1469,sumabsret_avail_ma_1,availability,availability,0.0,0.0,0.0,156
live_feasible,xgb,2000,bar1600,1469,sumret_avail_ma_3125,availability,availability,0.0,0.0,0.0,156
live_feasible,xgb,2000,bar1600,1469,sumret_avail_ma_625,availability,availability,0.0,0.0,0.0,156
live_feasible,xgb,2000,bar1600,1469,sumret_avail_ma_125,availability,availability,0.0,0.0,0.0,156
live_feasible,xgb,2000,bar1600,1469,sumret_avail_ma_25,availability,availability,0.0,0.0,0.0,156
live_feasible,xgb,2000,bar1600,1469,sumret_avail_ma_5,availability,availability,0.0,0.0,0.0,156
live_feasible,xgb,2000,bar1600,1469,sumret_avail_ma_1,availability,availability,0.0,0.0,0.0,156
live_feasible,xgb,2000,bar1600,1469,adj_fomc_release_ma_5,exog:fomc,fomc_release,0.0,0.0,0.0,156
live_feasible,xgb,2000,bar1600,1469,sumbipow_avail_ma_625,availability,availability,0.0,0.0,0.0,156
live_feasible,xgb,2000,bar1600,1469,sumpret2_avail_ma_25,availability,availability,0.0,0.0,0.0,156
live_feasible,xgb,2000,bar1600,1469,sumbipow_avail_ma_3125,availability,availability,0.0,0.0,0.0,156
live_feasible,xgb,2000,bar1600,1469,sumautocov_avail_ma_1,availability,availability,0.0,0.0,0.0,156
live_feasible,xgb,2000,bar1600,1469,sumautocov_avail_ma_5,availability,availability,0.0,0.0,0.0,156
live_feasible,xgb,2000,bar1600,1469,fomc_until_inv_avail_ma_625,availability,availability,0.0,0.0,0.0,156
live_feasible,xgb,2000,bar1600,1469,fomc_until_inv_avail_ma_125,availability,availability,0.0,0.0,0.0,156
live_feasible,xgb,2000,bar1600,1469,fomc_until_inv_avail_ma_25,availability,availability,0.0,0.0,0.0,156
live_feasible,xgb,2000,bar1600,1469,fomc_until_inv_avail_ma_5,availability,availability,0.0,0.0,0.0,156
live_feasible,xgb,2000,bar1600,1469,fomc_day_avail_ma_625,availability,availability,0.0,0.0,0.0,156
live_feasible,xgb,2000,bar1600,1469,fomc_until_inv_avail_ma_1,availability,availability,0.0,0.0,0.0,156
live_feasible,xgb,2000,bar1600,1469,fomc_day_avail_ma_25,availability,availability,0.0,0.0,0.0,156
live_feasible,xgb,2000,bar1600,1469,fomc_day_avail_ma_125,availability,availability,0.0,0.0,0.0,156
live_feasible,xgb,2000,bar1600,1469,fomc_release_avail_ma_25,availability,availability,0.0,0.0,0.0,156
live_feasible,xgb,2000,bar1600,1469,fomc_day_avail_ma_1,availability,availability,0.0,0.0,0.0,156
live_feasible,xgb,2000,bar1600,1469,fomc_day_avail_ma_5,availability,availability,0.0,0.0,0.0,156
live_feasible,xgb,2000,bar1600,1469,fomc_release_avail_ma_1,availability,availability,0.0,0.0,0.0,156
live_feasible,xgb,2000,bar1600,1469,sumbipow_avail_ma_1,availability,availability,0.0,0.0,0.0,156
live_feasible,xgb,2000,bar1600,1469,sumbipow_avail_ma_5,availability,availability,0.0,0.0,0.0,156
live_feasible,xgb,2000,bar1600,1469,sumbipow_avail_ma_25,availability,availability,0.0,0.0,0.0,156
live_feasible,xgb,2000,bar1600,1469,sumbipow_avail_ma_125,availability,availability,0.0,0.0,0.0,156
live_feasible,xgb,2000,bar1600,1469,sumautocov_avail_ma_3125,availability,availability,0.0,0.0,0.0,156
live_feasible,xgb,2000,bar1600,1469,sumautocov_avail_ma_625,availability,availability,0.0,0.0,0.0,156
live_feasible,xgb,2000,bar1600,1469,sumautocov_avail_ma_125,availability,availability,0.0,0.0,0.0,156
live_feasible,xgb,2000,bar1600,1469,sumautocov_avail_ma_25,availability,availability,0.0,0.0,0.0,156
live_feasible,xgb,2000,bar1600,1469,sumvolume_avail_ma_1,availability,availability,0.0,0.0,0.0,156
live_feasible,xgb,2000,bar1600,1469,sumvolume_avail_ma_5,availability,availability,0.0,0.0,0.0,156
live_feasible,xgb,2000,bar1600,1469,sumvolume_avail_ma_25,availability,availability,0.0,0.0,0.0,156
live_feasible,xgb,2000,bar1600,1469,sumvolume_avail_ma_125,availability,availability,0.0,0.0,0.0,156
live_feasible,xgb,2000,bar1600,1469,numobs_avail_ma_5,availability,availability,0.0,0.0,0.0,156
live_feasible,xgb,2000,bar1600,1469,numobs_avail_ma_1,availability,availability,0.0,0.0,0.0,156
live_feasible,xgb,2000,bar1600,1469,sumvolume_avail_ma_3125,availability,availability,0.0,0.0,0.0,156
live_feasible,xgb,2000,bar1600,1469,sumvolume_avail_ma_625,availability,availability,0.0,0.0,0.0,156
live_feasible,xgb,2000,bar1600,1469,numobs_avail_ma_3125,availability,availability,0.0,0.0,0.0,156
live_feasible,xgb,2000,bar1600,1469,numobs_avail_ma_625,availability,availability,0.0,0.0,0.0,156
live_feasible,xgb,2000,bar1600,1469,numobs_avail_ma_125,availability,availability,0.0,0.0,0.0,156
live_feasible,xgb,2000,bar1600,1469,numobs_avail_ma_25,availability,availability,0.0,0.0,0.0,156
live_feasible,xgb,2000,bar1600,1469,sumpret2_avail_ma_3125,availability,availability,0.0,0.0,0.0,156
live_feasible,xgb,2000,bar1600,1469,sumpret2_avail_ma_625,availability,availability,0.0,0.0,0.0,156
live_feasible,xgb,2000,bar1600,1469,sumpret2_avail_ma_125,availability,availability,0.0,0.0,0.0,156
live_feasible,xgb,2000,bar1600,1469,is_overnight,calendar,calendar,0.0,0.0,0.0,156
live_feasible,xgb,2000,bar1600,1469,is_open,calendar,calendar,0.0,0.0,0.0,156
live_feasible,xgb,2000,bar1600,1469,fomc_since_inv_avail_ma_1,availability,availability,0.0,0.0,0.0,156
live_feasible,xgb,2000,bar1600,1469,fomc_since_inv_avail_ma_25,availability,availability,0.0,0.0,0.0,156
live_feasible,xgb,2000,bar1600,1469,fomc_release_active_ma_1,hurdle_active,hurdle_active,0.0,0.0,0.0,156
live_feasible,xgb,2000,bar1600,1469,fomc_since_inv_avail_ma_625,availability,availability,0.0,0.0,0.0,156
live_feasible,xgb,2000,bar1600,1469,fomc_since_inv_avail_ma_3125,availability,availability,0.0,0.0,0.0,156
live_feasible,xgb,2000,bar1600,1469,hour,calendar,calendar,0.0,0.0,0.0,156
live_feasible,xgb,2000,bar1600,1469,fomc_since_inv_avail_ma_125,availability,availability,0.0,0.0,0.0,156
live_feasible,xgb,2000,bar1600,1469,fomc_since_inv_avail_ma_5,availability,availability,0.0,0.0,0.0,156
live_feasible,xgb,2000,bar1600,1469,har_ma_1_x_open,har_x_session,har_x_session,0.0,0.0,0.0,156
live_feasible,xgb,2000,bar1600,1469,har_ma_5_x_open,har_x_session,har_x_session,0.0,0.0,0.0,156
live_feasible,xgb,2000,bar1600,1469,is_close,calendar,calendar,0.0,0.0,0.0,156
live_feasible,xgb,2000,bar1600,1469,har_ma_125_x_open,har_x_session,har_x_session,0.0,0.0,0.0,156
live_feasible,xgb,2000,bar1600,1469,har_ma_25_x_open,har_x_session,har_x_session,0.0,0.0,0.0,156
live_feasible,xgb,2000,bar1600,1469,har_ma_625_x_open,har_x_session,har_x_session,0.0,0.0,0.0,156
live_feasible,xgb,2000,bar1600,1469,har_ma_3125_x_open,har_x_session,har_x_session,0.0,0.0,0.0,156
