row,lambda_exog,lambda0,gamma,lambda_backbone,crossover_rank,p1,p2,p5,p10,p20,p40,spike1,spike2,spike5,spike10,spike20,spike40,median_spike,max_spike,p40_over_lambda
48868,100.0,1000.0,-1.0,0.1,10.0,4.280842652051684,5.874563312468951,2.5486979682292765,6.2544059438670985,0.928232990579485,2.9746877156418994,22.359886855937788,16.022541877750598,38.23572006041799,14.988728729393925,106.73157280002638,32.61697413619812,32.17215815411501,285.7040143105474,0.029746877156418994
49118,10000.0,100.0,1.0,10.0,100.0,0.447209453919515,2.495859699810312,6.534116441228023,66.27463571877519,37.337265714062355,467.604176111926,22359.886855937788,4005.6354694376496,1529.4288024167195,149.88728729393924,266.828932000066,20.385608835123822,126.01727434864895,22359.886855937788,0.0467604176111926
49368,1000.0,100.0,-1.0,10.0,0.1,0.44702952967085,0.623731413037982,0.26146716506324574,0.6667231723714283,0.09368421073141175,0.30649486398143994,2235.988685593779,1602.2541877750598,3823.572006041799,1498.8728729393924,10673.157280002639,3261.697413619812,3217.2158154115004,28570.401431054743,0.0003064948639814399
49618,10000.0,10000.0,4.0,0.1,1.0,44.52382179902331,1664.7122010975481,8909.842429113536,9985.03370384592,9996.66575044281,9999.968147587651,223.59886855937788,5.007044336797062,0.12235430419333757,0.0014988728729393925,0.0003335361650000825,3.1852513804880973e-06,0.0002008493236098655,223.59886855937788,0.9999968147587651
49868,10000.0,10000.0,-1.0,1.0,1.0,44.52382179902331,62.02495906554402,26.085332385148277,66.27463571877519,9.360528669477315,30.565173779123974,223.59886855937788,160.22541877750598,382.35720060417987,149.88728729393924,1067.315728000264,326.16974136198115,321.72158154115004,2857.040143105474,0.0030565173779123975
50118,100.0,10000.0,-0.5,10.0,10000.0,30.90245662637438,46.88309902546233,36.901003748953876,67.8432854229225,29.52822296410905,65.9752616153528,2.235988685593779,1.1329648013602887,1.7099533844749397,0.4739852201528638,2.3865905212632654,0.5157196432659457,0.7208928253157608,5.603116708004898,0.6597526161535281
50368,1000.0,10000.0,4.0,0.1,0.5623413251903491,42.80842652051684,666.3537319923911,987.9124657647429,999.8501351755382,999.9666474959266,999.9996814749633,22.359886855937788,0.5007044336797062,0.012235430419333757,0.00014988728729393923,3.335361650000825e-05,3.1852513804880977e-07,2.0084932360986552e-05,22.359886855937788,0.9999996814749633
50618,1000.0,100.0,0.0,0.1,nan,0.44702952967085,1.2466852293362563,1.3059699522719155,6.627463571877519,1.8703549827516486,12.114980565752708,2235.988685593779,801.1270938875299,764.7144012083597,149.88728729393924,533.657864000132,81.54243534049529,186.95080120810997,2235.988685593779,0.012114980565752708
50868,1000.0,10000.0,4.0,0.1,0.5623413251903491,42.80842652051684,666.3537319923911,987.9124657647429,999.8501351755382,999.9666474959266,999.9996814749633,22.359886855937788,0.5007044336797062,0.012235430419333757,0.00014988728729393923,3.335361650000825e-05,3.1852513804880977e-07,2.0084932360986552e-05,22.359886855937788,0.9999996814749633
51118,10000.0,10000.0,0.0,10.0,nan,44.52382179902331,123.28524192272377,129.07982586102068,625.4405943867098,183.93921365216514,1092.389552758199,223.59886855937788,80.11270938875299,76.47144012083598,14.988728729393925,53.36578640001319,8.15424353404953,18.695080120811,223.59886855937788,0.1092389552758199
51368,10000.0,100.0,1.0,10.0,100.0,0.447209453919515,2.495859699810312,6.534116441228023,66.27463571877519,37.337265714062355,467.604176111926,22359.886855937788,4005.6354694376496,1529.4288024167195,149.88728729393924,266.828932000066,20.385608835123822,126.01727434864895,22359.886855937788,0.0467604176111926
51618,1000.0,100.0,-1.0,10.0,0.1,0.44702952967085,0.623731413037982,0.26146716506324574,0.6667231723714283,0.09368421073141175,0.30649486398143994,2235.988685593779,1602.2541877750598,3823.572006041799,1498.8728729393924,10673.157280002639,3261.697413619812,3217.2158154115004,28570.401431054743,0.0003064948639814399
51631,10000.0,100.0,-1.0,0.1,0.01,0.447209453919515,0.6240817464886116,0.26152870811615014,0.6671234803863143,0.09369211045568958,0.30657943250075737,22359.886855937788,16022.541877750598,38235.72006041799,14988.728729393924,106731.57280002639,32616.974136198114,32172.158154115008,285704.0143105474,3.065794325007574e-05
51881,10000.0,10000.0,-1.0,0.1,1.0,44.52382179902331,62.02495906554402,26.085332385148277,66.27463571877519,9.360528669477315,30.565173779123974,223.59886855937788,160.22541877750598,382.35720060417987,149.88728729393924,1067.315728000264,326.16974136198115,321.72158154115004,2857.040143105474,0.0030565173779123975
52131,10000.0,100.0,-1.0,0.1,0.01,0.447209453919515,0.6240817464886116,0.26152870811615014,0.6671234803863143,0.09369211045568958,0.30657943250075737,22359.886855937788,16022.541877750598,38235.72006041799,14988.728729393924,106731.57280002639,32616.974136198114,32172.158154115008,285704.0143105474,3.065794325007574e-05
52381,10000.0,10000.0,-1.0,10.0,1.0,44.52382179902331,62.02495906554402,26.085332385148277,66.27463571877519,9.360528669477315,30.565173779123974,223.59886855937788,160.22541877750598,382.35720060417987,149.88728729393924,1067.315728000264,326.16974136198115,321.72158154115004,2857.040143105474,0.0030565173779123975
52631,1000.0,10000.0,0.0,10.0,nan,42.80842652051684,110.97213775760808,115.64511919803707,400.18042167295715,157.81387035698367,550.8354000674451,22.359886855937788,8.011270938875299,7.647144012083598,1.4988728729393925,5.33657864000132,0.8154243534049529,1.8695080120810996,22.359886855937788,0.5508354000674451
52881,1000.0,100.0,-1.0,10.0,0.1,0.44702952967085,0.623731413037982,0.26146716506324574,0.6667231723714283,0.09368421073141175,0.30649486398143994,2235.988685593779,1602.2541877750598,3823.572006041799,1498.8728729393924,10673.157280002639,3261.697413619812,3217.2158154115004,28570.401431054743,0.0003064948639814399
53131,10000.0,1000.0,0.0,0.1,nan,4.470295296708501,12.466852293362562,13.059699522719153,66.27463571877519,18.703549827516483,121.1498056575271,2235.988685593779,801.1270938875299,764.7144012083597,149.88728729393924,533.657864000132,81.54243534049529,186.95080120810997,2235.988685593779,0.01211498056575271
53381,10000.0,10000.0,4.0,0.1,1.0,44.52382179902331,1664.7122010975481,8909.842429113536,9985.03370384592,9996.66575044281,9999.968147587651,223.59886855937788,5.007044336797062,0.12235430419333757,0.0014988728729393925,0.0003335361650000825,3.1852513804880973e-06,0.0002008493236098655,223.59886855937788,0.9999968147587651
53631,10000.0,100.0,-1.0,10.0,0.01,0.447209453919515,0.6240817464886116,0.26152870811615014,0.6671234803863143,0.09369211045568958,0.30657943250075737,22359.886855937788,16022.541877750598,38235.72006041799,14988.728729393924,106731.57280002639,32616.974136198114,32172.158154115008,285704.0143105474,3.065794325007574e-05
53881,10000.0,100.0,4.0,1.0,3.1622776601683795,0.447209453919515,19.932054270790267,755.547774660386,8696.504527442223,9677.22940175138,9996.81576287908,22359.886855937788,500.7044336797062,12.235430419333756,0.14988728729393924,0.033353616500008246,0.0003185251380488097,0.02008493236098655,22359.886855937788,0.999681576287908
54131,1000.0,100.0,4.0,1.0,1.7782794100389228,0.44702952967085,19.580797307649004,449.7326928875178,985.2326155895765,996.6757260059928,999.9681485007453,2235.988685593779,50.07044336797062,1.2235430419333757,0.014988728729393924,0.0033353616500008247,3.185251380488097e-05,0.002008493236098655,2235.988685593779,0.9999681485007453
54381,1000.0,10000.0,-1.0,10.0,10.0,42.80842652051684,58.74563312468951,25.486979682292766,62.544059438670985,9.28232990579485,29.746877156418996,22.359886855937788,16.022541877750598,38.23572006041799,14.988728729393925,106.73157280002638,32.61697413619812,32.17215815411501,285.7040143105474,0.029746877156418997
54394,10000.0,100.0,-1.0,10.0,0.01,0.447209453919515,0.6240817464886116,0.26152870811615014,0.6671234803863143,0.09369211045568958,0.30657943250075737,22359.886855937788,16022.541877750598,38235.72006041799,14988.728729393924,106731.57280002639,32616.974136198114,32172.158154115008,285704.0143105474,3.065794325007574e-05
54644,10000.0,10000.0,4.0,1.0,1.0,44.52382179902331,1664.7122010975481,8909.842429113536,9985.03370384592,9996.66575044281,9999.968147587651,223.59886855937788,5.007044336797062,0.12235430419333757,0.0014988728729393925,0.0003335361650000825,3.1852513804880973e-06,0.0002008493236098655,223.59886855937788,0.9999968147587651
54894,100.0,1000.0,4.0,0.1,0.5623413251903491,4.280842652051684,66.6353731992391,98.79124657647431,99.9850135175538,99.99666474959267,99.99996814749635,22.359886855937788,0.5007044336797062,0.012235430419333757,0.00014988728729393923,3.335361650000825e-05,3.1852513804880977e-07,2.008493236098655e-05,22.359886855937788,0.9999996814749634
55144,100.0,1000.0,4.0,10.0,0.5623413251903491,4.280842652051684,66.6353731992391,98.79124657647431,99.9850135175538,99.99666474959267,99.99996814749635,22.359886855937788,0.5007044336797062,0.012235430419333757,0.00014988728729393923,3.335361650000825e-05,3.1852513804880977e-07,2.008493236098655e-05,22.359886855937788,0.9999996814749634
55394,100.0,10000.0,4.0,1.0,0.31622776601683794,30.90245662637438,95.23170624559474,99.87779521861661,99.99850114959293,99.99966646494745,99.99999681474871,2.235988685593779,0.05007044336797062,0.0012235430419333757,1.4988728729393924e-05,3.3353616500008245e-06,3.1852513804880976e-08,2.0084932360986547e-06,2.235988685593779,0.9999999681474872
55644,10000.0,100.0,1.0,1.0,100.0,0.447209453919515,2.495859699810312,6.534116441228023,66.27463571877519,37.337265714062355,467.604176111926,22359.886855937788,4005.6354694376496,1529.4288024167195,149.88728729393924,266.828932000066,20.385608835123822,126.01727434864895,22359.886855937788,0.0467604176111926
55894,10000.0,10000.0,4.0,0.1,1.0,44.52382179902331,1664.7122010975481,8909.842429113536,9985.03370384592,9996.66575044281,9999.968147587651,223.59886855937788,5.007044336797062,0.12235430419333757,0.0014988728729393925,0.0003335361650000825,3.1852513804880973e-06,0.0002008493236098655,223.59886855937788,0.9999968147587651
56144,10000.0,10000.0,4.0,10.0,1.0,44.52382179902331,1664.7122010975481,8909.842429113536,9985.03370384592,9996.66575044281,9999.968147587651,223.59886855937788,5.007044336797062,0.12235430419333757,0.0014988728729393925,0.0003335361650000825,3.1852513804880973e-06,0.0002008493236098655,223.59886855937788,0.9999968147587651
56394,10000.0,10000.0,-0.5,10.0,1.0,44.52382179902331,87.4917581722429,58.14111062697643,206.6178797121441,41.72594321506749,190.2154528196182,223.59886855937788,113.29648013602886,170.99533844749396,47.39852201528638,238.65905212632657,51.57196432659455,72.08928253157609,560.3116708004898,0.01902154528196182
56644,100.0,1000.0,-0.5,10.0,99.99999999999999,4.280842652051684,8.110531613690299,5.5250041718068665,17.422051385463895,4.021570867615021,16.241157983781807,22.359886855937788,11.329648013602887,17.0995338447494,4.739852201528638,23.865905212632658,5.157196432659457,7.208928253157609,56.03116708004898,0.16241157983781807
56894,100.0,100.0,-1.0,0.1,1.0,0.4452382179902331,0.6202495906554402,0.2608533238514828,0.6627463571877519,0.09360528669477317,0.3056517377912398,223.59886855937788,160.22541877750598,382.35720060417987,149.88728729393924,1067.3157280002638,326.1697413619812,321.72158154115004,2857.0401431054743,0.003056517377912398
57144,10000.0,10000.0,4.0,10.0,1.0,44.52382179902331,1664.7122010975481,8909.842429113536,9985.03370384592,9996.66575044281,9999.968147587651,223.59886855937788,5.007044336797062,0.12235430419333757,0.0014988728729393925,0.0003335361650000825,3.1852513804880973e-06,0.0002008493236098655,223.59886855937788,0.9999968147587651
57158,10000.0,10000.0,4.0,10.0,1.0,44.52382179902331,1664.7122010975481,8909.842429113536,9985.03370384592,9996.66575044281,9999.968147587651,223.59886855937788,5.007044336797062,0.12235430419333757,0.0014988728729393925,0.0003335361650000825,3.1852513804880973e-06,0.0002008493236098655,223.59886855937788,0.9999968147587651
57408,100.0,1000.0,-1.0,1.0,10.0,4.280842652051684,5.874563312468951,2.5486979682292765,6.2544059438670985,0.928232990579485,2.9746877156418994,22.359886855937788,16.022541877750598,38.23572006041799,14.988728729393925,106.73157280002638,32.61697413619812,32.17215815411501,285.7040143105474,0.029746877156418994
57658,1000.0,10000.0,-0.5,10.0,99.99999999999999,42.80842652051684,81.105316136903,55.25004171806866,174.22051385463894,40.21570867615022,162.4115798378181,22.359886855937788,11.329648013602885,17.0995338447494,4.739852201528638,23.865905212632658,5.157196432659457,7.208928253157608,56.03116708004898,0.1624115798378181
57908,10000.0,10000.0,-1.0,0.1,1.0,44.52382179902331,62.02495906554402,26.085332385148277,66.27463571877519,9.360528669477315,30.565173779123974,223.59886855937788,160.22541877750598,382.35720060417987,149.88728729393924,1067.315728000264,326.16974136198115,321.72158154115004,2857.040143105474,0.0030565173779123975
58158,1000.0,100.0,0.0,1.0,nan,0.44702952967085,1.2466852293362563,1.3059699522719155,6.627463571877519,1.8703549827516486,12.114980565752708,2235.988685593779,801.1270938875299,764.7144012083597,149.88728729393924,533.657864000132,81.54243534049529,186.95080120810997,2235.988685593779,0.012114980565752708
58408,10000.0,100.0,-1.0,10.0,0.01,0.447209453919515,0.6240817464886116,0.26152870811615014,0.6671234803863143,0.09369211045568958,0.30657943250075737,22359.886855937788,16022.541877750598,38235.72006041799,14988.728729393924,106731.57280002639,32616.974136198114,32172.158154115008,285704.0143105474,3.065794325007574e-05
58658,10000.0,100.0,2.0,10.0,10.0,0.447209453919515,4.990473847364765,32.585415446614526,625.4405943867098,697.2797290893724,6624.094841738789,22359.886855937788,2002.8177347188248,305.8857604833439,14.988728729393925,13.341446600003298,0.5096402208780956,7.688438638558493,22359.886855937788,0.6624094841738789
58908,1000.0,100.0,-1.0,10.0,0.1,0.44702952967085,0.623731413037982,0.26146716506324574,0.6667231723714283,0.09368421073141175,0.30649486398143994,2235.988685593779,1602.2541877750598,3823.572006041799,1498.8728729393924,10673.157280002639,3261.697413619812,3217.2158154115004,28570.401431054743,0.0003064948639814399
59158,10000.0,100.0,2.0,0.1,10.0,0.447209453919515,4.990473847364765,32.585415446614526,625.4405943867098,697.2797290893724,6624.094841738789,22359.886855937788,2002.8177347188248,305.8857604833439,14.988728729393925,13.341446600003298,0.5096402208780956,7.688438638558493,22359.886855937788,0.6624094841738789
59408,100.0,100.0,3.0,0.1,1.0,0.4452382179902331,9.079280452839132,62.04353327947082,98.52326155895766,99.33734803788332,99.98726061760345,223.59886855937788,10.014088673594124,0.6117715209666879,0.014988728729393924,0.006670723300001649,0.0001274100552195239,0.003651027648467417,223.59886855937788,0.9998726061760346
59658,100.0,10000.0,-1.0,10.0,100.0,30.90245662637438,38.428221374292605,20.731524246915832,40.01804216729572,8.56666260903643,23.46482875119511,2.235988685593779,1.6022541877750598,3.823572006041799,1.4988728729393925,10.67315728000264,3.261697413619812,3.2172158154115005,28.57040143105474,0.2346482875119511
59908,100.0,10000.0,4.0,0.1,0.31622776601683794,30.90245662637438,95.23170624559474,99.87779521861661,99.99850114959293,99.99966646494745,99.99999681474871,2.235988685593779,0.05007044336797062,0.0012235430419333757,1.4988728729393924e-05,3.3353616500008245e-06,3.1852513804880976e-08,2.0084932360986547e-06,2.235988685593779,0.9999999681474872
59921,1000.0,10000.0,4.0,0.1,0.5623413251903491,42.80842652051684,666.3537319923911,987.9124657647429,999.8501351755382,999.9666474959266,999.9996814749633,22.359886855937788,0.5007044336797062,0.012235430419333757,0.00014988728729393923,3.335361650000825e-05,3.1852513804880977e-07,2.0084932360986552e-05,22.359886855937788,0.9999996814749633
60171,10000.0,10000.0,0.0,1.0,nan,44.52382179902331,123.28524192272377,129.07982586102068,625.4405943867098,183.93921365216514,1092.389552758199,223.59886855937788,80.11270938875299,76.47144012083598,14.988728729393925,53.36578640001319,8.15424353404953,18.695080120811,223.59886855937788,0.1092389552758199
60421,10000.0,1000.0,1.0,0.1,10.0,4.470295296708501,24.902658809815726,64.95915877565233,625.4405943867098,361.2339190037267,3291.031637464061,2235.988685593779,400.56354694376495,152.94288024167196,14.988728729393925,26.682893200006596,2.0385608835123823,12.601727434864896,2235.988685593779,0.32910316374640614
60671,1000.0,100.0,-1.0,0.1,0.1,0.44702952967085,0.623731413037982,0.26146716506324574,0.6667231723714283,0.09368421073141175,0.30649486398143994,2235.988685593779,1602.2541877750598,3823.572006041799,1498.8728729393924,10673.157280002639,3261.697413619812,3217.2158154115004,28570.401431054743,0.0003064948639814399
60921,1000.0,100.0,-1.0,10.0,0.1,0.44702952967085,0.623731413037982,0.26146716506324574,0.6667231723714283,0.09368421073141175,0.30649486398143994,2235.988685593779,1602.2541877750598,3823.572006041799,1498.8728729393924,10673.157280002639,3261.697413619812,3217.2158154115004,28570.401431054743,0.0003064948639814399
61171,100.0,10000.0,4.0,1.0,0.31622776601683794,30.90245662637438,95.23170624559474,99.87779521861661,99.99850114959293,99.99966646494745,99.99999681474871,2.235988685593779,0.05007044336797062,0.0012235430419333757,1.4988728729393924e-05,3.3353616500008245e-06,3.1852513804880976e-08,2.0084932360986547e-06,2.235988685593779,0.9999999681474872
61421,10000.0,1000.0,4.0,10.0,1.7782794100389228,4.470295296708501,195.80797307649001,4497.326928875178,9852.326155895766,9966.757260059929,9999.681485007453,2235.988685593779,50.07044336797062,1.2235430419333757,0.014988728729393924,0.0033353616500008247,3.185251380488097e-05,0.002008493236098655,2235.988685593779,0.9999681485007453
61671,1000.0,100.0,3.0,10.0,2.154434690031884,0.44702952967085,9.887198266422178,140.49452254592268,869.6504527442223,937.4643473519828,998.7275207143653,2235.988685593779,100.14088673594124,6.117715209666878,0.14988728729393924,0.06670723300001649,0.001274100552195239,0.03651027648467417,2235.988685593779,0.9987275207143652
61921,10000.0,100.0,-1.0,0.1,0.01,0.447209453919515,0.6240817464886116,0.26152870811615014,0.6671234803863143,0.09369211045568958,0.30657943250075737,22359.886855937788,16022.541877750598,38235.72006041799,14988.728729393924,106731.57280002639,32616.974136198114,32172.158154115008,285704.0143105474,3.065794325007574e-05
62171,1000.0,10000.0,0.0,10.0,nan,42.80842652051684,110.97213775760808,115.64511919803707,400.18042167295715,157.81387035698367,550.8354000674451,22.359886855937788,8.011270938875299,7.647144012083598,1.4988728729393925,5.33657864000132,0.8154243534049529,1.8695080120810996,22.359886855937788,0.5508354000674451
62421,10000.0,100.0,2.0,10.0,10.0,0.447209453919515,4.990473847364765,32.585415446614526,625.4405943867098,697.2797290893724,6624.094841738789,22359.886855937788,2002.8177347188248,305.8857604833439,14.988728729393925,13.341446600003298,0.5096402208780956,7.688438638558493,22359.886855937788,0.6624094841738789
62671,10000.0,10000.0,4.0,10.0,1.0,44.52382179902331,1664.7122010975481,8909.842429113536,9985.03370384592,9996.66575044281,9999.968147587651,223.59886855937788,5.007044336797062,0.12235430419333757,0.0014988728729393925,0.0003335361650000825,3.1852513804880973e-06,0.0002008493236098655,223.59886855937788,0.9999968147587651
62684,10000.0,10000.0,4.0,10.0,1.0,44.52382179902331,1664.7122010975481,8909.842429113536,9985.03370384592,9996.66575044281,9999.968147587651,223.59886855937788,5.007044336797062,0.12235430419333757,0.0014988728729393925,0.0003335361650000825,3.1852513804880973e-06,0.0002008493236098655,223.59886855937788,0.9999968147587651
62934,10000.0,100.0,2.0,0.1,10.0,0.447209453919515,4.990473847364765,32.585415446614526,625.4405943867098,697.2797290893724,6624.094841738789,22359.886855937788,2002.8177347188248,305.8857604833439,14.988728729393925,13.341446600003298,0.5096402208780956,7.688438638558493,22359.886855937788,0.6624094841738789
63184,10000.0,100.0,-1.0,0.1,0.01,0.447209453919515,0.6240817464886116,0.26152870811615014,0.6671234803863143,0.09369211045568958,0.30657943250075737,22359.886855937788,16022.541877750598,38235.72006041799,14988.728729393924,106731.57280002639,32616.974136198114,32172.158154115008,285704.0143105474,3.065794325007574e-05
63434,10000.0,1000.0,4.0,10.0,1.7782794100389228,4.470295296708501,195.80797307649001,4497.326928875178,9852.326155895766,9966.757260059929,9999.681485007453,2235.988685593779,50.07044336797062,1.2235430419333757,0.014988728729393924,0.0033353616500008247,3.185251380488097e-05,0.002008493236098655,2235.988685593779,0.9999681485007453
63684,10000.0,10000.0,-0.5,10.0,1.0,44.52382179902331,87.4917581722429,58.14111062697643,206.6178797121441,41.72594321506749,190.2154528196182,223.59886855937788,113.29648013602886,170.99533844749396,47.39852201528638,238.65905212632657,51.57196432659455,72.08928253157609,560.3116708004898,0.01902154528196182
63934,1000.0,1000.0,4.0,1.0,1.0,4.452382179902331,166.47122010975485,890.9842429113537,998.5033703845919,999.6665750442809,999.9968147587651,223.59886855937788,5.007044336797062,0.12235430419333757,0.0014988728729393925,0.0003335361650000825,3.1852513804880973e-06,0.00020084932360986548,223.59886855937788,0.9999968147587651
64184,10000.0,100.0,2.0,10.0,10.0,0.447209453919515,4.990473847364765,32.585415446614526,625.4405943867098,697.2797290893724,6624.094841738789,22359.886855937788,2002.8177347188248,305.8857604833439,14.988728729393925,13.341446600003298,0.5096402208780956,7.688438638558493,22359.886855937788,0.6624094841738789
64434,100.0,10000.0,4.0,0.1,0.31622776601683794,30.90245662637438,95.23170624559474,99.87779521861661,99.99850114959293,99.99966646494745,99.99999681474871,2.235988685593779,0.05007044336797062,0.0012235430419333757,1.4988728729393924e-05,3.3353616500008245e-06,3.1852513804880976e-08,2.0084932360986547e-06,2.235988685593779,0.9999999681474872
64684,10000.0,1000.0,4.0,10.0,1.7782794100389228,4.470295296708501,195.80797307649001,4497.326928875178,9852.326155895766,9966.757260059929,9999.681485007453,2235.988685593779,50.07044336797062,1.2235430419333757,0.014988728729393924,0.0033353616500008247,3.185251380488097e-05,0.002008493236098655,2235.988685593779,0.9999681485007453
64934,10000.0,10000.0,4.0,0.1,1.0,44.52382179902331,1664.7122010975481,8909.842429113536,9985.03370384592,9996.66575044281,9999.968147587651,223.59886855937788,5.007044336797062,0.12235430419333757,0.0014988728729393925,0.0003335361650000825,3.1852513804880973e-06,0.0002008493236098655,223.59886855937788,0.9999968147587651
65184,1000.0,100.0,-1.0,0.1,0.1,0.44702952967085,0.623731413037982,0.26146716506324574,0.6667231723714283,0.09368421073141175,0.30649486398143994,2235.988685593779,1602.2541877750598,3823.572006041799,1498.8728729393924,10673.157280002639,3261.697413619812,3217.2158154115004,28570.401431054743,0.0003064948639814399
65434,10000.0,10000.0,-0.5,10.0,1.0,44.52382179902331,87.4917581722429,58.14111062697643,206.6178797121441,41.72594321506749,190.2154528196182,223.59886855937788,113.29648013602886,170.99533844749396,47.39852201528638,238.65905212632657,51.57196432659455,72.08928253157609,560.3116708004898,0.01902154528196182
65447,10000.0,10000.0,-0.5,10.0,1.0,44.52382179902331,87.4917581722429,58.14111062697643,206.6178797121441,41.72594321506749,190.2154528196182,223.59886855937788,113.29648013602886,170.99533844749396,47.39852201528638,238.65905212632657,51.57196432659455,72.08928253157609,560.3116708004898,0.01902154528196182
65697,10000.0,100.0,2.0,0.1,10.0,0.447209453919515,4.990473847364765,32.585415446614526,625.4405943867098,697.2797290893724,6624.094841738789,22359.886855937788,2002.8177347188248,305.8857604833439,14.988728729393925,13.341446600003298,0.5096402208780956,7.688438638558493,22359.886855937788,0.6624094841738789
65947,10000.0,100.0,-1.0,0.1,0.01,0.447209453919515,0.6240817464886116,0.26152870811615014,0.6671234803863143,0.09369211045568958,0.30657943250075737,22359.886855937788,16022.541877750598,38235.72006041799,14988.728729393924,106731.57280002639,32616.974136198114,32172.158154115008,285704.0143105474,3.065794325007574e-05
66197,10000.0,10000.0,-0.5,10.0,1.0,44.52382179902331,87.4917581722429,58.14111062697643,206.6178797121441,41.72594321506749,190.2154528196182,223.59886855937788,113.29648013602886,170.99533844749396,47.39852201528638,238.65905212632657,51.57196432659455,72.08928253157609,560.3116708004898,0.01902154528196182
66447,1000.0,100.0,-1.0,10.0,0.1,0.44702952967085,0.623731413037982,0.26146716506324574,0.6667231723714283,0.09368421073141175,0.30649486398143994,2235.988685593779,1602.2541877750598,3823.572006041799,1498.8728729393924,10673.157280002639,3261.697413619812,3217.2158154115004,28570.401431054743,0.0003064948639814399
66697,100.0,1000.0,-1.0,0.1,10.0,4.280842652051684,5.874563312468951,2.5486979682292765,6.2544059438670985,0.928232990579485,2.9746877156418994,22.359886855937788,16.022541877750598,38.23572006041799,14.988728729393925,106.73157280002638,32.61697413619812,32.17215815411501,285.7040143105474,0.029746877156418994
66947,10000.0,1000.0,1.0,10.0,10.0,4.470295296708501,24.902658809815726,64.95915877565233,625.4405943867098,361.2339190037267,3291.031637464061,2235.988685593779,400.56354694376495,152.94288024167196,14.988728729393925,26.682893200006596,2.0385608835123823,12.601727434864896,2235.988685593779,0.32910316374640614
67197,100.0,100.0,4.0,0.1,1.0,0.4452382179902331,16.647122010975483,89.09842429113536,99.8503370384592,99.9666575044281,99.99968147587653,223.59886855937788,5.007044336797062,0.12235430419333757,0.0014988728729393925,0.00033353616500008244,3.1852513804880977e-06,0.00020084932360986548,223.59886855937788,0.9999968147587652
67447,100.0,100.0,3.0,0.1,1.0,0.4452382179902331,9.079280452839132,62.04353327947082,98.52326155895766,99.33734803788332,99.98726061760345,223.59886855937788,10.014088673594124,0.6117715209666879,0.014988728729393924,0.006670723300001649,0.0001274100552195239,0.003651027648467417,223.59886855937788,0.9998726061760346
67697,1000.0,100.0,3.0,10.0,2.154434690031884,0.44702952967085,9.887198266422178,140.49452254592268,869.6504527442223,937.4643473519828,998.7275207143653,2235.988685593779,100.14088673594124,6.117715209666878,0.14988728729393924,0.06670723300001649,0.001274100552195239,0.03651027648467417,2235.988685593779,0.9987275207143652
67947,100.0,10000.0,0.0,10.0,nan,30.90245662637438,55.52079047579106,56.666393118074296,86.96504527442224,65.20359093597123,92.4605422148948,2.235988685593779,0.8011270938875299,0.7647144012083598,0.14988728729393924,0.5336578640001319,0.0815424353404953,0.18695080120810997,2.235988685593779,0.924605422148948
68197,1000.0,100.0,-1.0,0.1,0.1,0.44702952967085,0.623731413037982,0.26146716506324574,0.6667231723714283,0.09368421073141175,0.30649486398143994,2235.988685593779,1602.2541877750598,3823.572006041799,1498.8728729393924,10673.157280002639,3261.697413619812,3217.2158154115004,28570.401431054743,0.0003064948639814399
68210,10000.0,100.0,2.0,1.0,10.0,0.447209453919515,4.990473847364765,32.585415446614526,625.4405943867098,697.2797290893724,6624.094841738789,22359.886855937788,2002.8177347188248,305.8857604833439,14.988728729393925,13.341446600003298,0.5096402208780956,7.688438638558493,22359.886855937788,0.6624094841738789
68460,1000.0,100.0,-1.0,0.1,0.1,0.44702952967085,0.623731413037982,0.26146716506324574,0.6667231723714283,0.09368421073141175,0.30649486398143994,2235.988685593779,1602.2541877750598,3823.572006041799,1498.8728729393924,10673.157280002639,3261.697413619812,3217.2158154115004,28570.401431054743,0.0003064948639814399
68710,10000.0,10000.0,-1.0,0.1,1.0,44.52382179902331,62.02495906554402,26.085332385148277,66.27463571877519,9.360528669477315,30.565173779123974,223.59886855937788,160.22541877750598,382.35720060417987,149.88728729393924,1067.315728000264,326.16974136198115,321.72158154115004,2857.040143105474,0.0030565173779123975
68960,10000.0,10000.0,-0.5,10.0,1.0,44.52382179902331,87.4917581722429,58.14111062697643,206.6178797121441,41.72594321506749,190.2154528196182,223.59886855937788,113.29648013602886,170.99533844749396,47.39852201528638,238.65905212632657,51.57196432659455,72.08928253157609,560.3116708004898,0.01902154528196182
69210,100.0,100.0,0.0,10.0,nan,0.4452382179902331,1.2328524192272377,1.290798258610207,6.2544059438670985,1.8393921365216512,10.92389552758199,223.59886855937788,80.11270938875299,76.47144012083598,14.988728729393925,53.36578640001319,8.15424353404953,18.695080120811,223.59886855937788,0.10923895527581991
69460,10000.0,100.0,3.0,0.1,4.641588833612778,0.447209453919515,9.975969213383378,160.83078209263562,4001.8042167295716,5998.539967368428,9874.192854318308,22359.886855937788,1001.4088673594124,61.17715209666878,1.4988728729393923,0.667072330000165,0.012741005521952389,0.36510276484674176,22359.886855937788,0.9874192854318308
69710,10000.0,100.0,-1.0,10.0,0.01,0.447209453919515,0.6240817464886116,0.26152870811615014,0.6671234803863143,0.09369211045568958,0.30657943250075737,22359.886855937788,16022.541877750598,38235.72006041799,14988.728729393924,106731.57280002639,32616.974136198114,32172.158154115008,285704.0143105474,3.065794325007574e-05
69960,100.0,10000.0,4.0,10.0,0.31622776601683794,30.90245662637438,95.23170624559474,99.87779521861661,99.99850114959293,99.99966646494745,99.99999681474871,2.235988685593779,0.05007044336797062,0.0012235430419333757,1.4988728729393924e-05,3.3353616500008245e-06,3.1852513804880976e-08,2.0084932360986547e-06,2.235988685593779,0.9999999681474872
70210,10000.0,100.0,-1.0,10.0,0.01,0.447209453919515,0.6240817464886116,0.26152870811615014,0.6671234803863143,0.09369211045568958,0.30657943250075737,22359.886855937788,16022.541877750598,38235.72006041799,14988.728729393924,106731.57280002639,32616.974136198114,32172.158154115008,285704.0143105474,3.065794325007574e-05
70460,10000.0,10000.0,4.0,10.0,1.0,44.52382179902331,1664.7122010975481,8909.842429113536,9985.03370384592,9996.66575044281,9999.968147587651,223.59886855937788,5.007044336797062,0.12235430419333757,0.0014988728729393925,0.0003335361650000825,3.1852513804880973e-06,0.0002008493236098655,223.59886855937788,0.9999968147587651
70710,10000.0,100.0,4.0,1.0,3.1622776601683795,0.447209453919515,19.932054270790267,755.547774660386,8696.504527442223,9677.22940175138,9996.81576287908,22359.886855937788,500.7044336797062,12.235430419333756,0.14988728729393924,0.033353616500008246,0.0003185251380488097,0.02008493236098655,22359.886855937788,0.999681576287908
70960,1000.0,10000.0,4.0,1.0,0.5623413251903491,42.80842652051684,666.3537319923911,987.9124657647429,999.8501351755382,999.9666474959266,999.9996814749633,22.359886855937788,0.5007044336797062,0.012235430419333757,0.00014988728729393923,3.335361650000825e-05,3.1852513804880977e-07,2.0084932360986552e-05,22.359886855937788,0.9999996814749633
70973,100.0,10000.0,4.0,1.0,0.31622776601683794,30.90245662637438,95.23170624559474,99.87779521861661,99.99850114959293,99.99966646494745,99.99999681474871,2.235988685593779,0.05007044336797062,0.0012235430419333757,1.4988728729393924e-05,3.3353616500008245e-06,3.1852513804880976e-08,2.0084932360986547e-06,2.235988685593779,0.9999999681474872
71223,10000.0,10000.0,0.0,0.1,nan,44.52382179902331,123.28524192272377,129.07982586102068,625.4405943867098,183.93921365216514,1092.389552758199,223.59886855937788,80.11270938875299,76.47144012083598,14.988728729393925,53.36578640001319,8.15424353404953,18.695080120811,223.59886855937788,0.1092389552758199
71473,1000.0,10000.0,-1.0,10.0,10.0,42.80842652051684,58.74563312468951,25.486979682292766,62.544059438670985,9.28232990579485,29.746877156418996,22.359886855937788,16.022541877750598,38.23572006041799,14.988728729393925,106.73157280002638,32.61697413619812,32.17215815411501,285.7040143105474,0.029746877156418997
71723,10000.0,100.0,4.0,10.0,3.1622776601683795,0.447209453919515,19.932054270790267,755.547774660386,8696.504527442223,9677.22940175138,9996.81576287908,22359.886855937788,500.7044336797062,12.235430419333756,0.14988728729393924,0.033353616500008246,0.0003185251380488097,0.02008493236098655,22359.886855937788,0.999681576287908
71973,10000.0,10000.0,3.0,10.0,1.0,44.52382179902331,907.928045283913,6204.353327947082,9852.326155895766,9933.734803788331,9998.726061760346,223.59886855937788,10.014088673594124,0.6117715209666879,0.014988728729393924,0.006670723300001649,0.0001274100552195239,0.003651027648467417,223.59886855937788,0.9998726061760346
72223,10000.0,10000.0,4.0,10.0,1.0,44.52382179902331,1664.7122010975481,8909.842429113536,9985.03370384592,9996.66575044281,9999.968147587651,223.59886855937788,5.007044336797062,0.12235430419333757,0.0014988728729393925,0.0003335361650000825,3.1852513804880973e-06,0.0002008493236098655,223.59886855937788,0.9999968147587651
72473,1000.0,100.0,3.0,0.1,2.154434690031884,0.44702952967085,9.887198266422178,140.49452254592268,869.6504527442223,937.4643473519828,998.7275207143653,2235.988685593779,100.14088673594124,6.117715209666878,0.14988728729393924,0.06670723300001649,0.001274100552195239,0.03651027648467417,2235.988685593779,0.9987275207143652
72723,1000.0,10000.0,4.0,0.1,0.5623413251903491,42.80842652051684,666.3537319923911,987.9124657647429,999.8501351755382,999.9666474959266,999.9996814749633,22.359886855937788,0.5007044336797062,0.012235430419333757,0.00014988728729393923,3.335361650000825e-05,3.1852513804880977e-07,2.0084932360986552e-05,22.359886855937788,0.9999996814749633
72973,100.0,10000.0,0.5,0.1,0.0001,30.90245662637438,63.837295558878566,74.51616596277225,95.47464303042098,89.33919607366548,98.72711222259713,2.235988685593779,0.5664824006801443,0.34199067689498797,0.04739852201528638,0.11932952606316329,0.01289299108164864,0.04958970839163522,2.235988685593779,0.9872711222259712
73223,1000.0,10000.0,4.0,10.0,0.5623413251903491,42.80842652051684,666.3537319923911,987.9124657647429,999.8501351755382,999.9666474959266,999.9996814749633,22.359886855937788,0.5007044336797062,0.012235430419333757,0.00014988728729393923,3.335361650000825e-05,3.1852513804880977e-07,2.0084932360986552e-05,22.359886855937788,0.9999996814749633
73473,10000.0,1000.0,-1.0,0.1,0.1,4.470295296708501,6.237314130379819,2.6146716506324577,6.667231723714284,0.9368421073141174,3.064948639814399,2235.988685593779,1602.2541877750598,3823.572006041799,1498.8728729393924,10673.157280002639,3261.6974136198114,3217.2158154115004,28570.40143105474,0.0003064948639814399
73723,1000.0,100.0,3.0,10.0,2.154434690031884,0.44702952967085,9.887198266422178,140.49452254592268,869.6504527442223,937.4643473519828,998.7275207143653,2235.988685593779,100.14088673594124,6.117715209666878,0.14988728729393924,0.06670723300001649,0.001274100552195239,0.03651027648467417,2235.988685593779,0.9987275207143652
73737,1000.0,100.0,-1.0,10.0,0.1,0.44702952967085,0.623731413037982,0.26146716506324574,0.6667231723714283,0.09368421073141175,0.30649486398143994,2235.988685593779,1602.2541877750598,3823.572006041799,1498.8728729393924,10673.157280002639,3261.697413619812,3217.2158154115004,28570.401431054743,0.0003064948639814399
73987,10000.0,100.0,2.0,0.1,10.0,0.447209453919515,4.990473847364765,32.585415446614526,625.4405943867098,697.2797290893724,6624.094841738789,22359.886855937788,2002.8177347188248,305.8857604833439,14.988728729393925,13.341446600003298,0.5096402208780956,7.688438638558493,22359.886855937788,0.6624094841738789
74237,1000.0,100.0,1.0,1.0,10.0,0.44702952967085,2.490265880981573,6.495915877565232,62.544059438670985,36.12339190037267,329.10316374640615,2235.988685593779,400.56354694376495,152.94288024167196,14.988728729393925,26.682893200006596,2.0385608835123823,12.601727434864895,2235.988685593779,0.32910316374640614
74487,10000.0,10000.0,4.0,0.1,1.0,44.52382179902331,1664.7122010975481,8909.842429113536,9985.03370384592,9996.66575044281,9999.968147587651,223.59886855937788,5.007044336797062,0.12235430419333757,0.0014988728729393925,0.0003335361650000825,3.1852513804880973e-06,0.0002008493236098655,223.59886855937788,0.9999968147587651
74737,100.0,100.0,1.0,0.1,1.0,0.4452382179902331,2.4356765412906234,6.137119943607417,40.01804216729572,27.260663289225512,83.066407162468,223.59886855937788,40.056354694376495,15.294288024167196,1.4988728729393925,2.66828932000066,0.20385608835123825,1.2601727434864896,223.59886855937788,0.8306640716246799
74987,10000.0,10000.0,4.0,1.0,1.0,44.52382179902331,1664.7122010975481,8909.842429113536,9985.03370384592,9996.66575044281,9999.968147587651,223.59886855937788,5.007044336797062,0.12235430419333757,0.0014988728729393925,0.0003335361650000825,3.1852513804880973e-06,0.0002008493236098655,223.59886855937788,0.9999968147587651
75237,10000.0,100.0,-1.0,0.1,0.01,0.447209453919515,0.6240817464886116,0.26152870811615014,0.6671234803863143,0.09369211045568958,0.30657943250075737,22359.886855937788,16022.541877750598,38235.72006041799,14988.728729393924,106731.57280002639,32616.974136198114,32172.158154115008,285704.0143105474,3.065794325007574e-05
75487,10000.0,100.0,1.0,10.0,100.0,0.447209453919515,2.495859699810312,6.534116441228023,66.27463571877519,37.337265714062355,467.604176111926,22359.886855937788,4005.6354694376496,1529.4288024167195,149.88728729393924,266.828932000066,20.385608835123822,126.01727434864895,22359.886855937788,0.0467604176111926
75737,100.0,10000.0,4.0,10.0,0.31622776601683794,30.90245662637438,95.23170624559474,99.87779521861661,99.99850114959293,99.99966646494745,99.99999681474871,2.235988685593779,0.05007044336797062,0.0012235430419333757,1.4988728729393924e-05,3.3353616500008245e-06,3.1852513804880976e-08,2.0084932360986547e-06,2.235988685593779,0.9999999681474872
75987,10000.0,10000.0,4.0,0.1,1.0,44.52382179902331,1664.7122010975481,8909.842429113536,9985.03370384592,9996.66575044281,9999.968147587651,223.59886855937788,5.007044336797062,0.12235430419333757,0.0014988728729393925,0.0003335361650000825,3.1852513804880973e-06,0.0002008493236098655,223.59886855937788,0.9999968147587651
76237,10000.0,100.0,3.0,0.1,4.641588833612778,0.447209453919515,9.975969213383378,160.83078209263562,4001.8042167295716,5998.539967368428,9874.192854318308,22359.886855937788,1001.4088673594124,61.17715209666878,1.4988728729393923,0.667072330000165,0.012741005521952389,0.36510276484674176,22359.886855937788,0.9874192854318308
76487,10000.0,100.0,2.0,10.0,10.0,0.447209453919515,4.990473847364765,32.585415446614526,625.4405943867098,697.2797290893724,6624.094841738789,22359.886855937788,2002.8177347188248,305.8857604833439,14.988728729393925,13.341446600003298,0.5096402208780956,7.688438638558493,22359.886855937788,0.6624094841738789
76500,10000.0,100.0,3.0,0.1,4.641588833612778,0.447209453919515,9.975969213383378,160.83078209263562,4001.8042167295716,5998.539967368428,9874.192854318308,22359.886855937788,1001.4088673594124,61.17715209666878,1.4988728729393923,0.667072330000165,0.012741005521952389,0.36510276484674176,22359.886855937788,0.9874192854318308
76750,10000.0,1000.0,1.0,0.1,10.0,4.470295296708501,24.902658809815726,64.95915877565233,625.4405943867098,361.2339190037267,3291.031637464061,2235.988685593779,400.56354694376495,152.94288024167196,14.988728729393925,26.682893200006596,2.0385608835123823,12.601727434864896,2235.988685593779,0.32910316374640614
77000,10000.0,10000.0,4.0,1.0,1.0,44.52382179902331,1664.7122010975481,8909.842429113536,9985.03370384592,9996.66575044281,9999.968147587651,223.59886855937788,5.007044336797062,0.12235430419333757,0.0014988728729393925,0.0003335361650000825,3.1852513804880973e-06,0.0002008493236098655,223.59886855937788,0.9999968147587651
77250,100.0,1000.0,-1.0,10.0,10.0,4.280842652051684,5.874563312468951,2.5486979682292765,6.2544059438670985,0.928232990579485,2.9746877156418994,22.359886855937788,16.022541877750598,38.23572006041799,14.988728729393925,106.73157280002638,32.61697413619812,32.17215815411501,285.7040143105474,0.029746877156418994
77500,10000.0,100.0,2.0,10.0,10.0,0.447209453919515,4.990473847364765,32.585415446614526,625.4405943867098,697.2797290893724,6624.094841738789,22359.886855937788,2002.8177347188248,305.8857604833439,14.988728729393925,13.341446600003298,0.5096402208780956,7.688438638558493,22359.886855937788,0.6624094841738789
77750,10000.0,100.0,3.0,10.0,4.641588833612778,0.447209453919515,9.975969213383378,160.83078209263562,4001.8042167295716,5998.539967368428,9874.192854318308,22359.886855937788,1001.4088673594124,61.17715209666878,1.4988728729393923,0.667072330000165,0.012741005521952389,0.36510276484674176,22359.886855937788,0.9874192854318308
78000,10000.0,100.0,4.0,0.1,3.1622776601683795,0.447209453919515,19.932054270790267,755.547774660386,8696.504527442223,9677.22940175138,9996.81576287908,22359.886855937788,500.7044336797062,12.235430419333756,0.14988728729393924,0.033353616500008246,0.0003185251380488097,0.02008493236098655,22359.886855937788,0.999681576287908
78250,100.0,100.0,-1.0,10.0,1.0,0.4452382179902331,0.6202495906554402,0.2608533238514828,0.6627463571877519,0.09360528669477317,0.3056517377912398,223.59886855937788,160.22541877750598,382.35720060417987,149.88728729393924,1067.3157280002638,326.1697413619812,321.72158154115004,2857.0401431054743,0.003056517377912398
78500,10000.0,10000.0,4.0,0.1,1.0,44.52382179902331,1664.7122010975481,8909.842429113536,9985.03370384592,9996.66575044281,9999.968147587651,223.59886855937788,5.007044336797062,0.12235430419333757,0.0014988728729393925,0.0003335361650000825,3.1852513804880973e-06,0.0002008493236098655,223.59886855937788,0.9999968147587651
78750,1000.0,10000.0,4.0,10.0,0.5623413251903491,42.80842652051684,666.3537319923911,987.9124657647429,999.8501351755382,999.9666474959266,999.9996814749633,22.359886855937788,0.5007044336797062,0.012235430419333757,0.00014988728729393923,3.335361650000825e-05,3.1852513804880977e-07,2.0084932360986552e-05,22.359886855937788,0.9999996814749633
79000,10000.0,100.0,-1.0,10.0,0.01,0.447209453919515,0.6240817464886116,0.26152870811615014,0.6671234803863143,0.09369211045568958,0.30657943250075737,22359.886855937788,16022.541877750598,38235.72006041799,14988.728729393924,106731.57280002639,32616.974136198114,32172.158154115008,285704.0143105474,3.065794325007574e-05
79250,1000.0,100.0,-1.0,10.0,0.1,0.44702952967085,0.623731413037982,0.26146716506324574,0.6667231723714283,0.09368421073141175,0.30649486398143994,2235.988685593779,1602.2541877750598,3823.572006041799,1498.8728729393924,10673.157280002639,3261.697413619812,3217.2158154115004,28570.401431054743,0.0003064948639814399
79263,1000.0,100.0,-1.0,10.0,0.1,0.44702952967085,0.623731413037982,0.26146716506324574,0.6667231723714283,0.09368421073141175,0.30649486398143994,2235.988685593779,1602.2541877750598,3823.572006041799,1498.8728729393924,10673.157280002639,3261.697413619812,3217.2158154115004,28570.401431054743,0.0003064948639814399
79513,1000.0,10000.0,4.0,1.0,0.5623413251903491,42.80842652051684,666.3537319923911,987.9124657647429,999.8501351755382,999.9666474959266,999.9996814749633,22.359886855937788,0.5007044336797062,0.012235430419333757,0.00014988728729393923,3.335361650000825e-05,3.1852513804880977e-07,2.0084932360986552e-05,22.359886855937788,0.9999996814749633
79763,1000.0,100.0,2.0,10.0,3.1622776601683795,0.44702952967085,4.968159723312913,31.657014183541463,400.18042167295715,428.4224611853572,951.5073579906511,2235.988685593779,200.28177347188247,30.588576048334392,1.4988728729393925,1.33414466000033,0.050964022087809556,0.7688438638558492,2235.988685593779,0.9515073579906511
80013,1000.0,100.0,2.0,10.0,3.1622776601683795,0.44702952967085,4.968159723312913,31.657014183541463,400.18042167295715,428.4224611853572,951.5073579906511,2235.988685593779,200.28177347188247,30.588576048334392,1.4988728729393925,1.33414466000033,0.050964022087809556,0.7688438638558492,2235.988685593779,0.9515073579906511
80263,10000.0,10000.0,0.0,10.0,nan,44.52382179902331,123.28524192272377,129.07982586102068,625.4405943867098,183.93921365216514,1092.389552758199,223.59886855937788,80.11270938875299,76.47144012083598,14.988728729393925,53.36578640001319,8.15424353404953,18.695080120811,223.59886855937788,0.1092389552758199
80513,10000.0,10000.0,4.0,10.0,1.0,44.52382179902331,1664.7122010975481,8909.842429113536,9985.03370384592,9996.66575044281,9999.968147587651,223.59886855937788,5.007044336797062,0.12235430419333757,0.0014988728729393925,0.0003335361650000825,3.1852513804880973e-06,0.0002008493236098655,223.59886855937788,0.9999968147587651
80763,10000.0,100.0,4.0,10.0,3.1622776601683795,0.447209453919515,19.932054270790267,755.547774660386,8696.504527442223,9677.22940175138,9996.81576287908,22359.886855937788,500.7044336797062,12.235430419333756,0.14988728729393924,0.033353616500008246,0.0003185251380488097,0.02008493236098655,22359.886855937788,0.999681576287908
81013,10000.0,100.0,-1.0,1.0,0.01,0.447209453919515,0.6240817464886116,0.26152870811615014,0.6671234803863143,0.09369211045568958,0.30657943250075737,22359.886855937788,16022.541877750598,38235.72006041799,14988.728729393924,106731.57280002639,32616.974136198114,32172.158154115008,285704.0143105474,3.065794325007574e-05
81263,10000.0,100.0,-1.0,10.0,0.01,0.447209453919515,0.6240817464886116,0.26152870811615014,0.6671234803863143,0.09369211045568958,0.30657943250075737,22359.886855937788,16022.541877750598,38235.72006041799,14988.728729393924,106731.57280002639,32616.974136198114,32172.158154115008,285704.0143105474,3.065794325007574e-05
81513,10000.0,100.0,1.0,10.0,100.0,0.447209453919515,2.495859699810312,6.534116441228023,66.27463571877519,37.337265714062355,467.604176111926,22359.886855937788,4005.6354694376496,1529.4288024167195,149.88728729393924,266.828932000066,20.385608835123822,126.01727434864895,22359.886855937788,0.0467604176111926
81763,10000.0,100.0,-1.0,10.0,0.01,0.447209453919515,0.6240817464886116,0.26152870811615014,0.6671234803863143,0.09369211045568958,0.30657943250075737,22359.886855937788,16022.541877750598,38235.72006041799,14988.728729393924,106731.57280002639,32616.974136198114,32172.158154115008,285704.0143105474,3.065794325007574e-05
82013,1000.0,100.0,3.0,1.0,2.154434690031884,0.44702952967085,9.887198266422178,140.49452254592268,869.6504527442223,937.4643473519828,998.7275207143653,2235.988685593779,100.14088673594124,6.117715209666878,0.14988728729393924,0.06670723300001649,0.001274100552195239,0.03651027648467417,2235.988685593779,0.9987275207143652
82026,1000.0,100.0,3.0,1.0,2.154434690031884,0.44702952967085,9.887198266422178,140.49452254592268,869.6504527442223,937.4643473519828,998.7275207143653,2235.988685593779,100.14088673594124,6.117715209666878,0.14988728729393924,0.06670723300001649,0.001274100552195239,0.03651027648467417,2235.988685593779,0.9987275207143652
82276,100.0,10000.0,0.0,10.0,nan,30.90245662637438,55.52079047579106,56.666393118074296,86.96504527442224,65.20359093597123,92.4605422148948,2.235988685593779,0.8011270938875299,0.7647144012083598,0.14988728729393924,0.5336578640001319,0.0815424353404953,0.18695080120810997,2.235988685593779,0.924605422148948
82526,10000.0,100.0,3.0,10.0,4.641588833612778,0.447209453919515,9.975969213383378,160.83078209263562,4001.8042167295716,5998.539967368428,9874.192854318308,22359.886855937788,1001.4088673594124,61.17715209666878,1.4988728729393923,0.667072330000165,0.012741005521952389,0.36510276484674176,22359.886855937788,0.9874192854318308
82776,10000.0,100.0,4.0,10.0,3.1622776601683795,0.447209453919515,19.932054270790267,755.547774660386,8696.504527442223,9677.22940175138,9996.81576287908,22359.886855937788,500.7044336797062,12.235430419333756,0.14988728729393924,0.033353616500008246,0.0003185251380488097,0.02008493236098655,22359.886855937788,0.999681576287908
83026,100.0,100.0,-1.0,10.0,1.0,0.4452382179902331,0.6202495906554402,0.2608533238514828,0.6627463571877519,0.09360528669477317,0.3056517377912398,223.59886855937788,160.22541877750598,382.35720060417987,149.88728729393924,1067.3157280002638,326.1697413619812,321.72158154115004,2857.0401431054743,0.003056517377912398
83276,10000.0,100.0,2.0,10.0,10.0,0.447209453919515,4.990473847364765,32.585415446614526,625.4405943867098,697.2797290893724,6624.094841738789,22359.886855937788,2002.8177347188248,305.8857604833439,14.988728729393925,13.341446600003298,0.5096402208780956,7.688438638558493,22359.886855937788,0.6624094841738789
83526,100.0,10000.0,4.0,0.1,0.31622776601683794,30.90245662637438,95.23170624559474,99.87779521861661,99.99850114959293,99.99966646494745,99.99999681474871,2.235988685593779,0.05007044336797062,0.0012235430419333757,1.4988728729393924e-05,3.3353616500008245e-06,3.1852513804880976e-08,2.0084932360986547e-06,2.235988685593779,0.9999999681474872
83776,1000.0,100.0,4.0,10.0,1.7782794100389228,0.44702952967085,19.580797307649004,449.7326928875178,985.2326155895765,996.6757260059928,999.9681485007453,2235.988685593779,50.07044336797062,1.2235430419333757,0.014988728729393924,0.0033353616500008247,3.185251380488097e-05,0.002008493236098655,2235.988685593779,0.9999681485007453
84026,1000.0,100.0,1.0,1.0,10.0,0.44702952967085,2.490265880981573,6.495915877565232,62.544059438670985,36.12339190037267,329.10316374640615,2235.988685593779,400.56354694376495,152.94288024167196,14.988728729393925,26.682893200006596,2.0385608835123823,12.601727434864895,2235.988685593779,0.32910316374640614
84276,10000.0,10000.0,4.0,10.0,1.0,44.52382179902331,1664.7122010975481,8909.842429113536,9985.03370384592,9996.66575044281,9999.968147587651,223.59886855937788,5.007044336797062,0.12235430419333757,0.0014988728729393925,0.0003335361650000825,3.1852513804880973e-06,0.0002008493236098655,223.59886855937788,0.9999968147587651
84526,10000.0,100.0,-1.0,10.0,0.01,0.447209453919515,0.6240817464886116,0.26152870811615014,0.6671234803863143,0.09369211045568958,0.30657943250075737,22359.886855937788,16022.541877750598,38235.72006041799,14988.728729393924,106731.57280002639,32616.974136198114,32172.158154115008,285704.0143105474,3.065794325007574e-05
84776,1000.0,10000.0,4.0,1.0,0.5623413251903491,42.80842652051684,666.3537319923911,987.9124657647429,999.8501351755382,999.9666474959266,999.9996814749633,22.359886855937788,0.5007044336797062,0.012235430419333757,0.00014988728729393923,3.335361650000825e-05,3.1852513804880977e-07,2.0084932360986552e-05,22.359886855937788,0.9999996814749633
84789,100.0,10000.0,4.0,0.1,0.31622776601683794,30.90245662637438,95.23170624559474,99.87779521861661,99.99850114959293,99.99966646494745,99.99999681474871,2.235988685593779,0.05007044336797062,0.0012235430419333757,1.4988728729393924e-05,3.3353616500008245e-06,3.1852513804880976e-08,2.0084932360986547e-06,2.235988685593779,0.9999999681474872
85039,10000.0,1000.0,4.0,0.1,1.7782794100389228,4.470295296708501,195.80797307649001,4497.326928875178,9852.326155895766,9966.757260059929,9999.681485007453,2235.988685593779,50.07044336797062,1.2235430419333757,0.014988728729393924,0.0033353616500008247,3.185251380488097e-05,0.002008493236098655,2235.988685593779,0.9999681485007453
85289,10000.0,100.0,2.0,10.0,10.0,0.447209453919515,4.990473847364765,32.585415446614526,625.4405943867098,697.2797290893724,6624.094841738789,22359.886855937788,2002.8177347188248,305.8857604833439,14.988728729393925,13.341446600003298,0.5096402208780956,7.688438638558493,22359.886855937788,0.6624094841738789
85539,1000.0,100.0,-1.0,10.0,0.1,0.44702952967085,0.623731413037982,0.26146716506324574,0.6667231723714283,0.09368421073141175,0.30649486398143994,2235.988685593779,1602.2541877750598,3823.572006041799,1498.8728729393924,10673.157280002639,3261.697413619812,3217.2158154115004,28570.401431054743,0.0003064948639814399
85789,10000.0,10000.0,-1.0,10.0,1.0,44.52382179902331,62.02495906554402,26.085332385148277,66.27463571877519,9.360528669477315,30.565173779123974,223.59886855937788,160.22541877750598,382.35720060417987,149.88728729393924,1067.315728000264,326.16974136198115,321.72158154115004,2857.040143105474,0.0030565173779123975
86039,10000.0,10000.0,4.0,10.0,1.0,44.52382179902331,1664.7122010975481,8909.842429113536,9985.03370384592,9996.66575044281,9999.968147587651,223.59886855937788,5.007044336797062,0.12235430419333757,0.0014988728729393925,0.0003335361650000825,3.1852513804880973e-06,0.0002008493236098655,223.59886855937788,0.9999968147587651
86289,10000.0,100.0,4.0,0.1,3.1622776601683795,0.447209453919515,19.932054270790267,755.547774660386,8696.504527442223,9677.22940175138,9996.81576287908,22359.886855937788,500.7044336797062,12.235430419333756,0.14988728729393924,0.033353616500008246,0.0003185251380488097,0.02008493236098655,22359.886855937788,0.999681576287908
86539,100.0,1000.0,4.0,0.1,0.5623413251903491,4.280842652051684,66.6353731992391,98.79124657647431,99.9850135175538,99.99666474959267,99.99996814749635,22.359886855937788,0.5007044336797062,0.012235430419333757,0.00014988728729393923,3.335361650000825e-05,3.1852513804880977e-07,2.008493236098655e-05,22.359886855937788,0.9999996814749634
86789,10000.0,10000.0,-0.5,10.0,1.0,44.52382179902331,87.4917581722429,58.14111062697643,206.6178797121441,41.72594321506749,190.2154528196182,223.59886855937788,113.29648013602886,170.99533844749396,47.39852201528638,238.65905212632657,51.57196432659455,72.08928253157609,560.3116708004898,0.01902154528196182
87039,100.0,100.0,-1.0,0.1,1.0,0.4452382179902331,0.6202495906554402,0.2608533238514828,0.6627463571877519,0.09360528669477317,0.3056517377912398,223.59886855937788,160.22541877750598,382.35720060417987,149.88728729393924,1067.3157280002638,326.1697413619812,321.72158154115004,2857.0401431054743,0.003056517377912398
87289,100.0,100.0,-1.0,1.0,1.0,0.4452382179902331,0.6202495906554402,0.2608533238514828,0.6627463571877519,0.09360528669477317,0.3056517377912398,223.59886855937788,160.22541877750598,382.35720060417987,149.88728729393924,1067.3157280002638,326.1697413619812,321.72158154115004,2857.0401431054743,0.003056517377912398
87539,100.0,100.0,-1.0,10.0,1.0,0.4452382179902331,0.6202495906554402,0.2608533238514828,0.6627463571877519,0.09360528669477317,0.3056517377912398,223.59886855937788,160.22541877750598,382.35720060417987,149.88728729393924,1067.3157280002638,326.1697413619812,321.72158154115004,2857.0401431054743,0.003056517377912398
87552,1000.0,100.0,1.0,10.0,10.0,0.44702952967085,2.490265880981573,6.495915877565232,62.544059438670985,36.12339190037267,329.10316374640615,2235.988685593779,400.56354694376495,152.94288024167196,14.988728729393925,26.682893200006596,2.0385608835123823,12.601727434864895,2235.988685593779,0.32910316374640614
87802,10000.0,10000.0,0.0,1.0,nan,44.52382179902331,123.28524192272377,129.07982586102068,625.4405943867098,183.93921365216514,1092.389552758199,223.59886855937788,80.11270938875299,76.47144012083598,14.988728729393925,53.36578640001319,8.15424353404953,18.695080120811,223.59886855937788,0.1092389552758199
88052,10000.0,1000.0,1.0,10.0,10.0,4.470295296708501,24.902658809815726,64.95915877565233,625.4405943867098,361.2339190037267,3291.031637464061,2235.988685593779,400.56354694376495,152.94288024167196,14.988728729393925,26.682893200006596,2.0385608835123823,12.601727434864896,2235.988685593779,0.32910316374640614
88302,10000.0,100.0,-1.0,0.1,0.01,0.447209453919515,0.6240817464886116,0.26152870811615014,0.6671234803863143,0.09369211045568958,0.30657943250075737,22359.886855937788,16022.541877750598,38235.72006041799,14988.728729393924,106731.57280002639,32616.974136198114,32172.158154115008,285704.0143105474,3.065794325007574e-05
88552,10000.0,100.0,4.0,10.0,3.1622776601683795,0.447209453919515,19.932054270790267,755.547774660386,8696.504527442223,9677.22940175138,9996.81576287908,22359.886855937788,500.7044336797062,12.235430419333756,0.14988728729393924,0.033353616500008246,0.0003185251380488097,0.02008493236098655,22359.886855937788,0.999681576287908
88802,10000.0,100.0,-1.0,10.0,0.01,0.447209453919515,0.6240817464886116,0.26152870811615014,0.6671234803863143,0.09369211045568958,0.30657943250075737,22359.886855937788,16022.541877750598,38235.72006041799,14988.728729393924,106731.57280002639,32616.974136198114,32172.158154115008,285704.0143105474,3.065794325007574e-05
89052,10000.0,10000.0,4.0,10.0,1.0,44.52382179902331,1664.7122010975481,8909.842429113536,9985.03370384592,9996.66575044281,9999.968147587651,223.59886855937788,5.007044336797062,0.12235430419333757,0.0014988728729393925,0.0003335361650000825,3.1852513804880973e-06,0.0002008493236098655,223.59886855937788,0.9999968147587651
89302,10000.0,100.0,-1.0,0.1,0.01,0.447209453919515,0.6240817464886116,0.26152870811615014,0.6671234803863143,0.09369211045568958,0.30657943250075737,22359.886855937788,16022.541877750598,38235.72006041799,14988.728729393924,106731.57280002639,32616.974136198114,32172.158154115008,285704.0143105474,3.065794325007574e-05
89552,100.0,100.0,2.0,10.0,1.0,0.4452382179902331,4.755523902473238,24.637474318122486,86.96504527442224,88.22897801270616,99.49294394074228,223.59886855937788,20.028177347188247,3.058857604833439,0.14988728729393924,0.13341446600003298,0.005096402208780956,0.07688438638558492,223.59886855937788,0.9949294394074228
89802,10000.0,100.0,4.0,10.0,3.1622776601683795,0.447209453919515,19.932054270790267,755.547774660386,8696.504527442223,9677.22940175138,9996.81576287908,22359.886855937788,500.7044336797062,12.235430419333756,0.14988728729393924,0.033353616500008246,0.0003185251380488097,0.02008493236098655,22359.886855937788,0.999681576287908
90052,1000.0,10000.0,4.0,10.0,0.5623413251903491,42.80842652051684,666.3537319923911,987.9124657647429,999.8501351755382,999.9666474959266,999.9996814749633,22.359886855937788,0.5007044336797062,0.012235430419333757,0.00014988728729393923,3.335361650000825e-05,3.1852513804880977e-07,2.0084932360986552e-05,22.359886855937788,0.9999996814749633
90302,1000.0,100.0,-1.0,1.0,0.1,0.44702952967085,0.623731413037982,0.26146716506324574,0.6667231723714283,0.09368421073141175,0.30649486398143994,2235.988685593779,1602.2541877750598,3823.572006041799,1498.8728729393924,10673.157280002639,3261.697413619812,3217.2158154115004,28570.401431054743,0.0003064948639814399
90316,1000.0,100.0,-1.0,1.0,0.1,0.44702952967085,0.623731413037982,0.26146716506324574,0.6667231723714283,0.09368421073141175,0.30649486398143994,2235.988685593779,1602.2541877750598,3823.572006041799,1498.8728729393924,10673.157280002639,3261.697413619812,3217.2158154115004,28570.401431054743,0.0003064948639814399
90566,10000.0,1000.0,0.5,0.1,100.0,4.470295296708501,17.621691858663294,29.15531142282814,206.6178797121441,83.10512246803673,719.7874051189076,2235.988685593779,566.4824006801443,341.9906768949879,47.39852201528638,119.32952606316329,12.892991081648638,49.58970839163523,2235.988685593779,0.07197874051189077
90816,10000.0,100.0,-1.0,10.0,0.01,0.447209453919515,0.6240817464886116,0.26152870811615014,0.6671234803863143,0.09369211045568958,0.30657943250075737,22359.886855937788,16022.541877750598,38235.72006041799,14988.728729393924,106731.57280002639,32616.974136198114,32172.158154115008,285704.0143105474,3.065794325007574e-05
91066,100.0,100.0,1.0,10.0,1.0,0.4452382179902331,2.4356765412906234,6.137119943607417,40.01804216729572,27.260663289225512,83.066407162468,223.59886855937788,40.056354694376495,15.294288024167196,1.4988728729393925,2.66828932000066,0.20385608835123825,1.2601727434864896,223.59886855937788,0.8306640716246799
91316,1000.0,10000.0,4.0,10.0,0.5623413251903491,42.80842652051684,666.3537319923911,987.9124657647429,999.8501351755382,999.9666474959266,999.9996814749633,22.359886855937788,0.5007044336797062,0.012235430419333757,0.00014988728729393923,3.335361650000825e-05,3.1852513804880977e-07,2.0084932360986552e-05,22.359886855937788,0.9999996814749633
91566,100.0,100.0,2.0,1.0,1.0,0.4452382179902331,4.755523902473238,24.637474318122486,86.96504527442224,88.22897801270616,99.49294394074228,223.59886855937788,20.028177347188247,3.058857604833439,0.14988728729393924,0.13341446600003298,0.005096402208780956,0.07688438638558492,223.59886855937788,0.9949294394074228
91816,100.0,1000.0,-0.5,10.0,99.99999999999999,4.280842652051684,8.110531613690299,5.5250041718068665,17.422051385463895,4.021570867615021,16.241157983781807,22.359886855937788,11.329648013602887,17.0995338447494,4.739852201528638,23.865905212632658,5.157196432659457,7.208928253157609,56.03116708004898,0.16241157983781807
92066,10000.0,10000.0,4.0,10.0,1.0,44.52382179902331,1664.7122010975481,8909.842429113536,9985.03370384592,9996.66575044281,9999.968147587651,223.59886855937788,5.007044336797062,0.12235430419333757,0.0014988728729393925,0.0003335361650000825,3.1852513804880973e-06,0.0002008493236098655,223.59886855937788,0.9999968147587651
92316,10000.0,10000.0,4.0,10.0,1.0,44.52382179902331,1664.7122010975481,8909.842429113536,9985.03370384592,9996.66575044281,9999.968147587651,223.59886855937788,5.007044336797062,0.12235430419333757,0.0014988728729393925,0.0003335361650000825,3.1852513804880973e-06,0.0002008493236098655,223.59886855937788,0.9999968147587651
92566,10000.0,10000.0,0.5,0.1,1.0,44.52382179902331,173.46583327091722,284.0984337486693,1742.2051385463894,773.2186380329034,4368.14917034417,223.59886855937788,56.64824006801443,34.19906768949879,4.739852201528638,11.932952606316329,1.289299108164864,4.9589708391635225,223.59886855937788,0.436814917034417
92816,1000.0,10000.0,4.0,0.1,0.5623413251903491,42.80842652051684,666.3537319923911,987.9124657647429,999.8501351755382,999.9666474959266,999.9996814749633,22.359886855937788,0.5007044336797062,0.012235430419333757,0.00014988728729393923,3.335361650000825e-05,3.1852513804880977e-07,2.0084932360986552e-05,22.359886855937788,0.9999996814749633
93066,10000.0,10000.0,4.0,10.0,1.0,44.52382179902331,1664.7122010975481,8909.842429113536,9985.03370384592,9996.66575044281,9999.968147587651,223.59886855937788,5.007044336797062,0.12235430419333757,0.0014988728729393925,0.0003335361650000825,3.1852513804880973e-06,0.0002008493236098655,223.59886855937788,0.9999968147587651
93079,10000.0,10000.0,-0.5,10.0,1.0,44.52382179902331,87.4917581722429,58.14111062697643,206.6178797121441,41.72594321506749,190.2154528196182,223.59886855937788,113.29648013602886,170.99533844749396,47.39852201528638,238.65905212632657,51.57196432659455,72.08928253157609,560.3116708004898,0.01902154528196182
93329,100.0,100.0,1.0,0.1,1.0,0.4452382179902331,2.4356765412906234,6.137119943607417,40.01804216729572,27.260663289225512,83.066407162468,223.59886855937788,40.056354694376495,15.294288024167196,1.4988728729393925,2.66828932000066,0.20385608835123825,1.2601727434864896,223.59886855937788,0.8306640716246799
93579,10000.0,100.0,-1.0,0.1,0.01,0.447209453919515,0.6240817464886116,0.26152870811615014,0.6671234803863143,0.09369211045568958,0.30657943250075737,22359.886855937788,16022.541877750598,38235.72006041799,14988.728729393924,106731.57280002639,32616.974136198114,32172.158154115008,285704.0143105474,3.065794325007574e-05
93829,10000.0,100.0,3.0,0.1,4.641588833612778,0.447209453919515,9.975969213383378,160.83078209263562,4001.8042167295716,5998.539967368428,9874.192854318308,22359.886855937788,1001.4088673594124,61.17715209666878,1.4988728729393923,0.667072330000165,0.012741005521952389,0.36510276484674176,22359.886855937788,0.9874192854318308
94079,10000.0,100.0,4.0,10.0,3.1622776601683795,0.447209453919515,19.932054270790267,755.547774660386,8696.504527442223,9677.22940175138,9996.81576287908,22359.886855937788,500.7044336797062,12.235430419333756,0.14988728729393924,0.033353616500008246,0.0003185251380488097,0.02008493236098655,22359.886855937788,0.999681576287908
94329,10000.0,10000.0,4.0,10.0,1.0,44.52382179902331,1664.7122010975481,8909.842429113536,9985.03370384592,9996.66575044281,9999.968147587651,223.59886855937788,5.007044336797062,0.12235430419333757,0.0014988728729393925,0.0003335361650000825,3.1852513804880973e-06,0.0002008493236098655,223.59886855937788,0.9999968147587651
94579,100.0,10000.0,4.0,0.1,0.31622776601683794,30.90245662637438,95.23170624559474,99.87779521861661,99.99850114959293,99.99966646494745,99.99999681474871,2.235988685593779,0.05007044336797062,0.0012235430419333757,1.4988728729393924e-05,3.3353616500008245e-06,3.1852513804880976e-08,2.0084932360986547e-06,2.235988685593779,0.9999999681474872
94829,10000.0,10000.0,3.0,10.0,1.0,44.52382179902331,907.928045283913,6204.353327947082,9852.326155895766,9933.734803788331,9998.726061760346,223.59886855937788,10.014088673594124,0.6117715209666879,0.014988728729393924,0.006670723300001649,0.0001274100552195239,0.003651027648467417,223.59886855937788,0.9998726061760346
95079,10000.0,10000.0,4.0,1.0,1.0,44.52382179902331,1664.7122010975481,8909.842429113536,9985.03370384592,9996.66575044281,9999.968147587651,223.59886855937788,5.007044336797062,0.12235430419333757,0.0014988728729393925,0.0003335361650000825,3.1852513804880973e-06,0.0002008493236098655,223.59886855937788,0.9999968147587651
95329,10000.0,10000.0,0.5,10.0,1.0,44.52382179902331,173.46583327091722,284.0984337486693,1742.2051385463894,773.2186380329034,4368.14917034417,223.59886855937788,56.64824006801443,34.19906768949879,4.739852201528638,11.932952606316329,1.289299108164864,4.9589708391635225,223.59886855937788,0.436814917034417
95579,10000.0,100.0,3.0,0.1,4.641588833612778,0.447209453919515,9.975969213383378,160.83078209263562,4001.8042167295716,5998.539967368428,9874.192854318308,22359.886855937788,1001.4088673594124,61.17715209666878,1.4988728729393923,0.667072330000165,0.012741005521952389,0.36510276484674176,22359.886855937788,0.9874192854318308
95829,10000.0,100.0,1.0,10.0,100.0,0.447209453919515,2.495859699810312,6.534116441228023,66.27463571877519,37.337265714062355,467.604176111926,22359.886855937788,4005.6354694376496,1529.4288024167195,149.88728729393924,266.828932000066,20.385608835123822,126.01727434864895,22359.886855937788,0.0467604176111926
95842,10000.0,100.0,1.0,10.0,100.0,0.447209453919515,2.495859699810312,6.534116441228023,66.27463571877519,37.337265714062355,467.604176111926,22359.886855937788,4005.6354694376496,1529.4288024167195,149.88728729393924,266.828932000066,20.385608835123822,126.01727434864895,22359.886855937788,0.0467604176111926
96092,1000.0,10000.0,4.0,1.0,0.5623413251903491,42.80842652051684,666.3537319923911,987.9124657647429,999.8501351755382,999.9666474959266,999.9996814749633,22.359886855937788,0.5007044336797062,0.012235430419333757,0.00014988728729393923,3.335361650000825e-05,3.1852513804880977e-07,2.0084932360986552e-05,22.359886855937788,0.9999996814749633
96342,100.0,100.0,1.0,10.0,1.0,0.4452382179902331,2.4356765412906234,6.137119943607417,40.01804216729572,27.260663289225512,83.066407162468,223.59886855937788,40.056354694376495,15.294288024167196,1.4988728729393925,2.66828932000066,0.20385608835123825,1.2601727434864896,223.59886855937788,0.8306640716246799
96592,100.0,1000.0,4.0,0.1,0.5623413251903491,4.280842652051684,66.6353731992391,98.79124657647431,99.9850135175538,99.99666474959267,99.99996814749635,22.359886855937788,0.5007044336797062,0.012235430419333757,0.00014988728729393923,3.335361650000825e-05,3.1852513804880977e-07,2.008493236098655e-05,22.359886855937788,0.9999996814749634
96842,100.0,100.0,-1.0,0.1,1.0,0.4452382179902331,0.6202495906554402,0.2608533238514828,0.6627463571877519,0.09360528669477317,0.3056517377912398,223.59886855937788,160.22541877750598,382.35720060417987,149.88728729393924,1067.3157280002638,326.1697413619812,321.72158154115004,2857.0401431054743,0.003056517377912398
97092,10000.0,10000.0,1.0,10.0,1.0,44.52382179902331,243.56765412906233,613.7119943607418,4001.8042167295716,2726.0663289225513,8306.640716246799,223.59886855937788,40.056354694376495,15.294288024167194,1.4988728729393923,2.66828932000066,0.20385608835123822,1.2601727434864896,223.59886855937788,0.8306640716246798
97342,10000.0,10000.0,4.0,0.1,1.0,44.52382179902331,1664.7122010975481,8909.842429113536,9985.03370384592,9996.66575044281,9999.968147587651,223.59886855937788,5.007044336797062,0.12235430419333757,0.0014988728729393925,0.0003335361650000825,3.1852513804880973e-06,0.0002008493236098655,223.59886855937788,0.9999968147587651
97592,100.0,10000.0,4.0,10.0,0.31622776601683794,30.90245662637438,95.23170624559474,99.87779521861661,99.99850114959293,99.99966646494745,99.99999681474871,2.235988685593779,0.05007044336797062,0.0012235430419333757,1.4988728729393924e-05,3.3353616500008245e-06,3.1852513804880976e-08,2.0084932360986547e-06,2.235988685593779,0.9999999681474872
97842,100.0,10000.0,-1.0,1.0,100.0,30.90245662637438,38.428221374292605,20.731524246915832,40.01804216729572,8.56666260903643,23.46482875119511,2.235988685593779,1.6022541877750598,3.823572006041799,1.4988728729393925,10.67315728000264,3.261697413619812,3.2172158154115005,28.57040143105474,0.2346482875119511
98092,1000.0,100.0,1.0,1.0,10.0,0.44702952967085,2.490265880981573,6.495915877565232,62.544059438670985,36.12339190037267,329.10316374640615,2235.988685593779,400.56354694376495,152.94288024167196,14.988728729393925,26.682893200006596,2.0385608835123823,12.601727434864895,2235.988685593779,0.32910316374640614
98342,10000.0,100.0,3.0,10.0,4.641588833612778,0.447209453919515,9.975969213383378,160.83078209263562,4001.8042167295716,5998.539967368428,9874.192854318308,22359.886855937788,1001.4088673594124,61.17715209666878,1.4988728729393923,0.667072330000165,0.012741005521952389,0.36510276484674176,22359.886855937788,0.9874192854318308
98592,10000.0,100.0,3.0,10.0,4.641588833612778,0.447209453919515,9.975969213383378,160.83078209263562,4001.8042167295716,5998.539967368428,9874.192854318308,22359.886855937788,1001.4088673594124,61.17715209666878,1.4988728729393923,0.667072330000165,0.012741005521952389,0.36510276484674176,22359.886855937788,0.9874192854318308
98605,10000.0,100.0,2.0,10.0,10.0,0.447209453919515,4.990473847364765,32.585415446614526,625.4405943867098,697.2797290893724,6624.094841738789,22359.886855937788,2002.8177347188248,305.8857604833439,14.988728729393925,13.341446600003298,0.5096402208780956,7.688438638558493,22359.886855937788,0.6624094841738789
98855,10000.0,10000.0,4.0,0.1,1.0,44.52382179902331,1664.7122010975481,8909.842429113536,9985.03370384592,9996.66575044281,9999.968147587651,223.59886855937788,5.007044336797062,0.12235430419333757,0.0014988728729393925,0.0003335361650000825,3.1852513804880973e-06,0.0002008493236098655,223.59886855937788,0.9999968147587651
99105,100.0,100.0,-1.0,10.0,1.0,0.4452382179902331,0.6202495906554402,0.2608533238514828,0.6627463571877519,0.09360528669477317,0.3056517377912398,223.59886855937788,160.22541877750598,382.35720060417987,149.88728729393924,1067.3157280002638,326.1697413619812,321.72158154115004,2857.0401431054743,0.003056517377912398
99355,1000.0,10000.0,-1.0,10.0,10.0,42.80842652051684,58.74563312468951,25.486979682292766,62.544059438670985,9.28232990579485,29.746877156418996,22.359886855937788,16.022541877750598,38.23572006041799,14.988728729393925,106.73157280002638,32.61697413619812,32.17215815411501,285.7040143105474,0.029746877156418997
99605,1000.0,100.0,1.0,0.1,10.0,0.44702952967085,2.490265880981573,6.495915877565232,62.544059438670985,36.12339190037267,329.10316374640615,2235.988685593779,400.56354694376495,152.94288024167196,14.988728729393925,26.682893200006596,2.0385608835123823,12.601727434864895,2235.988685593779,0.32910316374640614
99855,1000.0,100.0,-1.0,10.0,0.1,0.44702952967085,0.623731413037982,0.26146716506324574,0.6667231723714283,0.09368421073141175,0.30649486398143994,2235.988685593779,1602.2541877750598,3823.572006041799,1498.8728729393924,10673.157280002639,3261.697413619812,3217.2158154115004,28570.401431054743,0.0003064948639814399
100105,10000.0,100.0,-1.0,0.1,0.01,0.447209453919515,0.6240817464886116,0.26152870811615014,0.6671234803863143,0.09369211045568958,0.30657943250075737,22359.886855937788,16022.541877750598,38235.72006041799,14988.728729393924,106731.57280002639,32616.974136198114,32172.158154115008,285704.0143105474,3.065794325007574e-05
100355,10000.0,100.0,-0.5,10.0,0.0001,0.447209453919515,0.8825620554088882,0.5847770654873697,2.10932540710204,0.41899022562452043,1.9386621138901088,22359.886855937788,11329.648013602886,17099.533844749396,4739.852201528638,23865.905212632657,5157.196432659456,7208.928253157608,56031.167080048974,0.00019386621138901087
100605,1000.0,100.0,-1.0,0.1,0.1,0.44702952967085,0.623731413037982,0.26146716506324574,0.6667231723714283,0.09368421073141175,0.30649486398143994,2235.988685593779,1602.2541877750598,3823.572006041799,1498.8728729393924,10673.157280002639,3261.697413619812,3217.2158154115004,28570.401431054743,0.0003064948639814399
100855,10000.0,100.0,2.0,10.0,10.0,0.447209453919515,4.990473847364765,32.585415446614526,625.4405943867098,697.2797290893724,6624.094841738789,22359.886855937788,2002.8177347188248,305.8857604833439,14.988728729393925,13.341446600003298,0.5096402208780956,7.688438638558493,22359.886855937788,0.6624094841738789
101105,10000.0,10000.0,4.0,10.0,1.0,44.52382179902331,1664.7122010975481,8909.842429113536,9985.03370384592,9996.66575044281,9999.968147587651,223.59886855937788,5.007044336797062,0.12235430419333757,0.0014988728729393925,0.0003335361650000825,3.1852513804880973e-06,0.0002008493236098655,223.59886855937788,0.9999968147587651
101355,100.0,100.0,-1.0,10.0,1.0,0.4452382179902331,0.6202495906554402,0.2608533238514828,0.6627463571877519,0.09360528669477317,0.3056517377912398,223.59886855937788,160.22541877750598,382.35720060417987,149.88728729393924,1067.3157280002638,326.1697413619812,321.72158154115004,2857.0401431054743,0.003056517377912398
101368,100.0,100.0,-1.0,10.0,1.0,0.4452382179902331,0.6202495906554402,0.2608533238514828,0.6627463571877519,0.09360528669477317,0.3056517377912398,223.59886855937788,160.22541877750598,382.35720060417987,149.88728729393924,1067.3157280002638,326.1697413619812,321.72158154115004,2857.0401431054743,0.003056517377912398
101618,10000.0,10000.0,2.0,10.0,1.0,44.52382179902331,475.55239024732384,2463.7474318122486,8696.504527442223,8822.897801270616,9949.294394074228,223.59886855937788,20.028177347188247,3.058857604833439,0.14988728729393924,0.13341446600003298,0.005096402208780955,0.07688438638558492,223.59886855937788,0.9949294394074228
101868,10000.0,100.0,2.0,10.0,10.0,0.447209453919515,4.990473847364765,32.585415446614526,625.4405943867098,697.2797290893724,6624.094841738789,22359.886855937788,2002.8177347188248,305.8857604833439,14.988728729393925,13.341446600003298,0.5096402208780956,7.688438638558493,22359.886855937788,0.6624094841738789
102118,100.0,100.0,2.0,10.0,1.0,0.4452382179902331,4.755523902473238,24.637474318122486,86.96504527442224,88.22897801270616,99.49294394074228,223.59886855937788,20.028177347188247,3.058857604833439,0.14988728729393924,0.13341446600003298,0.005096402208780956,0.07688438638558492,223.59886855937788,0.9949294394074228
102368,100.0,10000.0,4.0,10.0,0.31622776601683794,30.90245662637438,95.23170624559474,99.87779521861661,99.99850114959293,99.99966646494745,99.99999681474871,2.235988685593779,0.05007044336797062,0.0012235430419333757,1.4988728729393924e-05,3.3353616500008245e-06,3.1852513804880976e-08,2.0084932360986547e-06,2.235988685593779,0.9999999681474872
102618,10000.0,100.0,4.0,10.0,3.1622776601683795,0.447209453919515,19.932054270790267,755.547774660386,8696.504527442223,9677.22940175138,9996.81576287908,22359.886855937788,500.7044336797062,12.235430419333756,0.14988728729393924,0.033353616500008246,0.0003185251380488097,0.02008493236098655,22359.886855937788,0.999681576287908
102868,10000.0,100.0,4.0,10.0,3.1622776601683795,0.447209453919515,19.932054270790267,755.547774660386,8696.504527442223,9677.22940175138,9996.81576287908,22359.886855937788,500.7044336797062,12.235430419333756,0.14988728729393924,0.033353616500008246,0.0003185251380488097,0.02008493236098655,22359.886855937788,0.999681576287908
103118,100.0,10000.0,4.0,10.0,0.31622776601683794,30.90245662637438,95.23170624559474,99.87779521861661,99.99850114959293,99.99966646494745,99.99999681474871,2.235988685593779,0.05007044336797062,0.0012235430419333757,1.4988728729393924e-05,3.3353616500008245e-06,3.1852513804880976e-08,2.0084932360986547e-06,2.235988685593779,0.9999999681474872
103368,100.0,100.0,-1.0,10.0,1.0,0.4452382179902331,0.6202495906554402,0.2608533238514828,0.6627463571877519,0.09360528669477317,0.3056517377912398,223.59886855937788,160.22541877750598,382.35720060417987,149.88728729393924,1067.3157280002638,326.1697413619812,321.72158154115004,2857.0401431054743,0.003056517377912398
103618,100.0,100.0,-1.0,10.0,1.0,0.4452382179902331,0.6202495906554402,0.2608533238514828,0.6627463571877519,0.09360528669477317,0.3056517377912398,223.59886855937788,160.22541877750598,382.35720060417987,149.88728729393924,1067.3157280002638,326.1697413619812,321.72158154115004,2857.0401431054743,0.003056517377912398
103868,1000.0,10000.0,0.0,0.1,nan,42.80842652051684,110.97213775760808,115.64511919803707,400.18042167295715,157.81387035698367,550.8354000674451,22.359886855937788,8.011270938875299,7.647144012083598,1.4988728729393925,5.33657864000132,0.8154243534049529,1.8695080120810996,22.359886855937788,0.5508354000674451
104118,100.0,100.0,1.0,0.1,1.0,0.4452382179902331,2.4356765412906234,6.137119943607417,40.01804216729572,27.260663289225512,83.066407162468,223.59886855937788,40.056354694376495,15.294288024167196,1.4988728729393925,2.66828932000066,0.20385608835123825,1.2601727434864896,223.59886855937788,0.8306640716246799
104131,100.0,100.0,1.0,0.1,1.0,0.4452382179902331,2.4356765412906234,6.137119943607417,40.01804216729572,27.260663289225512,83.066407162468,223.59886855937788,40.056354694376495,15.294288024167196,1.4988728729393925,2.66828932000066,0.20385608835123825,1.2601727434864896,223.59886855937788,0.8306640716246799
104381,10000.0,100.0,4.0,10.0,3.1622776601683795,0.447209453919515,19.932054270790267,755.547774660386,8696.504527442223,9677.22940175138,9996.81576287908,22359.886855937788,500.7044336797062,12.235430419333756,0.14988728729393924,0.033353616500008246,0.0003185251380488097,0.02008493236098655,22359.886855937788,0.999681576287908
104631,1000.0,100.0,3.0,0.1,2.154434690031884,0.44702952967085,9.887198266422178,140.49452254592268,869.6504527442223,937.4643473519828,998.7275207143653,2235.988685593779,100.14088673594124,6.117715209666878,0.14988728729393924,0.06670723300001649,0.001274100552195239,0.03651027648467417,2235.988685593779,0.9987275207143652
104881,10000.0,100.0,-1.0,10.0,0.01,0.447209453919515,0.6240817464886116,0.26152870811615014,0.6671234803863143,0.09369211045568958,0.30657943250075737,22359.886855937788,16022.541877750598,38235.72006041799,14988.728729393924,106731.57280002639,32616.974136198114,32172.158154115008,285704.0143105474,3.065794325007574e-05
105131,100.0,10000.0,4.0,0.1,0.31622776601683794,30.90245662637438,95.23170624559474,99.87779521861661,99.99850114959293,99.99966646494745,99.99999681474871,2.235988685593779,0.05007044336797062,0.0012235430419333757,1.4988728729393924e-05,3.3353616500008245e-06,3.1852513804880976e-08,2.0084932360986547e-06,2.235988685593779,0.9999999681474872
105381,10000.0,100.0,2.0,0.1,10.0,0.447209453919515,4.990473847364765,32.585415446614526,625.4405943867098,697.2797290893724,6624.094841738789,22359.886855937788,2002.8177347188248,305.8857604833439,14.988728729393925,13.341446600003298,0.5096402208780956,7.688438638558493,22359.886855937788,0.6624094841738789
105631,10000.0,10000.0,4.0,10.0,1.0,44.52382179902331,1664.7122010975481,8909.842429113536,9985.03370384592,9996.66575044281,9999.968147587651,223.59886855937788,5.007044336797062,0.12235430419333757,0.0014988728729393925,0.0003335361650000825,3.1852513804880973e-06,0.0002008493236098655,223.59886855937788,0.9999968147587651
105881,10000.0,10000.0,-1.0,0.1,1.0,44.52382179902331,62.02495906554402,26.085332385148277,66.27463571877519,9.360528669477315,30.565173779123974,223.59886855937788,160.22541877750598,382.35720060417987,149.88728729393924,1067.315728000264,326.16974136198115,321.72158154115004,2857.040143105474,0.0030565173779123975
106131,10000.0,10000.0,1.0,10.0,1.0,44.52382179902331,243.56765412906233,613.7119943607418,4001.8042167295716,2726.0663289225513,8306.640716246799,223.59886855937788,40.056354694376495,15.294288024167194,1.4988728729393923,2.66828932000066,0.20385608835123822,1.2601727434864896,223.59886855937788,0.8306640716246798
106381,10000.0,1000.0,-1.0,10.0,0.1,4.470295296708501,6.237314130379819,2.6146716506324577,6.667231723714284,0.9368421073141174,3.064948639814399,2235.988685593779,1602.2541877750598,3823.572006041799,1498.8728729393924,10673.157280002639,3261.6974136198114,3217.2158154115004,28570.40143105474,0.0003064948639814399
106631,10000.0,10000.0,4.0,0.1,1.0,44.52382179902331,1664.7122010975481,8909.842429113536,9985.03370384592,9996.66575044281,9999.968147587651,223.59886855937788,5.007044336797062,0.12235430419333757,0.0014988728729393925,0.0003335361650000825,3.1852513804880973e-06,0.0002008493236098655,223.59886855937788,0.9999968147587651
106881,1000.0,100.0,1.0,10.0,10.0,0.44702952967085,2.490265880981573,6.495915877565232,62.544059438670985,36.12339190037267,329.10316374640615,2235.988685593779,400.56354694376495,152.94288024167196,14.988728729393925,26.682893200006596,2.0385608835123823,12.601727434864895,2235.988685593779,0.32910316374640614
106895,100.0,100.0,-1.0,10.0,1.0,0.4452382179902331,0.6202495906554402,0.2608533238514828,0.6627463571877519,0.09360528669477317,0.3056517377912398,223.59886855937788,160.22541877750598,382.35720060417987,149.88728729393924,1067.3157280002638,326.1697413619812,321.72158154115004,2857.0401431054743,0.003056517377912398
107145,10000.0,100.0,4.0,0.1,3.1622776601683795,0.447209453919515,19.932054270790267,755.547774660386,8696.504527442223,9677.22940175138,9996.81576287908,22359.886855937788,500.7044336797062,12.235430419333756,0.14988728729393924,0.033353616500008246,0.0003185251380488097,0.02008493236098655,22359.886855937788,0.999681576287908
107395,10000.0,10000.0,4.0,0.1,1.0,44.52382179902331,1664.7122010975481,8909.842429113536,9985.03370384592,9996.66575044281,9999.968147587651,223.59886855937788,5.007044336797062,0.12235430419333757,0.0014988728729393925,0.0003335361650000825,3.1852513804880973e-06,0.0002008493236098655,223.59886855937788,0.9999968147587651
107645,10000.0,100.0,1.0,10.0,100.0,0.447209453919515,2.495859699810312,6.534116441228023,66.27463571877519,37.337265714062355,467.604176111926,22359.886855937788,4005.6354694376496,1529.4288024167195,149.88728729393924,266.828932000066,20.385608835123822,126.01727434864895,22359.886855937788,0.0467604176111926
107895,10000.0,10000.0,0.5,10.0,1.0,44.52382179902331,173.46583327091722,284.0984337486693,1742.2051385463894,773.2186380329034,4368.14917034417,223.59886855937788,56.64824006801443,34.19906768949879,4.739852201528638,11.932952606316329,1.289299108164864,4.9589708391635225,223.59886855937788,0.436814917034417
108145,10000.0,1000.0,2.0,1.0,3.1622776601683795,4.470295296708501,49.681597233129125,316.57014183541463,4001.8042167295716,4284.224611853571,9515.073579906511,2235.988685593779,200.28177347188247,30.58857604833439,1.4988728729393923,1.33414466000033,0.050964022087809556,0.7688438638558492,2235.988685593779,0.9515073579906511
108395,10000.0,100.0,1.0,10.0,100.0,0.447209453919515,2.495859699810312,6.534116441228023,66.27463571877519,37.337265714062355,467.604176111926,22359.886855937788,4005.6354694376496,1529.4288024167195,149.88728729393924,266.828932000066,20.385608835123822,126.01727434864895,22359.886855937788,0.0467604176111926
108645,100.0,1000.0,4.0,0.1,0.5623413251903491,4.280842652051684,66.6353731992391,98.79124657647431,99.9850135175538,99.99666474959267,99.99996814749635,22.359886855937788,0.5007044336797062,0.012235430419333757,0.00014988728729393923,3.335361650000825e-05,3.1852513804880977e-07,2.008493236098655e-05,22.359886855937788,0.9999996814749634
108895,10000.0,10000.0,4.0,0.1,1.0,44.52382179902331,1664.7122010975481,8909.842429113536,9985.03370384592,9996.66575044281,9999.968147587651,223.59886855937788,5.007044336797062,0.12235430419333757,0.0014988728729393925,0.0003335361650000825,3.1852513804880973e-06,0.0002008493236098655,223.59886855937788,0.9999968147587651
109145,10000.0,100.0,1.0,10.0,100.0,0.447209453919515,2.495859699810312,6.534116441228023,66.27463571877519,37.337265714062355,467.604176111926,22359.886855937788,4005.6354694376496,1529.4288024167195,149.88728729393924,266.828932000066,20.385608835123822,126.01727434864895,22359.886855937788,0.0467604176111926
109395,100.0,10000.0,-1.0,10.0,100.0,30.90245662637438,38.428221374292605,20.731524246915832,40.01804216729572,8.56666260903643,23.46482875119511,2.235988685593779,1.6022541877750598,3.823572006041799,1.4988728729393925,10.67315728000264,3.261697413619812,3.2172158154115005,28.57040143105474,0.2346482875119511
109645,10000.0,100.0,4.0,10.0,3.1622776601683795,0.447209453919515,19.932054270790267,755.547774660386,8696.504527442223,9677.22940175138,9996.81576287908,22359.886855937788,500.7044336797062,12.235430419333756,0.14988728729393924,0.033353616500008246,0.0003185251380488097,0.02008493236098655,22359.886855937788,0.999681576287908
109658,10000.0,10000.0,1.0,10.0,1.0,44.52382179902331,243.56765412906233,613.7119943607418,4001.8042167295716,2726.0663289225513,8306.640716246799,223.59886855937788,40.056354694376495,15.294288024167194,1.4988728729393923,2.66828932000066,0.20385608835123822,1.2601727434864896,223.59886855937788,0.8306640716246798
109908,10000.0,100.0,4.0,0.1,3.1622776601683795,0.447209453919515,19.932054270790267,755.547774660386,8696.504527442223,9677.22940175138,9996.81576287908,22359.886855937788,500.7044336797062,12.235430419333756,0.14988728729393924,0.033353616500008246,0.0003185251380488097,0.02008493236098655,22359.886855937788,0.999681576287908
110158,10000.0,100.0,-1.0,10.0,0.01,0.447209453919515,0.6240817464886116,0.26152870811615014,0.6671234803863143,0.09369211045568958,0.30657943250075737,22359.886855937788,16022.541877750598,38235.72006041799,14988.728729393924,106731.57280002639,32616.974136198114,32172.158154115008,285704.0143105474,3.065794325007574e-05
110408,10000.0,100.0,4.0,10.0,3.1622776601683795,0.447209453919515,19.932054270790267,755.547774660386,8696.504527442223,9677.22940175138,9996.81576287908,22359.886855937788,500.7044336797062,12.235430419333756,0.14988728729393924,0.033353616500008246,0.0003185251380488097,0.02008493236098655,22359.886855937788,0.999681576287908
110658,1000.0,10000.0,4.0,10.0,0.5623413251903491,42.80842652051684,666.3537319923911,987.9124657647429,999.8501351755382,999.9666474959266,999.9996814749633,22.359886855937788,0.5007044336797062,0.012235430419333757,0.00014988728729393923,3.335361650000825e-05,3.1852513804880977e-07,2.0084932360986552e-05,22.359886855937788,0.9999996814749633
110908,1000.0,10000.0,0.0,0.1,nan,42.80842652051684,110.97213775760808,115.64511919803707,400.18042167295715,157.81387035698367,550.8354000674451,22.359886855937788,8.011270938875299,7.647144012083598,1.4988728729393925,5.33657864000132,0.8154243534049529,1.8695080120810996,22.359886855937788,0.5508354000674451
111158,100.0,10000.0,2.0,0.1,0.1,30.90245662637438,83.31377032473331,97.03193138763264,99.8503370384592,99.86676329104374,99.99490385751115,2.235988685593779,0.20028177347188247,0.03058857604833439,0.0014988728729393925,0.0013341446600003298,5.096402208780956e-05,0.0007688438638558492,2.235988685593779,0.9999490385751115
111408,10000.0,10000.0,-1.0,0.1,1.0,44.52382179902331,62.02495906554402,26.085332385148277,66.27463571877519,9.360528669477315,30.565173779123974,223.59886855937788,160.22541877750598,382.35720060417987,149.88728729393924,1067.315728000264,326.16974136198115,321.72158154115004,2857.040143105474,0.0030565173779123975
111658,10000.0,10000.0,4.0,10.0,1.0,44.52382179902331,1664.7122010975481,8909.842429113536,9985.03370384592,9996.66575044281,9999.968147587651,223.59886855937788,5.007044336797062,0.12235430419333757,0.0014988728729393925,0.0003335361650000825,3.1852513804880973e-06,0.0002008493236098655,223.59886855937788,0.9999968147587651
111908,10000.0,10000.0,4.0,0.1,1.0,44.52382179902331,1664.7122010975481,8909.842429113536,9985.03370384592,9996.66575044281,9999.968147587651,223.59886855937788,5.007044336797062,0.12235430419333757,0.0014988728729393925,0.0003335361650000825,3.1852513804880973e-06,0.0002008493236098655,223.59886855937788,0.9999968147587651
112158,100.0,100.0,2.0,1.0,1.0,0.4452382179902331,4.755523902473238,24.637474318122486,86.96504527442224,88.22897801270616,99.49294394074228,223.59886855937788,20.028177347188247,3.058857604833439,0.14988728729393924,0.13341446600003298,0.005096402208780956,0.07688438638558492,223.59886855937788,0.9949294394074228
112408,10000.0,100.0,1.0,10.0,100.0,0.447209453919515,2.495859699810312,6.534116441228023,66.27463571877519,37.337265714062355,467.604176111926,22359.886855937788,4005.6354694376496,1529.4288024167195,149.88728729393924,266.828932000066,20.385608835123822,126.01727434864895,22359.886855937788,0.0467604176111926
112421,10000.0,100.0,1.0,10.0,100.0,0.447209453919515,2.495859699810312,6.534116441228023,66.27463571877519,37.337265714062355,467.604176111926,22359.886855937788,4005.6354694376496,1529.4288024167195,149.88728729393924,266.828932000066,20.385608835123822,126.01727434864895,22359.886855937788,0.0467604176111926
112671,100.0,100.0,2.0,0.1,1.0,0.4452382179902331,4.755523902473238,24.637474318122486,86.96504527442224,88.22897801270616,99.49294394074228,223.59886855937788,20.028177347188247,3.058857604833439,0.14988728729393924,0.13341446600003298,0.005096402208780956,0.07688438638558492,223.59886855937788,0.9949294394074228
112921,10000.0,100.0,2.0,10.0,10.0,0.447209453919515,4.990473847364765,32.585415446614526,625.4405943867098,697.2797290893724,6624.094841738789,22359.886855937788,2002.8177347188248,305.8857604833439,14.988728729393925,13.341446600003298,0.5096402208780956,7.688438638558493,22359.886855937788,0.6624094841738789
113171,10000.0,1000.0,0.0,0.1,nan,4.470295296708501,12.466852293362562,13.059699522719153,66.27463571877519,18.703549827516483,121.1498056575271,2235.988685593779,801.1270938875299,764.7144012083597,149.88728729393924,533.657864000132,81.54243534049529,186.95080120810997,2235.988685593779,0.01211498056575271
113421,100.0,10000.0,-1.0,0.1,100.0,30.90245662637438,38.428221374292605,20.731524246915832,40.01804216729572,8.56666260903643,23.46482875119511,2.235988685593779,1.6022541877750598,3.823572006041799,1.4988728729393925,10.67315728000264,3.261697413619812,3.2172158154115005,28.57040143105474,0.2346482875119511
113671,1000.0,1000.0,1.0,10.0,1.0,4.452382179902331,24.356765412906235,61.37119943607417,400.18042167295715,272.6066328922551,830.6640716246799,223.59886855937788,40.056354694376495,15.294288024167196,1.4988728729393925,2.66828932000066,0.20385608835123822,1.2601727434864896,223.59886855937788,0.8306640716246799
113921,1000.0,100.0,-1.0,0.1,0.1,0.44702952967085,0.623731413037982,0.26146716506324574,0.6667231723714283,0.09368421073141175,0.30649486398143994,2235.988685593779,1602.2541877750598,3823.572006041799,1498.8728729393924,10673.157280002639,3261.697413619812,3217.2158154115004,28570.401431054743,0.0003064948639814399
114171,100.0,100.0,-1.0,1.0,1.0,0.4452382179902331,0.6202495906554402,0.2608533238514828,0.6627463571877519,0.09360528669477317,0.3056517377912398,223.59886855937788,160.22541877750598,382.35720060417987,149.88728729393924,1067.3157280002638,326.1697413619812,321.72158154115004,2857.0401431054743,0.003056517377912398
114421,10000.0,100.0,-1.0,10.0,0.01,0.447209453919515,0.6240817464886116,0.26152870811615014,0.6671234803863143,0.09369211045568958,0.30657943250075737,22359.886855937788,16022.541877750598,38235.72006041799,14988.728729393924,106731.57280002639,32616.974136198114,32172.158154115008,285704.0143105474,3.065794325007574e-05
114671,1000.0,100.0,2.0,0.1,3.1622776601683795,0.44702952967085,4.968159723312913,31.657014183541463,400.18042167295715,428.4224611853572,951.5073579906511,2235.988685593779,200.28177347188247,30.588576048334392,1.4988728729393925,1.33414466000033,0.050964022087809556,0.7688438638558492,2235.988685593779,0.9515073579906511
114921,10000.0,100.0,2.0,10.0,10.0,0.447209453919515,4.990473847364765,32.585415446614526,625.4405943867098,697.2797290893724,6624.094841738789,22359.886855937788,2002.8177347188248,305.8857604833439,14.988728729393925,13.341446600003298,0.5096402208780956,7.688438638558493,22359.886855937788,0.6624094841738789
115171,100.0,100.0,-1.0,10.0,1.0,0.4452382179902331,0.6202495906554402,0.2608533238514828,0.6627463571877519,0.09360528669477317,0.3056517377912398,223.59886855937788,160.22541877750598,382.35720060417987,149.88728729393924,1067.3157280002638,326.1697413619812,321.72158154115004,2857.0401431054743,0.003056517377912398
115184,100.0,100.0,-1.0,10.0,1.0,0.4452382179902331,0.6202495906554402,0.2608533238514828,0.6627463571877519,0.09360528669477317,0.3056517377912398,223.59886855937788,160.22541877750598,382.35720060417987,149.88728729393924,1067.3157280002638,326.1697413619812,321.72158154115004,2857.0401431054743,0.003056517377912398
115434,10000.0,10000.0,0.5,10.0,1.0,44.52382179902331,173.46583327091722,284.0984337486693,1742.2051385463894,773.2186380329034,4368.14917034417,223.59886855937788,56.64824006801443,34.19906768949879,4.739852201528638,11.932952606316329,1.289299108164864,4.9589708391635225,223.59886855937788,0.436814917034417
115684,10000.0,10000.0,4.0,1.0,1.0,44.52382179902331,1664.7122010975481,8909.842429113536,9985.03370384592,9996.66575044281,9999.968147587651,223.59886855937788,5.007044336797062,0.12235430419333757,0.0014988728729393925,0.0003335361650000825,3.1852513804880973e-06,0.0002008493236098655,223.59886855937788,0.9999968147587651
115934,100.0,100.0,-1.0,10.0,1.0,0.4452382179902331,0.6202495906554402,0.2608533238514828,0.6627463571877519,0.09360528669477317,0.3056517377912398,223.59886855937788,160.22541877750598,382.35720060417987,149.88728729393924,1067.3157280002638,326.1697413619812,321.72158154115004,2857.0401431054743,0.003056517377912398
116184,10000.0,100.0,-1.0,10.0,0.01,0.447209453919515,0.6240817464886116,0.26152870811615014,0.6671234803863143,0.09369211045568958,0.30657943250075737,22359.886855937788,16022.541877750598,38235.72006041799,14988.728729393924,106731.57280002639,32616.974136198114,32172.158154115008,285704.0143105474,3.065794325007574e-05
116434,1000.0,10000.0,4.0,10.0,0.5623413251903491,42.80842652051684,666.3537319923911,987.9124657647429,999.8501351755382,999.9666474959266,999.9996814749633,22.359886855937788,0.5007044336797062,0.012235430419333757,0.00014988728729393923,3.335361650000825e-05,3.1852513804880977e-07,2.0084932360986552e-05,22.359886855937788,0.9999996814749633
116684,1000.0,100.0,-1.0,0.1,0.1,0.44702952967085,0.623731413037982,0.26146716506324574,0.6667231723714283,0.09368421073141175,0.30649486398143994,2235.988685593779,1602.2541877750598,3823.572006041799,1498.8728729393924,10673.157280002639,3261.697413619812,3217.2158154115004,28570.401431054743,0.0003064948639814399
116934,10000.0,100.0,-1.0,10.0,0.01,0.447209453919515,0.6240817464886116,0.26152870811615014,0.6671234803863143,0.09369211045568958,0.30657943250075737,22359.886855937788,16022.541877750598,38235.72006041799,14988.728729393924,106731.57280002639,32616.974136198114,32172.158154115008,285704.0143105474,3.065794325007574e-05
117184,1000.0,100.0,3.0,10.0,2.154434690031884,0.44702952967085,9.887198266422178,140.49452254592268,869.6504527442223,937.4643473519828,998.7275207143653,2235.988685593779,100.14088673594124,6.117715209666878,0.14988728729393924,0.06670723300001649,0.001274100552195239,0.03651027648467417,2235.988685593779,0.9987275207143652
117434,1000.0,100.0,-1.0,0.1,0.1,0.44702952967085,0.623731413037982,0.26146716506324574,0.6667231723714283,0.09368421073141175,0.30649486398143994,2235.988685593779,1602.2541877750598,3823.572006041799,1498.8728729393924,10673.157280002639,3261.697413619812,3217.2158154115004,28570.401431054743,0.0003064948639814399
117684,10000.0,1000.0,3.0,10.0,2.154434690031884,4.470295296708501,98.87198266422178,1404.9452254592265,8696.504527442223,9374.643473519827,9987.275207143652,2235.988685593779,100.14088673594124,6.117715209666878,0.14988728729393924,0.06670723300001649,0.0012741005521952388,0.03651027648467418,2235.988685593779,0.9987275207143652
117934,1000.0,100.0,3.0,10.0,2.154434690031884,0.44702952967085,9.887198266422178,140.49452254592268,869.6504527442223,937.4643473519828,998.7275207143653,2235.988685593779,100.14088673594124,6.117715209666878,0.14988728729393924,0.06670723300001649,0.001274100552195239,0.03651027648467417,2235.988685593779,0.9987275207143652
117947,1000.0,100.0,3.0,1.0,2.154434690031884,0.44702952967085,9.887198266422178,140.49452254592268,869.6504527442223,937.4643473519828,998.7275207143653,2235.988685593779,100.14088673594124,6.117715209666878,0.14988728729393924,0.06670723300001649,0.001274100552195239,0.03651027648467417,2235.988685593779,0.9987275207143652
118197,100.0,10000.0,4.0,10.0,0.31622776601683794,30.90245662637438,95.23170624559474,99.87779521861661,99.99850114959293,99.99966646494745,99.99999681474871,2.235988685593779,0.05007044336797062,0.0012235430419333757,1.4988728729393924e-05,3.3353616500008245e-06,3.1852513804880976e-08,2.0084932360986547e-06,2.235988685593779,0.9999999681474872
118447,10000.0,10000.0,-1.0,10.0,1.0,44.52382179902331,62.02495906554402,26.085332385148277,66.27463571877519,9.360528669477315,30.565173779123974,223.59886855937788,160.22541877750598,382.35720060417987,149.88728729393924,1067.315728000264,326.16974136198115,321.72158154115004,2857.040143105474,0.0030565173779123975
118697,10000.0,100.0,1.0,0.1,100.0,0.447209453919515,2.495859699810312,6.534116441228023,66.27463571877519,37.337265714062355,467.604176111926,22359.886855937788,4005.6354694376496,1529.4288024167195,149.88728729393924,266.828932000066,20.385608835123822,126.01727434864895,22359.886855937788,0.0467604176111926
118947,100.0,100.0,-1.0,0.1,1.0,0.4452382179902331,0.6202495906554402,0.2608533238514828,0.6627463571877519,0.09360528669477317,0.3056517377912398,223.59886855937788,160.22541877750598,382.35720060417987,149.88728729393924,1067.3157280002638,326.1697413619812,321.72158154115004,2857.0401431054743,0.003056517377912398
119197,1000.0,10000.0,4.0,0.1,0.5623413251903491,42.80842652051684,666.3537319923911,987.9124657647429,999.8501351755382,999.9666474959266,999.9996814749633,22.359886855937788,0.5007044336797062,0.012235430419333757,0.00014988728729393923,3.335361650000825e-05,3.1852513804880977e-07,2.0084932360986552e-05,22.359886855937788,0.9999996814749633
119447,10000.0,100.0,-1.0,10.0,0.01,0.447209453919515,0.6240817464886116,0.26152870811615014,0.6671234803863143,0.09369211045568958,0.30657943250075737,22359.886855937788,16022.541877750598,38235.72006041799,14988.728729393924,106731.57280002639,32616.974136198114,32172.158154115008,285704.0143105474,3.065794325007574e-05
119697,10000.0,10000.0,-1.0,10.0,1.0,44.52382179902331,62.02495906554402,26.085332385148277,66.27463571877519,9.360528669477315,30.565173779123974,223.59886855937788,160.22541877750598,382.35720060417987,149.88728729393924,1067.315728000264,326.16974136198115,321.72158154115004,2857.040143105474,0.0030565173779123975
119947,10000.0,1000.0,0.5,0.1,100.0,4.470295296708501,17.621691858663294,29.15531142282814,206.6178797121441,83.10512246803673,719.7874051189076,2235.988685593779,566.4824006801443,341.9906768949879,47.39852201528638,119.32952606316329,12.892991081648638,49.58970839163523,2235.988685593779,0.07197874051189077
120197,10000.0,10000.0,4.0,1.0,1.0,44.52382179902331,1664.7122010975481,8909.842429113536,9985.03370384592,9996.66575044281,9999.968147587651,223.59886855937788,5.007044336797062,0.12235430419333757,0.0014988728729393925,0.0003335361650000825,3.1852513804880973e-06,0.0002008493236098655,223.59886855937788,0.9999968147587651
120447,10000.0,100.0,-1.0,0.1,0.01,0.447209453919515,0.6240817464886116,0.26152870811615014,0.6671234803863143,0.09369211045568958,0.30657943250075737,22359.886855937788,16022.541877750598,38235.72006041799,14988.728729393924,106731.57280002639,32616.974136198114,32172.158154115008,285704.0143105474,3.065794325007574e-05
120697,10000.0,1000.0,1.0,0.1,10.0,4.470295296708501,24.902658809815726,64.95915877565233,625.4405943867098,361.2339190037267,3291.031637464061,2235.988685593779,400.56354694376495,152.94288024167196,14.988728729393925,26.682893200006596,2.0385608835123823,12.601727434864896,2235.988685593779,0.32910316374640614
120710,10000.0,100.0,2.0,0.1,10.0,0.447209453919515,4.990473847364765,32.585415446614526,625.4405943867098,697.2797290893724,6624.094841738789,22359.886855937788,2002.8177347188248,305.8857604833439,14.988728729393925,13.341446600003298,0.5096402208780956,7.688438638558493,22359.886855937788,0.6624094841738789
120960,100.0,10000.0,-0.5,0.1,10000.0,30.90245662637438,46.88309902546233,36.901003748953876,67.8432854229225,29.52822296410905,65.9752616153528,2.235988685593779,1.1329648013602887,1.7099533844749397,0.4739852201528638,2.3865905212632654,0.5157196432659457,0.7208928253157608,5.603116708004898,0.6597526161535281
121210,100.0,100.0,0.0,1.0,nan,0.4452382179902331,1.2328524192272377,1.290798258610207,6.2544059438670985,1.8393921365216512,10.92389552758199,223.59886855937788,80.11270938875299,76.47144012083598,14.988728729393925,53.36578640001319,8.15424353404953,18.695080120811,223.59886855937788,0.10923895527581991
121460,1000.0,100.0,-1.0,1.0,0.1,0.44702952967085,0.623731413037982,0.26146716506324574,0.6667231723714283,0.09368421073141175,0.30649486398143994,2235.988685593779,1602.2541877750598,3823.572006041799,1498.8728729393924,10673.157280002639,3261.697413619812,3217.2158154115004,28570.401431054743,0.0003064948639814399
121710,10000.0,100.0,-1.0,10.0,0.01,0.447209453919515,0.6240817464886116,0.26152870811615014,0.6671234803863143,0.09369211045568958,0.30657943250075737,22359.886855937788,16022.541877750598,38235.72006041799,14988.728729393924,106731.57280002639,32616.974136198114,32172.158154115008,285704.0143105474,3.065794325007574e-05
121960,1000.0,10000.0,-0.5,10.0,99.99999999999999,42.80842652051684,81.105316136903,55.25004171806866,174.22051385463894,40.21570867615022,162.4115798378181,22.359886855937788,11.329648013602885,17.0995338447494,4.739852201528638,23.865905212632658,5.157196432659457,7.208928253157608,56.03116708004898,0.1624115798378181
122210,1000.0,10000.0,4.0,10.0,0.5623413251903491,42.80842652051684,666.3537319923911,987.9124657647429,999.8501351755382,999.9666474959266,999.9996814749633,22.359886855937788,0.5007044336797062,0.012235430419333757,0.00014988728729393923,3.335361650000825e-05,3.1852513804880977e-07,2.0084932360986552e-05,22.359886855937788,0.9999996814749633
122460,100.0,100.0,1.0,10.0,1.0,0.4452382179902331,2.4356765412906234,6.137119943607417,40.01804216729572,27.260663289225512,83.066407162468,223.59886855937788,40.056354694376495,15.294288024167196,1.4988728729393925,2.66828932000066,0.20385608835123825,1.2601727434864896,223.59886855937788,0.8306640716246799
122710,1000.0,100.0,-1.0,0.1,0.1,0.44702952967085,0.623731413037982,0.26146716506324574,0.6667231723714283,0.09368421073141175,0.30649486398143994,2235.988685593779,1602.2541877750598,3823.572006041799,1498.8728729393924,10673.157280002639,3261.697413619812,3217.2158154115004,28570.401431054743,0.0003064948639814399
122960,10000.0,100.0,3.0,10.0,4.641588833612778,0.447209453919515,9.975969213383378,160.83078209263562,4001.8042167295716,5998.539967368428,9874.192854318308,22359.886855937788,1001.4088673594124,61.17715209666878,1.4988728729393923,0.667072330000165,0.012741005521952389,0.36510276484674176,22359.886855937788,0.9874192854318308
123210,100.0,10000.0,-1.0,0.1,100.0,30.90245662637438,38.428221374292605,20.731524246915832,40.01804216729572,8.56666260903643,23.46482875119511,2.235988685593779,1.6022541877750598,3.823572006041799,1.4988728729393925,10.67315728000264,3.261697413619812,3.2172158154115005,28.57040143105474,0.2346482875119511
123460,100.0,100.0,-1.0,10.0,1.0,0.4452382179902331,0.6202495906554402,0.2608533238514828,0.6627463571877519,0.09360528669477317,0.3056517377912398,223.59886855937788,160.22541877750598,382.35720060417987,149.88728729393924,1067.3157280002638,326.1697413619812,321.72158154115004,2857.0401431054743,0.003056517377912398
123474,100.0,100.0,-1.0,1.0,1.0,0.4452382179902331,0.6202495906554402,0.2608533238514828,0.6627463571877519,0.09360528669477317,0.3056517377912398,223.59886855937788,160.22541877750598,382.35720060417987,149.88728729393924,1067.3157280002638,326.1697413619812,321.72158154115004,2857.0401431054743,0.003056517377912398
123724,10000.0,100.0,4.0,10.0,3.1622776601683795,0.447209453919515,19.932054270790267,755.547774660386,8696.504527442223,9677.22940175138,9996.81576287908,22359.886855937788,500.7044336797062,12.235430419333756,0.14988728729393924,0.033353616500008246,0.0003185251380488097,0.02008493236098655,22359.886855937788,0.999681576287908
123974,10000.0,10000.0,-0.5,10.0,1.0,44.52382179902331,87.4917581722429,58.14111062697643,206.6178797121441,41.72594321506749,190.2154528196182,223.59886855937788,113.29648013602886,170.99533844749396,47.39852201528638,238.65905212632657,51.57196432659455,72.08928253157609,560.3116708004898,0.01902154528196182
124224,10000.0,100.0,4.0,10.0,3.1622776601683795,0.447209453919515,19.932054270790267,755.547774660386,8696.504527442223,9677.22940175138,9996.81576287908,22359.886855937788,500.7044336797062,12.235430419333756,0.14988728729393924,0.033353616500008246,0.0003185251380488097,0.02008493236098655,22359.886855937788,0.999681576287908
124474,1000.0,10000.0,4.0,0.1,0.5623413251903491,42.80842652051684,666.3537319923911,987.9124657647429,999.8501351755382,999.9666474959266,999.9996814749633,22.359886855937788,0.5007044336797062,0.012235430419333757,0.00014988728729393923,3.335361650000825e-05,3.1852513804880977e-07,2.0084932360986552e-05,22.359886855937788,0.9999996814749633
124724,10000.0,10000.0,-0.5,0.1,1.0,44.52382179902331,87.4917581722429,58.14111062697643,206.6178797121441,41.72594321506749,190.2154528196182,223.59886855937788,113.29648013602886,170.99533844749396,47.39852201528638,238.65905212632657,51.57196432659455,72.08928253157609,560.3116708004898,0.01902154528196182
124974,100.0,100.0,-1.0,10.0,1.0,0.4452382179902331,0.6202495906554402,0.2608533238514828,0.6627463571877519,0.09360528669477317,0.3056517377912398,223.59886855937788,160.22541877750598,382.35720060417987,149.88728729393924,1067.3157280002638,326.1697413619812,321.72158154115004,2857.0401431054743,0.003056517377912398
125224,10000.0,100.0,1.0,10.0,100.0,0.447209453919515,2.495859699810312,6.534116441228023,66.27463571877519,37.337265714062355,467.604176111926,22359.886855937788,4005.6354694376496,1529.4288024167195,149.88728729393924,266.828932000066,20.385608835123822,126.01727434864895,22359.886855937788,0.0467604176111926
125474,10000.0,10000.0,4.0,10.0,1.0,44.52382179902331,1664.7122010975481,8909.842429113536,9985.03370384592,9996.66575044281,9999.968147587651,223.59886855937788,5.007044336797062,0.12235430419333757,0.0014988728729393925,0.0003335361650000825,3.1852513804880973e-06,0.0002008493236098655,223.59886855937788,0.9999968147587651
125724,10000.0,100.0,3.0,10.0,4.641588833612778,0.447209453919515,9.975969213383378,160.83078209263562,4001.8042167295716,5998.539967368428,9874.192854318308,22359.886855937788,1001.4088673594124,61.17715209666878,1.4988728729393923,0.667072330000165,0.012741005521952389,0.36510276484674176,22359.886855937788,0.9874192854318308
125974,1000.0,10000.0,-0.5,10.0,99.99999999999999,42.80842652051684,81.105316136903,55.25004171806866,174.22051385463894,40.21570867615022,162.4115798378181,22.359886855937788,11.329648013602885,17.0995338447494,4.739852201528638,23.865905212632658,5.157196432659457,7.208928253157608,56.03116708004898,0.1624115798378181
126224,10000.0,100.0,-1.0,10.0,0.01,0.447209453919515,0.6240817464886116,0.26152870811615014,0.6671234803863143,0.09369211045568958,0.30657943250075737,22359.886855937788,16022.541877750598,38235.72006041799,14988.728729393924,106731.57280002639,32616.974136198114,32172.158154115008,285704.0143105474,3.065794325007574e-05
126237,100.0,100.0,-1.0,0.1,1.0,0.4452382179902331,0.6202495906554402,0.2608533238514828,0.6627463571877519,0.09360528669477317,0.3056517377912398,223.59886855937788,160.22541877750598,382.35720060417987,149.88728729393924,1067.3157280002638,326.1697413619812,321.72158154115004,2857.0401431054743,0.003056517377912398
126487,1000.0,100.0,-1.0,10.0,0.1,0.44702952967085,0.623731413037982,0.26146716506324574,0.6667231723714283,0.09368421073141175,0.30649486398143994,2235.988685593779,1602.2541877750598,3823.572006041799,1498.8728729393924,10673.157280002639,3261.697413619812,3217.2158154115004,28570.401431054743,0.0003064948639814399
126737,1000.0,100.0,2.0,10.0,3.1622776601683795,0.44702952967085,4.968159723312913,31.657014183541463,400.18042167295715,428.4224611853572,951.5073579906511,2235.988685593779,200.28177347188247,30.588576048334392,1.4988728729393925,1.33414466000033,0.050964022087809556,0.7688438638558492,2235.988685593779,0.9515073579906511
126987,10000.0,10000.0,-1.0,10.0,1.0,44.52382179902331,62.02495906554402,26.085332385148277,66.27463571877519,9.360528669477315,30.565173779123974,223.59886855937788,160.22541877750598,382.35720060417987,149.88728729393924,1067.315728000264,326.16974136198115,321.72158154115004,2857.040143105474,0.0030565173779123975
127237,1000.0,100.0,-1.0,10.0,0.1,0.44702952967085,0.623731413037982,0.26146716506324574,0.6667231723714283,0.09368421073141175,0.30649486398143994,2235.988685593779,1602.2541877750598,3823.572006041799,1498.8728729393924,10673.157280002639,3261.697413619812,3217.2158154115004,28570.401431054743,0.0003064948639814399
127487,10000.0,100.0,2.0,10.0,10.0,0.447209453919515,4.990473847364765,32.585415446614526,625.4405943867098,697.2797290893724,6624.094841738789,22359.886855937788,2002.8177347188248,305.8857604833439,14.988728729393925,13.341446600003298,0.5096402208780956,7.688438638558493,22359.886855937788,0.6624094841738789
127737,10000.0,10000.0,2.0,0.1,1.0,44.52382179902331,475.55239024732384,2463.7474318122486,8696.504527442223,8822.897801270616,9949.294394074228,223.59886855937788,20.028177347188247,3.058857604833439,0.14988728729393924,0.13341446600003298,0.005096402208780955,0.07688438638558492,223.59886855937788,0.9949294394074228
127987,100.0,10000.0,0.0,1.0,nan,30.90245662637438,55.52079047579106,56.666393118074296,86.96504527442224,65.20359093597123,92.4605422148948,2.235988685593779,0.8011270938875299,0.7647144012083598,0.14988728729393924,0.5336578640001319,0.0815424353404953,0.18695080120810997,2.235988685593779,0.924605422148948
128237,10000.0,100.0,2.0,0.1,10.0,0.447209453919515,4.990473847364765,32.585415446614526,625.4405943867098,697.2797290893724,6624.094841738789,22359.886855937788,2002.8177347188248,305.8857604833439,14.988728729393925,13.341446600003298,0.5096402208780956,7.688438638558493,22359.886855937788,0.6624094841738789
128487,100.0,10000.0,-0.5,10.0,10000.0,30.90245662637438,46.88309902546233,36.901003748953876,67.8432854229225,29.52822296410905,65.9752616153528,2.235988685593779,1.1329648013602887,1.7099533844749397,0.4739852201528638,2.3865905212632654,0.5157196432659457,0.7208928253157608,5.603116708004898,0.6597526161535281
128737,100.0,1000.0,-1.0,1.0,10.0,4.280842652051684,5.874563312468951,2.5486979682292765,6.2544059438670985,0.928232990579485,2.9746877156418994,22.359886855937788,16.022541877750598,38.23572006041799,14.988728729393925,106.73157280002638,32.61697413619812,32.17215815411501,285.7040143105474,0.029746877156418994
128987,100.0,100.0,4.0,1.0,1.0,0.4452382179902331,16.647122010975483,89.09842429113536,99.8503370384592,99.9666575044281,99.99968147587653,223.59886855937788,5.007044336797062,0.12235430419333757,0.0014988728729393925,0.00033353616500008244,3.1852513804880977e-06,0.00020084932360986548,223.59886855937788,0.9999968147587652
129000,100.0,100.0,4.0,1.0,1.0,0.4452382179902331,16.647122010975483,89.09842429113536,99.8503370384592,99.9666575044281,99.99968147587653,223.59886855937788,5.007044336797062,0.12235430419333757,0.0014988728729393925,0.00033353616500008244,3.1852513804880977e-06,0.00020084932360986548,223.59886855937788,0.9999968147587652
129250,1000.0,10000.0,4.0,0.1,0.5623413251903491,42.80842652051684,666.3537319923911,987.9124657647429,999.8501351755382,999.9666474959266,999.9996814749633,22.359886855937788,0.5007044336797062,0.012235430419333757,0.00014988728729393923,3.335361650000825e-05,3.1852513804880977e-07,2.0084932360986552e-05,22.359886855937788,0.9999996814749633
129500,100.0,10000.0,4.0,0.1,0.31622776601683794,30.90245662637438,95.23170624559474,99.87779521861661,99.99850114959293,99.99966646494745,99.99999681474871,2.235988685593779,0.05007044336797062,0.0012235430419333757,1.4988728729393924e-05,3.3353616500008245e-06,3.1852513804880976e-08,2.0084932360986547e-06,2.235988685593779,0.9999999681474872
129750,1000.0,100.0,3.0,10.0,2.154434690031884,0.44702952967085,9.887198266422178,140.49452254592268,869.6504527442223,937.4643473519828,998.7275207143653,2235.988685593779,100.14088673594124,6.117715209666878,0.14988728729393924,0.06670723300001649,0.001274100552195239,0.03651027648467417,2235.988685593779,0.9987275207143652
130000,100.0,1000.0,0.5,10.0,0.010000000000000002,4.280842652051684,15.00414713095952,22.62491161635042,67.8432854229225,45.59349659616811,88.5794583365021,22.359886855937788,5.664824006801443,3.4199067689498794,0.4739852201528638,1.1932952606316327,0.12892991081648641,0.49589708391635223,22.359886855937788,0.885794583365021
130250,1000.0,100.0,-1.0,10.0,0.1,0.44702952967085,0.623731413037982,0.26146716506324574,0.6667231723714283,0.09368421073141175,0.30649486398143994,2235.988685593779,1602.2541877750598,3823.572006041799,1498.8728729393924,10673.157280002639,3261.697413619812,3217.2158154115004,28570.401431054743,0.0003064948639814399
130500,10000.0,100.0,-1.0,0.1,0.01,0.447209453919515,0.6240817464886116,0.26152870811615014,0.6671234803863143,0.09369211045568958,0.30657943250075737,22359.886855937788,16022.541877750598,38235.72006041799,14988.728729393924,106731.57280002639,32616.974136198114,32172.158154115008,285704.0143105474,3.065794325007574e-05
130750,1000.0,10000.0,4.0,0.1,0.5623413251903491,42.80842652051684,666.3537319923911,987.9124657647429,999.8501351755382,999.9666474959266,999.9996814749633,22.359886855937788,0.5007044336797062,0.012235430419333757,0.00014988728729393923,3.335361650000825e-05,3.1852513804880977e-07,2.0084932360986552e-05,22.359886855937788,0.9999996814749633
131000,10000.0,100.0,-1.0,0.1,0.01,0.447209453919515,0.6240817464886116,0.26152870811615014,0.6671234803863143,0.09369211045568958,0.30657943250075737,22359.886855937788,16022.541877750598,38235.72006041799,14988.728729393924,106731.57280002639,32616.974136198114,32172.158154115008,285704.0143105474,3.065794325007574e-05
131250,10000.0,1000.0,0.5,1.0,100.0,4.470295296708501,17.621691858663294,29.15531142282814,206.6178797121441,83.10512246803673,719.7874051189076,2235.988685593779,566.4824006801443,341.9906768949879,47.39852201528638,119.32952606316329,12.892991081648638,49.58970839163523,2235.988685593779,0.07197874051189077
131500,10000.0,100.0,3.0,10.0,4.641588833612778,0.447209453919515,9.975969213383378,160.83078209263562,4001.8042167295716,5998.539967368428,9874.192854318308,22359.886855937788,1001.4088673594124,61.17715209666878,1.4988728729393923,0.667072330000165,0.012741005521952389,0.36510276484674176,22359.886855937788,0.9874192854318308
131750,10000.0,100.0,2.0,0.1,10.0,0.447209453919515,4.990473847364765,32.585415446614526,625.4405943867098,697.2797290893724,6624.094841738789,22359.886855937788,2002.8177347188248,305.8857604833439,14.988728729393925,13.341446600003298,0.5096402208780956,7.688438638558493,22359.886855937788,0.6624094841738789
131763,10000.0,10000.0,4.0,0.1,1.0,44.52382179902331,1664.7122010975481,8909.842429113536,9985.03370384592,9996.66575044281,9999.968147587651,223.59886855937788,5.007044336797062,0.12235430419333757,0.0014988728729393925,0.0003335361650000825,3.1852513804880973e-06,0.0002008493236098655,223.59886855937788,0.9999968147587651
132013,1000.0,10000.0,0.0,10.0,nan,42.80842652051684,110.97213775760808,115.64511919803707,400.18042167295715,157.81387035698367,550.8354000674451,22.359886855937788,8.011270938875299,7.647144012083598,1.4988728729393925,5.33657864000132,0.8154243534049529,1.8695080120810996,22.359886855937788,0.5508354000674451
132263,1000.0,10000.0,4.0,0.1,0.5623413251903491,42.80842652051684,666.3537319923911,987.9124657647429,999.8501351755382,999.9666474959266,999.9996814749633,22.359886855937788,0.5007044336797062,0.012235430419333757,0.00014988728729393923,3.335361650000825e-05,3.1852513804880977e-07,2.0084932360986552e-05,22.359886855937788,0.9999996814749633
132513,1000.0,10000.0,4.0,0.1,0.5623413251903491,42.80842652051684,666.3537319923911,987.9124657647429,999.8501351755382,999.9666474959266,999.9996814749633,22.359886855937788,0.5007044336797062,0.012235430419333757,0.00014988728729393923,3.335361650000825e-05,3.1852513804880977e-07,2.0084932360986552e-05,22.359886855937788,0.9999996814749633
132763,10000.0,100.0,2.0,0.1,10.0,0.447209453919515,4.990473847364765,32.585415446614526,625.4405943867098,697.2797290893724,6624.094841738789,22359.886855937788,2002.8177347188248,305.8857604833439,14.988728729393925,13.341446600003298,0.5096402208780956,7.688438638558493,22359.886855937788,0.6624094841738789
133013,10000.0,10000.0,0.5,0.1,1.0,44.52382179902331,173.46583327091722,284.0984337486693,1742.2051385463894,773.2186380329034,4368.14917034417,223.59886855937788,56.64824006801443,34.19906768949879,4.739852201528638,11.932952606316329,1.289299108164864,4.9589708391635225,223.59886855937788,0.436814917034417
133263,10000.0,100.0,4.0,0.1,3.1622776601683795,0.447209453919515,19.932054270790267,755.547774660386,8696.504527442223,9677.22940175138,9996.81576287908,22359.886855937788,500.7044336797062,12.235430419333756,0.14988728729393924,0.033353616500008246,0.0003185251380488097,0.02008493236098655,22359.886855937788,0.999681576287908
133513,10000.0,100.0,2.0,10.0,10.0,0.447209453919515,4.990473847364765,32.585415446614526,625.4405943867098,697.2797290893724,6624.094841738789,22359.886855937788,2002.8177347188248,305.8857604833439,14.988728729393925,13.341446600003298,0.5096402208780956,7.688438638558493,22359.886855937788,0.6624094841738789
133763,10000.0,10000.0,4.0,0.1,1.0,44.52382179902331,1664.7122010975481,8909.842429113536,9985.03370384592,9996.66575044281,9999.968147587651,223.59886855937788,5.007044336797062,0.12235430419333757,0.0014988728729393925,0.0003335361650000825,3.1852513804880973e-06,0.0002008493236098655,223.59886855937788,0.9999968147587651
134013,100.0,100.0,-1.0,1.0,1.0,0.4452382179902331,0.6202495906554402,0.2608533238514828,0.6627463571877519,0.09360528669477317,0.3056517377912398,223.59886855937788,160.22541877750598,382.35720060417987,149.88728729393924,1067.3157280002638,326.1697413619812,321.72158154115004,2857.0401431054743,0.003056517377912398
134263,10000.0,10000.0,4.0,0.1,1.0,44.52382179902331,1664.7122010975481,8909.842429113536,9985.03370384592,9996.66575044281,9999.968147587651,223.59886855937788,5.007044336797062,0.12235430419333757,0.0014988728729393925,0.0003335361650000825,3.1852513804880973e-06,0.0002008493236098655,223.59886855937788,0.9999968147587651
134513,10000.0,10000.0,4.0,10.0,1.0,44.52382179902331,1664.7122010975481,8909.842429113536,9985.03370384592,9996.66575044281,9999.968147587651,223.59886855937788,5.007044336797062,0.12235430419333757,0.0014988728729393925,0.0003335361650000825,3.1852513804880973e-06,0.0002008493236098655,223.59886855937788,0.9999968147587651
134526,10000.0,100.0,4.0,10.0,3.1622776601683795,0.447209453919515,19.932054270790267,755.547774660386,8696.504527442223,9677.22940175138,9996.81576287908,22359.886855937788,500.7044336797062,12.235430419333756,0.14988728729393924,0.033353616500008246,0.0003185251380488097,0.02008493236098655,22359.886855937788,0.999681576287908
134776,10000.0,10000.0,0.0,0.1,nan,44.52382179902331,123.28524192272377,129.07982586102068,625.4405943867098,183.93921365216514,1092.389552758199,223.59886855937788,80.11270938875299,76.47144012083598,14.988728729393925,53.36578640001319,8.15424353404953,18.695080120811,223.59886855937788,0.1092389552758199
135026,100.0,10000.0,4.0,10.0,0.31622776601683794,30.90245662637438,95.23170624559474,99.87779521861661,99.99850114959293,99.99966646494745,99.99999681474871,2.235988685593779,0.05007044336797062,0.0012235430419333757,1.4988728729393924e-05,3.3353616500008245e-06,3.1852513804880976e-08,2.0084932360986547e-06,2.235988685593779,0.9999999681474872
135276,10000.0,10000.0,0.0,10.0,nan,44.52382179902331,123.28524192272377,129.07982586102068,625.4405943867098,183.93921365216514,1092.389552758199,223.59886855937788,80.11270938875299,76.47144012083598,14.988728729393925,53.36578640001319,8.15424353404953,18.695080120811,223.59886855937788,0.1092389552758199
135526,100.0,10000.0,4.0,10.0,0.31622776601683794,30.90245662637438,95.23170624559474,99.87779521861661,99.99850114959293,99.99966646494745,99.99999681474871,2.235988685593779,0.05007044336797062,0.0012235430419333757,1.4988728729393924e-05,3.3353616500008245e-06,3.1852513804880976e-08,2.0084932360986547e-06,2.235988685593779,0.9999999681474872
135776,10000.0,100.0,-1.0,1.0,0.01,0.447209453919515,0.6240817464886116,0.26152870811615014,0.6671234803863143,0.09369211045568958,0.30657943250075737,22359.886855937788,16022.541877750598,38235.72006041799,14988.728729393924,106731.57280002639,32616.974136198114,32172.158154115008,285704.0143105474,3.065794325007574e-05
136026,10000.0,100.0,2.0,10.0,10.0,0.447209453919515,4.990473847364765,32.585415446614526,625.4405943867098,697.2797290893724,6624.094841738789,22359.886855937788,2002.8177347188248,305.8857604833439,14.988728729393925,13.341446600003298,0.5096402208780956,7.688438638558493,22359.886855937788,0.6624094841738789
136276,10000.0,100.0,3.0,10.0,4.641588833612778,0.447209453919515,9.975969213383378,160.83078209263562,4001.8042167295716,5998.539967368428,9874.192854318308,22359.886855937788,1001.4088673594124,61.17715209666878,1.4988728729393923,0.667072330000165,0.012741005521952389,0.36510276484674176,22359.886855937788,0.9874192854318308
136526,100.0,100.0,-1.0,10.0,1.0,0.4452382179902331,0.6202495906554402,0.2608533238514828,0.6627463571877519,0.09360528669477317,0.3056517377912398,223.59886855937788,160.22541877750598,382.35720060417987,149.88728729393924,1067.3157280002638,326.1697413619812,321.72158154115004,2857.0401431054743,0.003056517377912398
136776,10000.0,10000.0,-1.0,10.0,1.0,44.52382179902331,62.02495906554402,26.085332385148277,66.27463571877519,9.360528669477315,30.565173779123974,223.59886855937788,160.22541877750598,382.35720060417987,149.88728729393924,1067.315728000264,326.16974136198115,321.72158154115004,2857.040143105474,0.0030565173779123975
137026,1000.0,100.0,4.0,0.1,1.7782794100389228,0.44702952967085,19.580797307649004,449.7326928875178,985.2326155895765,996.6757260059928,999.9681485007453,2235.988685593779,50.07044336797062,1.2235430419333757,0.014988728729393924,0.0033353616500008247,3.185251380488097e-05,0.002008493236098655,2235.988685593779,0.9999681485007453
137276,10000.0,100.0,4.0,10.0,3.1622776601683795,0.447209453919515,19.932054270790267,755.547774660386,8696.504527442223,9677.22940175138,9996.81576287908,22359.886855937788,500.7044336797062,12.235430419333756,0.14988728729393924,0.033353616500008246,0.0003185251380488097,0.02008493236098655,22359.886855937788,0.999681576287908
137289,10000.0,100.0,-1.0,10.0,0.01,0.447209453919515,0.6240817464886116,0.26152870811615014,0.6671234803863143,0.09369211045568958,0.30657943250075737,22359.886855937788,16022.541877750598,38235.72006041799,14988.728729393924,106731.57280002639,32616.974136198114,32172.158154115008,285704.0143105474,3.065794325007574e-05
137539,10000.0,100.0,0.5,10.0,10000.0,0.447209453919515,1.764968341409064,2.923201558945061,21.053286661807526,8.373138812182216,76.96457218479928,22359.886855937788,5664.824006801443,3419.9067689498793,473.9852201528638,1193.295260631633,128.9299108164864,495.89708391635224,22359.886855937788,0.007696457218479928
137789,10000.0,1000.0,4.0,0.1,1.7782794100389228,4.470295296708501,195.80797307649001,4497.326928875178,9852.326155895766,9966.757260059929,9999.681485007453,2235.988685593779,50.07044336797062,1.2235430419333757,0.014988728729393924,0.0033353616500008247,3.185251380488097e-05,0.002008493236098655,2235.988685593779,0.9999681485007453
138039,10000.0,100.0,3.0,10.0,4.641588833612778,0.447209453919515,9.975969213383378,160.83078209263562,4001.8042167295716,5998.539967368428,9874.192854318308,22359.886855937788,1001.4088673594124,61.17715209666878,1.4988728729393923,0.667072330000165,0.012741005521952389,0.36510276484674176,22359.886855937788,0.9874192854318308
138289,1000.0,10000.0,0.0,1.0,nan,42.80842652051684,110.97213775760808,115.64511919803707,400.18042167295715,157.81387035698367,550.8354000674451,22.359886855937788,8.011270938875299,7.647144012083598,1.4988728729393925,5.33657864000132,0.8154243534049529,1.8695080120810996,22.359886855937788,0.5508354000674451
138539,10000.0,100.0,-1.0,10.0,0.01,0.447209453919515,0.6240817464886116,0.26152870811615014,0.6671234803863143,0.09369211045568958,0.30657943250075737,22359.886855937788,16022.541877750598,38235.72006041799,14988.728729393924,106731.57280002639,32616.974136198114,32172.158154115008,285704.0143105474,3.065794325007574e-05
138789,10000.0,10000.0,4.0,0.1,1.0,44.52382179902331,1664.7122010975481,8909.842429113536,9985.03370384592,9996.66575044281,9999.968147587651,223.59886855937788,5.007044336797062,0.12235430419333757,0.0014988728729393925,0.0003335361650000825,3.1852513804880973e-06,0.0002008493236098655,223.59886855937788,0.9999968147587651
139039,10000.0,10000.0,4.0,0.1,1.0,44.52382179902331,1664.7122010975481,8909.842429113536,9985.03370384592,9996.66575044281,9999.968147587651,223.59886855937788,5.007044336797062,0.12235430419333757,0.0014988728729393925,0.0003335361650000825,3.1852513804880973e-06,0.0002008493236098655,223.59886855937788,0.9999968147587651
139289,1000.0,100.0,2.0,10.0,3.1622776601683795,0.44702952967085,4.968159723312913,31.657014183541463,400.18042167295715,428.4224611853572,951.5073579906511,2235.988685593779,200.28177347188247,30.588576048334392,1.4988728729393925,1.33414466000033,0.050964022087809556,0.7688438638558492,2235.988685593779,0.9515073579906511
139539,10000.0,100.0,-1.0,10.0,0.01,0.447209453919515,0.6240817464886116,0.26152870811615014,0.6671234803863143,0.09369211045568958,0.30657943250075737,22359.886855937788,16022.541877750598,38235.72006041799,14988.728729393924,106731.57280002639,32616.974136198114,32172.158154115008,285704.0143105474,3.065794325007574e-05
139789,1000.0,100.0,-1.0,0.1,0.1,0.44702952967085,0.623731413037982,0.26146716506324574,0.6667231723714283,0.09368421073141175,0.30649486398143994,2235.988685593779,1602.2541877750598,3823.572006041799,1498.8728729393924,10673.157280002639,3261.697413619812,3217.2158154115004,28570.401431054743,0.0003064948639814399
140039,10000.0,100.0,-1.0,10.0,0.01,0.447209453919515,0.6240817464886116,0.26152870811615014,0.6671234803863143,0.09369211045568958,0.30657943250075737,22359.886855937788,16022.541877750598,38235.72006041799,14988.728729393924,106731.57280002639,32616.974136198114,32172.158154115008,285704.0143105474,3.065794325007574e-05
140053,10000.0,10000.0,4.0,10.0,1.0,44.52382179902331,1664.7122010975481,8909.842429113536,9985.03370384592,9996.66575044281,9999.968147587651,223.59886855937788,5.007044336797062,0.12235430419333757,0.0014988728729393925,0.0003335361650000825,3.1852513804880973e-06,0.0002008493236098655,223.59886855937788,0.9999968147587651
140303,10000.0,100.0,-1.0,1.0,0.01,0.447209453919515,0.6240817464886116,0.26152870811615014,0.6671234803863143,0.09369211045568958,0.30657943250075737,22359.886855937788,16022.541877750598,38235.72006041799,14988.728729393924,106731.57280002639,32616.974136198114,32172.158154115008,285704.0143105474,3.065794325007574e-05
140553,1000.0,10000.0,4.0,10.0,0.5623413251903491,42.80842652051684,666.3537319923911,987.9124657647429,999.8501351755382,999.9666474959266,999.9996814749633,22.359886855937788,0.5007044336797062,0.012235430419333757,0.00014988728729393923,3.335361650000825e-05,3.1852513804880977e-07,2.0084932360986552e-05,22.359886855937788,0.9999996814749633
140803,10000.0,10000.0,0.0,10.0,nan,44.52382179902331,123.28524192272377,129.07982586102068,625.4405943867098,183.93921365216514,1092.389552758199,223.59886855937788,80.11270938875299,76.47144012083598,14.988728729393925,53.36578640001319,8.15424353404953,18.695080120811,223.59886855937788,0.1092389552758199
141053,100.0,10000.0,4.0,10.0,0.31622776601683794,30.90245662637438,95.23170624559474,99.87779521861661,99.99850114959293,99.99966646494745,99.99999681474871,2.235988685593779,0.05007044336797062,0.0012235430419333757,1.4988728729393924e-05,3.3353616500008245e-06,3.1852513804880976e-08,2.0084932360986547e-06,2.235988685593779,0.9999999681474872
141303,10000.0,10000.0,0.0,0.1,nan,44.52382179902331,123.28524192272377,129.07982586102068,625.4405943867098,183.93921365216514,1092.389552758199,223.59886855937788,80.11270938875299,76.47144012083598,14.988728729393925,53.36578640001319,8.15424353404953,18.695080120811,223.59886855937788,0.1092389552758199
141553,10000.0,100.0,1.0,10.0,100.0,0.447209453919515,2.495859699810312,6.534116441228023,66.27463571877519,37.337265714062355,467.604176111926,22359.886855937788,4005.6354694376496,1529.4288024167195,149.88728729393924,266.828932000066,20.385608835123822,126.01727434864895,22359.886855937788,0.0467604176111926
141803,10000.0,10000.0,4.0,10.0,1.0,44.52382179902331,1664.7122010975481,8909.842429113536,9985.03370384592,9996.66575044281,9999.968147587651,223.59886855937788,5.007044336797062,0.12235430419333757,0.0014988728729393925,0.0003335361650000825,3.1852513804880973e-06,0.0002008493236098655,223.59886855937788,0.9999968147587651
142053,1000.0,100.0,3.0,10.0,2.154434690031884,0.44702952967085,9.887198266422178,140.49452254592268,869.6504527442223,937.4643473519828,998.7275207143653,2235.988685593779,100.14088673594124,6.117715209666878,0.14988728729393924,0.06670723300001649,0.001274100552195239,0.03651027648467417,2235.988685593779,0.9987275207143652
142303,10000.0,10000.0,4.0,10.0,1.0,44.52382179902331,1664.7122010975481,8909.842429113536,9985.03370384592,9996.66575044281,9999.968147587651,223.59886855937788,5.007044336797062,0.12235430419333757,0.0014988728729393925,0.0003335361650000825,3.1852513804880973e-06,0.0002008493236098655,223.59886855937788,0.9999968147587651
142553,1000.0,100.0,1.0,1.0,10.0,0.44702952967085,2.490265880981573,6.495915877565232,62.544059438670985,36.12339190037267,329.10316374640615,2235.988685593779,400.56354694376495,152.94288024167196,14.988728729393925,26.682893200006596,2.0385608835123823,12.601727434864895,2235.988685593779,0.32910316374640614
142803,10000.0,10000.0,4.0,0.1,1.0,44.52382179902331,1664.7122010975481,8909.842429113536,9985.03370384592,9996.66575044281,9999.968147587651,223.59886855937788,5.007044336797062,0.12235430419333757,0.0014988728729393925,0.0003335361650000825,3.1852513804880973e-06,0.0002008493236098655,223.59886855937788,0.9999968147587651
142816,10000.0,10000.0,4.0,0.1,1.0,44.52382179902331,1664.7122010975481,8909.842429113536,9985.03370384592,9996.66575044281,9999.968147587651,223.59886855937788,5.007044336797062,0.12235430419333757,0.0014988728729393925,0.0003335361650000825,3.1852513804880973e-06,0.0002008493236098655,223.59886855937788,0.9999968147587651
143066,1000.0,10000.0,4.0,10.0,0.5623413251903491,42.80842652051684,666.3537319923911,987.9124657647429,999.8501351755382,999.9666474959266,999.9996814749633,22.359886855937788,0.5007044336797062,0.012235430419333757,0.00014988728729393923,3.335361650000825e-05,3.1852513804880977e-07,2.0084932360986552e-05,22.359886855937788,0.9999996814749633
143316,10000.0,100.0,-1.0,10.0,0.01,0.447209453919515,0.6240817464886116,0.26152870811615014,0.6671234803863143,0.09369211045568958,0.30657943250075737,22359.886855937788,16022.541877750598,38235.72006041799,14988.728729393924,106731.57280002639,32616.974136198114,32172.158154115008,285704.0143105474,3.065794325007574e-05
143566,10000.0,100.0,-1.0,10.0,0.01,0.447209453919515,0.6240817464886116,0.26152870811615014,0.6671234803863143,0.09369211045568958,0.30657943250075737,22359.886855937788,16022.541877750598,38235.72006041799,14988.728729393924,106731.57280002639,32616.974136198114,32172.158154115008,285704.0143105474,3.065794325007574e-05
143816,100.0,1000.0,-1.0,1.0,10.0,4.280842652051684,5.874563312468951,2.5486979682292765,6.2544059438670985,0.928232990579485,2.9746877156418994,22.359886855937788,16.022541877750598,38.23572006041799,14.988728729393925,106.73157280002638,32.61697413619812,32.17215815411501,285.7040143105474,0.029746877156418994
144066,10000.0,100.0,2.0,1.0,10.0,0.447209453919515,4.990473847364765,32.585415446614526,625.4405943867098,697.2797290893724,6624.094841738789,22359.886855937788,2002.8177347188248,305.8857604833439,14.988728729393925,13.341446600003298,0.5096402208780956,7.688438638558493,22359.886855937788,0.6624094841738789
144316,10000.0,100.0,1.0,10.0,100.0,0.447209453919515,2.495859699810312,6.534116441228023,66.27463571877519,37.337265714062355,467.604176111926,22359.886855937788,4005.6354694376496,1529.4288024167195,149.88728729393924,266.828932000066,20.385608835123822,126.01727434864895,22359.886855937788,0.0467604176111926
144566,10000.0,10000.0,-0.5,10.0,1.0,44.52382179902331,87.4917581722429,58.14111062697643,206.6178797121441,41.72594321506749,190.2154528196182,223.59886855937788,113.29648013602886,170.99533844749396,47.39852201528638,238.65905212632657,51.57196432659455,72.08928253157609,560.3116708004898,0.01902154528196182
144816,10000.0,100.0,2.0,10.0,10.0,0.447209453919515,4.990473847364765,32.585415446614526,625.4405943867098,697.2797290893724,6624.094841738789,22359.886855937788,2002.8177347188248,305.8857604833439,14.988728729393925,13.341446600003298,0.5096402208780956,7.688438638558493,22359.886855937788,0.6624094841738789
145066,10000.0,10000.0,0.0,0.1,nan,44.52382179902331,123.28524192272377,129.07982586102068,625.4405943867098,183.93921365216514,1092.389552758199,223.59886855937788,80.11270938875299,76.47144012083598,14.988728729393925,53.36578640001319,8.15424353404953,18.695080120811,223.59886855937788,0.1092389552758199
145316,1000.0,100.0,-1.0,0.1,0.1,0.44702952967085,0.623731413037982,0.26146716506324574,0.6667231723714283,0.09368421073141175,0.30649486398143994,2235.988685593779,1602.2541877750598,3823.572006041799,1498.8728729393924,10673.157280002639,3261.697413619812,3217.2158154115004,28570.401431054743,0.0003064948639814399
145566,100.0,10000.0,4.0,0.1,0.31622776601683794,30.90245662637438,95.23170624559474,99.87779521861661,99.99850114959293,99.99966646494745,99.99999681474871,2.235988685593779,0.05007044336797062,0.0012235430419333757,1.4988728729393924e-05,3.3353616500008245e-06,3.1852513804880976e-08,2.0084932360986547e-06,2.235988685593779,0.9999999681474872
145579,1000.0,10000.0,4.0,0.1,0.5623413251903491,42.80842652051684,666.3537319923911,987.9124657647429,999.8501351755382,999.9666474959266,999.9996814749633,22.359886855937788,0.5007044336797062,0.012235430419333757,0.00014988728729393923,3.335361650000825e-05,3.1852513804880977e-07,2.0084932360986552e-05,22.359886855937788,0.9999996814749633
145829,100.0,100.0,-1.0,1.0,1.0,0.4452382179902331,0.6202495906554402,0.2608533238514828,0.6627463571877519,0.09360528669477317,0.3056517377912398,223.59886855937788,160.22541877750598,382.35720060417987,149.88728729393924,1067.3157280002638,326.1697413619812,321.72158154115004,2857.0401431054743,0.003056517377912398
146079,100.0,10000.0,4.0,10.0,0.31622776601683794,30.90245662637438,95.23170624559474,99.87779521861661,99.99850114959293,99.99966646494745,99.99999681474871,2.235988685593779,0.05007044336797062,0.0012235430419333757,1.4988728729393924e-05,3.3353616500008245e-06,3.1852513804880976e-08,2.0084932360986547e-06,2.235988685593779,0.9999999681474872
146329,10000.0,100.0,-1.0,1.0,0.01,0.447209453919515,0.6240817464886116,0.26152870811615014,0.6671234803863143,0.09369211045568958,0.30657943250075737,22359.886855937788,16022.541877750598,38235.72006041799,14988.728729393924,106731.57280002639,32616.974136198114,32172.158154115008,285704.0143105474,3.065794325007574e-05
146579,10000.0,100.0,-1.0,0.1,0.01,0.447209453919515,0.6240817464886116,0.26152870811615014,0.6671234803863143,0.09369211045568958,0.30657943250075737,22359.886855937788,16022.541877750598,38235.72006041799,14988.728729393924,106731.57280002639,32616.974136198114,32172.158154115008,285704.0143105474,3.065794325007574e-05
146829,10000.0,100.0,4.0,1.0,3.1622776601683795,0.447209453919515,19.932054270790267,755.547774660386,8696.504527442223,9677.22940175138,9996.81576287908,22359.886855937788,500.7044336797062,12.235430419333756,0.14988728729393924,0.033353616500008246,0.0003185251380488097,0.02008493236098655,22359.886855937788,0.999681576287908
147079,1000.0,100.0,-1.0,10.0,0.1,0.44702952967085,0.623731413037982,0.26146716506324574,0.6667231723714283,0.09368421073141175,0.30649486398143994,2235.988685593779,1602.2541877750598,3823.572006041799,1498.8728729393924,10673.157280002639,3261.697413619812,3217.2158154115004,28570.401431054743,0.0003064948639814399
147329,100.0,100.0,-1.0,0.1,1.0,0.4452382179902331,0.6202495906554402,0.2608533238514828,0.6627463571877519,0.09360528669477317,0.3056517377912398,223.59886855937788,160.22541877750598,382.35720060417987,149.88728729393924,1067.3157280002638,326.1697413619812,321.72158154115004,2857.0401431054743,0.003056517377912398
147579,10000.0,100.0,-1.0,10.0,0.01,0.447209453919515,0.6240817464886116,0.26152870811615014,0.6671234803863143,0.09369211045568958,0.30657943250075737,22359.886855937788,16022.541877750598,38235.72006041799,14988.728729393924,106731.57280002639,32616.974136198114,32172.158154115008,285704.0143105474,3.065794325007574e-05
147829,100.0,100.0,-1.0,0.1,1.0,0.4452382179902331,0.6202495906554402,0.2608533238514828,0.6627463571877519,0.09360528669477317,0.3056517377912398,223.59886855937788,160.22541877750598,382.35720060417987,149.88728729393924,1067.3157280002638,326.1697413619812,321.72158154115004,2857.0401431054743,0.003056517377912398
148079,10000.0,10000.0,4.0,0.1,1.0,44.52382179902331,1664.7122010975481,8909.842429113536,9985.03370384592,9996.66575044281,9999.968147587651,223.59886855937788,5.007044336797062,0.12235430419333757,0.0014988728729393925,0.0003335361650000825,3.1852513804880973e-06,0.0002008493236098655,223.59886855937788,0.9999968147587651
148329,100.0,100.0,3.0,10.0,1.0,0.4452382179902331,9.079280452839132,62.04353327947082,98.52326155895766,99.33734803788332,99.98726061760345,223.59886855937788,10.014088673594124,0.6117715209666879,0.014988728729393924,0.006670723300001649,0.0001274100552195239,0.003651027648467417,223.59886855937788,0.9998726061760346
148342,100.0,10000.0,4.0,10.0,0.31622776601683794,30.90245662637438,95.23170624559474,99.87779521861661,99.99850114959293,99.99966646494745,99.99999681474871,2.235988685593779,0.05007044336797062,0.0012235430419333757,1.4988728729393924e-05,3.3353616500008245e-06,3.1852513804880976e-08,2.0084932360986547e-06,2.235988685593779,0.9999999681474872
148592,1000.0,10000.0,4.0,10.0,0.5623413251903491,42.80842652051684,666.3537319923911,987.9124657647429,999.8501351755382,999.9666474959266,999.9996814749633,22.359886855937788,0.5007044336797062,0.012235430419333757,0.00014988728729393923,3.335361650000825e-05,3.1852513804880977e-07,2.0084932360986552e-05,22.359886855937788,0.9999996814749633
148842,10000.0,10000.0,4.0,0.1,1.0,44.52382179902331,1664.7122010975481,8909.842429113536,9985.03370384592,9996.66575044281,9999.968147587651,223.59886855937788,5.007044336797062,0.12235430419333757,0.0014988728729393925,0.0003335361650000825,3.1852513804880973e-06,0.0002008493236098655,223.59886855937788,0.9999968147587651
149092,10000.0,10000.0,4.0,10.0,1.0,44.52382179902331,1664.7122010975481,8909.842429113536,9985.03370384592,9996.66575044281,9999.968147587651,223.59886855937788,5.007044336797062,0.12235430419333757,0.0014988728729393925,0.0003335361650000825,3.1852513804880973e-06,0.0002008493236098655,223.59886855937788,0.9999968147587651
149342,1000.0,1000.0,4.0,10.0,1.0,4.452382179902331,166.47122010975485,890.9842429113537,998.5033703845919,999.6665750442809,999.9968147587651,223.59886855937788,5.007044336797062,0.12235430419333757,0.0014988728729393925,0.0003335361650000825,3.1852513804880973e-06,0.00020084932360986548,223.59886855937788,0.9999968147587651
149592,100.0,100.0,2.0,0.1,1.0,0.4452382179902331,4.755523902473238,24.637474318122486,86.96504527442224,88.22897801270616,99.49294394074228,223.59886855937788,20.028177347188247,3.058857604833439,0.14988728729393924,0.13341446600003298,0.005096402208780956,0.07688438638558492,223.59886855937788,0.9949294394074228
149842,10000.0,100.0,-1.0,10.0,0.01,0.447209453919515,0.6240817464886116,0.26152870811615014,0.6671234803863143,0.09369211045568958,0.30657943250075737,22359.886855937788,16022.541877750598,38235.72006041799,14988.728729393924,106731.57280002639,32616.974136198114,32172.158154115008,285704.0143105474,3.065794325007574e-05
150092,10000.0,100.0,4.0,10.0,3.1622776601683795,0.447209453919515,19.932054270790267,755.547774660386,8696.504527442223,9677.22940175138,9996.81576287908,22359.886855937788,500.7044336797062,12.235430419333756,0.14988728729393924,0.033353616500008246,0.0003185251380488097,0.02008493236098655,22359.886855937788,0.999681576287908
150342,100.0,100.0,4.0,0.1,1.0,0.4452382179902331,16.647122010975483,89.09842429113536,99.8503370384592,99.9666575044281,99.99968147587653,223.59886855937788,5.007044336797062,0.12235430419333757,0.0014988728729393925,0.00033353616500008244,3.1852513804880977e-06,0.00020084932360986548,223.59886855937788,0.9999968147587652
150592,10000.0,10000.0,-0.5,0.1,1.0,44.52382179902331,87.4917581722429,58.14111062697643,206.6178797121441,41.72594321506749,190.2154528196182,223.59886855937788,113.29648013602886,170.99533844749396,47.39852201528638,238.65905212632657,51.57196432659455,72.08928253157609,560.3116708004898,0.01902154528196182
150842,1000.0,10000.0,4.0,0.1,0.5623413251903491,42.80842652051684,666.3537319923911,987.9124657647429,999.8501351755382,999.9666474959266,999.9996814749633,22.359886855937788,0.5007044336797062,0.012235430419333757,0.00014988728729393923,3.335361650000825e-05,3.1852513804880977e-07,2.0084932360986552e-05,22.359886855937788,0.9999996814749633
151092,1000.0,10000.0,-1.0,0.1,10.0,42.80842652051684,58.74563312468951,25.486979682292766,62.544059438670985,9.28232990579485,29.746877156418996,22.359886855937788,16.022541877750598,38.23572006041799,14.988728729393925,106.73157280002638,32.61697413619812,32.17215815411501,285.7040143105474,0.029746877156418997
151105,100.0,10000.0,-1.0,1.0,100.0,30.90245662637438,38.428221374292605,20.731524246915832,40.01804216729572,8.56666260903643,23.46482875119511,2.235988685593779,1.6022541877750598,3.823572006041799,1.4988728729393925,10.67315728000264,3.261697413619812,3.2172158154115005,28.57040143105474,0.2346482875119511
151355,100.0,100.0,0.5,0.1,1.0,0.4452382179902331,1.734658332709172,2.840984337486693,17.422051385463895,7.7321863803290345,43.6814917034417,223.59886855937788,56.64824006801443,34.1990676894988,4.739852201528638,11.932952606316329,1.2892991081648641,4.958970839163522,223.59886855937788,0.436814917034417
151605,1000.0,10000.0,4.0,10.0,0.5623413251903491,42.80842652051684,666.3537319923911,987.9124657647429,999.8501351755382,999.9666474959266,999.9996814749633,22.359886855937788,0.5007044336797062,0.012235430419333757,0.00014988728729393923,3.335361650000825e-05,3.1852513804880977e-07,2.0084932360986552e-05,22.359886855937788,0.9999996814749633
151855,1000.0,100.0,-1.0,10.0,0.1,0.44702952967085,0.623731413037982,0.26146716506324574,0.6667231723714283,0.09368421073141175,0.30649486398143994,2235.988685593779,1602.2541877750598,3823.572006041799,1498.8728729393924,10673.157280002639,3261.697413619812,3217.2158154115004,28570.401431054743,0.0003064948639814399
152105,10000.0,100.0,0.5,10.0,10000.0,0.447209453919515,1.764968341409064,2.923201558945061,21.053286661807526,8.373138812182216,76.96457218479928,22359.886855937788,5664.824006801443,3419.9067689498793,473.9852201528638,1193.295260631633,128.9299108164864,495.89708391635224,22359.886855937788,0.007696457218479928
152355,10000.0,1000.0,3.0,10.0,2.154434690031884,4.470295296708501,98.87198266422178,1404.9452254592265,8696.504527442223,9374.643473519827,9987.275207143652,2235.988685593779,100.14088673594124,6.117715209666878,0.14988728729393924,0.06670723300001649,0.0012741005521952388,0.03651027648467418,2235.988685593779,0.9987275207143652
152605,10000.0,10000.0,4.0,10.0,1.0,44.52382179902331,1664.7122010975481,8909.842429113536,9985.03370384592,9996.66575044281,9999.968147587651,223.59886855937788,5.007044336797062,0.12235430419333757,0.0014988728729393925,0.0003335361650000825,3.1852513804880973e-06,0.0002008493236098655,223.59886855937788,0.9999968147587651
152855,10000.0,100.0,4.0,0.1,3.1622776601683795,0.447209453919515,19.932054270790267,755.547774660386,8696.504527442223,9677.22940175138,9996.81576287908,22359.886855937788,500.7044336797062,12.235430419333756,0.14988728729393924,0.033353616500008246,0.0003185251380488097,0.02008493236098655,22359.886855937788,0.999681576287908
153105,10000.0,10000.0,4.0,10.0,1.0,44.52382179902331,1664.7122010975481,8909.842429113536,9985.03370384592,9996.66575044281,9999.968147587651,223.59886855937788,5.007044336797062,0.12235430419333757,0.0014988728729393925,0.0003335361650000825,3.1852513804880973e-06,0.0002008493236098655,223.59886855937788,0.9999968147587651
153355,10000.0,10000.0,-0.5,0.1,1.0,44.52382179902331,87.4917581722429,58.14111062697643,206.6178797121441,41.72594321506749,190.2154528196182,223.59886855937788,113.29648013602886,170.99533844749396,47.39852201528638,238.65905212632657,51.57196432659455,72.08928253157609,560.3116708004898,0.01902154528196182
153605,1000.0,10000.0,-1.0,10.0,10.0,42.80842652051684,58.74563312468951,25.486979682292766,62.544059438670985,9.28232990579485,29.746877156418996,22.359886855937788,16.022541877750598,38.23572006041799,14.988728729393925,106.73157280002638,32.61697413619812,32.17215815411501,285.7040143105474,0.029746877156418997
153855,100.0,1000.0,-1.0,0.1,10.0,4.280842652051684,5.874563312468951,2.5486979682292765,6.2544059438670985,0.928232990579485,2.9746877156418994,22.359886855937788,16.022541877750598,38.23572006041799,14.988728729393925,106.73157280002638,32.61697413619812,32.17215815411501,285.7040143105474,0.029746877156418994
153868,10000.0,100.0,4.0,0.1,3.1622776601683795,0.447209453919515,19.932054270790267,755.547774660386,8696.504527442223,9677.22940175138,9996.81576287908,22359.886855937788,500.7044336797062,12.235430419333756,0.14988728729393924,0.033353616500008246,0.0003185251380488097,0.02008493236098655,22359.886855937788,0.999681576287908
154118,10000.0,10000.0,1.0,1.0,1.0,44.52382179902331,243.56765412906233,613.7119943607418,4001.8042167295716,2726.0663289225513,8306.640716246799,223.59886855937788,40.056354694376495,15.294288024167194,1.4988728729393923,2.66828932000066,0.20385608835123822,1.2601727434864896,223.59886855937788,0.8306640716246798
154368,10000.0,10000.0,4.0,10.0,1.0,44.52382179902331,1664.7122010975481,8909.842429113536,9985.03370384592,9996.66575044281,9999.968147587651,223.59886855937788,5.007044336797062,0.12235430419333757,0.0014988728729393925,0.0003335361650000825,3.1852513804880973e-06,0.0002008493236098655,223.59886855937788,0.9999968147587651
154618,10000.0,100.0,2.0,10.0,10.0,0.447209453919515,4.990473847364765,32.585415446614526,625.4405943867098,697.2797290893724,6624.094841738789,22359.886855937788,2002.8177347188248,305.8857604833439,14.988728729393925,13.341446600003298,0.5096402208780956,7.688438638558493,22359.886855937788,0.6624094841738789
154868,100.0,100.0,-0.5,10.0,1.0,0.4452382179902331,0.8749175817224288,0.5814111062697643,2.0661787971214407,0.4172594321506749,1.902154528196182,223.59886855937788,113.29648013602886,170.99533844749396,47.39852201528639,238.65905212632657,51.57196432659457,72.08928253157609,560.3116708004898,0.01902154528196182
155118,1000.0,100.0,-1.0,10.0,0.1,0.44702952967085,0.623731413037982,0.26146716506324574,0.6667231723714283,0.09368421073141175,0.30649486398143994,2235.988685593779,1602.2541877750598,3823.572006041799,1498.8728729393924,10673.157280002639,3261.697413619812,3217.2158154115004,28570.401431054743,0.0003064948639814399
155368,10000.0,10000.0,0.0,1.0,nan,44.52382179902331,123.28524192272377,129.07982586102068,625.4405943867098,183.93921365216514,1092.389552758199,223.59886855937788,80.11270938875299,76.47144012083598,14.988728729393925,53.36578640001319,8.15424353404953,18.695080120811,223.59886855937788,0.1092389552758199
155618,100.0,100.0,2.0,0.1,1.0,0.4452382179902331,4.755523902473238,24.637474318122486,86.96504527442224,88.22897801270616,99.49294394074228,223.59886855937788,20.028177347188247,3.058857604833439,0.14988728729393924,0.13341446600003298,0.005096402208780956,0.07688438638558492,223.59886855937788,0.9949294394074228
155868,10000.0,100.0,-1.0,0.1,0.01,0.447209453919515,0.6240817464886116,0.26152870811615014,0.6671234803863143,0.09369211045568958,0.30657943250075737,22359.886855937788,16022.541877750598,38235.72006041799,14988.728729393924,106731.57280002639,32616.974136198114,32172.158154115008,285704.0143105474,3.065794325007574e-05
156118,10000.0,100.0,2.0,10.0,10.0,0.447209453919515,4.990473847364765,32.585415446614526,625.4405943867098,697.2797290893724,6624.094841738789,22359.886855937788,2002.8177347188248,305.8857604833439,14.988728729393925,13.341446600003298,0.5096402208780956,7.688438638558493,22359.886855937788,0.6624094841738789
156368,10000.0,100.0,1.0,0.1,100.0,0.447209453919515,2.495859699810312,6.534116441228023,66.27463571877519,37.337265714062355,467.604176111926,22359.886855937788,4005.6354694376496,1529.4288024167195,149.88728729393924,266.828932000066,20.385608835123822,126.01727434864895,22359.886855937788,0.0467604176111926
156618,10000.0,1000.0,4.0,10.0,1.7782794100389228,4.470295296708501,195.80797307649001,4497.326928875178,9852.326155895766,9966.757260059929,9999.681485007453,2235.988685593779,50.07044336797062,1.2235430419333757,0.014988728729393924,0.0033353616500008247,3.185251380488097e-05,0.002008493236098655,2235.988685593779,0.9999681485007453
156632,10000.0,10000.0,4.0,10.0,1.0,44.52382179902331,1664.7122010975481,8909.842429113536,9985.03370384592,9996.66575044281,9999.968147587651,223.59886855937788,5.007044336797062,0.12235430419333757,0.0014988728729393925,0.0003335361650000825,3.1852513804880973e-06,0.0002008493236098655,223.59886855937788,0.9999968147587651
156882,10000.0,10000.0,4.0,10.0,1.0,44.52382179902331,1664.7122010975481,8909.842429113536,9985.03370384592,9996.66575044281,9999.968147587651,223.59886855937788,5.007044336797062,0.12235430419333757,0.0014988728729393925,0.0003335361650000825,3.1852513804880973e-06,0.0002008493236098655,223.59886855937788,0.9999968147587651
157132,10000.0,10000.0,4.0,0.1,1.0,44.52382179902331,1664.7122010975481,8909.842429113536,9985.03370384592,9996.66575044281,9999.968147587651,223.59886855937788,5.007044336797062,0.12235430419333757,0.0014988728729393925,0.0003335361650000825,3.1852513804880973e-06,0.0002008493236098655,223.59886855937788,0.9999968147587651
157382,10000.0,100.0,2.0,10.0,10.0,0.447209453919515,4.990473847364765,32.585415446614526,625.4405943867098,697.2797290893724,6624.094841738789,22359.886855937788,2002.8177347188248,305.8857604833439,14.988728729393925,13.341446600003298,0.5096402208780956,7.688438638558493,22359.886855937788,0.6624094841738789
157632,10000.0,100.0,-1.0,10.0,0.01,0.447209453919515,0.6240817464886116,0.26152870811615014,0.6671234803863143,0.09369211045568958,0.30657943250075737,22359.886855937788,16022.541877750598,38235.72006041799,14988.728729393924,106731.57280002639,32616.974136198114,32172.158154115008,285704.0143105474,3.065794325007574e-05
157882,10000.0,10000.0,0.5,0.1,1.0,44.52382179902331,173.46583327091722,284.0984337486693,1742.2051385463894,773.2186380329034,4368.14917034417,223.59886855937788,56.64824006801443,34.19906768949879,4.739852201528638,11.932952606316329,1.289299108164864,4.9589708391635225,223.59886855937788,0.436814917034417
158132,100.0,100.0,3.0,10.0,1.0,0.4452382179902331,9.079280452839132,62.04353327947082,98.52326155895766,99.33734803788332,99.98726061760345,223.59886855937788,10.014088673594124,0.6117715209666879,0.014988728729393924,0.006670723300001649,0.0001274100552195239,0.003651027648467417,223.59886855937788,0.9998726061760346
158382,100.0,100.0,-1.0,10.0,1.0,0.4452382179902331,0.6202495906554402,0.2608533238514828,0.6627463571877519,0.09360528669477317,0.3056517377912398,223.59886855937788,160.22541877750598,382.35720060417987,149.88728729393924,1067.3157280002638,326.1697413619812,321.72158154115004,2857.0401431054743,0.003056517377912398
158632,10000.0,100.0,-1.0,10.0,0.01,0.447209453919515,0.6240817464886116,0.26152870811615014,0.6671234803863143,0.09369211045568958,0.30657943250075737,22359.886855937788,16022.541877750598,38235.72006041799,14988.728729393924,106731.57280002639,32616.974136198114,32172.158154115008,285704.0143105474,3.065794325007574e-05
158882,1000.0,100.0,4.0,10.0,1.7782794100389228,0.44702952967085,19.580797307649004,449.7326928875178,985.2326155895765,996.6757260059928,999.9681485007453,2235.988685593779,50.07044336797062,1.2235430419333757,0.014988728729393924,0.0033353616500008247,3.185251380488097e-05,0.002008493236098655,2235.988685593779,0.9999681485007453
159132,10000.0,100.0,2.0,10.0,10.0,0.447209453919515,4.990473847364765,32.585415446614526,625.4405943867098,697.2797290893724,6624.094841738789,22359.886855937788,2002.8177347188248,305.8857604833439,14.988728729393925,13.341446600003298,0.5096402208780956,7.688438638558493,22359.886855937788,0.6624094841738789
159382,10000.0,10000.0,4.0,10.0,1.0,44.52382179902331,1664.7122010975481,8909.842429113536,9985.03370384592,9996.66575044281,9999.968147587651,223.59886855937788,5.007044336797062,0.12235430419333757,0.0014988728729393925,0.0003335361650000825,3.1852513804880973e-06,0.0002008493236098655,223.59886855937788,0.9999968147587651
159395,1000.0,1000.0,4.0,10.0,1.0,4.452382179902331,166.47122010975485,890.9842429113537,998.5033703845919,999.6665750442809,999.9968147587651,223.59886855937788,5.007044336797062,0.12235430419333757,0.0014988728729393925,0.0003335361650000825,3.1852513804880973e-06,0.00020084932360986548,223.59886855937788,0.9999968147587651
159645,1000.0,10000.0,4.0,0.1,0.5623413251903491,42.80842652051684,666.3537319923911,987.9124657647429,999.8501351755382,999.9666474959266,999.9996814749633,22.359886855937788,0.5007044336797062,0.012235430419333757,0.00014988728729393923,3.335361650000825e-05,3.1852513804880977e-07,2.0084932360986552e-05,22.359886855937788,0.9999996814749633
159895,10000.0,10000.0,1.0,0.1,1.0,44.52382179902331,243.56765412906233,613.7119943607418,4001.8042167295716,2726.0663289225513,8306.640716246799,223.59886855937788,40.056354694376495,15.294288024167194,1.4988728729393923,2.66828932000066,0.20385608835123822,1.2601727434864896,223.59886855937788,0.8306640716246798
160145,10000.0,10000.0,4.0,10.0,1.0,44.52382179902331,1664.7122010975481,8909.842429113536,9985.03370384592,9996.66575044281,9999.968147587651,223.59886855937788,5.007044336797062,0.12235430419333757,0.0014988728729393925,0.0003335361650000825,3.1852513804880973e-06,0.0002008493236098655,223.59886855937788,0.9999968147587651
160395,10000.0,100.0,2.0,0.1,10.0,0.447209453919515,4.990473847364765,32.585415446614526,625.4405943867098,697.2797290893724,6624.094841738789,22359.886855937788,2002.8177347188248,305.8857604833439,14.988728729393925,13.341446600003298,0.5096402208780956,7.688438638558493,22359.886855937788,0.6624094841738789
160645,10000.0,100.0,-1.0,10.0,0.01,0.447209453919515,0.6240817464886116,0.26152870811615014,0.6671234803863143,0.09369211045568958,0.30657943250075737,22359.886855937788,16022.541877750598,38235.72006041799,14988.728729393924,106731.57280002639,32616.974136198114,32172.158154115008,285704.0143105474,3.065794325007574e-05
160895,10000.0,100.0,-1.0,10.0,0.01,0.447209453919515,0.6240817464886116,0.26152870811615014,0.6671234803863143,0.09369211045568958,0.30657943250075737,22359.886855937788,16022.541877750598,38235.72006041799,14988.728729393924,106731.57280002639,32616.974136198114,32172.158154115008,285704.0143105474,3.065794325007574e-05
161145,10000.0,10000.0,4.0,0.1,1.0,44.52382179902331,1664.7122010975481,8909.842429113536,9985.03370384592,9996.66575044281,9999.968147587651,223.59886855937788,5.007044336797062,0.12235430419333757,0.0014988728729393925,0.0003335361650000825,3.1852513804880973e-06,0.0002008493236098655,223.59886855937788,0.9999968147587651
161395,1000.0,100.0,0.0,0.1,nan,0.44702952967085,1.2466852293362563,1.3059699522719155,6.627463571877519,1.8703549827516486,12.114980565752708,2235.988685593779,801.1270938875299,764.7144012083597,149.88728729393924,533.657864000132,81.54243534049529,186.95080120810997,2235.988685593779,0.012114980565752708
161645,10000.0,100.0,0.5,0.1,10000.0,0.447209453919515,1.764968341409064,2.923201558945061,21.053286661807526,8.373138812182216,76.96457218479928,22359.886855937788,5664.824006801443,3419.9067689498793,473.9852201528638,1193.295260631633,128.9299108164864,495.89708391635224,22359.886855937788,0.007696457218479928
161895,1000.0,100.0,-1.0,0.1,0.1,0.44702952967085,0.623731413037982,0.26146716506324574,0.6667231723714283,0.09368421073141175,0.30649486398143994,2235.988685593779,1602.2541877750598,3823.572006041799,1498.8728729393924,10673.157280002639,3261.697413619812,3217.2158154115004,28570.401431054743,0.0003064948639814399
162145,1000.0,1000.0,0.5,10.0,1.0,4.452382179902331,17.34658332709172,28.409843374866927,174.22051385463894,77.32186380329034,436.814917034417,223.59886855937788,56.64824006801443,34.1990676894988,4.739852201528638,11.932952606316329,1.2892991081648641,4.958970839163522,223.59886855937788,0.436814917034417
162158,1000.0,10000.0,-0.5,10.0,99.99999999999999,42.80842652051684,81.105316136903,55.25004171806866,174.22051385463894,40.21570867615022,162.4115798378181,22.359886855937788,11.329648013602885,17.0995338447494,4.739852201528638,23.865905212632658,5.157196432659457,7.208928253157608,56.03116708004898,0.1624115798378181
162408,10000.0,1000.0,4.0,10.0,1.7782794100389228,4.470295296708501,195.80797307649001,4497.326928875178,9852.326155895766,9966.757260059929,9999.681485007453,2235.988685593779,50.07044336797062,1.2235430419333757,0.014988728729393924,0.0033353616500008247,3.185251380488097e-05,0.002008493236098655,2235.988685593779,0.9999681485007453
162658,10000.0,100.0,-1.0,0.1,0.01,0.447209453919515,0.6240817464886116,0.26152870811615014,0.6671234803863143,0.09369211045568958,0.30657943250075737,22359.886855937788,16022.541877750598,38235.72006041799,14988.728729393924,106731.57280002639,32616.974136198114,32172.158154115008,285704.0143105474,3.065794325007574e-05
162908,10000.0,100.0,2.0,0.1,10.0,0.447209453919515,4.990473847364765,32.585415446614526,625.4405943867098,697.2797290893724,6624.094841738789,22359.886855937788,2002.8177347188248,305.8857604833439,14.988728729393925,13.341446600003298,0.5096402208780956,7.688438638558493,22359.886855937788,0.6624094841738789
163158,100.0,100.0,-1.0,10.0,1.0,0.4452382179902331,0.6202495906554402,0.2608533238514828,0.6627463571877519,0.09360528669477317,0.3056517377912398,223.59886855937788,160.22541877750598,382.35720060417987,149.88728729393924,1067.3157280002638,326.1697413619812,321.72158154115004,2857.0401431054743,0.003056517377912398
163408,10000.0,100.0,-1.0,1.0,0.01,0.447209453919515,0.6240817464886116,0.26152870811615014,0.6671234803863143,0.09369211045568958,0.30657943250075737,22359.886855937788,16022.541877750598,38235.72006041799,14988.728729393924,106731.57280002639,32616.974136198114,32172.158154115008,285704.0143105474,3.065794325007574e-05
163658,10000.0,100.0,2.0,10.0,10.0,0.447209453919515,4.990473847364765,32.585415446614526,625.4405943867098,697.2797290893724,6624.094841738789,22359.886855937788,2002.8177347188248,305.8857604833439,14.988728729393925,13.341446600003298,0.5096402208780956,7.688438638558493,22359.886855937788,0.6624094841738789
163908,100.0,100.0,4.0,0.1,1.0,0.4452382179902331,16.647122010975483,89.09842429113536,99.8503370384592,99.9666575044281,99.99968147587653,223.59886855937788,5.007044336797062,0.12235430419333757,0.0014988728729393925,0.00033353616500008244,3.1852513804880977e-06,0.00020084932360986548,223.59886855937788,0.9999968147587652
164158,10000.0,10000.0,1.0,10.0,1.0,44.52382179902331,243.56765412906233,613.7119943607418,4001.8042167295716,2726.0663289225513,8306.640716246799,223.59886855937788,40.056354694376495,15.294288024167194,1.4988728729393923,2.66828932000066,0.20385608835123822,1.2601727434864896,223.59886855937788,0.8306640716246798
164408,100.0,10000.0,4.0,10.0,0.31622776601683794,30.90245662637438,95.23170624559474,99.87779521861661,99.99850114959293,99.99966646494745,99.99999681474871,2.235988685593779,0.05007044336797062,0.0012235430419333757,1.4988728729393924e-05,3.3353616500008245e-06,3.1852513804880976e-08,2.0084932360986547e-06,2.235988685593779,0.9999999681474872
164658,1000.0,100.0,4.0,0.1,1.7782794100389228,0.44702952967085,19.580797307649004,449.7326928875178,985.2326155895765,996.6757260059928,999.9681485007453,2235.988685593779,50.07044336797062,1.2235430419333757,0.014988728729393924,0.0033353616500008247,3.185251380488097e-05,0.002008493236098655,2235.988685593779,0.9999681485007453
164908,100.0,100.0,0.5,10.0,1.0,0.4452382179902331,1.734658332709172,2.840984337486693,17.422051385463895,7.7321863803290345,43.6814917034417,223.59886855937788,56.64824006801443,34.1990676894988,4.739852201528638,11.932952606316329,1.2892991081648641,4.958970839163522,223.59886855937788,0.436814917034417
164921,1000.0,100.0,-1.0,10.0,0.1,0.44702952967085,0.623731413037982,0.26146716506324574,0.6667231723714283,0.09368421073141175,0.30649486398143994,2235.988685593779,1602.2541877750598,3823.572006041799,1498.8728729393924,10673.157280002639,3261.697413619812,3217.2158154115004,28570.401431054743,0.0003064948639814399
165171,100.0,10000.0,4.0,10.0,0.31622776601683794,30.90245662637438,95.23170624559474,99.87779521861661,99.99850114959293,99.99966646494745,99.99999681474871,2.235988685593779,0.05007044336797062,0.0012235430419333757,1.4988728729393924e-05,3.3353616500008245e-06,3.1852513804880976e-08,2.0084932360986547e-06,2.235988685593779,0.9999999681474872
165421,10000.0,10000.0,4.0,0.1,1.0,44.52382179902331,1664.7122010975481,8909.842429113536,9985.03370384592,9996.66575044281,9999.968147587651,223.59886855937788,5.007044336797062,0.12235430419333757,0.0014988728729393925,0.0003335361650000825,3.1852513804880973e-06,0.0002008493236098655,223.59886855937788,0.9999968147587651
165671,10000.0,100.0,-1.0,10.0,0.01,0.447209453919515,0.6240817464886116,0.26152870811615014,0.6671234803863143,0.09369211045568958,0.30657943250075737,22359.886855937788,16022.541877750598,38235.72006041799,14988.728729393924,106731.57280002639,32616.974136198114,32172.158154115008,285704.0143105474,3.065794325007574e-05
165921,1000.0,100.0,3.0,10.0,2.154434690031884,0.44702952967085,9.887198266422178,140.49452254592268,869.6504527442223,937.4643473519828,998.7275207143653,2235.988685593779,100.14088673594124,6.117715209666878,0.14988728729393924,0.06670723300001649,0.001274100552195239,0.03651027648467417,2235.988685593779,0.9987275207143652
166171,10000.0,100.0,4.0,0.1,3.1622776601683795,0.447209453919515,19.932054270790267,755.547774660386,8696.504527442223,9677.22940175138,9996.81576287908,22359.886855937788,500.7044336797062,12.235430419333756,0.14988728729393924,0.033353616500008246,0.0003185251380488097,0.02008493236098655,22359.886855937788,0.999681576287908
166421,100.0,10000.0,4.0,0.1,0.31622776601683794,30.90245662637438,95.23170624559474,99.87779521861661,99.99850114959293,99.99966646494745,99.99999681474871,2.235988685593779,0.05007044336797062,0.0012235430419333757,1.4988728729393924e-05,3.3353616500008245e-06,3.1852513804880976e-08,2.0084932360986547e-06,2.235988685593779,0.9999999681474872
166671,100.0,100.0,1.0,10.0,1.0,0.4452382179902331,2.4356765412906234,6.137119943607417,40.01804216729572,27.260663289225512,83.066407162468,223.59886855937788,40.056354694376495,15.294288024167196,1.4988728729393925,2.66828932000066,0.20385608835123825,1.2601727434864896,223.59886855937788,0.8306640716246799
166921,100.0,10000.0,4.0,0.1,0.31622776601683794,30.90245662637438,95.23170624559474,99.87779521861661,99.99850114959293,99.99966646494745,99.99999681474871,2.235988685593779,0.05007044336797062,0.0012235430419333757,1.4988728729393924e-05,3.3353616500008245e-06,3.1852513804880976e-08,2.0084932360986547e-06,2.235988685593779,0.9999999681474872
167171,100.0,100.0,1.0,1.0,1.0,0.4452382179902331,2.4356765412906234,6.137119943607417,40.01804216729572,27.260663289225512,83.066407162468,223.59886855937788,40.056354694376495,15.294288024167196,1.4988728729393925,2.66828932000066,0.20385608835123825,1.2601727434864896,223.59886855937788,0.8306640716246799
167421,100.0,100.0,-1.0,10.0,1.0,0.4452382179902331,0.6202495906554402,0.2608533238514828,0.6627463571877519,0.09360528669477317,0.3056517377912398,223.59886855937788,160.22541877750598,382.35720060417987,149.88728729393924,1067.3157280002638,326.1697413619812,321.72158154115004,2857.0401431054743,0.003056517377912398
167671,1000.0,1000.0,0.5,10.0,1.0,4.452382179902331,17.34658332709172,28.409843374866927,174.22051385463894,77.32186380329034,436.814917034417,223.59886855937788,56.64824006801443,34.1990676894988,4.739852201528638,11.932952606316329,1.2892991081648641,4.958970839163522,223.59886855937788,0.436814917034417
167684,1000.0,1000.0,0.0,10.0,nan,4.452382179902331,12.328524192272376,12.907982586102069,62.544059438670985,18.393921365216514,109.23895527581989,223.59886855937788,80.11270938875299,76.47144012083598,14.988728729393925,53.36578640001319,8.15424353404953,18.695080120811,223.59886855937788,0.1092389552758199
167934,10000.0,100.0,2.0,0.1,10.0,0.447209453919515,4.990473847364765,32.585415446614526,625.4405943867098,697.2797290893724,6624.094841738789,22359.886855937788,2002.8177347188248,305.8857604833439,14.988728729393925,13.341446600003298,0.5096402208780956,7.688438638558493,22359.886855937788,0.6624094841738789
168184,100.0,100.0,3.0,10.0,1.0,0.4452382179902331,9.079280452839132,62.04353327947082,98.52326155895766,99.33734803788332,99.98726061760345,223.59886855937788,10.014088673594124,0.6117715209666879,0.014988728729393924,0.006670723300001649,0.0001274100552195239,0.003651027648467417,223.59886855937788,0.9998726061760346
168434,10000.0,100.0,4.0,10.0,3.1622776601683795,0.447209453919515,19.932054270790267,755.547774660386,8696.504527442223,9677.22940175138,9996.81576287908,22359.886855937788,500.7044336797062,12.235430419333756,0.14988728729393924,0.033353616500008246,0.0003185251380488097,0.02008493236098655,22359.886855937788,0.999681576287908
168684,10000.0,10000.0,4.0,0.1,1.0,44.52382179902331,1664.7122010975481,8909.842429113536,9985.03370384592,9996.66575044281,9999.968147587651,223.59886855937788,5.007044336797062,0.12235430419333757,0.0014988728729393925,0.0003335361650000825,3.1852513804880973e-06,0.0002008493236098655,223.59886855937788,0.9999968147587651
168934,1000.0,10000.0,0.5,0.1,0.010000000000000002,42.80842652051684,150.0414713095952,226.24911616350428,678.432854229225,455.93496596168103,885.7945833650211,22.359886855937788,5.664824006801442,3.4199067689498794,0.4739852201528638,1.193295260631633,0.12892991081648641,0.49589708391635223,22.359886855937788,0.8857945833650211
169184,10000.0,10000.0,4.0,10.0,1.0,44.52382179902331,1664.7122010975481,8909.842429113536,9985.03370384592,9996.66575044281,9999.968147587651,223.59886855937788,5.007044336797062,0.12235430419333757,0.0014988728729393925,0.0003335361650000825,3.1852513804880973e-06,0.0002008493236098655,223.59886855937788,0.9999968147587651
169434,10000.0,100.0,-1.0,10.0,0.01,0.447209453919515,0.6240817464886116,0.26152870811615014,0.6671234803863143,0.09369211045568958,0.30657943250075737,22359.886855937788,16022.541877750598,38235.72006041799,14988.728729393924,106731.57280002639,32616.974136198114,32172.158154115008,285704.0143105474,3.065794325007574e-05
169684,10000.0,10000.0,-1.0,10.0,1.0,44.52382179902331,62.02495906554402,26.085332385148277,66.27463571877519,9.360528669477315,30.565173779123974,223.59886855937788,160.22541877750598,382.35720060417987,149.88728729393924,1067.315728000264,326.16974136198115,321.72158154115004,2857.040143105474,0.0030565173779123975
169934,1000.0,100.0,-1.0,1.0,0.1,0.44702952967085,0.623731413037982,0.26146716506324574,0.6667231723714283,0.09368421073141175,0.30649486398143994,2235.988685593779,1602.2541877750598,3823.572006041799,1498.8728729393924,10673.157280002639,3261.697413619812,3217.2158154115004,28570.401431054743,0.0003064948639814399
170184,10000.0,10000.0,4.0,0.1,1.0,44.52382179902331,1664.7122010975481,8909.842429113536,9985.03370384592,9996.66575044281,9999.968147587651,223.59886855937788,5.007044336797062,0.12235430419333757,0.0014988728729393925,0.0003335361650000825,3.1852513804880973e-06,0.0002008493236098655,223.59886855937788,0.9999968147587651
170434,10000.0,10000.0,-0.5,10.0,1.0,44.52382179902331,87.4917581722429,58.14111062697643,206.6178797121441,41.72594321506749,190.2154528196182,223.59886855937788,113.29648013602886,170.99533844749396,47.39852201528638,238.65905212632657,51.57196432659455,72.08928253157609,560.3116708004898,0.01902154528196182
170448,10000.0,10000.0,-0.5,10.0,1.0,44.52382179902331,87.4917581722429,58.14111062697643,206.6178797121441,41.72594321506749,190.2154528196182,223.59886855937788,113.29648013602886,170.99533844749396,47.39852201528638,238.65905212632657,51.57196432659455,72.08928253157609,560.3116708004898,0.01902154528196182
170698,100.0,100.0,0.0,0.1,nan,0.4452382179902331,1.2328524192272377,1.290798258610207,6.2544059438670985,1.8393921365216512,10.92389552758199,223.59886855937788,80.11270938875299,76.47144012083598,14.988728729393925,53.36578640001319,8.15424353404953,18.695080120811,223.59886855937788,0.10923895527581991
170948,10000.0,100.0,3.0,10.0,4.641588833612778,0.447209453919515,9.975969213383378,160.83078209263562,4001.8042167295716,5998.539967368428,9874.192854318308,22359.886855937788,1001.4088673594124,61.17715209666878,1.4988728729393923,0.667072330000165,0.012741005521952389,0.36510276484674176,22359.886855937788,0.9874192854318308
171198,10000.0,100.0,1.0,10.0,100.0,0.447209453919515,2.495859699810312,6.534116441228023,66.27463571877519,37.337265714062355,467.604176111926,22359.886855937788,4005.6354694376496,1529.4288024167195,149.88728729393924,266.828932000066,20.385608835123822,126.01727434864895,22359.886855937788,0.0467604176111926
171448,10000.0,100.0,2.0,10.0,10.0,0.447209453919515,4.990473847364765,32.585415446614526,625.4405943867098,697.2797290893724,6624.094841738789,22359.886855937788,2002.8177347188248,305.8857604833439,14.988728729393925,13.341446600003298,0.5096402208780956,7.688438638558493,22359.886855937788,0.6624094841738789
171698,1000.0,10000.0,4.0,0.1,0.5623413251903491,42.80842652051684,666.3537319923911,987.9124657647429,999.8501351755382,999.9666474959266,999.9996814749633,22.359886855937788,0.5007044336797062,0.012235430419333757,0.00014988728729393923,3.335361650000825e-05,3.1852513804880977e-07,2.0084932360986552e-05,22.359886855937788,0.9999996814749633
171948,1000.0,10000.0,-1.0,10.0,10.0,42.80842652051684,58.74563312468951,25.486979682292766,62.544059438670985,9.28232990579485,29.746877156418996,22.359886855937788,16.022541877750598,38.23572006041799,14.988728729393925,106.73157280002638,32.61697413619812,32.17215815411501,285.7040143105474,0.029746877156418997
172198,1000.0,100.0,-1.0,10.0,0.1,0.44702952967085,0.623731413037982,0.26146716506324574,0.6667231723714283,0.09368421073141175,0.30649486398143994,2235.988685593779,1602.2541877750598,3823.572006041799,1498.8728729393924,10673.157280002639,3261.697413619812,3217.2158154115004,28570.401431054743,0.0003064948639814399
172448,10000.0,100.0,2.0,10.0,10.0,0.447209453919515,4.990473847364765,32.585415446614526,625.4405943867098,697.2797290893724,6624.094841738789,22359.886855937788,2002.8177347188248,305.8857604833439,14.988728729393925,13.341446600003298,0.5096402208780956,7.688438638558493,22359.886855937788,0.6624094841738789
172698,10000.0,100.0,4.0,10.0,3.1622776601683795,0.447209453919515,19.932054270790267,755.547774660386,8696.504527442223,9677.22940175138,9996.81576287908,22359.886855937788,500.7044336797062,12.235430419333756,0.14988728729393924,0.033353616500008246,0.0003185251380488097,0.02008493236098655,22359.886855937788,0.999681576287908
172948,1000.0,100.0,0.0,10.0,nan,0.44702952967085,1.2466852293362563,1.3059699522719155,6.627463571877519,1.8703549827516486,12.114980565752708,2235.988685593779,801.1270938875299,764.7144012083597,149.88728729393924,533.657864000132,81.54243534049529,186.95080120810997,2235.988685593779,0.012114980565752708
173198,10000.0,10000.0,1.0,10.0,1.0,44.52382179902331,243.56765412906233,613.7119943607418,4001.8042167295716,2726.0663289225513,8306.640716246799,223.59886855937788,40.056354694376495,15.294288024167194,1.4988728729393923,2.66828932000066,0.20385608835123822,1.2601727434864896,223.59886855937788,0.8306640716246798
173211,10000.0,10000.0,0.5,10.0,1.0,44.52382179902331,173.46583327091722,284.0984337486693,1742.2051385463894,773.2186380329034,4368.14917034417,223.59886855937788,56.64824006801443,34.19906768949879,4.739852201528638,11.932952606316329,1.289299108164864,4.9589708391635225,223.59886855937788,0.436814917034417
173461,10000.0,100.0,2.0,10.0,10.0,0.447209453919515,4.990473847364765,32.585415446614526,625.4405943867098,697.2797290893724,6624.094841738789,22359.886855937788,2002.8177347188248,305.8857604833439,14.988728729393925,13.341446600003298,0.5096402208780956,7.688438638558493,22359.886855937788,0.6624094841738789
173711,1000.0,100.0,2.0,10.0,3.1622776601683795,0.44702952967085,4.968159723312913,31.657014183541463,400.18042167295715,428.4224611853572,951.5073579906511,2235.988685593779,200.28177347188247,30.588576048334392,1.4988728729393925,1.33414466000033,0.050964022087809556,0.7688438638558492,2235.988685593779,0.9515073579906511
173961,1000.0,100.0,-1.0,10.0,0.1,0.44702952967085,0.623731413037982,0.26146716506324574,0.6667231723714283,0.09368421073141175,0.30649486398143994,2235.988685593779,1602.2541877750598,3823.572006041799,1498.8728729393924,10673.157280002639,3261.697413619812,3217.2158154115004,28570.401431054743,0.0003064948639814399
174211,10000.0,10000.0,-0.5,10.0,1.0,44.52382179902331,87.4917581722429,58.14111062697643,206.6178797121441,41.72594321506749,190.2154528196182,223.59886855937788,113.29648013602886,170.99533844749396,47.39852201528638,238.65905212632657,51.57196432659455,72.08928253157609,560.3116708004898,0.01902154528196182
174461,1000.0,100.0,-1.0,10.0,0.1,0.44702952967085,0.623731413037982,0.26146716506324574,0.6667231723714283,0.09368421073141175,0.30649486398143994,2235.988685593779,1602.2541877750598,3823.572006041799,1498.8728729393924,10673.157280002639,3261.697413619812,3217.2158154115004,28570.401431054743,0.0003064948639814399
174711,10000.0,10000.0,-1.0,1.0,1.0,44.52382179902331,62.02495906554402,26.085332385148277,66.27463571877519,9.360528669477315,30.565173779123974,223.59886855937788,160.22541877750598,382.35720060417987,149.88728729393924,1067.315728000264,326.16974136198115,321.72158154115004,2857.040143105474,0.0030565173779123975
174961,100.0,10000.0,4.0,10.0,0.31622776601683794,30.90245662637438,95.23170624559474,99.87779521861661,99.99850114959293,99.99966646494745,99.99999681474871,2.235988685593779,0.05007044336797062,0.0012235430419333757,1.4988728729393924e-05,3.3353616500008245e-06,3.1852513804880976e-08,2.0084932360986547e-06,2.235988685593779,0.9999999681474872
175211,100.0,100.0,-1.0,10.0,1.0,0.4452382179902331,0.6202495906554402,0.2608533238514828,0.6627463571877519,0.09360528669477317,0.3056517377912398,223.59886855937788,160.22541877750598,382.35720060417987,149.88728729393924,1067.3157280002638,326.1697413619812,321.72158154115004,2857.0401431054743,0.003056517377912398
175461,1000.0,100.0,-1.0,10.0,0.1,0.44702952967085,0.623731413037982,0.26146716506324574,0.6667231723714283,0.09368421073141175,0.30649486398143994,2235.988685593779,1602.2541877750598,3823.572006041799,1498.8728729393924,10673.157280002639,3261.697413619812,3217.2158154115004,28570.401431054743,0.0003064948639814399
175711,10000.0,10000.0,1.0,0.1,1.0,44.52382179902331,243.56765412906233,613.7119943607418,4001.8042167295716,2726.0663289225513,8306.640716246799,223.59886855937788,40.056354694376495,15.294288024167194,1.4988728729393923,2.66828932000066,0.20385608835123822,1.2601727434864896,223.59886855937788,0.8306640716246798
175961,10000.0,1000.0,0.5,0.1,100.0,4.470295296708501,17.621691858663294,29.15531142282814,206.6178797121441,83.10512246803673,719.7874051189076,2235.988685593779,566.4824006801443,341.9906768949879,47.39852201528638,119.32952606316329,12.892991081648638,49.58970839163523,2235.988685593779,0.07197874051189077
175974,10000.0,100.0,4.0,0.1,3.1622776601683795,0.447209453919515,19.932054270790267,755.547774660386,8696.504527442223,9677.22940175138,9996.81576287908,22359.886855937788,500.7044336797062,12.235430419333756,0.14988728729393924,0.033353616500008246,0.0003185251380488097,0.02008493236098655,22359.886855937788,0.999681576287908
176224,100.0,1000.0,4.0,0.1,0.5623413251903491,4.280842652051684,66.6353731992391,98.79124657647431,99.9850135175538,99.99666474959267,99.99996814749635,22.359886855937788,0.5007044336797062,0.012235430419333757,0.00014988728729393923,3.335361650000825e-05,3.1852513804880977e-07,2.008493236098655e-05,22.359886855937788,0.9999996814749634
176474,100.0,100.0,-1.0,10.0,1.0,0.4452382179902331,0.6202495906554402,0.2608533238514828,0.6627463571877519,0.09360528669477317,0.3056517377912398,223.59886855937788,160.22541877750598,382.35720060417987,149.88728729393924,1067.3157280002638,326.1697413619812,321.72158154115004,2857.0401431054743,0.003056517377912398
176724,10000.0,100.0,4.0,10.0,3.1622776601683795,0.447209453919515,19.932054270790267,755.547774660386,8696.504527442223,9677.22940175138,9996.81576287908,22359.886855937788,500.7044336797062,12.235430419333756,0.14988728729393924,0.033353616500008246,0.0003185251380488097,0.02008493236098655,22359.886855937788,0.999681576287908
176974,1000.0,100.0,-1.0,1.0,0.1,0.44702952967085,0.623731413037982,0.26146716506324574,0.6667231723714283,0.09368421073141175,0.30649486398143994,2235.988685593779,1602.2541877750598,3823.572006041799,1498.8728729393924,10673.157280002639,3261.697413619812,3217.2158154115004,28570.401431054743,0.0003064948639814399
177224,100.0,100.0,2.0,10.0,1.0,0.4452382179902331,4.755523902473238,24.637474318122486,86.96504527442224,88.22897801270616,99.49294394074228,223.59886855937788,20.028177347188247,3.058857604833439,0.14988728729393924,0.13341446600003298,0.005096402208780956,0.07688438638558492,223.59886855937788,0.9949294394074228
177474,10000.0,10000.0,0.5,0.1,1.0,44.52382179902331,173.46583327091722,284.0984337486693,1742.2051385463894,773.2186380329034,4368.14917034417,223.59886855937788,56.64824006801443,34.19906768949879,4.739852201528638,11.932952606316329,1.289299108164864,4.9589708391635225,223.59886855937788,0.436814917034417
177724,100.0,1000.0,4.0,0.1,0.5623413251903491,4.280842652051684,66.6353731992391,98.79124657647431,99.9850135175538,99.99666474959267,99.99996814749635,22.359886855937788,0.5007044336797062,0.012235430419333757,0.00014988728729393923,3.335361650000825e-05,3.1852513804880977e-07,2.008493236098655e-05,22.359886855937788,0.9999996814749634
177974,10000.0,10000.0,4.0,10.0,1.0,44.52382179902331,1664.7122010975481,8909.842429113536,9985.03370384592,9996.66575044281,9999.968147587651,223.59886855937788,5.007044336797062,0.12235430419333757,0.0014988728729393925,0.0003335361650000825,3.1852513804880973e-06,0.0002008493236098655,223.59886855937788,0.9999968147587651
178224,10000.0,10000.0,2.0,0.1,1.0,44.52382179902331,475.55239024732384,2463.7474318122486,8696.504527442223,8822.897801270616,9949.294394074228,223.59886855937788,20.028177347188247,3.058857604833439,0.14988728729393924,0.13341446600003298,0.005096402208780955,0.07688438638558492,223.59886855937788,0.9949294394074228
178474,10000.0,100.0,-1.0,10.0,0.01,0.447209453919515,0.6240817464886116,0.26152870811615014,0.6671234803863143,0.09369211045568958,0.30657943250075737,22359.886855937788,16022.541877750598,38235.72006041799,14988.728729393924,106731.57280002639,32616.974136198114,32172.158154115008,285704.0143105474,3.065794325007574e-05
178724,10000.0,100.0,2.0,10.0,10.0,0.447209453919515,4.990473847364765,32.585415446614526,625.4405943867098,697.2797290893724,6624.094841738789,22359.886855937788,2002.8177347188248,305.8857604833439,14.988728729393925,13.341446600003298,0.5096402208780956,7.688438638558493,22359.886855937788,0.6624094841738789
178737,10000.0,100.0,4.0,10.0,3.1622776601683795,0.447209453919515,19.932054270790267,755.547774660386,8696.504527442223,9677.22940175138,9996.81576287908,22359.886855937788,500.7044336797062,12.235430419333756,0.14988728729393924,0.033353616500008246,0.0003185251380488097,0.02008493236098655,22359.886855937788,0.999681576287908
178987,10000.0,100.0,2.0,10.0,10.0,0.447209453919515,4.990473847364765,32.585415446614526,625.4405943867098,697.2797290893724,6624.094841738789,22359.886855937788,2002.8177347188248,305.8857604833439,14.988728729393925,13.341446600003298,0.5096402208780956,7.688438638558493,22359.886855937788,0.6624094841738789
179237,10000.0,100.0,3.0,10.0,4.641588833612778,0.447209453919515,9.975969213383378,160.83078209263562,4001.8042167295716,5998.539967368428,9874.192854318308,22359.886855937788,1001.4088673594124,61.17715209666878,1.4988728729393923,0.667072330000165,0.012741005521952389,0.36510276484674176,22359.886855937788,0.9874192854318308
179487,1000.0,100.0,-1.0,0.1,0.1,0.44702952967085,0.623731413037982,0.26146716506324574,0.6667231723714283,0.09368421073141175,0.30649486398143994,2235.988685593779,1602.2541877750598,3823.572006041799,1498.8728729393924,10673.157280002639,3261.697413619812,3217.2158154115004,28570.401431054743,0.0003064948639814399
179737,10000.0,10000.0,1.0,0.1,1.0,44.52382179902331,243.56765412906233,613.7119943607418,4001.8042167295716,2726.0663289225513,8306.640716246799,223.59886855937788,40.056354694376495,15.294288024167194,1.4988728729393923,2.66828932000066,0.20385608835123822,1.2601727434864896,223.59886855937788,0.8306640716246798
179987,10000.0,100.0,2.0,1.0,10.0,0.447209453919515,4.990473847364765,32.585415446614526,625.4405943867098,697.2797290893724,6624.094841738789,22359.886855937788,2002.8177347188248,305.8857604833439,14.988728729393925,13.341446600003298,0.5096402208780956,7.688438638558493,22359.886855937788,0.6624094841738789
180237,100.0,10000.0,4.0,0.1,0.31622776601683794,30.90245662637438,95.23170624559474,99.87779521861661,99.99850114959293,99.99966646494745,99.99999681474871,2.235988685593779,0.05007044336797062,0.0012235430419333757,1.4988728729393924e-05,3.3353616500008245e-06,3.1852513804880976e-08,2.0084932360986547e-06,2.235988685593779,0.9999999681474872
180487,10000.0,1000.0,4.0,0.1,1.7782794100389228,4.470295296708501,195.80797307649001,4497.326928875178,9852.326155895766,9966.757260059929,9999.681485007453,2235.988685593779,50.07044336797062,1.2235430419333757,0.014988728729393924,0.0033353616500008247,3.185251380488097e-05,0.002008493236098655,2235.988685593779,0.9999681485007453
180737,100.0,100.0,-1.0,10.0,1.0,0.4452382179902331,0.6202495906554402,0.2608533238514828,0.6627463571877519,0.09360528669477317,0.3056517377912398,223.59886855937788,160.22541877750598,382.35720060417987,149.88728729393924,1067.3157280002638,326.1697413619812,321.72158154115004,2857.0401431054743,0.003056517377912398
180987,10000.0,100.0,1.0,10.0,100.0,0.447209453919515,2.495859699810312,6.534116441228023,66.27463571877519,37.337265714062355,467.604176111926,22359.886855937788,4005.6354694376496,1529.4288024167195,149.88728729393924,266.828932000066,20.385608835123822,126.01727434864895,22359.886855937788,0.0467604176111926
181237,10000.0,100.0,-1.0,1.0,0.01,0.447209453919515,0.6240817464886116,0.26152870811615014,0.6671234803863143,0.09369211045568958,0.30657943250075737,22359.886855937788,16022.541877750598,38235.72006041799,14988.728729393924,106731.57280002639,32616.974136198114,32172.158154115008,285704.0143105474,3.065794325007574e-05
181487,1000.0,100.0,-1.0,0.1,0.1,0.44702952967085,0.623731413037982,0.26146716506324574,0.6667231723714283,0.09368421073141175,0.30649486398143994,2235.988685593779,1602.2541877750598,3823.572006041799,1498.8728729393924,10673.157280002639,3261.697413619812,3217.2158154115004,28570.401431054743,0.0003064948639814399
181500,1000.0,100.0,-1.0,0.1,0.1,0.44702952967085,0.623731413037982,0.26146716506324574,0.6667231723714283,0.09368421073141175,0.30649486398143994,2235.988685593779,1602.2541877750598,3823.572006041799,1498.8728729393924,10673.157280002639,3261.697413619812,3217.2158154115004,28570.401431054743,0.0003064948639814399
181750,100.0,1000.0,-1.0,1.0,10.0,4.280842652051684,5.874563312468951,2.5486979682292765,6.2544059438670985,0.928232990579485,2.9746877156418994,22.359886855937788,16.022541877750598,38.23572006041799,14.988728729393925,106.73157280002638,32.61697413619812,32.17215815411501,285.7040143105474,0.029746877156418994
182000,10000.0,100.0,-1.0,0.1,0.01,0.447209453919515,0.6240817464886116,0.26152870811615014,0.6671234803863143,0.09369211045568958,0.30657943250075737,22359.886855937788,16022.541877750598,38235.72006041799,14988.728729393924,106731.57280002639,32616.974136198114,32172.158154115008,285704.0143105474,3.065794325007574e-05
182250,100.0,100.0,2.0,1.0,1.0,0.4452382179902331,4.755523902473238,24.637474318122486,86.96504527442224,88.22897801270616,99.49294394074228,223.59886855937788,20.028177347188247,3.058857604833439,0.14988728729393924,0.13341446600003298,0.005096402208780956,0.07688438638558492,223.59886855937788,0.9949294394074228
182500,1000.0,100.0,3.0,0.1,2.154434690031884,0.44702952967085,9.887198266422178,140.49452254592268,869.6504527442223,937.4643473519828,998.7275207143653,2235.988685593779,100.14088673594124,6.117715209666878,0.14988728729393924,0.06670723300001649,0.001274100552195239,0.03651027648467417,2235.988685593779,0.9987275207143652
182750,1000.0,100.0,-1.0,0.1,0.1,0.44702952967085,0.623731413037982,0.26146716506324574,0.6667231723714283,0.09368421073141175,0.30649486398143994,2235.988685593779,1602.2541877750598,3823.572006041799,1498.8728729393924,10673.157280002639,3261.697413619812,3217.2158154115004,28570.401431054743,0.0003064948639814399
183000,10000.0,100.0,-1.0,0.1,0.01,0.447209453919515,0.6240817464886116,0.26152870811615014,0.6671234803863143,0.09369211045568958,0.30657943250075737,22359.886855937788,16022.541877750598,38235.72006041799,14988.728729393924,106731.57280002639,32616.974136198114,32172.158154115008,285704.0143105474,3.065794325007574e-05
183250,10000.0,10000.0,4.0,10.0,1.0,44.52382179902331,1664.7122010975481,8909.842429113536,9985.03370384592,9996.66575044281,9999.968147587651,223.59886855937788,5.007044336797062,0.12235430419333757,0.0014988728729393925,0.0003335361650000825,3.1852513804880973e-06,0.0002008493236098655,223.59886855937788,0.9999968147587651
183500,1000.0,100.0,2.0,0.1,3.1622776601683795,0.44702952967085,4.968159723312913,31.657014183541463,400.18042167295715,428.4224611853572,951.5073579906511,2235.988685593779,200.28177347188247,30.588576048334392,1.4988728729393925,1.33414466000033,0.050964022087809556,0.7688438638558492,2235.988685593779,0.9515073579906511
183750,1000.0,100.0,1.0,0.1,10.0,0.44702952967085,2.490265880981573,6.495915877565232,62.544059438670985,36.12339190037267,329.10316374640615,2235.988685593779,400.56354694376495,152.94288024167196,14.988728729393925,26.682893200006596,2.0385608835123823,12.601727434864895,2235.988685593779,0.32910316374640614
184000,10000.0,100.0,4.0,0.1,3.1622776601683795,0.447209453919515,19.932054270790267,755.547774660386,8696.504527442223,9677.22940175138,9996.81576287908,22359.886855937788,500.7044336797062,12.235430419333756,0.14988728729393924,0.033353616500008246,0.0003185251380488097,0.02008493236098655,22359.886855937788,0.999681576287908
184250,10000.0,10000.0,4.0,0.1,1.0,44.52382179902331,1664.7122010975481,8909.842429113536,9985.03370384592,9996.66575044281,9999.968147587651,223.59886855937788,5.007044336797062,0.12235430419333757,0.0014988728729393925,0.0003335361650000825,3.1852513804880973e-06,0.0002008493236098655,223.59886855937788,0.9999968147587651
184263,10000.0,10000.0,4.0,0.1,1.0,44.52382179902331,1664.7122010975481,8909.842429113536,9985.03370384592,9996.66575044281,9999.968147587651,223.59886855937788,5.007044336797062,0.12235430419333757,0.0014988728729393925,0.0003335361650000825,3.1852513804880973e-06,0.0002008493236098655,223.59886855937788,0.9999968147587651
184513,10000.0,100.0,4.0,10.0,3.1622776601683795,0.447209453919515,19.932054270790267,755.547774660386,8696.504527442223,9677.22940175138,9996.81576287908,22359.886855937788,500.7044336797062,12.235430419333756,0.14988728729393924,0.033353616500008246,0.0003185251380488097,0.02008493236098655,22359.886855937788,0.999681576287908
184763,10000.0,100.0,-1.0,10.0,0.01,0.447209453919515,0.6240817464886116,0.26152870811615014,0.6671234803863143,0.09369211045568958,0.30657943250075737,22359.886855937788,16022.541877750598,38235.72006041799,14988.728729393924,106731.57280002639,32616.974136198114,32172.158154115008,285704.0143105474,3.065794325007574e-05
185013,10000.0,1000.0,0.5,10.0,100.0,4.470295296708501,17.621691858663294,29.15531142282814,206.6178797121441,83.10512246803673,719.7874051189076,2235.988685593779,566.4824006801443,341.9906768949879,47.39852201528638,119.32952606316329,12.892991081648638,49.58970839163523,2235.988685593779,0.07197874051189077
185263,1000.0,100.0,-1.0,10.0,0.1,0.44702952967085,0.623731413037982,0.26146716506324574,0.6667231723714283,0.09368421073141175,0.30649486398143994,2235.988685593779,1602.2541877750598,3823.572006041799,1498.8728729393924,10673.157280002639,3261.697413619812,3217.2158154115004,28570.401431054743,0.0003064948639814399
185513,10000.0,100.0,4.0,10.0,3.1622776601683795,0.447209453919515,19.932054270790267,755.547774660386,8696.504527442223,9677.22940175138,9996.81576287908,22359.886855937788,500.7044336797062,12.235430419333756,0.14988728729393924,0.033353616500008246,0.0003185251380488097,0.02008493236098655,22359.886855937788,0.999681576287908
185763,100.0,10000.0,-0.5,10.0,10000.0,30.90245662637438,46.88309902546233,36.901003748953876,67.8432854229225,29.52822296410905,65.9752616153528,2.235988685593779,1.1329648013602887,1.7099533844749397,0.4739852201528638,2.3865905212632654,0.5157196432659457,0.7208928253157608,5.603116708004898,0.6597526161535281
186013,10000.0,1000.0,0.0,10.0,nan,4.470295296708501,12.466852293362562,13.059699522719153,66.27463571877519,18.703549827516483,121.1498056575271,2235.988685593779,801.1270938875299,764.7144012083597,149.88728729393924,533.657864000132,81.54243534049529,186.95080120810997,2235.988685593779,0.01211498056575271
186263,10000.0,10000.0,4.0,0.1,1.0,44.52382179902331,1664.7122010975481,8909.842429113536,9985.03370384592,9996.66575044281,9999.968147587651,223.59886855937788,5.007044336797062,0.12235430419333757,0.0014988728729393925,0.0003335361650000825,3.1852513804880973e-06,0.0002008493236098655,223.59886855937788,0.9999968147587651
186513,10000.0,100.0,1.0,10.0,100.0,0.447209453919515,2.495859699810312,6.534116441228023,66.27463571877519,37.337265714062355,467.604176111926,22359.886855937788,4005.6354694376496,1529.4288024167195,149.88728729393924,266.828932000066,20.385608835123822,126.01727434864895,22359.886855937788,0.0467604176111926
186763,10000.0,10000.0,4.0,1.0,1.0,44.52382179902331,1664.7122010975481,8909.842429113536,9985.03370384592,9996.66575044281,9999.968147587651,223.59886855937788,5.007044336797062,0.12235430419333757,0.0014988728729393925,0.0003335361650000825,3.1852513804880973e-06,0.0002008493236098655,223.59886855937788,0.9999968147587651
187013,10000.0,100.0,-1.0,10.0,0.01,0.447209453919515,0.6240817464886116,0.26152870811615014,0.6671234803863143,0.09369211045568958,0.30657943250075737,22359.886855937788,16022.541877750598,38235.72006041799,14988.728729393924,106731.57280002639,32616.974136198114,32172.158154115008,285704.0143105474,3.065794325007574e-05
187027,10000.0,100.0,-1.0,10.0,0.01,0.447209453919515,0.6240817464886116,0.26152870811615014,0.6671234803863143,0.09369211045568958,0.30657943250075737,22359.886855937788,16022.541877750598,38235.72006041799,14988.728729393924,106731.57280002639,32616.974136198114,32172.158154115008,285704.0143105474,3.065794325007574e-05
187277,1000.0,100.0,2.0,1.0,3.1622776601683795,0.44702952967085,4.968159723312913,31.657014183541463,400.18042167295715,428.4224611853572,951.5073579906511,2235.988685593779,200.28177347188247,30.588576048334392,1.4988728729393925,1.33414466000033,0.050964022087809556,0.7688438638558492,2235.988685593779,0.9515073579906511
187527,10000.0,10000.0,-1.0,0.1,1.0,44.52382179902331,62.02495906554402,26.085332385148277,66.27463571877519,9.360528669477315,30.565173779123974,223.59886855937788,160.22541877750598,382.35720060417987,149.88728729393924,1067.315728000264,326.16974136198115,321.72158154115004,2857.040143105474,0.0030565173779123975
187777,10000.0,10000.0,4.0,0.1,1.0,44.52382179902331,1664.7122010975481,8909.842429113536,9985.03370384592,9996.66575044281,9999.968147587651,223.59886855937788,5.007044336797062,0.12235430419333757,0.0014988728729393925,0.0003335361650000825,3.1852513804880973e-06,0.0002008493236098655,223.59886855937788,0.9999968147587651
188027,10000.0,10000.0,4.0,1.0,1.0,44.52382179902331,1664.7122010975481,8909.842429113536,9985.03370384592,9996.66575044281,9999.968147587651,223.59886855937788,5.007044336797062,0.12235430419333757,0.0014988728729393925,0.0003335361650000825,3.1852513804880973e-06,0.0002008493236098655,223.59886855937788,0.9999968147587651
188277,10000.0,100.0,4.0,1.0,3.1622776601683795,0.447209453919515,19.932054270790267,755.547774660386,8696.504527442223,9677.22940175138,9996.81576287908,22359.886855937788,500.7044336797062,12.235430419333756,0.14988728729393924,0.033353616500008246,0.0003185251380488097,0.02008493236098655,22359.886855937788,0.999681576287908
188527,1000.0,100.0,2.0,0.1,3.1622776601683795,0.44702952967085,4.968159723312913,31.657014183541463,400.18042167295715,428.4224611853572,951.5073579906511,2235.988685593779,200.28177347188247,30.588576048334392,1.4988728729393925,1.33414466000033,0.050964022087809556,0.7688438638558492,2235.988685593779,0.9515073579906511
188777,100.0,10000.0,4.0,0.1,0.31622776601683794,30.90245662637438,95.23170624559474,99.87779521861661,99.99850114959293,99.99966646494745,99.99999681474871,2.235988685593779,0.05007044336797062,0.0012235430419333757,1.4988728729393924e-05,3.3353616500008245e-06,3.1852513804880976e-08,2.0084932360986547e-06,2.235988685593779,0.9999999681474872
189027,1000.0,1000.0,-1.0,10.0,1.0,4.452382179902331,6.202495906554401,2.6085332385148283,6.627463571877519,0.9360528669477317,3.0565173779123977,223.59886855937788,160.22541877750598,382.35720060417987,149.88728729393924,1067.315728000264,326.16974136198115,321.72158154115004,2857.040143105474,0.003056517377912398
189277,10000.0,100.0,4.0,10.0,3.1622776601683795,0.447209453919515,19.932054270790267,755.547774660386,8696.504527442223,9677.22940175138,9996.81576287908,22359.886855937788,500.7044336797062,12.235430419333756,0.14988728729393924,0.033353616500008246,0.0003185251380488097,0.02008493236098655,22359.886855937788,0.999681576287908
189527,1000.0,10000.0,4.0,10.0,0.5623413251903491,42.80842652051684,666.3537319923911,987.9124657647429,999.8501351755382,999.9666474959266,999.9996814749633,22.359886855937788,0.5007044336797062,0.012235430419333757,0.00014988728729393923,3.335361650000825e-05,3.1852513804880977e-07,2.0084932360986552e-05,22.359886855937788,0.9999996814749633
189777,10000.0,10000.0,4.0,0.1,1.0,44.52382179902331,1664.7122010975481,8909.842429113536,9985.03370384592,9996.66575044281,9999.968147587651,223.59886855937788,5.007044336797062,0.12235430419333757,0.0014988728729393925,0.0003335361650000825,3.1852513804880973e-06,0.0002008493236098655,223.59886855937788,0.9999968147587651
189790,10000.0,10000.0,4.0,0.1,1.0,44.52382179902331,1664.7122010975481,8909.842429113536,9985.03370384592,9996.66575044281,9999.968147587651,223.59886855937788,5.007044336797062,0.12235430419333757,0.0014988728729393925,0.0003335361650000825,3.1852513804880973e-06,0.0002008493236098655,223.59886855937788,0.9999968147587651
190040,1000.0,10000.0,-1.0,0.1,10.0,42.80842652051684,58.74563312468951,25.486979682292766,62.544059438670985,9.28232990579485,29.746877156418996,22.359886855937788,16.022541877750598,38.23572006041799,14.988728729393925,106.73157280002638,32.61697413619812,32.17215815411501,285.7040143105474,0.029746877156418997
190290,10000.0,100.0,-1.0,10.0,0.01,0.447209453919515,0.6240817464886116,0.26152870811615014,0.6671234803863143,0.09369211045568958,0.30657943250075737,22359.886855937788,16022.541877750598,38235.72006041799,14988.728729393924,106731.57280002639,32616.974136198114,32172.158154115008,285704.0143105474,3.065794325007574e-05
190540,100.0,1000.0,-1.0,10.0,10.0,4.280842652051684,5.874563312468951,2.5486979682292765,6.2544059438670985,0.928232990579485,2.9746877156418994,22.359886855937788,16.022541877750598,38.23572006041799,14.988728729393925,106.73157280002638,32.61697413619812,32.17215815411501,285.7040143105474,0.029746877156418994
190790,10000.0,10000.0,4.0,0.1,1.0,44.52382179902331,1664.7122010975481,8909.842429113536,9985.03370384592,9996.66575044281,9999.968147587651,223.59886855937788,5.007044336797062,0.12235430419333757,0.0014988728729393925,0.0003335361650000825,3.1852513804880973e-06,0.0002008493236098655,223.59886855937788,0.9999968147587651
191040,1000.0,100.0,3.0,10.0,2.154434690031884,0.44702952967085,9.887198266422178,140.49452254592268,869.6504527442223,937.4643473519828,998.7275207143653,2235.988685593779,100.14088673594124,6.117715209666878,0.14988728729393924,0.06670723300001649,0.001274100552195239,0.03651027648467417,2235.988685593779,0.9987275207143652
191290,10000.0,10000.0,4.0,10.0,1.0,44.52382179902331,1664.7122010975481,8909.842429113536,9985.03370384592,9996.66575044281,9999.968147587651,223.59886855937788,5.007044336797062,0.12235430419333757,0.0014988728729393925,0.0003335361650000825,3.1852513804880973e-06,0.0002008493236098655,223.59886855937788,0.9999968147587651
191540,10000.0,10000.0,4.0,0.1,1.0,44.52382179902331,1664.7122010975481,8909.842429113536,9985.03370384592,9996.66575044281,9999.968147587651,223.59886855937788,5.007044336797062,0.12235430419333757,0.0014988728729393925,0.0003335361650000825,3.1852513804880973e-06,0.0002008493236098655,223.59886855937788,0.9999968147587651
191790,10000.0,100.0,-1.0,10.0,0.01,0.447209453919515,0.6240817464886116,0.26152870811615014,0.6671234803863143,0.09369211045568958,0.30657943250075737,22359.886855937788,16022.541877750598,38235.72006041799,14988.728729393924,106731.57280002639,32616.974136198114,32172.158154115008,285704.0143105474,3.065794325007574e-05
192040,10000.0,100.0,-1.0,10.0,0.01,0.447209453919515,0.6240817464886116,0.26152870811615014,0.6671234803863143,0.09369211045568958,0.30657943250075737,22359.886855937788,16022.541877750598,38235.72006041799,14988.728729393924,106731.57280002639,32616.974136198114,32172.158154115008,285704.0143105474,3.065794325007574e-05
192290,10000.0,100.0,3.0,10.0,4.641588833612778,0.447209453919515,9.975969213383378,160.83078209263562,4001.8042167295716,5998.539967368428,9874.192854318308,22359.886855937788,1001.4088673594124,61.17715209666878,1.4988728729393923,0.667072330000165,0.012741005521952389,0.36510276484674176,22359.886855937788,0.9874192854318308
192540,10000.0,10000.0,0.0,10.0,nan,44.52382179902331,123.28524192272377,129.07982586102068,625.4405943867098,183.93921365216514,1092.389552758199,223.59886855937788,80.11270938875299,76.47144012083598,14.988728729393925,53.36578640001319,8.15424353404953,18.695080120811,223.59886855937788,0.1092389552758199
192553,10000.0,10000.0,0.0,10.0,nan,44.52382179902331,123.28524192272377,129.07982586102068,625.4405943867098,183.93921365216514,1092.389552758199,223.59886855937788,80.11270938875299,76.47144012083598,14.988728729393925,53.36578640001319,8.15424353404953,18.695080120811,223.59886855937788,0.1092389552758199
192803,10000.0,10000.0,4.0,10.0,1.0,44.52382179902331,1664.7122010975481,8909.842429113536,9985.03370384592,9996.66575044281,9999.968147587651,223.59886855937788,5.007044336797062,0.12235430419333757,0.0014988728729393925,0.0003335361650000825,3.1852513804880973e-06,0.0002008493236098655,223.59886855937788,0.9999968147587651
193053,100.0,100.0,-1.0,0.1,1.0,0.4452382179902331,0.6202495906554402,0.2608533238514828,0.6627463571877519,0.09360528669477317,0.3056517377912398,223.59886855937788,160.22541877750598,382.35720060417987,149.88728729393924,1067.3157280002638,326.1697413619812,321.72158154115004,2857.0401431054743,0.003056517377912398
193303,100.0,1000.0,4.0,1.0,0.5623413251903491,4.280842652051684,66.6353731992391,98.79124657647431,99.9850135175538,99.99666474959267,99.99996814749635,22.359886855937788,0.5007044336797062,0.012235430419333757,0.00014988728729393923,3.335361650000825e-05,3.1852513804880977e-07,2.008493236098655e-05,22.359886855937788,0.9999996814749634
193553,10000.0,10000.0,4.0,0.1,1.0,44.52382179902331,1664.7122010975481,8909.842429113536,9985.03370384592,9996.66575044281,9999.968147587651,223.59886855937788,5.007044336797062,0.12235430419333757,0.0014988728729393925,0.0003335361650000825,3.1852513804880973e-06,0.0002008493236098655,223.59886855937788,0.9999968147587651
193803,10000.0,10000.0,4.0,10.0,1.0,44.52382179902331,1664.7122010975481,8909.842429113536,9985.03370384592,9996.66575044281,9999.968147587651,223.59886855937788,5.007044336797062,0.12235430419333757,0.0014988728729393925,0.0003335361650000825,3.1852513804880973e-06,0.0002008493236098655,223.59886855937788,0.9999968147587651
194053,100.0,100.0,-1.0,1.0,1.0,0.4452382179902331,0.6202495906554402,0.2608533238514828,0.6627463571877519,0.09360528669477317,0.3056517377912398,223.59886855937788,160.22541877750598,382.35720060417987,149.88728729393924,1067.3157280002638,326.1697413619812,321.72158154115004,2857.0401431054743,0.003056517377912398
194303,1000.0,100.0,1.0,10.0,10.0,0.44702952967085,2.490265880981573,6.495915877565232,62.544059438670985,36.12339190037267,329.10316374640615,2235.988685593779,400.56354694376495,152.94288024167196,14.988728729393925,26.682893200006596,2.0385608835123823,12.601727434864895,2235.988685593779,0.32910316374640614
194553,10000.0,100.0,1.0,10.0,100.0,0.447209453919515,2.495859699810312,6.534116441228023,66.27463571877519,37.337265714062355,467.604176111926,22359.886855937788,4005.6354694376496,1529.4288024167195,149.88728729393924,266.828932000066,20.385608835123822,126.01727434864895,22359.886855937788,0.0467604176111926
194803,10000.0,10000.0,0.5,10.0,1.0,44.52382179902331,173.46583327091722,284.0984337486693,1742.2051385463894,773.2186380329034,4368.14917034417,223.59886855937788,56.64824006801443,34.19906768949879,4.739852201528638,11.932952606316329,1.289299108164864,4.9589708391635225,223.59886855937788,0.436814917034417
195053,10000.0,100.0,4.0,0.1,3.1622776601683795,0.447209453919515,19.932054270790267,755.547774660386,8696.504527442223,9677.22940175138,9996.81576287908,22359.886855937788,500.7044336797062,12.235430419333756,0.14988728729393924,0.033353616500008246,0.0003185251380488097,0.02008493236098655,22359.886855937788,0.999681576287908
195303,1000.0,100.0,-1.0,0.1,0.1,0.44702952967085,0.623731413037982,0.26146716506324574,0.6667231723714283,0.09368421073141175,0.30649486398143994,2235.988685593779,1602.2541877750598,3823.572006041799,1498.8728729393924,10673.157280002639,3261.697413619812,3217.2158154115004,28570.401431054743,0.0003064948639814399
195316,1000.0,100.0,-1.0,0.1,0.1,0.44702952967085,0.623731413037982,0.26146716506324574,0.6667231723714283,0.09368421073141175,0.30649486398143994,2235.988685593779,1602.2541877750598,3823.572006041799,1498.8728729393924,10673.157280002639,3261.697413619812,3217.2158154115004,28570.401431054743,0.0003064948639814399
195566,100.0,100.0,0.0,0.1,nan,0.4452382179902331,1.2328524192272377,1.290798258610207,6.2544059438670985,1.8393921365216512,10.92389552758199,223.59886855937788,80.11270938875299,76.47144012083598,14.988728729393925,53.36578640001319,8.15424353404953,18.695080120811,223.59886855937788,0.10923895527581991
195816,10000.0,10000.0,2.0,0.1,1.0,44.52382179902331,475.55239024732384,2463.7474318122486,8696.504527442223,8822.897801270616,9949.294394074228,223.59886855937788,20.028177347188247,3.058857604833439,0.14988728729393924,0.13341446600003298,0.005096402208780955,0.07688438638558492,223.59886855937788,0.9949294394074228
196066,100.0,100.0,-1.0,0.1,1.0,0.4452382179902331,0.6202495906554402,0.2608533238514828,0.6627463571877519,0.09360528669477317,0.3056517377912398,223.59886855937788,160.22541877750598,382.35720060417987,149.88728729393924,1067.3157280002638,326.1697413619812,321.72158154115004,2857.0401431054743,0.003056517377912398
196316,1000.0,1000.0,0.5,0.1,1.0,4.452382179902331,17.34658332709172,28.409843374866927,174.22051385463894,77.32186380329034,436.814917034417,223.59886855937788,56.64824006801443,34.1990676894988,4.739852201528638,11.932952606316329,1.2892991081648641,4.958970839163522,223.59886855937788,0.436814917034417
196566,1000.0,1000.0,4.0,0.1,1.0,4.452382179902331,166.47122010975485,890.9842429113537,998.5033703845919,999.6665750442809,999.9968147587651,223.59886855937788,5.007044336797062,0.12235430419333757,0.0014988728729393925,0.0003335361650000825,3.1852513804880973e-06,0.00020084932360986548,223.59886855937788,0.9999968147587651
196816,1000.0,100.0,-1.0,10.0,0.1,0.44702952967085,0.623731413037982,0.26146716506324574,0.6667231723714283,0.09368421073141175,0.30649486398143994,2235.988685593779,1602.2541877750598,3823.572006041799,1498.8728729393924,10673.157280002639,3261.697413619812,3217.2158154115004,28570.401431054743,0.0003064948639814399
197066,10000.0,10000.0,4.0,0.1,1.0,44.52382179902331,1664.7122010975481,8909.842429113536,9985.03370384592,9996.66575044281,9999.968147587651,223.59886855937788,5.007044336797062,0.12235430419333757,0.0014988728729393925,0.0003335361650000825,3.1852513804880973e-06,0.0002008493236098655,223.59886855937788,0.9999968147587651
197316,10000.0,10000.0,-0.5,10.0,1.0,44.52382179902331,87.4917581722429,58.14111062697643,206.6178797121441,41.72594321506749,190.2154528196182,223.59886855937788,113.29648013602886,170.99533844749396,47.39852201528638,238.65905212632657,51.57196432659455,72.08928253157609,560.3116708004898,0.01902154528196182
197566,10000.0,1000.0,3.0,10.0,2.154434690031884,4.470295296708501,98.87198266422178,1404.9452254592265,8696.504527442223,9374.643473519827,9987.275207143652,2235.988685593779,100.14088673594124,6.117715209666878,0.14988728729393924,0.06670723300001649,0.0012741005521952388,0.03651027648467418,2235.988685593779,0.9987275207143652
197816,1000.0,100.0,-1.0,0.1,0.1,0.44702952967085,0.623731413037982,0.26146716506324574,0.6667231723714283,0.09368421073141175,0.30649486398143994,2235.988685593779,1602.2541877750598,3823.572006041799,1498.8728729393924,10673.157280002639,3261.697413619812,3217.2158154115004,28570.401431054743,0.0003064948639814399
198066,10000.0,10000.0,4.0,0.1,1.0,44.52382179902331,1664.7122010975481,8909.842429113536,9985.03370384592,9996.66575044281,9999.968147587651,223.59886855937788,5.007044336797062,0.12235430419333757,0.0014988728729393925,0.0003335361650000825,3.1852513804880973e-06,0.0002008493236098655,223.59886855937788,0.9999968147587651
198079,10000.0,10000.0,4.0,0.1,1.0,44.52382179902331,1664.7122010975481,8909.842429113536,9985.03370384592,9996.66575044281,9999.968147587651,223.59886855937788,5.007044336797062,0.12235430419333757,0.0014988728729393925,0.0003335361650000825,3.1852513804880973e-06,0.0002008493236098655,223.59886855937788,0.9999968147587651
198329,10000.0,1000.0,0.0,1.0,nan,4.470295296708501,12.466852293362562,13.059699522719153,66.27463571877519,18.703549827516483,121.1498056575271,2235.988685593779,801.1270938875299,764.7144012083597,149.88728729393924,533.657864000132,81.54243534049529,186.95080120810997,2235.988685593779,0.01211498056575271
198579,1000.0,10000.0,-1.0,10.0,10.0,42.80842652051684,58.74563312468951,25.486979682292766,62.544059438670985,9.28232990579485,29.746877156418996,22.359886855937788,16.022541877750598,38.23572006041799,14.988728729393925,106.73157280002638,32.61697413619812,32.17215815411501,285.7040143105474,0.029746877156418997
198829,100.0,100.0,0.5,0.1,1.0,0.4452382179902331,1.734658332709172,2.840984337486693,17.422051385463895,7.7321863803290345,43.6814917034417,223.59886855937788,56.64824006801443,34.1990676894988,4.739852201528638,11.932952606316329,1.2892991081648641,4.958970839163522,223.59886855937788,0.436814917034417
199079,10000.0,100.0,1.0,0.1,100.0,0.447209453919515,2.495859699810312,6.534116441228023,66.27463571877519,37.337265714062355,467.604176111926,22359.886855937788,4005.6354694376496,1529.4288024167195,149.88728729393924,266.828932000066,20.385608835123822,126.01727434864895,22359.886855937788,0.0467604176111926
199329,10000.0,100.0,-1.0,0.1,0.01,0.447209453919515,0.6240817464886116,0.26152870811615014,0.6671234803863143,0.09369211045568958,0.30657943250075737,22359.886855937788,16022.541877750598,38235.72006041799,14988.728729393924,106731.57280002639,32616.974136198114,32172.158154115008,285704.0143105474,3.065794325007574e-05
199579,10000.0,10000.0,4.0,1.0,1.0,44.52382179902331,1664.7122010975481,8909.842429113536,9985.03370384592,9996.66575044281,9999.968147587651,223.59886855937788,5.007044336797062,0.12235430419333757,0.0014988728729393925,0.0003335361650000825,3.1852513804880973e-06,0.0002008493236098655,223.59886855937788,0.9999968147587651
199829,10000.0,100.0,1.0,0.1,100.0,0.447209453919515,2.495859699810312,6.534116441228023,66.27463571877519,37.337265714062355,467.604176111926,22359.886855937788,4005.6354694376496,1529.4288024167195,149.88728729393924,266.828932000066,20.385608835123822,126.01727434864895,22359.886855937788,0.0467604176111926
200079,10000.0,100.0,-1.0,10.0,0.01,0.447209453919515,0.6240817464886116,0.26152870811615014,0.6671234803863143,0.09369211045568958,0.30657943250075737,22359.886855937788,16022.541877750598,38235.72006041799,14988.728729393924,106731.57280002639,32616.974136198114,32172.158154115008,285704.0143105474,3.065794325007574e-05
200329,10000.0,100.0,2.0,1.0,10.0,0.447209453919515,4.990473847364765,32.585415446614526,625.4405943867098,697.2797290893724,6624.094841738789,22359.886855937788,2002.8177347188248,305.8857604833439,14.988728729393925,13.341446600003298,0.5096402208780956,7.688438638558493,22359.886855937788,0.6624094841738789
200579,10000.0,10000.0,4.0,0.1,1.0,44.52382179902331,1664.7122010975481,8909.842429113536,9985.03370384592,9996.66575044281,9999.968147587651,223.59886855937788,5.007044336797062,0.12235430419333757,0.0014988728729393925,0.0003335361650000825,3.1852513804880973e-06,0.0002008493236098655,223.59886855937788,0.9999968147587651
200829,10000.0,10000.0,4.0,0.1,1.0,44.52382179902331,1664.7122010975481,8909.842429113536,9985.03370384592,9996.66575044281,9999.968147587651,223.59886855937788,5.007044336797062,0.12235430419333757,0.0014988728729393925,0.0003335361650000825,3.1852513804880973e-06,0.0002008493236098655,223.59886855937788,0.9999968147587651
200842,10000.0,10000.0,4.0,0.1,1.0,44.52382179902331,1664.7122010975481,8909.842429113536,9985.03370384592,9996.66575044281,9999.968147587651,223.59886855937788,5.007044336797062,0.12235430419333757,0.0014988728729393925,0.0003335361650000825,3.1852513804880973e-06,0.0002008493236098655,223.59886855937788,0.9999968147587651
201092,10000.0,10000.0,4.0,10.0,1.0,44.52382179902331,1664.7122010975481,8909.842429113536,9985.03370384592,9996.66575044281,9999.968147587651,223.59886855937788,5.007044336797062,0.12235430419333757,0.0014988728729393925,0.0003335361650000825,3.1852513804880973e-06,0.0002008493236098655,223.59886855937788,0.9999968147587651
201342,10000.0,100.0,0.5,10.0,10000.0,0.447209453919515,1.764968341409064,2.923201558945061,21.053286661807526,8.373138812182216,76.96457218479928,22359.886855937788,5664.824006801443,3419.9067689498793,473.9852201528638,1193.295260631633,128.9299108164864,495.89708391635224,22359.886855937788,0.007696457218479928
201592,10000.0,10000.0,0.0,0.1,nan,44.52382179902331,123.28524192272377,129.07982586102068,625.4405943867098,183.93921365216514,1092.389552758199,223.59886855937788,80.11270938875299,76.47144012083598,14.988728729393925,53.36578640001319,8.15424353404953,18.695080120811,223.59886855937788,0.1092389552758199
201842,10000.0,10000.0,4.0,0.1,1.0,44.52382179902331,1664.7122010975481,8909.842429113536,9985.03370384592,9996.66575044281,9999.968147587651,223.59886855937788,5.007044336797062,0.12235430419333757,0.0014988728729393925,0.0003335361650000825,3.1852513804880973e-06,0.0002008493236098655,223.59886855937788,0.9999968147587651
202092,10000.0,10000.0,4.0,0.1,1.0,44.52382179902331,1664.7122010975481,8909.842429113536,9985.03370384592,9996.66575044281,9999.968147587651,223.59886855937788,5.007044336797062,0.12235430419333757,0.0014988728729393925,0.0003335361650000825,3.1852513804880973e-06,0.0002008493236098655,223.59886855937788,0.9999968147587651
202342,10000.0,100.0,3.0,10.0,4.641588833612778,0.447209453919515,9.975969213383378,160.83078209263562,4001.8042167295716,5998.539967368428,9874.192854318308,22359.886855937788,1001.4088673594124,61.17715209666878,1.4988728729393923,0.667072330000165,0.012741005521952389,0.36510276484674176,22359.886855937788,0.9874192854318308
202592,100.0,100.0,-1.0,10.0,1.0,0.4452382179902331,0.6202495906554402,0.2608533238514828,0.6627463571877519,0.09360528669477317,0.3056517377912398,223.59886855937788,160.22541877750598,382.35720060417987,149.88728729393924,1067.3157280002638,326.1697413619812,321.72158154115004,2857.0401431054743,0.003056517377912398
202842,1000.0,100.0,0.5,10.0,100.0,0.44702952967085,1.7621691858663293,2.9155311422828145,20.66178797121441,8.31051224680367,71.97874051189076,2235.988685593779,566.4824006801443,341.990676894988,47.39852201528638,119.32952606316329,12.89299108164864,49.58970839163522,2235.988685593779,0.07197874051189077
203092,1000.0,100.0,-1.0,0.1,0.1,0.44702952967085,0.623731413037982,0.26146716506324574,0.6667231723714283,0.09368421073141175,0.30649486398143994,2235.988685593779,1602.2541877750598,3823.572006041799,1498.8728729393924,10673.157280002639,3261.697413619812,3217.2158154115004,28570.401431054743,0.0003064948639814399
203342,10000.0,10000.0,4.0,10.0,1.0,44.52382179902331,1664.7122010975481,8909.842429113536,9985.03370384592,9996.66575044281,9999.968147587651,223.59886855937788,5.007044336797062,0.12235430419333757,0.0014988728729393925,0.0003335361650000825,3.1852513804880973e-06,0.0002008493236098655,223.59886855937788,0.9999968147587651
203592,10000.0,100.0,2.0,10.0,10.0,0.447209453919515,4.990473847364765,32.585415446614526,625.4405943867098,697.2797290893724,6624.094841738789,22359.886855937788,2002.8177347188248,305.8857604833439,14.988728729393925,13.341446600003298,0.5096402208780956,7.688438638558493,22359.886855937788,0.6624094841738789
203606,10000.0,100.0,2.0,10.0,10.0,0.447209453919515,4.990473847364765,32.585415446614526,625.4405943867098,697.2797290893724,6624.094841738789,22359.886855937788,2002.8177347188248,305.8857604833439,14.988728729393925,13.341446600003298,0.5096402208780956,7.688438638558493,22359.886855937788,0.6624094841738789
203856,10000.0,100.0,3.0,0.1,4.641588833612778,0.447209453919515,9.975969213383378,160.83078209263562,4001.8042167295716,5998.539967368428,9874.192854318308,22359.886855937788,1001.4088673594124,61.17715209666878,1.4988728729393923,0.667072330000165,0.012741005521952389,0.36510276484674176,22359.886855937788,0.9874192854318308
204106,10000.0,100.0,4.0,1.0,3.1622776601683795,0.447209453919515,19.932054270790267,755.547774660386,8696.504527442223,9677.22940175138,9996.81576287908,22359.886855937788,500.7044336797062,12.235430419333756,0.14988728729393924,0.033353616500008246,0.0003185251380488097,0.02008493236098655,22359.886855937788,0.999681576287908
204356,10000.0,1000.0,0.0,10.0,nan,4.470295296708501,12.466852293362562,13.059699522719153,66.27463571877519,18.703549827516483,121.1498056575271,2235.988685593779,801.1270938875299,764.7144012083597,149.88728729393924,533.657864000132,81.54243534049529,186.95080120810997,2235.988685593779,0.01211498056575271
204606,1000.0,10000.0,3.0,0.1,0.4641588833612779,42.80842652051684,499.6480310988951,942.3497273986768,998.5033703845919,999.3333723588536,999.9872591568093,22.359886855937788,1.0014088673594124,0.06117715209666878,0.0014988728729393925,0.000667072330000165,1.2741005521952389e-05,0.00036510276484674173,22.359886855937788,0.9999872591568093
204856,10000.0,10000.0,4.0,0.1,1.0,44.52382179902331,1664.7122010975481,8909.842429113536,9985.03370384592,9996.66575044281,9999.968147587651,223.59886855937788,5.007044336797062,0.12235430419333757,0.0014988728729393925,0.0003335361650000825,3.1852513804880973e-06,0.0002008493236098655,223.59886855937788,0.9999968147587651
205106,1000.0,100.0,3.0,0.1,2.154434690031884,0.44702952967085,9.887198266422178,140.49452254592268,869.6504527442223,937.4643473519828,998.7275207143653,2235.988685593779,100.14088673594124,6.117715209666878,0.14988728729393924,0.06670723300001649,0.001274100552195239,0.03651027648467417,2235.988685593779,0.9987275207143652
205356,10000.0,10000.0,-0.5,0.1,1.0,44.52382179902331,87.4917581722429,58.14111062697643,206.6178797121441,41.72594321506749,190.2154528196182,223.59886855937788,113.29648013602886,170.99533844749396,47.39852201528638,238.65905212632657,51.57196432659455,72.08928253157609,560.3116708004898,0.01902154528196182
205606,10000.0,100.0,-1.0,0.1,0.01,0.447209453919515,0.6240817464886116,0.26152870811615014,0.6671234803863143,0.09369211045568958,0.30657943250075737,22359.886855937788,16022.541877750598,38235.72006041799,14988.728729393924,106731.57280002639,32616.974136198114,32172.158154115008,285704.0143105474,3.065794325007574e-05
205856,100.0,10000.0,4.0,0.1,0.31622776601683794,30.90245662637438,95.23170624559474,99.87779521861661,99.99850114959293,99.99966646494745,99.99999681474871,2.235988685593779,0.05007044336797062,0.0012235430419333757,1.4988728729393924e-05,3.3353616500008245e-06,3.1852513804880976e-08,2.0084932360986547e-06,2.235988685593779,0.9999999681474872
206106,10000.0,10000.0,4.0,10.0,1.0,44.52382179902331,1664.7122010975481,8909.842429113536,9985.03370384592,9996.66575044281,9999.968147587651,223.59886855937788,5.007044336797062,0.12235430419333757,0.0014988728729393925,0.0003335361650000825,3.1852513804880973e-06,0.0002008493236098655,223.59886855937788,0.9999968147587651
206356,10000.0,100.0,3.0,10.0,4.641588833612778,0.447209453919515,9.975969213383378,160.83078209263562,4001.8042167295716,5998.539967368428,9874.192854318308,22359.886855937788,1001.4088673594124,61.17715209666878,1.4988728729393923,0.667072330000165,0.012741005521952389,0.36510276484674176,22359.886855937788,0.9874192854318308
206369,10000.0,10000.0,4.0,0.1,1.0,44.52382179902331,1664.7122010975481,8909.842429113536,9985.03370384592,9996.66575044281,9999.968147587651,223.59886855937788,5.007044336797062,0.12235430419333757,0.0014988728729393925,0.0003335361650000825,3.1852513804880973e-06,0.0002008493236098655,223.59886855937788,0.9999968147587651
206619,1000.0,10000.0,-1.0,10.0,10.0,42.80842652051684,58.74563312468951,25.486979682292766,62.544059438670985,9.28232990579485,29.746877156418996,22.359886855937788,16.022541877750598,38.23572006041799,14.988728729393925,106.73157280002638,32.61697413619812,32.17215815411501,285.7040143105474,0.029746877156418997
206869,10000.0,1000.0,4.0,10.0,1.7782794100389228,4.470295296708501,195.80797307649001,4497.326928875178,9852.326155895766,9966.757260059929,9999.681485007453,2235.988685593779,50.07044336797062,1.2235430419333757,0.014988728729393924,0.0033353616500008247,3.185251380488097e-05,0.002008493236098655,2235.988685593779,0.9999681485007453
207119,10000.0,100.0,-1.0,10.0,0.01,0.447209453919515,0.6240817464886116,0.26152870811615014,0.6671234803863143,0.09369211045568958,0.30657943250075737,22359.886855937788,16022.541877750598,38235.72006041799,14988.728729393924,106731.57280002639,32616.974136198114,32172.158154115008,285704.0143105474,3.065794325007574e-05
207369,1000.0,100.0,4.0,0.1,1.7782794100389228,0.44702952967085,19.580797307649004,449.7326928875178,985.2326155895765,996.6757260059928,999.9681485007453,2235.988685593779,50.07044336797062,1.2235430419333757,0.014988728729393924,0.0033353616500008247,3.185251380488097e-05,0.002008493236098655,2235.988685593779,0.9999681485007453
207619,10000.0,1000.0,4.0,10.0,1.7782794100389228,4.470295296708501,195.80797307649001,4497.326928875178,9852.326155895766,9966.757260059929,9999.681485007453,2235.988685593779,50.07044336797062,1.2235430419333757,0.014988728729393924,0.0033353616500008247,3.185251380488097e-05,0.002008493236098655,2235.988685593779,0.9999681485007453
207869,10000.0,10000.0,4.0,10.0,1.0,44.52382179902331,1664.7122010975481,8909.842429113536,9985.03370384592,9996.66575044281,9999.968147587651,223.59886855937788,5.007044336797062,0.12235430419333757,0.0014988728729393925,0.0003335361650000825,3.1852513804880973e-06,0.0002008493236098655,223.59886855937788,0.9999968147587651
208119,100.0,100.0,2.0,0.1,1.0,0.4452382179902331,4.755523902473238,24.637474318122486,86.96504527442224,88.22897801270616,99.49294394074228,223.59886855937788,20.028177347188247,3.058857604833439,0.14988728729393924,0.13341446600003298,0.005096402208780956,0.07688438638558492,223.59886855937788,0.9949294394074228
208369,10000.0,100.0,1.0,0.1,100.0,0.447209453919515,2.495859699810312,6.534116441228023,66.27463571877519,37.337265714062355,467.604176111926,22359.886855937788,4005.6354694376496,1529.4288024167195,149.88728729393924,266.828932000066,20.385608835123822,126.01727434864895,22359.886855937788,0.0467604176111926
208619,10000.0,10000.0,-0.5,10.0,1.0,44.52382179902331,87.4917581722429,58.14111062697643,206.6178797121441,41.72594321506749,190.2154528196182,223.59886855937788,113.29648013602886,170.99533844749396,47.39852201528638,238.65905212632657,51.57196432659455,72.08928253157609,560.3116708004898,0.01902154528196182
208869,10000.0,100.0,4.0,0.1,3.1622776601683795,0.447209453919515,19.932054270790267,755.547774660386,8696.504527442223,9677.22940175138,9996.81576287908,22359.886855937788,500.7044336797062,12.235430419333756,0.14988728729393924,0.033353616500008246,0.0003185251380488097,0.02008493236098655,22359.886855937788,0.999681576287908
209119,10000.0,10000.0,4.0,0.1,1.0,44.52382179902331,1664.7122010975481,8909.842429113536,9985.03370384592,9996.66575044281,9999.968147587651,223.59886855937788,5.007044336797062,0.12235430419333757,0.0014988728729393925,0.0003335361650000825,3.1852513804880973e-06,0.0002008493236098655,223.59886855937788,0.9999968147587651
209132,10000.0,10000.0,4.0,0.1,1.0,44.52382179902331,1664.7122010975481,8909.842429113536,9985.03370384592,9996.66575044281,9999.968147587651,223.59886855937788,5.007044336797062,0.12235430419333757,0.0014988728729393925,0.0003335361650000825,3.1852513804880973e-06,0.0002008493236098655,223.59886855937788,0.9999968147587651
209382,10000.0,100.0,-1.0,10.0,0.01,0.447209453919515,0.6240817464886116,0.26152870811615014,0.6671234803863143,0.09369211045568958,0.30657943250075737,22359.886855937788,16022.541877750598,38235.72006041799,14988.728729393924,106731.57280002639,32616.974136198114,32172.158154115008,285704.0143105474,3.065794325007574e-05
209632,10000.0,100.0,4.0,1.0,3.1622776601683795,0.447209453919515,19.932054270790267,755.547774660386,8696.504527442223,9677.22940175138,9996.81576287908,22359.886855937788,500.7044336797062,12.235430419333756,0.14988728729393924,0.033353616500008246,0.0003185251380488097,0.02008493236098655,22359.886855937788,0.999681576287908
209882,10000.0,100.0,2.0,10.0,10.0,0.447209453919515,4.990473847364765,32.585415446614526,625.4405943867098,697.2797290893724,6624.094841738789,22359.886855937788,2002.8177347188248,305.8857604833439,14.988728729393925,13.341446600003298,0.5096402208780956,7.688438638558493,22359.886855937788,0.6624094841738789
210132,10000.0,10000.0,-0.5,10.0,1.0,44.52382179902331,87.4917581722429,58.14111062697643,206.6178797121441,41.72594321506749,190.2154528196182,223.59886855937788,113.29648013602886,170.99533844749396,47.39852201528638,238.65905212632657,51.57196432659455,72.08928253157609,560.3116708004898,0.01902154528196182
210382,10000.0,1000.0,2.0,1.0,3.1622776601683795,4.470295296708501,49.681597233129125,316.57014183541463,4001.8042167295716,4284.224611853571,9515.073579906511,2235.988685593779,200.28177347188247,30.58857604833439,1.4988728729393923,1.33414466000033,0.050964022087809556,0.7688438638558492,2235.988685593779,0.9515073579906511
210632,10000.0,100.0,-1.0,1.0,0.01,0.447209453919515,0.6240817464886116,0.26152870811615014,0.6671234803863143,0.09369211045568958,0.30657943250075737,22359.886855937788,16022.541877750598,38235.72006041799,14988.728729393924,106731.57280002639,32616.974136198114,32172.158154115008,285704.0143105474,3.065794325007574e-05
210882,10000.0,1000.0,3.0,0.1,2.154434690031884,4.470295296708501,98.87198266422178,1404.9452254592265,8696.504527442223,9374.643473519827,9987.275207143652,2235.988685593779,100.14088673594124,6.117715209666878,0.14988728729393924,0.06670723300001649,0.0012741005521952388,0.03651027648467418,2235.988685593779,0.9987275207143652
211132,10000.0,100.0,-1.0,0.1,0.01,0.447209453919515,0.6240817464886116,0.26152870811615014,0.6671234803863143,0.09369211045568958,0.30657943250075737,22359.886855937788,16022.541877750598,38235.72006041799,14988.728729393924,106731.57280002639,32616.974136198114,32172.158154115008,285704.0143105474,3.065794325007574e-05
211382,10000.0,10000.0,-1.0,0.1,1.0,44.52382179902331,62.02495906554402,26.085332385148277,66.27463571877519,9.360528669477315,30.565173779123974,223.59886855937788,160.22541877750598,382.35720060417987,149.88728729393924,1067.315728000264,326.16974136198115,321.72158154115004,2857.040143105474,0.0030565173779123975
211632,100.0,10000.0,-0.5,10.0,10000.0,30.90245662637438,46.88309902546233,36.901003748953876,67.8432854229225,29.52822296410905,65.9752616153528,2.235988685593779,1.1329648013602887,1.7099533844749397,0.4739852201528638,2.3865905212632654,0.5157196432659457,0.7208928253157608,5.603116708004898,0.6597526161535281
211882,10000.0,10000.0,4.0,10.0,1.0,44.52382179902331,1664.7122010975481,8909.842429113536,9985.03370384592,9996.66575044281,9999.968147587651,223.59886855937788,5.007044336797062,0.12235430419333757,0.0014988728729393925,0.0003335361650000825,3.1852513804880973e-06,0.0002008493236098655,223.59886855937788,0.9999968147587651
211895,10000.0,10000.0,4.0,10.0,1.0,44.52382179902331,1664.7122010975481,8909.842429113536,9985.03370384592,9996.66575044281,9999.968147587651,223.59886855937788,5.007044336797062,0.12235430419333757,0.0014988728729393925,0.0003335361650000825,3.1852513804880973e-06,0.0002008493236098655,223.59886855937788,0.9999968147587651
212145,10000.0,1000.0,4.0,10.0,1.7782794100389228,4.470295296708501,195.80797307649001,4497.326928875178,9852.326155895766,9966.757260059929,9999.681485007453,2235.988685593779,50.07044336797062,1.2235430419333757,0.014988728729393924,0.0033353616500008247,3.185251380488097e-05,0.002008493236098655,2235.988685593779,0.9999681485007453
212395,100.0,100.0,1.0,1.0,1.0,0.4452382179902331,2.4356765412906234,6.137119943607417,40.01804216729572,27.260663289225512,83.066407162468,223.59886855937788,40.056354694376495,15.294288024167196,1.4988728729393925,2.66828932000066,0.20385608835123825,1.2601727434864896,223.59886855937788,0.8306640716246799
212645,10000.0,10000.0,4.0,10.0,1.0,44.52382179902331,1664.7122010975481,8909.842429113536,9985.03370384592,9996.66575044281,9999.968147587651,223.59886855937788,5.007044336797062,0.12235430419333757,0.0014988728729393925,0.0003335361650000825,3.1852513804880973e-06,0.0002008493236098655,223.59886855937788,0.9999968147587651
212895,10000.0,100.0,4.0,10.0,3.1622776601683795,0.447209453919515,19.932054270790267,755.547774660386,8696.504527442223,9677.22940175138,9996.81576287908,22359.886855937788,500.7044336797062,12.235430419333756,0.14988728729393924,0.033353616500008246,0.0003185251380488097,0.02008493236098655,22359.886855937788,0.999681576287908
213145,10000.0,100.0,0.5,10.0,10000.0,0.447209453919515,1.764968341409064,2.923201558945061,21.053286661807526,8.373138812182216,76.96457218479928,22359.886855937788,5664.824006801443,3419.9067689498793,473.9852201528638,1193.295260631633,128.9299108164864,495.89708391635224,22359.886855937788,0.007696457218479928
213395,10000.0,100.0,3.0,0.1,4.641588833612778,0.447209453919515,9.975969213383378,160.83078209263562,4001.8042167295716,5998.539967368428,9874.192854318308,22359.886855937788,1001.4088673594124,61.17715209666878,1.4988728729393923,0.667072330000165,0.012741005521952389,0.36510276484674176,22359.886855937788,0.9874192854318308
213645,100.0,10000.0,-0.5,0.1,10000.0,30.90245662637438,46.88309902546233,36.901003748953876,67.8432854229225,29.52822296410905,65.9752616153528,2.235988685593779,1.1329648013602887,1.7099533844749397,0.4739852201528638,2.3865905212632654,0.5157196432659457,0.7208928253157608,5.603116708004898,0.6597526161535281
213895,10000.0,1000.0,4.0,1.0,1.7782794100389228,4.470295296708501,195.80797307649001,4497.326928875178,9852.326155895766,9966.757260059929,9999.681485007453,2235.988685593779,50.07044336797062,1.2235430419333757,0.014988728729393924,0.0033353616500008247,3.185251380488097e-05,0.002008493236098655,2235.988685593779,0.9999681485007453
214145,100.0,10000.0,4.0,10.0,0.31622776601683794,30.90245662637438,95.23170624559474,99.87779521861661,99.99850114959293,99.99966646494745,99.99999681474871,2.235988685593779,0.05007044336797062,0.0012235430419333757,1.4988728729393924e-05,3.3353616500008245e-06,3.1852513804880976e-08,2.0084932360986547e-06,2.235988685593779,0.9999999681474872
214395,1000.0,10000.0,4.0,0.1,0.5623413251903491,42.80842652051684,666.3537319923911,987.9124657647429,999.8501351755382,999.9666474959266,999.9996814749633,22.359886855937788,0.5007044336797062,0.012235430419333757,0.00014988728729393923,3.335361650000825e-05,3.1852513804880977e-07,2.0084932360986552e-05,22.359886855937788,0.9999996814749633
214645,10000.0,100.0,-1.0,0.1,0.01,0.447209453919515,0.6240817464886116,0.26152870811615014,0.6671234803863143,0.09369211045568958,0.30657943250075737,22359.886855937788,16022.541877750598,38235.72006041799,14988.728729393924,106731.57280002639,32616.974136198114,32172.158154115008,285704.0143105474,3.065794325007574e-05
214658,10000.0,100.0,-1.0,0.1,0.01,0.447209453919515,0.6240817464886116,0.26152870811615014,0.6671234803863143,0.09369211045568958,0.30657943250075737,22359.886855937788,16022.541877750598,38235.72006041799,14988.728729393924,106731.57280002639,32616.974136198114,32172.158154115008,285704.0143105474,3.065794325007574e-05
214908,10000.0,100.0,4.0,10.0,3.1622776601683795,0.447209453919515,19.932054270790267,755.547774660386,8696.504527442223,9677.22940175138,9996.81576287908,22359.886855937788,500.7044336797062,12.235430419333756,0.14988728729393924,0.033353616500008246,0.0003185251380488097,0.02008493236098655,22359.886855937788,0.999681576287908
215158,10000.0,1000.0,4.0,0.1,1.7782794100389228,4.470295296708501,195.80797307649001,4497.326928875178,9852.326155895766,9966.757260059929,9999.681485007453,2235.988685593779,50.07044336797062,1.2235430419333757,0.014988728729393924,0.0033353616500008247,3.185251380488097e-05,0.002008493236098655,2235.988685593779,0.9999681485007453
215408,10000.0,100.0,-1.0,10.0,0.01,0.447209453919515,0.6240817464886116,0.26152870811615014,0.6671234803863143,0.09369211045568958,0.30657943250075737,22359.886855937788,16022.541877750598,38235.72006041799,14988.728729393924,106731.57280002639,32616.974136198114,32172.158154115008,285704.0143105474,3.065794325007574e-05
215658,100.0,1000.0,-1.0,0.1,10.0,4.280842652051684,5.874563312468951,2.5486979682292765,6.2544059438670985,0.928232990579485,2.9746877156418994,22.359886855937788,16.022541877750598,38.23572006041799,14.988728729393925,106.73157280002638,32.61697413619812,32.17215815411501,285.7040143105474,0.029746877156418994
215908,10000.0,1000.0,4.0,10.0,1.7782794100389228,4.470295296708501,195.80797307649001,4497.326928875178,9852.326155895766,9966.757260059929,9999.681485007453,2235.988685593779,50.07044336797062,1.2235430419333757,0.014988728729393924,0.0033353616500008247,3.185251380488097e-05,0.002008493236098655,2235.988685593779,0.9999681485007453
216158,100.0,1000.0,4.0,10.0,0.5623413251903491,4.280842652051684,66.6353731992391,98.79124657647431,99.9850135175538,99.99666474959267,99.99996814749635,22.359886855937788,0.5007044336797062,0.012235430419333757,0.00014988728729393923,3.335361650000825e-05,3.1852513804880977e-07,2.008493236098655e-05,22.359886855937788,0.9999996814749634
216408,10000.0,100.0,-1.0,0.1,0.01,0.447209453919515,0.6240817464886116,0.26152870811615014,0.6671234803863143,0.09369211045568958,0.30657943250075737,22359.886855937788,16022.541877750598,38235.72006041799,14988.728729393924,106731.57280002639,32616.974136198114,32172.158154115008,285704.0143105474,3.065794325007574e-05
216658,10000.0,10000.0,4.0,10.0,1.0,44.52382179902331,1664.7122010975481,8909.842429113536,9985.03370384592,9996.66575044281,9999.968147587651,223.59886855937788,5.007044336797062,0.12235430419333757,0.0014988728729393925,0.0003335361650000825,3.1852513804880973e-06,0.0002008493236098655,223.59886855937788,0.9999968147587651
216908,1000.0,100.0,1.0,1.0,10.0,0.44702952967085,2.490265880981573,6.495915877565232,62.544059438670985,36.12339190037267,329.10316374640615,2235.988685593779,400.56354694376495,152.94288024167196,14.988728729393925,26.682893200006596,2.0385608835123823,12.601727434864895,2235.988685593779,0.32910316374640614
217158,1000.0,1000.0,1.0,10.0,1.0,4.452382179902331,24.356765412906235,61.37119943607417,400.18042167295715,272.6066328922551,830.6640716246799,223.59886855937788,40.056354694376495,15.294288024167196,1.4988728729393925,2.66828932000066,0.20385608835123822,1.2601727434864896,223.59886855937788,0.8306640716246799
217408,10000.0,10000.0,4.0,10.0,1.0,44.52382179902331,1664.7122010975481,8909.842429113536,9985.03370384592,9996.66575044281,9999.968147587651,223.59886855937788,5.007044336797062,0.12235430419333757,0.0014988728729393925,0.0003335361650000825,3.1852513804880973e-06,0.0002008493236098655,223.59886855937788,0.9999968147587651
217421,10000.0,10000.0,4.0,0.1,1.0,44.52382179902331,1664.7122010975481,8909.842429113536,9985.03370384592,9996.66575044281,9999.968147587651,223.59886855937788,5.007044336797062,0.12235430419333757,0.0014988728729393925,0.0003335361650000825,3.1852513804880973e-06,0.0002008493236098655,223.59886855937788,0.9999968147587651
217671,100.0,1000.0,0.0,0.1,nan,4.280842652051684,11.097213775760808,11.564511919803705,40.01804216729572,15.781387035698364,55.083540006744514,22.359886855937788,8.011270938875299,7.647144012083598,1.4988728729393925,5.33657864000132,0.815424353404953,1.8695080120810996,22.359886855937788,0.5508354000674451
217921,1000.0,100.0,2.0,0.1,3.1622776601683795,0.44702952967085,4.968159723312913,31.657014183541463,400.18042167295715,428.4224611853572,951.5073579906511,2235.988685593779,200.28177347188247,30.588576048334392,1.4988728729393925,1.33414466000033,0.050964022087809556,0.7688438638558492,2235.988685593779,0.9515073579906511
218171,10000.0,100.0,1.0,10.0,100.0,0.447209453919515,2.495859699810312,6.534116441228023,66.27463571877519,37.337265714062355,467.604176111926,22359.886855937788,4005.6354694376496,1529.4288024167195,149.88728729393924,266.828932000066,20.385608835123822,126.01727434864895,22359.886855937788,0.0467604176111926
218421,1000.0,100.0,3.0,10.0,2.154434690031884,0.44702952967085,9.887198266422178,140.49452254592268,869.6504527442223,937.4643473519828,998.7275207143653,2235.988685593779,100.14088673594124,6.117715209666878,0.14988728729393924,0.06670723300001649,0.001274100552195239,0.03651027648467417,2235.988685593779,0.9987275207143652
218671,1000.0,1000.0,1.0,0.1,1.0,4.452382179902331,24.356765412906235,61.37119943607417,400.18042167295715,272.6066328922551,830.6640716246799,223.59886855937788,40.056354694376495,15.294288024167196,1.4988728729393925,2.66828932000066,0.20385608835123822,1.2601727434864896,223.59886855937788,0.8306640716246799
218921,100.0,100.0,1.0,10.0,1.0,0.4452382179902331,2.4356765412906234,6.137119943607417,40.01804216729572,27.260663289225512,83.066407162468,223.59886855937788,40.056354694376495,15.294288024167196,1.4988728729393925,2.66828932000066,0.20385608835123825,1.2601727434864896,223.59886855937788,0.8306640716246799
219171,100.0,100.0,0.5,1.0,1.0,0.4452382179902331,1.734658332709172,2.840984337486693,17.422051385463895,7.7321863803290345,43.6814917034417,223.59886855937788,56.64824006801443,34.1990676894988,4.739852201528638,11.932952606316329,1.2892991081648641,4.958970839163522,223.59886855937788,0.436814917034417
219421,100.0,10000.0,4.0,10.0,0.31622776601683794,30.90245662637438,95.23170624559474,99.87779521861661,99.99850114959293,99.99966646494745,99.99999681474871,2.235988685593779,0.05007044336797062,0.0012235430419333757,1.4988728729393924e-05,3.3353616500008245e-06,3.1852513804880976e-08,2.0084932360986547e-06,2.235988685593779,0.9999999681474872
219671,100.0,100.0,-1.0,0.1,1.0,0.4452382179902331,0.6202495906554402,0.2608533238514828,0.6627463571877519,0.09360528669477317,0.3056517377912398,223.59886855937788,160.22541877750598,382.35720060417987,149.88728729393924,1067.3157280002638,326.1697413619812,321.72158154115004,2857.0401431054743,0.003056517377912398
219921,100.0,100.0,-1.0,10.0,1.0,0.4452382179902331,0.6202495906554402,0.2608533238514828,0.6627463571877519,0.09360528669477317,0.3056517377912398,223.59886855937788,160.22541877750598,382.35720060417987,149.88728729393924,1067.3157280002638,326.1697413619812,321.72158154115004,2857.0401431054743,0.003056517377912398
220171,100.0,100.0,-1.0,1.0,1.0,0.4452382179902331,0.6202495906554402,0.2608533238514828,0.6627463571877519,0.09360528669477317,0.3056517377912398,223.59886855937788,160.22541877750598,382.35720060417987,149.88728729393924,1067.3157280002638,326.1697413619812,321.72158154115004,2857.0401431054743,0.003056517377912398
220185,1000.0,100.0,-1.0,10.0,0.1,0.44702952967085,0.623731413037982,0.26146716506324574,0.6667231723714283,0.09368421073141175,0.30649486398143994,2235.988685593779,1602.2541877750598,3823.572006041799,1498.8728729393924,10673.157280002639,3261.697413619812,3217.2158154115004,28570.401431054743,0.0003064948639814399
220435,100.0,10000.0,0.0,10.0,nan,30.90245662637438,55.52079047579106,56.666393118074296,86.96504527442224,65.20359093597123,92.4605422148948,2.235988685593779,0.8011270938875299,0.7647144012083598,0.14988728729393924,0.5336578640001319,0.0815424353404953,0.18695080120810997,2.235988685593779,0.924605422148948
220685,100.0,100.0,-1.0,10.0,1.0,0.4452382179902331,0.6202495906554402,0.2608533238514828,0.6627463571877519,0.09360528669477317,0.3056517377912398,223.59886855937788,160.22541877750598,382.35720060417987,149.88728729393924,1067.3157280002638,326.1697413619812,321.72158154115004,2857.0401431054743,0.003056517377912398
220935,10000.0,1000.0,1.0,10.0,10.0,4.470295296708501,24.902658809815726,64.95915877565233,625.4405943867098,361.2339190037267,3291.031637464061,2235.988685593779,400.56354694376495,152.94288024167196,14.988728729393925,26.682893200006596,2.0385608835123823,12.601727434864896,2235.988685593779,0.32910316374640614
221185,10000.0,10000.0,4.0,0.1,1.0,44.52382179902331,1664.7122010975481,8909.842429113536,9985.03370384592,9996.66575044281,9999.968147587651,223.59886855937788,5.007044336797062,0.12235430419333757,0.0014988728729393925,0.0003335361650000825,3.1852513804880973e-06,0.0002008493236098655,223.59886855937788,0.9999968147587651
221435,1000.0,100.0,3.0,0.1,2.154434690031884,0.44702952967085,9.887198266422178,140.49452254592268,869.6504527442223,937.4643473519828,998.7275207143653,2235.988685593779,100.14088673594124,6.117715209666878,0.14988728729393924,0.06670723300001649,0.001274100552195239,0.03651027648467417,2235.988685593779,0.9987275207143652
221685,100.0,100.0,-1.0,0.1,1.0,0.4452382179902331,0.6202495906554402,0.2608533238514828,0.6627463571877519,0.09360528669477317,0.3056517377912398,223.59886855937788,160.22541877750598,382.35720060417987,149.88728729393924,1067.3157280002638,326.1697413619812,321.72158154115004,2857.0401431054743,0.003056517377912398
221935,10000.0,100.0,1.0,0.1,100.0,0.447209453919515,2.495859699810312,6.534116441228023,66.27463571877519,37.337265714062355,467.604176111926,22359.886855937788,4005.6354694376496,1529.4288024167195,149.88728729393924,266.828932000066,20.385608835123822,126.01727434864895,22359.886855937788,0.0467604176111926
222185,10000.0,100.0,-1.0,10.0,0.01,0.447209453919515,0.6240817464886116,0.26152870811615014,0.6671234803863143,0.09369211045568958,0.30657943250075737,22359.886855937788,16022.541877750598,38235.72006041799,14988.728729393924,106731.57280002639,32616.974136198114,32172.158154115008,285704.0143105474,3.065794325007574e-05
222435,10000.0,10000.0,4.0,10.0,1.0,44.52382179902331,1664.7122010975481,8909.842429113536,9985.03370384592,9996.66575044281,9999.968147587651,223.59886855937788,5.007044336797062,0.12235430419333757,0.0014988728729393925,0.0003335361650000825,3.1852513804880973e-06,0.0002008493236098655,223.59886855937788,0.9999968147587651
222685,10000.0,10000.0,4.0,0.1,1.0,44.52382179902331,1664.7122010975481,8909.842429113536,9985.03370384592,9996.66575044281,9999.968147587651,223.59886855937788,5.007044336797062,0.12235430419333757,0.0014988728729393925,0.0003335361650000825,3.1852513804880973e-06,0.0002008493236098655,223.59886855937788,0.9999968147587651
222935,10000.0,100.0,0.5,10.0,10000.0,0.447209453919515,1.764968341409064,2.923201558945061,21.053286661807526,8.373138812182216,76.96457218479928,22359.886855937788,5664.824006801443,3419.9067689498793,473.9852201528638,1193.295260631633,128.9299108164864,495.89708391635224,22359.886855937788,0.007696457218479928
222948,1000.0,10000.0,4.0,10.0,0.5623413251903491,42.80842652051684,666.3537319923911,987.9124657647429,999.8501351755382,999.9666474959266,999.9996814749633,22.359886855937788,0.5007044336797062,0.012235430419333757,0.00014988728729393923,3.335361650000825e-05,3.1852513804880977e-07,2.0084932360986552e-05,22.359886855937788,0.9999996814749633
223198,10000.0,10000.0,4.0,0.1,1.0,44.52382179902331,1664.7122010975481,8909.842429113536,9985.03370384592,9996.66575044281,9999.968147587651,223.59886855937788,5.007044336797062,0.12235430419333757,0.0014988728729393925,0.0003335361650000825,3.1852513804880973e-06,0.0002008493236098655,223.59886855937788,0.9999968147587651
223448,1000.0,10000.0,4.0,10.0,0.5623413251903491,42.80842652051684,666.3537319923911,987.9124657647429,999.8501351755382,999.9666474959266,999.9996814749633,22.359886855937788,0.5007044336797062,0.012235430419333757,0.00014988728729393923,3.335361650000825e-05,3.1852513804880977e-07,2.0084932360986552e-05,22.359886855937788,0.9999996814749633
223698,10000.0,10000.0,-1.0,10.0,1.0,44.52382179902331,62.02495906554402,26.085332385148277,66.27463571877519,9.360528669477315,30.565173779123974,223.59886855937788,160.22541877750598,382.35720060417987,149.88728729393924,1067.315728000264,326.16974136198115,321.72158154115004,2857.040143105474,0.0030565173779123975
223948,1000.0,100.0,-1.0,10.0,0.1,0.44702952967085,0.623731413037982,0.26146716506324574,0.6667231723714283,0.09368421073141175,0.30649486398143994,2235.988685593779,1602.2541877750598,3823.572006041799,1498.8728729393924,10673.157280002639,3261.697413619812,3217.2158154115004,28570.401431054743,0.0003064948639814399
224198,10000.0,10000.0,4.0,0.1,1.0,44.52382179902331,1664.7122010975481,8909.842429113536,9985.03370384592,9996.66575044281,9999.968147587651,223.59886855937788,5.007044336797062,0.12235430419333757,0.0014988728729393925,0.0003335361650000825,3.1852513804880973e-06,0.0002008493236098655,223.59886855937788,0.9999968147587651
224448,10000.0,100.0,4.0,10.0,3.1622776601683795,0.447209453919515,19.932054270790267,755.547774660386,8696.504527442223,9677.22940175138,9996.81576287908,22359.886855937788,500.7044336797062,12.235430419333756,0.14988728729393924,0.033353616500008246,0.0003185251380488097,0.02008493236098655,22359.886855937788,0.999681576287908
224698,1000.0,10000.0,4.0,10.0,0.5623413251903491,42.80842652051684,666.3537319923911,987.9124657647429,999.8501351755382,999.9666474959266,999.9996814749633,22.359886855937788,0.5007044336797062,0.012235430419333757,0.00014988728729393923,3.335361650000825e-05,3.1852513804880977e-07,2.0084932360986552e-05,22.359886855937788,0.9999996814749633
224948,1000.0,10000.0,4.0,10.0,0.5623413251903491,42.80842652051684,666.3537319923911,987.9124657647429,999.8501351755382,999.9666474959266,999.9996814749633,22.359886855937788,0.5007044336797062,0.012235430419333757,0.00014988728729393923,3.335361650000825e-05,3.1852513804880977e-07,2.0084932360986552e-05,22.359886855937788,0.9999996814749633
225198,1000.0,1000.0,-1.0,0.1,1.0,4.452382179902331,6.202495906554401,2.6085332385148283,6.627463571877519,0.9360528669477317,3.0565173779123977,223.59886855937788,160.22541877750598,382.35720060417987,149.88728729393924,1067.315728000264,326.16974136198115,321.72158154115004,2857.040143105474,0.003056517377912398
225448,1000.0,100.0,1.0,10.0,10.0,0.44702952967085,2.490265880981573,6.495915877565232,62.544059438670985,36.12339190037267,329.10316374640615,2235.988685593779,400.56354694376495,152.94288024167196,14.988728729393925,26.682893200006596,2.0385608835123823,12.601727434864895,2235.988685593779,0.32910316374640614
225698,10000.0,100.0,2.0,0.1,10.0,0.447209453919515,4.990473847364765,32.585415446614526,625.4405943867098,697.2797290893724,6624.094841738789,22359.886855937788,2002.8177347188248,305.8857604833439,14.988728729393925,13.341446600003298,0.5096402208780956,7.688438638558493,22359.886855937788,0.6624094841738789
225711,10000.0,100.0,2.0,0.1,10.0,0.447209453919515,4.990473847364765,32.585415446614526,625.4405943867098,697.2797290893724,6624.094841738789,22359.886855937788,2002.8177347188248,305.8857604833439,14.988728729393925,13.341446600003298,0.5096402208780956,7.688438638558493,22359.886855937788,0.6624094841738789
225961,10000.0,100.0,-1.0,10.0,0.01,0.447209453919515,0.6240817464886116,0.26152870811615014,0.6671234803863143,0.09369211045568958,0.30657943250075737,22359.886855937788,16022.541877750598,38235.72006041799,14988.728729393924,106731.57280002639,32616.974136198114,32172.158154115008,285704.0143105474,3.065794325007574e-05
226211,1000.0,100.0,-1.0,1.0,0.1,0.44702952967085,0.623731413037982,0.26146716506324574,0.6667231723714283,0.09368421073141175,0.30649486398143994,2235.988685593779,1602.2541877750598,3823.572006041799,1498.8728729393924,10673.157280002639,3261.697413619812,3217.2158154115004,28570.401431054743,0.0003064948639814399
226461,10000.0,100.0,-1.0,10.0,0.01,0.447209453919515,0.6240817464886116,0.26152870811615014,0.6671234803863143,0.09369211045568958,0.30657943250075737,22359.886855937788,16022.541877750598,38235.72006041799,14988.728729393924,106731.57280002639,32616.974136198114,32172.158154115008,285704.0143105474,3.065794325007574e-05
226711,10000.0,10000.0,-1.0,10.0,1.0,44.52382179902331,62.02495906554402,26.085332385148277,66.27463571877519,9.360528669477315,30.565173779123974,223.59886855937788,160.22541877750598,382.35720060417987,149.88728729393924,1067.315728000264,326.16974136198115,321.72158154115004,2857.040143105474,0.0030565173779123975
226961,10000.0,100.0,-1.0,10.0,0.01,0.447209453919515,0.6240817464886116,0.26152870811615014,0.6671234803863143,0.09369211045568958,0.30657943250075737,22359.886855937788,16022.541877750598,38235.72006041799,14988.728729393924,106731.57280002639,32616.974136198114,32172.158154115008,285704.0143105474,3.065794325007574e-05
227211,100.0,100.0,1.0,10.0,1.0,0.4452382179902331,2.4356765412906234,6.137119943607417,40.01804216729572,27.260663289225512,83.066407162468,223.59886855937788,40.056354694376495,15.294288024167196,1.4988728729393925,2.66828932000066,0.20385608835123825,1.2601727434864896,223.59886855937788,0.8306640716246799
227461,1000.0,100.0,-1.0,1.0,0.1,0.44702952967085,0.623731413037982,0.26146716506324574,0.6667231723714283,0.09368421073141175,0.30649486398143994,2235.988685593779,1602.2541877750598,3823.572006041799,1498.8728729393924,10673.157280002639,3261.697413619812,3217.2158154115004,28570.401431054743,0.0003064948639814399
227711,1000.0,100.0,-1.0,0.1,0.1,0.44702952967085,0.623731413037982,0.26146716506324574,0.6667231723714283,0.09368421073141175,0.30649486398143994,2235.988685593779,1602.2541877750598,3823.572006041799,1498.8728729393924,10673.157280002639,3261.697413619812,3217.2158154115004,28570.401431054743,0.0003064948639814399
227961,10000.0,10000.0,-0.5,0.1,1.0,44.52382179902331,87.4917581722429,58.14111062697643,206.6178797121441,41.72594321506749,190.2154528196182,223.59886855937788,113.29648013602886,170.99533844749396,47.39852201528638,238.65905212632657,51.57196432659455,72.08928253157609,560.3116708004898,0.01902154528196182
228211,10000.0,10000.0,0.0,0.1,nan,44.52382179902331,123.28524192272377,129.07982586102068,625.4405943867098,183.93921365216514,1092.389552758199,223.59886855937788,80.11270938875299,76.47144012083598,14.988728729393925,53.36578640001319,8.15424353404953,18.695080120811,223.59886855937788,0.1092389552758199
228461,100.0,10000.0,-1.0,0.1,100.0,30.90245662637438,38.428221374292605,20.731524246915832,40.01804216729572,8.56666260903643,23.46482875119511,2.235988685593779,1.6022541877750598,3.823572006041799,1.4988728729393925,10.67315728000264,3.261697413619812,3.2172158154115005,28.57040143105474,0.2346482875119511
228474,100.0,10000.0,-0.5,0.1,10000.0,30.90245662637438,46.88309902546233,36.901003748953876,67.8432854229225,29.52822296410905,65.9752616153528,2.235988685593779,1.1329648013602887,1.7099533844749397,0.4739852201528638,2.3865905212632654,0.5157196432659457,0.7208928253157608,5.603116708004898,0.6597526161535281
228724,10000.0,1000.0,2.0,10.0,3.1622776601683795,4.470295296708501,49.681597233129125,316.57014183541463,4001.8042167295716,4284.224611853571,9515.073579906511,2235.988685593779,200.28177347188247,30.58857604833439,1.4988728729393923,1.33414466000033,0.050964022087809556,0.7688438638558492,2235.988685593779,0.9515073579906511
228974,10000.0,100.0,2.0,0.1,10.0,0.447209453919515,4.990473847364765,32.585415446614526,625.4405943867098,697.2797290893724,6624.094841738789,22359.886855937788,2002.8177347188248,305.8857604833439,14.988728729393925,13.341446600003298,0.5096402208780956,7.688438638558493,22359.886855937788,0.6624094841738789
229224,10000.0,100.0,2.0,10.0,10.0,0.447209453919515,4.990473847364765,32.585415446614526,625.4405943867098,697.2797290893724,6624.094841738789,22359.886855937788,2002.8177347188248,305.8857604833439,14.988728729393925,13.341446600003298,0.5096402208780956,7.688438638558493,22359.886855937788,0.6624094841738789
229474,1000.0,1000.0,-1.0,1.0,1.0,4.452382179902331,6.202495906554401,2.6085332385148283,6.627463571877519,0.9360528669477317,3.0565173779123977,223.59886855937788,160.22541877750598,382.35720060417987,149.88728729393924,1067.315728000264,326.16974136198115,321.72158154115004,2857.040143105474,0.003056517377912398
229724,10000.0,100.0,-1.0,0.1,0.01,0.447209453919515,0.6240817464886116,0.26152870811615014,0.6671234803863143,0.09369211045568958,0.30657943250075737,22359.886855937788,16022.541877750598,38235.72006041799,14988.728729393924,106731.57280002639,32616.974136198114,32172.158154115008,285704.0143105474,3.065794325007574e-05
229974,100.0,10000.0,4.0,10.0,0.31622776601683794,30.90245662637438,95.23170624559474,99.87779521861661,99.99850114959293,99.99966646494745,99.99999681474871,2.235988685593779,0.05007044336797062,0.0012235430419333757,1.4988728729393924e-05,3.3353616500008245e-06,3.1852513804880976e-08,2.0084932360986547e-06,2.235988685593779,0.9999999681474872
230224,10000.0,100.0,-1.0,1.0,0.01,0.447209453919515,0.6240817464886116,0.26152870811615014,0.6671234803863143,0.09369211045568958,0.30657943250075737,22359.886855937788,16022.541877750598,38235.72006041799,14988.728729393924,106731.57280002639,32616.974136198114,32172.158154115008,285704.0143105474,3.065794325007574e-05
230474,1000.0,10000.0,0.5,10.0,0.010000000000000002,42.80842652051684,150.0414713095952,226.24911616350428,678.432854229225,455.93496596168103,885.7945833650211,22.359886855937788,5.664824006801442,3.4199067689498794,0.4739852201528638,1.193295260631633,0.12892991081648641,0.49589708391635223,22.359886855937788,0.8857945833650211
230724,1000.0,10000.0,4.0,0.1,0.5623413251903491,42.80842652051684,666.3537319923911,987.9124657647429,999.8501351755382,999.9666474959266,999.9996814749633,22.359886855937788,0.5007044336797062,0.012235430419333757,0.00014988728729393923,3.335361650000825e-05,3.1852513804880977e-07,2.0084932360986552e-05,22.359886855937788,0.9999996814749633
230974,10000.0,100.0,3.0,10.0,4.641588833612778,0.447209453919515,9.975969213383378,160.83078209263562,4001.8042167295716,5998.539967368428,9874.192854318308,22359.886855937788,1001.4088673594124,61.17715209666878,1.4988728729393923,0.667072330000165,0.012741005521952389,0.36510276484674176,22359.886855937788,0.9874192854318308
231224,10000.0,10000.0,0.0,10.0,nan,44.52382179902331,123.28524192272377,129.07982586102068,625.4405943867098,183.93921365216514,1092.389552758199,223.59886855937788,80.11270938875299,76.47144012083598,14.988728729393925,53.36578640001319,8.15424353404953,18.695080120811,223.59886855937788,0.1092389552758199
231237,10000.0,10000.0,-0.5,10.0,1.0,44.52382179902331,87.4917581722429,58.14111062697643,206.6178797121441,41.72594321506749,190.2154528196182,223.59886855937788,113.29648013602886,170.99533844749396,47.39852201528638,238.65905212632657,51.57196432659455,72.08928253157609,560.3116708004898,0.01902154528196182
231487,1000.0,1000.0,-1.0,10.0,1.0,4.452382179902331,6.202495906554401,2.6085332385148283,6.627463571877519,0.9360528669477317,3.0565173779123977,223.59886855937788,160.22541877750598,382.35720060417987,149.88728729393924,1067.315728000264,326.16974136198115,321.72158154115004,2857.040143105474,0.003056517377912398
231737,10000.0,1000.0,2.0,10.0,3.1622776601683795,4.470295296708501,49.681597233129125,316.57014183541463,4001.8042167295716,4284.224611853571,9515.073579906511,2235.988685593779,200.28177347188247,30.58857604833439,1.4988728729393923,1.33414466000033,0.050964022087809556,0.7688438638558492,2235.988685593779,0.9515073579906511
231987,100.0,100.0,4.0,0.1,1.0,0.4452382179902331,16.647122010975483,89.09842429113536,99.8503370384592,99.9666575044281,99.99968147587653,223.59886855937788,5.007044336797062,0.12235430419333757,0.0014988728729393925,0.00033353616500008244,3.1852513804880977e-06,0.00020084932360986548,223.59886855937788,0.9999968147587652
232237,10000.0,10000.0,1.0,1.0,1.0,44.52382179902331,243.56765412906233,613.7119943607418,4001.8042167295716,2726.0663289225513,8306.640716246799,223.59886855937788,40.056354694376495,15.294288024167194,1.4988728729393923,2.66828932000066,0.20385608835123822,1.2601727434864896,223.59886855937788,0.8306640716246798
232487,10000.0,100.0,4.0,0.1,3.1622776601683795,0.447209453919515,19.932054270790267,755.547774660386,8696.504527442223,9677.22940175138,9996.81576287908,22359.886855937788,500.7044336797062,12.235430419333756,0.14988728729393924,0.033353616500008246,0.0003185251380488097,0.02008493236098655,22359.886855937788,0.999681576287908
232737,10000.0,10000.0,4.0,10.0,1.0,44.52382179902331,1664.7122010975481,8909.842429113536,9985.03370384592,9996.66575044281,9999.968147587651,223.59886855937788,5.007044336797062,0.12235430419333757,0.0014988728729393925,0.0003335361650000825,3.1852513804880973e-06,0.0002008493236098655,223.59886855937788,0.9999968147587651
232987,100.0,100.0,0.5,10.0,1.0,0.4452382179902331,1.734658332709172,2.840984337486693,17.422051385463895,7.7321863803290345,43.6814917034417,223.59886855937788,56.64824006801443,34.1990676894988,4.739852201528638,11.932952606316329,1.2892991081648641,4.958970839163522,223.59886855937788,0.436814917034417
233237,100.0,1000.0,-0.5,10.0,99.99999999999999,4.280842652051684,8.110531613690299,5.5250041718068665,17.422051385463895,4.021570867615021,16.241157983781807,22.359886855937788,11.329648013602887,17.0995338447494,4.739852201528638,23.865905212632658,5.157196432659457,7.208928253157609,56.03116708004898,0.16241157983781807
233487,10000.0,100.0,-1.0,0.1,0.01,0.447209453919515,0.6240817464886116,0.26152870811615014,0.6671234803863143,0.09369211045568958,0.30657943250075737,22359.886855937788,16022.541877750598,38235.72006041799,14988.728729393924,106731.57280002639,32616.974136198114,32172.158154115008,285704.0143105474,3.065794325007574e-05
233737,10000.0,100.0,-1.0,0.1,0.01,0.447209453919515,0.6240817464886116,0.26152870811615014,0.6671234803863143,0.09369211045568958,0.30657943250075737,22359.886855937788,16022.541877750598,38235.72006041799,14988.728729393924,106731.57280002639,32616.974136198114,32172.158154115008,285704.0143105474,3.065794325007574e-05
233987,10000.0,10000.0,4.0,10.0,1.0,44.52382179902331,1664.7122010975481,8909.842429113536,9985.03370384592,9996.66575044281,9999.968147587651,223.59886855937788,5.007044336797062,0.12235430419333757,0.0014988728729393925,0.0003335361650000825,3.1852513804880973e-06,0.0002008493236098655,223.59886855937788,0.9999968147587651
234000,10000.0,10000.0,4.0,10.0,1.0,44.52382179902331,1664.7122010975481,8909.842429113536,9985.03370384592,9996.66575044281,9999.968147587651,223.59886855937788,5.007044336797062,0.12235430419333757,0.0014988728729393925,0.0003335361650000825,3.1852513804880973e-06,0.0002008493236098655,223.59886855937788,0.9999968147587651
234250,10000.0,100.0,4.0,10.0,3.1622776601683795,0.447209453919515,19.932054270790267,755.547774660386,8696.504527442223,9677.22940175138,9996.81576287908,22359.886855937788,500.7044336797062,12.235430419333756,0.14988728729393924,0.033353616500008246,0.0003185251380488097,0.02008493236098655,22359.886855937788,0.999681576287908
234500,100.0,10000.0,4.0,10.0,0.31622776601683794,30.90245662637438,95.23170624559474,99.87779521861661,99.99850114959293,99.99966646494745,99.99999681474871,2.235988685593779,0.05007044336797062,0.0012235430419333757,1.4988728729393924e-05,3.3353616500008245e-06,3.1852513804880976e-08,2.0084932360986547e-06,2.235988685593779,0.9999999681474872
234750,100.0,100.0,-1.0,1.0,1.0,0.4452382179902331,0.6202495906554402,0.2608533238514828,0.6627463571877519,0.09360528669477317,0.3056517377912398,223.59886855937788,160.22541877750598,382.35720060417987,149.88728729393924,1067.3157280002638,326.1697413619812,321.72158154115004,2857.0401431054743,0.003056517377912398
235000,10000.0,10000.0,3.0,0.1,1.0,44.52382179902331,907.928045283913,6204.353327947082,9852.326155895766,9933.734803788331,9998.726061760346,223.59886855937788,10.014088673594124,0.6117715209666879,0.014988728729393924,0.006670723300001649,0.0001274100552195239,0.003651027648467417,223.59886855937788,0.9998726061760346
235250,1000.0,1000.0,4.0,0.1,1.0,4.452382179902331,166.47122010975485,890.9842429113537,998.5033703845919,999.6665750442809,999.9968147587651,223.59886855937788,5.007044336797062,0.12235430419333757,0.0014988728729393925,0.0003335361650000825,3.1852513804880973e-06,0.00020084932360986548,223.59886855937788,0.9999968147587651
235500,100.0,100.0,-1.0,10.0,1.0,0.4452382179902331,0.6202495906554402,0.2608533238514828,0.6627463571877519,0.09360528669477317,0.3056517377912398,223.59886855937788,160.22541877750598,382.35720060417987,149.88728729393924,1067.3157280002638,326.1697413619812,321.72158154115004,2857.0401431054743,0.003056517377912398
235750,10000.0,10000.0,4.0,10.0,1.0,44.52382179902331,1664.7122010975481,8909.842429113536,9985.03370384592,9996.66575044281,9999.968147587651,223.59886855937788,5.007044336797062,0.12235430419333757,0.0014988728729393925,0.0003335361650000825,3.1852513804880973e-06,0.0002008493236098655,223.59886855937788,0.9999968147587651
236000,10000.0,100.0,3.0,10.0,4.641588833612778,0.447209453919515,9.975969213383378,160.83078209263562,4001.8042167295716,5998.539967368428,9874.192854318308,22359.886855937788,1001.4088673594124,61.17715209666878,1.4988728729393923,0.667072330000165,0.012741005521952389,0.36510276484674176,22359.886855937788,0.9874192854318308
236250,10000.0,1000.0,4.0,1.0,1.7782794100389228,4.470295296708501,195.80797307649001,4497.326928875178,9852.326155895766,9966.757260059929,9999.681485007453,2235.988685593779,50.07044336797062,1.2235430419333757,0.014988728729393924,0.0033353616500008247,3.185251380488097e-05,0.002008493236098655,2235.988685593779,0.9999681485007453
236500,10000.0,10000.0,-1.0,10.0,1.0,44.52382179902331,62.02495906554402,26.085332385148277,66.27463571877519,9.360528669477315,30.565173779123974,223.59886855937788,160.22541877750598,382.35720060417987,149.88728729393924,1067.315728000264,326.16974136198115,321.72158154115004,2857.040143105474,0.0030565173779123975
236750,10000.0,10000.0,4.0,10.0,1.0,44.52382179902331,1664.7122010975481,8909.842429113536,9985.03370384592,9996.66575044281,9999.968147587651,223.59886855937788,5.007044336797062,0.12235430419333757,0.0014988728729393925,0.0003335361650000825,3.1852513804880973e-06,0.0002008493236098655,223.59886855937788,0.9999968147587651
236764,10000.0,10000.0,-1.0,10.0,1.0,44.52382179902331,62.02495906554402,26.085332385148277,66.27463571877519,9.360528669477315,30.565173779123974,223.59886855937788,160.22541877750598,382.35720060417987,149.88728729393924,1067.315728000264,326.16974136198115,321.72158154115004,2857.040143105474,0.0030565173779123975
237014,100.0,100.0,2.0,10.0,1.0,0.4452382179902331,4.755523902473238,24.637474318122486,86.96504527442224,88.22897801270616,99.49294394074228,223.59886855937788,20.028177347188247,3.058857604833439,0.14988728729393924,0.13341446600003298,0.005096402208780956,0.07688438638558492,223.59886855937788,0.9949294394074228
237264,1000.0,10000.0,-0.5,1.0,99.99999999999999,42.80842652051684,81.105316136903,55.25004171806866,174.22051385463894,40.21570867615022,162.4115798378181,22.359886855937788,11.329648013602885,17.0995338447494,4.739852201528638,23.865905212632658,5.157196432659457,7.208928253157608,56.03116708004898,0.1624115798378181
237514,10000.0,100.0,-1.0,0.1,0.01,0.447209453919515,0.6240817464886116,0.26152870811615014,0.6671234803863143,0.09369211045568958,0.30657943250075737,22359.886855937788,16022.541877750598,38235.72006041799,14988.728729393924,106731.57280002639,32616.974136198114,32172.158154115008,285704.0143105474,3.065794325007574e-05
237764,10000.0,10000.0,4.0,0.1,1.0,44.52382179902331,1664.7122010975481,8909.842429113536,9985.03370384592,9996.66575044281,9999.968147587651,223.59886855937788,5.007044336797062,0.12235430419333757,0.0014988728729393925,0.0003335361650000825,3.1852513804880973e-06,0.0002008493236098655,223.59886855937788,0.9999968147587651
238014,10000.0,10000.0,4.0,10.0,1.0,44.52382179902331,1664.7122010975481,8909.842429113536,9985.03370384592,9996.66575044281,9999.968147587651,223.59886855937788,5.007044336797062,0.12235430419333757,0.0014988728729393925,0.0003335361650000825,3.1852513804880973e-06,0.0002008493236098655,223.59886855937788,0.9999968147587651
238264,10000.0,100.0,-1.0,10.0,0.01,0.447209453919515,0.6240817464886116,0.26152870811615014,0.6671234803863143,0.09369211045568958,0.30657943250075737,22359.886855937788,16022.541877750598,38235.72006041799,14988.728729393924,106731.57280002639,32616.974136198114,32172.158154115008,285704.0143105474,3.065794325007574e-05
238514,100.0,100.0,-1.0,1.0,1.0,0.4452382179902331,0.6202495906554402,0.2608533238514828,0.6627463571877519,0.09360528669477317,0.3056517377912398,223.59886855937788,160.22541877750598,382.35720060417987,149.88728729393924,1067.3157280002638,326.1697413619812,321.72158154115004,2857.0401431054743,0.003056517377912398
238764,10000.0,100.0,-1.0,10.0,0.01,0.447209453919515,0.6240817464886116,0.26152870811615014,0.6671234803863143,0.09369211045568958,0.30657943250075737,22359.886855937788,16022.541877750598,38235.72006041799,14988.728729393924,106731.57280002639,32616.974136198114,32172.158154115008,285704.0143105474,3.065794325007574e-05
239014,100.0,10000.0,-0.5,0.1,10000.0,30.90245662637438,46.88309902546233,36.901003748953876,67.8432854229225,29.52822296410905,65.9752616153528,2.235988685593779,1.1329648013602887,1.7099533844749397,0.4739852201528638,2.3865905212632654,0.5157196432659457,0.7208928253157608,5.603116708004898,0.6597526161535281
239264,100.0,1000.0,-1.0,10.0,10.0,4.280842652051684,5.874563312468951,2.5486979682292765,6.2544059438670985,0.928232990579485,2.9746877156418994,22.359886855937788,16.022541877750598,38.23572006041799,14.988728729393925,106.73157280002638,32.61697413619812,32.17215815411501,285.7040143105474,0.029746877156418994
239514,100.0,10000.0,4.0,10.0,0.31622776601683794,30.90245662637438,95.23170624559474,99.87779521861661,99.99850114959293,99.99966646494745,99.99999681474871,2.235988685593779,0.05007044336797062,0.0012235430419333757,1.4988728729393924e-05,3.3353616500008245e-06,3.1852513804880976e-08,2.0084932360986547e-06,2.235988685593779,0.9999999681474872
239527,100.0,10000.0,4.0,10.0,0.31622776601683794,30.90245662637438,95.23170624559474,99.87779521861661,99.99850114959293,99.99966646494745,99.99999681474871,2.235988685593779,0.05007044336797062,0.0012235430419333757,1.4988728729393924e-05,3.3353616500008245e-06,3.1852513804880976e-08,2.0084932360986547e-06,2.235988685593779,0.9999999681474872
239777,10000.0,100.0,2.0,10.0,10.0,0.447209453919515,4.990473847364765,32.585415446614526,625.4405943867098,697.2797290893724,6624.094841738789,22359.886855937788,2002.8177347188248,305.8857604833439,14.988728729393925,13.341446600003298,0.5096402208780956,7.688438638558493,22359.886855937788,0.6624094841738789
240027,10000.0,10000.0,0.0,10.0,nan,44.52382179902331,123.28524192272377,129.07982586102068,625.4405943867098,183.93921365216514,1092.389552758199,223.59886855937788,80.11270938875299,76.47144012083598,14.988728729393925,53.36578640001319,8.15424353404953,18.695080120811,223.59886855937788,0.1092389552758199
240277,10000.0,10000.0,4.0,10.0,1.0,44.52382179902331,1664.7122010975481,8909.842429113536,9985.03370384592,9996.66575044281,9999.968147587651,223.59886855937788,5.007044336797062,0.12235430419333757,0.0014988728729393925,0.0003335361650000825,3.1852513804880973e-06,0.0002008493236098655,223.59886855937788,0.9999968147587651
240527,100.0,10000.0,-0.5,0.1,10000.0,30.90245662637438,46.88309902546233,36.901003748953876,67.8432854229225,29.52822296410905,65.9752616153528,2.235988685593779,1.1329648013602887,1.7099533844749397,0.4739852201528638,2.3865905212632654,0.5157196432659457,0.7208928253157608,5.603116708004898,0.6597526161535281
240777,10000.0,10000.0,-0.5,10.0,1.0,44.52382179902331,87.4917581722429,58.14111062697643,206.6178797121441,41.72594321506749,190.2154528196182,223.59886855937788,113.29648013602886,170.99533844749396,47.39852201528638,238.65905212632657,51.57196432659455,72.08928253157609,560.3116708004898,0.01902154528196182
241027,1000.0,100.0,-1.0,10.0,0.1,0.44702952967085,0.623731413037982,0.26146716506324574,0.6667231723714283,0.09368421073141175,0.30649486398143994,2235.988685593779,1602.2541877750598,3823.572006041799,1498.8728729393924,10673.157280002639,3261.697413619812,3217.2158154115004,28570.401431054743,0.0003064948639814399
241277,100.0,100.0,3.0,10.0,1.0,0.4452382179902331,9.079280452839132,62.04353327947082,98.52326155895766,99.33734803788332,99.98726061760345,223.59886855937788,10.014088673594124,0.6117715209666879,0.014988728729393924,0.006670723300001649,0.0001274100552195239,0.003651027648467417,223.59886855937788,0.9998726061760346
241527,100.0,10000.0,0.0,10.0,nan,30.90245662637438,55.52079047579106,56.666393118074296,86.96504527442224,65.20359093597123,92.4605422148948,2.235988685593779,0.8011270938875299,0.7647144012083598,0.14988728729393924,0.5336578640001319,0.0815424353404953,0.18695080120810997,2.235988685593779,0.924605422148948
241777,10000.0,10000.0,4.0,10.0,1.0,44.52382179902331,1664.7122010975481,8909.842429113536,9985.03370384592,9996.66575044281,9999.968147587651,223.59886855937788,5.007044336797062,0.12235430419333757,0.0014988728729393925,0.0003335361650000825,3.1852513804880973e-06,0.0002008493236098655,223.59886855937788,0.9999968147587651
242027,100.0,10000.0,4.0,10.0,0.31622776601683794,30.90245662637438,95.23170624559474,99.87779521861661,99.99850114959293,99.99966646494745,99.99999681474871,2.235988685593779,0.05007044336797062,0.0012235430419333757,1.4988728729393924e-05,3.3353616500008245e-06,3.1852513804880976e-08,2.0084932360986547e-06,2.235988685593779,0.9999999681474872
242277,10000.0,100.0,4.0,0.1,3.1622776601683795,0.447209453919515,19.932054270790267,755.547774660386,8696.504527442223,9677.22940175138,9996.81576287908,22359.886855937788,500.7044336797062,12.235430419333756,0.14988728729393924,0.033353616500008246,0.0003185251380488097,0.02008493236098655,22359.886855937788,0.999681576287908
242290,10000.0,100.0,4.0,0.1,3.1622776601683795,0.447209453919515,19.932054270790267,755.547774660386,8696.504527442223,9677.22940175138,9996.81576287908,22359.886855937788,500.7044336797062,12.235430419333756,0.14988728729393924,0.033353616500008246,0.0003185251380488097,0.02008493236098655,22359.886855937788,0.999681576287908
242540,1000.0,100.0,-1.0,10.0,0.1,0.44702952967085,0.623731413037982,0.26146716506324574,0.6667231723714283,0.09368421073141175,0.30649486398143994,2235.988685593779,1602.2541877750598,3823.572006041799,1498.8728729393924,10673.157280002639,3261.697413619812,3217.2158154115004,28570.401431054743,0.0003064948639814399
242790,1000.0,1000.0,4.0,0.1,1.0,4.452382179902331,166.47122010975485,890.9842429113537,998.5033703845919,999.6665750442809,999.9968147587651,223.59886855937788,5.007044336797062,0.12235430419333757,0.0014988728729393925,0.0003335361650000825,3.1852513804880973e-06,0.00020084932360986548,223.59886855937788,0.9999968147587651
243040,1000.0,100.0,-1.0,10.0,0.1,0.44702952967085,0.623731413037982,0.26146716506324574,0.6667231723714283,0.09368421073141175,0.30649486398143994,2235.988685593779,1602.2541877750598,3823.572006041799,1498.8728729393924,10673.157280002639,3261.697413619812,3217.2158154115004,28570.401431054743,0.0003064948639814399
243290,1000.0,10000.0,4.0,10.0,0.5623413251903491,42.80842652051684,666.3537319923911,987.9124657647429,999.8501351755382,999.9666474959266,999.9996814749633,22.359886855937788,0.5007044336797062,0.012235430419333757,0.00014988728729393923,3.335361650000825e-05,3.1852513804880977e-07,2.0084932360986552e-05,22.359886855937788,0.9999996814749633
243540,10000.0,1000.0,-0.5,10.0,0.01,4.470295296708501,8.818615875910908,5.8446945958547065,21.053286661807526,4.18832287653288,19.352854357915696,2235.988685593779,1132.9648013602887,1709.9533844749396,473.9852201528638,2386.590521263266,515.7196432659456,720.8928253157608,5603.116708004898,0.0019352854357915696
243790,1000.0,100.0,-1.0,0.1,0.1,0.44702952967085,0.623731413037982,0.26146716506324574,0.6667231723714283,0.09368421073141175,0.30649486398143994,2235.988685593779,1602.2541877750598,3823.572006041799,1498.8728729393924,10673.157280002639,3261.697413619812,3217.2158154115004,28570.401431054743,0.0003064948639814399
244040,10000.0,10000.0,-0.5,0.1,1.0,44.52382179902331,87.4917581722429,58.14111062697643,206.6178797121441,41.72594321506749,190.2154528196182,223.59886855937788,113.29648013602886,170.99533844749396,47.39852201528638,238.65905212632657,51.57196432659455,72.08928253157609,560.3116708004898,0.01902154528196182
244290,10000.0,100.0,3.0,10.0,4.641588833612778,0.447209453919515,9.975969213383378,160.83078209263562,4001.8042167295716,5998.539967368428,9874.192854318308,22359.886855937788,1001.4088673594124,61.17715209666878,1.4988728729393923,0.667072330000165,0.012741005521952389,0.36510276484674176,22359.886855937788,0.9874192854318308
244540,100.0,10000.0,-0.5,10.0,10000.0,30.90245662637438,46.88309902546233,36.901003748953876,67.8432854229225,29.52822296410905,65.9752616153528,2.235988685593779,1.1329648013602887,1.7099533844749397,0.4739852201528638,2.3865905212632654,0.5157196432659457,0.7208928253157608,5.603116708004898,0.6597526161535281
244790,1000.0,1000.0,1.0,10.0,1.0,4.452382179902331,24.356765412906235,61.37119943607417,400.18042167295715,272.6066328922551,830.6640716246799,223.59886855937788,40.056354694376495,15.294288024167196,1.4988728729393925,2.66828932000066,0.20385608835123822,1.2601727434864896,223.59886855937788,0.8306640716246799
245040,10000.0,1000.0,2.0,10.0,3.1622776601683795,4.470295296708501,49.681597233129125,316.57014183541463,4001.8042167295716,4284.224611853571,9515.073579906511,2235.988685593779,200.28177347188247,30.58857604833439,1.4988728729393923,1.33414466000033,0.050964022087809556,0.7688438638558492,2235.988685593779,0.9515073579906511
245053,10000.0,100.0,4.0,10.0,3.1622776601683795,0.447209453919515,19.932054270790267,755.547774660386,8696.504527442223,9677.22940175138,9996.81576287908,22359.886855937788,500.7044336797062,12.235430419333756,0.14988728729393924,0.033353616500008246,0.0003185251380488097,0.02008493236098655,22359.886855937788,0.999681576287908
245303,10000.0,100.0,2.0,10.0,10.0,0.447209453919515,4.990473847364765,32.585415446614526,625.4405943867098,697.2797290893724,6624.094841738789,22359.886855937788,2002.8177347188248,305.8857604833439,14.988728729393925,13.341446600003298,0.5096402208780956,7.688438638558493,22359.886855937788,0.6624094841738789
245553,100.0,100.0,-1.0,10.0,1.0,0.4452382179902331,0.6202495906554402,0.2608533238514828,0.6627463571877519,0.09360528669477317,0.3056517377912398,223.59886855937788,160.22541877750598,382.35720060417987,149.88728729393924,1067.3157280002638,326.1697413619812,321.72158154115004,2857.0401431054743,0.003056517377912398
245803,10000.0,10000.0,4.0,0.1,1.0,44.52382179902331,1664.7122010975481,8909.842429113536,9985.03370384592,9996.66575044281,9999.968147587651,223.59886855937788,5.007044336797062,0.12235430419333757,0.0014988728729393925,0.0003335361650000825,3.1852513804880973e-06,0.0002008493236098655,223.59886855937788,0.9999968147587651
246053,10000.0,10000.0,4.0,10.0,1.0,44.52382179902331,1664.7122010975481,8909.842429113536,9985.03370384592,9996.66575044281,9999.968147587651,223.59886855937788,5.007044336797062,0.12235430419333757,0.0014988728729393925,0.0003335361650000825,3.1852513804880973e-06,0.0002008493236098655,223.59886855937788,0.9999968147587651
246303,1000.0,100.0,-1.0,0.1,0.1,0.44702952967085,0.623731413037982,0.26146716506324574,0.6667231723714283,0.09368421073141175,0.30649486398143994,2235.988685593779,1602.2541877750598,3823.572006041799,1498.8728729393924,10673.157280002639,3261.697413619812,3217.2158154115004,28570.401431054743,0.0003064948639814399
246553,10000.0,10000.0,3.0,0.1,1.0,44.52382179902331,907.928045283913,6204.353327947082,9852.326155895766,9933.734803788331,9998.726061760346,223.59886855937788,10.014088673594124,0.6117715209666879,0.014988728729393924,0.006670723300001649,0.0001274100552195239,0.003651027648467417,223.59886855937788,0.9998726061760346
246803,1000.0,1000.0,4.0,0.1,1.0,4.452382179902331,166.47122010975485,890.9842429113537,998.5033703845919,999.6665750442809,999.9968147587651,223.59886855937788,5.007044336797062,0.12235430419333757,0.0014988728729393925,0.0003335361650000825,3.1852513804880973e-06,0.00020084932360986548,223.59886855937788,0.9999968147587651
247053,1000.0,1000.0,4.0,10.0,1.0,4.452382179902331,166.47122010975485,890.9842429113537,998.5033703845919,999.6665750442809,999.9968147587651,223.59886855937788,5.007044336797062,0.12235430419333757,0.0014988728729393925,0.0003335361650000825,3.1852513804880973e-06,0.00020084932360986548,223.59886855937788,0.9999968147587651
247303,1000.0,1000.0,0.5,1.0,1.0,4.452382179902331,17.34658332709172,28.409843374866927,174.22051385463894,77.32186380329034,436.814917034417,223.59886855937788,56.64824006801443,34.1990676894988,4.739852201528638,11.932952606316329,1.2892991081648641,4.958970839163522,223.59886855937788,0.436814917034417
247553,10000.0,10000.0,4.0,10.0,1.0,44.52382179902331,1664.7122010975481,8909.842429113536,9985.03370384592,9996.66575044281,9999.968147587651,223.59886855937788,5.007044336797062,0.12235430419333757,0.0014988728729393925,0.0003335361650000825,3.1852513804880973e-06,0.0002008493236098655,223.59886855937788,0.9999968147587651
247803,100.0,1000.0,4.0,10.0,0.5623413251903491,4.280842652051684,66.6353731992391,98.79124657647431,99.9850135175538,99.99666474959267,99.99996814749635,22.359886855937788,0.5007044336797062,0.012235430419333757,0.00014988728729393923,3.335361650000825e-05,3.1852513804880977e-07,2.008493236098655e-05,22.359886855937788,0.9999996814749634
247816,100.0,1000.0,4.0,1.0,0.5623413251903491,4.280842652051684,66.6353731992391,98.79124657647431,99.9850135175538,99.99666474959267,99.99996814749635,22.359886855937788,0.5007044336797062,0.012235430419333757,0.00014988728729393923,3.335361650000825e-05,3.1852513804880977e-07,2.008493236098655e-05,22.359886855937788,0.9999996814749634
248066,10000.0,100.0,2.0,0.1,10.0,0.447209453919515,4.990473847364765,32.585415446614526,625.4405943867098,697.2797290893724,6624.094841738789,22359.886855937788,2002.8177347188248,305.8857604833439,14.988728729393925,13.341446600003298,0.5096402208780956,7.688438638558493,22359.886855937788,0.6624094841738789
248316,10000.0,10000.0,0.0,10.0,nan,44.52382179902331,123.28524192272377,129.07982586102068,625.4405943867098,183.93921365216514,1092.389552758199,223.59886855937788,80.11270938875299,76.47144012083598,14.988728729393925,53.36578640001319,8.15424353404953,18.695080120811,223.59886855937788,0.1092389552758199
248566,10000.0,10000.0,-1.0,10.0,1.0,44.52382179902331,62.02495906554402,26.085332385148277,66.27463571877519,9.360528669477315,30.565173779123974,223.59886855937788,160.22541877750598,382.35720060417987,149.88728729393924,1067.315728000264,326.16974136198115,321.72158154115004,2857.040143105474,0.0030565173779123975
248816,1000.0,100.0,4.0,10.0,1.7782794100389228,0.44702952967085,19.580797307649004,449.7326928875178,985.2326155895765,996.6757260059928,999.9681485007453,2235.988685593779,50.07044336797062,1.2235430419333757,0.014988728729393924,0.0033353616500008247,3.185251380488097e-05,0.002008493236098655,2235.988685593779,0.9999681485007453
249066,10000.0,100.0,3.0,10.0,4.641588833612778,0.447209453919515,9.975969213383378,160.83078209263562,4001.8042167295716,5998.539967368428,9874.192854318308,22359.886855937788,1001.4088673594124,61.17715209666878,1.4988728729393923,0.667072330000165,0.012741005521952389,0.36510276484674176,22359.886855937788,0.9874192854318308
249316,10000.0,1000.0,4.0,0.1,1.7782794100389228,4.470295296708501,195.80797307649001,4497.326928875178,9852.326155895766,9966.757260059929,9999.681485007453,2235.988685593779,50.07044336797062,1.2235430419333757,0.014988728729393924,0.0033353616500008247,3.185251380488097e-05,0.002008493236098655,2235.988685593779,0.9999681485007453
249566,10000.0,10000.0,4.0,0.1,1.0,44.52382179902331,1664.7122010975481,8909.842429113536,9985.03370384592,9996.66575044281,9999.968147587651,223.59886855937788,5.007044336797062,0.12235430419333757,0.0014988728729393925,0.0003335361650000825,3.1852513804880973e-06,0.0002008493236098655,223.59886855937788,0.9999968147587651
249816,1000.0,100.0,1.0,0.1,10.0,0.44702952967085,2.490265880981573,6.495915877565232,62.544059438670985,36.12339190037267,329.10316374640615,2235.988685593779,400.56354694376495,152.94288024167196,14.988728729393925,26.682893200006596,2.0385608835123823,12.601727434864895,2235.988685593779,0.32910316374640614
250066,1000.0,10000.0,0.0,10.0,nan,42.80842652051684,110.97213775760808,115.64511919803707,400.18042167295715,157.81387035698367,550.8354000674451,22.359886855937788,8.011270938875299,7.647144012083598,1.4988728729393925,5.33657864000132,0.8154243534049529,1.8695080120810996,22.359886855937788,0.5508354000674451
250316,10000.0,100.0,4.0,10.0,3.1622776601683795,0.447209453919515,19.932054270790267,755.547774660386,8696.504527442223,9677.22940175138,9996.81576287908,22359.886855937788,500.7044336797062,12.235430419333756,0.14988728729393924,0.033353616500008246,0.0003185251380488097,0.02008493236098655,22359.886855937788,0.999681576287908
250566,1000.0,10000.0,4.0,10.0,0.5623413251903491,42.80842652051684,666.3537319923911,987.9124657647429,999.8501351755382,999.9666474959266,999.9996814749633,22.359886855937788,0.5007044336797062,0.012235430419333757,0.00014988728729393923,3.335361650000825e-05,3.1852513804880977e-07,2.0084932360986552e-05,22.359886855937788,0.9999996814749633
250579,1000.0,10000.0,1.0,0.1,0.1,42.80842652051684,199.77483500458402,395.34617422105697,869.6504527442223,789.3725622615856,980.0216617535443,22.359886855937788,4.0056354694376495,1.5294288024167195,0.14988728729393924,0.26682893200006597,0.020385608835123824,0.12601727434864896,22.359886855937788,0.9800216617535443
250829,10000.0,1000.0,0.5,1.0,100.0,4.470295296708501,17.621691858663294,29.15531142282814,206.6178797121441,83.10512246803673,719.7874051189076,2235.988685593779,566.4824006801443,341.9906768949879,47.39852201528638,119.32952606316329,12.892991081648638,49.58970839163523,2235.988685593779,0.07197874051189077
251079,1000.0,100.0,-1.0,0.1,0.1,0.44702952967085,0.623731413037982,0.26146716506324574,0.6667231723714283,0.09368421073141175,0.30649486398143994,2235.988685593779,1602.2541877750598,3823.572006041799,1498.8728729393924,10673.157280002639,3261.697413619812,3217.2158154115004,28570.401431054743,0.0003064948639814399
251329,1000.0,1000.0,4.0,0.1,1.0,4.452382179902331,166.47122010975485,890.9842429113537,998.5033703845919,999.6665750442809,999.9968147587651,223.59886855937788,5.007044336797062,0.12235430419333757,0.0014988728729393925,0.0003335361650000825,3.1852513804880973e-06,0.00020084932360986548,223.59886855937788,0.9999968147587651
251579,1000.0,100.0,-1.0,10.0,0.1,0.44702952967085,0.623731413037982,0.26146716506324574,0.6667231723714283,0.09368421073141175,0.30649486398143994,2235.988685593779,1602.2541877750598,3823.572006041799,1498.8728729393924,10673.157280002639,3261.697413619812,3217.2158154115004,28570.401431054743,0.0003064948639814399
251829,10000.0,10000.0,4.0,10.0,1.0,44.52382179902331,1664.7122010975481,8909.842429113536,9985.03370384592,9996.66575044281,9999.968147587651,223.59886855937788,5.007044336797062,0.12235430419333757,0.0014988728729393925,0.0003335361650000825,3.1852513804880973e-06,0.0002008493236098655,223.59886855937788,0.9999968147587651
252079,100.0,10000.0,4.0,10.0,0.31622776601683794,30.90245662637438,95.23170624559474,99.87779521861661,99.99850114959293,99.99966646494745,99.99999681474871,2.235988685593779,0.05007044336797062,0.0012235430419333757,1.4988728729393924e-05,3.3353616500008245e-06,3.1852513804880976e-08,2.0084932360986547e-06,2.235988685593779,0.9999999681474872
252329,10000.0,1000.0,0.5,0.1,100.0,4.470295296708501,17.621691858663294,29.15531142282814,206.6178797121441,83.10512246803673,719.7874051189076,2235.988685593779,566.4824006801443,341.9906768949879,47.39852201528638,119.32952606316329,12.892991081648638,49.58970839163523,2235.988685593779,0.07197874051189077
252579,100.0,100.0,-1.0,0.1,1.0,0.4452382179902331,0.6202495906554402,0.2608533238514828,0.6627463571877519,0.09360528669477317,0.3056517377912398,223.59886855937788,160.22541877750598,382.35720060417987,149.88728729393924,1067.3157280002638,326.1697413619812,321.72158154115004,2857.0401431054743,0.003056517377912398
252829,10000.0,1000.0,3.0,1.0,2.154434690031884,4.470295296708501,98.87198266422178,1404.9452254592265,8696.504527442223,9374.643473519827,9987.275207143652,2235.988685593779,100.14088673594124,6.117715209666878,0.14988728729393924,0.06670723300001649,0.0012741005521952388,0.03651027648467418,2235.988685593779,0.9987275207143652
253079,10000.0,10000.0,4.0,10.0,1.0,44.52382179902331,1664.7122010975481,8909.842429113536,9985.03370384592,9996.66575044281,9999.968147587651,223.59886855937788,5.007044336797062,0.12235430419333757,0.0014988728729393925,0.0003335361650000825,3.1852513804880973e-06,0.0002008493236098655,223.59886855937788,0.9999968147587651
253329,1000.0,100.0,2.0,0.1,3.1622776601683795,0.44702952967085,4.968159723312913,31.657014183541463,400.18042167295715,428.4224611853572,951.5073579906511,2235.988685593779,200.28177347188247,30.588576048334392,1.4988728729393925,1.33414466000033,0.050964022087809556,0.7688438638558492,2235.988685593779,0.9515073579906511
253343,100.0,100.0,2.0,0.1,1.0,0.4452382179902331,4.755523902473238,24.637474318122486,86.96504527442224,88.22897801270616,99.49294394074228,223.59886855937788,20.028177347188247,3.058857604833439,0.14988728729393924,0.13341446600003298,0.005096402208780956,0.07688438638558492,223.59886855937788,0.9949294394074228
253593,10000.0,100.0,-1.0,10.0,0.01,0.447209453919515,0.6240817464886116,0.26152870811615014,0.6671234803863143,0.09369211045568958,0.30657943250075737,22359.886855937788,16022.541877750598,38235.72006041799,14988.728729393924,106731.57280002639,32616.974136198114,32172.158154115008,285704.0143105474,3.065794325007574e-05
253843,1000.0,10000.0,0.0,10.0,nan,42.80842652051684,110.97213775760808,115.64511919803707,400.18042167295715,157.81387035698367,550.8354000674451,22.359886855937788,8.011270938875299,7.647144012083598,1.4988728729393925,5.33657864000132,0.8154243534049529,1.8695080120810996,22.359886855937788,0.5508354000674451
254093,100.0,100.0,-1.0,10.0,1.0,0.4452382179902331,0.6202495906554402,0.2608533238514828,0.6627463571877519,0.09360528669477317,0.3056517377912398,223.59886855937788,160.22541877750598,382.35720060417987,149.88728729393924,1067.3157280002638,326.1697413619812,321.72158154115004,2857.0401431054743,0.003056517377912398
254343,10000.0,10000.0,4.0,10.0,1.0,44.52382179902331,1664.7122010975481,8909.842429113536,9985.03370384592,9996.66575044281,9999.968147587651,223.59886855937788,5.007044336797062,0.12235430419333757,0.0014988728729393925,0.0003335361650000825,3.1852513804880973e-06,0.0002008493236098655,223.59886855937788,0.9999968147587651
254593,10000.0,10000.0,4.0,10.0,1.0,44.52382179902331,1664.7122010975481,8909.842429113536,9985.03370384592,9996.66575044281,9999.968147587651,223.59886855937788,5.007044336797062,0.12235430419333757,0.0014988728729393925,0.0003335361650000825,3.1852513804880973e-06,0.0002008493236098655,223.59886855937788,0.9999968147587651
254843,10000.0,10000.0,1.0,0.1,1.0,44.52382179902331,243.56765412906233,613.7119943607418,4001.8042167295716,2726.0663289225513,8306.640716246799,223.59886855937788,40.056354694376495,15.294288024167194,1.4988728729393923,2.66828932000066,0.20385608835123822,1.2601727434864896,223.59886855937788,0.8306640716246798
255093,10000.0,100.0,-1.0,10.0,0.01,0.447209453919515,0.6240817464886116,0.26152870811615014,0.6671234803863143,0.09369211045568958,0.30657943250075737,22359.886855937788,16022.541877750598,38235.72006041799,14988.728729393924,106731.57280002639,32616.974136198114,32172.158154115008,285704.0143105474,3.065794325007574e-05
255343,10000.0,100.0,-1.0,10.0,0.01,0.447209453919515,0.6240817464886116,0.26152870811615014,0.6671234803863143,0.09369211045568958,0.30657943250075737,22359.886855937788,16022.541877750598,38235.72006041799,14988.728729393924,106731.57280002639,32616.974136198114,32172.158154115008,285704.0143105474,3.065794325007574e-05
255593,1000.0,100.0,4.0,0.1,1.7782794100389228,0.44702952967085,19.580797307649004,449.7326928875178,985.2326155895765,996.6757260059928,999.9681485007453,2235.988685593779,50.07044336797062,1.2235430419333757,0.014988728729393924,0.0033353616500008247,3.185251380488097e-05,0.002008493236098655,2235.988685593779,0.9999681485007453
255843,100.0,10000.0,4.0,0.1,0.31622776601683794,30.90245662637438,95.23170624559474,99.87779521861661,99.99850114959293,99.99966646494745,99.99999681474871,2.235988685593779,0.05007044336797062,0.0012235430419333757,1.4988728729393924e-05,3.3353616500008245e-06,3.1852513804880976e-08,2.0084932360986547e-06,2.235988685593779,0.9999999681474872
256093,10000.0,1000.0,4.0,10.0,1.7782794100389228,4.470295296708501,195.80797307649001,4497.326928875178,9852.326155895766,9966.757260059929,9999.681485007453,2235.988685593779,50.07044336797062,1.2235430419333757,0.014988728729393924,0.0033353616500008247,3.185251380488097e-05,0.002008493236098655,2235.988685593779,0.9999681485007453
256106,10000.0,1000.0,4.0,10.0,1.7782794100389228,4.470295296708501,195.80797307649001,4497.326928875178,9852.326155895766,9966.757260059929,9999.681485007453,2235.988685593779,50.07044336797062,1.2235430419333757,0.014988728729393924,0.0033353616500008247,3.185251380488097e-05,0.002008493236098655,2235.988685593779,0.9999681485007453
256356,100.0,10000.0,4.0,0.1,0.31622776601683794,30.90245662637438,95.23170624559474,99.87779521861661,99.99850114959293,99.99966646494745,99.99999681474871,2.235988685593779,0.05007044336797062,0.0012235430419333757,1.4988728729393924e-05,3.3353616500008245e-06,3.1852513804880976e-08,2.0084932360986547e-06,2.235988685593779,0.9999999681474872
256606,100.0,100.0,1.0,1.0,1.0,0.4452382179902331,2.4356765412906234,6.137119943607417,40.01804216729572,27.260663289225512,83.066407162468,223.59886855937788,40.056354694376495,15.294288024167196,1.4988728729393925,2.66828932000066,0.20385608835123825,1.2601727434864896,223.59886855937788,0.8306640716246799
256856,10000.0,1000.0,4.0,10.0,1.7782794100389228,4.470295296708501,195.80797307649001,4497.326928875178,9852.326155895766,9966.757260059929,9999.681485007453,2235.988685593779,50.07044336797062,1.2235430419333757,0.014988728729393924,0.0033353616500008247,3.185251380488097e-05,0.002008493236098655,2235.988685593779,0.9999681485007453
257106,1000.0,100.0,-1.0,10.0,0.1,0.44702952967085,0.623731413037982,0.26146716506324574,0.6667231723714283,0.09368421073141175,0.30649486398143994,2235.988685593779,1602.2541877750598,3823.572006041799,1498.8728729393924,10673.157280002639,3261.697413619812,3217.2158154115004,28570.401431054743,0.0003064948639814399
257356,1000.0,100.0,-1.0,0.1,0.1,0.44702952967085,0.623731413037982,0.26146716506324574,0.6667231723714283,0.09368421073141175,0.30649486398143994,2235.988685593779,1602.2541877750598,3823.572006041799,1498.8728729393924,10673.157280002639,3261.697413619812,3217.2158154115004,28570.401431054743,0.0003064948639814399
257606,10000.0,10000.0,-0.5,10.0,1.0,44.52382179902331,87.4917581722429,58.14111062697643,206.6178797121441,41.72594321506749,190.2154528196182,223.59886855937788,113.29648013602886,170.99533844749396,47.39852201528638,238.65905212632657,51.57196432659455,72.08928253157609,560.3116708004898,0.01902154528196182
257856,1000.0,10000.0,2.0,0.1,0.31622776601683794,42.80842652051684,333.02054548230416,765.7637675977666,985.2326155895765,986.8342041621144,999.4906193799735,22.359886855937788,2.0028177347188247,0.3058857604833439,0.014988728729393924,0.013341446600003299,0.0005096402208780956,0.007688438638558492,22.359886855937788,0.9994906193799735
258106,1000.0,100.0,3.0,10.0,2.154434690031884,0.44702952967085,9.887198266422178,140.49452254592268,869.6504527442223,937.4643473519828,998.7275207143653,2235.988685593779,100.14088673594124,6.117715209666878,0.14988728729393924,0.06670723300001649,0.001274100552195239,0.03651027648467417,2235.988685593779,0.9987275207143652
258356,100.0,10000.0,4.0,0.1,0.31622776601683794,30.90245662637438,95.23170624559474,99.87779521861661,99.99850114959293,99.99966646494745,99.99999681474871,2.235988685593779,0.05007044336797062,0.0012235430419333757,1.4988728729393924e-05,3.3353616500008245e-06,3.1852513804880976e-08,2.0084932360986547e-06,2.235988685593779,0.9999999681474872
258606,100.0,10000.0,4.0,0.1,0.31622776601683794,30.90245662637438,95.23170624559474,99.87779521861661,99.99850114959293,99.99966646494745,99.99999681474871,2.235988685593779,0.05007044336797062,0.0012235430419333757,1.4988728729393924e-05,3.3353616500008245e-06,3.1852513804880976e-08,2.0084932360986547e-06,2.235988685593779,0.9999999681474872
258856,1000.0,100.0,3.0,10.0,2.154434690031884,0.44702952967085,9.887198266422178,140.49452254592268,869.6504527442223,937.4643473519828,998.7275207143653,2235.988685593779,100.14088673594124,6.117715209666878,0.14988728729393924,0.06670723300001649,0.001274100552195239,0.03651027648467417,2235.988685593779,0.9987275207143652
258869,100.0,10000.0,4.0,10.0,0.31622776601683794,30.90245662637438,95.23170624559474,99.87779521861661,99.99850114959293,99.99966646494745,99.99999681474871,2.235988685593779,0.05007044336797062,0.0012235430419333757,1.4988728729393924e-05,3.3353616500008245e-06,3.1852513804880976e-08,2.0084932360986547e-06,2.235988685593779,0.9999999681474872
259119,10000.0,1000.0,4.0,10.0,1.7782794100389228,4.470295296708501,195.80797307649001,4497.326928875178,9852.326155895766,9966.757260059929,9999.681485007453,2235.988685593779,50.07044336797062,1.2235430419333757,0.014988728729393924,0.0033353616500008247,3.185251380488097e-05,0.002008493236098655,2235.988685593779,0.9999681485007453
259369,10000.0,100.0,-1.0,0.1,0.01,0.447209453919515,0.6240817464886116,0.26152870811615014,0.6671234803863143,0.09369211045568958,0.30657943250075737,22359.886855937788,16022.541877750598,38235.72006041799,14988.728729393924,106731.57280002639,32616.974136198114,32172.158154115008,285704.0143105474,3.065794325007574e-05
259619,100.0,10000.0,4.0,1.0,0.31622776601683794,30.90245662637438,95.23170624559474,99.87779521861661,99.99850114959293,99.99966646494745,99.99999681474871,2.235988685593779,0.05007044336797062,0.0012235430419333757,1.4988728729393924e-05,3.3353616500008245e-06,3.1852513804880976e-08,2.0084932360986547e-06,2.235988685593779,0.9999999681474872
259869,100.0,100.0,-1.0,10.0,1.0,0.4452382179902331,0.6202495906554402,0.2608533238514828,0.6627463571877519,0.09360528669477317,0.3056517377912398,223.59886855937788,160.22541877750598,382.35720060417987,149.88728729393924,1067.3157280002638,326.1697413619812,321.72158154115004,2857.0401431054743,0.003056517377912398
260119,1000.0,10000.0,4.0,10.0,0.5623413251903491,42.80842652051684,666.3537319923911,987.9124657647429,999.8501351755382,999.9666474959266,999.9996814749633,22.359886855937788,0.5007044336797062,0.012235430419333757,0.00014988728729393923,3.335361650000825e-05,3.1852513804880977e-07,2.0084932360986552e-05,22.359886855937788,0.9999996814749633
260369,1000.0,100.0,1.0,10.0,10.0,0.44702952967085,2.490265880981573,6.495915877565232,62.544059438670985,36.12339190037267,329.10316374640615,2235.988685593779,400.56354694376495,152.94288024167196,14.988728729393925,26.682893200006596,2.0385608835123823,12.601727434864895,2235.988685593779,0.32910316374640614
260619,1000.0,100.0,-1.0,0.1,0.1,0.44702952967085,0.623731413037982,0.26146716506324574,0.6667231723714283,0.09368421073141175,0.30649486398143994,2235.988685593779,1602.2541877750598,3823.572006041799,1498.8728729393924,10673.157280002639,3261.697413619812,3217.2158154115004,28570.401431054743,0.0003064948639814399
260869,10000.0,100.0,-1.0,0.1,0.01,0.447209453919515,0.6240817464886116,0.26152870811615014,0.6671234803863143,0.09369211045568958,0.30657943250075737,22359.886855937788,16022.541877750598,38235.72006041799,14988.728729393924,106731.57280002639,32616.974136198114,32172.158154115008,285704.0143105474,3.065794325007574e-05
261119,100.0,10000.0,0.5,10.0,0.0001,30.90245662637438,63.837295558878566,74.51616596277225,95.47464303042098,89.33919607366548,98.72711222259713,2.235988685593779,0.5664824006801443,0.34199067689498797,0.04739852201528638,0.11932952606316329,0.01289299108164864,0.04958970839163522,2.235988685593779,0.9872711222259712
261369,100.0,10000.0,4.0,10.0,0.31622776601683794,30.90245662637438,95.23170624559474,99.87779521861661,99.99850114959293,99.99966646494745,99.99999681474871,2.235988685593779,0.05007044336797062,0.0012235430419333757,1.4988728729393924e-05,3.3353616500008245e-06,3.1852513804880976e-08,2.0084932360986547e-06,2.235988685593779,0.9999999681474872
261619,10000.0,100.0,-1.0,10.0,0.01,0.447209453919515,0.6240817464886116,0.26152870811615014,0.6671234803863143,0.09369211045568958,0.30657943250075737,22359.886855937788,16022.541877750598,38235.72006041799,14988.728729393924,106731.57280002639,32616.974136198114,32172.158154115008,285704.0143105474,3.065794325007574e-05
261632,10000.0,100.0,-1.0,10.0,0.01,0.447209453919515,0.6240817464886116,0.26152870811615014,0.6671234803863143,0.09369211045568958,0.30657943250075737,22359.886855937788,16022.541877750598,38235.72006041799,14988.728729393924,106731.57280002639,32616.974136198114,32172.158154115008,285704.0143105474,3.065794325007574e-05
261882,1000.0,10000.0,4.0,10.0,0.5623413251903491,42.80842652051684,666.3537319923911,987.9124657647429,999.8501351755382,999.9666474959266,999.9996814749633,22.359886855937788,0.5007044336797062,0.012235430419333757,0.00014988728729393923,3.335361650000825e-05,3.1852513804880977e-07,2.0084932360986552e-05,22.359886855937788,0.9999996814749633
262132,10000.0,100.0,1.0,10.0,100.0,0.447209453919515,2.495859699810312,6.534116441228023,66.27463571877519,37.337265714062355,467.604176111926,22359.886855937788,4005.6354694376496,1529.4288024167195,149.88728729393924,266.828932000066,20.385608835123822,126.01727434864895,22359.886855937788,0.0467604176111926
262382,10000.0,100.0,4.0,10.0,3.1622776601683795,0.447209453919515,19.932054270790267,755.547774660386,8696.504527442223,9677.22940175138,9996.81576287908,22359.886855937788,500.7044336797062,12.235430419333756,0.14988728729393924,0.033353616500008246,0.0003185251380488097,0.02008493236098655,22359.886855937788,0.999681576287908
262632,1000.0,100.0,3.0,0.1,2.154434690031884,0.44702952967085,9.887198266422178,140.49452254592268,869.6504527442223,937.4643473519828,998.7275207143653,2235.988685593779,100.14088673594124,6.117715209666878,0.14988728729393924,0.06670723300001649,0.001274100552195239,0.03651027648467417,2235.988685593779,0.9987275207143652
262882,1000.0,100.0,3.0,1.0,2.154434690031884,0.44702952967085,9.887198266422178,140.49452254592268,869.6504527442223,937.4643473519828,998.7275207143653,2235.988685593779,100.14088673594124,6.117715209666878,0.14988728729393924,0.06670723300001649,0.001274100552195239,0.03651027648467417,2235.988685593779,0.9987275207143652
263132,100.0,100.0,-1.0,0.1,1.0,0.4452382179902331,0.6202495906554402,0.2608533238514828,0.6627463571877519,0.09360528669477317,0.3056517377912398,223.59886855937788,160.22541877750598,382.35720060417987,149.88728729393924,1067.3157280002638,326.1697413619812,321.72158154115004,2857.0401431054743,0.003056517377912398
263382,1000.0,100.0,1.0,10.0,10.0,0.44702952967085,2.490265880981573,6.495915877565232,62.544059438670985,36.12339190037267,329.10316374640615,2235.988685593779,400.56354694376495,152.94288024167196,14.988728729393925,26.682893200006596,2.0385608835123823,12.601727434864895,2235.988685593779,0.32910316374640614
263632,1000.0,10000.0,4.0,0.1,0.5623413251903491,42.80842652051684,666.3537319923911,987.9124657647429,999.8501351755382,999.9666474959266,999.9996814749633,22.359886855937788,0.5007044336797062,0.012235430419333757,0.00014988728729393923,3.335361650000825e-05,3.1852513804880977e-07,2.0084932360986552e-05,22.359886855937788,0.9999996814749633
263882,10000.0,100.0,-1.0,0.1,0.01,0.447209453919515,0.6240817464886116,0.26152870811615014,0.6671234803863143,0.09369211045568958,0.30657943250075737,22359.886855937788,16022.541877750598,38235.72006041799,14988.728729393924,106731.57280002639,32616.974136198114,32172.158154115008,285704.0143105474,3.065794325007574e-05
264132,10000.0,100.0,-1.0,10.0,0.01,0.447209453919515,0.6240817464886116,0.26152870811615014,0.6671234803863143,0.09369211045568958,0.30657943250075737,22359.886855937788,16022.541877750598,38235.72006041799,14988.728729393924,106731.57280002639,32616.974136198114,32172.158154115008,285704.0143105474,3.065794325007574e-05
264382,1000.0,1000.0,4.0,10.0,1.0,4.452382179902331,166.47122010975485,890.9842429113537,998.5033703845919,999.6665750442809,999.9968147587651,223.59886855937788,5.007044336797062,0.12235430419333757,0.0014988728729393925,0.0003335361650000825,3.1852513804880973e-06,0.00020084932360986548,223.59886855937788,0.9999968147587651
264395,100.0,1000.0,4.0,10.0,0.5623413251903491,4.280842652051684,66.6353731992391,98.79124657647431,99.9850135175538,99.99666474959267,99.99996814749635,22.359886855937788,0.5007044336797062,0.012235430419333757,0.00014988728729393923,3.335361650000825e-05,3.1852513804880977e-07,2.008493236098655e-05,22.359886855937788,0.9999996814749634
264645,10000.0,100.0,-1.0,10.0,0.01,0.447209453919515,0.6240817464886116,0.26152870811615014,0.6671234803863143,0.09369211045568958,0.30657943250075737,22359.886855937788,16022.541877750598,38235.72006041799,14988.728729393924,106731.57280002639,32616.974136198114,32172.158154115008,285704.0143105474,3.065794325007574e-05
264895,10000.0,10000.0,-1.0,0.1,1.0,44.52382179902331,62.02495906554402,26.085332385148277,66.27463571877519,9.360528669477315,30.565173779123974,223.59886855937788,160.22541877750598,382.35720060417987,149.88728729393924,1067.315728000264,326.16974136198115,321.72158154115004,2857.040143105474,0.0030565173779123975
265145,10000.0,10000.0,4.0,10.0,1.0,44.52382179902331,1664.7122010975481,8909.842429113536,9985.03370384592,9996.66575044281,9999.968147587651,223.59886855937788,5.007044336797062,0.12235430419333757,0.0014988728729393925,0.0003335361650000825,3.1852513804880973e-06,0.0002008493236098655,223.59886855937788,0.9999968147587651
265395,10000.0,100.0,-1.0,0.1,0.01,0.447209453919515,0.6240817464886116,0.26152870811615014,0.6671234803863143,0.09369211045568958,0.30657943250075737,22359.886855937788,16022.541877750598,38235.72006041799,14988.728729393924,106731.57280002639,32616.974136198114,32172.158154115008,285704.0143105474,3.065794325007574e-05
265645,10000.0,10000.0,4.0,10.0,1.0,44.52382179902331,1664.7122010975481,8909.842429113536,9985.03370384592,9996.66575044281,9999.968147587651,223.59886855937788,5.007044336797062,0.12235430419333757,0.0014988728729393925,0.0003335361650000825,3.1852513804880973e-06,0.0002008493236098655,223.59886855937788,0.9999968147587651
265895,10000.0,100.0,2.0,0.1,10.0,0.447209453919515,4.990473847364765,32.585415446614526,625.4405943867098,697.2797290893724,6624.094841738789,22359.886855937788,2002.8177347188248,305.8857604833439,14.988728729393925,13.341446600003298,0.5096402208780956,7.688438638558493,22359.886855937788,0.6624094841738789
266145,1000.0,100.0,-1.0,10.0,0.1,0.44702952967085,0.623731413037982,0.26146716506324574,0.6667231723714283,0.09368421073141175,0.30649486398143994,2235.988685593779,1602.2541877750598,3823.572006041799,1498.8728729393924,10673.157280002639,3261.697413619812,3217.2158154115004,28570.401431054743,0.0003064948639814399
266395,10000.0,10000.0,2.0,0.1,1.0,44.52382179902331,475.55239024732384,2463.7474318122486,8696.504527442223,8822.897801270616,9949.294394074228,223.59886855937788,20.028177347188247,3.058857604833439,0.14988728729393924,0.13341446600003298,0.005096402208780955,0.07688438638558492,223.59886855937788,0.9949294394074228
266645,1000.0,100.0,3.0,0.1,2.154434690031884,0.44702952967085,9.887198266422178,140.49452254592268,869.6504527442223,937.4643473519828,998.7275207143653,2235.988685593779,100.14088673594124,6.117715209666878,0.14988728729393924,0.06670723300001649,0.001274100552195239,0.03651027648467417,2235.988685593779,0.9987275207143652
266895,10000.0,100.0,2.0,0.1,10.0,0.447209453919515,4.990473847364765,32.585415446614526,625.4405943867098,697.2797290893724,6624.094841738789,22359.886855937788,2002.8177347188248,305.8857604833439,14.988728729393925,13.341446600003298,0.5096402208780956,7.688438638558493,22359.886855937788,0.6624094841738789
267145,10000.0,10000.0,4.0,10.0,1.0,44.52382179902331,1664.7122010975481,8909.842429113536,9985.03370384592,9996.66575044281,9999.968147587651,223.59886855937788,5.007044336797062,0.12235430419333757,0.0014988728729393925,0.0003335361650000825,3.1852513804880973e-06,0.0002008493236098655,223.59886855937788,0.9999968147587651
267158,10000.0,10000.0,4.0,10.0,1.0,44.52382179902331,1664.7122010975481,8909.842429113536,9985.03370384592,9996.66575044281,9999.968147587651,223.59886855937788,5.007044336797062,0.12235430419333757,0.0014988728729393925,0.0003335361650000825,3.1852513804880973e-06,0.0002008493236098655,223.59886855937788,0.9999968147587651
267408,10000.0,100.0,2.0,0.1,10.0,0.447209453919515,4.990473847364765,32.585415446614526,625.4405943867098,697.2797290893724,6624.094841738789,22359.886855937788,2002.8177347188248,305.8857604833439,14.988728729393925,13.341446600003298,0.5096402208780956,7.688438638558493,22359.886855937788,0.6624094841738789
267658,1000.0,100.0,3.0,10.0,2.154434690031884,0.44702952967085,9.887198266422178,140.49452254592268,869.6504527442223,937.4643473519828,998.7275207143653,2235.988685593779,100.14088673594124,6.117715209666878,0.14988728729393924,0.06670723300001649,0.001274100552195239,0.03651027648467417,2235.988685593779,0.9987275207143652
267908,10000.0,100.0,-1.0,10.0,0.01,0.447209453919515,0.6240817464886116,0.26152870811615014,0.6671234803863143,0.09369211045568958,0.30657943250075737,22359.886855937788,16022.541877750598,38235.72006041799,14988.728729393924,106731.57280002639,32616.974136198114,32172.158154115008,285704.0143105474,3.065794325007574e-05
268158,1000.0,100.0,-1.0,1.0,0.1,0.44702952967085,0.623731413037982,0.26146716506324574,0.6667231723714283,0.09368421073141175,0.30649486398143994,2235.988685593779,1602.2541877750598,3823.572006041799,1498.8728729393924,10673.157280002639,3261.697413619812,3217.2158154115004,28570.401431054743,0.0003064948639814399
268408,100.0,100.0,-1.0,10.0,1.0,0.4452382179902331,0.6202495906554402,0.2608533238514828,0.6627463571877519,0.09360528669477317,0.3056517377912398,223.59886855937788,160.22541877750598,382.35720060417987,149.88728729393924,1067.3157280002638,326.1697413619812,321.72158154115004,2857.0401431054743,0.003056517377912398
268658,1000.0,100.0,-1.0,0.1,0.1,0.44702952967085,0.623731413037982,0.26146716506324574,0.6667231723714283,0.09368421073141175,0.30649486398143994,2235.988685593779,1602.2541877750598,3823.572006041799,1498.8728729393924,10673.157280002639,3261.697413619812,3217.2158154115004,28570.401431054743,0.0003064948639814399
268908,10000.0,100.0,-1.0,0.1,0.01,0.447209453919515,0.6240817464886116,0.26152870811615014,0.6671234803863143,0.09369211045568958,0.30657943250075737,22359.886855937788,16022.541877750598,38235.72006041799,14988.728729393924,106731.57280002639,32616.974136198114,32172.158154115008,285704.0143105474,3.065794325007574e-05
269158,1000.0,100.0,-1.0,10.0,0.1,0.44702952967085,0.623731413037982,0.26146716506324574,0.6667231723714283,0.09368421073141175,0.30649486398143994,2235.988685593779,1602.2541877750598,3823.572006041799,1498.8728729393924,10673.157280002639,3261.697413619812,3217.2158154115004,28570.401431054743,0.0003064948639814399
269408,10000.0,10000.0,4.0,0.1,1.0,44.52382179902331,1664.7122010975481,8909.842429113536,9985.03370384592,9996.66575044281,9999.968147587651,223.59886855937788,5.007044336797062,0.12235430419333757,0.0014988728729393925,0.0003335361650000825,3.1852513804880973e-06,0.0002008493236098655,223.59886855937788,0.9999968147587651
269658,100.0,100.0,-1.0,10.0,1.0,0.4452382179902331,0.6202495906554402,0.2608533238514828,0.6627463571877519,0.09360528669477317,0.3056517377912398,223.59886855937788,160.22541877750598,382.35720060417987,149.88728729393924,1067.3157280002638,326.1697413619812,321.72158154115004,2857.0401431054743,0.003056517377912398
269908,1000.0,10000.0,4.0,10.0,0.5623413251903491,42.80842652051684,666.3537319923911,987.9124657647429,999.8501351755382,999.9666474959266,999.9996814749633,22.359886855937788,0.5007044336797062,0.012235430419333757,0.00014988728729393923,3.335361650000825e-05,3.1852513804880977e-07,2.0084932360986552e-05,22.359886855937788,0.9999996814749633
269922,1000.0,10000.0,4.0,10.0,0.5623413251903491,42.80842652051684,666.3537319923911,987.9124657647429,999.8501351755382,999.9666474959266,999.9996814749633,22.359886855937788,0.5007044336797062,0.012235430419333757,0.00014988728729393923,3.335361650000825e-05,3.1852513804880977e-07,2.0084932360986552e-05,22.359886855937788,0.9999996814749633
270172,100.0,1000.0,4.0,10.0,0.5623413251903491,4.280842652051684,66.6353731992391,98.79124657647431,99.9850135175538,99.99666474959267,99.99996814749635,22.359886855937788,0.5007044336797062,0.012235430419333757,0.00014988728729393923,3.335361650000825e-05,3.1852513804880977e-07,2.008493236098655e-05,22.359886855937788,0.9999996814749634
270422,10000.0,100.0,-1.0,0.1,0.01,0.447209453919515,0.6240817464886116,0.26152870811615014,0.6671234803863143,0.09369211045568958,0.30657943250075737,22359.886855937788,16022.541877750598,38235.72006041799,14988.728729393924,106731.57280002639,32616.974136198114,32172.158154115008,285704.0143105474,3.065794325007574e-05
270672,100.0,100.0,-1.0,10.0,1.0,0.4452382179902331,0.6202495906554402,0.2608533238514828,0.6627463571877519,0.09360528669477317,0.3056517377912398,223.59886855937788,160.22541877750598,382.35720060417987,149.88728729393924,1067.3157280002638,326.1697413619812,321.72158154115004,2857.0401431054743,0.003056517377912398
270922,10000.0,100.0,2.0,10.0,10.0,0.447209453919515,4.990473847364765,32.585415446614526,625.4405943867098,697.2797290893724,6624.094841738789,22359.886855937788,2002.8177347188248,305.8857604833439,14.988728729393925,13.341446600003298,0.5096402208780956,7.688438638558493,22359.886855937788,0.6624094841738789
271172,1000.0,100.0,-1.0,10.0,0.1,0.44702952967085,0.623731413037982,0.26146716506324574,0.6667231723714283,0.09368421073141175,0.30649486398143994,2235.988685593779,1602.2541877750598,3823.572006041799,1498.8728729393924,10673.157280002639,3261.697413619812,3217.2158154115004,28570.401431054743,0.0003064948639814399
271422,10000.0,100.0,-1.0,0.1,0.01,0.447209453919515,0.6240817464886116,0.26152870811615014,0.6671234803863143,0.09369211045568958,0.30657943250075737,22359.886855937788,16022.541877750598,38235.72006041799,14988.728729393924,106731.57280002639,32616.974136198114,32172.158154115008,285704.0143105474,3.065794325007574e-05
271672,100.0,100.0,-1.0,0.1,1.0,0.4452382179902331,0.6202495906554402,0.2608533238514828,0.6627463571877519,0.09360528669477317,0.3056517377912398,223.59886855937788,160.22541877750598,382.35720060417987,149.88728729393924,1067.3157280002638,326.1697413619812,321.72158154115004,2857.0401431054743,0.003056517377912398
271922,1000.0,100.0,2.0,10.0,3.1622776601683795,0.44702952967085,4.968159723312913,31.657014183541463,400.18042167295715,428.4224611853572,951.5073579906511,2235.988685593779,200.28177347188247,30.588576048334392,1.4988728729393925,1.33414466000033,0.050964022087809556,0.7688438638558492,2235.988685593779,0.9515073579906511
272172,1000.0,10000.0,-0.5,0.1,99.99999999999999,42.80842652051684,81.105316136903,55.25004171806866,174.22051385463894,40.21570867615022,162.4115798378181,22.359886855937788,11.329648013602885,17.0995338447494,4.739852201528638,23.865905212632658,5.157196432659457,7.208928253157608,56.03116708004898,0.1624115798378181
272422,1000.0,100.0,2.0,10.0,3.1622776601683795,0.44702952967085,4.968159723312913,31.657014183541463,400.18042167295715,428.4224611853572,951.5073579906511,2235.988685593779,200.28177347188247,30.588576048334392,1.4988728729393925,1.33414466000033,0.050964022087809556,0.7688438638558492,2235.988685593779,0.9515073579906511
272672,1000.0,100.0,4.0,10.0,1.7782794100389228,0.44702952967085,19.580797307649004,449.7326928875178,985.2326155895765,996.6757260059928,999.9681485007453,2235.988685593779,50.07044336797062,1.2235430419333757,0.014988728729393924,0.0033353616500008247,3.185251380488097e-05,0.002008493236098655,2235.988685593779,0.9999681485007453
272685,1000.0,100.0,-1.0,1.0,0.1,0.44702952967085,0.623731413037982,0.26146716506324574,0.6667231723714283,0.09368421073141175,0.30649486398143994,2235.988685593779,1602.2541877750598,3823.572006041799,1498.8728729393924,10673.157280002639,3261.697413619812,3217.2158154115004,28570.401431054743,0.0003064948639814399
272935,1000.0,100.0,4.0,10.0,1.7782794100389228,0.44702952967085,19.580797307649004,449.7326928875178,985.2326155895765,996.6757260059928,999.9681485007453,2235.988685593779,50.07044336797062,1.2235430419333757,0.014988728729393924,0.0033353616500008247,3.185251380488097e-05,0.002008493236098655,2235.988685593779,0.9999681485007453
273185,1000.0,100.0,2.0,0.1,3.1622776601683795,0.44702952967085,4.968159723312913,31.657014183541463,400.18042167295715,428.4224611853572,951.5073579906511,2235.988685593779,200.28177347188247,30.588576048334392,1.4988728729393925,1.33414466000033,0.050964022087809556,0.7688438638558492,2235.988685593779,0.9515073579906511
273435,10000.0,100.0,0.5,0.1,10000.0,0.447209453919515,1.764968341409064,2.923201558945061,21.053286661807526,8.373138812182216,76.96457218479928,22359.886855937788,5664.824006801443,3419.9067689498793,473.9852201528638,1193.295260631633,128.9299108164864,495.89708391635224,22359.886855937788,0.007696457218479928
273685,10000.0,10000.0,-1.0,10.0,1.0,44.52382179902331,62.02495906554402,26.085332385148277,66.27463571877519,9.360528669477315,30.565173779123974,223.59886855937788,160.22541877750598,382.35720060417987,149.88728729393924,1067.315728000264,326.16974136198115,321.72158154115004,2857.040143105474,0.0030565173779123975
273935,10000.0,1000.0,4.0,10.0,1.7782794100389228,4.470295296708501,195.80797307649001,4497.326928875178,9852.326155895766,9966.757260059929,9999.681485007453,2235.988685593779,50.07044336797062,1.2235430419333757,0.014988728729393924,0.0033353616500008247,3.185251380488097e-05,0.002008493236098655,2235.988685593779,0.9999681485007453
274185,10000.0,100.0,4.0,10.0,3.1622776601683795,0.447209453919515,19.932054270790267,755.547774660386,8696.504527442223,9677.22940175138,9996.81576287908,22359.886855937788,500.7044336797062,12.235430419333756,0.14988728729393924,0.033353616500008246,0.0003185251380488097,0.02008493236098655,22359.886855937788,0.999681576287908
274435,10000.0,10000.0,4.0,10.0,1.0,44.52382179902331,1664.7122010975481,8909.842429113536,9985.03370384592,9996.66575044281,9999.968147587651,223.59886855937788,5.007044336797062,0.12235430419333757,0.0014988728729393925,0.0003335361650000825,3.1852513804880973e-06,0.0002008493236098655,223.59886855937788,0.9999968147587651
274685,10000.0,1000.0,4.0,10.0,1.7782794100389228,4.470295296708501,195.80797307649001,4497.326928875178,9852.326155895766,9966.757260059929,9999.681485007453,2235.988685593779,50.07044336797062,1.2235430419333757,0.014988728729393924,0.0033353616500008247,3.185251380488097e-05,0.002008493236098655,2235.988685593779,0.9999681485007453
274935,10000.0,10000.0,4.0,10.0,1.0,44.52382179902331,1664.7122010975481,8909.842429113536,9985.03370384592,9996.66575044281,9999.968147587651,223.59886855937788,5.007044336797062,0.12235430419333757,0.0014988728729393925,0.0003335361650000825,3.1852513804880973e-06,0.0002008493236098655,223.59886855937788,0.9999968147587651
275185,10000.0,10000.0,-0.5,0.1,1.0,44.52382179902331,87.4917581722429,58.14111062697643,206.6178797121441,41.72594321506749,190.2154528196182,223.59886855937788,113.29648013602886,170.99533844749396,47.39852201528638,238.65905212632657,51.57196432659455,72.08928253157609,560.3116708004898,0.01902154528196182
275435,10000.0,10000.0,4.0,0.1,1.0,44.52382179902331,1664.7122010975481,8909.842429113536,9985.03370384592,9996.66575044281,9999.968147587651,223.59886855937788,5.007044336797062,0.12235430419333757,0.0014988728729393925,0.0003335361650000825,3.1852513804880973e-06,0.0002008493236098655,223.59886855937788,0.9999968147587651
275448,10000.0,10000.0,4.0,0.1,1.0,44.52382179902331,1664.7122010975481,8909.842429113536,9985.03370384592,9996.66575044281,9999.968147587651,223.59886855937788,5.007044336797062,0.12235430419333757,0.0014988728729393925,0.0003335361650000825,3.1852513804880973e-06,0.0002008493236098655,223.59886855937788,0.9999968147587651
275698,10000.0,100.0,4.0,10.0,3.1622776601683795,0.447209453919515,19.932054270790267,755.547774660386,8696.504527442223,9677.22940175138,9996.81576287908,22359.886855937788,500.7044336797062,12.235430419333756,0.14988728729393924,0.033353616500008246,0.0003185251380488097,0.02008493236098655,22359.886855937788,0.999681576287908
275948,10000.0,10000.0,4.0,1.0,1.0,44.52382179902331,1664.7122010975481,8909.842429113536,9985.03370384592,9996.66575044281,9999.968147587651,223.59886855937788,5.007044336797062,0.12235430419333757,0.0014988728729393925,0.0003335361650000825,3.1852513804880973e-06,0.0002008493236098655,223.59886855937788,0.9999968147587651
276198,10000.0,100.0,4.0,0.1,3.1622776601683795,0.447209453919515,19.932054270790267,755.547774660386,8696.504527442223,9677.22940175138,9996.81576287908,22359.886855937788,500.7044336797062,12.235430419333756,0.14988728729393924,0.033353616500008246,0.0003185251380488097,0.02008493236098655,22359.886855937788,0.999681576287908
276448,10000.0,10000.0,4.0,0.1,1.0,44.52382179902331,1664.7122010975481,8909.842429113536,9985.03370384592,9996.66575044281,9999.968147587651,223.59886855937788,5.007044336797062,0.12235430419333757,0.0014988728729393925,0.0003335361650000825,3.1852513804880973e-06,0.0002008493236098655,223.59886855937788,0.9999968147587651
276698,1000.0,100.0,2.0,10.0,3.1622776601683795,0.44702952967085,4.968159723312913,31.657014183541463,400.18042167295715,428.4224611853572,951.5073579906511,2235.988685593779,200.28177347188247,30.588576048334392,1.4988728729393925,1.33414466000033,0.050964022087809556,0.7688438638558492,2235.988685593779,0.9515073579906511
276948,10000.0,10000.0,4.0,0.1,1.0,44.52382179902331,1664.7122010975481,8909.842429113536,9985.03370384592,9996.66575044281,9999.968147587651,223.59886855937788,5.007044336797062,0.12235430419333757,0.0014988728729393925,0.0003335361650000825,3.1852513804880973e-06,0.0002008493236098655,223.59886855937788,0.9999968147587651
277198,10000.0,100.0,-1.0,0.1,0.01,0.447209453919515,0.6240817464886116,0.26152870811615014,0.6671234803863143,0.09369211045568958,0.30657943250075737,22359.886855937788,16022.541877750598,38235.72006041799,14988.728729393924,106731.57280002639,32616.974136198114,32172.158154115008,285704.0143105474,3.065794325007574e-05
277448,10000.0,100.0,2.0,0.1,10.0,0.447209453919515,4.990473847364765,32.585415446614526,625.4405943867098,697.2797290893724,6624.094841738789,22359.886855937788,2002.8177347188248,305.8857604833439,14.988728729393925,13.341446600003298,0.5096402208780956,7.688438638558493,22359.886855937788,0.6624094841738789
277698,1000.0,100.0,-1.0,10.0,0.1,0.44702952967085,0.623731413037982,0.26146716506324574,0.6667231723714283,0.09368421073141175,0.30649486398143994,2235.988685593779,1602.2541877750598,3823.572006041799,1498.8728729393924,10673.157280002639,3261.697413619812,3217.2158154115004,28570.401431054743,0.0003064948639814399
277948,10000.0,100.0,0.5,10.0,10000.0,0.447209453919515,1.764968341409064,2.923201558945061,21.053286661807526,8.373138812182216,76.96457218479928,22359.886855937788,5664.824006801443,3419.9067689498793,473.9852201528638,1193.295260631633,128.9299108164864,495.89708391635224,22359.886855937788,0.007696457218479928
278198,100.0,10000.0,4.0,10.0,0.31622776601683794,30.90245662637438,95.23170624559474,99.87779521861661,99.99850114959293,99.99966646494745,99.99999681474871,2.235988685593779,0.05007044336797062,0.0012235430419333757,1.4988728729393924e-05,3.3353616500008245e-06,3.1852513804880976e-08,2.0084932360986547e-06,2.235988685593779,0.9999999681474872
278211,1000.0,10000.0,0.0,10.0,nan,42.80842652051684,110.97213775760808,115.64511919803707,400.18042167295715,157.81387035698367,550.8354000674451,22.359886855937788,8.011270938875299,7.647144012083598,1.4988728729393925,5.33657864000132,0.8154243534049529,1.8695080120810996,22.359886855937788,0.5508354000674451
278461,10000.0,10000.0,4.0,0.1,1.0,44.52382179902331,1664.7122010975481,8909.842429113536,9985.03370384592,9996.66575044281,9999.968147587651,223.59886855937788,5.007044336797062,0.12235430419333757,0.0014988728729393925,0.0003335361650000825,3.1852513804880973e-06,0.0002008493236098655,223.59886855937788,0.9999968147587651
278711,10000.0,1000.0,1.0,0.1,10.0,4.470295296708501,24.902658809815726,64.95915877565233,625.4405943867098,361.2339190037267,3291.031637464061,2235.988685593779,400.56354694376495,152.94288024167196,14.988728729393925,26.682893200006596,2.0385608835123823,12.601727434864896,2235.988685593779,0.32910316374640614
278961,10000.0,10000.0,4.0,10.0,1.0,44.52382179902331,1664.7122010975481,8909.842429113536,9985.03370384592,9996.66575044281,9999.968147587651,223.59886855937788,5.007044336797062,0.12235430419333757,0.0014988728729393925,0.0003335361650000825,3.1852513804880973e-06,0.0002008493236098655,223.59886855937788,0.9999968147587651
279211,10000.0,100.0,4.0,10.0,3.1622776601683795,0.447209453919515,19.932054270790267,755.547774660386,8696.504527442223,9677.22940175138,9996.81576287908,22359.886855937788,500.7044336797062,12.235430419333756,0.14988728729393924,0.033353616500008246,0.0003185251380488097,0.02008493236098655,22359.886855937788,0.999681576287908
279461,10000.0,10000.0,4.0,10.0,1.0,44.52382179902331,1664.7122010975481,8909.842429113536,9985.03370384592,9996.66575044281,9999.968147587651,223.59886855937788,5.007044336797062,0.12235430419333757,0.0014988728729393925,0.0003335361650000825,3.1852513804880973e-06,0.0002008493236098655,223.59886855937788,0.9999968147587651
279711,10000.0,10000.0,4.0,10.0,1.0,44.52382179902331,1664.7122010975481,8909.842429113536,9985.03370384592,9996.66575044281,9999.968147587651,223.59886855937788,5.007044336797062,0.12235430419333757,0.0014988728729393925,0.0003335361650000825,3.1852513804880973e-06,0.0002008493236098655,223.59886855937788,0.9999968147587651
279961,100.0,100.0,-1.0,10.0,1.0,0.4452382179902331,0.6202495906554402,0.2608533238514828,0.6627463571877519,0.09360528669477317,0.3056517377912398,223.59886855937788,160.22541877750598,382.35720060417987,149.88728729393924,1067.3157280002638,326.1697413619812,321.72158154115004,2857.0401431054743,0.003056517377912398
280211,10000.0,10000.0,4.0,10.0,1.0,44.52382179902331,1664.7122010975481,8909.842429113536,9985.03370384592,9996.66575044281,9999.968147587651,223.59886855937788,5.007044336797062,0.12235430419333757,0.0014988728729393925,0.0003335361650000825,3.1852513804880973e-06,0.0002008493236098655,223.59886855937788,0.9999968147587651
280461,100.0,10000.0,2.0,1.0,0.1,30.90245662637438,83.31377032473331,97.03193138763264,99.8503370384592,99.86676329104374,99.99490385751115,2.235988685593779,0.20028177347188247,0.03058857604833439,0.0014988728729393925,0.0013341446600003298,5.096402208780956e-05,0.0007688438638558492,2.235988685593779,0.9999490385751115
280711,100.0,100.0,-1.0,10.0,1.0,0.4452382179902331,0.6202495906554402,0.2608533238514828,0.6627463571877519,0.09360528669477317,0.3056517377912398,223.59886855937788,160.22541877750598,382.35720060417987,149.88728729393924,1067.3157280002638,326.1697413619812,321.72158154115004,2857.0401431054743,0.003056517377912398
280961,100.0,100.0,-1.0,10.0,1.0,0.4452382179902331,0.6202495906554402,0.2608533238514828,0.6627463571877519,0.09360528669477317,0.3056517377912398,223.59886855937788,160.22541877750598,382.35720060417987,149.88728729393924,1067.3157280002638,326.1697413619812,321.72158154115004,2857.0401431054743,0.003056517377912398
280974,100.0,100.0,-1.0,10.0,1.0,0.4452382179902331,0.6202495906554402,0.2608533238514828,0.6627463571877519,0.09360528669477317,0.3056517377912398,223.59886855937788,160.22541877750598,382.35720060417987,149.88728729393924,1067.3157280002638,326.1697413619812,321.72158154115004,2857.0401431054743,0.003056517377912398
281224,10000.0,10000.0,-1.0,0.1,1.0,44.52382179902331,62.02495906554402,26.085332385148277,66.27463571877519,9.360528669477315,30.565173779123974,223.59886855937788,160.22541877750598,382.35720060417987,149.88728729393924,1067.315728000264,326.16974136198115,321.72158154115004,2857.040143105474,0.0030565173779123975
281474,10000.0,1000.0,4.0,10.0,1.7782794100389228,4.470295296708501,195.80797307649001,4497.326928875178,9852.326155895766,9966.757260059929,9999.681485007453,2235.988685593779,50.07044336797062,1.2235430419333757,0.014988728729393924,0.0033353616500008247,3.185251380488097e-05,0.002008493236098655,2235.988685593779,0.9999681485007453
281724,10000.0,10000.0,4.0,10.0,1.0,44.52382179902331,1664.7122010975481,8909.842429113536,9985.03370384592,9996.66575044281,9999.968147587651,223.59886855937788,5.007044336797062,0.12235430419333757,0.0014988728729393925,0.0003335361650000825,3.1852513804880973e-06,0.0002008493236098655,223.59886855937788,0.9999968147587651
281974,100.0,100.0,-1.0,0.1,1.0,0.4452382179902331,0.6202495906554402,0.2608533238514828,0.6627463571877519,0.09360528669477317,0.3056517377912398,223.59886855937788,160.22541877750598,382.35720060417987,149.88728729393924,1067.3157280002638,326.1697413619812,321.72158154115004,2857.0401431054743,0.003056517377912398
282224,10000.0,1000.0,4.0,0.1,1.7782794100389228,4.470295296708501,195.80797307649001,4497.326928875178,9852.326155895766,9966.757260059929,9999.681485007453,2235.988685593779,50.07044336797062,1.2235430419333757,0.014988728729393924,0.0033353616500008247,3.185251380488097e-05,0.002008493236098655,2235.988685593779,0.9999681485007453
282474,10000.0,100.0,4.0,1.0,3.1622776601683795,0.447209453919515,19.932054270790267,755.547774660386,8696.504527442223,9677.22940175138,9996.81576287908,22359.886855937788,500.7044336797062,12.235430419333756,0.14988728729393924,0.033353616500008246,0.0003185251380488097,0.02008493236098655,22359.886855937788,0.999681576287908
282724,10000.0,100.0,4.0,0.1,3.1622776601683795,0.447209453919515,19.932054270790267,755.547774660386,8696.504527442223,9677.22940175138,9996.81576287908,22359.886855937788,500.7044336797062,12.235430419333756,0.14988728729393924,0.033353616500008246,0.0003185251380488097,0.02008493236098655,22359.886855937788,0.999681576287908
282974,100.0,100.0,-1.0,10.0,1.0,0.4452382179902331,0.6202495906554402,0.2608533238514828,0.6627463571877519,0.09360528669477317,0.3056517377912398,223.59886855937788,160.22541877750598,382.35720060417987,149.88728729393924,1067.3157280002638,326.1697413619812,321.72158154115004,2857.0401431054743,0.003056517377912398
283224,100.0,100.0,-1.0,10.0,1.0,0.4452382179902331,0.6202495906554402,0.2608533238514828,0.6627463571877519,0.09360528669477317,0.3056517377912398,223.59886855937788,160.22541877750598,382.35720060417987,149.88728729393924,1067.3157280002638,326.1697413619812,321.72158154115004,2857.0401431054743,0.003056517377912398
283474,100.0,100.0,-1.0,10.0,1.0,0.4452382179902331,0.6202495906554402,0.2608533238514828,0.6627463571877519,0.09360528669477317,0.3056517377912398,223.59886855937788,160.22541877750598,382.35720060417987,149.88728729393924,1067.3157280002638,326.1697413619812,321.72158154115004,2857.0401431054743,0.003056517377912398
283724,100.0,100.0,4.0,10.0,1.0,0.4452382179902331,16.647122010975483,89.09842429113536,99.8503370384592,99.9666575044281,99.99968147587653,223.59886855937788,5.007044336797062,0.12235430419333757,0.0014988728729393925,0.00033353616500008244,3.1852513804880977e-06,0.00020084932360986548,223.59886855937788,0.9999968147587652
283737,100.0,100.0,4.0,10.0,1.0,0.4452382179902331,16.647122010975483,89.09842429113536,99.8503370384592,99.9666575044281,99.99968147587653,223.59886855937788,5.007044336797062,0.12235430419333757,0.0014988728729393925,0.00033353616500008244,3.1852513804880977e-06,0.00020084932360986548,223.59886855937788,0.9999968147587652
283987,1000.0,10000.0,4.0,10.0,0.5623413251903491,42.80842652051684,666.3537319923911,987.9124657647429,999.8501351755382,999.9666474959266,999.9996814749633,22.359886855937788,0.5007044336797062,0.012235430419333757,0.00014988728729393923,3.335361650000825e-05,3.1852513804880977e-07,2.0084932360986552e-05,22.359886855937788,0.9999996814749633
284237,1000.0,10000.0,4.0,10.0,0.5623413251903491,42.80842652051684,666.3537319923911,987.9124657647429,999.8501351755382,999.9666474959266,999.9996814749633,22.359886855937788,0.5007044336797062,0.012235430419333757,0.00014988728729393923,3.335361650000825e-05,3.1852513804880977e-07,2.0084932360986552e-05,22.359886855937788,0.9999996814749633
284487,100.0,100.0,1.0,10.0,1.0,0.4452382179902331,2.4356765412906234,6.137119943607417,40.01804216729572,27.260663289225512,83.066407162468,223.59886855937788,40.056354694376495,15.294288024167196,1.4988728729393925,2.66828932000066,0.20385608835123825,1.2601727434864896,223.59886855937788,0.8306640716246799
284737,100.0,100.0,-1.0,1.0,1.0,0.4452382179902331,0.6202495906554402,0.2608533238514828,0.6627463571877519,0.09360528669477317,0.3056517377912398,223.59886855937788,160.22541877750598,382.35720060417987,149.88728729393924,1067.3157280002638,326.1697413619812,321.72158154115004,2857.0401431054743,0.003056517377912398
284987,100.0,100.0,-1.0,10.0,1.0,0.4452382179902331,0.6202495906554402,0.2608533238514828,0.6627463571877519,0.09360528669477317,0.3056517377912398,223.59886855937788,160.22541877750598,382.35720060417987,149.88728729393924,1067.3157280002638,326.1697413619812,321.72158154115004,2857.0401431054743,0.003056517377912398
285237,10000.0,1000.0,-1.0,10.0,0.1,4.470295296708501,6.237314130379819,2.6146716506324577,6.667231723714284,0.9368421073141174,3.064948639814399,2235.988685593779,1602.2541877750598,3823.572006041799,1498.8728729393924,10673.157280002639,3261.6974136198114,3217.2158154115004,28570.40143105474,0.0003064948639814399
285487,10000.0,10000.0,4.0,10.0,1.0,44.52382179902331,1664.7122010975481,8909.842429113536,9985.03370384592,9996.66575044281,9999.968147587651,223.59886855937788,5.007044336797062,0.12235430419333757,0.0014988728729393925,0.0003335361650000825,3.1852513804880973e-06,0.0002008493236098655,223.59886855937788,0.9999968147587651
285737,10000.0,100.0,3.0,0.1,4.641588833612778,0.447209453919515,9.975969213383378,160.83078209263562,4001.8042167295716,5998.539967368428,9874.192854318308,22359.886855937788,1001.4088673594124,61.17715209666878,1.4988728729393923,0.667072330000165,0.012741005521952389,0.36510276484674176,22359.886855937788,0.9874192854318308
285987,10000.0,100.0,2.0,0.1,10.0,0.447209453919515,4.990473847364765,32.585415446614526,625.4405943867098,697.2797290893724,6624.094841738789,22359.886855937788,2002.8177347188248,305.8857604833439,14.988728729393925,13.341446600003298,0.5096402208780956,7.688438638558493,22359.886855937788,0.6624094841738789
286237,10000.0,100.0,1.0,0.1,100.0,0.447209453919515,2.495859699810312,6.534116441228023,66.27463571877519,37.337265714062355,467.604176111926,22359.886855937788,4005.6354694376496,1529.4288024167195,149.88728729393924,266.828932000066,20.385608835123822,126.01727434864895,22359.886855937788,0.0467604176111926
286487,10000.0,100.0,2.0,10.0,10.0,0.447209453919515,4.990473847364765,32.585415446614526,625.4405943867098,697.2797290893724,6624.094841738789,22359.886855937788,2002.8177347188248,305.8857604833439,14.988728729393925,13.341446600003298,0.5096402208780956,7.688438638558493,22359.886855937788,0.6624094841738789
286501,10000.0,10000.0,4.0,10.0,1.0,44.52382179902331,1664.7122010975481,8909.842429113536,9985.03370384592,9996.66575044281,9999.968147587651,223.59886855937788,5.007044336797062,0.12235430419333757,0.0014988728729393925,0.0003335361650000825,3.1852513804880973e-06,0.0002008493236098655,223.59886855937788,0.9999968147587651
286751,100.0,1000.0,-1.0,0.1,10.0,4.280842652051684,5.874563312468951,2.5486979682292765,6.2544059438670985,0.928232990579485,2.9746877156418994,22.359886855937788,16.022541877750598,38.23572006041799,14.988728729393925,106.73157280002638,32.61697413619812,32.17215815411501,285.7040143105474,0.029746877156418994
287001,1000.0,100.0,2.0,0.1,3.1622776601683795,0.44702952967085,4.968159723312913,31.657014183541463,400.18042167295715,428.4224611853572,951.5073579906511,2235.988685593779,200.28177347188247,30.588576048334392,1.4988728729393925,1.33414466000033,0.050964022087809556,0.7688438638558492,2235.988685593779,0.9515073579906511
287251,100.0,100.0,-1.0,10.0,1.0,0.4452382179902331,0.6202495906554402,0.2608533238514828,0.6627463571877519,0.09360528669477317,0.3056517377912398,223.59886855937788,160.22541877750598,382.35720060417987,149.88728729393924,1067.3157280002638,326.1697413619812,321.72158154115004,2857.0401431054743,0.003056517377912398
287501,10000.0,100.0,-1.0,0.1,0.01,0.447209453919515,0.6240817464886116,0.26152870811615014,0.6671234803863143,0.09369211045568958,0.30657943250075737,22359.886855937788,16022.541877750598,38235.72006041799,14988.728729393924,106731.57280002639,32616.974136198114,32172.158154115008,285704.0143105474,3.065794325007574e-05
287751,10000.0,100.0,2.0,1.0,10.0,0.447209453919515,4.990473847364765,32.585415446614526,625.4405943867098,697.2797290893724,6624.094841738789,22359.886855937788,2002.8177347188248,305.8857604833439,14.988728729393925,13.341446600003298,0.5096402208780956,7.688438638558493,22359.886855937788,0.6624094841738789
288001,10000.0,1000.0,0.0,0.1,nan,4.470295296708501,12.466852293362562,13.059699522719153,66.27463571877519,18.703549827516483,121.1498056575271,2235.988685593779,801.1270938875299,764.7144012083597,149.88728729393924,533.657864000132,81.54243534049529,186.95080120810997,2235.988685593779,0.01211498056575271
288251,10000.0,100.0,3.0,10.0,4.641588833612778,0.447209453919515,9.975969213383378,160.83078209263562,4001.8042167295716,5998.539967368428,9874.192854318308,22359.886855937788,1001.4088673594124,61.17715209666878,1.4988728729393923,0.667072330000165,0.012741005521952389,0.36510276484674176,22359.886855937788,0.9874192854318308
288501,10000.0,100.0,-1.0,10.0,0.01,0.447209453919515,0.6240817464886116,0.26152870811615014,0.6671234803863143,0.09369211045568958,0.30657943250075737,22359.886855937788,16022.541877750598,38235.72006041799,14988.728729393924,106731.57280002639,32616.974136198114,32172.158154115008,285704.0143105474,3.065794325007574e-05
288751,10000.0,100.0,4.0,10.0,3.1622776601683795,0.447209453919515,19.932054270790267,755.547774660386,8696.504527442223,9677.22940175138,9996.81576287908,22359.886855937788,500.7044336797062,12.235430419333756,0.14988728729393924,0.033353616500008246,0.0003185251380488097,0.02008493236098655,22359.886855937788,0.999681576287908
289001,1000.0,100.0,-1.0,10.0,0.1,0.44702952967085,0.623731413037982,0.26146716506324574,0.6667231723714283,0.09368421073141175,0.30649486398143994,2235.988685593779,1602.2541877750598,3823.572006041799,1498.8728729393924,10673.157280002639,3261.697413619812,3217.2158154115004,28570.401431054743,0.0003064948639814399
289251,10000.0,1000.0,4.0,10.0,1.7782794100389228,4.470295296708501,195.80797307649001,4497.326928875178,9852.326155895766,9966.757260059929,9999.681485007453,2235.988685593779,50.07044336797062,1.2235430419333757,0.014988728729393924,0.0033353616500008247,3.185251380488097e-05,0.002008493236098655,2235.988685593779,0.9999681485007453
289264,10000.0,1000.0,4.0,10.0,1.7782794100389228,4.470295296708501,195.80797307649001,4497.326928875178,9852.326155895766,9966.757260059929,9999.681485007453,2235.988685593779,50.07044336797062,1.2235430419333757,0.014988728729393924,0.0033353616500008247,3.185251380488097e-05,0.002008493236098655,2235.988685593779,0.9999681485007453
289514,10000.0,100.0,3.0,10.0,4.641588833612778,0.447209453919515,9.975969213383378,160.83078209263562,4001.8042167295716,5998.539967368428,9874.192854318308,22359.886855937788,1001.4088673594124,61.17715209666878,1.4988728729393923,0.667072330000165,0.012741005521952389,0.36510276484674176,22359.886855937788,0.9874192854318308
289764,10000.0,10000.0,0.0,10.0,nan,44.52382179902331,123.28524192272377,129.07982586102068,625.4405943867098,183.93921365216514,1092.389552758199,223.59886855937788,80.11270938875299,76.47144012083598,14.988728729393925,53.36578640001319,8.15424353404953,18.695080120811,223.59886855937788,0.1092389552758199
290014,10000.0,100.0,3.0,10.0,4.641588833612778,0.447209453919515,9.975969213383378,160.83078209263562,4001.8042167295716,5998.539967368428,9874.192854318308,22359.886855937788,1001.4088673594124,61.17715209666878,1.4988728729393923,0.667072330000165,0.012741005521952389,0.36510276484674176,22359.886855937788,0.9874192854318308
290264,100.0,100.0,1.0,0.1,1.0,0.4452382179902331,2.4356765412906234,6.137119943607417,40.01804216729572,27.260663289225512,83.066407162468,223.59886855937788,40.056354694376495,15.294288024167196,1.4988728729393925,2.66828932000066,0.20385608835123825,1.2601727434864896,223.59886855937788,0.8306640716246799
290514,10000.0,100.0,4.0,10.0,3.1622776601683795,0.447209453919515,19.932054270790267,755.547774660386,8696.504527442223,9677.22940175138,9996.81576287908,22359.886855937788,500.7044336797062,12.235430419333756,0.14988728729393924,0.033353616500008246,0.0003185251380488097,0.02008493236098655,22359.886855937788,0.999681576287908
290764,10000.0,10000.0,4.0,10.0,1.0,44.52382179902331,1664.7122010975481,8909.842429113536,9985.03370384592,9996.66575044281,9999.968147587651,223.59886855937788,5.007044336797062,0.12235430419333757,0.0014988728729393925,0.0003335361650000825,3.1852513804880973e-06,0.0002008493236098655,223.59886855937788,0.9999968147587651
291014,1000.0,10000.0,4.0,10.0,0.5623413251903491,42.80842652051684,666.3537319923911,987.9124657647429,999.8501351755382,999.9666474959266,999.9996814749633,22.359886855937788,0.5007044336797062,0.012235430419333757,0.00014988728729393923,3.335361650000825e-05,3.1852513804880977e-07,2.0084932360986552e-05,22.359886855937788,0.9999996814749633
291264,1000.0,100.0,-1.0,0.1,0.1,0.44702952967085,0.623731413037982,0.26146716506324574,0.6667231723714283,0.09368421073141175,0.30649486398143994,2235.988685593779,1602.2541877750598,3823.572006041799,1498.8728729393924,10673.157280002639,3261.697413619812,3217.2158154115004,28570.401431054743,0.0003064948639814399
291514,100.0,100.0,-1.0,0.1,1.0,0.4452382179902331,0.6202495906554402,0.2608533238514828,0.6627463571877519,0.09360528669477317,0.3056517377912398,223.59886855937788,160.22541877750598,382.35720060417987,149.88728729393924,1067.3157280002638,326.1697413619812,321.72158154115004,2857.0401431054743,0.003056517377912398
291764,100.0,1000.0,4.0,0.1,0.5623413251903491,4.280842652051684,66.6353731992391,98.79124657647431,99.9850135175538,99.99666474959267,99.99996814749635,22.359886855937788,0.5007044336797062,0.012235430419333757,0.00014988728729393923,3.335361650000825e-05,3.1852513804880977e-07,2.008493236098655e-05,22.359886855937788,0.9999996814749634
292014,10000.0,1000.0,0.5,1.0,100.0,4.470295296708501,17.621691858663294,29.15531142282814,206.6178797121441,83.10512246803673,719.7874051189076,2235.988685593779,566.4824006801443,341.9906768949879,47.39852201528638,119.32952606316329,12.892991081648638,49.58970839163523,2235.988685593779,0.07197874051189077
292027,10000.0,100.0,-1.0,1.0,0.01,0.447209453919515,0.6240817464886116,0.26152870811615014,0.6671234803863143,0.09369211045568958,0.30657943250075737,22359.886855937788,16022.541877750598,38235.72006041799,14988.728729393924,106731.57280002639,32616.974136198114,32172.158154115008,285704.0143105474,3.065794325007574e-05
292277,10000.0,10000.0,1.0,10.0,1.0,44.52382179902331,243.56765412906233,613.7119943607418,4001.8042167295716,2726.0663289225513,8306.640716246799,223.59886855937788,40.056354694376495,15.294288024167194,1.4988728729393923,2.66828932000066,0.20385608835123822,1.2601727434864896,223.59886855937788,0.8306640716246798
292527,10000.0,10000.0,4.0,10.0,1.0,44.52382179902331,1664.7122010975481,8909.842429113536,9985.03370384592,9996.66575044281,9999.968147587651,223.59886855937788,5.007044336797062,0.12235430419333757,0.0014988728729393925,0.0003335361650000825,3.1852513804880973e-06,0.0002008493236098655,223.59886855937788,0.9999968147587651
292777,10000.0,10000.0,4.0,0.1,1.0,44.52382179902331,1664.7122010975481,8909.842429113536,9985.03370384592,9996.66575044281,9999.968147587651,223.59886855937788,5.007044336797062,0.12235430419333757,0.0014988728729393925,0.0003335361650000825,3.1852513804880973e-06,0.0002008493236098655,223.59886855937788,0.9999968147587651
293027,100.0,1000.0,-1.0,10.0,10.0,4.280842652051684,5.874563312468951,2.5486979682292765,6.2544059438670985,0.928232990579485,2.9746877156418994,22.359886855937788,16.022541877750598,38.23572006041799,14.988728729393925,106.73157280002638,32.61697413619812,32.17215815411501,285.7040143105474,0.029746877156418994
293277,1000.0,100.0,-1.0,0.1,0.1,0.44702952967085,0.623731413037982,0.26146716506324574,0.6667231723714283,0.09368421073141175,0.30649486398143994,2235.988685593779,1602.2541877750598,3823.572006041799,1498.8728729393924,10673.157280002639,3261.697413619812,3217.2158154115004,28570.401431054743,0.0003064948639814399
293527,100.0,10000.0,4.0,0.1,0.31622776601683794,30.90245662637438,95.23170624559474,99.87779521861661,99.99850114959293,99.99966646494745,99.99999681474871,2.235988685593779,0.05007044336797062,0.0012235430419333757,1.4988728729393924e-05,3.3353616500008245e-06,3.1852513804880976e-08,2.0084932360986547e-06,2.235988685593779,0.9999999681474872
293777,1000.0,100.0,-1.0,1.0,0.1,0.44702952967085,0.623731413037982,0.26146716506324574,0.6667231723714283,0.09368421073141175,0.30649486398143994,2235.988685593779,1602.2541877750598,3823.572006041799,1498.8728729393924,10673.157280002639,3261.697413619812,3217.2158154115004,28570.401431054743,0.0003064948639814399
294027,100.0,10000.0,-1.0,10.0,100.0,30.90245662637438,38.428221374292605,20.731524246915832,40.01804216729572,8.56666260903643,23.46482875119511,2.235988685593779,1.6022541877750598,3.823572006041799,1.4988728729393925,10.67315728000264,3.261697413619812,3.2172158154115005,28.57040143105474,0.2346482875119511
294277,1000.0,100.0,-1.0,0.1,0.1,0.44702952967085,0.623731413037982,0.26146716506324574,0.6667231723714283,0.09368421073141175,0.30649486398143994,2235.988685593779,1602.2541877750598,3823.572006041799,1498.8728729393924,10673.157280002639,3261.697413619812,3217.2158154115004,28570.401431054743,0.0003064948639814399
294527,1000.0,10000.0,1.0,0.1,0.1,42.80842652051684,199.77483500458402,395.34617422105697,869.6504527442223,789.3725622615856,980.0216617535443,22.359886855937788,4.0056354694376495,1.5294288024167195,0.14988728729393924,0.26682893200006597,0.020385608835123824,0.12601727434864896,22.359886855937788,0.9800216617535443
294777,100.0,10000.0,4.0,10.0,0.31622776601683794,30.90245662637438,95.23170624559474,99.87779521861661,99.99850114959293,99.99966646494745,99.99999681474871,2.235988685593779,0.05007044336797062,0.0012235430419333757,1.4988728729393924e-05,3.3353616500008245e-06,3.1852513804880976e-08,2.0084932360986547e-06,2.235988685593779,0.9999999681474872
294790,10000.0,10000.0,-0.5,10.0,1.0,44.52382179902331,87.4917581722429,58.14111062697643,206.6178797121441,41.72594321506749,190.2154528196182,223.59886855937788,113.29648013602886,170.99533844749396,47.39852201528638,238.65905212632657,51.57196432659455,72.08928253157609,560.3116708004898,0.01902154528196182
295040,10000.0,1000.0,4.0,10.0,1.7782794100389228,4.470295296708501,195.80797307649001,4497.326928875178,9852.326155895766,9966.757260059929,9999.681485007453,2235.988685593779,50.07044336797062,1.2235430419333757,0.014988728729393924,0.0033353616500008247,3.185251380488097e-05,0.002008493236098655,2235.988685593779,0.9999681485007453
295290,10000.0,100.0,4.0,0.1,3.1622776601683795,0.447209453919515,19.932054270790267,755.547774660386,8696.504527442223,9677.22940175138,9996.81576287908,22359.886855937788,500.7044336797062,12.235430419333756,0.14988728729393924,0.033353616500008246,0.0003185251380488097,0.02008493236098655,22359.886855937788,0.999681576287908
295540,10000.0,10000.0,-0.5,10.0,1.0,44.52382179902331,87.4917581722429,58.14111062697643,206.6178797121441,41.72594321506749,190.2154528196182,223.59886855937788,113.29648013602886,170.99533844749396,47.39852201528638,238.65905212632657,51.57196432659455,72.08928253157609,560.3116708004898,0.01902154528196182
295790,100.0,1000.0,-0.5,10.0,99.99999999999999,4.280842652051684,8.110531613690299,5.5250041718068665,17.422051385463895,4.021570867615021,16.241157983781807,22.359886855937788,11.329648013602887,17.0995338447494,4.739852201528638,23.865905212632658,5.157196432659457,7.208928253157609,56.03116708004898,0.16241157983781807
296040,1000.0,100.0,-1.0,10.0,0.1,0.44702952967085,0.623731413037982,0.26146716506324574,0.6667231723714283,0.09368421073141175,0.30649486398143994,2235.988685593779,1602.2541877750598,3823.572006041799,1498.8728729393924,10673.157280002639,3261.697413619812,3217.2158154115004,28570.401431054743,0.0003064948639814399
296290,10000.0,10000.0,4.0,10.0,1.0,44.52382179902331,1664.7122010975481,8909.842429113536,9985.03370384592,9996.66575044281,9999.968147587651,223.59886855937788,5.007044336797062,0.12235430419333757,0.0014988728729393925,0.0003335361650000825,3.1852513804880973e-06,0.0002008493236098655,223.59886855937788,0.9999968147587651
296540,10000.0,10000.0,4.0,10.0,1.0,44.52382179902331,1664.7122010975481,8909.842429113536,9985.03370384592,9996.66575044281,9999.968147587651,223.59886855937788,5.007044336797062,0.12235430419333757,0.0014988728729393925,0.0003335361650000825,3.1852513804880973e-06,0.0002008493236098655,223.59886855937788,0.9999968147587651
296790,10000.0,1000.0,-1.0,0.1,0.1,4.470295296708501,6.237314130379819,2.6146716506324577,6.667231723714284,0.9368421073141174,3.064948639814399,2235.988685593779,1602.2541877750598,3823.572006041799,1498.8728729393924,10673.157280002639,3261.6974136198114,3217.2158154115004,28570.40143105474,0.0003064948639814399
297040,10000.0,10000.0,4.0,10.0,1.0,44.52382179902331,1664.7122010975481,8909.842429113536,9985.03370384592,9996.66575044281,9999.968147587651,223.59886855937788,5.007044336797062,0.12235430419333757,0.0014988728729393925,0.0003335361650000825,3.1852513804880973e-06,0.0002008493236098655,223.59886855937788,0.9999968147587651
297290,1000.0,100.0,-1.0,0.1,0.1,0.44702952967085,0.623731413037982,0.26146716506324574,0.6667231723714283,0.09368421073141175,0.30649486398143994,2235.988685593779,1602.2541877750598,3823.572006041799,1498.8728729393924,10673.157280002639,3261.697413619812,3217.2158154115004,28570.401431054743,0.0003064948639814399
297540,10000.0,10000.0,4.0,10.0,1.0,44.52382179902331,1664.7122010975481,8909.842429113536,9985.03370384592,9996.66575044281,9999.968147587651,223.59886855937788,5.007044336797062,0.12235430419333757,0.0014988728729393925,0.0003335361650000825,3.1852513804880973e-06,0.0002008493236098655,223.59886855937788,0.9999968147587651
297553,10000.0,10000.0,4.0,10.0,1.0,44.52382179902331,1664.7122010975481,8909.842429113536,9985.03370384592,9996.66575044281,9999.968147587651,223.59886855937788,5.007044336797062,0.12235430419333757,0.0014988728729393925,0.0003335361650000825,3.1852513804880973e-06,0.0002008493236098655,223.59886855937788,0.9999968147587651
297803,10000.0,10000.0,4.0,1.0,1.0,44.52382179902331,1664.7122010975481,8909.842429113536,9985.03370384592,9996.66575044281,9999.968147587651,223.59886855937788,5.007044336797062,0.12235430419333757,0.0014988728729393925,0.0003335361650000825,3.1852513804880973e-06,0.0002008493236098655,223.59886855937788,0.9999968147587651
298053,100.0,1000.0,-0.5,0.1,99.99999999999999,4.280842652051684,8.110531613690299,5.5250041718068665,17.422051385463895,4.021570867615021,16.241157983781807,22.359886855937788,11.329648013602887,17.0995338447494,4.739852201528638,23.865905212632658,5.157196432659457,7.208928253157609,56.03116708004898,0.16241157983781807
298303,10000.0,100.0,3.0,10.0,4.641588833612778,0.447209453919515,9.975969213383378,160.83078209263562,4001.8042167295716,5998.539967368428,9874.192854318308,22359.886855937788,1001.4088673594124,61.17715209666878,1.4988728729393923,0.667072330000165,0.012741005521952389,0.36510276484674176,22359.886855937788,0.9874192854318308
298553,10000.0,100.0,1.0,1.0,100.0,0.447209453919515,2.495859699810312,6.534116441228023,66.27463571877519,37.337265714062355,467.604176111926,22359.886855937788,4005.6354694376496,1529.4288024167195,149.88728729393924,266.828932000066,20.385608835123822,126.01727434864895,22359.886855937788,0.0467604176111926
298803,1000.0,10000.0,4.0,1.0,0.5623413251903491,42.80842652051684,666.3537319923911,987.9124657647429,999.8501351755382,999.9666474959266,999.9996814749633,22.359886855937788,0.5007044336797062,0.012235430419333757,0.00014988728729393923,3.335361650000825e-05,3.1852513804880977e-07,2.0084932360986552e-05,22.359886855937788,0.9999996814749633
299053,10000.0,100.0,4.0,0.1,3.1622776601683795,0.447209453919515,19.932054270790267,755.547774660386,8696.504527442223,9677.22940175138,9996.81576287908,22359.886855937788,500.7044336797062,12.235430419333756,0.14988728729393924,0.033353616500008246,0.0003185251380488097,0.02008493236098655,22359.886855937788,0.999681576287908
299303,10000.0,100.0,3.0,10.0,4.641588833612778,0.447209453919515,9.975969213383378,160.83078209263562,4001.8042167295716,5998.539967368428,9874.192854318308,22359.886855937788,1001.4088673594124,61.17715209666878,1.4988728729393923,0.667072330000165,0.012741005521952389,0.36510276484674176,22359.886855937788,0.9874192854318308
299553,10000.0,100.0,3.0,10.0,4.641588833612778,0.447209453919515,9.975969213383378,160.83078209263562,4001.8042167295716,5998.539967368428,9874.192854318308,22359.886855937788,1001.4088673594124,61.17715209666878,1.4988728729393923,0.667072330000165,0.012741005521952389,0.36510276484674176,22359.886855937788,0.9874192854318308
299803,1000.0,100.0,3.0,0.1,2.154434690031884,0.44702952967085,9.887198266422178,140.49452254592268,869.6504527442223,937.4643473519828,998.7275207143653,2235.988685593779,100.14088673594124,6.117715209666878,0.14988728729393924,0.06670723300001649,0.001274100552195239,0.03651027648467417,2235.988685593779,0.9987275207143652
300053,100.0,1000.0,4.0,10.0,0.5623413251903491,4.280842652051684,66.6353731992391,98.79124657647431,99.9850135175538,99.99666474959267,99.99996814749635,22.359886855937788,0.5007044336797062,0.012235430419333757,0.00014988728729393923,3.335361650000825e-05,3.1852513804880977e-07,2.008493236098655e-05,22.359886855937788,0.9999996814749634
300303,10000.0,100.0,-1.0,10.0,0.01,0.447209453919515,0.6240817464886116,0.26152870811615014,0.6671234803863143,0.09369211045568958,0.30657943250075737,22359.886855937788,16022.541877750598,38235.72006041799,14988.728729393924,106731.57280002639,32616.974136198114,32172.158154115008,285704.0143105474,3.065794325007574e-05
