/u/home/j/jamesdc1/.conda/envs/hpc-pi/lib/python3.11/site-packages/pandas/core/arraylike.py:399: RuntimeWarning: divide by zero encountered in log
  result = getattr(ufunc, method)(*inputs, **kwargs)
/u/home/j/jamesdc1/.conda/envs/hpc-pi/lib/python3.11/site-packages/pandas/core/arraylike.py:399: RuntimeWarning: divide by zero encountered in log
  result = getattr(ufunc, method)(*inputs, **kwargs)
/u/home/j/jamesdc1/.conda/envs/hpc-pi/lib/python3.11/site-packages/pandas/core/arraylike.py:399: RuntimeWarning: divide by zero encountered in log
  result = getattr(ufunc, method)(*inputs, **kwargs)
/u/home/j/jamesdc1/.conda/envs/hpc-pi/lib/python3.11/site-packages/pandas/core/arraylike.py:399: RuntimeWarning: divide by zero encountered in log
  result = getattr(ufunc, method)(*inputs, **kwargs)
/u/home/j/jamesdc1/.conda/envs/hpc-pi/lib/python3.11/site-packages/pandas/core/arraylike.py:399: RuntimeWarning: divide by zero encountered in log
  result = getattr(ufunc, method)(*inputs, **kwargs)
/u/home/j/jamesdc1/.conda/envs/hpc-pi/lib/python3.11/site-packages/pandas/core/arraylike.py:399: RuntimeWarning: divide by zero encountered in log
  result = getattr(ufunc, method)(*inputs, **kwargs)
/u/home/j/jamesdc1/.conda/envs/hpc-pi/lib/python3.11/site-packages/pandas/core/arraylike.py:399: RuntimeWarning: divide by zero encountered in log
  result = getattr(ufunc, method)(*inputs, **kwargs)
/u/home/j/jamesdc1/.conda/envs/hpc-pi/lib/python3.11/site-packages/pandas/core/arraylike.py:399: RuntimeWarning: divide by zero encountered in log
  result = getattr(ufunc, method)(*inputs, **kwargs)
/u/home/j/jamesdc1/.conda/envs/hpc-pi/lib/python3.11/site-packages/pandas/core/arraylike.py:399: RuntimeWarning: divide by zero encountered in log
  result = getattr(ufunc, method)(*inputs, **kwargs)
/u/home/j/jamesdc1/.conda/envs/hpc-pi/lib/python3.11/site-packages/pandas/core/arraylike.py:399: RuntimeWarning: divide by zero encountered in log
  result = getattr(ufunc, method)(*inputs, **kwargs)
/u/home/j/jamesdc1/.conda/envs/hpc-pi/lib/python3.11/site-packages/pandas/core/arraylike.py:399: RuntimeWarning: divide by zero encountered in log
  result = getattr(ufunc, method)(*inputs, **kwargs)
/u/home/j/jamesdc1/.conda/envs/hpc-pi/lib/python3.11/site-packages/pandas/core/arraylike.py:399: RuntimeWarning: divide by zero encountered in log
  result = getattr(ufunc, method)(*inputs, **kwargs)
/u/home/j/jamesdc1/.conda/envs/hpc-pi/lib/python3.11/site-packages/pandas/core/arraylike.py:399: RuntimeWarning: divide by zero encountered in log
  result = getattr(ufunc, method)(*inputs, **kwargs)
/u/home/j/jamesdc1/.conda/envs/hpc-pi/lib/python3.11/site-packages/pandas/core/arraylike.py:399: RuntimeWarning: divide by zero encountered in log
  result = getattr(ufunc, method)(*inputs, **kwargs)
/u/home/j/jamesdc1/.conda/envs/hpc-pi/lib/python3.11/site-packages/pandas/core/arraylike.py:399: RuntimeWarning: divide by zero encountered in log
  result = getattr(ufunc, method)(*inputs, **kwargs)
/u/home/j/jamesdc1/.conda/envs/hpc-pi/lib/python3.11/site-packages/pandas/core/arraylike.py:399: RuntimeWarning: divide by zero encountered in log
  result = getattr(ufunc, method)(*inputs, **kwargs)
/u/home/j/jamesdc1/.conda/envs/hpc-pi/lib/python3.11/site-packages/pandas/core/arraylike.py:399: RuntimeWarning: divide by zero encountered in log
  result = getattr(ufunc, method)(*inputs, **kwargs)
/u/home/j/jamesdc1/.conda/envs/hpc-pi/lib/python3.11/site-packages/pandas/core/arraylike.py:399: RuntimeWarning: divide by zero encountered in log
  result = getattr(ufunc, method)(*inputs, **kwargs)
/u/home/j/jamesdc1/.conda/envs/hpc-pi/lib/python3.11/site-packages/pandas/core/arraylike.py:399: RuntimeWarning: divide by zero encountered in log
  result = getattr(ufunc, method)(*inputs, **kwargs)
/u/home/j/jamesdc1/.conda/envs/hpc-pi/lib/python3.11/site-packages/pandas/core/arraylike.py:399: RuntimeWarning: divide by zero encountered in log
  result = getattr(ufunc, method)(*inputs, **kwargs)
/u/home/j/jamesdc1/.conda/envs/hpc-pi/lib/python3.11/site-packages/pandas/core/arraylike.py:399: RuntimeWarning: divide by zero encountered in log
  result = getattr(ufunc, method)(*inputs, **kwargs)
/u/home/j/jamesdc1/.conda/envs/hpc-pi/lib/python3.11/site-packages/pandas/core/arraylike.py:399: RuntimeWarning: divide by zero encountered in log
  result = getattr(ufunc, method)(*inputs, **kwargs)
/u/home/j/jamesdc1/.conda/envs/hpc-pi/lib/python3.11/site-packages/pandas/core/arraylike.py:399: RuntimeWarning: divide by zero encountered in log
  result = getattr(ufunc, method)(*inputs, **kwargs)
/u/home/j/jamesdc1/.conda/envs/hpc-pi/lib/python3.11/site-packages/pandas/core/arraylike.py:399: RuntimeWarning: divide by zero encountered in log
  result = getattr(ufunc, method)(*inputs, **kwargs)
/u/home/j/jamesdc1/.conda/envs/hpc-pi/lib/python3.11/site-packages/pandas/core/arraylike.py:399: RuntimeWarning: divide by zero encountered in log
  result = getattr(ufunc, method)(*inputs, **kwargs)
/u/home/j/jamesdc1/.conda/envs/hpc-pi/lib/python3.11/site-packages/pandas/core/arraylike.py:399: RuntimeWarning: divide by zero encountered in log
  result = getattr(ufunc, method)(*inputs, **kwargs)
/u/home/j/jamesdc1/.conda/envs/hpc-pi/lib/python3.11/site-packages/pandas/core/arraylike.py:399: RuntimeWarning: divide by zero encountered in log
  result = getattr(ufunc, method)(*inputs, **kwargs)
/u/home/j/jamesdc1/.conda/envs/hpc-pi/lib/python3.11/site-packages/pandas/core/arraylike.py:399: RuntimeWarning: divide by zero encountered in log
  result = getattr(ufunc, method)(*inputs, **kwargs)
/u/home/j/jamesdc1/.conda/envs/hpc-pi/lib/python3.11/site-packages/pandas/core/arraylike.py:399: RuntimeWarning: divide by zero encountered in log
  result = getattr(ufunc, method)(*inputs, **kwargs)
/u/home/j/jamesdc1/.conda/envs/hpc-pi/lib/python3.11/site-packages/pandas/core/arraylike.py:399: RuntimeWarning: divide by zero encountered in log
  result = getattr(ufunc, method)(*inputs, **kwargs)
/u/home/j/jamesdc1/.conda/envs/hpc-pi/lib/python3.11/site-packages/pandas/core/arraylike.py:399: RuntimeWarning: divide by zero encountered in log
  result = getattr(ufunc, method)(*inputs, **kwargs)
/u/home/j/jamesdc1/.conda/envs/hpc-pi/lib/python3.11/site-packages/pandas/core/arraylike.py:399: RuntimeWarning: divide by zero encountered in log
  result = getattr(ufunc, method)(*inputs, **kwargs)
/u/home/j/jamesdc1/.conda/envs/hpc-pi/lib/python3.11/site-packages/pandas/core/arraylike.py:399: RuntimeWarning: divide by zero encountered in log
  result = getattr(ufunc, method)(*inputs, **kwargs)
/u/home/j/jamesdc1/.conda/envs/hpc-pi/lib/python3.11/site-packages/pandas/core/arraylike.py:399: RuntimeWarning: divide by zero encountered in log
  result = getattr(ufunc, method)(*inputs, **kwargs)
/u/home/j/jamesdc1/.conda/envs/hpc-pi/lib/python3.11/site-packages/pandas/core/arraylike.py:399: RuntimeWarning: divide by zero encountered in log
  result = getattr(ufunc, method)(*inputs, **kwargs)
/u/home/j/jamesdc1/.conda/envs/hpc-pi/lib/python3.11/site-packages/pandas/core/arraylike.py:399: RuntimeWarning: divide by zero encountered in log
  result = getattr(ufunc, method)(*inputs, **kwargs)
/u/home/j/jamesdc1/.conda/envs/hpc-pi/lib/python3.11/site-packages/pandas/core/arraylike.py:399: RuntimeWarning: divide by zero encountered in log
  result = getattr(ufunc, method)(*inputs, **kwargs)
/u/home/j/jamesdc1/.conda/envs/hpc-pi/lib/python3.11/site-packages/pandas/core/arraylike.py:399: RuntimeWarning: divide by zero encountered in log
  result = getattr(ufunc, method)(*inputs, **kwargs)
/u/home/j/jamesdc1/.conda/envs/hpc-pi/lib/python3.11/site-packages/pandas/core/arraylike.py:399: RuntimeWarning: divide by zero encountered in log
  result = getattr(ufunc, method)(*inputs, **kwargs)
/u/home/j/jamesdc1/.conda/envs/hpc-pi/lib/python3.11/site-packages/pandas/core/arraylike.py:399: RuntimeWarning: divide by zero encountered in log
  result = getattr(ufunc, method)(*inputs, **kwargs)
/u/home/j/jamesdc1/.conda/envs/hpc-pi/lib/python3.11/site-packages/pandas/core/arraylike.py:399: RuntimeWarning: divide by zero encountered in log
  result = getattr(ufunc, method)(*inputs, **kwargs)
/u/home/j/jamesdc1/.conda/envs/hpc-pi/lib/python3.11/site-packages/pandas/core/arraylike.py:399: RuntimeWarning: divide by zero encountered in log
  result = getattr(ufunc, method)(*inputs, **kwargs)
/u/home/j/jamesdc1/.conda/envs/hpc-pi/lib/python3.11/site-packages/pandas/core/arraylike.py:399: RuntimeWarning: divide by zero encountered in log
  result = getattr(ufunc, method)(*inputs, **kwargs)
/u/home/j/jamesdc1/.conda/envs/hpc-pi/lib/python3.11/site-packages/pandas/core/arraylike.py:399: RuntimeWarning: divide by zero encountered in log
  result = getattr(ufunc, method)(*inputs, **kwargs)
/u/home/j/jamesdc1/.conda/envs/hpc-pi/lib/python3.11/site-packages/pandas/core/arraylike.py:399: RuntimeWarning: divide by zero encountered in log
  result = getattr(ufunc, method)(*inputs, **kwargs)
/u/home/j/jamesdc1/.conda/envs/hpc-pi/lib/python3.11/site-packages/pandas/core/arraylike.py:399: RuntimeWarning: divide by zero encountered in log
  result = getattr(ufunc, method)(*inputs, **kwargs)
/u/home/j/jamesdc1/.conda/envs/hpc-pi/lib/python3.11/site-packages/pandas/core/arraylike.py:399: RuntimeWarning: divide by zero encountered in log
  result = getattr(ufunc, method)(*inputs, **kwargs)
/u/home/j/jamesdc1/.conda/envs/hpc-pi/lib/python3.11/site-packages/pandas/core/arraylike.py:399: RuntimeWarning: divide by zero encountered in log
  result = getattr(ufunc, method)(*inputs, **kwargs)
/u/home/j/jamesdc1/.conda/envs/hpc-pi/lib/python3.11/site-packages/pandas/core/arraylike.py:399: RuntimeWarning: divide by zero encountered in log
  result = getattr(ufunc, method)(*inputs, **kwargs)
/u/home/j/jamesdc1/.conda/envs/hpc-pi/lib/python3.11/site-packages/pandas/core/arraylike.py:399: RuntimeWarning: divide by zero encountered in log
  result = getattr(ufunc, method)(*inputs, **kwargs)
/u/home/j/jamesdc1/.conda/envs/hpc-pi/lib/python3.11/site-packages/pandas/core/arraylike.py:399: RuntimeWarning: divide by zero encountered in log
  result = getattr(ufunc, method)(*inputs, **kwargs)
/u/home/j/jamesdc1/.conda/envs/hpc-pi/lib/python3.11/site-packages/pandas/core/arraylike.py:399: RuntimeWarning: divide by zero encountered in log
  result = getattr(ufunc, method)(*inputs, **kwargs)
/u/home/j/jamesdc1/.conda/envs/hpc-pi/lib/python3.11/site-packages/pandas/core/arraylike.py:399: RuntimeWarning: divide by zero encountered in log
  result = getattr(ufunc, method)(*inputs, **kwargs)
/u/home/j/jamesdc1/.conda/envs/hpc-pi/lib/python3.11/site-packages/pandas/core/arraylike.py:399: RuntimeWarning: divide by zero encountered in log
  result = getattr(ufunc, method)(*inputs, **kwargs)
/u/home/j/jamesdc1/.conda/envs/hpc-pi/lib/python3.11/site-packages/pandas/core/arraylike.py:399: RuntimeWarning: divide by zero encountered in log
  result = getattr(ufunc, method)(*inputs, **kwargs)
/u/home/j/jamesdc1/.conda/envs/hpc-pi/lib/python3.11/site-packages/pandas/core/arraylike.py:399: RuntimeWarning: divide by zero encountered in log
  result = getattr(ufunc, method)(*inputs, **kwargs)
/u/home/j/jamesdc1/.conda/envs/hpc-pi/lib/python3.11/site-packages/pandas/core/arraylike.py:399: RuntimeWarning: divide by zero encountered in log
  result = getattr(ufunc, method)(*inputs, **kwargs)
/u/home/j/jamesdc1/.conda/envs/hpc-pi/lib/python3.11/site-packages/pandas/core/arraylike.py:399: RuntimeWarning: divide by zero encountered in log
  result = getattr(ufunc, method)(*inputs, **kwargs)
/u/home/j/jamesdc1/.conda/envs/hpc-pi/lib/python3.11/site-packages/pandas/core/arraylike.py:399: RuntimeWarning: divide by zero encountered in log
  result = getattr(ufunc, method)(*inputs, **kwargs)
/u/home/j/jamesdc1/.conda/envs/hpc-pi/lib/python3.11/site-packages/pandas/core/arraylike.py:399: RuntimeWarning: divide by zero encountered in log
  result = getattr(ufunc, method)(*inputs, **kwargs)
/u/home/j/jamesdc1/.conda/envs/hpc-pi/lib/python3.11/site-packages/pandas/core/arraylike.py:399: RuntimeWarning: divide by zero encountered in log
  result = getattr(ufunc, method)(*inputs, **kwargs)
/u/home/j/jamesdc1/.conda/envs/hpc-pi/lib/python3.11/site-packages/pandas/core/arraylike.py:399: RuntimeWarning: divide by zero encountered in log
  result = getattr(ufunc, method)(*inputs, **kwargs)
/u/home/j/jamesdc1/.conda/envs/hpc-pi/lib/python3.11/site-packages/pandas/core/arraylike.py:399: RuntimeWarning: divide by zero encountered in log
  result = getattr(ufunc, method)(*inputs, **kwargs)
/u/home/j/jamesdc1/.conda/envs/hpc-pi/lib/python3.11/site-packages/pandas/core/arraylike.py:399: RuntimeWarning: divide by zero encountered in log
  result = getattr(ufunc, method)(*inputs, **kwargs)
/u/home/j/jamesdc1/.conda/envs/hpc-pi/lib/python3.11/site-packages/pandas/core/arraylike.py:399: RuntimeWarning: divide by zero encountered in log
  result = getattr(ufunc, method)(*inputs, **kwargs)
/u/home/j/jamesdc1/.conda/envs/hpc-pi/lib/python3.11/site-packages/pandas/core/arraylike.py:399: RuntimeWarning: divide by zero encountered in log
  result = getattr(ufunc, method)(*inputs, **kwargs)
/u/home/j/jamesdc1/.conda/envs/hpc-pi/lib/python3.11/site-packages/pandas/core/arraylike.py:399: RuntimeWarning: divide by zero encountered in log
  result = getattr(ufunc, method)(*inputs, **kwargs)
/u/home/j/jamesdc1/.conda/envs/hpc-pi/lib/python3.11/site-packages/pandas/core/arraylike.py:399: RuntimeWarning: divide by zero encountered in log
  result = getattr(ufunc, method)(*inputs, **kwargs)
/u/home/j/jamesdc1/.conda/envs/hpc-pi/lib/python3.11/site-packages/pandas/core/arraylike.py:399: RuntimeWarning: divide by zero encountered in log
  result = getattr(ufunc, method)(*inputs, **kwargs)
/u/home/j/jamesdc1/.conda/envs/hpc-pi/lib/python3.11/site-packages/pandas/core/arraylike.py:399: RuntimeWarning: divide by zero encountered in log
  result = getattr(ufunc, method)(*inputs, **kwargs)
/u/home/j/jamesdc1/.conda/envs/hpc-pi/lib/python3.11/site-packages/pandas/core/arraylike.py:399: RuntimeWarning: divide by zero encountered in log
  result = getattr(ufunc, method)(*inputs, **kwargs)
/u/home/j/jamesdc1/.conda/envs/hpc-pi/lib/python3.11/site-packages/pandas/core/arraylike.py:399: RuntimeWarning: divide by zero encountered in log
  result = getattr(ufunc, method)(*inputs, **kwargs)
/u/home/j/jamesdc1/.conda/envs/hpc-pi/lib/python3.11/site-packages/pandas/core/arraylike.py:399: RuntimeWarning: divide by zero encountered in log
  result = getattr(ufunc, method)(*inputs, **kwargs)
/u/home/j/jamesdc1/.conda/envs/hpc-pi/lib/python3.11/site-packages/pandas/core/arraylike.py:399: RuntimeWarning: divide by zero encountered in log
  result = getattr(ufunc, method)(*inputs, **kwargs)
/u/home/j/jamesdc1/.conda/envs/hpc-pi/lib/python3.11/site-packages/pandas/core/arraylike.py:399: RuntimeWarning: divide by zero encountered in log
  result = getattr(ufunc, method)(*inputs, **kwargs)
/u/home/j/jamesdc1/.conda/envs/hpc-pi/lib/python3.11/site-packages/pandas/core/arraylike.py:399: RuntimeWarning: divide by zero encountered in log
  result = getattr(ufunc, method)(*inputs, **kwargs)
/u/home/j/jamesdc1/.conda/envs/hpc-pi/lib/python3.11/site-packages/pandas/core/arraylike.py:399: RuntimeWarning: divide by zero encountered in log
  result = getattr(ufunc, method)(*inputs, **kwargs)
/u/home/j/jamesdc1/.conda/envs/hpc-pi/lib/python3.11/site-packages/pandas/core/arraylike.py:399: RuntimeWarning: divide by zero encountered in log
  result = getattr(ufunc, method)(*inputs, **kwargs)
/u/home/j/jamesdc1/.conda/envs/hpc-pi/lib/python3.11/site-packages/pandas/core/arraylike.py:399: RuntimeWarning: divide by zero encountered in log
  result = getattr(ufunc, method)(*inputs, **kwargs)
/u/home/j/jamesdc1/.conda/envs/hpc-pi/lib/python3.11/site-packages/pandas/core/arraylike.py:399: RuntimeWarning: divide by zero encountered in log
  result = getattr(ufunc, method)(*inputs, **kwargs)
/u/home/j/jamesdc1/.conda/envs/hpc-pi/lib/python3.11/site-packages/pandas/core/arraylike.py:399: RuntimeWarning: divide by zero encountered in log
  result = getattr(ufunc, method)(*inputs, **kwargs)
/u/home/j/jamesdc1/.conda/envs/hpc-pi/lib/python3.11/site-packages/pandas/core/arraylike.py:399: RuntimeWarning: divide by zero encountered in log
  result = getattr(ufunc, method)(*inputs, **kwargs)
/u/home/j/jamesdc1/.conda/envs/hpc-pi/lib/python3.11/site-packages/pandas/core/arraylike.py:399: RuntimeWarning: divide by zero encountered in log
  result = getattr(ufunc, method)(*inputs, **kwargs)
/u/home/j/jamesdc1/.conda/envs/hpc-pi/lib/python3.11/site-packages/pandas/core/arraylike.py:399: RuntimeWarning: divide by zero encountered in log
  result = getattr(ufunc, method)(*inputs, **kwargs)
/u/home/j/jamesdc1/.conda/envs/hpc-pi/lib/python3.11/site-packages/pandas/core/arraylike.py:399: RuntimeWarning: divide by zero encountered in log
  result = getattr(ufunc, method)(*inputs, **kwargs)
/u/home/j/jamesdc1/.conda/envs/hpc-pi/lib/python3.11/site-packages/pandas/core/arraylike.py:399: RuntimeWarning: divide by zero encountered in log
  result = getattr(ufunc, method)(*inputs, **kwargs)
/u/home/j/jamesdc1/.conda/envs/hpc-pi/lib/python3.11/site-packages/pandas/core/arraylike.py:399: RuntimeWarning: divide by zero encountered in log
  result = getattr(ufunc, method)(*inputs, **kwargs)
/u/home/j/jamesdc1/.conda/envs/hpc-pi/lib/python3.11/site-packages/pandas/core/arraylike.py:399: RuntimeWarning: divide by zero encountered in log
  result = getattr(ufunc, method)(*inputs, **kwargs)
/u/home/j/jamesdc1/.conda/envs/hpc-pi/lib/python3.11/site-packages/pandas/core/arraylike.py:399: RuntimeWarning: divide by zero encountered in log
  result = getattr(ufunc, method)(*inputs, **kwargs)
/u/home/j/jamesdc1/.conda/envs/hpc-pi/lib/python3.11/site-packages/pandas/core/arraylike.py:399: RuntimeWarning: divide by zero encountered in log
  result = getattr(ufunc, method)(*inputs, **kwargs)
/u/home/j/jamesdc1/.conda/envs/hpc-pi/lib/python3.11/site-packages/pandas/core/arraylike.py:399: RuntimeWarning: divide by zero encountered in log
  result = getattr(ufunc, method)(*inputs, **kwargs)
/u/home/j/jamesdc1/.conda/envs/hpc-pi/lib/python3.11/site-packages/pandas/core/arraylike.py:399: RuntimeWarning: divide by zero encountered in log
  result = getattr(ufunc, method)(*inputs, **kwargs)
/u/home/j/jamesdc1/.conda/envs/hpc-pi/lib/python3.11/site-packages/pandas/core/arraylike.py:399: RuntimeWarning: divide by zero encountered in log
  result = getattr(ufunc, method)(*inputs, **kwargs)
/u/home/j/jamesdc1/.conda/envs/hpc-pi/lib/python3.11/site-packages/pandas/core/arraylike.py:399: RuntimeWarning: divide by zero encountered in log
  result = getattr(ufunc, method)(*inputs, **kwargs)
/u/home/j/jamesdc1/.conda/envs/hpc-pi/lib/python3.11/site-packages/pandas/core/arraylike.py:399: RuntimeWarning: divide by zero encountered in log
  result = getattr(ufunc, method)(*inputs, **kwargs)
/u/home/j/jamesdc1/.conda/envs/hpc-pi/lib/python3.11/site-packages/pandas/core/arraylike.py:399: RuntimeWarning: divide by zero encountered in log
  result = getattr(ufunc, method)(*inputs, **kwargs)
/u/home/j/jamesdc1/.conda/envs/hpc-pi/lib/python3.11/site-packages/pandas/core/arraylike.py:399: RuntimeWarning: divide by zero encountered in log
  result = getattr(ufunc, method)(*inputs, **kwargs)
/u/home/j/jamesdc1/.conda/envs/hpc-pi/lib/python3.11/site-packages/pandas/core/arraylike.py:399: RuntimeWarning: divide by zero encountered in log
  result = getattr(ufunc, method)(*inputs, **kwargs)
/u/home/j/jamesdc1/.conda/envs/hpc-pi/lib/python3.11/site-packages/pandas/core/arraylike.py:399: RuntimeWarning: divide by zero encountered in log
  result = getattr(ufunc, method)(*inputs, **kwargs)
/u/home/j/jamesdc1/.conda/envs/hpc-pi/lib/python3.11/site-packages/pandas/core/arraylike.py:399: RuntimeWarning: divide by zero encountered in log
  result = getattr(ufunc, method)(*inputs, **kwargs)
/u/home/j/jamesdc1/.conda/envs/hpc-pi/lib/python3.11/site-packages/pandas/core/arraylike.py:399: RuntimeWarning: divide by zero encountered in log
  result = getattr(ufunc, method)(*inputs, **kwargs)
/u/home/j/jamesdc1/.conda/envs/hpc-pi/lib/python3.11/site-packages/pandas/core/arraylike.py:399: RuntimeWarning: divide by zero encountered in log
  result = getattr(ufunc, method)(*inputs, **kwargs)
/u/home/j/jamesdc1/.conda/envs/hpc-pi/lib/python3.11/site-packages/pandas/core/arraylike.py:399: RuntimeWarning: divide by zero encountered in log
  result = getattr(ufunc, method)(*inputs, **kwargs)
/u/home/j/jamesdc1/.conda/envs/hpc-pi/lib/python3.11/site-packages/pandas/core/arraylike.py:399: RuntimeWarning: divide by zero encountered in log
  result = getattr(ufunc, method)(*inputs, **kwargs)
/u/home/j/jamesdc1/.conda/envs/hpc-pi/lib/python3.11/site-packages/pandas/core/arraylike.py:399: RuntimeWarning: divide by zero encountered in log
  result = getattr(ufunc, method)(*inputs, **kwargs)
/u/home/j/jamesdc1/.conda/envs/hpc-pi/lib/python3.11/site-packages/pandas/core/arraylike.py:399: RuntimeWarning: divide by zero encountered in log
  result = getattr(ufunc, method)(*inputs, **kwargs)
/u/home/j/jamesdc1/.conda/envs/hpc-pi/lib/python3.11/site-packages/pandas/core/arraylike.py:399: RuntimeWarning: divide by zero encountered in log
  result = getattr(ufunc, method)(*inputs, **kwargs)
/u/home/j/jamesdc1/.conda/envs/hpc-pi/lib/python3.11/site-packages/pandas/core/arraylike.py:399: RuntimeWarning: divide by zero encountered in log
  result = getattr(ufunc, method)(*inputs, **kwargs)
/u/home/j/jamesdc1/.conda/envs/hpc-pi/lib/python3.11/site-packages/pandas/core/arraylike.py:399: RuntimeWarning: divide by zero encountered in log
  result = getattr(ufunc, method)(*inputs, **kwargs)
/u/home/j/jamesdc1/.conda/envs/hpc-pi/lib/python3.11/site-packages/pandas/core/arraylike.py:399: RuntimeWarning: divide by zero encountered in log
  result = getattr(ufunc, method)(*inputs, **kwargs)
/u/home/j/jamesdc1/.conda/envs/hpc-pi/lib/python3.11/site-packages/pandas/core/arraylike.py:399: RuntimeWarning: divide by zero encountered in log
  result = getattr(ufunc, method)(*inputs, **kwargs)
/u/home/j/jamesdc1/.conda/envs/hpc-pi/lib/python3.11/site-packages/pandas/core/arraylike.py:399: RuntimeWarning: divide by zero encountered in log
  result = getattr(ufunc, method)(*inputs, **kwargs)
/u/home/j/jamesdc1/.conda/envs/hpc-pi/lib/python3.11/site-packages/pandas/core/arraylike.py:399: RuntimeWarning: divide by zero encountered in log
  result = getattr(ufunc, method)(*inputs, **kwargs)
/u/home/j/jamesdc1/.conda/envs/hpc-pi/lib/python3.11/site-packages/pandas/core/arraylike.py:399: RuntimeWarning: divide by zero encountered in log
  result = getattr(ufunc, method)(*inputs, **kwargs)
/u/home/j/jamesdc1/.conda/envs/hpc-pi/lib/python3.11/site-packages/pandas/core/arraylike.py:399: RuntimeWarning: divide by zero encountered in log
  result = getattr(ufunc, method)(*inputs, **kwargs)
/u/home/j/jamesdc1/.conda/envs/hpc-pi/lib/python3.11/site-packages/pandas/core/arraylike.py:399: RuntimeWarning: divide by zero encountered in log
  result = getattr(ufunc, method)(*inputs, **kwargs)
/u/home/j/jamesdc1/.conda/envs/hpc-pi/lib/python3.11/site-packages/pandas/core/arraylike.py:399: RuntimeWarning: divide by zero encountered in log
  result = getattr(ufunc, method)(*inputs, **kwargs)
/u/home/j/jamesdc1/.conda/envs/hpc-pi/lib/python3.11/site-packages/pandas/core/arraylike.py:399: RuntimeWarning: divide by zero encountered in log
  result = getattr(ufunc, method)(*inputs, **kwargs)
/u/home/j/jamesdc1/.conda/envs/hpc-pi/lib/python3.11/site-packages/pandas/core/arraylike.py:399: RuntimeWarning: divide by zero encountered in log
  result = getattr(ufunc, method)(*inputs, **kwargs)
/u/home/j/jamesdc1/.conda/envs/hpc-pi/lib/python3.11/site-packages/pandas/core/arraylike.py:399: RuntimeWarning: divide by zero encountered in log
  result = getattr(ufunc, method)(*inputs, **kwargs)
/u/home/j/jamesdc1/.conda/envs/hpc-pi/lib/python3.11/site-packages/pandas/core/arraylike.py:399: RuntimeWarning: divide by zero encountered in log
  result = getattr(ufunc, method)(*inputs, **kwargs)
/u/home/j/jamesdc1/.conda/envs/hpc-pi/lib/python3.11/site-packages/pandas/core/arraylike.py:399: RuntimeWarning: divide by zero encountered in log
  result = getattr(ufunc, method)(*inputs, **kwargs)
/u/home/j/jamesdc1/.conda/envs/hpc-pi/lib/python3.11/site-packages/pandas/core/arraylike.py:399: RuntimeWarning: divide by zero encountered in log
  result = getattr(ufunc, method)(*inputs, **kwargs)
/u/home/j/jamesdc1/.conda/envs/hpc-pi/lib/python3.11/site-packages/pandas/core/arraylike.py:399: RuntimeWarning: divide by zero encountered in log
  result = getattr(ufunc, method)(*inputs, **kwargs)
/u/home/j/jamesdc1/.conda/envs/hpc-pi/lib/python3.11/site-packages/pandas/core/arraylike.py:399: RuntimeWarning: divide by zero encountered in log
  result = getattr(ufunc, method)(*inputs, **kwargs)
/u/home/j/jamesdc1/.conda/envs/hpc-pi/lib/python3.11/site-packages/pandas/core/arraylike.py:399: RuntimeWarning: divide by zero encountered in log
  result = getattr(ufunc, method)(*inputs, **kwargs)
/u/home/j/jamesdc1/.conda/envs/hpc-pi/lib/python3.11/site-packages/pandas/core/arraylike.py:399: RuntimeWarning: divide by zero encountered in log
  result = getattr(ufunc, method)(*inputs, **kwargs)
/u/home/j/jamesdc1/.conda/envs/hpc-pi/lib/python3.11/site-packages/pandas/core/arraylike.py:399: RuntimeWarning: divide by zero encountered in log
  result = getattr(ufunc, method)(*inputs, **kwargs)
/u/home/j/jamesdc1/.conda/envs/hpc-pi/lib/python3.11/site-packages/pandas/core/arraylike.py:399: RuntimeWarning: divide by zero encountered in log
  result = getattr(ufunc, method)(*inputs, **kwargs)
/u/home/j/jamesdc1/.conda/envs/hpc-pi/lib/python3.11/site-packages/pandas/core/arraylike.py:399: RuntimeWarning: divide by zero encountered in log
  result = getattr(ufunc, method)(*inputs, **kwargs)
/u/home/j/jamesdc1/.conda/envs/hpc-pi/lib/python3.11/site-packages/pandas/core/arraylike.py:399: RuntimeWarning: divide by zero encountered in log
  result = getattr(ufunc, method)(*inputs, **kwargs)
/u/home/j/jamesdc1/.conda/envs/hpc-pi/lib/python3.11/site-packages/pandas/core/arraylike.py:399: RuntimeWarning: divide by zero encountered in log
  result = getattr(ufunc, method)(*inputs, **kwargs)
/u/home/j/jamesdc1/.conda/envs/hpc-pi/lib/python3.11/site-packages/pandas/core/arraylike.py:399: RuntimeWarning: divide by zero encountered in log
  result = getattr(ufunc, method)(*inputs, **kwargs)
/u/home/j/jamesdc1/.conda/envs/hpc-pi/lib/python3.11/site-packages/pandas/core/arraylike.py:399: RuntimeWarning: divide by zero encountered in log
  result = getattr(ufunc, method)(*inputs, **kwargs)
/u/home/j/jamesdc1/.conda/envs/hpc-pi/lib/python3.11/site-packages/pandas/core/arraylike.py:399: RuntimeWarning: divide by zero encountered in log
  result = getattr(ufunc, method)(*inputs, **kwargs)
/u/home/j/jamesdc1/.conda/envs/hpc-pi/lib/python3.11/site-packages/pandas/core/arraylike.py:399: RuntimeWarning: divide by zero encountered in log
  result = getattr(ufunc, method)(*inputs, **kwargs)
/u/home/j/jamesdc1/.conda/envs/hpc-pi/lib/python3.11/site-packages/pandas/core/arraylike.py:399: RuntimeWarning: divide by zero encountered in log
  result = getattr(ufunc, method)(*inputs, **kwargs)
/u/home/j/jamesdc1/.conda/envs/hpc-pi/lib/python3.11/site-packages/pandas/core/arraylike.py:399: RuntimeWarning: divide by zero encountered in log
  result = getattr(ufunc, method)(*inputs, **kwargs)
/u/home/j/jamesdc1/.conda/envs/hpc-pi/lib/python3.11/site-packages/pandas/core/arraylike.py:399: RuntimeWarning: divide by zero encountered in log
  result = getattr(ufunc, method)(*inputs, **kwargs)
/u/home/j/jamesdc1/.conda/envs/hpc-pi/lib/python3.11/site-packages/pandas/core/arraylike.py:399: RuntimeWarning: divide by zero encountered in log
  result = getattr(ufunc, method)(*inputs, **kwargs)
/u/home/j/jamesdc1/.conda/envs/hpc-pi/lib/python3.11/site-packages/pandas/core/arraylike.py:399: RuntimeWarning: divide by zero encountered in log
  result = getattr(ufunc, method)(*inputs, **kwargs)
/u/home/j/jamesdc1/.conda/envs/hpc-pi/lib/python3.11/site-packages/pandas/core/arraylike.py:399: RuntimeWarning: divide by zero encountered in log
  result = getattr(ufunc, method)(*inputs, **kwargs)
/u/home/j/jamesdc1/.conda/envs/hpc-pi/lib/python3.11/site-packages/pandas/core/arraylike.py:399: RuntimeWarning: divide by zero encountered in log
  result = getattr(ufunc, method)(*inputs, **kwargs)
/u/home/j/jamesdc1/.conda/envs/hpc-pi/lib/python3.11/site-packages/pandas/core/arraylike.py:399: RuntimeWarning: divide by zero encountered in log
  result = getattr(ufunc, method)(*inputs, **kwargs)
/u/home/j/jamesdc1/.conda/envs/hpc-pi/lib/python3.11/site-packages/pandas/core/arraylike.py:399: RuntimeWarning: divide by zero encountered in log
  result = getattr(ufunc, method)(*inputs, **kwargs)
/u/home/j/jamesdc1/.conda/envs/hpc-pi/lib/python3.11/site-packages/pandas/core/arraylike.py:399: RuntimeWarning: divide by zero encountered in log
  result = getattr(ufunc, method)(*inputs, **kwargs)
/u/home/j/jamesdc1/.conda/envs/hpc-pi/lib/python3.11/site-packages/pandas/core/arraylike.py:399: RuntimeWarning: divide by zero encountered in log
  result = getattr(ufunc, method)(*inputs, **kwargs)
/u/home/j/jamesdc1/.conda/envs/hpc-pi/lib/python3.11/site-packages/pandas/core/arraylike.py:399: RuntimeWarning: divide by zero encountered in log
  result = getattr(ufunc, method)(*inputs, **kwargs)
/u/home/j/jamesdc1/.conda/envs/hpc-pi/lib/python3.11/site-packages/pandas/core/arraylike.py:399: RuntimeWarning: divide by zero encountered in log
  result = getattr(ufunc, method)(*inputs, **kwargs)
/u/home/j/jamesdc1/.conda/envs/hpc-pi/lib/python3.11/site-packages/pandas/core/arraylike.py:399: RuntimeWarning: divide by zero encountered in log
  result = getattr(ufunc, method)(*inputs, **kwargs)
/u/home/j/jamesdc1/.conda/envs/hpc-pi/lib/python3.11/site-packages/pandas/core/arraylike.py:399: RuntimeWarning: divide by zero encountered in log
  result = getattr(ufunc, method)(*inputs, **kwargs)
/u/home/j/jamesdc1/.conda/envs/hpc-pi/lib/python3.11/site-packages/pandas/core/arraylike.py:399: RuntimeWarning: divide by zero encountered in log
  result = getattr(ufunc, method)(*inputs, **kwargs)
/u/home/j/jamesdc1/.conda/envs/hpc-pi/lib/python3.11/site-packages/pandas/core/arraylike.py:399: RuntimeWarning: divide by zero encountered in log
  result = getattr(ufunc, method)(*inputs, **kwargs)
/u/home/j/jamesdc1/.conda/envs/hpc-pi/lib/python3.11/site-packages/pandas/core/arraylike.py:399: RuntimeWarning: divide by zero encountered in log
  result = getattr(ufunc, method)(*inputs, **kwargs)
/u/home/j/jamesdc1/.conda/envs/hpc-pi/lib/python3.11/site-packages/pandas/core/arraylike.py:399: RuntimeWarning: divide by zero encountered in log
  result = getattr(ufunc, method)(*inputs, **kwargs)
/u/home/j/jamesdc1/.conda/envs/hpc-pi/lib/python3.11/site-packages/pandas/core/arraylike.py:399: RuntimeWarning: divide by zero encountered in log
  result = getattr(ufunc, method)(*inputs, **kwargs)
/u/home/j/jamesdc1/.conda/envs/hpc-pi/lib/python3.11/site-packages/pandas/core/arraylike.py:399: RuntimeWarning: divide by zero encountered in log
  result = getattr(ufunc, method)(*inputs, **kwargs)
/u/home/j/jamesdc1/.conda/envs/hpc-pi/lib/python3.11/site-packages/pandas/core/arraylike.py:399: RuntimeWarning: divide by zero encountered in log
  result = getattr(ufunc, method)(*inputs, **kwargs)
/u/home/j/jamesdc1/.conda/envs/hpc-pi/lib/python3.11/site-packages/pandas/core/arraylike.py:399: RuntimeWarning: divide by zero encountered in log
  result = getattr(ufunc, method)(*inputs, **kwargs)
    segment    estimator  train_win  pooled_train_win  bar_end      sample     n      first  QLIKE_subsection  QLIKE_pooled     diff       pct    ci_lo    ci_hi   dm_stat  improves
    bar1000     reclasso        500               500 all bars      common  3119 2012-03-23           0.13988       0.11468  0.02520  21.97274 -0.01248  0.10227   0.86279     False
    bar1000     reclasso        500               500 all bars deck period  1116 2020-01-03           0.20349       0.11623  0.08726  75.07764 -0.01585  0.28695   1.13605     False
    bar1000     reclasso        500               500    10:00      common  3119 2012-03-23           0.13988       0.11468  0.02520  21.97274 -0.01248  0.10227   0.86279     False
    bar1000     reclasso        500               500    10:00 deck period  1116 2020-01-03           0.20349       0.11623  0.08726  75.07764 -0.01585  0.28695   1.13605     False
    bar1000     reclasso       2000               500 all bars      common  1619 2018-01-19           0.11420       0.12264 -0.00844  -6.88487 -0.01500 -0.00195  -2.57681      True
    bar1000     reclasso       2000               500 all bars deck period  1116 2020-01-03           0.11114       0.11623 -0.00509  -4.37539 -0.01252  0.00238  -1.36743     False
    bar1000     reclasso       2000               500    10:00      common  1619 2018-01-19           0.11420       0.12264 -0.00844  -6.88487 -0.01500 -0.00195  -2.57681      True
    bar1000     reclasso       2000               500    10:00 deck period  1116 2020-01-03           0.11114       0.11623 -0.00509  -4.37539 -0.01252  0.00238  -1.36743     False
    bar1000     reclasso       2000              2000 all bars      common  1619 2018-01-19           0.11420       0.11771 -0.00351  -2.98474 -0.00872  0.00228  -1.26253     False
    bar1000     reclasso       2000              2000 all bars deck period  1116 2020-01-03           0.11114       0.11308 -0.00194  -1.71629 -0.00876  0.00490  -0.56724     False
    bar1000     reclasso       2000              2000    10:00      common  1619 2018-01-19           0.11420       0.11771 -0.00351  -2.98474 -0.00872  0.00228  -1.26253     False
    bar1000     reclasso       2000              2000    10:00 deck period  1116 2020-01-03           0.11114       0.11308 -0.00194  -1.71629 -0.00876  0.00490  -0.56724     False
    bar1000 reclasticnet        500               500 all bars      common  3119 2012-03-23           0.10309       0.11409 -0.01100  -9.64472 -0.01581 -0.00560  -4.08973      True
    bar1000 reclasticnet        500               500 all bars deck period  1116 2020-01-03           0.10426       0.11458 -0.01032  -9.00866 -0.02067  0.00154  -1.81611     False
    bar1000 reclasticnet        500               500    10:00      common  3119 2012-03-23           0.10309       0.11409 -0.01100  -9.64472 -0.01581 -0.00560  -4.08973      True
    bar1000 reclasticnet        500               500    10:00 deck period  1116 2020-01-03           0.10426       0.11458 -0.01032  -9.00866 -0.02067  0.00154  -1.81611     False
    bar1000 reclasticnet       2000               500 all bars      common  1619 2018-01-19           0.11515       0.12140 -0.00626  -5.15468 -0.01420  0.00277  -1.60516     False
    bar1000 reclasticnet       2000               500 all bars deck period  1116 2020-01-03           0.11307       0.11458 -0.00151  -1.31536 -0.01109  0.00988  -0.31460     False
    bar1000 reclasticnet       2000               500    10:00      common  1619 2018-01-19           0.11515       0.12140 -0.00626  -5.15468 -0.01420  0.00277  -1.60516     False
    bar1000 reclasticnet       2000               500    10:00 deck period  1116 2020-01-03           0.11307       0.11458 -0.00151  -1.31536 -0.01109  0.00988  -0.31460     False
    bar1000 reclasticnet       2000              2000 all bars      common  1619 2018-01-19           0.11515       0.11758 -0.00243  -2.06759 -0.00918  0.00624  -0.69923     False
    bar1000 reclasticnet       2000              2000 all bars deck period  1116 2020-01-03           0.11307       0.11307  0.00000   0.00206 -0.00885  0.01043   0.00052     False
    bar1000 reclasticnet       2000              2000    10:00      common  1619 2018-01-19           0.11515       0.11758 -0.00243  -2.06759 -0.00918  0.00624  -0.69923     False
    bar1000 reclasticnet       2000              2000    10:00 deck period  1116 2020-01-03           0.11307       0.11307  0.00000   0.00206 -0.00885  0.01043   0.00052     False
    bar1000        ridge        500               500 all bars      common  3119 2012-03-23           0.12951       0.11444  0.01507  13.16604 -0.01124  0.06650   0.78450     False
    bar1000        ridge        500               500 all bars deck period  1116 2020-01-03           0.17455       0.11685  0.05770  49.37627 -0.01244  0.19078   1.16122     False
    bar1000        ridge        500               500    10:00      common  3119 2012-03-23           0.12951       0.11444  0.01507  13.16604 -0.01124  0.06650   0.78450     False
    bar1000        ridge        500               500    10:00 deck period  1116 2020-01-03           0.17455       0.11685  0.05770  49.37627 -0.01244  0.19078   1.16122     False
    bar1000        ridge       2000               500 all bars      common  1619 2018-01-19           0.11397       0.12358 -0.00961  -7.77759 -0.01689 -0.00276  -2.70211      True
    bar1000        ridge       2000               500 all bars deck period  1116 2020-01-03           0.11125       0.11685 -0.00560  -4.79459 -0.01303  0.00189  -1.38420     False
    bar1000        ridge       2000               500    10:00      common  1619 2018-01-19           0.11397       0.12358 -0.00961  -7.77759 -0.01689 -0.00276  -2.70211      True
    bar1000        ridge       2000               500    10:00 deck period  1116 2020-01-03           0.11125       0.11685 -0.00560  -4.79459 -0.01303  0.00189  -1.38420     False
    bar1000        ridge       2000              2000 all bars      common  1619 2018-01-19           0.11397       0.11713 -0.00316  -2.69609 -0.00866  0.00267  -1.06484     False
    bar1000        ridge       2000              2000 all bars deck period  1116 2020-01-03           0.11125       0.11262 -0.00137  -1.21676 -0.00817  0.00540  -0.36692     False
    bar1000        ridge       2000              2000    10:00      common  1619 2018-01-19           0.11397       0.11713 -0.00316  -2.69609 -0.00866  0.00267  -1.06484     False
    bar1000        ridge       2000              2000    10:00 deck period  1116 2020-01-03           0.11125       0.11262 -0.00137  -1.21676 -0.00817  0.00540  -0.36692     False
    bar1030     reclasso        500               500 all bars      common  3119 2012-03-23           0.14016       0.14172 -0.00155  -1.09718 -0.00750  0.00573  -0.51253     False
    bar1030     reclasso        500               500 all bars deck period  1116 2020-01-03           0.14431       0.15205 -0.00775  -5.09587 -0.01657  0.00338  -1.89263     False
    bar1030     reclasso        500               500    10:30      common  3119 2012-03-23           0.14016       0.14172 -0.00155  -1.09718 -0.00750  0.00573  -0.51253     False
    bar1030     reclasso        500               500    10:30 deck period  1116 2020-01-03           0.14431       0.15205 -0.00775  -5.09587 -0.01657  0.00338  -1.89263     False
    bar1030     reclasso       2000               500 all bars      common  1619 2018-01-19           0.14936       0.15359 -0.00424  -2.75756 -0.01082  0.00179  -1.29411     False
    bar1030     reclasso       2000               500 all bars deck period  1116 2020-01-03           0.14534       0.15205 -0.00671  -4.41249 -0.01552  0.00081  -1.68956     False
    bar1030     reclasso       2000               500    10:30      common  1619 2018-01-19           0.14936       0.15359 -0.00424  -2.75756 -0.01082  0.00179  -1.29411     False
    bar1030     reclasso       2000               500    10:30 deck period  1116 2020-01-03           0.14534       0.15205 -0.00671  -4.41249 -0.01552  0.00081  -1.68956     False
    bar1030     reclasso       2000              2000 all bars      common  1619 2018-01-19           0.14936       0.15308 -0.00372  -2.43199 -0.00892  0.00148  -1.35319     False
    bar1030     reclasso       2000              2000 all bars deck period  1116 2020-01-03           0.14534       0.15121 -0.00587  -3.88158 -0.01199  0.00018  -1.82758     False
    bar1030     reclasso       2000              2000    10:30      common  1619 2018-01-19           0.14936       0.15308 -0.00372  -2.43199 -0.00892  0.00148  -1.35319     False
    bar1030     reclasso       2000              2000    10:30 deck period  1116 2020-01-03           0.14534       0.15121 -0.00587  -3.88158 -0.01199  0.00018  -1.82758     False
    bar1030 reclasticnet        500               500 all bars      common  3119 2012-03-23           0.13799       0.14199 -0.00400  -2.81414 -0.00848  0.00103  -1.65697     False
    bar1030 reclasticnet        500               500 all bars deck period  1116 2020-01-03           0.15198       0.15263 -0.00064  -0.42039 -0.01022  0.01101  -0.13673     False
    bar1030 reclasticnet        500               500    10:30      common  3119 2012-03-23           0.13799       0.14199 -0.00400  -2.81414 -0.00848  0.00103  -1.65697     False
    bar1030 reclasticnet        500               500    10:30 deck period  1116 2020-01-03           0.15198       0.15263 -0.00064  -0.42039 -0.01022  0.01101  -0.13673     False
    bar1030 reclasticnet       2000               500 all bars      common  1619 2018-01-19           0.15044       0.15393 -0.00349  -2.26752 -0.01010  0.00263  -1.07135     False
    bar1030 reclasticnet       2000               500 all bars deck period  1116 2020-01-03           0.14814       0.15263 -0.00448  -2.93745 -0.01352  0.00344  -1.09976     False
    bar1030 reclasticnet       2000               500    10:30      common  1619 2018-01-19           0.15044       0.15393 -0.00349  -2.26752 -0.01010  0.00263  -1.07135     False
    bar1030 reclasticnet       2000               500    10:30 deck period  1116 2020-01-03           0.14814       0.15263 -0.00448  -2.93745 -0.01352  0.00344  -1.09976     False
    bar1030 reclasticnet       2000              2000 all bars      common  1619 2018-01-19           0.15044       0.15325 -0.00281  -1.83103 -0.00770  0.00215  -1.08098     False
    bar1030 reclasticnet       2000              2000 all bars deck period  1116 2020-01-03           0.14814       0.15150 -0.00336  -2.21679 -0.00995  0.00292  -1.07699     False
    bar1030 reclasticnet       2000              2000    10:30      common  1619 2018-01-19           0.15044       0.15325 -0.00281  -1.83103 -0.00770  0.00215  -1.08098     False
    bar1030 reclasticnet       2000              2000    10:30 deck period  1116 2020-01-03           0.14814       0.15150 -0.00336  -2.21679 -0.00995  0.00292  -1.07699     False
    bar1030        ridge        500               500 all bars      common  3119 2012-03-23           0.14317       0.14202  0.00115   0.81191 -0.00463  0.00750   0.38111     False
    bar1030        ridge        500               500 all bars deck period  1116 2020-01-03           0.16136       0.15341  0.00794   5.17655 -0.00444  0.02218   1.36309     False
    bar1030        ridge        500               500    10:30      common  3119 2012-03-23           0.14317       0.14202  0.00115   0.81191 -0.00463  0.00750   0.38111     False
    bar1030        ridge        500               500    10:30 deck period  1116 2020-01-03           0.16136       0.15341  0.00794   5.17655 -0.00444  0.02218   1.36309     False
    bar1030        ridge       2000               500 all bars      common  1619 2018-01-19           0.15304       0.15409 -0.00106  -0.68545 -0.00792  0.00568  -0.31441     False
    bar1030        ridge       2000               500 all bars deck period  1116 2020-01-03           0.15470       0.15341  0.00129   0.83996 -0.00652  0.00863   0.33294     False
    bar1030        ridge       2000               500    10:30      common  1619 2018-01-19           0.15304       0.15409 -0.00106  -0.68545 -0.00792  0.00568  -0.31441     False
    bar1030        ridge       2000               500    10:30 deck period  1116 2020-01-03           0.15470       0.15341  0.00129   0.83996 -0.00652  0.00863   0.33294     False
    bar1030        ridge       2000              2000 all bars      common  1619 2018-01-19           0.15304       0.15323 -0.00019  -0.12492 -0.00618  0.00565  -0.06269     False
    bar1030        ridge       2000              2000 all bars deck period  1116 2020-01-03           0.15470       0.15204  0.00267   1.75414 -0.00380  0.00902   0.77275     False
    bar1030        ridge       2000              2000    10:30      common  1619 2018-01-19           0.15304       0.15323 -0.00019  -0.12492 -0.00618  0.00565  -0.06269     False
    bar1030        ridge       2000              2000    10:30 deck period  1116 2020-01-03           0.15470       0.15204  0.00267   1.75414 -0.00380  0.00902   0.77275     False
    bar1100     reclasso        500               500 all bars      common  3119 2012-03-23           0.11781       0.12321 -0.00540  -4.38425 -0.00884 -0.00182  -2.99453      True
    bar1100     reclasso        500               500 all bars deck period  1116 2020-01-03           0.13247       0.13791 -0.00544  -3.94532 -0.01261  0.00186  -1.49628     False
    bar1100     reclasso        500               500    11:00      common  3119 2012-03-23           0.11781       0.12321 -0.00540  -4.38425 -0.00884 -0.00182  -2.99453      True
    bar1100     reclasso        500               500    11:00 deck period  1116 2020-01-03           0.13247       0.13791 -0.00544  -3.94532 -0.01261  0.00186  -1.49628     False
    bar1100     reclasso       2000               500 all bars      common  1619 2018-01-19           0.12968       0.13113 -0.00145  -1.10595 -0.00597  0.00292  -0.64373     False
    bar1100     reclasso       2000               500 all bars deck period  1116 2020-01-03           0.13851       0.13791  0.00061   0.43882 -0.00498  0.00636   0.20324     False
    bar1100     reclasso       2000               500    11:00      common  1619 2018-01-19           0.12968       0.13113 -0.00145  -1.10595 -0.00597  0.00292  -0.64373     False
    bar1100     reclasso       2000               500    11:00 deck period  1116 2020-01-03           0.13851       0.13791  0.00061   0.43882 -0.00498  0.00636   0.20324     False
    bar1100     reclasso       2000              2000 all bars      common  1619 2018-01-19           0.12968       0.12955  0.00013   0.09752 -0.00372  0.00395   0.06203     False
    bar1100     reclasso       2000              2000 all bars deck period  1116 2020-01-03           0.13851       0.13765  0.00086   0.62545 -0.00397  0.00610   0.31431     False
    bar1100     reclasso       2000              2000    11:00      common  1619 2018-01-19           0.12968       0.12955  0.00013   0.09752 -0.00372  0.00395   0.06203     False
    bar1100     reclasso       2000              2000    11:00 deck period  1116 2020-01-03           0.13851       0.13765  0.00086   0.62545 -0.00397  0.00610   0.31431     False
    bar1100 reclasticnet        500               500 all bars      common  3119 2012-03-23           0.11952       0.12299 -0.00347  -2.82030 -0.00755  0.00067  -1.65183     False
    bar1100 reclasticnet        500               500 all bars deck period  1116 2020-01-03           0.13679       0.13715 -0.00035  -0.25882 -0.00853  0.00805  -0.08282     False
    bar1100 reclasticnet        500               500    11:00      common  3119 2012-03-23           0.11952       0.12299 -0.00347  -2.82030 -0.00755  0.00067  -1.65183     False
    bar1100 reclasticnet        500               500    11:00 deck period  1116 2020-01-03           0.13679       0.13715 -0.00035  -0.25882 -0.00853  0.00805  -0.08282     False
    bar1100 reclasticnet       2000               500 all bars      common  1619 2018-01-19           0.13297       0.13048  0.00249   1.91001 -0.00290  0.00831   0.88457     False
    bar1100 reclasticnet       2000               500 all bars deck period  1116 2020-01-03           0.14315       0.13715  0.00600   4.37532 -0.00111  0.01337   1.55946     False
    bar1100 reclasticnet       2000               500    11:00      common  1619 2018-01-19           0.13297       0.13048  0.00249   1.91001 -0.00290  0.00831   0.88457     False
    bar1100 reclasticnet       2000               500    11:00 deck period  1116 2020-01-03           0.14315       0.13715  0.00600   4.37532 -0.00111  0.01337   1.55946     False
    bar1100 reclasticnet       2000              2000 all bars      common  1619 2018-01-19           0.13297       0.12965  0.00332   2.56307 -0.00167  0.00866   1.20293     False
    bar1100 reclasticnet       2000              2000 all bars deck period  1116 2020-01-03           0.14315       0.13793  0.00522   3.78320 -0.00189  0.01259   1.37045     False
    bar1100 reclasticnet       2000              2000    11:00      common  1619 2018-01-19           0.13297       0.12965  0.00332   2.56307 -0.00167  0.00866   1.20293     False
    bar1100 reclasticnet       2000              2000    11:00 deck period  1116 2020-01-03           0.14315       0.13793  0.00522   3.78320 -0.00189  0.01259   1.37045     False
    bar1100        ridge        500               500 all bars      common  3119 2012-03-23           0.12866       0.12233  0.00634   5.17929  0.00072  0.01348   2.09204     False
    bar1100        ridge        500               500 all bars deck period  1116 2020-01-03           0.15124       0.13659  0.01465  10.72253  0.00165  0.03185   2.08919     False
    bar1100        ridge        500               500    11:00      common  3119 2012-03-23           0.12866       0.12233  0.00634   5.17929  0.00072  0.01348   2.09204     False
    bar1100        ridge        500               500    11:00 deck period  1116 2020-01-03           0.15124       0.13659  0.01465  10.72253  0.00165  0.03185   2.08919     False
    bar1100        ridge       2000               500 all bars      common  1619 2018-01-19           0.13780       0.12947  0.00834   6.43992  0.00156  0.01534   2.33300     False
    bar1100        ridge       2000               500 all bars deck period  1116 2020-01-03           0.14944       0.13659  0.01284   9.40324  0.00392  0.02204   2.79654     False
    bar1100        ridge       2000               500    11:00      common  1619 2018-01-19           0.13780       0.12947  0.00834   6.43992  0.00156  0.01534   2.33300     False
    bar1100        ridge       2000               500    11:00 deck period  1116 2020-01-03           0.14944       0.13659  0.01284   9.40324  0.00392  0.02204   2.79654     False
    bar1100        ridge       2000              2000 all bars      common  1619 2018-01-19           0.13780       0.12851  0.00930   7.23534  0.00255  0.01674   2.57043     False
    bar1100        ridge       2000              2000 all bars deck period  1116 2020-01-03           0.14944       0.13623  0.01321   9.69618  0.00339  0.02332   2.66532     False
    bar1100        ridge       2000              2000    11:00      common  1619 2018-01-19           0.13780       0.12851  0.00930   7.23534  0.00255  0.01674   2.57043     False
    bar1100        ridge       2000              2000    11:00 deck period  1116 2020-01-03           0.14944       0.13623  0.01321   9.69618  0.00339  0.02332   2.66532     False
    bar1130     reclasso        500               500 all bars      common  3121 2012-03-21           0.12054       0.12813 -0.00759  -5.92260 -0.01215 -0.00353  -3.76833      True
    bar1130     reclasso        500               500 all bars deck period  1116 2020-01-03           0.12595       0.13777 -0.01182  -8.58310 -0.01811 -0.00643  -3.94733      True
    bar1130     reclasso        500               500    11:30      common  3121 2012-03-21           0.12054       0.12813 -0.00759  -5.92260 -0.01215 -0.00353  -3.76833      True
    bar1130     reclasso        500               500    11:30 deck period  1116 2020-01-03           0.12595       0.13777 -0.01182  -8.58310 -0.01811 -0.00643  -3.94733      True
    bar1130     reclasso       2000               500 all bars      common  1621 2018-01-17           0.12898       0.13147 -0.00249  -1.89214 -0.00655  0.00156  -1.18637     False
    bar1130     reclasso       2000               500 all bars deck period  1116 2020-01-03           0.13443       0.13777 -0.00335  -2.42796 -0.00851  0.00158  -1.28596     False
    bar1130     reclasso       2000               500    11:30      common  1621 2018-01-17           0.12898       0.13147 -0.00249  -1.89214 -0.00655  0.00156  -1.18637     False
    bar1130     reclasso       2000               500    11:30 deck period  1116 2020-01-03           0.13443       0.13777 -0.00335  -2.42796 -0.00851  0.00158  -1.28596     False
    bar1130     reclasso       2000              2000 all bars      common  1621 2018-01-17           0.12898       0.13186 -0.00288  -2.18362 -0.00669  0.00074  -1.47870     False
    bar1130     reclasso       2000              2000 all bars deck period  1116 2020-01-03           0.13443       0.14054 -0.00611  -4.35039 -0.01049 -0.00170  -2.58278      True
    bar1130     reclasso       2000              2000    11:30      common  1621 2018-01-17           0.12898       0.13186 -0.00288  -2.18362 -0.00669  0.00074  -1.47870     False
    bar1130     reclasso       2000              2000    11:30 deck period  1116 2020-01-03           0.13443       0.14054 -0.00611  -4.35039 -0.01049 -0.00170  -2.58278      True
    bar1130 reclasticnet        500               500 all bars      common  3121 2012-03-21           0.12281       0.12788 -0.00507  -3.96153 -0.01055 -0.00003  -2.04843      True
    bar1130 reclasticnet        500               500 all bars deck period  1116 2020-01-03           0.12740       0.13816 -0.01076  -7.78695 -0.01813 -0.00361  -2.97460      True
    bar1130 reclasticnet        500               500    11:30      common  3121 2012-03-21           0.12281       0.12788 -0.00507  -3.96153 -0.01055 -0.00003  -2.04843      True
    bar1130 reclasticnet        500               500    11:30 deck period  1116 2020-01-03           0.12740       0.13816 -0.01076  -7.78695 -0.01813 -0.00361  -2.97460      True
    bar1130 reclasticnet       2000               500 all bars      common  1621 2018-01-17           0.12493       0.13140 -0.00646  -4.91749 -0.01213 -0.00139  -2.50081      True
    bar1130 reclasticnet       2000               500 all bars deck period  1116 2020-01-03           0.12909       0.13816 -0.00907  -6.56330 -0.01672 -0.00239  -2.68605      True
    bar1130 reclasticnet       2000               500    11:30      common  1621 2018-01-17           0.12493       0.13140 -0.00646  -4.91749 -0.01213 -0.00139  -2.50081      True
    bar1130 reclasticnet       2000               500    11:30 deck period  1116 2020-01-03           0.12909       0.13816 -0.00907  -6.56330 -0.01672 -0.00239  -2.68605      True
    bar1130 reclasticnet       2000              2000 all bars      common  1621 2018-01-17           0.12493       0.13196 -0.00702  -5.32118 -0.01202 -0.00231  -2.88649      True
    bar1130 reclasticnet       2000              2000 all bars deck period  1116 2020-01-03           0.12909       0.14062 -0.01153  -8.20022 -0.01728 -0.00575  -3.72038      True
    bar1130 reclasticnet       2000              2000    11:30      common  1621 2018-01-17           0.12493       0.13196 -0.00702  -5.32118 -0.01202 -0.00231  -2.88649      True
    bar1130 reclasticnet       2000              2000    11:30 deck period  1116 2020-01-03           0.12909       0.14062 -0.01153  -8.20022 -0.01728 -0.00575  -3.72038      True
    bar1130        ridge        500               500 all bars      common  3121 2012-03-21           0.12612       0.12754 -0.00142  -1.10965 -0.00727  0.00402  -0.51079     False
    bar1130        ridge        500               500 all bars deck period  1116 2020-01-03           0.13490       0.13669 -0.00178  -1.30485 -0.01013  0.00719  -0.40506     False
    bar1130        ridge        500               500    11:30      common  3121 2012-03-21           0.12612       0.12754 -0.00142  -1.10965 -0.00727  0.00402  -0.51079     False
    bar1130        ridge        500               500    11:30 deck period  1116 2020-01-03           0.13490       0.13669 -0.00178  -1.30485 -0.01013  0.00719  -0.40506     False
    bar1130        ridge       2000               500 all bars      common  1621 2018-01-17           0.12788       0.13179 -0.00391  -2.96900 -0.00879  0.00079  -1.54941     False
    bar1130        ridge       2000               500 all bars deck period  1116 2020-01-03           0.13283       0.13669 -0.00385  -2.81886 -0.01005  0.00203  -1.22734     False
    bar1130        ridge       2000               500    11:30      common  1621 2018-01-17           0.12788       0.13179 -0.00391  -2.96900 -0.00879  0.00079  -1.54941     False
    bar1130        ridge       2000               500    11:30 deck period  1116 2020-01-03           0.13283       0.13669 -0.00385  -2.81886 -0.01005  0.00203  -1.22734     False
    bar1130        ridge       2000              2000 all bars      common  1621 2018-01-17           0.12788       0.13140 -0.00352  -2.67948 -0.00858  0.00129  -1.40799     False
    bar1130        ridge       2000              2000 all bars deck period  1116 2020-01-03           0.13283       0.13973 -0.00690  -4.93794 -0.01322 -0.00102  -2.16922      True
    bar1130        ridge       2000              2000    11:30      common  1621 2018-01-17           0.12788       0.13140 -0.00352  -2.67948 -0.00858  0.00129  -1.40799     False
    bar1130        ridge       2000              2000    11:30 deck period  1116 2020-01-03           0.13283       0.13973 -0.00690  -4.93794 -0.01322 -0.00102  -2.16922      True
    bar1200     reclasso        500               500 all bars      common  3060 2012-05-31           0.12970       0.13261 -0.00291  -2.19231 -0.00772  0.00192  -1.19517     False
    bar1200     reclasso        500               500 all bars deck period  1116 2020-01-03           0.12467       0.13323 -0.00856  -6.42478 -0.01575 -0.00072  -2.20214      True
    bar1200     reclasso        500               500    12:00      common  3060 2012-05-31           0.12970       0.13261 -0.00291  -2.19231 -0.00772  0.00192  -1.19517     False
    bar1200     reclasso        500               500    12:00 deck period  1116 2020-01-03           0.12467       0.13323 -0.00856  -6.42478 -0.01575 -0.00072  -2.20214      True
    bar1200     reclasso       2000               500 all bars      common  1560 2018-04-13           0.14709       0.14650  0.00058   0.39858 -0.01001  0.01394   0.09894     False
    bar1200     reclasso       2000               500 all bars deck period  1116 2020-01-03           0.13167       0.13323 -0.00156  -1.17406 -0.01064  0.01068  -0.31460     False
    bar1200     reclasso       2000               500    12:00      common  1560 2018-04-13           0.14709       0.14650  0.00058   0.39858 -0.01001  0.01394   0.09894     False
    bar1200     reclasso       2000               500    12:00 deck period  1116 2020-01-03           0.13167       0.13323 -0.00156  -1.17406 -0.01064  0.01068  -0.31460     False
    bar1200     reclasso       2000              2000 all bars      common  1560 2018-04-13           0.14709       0.14696  0.00013   0.08969 -0.00784  0.01075   0.03001     False
    bar1200     reclasso       2000              2000 all bars deck period  1116 2020-01-03           0.13167       0.13239 -0.00072  -0.54622 -0.00884  0.01042  -0.15664     False
    bar1200     reclasso       2000              2000    12:00      common  1560 2018-04-13           0.14709       0.14696  0.00013   0.08969 -0.00784  0.01075   0.03001     False
    bar1200     reclasso       2000              2000    12:00 deck period  1116 2020-01-03           0.13167       0.13239 -0.00072  -0.54622 -0.00884  0.01042  -0.15664     False
    bar1200 reclasticnet        500               500 all bars      common  3060 2012-05-31           0.13375       0.13194  0.00181   1.37208 -0.00368  0.00794   0.59927     False
    bar1200 reclasticnet        500               500 all bars deck period  1116 2020-01-03           0.13181       0.13169  0.00012   0.08772 -0.01082  0.01401   0.01915     False
    bar1200 reclasticnet        500               500    12:00      common  3060 2012-05-31           0.13375       0.13194  0.00181   1.37208 -0.00368  0.00794   0.59927     False
    bar1200 reclasticnet        500               500    12:00 deck period  1116 2020-01-03           0.13181       0.13169  0.00012   0.08772 -0.01082  0.01401   0.01915     False
    bar1200 reclasticnet       2000               500 all bars      common  1560 2018-04-13           0.14644       0.14552  0.00092   0.63314 -0.00896  0.01589   0.16192     False
    bar1200 reclasticnet       2000               500 all bars deck period  1116 2020-01-03           0.13484       0.13169  0.00314   2.38761 -0.00911  0.02200   0.42062     False
    bar1200 reclasticnet       2000               500    12:00      common  1560 2018-04-13           0.14644       0.14552  0.00092   0.63314 -0.00896  0.01589   0.16192     False
    bar1200 reclasticnet       2000               500    12:00 deck period  1116 2020-01-03           0.13484       0.13169  0.00314   2.38761 -0.00911  0.02200   0.42062     False
    bar1200 reclasticnet       2000              2000 all bars      common  1560 2018-04-13           0.14644       0.14783 -0.00139  -0.94220 -0.01039  0.01260  -0.25237     False
    bar1200 reclasticnet       2000              2000 all bars deck period  1116 2020-01-03           0.13484       0.13285  0.00199   1.50037 -0.00944  0.01996   0.26823     False
    bar1200 reclasticnet       2000              2000    12:00      common  1560 2018-04-13           0.14644       0.14783 -0.00139  -0.94220 -0.01039  0.01260  -0.25237     False
    bar1200 reclasticnet       2000              2000    12:00 deck period  1116 2020-01-03           0.13484       0.13285  0.00199   1.50037 -0.00944  0.01996   0.26823     False
    bar1200        ridge        500               500 all bars      common  3060 2012-05-31           0.14247       0.13363  0.00884   6.61695  0.00208  0.01798   2.29477     False
    bar1200        ridge        500               500 all bars deck period  1116 2020-01-03           0.14035       0.13351  0.00684   5.12363 -0.00799  0.02820   0.81282     False
    bar1200        ridge        500               500    12:00      common  3060 2012-05-31           0.14247       0.13363  0.00884   6.61695  0.00208  0.01798   2.29477     False
    bar1200        ridge        500               500    12:00 deck period  1116 2020-01-03           0.14035       0.13351  0.00684   5.12363 -0.00799  0.02820   0.81282     False
    bar1200        ridge       2000               500 all bars      common  1560 2018-04-13           0.15486       0.14940  0.00546   3.65681 -0.00538  0.02141   0.91903     False
    bar1200        ridge       2000               500 all bars deck period  1116 2020-01-03           0.14299       0.13351  0.00948   7.09878 -0.00483  0.03004   1.20885     False
    bar1200        ridge       2000               500    12:00      common  1560 2018-04-13           0.15486       0.14940  0.00546   3.65681 -0.00538  0.02141   0.91903     False
    bar1200        ridge       2000               500    12:00 deck period  1116 2020-01-03           0.14299       0.13351  0.00948   7.09878 -0.00483  0.03004   1.20885     False
    bar1200        ridge       2000              2000 all bars      common  1560 2018-04-13           0.15486       0.14710  0.00777   5.27993 -0.00228  0.02307   1.32187     False
    bar1200        ridge       2000              2000 all bars deck period  1116 2020-01-03           0.14299       0.13225  0.01074   8.12210 -0.00276  0.03118   1.40075     False
    bar1200        ridge       2000              2000    12:00      common  1560 2018-04-13           0.15486       0.14710  0.00777   5.27993 -0.00228  0.02307   1.32187     False
    bar1200        ridge       2000              2000    12:00 deck period  1116 2020-01-03           0.14299       0.13225  0.01074   8.12210 -0.00276  0.03118   1.40075     False
    bar1230     reclasso        500               500 all bars      common  3060 2012-05-31           0.13447       0.13717 -0.00269  -1.96179 -0.00656  0.00122  -1.38664     False
    bar1230     reclasso        500               500 all bars deck period  1116 2020-01-03           0.13594       0.13823 -0.00229  -1.65470 -0.00955  0.00516  -0.66152     False
    bar1230     reclasso        500               500    12:30      common  3060 2012-05-31           0.13447       0.13717 -0.00269  -1.96179 -0.00656  0.00122  -1.38664     False
    bar1230     reclasso        500               500    12:30 deck period  1116 2020-01-03           0.13594       0.13823 -0.00229  -1.65470 -0.00955  0.00516  -0.66152     False
    bar1230     reclasso       2000               500 all bars      common  1560 2018-04-13           0.14812       0.14439  0.00373   2.58156 -0.00108  0.00877   1.54289     False
    bar1230     reclasso       2000               500 all bars deck period  1116 2020-01-03           0.14367       0.13823  0.00544   3.93797 -0.00031  0.01140   1.96721     False
    bar1230     reclasso       2000               500    12:30      common  1560 2018-04-13           0.14812       0.14439  0.00373   2.58156 -0.00108  0.00877   1.54289     False
    bar1230     reclasso       2000               500    12:30 deck period  1116 2020-01-03           0.14367       0.13823  0.00544   3.93797 -0.00031  0.01140   1.96721     False
    bar1230     reclasso       2000              2000 all bars      common  1560 2018-04-13           0.14812       0.14790  0.00022   0.14970 -0.00432  0.00446   0.10029     False
    bar1230     reclasso       2000              2000 all bars deck period  1116 2020-01-03           0.14367       0.14326  0.00041   0.28345 -0.00473  0.00576   0.16291     False
    bar1230     reclasso       2000              2000    12:30      common  1560 2018-04-13           0.14812       0.14790  0.00022   0.14970 -0.00432  0.00446   0.10029     False
    bar1230     reclasso       2000              2000    12:30 deck period  1116 2020-01-03           0.14367       0.14326  0.00041   0.28345 -0.00473  0.00576   0.16291     False
    bar1230 reclasticnet        500               500 all bars      common  3060 2012-05-31           0.13664       0.13659  0.00005   0.03668 -0.00472  0.00472   0.02128     False
    bar1230 reclasticnet        500               500 all bars deck period  1116 2020-01-03           0.13863       0.13848  0.00015   0.10750 -0.00805  0.00919   0.03707     False
    bar1230 reclasticnet        500               500    12:30      common  3060 2012-05-31           0.13664       0.13659  0.00005   0.03668 -0.00472  0.00472   0.02128     False
    bar1230 reclasticnet        500               500    12:30 deck period  1116 2020-01-03           0.13863       0.13848  0.00015   0.10750 -0.00805  0.00919   0.03707     False
    bar1230 reclasticnet       2000               500 all bars      common  1560 2018-04-13           0.14488       0.14436  0.00052   0.35991 -0.00358  0.00449   0.25520     False
    bar1230 reclasticnet       2000               500 all bars deck period  1116 2020-01-03           0.14050       0.13848  0.00202   1.45657 -0.00301  0.00713   0.81652     False
    bar1230 reclasticnet       2000               500    12:30      common  1560 2018-04-13           0.14488       0.14436  0.00052   0.35991 -0.00358  0.00449   0.25520     False
    bar1230 reclasticnet       2000               500    12:30 deck period  1116 2020-01-03           0.14050       0.13848  0.00202   1.45657 -0.00301  0.00713   0.81652     False
    bar1230 reclasticnet       2000              2000 all bars      common  1560 2018-04-13           0.14488       0.14688 -0.00200  -1.36197 -0.00625  0.00234  -0.96011     False
    bar1230 reclasticnet       2000              2000 all bars deck period  1116 2020-01-03           0.14050       0.14141 -0.00091  -0.64411 -0.00622  0.00456  -0.37137     False
    bar1230 reclasticnet       2000              2000    12:30      common  1560 2018-04-13           0.14488       0.14688 -0.00200  -1.36197 -0.00625  0.00234  -0.96011     False
    bar1230 reclasticnet       2000              2000    12:30 deck period  1116 2020-01-03           0.14050       0.14141 -0.00091  -0.64411 -0.00622  0.00456  -0.37137     False
    bar1230        ridge        500               500 all bars      common  3060 2012-05-31           0.14650       0.13665  0.00985   7.21066  0.00483  0.01502   4.14737     False
    bar1230        ridge        500               500 all bars deck period  1116 2020-01-03           0.15000       0.13898  0.01102   7.93136  0.00233  0.02013   2.51528     False
    bar1230        ridge        500               500    12:30      common  3060 2012-05-31           0.14650       0.13665  0.00985   7.21066  0.00483  0.01502   4.14737     False
    bar1230        ridge        500               500    12:30 deck period  1116 2020-01-03           0.15000       0.13898  0.01102   7.93136  0.00233  0.02013   2.51528     False
    bar1230        ridge       2000               500 all bars      common  1560 2018-04-13           0.15276       0.14415  0.00861   5.97280  0.00264  0.01476   2.74016     False
    bar1230        ridge       2000               500 all bars deck period  1116 2020-01-03           0.14976       0.13898  0.01078   7.75604  0.00389  0.01762   3.06799     False
    bar1230        ridge       2000               500    12:30      common  1560 2018-04-13           0.15276       0.14415  0.00861   5.97280  0.00264  0.01476   2.74016     False
    bar1230        ridge       2000               500    12:30 deck period  1116 2020-01-03           0.14976       0.13898  0.01078   7.75604  0.00389  0.01762   3.06799     False
    bar1230        ridge       2000              2000 all bars      common  1560 2018-04-13           0.15276       0.14589  0.00687   4.71064  0.00074  0.01329   2.18580     False
    bar1230        ridge       2000              2000 all bars deck period  1116 2020-01-03           0.14976       0.14112  0.00864   6.12098  0.00140  0.01564   2.48973     False
    bar1230        ridge       2000              2000    12:30      common  1560 2018-04-13           0.15276       0.14589  0.00687   4.71064  0.00074  0.01329   2.18580     False
    bar1230        ridge       2000              2000    12:30 deck period  1116 2020-01-03           0.14976       0.14112  0.00864   6.12098  0.00140  0.01564   2.48973     False
    bar1300     reclasso        500               500 all bars      common  3060 2012-05-31           0.15880       0.15534  0.00346   2.23014 -0.00326  0.01140   0.89049     False
    bar1300     reclasso        500               500 all bars deck period  1116 2020-01-03           0.16834       0.16613  0.00221   1.33139 -0.01207  0.02293   0.24021     False
    bar1300     reclasso        500               500    13:00      common  3060 2012-05-31           0.15880       0.15534  0.00346   2.23014 -0.00326  0.01140   0.89049     False
    bar1300     reclasso        500               500    13:00 deck period  1116 2020-01-03           0.16834       0.16613  0.00221   1.33139 -0.01207  0.02293   0.24021     False
    bar1300     reclasso       2000               500 all bars      common  1560 2018-04-13           0.17564       0.17416  0.00148   0.84734 -0.00419  0.00696   0.50755     False
    bar1300     reclasso       2000               500 all bars deck period  1116 2020-01-03           0.16562       0.16613 -0.00050  -0.30369 -0.00763  0.00666  -0.13518     False
    bar1300     reclasso       2000               500    13:00      common  1560 2018-04-13           0.17564       0.17416  0.00148   0.84734 -0.00419  0.00696   0.50755     False
    bar1300     reclasso       2000               500    13:00 deck period  1116 2020-01-03           0.16562       0.16613 -0.00050  -0.30369 -0.00763  0.00666  -0.13518     False
    bar1300     reclasso       2000              2000 all bars      common  1560 2018-04-13           0.17564       0.17520  0.00044   0.25239 -0.00473  0.00571   0.18002     False
    bar1300     reclasso       2000              2000 all bars deck period  1116 2020-01-03           0.16562       0.16789 -0.00227  -1.35095 -0.00863  0.00417  -0.72871     False
    bar1300     reclasso       2000              2000    13:00      common  1560 2018-04-13           0.17564       0.17520  0.00044   0.25239 -0.00473  0.00571   0.18002     False
    bar1300     reclasso       2000              2000    13:00 deck period  1116 2020-01-03           0.16562       0.16789 -0.00227  -1.35095 -0.00863  0.00417  -0.72871     False
    bar1300 reclasticnet        500               500 all bars      common  3060 2012-05-31           0.16483       0.15507  0.00976   6.29605  0.00031  0.02081   1.77984     False
    bar1300 reclasticnet        500               500 all bars deck period  1116 2020-01-03           0.17241       0.16543  0.00697   4.21583 -0.00832  0.02974   0.71723     False
    bar1300 reclasticnet        500               500    13:00      common  3060 2012-05-31           0.16483       0.15507  0.00976   6.29605  0.00031  0.02081   1.77984     False
    bar1300 reclasticnet        500               500    13:00 deck period  1116 2020-01-03           0.17241       0.16543  0.00697   4.21583 -0.00832  0.02974   0.71723     False
    bar1300 reclasticnet       2000               500 all bars      common  1560 2018-04-13           0.17435       0.17312  0.00122   0.70655 -0.00490  0.00698   0.37505     False
    bar1300 reclasticnet       2000               500 all bars deck period  1116 2020-01-03           0.16402       0.16543 -0.00141  -0.85450 -0.00946  0.00597  -0.33382     False
    bar1300 reclasticnet       2000               500    13:00      common  1560 2018-04-13           0.17435       0.17312  0.00122   0.70655 -0.00490  0.00698   0.37505     False
    bar1300 reclasticnet       2000               500    13:00 deck period  1116 2020-01-03           0.16402       0.16543 -0.00141  -0.85450 -0.00946  0.00597  -0.33382     False
    bar1300 reclasticnet       2000              2000 all bars      common  1560 2018-04-13           0.17435       0.17387  0.00048   0.27453 -0.00437  0.00575   0.17905     False
    bar1300 reclasticnet       2000              2000 all bars deck period  1116 2020-01-03           0.16402       0.16568 -0.00166  -1.00463 -0.00757  0.00508  -0.48153     False
    bar1300 reclasticnet       2000              2000    13:00      common  1560 2018-04-13           0.17435       0.17387  0.00048   0.27453 -0.00437  0.00575   0.17905     False
    bar1300 reclasticnet       2000              2000    13:00 deck period  1116 2020-01-03           0.16402       0.16568 -0.00166  -1.00463 -0.00757  0.00508  -0.48153     False
    bar1300        ridge        500               500 all bars      common  3060 2012-05-31           0.17451       0.15545  0.01906  12.26303  0.00919  0.03172   3.25825     False
    bar1300        ridge        500               500 all bars deck period  1116 2020-01-03           0.19835       0.16798  0.03037  18.08044  0.00755  0.06424   2.06003     False
    bar1300        ridge        500               500    13:00      common  3060 2012-05-31           0.17451       0.15545  0.01906  12.26303  0.00919  0.03172   3.25825     False
    bar1300        ridge        500               500    13:00 deck period  1116 2020-01-03           0.19835       0.16798  0.03037  18.08044  0.00755  0.06424   2.06003     False
    bar1300        ridge       2000               500 all bars      common  1560 2018-04-13           0.18629       0.17469  0.01160   6.63897  0.00250  0.02268   2.26624     False
    bar1300        ridge       2000               500 all bars deck period  1116 2020-01-03           0.17720       0.16798  0.00922   5.48927 -0.00263  0.02420   1.38593     False
    bar1300        ridge       2000               500    13:00      common  1560 2018-04-13           0.18629       0.17469  0.01160   6.63897  0.00250  0.02268   2.26624     False
    bar1300        ridge       2000               500    13:00 deck period  1116 2020-01-03           0.17720       0.16798  0.00922   5.48927 -0.00263  0.02420   1.38593     False
    bar1300        ridge       2000              2000 all bars      common  1560 2018-04-13           0.18629       0.17519  0.01110   6.33500  0.00314  0.02064   2.59178     False
    bar1300        ridge       2000              2000 all bars deck period  1116 2020-01-03           0.17720       0.16786  0.00935   5.56861 -0.00110  0.02121   1.70036     False
    bar1300        ridge       2000              2000    13:00      common  1560 2018-04-13           0.18629       0.17519  0.01110   6.33500  0.00314  0.02064   2.59178     False
    bar1300        ridge       2000              2000    13:00 deck period  1116 2020-01-03           0.17720       0.16786  0.00935   5.56861 -0.00110  0.02121   1.70036     False
    bar1330     reclasso        500               500 all bars      common  2999 2012-05-31           0.16377       0.16381 -0.00004  -0.02349 -0.00465  0.00476  -0.01576     False
    bar1330     reclasso        500               500 all bars deck period  1088 2020-01-03           0.17170       0.16697  0.00474   2.83682 -0.00343  0.01279   1.10020     False
    bar1330     reclasso        500               500    13:30      common  2999 2012-05-31           0.16377       0.16381 -0.00004  -0.02349 -0.00465  0.00476  -0.01576     False
    bar1330     reclasso        500               500    13:30 deck period  1088 2020-01-03           0.17170       0.16697  0.00474   2.83682 -0.00343  0.01279   1.10020     False
    bar1330     reclasso       2000               500 all bars      common  1499 2018-05-17           0.17230       0.17522 -0.00292  -1.66899 -0.00926  0.00306  -0.92858     False
    bar1330     reclasso       2000               500 all bars deck period  1088 2020-01-03           0.16736       0.16697  0.00039   0.23550 -0.00761  0.00772   0.10515     False
    bar1330     reclasso       2000               500    13:30      common  1499 2018-05-17           0.17230       0.17522 -0.00292  -1.66899 -0.00926  0.00306  -0.92858     False
    bar1330     reclasso       2000               500    13:30 deck period  1088 2020-01-03           0.16736       0.16697  0.00039   0.23550 -0.00761  0.00772   0.10515     False
    bar1330     reclasso       2000              2000 all bars      common  1499 2018-05-17           0.17230       0.17338 -0.00108  -0.62433 -0.00667  0.00424  -0.39437     False
    bar1330     reclasso       2000              2000 all bars deck period  1088 2020-01-03           0.16736       0.16729  0.00007   0.04404 -0.00735  0.00673   0.02189     False
    bar1330     reclasso       2000              2000    13:30      common  1499 2018-05-17           0.17230       0.17338 -0.00108  -0.62433 -0.00667  0.00424  -0.39437     False
    bar1330     reclasso       2000              2000    13:30 deck period  1088 2020-01-03           0.16736       0.16729  0.00007   0.04404 -0.00735  0.00673   0.02189     False
    bar1330 reclasticnet        500               500 all bars      common  2999 2012-05-31           0.16868       0.16358  0.00510   3.11573 -0.00122  0.01158   1.57573     False
    bar1330 reclasticnet        500               500 all bars deck period  1088 2020-01-03           0.17719       0.16672  0.01047   6.28036  0.00033  0.02108   1.92370     False
    bar1330 reclasticnet        500               500    13:30      common  2999 2012-05-31           0.16868       0.16358  0.00510   3.11573 -0.00122  0.01158   1.57573     False
    bar1330 reclasticnet        500               500    13:30 deck period  1088 2020-01-03           0.17719       0.16672  0.01047   6.28036  0.00033  0.02108   1.92370     False
    bar1330 reclasticnet       2000               500 all bars      common  1499 2018-05-17           0.17153       0.17457 -0.00304  -1.73885 -0.00900  0.00252  -1.12142     False
    bar1330 reclasticnet       2000               500 all bars deck period  1088 2020-01-03           0.16685       0.16672  0.00013   0.07850 -0.00659  0.00692   0.04028     False
    bar1330 reclasticnet       2000               500    13:30      common  1499 2018-05-17           0.17153       0.17457 -0.00304  -1.73885 -0.00900  0.00252  -1.12142     False
    bar1330 reclasticnet       2000               500    13:30 deck period  1088 2020-01-03           0.16685       0.16672  0.00013   0.07850 -0.00659  0.00692   0.04028     False
    bar1330 reclasticnet       2000              2000 all bars      common  1499 2018-05-17           0.17153       0.17307 -0.00154  -0.88992 -0.00726  0.00366  -0.61742     False
    bar1330 reclasticnet       2000              2000 all bars deck period  1088 2020-01-03           0.16685       0.16653  0.00032   0.19000 -0.00654  0.00652   0.10028     False
    bar1330 reclasticnet       2000              2000    13:30      common  1499 2018-05-17           0.17153       0.17307 -0.00154  -0.88992 -0.00726  0.00366  -0.61742     False
    bar1330 reclasticnet       2000              2000    13:30 deck period  1088 2020-01-03           0.16685       0.16653  0.00032   0.19000 -0.00654  0.00652   0.10028     False
    bar1330        ridge        500               500 all bars      common  2999 2012-05-31           0.17019       0.16286  0.00733   4.50223  0.00166  0.01321   2.51625     False
    bar1330        ridge        500               500 all bars deck period  1088 2020-01-03           0.18155       0.16626  0.01529   9.19521  0.00586  0.02556   2.90435     False
    bar1330        ridge        500               500    13:30      common  2999 2012-05-31           0.17019       0.16286  0.00733   4.50223  0.00166  0.01321   2.51625     False
    bar1330        ridge        500               500    13:30 deck period  1088 2020-01-03           0.18155       0.16626  0.01529   9.19521  0.00586  0.02556   2.90435     False
    bar1330        ridge       2000               500 all bars      common  1499 2018-05-17           0.17257       0.17421 -0.00164  -0.94022 -0.00893  0.00531  -0.48722     False
    bar1330        ridge       2000               500 all bars deck period  1088 2020-01-03           0.16906       0.16626  0.00279   1.67982 -0.00523  0.01157   0.71635     False
    bar1330        ridge       2000               500    13:30      common  1499 2018-05-17           0.17257       0.17421 -0.00164  -0.94022 -0.00893  0.00531  -0.48722     False
    bar1330        ridge       2000               500    13:30 deck period  1088 2020-01-03           0.16906       0.16626  0.00279   1.67982 -0.00523  0.01157   0.71635     False
    bar1330        ridge       2000              2000 all bars      common  1499 2018-05-17           0.17257       0.17193  0.00064   0.37411 -0.00564  0.00660   0.22308     False
    bar1330        ridge       2000              2000 all bars deck period  1088 2020-01-03           0.16906       0.16617  0.00288   1.73574 -0.00476  0.01049   0.84392     False
    bar1330        ridge       2000              2000    13:30      common  1499 2018-05-17           0.17257       0.17193  0.00064   0.37411 -0.00564  0.00660   0.22308     False
    bar1330        ridge       2000              2000    13:30 deck period  1088 2020-01-03           0.16906       0.16617  0.00288   1.73574 -0.00476  0.01049   0.84392     False
    bar1400     reclasso        500               500 all bars      common  2987 2012-06-13           0.15802       0.15097  0.00704   4.66430  0.00024  0.01421   2.12518     False
    bar1400     reclasso        500               500 all bars deck period  1088 2020-01-03           0.18719       0.16711  0.02008  12.01836  0.00599  0.03629   2.73758     False
    bar1400     reclasso        500               500    14:00      common  2987 2012-06-13           0.15802       0.15097  0.00704   4.66430  0.00024  0.01421   2.12518     False
    bar1400     reclasso        500               500    14:00 deck period  1088 2020-01-03           0.18719       0.16711  0.02008  12.01836  0.00599  0.03629   2.73758     False
    bar1400     reclasso       2000               500 all bars      common  1487 2018-06-01           0.17852       0.17179  0.00673   3.91810 -0.00152  0.01607   1.60472     False
    bar1400     reclasso       2000               500 all bars deck period  1088 2020-01-03           0.17640       0.16711  0.00929   5.56001 -0.00104  0.02195   1.74848     False
    bar1400     reclasso       2000               500    14:00      common  1487 2018-06-01           0.17852       0.17179  0.00673   3.91810 -0.00152  0.01607   1.60472     False
    bar1400     reclasso       2000               500    14:00 deck period  1088 2020-01-03           0.17640       0.16711  0.00929   5.56001 -0.00104  0.02195   1.74848     False
    bar1400     reclasso       2000              2000 all bars      common  1487 2018-06-01           0.17852       0.17465  0.00387   2.21626 -0.00462  0.01323   0.90816     False
    bar1400     reclasso       2000              2000 all bars deck period  1088 2020-01-03           0.17640       0.17235  0.00405   2.34878 -0.00584  0.01626   0.74326     False
    bar1400     reclasso       2000              2000    14:00      common  1487 2018-06-01           0.17852       0.17465  0.00387   2.21626 -0.00462  0.01323   0.90816     False
    bar1400     reclasso       2000              2000    14:00 deck period  1088 2020-01-03           0.17640       0.17235  0.00405   2.34878 -0.00584  0.01626   0.74326     False
    bar1400 reclasticnet        500               500 all bars      common  2987 2012-06-13           0.15741       0.15137  0.00605   3.99356 -0.00067  0.01380   1.68032     False
    bar1400 reclasticnet        500               500 all bars deck period  1088 2020-01-03           0.18525       0.16921  0.01604   9.47657  0.00165  0.03397   2.03748     False
    bar1400 reclasticnet        500               500    14:00      common  2987 2012-06-13           0.15741       0.15137  0.00605   3.99356 -0.00067  0.01380   1.68032     False
    bar1400 reclasticnet        500               500    14:00 deck period  1088 2020-01-03           0.18525       0.16921  0.01604   9.47657  0.00165  0.03397   2.03748     False
    bar1400 reclasticnet       2000               500 all bars      common  1487 2018-06-01           0.18049       0.17378  0.00671   3.86240 -0.00246  0.01673   1.52179     False
    bar1400 reclasticnet       2000               500 all bars deck period  1088 2020-01-03           0.17984       0.16921  0.01063   6.27961 -0.00030  0.02384   1.89111     False
    bar1400 reclasticnet       2000               500    14:00      common  1487 2018-06-01           0.18049       0.17378  0.00671   3.86240 -0.00246  0.01673   1.52179     False
    bar1400 reclasticnet       2000               500    14:00 deck period  1088 2020-01-03           0.17984       0.16921  0.01063   6.27961 -0.00030  0.02384   1.89111     False
    bar1400 reclasticnet       2000              2000 all bars      common  1487 2018-06-01           0.18049       0.17417  0.00633   3.63333 -0.00317  0.01628   1.39974     False
    bar1400 reclasticnet       2000              2000 all bars deck period  1088 2020-01-03           0.17984       0.17135  0.00849   4.95222 -0.00253  0.02160   1.45500     False
    bar1400 reclasticnet       2000              2000    14:00      common  1487 2018-06-01           0.18049       0.17417  0.00633   3.63333 -0.00317  0.01628   1.39974     False
    bar1400 reclasticnet       2000              2000    14:00 deck period  1088 2020-01-03           0.17984       0.17135  0.00849   4.95222 -0.00253  0.02160   1.45500     False
    bar1400        ridge        500               500 all bars      common  2987 2012-06-13           0.16460       0.15109  0.01352   8.94617  0.00562  0.02244   3.34791     False
    bar1400        ridge        500               500 all bars deck period  1088 2020-01-03           0.20029       0.17090  0.02939  17.19796  0.01263  0.04990   3.14980     False
    bar1400        ridge        500               500    14:00      common  2987 2012-06-13           0.16460       0.15109  0.01352   8.94617  0.00562  0.02244   3.34791     False
    bar1400        ridge        500               500    14:00 deck period  1088 2020-01-03           0.20029       0.17090  0.02939  17.19796  0.01263  0.04990   3.14980     False
    bar1400        ridge       2000               500 all bars      common  1487 2018-06-01           0.17967       0.17407  0.00560   3.21694 -0.00258  0.01460   1.34047     False
    bar1400        ridge       2000               500 all bars deck period  1088 2020-01-03           0.17968       0.17090  0.00878   5.13733 -0.00180  0.01935   1.64351     False
    bar1400        ridge       2000               500    14:00      common  1487 2018-06-01           0.17967       0.17407  0.00560   3.21694 -0.00258  0.01460   1.34047     False
    bar1400        ridge       2000               500    14:00 deck period  1088 2020-01-03           0.17968       0.17090  0.00878   5.13733 -0.00180  0.01935   1.64351     False
    bar1400        ridge       2000              2000 all bars      common  1487 2018-06-01           0.17967       0.17289  0.00679   3.92619 -0.00105  0.01566   1.70550     False
    bar1400        ridge       2000              2000 all bars deck period  1088 2020-01-03           0.17968       0.17091  0.00876   5.12826 -0.00064  0.01926   1.75711     False
    bar1400        ridge       2000              2000    14:00      common  1487 2018-06-01           0.17967       0.17289  0.00679   3.92619 -0.00105  0.01566   1.70550     False
    bar1400        ridge       2000              2000    14:00 deck period  1088 2020-01-03           0.17968       0.17091  0.00876   5.12826 -0.00064  0.01926   1.75711     False
    bar1430     reclasso        500               500 all bars      common  2979 2012-06-20           0.20515       0.27484 -0.06969 -25.35753 -0.08946 -0.05196  -7.23623      True
    bar1430     reclasso        500               500 all bars deck period  1087 2020-01-03           0.22480       0.31208 -0.08728 -27.96851 -0.13431 -0.04924  -3.95932      True
    bar1430     reclasso        500               500    14:30      common  2979 2012-06-20           0.20515       0.27484 -0.06969 -25.35753 -0.08946 -0.05196  -7.23623      True
    bar1430     reclasso        500               500    14:30 deck period  1087 2020-01-03           0.22480       0.31208 -0.08728 -27.96851 -0.13431 -0.04924  -3.95932      True
    bar1430     reclasso       2000               500 all bars      common  1479 2018-06-11           0.21919       0.29525 -0.07606 -25.76076 -0.11015 -0.04686  -4.53054      True
    bar1430     reclasso       2000               500 all bars deck period  1087 2020-01-03           0.22836       0.31208 -0.08372 -26.82611 -0.12869 -0.04631  -3.80121      True
    bar1430     reclasso       2000               500    14:30      common  1479 2018-06-11           0.21919       0.29525 -0.07606 -25.76076 -0.11015 -0.04686  -4.53054      True
    bar1430     reclasso       2000               500    14:30 deck period  1087 2020-01-03           0.22836       0.31208 -0.08372 -26.82611 -0.12869 -0.04631  -3.80121      True
    bar1430     reclasso       2000              2000 all bars      common  1479 2018-06-11           0.21919       0.27413 -0.05494 -20.04126 -0.08221 -0.03182  -4.16532      True
    bar1430     reclasso       2000              2000 all bars deck period  1087 2020-01-03           0.22836       0.29271 -0.06435 -21.98310 -0.10267 -0.03382  -3.68299      True
    bar1430     reclasso       2000              2000    14:30      common  1479 2018-06-11           0.21919       0.27413 -0.05494 -20.04126 -0.08221 -0.03182  -4.16532      True
    bar1430     reclasso       2000              2000    14:30 deck period  1087 2020-01-03           0.22836       0.29271 -0.06435 -21.98310 -0.10267 -0.03382  -3.68299      True
    bar1430 reclasticnet        500               500 all bars      common  2979 2012-06-20           0.20599       0.27457 -0.06858 -24.97781 -0.08830 -0.05075  -7.19349      True
    bar1430 reclasticnet        500               500 all bars deck period  1087 2020-01-03           0.22606       0.31291 -0.08684 -27.75428 -0.13215 -0.04748  -4.00684      True
    bar1430 reclasticnet        500               500    14:30      common  2979 2012-06-20           0.20599       0.27457 -0.06858 -24.97781 -0.08830 -0.05075  -7.19349      True
    bar1430 reclasticnet        500               500    14:30 deck period  1087 2020-01-03           0.22606       0.31291 -0.08684 -27.75428 -0.13215 -0.04748  -4.00684      True
    bar1430 reclasticnet       2000               500 all bars      common  1479 2018-06-11           0.21435       0.29342 -0.07907 -26.94885 -0.11036 -0.05229  -4.89696      True
    bar1430 reclasticnet       2000               500 all bars deck period  1087 2020-01-03           0.22277       0.31291 -0.09014 -28.80672 -0.13306 -0.05341  -4.19859      True
    bar1430 reclasticnet       2000               500    14:30      common  1479 2018-06-11           0.21435       0.29342 -0.07907 -26.94885 -0.11036 -0.05229  -4.89696      True
    bar1430 reclasticnet       2000               500    14:30 deck period  1087 2020-01-03           0.22277       0.31291 -0.09014 -28.80672 -0.13306 -0.05341  -4.19859      True
    bar1430 reclasticnet       2000              2000 all bars      common  1479 2018-06-11           0.21435       0.27508 -0.06073 -22.07776 -0.08738 -0.03748  -4.55907      True
    bar1430 reclasticnet       2000              2000 all bars deck period  1087 2020-01-03           0.22277       0.29220 -0.06943 -23.76051 -0.10629 -0.04076  -3.95601      True
    bar1430 reclasticnet       2000              2000    14:30      common  1479 2018-06-11           0.21435       0.27508 -0.06073 -22.07776 -0.08738 -0.03748  -4.55907      True
    bar1430 reclasticnet       2000              2000    14:30 deck period  1087 2020-01-03           0.22277       0.29220 -0.06943 -23.76051 -0.10629 -0.04076  -3.95601      True
    bar1430        ridge        500               500 all bars      common  2979 2012-06-20           0.21897       0.26733 -0.04837 -18.09231 -0.06620 -0.03126  -5.56814      True
    bar1430        ridge        500               500 all bars deck period  1087 2020-01-03           0.23874       0.30048 -0.06174 -20.54854 -0.10244 -0.02675  -3.18142      True
    bar1430        ridge        500               500    14:30      common  2979 2012-06-20           0.21897       0.26733 -0.04837 -18.09231 -0.06620 -0.03126  -5.56814      True
    bar1430        ridge        500               500    14:30 deck period  1087 2020-01-03           0.23874       0.30048 -0.06174 -20.54854 -0.10244 -0.02675  -3.18142      True
    bar1430        ridge       2000               500 all bars      common  1479 2018-06-11           0.21476       0.28599 -0.07123 -24.90814 -0.10043 -0.04615  -4.80927      True
    bar1430        ridge       2000               500 all bars deck period  1087 2020-01-03           0.22133       0.30048 -0.07916 -26.34316 -0.11874 -0.04529  -4.05034      True
    bar1430        ridge       2000               500    14:30      common  1479 2018-06-11           0.21476       0.28599 -0.07123 -24.90814 -0.10043 -0.04615  -4.80927      True
    bar1430        ridge       2000               500    14:30 deck period  1087 2020-01-03           0.22133       0.30048 -0.07916 -26.34316 -0.11874 -0.04529  -4.05034      True
    bar1430        ridge       2000              2000 all bars      common  1479 2018-06-11           0.21476       0.26726 -0.05250 -19.64553 -0.07686 -0.03180  -4.48511      True
    bar1430        ridge       2000              2000 all bars deck period  1087 2020-01-03           0.22133       0.28315 -0.06182 -21.83378 -0.09334 -0.03577  -4.04251      True
    bar1430        ridge       2000              2000    14:30      common  1479 2018-06-11           0.21476       0.26726 -0.05250 -19.64553 -0.07686 -0.03180  -4.48511      True
    bar1430        ridge       2000              2000    14:30 deck period  1087 2020-01-03           0.22133       0.28315 -0.06182 -21.83378 -0.09334 -0.03577  -4.04251      True
    bar1500     reclasso        500               500 all bars      common  2977 2012-06-21           0.15465       0.16270 -0.00805  -4.94536 -0.01479 -0.00019  -2.36714      True
    bar1500     reclasso        500               500 all bars deck period  1087 2020-01-03           0.16986       0.18830 -0.01844  -9.79353 -0.03033 -0.00687  -3.08523      True
    bar1500     reclasso        500               500    15:00      common  2977 2012-06-21           0.15465       0.16270 -0.00805  -4.94536 -0.01479 -0.00019  -2.36714      True
    bar1500     reclasso        500               500    15:00 deck period  1087 2020-01-03           0.16986       0.18830 -0.01844  -9.79353 -0.03033 -0.00687  -3.08523      True
    bar1500     reclasso       2000               500 all bars      common  1477 2018-06-13           0.20656       0.20637  0.00019   0.09177 -0.00612  0.00634   0.05469     False
    bar1500     reclasso       2000               500 all bars deck period  1087 2020-01-03           0.18934       0.18830  0.00104   0.55091 -0.00684  0.00910   0.24773     False
    bar1500     reclasso       2000               500    15:00      common  1477 2018-06-13           0.20656       0.20637  0.00019   0.09177 -0.00612  0.00634   0.05469     False
    bar1500     reclasso       2000               500    15:00 deck period  1087 2020-01-03           0.18934       0.18830  0.00104   0.55091 -0.00684  0.00910   0.24773     False
    bar1500     reclasso       2000              2000 all bars      common  1477 2018-06-13           0.20656       0.20807 -0.00151  -0.72585 -0.00896  0.00618  -0.37279     False
    bar1500     reclasso       2000              2000 all bars deck period  1087 2020-01-03           0.18934       0.19251 -0.00317  -1.64774 -0.01238  0.00719  -0.67597     False
    bar1500     reclasso       2000              2000    15:00      common  1477 2018-06-13           0.20656       0.20807 -0.00151  -0.72585 -0.00896  0.00618  -0.37279     False
    bar1500     reclasso       2000              2000    15:00 deck period  1087 2020-01-03           0.18934       0.19251 -0.00317  -1.64774 -0.01238  0.00719  -0.67597     False
    bar1500 reclasticnet        500               500 all bars      common  2977 2012-06-21           0.15979       0.16218 -0.00238  -1.46935 -0.01051  0.00636  -0.59882     False
    bar1500 reclasticnet        500               500 all bars deck period  1087 2020-01-03           0.17831       0.18856 -0.01025  -5.43821 -0.02346  0.00254  -1.54335     False
    bar1500 reclasticnet        500               500    15:00      common  2977 2012-06-21           0.15979       0.16218 -0.00238  -1.46935 -0.01051  0.00636  -0.59882     False
    bar1500 reclasticnet        500               500    15:00 deck period  1087 2020-01-03           0.17831       0.18856 -0.01025  -5.43821 -0.02346  0.00254  -1.54335     False
    bar1500 reclasticnet       2000               500 all bars      common  1477 2018-06-13           0.20079       0.20622 -0.00543  -2.63403 -0.01210  0.00105  -1.63285     False
    bar1500 reclasticnet       2000               500 all bars deck period  1087 2020-01-03           0.18241       0.18856 -0.00615  -3.26084 -0.01402  0.00230  -1.55520     False
    bar1500 reclasticnet       2000               500    15:00      common  1477 2018-06-13           0.20079       0.20622 -0.00543  -2.63403 -0.01210  0.00105  -1.63285     False
    bar1500 reclasticnet       2000               500    15:00 deck period  1087 2020-01-03           0.18241       0.18856 -0.00615  -3.26084 -0.01402  0.00230  -1.55520     False
    bar1500 reclasticnet       2000              2000 all bars      common  1477 2018-06-13           0.20079       0.20643 -0.00565  -2.73501 -0.01343  0.00274  -1.39875     False
    bar1500 reclasticnet       2000              2000 all bars deck period  1087 2020-01-03           0.18241       0.18978 -0.00737  -3.88358 -0.01642  0.00313  -1.56270     False
    bar1500 reclasticnet       2000              2000    15:00      common  1477 2018-06-13           0.20079       0.20643 -0.00565  -2.73501 -0.01343  0.00274  -1.39875     False
    bar1500 reclasticnet       2000              2000    15:00 deck period  1087 2020-01-03           0.18241       0.18978 -0.00737  -3.88358 -0.01642  0.00313  -1.56270     False
    bar1500        ridge        500               500 all bars      common  2977 2012-06-21           0.16068       0.16033  0.00034   0.21310 -0.00656  0.00726   0.10095     False
    bar1500        ridge        500               500 all bars deck period  1087 2020-01-03           0.18246       0.18626 -0.00380  -2.04021 -0.01693  0.00926  -0.59602     False
    bar1500        ridge        500               500    15:00      common  2977 2012-06-21           0.16068       0.16033  0.00034   0.21310 -0.00656  0.00726   0.10095     False
    bar1500        ridge        500               500    15:00 deck period  1087 2020-01-03           0.18246       0.18626 -0.00380  -2.04021 -0.01693  0.00926  -0.59602     False
    bar1500        ridge       2000               500 all bars      common  1477 2018-06-13           0.20552       0.20435  0.00117   0.57316 -0.00913  0.01257   0.20708     False
    bar1500        ridge       2000               500 all bars deck period  1087 2020-01-03           0.18891       0.18626  0.00265   1.42286 -0.00963  0.01689   0.38140     False
    bar1500        ridge       2000               500    15:00      common  1477 2018-06-13           0.20552       0.20435  0.00117   0.57316 -0.00913  0.01257   0.20708     False
    bar1500        ridge       2000               500    15:00 deck period  1087 2020-01-03           0.18891       0.18626  0.00265   1.42286 -0.00963  0.01689   0.38140     False
    bar1500        ridge       2000              2000 all bars      common  1477 2018-06-13           0.20552       0.20303  0.00249   1.22460 -0.01140  0.02000   0.30933     False
    bar1500        ridge       2000              2000 all bars deck period  1087 2020-01-03           0.18891       0.18612  0.00279   1.49861 -0.01421  0.02540   0.26911     False
    bar1500        ridge       2000              2000    15:00      common  1477 2018-06-13           0.20552       0.20303  0.00249   1.22460 -0.01140  0.02000   0.30933     False
    bar1500        ridge       2000              2000    15:00 deck period  1087 2020-01-03           0.18891       0.18612  0.00279   1.49861 -0.01421  0.02540   0.26911     False
    bar1530     reclasso        500               500 all bars      common  2975 2012-06-25           0.11893       0.12125 -0.00232  -1.91373 -0.00674  0.00206  -1.08426     False
    bar1530     reclasso        500               500 all bars deck period  1087 2020-01-03           0.12644       0.12053  0.00591   4.90252 -0.00294  0.01371   1.47008     False
    bar1530     reclasso        500               500    15:30      common  2975 2012-06-25           0.11893       0.12125 -0.00232  -1.91373 -0.00674  0.00206  -1.08426     False
    bar1530     reclasso        500               500    15:30 deck period  1087 2020-01-03           0.12644       0.12053  0.00591   4.90252 -0.00294  0.01371   1.47008     False
    bar1530     reclasso       2000               500 all bars      common  1475 2018-06-15           0.12618       0.12627 -0.00009  -0.06804 -0.00707  0.00747  -0.02506     False
    bar1530     reclasso       2000               500 all bars deck period  1087 2020-01-03           0.12263       0.12053  0.00210   1.74347 -0.00681  0.01135   0.50504     False
    bar1530     reclasso       2000               500    15:30      common  1475 2018-06-15           0.12618       0.12627 -0.00009  -0.06804 -0.00707  0.00747  -0.02506     False
    bar1530     reclasso       2000               500    15:30 deck period  1087 2020-01-03           0.12263       0.12053  0.00210   1.74347 -0.00681  0.01135   0.50504     False
    bar1530     reclasso       2000              2000 all bars      common  1475 2018-06-15           0.12618       0.12641 -0.00023  -0.18108 -0.00655  0.00671  -0.07267     False
    bar1530     reclasso       2000              2000 all bars deck period  1087 2020-01-03           0.12263       0.12043  0.00221   1.83217 -0.00555  0.01123   0.58621     False
    bar1530     reclasso       2000              2000    15:30      common  1475 2018-06-15           0.12618       0.12641 -0.00023  -0.18108 -0.00655  0.00671  -0.07267     False
    bar1530     reclasso       2000              2000    15:30 deck period  1087 2020-01-03           0.12263       0.12043  0.00221   1.83217 -0.00555  0.01123   0.58621     False
    bar1530 reclasticnet        500               500 all bars      common  2975 2012-06-25           0.12168       0.12077  0.00091   0.75285 -0.00429  0.00604   0.35854     False
    bar1530 reclasticnet        500               500 all bars deck period  1087 2020-01-03           0.13190       0.11940  0.01250  10.46713  0.00241  0.02250   2.60041     False
    bar1530 reclasticnet        500               500    15:30      common  2975 2012-06-25           0.12168       0.12077  0.00091   0.75285 -0.00429  0.00604   0.35854     False
    bar1530 reclasticnet        500               500    15:30 deck period  1087 2020-01-03           0.13190       0.11940  0.01250  10.46713  0.00241  0.02250   2.60041     False
    bar1530 reclasticnet       2000               500 all bars      common  1475 2018-06-15           0.12418       0.12546 -0.00128  -1.02208 -0.00716  0.00505  -0.41878     False
    bar1530 reclasticnet       2000               500 all bars deck period  1087 2020-01-03           0.11928       0.11940 -0.00012  -0.09891 -0.00747  0.00729  -0.03401     False
    bar1530 reclasticnet       2000               500    15:30      common  1475 2018-06-15           0.12418       0.12546 -0.00128  -1.02208 -0.00716  0.00505  -0.41878     False
    bar1530 reclasticnet       2000               500    15:30 deck period  1087 2020-01-03           0.11928       0.11940 -0.00012  -0.09891 -0.00747  0.00729  -0.03401     False
    bar1530 reclasticnet       2000              2000 all bars      common  1475 2018-06-15           0.12418       0.12610 -0.00192  -1.52478 -0.00716  0.00357  -0.70731     False
    bar1530 reclasticnet       2000              2000 all bars deck period  1087 2020-01-03           0.11928       0.12042 -0.00114  -0.94497 -0.00742  0.00509  -0.37857     False
    bar1530 reclasticnet       2000              2000    15:30      common  1475 2018-06-15           0.12418       0.12610 -0.00192  -1.52478 -0.00716  0.00357  -0.70731     False
    bar1530 reclasticnet       2000              2000    15:30 deck period  1087 2020-01-03           0.11928       0.12042 -0.00114  -0.94497 -0.00742  0.00509  -0.37857     False
    bar1530        ridge        500               500 all bars      common  2975 2012-06-25           0.12611       0.11907  0.00705   5.91847  0.00093  0.01326   2.39240     False
    bar1530        ridge        500               500 all bars deck period  1087 2020-01-03           0.13466       0.11914  0.01552  13.02548  0.00225  0.02984   2.56129     False
    bar1530        ridge        500               500    15:30      common  2975 2012-06-25           0.12611       0.11907  0.00705   5.91847  0.00093  0.01326   2.39240     False
    bar1530        ridge        500               500    15:30 deck period  1087 2020-01-03           0.13466       0.11914  0.01552  13.02548  0.00225  0.02984   2.56129     False
    bar1530        ridge       2000               500 all bars      common  1475 2018-06-15           0.13234       0.12459  0.00775   6.21929 -0.00438  0.02292   1.17797     False
    bar1530        ridge       2000               500 all bars deck period  1087 2020-01-03           0.13098       0.11914  0.01184   9.93413 -0.00465  0.03394   1.40337     False
    bar1530        ridge       2000               500    15:30      common  1475 2018-06-15           0.13234       0.12459  0.00775   6.21929 -0.00438  0.02292   1.17797     False
    bar1530        ridge       2000               500    15:30 deck period  1087 2020-01-03           0.13098       0.11914  0.01184   9.93413 -0.00465  0.03394   1.40337     False
    bar1530        ridge       2000              2000 all bars      common  1475 2018-06-15           0.13234       0.12383  0.00851   6.87302 -0.00327  0.02410   1.30189     False
    bar1530        ridge       2000              2000 all bars deck period  1087 2020-01-03           0.13098       0.11775  0.01323  11.23322 -0.00224  0.03467   1.57759     False
    bar1530        ridge       2000              2000    15:30      common  1475 2018-06-15           0.13234       0.12383  0.00851   6.87302 -0.00327  0.02410   1.30189     False
    bar1530        ridge       2000              2000    15:30 deck period  1087 2020-01-03           0.13098       0.11775  0.01323  11.23322 -0.00224  0.03467   1.57759     False
    bar1600     reclasso        500               500 all bars      common  2969 2012-07-03           0.11805       0.12017 -0.00212  -1.76225 -0.00631  0.00222  -1.00105     False
    bar1600     reclasso        500               500 all bars deck period  1087 2020-01-03           0.10623       0.11259 -0.00636  -5.64580 -0.01404 -0.00005  -2.03022      True
    bar1600     reclasso        500               500    16:00      common  2969 2012-07-03           0.11805       0.12017 -0.00212  -1.76225 -0.00631  0.00222  -1.00105     False
    bar1600     reclasso        500               500    16:00 deck period  1087 2020-01-03           0.10623       0.11259 -0.00636  -5.64580 -0.01404 -0.00005  -2.03022      True
    bar1600     reclasso       2000               500 all bars      common  1469 2018-06-25           0.11680       0.12456 -0.00776  -6.23036 -0.01313 -0.00222  -2.82054      True
    bar1600     reclasso       2000               500 all bars deck period  1087 2020-01-03           0.10361       0.11259 -0.00898  -7.97364 -0.01512 -0.00372  -3.32585      True
    bar1600     reclasso       2000               500    16:00      common  1469 2018-06-25           0.11680       0.12456 -0.00776  -6.23036 -0.01313 -0.00222  -2.82054      True
    bar1600     reclasso       2000               500    16:00 deck period  1087 2020-01-03           0.10361       0.11259 -0.00898  -7.97364 -0.01512 -0.00372  -3.32585      True
    bar1600     reclasso       2000              2000 all bars      common  1469 2018-06-25           0.11680       0.12422 -0.00742  -5.97469 -0.01165 -0.00332  -3.28462      True
    bar1600     reclasso       2000              2000 all bars deck period  1087 2020-01-03           0.10361       0.11086 -0.00725  -6.53780 -0.01181 -0.00310  -3.16681      True
    bar1600     reclasso       2000              2000    16:00      common  1469 2018-06-25           0.11680       0.12422 -0.00742  -5.97469 -0.01165 -0.00332  -3.28462      True
    bar1600     reclasso       2000              2000    16:00 deck period  1087 2020-01-03           0.10361       0.11086 -0.00725  -6.53780 -0.01181 -0.00310  -3.16681      True
    bar1600 reclasticnet        500               500 all bars      common  2969 2012-07-03           0.11682       0.11947 -0.00265  -2.21976 -0.00743  0.00249  -1.11003     False
    bar1600 reclasticnet        500               500 all bars deck period  1087 2020-01-03           0.10788       0.11084 -0.00295  -2.66579 -0.01075  0.00645  -0.71333     False
    bar1600 reclasticnet        500               500    16:00      common  2969 2012-07-03           0.11682       0.11947 -0.00265  -2.21976 -0.00743  0.00249  -1.11003     False
    bar1600 reclasticnet        500               500    16:00 deck period  1087 2020-01-03           0.10788       0.11084 -0.00295  -2.66579 -0.01075  0.00645  -0.71333     False
    bar1600 reclasticnet       2000               500 all bars      common  1469 2018-06-25           0.11431       0.12334 -0.00902  -7.31703 -0.01415 -0.00416  -3.36754      True
    bar1600 reclasticnet       2000               500 all bars deck period  1087 2020-01-03           0.10311       0.11084 -0.00772  -6.96956 -0.01390 -0.00185  -2.58772      True
    bar1600 reclasticnet       2000               500    16:00      common  1469 2018-06-25           0.11431       0.12334 -0.00902  -7.31703 -0.01415 -0.00416  -3.36754      True
    bar1600 reclasticnet       2000               500    16:00 deck period  1087 2020-01-03           0.10311       0.11084 -0.00772  -6.96956 -0.01390 -0.00185  -2.58772      True
    bar1600 reclasticnet       2000              2000 all bars      common  1469 2018-06-25           0.11431       0.12364 -0.00932  -7.54170 -0.01499 -0.00396  -3.51292      True
    bar1600 reclasticnet       2000              2000 all bars deck period  1087 2020-01-03           0.10311       0.10949 -0.00638  -5.82450 -0.01226 -0.00030  -2.25868      True
    bar1600 reclasticnet       2000              2000    16:00      common  1469 2018-06-25           0.11431       0.12364 -0.00932  -7.54170 -0.01499 -0.00396  -3.51292      True
    bar1600 reclasticnet       2000              2000    16:00 deck period  1087 2020-01-03           0.10311       0.10949 -0.00638  -5.82450 -0.01226 -0.00030  -2.25868      True
    bar1600        ridge        500               500 all bars      common  2969 2012-07-03           0.12853       0.11941  0.00912   7.63923  0.00266  0.01533   2.94876     False
    bar1600        ridge        500               500 all bars deck period  1087 2020-01-03           0.11966       0.11193  0.00773   6.90594 -0.00362  0.02089   1.27149     False
    bar1600        ridge        500               500    16:00      common  2969 2012-07-03           0.12853       0.11941  0.00912   7.63923  0.00266  0.01533   2.94876     False
    bar1600        ridge        500               500    16:00 deck period  1087 2020-01-03           0.11966       0.11193  0.00773   6.90594 -0.00362  0.02089   1.27149     False
    bar1600        ridge       2000               500 all bars      common  1469 2018-06-25           0.12043       0.12371 -0.00329  -2.65743 -0.01270  0.00778  -0.67130     False
    bar1600        ridge       2000               500 all bars deck period  1087 2020-01-03           0.10865       0.11193 -0.00327  -2.92461 -0.01378  0.00995  -0.59025     False
    bar1600        ridge       2000               500    16:00      common  1469 2018-06-25           0.12043       0.12371 -0.00329  -2.65743 -0.01270  0.00778  -0.67130     False
    bar1600        ridge       2000               500    16:00 deck period  1087 2020-01-03           0.10865       0.11193 -0.00327  -2.92461 -0.01378  0.00995  -0.59025     False
    bar1600        ridge       2000              2000 all bars      common  1469 2018-06-25           0.12043       0.12514 -0.00471  -3.76397 -0.01436  0.00701  -0.94181     False
    bar1600        ridge       2000              2000 all bars deck period  1087 2020-01-03           0.10865       0.11196 -0.00330  -2.95012 -0.01369  0.01037  -0.57338     False
    bar1600        ridge       2000              2000    16:00      common  1469 2018-06-25           0.12043       0.12514 -0.00471  -3.76397 -0.01436  0.00701  -0.94181     False
    bar1600        ridge       2000              2000    16:00 deck period  1087 2020-01-03           0.10865       0.11196 -0.00330  -2.95012 -0.01369  0.01037  -0.57338     False
  blk_close     reclasso        500               500 all bars      common  9069 2006-04-10           0.11523       0.11807 -0.00284  -2.40593 -0.00599  0.00028  -1.84352     False
  blk_close     reclasso        500               500 all bars deck period  2174 2020-01-03           0.11699       0.11656  0.00043   0.37229 -0.00589  0.00600   0.15147     False
  blk_close     reclasso        500               500    15:30      common  4535 2006-04-10           0.11979       0.12026 -0.00046  -0.38523 -0.00360  0.00262  -0.29420     False
  blk_close     reclasso        500               500    15:30 deck period  1087 2020-01-03           0.12461       0.12053  0.00408   3.38722 -0.00423  0.01184   1.01088     False
  blk_close     reclasso        500               500    16:00      common  4534 2006-04-10           0.11066       0.11588 -0.00522  -4.50336 -0.00988 -0.00000  -2.13818      True
  blk_close     reclasso        500               500    16:00 deck period  1087 2020-01-03           0.10937       0.11259 -0.00321  -2.85530 -0.01165  0.00391  -0.89169     False
  blk_close     reclasso       2000               500 all bars      common  6069 2012-03-29           0.11481       0.12067 -0.00586  -4.85394 -0.00931 -0.00233  -3.49927      True
  blk_close     reclasso       2000               500 all bars deck period  2174 2020-01-03           0.11391       0.11656 -0.00265  -2.27630 -0.00913  0.00363  -0.94091     False
  blk_close     reclasso       2000               500    15:30      common  3034 2012-03-30           0.11928       0.12175 -0.00247  -2.02568 -0.00685  0.00223  -1.09641     False
  blk_close     reclasso       2000               500    15:30 deck period  1087 2020-01-03           0.12484       0.12053  0.00430   3.57157 -0.00494  0.01397   0.92116     False
  blk_close     reclasso       2000               500    16:00      common  3035 2012-03-29           0.11034       0.11959 -0.00925  -7.73230 -0.01373 -0.00441  -3.91333      True
  blk_close     reclasso       2000               500    16:00 deck period  1087 2020-01-03           0.10298       0.11259 -0.00961  -8.53667 -0.01704 -0.00370  -3.12436      True
  blk_close     reclasso       2000              2000 all bars      common  6069 2012-03-29           0.11481       0.11988 -0.00507  -4.22699 -0.00838 -0.00159  -3.15901      True
  blk_close     reclasso       2000              2000 all bars deck period  2174 2020-01-03           0.11391       0.11564 -0.00174  -1.50110 -0.00727  0.00405  -0.66179     False
  blk_close     reclasso       2000              2000    15:30      common  3034 2012-03-30           0.11928       0.12037 -0.00109  -0.90628 -0.00535  0.00327  -0.51828     False
  blk_close     reclasso       2000              2000    15:30 deck period  1087 2020-01-03           0.12484       0.12043  0.00441   3.66187 -0.00388  0.01356   1.00387     False
  blk_close     reclasso       2000              2000    16:00      common  3035 2012-03-29           0.11034       0.11939 -0.00904  -7.57409 -0.01349 -0.00406  -3.82880      True
  blk_close     reclasso       2000              2000    16:00 deck period  1087 2020-01-03           0.10298       0.11086 -0.00788  -7.10962 -0.01363 -0.00278  -2.95395      True
  blk_close reclasticnet        500               500 all bars      common  9069 2006-04-10           0.11484       0.11776 -0.00292  -2.47967 -0.00586 -0.00013  -2.08290      True
  blk_close reclasticnet        500               500 all bars deck period  2174 2020-01-03           0.11739       0.11512  0.00227   1.97562 -0.00405  0.00865   0.76353     False
  blk_close reclasticnet        500               500    15:30      common  4535 2006-04-10           0.11930       0.11988 -0.00059  -0.48829 -0.00415  0.00293  -0.33892     False
  blk_close reclasticnet        500               500    15:30 deck period  1087 2020-01-03           0.12653       0.11940  0.00714   5.97573 -0.00140  0.01517   1.78123     False
  blk_close reclasticnet        500               500    16:00      common  4534 2006-04-10           0.11037       0.11563 -0.00526  -4.54476 -0.00928 -0.00134  -2.65770      True
  blk_close reclasticnet        500               500    16:00 deck period  1087 2020-01-03           0.10825       0.11084 -0.00259  -2.33352 -0.01016  0.00535  -0.69169     False
  blk_close reclasticnet       2000               500 all bars      common  6069 2012-03-29           0.11521       0.12014 -0.00492  -4.09808 -0.00811 -0.00151  -3.13422      True
  blk_close reclasticnet       2000               500 all bars deck period  2174 2020-01-03           0.11414       0.11512 -0.00098  -0.85261 -0.00714  0.00574  -0.33747     False
  blk_close reclasticnet       2000               500    15:30      common  3034 2012-03-30           0.11934       0.12132 -0.00198  -1.63486 -0.00674  0.00316  -0.83114     False
  blk_close reclasticnet       2000               500    15:30 deck period  1087 2020-01-03           0.12582       0.11940  0.00642   5.37574 -0.00367  0.01738   1.27723     False
  blk_close reclasticnet       2000               500    16:00      common  3035 2012-03-29           0.11109       0.11895 -0.00786  -6.60946 -0.01163 -0.00403  -3.97225      True
  blk_close reclasticnet       2000               500    16:00 deck period  1087 2020-01-03           0.10246       0.11084 -0.00838  -7.56215 -0.01401 -0.00292  -2.91579      True
  blk_close reclasticnet       2000              2000 all bars      common  6069 2012-03-29           0.11521       0.11980 -0.00459  -3.83184 -0.00763 -0.00121  -3.02298      True
  blk_close reclasticnet       2000              2000 all bars deck period  2174 2020-01-03           0.11414       0.11495 -0.00082  -0.71124 -0.00686  0.00595  -0.28078     False
  blk_close reclasticnet       2000              2000    15:30      common  3034 2012-03-30           0.11934       0.12028 -0.00095  -0.78584 -0.00533  0.00386  -0.41490     False
  blk_close reclasticnet       2000              2000    15:30 deck period  1087 2020-01-03           0.12582       0.12042  0.00540   4.48332 -0.00368  0.01641   1.09124     False
  blk_close reclasticnet       2000              2000    16:00      common  3035 2012-03-29           0.11109       0.11933 -0.00823  -6.90119 -0.01188 -0.00462  -4.28194      True
  blk_close reclasticnet       2000              2000    16:00 deck period  1087 2020-01-03           0.10246       0.10949 -0.00703  -6.42438 -0.01297 -0.00117  -2.44530      True
  blk_close        ridge        500               500 all bars      common  9069 2006-04-10           0.11885       0.11652  0.00233   2.00316 -0.00134  0.00628   1.23799     False
  blk_close        ridge        500               500 all bars deck period  2174 2020-01-03           0.12319       0.11553  0.00766   6.62659 -0.00177  0.01773   1.84554     False
  blk_close        ridge        500               500    15:30      common  4535 2006-04-10           0.12272       0.11750  0.00523   4.44741  0.00115  0.00943   2.68360     False
  blk_close        ridge        500               500    15:30 deck period  1087 2020-01-03           0.13259       0.11914  0.01345  11.28565  0.00106  0.02715   2.40179     False
  blk_close        ridge        500               500    16:00      common  4534 2006-04-10           0.11498       0.11554 -0.00056  -0.48294 -0.00571  0.00542  -0.19153     False
  blk_close        ridge        500               500    16:00 deck period  1087 2020-01-03           0.11379       0.11193  0.00187   1.66714 -0.00672  0.01133   0.39808     False
  blk_close        ridge       2000               500 all bars      common  6069 2012-03-29           0.11645       0.11929 -0.00285  -2.38608 -0.00702  0.00189  -1.38674     False
  blk_close        ridge       2000               500 all bars deck period  2174 2020-01-03           0.11588       0.11553  0.00035   0.30111 -0.00782  0.00874   0.11305     False
  blk_close        ridge       2000               500    15:30      common  3034 2012-03-30           0.11774       0.11963 -0.00189  -1.57627 -0.00681  0.00326  -0.80448     False
  blk_close        ridge       2000               500    15:30 deck period  1087 2020-01-03           0.12573       0.11914  0.00659   5.53126 -0.00390  0.01787   1.43148     False
  blk_close        ridge       2000               500    16:00      common  3035 2012-03-29           0.11515       0.11896 -0.00381  -3.20020 -0.00979  0.00298  -1.13452     False
  blk_close        ridge       2000               500    16:00 deck period  1087 2020-01-03           0.10603       0.11193 -0.00589  -5.26625 -0.01405  0.00367  -1.48526     False
  blk_close        ridge       2000              2000 all bars      common  6069 2012-03-29           0.11645       0.11858 -0.00214  -1.80209 -0.00601  0.00231  -1.07436     False
  blk_close        ridge       2000              2000 all bars deck period  2174 2020-01-03           0.11588       0.11485  0.00103   0.89585 -0.00635  0.00931   0.34323     False
  blk_close        ridge       2000              2000    15:30      common  3034 2012-03-30           0.11774       0.11748  0.00026   0.22361 -0.00415  0.00476   0.12400     False
  blk_close        ridge       2000              2000    15:30 deck period  1087 2020-01-03           0.12573       0.11775  0.00798   6.77833 -0.00087  0.01746   1.93257     False
  blk_close        ridge       2000              2000    16:00      common  3035 2012-03-29           0.11515       0.11969 -0.00454  -3.78985 -0.01048  0.00262  -1.35445     False
  blk_close        ridge       2000              2000    16:00 deck period  1087 2020-01-03           0.10603       0.11196 -0.00592  -5.29114 -0.01403  0.00395  -1.44790     False
   blk_core     reclasso        500               500 all bars      common 40156 2001-10-11           0.12392       0.13082 -0.00690  -5.27412 -0.00875 -0.00607 -11.73932      True
   blk_core     reclasso        500               500 all bars deck period  7756 2020-01-03           0.14094       0.14949 -0.00856  -5.72356 -0.01336 -0.00660  -5.04008      True
   blk_core     reclasso        500               500    11:00      common  5797 2001-10-11           0.10758       0.11272 -0.00514  -4.55953 -0.00713 -0.00319  -4.97333      True
   blk_core     reclasso        500               500    11:00 deck period  1116 2020-01-03           0.13001       0.13791 -0.00790  -5.72958 -0.01415 -0.00199  -2.41564      True
   blk_core     reclasso        500               500    11:30      common  5799 2001-10-11           0.11228       0.11914 -0.00686  -5.75400 -0.00925 -0.00459  -6.00499      True
   blk_core     reclasso        500               500    11:30 deck period  1116 2020-01-03           0.12444       0.13777 -0.01333  -9.67557 -0.01871 -0.00796  -4.83581      True
   blk_core     reclasso        500               500    12:00      common  5738 2001-10-11           0.11599       0.12420 -0.00821  -6.61155 -0.01076 -0.00570  -6.23141      True
   blk_core     reclasso        500               500    12:00 deck period  1116 2020-01-03           0.11778       0.13323 -0.01545 -11.59584 -0.02033 -0.01033  -5.66343      True
   blk_core     reclasso        500               500    12:30      common  5738 2001-10-11           0.12995       0.13801 -0.00806  -5.84285 -0.01067 -0.00540  -6.02018      True
   blk_core     reclasso        500               500    12:30 deck period  1116 2020-01-03           0.12387       0.13823 -0.01435 -10.38435 -0.01987 -0.00893  -5.04102      True
   blk_core     reclasso        500               500    13:00      common  5738 2001-10-11           0.13303       0.13958 -0.00655  -4.69305 -0.00936 -0.00389  -4.84057      True
   blk_core     reclasso        500               500    13:00 deck period  1116 2020-01-03           0.15791       0.16613 -0.00821  -4.94436 -0.01685 -0.00014  -1.83247      True
   blk_core     reclasso        500               500    13:30      common  5677 2001-10-11           0.13915       0.14541 -0.00625  -4.29969 -0.00865 -0.00363  -4.84513      True
   blk_core     reclasso        500               500    13:30 deck period  1088 2020-01-03           0.16779       0.16697  0.00083   0.49420 -0.00522  0.00701   0.24551     False
   blk_core     reclasso        500               500    14:00      common  5669 2001-10-11           0.12996       0.13719 -0.00724  -5.27621 -0.01033 -0.00407  -4.60471      True
   blk_core     reclasso        500               500    14:00 deck period  1088 2020-01-03           0.16606       0.16711 -0.00105  -0.62685 -0.01018  0.01032  -0.20177     False
   blk_core     reclasso       2000               500 all bars      common 29656 2007-09-19           0.12568       0.13417 -0.00849  -6.32840 -0.01034 -0.00688 -11.77944      True
   blk_core     reclasso       2000               500 all bars deck period  7756 2020-01-03           0.14137       0.14949 -0.00812  -5.43154 -0.01217 -0.00539  -4.86220      True
   blk_core     reclasso       2000               500    11:00      common  4282 2007-09-20           0.10980       0.11629 -0.00649  -5.58319 -0.00945 -0.00362  -4.47023      True
   blk_core     reclasso       2000               500    11:00 deck period  1116 2020-01-03           0.13171       0.13791 -0.00620  -4.49450 -0.01243  0.00058  -1.93036     False
   blk_core     reclasso       2000               500    11:30      common  4282 2007-09-20           0.11440       0.12262 -0.00822  -6.70180 -0.01075 -0.00568  -6.40044      True
   blk_core     reclasso       2000               500    11:30 deck period  1116 2020-01-03           0.12629       0.13777 -0.01148  -8.33013 -0.01733 -0.00599  -4.49184      True
   blk_core     reclasso       2000               500    12:00      common  4243 2007-09-20           0.11551       0.12512 -0.00961  -7.67946 -0.01280 -0.00667  -6.06311      True
   blk_core     reclasso       2000               500    12:00 deck period  1116 2020-01-03           0.12003       0.13323 -0.01320  -9.90852 -0.01865 -0.00800  -5.38014      True
   blk_core     reclasso       2000               500    12:30      common  4244 2007-09-19           0.12453       0.13372 -0.00919  -6.86936 -0.01279 -0.00599  -5.53437      True
   blk_core     reclasso       2000               500    12:30 deck period  1116 2020-01-03           0.13149       0.13823 -0.00673  -4.87003 -0.01336 -0.00038  -2.17428      True
   blk_core     reclasso       2000               500    13:00      common  4244 2007-09-19           0.14325       0.14853 -0.00528  -3.55472 -0.00931 -0.00040  -2.31321      True
   blk_core     reclasso       2000               500    13:00 deck period  1116 2020-01-03           0.16267       0.16613 -0.00346  -2.08403 -0.01390  0.01218  -0.48014     False
   blk_core     reclasso       2000               500    13:30      common  4183 2007-09-19           0.14300       0.15186 -0.00886  -5.83197 -0.01166 -0.00601  -5.83420      True
   blk_core     reclasso       2000               500    13:30 deck period  1088 2020-01-03           0.16087       0.16697 -0.00610  -3.65508 -0.01319  0.00028  -1.74189     False
   blk_core     reclasso       2000               500    14:00      common  4178 2007-09-19           0.12984       0.14171 -0.01188  -8.37981 -0.01516 -0.00864  -7.39615      True
   blk_core     reclasso       2000               500    14:00 deck period  1088 2020-01-03           0.15746       0.16711 -0.00965  -5.77715 -0.01602 -0.00324  -3.26952      True
   blk_core     reclasso       2000              2000 all bars      common 29195 2007-12-21           0.12606       0.13381 -0.00775  -5.79166 -0.01004 -0.00657 -11.19165      True
   blk_core     reclasso       2000              2000 all bars deck period  7756 2020-01-03           0.14137       0.15149 -0.01012  -6.67969 -0.01489 -0.00765  -5.83452      True
   blk_core     reclasso       2000              2000    11:00      common  4216 2007-12-21           0.11015       0.11529 -0.00514  -4.45647 -0.00786 -0.00228  -3.56597      True
   blk_core     reclasso       2000              2000    11:00 deck period  1116 2020-01-03           0.13171       0.13765 -0.00594  -4.31705 -0.01193  0.00108  -1.89837     False
   blk_core     reclasso       2000              2000    11:30      common  4216 2007-12-21           0.11456       0.12257 -0.00800  -6.53052 -0.01076 -0.00527  -6.18553      True
   blk_core     reclasso       2000              2000    11:30 deck period  1116 2020-01-03           0.12629       0.14054 -0.01425 -10.13627 -0.01908 -0.00959  -6.08591      True
   blk_core     reclasso       2000              2000    12:00      common  4178 2007-12-21           0.11577       0.12488 -0.00911  -7.29826 -0.01146 -0.00675  -7.56716      True
   blk_core     reclasso       2000              2000    12:00 deck period  1116 2020-01-03           0.12003       0.13239 -0.01236  -9.33617 -0.01713 -0.00749  -5.22976      True
   blk_core     reclasso       2000              2000    12:30      common  4178 2007-12-21           0.12524       0.13323 -0.00799  -6.00013 -0.01063 -0.00523  -5.86777      True
   blk_core     reclasso       2000              2000    12:30 deck period  1116 2020-01-03           0.13149       0.14326 -0.01177  -8.21485 -0.01764 -0.00588  -4.28585      True
   blk_core     reclasso       2000              2000    13:00      common  4178 2007-12-21           0.14328       0.14855 -0.00527  -3.54504 -0.00928 -0.00048  -2.22882      True
   blk_core     reclasso       2000              2000    13:00 deck period  1116 2020-01-03           0.16267       0.16789 -0.00523  -3.11259 -0.01652  0.01149  -0.66475     False
   blk_core     reclasso       2000              2000    13:30      common  4117 2007-12-21           0.14339       0.15012 -0.00674  -4.48816 -0.00977 -0.00371  -4.44686      True
   blk_core     reclasso       2000              2000    13:30 deck period  1088 2020-01-03           0.16087       0.16729 -0.00642  -3.83911 -0.01403  0.00048  -1.85726     False
   blk_core     reclasso       2000              2000    14:00      common  4112 2007-12-21           0.13064       0.14271 -0.01207  -8.45859 -0.01529 -0.00899  -7.66336      True
   blk_core     reclasso       2000              2000    14:00 deck period  1088 2020-01-03           0.15746       0.17235 -0.01490  -8.64350 -0.02181 -0.00809  -4.66547      True
   blk_core reclasticnet        500               500 all bars      common 40156 2001-10-11           0.12379       0.13038 -0.00659  -5.05606 -0.00850 -0.00579 -10.96408      True
   blk_core reclasticnet        500               500 all bars deck period  7756 2020-01-03           0.14186       0.14942 -0.00756  -5.05989 -0.01272 -0.00527  -4.10166      True
   blk_core reclasticnet        500               500    11:00      common  5797 2001-10-11           0.10718       0.11252 -0.00534  -4.74701 -0.00758 -0.00301  -4.62472      True
   blk_core reclasticnet        500               500    11:00 deck period  1116 2020-01-03           0.13004       0.13715 -0.00710  -5.17947 -0.01476  0.00144  -1.72010     False
   blk_core reclasticnet        500               500    11:30      common  5799 2001-10-11           0.11263       0.11886 -0.00623  -5.24072 -0.00871 -0.00378  -5.19059      True
   blk_core reclasticnet        500               500    11:30 deck period  1116 2020-01-03           0.12570       0.13816 -0.01245  -9.01367 -0.01830 -0.00663  -4.18127      True
   blk_core reclasticnet        500               500    12:00      common  5738 2001-10-11           0.11602       0.12337 -0.00735  -5.95645 -0.00984 -0.00467  -5.58049      True
   blk_core reclasticnet        500               500    12:00 deck period  1116 2020-01-03           0.11765       0.13169 -0.01405 -10.66670 -0.01921 -0.00868  -4.66690      True
   blk_core reclasticnet        500               500    12:30      common  5738 2001-10-11           0.12996       0.13718 -0.00722  -5.26311 -0.01000 -0.00456  -5.27488      True
   blk_core reclasticnet        500               500    12:30 deck period  1116 2020-01-03           0.12639       0.13848 -0.01210  -8.73549 -0.01768 -0.00633  -4.07381      True
   blk_core reclasticnet        500               500    13:00      common  5738 2001-10-11           0.13310       0.13913 -0.00603  -4.33537 -0.00877 -0.00328  -4.36660      True
   blk_core reclasticnet        500               500    13:00 deck period  1116 2020-01-03           0.15984       0.16543 -0.00559  -3.38013 -0.01354  0.00285  -1.21898     False
   blk_core reclasticnet        500               500    13:30      common  5677 2001-10-11           0.13831       0.14503 -0.00672  -4.63510 -0.00917 -0.00402  -5.16383      True
   blk_core reclasticnet        500               500    13:30 deck period  1088 2020-01-03           0.16767       0.16672  0.00095   0.56788 -0.00562  0.00837   0.26373     False
   blk_core reclasticnet        500               500    14:00      common  5669 2001-10-11           0.12984       0.13712 -0.00728  -5.30802 -0.01044 -0.00396  -4.49973      True
   blk_core reclasticnet        500               500    14:00 deck period  1088 2020-01-03           0.16698       0.16921 -0.00223  -1.31718 -0.01212  0.00995  -0.39282     False
   blk_core reclasticnet       2000               500 all bars      common 29656 2007-09-19           0.12609       0.13389 -0.00780  -5.82555 -0.00968 -0.00623 -10.60154      True
   blk_core reclasticnet       2000               500 all bars deck period  7756 2020-01-03           0.14297       0.14942 -0.00645  -4.31722 -0.01077 -0.00335  -3.50010      True
   blk_core reclasticnet       2000               500    11:00      common  4282 2007-09-20           0.10913       0.11610 -0.00697  -6.00399 -0.00962 -0.00419  -5.18033      True
   blk_core reclasticnet       2000               500    11:00 deck period  1116 2020-01-03           0.13273       0.13715 -0.00442  -3.22175 -0.01058  0.00226  -1.38851     False
   blk_core reclasticnet       2000               500    11:30      common  4282 2007-09-20           0.11487       0.12255 -0.00768  -6.26494 -0.01020 -0.00516  -6.08466      True
   blk_core reclasticnet       2000               500    11:30 deck period  1116 2020-01-03           0.12750       0.13816 -0.01065  -7.71097 -0.01671 -0.00490  -3.98843      True
   blk_core reclasticnet       2000               500    12:00      common  4243 2007-09-20           0.11641       0.12440 -0.00799  -6.42234 -0.01096 -0.00517  -5.40736      True
   blk_core reclasticnet       2000               500    12:00 deck period  1116 2020-01-03           0.12235       0.13169 -0.00934  -7.09539 -0.01487 -0.00352  -3.61619      True
   blk_core reclasticnet       2000               500    12:30      common  4244 2007-09-19           0.12505       0.13295 -0.00790  -5.93907 -0.01124 -0.00475  -4.99377      True
   blk_core reclasticnet       2000               500    12:30 deck period  1116 2020-01-03           0.13206       0.13848 -0.00643  -4.64030 -0.01224 -0.00073  -2.28551      True
   blk_core reclasticnet       2000               500    13:00      common  4244 2007-09-19           0.14406       0.14829 -0.00423  -2.85360 -0.00889  0.00196  -1.54114     False
   blk_core reclasticnet       2000               500    13:00 deck period  1116 2020-01-03           0.16456       0.16543 -0.00088  -0.53074 -0.01336  0.01844  -0.09636     False
   blk_core reclasticnet       2000               500    13:30      common  4183 2007-09-19           0.14297       0.15177 -0.00879  -5.79461 -0.01155 -0.00593  -6.08197      True
   blk_core reclasticnet       2000               500    13:30 deck period  1088 2020-01-03           0.16259       0.16672 -0.00413  -2.47914 -0.01087  0.00227  -1.23371     False
   blk_core reclasticnet       2000               500    14:00      common  4178 2007-09-19           0.13072       0.14183 -0.01112  -7.83664 -0.01416 -0.00800  -7.47347      True
   blk_core reclasticnet       2000               500    14:00 deck period  1088 2020-01-03           0.15990       0.16921 -0.00931  -5.50491 -0.01588 -0.00270  -3.06918      True
   blk_core reclasticnet       2000              2000 all bars      common 29195 2007-12-21           0.12651       0.13358 -0.00707  -5.29543 -0.00934 -0.00595  -9.67266      True
   blk_core reclasticnet       2000              2000 all bars deck period  7756 2020-01-03           0.14297       0.15078 -0.00781  -5.18297 -0.01237 -0.00518  -3.95069      True
   blk_core reclasticnet       2000              2000    11:00      common  4216 2007-12-21           0.10962       0.11520 -0.00558  -4.84330 -0.00812 -0.00297  -4.18745      True
   blk_core reclasticnet       2000              2000    11:00 deck period  1116 2020-01-03           0.13273       0.13793 -0.00520  -3.77078 -0.01072  0.00123  -1.73884     False
   blk_core reclasticnet       2000              2000    11:30      common  4216 2007-12-21           0.11493       0.12288 -0.00795  -6.47151 -0.01063 -0.00537  -6.50081      True
   blk_core reclasticnet       2000              2000    11:30 deck period  1116 2020-01-03           0.12750       0.14062 -0.01312  -9.32778 -0.01849 -0.00807  -5.48216      True
   blk_core reclasticnet       2000              2000    12:00      common  4178 2007-12-21           0.11675       0.12499 -0.00823  -6.58628 -0.01066 -0.00598  -6.76463      True
   blk_core reclasticnet       2000              2000    12:00 deck period  1116 2020-01-03           0.12235       0.13285 -0.01050  -7.90046 -0.01585 -0.00505  -3.97557      True
   blk_core reclasticnet       2000              2000    12:30      common  4178 2007-12-21           0.12578       0.13241 -0.00662  -5.00270 -0.00937 -0.00376  -4.74846      True
   blk_core reclasticnet       2000              2000    12:30 deck period  1116 2020-01-03           0.13206       0.14141 -0.00935  -6.61474 -0.01490 -0.00386  -3.59342      True
   blk_core reclasticnet       2000              2000    13:00      common  4178 2007-12-21           0.14421       0.14790 -0.00369  -2.49218 -0.00848  0.00249  -1.24588     False
   blk_core reclasticnet       2000              2000    13:00 deck period  1116 2020-01-03           0.16456       0.16568 -0.00113  -0.68136 -0.01484  0.02047  -0.11025     False
   blk_core reclasticnet       2000              2000    13:30      common  4117 2007-12-21           0.14342       0.14989 -0.00647  -4.31334 -0.00968 -0.00342  -4.26957      True
   blk_core reclasticnet       2000              2000    13:30 deck period  1088 2020-01-03           0.16259       0.16653 -0.00395  -2.37049 -0.01119  0.00255  -1.14585     False
   blk_core reclasticnet       2000              2000    14:00      common  4112 2007-12-21           0.13141       0.14244 -0.01104  -7.74782 -0.01422 -0.00805  -7.27942      True
   blk_core reclasticnet       2000              2000    14:00 deck period  1088 2020-01-03           0.15990       0.17135 -0.01146  -6.68511 -0.01807 -0.00484  -3.46142      True
   blk_core        ridge        500               500 all bars      common 40156 2001-10-11           0.12405       0.13015 -0.00610  -4.68730 -0.00820 -0.00553 -10.57169      True
   blk_core        ridge        500               500 all bars deck period  7756 2020-01-03           0.14312       0.15000 -0.00688  -4.58539 -0.01237 -0.00428  -4.19648      True
   blk_core        ridge        500               500    11:00      common  5797 2001-10-11           0.10826       0.11237 -0.00410  -3.65073 -0.00651 -0.00171  -3.38398      True
   blk_core        ridge        500               500    11:00 deck period  1116 2020-01-03           0.13077       0.13659 -0.00582  -4.26330 -0.01237  0.00125  -1.63047     False
   blk_core        ridge        500               500    11:30      common  5799 2001-10-11           0.11249       0.11865 -0.00615  -5.18457 -0.00872 -0.00367  -4.82331      True
   blk_core        ridge        500               500    11:30 deck period  1116 2020-01-03           0.12686       0.13669 -0.00983  -7.19106 -0.01571 -0.00400  -3.32778      True
   blk_core        ridge        500               500    12:00      common  5738 2001-10-11           0.11657       0.12427 -0.00769  -6.19023 -0.01012 -0.00536  -6.45153      True
   blk_core        ridge        500               500    12:00 deck period  1116 2020-01-03           0.11884       0.13351 -0.01467 -10.98619 -0.02075 -0.00869  -4.76906      True
   blk_core        ridge        500               500    12:30      common  5738 2001-10-11           0.12987       0.13606 -0.00619  -4.54964 -0.00898 -0.00346  -4.40879      True
   blk_core        ridge        500               500    12:30 deck period  1116 2020-01-03           0.12891       0.13898 -0.01007  -7.24650 -0.01610 -0.00346  -3.13281      True
   blk_core        ridge        500               500    13:00      common  5738 2001-10-11           0.13434       0.13904 -0.00471  -3.38474 -0.00761 -0.00186  -3.37017      True
   blk_core        ridge        500               500    13:00 deck period  1116 2020-01-03           0.16382       0.16798 -0.00416  -2.47756 -0.01267  0.00475  -0.99013     False
   blk_core        ridge        500               500    13:30      common  5677 2001-10-11           0.13809       0.14459 -0.00650  -4.49638 -0.00895 -0.00395  -5.20543      True
   blk_core        ridge        500               500    13:30 deck period  1088 2020-01-03           0.16670       0.16626  0.00044   0.26221 -0.00554  0.00698   0.13959     False
   blk_core        ridge        500               500    14:00      common  5669 2001-10-11           0.12920       0.13660 -0.00740  -5.41669 -0.01026 -0.00461  -5.36139      True
   blk_core        ridge        500               500    14:00 deck period  1088 2020-01-03           0.16713       0.17090 -0.00377  -2.20407 -0.01180  0.00489  -0.93649     False
   blk_core        ridge       2000               500 all bars      common 29656 2007-09-19           0.12606       0.13349 -0.00742  -5.56036 -0.00963 -0.00581  -9.07390      True
   blk_core        ridge       2000               500 all bars deck period  7756 2020-01-03           0.14188       0.15000 -0.00812  -5.41152 -0.01282 -0.00476  -4.19754      True
   blk_core        ridge       2000               500    11:00      common  4282 2007-09-20           0.10943       0.11542 -0.00600  -5.19596 -0.00883 -0.00320  -4.12228      True
   blk_core        ridge       2000               500    11:00 deck period  1116 2020-01-03           0.13338       0.13659 -0.00321  -2.35310 -0.00902  0.00297  -1.09141     False
   blk_core        ridge       2000               500    11:30      common  4282 2007-09-20           0.11662       0.12207 -0.00545  -4.46220 -0.01022  0.00217  -1.81544     False
   blk_core        ridge       2000               500    11:30 deck period  1116 2020-01-03           0.12601       0.13669 -0.01067  -7.80876 -0.01618 -0.00517  -4.01782      True
   blk_core        ridge       2000               500    12:00      common  4243 2007-09-20           0.11741       0.12546 -0.00805  -6.41953 -0.01080 -0.00545  -5.74549      True
   blk_core        ridge       2000               500    12:00 deck period  1116 2020-01-03           0.12174       0.13351 -0.01177  -8.81674 -0.01748 -0.00592  -4.33194      True
   blk_core        ridge       2000               500    12:30      common  4244 2007-09-19           0.12369       0.13176 -0.00807  -6.12706 -0.01088 -0.00520  -5.68454      True
   blk_core        ridge       2000               500    12:30 deck period  1116 2020-01-03           0.13073       0.13898 -0.00825  -5.93574 -0.01426 -0.00211  -2.74971      True
   blk_core        ridge       2000               500    13:00      common  4244 2007-09-19           0.14334       0.14809 -0.00475  -3.20555 -0.00939  0.00155  -1.71527     False
   blk_core        ridge       2000               500    13:00 deck period  1116 2020-01-03           0.16248       0.16798 -0.00550  -3.27329 -0.01887  0.01482  -0.58831     False
   blk_core        ridge       2000               500    13:30      common  4183 2007-09-19           0.14237       0.15122 -0.00885  -5.85049 -0.01160 -0.00616  -6.12548      True
   blk_core        ridge       2000               500    13:30 deck period  1088 2020-01-03           0.16170       0.16626 -0.00456  -2.74560 -0.01076  0.00149  -1.43447     False
   blk_core        ridge       2000               500    14:00      common  4178 2007-09-19           0.13012       0.14101 -0.01090  -7.72668 -0.01442 -0.00747  -6.47120      True
   blk_core        ridge       2000               500    14:00 deck period  1088 2020-01-03           0.15802       0.17090 -0.01288  -7.53569 -0.02133 -0.00537  -3.00144      True
   blk_core        ridge       2000              2000 all bars      common 29195 2007-12-21           0.12646       0.13254 -0.00608  -4.58734 -0.00852 -0.00483  -7.89562      True
   blk_core        ridge       2000              2000 all bars deck period  7756 2020-01-03           0.14188       0.15048 -0.00860  -5.71531 -0.01350 -0.00581  -4.89555      True
   blk_core        ridge       2000              2000    11:00      common  4216 2007-12-21           0.10988       0.11438 -0.00450  -3.93426 -0.00705 -0.00174  -3.27801      True
   blk_core        ridge       2000              2000    11:00 deck period  1116 2020-01-03           0.13338       0.13623 -0.00285  -2.09164 -0.00879  0.00367  -0.97445     False
   blk_core        ridge       2000              2000    11:30      common  4216 2007-12-21           0.11685       0.12193 -0.00508  -4.16572 -0.00994  0.00187  -1.68373     False
   blk_core        ridge       2000              2000    11:30 deck period  1116 2020-01-03           0.12601       0.13973 -0.01372  -9.81902 -0.01892 -0.00868  -5.44739      True
   blk_core        ridge       2000              2000    12:00      common  4178 2007-12-21           0.11774       0.12402 -0.00628  -5.06242 -0.00900 -0.00368  -4.59434      True
   blk_core        ridge       2000              2000    12:00 deck period  1116 2020-01-03           0.12174       0.13225 -0.01051  -7.94549 -0.01588 -0.00511  -4.07441      True
   blk_core        ridge       2000              2000    12:30      common  4178 2007-12-21           0.12440       0.13066 -0.00627  -4.79497 -0.00905 -0.00342  -4.52238      True
   blk_core        ridge       2000              2000    12:30 deck period  1116 2020-01-03           0.13073       0.14112 -0.01039  -7.36305 -0.01646 -0.00443  -3.69838      True
   blk_core        ridge       2000              2000    13:00      common  4178 2007-12-21           0.14338       0.14812 -0.00474  -3.19763 -0.00878  0.00009  -1.97323     False
   blk_core        ridge       2000              2000    13:00 deck period  1116 2020-01-03           0.16248       0.16786 -0.00537  -3.20053 -0.01753  0.01127  -0.66870     False
   blk_core        ridge       2000              2000    13:30      common  4117 2007-12-21           0.14281       0.14837 -0.00556  -3.74989 -0.00818 -0.00296  -4.02259      True
   blk_core        ridge       2000              2000    13:30 deck period  1088 2020-01-03           0.16170       0.16617 -0.00447  -2.69212 -0.01069  0.00140  -1.45143     False
   blk_core        ridge       2000              2000    14:00      common  4112 2007-12-21           0.13072       0.14094 -0.01022  -7.25100 -0.01330 -0.00704  -6.55103      True
   blk_core        ridge       2000              2000    14:00 deck period  1088 2020-01-03           0.15802       0.17091 -0.01289  -7.54367 -0.02014 -0.00610  -3.61298      True
   blk_open     reclasso        500               500 all bars      common  9363 2006-03-02           0.11954       0.12496 -0.00541  -4.33119 -0.00785 -0.00297  -4.55389      True
   blk_open     reclasso        500               500 all bars deck period  2232 2020-01-03           0.12483       0.13414 -0.00931  -6.93816 -0.01548 -0.00301  -3.37596      True
   blk_open     reclasso        500               500    10:00      common  4681 2006-03-03           0.10024       0.10882 -0.00858  -7.88635 -0.01148 -0.00581  -5.81409      True
   blk_open     reclasso        500               500    10:00 deck period  1116 2020-01-03           0.10396       0.11623 -0.01227 -10.55570 -0.01771 -0.00625  -3.97459      True
   blk_open     reclasso        500               500    10:30      common  4682 2006-03-02           0.13884       0.14108 -0.00224  -1.58951 -0.00542  0.00087  -1.43778     False
   blk_open     reclasso        500               500    10:30 deck period  1116 2020-01-03           0.14571       0.15205 -0.00635  -4.17297 -0.01525  0.00196  -1.64612     False
   blk_open     reclasso       2000               500 all bars      common  6363 2011-12-23           0.11803       0.12750 -0.00946  -7.42307 -0.01230 -0.00630  -6.28077      True
   blk_open     reclasso       2000               500 all bars deck period  2232 2020-01-03           0.12632       0.13414 -0.00783  -5.83365 -0.01315 -0.00283  -2.95244      True
   blk_open     reclasso       2000               500    10:00      common  3181 2011-12-27           0.09986       0.11354 -0.01368 -12.05037 -0.01759 -0.01014  -7.32890      True
   blk_open     reclasso       2000               500    10:00 deck period  1116 2020-01-03           0.10402       0.11623 -0.01221 -10.50320 -0.01833 -0.00650  -4.09470      True
   blk_open     reclasso       2000               500    10:30      common  3182 2011-12-23           0.13620       0.14145 -0.00525  -3.70980 -0.00892 -0.00155  -2.76252      True
   blk_open     reclasso       2000               500    10:30 deck period  1116 2020-01-03           0.14861       0.15205 -0.00344  -2.26432 -0.01075  0.00320  -0.96428     False
   blk_open     reclasso       2000              2000 all bars      common  6363 2011-12-23           0.11803       0.12436 -0.00633  -5.08997 -0.00895 -0.00366  -4.81578      True
   blk_open     reclasso       2000              2000 all bars deck period  2232 2020-01-03           0.12632       0.13215 -0.00583  -4.41403 -0.01016 -0.00150  -2.58898      True
   blk_open     reclasso       2000              2000    10:00      common  3181 2011-12-27           0.09986       0.10945 -0.00959  -8.75936 -0.01282 -0.00648  -5.92754      True
   blk_open     reclasso       2000              2000    10:00 deck period  1116 2020-01-03           0.10402       0.11308 -0.00906  -8.01450 -0.01487 -0.00360  -3.31184      True
   blk_open     reclasso       2000              2000    10:30      common  3182 2011-12-23           0.13620       0.13927 -0.00307  -2.20732 -0.00621  0.00022  -1.85297     False
   blk_open     reclasso       2000              2000    10:30 deck period  1116 2020-01-03           0.14861       0.15121 -0.00260  -1.72147 -0.00734  0.00238  -0.93974     False
   blk_open reclasticnet        500               500 all bars      common  9363 2006-03-02           0.11693       0.12504 -0.00811  -6.48317 -0.01049 -0.00578  -6.78780      True
   blk_open reclasticnet        500               500 all bars deck period  2232 2020-01-03           0.12351       0.13360 -0.01009  -7.55475 -0.01617 -0.00412  -3.36805      True
   blk_open reclasticnet        500               500    10:00      common  4681 2006-03-03           0.09776       0.10852 -0.01076  -9.91892 -0.01374 -0.00788  -7.05449      True
   blk_open reclasticnet        500               500    10:00 deck period  1116 2020-01-03           0.10091       0.11458 -0.01367 -11.93094 -0.02001 -0.00688  -3.88877      True
   blk_open reclasticnet        500               500    10:30      common  4682 2006-03-02           0.13610       0.14155 -0.00545  -3.84979 -0.00857 -0.00234  -3.50305      True
   blk_open reclasticnet        500               500    10:30 deck period  1116 2020-01-03           0.14611       0.15263 -0.00652  -4.26951 -0.01471  0.00131  -1.59788     False
   blk_open reclasticnet       2000               500 all bars      common  6363 2011-12-23           0.11774       0.12737 -0.00963  -7.55832 -0.01236 -0.00677  -6.57900      True
   blk_open reclasticnet       2000               500 all bars deck period  2232 2020-01-03           0.12395       0.13360 -0.00965  -7.22179 -0.01504 -0.00492  -3.42585      True
   blk_open reclasticnet       2000               500    10:00      common  3181 2011-12-27           0.09938       0.11303 -0.01365 -12.07342 -0.01711 -0.01027  -7.83169      True
   blk_open reclasticnet       2000               500    10:00 deck period  1116 2020-01-03           0.10079       0.11458 -0.01378 -12.03074 -0.01955 -0.00864  -4.64235      True
   blk_open reclasticnet       2000               500    10:30      common  3182 2011-12-23           0.13610       0.14171 -0.00561  -3.95812 -0.00922 -0.00189  -2.90605      True
   blk_open reclasticnet       2000               500    10:30 deck period  1116 2020-01-03           0.14711       0.15263 -0.00551  -3.61167 -0.01324  0.00207  -1.38458     False
   blk_open reclasticnet       2000              2000 all bars      common  6363 2011-12-23           0.11774       0.12454 -0.00680  -5.45697 -0.00920 -0.00432  -5.24843      True
   blk_open reclasticnet       2000              2000 all bars deck period  2232 2020-01-03           0.12395       0.13228 -0.00833  -6.29800 -0.01263 -0.00440  -3.41143      True
   blk_open reclasticnet       2000              2000    10:00      common  3181 2011-12-27           0.09938       0.10951 -0.01013  -9.25163 -0.01322 -0.00729  -6.77017      True
   blk_open reclasticnet       2000              2000    10:00 deck period  1116 2020-01-03           0.10079       0.11307 -0.01228 -10.85636 -0.01778 -0.00726  -4.44756      True
   blk_open reclasticnet       2000              2000    10:30      common  3182 2011-12-23           0.13610       0.13956 -0.00346  -2.48021 -0.00660 -0.00020  -2.00608      True
   blk_open reclasticnet       2000              2000    10:30 deck period  1116 2020-01-03           0.14711       0.15150 -0.00439  -2.89601 -0.00972  0.00127  -1.35312     False
   blk_open        ridge        500               500 all bars      common  9363 2006-03-02           0.11947       0.12474 -0.00528  -4.22968 -0.00789 -0.00251  -4.10120      True
   blk_open        ridge        500               500 all bars deck period  2232 2020-01-03           0.12996       0.13513 -0.00517  -3.82502 -0.01184  0.00197  -1.70838     False
   blk_open        ridge        500               500    10:00      common  4681 2006-03-03           0.10087       0.10793 -0.00706  -6.54186 -0.01039 -0.00361  -4.15073      True
   blk_open        ridge        500               500    10:00 deck period  1116 2020-01-03           0.11100       0.11685 -0.00585  -5.00896 -0.01373  0.00310  -1.40606     False
   blk_open        ridge        500               500    10:30      common  4682 2006-03-02           0.13806       0.14155 -0.00349  -2.46700 -0.00656 -0.00028  -2.15336      True
   blk_open        ridge        500               500    10:30 deck period  1116 2020-01-03           0.14893       0.15341 -0.00448  -2.92323 -0.01196  0.00315  -1.19271     False
   blk_open        ridge       2000               500 all bars      common  6363 2011-12-23           0.11762       0.12757 -0.00996  -7.80372 -0.01324 -0.00645  -5.77614      True
   blk_open        ridge       2000               500 all bars deck period  2232 2020-01-03           0.12554       0.13513 -0.00959  -7.09705 -0.01538 -0.00338  -3.22526      True
   blk_open        ridge       2000               500    10:00      common  3181 2011-12-27           0.10006       0.11335 -0.01329 -11.72346 -0.01747 -0.00907  -6.17107      True
   blk_open        ridge       2000               500    10:00 deck period  1116 2020-01-03           0.10426       0.11685 -0.01259 -10.77696 -0.01903 -0.00614  -3.57035      True
   blk_open        ridge       2000               500    10:30      common  3182 2011-12-23           0.13517       0.14180 -0.00662  -4.67145 -0.01066 -0.00248  -3.04491      True
   blk_open        ridge       2000               500    10:30 deck period  1116 2020-01-03           0.14683       0.15341 -0.00659  -4.29413 -0.01485  0.00191  -1.58311     False
   blk_open        ridge       2000              2000 all bars      common  6363 2011-12-23           0.11762       0.12419 -0.00658  -5.29430 -0.00952 -0.00346  -4.22188      True
   blk_open        ridge       2000              2000 all bars deck period  2232 2020-01-03           0.12554       0.13233 -0.00679  -5.12755 -0.01185 -0.00163  -2.58731      True
   blk_open        ridge       2000              2000    10:00      common  3181 2011-12-27           0.10006       0.10853 -0.00847  -7.80197 -0.01224 -0.00485  -4.51643      True
   blk_open        ridge       2000              2000    10:00 deck period  1116 2020-01-03           0.10426       0.11262 -0.00836  -7.42395 -0.01443 -0.00190  -2.54331      True
   blk_open        ridge       2000              2000    10:30      common  3182 2011-12-23           0.13517       0.13986 -0.00468  -3.34904 -0.00852 -0.00091  -2.29105      True
   blk_open        ridge       2000              2000    10:30 deck period  1116 2020-01-03           0.14683       0.15204 -0.00521  -3.42649 -0.01097  0.00141  -1.49256     False
blk_release     reclasso        500               500 all bars      common  9081 2006-04-04           0.17025       0.20646 -0.03621 -17.53814 -0.04453 -0.02893  -8.91706      True
blk_release     reclasso        500               500 all bars deck period  2174 2020-01-03           0.20456       0.25019 -0.04563 -18.23675 -0.07082 -0.02496  -3.91134      True
blk_release     reclasso        500               500    14:30      common  4541 2006-04-05           0.19376       0.25854 -0.06478 -25.05554 -0.07951 -0.05128  -8.87253      True
blk_release     reclasso        500               500    14:30 deck period  1087 2020-01-03           0.23627       0.31208 -0.07581 -24.29171 -0.12121 -0.03908  -3.53869      True
blk_release     reclasso        500               500    15:00      common  4540 2006-04-04           0.14674       0.15437 -0.00763  -4.94548 -0.01215 -0.00355  -3.48498      True
blk_release     reclasso        500               500    15:00 deck period  1087 2020-01-03           0.17286       0.18830 -0.01544  -8.20143 -0.02593 -0.00526  -2.94341      True
blk_release     reclasso       2000               500 all bars      common  6081 2012-03-22           0.18217       0.21689 -0.03472 -16.00677 -0.04522 -0.02607  -6.86299      True
blk_release     reclasso       2000               500 all bars deck period  2174 2020-01-03           0.20658       0.25019 -0.04361 -17.42893 -0.06508 -0.02383  -3.71166      True
blk_release     reclasso       2000               500    14:30      common  3041 2012-03-22           0.20491       0.27252 -0.06761 -24.80805 -0.08596 -0.05098  -7.27831      True
blk_release     reclasso       2000               500    14:30 deck period  1087 2020-01-03           0.23095       0.31208 -0.08113 -25.99778 -0.12318 -0.04390  -3.66140      True
blk_release     reclasso       2000               500    15:00      common  3040 2012-03-22           0.15943       0.16124 -0.00182  -1.12653 -0.00612  0.00261  -0.74200     False
blk_release     reclasso       2000               500    15:00 deck period  1087 2020-01-03           0.18222       0.18830 -0.00608  -3.22718 -0.01409  0.00212  -1.29165     False
blk_release     reclasso       2000              2000 all bars      common  6081 2012-03-22           0.18217       0.21289 -0.03071 -14.42662 -0.03918 -0.02258  -6.86935      True
blk_release     reclasso       2000              2000 all bars deck period  2174 2020-01-03           0.20658       0.24261 -0.03602 -14.84851 -0.05612 -0.01870  -3.70291      True
blk_release     reclasso       2000              2000    14:30      common  3041 2012-03-22           0.20491       0.26476 -0.05984 -22.60246 -0.07496 -0.04572  -7.47077      True
blk_release     reclasso       2000              2000    14:30 deck period  1087 2020-01-03           0.23095       0.29271 -0.06176 -21.09995 -0.09704 -0.03171  -3.48639      True
blk_release     reclasso       2000              2000    15:00      common  3040 2012-03-22           0.15943       0.16100 -0.00157  -0.97748 -0.00607  0.00307  -0.64459     False
blk_release     reclasso       2000              2000    15:00 deck period  1087 2020-01-03           0.18222       0.19251 -0.01029  -5.34323 -0.01796 -0.00286  -2.49897      True
blk_release reclasticnet        500               500 all bars      common  9081 2006-04-04           0.16918       0.20645 -0.03727 -18.05432 -0.04546 -0.02954  -9.04456      True
blk_release reclasticnet        500               500 all bars deck period  2174 2020-01-03           0.20516       0.25073 -0.04558 -18.17724 -0.07054 -0.02434  -3.98182      True
blk_release reclasticnet        500               500    14:30      common  4541 2006-04-05           0.19120       0.25911 -0.06791 -26.20827 -0.08288 -0.05397  -9.17629      True
blk_release reclasticnet        500               500    14:30 deck period  1087 2020-01-03           0.23647       0.31291 -0.07644 -24.42752 -0.12042 -0.03923  -3.65353      True
blk_release reclasticnet        500               500    15:00      common  4540 2006-04-04           0.14714       0.15377 -0.00663  -4.31155 -0.01164 -0.00212  -2.76599      True
blk_release reclasticnet        500               500    15:00 deck period  1087 2020-01-03           0.17384       0.18856 -0.01472  -7.80528 -0.02511 -0.00382  -2.77064      True
blk_release reclasticnet       2000               500 all bars      common  6081 2012-03-22           0.18105       0.21655 -0.03550 -16.39127 -0.04533 -0.02699  -7.33933      True
blk_release reclasticnet       2000               500 all bars deck period  2174 2020-01-03           0.20581       0.25073 -0.04492 -17.91740 -0.06639 -0.02521  -3.91609      True
blk_release reclasticnet       2000               500    14:30      common  3041 2012-03-22           0.20219       0.27232 -0.07013 -25.75227 -0.08691 -0.05460  -7.90415      True
blk_release reclasticnet       2000               500    14:30 deck period  1087 2020-01-03           0.23002       0.31291 -0.08289 -26.48931 -0.12364 -0.04605  -3.85935      True
blk_release reclasticnet       2000               500    15:00      common  3040 2012-03-22           0.15991       0.16077 -0.00085  -0.52967 -0.00600  0.00387  -0.32020     False
blk_release reclasticnet       2000               500    15:00 deck period  1087 2020-01-03           0.18160       0.18856 -0.00696  -3.69282 -0.01673  0.00177  -1.28521     False
blk_release reclasticnet       2000              2000 all bars      common  6081 2012-03-22           0.18105       0.21322 -0.03217 -15.08652 -0.04056 -0.02425  -7.24799      True
blk_release reclasticnet       2000              2000 all bars deck period  2174 2020-01-03           0.20581       0.24099 -0.03518 -14.59830 -0.05463 -0.01800  -3.66979      True
blk_release reclasticnet       2000              2000    14:30      common  3041 2012-03-22           0.20219       0.26603 -0.06384 -23.99771 -0.07925 -0.04940  -7.98133      True
blk_release reclasticnet       2000              2000    14:30 deck period  1087 2020-01-03           0.23002       0.29220 -0.06218 -21.27883 -0.09681 -0.03215  -3.54234      True
blk_release reclasticnet       2000              2000    15:00      common  3040 2012-03-22           0.15991       0.16040 -0.00048  -0.30190 -0.00519  0.00385  -0.19385     False
blk_release reclasticnet       2000              2000    15:00 deck period  1087 2020-01-03           0.18160       0.18978 -0.00818  -4.31278 -0.01618 -0.00004  -1.89868      True
blk_release        ridge        500               500 all bars      common  9081 2006-04-04           0.17184       0.20155 -0.02971 -14.74108 -0.03730 -0.02278  -7.97254      True
blk_release        ridge        500               500 all bars deck period  2174 2020-01-03           0.20609       0.24337 -0.03728 -15.31812 -0.05785 -0.01966  -3.69110      True
blk_release        ridge        500               500    14:30      common  4541 2006-04-05           0.19605       0.25187 -0.05582 -22.16065 -0.06906 -0.04386  -8.31674      True
blk_release        ridge        500               500    14:30 deck period  1087 2020-01-03           0.24079       0.30048 -0.05969 -19.86558 -0.09776 -0.02756  -3.20807      True
blk_release        ridge        500               500    15:00      common  4540 2006-04-04           0.14763       0.15123 -0.00360  -2.38109 -0.00846  0.00103  -1.47650     False
blk_release        ridge        500               500    15:00 deck period  1087 2020-01-03           0.17139       0.18626 -0.01487  -7.98202 -0.02739 -0.00346  -2.48231      True
blk_release        ridge       2000               500 all bars      common  6081 2012-03-22           0.18212       0.21199 -0.02987 -14.08940 -0.03932 -0.02166  -6.43547      True
blk_release        ridge       2000               500 all bars deck period  2174 2020-01-03           0.20632       0.24337 -0.03705 -15.22514 -0.05826 -0.01832  -3.37163      True
blk_release        ridge       2000               500    14:30      common  3041 2012-03-22           0.20639       0.26509 -0.05870 -22.14276 -0.07532 -0.04348  -7.07254      True
blk_release        ridge       2000               500    14:30 deck period  1087 2020-01-03           0.23255       0.30048 -0.06794 -22.60917 -0.10729 -0.03307  -3.40647      True
blk_release        ridge       2000               500    15:00      common  3040 2012-03-22           0.15784       0.15887 -0.00103  -0.64759 -0.00797  0.00473  -0.29730     False
blk_release        ridge       2000               500    15:00 deck period  1087 2020-01-03           0.18009       0.18626 -0.00617  -3.31298 -0.02250  0.00696  -0.74409     False
blk_release        ridge       2000              2000 all bars      common  6081 2012-03-22           0.18212       0.20712 -0.02500 -12.07105 -0.03311 -0.01741  -6.12871      True
blk_release        ridge       2000              2000 all bars deck period  2174 2020-01-03           0.20632       0.23463 -0.02832 -12.06846 -0.04636 -0.01145  -3.23612      True
blk_release        ridge       2000              2000    14:30      common  3041 2012-03-22           0.20639       0.25676 -0.05037 -19.61757 -0.06464 -0.03655  -6.93243      True
blk_release        ridge       2000              2000    14:30 deck period  1087 2020-01-03           0.23255       0.28315 -0.05060 -17.87119 -0.08335 -0.02216  -3.23542      True
blk_release        ridge       2000              2000    15:00      common  3040 2012-03-22           0.15784       0.15747  0.00037   0.23783 -0.00471  0.00524   0.13890     False
blk_release        ridge       2000              2000    15:00 deck period  1087 2020-01-03           0.18009       0.18612 -0.00603  -3.24077 -0.01482  0.00425  -1.17956     False

wrote /u/scratch/j/jamesdc1/harxhar-subsection/results/linear_subsection/all_features/subsection_vs_pooled.csv

15:30 sign(s) trade with each arm's forecast (deck ridge: 1.338 mid / 0.870 crossed)
  segment    estimator  train_win  deck_days  pct_buy  Sharpe_mid  Sharpe_crossed  ridge_Sharpe_mid_same_days
  bar1600     reclasso        500        866  34.7575      1.3691          0.8945                      1.3383
  bar1600     reclasso       2000        866  39.9538      1.1638          0.6962                      1.3383
  bar1600 reclasticnet        500        866  33.9492      1.0895          0.6144                      1.3383
  bar1600 reclasticnet       2000        866  38.4527      1.5496          1.0819                      1.3383
  bar1600        ridge        500        866  37.7598      0.7933          0.3197                      1.3383
  bar1600        ridge       2000        866  37.4134      1.5525          1.0810                      1.3383
blk_close     reclasso        500        866  34.8730      1.0459          0.5748                      1.3383
blk_close     reclasso       2000        866  36.4896      1.5031          1.0338                      1.3383
blk_close reclasticnet        500        866  32.6790      1.1645          0.6913                      1.3383
blk_close reclasticnet       2000        866  36.4896      1.6247          1.1562                      1.3383
blk_close        ridge        500        866  34.7575      1.3191          0.8486                      1.3383
blk_close        ridge       2000        866  36.4896      1.8030          1.3349                      1.3383
     none     reclasso        500        866  37.2979      0.4175         -0.0566                      1.3383
     none     reclasso       2000        866  38.5681      1.1908          0.7194                      1.3383
     none reclasticnet        500        866  36.1432      0.5471          0.0724                      1.3383
     none reclasticnet       2000        866  39.1455      1.3846          0.9150                      1.3383
     none        ridge        500        866  37.4134      0.7342          0.2597                      1.3383
     none        ridge       2000        866  40.7621      0.9389          0.4665                      1.3383
