segment,estimator,train_win,pooled_train_win,bar_end,sample,n,first,QLIKE_subsection,QLIKE_pooled,diff,pct,ci_lo,ci_hi,dm_stat,improves
bar1000,reclasso,500,500,all bars,common,3119,2012-03-23,0.13987930837659435,0.11468079875177987,0.025198509624814493,21.97273641192127,-0.012480999051702359,0.10226525595049606,0.8627884734164767,False
bar1000,reclasso,500,500,all bars,deck period,1116,2020-01-03,0.20348870808687505,0.11622769915532742,0.0872610089315476,75.07763602455164,-0.015852873374515714,0.2869480823539177,1.1360548324227688,False
bar1000,reclasso,500,500,10:00,common,3119,2012-03-23,0.13987930837659435,0.11468079875177987,0.025198509624814493,21.97273641192127,-0.012480999051702359,0.10226525595049606,0.8627884734164767,False
bar1000,reclasso,500,500,10:00,deck period,1116,2020-01-03,0.20348870808687505,0.11622769915532742,0.0872610089315476,75.07763602455164,-0.015852873374515714,0.2869480823539177,1.1360548324227688,False
bar1000,reclasso,2000,500,all bars,common,1619,2018-01-19,0.1141960938214877,0.12263967851653733,-0.008443584695049635,-6.884871843423058,-0.014996650219799058,-0.001953437150192712,-2.576805179177891,True
bar1000,reclasso,2000,500,all bars,deck period,1116,2020-01-03,0.11114228523109818,0.11622769915532742,-0.005085413924229266,-4.37538896595818,-0.012515431093594567,0.00238383594449315,-1.367429199196472,False
bar1000,reclasso,2000,500,10:00,common,1619,2018-01-19,0.1141960938214877,0.12263967851653733,-0.008443584695049635,-6.884871843423058,-0.014996650219799058,-0.001953437150192712,-2.576805179177891,True
bar1000,reclasso,2000,500,10:00,deck period,1116,2020-01-03,0.11114228523109818,0.11622769915532742,-0.005085413924229266,-4.37538896595818,-0.012515431093594567,0.00238383594449315,-1.367429199196472,False
bar1000,reclasso,2000,2000,all bars,common,1619,2018-01-19,0.1141960938214877,0.11770941769947267,-0.003513323877984973,-2.9847432318074514,-0.00872466479062355,0.0022848084825126333,-1.2625262885297515,False
bar1000,reclasso,2000,2000,all bars,deck period,1116,2020-01-03,0.11114228523109818,0.11308311759745901,-0.0019408323663608295,-1.716288344003385,-0.008763608500191125,0.004900093308784085,-0.5672438824171367,False
bar1000,reclasso,2000,2000,10:00,common,1619,2018-01-19,0.1141960938214877,0.11770941769947267,-0.003513323877984973,-2.9847432318074514,-0.00872466479062355,0.0022848084825126333,-1.2625262885297515,False
bar1000,reclasso,2000,2000,10:00,deck period,1116,2020-01-03,0.11114228523109818,0.11308311759745901,-0.0019408323663608295,-1.716288344003385,-0.008763608500191125,0.004900093308784085,-0.5672438824171367,False
bar1000,reclasticnet,500,500,all bars,common,3119,2012-03-23,0.10308904142349098,0.1140929962542478,-0.011003954830756816,-9.644724209219044,-0.01581401496690494,-0.005598800599877912,-4.089728668502565,True
bar1000,reclasticnet,500,500,all bars,deck period,1116,2020-01-03,0.1042557739968441,0.11457769204030185,-0.010321918043457752,-9.008662907808523,-0.020674397912602158,0.0015412843725444137,-1.8161116766564596,False
bar1000,reclasticnet,500,500,10:00,common,3119,2012-03-23,0.10308904142349098,0.1140929962542478,-0.011003954830756816,-9.644724209219044,-0.01581401496690494,-0.005598800599877912,-4.089728668502565,True
bar1000,reclasticnet,500,500,10:00,deck period,1116,2020-01-03,0.1042557739968441,0.11457769204030185,-0.010321918043457752,-9.008662907808523,-0.020674397912602158,0.0015412843725444137,-1.8161116766564596,False
bar1000,reclasticnet,2000,500,all bars,common,1619,2018-01-19,0.11514649368072623,0.12140450763271027,-0.0062580139519840434,-5.154680064200462,-0.014203788832139594,0.0027696102711188865,-1.605157432240296,False
bar1000,reclasticnet,2000,500,all bars,deck period,1116,2020-01-03,0.11307058512553958,0.11457769204030185,-0.0015071069147623041,-1.3153580665878577,-0.011093511248649457,0.009877650637171158,-0.3146038429084755,False
bar1000,reclasticnet,2000,500,10:00,common,1619,2018-01-19,0.11514649368072623,0.12140450763271027,-0.0062580139519840434,-5.154680064200462,-0.014203788832139594,0.0027696102711188865,-1.605157432240296,False
bar1000,reclasticnet,2000,500,10:00,deck period,1116,2020-01-03,0.11307058512553958,0.11457769204030185,-0.0015071069147623041,-1.3153580665878577,-0.011093511248649457,0.009877650637171158,-0.3146038429084755,False
bar1000,reclasticnet,2000,2000,all bars,common,1619,2018-01-19,0.11514649368072623,0.1175775111606237,-0.002431017479897466,-2.067587122656841,-0.009183421359727112,0.006235379929806559,-0.6992309656621759,False
bar1000,reclasticnet,2000,2000,all bars,deck period,1116,2020-01-03,0.11307058512553958,0.11306825306398957,2.3320615499878774e-06,0.0020625254983537033,-0.008853389692373639,0.010432095691950746,0.0005190039868414244,False
bar1000,reclasticnet,2000,2000,10:00,common,1619,2018-01-19,0.11514649368072623,0.1175775111606237,-0.002431017479897466,-2.067587122656841,-0.009183421359727112,0.006235379929806559,-0.6992309656621759,False
bar1000,reclasticnet,2000,2000,10:00,deck period,1116,2020-01-03,0.11307058512553958,0.11306825306398957,2.3320615499878774e-06,0.0020625254983537033,-0.008853389692373639,0.010432095691950746,0.0005190039868414244,False
bar1000,ridge,500,500,all bars,common,3119,2012-03-23,0.12950640166287963,0.11443927902182954,0.015067122641050111,13.166041214027592,-0.011242205572995257,0.0664992631436543,0.7844970058955252,False
bar1000,ridge,500,500,all bars,deck period,1116,2020-01-03,0.17455030269637453,0.11685276573198017,0.05769753696439437,49.37626987514576,-0.012442136371278426,0.1907757304479413,1.1612243692132331,False
bar1000,ridge,500,500,10:00,common,3119,2012-03-23,0.12950640166287963,0.11443927902182954,0.015067122641050111,13.166041214027592,-0.011242205572995257,0.0664992631436543,0.7844970058955252,False
bar1000,ridge,500,500,10:00,deck period,1116,2020-01-03,0.17455030269637453,0.11685276573198017,0.05769753696439437,49.37626987514576,-0.012442136371278426,0.1907757304479413,1.1612243692132331,False
bar1000,ridge,2000,500,all bars,common,1619,2018-01-19,0.1139710073926594,0.12358276296569855,-0.00961175557303913,-7.7775859208674225,-0.0168939611556558,-0.0027629910525681077,-2.702114408686984,True
bar1000,ridge,2000,500,all bars,deck period,1116,2020-01-03,0.11125015329910334,0.11685276573198017,-0.005602612432876817,-4.794591208673034,-0.013030903956621182,0.0018875238700090562,-1.3841951503494387,False
bar1000,ridge,2000,500,10:00,common,1619,2018-01-19,0.1139710073926594,0.12358276296569855,-0.00961175557303913,-7.7775859208674225,-0.0168939611556558,-0.0027629910525681077,-2.702114408686984,True
bar1000,ridge,2000,500,10:00,deck period,1116,2020-01-03,0.11125015329910334,0.11685276573198017,-0.005602612432876817,-4.794591208673034,-0.013030903956621182,0.0018875238700090562,-1.3841951503494387,False
bar1000,ridge,2000,2000,all bars,common,1619,2018-01-19,0.1139710073926594,0.11712891041064266,-0.003157903017983261,-2.6960918588860405,-0.008661446902782605,0.0026711163224930846,-1.0648366779040757,False
bar1000,ridge,2000,2000,all bars,deck period,1116,2020-01-03,0.11125015329910334,0.11262047986410252,-0.0013703265649991734,-1.2167649850655282,-0.008165750751952826,0.005401572694418318,-0.3669249384788492,False
bar1000,ridge,2000,2000,10:00,common,1619,2018-01-19,0.1139710073926594,0.11712891041064266,-0.003157903017983261,-2.6960918588860405,-0.008661446902782605,0.0026711163224930846,-1.0648366779040757,False
bar1000,ridge,2000,2000,10:00,deck period,1116,2020-01-03,0.11125015329910334,0.11262047986410252,-0.0013703265649991734,-1.2167649850655282,-0.008165750751952826,0.005401572694418318,-0.3669249384788492,False
bar1030,reclasso,500,500,all bars,common,3119,2012-03-23,0.1401627953348575,0.14171769435292722,-0.0015548990180697334,-1.0971805780282344,-0.007502707822272626,0.005729121406225339,-0.5125340911486954,False
bar1030,reclasso,500,500,all bars,deck period,1116,2020-01-03,0.1443055909183669,0.15205407271828417,-0.007748481799917246,-5.09587258098185,-0.016569310999224356,0.003381621776297338,-1.892629881161026,False
bar1030,reclasso,500,500,10:30,common,3119,2012-03-23,0.1401627953348575,0.14171769435292722,-0.0015548990180697334,-1.0971805780282344,-0.007502707822272626,0.005729121406225339,-0.5125340911486954,False
bar1030,reclasso,500,500,10:30,deck period,1116,2020-01-03,0.1443055909183669,0.15205407271828417,-0.007748481799917246,-5.09587258098185,-0.016569310999224356,0.003381621776297338,-1.892629881161026,False
bar1030,reclasso,2000,500,all bars,common,1619,2018-01-19,0.14935729116421556,0.1535927000665613,-0.004235408902345733,-2.7575587254539218,-0.01081737921489586,0.0017935291463147185,-1.2941095870169816,False
bar1030,reclasso,2000,500,all bars,deck period,1116,2020-01-03,0.1453446953519822,0.15205407271828417,-0.00670937736630195,-4.412494349120556,-0.015521718847392611,0.0008098420364780993,-1.6895631261056014,False
bar1030,reclasso,2000,500,10:30,common,1619,2018-01-19,0.14935729116421556,0.1535927000665613,-0.004235408902345733,-2.7575587254539218,-0.01081737921489586,0.0017935291463147185,-1.2941095870169816,False
bar1030,reclasso,2000,500,10:30,deck period,1116,2020-01-03,0.1453446953519822,0.15205407271828417,-0.00670937736630195,-4.412494349120556,-0.015521718847392611,0.0008098420364780993,-1.6895631261056014,False
bar1030,reclasso,2000,2000,all bars,common,1619,2018-01-19,0.14935729116421556,0.15308019312414298,-0.0037229019599274394,-2.4319945539318004,-0.00891812256637198,0.001483786027479013,-1.3531911824956324,False
bar1030,reclasso,2000,2000,all bars,deck period,1116,2020-01-03,0.1453446953519822,0.15121419194691207,-0.00586949659492988,-3.8815778594316916,-0.011990656277162857,0.00017637210540917062,-1.8275811524335768,False
bar1030,reclasso,2000,2000,10:30,common,1619,2018-01-19,0.14935729116421556,0.15308019312414298,-0.0037229019599274394,-2.4319945539318004,-0.00891812256637198,0.001483786027479013,-1.3531911824956324,False
bar1030,reclasso,2000,2000,10:30,deck period,1116,2020-01-03,0.1453446953519822,0.15121419194691207,-0.00586949659492988,-3.8815778594316916,-0.011990656277162857,0.00017637210540917062,-1.8275811524335768,False
bar1030,reclasticnet,500,500,all bars,common,3119,2012-03-23,0.13799092864188942,0.141986632244292,-0.003995703602402568,-2.814140697081854,-0.008482864038007033,0.0010347215851075383,-1.6569673508638794,False
bar1030,reclasticnet,500,500,all bars,deck period,1116,2020-01-03,0.1519843527905194,0.15262598265714306,-0.0006416298666236418,-0.42039360235602247,-0.0102241453583966,0.01101101531092282,-0.13672507091400865,False
bar1030,reclasticnet,500,500,10:30,common,3119,2012-03-23,0.13799092864188942,0.141986632244292,-0.003995703602402568,-2.814140697081854,-0.008482864038007033,0.0010347215851075383,-1.6569673508638794,False
bar1030,reclasticnet,500,500,10:30,deck period,1116,2020-01-03,0.1519843527905194,0.15262598265714306,-0.0006416298666236418,-0.42039360235602247,-0.0102241453583966,0.01101101531092282,-0.13672507091400865,False
bar1030,reclasticnet,2000,500,all bars,common,1619,2018-01-19,0.15044081605010942,0.15393124489251367,-0.0034904288424042256,-2.267524598298094,-0.010104285546203608,0.002632168521480431,-1.071349553328099,False
bar1030,reclasticnet,2000,500,all bars,deck period,1116,2020-01-03,0.14814266971032464,0.15262598265714306,-0.004483312946818424,-2.937450667813014,-0.013519976909901176,0.0034351932314807335,-1.0997634595357562,False
bar1030,reclasticnet,2000,500,10:30,common,1619,2018-01-19,0.15044081605010942,0.15393124489251367,-0.0034904288424042256,-2.267524598298094,-0.010104285546203608,0.002632168521480431,-1.071349553328099,False
bar1030,reclasticnet,2000,500,10:30,deck period,1116,2020-01-03,0.14814266971032464,0.15262598265714306,-0.004483312946818424,-2.937450667813014,-0.013519976909901176,0.0034351932314807335,-1.0997634595357562,False
bar1030,reclasticnet,2000,2000,all bars,common,1619,2018-01-19,0.15044081605010942,0.15324681131347806,-0.00280599526336861,-1.8310301136568068,-0.007700877242847327,0.002150777303641103,-1.0809818565821918,False
bar1030,reclasticnet,2000,2000,all bars,deck period,1116,2020-01-03,0.14814266971032464,0.15150112886496622,-0.003358459154641593,-2.2167882046839438,-0.00994555028154228,0.0029198245116229715,-1.0769867853884576,False
bar1030,reclasticnet,2000,2000,10:30,common,1619,2018-01-19,0.15044081605010942,0.15324681131347806,-0.00280599526336861,-1.8310301136568068,-0.007700877242847327,0.002150777303641103,-1.0809818565821918,False
bar1030,reclasticnet,2000,2000,10:30,deck period,1116,2020-01-03,0.14814266971032464,0.15150112886496622,-0.003358459154641593,-2.2167882046839438,-0.00994555028154228,0.0029198245116229715,-1.0769867853884576,False
bar1030,ridge,500,500,all bars,common,3119,2012-03-23,0.14317063042573583,0.1420175790585796,0.0011530513671562724,0.8119074939875297,-0.004628007809458967,0.007501928761158304,0.3811115261509855,False
bar1030,ridge,500,500,all bars,deck period,1116,2020-01-03,0.1613555733544081,0.1534140210993623,0.00794155225504581,5.176549182491131,-0.004444457786367048,0.022176463896478503,1.363087378473142,False
bar1030,ridge,500,500,10:30,common,3119,2012-03-23,0.14317063042573583,0.1420175790585796,0.0011530513671562724,0.8119074939875297,-0.004628007809458967,0.007501928761158304,0.3811115261509855,False
bar1030,ridge,500,500,10:30,deck period,1116,2020-01-03,0.1613555733544081,0.1534140210993623,0.00794155225504581,5.176549182491131,-0.004444457786367048,0.022176463896478503,1.363087378473142,False
bar1030,ridge,2000,500,all bars,common,1619,2018-01-19,0.1530355227058823,0.15409174529339031,-0.0010562225875080289,-0.6854504668611441,-0.007917819022551703,0.005676952771571655,-0.31441329629148085,False
bar1030,ridge,2000,500,all bars,deck period,1116,2020-01-03,0.15470263131965806,0.1534140210993623,0.0012886102202957469,0.8399559642994738,-0.006516781296002434,0.008633367763659045,0.33293897542522327,False
bar1030,ridge,2000,500,10:30,common,1619,2018-01-19,0.1530355227058823,0.15409174529339031,-0.0010562225875080289,-0.6854504668611441,-0.007917819022551703,0.005676952771571655,-0.31441329629148085,False
bar1030,ridge,2000,500,10:30,deck period,1116,2020-01-03,0.15470263131965806,0.1534140210993623,0.0012886102202957469,0.8399559642994738,-0.006516781296002434,0.008633367763659045,0.33293897542522327,False
bar1030,ridge,2000,2000,all bars,common,1619,2018-01-19,0.1530355227058823,0.15322693802931298,-0.00019141532343069806,-0.12492276220652498,-0.006177596993747814,0.00564517962100709,-0.06269171891535642,False
bar1030,ridge,2000,2000,all bars,deck period,1116,2020-01-03,0.15470263131965806,0.1520357168817403,0.002666914437917742,1.754136786155439,-0.0038001678572961673,0.009022594481785464,0.7727541263942365,False
bar1030,ridge,2000,2000,10:30,common,1619,2018-01-19,0.1530355227058823,0.15322693802931298,-0.00019141532343069806,-0.12492276220652498,-0.006177596993747814,0.00564517962100709,-0.06269171891535642,False
bar1030,ridge,2000,2000,10:30,deck period,1116,2020-01-03,0.15470263131965806,0.1520357168817403,0.002666914437917742,1.754136786155439,-0.0038001678572961673,0.009022594481785464,0.7727541263942365,False
bar1100,reclasso,500,500,all bars,common,3119,2012-03-23,0.1178079516455497,0.1232097802147092,-0.005401828569159505,-4.384253068016281,-0.008843263135007948,-0.0018179781070232159,-2.994532016241096,True
bar1100,reclasso,500,500,all bars,deck period,1116,2020-01-03,0.13246768929566582,0.13790862410125182,-0.005440934805585949,-3.945318750763,-0.01260780246756554,0.0018617410104553463,-1.4962764826367736,False
bar1100,reclasso,500,500,11:00,common,3119,2012-03-23,0.1178079516455497,0.1232097802147092,-0.005401828569159505,-4.384253068016281,-0.008843263135007948,-0.0018179781070232159,-2.994532016241096,True
bar1100,reclasso,500,500,11:00,deck period,1116,2020-01-03,0.13246768929566582,0.13790862410125182,-0.005440934805585949,-3.945318750763,-0.01260780246756554,0.0018617410104553463,-1.4962764826367736,False
bar1100,reclasso,2000,500,all bars,common,1619,2018-01-19,0.12967853193160367,0.13112875009723857,-0.001450218165634878,-1.105949812348145,-0.005967429282225455,0.0029172672360607884,-0.6437292601790584,False
bar1100,reclasso,2000,500,all bars,deck period,1116,2020-01-03,0.1385137984273252,0.13790862410125182,0.0006051743260733978,0.43882268423552817,-0.004977306766320273,0.006362715712084579,0.20324111487517751,False
bar1100,reclasso,2000,500,11:00,common,1619,2018-01-19,0.12967853193160367,0.13112875009723857,-0.001450218165634878,-1.105949812348145,-0.005967429282225455,0.0029172672360607884,-0.6437292601790584,False
bar1100,reclasso,2000,500,11:00,deck period,1116,2020-01-03,0.1385137984273252,0.13790862410125182,0.0006051743260733978,0.43882268423552817,-0.004977306766320273,0.006362715712084579,0.20324111487517751,False
bar1100,reclasso,2000,2000,all bars,common,1619,2018-01-19,0.12967853193160367,0.12955219292601847,0.0001263390055852268,0.09751977387011383,-0.0037243756796193858,0.00394745004940035,0.06203395275750837,False
bar1100,reclasso,2000,2000,all bars,deck period,1116,2020-01-03,0.1385137984273252,0.1376528513316501,0.000860947095675115,0.6254480654387724,-0.003973694962114331,0.006097265568241928,0.31431119594129403,False
bar1100,reclasso,2000,2000,11:00,common,1619,2018-01-19,0.12967853193160367,0.12955219292601847,0.0001263390055852268,0.09751977387011383,-0.0037243756796193858,0.00394745004940035,0.06203395275750837,False
bar1100,reclasso,2000,2000,11:00,deck period,1116,2020-01-03,0.1385137984273252,0.1376528513316501,0.000860947095675115,0.6254480654387724,-0.003973694962114331,0.006097265568241928,0.31431119594129403,False
bar1100,reclasticnet,500,500,all bars,common,3119,2012-03-23,0.11952022160420733,0.12298887453782374,-0.0034686529336164086,-2.8202981339988327,-0.007548961394936293,0.0006718528300611801,-1.6518329605087887,False
bar1100,reclasticnet,500,500,all bars,deck period,1116,2020-01-03,0.1367914959545963,0.13714645527591782,-0.000354959321321512,-0.25881771468856984,-0.008529190120513248,0.008046163354379408,-0.08281922154263949,False
bar1100,reclasticnet,500,500,11:00,common,3119,2012-03-23,0.11952022160420733,0.12298887453782374,-0.0034686529336164086,-2.8202981339988327,-0.007548961394936293,0.0006718528300611801,-1.6518329605087887,False
bar1100,reclasticnet,500,500,11:00,deck period,1116,2020-01-03,0.1367914959545963,0.13714645527591782,-0.000354959321321512,-0.25881771468856984,-0.008529190120513248,0.008046163354379408,-0.08281922154263949,False
bar1100,reclasticnet,2000,500,all bars,common,1619,2018-01-19,0.13297188340338567,0.13047970584270957,0.002492177560676105,1.9100116332882988,-0.0028983335186639064,0.008313727647684465,0.8845699375965475,False
bar1100,reclasticnet,2000,500,all bars,deck period,1116,2020-01-03,0.14314705420426924,0.13714645527591782,0.0060005989283513925,4.375321925950693,-0.001112991822305675,0.013372830290218511,1.5594630674316725,False
bar1100,reclasticnet,2000,500,11:00,common,1619,2018-01-19,0.13297188340338567,0.13047970584270957,0.002492177560676105,1.9100116332882988,-0.0028983335186639064,0.008313727647684465,0.8845699375965475,False
bar1100,reclasticnet,2000,500,11:00,deck period,1116,2020-01-03,0.14314705420426924,0.13714645527591782,0.0060005989283513925,4.375321925950693,-0.001112991822305675,0.013372830290218511,1.5594630674316725,False
bar1100,reclasticnet,2000,2000,all bars,common,1619,2018-01-19,0.13297188340338567,0.1296488922470383,0.0033229911563473695,2.5630694553221534,-0.001671332238099812,0.00866138178185752,1.2029308030061976,False
bar1100,reclasticnet,2000,2000,all bars,deck period,1116,2020-01-03,0.14314705420426924,0.13792893133248277,0.0052181228717864256,3.783196767622268,-0.0018873101895032819,0.012590485595379994,1.3704502752985372,False
bar1100,reclasticnet,2000,2000,11:00,common,1619,2018-01-19,0.13297188340338567,0.1296488922470383,0.0033229911563473695,2.5630694553221534,-0.001671332238099812,0.00866138178185752,1.2029308030061976,False
bar1100,reclasticnet,2000,2000,11:00,deck period,1116,2020-01-03,0.14314705420426924,0.13792893133248277,0.0052181228717864256,3.783196767622268,-0.0018873101895032819,0.012590485595379994,1.3704502752985372,False
bar1100,ridge,500,500,all bars,common,3119,2012-03-23,0.12866442157680544,0.12232866727094391,0.006335754305861555,5.179288262683831,0.0007225845883690477,0.013484383058726582,2.092036912088134,False
bar1100,ridge,500,500,all bars,deck period,1116,2020-01-03,0.15124064852335223,0.13659428286809033,0.014646365655261855,10.722531974054808,0.0016481862802177865,0.03184558892623546,2.089192608992341,False
bar1100,ridge,500,500,11:00,common,3119,2012-03-23,0.12866442157680544,0.12232866727094391,0.006335754305861555,5.179288262683831,0.0007225845883690477,0.013484383058726582,2.092036912088134,False
bar1100,ridge,500,500,11:00,deck period,1116,2020-01-03,0.15124064852335223,0.13659428286809033,0.014646365655261855,10.722531974054808,0.0016481862802177865,0.03184558892623546,2.089192608992341,False
bar1100,ridge,2000,500,all bars,common,1619,2018-01-19,0.13780291014246945,0.1294654422227815,0.008337467919687955,6.439917692739202,0.0015575887930234565,0.01534210439446688,2.332998007013697,False
bar1100,ridge,2000,500,all bars,deck period,1116,2020-01-03,0.14943856763687394,0.13659428286809033,0.012844284768783592,9.403237455543707,0.003918082450950035,0.02204029801513718,2.7965402228385314,False
bar1100,ridge,2000,500,11:00,common,1619,2018-01-19,0.13780291014246945,0.1294654422227815,0.008337467919687955,6.439917692739202,0.0015575887930234565,0.01534210439446688,2.332998007013697,False
bar1100,ridge,2000,500,11:00,deck period,1116,2020-01-03,0.14943856763687394,0.13659428286809033,0.012844284768783592,9.403237455543707,0.003918082450950035,0.02204029801513718,2.7965402228385314,False
bar1100,ridge,2000,2000,all bars,common,1619,2018-01-19,0.13780291014246945,0.12850512644042833,0.009297783702041134,7.235340689969553,0.002548809689662181,0.016736827295180376,2.5704260183842607,False
bar1100,ridge,2000,2000,all bars,deck period,1116,2020-01-03,0.14943856763687394,0.1362295150706937,0.01320905256618026,9.69617528134463,0.0033907692794622104,0.023323732744822374,2.6653195562423018,False
bar1100,ridge,2000,2000,11:00,common,1619,2018-01-19,0.13780291014246945,0.12850512644042833,0.009297783702041134,7.235340689969553,0.002548809689662181,0.016736827295180376,2.5704260183842607,False
bar1100,ridge,2000,2000,11:00,deck period,1116,2020-01-03,0.14943856763687394,0.1362295150706937,0.01320905256618026,9.69617528134463,0.0033907692794622104,0.023323732744822374,2.6653195562423018,False
bar1130,reclasso,500,500,all bars,common,3121,2012-03-21,0.12054146601190835,0.1281300924917611,-0.0075886264798527645,-5.922595022196461,-0.012150348672015423,-0.0035269515339969525,-3.768331864408527,True
bar1130,reclasso,500,500,all bars,deck period,1116,2020-01-03,0.12594556993078937,0.13777054998787056,-0.01182498005708117,-8.583097082883281,-0.01811354476120868,-0.006432785223504667,-3.947331056480423,True
bar1130,reclasso,500,500,11:30,common,3121,2012-03-21,0.12054146601190835,0.1281300924917611,-0.0075886264798527645,-5.922595022196461,-0.012150348672015423,-0.0035269515339969525,-3.768331864408527,True
bar1130,reclasso,500,500,11:30,deck period,1116,2020-01-03,0.12594556993078937,0.13777054998787056,-0.01182498005708117,-8.583097082883281,-0.01811354476120868,-0.006432785223504667,-3.947331056480423,True
bar1130,reclasso,2000,500,all bars,common,1621,2018-01-17,0.12898065929208952,0.1314682208734971,-0.0024875615814075815,-1.8921390773221098,-0.006545756714549581,0.0015632630730948382,-1.1863702983440625,False
bar1130,reclasso,2000,500,all bars,deck period,1116,2020-01-03,0.13442553508580976,0.13777054998787056,-0.0033450149020607858,-2.4279607669093894,-0.008507355321881604,0.0015842696286163449,-1.2859614708809781,False
bar1130,reclasso,2000,500,11:30,common,1621,2018-01-17,0.12898065929208952,0.1314682208734971,-0.0024875615814075815,-1.8921390773221098,-0.006545756714549581,0.0015632630730948382,-1.1863702983440625,False
bar1130,reclasso,2000,500,11:30,deck period,1116,2020-01-03,0.13442553508580976,0.13777054998787056,-0.0033450149020607858,-2.4279607669093894,-0.008507355321881604,0.0015842696286163449,-1.2859614708809781,False
bar1130,reclasso,2000,2000,all bars,common,1621,2018-01-17,0.12898065929208952,0.13185997441319902,-0.002879315121109536,-2.1836157135044307,-0.006694195945684025,0.0007374355507672312,-1.4787010161594785,False
bar1130,reclasso,2000,2000,all bars,deck period,1116,2020-01-03,0.13442553508580976,0.14053954886891692,-0.0061140137831071795,-4.35038665792915,-0.010490373657752617,-0.0016953908511154042,-2.5827827779493275,True
bar1130,reclasso,2000,2000,11:30,common,1621,2018-01-17,0.12898065929208952,0.13185997441319902,-0.002879315121109536,-2.1836157135044307,-0.006694195945684025,0.0007374355507672312,-1.4787010161594785,False
bar1130,reclasso,2000,2000,11:30,deck period,1116,2020-01-03,0.13442553508580976,0.14053954886891692,-0.0061140137831071795,-4.35038665792915,-0.010490373657752617,-0.0016953908511154042,-2.5827827779493275,True
bar1130,reclasticnet,500,500,all bars,common,3121,2012-03-21,0.12281000456620468,0.12787584839109215,-0.005065843824887457,-3.9615329154213805,-0.010551168999943064,-3.2033071975454605e-05,-2.048429145090197,True
bar1130,reclasticnet,500,500,all bars,deck period,1116,2020-01-03,0.12739700861541756,0.13815507605278105,-0.010758067437363497,-7.786950537563645,-0.018130807408816056,-0.00361141603718692,-2.9745959552898387,True
bar1130,reclasticnet,500,500,11:30,common,3121,2012-03-21,0.12281000456620468,0.12787584839109215,-0.005065843824887457,-3.9615329154213805,-0.010551168999943064,-3.2033071975454605e-05,-2.048429145090197,True
bar1130,reclasticnet,500,500,11:30,deck period,1116,2020-01-03,0.12739700861541756,0.13815507605278105,-0.010758067437363497,-7.786950537563645,-0.018130807408816056,-0.00361141603718692,-2.9745959552898387,True
bar1130,reclasticnet,2000,500,all bars,common,1621,2018-01-17,0.12493447453705939,0.13139585207127644,-0.006461377534217045,-4.9174897322573266,-0.012129404224116173,-0.0013936492444243482,-2.5008071500261875,True
bar1130,reclasticnet,2000,500,all bars,deck period,1116,2020-01-03,0.1290875475103652,0.13815507605278105,-0.009067528542415857,-6.563297420177077,-0.016717540967999423,-0.002390628220909654,-2.6860537385340186,True
bar1130,reclasticnet,2000,500,11:30,common,1621,2018-01-17,0.12493447453705939,0.13139585207127644,-0.006461377534217045,-4.9174897322573266,-0.012129404224116173,-0.0013936492444243482,-2.5008071500261875,True
bar1130,reclasticnet,2000,500,11:30,deck period,1116,2020-01-03,0.1290875475103652,0.13815507605278105,-0.009067528542415857,-6.563297420177077,-0.016717540967999423,-0.002390628220909654,-2.6860537385340186,True
bar1130,reclasticnet,2000,2000,all bars,common,1621,2018-01-17,0.12493447453705939,0.13195608978826187,-0.007021615251202485,-5.3211755989961835,-0.012018703166591475,-0.002310972793905902,-2.88649151839097,True
bar1130,reclasticnet,2000,2000,all bars,deck period,1116,2020-01-03,0.1290875475103652,0.14061857512883058,-0.0115310276184654,-8.200216513288527,-0.017278816623277297,-0.005754238867883768,-3.720376945558109,True
bar1130,reclasticnet,2000,2000,11:30,common,1621,2018-01-17,0.12493447453705939,0.13195608978826187,-0.007021615251202485,-5.3211755989961835,-0.012018703166591475,-0.002310972793905902,-2.88649151839097,True
bar1130,reclasticnet,2000,2000,11:30,deck period,1116,2020-01-03,0.1290875475103652,0.14061857512883058,-0.0115310276184654,-8.200216513288527,-0.017278816623277297,-0.005754238867883768,-3.720376945558109,True
bar1130,ridge,500,500,all bars,common,3121,2012-03-21,0.12612268986744496,0.12753791935761935,-0.0014152294901744094,-1.1096538953298056,-0.007271783390062862,0.004015700992611815,-0.5107948635155649,False
bar1130,ridge,500,500,all bars,deck period,1116,2020-01-03,0.13490332364507576,0.13668687714152175,-0.0017835534964459761,-1.304846181099986,-0.010131993491641011,0.007191134540143564,-0.40506294617758515,False
bar1130,ridge,500,500,11:30,common,3121,2012-03-21,0.12612268986744496,0.12753791935761935,-0.0014152294901744094,-1.1096538953298056,-0.007271783390062862,0.004015700992611815,-0.5107948635155649,False
bar1130,ridge,500,500,11:30,deck period,1116,2020-01-03,0.13490332364507576,0.13668687714152175,-0.0017835534964459761,-1.304846181099986,-0.010131993491641011,0.007191134540143564,-0.40506294617758515,False
bar1130,ridge,2000,500,all bars,common,1621,2018-01-17,0.12787788292662836,0.1317907542648304,-0.003912871338202031,-2.969002916804929,-0.008787383808311991,0.0007930113328827301,-1.5494068103879792,False
bar1130,ridge,2000,500,all bars,deck period,1116,2020-01-03,0.1328338629139427,0.13668687714152175,-0.003853014227579044,-2.8188618455228447,-0.010047498915501912,0.002033583531397134,-1.2273432290109747,False
bar1130,ridge,2000,500,11:30,common,1621,2018-01-17,0.12787788292662836,0.1317907542648304,-0.003912871338202031,-2.969002916804929,-0.008787383808311991,0.0007930113328827301,-1.5494068103879792,False
bar1130,ridge,2000,500,11:30,deck period,1116,2020-01-03,0.1328338629139427,0.13668687714152175,-0.003853014227579044,-2.8188618455228447,-0.010047498915501912,0.002033583531397134,-1.2273432290109747,False
bar1130,ridge,2000,2000,all bars,common,1621,2018-01-17,0.12787788292662836,0.13139867864803578,-0.0035207957214074335,-2.6794757433126324,-0.008583281019985454,0.0012859089174432053,-1.4079908752444827,False
bar1130,ridge,2000,2000,all bars,deck period,1116,2020-01-03,0.1328338629139427,0.13973383084356697,-0.006899967929624248,-4.937936566949783,-0.013221525504094682,-0.0010150446609166282,-2.1692171759233334,True
bar1130,ridge,2000,2000,11:30,common,1621,2018-01-17,0.12787788292662836,0.13139867864803578,-0.0035207957214074335,-2.6794757433126324,-0.008583281019985454,0.0012859089174432053,-1.4079908752444827,False
bar1130,ridge,2000,2000,11:30,deck period,1116,2020-01-03,0.1328338629139427,0.13973383084356697,-0.006899967929624248,-4.937936566949783,-0.013221525504094682,-0.0010150446609166282,-2.1692171759233334,True
bar1200,reclasso,500,500,all bars,common,3060,2012-05-31,0.12969951338957084,0.13260666090143705,-0.0029071475118662036,-2.1923088117172393,-0.007723025322920466,0.001918561252388386,-1.1951719100328435,False
bar1200,reclasso,500,500,all bars,deck period,1116,2020-01-03,0.12467190604480546,0.13323175477486102,-0.008559848730055582,-6.424781197635856,-0.015748885473453416,-0.0007204518301363858,-2.2021397457327074,True
bar1200,reclasso,500,500,12:00,common,3060,2012-05-31,0.12969951338957084,0.13260666090143705,-0.0029071475118662036,-2.1923088117172393,-0.007723025322920466,0.001918561252388386,-1.1951719100328435,False
bar1200,reclasso,500,500,12:00,deck period,1116,2020-01-03,0.12467190604480546,0.13323175477486102,-0.008559848730055582,-6.424781197635856,-0.015748885473453416,-0.0007204518301363858,-2.2021397457327074,True
bar1200,reclasso,2000,500,all bars,common,1560,2018-04-13,0.14708881427497694,0.14650487424351963,0.000583940031457323,0.39858061683784046,-0.010008940211624191,0.013944372682365928,0.09893645519231963,False
bar1200,reclasso,2000,500,all bars,deck period,1116,2020-01-03,0.131667534316896,0.13323175477486102,-0.001564220457964996,-1.1740597882301125,-0.01064067843009991,0.01068304597865612,-0.3145972506809861,False
bar1200,reclasso,2000,500,12:00,common,1560,2018-04-13,0.14708881427497694,0.14650487424351963,0.000583940031457323,0.39858061683784046,-0.010008940211624191,0.013944372682365928,0.09893645519231963,False
bar1200,reclasso,2000,500,12:00,deck period,1116,2020-01-03,0.131667534316896,0.13323175477486102,-0.001564220457964996,-1.1740597882301125,-0.01064067843009991,0.01068304597865612,-0.3145972506809861,False
bar1200,reclasso,2000,2000,all bars,common,1560,2018-04-13,0.14708881427497694,0.14695701539326236,0.00013179888171456922,0.08968532829948307,-0.007838506744157887,0.010752632417496672,0.03000911099283938,False
bar1200,reclasso,2000,2000,all bars,deck period,1116,2020-01-03,0.131667534316896,0.13239067407702212,-0.0007231397601260904,-0.5462165406797331,-0.008835100532818697,0.010422492116827812,-0.1566350986634383,False
bar1200,reclasso,2000,2000,12:00,common,1560,2018-04-13,0.14708881427497694,0.14695701539326236,0.00013179888171456922,0.08968532829948307,-0.007838506744157887,0.010752632417496672,0.03000911099283938,False
bar1200,reclasso,2000,2000,12:00,deck period,1116,2020-01-03,0.131667534316896,0.13239067407702212,-0.0007231397601260904,-0.5462165406797331,-0.008835100532818697,0.010422492116827812,-0.1566350986634383,False
bar1200,reclasticnet,500,500,all bars,common,3060,2012-05-31,0.13375325499750895,0.1319428920820106,0.0018103629154983686,1.3720806683342344,-0.003684211557524522,0.007936993139001272,0.5992730594406122,False
bar1200,reclasticnet,500,500,all bars,deck period,1116,2020-01-03,0.13180976976450448,0.13169424475707103,0.00011552500743348378,0.08772213823511138,-0.01082193057268486,0.0140125641541493,0.01914757577839279,False
bar1200,reclasticnet,500,500,12:00,common,3060,2012-05-31,0.13375325499750895,0.1319428920820106,0.0018103629154983686,1.3720806683342344,-0.003684211557524522,0.007936993139001272,0.5992730594406122,False
bar1200,reclasticnet,500,500,12:00,deck period,1116,2020-01-03,0.13180976976450448,0.13169424475707103,0.00011552500743348378,0.08772213823511138,-0.01082193057268486,0.0140125641541493,0.01914757577839279,False
bar1200,reclasticnet,2000,500,all bars,common,1560,2018-04-13,0.14644129592273075,0.145519945595202,0.000921350327528739,0.6331436723400734,-0.008963079246226855,0.01588596461621443,0.16192147270287113,False
bar1200,reclasticnet,2000,500,all bars,deck period,1116,2020-01-03,0.13483859589779404,0.13169424475707103,0.0031443511407230236,2.3876146953294968,-0.009111277010206403,0.021996394054887253,0.4206233955432499,False
bar1200,reclasticnet,2000,500,12:00,common,1560,2018-04-13,0.14644129592273075,0.145519945595202,0.000921350327528739,0.6331436723400734,-0.008963079246226855,0.01588596461621443,0.16192147270287113,False
bar1200,reclasticnet,2000,500,12:00,deck period,1116,2020-01-03,0.13483859589779404,0.13169424475707103,0.0031443511407230236,2.3876146953294968,-0.009111277010206403,0.021996394054887253,0.4206233955432499,False
bar1200,reclasticnet,2000,2000,all bars,common,1560,2018-04-13,0.14644129592273075,0.14783419485919078,-0.0013928989364600055,-0.9422034853213189,-0.010392057015322424,0.012598360572351931,-0.2523652755075043,False
bar1200,reclasticnet,2000,2000,all bars,deck period,1116,2020-01-03,0.13483859589779404,0.13284542518005574,0.0019931707177382914,1.5003683529461342,-0.009439359089268722,0.019960440804468866,0.2682325152881625,False
bar1200,reclasticnet,2000,2000,12:00,common,1560,2018-04-13,0.14644129592273075,0.14783419485919078,-0.0013928989364600055,-0.9422034853213189,-0.010392057015322424,0.012598360572351931,-0.2523652755075043,False
bar1200,reclasticnet,2000,2000,12:00,deck period,1116,2020-01-03,0.13483859589779404,0.13284542518005574,0.0019931707177382914,1.5003683529461342,-0.009439359089268722,0.019960440804468866,0.2682325152881625,False
bar1200,ridge,500,500,all bars,common,3060,2012-05-31,0.14246982628730817,0.13362775030296214,0.00884207598434602,6.61694592949382,0.0020778385240672677,0.017984550124770265,2.2947677499123955,False
bar1200,ridge,500,500,all bars,deck period,1116,2020-01-03,0.14035315198559567,0.1335124659702339,0.006840686015361803,5.123630940115292,-0.007989988402490697,0.028199397609239295,0.8128245499927097,False
bar1200,ridge,500,500,12:00,common,3060,2012-05-31,0.14246982628730817,0.13362775030296214,0.00884207598434602,6.61694592949382,0.0020778385240672677,0.017984550124770265,2.2947677499123955,False
bar1200,ridge,500,500,12:00,deck period,1116,2020-01-03,0.14035315198559567,0.1335124659702339,0.006840686015361803,5.123630940115292,-0.007989988402490697,0.028199397609239295,0.8128245499927097,False
bar1200,ridge,2000,500,all bars,common,1560,2018-04-13,0.15486195924920573,0.1493987250421511,0.005463234207054601,3.656814477843244,-0.00538493438911247,0.021411539275562105,0.9190314513193081,False
bar1200,ridge,2000,500,all bars,deck period,1116,2020-01-03,0.1429902173333932,0.1335124659702339,0.009477751363159344,7.098776353417346,-0.004825547152285525,0.030038755541607252,1.2088540850782878,False
bar1200,ridge,2000,500,12:00,common,1560,2018-04-13,0.15486195924920573,0.1493987250421511,0.005463234207054601,3.656814477843244,-0.00538493438911247,0.021411539275562105,0.9190314513193081,False
bar1200,ridge,2000,500,12:00,deck period,1116,2020-01-03,0.1429902173333932,0.1335124659702339,0.009477751363159344,7.098776353417346,-0.004825547152285525,0.030038755541607252,1.2088540850782878,False
bar1200,ridge,2000,2000,all bars,common,1560,2018-04-13,0.15486195924920573,0.14709542729739913,0.0077665319518065755,5.27992752358244,-0.0022756102599554903,0.023070169159767683,1.3218738951719708,False
bar1200,ridge,2000,2000,all bars,deck period,1116,2020-01-03,0.1429902173333932,0.13224883040878893,0.010741386924604267,8.122103531200999,-0.002759495185636034,0.031175349124432074,1.400747281984063,False
bar1200,ridge,2000,2000,12:00,common,1560,2018-04-13,0.15486195924920573,0.14709542729739913,0.0077665319518065755,5.27992752358244,-0.0022756102599554903,0.023070169159767683,1.3218738951719708,False
bar1200,ridge,2000,2000,12:00,deck period,1116,2020-01-03,0.1429902173333932,0.13224883040878893,0.010741386924604267,8.122103531200999,-0.002759495185636034,0.031175349124432074,1.400747281984063,False
bar1230,reclasso,500,500,all bars,common,3060,2012-05-31,0.13447426143846447,0.13716514798558513,-0.0026908865471206712,-1.9617859103709494,-0.0065611005249750776,0.0012198576472389673,-1.3866442389196918,False
bar1230,reclasso,500,500,all bars,deck period,1116,2020-01-03,0.13593852192529302,0.13822573680264733,-0.002287214877354305,-1.6546953774751014,-0.00954781824119095,0.005157905616380864,-0.661520327583397,False
bar1230,reclasso,500,500,12:30,common,3060,2012-05-31,0.13447426143846447,0.13716514798558513,-0.0026908865471206712,-1.9617859103709494,-0.0065611005249750776,0.0012198576472389673,-1.3866442389196918,False
bar1230,reclasso,500,500,12:30,deck period,1116,2020-01-03,0.13593852192529302,0.13822573680264733,-0.002287214877354305,-1.6546953774751014,-0.00954781824119095,0.005157905616380864,-0.661520327583397,False
bar1230,reclasso,2000,500,all bars,common,1560,2018-04-13,0.1481170308662593,0.1443895243726033,0.0037275064936559896,2.581562969926406,-0.0010797785039159595,0.00876888466659392,1.5428932140844258,False
bar1230,reclasso,2000,500,all bars,deck period,1116,2020-01-03,0.14366901963674053,0.13822573680264733,0.005443282834093213,3.937966228289956,-0.00031275383513661815,0.011402792696182563,1.9672050875809797,False
bar1230,reclasso,2000,500,12:30,common,1560,2018-04-13,0.1481170308662593,0.1443895243726033,0.0037275064936559896,2.581562969926406,-0.0010797785039159595,0.00876888466659392,1.5428932140844258,False
bar1230,reclasso,2000,500,12:30,deck period,1116,2020-01-03,0.14366901963674053,0.13822573680264733,0.005443282834093213,3.937966228289956,-0.00031275383513661815,0.011402792696182563,1.9672050875809797,False
bar1230,reclasso,2000,2000,all bars,common,1560,2018-04-13,0.1481170308662593,0.1478956296339695,0.00022140123228977943,0.1497009971408423,-0.004322431764671941,0.004457775196981236,0.10029102894403516,False
bar1230,reclasso,2000,2000,all bars,deck period,1116,2020-01-03,0.14366901963674053,0.14326293714579477,0.00040608249094575274,0.283452579596699,-0.004725738704357418,0.005755677577762775,0.16291488471398363,False
bar1230,reclasso,2000,2000,12:30,common,1560,2018-04-13,0.1481170308662593,0.1478956296339695,0.00022140123228977943,0.1497009971408423,-0.004322431764671941,0.004457775196981236,0.10029102894403516,False
bar1230,reclasso,2000,2000,12:30,deck period,1116,2020-01-03,0.14366901963674053,0.14326293714579477,0.00040608249094575274,0.283452579596699,-0.004725738704357418,0.005755677577762775,0.16291488471398363,False
bar1230,reclasticnet,500,500,all bars,common,3060,2012-05-31,0.1366361234496517,0.1365860233418949,5.010010775677277e-05,0.036680259466493746,-0.004718213376663463,0.0047205432775142995,0.021283692017446964,False
bar1230,reclasticnet,500,500,all bars,deck period,1116,2020-01-03,0.13863134876398434,0.13848248627645995,0.0001488624875243997,0.10749553357037336,-0.008051990578374848,0.009185321314157315,0.03707354671257812,False
bar1230,reclasticnet,500,500,12:30,common,3060,2012-05-31,0.1366361234496517,0.1365860233418949,5.010010775677277e-05,0.036680259466493746,-0.004718213376663463,0.0047205432775142995,0.021283692017446964,False
bar1230,reclasticnet,500,500,12:30,deck period,1116,2020-01-03,0.13863134876398434,0.13848248627645995,0.0001488624875243997,0.10749553357037336,-0.008051990578374848,0.009185321314157315,0.03707354671257812,False
bar1230,reclasticnet,2000,500,all bars,common,1560,2018-04-13,0.14487501570193814,0.14435547271555446,0.0005195429863836813,0.3599052925464183,-0.003582642779305178,0.004487447316326504,0.2551972095216177,False
bar1230,reclasticnet,2000,500,all bars,deck period,1116,2020-01-03,0.14049957870634602,0.13848248627645995,0.002017092429886087,1.456568613203014,-0.0030121404471829994,0.007134447165288909,0.8165164491771931,False
bar1230,reclasticnet,2000,500,12:30,common,1560,2018-04-13,0.14487501570193814,0.14435547271555446,0.0005195429863836813,0.3599052925464183,-0.003582642779305178,0.004487447316326504,0.2551972095216177,False
bar1230,reclasticnet,2000,500,12:30,deck period,1116,2020-01-03,0.14049957870634602,0.13848248627645995,0.002017092429886087,1.456568613203014,-0.0030121404471829994,0.007134447165288909,0.8165164491771931,False
bar1230,reclasticnet,2000,2000,all bars,common,1560,2018-04-13,0.14487501570193814,0.14687540965110563,-0.002000393949167491,-1.3619665496895061,-0.0062504902117562966,0.0023376236518587524,-0.9601133587047849,False
bar1230,reclasticnet,2000,2000,all bars,deck period,1116,2020-01-03,0.14049957870634602,0.1414104177340318,-0.0009108390276857628,-0.6441102729778306,-0.0062202605192633485,0.00456288454105585,-0.37137495946413523,False
bar1230,reclasticnet,2000,2000,12:30,common,1560,2018-04-13,0.14487501570193814,0.14687540965110563,-0.002000393949167491,-1.3619665496895061,-0.0062504902117562966,0.0023376236518587524,-0.9601133587047849,False
bar1230,reclasticnet,2000,2000,12:30,deck period,1116,2020-01-03,0.14049957870634602,0.1414104177340318,-0.0009108390276857628,-0.6441102729778306,-0.0062202605192633485,0.00456288454105585,-0.37137495946413523,False
bar1230,ridge,500,500,all bars,common,3060,2012-05-31,0.14650209471328393,0.1366488158875353,0.009853278825748657,7.210658037357676,0.004827614805879405,0.015021305701616734,4.1473713453111225,False
bar1230,ridge,500,500,all bars,deck period,1116,2020-01-03,0.15000254454038864,0.1389795797733837,0.011022964767004963,7.931355660291035,0.002332829692810748,0.02012849882835013,2.515276427834382,False
bar1230,ridge,500,500,12:30,common,3060,2012-05-31,0.14650209471328393,0.1366488158875353,0.009853278825748657,7.210658037357676,0.004827614805879405,0.015021305701616734,4.1473713453111225,False
bar1230,ridge,500,500,12:30,deck period,1116,2020-01-03,0.15000254454038864,0.1389795797733837,0.011022964767004963,7.931355660291035,0.002332829692810748,0.02012849882835013,2.515276427834382,False
bar1230,ridge,2000,500,all bars,common,1560,2018-04-13,0.15275830575465382,0.14414859259160903,0.008609713163044814,5.972804179529665,0.0026449856349329017,0.014756640699386155,2.740157154176938,False
bar1230,ridge,2000,500,all bars,deck period,1116,2020-01-03,0.1497588905664446,0.1389795797733837,0.010779310793060893,7.756039276156498,0.0038897039585365388,0.01761559782171893,3.067987001548301,False
bar1230,ridge,2000,500,12:30,common,1560,2018-04-13,0.15275830575465382,0.14414859259160903,0.008609713163044814,5.972804179529665,0.0026449856349329017,0.014756640699386155,2.740157154176938,False
bar1230,ridge,2000,500,12:30,deck period,1116,2020-01-03,0.1497588905664446,0.1389795797733837,0.010779310793060893,7.756039276156498,0.0038897039585365388,0.01761559782171893,3.067987001548301,False
bar1230,ridge,2000,2000,all bars,common,1560,2018-04-13,0.15275830575465382,0.1458861402183033,0.006872165536350558,4.710636340139704,0.0007382412660627436,0.013288617932546124,2.1857997708456405,False
bar1230,ridge,2000,2000,all bars,deck period,1116,2020-01-03,0.1497588905664446,0.1411209055007875,0.008637985065657059,6.12098188783862,0.0014000956336091012,0.015638441838475823,2.4897301814651778,False
bar1230,ridge,2000,2000,12:30,common,1560,2018-04-13,0.15275830575465382,0.1458861402183033,0.006872165536350558,4.710636340139704,0.0007382412660627436,0.013288617932546124,2.1857997708456405,False
bar1230,ridge,2000,2000,12:30,deck period,1116,2020-01-03,0.1497588905664446,0.1411209055007875,0.008637985065657059,6.12098188783862,0.0014000956336091012,0.015638441838475823,2.4897301814651778,False
bar1300,reclasso,500,500,all bars,common,3060,2012-05-31,0.15879960512732588,0.15533541407388568,0.0034641910534402463,2.2301360408338664,-0.003255787014462461,0.011398711321597864,0.8904870655623064,False
bar1300,reclasso,500,500,all bars,deck period,1116,2020-01-03,0.16833976119901428,0.16612794999521796,0.0022118112037963216,1.3313901747779282,-0.012069949380396211,0.022932399454885007,0.2402143992397652,False
bar1300,reclasso,500,500,13:00,common,3060,2012-05-31,0.15879960512732588,0.15533541407388568,0.0034641910534402463,2.2301360408338664,-0.003255787014462461,0.011398711321597864,0.8904870655623064,False
bar1300,reclasso,500,500,13:00,deck period,1116,2020-01-03,0.16833976119901428,0.16612794999521796,0.0022118112037963216,1.3313901747779282,-0.012069949380396211,0.022932399454885007,0.2402143992397652,False
bar1300,reclasso,2000,500,all bars,common,1560,2018-04-13,0.17563939988831845,0.17416364802461828,0.001475751863700141,0.8473363301919017,-0.004190677803596952,0.006960599911807853,0.5075494313172118,False
bar1300,reclasso,2000,500,all bars,deck period,1116,2020-01-03,0.16562343082019262,0.16612794999521796,-0.0005045191750253184,-0.3036931323355529,-0.00763183999174632,0.006659608717148754,-0.13518301578890235,False
bar1300,reclasso,2000,500,13:00,common,1560,2018-04-13,0.17563939988831845,0.17416364802461828,0.001475751863700141,0.8473363301919017,-0.004190677803596952,0.006960599911807853,0.5075494313172118,False
bar1300,reclasso,2000,500,13:00,deck period,1116,2020-01-03,0.16562343082019262,0.16612794999521796,-0.0005045191750253184,-0.3036931323355529,-0.00763183999174632,0.006659608717148754,-0.13518301578890235,False
bar1300,reclasso,2000,2000,all bars,common,1560,2018-04-13,0.17563939988831845,0.17519722063971505,0.0004421792486033642,0.25238941975722623,-0.004725011041104581,0.005708645994340784,0.18002220856097598,False
bar1300,reclasso,2000,2000,all bars,deck period,1116,2020-01-03,0.16562343082019262,0.16789156584040654,-0.0022681350202139136,-1.3509523297733401,-0.008625101534948916,0.004167778462650048,-0.7287136040088843,False
bar1300,reclasso,2000,2000,13:00,common,1560,2018-04-13,0.17563939988831845,0.17519722063971505,0.0004421792486033642,0.25238941975722623,-0.004725011041104581,0.005708645994340784,0.18002220856097598,False
bar1300,reclasso,2000,2000,13:00,deck period,1116,2020-01-03,0.16562343082019262,0.16789156584040654,-0.0022681350202139136,-1.3509523297733401,-0.008625101534948916,0.004167778462650048,-0.7287136040088843,False
bar1300,reclasticnet,500,500,all bars,common,3060,2012-05-31,0.1648335108331224,0.1550702191305409,0.009763291702581514,6.296045596197036,0.0003070824483431274,0.020805406456458675,1.7798381591053765,False
bar1300,reclasticnet,500,500,all bars,deck period,1116,2020-01-03,0.17240791603613104,0.16543352573388473,0.006974390302246297,4.215826430167036,-0.008316499261768565,0.029739121593601796,0.7172277907778607,False
bar1300,reclasticnet,500,500,13:00,common,3060,2012-05-31,0.1648335108331224,0.1550702191305409,0.009763291702581514,6.296045596197036,0.0003070824483431274,0.020805406456458675,1.7798381591053765,False
bar1300,reclasticnet,500,500,13:00,deck period,1116,2020-01-03,0.17240791603613104,0.16543352573388473,0.006974390302246297,4.215826430167036,-0.008316499261768565,0.029739121593601796,0.7172277907778607,False
bar1300,reclasticnet,2000,500,all bars,common,1560,2018-04-13,0.17434618157362278,0.17312298849813673,0.0012231930754860478,0.706545725727934,-0.004903645936663606,0.006983982096434856,0.37504812530759024,False
bar1300,reclasticnet,2000,500,all bars,deck period,1116,2020-01-03,0.16401990036680128,0.16543352573388473,-0.001413625367083474,-0.8544975154295039,-0.009463193933425642,0.00596582655033824,-0.33382407515543633,False
bar1300,reclasticnet,2000,500,13:00,common,1560,2018-04-13,0.17434618157362278,0.17312298849813673,0.0012231930754860478,0.706545725727934,-0.004903645936663606,0.006983982096434856,0.37504812530759024,False
bar1300,reclasticnet,2000,500,13:00,deck period,1116,2020-01-03,0.16401990036680128,0.16543352573388473,-0.001413625367083474,-0.8544975154295039,-0.009463193933425642,0.00596582655033824,-0.33382407515543633,False
bar1300,reclasticnet,2000,2000,all bars,common,1560,2018-04-13,0.17434618157362278,0.1738688549717675,0.0004773266018553002,0.2745325503712598,-0.00436787399990696,0.005747528570255067,0.17905126330706866,False
bar1300,reclasticnet,2000,2000,all bars,deck period,1116,2020-01-03,0.16401990036680128,0.1656844205673391,-0.001664520200537853,-1.0046329008111794,-0.007570600627162062,0.005076341673444006,-0.4815273151758869,False
bar1300,reclasticnet,2000,2000,13:00,common,1560,2018-04-13,0.17434618157362278,0.1738688549717675,0.0004773266018553002,0.2745325503712598,-0.00436787399990696,0.005747528570255067,0.17905126330706866,False
bar1300,reclasticnet,2000,2000,13:00,deck period,1116,2020-01-03,0.16401990036680128,0.1656844205673391,-0.001664520200537853,-1.0046329008111794,-0.007570600627162062,0.005076341673444006,-0.4815273151758869,False
bar1300,ridge,500,500,all bars,common,3060,2012-05-31,0.17450999565959877,0.1554474247965144,0.019062570863084376,12.263034198242837,0.009194055386367165,0.03171674839996048,3.2582460128443174,False
bar1300,ridge,500,500,all bars,deck period,1116,2020-01-03,0.1983546596990961,0.16798266316754581,0.03037199653155026,18.08043518232429,0.007550405976268272,0.06424006812206137,2.0600341745006054,False
bar1300,ridge,500,500,13:00,common,3060,2012-05-31,0.17450999565959877,0.1554474247965144,0.019062570863084376,12.263034198242837,0.009194055386367165,0.03171674839996048,3.2582460128443174,False
bar1300,ridge,500,500,13:00,deck period,1116,2020-01-03,0.1983546596990961,0.16798266316754581,0.03037199653155026,18.08043518232429,0.007550405976268272,0.06424006812206137,2.0600341745006054,False
bar1300,ridge,2000,500,all bars,common,1560,2018-04-13,0.18629189908825539,0.17469402359252115,0.011597875495734234,6.638965236032695,0.002496515874879709,0.022676290050932853,2.266242048982316,False
bar1300,ridge,2000,500,all bars,deck period,1116,2020-01-03,0.17720368243867154,0.16798266316754581,0.00922101927112574,5.489268414520075,-0.0026318534524220898,0.024204127474395033,1.3859348602029153,False
bar1300,ridge,2000,500,13:00,common,1560,2018-04-13,0.18629189908825539,0.17469402359252115,0.011597875495734234,6.638965236032695,0.002496515874879709,0.022676290050932853,2.266242048982316,False
bar1300,ridge,2000,500,13:00,deck period,1116,2020-01-03,0.17720368243867154,0.16798266316754581,0.00922101927112574,5.489268414520075,-0.0026318534524220898,0.024204127474395033,1.3859348602029153,False
bar1300,ridge,2000,2000,all bars,common,1560,2018-04-13,0.18629189908825539,0.17519340209290288,0.011098496995352486,6.334997130466757,0.0031366191522602276,0.020643257142646657,2.5917799151776024,False
bar1300,ridge,2000,2000,all bars,deck period,1116,2020-01-03,0.17720368243867154,0.16785641145978095,0.009347270978890635,5.568611230039478,-0.0010974943794974739,0.021214523510083294,1.7003611975596624,False
bar1300,ridge,2000,2000,13:00,common,1560,2018-04-13,0.18629189908825539,0.17519340209290288,0.011098496995352486,6.334997130466757,0.0031366191522602276,0.020643257142646657,2.5917799151776024,False
bar1300,ridge,2000,2000,13:00,deck period,1116,2020-01-03,0.17720368243867154,0.16785641145978095,0.009347270978890635,5.568611230039478,-0.0010974943794974739,0.021214523510083294,1.7003611975596624,False
bar1330,reclasso,500,500,all bars,common,2999,2012-05-31,0.16377108469259316,0.16380956170063063,-3.847700803748862e-05,-0.02348886575241993,-0.004650076413478035,0.004759012217894371,-0.015759004287067186,False
bar1330,reclasso,500,500,all bars,deck period,1088,2020-01-03,0.1717049937259609,0.16696839813860898,0.004736595587351918,2.8368216022650157,-0.003426355090889819,0.012792887096491248,1.1001998706057055,False
bar1330,reclasso,500,500,13:30,common,2999,2012-05-31,0.16377108469259316,0.16380956170063063,-3.847700803748862e-05,-0.02348886575241993,-0.004650076413478035,0.004759012217894371,-0.015759004287067186,False
bar1330,reclasso,500,500,13:30,deck period,1088,2020-01-03,0.1717049937259609,0.16696839813860898,0.004736595587351918,2.8368216022650157,-0.003426355090889819,0.012792887096491248,1.1001998706057055,False
bar1330,reclasso,2000,500,all bars,common,1499,2018-05-17,0.1722970320219025,0.1752214612217463,-0.0029244291998438256,-1.6689903048707606,-0.009258590375244478,0.003063406447815659,-0.9285812423272327,False
bar1330,reclasso,2000,500,all bars,deck period,1088,2020-01-03,0.16736160496485086,0.16696839813860898,0.0003932068262418712,0.23549775324277245,-0.007605877245595349,0.007716741802563039,0.10514888237871871,False
bar1330,reclasso,2000,500,13:30,common,1499,2018-05-17,0.1722970320219025,0.1752214612217463,-0.0029244291998438256,-1.6689903048707606,-0.009258590375244478,0.003063406447815659,-0.9285812423272327,False
bar1330,reclasso,2000,500,13:30,deck period,1088,2020-01-03,0.16736160496485086,0.16696839813860898,0.0003932068262418712,0.23549775324277245,-0.007605877245595349,0.007716741802563039,0.10514888237871871,False
bar1330,reclasso,2000,2000,all bars,common,1499,2018-05-17,0.1722970320219025,0.17337948891405808,-0.001082456892155575,-0.6243281133976203,-0.006669322191764601,0.00424426261265772,-0.39437291010904546,False
bar1330,reclasso,2000,2000,all bars,deck period,1088,2020-01-03,0.16736160496485086,0.16728792590210653,7.367906274431639e-05,0.0440432639397011,-0.00735281127456241,0.006730075381154223,0.021886012177994164,False
bar1330,reclasso,2000,2000,13:30,common,1499,2018-05-17,0.1722970320219025,0.17337948891405808,-0.001082456892155575,-0.6243281133976203,-0.006669322191764601,0.00424426261265772,-0.39437291010904546,False
bar1330,reclasso,2000,2000,13:30,deck period,1088,2020-01-03,0.16736160496485086,0.16728792590210653,7.367906274431639e-05,0.0440432639397011,-0.00735281127456241,0.006730075381154223,0.021886012177994164,False
bar1330,reclasticnet,500,500,all bars,common,2999,2012-05-31,0.1686799817986955,0.16358316994002886,0.005096811858666652,3.1157311968799672,-0.0012164696219174093,0.011577061826193936,1.575728010316703,False
bar1330,reclasticnet,500,500,all bars,deck period,1088,2020-01-03,0.17718909458314863,0.16671856635340981,0.0104705282297388,6.280361245155736,0.00032700919243409775,0.021080978369650658,1.9237011133640876,False
bar1330,reclasticnet,500,500,13:30,common,2999,2012-05-31,0.1686799817986955,0.16358316994002886,0.005096811858666652,3.1157311968799672,-0.0012164696219174093,0.011577061826193936,1.575728010316703,False
bar1330,reclasticnet,500,500,13:30,deck period,1088,2020-01-03,0.17718909458314863,0.16671856635340981,0.0104705282297388,6.280361245155736,0.00032700919243409775,0.021080978369650658,1.9237011133640876,False
bar1330,reclasticnet,2000,500,all bars,common,1499,2018-05-17,0.17153017626834735,0.17456560391378795,-0.003035427645440635,-1.7388463576935407,-0.008995221860360982,0.0025209408581880885,-1.1214247063733331,False
bar1330,reclasticnet,2000,500,all bars,deck period,1088,2020-01-03,0.16684943420337284,0.16671856635340981,0.0001308678499630162,0.07849626638799347,-0.006588893087348767,0.006920217907268741,0.04027751850521245,False
bar1330,reclasticnet,2000,500,13:30,common,1499,2018-05-17,0.17153017626834735,0.17456560391378795,-0.003035427645440635,-1.7388463576935407,-0.008995221860360982,0.0025209408581880885,-1.1214247063733331,False
bar1330,reclasticnet,2000,500,13:30,deck period,1088,2020-01-03,0.16684943420337284,0.16671856635340981,0.0001308678499630162,0.07849626638799347,-0.006588893087348767,0.006920217907268741,0.04027751850521245,False
bar1330,reclasticnet,2000,2000,all bars,common,1499,2018-05-17,0.17153017626834735,0.17307036043946972,-0.0015401841711223535,-0.8899179311878901,-0.00725847239998869,0.003656335974443828,-0.6174196184849903,False
bar1330,reclasticnet,2000,2000,all bars,deck period,1088,2020-01-03,0.16684943420337284,0.16653302486409455,0.00031640933927829613,0.18999795358098714,-0.006537704855138813,0.006521935909783914,0.10027817650188806,False
bar1330,reclasticnet,2000,2000,13:30,common,1499,2018-05-17,0.17153017626834735,0.17307036043946972,-0.0015401841711223535,-0.8899179311878901,-0.00725847239998869,0.003656335974443828,-0.6174196184849903,False
bar1330,reclasticnet,2000,2000,13:30,deck period,1088,2020-01-03,0.16684943420337284,0.16653302486409455,0.00031640933927829613,0.18999795358098714,-0.006537704855138813,0.006521935909783914,0.10027817650188806,False
bar1330,ridge,500,500,all bars,common,2999,2012-05-31,0.17019273301691135,0.16286038363855415,0.007332349378357212,4.502230201440724,0.0016615089410532953,0.013206206107935185,2.516254170483805,False
bar1330,ridge,500,500,all bars,deck period,1088,2020-01-03,0.1815523650509365,0.16626403669366488,0.015288328357271626,9.195210618782092,0.005857779985700777,0.025561294119079758,2.9043535005007284,False
bar1330,ridge,500,500,13:30,common,2999,2012-05-31,0.17019273301691135,0.16286038363855415,0.007332349378357212,4.502230201440724,0.0016615089410532953,0.013206206107935185,2.516254170483805,False
bar1330,ridge,500,500,13:30,deck period,1088,2020-01-03,0.1815523650509365,0.16626403669366488,0.015288328357271626,9.195210618782092,0.005857779985700777,0.025561294119079758,2.9043535005007284,False
bar1330,ridge,2000,500,all bars,common,1499,2018-05-17,0.17256958450328297,0.17420752413974266,-0.0016379396364597106,-0.9402232449763868,-0.008931475090011893,0.005306470455954114,-0.48722121227775844,False
bar1330,ridge,2000,500,all bars,deck period,1088,2020-01-03,0.16905697714731951,0.16626403669366488,0.002792940453654603,1.6798223531649772,-0.0052311044727216365,0.01156508429032611,0.7163450357585,False
bar1330,ridge,2000,500,13:30,common,1499,2018-05-17,0.17256958450328297,0.17420752413974266,-0.0016379396364597106,-0.9402232449763868,-0.008931475090011893,0.005306470455954114,-0.48722121227775844,False
bar1330,ridge,2000,500,13:30,deck period,1088,2020-01-03,0.16905697714731951,0.16626403669366488,0.002792940453654603,1.6798223531649772,-0.0052311044727216365,0.01156508429032611,0.7163450357585,False
bar1330,ridge,2000,2000,all bars,common,1499,2018-05-17,0.17256958450328297,0.1719263877138912,0.0006431967893917164,0.37411173348333415,-0.005640360549277772,0.006600691153984575,0.22307932740448916,False
bar1330,ridge,2000,2000,all bars,deck period,1088,2020-01-03,0.16905697714731951,0.16617265268449813,0.0028843244628213895,1.7357395553513129,-0.004755635802445549,0.01049316880561264,0.8439165640376586,False
bar1330,ridge,2000,2000,13:30,common,1499,2018-05-17,0.17256958450328297,0.1719263877138912,0.0006431967893917164,0.37411173348333415,-0.005640360549277772,0.006600691153984575,0.22307932740448916,False
bar1330,ridge,2000,2000,13:30,deck period,1088,2020-01-03,0.16905697714731951,0.16617265268449813,0.0028843244628213895,1.7357395553513129,-0.004755635802445549,0.01049316880561264,0.8439165640376586,False
bar1400,reclasso,500,500,all bars,common,2987,2012-06-13,0.158016355114584,0.1509744566604366,0.007041898454147408,4.664297928215537,0.00023637968876499805,0.01420673719448197,2.1251820168903643,False
bar1400,reclasso,500,500,all bars,deck period,1088,2020-01-03,0.18719451829097536,0.16711056374546499,0.020083954545510378,12.018363229329609,0.005990178426786769,0.03628523829630526,2.7375766395996863,False
bar1400,reclasso,500,500,14:00,common,2987,2012-06-13,0.158016355114584,0.1509744566604366,0.007041898454147408,4.664297928215537,0.00023637968876499805,0.01420673719448197,2.1251820168903643,False
bar1400,reclasso,500,500,14:00,deck period,1088,2020-01-03,0.18719451829097536,0.16711056374546499,0.020083954545510378,12.018363229329609,0.005990178426786769,0.03628523829630526,2.7375766395996863,False
bar1400,reclasso,2000,500,all bars,common,1487,2018-06-01,0.1785204789305368,0.17178959819789372,0.006730880732643113,3.918095625841937,-0.0015185739554564534,0.016071642796562587,1.604715631861361,False
bar1400,reclasso,2000,500,all bars,deck period,1088,2020-01-03,0.1764019347483983,0.16711056374546499,0.009291371002933297,5.560014157504417,-0.0010353422711263127,0.02194748014784983,1.7484775190837825,False
bar1400,reclasso,2000,500,14:00,common,1487,2018-06-01,0.1785204789305368,0.17178959819789372,0.006730880732643113,3.918095625841937,-0.0015185739554564534,0.016071642796562587,1.604715631861361,False
bar1400,reclasso,2000,500,14:00,deck period,1088,2020-01-03,0.1764019347483983,0.16711056374546499,0.009291371002933297,5.560014157504417,-0.0010353422711263127,0.02194748014784983,1.7484775190837825,False
bar1400,reclasso,2000,2000,all bars,common,1487,2018-06-01,0.1785204789305368,0.17464978323127264,0.0038706956992641713,2.2162613818641645,-0.004616502929296064,0.01322899619083314,0.908164594461055,False
bar1400,reclasso,2000,2000,all bars,deck period,1088,2020-01-03,0.1764019347483983,0.1723537292710498,0.00404820547734848,2.3487774209875805,-0.005835353625747068,0.016256173554345422,0.74325997371658,False
bar1400,reclasso,2000,2000,14:00,common,1487,2018-06-01,0.1785204789305368,0.17464978323127264,0.0038706956992641713,2.2162613818641645,-0.004616502929296064,0.01322899619083314,0.908164594461055,False
bar1400,reclasso,2000,2000,14:00,deck period,1088,2020-01-03,0.1764019347483983,0.1723537292710498,0.00404820547734848,2.3487774209875805,-0.005835353625747068,0.016256173554345422,0.74325997371658,False
bar1400,reclasticnet,500,500,all bars,common,2987,2012-06-13,0.15741446170180468,0.1513694267791323,0.006045034922672398,3.993563991949901,-0.0006713849328076281,0.013803411924506298,1.6803166280434996,False
bar1400,reclasticnet,500,500,all bars,deck period,1088,2020-01-03,0.1852461324223748,0.16921075647653722,0.016035375945837566,9.47657009503473,0.0016539052687205493,0.03397455590575476,2.0374791898842886,False
bar1400,reclasticnet,500,500,14:00,common,2987,2012-06-13,0.15741446170180468,0.1513694267791323,0.006045034922672398,3.993563991949901,-0.0006713849328076281,0.013803411924506298,1.6803166280434996,False
bar1400,reclasticnet,500,500,14:00,deck period,1088,2020-01-03,0.1852461324223748,0.16921075647653722,0.016035375945837566,9.47657009503473,0.0016539052687205493,0.03397455590575476,2.0374791898842886,False
bar1400,reclasticnet,2000,500,all bars,common,1487,2018-06-01,0.18049487052667262,0.1737826808071327,0.006712189719539938,3.862404290442069,-0.002462145956150815,0.01673039494718961,1.521792745091192,False
bar1400,reclasticnet,2000,500,all bars,deck period,1088,2020-01-03,0.17983653023864044,0.16921075647653722,0.010625773762103259,6.279608922838561,-0.00030285056919007535,0.023841185891325584,1.8911119167259456,False
bar1400,reclasticnet,2000,500,14:00,common,1487,2018-06-01,0.18049487052667262,0.1737826808071327,0.006712189719539938,3.862404290442069,-0.002462145956150815,0.01673039494718961,1.521792745091192,False
bar1400,reclasticnet,2000,500,14:00,deck period,1088,2020-01-03,0.17983653023864044,0.16921075647653722,0.010625773762103259,6.279608922838561,-0.00030285056919007535,0.023841185891325584,1.8911119167259456,False
bar1400,reclasticnet,2000,2000,all bars,common,1487,2018-06-01,0.18049487052667262,0.17416681131059047,0.006328059216082157,3.633332417619665,-0.0031730584848491373,0.016277792949379637,1.399737640526967,False
bar1400,reclasticnet,2000,2000,all bars,deck period,1088,2020-01-03,0.17983653023864044,0.1713508596938492,0.008485670544791294,4.952219416904329,-0.0025315385279642173,0.021601063904256274,1.4550049960715397,False
bar1400,reclasticnet,2000,2000,14:00,common,1487,2018-06-01,0.18049487052667262,0.17416681131059047,0.006328059216082157,3.633332417619665,-0.0031730584848491373,0.016277792949379637,1.399737640526967,False
bar1400,reclasticnet,2000,2000,14:00,deck period,1088,2020-01-03,0.17983653023864044,0.1713508596938492,0.008485670544791294,4.952219416904329,-0.0025315385279642173,0.021601063904256274,1.4550049960715397,False
bar1400,ridge,500,500,all bars,common,2987,2012-06-13,0.16460277174389149,0.15108632996546614,0.01351644177842535,8.946171226420555,0.005624815696932092,0.022442942523182165,3.347908775340911,False
bar1400,ridge,500,500,all bars,deck period,1088,2020-01-03,0.20028855975514648,0.17089765585328234,0.029390903901864145,17.197956142298747,0.012626607519870079,0.049898590995756185,3.149801593412365,False
bar1400,ridge,500,500,14:00,common,2987,2012-06-13,0.16460277174389149,0.15108632996546614,0.01351644177842535,8.946171226420555,0.005624815696932092,0.022442942523182165,3.347908775340911,False
bar1400,ridge,500,500,14:00,deck period,1088,2020-01-03,0.20028855975514648,0.17089765585328234,0.029390903901864145,17.197956142298747,0.012626607519870079,0.049898590995756185,3.149801593412365,False
bar1400,ridge,2000,500,all bars,common,1487,2018-06-01,0.17967446043812516,0.17407458410685359,0.005599876331271566,3.2169408073002486,-0.002579655926171565,0.014598309256984111,1.3404664957570462,False
bar1400,ridge,2000,500,all bars,deck period,1088,2020-01-03,0.17967723531710755,0.17089765585328234,0.008779579463825196,5.1373317088460055,-0.0017959550626933149,0.019354011922138335,1.6435094643685109,False
bar1400,ridge,2000,500,14:00,common,1487,2018-06-01,0.17967446043812516,0.17407458410685359,0.005599876331271566,3.2169408073002486,-0.002579655926171565,0.014598309256984111,1.3404664957570462,False
bar1400,ridge,2000,500,14:00,deck period,1088,2020-01-03,0.17967723531710755,0.17089765585328234,0.008779579463825196,5.1373317088460055,-0.0017959550626933149,0.019354011922138335,1.6435094643685109,False
bar1400,ridge,2000,2000,all bars,common,1487,2018-06-01,0.17967446043812516,0.17288659904285472,0.006787861395270426,3.9261929107575693,-0.0010453055286092864,0.015663074257487537,1.7055025970069,False
bar1400,ridge,2000,2000,all bars,deck period,1088,2020-01-03,0.17967723531710755,0.1709124056480789,0.008764829669028638,5.12825832378491,-0.0006370188090708367,0.01925895351249281,1.757108909243809,False
bar1400,ridge,2000,2000,14:00,common,1487,2018-06-01,0.17967446043812516,0.17288659904285472,0.006787861395270426,3.9261929107575693,-0.0010453055286092864,0.015663074257487537,1.7055025970069,False
bar1400,ridge,2000,2000,14:00,deck period,1088,2020-01-03,0.17967723531710755,0.1709124056480789,0.008764829669028638,5.12825832378491,-0.0006370188090708367,0.01925895351249281,1.757108909243809,False
bar1430,reclasso,500,500,all bars,common,2979,2012-06-20,0.2051468140983015,0.2748392571420022,-0.06969244304370073,-25.357528530828652,-0.08945826950106439,-0.05195648293852794,-7.236227047320583,True
bar1430,reclasso,500,500,all bars,deck period,1087,2020-01-03,0.2247963766764214,0.3120807187724751,-0.08728434209605372,-27.968514825066475,-0.13431441203504293,-0.04924052951499014,-3.9593161771207037,True
bar1430,reclasso,500,500,14:30,common,2979,2012-06-20,0.2051468140983015,0.2748392571420022,-0.06969244304370073,-25.357528530828652,-0.08945826950106439,-0.05195648293852794,-7.236227047320583,True
bar1430,reclasso,500,500,14:30,deck period,1087,2020-01-03,0.2247963766764214,0.3120807187724751,-0.08728434209605372,-27.968514825066475,-0.13431441203504293,-0.04924052951499014,-3.9593161771207037,True
bar1430,reclasso,2000,500,all bars,common,1479,2018-06-11,0.2191927715214932,0.29525191975236936,-0.07605914823087623,-25.76076331516075,-0.11014877698808298,-0.04686161120733943,-4.530537343592762,True
bar1430,reclasso,2000,500,all bars,deck period,1087,2020-01-03,0.22836160473919156,0.3120807187724751,-0.08371911403328353,-26.826109079273046,-0.12869235585484184,-0.04630533686040053,-3.8012063668373717,True
bar1430,reclasso,2000,500,14:30,common,1479,2018-06-11,0.2191927715214932,0.29525191975236936,-0.07605914823087623,-25.76076331516075,-0.11014877698808298,-0.04686161120733943,-4.530537343592762,True
bar1430,reclasso,2000,500,14:30,deck period,1087,2020-01-03,0.22836160473919156,0.3120807187724751,-0.08371911403328353,-26.826109079273046,-0.12869235585484184,-0.04630533686040053,-3.8012063668373717,True
bar1430,reclasso,2000,2000,all bars,common,1479,2018-06-11,0.2191927715214932,0.2741323371895277,-0.05493956566803447,-20.041256800014345,-0.08221137016634036,-0.03181599812914291,-4.165315958134329,True
bar1430,reclasso,2000,2000,all bars,deck period,1087,2020-01-03,0.22836160473919156,0.29270787128729087,-0.06434626654809933,-21.983100852434504,-0.10266519644500721,-0.03381595651252591,-3.6829885356637986,True
bar1430,reclasso,2000,2000,14:30,common,1479,2018-06-11,0.2191927715214932,0.2741323371895277,-0.05493956566803447,-20.041256800014345,-0.08221137016634036,-0.03181599812914291,-4.165315958134329,True
bar1430,reclasso,2000,2000,14:30,deck period,1087,2020-01-03,0.22836160473919156,0.29270787128729087,-0.06434626654809933,-21.983100852434504,-0.10266519644500721,-0.03381595651252591,-3.6829885356637986,True
bar1430,reclasticnet,500,500,all bars,common,2979,2012-06-20,0.20598982749253528,0.27457188074126804,-0.0685820532487328,-24.977813847354017,-0.08830350666124491,-0.0507532713243797,-7.1934884587730075,True
bar1430,reclasticnet,500,500,all bars,deck period,1087,2020-01-03,0.22606129025611796,0.31290611576014604,-0.0868448255040281,-27.754275525441578,-0.13215056603940017,-0.04748219442412452,-4.006839187273131,True
bar1430,reclasticnet,500,500,14:30,common,2979,2012-06-20,0.20598982749253528,0.27457188074126804,-0.0685820532487328,-24.977813847354017,-0.08830350666124491,-0.0507532713243797,-7.1934884587730075,True
bar1430,reclasticnet,500,500,14:30,deck period,1087,2020-01-03,0.22606129025611796,0.31290611576014604,-0.0868448255040281,-27.754275525441578,-0.13215056603940017,-0.04748219442412452,-4.006839187273131,True
bar1430,reclasticnet,2000,500,all bars,common,1479,2018-06-11,0.21434934087572394,0.2934236384436152,-0.07907429756789122,-26.948850470029967,-0.11035576082502142,-0.05229435623869939,-4.8969593021518145,True
bar1430,reclasticnet,2000,500,all bars,deck period,1087,2020-01-03,0.2227681158167356,0.31290611576014604,-0.09013799994341042,-28.80672361562421,-0.13306266056915395,-0.05340736445089896,-4.198585983257525,True
bar1430,reclasticnet,2000,500,14:30,common,1479,2018-06-11,0.21434934087572394,0.2934236384436152,-0.07907429756789122,-26.948850470029967,-0.11035576082502142,-0.05229435623869939,-4.8969593021518145,True
bar1430,reclasticnet,2000,500,14:30,deck period,1087,2020-01-03,0.2227681158167356,0.31290611576014604,-0.09013799994341042,-28.80672361562421,-0.13306266056915395,-0.05340736445089896,-4.198585983257525,True
bar1430,reclasticnet,2000,2000,all bars,common,1479,2018-06-11,0.21434934087572394,0.2750810972964455,-0.060731756420721546,-22.077764345716933,-0.08738276311180987,-0.03747595959277124,-4.5590728180785005,True
bar1430,reclasticnet,2000,2000,all bars,deck period,1087,2020-01-03,0.2227681158167356,0.2921951730596477,-0.0694270572429121,-23.760507922127616,-0.10628810351812737,-0.04075604128522988,-3.9560074170444133,True
bar1430,reclasticnet,2000,2000,14:30,common,1479,2018-06-11,0.21434934087572394,0.2750810972964455,-0.060731756420721546,-22.077764345716933,-0.08738276311180987,-0.03747595959277124,-4.5590728180785005,True
bar1430,reclasticnet,2000,2000,14:30,deck period,1087,2020-01-03,0.2227681158167356,0.2921951730596477,-0.0694270572429121,-23.760507922127616,-0.10628810351812737,-0.04075604128522988,-3.9560074170444133,True
bar1430,ridge,500,500,all bars,common,2979,2012-06-20,0.21896564542109373,0.2673322133928496,-0.04836656797175587,-18.092308202558556,-0.06620423433782978,-0.031259168736028055,-5.568144187565807,True
bar1430,ridge,500,500,all bars,deck period,1087,2020-01-03,0.23873751355106002,0.30048221211491566,-0.0617446985638557,-20.54853700965241,-0.10243888965294692,-0.026749424111610277,-3.181418478437676,True
bar1430,ridge,500,500,14:30,common,2979,2012-06-20,0.21896564542109373,0.2673322133928496,-0.04836656797175587,-18.092308202558556,-0.06620423433782978,-0.031259168736028055,-5.568144187565807,True
bar1430,ridge,500,500,14:30,deck period,1087,2020-01-03,0.23873751355106002,0.30048221211491566,-0.0617446985638557,-20.54853700965241,-0.10243888965294692,-0.026749424111610277,-3.181418478437676,True
bar1430,ridge,2000,500,all bars,common,1479,2018-06-11,0.2147556497608007,0.2859906019012908,-0.07123495214049008,-24.908144416954205,-0.10042561867668262,-0.046148514372698894,-4.809273001138983,True
bar1430,ridge,2000,500,all bars,deck period,1087,2020-01-03,0.22132570716781055,0.30048221211491566,-0.07915650494710516,-26.343158348698775,-0.1187373952214812,-0.04529356773370998,-4.050340651087443,True
bar1430,ridge,2000,500,14:30,common,1479,2018-06-11,0.2147556497608007,0.2859906019012908,-0.07123495214049008,-24.908144416954205,-0.10042561867668262,-0.046148514372698894,-4.809273001138983,True
bar1430,ridge,2000,500,14:30,deck period,1087,2020-01-03,0.22132570716781055,0.30048221211491566,-0.07915650494710516,-26.343158348698775,-0.1187373952214812,-0.04529356773370998,-4.050340651087443,True
bar1430,ridge,2000,2000,all bars,common,1479,2018-06-11,0.2147556497608007,0.2672603540128659,-0.05250470425206522,-19.645526717194144,-0.07686430650164074,-0.031803271364298745,-4.485105911440384,True
bar1430,ridge,2000,2000,all bars,deck period,1087,2020-01-03,0.22132570716781055,0.2831474947231746,-0.061821787555363994,-21.83377522580782,-0.09333675691653326,-0.03576665416591232,-4.042508619609371,True
bar1430,ridge,2000,2000,14:30,common,1479,2018-06-11,0.2147556497608007,0.2672603540128659,-0.05250470425206522,-19.645526717194144,-0.07686430650164074,-0.031803271364298745,-4.485105911440384,True
bar1430,ridge,2000,2000,14:30,deck period,1087,2020-01-03,0.22132570716781055,0.2831474947231746,-0.061821787555363994,-21.83377522580782,-0.09333675691653326,-0.03576665416591232,-4.042508619609371,True
bar1500,reclasso,500,500,all bars,common,2977,2012-06-21,0.15465280969556602,0.1626988521096907,-0.008046042414124684,-4.945359054346668,-0.014788399850015696,-0.00018541368189822698,-2.3671389236575866,True
bar1500,reclasso,500,500,all bars,deck period,1087,2020-01-03,0.16985761635814697,0.1882987075549931,-0.01844109119684611,-9.793530415741353,-0.03032980552095425,-0.006867480182342304,-3.0852268660565065,True
bar1500,reclasso,500,500,15:00,common,2977,2012-06-21,0.15465280969556602,0.1626988521096907,-0.008046042414124684,-4.945359054346668,-0.014788399850015696,-0.00018541368189822698,-2.3671389236575866,True
bar1500,reclasso,500,500,15:00,deck period,1087,2020-01-03,0.16985761635814697,0.1882987075549931,-0.01844109119684611,-9.793530415741353,-0.03032980552095425,-0.006867480182342304,-3.0852268660565065,True
bar1500,reclasso,2000,500,all bars,common,1477,2018-06-13,0.2065609115431269,0.20637153134215444,0.00018938020097243572,0.09176663066886494,-0.006124683823224964,0.006340886635535477,0.05468903370251189,False
bar1500,reclasso,2000,500,all bars,deck period,1087,2020-01-03,0.1893360676471224,0.1882987075549931,0.0010373600921292996,0.5509119555833043,-0.00684029175284054,0.009102358610715289,0.24773264026052694,False
bar1500,reclasso,2000,500,15:00,common,1477,2018-06-13,0.2065609115431269,0.20637153134215444,0.00018938020097243572,0.09176663066886494,-0.006124683823224964,0.006340886635535477,0.05468903370251189,False
bar1500,reclasso,2000,500,15:00,deck period,1087,2020-01-03,0.1893360676471224,0.1882987075549931,0.0010373600921292996,0.5509119555833043,-0.00684029175284054,0.009102358610715289,0.24773264026052694,False
bar1500,reclasso,2000,2000,all bars,common,1477,2018-06-13,0.2065609115431269,0.20807120674537277,-0.0015102952022459095,-0.7258549733381101,-0.008958107712143063,0.006182142132194314,-0.3727890401928612,False
bar1500,reclasso,2000,2000,all bars,deck period,1087,2020-01-03,0.1893360676471224,0.19250810547641195,-0.003172037829289571,-1.6477424789151236,-0.012381660534392441,0.007186992780263711,-0.675969773921697,False
bar1500,reclasso,2000,2000,15:00,common,1477,2018-06-13,0.2065609115431269,0.20807120674537277,-0.0015102952022459095,-0.7258549733381101,-0.008958107712143063,0.006182142132194314,-0.3727890401928612,False
bar1500,reclasso,2000,2000,15:00,deck period,1087,2020-01-03,0.1893360676471224,0.19250810547641195,-0.003172037829289571,-1.6477424789151236,-0.012381660534392441,0.007186992780263711,-0.675969773921697,False
bar1500,reclasticnet,500,500,all bars,common,2977,2012-06-21,0.15979252086866552,0.16217544406404089,-0.002382923195375334,-1.4693489566980003,-0.010514657195450906,0.006355532809439314,-0.5988233945536747,False
bar1500,reclasticnet,500,500,all bars,deck period,1087,2020-01-03,0.17830690796082044,0.18856125891517989,-0.010254350954359453,-5.438206667347371,-0.023462793934949818,0.0025434838010389127,-1.543348378715266,False
bar1500,reclasticnet,500,500,15:00,common,2977,2012-06-21,0.15979252086866552,0.16217544406404089,-0.002382923195375334,-1.4693489566980003,-0.010514657195450906,0.006355532809439314,-0.5988233945536747,False
bar1500,reclasticnet,500,500,15:00,deck period,1087,2020-01-03,0.17830690796082044,0.18856125891517989,-0.010254350954359453,-5.438206667347371,-0.023462793934949818,0.0025434838010389127,-1.543348378715266,False
bar1500,reclasticnet,2000,500,all bars,common,1477,2018-06-13,0.20078681302864237,0.20621867666602373,-0.005431863637381344,-2.634030886629334,-0.012095703218200407,0.0010527762697128094,-1.6328478332137413,False
bar1500,reclasticnet,2000,500,all bars,deck period,1087,2020-01-03,0.18241257707451278,0.18856125891517989,-0.00614868184066711,-3.2608404695860456,-0.01401951580239627,0.0023031637196040816,-1.5551953425728169,False
bar1500,reclasticnet,2000,500,15:00,common,1477,2018-06-13,0.20078681302864237,0.20621867666602373,-0.005431863637381344,-2.634030886629334,-0.012095703218200407,0.0010527762697128094,-1.6328478332137413,False
bar1500,reclasticnet,2000,500,15:00,deck period,1087,2020-01-03,0.18241257707451278,0.18856125891517989,-0.00614868184066711,-3.2608404695860456,-0.01401951580239627,0.0023031637196040816,-1.5551953425728169,False
bar1500,reclasticnet,2000,2000,all bars,common,1477,2018-06-13,0.20078681302864237,0.20643277158251078,-0.0056459585538684125,-2.7350107788538476,-0.01342886341453805,0.0027379094769684606,-1.398751183964921,False
bar1500,reclasticnet,2000,2000,all bars,deck period,1087,2020-01-03,0.18241257707451278,0.189782943605138,-0.007370366530625208,-3.883576885581445,-0.016421126131151834,0.00313009399351894,-1.5627004871065533,False
bar1500,reclasticnet,2000,2000,15:00,common,1477,2018-06-13,0.20078681302864237,0.20643277158251078,-0.0056459585538684125,-2.7350107788538476,-0.01342886341453805,0.0027379094769684606,-1.398751183964921,False
bar1500,reclasticnet,2000,2000,15:00,deck period,1087,2020-01-03,0.18241257707451278,0.189782943605138,-0.007370366530625208,-3.883576885581445,-0.016421126131151834,0.00313009399351894,-1.5627004871065533,False
bar1500,ridge,500,500,all bars,common,2977,2012-06-21,0.16067626045487665,0.16033458094962333,0.00034167950525333034,0.2131040622862794,-0.006563392968041922,0.0072599556998727026,0.10095061580674222,False
bar1500,ridge,500,500,all bars,deck period,1087,2020-01-03,0.18246079591413708,0.1862609054061807,-0.00380010949204365,-2.0402077847504927,-0.016929473966489167,0.009260679994585783,-0.5960151659110938,False
bar1500,ridge,500,500,15:00,common,2977,2012-06-21,0.16067626045487665,0.16033458094962333,0.00034167950525333034,0.2131040622862794,-0.006563392968041922,0.0072599556998727026,0.10095061580674222,False
bar1500,ridge,500,500,15:00,deck period,1087,2020-01-03,0.18246079591413708,0.1862609054061807,-0.00380010949204365,-2.0402077847504927,-0.016929473966489167,0.009260679994585783,-0.5960151659110938,False
bar1500,ridge,2000,500,all bars,common,1477,2018-06-13,0.20551806428801128,0.20434682169020307,0.0011712425978082494,0.5731640884456203,-0.009127265942124894,0.01257203421936071,0.20708445960695313,False
bar1500,ridge,2000,500,all bars,deck period,1087,2020-01-03,0.18891114089763184,0.1862609054061807,0.0026502354914511124,1.4228619181635147,-0.00962585204499737,0.016889529283171487,0.3814030185333673,False
bar1500,ridge,2000,500,15:00,common,1477,2018-06-13,0.20551806428801128,0.20434682169020307,0.0011712425978082494,0.5731640884456203,-0.009127265942124894,0.01257203421936071,0.20708445960695313,False
bar1500,ridge,2000,500,15:00,deck period,1087,2020-01-03,0.18891114089763184,0.1862609054061807,0.0026502354914511124,1.4228619181635147,-0.00962585204499737,0.016889529283171487,0.3814030185333673,False
bar1500,ridge,2000,2000,all bars,common,1477,2018-06-13,0.20551806428801128,0.20303173778076758,0.002486326507243703,1.224599924337161,-0.011401719626544899,0.0199957492339705,0.3093250353423616,False
bar1500,ridge,2000,2000,all bars,deck period,1087,2020-01-03,0.18891114089763184,0.18612190846682652,0.0027892324308053384,1.4986051098344921,-0.014210863182325244,0.025398881184318354,0.26910567223984844,False
bar1500,ridge,2000,2000,15:00,common,1477,2018-06-13,0.20551806428801128,0.20303173778076758,0.002486326507243703,1.224599924337161,-0.011401719626544899,0.0199957492339705,0.3093250353423616,False
bar1500,ridge,2000,2000,15:00,deck period,1087,2020-01-03,0.18891114089763184,0.18612190846682652,0.0027892324308053384,1.4986051098344921,-0.014210863182325244,0.025398881184318354,0.26910567223984844,False
bar1530,reclasso,500,500,all bars,common,2975,2012-06-25,0.11892865734899405,0.1212490368628123,-0.002320379513818234,-1.9137302644668728,-0.006737017535538722,0.002055373626895227,-1.0842589168686168,False
bar1530,reclasso,500,500,all bars,deck period,1087,2020-01-03,0.12643950600966516,0.12053048019345297,0.005909025816212214,4.902515784163601,-0.002940572372249362,0.013706773403758025,1.4700834365924074,False
bar1530,reclasso,500,500,15:30,common,2975,2012-06-25,0.11892865734899405,0.1212490368628123,-0.002320379513818234,-1.9137302644668728,-0.006737017535538722,0.002055373626895227,-1.0842589168686168,False
bar1530,reclasso,500,500,15:30,deck period,1087,2020-01-03,0.12643950600966516,0.12053048019345297,0.005909025816212214,4.902515784163601,-0.002940572372249362,0.013706773403758025,1.4700834365924074,False
bar1530,reclasso,2000,500,all bars,common,1475,2018-06-15,0.12618006136655502,0.1262659689405974,-8.590757404238638e-05,-0.06803699742945157,-0.007073326512615673,0.007467672138380991,-0.025058981270644157,False
bar1530,reclasso,2000,500,all bars,deck period,1087,2020-01-03,0.12263188796737377,0.12053048019345297,0.0021014077739208224,1.7434658607084579,-0.006811103123997615,0.01135064887371368,0.5050374151302445,False
bar1530,reclasso,2000,500,15:30,common,1475,2018-06-15,0.12618006136655502,0.1262659689405974,-8.590757404238638e-05,-0.06803699742945157,-0.007073326512615673,0.007467672138380991,-0.025058981270644157,False
bar1530,reclasso,2000,500,15:30,deck period,1087,2020-01-03,0.12263188796737377,0.12053048019345297,0.0021014077739208224,1.7434658607084579,-0.006811103123997615,0.01135064887371368,0.5050374151302445,False
bar1530,reclasso,2000,2000,all bars,common,1475,2018-06-15,0.12618006136655502,0.12640895953118617,-0.0002288981646311123,-0.1810774849188132,-0.00654904405023642,0.006714695531824005,-0.07267105899000208,False
bar1530,reclasso,2000,2000,all bars,deck period,1087,2020-01-03,0.12263188796737377,0.12042548944964612,0.0022063985177276607,1.8321690265167898,-0.005548240025736181,0.011225982848172545,0.5862147913527048,False
bar1530,reclasso,2000,2000,15:30,common,1475,2018-06-15,0.12618006136655502,0.12640895953118617,-0.0002288981646311123,-0.1810774849188132,-0.00654904405023642,0.006714695531824005,-0.07267105899000208,False
bar1530,reclasso,2000,2000,15:30,deck period,1087,2020-01-03,0.12263188796737377,0.12042548944964612,0.0022063985177276607,1.8321690265167898,-0.005548240025736181,0.011225982848172545,0.5862147913527048,False
bar1530,reclasticnet,500,500,all bars,common,2975,2012-06-25,0.12168163822651648,0.12077240762179918,0.0009092306047172838,0.7528463020829681,-0.004288984909118712,0.006036142384414042,0.35853779648564965,False
bar1530,reclasticnet,500,500,all bars,deck period,1087,2020-01-03,0.1318974652626453,0.11939973914426918,0.012497726118376141,10.46713016958546,0.0024077843911067946,0.022498076851829186,2.6004070502252725,False
bar1530,reclasticnet,500,500,15:30,common,2975,2012-06-25,0.12168163822651648,0.12077240762179918,0.0009092306047172838,0.7528463020829681,-0.004288984909118712,0.006036142384414042,0.35853779648564965,False
bar1530,reclasticnet,500,500,15:30,deck period,1087,2020-01-03,0.1318974652626453,0.11939973914426918,0.012497726118376141,10.46713016958546,0.0024077843911067946,0.022498076851829186,2.6004070502252725,False
bar1530,reclasticnet,2000,500,all bars,common,1475,2018-06-15,0.12417697062847229,0.12545926395488288,-0.0012822933264105903,-1.022079427208917,-0.00716494601565354,0.005048694167537379,-0.4187820182489556,False
bar1530,reclasticnet,2000,500,all bars,deck period,1087,2020-01-03,0.1192816387444594,0.11939973914426918,-0.0001181003998098117,-0.09891177372432322,-0.007474416046125079,0.007292043344048423,-0.03400552157554438,False
bar1530,reclasticnet,2000,500,15:30,common,1475,2018-06-15,0.12417697062847229,0.12545926395488288,-0.0012822933264105903,-1.022079427208917,-0.00716494601565354,0.005048694167537379,-0.4187820182489556,False
bar1530,reclasticnet,2000,500,15:30,deck period,1087,2020-01-03,0.1192816387444594,0.11939973914426918,-0.0001181003998098117,-0.09891177372432322,-0.007474416046125079,0.007292043344048423,-0.03400552157554438,False
bar1530,reclasticnet,2000,2000,all bars,common,1475,2018-06-15,0.12417697062847229,0.12609970760825737,-0.0019227369797850885,-1.5247751293431089,-0.007159273166391543,0.0035715021871067145,-0.7073128589261243,False
bar1530,reclasticnet,2000,2000,all bars,deck period,1087,2020-01-03,0.1192816387444594,0.12041956365195458,-0.0011379249074951866,-0.9449668085362777,-0.007419002668928573,0.005085843708996708,-0.37856970881894,False
bar1530,reclasticnet,2000,2000,15:30,common,1475,2018-06-15,0.12417697062847229,0.12609970760825737,-0.0019227369797850885,-1.5247751293431089,-0.007159273166391543,0.0035715021871067145,-0.7073128589261243,False
bar1530,reclasticnet,2000,2000,15:30,deck period,1087,2020-01-03,0.1192816387444594,0.12041956365195458,-0.0011379249074951866,-0.9449668085362777,-0.007419002668928573,0.005085843708996708,-0.37856970881894,False
bar1530,ridge,500,500,all bars,common,2975,2012-06-25,0.12611230298853535,0.11906544771448103,0.007046855274054341,5.918472075083194,0.0009307770921600996,0.013256891348204927,2.3924044915628366,False
bar1530,ridge,500,500,all bars,deck period,1087,2020-01-03,0.1346618322335962,0.11914289748260472,0.01551893475099147,13.025480392784043,0.002252995280041827,0.029837257039444787,2.5612915961971545,False
bar1530,ridge,500,500,15:30,common,2975,2012-06-25,0.12611230298853535,0.11906544771448103,0.007046855274054341,5.918472075083194,0.0009307770921600996,0.013256891348204927,2.3924044915628366,False
bar1530,ridge,500,500,15:30,deck period,1087,2020-01-03,0.1346618322335962,0.11914289748260472,0.01551893475099147,13.025480392784043,0.002252995280041827,0.029837257039444787,2.5612915961971545,False
bar1530,ridge,2000,500,all bars,common,1475,2018-06-15,0.13234287083026947,0.12459400579739811,0.007748865032871335,6.2192919982617285,-0.004378911857078734,0.022921566730154445,1.177973813428246,False
bar1530,ridge,2000,500,all bars,deck period,1087,2020-01-03,0.13097870478353266,0.11914289748260472,0.011835807300927937,9.934127464590162,-0.004649826766613345,0.03393784258470258,1.403368777280923,False
bar1530,ridge,2000,500,15:30,common,1475,2018-06-15,0.13234287083026947,0.12459400579739811,0.007748865032871335,6.2192919982617285,-0.004378911857078734,0.022921566730154445,1.177973813428246,False
bar1530,ridge,2000,500,15:30,deck period,1087,2020-01-03,0.13097870478353266,0.11914289748260472,0.011835807300927937,9.934127464590162,-0.004649826766613345,0.03393784258470258,1.403368777280923,False
bar1530,ridge,2000,2000,all bars,common,1475,2018-06-15,0.13234287083026947,0.12383188108199882,0.008510989748270626,6.873019834556847,-0.0032737421632293984,0.024096790873858735,1.3018857279779985,False
bar1530,ridge,2000,2000,all bars,deck period,1087,2020-01-03,0.13097870478353266,0.1177514283705891,0.013227276412943571,11.233219499736753,-0.0022425131988215675,0.034665285281211065,1.5775919873512478,False
bar1530,ridge,2000,2000,15:30,common,1475,2018-06-15,0.13234287083026947,0.12383188108199882,0.008510989748270626,6.873019834556847,-0.0032737421632293984,0.024096790873858735,1.3018857279779985,False
bar1530,ridge,2000,2000,15:30,deck period,1087,2020-01-03,0.13097870478353266,0.1177514283705891,0.013227276412943571,11.233219499736753,-0.0022425131988215675,0.034665285281211065,1.5775919873512478,False
bar1600,reclasso,500,500,all bars,common,2969,2012-07-03,0.11804759061669381,0.1201652032885478,-0.002117612671853988,-1.7622511458404901,-0.0063127054634124005,0.0022169752352284313,-1.0010547495854676,False
bar1600,reclasso,500,500,all bars,deck period,1087,2020-01-03,0.10623190219865877,0.11258841813505095,-0.006356515936392183,-5.645799134301254,-0.01403683301622996,-5.1408814596148666e-05,-2.0302179694836626,True
bar1600,reclasso,500,500,16:00,common,2969,2012-07-03,0.11804759061669381,0.1201652032885478,-0.002117612671853988,-1.7622511458404901,-0.0063127054634124005,0.0022169752352284313,-1.0010547495854676,False
bar1600,reclasso,500,500,16:00,deck period,1087,2020-01-03,0.10623190219865877,0.11258841813505095,-0.006356515936392183,-5.645799134301254,-0.01403683301622996,-5.1408814596148666e-05,-2.0302179694836626,True
bar1600,reclasso,2000,500,all bars,common,1469,2018-06-25,0.11680027412220913,0.12456086509923259,-0.00776059097702346,-6.230360531649256,-0.013128522719747179,-0.002215044480763243,-2.8205443645962056,True
bar1600,reclasso,2000,500,all bars,deck period,1087,2020-01-03,0.10361102468674246,0.11258841813505095,-0.008977393448308491,-7.973638494094496,-0.015121590293478598,-0.0037239685919850988,-3.325846775146539,True
bar1600,reclasso,2000,500,16:00,common,1469,2018-06-25,0.11680027412220913,0.12456086509923259,-0.00776059097702346,-6.230360531649256,-0.013128522719747179,-0.002215044480763243,-2.8205443645962056,True
bar1600,reclasso,2000,500,16:00,deck period,1087,2020-01-03,0.10361102468674246,0.11258841813505095,-0.008977393448308491,-7.973638494094496,-0.015121590293478598,-0.0037239685919850988,-3.325846775146539,True
bar1600,reclasso,2000,2000,all bars,common,1469,2018-06-25,0.11680027412220913,0.12422216430816636,-0.007421890185957258,-5.974690770598128,-0.011649343239036046,-0.0033229412317245122,-3.284618696779168,True
bar1600,reclasso,2000,2000,all bars,deck period,1087,2020-01-03,0.10361102468674246,0.11085874818565411,-0.0072477234989116405,-6.537800234559699,-0.01180713034805122,-0.0031037641905813165,-3.166813607396663,True
bar1600,reclasso,2000,2000,16:00,common,1469,2018-06-25,0.11680027412220913,0.12422216430816636,-0.007421890185957258,-5.974690770598128,-0.011649343239036046,-0.0033229412317245122,-3.284618696779168,True
bar1600,reclasso,2000,2000,16:00,deck period,1087,2020-01-03,0.10361102468674246,0.11085874818565411,-0.0072477234989116405,-6.537800234559699,-0.01180713034805122,-0.0031037641905813165,-3.166813607396663,True
bar1600,reclasticnet,500,500,all bars,common,2969,2012-07-03,0.11681583402491667,0.11946772493392895,-0.0026518909090122436,-2.219755093251218,-0.007432356403759394,0.0024867981053616635,-1.1100268205005819,False
bar1600,reclasticnet,500,500,all bars,deck period,1087,2020-01-03,0.10788200256106885,0.11083667922998088,-0.0029546766689120254,-2.665793209828319,-0.010753128108545703,0.006453993947922179,-0.713332454809378,False
bar1600,reclasticnet,500,500,16:00,common,2969,2012-07-03,0.11681583402491667,0.11946772493392895,-0.0026518909090122436,-2.219755093251218,-0.007432356403759394,0.0024867981053616635,-1.1100268205005819,False
bar1600,reclasticnet,500,500,16:00,deck period,1087,2020-01-03,0.10788200256106885,0.11083667922998088,-0.0029546766689120254,-2.665793209828319,-0.010753128108545703,0.006453993947922179,-0.713332454809378,False
bar1600,reclasticnet,2000,500,all bars,common,1469,2018-06-25,0.11431277882236707,0.12333741837542139,-0.009024639553054345,-7.317032958793281,-0.014154794681332333,-0.004158980666631618,-3.367535840399994,True
bar1600,reclasticnet,2000,500,all bars,deck period,1087,2020-01-03,0.1031118459916462,0.11083667922998088,-0.007724833238334663,-6.96956394940884,-0.013898861598501693,-0.0018532968670154635,-2.587722713353138,True
bar1600,reclasticnet,2000,500,16:00,common,1469,2018-06-25,0.11431277882236707,0.12333741837542139,-0.009024639553054345,-7.317032958793281,-0.014154794681332333,-0.004158980666631618,-3.367535840399994,True
bar1600,reclasticnet,2000,500,16:00,deck period,1087,2020-01-03,0.1031118459916462,0.11083667922998088,-0.007724833238334663,-6.96956394940884,-0.013898861598501693,-0.0018532968670154635,-2.587722713353138,True
bar1600,reclasticnet,2000,2000,all bars,common,1469,2018-06-25,0.11431277882236707,0.12363711438004003,-0.009324335557672982,-7.54169620055311,-0.014988927703966272,-0.003956872151209606,-3.512917337844581,True
bar1600,reclasticnet,2000,2000,all bars,deck period,1087,2020-01-03,0.1031118459916462,0.10948903655594118,-0.006377190564294966,-5.824501488819542,-0.012260814041624315,-0.00030421781614576606,-2.258677078303855,True
bar1600,reclasticnet,2000,2000,16:00,common,1469,2018-06-25,0.11431277882236707,0.12363711438004003,-0.009324335557672982,-7.54169620055311,-0.014988927703966272,-0.003956872151209606,-3.512917337844581,True
bar1600,reclasticnet,2000,2000,16:00,deck period,1087,2020-01-03,0.1031118459916462,0.10948903655594118,-0.006377190564294966,-5.824501488819542,-0.012260814041624315,-0.00030421781614576606,-2.258677078303855,True
bar1600,ridge,500,500,all bars,common,2969,2012-07-03,0.1285347774395199,0.1194125730941386,0.009122204345381323,7.639232711441413,0.0026595811867228254,0.01533172805801938,2.948764116016593,False
bar1600,ridge,500,500,all bars,deck period,1087,2020-01-03,0.11965622237230156,0.11192663245941536,0.007729589912886163,6.905943422973004,-0.0036214764340197314,0.02088721998649824,1.2714881176898565,False
bar1600,ridge,500,500,16:00,common,2969,2012-07-03,0.1285347774395199,0.1194125730941386,0.009122204345381323,7.639232711441413,0.0026595811867228254,0.01533172805801938,2.948764116016593,False
bar1600,ridge,500,500,16:00,deck period,1087,2020-01-03,0.11965622237230156,0.11192663245941536,0.007729589912886163,6.905943422973004,-0.0036214764340197314,0.02088721998649824,1.2714881176898565,False
bar1600,ridge,2000,500,all bars,common,1469,2018-06-25,0.12042653096506058,0.12371415270896723,-0.003287621743906635,-2.6574338278342644,-0.012696819261402134,0.007776564435966932,-0.6712969324943673,False
bar1600,ridge,2000,500,all bars,deck period,1087,2020-01-03,0.10865321355574313,0.11192663245941536,-0.003273418903672237,-2.924611266991509,-0.013776826795350638,0.009950040431107338,-0.5902502013466284,False
bar1600,ridge,2000,500,16:00,common,1469,2018-06-25,0.12042653096506058,0.12371415270896723,-0.003287621743906635,-2.6574338278342644,-0.012696819261402134,0.007776564435966932,-0.6712969324943673,False
bar1600,ridge,2000,500,16:00,deck period,1087,2020-01-03,0.10865321355574313,0.11192663245941536,-0.003273418903672237,-2.924611266991509,-0.013776826795350638,0.009950040431107338,-0.5902502013466284,False
bar1600,ridge,2000,2000,all bars,common,1469,2018-06-25,0.12042653096506058,0.1251366367486453,-0.00471010578358473,-3.7639702536081785,-0.014358741247003919,0.007011541229502349,-0.9418070095111859,False
bar1600,ridge,2000,2000,all bars,deck period,1087,2020-01-03,0.10865321355574313,0.11195604919143289,-0.0033028356356897526,-2.9501180682450276,-0.013687392400095701,0.010372768350840767,-0.5733786186040544,False
bar1600,ridge,2000,2000,16:00,common,1469,2018-06-25,0.12042653096506058,0.1251366367486453,-0.00471010578358473,-3.7639702536081785,-0.014358741247003919,0.007011541229502349,-0.9418070095111859,False
bar1600,ridge,2000,2000,16:00,deck period,1087,2020-01-03,0.10865321355574313,0.11195604919143289,-0.0033028356356897526,-2.9501180682450276,-0.013687392400095701,0.010372768350840767,-0.5733786186040544,False
blk_close,reclasso,500,500,all bars,common,9069,2006-04-10,0.11522918166102497,0.11806985429006553,-0.00284067262904057,-2.4059254126475076,-0.005991624771736581,0.00028418771658524094,-1.8435243536613397,False
blk_close,reclasso,500,500,all bars,deck period,2174,2020-01-03,0.11699339161092015,0.11655944916425195,0.00043394244666819314,0.37229280833053263,-0.005890845619323102,0.0060030743392356055,0.15147240671861398,False
blk_close,reclasso,500,500,15:30,common,4535,2006-04-10,0.11979350776256593,0.12025677660671277,-0.0004632688441468294,-0.38523304650173834,-0.0035999134775710822,0.002618742120508909,-0.29419802225375274,False
blk_close,reclasso,500,500,15:30,deck period,1087,2020-01-03,0.12461310686362295,0.12053048019345297,0.004082626670169984,3.3872151372974835,-0.004230018006845046,0.011844778429807194,1.0108776604333443,False
blk_close,reclasso,500,500,16:00,common,4534,2006-04-10,0.11066384887088641,0.1158824496350159,-0.00521860076412948,-4.503357307828768,-0.009875170964611886,-2.911069577746392e-06,-2.1381820201396446,True
blk_close,reclasso,500,500,16:00,deck period,1087,2020-01-03,0.10937367635821736,0.11258841813505095,-0.0032147417768335997,-2.8553041512471418,-0.01164795980765656,0.003914623103710992,-0.8916867031886558,False
blk_close,reclasso,2000,500,all bars,common,6069,2012-03-29,0.11481270898779766,0.1206699546178566,-0.005857245630058916,-4.853938702975337,-0.009313755926812746,-0.0023344848564569413,-3.4992707901863036,True
blk_close,reclasso,2000,500,all bars,deck period,2174,2020-01-03,0.11390621182505146,0.11655944916425195,-0.002653237339200484,-2.2762953653475355,-0.00913115386790585,0.003632166211002637,-0.9409060036225656,False
blk_close,reclasso,2000,500,15:30,common,3034,2012-03-30,0.11928320446136942,0.12174945996220347,-0.0024662555008340423,-2.0256808544363807,-0.006850878644343497,0.0022280024551540392,-1.096407951283711,False
blk_close,reclasso,2000,500,15:30,deck period,1087,2020-01-03,0.12483531120962424,0.12053048019345297,0.00430483101617126,3.5715704519404143,-0.004936851398482426,0.013972611103082679,0.9211578642038956,False
blk_close,reclasso,2000,500,16:00,common,3035,2012-03-29,0.11034368649461258,0.11959080495896088,-0.009247118464348296,-7.732298873246621,-0.013734248740872574,-0.004411211244484805,-3.9133339138540264,True
blk_close,reclasso,2000,500,16:00,deck period,1087,2020-01-03,0.10297711244047873,0.11258841813505095,-0.009611305694572227,-8.536673535144057,-0.017044508920810275,-0.003703389037352655,-3.124359431986396,True
blk_close,reclasso,2000,2000,all bars,common,6069,2012-03-29,0.11481270898779766,0.11988002820935197,-0.005067319221554305,-4.22699201630568,-0.008384039687077967,-0.0015919959502634637,-3.1590088676509893,True
blk_close,reclasso,2000,2000,all bars,deck period,2174,2020-01-03,0.11390621182505146,0.11564211881765012,-0.0017359069925986387,-1.5011027213500798,-0.007266088568606222,0.004051104249876935,-0.6617916434022305,False
blk_close,reclasso,2000,2000,15:30,common,3034,2012-03-30,0.11928320446136942,0.12037412831949416,-0.001090923858124732,-0.9062776805570942,-0.00535431131081418,0.003274682501436578,-0.5182833090704246,False
blk_close,reclasso,2000,2000,15:30,deck period,1087,2020-01-03,0.12483531120962424,0.12042548944964612,0.0044098217599781,3.6618674170487737,-0.0038797147954735276,0.013560095323668446,1.0038691078466453,False
blk_close,reclasso,2000,2000,16:00,common,3035,2012-03-29,0.11034368649461258,0.11938609089990505,-0.009042404405292468,-7.574085337021165,-0.01349167102298002,-0.004057256622149705,-3.8288003731095785,True
blk_close,reclasso,2000,2000,16:00,deck period,1087,2020-01-03,0.10297711244047873,0.11085874818565411,-0.007881635745175376,-7.10962001120207,-0.013626559372681209,-0.002783979875853817,-2.95395083089924,True
blk_close,reclasticnet,500,500,all bars,common,9069,2006-04-10,0.11483540115835103,0.11775534793173106,-0.002919946773380038,-2.4796723245834102,-0.005856074308079187,-0.0001281483956081203,-2.082900917098835,True
blk_close,reclasticnet,500,500,all bars,deck period,2174,2020-01-03,0.11739251306931904,0.11511820918712504,0.002274303882193989,1.9756247932046096,-0.004049759077156716,0.00864837688255091,0.7635343068976099,False
blk_close,reclasticnet,500,500,15:30,common,4535,2006-04-10,0.11929626639167677,0.11988163300132207,-0.0005853666096452768,-0.4882871504084544,-0.0041517167697236925,0.0029294174192208027,-0.33892104392868555,False
blk_close,reclasticnet,500,500,15:30,deck period,1087,2020-01-03,0.12653474384771476,0.11939973914426918,0.00713500470344558,5.9757288873340375,-0.0014017234778487717,0.01517252886554688,1.781228491963399,False
blk_close,reclasticnet,500,500,16:00,common,4534,2006-04-10,0.11037355205532229,0.11562859389763419,-0.005255041842311918,-4.544759790959837,-0.0092776632354127,-0.0013361927748008525,-2.657697082254265,True
blk_close,reclasticnet,500,500,16:00,deck period,1087,2020-01-03,0.10825028229092327,0.11083667922998088,-0.002586396939057604,-2.333520777621777,-0.010157587855613739,0.005351763707765369,-0.691691679571786,False
blk_close,reclasticnet,2000,500,all bars,common,6069,2012-03-29,0.11521309316475906,0.12013637848761105,-0.004923285322851992,-4.098080352371952,-0.008110248245207357,-0.001513249298085045,-3.134223450218489,True
blk_close,reclasticnet,2000,500,all bars,deck period,2174,2020-01-03,0.11413670240219036,0.11511820918712504,-0.0009815067849346802,-0.8526077602017225,-0.00714167702095385,0.005739378925032731,-0.33746621338952343,False
blk_close,reclasticnet,2000,500,15:30,common,3034,2012-03-30,0.1193359569540214,0.12131936072170885,-0.0019834037676874305,-1.6348617037614517,-0.006738520062875182,0.003161773662569714,-0.8311367623792,False
blk_close,reclasticnet,2000,500,15:30,deck period,1087,2020-01-03,0.12581835714476886,0.11939973914426918,0.0064186180004996395,5.375738713083875,-0.0036727850977480094,0.0173803353491555,1.2772346015682072,False
blk_close,reclasticnet,2000,500,16:00,common,3035,2012-03-29,0.11109158781496602,0.11895378603349159,-0.00786219821852556,-6.609456059105129,-0.011633958768099613,-0.004030322779215513,-3.9722498608073282,True
blk_close,reclasticnet,2000,500,16:00,deck period,1087,2020-01-03,0.10245504765961187,0.11083667922998088,-0.008381631570368999,-7.562146059047393,-0.01401201671267422,-0.0029169062571927393,-2.9157922004284327,True
blk_close,reclasticnet,2000,2000,all bars,common,6069,2012-03-29,0.11521309316475906,0.11980378128180307,-0.004590688117043999,-3.831839085484088,-0.00763216550067655,-0.0012130867591635854,-3.022977655920172,True
blk_close,reclasticnet,2000,2000,all bars,deck period,2174,2020-01-03,0.11413670240219036,0.11495430010394787,-0.0008175977017575206,-0.7112371620880686,-0.006855282452539539,0.005950123725526151,-0.2807795059399684,False
blk_close,reclasticnet,2000,2000,15:30,common,3034,2012-03-30,0.1193359569540214,0.12028118015400782,-0.0009452231999864228,-0.7858446340284995,-0.005329930848964144,0.003864338249534226,-0.41489842616939926,False
blk_close,reclasticnet,2000,2000,15:30,deck period,1087,2020-01-03,0.12581835714476886,0.12041956365195458,0.005398793492814262,4.483319262323728,-0.0036839885707142224,0.016411164509836703,1.0912423054698714,False
blk_close,reclasticnet,2000,2000,16:00,common,3035,2012-03-29,0.11109158781496602,0.11932653970741454,-0.008234951892448508,-6.901190558814818,-0.011875748704477463,-0.004619474620311011,-4.281936711753263,True
blk_close,reclasticnet,2000,2000,16:00,deck period,1087,2020-01-03,0.10245504765961187,0.10948903655594118,-0.007033988896329302,-6.424377378401196,-0.012973149424809776,-0.0011665637513537262,-2.4453001735690463,True
blk_close,ridge,500,500,all bars,common,9069,2006-04-10,0.11885327956648196,0.11651920938831667,0.0023340701781652735,2.003163418648556,-0.0013374554682357433,0.006275395874155707,1.2379854250533626,False
blk_close,ridge,500,500,all bars,deck period,2174,2020-01-03,0.12319077761139056,0.11553476497101006,0.0076560126403805015,6.626587800045765,-0.0017669848058260525,0.017732537093382808,1.8455419156203667,False
blk_close,ridge,500,500,15:30,common,4535,2006-04-10,0.12272095521163476,0.11749544944966608,0.005225505761968693,4.447411186087891,0.0011526397866892452,0.009428492181882523,2.683603223207617,False
blk_close,ridge,500,500,15:30,deck period,1087,2020-01-03,0.1325889506984353,0.11914289748260472,0.013446053215830577,11.28565235522642,0.0010556416745812992,0.027149343599917945,2.4017902021824487,False
blk_close,ridge,500,500,16:00,common,4534,2006-04-10,0.11498475088303074,0.11554275401155897,-0.0005580031285282643,-0.482940824201266,-0.005713523402681183,0.005420154940957289,-0.19152682138914387,False
blk_close,ridge,500,500,16:00,deck period,1087,2020-01-03,0.11379260452434582,0.11192663245941536,0.0018659720649304296,1.6671385745542122,-0.006724337688752286,0.011326870094187716,0.3980849787219078,False
blk_close,ridge,2000,500,all bars,common,6069,2012-03-29,0.11644664809376179,0.1192930743862988,-0.0028464262925370115,-2.3860784099834826,-0.007015808767868212,0.0018945383320251006,-1.386738435247381,False
blk_close,ridge,2000,500,all bars,deck period,2174,2020-01-03,0.11588265179210218,0.11553476497101006,0.00034788682109213596,0.30111007814784374,-0.007818671281650062,0.008738574363989633,0.11305149656784604,False
blk_close,ridge,2000,500,15:30,common,3034,2012-03-30,0.11774433926499066,0.11963003737436376,-0.0018856981093731072,-1.5762747807827777,-0.006806019927334589,0.0032576344849778614,-0.804477416691044,False
blk_close,ridge,2000,500,15:30,deck period,1087,2020-01-03,0.12573300522358824,0.11914289748260472,0.006590107740983515,5.531263617242223,-0.003895950481704389,0.017870701775849887,1.4314802235409831,False
blk_close,ridge,2000,500,16:00,common,3035,2012-03-29,0.11514938449787764,0.11895622242393006,-0.0038068379260524266,-3.2002007532534225,-0.009793403409393917,0.0029756404542057896,-1.134515653980405,False
blk_close,ridge,2000,500,16:00,deck period,1087,2020-01-03,0.10603229836061613,0.11192663245941536,-0.005894334098799242,-5.266248049530597,-0.014049139547469558,0.003670578233254625,-1.4852634291618787,False
blk_close,ridge,2000,2000,all bars,common,6069,2012-03-29,0.11644664809376179,0.11858363723476827,-0.00213698914100648,-1.8020944464502586,-0.006012819817623505,0.0023145849459586757,-1.0743625392605447,False
blk_close,ridge,2000,2000,all bars,deck period,2174,2020-01-03,0.11588265179210218,0.11485373878101099,0.001028913011091197,0.8958463364026852,-0.006348411246341186,0.009309327316175228,0.34323186885743107,False
blk_close,ridge,2000,2000,15:30,common,3034,2012-03-30,0.11774433926499066,0.1174816370133478,0.0002627022516428716,0.22361133052055143,-0.004145617444508073,0.004757804837362315,0.12399806520332599,False
blk_close,ridge,2000,2000,15:30,deck period,1087,2020-01-03,0.12573300522358824,0.1177514283705891,0.00798157685299915,6.7783269922462495,-0.0008693961610548306,0.017460534421484257,1.932571464127165,False
blk_close,ridge,2000,2000,16:00,common,3035,2012-03-29,0.11514938449787764,0.11968527435891645,-0.004535889861038814,-3.789847903457552,-0.010476093663351347,0.0026205793971753716,-1.3544506053193048,False
blk_close,ridge,2000,2000,16:00,deck period,1087,2020-01-03,0.10603229836061613,0.11195604919143289,-0.005923750830816756,-5.291139579861179,-0.014030408965359781,0.003950961820252109,-1.4478954777861492,False
blk_core,reclasso,500,500,all bars,common,40156,2001-10-11,0.12391664713885207,0.13081604609026168,-0.006899398951409622,-5.274122829434174,-0.008750312985885671,-0.006073533565043963,-11.739323479384664,True
blk_core,reclasso,500,500,all bars,deck period,7756,2020-01-03,0.14093831696838718,0.14949474234250845,-0.008556425374121292,-5.72356274210474,-0.013363170670887999,-0.006597671271015255,-5.04007943967484,True
blk_core,reclasso,500,500,11:00,common,5797,2001-10-11,0.10758481176965037,0.11272452379193035,-0.005139712022279964,-4.559533142732072,-0.007129122691968951,-0.0031911900981057896,-4.973332176162821,True
blk_core,reclasso,500,500,11:00,deck period,1116,2020-01-03,0.1300070330502012,0.13790862410125182,-0.007901591051050604,-5.729584427765225,-0.014145909082639439,-0.001990313511035073,-2.4156421393616685,True
blk_core,reclasso,500,500,11:30,common,5799,2001-10-11,0.11228106882490094,0.11913616297555209,-0.006855094150651129,-5.753999440168189,-0.009249279971740104,-0.00458518961819947,-6.0049907298853675,True
blk_core,reclasso,500,500,11:30,deck period,1116,2020-01-03,0.12444046567897604,0.13777054998787056,-0.013330084308894487,-9.675568770007873,-0.018714788862317932,-0.007961471509017258,-4.835814959313112,True
blk_core,reclasso,500,500,12:00,common,5738,2001-10-11,0.11599198105869872,0.1242037740752788,-0.008211793016580078,-6.611548705116628,-0.010763753898885228,-0.0057027775782180195,-6.231411657179539,True
blk_core,reclasso,500,500,12:00,deck period,1116,2020-01-03,0.11778240807373337,0.13323175477486102,-0.015449346701127646,-11.595844194377243,-0.02032840928787074,-0.010333633891508655,-5.663426645425726,True
blk_core,reclasso,500,500,12:30,common,5738,2001-10-11,0.12994949325284158,0.13801340929226766,-0.008063916039426074,-5.842849677272528,-0.010666962295357397,-0.005397651487278941,-6.020184598198581,True
blk_core,reclasso,500,500,12:30,deck period,1116,2020-01-03,0.12387189641709646,0.13822573680264733,-0.014353840385550855,-10.384347168316884,-0.019870188830618606,-0.008927879214468295,-5.041015936863999,True
blk_core,reclasso,500,500,13:00,common,5738,2001-10-11,0.133026139487821,0.13957653812222554,-0.0065503986344045625,-4.6930513699003304,-0.009363848134592618,-0.0038919765450257907,-4.840571094996314,True
blk_core,reclasso,500,500,13:00,deck period,1116,2020-01-03,0.15791398230260711,0.16612794999521796,-0.008213967692610832,-4.944362277899218,-0.016846551411667663,-0.00013813900561098971,-1.8324740606693628,True
blk_core,reclasso,500,500,13:30,common,5677,2001-10-11,0.13915423457703452,0.1454062515906107,-0.006252017013576173,-4.299689281021176,-0.008651277196606017,-0.003631387260238413,-4.845129766421056,True
blk_core,reclasso,500,500,13:30,deck period,1088,2020-01-03,0.16779356098151355,0.16696839813860898,0.0008251628429045674,0.49420300613985507,-0.005224275777338401,0.007007956510419243,0.2455108433941382,False
blk_core,reclasso,500,500,14:00,common,5669,2001-10-11,0.12995502785128246,0.13719365127805497,-0.007238623426772505,-5.276208745331622,-0.010325579786437545,-0.004068145659183398,-4.604710023324094,True
blk_core,reclasso,500,500,14:00,deck period,1088,2020-01-03,0.16606302887471197,0.16711056374546499,-0.0010475348707530286,-0.6268513774799928,-0.010176384993799279,0.010315184577406607,-0.2017705339254748,False
blk_core,reclasso,2000,500,all bars,common,29656,2007-09-19,0.1256819546511409,0.13417295783526426,-0.008491003184123345,-6.328401282282593,-0.010337838124564158,-0.006881733536669527,-11.779438788539542,True
blk_core,reclasso,2000,500,all bars,deck period,7756,2020-01-03,0.14137487960994694,0.14949474234250845,-0.008119862732561515,-5.431537327217863,-0.01216834656796799,-0.005394818673560097,-4.862201296162035,True
blk_core,reclasso,2000,500,11:00,common,4282,2007-09-20,0.10979507805808016,0.11628764037256167,-0.006492562314481496,-5.583192068977118,-0.009454850588360054,-0.003618895038214515,-4.470232403168871,True
blk_core,reclasso,2000,500,11:00,deck period,1116,2020-01-03,0.1317103157943832,0.13790862410125182,-0.006198308306868613,-4.494503768174677,-0.012426277877659325,0.0005810832613773267,-1.9303581341117406,False
blk_core,reclasso,2000,500,11:30,common,4282,2007-09-20,0.11439812634622397,0.12261558331942841,-0.008217456973204463,-6.70180473863342,-0.010754899110463276,-0.005680131572849893,-6.4004405839268115,True
blk_core,reclasso,2000,500,11:30,deck period,1116,2020-01-03,0.12629408486909272,0.13777054998787056,-0.01147646511877782,-8.330129421555057,-0.017325228120489804,-0.005985542051362101,-4.491837715724885,True
blk_core,reclasso,2000,500,12:00,common,4243,2007-09-20,0.11551181731985267,0.12512038464972403,-0.009608567329871327,-7.679457953051074,-0.012802987318693419,-0.006667992320114943,-6.063106810057475,True
blk_core,reclasso,2000,500,12:00,deck period,1116,2020-01-03,0.12003045674181896,0.13323175477486102,-0.013201298033042059,-9.908522225313332,-0.018645342001390012,-0.00799926296330539,-5.380140006516135,True
blk_core,reclasso,2000,500,12:30,common,4244,2007-09-19,0.12453106236081225,0.13371653358167931,-0.00918547122086705,-6.869360859744545,-0.012788037222905356,-0.005990297333799457,-5.534373249979878,True
blk_core,reclasso,2000,500,12:30,deck period,1116,2020-01-03,0.13149410110331647,0.13822573680264733,-0.006731635699330849,-4.870030614444823,-0.013364859890290674,-0.00038493616322969273,-2.1742842359580674,True
blk_core,reclasso,2000,500,13:00,common,4244,2007-09-19,0.14325354234418072,0.1485334987466624,-0.005279956402481704,-3.554724319452783,-0.009311292991040889,-0.0003985858537609661,-2.313208709250893,True
blk_core,reclasso,2000,500,13:00,deck period,1116,2020-01-03,0.16266578932792117,0.16612794999521796,-0.0034621606672967952,-2.084032619072501,-0.013902427866229621,0.01218194735250809,-0.48013662200745183,False
blk_core,reclasso,2000,500,13:30,common,4183,2007-09-19,0.14300215057217502,0.15185848876519575,-0.008856338193020709,-5.8319678175610035,-0.011658752175845714,-0.006010423910423867,-5.834202768355301,True
blk_core,reclasso,2000,500,13:30,deck period,1088,2020-01-03,0.16086556624286694,0.16696839813860898,-0.0061028318957420105,-3.6550820177814356,-0.01319190339137714,0.00027689889366738654,-1.741888564942825,False
blk_core,reclasso,2000,500,14:00,common,4178,2007-09-19,0.12983634436942826,0.14171149974591196,-0.011875155376483686,-8.379810670112011,-0.015163806917207482,-0.008641555717505358,-7.396150684195721,True
blk_core,reclasso,2000,500,14:00,deck period,1088,2020-01-03,0.15745633418836297,0.16711056374546499,-0.009654229557102018,-5.777150971620735,-0.01601606458382585,-0.0032374742758117495,-3.269515009111209,True
blk_core,reclasso,2000,2000,all bars,common,29195,2007-12-21,0.12606448008090015,0.1338145585132858,-0.007750078432385674,-5.791655645313217,-0.010037812596634364,-0.006571898695008541,-11.19164947362354,True
blk_core,reclasso,2000,2000,all bars,deck period,7756,2020-01-03,0.14137487960994694,0.15149423118292732,-0.010119351572980379,-6.679694331569229,-0.014890695998540484,-0.007654550612668193,-5.834522789639769,True
blk_core,reclasso,2000,2000,11:00,common,4216,2007-12-21,0.11015356107589357,0.11529149268379968,-0.005137931607906125,-4.456470714623757,-0.00785981875817342,-0.002281683522580495,-3.5659696389577213,True
blk_core,reclasso,2000,2000,11:00,deck period,1116,2020-01-03,0.1317103157943832,0.1376528513316501,-0.0059425355372668956,-4.317045001087127,-0.011929953809244588,0.001076471355739481,-1.8983741072305096,False
blk_core,reclasso,2000,2000,11:30,common,4216,2007-12-21,0.11456214032244713,0.12256636073806847,-0.008004220415621346,-6.530519766942282,-0.010762889493032647,-0.0052745331284900585,-6.18552981971103,True
blk_core,reclasso,2000,2000,11:30,deck period,1116,2020-01-03,0.12629408486909272,0.14053954886891692,-0.014245463999824215,-10.136267061104022,-0.01907632811491418,-0.00958514816951723,-6.085908449277794,True
blk_core,reclasso,2000,2000,12:00,common,4178,2007-12-21,0.11576706920100796,0.12488122501922369,-0.009114155818215754,-7.298259459588709,-0.011458860588769302,-0.006753711210679201,-7.567155252904623,True
blk_core,reclasso,2000,2000,12:00,deck period,1116,2020-01-03,0.12003045674181896,0.13239067407702212,-0.012360217335203151,-9.33616919875507,-0.017130874987520785,-0.007493379631144955,-5.229759796441115,True
blk_core,reclasso,2000,2000,12:30,common,4178,2007-12-21,0.1252357479428807,0.13322970198570847,-0.007993954042827765,-6.000129043060739,-0.010631869293745114,-0.005232067254860077,-5.867772563671917,True
blk_core,reclasso,2000,2000,12:30,deck period,1116,2020-01-03,0.13149410110331647,0.14326293714579477,-0.011768836042478307,-8.214850453960388,-0.017636390672307507,-0.005877613390942939,-4.285850848045727,True
blk_core,reclasso,2000,2000,13:00,common,4178,2007-12-21,0.14328179018113302,0.14854787244131143,-0.005266082260178437,-3.545040513629013,-0.009277348384888126,-0.0004803357205632809,-2.2288175936955557,True
blk_core,reclasso,2000,2000,13:00,deck period,1116,2020-01-03,0.16266578932792117,0.16789156584040654,-0.005225776512485392,-3.112590252123137,-0.01651996062282626,0.011489152349978103,-0.664752441466389,False
blk_core,reclasso,2000,2000,13:30,common,4117,2007-12-21,0.14338559651022043,0.15012336946503219,-0.006737772954811755,-4.488157292779899,-0.009774641855645387,-0.0037056682969671497,-4.446856450069437,True
blk_core,reclasso,2000,2000,13:30,deck period,1088,2020-01-03,0.16086556624286694,0.16728792590210653,-0.006422359659239565,-3.8391053177369168,-0.014031669037926426,0.000475379242470626,-1.857257704053198,False
blk_core,reclasso,2000,2000,14:00,common,4112,2007-12-21,0.1306399583244059,0.14271132042676063,-0.012071362102354726,-8.458587634293345,-0.015288710960849444,-0.008993729615823872,-7.663360880412043,True
blk_core,reclasso,2000,2000,14:00,deck period,1088,2020-01-03,0.15745633418836297,0.1723537292710498,-0.01489739508268683,-8.643500286122988,-0.02181422002430782,-0.00809405217255446,-4.665466177310756,True
blk_core,reclasticnet,500,500,all bars,common,40156,2001-10-11,0.12378895873852575,0.13038110011797802,-0.006592141379452289,-5.0560559571036405,-0.008498383490180554,-0.005785992574561251,-10.964080690586437,True
blk_core,reclasticnet,500,500,all bars,deck period,7756,2020-01-03,0.14185548295824357,0.14941576311942317,-0.007560280161179602,-5.0598946211163245,-0.01271532520258091,-0.005265077188218707,-4.101659699500499,True
blk_core,reclasticnet,500,500,11:00,common,5797,2001-10-11,0.10717881683371243,0.11252016188207123,-0.005341345048358805,-4.747011521327971,-0.007583953982603486,-0.0030135609882488254,-4.6247211679510665,True
blk_core,reclasticnet,500,500,11:00,deck period,1116,2020-01-03,0.13004299437057354,0.13714645527591782,-0.007103460905344298,-5.179471019541274,-0.014759732254296136,0.0014413780633957779,-1.7201008127006054,False
blk_core,reclasticnet,500,500,11:30,common,5799,2001-10-11,0.11262625662866331,0.1188551194913717,-0.006228862862708395,-5.240719027808121,-0.008714711977019665,-0.0037813106833574426,-5.190589479201055,True
blk_core,reclasticnet,500,500,11:30,deck period,1116,2020-01-03,0.12570223602830666,0.13815507605278105,-0.01245284002447439,-9.013668104179452,-0.018300602703099886,-0.006626369812728572,-4.181274874469953,True
blk_core,reclasticnet,500,500,12:00,common,5738,2001-10-11,0.1160238150257288,0.12337243058522471,-0.007348615559495901,-5.956448717624587,-0.009844802748601039,-0.004672009442765152,-5.580486777373437,True
blk_core,reclasticnet,500,500,12:00,deck period,1116,2020-01-03,0.11764682077991954,0.13169424475707103,-0.014047423977151472,-10.666695422464334,-0.01921475599016599,-0.008676718151841288,-4.666899168810363,True
blk_core,reclasticnet,500,500,12:30,common,5738,2001-10-11,0.12995761730877978,0.1371774125860125,-0.007219795277232712,-5.263107927994911,-0.009997846821181579,-0.004563499618611032,-5.274881800213268,True
blk_core,reclasticnet,500,500,12:30,deck period,1116,2020-01-03,0.12638536337742956,0.13848248627645995,-0.012097122899030375,-8.735489392413308,-0.017676602086677762,-0.006331733746850247,-4.073809490333999,True
blk_core,reclasticnet,500,500,13:00,common,5738,2001-10-11,0.13309618375049442,0.13912789870287104,-0.006031714952376577,-4.335374147537605,-0.008771803153841944,-0.0032805044775071454,-4.366599494207656,True
blk_core,reclasticnet,500,500,13:00,deck period,1116,2020-01-03,0.15984166574110764,0.16543352573388473,-0.005591859992777108,-3.380125018777716,-0.013536050654501882,0.002852884431155568,-1.2189831528835224,False
blk_core,reclasticnet,500,500,13:30,common,5677,2001-10-11,0.13831240144683526,0.1450349111262153,-0.006722509679380031,-4.635097596281373,-0.009172437456788389,-0.004021677651568907,-5.16382616550501,True
blk_core,reclasticnet,500,500,13:30,deck period,1088,2020-01-03,0.16766532842949913,0.16671856635340981,0.0009467620760893224,0.5678804087616596,-0.005623808567352565,0.008372873603412195,0.2637325184689007,False
blk_core,reclasticnet,500,500,14:00,common,5669,2001-10-11,0.12984429345919185,0.13712280237070676,-0.007278508911514924,-5.308022287815944,-0.010444867817448649,-0.003958553084493304,-4.4997263753068255,True
blk_core,reclasticnet,500,500,14:00,deck period,1088,2020-01-03,0.16698194382446155,0.16921075647653722,-0.002228812652075665,-1.3171814242108848,-0.012123141809536374,0.009954377960217135,-0.39282084640614945,False
blk_core,reclasticnet,2000,500,all bars,common,29656,2007-09-19,0.1260929391600519,0.13389294444478694,-0.007800005284735034,-5.825553629490537,-0.009679885624784368,-0.006230706969785235,-10.601540234463945,True
blk_core,reclasticnet,2000,500,all bars,deck period,7756,2020-01-03,0.14296516129433914,0.14941576311942317,-0.006450601825084042,-4.317216396993057,-0.010767683275040678,-0.003347696992041686,-3.500097074943036,True
blk_core,reclasticnet,2000,500,11:00,common,4282,2007-09-20,0.10912805265750078,0.11609859690013297,-0.006970544242632176,-6.003986636141847,-0.009624821606379987,-0.004193516078844103,-5.180325504412979,True
blk_core,reclasticnet,2000,500,11:00,deck period,1116,2020-01-03,0.13272794136873825,0.13714645527591782,-0.004418513907179586,-3.22174853027751,-0.010578629386515125,0.002260779459380127,-1.3885112103934216,False
blk_core,reclasticnet,2000,500,11:30,common,4282,2007-09-20,0.11487300928222899,0.1225507411228755,-0.0076777318406465265,-6.264941174813825,-0.010204181354533388,-0.005158547773481699,-6.084657834388007,True
blk_core,reclasticnet,2000,500,11:30,deck period,1116,2020-01-03,0.12750198582598732,0.13815507605278105,-0.010653090226793739,-7.710965482530522,-0.016714441029446626,-0.004904206698111487,-3.988431388077076,True
blk_core,reclasticnet,2000,500,12:00,common,4243,2007-09-20,0.11640989664124476,0.12439923658951983,-0.007989339948275062,-6.42233840601248,-0.010957757903512872,-0.005174677342602266,-5.407364963177301,True
blk_core,reclasticnet,2000,500,12:00,deck period,1116,2020-01-03,0.12235002026156534,0.13169424475707103,-0.00934422449550568,-7.09539320624257,-0.014872039762279386,-0.0035209651227942553,-3.6161879197229663,True
blk_core,reclasticnet,2000,500,12:30,common,4244,2007-09-19,0.12505174346105252,0.1329475974862215,-0.007895854025168994,-5.939072367206417,-0.011240529767968358,-0.0047473416678367655,-4.99376732094909,True
blk_core,reclasticnet,2000,500,12:30,deck period,1116,2020-01-03,0.13205648718857496,0.13848248627645995,-0.006425999087884953,-4.640297311716652,-0.012241270985823676,-0.0007251538678906856,-2.28550653530798,True
blk_core,reclasticnet,2000,500,13:00,common,4244,2007-09-19,0.14406151165722952,0.1482931991044105,-0.004231687447180991,-2.853595089146022,-0.008891445811951218,0.0019595683854438115,-1.5411370015346098,False
blk_core,reclasticnet,2000,500,13:00,deck period,1116,2020-01-03,0.16455550885253134,0.16543352573388473,-0.0008780168813533766,-0.5307369697033169,-0.01336311595363243,0.018438995158117314,-0.09636113127249377,False
blk_core,reclasticnet,2000,500,13:30,common,4183,2007-09-19,0.14297126018736594,0.15176547164561707,-0.008794211458251126,-5.7946062189865035,-0.011554814691346765,-0.005931022037324321,-6.081972239246315,True
blk_core,reclasticnet,2000,500,13:30,deck period,1088,2020-01-03,0.16258537414955085,0.16671856635340981,-0.0041331922038589574,-2.479143321744635,-0.010873910519506159,0.0022733113704075237,-1.2337119633095075,False
blk_core,reclasticnet,2000,500,14:00,common,4178,2007-09-19,0.13071972928914175,0.1418348074596668,-0.011115078170525096,-7.836636414996976,-0.01416268831273694,-0.007999621190368744,-7.47347447713699,True
blk_core,reclasticnet,2000,500,14:00,deck period,1088,2020-01-03,0.1598958593576174,0.16921075647653722,-0.009314897118919791,-5.504908383416746,-0.015878538628008313,-0.002696110188025359,-3.069182093177481,True
blk_core,reclasticnet,2000,2000,all bars,common,29195,2007-12-21,0.12650639470641825,0.1335800297838944,-0.007073635077476162,-5.295428582341147,-0.009340431192266109,-0.005952766493966897,-9.672662245735076,True
blk_core,reclasticnet,2000,2000,all bars,deck period,7756,2020-01-03,0.14296516129433914,0.15078004353470095,-0.007814882240361814,-5.182968552839869,-0.012372796592466834,-0.005182492515403464,-3.950693670597646,True
blk_core,reclasticnet,2000,2000,11:00,common,4216,2007-12-21,0.10961900774795524,0.11519840957487425,-0.005579401826919021,-4.84329761800456,-0.008119250685195686,-0.002967947194694205,-4.187445667817144,True
blk_core,reclasticnet,2000,2000,11:00,deck period,1116,2020-01-03,0.13272794136873825,0.13792893133248277,-0.005200989963744553,-3.7707752198901443,-0.010716939940642933,0.001231039417822872,-1.7388409990078668,False
blk_core,reclasticnet,2000,2000,11:30,common,4216,2007-12-21,0.11492530275930017,0.1228773157288073,-0.007952012969507146,-6.471506089095728,-0.010627299395409753,-0.005371457181510981,-6.500813507895835,True
blk_core,reclasticnet,2000,2000,11:30,deck period,1116,2020-01-03,0.12750198582598732,0.14061857512883058,-0.013116589302843278,-9.32777856042578,-0.018485270012523817,-0.008068287957456323,-5.482157743752874,True
blk_core,reclasticnet,2000,2000,12:00,common,4178,2007-12-21,0.11675333939484364,0.12498521375475694,-0.008231874359913285,-6.586278578573043,-0.01066183710738357,-0.005980190326380093,-6.7646253197352495,True
blk_core,reclasticnet,2000,2000,12:00,deck period,1116,2020-01-03,0.12235002026156534,0.13284542518005574,-0.010495404918490412,-7.9004639446674005,-0.01584620944384797,-0.005050006970629458,-3.9755719619695724,True
blk_core,reclasticnet,2000,2000,12:30,common,4178,2007-12-21,0.12578389657443165,0.13240786177274014,-0.006623965198308496,-5.002697807836833,-0.0093671727866931,-0.003755688241343356,-4.74846317890152,True
blk_core,reclasticnet,2000,2000,12:30,deck period,1116,2020-01-03,0.13205648718857496,0.1414104177340318,-0.009353930545456801,-6.614739349013101,-0.01489857021839611,-0.0038550707738764546,-3.59341684815525,True
blk_core,reclasticnet,2000,2000,13:00,common,4178,2007-12-21,0.14421484488148004,0.1479007991577107,-0.0036859542762306984,-2.492180094510689,-0.00848475428332051,0.002493054655631254,-1.2458781983132459,False
blk_core,reclasticnet,2000,2000,13:00,deck period,1116,2020-01-03,0.16455550885253134,0.1656844205673391,-0.0011289117148077568,-0.6813626235599703,-0.014835520729765229,0.020470026373622822,-0.11025305009348813,False
blk_core,reclasticnet,2000,2000,13:30,common,4117,2007-12-21,0.14342364239455313,0.1498888620817872,-0.006465219687234066,-4.313342297379177,-0.009679759036590236,-0.003416727068025318,-4.269566014621498,True
blk_core,reclasticnet,2000,2000,13:30,deck period,1088,2020-01-03,0.16258537414955085,0.16653302486409455,-0.003947650714543676,-2.3704912090351464,-0.011189059465971169,0.002550715617381773,-1.14584916689094,False
blk_core,reclasticnet,2000,2000,14:00,common,4112,2007-12-21,0.13140808628950906,0.14244442072834634,-0.011036334438837237,-7.747817978693926,-0.014216608870097064,-0.00804790657734866,-7.279421275932582,True
blk_core,reclasticnet,2000,2000,14:00,deck period,1088,2020-01-03,0.1598958593576174,0.1713508596938492,-0.011455000336231754,-6.685114015008902,-0.01807220295651089,-0.0048369954400633046,-3.4614182882007745,True
blk_core,ridge,500,500,all bars,common,40156,2001-10-11,0.12404873247940244,0.13014921398104892,-0.006100481501646463,-4.6872979982305205,-0.008196399708977505,-0.005529702032050188,-10.571690823456823,True
blk_core,ridge,500,500,all bars,deck period,7756,2020-01-03,0.14311988073071727,0.14999786890235484,-0.006877988171637565,-4.585390593859021,-0.012372254524988895,-0.004281993494626088,-4.1964771510136325,True
blk_core,ridge,500,500,11:00,common,5797,2001-10-11,0.10826301020012331,0.11236515349822979,-0.004102143298106495,-3.650725487747517,-0.006513844054039943,-0.0017080218046108054,-3.3839828755208616,True
blk_core,ridge,500,500,11:00,deck period,1116,2020-01-03,0.13077085496061921,0.13659428286809033,-0.005823427907471136,-4.26330281560528,-0.012373588961637821,0.0012548087754151351,-1.6304689728030848,False
blk_core,ridge,500,500,11:30,common,5799,2001-10-11,0.11249388593893735,0.11864512491936,-0.006151238980422652,-5.184569517376706,-0.008715500778310646,-0.0036705903565497225,-4.8233053901688345,True
blk_core,ridge,500,500,11:30,deck period,1116,2020-01-03,0.12685764268804947,0.13668687714152175,-0.00982923445347225,-7.191059346022908,-0.015711171014220444,-0.004003975495161928,-3.327778345518255,True
blk_core,ridge,500,500,12:00,common,5738,2001-10-11,0.11657470975196961,0.1242671318983443,-0.007692422146374713,-6.190230698063776,-0.010123524795589464,-0.005363222620667361,-6.4515266360719705,True
blk_core,ridge,500,500,12:00,deck period,1116,2020-01-03,0.11884453008768305,0.1335124659702339,-0.014667935882550812,-10.986192020317393,-0.020746792691066263,-0.008688464727047386,-4.769064688474783,True
blk_core,ridge,500,500,12:30,common,5738,2001-10-11,0.12987423058637387,0.13606468253955822,-0.006190451953184353,-4.549639066981688,-0.008984756421295285,-0.0034608958600663327,-4.408790167042726,True
blk_core,ridge,500,500,12:30,deck period,1116,2020-01-03,0.1289084277139164,0.1389795797733837,-0.0100711520594673,-7.24649770555433,-0.01610105968484268,-0.0034590229715571966,-3.132809869061069,True
blk_core,ridge,500,500,13:00,common,5738,2001-10-11,0.13433791229219239,0.1390441947286547,-0.004706282436462316,-3.3847385326993655,-0.007606159843209461,-0.0018569433350378744,-3.370174914391467,True
blk_core,ridge,500,500,13:00,deck period,1116,2020-01-03,0.16382079665651367,0.16798266316754581,-0.004161866511032157,-2.47755716724238,-0.01266769358151645,0.004747603924044274,-0.9901340014420201,False
blk_core,ridge,500,500,13:30,common,5677,2001-10-11,0.13809292747674792,0.14459443946245842,-0.006501511985710497,-4.4963775992219315,-0.008953795520225988,-0.003953861740920423,-5.205434765812663,True
blk_core,ridge,500,500,13:30,deck period,1088,2020-01-03,0.16670000008681607,0.16626403669366488,0.00043596339315116276,0.26221148110003406,-0.005542839685699974,0.006975283462076152,0.13959388273529175,False
blk_core,ridge,500,500,14:00,common,5669,2001-10-11,0.1292008603057611,0.13660006861180304,-0.007399208306041955,-5.416694428660499,-0.010260695343786522,-0.004611747695903442,-5.36138913007711,True
blk_core,ridge,500,500,14:00,deck period,1088,2020-01-03,0.16713095726270102,0.17089765585328234,-0.0037666985905813353,-2.204066856139379,-0.011798234126977187,0.004889457179266389,-0.93648994289587,False
blk_core,ridge,2000,500,all bars,common,29656,2007-09-19,0.12606435836776295,0.13348669618038234,-0.0074223378126193834,-5.560357717288531,-0.009630187741723858,-0.00580913689175864,-9.073902782883817,True
blk_core,ridge,2000,500,all bars,deck period,7756,2020-01-03,0.14188070575057582,0.14999786890235484,-0.00811716315177903,-5.411518984355116,-0.012821530002783108,-0.004764742375429647,-4.197541607595004,True
blk_core,ridge,2000,500,11:00,common,4282,2007-09-20,0.1094257986315423,0.11542314367877123,-0.005997345047228923,-5.1959640467945105,-0.008830737357310908,-0.0031956247922293453,-4.122276359263494,True
blk_core,ridge,2000,500,11:00,deck period,1116,2020-01-03,0.133380086919841,0.13659428286809033,-0.003214195948249387,-2.35309698236298,-0.009021057050828748,0.0029666008078094567,-1.091409898556853,False
blk_core,ridge,2000,500,11:30,common,4282,2007-09-20,0.11662179480363763,0.12206875007709066,-0.00544695527345301,-4.462202873391485,-0.010222093565536486,0.0021726096173697476,-1.815439638388589,False
blk_core,ridge,2000,500,11:30,deck period,1116,2020-01-03,0.12601333265240008,0.13668687714152175,-0.010673544489121665,-7.808755831088727,-0.01617802085045767,-0.00516736224514153,-4.017815856926625,True
blk_core,ridge,2000,500,12:00,common,4243,2007-09-20,0.11740620638469233,0.12546016168970658,-0.008053955305014257,-6.4195320622443015,-0.010796796163404917,-0.005451812681260764,-5.745490256105142,True
blk_core,ridge,2000,500,12:00,deck period,1116,2020-01-03,0.12174101913692843,0.1335124659702339,-0.01177144683330542,-8.816739881000942,-0.017482599811632808,-0.005915358231423222,-4.3319365125625655,True
blk_core,ridge,2000,500,12:30,common,4244,2007-09-19,0.12368964494863044,0.1317628319257057,-0.008073186977075247,-6.1270593983797355,-0.010876511087796591,-0.005198694491420636,-5.6845407989295795,True
blk_core,ridge,2000,500,12:30,deck period,1116,2020-01-03,0.13073010868072166,0.1389795797733837,-0.00824947109266205,-5.935743298485584,-0.01426118592363169,-0.002113070648154447,-2.749714219273889,True
blk_core,ridge,2000,500,13:00,common,4244,2007-09-19,0.14334379498279057,0.14809092635894697,-0.004747131376156422,-3.2055518139242314,-0.009394994243322677,0.001548101659690049,-1.715268869576489,False
blk_core,ridge,2000,500,13:00,deck period,1116,2020-01-03,0.16248411009858568,0.16798266316754581,-0.005498553068960165,-3.273286043498376,-0.01887303836919866,0.014815053888946796,-0.5883087446465713,False
blk_core,ridge,2000,500,13:30,common,4183,2007-09-19,0.1423737214049734,0.1512208828978427,-0.008847161492869316,-5.850489246809925,-0.011599591916979466,-0.0061563038498504575,-6.125475466604434,True
blk_core,ridge,2000,500,13:30,deck period,1088,2020-01-03,0.16169908594890328,0.16626403669366488,-0.004564950744761642,-2.745603219758455,-0.010763354616300414,0.0014911043053843734,-1.4344686423401083,False
blk_core,ridge,2000,500,14:00,common,4178,2007-09-19,0.13011849862822722,0.14101421816458848,-0.010895719536361259,-7.726681520613781,-0.014419404012461194,-0.007469929712005687,-6.471202746513292,True
blk_core,ridge,2000,500,14:00,deck period,1088,2020-01-03,0.1580193442388962,0.17089765585328234,-0.012878311614386176,-7.535686519563708,-0.021332007955828444,-0.005369057167545105,-3.0014430931184455,True
blk_core,ridge,2000,2000,all bars,common,29195,2007-12-21,0.12646239107951385,0.13254256900935457,-0.006080177929840718,-4.587339731895186,-0.008521169000054755,-0.004826220667920721,-7.895623908990065,True
blk_core,ridge,2000,2000,all bars,deck period,7756,2020-01-03,0.14188070575057582,0.1504811781808099,-0.008600472430234095,-5.715314389617711,-0.013502989004734808,-0.005813058138801162,-4.895549643039893,True
blk_core,ridge,2000,2000,11:00,common,4216,2007-12-21,0.1098787402633238,0.11437869293549886,-0.004499952672175062,-3.934257820827436,-0.0070526346205708025,-0.0017392309923712815,-3.2780116858801955,True
blk_core,ridge,2000,2000,11:00,deck period,1116,2020-01-03,0.133380086919841,0.1362295150706937,-0.0028494281508527203,-2.0916378872625834,-0.00879067297520426,0.003671983928012063,-0.9744514016669171,False
blk_core,ridge,2000,2000,11:30,common,4216,2007-12-21,0.11685338840075875,0.12193276635185554,-0.005079377951096786,-4.165720259671193,-0.009938708941871837,0.001865525221423709,-1.6837305491175536,False
blk_core,ridge,2000,2000,11:30,deck period,1116,2020-01-03,0.12601333265240008,0.13973383084356697,-0.013720498191166868,-9.81902386010376,-0.01892401787501213,-0.008676735273070968,-5.447390295047749,True
blk_core,ridge,2000,2000,12:00,common,4178,2007-12-21,0.11773807313951964,0.12401629401275875,-0.006278220873239121,-5.062416131055505,-0.008999941948016168,-0.003683867619605051,-4.594335055269743,True
blk_core,ridge,2000,2000,12:00,deck period,1116,2020-01-03,0.12174101913692843,0.13224883040878893,-0.0105078112718605,-7.945485218568843,-0.015883806332861933,-0.005109669171696671,-4.0744148089962255,True
blk_core,ridge,2000,2000,12:30,common,4178,2007-12-21,0.12439721743745122,0.1306624434139607,-0.006265225976509465,-4.79497077569579,-0.009045471034333659,-0.0034195613459918357,-4.522381393678589,True
blk_core,ridge,2000,2000,12:30,deck period,1116,2020-01-03,0.13073010868072166,0.1411209055007875,-0.010390796820065886,-7.36304573953283,-0.01645796382114484,-0.0044284817087403274,-3.6983768345639714,True
blk_core,ridge,2000,2000,13:00,common,4178,2007-12-21,0.1433833377316173,0.1481196629851439,-0.004736325253526608,-3.197634370800352,-0.0087766119413688,8.76478553506205e-05,-1.9732315091192498,False
blk_core,ridge,2000,2000,13:00,deck period,1116,2020-01-03,0.16248411009858568,0.16785641145978095,-0.005372301361195267,-3.2005339054221893,-0.01753308365433358,0.011265552261243065,-0.6686992180642359,False
blk_core,ridge,2000,2000,13:30,common,4117,2007-12-21,0.14280770848141247,0.1483714687668772,-0.005563760285464744,-3.7498855620325373,-0.008183973806053393,-0.0029641088461792144,-4.022590786547499,True
blk_core,ridge,2000,2000,13:30,deck period,1088,2020-01-03,0.16169908594890328,0.16617265268449813,-0.004473566735594856,-2.6921197100274643,-0.01068741267234965,0.0014037925252777081,-1.4514300781343528,False
blk_core,ridge,2000,2000,14:00,common,4112,2007-12-21,0.13072244363506294,0.14094215370589067,-0.010219710070827715,-7.250996101672727,-0.013298719877018682,-0.007041483786643448,-6.55102640836318,True
blk_core,ridge,2000,2000,14:00,deck period,1088,2020-01-03,0.1580193442388962,0.1709124056480789,-0.012893061409182734,-7.54366621913361,-0.02013523238452735,-0.006096168543125082,-3.6129824319194705,True
blk_open,reclasso,500,500,all bars,common,9363,2006-03-02,0.11954415302301705,0.12495624752156581,-0.005412094498548759,-4.331191601776215,-0.007846086914428611,-0.0029736756858011457,-4.553887946074118,True
blk_open,reclasso,500,500,all bars,deck period,2232,2020-01-03,0.12483397988251188,0.1341408859368058,-0.009306906054293913,-6.938157586553012,-0.015483396056345777,-0.0030123728203477404,-3.37596472323889,True
blk_open,reclasso,500,500,10:00,common,4681,2006-03-03,0.10024259794534227,0.10882491629040282,-0.008582318345060555,-7.886354189474734,-0.011478899747216493,-0.00580769463972844,-5.81408659164737,True
blk_open,reclasso,500,500,10:00,deck period,1116,2020-01-03,0.1039590569684323,0.11622769915532742,-0.012268642186895122,-10.555695652633743,-0.017710073173735498,-0.006249561595270635,-3.97458639645582,True
blk_open,reclasso,500,500,10:30,common,4682,2006-03-02,0.13884158559853937,0.14108413335947137,-0.0022425477609319885,-1.5895109588391145,-0.0054179321489786,0.0008734370474703654,-1.437781840640959,False
blk_open,reclasso,500,500,10:30,deck period,1116,2020-01-03,0.1457089027965914,0.15205407271828417,-0.006345169921692703,-4.172969397175319,-0.015249483441445966,0.001964395209339166,-1.6461210365995709,False
blk_open,reclasso,2000,500,all bars,common,6363,2011-12-23,0.11803100410500285,0.12749504427836994,-0.009464040173367105,-7.423065129263788,-0.01229623030284555,-0.006300966390123893,-6.280765015161513,True
blk_open,reclasso,2000,500,all bars,deck period,2232,2020-01-03,0.12631557733825424,0.1341408859368058,-0.007825308598551562,-5.833649109964945,-0.013146170686094005,-0.0028297631928891095,-2.9524442133156,True
blk_open,reclasso,2000,500,10:00,common,3181,2011-12-27,0.0998585905212739,0.11354066580939129,-0.01368207528811738,-12.050374366384679,-0.017591119088681408,-0.01014353422656236,-7.328898616178464,True
blk_open,reclasso,2000,500,10:00,deck period,1116,2020-01-03,0.10402006936930658,0.11622769915532742,-0.012207629786020857,-10.503201796764904,-0.018331450854397035,-0.006499897874646599,-4.094700361895101,True
blk_open,reclasso,2000,500,10:30,common,3182,2011-12-23,0.13619770668509137,0.141445037336139,-0.005247330651047614,-3.70980187772691,-0.008921533601071998,-0.0015488030978980634,-2.7625188458902787,True
blk_open,reclasso,2000,500,10:30,deck period,1116,2020-01-03,0.14861108530720188,0.15205407271828417,-0.0034429874110822665,-2.264317784806204,-0.010751704845860603,0.003202902051604625,-0.9642782203291125,False
blk_open,reclasso,2000,2000,all bars,common,6363,2011-12-23,0.11803100410500285,0.12436093661240075,-0.006329932507397923,-5.089968506048328,-0.008947394923650273,-0.0036617416849177606,-4.815779526803662,True
blk_open,reclasso,2000,2000,all bars,deck period,2232,2020-01-03,0.12631557733825424,0.13214865477218554,-0.005833077433931311,-4.414027100001209,-0.01015575718396038,-0.001495223356456336,-2.588978728666222,True
blk_open,reclasso,2000,2000,10:00,common,3181,2011-12-27,0.0998585905212739,0.10944530332930452,-0.009586712808030624,-8.759364281887585,-0.01281617373398133,-0.00647524836057233,-5.927535956835135,True
blk_open,reclasso,2000,2000,10:00,deck period,1116,2020-01-03,0.10402006936930658,0.11308311759745901,-0.00906304822815242,-8.014501563720655,-0.014872561450566894,-0.00359644190297515,-3.311844329325359,True
blk_open,reclasso,2000,2000,10:30,common,3182,2011-12-23,0.13619770668509137,0.13927188239289387,-0.003074175707802505,-2.207319708029853,-0.006211167153732718,0.00021569483162827262,-1.8529676587523898,False
blk_open,reclasso,2000,2000,10:30,deck period,1116,2020-01-03,0.14861108530720188,0.15121419194691207,-0.002603106639710199,-1.7214697947293804,-0.00734362336471674,0.002381352043913872,-0.9397380888255723,False
blk_open,reclasticnet,500,500,all bars,common,9363,2006-03-02,0.1169319805742961,0.12503843072292722,-0.008106450148631135,-6.483166896579361,-0.010487865687556584,-0.0057836007278732745,-6.787801059606632,True
blk_open,reclasticnet,500,500,all bars,deck period,2232,2020-01-03,0.1235085510731086,0.13360183734872244,-0.01009328627561385,-7.554751099169944,-0.01617143027214547,-0.004124740873420475,-3.3680525369232366,True
blk_open,reclasticnet,500,500,10:00,common,4681,2006-03-03,0.09775528406034738,0.10851921290686509,-0.010763928846517718,-9.918915331385321,-0.013742937946543564,-0.00788303067108775,-7.0544887655460755,True
blk_open,reclasticnet,500,500,10:00,deck period,1116,2020-01-03,0.10090750071437221,0.11457769204030185,-0.01367019132592964,-11.930936190546806,-0.020007776991562014,-0.006883548741651438,-3.8887669343357056,True
blk_open,reclasticnet,500,500,10:30,common,4682,2006-03-02,0.13610458125387617,0.1415541202993875,-0.005449539045511296,-3.849791891599835,-0.008568887623605857,-0.0023385355093324487,-3.5030451987794566,True
blk_open,reclasticnet,500,500,10:30,deck period,1116,2020-01-03,0.14610960143184498,0.15262598265714306,-0.006516381225298057,-4.2695097596431975,-0.014710930713998196,0.0013093017960704404,-1.5978771746367162,False
blk_open,reclasticnet,2000,500,all bars,common,6363,2011-12-23,0.11774391622051819,0.1273710253440125,-0.009627109123494336,-7.55831956089917,-0.012359739219598709,-0.006768674049696566,-6.578997630981689,True
blk_open,reclasticnet,2000,500,all bars,deck period,2232,2020-01-03,0.12395339620770784,0.13360183734872244,-0.009648441141014628,-7.221787763165736,-0.01503939137591042,-0.004922317938856467,-3.4258458141507746,True
blk_open,reclasticnet,2000,500,10:00,common,3181,2011-12-27,0.09938278556244257,0.11302928421815638,-0.01364649865571381,-12.073418627844159,-0.01710585723008569,-0.010265946812885262,-7.831688367948753,True
blk_open,reclasticnet,2000,500,10:00,deck period,1116,2020-01-03,0.10079315227445776,0.11457769204030185,-0.013784539765844097,-12.030736106113473,-0.019545691784596957,-0.008644003069077599,-4.642347153886874,True
blk_open,reclasticnet,2000,500,10:30,common,3182,2011-12-23,0.13609927656726192,0.1417082593230661,-0.005608982755804162,-3.9581198601958816,-0.009217223258141356,-0.0018869366156812175,-2.906046375149433,True
blk_open,reclasticnet,2000,500,10:30,deck period,1116,2020-01-03,0.14711364014095787,0.15262598265714306,-0.00551234251618516,-3.6116671750235416,-0.01324024649513966,0.0020723362419642695,-1.3845761622657289,False
blk_open,reclasticnet,2000,2000,all bars,common,6363,2011-12-23,0.11774391622051819,0.12454003443585188,-0.006796118215333664,-5.4569747359707135,-0.009201780084979334,-0.004321665062411065,-5.248428980262987,True
blk_open,reclasticnet,2000,2000,all bars,deck period,2232,2020-01-03,0.12395339620770784,0.1322846909644779,-0.008331294756770066,-6.298003719120643,-0.012625913532186162,-0.004398390828332072,-3.41143122991947,True
blk_open,reclasticnet,2000,2000,10:00,common,3181,2011-12-27,0.09938278556244257,0.10951467684349725,-0.010131891281054684,-9.251628706838753,-0.013221337917693747,-0.0072909959064386,-6.770166199637277,True
blk_open,reclasticnet,2000,2000,10:00,deck period,1116,2020-01-03,0.10079315227445776,0.11306825306398957,-0.012275100789531807,-10.85636370678237,-0.01778153079770417,-0.007256947385456657,-4.447561846570911,True
blk_open,reclasticnet,2000,2000,10:30,common,3182,2011-12-23,0.13609927656726192,0.13956067004279094,-0.003461393475528964,-2.4802069769854644,-0.00659646071611284,-0.00020046606594304004,-2.0060771420280936,True
blk_open,reclasticnet,2000,2000,10:30,deck period,1116,2020-01-03,0.14711364014095787,0.15150112886496622,-0.004387488724008329,-2.896010582151452,-0.009723827462688179,0.001274244386146416,-1.3531181088137492,False
blk_open,ridge,500,500,all bars,common,9363,2006-03-02,0.1194662934467589,0.12474250074408441,-0.005276207297325484,-4.229678951322207,-0.007890148682601995,-0.002512329052245906,-4.101204028466536,True
blk_open,ridge,500,500,all bars,deck period,2232,2020-01-03,0.1299645163408844,0.1351333934156712,-0.005168877074786844,-3.825018334948005,-0.011841411141576514,0.0019706916323438653,-1.7083819893554693,False
blk_open,ridge,500,500,10:00,common,4681,2006-03-03,0.10087140816856291,0.10793218081908293,-0.007060772650520022,-6.541860450642949,-0.010387795383253167,-0.0036054374206666113,-4.15072812199686,True
blk_open,ridge,500,500,10:00,deck period,1116,2020-01-03,0.11099965587343864,0.11685276573198017,-0.005853109858541515,-5.008961338550193,-0.01373164409511108,0.003100754408428466,-1.4060595161399148,False
blk_open,ridge,500,500,10:30,common,4682,2006-03-02,0.13805720715612146,0.14154923025474905,-0.003492023098627573,-2.467002534978754,-0.006555216379047313,-0.00027860396933657015,-2.153363522963724,True
blk_open,ridge,500,500,10:30,deck period,1116,2020-01-03,0.14892937680833013,0.1534140210993623,-0.004484644291032175,-2.923229740603427,-0.011964537347737,0.003150633742646486,-1.1927050635399632,False
blk_open,ridge,2000,500,all bars,common,6363,2011-12-23,0.11761877791216722,0.12757432181545114,-0.009955543903283886,-7.803720812786732,-0.013239354830750012,-0.006454564170771355,-5.776139348326322,True
blk_open,ridge,2000,500,all bars,deck period,2232,2020-01-03,0.12554291178928692,0.1351333934156712,-0.009590481626384314,-7.097047875415908,-0.015378306735002177,-0.003381549504484322,-3.2252553386263134,True
blk_open,ridge,2000,500,10:00,common,3181,2011-12-27,0.10005840911250266,0.1133465437259099,-0.013288134613407245,-11.723458145790563,-0.017466639147812924,-0.009071017468670076,-6.1710739587753505,True
blk_open,ridge,2000,500,10:00,deck period,1116,2020-01-03,0.10425959548302154,0.11685276573198017,-0.012593170248958611,-10.776955230861192,-0.019029838282071596,-0.006144131200474063,-3.5703536230666644,True
blk_open,ridge,2000,500,10:30,common,3182,2011-12-23,0.13517362805413238,0.14179762857309747,-0.006624000518965094,-4.671446614179718,-0.010661195956974899,-0.0024837175150889935,-3.044908657267529,True
blk_open,ridge,2000,500,10:30,deck period,1116,2020-01-03,0.14682622809555226,0.1534140210993623,-0.006587793003810017,-4.294127066484538,-0.014853275562179294,0.0019142764611859817,-1.5831059574117774,False
blk_open,ridge,2000,2000,all bars,common,6363,2011-12-23,0.11761877791216722,0.12419398479211076,-0.006575206879943508,-5.294303819101864,-0.009518037792946219,-0.003459938876030114,-4.221882914054898,True
blk_open,ridge,2000,2000,all bars,deck period,2232,2020-01-03,0.12554291178928692,0.1323280983729214,-0.006785186583634493,-5.127547865543091,-0.011847805199353101,-0.0016252253012725266,-2.5873094462140998,True
blk_open,ridge,2000,2000,10:00,common,3181,2011-12-27,0.10005840911250266,0.10852553754331393,-0.008467128430811268,-7.801968663303722,-0.01223602650962167,-0.0048528739675743,-4.516425766745714,True
blk_open,ridge,2000,2000,10:00,deck period,1116,2020-01-03,0.10425959548302154,0.11262047986410252,-0.008360884381080968,-7.423946684626032,-0.014431865165089151,-0.0018983073283794605,-2.543307019098078,True
blk_open,ridge,2000,2000,10:30,common,3182,2011-12-23,0.13517362805413238,0.1398575079531487,-0.0046838798990163095,-3.349037150429834,-0.008523205929522427,-0.0009056683001824894,-2.291051324973898,True
blk_open,ridge,2000,2000,10:30,deck period,1116,2020-01-03,0.14682622809555226,0.1520357168817403,-0.005209488786188021,-3.426490099191743,-0.010967353396093933,0.0014146001865240918,-1.492564102215967,False
blk_release,reclasso,500,500,all bars,common,9081,2006-04-04,0.1702516757796776,0.2064611212126588,-0.03620944543298119,-17.538142397127054,-0.04453239022576245,-0.028933929513074472,-8.917061947089168,True
blk_release,reclasso,500,500,all bars,deck period,2174,2020-01-03,0.20456325107483717,0.25018971316373406,-0.04562646208889691,-18.236745832566324,-0.07082311625921875,-0.024961624346317404,-3.9113398043683714,True
blk_release,reclasso,500,500,14:30,common,4541,2006-04-05,0.19376005630696627,0.25853818396495787,-0.06477812765799162,-25.055535961671186,-0.07950524416596,-0.051279778165209886,-8.872533234836448,True
blk_release,reclasso,500,500,14:30,deck period,1087,2020-01-03,0.23627098064293717,0.3120807187724751,-0.07580973812953794,-24.291708384845016,-0.12121038070668454,-0.03907921577986263,-3.5386880242215457,True
blk_release,reclasso,500,500,15:00,common,4540,2006-04-04,0.14673811719500413,0.1543725877416918,-0.007634470546687694,-4.945483300093591,-0.012154681727973973,-0.003553930908523376,-3.484977513002709,True
blk_release,reclasso,500,500,15:00,deck period,1087,2020-01-03,0.17285552150673722,0.1882987075549931,-0.015443186048255864,-8.201429658642581,-0.025932878344203898,-0.005260057169555985,-2.943405405554006,True
blk_release,reclasso,2000,500,all bars,common,6081,2012-03-22,0.1821741480863618,0.21689147027375516,-0.034717322187393394,-16.006771563480125,-0.045220060122204024,-0.026068970731666936,-6.862993326699106,True
blk_release,reclasso,2000,500,all bars,deck period,2174,2020-01-03,0.20658431183039838,0.25018971316373406,-0.043605401333335736,-17.42893454008584,-0.06508051615647859,-0.0238329005731852,-3.7116611524373853,True
blk_release,reclasso,2000,500,14:30,common,3041,2012-03-22,0.2049145345902545,0.2725219083302381,-0.0676073737399836,-24.80805090284997,-0.08596278764558984,-0.05097626205269726,-7.2783148298654465,True
blk_release,reclasso,2000,500,14:30,deck period,1087,2020-01-03,0.23094666043322887,0.3120807187724751,-0.08113405833924622,-25.997779887964704,-0.12318239372113811,-0.043902872553882456,-3.6613969715435295,True
blk_release,reclasso,2000,500,15:00,common,3040,2012-03-22,0.15942628119217175,0.16124273273106954,-0.0018164515388977372,-1.1265323454467406,-0.006124230629534923,0.0026111057250736485,-0.7420005579343569,False
blk_release,reclasso,2000,500,15:00,deck period,1087,2020-01-03,0.18222196322756787,0.1882987075549931,-0.006076744327425251,-3.2271832379149616,-0.014090580437391566,0.002119653346210589,-1.2916536940350714,False
blk_release,reclasso,2000,2000,all bars,common,6081,2012-03-22,0.1821741480863618,0.21288647709205002,-0.030712329005688224,-14.426622782812322,-0.03918274808349638,-0.022577688799225882,-6.869351154198087,True
blk_release,reclasso,2000,2000,all bars,deck period,2174,2020-01-03,0.20658431183039838,0.24260798838185144,-0.03602367655145308,-14.848512116902691,-0.05611599297180957,-0.01869629107034743,-3.7029134229958287,True
blk_release,reclasso,2000,2000,14:30,common,3041,2012-03-22,0.2049145345902545,0.26475586392850464,-0.05984132933825014,-22.6024566369604,-0.07495611474919564,-0.04572483248516369,-7.470768721621098,True
blk_release,reclasso,2000,2000,14:30,deck period,1087,2020-01-03,0.23094666043322887,0.29270787128729087,-0.06176121085406204,-21.09994875861873,-0.09703858996863712,-0.03170758704013435,-3.486385753936542,True
blk_release,reclasso,2000,2000,15:00,common,3040,2012-03-22,0.15942628119217175,0.16100002795729396,-0.0015737467651221661,-0.9774822930711603,-0.006065261457265681,0.003069998818175169,-0.6445864951301407,False
blk_release,reclasso,2000,2000,15:00,deck period,1087,2020-01-03,0.18222196322756787,0.19250810547641195,-0.010286142248844122,-5.343225535043501,-0.017956134719439142,-0.0028603127349883448,-2.4989664346168103,True
blk_release,reclasticnet,500,500,all bars,common,9081,2006-04-04,0.16917651127451547,0.20644957356506327,-0.037273062290547825,-18.05431788833465,-0.04545947270521517,-0.02954166006879566,-9.044555795701104,True
blk_release,reclasticnet,500,500,all bars,deck period,2174,2020-01-03,0.20515722652347837,0.250733687337663,-0.04557646081418459,-18.177238686242738,-0.07053588588199904,-0.024341115212042796,-3.9818223244253845,True
blk_release,reclasticnet,500,500,14:30,common,4541,2006-04-05,0.19120484363577706,0.25911420384921685,-0.06790936021343982,-26.208273882568584,-0.08288446020006847,-0.053968869593889676,-9.176292178778256,True
blk_release,reclasticnet,500,500,14:30,deck period,1087,2020-01-03,0.23647092043432738,0.31290611576014604,-0.07643519532581863,-24.42751722513759,-0.12041592805981949,-0.03923289499427106,-3.6535250313965753,True
blk_release,reclasticnet,500,500,15:00,common,4540,2006-04-04,0.14714332685766768,0.15377334314208058,-0.006630016284412907,-4.311551110836571,-0.011643722983731933,-0.0021201536860055224,-2.765994341210886,True
blk_release,reclasticnet,500,500,15:00,deck period,1087,2020-01-03,0.17384353261262936,0.18856125891517989,-0.01471772630255054,-7.805275795899827,-0.02510501368335859,-0.0038209961950855732,-2.7706358421567296,True
blk_release,reclasticnet,2000,500,all bars,common,6081,2012-03-22,0.18105460635611528,0.21654987988591526,-0.0354952735298,-16.391269091675294,-0.04533176566422228,-0.02699249602344753,-7.339326482715812,True
blk_release,reclasticnet,2000,500,all bars,deck period,2174,2020-01-03,0.2058087411266472,0.250733687337663,-0.04492494621101577,-17.91739541983258,-0.06638560571968989,-0.025206452039243904,-3.916094797915342,True
blk_release,reclasticnet,2000,500,14:30,common,3041,2012-03-22,0.2021886705409282,0.2723163063086041,-0.07012763576767587,-25.752271951060948,-0.08690605911999798,-0.05459825716881661,-7.904148831225824,True
blk_release,reclasticnet,2000,500,14:30,deck period,1087,2020-01-03,0.23001945719555744,0.31290611576014604,-0.08288665856458864,-26.489306021785875,-0.12364439613432988,-0.04605476833382507,-3.8593450322636644,True
blk_release,reclasticnet,2000,500,15:00,common,3040,2012-03-22,0.15991359017650475,0.16076510924400852,-0.0008515190675037774,-0.5296665871767896,-0.005999794801078099,0.003874779380147959,-0.32020004278749525,False
blk_release,reclasticnet,2000,500,15:00,deck period,1087,2020-01-03,0.18159802505773698,0.18856125891517989,-0.006963233857442907,-3.692823169246639,-0.01673396453780304,0.0017724482209785554,-1.285209240000546,False
blk_release,reclasticnet,2000,2000,all bars,common,6081,2012-03-22,0.18105460635611528,0.21322245207744944,-0.032167845721334146,-15.086518988933548,-0.04055510185413359,-0.02424910944518822,-7.2479921727486545,True
blk_release,reclasticnet,2000,2000,all bars,deck period,2174,2020-01-03,0.2058087411266472,0.24098905833239287,-0.03518031720574566,-14.598304773332046,-0.054629726002649356,-0.017998530975978158,-3.669790911047408,True
blk_release,reclasticnet,2000,2000,14:30,common,3041,2012-03-22,0.2021886705409282,0.2660297031591601,-0.06384103261823189,-23.99770847394327,-0.07925012461948282,-0.04939964201329519,-7.981333274950884,True
blk_release,reclasticnet,2000,2000,14:30,deck period,1087,2020-01-03,0.23001945719555744,0.2921951730596477,-0.06217571586409031,-21.278830588826317,-0.0968140083498656,-0.03215354138705132,-3.5423442322474257,True
blk_release,reclasticnet,2000,2000,15:00,common,3040,2012-03-22,0.15991359017650475,0.16039783018946188,-0.0004842400129571562,-0.30189935386605415,-0.0051886850351514305,0.0038482707461659793,-0.19385089143787887,False
blk_release,reclasticnet,2000,2000,15:00,deck period,1087,2020-01-03,0.18159802505773698,0.189782943605138,-0.008184918547401006,-4.312778794510917,-0.016183091597723256,-3.6352766450048184e-05,-1.898679902678515,True
blk_release,ridge,500,500,all bars,common,9081,2006-04-04,0.17184074174116087,0.2015516326643813,-0.029710890923220434,-14.741081741914867,-0.03730358967581891,-0.022777773066063906,-7.972543341870776,True
blk_release,ridge,500,500,all bars,deck period,2174,2020-01-03,0.20609160323570463,0.24337155876054825,-0.037279955524843575,-15.318123331544705,-0.057849464189713706,-0.019655527201066884,-3.691100213705883,True
blk_release,ridge,500,500,14:30,common,4541,2006-04-05,0.196051147228531,0.2518663572355417,-0.055815210007010674,-22.160645280152725,-0.06905754399275296,-0.043855831239294624,-8.316741410691018,True
blk_release,ridge,500,500,14:30,deck period,1087,2020-01-03,0.24078968600381906,0.30048221211491566,-0.059692526111096614,-19.865577296891026,-0.09776488381625308,-0.02756160221574859,-3.208066414873358,True
blk_release,ridge,500,500,15:00,common,4540,2006-04-04,0.1476250035653574,0.15122582555476913,-0.0036008219894117337,-2.381089325320054,-0.008461545971869593,0.0010302282595426183,-1.4765003982910467,False
blk_release,ridge,500,500,15:00,deck period,1087,2020-01-03,0.17139352046759015,0.1862609054061807,-0.01486738493859054,-7.982021190205808,-0.02738760610288049,-0.003458114168638088,-2.4823094860739006,True
blk_release,ridge,2000,500,all bars,common,6081,2012-03-22,0.1821211038485386,0.2119890905224818,-0.02986798667394315,-14.089397997004758,-0.039319404928197355,-0.02165877120586152,-6.435465888206584,True
blk_release,ridge,2000,500,all bars,deck period,2174,2020-01-03,0.20631790124093283,0.24337155876054825,-0.037053657519615375,-15.225138758334632,-0.058259191102734774,-0.018322237703394285,-3.3716326491129887,True
blk_release,ridge,2000,500,14:30,common,3041,2012-03-22,0.20638968097819305,0.26508732461302514,-0.058697643634832104,-22.14275756885736,-0.07531865415759886,-0.0434759763553941,-7.07253747137593,True
blk_release,ridge,2000,500,14:30,deck period,1087,2020-01-03,0.23254567491158445,0.30048221211491566,-0.06793653720333127,-22.609171013873457,-0.1072896280688597,-0.033074000140909644,-3.4064721728199734,True
blk_release,ridge,2000,500,15:00,common,3040,2012-03-22,0.1578445436343021,0.15887338990756653,-0.0010288462732644438,-0.6475887962502925,-0.00796783959675439,0.004725765349110241,-0.29729608227276505,False
blk_release,ridge,2000,500,15:00,deck period,1087,2020-01-03,0.1800901275702812,0.1862609054061807,-0.006170777835899485,-3.312975324823434,-0.022499164773877856,0.00696193522383717,-0.7440934836965953,False
blk_release,ridge,2000,2000,all bars,common,6081,2012-03-22,0.1821211038485386,0.20712302526930587,-0.02500192142076726,-12.0710487828474,-0.033114086674137656,-0.01740805290504302,-6.1287088338518645,True
blk_release,ridge,2000,2000,all bars,deck period,2174,2020-01-03,0.20631790124093283,0.23463470159500055,-0.028316800354067688,-12.068462235797027,-0.04636184277304906,-0.011448759375610686,-3.2361188123597704,True
blk_release,ridge,2000,2000,14:30,common,3041,2012-03-22,0.20638968097819305,0.2567596841315505,-0.050370003153357455,-19.617567034998554,-0.06464012970157136,-0.03655429287884879,-6.932433192536087,True
blk_release,ridge,2000,2000,14:30,deck period,1087,2020-01-03,0.23254567491158445,0.2831474947231746,-0.050601819811590114,-17.87118754522695,-0.08335194598184653,-0.0221618233322937,-3.2354167285631696,True
blk_release,ridge,2000,2000,15:00,common,3040,2012-03-22,0.1578445436343021,0.15747003855875133,0.0003745050755507643,0.2378262423623134,-0.004707773180433833,0.005241760456382742,0.1388950674069755,False
blk_release,ridge,2000,2000,15:00,deck period,1087,2020-01-03,0.1800901275702812,0.18612190846682652,-0.00603178089654526,-3.2407688843467537,-0.014823986720441234,0.004252985198408841,-1.1795591966564734,False
