/u/home/j/jamesdc1/.conda/envs/hpc-pi/lib/python3.11/site-packages/pandas/core/arraylike.py:399: RuntimeWarning: divide by zero encountered in log
  result = getattr(ufunc, method)(*inputs, **kwargs)
/u/home/j/jamesdc1/.conda/envs/hpc-pi/lib/python3.11/site-packages/pandas/core/arraylike.py:399: RuntimeWarning: divide by zero encountered in log
  result = getattr(ufunc, method)(*inputs, **kwargs)
/u/home/j/jamesdc1/.conda/envs/hpc-pi/lib/python3.11/site-packages/pandas/core/arraylike.py:399: RuntimeWarning: divide by zero encountered in log
  result = getattr(ufunc, method)(*inputs, **kwargs)
/u/home/j/jamesdc1/.conda/envs/hpc-pi/lib/python3.11/site-packages/pandas/core/arraylike.py:399: RuntimeWarning: divide by zero encountered in log
  result = getattr(ufunc, method)(*inputs, **kwargs)
/u/home/j/jamesdc1/.conda/envs/hpc-pi/lib/python3.11/site-packages/pandas/core/arraylike.py:399: RuntimeWarning: divide by zero encountered in log
  result = getattr(ufunc, method)(*inputs, **kwargs)
/u/home/j/jamesdc1/.conda/envs/hpc-pi/lib/python3.11/site-packages/pandas/core/arraylike.py:399: RuntimeWarning: divide by zero encountered in log
  result = getattr(ufunc, method)(*inputs, **kwargs)
/u/home/j/jamesdc1/.conda/envs/hpc-pi/lib/python3.11/site-packages/pandas/core/arraylike.py:399: RuntimeWarning: divide by zero encountered in log
  result = getattr(ufunc, method)(*inputs, **kwargs)
/u/home/j/jamesdc1/.conda/envs/hpc-pi/lib/python3.11/site-packages/pandas/core/arraylike.py:399: RuntimeWarning: divide by zero encountered in log
  result = getattr(ufunc, method)(*inputs, **kwargs)
/u/home/j/jamesdc1/.conda/envs/hpc-pi/lib/python3.11/site-packages/pandas/core/arraylike.py:399: RuntimeWarning: divide by zero encountered in log
  result = getattr(ufunc, method)(*inputs, **kwargs)
/u/home/j/jamesdc1/.conda/envs/hpc-pi/lib/python3.11/site-packages/pandas/core/arraylike.py:399: RuntimeWarning: divide by zero encountered in log
  result = getattr(ufunc, method)(*inputs, **kwargs)
/u/home/j/jamesdc1/.conda/envs/hpc-pi/lib/python3.11/site-packages/pandas/core/arraylike.py:399: RuntimeWarning: divide by zero encountered in log
  result = getattr(ufunc, method)(*inputs, **kwargs)
/u/home/j/jamesdc1/.conda/envs/hpc-pi/lib/python3.11/site-packages/pandas/core/arraylike.py:399: RuntimeWarning: divide by zero encountered in log
  result = getattr(ufunc, method)(*inputs, **kwargs)
/u/home/j/jamesdc1/.conda/envs/hpc-pi/lib/python3.11/site-packages/pandas/core/arraylike.py:399: RuntimeWarning: divide by zero encountered in log
  result = getattr(ufunc, method)(*inputs, **kwargs)
/u/home/j/jamesdc1/.conda/envs/hpc-pi/lib/python3.11/site-packages/pandas/core/arraylike.py:399: RuntimeWarning: divide by zero encountered in log
  result = getattr(ufunc, method)(*inputs, **kwargs)
/u/home/j/jamesdc1/.conda/envs/hpc-pi/lib/python3.11/site-packages/pandas/core/arraylike.py:399: RuntimeWarning: divide by zero encountered in log
  result = getattr(ufunc, method)(*inputs, **kwargs)
/u/home/j/jamesdc1/.conda/envs/hpc-pi/lib/python3.11/site-packages/pandas/core/arraylike.py:399: RuntimeWarning: divide by zero encountered in log
  result = getattr(ufunc, method)(*inputs, **kwargs)
/u/home/j/jamesdc1/.conda/envs/hpc-pi/lib/python3.11/site-packages/pandas/core/arraylike.py:399: RuntimeWarning: divide by zero encountered in log
  result = getattr(ufunc, method)(*inputs, **kwargs)
/u/home/j/jamesdc1/.conda/envs/hpc-pi/lib/python3.11/site-packages/pandas/core/arraylike.py:399: RuntimeWarning: divide by zero encountered in log
  result = getattr(ufunc, method)(*inputs, **kwargs)
/u/home/j/jamesdc1/.conda/envs/hpc-pi/lib/python3.11/site-packages/pandas/core/arraylike.py:399: RuntimeWarning: divide by zero encountered in log
  result = getattr(ufunc, method)(*inputs, **kwargs)
/u/home/j/jamesdc1/.conda/envs/hpc-pi/lib/python3.11/site-packages/pandas/core/arraylike.py:399: RuntimeWarning: divide by zero encountered in log
  result = getattr(ufunc, method)(*inputs, **kwargs)
/u/home/j/jamesdc1/.conda/envs/hpc-pi/lib/python3.11/site-packages/pandas/core/arraylike.py:399: RuntimeWarning: divide by zero encountered in log
  result = getattr(ufunc, method)(*inputs, **kwargs)
/u/home/j/jamesdc1/.conda/envs/hpc-pi/lib/python3.11/site-packages/pandas/core/arraylike.py:399: RuntimeWarning: divide by zero encountered in log
  result = getattr(ufunc, method)(*inputs, **kwargs)
/u/home/j/jamesdc1/.conda/envs/hpc-pi/lib/python3.11/site-packages/pandas/core/arraylike.py:399: RuntimeWarning: divide by zero encountered in log
  result = getattr(ufunc, method)(*inputs, **kwargs)
/u/home/j/jamesdc1/.conda/envs/hpc-pi/lib/python3.11/site-packages/pandas/core/arraylike.py:399: RuntimeWarning: divide by zero encountered in log
  result = getattr(ufunc, method)(*inputs, **kwargs)
/u/home/j/jamesdc1/.conda/envs/hpc-pi/lib/python3.11/site-packages/pandas/core/arraylike.py:399: RuntimeWarning: divide by zero encountered in log
  result = getattr(ufunc, method)(*inputs, **kwargs)
/u/home/j/jamesdc1/.conda/envs/hpc-pi/lib/python3.11/site-packages/pandas/core/arraylike.py:399: RuntimeWarning: divide by zero encountered in log
  result = getattr(ufunc, method)(*inputs, **kwargs)
/u/home/j/jamesdc1/.conda/envs/hpc-pi/lib/python3.11/site-packages/pandas/core/arraylike.py:399: RuntimeWarning: divide by zero encountered in log
  result = getattr(ufunc, method)(*inputs, **kwargs)
/u/home/j/jamesdc1/.conda/envs/hpc-pi/lib/python3.11/site-packages/pandas/core/arraylike.py:399: RuntimeWarning: divide by zero encountered in log
  result = getattr(ufunc, method)(*inputs, **kwargs)
/u/home/j/jamesdc1/.conda/envs/hpc-pi/lib/python3.11/site-packages/pandas/core/arraylike.py:399: RuntimeWarning: divide by zero encountered in log
  result = getattr(ufunc, method)(*inputs, **kwargs)
/u/home/j/jamesdc1/.conda/envs/hpc-pi/lib/python3.11/site-packages/pandas/core/arraylike.py:399: RuntimeWarning: divide by zero encountered in log
  result = getattr(ufunc, method)(*inputs, **kwargs)
/u/home/j/jamesdc1/.conda/envs/hpc-pi/lib/python3.11/site-packages/pandas/core/arraylike.py:399: RuntimeWarning: divide by zero encountered in log
  result = getattr(ufunc, method)(*inputs, **kwargs)
/u/home/j/jamesdc1/.conda/envs/hpc-pi/lib/python3.11/site-packages/pandas/core/arraylike.py:399: RuntimeWarning: divide by zero encountered in log
  result = getattr(ufunc, method)(*inputs, **kwargs)
/u/home/j/jamesdc1/.conda/envs/hpc-pi/lib/python3.11/site-packages/pandas/core/arraylike.py:399: RuntimeWarning: divide by zero encountered in log
  result = getattr(ufunc, method)(*inputs, **kwargs)
/u/home/j/jamesdc1/.conda/envs/hpc-pi/lib/python3.11/site-packages/pandas/core/arraylike.py:399: RuntimeWarning: divide by zero encountered in log
  result = getattr(ufunc, method)(*inputs, **kwargs)
/u/home/j/jamesdc1/.conda/envs/hpc-pi/lib/python3.11/site-packages/pandas/core/arraylike.py:399: RuntimeWarning: divide by zero encountered in log
  result = getattr(ufunc, method)(*inputs, **kwargs)
/u/home/j/jamesdc1/.conda/envs/hpc-pi/lib/python3.11/site-packages/pandas/core/arraylike.py:399: RuntimeWarning: divide by zero encountered in log
  result = getattr(ufunc, method)(*inputs, **kwargs)
/u/home/j/jamesdc1/.conda/envs/hpc-pi/lib/python3.11/site-packages/pandas/core/arraylike.py:399: RuntimeWarning: divide by zero encountered in log
  result = getattr(ufunc, method)(*inputs, **kwargs)
/u/home/j/jamesdc1/.conda/envs/hpc-pi/lib/python3.11/site-packages/pandas/core/arraylike.py:399: RuntimeWarning: divide by zero encountered in log
  result = getattr(ufunc, method)(*inputs, **kwargs)
/u/home/j/jamesdc1/.conda/envs/hpc-pi/lib/python3.11/site-packages/pandas/core/arraylike.py:399: RuntimeWarning: divide by zero encountered in log
  result = getattr(ufunc, method)(*inputs, **kwargs)
/u/home/j/jamesdc1/.conda/envs/hpc-pi/lib/python3.11/site-packages/pandas/core/arraylike.py:399: RuntimeWarning: divide by zero encountered in log
  result = getattr(ufunc, method)(*inputs, **kwargs)
/u/home/j/jamesdc1/.conda/envs/hpc-pi/lib/python3.11/site-packages/pandas/core/arraylike.py:399: RuntimeWarning: divide by zero encountered in log
  result = getattr(ufunc, method)(*inputs, **kwargs)
/u/home/j/jamesdc1/.conda/envs/hpc-pi/lib/python3.11/site-packages/pandas/core/arraylike.py:399: RuntimeWarning: divide by zero encountered in log
  result = getattr(ufunc, method)(*inputs, **kwargs)
/u/home/j/jamesdc1/.conda/envs/hpc-pi/lib/python3.11/site-packages/pandas/core/arraylike.py:399: RuntimeWarning: divide by zero encountered in log
  result = getattr(ufunc, method)(*inputs, **kwargs)
/u/home/j/jamesdc1/.conda/envs/hpc-pi/lib/python3.11/site-packages/pandas/core/arraylike.py:399: RuntimeWarning: divide by zero encountered in log
  result = getattr(ufunc, method)(*inputs, **kwargs)
/u/home/j/jamesdc1/.conda/envs/hpc-pi/lib/python3.11/site-packages/pandas/core/arraylike.py:399: RuntimeWarning: divide by zero encountered in log
  result = getattr(ufunc, method)(*inputs, **kwargs)
/u/home/j/jamesdc1/.conda/envs/hpc-pi/lib/python3.11/site-packages/pandas/core/arraylike.py:399: RuntimeWarning: divide by zero encountered in log
  result = getattr(ufunc, method)(*inputs, **kwargs)
/u/home/j/jamesdc1/.conda/envs/hpc-pi/lib/python3.11/site-packages/pandas/core/arraylike.py:399: RuntimeWarning: divide by zero encountered in log
  result = getattr(ufunc, method)(*inputs, **kwargs)
/u/home/j/jamesdc1/.conda/envs/hpc-pi/lib/python3.11/site-packages/pandas/core/arraylike.py:399: RuntimeWarning: divide by zero encountered in log
  result = getattr(ufunc, method)(*inputs, **kwargs)
/u/home/j/jamesdc1/.conda/envs/hpc-pi/lib/python3.11/site-packages/pandas/core/arraylike.py:399: RuntimeWarning: divide by zero encountered in log
  result = getattr(ufunc, method)(*inputs, **kwargs)
/u/home/j/jamesdc1/.conda/envs/hpc-pi/lib/python3.11/site-packages/pandas/core/arraylike.py:399: RuntimeWarning: divide by zero encountered in log
  result = getattr(ufunc, method)(*inputs, **kwargs)
/u/home/j/jamesdc1/.conda/envs/hpc-pi/lib/python3.11/site-packages/pandas/core/arraylike.py:399: RuntimeWarning: divide by zero encountered in log
  result = getattr(ufunc, method)(*inputs, **kwargs)
/u/home/j/jamesdc1/.conda/envs/hpc-pi/lib/python3.11/site-packages/pandas/core/arraylike.py:399: RuntimeWarning: divide by zero encountered in log
  result = getattr(ufunc, method)(*inputs, **kwargs)
/u/home/j/jamesdc1/.conda/envs/hpc-pi/lib/python3.11/site-packages/pandas/core/arraylike.py:399: RuntimeWarning: divide by zero encountered in log
  result = getattr(ufunc, method)(*inputs, **kwargs)
/u/home/j/jamesdc1/.conda/envs/hpc-pi/lib/python3.11/site-packages/pandas/core/arraylike.py:399: RuntimeWarning: divide by zero encountered in log
  result = getattr(ufunc, method)(*inputs, **kwargs)
/u/home/j/jamesdc1/.conda/envs/hpc-pi/lib/python3.11/site-packages/pandas/core/arraylike.py:399: RuntimeWarning: divide by zero encountered in log
  result = getattr(ufunc, method)(*inputs, **kwargs)
/u/home/j/jamesdc1/.conda/envs/hpc-pi/lib/python3.11/site-packages/pandas/core/arraylike.py:399: RuntimeWarning: divide by zero encountered in log
  result = getattr(ufunc, method)(*inputs, **kwargs)
/u/home/j/jamesdc1/.conda/envs/hpc-pi/lib/python3.11/site-packages/pandas/core/arraylike.py:399: RuntimeWarning: divide by zero encountered in log
  result = getattr(ufunc, method)(*inputs, **kwargs)
/u/home/j/jamesdc1/.conda/envs/hpc-pi/lib/python3.11/site-packages/pandas/core/arraylike.py:399: RuntimeWarning: divide by zero encountered in log
  result = getattr(ufunc, method)(*inputs, **kwargs)
/u/home/j/jamesdc1/.conda/envs/hpc-pi/lib/python3.11/site-packages/pandas/core/arraylike.py:399: RuntimeWarning: divide by zero encountered in log
  result = getattr(ufunc, method)(*inputs, **kwargs)
/u/home/j/jamesdc1/.conda/envs/hpc-pi/lib/python3.11/site-packages/pandas/core/arraylike.py:399: RuntimeWarning: divide by zero encountered in log
  result = getattr(ufunc, method)(*inputs, **kwargs)
/u/home/j/jamesdc1/.conda/envs/hpc-pi/lib/python3.11/site-packages/pandas/core/arraylike.py:399: RuntimeWarning: divide by zero encountered in log
  result = getattr(ufunc, method)(*inputs, **kwargs)
/u/home/j/jamesdc1/.conda/envs/hpc-pi/lib/python3.11/site-packages/pandas/core/arraylike.py:399: RuntimeWarning: divide by zero encountered in log
  result = getattr(ufunc, method)(*inputs, **kwargs)
/u/home/j/jamesdc1/.conda/envs/hpc-pi/lib/python3.11/site-packages/pandas/core/arraylike.py:399: RuntimeWarning: divide by zero encountered in log
  result = getattr(ufunc, method)(*inputs, **kwargs)
/u/home/j/jamesdc1/.conda/envs/hpc-pi/lib/python3.11/site-packages/pandas/core/arraylike.py:399: RuntimeWarning: divide by zero encountered in log
  result = getattr(ufunc, method)(*inputs, **kwargs)
/u/home/j/jamesdc1/.conda/envs/hpc-pi/lib/python3.11/site-packages/pandas/core/arraylike.py:399: RuntimeWarning: divide by zero encountered in log
  result = getattr(ufunc, method)(*inputs, **kwargs)
/u/home/j/jamesdc1/.conda/envs/hpc-pi/lib/python3.11/site-packages/pandas/core/arraylike.py:399: RuntimeWarning: divide by zero encountered in log
  result = getattr(ufunc, method)(*inputs, **kwargs)
/u/home/j/jamesdc1/.conda/envs/hpc-pi/lib/python3.11/site-packages/pandas/core/arraylike.py:399: RuntimeWarning: divide by zero encountered in log
  result = getattr(ufunc, method)(*inputs, **kwargs)
/u/home/j/jamesdc1/.conda/envs/hpc-pi/lib/python3.11/site-packages/pandas/core/arraylike.py:399: RuntimeWarning: divide by zero encountered in log
  result = getattr(ufunc, method)(*inputs, **kwargs)
/u/home/j/jamesdc1/.conda/envs/hpc-pi/lib/python3.11/site-packages/pandas/core/arraylike.py:399: RuntimeWarning: divide by zero encountered in log
  result = getattr(ufunc, method)(*inputs, **kwargs)
/u/home/j/jamesdc1/.conda/envs/hpc-pi/lib/python3.11/site-packages/pandas/core/arraylike.py:399: RuntimeWarning: divide by zero encountered in log
  result = getattr(ufunc, method)(*inputs, **kwargs)
/u/home/j/jamesdc1/.conda/envs/hpc-pi/lib/python3.11/site-packages/pandas/core/arraylike.py:399: RuntimeWarning: divide by zero encountered in log
  result = getattr(ufunc, method)(*inputs, **kwargs)
/u/home/j/jamesdc1/.conda/envs/hpc-pi/lib/python3.11/site-packages/pandas/core/arraylike.py:399: RuntimeWarning: divide by zero encountered in log
  result = getattr(ufunc, method)(*inputs, **kwargs)
/u/home/j/jamesdc1/.conda/envs/hpc-pi/lib/python3.11/site-packages/pandas/core/arraylike.py:399: RuntimeWarning: divide by zero encountered in log
  result = getattr(ufunc, method)(*inputs, **kwargs)
/u/home/j/jamesdc1/.conda/envs/hpc-pi/lib/python3.11/site-packages/pandas/core/arraylike.py:399: RuntimeWarning: divide by zero encountered in log
  result = getattr(ufunc, method)(*inputs, **kwargs)
/u/home/j/jamesdc1/.conda/envs/hpc-pi/lib/python3.11/site-packages/pandas/core/arraylike.py:399: RuntimeWarning: divide by zero encountered in log
  result = getattr(ufunc, method)(*inputs, **kwargs)
/u/home/j/jamesdc1/.conda/envs/hpc-pi/lib/python3.11/site-packages/pandas/core/arraylike.py:399: RuntimeWarning: divide by zero encountered in log
  result = getattr(ufunc, method)(*inputs, **kwargs)
/u/home/j/jamesdc1/.conda/envs/hpc-pi/lib/python3.11/site-packages/pandas/core/arraylike.py:399: RuntimeWarning: divide by zero encountered in log
  result = getattr(ufunc, method)(*inputs, **kwargs)
/u/home/j/jamesdc1/.conda/envs/hpc-pi/lib/python3.11/site-packages/pandas/core/arraylike.py:399: RuntimeWarning: divide by zero encountered in log
  result = getattr(ufunc, method)(*inputs, **kwargs)
/u/home/j/jamesdc1/.conda/envs/hpc-pi/lib/python3.11/site-packages/pandas/core/arraylike.py:399: RuntimeWarning: divide by zero encountered in log
  result = getattr(ufunc, method)(*inputs, **kwargs)
/u/home/j/jamesdc1/.conda/envs/hpc-pi/lib/python3.11/site-packages/pandas/core/arraylike.py:399: RuntimeWarning: divide by zero encountered in log
  result = getattr(ufunc, method)(*inputs, **kwargs)
/u/home/j/jamesdc1/.conda/envs/hpc-pi/lib/python3.11/site-packages/pandas/core/arraylike.py:399: RuntimeWarning: divide by zero encountered in log
  result = getattr(ufunc, method)(*inputs, **kwargs)
/u/home/j/jamesdc1/.conda/envs/hpc-pi/lib/python3.11/site-packages/pandas/core/arraylike.py:399: RuntimeWarning: divide by zero encountered in log
  result = getattr(ufunc, method)(*inputs, **kwargs)
/u/home/j/jamesdc1/.conda/envs/hpc-pi/lib/python3.11/site-packages/pandas/core/arraylike.py:399: RuntimeWarning: divide by zero encountered in log
  result = getattr(ufunc, method)(*inputs, **kwargs)
/u/home/j/jamesdc1/.conda/envs/hpc-pi/lib/python3.11/site-packages/pandas/core/arraylike.py:399: RuntimeWarning: divide by zero encountered in log
  result = getattr(ufunc, method)(*inputs, **kwargs)
/u/home/j/jamesdc1/.conda/envs/hpc-pi/lib/python3.11/site-packages/pandas/core/arraylike.py:399: RuntimeWarning: divide by zero encountered in log
  result = getattr(ufunc, method)(*inputs, **kwargs)
/u/home/j/jamesdc1/.conda/envs/hpc-pi/lib/python3.11/site-packages/pandas/core/arraylike.py:399: RuntimeWarning: divide by zero encountered in log
  result = getattr(ufunc, method)(*inputs, **kwargs)
/u/home/j/jamesdc1/.conda/envs/hpc-pi/lib/python3.11/site-packages/pandas/core/arraylike.py:399: RuntimeWarning: divide by zero encountered in log
  result = getattr(ufunc, method)(*inputs, **kwargs)
/u/home/j/jamesdc1/.conda/envs/hpc-pi/lib/python3.11/site-packages/pandas/core/arraylike.py:399: RuntimeWarning: divide by zero encountered in log
  result = getattr(ufunc, method)(*inputs, **kwargs)
/u/home/j/jamesdc1/.conda/envs/hpc-pi/lib/python3.11/site-packages/pandas/core/arraylike.py:399: RuntimeWarning: divide by zero encountered in log
  result = getattr(ufunc, method)(*inputs, **kwargs)
/u/home/j/jamesdc1/.conda/envs/hpc-pi/lib/python3.11/site-packages/pandas/core/arraylike.py:399: RuntimeWarning: divide by zero encountered in log
  result = getattr(ufunc, method)(*inputs, **kwargs)
/u/home/j/jamesdc1/.conda/envs/hpc-pi/lib/python3.11/site-packages/pandas/core/arraylike.py:399: RuntimeWarning: divide by zero encountered in log
  result = getattr(ufunc, method)(*inputs, **kwargs)
/u/home/j/jamesdc1/.conda/envs/hpc-pi/lib/python3.11/site-packages/pandas/core/arraylike.py:399: RuntimeWarning: divide by zero encountered in log
  result = getattr(ufunc, method)(*inputs, **kwargs)
/u/home/j/jamesdc1/.conda/envs/hpc-pi/lib/python3.11/site-packages/pandas/core/arraylike.py:399: RuntimeWarning: divide by zero encountered in log
  result = getattr(ufunc, method)(*inputs, **kwargs)
/u/home/j/jamesdc1/.conda/envs/hpc-pi/lib/python3.11/site-packages/pandas/core/arraylike.py:399: RuntimeWarning: divide by zero encountered in log
  result = getattr(ufunc, method)(*inputs, **kwargs)
/u/home/j/jamesdc1/.conda/envs/hpc-pi/lib/python3.11/site-packages/pandas/core/arraylike.py:399: RuntimeWarning: divide by zero encountered in log
  result = getattr(ufunc, method)(*inputs, **kwargs)
/u/home/j/jamesdc1/.conda/envs/hpc-pi/lib/python3.11/site-packages/pandas/core/arraylike.py:399: RuntimeWarning: divide by zero encountered in log
  result = getattr(ufunc, method)(*inputs, **kwargs)
/u/home/j/jamesdc1/.conda/envs/hpc-pi/lib/python3.11/site-packages/pandas/core/arraylike.py:399: RuntimeWarning: divide by zero encountered in log
  result = getattr(ufunc, method)(*inputs, **kwargs)
/u/home/j/jamesdc1/.conda/envs/hpc-pi/lib/python3.11/site-packages/pandas/core/arraylike.py:399: RuntimeWarning: divide by zero encountered in log
  result = getattr(ufunc, method)(*inputs, **kwargs)
/u/home/j/jamesdc1/.conda/envs/hpc-pi/lib/python3.11/site-packages/pandas/core/arraylike.py:399: RuntimeWarning: divide by zero encountered in log
  result = getattr(ufunc, method)(*inputs, **kwargs)
/u/home/j/jamesdc1/.conda/envs/hpc-pi/lib/python3.11/site-packages/pandas/core/arraylike.py:399: RuntimeWarning: divide by zero encountered in log
  result = getattr(ufunc, method)(*inputs, **kwargs)
/u/home/j/jamesdc1/.conda/envs/hpc-pi/lib/python3.11/site-packages/pandas/core/arraylike.py:399: RuntimeWarning: divide by zero encountered in log
  result = getattr(ufunc, method)(*inputs, **kwargs)
/u/home/j/jamesdc1/.conda/envs/hpc-pi/lib/python3.11/site-packages/pandas/core/arraylike.py:399: RuntimeWarning: divide by zero encountered in log
  result = getattr(ufunc, method)(*inputs, **kwargs)
/u/home/j/jamesdc1/.conda/envs/hpc-pi/lib/python3.11/site-packages/pandas/core/arraylike.py:399: RuntimeWarning: divide by zero encountered in log
  result = getattr(ufunc, method)(*inputs, **kwargs)
/u/home/j/jamesdc1/.conda/envs/hpc-pi/lib/python3.11/site-packages/pandas/core/arraylike.py:399: RuntimeWarning: divide by zero encountered in log
  result = getattr(ufunc, method)(*inputs, **kwargs)
/u/home/j/jamesdc1/.conda/envs/hpc-pi/lib/python3.11/site-packages/pandas/core/arraylike.py:399: RuntimeWarning: divide by zero encountered in log
  result = getattr(ufunc, method)(*inputs, **kwargs)
/u/home/j/jamesdc1/.conda/envs/hpc-pi/lib/python3.11/site-packages/pandas/core/arraylike.py:399: RuntimeWarning: divide by zero encountered in log
  result = getattr(ufunc, method)(*inputs, **kwargs)
/u/home/j/jamesdc1/.conda/envs/hpc-pi/lib/python3.11/site-packages/pandas/core/arraylike.py:399: RuntimeWarning: divide by zero encountered in log
  result = getattr(ufunc, method)(*inputs, **kwargs)
/u/home/j/jamesdc1/.conda/envs/hpc-pi/lib/python3.11/site-packages/pandas/core/arraylike.py:399: RuntimeWarning: divide by zero encountered in log
  result = getattr(ufunc, method)(*inputs, **kwargs)
/u/home/j/jamesdc1/.conda/envs/hpc-pi/lib/python3.11/site-packages/pandas/core/arraylike.py:399: RuntimeWarning: divide by zero encountered in log
  result = getattr(ufunc, method)(*inputs, **kwargs)
/u/home/j/jamesdc1/.conda/envs/hpc-pi/lib/python3.11/site-packages/pandas/core/arraylike.py:399: RuntimeWarning: divide by zero encountered in log
  result = getattr(ufunc, method)(*inputs, **kwargs)
/u/home/j/jamesdc1/.conda/envs/hpc-pi/lib/python3.11/site-packages/pandas/core/arraylike.py:399: RuntimeWarning: divide by zero encountered in log
  result = getattr(ufunc, method)(*inputs, **kwargs)
/u/home/j/jamesdc1/.conda/envs/hpc-pi/lib/python3.11/site-packages/pandas/core/arraylike.py:399: RuntimeWarning: divide by zero encountered in log
  result = getattr(ufunc, method)(*inputs, **kwargs)
/u/home/j/jamesdc1/.conda/envs/hpc-pi/lib/python3.11/site-packages/pandas/core/arraylike.py:399: RuntimeWarning: divide by zero encountered in log
  result = getattr(ufunc, method)(*inputs, **kwargs)
/u/home/j/jamesdc1/.conda/envs/hpc-pi/lib/python3.11/site-packages/pandas/core/arraylike.py:399: RuntimeWarning: divide by zero encountered in log
  result = getattr(ufunc, method)(*inputs, **kwargs)
/u/home/j/jamesdc1/.conda/envs/hpc-pi/lib/python3.11/site-packages/pandas/core/arraylike.py:399: RuntimeWarning: divide by zero encountered in log
  result = getattr(ufunc, method)(*inputs, **kwargs)
/u/home/j/jamesdc1/.conda/envs/hpc-pi/lib/python3.11/site-packages/pandas/core/arraylike.py:399: RuntimeWarning: divide by zero encountered in log
  result = getattr(ufunc, method)(*inputs, **kwargs)
/u/home/j/jamesdc1/.conda/envs/hpc-pi/lib/python3.11/site-packages/pandas/core/arraylike.py:399: RuntimeWarning: divide by zero encountered in log
  result = getattr(ufunc, method)(*inputs, **kwargs)
/u/home/j/jamesdc1/.conda/envs/hpc-pi/lib/python3.11/site-packages/pandas/core/arraylike.py:399: RuntimeWarning: divide by zero encountered in log
  result = getattr(ufunc, method)(*inputs, **kwargs)
/u/home/j/jamesdc1/.conda/envs/hpc-pi/lib/python3.11/site-packages/pandas/core/arraylike.py:399: RuntimeWarning: divide by zero encountered in log
  result = getattr(ufunc, method)(*inputs, **kwargs)
/u/home/j/jamesdc1/.conda/envs/hpc-pi/lib/python3.11/site-packages/pandas/core/arraylike.py:399: RuntimeWarning: divide by zero encountered in log
  result = getattr(ufunc, method)(*inputs, **kwargs)
/u/home/j/jamesdc1/.conda/envs/hpc-pi/lib/python3.11/site-packages/pandas/core/arraylike.py:399: RuntimeWarning: divide by zero encountered in log
  result = getattr(ufunc, method)(*inputs, **kwargs)
/u/home/j/jamesdc1/.conda/envs/hpc-pi/lib/python3.11/site-packages/pandas/core/arraylike.py:399: RuntimeWarning: divide by zero encountered in log
  result = getattr(ufunc, method)(*inputs, **kwargs)
/u/home/j/jamesdc1/.conda/envs/hpc-pi/lib/python3.11/site-packages/pandas/core/arraylike.py:399: RuntimeWarning: divide by zero encountered in log
  result = getattr(ufunc, method)(*inputs, **kwargs)
/u/home/j/jamesdc1/.conda/envs/hpc-pi/lib/python3.11/site-packages/pandas/core/arraylike.py:399: RuntimeWarning: divide by zero encountered in log
  result = getattr(ufunc, method)(*inputs, **kwargs)
/u/home/j/jamesdc1/.conda/envs/hpc-pi/lib/python3.11/site-packages/pandas/core/arraylike.py:399: RuntimeWarning: divide by zero encountered in log
  result = getattr(ufunc, method)(*inputs, **kwargs)
/u/home/j/jamesdc1/.conda/envs/hpc-pi/lib/python3.11/site-packages/pandas/core/arraylike.py:399: RuntimeWarning: divide by zero encountered in log
  result = getattr(ufunc, method)(*inputs, **kwargs)
/u/home/j/jamesdc1/.conda/envs/hpc-pi/lib/python3.11/site-packages/pandas/core/arraylike.py:399: RuntimeWarning: divide by zero encountered in log
  result = getattr(ufunc, method)(*inputs, **kwargs)
/u/home/j/jamesdc1/.conda/envs/hpc-pi/lib/python3.11/site-packages/pandas/core/arraylike.py:399: RuntimeWarning: divide by zero encountered in log
  result = getattr(ufunc, method)(*inputs, **kwargs)
/u/home/j/jamesdc1/.conda/envs/hpc-pi/lib/python3.11/site-packages/pandas/core/arraylike.py:399: RuntimeWarning: divide by zero encountered in log
  result = getattr(ufunc, method)(*inputs, **kwargs)
/u/home/j/jamesdc1/.conda/envs/hpc-pi/lib/python3.11/site-packages/pandas/core/arraylike.py:399: RuntimeWarning: divide by zero encountered in log
  result = getattr(ufunc, method)(*inputs, **kwargs)
/u/home/j/jamesdc1/.conda/envs/hpc-pi/lib/python3.11/site-packages/pandas/core/arraylike.py:399: RuntimeWarning: divide by zero encountered in log
  result = getattr(ufunc, method)(*inputs, **kwargs)
/u/home/j/jamesdc1/.conda/envs/hpc-pi/lib/python3.11/site-packages/pandas/core/arraylike.py:399: RuntimeWarning: divide by zero encountered in log
  result = getattr(ufunc, method)(*inputs, **kwargs)
/u/home/j/jamesdc1/.conda/envs/hpc-pi/lib/python3.11/site-packages/pandas/core/arraylike.py:399: RuntimeWarning: divide by zero encountered in log
  result = getattr(ufunc, method)(*inputs, **kwargs)
/u/home/j/jamesdc1/.conda/envs/hpc-pi/lib/python3.11/site-packages/pandas/core/arraylike.py:399: RuntimeWarning: divide by zero encountered in log
  result = getattr(ufunc, method)(*inputs, **kwargs)
/u/home/j/jamesdc1/.conda/envs/hpc-pi/lib/python3.11/site-packages/pandas/core/arraylike.py:399: RuntimeWarning: divide by zero encountered in log
  result = getattr(ufunc, method)(*inputs, **kwargs)
/u/home/j/jamesdc1/.conda/envs/hpc-pi/lib/python3.11/site-packages/pandas/core/arraylike.py:399: RuntimeWarning: divide by zero encountered in log
  result = getattr(ufunc, method)(*inputs, **kwargs)
/u/home/j/jamesdc1/.conda/envs/hpc-pi/lib/python3.11/site-packages/pandas/core/arraylike.py:399: RuntimeWarning: divide by zero encountered in log
  result = getattr(ufunc, method)(*inputs, **kwargs)
/u/home/j/jamesdc1/.conda/envs/hpc-pi/lib/python3.11/site-packages/pandas/core/arraylike.py:399: RuntimeWarning: divide by zero encountered in log
  result = getattr(ufunc, method)(*inputs, **kwargs)
/u/home/j/jamesdc1/.conda/envs/hpc-pi/lib/python3.11/site-packages/pandas/core/arraylike.py:399: RuntimeWarning: divide by zero encountered in log
  result = getattr(ufunc, method)(*inputs, **kwargs)
/u/home/j/jamesdc1/.conda/envs/hpc-pi/lib/python3.11/site-packages/pandas/core/arraylike.py:399: RuntimeWarning: divide by zero encountered in log
  result = getattr(ufunc, method)(*inputs, **kwargs)
/u/home/j/jamesdc1/.conda/envs/hpc-pi/lib/python3.11/site-packages/pandas/core/arraylike.py:399: RuntimeWarning: divide by zero encountered in log
  result = getattr(ufunc, method)(*inputs, **kwargs)
/u/home/j/jamesdc1/.conda/envs/hpc-pi/lib/python3.11/site-packages/pandas/core/arraylike.py:399: RuntimeWarning: divide by zero encountered in log
  result = getattr(ufunc, method)(*inputs, **kwargs)
/u/home/j/jamesdc1/.conda/envs/hpc-pi/lib/python3.11/site-packages/pandas/core/arraylike.py:399: RuntimeWarning: divide by zero encountered in log
  result = getattr(ufunc, method)(*inputs, **kwargs)
/u/home/j/jamesdc1/.conda/envs/hpc-pi/lib/python3.11/site-packages/pandas/core/arraylike.py:399: RuntimeWarning: divide by zero encountered in log
  result = getattr(ufunc, method)(*inputs, **kwargs)
/u/home/j/jamesdc1/.conda/envs/hpc-pi/lib/python3.11/site-packages/pandas/core/arraylike.py:399: RuntimeWarning: divide by zero encountered in log
  result = getattr(ufunc, method)(*inputs, **kwargs)
/u/home/j/jamesdc1/.conda/envs/hpc-pi/lib/python3.11/site-packages/pandas/core/arraylike.py:399: RuntimeWarning: divide by zero encountered in log
  result = getattr(ufunc, method)(*inputs, **kwargs)
/u/home/j/jamesdc1/.conda/envs/hpc-pi/lib/python3.11/site-packages/pandas/core/arraylike.py:399: RuntimeWarning: divide by zero encountered in log
  result = getattr(ufunc, method)(*inputs, **kwargs)
/u/home/j/jamesdc1/.conda/envs/hpc-pi/lib/python3.11/site-packages/pandas/core/arraylike.py:399: RuntimeWarning: divide by zero encountered in log
  result = getattr(ufunc, method)(*inputs, **kwargs)
/u/home/j/jamesdc1/.conda/envs/hpc-pi/lib/python3.11/site-packages/pandas/core/arraylike.py:399: RuntimeWarning: divide by zero encountered in log
  result = getattr(ufunc, method)(*inputs, **kwargs)
/u/home/j/jamesdc1/.conda/envs/hpc-pi/lib/python3.11/site-packages/pandas/core/arraylike.py:399: RuntimeWarning: divide by zero encountered in log
  result = getattr(ufunc, method)(*inputs, **kwargs)
/u/home/j/jamesdc1/.conda/envs/hpc-pi/lib/python3.11/site-packages/pandas/core/arraylike.py:399: RuntimeWarning: divide by zero encountered in log
  result = getattr(ufunc, method)(*inputs, **kwargs)
/u/home/j/jamesdc1/.conda/envs/hpc-pi/lib/python3.11/site-packages/pandas/core/arraylike.py:399: RuntimeWarning: divide by zero encountered in log
  result = getattr(ufunc, method)(*inputs, **kwargs)
/u/home/j/jamesdc1/.conda/envs/hpc-pi/lib/python3.11/site-packages/pandas/core/arraylike.py:399: RuntimeWarning: divide by zero encountered in log
  result = getattr(ufunc, method)(*inputs, **kwargs)
/u/home/j/jamesdc1/.conda/envs/hpc-pi/lib/python3.11/site-packages/pandas/core/arraylike.py:399: RuntimeWarning: divide by zero encountered in log
  result = getattr(ufunc, method)(*inputs, **kwargs)
/u/home/j/jamesdc1/.conda/envs/hpc-pi/lib/python3.11/site-packages/pandas/core/arraylike.py:399: RuntimeWarning: divide by zero encountered in log
  result = getattr(ufunc, method)(*inputs, **kwargs)
/u/home/j/jamesdc1/.conda/envs/hpc-pi/lib/python3.11/site-packages/pandas/core/arraylike.py:399: RuntimeWarning: divide by zero encountered in log
  result = getattr(ufunc, method)(*inputs, **kwargs)
/u/home/j/jamesdc1/.conda/envs/hpc-pi/lib/python3.11/site-packages/pandas/core/arraylike.py:399: RuntimeWarning: divide by zero encountered in log
  result = getattr(ufunc, method)(*inputs, **kwargs)
/u/home/j/jamesdc1/.conda/envs/hpc-pi/lib/python3.11/site-packages/pandas/core/arraylike.py:399: RuntimeWarning: divide by zero encountered in log
  result = getattr(ufunc, method)(*inputs, **kwargs)
/u/home/j/jamesdc1/.conda/envs/hpc-pi/lib/python3.11/site-packages/pandas/core/arraylike.py:399: RuntimeWarning: divide by zero encountered in log
  result = getattr(ufunc, method)(*inputs, **kwargs)
    segment    estimator  train_win  pooled_train_win  bar_end      sample     n      first  QLIKE_subsection  QLIKE_pooled      diff       pct     ci_lo     ci_hi       dm_stat  improves
    bar1000     reclasso        500               500 all bars      common  3119 2012-03-23           0.11854      24.08751 -23.96897 -99.50789 -24.02011 -23.91493 -9.649310e+02      True
    bar1000     reclasso        500               500 all bars deck period  1116 2020-01-03           0.12099      24.10881 -23.98782 -99.49814 -24.09258 -23.88913 -5.440579e+02      True
    bar1000     reclasso        500               500    10:00      common  3119 2012-03-23           0.11854      24.08751 -23.96897 -99.50789 -24.02011 -23.91493 -9.649310e+02      True
    bar1000     reclasso        500               500    10:00 deck period  1116 2020-01-03           0.12099      24.10881 -23.98782 -99.49814 -24.09258 -23.88913 -5.440579e+02      True
    bar1000     reclasso       2000               500 all bars      common  1619 2018-01-19           0.12608      24.12296 -23.99688 -99.47733 -24.07896 -23.91471 -6.289826e+02      True
    bar1000     reclasso       2000               500 all bars deck period  1116 2020-01-03           0.12464      24.10881 -23.98417 -99.48302 -24.08883 -23.88549 -5.496607e+02      True
    bar1000     reclasso       2000               500    10:00      common  1619 2018-01-19           0.12608      24.12296 -23.99688 -99.47733 -24.07896 -23.91471 -6.289826e+02      True
    bar1000     reclasso       2000               500    10:00 deck period  1116 2020-01-03           0.12464      24.10881 -23.98417 -99.48302 -24.08883 -23.88549 -5.496607e+02      True
    bar1000     reclasso       2000              2000 all bars      common  1619 2018-01-19           0.12608       0.12578   0.00030   0.24129  -0.00368   0.00466  1.605500e-01     False
    bar1000     reclasso       2000              2000 all bars deck period  1116 2020-01-03           0.12464       0.12083   0.00381   3.15223  -0.00055   0.00896  1.723960e+00     False
    bar1000     reclasso       2000              2000    10:00      common  1619 2018-01-19           0.12608       0.12578   0.00030   0.24129  -0.00368   0.00466  1.605500e-01     False
    bar1000     reclasso       2000              2000    10:00 deck period  1116 2020-01-03           0.12464       0.12083   0.00381   3.15223  -0.00055   0.00896  1.723960e+00     False
    bar1000 reclasticnet        500               500 all bars      common  3119 2012-03-23           0.11797       0.11872  -0.00075  -0.63073  -0.00390   0.00256 -4.878300e-01     False
    bar1000 reclasticnet        500               500 all bars deck period  1116 2020-01-03           0.12057       0.11637   0.00420   3.60626  -0.00141   0.01057  1.618130e+00     False
    bar1000 reclasticnet        500               500    10:00      common  3119 2012-03-23           0.11797       0.11872  -0.00075  -0.63073  -0.00390   0.00256 -4.878300e-01     False
    bar1000 reclasticnet        500               500    10:00 deck period  1116 2020-01-03           0.12057       0.11637   0.00420   3.60626  -0.00141   0.01057  1.618130e+00     False
    bar1000 reclasticnet       2000               500 all bars      common  1619 2018-01-19           0.12592       0.12494   0.00098   0.78262  -0.00526   0.00781  3.266400e-01     False
    bar1000 reclasticnet       2000               500 all bars deck period  1116 2020-01-03           0.12483       0.11637   0.00846   7.26826   0.00161   0.01669  2.293440e+00     False
    bar1000 reclasticnet       2000               500    10:00      common  1619 2018-01-19           0.12592       0.12494   0.00098   0.78262  -0.00526   0.00781  3.266400e-01     False
    bar1000 reclasticnet       2000               500    10:00 deck period  1116 2020-01-03           0.12483       0.11637   0.00846   7.26826   0.00161   0.01669  2.293440e+00     False
    bar1000 reclasticnet       2000              2000 all bars      common  1619 2018-01-19           0.12592       0.12590   0.00002   0.01533  -0.00489   0.00591  7.690000e-03     False
    bar1000 reclasticnet       2000              2000 all bars deck period  1116 2020-01-03           0.12483       0.12083   0.00400   3.31136  -0.00147   0.01141  1.251990e+00     False
    bar1000 reclasticnet       2000              2000    10:00      common  1619 2018-01-19           0.12592       0.12590   0.00002   0.01533  -0.00489   0.00591  7.690000e-03     False
    bar1000 reclasticnet       2000              2000    10:00 deck period  1116 2020-01-03           0.12483       0.12083   0.00400   3.31136  -0.00147   0.01141  1.251990e+00     False
    bar1000        ridge        500               500 all bars      common  3119 2012-03-23           0.11935       0.11829   0.00106   0.89934  -0.00233   0.00430  6.662200e-01     False
    bar1000        ridge        500               500 all bars deck period  1116 2020-01-03           0.12241       0.11640   0.00601   5.16332   0.00035   0.01207  2.418520e+00     False
    bar1000        ridge        500               500    10:00      common  3119 2012-03-23           0.11935       0.11829   0.00106   0.89934  -0.00233   0.00430  6.662200e-01     False
    bar1000        ridge        500               500    10:00 deck period  1116 2020-01-03           0.12241       0.11640   0.00601   5.16332   0.00035   0.01207  2.418520e+00     False
    bar1000        ridge       2000               500 all bars      common  1619 2018-01-19           0.12525       0.12474   0.00050   0.40309  -0.00480   0.00616  1.959200e-01     False
    bar1000        ridge       2000               500 all bars deck period  1116 2020-01-03           0.12336       0.11640   0.00695   5.97381   0.00110   0.01360  2.342480e+00     False
    bar1000        ridge       2000               500    10:00      common  1619 2018-01-19           0.12525       0.12474   0.00050   0.40309  -0.00480   0.00616  1.959200e-01     False
    bar1000        ridge       2000               500    10:00 deck period  1116 2020-01-03           0.12336       0.11640   0.00695   5.97381   0.00110   0.01360  2.342480e+00     False
    bar1000        ridge       2000              2000 all bars      common  1619 2018-01-19           0.12525       0.12540  -0.00016  -0.12403  -0.00444   0.00451 -7.406000e-02     False
    bar1000        ridge       2000              2000 all bars deck period  1116 2020-01-03           0.12336       0.12050   0.00286   2.37551  -0.00235   0.00892  1.098770e+00     False
    bar1000        ridge       2000              2000    10:00      common  1619 2018-01-19           0.12525       0.12540  -0.00016  -0.12403  -0.00444   0.00451 -7.406000e-02     False
    bar1000        ridge       2000              2000    10:00 deck period  1116 2020-01-03           0.12336       0.12050   0.00286   2.37551  -0.00235   0.00892  1.098770e+00     False
    bar1030     reclasso        500               500 all bars      common  3119 2012-03-23           0.14702      24.13298 -23.98596 -99.39078 -24.03769 -23.93334 -9.205820e+02      True
    bar1030     reclasso        500               500 all bars deck period  1116 2020-01-03           0.15707      24.15062 -23.99355 -99.34962 -24.09276 -23.89771 -5.281742e+02      True
    bar1030     reclasso        500               500    10:30      common  3119 2012-03-23           0.14702      24.13298 -23.98596 -99.39078 -24.03769 -23.93334 -9.205820e+02      True
    bar1030     reclasso        500               500    10:30 deck period  1116 2020-01-03           0.15707      24.15062 -23.99355 -99.34962 -24.09276 -23.89771 -5.281742e+02      True
    bar1030     reclasso       2000               500 all bars      common  1619 2018-01-19           0.15604      24.16424 -24.00820 -99.35425 -24.08824 -23.92471 -6.148652e+02      True
    bar1030     reclasso       2000               500 all bars deck period  1116 2020-01-03           0.15247      24.15062 -23.99815 -99.36869 -24.09622 -23.90565 -5.347220e+02      True
    bar1030     reclasso       2000               500    10:30      common  1619 2018-01-19           0.15604      24.16424 -24.00820 -99.35425 -24.08824 -23.92471 -6.148652e+02      True
    bar1030     reclasso       2000               500    10:30 deck period  1116 2020-01-03           0.15247      24.15062 -23.99815 -99.36869 -24.09622 -23.90565 -5.347220e+02      True
    bar1030     reclasso       2000              2000 all bars      common  1619 2018-01-19           0.15604       0.16569  -0.00965  -5.82290  -0.01406  -0.00530 -4.288300e+00      True
    bar1030     reclasso       2000              2000 all bars deck period  1116 2020-01-03           0.15247       0.16108  -0.00862  -5.34897  -0.01397  -0.00322 -3.059440e+00      True
    bar1030     reclasso       2000              2000    10:30      common  1619 2018-01-19           0.15604       0.16569  -0.00965  -5.82290  -0.01406  -0.00530 -4.288300e+00      True
    bar1030     reclasso       2000              2000    10:30 deck period  1116 2020-01-03           0.15247       0.16108  -0.00862  -5.34897  -0.01397  -0.00322 -3.059440e+00      True
    bar1030 reclasticnet        500               500 all bars      common  3119 2012-03-23           0.14635       0.15194  -0.00559  -3.67724  -0.00849  -0.00279 -4.087840e+00      True
    bar1030 reclasticnet        500               500 all bars deck period  1116 2020-01-03           0.15666       0.15881  -0.00215  -1.35426  -0.00678   0.00218 -9.669600e-01     False
    bar1030 reclasticnet        500               500    10:30      common  3119 2012-03-23           0.14635       0.15194  -0.00559  -3.67724  -0.00849  -0.00279 -4.087840e+00      True
    bar1030 reclasticnet        500               500    10:30 deck period  1116 2020-01-03           0.15666       0.15881  -0.00215  -1.35426  -0.00678   0.00218 -9.669600e-01     False
    bar1030 reclasticnet       2000               500 all bars      common  1619 2018-01-19           0.15588       0.16467  -0.00880  -5.34117  -0.01401  -0.00375 -3.466220e+00      True
    bar1030 reclasticnet       2000               500 all bars deck period  1116 2020-01-03           0.15295       0.15881  -0.00586  -3.68862  -0.01213   0.00039 -1.840830e+00     False
    bar1030 reclasticnet       2000               500    10:30      common  1619 2018-01-19           0.15588       0.16467  -0.00880  -5.34117  -0.01401  -0.00375 -3.466220e+00      True
    bar1030 reclasticnet       2000               500    10:30 deck period  1116 2020-01-03           0.15295       0.15881  -0.00586  -3.68862  -0.01213   0.00039 -1.840830e+00     False
    bar1030 reclasticnet       2000              2000 all bars      common  1619 2018-01-19           0.15588       0.16598  -0.01010  -6.08502  -0.01454  -0.00541 -4.459840e+00      True
    bar1030 reclasticnet       2000              2000 all bars deck period  1116 2020-01-03           0.15295       0.16133  -0.00837  -5.19064  -0.01351  -0.00304 -3.037420e+00      True
    bar1030 reclasticnet       2000              2000    10:30      common  1619 2018-01-19           0.15588       0.16598  -0.01010  -6.08502  -0.01454  -0.00541 -4.459840e+00      True
    bar1030 reclasticnet       2000              2000    10:30 deck period  1116 2020-01-03           0.15295       0.16133  -0.00837  -5.19064  -0.01351  -0.00304 -3.037420e+00      True
    bar1030        ridge        500               500 all bars      common  3119 2012-03-23           0.14895       0.15222  -0.00327  -2.14529  -0.00737   0.00063 -1.751030e+00     False
    bar1030        ridge        500               500 all bars deck period  1116 2020-01-03           0.15765       0.15848  -0.00082  -0.52052  -0.00604   0.00443 -3.110200e-01     False
    bar1030        ridge        500               500    10:30      common  3119 2012-03-23           0.14895       0.15222  -0.00327  -2.14529  -0.00737   0.00063 -1.751030e+00     False
    bar1030        ridge        500               500    10:30 deck period  1116 2020-01-03           0.15765       0.15848  -0.00082  -0.52052  -0.00604   0.00443 -3.110200e-01     False
    bar1030        ridge       2000               500 all bars      common  1619 2018-01-19           0.15832       0.16474  -0.00642  -3.89834  -0.01104  -0.00171 -2.761510e+00      True
    bar1030        ridge       2000               500 all bars deck period  1116 2020-01-03           0.15449       0.15848  -0.00399  -2.51513  -0.00992   0.00168 -1.364330e+00     False
    bar1030        ridge       2000               500    10:30      common  1619 2018-01-19           0.15832       0.16474  -0.00642  -3.89834  -0.01104  -0.00171 -2.761510e+00      True
    bar1030        ridge       2000               500    10:30 deck period  1116 2020-01-03           0.15449       0.15848  -0.00399  -2.51513  -0.00992   0.00168 -1.364330e+00     False
    bar1030        ridge       2000              2000 all bars      common  1619 2018-01-19           0.15832       0.16632  -0.00800  -4.80714  -0.01223  -0.00372 -3.870590e+00      True
    bar1030        ridge       2000              2000 all bars deck period  1116 2020-01-03           0.15449       0.16132  -0.00683  -4.23359  -0.01183  -0.00186 -2.733880e+00      True
    bar1030        ridge       2000              2000    10:30      common  1619 2018-01-19           0.15832       0.16632  -0.00800  -4.80714  -0.01223  -0.00372 -3.870590e+00      True
    bar1030        ridge       2000              2000    10:30 deck period  1116 2020-01-03           0.15449       0.16132  -0.00683  -4.23359  -0.01183  -0.00186 -2.733880e+00      True
    bar1100     reclasso        500               500 all bars      common  3119 2012-03-23           0.13014      24.14243 -24.01229 -99.46093 -24.06511 -23.95891 -9.262985e+02      True
    bar1100     reclasso        500               500 all bars deck period  1116 2020-01-03           0.14980      24.17383 -24.02403 -99.38032 -24.12818 -23.92910 -5.276513e+02      True
    bar1100     reclasso        500               500    11:00      common  3119 2012-03-23           0.13014      24.14243 -24.01229 -99.46093 -24.06511 -23.95891 -9.262985e+02      True
    bar1100     reclasso        500               500    11:00 deck period  1116 2020-01-03           0.14980      24.17383 -24.02403 -99.38032 -24.12818 -23.92910 -5.276513e+02      True
    bar1100     reclasso       2000               500 all bars      common  1619 2018-01-19           0.14516      24.17380 -24.02864 -99.39952 -24.11035 -23.94899 -6.300437e+02      True
    bar1100     reclasso       2000               500 all bars deck period  1116 2020-01-03           0.15493      24.17383 -24.01890 -99.35911 -24.12013 -23.92387 -5.406731e+02      True
    bar1100     reclasso       2000               500    11:00      common  1619 2018-01-19           0.14516      24.17380 -24.02864 -99.39952 -24.11035 -23.94899 -6.300437e+02      True
    bar1100     reclasso       2000               500    11:00 deck period  1116 2020-01-03           0.15493      24.17383 -24.01890 -99.35911 -24.12013 -23.92387 -5.406731e+02      True
    bar1100     reclasso       2000              2000 all bars      common  1619 2018-01-19           0.14516       0.14537  -0.00021  -0.14587  -0.00465   0.00497 -9.927000e-02     False
    bar1100     reclasso       2000              2000 all bars deck period  1116 2020-01-03           0.15493       0.15410   0.00082   0.53379  -0.00392   0.00620  3.704800e-01     False
    bar1100     reclasso       2000              2000    11:00      common  1619 2018-01-19           0.14516       0.14537  -0.00021  -0.14587  -0.00465   0.00497 -9.927000e-02     False
    bar1100     reclasso       2000              2000    11:00 deck period  1116 2020-01-03           0.15493       0.15410   0.00082   0.53379  -0.00392   0.00620  3.704800e-01     False
    bar1100 reclasticnet        500               500 all bars      common  3119 2012-03-23           0.12993       0.13340  -0.00347  -2.60294  -0.00650  -0.00034 -2.366330e+00      True
    bar1100 reclasticnet        500               500 all bars deck period  1116 2020-01-03           0.15083       0.14694   0.00389   2.64749  -0.00260   0.01085  1.228360e+00     False
    bar1100 reclasticnet        500               500    11:00      common  3119 2012-03-23           0.12993       0.13340  -0.00347  -2.60294  -0.00650  -0.00034 -2.366330e+00      True
    bar1100 reclasticnet        500               500    11:00 deck period  1116 2020-01-03           0.15083       0.14694   0.00389   2.64749  -0.00260   0.01085  1.228360e+00     False
    bar1100 reclasticnet       2000               500 all bars      common  1619 2018-01-19           0.14462       0.14073   0.00389   2.76413  -0.00142   0.00987  1.584500e+00     False
    bar1100 reclasticnet       2000               500 all bars deck period  1116 2020-01-03           0.15409       0.14694   0.00716   4.86979   0.00171   0.01321  3.016930e+00     False
    bar1100 reclasticnet       2000               500    11:00      common  1619 2018-01-19           0.14462       0.14073   0.00389   2.76413  -0.00142   0.00987  1.584500e+00     False
    bar1100 reclasticnet       2000               500    11:00 deck period  1116 2020-01-03           0.15409       0.14694   0.00716   4.86979   0.00171   0.01321  3.016930e+00     False
    bar1100 reclasticnet       2000              2000 all bars      common  1619 2018-01-19           0.14462       0.14537  -0.00075  -0.51587  -0.00521   0.00433 -3.583300e-01     False
    bar1100 reclasticnet       2000              2000 all bars deck period  1116 2020-01-03           0.15409       0.15387   0.00022   0.14507  -0.00419   0.00542  1.055600e-01     False
    bar1100 reclasticnet       2000              2000    11:00      common  1619 2018-01-19           0.14462       0.14537  -0.00075  -0.51587  -0.00521   0.00433 -3.583300e-01     False
    bar1100 reclasticnet       2000              2000    11:00 deck period  1116 2020-01-03           0.15409       0.15387   0.00022   0.14507  -0.00419   0.00542  1.055600e-01     False
    bar1100        ridge        500               500 all bars      common  3119 2012-03-23           0.13155       0.13380  -0.00225  -1.68133  -0.00521   0.00073 -1.545320e+00     False
    bar1100        ridge        500               500 all bars deck period  1116 2020-01-03           0.15019       0.14748   0.00271   1.83494  -0.00238   0.00839  1.043950e+00     False
    bar1100        ridge        500               500    11:00      common  3119 2012-03-23           0.13155       0.13380  -0.00225  -1.68133  -0.00521   0.00073 -1.545320e+00     False
    bar1100        ridge        500               500    11:00 deck period  1116 2020-01-03           0.15019       0.14748   0.00271   1.83494  -0.00238   0.00839  1.043950e+00     False
    bar1100        ridge       2000               500 all bars      common  1619 2018-01-19           0.14292       0.14128   0.00164   1.15734  -0.00378   0.00732  6.461800e-01     False
    bar1100        ridge       2000               500 all bars deck period  1116 2020-01-03           0.15174       0.14748   0.00426   2.88787  -0.00158   0.01043  1.597350e+00     False
    bar1100        ridge       2000               500    11:00      common  1619 2018-01-19           0.14292       0.14128   0.00164   1.15734  -0.00378   0.00732  6.461800e-01     False
    bar1100        ridge       2000               500    11:00 deck period  1116 2020-01-03           0.15174       0.14748   0.00426   2.88787  -0.00158   0.01043  1.597350e+00     False
    bar1100        ridge       2000              2000 all bars      common  1619 2018-01-19           0.14292       0.14545  -0.00254  -1.74371  -0.00711   0.00228 -1.138550e+00     False
    bar1100        ridge       2000              2000 all bars deck period  1116 2020-01-03           0.15174       0.15352  -0.00178  -1.16133  -0.00686   0.00361 -7.261700e-01     False
    bar1100        ridge       2000              2000    11:00      common  1619 2018-01-19           0.14292       0.14545  -0.00254  -1.74371  -0.00711   0.00228 -1.138550e+00     False
    bar1100        ridge       2000              2000    11:00 deck period  1116 2020-01-03           0.15174       0.15352  -0.00178  -1.16133  -0.00686   0.00361 -7.261700e-01     False
    bar1130     reclasso        500               500 all bars      common  3121 2012-03-21           0.13083      24.15843 -24.02761 -99.45846 -24.08049 -23.97237 -8.851815e+02      True
    bar1130     reclasso        500               500 all bars deck period  1116 2020-01-03           0.13798      24.19790 -24.05992 -99.42977 -24.16375 -23.96462 -5.217815e+02      True
    bar1130     reclasso        500               500    11:30      common  3121 2012-03-21           0.13083      24.15843 -24.02761 -99.45846 -24.08049 -23.97237 -8.851815e+02      True
    bar1130     reclasso        500               500    11:30 deck period  1116 2020-01-03           0.13798      24.19790 -24.05992 -99.42977 -24.16375 -23.96462 -5.217815e+02      True
    bar1130     reclasso       2000               500 all bars      common  1621 2018-01-17           0.13282      24.18867 -24.05586 -99.45091 -24.14151 -23.97028 -6.036830e+02      True
    bar1130     reclasso       2000               500 all bars deck period  1116 2020-01-03           0.13911      24.19790 -24.05879 -99.42513 -24.16256 -23.96289 -5.229737e+02      True
    bar1130     reclasso       2000               500    11:30      common  1621 2018-01-17           0.13282      24.18867 -24.05586 -99.45091 -24.14151 -23.97028 -6.036830e+02      True
    bar1130     reclasso       2000               500    11:30 deck period  1116 2020-01-03           0.13911      24.19790 -24.05879 -99.42513 -24.16256 -23.96289 -5.229737e+02      True
    bar1130     reclasso       2000              2000 all bars      common  1621 2018-01-17           0.13282       0.14316  -0.01034  -7.22601  -0.01467  -0.00614 -5.208490e+00      True
    bar1130     reclasso       2000              2000 all bars deck period  1116 2020-01-03           0.13911       0.15240  -0.01329  -8.71960  -0.01843  -0.00828 -5.834130e+00      True
    bar1130     reclasso       2000              2000    11:30      common  1621 2018-01-17           0.13282       0.14316  -0.01034  -7.22601  -0.01467  -0.00614 -5.208490e+00      True
    bar1130     reclasso       2000              2000    11:30 deck period  1116 2020-01-03           0.13911       0.15240  -0.01329  -8.71960  -0.01843  -0.00828 -5.834130e+00      True
    bar1130 reclasticnet        500               500 all bars      common  3121 2012-03-21           0.12905       0.13537  -0.00632  -4.66740  -0.00954  -0.00316 -4.290790e+00      True
    bar1130 reclasticnet        500               500 all bars deck period  1116 2020-01-03           0.13700       0.14348  -0.00648  -4.51325  -0.01099  -0.00194 -2.958060e+00      True
    bar1130 reclasticnet        500               500    11:30      common  3121 2012-03-21           0.12905       0.13537  -0.00632  -4.66740  -0.00954  -0.00316 -4.290790e+00      True
    bar1130 reclasticnet        500               500    11:30 deck period  1116 2020-01-03           0.13700       0.14348  -0.00648  -4.51325  -0.01099  -0.00194 -2.958060e+00      True
    bar1130 reclasticnet       2000               500 all bars      common  1621 2018-01-17           0.13405       0.13835  -0.00430  -3.10811  -0.00893   0.00021 -1.972390e+00     False
    bar1130 reclasticnet       2000               500 all bars deck period  1116 2020-01-03           0.14061       0.14348  -0.00287  -1.99824  -0.00837   0.00289 -1.086210e+00     False
    bar1130 reclasticnet       2000               500    11:30      common  1621 2018-01-17           0.13405       0.13835  -0.00430  -3.10811  -0.00893   0.00021 -1.972390e+00     False
    bar1130 reclasticnet       2000               500    11:30 deck period  1116 2020-01-03           0.14061       0.14348  -0.00287  -1.99824  -0.00837   0.00289 -1.086210e+00     False
    bar1130 reclasticnet       2000              2000 all bars      common  1621 2018-01-17           0.13405       0.14335  -0.00930  -6.48767  -0.01356  -0.00509 -4.547480e+00      True
    bar1130 reclasticnet       2000              2000 all bars deck period  1116 2020-01-03           0.14061       0.15240  -0.01179  -7.73681  -0.01704  -0.00676 -4.841810e+00      True
    bar1130 reclasticnet       2000              2000    11:30      common  1621 2018-01-17           0.13405       0.14335  -0.00930  -6.48767  -0.01356  -0.00509 -4.547480e+00      True
    bar1130 reclasticnet       2000              2000    11:30 deck period  1116 2020-01-03           0.14061       0.15240  -0.01179  -7.73681  -0.01704  -0.00676 -4.841810e+00      True
    bar1130        ridge        500               500 all bars      common  3121 2012-03-21           0.13630       0.13544   0.00086   0.63440  -0.00569   0.00871  2.459500e-01     False
    bar1130        ridge        500               500 all bars deck period  1116 2020-01-03           0.13948       0.14437  -0.00489  -3.38816  -0.01193   0.00242 -1.493620e+00     False
    bar1130        ridge        500               500    11:30      common  3121 2012-03-21           0.13630       0.13544   0.00086   0.63440  -0.00569   0.00871  2.459500e-01     False
    bar1130        ridge        500               500    11:30 deck period  1116 2020-01-03           0.13948       0.14437  -0.00489  -3.38816  -0.01193   0.00242 -1.493620e+00     False
    bar1130        ridge       2000               500 all bars      common  1621 2018-01-17           0.13375       0.13916  -0.00541  -3.88940  -0.01015  -0.00099 -2.411430e+00      True
    bar1130        ridge       2000               500 all bars deck period  1116 2020-01-03           0.14026       0.14437  -0.00412  -2.85077  -0.00963   0.00149 -1.533750e+00     False
    bar1130        ridge       2000               500    11:30      common  1621 2018-01-17           0.13375       0.13916  -0.00541  -3.88940  -0.01015  -0.00099 -2.411430e+00      True
    bar1130        ridge       2000               500    11:30 deck period  1116 2020-01-03           0.14026       0.14437  -0.00412  -2.85077  -0.00963   0.00149 -1.533750e+00     False
    bar1130        ridge       2000              2000 all bars      common  1621 2018-01-17           0.13375       0.14305  -0.00930  -6.50247  -0.01402  -0.00482 -4.142680e+00      True
    bar1130        ridge       2000              2000 all bars deck period  1116 2020-01-03           0.14026       0.15197  -0.01171  -7.70559  -0.01742  -0.00617 -4.303000e+00      True
    bar1130        ridge       2000              2000    11:30      common  1621 2018-01-17           0.13375       0.14305  -0.00930  -6.50247  -0.01402  -0.00482 -4.142680e+00      True
    bar1130        ridge       2000              2000    11:30 deck period  1116 2020-01-03           0.14026       0.15197  -0.01171  -7.70559  -0.01742  -0.00617 -4.303000e+00      True
    bar1200     reclasso        500               500 all bars      common  3060 2012-05-31           0.13511      24.18082 -24.04572 -99.44127 -24.10102 -23.99060 -8.761250e+02      True
    bar1200     reclasso        500               500 all bars deck period  1116 2020-01-03           0.13103      24.19596 -24.06493 -99.45847 -24.16315 -23.96916 -5.282950e+02      True
    bar1200     reclasso        500               500    12:00      common  3060 2012-05-31           0.13511      24.18082 -24.04572 -99.44127 -24.10102 -23.99060 -8.761250e+02      True
    bar1200     reclasso        500               500    12:00 deck period  1116 2020-01-03           0.13103      24.19596 -24.06493 -99.45847 -24.16315 -23.96916 -5.282950e+02      True
    bar1200     reclasso       2000               500 all bars      common  1560 2018-04-13           0.15150      24.22098 -24.06948 -99.37452 -24.14868 -23.99029 -6.049717e+02      True
    bar1200     reclasso       2000               500 all bars deck period  1116 2020-01-03           0.13577      24.19596 -24.06020 -99.43889 -24.15853 -23.96470 -5.345915e+02      True
    bar1200     reclasso       2000               500    12:00      common  1560 2018-04-13           0.15150      24.22098 -24.06948 -99.37452 -24.14868 -23.99029 -6.049717e+02      True
    bar1200     reclasso       2000               500    12:00 deck period  1116 2020-01-03           0.13577      24.19596 -24.06020 -99.43889 -24.15853 -23.96470 -5.345915e+02      True
    bar1200     reclasso       2000              2000 all bars      common  1560 2018-04-13           0.15150       0.16121  -0.00972  -6.02707  -0.01271  -0.00683 -6.223510e+00      True
    bar1200     reclasso       2000              2000 all bars deck period  1116 2020-01-03           0.13577       0.14781  -0.01205  -8.15023  -0.01509  -0.00931 -7.777650e+00      True
    bar1200     reclasso       2000              2000    12:00      common  1560 2018-04-13           0.15150       0.16121  -0.00972  -6.02707  -0.01271  -0.00683 -6.223510e+00      True
    bar1200     reclasso       2000              2000    12:00 deck period  1116 2020-01-03           0.13577       0.14781  -0.01205  -8.15023  -0.01509  -0.00931 -7.777650e+00      True
    bar1200 reclasticnet        500               500 all bars      common  3060 2012-05-31           0.13532       0.13944  -0.00413  -2.95860  -0.00684  -0.00137 -2.958550e+00      True
    bar1200 reclasticnet        500               500 all bars deck period  1116 2020-01-03           0.13230       0.13782  -0.00553  -4.00941  -0.01060  -0.00045 -2.006040e+00      True
    bar1200 reclasticnet        500               500    12:00      common  3060 2012-05-31           0.13532       0.13944  -0.00413  -2.95860  -0.00684  -0.00137 -2.958550e+00      True
    bar1200 reclasticnet        500               500    12:00 deck period  1116 2020-01-03           0.13230       0.13782  -0.00553  -4.00941  -0.01060  -0.00045 -2.006040e+00      True
    bar1200 reclasticnet       2000               500 all bars      common  1560 2018-04-13           0.15155       0.15415  -0.00261  -1.69221  -0.00615   0.00119 -1.361090e+00     False
    bar1200 reclasticnet       2000               500 all bars deck period  1116 2020-01-03           0.13549       0.13782  -0.00234  -1.69584  -0.00583   0.00135 -1.410350e+00     False
    bar1200 reclasticnet       2000               500    12:00      common  1560 2018-04-13           0.15155       0.15415  -0.00261  -1.69221  -0.00615   0.00119 -1.361090e+00     False
    bar1200 reclasticnet       2000               500    12:00 deck period  1116 2020-01-03           0.13549       0.13782  -0.00234  -1.69584  -0.00583   0.00135 -1.410350e+00     False
    bar1200 reclasticnet       2000              2000 all bars      common  1560 2018-04-13           0.15155       0.16108  -0.00953  -5.91727  -0.01278  -0.00641 -5.541890e+00      True
    bar1200 reclasticnet       2000              2000 all bars deck period  1116 2020-01-03           0.13549       0.14732  -0.01183  -8.03226  -0.01513  -0.00897 -6.924140e+00      True
    bar1200 reclasticnet       2000              2000    12:00      common  1560 2018-04-13           0.15155       0.16108  -0.00953  -5.91727  -0.01278  -0.00641 -5.541890e+00      True
    bar1200 reclasticnet       2000              2000    12:00 deck period  1116 2020-01-03           0.13549       0.14732  -0.01183  -8.03226  -0.01513  -0.00897 -6.924140e+00      True
    bar1200        ridge        500               500 all bars      common  3060 2012-05-31           0.14142       0.14011   0.00131   0.93229  -0.00186   0.00458  7.820900e-01     False
    bar1200        ridge        500               500 all bars deck period  1116 2020-01-03           0.13772       0.14021  -0.00250  -1.77993  -0.00810   0.00299 -8.772500e-01     False
    bar1200        ridge        500               500    12:00      common  3060 2012-05-31           0.14142       0.14011   0.00131   0.93229  -0.00186   0.00458  7.820900e-01     False
    bar1200        ridge        500               500    12:00 deck period  1116 2020-01-03           0.13772       0.14021  -0.00250  -1.77993  -0.00810   0.00299 -8.772500e-01     False
    bar1200        ridge       2000               500 all bars      common  1560 2018-04-13           0.15901       0.15569   0.00332   2.13045  -0.00160   0.00867  1.296770e+00     False
    bar1200        ridge       2000               500 all bars deck period  1116 2020-01-03           0.14445       0.14021   0.00424   3.02345  -0.00086   0.00962  1.915220e+00     False
    bar1200        ridge       2000               500    12:00      common  1560 2018-04-13           0.15901       0.15569   0.00332   2.13045  -0.00160   0.00867  1.296770e+00     False
    bar1200        ridge       2000               500    12:00 deck period  1116 2020-01-03           0.14445       0.14021   0.00424   3.02345  -0.00086   0.00962  1.915220e+00     False
    bar1200        ridge       2000              2000 all bars      common  1560 2018-04-13           0.15901       0.16073  -0.00172  -1.07192  -0.00658   0.00359 -7.160300e-01     False
    bar1200        ridge       2000              2000 all bars deck period  1116 2020-01-03           0.14445       0.14716  -0.00271  -1.84169  -0.00839   0.00360 -1.126410e+00     False
    bar1200        ridge       2000              2000    12:00      common  1560 2018-04-13           0.15901       0.16073  -0.00172  -1.07192  -0.00658   0.00359 -7.160300e-01     False
    bar1200        ridge       2000              2000    12:00 deck period  1116 2020-01-03           0.14445       0.14716  -0.00271  -1.84169  -0.00839   0.00360 -1.126410e+00     False
    bar1230     reclasso        500               500 all bars      common  3060 2012-05-31           0.14206      24.19348 -24.05142 -99.41282 -24.10916 -23.99280 -8.416525e+02      True
    bar1230     reclasso        500               500 all bars deck period  1116 2020-01-03           0.14594      24.21342 -24.06747 -99.39726 -24.17816 -23.96203 -4.999221e+02      True
    bar1230     reclasso        500               500    12:30      common  3060 2012-05-31           0.14206      24.19348 -24.05142 -99.41282 -24.10916 -23.99280 -8.416525e+02      True
    bar1230     reclasso        500               500    12:30 deck period  1116 2020-01-03           0.14594      24.21342 -24.06747 -99.39726 -24.17816 -23.96203 -4.999221e+02      True
    bar1230     reclasso       2000               500 all bars      common  1560 2018-04-13           0.16077      24.23521 -24.07445 -99.33665 -24.15751 -23.98824 -5.827404e+02      True
    bar1230     reclasso       2000               500 all bars deck period  1116 2020-01-03           0.15632      24.21342 -24.05710 -99.35441 -24.16729 -23.95499 -5.118284e+02      True
    bar1230     reclasso       2000               500    12:30      common  1560 2018-04-13           0.16077      24.23521 -24.07445 -99.33665 -24.15751 -23.98824 -5.827404e+02      True
    bar1230     reclasso       2000               500    12:30 deck period  1116 2020-01-03           0.15632      24.21342 -24.05710 -99.35441 -24.16729 -23.95499 -5.118284e+02      True
    bar1230     reclasso       2000              2000 all bars      common  1560 2018-04-13           0.16077       0.16638  -0.00562  -3.37695  -0.00900  -0.00261 -3.559400e+00      True
    bar1230     reclasso       2000              2000 all bars deck period  1116 2020-01-03           0.15632       0.16007  -0.00375  -2.34250  -0.00720  -0.00048 -2.432330e+00      True
    bar1230     reclasso       2000              2000    12:30      common  1560 2018-04-13           0.16077       0.16638  -0.00562  -3.37695  -0.00900  -0.00261 -3.559400e+00      True
    bar1230     reclasso       2000              2000    12:30 deck period  1116 2020-01-03           0.15632       0.16007  -0.00375  -2.34250  -0.00720  -0.00048 -2.432330e+00      True
    bar1230 reclasticnet        500               500 all bars      common  3060 2012-05-31           0.14246       0.14658  -0.00412  -2.81243  -0.00760  -0.00028 -2.503010e+00      True
    bar1230 reclasticnet        500               500 all bars deck period  1116 2020-01-03           0.14660       0.14903  -0.00244  -1.63511  -0.00977   0.00669 -7.032800e-01     False
    bar1230 reclasticnet        500               500    12:30      common  3060 2012-05-31           0.14246       0.14658  -0.00412  -2.81243  -0.00760  -0.00028 -2.503010e+00      True
    bar1230 reclasticnet        500               500    12:30 deck period  1116 2020-01-03           0.14660       0.14903  -0.00244  -1.63511  -0.00977   0.00669 -7.032800e-01     False
    bar1230 reclasticnet       2000               500 all bars      common  1560 2018-04-13           0.15885       0.15854   0.00032   0.19971  -0.00345   0.00398  1.786800e-01     False
    bar1230 reclasticnet       2000               500 all bars deck period  1116 2020-01-03           0.15404       0.14903   0.00501   3.36156   0.00141   0.00890  2.701490e+00     False
    bar1230 reclasticnet       2000               500    12:30      common  1560 2018-04-13           0.15885       0.15854   0.00032   0.19971  -0.00345   0.00398  1.786800e-01     False
    bar1230 reclasticnet       2000               500    12:30 deck period  1116 2020-01-03           0.15404       0.14903   0.00501   3.36156   0.00141   0.00890  2.701490e+00     False
    bar1230 reclasticnet       2000              2000 all bars      common  1560 2018-04-13           0.15885       0.16603  -0.00717  -4.31959  -0.01038  -0.00427 -4.626970e+00      True
    bar1230 reclasticnet       2000              2000 all bars deck period  1116 2020-01-03           0.15404       0.15948  -0.00543  -3.40673  -0.00866  -0.00233 -3.725830e+00      True
    bar1230 reclasticnet       2000              2000    12:30      common  1560 2018-04-13           0.15885       0.16603  -0.00717  -4.31959  -0.01038  -0.00427 -4.626970e+00      True
    bar1230 reclasticnet       2000              2000    12:30 deck period  1116 2020-01-03           0.15404       0.15948  -0.00543  -3.40673  -0.00866  -0.00233 -3.725830e+00      True
    bar1230        ridge        500               500 all bars      common  3060 2012-05-31           0.14629       0.14646  -0.00017  -0.11693  -0.00366   0.00364 -1.051200e-01     False
    bar1230        ridge        500               500 all bars deck period  1116 2020-01-03           0.14839       0.15024  -0.00185  -1.23417  -0.00810   0.00593 -6.079600e-01     False
    bar1230        ridge        500               500    12:30      common  3060 2012-05-31           0.14629       0.14646  -0.00017  -0.11693  -0.00366   0.00364 -1.051200e-01     False
    bar1230        ridge        500               500    12:30 deck period  1116 2020-01-03           0.14839       0.15024  -0.00185  -1.23417  -0.00810   0.00593 -6.079600e-01     False
    bar1230        ridge       2000               500 all bars      common  1560 2018-04-13           0.15926       0.15889   0.00037   0.23330  -0.00306   0.00412  2.116400e-01     False
    bar1230        ridge       2000               500 all bars deck period  1116 2020-01-03           0.15518       0.15024   0.00494   3.28635   0.00117   0.00893  2.692730e+00     False
    bar1230        ridge       2000               500    12:30      common  1560 2018-04-13           0.15926       0.15889   0.00037   0.23330  -0.00306   0.00412  2.116400e-01     False
    bar1230        ridge       2000               500    12:30 deck period  1116 2020-01-03           0.15518       0.15024   0.00494   3.28635   0.00117   0.00893  2.692730e+00     False
    bar1230        ridge       2000              2000 all bars      common  1560 2018-04-13           0.15926       0.16494  -0.00568  -3.44219  -0.00875  -0.00246 -3.557870e+00      True
    bar1230        ridge       2000              2000 all bars deck period  1116 2020-01-03           0.15518       0.15891  -0.00373  -2.34834  -0.00684  -0.00046 -2.466510e+00      True
    bar1230        ridge       2000              2000    12:30      common  1560 2018-04-13           0.15926       0.16494  -0.00568  -3.44219  -0.00875  -0.00246 -3.557870e+00      True
    bar1230        ridge       2000              2000    12:30 deck period  1116 2020-01-03           0.15518       0.15891  -0.00373  -2.34834  -0.00684  -0.00046 -2.466510e+00      True
    bar1300     reclasso        500               500 all bars      common  3060 2012-05-31           0.15804      24.20993 -24.05189 -99.34722 -24.10795 -23.99330 -8.275765e+02      True
    bar1300     reclasso        500               500 all bars deck period  1116 2020-01-03           0.15971      24.22855 -24.06884 -99.34084 -24.18111 -23.96476 -4.673484e+02      True
    bar1300     reclasso        500               500    13:00      common  3060 2012-05-31           0.15804      24.20993 -24.05189 -99.34722 -24.10795 -23.99330 -8.275765e+02      True
    bar1300     reclasso        500               500    13:00 deck period  1116 2020-01-03           0.15971      24.22855 -24.06884 -99.34084 -24.18111 -23.96476 -4.673484e+02      True
    bar1300     reclasso       2000               500 all bars      common  1560 2018-04-13           0.17493      24.25954 -24.08462 -99.27894 -24.17284 -23.99325 -5.457068e+02      True
    bar1300     reclasso       2000               500 all bars deck period  1116 2020-01-03           0.16440      24.22855 -24.06415 -99.32146 -24.17446 -23.96092 -4.755786e+02      True
    bar1300     reclasso       2000               500    13:00      common  1560 2018-04-13           0.17493      24.25954 -24.08462 -99.27894 -24.17284 -23.99325 -5.457068e+02      True
    bar1300     reclasso       2000               500    13:00 deck period  1116 2020-01-03           0.16440      24.22855 -24.06415 -99.32146 -24.17446 -23.96092 -4.755786e+02      True
    bar1300     reclasso       2000              2000 all bars      common  1560 2018-04-13           0.17493       0.18385  -0.00892  -4.85420  -0.01335  -0.00315 -3.448400e+00      True
    bar1300     reclasso       2000              2000 all bars deck period  1116 2020-01-03           0.16440       0.17242  -0.00802  -4.64965  -0.01409  -0.00041 -2.347420e+00      True
    bar1300     reclasso       2000              2000    13:00      common  1560 2018-04-13           0.17493       0.18385  -0.00892  -4.85420  -0.01335  -0.00315 -3.448400e+00      True
    bar1300     reclasso       2000              2000    13:00 deck period  1116 2020-01-03           0.16440       0.17242  -0.00802  -4.64965  -0.01409  -0.00041 -2.347420e+00      True
    bar1300 reclasticnet        500               500 all bars      common  3060 2012-05-31           0.15888       0.16088  -0.00200  -1.24353  -0.00529   0.00120 -1.324160e+00     False
    bar1300 reclasticnet        500               500 all bars deck period  1116 2020-01-03           0.15978       0.16569  -0.00591  -3.56463  -0.01290   0.00097 -1.954340e+00     False
    bar1300 reclasticnet        500               500    13:00      common  3060 2012-05-31           0.15888       0.16088  -0.00200  -1.24353  -0.00529   0.00120 -1.324160e+00     False
    bar1300 reclasticnet        500               500    13:00 deck period  1116 2020-01-03           0.15978       0.16569  -0.00591  -3.56463  -0.01290   0.00097 -1.954340e+00     False
    bar1300 reclasticnet       2000               500 all bars      common  1560 2018-04-13           0.17467       0.17908  -0.00441  -2.46168  -0.00808  -0.00050 -2.157050e+00      True
    bar1300 reclasticnet       2000               500 all bars deck period  1116 2020-01-03           0.16330       0.16569  -0.00238  -1.43893  -0.00719   0.00229 -9.369700e-01     False
    bar1300 reclasticnet       2000               500    13:00      common  1560 2018-04-13           0.17467       0.17908  -0.00441  -2.46168  -0.00808  -0.00050 -2.157050e+00      True
    bar1300 reclasticnet       2000               500    13:00 deck period  1116 2020-01-03           0.16330       0.16569  -0.00238  -1.43893  -0.00719   0.00229 -9.369700e-01     False
    bar1300 reclasticnet       2000              2000 all bars      common  1560 2018-04-13           0.17467       0.18340  -0.00873  -4.75923  -0.01237  -0.00462 -4.528130e+00      True
    bar1300 reclasticnet       2000              2000 all bars deck period  1116 2020-01-03           0.16330       0.17203  -0.00873  -5.07224  -0.01356  -0.00374 -3.586550e+00      True
    bar1300 reclasticnet       2000              2000    13:00      common  1560 2018-04-13           0.17467       0.18340  -0.00873  -4.75923  -0.01237  -0.00462 -4.528130e+00      True
    bar1300 reclasticnet       2000              2000    13:00 deck period  1116 2020-01-03           0.16330       0.17203  -0.00873  -5.07224  -0.01356  -0.00374 -3.586550e+00      True
    bar1300        ridge        500               500 all bars      common  3060 2012-05-31           0.16649       0.16066   0.00583   3.62999   0.00134   0.01122  2.370850e+00     False
    bar1300        ridge        500               500 all bars deck period  1116 2020-01-03           0.17107       0.16626   0.00481   2.89249  -0.00427   0.01804  8.798300e-01     False
    bar1300        ridge        500               500    13:00      common  3060 2012-05-31           0.16649       0.16066   0.00583   3.62999   0.00134   0.01122  2.370850e+00     False
    bar1300        ridge        500               500    13:00 deck period  1116 2020-01-03           0.17107       0.16626   0.00481   2.89249  -0.00427   0.01804  8.798300e-01     False
    bar1300        ridge       2000               500 all bars      common  1560 2018-04-13           0.17904       0.17964  -0.00060  -0.33295  -0.00541   0.00455 -2.446200e-01     False
    bar1300        ridge       2000               500 all bars deck period  1116 2020-01-03           0.16902       0.16626   0.00275   1.65537  -0.00298   0.00906  8.999600e-01     False
    bar1300        ridge       2000               500    13:00      common  1560 2018-04-13           0.17904       0.17964  -0.00060  -0.33295  -0.00541   0.00455 -2.446200e-01     False
    bar1300        ridge       2000               500    13:00 deck period  1116 2020-01-03           0.16902       0.16626   0.00275   1.65537  -0.00298   0.00906  8.999600e-01     False
    bar1300        ridge       2000              2000 all bars      common  1560 2018-04-13           0.17904       0.18287  -0.00384  -2.09742  -0.00812   0.00114 -1.663740e+00     False
    bar1300        ridge       2000              2000 all bars deck period  1116 2020-01-03           0.16902       0.17164  -0.00262  -1.52844  -0.00823   0.00388 -8.729400e-01     False
    bar1300        ridge       2000              2000    13:00      common  1560 2018-04-13           0.17904       0.18287  -0.00384  -2.09742  -0.00812   0.00114 -1.663740e+00     False
    bar1300        ridge       2000              2000    13:00 deck period  1116 2020-01-03           0.16902       0.17164  -0.00262  -1.52844  -0.00823   0.00388 -8.729400e-01     False
    bar1330     reclasso        500               500 all bars      common  2999 2012-05-31           0.16772      24.22343 -24.05571 -99.30761 -24.12324 -23.99076 -7.769002e+02      True
    bar1330     reclasso        500               500 all bars deck period  1088 2020-01-03           0.17336      24.20795 -24.03459 -99.28386 -24.15023 -23.91357 -4.581052e+02      True
    bar1330     reclasso        500               500    13:30      common  2999 2012-05-31           0.16772      24.22343 -24.05571 -99.30761 -24.12324 -23.99076 -7.769002e+02      True
    bar1330     reclasso        500               500    13:30 deck period  1088 2020-01-03           0.17336      24.20795 -24.03459 -99.28386 -24.15023 -23.91357 -4.581052e+02      True
    bar1330     reclasso       2000               500 all bars      common  1499 2018-05-17           0.17563      24.25830 -24.08268 -99.27600 -24.18509 -23.98296 -5.237716e+02      True
    bar1330     reclasso       2000               500 all bars deck period  1088 2020-01-03           0.16895      24.20795 -24.03900 -99.30208 -24.15388 -23.91814 -4.638653e+02      True
    bar1330     reclasso       2000               500    13:30      common  1499 2018-05-17           0.17563      24.25830 -24.08268 -99.27600 -24.18509 -23.98296 -5.237716e+02      True
    bar1330     reclasso       2000               500    13:30 deck period  1088 2020-01-03           0.16895      24.20795 -24.03900 -99.30208 -24.15388 -23.91814 -4.638653e+02      True
    bar1330     reclasso       2000              2000 all bars      common  1499 2018-05-17           0.17563       0.18199  -0.00636  -3.49260  -0.01130  -0.00111 -2.438030e+00      True
    bar1330     reclasso       2000              2000 all bars deck period  1088 2020-01-03           0.16895       0.17337  -0.00442  -2.55061  -0.01038   0.00121 -1.722960e+00     False
    bar1330     reclasso       2000              2000    13:30      common  1499 2018-05-17           0.17563       0.18199  -0.00636  -3.49260  -0.01130  -0.00111 -2.438030e+00      True
    bar1330     reclasso       2000              2000    13:30 deck period  1088 2020-01-03           0.16895       0.17337  -0.00442  -2.55061  -0.01038   0.00121 -1.722960e+00     False
    bar1330 reclasticnet        500               500 all bars      common  2999 2012-05-31           0.16691       0.16907  -0.00217  -1.28250  -0.00580   0.00150 -1.099580e+00     False
    bar1330 reclasticnet        500               500 all bars deck period  1088 2020-01-03           0.17170       0.17231  -0.00062  -0.35727  -0.00729   0.00665 -1.767200e-01     False
    bar1330 reclasticnet        500               500    13:30      common  2999 2012-05-31           0.16691       0.16907  -0.00217  -1.28250  -0.00580   0.00150 -1.099580e+00     False
    bar1330 reclasticnet        500               500    13:30 deck period  1088 2020-01-03           0.17170       0.17231  -0.00062  -0.35727  -0.00729   0.00665 -1.767200e-01     False
    bar1330 reclasticnet       2000               500 all bars      common  1499 2018-05-17           0.17597       0.18195  -0.00598  -3.28659  -0.01078  -0.00090 -2.340390e+00      True
    bar1330 reclasticnet       2000               500 all bars deck period  1088 2020-01-03           0.16928       0.17231  -0.00304  -1.76271  -0.00747   0.00146 -1.456730e+00     False
    bar1330 reclasticnet       2000               500    13:30      common  1499 2018-05-17           0.17597       0.18195  -0.00598  -3.28659  -0.01078  -0.00090 -2.340390e+00      True
    bar1330 reclasticnet       2000               500    13:30 deck period  1088 2020-01-03           0.16928       0.17231  -0.00304  -1.76271  -0.00747   0.00146 -1.456730e+00     False
    bar1330 reclasticnet       2000              2000 all bars      common  1499 2018-05-17           0.17597       0.18138  -0.00541  -2.98133  -0.01079   0.00056 -1.794820e+00     False
    bar1330 reclasticnet       2000              2000 all bars deck period  1088 2020-01-03           0.16928       0.17301  -0.00373  -2.15482  -0.00962   0.00173 -1.434380e+00     False
    bar1330 reclasticnet       2000              2000    13:30      common  1499 2018-05-17           0.17597       0.18138  -0.00541  -2.98133  -0.01079   0.00056 -1.794820e+00     False
    bar1330 reclasticnet       2000              2000    13:30 deck period  1088 2020-01-03           0.16928       0.17301  -0.00373  -2.15482  -0.00962   0.00173 -1.434380e+00     False
    bar1330        ridge        500               500 all bars      common  2999 2012-05-31           0.16968       0.16779   0.00190   1.12981  -0.00223   0.00697  7.971100e-01     False
    bar1330        ridge        500               500 all bars deck period  1088 2020-01-03           0.17404       0.17105   0.00299   1.75073  -0.00327   0.01070  8.508300e-01     False
    bar1330        ridge        500               500    13:30      common  2999 2012-05-31           0.16968       0.16779   0.00190   1.12981  -0.00223   0.00697  7.971100e-01     False
    bar1330        ridge        500               500    13:30 deck period  1088 2020-01-03           0.17404       0.17105   0.00299   1.75073  -0.00327   0.01070  8.508300e-01     False
    bar1330        ridge       2000               500 all bars      common  1499 2018-05-17           0.17706       0.18078  -0.00372  -2.05863  -0.00911   0.00201 -1.322520e+00     False
    bar1330        ridge       2000               500 all bars deck period  1088 2020-01-03           0.17043       0.17105  -0.00061  -0.35790  -0.00570   0.00482 -2.490000e-01     False
    bar1330        ridge       2000               500    13:30      common  1499 2018-05-17           0.17706       0.18078  -0.00372  -2.05863  -0.00911   0.00201 -1.322520e+00     False
    bar1330        ridge       2000               500    13:30 deck period  1088 2020-01-03           0.17043       0.17105  -0.00061  -0.35790  -0.00570   0.00482 -2.490000e-01     False
    bar1330        ridge       2000              2000 all bars      common  1499 2018-05-17           0.17706       0.18077  -0.00371  -2.05212  -0.00845   0.00127 -1.459640e+00     False
    bar1330        ridge       2000              2000 all bars deck period  1088 2020-01-03           0.17043       0.17232  -0.00189  -1.09486  -0.00723   0.00284 -8.592700e-01     False
    bar1330        ridge       2000              2000    13:30      common  1499 2018-05-17           0.17706       0.18077  -0.00371  -2.05212  -0.00845   0.00127 -1.459640e+00     False
    bar1330        ridge       2000              2000    13:30 deck period  1088 2020-01-03           0.17043       0.17232  -0.00189  -1.09486  -0.00723   0.00284 -8.592700e-01     False
    bar1400     reclasso        500               500 all bars      common  2987 2012-06-13           0.15947      24.21758 -24.05811 -99.34149 -24.12269 -23.99482 -7.725787e+02      True
    bar1400     reclasso        500               500 all bars deck period  1088 2020-01-03           0.18054      24.23622 -24.05568 -99.25509 -24.17044 -23.92338 -4.400256e+02      True
    bar1400     reclasso        500               500    14:00      common  2987 2012-06-13           0.15947      24.21758 -24.05811 -99.34149 -24.12269 -23.99482 -7.725787e+02      True
    bar1400     reclasso        500               500    14:00 deck period  1088 2020-01-03           0.18054      24.23622 -24.05568 -99.25509 -24.17044 -23.92338 -4.400256e+02      True
    bar1400     reclasso       2000               500 all bars      common  1487 2018-06-01           0.18564      24.26052 -24.07488 -99.23479 -24.17604 -23.97365 -5.118454e+02      True
    bar1400     reclasso       2000               500 all bars deck period  1088 2020-01-03           0.18269      24.23622 -24.05353 -99.24620 -24.16626 -23.92444 -4.495624e+02      True
    bar1400     reclasso       2000               500    14:00      common  1487 2018-06-01           0.18564      24.26052 -24.07488 -99.23479 -24.17604 -23.97365 -5.118454e+02      True
    bar1400     reclasso       2000               500    14:00 deck period  1088 2020-01-03           0.18269      24.23622 -24.05353 -99.24620 -24.16626 -23.92444 -4.495624e+02      True
    bar1400     reclasso       2000              2000 all bars      common  1487 2018-06-01           0.18564       0.18536   0.00028   0.15134  -0.00389   0.00496  1.268000e-01     False
    bar1400     reclasso       2000              2000 all bars deck period  1088 2020-01-03           0.18269       0.18126   0.00143   0.79065  -0.00384   0.00735  5.204400e-01     False
    bar1400     reclasso       2000              2000    14:00      common  1487 2018-06-01           0.18564       0.18536   0.00028   0.15134  -0.00389   0.00496  1.268000e-01     False
    bar1400     reclasso       2000              2000    14:00 deck period  1088 2020-01-03           0.18269       0.18126   0.00143   0.79065  -0.00384   0.00735  5.204400e-01     False
    bar1400 reclasticnet        500               500 all bars      common  2987 2012-06-13           0.15907       0.15688   0.00219   1.39763  -0.00195   0.00704  9.521600e-01     False
    bar1400 reclasticnet        500               500 all bars deck period  1088 2020-01-03           0.18062       0.17228   0.00833   4.83720  -0.00110   0.01945  1.549490e+00     False
    bar1400 reclasticnet        500               500    14:00      common  2987 2012-06-13           0.15907       0.15688   0.00219   1.39763  -0.00195   0.00704  9.521600e-01     False
    bar1400 reclasticnet        500               500    14:00 deck period  1088 2020-01-03           0.18062       0.17228   0.00833   4.83720  -0.00110   0.01945  1.549490e+00     False
    bar1400 reclasticnet       2000               500 all bars      common  1487 2018-06-01           0.18377       0.17992   0.00385   2.13867  -0.00144   0.00979  1.301050e+00     False
    bar1400 reclasticnet       2000               500 all bars deck period  1088 2020-01-03           0.18039       0.17228   0.00810   4.70213   0.00221   0.01491  2.350960e+00     False
    bar1400 reclasticnet       2000               500    14:00      common  1487 2018-06-01           0.18377       0.17992   0.00385   2.13867  -0.00144   0.00979  1.301050e+00     False
    bar1400 reclasticnet       2000               500    14:00 deck period  1088 2020-01-03           0.18039       0.17228   0.00810   4.70213   0.00221   0.01491  2.350960e+00     False
    bar1400 reclasticnet       2000              2000 all bars      common  1487 2018-06-01           0.18377       0.18532  -0.00155  -0.83796  -0.00574   0.00306 -7.194600e-01     False
    bar1400 reclasticnet       2000              2000 all bars deck period  1088 2020-01-03           0.18039       0.18121  -0.00083  -0.45787  -0.00583   0.00532 -3.155200e-01     False
    bar1400 reclasticnet       2000              2000    14:00      common  1487 2018-06-01           0.18377       0.18532  -0.00155  -0.83796  -0.00574   0.00306 -7.194600e-01     False
    bar1400 reclasticnet       2000              2000    14:00 deck period  1088 2020-01-03           0.18039       0.18121  -0.00083  -0.45787  -0.00583   0.00532 -3.155200e-01     False
    bar1400        ridge        500               500 all bars      common  2987 2012-06-13           0.16382       0.15682   0.00700   4.46243   0.00223   0.01208  3.045310e+00     False
    bar1400        ridge        500               500 all bars deck period  1088 2020-01-03           0.18640       0.17290   0.01350   7.81039   0.00398   0.02558  3.043990e+00     False
    bar1400        ridge        500               500    14:00      common  2987 2012-06-13           0.16382       0.15682   0.00700   4.46243   0.00223   0.01208  3.045310e+00     False
    bar1400        ridge        500               500    14:00 deck period  1088 2020-01-03           0.18640       0.17290   0.01350   7.81039   0.00398   0.02558  3.043990e+00     False
    bar1400        ridge       2000               500 all bars      common  1487 2018-06-01           0.18389       0.18047   0.00342   1.89520  -0.00147   0.00871  1.358660e+00     False
    bar1400        ridge       2000               500 all bars deck period  1088 2020-01-03           0.18076       0.17290   0.00786   4.54430   0.00315   0.01292  3.084290e+00     False
    bar1400        ridge       2000               500    14:00      common  1487 2018-06-01           0.18389       0.18047   0.00342   1.89520  -0.00147   0.00871  1.358660e+00     False
    bar1400        ridge       2000               500    14:00 deck period  1088 2020-01-03           0.18076       0.17290   0.00786   4.54430   0.00315   0.01292  3.084290e+00     False
    bar1400        ridge       2000              2000 all bars      common  1487 2018-06-01           0.18389       0.18386   0.00003   0.01704  -0.00408   0.00468  1.467000e-02     False
    bar1400        ridge       2000              2000 all bars deck period  1088 2020-01-03           0.18076       0.17949   0.00127   0.70544  -0.00354   0.00707  5.068400e-01     False
    bar1400        ridge       2000              2000    14:00      common  1487 2018-06-01           0.18389       0.18386   0.00003   0.01704  -0.00408   0.00468  1.467000e-02     False
    bar1400        ridge       2000              2000    14:00 deck period  1088 2020-01-03           0.18076       0.17949   0.00127   0.70544  -0.00354   0.00707  5.068400e-01     False
    bar1430     reclasso        500               500 all bars      common  2979 2012-06-20           0.25442      24.37827 -24.12384 -98.95636 -24.18254 -24.05606 -7.945131e+02      True
    bar1430     reclasso        500               500 all bars deck period  1087 2020-01-03           0.26853      24.37009 -24.10156 -98.89813 -24.21599 -23.98809 -4.579112e+02      True
    bar1430     reclasso        500               500    14:30      common  2979 2012-06-20           0.25442      24.37827 -24.12384 -98.95636 -24.18254 -24.05606 -7.945131e+02      True
    bar1430     reclasso        500               500    14:30 deck period  1087 2020-01-03           0.26853      24.37009 -24.10156 -98.89813 -24.21599 -23.98809 -4.579112e+02      True
    bar1430     reclasso       2000               500 all bars      common  1479 2018-06-11           0.26478      24.38378 -24.11900 -98.91409 -24.22145 -24.01534 -5.273436e+02      True
    bar1430     reclasso       2000               500 all bars deck period  1087 2020-01-03           0.27565      24.37009 -24.09444 -98.86890 -24.20866 -23.98031 -4.575412e+02      True
    bar1430     reclasso       2000               500    14:30      common  1479 2018-06-11           0.26478      24.38378 -24.11900 -98.91409 -24.22145 -24.01534 -5.273436e+02      True
    bar1430     reclasso       2000               500    14:30 deck period  1087 2020-01-03           0.27565      24.37009 -24.09444 -98.86890 -24.20866 -23.98031 -4.575412e+02      True
    bar1430     reclasso       2000              2000 all bars      common  1479 2018-06-11           0.26478       0.31957  -0.05478 -17.14236  -0.07483  -0.03598 -5.637490e+00      True
    bar1430     reclasso       2000              2000 all bars deck period  1087 2020-01-03           0.27565       0.33659  -0.06094 -18.10538  -0.08710  -0.03841 -4.962170e+00      True
    bar1430     reclasso       2000              2000    14:30      common  1479 2018-06-11           0.26478       0.31957  -0.05478 -17.14236  -0.07483  -0.03598 -5.637490e+00      True
    bar1430     reclasso       2000              2000    14:30 deck period  1087 2020-01-03           0.27565       0.33659  -0.06094 -18.10538  -0.08710  -0.03841 -4.962170e+00      True
    bar1430 reclasticnet        500               500 all bars      common  2979 2012-06-20           0.25108       0.30514  -0.05406 -17.71747  -0.06955  -0.04029 -7.210530e+00      True
    bar1430 reclasticnet        500               500 all bars deck period  1087 2020-01-03           0.26555       0.34385  -0.07830 -22.77214  -0.11456  -0.04811 -4.387610e+00      True
    bar1430 reclasticnet        500               500    14:30      common  2979 2012-06-20           0.25108       0.30514  -0.05406 -17.71747  -0.06955  -0.04029 -7.210530e+00      True
    bar1430 reclasticnet        500               500    14:30 deck period  1087 2020-01-03           0.26555       0.34385  -0.07830 -22.77214  -0.11456  -0.04811 -4.387610e+00      True
    bar1430 reclasticnet       2000               500 all bars      common  1479 2018-06-11           0.26336       0.32597  -0.06261 -19.20701  -0.08751  -0.04044 -5.049080e+00      True
    bar1430 reclasticnet       2000               500 all bars deck period  1087 2020-01-03           0.27348       0.34385  -0.07037 -20.46503  -0.10318  -0.04257 -4.322090e+00      True
    bar1430 reclasticnet       2000               500    14:30      common  1479 2018-06-11           0.26336       0.32597  -0.06261 -19.20701  -0.08751  -0.04044 -5.049080e+00      True
    bar1430 reclasticnet       2000               500    14:30 deck period  1087 2020-01-03           0.27348       0.34385  -0.07037 -20.46503  -0.10318  -0.04257 -4.322090e+00      True
    bar1430 reclasticnet       2000              2000 all bars      common  1479 2018-06-11           0.26336       0.31933  -0.05597 -17.52637  -0.07548  -0.03713 -5.866250e+00      True
    bar1430 reclasticnet       2000              2000 all bars deck period  1087 2020-01-03           0.27348       0.33610  -0.06262 -18.63143  -0.08770  -0.04065 -5.186220e+00      True
    bar1430 reclasticnet       2000              2000    14:30      common  1479 2018-06-11           0.26336       0.31933  -0.05597 -17.52637  -0.07548  -0.03713 -5.866250e+00      True
    bar1430 reclasticnet       2000              2000    14:30 deck period  1087 2020-01-03           0.27348       0.33610  -0.06262 -18.63143  -0.08770  -0.04065 -5.186220e+00      True
    bar1430        ridge        500               500 all bars      common  2979 2012-06-20           0.26261       0.30386  -0.04125 -13.57675  -0.05482  -0.02825 -6.055780e+00      True
    bar1430        ridge        500               500 all bars deck period  1087 2020-01-03           0.27561       0.34318  -0.06758 -19.69111  -0.09866  -0.04111 -4.301040e+00      True
    bar1430        ridge        500               500    14:30      common  2979 2012-06-20           0.26261       0.30386  -0.04125 -13.57675  -0.05482  -0.02825 -6.055780e+00      True
    bar1430        ridge        500               500    14:30 deck period  1087 2020-01-03           0.27561       0.34318  -0.06758 -19.69111  -0.09866  -0.04111 -4.301040e+00      True
    bar1430        ridge       2000               500 all bars      common  1479 2018-06-11           0.26512       0.32575  -0.06063 -18.61149  -0.08694  -0.03782 -4.647260e+00      True
    bar1430        ridge       2000               500 all bars deck period  1087 2020-01-03           0.27559       0.34318  -0.06760 -19.69662  -0.10281  -0.03843 -3.961750e+00      True
    bar1430        ridge       2000               500    14:30      common  1479 2018-06-11           0.26512       0.32575  -0.06063 -18.61149  -0.08694  -0.03782 -4.647260e+00      True
    bar1430        ridge       2000               500    14:30 deck period  1087 2020-01-03           0.27559       0.34318  -0.06760 -19.69662  -0.10281  -0.03843 -3.961750e+00      True
    bar1430        ridge       2000              2000 all bars      common  1479 2018-06-11           0.26512       0.31919  -0.05406 -16.93787  -0.07401  -0.03458 -5.413440e+00      True
    bar1430        ridge       2000              2000 all bars deck period  1087 2020-01-03           0.27559       0.33625  -0.06066 -18.03994  -0.08652  -0.03757 -4.823200e+00      True
    bar1430        ridge       2000              2000    14:30      common  1479 2018-06-11           0.26512       0.31919  -0.05406 -16.93787  -0.07401  -0.03458 -5.413440e+00      True
    bar1430        ridge       2000              2000    14:30 deck period  1087 2020-01-03           0.27559       0.33625  -0.06066 -18.03994  -0.08652  -0.03757 -4.823200e+00      True
    bar1500     reclasso        500               500 all bars      common  2977 2012-06-21           0.16683      24.29639 -24.12956 -99.31337 -24.19139 -24.06748 -7.818336e+02      True
    bar1500     reclasso        500               500 all bars deck period  1087 2020-01-03           0.19040      24.37555 -24.18515 -99.21891 -24.29911 -24.06935 -4.485787e+02      True
    bar1500     reclasso        500               500    15:00      common  2977 2012-06-21           0.16683      24.29639 -24.12956 -99.31337 -24.19139 -24.06748 -7.818336e+02      True
    bar1500     reclasso        500               500    15:00 deck period  1087 2020-01-03           0.19040      24.37555 -24.18515 -99.21891 -24.29911 -24.06935 -4.485787e+02      True
    bar1500     reclasso       2000               500 all bars      common  1477 2018-06-13           0.21711      24.38691 -24.16980 -99.10971 -24.25709 -24.07370 -5.244220e+02      True
    bar1500     reclasso       2000               500 all bars deck period  1087 2020-01-03           0.20020      24.37555 -24.17535 -99.17870 -24.28517 -24.06576 -4.650719e+02      True
    bar1500     reclasso       2000               500    15:00      common  1477 2018-06-13           0.21711      24.38691 -24.16980 -99.10971 -24.25709 -24.07370 -5.244220e+02      True
    bar1500     reclasso       2000               500    15:00 deck period  1087 2020-01-03           0.20020      24.37555 -24.17535 -99.17870 -24.28517 -24.06576 -4.650719e+02      True
    bar1500     reclasso       2000              2000 all bars      common  1477 2018-06-13           0.21711       0.22954  -0.01242  -5.41269  -0.01801  -0.00655 -4.304300e+00      True
    bar1500     reclasso       2000              2000 all bars deck period  1087 2020-01-03           0.20020       0.21553  -0.01533  -7.11237  -0.02190  -0.00867 -4.473120e+00      True
    bar1500     reclasso       2000              2000    15:00      common  1477 2018-06-13           0.21711       0.22954  -0.01242  -5.41269  -0.01801  -0.00655 -4.304300e+00      True
    bar1500     reclasso       2000              2000    15:00 deck period  1087 2020-01-03           0.20020       0.21553  -0.01533  -7.11237  -0.02190  -0.00867 -4.473120e+00      True
    bar1500 reclasticnet        500               500 all bars      common  2977 2012-06-21           0.16598       0.17656  -0.01058  -5.99465  -0.01563  -0.00556 -4.307080e+00      True
    bar1500 reclasticnet        500               500 all bars deck period  1087 2020-01-03           0.19112       0.20438  -0.01326  -6.48707  -0.02472  -0.00183 -2.382270e+00      True
    bar1500 reclasticnet        500               500    15:00      common  2977 2012-06-21           0.16598       0.17656  -0.01058  -5.99465  -0.01563  -0.00556 -4.307080e+00      True
    bar1500 reclasticnet        500               500    15:00 deck period  1087 2020-01-03           0.19112       0.20438  -0.01326  -6.48707  -0.02472  -0.00183 -2.382270e+00      True
    bar1500 reclasticnet       2000               500 all bars      common  1477 2018-06-13           0.21616       0.22220  -0.00604  -2.71723  -0.01162  -0.00015 -2.049830e+00      True
    bar1500 reclasticnet       2000               500 all bars deck period  1087 2020-01-03           0.19957       0.20438  -0.00481  -2.35363  -0.01183   0.00210 -1.404690e+00     False
    bar1500 reclasticnet       2000               500    15:00      common  1477 2018-06-13           0.21616       0.22220  -0.00604  -2.71723  -0.01162  -0.00015 -2.049830e+00      True
    bar1500 reclasticnet       2000               500    15:00 deck period  1087 2020-01-03           0.19957       0.20438  -0.00481  -2.35363  -0.01183   0.00210 -1.404690e+00     False
    bar1500 reclasticnet       2000              2000 all bars      common  1477 2018-06-13           0.21616       0.22975  -0.01359  -5.91349  -0.01898  -0.00831 -4.817640e+00      True
    bar1500 reclasticnet       2000              2000 all bars deck period  1087 2020-01-03           0.19957       0.21560  -0.01604  -7.43796  -0.02227  -0.00970 -4.837780e+00      True
    bar1500 reclasticnet       2000              2000    15:00      common  1477 2018-06-13           0.21616       0.22975  -0.01359  -5.91349  -0.01898  -0.00831 -4.817640e+00      True
    bar1500 reclasticnet       2000              2000    15:00 deck period  1087 2020-01-03           0.19957       0.21560  -0.01604  -7.43796  -0.02227  -0.00970 -4.837780e+00      True
    bar1500        ridge        500               500 all bars      common  2977 2012-06-21           0.17188       0.17500  -0.00312  -1.78373  -0.00868   0.00237 -1.185860e+00     False
    bar1500        ridge        500               500 all bars deck period  1087 2020-01-03           0.19850       0.20363  -0.00514  -2.52314  -0.01760   0.00763 -8.550400e-01     False
    bar1500        ridge        500               500    15:00      common  2977 2012-06-21           0.17188       0.17500  -0.00312  -1.78373  -0.00868   0.00237 -1.185860e+00     False
    bar1500        ridge        500               500    15:00 deck period  1087 2020-01-03           0.19850       0.20363  -0.00514  -2.52314  -0.01760   0.00763 -8.550400e-01     False
    bar1500        ridge       2000               500 all bars      common  1477 2018-06-13           0.21772       0.22098  -0.00326  -1.47591  -0.00933   0.00288 -1.078440e+00     False
    bar1500        ridge       2000               500 all bars deck period  1087 2020-01-03           0.20265       0.20363  -0.00098  -0.48238  -0.00836   0.00633 -2.780400e-01     False
    bar1500        ridge       2000               500    15:00      common  1477 2018-06-13           0.21772       0.22098  -0.00326  -1.47591  -0.00933   0.00288 -1.078440e+00     False
    bar1500        ridge       2000               500    15:00 deck period  1087 2020-01-03           0.20265       0.20363  -0.00098  -0.48238  -0.00836   0.00633 -2.780400e-01     False
    bar1500        ridge       2000              2000 all bars      common  1477 2018-06-13           0.21772       0.22780  -0.01008  -4.42673  -0.01540  -0.00421 -3.404840e+00      True
    bar1500        ridge       2000              2000 all bars deck period  1087 2020-01-03           0.20265       0.21375  -0.01110  -5.19300  -0.01775  -0.00399 -3.118060e+00      True
    bar1500        ridge       2000              2000    15:00      common  1477 2018-06-13           0.21772       0.22780  -0.01008  -4.42673  -0.01540  -0.00421 -3.404840e+00      True
    bar1500        ridge       2000              2000    15:00 deck period  1087 2020-01-03           0.20265       0.21375  -0.01110  -5.19300  -0.01775  -0.00399 -3.118060e+00      True
    bar1530     reclasso        500               500 all bars      common  2975 2012-06-25           0.13023      24.21619 -24.08595 -99.46221 -24.14858 -24.02416 -8.036700e+02      True
    bar1530     reclasso        500               500 all bars deck period  1087 2020-01-03           0.13712      24.21453 -24.07742 -99.43374 -24.18385 -23.97043 -4.894684e+02      True
    bar1530     reclasso        500               500    15:30      common  2975 2012-06-25           0.13023      24.21619 -24.08595 -99.46221 -24.14858 -24.02416 -8.036700e+02      True
    bar1530     reclasso        500               500    15:30 deck period  1087 2020-01-03           0.13712      24.21453 -24.07742 -99.43374 -24.18385 -23.97043 -4.894684e+02      True
    bar1530     reclasso       2000               500 all bars      common  1475 2018-06-15           0.13830      24.23398 -24.09569 -99.42933 -24.19019 -23.99742 -5.423642e+02      True
    bar1530     reclasso       2000               500 all bars deck period  1087 2020-01-03           0.13308      24.21453 -24.08146 -99.45043 -24.18782 -23.97400 -4.951509e+02      True
    bar1530     reclasso       2000               500    15:30      common  1475 2018-06-15           0.13830      24.23398 -24.09569 -99.42933 -24.19019 -23.99742 -5.423642e+02      True
    bar1530     reclasso       2000               500    15:30 deck period  1087 2020-01-03           0.13308      24.21453 -24.08146 -99.45043 -24.18782 -23.97400 -4.951509e+02      True
    bar1530     reclasso       2000              2000 all bars      common  1475 2018-06-15           0.13830       0.14318  -0.00488  -3.40878  -0.00876  -0.00063 -2.388080e+00      True
    bar1530     reclasso       2000              2000 all bars deck period  1087 2020-01-03           0.13308       0.13846  -0.00538  -3.88717  -0.00964  -0.00091 -2.432380e+00      True
    bar1530     reclasso       2000              2000    15:30      common  1475 2018-06-15           0.13830       0.14318  -0.00488  -3.40878  -0.00876  -0.00063 -2.388080e+00      True
    bar1530     reclasso       2000              2000    15:30 deck period  1087 2020-01-03           0.13308       0.13846  -0.00538  -3.88717  -0.00964  -0.00091 -2.432380e+00      True
    bar1530 reclasticnet        500               500 all bars      common  2975 2012-06-25           0.13035       0.13196  -0.00161  -1.22216  -0.00505   0.00191 -9.365000e-01     False
    bar1530 reclasticnet        500               500 all bars deck period  1087 2020-01-03           0.13723       0.13339   0.00383   2.87316  -0.00108   0.00942  1.474320e+00     False
    bar1530 reclasticnet        500               500    15:30      common  2975 2012-06-25           0.13035       0.13196  -0.00161  -1.22216  -0.00505   0.00191 -9.365000e-01     False
    bar1530 reclasticnet        500               500    15:30 deck period  1087 2020-01-03           0.13723       0.13339   0.00383   2.87316  -0.00108   0.00942  1.474320e+00     False
    bar1530 reclasticnet       2000               500 all bars      common  1475 2018-06-15           0.13756       0.14124  -0.00368  -2.60723  -0.00879   0.00123 -1.509720e+00     False
    bar1530 reclasticnet       2000               500 all bars deck period  1087 2020-01-03           0.13292       0.13339  -0.00047  -0.35523  -0.00514   0.00462 -1.840600e-01     False
    bar1530 reclasticnet       2000               500    15:30      common  1475 2018-06-15           0.13756       0.14124  -0.00368  -2.60723  -0.00879   0.00123 -1.509720e+00     False
    bar1530 reclasticnet       2000               500    15:30 deck period  1087 2020-01-03           0.13292       0.13339  -0.00047  -0.35523  -0.00514   0.00462 -1.840600e-01     False
    bar1530 reclasticnet       2000              2000 all bars      common  1475 2018-06-15           0.13756       0.14316  -0.00560  -3.91487  -0.00950  -0.00146 -2.797360e+00      True
    bar1530 reclasticnet       2000              2000 all bars deck period  1087 2020-01-03           0.13292       0.13829  -0.00537  -3.88284  -0.00967  -0.00084 -2.466500e+00      True
    bar1530 reclasticnet       2000              2000    15:30      common  1475 2018-06-15           0.13756       0.14316  -0.00560  -3.91487  -0.00950  -0.00146 -2.797360e+00      True
    bar1530 reclasticnet       2000              2000    15:30 deck period  1087 2020-01-03           0.13292       0.13829  -0.00537  -3.88284  -0.00967  -0.00084 -2.466500e+00      True
    bar1530        ridge        500               500 all bars      common  2975 2012-06-25           0.13422       0.13161   0.00261   1.98259  -0.00139   0.00675  1.357640e+00     False
    bar1530        ridge        500               500 all bars deck period  1087 2020-01-03           0.14212       0.13406   0.00806   6.01414   0.00141   0.01496  2.583920e+00     False
    bar1530        ridge        500               500    15:30      common  2975 2012-06-25           0.13422       0.13161   0.00261   1.98259  -0.00139   0.00675  1.357640e+00     False
    bar1530        ridge        500               500    15:30 deck period  1087 2020-01-03           0.14212       0.13406   0.00806   6.01414   0.00141   0.01496  2.583920e+00     False
    bar1530        ridge       2000               500 all bars      common  1475 2018-06-15           0.13751       0.14186  -0.00435  -3.06668  -0.01046   0.00139 -1.566490e+00     False
    bar1530        ridge       2000               500 all bars deck period  1087 2020-01-03           0.13562       0.13406   0.00156   1.16325  -0.00436   0.00691  5.566900e-01     False
    bar1530        ridge       2000               500    15:30      common  1475 2018-06-15           0.13751       0.14186  -0.00435  -3.06668  -0.01046   0.00139 -1.566490e+00     False
    bar1530        ridge       2000               500    15:30 deck period  1087 2020-01-03           0.13562       0.13406   0.00156   1.16325  -0.00436   0.00691  5.566900e-01     False
    bar1530        ridge       2000              2000 all bars      common  1475 2018-06-15           0.13751       0.14217  -0.00466  -3.28007  -0.00936   0.00012 -2.095650e+00     False
    bar1530        ridge       2000              2000 all bars deck period  1087 2020-01-03           0.13562       0.13711  -0.00149  -1.08813  -0.00659   0.00351 -6.674200e-01     False
    bar1530        ridge       2000              2000    15:30      common  1475 2018-06-15           0.13751       0.14217  -0.00466  -3.28007  -0.00936   0.00012 -2.095650e+00     False
    bar1530        ridge       2000              2000    15:30 deck period  1087 2020-01-03           0.13562       0.13711  -0.00149  -1.08813  -0.00659   0.00351 -6.674200e-01     False
    bar1600     reclasso        500               500 all bars      common  2969 2012-07-03           0.12313      24.14302 -24.01988 -99.48998 -24.07528 -23.96023 -8.593474e+02      True
    bar1600     reclasso        500               500 all bars deck period  1087 2020-01-03           0.11276      24.12186 -24.00911 -99.53255 -24.10840 -23.90716 -5.472149e+02      True
    bar1600     reclasso        500               500    16:00      common  2969 2012-07-03           0.12313      24.14302 -24.01988 -99.48998 -24.07528 -23.96023 -8.593474e+02      True
    bar1600     reclasso        500               500    16:00 deck period  1087 2020-01-03           0.11276      24.12186 -24.00911 -99.53255 -24.10840 -23.90716 -5.472149e+02      True
    bar1600     reclasso       2000               500 all bars      common  1469 2018-06-25           0.11719      24.14791 -24.03072 -99.51470 -24.11926 -23.94762 -5.857108e+02      True
    bar1600     reclasso       2000               500 all bars deck period  1087 2020-01-03           0.10289      24.12186 -24.01897 -99.57345 -24.12015 -23.91707 -5.446418e+02      True
    bar1600     reclasso       2000               500    16:00      common  1469 2018-06-25           0.11719      24.14791 -24.03072 -99.51470 -24.11926 -23.94762 -5.857108e+02      True
    bar1600     reclasso       2000               500    16:00 deck period  1087 2020-01-03           0.10289      24.12186 -24.01897 -99.57345 -24.12015 -23.91707 -5.446418e+02      True
    bar1600     reclasso       2000              2000 all bars      common  1469 2018-06-25           0.11719       0.13083  -0.01364 -10.42714  -0.01946  -0.00867 -5.446040e+00      True
    bar1600     reclasso       2000              2000 all bars deck period  1087 2020-01-03           0.10289       0.11718  -0.01429 -12.19370  -0.01869  -0.00990 -5.972310e+00      True
    bar1600     reclasso       2000              2000    16:00      common  1469 2018-06-25           0.11719       0.13083  -0.01364 -10.42714  -0.01946  -0.00867 -5.446040e+00      True
    bar1600     reclasso       2000              2000    16:00 deck period  1087 2020-01-03           0.10289       0.11718  -0.01429 -12.19370  -0.01869  -0.00990 -5.972310e+00      True
    bar1600 reclasticnet        500               500 all bars      common  2969 2012-07-03           0.12127       0.12791  -0.00663  -5.18695  -0.00997  -0.00338 -4.262350e+00      True
    bar1600 reclasticnet        500               500 all bars deck period  1087 2020-01-03           0.10981       0.11378  -0.00397  -3.48908  -0.00768  -0.00041 -2.030940e+00      True
    bar1600 reclasticnet        500               500    16:00      common  2969 2012-07-03           0.12127       0.12791  -0.00663  -5.18695  -0.00997  -0.00338 -4.262350e+00      True
    bar1600 reclasticnet        500               500    16:00 deck period  1087 2020-01-03           0.10981       0.11378  -0.00397  -3.48908  -0.00768  -0.00041 -2.030940e+00      True
    bar1600 reclasticnet       2000               500 all bars      common  1469 2018-06-25           0.11608       0.12993  -0.01385 -10.65717  -0.02079  -0.00798 -4.628720e+00      True
    bar1600 reclasticnet       2000               500 all bars deck period  1087 2020-01-03           0.10268       0.11378  -0.01110  -9.75627  -0.01665  -0.00593 -3.878460e+00      True
    bar1600 reclasticnet       2000               500    16:00      common  1469 2018-06-25           0.11608       0.12993  -0.01385 -10.65717  -0.02079  -0.00798 -4.628720e+00      True
    bar1600 reclasticnet       2000               500    16:00 deck period  1087 2020-01-03           0.10268       0.11378  -0.01110  -9.75627  -0.01665  -0.00593 -3.878460e+00      True
    bar1600 reclasticnet       2000              2000 all bars      common  1469 2018-06-25           0.11608       0.13119  -0.01511 -11.51955  -0.02120  -0.00949 -5.441820e+00      True
    bar1600 reclasticnet       2000              2000 all bars deck period  1087 2020-01-03           0.10268       0.11714  -0.01447 -12.35072  -0.01916  -0.00971 -5.716730e+00      True
    bar1600 reclasticnet       2000              2000    16:00      common  1469 2018-06-25           0.11608       0.13119  -0.01511 -11.51955  -0.02120  -0.00949 -5.441820e+00      True
    bar1600 reclasticnet       2000              2000    16:00 deck period  1087 2020-01-03           0.10268       0.11714  -0.01447 -12.35072  -0.01916  -0.00971 -5.716730e+00      True
    bar1600        ridge        500               500 all bars      common  2969 2012-07-03           0.12377       0.12742  -0.00365  -2.86096  -0.00771   0.00010 -1.798460e+00     False
    bar1600        ridge        500               500 all bars deck period  1087 2020-01-03           0.11345       0.11258   0.00087   0.77031  -0.00345   0.00493  3.675900e-01     False
    bar1600        ridge        500               500    16:00      common  2969 2012-07-03           0.12377       0.12742  -0.00365  -2.86096  -0.00771   0.00010 -1.798460e+00     False
    bar1600        ridge        500               500    16:00 deck period  1087 2020-01-03           0.11345       0.11258   0.00087   0.77031  -0.00345   0.00493  3.675900e-01     False
    bar1600        ridge       2000               500 all bars      common  1469 2018-06-25           0.11619       0.12892  -0.01274  -9.87847  -0.01946  -0.00688 -4.425440e+00      True
    bar1600        ridge       2000               500 all bars deck period  1087 2020-01-03           0.10397       0.11258  -0.00861  -7.65111  -0.01387  -0.00427 -3.315230e+00      True
    bar1600        ridge       2000               500    16:00      common  1469 2018-06-25           0.11619       0.12892  -0.01274  -9.87847  -0.01946  -0.00688 -4.425440e+00      True
    bar1600        ridge       2000               500    16:00 deck period  1087 2020-01-03           0.10397       0.11258  -0.00861  -7.65111  -0.01387  -0.00427 -3.315230e+00      True
    bar1600        ridge       2000              2000 all bars      common  1469 2018-06-25           0.11619       0.13122  -0.01504 -11.45899  -0.02079  -0.00981 -5.644200e+00      True
    bar1600        ridge       2000              2000 all bars deck period  1087 2020-01-03           0.10397       0.11706  -0.01309 -11.18542  -0.01747  -0.00890 -5.527520e+00      True
    bar1600        ridge       2000              2000    16:00      common  1469 2018-06-25           0.11619       0.13122  -0.01504 -11.45899  -0.02079  -0.00981 -5.644200e+00      True
    bar1600        ridge       2000              2000    16:00 deck period  1087 2020-01-03           0.10397       0.11706  -0.01309 -11.18542  -0.01747  -0.00890 -5.527520e+00      True
  blk_close     reclasso        500               500 all bars      common  9069 2006-04-10           0.12195      24.15247 -24.03052 -99.49508 -24.07498 -23.98409 -1.248720e+03      True
  blk_close     reclasso        500               500 all bars deck period  2174 2020-01-03           0.12385      24.16820 -24.04435 -99.48754 -24.14624 -23.94355 -6.247931e+02      True
  blk_close     reclasso        500               500    15:30      common  4535 2006-04-10           0.12785      24.18643 -24.05858 -99.47140 -24.10469 -24.01068 -1.022486e+03      True
  blk_close     reclasso        500               500    15:30 deck period  1087 2020-01-03           0.13681      24.21453 -24.07772 -99.43500 -24.18502 -23.96952 -4.880352e+02      True
  blk_close     reclasso        500               500    16:00      common  4534 2006-04-10           0.11605      24.11850 -24.00245 -99.51884 -24.04780 -23.95829 -1.087289e+03      True
  blk_close     reclasso        500               500    16:00 deck period  1087 2020-01-03           0.11089      24.12186 -24.01097 -99.54028 -24.11142 -23.90890 -5.440303e+02      True
  blk_close     reclasso       2000               500 all bars      common  6069 2012-03-29           0.12131      24.17385 -24.05254 -99.49818 -24.11312 -23.99323 -1.001376e+03      True
  blk_close     reclasso       2000               500 all bars deck period  2174 2020-01-03           0.11836      24.16820 -24.04984 -99.51028 -24.15103 -23.94972 -6.270925e+02      True
  blk_close     reclasso       2000               500    15:30      common  3034 2012-03-30           0.12635      24.21133 -24.08498 -99.47815 -24.14782 -24.02527 -8.143314e+02      True
  blk_close     reclasso       2000               500    15:30 deck period  1087 2020-01-03           0.13175      24.21453 -24.08279 -99.45591 -24.19025 -23.97627 -4.906344e+02      True
  blk_close     reclasso       2000               500    16:00      common  3035 2012-03-29           0.11627      24.13639 -24.02012 -99.51827 -24.07915 -23.95998 -8.660126e+02      True
  blk_close     reclasso       2000               500    16:00 deck period  1087 2020-01-03           0.10497      24.12186 -24.01690 -99.56485 -24.11672 -23.91530 -5.474396e+02      True
  blk_close     reclasso       2000              2000 all bars      common  6069 2012-03-29           0.12131       0.13037  -0.00906  -6.95014  -0.01118  -0.00702 -8.757230e+00      True
  blk_close     reclasso       2000              2000 all bars deck period  2174 2020-01-03           0.11836       0.12782  -0.00946  -7.40233  -0.01248  -0.00603 -5.903450e+00      True
  blk_close     reclasso       2000              2000    15:30      common  3034 2012-03-30           0.12635       0.13369  -0.00735  -5.49411  -0.00992  -0.00455 -5.679360e+00      True
  blk_close     reclasso       2000              2000    15:30 deck period  1087 2020-01-03           0.13175       0.13846  -0.00671  -4.84534  -0.01163  -0.00152 -2.859150e+00      True
  blk_close     reclasso       2000              2000    16:00      common  3035 2012-03-29           0.11627       0.12705  -0.01078  -8.48182  -0.01373  -0.00787 -7.179720e+00      True
  blk_close     reclasso       2000              2000    16:00 deck period  1087 2020-01-03           0.10497       0.11718  -0.01221 -10.42358  -0.01587  -0.00856 -5.623260e+00      True
  blk_close reclasticnet        500               500 all bars      common  9069 2006-04-10           0.12258       0.12651  -0.00393  -3.10809  -0.00618  -0.00181 -4.096760e+00      True
  blk_close reclasticnet        500               500 all bars deck period  2174 2020-01-03           0.12395       0.12358   0.00037   0.29705  -0.00320   0.00460  2.068500e-01     False
  blk_close reclasticnet        500               500    15:30      common  4535 2006-04-10           0.12842       0.12945  -0.00103  -0.79902  -0.00340   0.00154 -8.438200e-01     False
  blk_close reclasticnet        500               500    15:30 deck period  1087 2020-01-03           0.13706       0.13339   0.00367   2.74979  -0.00136   0.00968  1.303670e+00     False
  blk_close reclasticnet        500               500    16:00      common  4534 2006-04-10           0.11674       0.12357  -0.00683  -5.52760  -0.00976  -0.00400 -4.921720e+00      True
  blk_close reclasticnet        500               500    16:00 deck period  1087 2020-01-03           0.11084       0.11378  -0.00293  -2.57863  -0.00716   0.00149 -1.239880e+00     False
  blk_close reclasticnet       2000               500 all bars      common  6069 2012-03-29           0.12191       0.12985  -0.00794  -6.11741  -0.01054  -0.00529 -6.881590e+00      True
  blk_close reclasticnet       2000               500 all bars deck period  2174 2020-01-03           0.11967       0.12358  -0.00391  -3.16785  -0.00705  -0.00079 -2.319240e+00      True
  blk_close reclasticnet       2000               500    15:30      common  3034 2012-03-30           0.12676       0.13251  -0.00575  -4.33720  -0.00870  -0.00253 -3.865140e+00      True
  blk_close reclasticnet       2000               500    15:30 deck period  1087 2020-01-03           0.13321       0.13339  -0.00018  -0.13796  -0.00443   0.00436 -7.585000e-02     False
  blk_close reclasticnet       2000               500    16:00      common  3035 2012-03-29           0.11705       0.12719  -0.01014  -7.97140  -0.01360  -0.00650 -5.952890e+00      True
  blk_close reclasticnet       2000               500    16:00 deck period  1087 2020-01-03           0.10613       0.11378  -0.00765  -6.72019  -0.01281  -0.00280 -2.929140e+00      True
  blk_close reclasticnet       2000              2000 all bars      common  6069 2012-03-29           0.12191       0.13067  -0.00876  -6.70625  -0.01090  -0.00663 -8.095210e+00      True
  blk_close reclasticnet       2000              2000 all bars deck period  2174 2020-01-03           0.11967       0.12772  -0.00805  -6.30046  -0.01117  -0.00474 -4.970590e+00      True
  blk_close reclasticnet       2000              2000    15:30      common  3034 2012-03-30           0.12676       0.13357  -0.00681  -5.10138  -0.00939  -0.00412 -5.180860e+00      True
  blk_close reclasticnet       2000              2000    15:30 deck period  1087 2020-01-03           0.13321       0.13829  -0.00508  -3.67326  -0.00961  -0.00010 -2.263020e+00      True
  blk_close reclasticnet       2000              2000    16:00      common  3035 2012-03-29           0.11705       0.12776  -0.01071  -8.38355  -0.01376  -0.00760 -6.824160e+00      True
  blk_close reclasticnet       2000              2000    16:00 deck period  1087 2020-01-03           0.10613       0.11714  -0.01101  -9.40193  -0.01486  -0.00721 -4.970940e+00      True
  blk_close        ridge        500               500 all bars      common  9069 2006-04-10           0.12275       0.12620  -0.00345  -2.73119  -0.00555  -0.00147 -3.674850e+00      True
  blk_close        ridge        500               500 all bars deck period  2174 2020-01-03           0.12409       0.12332   0.00077   0.62629  -0.00208   0.00384  5.099600e-01     False
  blk_close        ridge        500               500    15:30      common  4535 2006-04-10           0.12981       0.12908   0.00073   0.56392  -0.00173   0.00322  5.869800e-01     False
  blk_close        ridge        500               500    15:30 deck period  1087 2020-01-03           0.13843       0.13406   0.00437   3.26000  -0.00055   0.00937  1.809470e+00     False
  blk_close        ridge        500               500    16:00      common  4534 2006-04-10           0.11569       0.12332  -0.00762  -6.18114  -0.01036  -0.00509 -5.962680e+00      True
  blk_close        ridge        500               500    16:00 deck period  1087 2020-01-03           0.10976       0.11258  -0.00283  -2.50980  -0.00628   0.00087 -1.428320e+00     False
  blk_close        ridge       2000               500 all bars      common  6069 2012-03-29           0.12127       0.12943  -0.00817  -6.30983  -0.01064  -0.00561 -7.128080e+00      True
  blk_close        ridge       2000               500 all bars deck period  2174 2020-01-03           0.11869       0.12332  -0.00463  -3.75085  -0.00755  -0.00167 -2.860250e+00      True
  blk_close        ridge       2000               500    15:30      common  3034 2012-03-30           0.12617       0.13213  -0.00597  -4.51550  -0.00888  -0.00287 -4.051720e+00      True
  blk_close        ridge       2000               500    15:30 deck period  1087 2020-01-03           0.13238       0.13406  -0.00168  -1.25039  -0.00636   0.00310 -6.966100e-01     False
  blk_close        ridge       2000               500    16:00      common  3035 2012-03-29           0.11637       0.12673  -0.01037  -8.18003  -0.01372  -0.00684 -6.147530e+00      True
  blk_close        ridge       2000               500    16:00 deck period  1087 2020-01-03           0.10501       0.11258  -0.00757  -6.72828  -0.01207  -0.00329 -3.124070e+00      True
  blk_close        ridge       2000              2000 all bars      common  6069 2012-03-29           0.12127       0.12975  -0.00848  -6.53624  -0.01062  -0.00636 -7.928400e+00      True
  blk_close        ridge       2000              2000 all bars deck period  2174 2020-01-03           0.11869       0.12709  -0.00839  -6.60286  -0.01156  -0.00512 -5.086840e+00      True
  blk_close        ridge       2000              2000    15:30      common  3034 2012-03-30           0.12617       0.13194  -0.00577  -4.37620  -0.00828  -0.00312 -4.549500e+00      True
  blk_close        ridge       2000              2000    15:30 deck period  1087 2020-01-03           0.13238       0.13711  -0.00473  -3.44805  -0.00920   0.00035 -2.114010e+00     False
  blk_close        ridge       2000              2000    16:00      common  3035 2012-03-29           0.11637       0.12755  -0.01119  -8.76988  -0.01419  -0.00821 -7.084330e+00      True
  blk_close        ridge       2000              2000    16:00 deck period  1087 2020-01-03           0.10501       0.11706  -0.01205 -10.29792  -0.01608  -0.00777 -5.305550e+00      True
   blk_core     reclasso        500               500 all bars      common 40156 2001-10-11           0.13104      24.13555 -24.00450 -99.45705 -24.05486 -23.98087 -2.103011e+03      True
   blk_core     reclasso        500               500 all bars deck period  7756 2020-01-03           0.15038      24.20759 -24.05720 -99.37877 -24.17548 -23.97362 -8.653910e+02      True
   blk_core     reclasso        500               500    11:00      common  5797 2001-10-11           0.11524      24.09974 -23.98450 -99.52183 -24.02101 -23.94972 -1.367689e+03      True
   blk_core     reclasso        500               500    11:00 deck period  1116 2020-01-03           0.14212      24.17383 -24.03171 -99.41209 -24.13610 -23.93655 -5.249302e+02      True
   blk_core     reclasso        500               500    11:30      common  5799 2001-10-11           0.11861      24.11437 -23.99577 -99.50815 -24.03535 -23.95876 -1.297618e+03      True
   blk_core     reclasso        500               500    11:30 deck period  1116 2020-01-03           0.13263      24.19790 -24.06527 -99.45188 -24.16892 -23.96802 -5.184740e+02      True
   blk_core     reclasso        500               500    12:00      common  5738 2001-10-11           0.12301      24.12745 -24.00444 -99.49018 -24.04512 -23.96648 -1.297765e+03      True
   blk_core     reclasso        500               500    12:00 deck period  1116 2020-01-03           0.12826      24.19596 -24.06770 -99.46990 -24.16616 -23.97164 -5.266439e+02      True
   blk_core     reclasso        500               500    12:30      common  5738 2001-10-11           0.13831      24.14331 -24.00500 -99.42713 -24.04725 -23.96540 -1.238695e+03      True
   blk_core     reclasso        500               500    12:30 deck period  1116 2020-01-03           0.13973      24.21342 -24.07368 -99.42290 -24.18752 -23.96739 -4.976140e+02      True
   blk_core     reclasso        500               500    13:00      common  5738 2001-10-11           0.13987      24.15105 -24.01117 -99.42084 -24.05309 -23.97108 -1.224051e+03      True
   blk_core     reclasso        500               500    13:00 deck period  1116 2020-01-03           0.16304      24.22855 -24.06551 -99.32708 -24.17759 -23.96205 -4.658229e+02      True
   blk_core     reclasso        500               500    13:30      common  5677 2001-10-11           0.14534      24.15997 -24.01463 -99.39844 -24.05705 -23.97240 -1.176757e+03      True
   blk_core     reclasso        500               500    13:30 deck period  1088 2020-01-03           0.17403      24.20795 -24.03392 -99.28109 -24.14823 -23.91350 -4.606347e+02      True
   blk_core     reclasso        500               500    14:00      common  5669 2001-10-11           0.13746      24.15402 -24.01656 -99.43089 -24.06086 -23.97394 -1.180782e+03      True
   blk_core     reclasso        500               500    14:00 deck period  1088 2020-01-03           0.17405      24.23622 -24.06217 -99.28185 -24.17954 -23.92989 -4.331709e+02      True
   blk_core     reclasso       2000               500 all bars      common 29656 2007-09-19           0.13737      24.16256 -24.02519 -99.43147 -24.07989 -23.98879 -1.727749e+03      True
   blk_core     reclasso       2000               500 all bars deck period  7756 2020-01-03           0.15536      24.20759 -24.05223 -99.35822 -24.16789 -23.96811 -8.790984e+02      True
   blk_core     reclasso       2000               500    11:00      common  4282 2007-09-20           0.12117      24.12136 -24.00019 -99.49766 -24.04629 -23.95692 -1.095560e+03      True
   blk_core     reclasso       2000               500    11:00 deck period  1116 2020-01-03           0.14573      24.17383 -24.02809 -99.39714 -24.13158 -23.93346 -5.338950e+02      True
   blk_core     reclasso       2000               500    11:30      common  4282 2007-09-20           0.12518      24.13920 -24.01402 -99.48143 -24.06113 -23.97045 -1.041769e+03      True
   blk_core     reclasso       2000               500    11:30 deck period  1116 2020-01-03           0.13997      24.19790 -24.05793 -99.42155 -24.16123 -23.96237 -5.241011e+02      True
   blk_core     reclasso       2000               500    12:00      common  4243 2007-09-20           0.12831      24.15313 -24.02482 -99.46877 -24.07125 -23.98044 -1.048555e+03      True
   blk_core     reclasso       2000               500    12:00 deck period  1116 2020-01-03           0.13435      24.19596 -24.06161 -99.44474 -24.15997 -23.96622 -5.334816e+02      True
   blk_core     reclasso       2000               500    12:30      common  4244 2007-09-19           0.13860      24.16459 -24.02600 -99.42645 -24.07503 -23.97868 -1.001219e+03      True
   blk_core     reclasso       2000               500    12:30 deck period  1116 2020-01-03           0.15106      24.21342 -24.06236 -99.37612 -24.17467 -23.95836 -5.054181e+02      True
   blk_core     reclasso       2000               500    13:00      common  4244 2007-09-19           0.15049      24.18516 -24.03467 -99.37775 -24.08241 -23.98845 -9.911947e+02      True
   blk_core     reclasso       2000               500    13:00 deck period  1116 2020-01-03           0.16648      24.22855 -24.06207 -99.31288 -24.17026 -23.96025 -4.772406e+02      True
   blk_core     reclasso       2000               500    13:30      common  4183 2007-09-19           0.15401      24.19059 -24.03659 -99.36336 -24.08855 -23.98618 -9.464076e+02      True
   blk_core     reclasso       2000               500    13:30 deck period  1088 2020-01-03           0.17259      24.20795 -24.03536 -99.28705 -24.14831 -23.91710 -4.709793e+02      True
   blk_core     reclasso       2000               500    14:00      common  4178 2007-09-19           0.14444      24.18520 -24.04076 -99.40277 -24.09346 -23.98869 -9.426200e+02      True
   blk_core     reclasso       2000               500    14:00 deck period  1088 2020-01-03           0.17833      24.23622 -24.05789 -99.26419 -24.17216 -23.92775 -4.424543e+02      True
   blk_core     reclasso       2000              2000 all bars      common 29195 2007-12-21           0.13777       0.14346  -0.00569  -3.96644  -0.00763  -0.00530 -1.259509e+01      True
   blk_core     reclasso       2000              2000 all bars deck period  7756 2020-01-03           0.15536       0.16296  -0.00760  -4.66320  -0.01173  -0.00634 -6.802450e+00      True
   blk_core     reclasso       2000              2000    11:00      common  4216 2007-12-21           0.12159       0.12695  -0.00537  -4.22632  -0.00691  -0.00380 -6.871300e+00      True
   blk_core     reclasso       2000              2000    11:00 deck period  1116 2020-01-03           0.14573       0.15410  -0.00837  -5.43103  -0.01227  -0.00431 -4.282240e+00      True
   blk_core     reclasso       2000              2000    11:30      common  4216 2007-12-21           0.12523       0.13258  -0.00735  -5.54743  -0.00911  -0.00558 -8.756550e+00      True
   blk_core     reclasso       2000              2000    11:30 deck period  1116 2020-01-03           0.13997       0.15240  -0.01242  -8.15113  -0.01658  -0.00859 -6.444200e+00      True
   blk_core     reclasso       2000              2000    12:00      common  4178 2007-12-21           0.12868       0.13563  -0.00695  -5.12278  -0.00863  -0.00531 -8.466990e+00      True
   blk_core     reclasso       2000              2000    12:00 deck period  1116 2020-01-03           0.13435       0.14781  -0.01346  -9.10706  -0.01700  -0.01016 -7.371570e+00      True
   blk_core     reclasso       2000              2000    12:30      common  4178 2007-12-21           0.13931       0.14543  -0.00613  -4.21205  -0.00803  -0.00436 -6.989700e+00      True
   blk_core     reclasso       2000              2000    12:30 deck period  1116 2020-01-03           0.15106       0.16007  -0.00901  -5.62613  -0.01263  -0.00528 -4.902590e+00      True
   blk_core     reclasso       2000              2000    13:00      common  4178 2007-12-21           0.15046       0.15598  -0.00552  -3.54046  -0.00740  -0.00360 -5.806520e+00      True
   blk_core     reclasso       2000              2000    13:00 deck period  1116 2020-01-03           0.16648       0.17242  -0.00594  -3.44398  -0.01046  -0.00108 -2.454590e+00      True
   blk_core     reclasso       2000              2000    13:30      common  4117 2007-12-21           0.15425       0.15756  -0.00331  -2.10027  -0.00539  -0.00111 -3.150320e+00      True
   blk_core     reclasso       2000              2000    13:30 deck period  1088 2020-01-03           0.17259       0.17337  -0.00078  -0.45143  -0.00474   0.00336 -3.866600e-01     False
   blk_core     reclasso       2000              2000    14:00      common  4112 2007-12-21           0.14547       0.15062  -0.00515  -3.41880  -0.00737  -0.00281 -4.632400e+00      True
   blk_core     reclasso       2000              2000    14:00 deck period  1088 2020-01-03           0.17833       0.18126  -0.00293  -1.61437  -0.00779   0.00379 -1.009620e+00     False
   blk_core reclasticnet        500               500 all bars      common 40156 2001-10-11           0.13066       0.13646  -0.00580  -4.25174  -0.00798  -0.00565 -1.282781e+01      True
   blk_core reclasticnet        500               500 all bars deck period  7756 2020-01-03           0.14987       0.15524  -0.00538  -3.46413  -0.01076  -0.00310 -3.423580e+00      True
   blk_core reclasticnet        500               500    11:00      common  5797 2001-10-11           0.11455       0.12043  -0.00588  -4.88288  -0.00771  -0.00409 -6.511940e+00      True
   blk_core reclasticnet        500               500    11:00 deck period  1116 2020-01-03           0.14039       0.14694  -0.00654  -4.45390  -0.01356   0.00002 -2.092270e+00     False
   blk_core reclasticnet        500               500    11:30      common  5799 2001-10-11           0.11891       0.12544  -0.00653  -5.20741  -0.00823  -0.00480 -7.992450e+00      True
   blk_core reclasticnet        500               500    11:30 deck period  1116 2020-01-03           0.13376       0.14348  -0.00972  -6.77504  -0.01499  -0.00452 -3.838170e+00      True
   blk_core reclasticnet        500               500    12:00      common  5738 2001-10-11           0.12242       0.12904  -0.00661  -5.12461  -0.00828  -0.00500 -8.148540e+00      True
   blk_core reclasticnet        500               500    12:00 deck period  1116 2020-01-03           0.12781       0.13782  -0.01002  -7.26708  -0.01504  -0.00474 -3.771290e+00      True
   blk_core reclasticnet        500               500    12:30      common  5738 2001-10-11           0.13796       0.14496  -0.00700  -4.82597  -0.00892  -0.00524 -7.782590e+00      True
   blk_core reclasticnet        500               500    12:30 deck period  1116 2020-01-03           0.13821       0.14903  -0.01082  -7.26038  -0.01594  -0.00611 -4.438330e+00      True
   blk_core reclasticnet        500               500    13:00      common  5738 2001-10-11           0.13850       0.14433  -0.00583  -4.03991  -0.00791  -0.00381 -5.976770e+00      True
   blk_core reclasticnet        500               500    13:00 deck period  1116 2020-01-03           0.15911       0.16569  -0.00657  -3.96630  -0.01410   0.00058 -2.053560e+00     False
   blk_core reclasticnet        500               500    13:30      common  5677 2001-10-11           0.14580       0.15029  -0.00449  -2.98915  -0.00679  -0.00216 -3.976460e+00      True
   blk_core reclasticnet        500               500    13:30 deck period  1088 2020-01-03           0.17658       0.17231   0.00427   2.47722  -0.00297   0.01288  1.117210e+00     False
   blk_core reclasticnet        500               500    14:00      common  5669 2001-10-11           0.13702       0.14125  -0.00423  -2.99410  -0.00645  -0.00130 -3.306760e+00      True
   blk_core reclasticnet        500               500    14:00 deck period  1088 2020-01-03           0.17448       0.17228   0.00219   1.27199  -0.00603   0.01390  4.078400e-01     False
   blk_core reclasticnet       2000               500 all bars      common 29656 2007-09-19           0.13694       0.14122  -0.00428  -3.03055  -0.00637  -0.00341 -8.887590e+00      True
   blk_core reclasticnet       2000               500 all bars deck period  7756 2020-01-03           0.15415       0.15524  -0.00109  -0.70264  -0.00483   0.00115 -1.097730e+00     False
   blk_core reclasticnet       2000               500    11:00      common  4282 2007-09-20           0.12055       0.12585  -0.00530  -4.21155  -0.00715  -0.00344 -5.736640e+00      True
   blk_core reclasticnet       2000               500    11:00 deck period  1116 2020-01-03           0.14431       0.14694  -0.00263  -1.78848  -0.00709   0.00155 -1.353690e+00     False
   blk_core reclasticnet       2000               500    11:30      common  4282 2007-09-20           0.12497       0.13081  -0.00584  -4.46518  -0.00781  -0.00394 -6.323780e+00      True
   blk_core reclasticnet       2000               500    11:30 deck period  1116 2020-01-03           0.13902       0.14348  -0.00445  -3.10484  -0.00848  -0.00027 -2.301360e+00      True
   blk_core reclasticnet       2000               500    12:00      common  4243 2007-09-20           0.12804       0.13186  -0.00382  -2.89401  -0.00574  -0.00196 -4.097560e+00      True
   blk_core reclasticnet       2000               500    12:00 deck period  1116 2020-01-03           0.13322       0.13782  -0.00460  -3.33756  -0.00825  -0.00093 -2.669410e+00      True
   blk_core reclasticnet       2000               500    12:30      common  4244 2007-09-19           0.13830       0.14188  -0.00357  -2.51864  -0.00562  -0.00160 -3.686710e+00      True
   blk_core reclasticnet       2000               500    12:30 deck period  1116 2020-01-03           0.14952       0.14903   0.00049   0.32870  -0.00310   0.00426  2.663300e-01     False
   blk_core reclasticnet       2000               500    13:00      common  4244 2007-09-19           0.14976       0.15404  -0.00428  -2.77821  -0.00644  -0.00220 -4.229470e+00      True
   blk_core reclasticnet       2000               500    13:00 deck period  1116 2020-01-03           0.16442       0.16569  -0.00127  -0.76712  -0.00509   0.00242 -6.463600e-01     False
   blk_core reclasticnet       2000               500    13:30      common  4183 2007-09-19           0.15340       0.15755  -0.00415  -2.63510  -0.00619  -0.00204 -4.151660e+00      True
   blk_core reclasticnet       2000               500    13:30 deck period  1088 2020-01-03           0.17216       0.17231  -0.00016  -0.09121  -0.00370   0.00378 -8.479000e-02     False
   blk_core reclasticnet       2000               500    14:00      common  4178 2007-09-19           0.14418       0.14713  -0.00295  -2.00597  -0.00549  -0.00013 -2.301460e+00      True
   blk_core reclasticnet       2000               500    14:00 deck period  1088 2020-01-03           0.17745       0.17228   0.00517   2.99839  -0.00058   0.01273  1.472340e+00     False
   blk_core reclasticnet       2000              2000 all bars      common 29195 2007-12-21           0.13733       0.14312  -0.00579  -4.04457  -0.00771  -0.00539 -1.306560e+01      True
   blk_core reclasticnet       2000              2000 all bars deck period  7756 2020-01-03           0.15415       0.16266  -0.00850  -5.22786  -0.01281  -0.00725 -7.513600e+00      True
   blk_core reclasticnet       2000              2000    11:00      common  4216 2007-12-21           0.12095       0.12674  -0.00578  -4.56384  -0.00727  -0.00427 -7.667860e+00      True
   blk_core reclasticnet       2000              2000    11:00 deck period  1116 2020-01-03           0.14431       0.15387  -0.00956  -6.21322  -0.01343  -0.00583 -4.984400e+00      True
   blk_core reclasticnet       2000              2000    11:30      common  4216 2007-12-21           0.12502       0.13238  -0.00736  -5.55801  -0.00903  -0.00565 -8.899490e+00      True
   blk_core reclasticnet       2000              2000    11:30 deck period  1116 2020-01-03           0.13902       0.15240  -0.01338  -8.77861  -0.01734  -0.00967 -6.999270e+00      True
   blk_core reclasticnet       2000              2000    12:00      common  4178 2007-12-21           0.12841       0.13535  -0.00694  -5.12890  -0.00870  -0.00526 -8.401340e+00      True
   blk_core reclasticnet       2000              2000    12:00 deck period  1116 2020-01-03           0.13322       0.14732  -0.01410  -9.56815  -0.01735  -0.01123 -7.938790e+00      True
   blk_core reclasticnet       2000              2000    12:30      common  4178 2007-12-21           0.13901       0.14505  -0.00605  -4.16749  -0.00789  -0.00443 -7.129210e+00      True
   blk_core reclasticnet       2000              2000    12:30 deck period  1116 2020-01-03           0.14952       0.15948  -0.00995  -6.24099  -0.01367  -0.00625 -5.273680e+00      True
   blk_core reclasticnet       2000              2000    13:00      common  4178 2007-12-21           0.14971       0.15538  -0.00566  -3.64437  -0.00756  -0.00375 -6.065400e+00      True
   blk_core reclasticnet       2000              2000    13:00 deck period  1116 2020-01-03           0.16442       0.17203  -0.00761  -4.42520  -0.01194  -0.00312 -3.377710e+00      True
   blk_core reclasticnet       2000              2000    13:30      common  4117 2007-12-21           0.15363       0.15696  -0.00333  -2.12241  -0.00527  -0.00133 -3.530620e+00      True
   blk_core reclasticnet       2000              2000    13:30 deck period  1088 2020-01-03           0.17216       0.17301  -0.00085  -0.48999  -0.00479   0.00347 -3.987400e-01     False
   blk_core reclasticnet       2000              2000    14:00      common  4112 2007-12-21           0.14521       0.15055  -0.00534  -3.54724  -0.00750  -0.00303 -4.957070e+00      True
   blk_core reclasticnet       2000              2000    14:00 deck period  1088 2020-01-03           0.17745       0.18121  -0.00376  -2.07764  -0.00853   0.00283 -1.329620e+00     False
   blk_core        ridge        500               500 all bars      common 40156 2001-10-11           0.13126       0.13634  -0.00508  -3.72518  -0.00708  -0.00474 -1.241484e+01      True
   blk_core        ridge        500               500 all bars deck period  7756 2020-01-03           0.14978       0.15596  -0.00618  -3.95983  -0.01082  -0.00359 -4.791910e+00      True
   blk_core        ridge        500               500    11:00      common  5797 2001-10-11           0.11523       0.12065  -0.00542  -4.49411  -0.00716  -0.00371 -6.348780e+00      True
   blk_core        ridge        500               500    11:00 deck period  1116 2020-01-03           0.14126       0.14748  -0.00623  -4.22125  -0.01249  -0.00061 -2.358220e+00      True
   blk_core        ridge        500               500    11:30      common  5799 2001-10-11           0.11903       0.12549  -0.00646  -5.14963  -0.00807  -0.00490 -8.331480e+00      True
   blk_core        ridge        500               500    11:30 deck period  1116 2020-01-03           0.13527       0.14437  -0.00910  -6.30549  -0.01374  -0.00474 -4.147350e+00      True
   blk_core        ridge        500               500    12:00      common  5738 2001-10-11           0.12397       0.12945  -0.00548  -4.23355  -0.00706  -0.00393 -7.315400e+00      True
   blk_core        ridge        500               500    12:00 deck period  1116 2020-01-03           0.13046       0.14021  -0.00975  -6.95590  -0.01396  -0.00570 -5.044880e+00      True
   blk_core        ridge        500               500    12:30      common  5738 2001-10-11           0.13935       0.14454  -0.00519  -3.58977  -0.00705  -0.00338 -5.949820e+00      True
   blk_core        ridge        500               500    12:30 deck period  1116 2020-01-03           0.13982       0.15024  -0.01042  -6.93449  -0.01500  -0.00624 -4.711990e+00      True
   blk_core        ridge        500               500    13:00      common  5738 2001-10-11           0.13934       0.14408  -0.00474  -3.29194  -0.00676  -0.00272 -5.277820e+00      True
   blk_core        ridge        500               500    13:00 deck period  1116 2020-01-03           0.15712       0.16626  -0.00914  -5.49861  -0.01521  -0.00378 -3.915890e+00      True
   blk_core        ridge        500               500    13:30      common  5677 2001-10-11           0.14473       0.14948  -0.00474  -3.17327  -0.00651  -0.00292 -5.433130e+00      True
   blk_core        ridge        500               500    13:30 deck period  1088 2020-01-03           0.17133       0.17105   0.00028   0.16451  -0.00521   0.00598  1.087900e-01     False
   blk_core        ridge        500               500    14:00      common  5669 2001-10-11           0.13772       0.14119  -0.00347  -2.45932  -0.00561  -0.00099 -3.119580e+00      True
   blk_core        ridge        500               500    14:00 deck period  1088 2020-01-03           0.17438       0.17290   0.00149   0.85919  -0.00559   0.01103  3.402900e-01     False
   blk_core        ridge       2000               500 all bars      common 29656 2007-09-19           0.13637       0.14100  -0.00463  -3.28516  -0.00671  -0.00385 -9.821890e+00      True
   blk_core        ridge       2000               500 all bars deck period  7756 2020-01-03           0.15402       0.15596  -0.00194  -1.24382  -0.00560   0.00035 -2.037240e+00     False
   blk_core        ridge       2000               500    11:00      common  4282 2007-09-20           0.12055       0.12605  -0.00549  -4.35930  -0.00733  -0.00366 -5.999930e+00      True
   blk_core        ridge       2000               500    11:00 deck period  1116 2020-01-03           0.14489       0.14748  -0.00260  -1.76019  -0.00686   0.00155 -1.392560e+00     False
   blk_core        ridge       2000               500    11:30      common  4282 2007-09-20           0.12465       0.13073  -0.00608  -4.65335  -0.00803  -0.00415 -6.457920e+00      True
   blk_core        ridge       2000               500    11:30 deck period  1116 2020-01-03           0.13993       0.14437  -0.00445  -3.07954  -0.00869  -0.00030 -2.114880e+00      True
   blk_core        ridge       2000               500    12:00      common  4243 2007-09-20           0.12810       0.13227  -0.00418  -3.15669  -0.00625  -0.00225 -4.230600e+00      True
   blk_core        ridge       2000               500    12:00 deck period  1116 2020-01-03           0.13348       0.14021  -0.00673  -4.80156  -0.01087  -0.00271 -3.615900e+00      True
   blk_core        ridge       2000               500    12:30      common  4244 2007-09-19           0.13714       0.14145  -0.00432  -3.05100  -0.00634  -0.00242 -4.707740e+00      True
   blk_core        ridge       2000               500    12:30 deck period  1116 2020-01-03           0.15001       0.15024  -0.00023  -0.15232  -0.00376   0.00340 -1.321500e-01     False
   blk_core        ridge       2000               500    13:00      common  4244 2007-09-19           0.14943       0.15374  -0.00432  -2.80799  -0.00645  -0.00227 -4.289210e+00      True
   blk_core        ridge       2000               500    13:00 deck period  1116 2020-01-03           0.16360       0.16626  -0.00266  -1.60215  -0.00653   0.00105 -1.290150e+00     False
   blk_core        ridge       2000               500    13:30      common  4183 2007-09-19           0.15172       0.15635  -0.00463  -2.96312  -0.00678  -0.00243 -4.245420e+00      True
   blk_core        ridge       2000               500    13:30 deck period  1088 2020-01-03           0.17016       0.17105  -0.00089  -0.51984  -0.00464   0.00341 -4.325700e-01     False
   blk_core        ridge       2000               500    14:00      common  4178 2007-09-19           0.14359       0.14695  -0.00337  -2.29000  -0.00576  -0.00085 -2.917470e+00      True
   blk_core        ridge       2000               500    14:00 deck period  1088 2020-01-03           0.17706       0.17290   0.00416   2.40407  -0.00068   0.00916  1.628970e+00     False
   blk_core        ridge       2000              2000 all bars      common 29195 2007-12-21           0.13675       0.14241  -0.00566  -3.97431  -0.00749  -0.00525 -1.365427e+01      True
   blk_core        ridge       2000              2000 all bars deck period  7756 2020-01-03           0.15402       0.16205  -0.00803  -4.95302  -0.01199  -0.00660 -7.996840e+00      True
   blk_core        ridge       2000              2000    11:00      common  4216 2007-12-21           0.12096       0.12664  -0.00568  -4.48711  -0.00713  -0.00428 -7.813010e+00      True
   blk_core        ridge       2000              2000    11:00 deck period  1116 2020-01-03           0.14489       0.15352  -0.00864  -5.62646  -0.01214  -0.00523 -5.136670e+00      True
   blk_core        ridge       2000              2000    11:30      common  4216 2007-12-21           0.12469       0.13209  -0.00740  -5.60044  -0.00896  -0.00581 -9.310400e+00      True
   blk_core        ridge       2000              2000    11:30 deck period  1116 2020-01-03           0.13993       0.15197  -0.01204  -7.92292  -0.01568  -0.00851 -6.612450e+00      True
   blk_core        ridge       2000              2000    12:00      common  4178 2007-12-21           0.12847       0.13486  -0.00640  -4.74266  -0.00806  -0.00475 -7.788560e+00      True
   blk_core        ridge       2000              2000    12:00 deck period  1116 2020-01-03           0.13348       0.14716  -0.01368  -9.29718  -0.01699  -0.01063 -8.146570e+00      True
   blk_core        ridge       2000              2000    12:30      common  4178 2007-12-21           0.13782       0.14408  -0.00626  -4.34378  -0.00793  -0.00468 -8.028240e+00      True
   blk_core        ridge       2000              2000    12:30 deck period  1116 2020-01-03           0.15001       0.15891  -0.00890  -5.59941  -0.01231  -0.00550 -5.145930e+00      True
   blk_core        ridge       2000              2000    13:00      common  4178 2007-12-21           0.14938       0.15471  -0.00533  -3.44346  -0.00717  -0.00355 -6.286120e+00      True
   blk_core        ridge       2000              2000    13:00 deck period  1116 2020-01-03           0.16360       0.17164  -0.00804  -4.68393  -0.01167  -0.00452 -4.708030e+00      True
   blk_core        ridge       2000              2000    13:30      common  4117 2007-12-21           0.15193       0.15599  -0.00406  -2.60386  -0.00591  -0.00211 -4.373260e+00      True
   blk_core        ridge       2000              2000    13:30 deck period  1088 2020-01-03           0.17016       0.17232  -0.00216  -1.25560  -0.00575   0.00129 -1.285760e+00     False
   blk_core        ridge       2000              2000    14:00      common  4112 2007-12-21           0.14460       0.14904  -0.00444  -2.97655  -0.00664  -0.00204 -4.003980e+00      True
   blk_core        ridge       2000              2000    14:00 deck period  1088 2020-01-03           0.17706       0.17949  -0.00243  -1.35620  -0.00729   0.00423 -8.484900e-01     False
   blk_open     reclasso        500               500 all bars      common  9363 2006-03-02           0.13055      24.09172 -23.96117 -99.45811 -24.00119 -23.92260 -1.424524e+03      True
   blk_open     reclasso        500               500 all bars deck period  2232 2020-01-03           0.13867      24.12971 -23.99105 -99.42533 -24.09067 -23.89575 -6.647679e+02      True
   blk_open     reclasso        500               500    10:00      common  4681 2006-03-03           0.11036      24.06807 -23.95771 -99.54149 -24.00003 -23.91707 -1.210453e+03      True
   blk_open     reclasso        500               500    10:00 deck period  1116 2020-01-03           0.11733      24.10881 -23.99148 -99.51333 -24.09722 -23.89309 -5.410720e+02      True
   blk_open     reclasso        500               500    10:30      common  4682 2006-03-02           0.15074      24.11537 -23.96463 -99.37492 -24.00596 -23.92393 -1.169556e+03      True
   blk_open     reclasso        500               500    10:30 deck period  1116 2020-01-03           0.16000      24.15062 -23.99062 -99.33749 -24.09029 -23.89807 -5.354887e+02      True
   blk_open     reclasso       2000               500 all bars      common  6363 2011-12-23           0.13403      24.11112 -23.97709 -99.44411 -24.02630 -23.92621 -1.128628e+03      True
   blk_open     reclasso       2000               500 all bars deck period  2232 2020-01-03           0.14124      24.12971 -23.98848 -99.41468 -24.08791 -23.89316 -6.696743e+02      True
   blk_open     reclasso       2000               500    10:00      common  3181 2011-12-27           0.11522      24.08853 -23.97331 -99.52166 -24.02609 -23.92351 -9.769644e+02      True
   blk_open     reclasso       2000               500    10:00 deck period  1116 2020-01-03           0.12104      24.10881 -23.98777 -99.49793 -24.09312 -23.88931 -5.435868e+02      True
   blk_open     reclasso       2000               500    10:30      common  3182 2011-12-23           0.15283      24.13370 -23.98087 -99.36673 -24.03135 -23.92939 -9.463079e+02      True
   blk_open     reclasso       2000               500    10:30 deck period  1116 2020-01-03           0.16143      24.15062 -23.98919 -99.33159 -24.08796 -23.89619 -5.406549e+02      True
   blk_open     reclasso       2000              2000 all bars      common  6363 2011-12-23           0.13403       0.13335   0.00068   0.51047  -0.00140   0.00292  6.221000e-01     False
   blk_open     reclasso       2000              2000 all bars deck period  2232 2020-01-03           0.14124       0.14096   0.00028   0.19826  -0.00265   0.00319  1.834200e-01     False
   blk_open     reclasso       2000              2000    10:00      common  3181 2011-12-27           0.11522       0.11622  -0.00099  -0.85237  -0.00373   0.00212 -6.346300e-01     False
   blk_open     reclasso       2000              2000    10:00 deck period  1116 2020-01-03           0.12104       0.12083   0.00021   0.17774  -0.00385   0.00479  9.335000e-02     False
   blk_open     reclasso       2000              2000    10:30      common  3182 2011-12-23           0.15283       0.15048   0.00235   1.56267  -0.00032   0.00569  1.586400e+00     False
   blk_open     reclasso       2000              2000    10:30 deck period  1116 2020-01-03           0.16143       0.16108   0.00034   0.21364  -0.00328   0.00385  1.865700e-01     False
   blk_open reclasticnet        500               500 all bars      common  9363 2006-03-02           0.13028       0.13159  -0.00131  -0.99213  -0.00278   0.00022 -1.775250e+00     False
   blk_open reclasticnet        500               500 all bars deck period  2232 2020-01-03           0.13728       0.13759  -0.00031  -0.22727  -0.00302   0.00241 -2.299800e-01     False
   blk_open reclasticnet        500               500    10:00      common  4681 2006-03-03           0.11023       0.11343  -0.00320  -2.82169  -0.00517  -0.00109 -3.243680e+00      True
   blk_open reclasticnet        500               500    10:00 deck period  1116 2020-01-03           0.11634       0.11637  -0.00003  -0.02485  -0.00371   0.00399 -1.619000e-02     False
   blk_open reclasticnet        500               500    10:30      common  4682 2006-03-02           0.15033       0.14974   0.00059   0.39351  -0.00123   0.00238  6.392000e-01     False
   blk_open reclasticnet        500               500    10:30 deck period  1116 2020-01-03           0.15822       0.15881  -0.00060  -0.37559  -0.00417   0.00273 -3.211500e-01     False
   blk_open reclasticnet       2000               500 all bars      common  6363 2011-12-23           0.13534       0.13459   0.00076   0.56156  -0.00191   0.00395  5.003700e-01     False
   blk_open reclasticnet       2000               500 all bars deck period  2232 2020-01-03           0.14280       0.13759   0.00521   3.78589   0.00059   0.00988  2.322230e+00     False
   blk_open reclasticnet       2000               500    10:00      common  3181 2011-12-27           0.11762       0.11753   0.00009   0.07922  -0.00404   0.00506  3.740000e-02     False
   blk_open reclasticnet       2000               500    10:00 deck period  1116 2020-01-03           0.12205       0.11637   0.00569   4.88536   0.00014   0.01164  2.003620e+00     False
   blk_open reclasticnet       2000               500    10:30      common  3182 2011-12-23           0.15306       0.15164   0.00142   0.93527  -0.00140   0.00409  1.014070e+00     False
   blk_open reclasticnet       2000               500    10:30 deck period  1116 2020-01-03           0.16355       0.15881   0.00473   2.98027  -0.00161   0.01020  1.544700e+00     False
   blk_open reclasticnet       2000              2000 all bars      common  6363 2011-12-23           0.13534       0.13342   0.00193   1.44351  -0.00046   0.00481  1.458380e+00     False
   blk_open reclasticnet       2000              2000 all bars deck period  2232 2020-01-03           0.14280       0.14108   0.00172   1.22099  -0.00169   0.00498  1.061330e+00     False
   blk_open reclasticnet       2000              2000    10:00      common  3181 2011-12-27           0.11762       0.11636   0.00125   1.07831  -0.00251   0.00633  5.306900e-01     False
   blk_open reclasticnet       2000              2000    10:00 deck period  1116 2020-01-03           0.12205       0.12083   0.00123   1.01636  -0.00330   0.00634  5.055600e-01     False
   blk_open reclasticnet       2000              2000    10:30      common  3182 2011-12-23           0.15306       0.15046   0.00260   1.72585   0.00044   0.00464  2.540140e+00     False
   blk_open reclasticnet       2000              2000    10:30 deck period  1116 2020-01-03           0.16355       0.16133   0.00222   1.37425  -0.00183   0.00597  1.153830e+00     False
   blk_open        ridge        500               500 all bars      common  9363 2006-03-02           0.13135       0.13147  -0.00012  -0.08945  -0.00170   0.00149 -1.469100e-01     False
   blk_open        ridge        500               500 all bars deck period  2232 2020-01-03           0.14188       0.13744   0.00444   3.22915   0.00094   0.00825  2.606720e+00     False
   blk_open        ridge        500               500    10:00      common  4681 2006-03-03           0.11109       0.11299  -0.00190  -1.68496  -0.00392   0.00020 -1.844780e+00     False
   blk_open        ridge        500               500    10:00 deck period  1116 2020-01-03           0.12033       0.11640   0.00392   3.37049  -0.00063   0.00894  1.785960e+00     False
   blk_open        ridge        500               500    10:30      common  4682 2006-03-02           0.15161       0.14994   0.00167   1.11270  -0.00037   0.00367  1.641220e+00     False
   blk_open        ridge        500               500    10:30 deck period  1116 2020-01-03           0.16343       0.15848   0.00495   3.12533   0.00078   0.00959  2.266080e+00     False
   blk_open        ridge       2000               500 all bars      common  6363 2011-12-23           0.13430       0.13448  -0.00018  -0.13068  -0.00256   0.00242 -1.438500e-01     False
   blk_open        ridge       2000               500 all bars deck period  2232 2020-01-03           0.14263       0.13744   0.00519   3.77288   0.00072   0.00958  2.355610e+00     False
   blk_open        ridge       2000               500    10:00      common  3181 2011-12-27           0.11452       0.11713  -0.00260  -2.22243  -0.00536   0.00015 -1.919680e+00     False
   blk_open        ridge       2000               500    10:00 deck period  1116 2020-01-03           0.12158       0.11640   0.00517   4.44259  -0.00014   0.01071  1.864740e+00     False
   blk_open        ridge       2000               500    10:30      common  3182 2011-12-23           0.15408       0.15183   0.00225   1.48248  -0.00120   0.00616  1.194680e+00     False
   blk_open        ridge       2000               500    10:30 deck period  1116 2020-01-03           0.16368       0.15848   0.00520   3.28096  -0.00074   0.01060  1.776010e+00     False
   blk_open        ridge       2000              2000 all bars      common  6363 2011-12-23           0.13430       0.13341   0.00089   0.66792  -0.00119   0.00309  8.431700e-01     False
   blk_open        ridge       2000              2000 all bars deck period  2232 2020-01-03           0.14263       0.14091   0.00172   1.21916  -0.00192   0.00528  9.679700e-01     False
   blk_open        ridge       2000              2000    10:00      common  3181 2011-12-27           0.11452       0.11593  -0.00141  -1.21570  -0.00370   0.00091 -1.242160e+00     False
   blk_open        ridge       2000              2000    10:00 deck period  1116 2020-01-03           0.12158       0.12050   0.00108   0.89628  -0.00378   0.00623  4.301700e-01     False
   blk_open        ridge       2000              2000    10:30      common  3182 2011-12-23           0.15408       0.15089   0.00319   2.11474   0.00009   0.00696  1.905390e+00     False
   blk_open        ridge       2000              2000    10:30 deck period  1116 2020-01-03           0.16368       0.16132   0.00236   1.46033  -0.00209   0.00666  1.103180e+00     False
blk_release     reclasso        500               500 all bars      common  9081 2006-04-04          22.58423      24.28969  -1.70547  -7.02137  -1.70647  -1.70346 -1.700166e+03      True
blk_release     reclasso        500               500 all bars deck period  2174 2020-01-03          22.66635      24.37282  -1.70647  -7.00154  -1.70647  -1.70647 -2.293613e+11      True
blk_release     reclasso        500               500    14:30      common  4541 2006-04-05          22.62104      24.32551  -1.70447  -7.00691  -1.70647  -1.70045 -8.500495e+02      True
blk_release     reclasso        500               500    14:30 deck period  1087 2020-01-03          22.66362      24.37009  -1.70647  -7.00232  -1.70647  -1.70647 -1.995293e+11      True
blk_release     reclasso        500               500    15:00      common  4540 2006-04-04          22.54740      24.25388  -1.70647  -7.03588  -1.70647  -1.70647 -3.912002e+11      True
blk_release     reclasso        500               500    15:00 deck period  1087 2020-01-03          22.66908      24.37555  -1.70647  -7.00076  -1.70647  -1.70647 -1.915723e+11      True
blk_release     reclasso       2000               500 all bars      common  6081 2012-03-22           0.22670      24.32942 -24.10272 -99.06819 -24.16323 -24.04296 -9.472380e+02      True
blk_release     reclasso       2000               500 all bars deck period  2174 2020-01-03           0.25466      24.37282 -24.11816 -98.95515 -24.22835 -24.00912 -5.395574e+02      True
blk_release     reclasso       2000               500    14:30      common  3041 2012-03-22           0.26643      24.37080 -24.10437 -98.90675 -24.16880 -24.03822 -7.779903e+02      True
blk_release     reclasso       2000               500    14:30 deck period  1087 2020-01-03           0.28848      24.37009 -24.08161 -98.81626 -24.20146 -23.96452 -4.297347e+02      True
blk_release     reclasso       2000               500    15:00      common  3040 2012-03-22           0.18696      24.28803 -24.10106 -99.23023 -24.15762 -24.03918 -8.235056e+02      True
blk_release     reclasso       2000               500    15:00 deck period  1087 2020-01-03           0.22084      24.37555 -24.15471 -99.09401 -24.26019 -24.04733 -4.779102e+02      True
blk_release     reclasso       2000              2000 all bars      common  6081 2012-03-22           0.22670       0.23895  -0.01224  -5.12354  -0.01627  -0.00814 -6.204740e+00      True
blk_release     reclasso       2000              2000 all bars deck period  2174 2020-01-03           0.25466       0.27606  -0.02140  -7.75187  -0.03021  -0.01323 -5.066550e+00      True
blk_release     reclasso       2000              2000    14:30      common  3041 2012-03-22           0.26643       0.29979  -0.03335 -11.12591  -0.03958  -0.02759 -1.112555e+01      True
blk_release     reclasso       2000              2000    14:30 deck period  1087 2020-01-03           0.28848       0.33659  -0.04811 -14.29412  -0.06143  -0.03666 -7.462660e+00      True
blk_release     reclasso       2000              2000    15:00      common  3040 2012-03-22           0.18696       0.17809   0.00888   4.98400   0.00517   0.01274  4.630260e+00     False
blk_release     reclasso       2000              2000    15:00 deck period  1087 2020-01-03           0.22084       0.21553   0.00531   2.46530  -0.00193   0.01360  1.444760e+00     False
blk_release reclasticnet        500               500 all bars      common  9081 2006-04-04           0.21139       0.22629  -0.01489  -6.58140  -0.01997  -0.01030 -5.959130e+00      True
blk_release reclasticnet        500               500 all bars deck period  2174 2020-01-03           0.24010       0.27411  -0.03401 -12.40871  -0.05091  -0.01960 -4.168100e+00      True
blk_release reclasticnet        500               500    14:30      common  4541 2006-04-05           0.25084       0.28573  -0.03490 -12.21315  -0.04351  -0.02710 -8.636490e+00      True
blk_release reclasticnet        500               500    14:30 deck period  1087 2020-01-03           0.27775       0.34385  -0.06610 -19.22402  -0.09453  -0.04328 -4.973930e+00      True
blk_release reclasticnet        500               500    15:00      common  4540 2006-04-04           0.17194       0.16682   0.00512   3.06671   0.00115   0.00925  2.455470e+00     False
blk_release reclasticnet        500               500    15:00 deck period  1087 2020-01-03           0.20245       0.20438  -0.00193  -0.94226  -0.01256   0.00901 -3.411700e-01     False
blk_release reclasticnet       2000               500 all bars      common  6081 2012-03-22           0.22472       0.23889  -0.01417  -5.93084  -0.01901  -0.00933 -5.286400e+00      True
blk_release reclasticnet       2000               500 all bars deck period  2174 2020-01-03           0.25499       0.27411  -0.01913  -6.97796  -0.03092  -0.00897 -3.164690e+00      True
blk_release reclasticnet       2000               500    14:30      common  3041 2012-03-22           0.26249       0.30254  -0.04005 -13.23885  -0.04820  -0.03272 -9.551040e+00      True
blk_release reclasticnet       2000               500    14:30 deck period  1087 2020-01-03           0.28956       0.34385  -0.05429 -15.78940  -0.07400  -0.03833 -5.479340e+00      True
blk_release reclasticnet       2000               500    15:00      common  3040 2012-03-22           0.18694       0.17521   0.01173   6.69241   0.00714   0.01651  5.065000e+00     False
blk_release reclasticnet       2000               500    15:00 deck period  1087 2020-01-03           0.22041       0.20438   0.01604   7.84688   0.00659   0.02623  3.592470e+00     False
blk_release reclasticnet       2000              2000 all bars      common  6081 2012-03-22           0.22472       0.23859  -0.01387  -5.81341  -0.01799  -0.00987 -6.627660e+00      True
blk_release reclasticnet       2000              2000 all bars deck period  2174 2020-01-03           0.25499       0.27585  -0.02087  -7.56431  -0.02953  -0.01239 -4.955570e+00      True
blk_release reclasticnet       2000              2000    14:30      common  3041 2012-03-22           0.26249       0.29926  -0.03676 -12.28543  -0.04272  -0.03080 -1.188504e+01      True
blk_release reclasticnet       2000              2000    14:30 deck period  1087 2020-01-03           0.28956       0.33610  -0.04654 -13.84801  -0.05920  -0.03498 -7.348850e+00      True
blk_release reclasticnet       2000              2000    15:00      common  3040 2012-03-22           0.18694       0.17790   0.00903   5.07687   0.00490   0.01311  4.339230e+00     False
blk_release reclasticnet       2000              2000    15:00 deck period  1087 2020-01-03           0.22041       0.21560   0.00481   2.23142  -0.00284   0.01345  1.254840e+00     False
blk_release        ridge        500               500 all bars      common  9081 2006-04-04           0.21294       0.22503  -0.01209  -5.37462  -0.01742  -0.00766 -4.779460e+00      True
blk_release        ridge        500               500 all bars deck period  2174 2020-01-03           0.24321       0.27341  -0.03020 -11.04554  -0.04796  -0.01535 -3.699310e+00      True
blk_release        ridge        500               500    14:30      common  4541 2006-04-05           0.25123       0.28439  -0.03317 -11.66224  -0.04225  -0.02536 -8.134610e+00      True
blk_release        ridge        500               500    14:30 deck period  1087 2020-01-03           0.28100       0.34318  -0.06218 -18.11953  -0.09164  -0.03832 -4.608630e+00      True
blk_release        ridge        500               500    15:00      common  4540 2006-04-04           0.17464       0.16566   0.00898   5.42199   0.00506   0.01305  4.256160e+00     False
blk_release        ridge        500               500    15:00 deck period  1087 2020-01-03           0.20542       0.20363   0.00178   0.87619  -0.00785   0.01250  3.396400e-01     False
blk_release        ridge       2000               500 all bars      common  6081 2012-03-22           0.22705       0.23746  -0.01040  -4.38059  -0.01569  -0.00517 -3.636790e+00      True
blk_release        ridge       2000               500 all bars deck period  2174 2020-01-03           0.25624       0.27341  -0.01716  -6.27778  -0.03000  -0.00632 -2.670960e+00      True
blk_release        ridge       2000               500    14:30      common  3041 2012-03-22           0.26372       0.30122  -0.03751 -12.45109  -0.04626  -0.02944 -8.256580e+00      True
blk_release        ridge       2000               500    14:30 deck period  1087 2020-01-03           0.29084       0.34318  -0.05234 -15.25071  -0.07413  -0.03533 -4.883530e+00      True
blk_release        ridge       2000               500    15:00      common  3040 2012-03-22           0.19038       0.17367   0.01671   9.62187   0.01198   0.02158  6.985200e+00     False
blk_release        ridge       2000               500    15:00 deck period  1087 2020-01-03           0.22164       0.20363   0.01801   8.84422   0.00901   0.02849  4.023810e+00     False
blk_release        ridge       2000              2000 all bars      common  6081 2012-03-22           0.22705       0.23692  -0.00987  -4.16457  -0.01417  -0.00543 -4.414420e+00      True
blk_release        ridge       2000              2000 all bars deck period  2174 2020-01-03           0.25624       0.27500  -0.01875  -6.81984  -0.02810  -0.01029 -4.185570e+00      True
blk_release        ridge       2000              2000    14:30      common  3041 2012-03-22           0.26372       0.29782  -0.03410 -11.45153  -0.04080  -0.02788 -1.024815e+01      True
blk_release        ridge       2000              2000    14:30 deck period  1087 2020-01-03           0.29084       0.33625  -0.04540 -13.50231  -0.05901  -0.03374 -6.725500e+00      True
blk_release        ridge       2000              2000    15:00      common  3040 2012-03-22           0.19038       0.17600   0.01438   8.17019   0.01012   0.01891  6.609820e+00     False
blk_release        ridge       2000              2000    15:00 deck period  1087 2020-01-03           0.22164       0.21375   0.00789   3.69212   0.00015   0.01673  2.011510e+00     False

wrote /u/scratch/j/jamesdc1/harxhar-subsection/results/linear_subsection/vol_demand/subsection_vs_pooled.csv

15:30 sign(s) trade with each arm's forecast (deck ridge: 1.338 mid / 0.870 crossed)
  segment    estimator  train_win  deck_days  pct_buy  Sharpe_mid  Sharpe_crossed  ridge_Sharpe_mid_same_days
  bar1600     reclasso        500        866  35.6813      0.7429          0.2688                      1.3383
  bar1600     reclasso       2000        866  35.3349      1.4204          0.9465                      1.3383
  bar1600 reclasticnet        500        866  34.6420      1.0716          0.5959                      1.3383
  bar1600 reclasticnet       2000        866  35.6813      1.3424          0.8685                      1.3383
  bar1600        ridge        500        866  38.9145      0.4407         -0.0323                      1.3383
  bar1600        ridge       2000        866  34.6420      1.0148          0.5393                      1.3383
blk_close     reclasso        500        866  35.6813      1.3098          0.8359                      1.3383
blk_close     reclasso       2000        866  36.1432      1.4186          0.9470                      1.3383
blk_close reclasticnet        500        866  36.2587      1.3385          0.8667                      1.3383
blk_close reclasticnet       2000        866  37.2979      1.2631          0.7905                      1.3383
blk_close        ridge        500        866  36.2587      0.8657          0.3920                      1.3383
blk_close        ridge       2000        866  35.7968      1.0460          0.5717                      1.3383
     none     reclasso        500        866 100.0000     -0.2038         -0.6756                      1.3383
     none     reclasso       2000        866  38.2217      0.8325          0.3590                      1.3383
     none reclasticnet        500        866  33.1409      1.4086          0.9327                      1.3383
     none reclasticnet       2000        866  38.1062      0.9581          0.4845                      1.3383
     none        ridge        500        866  33.9492      1.0113          0.5358                      1.3383
     none        ridge       2000        866  38.6836      1.2139          0.7423                      1.3383
