/u/home/j/jamesdc1/.conda/envs/hpc-pi/lib/python3.11/site-packages/pandas/core/arraylike.py:399: RuntimeWarning: divide by zero encountered in log
  result = getattr(ufunc, method)(*inputs, **kwargs)
/u/home/j/jamesdc1/.conda/envs/hpc-pi/lib/python3.11/site-packages/pandas/core/arraylike.py:399: RuntimeWarning: divide by zero encountered in log
  result = getattr(ufunc, method)(*inputs, **kwargs)
/u/home/j/jamesdc1/.conda/envs/hpc-pi/lib/python3.11/site-packages/pandas/core/arraylike.py:399: RuntimeWarning: divide by zero encountered in log
  result = getattr(ufunc, method)(*inputs, **kwargs)
/u/home/j/jamesdc1/.conda/envs/hpc-pi/lib/python3.11/site-packages/pandas/core/arraylike.py:399: RuntimeWarning: divide by zero encountered in log
  result = getattr(ufunc, method)(*inputs, **kwargs)
/u/home/j/jamesdc1/.conda/envs/hpc-pi/lib/python3.11/site-packages/pandas/core/arraylike.py:399: RuntimeWarning: divide by zero encountered in log
  result = getattr(ufunc, method)(*inputs, **kwargs)
/u/home/j/jamesdc1/.conda/envs/hpc-pi/lib/python3.11/site-packages/pandas/core/arraylike.py:399: RuntimeWarning: divide by zero encountered in log
  result = getattr(ufunc, method)(*inputs, **kwargs)
/u/home/j/jamesdc1/.conda/envs/hpc-pi/lib/python3.11/site-packages/pandas/core/arraylike.py:399: RuntimeWarning: divide by zero encountered in log
  result = getattr(ufunc, method)(*inputs, **kwargs)
/u/home/j/jamesdc1/.conda/envs/hpc-pi/lib/python3.11/site-packages/pandas/core/arraylike.py:399: RuntimeWarning: divide by zero encountered in log
  result = getattr(ufunc, method)(*inputs, **kwargs)
/u/home/j/jamesdc1/.conda/envs/hpc-pi/lib/python3.11/site-packages/pandas/core/arraylike.py:399: RuntimeWarning: divide by zero encountered in log
  result = getattr(ufunc, method)(*inputs, **kwargs)
/u/home/j/jamesdc1/.conda/envs/hpc-pi/lib/python3.11/site-packages/pandas/core/arraylike.py:399: RuntimeWarning: divide by zero encountered in log
  result = getattr(ufunc, method)(*inputs, **kwargs)
/u/home/j/jamesdc1/.conda/envs/hpc-pi/lib/python3.11/site-packages/pandas/core/arraylike.py:399: RuntimeWarning: divide by zero encountered in log
  result = getattr(ufunc, method)(*inputs, **kwargs)
/u/home/j/jamesdc1/.conda/envs/hpc-pi/lib/python3.11/site-packages/pandas/core/arraylike.py:399: RuntimeWarning: divide by zero encountered in log
  result = getattr(ufunc, method)(*inputs, **kwargs)
/u/home/j/jamesdc1/.conda/envs/hpc-pi/lib/python3.11/site-packages/pandas/core/arraylike.py:399: RuntimeWarning: divide by zero encountered in log
  result = getattr(ufunc, method)(*inputs, **kwargs)
/u/home/j/jamesdc1/.conda/envs/hpc-pi/lib/python3.11/site-packages/pandas/core/arraylike.py:399: RuntimeWarning: divide by zero encountered in log
  result = getattr(ufunc, method)(*inputs, **kwargs)
/u/home/j/jamesdc1/.conda/envs/hpc-pi/lib/python3.11/site-packages/pandas/core/arraylike.py:399: RuntimeWarning: divide by zero encountered in log
  result = getattr(ufunc, method)(*inputs, **kwargs)
/u/home/j/jamesdc1/.conda/envs/hpc-pi/lib/python3.11/site-packages/pandas/core/arraylike.py:399: RuntimeWarning: divide by zero encountered in log
  result = getattr(ufunc, method)(*inputs, **kwargs)
/u/home/j/jamesdc1/.conda/envs/hpc-pi/lib/python3.11/site-packages/pandas/core/arraylike.py:399: RuntimeWarning: divide by zero encountered in log
  result = getattr(ufunc, method)(*inputs, **kwargs)
/u/home/j/jamesdc1/.conda/envs/hpc-pi/lib/python3.11/site-packages/pandas/core/arraylike.py:399: RuntimeWarning: divide by zero encountered in log
  result = getattr(ufunc, method)(*inputs, **kwargs)
/u/home/j/jamesdc1/.conda/envs/hpc-pi/lib/python3.11/site-packages/pandas/core/arraylike.py:399: RuntimeWarning: divide by zero encountered in log
  result = getattr(ufunc, method)(*inputs, **kwargs)
/u/home/j/jamesdc1/.conda/envs/hpc-pi/lib/python3.11/site-packages/pandas/core/arraylike.py:399: RuntimeWarning: divide by zero encountered in log
  result = getattr(ufunc, method)(*inputs, **kwargs)
/u/home/j/jamesdc1/.conda/envs/hpc-pi/lib/python3.11/site-packages/pandas/core/arraylike.py:399: RuntimeWarning: divide by zero encountered in log
  result = getattr(ufunc, method)(*inputs, **kwargs)
/u/home/j/jamesdc1/.conda/envs/hpc-pi/lib/python3.11/site-packages/pandas/core/arraylike.py:399: RuntimeWarning: divide by zero encountered in log
  result = getattr(ufunc, method)(*inputs, **kwargs)
/u/home/j/jamesdc1/.conda/envs/hpc-pi/lib/python3.11/site-packages/pandas/core/arraylike.py:399: RuntimeWarning: divide by zero encountered in log
  result = getattr(ufunc, method)(*inputs, **kwargs)
/u/home/j/jamesdc1/.conda/envs/hpc-pi/lib/python3.11/site-packages/pandas/core/arraylike.py:399: RuntimeWarning: divide by zero encountered in log
  result = getattr(ufunc, method)(*inputs, **kwargs)
/u/home/j/jamesdc1/.conda/envs/hpc-pi/lib/python3.11/site-packages/pandas/core/arraylike.py:399: RuntimeWarning: divide by zero encountered in log
  result = getattr(ufunc, method)(*inputs, **kwargs)
/u/home/j/jamesdc1/.conda/envs/hpc-pi/lib/python3.11/site-packages/pandas/core/arraylike.py:399: RuntimeWarning: divide by zero encountered in log
  result = getattr(ufunc, method)(*inputs, **kwargs)
/u/home/j/jamesdc1/.conda/envs/hpc-pi/lib/python3.11/site-packages/pandas/core/arraylike.py:399: RuntimeWarning: divide by zero encountered in log
  result = getattr(ufunc, method)(*inputs, **kwargs)
/u/home/j/jamesdc1/.conda/envs/hpc-pi/lib/python3.11/site-packages/pandas/core/arraylike.py:399: RuntimeWarning: divide by zero encountered in log
  result = getattr(ufunc, method)(*inputs, **kwargs)
/u/home/j/jamesdc1/.conda/envs/hpc-pi/lib/python3.11/site-packages/pandas/core/arraylike.py:399: RuntimeWarning: divide by zero encountered in log
  result = getattr(ufunc, method)(*inputs, **kwargs)
/u/home/j/jamesdc1/.conda/envs/hpc-pi/lib/python3.11/site-packages/pandas/core/arraylike.py:399: RuntimeWarning: divide by zero encountered in log
  result = getattr(ufunc, method)(*inputs, **kwargs)
/u/home/j/jamesdc1/.conda/envs/hpc-pi/lib/python3.11/site-packages/pandas/core/arraylike.py:399: RuntimeWarning: divide by zero encountered in log
  result = getattr(ufunc, method)(*inputs, **kwargs)
/u/home/j/jamesdc1/.conda/envs/hpc-pi/lib/python3.11/site-packages/pandas/core/arraylike.py:399: RuntimeWarning: divide by zero encountered in log
  result = getattr(ufunc, method)(*inputs, **kwargs)
/u/home/j/jamesdc1/.conda/envs/hpc-pi/lib/python3.11/site-packages/pandas/core/arraylike.py:399: RuntimeWarning: divide by zero encountered in log
  result = getattr(ufunc, method)(*inputs, **kwargs)
/u/home/j/jamesdc1/.conda/envs/hpc-pi/lib/python3.11/site-packages/pandas/core/arraylike.py:399: RuntimeWarning: divide by zero encountered in log
  result = getattr(ufunc, method)(*inputs, **kwargs)
/u/home/j/jamesdc1/.conda/envs/hpc-pi/lib/python3.11/site-packages/pandas/core/arraylike.py:399: RuntimeWarning: divide by zero encountered in log
  result = getattr(ufunc, method)(*inputs, **kwargs)
/u/home/j/jamesdc1/.conda/envs/hpc-pi/lib/python3.11/site-packages/pandas/core/arraylike.py:399: RuntimeWarning: divide by zero encountered in log
  result = getattr(ufunc, method)(*inputs, **kwargs)
/u/home/j/jamesdc1/.conda/envs/hpc-pi/lib/python3.11/site-packages/pandas/core/arraylike.py:399: RuntimeWarning: divide by zero encountered in log
  result = getattr(ufunc, method)(*inputs, **kwargs)
/u/home/j/jamesdc1/.conda/envs/hpc-pi/lib/python3.11/site-packages/pandas/core/arraylike.py:399: RuntimeWarning: divide by zero encountered in log
  result = getattr(ufunc, method)(*inputs, **kwargs)
/u/home/j/jamesdc1/.conda/envs/hpc-pi/lib/python3.11/site-packages/pandas/core/arraylike.py:399: RuntimeWarning: divide by zero encountered in log
  result = getattr(ufunc, method)(*inputs, **kwargs)
/u/home/j/jamesdc1/.conda/envs/hpc-pi/lib/python3.11/site-packages/pandas/core/arraylike.py:399: RuntimeWarning: divide by zero encountered in log
  result = getattr(ufunc, method)(*inputs, **kwargs)
/u/home/j/jamesdc1/.conda/envs/hpc-pi/lib/python3.11/site-packages/pandas/core/arraylike.py:399: RuntimeWarning: divide by zero encountered in log
  result = getattr(ufunc, method)(*inputs, **kwargs)
/u/home/j/jamesdc1/.conda/envs/hpc-pi/lib/python3.11/site-packages/pandas/core/arraylike.py:399: RuntimeWarning: divide by zero encountered in log
  result = getattr(ufunc, method)(*inputs, **kwargs)
/u/home/j/jamesdc1/.conda/envs/hpc-pi/lib/python3.11/site-packages/pandas/core/arraylike.py:399: RuntimeWarning: divide by zero encountered in log
  result = getattr(ufunc, method)(*inputs, **kwargs)
/u/home/j/jamesdc1/.conda/envs/hpc-pi/lib/python3.11/site-packages/pandas/core/arraylike.py:399: RuntimeWarning: divide by zero encountered in log
  result = getattr(ufunc, method)(*inputs, **kwargs)
/u/home/j/jamesdc1/.conda/envs/hpc-pi/lib/python3.11/site-packages/pandas/core/arraylike.py:399: RuntimeWarning: divide by zero encountered in log
  result = getattr(ufunc, method)(*inputs, **kwargs)
/u/home/j/jamesdc1/.conda/envs/hpc-pi/lib/python3.11/site-packages/pandas/core/arraylike.py:399: RuntimeWarning: divide by zero encountered in log
  result = getattr(ufunc, method)(*inputs, **kwargs)
/u/home/j/jamesdc1/.conda/envs/hpc-pi/lib/python3.11/site-packages/pandas/core/arraylike.py:399: RuntimeWarning: divide by zero encountered in log
  result = getattr(ufunc, method)(*inputs, **kwargs)
/u/home/j/jamesdc1/.conda/envs/hpc-pi/lib/python3.11/site-packages/pandas/core/arraylike.py:399: RuntimeWarning: divide by zero encountered in log
  result = getattr(ufunc, method)(*inputs, **kwargs)
/u/home/j/jamesdc1/.conda/envs/hpc-pi/lib/python3.11/site-packages/pandas/core/arraylike.py:399: RuntimeWarning: divide by zero encountered in log
  result = getattr(ufunc, method)(*inputs, **kwargs)
/u/home/j/jamesdc1/.conda/envs/hpc-pi/lib/python3.11/site-packages/pandas/core/arraylike.py:399: RuntimeWarning: divide by zero encountered in log
  result = getattr(ufunc, method)(*inputs, **kwargs)
/u/home/j/jamesdc1/.conda/envs/hpc-pi/lib/python3.11/site-packages/pandas/core/arraylike.py:399: RuntimeWarning: divide by zero encountered in log
  result = getattr(ufunc, method)(*inputs, **kwargs)
/u/home/j/jamesdc1/.conda/envs/hpc-pi/lib/python3.11/site-packages/pandas/core/arraylike.py:399: RuntimeWarning: divide by zero encountered in log
  result = getattr(ufunc, method)(*inputs, **kwargs)
/u/home/j/jamesdc1/.conda/envs/hpc-pi/lib/python3.11/site-packages/pandas/core/arraylike.py:399: RuntimeWarning: divide by zero encountered in log
  result = getattr(ufunc, method)(*inputs, **kwargs)
/u/home/j/jamesdc1/.conda/envs/hpc-pi/lib/python3.11/site-packages/pandas/core/arraylike.py:399: RuntimeWarning: divide by zero encountered in log
  result = getattr(ufunc, method)(*inputs, **kwargs)
/u/home/j/jamesdc1/.conda/envs/hpc-pi/lib/python3.11/site-packages/pandas/core/arraylike.py:399: RuntimeWarning: divide by zero encountered in log
  result = getattr(ufunc, method)(*inputs, **kwargs)
/u/home/j/jamesdc1/.conda/envs/hpc-pi/lib/python3.11/site-packages/pandas/core/arraylike.py:399: RuntimeWarning: divide by zero encountered in log
  result = getattr(ufunc, method)(*inputs, **kwargs)
/u/home/j/jamesdc1/.conda/envs/hpc-pi/lib/python3.11/site-packages/pandas/core/arraylike.py:399: RuntimeWarning: divide by zero encountered in log
  result = getattr(ufunc, method)(*inputs, **kwargs)
/u/home/j/jamesdc1/.conda/envs/hpc-pi/lib/python3.11/site-packages/pandas/core/arraylike.py:399: RuntimeWarning: divide by zero encountered in log
  result = getattr(ufunc, method)(*inputs, **kwargs)
/u/home/j/jamesdc1/.conda/envs/hpc-pi/lib/python3.11/site-packages/pandas/core/arraylike.py:399: RuntimeWarning: divide by zero encountered in log
  result = getattr(ufunc, method)(*inputs, **kwargs)
/u/home/j/jamesdc1/.conda/envs/hpc-pi/lib/python3.11/site-packages/pandas/core/arraylike.py:399: RuntimeWarning: divide by zero encountered in log
  result = getattr(ufunc, method)(*inputs, **kwargs)
/u/home/j/jamesdc1/.conda/envs/hpc-pi/lib/python3.11/site-packages/pandas/core/arraylike.py:399: RuntimeWarning: divide by zero encountered in log
  result = getattr(ufunc, method)(*inputs, **kwargs)
/u/home/j/jamesdc1/.conda/envs/hpc-pi/lib/python3.11/site-packages/pandas/core/arraylike.py:399: RuntimeWarning: divide by zero encountered in log
  result = getattr(ufunc, method)(*inputs, **kwargs)
/u/home/j/jamesdc1/.conda/envs/hpc-pi/lib/python3.11/site-packages/pandas/core/arraylike.py:399: RuntimeWarning: divide by zero encountered in log
  result = getattr(ufunc, method)(*inputs, **kwargs)
/u/home/j/jamesdc1/.conda/envs/hpc-pi/lib/python3.11/site-packages/pandas/core/arraylike.py:399: RuntimeWarning: divide by zero encountered in log
  result = getattr(ufunc, method)(*inputs, **kwargs)
/u/home/j/jamesdc1/.conda/envs/hpc-pi/lib/python3.11/site-packages/pandas/core/arraylike.py:399: RuntimeWarning: divide by zero encountered in log
  result = getattr(ufunc, method)(*inputs, **kwargs)
/u/home/j/jamesdc1/.conda/envs/hpc-pi/lib/python3.11/site-packages/pandas/core/arraylike.py:399: RuntimeWarning: divide by zero encountered in log
  result = getattr(ufunc, method)(*inputs, **kwargs)
/u/home/j/jamesdc1/.conda/envs/hpc-pi/lib/python3.11/site-packages/pandas/core/arraylike.py:399: RuntimeWarning: divide by zero encountered in log
  result = getattr(ufunc, method)(*inputs, **kwargs)
/u/home/j/jamesdc1/.conda/envs/hpc-pi/lib/python3.11/site-packages/pandas/core/arraylike.py:399: RuntimeWarning: divide by zero encountered in log
  result = getattr(ufunc, method)(*inputs, **kwargs)
/u/home/j/jamesdc1/.conda/envs/hpc-pi/lib/python3.11/site-packages/pandas/core/arraylike.py:399: RuntimeWarning: divide by zero encountered in log
  result = getattr(ufunc, method)(*inputs, **kwargs)
/u/home/j/jamesdc1/.conda/envs/hpc-pi/lib/python3.11/site-packages/pandas/core/arraylike.py:399: RuntimeWarning: divide by zero encountered in log
  result = getattr(ufunc, method)(*inputs, **kwargs)
/u/home/j/jamesdc1/.conda/envs/hpc-pi/lib/python3.11/site-packages/pandas/core/arraylike.py:399: RuntimeWarning: divide by zero encountered in log
  result = getattr(ufunc, method)(*inputs, **kwargs)
/u/home/j/jamesdc1/.conda/envs/hpc-pi/lib/python3.11/site-packages/pandas/core/arraylike.py:399: RuntimeWarning: divide by zero encountered in log
  result = getattr(ufunc, method)(*inputs, **kwargs)
/u/home/j/jamesdc1/.conda/envs/hpc-pi/lib/python3.11/site-packages/pandas/core/arraylike.py:399: RuntimeWarning: divide by zero encountered in log
  result = getattr(ufunc, method)(*inputs, **kwargs)
/u/home/j/jamesdc1/.conda/envs/hpc-pi/lib/python3.11/site-packages/pandas/core/arraylike.py:399: RuntimeWarning: divide by zero encountered in log
  result = getattr(ufunc, method)(*inputs, **kwargs)
/u/home/j/jamesdc1/.conda/envs/hpc-pi/lib/python3.11/site-packages/pandas/core/arraylike.py:399: RuntimeWarning: divide by zero encountered in log
  result = getattr(ufunc, method)(*inputs, **kwargs)
/u/home/j/jamesdc1/.conda/envs/hpc-pi/lib/python3.11/site-packages/pandas/core/arraylike.py:399: RuntimeWarning: divide by zero encountered in log
  result = getattr(ufunc, method)(*inputs, **kwargs)
/u/home/j/jamesdc1/.conda/envs/hpc-pi/lib/python3.11/site-packages/pandas/core/arraylike.py:399: RuntimeWarning: divide by zero encountered in log
  result = getattr(ufunc, method)(*inputs, **kwargs)
/u/home/j/jamesdc1/.conda/envs/hpc-pi/lib/python3.11/site-packages/pandas/core/arraylike.py:399: RuntimeWarning: divide by zero encountered in log
  result = getattr(ufunc, method)(*inputs, **kwargs)
/u/home/j/jamesdc1/.conda/envs/hpc-pi/lib/python3.11/site-packages/pandas/core/arraylike.py:399: RuntimeWarning: divide by zero encountered in log
  result = getattr(ufunc, method)(*inputs, **kwargs)
/u/home/j/jamesdc1/.conda/envs/hpc-pi/lib/python3.11/site-packages/pandas/core/arraylike.py:399: RuntimeWarning: divide by zero encountered in log
  result = getattr(ufunc, method)(*inputs, **kwargs)
/u/home/j/jamesdc1/.conda/envs/hpc-pi/lib/python3.11/site-packages/pandas/core/arraylike.py:399: RuntimeWarning: divide by zero encountered in log
  result = getattr(ufunc, method)(*inputs, **kwargs)
/u/home/j/jamesdc1/.conda/envs/hpc-pi/lib/python3.11/site-packages/pandas/core/arraylike.py:399: RuntimeWarning: divide by zero encountered in log
  result = getattr(ufunc, method)(*inputs, **kwargs)
/u/home/j/jamesdc1/.conda/envs/hpc-pi/lib/python3.11/site-packages/pandas/core/arraylike.py:399: RuntimeWarning: divide by zero encountered in log
  result = getattr(ufunc, method)(*inputs, **kwargs)
/u/home/j/jamesdc1/.conda/envs/hpc-pi/lib/python3.11/site-packages/pandas/core/arraylike.py:399: RuntimeWarning: divide by zero encountered in log
  result = getattr(ufunc, method)(*inputs, **kwargs)
/u/home/j/jamesdc1/.conda/envs/hpc-pi/lib/python3.11/site-packages/pandas/core/arraylike.py:399: RuntimeWarning: divide by zero encountered in log
  result = getattr(ufunc, method)(*inputs, **kwargs)
/u/home/j/jamesdc1/.conda/envs/hpc-pi/lib/python3.11/site-packages/pandas/core/arraylike.py:399: RuntimeWarning: divide by zero encountered in log
  result = getattr(ufunc, method)(*inputs, **kwargs)
/u/home/j/jamesdc1/.conda/envs/hpc-pi/lib/python3.11/site-packages/pandas/core/arraylike.py:399: RuntimeWarning: divide by zero encountered in log
  result = getattr(ufunc, method)(*inputs, **kwargs)
/u/home/j/jamesdc1/.conda/envs/hpc-pi/lib/python3.11/site-packages/pandas/core/arraylike.py:399: RuntimeWarning: divide by zero encountered in log
  result = getattr(ufunc, method)(*inputs, **kwargs)
/u/home/j/jamesdc1/.conda/envs/hpc-pi/lib/python3.11/site-packages/pandas/core/arraylike.py:399: RuntimeWarning: divide by zero encountered in log
  result = getattr(ufunc, method)(*inputs, **kwargs)
/u/home/j/jamesdc1/.conda/envs/hpc-pi/lib/python3.11/site-packages/pandas/core/arraylike.py:399: RuntimeWarning: divide by zero encountered in log
  result = getattr(ufunc, method)(*inputs, **kwargs)
/u/home/j/jamesdc1/.conda/envs/hpc-pi/lib/python3.11/site-packages/pandas/core/arraylike.py:399: RuntimeWarning: divide by zero encountered in log
  result = getattr(ufunc, method)(*inputs, **kwargs)
/u/home/j/jamesdc1/.conda/envs/hpc-pi/lib/python3.11/site-packages/pandas/core/arraylike.py:399: RuntimeWarning: divide by zero encountered in log
  result = getattr(ufunc, method)(*inputs, **kwargs)
/u/home/j/jamesdc1/.conda/envs/hpc-pi/lib/python3.11/site-packages/pandas/core/arraylike.py:399: RuntimeWarning: divide by zero encountered in log
  result = getattr(ufunc, method)(*inputs, **kwargs)
/u/home/j/jamesdc1/.conda/envs/hpc-pi/lib/python3.11/site-packages/pandas/core/arraylike.py:399: RuntimeWarning: divide by zero encountered in log
  result = getattr(ufunc, method)(*inputs, **kwargs)
/u/home/j/jamesdc1/.conda/envs/hpc-pi/lib/python3.11/site-packages/pandas/core/arraylike.py:399: RuntimeWarning: divide by zero encountered in log
  result = getattr(ufunc, method)(*inputs, **kwargs)
/u/home/j/jamesdc1/.conda/envs/hpc-pi/lib/python3.11/site-packages/pandas/core/arraylike.py:399: RuntimeWarning: divide by zero encountered in log
  result = getattr(ufunc, method)(*inputs, **kwargs)
/u/home/j/jamesdc1/.conda/envs/hpc-pi/lib/python3.11/site-packages/pandas/core/arraylike.py:399: RuntimeWarning: divide by zero encountered in log
  result = getattr(ufunc, method)(*inputs, **kwargs)
/u/home/j/jamesdc1/.conda/envs/hpc-pi/lib/python3.11/site-packages/pandas/core/arraylike.py:399: RuntimeWarning: divide by zero encountered in log
  result = getattr(ufunc, method)(*inputs, **kwargs)
/u/home/j/jamesdc1/.conda/envs/hpc-pi/lib/python3.11/site-packages/pandas/core/arraylike.py:399: RuntimeWarning: divide by zero encountered in log
  result = getattr(ufunc, method)(*inputs, **kwargs)
/u/home/j/jamesdc1/.conda/envs/hpc-pi/lib/python3.11/site-packages/pandas/core/arraylike.py:399: RuntimeWarning: divide by zero encountered in log
  result = getattr(ufunc, method)(*inputs, **kwargs)
/u/home/j/jamesdc1/.conda/envs/hpc-pi/lib/python3.11/site-packages/pandas/core/arraylike.py:399: RuntimeWarning: divide by zero encountered in log
  result = getattr(ufunc, method)(*inputs, **kwargs)
/u/home/j/jamesdc1/.conda/envs/hpc-pi/lib/python3.11/site-packages/pandas/core/arraylike.py:399: RuntimeWarning: divide by zero encountered in log
  result = getattr(ufunc, method)(*inputs, **kwargs)
/u/home/j/jamesdc1/.conda/envs/hpc-pi/lib/python3.11/site-packages/pandas/core/arraylike.py:399: RuntimeWarning: divide by zero encountered in log
  result = getattr(ufunc, method)(*inputs, **kwargs)
/u/home/j/jamesdc1/.conda/envs/hpc-pi/lib/python3.11/site-packages/pandas/core/arraylike.py:399: RuntimeWarning: divide by zero encountered in log
  result = getattr(ufunc, method)(*inputs, **kwargs)
/u/home/j/jamesdc1/.conda/envs/hpc-pi/lib/python3.11/site-packages/pandas/core/arraylike.py:399: RuntimeWarning: divide by zero encountered in log
  result = getattr(ufunc, method)(*inputs, **kwargs)
/u/home/j/jamesdc1/.conda/envs/hpc-pi/lib/python3.11/site-packages/pandas/core/arraylike.py:399: RuntimeWarning: divide by zero encountered in log
  result = getattr(ufunc, method)(*inputs, **kwargs)
/u/home/j/jamesdc1/.conda/envs/hpc-pi/lib/python3.11/site-packages/pandas/core/arraylike.py:399: RuntimeWarning: divide by zero encountered in log
  result = getattr(ufunc, method)(*inputs, **kwargs)
/u/home/j/jamesdc1/.conda/envs/hpc-pi/lib/python3.11/site-packages/pandas/core/arraylike.py:399: RuntimeWarning: divide by zero encountered in log
  result = getattr(ufunc, method)(*inputs, **kwargs)
/u/home/j/jamesdc1/.conda/envs/hpc-pi/lib/python3.11/site-packages/pandas/core/arraylike.py:399: RuntimeWarning: divide by zero encountered in log
  result = getattr(ufunc, method)(*inputs, **kwargs)
/u/home/j/jamesdc1/.conda/envs/hpc-pi/lib/python3.11/site-packages/pandas/core/arraylike.py:399: RuntimeWarning: divide by zero encountered in log
  result = getattr(ufunc, method)(*inputs, **kwargs)
/u/home/j/jamesdc1/.conda/envs/hpc-pi/lib/python3.11/site-packages/pandas/core/arraylike.py:399: RuntimeWarning: divide by zero encountered in log
  result = getattr(ufunc, method)(*inputs, **kwargs)
/u/home/j/jamesdc1/.conda/envs/hpc-pi/lib/python3.11/site-packages/pandas/core/arraylike.py:399: RuntimeWarning: divide by zero encountered in log
  result = getattr(ufunc, method)(*inputs, **kwargs)
/u/home/j/jamesdc1/.conda/envs/hpc-pi/lib/python3.11/site-packages/pandas/core/arraylike.py:399: RuntimeWarning: divide by zero encountered in log
  result = getattr(ufunc, method)(*inputs, **kwargs)
/u/home/j/jamesdc1/.conda/envs/hpc-pi/lib/python3.11/site-packages/pandas/core/arraylike.py:399: RuntimeWarning: divide by zero encountered in log
  result = getattr(ufunc, method)(*inputs, **kwargs)
/u/home/j/jamesdc1/.conda/envs/hpc-pi/lib/python3.11/site-packages/pandas/core/arraylike.py:399: RuntimeWarning: divide by zero encountered in log
  result = getattr(ufunc, method)(*inputs, **kwargs)
/u/home/j/jamesdc1/.conda/envs/hpc-pi/lib/python3.11/site-packages/pandas/core/arraylike.py:399: RuntimeWarning: divide by zero encountered in log
  result = getattr(ufunc, method)(*inputs, **kwargs)
/u/home/j/jamesdc1/.conda/envs/hpc-pi/lib/python3.11/site-packages/pandas/core/arraylike.py:399: RuntimeWarning: divide by zero encountered in log
  result = getattr(ufunc, method)(*inputs, **kwargs)
/u/home/j/jamesdc1/.conda/envs/hpc-pi/lib/python3.11/site-packages/pandas/core/arraylike.py:399: RuntimeWarning: divide by zero encountered in log
  result = getattr(ufunc, method)(*inputs, **kwargs)
/u/home/j/jamesdc1/.conda/envs/hpc-pi/lib/python3.11/site-packages/pandas/core/arraylike.py:399: RuntimeWarning: divide by zero encountered in log
  result = getattr(ufunc, method)(*inputs, **kwargs)
/u/home/j/jamesdc1/.conda/envs/hpc-pi/lib/python3.11/site-packages/pandas/core/arraylike.py:399: RuntimeWarning: divide by zero encountered in log
  result = getattr(ufunc, method)(*inputs, **kwargs)
/u/home/j/jamesdc1/.conda/envs/hpc-pi/lib/python3.11/site-packages/pandas/core/arraylike.py:399: RuntimeWarning: divide by zero encountered in log
  result = getattr(ufunc, method)(*inputs, **kwargs)
/u/home/j/jamesdc1/.conda/envs/hpc-pi/lib/python3.11/site-packages/pandas/core/arraylike.py:399: RuntimeWarning: divide by zero encountered in log
  result = getattr(ufunc, method)(*inputs, **kwargs)
/u/home/j/jamesdc1/.conda/envs/hpc-pi/lib/python3.11/site-packages/pandas/core/arraylike.py:399: RuntimeWarning: divide by zero encountered in log
  result = getattr(ufunc, method)(*inputs, **kwargs)
/u/home/j/jamesdc1/.conda/envs/hpc-pi/lib/python3.11/site-packages/pandas/core/arraylike.py:399: RuntimeWarning: divide by zero encountered in log
  result = getattr(ufunc, method)(*inputs, **kwargs)
/u/home/j/jamesdc1/.conda/envs/hpc-pi/lib/python3.11/site-packages/pandas/core/arraylike.py:399: RuntimeWarning: divide by zero encountered in log
  result = getattr(ufunc, method)(*inputs, **kwargs)
/u/home/j/jamesdc1/.conda/envs/hpc-pi/lib/python3.11/site-packages/pandas/core/arraylike.py:399: RuntimeWarning: divide by zero encountered in log
  result = getattr(ufunc, method)(*inputs, **kwargs)
/u/home/j/jamesdc1/.conda/envs/hpc-pi/lib/python3.11/site-packages/pandas/core/arraylike.py:399: RuntimeWarning: divide by zero encountered in log
  result = getattr(ufunc, method)(*inputs, **kwargs)
/u/home/j/jamesdc1/.conda/envs/hpc-pi/lib/python3.11/site-packages/pandas/core/arraylike.py:399: RuntimeWarning: divide by zero encountered in log
  result = getattr(ufunc, method)(*inputs, **kwargs)
/u/home/j/jamesdc1/.conda/envs/hpc-pi/lib/python3.11/site-packages/pandas/core/arraylike.py:399: RuntimeWarning: divide by zero encountered in log
  result = getattr(ufunc, method)(*inputs, **kwargs)
/u/home/j/jamesdc1/.conda/envs/hpc-pi/lib/python3.11/site-packages/pandas/core/arraylike.py:399: RuntimeWarning: divide by zero encountered in log
  result = getattr(ufunc, method)(*inputs, **kwargs)
/u/home/j/jamesdc1/.conda/envs/hpc-pi/lib/python3.11/site-packages/pandas/core/arraylike.py:399: RuntimeWarning: divide by zero encountered in log
  result = getattr(ufunc, method)(*inputs, **kwargs)
/u/home/j/jamesdc1/.conda/envs/hpc-pi/lib/python3.11/site-packages/pandas/core/arraylike.py:399: RuntimeWarning: divide by zero encountered in log
  result = getattr(ufunc, method)(*inputs, **kwargs)
/u/home/j/jamesdc1/.conda/envs/hpc-pi/lib/python3.11/site-packages/pandas/core/arraylike.py:399: RuntimeWarning: divide by zero encountered in log
  result = getattr(ufunc, method)(*inputs, **kwargs)
/u/home/j/jamesdc1/.conda/envs/hpc-pi/lib/python3.11/site-packages/pandas/core/arraylike.py:399: RuntimeWarning: divide by zero encountered in log
  result = getattr(ufunc, method)(*inputs, **kwargs)
/u/home/j/jamesdc1/.conda/envs/hpc-pi/lib/python3.11/site-packages/pandas/core/arraylike.py:399: RuntimeWarning: divide by zero encountered in log
  result = getattr(ufunc, method)(*inputs, **kwargs)
/u/home/j/jamesdc1/.conda/envs/hpc-pi/lib/python3.11/site-packages/pandas/core/arraylike.py:399: RuntimeWarning: divide by zero encountered in log
  result = getattr(ufunc, method)(*inputs, **kwargs)
/u/home/j/jamesdc1/.conda/envs/hpc-pi/lib/python3.11/site-packages/pandas/core/arraylike.py:399: RuntimeWarning: divide by zero encountered in log
  result = getattr(ufunc, method)(*inputs, **kwargs)
/u/home/j/jamesdc1/.conda/envs/hpc-pi/lib/python3.11/site-packages/pandas/core/arraylike.py:399: RuntimeWarning: divide by zero encountered in log
  result = getattr(ufunc, method)(*inputs, **kwargs)
/u/home/j/jamesdc1/.conda/envs/hpc-pi/lib/python3.11/site-packages/pandas/core/arraylike.py:399: RuntimeWarning: divide by zero encountered in log
  result = getattr(ufunc, method)(*inputs, **kwargs)
/u/home/j/jamesdc1/.conda/envs/hpc-pi/lib/python3.11/site-packages/pandas/core/arraylike.py:399: RuntimeWarning: divide by zero encountered in log
  result = getattr(ufunc, method)(*inputs, **kwargs)
/u/home/j/jamesdc1/.conda/envs/hpc-pi/lib/python3.11/site-packages/pandas/core/arraylike.py:399: RuntimeWarning: divide by zero encountered in log
  result = getattr(ufunc, method)(*inputs, **kwargs)
/u/home/j/jamesdc1/.conda/envs/hpc-pi/lib/python3.11/site-packages/pandas/core/arraylike.py:399: RuntimeWarning: divide by zero encountered in log
  result = getattr(ufunc, method)(*inputs, **kwargs)
/u/home/j/jamesdc1/.conda/envs/hpc-pi/lib/python3.11/site-packages/pandas/core/arraylike.py:399: RuntimeWarning: divide by zero encountered in log
  result = getattr(ufunc, method)(*inputs, **kwargs)
/u/home/j/jamesdc1/.conda/envs/hpc-pi/lib/python3.11/site-packages/pandas/core/arraylike.py:399: RuntimeWarning: divide by zero encountered in log
  result = getattr(ufunc, method)(*inputs, **kwargs)
/u/home/j/jamesdc1/.conda/envs/hpc-pi/lib/python3.11/site-packages/pandas/core/arraylike.py:399: RuntimeWarning: divide by zero encountered in log
  result = getattr(ufunc, method)(*inputs, **kwargs)
/u/home/j/jamesdc1/.conda/envs/hpc-pi/lib/python3.11/site-packages/pandas/core/arraylike.py:399: RuntimeWarning: divide by zero encountered in log
  result = getattr(ufunc, method)(*inputs, **kwargs)
/u/home/j/jamesdc1/.conda/envs/hpc-pi/lib/python3.11/site-packages/pandas/core/arraylike.py:399: RuntimeWarning: divide by zero encountered in log
  result = getattr(ufunc, method)(*inputs, **kwargs)
/u/home/j/jamesdc1/.conda/envs/hpc-pi/lib/python3.11/site-packages/pandas/core/arraylike.py:399: RuntimeWarning: divide by zero encountered in log
  result = getattr(ufunc, method)(*inputs, **kwargs)
/u/home/j/jamesdc1/.conda/envs/hpc-pi/lib/python3.11/site-packages/pandas/core/arraylike.py:399: RuntimeWarning: divide by zero encountered in log
  result = getattr(ufunc, method)(*inputs, **kwargs)
/u/home/j/jamesdc1/.conda/envs/hpc-pi/lib/python3.11/site-packages/pandas/core/arraylike.py:399: RuntimeWarning: divide by zero encountered in log
  result = getattr(ufunc, method)(*inputs, **kwargs)
/u/home/j/jamesdc1/.conda/envs/hpc-pi/lib/python3.11/site-packages/pandas/core/arraylike.py:399: RuntimeWarning: divide by zero encountered in log
  result = getattr(ufunc, method)(*inputs, **kwargs)
/u/home/j/jamesdc1/.conda/envs/hpc-pi/lib/python3.11/site-packages/pandas/core/arraylike.py:399: RuntimeWarning: divide by zero encountered in log
  result = getattr(ufunc, method)(*inputs, **kwargs)
/u/home/j/jamesdc1/.conda/envs/hpc-pi/lib/python3.11/site-packages/pandas/core/arraylike.py:399: RuntimeWarning: divide by zero encountered in log
  result = getattr(ufunc, method)(*inputs, **kwargs)
/u/home/j/jamesdc1/.conda/envs/hpc-pi/lib/python3.11/site-packages/pandas/core/arraylike.py:399: RuntimeWarning: divide by zero encountered in log
  result = getattr(ufunc, method)(*inputs, **kwargs)
/u/home/j/jamesdc1/.conda/envs/hpc-pi/lib/python3.11/site-packages/pandas/core/arraylike.py:399: RuntimeWarning: divide by zero encountered in log
  result = getattr(ufunc, method)(*inputs, **kwargs)
/u/home/j/jamesdc1/.conda/envs/hpc-pi/lib/python3.11/site-packages/pandas/core/arraylike.py:399: RuntimeWarning: divide by zero encountered in log
  result = getattr(ufunc, method)(*inputs, **kwargs)
/u/home/j/jamesdc1/.conda/envs/hpc-pi/lib/python3.11/site-packages/pandas/core/arraylike.py:399: RuntimeWarning: divide by zero encountered in log
  result = getattr(ufunc, method)(*inputs, **kwargs)
/u/home/j/jamesdc1/.conda/envs/hpc-pi/lib/python3.11/site-packages/pandas/core/arraylike.py:399: RuntimeWarning: divide by zero encountered in log
  result = getattr(ufunc, method)(*inputs, **kwargs)
/u/home/j/jamesdc1/.conda/envs/hpc-pi/lib/python3.11/site-packages/pandas/core/arraylike.py:399: RuntimeWarning: divide by zero encountered in log
  result = getattr(ufunc, method)(*inputs, **kwargs)
    segment    estimator  train_win  pooled_train_win  bar_end      sample     n      first  QLIKE_subsection  QLIKE_pooled     diff       pct    ci_lo    ci_hi   dm_stat  improves
    bar1000     reclasso        500               500 all bars      common  3119 2012-03-23           0.11913       0.11587  0.00326   2.81787 -0.00242  0.01143   1.02502     False
    bar1000     reclasso        500               500 all bars deck period  1116 2020-01-03           0.12854       0.11628  0.01226  10.54201 -0.00101  0.03241   1.60868     False
    bar1000     reclasso        500               500    10:00      common  3119 2012-03-23           0.11913       0.11587  0.00326   2.81787 -0.00242  0.01143   1.02502     False
    bar1000     reclasso        500               500    10:00 deck period  1116 2020-01-03           0.12854       0.11628  0.01226  10.54201 -0.00101  0.03241   1.60868     False
    bar1000     reclasso       2000               500 all bars      common  1619 2018-01-19           0.12623       0.12326  0.00296   2.40383 -0.00438  0.01042   0.80824     False
    bar1000     reclasso       2000               500 all bars deck period  1116 2020-01-03           0.12571       0.11628  0.00943   8.10660  0.00173  0.01876   2.27630     False
    bar1000     reclasso       2000               500    10:00      common  1619 2018-01-19           0.12623       0.12326  0.00296   2.40383 -0.00438  0.01042   0.80824     False
    bar1000     reclasso       2000               500    10:00 deck period  1116 2020-01-03           0.12571       0.11628  0.00943   8.10660  0.00173  0.01876   2.27630     False
    bar1000     reclasso       2000              2000 all bars      common  1619 2018-01-19           0.12623       0.12263  0.00360   2.93808 -0.00294  0.01117   1.10248     False
    bar1000     reclasso       2000              2000 all bars deck period  1116 2020-01-03           0.12571       0.11820  0.00751   6.35535  0.00046  0.01716   2.04649     False
    bar1000     reclasso       2000              2000    10:00      common  1619 2018-01-19           0.12623       0.12263  0.00360   2.93808 -0.00294  0.01117   1.10248     False
    bar1000     reclasso       2000              2000    10:00 deck period  1116 2020-01-03           0.12571       0.11820  0.00751   6.35535  0.00046  0.01716   2.04649     False
    bar1000 reclasticnet        500               500 all bars      common  3119 2012-03-23           0.12055       0.11539  0.00515   4.46457 -0.00246  0.01692   1.16620     False
    bar1000 reclasticnet        500               500 all bars deck period  1116 2020-01-03           0.13405       0.11612  0.01793  15.44226 -0.00088  0.04803   1.57548     False
    bar1000 reclasticnet        500               500    10:00      common  3119 2012-03-23           0.12055       0.11539  0.00515   4.46457 -0.00246  0.01692   1.16620     False
    bar1000 reclasticnet        500               500    10:00 deck period  1116 2020-01-03           0.13405       0.11612  0.01793  15.44226 -0.00088  0.04803   1.57548     False
    bar1000 reclasticnet       2000               500 all bars      common  1619 2018-01-19           0.12877       0.12301  0.00576   4.68325 -0.00326  0.01764   1.16664     False
    bar1000 reclasticnet       2000               500 all bars deck period  1116 2020-01-03           0.12938       0.11612  0.01326  11.41592  0.00262  0.02891   2.09720     False
    bar1000 reclasticnet       2000               500    10:00      common  1619 2018-01-19           0.12877       0.12301  0.00576   4.68325 -0.00326  0.01764   1.16664     False
    bar1000 reclasticnet       2000               500    10:00 deck period  1116 2020-01-03           0.12938       0.11612  0.01326  11.41592  0.00262  0.02891   2.09720     False
    bar1000 reclasticnet       2000              2000 all bars      common  1619 2018-01-19           0.12877       0.12242  0.00636   5.19292 -0.00248  0.01910   1.31478     False
    bar1000 reclasticnet       2000              2000 all bars deck period  1116 2020-01-03           0.12938       0.11791  0.01147   9.72766  0.00063  0.02794   1.82674     False
    bar1000 reclasticnet       2000              2000    10:00      common  1619 2018-01-19           0.12877       0.12242  0.00636   5.19292 -0.00248  0.01910   1.31478     False
    bar1000 reclasticnet       2000              2000    10:00 deck period  1116 2020-01-03           0.12938       0.11791  0.01147   9.72766  0.00063  0.02794   1.82674     False
    bar1000        ridge        500               500 all bars      common  3119 2012-03-23           0.12640       0.11506  0.01134   9.85695  0.00098  0.02787   1.94067     False
    bar1000        ridge        500               500 all bars deck period  1116 2020-01-03           0.14272       0.11582  0.02690  23.22299  0.00174  0.07057   1.84449     False
    bar1000        ridge        500               500    10:00      common  3119 2012-03-23           0.12640       0.11506  0.01134   9.85695  0.00098  0.02787   1.94067     False
    bar1000        ridge        500               500    10:00 deck period  1116 2020-01-03           0.14272       0.11582  0.02690  23.22299  0.00174  0.07057   1.84449     False
    bar1000        ridge       2000               500 all bars      common  1619 2018-01-19           0.12619       0.12333  0.00286   2.31651 -0.00364  0.00950   0.85177     False
    bar1000        ridge       2000               500 all bars deck period  1116 2020-01-03           0.12507       0.11582  0.00925   7.98683  0.00267  0.01668   2.64923     False
    bar1000        ridge       2000               500    10:00      common  1619 2018-01-19           0.12619       0.12333  0.00286   2.31651 -0.00364  0.00950   0.85177     False
    bar1000        ridge       2000               500    10:00 deck period  1116 2020-01-03           0.12507       0.11582  0.00925   7.98683  0.00267  0.01668   2.64923     False
    bar1000        ridge       2000              2000 all bars      common  1619 2018-01-19           0.12619       0.12215  0.00404   3.30555 -0.00184  0.01019   1.40348     False
    bar1000        ridge       2000              2000 all bars deck period  1116 2020-01-03           0.12507       0.11764  0.00743   6.31826  0.00138  0.01449   2.51074     False
    bar1000        ridge       2000              2000    10:00      common  1619 2018-01-19           0.12619       0.12215  0.00404   3.30555 -0.00184  0.01019   1.40348     False
    bar1000        ridge       2000              2000    10:00 deck period  1116 2020-01-03           0.12507       0.11764  0.00743   6.31826  0.00138  0.01449   2.51074     False
    bar1030     reclasso        500               500 all bars      common  3119 2012-03-23           0.14802       0.14365  0.00437   3.04291 -0.00296  0.01564   1.18307     False
    bar1030     reclasso        500               500 all bars deck period  1116 2020-01-03           0.16645       0.15457  0.01188   7.68428 -0.00642  0.04276   1.33824     False
    bar1030     reclasso        500               500    10:30      common  3119 2012-03-23           0.14802       0.14365  0.00437   3.04291 -0.00296  0.01564   1.18307     False
    bar1030     reclasso        500               500    10:30 deck period  1116 2020-01-03           0.16645       0.15457  0.01188   7.68428 -0.00642  0.04276   1.33824     False
    bar1030     reclasso       2000               500 all bars      common  1619 2018-01-19           0.15612       0.15703 -0.00092  -0.58398 -0.00518  0.00317  -0.39326     False
    bar1030     reclasso       2000               500 all bars deck period  1116 2020-01-03           0.15373       0.15457 -0.00084  -0.54258 -0.00663  0.00493  -0.26084     False
    bar1030     reclasso       2000               500    10:30      common  1619 2018-01-19           0.15612       0.15703 -0.00092  -0.58398 -0.00518  0.00317  -0.39326     False
    bar1030     reclasso       2000               500    10:30 deck period  1116 2020-01-03           0.15373       0.15457 -0.00084  -0.54258 -0.00663  0.00493  -0.26084     False
    bar1030     reclasso       2000              2000 all bars      common  1619 2018-01-19           0.15612       0.15712 -0.00101  -0.64037 -0.00455  0.00259  -0.51754     False
    bar1030     reclasso       2000              2000 all bars deck period  1116 2020-01-03           0.15373       0.15480 -0.00107  -0.69088 -0.00595  0.00356  -0.40930     False
    bar1030     reclasso       2000              2000    10:30      common  1619 2018-01-19           0.15612       0.15712 -0.00101  -0.64037 -0.00455  0.00259  -0.51754     False
    bar1030     reclasso       2000              2000    10:30 deck period  1116 2020-01-03           0.15373       0.15480 -0.00107  -0.69088 -0.00595  0.00356  -0.40930     False
    bar1030 reclasticnet        500               500 all bars      common  3119 2012-03-23           0.15414       0.14305  0.01109   7.75500 -0.00245  0.03452   1.28085     False
    bar1030 reclasticnet        500               500 all bars deck period  1116 2020-01-03           0.18367       0.15334  0.03033  19.78205 -0.00488  0.09513   1.33721     False
    bar1030 reclasticnet        500               500    10:30      common  3119 2012-03-23           0.15414       0.14305  0.01109   7.75500 -0.00245  0.03452   1.28085     False
    bar1030 reclasticnet        500               500    10:30 deck period  1116 2020-01-03           0.18367       0.15334  0.03033  19.78205 -0.00488  0.09513   1.33721     False
    bar1030 reclasticnet       2000               500 all bars      common  1619 2018-01-19           0.15612       0.15608  0.00004   0.02574 -0.00404  0.00401   0.01774     False
    bar1030 reclasticnet       2000               500 all bars deck period  1116 2020-01-03           0.15399       0.15334  0.00066   0.42956 -0.00500  0.00631   0.21331     False
    bar1030 reclasticnet       2000               500    10:30      common  1619 2018-01-19           0.15612       0.15608  0.00004   0.02574 -0.00404  0.00401   0.01774     False
    bar1030 reclasticnet       2000               500    10:30 deck period  1116 2020-01-03           0.15399       0.15334  0.00066   0.42956 -0.00500  0.00631   0.21331     False
    bar1030 reclasticnet       2000              2000 all bars      common  1619 2018-01-19           0.15612       0.15677 -0.00064  -0.40993 -0.00446  0.00327  -0.32006     False
    bar1030 reclasticnet       2000              2000 all bars deck period  1116 2020-01-03           0.15399       0.15461 -0.00061  -0.39501 -0.00580  0.00446  -0.22998     False
    bar1030 reclasticnet       2000              2000    10:30      common  1619 2018-01-19           0.15612       0.15677 -0.00064  -0.40993 -0.00446  0.00327  -0.32006     False
    bar1030 reclasticnet       2000              2000    10:30 deck period  1116 2020-01-03           0.15399       0.15461 -0.00061  -0.39501 -0.00580  0.00446  -0.22998     False
    bar1030        ridge        500               500 all bars      common  3119 2012-03-23           0.14737       0.14260  0.00477   3.34468 -0.00129  0.01355   1.57492     False
    bar1030        ridge        500               500 all bars deck period  1116 2020-01-03           0.16653       0.15297  0.01356   8.86161 -0.00186  0.03657   1.89884     False
    bar1030        ridge        500               500    10:30      common  3119 2012-03-23           0.14737       0.14260  0.00477   3.34468 -0.00129  0.01355   1.57492     False
    bar1030        ridge        500               500    10:30 deck period  1116 2020-01-03           0.16653       0.15297  0.01356   8.86161 -0.00186  0.03657   1.89884     False
    bar1030        ridge       2000               500 all bars      common  1619 2018-01-19           0.15679       0.15626  0.00053   0.33767 -0.00415  0.00506   0.20663     False
    bar1030        ridge       2000               500 all bars deck period  1116 2020-01-03           0.15511       0.15297  0.00214   1.39655 -0.00417  0.00842   0.63608     False
    bar1030        ridge       2000               500    10:30      common  1619 2018-01-19           0.15679       0.15626  0.00053   0.33767 -0.00415  0.00506   0.20663     False
    bar1030        ridge       2000               500    10:30 deck period  1116 2020-01-03           0.15511       0.15297  0.00214   1.39655 -0.00417  0.00842   0.63608     False
    bar1030        ridge       2000              2000 all bars      common  1619 2018-01-19           0.15679       0.15580  0.00099   0.63442 -0.00289  0.00523   0.45225     False
    bar1030        ridge       2000              2000 all bars deck period  1116 2020-01-03           0.15511       0.15313  0.00197   1.28966 -0.00316  0.00730   0.72211     False
    bar1030        ridge       2000              2000    10:30      common  1619 2018-01-19           0.15679       0.15580  0.00099   0.63442 -0.00289  0.00523   0.45225     False
    bar1030        ridge       2000              2000    10:30 deck period  1116 2020-01-03           0.15511       0.15313  0.00197   1.28966 -0.00316  0.00730   0.72211     False
    bar1100     reclasso        500               500 all bars      common  3119 2012-03-23           0.12758       0.12565  0.00192   1.53102 -0.00234  0.00729   0.86945     False
    bar1100     reclasso        500               500 all bars deck period  1116 2020-01-03           0.14512       0.14186  0.00326   2.29732 -0.00650  0.01725   0.67276     False
    bar1100     reclasso        500               500    11:00      common  3119 2012-03-23           0.12758       0.12565  0.00192   1.53102 -0.00234  0.00729   0.86945     False
    bar1100     reclasso        500               500    11:00 deck period  1116 2020-01-03           0.14512       0.14186  0.00326   2.29732 -0.00650  0.01725   0.67276     False
    bar1100     reclasso       2000               500 all bars      common  1619 2018-01-19           0.13521       0.13392  0.00129   0.96113 -0.00312  0.00598   0.63584     False
    bar1100     reclasso       2000               500 all bars deck period  1116 2020-01-03           0.14408       0.14186  0.00222   1.56426 -0.00324  0.00884   0.84774     False
    bar1100     reclasso       2000               500    11:00      common  1619 2018-01-19           0.13521       0.13392  0.00129   0.96113 -0.00312  0.00598   0.63584     False
    bar1100     reclasso       2000               500    11:00 deck period  1116 2020-01-03           0.14408       0.14186  0.00222   1.56426 -0.00324  0.00884   0.84774     False
    bar1100     reclasso       2000              2000 all bars      common  1619 2018-01-19           0.13521       0.13605 -0.00084  -0.61960 -0.00489  0.00360  -0.45886     False
    bar1100     reclasso       2000              2000 all bars deck period  1116 2020-01-03           0.14408       0.14530 -0.00122  -0.84019 -0.00649  0.00537  -0.49824     False
    bar1100     reclasso       2000              2000    11:00      common  1619 2018-01-19           0.13521       0.13605 -0.00084  -0.61960 -0.00489  0.00360  -0.45886     False
    bar1100     reclasso       2000              2000    11:00 deck period  1116 2020-01-03           0.14408       0.14530 -0.00122  -0.84019 -0.00649  0.00537  -0.49824     False
    bar1100 reclasticnet        500               500 all bars      common  3119 2012-03-23           0.12503       0.12489  0.00014   0.11296 -0.00326  0.00361   0.08923     False
    bar1100 reclasticnet        500               500 all bars deck period  1116 2020-01-03           0.14220       0.14117  0.00103   0.73166 -0.00476  0.00763   0.37026     False
    bar1100 reclasticnet        500               500    11:00      common  3119 2012-03-23           0.12503       0.12489  0.00014   0.11296 -0.00326  0.00361   0.08923     False
    bar1100 reclasticnet        500               500    11:00 deck period  1116 2020-01-03           0.14220       0.14117  0.00103   0.73166 -0.00476  0.00763   0.37026     False
    bar1100 reclasticnet       2000               500 all bars      common  1619 2018-01-19           0.13477       0.13316  0.00160   1.20460 -0.00232  0.00574   0.83444     False
    bar1100 reclasticnet       2000               500 all bars deck period  1116 2020-01-03           0.14342       0.14117  0.00225   1.59578 -0.00297  0.00821   0.89169     False
    bar1100 reclasticnet       2000               500    11:00      common  1619 2018-01-19           0.13477       0.13316  0.00160   1.20460 -0.00232  0.00574   0.83444     False
    bar1100 reclasticnet       2000               500    11:00 deck period  1116 2020-01-03           0.14342       0.14117  0.00225   1.59578 -0.00297  0.00821   0.89169     False
    bar1100 reclasticnet       2000              2000 all bars      common  1619 2018-01-19           0.13477       0.13557 -0.00080  -0.59297 -0.00426  0.00282  -0.48826     False
    bar1100 reclasticnet       2000              2000 all bars deck period  1116 2020-01-03           0.14342       0.14467 -0.00124  -0.85923 -0.00580  0.00420  -0.55529     False
    bar1100 reclasticnet       2000              2000    11:00      common  1619 2018-01-19           0.13477       0.13557 -0.00080  -0.59297 -0.00426  0.00282  -0.48826     False
    bar1100 reclasticnet       2000              2000    11:00 deck period  1116 2020-01-03           0.14342       0.14467 -0.00124  -0.85923 -0.00580  0.00420  -0.55529     False
    bar1100        ridge        500               500 all bars      common  3119 2012-03-23           0.14241       0.12439  0.01803  14.49240  0.00024  0.05119   1.24462     False
    bar1100        ridge        500               500 all bars deck period  1116 2020-01-03           0.18443       0.13967  0.04476  32.04719 -0.00242  0.13354   1.12653     False
    bar1100        ridge        500               500    11:00      common  3119 2012-03-23           0.14241       0.12439  0.01803  14.49240  0.00024  0.05119   1.24462     False
    bar1100        ridge        500               500    11:00 deck period  1116 2020-01-03           0.18443       0.13967  0.04476  32.04719 -0.00242  0.13354   1.12653     False
    bar1100        ridge       2000               500 all bars      common  1619 2018-01-19           0.13717       0.13245  0.00472   3.56473 -0.00016  0.01064   1.88563     False
    bar1100        ridge       2000               500 all bars deck period  1116 2020-01-03           0.14531       0.13967  0.00564   4.03670 -0.00117  0.01402   1.73566     False
    bar1100        ridge       2000               500    11:00      common  1619 2018-01-19           0.13717       0.13245  0.00472   3.56473 -0.00016  0.01064   1.88563     False
    bar1100        ridge       2000               500    11:00 deck period  1116 2020-01-03           0.14531       0.13967  0.00564   4.03670 -0.00117  0.01402   1.73566     False
    bar1100        ridge       2000              2000 all bars      common  1619 2018-01-19           0.13717       0.13462  0.00256   1.89801 -0.00208  0.00865   1.08246     False
    bar1100        ridge       2000              2000 all bars deck period  1116 2020-01-03           0.14531       0.14364  0.00167   1.16062 -0.00472  0.00981   0.52291     False
    bar1100        ridge       2000              2000    11:00      common  1619 2018-01-19           0.13717       0.13462  0.00256   1.89801 -0.00208  0.00865   1.08246     False
    bar1100        ridge       2000              2000    11:00 deck period  1116 2020-01-03           0.14531       0.14364  0.00167   1.16062 -0.00472  0.00981   0.52291     False
    bar1130     reclasso        500               500 all bars      common  3121 2012-03-21           0.12961       0.13075 -0.00113  -0.86798 -0.00629  0.00633  -0.36693     False
    bar1130     reclasso        500               500 all bars deck period  1116 2020-01-03           0.13857       0.14066 -0.00209  -1.48935 -0.00630  0.00254  -0.94365     False
    bar1130     reclasso        500               500    11:30      common  3121 2012-03-21           0.12961       0.13075 -0.00113  -0.86798 -0.00629  0.00633  -0.36693     False
    bar1130     reclasso        500               500    11:30 deck period  1116 2020-01-03           0.13857       0.14066 -0.00209  -1.48935 -0.00630  0.00254  -0.94365     False
    bar1130     reclasso       2000               500 all bars      common  1621 2018-01-17           0.13218       0.13403 -0.00185  -1.37896 -0.00574  0.00178  -0.99242     False
    bar1130     reclasso       2000               500 all bars deck period  1116 2020-01-03           0.13926       0.14066 -0.00140  -0.99421 -0.00624  0.00323  -0.60109     False
    bar1130     reclasso       2000               500    11:30      common  1621 2018-01-17           0.13218       0.13403 -0.00185  -1.37896 -0.00574  0.00178  -0.99242     False
    bar1130     reclasso       2000               500    11:30 deck period  1116 2020-01-03           0.13926       0.14066 -0.00140  -0.99421 -0.00624  0.00323  -0.60109     False
    bar1130     reclasso       2000              2000 all bars      common  1621 2018-01-17           0.13218       0.13644 -0.00426  -3.11952 -0.00803 -0.00056  -2.30889      True
    bar1130     reclasso       2000              2000 all bars deck period  1116 2020-01-03           0.13926       0.14585 -0.00658  -4.51432 -0.01110 -0.00235  -2.90232      True
    bar1130     reclasso       2000              2000    11:30      common  1621 2018-01-17           0.13218       0.13644 -0.00426  -3.11952 -0.00803 -0.00056  -2.30889      True
    bar1130     reclasso       2000              2000    11:30 deck period  1116 2020-01-03           0.13926       0.14585 -0.00658  -4.51432 -0.01110 -0.00235  -2.90232      True
    bar1130 reclasticnet        500               500 all bars      common  3121 2012-03-21           0.12896       0.12994 -0.00098  -0.75535 -0.00651  0.00686  -0.29898     False
    bar1130 reclasticnet        500               500 all bars deck period  1116 2020-01-03           0.13786       0.14035 -0.00249  -1.77582 -0.00746  0.00288  -0.97733     False
    bar1130 reclasticnet        500               500    11:30      common  3121 2012-03-21           0.12896       0.12994 -0.00098  -0.75535 -0.00651  0.00686  -0.29898     False
    bar1130 reclasticnet        500               500    11:30 deck period  1116 2020-01-03           0.13786       0.14035 -0.00249  -1.77582 -0.00746  0.00288  -0.97733     False
    bar1130 reclasticnet       2000               500 all bars      common  1621 2018-01-17           0.13227       0.13377 -0.00149  -1.11526 -0.00538  0.00223  -0.79717     False
    bar1130 reclasticnet       2000               500 all bars deck period  1116 2020-01-03           0.13978       0.14035 -0.00057  -0.40700 -0.00566  0.00417  -0.23797     False
    bar1130 reclasticnet       2000               500    11:30      common  1621 2018-01-17           0.13227       0.13377 -0.00149  -1.11526 -0.00538  0.00223  -0.79717     False
    bar1130 reclasticnet       2000               500    11:30 deck period  1116 2020-01-03           0.13978       0.14035 -0.00057  -0.40700 -0.00566  0.00417  -0.23797     False
    bar1130 reclasticnet       2000              2000 all bars      common  1621 2018-01-17           0.13227       0.13642 -0.00414  -3.03800 -0.00800 -0.00029  -2.20222      True
    bar1130 reclasticnet       2000              2000 all bars deck period  1116 2020-01-03           0.13978       0.14578 -0.00601  -4.12049 -0.01073 -0.00144  -2.53801      True
    bar1130 reclasticnet       2000              2000    11:30      common  1621 2018-01-17           0.13227       0.13642 -0.00414  -3.03800 -0.00800 -0.00029  -2.20222      True
    bar1130 reclasticnet       2000              2000    11:30 deck period  1116 2020-01-03           0.13978       0.14578 -0.00601  -4.12049 -0.01073 -0.00144  -2.53801      True
    bar1130        ridge        500               500 all bars      common  3121 2012-03-21           0.13209       0.12933  0.00276   2.13049 -0.00276  0.00948   0.90968     False
    bar1130        ridge        500               500 all bars deck period  1116 2020-01-03           0.14199       0.13965  0.00233   1.66858 -0.00438  0.00931   0.71884     False
    bar1130        ridge        500               500    11:30      common  3121 2012-03-21           0.13209       0.12933  0.00276   2.13049 -0.00276  0.00948   0.90968     False
    bar1130        ridge        500               500    11:30 deck period  1116 2020-01-03           0.14199       0.13965  0.00233   1.66858 -0.00438  0.00931   0.71884     False
    bar1130        ridge       2000               500 all bars      common  1621 2018-01-17           0.13589       0.13375  0.00214   1.60358 -0.00222  0.00668   1.03228     False
    bar1130        ridge       2000               500 all bars deck period  1116 2020-01-03           0.14404       0.13965  0.00439   3.14059 -0.00115  0.00988   1.67166     False
    bar1130        ridge       2000               500    11:30      common  1621 2018-01-17           0.13589       0.13375  0.00214   1.60358 -0.00222  0.00668   1.03228     False
    bar1130        ridge       2000               500    11:30 deck period  1116 2020-01-03           0.14404       0.13965  0.00439   3.14059 -0.00115  0.00988   1.67166     False
    bar1130        ridge       2000              2000 all bars      common  1621 2018-01-17           0.13589       0.13520  0.00069   0.51224 -0.00373  0.00527   0.33320     False
    bar1130        ridge       2000              2000 all bars deck period  1116 2020-01-03           0.14404       0.14462 -0.00058  -0.40266 -0.00625  0.00529  -0.21798     False
    bar1130        ridge       2000              2000    11:30      common  1621 2018-01-17           0.13589       0.13520  0.00069   0.51224 -0.00373  0.00527   0.33320     False
    bar1130        ridge       2000              2000    11:30 deck period  1116 2020-01-03           0.14404       0.14462 -0.00058  -0.40266 -0.00625  0.00529  -0.21798     False
    bar1200     reclasso        500               500 all bars      common  3060 2012-05-31           0.13145       0.13555 -0.00410  -3.02500 -0.00730 -0.00082  -2.45790      True
    bar1200     reclasso        500               500 all bars deck period  1116 2020-01-03           0.13049       0.13689 -0.00640  -4.67675 -0.01123 -0.00145  -2.30445      True
    bar1200     reclasso        500               500    12:00      common  3060 2012-05-31           0.13145       0.13555 -0.00410  -3.02500 -0.00730 -0.00082  -2.45790      True
    bar1200     reclasso        500               500    12:00 deck period  1116 2020-01-03           0.13049       0.13689 -0.00640  -4.67675 -0.01123 -0.00145  -2.30445      True
    bar1200     reclasso       2000               500 all bars      common  1560 2018-04-13           0.15032       0.15138 -0.00107  -0.70411 -0.00542  0.00363  -0.51522     False
    bar1200     reclasso       2000               500 all bars deck period  1116 2020-01-03           0.13667       0.13689 -0.00023  -0.16702 -0.00493  0.00451  -0.11475     False
    bar1200     reclasso       2000               500    12:00      common  1560 2018-04-13           0.15032       0.15138 -0.00107  -0.70411 -0.00542  0.00363  -0.51522     False
    bar1200     reclasso       2000               500    12:00 deck period  1116 2020-01-03           0.13667       0.13689 -0.00023  -0.16702 -0.00493  0.00451  -0.11475     False
    bar1200     reclasso       2000              2000 all bars      common  1560 2018-04-13           0.15032       0.15368 -0.00337  -2.19029 -0.00731  0.00133  -1.61221     False
    bar1200     reclasso       2000              2000 all bars deck period  1116 2020-01-03           0.13667       0.14060 -0.00394  -2.80151 -0.00826  0.00161  -1.85591     False
    bar1200     reclasso       2000              2000    12:00      common  1560 2018-04-13           0.15032       0.15368 -0.00337  -2.19029 -0.00731  0.00133  -1.61221     False
    bar1200     reclasso       2000              2000    12:00 deck period  1116 2020-01-03           0.13667       0.14060 -0.00394  -2.80151 -0.00826  0.00161  -1.85591     False
    bar1200 reclasticnet        500               500 all bars      common  3060 2012-05-31           0.13385       0.13478 -0.00093  -0.69226 -0.00489  0.00328  -0.45960     False
    bar1200 reclasticnet        500               500 all bars deck period  1116 2020-01-03           0.13327       0.13629 -0.00302  -2.21390 -0.00952  0.00414  -0.90138     False
    bar1200 reclasticnet        500               500    12:00      common  3060 2012-05-31           0.13385       0.13478 -0.00093  -0.69226 -0.00489  0.00328  -0.45960     False
    bar1200 reclasticnet        500               500    12:00 deck period  1116 2020-01-03           0.13327       0.13629 -0.00302  -2.21390 -0.00952  0.00414  -0.90138     False
    bar1200 reclasticnet       2000               500 all bars      common  1560 2018-04-13           0.15055       0.15034  0.00021   0.14143 -0.00444  0.00540   0.09280     False
    bar1200 reclasticnet       2000               500 all bars deck period  1116 2020-01-03           0.13653       0.13629  0.00024   0.17826 -0.00492  0.00568   0.11206     False
    bar1200 reclasticnet       2000               500    12:00      common  1560 2018-04-13           0.15055       0.15034  0.00021   0.14143 -0.00444  0.00540   0.09280     False
    bar1200 reclasticnet       2000               500    12:00 deck period  1116 2020-01-03           0.13653       0.13629  0.00024   0.17826 -0.00492  0.00568   0.11206     False
    bar1200 reclasticnet       2000              2000 all bars      common  1560 2018-04-13           0.15055       0.15396 -0.00342  -2.21894 -0.00764  0.00161  -1.45196     False
    bar1200 reclasticnet       2000              2000 all bars deck period  1116 2020-01-03           0.13653       0.14115 -0.00462  -3.27489 -0.00914  0.00094  -2.02835     False
    bar1200 reclasticnet       2000              2000    12:00      common  1560 2018-04-13           0.15055       0.15396 -0.00342  -2.21894 -0.00764  0.00161  -1.45196     False
    bar1200 reclasticnet       2000              2000    12:00 deck period  1116 2020-01-03           0.13653       0.14115 -0.00462  -3.27489 -0.00914  0.00094  -2.02835     False
    bar1200        ridge        500               500 all bars      common  3060 2012-05-31           0.14317       0.13462  0.00855   6.35469 -0.00137  0.02238   1.46401     False
    bar1200        ridge        500               500 all bars deck period  1116 2020-01-03           0.14486       0.13620  0.00866   6.36063 -0.00411  0.02897   1.16179     False
    bar1200        ridge        500               500    12:00      common  3060 2012-05-31           0.14317       0.13462  0.00855   6.35469 -0.00137  0.02238   1.46401     False
    bar1200        ridge        500               500    12:00 deck period  1116 2020-01-03           0.14486       0.13620  0.00866   6.36063 -0.00411  0.02897   1.16179     False
    bar1200        ridge       2000               500 all bars      common  1560 2018-04-13           0.15299       0.15024  0.00275   1.83116 -0.00482  0.01279   0.67604     False
    bar1200        ridge       2000               500 all bars deck period  1116 2020-01-03           0.13995       0.13620  0.00375   2.75092 -0.00547  0.01690   0.74135     False
    bar1200        ridge       2000               500    12:00      common  1560 2018-04-13           0.15299       0.15024  0.00275   1.83116 -0.00482  0.01279   0.67604     False
    bar1200        ridge       2000               500    12:00 deck period  1116 2020-01-03           0.13995       0.13620  0.00375   2.75092 -0.00547  0.01690   0.74135     False
    bar1200        ridge       2000              2000 all bars      common  1560 2018-04-13           0.15299       0.15258  0.00041   0.27000 -0.00663  0.01096   0.10055     False
    bar1200        ridge       2000              2000 all bars deck period  1116 2020-01-03           0.13995       0.13962  0.00033   0.23401 -0.00824  0.01408   0.06433     False
    bar1200        ridge       2000              2000    12:00      common  1560 2018-04-13           0.15299       0.15258  0.00041   0.27000 -0.00663  0.01096   0.10055     False
    bar1200        ridge       2000              2000    12:00 deck period  1116 2020-01-03           0.13995       0.13962  0.00033   0.23401 -0.00824  0.01408   0.06433     False
    bar1230     reclasso        500               500 all bars      common  3060 2012-05-31           0.13661       0.14137 -0.00476  -3.36722 -0.00818 -0.00133  -2.80432      True
    bar1230     reclasso        500               500 all bars deck period  1116 2020-01-03           0.13870       0.14403 -0.00534  -3.70512 -0.01059  0.00012  -1.78831     False
    bar1230     reclasso        500               500    12:30      common  3060 2012-05-31           0.13661       0.14137 -0.00476  -3.36722 -0.00818 -0.00133  -2.80432      True
    bar1230     reclasso        500               500    12:30 deck period  1116 2020-01-03           0.13870       0.14403 -0.00534  -3.70512 -0.01059  0.00012  -1.78831     False
    bar1230     reclasso       2000               500 all bars      common  1560 2018-04-13           0.15096       0.15009  0.00087   0.58008 -0.00303  0.00519   0.44540     False
    bar1230     reclasso       2000               500 all bars deck period  1116 2020-01-03           0.14765       0.14403  0.00361   2.50867 -0.00158  0.00912   1.52903     False
    bar1230     reclasso       2000               500    12:30      common  1560 2018-04-13           0.15096       0.15009  0.00087   0.58008 -0.00303  0.00519   0.44540     False
    bar1230     reclasso       2000               500    12:30 deck period  1116 2020-01-03           0.14765       0.14403  0.00361   2.50867 -0.00158  0.00912   1.52903     False
    bar1230     reclasso       2000              2000 all bars      common  1560 2018-04-13           0.15096       0.15628 -0.00531  -3.40097 -0.00898 -0.00115  -3.01787      True
    bar1230     reclasso       2000              2000 all bars deck period  1116 2020-01-03           0.14765       0.15169 -0.00404  -2.66538 -0.00864  0.00150  -1.93768     False
    bar1230     reclasso       2000              2000    12:30      common  1560 2018-04-13           0.15096       0.15628 -0.00531  -3.40097 -0.00898 -0.00115  -3.01787      True
    bar1230     reclasso       2000              2000    12:30 deck period  1116 2020-01-03           0.14765       0.15169 -0.00404  -2.66538 -0.00864  0.00150  -1.93768     False
    bar1230 reclasticnet        500               500 all bars      common  3060 2012-05-31           0.13631       0.14059 -0.00428  -3.04610 -0.00786 -0.00077  -2.49162      True
    bar1230 reclasticnet        500               500 all bars deck period  1116 2020-01-03           0.13794       0.14280 -0.00487  -3.40732 -0.01126  0.00198  -1.56811     False
    bar1230 reclasticnet        500               500    12:30      common  3060 2012-05-31           0.13631       0.14059 -0.00428  -3.04610 -0.00786 -0.00077  -2.49162      True
    bar1230 reclasticnet        500               500    12:30 deck period  1116 2020-01-03           0.13794       0.14280 -0.00487  -3.40732 -0.01126  0.00198  -1.56811     False
    bar1230 reclasticnet       2000               500 all bars      common  1560 2018-04-13           0.14845       0.14908 -0.00064  -0.42819 -0.00472  0.00362  -0.31214     False
    bar1230 reclasticnet       2000               500 all bars deck period  1116 2020-01-03           0.14398       0.14280  0.00118   0.82372 -0.00417  0.00697   0.46663     False
    bar1230 reclasticnet       2000               500    12:30      common  1560 2018-04-13           0.14845       0.14908 -0.00064  -0.42819 -0.00472  0.00362  -0.31214     False
    bar1230 reclasticnet       2000               500    12:30 deck period  1116 2020-01-03           0.14398       0.14280  0.00118   0.82372 -0.00417  0.00697   0.46663     False
    bar1230 reclasticnet       2000              2000 all bars      common  1560 2018-04-13           0.14845       0.15572 -0.00727  -4.66844 -0.01124 -0.00300  -3.80271      True
    bar1230 reclasticnet       2000              2000 all bars deck period  1116 2020-01-03           0.14398       0.15105 -0.00707  -4.67885 -0.01204 -0.00177  -2.99280      True
    bar1230 reclasticnet       2000              2000    12:30      common  1560 2018-04-13           0.14845       0.15572 -0.00727  -4.66844 -0.01124 -0.00300  -3.80271      True
    bar1230 reclasticnet       2000              2000    12:30 deck period  1116 2020-01-03           0.14398       0.15105 -0.00707  -4.67885 -0.01204 -0.00177  -2.99280      True
    bar1230        ridge        500               500 all bars      common  3060 2012-05-31           0.14005       0.13980  0.00025   0.17595 -0.00397  0.00479   0.12446     False
    bar1230        ridge        500               500 all bars deck period  1116 2020-01-03           0.13923       0.14176 -0.00253  -1.78326 -0.00863  0.00493  -0.81814     False
    bar1230        ridge        500               500    12:30      common  3060 2012-05-31           0.14005       0.13980  0.00025   0.17595 -0.00397  0.00479   0.12446     False
    bar1230        ridge        500               500    12:30 deck period  1116 2020-01-03           0.13923       0.14176 -0.00253  -1.78326 -0.00863  0.00493  -0.81814     False
    bar1230        ridge       2000               500 all bars      common  1560 2018-04-13           0.14851       0.14790  0.00061   0.41101 -0.00377  0.00508   0.27214     False
    bar1230        ridge       2000               500 all bars deck period  1116 2020-01-03           0.14341       0.14176  0.00165   1.16408 -0.00376  0.00743   0.59270     False
    bar1230        ridge       2000               500    12:30      common  1560 2018-04-13           0.14851       0.14790  0.00061   0.41101 -0.00377  0.00508   0.27214     False
    bar1230        ridge       2000               500    12:30 deck period  1116 2020-01-03           0.14341       0.14176  0.00165   1.16408 -0.00376  0.00743   0.59270     False
    bar1230        ridge       2000              2000 all bars      common  1560 2018-04-13           0.14851       0.15437 -0.00586  -3.79809 -0.00978 -0.00155  -2.84126      True
    bar1230        ridge       2000              2000 all bars deck period  1116 2020-01-03           0.14341       0.14989 -0.00648  -4.32318 -0.01128 -0.00129  -2.64682      True
    bar1230        ridge       2000              2000    12:30      common  1560 2018-04-13           0.14851       0.15437 -0.00586  -3.79809 -0.00978 -0.00155  -2.84126      True
    bar1230        ridge       2000              2000    12:30 deck period  1116 2020-01-03           0.14341       0.14989 -0.00648  -4.32318 -0.01128 -0.00129  -2.64682      True
    bar1300     reclasso        500               500 all bars      common  3060 2012-05-31           0.15712       0.15866 -0.00153  -0.96724 -0.00585  0.00297  -0.69740     False
    bar1300     reclasso        500               500 all bars deck period  1116 2020-01-03           0.16490       0.16675 -0.00185  -1.10806 -0.01158  0.00905  -0.36104     False
    bar1300     reclasso        500               500    13:00      common  3060 2012-05-31           0.15712       0.15866 -0.00153  -0.96724 -0.00585  0.00297  -0.69740     False
    bar1300     reclasso        500               500    13:00 deck period  1116 2020-01-03           0.16490       0.16675 -0.00185  -1.10806 -0.01158  0.00905  -0.36104     False
    bar1300     reclasso       2000               500 all bars      common  1560 2018-04-13           0.17475       0.17728 -0.00253  -1.42646 -0.01003  0.00642  -0.68705     False
    bar1300     reclasso       2000               500 all bars deck period  1116 2020-01-03           0.16746       0.16675  0.00071   0.42737 -0.00953  0.01214   0.15028     False
    bar1300     reclasso       2000               500    13:00      common  1560 2018-04-13           0.17475       0.17728 -0.00253  -1.42646 -0.01003  0.00642  -0.68705     False
    bar1300     reclasso       2000               500    13:00 deck period  1116 2020-01-03           0.16746       0.16675  0.00071   0.42737 -0.00953  0.01214   0.15028     False
    bar1300     reclasso       2000              2000 all bars      common  1560 2018-04-13           0.17475       0.17929 -0.00454  -2.53381 -0.01191  0.00536  -1.12038     False
    bar1300     reclasso       2000              2000 all bars deck period  1116 2020-01-03           0.16746       0.16961 -0.00214  -1.26371 -0.01218  0.01089  -0.39723     False
    bar1300     reclasso       2000              2000    13:00      common  1560 2018-04-13           0.17475       0.17929 -0.00454  -2.53381 -0.01191  0.00536  -1.12038     False
    bar1300     reclasso       2000              2000    13:00 deck period  1116 2020-01-03           0.16746       0.16961 -0.00214  -1.26371 -0.01218  0.01089  -0.39723     False
    bar1300 reclasticnet        500               500 all bars      common  3060 2012-05-31           0.15819       0.15786  0.00033   0.21031 -0.00543  0.00668   0.11169     False
    bar1300 reclasticnet        500               500 all bars deck period  1116 2020-01-03           0.16949       0.16631  0.00318   1.91510 -0.01024  0.01887   0.44659     False
    bar1300 reclasticnet        500               500    13:00      common  3060 2012-05-31           0.15819       0.15786  0.00033   0.21031 -0.00543  0.00668   0.11169     False
    bar1300 reclasticnet        500               500    13:00 deck period  1116 2020-01-03           0.16949       0.16631  0.00318   1.91510 -0.01024  0.01887   0.44659     False
    bar1300 reclasticnet       2000               500 all bars      common  1560 2018-04-13           0.17607       0.17680 -0.00073  -0.41235 -0.00883  0.00912  -0.18891     False
    bar1300 reclasticnet       2000               500 all bars deck period  1116 2020-01-03           0.16930       0.16631  0.00300   1.80189 -0.00781  0.01549   0.60582     False
    bar1300 reclasticnet       2000               500    13:00      common  1560 2018-04-13           0.17607       0.17680 -0.00073  -0.41235 -0.00883  0.00912  -0.18891     False
    bar1300 reclasticnet       2000               500    13:00 deck period  1116 2020-01-03           0.16930       0.16631  0.00300   1.80189 -0.00781  0.01549   0.60582     False
    bar1300 reclasticnet       2000              2000 all bars      common  1560 2018-04-13           0.17607       0.17868 -0.00261  -1.46169 -0.01089  0.00816  -0.59994     False
    bar1300 reclasticnet       2000              2000 all bars deck period  1116 2020-01-03           0.16930       0.16887  0.00044   0.25915 -0.01058  0.01447   0.07556     False
    bar1300 reclasticnet       2000              2000    13:00      common  1560 2018-04-13           0.17607       0.17868 -0.00261  -1.46169 -0.01089  0.00816  -0.59994     False
    bar1300 reclasticnet       2000              2000    13:00 deck period  1116 2020-01-03           0.16930       0.16887  0.00044   0.25915 -0.01058  0.01447   0.07556     False
    bar1300        ridge        500               500 all bars      common  3060 2012-05-31           0.16258       0.15722  0.00536   3.41111 -0.00116  0.01278   1.60102     False
    bar1300        ridge        500               500 all bars deck period  1116 2020-01-03           0.17499       0.16481  0.01018   6.17934 -0.00499  0.02776   1.31440     False
    bar1300        ridge        500               500    13:00      common  3060 2012-05-31           0.16258       0.15722  0.00536   3.41111 -0.00116  0.01278   1.60102     False
    bar1300        ridge        500               500    13:00 deck period  1116 2020-01-03           0.17499       0.16481  0.01018   6.17934 -0.00499  0.02776   1.31440     False
    bar1300        ridge       2000               500 all bars      common  1560 2018-04-13           0.17741       0.17537  0.00203   1.15981 -0.00678  0.01297   0.47272     False
    bar1300        ridge       2000               500 all bars deck period  1116 2020-01-03           0.17128       0.16481  0.00647   3.92720 -0.00569  0.02111   1.15393     False
    bar1300        ridge       2000               500    13:00      common  1560 2018-04-13           0.17741       0.17537  0.00203   1.15981 -0.00678  0.01297   0.47272     False
    bar1300        ridge       2000               500    13:00 deck period  1116 2020-01-03           0.17128       0.16481  0.00647   3.92720 -0.00569  0.02111   1.15393     False
    bar1300        ridge       2000              2000 all bars      common  1560 2018-04-13           0.17741       0.17785 -0.00044  -0.24874 -0.00861  0.01010  -0.10302     False
    bar1300        ridge       2000              2000 all bars deck period  1116 2020-01-03           0.17128       0.16839  0.00289   1.71431 -0.00815  0.01702   0.50882     False
    bar1300        ridge       2000              2000    13:00      common  1560 2018-04-13           0.17741       0.17785 -0.00044  -0.24874 -0.00861  0.01010  -0.10302     False
    bar1300        ridge       2000              2000    13:00 deck period  1116 2020-01-03           0.17128       0.16839  0.00289   1.71431 -0.00815  0.01702   0.50882     False
    bar1330     reclasso        500               500 all bars      common  2999 2012-05-31           0.16887       0.16729  0.00159   0.94826 -0.00476  0.00867   0.50237     False
    bar1330     reclasso        500               500 all bars deck period  1088 2020-01-03           0.18354       0.17089  0.01265   7.40379 -0.00041  0.02999   1.98878     False
    bar1330     reclasso        500               500    13:30      common  2999 2012-05-31           0.16887       0.16729  0.00159   0.94826 -0.00476  0.00867   0.50237     False
    bar1330     reclasso        500               500    13:30 deck period  1088 2020-01-03           0.18354       0.17089  0.01265   7.40379 -0.00041  0.02999   1.98878     False
    bar1330     reclasso       2000               500 all bars      common  1499 2018-05-17           0.17467       0.17892 -0.00426  -2.37896 -0.00930  0.00073  -1.79118     False
    bar1330     reclasso       2000               500 all bars deck period  1088 2020-01-03           0.16919       0.17089 -0.00170  -0.99536 -0.00731  0.00334  -0.63844     False
    bar1330     reclasso       2000               500    13:30      common  1499 2018-05-17           0.17467       0.17892 -0.00426  -2.37896 -0.00930  0.00073  -1.79118     False
    bar1330     reclasso       2000               500    13:30 deck period  1088 2020-01-03           0.16919       0.17089 -0.00170  -0.99536 -0.00731  0.00334  -0.63844     False
    bar1330     reclasso       2000              2000 all bars      common  1499 2018-05-17           0.17467       0.17964 -0.00497  -2.76606 -0.00831 -0.00141  -2.76305      True
    bar1330     reclasso       2000              2000 all bars deck period  1088 2020-01-03           0.16919       0.17282 -0.00363  -2.10167 -0.00768  0.00045  -1.72892     False
    bar1330     reclasso       2000              2000    13:30      common  1499 2018-05-17           0.17467       0.17964 -0.00497  -2.76606 -0.00831 -0.00141  -2.76305      True
    bar1330     reclasso       2000              2000    13:30 deck period  1088 2020-01-03           0.16919       0.17282 -0.00363  -2.10167 -0.00768  0.00045  -1.72892     False
    bar1330 reclasticnet        500               500 all bars      common  2999 2012-05-31           0.16960       0.16639  0.00321   1.93197 -0.00318  0.01071   0.96973     False
    bar1330 reclasticnet        500               500 all bars deck period  1088 2020-01-03           0.18623       0.16945  0.01678   9.90203  0.00324  0.03440   2.54412     False
    bar1330 reclasticnet        500               500    13:30      common  2999 2012-05-31           0.16960       0.16639  0.00321   1.93197 -0.00318  0.01071   0.96973     False
    bar1330 reclasticnet        500               500    13:30 deck period  1088 2020-01-03           0.18623       0.16945  0.01678   9.90203  0.00324  0.03440   2.54412     False
    bar1330 reclasticnet       2000               500 all bars      common  1499 2018-05-17           0.17522       0.17770 -0.00247  -1.39224 -0.00757  0.00261  -0.98434     False
    bar1330 reclasticnet       2000               500 all bars deck period  1088 2020-01-03           0.16993       0.16945  0.00048   0.28219 -0.00471  0.00550   0.17446     False
    bar1330 reclasticnet       2000               500    13:30      common  1499 2018-05-17           0.17522       0.17770 -0.00247  -1.39224 -0.00757  0.00261  -0.98434     False
    bar1330 reclasticnet       2000               500    13:30 deck period  1088 2020-01-03           0.16993       0.16945  0.00048   0.28219 -0.00471  0.00550   0.17446     False
    bar1330 reclasticnet       2000              2000 all bars      common  1499 2018-05-17           0.17522       0.18011 -0.00488  -2.71005 -0.00875 -0.00123  -2.37803      True
    bar1330 reclasticnet       2000              2000 all bars deck period  1088 2020-01-03           0.16993       0.17341 -0.00348  -2.00714 -0.00796  0.00093  -1.46115     False
    bar1330 reclasticnet       2000              2000    13:30      common  1499 2018-05-17           0.17522       0.18011 -0.00488  -2.71005 -0.00875 -0.00123  -2.37803      True
    bar1330 reclasticnet       2000              2000    13:30 deck period  1088 2020-01-03           0.16993       0.17341 -0.00348  -2.00714 -0.00796  0.00093  -1.46115     False
    bar1330        ridge        500               500 all bars      common  2999 2012-05-31           0.17090       0.16514  0.00575   3.48395  0.00017  0.01238   1.96489     False
    bar1330        ridge        500               500 all bars deck period  1088 2020-01-03           0.18595       0.16796  0.01798  10.70558  0.00636  0.03252   3.08267     False
    bar1330        ridge        500               500    13:30      common  2999 2012-05-31           0.17090       0.16514  0.00575   3.48395  0.00017  0.01238   1.96489     False
    bar1330        ridge        500               500    13:30 deck period  1088 2020-01-03           0.18595       0.16796  0.01798  10.70558  0.00636  0.03252   3.08267     False
    bar1330        ridge       2000               500 all bars      common  1499 2018-05-17           0.17425       0.17621 -0.00196  -1.11281 -0.00727  0.00381  -0.70624     False
    bar1330        ridge       2000               500 all bars deck period  1088 2020-01-03           0.16868       0.16796  0.00071   0.42444 -0.00476  0.00654   0.23697     False
    bar1330        ridge       2000               500    13:30      common  1499 2018-05-17           0.17425       0.17621 -0.00196  -1.11281 -0.00727  0.00381  -0.70624     False
    bar1330        ridge       2000               500    13:30 deck period  1088 2020-01-03           0.16868       0.16796  0.00071   0.42444 -0.00476  0.00654   0.23697     False
    bar1330        ridge       2000              2000 all bars      common  1499 2018-05-17           0.17425       0.17727 -0.00302  -1.70464 -0.00757  0.00232  -1.26878     False
    bar1330        ridge       2000              2000 all bars deck period  1088 2020-01-03           0.16868       0.17037 -0.00169  -0.99121 -0.00705  0.00434  -0.61803     False
    bar1330        ridge       2000              2000    13:30      common  1499 2018-05-17           0.17425       0.17727 -0.00302  -1.70464 -0.00757  0.00232  -1.26878     False
    bar1330        ridge       2000              2000    13:30 deck period  1088 2020-01-03           0.16868       0.17037 -0.00169  -0.99121 -0.00705  0.00434  -0.61803     False
    bar1400     reclasso        500               500 all bars      common  2987 2012-06-13           0.15766       0.15501  0.00265   1.70983 -0.00203  0.00816   1.05970     False
    bar1400     reclasso        500               500 all bars deck period  1088 2020-01-03           0.18161       0.17373  0.00788   4.53735 -0.00185  0.02084   1.30642     False
    bar1400     reclasso        500               500    14:00      common  2987 2012-06-13           0.15766       0.15501  0.00265   1.70983 -0.00203  0.00816   1.05970     False
    bar1400     reclasso        500               500    14:00 deck period  1088 2020-01-03           0.18161       0.17373  0.00788   4.53735 -0.00185  0.02084   1.30642     False
    bar1400     reclasso       2000               500 all bars      common  1487 2018-06-01           0.18513       0.17801  0.00712   4.00070  0.00071  0.01544   1.93157     False
    bar1400     reclasso       2000               500 all bars deck period  1088 2020-01-03           0.18518       0.17373  0.01145   6.58922  0.00310  0.02280   2.37393     False
    bar1400     reclasso       2000               500    14:00      common  1487 2018-06-01           0.18513       0.17801  0.00712   4.00070  0.00071  0.01544   1.93157     False
    bar1400     reclasso       2000               500    14:00 deck period  1088 2020-01-03           0.18518       0.17373  0.01145   6.58922  0.00310  0.02280   2.37393     False
    bar1400     reclasso       2000              2000 all bars      common  1487 2018-06-01           0.18513       0.18091  0.00422   2.33129 -0.00253  0.01321   1.13547     False
    bar1400     reclasso       2000              2000 all bars deck period  1088 2020-01-03           0.18518       0.17783  0.00734   4.12864 -0.00144  0.01946   1.50724     False
    bar1400     reclasso       2000              2000    14:00      common  1487 2018-06-01           0.18513       0.18091  0.00422   2.33129 -0.00253  0.01321   1.13547     False
    bar1400     reclasso       2000              2000    14:00 deck period  1088 2020-01-03           0.18518       0.17783  0.00734   4.12864 -0.00144  0.01946   1.50724     False
    bar1400 reclasticnet        500               500 all bars      common  2987 2012-06-13           0.15795       0.15466  0.00328   2.12388 -0.00206  0.00965   1.17255     False
    bar1400 reclasticnet        500               500 all bars deck period  1088 2020-01-03           0.18471       0.17333  0.01138   6.56363 -0.00094  0.02677   1.65271     False
    bar1400 reclasticnet        500               500    14:00      common  2987 2012-06-13           0.15795       0.15466  0.00328   2.12388 -0.00206  0.00965   1.17255     False
    bar1400 reclasticnet        500               500    14:00 deck period  1088 2020-01-03           0.18471       0.17333  0.01138   6.56363 -0.00094  0.02677   1.65271     False
    bar1400 reclasticnet       2000               500 all bars      common  1487 2018-06-01           0.18483       0.17777  0.00707   3.97517 -0.00053  0.01695   1.72904     False
    bar1400 reclasticnet       2000               500 all bars deck period  1088 2020-01-03           0.18521       0.17333  0.01188   6.85351  0.00126  0.02576   2.22143     False
    bar1400 reclasticnet       2000               500    14:00      common  1487 2018-06-01           0.18483       0.17777  0.00707   3.97517 -0.00053  0.01695   1.72904     False
    bar1400 reclasticnet       2000               500    14:00 deck period  1088 2020-01-03           0.18521       0.17333  0.01188   6.85351  0.00126  0.02576   2.22143     False
    bar1400 reclasticnet       2000              2000 all bars      common  1487 2018-06-01           0.18483       0.18145  0.00338   1.86389 -0.00441  0.01389   0.81390     False
    bar1400 reclasticnet       2000              2000 all bars deck period  1088 2020-01-03           0.18521       0.17861  0.00660   3.69389 -0.00382  0.02082   1.20462     False
    bar1400 reclasticnet       2000              2000    14:00      common  1487 2018-06-01           0.18483       0.18145  0.00338   1.86389 -0.00441  0.01389   0.81390     False
    bar1400 reclasticnet       2000              2000    14:00 deck period  1088 2020-01-03           0.18521       0.17861  0.00660   3.69389 -0.00382  0.02082   1.20462     False
    bar1400        ridge        500               500 all bars      common  2987 2012-06-13           0.15985       0.15453  0.00532   3.44161 -0.00174  0.01351   1.56180     False
    bar1400        ridge        500               500 all bars deck period  1088 2020-01-03           0.19243       0.17409  0.01834  10.53655  0.00264  0.03990   2.21055     False
    bar1400        ridge        500               500    14:00      common  2987 2012-06-13           0.15985       0.15453  0.00532   3.44161 -0.00174  0.01351   1.56180     False
    bar1400        ridge        500               500    14:00 deck period  1088 2020-01-03           0.19243       0.17409  0.01834  10.53655  0.00264  0.03990   2.21055     False
    bar1400        ridge       2000               500 all bars      common  1487 2018-06-01           0.18747       0.17821  0.00926   5.19452  0.00044  0.02148   2.04228     False
    bar1400        ridge       2000               500 all bars deck period  1088 2020-01-03           0.18892       0.17409  0.01483   8.51966  0.00242  0.03205   2.47544     False
    bar1400        ridge       2000               500    14:00      common  1487 2018-06-01           0.18747       0.17821  0.00926   5.19452  0.00044  0.02148   2.04228     False
    bar1400        ridge       2000               500    14:00 deck period  1088 2020-01-03           0.18892       0.17409  0.01483   8.51966  0.00242  0.03205   2.47544     False
    bar1400        ridge       2000              2000 all bars      common  1487 2018-06-01           0.18747       0.18021  0.00726   4.03039 -0.00180  0.01995   1.56734     False
    bar1400        ridge       2000              2000 all bars deck period  1088 2020-01-03           0.18892       0.17733  0.01159   6.53397 -0.00071  0.02896   1.88911     False
    bar1400        ridge       2000              2000    14:00      common  1487 2018-06-01           0.18747       0.18021  0.00726   4.03039 -0.00180  0.01995   1.56734     False
    bar1400        ridge       2000              2000    14:00 deck period  1088 2020-01-03           0.18892       0.17733  0.01159   6.53397 -0.00071  0.02896   1.88911     False
    bar1430     reclasso        500               500 all bars      common  2979 2012-06-20           0.25825       0.30681 -0.04857 -15.82923 -0.06227 -0.03581  -7.28151      True
    bar1430     reclasso        500               500 all bars deck period  1087 2020-01-03           0.27989       0.34584 -0.06595 -19.06863 -0.09681 -0.04138  -4.46145      True
    bar1430     reclasso        500               500    14:30      common  2979 2012-06-20           0.25825       0.30681 -0.04857 -15.82923 -0.06227 -0.03581  -7.28151      True
    bar1430     reclasso        500               500    14:30 deck period  1087 2020-01-03           0.27989       0.34584 -0.06595 -19.06863 -0.09681 -0.04138  -4.46145      True
    bar1430     reclasso       2000               500 all bars      common  1479 2018-06-11           0.26467       0.32807 -0.06340 -19.32456 -0.08925 -0.04103  -4.83800      True
    bar1430     reclasso       2000               500 all bars deck period  1087 2020-01-03           0.27066       0.34584 -0.07518 -21.73858 -0.10974 -0.04751  -4.46043      True
    bar1430     reclasso       2000               500    14:30      common  1479 2018-06-11           0.26467       0.32807 -0.06340 -19.32456 -0.08925 -0.04103  -4.83800      True
    bar1430     reclasso       2000               500    14:30 deck period  1087 2020-01-03           0.27066       0.34584 -0.07518 -21.73858 -0.10974 -0.04751  -4.46043      True
    bar1430     reclasso       2000              2000 all bars      common  1479 2018-06-11           0.26467       0.31826 -0.05359 -16.83867 -0.07328 -0.03538  -5.63112      True
    bar1430     reclasso       2000              2000 all bars deck period  1087 2020-01-03           0.27066       0.33436 -0.06370 -19.05105 -0.08851 -0.04242  -5.48455      True
    bar1430     reclasso       2000              2000    14:30      common  1479 2018-06-11           0.26467       0.31826 -0.05359 -16.83867 -0.07328 -0.03538  -5.63112      True
    bar1430     reclasso       2000              2000    14:30 deck period  1087 2020-01-03           0.27066       0.33436 -0.06370 -19.05105 -0.08851 -0.04242  -5.48455      True
    bar1430 reclasticnet        500               500 all bars      common  2979 2012-06-20           0.25516       0.30651 -0.05135 -16.75412 -0.06466 -0.03879  -7.64275      True
    bar1430 reclasticnet        500               500 all bars deck period  1087 2020-01-03           0.27561       0.34450 -0.06889 -19.99572 -0.09906 -0.04388  -4.76657      True
    bar1430 reclasticnet        500               500    14:30      common  2979 2012-06-20           0.25516       0.30651 -0.05135 -16.75412 -0.06466 -0.03879  -7.64275      True
    bar1430 reclasticnet        500               500    14:30 deck period  1087 2020-01-03           0.27561       0.34450 -0.06889 -19.99572 -0.09906 -0.04388  -4.76657      True
    bar1430 reclasticnet       2000               500 all bars      common  1479 2018-06-11           0.27337       0.32705 -0.05368 -16.41321 -0.08366 -0.02363  -3.55336      True
    bar1430 reclasticnet       2000               500 all bars deck period  1087 2020-01-03           0.28254       0.34450 -0.06195 -17.98406 -0.10221 -0.02433  -3.16901      True
    bar1430 reclasticnet       2000               500    14:30      common  1479 2018-06-11           0.27337       0.32705 -0.05368 -16.41321 -0.08366 -0.02363  -3.55336      True
    bar1430 reclasticnet       2000               500    14:30 deck period  1087 2020-01-03           0.28254       0.34450 -0.06195 -17.98406 -0.10221 -0.02433  -3.16901      True
    bar1430 reclasticnet       2000              2000 all bars      common  1479 2018-06-11           0.27337       0.31836 -0.04499 -14.13092 -0.06935 -0.01789  -3.64974      True
    bar1430 reclasticnet       2000              2000 all bars deck period  1087 2020-01-03           0.28254       0.33455 -0.05201 -15.54608 -0.08299 -0.01828  -3.34527      True
    bar1430 reclasticnet       2000              2000    14:30      common  1479 2018-06-11           0.27337       0.31836 -0.04499 -14.13092 -0.06935 -0.01789  -3.64974      True
    bar1430 reclasticnet       2000              2000    14:30 deck period  1087 2020-01-03           0.28254       0.33455 -0.05201 -15.54608 -0.08299 -0.01828  -3.34527      True
    bar1430        ridge        500               500 all bars      common  2979 2012-06-20           0.26322       0.30524 -0.04202 -13.76583 -0.05524 -0.02934  -6.30691      True
    bar1430        ridge        500               500 all bars deck period  1087 2020-01-03           0.27691       0.34293 -0.06602 -19.25275 -0.09720 -0.04020  -4.50152      True
    bar1430        ridge        500               500    14:30      common  2979 2012-06-20           0.26322       0.30524 -0.04202 -13.76583 -0.05524 -0.02934  -6.30691      True
    bar1430        ridge        500               500    14:30 deck period  1087 2020-01-03           0.27691       0.34293 -0.06602 -19.25275 -0.09720 -0.04020  -4.50152      True
    bar1430        ridge       2000               500 all bars      common  1479 2018-06-11           0.27622       0.32558 -0.04936 -15.16039 -0.07882 -0.01946  -3.26713      True
    bar1430        ridge       2000               500 all bars deck period  1087 2020-01-03           0.28658       0.34293 -0.05635 -16.43179 -0.09715 -0.01836  -2.88305      True
    bar1430        ridge       2000               500    14:30      common  1479 2018-06-11           0.27622       0.32558 -0.04936 -15.16039 -0.07882 -0.01946  -3.26713      True
    bar1430        ridge       2000               500    14:30 deck period  1087 2020-01-03           0.28658       0.34293 -0.05635 -16.43179 -0.09715 -0.01836  -2.88305      True
    bar1430        ridge       2000              2000 all bars      common  1479 2018-06-11           0.27622       0.31698 -0.04076 -12.85871 -0.06526 -0.01419  -3.36007      True
    bar1430        ridge       2000              2000 all bars deck period  1087 2020-01-03           0.28658       0.33273 -0.04615 -13.87017 -0.07779 -0.01303  -3.02883      True
    bar1430        ridge       2000              2000    14:30      common  1479 2018-06-11           0.27622       0.31698 -0.04076 -12.85871 -0.06526 -0.01419  -3.36007      True
    bar1430        ridge       2000              2000    14:30 deck period  1087 2020-01-03           0.28658       0.33273 -0.04615 -13.87017 -0.07779 -0.01303  -3.02883      True
    bar1500     reclasso        500               500 all bars      common  2977 2012-06-21           0.16614       0.17617 -0.01003  -5.69433 -0.01768 -0.00183  -2.56910      True
    bar1500     reclasso        500               500 all bars deck period  1087 2020-01-03           0.18941       0.20697 -0.01755  -8.48175 -0.03229 -0.00095  -2.11706      True
    bar1500     reclasso        500               500    15:00      common  2977 2012-06-21           0.16614       0.17617 -0.01003  -5.69433 -0.01768 -0.00183  -2.56910      True
    bar1500     reclasso        500               500    15:00 deck period  1087 2020-01-03           0.18941       0.20697 -0.01755  -8.48175 -0.03229 -0.00095  -2.11706      True
    bar1500     reclasso       2000               500 all bars      common  1477 2018-06-13           0.21907       0.22433 -0.00526  -2.34403 -0.01142  0.00148  -1.49068     False
    bar1500     reclasso       2000               500 all bars deck period  1087 2020-01-03           0.20178       0.20697 -0.00519  -2.50786 -0.01267  0.00288  -1.19098     False
    bar1500     reclasso       2000               500    15:00      common  1477 2018-06-13           0.21907       0.22433 -0.00526  -2.34403 -0.01142  0.00148  -1.49068     False
    bar1500     reclasso       2000               500    15:00 deck period  1087 2020-01-03           0.20178       0.20697 -0.00519  -2.50786 -0.01267  0.00288  -1.19098     False
    bar1500     reclasso       2000              2000 all bars      common  1477 2018-06-13           0.21907       0.23072 -0.01165  -5.05027 -0.01779 -0.00564  -4.08161      True
    bar1500     reclasso       2000              2000 all bars deck period  1087 2020-01-03           0.20178       0.21724 -0.01546  -7.11706 -0.02251 -0.00844  -4.36291      True
    bar1500     reclasso       2000              2000    15:00      common  1477 2018-06-13           0.21907       0.23072 -0.01165  -5.05027 -0.01779 -0.00564  -4.08161      True
    bar1500     reclasso       2000              2000    15:00 deck period  1087 2020-01-03           0.20178       0.21724 -0.01546  -7.11706 -0.02251 -0.00844  -4.36291      True
    bar1500 reclasticnet        500               500 all bars      common  2977 2012-06-21           0.16644       0.17586 -0.00942  -5.35743 -0.01694 -0.00100  -2.36484      True
    bar1500 reclasticnet        500               500 all bars deck period  1087 2020-01-03           0.19070       0.20653 -0.01583  -7.66590 -0.03057  0.00041  -1.94709     False
    bar1500 reclasticnet        500               500    15:00      common  2977 2012-06-21           0.16644       0.17586 -0.00942  -5.35743 -0.01694 -0.00100  -2.36484      True
    bar1500 reclasticnet        500               500    15:00 deck period  1087 2020-01-03           0.19070       0.20653 -0.01583  -7.66590 -0.03057  0.00041  -1.94709     False
    bar1500 reclasticnet       2000               500 all bars      common  1477 2018-06-13           0.21658       0.22449 -0.00790  -3.52021 -0.01467 -0.00033  -2.06765      True
    bar1500 reclasticnet       2000               500 all bars deck period  1087 2020-01-03           0.19941       0.20653 -0.00713  -3.45054 -0.01523  0.00203  -1.49540     False
    bar1500 reclasticnet       2000               500    15:00      common  1477 2018-06-13           0.21658       0.22449 -0.00790  -3.52021 -0.01467 -0.00033  -2.06765      True
    bar1500 reclasticnet       2000               500    15:00 deck period  1087 2020-01-03           0.19941       0.20653 -0.00713  -3.45054 -0.01523  0.00203  -1.49540     False
    bar1500 reclasticnet       2000              2000 all bars      common  1477 2018-06-13           0.21658       0.23095 -0.01436  -6.21887 -0.02051 -0.00825  -4.82250      True
    bar1500 reclasticnet       2000              2000 all bars deck period  1087 2020-01-03           0.19941       0.21738 -0.01797  -8.26751 -0.02511 -0.01076  -4.84431      True
    bar1500 reclasticnet       2000              2000    15:00      common  1477 2018-06-13           0.21658       0.23095 -0.01436  -6.21887 -0.02051 -0.00825  -4.82250      True
    bar1500 reclasticnet       2000              2000    15:00 deck period  1087 2020-01-03           0.19941       0.21738 -0.01797  -8.26751 -0.02511 -0.01076  -4.84431      True
    bar1500        ridge        500               500 all bars      common  2977 2012-06-21           0.16632       0.17488 -0.00857  -4.89807 -0.01534 -0.00137  -2.47496      True
    bar1500        ridge        500               500 all bars deck period  1087 2020-01-03           0.19401       0.20601 -0.01200  -5.82273 -0.02605  0.00150  -1.79408     False
    bar1500        ridge        500               500    15:00      common  2977 2012-06-21           0.16632       0.17488 -0.00857  -4.89807 -0.01534 -0.00137  -2.47496      True
    bar1500        ridge        500               500    15:00 deck period  1087 2020-01-03           0.19401       0.20601 -0.01200  -5.82273 -0.02605  0.00150  -1.79408     False
    bar1500        ridge       2000               500 all bars      common  1477 2018-06-13           0.21557       0.22386 -0.00829  -3.70363 -0.01547 -0.00088  -2.05169      True
    bar1500        ridge       2000               500 all bars deck period  1087 2020-01-03           0.19937       0.20601 -0.00664  -3.22456 -0.01501  0.00234  -1.36367     False
    bar1500        ridge       2000               500    15:00      common  1477 2018-06-13           0.21557       0.22386 -0.00829  -3.70363 -0.01547 -0.00088  -2.05169      True
    bar1500        ridge       2000               500    15:00 deck period  1087 2020-01-03           0.19937       0.20601 -0.00664  -3.22456 -0.01501  0.00234  -1.36367     False
    bar1500        ridge       2000              2000 all bars      common  1477 2018-06-13           0.21557       0.22890 -0.01333  -5.82429 -0.02041 -0.00633  -3.76037      True
    bar1500        ridge       2000              2000 all bars deck period  1087 2020-01-03           0.19937       0.21503 -0.01566  -7.28212 -0.02406 -0.00656  -3.50185      True
    bar1500        ridge       2000              2000    15:00      common  1477 2018-06-13           0.21557       0.22890 -0.01333  -5.82429 -0.02041 -0.00633  -3.76037      True
    bar1500        ridge       2000              2000    15:00 deck period  1087 2020-01-03           0.19937       0.21503 -0.01566  -7.28212 -0.02406 -0.00656  -3.50185      True
    bar1530     reclasso        500               500 all bars      common  2975 2012-06-25           0.12576       0.12868 -0.00292  -2.27232 -0.00791  0.00294  -1.10441     False
    bar1530     reclasso        500               500 all bars deck period  1087 2020-01-03           0.14116       0.12936  0.01179   9.11394  0.00150  0.02602   1.98965     False
    bar1530     reclasso        500               500    15:30      common  2975 2012-06-25           0.12576       0.12868 -0.00292  -2.27232 -0.00791  0.00294  -1.10441     False
    bar1530     reclasso        500               500    15:30 deck period  1087 2020-01-03           0.14116       0.12936  0.01179   9.11394  0.00150  0.02602   1.98965     False
    bar1530     reclasso       2000               500 all bars      common  1475 2018-06-15           0.13302       0.13587 -0.00285  -2.09617 -0.00785  0.00272  -1.09125     False
    bar1530     reclasso       2000               500 all bars deck period  1087 2020-01-03           0.13122       0.12936  0.00185   1.43255 -0.00315  0.00752   0.60718     False
    bar1530     reclasso       2000               500    15:30      common  1475 2018-06-15           0.13302       0.13587 -0.00285  -2.09617 -0.00785  0.00272  -1.09125     False
    bar1530     reclasso       2000               500    15:30 deck period  1087 2020-01-03           0.13122       0.12936  0.00185   1.43255 -0.00315  0.00752   0.60718     False
    bar1530     reclasso       2000              2000 all bars      common  1475 2018-06-15           0.13302       0.13744 -0.00443  -3.22097 -0.00965  0.00143  -1.55844     False
    bar1530     reclasso       2000              2000 all bars deck period  1087 2020-01-03           0.13122       0.13360 -0.00238  -1.78447 -0.00918  0.00513  -0.67699     False
    bar1530     reclasso       2000              2000    15:30      common  1475 2018-06-15           0.13302       0.13744 -0.00443  -3.22097 -0.00965  0.00143  -1.55844     False
    bar1530     reclasso       2000              2000    15:30 deck period  1087 2020-01-03           0.13122       0.13360 -0.00238  -1.78447 -0.00918  0.00513  -0.67699     False
    bar1530 reclasticnet        500               500 all bars      common  2975 2012-06-25           0.12721       0.12802 -0.00081  -0.63034 -0.00675  0.00617  -0.25431     False
    bar1530 reclasticnet        500               500 all bars deck period  1087 2020-01-03           0.14272       0.12867  0.01405  10.92248  0.00175  0.03251   1.93296     False
    bar1530 reclasticnet        500               500    15:30      common  2975 2012-06-25           0.12721       0.12802 -0.00081  -0.63034 -0.00675  0.00617  -0.25431     False
    bar1530 reclasticnet        500               500    15:30 deck period  1087 2020-01-03           0.14272       0.12867  0.01405  10.92248  0.00175  0.03251   1.93296     False
    bar1530 reclasticnet       2000               500 all bars      common  1475 2018-06-15           0.13177       0.13477 -0.00300  -2.22729 -0.00791  0.00233  -1.19825     False
    bar1530 reclasticnet       2000               500 all bars deck period  1087 2020-01-03           0.13037       0.12867  0.00170   1.32277 -0.00342  0.00720   0.57704     False
    bar1530 reclasticnet       2000               500    15:30      common  1475 2018-06-15           0.13177       0.13477 -0.00300  -2.22729 -0.00791  0.00233  -1.19825     False
    bar1530 reclasticnet       2000               500    15:30 deck period  1087 2020-01-03           0.13037       0.12867  0.00170   1.32277 -0.00342  0.00720   0.57704     False
    bar1530 reclasticnet       2000              2000 all bars      common  1475 2018-06-15           0.13177       0.13725 -0.00549  -3.99713 -0.01078  0.00046  -1.98382     False
    bar1530 reclasticnet       2000              2000 all bars deck period  1087 2020-01-03           0.13037       0.13345 -0.00308  -2.30803 -0.00998  0.00457  -0.88629     False
    bar1530 reclasticnet       2000              2000    15:30      common  1475 2018-06-15           0.13177       0.13725 -0.00549  -3.99713 -0.01078  0.00046  -1.98382     False
    bar1530 reclasticnet       2000              2000    15:30 deck period  1087 2020-01-03           0.13037       0.13345 -0.00308  -2.30803 -0.00998  0.00457  -0.88629     False
    bar1530        ridge        500               500 all bars      common  2975 2012-06-25           0.12759       0.12755  0.00003   0.02732 -0.00449  0.00490   0.01504     False
    bar1530        ridge        500               500 all bars deck period  1087 2020-01-03           0.14166       0.12832  0.01334  10.39443  0.00402  0.02425   2.73340     False
    bar1530        ridge        500               500    15:30      common  2975 2012-06-25           0.12759       0.12755  0.00003   0.02732 -0.00449  0.00490   0.01504     False
    bar1530        ridge        500               500    15:30 deck period  1087 2020-01-03           0.14166       0.12832  0.01334  10.39443  0.00402  0.02425   2.73340     False
    bar1530        ridge       2000               500 all bars      common  1475 2018-06-15           0.13189       0.13473 -0.00284  -2.11130 -0.00809  0.00313  -1.07321     False
    bar1530        ridge       2000               500 all bars deck period  1087 2020-01-03           0.13131       0.12832  0.00299   2.33375 -0.00311  0.00952   0.97315     False
    bar1530        ridge       2000               500    15:30      common  1475 2018-06-15           0.13189       0.13473 -0.00284  -2.11130 -0.00809  0.00313  -1.07321     False
    bar1530        ridge       2000               500    15:30 deck period  1087 2020-01-03           0.13131       0.12832  0.00299   2.33375 -0.00311  0.00952   0.97315     False
    bar1530        ridge       2000              2000 all bars      common  1475 2018-06-15           0.13189       0.13642 -0.00453  -3.32081 -0.01013  0.00199  -1.61693     False
    bar1530        ridge       2000              2000 all bars deck period  1087 2020-01-03           0.13131       0.13238 -0.00107  -0.80767 -0.00870  0.00687  -0.30748     False
    bar1530        ridge       2000              2000    15:30      common  1475 2018-06-15           0.13189       0.13642 -0.00453  -3.32081 -0.01013  0.00199  -1.61693     False
    bar1530        ridge       2000              2000    15:30 deck period  1087 2020-01-03           0.13131       0.13238 -0.00107  -0.80767 -0.00870  0.00687  -0.30748     False
    bar1600     reclasso        500               500 all bars      common  2969 2012-07-03           0.12026       0.12516 -0.00490  -3.91334 -0.00766 -0.00223  -3.45431      True
    bar1600     reclasso        500               500 all bars deck period  1087 2020-01-03           0.11058       0.11335 -0.00277  -2.44306 -0.00612  0.00042  -1.59037     False
    bar1600     reclasso        500               500    16:00      common  2969 2012-07-03           0.12026       0.12516 -0.00490  -3.91334 -0.00766 -0.00223  -3.45431      True
    bar1600     reclasso        500               500    16:00 deck period  1087 2020-01-03           0.11058       0.11335 -0.00277  -2.44306 -0.00612  0.00042  -1.59037     False
    bar1600     reclasso       2000               500 all bars      common  1469 2018-06-25           0.11685       0.12814 -0.01129  -8.80952 -0.01879 -0.00524  -3.66138      True
    bar1600     reclasso       2000               500 all bars deck period  1087 2020-01-03           0.10489       0.11335 -0.00846  -7.46410 -0.01597 -0.00235  -2.46569      True
    bar1600     reclasso       2000               500    16:00      common  1469 2018-06-25           0.11685       0.12814 -0.01129  -8.80952 -0.01879 -0.00524  -3.66138      True
    bar1600     reclasso       2000               500    16:00 deck period  1087 2020-01-03           0.10489       0.11335 -0.00846  -7.46410 -0.01597 -0.00235  -2.46569      True
    bar1600     reclasso       2000              2000 all bars      common  1469 2018-06-25           0.11685       0.12759 -0.01074  -8.42042 -0.01630 -0.00593  -4.35021      True
    bar1600     reclasso       2000              2000 all bars deck period  1087 2020-01-03           0.10489       0.11288 -0.00799  -7.07873 -0.01282 -0.00344  -3.07245      True
    bar1600     reclasso       2000              2000    16:00      common  1469 2018-06-25           0.11685       0.12759 -0.01074  -8.42042 -0.01630 -0.00593  -4.35021      True
    bar1600     reclasso       2000              2000    16:00 deck period  1087 2020-01-03           0.10489       0.11288 -0.00799  -7.07873 -0.01282 -0.00344  -3.07245      True
    bar1600 reclasticnet        500               500 all bars      common  2969 2012-07-03           0.11742       0.12486 -0.00744  -5.95906 -0.01096 -0.00382  -4.22214      True
    bar1600 reclasticnet        500               500 all bars deck period  1087 2020-01-03           0.10892       0.11327 -0.00435  -3.83953 -0.00901 -0.00020  -1.83589      True
    bar1600 reclasticnet        500               500    16:00      common  2969 2012-07-03           0.11742       0.12486 -0.00744  -5.95906 -0.01096 -0.00382  -4.22214      True
    bar1600 reclasticnet        500               500    16:00 deck period  1087 2020-01-03           0.10892       0.11327 -0.00435  -3.83953 -0.00901 -0.00020  -1.83589      True
    bar1600 reclasticnet       2000               500 all bars      common  1469 2018-06-25           0.11668       0.12821 -0.01153  -8.99195 -0.01820 -0.00630  -4.29958      True
    bar1600 reclasticnet       2000               500 all bars deck period  1087 2020-01-03           0.10503       0.11327 -0.00825  -7.28060 -0.01420 -0.00286  -2.86014      True
    bar1600 reclasticnet       2000               500    16:00      common  1469 2018-06-25           0.11668       0.12821 -0.01153  -8.99195 -0.01820 -0.00630  -4.29958      True
    bar1600 reclasticnet       2000               500    16:00 deck period  1087 2020-01-03           0.10503       0.11327 -0.00825  -7.28060 -0.01420 -0.00286  -2.86014      True
    bar1600 reclasticnet       2000              2000 all bars      common  1469 2018-06-25           0.11668       0.12712 -0.01044  -8.21168 -0.01493 -0.00639  -4.99887      True
    bar1600 reclasticnet       2000              2000 all bars deck period  1087 2020-01-03           0.10503       0.11207 -0.00705  -6.28785 -0.01061 -0.00311  -3.50198      True
    bar1600 reclasticnet       2000              2000    16:00      common  1469 2018-06-25           0.11668       0.12712 -0.01044  -8.21168 -0.01493 -0.00639  -4.99887      True
    bar1600 reclasticnet       2000              2000    16:00 deck period  1087 2020-01-03           0.10503       0.11207 -0.00705  -6.28785 -0.01061 -0.00311  -3.50198      True
    bar1600        ridge        500               500 all bars      common  2969 2012-07-03           0.12437       0.12322  0.00115   0.93556 -0.00364  0.00627   0.49482     False
    bar1600        ridge        500               500 all bars deck period  1087 2020-01-03           0.11557       0.11187  0.00370   3.30356 -0.00326  0.01166   1.02157     False
    bar1600        ridge        500               500    16:00      common  2969 2012-07-03           0.12437       0.12322  0.00115   0.93556 -0.00364  0.00627   0.49482     False
    bar1600        ridge        500               500    16:00 deck period  1087 2020-01-03           0.11557       0.11187  0.00370   3.30356 -0.00326  0.01166   1.02157     False
    bar1600        ridge       2000               500 all bars      common  1469 2018-06-25           0.12540       0.12682 -0.00142  -1.12323 -0.01142  0.01255  -0.26644     False
    bar1600        ridge       2000               500 all bars deck period  1087 2020-01-03           0.11544       0.11187  0.00357   3.18891 -0.00855  0.02079   0.53298     False
    bar1600        ridge       2000               500    16:00      common  1469 2018-06-25           0.12540       0.12682 -0.00142  -1.12323 -0.01142  0.01255  -0.26644     False
    bar1600        ridge       2000               500    16:00 deck period  1087 2020-01-03           0.11544       0.11187  0.00357   3.18891 -0.00855  0.02079   0.53298     False
    bar1600        ridge       2000              2000 all bars      common  1469 2018-06-25           0.12540       0.12834 -0.00295  -2.29640 -0.01167  0.01068  -0.56991     False
    bar1600        ridge       2000              2000 all bars deck period  1087 2020-01-03           0.11544       0.11385  0.00159   1.39968 -0.00839  0.01880   0.24815     False
    bar1600        ridge       2000              2000    16:00      common  1469 2018-06-25           0.12540       0.12834 -0.00295  -2.29640 -0.01167  0.01068  -0.56991     False
    bar1600        ridge       2000              2000    16:00 deck period  1087 2020-01-03           0.11544       0.11385  0.00159   1.39968 -0.00839  0.01880   0.24815     False
  blk_close     reclasso        500               500 all bars      common  9069 2006-04-10           0.11990       0.12396 -0.00406  -3.27350 -0.00709 -0.00104  -2.95125      True
  blk_close     reclasso        500               500 all bars deck period  2174 2020-01-03           0.12310       0.12136  0.00175   1.43884 -0.00127  0.00502   1.12260     False
  blk_close     reclasso        500               500    15:30      common  4535 2006-04-10           0.12321       0.12707 -0.00386  -3.03787 -0.00677 -0.00084  -2.63711      True
  blk_close     reclasso        500               500    15:30 deck period  1087 2020-01-03           0.13308       0.12936  0.00372   2.87185 -0.00099  0.00856   1.62005     False
  blk_close     reclasso        500               500    16:00      common  4534 2006-04-10           0.11660       0.12086 -0.00426  -3.52130 -0.00861  0.00071  -1.89635     False
  blk_close     reclasso        500               500    16:00 deck period  1087 2020-01-03           0.11313       0.11335 -0.00022  -0.19663 -0.00404  0.00376  -0.10412     False
  blk_close     reclasso       2000               500 all bars      common  6069 2012-03-29           0.11667       0.12690 -0.01024  -8.06674 -0.01261 -0.00780  -9.52634      True
  blk_close     reclasso       2000               500 all bars deck period  2174 2020-01-03           0.11721       0.12136 -0.00415  -3.41614 -0.00796 -0.00056  -2.47479      True
  blk_close     reclasso       2000               500    15:30      common  3034 2012-03-30           0.12068       0.12926 -0.00858  -6.63498 -0.01181 -0.00528  -5.50299      True
  blk_close     reclasso       2000               500    15:30 deck period  1087 2020-01-03           0.12812       0.12936 -0.00124  -0.96223 -0.00636  0.00382  -0.49392     False
  blk_close     reclasso       2000               500    16:00      common  3035 2012-03-29           0.11265       0.12455 -0.01190  -9.55213 -0.01511 -0.00884  -7.71346      True
  blk_close     reclasso       2000               500    16:00 deck period  1087 2020-01-03           0.10630       0.11335 -0.00705  -6.21677 -0.01226 -0.00231  -3.09947      True
  blk_close     reclasso       2000              2000 all bars      common  6069 2012-03-29           0.11667       0.12711 -0.01045  -8.21792 -0.01254 -0.00836 -10.56733      True
  blk_close     reclasso       2000              2000 all bars deck period  2174 2020-01-03           0.11721       0.12324 -0.00603  -4.89233 -0.00955 -0.00257  -3.95651      True
  blk_close     reclasso       2000              2000    15:30      common  3034 2012-03-30           0.12068       0.13050 -0.00982  -7.52555 -0.01262 -0.00696  -7.09432      True
  blk_close     reclasso       2000              2000    15:30 deck period  1087 2020-01-03           0.12812       0.13360 -0.00548  -4.10331 -0.01002 -0.00115  -2.63732      True
  blk_close     reclasso       2000              2000    16:00      common  3035 2012-03-29           0.11265       0.12372 -0.01107  -8.94798 -0.01378 -0.00842  -7.82756      True
  blk_close     reclasso       2000              2000    16:00 deck period  1087 2020-01-03           0.10630       0.11288 -0.00658  -5.82621 -0.01058 -0.00255  -3.17347      True
  blk_close reclasticnet        500               500 all bars      common  9069 2006-04-10           0.11932       0.12344 -0.00412  -3.34040 -0.00697 -0.00117  -3.12905      True
  blk_close reclasticnet        500               500 all bars deck period  2174 2020-01-03           0.12303       0.12097  0.00206   1.70380 -0.00105  0.00570   1.30000     False
  blk_close reclasticnet        500               500    15:30      common  4535 2006-04-10           0.12299       0.12655 -0.00356  -2.81230 -0.00651 -0.00053  -2.48369      True
  blk_close reclasticnet        500               500    15:30 deck period  1087 2020-01-03           0.13332       0.12867  0.00465   3.61268 -0.00025  0.00983   1.86943     False
  blk_close reclasticnet        500               500    16:00      common  4534 2006-04-10           0.11565       0.12034 -0.00469  -3.89586 -0.00896  0.00045  -2.10311     False
  blk_close reclasticnet        500               500    16:00 deck period  1087 2020-01-03           0.11275       0.11327 -0.00053  -0.46452 -0.00447  0.00377  -0.24342     False
  blk_close reclasticnet       2000               500 all bars      common  6069 2012-03-29           0.11725       0.12639 -0.00914  -7.23312 -0.01154 -0.00664  -8.39052      True
  blk_close reclasticnet       2000               500 all bars deck period  2174 2020-01-03           0.11747       0.12097 -0.00351  -2.89839 -0.00697 -0.00006  -2.03712      True
  blk_close reclasticnet       2000               500    15:30      common  3034 2012-03-30           0.12114       0.12856 -0.00742  -5.77230 -0.01071 -0.00392  -4.65732      True
  blk_close reclasticnet       2000               500    15:30 deck period  1087 2020-01-03           0.12762       0.12867 -0.00105  -0.81920 -0.00618  0.00396  -0.40926     False
  blk_close reclasticnet       2000               500    16:00      common  3035 2012-03-29           0.11336       0.12423 -0.01086  -8.74442 -0.01407 -0.00778  -6.88090      True
  blk_close reclasticnet       2000               500    16:00 deck period  1087 2020-01-03           0.10732       0.11327 -0.00596  -5.26018 -0.01064 -0.00152  -2.63533      True
  blk_close reclasticnet       2000              2000 all bars      common  6069 2012-03-29           0.11725       0.12668 -0.00943  -7.44190 -0.01179 -0.00687  -8.78133      True
  blk_close reclasticnet       2000              2000 all bars deck period  2174 2020-01-03           0.11747       0.12276 -0.00530  -4.31507 -0.00945 -0.00022  -2.79490      True
  blk_close reclasticnet       2000              2000    15:30      common  3034 2012-03-30           0.12114       0.13005 -0.00891  -6.84996 -0.01193 -0.00595  -6.34200      True
  blk_close reclasticnet       2000              2000    15:30 deck period  1087 2020-01-03           0.12762       0.13345 -0.00584  -4.37325 -0.01047 -0.00113  -2.68270      True
  blk_close reclasticnet       2000              2000    16:00      common  3035 2012-03-29           0.11336       0.12331 -0.00995  -8.06598 -0.01309 -0.00661  -6.19334      True
  blk_close reclasticnet       2000              2000    16:00 deck period  1087 2020-01-03           0.10732       0.11207 -0.00476  -4.24580 -0.01004  0.00175  -1.72401     False
  blk_close        ridge        500               500 all bars      common  9069 2006-04-10           0.11945       0.12274 -0.00329  -2.68320 -0.00587 -0.00068  -2.78943      True
  blk_close        ridge        500               500 all bars deck period  2174 2020-01-03           0.12188       0.12010  0.00178   1.48630 -0.00227  0.00678   0.92033     False
  blk_close        ridge        500               500    15:30      common  4535 2006-04-10           0.12480       0.12601 -0.00121  -0.96008 -0.00416  0.00169  -0.81911     False
  blk_close        ridge        500               500    15:30 deck period  1087 2020-01-03           0.13281       0.12832  0.00449   3.49600 -0.00090  0.01003   1.77898     False
  blk_close        ridge        500               500    16:00      common  4534 2006-04-10           0.11410       0.11948 -0.00538  -4.50091 -0.00872 -0.00214  -3.34280      True
  blk_close        ridge        500               500    16:00 deck period  1087 2020-01-03           0.11096       0.11187 -0.00092  -0.81885 -0.00610  0.00471  -0.36700     False
  blk_close        ridge       2000               500 all bars      common  6069 2012-03-29           0.12011       0.12536 -0.00525  -4.18732 -0.00980  0.00166  -2.06922     False
  blk_close        ridge       2000               500 all bars deck period  2174 2020-01-03           0.12639       0.12010  0.00629   5.23726 -0.00390  0.02342   0.98192     False
  blk_close        ridge       2000               500    15:30      common  3034 2012-03-30           0.12489       0.12810 -0.00321  -2.50724 -0.00877  0.00463  -1.01556     False
  blk_close        ridge       2000               500    15:30 deck period  1087 2020-01-03           0.13978       0.12832  0.01146   8.93263 -0.00034  0.03060   1.48499     False
  blk_close        ridge       2000               500    16:00      common  3035 2012-03-29           0.11532       0.12261 -0.00729  -5.94212 -0.01240 -0.00072  -2.60128      True
  blk_close        ridge       2000               500    16:00 deck period  1087 2020-01-03           0.11299       0.11187  0.00112   0.99863 -0.01066  0.01796   0.16559     False
  blk_close        ridge       2000              2000 all bars      common  6069 2012-03-29           0.12011       0.12644 -0.00633  -5.00740 -0.01068  0.00060  -2.53276     False
  blk_close        ridge       2000              2000 all bars deck period  2174 2020-01-03           0.12639       0.12312  0.00327   2.65669 -0.00728  0.02102   0.51559     False
  blk_close        ridge       2000              2000    15:30      common  3034 2012-03-30           0.12489       0.12893 -0.00404  -3.13467 -0.00946  0.00409  -1.29073     False
  blk_close        ridge       2000              2000    15:30 deck period  1087 2020-01-03           0.13978       0.13238  0.00740   5.58864 -0.00505  0.02742   0.94363     False
  blk_close        ridge       2000              2000    16:00      common  3035 2012-03-29           0.11532       0.12394 -0.00862  -6.95489 -0.01308 -0.00224  -3.22031      True
  blk_close        ridge       2000              2000    16:00 deck period  1087 2020-01-03           0.11299       0.11385 -0.00086  -0.75262 -0.01076  0.01546  -0.13262     False
   blk_core     reclasso        500               500 all bars      common 40156 2001-10-11           0.12618       0.13295 -0.00677  -5.08999 -0.00916 -0.00654 -13.65236      True
   blk_core     reclasso        500               500 all bars deck period  7756 2020-01-03           0.14799       0.15341 -0.00542  -3.53107 -0.01039 -0.00292  -3.49038      True
   blk_core     reclasso        500               500    11:00      common  5797 2001-10-11           0.10879       0.11405 -0.00526  -4.61334 -0.00678 -0.00373  -6.33815      True
   blk_core     reclasso        500               500    11:00 deck period  1116 2020-01-03           0.13705       0.14186 -0.00481  -3.39041 -0.00931 -0.00012  -2.08609      True
   blk_core     reclasso        500               500    11:30      common  5799 2001-10-11           0.11441       0.12126 -0.00685  -5.64827 -0.00874 -0.00491  -7.07399      True
   blk_core     reclasso        500               500    11:30 deck period  1116 2020-01-03           0.13149       0.14066 -0.00918  -6.52486 -0.01358 -0.00466  -3.92366      True
   blk_core     reclasso        500               500    12:00      common  5738 2001-10-11           0.11815       0.12577 -0.00762  -6.06069 -0.00962 -0.00571  -7.75307      True
   blk_core     reclasso        500               500    12:00 deck period  1116 2020-01-03           0.12895       0.13689 -0.00795  -5.80577 -0.01283 -0.00288  -3.11279      True
   blk_core     reclasso        500               500    12:30      common  5738 2001-10-11           0.13218       0.14043 -0.00825  -5.87261 -0.01012 -0.00633  -8.76026      True
   blk_core     reclasso        500               500    12:30 deck period  1116 2020-01-03           0.13156       0.14403 -0.01247  -8.65610 -0.01654 -0.00839  -5.41586      True
   blk_core     reclasso        500               500    13:00      common  5738 2001-10-11           0.13537       0.14199 -0.00662  -4.66337 -0.00897 -0.00408  -5.24218      True
   blk_core     reclasso        500               500    13:00 deck period  1116 2020-01-03           0.16329       0.16675 -0.00346  -2.07341 -0.01171  0.00616  -0.70456     False
   blk_core     reclasso        500               500    13:30      common  5677 2001-10-11           0.14132       0.14811 -0.00679  -4.58214 -0.00934 -0.00431  -5.45010      True
   blk_core     reclasso        500               500    13:30 deck period  1088 2020-01-03           0.17180       0.17089  0.00091   0.53228 -0.00679  0.00882   0.24641     False
   blk_core     reclasso        500               500    14:00      common  5669 2001-10-11           0.13359       0.13958 -0.00599  -4.28875 -0.00862 -0.00295  -4.35346      True
   blk_core     reclasso        500               500    14:00 deck period  1088 2020-01-03           0.17304       0.17373 -0.00069  -0.39781 -0.00952  0.01052  -0.13388     False
   blk_core     reclasso       2000               500 all bars      common 29656 2007-09-19           0.13171       0.13687 -0.00516  -3.76854 -0.00674 -0.00398 -10.41659      True
   blk_core     reclasso       2000               500 all bars deck period  7756 2020-01-03           0.15076       0.15341 -0.00265  -1.72660 -0.00626  0.00076  -2.25557     False
   blk_core     reclasso       2000               500    11:00      common  4282 2007-09-20           0.11369       0.11821 -0.00452  -3.82400 -0.00612 -0.00284  -5.59607      True
   blk_core     reclasso       2000               500    11:00 deck period  1116 2020-01-03           0.13883       0.14186 -0.00303  -2.13466 -0.00655  0.00057  -1.68446     False
   blk_core     reclasso       2000               500    11:30      common  4282 2007-09-20           0.12040       0.12529 -0.00488  -3.89873 -0.00675 -0.00305  -5.58656      True
   blk_core     reclasso       2000               500    11:30 deck period  1116 2020-01-03           0.13832       0.14066 -0.00234  -1.66260 -0.00637  0.00149  -1.35273     False
   blk_core     reclasso       2000               500    12:00      common  4243 2007-09-20           0.12222       0.12756 -0.00534  -4.18684 -0.00745 -0.00341  -5.64690      True
   blk_core     reclasso       2000               500    12:00 deck period  1116 2020-01-03           0.13115       0.13689 -0.00574  -4.19257 -0.01047 -0.00132  -3.05846      True
   blk_core     reclasso       2000               500    12:30      common  4244 2007-09-19           0.13087       0.13615 -0.00528  -3.88079 -0.00721 -0.00314  -5.49632      True
   blk_core     reclasso       2000               500    12:30 deck period  1116 2020-01-03           0.14048       0.14403 -0.00356  -2.46945 -0.00804  0.00102  -1.83009     False
   blk_core     reclasso       2000               500    13:00      common  4244 2007-09-19           0.14605       0.15141 -0.00536  -3.54200 -0.00777 -0.00290  -4.26261      True
   blk_core     reclasso       2000               500    13:00 deck period  1116 2020-01-03           0.16504       0.16675 -0.00171  -1.02445 -0.00800  0.00526  -0.46271     False
   blk_core     reclasso       2000               500    13:30      common  4183 2007-09-19           0.14924       0.15512 -0.00588  -3.78915 -0.00799 -0.00358  -5.38112      True
   blk_core     reclasso       2000               500    13:30 deck period  1088 2020-01-03           0.16833       0.17089 -0.00256  -1.50092 -0.00788  0.00256  -1.04903     False
   blk_core     reclasso       2000               500    14:00      common  4178 2007-09-19           0.14016       0.14501 -0.00485  -3.34438 -0.00765 -0.00163  -3.23733      True
   blk_core     reclasso       2000               500    14:00 deck period  1088 2020-01-03           0.17420       0.17373  0.00048   0.27356 -0.00717  0.01110   0.10438     False
   blk_core     reclasso       2000              2000 all bars      common 29195 2007-12-21           0.13217       0.13853 -0.00636  -4.59238 -0.00794 -0.00578 -14.63112      True
   blk_core     reclasso       2000              2000 all bars deck period  7756 2020-01-03           0.15076       0.15754 -0.00678  -4.30555 -0.00964 -0.00471  -6.43998      True
   blk_core     reclasso       2000              2000    11:00      common  4216 2007-12-21           0.11413       0.11924 -0.00511  -4.28772 -0.00638 -0.00382  -7.73708      True
   blk_core     reclasso       2000              2000    11:00 deck period  1116 2020-01-03           0.13883       0.14530 -0.00647  -4.45153 -0.00915 -0.00373  -4.47354      True
   blk_core     reclasso       2000              2000    11:30      common  4216 2007-12-21           0.12056       0.12632 -0.00576  -4.55627 -0.00713 -0.00438  -7.92069      True
   blk_core     reclasso       2000              2000    11:30 deck period  1116 2020-01-03           0.13832       0.14585 -0.00752  -5.15895 -0.01026 -0.00457  -5.26483      True
   blk_core     reclasso       2000              2000    12:00      common  4178 2007-12-21           0.12266       0.12989 -0.00722  -5.56215 -0.00873 -0.00574  -9.57372      True
   blk_core     reclasso       2000              2000    12:00 deck period  1116 2020-01-03           0.13115       0.14060 -0.00945  -6.72082 -0.01198 -0.00689  -7.18368      True
   blk_core     reclasso       2000              2000    12:30      common  4178 2007-12-21           0.13165       0.13990 -0.00825  -5.89697 -0.00971 -0.00679 -10.78609      True
   blk_core     reclasso       2000              2000    12:30 deck period  1116 2020-01-03           0.14048       0.15169 -0.01121  -7.39224 -0.01368 -0.00894  -8.89113      True
   blk_core     reclasso       2000              2000    13:00      common  4178 2007-12-21           0.14606       0.15190 -0.00584  -3.84449 -0.00809 -0.00338  -5.03227      True
   blk_core     reclasso       2000              2000    13:00 deck period  1116 2020-01-03           0.16504       0.16961 -0.00456  -2.69109 -0.00993  0.00186  -1.32563     False
   blk_core     reclasso       2000              2000    13:30      common  4117 2007-12-21           0.14970       0.15562 -0.00592  -3.80487 -0.00801 -0.00367  -5.74210      True
   blk_core     reclasso       2000              2000    13:30 deck period  1088 2020-01-03           0.16833       0.17282 -0.00450  -2.60158 -0.00870 -0.00055  -2.19350      True
   blk_core     reclasso       2000              2000    14:00      common  4112 2007-12-21           0.14110       0.14754 -0.00644  -4.36617 -0.00916 -0.00333  -4.36106      True
   blk_core     reclasso       2000              2000    14:00 deck period  1088 2020-01-03           0.17420       0.17783 -0.00363  -2.04122 -0.01058  0.00696  -0.80433     False
   blk_core reclasticnet        500               500 all bars      common 40156 2001-10-11           0.12604       0.13235 -0.00631  -4.76838 -0.00855 -0.00611 -12.97028      True
   blk_core reclasticnet        500               500 all bars deck period  7756 2020-01-03           0.14797       0.15268 -0.00472  -3.08818 -0.00979 -0.00204  -2.93210      True
   blk_core reclasticnet        500               500    11:00      common  5797 2001-10-11           0.10866       0.11363 -0.00497  -4.37327 -0.00663 -0.00329  -5.79239      True
   blk_core reclasticnet        500               500    11:00 deck period  1116 2020-01-03           0.13657       0.14117 -0.00460  -3.25718 -0.00920 -0.00003  -2.04512      True
   blk_core reclasticnet        500               500    11:30      common  5799 2001-10-11           0.11389       0.12071 -0.00682  -5.64729 -0.00861 -0.00498  -7.47280      True
   blk_core reclasticnet        500               500    11:30 deck period  1116 2020-01-03           0.13221       0.14035 -0.00814  -5.80115 -0.01229 -0.00372  -3.57569      True
   blk_core reclasticnet        500               500    12:00      common  5738 2001-10-11           0.11801       0.12528 -0.00727  -5.80347 -0.00908 -0.00544  -7.89723      True
   blk_core reclasticnet        500               500    12:00 deck period  1116 2020-01-03           0.12907       0.13629 -0.00722  -5.29439 -0.01182 -0.00252  -2.91239      True
   blk_core reclasticnet        500               500    12:30      common  5738 2001-10-11           0.13187       0.13961 -0.00774  -5.54352 -0.00957 -0.00586  -8.55172      True
   blk_core reclasticnet        500               500    12:30 deck period  1116 2020-01-03           0.13108       0.14280 -0.01172  -8.20750 -0.01563 -0.00777  -5.31323      True
   blk_core reclasticnet        500               500    13:00      common  5738 2001-10-11           0.13589       0.14122 -0.00533  -3.77431 -0.00777 -0.00260  -4.03586      True
   blk_core reclasticnet        500               500    13:00 deck period  1116 2020-01-03           0.16445       0.16631 -0.00185  -1.11505 -0.01093  0.00898  -0.35252     False
   blk_core reclasticnet        500               500    13:30      common  5677 2001-10-11           0.14098       0.14734 -0.00637  -4.32095 -0.00869 -0.00407  -5.61709      True
   blk_core reclasticnet        500               500    13:30 deck period  1088 2020-01-03           0.17012       0.16945  0.00067   0.39284 -0.00669  0.00815   0.19117     False
   blk_core reclasticnet        500               500    14:00      common  5669 2001-10-11           0.13353       0.13921 -0.00569  -4.08388 -0.00833 -0.00248  -3.96324      True
   blk_core reclasticnet        500               500    14:00 deck period  1088 2020-01-03           0.17345       0.17333  0.00012   0.06684 -0.00947  0.01333   0.01998     False
   blk_core reclasticnet       2000               500 all bars      common 29656 2007-09-19           0.13152       0.13623 -0.00471  -3.45441 -0.00629 -0.00357  -9.81344      True
   blk_core reclasticnet       2000               500 all bars deck period  7756 2020-01-03           0.15058       0.15268 -0.00210  -1.37548 -0.00533  0.00115  -1.89330     False
   blk_core reclasticnet       2000               500    11:00      common  4282 2007-09-20           0.11342       0.11768 -0.00426  -3.61969 -0.00587 -0.00268  -5.36164      True
   blk_core reclasticnet       2000               500    11:00 deck period  1116 2020-01-03           0.13828       0.14117 -0.00289  -2.04550 -0.00643  0.00080  -1.63725     False
   blk_core reclasticnet       2000               500    11:30      common  4282 2007-09-20           0.12014       0.12472 -0.00458  -3.66999 -0.00637 -0.00278  -5.57024      True
   blk_core reclasticnet       2000               500    11:30 deck period  1116 2020-01-03           0.13827       0.14035 -0.00207  -1.47829 -0.00627  0.00164  -1.24594     False
   blk_core reclasticnet       2000               500    12:00      common  4243 2007-09-20           0.12243       0.12708 -0.00465  -3.65558 -0.00660 -0.00281  -5.16774      True
   blk_core reclasticnet       2000               500    12:00 deck period  1116 2020-01-03           0.13160       0.13629 -0.00469  -3.44260 -0.00889 -0.00044  -2.68227      True
   blk_core reclasticnet       2000               500    12:30      common  4244 2007-09-19           0.13076       0.13519 -0.00444  -3.28310 -0.00642 -0.00222  -4.55366      True
   blk_core reclasticnet       2000               500    12:30 deck period  1116 2020-01-03           0.14065       0.14280 -0.00215  -1.50823 -0.00649  0.00222  -1.16553     False
   blk_core reclasticnet       2000               500    13:00      common  4244 2007-09-19           0.14593       0.15064 -0.00471  -3.12888 -0.00712 -0.00207  -3.51356      True
   blk_core reclasticnet       2000               500    13:00 deck period  1116 2020-01-03           0.16560       0.16631 -0.00071  -0.42661 -0.00775  0.00791  -0.16801     False
   blk_core reclasticnet       2000               500    13:30      common  4183 2007-09-19           0.14879       0.15425 -0.00545  -3.53552 -0.00759 -0.00315  -5.06105      True
   blk_core reclasticnet       2000               500    13:30 deck period  1088 2020-01-03           0.16764       0.16945 -0.00182  -1.07339 -0.00689  0.00321  -0.78365     False
   blk_core reclasticnet       2000               500    14:00      common  4178 2007-09-19           0.13981       0.14468 -0.00487  -3.36708 -0.00743 -0.00197  -3.65838      True
   blk_core reclasticnet       2000               500    14:00 deck period  1088 2020-01-03           0.17302       0.17333 -0.00031  -0.18015 -0.00727  0.00858  -0.08553     False
   blk_core reclasticnet       2000              2000 all bars      common 29195 2007-12-21           0.13198       0.13831 -0.00633  -4.57718 -0.00794 -0.00571 -14.34753      True
   blk_core reclasticnet       2000              2000 all bars deck period  7756 2020-01-03           0.15058       0.15752 -0.00694  -4.40331 -0.00979 -0.00489  -6.30005      True
   blk_core reclasticnet       2000              2000    11:00      common  4216 2007-12-21           0.11387       0.11893 -0.00506  -4.25728 -0.00624 -0.00386  -7.80941      True
   blk_core reclasticnet       2000              2000    11:00 deck period  1116 2020-01-03           0.13828       0.14467 -0.00638  -4.41252 -0.00907 -0.00365  -4.34375      True
   blk_core reclasticnet       2000              2000    11:30      common  4216 2007-12-21           0.12030       0.12625 -0.00594  -4.70696 -0.00728 -0.00461  -8.39974      True
   blk_core reclasticnet       2000              2000    11:30 deck period  1116 2020-01-03           0.13827       0.14578 -0.00751  -5.15183 -0.01032 -0.00466  -5.28194      True
   blk_core reclasticnet       2000              2000    12:00      common  4178 2007-12-21           0.12288       0.12964 -0.00676  -5.21345 -0.00832 -0.00519  -8.77198      True
   blk_core reclasticnet       2000              2000    12:00 deck period  1116 2020-01-03           0.13160       0.14115 -0.00956  -6.77094 -0.01256 -0.00664  -6.25282      True
   blk_core reclasticnet       2000              2000    12:30      common  4178 2007-12-21           0.13154       0.13930 -0.00776  -5.57404 -0.00939 -0.00621  -9.79935      True
   blk_core reclasticnet       2000              2000    12:30 deck period  1116 2020-01-03           0.14065       0.15105 -0.01040  -6.88353 -0.01297 -0.00798  -7.56584      True
   blk_core reclasticnet       2000              2000    13:00      common  4178 2007-12-21           0.14593       0.15166 -0.00574  -3.78160 -0.00824 -0.00274  -4.06507      True
   blk_core reclasticnet       2000              2000    13:00 deck period  1116 2020-01-03           0.16560       0.16887 -0.00327  -1.93558 -0.01017  0.00542  -0.70076     False
   blk_core reclasticnet       2000              2000    13:30      common  4117 2007-12-21           0.14924       0.15556 -0.00632  -4.06233 -0.00850 -0.00398  -5.87602      True
   blk_core reclasticnet       2000              2000    13:30 deck period  1088 2020-01-03           0.16764       0.17341 -0.00578  -3.33178 -0.01069 -0.00112  -2.53424      True
   blk_core reclasticnet       2000              2000    14:00      common  4112 2007-12-21           0.14076       0.14751 -0.00675  -4.57785 -0.00927 -0.00388  -5.12236      True
   blk_core reclasticnet       2000              2000    14:00 deck period  1088 2020-01-03           0.17302       0.17861 -0.00559  -3.13178 -0.01171  0.00303  -1.49837     False
   blk_core        ridge        500               500 all bars      common 40156 2001-10-11           0.12643       0.13198 -0.00554  -4.20068 -0.00778 -0.00525 -11.25390      True
   blk_core        ridge        500               500 all bars deck period  7756 2020-01-03           0.14961       0.15188 -0.00227  -1.49585 -0.00683  0.00054  -1.40106     False
   blk_core        ridge        500               500    11:00      common  5797 2001-10-11           0.10970       0.11314 -0.00344  -3.03963 -0.00517 -0.00172  -3.78021      True
   blk_core        ridge        500               500    11:00 deck period  1116 2020-01-03           0.13830       0.13967 -0.00137  -0.98015 -0.00613  0.00378  -0.51798     False
   blk_core        ridge        500               500    11:30      common  5799 2001-10-11           0.11472       0.12049 -0.00576  -4.78256 -0.00766 -0.00393  -6.25609      True
   blk_core        ridge        500               500    11:30 deck period  1116 2020-01-03           0.13507       0.13965 -0.00458  -3.27995 -0.00897  0.00012  -2.06680     False
   blk_core        ridge        500               500    12:00      common  5738 2001-10-11           0.11845       0.12494 -0.00649  -5.19571 -0.00820 -0.00484  -7.41497      True
   blk_core        ridge        500               500    12:00 deck period  1116 2020-01-03           0.12955       0.13620 -0.00665  -4.88321 -0.01022 -0.00321  -3.27521      True
   blk_core        ridge        500               500    12:30      common  5738 2001-10-11           0.13230       0.13928 -0.00698  -5.00835 -0.00890 -0.00502  -7.43827      True
   blk_core        ridge        500               500    12:30 deck period  1116 2020-01-03           0.13083       0.14176 -0.01093  -7.70785 -0.01466 -0.00733  -5.71507      True
   blk_core        ridge        500               500    13:00      common  5738 2001-10-11           0.13651       0.14077 -0.00425  -3.02225 -0.00679 -0.00135  -3.02474      True
   blk_core        ridge        500               500    13:00 deck period  1116 2020-01-03           0.16865       0.16481  0.00385   2.33423 -0.00608  0.01465   0.66729     False
   blk_core        ridge        500               500    13:30      common  5677 2001-10-11           0.14063       0.14677 -0.00614  -4.18500 -0.00843 -0.00374  -5.24148      True
   blk_core        ridge        500               500    13:30 deck period  1088 2020-01-03           0.17080       0.16796  0.00283   1.68532 -0.00401  0.00984   0.85066     False
   blk_core        ridge        500               500    14:00      common  5669 2001-10-11           0.13326       0.13903 -0.00577  -4.15125 -0.00872 -0.00207  -3.68734      True
   blk_core        ridge        500               500    14:00 deck period  1088 2020-01-03           0.17525       0.17409  0.00116   0.66634 -0.00899  0.01673   0.18620     False
   blk_core        ridge       2000               500 all bars      common 29656 2007-09-19           0.13126       0.13564 -0.00438  -3.22856 -0.00586 -0.00332  -9.18873      True
   blk_core        ridge       2000               500 all bars deck period  7756 2020-01-03           0.15016       0.15188 -0.00173  -1.13680 -0.00517  0.00156  -1.43001     False
   blk_core        ridge       2000               500    11:00      common  4282 2007-09-20           0.11353       0.11697 -0.00344  -2.94327 -0.00502 -0.00185  -4.33504      True
   blk_core        ridge       2000               500    11:00 deck period  1116 2020-01-03           0.13920       0.13967 -0.00048  -0.34085 -0.00409  0.00343  -0.23960     False
   blk_core        ridge       2000               500    11:30      common  4282 2007-09-20           0.12017       0.12416 -0.00399  -3.21165 -0.00578 -0.00225  -4.89211      True
   blk_core        ridge       2000               500    11:30 deck period  1116 2020-01-03           0.13872       0.13965 -0.00093  -0.66925 -0.00500  0.00283  -0.56257     False
   blk_core        ridge       2000               500    12:00      common  4243 2007-09-20           0.12225       0.12668 -0.00443  -3.49540 -0.00626 -0.00264  -5.18268      True
   blk_core        ridge       2000               500    12:00 deck period  1116 2020-01-03           0.13137       0.13620 -0.00483  -3.54571 -0.00887 -0.00079  -2.84234      True
   blk_core        ridge       2000               500    12:30      common  4244 2007-09-19           0.13058       0.13468 -0.00410  -3.04462 -0.00598 -0.00201  -4.29112      True
   blk_core        ridge       2000               500    12:30 deck period  1116 2020-01-03           0.14009       0.14176 -0.00167  -1.17681 -0.00602  0.00307  -0.83330     False
   blk_core        ridge       2000               500    13:00      common  4244 2007-09-19           0.14589       0.15000 -0.00410  -2.73495 -0.00696 -0.00074  -2.47817      True
   blk_core        ridge       2000               500    13:00 deck period  1116 2020-01-03           0.16547       0.16481  0.00066   0.40179 -0.00852  0.01282   0.11708     False
   blk_core        ridge       2000               500    13:30      common  4183 2007-09-19           0.14818       0.15338 -0.00520  -3.38890 -0.00728 -0.00297  -4.96021      True
   blk_core        ridge       2000               500    13:30 deck period  1088 2020-01-03           0.16569       0.16796 -0.00227  -1.35310 -0.00721  0.00278  -0.94310     False
   blk_core        ridge       2000               500    14:00      common  4178 2007-09-19           0.13881       0.14425 -0.00543  -3.76771 -0.00784 -0.00279  -4.49385      True
   blk_core        ridge       2000               500    14:00 deck period  1088 2020-01-03           0.17148       0.17409 -0.00260  -1.49533 -0.00879  0.00533  -0.84233     False
   blk_core        ridge       2000              2000 all bars      common 29195 2007-12-21           0.13172       0.13730 -0.00558  -4.06535 -0.00706 -0.00502 -13.42676      True
   blk_core        ridge       2000              2000 all bars deck period  7756 2020-01-03           0.15016       0.15614 -0.00598  -3.83170 -0.00891 -0.00393  -5.43143      True
   blk_core        ridge       2000              2000    11:00      common  4216 2007-12-21           0.11400       0.11804 -0.00405  -3.42730 -0.00514 -0.00299  -6.83559      True
   blk_core        ridge       2000              2000    11:00 deck period  1116 2020-01-03           0.13920       0.14364 -0.00445  -3.09592 -0.00687 -0.00205  -3.33091      True
   blk_core        ridge       2000              2000    11:30      common  4216 2007-12-21           0.12034       0.12536 -0.00501  -4.00029 -0.00631 -0.00374  -7.61774      True
   blk_core        ridge       2000              2000    11:30 deck period  1116 2020-01-03           0.13872       0.14462 -0.00590  -4.08161 -0.00837 -0.00337  -4.69331      True
   blk_core        ridge       2000              2000    12:00      common  4178 2007-12-21           0.12272       0.12864 -0.00592  -4.60574 -0.00724 -0.00456  -8.71862      True
   blk_core        ridge       2000              2000    12:00 deck period  1116 2020-01-03           0.13137       0.13962 -0.00825  -5.90839 -0.01070 -0.00587  -6.62942      True
   blk_core        ridge       2000              2000    12:30      common  4178 2007-12-21           0.13137       0.13831 -0.00694  -5.01682 -0.00844 -0.00540  -8.78055      True
   blk_core        ridge       2000              2000    12:30 deck period  1116 2020-01-03           0.14009       0.14989 -0.00980  -6.53710 -0.01234 -0.00744  -7.41576      True
   blk_core        ridge       2000              2000    13:00      common  4178 2007-12-21           0.14589       0.15084 -0.00495  -3.28404 -0.00763 -0.00149  -3.19451      True
   blk_core        ridge       2000              2000    13:00 deck period  1116 2020-01-03           0.16547       0.16839 -0.00292  -1.73602 -0.01097  0.00825  -0.54757     False
   blk_core        ridge       2000              2000    13:30      common  4117 2007-12-21           0.14863       0.15407 -0.00544  -3.52807 -0.00737 -0.00339  -5.74478      True
   blk_core        ridge       2000              2000    13:30 deck period  1088 2020-01-03           0.16569       0.17037 -0.00467  -2.74370 -0.00911 -0.00043  -2.30568      True
   blk_core        ridge       2000              2000    14:00      common  4112 2007-12-21           0.13973       0.14653 -0.00680  -4.63770 -0.00916 -0.00409  -5.54788      True
   blk_core        ridge       2000              2000    14:00 deck period  1088 2020-01-03           0.17148       0.17733 -0.00585  -3.29777 -0.01157  0.00226  -1.70092     False
   blk_open     reclasso        500               500 all bars      common  9363 2006-03-02           0.12874       0.12625  0.00249   1.97565 -0.00073  0.00729   1.45769     False
   blk_open     reclasso        500               500 all bars deck period  2232 2020-01-03           0.14545       0.13543  0.01003   7.40463 -0.00104  0.02858   1.60483     False
   blk_open     reclasso        500               500    10:00      common  4681 2006-03-03           0.11140       0.10982  0.00158   1.43749 -0.00347  0.00964   0.46857     False
   blk_open     reclasso        500               500    10:00 deck period  1116 2020-01-03           0.13088       0.11628  0.01460  12.55510 -0.00330  0.04616   1.15482     False
   blk_open     reclasso        500               500    10:30      common  4682 2006-03-02           0.14608       0.14267  0.00341   2.38981  0.00060  0.00633   2.42005     False
   blk_open     reclasso        500               500    10:30 deck period  1116 2020-01-03           0.16003       0.15457  0.00546   3.52986 -0.00113  0.01417   1.38506     False
   blk_open     reclasso       2000               500 all bars      common  6363 2011-12-23           0.13124       0.12912  0.00212   1.64115 -0.00118  0.00676   1.15962     False
   blk_open     reclasso       2000               500 all bars deck period  2232 2020-01-03           0.14464       0.13543  0.00921   6.80261  0.00098  0.02151   1.98419     False
   blk_open     reclasso       2000               500    10:00      common  3181 2011-12-27           0.11447       0.11470 -0.00023  -0.20302 -0.00564  0.00729  -0.07127     False
   blk_open     reclasso       2000               500    10:00 deck period  1116 2020-01-03           0.12797       0.11628  0.01168  10.04799 -0.00064  0.03084   1.36441     False
   blk_open     reclasso       2000               500    10:30      common  3182 2011-12-23           0.14800       0.14353  0.00447   3.11443  0.00096  0.00809   2.32401     False
   blk_open     reclasso       2000               500    10:30 deck period  1116 2020-01-03           0.16131       0.15457  0.00674   4.36107 -0.00161  0.01574   1.40893     False
   blk_open     reclasso       2000              2000 all bars      common  6363 2011-12-23           0.13124       0.12791  0.00333   2.60343  0.00025  0.00780   2.00183     False
   blk_open     reclasso       2000              2000 all bars deck period  2232 2020-01-03           0.14464       0.13650  0.00814   5.96322  0.00080  0.02018   1.92168     False
   blk_open     reclasso       2000              2000    10:00      common  3181 2011-12-27           0.11447       0.11305  0.00142   1.25461 -0.00362  0.00903   0.44619     False
   blk_open     reclasso       2000              2000    10:00 deck period  1116 2020-01-03           0.12797       0.11820  0.00977   8.26529 -0.00227  0.02969   1.16547     False
   blk_open     reclasso       2000              2000    10:30      common  3182 2011-12-23           0.14800       0.14276  0.00524   3.67121  0.00271  0.00808   3.75730     False
   blk_open     reclasso       2000              2000    10:30 deck period  1116 2020-01-03           0.16131       0.15480  0.00651   4.20546  0.00144  0.01321   2.00713     False
   blk_open reclasticnet        500               500 all bars      common  9363 2006-03-02           0.12858       0.12591  0.00267   2.12107 -0.00088  0.00815   1.40286     False
   blk_open reclasticnet        500               500 all bars deck period  2232 2020-01-03           0.14706       0.13473  0.01234   9.15562 -0.00049  0.03438   1.73915     False
   blk_open reclasticnet        500               500    10:00      common  4681 2006-03-03           0.11179       0.10948  0.00231   2.10660 -0.00344  0.01185   0.59897     False
   blk_open reclasticnet        500               500    10:00 deck period  1116 2020-01-03           0.13359       0.11612  0.01747  15.04375 -0.00359  0.05519   1.19553     False
   blk_open reclasticnet        500               500    10:30      common  4682 2006-03-02           0.14537       0.14233  0.00303   2.13219  0.00038  0.00581   2.26230     False
   blk_open reclasticnet        500               500    10:30 deck period  1116 2020-01-03           0.16054       0.15334  0.00720   4.69654  0.00109  0.01576   1.95642     False
   blk_open reclasticnet       2000               500 all bars      common  6363 2011-12-23           0.12982       0.12860  0.00123   0.95423 -0.00126  0.00426   0.93180     False
   blk_open reclasticnet       2000               500 all bars deck period  2232 2020-01-03           0.14141       0.13473  0.00669   4.96191  0.00124  0.01323   2.27244     False
   blk_open reclasticnet       2000               500    10:00      common  3181 2011-12-27           0.11264       0.11425 -0.00161  -1.41103 -0.00534  0.00268  -0.82845     False
   blk_open reclasticnet       2000               500    10:00 deck period  1116 2020-01-03           0.12308       0.11612  0.00695   5.98868 -0.00025  0.01646   1.58906     False
   blk_open reclasticnet       2000               500    10:30      common  3182 2011-12-23           0.14701       0.14294  0.00407   2.84411  0.00078  0.00737   2.29426     False
   blk_open reclasticnet       2000               500    10:30 deck period  1116 2020-01-03           0.15975       0.15334  0.00642   4.18434 -0.00135  0.01376   1.51661     False
   blk_open reclasticnet       2000              2000 all bars      common  6363 2011-12-23           0.12982       0.12758  0.00224   1.75899  0.00010  0.00484   2.10868     False
   blk_open reclasticnet       2000              2000 all bars deck period  2232 2020-01-03           0.14141       0.13626  0.00516   3.78485  0.00075  0.01082   2.27600     False
   blk_open reclasticnet       2000              2000    10:00      common  3181 2011-12-27           0.11264       0.11281 -0.00017  -0.14932 -0.00365  0.00427  -0.09223     False
   blk_open reclasticnet       2000              2000    10:00 deck period  1116 2020-01-03           0.12308       0.11791  0.00517   4.38266 -0.00202  0.01498   1.24997     False
   blk_open reclasticnet       2000              2000    10:30      common  3182 2011-12-23           0.14701       0.14235  0.00466   3.27075  0.00224  0.00738   3.50796     False
   blk_open reclasticnet       2000              2000    10:30 deck period  1116 2020-01-03           0.15975       0.15461  0.00515   3.32894  0.00021  0.01063   1.74968     False
   blk_open        ridge        500               500 all bars      common  9363 2006-03-02           0.12918       0.12536  0.00383   3.05353  0.00037  0.00870   2.25413     False
   blk_open        ridge        500               500 all bars deck period  2232 2020-01-03           0.14641       0.13440  0.01202   8.94043  0.00082  0.03086   1.98596     False
   blk_open        ridge        500               500    10:00      common  4681 2006-03-03           0.11138       0.10890  0.00249   2.28336 -0.00282  0.01076   0.74039     False
   blk_open        ridge        500               500    10:00 deck period  1116 2020-01-03           0.13217       0.11582  0.01635  14.11857 -0.00193  0.04860   1.31591     False
   blk_open        ridge        500               500    10:30      common  4682 2006-03-02           0.14698       0.14181  0.00517   3.64481  0.00231  0.00782   3.91389     False
   blk_open        ridge        500               500    10:30 deck period  1116 2020-01-03           0.16065       0.15297  0.00768   5.01990  0.00192  0.01552   2.35635     False
   blk_open        ridge       2000               500 all bars      common  6363 2011-12-23           0.12990       0.12818  0.00172   1.34409 -0.00078  0.00473   1.30020     False
   blk_open        ridge       2000               500 all bars deck period  2232 2020-01-03           0.14184       0.13440  0.00745   5.54124  0.00199  0.01433   2.55267     False
   blk_open        ridge       2000               500    10:00      common  3181 2011-12-27           0.11251       0.11392 -0.00141  -1.23378 -0.00513  0.00269  -0.72092     False
   blk_open        ridge       2000               500    10:00 deck period  1116 2020-01-03           0.12310       0.11582  0.00728   6.28171  0.00016  0.01639   1.67771     False
   blk_open        ridge       2000               500    10:30      common  3182 2011-12-23           0.14729       0.14244  0.00485   3.40511  0.00157  0.00808   2.76758     False
   blk_open        ridge       2000               500    10:30 deck period  1116 2020-01-03           0.16059       0.15297  0.00762   4.98060 -0.00028  0.01531   1.79679     False
   blk_open        ridge       2000              2000 all bars      common  6363 2011-12-23           0.12990       0.12684  0.00306   2.41171  0.00083  0.00582   2.79811     False
   blk_open        ridge       2000              2000 all bars deck period  2232 2020-01-03           0.14184       0.13539  0.00646   4.76982  0.00170  0.01305   2.81878     False
   blk_open        ridge       2000              2000    10:00      common  3181 2011-12-27           0.11251       0.11221  0.00030   0.26883 -0.00288  0.00420   0.17155     False
   blk_open        ridge       2000              2000    10:00 deck period  1116 2020-01-03           0.12310       0.11764  0.00546   4.63948 -0.00104  0.01515   1.37219     False
   blk_open        ridge       2000              2000    10:30      common  3182 2011-12-23           0.14729       0.14147  0.00582   4.11079  0.00347  0.00850   4.61664     False
   blk_open        ridge       2000              2000    10:30 deck period  1116 2020-01-03           0.16059       0.15313  0.00746   4.86994  0.00287  0.01335   2.71049     False
blk_release     reclasso        500               500 all bars      common  9081 2006-04-04           0.21228       0.22568 -0.01340  -5.93812 -0.01839 -0.00911  -5.87874      True
blk_release     reclasso        500               500 all bars deck period  2174 2020-01-03           0.24992       0.27640 -0.02649  -9.58228 -0.04016 -0.01506  -4.21794      True
blk_release     reclasso        500               500    14:30      common  4541 2006-04-05           0.25772       0.28536 -0.02763  -9.68371 -0.03517 -0.02100  -7.70832      True
blk_release     reclasso        500               500    14:30 deck period  1087 2020-01-03           0.30111       0.34584 -0.04473 -12.93312 -0.06451 -0.02815  -4.84882      True
blk_release     reclasso        500               500    15:00      common  4540 2006-04-04           0.16683       0.16600  0.00083   0.50213 -0.00308  0.00487   0.39428     False
blk_release     reclasso        500               500    15:00 deck period  1087 2020-01-03           0.19873       0.20697 -0.00824  -3.98310 -0.01935  0.00324  -1.37328     False
blk_release     reclasso       2000               500 all bars      common  6081 2012-03-22           0.22267       0.23935 -0.01668  -6.96860 -0.02238 -0.01112  -5.33933      True
blk_release     reclasso       2000               500 all bars deck period  2174 2020-01-03           0.24924       0.27640 -0.02716  -9.82644 -0.04066 -0.01577  -3.69079      True
blk_release     reclasso       2000               500    14:30      common  3041 2012-03-22           0.26325       0.30418 -0.04093 -13.45434 -0.05085 -0.03228  -8.19248      True
blk_release     reclasso       2000               500    14:30 deck period  1087 2020-01-03           0.28190       0.34584 -0.06394 -18.48829 -0.08825 -0.04458  -5.31346      True
blk_release     reclasso       2000               500    15:00      common  3040 2012-03-22           0.18207       0.17449  0.00757   4.34111  0.00340  0.01225   3.21740     False
blk_release     reclasso       2000               500    15:00 deck period  1087 2020-01-03           0.21659       0.20697  0.00962   4.64732  0.00018  0.01870   2.00891     False
blk_release     reclasso       2000              2000 all bars      common  6081 2012-03-22           0.22267       0.23899 -0.01632  -6.82884 -0.02099 -0.01178  -7.12107      True
blk_release     reclasso       2000              2000 all bars deck period  2174 2020-01-03           0.24924       0.27580 -0.02656  -9.62840 -0.03634 -0.01819  -5.72621      True
blk_release     reclasso       2000              2000    14:30      common  3041 2012-03-22           0.26325       0.30010 -0.03685 -12.27930 -0.04421 -0.03015 -10.47463      True
blk_release     reclasso       2000              2000    14:30 deck period  1087 2020-01-03           0.28190       0.33436 -0.05246 -15.68915 -0.06735 -0.03983  -7.52104      True
blk_release     reclasso       2000              2000    15:00      common  3040 2012-03-22           0.18207       0.17785  0.00422   2.37125  0.00029  0.00833   2.10334     False
blk_release     reclasso       2000              2000    15:00 deck period  1087 2020-01-03           0.21659       0.21724 -0.00065  -0.30016 -0.00833  0.00687  -0.17321     False
blk_release reclasticnet        500               500 all bars      common  9081 2006-04-04           0.21050       0.22554 -0.01504  -6.66708 -0.02007 -0.01048  -6.12893      True
blk_release reclasticnet        500               500 all bars deck period  2174 2020-01-03           0.24581       0.27552 -0.02971 -10.78333 -0.04314 -0.01858  -4.55467      True
blk_release reclasticnet        500               500    14:30      common  4541 2006-04-05           0.25395       0.28527 -0.03132 -10.97892 -0.03913 -0.02391  -8.05819      True
blk_release reclasticnet        500               500    14:30 deck period  1087 2020-01-03           0.29180       0.34450 -0.05270 -15.29682 -0.07257 -0.03580  -5.56886      True
blk_release reclasticnet        500               500    15:00      common  4540 2006-04-04           0.16704       0.16580  0.00125   0.75362 -0.00256  0.00515   0.59646     False
blk_release reclasticnet        500               500    15:00 deck period  1087 2020-01-03           0.19981       0.20653 -0.00672  -3.25485 -0.01751  0.00426  -1.12832     False
blk_release reclasticnet       2000               500 all bars      common  6081 2012-03-22           0.22286       0.23905 -0.01619  -6.77346 -0.02192 -0.01091  -5.22851      True
blk_release reclasticnet       2000               500 all bars deck period  2174 2020-01-03           0.25059       0.27552 -0.02493  -9.04804 -0.03895 -0.01341  -3.43664      True
blk_release reclasticnet       2000               500    14:30      common  3041 2012-03-22           0.26246       0.30384 -0.04137 -13.61747 -0.05111 -0.03277  -8.29152      True
blk_release reclasticnet       2000               500    14:30 deck period  1087 2020-01-03           0.28365       0.34450 -0.06084 -17.66186 -0.08569 -0.04132  -5.10772      True
blk_release reclasticnet       2000               500    15:00      common  3040 2012-03-22           0.18324       0.17424  0.00900   5.16503  0.00485  0.01344   3.93809     False
blk_release reclasticnet       2000               500    15:00 deck period  1087 2020-01-03           0.21752       0.20653  0.01099   5.31975  0.00177  0.01996   2.27682     False
blk_release reclasticnet       2000              2000 all bars      common  6081 2012-03-22           0.22286       0.23894 -0.01608  -6.73099 -0.02077 -0.01168  -6.97948      True
blk_release reclasticnet       2000              2000 all bars deck period  2174 2020-01-03           0.25059       0.27597 -0.02538  -9.19644 -0.03541 -0.01672  -5.34051      True
blk_release reclasticnet       2000              2000    14:30      common  3041 2012-03-22           0.26246       0.30024 -0.03778 -12.58276 -0.04500 -0.03083 -10.53371      True
blk_release reclasticnet       2000              2000    14:30 deck period  1087 2020-01-03           0.28365       0.33455 -0.05090 -15.21430 -0.06682 -0.03674  -6.92307      True
blk_release reclasticnet       2000              2000    15:00      common  3040 2012-03-22           0.18324       0.17762  0.00562   3.16390  0.00180  0.00957   2.86724     False
blk_release reclasticnet       2000              2000    15:00 deck period  1087 2020-01-03           0.21752       0.21738  0.00014   0.06522 -0.00768  0.00755   0.03734     False
blk_release        ridge        500               500 all bars      common  9081 2006-04-04           0.21301       0.22467 -0.01166  -5.19136 -0.01629 -0.00738  -4.98227      True
blk_release        ridge        500               500 all bars deck period  2174 2020-01-03           0.25131       0.27447 -0.02316  -8.43982 -0.03498 -0.01275  -4.04662      True
blk_release        ridge        500               500    14:30      common  4541 2006-04-05           0.25713       0.28442 -0.02729  -9.59340 -0.03466 -0.02032  -7.44498      True
blk_release        ridge        500               500    14:30 deck period  1087 2020-01-03           0.30057       0.34293 -0.04237 -12.35411 -0.05999 -0.02670  -5.02084      True
blk_release        ridge        500               500    15:00      common  4540 2006-04-04           0.16888       0.16492  0.00396   2.40202  0.00005  0.00809   1.85886     False
blk_release        ridge        500               500    15:00 deck period  1087 2020-01-03           0.20205       0.20601 -0.00396  -1.92393 -0.01404  0.00623  -0.73846     False
blk_release        ridge       2000               500 all bars      common  6081 2012-03-22           0.22254       0.23791 -0.01537  -6.45979 -0.02129 -0.00987  -4.96172      True
blk_release        ridge       2000               500 all bars deck period  2174 2020-01-03           0.24914       0.27447 -0.02533  -9.23024 -0.03961 -0.01342  -3.45123      True
blk_release        ridge       2000               500    14:30      common  3041 2012-03-22           0.26150       0.30255 -0.04105 -13.56873 -0.05099 -0.03221  -8.16874      True
blk_release        ridge       2000               500    14:30 deck period  1087 2020-01-03           0.28054       0.34293 -0.06239 -18.19350 -0.08783 -0.04199  -5.13188      True
blk_release        ridge       2000               500    15:00      common  3040 2012-03-22           0.18356       0.17324  0.01032   5.95971  0.00655  0.01441   4.84911     False
blk_release        ridge       2000               500    15:00 deck period  1087 2020-01-03           0.21773       0.20601  0.01172   5.69041  0.00359  0.01973   2.64081     False
blk_release        ridge       2000              2000 all bars      common  6081 2012-03-22           0.22254       0.23726 -0.01472  -6.20381 -0.01955 -0.01002  -6.39061      True
blk_release        ridge       2000              2000 all bars deck period  2174 2020-01-03           0.24914       0.27388 -0.02474  -9.03406 -0.03548 -0.01502  -5.10692      True
blk_release        ridge       2000              2000    14:30      common  3041 2012-03-22           0.26150       0.29876 -0.03726 -12.47034 -0.04470 -0.02995 -10.33776      True
blk_release        ridge       2000              2000    14:30 deck period  1087 2020-01-03           0.28054       0.33273 -0.05219 -15.68588 -0.06822 -0.03753  -7.01546      True
blk_release        ridge       2000              2000    15:00      common  3040 2012-03-22           0.18356       0.17574  0.00783   4.45287  0.00406  0.01172   4.03577     False
blk_release        ridge       2000              2000    15:00 deck period  1087 2020-01-03           0.21773       0.21503  0.00271   1.25907 -0.00520  0.01040   0.68558     False

wrote /u/scratch/j/jamesdc1/harxhar-subsection/results/linear_subsection/moments/subsection_vs_pooled.csv

15:30 sign(s) trade with each arm's forecast (deck ridge: 1.338 mid / 0.870 crossed)
  segment    estimator  train_win  deck_days  pct_buy  Sharpe_mid  Sharpe_crossed  ridge_Sharpe_mid_same_days
  bar1600     reclasso        500        866  36.8360      1.4274          0.9588                      1.3383
  bar1600     reclasso       2000        866  40.9931      1.7008          1.2378                      1.3383
  bar1600 reclasticnet        500        866  35.7968      0.7570          0.2829                      1.3383
  bar1600 reclasticnet       2000        866  39.4919      1.8904          1.4256                      1.3383
  bar1600        ridge        500        866  38.6836      1.0880          0.6140                      1.3383
  bar1600        ridge       2000        866  40.3002      1.9128          1.4434                      1.3383
blk_close     reclasso        500        866  33.8337      1.0961          0.6201                      1.3383
blk_close     reclasso       2000        866  38.9145      1.3368          0.8665                      1.3383
blk_close reclasticnet        500        866  34.1801      1.0599          0.5854                      1.3383
blk_close reclasticnet       2000        866  39.3764      1.1636          0.6931                      1.3383
blk_close        ridge        500        866  36.4896      0.9236          0.4493                      1.3383
blk_close        ridge       2000        866  40.1848      1.4107          0.9428                      1.3383
     none     reclasso        500        866  31.0624      1.2477          0.7680                      1.3383
     none     reclasso       2000        866  39.0300      1.4643          0.9953                      1.3383
     none reclasticnet        500        866  30.2540      1.3219          0.8412                      1.3383
     none reclasticnet       2000        866  39.3764      1.6591          1.1917                      1.3383
     none        ridge        500        866  30.6005      1.2128          0.7324                      1.3383
     none        ridge       2000        866  39.0300      1.3400          0.8663                      1.3383
